smiles,label,type,pChEMBL,n_records,chembl_ids
CC(c1ccccc1)N1CC[C@H]1[C@@H](N)c1cccc(Cl)c1,0,Ki,4.97,1,CHEMBL108417
CC(C)C[C@H](NC(=O)[C@H](Cc1ccccc1)NC(=O)[C@@H]1CCCN1C(=O)CNC(=O)[C@@H](N)Cc1ccc(O)cc1)C(N)=O,0,Ki,4.81,1,CHEMBL2369407
CC(C)C[C@H](NC(=O)[C@H](Cc1ccccc1)NC(=O)[C@@H]1CCCN1C(=O)CNC(=O)[C@@H](N)Cc1ccc(O)cc1)C(=O)N[C@@H](CCCN=C(N)N)C(N)=O,0,Ki,4.71,1,CHEMBL2369394
CC[C@H](C)[C@H](NC(=O)[C@H](CCCN=C(N)N)NC(=O)[C@H](CCCN=C(N)N)NC(=O)[C@H](CC(C)C)NC(=O)[C@H](Cc1ccccc1)NC(=O)[C@@H]1CCCN1C(=O)CNC(=O)[C@@H](N)Cc1ccc(O)cc1)C(=O)N[C@@H](CCCN=C(N)N)C(=O)N1CCC[C@@H]1C(=O)N[C@@H](CCCCN)C(=O)O,0,Ki,4.82,1,CHEMBL2369393
CCCC[C@H](NC(=O)[C@H](CC(C)C)NC(=O)[C@H](Cc1ccccc1)NC(=O)[C@@H]1CCCN1C(=O)CNC(=O)[C@@H](N)Cc1ccc(O)cc1)C(=O)N[C@@H](CCCN=C(N)N)C(N)=O,0,Ki (>),4.0,1,CHEMBL2369371
Oc1ccc2c3c1O[C@H]1c4[nH]c5ccccc5c4C[C@@]4(O)[C@@H](C2)N(CC2CC2)CC[C@]314,1,EC50,8.37,14,CHEMBL567175
CC(C)C[C@H](NC(=O)[C@H](Cc1ccccc1)NC(=O)[C@@H]1CCCN1C(=O)CNC(=O)[C@@H](N)Cc1ccc(O)cc1)C(=O)N[C@@H](CCCN=C(N)N)C(=O)N[C@@H](CCCN=C(N)N)C(N)=O,0,Ki,4.9,1,CHEMBL2369391
CC[C@H](C)[C@H](NC(=O)[C@H](CCCN=C(N)N)NC(=O)[C@H](CCCN=C(N)N)NC(=O)[C@H](CC(C)C)NC(=O)[C@H](Cc1ccccc1)NC(=O)[C@@H]1CCCN1C(=O)CNC(=O)[C@@H](N)Cc1ccc(O)cc1)C(N)=O,0,Ki,4.79,1,CHEMBL2369395
CC(C)C[C@H](NC(=O)[C@H](Cc1ccccc1)NC(=O)CNC(=O)CNC(=O)[C@@H](N)Cc1ccc(O)cc1)C(=O)O,1,EC50,8.89,7,CHEMBL8234
Oc1ccc2c3c1O[C@H]1c4[nH]c5c(c4C[C@@]4(O)[C@@H](C2)N(CC2CC2)CC[C@]314)C[C@@]1(O)[C@H]2Cc3ccc(O)c4c3[C@@]1(CCN2CC1CC1)[C@H]5O4,1,EC50,6.92,19,CHEMBL1255661;CHEMBL573214
CN(C(=O)Cc1cccc2sccc12)[C@@H]1CCCC[C@H]1N1CCC[C@@H]1CO,0,Ki (>),5.0,1,CHEMBL2094047
NC(=O)[C@@H]1CCCN1C(=O)[C@H](Cc1ccccc1)NC(=O)[C@@H]1CCCN1C(=O)[C@@H](N)Cc1ccc(O)cc1,1,EC50,6.13,2,CHEMBL362991
CN1CC[C@]23c4c5ccc(O)c4O[C@H]2[C@@H](O)C=C[C@H]3[C@H]1C5,1,EC50,8.3,60,CHEMBL70
O=C(Cc1cccc2sccc12)N1CC2CCCN2[C@@H]2CCCC[C@H]21,0,Ki,4.76,1,CHEMBL555990
CN(CCc1cccc2sccc12)[C@@H]1CCCC[C@H]1N1CCCC1,0,Ki,4.84,1,CHEMBL555649
CN(Cc1cccc2occc12)C(=O)[C@@H]1CCCC[C@H]1N1CCCC1,0,Ki,4.69,1,CHEMBL545185
Nc1nc2cc3c(cc2s1)C[C@@H]1[C@@H]2CCCC[C@]32CCN1CC1CC1,1,EC50,7.14,6,CHEMBL242756
CN1CCC23c4c5ccc(O)c4OC2c2nc(N)ncc2CC3(O)C1C5,1,EC50,7.12,2,CHEMBL332947
CN1CCC23c4c5ccc(O)c4OC2c2nc(-c4ccccc4)ncc2CC3(O)C1C5,1,EC50,7.23,2,CHEMBL112656
Cc1ncc2c(n1)C1Oc3c(O)ccc4c3C13CCN(C)C(C4)C3(O)C2,1,EC50,7.14,2,CHEMBL431074
CN1CCC23c4c5ccc(O)c4OC2c2n[nH]cc2CC3(O)C1C5,1,EC50,7.71,2,CHEMBL112035
Oc1ccc2c(c1)[C@@]13CCCC[C@H]1[C@@H](C2)N(CC1CC1)CC3,1,EC50,9.1,22,CHEMBL49269
CN1CCC23c4c5ccc(O)c4OC2c2nc(O)ncc2CC3(O)C1C5,1,EC50,6.96,2,CHEMBL114803
Oc1ccc2c(c1)[C@@]13CCCC[C@H]1[C@@H](C2)N(CC1CCC1)CC3,1,EC50,8.8,25,CHEMBL301160
CN1CC[C@]23c4c5ccc(O)c4O[C@H]2c2[nH]c4ccccc4c2C[C@@]3(CCCc2ccccc2)C1C5,1,EC50,7.67,2,CHEMBL2113380
C[C@@H](NC(=O)[C@@H](N)Cc1ccc(O)cc1)C(=O)NCC(=O)N(C)[C@@H](Cc1ccccc1)C(=O)NCCO,1,EC50,9.68,99,CHEMBL38874
CN1CC[C@]23c4c5ccc(O)c4O[C@H]2c2[nH]c4ccccc4c2C[C@@]3(NC(=O)Cc2ccccc2)C1C5,1,EC50,7.02,2,CHEMBL2113379
CCCCN[C@@]12Cc3c([nH]c4ccccc34)[C@@H]3Oc4c(O)ccc5c4[C@@]31CCN(C)C2C5,1,EC50,6.57,2,CHEMBL2113377
CCN[C@@]12Cc3c([nH]c4ccccc34)[C@@H]3Oc4c(O)ccc5c4[C@@]31CCN(C)C2C5,1,EC50,6.74,2,CHEMBL2113383
CN1CC[C@]23c4c5ccc(O)c4O[C@H]2c2[nH]c4ccccc4c2C[C@@]3(NCCCc2ccccc2)C1C5,1,EC50,7.35,2,CHEMBL2113378
CCCCCCC(=O)N[C@@]12Cc3c([nH]c4ccccc34)[C@@H]3Oc4c(O)ccc5c4[C@@]31CCN(C)C2C5,1,EC50,7.29,2,CHEMBL2113372
CN1CC[C@]23c4c5ccc(O)c4O[C@H]2c2[nH]c4ccccc4c2C[C@@]3(NCCc2ccccc2)C1C5,1,EC50,8.27,2,CHEMBL2113382
CN(C(=O)Cc1ccccc1)[C@H]1CC[C@@]2(CCCO2)C[C@@H]1N1CCCC1,0,EC50 (>),5.0,3,CHEMBL440765
O=C1CC[C@@]2(O)[C@H]3Cc4ccc(O)c5c4[C@@]2(CCN3CC2CC2)[C@H]1O5,1,EC50,9.42,54,CHEMBL19019
CC1(C)SSC(C)(C)[C@@H](NC(=O)[C@@H](N)Cc2ccc(O)cc2)C(=O)NCC(=O)N[C@@H](Cc2ccccc2)C(=O)N[C@H]1C(=O)O,0,EC50 (>),5.0,7,CHEMBL31421;CHEMBL5087624
CN1CC[C@]23c4c5ccc(O)c4O[C@H]2c2[nH]c4ccccc4c2C[C@@]3(NC(=O)CCc2ccccc2)C1C5,1,EC50,8.28,2,CHEMBL2113373
CCCCC(=O)N[C@@]12Cc3c([nH]c4ccccc34)[C@@H]3Oc4c(O)ccc5c4[C@@]31CCN(C)C2C5,1,EC50,6.83,2,CHEMBL2113381
COc1ccc2c3c1O[C@H]1C(=O)CC[C@@]4(NC(=O)/C=C/c5ccc(Cl)cc5)[C@@H](C2)N(CC2CC2)CC[C@]314,1,EC50,7.75,6,CHEMBL386272
C=CCN1CCC(N(c2ccccc2)c2ccc(C(=O)N(CC)CC)cc2)CC1,0,Ki,4.94,1,CHEMBL13403
CCN(CC)C(=O)c1ccc(N(c2ccccc2)C2CCNCC2)cc1,0,Ki (>),5.0,1,CHEMBL66755
O=C1CC[C@@]2(OCCCc3ccccc3)[C@H]3Cc4cccc5c4C2(CCN3CC2CC2)C1O5,1,EC50,8.01,1,CHEMBL321170
COc1ccc2c(c1O)[C@]13CCN(C)C(C2)[C@@]12C/C(=C\c1ccccc1)[C@@H]3c1[nH]c3ccccc3c1C2,1,EC50,7.35,2,CHEMBL108608
COc1cccc2c1C13CCN(CC4CC4)[C@H](C2)[C@]1(OCCCc1ccccc1)CCC(=O)C3,1,EC50,8.71,1,CHEMBL110640
COc1ccc2c(c1O)[C@]13CCN(C)C(C2)[C@]12CCC(=O)[C@H]3/C(=C/c1ccccc1)C2,1,EC50,8.17,2,CHEMBL109040
O=C1CC[C@@]2(OCCCc3ccccc3)[C@H]3Cc4cccc(O)c4C2(CCN3CC2CC2)C1,1,EC50,8.46,1,CHEMBL325347
COc1ccc2c(c1O)[C@]13CCN(C)C(C2)[C@@]12C/C(=C(/C)c1ccccc1)[C@@H]3c1[nH]c3ccccc3c1C2,1,EC50,6.86,2,CHEMBL107420
COc1ccc2c(c1O)[C@]13CCN(C)C(C2)[C@]12CCC(=O)[C@H]3/C(=C(\C)c1ccccc1)C2,1,EC50,7.82,2,CHEMBL110124
COc1cccc2c1[C@]13CCN(CC4CC4)[C@H](C2)[C@]1(OC)CCC(=O)C3,1,EC50,7.69,2,CHEMBL322796
CN1CC[C@]23c4c5ccc(O)c4O[C@@]2(C)c2[nH]c4ccccc4c2C[C@@]3(C/C=C/c2ccccc2)C1C5,1,EC50,6.09,2,CHEMBL110461
CCCCOc1cccc2c1C13CCN(CC4CC4)[C@H](C2)[C@]1(OC)CCC(=O)C3,0,EC50 (>),5.0,1,CHEMBL326860
COC(=O)C1=C(C)NC(=O)N(C(=O)NCCCN2CCN(c3ccccc3C(N)=O)CC2)C1c1ccc(F)c(F)c1,0,Ki (>),4.52,1,CHEMBL145394
O=C(/C=C/C(=O)Oc1ccc2c(c1)[C@@]13CCCC[C@H]1[C@@H](C2)N(CC1CCC1)CC3)Oc1ccc2c(c1)[C@@]13CCCC[C@H]1[C@@H](C2)N(CC1CCC1)CC3,1,EC50,8.54,5,CHEMBL146756
O=C(CCCCCCC(=O)Oc1ccc2c(c1)[C@@]13CCCC[C@H]1[C@@H](C2)N(CC1CCC1)CC3)Oc1ccc2c(c1)[C@@]13CCCC[C@H]1[C@@H](C2)N(CC1CCC1)CC3,1,EC50,8.0,2,CHEMBL405131
COC(=O)CCCCCCCCC(=O)Oc1ccc2c(c1)[C@@]13CCCC[C@H]1[C@@H](C2)N(CC1CCC1)CC3,1,EC50,8.1,2,CHEMBL357334
O=C(CCCCCCCCC(=O)Oc1ccc2c(c1)[C@@]13CCCC[C@H]1[C@@H](C2)N(CC1CCC1)CC3)Oc1ccc2c(c1)[C@@]13CCCC[C@H]1[C@@H](C2)N(CC1CCC1)CC3,1,EC50,8.89,9,CHEMBL147511
O=C(CCC(=O)Oc1ccc2c(c1)[C@@]13CCCC[C@H]1[C@@H](C2)N(CC1CCC1)CC3)Oc1ccc2c(c1)[C@@]13CCCC[C@H]1[C@@H](C2)N(CC1CCC1)CC3,1,EC50,8.13,2,CHEMBL433697
O=C(CCCCCCCC(=O)Oc1ccc2c(c1)[C@@]13CCCC[C@H]1[C@@H](C2)N(CC1CCC1)CC3)Oc1ccc2c(c1)[C@@]13CCCC[C@H]1[C@@H](C2)N(CC1CCC1)CC3,1,EC50,7.96,2,CHEMBL346436
CCN(C)C1CCCc2ccncc21,0,Ki (>),5.0,1,CHEMBL1794855
CC(C)[C@@H](CN1CC[C@@](C)(c2cccc(O)c2)[C@@H](C)C1)NC(=O)[C@H]1Cc2ccc(O)cc2CN1,1,EC50,6.92,4,CHEMBL415247
Fc1ccc(N2CCN(Cc3c[nH]c4ncccc34)CC2)cc1,0,Ki (>),5.0,1,CHEMBL28997
COc1ccccc1N1CCN(Cc2c[nH]c3ncccc23)CC1,0,Ki (>),5.0,1,CHEMBL435949
CCCc1ccc(N2CCN(Cc3c[nH]c4ncccc34)CC2)cc1,0,Ki (>),5.0,1,CHEMBL28833
Fc1ccccc1N1CCN(Cc2c[nH]c3ncccc23)CC1,0,Ki (>),5.0,1,CHEMBL282424
COc1ccc(N2CCN(Cc3c[nH]c4ncccc34)CC2)cc1,0,Ki (>),5.0,1,CHEMBL28607
C=Cc1ccc(N2CCN(Cc3c[nH]c4ncccc34)CC2)cc1,0,Ki (>),5.0,1,CHEMBL29808
CSc1ccc(N2CCN(Cc3c[nH]c4ncccc34)CC2)cc1,0,Ki (>),5.0,1,CHEMBL28651
c1ccc(-c2ccc(N3CCN(Cc4c[nH]c5ncccc45)CC3)cc2)cc1,0,Ki (>),5.0,1,CHEMBL287671
FC(F)(F)c1ccc(N2CCN(Cc3c[nH]c4ncccc34)CC2)cc1,0,Ki (>),5.0,1,CHEMBL283036
Clc1ccc(N2CCN(Cc3c[nH]c4ncccc34)CC2)cc1,0,Ki (>),5.0,1,CHEMBL267014
CCc1ccc(N2CCN(Cc3c[nH]c4ncccc34)CC2)cc1,0,Ki (>),5.0,1,CHEMBL282829
CN(C(=O)Cc1ccc(Cl)c(Cl)c1)C1CCCCC1N1CCCC1,0,EC50 (>),4.49,4,CHEMBL290543;CHEMBL6067648
O=C1Cc2cccc(c2)OCCCCNCCN1,0,Ki (>),5.0,1,CHEMBL353264
CCC(=O)N(c1ccccc1)C1CCN(CCc2ccccc2)CC1,1,EC50,9.68,19,CHEMBL596
CN(C(=O)Cc1c(OCCN2CCCC2)ccc2ccccc12)C1CCCCC1,0,Ki (>),5.0,1,CHEMBL353654
O=C1NCN(c2ccccc2)C12CCN(C1CCc3c(Cl)ccc(Cl)c3C1)CC2,1,EC50,6.51,2,CHEMBL283480
COc1ccc2c3c1O[C@H]1c4c(c(-c5ccccc5)cn4Cc4ccccc4)C[C@@]4(O)C(C2)N(C)CC[C@]314,0,Ki (>),5.0,1,CHEMBL356186
Cc1cc(O)cc(C)c1C[C@H](N)C(=O)N1Cc2ccccc2C[C@H]1CNC(=O)c1ccccc1,1,EC50,6.96,1,CHEMBL309307
Cc1cc(O)cc(C)c1C[C@H](N)C(=O)N1Cc2ccccc2C[C@H]1CNC(=O)Nc1ccccc1,1,EC50,7.73,1,CHEMBL80463
Cc1cc(O)cc(C)c1C[C@H](N)C(=O)N1Cc2ccccc2C[C@H]1CNCc1ccccc1,1,EC50,7.43,1,CHEMBL77001
O=C1Cc2ccccc2N1C1CCN(C2CCCCCCC2)CC1,1,EC50,7.0,4,CHEMBL101454
O=C1Cc2ccccc2N1C1CCN(C2C3CCCC2CCC3)CC1,1,EC50,7.54,3,CHEMBL102900
CN1CCC(C#N)(c2ccc(Cl)cc2)CC1,0,Ki,4.43,1,CHEMBL540360
CN1CCC(C#N)(c2ccc(I)cc2)CC1,0,Ki,4.76,1,CHEMBL536037
Cc1ccc(C2(C#N)CCN(C)CC2)cc1,0,Ki,4.39,1,CHEMBL536034
CN1CCC(C#N)(c2ccc(Cl)c(Cl)c2)CC1,0,Ki,4.4,1,CHEMBL557576
CN1CCC(C#N)(c2ccc3ccccc3c2)CC1,0,Ki,4.81,1,CHEMBL536265
O=S1(=O)NCc2ccccc2N1C1CCN(Cc2ccc3ccccc3c2)CC1,0,EC50 (>),5.0,2,CHEMBL184865
CC(C)C1CCC(N2CCC(N3c4ccccc4CNS3(=O)=O)CC2)CC1,1,EC50,6.21,5,CHEMBL184127
CCCCN1Cc2ccccc2N(C2CCN(C3CCC(C(C)C)CC3)CC2)S1(=O)=O,0,EC50 (>),5.0,2,CHEMBL186773
O=S1(=O)NCc2ccccc2N1C1CCN(CCC(c2ccccc2)c2ccccc2)CC1,1,EC50,6.1,2,CHEMBL362160
CC(C)C1CCC(N2CCC(N3c4ccccc4CN(CC(N)=O)S3(=O)=O)CC2)CC1,1,EC50,6.26,2,CHEMBL186822
CC(C)C1CCC(N2CCC(N3c4ccccc4CN(CC#N)S3(=O)=O)CC2)CC1,1,EC50,6.46,2,CHEMBL185415
[O-][N+]1(Cc2ccc3ccccc3c2)CCC(O)(c2ccc(Cl)c(C(F)(F)F)c2)CC1,0,Ki (>),5.0,1,CHEMBL187083
[O-][N+]1(CCC(c2ccccc2)c2ccccc2)CCC(O)(c2ccc(Cl)c(C(F)(F)F)c2)CC1,0,Ki (>),5.0,1,CHEMBL185706
N#Cc1ccc(CN2CCC(O)(c3ccc(Cl)c(C(F)(F)F)c3)CC2)cc1,0,Ki (>),5.0,1,CHEMBL321685
CO[C@H]1Cc2ccc(O)cc2C(C)(C)[C@@H]1N,1,EC50,6.63,2,CHEMBL187635
C=C(C)C(=O)O[C@H]1C[C@@H](C(=O)OC)[C@]2(C)CC[C@H]3C(=O)O[C@H](c4ccoc4)C[C@]3(C)[C@H]2C1=O,0,Ki,6.58,2,CHEMBL370912
COC(=O)C(=O)O[C@H]1C[C@@H](C(=O)OC)[C@]2(C)CC[C@H]3C(=O)O[C@H](c4ccoc4)C[C@]3(C)[C@H]2C1=O,0,Ki (>),5.0,1,CHEMBL360404
COC(=O)[C@@H]1C[C@H](OC(=O)c2ccccc2)C(=O)[C@H]2[C@@]1(C)CC[C@H]1C(=O)O[C@H](c3ccoc3)C[C@]21C,1,EC50,7.4,7,CHEMBL363324
COC(=O)[C@@H]1C[C@H](O[Si](C)(C)C)C(=O)[C@H]2[C@@]1(C)CC[C@H]1C(=O)O[C@H](c3ccoc3)C[C@]21C,0,Ki (>),5.0,1,CHEMBL427337
COC(=O)[C@@H]1C[C@H](OC(C)=O)C(=O)[C@H]2[C@@]1(C)CC[C@H]1C(=O)O[C@H](c3ccoc3)C[C@]21C,0,EC50 (>),5.0,5,CHEMBL445332
COC(=O)[C@@H]1C[C@H](O)[C@H](O)[C@@H]2[C@@]3(C)C[C@@H](c4ccoc4)OC(=O)[C@H]3CC[C@]21C,0,Ki (>),5.0,1,CHEMBL188791
COC(=O)[C@@H]1C[C@H](OC(C)=O)[C@H](OC(C)=O)[C@H]2[C@@]1(C)CC[C@H]1C(=O)O[C@H](c3ccoc3)C[C@]21C,0,Ki (>),5.0,1,CHEMBL363482
COC(=O)[C@@H]1C[C@H](OC(=N)C(Cl)(Cl)Cl)C(=O)[C@H]2[C@@]1(C)CC[C@H]1C(=O)O[C@H](c3ccoc3)C[C@]21C,0,Ki (>),5.0,1,CHEMBL190902
COC(=O)[C@@H]1C[C@H](OC(=O)Nc2ccccc2)C(=O)[C@H]2[C@@]1(C)CC[C@H]1C(=O)O[C@H](c3ccoc3)C[C@]21C,1,EC50,6.23,2,CHEMBL190785
NC(=O)c1ccc2c3c1O[C@H]1C(=O)CC[C@@]4(O)[C@@H](C2)N(CC2CC2)CC[C@]314,1,EC50,8.31,5,CHEMBL56695
NC(=O)c1ccc2c(c1O)[C@]13CCN(CC4CCC4)[C@H](C2)[C@]1(O)CCC(=O)C3,1,EC50,9.0,10,CHEMBL370029
COc1ccc(NC(=O)N2CCN(c3ccc(Cl)cc3)CC2)cc1N1CCN(C)CC1,0,Ki (>),5.0,1,CHEMBL372453
COc1ccc(NC(=O)N2CCN(c3ccc(F)cc3)CC2)cc1N1CCN(C)CC1,0,Ki (>),5.0,1,CHEMBL194206
COc1ccc(NC(=O)N2CCN(c3ccc(-c4ccccc4)cc3)CC2)cc1N1CCN(C)CC1,0,Ki (>),5.0,1,CHEMBL197408
COc1ccc(NC(=O)N2CCN(c3ccc(C(F)(F)F)cc3)CC2)cc1N1CCN(C)CC1,0,Ki (>),5.0,1,CHEMBL196598
COc1ccc(NC(=O)N2CCN(c3ccc(SC)cc3)CC2)cc1N1CCN(C)CC1,0,Ki (>),5.0,1,CHEMBL197796
COc1ccccc1N1CCC(C(=O)Nc2ccc(OC)c(N3CCN(C)CC3)c2)CC1,0,Ki (>),5.0,1,CHEMBL195927
COc1ccc(NC(=O)c2ccc(-c3ccc(-c4noc(C)n4)cc3C)cc2)cc1N1CCN(C)CC1,0,Ki (>),5.0,1,CHEMBL15928
COc1ccc(NC(=O)N2CCN(c3ccccc3OC)CC2)cc1N1CCN(C)CC1,0,Ki (>),5.0,1,CHEMBL196370
COc1ccc(NC(=O)N2CCN(c3ccccc3Cl)CC2)cc1N1CCN(C)CC1,0,Ki (>),5.0,1,CHEMBL370128
COc1ccc(NC(=O)N2CCN(c3ccccc3F)CC2)cc1N1CCN(C)CC1,0,Ki (>),5.0,1,CHEMBL196169
Cn1c(=O)cnn(CCCCN2CCN(c3cccc4ccc(O[11CH3])cc34)CC2)c1=O,0,Ki (>),5.0,1,CHEMBL199824
O=C(O)CCCCCCCCC(=O)Oc1ccc2c(c1)[C@@]13CCCCC1[C@@H](C2)N(CC1CCC1)CC3,1,EC50,8.52,2,CHEMBL383320
CN(C)C[C@H]1CCCC[C@]1(O)c1cccc(O)c1,1,EC50,6.62,6,CHEMBL1400
COC(=O)[C@@H]1C[C@H](OC(C)=O)C(=O)[C@H]2[C@@]1(C)CC[C@H]1C(=O)O[C@H](c3ccn(S(C)(=O)=O)c3)C[C@]21C,0,Ki (>),5.0,1,CHEMBL206044
COC(=O)c1coc([C@@H]2C[C@]3(C)[C@H]4C(=O)[C@@H](OC(C)=O)C[C@@H](C(=O)OC)[C@]4(C)CC[C@H]3C(=O)O2)n1,0,Ki (>),5.0,1,CHEMBL377182
COC(=O)[C@@H]1C[C@H](OC(C)=O)C(=O)[C@H]2[C@@]1(C)CC[C@H]1C(=O)O[C@H](c3ccn(S(=O)(=O)c4ccc(OC)cc4)c3)C[C@]21C,0,Ki (>),5.0,1,CHEMBL378314
COC(=O)[C@@H]1C[C@H](OC(C)=O)C(=O)[C@H]2[C@@]1(C)CC[C@H]1C(=O)O[C@H](c3ccn(S(=O)(=O)c4ccccc4)c3)C[C@]21C,0,Ki (>),5.0,1,CHEMBL210775
NC(=O)[C@H](Cc1ccccc1)NC(=O)[C@H](Cc1ccccc1)NC(=O)[C@@H]1CCCN1C(=O)[C@@H](N)Cc1ccc(O)cc1,1,EC50,8.81,12,CHEMBL333357
CN(C)CCc1nnc(-c2ccc(C(C)(C)C)cc2)n1-c1cccc(O)c1,0,Ki (>),5.0,1,CHEMBL377786
CN(C)Cc1nnc(-c2ccc(C(C)(C)C)cc2)n1-c1cccc(O)c1,0,Ki (>),5.0,1,CHEMBL212375
CN(C)Cc1nnc(-c2cccc(C(C)(C)C)c2)n1-c1cccc(O)c1,0,Ki (>),5.0,1,CHEMBL211226
CN1CCN(c2nnc(-c3ccc(C(C)(C)C)cc3)n2-c2cccc(O)c2)CC1,0,Ki (>),5.0,1,CHEMBL211669
CN(C)c1nnc(-c2ccc(C(C)(C)C)cc2)n1-c1ccc(O)cc1,0,Ki (>),5.0,1,CHEMBL1162931
CN(C)c1nnc(-c2ccc3ccccc3c2)n1-c1cccc(O)c1,0,Ki (>),5.0,1,CHEMBL377643
CN(C)c1nnc(-c2ccc(-c3ccccc3)cc2)n1-c1cccc(O)c1,0,Ki (>),5.0,1,CHEMBL212368
CN(C)c1nnc(-c2cccc(-c3ccccc3)c2)n1-c1cccc(O)c1,0,Ki (>),5.0,1,CHEMBL209152
CN(C)c1nnc(-c2cccc(C(C)(C)C)c2)n1-c1cccc(O)c1,0,Ki (>),5.0,1,CHEMBL377357
COc1cccc(-n2c(-c3ccc(C(C)(C)C)cc3)nnc2N(C)C)c1,0,Ki (>),5.0,1,CHEMBL211673
Oc1cccc(-n2cnnc2-c2ccc3ccccc3c2)c1,0,Ki (>),5.0,1,CHEMBL379717
Oc1cccc(-n2cnnc2-c2ccc(-c3ccccc3)cc2)c1,0,Ki (>),5.0,1,CHEMBL208801
CC(C)(C)c1ccc(-c2nncn2-c2cccc(O)c2)cc1,0,Ki (>),5.0,1,CHEMBL211284
COc1cccc(-n2cnnc2-c2ccc(C(C)(C)C)cc2)c1,0,Ki (>),5.0,1,CHEMBL212510
COc1cccc(-n2cnnc2-c2cccc(C(C)(C)C)c2)c1,0,Ki (>),5.0,1,CHEMBL379092
COc1ccc2c3c1O[C@H]1C(=O)CC[C@@]4(NC(=O)/C=C/c5ccc(Cl)cc5)[C@@H](C2)N(C)CC[C@]314,1,EC50,9.05,2,CHEMBL607069
CN1CC[C@]23c4c5cccc4O[C@H]2C(=O)CC[C@@]3(NC(=O)/C=C/c2ccccc2Cl)[C@H]1C5,1,EC50,10.4,3,CHEMBL2113666
COc1ccc2c3c1O[C@H]1C(=O)CC[C@@]4(NC(=O)/C=C/c5ccccc5C)[C@@H](C2)N(C)CC[C@]314,1,EC50,9.3,2,CHEMBL607017
COc1ccc2c3c1O[C@H]1C(=O)CC[C@@]4(NC(=O)/C=C/c5ccccc5Cl)[C@@H](C2)N(C)CC[C@]314,1,EC50,9.3,2,CHEMBL607016
COc1ccc2c3c1O[C@H]1C(=O)CC[C@@]4(NC(=O)/C=C/c5ccc(C)cc5)[C@@H](C2)N(C)CC[C@]314,1,EC50,8.6,2,CHEMBL607127
COc1ccc2c3c1O[C@H]1C(=O)CC[C@@]4(NC(=O)/C=C/c5ccccc5C)[C@@H](C2)N(CC2CC2)CC[C@]314,1,EC50,8.59,1,CHEMBL611400
COc1ccc2c3c1O[C@H]1C(=O)CC[C@@]4(NC(=O)/C=C/c5ccccc5Cl)[C@@H](C2)N(CC2CC2)CC[C@]314,1,EC50,8.42,1,CHEMBL611139
Cc1ccccc1/C=C/C(=O)N[C@@]12CCC(=O)[C@@H]3Oc4c(O)ccc5c4[C@@]31CCN(C)[C@@H]2C5,1,EC50,10.4,2,CHEMBL607125
Cc1cc(O)cc(C)c1C[C@H](N)C(=O)N1Cc2ccccc2C[C@H]1C(=O)NCCC(=O)Oc1ccc2c(c1)[C@@]13CCCC[C@H]1[C@@H](C2)N(CC1CCC1)CC3,1,EC50,8.05,3,CHEMBL373984
C[C@H]1C2Cc3ccc(C(N)=O)cc3[C@@]1(C)CCN2CC1CC1,1,EC50,8.57,6,CHEMBL58646
C[C@H]1[C@@H]2CC[C@@H](c3ccccc3)CN2CC[C@@]1(C)c1cccc(O)c1,1,EC50,7.28,2,CHEMBL438821
C=CCN1CC[C@]23c4c5ccc(OC(=O)CCCCCCCCC(=O)Oc6ccc7c(c6)[C@@]68CCCCC6[C@@H](C7)N(CC6CCC6)CC8)c4O[C@H]2C(=O)CC[C@@]3(O)[C@H]1C5,1,EC50,8.7,2,CHEMBL2113275
O=C(CCCCCCCCC(=O)Oc1ccc2c3c1O[C@H]1C(=O)CC[C@@]4(O)[C@@H](C2)N(CC2CC2)CC[C@]314)Oc1ccc2c(c1)[C@@]13CCCCC1[C@@H](C2)N(CC1CCC1)CC3,1,EC50,8.36,2,CHEMBL224014
Oc1ccc2c3c1O[C@H]1[C@@H](O)CC[C@@]4(O)[C@@H](C2)N(CC2CCC2)CC[C@]314,1,EC50,7.85,13,CHEMBL895
Nc1nc2c(s1)C[C@H]1[C@H]3Cc4ccc(O)cc4[C@@]1(CCN3CC1CCC1)C2,1,EC50,8.59,3,CHEMBL376355
Nc1nc2c(s1)C[C@H]1[C@H]3Cc4ccc(O)cc4[C@@]1(CCN3CC1CC1)C2,1,EC50,9.4,4,CHEMBL226217;CHEMBL3086304
CN1CC[C@]23Cc4nc(N)sc4C[C@H]2[C@H]1Cc1ccc(O)cc13,1,EC50,6.85,2,CHEMBL226167
Oc1ccc2c(c1)[C@]13CCN(CC4CCC4)[C@H](C2)[C@@H]1Cc1c([nH]c2ccccc12)C3,1,EC50,6.96,2,CHEMBL375504
Oc1ccc2c(c1)[C@]13CCN(CC4CC4)[C@H](C2)[C@@H]1Cc1c([nH]c2ccccc12)C3,1,EC50,7.04,3,CHEMBL226166
COc1ccc2c(c1)[C@]13CCN(CC4CC4)[C@H](C2)[C@@H]1Cc1c([nH]c2ccccc12)C3,1,EC50,8.77,3,CHEMBL226113
C=Cc1c(-c2ccccc2)nn(CCCC)c(=O)c1N,0,Ki (>),5.0,1,CHEMBL227079
O=C(NCc1ccccc1)Oc1ccc2c(c1)C13CCCCC1C(C2)N(CC1CCC1)CC3,1,EC50,8.15,3,CHEMBL394624
O=C(Nc1ccccc1)Oc1ccc2c(c1)C13CCCCC1C(C2)N(CC1CCC1)CC3,1,EC50,8.89,3,CHEMBL242048
CCNC(=O)Oc1ccc2c(c1)C13CCCCC1C(C2)N(CC1CCC1)CC3,1,EC50,7.41,2,CHEMBL242047
CNC(=O)Oc1ccc2c(c1)C13CCCCC1C(C2)N(CC1CCC1)CC3,1,EC50,7.96,2,CHEMBL242046
O=C(NCc1ccccc1)Oc1ccc2c(c1)C13CCCCC1C(C2)N(CC1CC1)CC3,1,EC50,8.66,3,CHEMBL263096
O=C(Nc1ccccc1)Oc1ccc2c(c1)C13CCCCC1C(C2)N(CC1CC1)CC3,1,EC50,9.36,3,CHEMBL397035
CCNC(=O)Oc1ccc2c(c1)C13CCCCC1C(C2)N(CC1CC1)CC3,1,EC50,8.62,3,CHEMBL427862
CNC(=O)Oc1ccc2c(c1)C13CCCCC1C(C2)N(CC1CC1)CC3,1,EC50,7.85,2,CHEMBL241824
CNC(=O)Oc1ccc2c(c1)C13CCCCC1C(C2)N(C)CC3,1,EC50,7.3,2,CHEMBL245049
c1ccc(COC2(c3ccccc3)CCN(C(c3ccccc3)c3ccccc3)CC2)cc1,0,Ki,4.67,1,CHEMBL229018
COC(=O)C(c1ccccc1)N1CCC(O)(c2ccccc2)CC1,0,Ki,4.22,1,CHEMBL228736
N[C@@H](Cc1ccc(O)cc1)C(=O)N[C@@H]1C/C=C\C[C@H](C(=O)O)NC(=O)[C@H](Cc2ccccc2)NC(=O)CNC1=O,1,EC50,8.63,1,CHEMBL375025
N[C@@H](Cc1ccc(O)cc1)C(=O)N[C@@H]1C/C=C/C[C@H](C(=O)O)NC(=O)[C@H](Cc2ccccc2)NC(=O)CNC1=O,1,EC50,8.58,1,CHEMBL229440
N#Cc1cc(F)cc(C#Cc2csc(CF)n2)c1,0,Ki (>),5.0,1,CHEMBL229429
COC(=O)[C@@H]1C[C@H](O)C(=O)[C@H]2[C@@]1(C)CC[C@H]1C(=O)O[C@H](c3ccoc3)C[C@]21C,0,Ki (>),5.0,3,CHEMBL424698
COC(=O)[C@@H]1C[C@H](OC(C)=O)C(=O)[C@H]2[C@@]1(C)CC[C@H]1C(=O)O[C@H]([C@@H]3C[C@@H](OC)O[C@H]3OC)C[C@]21C,0,Ki (>),5.0,1,CHEMBL226785
COC(=O)[C@@H]1C[C@H](OC(C)=O)C(=O)[C@H]2[C@@]1(C)CC[C@H]1C(=O)O[C@H]([C@@H]3C[C@@H](OC)O[C@@H]3OC)C[C@]21C,0,Ki (>),5.0,1,CHEMBL226784
COC(=O)[C@@H]1C[C@H](OC(C)=O)C(=O)[C@@H]2[C@@]3(C)C[C@@H](c4nc(C)no4)OC(=O)[C@H]3CC[C@]21C,0,Ki (>),5.0,1,CHEMBL226731
COC(=O)[C@@H]1C[C@H](OC(C)=O)C(=O)[C@H]2[C@@]1(C)CC[C@H]1C(=O)O[C@H](c3nc(C)no3)C[C@]21C,0,Ki,6.37,2,CHEMBL210564
COC(=O)[C@@H]1C[C@H](OC(C)=O)C(=O)[C@H]2[C@@]1(C)CC[C@H]1C(=O)O[C@H](C3=NCCO3)C[C@]21C,0,Ki (>),5.0,1,CHEMBL387772
COC(=O)[C@@H]1C[C@H](OC(C)=O)C(=O)[C@H]2[C@@]1(C)CC[C@H]1C(=O)OCC[C@]21C,0,Ki (>),5.0,1,CHEMBL226730
COC(=O)[C@@H]1C[C@H](OC(C)=O)C(=O)[C@@H]2[C@@](C)(CCC3CCOC3)[C@H](C(=O)O)CC[C@]21C,0,Ki (>),5.0,1,CHEMBL226677
COC(=O)[C@@H]1C[C@H](OC(C)=O)C(=O)[C@H]2[C@@]1(C)CC[C@H]1C(=O)O[C@H](C3=CC(OC)OC3OC)C[C@]21C,0,Ki (>),5.0,1,CHEMBL387557
COC(=O)[C@@H]1C[C@H](OC(C)=O)C(=O)[C@H]2[C@@]1(C)CC[C@H]1C(=O)OC([C@]3(O)[C@@H](OC)O[C@@H](OC)[C@H]3OC(C)=O)C[C@]21C,0,Ki (>),5.0,1,CHEMBL226727
COC(=O)[C@@H]1C[C@H](OC(C)=O)C(=O)[C@@H]2[C@@]3(C)C[C@@H]([C@]4(O)[C@@H](OC)O[C@@H](OC)[C@H]4O)CC(=O)[C@@H]3CC[C@]21C,0,Ki (>),5.0,1,CHEMBL2113369
COC(=O)[C@@H]1C[C@H](OC(C)=O)C(=O)[C@H]2[C@@]1(C)CC[C@H]1C(=O)OC([C@]3(O)[C@H](OC)O[C@H](OC)[C@H]3OC(C)=O)C[C@]21C,0,Ki (>),5.0,1,CHEMBL227104
COC(=O)[C@@H]1C[C@H](OC(C)=O)C(=O)[C@H]2[C@@]1(C)CC[C@H]1C(=O)O[C@H]([C@]3(O)[C@H](OC)O[C@H](OC)[C@H]3O)C[C@]21C,0,Ki (>),5.0,1,CHEMBL560302
COc1ccc2c3c1O[C@H]1[C@]4(OC)CC[C@@]5(C[C@@H]4CNC(=O)/C=C/c4ccccc4)[C@@H](C2)N(C)CC[C@]315,1,EC50,7.38,3,CHEMBL2113294
CO[C@@]12C=C[C@@]3([C@@H]4CN(C(=O)/C=C/c5ccc(C)cc5)C[C@@H]41)[C@H]1Cc4ccc(O)c5c4[C@@]3(CCN1C)[C@H]2O5,1,EC50,8.51,3,CHEMBL2113314
CO[C@@]12C=C[C@@]3([C@@H]4CN(C(=O)/C=C/c5ccccc5C)C[C@@H]41)[C@H]1Cc4ccc(O)c5c4[C@@]3(CCN1C)[C@H]2O5,1,EC50,8.74,3,CHEMBL2113313
CO[C@@]12CC[C@@]3(C[C@@H]1CNC/C=C/c1ccc(Cl)cc1)[C@H]1Cc4ccc(O)c5c4[C@@]3(CCN1C)[C@H]2O5,1,EC50,8.27,3,CHEMBL2113312
CO[C@@]12CC[C@@]3(C[C@@H]1CNC/C=C/c1ccccc1)[C@H]1Cc4ccc(O)c5c4[C@@]3(CCN1C)[C@H]2O5,1,EC50,8.26,3,CHEMBL2113311
COc1ccc2c3c1O[C@H]1[C@]4(OC)CC[C@@]5(C[C@@H]4CNC/C=C/c4ccc(Cl)cc4)[C@@H](C2)N(C)CC[C@]315,1,EC50,6.83,2,CHEMBL2113310
COc1ccc2c3c1O[C@H]1[C@]4(OC)CC[C@@]5(C[C@@H]4CNC/C=C/c4ccccc4)[C@@H](C2)N(C)CC[C@]315,1,EC50,6.86,2,CHEMBL2113309
CO[C@@]12CC[C@@]3(C[C@@H]1CNC(=O)/C=C/c1ccc([N+](=O)[O-])cc1)[C@H]1Cc4ccc(O)c5c4[C@@]3(CCN1C)[C@H]2O5,1,EC50,8.89,3,CHEMBL2113308
CO[C@@]12CC[C@@]3(C[C@@H]1CNC(=O)/C=C/c1ccc(Cl)cc1)[C@H]1Cc4ccc(O)c5c4[C@@]3(CCN1C)[C@H]2O5,1,EC50,8.61,3,CHEMBL2113307
CO[C@@]12CC[C@@]3(C[C@@H]1CNC(=O)/C=C/c1ccc(C)cc1)[C@H]1Cc4ccc(O)c5c4[C@@]3(CCN1C)[C@H]2O5,1,EC50,7.8,2,CHEMBL2113306
CO[C@@]12CC[C@@]3(C[C@@H]1CNC(=O)/C=C/c1ccccc1Cl)[C@H]1Cc4ccc(O)c5c4[C@@]3(CCN1C)[C@H]2O5,1,EC50,9.52,3,CHEMBL2113305
CO[C@@]12CC[C@@]3(C[C@@H]1CNC(=O)/C=C/c1ccccc1C)[C@H]1Cc4ccc(O)c5c4[C@@]3(CCN1C)[C@H]2O5,1,EC50,9.6,3,CHEMBL2113304
CO[C@@]12CC[C@@]3(C[C@@H]1CNC(=O)/C=C/c1ccccc1)[C@H]1Cc4ccc(O)c5c4[C@@]3(CCN1C)[C@H]2O5,1,EC50,8.51,3,CHEMBL2113303
COc1ccc(/C=C/C(=O)NC[C@H]2C[C@@]34CC[C@@]2(OC)[C@@H]2Oc5c(OC)ccc6c5[C@@]23CCN(C)[C@@H]4C6)cc1,1,EC50,7.13,2,CHEMBL2113302
COc1ccccc1/C=C/C(=O)NC[C@H]1C[C@@]23CC[C@@]1(OC)[C@@H]1Oc4c(OC)ccc5c4[C@@]12CCN(C)[C@@H]3C5,1,EC50,7.93,3,CHEMBL2113301
COc1ccc2c3c1O[C@H]1[C@]4(OC)CC[C@@]5(C[C@@H]4CNC(=O)/C=C/c4ccccc4[N+](=O)[O-])[C@@H](C2)N(C)CC[C@]315,1,EC50,7.84,3,CHEMBL2113300
COc1ccc2c3c1O[C@H]1[C@]4(OC)CC[C@@]5(C[C@@H]4CNC(=O)/C=C/c4ccc([N+](=O)[O-])cc4)[C@@H](C2)N(C)CC[C@]315,1,EC50,7.58,3,CHEMBL2113299
COc1ccc2c3c1O[C@H]1[C@]4(OC)CC[C@@]5(C[C@@H]4CNC(=O)/C=C/c4ccccc4Cl)[C@@H](C2)N(C)CC[C@]315,1,EC50,7.97,3,CHEMBL2113296
COc1ccc2c3c1O[C@H]1[C@]4(OC)CC[C@@]5(C[C@@H]4CNC(=O)/C=C/c4ccccc4C)[C@@H](C2)N(C)CC[C@]315,1,EC50,7.82,3,CHEMBL2113295
NC(=O)Nc1ccc2c(c1)[C@@]13CCCC[C@H]1[C@@H](C2)N(CC1CCC1)CC3,1,EC50,7.2,2,CHEMBL394573
NC(=O)Nc1ccc2c(c1)[C@@]13CCCC[C@H]1[C@@H](C2)N(CC1CC1)CC3,1,EC50,7.51,3,CHEMBL242968
OC1(c2ccccn2)CCN(C(c2ccccc2)c2ccccc2)CC1,0,Ki,4.94,1,CHEMBL393971
OC1(Cc2ccccc2)CCN(C(c2ccccc2)c2ccccc2)CC1,0,Ki,4.98,1,CHEMBL231661
CC(C)C1(O)CCN(C(c2ccccc2)c2ccccc2)CC1,0,Ki,4.88,1,CHEMBL233721
OC1(C2CC2)CCN(C(c2ccccc2)c2ccccc2)CC1,0,Ki,4.74,1,CHEMBL398039
COc1ccc(C2(O)CCN(C(c3ccccc3)c3ccccc3)CC2)cc1,0,Ki,4.96,1,CHEMBL401234
CCCc1ccc(C2(O)CCN(C(c3ccccc3)c3ccccc3)CC2)cc1,0,Ki,4.94,1,CHEMBL393675
CO[C@]12C(O)C[C@@]3(C[C@@H]1[C@@H](C)O)[C@H]1Cc4ccc(O)c5c4[C@@]3(CCN1C)[C@H]2O5,1,EC50,7.37,2,CHEMBL401245
CO[C@]12CC(O)[C@@]3(C[C@@H]1[C@@H](C)O)[C@H]1Cc4ccc(O)c5c4[C@@]3(CCN1C)[C@H]2O5,1,EC50,7.92,2,CHEMBL235239
CO[C@]12CC(O)[C@@]3(C[C@@H]1[C@H](C)O)[C@H]1Cc4ccc(O)c5c4[C@@]3(CCN1C)[C@H]2O5,1,EC50,7.05,2,CHEMBL392269
CO[C@]12C(O)C[C@@]3(C[C@@H]1[C@H](C)O)[C@H]1Cc4ccc(O)c5c4[C@@]3(CCN1C)[C@H]2O5,1,EC50,7.82,2,CHEMBL238017
CSCC[C@H](NC(=O)[C@H](Cc1ccccc1)NC(=O)CNC(=O)CNC(=O)[C@@H](N)Cc1ccc(O)cc1)C(=O)O,1,EC50,9.8,6,CHEMBL13786
CSCC[C@H](NC(=O)[C@H](Cc1ccccc1)NC(=O)CNC(=O)[C@H](C)NC(=O)[C@@H](N)Cc1ccc2nc(N)sc2c1)C(=O)O,1,EC50,6.46,2,CHEMBL246572
Cc1cc(C(N)=O)cc(C)c1C[C@H](N)C(=O)N[C@@H](CO)C(=O)NCC(=O)N[C@@H](Cc1ccccc1)C(=O)N[C@@H](CC(C)C)C(=O)N[C@H](C(=O)O)[C@@H](C)O,1,EC50,6.6,2,CHEMBL247760
CC(C)C[C@H](NC(=O)[C@H](Cc1ccccc1)NC(=O)CNC(=O)[C@H](CO)NC(=O)[C@@H](N)Cc1cc[n+]([O-])cc1)C(=O)N[C@H](C(=O)O)[C@@H](C)O,0,Ki (>),5.0,1,CHEMBL246740
Cc1cc(C(N)=O)cc(C)c1C[C@H](N)C(=O)NCC(=O)NCC(=O)N[C@@H](Cc1ccccc1)C(=O)N[C@@H](CC(C)C)C(=O)O,1,EC50,6.75,2,CHEMBL246739
CC(C)C[C@H](NC(=O)[C@H](Cc1ccccc1)NC(=O)CNC(=O)CNC(=O)[C@@H](N)Cc1cccc(C(N)=O)c1)C(=O)O,0,Ki (>),5.0,1,CHEMBL392275
CC(C)C[C@H](NC(=O)[C@H](Cc1ccccc1)NC(=O)CNC(=O)CNC(=O)[C@@H](N)Cc1cc[n+]([O-])cc1)C(=O)O,0,Ki (>),5.0,1,CHEMBL395863
Cc1cc(C(N)=O)cc(C)c1C[C@H](N)C(=O)N[C@@H](C)C(=O)NCC(=O)N[C@@H](Cc1ccccc1)C(=O)N[C@@H](CC(C)C)C(=O)O,1,EC50,7.31,2,CHEMBL247758
CC(C)C[C@H](NC(=O)[C@H](Cc1ccccc1)NC(=O)CNC(=O)[C@H](C)NC(=O)[C@@H](N)Cc1cc[n+]([O-])cc1)C(=O)O,0,Ki (>),5.0,1,CHEMBL247562
CC(C)C[C@H](NC(=O)[C@H](Cc1ccccc1)NC(=O)CNC(=O)[C@H](C)NC(=O)[C@@H](N)Cc1ccc(C(=O)O)cc1)C(=O)O,0,Ki (>),5.0,1,CHEMBL247163
CC1(C)SSC(C)(C)[C@@H](NC(=O)[C@@H](N)Cc2ccc(C(N)=O)cc2)C(=O)NCC(=O)N[C@@H](Cc2ccccc2)C(=O)N[C@H]1C(=O)O,0,Ki (>),5.0,1,CHEMBL2372104
CSCC[C@H](NC(=O)[C@H](Cc1ccccc1)NC(=O)CNC(=O)CNC(=O)[C@@H](N)Cc1ccc(C(N)=O)cc1)C(N)=O,1,EC50,6.57,2,CHEMBL246956
CSCC[C@H](NC(=O)[C@H](Cc1ccccc1)NC(=O)CNC(=O)CNC(=O)[C@@H](N)Cc1ccc(O)cc1)C(N)=O,1,EC50,6.2,2,CHEMBL247368
CSCC[C@H](NC(=O)[C@H](Cc1ccccc1)NC(=O)CNC(=O)CNC(=O)[C@@H](N)Cc1ccc(C(N)=O)cc1)C(=O)O,1,EC50,6.85,2,CHEMBL391580
C[C@H]1C2Cc3ccc(C(=O)NCCCc4ccc5ccccc5c4)cc3[C@@]1(C)CCN2CC1CC1,1,EC50,7.62,3,CHEMBL430397
C[C@H]1C2Cc3ccc(C(=O)NCCc4ccc(-c5ccc(Cl)cc5)cc4)cc3[C@@]1(C)CCN2CC1CC1,1,EC50,8.6,2,CHEMBL438871
COc1ccc(-c2ccc(CCNC(=O)c3ccc4c(c3)[C@@]3(C)CCN(CC5CC5)C(C4)[C@@H]3C)cc2)cc1,1,EC50,7.96,3,CHEMBL249985
C[C@H]1C2Cc3ccc(C(=O)NCCc4cccc(Br)c4)cc3[C@@]1(C)CCN2CC1CC1,1,EC50,8.25,3,CHEMBL250993
C[C@H]1C2Cc3ccc(C(=O)NCCc4ccc(Br)cc4)cc3[C@@]1(C)CCN2CC1CC1,1,EC50,7.8,2,CHEMBL249567
C[C@H]1C2Cc3ccc(C(=O)NCCc4ccccc4-c4ccccc4)cc3[C@@]1(C)CCN2CC1CC1,1,EC50,7.92,2,CHEMBL399465
C[C@H]1C2Cc3ccc(C(=O)NCCc4cccc(-c5ccccc5)c4)cc3[C@@]1(C)CCN2CC1CC1,1,EC50,8.17,2,CHEMBL401278
CC(C)C1CCC(N2CCC(C(N)=O)(c3ccccc3)CC2)CC1,0,Ki (>),5.0,1,CHEMBL272896
CNC(=O)C1(c2ccccc2)CCN(C2CCC(C(C)C)CC2)CC1,0,Ki (>),5.0,1,CHEMBL271322
CO[C@@H]1CN(C[C@H]2Cc3ccc(Br)cc3C2)CC[C@H]1n1c(C(C)(C)O)nc2cc(C)ccc21,0,EC50,4.6,1,CHEMBL257906
O=C(N[C@@H]1CC[C@@]2(O)[C@H]3Cc4ccc(O)c5c4[C@@]2(CCN3CC2CC2)[C@H]1O5)c1ccc(Cl)c(Cl)c1,1,EC50,8.64,3,CHEMBL272215;CHEMBL593215
O=C(N[C@@H]1CC[C@@]2(O)[C@H]3Cc4ccc(O)c5c4[C@@]2(CCN3CC2CC2)[C@H]1O5)c1ccc(Cl)cc1,1,EC50,8.17,3,CHEMBL409458;CHEMBL611933
COC1=C[C@]23CCN(C)[C@H](Cc4ccc(OC)c(O)c42)C3=CC1=O,0,EC50,4.49,2,CHEMBL404097
COc1ccc2c3c1O[C@H]1C(=O)C=C[C@H]4[C@@H](C2)N(C)CC[C@]314,1,EC50,6.53,2,CHEMBL257627
COC1=CC=C2[C@H]3Cc4ccc(O)c5c4[C@@]2(CCN3C)[C@H]1O5,1,EC50,6.56,2,CHEMBL437602
CN1CC[C@]23c4c5ccc(O)c4O[C@H]2C(=O)C=C[C@H]3[C@H]1C5,1,EC50,7.55,2,CHEMBL255467
COC(=O)[C@@H]1C[C@H](NS(=O)(=O)c2ccccc2)C(=O)[C@H]2[C@@]1(C)CC[C@H]1C(=O)O[C@H](c3ccoc3)C[C@]21C,0,Ki (>),5.0,1,CHEMBL438561
COC(=O)[C@@H]1C[C@H](NS(C)(=O)=O)C(=O)[C@H]2[C@@]1(C)CC[C@H]1C(=O)O[C@H](c3ccoc3)C[C@]21C,0,Ki (>),5.0,1,CHEMBL409414
COC(=O)[C@@H]1C[C@H](NC(=O)c2ccccc2)C(=O)[C@H]2[C@@]1(C)CC[C@H]1C(=O)O[C@H](c3ccoc3)C[C@]21C,1,EC50,6.44,2,CHEMBL259658
COC(=O)[C@@H]1C[C@H](OC(=O)c2ccsc2)C(=O)[C@H]2[C@@]1(C)CC[C@H]1C(=O)O[C@H](c3ccoc3)C[C@]21C,1,EC50,6.16,2,CHEMBL410436
COC(=O)[C@@H]1C[C@H](OC(=O)c2cccc3ccccc23)C(=O)[C@H]2[C@@]1(C)CC[C@H]1C(=O)O[C@H](c3ccoc3)C[C@]21C,0,Ki (>),5.0,1,CHEMBL408900
COC(=O)[C@@H]1C[C@H](OC(=O)c2cccc([N+](=O)[O-])c2)C(=O)[C@H]2[C@@]1(C)CC[C@H]1C(=O)O[C@H](c3ccoc3)C[C@]21C,0,Ki (>),5.0,1,CHEMBL260809
COC(=O)[C@@H]1C[C@H](OC(=O)c2ccc(OC)cc2)C(=O)[C@H]2[C@@]1(C)CC[C@H]1C(=O)O[C@H](c3ccoc3)C[C@]21C,1,EC50,6.08,2,CHEMBL260286
CC[C@H](C)[C@H](NC(=O)[C@H](CCCNC(=N)N)NC(=O)[C@H](CCCNC(=N)N)NC(=O)[C@H](CC(C)C)NC(=O)[C@H](Cc1ccccc1)NC(=O)CNC(=O)CNC(=O)[C@@H](N)Cc1ccc(O)cc1)C(=O)N[C@@H](CCCNC(=N)N)C(=O)N1CCC[C@H]1C(=O)N[C@@H](CCCCN)C(=O)N[C@@H](CC(C)C)C(=O)N[C@@H](CCCCN)C(=O)N[C@@H](Cc1c[nH]c2ccccc12)C(=O)N[C@@H](CC(=O)O)C(=O)N[C@@H](CC(N)=O)C(=O)N[C@@H](CCC(N)=O)C(=O)O,1,EC50,6.67,2,CHEMBL411557
NC(=O)[C@H](Cc1ccccc1)NC(=O)[C@H](Cc1c[nH]c2ccccc12)NC(=O)[C@@H]1CCCN1C(=O)[C@@H](N)Cc1ccc(O)cc1,1,EC50,7.85,10,CHEMBL316446
Oc1ccc2c(c1)[C@@]13CCCC[C@@]1(O)[C@@H](C2)N(CC1CCC1)CC3,1,AC50,8.21,9,CHEMBL33986
CN1CCC(C#N)(c2ccccc2)CC1,0,Ki (>),5.0,1,CHEMBL495954
C=C(C)CN1CCC(C#N)(c2ccccc2)CC1,0,Ki (>),5.0,1,CHEMBL495548
C=CCN1CCC(C#N)(c2ccccc2)CC1,0,Ki (>),5.0,1,CHEMBL495955
C[C@H]1[C@H]2Cc3ccc(O)cc3[C@]1(C)CCN2CC1CC1,1,EC50,8.4,9,CHEMBL56585
CC1C2Cc3ccc(C(N)=O)cc3C1(C)CCN2CC1CC1,1,EC50,8.31,4,CHEMBL297428
CC(C)=CCN1CC[C@@]2(C)c3cc(C(N)=O)ccc3C[C@@H]1[C@@H]2C,1,EC50,6.96,5,CHEMBL461227
CC(=O)C1(c2ccccc2)CCN(c2cc(N)ccn2)CC1,0,EC50 (>),5.0,1,CHEMBL494771
Cc1cc(O)cc(C)c1C[C@H](N)C(=O)N1CCC[C@H]1C(=O)N[C@@H](Cc1c[nH]c2ccccc12)C(=O)N[C@@H](Cc1ccccc1)C(N)=O,1,EC50,10.0,2,CHEMBL412923
O=C(N[C@@H]1CC[C@@]2(O)[C@H]3Cc4ccc(O)c5c4[C@@]2(CCN3CC2CC2)[C@H]1O5)c1ccc2ccccc2c1,1,EC50,9.52,2,CHEMBL493846
CN1CC[C@]23c4c5ccc(O)c4O[C@H]2C(=O)CC[C@H]3[C@H]1C5,1,EC50,8.59,2,CHEMBL398707
CN1CC[C@]23c4c5ccc(C(N)=O)c4O[C@H]2C(=O)CC[C@H]3[C@H]1C5,1,EC50,6.96,2,CHEMBL471049
CN1CC[C@]23CC(=O)CC[C@H]2[C@H]1Cc1ccc(C(N)=O)c(O)c13,1,EC50,8.8,2,CHEMBL471048
NC(=O)c1ccc2c(c1O)[C@@]13CCCC[C@@]1(O)[C@@H](C2)N(CC1CC1)CC3,1,EC50,8.0,3,CHEMBL470005
NC(=O)c1ccc2c(c1O)[C@]13CCN(CC4CCC4)[C@H](C2)[C@]1(O)CC[C@@H](O)C3,1,EC50,9.07,11,CHEMBL511645
NC(=O)c1ccc2c(c1O)[C@]13CCN(CC4CCC4)[C@H](C2)[C@]1(O)CC[C@H](O)C3,1,EC50,8.55,11,CHEMBL512150
COc1c(OCCF)cccc1C(O)C1CCN(CCc2ccc(F)cc2)CC1,0,Ki (>),5.0,1,CHEMBL402143
COc1c(OCCF)cccc1[C@H](O)C1CCN(CCc2ccc(F)cc2)CC1,0,Ki (>),5.0,1,CHEMBL515472
COc1c(OCCF)cccc1C(=O)C1CCN(CCc2ccc(F)cc2)CC1,0,Ki (>),5.0,1,CHEMBL516088
COc1c(OCCF)cccc1C(O)C1CCN(CCc2ccc(C)cc2)CC1,0,Ki (>),5.0,1,CHEMBL476839
CC1(N2CCC(n3c([C@@H]4CCCNC4)nc4ccccc43)CC2)CCCCCCC1,1,EC50,7.47,2,CHEMBL481512
CN1CCC[C@@H](c2nc3ccccc3n2C2CCN(C3(C)CCCCCCC3)CC2)C1,1,EC50,7.17,2,CHEMBL518950
CC1(N2CCC(n3c([C@H]4CCCNC4)nc4ccccc43)CC2)CCCCCCC1,1,EC50,7.64,2,CHEMBL481366
CN1CCC[C@H](c2nc3ccccc3n2C2CCN(C3(C)CCCCCCC3)CC2)C1,1,EC50,7.15,2,CHEMBL501331
CC1(N2CCC(n3c(-c4cccc(S(C)(=O)=O)c4)nc4ccccc43)CC2)CCCCCCC1,1,EC50,6.54,2,CHEMBL481367
CC1(N2CCC(n3c(-c4ccc(F)c(Cl)c4)nc4ccccc43)CC2)CCCCCCC1,1,EC50,6.12,2,CHEMBL481547
CC1(N2CCC(n3c(-c4cccc(CN)c4)nc4ccccc43)CC2)CCCCCCC1,1,EC50,6.47,2,CHEMBL480426
CC1CN(c2nc3ccccc3n2C2CCN(C3(C)CCCCCCC3)CC2)CC(C)N1,1,EC50,6.71,2,CHEMBL519925
NC(=O)[C@@]1(Cc2ccc(F)cc2)C[C@H]2CC[C@@H](C1)N2C(c1ccccc1Cl)c1ccccc1Cl,1,EC50,6.27,2,CHEMBL3084526
NC(=O)[C@]1(c2ccc(Br)cn2)C[C@H]2CC[C@@H](C1)N2C(c1ccccc1Cl)c1ccccc1Cl,1,EC50,6.38,2,CHEMBL3084531
NC(=O)[C@]1(c2ccc(Cl)cn2)C[C@H]2CC[C@@H](C1)N2C(c1ccccc1Cl)c1ccccc1Cl,1,EC50,6.43,2,CHEMBL3084530
NC(=O)[C@]1(c2ccc(F)cn2)C[C@H]2CC[C@@H](C1)N2C(c1ccccc1Cl)c1ccccc1Cl,1,EC50,6.13,2,CHEMBL3084529
Cc1ccccc1C(c1ccccc1C)N1C2CCC1CC(O)(c1ccccc1)C2,1,EC50,6.16,3,CHEMBL513136
OC1(c2ccccc2)CC2CCC(C1)N2C(c1ccccc1Cl)c1ccccc1Cl,1,EC50,6.47,2,CHEMBL466847
Cc1ccc(C(c2ccccc2Cl)N2C3CCC2CC(O)(c2cccc(F)c2)C3)c(Cl)c1,1,EC50,6.05,2,CHEMBL467488
Cc1ccc(C(c2ccccc2Cl)N2C3CCC2CC(O)(C2CCCC2)C3)c(Cl)c1,1,EC50,6.15,2,CHEMBL466067
COC1(c2ccccc2)CC2CCC(C1)N2C(c1ccccc1Cl)c1ccccc1Cl,1,EC50,6.26,2,CHEMBL512950
NC(=O)C1(c2ccccc2)CC2CCC(C1)N2C(c1ccccc1Cl)c1ccccc1Cl,1,EC50,6.42,2,CHEMBL512414
COC(=O)NC1(c2ccccc2)CC2CCC(C1)N2C(c1ccccc1Cl)c1ccccc1Cl,1,EC50,6.11,2,CHEMBL467313
NC(=O)C1(c2ccc(F)cc2)CC2CCC(C1)N2C(c1ccccc1Cl)c1ccccc1Cl,1,EC50,6.02,2,CHEMBL466921
COC(=O)[C@@H]1C[C@H](OS(=O)(=O)c2ccccc2)C(=O)[C@H]2[C@@]1(C)CC[C@H]1C(=O)O[C@H](c3ccoc3)C[C@]21C,0,Ki (>),5.0,1,CHEMBL526700
Fc1ccc(-c2noc(C3CCN(c4cnc5ccc(Cl)cc5c4)CC3)n2)c(Cl)c1,0,EC50 (>),4.3,2,CHEMBL468176
CN1CC[C@@]23C[C@@H]1CC[C@H]2Oc1ccc(O)cc13,0,Ki (>),5.0,1,CHEMBL517866
Cc1nc2cc3c(cc2[nH]1)[C@@]1(C)CCN(CC2CC2)C(C3)[C@@H]1C,1,EC50,7.75,3,CHEMBL473699
C[C@H]1C2Cc3cc4nc[nH]c4cc3[C@@]1(C)CCN2CC1CC1,1,EC50,8.01,3,CHEMBL518712
CCCN1CN(c2ccccc2)C2(CCN(C(c3ccccc3)c3ccccc3)CC2)C1=O,0,Ki,4.93,1,CHEMBL475308
C=CCN1CN(c2ccccc2)C2(CCN(C(c3ccccc3)c3ccccc3)CC2)C1=O,0,Ki,4.2,1,CHEMBL514965
CCCCN1CN(c2ccccc2)C2(CCN(C(c3ccccc3Cl)c3ccccc3Cl)CC2)C1=O,0,Ki,4.48,1,CHEMBL475496
CC(C)CCN1CN(c2ccccc2)C2(CCN(C(c3ccccc3Cl)c3ccccc3Cl)CC2)C1=O,0,Ki,4.89,1,CHEMBL475497
COc1ccc2c3c1O[C@H]1C(=O)CC[C@@]4(OC(=O)/C=C/c5ccccc5)[C@@H](C2)N(CC2CC2)CC[C@]314,1,EC50,7.46,2,CHEMBL474755
COCCNC1c2ccccc2CCC1c1ccsc1,0,EC50 (>),4.05,1,CHEMBL450500
COCCN(C(=O)c1ccco1)C1c2ccccc2C=CC1N1CCN(c2ccccc2)CC1,0,EC50 (>),4.05,1,CHEMBL460623
COCCN(C(=O)c1ccc(Cl)c(Cl)c1)C1c2ccccc2C=CC1N1CCN(c2ccccc2)CC1,0,EC50 (>),4.05,1,CHEMBL460832
COCCN(C(=O)COCc1ccccc1)C1c2ccccc2C=CC1N1CCN(c2ccccc2)CC1,0,EC50 (>),4.05,1,CHEMBL459573
COCCN(C(=O)Cc1cccc(OC)c1)C1c2ccccc2C=CC1N1CCN(c2ccccc2)CC1,0,EC50 (>),4.05,1,CHEMBL459783
COCCN(C(=O)Cc1ccc(Cl)cc1)C1c2ccccc2C=CC1N1CCN(c2ccccc2)CC1,0,EC50 (>),4.05,1,CHEMBL459784
COCCN(C(=O)c1sccc1Cl)C1c2ccccc2C=CC1N1CCN(c2ccccc2)CC1,0,EC50 (>),4.05,1,CHEMBL460631
COCCN(C(=O)COc1ccc(Cl)cc1)C1c2cc(OC)c(OC)cc2CCC1N(C)C,0,EC50 (>),4.05,1,CHEMBL461257
COCCN(C(=O)c1ccc(Cl)c(Cl)c1)C1c2cc(OC)c(OC)cc2CCC1N(C)C,0,EC50 (>),4.05,1,CHEMBL461258
COCCN(C(=O)Cc1ccc(Cl)cc1)C1c2cc(OC)c(OC)cc2CCC1N(C)C,0,EC50 (>),4.05,1,CHEMBL459387
C[C@@]12CCCCC[C@@H](Cc3ccc(O)cc31)[C@@H]2N,1,EC50,7.42,3,CHEMBL1685
CC(C)N[C@@H]1CCn2c(=O)[nH]c3cccc(c32)[C@H]1O,0,Ki,4.89,2,CHEMBL513390
CN1CC[C@]23Cc4c(c5ccccc5n4C)C[C@]2(Cc2ccc(O)cc23)C1,1,EC50,6.76,2,CHEMBL557937
Oc1ccc2c(c1)[C@]13CCN(CC4CC4)C[C@@]1(C2)Cc1c([nH]c2ccccc12)C3,1,EC50,7.48,2,CHEMBL562340
O=C(O)CCCCCCCCC(=O)Oc1ccc2c(c1)[C@@]13CCCC[C@H]1[C@@H](C2)N(CC1CCC1)CC3,1,EC50,8.52,2,CHEMBL566346
CC(CCCCCCC(C)C(=O)Oc1ccc2c(c1)[C@@]13CCCC[C@H]1[C@@H](C2)N(CC1CCC1)CC3)C(=O)O,1,EC50,7.89,2,CHEMBL565679
CC(CCCCCCC(C)C(=O)Oc1ccc2c(c1)[C@@]13CCCC[C@H]1[C@@H](C2)N(CC1CCC1)CC3)C(=O)Oc1ccc2c(c1)[C@@]13CCCC[C@H]1[C@@H](C2)N(CC1CCC1)CC3,1,EC50,8.15,3,CHEMBL582930
CC(C)(CCCCCCC(C)(C)C(=O)Oc1ccc2c(c1)[C@@]13CCCC[C@H]1[C@@H](C2)N(CC1CCC1)CC3)C(=O)Oc1ccc2c(c1)[C@@]13CCCC[C@H]1[C@@H](C2)N(CC1CCC1)CC3,1,EC50,7.96,3,CHEMBL584790
C=CCN1CC[C@]23c4c5ccc(OC(=O)CCCCCCCCC(=O)Oc6ccc7c(c6)[C@@]68CCCC[C@H]6C(C7)N(CC6CCC6)CC8)c4O[C@H]2CCC[C@H]3[C@H]1C5,1,EC50,8.7,3,CHEMBL584791
CCCn1c(=O)c2[nH]c(C3CCCC3)nc2n(CCC)c1=O,0,Ki (>),4.0,1,CHEMBL183
COc1ccc(CNc2ccc3c(c2)[C@@]24CCCC[C@H]2[C@@H](C3)N(CC2CC2)CC4)cc1,1,EC50,8.17,4,CHEMBL568877
COc1cccc2c1O[C@H]1CCC[C@@H]3CN(C)CC[C@@]231,0,Ki,7.57,2,CHEMBL585536
COc1cccc2c1O[C@H]1CCC[C@H]3CN(CC4CC4)CC[C@@]231,0,Ki,7.52,2,CHEMBL583881
CN1CC[C@]23c4cccc(O)c4O[C@H]2CCC[C@@H]3C1,0,Ki (>),5.0,1,CHEMBL584725
C=CCN1C[C@H](C)N([C@H](c2ccc(C(=O)N(CC)CC)cc2)c2cccc(OC)c2)C[C@H]1C,1,EC50,9.85,2,CHEMBL13470
Cc1ccc(C(=O)N[C@@H]2CC[C@@]3(O)[C@H]4Cc5ccc(O)c6c5[C@@]3(CCN4CC3CC3)[C@H]2O6)cc1,0,EC50 (>),5.0,2,CHEMBL593214
CC(C)(C)c1ccc(C(=O)N[C@@H]2CC[C@@]3(O)[C@H]4Cc5ccc(O)c6c5[C@@]3(CCN4CC3CC3)[C@H]2O6)cc1,0,EC50 (>),5.0,3,CHEMBL611932
O=C(c1ccc(-c2ccccc2)cc1)N1CCN(C(=O)c2ccc3cc[nH]c3c2)CC1,0,Ki (>),5.0,1,CHEMBL1076586
COc1cccc(-c2ccc(C(=O)N3CCN(C(=O)c4ccc5cc[nH]c5c4)[C@@H](C)C3)cc2)c1,0,Ki (>),5.0,1,CHEMBL1081648
COc1cccc(-c2ccc(C(=O)N3CCN(C(=O)c4ccc5cc[nH]c5c4)[C@H](C)C3)cc2)c1,0,Ki (>),5.0,1,CHEMBL1081649
C[C@H]1CN(C(=O)c2ccc(-c3cccc(OC(F)(F)F)c3)cc2)CCN1C(=O)c1ccc2cc[nH]c2c1,0,Ki (>),5.0,1,CHEMBL1080155
C[C@H]1CN(C(=O)c2ccc(-c3cccc(C(F)(F)F)c3)cc2)CCN1C(=O)c1ccc2cc[nH]c2c1,0,Ki (>),5.0,1,CHEMBL1082209
C[C@H]1CN(C(=O)c2ccc(-c3cccc(F)c3)cc2)CCN1C(=O)c1ccc2cc[nH]c2c1,0,Ki (>),5.0,1,CHEMBL1082210
C[C@H]1CN(C(=O)c2ccc(-c3ccccc3)cc2)CCN1C(=O)c1ccc2cc[nH]c2c1,0,Ki (>),5.0,1,CHEMBL1082211
COc1ccccc1-c1ccc(C(=O)N2CCN(C(=O)c3ccc4cc[nH]c4c3)[C@@H](C)C2)cc1,0,Ki (>),5.0,1,CHEMBL1081212
C[C@H]1CN(C(=O)c2ccc(-c3ccccc3F)cc2)CCN1C(=O)c1ccc2cc[nH]c2c1,0,Ki (>),5.0,1,CHEMBL1080389
C[C@H]1CN(C(=O)c2ccc(-c3ccccc3Cl)cc2)CCN1C(=O)c1ccc2cc[nH]c2c1,0,Ki (>),5.0,1,CHEMBL1080556
C[C@H]1CN(C(=O)c2ccc(-c3ccccc3C(F)(F)F)cc2)CCN1C(=O)c1ccc2cc[nH]c2c1,0,Ki (>),5.0,1,CHEMBL1080735
Cc1ccccc1-c1ccc(C(=O)N2CCN(C(=O)c3ccc4cc[nH]c4c3)[C@@H](C)C2)cc1,0,Ki (>),5.0,1,CHEMBL1080907
COc1ccc(-c2ccc(C(=O)N3CCN(C(=O)c4ccc5cc[nH]c5c4)[C@@H](C)C3)cc2)cc1,0,Ki (>),5.0,1,CHEMBL1081254
C[C@H]1CN(C(=O)c2ccc(-c3ccc(OC(F)(F)F)cc3)cc2)CCN1C(=O)c1ccc2cc[nH]c2c1,0,Ki (>),5.0,1,CHEMBL1080755
C[C@H]1CN(C(=O)c2ccc(-c3ccc(F)cc3)cc2)CCN1C(=O)c1ccc2cc[nH]c2c1,0,Ki (>),5.0,1,CHEMBL1080926
Cc1cccc(O)c1C(=O)C1=CCCN2CCC[C@@H]12,0,Ki,4.35,1,CHEMBL1076554
COc1cccc(C)c1C(=O)C1=CCCN2CCC[C@@H]12,0,Ki (>),3.7,1,CHEMBL1080152
O=C(C1=CCCN2CCC[C@@H]12)c1ccccc1O,0,Ki,4.31,1,CHEMBL1080153
Cc1cccc(O)c1C(=O)C1=CCCN2CCC[C@H]12,0,Ki,4.75,1,CHEMBL608815
Cc1cccc(O)c1C(=O)C1=CCCCN2CCC[C@@H]12,0,Ki,4.89,1,CHEMBL1080674
CC(C)[C@@H](CN1CC[C@@](C)(c2cccc(O)c2)[C@@H](C)C1)NC(=O)c1ccc2cc(O)ccc2c1,1,EC50,6.92,1,CHEMBL1204084
CC(C)[C@@H](CN1CC[C@@](C)(c2cccc(O)c2)[C@@H](C)C1)NC(=O)[C@@H]1CCc2cc(O)ccc2C1,1,EC50,6.92,1,CHEMBL1085023
CC(C)[C@@H](CN1CC[C@@](C)(c2cccc(O)c2)[C@@H](C)C1)NC(=O)[C@H]1CCc2cc(O)ccc2C1,1,EC50,6.92,1,CHEMBL1085024
CC(C)[C@@H](CN1CC[C@@](C)(c2cccc(O)c2)[C@@H](C)C1)NC(=O)[C@H]1Cc2ccc(O)cc2CO1,1,EC50,6.92,1,CHEMBL1085025
CC(C)[C@@H](CN1CC[C@@](C)(c2cccc(O)c2)[C@@H](C)C1)NC(=O)[C@@H]1Cc2ccc(O)cc2CO1,1,EC50,6.92,1,CHEMBL1084529
CC(C)[C@@H](CN1CC[C@@](C)(c2cccc(O)c2)[C@@H](C)C1)NC(=O)[C@H]1Cc2ccc(O)cc2CS1,1,EC50,6.92,1,CHEMBL1083062
CC(C)[C@@H](CN1CC[C@@](C)(c2cccc(O)c2)[C@@H](C)C1)NC(=O)[C@@H]1Cc2ccc(O)cc2CS1,1,EC50,6.92,1,CHEMBL1204085
CC(C)[C@@H](CN1CC[C@@](C)(c2cccc(O)c2)[C@@H](C)C1)NC(=O)[C@H]1Cc2ccc(O)cc2C[S+]1[O-],1,EC50,6.92,2,CHEMBL1083372
CCCCN1CCC(COC(=O)c2cc(Cl)c(NC)c3c2OCCO3)CC1,0,Ki (>),5.0,1,CHEMBL1258223
CCCCN1CCC(COC(=O)c2ccc(N)c(OC)c2)CC1,0,Ki (>),5.0,1,CHEMBL1258452
CCCCN1CCC(COC(=O)c2cc(F)c(N)c3c2OCCO3)CC1,0,Ki (>),5.0,1,CHEMBL1258671
COC(=O)CCCCCN1CCC(CNC(=O)c2c3n(c4ccccc24)CCCO3)CC1,0,Ki (>),5.0,1,CHEMBL1632158
O=C(O)CCCCCN1CCC(CNC(=O)c2c3n(c4ccccc24)CCCO3)CC1,0,Ki (>),5.0,1,CHEMBL1632174
COC(=O)[C@@H]1C[C@H](OC(=O)[C@H](C)N)C(=O)[C@H]2[C@@]1(C)CC[C@H]1C(=O)O[C@H](c3ccoc3)C[C@]21C,0,Ki (>),5.0,1,CHEMBL1644773
COC(=O)[C@@H]1C[C@H](OC(=O)[C@@H](N)C(C)C)C(=O)[C@H]2[C@@]1(C)CC[C@H]1C(=O)O[C@H](c3ccoc3)C[C@]21C,0,Ki (>),5.0,1,CHEMBL1644775
OCC1(N2CCC(n3c(-c4ccc(Cl)cc4)nc4ccccc43)CC2)CCCCCCC1,0,EC50 (>),5.0,2,CHEMBL1650843
O=c1[nH]c2ccccc2n1C1CCN(C2(CO)CCCCCCC2)CC1,1,EC50,6.84,2,CHEMBL1650851
Cc1cc(O)cc(C)c1C[C@@H](C(=O)N1Cc2ccccc2C[C@H]1C(=O)NCCC(=O)OC1=C2O[C@H]3[C@@H](O)C=C[C@H]4[C@H]5CC(C=C1)C2[C@]43CCN5C)N(C)C,1,EC50,7.54,3,CHEMBL1743605
N#Cc1cc(F)cc(C#Cc2csc(F)n2)c1,0,Ki (>),5.0,1,CHEMBL1672288
O=C(O)CN[C@H]1CC[C@@]2(OCCCc3ccccc3)[C@H]3Cc4ccc(O)c5c4[C@@]2(CCN3CC2CC2)[C@H]1O5,1,EC50,9.16,1,CHEMBL3216476
O=C(O)CN[C@@H]1CC[C@@]2(OCCCc3ccccc3)[C@H]3Cc4ccc(O)c5c4[C@@]2(CCN3CC2CC2)[C@H]1O5,1,EC50,8.37,1,CHEMBL3216936
Cc1ccc(S(=O)(=O)NCc2ccc(C(=O)NCCN(Cc3ccccc3)C(C)C)cc2)cc1,0,EC50 (>),4.49,7,CHEMBL1455766
COc1ccc(N2CCN(CCCNC(=O)Cn3c(=O)c4cccn4c4cccnc43)CC2)cc1,0,EC50 (>),4.49,6,CHEMBL1455045
Clc1ccccc1CSc1nnc(-c2ccccn2)n1Cc1cccs1,0,EC50 (>),4.49,1,CHEMBL1727555
Fc1ccc(CSc2nnc(-c3ccccn3)n2Cc2ccco2)c(C(F)(F)F)c1,0,EC50 (>),4.49,1,CHEMBL1727975
O=[N+]([O-])c1ccc(CSc2nnc(-c3ccccn3)n2Cc2cccs2)cc1,0,EC50 (>),4.49,1,CHEMBL1698808
Cc1ccccc1CSc1nnc(-c2ccccn2)n1Cc1cccs1,0,EC50 (>),4.49,1,CHEMBL1699465
Fc1cc(F)cc(CSc2nnc(-c3ccccn3)n2Cc2ccco2)c1,0,EC50 (>),4.49,1,CHEMBL1729515
FC(F)(F)c1ccc(CSc2nnc(-c3ccccn3)n2Cc2ccco2)cc1,0,EC50 (>),4.49,1,CHEMBL1700286
Cc1ccccc1CSc1nnc(-c2ccccn2)n1Cc1ccco1,0,EC50 (>),4.49,1,CHEMBL1709983
FC(F)(F)c1cc(CSc2nnc(-c3ccccn3)n2Cc2ccco2)ccc1Cl,0,EC50 (>),4.49,1,CHEMBL1719624
CC(=O)Oc1ccc(CSc2nnc(-c3ccccn3)n2Cc2cccs2)cc1,0,EC50 (>),4.49,1,CHEMBL1720084
N#Cc1ccc(CSc2nnc(-c3ccccn3)n2Cc2ccco2)cc1,0,EC50 (>),4.49,1,CHEMBL1710468
N#Cc1ccc(CSc2nnc(-c3ccccn3)n2Cc2cccs2)cc1,0,EC50 (>),4.49,1,CHEMBL1700695
Fc1cccc(F)c1CSc1nnc(-c2ccccn2)n1Cc1cccs1,0,EC50 (>),4.49,1,CHEMBL1701302
CC(C)c1ccc(CSc2nnc(-c3ccccn3)n2Cc2cccs2)cc1,0,EC50 (>),4.49,1,CHEMBL1710821
O=[N+]([O-])c1ccc(CSc2nnc(-c3ccccn3)n2Cc2ccco2)cc1,0,EC50 (>),4.49,1,CHEMBL1710674
Clc1ccc(CSc2nnc(-c3ccccn3)n2Cc2cccs2)cc1Cl,0,EC50 (>),4.49,3,CHEMBL1711785
COC(=O)c1ccc(CSc2nnc(-c3ccccn3)n2Cc2ccco2)cc1,0,EC50 (>),4.49,1,CHEMBL1711584
Cc1cc(C)c(CSc2nnc(-c3ccccn3)n2Cc2ccco2)c(C)c1,0,EC50 (>),4.49,1,CHEMBL1702487
CC(C)c1ccc(CSc2nnc(-c3ccccn3)n2Cc2ccco2)cc1,0,EC50 (>),4.49,1,CHEMBL1723174
Clc1ccc(CSc2nnc(-c3ccccn3)n2Cc2cccs2)c(Cl)c1,0,EC50 (>),4.49,3,CHEMBL1732877
Fc1ccc(CSc2nnc(-c3ccccn3)n2Cc2cccs2)c(C(F)(F)F)c1,0,EC50 (>),4.49,1,CHEMBL1704269
COc1cccc(CSc2nnc(-c3ccccn3)n2Cc2cccs2)c1,0,EC50 (>),4.49,1,CHEMBL1724470
COc1cccc(CSc2nnc(-c3ccccn3)n2Cc2ccco2)c1,0,EC50 (>),4.49,1,CHEMBL1734081
COC(=O)c1ccc(CSc2nnc(-c3ccccn3)n2Cc2cccs2)cc1,0,EC50 (>),4.49,1,CHEMBL1724187
FC(F)(F)c1ccc(CSc2nnc(-c3ccccn3)n2Cc2cccs2)cc1,0,EC50 (>),4.49,1,CHEMBL1714496
CC(=O)Oc1ccc(CSc2nnc(-c3ccccn3)n2Cc2ccco2)cc1,0,EC50 (>),4.49,1,CHEMBL1734701
Fc1ccc(CSc2nnc(-c3ccccn3)n2Cc2ccco2)c(F)c1F,0,EC50 (>),4.49,1,CHEMBL1714511
Fc1ccc(CSc2nnc(-c3ccccn3)n2Cc2cccs2)c(F)c1F,0,EC50 (>),4.49,1,CHEMBL1724786
Cc1c(CSc2nnc(-c3ccccn3)n2Cc2cccs2)cccc1[N+](=O)[O-],0,EC50 (>),4.49,1,CHEMBL1725083
Fc1cc(F)cc(CSc2nnc(-c3ccccn3)n2Cc2cccs2)c1,0,EC50 (>),4.49,1,CHEMBL1735782
Cc1c(CSc2nnc(-c3ccccn3)n2Cc2ccco2)cccc1[N+](=O)[O-],0,EC50 (>),4.49,1,CHEMBL1726372
Fc1cccc(F)c1CSc1nnc(-c2ccccn2)n1Cc1ccco1,0,EC50 (>),4.49,1,CHEMBL1736044
Cc1cc(C)c(CSc2nnc(-c3ccccn3)n2Cc2cccs2)c(C)c1,0,EC50 (>),4.49,1,CHEMBL1736750
FC(F)(F)c1cc(CSc2nnc(-c3ccccn3)n2Cc2cccs2)ccc1Cl,0,EC50 (>),4.49,1,CHEMBL1717075
Clc1ccccc1CSc1nnc(-c2ccccn2)n1Cc1ccco1,0,EC50 (>),4.49,3,CHEMBL1412822
COc1ccc(CSc2nnc(-c3ccccn3)n2Cc2ccco2)cc1,0,EC50 (>),4.49,2,CHEMBL1708361
Clc1ccc(CSc2nnc(-c3ccccn3)n2Cc2ccco2)cc1Cl,0,EC50 (>),4.49,2,CHEMBL1708421
Cc1ccc(S(=O)(=O)NCc2ccc(C(=O)NCCCN(Cc3ccccc3)C(C)C)cc2)cc1,0,EC50 (>),4.49,3,CHEMBL1699129
c1ccc(CSc2nnc(-c3ccccn3)n2Cc2ccco2)cc1,0,EC50 (>),4.49,2,CHEMBL1728860
COC(=O)[C@H](Cc1c[nH]c2ccccc12)n1cc(-c2cc(C(=O)N3CCNCC3)cc(-c3cn([C@@H](Cc4ccc(O)cc4)C(=O)O)nn3)c2)nn1,0,EC50 (>),4.49,3,CHEMBL1341190;CHEMBL1618250
Brc1ccc(CSc2nnc(-c3ccccn3)n2Cc2cccs2)cc1,0,EC50 (>),4.49,2,CHEMBL1733721
Cc1cc(C)c(S(=O)(=O)NCc2ccc(C(=O)NCCN3Cc4ccccc4C3)cc2)c(C)c1,0,EC50 (>),4.49,2,CHEMBL1714581
Fc1ccc(CSc2nnc(-c3ccccn3)n2Cc2cccs2)c(F)c1,0,EC50 (>),4.49,2,CHEMBL1715518
c1ccc(CSc2nnc(-c3ccccn3)n2Cc2cccs2)cc1,0,EC50 (>),4.49,2,CHEMBL1705984
Cc1ccc(CSc2nnc(-c3ccccn3)n2Cc2cccs2)cc1,0,EC50 (>),4.49,2,CHEMBL1705658
CCc1ccc(S(=O)(=O)NCc2ccc(C(=O)NCCN(Cc3ccccc3)C(C)C)cc2)cc1,0,EC50 (>),4.49,3,CHEMBL1735687
Cc1ccc(CSc2nnc(-c3ccccn3)n2Cc2ccco2)cc1,0,EC50 (>),4.49,2,CHEMBL1725867
CCc1ccc(S(=O)(=O)NCc2ccc(C(=O)NCCc3ccccc3)cc2)cc1,0,EC50 (>),4.49,2,CHEMBL1706568
COc1ccc(CSc2nnc(-c3ccccn3)n2Cc2cccs2)cc1,0,EC50 (>),4.49,2,CHEMBL1727109
O=C(CSc1nnc(-c2ccccn2)n1Cc1ccco1)c1ccc(Cl)cc1,0,EC50 (>),4.49,2,CHEMBL1403666
CCCCN(Cc1cc2cc(OC)ccc2nc1O)C(=O)c1ccccn1,0,EC50 (>),4.49,2,CHEMBL1568059
COc1ccc(C)cc1NC(=O)CSc1nnc(-c2ccccn2)n1Cc1ccco1,0,EC50 (>),4.49,2,CHEMBL1430524
O=C(NC(NC(=S)Nc1ccc(F)cc1)C(Cl)(Cl)Cl)OCc1ccccc1,0,EC50 (>),4.49,2,CHEMBL1718305
Cc1ccc(S(=O)(=O)NCc2ccc(C(=O)N3CCN(Cc4ccccc4)CC3)cc2)cc1,0,EC50 (>),4.49,2,CHEMBL1343080
CCCCN(Cc1cc2cc(C)ccc2nc1O)C(=O)c1ccccn1,0,EC50 (>),4.49,3,CHEMBL1417841
Cc1cccc(C)c1NC(=O)C1(N(Cc2ccco2)C(=O)c2ccccn2)CCCC1,0,EC50 (>),4.49,3,CHEMBL1569631
O=C(NC(NC(=S)Nc1ccc(Cl)c(Cl)c1)C(Cl)(Cl)Cl)OCc1ccccc1,0,EC50 (>),4.49,2,CHEMBL1719035
Cc1ccc(CN2C3CCCC2CC(NC(=O)c2ccc(C)cc2)C3)cc1,0,EC50 (>),4.49,2,CHEMBL1384726
O=C(c1cnccn1)N(Cc1cccs1)C1(C(=O)NC2CCCCC2)CCCCC1,0,EC50 (>),4.49,2,CHEMBL1493386
Oc1c(C=Nc2cccc3cccnc23)sc2ccccc12,0,EC50 (>),4.49,2,CHEMBL1369123
Clc1ccc(CSc2nnc(-c3ccccn3)n2Cc2ccco2)c(Cl)c1,0,EC50 (>),4.49,3,CHEMBL1585267
Clc1cccc(CSc2nnc(-c3ccccn3)n2Cc2ccco2)c1,0,EC50 (>),4.49,3,CHEMBL1564473
COc1ccc(N2CCN(CCCNC(=O)Cn3c(=O)c4cccn4c4ccccc43)CC2)cc1,0,EC50 (>),4.49,3,CHEMBL1588996
CC(=O)c1ccc(S(=O)(=O)NCc2ccc(C(=O)N(C)CC(=O)Nc3cccc(F)c3)cc2)cc1,0,EC50 (>),4.49,2,CHEMBL1478375
O=C(Cn1c(=O)c2cccn2c2ccccc21)NCCCN1CCN(c2ccc(F)cc2)CC1,0,EC50 (>),4.49,2,CHEMBL1729385
Cc1ccc(C)c(NC(S)=NC(NC(=O)OCc2ccccc2)C(Cl)(Cl)Cl)c1,0,EC50 (>),4.49,2,CHEMBL1430337
COc1ccc(CC2(CO)CCN(Cc3nccn3-c3cccc(C)c3)CC2)cc1,0,EC50 (>),4.49,2,CHEMBL1720217
O=C(NC(NC(=S)Nc1ccc(Cl)cc1Cl)C(Cl)(Cl)Cl)OCc1ccccc1,0,EC50 (>),4.49,2,CHEMBL1710618
CCC(C)(C(=O)NC1CCCCC1)N(Cc1ccco1)C(=O)c1cnccn1,0,EC50 (>),4.49,3,CHEMBL1391476
CCCCN(Cc1cc2ccccc2nc1O)C(=O)c1ccccn1,0,EC50 (>),4.49,3,CHEMBL1388755
CC(C)(C)c1ccc(CSc2nnc(-c3ccccn3)n2Cc2ccco2)cc1,0,EC50 (>),4.49,2,CHEMBL1505687
Cc1ccc(NC(=S)NC(NC(=O)OCc2ccccc2)C(Cl)(Cl)Cl)c(C)c1,0,EC50 (>),4.49,2,CHEMBL1710676
O=C(c1ccccn1)N(Cc1cccs1)C1(C(=O)NC2CCCCC2)CCCCC1,0,EC50 (>),4.49,3,CHEMBL1333440
Brc1ccc(CSc2nnc(-c3ccccn3)n2Cc2ccco2)cc1,0,EC50 (>),4.49,3,CHEMBL1311570
O=C(c1ccccn1)N(Cc1cc2ccccc2nc1O)C1CCCCC1,0,EC50 (>),4.49,2,CHEMBL1602191
COc1cc(Cl)c(C)cc1NC(=O)CSc1nnc(-c2ccccn2)n1Cc1ccco1,0,EC50 (>),4.49,3,CHEMBL1445729
Oc1ccc(C=NNc2ccnc3cc(Cl)ccc23)cc1O,0,EC50 (>),4.49,2,CHEMBL1448902
Cc1ccc2nc(O)c(CN(C)C(=O)c3ccccn3)cc2c1,0,EC50 (>),4.49,2,CHEMBL1524012
COc1ccc(CN(CC2CCCO2)C(=O)CN2C(=O)COc3ccccc32)cc1OC,0,EC50 (>),4.49,3,CHEMBL1342964
COc1ccc(S(=O)(=O)NCc2ccc(C(=O)NCCN(C)Cc3ccccc3)cc2)cc1,0,EC50 (>),4.49,2,CHEMBL1731800
O=C(c1cnccn1)N(Cc1ccco1)C1(C(=O)NC2CCCC2)CCCCC1,0,EC50 (>),4.49,2,CHEMBL1371990
CC(=O)c1ccc(S(=O)(=O)NCc2ccc(C(=O)NCC(c3ccccc3)N(C)C)cc2)cc1,0,EC50 (>),4.49,1,CHEMBL1511139
O=C(NC(NC(=S)Nc1cccc(Br)c1)C(Cl)(Cl)Cl)OCc1ccccc1,0,EC50 (>),4.49,2,CHEMBL1732148
COc1ccc(S(=O)(=O)NCc2ccc(C(=O)N3CCN(Cc4ccccc4)CC3)cc2)cc1,0,EC50 (>),4.49,2,CHEMBL1712643
O=C(c1ccccn1)N(Cc1ccco1)C1(C(=O)NC2CCCCC2)CCCCC1,0,EC50 (>),4.49,3,CHEMBL1480657
O=C(c1ccc(CNS(=O)(=O)c2ccccc2)cc1)N1CCN(Cc2ccccc2)CC1,0,EC50 (>),4.49,2,CHEMBL1455762
CCC(C)(C(=O)NC1CCCCC1)N(Cc1ccco1)C(=O)c1ccccn1,0,EC50 (>),4.49,3,CHEMBL1493095
Cc1ccc(C)c(N2CCN(CCCNC(=O)Cn3c(=O)c4cccn4c4cccnc43)CC2)c1,0,EC50 (>),4.49,2,CHEMBL1346675
CCC(C)(C(=O)NC1CCCC1)N(Cc1cccs1)C(=O)c1ccccn1,0,EC50 (>),4.49,3,CHEMBL1508445
COc1ccc(CN(Cc2ccccn2)C(=O)CN2C(=O)COc3ccccc32)cc1,0,EC50 (>),4.49,2,CHEMBL1726942
Cc1ccc(C)c(N2CCN(CCCNC(=O)CCn3c(=O)c4cccn4c4cccnc43)CC2)c1,0,EC50 (>),4.49,2,CHEMBL1440728
O=C(NC(NC(=S)Nc1c(Cl)cccc1Cl)C(Cl)(Cl)Cl)OCc1ccccc1,0,EC50 (>),4.49,1,CHEMBL1461661
O=C(c1ccccn1)N(Cc1ccco1)C1(C(=O)Nc2ccc(Br)cc2)CCCCC1,0,EC50 (>),4.49,2,CHEMBL1723909
CCC(=NNc1ccnc2cc(Cl)ccc12)c1ccc(O)cc1,0,EC50,4.6,2,CHEMBL1594497
COc1ccc(C(=O)CSc2nnc(-c3ccccn3)n2Cc2ccco2)cc1,0,EC50 (>),4.49,2,CHEMBL1348399
Cc1cccc(-n2ccnc2CN2CCC(CO)(CC3CCCCO3)CC2)c1,0,EC50 (>),4.49,2,CHEMBL1724710
O=C(Cn1c(=O)c2cccn2c2cccnc21)NCCCN1CCN(c2ccc(F)cc2)CC1,0,EC50 (>),4.49,2,CHEMBL1705910
CCOc1ccc(C(=O)NC2CC3CCCC(C2)N3Cc2ccccc2)cc1,0,EC50 (>),4.49,3,CHEMBL1359415
CCCN(Cc1cc2ccc(C)cc2nc1O)C(=O)c1ccccn1,0,EC50 (>),4.49,2,CHEMBL1565651
O=C(NC(NC(=S)Nc1c(Cl)cc(Cl)cc1Cl)C(Cl)(Cl)Cl)OCc1ccccc1,0,EC50 (>),4.49,2,CHEMBL1405968
CC(=O)Nc1ccc(S(=O)(=O)NCc2ccc(C(=O)NCCN(C)Cc3ccccc3)cc2)cc1,0,EC50 (>),4.49,2,CHEMBL1706477
O=C(NC(NC(=S)Nc1ccccc1)C(Cl)(Cl)Cl)OCc1ccccc1,0,EC50 (>),4.49,2,CHEMBL1726168
C(=C/c1ccccc1)\CSc1nnc(-c2ccccn2)n1Cc1ccco1,0,EC50 (>),4.49,3,CHEMBL1490629
O=C(NC(NC(=S)Nc1cccc(Cl)c1)C(Cl)(Cl)Cl)OCc1ccccc1,0,EC50 (>),4.49,2,CHEMBL1416769
O=C(NC(NC(=S)Nc1ccc(Br)cc1)C(Cl)(Cl)Cl)OCc1ccccc1,0,EC50 (>),4.49,2,CHEMBL1707460
Cc1ccc(NC(=S)NC(NC(=O)OCc2ccccc2)C(Cl)(Cl)Cl)cc1,0,EC50 (>),4.49,2,CHEMBL1716867
CCCN(Cc1cc2cc(C)ccc2nc1O)C(=O)c1ccccn1,0,EC50 (>),4.49,2,CHEMBL1362498
O=C(Nc1nnc(-c2cccs2)o1)c1cccc(Oc2ccccc2)c1,0,EC50 (>),4.49,1,CHEMBL1542886
Oc1c(Cl)cc(Cl)c2cccnc12,0,EC50 (>),4.49,1,CHEMBL1200596
Cc1ccc(Cl)cc1N=C(S)N(Cc1cccs1)C1CCCC1,0,EC50 (>),4.49,1,CHEMBL1539591
Cc1cn(-c2cc(NC(=O)c3ccc(C)c(NC(=O)c4cccc(-c5cnnc(O)c5)c4)c3)cc(C(F)(F)F)c2)cn1,0,EC50 (>),4.49,1,CHEMBL1554920
CCN(CCCNC(=O)C1CCN(S(=O)(=O)N2CCC3(CC2)OCCO3)CC1)c1ccccc1,0,EC50 (>),4.49,1,CHEMBL1448582
Cc1c(Cl)sn(-c2ccc(Cl)cc2)c1=O,0,EC50 (>),4.49,1,CHEMBL1442788
COc1ccc(CCN2C(=O)CS/C2=N\c2ccc(C(C)C)cc2)cc1OC,0,EC50 (>),4.49,1,CHEMBL1966192
COc1cccc2sc(Nc3nc(-c4ccccn4)cs3)nc12,0,EC50 (>),4.49,1,CHEMBL546170
Cc1cccc(Cc2cnc(N3C(=N)SC(C)C3=O)s2)c1,0,EC50 (>),4.49,1,CHEMBL1324005
Oc1cc(CSc2ccc(Cl)cc2)nc(-c2ccccn2)n1,0,EC50 (>),4.49,1,CHEMBL1578482
CCOc1cc(CNC2CCCC2)cc(Cl)c1OCc1ccccc1,0,EC50 (>),4.49,1,CHEMBL1358924
N#Cc1ccc(-c2cccnc2)nc1SCC(=O)Nc1sc2c(c1C#N)CCC2,0,EC50 (>),4.49,1,CHEMBL1476347
O=C(c1ccc([N+](=O)[O-])cc1)N(Cc1ccc(Cl)cc1)N1C(=O)CCCC1=O,0,EC50 (>),4.49,1,CHEMBL1464584
Nc1c2c(nc3sc4c(c13)CCCC4)CCCC2,0,EC50 (>),4.49,1,CHEMBL1504142
COCCN(CC(=O)NC1CCCCC1)C(=O)/C=C/C(=O)c1ccc(OC)cc1O,0,EC50 (>),4.49,1,CHEMBL1477197
Cc1ccc(S(=O)(=O)Nc2cccc3cccnc23)cc1,0,EC50 (>),4.49,1,CHEMBL1487635
Cc1cccc(-c2nnc(NC(=O)c3ccc(Cl)cc3)o2)c1,0,EC50 (>),4.49,1,CHEMBL1578607
Nc1ccc(C2(c3ccc(N)cc3)c3ccccc3-c3ccccc32)cc1,0,EC50 (>),4.49,1,CHEMBL341910
COc1cc(NC(=O)Cn2ncc(Cl)c(Cl)c2=O)c(C)cc1[N+](=O)[O-],0,EC50 (>),4.49,1,CHEMBL1299526
COc1ccc(-c2nnc(NC(=O)c3ccc(F)cc3)o2)cc1,0,EC50 (>),4.49,1,CHEMBL1336535
CCc1nnc(NC(=O)c2cccc(C(=O)Nc3nnc(CC)s3)n2)s1,0,EC50 (>),4.49,1,CHEMBL1562926
Cc1ccc(CN2C3CCCC2CC(NC(=O)c2ccc(F)cc2)C3)cc1,0,EC50 (>),4.49,1,CHEMBL1464745
COc1ccc(C[C@@H]2CN3C(=NC[C@@H]3C)N2CCNC(=O)c2ccc(C)c(Br)c2)cc1,0,EC50 (>),4.49,1,CHEMBL1329667
CNc1cc(Cl)c2nonc2c1[N+](=O)[O-],0,EC50 (>),4.49,1,CHEMBL1585390
COc1ccc(C[C@H]2CN3C(=NC[C@@H]3C(C)C)N2C[C@H](C)NC(=O)c2ccc(C)c(Br)c2)cc1,0,EC50 (>),4.49,1,CHEMBL1530899
Cc1ccc(S(=O)(=O)Nc2cccc3cccnc23)c([N+](=O)[O-])c1,0,EC50 (>),4.49,1,CHEMBL256042
COc1ccc(S(=O)(=O)N(CC(=O)Nc2ccc(S(=O)(=O)N3CCOCC3)cc2)c2ccccc2)cc1,0,EC50 (>),4.49,1,CHEMBL1445491
CC(=O)Nc1ccc(NC(=O)C(C)OC(=O)c2ccccc2C(=O)c2ccc(Cl)c([N+](=O)[O-])c2)cc1,0,EC50 (>),4.49,1,CHEMBL1461585
COc1ccc(C(=O)/C=C/C(=O)N(CC(=O)NC2CCCCC2)Cc2ccccc2)c(O)c1,0,EC50 (>),4.49,1,CHEMBL1491626
CN(C(=O)Cc1ccccc1)[C@@H]1CC[C@]2(CCCO2)C[C@H]1N1CCCC1,0,EC50 (>),4.49,1,CHEMBL102426
COc1ccc(-c2cc(=O)n(-c3nc4ccccc4[nH]3)[nH]2)cc1,0,EC50 (>),4.49,1,CHEMBL3145108
Cc1c(Nc2cc(Cl)c3nonc3c2[N+](=O)[O-])c(=O)n(-c2ccccc2)n1C,0,EC50 (>),4.49,1,CHEMBL1303426
COCc1cc(O)nc(Nc2nc3ccc(C)cc3o2)n1,0,EC50 (>),4.49,1,CHEMBL1492017
O=C(Nc1nc2ccccc2n1CCN1CCCC1)c1ccc(Cl)cc1,0,EC50 (>),4.49,1,CHEMBL1449023
Cc1ccccc1NC(=O)c1ccc(COc2ccc3c(C)cc(=O)oc3c2)cc1,0,EC50 (>),4.49,1,CHEMBL1579296
S=c1sc2c(Cl)ncnc2n1-c1ccccc1,0,EC50 (>),4.49,1,CHEMBL1350432
CC(OC(=O)c1cc2c(ccc3ccccc32)oc1=O)c1nc2ccccc2s1,0,EC50 (>),4.49,1,CHEMBL1455427
CCCc1nc2oc3c(Cl)ncnc3c2c2c1CCCC2,0,EC50 (>),4.49,1,CHEMBL1558590
O=S(=O)(Nc1cccc2ncccc12)c1cccs1,0,EC50 (>),4.49,1,CHEMBL1343705
CC(Oc1ccc(Br)cc1)C(=O)Nc1nc(-c2ccccn2)cs1,0,EC50 (>),4.49,1,CHEMBL1599708
O=C(OCn1ncc(Br)c(Br)c1=O)c1ccc(F)cc1,0,EC50 (>),4.49,1,CHEMBL1485010
COc1ccc(-c2csc(N3C(=N)SCC3=O)n2)cc1,0,EC50 (>),4.49,1,CHEMBL1383537
CCN(CC)C(CNC(=O)c1cc(O)nc2ccccc12)c1ccccc1Cl,0,EC50 (>),4.49,1,CHEMBL1602250
CCc1ccc(NC(=O)c2nc(S(=O)(=O)Cc3ccccc3)ncc2Cl)cc1,0,EC50 (>),4.49,1,CHEMBL1307050
Cc1[nH]c2ccccc2c1/C=C1\SC(=N)N(c2nccs2)C1=O,0,EC50 (>),4.49,1,CHEMBL1390716
Cc1ccc(C(=O)NC2CC3CCCC(C2)N3Cc2ccccc2)cc1,0,EC50 (>),4.49,1,CHEMBL1387060
COc1cc2c(c(OC)c1OC)-c1c(cc3c(c1OC)OCO3)C1OC2[C@@H](C)[C@H]1C,0,EC50 (>),4.49,1,CHEMBL1310734
CC(Sc1nnc(CN2CCCC2)n1Cc1ccccc1)C(=O)Nc1ccc(F)cc1,0,EC50 (>),4.49,1,CHEMBL1501598
COc1ccc(/C=C2\SC(=N)N(c3nccs3)C2=O)cc1OC,0,EC50 (>),4.49,1,CHEMBL1458833
COc1ccc(-c2csc(Cc3nc(O)cs3)n2)cc1,0,EC50 (>),4.49,1,CHEMBL1544221
COc1cc(OC)c(OC)cc1CCC(C)NCCC(c1ccccc1)c1ccccc1,0,EC50 (>),4.49,1,CHEMBL1334809
O=C(Cn1ncc(Cl)c(Cl)c1=O)N1CCc2ccccc21,0,EC50 (>),4.49,1,CHEMBL1337227
CC(=O)N1N=C(c2cccs2)CC1c1cccc([N+](=O)[O-])c1,0,EC50 (>),4.49,1,CHEMBL1586491
O=[N+]([O-])c1ccc2nc(Cl)nc(-c3ccccc3)c2c1,0,EC50 (>),4.49,1,CHEMBL1553074
Oc1c(I)cc(Cl)c2cccnc12,0,AC50 (>),4.52,2,CHEMBL497
CCCOc1ccc(C(=O)NNC(=S)NC(=O)CC)cc1,0,EC50 (>),4.49,1,CHEMBL1522211
Oc1ccc(CN2CCc3ccccc3C2)c2cccnc12,0,EC50 (>),4.49,1,CHEMBL1597655
Cc1ccc(NC(=O)c2cc(N3C(=O)C=CC3=O)ccc2N2CCOCC2)cc1,0,EC50 (>),4.49,1,CHEMBL1391094
O=[N+]([O-])c1c(Nc2ccccc2O)cc(Cl)c2nonc12,0,EC50 (>),4.49,1,CHEMBL1319867
CC(=O)OCCNc1cc(Sc2nc3ccccc3[nH]2)c2nonc2c1[N+](=O)[O-],0,EC50 (>),4.49,1,CHEMBL1609419
COc1ccccc1/N=c1\scc(-c2ccc3c(c2)NC(=O)CO3)n1CC1CCCO1,0,EC50 (>),4.49,1,CHEMBL3193629
CCOc1ccccc1C(=O)NC1CC2CCCC(C1)N2Cc1ccc(C)cc1,0,EC50 (>),4.49,1,CHEMBL1377278
Cc1ccc(Nc2cc(C)nn2-c2nc(C)cc(O)n2)cc1,0,EC50 (>),4.49,1,CHEMBL586135
Oc1nc(-c2ccccn2)nc2sc(-c3ccccc3)cc12,0,EC50 (>),4.49,1,CHEMBL1387605
CCC(C)(C(=O)NC1CCCC1)N(Cc1ccco1)C(=O)c1ccccn1,0,EC50 (>),4.49,1,CHEMBL1391435
O=C(c1ccccn1)N(Cc1ccco1)C1(C(=O)NC2CCCC2)CCCCC1,0,EC50 (>),4.49,1,CHEMBL1426998
CCC(=O)OCCNc1cc(Sc2nccn2C)c2nonc2c1[N+](=O)[O-],0,EC50 (>),4.49,1,CHEMBL1570958
COc1ccc(N2CCN(CCCNC(=O)C(=O)c3c(C)n(C)c4ccccc34)CC2)cc1,0,EC50 (>),4.49,1,CHEMBL1351467
Oc1nc(Nc2nc3ccccc3o2)nc2c1CCCC2,0,EC50 (>),4.49,1,CHEMBL1411665
CCCN(CCC)CC(O)Cn1cc(/C=C/C(=O)c2cccs2)c2ccccc21,0,EC50 (>),4.49,1,CHEMBL1375133
COC(=O)c1ccc(C)c(-n2c(=O)n(Cc3ccccc3)c(=O)c3[nH]cnc32)c1,0,EC50 (>),4.49,1,CHEMBL1384246
COc1cccc(/C=C/c2ccc3cccc(O)c3n2)c1OC,0,EC50 (>),4.49,1,CHEMBL1431014
Cc1ccc(C(=O)N[C@@H](C)CN2C3=NC[C@@H](Cc4ccccc4)N3C[C@H]2Cc2ccc(O)cc2)cc1Br,0,EC50 (>),4.49,1,CHEMBL1311831
CCC(=O)OCCNc1cc(Sc2nc3ccccc3[nH]2)c2nonc2c1[N+](=O)[O-],0,EC50 (>),4.49,1,CHEMBL1520214
COc1cc2ccccc2cc1C(=O)Nc1sc2c(c1C(N)=O)CCN(C(C)C)C2,0,EC50 (>),4.49,1,CHEMBL1384373
CCS(=O)(=O)c1ncc(Cl)c(C(=O)Nc2ccc(S(=O)(=O)N(C)c3ccccc3)cc2)n1,0,EC50 (>),4.49,1,CHEMBL1416089
CCc1nc2sc3c(Cl)ncnc3c2c2c1CCCC2,0,EC50 (>),4.49,1,CHEMBL1456130
Cc1cccc(CSc2cccc3cccnc23)c1,0,EC50 (>),4.49,1,CHEMBL1384550
Cc1cccc(C(=O)NC2CC3CCCC(C2)N3Cc2ccccc2)c1,0,EC50 (>),4.49,1,CHEMBL1439246
Cc1cccc(-n2ccnc2CN2CCC(CO)(Cc3ccccc3)CC2)c1,0,EC50 (>),4.49,1,CHEMBL1564311
COc1cc(/C=C/c2ccc3cccc(O)c3n2)ccc1O,0,EC50 (>),4.49,1,CHEMBL1370719
CC(NC(=O)Cn1ncc(Cl)c(Cl)c1=O)C12CC3CC(CC(C3)C1)C2,0,EC50 (>),4.49,1,CHEMBL1510156
Cc1ccc2oc(Nc3nc(O)cc(-c4ccccc4)n3)nc2c1,0,EC50 (>),4.49,1,CHEMBL1427431
CCC(=O)OCCNc1cc(Sc2nc3ccccc3s2)c2nonc2c1[N+](=O)[O-],0,EC50 (>),4.49,1,CHEMBL1610025
CCC(C)(C(=O)NC1CCCCC1)N(Cc1cccs1)C(=O)c1ccccn1,0,EC50 (>),4.49,1,CHEMBL1412078
Cc1ccc(C)c(N2CCN(C(=O)C(Cc3ccccc3)n3cccc3)CC2)c1,0,EC50 (>),4.49,1,CHEMBL1549254
CCCCN(CCCNC(=O)C1CCN(S(=O)(=O)N2CCOCC2)CC1)c1ccccc1,0,EC50 (>),4.49,1,CHEMBL1368060
Cc1cc(OCC(=O)Nc2ccc(S(=O)(=O)N3CCN(C)CC3)cc2)cc(C)c1Cl,0,EC50 (>),4.49,1,CHEMBL1545369
O=[N+]([O-])c1cc(Cl)c(O)c2ncccc12,0,EC50 (>),4.49,1,CHEMBL140425
CC1CCc2c(nc3sc4c(c3c2N)CCCC4)C1,0,EC50 (>),4.49,1,CHEMBL1442120
O=C(Sc1cccc2cccnc12)c1ccccc1Br,0,EC50 (>),4.49,1,CHEMBL1486214
COc1cc(/C=C2\SC(=S)N(NC(=O)c3ccc(O)c(OC)c3)C2=O)ccc1O,0,EC50 (>),4.49,1,CHEMBL1606916
Cc1nnc(Sc2cc(NCCCO)c([N+](=O)[O-])c3nonc23)s1,0,EC50 (>),4.49,1,CHEMBL1588411
O=C(NNC(=O)c1ccccc1OCc1ccccc1Cl)c1csc(N2CCOCC2)n1,0,EC50 (>),4.49,1,CHEMBL1471101
CCOc1ccc2nc(N3C(=O)CNC3=S)sc2c1,0,EC50 (>),4.49,1,CHEMBL1580946
O=C(NNC(=O)C12CC3CC(CC(C3)C1)C2)c1ccccn1,0,EC50 (>),4.49,1,CHEMBL1421427
O=C(Nc1nccs1)c1sc2cc(Cl)ccc2c1Cl,0,EC50 (>),4.49,1,CHEMBL1363376
O=C(NNC1=Nc2ccccc2SC1)c1ccc(Cl)cc1,0,EC50 (>),4.49,1,CHEMBL1557615
Cc1nc(-c2ccccn2)nc(S)c1Cl,0,EC50 (>),4.49,1,CHEMBL1539016
O=S(=O)(Nc1cccc2cccnc12)c1ccc(S(=O)(=O)N2CCCC2)cc1,0,EC50 (>),4.49,1,CHEMBL1323553
O=C1C2ON(c3ccccc3)C(c3cccnc3)C2C(=O)N1c1ccc(Cl)c(Cl)c1,0,EC50 (>),4.49,1,CHEMBL1484009
O=C(c1cnccn1)N(Cc1ccco1)C1(C(=O)NC2CCCCC2)CCCCC1,0,EC50 (>),4.49,1,CHEMBL1545811
Cc1ccc2c(C)ccc(O)c2n1,0,EC50 (>),4.49,1,CHEMBL1460585
O=C(Nc1nnc(SCc2ccc(F)cc2)s1)c1ccccn1,0,EC50 (>),4.49,1,CHEMBL1460705
O=C(Nc1nnc(-c2ccccc2)o1)c1ccc(Cl)cc1,0,EC50 (>),4.49,1,CHEMBL1557648
O=c1cc(-c2c(F)c(F)c(F)c(F)c2F)oc2ccccc12,0,EC50 (>),4.49,1,CHEMBL1421770
COc1cc(OC)cc(-c2nnc(NC(=O)c3ccc4c(c3)OCCO4)o2)c1,0,EC50 (>),4.49,1,CHEMBL1302178
N=C1S/C(=C\c2ccc(-c3cccc(Cl)c3)o2)C(=O)N1c1nccs1,0,EC50 (>),4.49,1,CHEMBL1493936
CCCC(=O)OCCNc1cc(Sc2nccn2C)c2nonc2c1[N+](=O)[O-],0,EC50 (>),4.49,1,CHEMBL1385690
O=C(c1ccc([N+](=O)[O-])cc1)N(Cc1ccc(Br)cc1)N1C(=O)CCCC1=O,0,EC50 (>),4.49,1,CHEMBL1479335
COc1cc(/C=C/c2sc3ccccc3[n+]2CCCS(=O)(=O)[O-])ccc1O,0,EC50 (>),4.49,1,CHEMBL1557816
O=C(NC(=S)N1CCN(c2ccc(Cl)cc2[N+](=O)[O-])CC1)c1cccs1,0,EC50 (>),4.49,1,CHEMBL1500450
O=[N+]([O-])c1ccccc1S(=O)(=O)Nc1cccc2cccnc12,0,EC50 (>),4.49,1,CHEMBL270605
Nc1nc2cc3c(cc2s1)C[C@@H]1[C@@H]2CCCC[C@]32CCN1CCCF,1,EC50,6.89,2,CHEMBL1766022
Nc1nc2cc3c(cc2s1)C[C@@H]1[C@@H]2CCCC[C@]32CCN1C[C@@H]1CCCO1,1,EC50,7.15,2,CHEMBL1766023
CNc1nc2cc3c(cc2s1)C[C@@H]1[C@@H]2CCCC[C@]32CCN1CC1CC1,1,EC50,7.33,2,CHEMBL1766024
CCNc1nc2cc3c(cc2s1)C[C@@H]1[C@@H]2CCCC[C@]32CCN1CC1CC1,1,EC50,6.38,2,CHEMBL1766025
CN(C)c1nc2cc3c(cc2s1)C[C@@H]1[C@@H]2CCCC[C@]32CCN1CC1CC1,1,EC50,6.85,2,CHEMBL1766036
CNc1nc2cc3c(cc2s1)C[C@@H]1[C@@H]2CCCC[C@]32CCN1CCCF,1,EC50,7.54,2,CHEMBL1766041
CCNc1nc2cc3c(cc2s1)C[C@@H]1[C@@H]2CCCC[C@]32CCN1CCCF,1,EC50,6.62,2,CHEMBL1766043
c1c2c(cc3sc(NCCCCCCCCCCNc4nc5cc6c(cc5s4)C[C@@H]4[C@@H]5CCCC[C@]65CCN4CC4CC4)nc13)C[C@@H]1[C@@H]3CCCC[C@]23CCN1CC1CC1,1,EC50,7.66,3,CHEMBL1774952
C=CCN1CC[C@]23c4c5ccc(OC(=O)CCCCCCCCC(=O)Oc6ccc7c(c6)[C@@]68CCCC[C@@]6(O)[C@@H](C7)N(CC6CCC6)CC8)c4O[C@H]2C(=O)CC[C@@]3(O)[C@H]1C5,1,EC50,8.7,3,CHEMBL1774950
O=C(CCCCCCCCC(=O)Oc1ccc2c(c1)[C@@]13CCCC[C@@]1(O)[C@@H](C2)N(CC1CCC1)CC3)Oc1ccc2c(c1)[C@@]13CCCC[C@H]1[C@@H](C2)N(CC1CCC1)CC3,1,EC50,8.92,3,CHEMBL1774949
C=CCN1CC[C@]23c4c5ccc(OC(=O)CCCCCCCCC(=O)Oc6ccc7c(c6)[C@@]68CCCC[C@@]6(OC)[C@@H](C7)N(CC6CCC6)CC8)c4O[C@H]2C(=O)CC[C@@]3(O)[C@H]1C5,1,EC50,8.0,3,CHEMBL1774948
CO[C@@]12CCCC[C@@]13CCN(CC1CCC1)[C@@H]2Cc1ccc(OC(=O)CCCCCCCCC(=O)OCc2ccccc2)cc13,1,EC50,8.77,3,CHEMBL1773091
CO[C@@]12CCCC[C@@]13CCN(CC1CCC1)[C@@H]2Cc1ccc(OC(=O)CCCCCCCCC(=O)Oc2ccc4c(c2)[C@@]25CCCC[C@@]2(OC)[C@@H](C4)N(CC2CCC2)CC5)cc13,1,EC50,8.74,3,CHEMBL1774947
CO[C@@]12CCCC[C@@]13CCN(CC1CCC1)[C@@H]2Cc1ccc(O)cc13,1,EC50,8.44,3,CHEMBL1774946
O=C(CCCCCCCCC(=O)Nc1nc2cc3c(cc2s1)C[C@@H]1[C@@H]2CCCC[C@]32CCN1CC1CC1)Nc1nc2cc3c(cc2s1)C[C@@H]1[C@@H]2CCCC[C@]32CCN1CC1CC1,1,EC50,6.89,2,CHEMBL1774951
O=C(N[C@@H]1CC[C@@]2(O)[C@H]3Cc4ccc(O)c5c4[C@@]2(CCN3CC2CC2)[C@H]1O5)c1ccnc(Cl)c1,1,EC50,9.08,4,CHEMBL1824509;CHEMBL1852788
O=C(N[C@@H]1CC[C@@]2(O)[C@H]3Cc4ccc(O)c5c4[C@@]2(CCN3CC2CC2)[C@H]1O5)c1ccnc(Br)c1,1,EC50,8.92,4,CHEMBL1824510;CHEMBL1852385
Cc1cc(C(=O)N[C@@H]2CC[C@@]3(O)[C@H]4Cc5ccc(O)c6c5[C@@]3(CCN4CC3CC3)[C@H]2O6)ccn1,1,EC50,8.95,4,CHEMBL1824512;CHEMBL1852558
O=C(N[C@@H]1CC[C@@]2(O)[C@H]3Cc4ccc(O)c5c4[C@@]2(CCN3CC2CC2)[C@H]1O5)c1ccncc1Cl,1,EC50,8.63,4,CHEMBL1824514;CHEMBL1852672
O=C(N[C@@H]1CC[C@@]2(O)[C@H]3Cc4ccc(O)c5c4[C@@]2(CCN3CC2CC2)[C@H]1O5)c1ccncc1Br,1,EC50,8.88,4,CHEMBL1824513;CHEMBL1852602
Cc1cnccc1C(=O)N[C@@H]1CC[C@@]2(O)[C@H]3Cc4ccc(O)c5c4[C@@]2(CCN3CC2CC2)[C@H]1O5,1,EC50,8.82,4,CHEMBL1824515;CHEMBL1852393
O=C(Cc1ccncc1)N[C@@H]1CC[C@@]2(O)[C@H]3Cc4ccc(O)c5c4[C@@]2(CCN3CC2CC2)[C@H]1O5,1,EC50,8.63,4,CHEMBL1824516;CHEMBL1852814
O=C(CCc1ccncc1)N[C@@H]1CC[C@@]2(O)[C@H]3Cc4ccc(O)c5c4[C@@]2(CCN3CC2CC2)[C@H]1O5,1,EC50,8.84,4,CHEMBL1824511;CHEMBL1852555
O=C(CNC(=O)c1ccncc1)N[C@@H]1CC[C@@]2(O)[C@H]3Cc4ccc(O)c5c4[C@@]2(CCN3CC2CC2)[C@H]1O5,1,EC50,8.55,4,CHEMBL1824517;CHEMBL1852458
CN1CCC(C(=O)N[C@@H]2CC[C@@]3(O)[C@H]4Cc5ccc(O)c6c5[C@@]3(CCN4CC3CC3)[C@H]2O6)CC1,1,EC50,8.29,4,CHEMBL1824518;CHEMBL1852475
CCC(C)(C)[C@](C)(O)[C@H]1C[C@@]23CC[C@]1(OC)[C@@H]1Oc4c(O)ccc5c4[C@@]12CCN(CC1CC1)[C@@H]3C5,1,EC50,8.22,2,CHEMBL1834409
CO[C@]12CC[C@@]3(C[C@@H]1[C@](C)(O)CC(C)(C)C)[C@H]1Cc4ccc(O)c5c4[C@@]3(CCN1CC1CC1)[C@H]2O5,1,EC50,8.59,2,CHEMBL1834410
CO[C@]12CC[C@@]3(C[C@@H]1[C@](C)(O)CC1CC4CCC1C4)[C@H]1Cc4ccc(O)c5c4[C@@]3(CCN1CC1CC1)[C@H]2O5,1,EC50,8.21,2,CHEMBL1834413
COc1ccc(CCN2CCC(Nc3nc4ccccc4n3Cc3ccc(F)cc3)CC2)cc1,1,AC50,6.28,2,CHEMBL296419
C#C[C@]1(O)CC[C@H]2[C@@H]3CCc4cc(O)ccc4[C@H]3CC[C@@]21C,0,Ki,4.96,1,CHEMBL691
O=C(CCCN1CCC(O)(c2ccc(Cl)cc2)CC1)c1ccc(F)cc1,0,EC50 (>),5.0,4,CHEMBL54
C(=C/c1ccccc1)\CN1CCN(C(c2ccccc2)c2ccccc2)CC1,0,AC50 (>),4.52,2,CHEMBL43064
CC#C[C@]1(O)CC[C@H]2[C@@H]3CCC4=CC(=O)CCC4=C3[C@@H](c3ccc(N(C)C)cc3)C[C@@]21C,0,AC50 (>),4.52,2,CHEMBL1276308
CSc1ccc(/C=C2/C(C)=C(CC(=O)O)c3cc(F)ccc32)cc1,0,Ki,4.86,1,CHEMBL18797
CC(C)c1nc(CN(C)C(=O)N[C@H](C(=O)N[C@@H](Cc2ccccc2)C[C@H](O)[C@H](Cc2ccccc2)NC(=O)OCc2cncs2)C(C)C)cs1,0,AC50 (>),4.52,2,CHEMBL163
O=C(c1ccc(OCCN2CCCCC2)cc1)c1c(-c2ccc(O)cc2)sc2cc(O)ccc12,0,AC50 (>),4.52,2,CHEMBL81
COC(=O)[C@@H]1C[C@H](OC(C)=O)C(=O)[C@H]2[C@@]1(C)CC[C@H]1C(=O)O[C@@H](c3ccoc3)C[C@]21C,0,Ki (>),5.0,1,CHEMBL458235
COC(=O)[C@@H]1C[C@H](OC(C)=O)C(=O)[C@H]2[C@@]1(C)CC[C@H]1C(=O)O[C@H](/C=C/c3ccoc3)C[C@]21C,0,Ki (>),5.0,1,CHEMBL2022017
COC(=O)[C@@H]1C[C@H](OC(C)=O)C(=O)[C@H]2[C@@]1(C)CC[C@H]1C(=O)O[C@H](C(=O)c3ccccc3OC)C[C@]21C,0,Ki (>),5.0,1,CHEMBL2022020
COC(=O)[C@@H]1C[C@H](OC(C)=O)C(=O)[C@H]2[C@@]1(C)CC[C@H]1C(=O)O[C@H](C(=O)c3ccc(OC)cc3)C[C@]21C,0,Ki (>),5.0,1,CHEMBL2022022
COC(=O)[C@@H]1C[C@H](OC(C)=O)C(=O)[C@H]2[C@@]1(C)CC[C@H]1C(=O)O[C@H](C(=O)c3ccc(O)cc3)C[C@]21C,0,Ki (>),5.0,1,CHEMBL2022295
COC(=O)[C@@H]1C[C@H](OC(C)=O)C(=O)[C@H]2[C@@]1(C)CC[C@H]1C(=O)O[C@H](C(=O)c3cccc(C(N)=O)c3)C[C@]21C,0,Ki (>),5.0,1,CHEMBL2022296
COC(=O)[C@@H]1C[C@H](OC(C)=O)C(=O)[C@H]2[C@@]1(C)CC[C@H]1C(=O)O[C@H](C(=O)c3ccoc3)C[C@]21C,0,Ki (>),5.0,1,CHEMBL2022301
COC(=O)[C@@H]1C[C@H](OC(C)=O)C(=O)[C@H]2[C@@]1(C)CC[C@H]1C(=O)O[C@H](C(=O)c3cccs3)C[C@]21C,0,Ki (>),5.0,1,CHEMBL458870
COC(=O)[C@@H]1C[C@H](OC(C)=O)C(=O)[C@H]2[C@@]1(C)CC[C@H]1C(=O)O[C@H](C(=O)c3cc4ccccc4o3)C[C@]21C,0,Ki (>),5.0,1,CHEMBL2022303
COC(=O)[C@@H]1C[C@H](OC(C)=O)C(=O)[C@H]2[C@@]1(C)CC[C@H]1C(=O)O[C@H](C(=O)c3cc4ccccc4s3)C[C@]21C,0,Ki (>),5.0,1,CHEMBL2022304
Oc1ccccc1CNc1ccc2c(c1)[C@@]13CCCC[C@H]1[C@@H](C2)N(CC1CC1)CC3,1,EC50,8.06,3,CHEMBL2048771
Oc1ccc(CNc2ccc3c(c2)[C@@]24CCCC[C@H]2[C@@H](C3)N(CC2CCC2)CC4)cc1,1,EC50,8.44,3,CHEMBL2048770
Oc1ccccc1CNc1ccc2c(c1)[C@@]13CCCC[C@H]1[C@@H](C2)N(CC1CCC1)CC3,1,EC50,7.42,3,CHEMBL2048768
O=[N+]([O-])c1cccc(CNc2ccc3c(c2)[C@@]24CCCC[C@H]2[C@@H](C3)N(CC2CCC2)CC4)c1,1,EC50,8.96,3,CHEMBL2048767
c1cc2c(cc1CNc1ccc3c(c1)[C@@]14CCCC[C@H]1[C@@H](C3)N(CC1CCC1)CC4)OCO2,1,EC50,8.44,3,CHEMBL2048764
COc1ccc(CNc2ccc3c(c2)[C@@]24CCCC[C@H]2[C@@H](C3)N(CC2CCC2)CC4)cc1,1,EC50,8.11,3,CHEMBL2048762
COc1cccc(CNc2ccc3c(c2)[C@@]24CCCC[C@H]2[C@@H](C3)N(CC2CCC2)CC4)c1,1,EC50,8.42,3,CHEMBL2048761
CN1CC[C@]23c4c5ccc(NCc6cccc(O)c6)c4O[C@H]2[C@@H](O)C=C[C@H]3[C@H]1C5,1,EC50,6.26,2,CHEMBL2048786
COc1ccccc1CNc1ccc2c3c1O[C@H]1[C@@H](O)C=C[C@H]4[C@@H](C2)N(C)CC[C@@]341,1,EC50,6.68,2,CHEMBL2048782
CN1CC[C@]23CCCC[C@H]2[C@H]1Cc1ccc(NCc2cccc(O)c2)cc13,1,EC50,8.19,2,CHEMBL2048774
COc1ccc2c3c1O[C@H]1C(=O)CC[C@H]4[C@@H](C2)N(C)CC[C@]314,1,AC50,6.47,2,CHEMBL1457
COc1ccccc1CN1CCN(C(CC(C)C)c2nnnn2Cc2cccs2)CC1,0,EC50 (>),4.03,1,CHEMBL1363204
CN(C)C(CNC(=O)NC1CCCCC1)c1cccnc1,0,EC50 (>),4.03,1,CHEMBL1398707
Cc1cc(N2CCN(C)CC2)ccc1NC(=O)c1ccc(-c2ccc(Cl)cc2)o1,0,EC50 (>),4.03,1,CHEMBL1355165
Cc1ccc(NC(=O)c2ncn(CCCN[C@H](C)c3cccc4ccccc34)n2)cc1C,0,EC50 (>),4.99,1,CHEMBL1727052
COc1ccc(-c2csc(N(CCCN(C)C)C(=O)c3cccs3)n2)cc1,0,EC50 (>),4.03,1,CHEMBL1447060
Cc1ccc(C)c(-n2cc(CNCCc3cnccn3)c(-c3ccccc3)n2)c1,0,EC50 (>),4.03,1,CHEMBL1437810
Cc1ccc(Cn2c(=N)n(CC(O)COc3ccccc3)c3ccccc32)cc1,0,EC50,4.46,1,CHEMBL1422217
COC12CCC3(CC1C(C)(O)C(C)(C)C)[C@H]1Cc4ccc(OC5OC(C(=O)O)[C@@H](O)C(O)[C@H]5O)c5c4[C@@]3(CCN1CC1CC1)C2O5,0,EC50 (>),4.03,1,CHEMBL1727653
CN1C2C=C(N(CCc3ccccc3)C(=O)c3ccc(Cl)cc3)CC1CC2,0,EC50,4.17,1,CHEMBL1482107
Cc1cc(/C=C2\SC(=S)N(C)C2=O)c(C)n1-c1ccc(O)cc1,0,EC50 (>),4.03,1,CHEMBL1507251
CC(CC(=O)N(CCC1=CCCCC1)c1c(N)n(Cc2ccccc2)c(=O)[nH]c1=O)c1ccccc1,0,EC50 (>),4.03,1,CHEMBL1512925
Cc1ccccc1[N+]1=C2SCCN2C(O)(c2ccccc2)C1,0,EC50,4.73,1,CHEMBL1425453
Cc1cc(/C=C2/C(=O)NN(c3ccccc3)C2=O)c(C)n1-c1ccc(O)cc1,0,EC50 (>),4.03,1,CHEMBL1457803
Cc1ccc(OCC(=O)Nc2ccc(NC(=O)c3cccs3)cc2)c(C)c1,0,EC50 (>),4.03,1,CHEMBL1464640
CCc1ccc(NC(=O)N(CCCN2CCOCC2)Cc2cccs2)cc1,0,EC50 (>),4.03,1,CHEMBL1708052
CSCCC(/C(O)=C(\C#N)c1nc2ccccc2[nH]1)N1C(=O)c2ccccc2C1=O,0,EC50 (>),4.03,1,CHEMBL3208729
CCOC(=O)c1c(C)[nH]c(C(=O)OC/C(O)=C(\C#N)c2nc3ccccc3[nH]2)c1C,0,EC50 (>),4.03,1,CHEMBL1967837
Cc1ccc(CCN2C3=NC[C@H](Cc4ccc(O)cc4)N3C[C@@H]2CCCNC(=O)C2CCC2)cc1,0,EC50 (>),4.03,1,CHEMBL1437975
CCc1ccc2nc(N(CCCN(C)C)C(=O)c3ccc(S(=O)(=O)N4CCc5ccccc5C4)cc3)sc2c1,0,EC50 (>),4.03,1,CHEMBL1613445
CCC(=O)OC(Cc1ccccc1)(c1ccccc1)[C@H](C)CN(C)C,0,EC50 (>),4.03,1,CHEMBL1864323
O=C(COc1ccc(/C=N/NC(=O)c2cc3ccccc3o2)cc1Br)Nc1ccccc1,0,EC50 (>),4.03,1,CHEMBL1968356
COc1cc(NC(=O)c2cccc(C)c2)ccc1NC(=O)c1cc2ccccc2o1,0,EC50 (>),4.03,1,CHEMBL1596869
Cc1ccc(C)c(-n2cc(CNC(C)Cn3cncn3)c(-c3ccccc3)n2)c1,0,EC50 (>),4.03,1,CHEMBL1708311
CN(C)C(CNC(=O)c1cc2ccccc2o1)c1ccco1,0,EC50 (>),4.03,1,CHEMBL1728422
OCC1(CCc2ccccc2)CCN(Cc2cccn2-c2cccnc2)CC1,0,EC50,4.28,1,CHEMBL1558215
CC1[C@H]2Cc3ccc(O)cc3[C@]1(C)CCN2CCc1ccccc1,0,EC50 (>),4.99,1,CHEMBL1604493
OCC1(CCc2ccccc2)CCN(Cc2ccccc2Cl)CC1,0,EC50,4.17,1,CHEMBL1458051
CCOC(=O)C1(CCc2ccccc2)CCN(Cc2ccco2)CC1,0,EC50 (>),4.03,1,CHEMBL1468190
COc1ccc2c(c1)C=C(CN1CCC(CO)(CCc3ccccc3)CC1)CO2,0,EC50,4.07,1,CHEMBL1306479
CN1C2C=C(N(CCc3c[nH]c4ccccc34)C(=O)c3ccc(Cl)cc3)CC1CC2,0,EC50,4.32,1,CHEMBL1728158
Cc1ccc2c(Cl)c(Cc3ccccc3)c(S)nc2n1,0,EC50 (>),4.03,1,CHEMBL1728200
COc1ccc(CN2CCc3c([nH]c4ccccc34)C2)c(OC)c1C,0,EC50 (>),4.51,1,CHEMBL1487650
CC(C)c1ccc(NC(=O)N(CCc2nc3ccccc3[nH]2)C2CCCC2)cc1,0,EC50 (>),4.03,1,CHEMBL1378959
COc1ccc(-n2cc(CNCc3cccnc3)c(-c3cccc(F)c3)n2)cc1,0,EC50,4.15,1,CHEMBL1403842
CSC(=Nc1ccccc1)N=C(SCc1ccccc1)N(C)C,0,EC50 (>),4.03,1,CHEMBL1708714
CCOC(=O)C1(CCCc2ccccc2)CCN(Cc2cnn(C)c2)CC1,0,EC50,4.37,1,CHEMBL1533638
COc1ccc2[nH]c3c(=O)n(/N=C/[C@H]4C(C)C=C(C)CC4C)c(=O)[nH]c3c2c1,0,EC50 (>),4.03,1,CHEMBL3191251
CCn1cc(CNCc2cn(-c3ccccc3C)nc2-c2ccc(OC)c(F)c2)cn1,0,EC50,4.72,1,CHEMBL1448229
Cn1c(CN2CCN(c3cccc(Cl)c3)CC2)nc2ccccc21,0,EC50,4.8,1,CHEMBL1440652
CCC(=O)N(c1ccccc1)C1(COC)CCN(CCn2nnn(CC)c2=O)CC1,1,EC50,6.11,1,CHEMBL1200531
CC1[C@H]2Cc3ccc(O)cc3[C@]1(C)CCN2C,0,EC50 (>),4.03,1,CHEMBL1898602
Cc1ccc(C)c(CN2CCC(n3nnc4cc(F)ccc43)CC2)c1,0,EC50 (>),4.03,1,CHEMBL1419241
CCOC(=O)c1c(C)[nH]c(C(=O)OCC(O)=C(C#N)c2nc3ccccc3[nH]2)c1C,0,EC50 (>),4.03,1,CHEMBL1482070
CCn1c(N)[n+](CC(=O)Nc2ccc(SC(F)F)cc2)c2ccccc21,0,EC50 (>),4.03,1,CHEMBL1566118
Cc1ccccc1N(CC(=O)N/N=C/c1ccc(F)cc1)C(=O)c1ccccc1,0,EC50 (>),4.03,1,CHEMBL3213181
COc1cccc(CC2(CO)CCCN(Cc3ccccc3-c3ccco3)C2)c1,0,EC50 (>),4.03,1,CHEMBL1582232
COC(=O)NCC(c1ccc2c(c1)OCO2)N1CCN(c2ccccc2)CC1,0,EC50,4.76,1,CHEMBL1429212
CCN1CCN(S(=O)(=O)c2ccc(Cl)c(C(=O)N(CCc3ccccc3)Cc3ccccc3)c2)CC1,0,EC50 (>),4.03,1,CHEMBL1699738
COc1ccc(C(C)NCCC(c2ccc(OC(C)C)cc2)c2ccccc2OC)cc1,0,EC50 (>),4.03,1,CHEMBL1563176
COc1ccccc1NC(=O)c1sc2nc(C)cc(C)c2c1N,0,EC50 (>),4.03,1,CHEMBL1898753
CSCCCNC(=O)c1ccc(OC2CCN(CCc3ccccc3)CC2)cc1,0,EC50 (>),4.03,1,CHEMBL1379878
CN(C)C1(CNC(=O)c2ccc(Cl)c(S(=O)(=O)NCc3ccco3)c2)CCCCC1,0,EC50 (>),4.03,1,CHEMBL1699902
COc1cc(C2C(C#N)=C(N)N(c3sc4c(c3C#N)CCCC4)C3=C2C(=O)CC(C)(C)C3)cc(OC)c1OC,0,EC50 (>),4.03,1,CHEMBL1361813
Cc1cccc(NC(S)=NCC(c2cccnc2)N(C)C)c1,0,EC50,4.81,1,CHEMBL1719184
Cc1cc(=O)oc2cc(NC(=O)C3COc4ccccc4O3)ccc12,0,EC50 (>),4.03,1,CHEMBL1569933
CCN(CC)c1ccc(CNc2nc3ccccc3n2CCN2CCCCC2)cc1,0,EC50 (>),4.03,1,CHEMBL1531172
CC(=O)C1CCC2C3CC=C4CC(SC(=N)N)CCC4(C)C3CCC12C,0,EC50 (>),4.03,1,CHEMBL1898779
CN(C)C(CNC(=O)Cc1ccc(Br)cc1)c1ccccc1,0,EC50 (>),4.03,1,CHEMBL1700227
O=C(CSc1ccc(Cl)cc1)Nc1ccc(-c2nc3ccccc3[nH]2)cc1,0,EC50 (>),4.03,1,CHEMBL1419563
Cc1cc2[nH]c3c4ccccc4nc(C)c3c2cc1C,0,EC50 (>),4.03,1,CHEMBL1710136
COc1ccc(C(CNC(=O)c2cncc(Br)c2)N(C)C)cc1,0,EC50,4.73,1,CHEMBL1709988
Cc1ccc2[nH]c(SC(C(=O)Nc3ccc(F)cc3)c3ccccc3)nc2c1,0,EC50 (>),4.03,1,CHEMBL1303361
COc1ccc(/C=C/C(=O)NC(=S)NCCc2ccc(OC)c(OC)c2)cc1,0,EC50 (>),4.03,1,CHEMBL1458515
CCC(=O)C(CCN1CCOCC1)(c1ccccc1)c1ccccc1,0,EC50,4.92,1,CHEMBL1720091
Clc1ccc2c(N/N=C/c3ccccc3Br)ccnc2c1,0,EC50 (>),4.03,1,CHEMBL570399
OCC1(CCc2ccccc2)CCN(Cc2cc(F)ccc2-n2cccn2)CC1,0,EC50 (>),4.03,1,CHEMBL1340264
Cc1cc(/C=C2\SC(Nc3ccccc3)=NC2=O)c(C)n1-c1ccc(S(N)(=O)=O)cc1,0,EC50 (>),4.03,1,CHEMBL1307021
COC(=O)c1cc2c(n1S(=O)(=O)c1ccc(C)cc1)C(=O)C(=O)c1[nH]cc(C(=O)OCc3ccccc3)c1-2,0,EC50 (>),4.03,1,CHEMBL1700880
CCOc1ccc(S(=O)(=O)Nc2cccc(C(=O)NCC(c3ccccc3)N(C)C)c2)cc1,0,EC50 (>),4.03,1,CHEMBL1515502
CN1CCN(c2ccc(NC(=O)c3ccc(-c4ccccc4F)o3)cc2)CC1,0,EC50,4.58,1,CHEMBL1356740
CN(C(=O)Cc1ccc(Cl)c(Cl)c1)[C@H]1CC[C@@]2(CCCO2)C[C@@H]1N1CCCC1,0,EC50 (>),4.03,1,CHEMBL1256692
CN(C)C(CNC(=O)c1ccc(Br)cc1)c1ccco1,0,EC50 (>),4.03,1,CHEMBL1327306
CCOC(=O)C1(CC2CC2)CCN(Cc2cnc(-c3ccccc3C)nc2)CC1,0,EC50 (>),4.03,1,CHEMBL1720300
Cc1nc(N2CCN(c3ccccn3)CC2)c2c(C)c(C(=O)N3CCN(c4ccc(F)cc4)CC3)sc2n1,0,EC50,4.97,1,CHEMBL1586285
CCOC(=O)C1(CCOc2ccccc2)CCN(Cc2ccc3c(c2)OCCO3)CC1,0,EC50 (>),4.03,1,CHEMBL1458770
COC(=O)CCCNC(=O)c1ccc(OC2CCN(CCc3ccccc3)CC2)cc1,0,EC50 (>),4.03,1,CHEMBL1387006
Nc1nonc1C(=O)NCCNCc1c(OCc2ccccc2F)ccc2ccccc12,0,EC50 (>),4.03,1,CHEMBL1445858
COc1ccc(C(CNC(=O)C(C)c2ccc3cc(OC)ccc3c2)N(C)C)cc1,0,EC50 (>),4.03,1,CHEMBL1720903
CCOC(=O)C1(CC2CCCCO2)CCN(Cc2nc(-c3cccs3)oc2C)CC1,0,EC50 (>),4.03,1,CHEMBL1579434
COCCN(C(=O)C1CC(=O)N(Cc2ccccc2)C1)c1nc(-c2ccc([N+](=O)[O-])cc2)cs1,0,EC50,4.64,1,CHEMBL1473706
O=C(C=P(c1ccccc1)(c1ccccc1)c1ccccc1)c1ccccc1-c1ccccc1C(=O)C=P(c1ccccc1)(c1ccccc1)c1ccccc1,0,EC50 (>),4.03,1,CHEMBL1730502
CN(C)CCCN(C(=O)c1ccc(S(=O)(=O)N2CCCCCC2)cc1)c1nc2c(F)cc(F)cc2s1,0,EC50,4.48,1,CHEMBL1566963
OC(CN1CCN(C(c2ccccc2)c2ccccc2)CC1)c1ccccc1,0,EC50 (>),4.03,1,CHEMBL1540756
CC(=O)Nc1ccc(CN2CCCC(C(=O)c3cccc(C(F)(F)F)c3)C2)cc1,0,EC50 (>),4.03,1,CHEMBL1390846
C=CCN1C[C@@H](C)N(C(c2ccc(C(=O)N(CC)CC)cc2)c2cccc(OC)c2)C[C@@H]1C,0,EC50 (>),4.03,1,CHEMBL1730890
CCOC(=O)C1(c2ccccc2)CCN(CCC(=O)Nc2cccc(Br)c2)CC1,0,EC50,4.39,1,CHEMBL1513567
CCCCCCCCCCOC(=O)C[n+]1c(COc2ccccc2C)n(C)c2ccccc21,0,EC50 (>),4.03,1,CHEMBL1370471
COc1ccc(C2Nc3ccccc3C(=O)N2c2ccc(F)cc2)cc1CSc1ccccn1,0,EC50 (>),4.03,1,CHEMBL1563669
COc1ccc(CN2CN=C(Nc3nc(C)cc(C)n3)N(Cc3ccc(OC)cc3)C2)cc1,0,EC50,4.13,1,CHEMBL1587149
O=C(OC1C2CCC1C1CN(CCc3ccccc3)CC12)c1ccccc1,0,EC50 (>),4.03,1,CHEMBL1458967
CCOC(=O)C1(CCOC)CCN(Cc2ccccc2-c2ccco2)CC1,0,EC50 (>),4.03,1,CHEMBL1548019
COc1cccc(C(=O)Nc2ccc3c(c2)C(=O)c2ccccc2C3=O)c1,0,EC50 (>),4.03,1,CHEMBL1430335
O=C1C=C(c2c(O)ccc3ccccc23)c2ccccc2C1=O,0,EC50 (>),4.03,1,CHEMBL1721095
Cc1cc(Cl)ccc1OCC(=O)N[C@@H](Cc1ccccc1)c1nc2ccccc2[nH]1,0,EC50 (>),4.03,1,CHEMBL1364960
Clc1ccc(C(c2ccc(Cl)cc2)[n+]2ccn(CC(OCc3ccc(Cl)cc3Cl)c3ccc(Cl)cc3Cl)c2)cc1,0,EC50 (>),4.03,1,CHEMBL1208858
COc1ccc(C2C(C#N)=C(N)N(c3sc4c(c3C#N)CCCC4)C3=C2C(=O)CC(C)(C)C3)cc1,0,EC50 (>),4.03,1,CHEMBL1509052
CN1C(CC(=O)Nc2ccc(Br)cc2)c2ccccc2CC1(C)C,0,EC50 (>),4.03,1,CHEMBL1399743
Cc1cc(C)cc(C(=O)N(CCc2ccccc2)C2=CC3CCC(C2)N3C)c1,0,EC50,4.36,1,CHEMBL1423609
O=C(NCCc1ccc(Cl)cc1)C1CCC(CNc2nc(=S)[nH]c3ccccc23)CC1,0,EC50 (>),4.03,1,CHEMBL1165197
CCc1ccc(Nc2n[n+](-c3ccccc3)c(-c3c(Cl)cccc3Cl)s2)cc1,0,EC50 (>),4.03,1,CHEMBL1315948
COc1ccc(C(CNC(=O)/C=C/c2c(Cl)nc3ccccn23)N(C)C)cc1,0,EC50 (>),4.03,1,CHEMBL1544567
CCCC(=O)NC(C)C(c1cccs1)N1CCN(c2ccccc2)CC1,0,EC50 (>),4.03,1,CHEMBL1488501
O=S(=O)(c1c(Cl)cc(Br)cc1Cl)N1CCN(C(=S)NC2CC2)CC1,0,EC50 (>),4.03,1,CHEMBL1731939
COCCCn1c(N)c(-c2nc3ccccc3n2C)c2nc3ccccc3nc21,0,EC50 (>),4.03,1,CHEMBL1524932
O=C(N[C@H]1C/C=C\C[C@H](CC(=O)N(CCO)Cc2ccccc2)C(=O)N[C@H](Cc2c[nH]c3ccccc23)COC1=O)OCC1c2ccccc2-c2ccccc21,0,EC50 (>),4.03,1,CHEMBL1722114
COc1ccc(C(CNc2ncnc3sc(C)c(C)c23)N(C)C)cc1,0,EC50 (>),4.03,1,CHEMBL1567143
Cc1ccc2c(C)c(C(=O)N(Cc3cccs3)C3CCS(=O)(=O)C3)oc2c1,0,EC50 (>),4.03,1,CHEMBL1334918
CC1=C/C(=N\OS(=O)(=O)c2ccccc2)C(C)=CC1=O,0,EC50 (>),4.03,1,CHEMBL1986259
COc1ccc2c(Cl)c(-c3nnc(SCC(=O)c4ccccc4)n3C)sc2c1,0,EC50,4.99,1,CHEMBL1426979
Cc1occc1C(=O)N/N=C/c1ccc(-c2ccccc2)cc1,0,EC50 (>),4.03,1,CHEMBL1985575
CCCc1nc2c(=O)n(C)c(=O)nc-2n(C)n1,0,EC50 (>),4.03,1,CHEMBL1325945
CCOC(=O)C1(Cc2ccccc2)CCN(Cc2cccn2-c2cccnc2)CC1,0,EC50 (>),4.03,1,CHEMBL1722360
CN(C)C(CNC(=O)C1CC(=O)N(Cc2ccccc2)C1)c1ccccc1,0,EC50 (>),4.03,1,CHEMBL1732043
Cc1ccccc1OCC(O)Cn1c(=N)n(Cc2ccccc2)c2ccccc21,0,EC50 (>),4.03,1,CHEMBL1561591
Cc1ccc(CC(=O)NCC(c2ccco2)N(C)C)cc1C,0,EC50 (>),4.03,1,CHEMBL1597912
O=C(Nc1ccccc1)c1ccc(NC2CCCCC2)c(S(=O)(=O)N2CCOCC2)c1,0,EC50 (>),4.03,1,CHEMBL1600293
Clc1ccc(-c2nc3ncccc3n2OCc2ccccc2)c(Cl)c1,0,EC50 (>),4.03,1,CHEMBL1583291
Cc1nc2nc(C)n(CCN3CCOCC3)c(=O)c2c(-c2cccc([N+](=O)[O-])c2)c1C(=O)CCCCCCCCCCN1CCC(c2ccccc2)(c2ccccc2)CC1,0,EC50 (>),4.03,1,CHEMBL1722228
CCc1ccc2nc(N(CCCN(C)C)C(=O)c3ccc(S(=O)(=O)N(C)C4CCCCC4)cc3)sc2c1,0,EC50 (>),4.03,1,CHEMBL1548542
COc1ccc(C(CNC(=O)CSc2ccccc2C)N(C)C)cc1,0,EC50 (>),4.03,1,CHEMBL1444121
CN(C)C(CNC(=O)CSC(=S)N1CCCC1)c1ccccc1,0,EC50,4.77,1,CHEMBL1713166
CN(C)c1ccc(C(CNC(=O)Cc2cccc3ccccc23)N(C)C)cc1,0,EC50 (>),4.03,1,CHEMBL1722730
COc1ccc(C(CNC(=O)c2ccc3c(c2)CCC3)N(C)C)cc1,1,EC50,6.3,1,CHEMBL1732484
CC1CN(C)C(C)c2c1oc1ccc(N)cc21,0,EC50 (>),4.03,1,CHEMBL1387977
CCNS(=O)(=O)c1ccc(NC(=O)Nc2ccc3c(c2)OCO3)cc1,0,EC50,4.37,1,CHEMBL1587574
CC(=O)CSc1ccc(-c2nc3cc(C)c(C)cc3[nH]2)cn1,0,EC50,4.35,1,CHEMBL1423927
OCC1(CC2CCCCO2)CCN(Cc2ccccc2-c2ccco2)CC1,0,EC50 (>),4.03,1,CHEMBL1587604
CC(=O)Nc1ccc(S(=O)(=O)/N=C2\C(=O)c3ccccc3C(O)=C2N2CCN(Cc3ccccc3)CC2)cc1,0,EC50 (>),4.03,1,CHEMBL1722570
Cc1ccc(Cl)cc1NC(=O)CNCC(c1ccccc1)N(C)C,0,EC50 (>),4.03,1,CHEMBL1365254
CCOC(=O)C1(Cc2ccccc2)CCN(Cc2cccn2-c2nccs2)CC1,0,EC50 (>),4.03,1,CHEMBL1352185
Cc1ccc(C2(O)C[N+](c3ccccc3)=C3SCCN32)cc1,0,EC50,4.32,1,CHEMBL1548987
CN(C)C(CNC(C(=O)Nc1ccc([N+](=O)[O-])cc1Br)c1ccccc1)c1ccccc1,0,EC50 (>),4.03,1,CHEMBL1548948
Cc1ccccc1Cn1c(O)c(N=NC(S)=Nc2ccccc2F)c2ccccc21,0,EC50 (>),4.03,1,CHEMBL1600506
CN(C)C(CNC(=O)Cc1ccc([N+](=O)[O-])cc1)c1ccccc1,0,EC50 (>),4.03,1,CHEMBL1713682
COC(=O)C1=C(C)N(CCCC(=O)O)C(=O)NC1c1ccccc1OS(=O)(=O)c1ccccc1[N+](=O)[O-],0,EC50 (>),4.03,1,CHEMBL1892729
CCN(c1nc(N)c(C(=O)NC(=N)N)nc1Cl)C(C)C,0,EC50 (>),4.03,1,CHEMBL517986
COc1ccccc1N1CCN(C(c2cccs2)C(C)NC(=O)c2ccco2)CC1,0,EC50,4.3,1,CHEMBL1703982
c1ccc(C2[C@H]3CN(Cc4cccnc4)[C@H](c4ccccc4)C34CC2(c2cccnc2)C4)cc1,0,EC50 (>),4.03,1,CHEMBL1332532
COc1ccc(NS(=O)(=O)c2ccc(O)c(NC(=O)c3cc4c(C)nn(-c5ccc(F)cc5)c4s3)c2)cc1,0,EC50 (>),4.03,1,CHEMBL1587837
COc1ccc(C2Nc3ccccc3C(=O)N2Cc2ccco2)cc1COc1ccc(NC(C)=O)cc1,0,EC50 (>),4.03,1,CHEMBL1332208
CC(=O)Nc1ccc(S(=O)(=O)NC2=C(N3CCN(Cc4ccccc4)CC3)C(=O)c3ccccc3C2=O)cc1,0,EC50 (>),4.03,1,CHEMBL3189940
COc1ccc(-c2nc(CN3CCC(C(=O)NC4CCCc5ccccc54)CC3)c(C)o2)cc1OC,0,EC50,4.68,1,CHEMBL1902708
COc1ccc(C(CNC(=O)CCOc2ccccc2)N(C)C)cc1,0,EC50 (>),4.03,1,CHEMBL1344909
CCOc1ccc(Nc2c3ccccc3nc3ccccc23)cc1,0,EC50,4.36,1,CHEMBL1198307
CN(C)C1(CNC(=O)c2ccc(Cl)c(S(N)(=O)=O)c2)CCCCC1,0,EC50 (>),4.03,1,CHEMBL1714015
CN(C)CCCN(C(=O)c1ccc(S(=O)(=O)N(C)Cc2ccccc2)cc1)c1nc2c(F)cccc2s1,0,EC50,4.58,1,CHEMBL1407554
CN(C)C1(CNC(=O)c2ccc(Br)cc2)CCCCC1,0,EC50 (>),4.03,1,CHEMBL1704769
CN(C)C(CNC(=O)c1cccc(C(F)(F)F)c1)c1ccco1,0,EC50 (>),4.03,1,CHEMBL1304909
COC(=O)C(Cc1cccc(C)n1)(c1ccccc1)c1ccccc1,0,EC50 (>),4.03,1,CHEMBL1427690
COc1ccc(C(C(=O)NC2CCCCC2)N(C(=O)Cc2c[nH]c3ccccc23)c2ccc(NC(C)=O)cc2)cc1OC,0,EC50 (>),4.03,1,CHEMBL1463367
OC(CNCCC(c1ccccc1)c1ccccc1)COc1ccccc1,0,EC50 (>),4.03,1,CHEMBL1365563
CCN(CC)Cc1cc(Nc2c3ccccc3nc3c4ccccc4n(C)c23)cc(CN(CC)CC)c1O,0,EC50 (>),4.03,1,CHEMBL1734003
COc1ccc(CNCCc2c[nH]c3ccccc23)c(OC)c1C,0,EC50,4.22,1,CHEMBL1606743
Cc1ccc(-n2cc(CNC(C)c3cnn(C)c3C)c(-c3ccc(F)cc3)n2)cc1,0,EC50,4.89,1,CHEMBL1588202
CCc1cccc(C)c1N=C(S)NCC(c1cccnc1)N(C)C,0,EC50 (>),4.03,1,CHEMBL1724267
CN1CCN(c2ccc(NC(=O)c3ccc(-c4cccc([N+](=O)[O-])c4)o3)cc2)CC1,0,EC50 (>),4.51,1,CHEMBL1439686
CCOC(=O)C1(CCOc2ccccc2)CCN(Cc2cnc(C)s2)CC1,0,EC50 (>),4.03,1,CHEMBL1345157
Cc1ccccc1NC(S)=NCC(c1cccnc1)N(C)C,0,EC50,4.9,1,CHEMBL1308389
CCOC(=O)C1(CCOc2ccccc2)CCN(Cc2ccc(C)s2)CC1,0,EC50 (>),4.03,1,CHEMBL1454070
COc1ccc2c3c1OC1C(=O)CC[C@@]4(O)[C@@H](C2)N(C)CC[C@]314,0,EC50 (>),4.03,1,CHEMBL1734772
CC(=O)NC(CC(=O)NCC(c1ccco1)N(C)C)c1ccccc1,0,EC50 (>),4.03,1,CHEMBL1595735
COc1ccc(C(CNC(=O)C(Cc2ccccc2)NC(N)=O)N(C)C)cc1,0,EC50 (>),4.03,1,CHEMBL1392786
CCN1CCN(Cc2ccc(NC(=O)c3ccc(C)c(NC(=O)c4cnc5cc(C(F)(F)F)ccc5c4O)c3)cc2C(F)(F)F)CC1,0,EC50 (>),4.03,1,CHEMBL1577639
COc1ccc(-n2c3c(cc(C(=O)NNc4ccccc4C)c2=O)C(=O)CC(C)(C)C3)cc1,0,EC50,4.84,1,CHEMBL1490069
CC[C@@H](C)[C@@H]1CN([C@@H](CN2CCC[C@H]2CN2C(N)=NC[C@H]2C(C)C)C(C)C)C(=N)N1CCc1ccc(Cl)c(Cl)c1,0,EC50,4.96,1,CHEMBL1705302
CO[C@H]1[C@H](O)[C@H](O[C@H]2CC[C@@]3(C=O)[C@H](CC[C@@H]4[C@@H]3CC[C@]3(C)[C@@H](C5=CC(=O)OC5)CC[C@]43O)C2)O[C@@H](C)[C@@H]1O,0,EC50 (>),4.03,1,CHEMBL1075790
CCC(=O)OC1(c2cccc(C)c2)CC(C)N(C)CC1C,0,EC50 (>),4.03,1,CHEMBL1348719
CCC(C(=O)NCCC[C@H]1CN2C(=NC[C@@H]2Cc2ccc(O)cc2)N1CCc1ccc(C)cc1)c1ccccc1,0,EC50 (>),4.03,1,CHEMBL1564646
CC(C)n1ncc2c(C(=O)Nc3cccc(C#N)c3)cc(C3CC3)nc21,0,EC50,4.75,1,CHEMBL1315401
COc1cc2c3cc1Oc1cc(ccc1O)C[C@@H]1c4c(cc(OC)c(O)c4Oc4ccc(cc4)C[C@H]3N(C)CC2)CCN1C,0,EC50 (>),4.03,1,CHEMBL1169627
CCOC(=O)C1(c2ccccc2)CCN(CCC(=O)Nc2ccc(F)cc2)CC1,0,EC50 (>),4.03,1,CHEMBL1872339
Cc1cccc(NC(=S)NC(=O)CCc2ccccc2)c1,0,EC50 (>),4.03,1,CHEMBL1378322
CCC1(C)CC(CCNCc2ccc(N(C)C)cc2)(c2ccc(F)cc2)CCO1,0,EC50,4.54,1,CHEMBL1412340
Cc1cccc(OCCC(=O)NCC(c2ccccc2)N(C)C)c1,0,EC50 (>),4.03,1,CHEMBL1607240
CN(C)C(CN=C(S)Nc1ccccc1)c1cccnc1,0,EC50 (>),4.03,1,CHEMBL1706148
CCc1ccc(NC(=O)Nc2ccc3c(c2)N(C)C(=O)CS3)cc1,0,EC50,4.43,1,CHEMBL1584594
CCOC(=O)C1(CC2CCCCO2)CCN(Cc2ccc(OC)cc2F)CC1,0,EC50 (>),4.03,1,CHEMBL1506767
COc1cc(Br)cc(/C=N/NC(=O)Cc2ccc(C(F)(F)F)cc2[N+](=O)[O-])c1O,0,EC50 (>),4.03,1,CHEMBL2001739
Cn1c(-c2c(N)n(CCc3ccccc3)c3nc4ccccc4nc23)nc2ccccc21,0,EC50,4.61,1,CHEMBL1581275
O=C(c1sc2ccccc2c1Cl)N(Cc1ccco1)C1CCS(=O)(=O)C1,0,EC50 (>),4.03,1,CHEMBL1550356
Cc1cccc2cc(C(c3nnnn3Cc3ccccc3)N3CCN(C)CC3)c(O)nc12,0,EC50 (>),4.03,1,CHEMBL1550403
CN(C)CCCN(C(=O)c1ccc(Br)s1)c1nc2cc3c(cc2s1)OCCO3,0,EC50 (>),4.03,1,CHEMBL1735778
CCOC(=O)C1(CC2CCCCO2)CCN(Cc2cc(F)ccc2-n2cccn2)CC1,0,EC50 (>),4.03,1,CHEMBL1493736
CN(C)S(=O)(=O)c1ccc(-c2csc(N/N=C/c3ccc(O)cc3)n2)cc1,0,EC50 (>),4.03,1,CHEMBL2003819
COc1cc(C(=O)OC(C)C(=O)NCC2CCCCC2)cc(NC(=O)c2ccco2)c1OC,0,EC50 (>),4.03,1,CHEMBL1603547
CN(C)C(CNC(=O)c1ccc(C(F)(F)F)cc1)c1ccco1,0,EC50 (>),4.03,1,CHEMBL1707116
CC1(NC(=O)CC(c2ccccc2)(c2ccccc2)c2ccccc2)CCN(CCCc2ccccc2)C1=O,0,EC50 (>),4.03,1,CHEMBL1472987
COCC1CCN(Cc2cn(-c3ccccc3F)nc2-c2cc(C)sc2C)CC1,0,EC50 (>),4.03,1,CHEMBL1572068
Cc1ccc2nc(N(CCCN(C)C)C(=O)c3ccc(S(=O)(=O)N4CCc5ccccc5C4)cc3)sc2c1,0,EC50,4.99,1,CHEMBL1460676
CCN(Cc1ccccc1)S(=O)(=O)c1ccc(C(=O)N(CCCN(C)C)c2nc3c(C)c(C)ccc3s2)cc1,0,EC50,4.25,1,CHEMBL1437660
COC(=O)C1=CO[C@@H](C)[C@@H]2CN(CCc3c[nH]c4ccccc34)CC[C@H]12,0,EC50 (>),4.03,1,CHEMBL1736138
CN(C)C(CNC(=O)c1ccc2ccccc2c1)c1ccco1,0,EC50 (>),4.03,1,CHEMBL1603928
Cc1cc(N2CCN(c3ccc([N+](=O)[O-])c4cccnc34)CC2)c2ccccc2n1,0,EC50 (>),4.03,1,CHEMBL1545927
COc1ccc(-c2nn(-c3ccccc3C)cc2CNCc2cccnc2)cc1F,0,EC50 (>),4.03,1,CHEMBL1382321
COc1ccc(C(CNC(=O)c2ccc(S(=O)(=O)N(C)C)cc2)N(C)C)cc1,0,EC50 (>),4.03,1,CHEMBL1447552
CN1CCN(Cc2nc3ccccc3c(=O)n2Cc2nc(-c3ccc4ccccc4c3)cs2)CC1,0,EC50 (>),4.03,1,CHEMBL1736686
COc1ccc(C2CC(c3ccc(OC)cc3)n3nc(NC(=O)c4cccs4)nc3N2)cc1,0,EC50 (>),4.03,1,CHEMBL1486861
COC(=O)C1=C(C)N(CCCC(=O)O)C(=O)NC1c1ccccc1OS(=O)(=O)c1ccc([N+](=O)[O-])cc1,0,EC50 (>),4.03,1,CHEMBL1893806
CN(C(=O)Cc1ccc(Cl)c(Cl)c1)C(CN1CCCC1)c1cccc(OCC(=O)O)c1,0,EC50 (>),4.03,2,CHEMBL1256750
CCN1CCN(c2ccc([N+](=O)[O-])c(Sc3nc4ccccc4[nH]3)c2)CC1,0,EC50 (>),4.03,1,CHEMBL1353993
C/C(=N/Nc1ccnc2cc(Cl)ccc12)c1ccc(N)cc1,0,EC50,4.26,1,CHEMBL2005743
Cc1ccc2cc(C(c3nnnn3Cc3ccccc3)N3CCc4ccccc43)c(O)nc2c1,0,EC50 (>),4.03,1,CHEMBL1599024
CCOC(=O)C1(CC2CCCCO2)CCN(Cc2c(C)cc(C)cc2-n2cccn2)CC1,0,EC50,4.81,1,CHEMBL1393837
Oc1ccc(Oc2ccc3c(C(F)(F)F)cc(C(F)(F)F)nc3n2)cc1,0,EC50 (>),4.03,1,CHEMBL1610756
O=S(=O)(NC1CC1)c1ccc(S(=O)(=O)N2CCCC3(CCCCC3)C2)cc1,0,EC50 (>),4.03,1,CHEMBL1500489
CCOC(=O)C1(CCOc2ccccc2)CCN(Cc2cccn2-c2cccnc2)CC1,0,EC50,4.76,1,CHEMBL1385823
Cc1c(CCOC(=O)c2ccccc2)sc[n+]1CC(=O)c1ccc(Br)cc1,0,EC50 (>),4.03,1,CHEMBL1494093
O=c1c2ccc(Cl)cc2[nH]c(=S)n1Cc1cccnc1,0,EC50,4.18,1,CHEMBL1450071
Brc1ccc(NC2=Nc3ccccc3CC2)cc1,0,EC50,4.28,1,CHEMBL1345947
Cc1ccc(CSCC(=O)N/N=C/c2sccc2C)cc1,0,EC50,4.37,1,CHEMBL3213958
COc1ccc(NC(=O)COc2ccccc2C(=O)NCC(c2ccccc2)N(C)C)cc1Cl,0,EC50 (>),4.03,1,CHEMBL1727246
Cc1cc(O)cc(C)c1C[C@H](N)C(=O)N1CCCC[C@H]1c1nc(-c2ccccc2)c[nH]1,1,EC50,8.7,1,CHEMBL377069
Cc1cc(C(N)=O)cc(C)c1C[C@H](N)C(=O)N1CCCC[C@H]1c1nc(-c2ccccc2)c[nH]1,1,EC50,8.05,1,CHEMBL205049
Cc1cc(O)cc(C)c1C[C@H](N)C(=O)N1Cc2ccccc2C[C@H]1c1nc(-c2ccccc2)c[nH]1,1,EC50,7.57,1,CHEMBL208454
Cc1cc(C(N)=O)cc(C)c1C[C@H](N)C(=O)N(Cc1cccc(C(=O)O)c1)[C@@H](C)c1nc(-c2ccccc2)c[nH]1,1,EC50,7.21,1,CHEMBL2159120
Cc1cc(C(N)=O)cc(C)c1C[C@H](N)C(=O)N1Cc2ccccc2C[C@H]1c1nc(-c2ccccc2)c[nH]1,1,EC50,6.79,1,CHEMBL427214
COc1ccc(CN(C(=O)[C@@H](N)Cc2c(C)cc(C(N)=O)cc2C)[C@@H](C)c2ncc(-c3ccccc3)[nH]2)cc1C(=O)O,1,EC50,9.0,1,CHEMBL2159122
NC(=O)[C@@H](Cc1ccccc1)NC(=O)[C@H](Cc1ccccc1)NC(=O)[C@@H]1C[C@H](N)CN1C(=O)[C@@H](N)Cc1ccc(O)cc1,0,Ki (>),5.0,1,CHEMBL2171853
N[C@H]1C[C@@H](C(=O)N[C@H](Cc2ccccc2)C(=O)N[C@H](Cc2ccccc2)C(=O)O)N(C(=O)[C@@H](N)Cc2ccc(O)cc2)C1,0,Ki (>),5.0,1,CHEMBL2171848
CC(=O)N[C@H](CCCNC(=N)N)C(=O)N[C@@H](Cc1ccccc1)C(=O)NCC(N)=O,0,Ki (>),4.0,1,CHEMBL2178730
CC(=O)N[C@H](CCCNC(=N)N)C(=O)N[C@@H](Cc1ccccc1)C(N)=O,0,Ki (>),4.0,1,CHEMBL2178729
CC(=O)N[C@H](CCCCN)C(=O)N[C@@H](Cc1ccccc1)C(=O)NCC(N)=O,0,Ki (>),4.0,1,CHEMBL2178728
CC(=O)N[C@H](CCCCN)C(=O)N[C@@H](Cc1ccccc1)C(N)=O,0,Ki (>),4.0,1,CHEMBL2178727
CC(=O)N[C@H](Cc1cnc[nH]1)C(=O)N[C@@H](Cc1ccccc1)C(=O)NCC(N)=O,0,Ki (>),4.0,1,CHEMBL2178726
CC(=O)N[C@H](Cc1cnc[nH]1)C(=O)N[C@@H](Cc1ccccc1)C(N)=O,0,Ki (>),4.0,1,CHEMBL2178725
CC(=O)N[C@@H](Cc1c[nH]c2ccccc12)C(=O)N[C@@H](Cc1ccccc1)C(=O)NCC(N)=O,0,Ki,4.13,1,CHEMBL2178724
CN1CC[C@]23c4c5ccc(O)c4O[C@H]2c2ncc(-c4ccc(Cl)cc4)cc2C[C@@]3(OC(=O)CCc2ccccc2)[C@H]1C5,1,EC50,7.32,2,CHEMBL2179662
CN1CC[C@]23c4c5ccc(O)c4O[C@H]2c2ncc(-c4ccc(Cl)cc4)cc2C[C@@]3(OC(=O)Cc2ccccc2)[C@H]1C5,1,EC50,7.06,2,CHEMBL2179661
CN1CC[C@]23c4c5ccc(O)c4O[C@H]2c2ncc(-c4ccc(Cl)cc4)cc2C[C@@]3(OCCCc2ccccc2)[C@H]1C5,1,EC50,8.67,2,CHEMBL2179656
CN1CC[C@]23c4c5ccc(O)c4O[C@H]2c2ncc(-c4ccc(Cl)cc4)cc2C[C@@]3(OC/C=C/c2ccccc2)[C@H]1C5,1,EC50,8.37,2,CHEMBL2179655
CN1CC[C@]23c4c5ccc(O)c4O[C@H]2c2ncc(-c4ccc(Cl)cc4)cc2C[C@@]3(OCc2ccccc2)[C@H]1C5,1,EC50,6.52,2,CHEMBL2179654
CO[C@@]12Cc3cc(-c4ccc(Cl)cc4)cnc3[C@@H]3Oc4c(O)ccc5c4[C@@]31CCN(C)[C@@H]2C5,1,EC50,6.42,2,CHEMBL2179653
Oc1ccc2c3c1O[C@H]1c4ncc(-c5ccc(Cl)cc5)cc4C[C@@]4(OCCCc5ccccc5)[C@@H](C2)N(CC2CC2)CC[C@]314,1,EC50,8.76,4,CHEMBL2179652
O=C(N[C@@H]1CC[C@@]2(O)[C@H]3Cc4ccc(O)c5c4[C@@]2(CCN3CC2CC2)[C@H]1O5)c1ccncn1,1,EC50,8.13,2,CHEMBL2178341
O=C(N[C@@H]1CC[C@@]2(O)[C@H]3Cc4ccc(O)c5c4[C@@]2(CCN3CC2CC2)[C@H]1O5)c1ccnnc1,1,EC50,7.55,2,CHEMBL2178340
COc1cc(C(=O)N[C@@H]2CC[C@@]3(O)[C@H]4Cc5ccc(O)c6c5[C@@]3(CCN4CC3CC3)[C@H]2O6)ccn1,1,EC50,8.1,2,CHEMBL2178338
N#Cc1cc(C(=O)N[C@@H]2CC[C@@]3(O)[C@H]4Cc5ccc(O)c6c5[C@@]3(CCN4CC3CC3)[C@H]2O6)ccn1,1,EC50,8.0,2,CHEMBL2177697
CN1CC[C@]23c4c5ccc(O)c4O[C@H]2[C@]2(CC[C@@]3(O)[C@H]1C5)O[C@H]1N3[C@H](OC1(C)C)C(C)(C)O[C@@H]32,1,EC50,8.22,1,CHEMBL2204031
COc1ccc(-c2ccc(CCNC(=O)c3ccc4c(c3)C3(C)CCN(CC5CC5)C(C4)C3C)cc2)cc1C,1,EC50,9.22,3,CHEMBL2208352
CC1C2Cc3ccc(C(=O)NCCc4ccc(-c5ccc6c(c5)OCO6)cc4)cc3C1(C)CCN2CC1CC1,1,EC50,9.82,2,CHEMBL2208351
COc1ccc(-c2ccc(CCNC(=O)c3ccc4c(c3)C3(C)CCN(CC5CC5)C(C4)C3C)cc2)cc1OC,1,EC50,8.8,2,CHEMBL2208350
CC1C2Cc3ccc(C(=O)NCCc4ccc(-c5ccccc5O)cc4)cc3C1(C)CCN2CC1CC1,1,EC50,8.82,2,CHEMBL2208349
C[C@H]1[C@H]2Cc3ccc(C(=O)NCCc4ccc(-c5ccc(O)cc5)cc4)cc3[C@]1(C)CCN2CC1CC1,1,EC50,9.3,2,CHEMBL2208347
CC(C)Oc1ccc(-c2ccc(CCNC(=O)c3ccc4c(c3)C3(C)CCN(CC5CC5)C(C4)C3C)cc2)cc1,1,EC50,8.64,3,CHEMBL2208361
COc1cccc(-c2ccc(CCNC(=O)c3ccc4c(c3)C3(C)CCN(CC5CC5)C(C4)C3C)cc2)c1,1,EC50,9.66,3,CHEMBL2208358
C[C@H]1C2Cc3ccc(C(=O)NCCc4ccc(-c5ccccc5)cn4)cc3[C@@]1(C)CCN2CC1CC1,1,EC50,7.72,2,CHEMBL2347239
C[C@H]1C2Cc3ccc(C(=O)NCCc4ccc(-c5ccccc5)nc4)cc3[C@@]1(C)CCN2CC1CC1,1,EC50,8.35,2,CHEMBL2347238
C[C@H]1C2Cc3ccc(C(=O)NCCc4ccc(-c5ccccn5)cc4)cc3[C@@]1(C)CCN2CC1CC1,1,EC50,8.77,2,CHEMBL2347237
C[C@H]1C2Cc3ccc(C(=O)NCCc4ccc(-c5cccnc5)cc4)cc3[C@@]1(C)CCN2CC1CC1,1,EC50,9.07,2,CHEMBL2347236
C[C@H]1C2Cc3ccc(C(=O)NCCc4ccc(-c5ccncc5)cc4)cc3[C@@]1(C)CCN2CC1CC1,1,EC50,8.66,2,CHEMBL2347235
COC(=O)[C@@H]1C[C@H](OC(=O)c2ccccc2C(=O)O)C(=O)[C@H]2[C@@]1(C)CC[C@H]1C(=O)O[C@H](c3ccoc3)C[C@]21C,0,Ki (>),5.0,1,CHEMBL2381595
COC(=O)[C@@H]1C[C@H](OC(=O)/C=C\C(=O)O)C(=O)[C@H]2[C@@]1(C)CC[C@H]1C(=O)O[C@H](c3ccoc3)C[C@]21C,0,Ki (>),5.0,1,CHEMBL2381592
COC(=O)[C@@H]1C[C@H](OC(=O)CCC(=O)O)C(=O)[C@H]2[C@@]1(C)CC[C@H]1C(=O)O[C@H](c3ccoc3)C[C@]21C,0,Ki (>),5.0,1,CHEMBL2381590
COC(=O)CCCCC(=O)O[C@H]1C[C@@H](C(=O)OC)[C@]2(C)CC[C@H]3C(=O)O[C@H](c4ccoc4)C[C@]3(C)[C@H]2C1=O,0,Ki (>),5.0,1,CHEMBL2380325
CCOC(=O)CCC(=O)O[C@H]1C[C@@H](C(=O)OC)[C@]2(C)CC[C@H]3C(=O)O[C@H](c4ccoc4)C[C@]3(C)[C@H]2C1=O,0,Ki (>),5.0,1,CHEMBL2381588
COC(=O)CCC(=O)O[C@H]1C[C@@H](C(=O)OC)[C@]2(C)CC[C@H]3C(=O)O[C@H](c4ccoc4)C[C@]3(C)[C@H]2C1=O,0,Ki (>),5.0,1,CHEMBL2381587
COC(=O)[C@@H]1C[C@H](OC(=O)CC(=O)OC(C)(C)C)C(=O)[C@H]2[C@@]1(C)CC[C@H]1C(=O)O[C@H](c3ccoc3)C[C@]21C,0,Ki (>),5.0,1,CHEMBL2381586
CCOC(=O)CC(=O)O[C@H]1C[C@@H](C(=O)OC)[C@]2(C)CC[C@H]3C(=O)O[C@H](c4ccoc4)C[C@]3(C)[C@H]2C1=O,0,Ki (>),5.0,1,CHEMBL2381585
COC(=O)CC(=O)O[C@H]1C[C@@H](C(=O)OC)[C@]2(C)CC[C@H]3C(=O)O[C@H](c4ccoc4)C[C@]3(C)[C@H]2C1=O,0,Ki (>),5.0,1,CHEMBL2381584
COC(=O)[C@@H]1C[C@H](OC(=O)CSC#N)C(=O)[C@H]2[C@@]1(C)CC[C@H]1C(=O)O[C@H](c3ccoc3)C[C@]21C,0,Ki (>),5.0,1,CHEMBL2381583
CCC[C@H]1CC[C@@H](N2CCC(N3C(=O)Cc4ccccc43)CC2)CC1,1,EC50,6.22,2,CHEMBL2387188
CCC(C)(C)[C@H]1CC[C@@H](N2CCC(N3C(=O)Cc4ccccc43)CC2)CC1,1,EC50,6.72,2,CHEMBL2387189
O=C1Cc2ccccc2N1C1CCN(C2CC[C@H]3CCCc4cccc2c43)CC1,1,EC50,6.89,2,CHEMBL2387193
CC1C(=O)N(C2CCN([C@H]3CC[C@@H](C(C)C)CC3)CC2)c2ccccc21,1,EC50,6.92,2,CHEMBL2387194
CC1C(=O)N(C2CCN(C3CCCCCCC3)CC2)c2ccccc21,1,EC50,7.03,2,CHEMBL2387195
CC(C)C1CCC(N2CCC(N3C(=O)Cc4ccccc43)CC2)CC1,1,EC50,7.13,2,CHEMBL2387187
CC(C)C1CCC(N2CCC(N3C(=O)CCc4ccccc43)CC2)CC1,1,EC50,7.17,2,CHEMBL2387198
CC1CC(=O)N(C2CCN(C3CCCCCCC3)CC2)c2ccccc21,1,EC50,7.24,2,CHEMBL2387200
CC(c1ccccc1)N1CCC(N2C(=O)Cc3ccccc32)CC1,1,EC50,7.3,2,CHEMBL2387192
CCC1C(=O)N(C2CCN(C3CCCCCCC3)CC2)c2ccccc21,1,EC50,7.43,2,CHEMBL2387197
CC(C1CCCCC1)N1CCC(N2C(=O)Cc3ccccc32)CC1,1,EC50,7.55,2,CHEMBL2387191
CCC1C(=O)N(C2CCN([C@H]3CC[C@@H](C(C)C)CC3)CC2)c2ccccc21,1,EC50,8.33,2,CHEMBL2387196
C=CCN(CC=C)CCc1c[nH]c2ccc(OC)cc12,0,Ki (>),5.0,1,CHEMBL2391541
CC(N)Cc1c[nH]c2ccccc12,0,Ki (>),5.0,1,CHEMBL30713
O=C(N[C@@]12CCC(=O)[C@@H]3Oc4c(O)ccc5c4[C@@]31CCN(CC1CC1)[C@@H]2C5)c1ccc2ccccc2c1,1,EC50,7.95,3,CHEMBL2397019;CHEMBL3086753
O=C(N[C@@]12CCC(=O)[C@@H]3Oc4c(O)ccc5c4[C@@]31CCN(CC1CC1)[C@@H]2C5)c1cnc2ccccc2c1,1,EC50,8.55,3,CHEMBL2397018;CHEMBL3086752
O=C(N[C@@]12CCC(=O)[C@@H]3Oc4c(O)ccc5c4[C@@]31CCN(CC1CC1)[C@@H]2C5)c1ccc2ccccc2n1,1,EC50,7.41,3,CHEMBL2397017;CHEMBL3086751
O=C(N[C@@]12CCC(=O)[C@@H]3Oc4c(O)ccc5c4[C@@]31CCN(CC1CC1)[C@@H]2C5)c1ccccc1,1,EC50,8.14,3,CHEMBL2397015;CHEMBL3086749
O=C(N[C@@]12CCC(=O)[C@@H]3Oc4c(O)ccc5c4[C@@]31CCN(CC1CC1)[C@@H]2C5)c1ccncc1,1,EC50,8.78,3,CHEMBL2397022;CHEMBL3086748
CN(CCCc1ccccc1)[C@H]1CCCC[C@@H]1O,0,Ki (>),5.0,1,CHEMBL2413878
CN(CCc1ccccc1)[C@H]1CCCC[C@@H]1O,0,Ki (>),5.0,1,CHEMBL2413876
O=C(O)/C=C/C(=O)N1N=C(c2c(-c3ccc(Br)cc3)c3ccccc3[nH]c2=O)CC1c1ccc(Cl)cc1,0,Ki (>),5.0,1,CHEMBL2426072
NC1=Nc2ccc(Cl)cc2CN1,0,Ki (>),5.0,1,CHEMBL2436555
COc1cc2c(NC3CCN(C(C)C)CC3)nc(N3CCC(F)(F)CC3)nc2cc1OCCCN1CCCC1,0,Ki (>),5.0,2,CHEMBL2441082
COc1ccsc1CNCC[C@@]1(c2ccccn2)CCOC2(CCCC2)C1,1,EC50,8.74,9,CHEMBL2443262
Cc1cc(CNCC[C@@]2(c3ccccn3)CCOC3(CCCC3)C2)oc1C,1,EC50,6.5,1,CHEMBL2443261
Cc1cc(CNCC[C@@]2(c3ccccn3)CCOC3(CCCC3)C2)sc1C,1,EC50,6.3,1,CHEMBL2443260
Cc1cc(C)c(CNCC[C@@]2(c3ccccn3)CCOC3(CCCC3)C2)s1,1,EC50,6.2,1,CHEMBL2443259
Cc1ccc(CNCC[C@@]2(c3ccccn3)CCOC3(CCCC3)C2)o1,1,EC50,6.7,1,CHEMBL2443258
Cc1csc(CNCC[C@@]2(c3ccccn3)CCOC3(CCCC3)C2)c1,1,EC50,6.4,1,CHEMBL2443256
c1ccc([C@]2(CCNCc3ccc4ccccc4c3)CCOC3(CCCC3)C2)nc1,0,EC50,4.7,1,CHEMBL2443253
c1ccc([C@]2(CCNCc3ccsc3)CCOC3(CCCC3)C2)nc1,1,EC50,7.2,1,CHEMBL2443279
c1ccc([C@]2(CCNCc3cccs3)CCOC3(CCCC3)C2)nc1,1,EC50,6.6,1,CHEMBL2443278
Clc1cccc(CNCC[C@@]2(c3ccccn3)CCOC3(CCCC3)C2)c1,1,EC50,7.3,1,CHEMBL2443272
c1ccc(CNCC[C@]2(c3ccccn3)CCOC3(CCCC3)C2)cc1,0,EC50,4.8,1,CHEMBL2443270
c1ccc(CNCC[C@@]2(c3ccccn3)CCOC3(CCCC3)C2)cc1,1,EC50,6.8,1,CHEMBL2443269
c1ccc(CNCCC2(c3ccccn3)CCOC3(CCCC3)C2)cc1,1,EC50,6.7,1,CHEMBL2443268
Fc1ccc([C@]2(CCNCc3ccccc3)CCOC3(CCCC3)C2)cc1,1,EC50,6.4,1,CHEMBL2443263
Fc1ccc(C2(CCNCc3ccccc3)CCOC3(CCCC3)C2)cc1,1,EC50,6.2,1,CHEMBL2443285
C[C@@H]1CN(CCCc2ccccc2)[C@H]2C[C@H](N)C[C@]1(c1cccc(O)c1)C2,1,EC50,7.71,1,CHEMBL3216611
C[C@@H]1CN(CCCc2ccccc2)[C@H]2C[C@H](N(C)CC3CC3)C[C@]1(c1cccc(O)c1)C2,1,EC50,8.57,2,CHEMBL3217271
C[C@@H]1CN(CCCc2ccccc2)[C@H]2C[C@H](N(C)C)C[C@]1(c1cccc(O)c1)C2,1,EC50,8.19,2,CHEMBL3216613
C[C@@H]1CN(CCCc2ccccc2)[C@H]2C[C@H](NCC3CC3)C[C@]1(c1cccc(O)c1)C2,1,EC50,6.89,2,CHEMBL3217273
CCCN[C@H]1C[C@H]2C[C@@](c3cccc(O)c3)(C1)[C@H](C)CN2CCCc1ccccc1,1,EC50,7.75,2,CHEMBL3215960
CCN[C@H]1C[C@H]2C[C@@](c3cccc(O)c3)(C1)[C@H](C)CN2CCCc1ccccc1,1,EC50,7.48,2,CHEMBL3217051
CN[C@H]1C[C@H]2C[C@@](c3cccc(O)c3)(C1)[C@H](C)CN2CCCc1ccccc1,1,EC50,7.82,2,CHEMBL3217272
CCN(C)[C@H]1C[C@H]2C[C@@](c3cccc(O)c3)(C1)[C@H](C)CN2CCCc1ccccc1,1,EC50,7.22,1,CHEMBL3217050
C[C@H]1CN(CCCc2ccccc2)[C@@H]2C[C@@H](N)C[C@@]1(c1cccc(O)c1)C2,1,EC50,7.69,1,CHEMBL3086465
CNc1nc2c(s1)C[C@H]1[C@H]3Cc4ccc(O)cc4[C@@]1(CCN3CC1CC1)C2,1,EC50,9.28,4,CHEMBL3086308
CC(=O)Nc1nc2c(s1)C[C@H]1[C@H]3Cc4ccc(O)cc4[C@@]1(CCN3CC1CC1)C2,1,EC50,9.28,4,CHEMBL3086305
CNc1nc2c(s1)C[C@H]1[C@H]3Cc4ccc(OC)cc4[C@@]1(CCN3CC1CC1)C2,1,EC50,7.29,3,CHEMBL3086307
COc1ccc2c(c1)[C@]13CCN(CC4CC4)[C@H](C2)[C@@H]1Cc1sc(NC(C)=O)nc1C3,1,EC50,7.1,3,CHEMBL3086306
COc1ccc2c(c1)[C@]13CCN(CC4CC4)[C@H](C2)[C@@H]1Cc1sc(N)nc1C3,1,EC50,7.41,3,CHEMBL3086303
CNc1cc(-c2csc(N(C)C(=O)c3ccc(F)cc3)n2)ncn1,0,Ki (>),5.0,1,CHEMBL569270
CCOCCN1CC[C@]23Cc4nc5ccccc5cc4C[C@@]2(O)[C@H]1Cc1ccc(O)cc13,1,EC50,6.69,1,CHEMBL4296736
CN1CC[C@]23Cc4nc5ccccc5cc4C[C@@]2(O)[C@H]1Cc1ccc(O)cc13,1,EC50,6.63,1,CHEMBL4296720
OCCN1CC[C@]23Cc4nc5ccccc5cc4C[C@@]2(O)[C@H]1Cc1ccc(O)cc13,1,EC50,6.8,1,CHEMBL4296735
Oc1ccc2c(c1)[C@]13CCN(CCF)[C@H](C2)[C@]1(O)Cc1cc2ccccc2nc1C3,1,EC50,6.94,1,CHEMBL4296731
CCN1CC[C@]23Cc4nc5ccccc5cc4C[C@@]2(O)[C@H]1Cc1ccc(O)cc13,1,EC50,6.97,1,CHEMBL4296733
C[C@H](O)CN1CC[C@]23Cc4nc5ccccc5cc4C[C@@]2(O)[C@H]1Cc1ccc(O)cc13,1,EC50,7.77,1,CHEMBL4296732
Oc1ccc2c(c1)[C@]13CCN(C[C@@H]4CCCO4)[C@H](C2)[C@]1(O)Cc1cc2ccccc2nc1C3,1,EC50,7.82,1,CHEMBL4296737
Oc1ccc2c(c1)[C@]13CCN(Cc4ccco4)[C@H](C2)[C@]1(O)Cc1cc2ccccc2nc1C3,1,EC50,8.92,1,CHEMBL4296726
CN1CCc2c(c3cccc4c3n2CCc2ccccc2-4)C1,0,Ki (>),5.0,1,CHEMBL3104093
CN1CCc2c(c3cccc4c3n2Cc2ccccc2C4)C1,0,Ki (>),5.0,1,CHEMBL3104092
CN1CCc2c(c3cccc4c3n2-c2ccccc2CC4)C1,0,Ki (>),5.0,1,CHEMBL3104091
COC(=O)[C@@H]1C[C@H](O[C@@H]2CCCCO2)C(=O)[C@H]2[C@@]1(C)CC[C@H]1C(=O)O[C@H](c3ccoc3)C[C@]21C,0,Ki (>),5.0,1,CHEMBL3219933
COC(=O)[C@@H]1C[C@H](O[C@H]2CCCCO2)C(=O)[C@H]2[C@@]1(C)CC[C@H]1C(=O)O[C@H](c3ccoc3)C[C@]21C,0,Ki (>),5.0,1,CHEMBL3219934
COC(=O)[C@@H]1C[C@H](O[C@@H]2CCCO2)C(=O)[C@H]2[C@@]1(C)CC[C@H]1C(=O)O[C@H](c3ccoc3)C[C@]21C,0,Ki (>),5.0,1,CHEMBL3219935
COC(=O)[C@@H]1C[C@H](O[C@H]2CCCO2)C(=O)[C@H]2[C@@]1(C)CC[C@H]1C(=O)O[C@H](c3ccoc3)C[C@]21C,0,Ki (>),5.0,1,CHEMBL3219936
COC(=O)[C@@H]1C[C@H](OC=O)C(=O)[C@H]2[C@@]1(C)CC[C@H]1C(=O)O[C@H](c3ccoc3)C[C@]21C,0,Ki (>),5.0,1,CHEMBL370680
CCOC(=O)O[C@H]1C[C@@H](C(=O)OC)[C@]2(C)CC[C@H]3C(=O)O[C@H](c4ccoc4)C[C@]3(C)[C@H]2C1=O,0,Ki (>),5.0,1,CHEMBL3219941
Cc1cc(O)cc(C)c1C[C@H](N)C(=O)N1CCC[C@H]1C(=O)N[C@@H](Cc1c[nH]c2ccccc12)C(N)=O,1,EC50,8.2,1,CHEMBL3233197
Cc1cc(C)c(C[C@H](NC(=O)[C@@H]2CCCN2C(=O)[C@@H](N)Cc2c(C)cc(O)cc2C)C(N)=O)c(C)c1,1,EC50,7.73,1,CHEMBL3233014
CC1CN(CCCc2ccccc2)C2C[C@H](N)CC1(c1cccc(O)c1)C2,0,EC50,4.71,1,CHEMBL333342
O=C1[C@H]2O[C@@]34CC[C@@]5(OCOc6c(O)ccc7c6[C@@]3(CCN(CC3CC3)[C@@H]4C7)[C@H]25)N1Cc1ccccc1,1,EC50,8.74,2,CHEMBL3264742
CN1CC[C@@]23c4c5ccc(O)c4OCO[C@]46CC[C@@]2(O[C@H](C(=O)N4Cc2ccccc2)[C@H]63)[C@H]1C5,1,EC50,6.95,1,CHEMBL3264743
CC(C)CN1CC[C@@]23c4c5ccc(O)c4OCO[C@]46CC[C@@]2(O[C@H](C(=O)N4Cc2ccccc2)[C@H]63)[C@H]1C5,1,EC50,6.65,2,CHEMBL3264744
C=CCN1CC[C@@]23c4c5ccc(O)c4OCO[C@]46CC[C@@]2(O[C@H](C(=O)N4Cc2ccccc2)[C@H]63)[C@H]1C5,1,EC50,8.57,2,CHEMBL3264745
O=C1[C@H]2O[C@@]34CC[C@@]5(OCOc6c(O)ccc7c6[C@@]3(CCN(CCc3ccccc3)[C@@H]4C7)[C@H]25)N1Cc1ccccc1,1,EC50,8.64,2,CHEMBL3264746
O=C1[C@H]2O[C@@]34CC[C@@]5(OCOc6c(O)ccc7c6[C@@]3(CCN(CC3CC3)[C@@H]4C7)[C@H]25)N1c1ccccc1,1,EC50,8.92,2,CHEMBL3264747
O=C1[C@H]2O[C@@]34CC[C@@]5(OCOc6c(O)ccc7c6[C@@]3(CCN(CC3CC3)[C@@H]4C7)[C@H]25)N1CCc1ccccc1,1,EC50,8.68,2,CHEMBL3264748
O=C1Cc2ccccc2N1C1CCN([C@H]2CC[C@@H]3CCCc4cccc2c43)CC1,1,EC50,6.39,2,CHEMBL3262542
O=C1Cc2ccccc2N1C1CCN([C@@H]2CC[C@@H]3CCCc4cccc2c43)CC1,1,EC50,6.13,2,CHEMBL3262543
CCC1C(=O)N(C2CCN([C@H]3CC[C@@H]4CCCc5cccc3c54)CC2)c2ccccc21,1,EC50,7.25,2,CHEMBL3262544
CCC1C(=O)N(C2CCN([C@@H]3CC[C@@H]4CCCc5cccc3c54)CC2)c2ccccc21,1,EC50,7.09,2,CHEMBL3262545
CCC1C(=O)N(C2CCN(C3CCCc4ccccc43)CC2)c2ccccc21,1,EC50,7.54,2,CHEMBL3262546
CCC1C(=O)N(C2CCN(C3CCc4ccccc4C3)CC2)c2ccccc21,1,EC50,7.65,2,CHEMBL3262547
CCC1C(=O)N(C2CCN(Cc3cccc4[nH]ccc34)CC2)c2ccccc21,1,EC50,7.63,2,CHEMBL3262548
CCC1C(=O)N(C2CCN(CCC(c3ccccc3)c3ccccc3)CC2)c2ccccc21,1,EC50,7.4,2,CHEMBL3262549
CCC1C(=O)N(C2CCN(C(C)CC(c3ccccc3)c3ccccc3)CC2)c2ccccc21,0,EC50 (>),5.0,2,CHEMBL3262550
CCC1C(=O)N(C2CCN(CCCc3ccccc3)CC2)c2ccccc21,1,EC50,6.17,2,CHEMBL3262551
CCC1C(=O)N(C2CCN(CCCCc3ccc(-c4ccccc4)cc3)CC2)c2ccccc21,0,EC50 (>),5.0,2,CHEMBL3262553
CC[C@@](O)(c1ccccc1)[C@H]1C[C@@]23CC[C@]1(OC)[C@@H]1Oc4c(O)ccc5c4[C@@]12CCN(CC1CC1)[C@@H]3C5,1,EC50,7.74,2,CHEMBL3262091
CO[C@]12CC[C@@]3(C[C@@H]1[C@@H](O)c1ccccc1)[C@H]1Cc4ccc(O)c5c4[C@@]3(CCN1CC1CC1)[C@H]2O5,1,EC50,8.81,2,CHEMBL3262092
CC[C@@](O)(c1ccccc1)[C@H]1C[C@@]23C=C[C@]1(OC)[C@@H]1Oc4c(O)ccc5c4[C@@]12CCN(CC1CC1)[C@@H]3C5,1,EC50,7.5,2,CHEMBL3262361
CO[C@]12CC[C@@]3(C[C@@H]1[C@H](O)c1ccccc1)[C@H]1Cc4ccc(O)c5c4[C@@]3(CCN1CC1CC1)[C@H]2O5,1,EC50,7.98,2,CHEMBL3262090
CC[C@](O)([C@H]1C[C@@]23CC[C@]1(OC)[C@@H]1Oc4c(O)ccc5c4[C@@]12CCN(CC1CC1)[C@@H]3C5)C(C)(C)C,1,EC50,7.3,2,CHEMBL3262088
CC[C@](O)([C@H]1C[C@@]23C=C[C@]1(OC)[C@@H]1Oc4c(O)ccc5c4[C@@]12CCN(CC1CC1)[C@@H]3C5)C(C)(C)C,1,EC50,6.62,2,CHEMBL3262362
CO[C@]12C=C[C@@]3(C[C@@H]1[C@H](O)c1ccccc1)[C@H]1Cc4ccc(O)c5c4[C@@]3(CCN1CC1CC1)[C@H]2O5,1,EC50,8.56,2,CHEMBL3262093
Oc1ccc2c(c1)[C@]13CCN(CC4CC4)C[C@@]1(C2)Cc1cc2ccccc2nc1C3,1,EC50,6.71,2,CHEMBL3287467
CN1C(=O)CCC2=C1[C@@H]1Oc3c(O)ccc4c3[C@@]13CCN(C)[C@H](C4)[C@]3(O)C2,1,EC50,7.1,2,CHEMBL3309506
CN1CC[C@]23c4c5ccc(O)c4O[C@H]2C2=C(CCC(=O)N2Cc2ccccc2)C[C@@]3(O)[C@H]1C5,1,EC50,8.3,2,CHEMBL3309507
CN1C(=O)[C@H](CCO)CC2=C1[C@@H]1Oc3c(O)ccc4c3[C@@]13CCN(C)[C@H](C4)[C@]3(O)C2,1,EC50,6.79,2,CHEMBL3309508
CN1C(=O)[C@@H](CCO)CC2=C1[C@@H]1Oc3c(O)ccc4c3[C@@]13CCN(C)[C@H](C4)[C@]3(O)C2,1,EC50,6.15,2,CHEMBL3309509
CN1CC[C@]23c4c5ccc(O)c4O[C@H]2C2=C(C[C@H](CCO)C(=O)N2Cc2ccccc2)C[C@@]3(O)[C@H]1C5,1,EC50,7.02,2,CHEMBL3309510
CCOC(=O)Cc1c2c(n(Cc3ccccc3)c1O)[C@@H]1Oc3c(O)ccc4c3[C@@]13CCN(C)[C@H](C4)[C@]3(O)C2,1,EC50,7.15,2,CHEMBL3357966
Cc1nn(-c2ccc(Br)cc2Br)c2c1C(O)CC(C)(C)C2,1,EC50,7.0,1,CHEMBL3325841
Cc1n[nH]c2c1C(=O)CC(C)(C)C2,0,EC50 (>),4.0,1,CHEMBL594957
CC1(C)CC(=O)c2c(C3CC3)nn(-c3ccc(Cl)cc3Cl)c2C1,1,EC50,6.43,1,CHEMBL3325719
Cc1nn(-c2ccc(Cl)cc2Cl)c2c1C(=O)CCC2,0,EC50,4.87,1,CHEMBL3325717
Cc1ccc(-n2nc(C)c3c2CC(C)(C)CC3=O)c(Br)c1,1,EC50,7.39,2,CHEMBL3325716
Cc1nn(-c2ccc(Cl)cc2Br)c2c1C(=O)CC(C)(C)C2,1,EC50,7.39,2,CHEMBL3325715
Cc1nn(-c2ccc(Br)cc2Br)c2c1C(=O)CC(C)(C)C2,1,EC50,7.39,1,CHEMBL3325714
Cc1nn(-c2ccc(Cl)cc2Cl)c2c1C(=O)CC(C)(C)C2,1,EC50,6.82,1,CHEMBL3325713
Cc1nn(-c2ccc(F)cc2F)c2c1C(=O)CC(C)(C)C2,0,EC50,4.99,1,CHEMBL3325711
Cc1cc(Cl)ccc1-n1nc(C)c2c1CC(C)(C)CC2=O,1,EC50,6.43,1,CHEMBL3325710
Cc1ccc(-n2nc(C)c3c2CC(C)(C)CC3=O)c(C)c1,1,EC50,6.43,1,CHEMBL3325707
CCOC(=O)c1ccccc1-n1nc(C)c2c1CC(C)(C)CC2=O,0,EC50,4.52,1,CHEMBL3325705
COc1ccc(-n2nc(C)c3c2CC(C)(C)CC3=O)cc1,0,EC50,4.74,1,CHEMBL3325704
CCc1ccccc1-n1nc(C)c2c1CC(C)(C)CC2=O,0,EC50,4.72,1,CHEMBL3325703
Cc1nn(-c2ccc(Cl)cc2)c2c1C(=O)CC(C)(C)C2,0,EC50,4.87,1,CHEMBL3325699
Cc1nn(-c2cccc(Cl)c2)c2c1C(=O)CC(C)(C)C2,0,EC50 (>),4.0,1,CHEMBL3325698
Cc1nn(-c2ccccc2)c2c1C(=O)CC(C)(C)C2,0,EC50 (>),4.0,1,CHEMBL3325697
COc1ccc(S(=O)(=O)Nc2c(C)cc(C)cc2C)cc1,0,EC50 (>),4.0,2,CHEMBL3311308
CC(=O)N[C@H](Cc1c[nH]c2c(C)cccc12)C(=O)N[C@@H](Cc1ccccc1)C(=O)NCC(N)=O,0,Ki (>),4.0,1,CHEMBL3319082
CC(=O)N[C@H](Cc1c[nH]c2ccc(F)cc12)C(=O)N[C@@H](Cc1ccccc1)C(=O)NCC(N)=O,0,Ki (>),4.0,1,CHEMBL3319083
CC(=O)N[C@H](Cc1c[nH]c2cc(Cl)ccc12)C(=O)N[C@@H](Cc1ccccc1)C(=O)NCC(N)=O,0,Ki (>),4.0,1,CHEMBL3319086
CC(=O)N[C@H](Cc1c(C)[nH]c2ccc(Cl)cc12)C(=O)N[C@@H](Cc1ccccc1)C(=O)NCC(N)=O,0,Ki (>),4.0,1,CHEMBL3319090
C[C@@]1(c2ccccc2O)O[C@@H]2N3[C@H](CO[C@H]31)O[C@]2(C)c1ccccc1O,1,EC50,7.24,1,CHEMBL3338874
COC(=O)[C@@H]1C[C@H](OC(=O)/C=C/c2cc(C(F)(F)F)ccc2C(F)(F)F)C(=O)[C@H]2[C@@]1(C)CC[C@H]1C(=O)O[C@H](c3ccoc3)C[C@]21C,0,Ki (>),5.0,1,CHEMBL3330681
COC(=O)[C@@H]1C[C@H](OC(=O)/C=C/c2ccc(C(F)(F)F)cc2)C(=O)[C@H]2[C@@]1(C)CC[C@H]1C(=O)O[C@H](c3ccoc3)C[C@]21C,0,Ki (>),5.0,1,CHEMBL3330680
COC(=O)[C@@H]1C[C@H](OC(=O)/C=C/c2ccccc2C(F)(F)F)C(=O)[C@H]2[C@@]1(C)CC[C@H]1C(=O)O[C@H](c3ccoc3)C[C@]21C,0,Ki (>),5.0,1,CHEMBL3330679
COC(=O)[C@@H]1C[C@H](OC(=O)/C=C/c2ccc([N+](=O)[O-])cc2)C(=O)[C@H]2[C@@]1(C)CC[C@H]1C(=O)O[C@H](c3ccoc3)C[C@]21C,0,Ki (>),5.0,1,CHEMBL3330678
COC(=O)[C@@H]1C[C@H](OC(=O)/C=C/c2ccccc2[N+](=O)[O-])C(=O)[C@H]2[C@@]1(C)CC[C@H]1C(=O)O[C@H](c3ccoc3)C[C@]21C,0,Ki (>),5.0,1,CHEMBL3330677
COC(=O)[C@@H]1C[C@H](OC(=O)/C=C/c2cc(OC)c(OC)c(OC)c2)C(=O)[C@H]2[C@@]1(C)CC[C@H]1C(=O)O[C@H](c3ccoc3)C[C@]21C,0,Ki (>),5.0,1,CHEMBL3330675
COC(=O)[C@@H]1C[C@H](OC(=O)/C=C/c2ccc(OC)cc2OC)C(=O)[C@H]2[C@@]1(C)CC[C@H]1C(=O)O[C@H](c3ccoc3)C[C@]21C,0,Ki (>),5.0,1,CHEMBL3330674
COC(=O)[C@@H]1C[C@H](OC(=O)/C=C/c2cc(OC)ccc2OC)C(=O)[C@H]2[C@@]1(C)CC[C@H]1C(=O)O[C@H](c3ccoc3)C[C@]21C,0,Ki (>),5.0,1,CHEMBL3330673
COC(=O)[C@@H]1C[C@H](OC(=O)/C=C/c2ccc(OC)cc2)C(=O)[C@H]2[C@@]1(C)CC[C@H]1C(=O)O[C@H](c3ccoc3)C[C@]21C,0,Ki (>),5.0,1,CHEMBL3330672
COC(=O)[C@@H]1C[C@H](OC(=O)/C=C/c2ccccc2OC)C(=O)[C@H]2[C@@]1(C)CC[C@H]1C(=O)O[C@H](c3ccoc3)C[C@]21C,0,Ki (>),5.0,1,CHEMBL3330671
C/C=C(\C)C(=O)O[C@H]1C[C@@H](C(=O)OC)[C@]2(C)CC[C@H]3C(=O)O[C@H](c4ccoc4)C[C@]3(C)[C@H]2C1=O,0,Ki (>),5.0,1,CHEMBL3330668
CN(C)[C@]1(c2ccccc2)CC[C@]2(CC1)OCCc1c3ccccc3[nH]c12,1,EC50,6.0,3,CHEMBL3326224;CHEMBL3326226
CN(C)[C@]1(c2ccccc2)CC[C@@H](NCCc2c[nH]c3ccccc23)CC1,0,EC50,4.29,2,CHEMBL3326222
CN(C)[C@]1(c2ccccc2)CC[C@@H](NC(=O)NCCCc2ccccc2)CC1,0,EC50,4.92,2,CHEMBL3325881
CN(C)[C@]1(c2ccccc2)CC[C@]2(CC1)OCCc1c3cc(O)ccc3[nH]c12,1,EC50,8.92,2,CHEMBL3325961
CN[C@]1(c2ccccc2)CC[C@]2(CC1)OCCc1c3cc(F)ccc3[nH]c12,1,EC50,8.59,2,CHEMBL3325959
CN(C)[C@]1(c2ccccc2)CC[C@]2(CC1)OCCc1c3cc(F)ccc3[nH]c12,1,EC50,9.49,6,CHEMBL2364605;CHEMBL3325957
CN(C)[C@]1(c2ccccc2)CC[C@]2(CC1)NCCc1c3ccccc3[nH]c12,1,EC50,9.7,2,CHEMBL3326228
CN(C(=O)/C=C/c1ccoc1)[C@@H]1CC[C@@]2(O)[C@H]3Cc4ccc(O)c5c4[C@@]2(CCN3CC2CC2)[C@H]1O5,1,EC50,9.14,5,CHEMBL267495;CHEMBL490665
O=C(NCc1ccccc1)C1=N[C@@]23CC[C@]1(O)C1Oc4c(O)ccc5c4C12CCN(CC1CC1)C3C5,1,EC50,9.4,1,CHEMBL3339378
O=C(NCCc1ccccc1)C1=N[C@@]23CC[C@]1(O)C1Oc4c(O)ccc5c4C12CCN(CC1CC1)C3C5,1,EC50,8.96,1,CHEMBL3339379
CN(C(=O)C(c1ccccc1)c1ccccc1)[C@H](CN1CC[C@H](O)C1)c1ccccc1,0,EC50,4.22,1,CHEMBL1190199
Cc1ccc(C(=O)Nc2nc3ccccc3n2CCN2CCCC2)cc1,0,EC50,4.41,1,CHEMBL1488893
Cc1ccc(C(=O)Nc2nc3ccccc3n2CCN2CCCC2)nc1,0,EC50,4.0,1,CHEMBL3393993
O=C(Nc1nc2ccccc2n1CCN1CCCC1)c1nc2ccccc2s1,0,EC50,4.0,1,CHEMBL3393999
CSc1c[nH]c(C(=O)Nc2nc3ccccc3n2CCN2CCCC2)c1,1,EC50,6.59,1,CHEMBL3394003
O=C(Nc1nc2ccccc2n1CCN1CCCC1)c1cc2ccccc2[nH]1,1,EC50,6.82,1,CHEMBL3394005
O=C(Nc1nc2cccnc2n1CCN1CCCC1)c1ccc(Cl)cc1,0,EC50,4.28,1,CHEMBL3394007
CS(=O)(=O)c1c[nH]c(C(=O)Nc2nc3cccnc3n2CCN2CCCC2)c1,0,EC50,4.46,1,CHEMBL3394008
NC(=O)[C@@H]1CC(=O)NCCCC[C@@H](NC(=O)[C@@H](N)Cc2ccc(O)cc2)C(=O)N[C@@H](Cc2ccc(F)cc2)C(=O)N[C@@H](Cc2ccccc2)C(=O)N1,1,EC50,8.59,1,CHEMBL3582484
NC(=O)[C@@H]1CC(=O)NCCCC[C@@H](NC(=O)[C@@H](N)Cc2ccc(O)cc2)C(=O)N[C@@H](Cc2ccc(F)cc2F)C(=O)N[C@@H](Cc2ccccc2)C(=O)N1,1,EC50,8.39,1,CHEMBL3582485
NC(=O)[C@@H]1CC(=O)NCCCC[C@@H](NC(=O)[C@@H](N)Cc2ccc(O)cc2)C(=O)N[C@@H](Cc2ccccc2)C(=O)N[C@@H](Cc2ccc(F)cc2)C(=O)N1,1,EC50,8.49,1,CHEMBL3582487
NC(=O)[C@@H]1CC(=O)NCCCC[C@@H](NC(=O)[C@@H](N)Cc2ccc(O)cc2)C(=O)N[C@@H](Cc2ccccc2)C(=O)N[C@@H](Cc2ccc(F)cc2F)C(=O)N1,1,EC50,8.2,1,CHEMBL3580743
NC(=O)[C@@H]1CC(=O)NCCCC[C@@H](NC(=O)[C@@H](N)Cc2ccc(O)cc2)C(=O)N[C@@H](Cc2ccccc2)C(=O)N[C@@H](Cc2ccc(C(F)(F)F)cc2)C(=O)N1,1,EC50,8.28,1,CHEMBL3580744
Cc1cc(O)cc(C)c1C[C@H](N)C(=O)N[C@@H]1CCCCNC(=O)C[C@@H](C(N)=O)NC(=O)[C@H](Cc2ccccc2)NC(=O)[C@H](Cc2ccc(F)cc2)NC1=O,1,EC50,8.6,1,CHEMBL3580745
Cc1cc(O)cc(C)c1C[C@H](N)C(=O)N[C@@H]1CCCCNC(=O)C[C@@H](C(N)=O)NC(=O)[C@H](Cc2ccccc2)NC(=O)[C@H](Cc2ccc(F)cc2F)NC1=O,1,EC50,8.29,1,CHEMBL3580746
Cc1cc(O)cc(C)c1C[C@H](N)C(=O)N[C@@H]1CCCCNC(=O)C[C@@H](C(N)=O)NC(=O)[C@H](Cc2ccc(F)cc2)NC(=O)[C@H](Cc2ccccc2)NC1=O,1,EC50,8.56,1,CHEMBL3580748
Cc1cc(O)cc(C)c1C[C@H](N)C(=O)N[C@@H]1CCCCNC(=O)C[C@@H](C(N)=O)NC(=O)[C@H](Cc2ccc(F)cc2F)NC(=O)[C@H](Cc2ccccc2)NC1=O,1,EC50,8.78,1,CHEMBL3580749
Cc1cc(O)cc(C)c1C[C@H](N)C(=O)N[C@@H]1CCCCNC(=O)C[C@@H](C(N)=O)NC(=O)[C@H](Cc2ccc(C(F)(F)F)cc2)NC(=O)[C@H](Cc2ccccc2)NC1=O,1,EC50,8.17,1,CHEMBL3580750
Cc1ccc(S(=O)(=O)N2CCc3cc(C(=O)NCCN(Cc4ccc(Cl)cc4)C(C)(C)C)ccc3C2)cc1,0,Ki (>),5.0,1,CHEMBL3590199
C[C@@H]1C[C@@H]2C[C@H](C1)C[C@@H](N1[C@@H]3CCC[C@H]1C[C@@H](n1c(=O)c(C(=O)O)nc4ccccc41)C3)C2,0,EC50 (>),4.7,3,CHEMBL3647962
COc1ccc2c3c1O[C@H]1[C@@]4(OC)CC[C@@]5(C[C@@H]4COCc4ccccc4)[C@@H](C2)N(CC2CC2)CC[C@]315,1,EC50,7.97,5,CHEMBL3916122
CN1CC[C@]23c4c5ccc(O)c4O[C@H]2[C@@H](O)C=CC3C1C5,1,EC50,7.54,3,CHEMBL409938
C[C@@H](NC(=O)[C@@H](N)Cc1ccc(O)cc1)C(=O)N[C@@H](Cc1ccccc1)C(=O)NCC(=O)N[C@@H](Cc1ccc(O)cc1)C(=O)N1CCC[C@H]1C(=O)N[C@@H](CO)C(N)=O,1,EC50,7.09,5,CHEMBL278789
CC[C@H](C)[C@H](NC(=O)[C@H](CCCNC(=N)N)NC(=O)[C@H](CCCNC(=N)N)NC(=O)[C@H](CC(C)C)NC(=O)[C@H](Cc1ccccc1)NC(=O)CNC(=O)CNC(=O)[C@@H](N)Cc1ccc(O)cc1)C(=O)N[C@@H](CCCNC(=N)N)C(=O)N1CCC[C@H]1C(=O)N[C@@H](CCCCN)C(=O)N[C@@H](CC(C)C)C(=O)N[C@@H](CCCCN)C(=O)O,1,EC50,6.67,3,CHEMBL405618
NC(=O)[C@@H]1CC(=O)NCCCC[C@@H](NC(=O)[C@@H](N)Cc2ccc(O)cc2)C(=O)N[C@@H](Cc2ccccc2)C(=O)N[C@@H](Cc2ccccc2)C(=O)N1,1,EC50,8.69,3,CHEMBL1927270
Cc1cc(O)cc(C)c1C[C@H](N)C(=O)N[C@@H]1CCCCNC(=O)C[C@@H](C(N)=O)NC(=O)[C@H](Cc2ccccc2)NC(=O)[C@@H](Cc2cccc3ccccc23)NC1=O,1,EC50,7.7,1,CHEMBL3758969
Cc1cc(O)cc(C)c1C[C@H](N)C(=O)N[C@@H]1CCCCNC(=O)C[C@@H](C(N)=O)NC(=O)[C@H](Cc2ccccc2)NC(=O)[C@@H](Cc2ccc3ccccc3c2)NC1=O,1,EC50,7.94,1,CHEMBL3759981
Cc1cc(O)cc(C)c1C[C@H](N)C(=O)N[C@@H]1CCCCNC(=O)C[C@@H](C(N)=O)NC(=O)[C@@H](Cc2cccc3ccccc23)NC(=O)[C@H](Cc2ccccc2)NC1=O,1,EC50,8.25,2,CHEMBL3759167
Cc1cc(O)cc(C)c1C[C@H](N)C(=O)N[C@@H]1CCCCNC(=O)C[C@@H](C(N)=O)NC(=O)[C@@H](Cc2ccc3ccccc3c2)NC(=O)[C@H](Cc2ccccc2)NC1=O,1,EC50,8.44,2,CHEMBL3759179
CO[C@@]12CCC(=O)[C@]3(C)Oc4c(O)ccc5c4[C@@]31CCN(C)[C@@H]2C5,1,EC50,8.48,3,CHEMBL326684
CN1CC[C@]23c4c5ccc(O)c4O[C@@]2(C)c2[nH]c4ccccc4c2C[C@@]3(CCCc2ccccc2)[C@H]1C5,1,EC50,7.35,2,CHEMBL3759489
Cc1cc(O)cc(C)c1C[C@H](N)C(=O)N1Cc2ccccc2C[C@@H]1C(=O)NCC(=O)N(c1ccccc1)c1ccccc1,1,EC50,8.32,2,CHEMBL3759541
Cc1cc(O)cc(C)c1C[C@H](N)C(=O)N1Cc2ccccc2C[C@@H]1C(=O)NCC(=O)N1CCc2ccccc2C1,1,EC50,7.66,2,CHEMBL3758563
CN1CC[C@]23c4c5ccc(O)c4O[C@@]2(CO)C(=O)CC[C@@]3(O)[C@H]1C5,1,EC50,7.46,2,CHEMBL3758348
Nc1nc2cc3c(cc2s1)C[C@H]1[C@@H]2CCCC[C@]32CCN1CC1CC1,1,EC50,7.14,2,CHEMBL3759660
NC(=O)[C@H]1CC(F)(F)CN1C(=O)[C@H](Cc1ccccc1)NC(=O)[C@@H]1CCCN1C(=O)[C@@H](N)Cc1ccc(O)cc1,1,EC50,7.69,1,CHEMBL3764219
NC(=O)[C@@H]1CC(F)(F)CN1C(=O)[C@H](Cc1ccccc1)NC(=O)[C@@H]1CC(F)(F)CN1C(=O)[C@@H](N)Cc1ccc(O)cc1,1,EC50,6.4,1,CHEMBL3764033
NC(=O)[C@H]1CC(F)(F)CN1C(=O)[C@H](Cc1ccccc1)NC(=O)[C@@H]1CC(F)(F)CN1C(=O)[C@@H](N)Cc1ccc(O)cc1,1,EC50,8.33,1,CHEMBL3765406
C[C@H](NC(=O)[C@@H](N)Cc1ccc(O)cc1)C(=O)N[C@@H](Cc1ccccc1)C(=O)NCC(=O)N[C@@H](Cc1ccc(O)cc1)C(=O)N1CCC[C@H]1C(=O)N[C@@H](CO)C(N)=O,1,EC50,8.92,3,CHEMBL285479
Oc1ccc2c(c1)[C@]13CCN(CC4CC4)[C@@H](C2)[C@]1(O)Cc1c([nH]c2ccccc12)C3,0,EC50 (>),5.0,2,CHEMBL3785854
Oc1ccc2c(c1)[C@]13CCN(CC4CC4)[C@H](C2)[C@]1(O)CCc1c([nH]c2ccccc12)C3,1,EC50,8.21,2,CHEMBL3787016
Oc1ccc2c(c1)[C@]13CCN(CC4CC4)[C@@H](C2)[C@]1(O)Cc1cc2ccccc2nc1C3,0,EC50 (>),5.0,2,CHEMBL3787263
Oc1ccc2c(c1)[C@]13CCN(CC4CC4)[C@H](C2)[C@]1(O)CCc1cc2ccccc2nc1C3,1,EC50,7.94,2,CHEMBL3787663
O=C1C[C@]23CCN(CC4CC4)[C@H](Cc4ccc(O)cc42)[C@]3(O)C/C1=C\c1ccccc1,0,EC50 (>),5.0,2,CHEMBL3786970
O=C1C[C@]23CCN(CC4CC4)[C@H](Cc4ccc(O)cc42)[C@]3(O)C/C1=C/c1ccccc1,1,EC50,7.26,2,CHEMBL3785265
O=C1C[C@]23CCN(CC4CC4)[C@H](Cc4ccc(O)cc42)[C@]3(O)CC/C1=C/c1ccccc1,1,EC50,7.72,2,CHEMBL3786083
COc1cccc([C@@]2(O)CCCC[C@@H]2CN(C)C)c1,1,EC50,6.0,1,CHEMBL1066
COc1ccccc1-c1ccc2c(c1)CCC(CN(C)C)C2(O)c1cccc(O)c1,0,Ki (>),5.0,2,CHEMBL3808766
CN(C)C[C@H]1CCc2cc(-c3ccccc3OC(F)(F)F)ccc2[C@]1(O)c1cccc(O)c1,0,Ki (>),5.0,1,CHEMBL3809323
CN(C)C[C@H]1CCc2cc(-c3ccccc3C(F)(F)F)ccc2[C@]1(O)c1cccc(O)c1,0,Ki (>),5.0,1,CHEMBL3808773
CN(C)C[C@H]1CCc2cc(-c3ccccc3Cl)ccc2[C@]1(O)c1cccc(O)c1,0,Ki (>),5.0,1,CHEMBL3809017
CN(C)C[C@H]1CCc2cc(-c3ccccc3F)ccc2[C@]1(O)c1cccc(O)c1,0,Ki (>),5.0,1,CHEMBL3809684
Cc1ccccc1-c1ccc2c(c1)CC[C@H](CN(C)C)[C@@]2(O)c1cccc(O)c1,0,Ki (>),5.0,1,CHEMBL3809491
CN(C)C[C@H]1CCc2cc(-c3ccc(Cl)c(Cl)c3)ccc2[C@]1(O)c1cccc(O)c1,0,Ki (>),5.0,1,CHEMBL3809650
CN(C)C[C@H]1CCc2cc(-c3ccc(Cl)cc3)ccc2[C@]1(O)c1cccc(O)c1,0,Ki (>),5.0,1,CHEMBL3810337
CN(C)C[C@H]1CCc2cc(-c3ccc(C(F)(F)F)cc3)ccc2[C@]1(O)c1cccc(O)c1,0,Ki (>),5.0,1,CHEMBL3808800
COc1ccc(-c2ccc3c(c2)CC[C@H](CN(C)C)[C@@]3(O)c2cccc(O)c2)cc1,0,Ki (>),5.0,1,CHEMBL3808589
COc1cccc(-c2ccc3c(c2)CC[C@H](CN(C)C)[C@@]3(O)c2cccc(O)c2)c1,0,Ki (>),5.0,1,CHEMBL3809546
COc1ccccc1-c1ccc2c(c1)CC[C@H](CN(C)C)[C@@]2(O)c1cccc(O)c1,0,Ki (>),5.0,1,CHEMBL3808835
COc1cccc([C@@]2(O)c3ccc(-c4ccccc4C)cc3CC[C@@H]2CN(C)C)c1,0,Ki (>),5.0,1,CHEMBL3810282
COc1cccc([C@@]2(O)c3ccc(-c4ccc(Cl)c(Cl)c4)cc3CC[C@@H]2CN(C)C)c1,0,Ki (>),5.0,1,CHEMBL3809970
COc1cccc([C@@]2(O)c3ccc(-c4ccc(Cl)cc4)cc3CC[C@@H]2CN(C)C)c1,0,Ki (>),5.0,1,CHEMBL3809687
COc1cccc([C@@]2(O)c3ccc(-c4ccc(C(F)(F)F)cc4)cc3CC[C@@H]2CN(C)C)c1,0,Ki (>),5.0,1,CHEMBL3809145
COc1ccc(-c2ccc3c(c2)CC[C@H](CN(C)C)[C@@]3(O)c2cccc(OC)c2)cc1,0,Ki (>),5.0,1,CHEMBL3809054
COc1cccc(-c2ccc3c(c2)CC[C@H](CN(C)C)[C@@]3(O)c2cccc(OC)c2)c1,0,Ki (>),5.0,1,CHEMBL3809396
COc1cccc([C@@]2(O)c3ccc(-c4ccccc4OC)cc3CC[C@@H]2CN(C)C)c1,0,Ki (>),5.0,1,CHEMBL3808879
COc1cccc([C@@]2(O)c3ccc(-c4ccccc4)cc3CC[C@@H]2CN(C)C)c1,0,Ki (>),5.0,1,CHEMBL3809808
Cc1cc(O)cc(C)c1C[C@H](N)C(=O)N[C@H](CCCNC(=N)N)C(=O)N[C@H]1Cc2ccccc2CN(CCC(N)=O)C1=O,1,EC50,10.0,5,CHEMBL3408737
Oc1cccc(CCN(CCc2ccccc2)CCc2ccccc2)c1,0,Ki (>),5.0,1,CHEMBL3923010
CCCN1CC[C@H]2CC3=Nc4ccccc4[C@]3(CC)[C@H]3CCC[C@@H]1[C@H]23,0,Ki (>),5.0,1,CHEMBL3889737
CCCN1CC[C@H]2c3cc4cccc(OC)c4nc3[C@H](CC)[C@H]3CCC[C@@H]1[C@@H]32,0,Ki (>),5.0,1,CHEMBL3959852
CCCN1CC[C@H]2c3cc4cc(Cl)ccc4nc3[C@H](CC)[C@H]3CCC[C@@H]1[C@@H]32,0,Ki (>),5.0,1,CHEMBL3951093
CCCN1CC[C@H]2c3cc4ccccc4nc3[C@H](CC)[C@H]3CCC[C@@H]1[C@@H]32,0,Ki (>),5.0,1,CHEMBL3970903
CC[C@H]1c2nc3ccccc3cc2[C@@H]2CCN(C)[C@@H]3CCC[C@H]1[C@H]32,0,Ki (>),5.0,1,CHEMBL3952259
CCCN1CC[C@H]2C[C@@H](O)[C@H](CC)[C@H]3CCC[C@@H]1[C@H]23,0,Ki (>),5.0,1,CHEMBL3981067
COc1ccc(C[C@H]2C(=O)C[C@@H]3CCN(CC4CCCCC4)[C@@H]4CCC[C@H]2[C@@H]34)cc1,0,Ki (>),5.0,1,CHEMBL3889749
COc1ccc(C[C@H]2C(=O)C[C@@H]3CCN(CCC(C)C)[C@@H]4CCC[C@H]2[C@@H]34)cc1,0,Ki (>),5.0,1,CHEMBL3917750
CCCN1CC[C@H]2CC(=O)[C@H](Cc3ccc(OC)cc3)[C@H]3CCC[C@@H]1[C@H]23,0,Ki (>),5.0,1,CHEMBL3898676
COc1ccc(C[C@H]2C(=O)C[C@@H]3CCN(C)[C@@H]4CCC[C@H]2[C@@H]34)cc1,0,Ki (>),5.0,1,CHEMBL3926713
CCCN1CC[C@@H]2CC(=O)C[C@H]3CCC[C@H]1[C@H]32,0,Ki (>),5.0,1,CHEMBL3907688
CCCN1CC[C@H]2CC(=O)C[C@H]3CCC[C@@H]1[C@@H]32,0,Ki (>),5.0,1,CHEMBL3935644
CC[C@H]1C(=O)C[C@@H]2CCN(S(=O)(=O)c3ccc(C)cc3)[C@@H]3CCC[C@H]1[C@@H]23,0,Ki (>),5.0,1,CHEMBL3916685
CC[C@H]1C(=O)C[C@@H]2CCN(C(=O)NCc3ccc(Cl)cc3)[C@@H]3CCC[C@H]1[C@@H]23,0,Ki (>),5.0,1,CHEMBL3927917
O=C1C[C@@H]2CCN(Cc3nccs3)[C@@H]3CCC[C@@H]([C@@H]23)[C@H]1Cc1ccccc1,0,Ki (>),5.0,1,CHEMBL3910552
O=C1C[C@@H]2CCN(Cc3cccs3)[C@@H]3CCC[C@@H]([C@@H]23)[C@H]1Cc1ccccc1,0,Ki (>),5.0,1,CHEMBL3980626
COCCN1CC[C@H]2CC(=O)[C@H](Cc3ccccc3)[C@H]3CCC[C@@H]1[C@H]23,0,Ki (>),5.0,1,CHEMBL3904569
O=C1C[C@@H]2CCN(CC3CCCCC3)[C@@H]3CCC[C@@H]([C@@H]23)[C@H]1Cc1ccccc1,0,Ki (>),5.0,1,CHEMBL3945203
CC(C)CCN1CC[C@H]2CC(=O)[C@H](Cc3ccccc3)[C@H]3CCC[C@@H]1[C@H]23,0,Ki (>),5.0,1,CHEMBL3948140
CN1CC[C@H]2CC(=O)[C@H](Cc3ccccc3)[C@H]3CCC[C@@H]1[C@H]23,0,Ki (>),5.0,1,CHEMBL3936289
CCCN1CC[C@H]2CC(=O)[C@H](Cc3ccccc3)[C@H]3CCC[C@@H]1[C@H]23,0,Ki (>),5.0,1,CHEMBL3954961
CC[C@H]1C(=O)C[C@@H]2CCN(Cc3nccs3)[C@@H]3CCC[C@H]1[C@@H]23,0,Ki (>),5.0,1,CHEMBL3927338
CC[C@H]1C(=O)C[C@@H]2CCN(CCOC)[C@@H]3CCC[C@H]1[C@@H]23,0,Ki (>),5.0,1,CHEMBL3918389
CC[C@H]1C(=O)C[C@@H]2CCN(CCC(C)C)[C@@H]3CCC[C@H]1[C@@H]23,0,Ki (>),5.0,1,CHEMBL3918997
CC[C@H]1C(=O)C[C@@H]2CCN(C)[C@@H]3CCC[C@H]1[C@@H]23,0,Ki (>),5.0,1,CHEMBL3945795
CCCN1CC[C@H]2CC(=O)[C@H](CC)[C@H]3CCC[C@@H]1[C@H]23,0,Ki (>),5.0,1,CHEMBL3908975
N#C[C@@H]1CCCN1C(=O)[C@@H]1CC[C@@H](CO)N1,0,Ki,4.87,1,CHEMBL210665
NC(=O)[C@H](CO)Nc1nc2ccccc2n([C@@H]2C[C@H]3CC[C@@H](C2)N3C2CCCCCCC2)c1=O,0,Ki,4.92,1,CHEMBL3695222
O=C(O)Cc1nc2ccccc2n([C@H]2C[C@H]3CCC[C@@H](C2)N3C2CCCCCCC2)c1=O,0,Ki,4.89,1,CHEMBL3695228
NC(=O)CN(CCNc1nc2ccccc2n([C@H]2C[C@H]3CC[C@@H](C2)N3C2CCCCCCC2)c1=O)CC(=O)O,0,Ki,4.96,1,CHEMBL3698865
O=C(O)C1(Nc2nc3ccccc3n([C@H]3C[C@H]4CC[C@@H](C3)N4C3CCCCCCC3)c2=O)CCCCC1,0,Ki (>),4.7,1,CHEMBL3698867
O=C(O)CN(CCO)c1nc2ccccc2n([C@H]2C[C@H]3CC[C@@H](C2)N3C2CCCCCCC2)c1=O,0,Ki,4.92,1,CHEMBL3698876
O=C(O)c1nc2ccccc2n([C@H]2C[C@H]3COC[C@@H](C2)N3C2CCCCCCC2)c1=O,0,Ki,4.34,1,CHEMBL3698882
O=C(O)c1nc2ccccc2n([C@H]2C[C@H]3CC[C@@H](C2)N3C23CC4CC(CC(C4)C2)C3)c1=O,0,Ki,4.96,1,CHEMBL3695245
CC1(N2CCC(n3c(=O)c(C(=O)O)nc4ccccc43)CC2)CCCCCCC1,0,Ki,4.84,1,CHEMBL3698890
O=C(O)c1nc2ccccc2n([C@H]2C[C@H]3CCC[C@@H](C2)N3C23CC4CC(CC(C4)C2)C3)c1=O,0,Ki,4.76,2,CHEMBL3698893
CCC1(N2CCC(n3c(=O)c(C(=O)O)nc4ccccc43)CC2)CCCCCCC1,0,Ki,4.79,1,CHEMBL3889570
CCCC1(N2CCC(n3c(=O)c(C(=O)O)nc4ccccc43)CC2)CCCCCCC1,0,Ki,4.24,1,CHEMBL3698894
O=C(O)N[C@@H]1CCN(c2nc3ccccc3n([C@H]3C[C@H]4CC[C@@H](C3)N4C3CCCCCCC3)c2=O)C1,0,Ki,4.77,1,CHEMBL3698895
CC(C)(C)CC(C)(C)N1[C@@H]2CC[C@H]1C[C@@H](n1c(=O)c(C(=O)O)nc3ccccc31)C2,0,Ki (>),4.7,1,CHEMBL3698898
O=c1[nH]c2ccc(N3CCOCC3)cc2n(C2CCN(C3CCCCCCC3)CC2)c1=O,0,Ki,4.55,1,CHEMBL3665436
O=C1CC(=O)N([C@H]2C[C@H]3CCC[C@@H](C2)N3C2CCCCCCC2)c2ccccc2N1,0,Ki,4.92,1,CHEMBL3670294
O=c1[nH]c2ccccc2n([C@@H]2C[C@H]3C=C[C@@H](C2)N3C2/C=C\CCCCC2)c1=O,0,Ki,4.8,1,CHEMBL3665444
O=c1[nH]c2ncccc2n(C2CCN(C3CCCCCCC3)CC2)c1=O,0,Ki,4.76,1,CHEMBL3665435
O=C1CC(=O)N(C2CCN(C3CCCCCCC3)CC2)c2cccnc2N1,0,Ki,4.91,1,CHEMBL3665441
COC(=O)C1(N2CCC(N3C(=O)CC(=O)Nc4ccc(F)cc43)CC2)CCCCCCC1,0,Ki,4.93,1,CHEMBL3670297
O=C1CC(=O)N(C2CCN(C3CCCCCCC3)CC2)c2ccccc2N1,0,Ki,4.86,1,CHEMBL3665425
O=c1c(NCCO)nc2ccccc2n1C1CCN(C2CCCCCCC2)CC1,0,Ki,4.77,1,CHEMBL3698835
O=c1c(N2Cc3ccccc3C2)nc2ccccc2n1C1CCN(C2CCCCCCC2)CC1,0,Ki,4.58,1,CHEMBL3698849
O=c1c(NC[C@@H](O)CO)nc2ccccc2n1C1CCN(C23CC4CC(CC(C4)C2)C3)CC1,0,Ki,4.99,1,CHEMBL3698777
O=C(O)[C@@H]1CN(CCNc2nc3ccccc3n([C@H]3C[C@H]4CC[C@@H](C3)N4C3CCCCCCC3)c2=O)C[C@H]1C(=O)O,0,Ki,4.43,1,CHEMBL3698808
CC1(N2[C@@H]3CCC[C@H]2C[C@@H](n2c(=O)c(C(=O)O)nc4ccccc42)C3)CCCCCCC1,0,Ki (>),4.7,1,CHEMBL3698813
O=C(O)c1nc2ccccc2n([C@H]2C[C@H]3CCC[C@@H](C2)N3C2C3CC4CC(C3)CC2C4)c1=O,0,Ki,4.84,1,CHEMBL3698826
O=C(O)CN1CCC[C@H](c2nc3ccccc3n2[C@H]2C[C@H]3CCC[C@@H](C2)N3[C@H]2C[C@@H]3CCC[C@@H](C3)C2)C1,0,Ki,4.7,2,CHEMBL3704576
O=C(O)CN1CCCC[C@@H]1c1nc2ccccc2n1[C@H]1C[C@H]2CCC[C@@H](C1)N2[C@@H]1C[C@@H]2CCCC[C@@H](C2)C1,0,Ki,7.96,2,CHEMBL3704590
O=C(O)CCN1CCC[C@H](c2nc3ccccc3n2[C@H]2C[C@H]3CCC[C@@H](C2)N3[C@@H]2C[C@@H]3CCCC[C@@H](C3)C2)C1,0,Ki,4.7,2,CHEMBL3704592
O=C(O)CN1CCC/C(=C2\N(CC(=O)O)c3ccccc3N2[C@H]2C[C@H]3CCC[C@@H](C2)N3[C@@H]2C[C@@H]3CCCC[C@@H](C3)C2)C1,0,Ki,6.41,2,CHEMBL6067667
O=C(O)CCN1CCC(Cc2nc3ccccc3n2[C@H]2C[C@H]3CCC[C@@H](C2)N3[C@@H]2C[C@@H]3CCCC[C@@H](C3)C2)CC1,0,Ki,4.7,2,CHEMBL3704598
O=C(O)CN1CCN(Cc2nc3ccccc3n2[C@H]2C[C@H]3CCC[C@@H](C2)N3[C@H]2C[C@@H]3CCC[C@@H](C3)C2)CC1,0,Ki,4.7,2,CHEMBL3704606
NC(=O)c1ccc2c(c1O)[C@@]13CCCC[C@@]1(O)[C@@H](C2)N(CC1CCC1)CC3,1,EC50,8.85,8,CHEMBL4115660
C=C1CC[C@@]2(O)[C@H]3Cc4ccc(C(N)=O)c(O)c4[C@@]2(CCN3CC2CCC2)C1,1,EC50,8.96,10,CHEMBL4108846
C=C1CC[C@H]2[C@H]3Cc4ccc(C(N)=O)c(O)c4[C@@]2(CCN3CC2CCC2)C1,1,EC50,9.28,6,CHEMBL3948892
NC(=O)c1ccc2c(c1O)[C@]13CCN(CC4CCC4)[C@H](C2)[C@@H]1CC[C@H](O)C3,1,EC50,8.48,8,CHEMBL3986245
NC(=O)c1ccc2c(c1O)[C@]13CCN(CC4CCC4)[C@H](C2)[C@@H]1CCC(=O)C3,1,EC50,9.41,7,CHEMBL3954177
NC(=O)c1ccc2c(c1O)[C@@]13CCCC[C@H]1[C@@H](C2)N(CC1CCC1)CC3,1,EC50,8.68,8,CHEMBL3983967
NC(=O)c1ccc2c(c1O)[C@]13CCN(CC4CCC4)[C@H](C2)[C@@H]1CC[C@@H](O)C3,1,EC50,8.82,8,CHEMBL4114524
CC(C)=CCN1CC[C@]23CC(=O)CC[C@@]2(O)[C@H]1Cc1ccc(C(N)=O)c(O)c13,1,EC50,8.38,2,CHEMBL4114677
C=C1CC[C@@]2(O)[C@H]3Cc4ccc(C(N)=O)c(O)c4[C@@]2(CCN3CC=C(C)C)C1,1,EC50,7.82,2,CHEMBL4114707
C[C@H]1[C@H]2Cc3ccc(C(N)=O)cc3[C@]1(C)CCN2CC1CCC1,1,EC50,8.64,5,CHEMBL3903900
CC1[C@H]2Cc3ccc(O)cc3[C@@]1(C)CCN2[C@H](C)C1CC1,1,EC50,8.46,5,CHEMBL4110274
CC1[C@H]2Cc3ccc(O)cc3[C@@]1(C)CCN2[C@@H](C)C1CC1,1,EC50,7.22,5,CHEMBL3971916
CC1C2Cc3ccc(O)cc3[C@]1(C)CCN2CC1(C)CC1,1,EC50,7.89,5,CHEMBL4109400
CC1C2Cc3ccc(O)cc3[C@]1(C)CCN2CC(C)(C)O,1,EC50,7.08,5,CHEMBL4113472
COCCN1CC[C@@]2(C)c3cc(O)ccc3C[C@@H]1[C@@H]2C,1,EC50,8.32,5,CHEMBL3958318
C[C@H]1[C@H]2Cc3ccc(C(=O)NCCc4ccc(-c5ccc(O)nc5)cc4)cc3[C@@]1(C)CCN2CC1CC1,1,EC50,7.66,3,CHEMBL3977887
C[C@H]1[C@H]2Cc3ccc(C(=O)NCCc4ccc(-c5cn[nH]c5)cc4)cc3[C@@]1(C)CCN2CC1CC1,1,EC50,8.28,3,CHEMBL3928839
O=C1CC[C@@]2(O)[C@H]3Cc4ccc(C(=O)NCCc5ccc(-c6cccnc6)cc5)c(O)c4[C@@]2(CCN3CC2CC2)C1,1,EC50,8.54,5,CHEMBL4106879
C[C@@]12CCCCC[C@@H](Cc3ccc(C(N)=O)cc31)[C@@H]2N,1,EC50,7.39,10,CHEMBL3919938
CN1CC[C@]23c4cccc(C(N)=O)c4O[C@H]2CCC[C@H]3C1,1,EC50,6.72,3,CHEMBL3972934
CCCCCCN1CCC(C(=O)N(C)CC)(c2cccc(O)c2)CC1,1,EC50,7.7,5,CHEMBL3946804
C[C@H](C1CC1)N1CC[C@]23CCCC[C@H]2[C@H]1Cc1ccc(C(N)=O)cc13,1,EC50,8.89,2,CHEMBL4114285
COCCN1CC[C@@]2(C)c3cc(C(N)=O)ccc3C[C@@H]1[C@@H]2C,1,EC50,8.66,8,CHEMBL3911427
NC(=O)c1ccc2c(c1)[C@@]13CCCCC1[C@@H](C2)N(CC1CCC1)CC3,1,EC50,8.6,8,CHEMBL4114055
NC(=O)c1ccc2c(c1)[C@@]13CCCCC1[C@@H](C2)N(CC1CC1)CC3,1,EC50,9.05,8,CHEMBL4108288
Oc1ccc2c3c1OC1[C@@H](O)CC[C@@]4(O)[C@@H](C2)N(CC2CCC2)CC[C@]314,1,EC50,7.68,7,CHEMBL3039334
CO[C@@H]1C([C@](C)(O)C(C)(C)C)[C@H]2CC[C@@]13Oc1c(O)ccc4c1[C@@]31CCN(CC3CC3)[C@H](C4)C21,1,EC50,9.52,2,CHEMBL3917891
O=C(O)c1nc2ccccc2n([C@H]2C[C@H]3CC[C@@H](C2)N3C2CCCCCCCCCC2)c1=O,0,EC50,4.75,1,CHEMBL3647960
O=C(O)c1nc2ccccc2n([C@H]2C[C@H]3CC[C@@H](C2)N3C2CC3CCCC(C3)C2)c1=O,0,EC50 (>),4.7,1,CHEMBL3647959
O=C(O)c1nc2ccccc2n([C@H]2C[C@H]3CCC[C@@H](C2)N3C2CC3CCCC(C3)C2)c1=O,0,EC50 (>),4.7,1,CHEMBL3647958
COc1ccc2c3c1O[C@H]1[C@@]4(OC)CC[C@@]5(C[C@@H]4[C@](O)(CC(O)CO)c4ccccc4)[C@@H](C2)N(CC2CC2)CC[C@]315,1,EC50,6.71,2,CHEMBL4107541
COc1ccc2c3c1O[C@H]1[C@@]4(OC)CC[C@@]5(C[C@@H]4C(NC(C)C(N)=O)c4ccccc4)[C@@H](C2)N(CC2CC2)CC[C@]315,1,EC50,7.28,3,CHEMBL4111934
COc1ccc2c3c1O[C@H]1[C@@]4(OC)CC[C@@]5(C[C@@H]4C(NC(C(=O)O)c4ccccc4)c4ccccc4)[C@@H](C2)N(CC2CC2)CC[C@]315,1,EC50,6.18,2,CHEMBL4108359
COc1ccc2c3c1O[C@H]1[C@@]4(OC)CC[C@@]5(C[C@@H]4C(N[C@@H](C(N)=O)c4ccccc4)c4ccccc4)[C@@H](C2)N(CC2CC2)CC[C@]315,0,EC50,4.82,2,CHEMBL4107606
COc1ccc2c3c1O[C@H]1[C@@]4(OC)CC[C@@]5(C[C@@H]4C(NCC(=O)O)c4ccccc4)[C@@H](C2)N(CC2CC2)CC[C@]315,1,EC50,6.76,1,CHEMBL4115057
COc1ccc2c3c1O[C@H]1[C@@]4(OC)CC[C@@]5(C[C@@H]4C(NC(C)C(=O)O)c4ccccc4)[C@@H](C2)N(CC2CC2)CC[C@]315,1,EC50,6.76,2,CHEMBL4110838
CO[C@]12CC[C@@]3(C[C@@H]1COCc1ccccc1C)[C@H]1Cc4ccc(OCCO)c5c4[C@@]3(CCN1C)[C@H]2O5,1,EC50,7.74,2,CHEMBL4111224
CO[C@]12CC[C@@]3(C[C@@H]1COCc1ccccc1)[C@H]1Cc4ccc(N)c5c4[C@@]3(CCN1C)[C@H]2O5,1,EC50,7.25,2,CHEMBL4107680
C=Cc1ccc2c3c1O[C@H]1[C@@]4(OC)CC[C@@]5(C[C@@H]4COCc4ccccc4)[C@@H](C2)N(C)CC[C@]315,1,EC50,7.73,2,CHEMBL4115338
CO[C@]12CC[C@@]3(C[C@@H]1COCc1ccccc1)[C@H]1Cc4ccc(F)c5c4[C@@]3(CCN1C)[C@H]2O5,1,EC50,8.1,2,CHEMBL4107906
COc1ccc2c3c1O[C@H]1[C@@]4(OC)CC[C@@]5(C[C@@H]4CSc4nc6ccccc6s4)[C@@H](C2)N(C)CC[C@]315,1,EC50,6.3,2,CHEMBL4107470
CO[C@]12CC[C@@]3(C[C@@H]1COc1ccc(-n4ccnc4)cc1)[C@H]1Cc4ccc(O)c5c4[C@@]3(CCN1C)[C@H]2O5,1,EC50,8.03,2,CHEMBL4115091
CO[C@]12CC[C@@]3(C[C@@H]1COCc1ccccc1)[C@H]1Cc4ccc(F)c5c4[C@@]3(CCN1CC1CC1)[C@H]2O5,1,EC50,7.94,2,CHEMBL4108017
CO[C@]12CC[C@@]3(C[C@@H]1COCc1ccccc1)[C@H]1Cc4ccc(NS(C)(=O)=O)c5c4[C@@]3(CCN1C)[C@H]2O5,1,EC50,7.1,2,CHEMBL4111233
CO[C@]12CC[C@@]3(C[C@@H]1COCc1ccccc1)[C@H]1Cc4ccc(NC(C)=O)c5c4[C@@]3(CCN1C)[C@H]2O5,1,EC50,6.16,2,CHEMBL4110440
COc1ccc2c3c1O[C@H]1[C@@]4(OC)CC[C@@]5(C[C@@H]4COCc4ccccc4)[C@@H](C2)NCC[C@]315,1,EC50,6.86,2,CHEMBL4112656
CO[C@]12CC[C@@]3(C[C@@H]1COCc1ccccc1)[C@H]1Cc4ccc(Br)c5c4[C@@]3(CCN1CC1CC1)[C@H]2O5,1,EC50,6.57,2,CHEMBL4109652
CO[C@]12CC[C@@]3(C[C@@H]1COCc1ccccc1)[C@H]1Cc4ccc(C#N)c5c4[C@@]3(CCN1C)[C@H]2O5,1,EC50,6.6,2,CHEMBL4107210
CO[C@]12CC[C@@]3(C[C@@H]1COCc1ccccc1)[C@H]1Cc4ccc(C(N)=O)c5c4[C@@]3(CCN1C)[C@H]2O5,1,EC50,6.99,2,CHEMBL4114477
CO[C@]12CC[C@@]3(C[C@@H]1COCc1ccccc1)[C@H]1Cc4ccc(O)c5c4[C@@]3(CCN1)[C@H]2O5,1,EC50,8.04,2,CHEMBL4111231
CO[C@]12CC[C@@]3(C[C@@H]1COCc1ccccc1)[C@H]1Cc4ccc(C(=O)O)c5c4[C@@]3(CCN1C)[C@H]2O5,1,EC50,6.2,2,CHEMBL4109258
COc1ccc2c3c1O[C@H]1[C@@]4(OC)CC[C@@]5(C[C@@H]4COCc4c(C)noc4C)[C@@H](C2)N(C)CC[C@]315,1,EC50,6.49,2,CHEMBL4114002
COc1ccc2c3c1O[C@H]1[C@@]4(OC)CC[C@@]5(C[C@@H]4COCc4c(C)noc4C)[C@@H](C2)N(CC2CC2)CC[C@]315,1,EC50,6.89,2,CHEMBL4112472
COc1ccc2c3c1O[C@H]1[C@@]4(OC)CC[C@@]5(C[C@@H]4CNCc4ccccc4)[C@@H](C2)N(CC2CC2)CC[C@]315,1,EC50,7.3,2,CHEMBL4113058
COc1ccc2c3c1O[C@H]1[C@@]4(OC)CC[C@@]5(C[C@@H]4CN(Cc4ccccc4)S(C)(=O)=O)[C@@H](C2)N(CC2CC2)CC[C@]315,1,EC50,6.95,2,CHEMBL4112051
COc1ccc2c3c1O[C@H]1[C@@]4(OC)CC[C@@]5(C[C@@H]4CN(Cc4ccccc4)C(C)=O)[C@@H](C2)N(CC2CC2)CC[C@]315,1,EC50,7.66,2,CHEMBL4112771
COc1ccc2c3c1O[C@H]1[C@@]4(OC)CC[C@@]5(C[C@@H]4CSCc4ccccc4)[C@@H](C2)N(CC2CC2)CC[C@]315,1,EC50,7.49,2,CHEMBL4107918
COc1ccc2c3c1O[C@H]1[C@@]4(OC)CC[C@@]5(C[C@@H]4C[S+]([O-])Cc4ccccc4)[C@@H](C2)N(CC2CC2)CC[C@]315,1,EC50,7.3,2,CHEMBL4108066
COCCOCCOCCOc1ccc2c3c1O[C@H]1[C@@]4(OC)CC[C@@]5(C[C@@H]4COCc4ccccc4)[C@@H](C2)N(CC2CC2)CC[C@]315,1,EC50,7.28,2,CHEMBL4111124
COCCOCCOCCOCCOCCOc1ccc2c3c1O[C@H]1[C@@]4(OC)CC[C@@]5(C[C@@H]4COCc4ccccc4)[C@@H](C2)N(CC2CC2)CC[C@]315,1,EC50,6.58,2,CHEMBL4110312
COc1ccc2c3c1O[C@H]1[C@@]4(OC)CC[C@@]5(C[C@@H]4CNCC(=O)O)[C@@H](C2)N(CC2CC2)CC[C@]315,1,EC50,6.66,2,CHEMBL4111763
COc1ccc2c3c1O[C@H]1[C@@]4(OC)CC[C@@]5(C[C@@H]4CNCC(N)=O)[C@@H](C2)N(CC2CC2)CC[C@]315,1,EC50,6.24,2,CHEMBL4114486
COc1ccc2c3c1O[C@H]1[C@@]4(OC)CC[C@@]5(C[C@@H]4COCc4ccc(CC(=O)O)cc4)[C@@H](C2)N(CC2CC2)CC[C@]315,1,EC50,6.02,2,CHEMBL4115119
CO[C@]12CC[C@@]3(C[C@@H]1COCc1ccccc1)[C@H]1Cc4ccc(C(O)CO)c5c4[C@@]3(CCN1CC1CC1)[C@H]2O5,1,EC50,6.07,2,CHEMBL4109818
COc1ccc2c3c1O[C@H]1[C@@]4(c5ccccc5)CC[C@@]5(C[C@@H]4COCc4ccccc4)[C@@H](C2)N(CC2CC2)CC[C@]315,1,EC50,7.63,2,CHEMBL4110146
COCCOCCOCCOCCOCCO[C@]12CC[C@@]3(C[C@@H]1COCc1ccccc1)[C@H]1Cc4ccc(OC)c5c4[C@@]3(CCN1CC1CC1)[C@H]2O5,1,EC50,6.86,2,CHEMBL4109267
COCCOCCOCCO[C@]12CC[C@@]3(C[C@@H]1COCc1ccccc1)[C@H]1Cc4ccc(OC)c5c4[C@@]3(CCN1CC1CC1)[C@H]2O5,1,EC50,6.86,2,CHEMBL4109653
CCCc1cc(COC[C@H]2C[C@@]34CC[C@]2(OC)[C@@H]2Oc5c(OC)ccc6c5[C@@]23CCN(C)[C@@H]4C6)on1,1,EC50,6.19,2,CHEMBL4107537
COc1ccc2c3c1O[C@H]1[C@@]4(OC)CC[C@@]5(C[C@@H]4COCc4ccccc4)[C@@H](C2)N(CC(=O)O)CC[C@]315,1,EC50,6.01,2,CHEMBL4114882
COc1ccc2c3c1O[C@H]1[C@@]4(OC)CC[C@@]5(C[C@@H]4COCc4ccccc4)[C@@H](C2)N(CC(N)=O)CC[C@]315,1,EC50,6.06,2,CHEMBL4106487
CO[C@]12CC[C@@]3(C[C@@H]1COCc1ccccc1)[C@H]1Cc4ccc(OCC(=O)O)c5c4[C@@]3(CCN1CC1CC1)[C@H]2O5,1,EC50,6.47,2,CHEMBL4109778
CO[C@]12CC[C@@]3(C[C@@H]1COCc1ccccc1)[C@H]1Cc4ccc(OCc5nn[nH]n5)c5c4[C@@]3(CCN1CC1CC1)[C@H]2O5,1,EC50,7.22,2,CHEMBL4109142
CO[C@]12CC[C@@]3(C[C@@H]1COCc1ccccc1)[C@H]1Cc4ccc(OCC(N)=O)c5c4[C@@]3(CCN1CC1CC1)[C@H]2O5,1,EC50,7.91,2,CHEMBL4109061
CO[C@]12CC[C@@]3(C[C@@H]1COCc1ccccc1)[C@H]1Cc4ccc(CC(O)CO)c5c4[C@@]3(CCN1CC1CC1)[C@H]2O5,1,EC50,6.05,2,CHEMBL4114584
COc1ccc2c3c1O[C@H]1[C@@]4(OC)CC[C@@]5(C[C@@H]4C(C)(C)OCc4ccccc4)[C@@H](C2)N(CC2CC2)CC[C@]315,1,EC50,8.23,2,CHEMBL4112287
COc1ccc2c3c1O[C@H]1[C@@]4(OC)CC[C@@]5(C[C@@H]4CS(=O)(=O)Cc4ccccc4)[C@@H](C2)N(CC2CC2)CC[C@]315,1,EC50,6.8,2,CHEMBL4111594
CO[C@]12CC[C@@]3(C[C@@H]1COCc1ccccc1)[C@H]1Cc4ccc(C#N)c5c4[C@@]3(CCN1CC1CC1)[C@H]2O5,1,EC50,6.67,2,CHEMBL4109954
CO[C@]12CC[C@@]3(C[C@@H]1COCc1ccccc1)[C@H]1Cc4ccc(-c5nn[nH]n5)c5c4[C@@]3(CCN1CC1CC1)[C@H]2O5,1,EC50,6.26,2,CHEMBL4108808
CO[C@]12CC[C@@]3(C[C@@H]1COCc1ccccc1)[C@H]1Cc4ccc(C(N)=O)c5c4[C@@]3(CCN1CC1CC1)[C@H]2O5,1,EC50,9.21,2,CHEMBL4106746
COc1ccc2c3c1O[C@H]1[C@@]4(OC)CC[C@@]5(C[C@@H]4COC(=O)[C@@H](N)C(C)O)[C@@H](C2)N(CC2CC2)CC[C@]315,1,EC50,7.1,2,CHEMBL4108290
COc1ccc2c3c1O[C@H]1[C@@]4(OC)CC[C@@]5(C[C@@H]4COC(=O)[C@@H](N)CC(C)C)[C@@H](C2)N(CC2CC2)CC[C@]315,1,EC50,7.01,2,CHEMBL4107821
CC[C@H](C)[C@H](N)C(=O)OC[C@H]1C[C@@]23CC[C@]1(OC)[C@@H]1Oc4c(O)ccc5c4[C@@]12CCN(CC1CC1)[C@@H]3C5,1,EC50,8.3,2,CHEMBL3927136
CCOC(=O)CC[C@H]1[C@H](COCc2ccccc2)[C@@]23CC[C@]1(OC)[C@@H]1Oc4c(OC)ccc5c4[C@@]12CCN(CC1CC1)[C@@H]3C5,1,EC50,6.73,2,CHEMBL3930729
COc1ccc2c3c1O[C@H]1[C@@]4(O)CC[C@@]5(C[C@@H]4COCc4ccccc4)[C@@H](C2)N(CC2CC2)CC[C@]315,1,EC50,7.3,2,CHEMBL4106722
COc1ccc2c3c1O[C@H]1[C@@]4(OC)CC[C@@]5(C[C@@H]4COCc4ccc(C(O)CO)cc4)[C@@H](C2)N(CC2CC2)CC[C@]315,1,EC50,7.22,2,CHEMBL4109220
COc1ccc2c3c1O[C@H]1C(=O)CC[C@@]4(O)[C@@H](C2)N(C)CC[C@]314,1,EC50,7.77,8,CHEMBL656
COCCOCCOCCOCCOCCOCCO[C@H]1C=CC2C3Cc4ccc(OC)c5c4[C@@]2(CCN3C)C1O5,0,Ki,4.85,1,CHEMBL3956767
C[C@@H]1C[C@@H]2C[C@H](C1)C[C@@H](N1[C@@H]3CC[C@H]1C[C@@H](n1c(=O)c(N4CC[C@@H]4C(=O)O)nc4ccccc41)C3)C2,1,EC50,6.45,2,CHEMBL4111642
C[C@@H]1C[C@@H]2C[C@H](C1)C[C@@H](N1[C@@H]3CC[C@H]1C[C@@H](n1c(=O)c(N4CC[C@H]4C(=O)O)nc4ccccc41)C3)C2,1,EC50,6.94,2,CHEMBL3942346
O=C(O)[C@@H]1CCN1c1nc2ccccc2n([C@H]2C[C@H]3CCC[C@@H](C2)N3[C@H]2C[C@@H]3CCC[C@@H](C3)C2)c1=O,1,EC50,6.61,2,CHEMBL3970857
C[C@@H]1C[C@@H]2C[C@H](C1)C[C@@H](N1[C@@H]3CCC[C@H]1C[C@@H](n1c(=O)c(N4CC[C@H]4C(=O)O)nc4ccccc41)C3)C2,0,EC50 (>),4.7,2,CHEMBL3894621
C[C@@H]1C[C@@H]2C[C@H](C1)C[C@@H](N1[C@@H]3CCC[C@H]1C[C@@H](n1c(=O)c(N4CC(C(=O)O)C4)nc4ccccc41)C3)C2,0,EC50 (>),4.7,2,CHEMBL3986914
CC12C[C@H]3C[C@@H](N4[C@@H]5CCC[C@H]4C[C@@H](n4c(=O)c(N6CC[C@@H]6C(=O)O)nc6ccccc64)C5)C[C@@H]1C[C@@H]2C3,1,EC50,7.27,2,CHEMBL4115318
CC12C[C@H]3C[C@@H](N4[C@@H]5CCC[C@H]4C[C@@H](n4c(=O)c(N6CC[C@H]6C(=O)O)nc6ccccc64)C5)C[C@@H]1C[C@@H]2C3,1,EC50,6.44,2,CHEMBL4114020
CC12C[C@H]3C[C@@H](N4[C@@H]5CCC[C@H]4C[C@@H](n4c(=O)c(N6CC(C(=O)O)C6)nc6ccccc64)C5)C[C@@H]1C[C@@H]2C3,1,EC50,7.19,2,CHEMBL4113014
C[C@@H]1C[C@@H]2C[C@H](C1)C[C@@H](N1[C@@H]3CCC[C@H]1C[C@@H](n1c(=O)c(N4CC(CC(=O)O)C4)nc4ccccc41)C3)C2,0,EC50 (>),4.7,2,CHEMBL3903565
CC1(C)[C@H]2CC[C@@H](CCN3[C@@H]4CCC[C@H]3C[C@@H](n3c(=O)c(N5CC(C(=O)O)C5)nc5ccccc53)C4)[C@@H]1C2,1,EC50,6.25,2,CHEMBL3926298
O=C(O)[C@@H]1CCN1c1nc2ccccc2n([C@H]2C[C@H]3CC[C@@H](C2)N3[C@@H]2C[C@@H]3CCCC[C@@H](C3)C2)c1=O,1,EC50,6.47,2,CHEMBL3935191
O=C(O)CC1CN(c2nc3ccccc3n([C@H]3C[C@H]4CC[C@@H](C3)N4[C@@H]3C[C@@H]4CCCC[C@@H](C4)C3)c2=O)C1,0,EC50 (>),4.7,2,CHEMBL3973642
O=C(O)[C@H]1CCN1c1nc2ccccc2n([C@H]2C[C@H]3CCC[C@@H](C2)N3[C@@H]2C[C@@H]3CCCC[C@@H](C3)C2)c1=O,1,EC50,6.33,2,CHEMBL4107594
O=C(O)[C@@H]1CCN1c1nc2ccccc2n([C@H]2C[C@H]3CCC[C@@H](C2)N3[C@@H]2C[C@@H]3CCCC[C@@H](C3)C2)c1=O,0,EC50 (>),4.7,2,CHEMBL3941054
N[C@@H]1CN(c2nc3ccccc3n([C@H]3C[C@H]4CCC[C@@H](C3)N4[C@@H]3C[C@@H]4CCCC[C@@H](C4)C3)c2=O)[C@@H]1C(=O)O,0,EC50 (>),4.7,2,CHEMBL4107295
CN(C)[C@@H]1CN(c2nc3ccccc3n([C@H]3C[C@H]4CCC[C@@H](C3)N4[C@@H]3C[C@@H]4CCCC[C@@H](C4)C3)c2=O)[C@@H]1C(=O)O,0,EC50 (>),4.7,2,CHEMBL4110144
CC1(C)[C@H]2CC[C@@H](CCN3[C@@H]4CCC[C@H]3C[C@@H](n3c(=O)c(N5CC[C@H]5C(=O)O)nc5ccccc53)C4)[C@@H]1C2,1,EC50,6.25,1,CHEMBL3957299
CC(C)(C)[C@@]1(C)OCO[C@]23CC[C@@]4(C[C@@H]21)[C@H]1Cc2ccc(O)c5c2[C@@]4(CCN1CC1CC1)[C@H]3O5,1,EC50,9.07,2,CHEMBL4107585
CCC1O[C@]23CC[C@@]4(C[C@@H]2[C@@](C)(C(C)(C)C)O1)[C@H]1Cc2ccc(O)c5c2[C@@]4(CCN1CC1CC1)[C@H]3O5,1,EC50,8.85,2,CHEMBL4113162
CCCC1O[C@]23CC[C@@]4(C[C@@H]2[C@@](C)(C(C)(C)C)O1)[C@H]1Cc2ccc(O)c5c2[C@@]4(CCN1CC1CC1)[C@H]3O5,1,EC50,8.45,2,CHEMBL4111049
CC(C)(C)[C@@]1(C)OC(c2ccccc2)O[C@]23CC[C@@]4(C[C@@H]21)[C@H]1Cc2ccc(O)c5c2[C@@]4(CCN1CC1CC1)[C@H]3O5,1,EC50,8.27,2,CHEMBL4113900
CC(C)(C)[C@@]1(C)OCO[C@]23C=C[C@@]4(C[C@@H]21)[C@H]1Cc2ccc(O)c5c2[C@@]4(CCN1CC1CC1)[C@H]3O5,1,EC50,8.81,1,CHEMBL4109805
CC(C)(C)[C@@]1(C)OCO[C@]23CC[C@@]4(C[C@@H]21)[C@H]1Cc2ccc(OCc5ccccc5)c5c2[C@@]4(CCN1CC1CC1)[C@H]3O5,1,EC50,6.02,1,CHEMBL4115381
COc1ccc2c(c1)[C@]13CCN(CC4CC4)C[C@]1(CC[C@]1(C3)NC(=O)NC1=O)C2,0,Ki (>),4.7,1,CHEMBL3986032
COc1ccc2c(c1)[C@]13CCN(CC4CC4)C[C@@]1(C2)Cc1cc(C(N)=O)c(=O)[nH]c1C3,0,Ki,4.81,1,CHEMBL4113521
NC(=O)c1cc2c([nH]c1=O)C[C@@]13CCN(CC4CC4)C[C@@]1(Cc1ccc(O)cc13)C2,1,EC50,6.38,2,CHEMBL4108929
O=C1NC(=O)[C@@]2(CC[C@@]34Cc5ccc(O)cc5[C@@]3(CCN(CC3CC3)C4)C2)N1,1,EC50,6.38,2,CHEMBL3916263
O=C1NC(=O)[C@]2(CC[C@@]34Cc5ccc(O)cc5[C@@]3(CCN(CC3CC3)C4)C2)N1,1,EC50,6.51,2,CHEMBL3981333
O=C(O)C[C@H]1C[C@@]2(O)[C@H]3Cc4ccc(O)cc4[C@@]2(CCN3CC2CC2)CC1=O,0,EC50 (>),3.7,2,CHEMBL3890527
COc1ccc2c(c1)[C@]13CCN(CC4CC4)[C@H](C2)C1[C@@H](O)[C@H](OCc1ccccc1)C(=O)C3,1,EC50,6.33,2,CHEMBL4115581
COc1ccc2c(c1)[C@]13CCN(CC4CC4)[C@H](C2)[C@]1(O)C[C@H](CCO)C(=O)C3,1,EC50,6.39,2,CHEMBL3922780
COc1ccc2c(c1)[C@]13CCN(CC4CC4)[C@H](C2)[C@]1(O)C[C@H](CCOCc1ccccc1)C(=O)C3,1,EC50,7.41,3,CHEMBL4106563
COc1ccc2c(c1)[C@]13CCN(CC4CC4)[C@H](C2)[C@@H]1C[C@@H](C(C)C)C(=O)C3,1,EC50,6.67,3,CHEMBL3976681
CC(C)[C@@H]1C[C@H]2[C@H]3Cc4ccc(O)cc4[C@@]2(CCN3CC2CC2)CC1=O,1,EC50,9.08,3,CHEMBL3948713
CC(C)[C@H]1C[C@H]2[C@H]3Cc4ccc(O)cc4[C@@]2(CCN3CC2CC2)CC1=O,1,EC50,8.64,3,CHEMBL4111936
COc1ccc2c(c1)[C@]13CCN(CC4CC4)[C@H](C2)[C@]1(O)C[C@H](CC(=O)O)C(=O)C3,1,EC50,6.15,1,CHEMBL3935417
COc1ccc2c(c1)[C@]13CCN(CC4CC4)[C@H](C2)[C@]1(O)CC(CC(=O)O)(CC(=O)O)C(=O)C3,0,EC50,4.83,1,CHEMBL4110693
O=C(O)CC1(CC(=O)O)C[C@@]2(O)[C@H]3Cc4ccc(O)cc4[C@@]2(CCN3CC2CC2)CC1=O,0,EC50 (>),3.7,1,CHEMBL4107030
C[C@H](NC(=O)C[C@H]1C[C@@]2(O)[C@H]3Cc4ccc(O)cc4[C@@]2(CCN3CC2CC2)CC1=O)C(=O)O,1,EC50,7.36,1,CHEMBL3923032
O=C1C[C@]23CCN(CC4CC4)[C@H](Cc4ccc(O)cc42)[C@]3(O)C[C@@H]1CC(=O)N1CCC[C@H]1C(=O)O,0,EC50 (>),3.7,1,CHEMBL4110715
CC(C)C[C@H](NC(=O)C[C@H]1C[C@@]2(O)[C@H]3Cc4ccc(O)cc4[C@@]2(CCN3CC2CC2)CC1=O)C(=O)O,1,EC50,7.3,1,CHEMBL3906641
CCS(=O)(=O)N[C@H]1C[C@@]2(O)[C@H]3Cc4ccc(O)cc4[C@@]2(CCN3CC2CC2)CC1=O,0,EC50 (>),3.7,1,CHEMBL4115022
O=C1C[C@]23CCN(CC4CC4)[C@H](Cc4ccc(O)cc42)[C@]3(O)C[C@@H]1NS(=O)(=O)c1ccccc1,0,EC50 (>),3.7,1,CHEMBL4109574
O=C1C[C@]23CCN(CC4CC4)[C@H](Cc4ccc(O)cc42)[C@]3(O)C[C@@H]1CCO,1,EC50,8.74,2,CHEMBL3971169
CC(C)CC[C@H]1C[C@@]2(O)[C@H]3Cc4ccc(O)cc4[C@@]2(CCN3CC2CC2)CC1=O,0,EC50 (>),3.7,2,CHEMBL4108710
CN1CC[C@]23CC(=O)[C@@H](CC(=O)NCc4ccccc4)C[C@@]2(O)[C@H]1Cc1ccc(O)cc13,1,EC50,6.34,1,CHEMBL3908066
COc1ccc2c(c1)[C@]13CCN(CC4CC4)[C@H](C2)[C@]1(O)C[C@H](O)C(=O)C3,1,EC50,6.24,1,CHEMBL3942489
CC(C)C(=O)N[C@H]1C[C@@]2(O)[C@H]3Cc4ccc(O)cc4[C@@]2(CCN3CC2CC2)CC1=O,0,EC50 (>),3.7,1,CHEMBL3928981
CC(=O)N[C@H]1C[C@@]2(O)[C@H]3Cc4ccc(O)cc4[C@@]2(CCN3CC2CC2)CC1=O,0,EC50 (>),3.7,1,CHEMBL3970877
CCC(=O)N[C@H]1C[C@@]2(O)[C@H]3Cc4ccc(O)cc4[C@@]2(CCN3CC2CC2)CC1=O,0,EC50 (>),3.7,1,CHEMBL4112403
CC(C)CCC(=O)N[C@H]1C[C@@]2(O)[C@H]3Cc4ccc(O)cc4[C@@]2(CCN3CC2CC2)CC1=O,1,EC50,8.02,1,CHEMBL4108329
CC(C)CCCC(=O)N[C@H]1C[C@@]2(O)[C@H]3Cc4ccc(O)cc4[C@@]2(CCN3CC2CC2)CC1=O,1,EC50,8.02,1,CHEMBL4112548
CC(C)(C)C(=O)N[C@H]1C[C@@]2(O)[C@H]3Cc4ccc(O)cc4[C@@]2(CCN3CC2CC2)CC1=O,1,EC50,7.73,1,CHEMBL3891748
CC(C)CC(=O)N[C@H]1C[C@@]2(O)[C@H]3Cc4ccc(O)cc4[C@@]2(CCN3CC2CC2)CC1=O,0,EC50 (>),3.7,1,CHEMBL3924605
O=C(N[C@H]1C[C@@]2(O)[C@H]3Cc4ccc(O)cc4[C@@]2(CCN3CC2CC2)CC1=O)C1CC1,0,EC50 (>),3.7,1,CHEMBL3952294
O=C(N[C@H]1C[C@@]2(O)[C@H]3Cc4ccc(O)cc4[C@@]2(CCN3CC2CC2)CC1=O)C1CCCC1,0,EC50 (>),3.7,1,CHEMBL4113094
O=C(N[C@H]1C[C@@]2(O)[C@H]3Cc4ccc(O)cc4[C@@]2(CCN3CC2CC2)CC1=O)c1ccccc1,1,EC50,7.9,1,CHEMBL4110493
CC[C@H](C)C(=O)N[C@H]1C[C@@]2(O)[C@H]3Cc4ccc(O)cc4[C@@]2(CCN3CC2CC2)CC1=O,0,EC50 (>),3.7,1,CHEMBL4109056
O=C(N[C@H]1C[C@@]2(O)[C@H]3Cc4ccc(O)cc4[C@@]2(CCN3CC2CC2)CC1=O)C1CCCCC1,1,EC50,7.99,1,CHEMBL4110263
COc1ccc2c(c1)[C@]13CCN(C)[C@H](C2)[C@]1(O)C[C@H](CCOCc1ccccc1)C(=O)C3,1,EC50,6.83,1,CHEMBL3904456
O=C1C[C@]23CCN(CC4CC4)[C@H](Cc4ccc(OCc5ccccc5)cc42)[C@]3(O)C[C@@H]1CCO,1,EC50,6.1,1,CHEMBL3945031
CCOC(=O)C[C@H]1C[C@@]2(O)[C@H]3Cc4ccc(OC)cc4[C@@]2(CCN3C)CC1=O,0,EC50,4.94,1,CHEMBL3918073
CN1CC[C@]23CC(=O)[C@@H](CC(=O)O)C[C@@]2(O)[C@H]1Cc1ccc(O)cc13,1,EC50,6.33,1,CHEMBL3927022
COc1ccc2c(c1)[C@]13CCN(CC4CC4)[C@H](C2)[C@]1(O)C/C(=C\CC(C)C)C(=O)C3,0,EC50 (>),3.7,1,CHEMBL4111757
O=C1C[C@]23CCN(CC4CC4)[C@H](Cc4ccc(O)cc42)[C@]3(O)C[C@@H]1CC1CCCC1,0,EC50 (>),3.7,1,CHEMBL4111028
CCC(C)C[C@H]1C[C@@]2(O)[C@H]3Cc4ccc(O)cc4[C@@]2(CCN3CC2CC2)CC1=O,0,EC50 (>),3.7,1,CHEMBL4114481
CCCC[C@H]1C[C@@]2(O)[C@H]3Cc4ccc(O)cc4[C@@]2(CCN3CC2CC2)CC1=O,0,EC50 (>),3.7,1,CHEMBL4110924
CC(C)(C)C[C@H]1C[C@@]2(O)[C@H]3Cc4ccc(O)cc4[C@@]2(CCN3CC2CC2)CC1=O,0,EC50 (>),3.7,1,CHEMBL3961125
CC(C)C[C@H]1C[C@@]2(O)[C@H]3Cc4ccc(O)cc4[C@@]2(CCN3CC2CC2)CC1=O,0,EC50 (>),3.7,1,CHEMBL3940268
O=C1C[C@]23CCN(CC4CC4)[C@H](Cc4ccc(O)cc42)[C@]3(O)C[C@@H]1CC1CCCCC1,0,EC50 (>),3.7,1,CHEMBL4111704
O=C1C[C@]23CCN(CC4CC4)[C@H](Cc4ccc(O)cc42)[C@]3(O)C[C@@H]1Cc1ccccc1,1,EC50,8.17,1,CHEMBL4113124
COc1ccc2c(c1)[C@]13CCN(C)[C@H](C2)[C@]1(O)C[C@H](CC(=O)N1CCCCC1)C(=O)C3,0,EC50,4.78,1,CHEMBL3926042
COc1ccc2c(c1)[C@]13CCN(C)[C@H](C2)[C@]1(O)C[C@H](CC(=O)N1CCCC1)C(=O)C3,0,EC50,4.75,1,CHEMBL3940025
COc1ccc2c(c1)[C@]13CCN(C)[C@H](C2)[C@]1(O)C[C@H](CC(=O)N1CCC(O)CC1)C(=O)C3,0,EC50,4.98,1,CHEMBL3917710
COc1ccc2c(c1)[C@]13CCN(C)[C@H](C2)[C@]1(O)C[C@H](CC(=O)N1CCOCC1)C(=O)C3,0,EC50,4.93,1,CHEMBL3892711
CN1CC[C@]23CC(=O)[C@@H](CC(=O)N4CCCCC4)C[C@@]2(O)[C@H]1Cc1ccc(O)cc13,1,EC50,6.24,1,CHEMBL3963622
CN1CC[C@]23CC(=O)[C@@H](CC(=O)N4CCC(O)CC4)C[C@@]2(O)[C@H]1Cc1ccc(O)cc13,1,EC50,6.0,1,CHEMBL3925461
CN(C)C1(c2ccccc2)CCC(c2ccccc2)(N(C)CC(=O)O)CC1,0,Ki,4.99,1,CHEMBL3920864
O=C(NCC1NCCc2ccccc21)c1ccccc1,1,EC50,6.12,1,CHEMBL4070138
COc1cccc(C(=O)NCC2NCCc3ccccc32)c1,1,EC50,6.07,1,CHEMBL4099749
O=C(NCC1NCCc2ccccc21)c1cccc(F)c1,1,EC50,6.11,1,CHEMBL4072866
O=C(NCC1NCCc2ccccc21)c1cccc(Cl)c1,1,EC50,6.42,1,CHEMBL4066436
Cc1cccc(C(=O)NCC2NCCc3ccccc32)c1,1,EC50,6.43,1,CHEMBL4087761
COc1ccc(C(=O)NCC2NCCc3ccccc32)cc1,1,EC50,6.43,1,CHEMBL4100317
O=C(NCC1NCCc2ccccc21)c1ccc(OC(F)(F)F)cc1,1,EC50,6.43,1,CHEMBL4082299
O=C(NCC1NCCc2ccccc21)c1ccc(F)cc1,1,EC50,6.27,1,CHEMBL4062124
O=C(NCC1NCCc2ccccc21)c1ccc(Cl)cc1,1,EC50,6.64,1,CHEMBL4090148
Cc1ccc(C(=O)NCC2NCCc3ccccc32)cc1,1,EC50,6.85,2,CHEMBL4070750
CCc1ccc(C(=O)NCC2NCCc3ccccc32)cc1,1,EC50,7.22,2,CHEMBL4097865
Cc1ccc(C(=O)NCC2NCCc3ccccc32)c(C)c1,1,EC50,6.18,1,CHEMBL4081344
Cc1ccc(C(=O)NCC2NCCc3ccccc32)cc1C,1,EC50,6.92,2,CHEMBL4105599
O=C(NCC1NCCc2ccccc21)c1ccc(Cl)c(Cl)c1,1,EC50,6.6,2,CHEMBL4065924
CCCCN1CCc2ccccc2C1CNC(=O)c1ccc(C)cc1,1,EC50,6.8,1,CHEMBL4093524
Cc1ccc(C(=O)NCC2c3ccccc3CCN2CC(C)C)cc1,1,EC50,6.96,1,CHEMBL4089738
Cc1ccc(C(=O)NCC2c3ccccc3CCN2CCCl)cc1,1,EC50,7.52,1,CHEMBL4061620
Cc1ccc(C(=O)NCC2c3ccccc3CCN2C)cc1,1,EC50,7.4,2,CHEMBL4097466
CCc1ccc(C(=O)NCC2c3ccccc3CCN2C)cc1,1,EC50,8.0,2,CHEMBL4070288
Cc1ccc(C(=O)NCC2c3ccccc3CCN2C)cc1C,1,EC50,8.0,2,CHEMBL4071332
CN1CCc2ccccc2C1CNC(=O)c1ccc(Cl)c(Cl)c1,1,EC50,8.0,2,CHEMBL4092125
O=C1/C(=C/c2ccccc2)C[C@@]2(O)[C@H]3Cc4ccc(O)c5c4[C@@]2(CCN3CCc2ccccc2)[C@H]1O5,1,EC50,6.6,2,CHEMBL4094170
CN1CC[C@]23c4c5ccc(O)c4O[C@H]2C(=O)/C(=C/c2ccccc2)C[C@@]3(O)[C@H]1C5,1,EC50,7.14,2,CHEMBL4083911
CN[C@@H](Cc1ccc(O)cc1)C(=O)N[C@@H]1CCCCNC(=O)C[C@@H](C(N)=O)NC(=O)[C@H](Cc2ccccc2)N(C)C(=O)[C@H](Cc2ccccc2)NC1=O,1,EC50,7.99,1,CHEMBL4099423
CCOc1ccc(Nc2nc3cc(C(=O)N(CC)CC)ccc3n2CCC(C)C)cc1,0,Ki,4.3,2,CHEMBL4079520
CN1CC[C@]23c4c5ccc(O)c4O[C@H]2C(=O)CC[C@@]3(O)[C@H]1C5,1,EC50,8.11,2,CHEMBL963
CN1CC[C@]23c4c5ccc(O)c4O[C@H]2CCC[C@@]3(O)[C@H]1C5,1,EC50,8.05,2,CHEMBL4074110
CO[C@@]12CCC(=O)[C@@H]3Oc4c(O)ccc5c4[C@@]31CCN(C)[C@@H]2C5,1,EC50,8.84,3,CHEMBL607405
CO[C@@]12CCC[C@@H]3Oc4c(O)ccc5c4[C@@]31CCN(C)[C@@H]2C5,1,EC50,8.86,2,CHEMBL4065490
CN1CC[C@]23c4c5ccc(O)c4O[C@H]2C(=O)CC[C@@]3(OCc2ccccc2)[C@H]1C5,1,EC50,9.49,2,CHEMBL607351
CN1CC[C@]23c4c5ccc(O)c4O[C@H]2CCC[C@@]3(OCc2ccccc2)[C@H]1C5,1,EC50,9.89,2,CHEMBL4103328
CO[C@@]12CCC[C@]3(C)Oc4c(O)ccc5c4[C@@]31CCN(C)[C@@H]2C5,1,EC50,8.53,2,CHEMBL4088589
Oc1ccc2c(c1)C13CCN(CC4CC4)C(C2)C12CCC1C3[C@@H](CN1c1ccccc1)C2,1,EC50,8.0,2,CHEMBL4067629
Oc1ccc2c(c1)C13CCN(CC4CC4)C(C2)C12CCC1C3[C@@H](CN1CC1CCCCC1)C2,1,EC50,7.68,2,CHEMBL4098662
O=C(c1ccoc1)N1C[C@H]2CC34CCC1C2C31CCN(CC2CC2)C4Cc2ccc(O)cc21,1,EC50,6.81,2,CHEMBL4103044
COc1ccc(C2CCCN2Cc2ccc(Oc3ccc(C(N)=O)c4ccccc34)cc2)cc1,0,Ki (>),5.0,1,CHEMBL4067922
Cc1cccc(C2CCCN2Cc2ccc(Oc3ccc(C(N)=O)c4ccccc34)cc2)c1,0,Ki (>),5.0,1,CHEMBL4087860
CC1(C)SSC(C)(C)[C@H](NC(=O)[C@@H](N)Cc2ccc(O)cc2)C(=O)NCC(=O)N[C@@H](Cc2ccccc2)C(=O)N2CCN(CC2)C(=O)[C@H](Cc2ccccc2)NC(=O)CNC(=O)[C@H]1NC(=O)[C@@H](N)Cc1ccc(O)cc1,1,EC50,6.72,4,CHEMBL4128853
N[C@@H](Cc1ccc(O)cc1)C(=O)N[C@@H]1CSSC[C@@H](NC(=O)[C@@H](N)Cc2ccc(O)cc2)C(=O)NCC(=O)N[C@@H](Cc2ccccc2)C(=O)NCCSSCCNC(=O)[C@H](Cc2ccccc2)NC(=O)CNC1=O,1,EC50,7.06,4,CHEMBL4129668
Cc1cc(O)cc(C)c1C[C@H](N)C(=O)N[C@@H]1CSSC[C@@H](NC(=O)[C@@H](N)Cc2c(C)cc(O)cc2C)C(=O)NCC(=O)N[C@@H](Cc2ccccc2)C(=O)NCCSSCCNC(=O)[C@H](Cc2ccccc2)NC(=O)CNC1=O,1,EC50,8.46,4,CHEMBL4130303
N[C@@H](Cc1ccc(O)cc1)C(=O)N[C@@H]1CSSC[C@@H](NC(=O)[C@@H](N)Cc2ccc(O)cc2)C(=O)NCC(=O)N[C@@H](Cc2ccccc2)C(=O)N2CCN(CC2)C(=O)[C@H](Cc2ccccc2)NC(=O)CNC1=O,1,EC50,6.29,4,CHEMBL4130069
Cc1cc(O)cc(C)c1C[C@H](N)C(=O)N[C@@H]1CSSC[C@@H](NC(=O)[C@@H](N)Cc2c(C)cc(O)cc2C)C(=O)NCC(=O)N[C@@H](Cc2ccccc2)C(=O)N2CCN(CC2)C(=O)[C@H](Cc2ccccc2)NC(=O)CNC1=O,1,EC50,6.95,4,CHEMBL4126803
Nc1nc(Cl)cc(NC[C@@H](O)CN2CCc3ccccc3C2)n1,0,Ki,4.99,1,CHEMBL4171269
C[C@H](NC(C)(C)CN(C)C(=O)C1(C(N)=O)CC1)c1ccccc1,0,Ki (>),4.0,1,CHEMBL4176316
NC(=O)[C@H](NC1CCN(Cc2ccccn2)CC1)c1ccc(F)cc1,0,Ki,4.34,1,CHEMBL4169128
Nc1nc(Cl)cc(NC2CCN(Cc3ccccc3F)CC2)n1,0,Ki (>),4.0,1,CHEMBL4172964
CN(C)[C@H](CNC(=O)C1CCN(C(N)=O)CC1)c1cccs1,0,EC50,4.91,1,CHEMBL4161204
NC(=O)[C@H](Cc1ccccc1)NC(=O)[C@H](Cc1c[nH]c2ccccc12)N1C(=O)O[C@@H](CNC(=O)[C@@H](N)Cc2ccc(O)cc2)C1=O,0,Ki (>),4.0,1,CHEMBL4159127
NC(=O)[C@H](Cc1ccccc1)NC(=O)[C@@H](Cc1c[nH]c2ccccc12)N1C(=O)O[C@@H](CNC(=O)[C@@H](N)Cc2ccc(O)cc2)C1=O,0,Ki (>),4.0,1,CHEMBL4172330
NC(=O)[C@H](Cc1ccccc1)NC(=O)[C@H](Cc1c[nH]c2ccccc12)N1C(=O)O[C@H](CNC(=O)[C@@H](N)Cc2ccc(O)cc2)C1=O,0,Ki (>),4.0,1,CHEMBL4164452
O[C@H]1Cc2ccccc2C2(CCC(N3CCN(C4CCCCC4)CC3)CC2)O1,0,EC50 (>),5.0,1,CHEMBL4169479
CCOC(=O)C[C@H]1Cc2ccccc2C2(CCC(N3CCN(C4CCCCC4)CC3)CC2)O1,0,EC50 (>),5.0,1,CHEMBL4159233
O=c1[nH]c2ccccc2n1C1CCN(Cc2ccccc2Cl)CC1,1,EC50,6.7,1,CHEMBL4210229
O=c1[nH]c2ccccc2n1C1CCN(Cc2ccc(Cl)cc2)CC1,1,EC50,6.26,1,CHEMBL4212726
Cc1ccc(CN2CCC(n3c(=O)[nH]c4ccccc43)CC2)cc1,1,EC50,6.36,1,CHEMBL4217675
O=c1[nH]c2ccccc2n1C1CCN(Cc2ccc(Br)cc2)CC1,1,EC50,6.43,1,CHEMBL4215250
COc1ccc(CN2CCC(n3c(=O)[nH]c4ccccc43)CC2)cc1,1,EC50,6.23,1,CHEMBL4219000
CC(=O)Nc1ccc(CN2CCC(n3c(=O)[nH]c4ccccc43)CC2)cc1,1,EC50,6.12,1,CHEMBL4203421
Cc1cc(Cl)ccc1CN1CCC(n2c(=O)[nH]c3ccccc32)CC1,1,EC50,6.82,1,CHEMBL4216570
O=c1[nH]c2ccccc2n1C1CCN(Cc2ccc(Br)cc2F)CC1,1,EC50,6.96,1,CHEMBL4211596
CC(c1ccccc1)N1CCC(n2c(=O)[nH]c3ccccc32)CC1,1,EC50,6.99,2,CHEMBL4206287
CC(c1ccccc1Cl)N1CCC(n2c(O)nc3ccccc32)CC1,1,EC50,7.51,2,CHEMBL146054
CC(c1ccc(Cl)cc1)N1CCC(n2c(=O)[nH]c3ccccc32)CC1,1,EC50,7.8,2,CHEMBL4218547
CC(c1ccc(F)cc1)N1CCC(n2c(=O)[nH]c3ccccc32)CC1,1,EC50,7.12,2,CHEMBL4211973
CC(c1ccc(Br)cc1)N1CCC(n2c(=O)[nH]c3ccccc32)CC1,1,EC50,8.32,2,CHEMBL4203403
COc1ccc(C(C)N2CCC(n3c(=O)[nH]c4ccccc43)CC2)cc1,1,EC50,7.89,2,CHEMBL4210647
CCOc1ccc(C(C)N2CCC(n3c(=O)[nH]c4ccccc43)CC2)cc1,1,EC50,6.72,1,CHEMBL4215601
CC(C)Oc1ccc(C(C)N2CCC(n3c(=O)[nH]c4ccccc43)CC2)cc1,1,EC50,6.4,1,CHEMBL4207227
CC(c1ccc2c(c1)OCO2)N1CCC(n2c(=O)[nH]c3ccccc32)CC1,1,EC50,7.01,2,CHEMBL4212107
CC(c1ccc(OC(F)(F)F)cc1)N1CCC(n2c(=O)[nH]c3ccccc32)CC1,1,EC50,7.51,1,CHEMBL4216374
CC(c1ccc(Br)cc1F)N1CCC(n2c(=O)[nH]c3ccccc32)CC1,1,EC50,7.75,2,CHEMBL4211411
CC(c1ccc(Cl)cc1F)N1CCC(n2c(=O)[nH]c3ccccc32)CC1,1,EC50,7.66,2,CHEMBL4211924
O=c1[nH]c2c(Cl)cccc2n1C1CCN(Cc2ccccc2Cl)CC1,1,EC50,7.32,1,CHEMBL4207047
Cc1ccc2c(c1)[nH]c(=O)n2C1CCN(Cc2ccccc2Cl)CC1,1,EC50,6.65,1,CHEMBL4215851
O=c1[nH]c2cc(Br)ccc2n1C1CCN(Cc2ccccc2Cl)CC1,1,EC50,7.24,2,CHEMBL4208784
O=c1[nH]c2cc(F)ccc2n1C1CCN(Cc2ccccc2Cl)CC1,1,EC50,6.96,1,CHEMBL4212370
N#Cc1ccc2c(c1)[nH]c(=O)n2C1CCN(Cc2ccccc2Cl)CC1,0,EC50 (>),5.0,1,CHEMBL4215488
O=c1[nH]c2c(Cl)cccc2n1C1CCN(Cc2ccc(Br)cc2F)CC1,1,EC50,7.26,1,CHEMBL4216968
O=c1[nH]c2ccc(Cl)cc2n1C1CCN(Cc2ccc(Br)cc2F)CC1,1,EC50,6.9,1,CHEMBL4204767
O=c1[nH]c2cc(Cl)c(Cl)cc2n1[C@@H]1CCCN(Cc2ccc(Br)cc2)C1,0,EC50 (>),5.0,1,CHEMBL4208624
O=c1[nH]c2cc(Cl)c(Cl)cc2n1[C@H]1CCCN(Cc2ccc(Br)cc2)C1,0,EC50 (>),5.0,1,CHEMBL4203746
O=c1[nH]c2ccccc2n1C1CCN(Cc2cccc(Cl)c2)CC1,0,EC50 (>),5.0,1,CHEMBL4215165
COc1cccc(CN2CCC(n3c(=O)[nH]c4ccccc43)CC2)c1,0,EC50 (>),5.0,1,CHEMBL4202891
COc1ccc2c(c1)[nH]c(=O)n2C1CCN(Cc2ccccc2Cl)CC1,0,EC50 (>),5.0,1,CHEMBL4209504
CS(=O)(=O)c1ccc2c(c1)[nH]c(=O)n2C1CCN(Cc2ccccc2Cl)CC1,0,EC50 (>),5.0,1,CHEMBL4213520
O=c1[nH]c2c(Cl)c(Cl)cc(Cl)c2n1C1CCN(Cc2ccc(Br)cc2F)CC1,0,EC50 (>),5.0,1,CHEMBL4214973
O=c1[nH]c2cc(Cl)c(Cl)cc2n1C1CCCN(Cc2ccc(Br)cc2)CC1,0,EC50 (>),5.0,1,CHEMBL4212478
O=c1[nH]c2cc(Cl)c(Cl)cc2n1[C@@H]1CCN(Cc2ccc(Br)cc2)C1,0,EC50 (>),5.0,1,CHEMBL4205200
Cc1cc(O)cc(C)c1C[C@H](N)C(=O)N1CCC[C@H]1C(=O)N[C@@H](Cc1ccccc1)C(=O)N[C@@H](Cc1ccccc1)C(N)=O,1,EC50,10.0,3,CHEMBL331325
Cc1cc(O)cc(C)c1C[C@H](N)C(=O)N[C@H](CCCNC(=N)N)C(=O)N[C@@H](Cc1ccccc1)C(=O)N[C@@H](Cc1ccccc1)C(N)=O,1,EC50,9.72,2,CHEMBL4276875
Cc1cc(O)cc(C)c1C[C@H](N)C(=O)N[C@H](CCCCN)C(=O)N[C@@H](Cc1ccccc1)C(=O)N[C@@H](Cc1ccccc1)C(N)=O,1,EC50,10.0,1,CHEMBL4284813
Cc1cc(O)cc(C)c1C[C@H](N)C(=O)N[C@H](CCCNC(=N)N)C(=O)N[C@@H](Cc1ccccc1)C(=O)N[C@@H](Cc1ccccc1)C(=O)N[C@@H](CCC(N)=O)C(=O)N[C@@H](Cc1ccccc1)C(=O)N[C@@H](CCC(N)=O)C(=O)N[C@@H](Cc1ccccc1)C(=O)N[C@@H](CCCCN)C(N)=O,1,EC50,7.29,2,CHEMBL4284374
Cc1cc(O)cc(C)c1C[C@H](N)C(=O)N[C@H](CCCNC(=N)N)C(=O)N[C@@H](Cc1ccccc1)C(=O)N[C@@H](Cc1ccccc1)C(=O)N[C@@H](CCC(N)=O)C(=O)N[C@@H](Cc1ccccc1)C(=O)N[C@@H](CCC(N)=O)C(=O)O,1,EC50,7.32,2,CHEMBL4280750
Cc1cc(O)cc(C)c1C[C@H](N)C(=O)N[C@H](CCCNC(=N)N)C(=O)N[C@@H](Cc1ccccc1)C(=O)N[C@@H](Cc1ccccc1)C(=O)N[C@@H](CCC(N)=O)C(=O)O,1,EC50,9.55,2,CHEMBL4288649
Cc1cc(O)cc(C)c1C[C@H](N)C(=O)N[C@H](CCCNC(=N)N)C(=O)N[C@@H](Cc1ccccc1)C(=O)O,1,EC50,8.44,2,CHEMBL4290989
CC[C@H]1c2cc(C)ccc2OC[C@@]1(C)N,0,Ki (>),5.0,1,CHEMBL4528651
CC[C@H]1c2ccccc2N(c2ccccc2)C[C@@]1(C)N,0,Ki (>),5.0,1,CHEMBL4572167
C[C@@]12CN(c3ccccc3)c3ccccc3[C@@H]1CCN2,0,Ki (>),5.0,1,CHEMBL4457754
COc1cc(OC)c2c(c1)OC[C@@]1(C)NCC[C@@H]21,0,Ki (>),5.0,1,CHEMBL4447975
C[C@H]1[C@H]2Cc3ccc(O)cc3[C@]1(C)CCN2C[C@@H](O)c1ccccc1,1,EC50,8.18,1,CHEMBL4079574
C[C@H]1[C@H]2Cc3ccc(O)cc3[C@]1(C)CCN2C[C@H](O)c1ccccc1,1,EC50,7.65,1,CHEMBL4066846
CC(C)C[C@@H](NC(=O)[C@H](Cc1ccccc1)NC(=O)CNC(=O)[C@@H](C)NC(=O)[C@@H](N)Cc1ccc(O)cc1)C(=O)O,1,EC50,6.89,1,CHEMBL340032
CO[C@H](CN1CC[C@@]2(C)c3cc(O)ccc3C[C@@H]1[C@@H]2C)c1ccccc1,1,EC50,8.33,2,CHEMBL4577032
COC(CN1CC[C@@]2(C)c3cc(O)ccc3C[C@@H]1[C@@H]2C)c1ccccc1,1,EC50,7.9,2,CHEMBL4102093
Cc1cc(OCCN2CCOCC2)nn1-c1ccc2ccccc2c1,0,EC50 (>),5.0,6,CHEMBL2170062
O=C1COC2(CCN(CCc3ccccc3)CC2)CN1c1ccccc1,1,EC50,6.28,4,CHEMBL4439908
CC1OC2(CCN(CCc3ccccc3)CC2)CN(c2ccccc2)C1=O,1,EC50,7.85,4,CHEMBL4541206
C[C@@H]1OC2(CCN(CCc3ccccc3)CC2)CN(c2ccccc2)C1=O,1,EC50,6.58,2,CHEMBL4467749
C[C@H]1OC2(CCN(CCc3ccccc3)CC2)CN(c2ccccc2)C1=O,1,EC50,7.8,2,CHEMBL4450665
CCC1OC2(CCN(CCc3ccccc3)CC2)CN(c2ccccc2)C1=O,1,EC50,9.0,2,CHEMBL4515812
CC(C)C1OC2(CCN(CCc3ccccc3)CC2)CN(c2ccccc2)C1=O,1,EC50,9.7,2,CHEMBL4436170
COCC1OC2(CCN(CCc3ccccc3)CC2)CN(c2ccccc2)C1=O,1,EC50,7.5,2,CHEMBL4439285
O=C1C(CO)OC2(CCN(CCc3ccccc3)CC2)CN1c1ccccc1,1,EC50,6.9,2,CHEMBL4459117
O=C1C(COCc2ccccc2)OC2(CCN(CCc3ccccc3)CC2)CN1c1ccccc1,1,EC50,6.97,2,CHEMBL4528962
COC(=O)CC1OC2(CCN(CCc3ccccc3)CC2)CN(c2ccccc2)C1=O,1,EC50,6.74,2,CHEMBL4446209
CC1(C)OC2(CCN(CCc3ccccc3)CC2)CN(c2ccccc2)C1=O,1,EC50,8.4,2,CHEMBL4516327
O=C1N(c2ccccc2)CC2(CCN(CCc3ccccc3)CC2)OC12CC2,1,EC50,7.96,2,CHEMBL4438550
CC1OC2(CCN(CCc3ccccc3)CC2)CN(c2ccccc2Cl)C1=O,1,EC50,9.0,2,CHEMBL4452042
CC1OC2(CCN(CCc3ccccc3)CC2)CN(c2ccccc2F)C1=O,1,EC50,8.4,2,CHEMBL4584335
COc1ccccc1N1CC2(CCN(CCc3ccccc3)CC2)OC(C)C1=O,1,EC50,6.84,2,CHEMBL4526087
COc1cccc(N2CC3(CCN(CCc4ccccc4)CC3)OC(C)C2=O)c1,1,EC50,6.52,2,CHEMBL4550656
CC1OC2(CCN(CCc3ccccc3)CC2)CN(c2cccnc2)C1=O,1,EC50,6.2,2,CHEMBL4440055
CC1OC2(CCN(CCc3ccccc3)CC2)CN(c2cnccn2)C1=O,1,EC50,6.28,2,CHEMBL4439718
CC1OC2(CCN(CCc3ccccc3)CC2)CN(c2cccc(C(F)(F)F)n2)C1=O,1,EC50,6.66,2,CHEMBL4538620
CC1OC2(CCN(CCc3ccccc3)CC2)CN(c2ncccc2F)C1=O,1,EC50,6.7,2,CHEMBL4483643
CC1OC2(CCN(CCc3ccccc3)CC2)CN(c2ncccc2C(F)(F)F)C1=O,1,EC50,6.46,2,CHEMBL4448670
CC1OC2(CCN(CCc3ccccc3)CC2)CN(c2cncc(F)c2)C1=O,1,EC50,6.64,2,CHEMBL4470425
CC1OC2(CCN(CCc3ccccc3)CC2)CN(c2cnccc2C(F)(F)F)C1=O,1,EC50,7.6,2,CHEMBL4460762
CC1OC2(CCN(CCc3ccccc3)CC2)CN(c2cccnc2C(F)(F)F)C1=O,1,EC50,6.73,2,CHEMBL4535897
CC1OC2(CCN(CCc3ccccc3)CC2)CN(c2cncc(C(F)(F)F)c2)C1=O,1,EC50,6.14,2,CHEMBL4593220
CC1OC2(CCN(CCc3ccccc3F)CC2)CN(c2ccccc2)C1=O,1,EC50,8.4,2,CHEMBL4536259
CC1OC2(CCN(CCc3cccc(F)c3)CC2)CN(c2ccccc2)C1=O,1,EC50,7.89,2,CHEMBL4534193
CC1OC2(CCN(CCc3ccc(F)cc3)CC2)CN(c2ccccc2)C1=O,1,EC50,7.6,2,CHEMBL4544352
CC(=O)Nc1ccccc1CCN1CCC2(CC1)CN(c1ccccc1)C(=O)C(C)O2,1,EC50,6.47,2,CHEMBL4451838
CC(=O)Nc1cccc(CCN2CCC3(CC2)CN(c2ccccc2)C(=O)C(C)O3)c1,1,EC50,6.46,2,CHEMBL4573960
CC1OC2(CCN(CCc3cccc(C#N)c3)CC2)CN(c2ccccc2)C1=O,1,EC50,7.21,2,CHEMBL4463621
CC1OC2(CCN(CCc3ccccn3)CC2)CN(c2ccccc2)C1=O,1,EC50,6.64,2,CHEMBL4473746
CC1OC2(CCN(CCc3cccnc3)CC2)CN(c2ccccc2)C1=O,1,EC50,6.07,2,CHEMBL4571738
CC1OC2(CCN(CCc3ccccn3)CC2)CN(c2cnccc2C(F)(F)F)C1=O,1,EC50,6.12,2,CHEMBL4540888
C[C@H]1OC2(CCN(CCc3ccccc3F)CC2)CN(c2cnccc2C(F)(F)F)C1=O,1,EC50,7.58,2,CHEMBL4576031
C[C@H]1OC2(CCN(CCc3ccccc3F)CC2)CN(c2ncccc2C(F)(F)F)C1=O,1,EC50,7.19,2,CHEMBL4522004
CC(=O)Nc1cccc(CCN2CCC3(CC2)CN(c2ccccc2)C(=O)[C@@H](C)O3)c1,1,EC50,7.16,2,CHEMBL4525653
O=C1N(c2cccnc2C(F)(F)F)CC2(CCN(CCc3ccccc3F)CC2)OC12CC2,1,EC50,6.71,6,CHEMBL4461774
CC(C)[C@H]1CC[C@@H](N2CCC(n3ccc4ccccc43)CC2)CC1,1,EC50,6.63,4,CHEMBL4435280
CC(C)[C@H]1CC[C@@H](N2CCC(n3cc(CN)c4ccccc43)CC2)CC1,1,EC50,6.98,4,CHEMBL4548515
CC(C)[C@H]1CC[C@@H](N2CCC(n3cc(CN4CCC(O)CC4)c4ccccc43)CC2)CC1,0,Ki (>),5.0,1,CHEMBL4550088
CC(C)[C@H]1CC[C@@H](N2CCC(n3cc(CN4CC(O)C4)c4ccccc43)CC2)CC1,0,Ki (>),5.0,1,CHEMBL4556227
CC(C)[C@H]1CC[C@@H](N2CCC(n3cc(CNC(N)=S)c4ccccc43)CC2)CC1,0,EC50 (>),5.0,2,CHEMBL4460695
CC(c1ccc2c(c1)OCCO2)N1CCC(n2c(=O)[nH]c3ccccc32)CC1,1,EC50,6.97,2,CHEMBL4451128
CC(Cc1ccsc1)NC(=O)NCC(Cc1ccccc1)N(C)C,1,EC50,6.75,4,CHEMBL4449152
CCC(=O)N(c1ccccc1)C1(COC)CCN(CCc2cccs2)CC1,1,EC50,8.89,3,CHEMBL658
CC[C@@H]1CN2CCc3c([nH]c4cccc(OC)c34)[C@@H]2C[C@@H]1/C(=C\OC)C(=O)OC,1,EC50,6.51,6,CHEMBL299031
CC[C@@H]1CN2CC[C@@]3(O)C(=Nc4cccc(OC)c43)[C@@H]2C[C@@H]1/C(=C\OC)C(=O)OC,1,EC50,8.12,4,CHEMBL61630
CC[C@@H]1CN2CCc3c([nH]c4cccc(OC)c34)[C@H]2C[C@@H]1/C(=C\OC)C(=O)OC,1,EC50,7.41,4,CHEMBL4546925
CCOc1ccc(C(=O)N2Cc3ccccc3C2)cc1CNC(=O)[C@@H](N)Cc1c(C)cc(O)cc1C,1,EC50,7.82,2,CHEMBL4443759
CCOc1ccc(CN(C)Cc2ccccc2)cc1CNC(=O)[C@@H](N)Cc1c(C)cc(O)cc1C,1,EC50,7.47,2,CHEMBL4587201
CCOc1ccc(CNCc2ccccc2)cc1CNC(=O)[C@@H](N)Cc1c(C)cc(O)cc1C,1,EC50,7.78,2,CHEMBL4592669
CCOc1ccc(CN2CCc3ccccc3C2)cc1CNC(=O)[C@@H](N)Cc1c(C)cc(O)cc1C,1,EC50,8.72,2,CHEMBL4440537
CCOc1ccc(CN2Cc3ccccc3C2)cc1CNC(=O)[C@@H](N)Cc1c(C)cc(O)cc1C,1,EC50,8.08,2,CHEMBL4443716
CCOc1ccc(CN2CC3CC3C2)cc1CNC(=O)[C@@H](N)Cc1c(C)cc(O)cc1C,1,EC50,6.0,2,CHEMBL4437661
CCOc1ccc(CN2CCCCC2)cc1CNC(=O)[C@@H](N)Cc1c(C)cc(O)cc1C,1,EC50,6.23,2,CHEMBL4482942
CCOc1ccc(CN2CCCC2)cc1CNC(=O)[C@@H](N)Cc1c(C)cc(O)cc1C,1,EC50,6.78,2,CHEMBL4564309
CCOc1ccc(Cc2ccccc2)cc1CNC(=O)[C@@H](N)Cc1c(C)cc(O)cc1C,1,EC50,7.14,2,CHEMBL4453368
C/C=C1/CN2CC[C@H]1C(=O)c1[nH]c3ccccc3c1C2,0,EC50 (>),4.0,1,CHEMBL4444522
O=C1c2[nH]c3ccccc3c2CN2CCC1CC2,0,EC50 (>),4.0,1,CHEMBL4468919
CC12CCN(CC1)Cc1c([nH]c3ccccc13)C2=O,0,EC50 (>),4.0,1,CHEMBL4558121
FC(CCN1CCc2ccccc2CC1)Cc1ccccc1,0,EC50 (>),5.0,2,CHEMBL4575948
COc1ccc2c(c1)CCN(CCC(F)Cc1ccccc1)CC2,0,EC50 (>),5.0,1,CHEMBL4457961
NC(=O)[C@H](Cc1ccccc1)NC(=O)[C@H](Cc1ccccc1)NC(=O)[C@@H]1CCCN1C(=O)[C@@H](N)Cc1cccc(O)c1,1,EC50,7.35,2,CHEMBL4527584
Cc1cc(O)c(Cl)c(C)c1C[C@H](N)C(=O)N1CCC[C@H]1C(=O)N[C@@H](Cc1ccccc1)C(=O)N[C@@H](Cc1ccccc1)C(N)=O,1,EC50,9.21,2,CHEMBL4514319
Cc1cc(C[C@H](N)C(=O)N2CCC[C@H]2C(=O)N[C@@H](Cc2ccccc2)C(=O)N[C@@H](Cc2ccccc2)C(N)=O)cc(C)c1O,1,EC50,8.02,2,CHEMBL4466953
COc1cc(C[C@H](N)C(=O)N2CCC[C@H]2C(=O)N[C@@H](Cc2ccccc2)C(=O)N[C@@H](Cc2ccccc2)C(N)=O)cc(OC)c1O,1,EC50,8.1,2,CHEMBL4475274
Cc1ccc(C[C@H](N)/C(F)=C/CC(=O)NCC(=O)N[C@@H](Cc2ccccc2)C(=O)N[C@@H](CC(C)C)C(=O)O)cc1,1,EC50,7.22,1,CHEMBL4451045
N[C@@H](Cc1ccc(O)cc1)C(=O)N[C@@H]1CSCc2ccccc2CSC[C@@H](NC(=O)[C@@H](N)Cc2ccc(O)cc2)C(=O)NCC(=O)N[C@@H](Cc2ccc(F)cc2)C(=O)N2CCN(CC2)C(=O)[C@H](Cc2ccc(F)cc2)NC(=O)CNC1=O,1,EC50,8.47,2,CHEMBL4473632
N[C@@H](Cc1ccc(O)cc1)C(=O)N[C@@H]1CSSC[C@@H](NC(=O)[C@@H](N)Cc2ccc(O)cc2)C(=O)NCC(=O)N[C@@H](Cc2ccc(F)cc2)C(=O)N2CCN(CC2)C(=O)[C@H](Cc2ccc(F)cc2)NC(=O)CNC1=O,1,EC50,8.21,2,CHEMBL4551481
N[C@@H](Cc1ccc(O)cc1)C(=O)N[C@@H]1CSCc2ccccc2CSC[C@@H](NC(=O)[C@@H](N)Cc2ccc(O)cc2)C(=O)NCC(=O)N[C@@H](Cc2ccc(F)cc2)C(=O)NNC(=O)[C@H](Cc2ccc(F)cc2)NC(=O)CNC1=O,1,EC50,8.12,2,CHEMBL4586954
CCC1CC2CC3c4[nH]c5ccc(O)cc5c4CCN(C2)C13,0,EC50,4.8,1,CHEMBL4522339
CCC(=O)N(c1ccccc1)C1(C(=O)OC)CCNCC1,1,EC50,7.77,1,CHEMBL4562635
CCC(=O)N(c1ccccc1)C1(C(=O)OC)CC[N+]([O-])(CCc2ccccc2)CC1,1,EC50,8.36,1,CHEMBL4457592
CCC(=O)N(c1ccccc1)C1(C(=O)OC)CCN(CC(=O)c2ccccc2)CC1,1,EC50,9.7,1,CHEMBL4548662
COC(=O)C1(N(C(=O)CCO)c2ccccc2)CCN(CCc2ccccc2)CC1,1,EC50,9.55,1,CHEMBL4524446
CCC(=O)N(c1ccccc1)C1(C(=O)OC)CCN(CCc2cccc(O)c2)CC1,1,EC50,10.85,1,CHEMBL4588535
CCC(=O)N(c1ccccc1)C1(C(=O)OC)CCN(CCc2ccc(O)cc2)CC1,1,EC50,10.55,1,CHEMBL4578287
C[C@@H]1NC(=O)[C@H](Cc2c[nH]c3ccccc23)NC(=O)[C@@H](Cc2ccccc2)NC(=O)[C@H]2CCCN2C1=O,0,Ki (>),4.0,1,CHEMBL4580409
C[C@H]1NC(=O)[C@H](Cc2c[nH]c3ccccc23)NC(=O)[C@H](Cc2ccccc2)NC(=O)[C@H]2CCCN2C1=O,0,Ki (>),4.0,1,CHEMBL4581101
Cn1cc(C[C@H]2NC(=O)[C@H](Cc3ccccc3)NC(=O)[C@H]3CCCN3C(=O)[C@H](Cc3ccccc3)NC2=O)c2ccccc21,0,Ki (>),4.0,1,CHEMBL4543931
N[C@@H](Cc1ccc(O)cc1)C(=O)N[C@@H]1C/C=C\C[C@@H](NC(=O)[C@@H](N)Cc2ccc(O)cc2)C(=O)NCC(=O)N[C@@H](Cc2ccccc2)C(=O)NNC(=O)[C@H](Cc2ccccc2)NC(=O)CNC1=O,1,EC50,7.71,2,CHEMBL4434948
N[C@@H](Cc1ccc(O)cc1)C(=O)N[C@@H]1C/C=C/C[C@@H](NC(=O)[C@@H](N)Cc2ccc(O)cc2)C(=O)NCC(=O)N[C@@H](Cc2ccccc2)C(=O)NNC(=O)[C@H](Cc2ccccc2)NC(=O)CNC1=O,1,EC50,7.75,2,CHEMBL4473857
Cc1nccc2c1C(C)(C)Nc1cc(Br)ccc1-2,0,Ki (>),5.0,1,CHEMBL4642292
Cc1cc(=O)oc2cc(NC(=O)CCN3C(=O)C4=C(SC[C@@H](NC(=O)[C@@H](N)Cc5ccc(O)cc5)C(=O)NCC(=O)N[C@@H](Cc5ccccc5)C(=O)NNC(=O)[C@H](Cc5ccccc5)NC(=O)CNC(=O)[C@H](NC(=O)[C@@H](N)Cc5ccc(O)cc5)CS4)C3=O)ccc12,1,EC50,6.57,2,CHEMBL4641588
CN(C)c1cccc2c(S(=O)(=O)NCCN3C(=O)C4=C(SC[C@@H](NC(=O)[C@@H](N)Cc5ccc(O)cc5)C(=O)NCC(=O)N[C@@H](Cc5ccccc5)C(=O)NNC(=O)[C@H](Cc5ccccc5)NC(=O)CNC(=O)[C@H](NC(=O)[C@@H](N)Cc5ccc(O)cc5)CS4)C3=O)cccc12,1,EC50,7.68,2,CHEMBL4638703
Cc1cc(=O)oc2ccc(N3C(=O)C4=C(SC[C@@H](NC(=O)[C@@H](N)Cc5ccc(O)cc5)C(=O)NCC(=O)N[C@@H](Cc5ccccc5)C(=O)NNC(=O)[C@H](Cc5ccccc5)NC(=O)CNC(=O)[C@H](NC(=O)[C@@H](N)Cc5ccc(O)cc5)CS4)C3=O)cc12,1,EC50,6.54,2,CHEMBL4636807
Cc1ccc2[nH]c(C(=O)N[C@H]3Cc4ccccc4[C@@H]3C(=O)NCCN(C)C)cc2c1,1,EC50,6.6,2,CHEMBL4639379
O=C(N[C@H]1CN(S(=O)(=O)c2ccccc2)C[C@@H]1C(=O)N[C@H]1CCCNC1)c1cc(-c2ccccc2)on1,0,EC50,4.6,2,CHEMBL4640438
O=C(N[C@H]1CN(S(=O)(=O)c2ccccc2)C[C@@H]1C(=O)N[C@H]1CCCNC1)c1cc(-c2ccccc2Cl)on1,0,EC50,4.7,2,CHEMBL4639111
C=C(C(N)=O)[C@@H](NC(=O)[C@H](Cc1ccccc1)NC(=O)[C@@H](CCCNC(N)=O)NC(=O)[C@@H](N)Cc1ccc(O)cc1)c1ccco1,1,EC50,6.89,1,CHEMBL4644694
C=C(C(N)=O)[C@@H](NC(=O)[C@H](Cc1ccccc1)NC(=O)[C@@H](CCCNC(=N)N)NC(=O)[C@@H](N)Cc1ccc(O)cc1)c1ccco1,1,EC50,6.43,1,CHEMBL4645094
C=C(C(N)=O)[C@@H](NC(=O)[C@H](Cc1c[nH]c2ccccc12)NC(=O)[C@@H](CNC(C)=O)NC(=O)[C@@H](N)Cc1ccc(O)cc1)c1ccco1,1,EC50,6.57,1,CHEMBL4647561
C=C(C(N)=O)[C@@H](NC(=O)[C@H](Cc1c[nH]c2ccccc12)NC(=O)[C@@H](CCCCNC(C)=O)NC(=O)[C@@H](N)Cc1ccc(O)cc1)c1ccco1,1,EC50,6.03,1,CHEMBL4646736
C=C(C(N)=O)[C@@H](NC(=O)[C@H](Cc1c[nH]c2ccccc12)NC(=O)[C@@H](CCCNC(N)=O)NC(=O)[C@@H](N)Cc1ccc(O)cc1)c1ccco1,1,EC50,6.79,1,CHEMBL4633024
C=C(C(N)=O)[C@@H](NC(=O)[C@H](Cc1c[nH]c2ccccc12)NC(=O)[C@@H](CCC)NC(=O)[C@@H](N)Cc1ccc(O)cc1)c1ccco1,1,EC50,6.47,1,CHEMBL4638811
C=C(C(N)=O)[C@@H](NC(=O)[C@H](Cc1c[nH]c2ccccc12)NC(=O)[C@@H](CCCNC(=N)N)NC(=O)[C@@H](N)Cc1ccc(O)cc1)c1ccco1,1,EC50,6.66,1,CHEMBL4642564
C=C(C(N)=O)[C@@H](NC(=O)[C@H](Cc1c[nH]c2ccccc12)NC(=O)[C@@H](CCCCNC(=N)N)NC(=O)[C@@H](N)Cc1ccc(O)cc1)c1ccco1,1,EC50,6.47,1,CHEMBL4634908
C=C(C(N)=O)[C@@H](NC(=O)[C@H](Cc1c[nH]c2ccccc12)NC(=O)[C@@H](CN)NC(=O)[C@@H](N)Cc1ccc(O)cc1)c1ccco1,1,EC50,6.72,1,CHEMBL4640310
C=C(C(N)=O)[C@@H](NC(=O)[C@H](Cc1c[nH]c2ccccc12)NC(=O)[C@@H](CCN)NC(=O)[C@@H](N)Cc1ccc(O)cc1)c1ccco1,1,EC50,6.79,1,CHEMBL4638662
C=C(C(N)=O)[C@@H](NC(=O)[C@H](Cc1c[nH]c2ccccc12)NC(=O)[C@@H](CCCN)NC(=O)[C@@H](N)Cc1ccc(O)cc1)c1ccco1,1,EC50,7.05,1,CHEMBL4638691
Oc1ccc2c3c1O[C@H]1c4ncc(-c5ccccc5C5CC5)cc4C[C@@]4(OCCCc5ccccc5)[C@@H](C2)N(CC2CC2)CC[C@]314,1,EC50,6.85,2,CHEMBL4647353
Cc1cc(F)ccc1-c1cnc2c(c1)C[C@@]1(OCCCc3ccccc3)[C@H]3Cc4ccc(O)c5c4[C@@]1(CCN3CC1CC1)[C@H]2O5,1,EC50,7.6,2,CHEMBL4638667
Cc1ccc(-c2cnc3c(c2)C[C@@]2(OCCCc4ccccc4)[C@H]4Cc5ccc(O)c6c5[C@@]2(CCN4CC2CC2)[C@H]3O6)cc1,1,EC50,8.64,2,CHEMBL4647696
Cc1cccc(-c2cnc3c(c2)C[C@@]2(OCCCc4ccccc4)[C@H]4Cc5ccc(O)c6c5[C@@]2(CCN4CC2CC2)[C@H]3O6)c1,1,EC50,7.69,2,CHEMBL4633223
Cc1ccccc1-c1cnc2c(c1)C[C@@]1(OCCCc3ccccc3)[C@H]3Cc4ccc(O)c5c4[C@@]1(CCN3CC1CC1)[C@H]2O5,1,EC50,8.26,2,CHEMBL4633020
Oc1ccc2c3c1O[C@H]1c4ncc(-c5ccc(F)cc5F)cc4C[C@@]4(OCCCc5ccccc5)[C@@H](C2)N(CC2CC2)CC[C@]314,1,EC50,6.89,2,CHEMBL4636305
Oc1ccc2c3c1O[C@H]1c4ncc(-c5ccc(F)cc5)cc4C[C@@]4(OCCCc5ccccc5)[C@@H](C2)N(CC2CC2)CC[C@]314,1,EC50,6.93,2,CHEMBL4644543
Oc1ccc2c3c1O[C@H]1c4ncc(-c5ccc(Br)cc5)cc4C[C@@]4(OCCCc5ccccc5)[C@@H](C2)N(CC2CC2)CC[C@]314,1,EC50,7.58,2,CHEMBL4641670
Oc1ccc2c3c1O[C@H]1c4ncc(-c5ccccc5)cc4C[C@@]4(OCCCc5ccccc5)[C@@H](C2)N(CC2CC2)CC[C@]314,1,EC50,8.9,2,CHEMBL4633209
Cc1cccc(C)c1-c1cnc2c(c1)C[C@@]1(OCCCc3ccccc3)[C@H]3Cc4ccc(O)c5c4[C@@]1(CCN3CC1CC1)[C@H]2O5,1,EC50,8.47,2,CHEMBL4649820
COc1ccccc1-c1cnc2c(c1)C[C@@]1(OCCCc3ccccc3)[C@H]3Cc4ccc(O)c5c4[C@@]1(CCN3CC1CC1)[C@H]2O5,1,EC50,8.14,2,CHEMBL4644691
COc1cccc(-c2cnc3c(c2)C[C@@]2(OCCCc4ccccc4)[C@H]4Cc5ccc(O)c6c5[C@@]2(CCN4CC2CC2)[C@H]3O6)c1,1,EC50,7.89,2,CHEMBL4633907
COc1ccc(-c2cnc3c(c2)C[C@@]2(OCCCc4ccccc4)[C@H]4Cc5ccc(O)c6c5[C@@]2(CCN4CC2CC2)[C@H]3O6)cc1,1,EC50,7.63,2,CHEMBL4636159
Oc1cccc(-c2cnc3c(c2)C[C@@]2(OCCCc4ccccc4)[C@H]4Cc5ccc(O)c6c5[C@@]2(CCN4CC2CC2)[C@H]3O6)c1,1,EC50,8.95,2,CHEMBL4640139
CN(C)c1ccccc1-c1cnc2c(c1)C[C@@]1(OCCCc3ccccc3)[C@H]3Cc4ccc(O)c5c4[C@@]1(CCN3CC1CC1)[C@H]2O5,1,EC50,6.63,2,CHEMBL4649485
CN(C)c1cccc(-c2cnc3c(c2)C[C@@]2(OCCCc4ccccc4)[C@H]4Cc5ccc(O)c6c5[C@@]2(CCN4CC2CC2)[C@H]3O6)c1,1,EC50,8.82,2,CHEMBL4634021
CN(C)c1ccc(-c2cnc3c(c2)C[C@@]2(OCCCc4ccccc4)[C@H]4Cc5ccc(O)c6c5[C@@]2(CCN4CC2CC2)[C@H]3O6)cc1,1,EC50,8.68,2,CHEMBL4641271
CN(C)Cc1ccccc1-c1cnc2c(c1)C[C@@]1(OCCCc3ccccc3)[C@H]3Cc4ccc(O)c5c4[C@@]1(CCN3CC1CC1)[C@H]2O5,1,EC50,7.54,2,CHEMBL4648920
Oc1ccc2c3c1O[C@H]1c4ncc(-n5cccc5)cc4C[C@@]4(OCCCc5ccccc5)[C@@H](C2)N(CC2CC2)CC[C@]314,1,EC50,8.79,2,CHEMBL4634079
Oc1ccc2c3c1O[C@H]1c4ncc(-c5ccccn5)cc4C[C@@]4(OCCCc5ccccc5)[C@@H](C2)N(CC2CC2)CC[C@]314,1,EC50,6.28,2,CHEMBL4648628
Oc1ccc2c3c1O[C@H]1c4ncc(-c5ccncc5)cc4C[C@@]4(OCCCc5ccccc5)[C@@H](C2)N(CC2CC2)CC[C@]314,1,EC50,7.25,2,CHEMBL4640826
Cc1cc(-c2cnc3c(c2)C[C@@]2(OCCCc4ccccc4)[C@H]4Cc5ccc(O)c6c5[C@@]2(CCN4CC2CC2)[C@H]3O6)ccn1,1,EC50,8.73,2,CHEMBL4645508
COc1cc(-c2cnc3c(c2)C[C@@]2(OCCCc4ccccc4)[C@H]4Cc5ccc(O)c6c5[C@@]2(CCN4CC2CC2)[C@H]3O6)ccn1,1,EC50,8.57,2,CHEMBL4636598
Oc1ccc2c3c1O[C@H]1c4ncc(-c5cn[nH]c5)cc4C[C@@]4(OCCCc5ccccc5)[C@@H](C2)N(CC2CC2)CC[C@]314,1,EC50,8.48,2,CHEMBL4634007
Cn1cc(-c2cnc3c(c2)C[C@@]2(OCCCc4ccccc4)[C@H]4Cc5ccc(O)c6c5[C@@]2(CCN4CC2CC2)[C@H]3O6)cn1,1,EC50,6.18,2,CHEMBL4644731
Cc1nocc1-c1cnc2c(c1)C[C@@]1(OCCCc3ccccc3)[C@H]3Cc4ccc(O)c5c4[C@@]1(CCN3CC1CC1)[C@H]2O5,1,EC50,8.46,2,CHEMBL4643256
Cc1nnc(-c2cnc3c(c2)C[C@@]2(OCCCc4ccccc4)[C@H]4Cc5ccc(O)c6c5[C@@]2(CCN4CC2CC2)[C@H]3O6)o1,1,EC50,7.76,2,CHEMBL4646678
Oc1ccc2c3c1O[C@H]1c4ncc(-c5ccccc5)cc4C[C@@]4(OCCCc5ccc(F)cc5)[C@@H](C2)N(CC2CC2)CC[C@]314,1,EC50,7.03,2,CHEMBL4633348
Oc1ccc2c3c1O[C@H]1c4ncc(-c5ccccc5)cc4C[C@@]4(OCCCC5CCCCC5)[C@@H](C2)N(CC2CC2)CC[C@]314,1,EC50,7.63,2,CHEMBL4646507
Oc1ccc2c3c1O[C@H]1c4ncc(-c5ccccc5)cc4C[C@@]4(OCCCC5CCOCC5)[C@@H](C2)N(CC2CC2)CC[C@]314,1,EC50,8.04,2,CHEMBL4645533
Oc1ccc2c3c1O[C@H]1c4ncc(-c5ccccc5)cc4C[C@@]4(OCCCCc5ccccc5)[C@@H](C2)N(CC2CC2)CC[C@]314,1,EC50,7.61,2,CHEMBL4634862
CCCCCCCCCCCCCCCC(=O)NCCCN1C(=O)CC(SC[C@H](NC(=O)[C@H](CC(C)C)NC(=O)[C@H](Cc2ccccc2)NC(=O)CNC(=O)CNC(=O)[C@@H](N)Cc2ccc(O)cc2)C(N)=O)C1=O,1,EC50,8.39,2,CHEMBL4747671
CCCCCCCCCCCCCCCC(=O)NCCCN1C(=O)CC(SC[C@H](NC(=O)[C@H](CC(=O)O)NC(=O)[C@H](CCSC)NC(=O)[C@H](CC(C)C)NC(=O)[C@H](Cc2c[nH]cn2)NC(=O)[C@H](Cc2ccccc2)NC(=O)[C@@H](CCSC)NC(=O)[C@@H](N)Cc2ccc(O)cc2)C(N)=O)C1=O,1,EC50,7.42,2,CHEMBL4749747
CCCCCCCCCCCCCCCC(=O)NCCCN1C(=O)CC(SC[C@H](NC(=O)[C@H](CO)NC(=O)[C@@H]2CCCN2C(=O)[C@H](Cc2ccc(O)cc2)NC(=O)CNC(=O)[C@H](Cc2ccccc2)NC(=O)[C@@H](C)NC(=O)[C@@H](N)Cc2ccc(O)cc2)C(N)=O)C1=O,1,EC50,8.84,2,CHEMBL4789975
CN1C(=O)c2ccc(F)cc2CN2C[C@@H]1C1(CC1)C2,0,Ki (>),4.0,1,CHEMBL4754925
CO[C@@]12CC[C@@H](NCC(=O)NCC(=O)O)[C@@H]3Oc4c(O)ccc5c4[C@@]31CCN(C)[C@@H]2C5,1,EC50,8.36,1,CHEMBL4754111
CO[C@@]12CC[C@@H](N[C@H](C(=O)N[C@@H](Cc3ccc(O)cc3)C(=O)O)C(C)C)[C@@H]3Oc4c(O)ccc5c4[C@@]31CCN(C)[C@@H]2C5,1,EC50,9.8,1,CHEMBL4792012
CO[C@@]12CC[C@H](N[C@H](C(=O)N[C@@H](Cc3ccc(O)cc3)C(=O)O)C(C)C)[C@@H]3Oc4c(O)ccc5c4[C@@]31CCN(C)[C@@H]2C5,1,EC50,9.05,1,CHEMBL4789014
CO[C@@]12CC[C@@H](NCCCC(=O)O)[C@@H]3Oc4c(O)ccc5c4[C@@]31CCN(C)[C@@H]2C5,1,EC50,7.91,1,CHEMBL4740464
CO[C@@]12CC[C@H](NCCCC(=O)O)[C@@H]3Oc4c(O)ccc5c4[C@@]31CCN(C)[C@@H]2C5,1,EC50,8.54,1,CHEMBL4743953
CO[C@@]12CC[C@@H](NCCC(=O)O)[C@@H]3Oc4c(O)ccc5c4[C@@]31CCN(C)[C@@H]2C5,1,EC50,8.24,1,CHEMBL4757463
CO[C@@]12CC[C@H](NCCC(=O)O)[C@@H]3Oc4c(O)ccc5c4[C@@]31CCN(C)[C@@H]2C5,1,EC50,8.45,1,CHEMBL4776879
CC[C@H](N[C@@H]1CC[C@@]2(OC)[C@H]3Cc4ccc(O)c5c4[C@@]2(CCN3C)[C@H]1O5)C(=O)O,1,EC50,8.26,1,CHEMBL4781006
CC[C@H](N[C@H]1CC[C@@]2(OC)[C@H]3Cc4ccc(O)c5c4[C@@]2(CCN3C)[C@H]1O5)C(=O)O,1,EC50,8.29,1,CHEMBL4797321
CO[C@@]12CC[C@@H](N[C@H](C(=O)O)C3CCCCC3)[C@@H]3Oc4c(O)ccc5c4[C@@]31CCN(C)[C@@H]2C5,1,EC50,8.27,1,CHEMBL4750229
CO[C@@]12CC[C@H](N[C@H](C(=O)O)C3CCCCC3)[C@@H]3Oc4c(O)ccc5c4[C@@]31CCN(C)[C@@H]2C5,1,EC50,8.54,1,CHEMBL4748047
CO[C@@]12CC[C@@H](N[C@H](Cc3ccccc3)C(=O)O)[C@@H]3Oc4c(O)ccc5c4[C@@]31CCN(C)[C@@H]2C5,1,EC50,9.17,1,CHEMBL4783612
CO[C@@]12CC[C@H](N[C@H](Cc3ccccc3)C(=O)O)[C@@H]3Oc4c(O)ccc5c4[C@@]31CCN(C)[C@@H]2C5,1,EC50,9.11,1,CHEMBL4757240
CO[C@@]12CC[C@@H](N[C@@H](C(=O)O)C(C)C)[C@@H]3Oc4c(O)ccc5c4[C@@]31CCN(C)[C@@H]2C5,1,EC50,8.62,1,CHEMBL4795517
CO[C@@]12CC[C@H](N[C@@H](C(=O)O)C(C)C)[C@@H]3Oc4c(O)ccc5c4[C@@]31CCN(C)[C@@H]2C5,1,EC50,8.35,1,CHEMBL4741203
CO[C@@]12CC[C@@H](N[C@H](C)C(=O)O)[C@@H]3Oc4c(O)ccc5c4[C@@]31CCN(C)[C@@H]2C5,1,EC50,7.81,1,CHEMBL4780909
CO[C@@]12CC[C@H](N[C@H](C)C(=O)O)[C@@H]3Oc4c(O)ccc5c4[C@@]31CCN(C)[C@@H]2C5,1,EC50,8.84,1,CHEMBL4777389
CO[C@@]12CC[C@@H](N[C@@H](CCC(=O)O)C(=O)O)[C@@H]3Oc4c(O)ccc5c4[C@@]31CCN(C)[C@@H]2C5,1,EC50,7.9,1,CHEMBL4740918
CO[C@@]12CC[C@H](N[C@@H](CCC(=O)O)C(=O)O)[C@@H]3Oc4c(O)ccc5c4[C@@]31CCN(C)[C@@H]2C5,1,EC50,8.51,1,CHEMBL4761211
CO[C@@]12CC[C@@H](N[C@@H](CC(=O)O)C(=O)O)[C@@H]3Oc4c(O)ccc5c4[C@@]31CCN(C)[C@@H]2C5,1,EC50,8.84,1,CHEMBL4747179
CO[C@@]12CC[C@H](N[C@@H](CC(=O)O)C(=O)O)[C@@H]3Oc4c(O)ccc5c4[C@@]31CCN(C)[C@@H]2C5,1,EC50,8.39,1,CHEMBL4740360
CO[C@@]12CC[C@@H](N[C@@H](CCC(N)=O)C(=O)O)[C@@H]3Oc4c(O)ccc5c4[C@@]31CCN(C)[C@@H]2C5,1,EC50,8.02,1,CHEMBL4763225
CO[C@@]12CC[C@H](N[C@@H](CCC(N)=O)C(=O)O)[C@@H]3Oc4c(O)ccc5c4[C@@]31CCN(C)[C@@H]2C5,1,EC50,8.64,1,CHEMBL4755501
CO[C@@]12CC[C@@H](N[C@@H](CC(N)=O)C(=O)O)[C@@H]3Oc4c(O)ccc5c4[C@@]31CCN(C)[C@@H]2C5,1,EC50,8.69,1,CHEMBL4760163
CO[C@@]12CC[C@H](N[C@@H](CC(N)=O)C(=O)O)[C@@H]3Oc4c(O)ccc5c4[C@@]31CCN(C)[C@@H]2C5,1,EC50,9.08,1,CHEMBL4761784
CO[C@@]12CC[C@@H](N[C@@H](Cc3c[nH]c4ccccc34)C(=O)O)[C@@H]3Oc4c(O)ccc5c4[C@@]31CCN(C)[C@@H]2C5,1,EC50,8.79,1,CHEMBL4788003
CO[C@@]12CC[C@H](N[C@@H](Cc3c[nH]c4ccccc34)C(=O)O)[C@@H]3Oc4c(O)ccc5c4[C@@]31CCN(C)[C@@H]2C5,1,EC50,9.29,1,CHEMBL4755067
CO[C@@]12CC[C@@H](N[C@@H](Cc3ccc(O)cc3)C(=O)O)[C@@H]3Oc4c(O)ccc5c4[C@@]31CCN(C)[C@@H]2C5,1,EC50,7.61,1,CHEMBL4745745
CO[C@@]12CC[C@H](N[C@@H](Cc3ccc(O)cc3)C(=O)O)[C@@H]3Oc4c(O)ccc5c4[C@@]31CCN(C)[C@@H]2C5,1,EC50,8.73,1,CHEMBL4753934
CO[C@@]12CC[C@@H](N[C@@H](CCCCN)C(=O)O)[C@@H]3Oc4c(O)ccc5c4[C@@]31CCN(C)[C@@H]2C5,1,EC50,8.16,1,CHEMBL4741873
CO[C@@]12CC[C@H](N[C@@H](CCCCN)C(=O)O)[C@@H]3Oc4c(O)ccc5c4[C@@]31CCN(C)[C@@H]2C5,1,EC50,8.65,1,CHEMBL4793888
CO[C@@]12CC[C@@H](N[C@H](C(=O)O)C(C)C)[C@@H]3Oc4c(O)ccc5c4[C@@]31CCN(C)[C@@H]2C5,1,EC50,7.93,1,CHEMBL4782629
CO[C@@]12CC[C@H](N[C@H](C(=O)O)C(C)C)[C@@H]3Oc4c(O)ccc5c4[C@@]31CCN(C)[C@@H]2C5,1,EC50,7.98,1,CHEMBL4793953
CO[C@@]12CC[C@@H](N[C@@H](CO)C(=O)O)[C@@H]3Oc4c(O)ccc5c4[C@@]31CCN(C)[C@@H]2C5,1,EC50,8.45,1,CHEMBL4788604
CO[C@@]12CC[C@H](N[C@@H](CO)C(=O)O)[C@@H]3Oc4c(O)ccc5c4[C@@]31CCN(C)[C@@H]2C5,1,EC50,8.8,1,CHEMBL4741308
CO[C@@]12CC[C@@H](N[C@@H](Cc3ccccc3)C(=O)O)[C@@H]3Oc4c(O)ccc5c4[C@@]31CCN(C)[C@@H]2C5,1,EC50,8.17,1,CHEMBL4795312
CO[C@@]12CC[C@H](N[C@@H](Cc3ccccc3)C(=O)O)[C@@H]3Oc4c(O)ccc5c4[C@@]31CCN(C)[C@@H]2C5,1,EC50,9.42,1,CHEMBL4754944
CO[C@@]12CC[C@@H](N[C@@H](C)C(=O)O)[C@@H]3Oc4c(O)ccc5c4[C@@]31CCN(C)[C@@H]2C5,1,EC50,8.21,1,CHEMBL4763643
CO[C@@]12CC[C@H](N[C@@H](C)C(=O)O)[C@@H]3Oc4c(O)ccc5c4[C@@]31CCN(C)[C@@H]2C5,1,EC50,8.87,1,CHEMBL4782642
CN1CC[C@]23c4c5ccc(O)c4O[C@H]2[C@H](NCC(=O)O)CC[C@@]3(O)[C@H]1C5,1,EC50,8.42,1,CHEMBL4755734
CO[C@@]12CC[C@H](NCC(=O)O)[C@@H]3Oc4c(O)ccc5c4[C@@]31CCN(C)[C@@H]2C5,1,EC50,8.94,1,CHEMBL1672084
CCN1CC2(CCN(CCc3cc(F)ccc3F)CC2)O[C@@H](C)C1=O,1,EC50,6.04,1,CHEMBL4761093
CCN1CC2(CCN(CCc3c(F)cccc3F)CC2)O[C@H](C)C1=O,1,EC50,7.8,2,CHEMBL4756310
CCN1CC2(CCN(CCc3cc(F)ccc3F)CC2)O[C@H](C)C1=O,1,EC50,7.28,4,CHEMBL4781352
CCN1CC2(CCN(CCc3ccc(F)cc3F)CC2)O[C@H](C)C1=O,1,EC50,7.28,2,CHEMBL4777859
CCN1CC2(CCN(CCc3cccc(F)c3F)CC2)O[C@H](C)C1=O,1,EC50,8.0,2,CHEMBL4776743
CCN1CC2(CCN(CCc3ccc(F)cc3)CC2)O[C@H](C)C1=O,1,EC50,6.97,2,CHEMBL4788650
CCN1CC2(CCN(CCc3cccc(F)c3)CC2)O[C@H](C)C1=O,1,EC50,7.25,2,CHEMBL4754130
CCN1CC2(CCN(CCc3ccccc3F)CC2)O[C@H](C)C1=O,1,EC50,7.62,2,CHEMBL4776924
CCN1CC2(CCN(CCc3ccccc3)CC2)O[C@H](C)C1=O,1,EC50,7.31,2,CHEMBL4741494
CN1CC2(CCN(CCc3ccccc3)CC2)OC2(CC2)C1=O,1,EC50,6.36,2,CHEMBL4762816
CN1CC2(CCN(CCc3ccccc3)CC2)OC(C)(C)C1=O,1,EC50,6.21,1,CHEMBL4751130
CC(C)C1OC2(CCN(CCc3ccccc3)CC2)CN(C)C1=O,1,EC50,6.76,2,CHEMBL4755342
CC[C@H]1OC2(CCN(CCc3ccccc3)CC2)CN(C)C1=O,1,EC50,6.3,2,CHEMBL4752386
C[C@H]1OC2(CCN(CCc3ccccc3)CC2)CN(C)C1=O,1,EC50,6.5,2,CHEMBL4753006
CC1OC2(CCN(CCc3ccccc3)CC2)CN(C)C1=O,1,EC50,6.1,2,CHEMBL4786209
CCN1CC2(CCN(CCc3ccccc3)CC2)OC(C)C1=O,1,EC50,7.19,2,CHEMBL4755446
CC1OC2(CCN(CCc3ccccc3)CC2)CN(C(C)C)C1=O,1,EC50,7.68,2,CHEMBL4759184
C[C@H]1OC2(CCN(CCc3ccccc3)CC2)CN(C2CC2)C1=O,1,EC50,8.15,2,CHEMBL4789005
CC1OC2(CCN(CCc3ccccc3)CC2)CN(CCc2ccccc2)C1=O,1,EC50,7.66,2,CHEMBL4796605
CC1OC2(CCN(CCc3ccccc3)CC2)CN(Cc2ccccc2)C1=O,1,EC50,8.7,2,CHEMBL4748898
Cc1cc(O)cc(C)c1C[C@H](N)C(=O)N[C@H](CCCCN)C(=O)N[C@@H](Cc1ccccc1)C(=O)N[C@@H](Cc1ccccc1)C(=O)N[C@@H](CCCCN)C(=O)N[C@@H](CCCCN)C(=O)N1CCC[C@H]1C(=O)N[C@@H](Cc1ccccc1)C(=O)N[C@H](C(=O)N[C@@H](CC(C)C)C(=O)O)C(C)(C)C,1,EC50,7.88,3,CHEMBL4761165
Cc1cc(O)cc(C)c1C[C@H](N)C(=O)N[C@H](CCCNC(=N)N)C(=O)N[C@H]1Cc2ccccc2CN(CCC(=O)N[C@@H](CCCNC(=N)N)C(=O)N[C@@H](CCCNC(=N)N)C(=O)N2CCC[C@H]2C(=O)N[C@@H](Cc2ccc(O)cc2)C(=O)N[C@H](C(=O)N[C@@H](CC(C)C)C(=O)O)C(C)(C)C)C1=O,1,EC50,7.89,2,CHEMBL4789659
Cc1cc(O)cc(C)c1C[C@H](N)C(=O)N[C@H](CCCNC(=N)N)C(=O)N[C@H]1Cc2ccccc2CN(CCC(=O)N[C@@H](CCCCN)C(=O)N[C@@H](CCCCN)C(=O)N2CCC[C@H]2C(=O)N[C@@H](Cc2ccc(O)cc2)C(=O)N[C@H](C(=O)N[C@@H](CC(C)C)C(=O)O)C(C)(C)C)C1=O,1,EC50,7.19,2,CHEMBL4744531
Cc1cc(O)cc(C)c1C[C@H](NC(=O)[C@@H]1CCCN1C(=O)[C@H](CCCNC(=N)N)NC(=O)[C@H](CCCNC(=N)N)NC(=O)CCN1Cc2ccccc2C[C@H](NC(=O)[C@@H](CCCNC(=N)N)NC(=O)[C@@H](N)Cc2c(C)cc(O)cc2C)C1=O)C(=O)N[C@H](C(=O)N[C@@H](CC(C)C)C(=O)O)C(C)(C)C,1,EC50,8.04,2,CHEMBL4798887
Cc1cc(O)cc(C)c1C[C@H](NC(=O)[C@@H]1CCCN1C(=O)[C@H](CCCCN)NC(=O)[C@H](CCCCN)NC(=O)CCN1Cc2ccccc2C[C@H](NC(=O)[C@@H](CCCNC(=N)N)NC(=O)[C@@H](N)Cc2c(C)cc(O)cc2C)C1=O)C(=O)N[C@H](C(=O)N[C@@H](CC(C)C)C(=O)O)C(C)(C)C,1,EC50,7.31,2,CHEMBL4758754
Cc1cc(O)cc(C)c1C[C@H](NC(=O)[C@@H]1CCCN1C(=O)[C@H](CCCNC(=N)N)NC(=O)C[C@H](CCCNC(=N)N)NC(=O)CCN1Cc2ccccc2C[C@H](NC(=O)[C@@H](CCCNC(=N)N)NC(=O)[C@@H](N)Cc2c(C)cc(O)cc2C)C1=O)C(=O)N[C@H](C(=O)N[C@@H](CC(C)C)C(=O)O)C(C)(C)C,1,EC50,7.54,2,CHEMBL4776986
Cc1cc(O)cc(C)c1C[C@H](NC(=O)[C@@H]1CCCN1C(=O)[C@H](CCCCN)NC(=O)C[C@H](CCCCN)NC(=O)CCN1Cc2ccccc2C[C@H](NC(=O)[C@@H](CCCNC(=N)N)NC(=O)[C@@H](N)Cc2c(C)cc(O)cc2C)C1=O)C(=O)N[C@H](C(=O)N[C@@H](CC(C)C)C(=O)O)C(C)(C)C,1,EC50,7.18,2,CHEMBL4749016
Cc1cc(O)cc(C)c1C[C@H](N)C(=O)N[C@H](CCCNC(=N)N)C(=O)N[C@H]1Cc2ccccc2CN(CCC(=O)N[C@@H](CCCNC(=N)N)C(=O)N[C@@H](CCCNC(=N)N)C(=O)N2CCC[C@H]2C(=O)N2Cc3ccc(O)cc3C[C@H]2C(=O)N[C@H](C(=O)N[C@@H](CC(C)C)C(=O)O)C(C)(C)C)C1=O,1,EC50,8.34,3,CHEMBL4742666
Cc1cc(O)cc(C)c1C[C@H](N)C(=O)N[C@H](CCCNC(=N)N)C(=O)N[C@H]1Cc2ccccc2CN(CCC(=O)N[C@@H](CCCCN)C(=O)N[C@@H](CCCCN)C(=O)N2CCC[C@H]2C(=O)N2Cc3ccc(O)cc3C[C@H]2C(=O)N[C@H](C(=O)N[C@@H](CC(C)C)C(=O)O)C(C)(C)C)C1=O,1,EC50,7.34,2,CHEMBL4750783
Cc1cc(O)cc(C)c1C[C@H](N)C(=O)N[C@H](CCCNC(=N)N)C(=O)N[C@H]1Cc2ccccc2CN(CCC(=O)N[C@@H](CCCNC(=N)N)C(=O)N[C@@H](CCCNC(=N)N)C(=O)N2CCC[C@H]2C(=O)N[C@@H](Cc2cccc(O)c2)C(=O)N[C@H](C(=O)N[C@@H](CC(C)C)C(=O)O)C(C)(C)C)C1=O,1,EC50,8.19,3,CHEMBL4745899
Cc1cc(O)cc(C)c1C[C@H](N)C(=O)N[C@H](CCCNC(=N)N)C(=O)N[C@H]1Cc2ccccc2CN(CCC(=O)N[C@@H](CCCCN)C(=O)N[C@@H](CCCCN)C(=O)N2CCC[C@H]2C(=O)N[C@@H](Cc2cccc(O)c2)C(=O)N[C@H](C(=O)N[C@@H](CC(C)C)C(=O)O)C(C)(C)C)C1=O,1,EC50,7.56,2,CHEMBL4747286
CCC(=O)N(c1ccccc1)C1(C(=O)NC2CCCCCC2)CCN(CCc2ccccc2)CC1,1,EC50,6.37,2,CHEMBL4760974
CCC(=O)N(c1ccccc1)C1(C(=O)NCc2ccccc2)CCN(CCc2ccccc2)CC1,1,EC50,7.08,1,CHEMBL4758061
CCC(=O)N(c1ccccc1)C1(C(=O)NCCc2cccc(F)c2)CCN(CCc2ccccc2)CC1,1,EC50,6.96,1,CHEMBL4761310
CCC(=O)N(c1ccccc1)C1(C(=O)Nc2ccc(OC)cc2)CCN(CCc2ccccc2)CC1,1,EC50,6.69,1,CHEMBL4781906
CCC(=O)N(Cc1ccccc1)C1(C(=O)NCCc2cccc(F)c2)CCN(CCc2ccccc2)CC1,1,EC50,9.4,2,CHEMBL4795492
CCC(=O)N(CCc1ccccc1)C1(C(=O)NCCc2cccc(F)c2)CCN(CCc2ccccc2)CC1,1,EC50,6.84,1,CHEMBL4776176
O=C(c1ccccc1)N(c1ccccc1)C1(C(=O)NCCc2cccc(F)c2)CCN(CCc2ccccc2)CC1,1,EC50,7.07,1,CHEMBL4783765
CCC(=O)N(Cc1ccccc1)C1(C(=O)Nc2ccc(OC)cc2)CCN(CCc2ccccc2)CC1,1,EC50,7.5,1,CHEMBL4788377
CCC(=O)N(Cc1ccco1)C1(C(=O)NCCc2cccc(F)c2)CCN(CCc2ccccc2)CC1,1,EC50,6.79,2,CHEMBL4783653
CCC(=O)N(Cc1ccncc1)C1(C(=O)NCCc2cccc(F)c2)CCN(CCc2ccccc2)CC1,1,EC50,7.16,1,CHEMBL4784041
CCC(=O)N(Cc1cccnc1)C1(C(=O)NCCc2cccc(F)c2)CCN(CCc2ccccc2)CC1,1,EC50,6.58,1,CHEMBL4793926
CCC(=O)N(Cc1ccc(C)cc1)C1(C(=O)NCCc2cccc(F)c2)CCN(CCc2ccccc2)CC1,1,EC50,6.72,1,CHEMBL4779684
CCC(=O)N(Cc1cccc(Cl)c1)C1(C(=O)NCCc2cccc(F)c2)CCN(CCc2ccccc2)CC1,1,EC50,6.42,1,CHEMBL4755700
CCC(=O)N(Cc1cccs1)C1(C(=O)NCCc2cccc(F)c2)CCN(CCc2ccccc2)CC1,1,EC50,6.89,1,CHEMBL4784650
CCC(=O)N(Cc1ccco1)C1(C(=O)Nc2ccc(OC)cc2)CCN(CCc2ccccc2)CC1,1,EC50,7.8,1,CHEMBL4751847
CC[C@H](C)[C@H](NC(=O)[C@H](CCCNC(=N)N)NC(=O)[C@H](CC(C)C)NC(=O)[C@H](Cc1ccccc1)NC(=O)CNC(=O)CNC(=O)[C@@H](C)Cc1c(C)cc(O)cc1C)C(=O)N[C@@H](CCCNC(=N)N)C(N)=O,0,Ki (>),5.0,1,CHEMBL4745486
CC[C@H](C)[C@H](NC(=O)[C@H](CCCNC(=N)N)NC(=O)[C@H](CC(C)C)NC(=O)[C@H](Cc1ccccc1)NC(=O)[C@@H]1CCCN1C(=O)CNC(=O)[C@@H](N)Cc1ccc(O)cc1)C(=O)N[C@@H](CCCNC(=N)N)C(=O)N1CCC[C@H]1C(=O)N[C@@H](CCCCN)C(N)=O,0,Ki (>),5.0,1,CHEMBL4762413
C[C@@H](NC(=O)[C@@H](N)Cc1ccc(O)cc1)C(=O)NCC(=O)N(C)[C@@H](Cc1ccccc1)C(=O)NCC(=O)N1CCC[C@H]1C(=O)N[C@@H](CCC(N)=O)C(=O)N[C@@H](CCCNC(=N)N)C(=O)N[C@@H](Cc1ccccc1)C(N)=O,1,EC50,7.41,2,CHEMBL4796596
C[C@@H](NC(=O)[C@@H](N)Cc1ccc(O)cc1)C(=O)NCC(=O)N[C@@H](Cc1ccccc1)C(=O)N[C@H](C)C(=O)N1CCC[C@H]1C(=O)N[C@@H](CCC(N)=O)C(=O)N[C@@H](CCCNC(=N)N)C(=O)N[C@@H](Cc1ccccc1)C(N)=O,1,EC50,6.61,2,CHEMBL4790011
CC(C)C[C@@H](NC(=O)[C@H](Cc1ccccc1)NC(=O)CNC(=O)[C@@H](C)NC(=O)[C@@H](N)Cc1ccc(O)cc1)C(=O)N1CCC[C@H]1C(=O)N[C@@H](CCC(N)=O)C(=O)N[C@@H](CCCNC(=N)N)C(=O)N[C@@H](Cc1ccccc1)C(N)=O,1,EC50,6.23,2,CHEMBL4784329
CSCC[C@@H](NC(=O)[C@H](Cc1ccccc1)NC(=O)CNC(=O)[C@@H](C)NC(=O)[C@@H](N)Cc1ccc(O)cc1)C(=O)N1CCC[C@H]1C(=O)N[C@@H](CCC(N)=O)C(=O)N[C@@H](CCCNC(=N)N)C(=O)N[C@@H](Cc1ccccc1)C(N)=O,1,EC50,6.39,2,CHEMBL4749564
CSCC[C@H](NC(=O)[C@H](Cc1ccccc1)NC(=O)CNC(=O)[C@@H](C)NC(=O)[C@@H](N)Cc1ccc(O)cc1)C(=O)N1CCC[C@H]1C(=O)N[C@@H](CCC(N)=O)C(=O)N[C@@H](CCCNC(=N)N)C(=O)N[C@@H](Cc1ccccc1)C(N)=O,1,EC50,6.9,2,CHEMBL4777803
CC(C)C[C@H](NC(=O)[C@H](Cc1ccccc1)NC(=O)CNC(=O)[C@@H](C)NC(=O)[C@@H](N)Cc1ccc(O)cc1)C(=O)N1CCC[C@H]1C(=O)N[C@@H](CCC(N)=O)C(=O)N[C@@H](CCCNC(=N)N)C(=O)N[C@@H](Cc1ccccc1)C(N)=O,1,EC50,6.6,2,CHEMBL4788431
C[C@@H](NC(=O)[C@@H](N)Cc1ccc(O)cc1)C(=O)NCC(=O)N[C@@H](Cc1ccccc1)C(=O)NCC(=O)N1CCC[C@H]1C(=O)N[C@@H](CCC(N)=O)C(=O)N[C@@H](CCCNC(=N)N)C(=O)N[C@@H](Cc1ccccc1)C(N)=O,1,EC50,7.55,2,CHEMBL4792870
C[C@@H](NC(=O)[C@@H](N)Cc1ccc(O)cc1)C(=O)NCC(=O)N(C)[C@@H](Cc1ccccc1)C(=O)N[C@@H](CCC(N)=O)C(=O)N1CCC[C@H]1C(=O)N[C@@H](CCC(N)=O)C(=O)N[C@@H](CCCNC(=N)N)C(=O)N[C@@H](Cc1ccccc1)C(N)=O,1,EC50,7.7,2,CHEMBL4777999
CSCC[C@@H](NC(=O)[C@@H](N)Cc1ccc(O)cc1)C(=O)NCC(=O)N[C@@H](Cc1ccccc1)C(=O)N[C@@H](CCC(N)=O)C(=O)N1CCC[C@H]1C(=O)N[C@@H](CCC(N)=O)C(=O)N[C@@H](CCCNC(=N)N)C(=O)N[C@@H](Cc1ccccc1)C(N)=O,1,EC50,6.37,2,CHEMBL4759079
N=C(N)NCCC[C@H](NC(=O)[C@H](CCC(N)=O)NC(=O)[C@@H]1CCCN1C(=O)[C@H](CCC(N)=O)NC(=O)[C@H](Cc1ccccc1)NC(=O)CNC(=O)[C@@H](CO)NC(=O)[C@@H](N)Cc1ccc(O)cc1)C(=O)N[C@@H](Cc1ccccc1)C(N)=O,1,EC50,6.25,2,CHEMBL4785222
CN[C@@H](Cc1ccc(O)cc1)C(=O)N[C@H](C)C(=O)NCC(=O)N[C@@H](Cc1ccccc1)C(=O)N[C@@H](CCC(N)=O)C(=O)N1CCC[C@H]1C(=O)N[C@@H](CCC(N)=O)C(=O)N[C@@H](CCCNC(=N)N)C(=O)N[C@@H](Cc1ccccc1)C(N)=O,1,EC50,6.71,2,CHEMBL4755334
C[C@@H](NC(=O)[C@@H](N)Cc1ccc(O)cc1)C(=O)NCC(=O)N[C@@H](Cc1ccccc1)C(=O)N[C@@H](CCC(N)=O)C(=O)N1CCC[C@H]1C(=O)N[C@@H](CCC(N)=O)C(=O)N[C@@H](CCCNC(=N)N)C(=O)N[C@@H](Cc1ccccc1)C(N)=O,1,EC50,6.51,2,CHEMBL4745148
COC(=O)[C@@H]1C=C(OC(=O)c2ccc(OC)cc2)C(=O)[C@H]2[C@@]1(C)CC[C@H]1C(=O)O[C@H](c3ccoc3)C[C@]21C,1,EC50,8.1,2,CHEMBL4790712
COC(=O)[C@@H]1C=C(OC(=O)c2cccc(OC)c2)C(=O)[C@H]2[C@@]1(C)CC[C@H]1C(=O)O[C@H](c3ccoc3)C[C@]21C,1,EC50,7.96,2,CHEMBL4745430
COC(=O)[C@@H]1C=C(OC(=O)c2ccc([N+](=O)[O-])cc2)C(=O)[C@H]2[C@@]1(C)CC[C@H]1C(=O)O[C@H](c3ccoc3)C[C@]21C,1,EC50,7.51,2,CHEMBL4760942
COC(=O)[C@@H]1C=C(OC(=O)c2ccc(C)cc2)C(=O)[C@H]2[C@@]1(C)CC[C@H]1C(=O)O[C@H](c3ccoc3)C[C@]21C,1,EC50,7.66,2,CHEMBL4741711
COC(=O)[C@@H]1C=C(OC(=O)c2ccc(Cl)cc2)C(=O)[C@H]2[C@@]1(C)CC[C@H]1C(=O)O[C@H](c3ccoc3)C[C@]21C,1,EC50,7.52,2,CHEMBL4799292
COC(=O)[C@@H]1C=C(OC(=O)c2ccc(F)cc2)C(=O)[C@H]2[C@@]1(C)CC[C@H]1C(=O)O[C@H](c3ccoc3)C[C@]21C,1,EC50,7.82,2,CHEMBL4756271
CC(=O)O[C@@H]1C=C(OC(=O)c2cccc(F)c2)C(=O)[C@H]2[C@@]1(C)CC[C@H]1C(=O)O[C@H](c3ccoc3)C[C@]21C,1,EC50,8.33,2,CHEMBL4782368
COC(=O)[C@@H]1C=C(OC(=O)c2ccccc2F)C(=O)[C@H]2[C@@]1(C)CC[C@H]1C(=O)O[C@H](c3ccoc3)C[C@]21C,1,EC50,8.32,2,CHEMBL4763725
COC(=O)[C@@H]1CC(=O)C(O)=C2[C@@]1(C)CC[C@H]1C(=O)O[C@H](c3ccoc3)C[C@]21C,0,EC50 (>),5.0,1,CHEMBL4086641
COC(=O)[C@@H]1C=C(O)C(=O)[C@H]2[C@@]1(C)CC[C@H]1C(=O)O[C@H](c3ccoc3)C[C@]21C,0,EC50 (>),5.0,1,CHEMBL4787274
COC(=O)[C@@H]1C=C(OC(=O)c2ccccc2)C(=O)[C@H]2[C@@]1(C)CC[C@H]1C(=O)O[C@H](c3ccoc3)C[C@]21C,1,EC50,8.92,2,CHEMBL4786506
COC(=O)[C@@H]1C[C@@H](OC(=O)c2ccccc2)C(=O)[C@H]2[C@@]1(C)CC[C@H]1C(=O)O[C@H](c3ccoc3)C[C@]21C,0,EC50 (>),5.0,1,CHEMBL4752988
CC(=O)O[C@@H]1C[C@H](NC(=O)c2ccccc2)C(=O)[C@H]2[C@@]1(C)CC[C@H]1C(=O)O[C@H](c3ccoc3)C[C@]21C,1,EC50,8.52,2,CHEMBL4783674
COC(=O)[C@@H]1C[C@@H](OC(C)=O)C(=O)[C@H]2[C@@]1(C)CC[C@H]1C(=O)O[C@H](c3ccoc3)C[C@]21C,0,EC50 (>),5.0,1,CHEMBL378767
COC(=O)[C@@H]1C=C(OC(C)=O)C(=O)[C@H]2[C@@]1(C)CC[C@H]1C(=O)O[C@H](c3ccoc3)C[C@]21C,0,EC50 (>),5.0,1,CHEMBL4749616
CCCN1CC(c2ccc(N)nc2)OC[C@@H]1C,0,Ki (>),4.0,1,CHEMBL4464060
C[C@H]1CO[C@@H](c2ccc(N)nc2)CN1C[C@H]1C[C@@H]1CCNC(=O)c1cc2ccccc2[nH]1,0,Ki,4.77,1,CHEMBL4551160
C[C@H]1CO[C@@H](c2ccc(N)nc2)CN1CC[C@H]1CC[C@H](NC(=O)c2cc3ccccc3[nH]2)CC1,0,Ki,4.66,1,CHEMBL4744811
O=C(NCCCCN1CCO[C@@H]2c3cc(O)ccc3OC[C@@H]21)c1cc2ccccc2[nH]1,0,Ki,4.91,1,CHEMBL4791884
O=C(NCCCCN1CCO[C@H]2c3cc(O)ccc3OC[C@@H]21)c1cc2ccccc2[nH]1,0,Ki,4.91,1,CHEMBL4778398
CCCN1CCO[C@H]2c3cc(O)ccc3OC[C@@H]21,0,Ki,4.11,1,CHEMBL97424
CCCN1CCO[C@@H]2c3cc(O)ccc3OC[C@H]21,0,Ki,4.44,1,CHEMBL70565
CC1(C)CN2C(CS/C(N)=N\[C@H]3CC[C@H](CNC(=O)COCC(=O)NCCCCNC(=O)COCC(=O)N[C@@H]4CC[C@@]5(O)[C@H]6Cc7ccc(O)c8c7[C@@]5(CCN6CC5CC5)[C@H]4O8)CC3)=CSC2=N1,1,EC50,7.3,2,CHEMBL4784104
CNC(=O)COCC(=O)NCCCCNC(=O)COCC(=O)N[C@@H]1CC[C@@]2(O)[C@H]3Cc4ccc(O)c5c4[C@@]2(CCN3CC2CC2)[C@H]1O5,1,EC50,8.09,2,CHEMBL4752423
CN1Cc2ccccc2CN2CC[C@@]1(c1ccccc1)C2,0,EC50 (>),4.7,1,CHEMBL4751700
c1ccc([C@@]23CCN(Cc4ccccc4CN2)C3)cc1,0,EC50 (>),4.7,1,CHEMBL4794625
CCCN1Cc2ccccc2CN2CCC1(c1ccccc1)C2,1,EC50,6.16,1,CHEMBL4787061
OCCN1Cc2ccccc2CN2CC[C@@]1(c1ccccc1)C2,0,EC50 (>),4.7,1,CHEMBL4761037
CC(=O)N1Cc2ccccc2CN2CC[C@@]1(c1ccccc1)C2,0,EC50 (>),4.7,1,CHEMBL4761270
CN(C)C(=O)CN1Cc2ccccc2CN2CC[C@@]1(c1ccccc1)C2,0,EC50 (>),4.7,1,CHEMBL4744756
COc1ccc2c(c1)CN1CC[C@@](c3ccccc3)(C1)N(C)C2,0,EC50 (>),4.7,1,CHEMBL4755443
COc1ccc2c(c1)CN(C)[C@@]1(c3ccccc3)CCN(C2)C1,0,EC50 (>),4.7,1,CHEMBL4758781
CN1Cc2cc(O)ccc2CN2CC[C@@]1(c1ccccc1)C2,0,EC50 (>),4.7,1,CHEMBL4783223
COc1cccc2c1CN1CC[C@@](c3ccccc3)(C1)N(C)C2,0,EC50 (>),4.7,1,CHEMBL4762587
CN1Cc2cccc(O)c2CN2CC[C@@]1(c1ccccc1)C2,0,EC50 (>),4.7,1,CHEMBL4759815
COc1cccc2c1CN(C)[C@@]1(c3ccccc3)CCN(C2)C1,0,EC50 (>),4.7,1,CHEMBL4756945
CN1Cc2c(O)cccc2CN2CC[C@@]1(c1ccccc1)C2,0,EC50 (>),4.7,1,CHEMBL4754549
CCC(=O)N1Cc2ccccc2CN2CC[C@@]1(c1ccccc1)C2,0,EC50 (>),4.7,1,CHEMBL4778515
C/C=C1/CN2CC[C@]34C(=Nc5ccccc53)[C@@H]2C[C@@H]1[C@@]4(COC(C)=O)C(=O)OC,0,Ki,4.51,2,CHEMBL4874877
O=C(N[C@@H]1C=C[C@@]2(O)[C@H]3Cc4ccc(O)c5c4[C@@]2(CCN3CC2CC2)[C@H]1O5)c1n[nH]c2ccccc12,1,EC50,9.31,2,CHEMBL4878281
O=C(N[C@@H]1C=C[C@@]2(O)[C@H]3Cc4ccc(O)c5c4[C@@]2(CCN3CC2CC2)[C@H]1O5)c1c[nH]c2cccnc12,1,EC50,9.02,2,CHEMBL4852470
O=C(N[C@@H]1C=C[C@@]2(O)[C@H]3Cc4ccc(O)c5c4[C@@]2(CCN3CC2CC2)[C@H]1O5)c1c[nH]c2ccncc12,1,EC50,8.69,2,CHEMBL4864454
O=C(N[C@@H]1C=C[C@@]2(O)[C@H]3Cc4ccc(O)c5c4[C@@]2(CCN3CC2CC2)[C@H]1O5)c1c[nH]c2cnccc12,1,EC50,8.4,2,CHEMBL4878105
O=C(N[C@@H]1C=C[C@@]2(O)[C@H]3Cc4ccc(O)c5c4[C@@]2(CCN3CC2CC2)[C@H]1O5)c1c[nH]c2ncccc12,1,EC50,9.14,2,CHEMBL4874437
O=C(N[C@H]1C=C[C@@]2(O)[C@H]3Cc4ccc(O)c5c4[C@@]2(CCN3CC2CC2)[C@H]1O5)c1n[nH]c2ccccc12,1,EC50,8.8,2,CHEMBL4862035
O=C(N[C@H]1C=C[C@@]2(O)[C@H]3Cc4ccc(O)c5c4[C@@]2(CCN3CC2CC2)[C@H]1O5)c1c[nH]c2cccnc12,1,EC50,8.71,2,CHEMBL4875882
O=C(N[C@H]1C=C[C@@]2(O)[C@H]3Cc4ccc(O)c5c4[C@@]2(CCN3CC2CC2)[C@H]1O5)c1c[nH]c2ccncc12,1,EC50,8.69,2,CHEMBL4868660
O=C(N[C@H]1C=C[C@@]2(O)[C@H]3Cc4ccc(O)c5c4[C@@]2(CCN3CC2CC2)[C@H]1O5)c1c[nH]c2cnccc12,1,EC50,7.87,2,CHEMBL4879114
O=C(N[C@H]1C=C[C@@]2(O)[C@H]3Cc4ccc(O)c5c4[C@@]2(CCN3CC2CC2)[C@H]1O5)c1c[nH]c2ncccc12,1,EC50,8.08,2,CHEMBL4866007
CC[C@@H]1CN2CC[C@@]3(O)C(=Nc4cccc(-c5ccccc5)c43)[C@@H]2C[C@@H]1/C(=C\OC)C(=O)OC,0,EC50,4.72,3,CHEMBL5086786
CC[C@@H]1CN2CC[C@@]3(O)C(=Nc4cccc(C)c43)[C@@H]2C[C@@H]1/C(=C\OC)C(=O)OC,0,EC50,4.98,3,CHEMBL5074977
CC[C@@H]1CN2CC[C@@]3(O)C(=Nc4cccc(-c5ccoc5)c43)[C@@H]2C[C@@H]1/C(=C\OC)C(=O)OC,0,EC50,4.96,3,CHEMBL5071286
CC(C)C[C@H](NC(=O)[C@H](Cc1ccccc1)NC(=O)CNC(=O)CNC(=O)[C@@H](N)Cc1ccc(O)cc1)C(=O)NCC(=O)N[C@@H](C)C(=O)N[C@@H](CCCNC(=N)N)C(=O)N[C@@H](CCCCN)C(=O)N[C@@H](CO)C(=O)N[C@@H](C)C(=O)N[C@@H](CCCNC(=N)N)C(=O)N[C@@H](CCCCN)C(N)=O,1,EC50,6.08,1,CHEMBL5085161
CCCC[C@H](NC(=O)[C@H](Cc1ccccc1)NC(=O)CNC(=O)CNC(=O)[C@@H](N)Cc1ccc(O)cc1)C(=O)NCC(=O)N[C@@H](C)C(=O)N[C@@H](CCCNC(=N)N)C(=O)N[C@@H](CCCCN)C(=O)N[C@@H](CO)C(=O)N[C@@H](C)C(=O)N[C@@H](CCCNC(=N)N)C(=O)N[C@@H](CCCCN)C(N)=O,1,EC50,6.74,1,CHEMBL5073561
CCC[C@H](NC(=O)[C@H](Cc1ccccc1)NC(=O)CNC(=O)CNC(=O)[C@@H](N)Cc1ccc(O)cc1)C(=O)NCC(=O)N[C@@H](C)C(=O)N[C@@H](CCCNC(=N)N)C(=O)N[C@@H](CCCCN)C(=O)N[C@@H](CO)C(=O)N[C@@H](C)C(=O)N[C@@H](CCCNC(=N)N)C(=O)N[C@@H](CCCCN)C(N)=O,1,EC50,6.25,1,CHEMBL5079758
C[C@H](NC(=O)CNC(=O)[C@H](Cc1ccc(O)cc1)NC(=O)[C@H](Cc1ccccc1)NC(=O)CNC(=O)CNC(=O)[C@@H](N)Cc1ccc(O)cc1)C(=O)N[C@@H](CCCNC(=N)N)C(=O)N[C@@H](CCCCN)C(=O)N[C@@H](CO)C(=O)N[C@@H](C)C(=O)N[C@@H](CCCNC(=N)N)C(=O)N[C@@H](CCCCN)C(N)=O,1,EC50,6.76,1,CHEMBL5081900
C[C@H](NC(=O)CNC(=O)[C@H](Cc1ccccc1)NC(=O)[C@H](Cc1ccccc1)NC(=O)CNC(=O)CNC(=O)[C@@H](N)Cc1ccc(O)cc1)C(=O)N[C@@H](CCCNC(=N)N)C(=O)N[C@@H](CCCCN)C(=O)N[C@@H](CO)C(=O)N[C@@H](C)C(=O)N[C@@H](CCCNC(=N)N)C(=O)N[C@@H](CCCCN)C(N)=O,1,EC50,6.41,1,CHEMBL5070616
C[C@H](NC(=O)CNC(=O)[C@@H](NC(=O)[C@H](Cc1ccccc1)NC(=O)CNC(=O)CNC(=O)[C@@H](N)Cc1ccc(O)cc1)c1ccccc1)C(=O)N[C@@H](CCCNC(=N)N)C(=O)N[C@@H](CCCCN)C(=O)N[C@@H](CO)C(=O)N[C@@H](C)C(=O)N[C@@H](CCCNC(=N)N)C(=O)N[C@@H](CCCCN)C(N)=O,1,EC50,6.81,1,CHEMBL5094439
C[C@H](NC(=O)CNC(=O)[C@@H](NC(=O)[C@H](Cc1ccccc1)NC(=O)CNC(=O)CNC(=O)[C@@H](N)Cc1ccc(O)cc1)C(c1ccccc1)c1ccccc1)C(=O)N[C@@H](CCCNC(=N)N)C(=O)N[C@@H](CCCCN)C(=O)N[C@@H](CO)C(=O)N[C@@H](C)C(=O)N[C@@H](CCCNC(=N)N)C(=O)N[C@@H](CCCCN)C(N)=O,1,EC50,6.78,1,CHEMBL5085090
C[C@H](NC(=O)CNC(=O)[C@H](Cc1cccc2ccccc12)NC(=O)[C@H](Cc1ccccc1)NC(=O)CNC(=O)CNC(=O)[C@@H](N)Cc1ccc(O)cc1)C(=O)N[C@@H](CCCNC(=N)N)C(=O)N[C@@H](CCCCN)C(=O)N[C@@H](CO)C(=O)N[C@@H](C)C(=O)N[C@@H](CCCNC(=N)N)C(=O)N[C@@H](CCCCN)C(N)=O,1,EC50,6.08,1,CHEMBL5081432
C[C@H](NC(=O)CNC(=O)[C@H](Cc1ccc(N)cc1)NC(=O)[C@H](Cc1ccccc1)NC(=O)CNC(=O)CNC(=O)[C@@H](N)Cc1ccc(O)cc1)C(=O)N[C@@H](CCCNC(=N)N)C(=O)N[C@@H](CCCCN)C(=O)N[C@@H](CO)C(=O)N[C@@H](C)C(=O)N[C@@H](CCCNC(=N)N)C(=O)N[C@@H](CCCCN)C(N)=O,1,EC50,6.43,1,CHEMBL5081139
Cc1cc(O)cc(C)c1C[C@H](NC(=O)[C@H](Cc1ccccc1)NC(=O)CNC(=O)CNC(=O)[C@@H](N)Cc1ccc(O)cc1)C(=O)NCC(=O)N[C@@H](C)C(=O)N[C@@H](CCCNC(=N)N)C(=O)N[C@@H](CCCCN)C(=O)N[C@@H](CO)C(=O)N[C@@H](C)C(=O)N[C@@H](CCCNC(=N)N)C(=O)N[C@@H](CCCCN)C(N)=O,1,EC50,6.71,1,CHEMBL5093399
Cc1cc(O)cc(C)c1C[C@H](N)C(=O)NCC(=O)NCC(=O)N[C@@H](Cc1ccccc1)C(=O)N[C@H](C(=O)NCC(=O)N[C@@H](C)C(=O)N[C@@H](CCCNC(=N)N)C(=O)N[C@@H](CCCCN)C(=O)N[C@@H](CO)C(=O)N[C@@H](C)C(=O)N[C@@H](CCCNC(=N)N)C(=O)N[C@@H](CCCCN)C(N)=O)[C@@H](C)O,1,EC50,7.37,1,CHEMBL5074745
Cc1cc(O)cc(C)c1C[C@H](N)C(=O)NCC(=O)NCC(=O)N[C@@H](Cc1ccccc1)C(=O)N[C@@H](Cc1ccc(O)cc1)C(=O)NCC(=O)N[C@@H](C)C(=O)N[C@@H](CCCNC(=N)N)C(=O)N[C@@H](CCCCN)C(=O)N[C@@H](CO)C(=O)N[C@@H](C)C(=O)N[C@@H](CCCNC(=N)N)C(=O)N[C@@H](CCCCN)C(N)=O,1,EC50,7.81,1,CHEMBL5087383
Cc1cc(O)cc(C)c1C[C@H](N)C(=O)NCC(=O)NCC(=O)N[C@@H](Cc1ccccc1)C(=O)N[C@@H](Cc1ccccc1)C(=O)NCC(=O)N[C@@H](C)C(=O)N[C@@H](CCCNC(=N)N)C(=O)N[C@@H](CCCCN)C(=O)N[C@@H](CO)C(=O)N[C@@H](C)C(=O)N[C@@H](CCCNC(=N)N)C(=O)N[C@@H](CCCCN)C(N)=O,1,EC50,8.19,1,CHEMBL5092388
Cc1cc(O)cc(C)c1C[C@H](N)C(=O)NCC(=O)NCC(=O)N[C@@H](Cc1ccccc1)C(=O)N[C@H](C(=O)NCC(=O)N[C@@H](C)C(=O)N[C@@H](CCCNC(=N)N)C(=O)N[C@@H](CCCCN)C(=O)N[C@@H](CO)C(=O)N[C@@H](C)C(=O)N[C@@H](CCCNC(=N)N)C(=O)N[C@@H](CCCCN)C(N)=O)c1ccccc1,1,EC50,8.54,1,CHEMBL5079432
Cc1cc(O)cc(C)c1C[C@H](N)C(=O)NCC(=O)NCC(=O)N[C@@H](Cc1ccccc1)C(=O)N[C@@H](Cc1cccc2ccccc12)C(=O)NCC(=O)N[C@@H](C)C(=O)N[C@@H](CCCNC(=N)N)C(=O)N[C@@H](CCCCN)C(=O)N[C@@H](CO)C(=O)N[C@@H](C)C(=O)N[C@@H](CCCNC(=N)N)C(=O)N[C@@H](CCCCN)C(N)=O,1,EC50,7.8,1,CHEMBL5072270
Cc1cc(O)cc(C)c1C[C@H](N)C(=O)NCC(=O)NCC(=O)N[C@@H](Cc1ccccc1)C(=O)N[C@@H](Cc1ccc(N)cc1)C(=O)NCC(=O)N[C@@H](C)C(=O)N[C@@H](CCCNC(=N)N)C(=O)N[C@@H](CCCCN)C(=O)N[C@@H](CO)C(=O)N[C@@H](C)C(=O)N[C@@H](CCCNC(=N)N)C(=O)N[C@@H](CCCCN)C(N)=O,1,EC50,7.82,1,CHEMBL5094655
Cc1cc(O)cc(C)c1C[C@H](NC(=O)[C@H](Cc1ccccc1)NC(=O)CNC(=O)CNC(=O)[C@@H](N)Cc1c(C)cc(O)cc1C)C(=O)NCC(=O)N[C@@H](C)C(=O)N[C@@H](CCCNC(=N)N)C(=O)N[C@@H](CCCCN)C(=O)N[C@@H](CO)C(=O)N[C@@H](C)C(=O)N[C@@H](CCCNC(=N)N)C(=O)N[C@@H](CCCCN)C(N)=O,1,EC50,8.64,2,CHEMBL5081993
CCC(=O)N(CC1(N2CCN(Cc3ccccc3)CC2)CCCCC1)c1ccccc1,1,EC50,6.8,2,CHEMBL5077829
CCC(=O)N(CCN1CCN(Cc2ccccc2)CC1)c1ccccc1,1,EC50,6.29,2,CHEMBL5076707
CCC(=O)N(CC(C)(C)N1CCN(Cc2ccccc2)CC1)c1ccccc1,1,EC50,6.52,2,CHEMBL5084697
CCC(=O)N(CC1(N2CCN(Cc3ccccc3)CC2)CC1)c1ccccc1,1,EC50,7.47,2,CHEMBL5087472
COCC(=O)N(CC1(N2CCN(Cc3ccccc3)CC2)CC1)c1ccccc1,0,EC50 (>),5.0,2,CHEMBL5070185
CCC(=O)N(Cc1ccccc1)CC1(N2CCN(Cc3ccccc3)CC2)CC1,0,EC50 (>),5.0,2,CHEMBL5094913
CCC(=O)N(CC1(N2CCN(Cc3ccccc3)CC2)CC1)c1ccccc1O,1,EC50,7.46,2,CHEMBL5089489
CCC(=O)N(CC1(N2CCN(Cc3ccccc3)CC2)CC1)c1ccccc1F,1,EC50,7.14,2,CHEMBL5075502
CCC(=O)N(CC1(N2CCN(Cc3ccccc3)CC2)CC1)c1cccc(F)c1,1,EC50,7.92,2,CHEMBL5094899
CCC(=O)N(CC1(N2CCN(Cc3ccccc3)CC2)CC1)c1ccccn1,1,EC50,7.41,2,CHEMBL5076404
CCC(=O)N(CC1(N2CCN(Cc3ccccc3)CC2)CC1)c1ncccc1F,1,EC50,7.62,2,CHEMBL5083736
CCC(=O)N(CC1(N2CCN(Cc3ccccc3)CC2)CC1)c1ncccc1C(F)(F)F,1,EC50,7.55,2,CHEMBL5073189
CCC(=O)N(CC1(N2CCN(Cc3ccccc3)CC2)CC1)c1cccc(C(F)(F)F)n1,1,EC50,8.22,2,CHEMBL5081133
CCC(=O)N(CC1(N2CCN(Cc3ccccc3)CC2)CCN(C)CC1)c1ccccc1,1,EC50,6.13,2,CHEMBL5081183
CCC(=O)N(CC1(N2CCN(Cc3ccccc3)CC2)COC1)c1ccccc1,1,EC50,6.6,2,CHEMBL5080086
CCC(=O)N(CC1(N2CCN(Cc3ccccc3)CC2)CCOCC1)c1ccccc1,1,EC50,7.58,2,CHEMBL5070613
CCC(=O)N(CC1(N2CCN(Cc3ccccc3)CC2)CCOCC1)c1cccc(C(F)(F)F)n1,1,EC50,8.05,2,CHEMBL5084344
CCC(=O)N(CC1(N2CCN(Cc3ccccc3)CC2)CCSCC1)c1cccc(C(F)(F)F)n1,1,EC50,8.4,2,CHEMBL5089000
CCC(=O)N(CC1(N2CCN(Cc3ccccc3)CC2)CCOC(C)(C)C1)c1cccc(C(F)(F)F)n1,1,EC50,8.22,2,CHEMBL5090595
CCC(=O)N(CC1(C2CCN(Cc3ccccc3)CC2)CCOCC1)c1cccc(C(F)(F)F)n1,1,EC50,7.08,2,CHEMBL5089365
CCC(=O)N(CC1(N2CCN(CCc3ccccc3)CC2)CCOCC1)c1cccc(C(F)(F)F)n1,0,EC50 (>),5.0,2,CHEMBL5079816
CCC(=O)N(CC1(N2CCN(C(C)c3ccccc3)CC2)CCOCC1)c1cccc(C(F)(F)F)n1,1,EC50,6.85,2,CHEMBL5085771
CCC(=O)N(CC1(N2CCN(C(CO)c3ccccc3)CC2)CCOCC1)c1cccc(C(F)(F)F)n1,1,EC50,6.01,2,CHEMBL5093833
CCCN1CCN(C2(CN(C(=O)CC)c3cccc(C(F)(F)F)n3)CCOCC2)CC1,1,EC50,6.75,2,CHEMBL5093051
CCCCN1CCN(C2(CN(C(=O)CC)c3cccc(C(F)(F)F)n3)CCOCC2)CC1,1,EC50,6.29,2,CHEMBL5083271
CCC(=O)N(CC1(N2CCN(CC(C)C)CC2)CCOCC1)c1cccc(C(F)(F)F)n1,1,EC50,6.74,4,CHEMBL5086571
CCOC(=O)CCN1CCN(C2(CN(C(=O)CC)c3cccc(C(F)(F)F)n3)CCOCC2)CC1,1,EC50,6.22,2,CHEMBL5081159
CCC(=O)N(CC1(N2CCN(CCOC)CC2)CCOCC1)c1cccc(C(F)(F)F)n1,1,EC50,6.14,2,CHEMBL5079087
CCC(=O)N(CC1(N2CCN(CCOC(C)C)CC2)CCOCC1)c1cccc(C(F)(F)F)n1,1,EC50,7.28,2,CHEMBL5089766
CCOCCN1CCN(C2(CN(C(=O)CC)c3cccc(C(F)(F)F)n3)CCOCC2)CC1,1,EC50,6.68,2,CHEMBL5090993
CCC(=O)N(CC1(N2CCN(CCOCC(C)C)CC2)CCOCC1)c1cccc(C(F)(F)F)n1,1,EC50,7.52,2,CHEMBL5087458
CCC(=O)N(CC1(N2CCN(CCOc3ccccc3)CC2)CCOCC1)c1cccc(C(F)(F)F)n1,1,EC50,6.88,2,CHEMBL5092587
CCC(=O)N(CC1(N2CCN(CCOCC(F)(F)F)CC2)CCOCC1)c1cccc(C(F)(F)F)n1,1,EC50,6.5,2,CHEMBL5084395
CCCOCCN1CCN(C2(CN(C(=O)CC)c3cccc(C(F)(F)F)n3)CCOCC2)CC1,1,EC50,7.07,2,CHEMBL5080761
CCC(=O)N(CC1(N2CCN(CCCOC)CC2)CCOCC1)c1cccc(C(F)(F)F)n1,0,EC50 (>),5.0,2,CHEMBL5091094
CC(C)(CNc1ccccc1)N1CCN(Cc2ccccc2)CC1,0,EC50 (>),5.0,1,CHEMBL5077038
CCC(=O)N(CC1(N2CCN(CC(C)(C)O)CC2)CCOCC1)c1cccc(C(F)(F)F)n1,1,EC50,6.06,1,CHEMBL5079310
CCC(=O)N(CC1(N2CCN(C)CC2)CCCCC1)c1ccccc1,0,EC50 (>),5.0,1,CHEMBL5072099
Cc1cnc2c(-c3ccc(C(=O)N(c4ncccc4C)[C@@H]4CCCNC4)cc3F)cnn2c1,0,EC50 (>),5.0,1,CHEMBL5088467
c1ccc([C@]2(CCNCc3scc4c3COC4)CCOC3(CCCC3)C2)nc1,1,EC50,8.7,2,CHEMBL5077763
FC1(F)Cc2csc(CNCC[C@@]3(c4ccccn4)CCOC4(CCCC4)C3)c2C1,1,EC50,10.0,2,CHEMBL5082714
FC1(F)CCc2csc(CNCC[C@@]3(c4ccccn4)CCOC4(CCCC4)C3)c2C1,1,EC50,8.74,2,CHEMBL5078909
FC1(F)CCc2c(csc2CNCC[C@@]2(c3ccccn3)CCOC3(CCOC3)C2)C1,1,EC50,9.3,2,CHEMBL5082522
Fc1ccc([C@]2(CCNCc3scc4c3CCC4)CCOC3(CCOCC3)C2)nc1,1,EC50,6.75,2,CHEMBL5077091
COc1ccsc1CNCC[C@@]1(c2ccccn2)CCO[C@@]2(CCOC2)C1,0,EC50 (>),4.52,1,CHEMBL5090537
N#CC(CCNCCCCN1CCN(c2cccc(Cl)c2Cl)CC1)(c1ccccc1)c1ccccc1,0,EC50,4.98,2,CHEMBL5089655
CN(C)C(=O)C(CCN1CCN(c2cccc(Cl)c2Cl)CC1)(c1ccccc1)c1ccccc1,1,EC50,7.91,4,CHEMBL5085974
CCc1cc(Cl)c(OC)c(C(=O)NC[C@@H]2CCCN2CCC(C#N)(c2ccccc2)c2ccccc2)c1O,0,Ki,4.96,1,CHEMBL5091656
CCc1cc(Cl)c(OC)c(C(=O)NCC2CCCN2CCCCNCCC(C(=O)N(C)C)(c2ccccc2)c2ccccc2)c1O,1,EC50,6.68,3,CHEMBL5075990
CCC(=O)N1CCC(c2ccccc2)(c2ccccc2)C1,0,Ki,4.82,1,CHEMBL5094927
CCc1cc(Cl)c(OC)c(C(=O)NCC2CCCN2CC(=O)N2CCC(c3ccccc3)(c3ccccc3)C2)c1O,0,Ki,4.85,1,CHEMBL5079053
CCOC(=O)/C=C1\[C@@H]2CCC[C@@]1(c1cccc(O)c1)CCN2CCc1ccccc1,1,EC50,8.28,4,CHEMBL5080654
CC(C)C[C@H](NC(=O)[C@H](Cc1ccccc1)NC(=O)CNC(=O)C/C=C(\F)[C@@H](N)Cc1ccc(O)cc1)C(=O)N(C)C,0,EC50,4.75,4,CHEMBL5203813
CCC(=O)N(c1ccccc1)C1CCN(Cc2ccccc2)CC1,1,EC50,6.31,2,CHEMBL172155
O=C(c1ccco1)N(Cc1cccc(F)c1)C1CCN(CCc2ccccc2)CC1,1,EC50,7.31,2,CHEMBL5179132
CN(CCCNC(=O)c1ccco1)Cc1ccccc1,0,Ki (>),5.0,1,CHEMBL5206034
COc1ccc(CN(C)CCCNC(=O)c2ccco2)cc1OC,0,Ki (>),5.0,1,CHEMBL5201238
C=C(C(N)=O)[C@@H](NC(=O)[C@H](Cc1c[nH]c2ccccc12)NC(=O)[C@@H](C)N(C)C(=O)[C@@H](N)Cc1ccc(O)cc1)c1ccccc1,1,EC50,8.64,2,CHEMBL5173837
C=C(C(N)=O)[C@@H](NC(=O)[C@H](Cc1c[nH]c2ccccc12)NC(=O)[C@@H](C)N(C)C(=O)[C@@H](N)Cc1ccc(O)cc1)c1ccco1,1,EC50,8.84,2,CHEMBL5208747
C=C(C(N)=O)[C@@H](NC(=O)[C@H](Cc1ccccc1)NC(=O)[C@@H](C)N(C)C(=O)[C@@H](N)Cc1ccc(O)cc1)c1ccccc1,1,EC50,8.36,2,CHEMBL5188741
C=C(C(N)=O)[C@@H](NC(=O)[C@H](Cc1ccccc1)NC(=O)[C@@H](C)N(C)C(=O)[C@@H](N)Cc1ccc(O)cc1)c1ccco1,1,EC50,8.39,2,CHEMBL5190232
NC(=O)[C@@H]1CCC(=O)NCCCC[C@@H](NC(=O)[C@@H](N)Cc2ccc(O)cc2)C(=O)N[C@@H](Cc2c[nH]c3ccccc23)C(=O)N[C@@H](Cc2ccccc2)C(=O)N1,1,EC50,9.37,2,CHEMBL5197271
NC(=O)[C@@H]1CC(=O)NCCCC[C@@H](NC(=O)[C@@H](N)Cc2ccc(O)cc2)C(=O)N[C@@H](Cc2c[nH]c3ccccc23)C(=O)N[C@@H](Cc2ccccc2)C(=O)N1,1,EC50,9.03,2,CHEMBL5171745
NC(=O)CNC(=O)[C@@H]1CCC(=O)NCCCC[C@@H](NC(=O)[C@@H](N)Cc2ccc(O)cc2)C(=O)N[C@@H](Cc2c[nH]c3ccccc23)C(=O)N[C@@H](Cc2ccccc2)C(=O)N1,1,EC50,9.0,2,CHEMBL5198915
NC(=O)[C@@H]1CCCCNC(=O)CC[C@@H](NC(=O)[C@@H](N)Cc2ccc(O)cc2)C(=O)N[C@@H](Cc2ccccc2)C(=O)N[C@@H](Cc2ccccc2)C(=O)N1,1,EC50,8.82,2,CHEMBL5196331
CC[C@@H]1CN2CC[C@]3(O)c4c(cccc4OC)NC3[C@@H]2C[C@@H]1/C(=C\OC)C(=O)OC,1,EC50,7.46,2,CHEMBL5178409
CCCCCCCCC(N)C(=O)N[C@@H](Cc1ccc(O)cc1)C(=O)N1CCC[C@H]1C(=O)N[C@@H](Cc1c[nH]c2ccccc12)C(=O)N[C@@H](Cc1ccccc1)C(N)=O,1,EC50,7.5,2,CHEMBL5200686
CCCCCCCCC(N)C(=O)N[C@@H](Cc1c(C)cc(O)cc1C)C(=O)N1CCC[C@H]1C(=O)N[C@@H](Cc1c[nH]c2ccccc12)C(=O)N[C@@H](Cc1ccccc1)C(N)=O,1,EC50,8.89,2,CHEMBL5199625
CCNC(=O)C[C@H](NC(=O)[C@H](Cc1ccccc1)NC(=O)[C@H](Cc1ccccc1)NC(=O)[C@@H](CCCCNC(=O)C[C@H](NC(=O)[C@H](Cc1ccccc1)NC(=O)[C@H](Cc1ccccc1)NC(=O)CNC(=O)[C@@H](N)Cc1ccc(O)cc1)C(N)=O)NC(=O)[C@@H](N)Cc1ccc(O)cc1)C(N)=O,1,EC50,8.3,1,CHEMBL5200728
Cc1cc(O)cc(C)c1C[C@H](N)C(=O)N[C@@H]1CCCCNC(=O)C[C@@H](C(N)=O)NC(=O)[C@H](c2ccccc2)NC(=O)[C@H](c2ccccc2)NC1=O,1,EC50,8.76,1,CHEMBL5171420
Cc1ccccc1[C@@H]1NC(=O)[C@H](NC(=O)[C@@H](N)Cc2c(C)cc(O)cc2C)CCCCNC(=O)C[C@@H](C(N)=O)NC(=O)[C@H](c2ccccc2)NC1=O,1,EC50,8.25,1,CHEMBL5171242
Cc1cccc([C@@H]2NC(=O)[C@H](NC(=O)[C@@H](N)Cc3c(C)cc(O)cc3C)CCCCNC(=O)C[C@@H](C(N)=O)NC(=O)[C@H](c3ccccc3)NC2=O)c1,1,EC50,8.53,1,CHEMBL5189745
Cc1ccc([C@@H]2NC(=O)[C@H](NC(=O)[C@@H](N)Cc3c(C)cc(O)cc3C)CCCCNC(=O)C[C@@H](C(N)=O)NC(=O)[C@H](c3ccccc3)NC2=O)cc1,1,EC50,8.55,1,CHEMBL5194625
Cc1ccccc1[C@@H]1NC(=O)[C@H](c2ccccc2)NC(=O)[C@H](NC(=O)[C@@H](N)Cc2c(C)cc(O)cc2C)CCCCNC(=O)C[C@@H](C(N)=O)NC1=O,1,EC50,8.25,1,CHEMBL5199205
Cc1cccc([C@@H]2NC(=O)[C@H](c3ccccc3)NC(=O)[C@H](NC(=O)[C@@H](N)Cc3c(C)cc(O)cc3C)CCCCNC(=O)C[C@@H](C(N)=O)NC2=O)c1,1,EC50,8.96,1,CHEMBL5175678
Cc1ccc([C@@H]2NC(=O)[C@H](c3ccccc3)NC(=O)[C@H](NC(=O)[C@@H](N)Cc3c(C)cc(O)cc3C)CCCCNC(=O)C[C@@H](C(N)=O)NC2=O)cc1,1,EC50,8.11,1,CHEMBL5199190
O=C1N[C@H](Cc2ccccc2)C(=O)N2CCC[C@@H]2C(=O)N[C@@H](Cc2ccccc2)C(=O)N[C@H]1Cc1c[nH]c2ccccc12,0,Ki (>),4.0,1,CHEMBL5186247
O=C1N[C@H](Cc2c[nH]c3ccccc23)C(=O)N[C@H](Cc2ccccc2)C(=O)N2CCC[C@@H]2C(=O)N[C@H]1Cc1ccccc1,0,Ki (>),4.0,1,CHEMBL5180172
CN(C(=O)/C=C/c1ccoc1)[C@@H]1CCC2[C@H]3Cc4ccc(O)c5c4[C@@]2(CN3CC2CC2)[C@H]1O5,0,Ki (>),5.0,1,CHEMBL5181937
CN(C(=O)/C=C/c1ccoc1)[C@@H]1CC=C2[C@H]3Cc4ccc(O)c5c4[C@@]2(CN3CC2CC2)[C@H]1O5,0,Ki (>),5.0,1,CHEMBL5186673
O=C(N[C@@H]1C[C@]23CCN(CC4CC4)[C@H](Cc4ccc(O)cc42)[C@]32CC[C@@H]1O2)c1ccccc1,1,EC50,8.56,2,CHEMBL5186730
O=C(Cc1ccccc1)N[C@@H]1C[C@]23CCN(CC4CC4)[C@H](Cc4ccc(O)cc42)[C@]32CC[C@@H]1O2,1,EC50,8.03,2,CHEMBL5178511
O=C(CCc1ccccc1)N[C@@H]1C[C@]23CCN(CC4CC4)[C@H](Cc4ccc(O)cc42)[C@]32CC[C@@H]1O2,1,EC50,7.9,2,CHEMBL5200218
O=C(Cc1ccccc1)N[C@H]1C[C@]23CCN(CC4CC4)[C@H](Cc4ccc(O)cc42)[C@]32CC[C@@H]1O2,1,EC50,8.27,2,CHEMBL5175717
O=C(CCc1ccccc1)N[C@H]1C[C@]23CCN(CC4CC4)[C@H](Cc4ccc(O)cc42)[C@]32CC[C@@H]1O2,1,EC50,8.03,2,CHEMBL5170301
CN(C(=O)c1ccccc1)[C@@H]1C[C@]23CCN(CC4CC4)[C@H](Cc4ccc(O)cc42)[C@]32CC[C@@H]1O2,1,EC50,8.33,2,CHEMBL5200050
CN(C(=O)Cc1ccccc1)[C@@H]1C[C@]23CCN(CC4CC4)[C@H](Cc4ccc(O)cc42)[C@]32CC[C@@H]1O2,1,EC50,8.15,2,CHEMBL5185996
CN(C(=O)CCc1ccccc1)[C@@H]1C[C@]23CCN(CC4CC4)[C@H](Cc4ccc(O)cc42)[C@]32CC[C@@H]1O2,1,EC50,8.25,2,CHEMBL5200992
CN(C)CC1CN(CCc2cccc(C(F)(F)F)c2)CCC1(O)c1cccc(O)c1,1,EC50,9.15,1,CHEMBL5277326
CN(C)CC1CN(C(=O)Cc2ccc(F)cc2)CCC1(O)c1cccc(O)c1,1,EC50,8.19,1,CHEMBL5272486
Cc1ccc(CC(=O)N2CCC(O)(c3cccc(O)c3)C(CN(C)C)C2)cc1,1,EC50,8.25,1,CHEMBL5275873
CN(C)CC1CN(C(=O)Cc2ccccc2Cl)CCC1(O)c1cccc(O)c1,1,EC50,8.03,1,CHEMBL5282901
CN(C)CC1CN(C(=O)Cc2cccc(Cl)c2)CCC1(O)c1cccc(O)c1,1,EC50,8.39,1,CHEMBL5270915
CN(C)CC1CN(C(=O)Cc2ccc(Cl)cc2)CCC1(O)c1cccc(O)c1,1,EC50,8.29,1,CHEMBL5272258
CN(C)CC1CN(C(=O)CCc2cccc(C(F)(F)F)c2)CCC1(O)c1cccc(O)c1,1,EC50,8.55,1,CHEMBL5287792
CN(C)CC1CN(C(=O)Cc2cc(F)c(F)cc2F)CCC1(O)c1cccc(O)c1,1,EC50,7.24,1,CHEMBL5273356
CN(C)C[C@@H]1CN(C(=O)Cc2cc(F)c(F)cc2F)CC[C@@]1(O)c1cccc(O)c1,1,EC50,7.73,1,CHEMBL5279890
CN(C)C[C@H]1CN(C(=O)Cc2cc(F)c(F)cc2F)CC[C@]1(O)c1cccc(O)c1,1,EC50,6.96,1,CHEMBL5287134
CCOC(=O)[C@]12C[C@@H]1[C@@H](n1ccc3c(NCCc4ccccc4)nc(C#Cc4ccccc4)nc31)[C@H](O)[C@@H]2O,0,Ki (>),5.0,1,CHEMBL5169644
C=CCN1CC[C@@]2(C)c3cc(O)ccc3C[C@H]1[C@H]2C,0,Ki (>),5.0,1,CHEMBL101510
COC(=O)[C@]1(c2ccccc2)C[C@@H]1CN1CC[C@@]2(C)c3cc(O)ccc3C[C@H]1[C@H]2C,0,Ki (>),4.6,1,CHEMBL5280610
COC(=O)[C@]1(c2ccc(Cl)cc2)C[C@@H]1CN1CC[C@]2(C)c3cc(O)ccc3C[C@@H]1[C@@H]2C,0,Ki (>),4.6,1,CHEMBL5274252
COC(=O)[C@]1(c2ccccc2)C[C@@H]1CN1CC[C@]2(C)c3cc(O)ccc3C[C@@H]1[C@@H]2C,0,Ki (>),4.6,1,CHEMBL5291473
CN(C)CCc1c[nH]c2ccc(C[C@H]3COC(=O)N3)cc12,0,AC50 (>),4.52,1,CHEMBL1185
CN(C)CCc1c[nH]c2ccc(Cn3cncn3)cc12,0,AC50 (>),4.52,1,CHEMBL905
CN(C)CCc1c[nH]c2ccc(CS(=O)(=O)N3CCCC3)cc12,0,AC50 (>),4.52,1,CHEMBL1505
CN(C)CCC(c1ccc(Br)cc1)c1ccccn1,0,AC50 (>),4.52,1,CHEMBL811
CN(C)CC/C=C1\c2ccccc2CSc2ccccc21,0,AC50 (>),4.52,1,CHEMBL1492500
CN(C)C/C=C/C(=O)Nc1cc2c(Nc3ccc(F)c(Cl)c3)ncnc2cc1O[C@H]1CCOC1,0,AC50 (>),4.52,1,CHEMBL1173655
CN(C)CC[C@@H](c1ccc(Br)cc1)c1ccccn1,0,AC50 (>),4.52,1,CHEMBL1201287
CN(C)CC[C@@H](c1ccc(Cl)cc1)c1ccccn1,0,AC50 (>),4.52,1,CHEMBL1201353
CN(C)CCCN1c2ccccc2CCc2ccccc21,0,AC50,4.55,1,CHEMBL11
CN(C)CCCNc1c2ccccc2nc2cccc([N+](=O)[O-])c12,0,AC50 (>),4.52,1,CHEMBL26291
CC1=Nc2ccc(Cl)cc2S(=O)(=O)N1,0,AC50 (>),4.52,1,CHEMBL181
C[C@]12C=CC(=O)C=C1CC[C@@H]1[C@@H]2CC[C@]2(C)OC(=O)CC[C@@H]12,0,AC50 (>),4.52,1,CHEMBL1571
C[C@]12CC[C@@H]3c4ccc(O)cc4C[C@@H](CCCCCCCCC[S+]([O-])CCCC(F)(F)C(F)(F)F)[C@H]3[C@@H]1CC[C@@H]2O,0,AC50 (>),4.52,1,CHEMBL1358
CCCS(=O)(=O)Nc1ccc(F)c(C(=O)c2c[nH]c3ncc(-c4ccc(Cl)cc4)cc23)c1F,0,AC50 (>),4.52,1,CHEMBL1229517
C[C@@H]1CCC[C@H](C)N1NC(=O)c1ccc(Cl)c(S(N)(=O)=O)c1,0,AC50 (>),4.52,1,CHEMBL1605650
C[C@H]1[C@H](OC(=O)CCC(=O)O)O[C@@H]2O[C@@]3(C)CC[C@H]4[C@H](C)CC[C@@H]1[C@@]24OO3,0,AC50 (>),4.52,1,CHEMBL361497
CNC(=O)Oc1ccc2c(c1)[C@]1(C)CCN(C)[C@@H]1N2C,0,AC50 (>),4.52,1,CHEMBL94
CN1CCN(CCCN2c3ccccc3Sc3ccc(S(=O)(=O)N(C)C)cc32)CC1,0,AC50 (>),4.52,1,CHEMBL609109
CNNCc1ccc(C(=O)NC(C)C)cc1,0,AC50 (>),4.52,1,CHEMBL1321
CN(CC1(C)CCCO1)S(=O)(=O)c1ccc(Cl)c(S(N)(=O)=O)c1,0,AC50 (>),4.52,1,CHEMBL2105131
CN(C)c1cc(NC(=O)CNC(C)(C)C)c(O)c2c1C[C@H]1C[C@H]3[C@H](N(C)C)C(O)=C(C(N)=O)C(=O)[C@@]3(O)C(O)=C1C2=O,0,AC50 (>),4.52,1,CHEMBL376140
C[C@]12CCC(=O)C=C1C=C[C@@H]1[C@@H]2CC[C@@]2(C)[C@H]1CC[C@@]21CCC(=O)O1,0,AC50 (>),4.52,1,CHEMBL1463345
C[C@]12CCC(=O)C=C1C=C[C@@H]1[C@@H]2CC[C@@]2(C)[C@H]1CC[C@@]2(O)CCC(=O)[O-],0,AC50 (>),4.52,1,CHEMBL1371200
C[C@]12CC[C@H]3[C@@H](CCC4=CC(=O)CC[C@@]43C)[C@@H]1CC[C@@H]2O,0,AC50 (>),4.52,1,CHEMBL386630
C[C@]12C=CC(=O)C=C1C(Cl)=C[C@@H]1[C@@H]2[C@@H](O)C[C@@]2(C)[C@H]1CC[C@]2(O)C(=O)CO,0,AC50 (>),4.52,1,CHEMBL1697832
C[C@]12CCC(=O)C[C@@H]1CC[C@@H]1[C@@H]2CC[C@]2(C)[C@@H](O)CC[C@@H]12,0,AC50 (>),4.52,1,CHEMBL27769
C[C@]12CCC(=O)C(O)=C1CC[C@@H]1[C@@H]2CC[C@]2(C)C(=O)CC[C@@H]12,0,AC50 (>),4.52,1,CHEMBL132530
C[C@]12C=CC(=O)N[C@@H]1CC[C@@H]1[C@@H]2CC[C@]2(C)[C@@H](C(=O)Nc3cc(C(F)(F)F)ccc3C(F)(F)F)CC[C@@H]12,0,AC50 (>),4.52,1,CHEMBL1200969
CC1(C)O[C@@H]2C[C@H]3[C@@H]4CCC5=CC(=O)C=C[C@]5(C)[C@@]4(F)[C@@H](O)C[C@]3(C)[C@]2(C(=O)CO)O1,0,AC50 (>),4.52,1,CHEMBL1504
C[C@]12CCC(=O)C=C1[C@@H]1C[C@@H]1[C@H]1[C@@H]3[C@@H]4C[C@@H]4[C@@]4(CCC(=O)O4)[C@@]3(C)CC[C@@H]12,0,AC50 (>),4.52,1,CHEMBL1509
C[N+](C)(C)CCOC(N)=O,0,AC50 (>),4.52,1,CHEMBL965
C[N+](C)(C)CC(=O)O,0,AC50 (>),4.52,1,CHEMBL95889
C[N+](C)(C)CCOP(=O)([O-])OC[C@H](O)CO,0,AC50 (>),4.52,1,CHEMBL1567463
C[N+](C)(C)CCOP(=O)(O)OP(=O)([O-])OC[C@H]1O[C@@H](n2ccc(N)nc2=O)[C@H](O)[C@@H]1O,0,AC50 (>),4.52,1,CHEMBL1231700
CNCC[C@@H](Oc1ccccc1C)c1ccccc1,0,AC50,4.75,1,CHEMBL641
CNCCCN1c2ccccc2CCc2ccccc21,0,AC50 (>),5.0,1,CHEMBL72
CN(CCCN1c2ccccc2CCc2ccccc21)CC(=O)c1ccc(Cl)cc1,0,AC50 (>),4.52,1,CHEMBL87708
O=C(Cc1ccc(-c2ccccc2)cc1)Nc1ccccn1,0,AC50 (>),4.52,1,CHEMBL1489662
O=P(O)(O)C(O)(Cc1cccnc1)P(=O)(O)O,0,AC50 (>),4.52,1,CHEMBL923
Nc1c(Br)cc(Br)cc1CN[C@H]1CC[C@H](O)CC1,0,AC50 (>),4.52,1,CHEMBL153479
COc1ccc([C@@H]2CC(=O)c3c(O)cc(O)cc3O2)cc1O,0,AC50 (>),4.52,1,CHEMBL399121
CC(=O)NCCCS(=O)(=O)O,0,AC50 (>),4.52,1,CHEMBL1201293
CC(=O)NC[C@H]1CN(c2ccc(N3CCOCC3)c(F)c2)C(=O)O1,0,AC50 (>),4.52,1,CHEMBL126
CC(=O)N[C@H]1[C@H]([C@H](O)[C@H](O)CO)OC(C(=O)O)=C[C@@H]1NC(=N)N,0,AC50 (>),4.52,1,CHEMBL222813
CC(=O)N[C@@H](CS)C(=O)O,0,AC50 (>),4.52,1,CHEMBL600
CCOC(=O)N1CCC(=C2c3ccc(Cl)cc3CCc3cccnc32)CC1,0,AC50 (>),4.52,1,CHEMBL998
COc1ccc(-c2cc(=S)ss2)cc1,0,AC50 (>),4.52,1,CHEMBL178862
CS(=O)(=O)c1ccc(C2=C(c3ccccc3)C(=O)OC2)cc1,0,AC50 (>),4.52,1,CHEMBL122
CS(=O)(=O)c1ccc([C@@H](O)[C@@H](CO)NC(=O)C(Cl)Cl)cc1,0,AC50 (>),4.52,1,CHEMBL1236282
CCCCCCCCCCCCCCCCOP(=O)([O-])OCC[N+](C)(C)C,0,AC50 (>),4.52,1,CHEMBL125
N[C@@H](C(=O)N[C@@H]1C(=O)N2C(C(=O)O)=C(Cl)CS[C@H]12)c1ccccc1,0,AC50 (>),4.52,1,CHEMBL680
N[C@@H](CSCC(=O)O)C(=O)O,0,AC50 (>),4.52,1,CHEMBL396416
N=C(NCCCCCCNC(=N)NC(=N)Nc1ccc(Cl)cc1)NC(=N)Nc1ccc(Cl)cc1,0,AC50 (>),5.0,1,CHEMBL790
N=C(N)Nc1ccc(C(=O)Oc2ccc3cc(C(=N)N)ccc3c2)cc1,0,AC50 (>),4.52,1,CHEMBL273264
CNC(=C[N+](=O)[O-])NCCSCc1ccc(CN(C)C)o1,0,AC50 (>),4.52,1,CHEMBL1790041
CNC(=C[N+](=O)[O-])NCCSCc1csc(CN(C)C)n1,0,AC50 (>),4.52,1,CHEMBL3183075
CN(CCOc1ccc(NS(C)(=O)=O)cc1)CCc1ccc(NS(C)(=O)=O)cc1,0,AC50 (>),4.52,1,CHEMBL473
Cc1cccc(N2CC(CO)OC2=O)c1,0,AC50 (>),4.52,1,CHEMBL18116
Cc1ccccc1N1C(=O)c2cc(S(N)(=O)=O)c(Cl)cc2NC1C,0,AC50 (>),4.52,1,CHEMBL878
Cc1ccccc1-n1c(CF)nc2ccc(N)cc2c1=O,0,AC50 (>),4.52,1,CHEMBL2105918
CC(C)(Oc1ccc(Cl)cc1)C(=O)OCCOC(=O)c1cccnc1,0,AC50 (>),4.52,1,CHEMBL358150
CC(C(O)c1ccc(O)cc1)N1CCC(Cc2ccccc2)CC1,0,AC50 (>),4.52,1,CHEMBL305187
CC(C)Oc1ccc2c(=O)c(-c3ccccc3)coc2c1,0,AC50 (>),4.52,1,CHEMBL165790
C=CCc1ccccc1OCC(O)CNC(C)C,0,AC50 (>),4.52,1,CHEMBL266195
O=C(O)CSCC(=O)NC1CCSC1=O,0,AC50 (>),4.52,1,CHEMBL1697744
CCCCNc1ccc(C(=O)OCCOCCOCCOCCOCCOCCOCCOCCOCCOC)cc1,0,AC50 (>),4.52,1,CHEMBL1374379
CC(C)(C#N)c1cc(Cn2cncn2)cc(C(C)(C)C#N)c1,0,AC50 (>),4.52,1,CHEMBL1399
CC(C)(O/N=C(\C(=O)N[C@@H]1C(=O)N2C(C(=O)[O-])=C(C[n+]3ccccc3)CS[C@H]12)c1csc(N)n1)C(=O)O,0,AC50 (>),4.52,1,CHEMBL44354
CN1C(=O)CC(C)(c2ccccc2)C1=O,0,AC50 (>),4.52,1,CHEMBL697
CN1C(=O)CCS(=O)(=O)C1c1ccc(Cl)cc1,0,AC50 (>),4.52,1,CHEMBL1200714
Cn1nnnc1SCC1=C(C(=O)O)N2C(=O)[C@@H](NC(=O)[C@H](O)c3ccccc3)[C@H]2SC1,0,AC50 (>),4.52,1,CHEMBL1146
Oc1cc(Cl)ccc1Oc1ccc(Cl)cc1Cl,0,AC50 (>),4.52,1,CHEMBL849
CC(/C=C1\SC(=S)N(CC(=O)O)C1=O)=C\c1ccccc1,0,AC50 (>),4.52,1,CHEMBL56337
CCC[C@@H]1C[C@@H](C(=O)N[C@@H]([C@H]2O[C@H](SC)[C@H](O)[C@@H](O)[C@H]2O)[C@@H](C)O)N(C)C1,0,AC50 (>),4.52,1,CHEMBL1447
COc1ccc2c(c1)[C@]13CCCC[C@@H]1[C@H](C2)N(C)CC3,0,AC50 (>),4.52,1,CHEMBL52440
O=C1CN(/N=C/c2ccc(-c3ccc([N+](=O)[O-])cc3)o2)C(=O)N1,0,AC50 (>),4.52,1,CHEMBL1201288
O=C(O[C@H]1C[C@H]2CC[C@@H](C1)[N+]21CCCC1)C(O)(c1ccccc1)c1ccccc1,0,AC50 (>),4.52,1,CHEMBL1888176
NS(=O)(=O)c1cc(C2(O)NC(=O)c3ccccc32)ccc1Cl,0,AC50 (>),4.52,1,CHEMBL1055
NS(=O)(=O)c1ccc(N2CCCCS2(=O)=O)cc1,0,AC50 (>),4.52,1,CHEMBL328560
NS(=O)(=O)c1cc(C(=O)O)cc(N2CCCC2)c1Oc1ccccc1,0,AC50 (>),4.52,1,CHEMBL349803
NS(=O)(=O)c1cc(C(=O)O)c(NCc2ccco2)cc1Cl,0,AC50 (>),4.52,1,CHEMBL35
NS(=O)(=O)c1cc(-c2nnn[nH]2)c(NCc2cccs2)cc1Cl,0,AC50 (>),4.52,1,CHEMBL1097235
O=C1c2cccc3c2[C@H](CCC3)CN1[C@@H]1CN2CCC1CC2,0,AC50 (>),4.52,1,CHEMBL1189679
CCNC(=O)CCC/C=C\C[C@@H]1[C@@H](/C=C/[C@@H](O)CCc2ccccc2)[C@H](O)C[C@@H]1O,0,AC50 (>),4.52,1,CHEMBL1200963
C#CCN(C)Cc1ccccc1,0,AC50 (>),4.52,1,CHEMBL673
CCCC(=O)N1CCCN(c2nc(N)c3cc(OC)c(OC)cc3n2)CC1,0,AC50 (>),4.52,1,CHEMBL188185
CC(C)C(=O)Nc1ccc([N+](=O)[O-])c(C(F)(F)F)c1,0,AC50 (>),4.52,1,CHEMBL806
CNCCc1ccccn1,0,AC50 (>),4.52,1,CHEMBL24441
CNCCc1ccc(OC(=O)C(C)C)c(OC(=O)C(C)C)c1,0,AC50 (>),4.52,1,CHEMBL307739
CNCCC=C1c2ccccc2CCc2ccccc21,0,AC50 (>),4.52,1,CHEMBL445
CCCNCC(O)COc1ccccc1C(=O)CCc1ccccc1,0,AC50 (>),4.52,1,CHEMBL631
CC(=O)Nc1ccc(OCC(O)CNC(C)C)cc1,0,AC50 (>),4.52,1,CHEMBL6995
CC(C)NCC(O)COc1ccc(CC(N)=O)cc1,0,AC50 (>),4.52,1,CHEMBL24
CC(C)NCC(O)COc1ccc(COCCOC(C)C)cc1,0,AC50 (>),4.52,1,CHEMBL645
C#CCN[C@@H]1CCc2ccccc21,0,AC50 (>),4.52,1,CHEMBL887
CC(C)NC(=N)NC(=N)Nc1ccc(Cl)c(Cl)c1,0,AC50 (>),4.52,1,CHEMBL1213553
CC(Oc1c(Cl)cccc1Cl)C1=NCCN1,0,AC50 (>),4.52,1,CHEMBL17860
CCOc1cc(N)c([N+](=O)[O-])cc1C(=O)NC1CCN(CC2CC=CCC2)CC1,0,AC50 (>),4.52,1,CHEMBL2104523
O=C(O)c1ccc2nc(-c3cc(Cl)cc(Cl)c3)oc2c1,0,AC50 (>),4.52,1,CHEMBL2103837
O=C(CCCCC(=O)Nc1c(I)cc(I)c(C(=O)O)c1I)Nc1c(I)cc(I)c(C(=O)O)c1I,0,AC50 (>),4.52,1,CHEMBL1165268
O=C(O)c1nn(Cc2ccc(Cl)cc2Cl)c2ccccc12,0,AC50 (>),4.52,1,CHEMBL1257030
O=C(Cc1cccs1)N[C@@H]1C(=O)N2C(C(=O)[O-])=C(C[n+]3ccccc3)CS[C@H]12,0,AC50 (>),4.52,1,CHEMBL316157
O=C(O)C1=C(CSc2nnnn2CS(=O)(=O)O)CS[C@@H]2[C@H](NC(=O)[C@H](O)c3ccccc3)C(=O)N12,0,AC50 (>),4.52,1,CHEMBL1601
O=C(O)c1cc(O)c2c3nc4ccccc4oc-3cc(=O)c2n1,0,AC50 (>),4.52,1,CHEMBL1372341
CN1CCC(=C2c3ccccc3CC(=O)c3sccc32)CC1,0,AC50 (>),4.52,1,CHEMBL534
C[n+]1ccccc1C=NO,0,AC50 (>),4.52,1,CHEMBL1420
C[N+]1(C)CCC(OC(=O)C(O)(c2ccccc2)C2CCCC2)C1,0,AC50 (>),4.52,1,CHEMBL1201027
CN1CCC[C@@H]1CCO[C@](C)(c1ccccc1)c1ccc(Cl)cc1,0,AC50 (>),4.52,1,CHEMBL1626
O=C1NCCN1CCN1CCC(c2cn(-c3ccc(F)cc3)c3ccc(Cl)cc23)CC1,0,AC50 (>),4.52,1,CHEMBL12713
NC(=O)c1cnccn1,0,AC50 (>),4.52,1,CHEMBL614
NC(=O)c1ncn([C@@H]2O[C@H](CO)[C@@H](O)[C@H]2O)c1O,0,AC50 (>),4.52,1,CHEMBL245019
NC(=O)c1cn(Cc2c(F)cccc2F)nn1,0,AC50 (>),4.52,1,CHEMBL1201754
CN[C@@H](C)[C@@H](O)c1ccccc1,0,AC50 (>),4.52,1,CHEMBL1590
C/N=C(\NC)NCc1ccccc1,0,AC50 (>),4.52,1,CHEMBL1201260
O=c1oc2ccccc2c(O)c1Cc1c(O)c2ccccc2oc1=O,0,AC50 (>),4.52,1,CHEMBL1466
OCCN1CCN(CC/C=C2/c3ccccc3Sc3ccc(Cl)cc32)CC1,0,AC50 (>),4.52,1,CHEMBL53904
OCCN1CCN(CCCN2c3ccccc3C=Cc3ccccc32)CC1,0,AC50,4.82,1,CHEMBL370753
Cc1cc(O)c(C(=O)N[C@@H](C(=O)N[C@@H]2C(=O)N3C(C(=O)O)=C(CSc4nnnn4C)CS[C@H]23)c2ccc(O)cc2)cn1,0,AC50 (>),4.52,1,CHEMBL1201204
CCOC(=O)C1=C[C@]2(CC)CCCN3CCc4c(n1c1ccccc41)[C@@H]32,0,AC50 (>),4.52,1,CHEMBL71752
CCOC(=O)c1c(CSc2ccccc2)n(C)c2cc(Br)c(O)c(CN(C)C)c12,0,AC50 (>),4.52,1,CHEMBL1214598
CN[C@]1(c2ccccc2Cl)CCCCC1=O,0,AC50 (>),4.52,1,CHEMBL395091
C=CCNc1nc(NCC=C)nc(N2CCN(C(c3ccc(F)cc3)c3ccc(F)cc3)CC2)n1,0,AC50 (>),4.52,1,CHEMBL1183717
O=C1CC2(CCCC2)CC(=O)N1CCCCN1CCN(c2ncccn2)CC1,0,AC50 (>),4.52,1,CHEMBL49
O=C1CCc2cc(OCCCCc3nnnn3C3CCCCC3)ccc2N1,0,AC50 (>),4.52,1,CHEMBL799
O=C1CCc2ccc(OCCCCN3CCN(c4cccc(Cl)c4Cl)CC3)cc2N1,0,AC50 (>),4.52,1,CHEMBL1112
C=C(CC)C(=O)c1ccc(OCC(=O)O)c(Cl)c1Cl,0,AC50 (>),4.52,1,CHEMBL456
CC(C)=CCOc1ccc(/C=C/C(=O)c2ccc(OCC=C(C)C)cc2OCC(=O)O)cc1,0,AC50 (>),4.52,1,CHEMBL1441961
Cc1cccc(C)c1NC(=O)C1CCCCN1C,0,AC50 (>),4.52,1,CHEMBL1087
Cc1cccc(C)c1NC(=O)CC12CCCN1CCC2,0,AC50 (>),4.52,1,CHEMBL163238
COc1cccc(N(C)C(=S)Oc2ccc3c(c2)CCCC3)n1,0,AC50 (>),4.52,1,CHEMBL1591365
CCOC(=O)C1=C(C)NC(C)=C(C(=O)OCC)C1c1ccccc1/C=C/C(=O)OC(C)(C)C,0,AC50 (>),4.52,1,CHEMBL460291
C[C@H](Cn1cnc2c(N)ncnc21)OCP(=O)(O)O,0,AC50 (>),4.52,1,CHEMBL483
C[C@H](CSC(=O)c1ccccc1)C(=O)N1C[C@@H](Sc2ccccc2)C[C@H]1C(=O)O,0,AC50 (>),4.52,1,CHEMBL331378
Cc1cccc(Nc2ccncc2S(=O)(=O)NC(=O)NC(C)C)c1,0,AC50 (>),4.52,1,CHEMBL1148
CC(C)(Oc1ccc(C2CC2(Cl)Cl)cc1)C(=O)O,0,AC50 (>),4.52,1,CHEMBL557555
CC(Cc1cccc(C(F)(F)F)c1)NCCOC(=O)c1ccccc1,0,AC50,4.96,1,CHEMBL400599
OCC(CO)N[C@H]1C[C@](O)(CO)[C@@H](O)[C@H](O)[C@H]1O,0,AC50 (>),4.52,1,CHEMBL476960
OC[C@H]1O[C@@H](n2cnc3c2N=CNC[C@H]3O)C[C@@H]1O,0,AC50 (>),4.52,1,CHEMBL1580
OC[C@H]1O[C@@](CO)(O[C@H]2O[C@H](CO)[C@@H](O)[C@H](O)[C@H]2O)[C@@H](O)[C@@H]1O,0,AC50 (>),4.52,1,CHEMBL253582
C#C[C@]1(O)CC[C@H]2[C@@H]3CCC4=CCCC[C@@H]4[C@H]3CC[C@@]21C,0,AC50 (>),4.52,1,CHEMBL2107431
C#C[C@]1(O)CC[C@H]2[C@@H]3CCc4cc(OC)ccc4[C@H]3CC[C@@]21C,0,AC50 (>),4.52,1,CHEMBL1201151
C#C[C@]1(O)CC[C@H]2[C@@H]3CCc4cc(OC5CCCC5)ccc4[C@H]3CC[C@@]21C,0,AC50 (>),4.52,1,CHEMBL1201165
O=C(NCC1CCCCN1)c1cc(OCC(F)(F)F)ccc1OCC(F)(F)F,0,AC50 (>),4.52,1,CHEMBL652
CC(C)(C)C(=O)Oc1ccc(S(=O)(=O)Nc2ccccc2C(=O)NCC(=O)O)cc1,0,AC50 (>),4.52,1,CHEMBL76688
CC(C)(C)C(=O)OCOP(=O)(COCCn1cnc2c(N)ncnc21)OCOC(=O)C(C)(C)C,0,AC50 (>),4.52,1,CHEMBL922
C/C(=C(\CCOP(=O)(O)O)SC(=O)c1ccccc1)N(C=O)Cc1cnc(C)nc1N,0,AC50 (>),4.52,1,CHEMBL4303665
CN(C)c1cc(CNCC(C)(C)C)c(O)c2c1C[C@H]1C[C@H]3[C@H](N(C)C)C(O)=C(C(N)=O)C(=O)[C@@]3(O)C(O)=C1C2=O,0,AC50 (>),4.52,1,CHEMBL1689772
CSCC[C@H](NC(=O)[C@H](Cc1c[nH]c2ccccc12)NC(=O)CCNC(=O)OC(C)(C)C)C(=O)N[C@@H](CC(=O)O)C(=O)N[C@@H](Cc1ccccc1)C(N)=O,0,AC50 (>),4.52,1,CHEMBL1328
COc1nc(C)nc(Cl)c1NC1=NCCN1,0,AC50 (>),4.52,1,CHEMBL19236
CNC[C@H](O)c1cccc(O)c1,0,AC50 (>),4.52,1,CHEMBL1215
CN(CCOc1ccc(CC2SC(=O)NC2=O)cc1)c1ccccn1,0,AC50 (>),4.52,1,CHEMBL121
CN(C)C(=O)COC(=O)Cc1ccc(OC(=O)c2ccc(NC(=N)N)cc2)cc1,0,AC50 (>),4.52,1,CHEMBL590799
O=C(OCc1ccccc1)c1ccccc1,0,AC50 (>),4.52,1,CHEMBL1239
O=C(O)Cc1ccc(-c2ccccc2)cc1,0,AC50 (>),4.52,1,CHEMBL413965
O=C(O)Cc1cn(-c2ccccc2)nc1-c1ccc(Cl)cc1,0,AC50 (>),4.52,1,CHEMBL1334692
O=C(O)/C=C/c1ccc(Cn2ccnc2)cc1,0,AC50 (>),4.52,1,CHEMBL11662
OC(CCN1CCCCC1)(c1ccccc1)C1CC2C=CC1C2,0,AC50 (>),5.0,1,CHEMBL1101
CC(C)n1c(/C=C/C(O)CC(O)CC(=O)O)c(-c2ccc(F)cc2)c2ccccc21,0,AC50 (>),4.52,1,CHEMBL2220442
CCCN1CC(NS(=O)(=O)N(CC)CC)CC2Cc3c(O)cccc3CC21,0,AC50 (>),4.52,1,CHEMBL2218861
Cc1c(C)c2c(c(C)c1O)CCC(C)(COc1ccc(CC3SC(=O)NC3=O)cc1)O2,0,AC50 (>),4.52,1,CHEMBL408
CC1CCc2c(N3CCC(O)CC3)c(F)cc3c(=O)c(C(=O)O)cn1c23,0,AC50 (>),4.52,1,CHEMBL363449
COC(=O)CCc1ccc(OCC(O)CNC(C)C)cc1,0,AC50 (>),4.52,1,CHEMBL768
CC(C)C[C@H](NC(=O)[C@@H](O)[C@H](N)Cc1ccccc1)C(=O)O,0,AC50 (>),4.52,1,CHEMBL29292
CCOC(=O)/C=C(C)/C=C/C=C(C)/C=C/c1c(C)cc(OC)c(C)c1C,0,AC50 (>),4.52,1,CHEMBL464
CCOC(=O)C(C)(CC)Oc1ccc(Cc2ccc(Cl)cc2)cc1,0,AC50 (>),4.52,1,CHEMBL152684
Cc1cn(-c2cc(NC(=O)c3ccc(C)c(Nc4nccc(-c5cccnc5)n4)c3)cc(C(F)(F)F)c2)cn1,0,AC50 (>),4.52,1,CHEMBL255863
N=C(N)NC(=N)NCCc1ccccc1,0,AC50 (>),4.52,1,CHEMBL170988
N=C(N)NC(=O)Cc1c(Cl)cccc1Cl,0,AC50 (>),4.52,1,CHEMBL862
Cc1ccc(C(=O)Nc2ccc(CN3CCN(C)CC3)c(C(F)(F)F)c2)cc1C#Cc1cnc2cccnn12,0,AC50 (>),4.52,1,CHEMBL1171837
Cc1ccc(/C(=C\CN2CCCC2)c2cccc(/C=C/C(=O)O)n2)cc1,0,AC50 (>),4.52,1,CHEMBL1224
Cc1ccc(/C(=C\CN2CCCC2)c2ccccn2)cc1,0,AC50 (>),4.52,1,CHEMBL855
O=C(CCCN1CCC2(CC1)C(=O)NCN2c1ccccc1)c1ccc(F)cc1,1,AC50,6.03,1,CHEMBL267930
O=C(CCCN1CCC(n2c(=O)[nH]c3ccccc32)CC1)c1ccc(F)cc1,0,AC50 (>),4.52,1,CHEMBL297302
CC1=C(C(=O)OC(C)C)C(c2cccc([N+](=O)[O-])c2)C(C(=O)OC2CN(C(c3ccccc3)c3ccccc3)C2)=C(N)N1,0,AC50 (>),4.52,1,CHEMBL1275868
CC(C)OC(=O)CCC/C=C\C[C@@H]1[C@@H](CC[C@@H](O)CCc2ccccc2)[C@H](O)C[C@@H]1O,0,AC50 (>),4.52,1,CHEMBL1051
CC(C)OC(=O)C(C(=O)OC(C)C)=C1SC=CS1,0,AC50 (>),4.52,1,CHEMBL1697754
O=C(O)c1ccccc1OP(=O)(O)O,0,AC50 (>),4.52,1,CHEMBL287275
O=C(O)c1cccnc1Nc1cccc(C(F)(F)F)c1,0,AC50 (>),4.52,1,CHEMBL63323
O=C(c1ccccc1)c1ccc2n1CCC2C(=O)O,1,AC50,8.89,1,CHEMBL469
O=C1OC(OC(=O)c2cccnc2Nc2cccc(C(F)(F)F)c2)c2ccccc21,0,AC50 (>),4.52,1,CHEMBL1081506
COCC1=C(C(=O)O)N2C(=O)[C@@H](NC(=O)/C(=N\OC)c3csc(N)n3)[C@H]2SC1,0,AC50 (>),4.52,1,CHEMBL1672
COCC1=C(C(=O)OC(C)OC(=O)OC(C)C)N2C(=O)[C@@H](NC(=O)/C(=N\OC)c3csc(N)n3)[C@H]2SC1,0,AC50 (>),4.52,1,CHEMBL1201016
COC(=O)Nc1nc2cc(C(=O)c3ccccc3)ccc2[nH]1,0,AC50 (>),4.52,1,CHEMBL685
COC(=O)N[C@H](C(=O)N1CCC[C@H]1c1ncc(-c2ccc(-c3ccc(-c4cnc([C@@H]5CCCN5C(=O)[C@@H](NC(=O)OC)C(C)C)[nH]4)cc3)cc2)[nH]1)C(C)C,0,AC50 (>),4.52,1,CHEMBL2023898
COC(=O)N[C@@H](C)CNc1nccc(-c2cn(C(C)C)nc2-c2cc(Cl)cc(NS(C)(=O)=O)c2F)n1,0,AC50 (>),4.52,1,CHEMBL3301612
CCN1C(=O)NC(c2ccccc2)C1=O,0,AC50 (>),4.52,1,CHEMBL1095
COc1cccc2c1C(=O)c1c(O)c3c(c(O)c1C2=O)C[C@@](O)(C(C)=O)C[C@@H]3O[C@H]1C[C@H](N)[C@H](O)[C@H](C)O1,0,AC50 (>),4.52,1,CHEMBL178
C1=Cc2cccc(OCC3CNCCO3)c2C1,0,AC50 (>),4.52,1,CHEMBL2105022
Nc1ccn([C@@H]2CS[C@H](CO)O2)c(=O)n1,0,AC50 (>),4.52,1,CHEMBL141
Nc1ccn([C@@H]2O[C@H](CO)[C@@H](O)[C@@H]2O)c(=O)n1,0,AC50 (>),4.52,1,CHEMBL803
Nc1nc2ccc(OC(F)(F)F)cc2s1,0,AC50 (>),4.52,1,CHEMBL744
Nc1ncn([C@H]2C[C@H](O)[C@@H](CO)O2)c(=O)n1,0,AC50 (>),4.52,1,CHEMBL1201129
Nc1nc2c(ncn2COC(CO)CO)c(=O)[nH]1,0,AC50 (>),4.52,1,CHEMBL182
CCC(C(=O)O)c1ccc(CC(C)C)cc1,0,AC50 (>),4.52,1,CHEMBL454450
CCC(C)C(CC)C(N)=O,0,AC50 (>),4.52,1,CHEMBL1075733
CCCCCCCCOc1ccccc1C(=O)Nc1ccc(C(=O)OCC[N+](C)(CC)CC)cc1,0,AC50 (>),4.52,1,CHEMBL2103773
CCc1c(C)[nH]c2c1C(=O)C(CN1CCOCC1)CC2,0,AC50 (>),4.52,1,CHEMBL460
CCC1NC(=O)c2cc(S(N)(=O)=O)c(Cl)cc2N1,0,AC50 (>),4.52,1,CHEMBL1532
COC(=O)C1=C(C)NC(C)=C(C(=O)OCCN2CCN(C(c3ccccc3)c3ccccc3)CC2)C1c1cccc([N+](=O)[O-])c1,0,AC50 (>),4.52,1,CHEMBL1085699
COC(=O)c1ccc2c(c1)NC(=O)/C2=C(\Nc1ccc(N(C)C(=O)CN2CCN(C)CC2)cc1)c1ccccc1,0,AC50 (>),4.52,1,CHEMBL502835
CC(C)(C)c1ccc(C(=O)CCCN2CCC(OC(c3ccccc3)c3ccccc3)CC2)cc1,0,AC50 (>),4.52,1,CHEMBL305660
CC(C)(Sc1cc(C(C)(C)C)c(O)c(C(C)(C)C)c1)Sc1cc(C(C)(C)C)c(O)c(C(C)(C)C)c1,0,AC50 (>),4.52,1,CHEMBL608
CC1OC2(CS1)CN1CCC2CC1,0,AC50 (>),4.52,1,CHEMBL168815
CCC1(C)CC(=O)NC1=O,0,AC50 (>),4.52,1,CHEMBL696
CCC1(c2ccc(N)cc2)CCC(=O)NC1=O,0,AC50 (>),4.52,1,CHEMBL488
CCC1(CC)C(=O)NCC(C)C1=O,0,AC50 (>),4.52,1,CHEMBL1200790
C=C[C@H]1CN2CC[C@H]1C[C@@H]2[C@@H](O)c1ccnc2ccc(OC)cc12,0,AC50 (>),4.52,1,CHEMBL1294
Cc1cccc(C(C)c2c[nH]cn2)c1C,0,AC50 (>),4.52,1,CHEMBL77921
Cc1cc(/C=C/c2ccc3cc(N(C)C)ccc3[n+]2C)c(C)n1-c1ccccc1,0,AC50 (>),5.0,1,CHEMBL1201303
O=c1c(O)c(-c2ccc(O)c(O)c2)oc2cc(O)cc(O)c12,0,AC50 (>),4.52,1,CHEMBL50
Clc1ccc(C(Cn2ccnc2)OCc2ccsc2Cl)c(Cl)c1,0,AC50 (>),4.52,1,CHEMBL1200438
Clc1ccc2nsnc2c1NC1=NCCN1,0,AC50 (>),4.52,1,CHEMBL1079
Clc1ccc(CCCOCCCN2CCCCC2)cc1,0,AC50 (>),4.52,1,CHEMBL462605
C/C=C/C[C@@H](C)[C@@H](O)[C@H]1C(=O)N[C@@H](CC)C(=O)N(C)CC(=O)N(C)[C@@H](CC(C)C)C(=O)N[C@@H](C(C)C)C(=O)N(C)[C@@H](CC(C)C)C(=O)N[C@@H](C)C(=O)N[C@H](C)C(=O)N(C)[C@@H](CC(C)C)C(=O)N(C)[C@@H](CC(C)C)C(=O)N(C)[C@@H](C(C)C)C(=O)N1C,0,AC50 (>),4.52,1,CHEMBL160
CC[C@H]1[C@@H](O)[C@@H]2[C@H](CC[C@]3(C)[C@@H]([C@H](C)CCC(=O)O)CC[C@@H]23)[C@@]2(C)CC[C@@H](O)C[C@@H]12,0,AC50 (>),4.52,1,CHEMBL566315
CC[C@H]1CN2CCc3cc(OC)c(OC)cc3[C@@H]2C[C@@H]1C[C@H]1NCCc2cc(OC)c(OC)cc21,0,AC50 (>),4.52,1,CHEMBL50588
CC[C@H]1OC(=O)[C@H](C)[C@@H](O[C@H]2C[C@@](C)(OC)[C@@H](O)[C@H](C)O2)[C@H](C)[C@@H](O[C@@H]2O[C@H](C)C[C@H](N(C)C)[C@H]2O)[C@](C)(OC)C[C@@H](C)C(=O)[C@H](C)[C@@H](O)[C@]1(C)O,0,AC50 (>),4.52,1,CHEMBL1741
CCCC(C)C1(CC)C(=O)NC(=O)NC1=O,0,AC50 (>),4.52,1,CHEMBL448
C/C=C(C(=C/C)/c1ccc(O)cc1)\c1ccc(O)cc1,0,AC50 (>),4.52,1,CHEMBL1018
CC/C(=C(/CC)c1ccc(O)cc1)c1ccc(O)cc1,0,AC50 (>),4.52,1,CHEMBL411
C=CCC1(CC(C)C)C(=O)NC(=O)NC1=O,0,AC50 (>),4.52,1,CHEMBL454
CC(CCc1ccc(O)cc1)NCCc1ccc(O)c(O)c1,0,AC50 (>),4.52,1,CHEMBL926
CCC(C)C1(CC)C(=O)NC(=O)NC1=O,0,AC50 (>),4.52,1,CHEMBL449
CCCCC1(CC)C(=O)NC(=O)NC1=O,0,AC50 (>),4.52,1,CHEMBL404422
CCOc1ccc(C[C@H]2NC(=O)CCSSC[C@@H](C(=O)N3CCC[C@H]3C(=O)N[C@@H](CCCN)C(=O)NCC(N)=O)NC(=O)[C@H](CC(N)=O)NC(=O)[C@H]([C@@H](C)O)NC(=O)[C@H]([C@@H](C)CC)NC2=O)cc1,0,AC50 (>),4.52,1,CHEMBL382301
CCOc1nc2cccc(C(=O)OC(C)OC(=O)OC3CCCCC3)c2n1Cc1ccc(-c2ccccc2-c2nn[nH]n2)cc1,0,AC50 (>),4.52,1,CHEMBL1014
CCN(CC)CC(=O)Oc1ccc(NC(C)=O)cc1,0,AC50 (>),4.52,1,CHEMBL1851805
CCN(CC)C(=O)C1(c2ccccc2)CC1CN,0,AC50 (>),4.52,1,CHEMBL259209
CCN(CC)C(=O)C1CN2CCc3cc(OC)c(OC)cc3C2CC1OC(C)=O,0,AC50 (>),4.52,1,CHEMBL1201250
CC(C)[C@H](NC(=O)[C@H](CC(=O)O)NC(=O)[C@H](CCCCN)NC(=O)[C@@H](N)CCCN=C(N)N)C(=O)N[C@@H](Cc1ccc(O)cc1)C(=O)O,0,AC50 (>),4.52,1,CHEMBL156025
CC(C)[C@H](N)C(=O)OCC(CO)OCn1cnc2c(=O)[nH]c(N)nc21,0,AC50 (>),4.52,1,CHEMBL1201314
CCCCN1CCCCC1C(=O)Nc1c(C)cccc1C,0,AC50 (>),4.52,1,CHEMBL1098
C#C[C@]1(O)CC[C@H]2[C@@H]3CCC4=CC(=O)CCC4=C3C=C[C@@]21CC,0,AC50 (>),4.52,1,CHEMBL1868702
C#C[C@]1(O)CC[C@H]2[C@@H]3CCC4=CCCC[C@@H]4[C@H]3C(=C)C[C@@]21CC,0,AC50 (>),4.52,1,CHEMBL1533
C#C[C@]1(O)CC[C@H]2[C@@H]3CCC4=CC(=O)CC[C@@H]4[C@H]3C(=C)C[C@@]21CC,0,AC50 (>),4.52,1,CHEMBL1531
C#C[C@]1(OC(C)=O)CC[C@H]2[C@@H]3CCC4=C/C(=N/O)CC[C@@H]4[C@H]3CC[C@@]21CC,0,AC50 (>),4.52,1,CHEMBL1200934
CCc1cc2c(s1)-n1c(C)nnc1CN=C2c1ccccc1Cl,0,AC50 (>),4.52,1,CHEMBL1289779
CCc1ccc(CCOc2ccc(CC3SC(=O)NC3=O)cc2)nc1,0,AC50 (>),4.52,1,CHEMBL595
C=CC1=C(C(=O)O)N2C(=O)[C@@H](NC(=O)/C(=N\OCC(=O)O)c3csc(N)n3)[C@H]2SC1,0,AC50 (>),4.52,1,CHEMBL1541
CC[C@]12CCCN3CCc4c(n(c5cc(Br)ccc45)[C@@](O)(C(=O)OC)C1)[C@@H]32,0,AC50 (>),4.52,1,CHEMBL165643
C=CCN1CCc2nc(N)sc2CC1,0,AC50 (>),4.52,1,CHEMBL279085
Nc1nc(=O)c2c([nH]1)NCC(CNc1ccc(C(=O)N[C@@H](CCC(=O)O)C(=O)O)cc1)N2C=O,0,AC50 (>),4.52,1,CHEMBL1679
Nc1nc(N)c2nc(-c3ccccc3)c(N)nc2n1,0,AC50 (>),4.52,1,CHEMBL585
Nc1nc(NC2CC2)c2ncn([C@H]3C=C[C@@H](CO)C3)c2n1,0,AC50 (>),4.52,1,CHEMBL1380
O=c1[nH]c2cc(Cl)ccc2o1,0,AC50 (>),4.52,1,CHEMBL1371
O=C1NCN(c2ccccc2)C12CCN(CCCC(c1ccc(F)cc1)c1ccc(F)cc1)CC2,0,AC50 (>),4.52,1,CHEMBL46516
CCOC(=O)c1ncn2c1CN(C)C(=O)c1cc(F)ccc1-2,0,AC50 (>),4.52,1,CHEMBL407
C[C@H](N[C@@H](CCc1ccccc1)C(=O)O)C(=O)N1CCC[C@H]1C(=O)O,0,AC50 (>),4.52,1,CHEMBL577
C[C@H](N)[C@H](O)c1cccc(O)c1,0,AC50 (>),4.52,1,CHEMBL1201319
C[C@H](N)C(=O)N[C@@H](CCC(N)=O)C(=O)O,0,AC50 (>),4.52,1,CHEMBL3707366
CC(C)[C@H]1C(=O)N2CCC[C@H]2[C@]2(O)O[C@](NC(=O)[C@@H]3C[C@@H]4c5cccc6[nH]cc(c56)C[C@H]4N(C)C3)(C(C)C)C(=O)N12,0,AC50 (>),4.52,1,CHEMBL2365712
CC(CC(c1ccccc1)c1ccccc1)NC(C)(C)C,0,AC50 (>),4.52,1,CHEMBL363295
COc1cc(N)c(Cl)cc1C(=O)NC1CCN(Cc2ccccc2)CC1,0,AC50 (>),4.52,1,CHEMBL325109
Cc1ccc(S(=O)(=O)NC(=O)N[C@H]2[C@H]3CC[C@@](C)([C@H]2O)C3(C)C)cc1,0,AC50 (>),4.52,1,CHEMBL529888
Cc1ccc(S(=O)(=O)NC(=O)NN2CCCCCC2)cc1,0,AC50 (>),4.52,1,CHEMBL817
Cc1ccc(S(=O)(=O)NC(=O)NN2CC3CCCC3C2)cc1,0,AC50 (>),4.52,1,CHEMBL427216
Cc1cc(C(C)(C)C)cc(C)c1CC1=NCCN1,0,AC50 (>),4.52,1,CHEMBL312448
CO[C@@H]1[C@@H](O[C@@H]2O[C@H](C)[C@@H](O[C@H]3C[C@@](C)(O)[C@@H](OC(=O)CC(C)C)[C@H](C)O3)[C@H](N(C)C)[C@H]2O)[C@@H](CC=O)C[C@@H](C)[C@@H](O)/C=C/C=C/C[C@@H](C)OC(=O)C[C@H]1OC(C)=O,0,AC50 (>),4.52,1,CHEMBL224436
CO[C@H]1C[C@H](O[C@H]2[C@H](C)[C@@H](O[C@@H]3O[C@H](C)C[C@H](N(C)C)[C@H]3OC(C)=O)[C@@H](C)C[C@@]3(CO3)C(=O)[C@H](C)[C@@H](OC(C)=O)[C@@H](C)[C@@H](C)OC(=O)[C@@H]2C)O[C@@H](C)[C@@H]1OC(C)=O,0,AC50 (>),4.52,1,CHEMBL564085
CCCCN1C[C@H](O)[C@@H](O)[C@H](O)[C@H]1CO,0,AC50 (>),4.52,1,CHEMBL1029
CCC(C)n1ncn(-c2ccc(N3CCN(c4ccc(OCC5COC(Cn6cncn6)(c6ccc(Cl)cc6Cl)O5)cc4)CC3)cc2)c1=O,0,AC50 (>),4.52,1,CHEMBL64391
CC(C)CC(N(C)C)C1(c2ccc(Cl)cc2)CCC1,0,AC50 (>),4.52,1,CHEMBL1419
C[C@@H](O[C@H]1OCCN(Cc2n[nH]c(=O)[nH]2)[C@H]1c1ccc(F)cc1)c1cc(C(F)(F)F)cc(C(F)(F)F)c1,0,AC50 (>),4.52,1,CHEMBL1471
CC1(C)S[C@@H]2[C@H](NC(=O)C(C(=O)O)c3ccccc3)C(=O)N2[C@H]1C(=O)O,0,AC50 (>),4.52,1,CHEMBL1214
CC1=C(C(=O)O)N2C(=O)[C@@H](NC(=O)[C@H](N)c3ccccc3)[C@H]2SC1,0,AC50 (>),4.52,1,CHEMBL1727
CC1=C(C(=O)O)N2C(=O)[C@@H](NC(=O)[C@H](N)C3=CCC=CC3)[C@H]2SC1,0,AC50 (>),4.52,1,CHEMBL1604
CC1(C)S[C@@H]2[C@H](NC(=O)[C@H](N)c3ccccc3)C(=O)N2[C@H]1C(=O)OCOC(=O)[C@@H]1N2C(=O)C[C@H]2S(=O)(=O)C1(C)C,0,AC50 (>),4.52,1,CHEMBL506110
CC1=C(C(=O)O)N2C(=O)[C@@H](NC(=O)[C@H](N)c3ccc(O)cc3)[C@H]2SC1,0,AC50 (>),4.52,1,CHEMBL1644
CC1(C)S[C@@H]2[C@H](NC(=O)[C@H](N)c3ccc(O)cc3)C(=O)N2[C@H]1C(=O)O,0,AC50 (>),4.52,1,CHEMBL1082
COc1ccccc1OCCNCC(O)c1ccc(C)c(S(N)(=O)=O)c1,0,AC50 (>),4.52,1,CHEMBL152231
COc1ccccc1OCC(O)CN1CCN(CC(=O)Nc2c(C)cccc2C)CC1,0,AC50 (>),4.52,1,CHEMBL1404
COc1ccc(C(=O)N2CCN(c3ccc4c(c3)CCC(=O)N4)CC2)cc1OC,0,AC50 (>),4.52,1,CHEMBL17423
COc1ccc(C(=O)NCc2ccc(OCCN(C)C)cc2)cc1OC,0,AC50 (>),4.52,1,CHEMBL2107457
COc1cc(C(=O)OCc2cccc(COC(=O)c3cc(OC)c(OC)c(OC)c3)n2)cc(OC)c1OC,0,AC50 (>),4.52,1,CHEMBL2106888
CC(=O)O[C@@]12CO[C@@H]1C[C@H](O)[C@@]1(C)C(=O)[C@H](O)C3=C(C)[C@@H](OC(=O)[C@H](O)[C@@H](NC(=O)OC(C)(C)C)c4ccccc4)C[C@@](O)([C@@H](OC(=O)c4ccccc4)[C@H]21)C3(C)C,0,AC50 (>),4.52,1,CHEMBL92
CC(=O)Oc1ccccc1C(=O)Nc1ncc([N+](=O)[O-])s1,0,AC50 (>),4.52,1,CHEMBL1401
CC(=O)Oc1cccc2c1C(=O)c1c(OC(C)=O)cc(C(=O)O)cc1C2=O,0,AC50 (>),4.52,1,CHEMBL41286
CC(=O)O[C@H]1C[C@@H]2CC[C@@H]3[C@H](CC[C@@]4(C)[C@H]3C[C@H]([N+]3(C)CCCCC3)[C@@H]4OC(C)=O)[C@@]2(C)C[C@@H]1[N+]1(C)CCCCC1,0,AC50 (>),4.52,1,CHEMBL185073
CC(=O)O[C@]1(C(C)=O)CC[C@H]2[C@@H]3C=C(C)C4=CC(=O)CC[C@@H]4[C@H]3CC[C@@]21C,0,AC50 (>),4.52,1,CHEMBL1476022
CC(=O)OCC1=C(C(=O)O)N2C(=O)[C@@H](NC(=O)Cc3cccs3)[C@H]2SC1,0,AC50 (>),4.52,1,CHEMBL617
CC(=O)OCC1=C(C(=O)O)N2C(=O)[C@@H](NC(=O)CSc3ccncc3)[C@H]2SC1,0,AC50 (>),4.52,1,CHEMBL1599
OC1(c2ccc(Cl)cc2)c2ccccc2C2=NCCN21,0,AC50,4.8,1,CHEMBL781
Oc1ccc2c(c1)CC[C@H](c1ccccc1)[C@@H]2c1ccc(OCCN2CCCC2)cc1,0,AC50 (>),4.52,1,CHEMBL328190
CCN1CC(CCN2CCOCC2)C(c2ccccc2)(c2ccccc2)C1=O,0,AC50 (>),4.52,1,CHEMBL1754
CCn1cc(C(=O)O)c(=O)c2cc(F)c(N3CCN(C)CC3)cc21,0,AC50 (>),4.52,1,CHEMBL267648
CCn1cc(C(=O)O)c(=O)c2cc(F)c(N3CCNC(C)C3)c(F)c21,0,AC50 (>),4.52,1,CHEMBL561
CC[N+](C)(C)Cc1ccccc1Br,0,AC50 (>),4.52,1,CHEMBL1199080
CCN(CC)Cc1cc(Nc2ccnc3cc(Cl)ccc23)ccc1O,0,AC50,4.96,1,CHEMBL682
CCN(CC)Cc1nccn1-c1ccc([N+](=O)[O-])cc1C(=O)c1ccccc1Cl,0,AC50 (>),4.52,1,CHEMBL2106822
CC[N+](CC)(CC)CCOc1cccc(OCC[N+](CC)(CC)CC)c1OCC[N+](CC)(CC)CC,0,AC50 (>),4.52,1,CHEMBL360055
CCN(CC)CCCN(c1ccccc1)C1Cc2ccccc2C1,0,AC50 (>),4.52,1,CHEMBL1213033
NCC(=O)CCC(=O)O,0,AC50 (>),4.52,1,CHEMBL601
N[C@@H](Cc1cc(I)c(Oc2cc(I)c(O)c(I)c2)c(I)c1)C(=O)O,0,AC50 (>),4.52,1,CHEMBL1624
COc1cc2nc(N3CCN(C(=O)C4CCCO4)CC3)nc(N)c2cc1OC,0,AC50 (>),4.52,1,CHEMBL611
COc1cc2nc(N3CCN(C(=O)c4ccco4)CC3)nc(N)c2cc1OC,0,AC50 (>),4.52,1,CHEMBL2
COc1cc2nc(N3CCN(C(=O)C4COc5ccccc5O4)CC3)nc(N)c2cc1OC,0,AC50 (>),4.52,1,CHEMBL707
COc1cc2nc(N(C)CCCNC(=O)C3CCCO3)nc(N)c2cc1OC,0,AC50 (>),4.52,1,CHEMBL709
COc1ccc2cccc(CCNC(C)=O)c2c1,0,AC50 (>),4.52,1,CHEMBL10878
COc1ccc2cc(CCC(C)=O)ccc2c1,0,AC50 (>),4.52,1,CHEMBL1070
COc1c(C)c2c(c(O)c1C/C=C(\C)CCC(=O)OCCN1CCOCC1)C(=O)OC2,0,AC50 (>),4.52,1,CHEMBL1456
COc1ccc2[nH]cc(CCNC(C)=O)c2c1,0,AC50 (>),4.52,1,CHEMBL45
O=C(CCCCCCC(=O)Nc1ccccc1)NO,0,AC50 (>),4.52,1,CHEMBL98
O=C(C[S+]([O-])C(c1ccccc1)c1ccccc1)NO,0,AC50 (>),4.52,1,CHEMBL93077
CN1[C@@H]2CC[C@H]1C[C@@H](OC(=O)[C@H](CO)c1ccccc1)C2,0,AC50 (>),4.52,1,CHEMBL1331216
Cn1cnc2c1c(=O)[nH]c(=O)n2C,0,AC50 (>),4.52,1,CHEMBL1114
CC(C)C[C@H](NC(=O)[C@H](Cc1ccccc1)NC(=O)c1cnccn1)B(O)O,0,AC50 (>),4.52,1,CHEMBL325041
CC(C)C[C@H](NC(=O)[C@@H](Cc1cccc2ccccc12)NC(=O)[C@H](Cc1ccc(O)cc1)NC(=O)[C@H](CO)NC(=O)[C@H](Cc1c[nH]c2ccccc12)NC(=O)[C@H](Cc1cnc[nH]1)NC(=O)[C@@H]1CCC(=O)N1)C(=O)N[C@@H](CCCNC(=N)N)C(=O)N1CCC[C@H]1C(=O)NCC(N)=O,0,AC50 (>),4.52,1,CHEMBL1201309
COc1ccc(Cc2nccc3cc(OC)c(OC)cc23)cc1OC,0,AC50 (>),4.52,1,CHEMBL19224
COCCOC(=O)C1=C(C)NC(C)=C(C(=O)OC/C=C/c2ccccc2)C1c1cccc([N+](=O)[O-])c1,0,AC50 (>),4.52,1,CHEMBL452076
CO[C@H]1/C=C/O[C@@]2(C)Oc3c(C)c(O)c4c(O)c(c(/C=N/N5CCN(C)CC5)c(O)c4c3C2=O)NC(=O)/C(C)=C\C=C\[C@H](C)[C@H](O)[C@@H](C)[C@@H](O)[C@@H](C)[C@H](OC(C)=O)[C@@H]1C,0,AC50 (>),4.52,1,CHEMBL374478
C=CC[C@@H]1/C=C(\C)C[C@H](C)C[C@H](OC)[C@H]2O[C@@](O)(C(=O)C(=O)N3CCCC[C@H]3C(=O)O[C@H](/C(C)=C/[C@@H]3CC[C@@H](O)[C@H](OC)C3)[C@H](C)[C@@H](O)CC1=O)[C@H](C)C[C@@H]2OC,0,AC50 (>),4.52,1,CHEMBL269732
Oc1cc(O)c(Cl)cn1,0,AC50 (>),4.52,1,CHEMBL1730601
COC(=O)C1=C(C)NC(C)=C(C(=O)OC(C)C)C1c1cccc2nonc12,0,AC50 (>),4.52,1,CHEMBL1648
COC(=O)C1=C(C)NC(C)=C(C(=O)OCC(C)C)C1c1ccccc1[N+](=O)[O-],0,AC50 (>),4.52,1,CHEMBL1726
COC(=O)C1=C(C#N)NC(C)=C(C(=O)OC(C)C)C1c1cccc([N+](=O)[O-])c1,0,AC50 (>),4.52,1,CHEMBL517427
CC1(C)NC(=O)N(c2ccc([N+](=O)[O-])c(C(F)(F)F)c2)C1=O,0,AC50 (>),4.52,1,CHEMBL1274
Cc1cn[nH]c1,0,AC50 (>),4.52,1,CHEMBL1308
Cc1c(C(=O)NN2CCCCC2)nn(-c2ccc(Cl)cc2Cl)c1-c1ccc(Cl)cc1,0,AC50 (>),4.52,1,CHEMBL111
Cc1c(O)c(=O)ccn1C,0,AC50 (>),4.52,1,CHEMBL70927
COc1ccc(/C=C/C(=O)Nc2ccccc2C(=O)O)cc1OC,0,AC50 (>),4.52,1,CHEMBL415324
Cc1cccc(N(C)C(=S)Oc2ccc3ccccc3c2)c1,0,AC50 (>),4.52,1,CHEMBL83668
CCCCCCCCCCCC[N+](C)(C)CCOc1ccccc1,0,AC50 (>),4.52,1,CHEMBL1187011
N#Cc1ccc(C2CCCc3cncn32)cc1,0,AC50 (>),4.52,1,CHEMBL9298
N#Cc1ccccc1-c1cc(-c2ccccn2)cn(-c2ccccc2)c1=O,0,AC50 (>),4.52,1,CHEMBL1214124
NC[C@H]1CC[C@H](C(=O)Oc2ccc(CCC(=O)O)cc2)CC1,0,AC50 (>),4.52,1,CHEMBL1187445
CC(=O)Oc1cc(C(C)C)c(OCCN(C)C)cc1C,0,AC50 (>),4.52,1,CHEMBL159226
Cc1cc2cc3c(C)cc(=O)oc3c(C)c2o1,0,AC50 (>),4.52,1,CHEMBL1475
Cc1cc2nc3c(=O)[nH]c(=O)nc-3n(C[C@H](O)[C@H](O)[C@H](O)COP(=O)(O)O)c2cc1C,0,AC50 (>),4.52,1,CHEMBL1201794
CCc1nc(N)nc(N)c1-c1ccc(Cl)cc1,0,AC50 (>),4.52,1,CHEMBL36
CCC1(c2ccccc2)NC(=O)N(C)C1=O,0,AC50 (>),4.52,1,CHEMBL861
CC[C@]1(O)C[C@@H]2CN(CCc3c([nH]c4ccccc34)[C@@](C(=O)OC)(c3cc4c(cc3OC)N(C)[C@H]3[C@@](O)(C(N)=O)[C@H](O)[C@]5(CC)C=CCN6CC[C@]43[C@@H]65)C2)C1,0,AC50 (>),4.52,1,CHEMBL238071
CCc1cccc2c3c([nH]c12)C(CC)(CC(=O)O)OCC3,0,AC50 (>),4.52,1,CHEMBL622
N/N=c1/cc2c(n[nH]1)CCN(C(=O)c1ccccc1)C2,0,AC50 (>),4.52,1,CHEMBL254193
NNC(=O)c1ccncc1,0,AC50 (>),4.52,1,CHEMBL64
NS(=O)(=O)c1cc2c(cc1C(F)(F)F)NCNS2(=O)=O,0,AC50 (>),4.52,1,CHEMBL1763
NS(=O)(=O)c1cc2c(cc1Cl)NC(CC1CCCC1)NS2(=O)=O,0,AC50 (>),4.52,1,CHEMBL1373254
NS(=O)(=O)c1cc2c(cc1Cl)N=C(CSCc1ccccc1)NS2(=O)=O,0,AC50 (>),4.52,1,CHEMBL1201039
O=C(O)CCCc1ccccc1,0,AC50 (>),4.52,1,CHEMBL1469
O=C(O)CCCCCCCC(=O)O,0,AC50 (>),4.52,1,CHEMBL1238
O=C(O)CCCCCCNC1c2ccccc2CCc2ccccc21,0,AC50 (>),4.52,1,CHEMBL418995
O=C(O)CCC(=O)c1ccc(-c2ccccc2)cc1,0,AC50 (>),4.52,1,CHEMBL277522
CC(C)C(=O)c1c(C(C)C)nn2ccccc12,0,AC50 (>),4.52,1,CHEMBL19449
CC(C)COCC(CN(Cc1ccccc1)c1ccccc1)N1CCCC1,0,AC50,4.77,1,CHEMBL1008
CC(C)(CO)[C@@H](O)C(=O)NCCC(=O)[O-],0,AC50 (>),4.52,1,CHEMBL1901349
Clc1ccc2c(N3CCN(CCCN4CCN(c5ccnc6cc(Cl)ccc56)CC4)CC3)ccnc2c1,0,AC50 (>),4.52,1,CHEMBL303933
CC(C)c1nc(N(C)S(C)(=O)=O)nc(-c2ccc(F)cc2)c1/C=C/[C@@H](O)C[C@@H](O)CC(=O)O,0,AC50 (>),4.52,1,CHEMBL1496
CC(C)c1cc2c(cc1S(=O)(=O)O)[C@@]1(C)CCC[C@@](C)(C(=O)O)[C@@H]1CC2,0,AC50 (>),4.52,1,CHEMBL2104585
CC(C)c1ccc2oc3nc(N)c(C(=O)O)cc3c(=O)c2c1,0,AC50 (>),4.52,1,CHEMBL1096
CC=CC1=C(C(=O)O)N2C(=O)[C@@H](NC(=O)[C@H](N)c3ccc(O)cc3)[C@H]2SC1,0,AC50 (>),4.52,1,CHEMBL3301800
CC(C(=O)O)c1ccc(N2Cc3ccccc3C2=O)cc1,0,AC50 (>),4.52,1,CHEMBL15870
CC(C(=O)O)c1ccc2oc(-c3ccc(Cl)cc3)nc2c1,0,AC50 (>),4.52,1,CHEMBL340978
CC(C(=O)O)c1ccc(-c2ccccc2)c(F)c1,0,AC50 (>),4.52,1,CHEMBL563
CC(C(=O)O)c1ccc(CC2CCCC2=O)cc1,0,AC50 (>),4.52,1,CHEMBL19299
CC(C(=O)O)c1ccc2c(c1)CC(=O)c1ccccc1S2,0,AC50 (>),4.52,1,CHEMBL1765291
CCC(=O)O[C@]1(C(=O)CCl)[C@@H](C)C[C@H]2[C@@H]3CCC4=CC(=O)C=C[C@]4(C)[C@@]3(F)[C@@H](O)C[C@@]21C,0,AC50 (>),4.52,1,CHEMBL1159650
CCC(=O)O[C@]1(C(=O)SCF)[C@H](C)C[C@H]2[C@@H]3C[C@H](F)C4=CC(=O)C=C[C@]4(C)[C@@]3(F)[C@@H](O)C[C@@]21C,0,AC50 (>),4.52,1,CHEMBL1473
CCC(=O)O[C@](Cc1ccccc1)(c1ccccc1)[C@H](C)CN(C)C,1,AC50,6.77,1,CHEMBL1213351
CCC(=O)O[C@H](CC(=O)O)C[N+](C)(C)C,0,AC50 (>),4.52,1,CHEMBL1516469
CCC(=O)OCC(=O)[C@@]1(OC(=O)CC)[C@@H](C)C[C@H]2[C@@H]3CCC4=CC(=O)C=C[C@]4(C)[C@@]3(F)[C@@H](O)C[C@@]21C,0,AC50 (>),4.52,1,CHEMBL1200384
CCC(=O)OCC(=O)[C@@]1(OC(=O)CC)[C@H](C)C[C@H]2[C@H]3[C@H]([C@@H](O)C[C@@]21C)[C@@]1(C)C=CC(=O)C=C1C[C@H]3Cl,0,AC50 (>),4.52,1,CHEMBL1200989
CCC(=O)O[C@@H]1CC(=O)O[C@H](C)C/C=C/C=C/[C@H](O)[C@H](C)C[C@H](CC=O)[C@H](O[C@@H]2O[C@H](C)[C@@H](O[C@H]3C[C@@](C)(O)[C@@H](OC(=O)CC)[C@H](C)O3)[C@H](N(C)C)[C@H]2O)[C@H]1OC,0,AC50 (>),4.52,1,CHEMBL444963
CCC(=O)O[C@@H](O[P@](=O)(CCCCc1ccccc1)CC(=O)N1C[C@H](C2CCCCC2)C[C@H]1C(=O)O)C(C)C,0,AC50 (>),4.52,1,CHEMBL3039598
COc1ccc(-c2ccc3cc(C(=O)O)ccc3c2)cc1C12CC3CC(CC(C3)C1)C2,0,AC50 (>),4.52,1,CHEMBL1265
COc1ccc(C2C(=O)c3ccccc3C2=O)cc1,0,AC50 (>),4.52,1,CHEMBL712
O=C1C(CC[S+]([O-])c2ccccc2)C(=O)N(c2ccccc2)N1c1ccccc1,0,AC50 (>),4.52,1,CHEMBL832
CCC(=O)[C@@]1(C)[C@H](C)C[C@H]2[C@@H]3CCC4=CC(=O)C=C[C@]4(C)[C@H]3[C@@H](O)C[C@@]21C,0,AC50 (>),4.52,1,CHEMBL1200617
CCCO[C@H]1[C@@H]([C@@H](COCc2ccc(Cl)cc2)OCc2ccc(Cl)cc2)OC(OCC)[C@@H]1O,0,AC50 (>),4.52,1,CHEMBL3989839
CCCCC[C@H](O)/C=C/[C@H]1[C@H](O)CC(=O)[C@@H]1C/C=C\CCCC(=O)O,0,AC50 (>),4.52,1,CHEMBL548
CCCCC[C@H](O)/C=C/[C@H]1[C@H](O)CC(=O)[C@@H]1CCCCCCC(=O)O,0,AC50 (>),4.52,1,CHEMBL495
CCCCC[C@H](O)CC[C@@H]1[C@H]2Cc3cccc(OCC(=O)O)c3C[C@H]2C[C@H]1O,0,AC50 (>),4.52,1,CHEMBL1237119
CC(=O)Nc1ccc(CC(=O)O)cc1,0,AC50 (>),4.52,1,CHEMBL1885632
CC(=O)Nc1c(I)c(NC(C)=O)c(I)c(C(=O)O)c1I,0,AC50 (>),4.52,1,CHEMBL1201220
CC(=O)/N=c1/sc(S(N)(=O)=O)nn1C,0,AC50 (>),4.52,1,CHEMBL19
CCCN(CCC)CCc1cccc2c1CC(=O)N2,0,AC50 (>),4.52,1,CHEMBL589
CCCN(CC)C(CC)C(=O)Nc1c(C)cccc1C,0,AC50 (>),4.52,1,CHEMBL492
CC(C)[N+](C)(CCC(C(N)=O)(c1ccccc1)c1ccccc1)C(C)C,0,AC50 (>),4.52,1,CHEMBL1201232
CCC(NC(C)C)C(O)c1ccc(O)c(O)c1,0,AC50 (>),4.52,1,CHEMBL1201213
CCCN(CCC)C(=O)Cc1c(-c2ccc(Cl)cc2)nc2ccc(Cl)cn12,0,AC50 (>),4.52,1,CHEMBL54349
CCCN(CCC)C(=O)C(CCC(=O)O)NC(=O)c1ccccc1,0,AC50 (>),4.52,1,CHEMBL316561
CC(C)N(CCCCOCC(=O)NS(C)(=O)=O)c1cnc(-c2ccccc2)c(-c2ccccc2)n1,0,AC50 (>),4.52,1,CHEMBL238804
CC(C)N(CCCCOCC(=O)O)c1cnc(-c2ccccc2)c(-c2ccccc2)n1,0,AC50 (>),4.52,1,CHEMBL239226
CCCNC(C)C(=O)Nc1ccccc1C,0,AC50 (>),4.52,1,CHEMBL1194
CCCOc1ccc(C(=O)OCCN(CC)CC)cc1N,0,AC50 (>),4.52,1,CHEMBL1196
O=S1(=O)CCN(CN2CCS(=O)(=O)NC2)CN1,0,AC50 (>),4.52,1,CHEMBL2105420
NCCCC[C@H](NC(=O)[C@@H]1CCCN1C(=O)[C@@H]1CSSC[C@H](NC(=O)CNC(=O)CNC(=O)CN)C(=O)N[C@@H](Cc2ccc(O)cc2)C(=O)N[C@@H](Cc2ccccc2)C(=O)N[C@@H](CCC(N)=O)C(=O)N[C@@H](CC(N)=O)C(=O)N1)C(=O)NCC(N)=O,0,AC50 (>),4.52,1,CHEMBL2135460
NCCCC(N)(C(=O)O)C(F)F,0,AC50 (>),4.52,1,CHEMBL830
N=C(N)NCCCCCCC(=O)NC(O)C(=O)NCCCCNCCCN,0,AC50 (>),4.52,1,CHEMBL406117
NCCCNCCSP(=O)(O)O,0,AC50 (>),4.52,1,CHEMBL1006
COCCCOc1cc(C[C@@H](C[C@H](N)[C@@H](O)C[C@H](C(=O)NCC(C)(C)C(N)=O)C(C)C)C(C)C)ccc1OC,0,AC50 (>),4.52,1,CHEMBL1639
OC[C@H]1O[C@@H](Oc2cc(O)cc(/C=C/c3ccc(O)cc3)c2)[C@H](O)[C@@H](O)[C@@H]1O,0,AC50 (>),4.52,1,CHEMBL142652
CN1C(=O)C(O)N=C(c2ccccc2Cl)c2cc(Cl)ccc21,0,AC50 (>),4.52,1,CHEMBL22097
Cn1cc(C(=O)[C@@H]2CCc3[nH]cnc3C2)c2ccccc21,0,AC50 (>),4.52,1,CHEMBL1643895
Cc1cccc(C)c1OCC(C)N,0,AC50 (>),4.52,1,CHEMBL558
CC1=C(C)C(=O)C(C(CCCCCC(=O)O)c2ccccc2)=C(C)C1=O,0,AC50 (>),4.52,1,CHEMBL70972
CCOC(=O)NNc1ccc(N(CC)CC(C)O)nn1,0,AC50 (>),4.52,1,CHEMBL2106561
CCOC(=O)Oc1ccc(CCNC(=O)[C@H](CCSC)NC(C)=O)cc1OC(=O)OCC,0,AC50 (>),4.52,1,CHEMBL2106351
CCOC(=O)O[C@]1(C(=O)COC(=O)CC)CC[C@H]2[C@@H]3CCC4=CC(=O)C=C[C@]4(C)[C@H]3[C@@H](O)C[C@@]21C,0,AC50 (>),4.52,1,CHEMBL1200386
CCOC(=O)O[C@]1(C(=O)OCCl)CC[C@H]2[C@@H]3CCC4=CC(=O)C=C[C@]4(C)[C@H]3[C@@H](O)C[C@@]21C,0,AC50 (>),4.52,1,CHEMBL1200865
CCOC(=O)OC(C)OC1=C(C(=O)Nc2ccccn2)N(C)S(=O)(=O)c2ccccc21,0,AC50 (>),4.52,1,CHEMBL1566249
CCOC(=O)OC(C)OC(=O)[C@@H]1N2C(=O)[C@@H](NC(=O)[C@H](N)c3ccccc3)[C@H]2SC1(C)C,0,AC50 (>),4.52,1,CHEMBL1583
CC1(C)S[C@@H]2[C@H](NC(=O)[C@H](NC(=O)N3CCNC3=O)c3ccccc3)C(=O)N2[C@H]1C(=O)O,0,AC50 (>),4.52,1,CHEMBL1537
c1ccc(C2(N3CCCCC3)CCCCC2)cc1,0,AC50 (>),4.52,1,CHEMBL275528
c1ccc(-c2ccc(C(c3ccccc3)n3ccnc3)cc2)cc1,0,AC50 (>),4.52,1,CHEMBL277535
CCCCOC(=O)c1ccc(N)cc1,0,AC50 (>),4.52,1,CHEMBL127516
CCCCOC(=O)C(=O)Nc1cccc(-c2nnn[nH]2)c1,0,AC50 (>),4.52,1,CHEMBL564109
CO/N=C(\C(=O)N[C@@H]1C(=O)N2C(C(=O)O)=CCS[C@H]12)c1csc(N)n1,0,AC50 (>),4.52,1,CHEMBL528
CO/N=C(\C(=O)N[C@@H]1C(=O)N2C(C(=O)O)=C(CSc3nnnn3C)CS[C@H]12)c1csc(N)n1,0,AC50 (>),4.52,1,CHEMBL1201224
CO/N=C(\C(=O)N[C@@H]1C(=O)N2C(C(=O)[O-])=C(C[n+]3cccc4c3CCC4)CS[C@H]12)c1csc(N)n1,0,AC50 (>),4.52,1,CHEMBL65794
CO/N=C(\C(=O)N[C@@H]1C(=O)N2C(C(=O)O)=C(COC(C)=O)CS[C@H]12)c1csc(N)n1,0,AC50 (>),4.52,1,CHEMBL1730
CO/N=C(\C(=O)N[C@@H]1C(=O)N2C(C(=O)O)=C(COC(N)=O)CS[C@H]12)c1ccco1,0,AC50 (>),4.52,1,CHEMBL1436
CO/N=C(\C(=O)N[C@@H]1C(=O)N2C(C(=O)OCOC(=O)C(C)(C)C)=C(C)CS[C@H]12)c1csc(N)n1,0,AC50 (>),4.52,1,CHEMBL4303443
CO/N=C(\C(=O)N[C@@H]1C(=O)N2C(C(=O)[O-])=C(C[N+]3(C)CCCC3)CS[C@H]12)c1csc(N)n1,0,AC50 (>),4.52,1,CHEMBL186
CO/N=C(\C(=O)N[C@@H]1C(=O)N2C(C(=O)[O-])=C(C[n+]3ccc(N)n3CCO)CS[C@H]12)c1csc(N)n1,0,AC50 (>),4.52,1,CHEMBL2105940
CO/N=C(\C(=O)N[C@@H]1C(=O)N2C(C(=O)O)=C(CSc3nc(C)c(CC(=O)O)s3)CS[C@H]12)c1csc(N)n1,0,AC50 (>),4.52,1,CHEMBL2303613
CO/N=C(\C(=O)N[C@@H]1C(=O)N2C(C(=O)O)=C(CSc3nc(=O)c(O)nn3C)CS[C@H]12)c1csc(N)n1,0,AC50 (>),4.52,1,CHEMBL161
CO/N=C(\C(=O)N[C@@H]1C(=O)N2C(C(=O)[O-])=C(C[n+]3ccn4ncccc43)CS[C@H]12)c1nsc(N)n1,0,AC50 (>),4.52,1,CHEMBL1276663
O=C(NCCNCC(O)COc1ccc(O)cc1)N1CCOCC1,0,AC50 (>),4.52,1,CHEMBL75753
OCCN(CCO)c1nc(N2CCCCC2)c2nc(N(CCO)CCO)nc(N3CCCCC3)c2n1,0,AC50 (>),4.52,1,CHEMBL932
CCCCCCCC(=O)CC[C@@H]1[C@@H](C/C=C\CCCC(=O)O)[C@@H](O)C[C@H]1O,0,AC50 (>),4.52,1,CHEMBL1201407
CCCC(CCC)C(=O)O[C@H]1C[C@H]2CC[C@@H](C1)[N+]2(C)C,0,AC50 (>),4.52,1,CHEMBL1186610
CC1=C(/C=C/C(C)=C/C=C/C(C)=C/C(=O)Oc2c(C)c(C)c3c(c2C)CCC(C)(CCCC(C)CCCC(C)CCCC(C)C)O3)C(C)(C)CCC1,0,AC50 (>),4.52,1,CHEMBL2218871
C=C1/C(=C\C=C2/CCC[C@]3(C)[C@@H]([C@H](C)CCCC(C)C)CC[C@@H]23)C[C@@H](O)C[C@@H]1O,0,AC50 (>),4.52,1,CHEMBL1601669
CCCCCCCN(CC)CCCC(O)c1ccc(NS(C)(=O)=O)cc1,0,AC50 (>),4.52,1,CHEMBL533
CC(=O)c1ccc2c(c1)N(CCCN1CCC(CCO)CC1)c1ccccc1S2,0,AC50 (>),4.52,1,CHEMBL1584
CC(=O)[C@@]1(O)CC[C@H]2[C@@H]3C=C(Cl)C4=CC(=O)[C@@H]5C[C@@H]5[C@]4(C)[C@H]3CC[C@@]21C,0,AC50 (>),4.52,1,CHEMBL142130
CC(=O)[C@]1(O)Cc2c(O)c3c(c(O)c2[C@@H](O[C@H]2C[C@H](N)[C@H](O)[C@H](C)O2)C1)C(=O)c1ccccc1C3=O,0,AC50 (>),4.52,1,CHEMBL1117
COC(=O)[C@H]1[C@H]2C[C@@H]3c4[nH]c5cc(OC)ccc5c4CCN3C[C@H]2C[C@@H](OC(=O)c2cc(OC)c(OC)c(OC)c2)[C@@H]1OC,0,AC50 (>),4.52,1,CHEMBL772
COC(=O)[C@H]1[C@H]2C[C@@H]3c4[nH]c5cc(OC)ccc5c4CCN3C[C@H]2C[C@@H](OC(=O)/C=C/c2cc(OC)c(OC)c(OC)c2)[C@@H]1OC,0,AC50 (>),4.52,1,CHEMBL1668
COC(=O)[C@H](c1ccccc1Cl)N1CCc2sccc2C1,0,AC50 (>),4.52,1,CHEMBL1771
CC(C)(C)c1ccc(CN2CCN(C(c3ccccc3)c3ccc(Cl)cc3)CC2)cc1,0,AC50 (>),4.52,1,CHEMBL1201271
CC(C)(C)CC(C)(C)c1ccc(OCCOCC[N+](C)(C)Cc2ccccc2)cc1,0,AC50 (>),4.52,1,CHEMBL1182210
CC1=C(/C=C/C(C)=C/C=C/C(C)=C/CO)C(C)(C)CCC1,0,AC50 (>),4.52,1,CHEMBL986
CCCCCCC(C)(C)c1cc(O)c2c(c1)OC(C)(C)C1CCC(=O)CC21,0,AC50 (>),4.52,1,CHEMBL2218896
CC(C)=CCC/C(C)=C/C=C/C(C)=C/C=C/C(C)=C/C=C/C=C(C)/C=C/C=C(C)/C=C/C=C(\C)CCC=C(C)C,0,AC50 (>),4.52,1,CHEMBL501174
CCCCCCCCCCCCCCCCCCCCCC(=O)Nc1ccn([C@@H]2O[C@H](CO)[C@@H](O)[C@@H]2O)c(=O)n1,0,AC50 (>),4.52,1,CHEMBL2106589
CC/C=C\C/C=C\C/C=C\C/C=C\C/C=C\CCCC(=O)OCC,0,AC50 (>),4.52,1,CHEMBL2095209
CC/C=C\C/C=C\C/C=C\CCCCCCCC(=O)O,0,AC50 (>),4.52,1,CHEMBL8739
CC(=O)OCC(=O)[C@@]12N=C(C)O[C@@H]1C[C@H]1[C@@H]3CCC4=CC(=O)C=C[C@]4(C)[C@H]3[C@@H](O)C[C@@]12C,0,AC50 (>),4.52,1,CHEMBL1201891
CC(=O)OCC(=O)[C@@]12OC3(CCCC3)O[C@@H]1C[C@H]1[C@@H]3CCC4=CC(=O)C=C[C@]4(C)[C@@]3(F)[C@@H](O)C[C@@]12C,0,AC50 (>),4.52,1,CHEMBL1200732
CC(=O)OCC(=O)[C@@]1(O)CC[C@H]2[C@@H]3CCC4=CC(=O)CC[C@]4(C)[C@@]3(F)[C@@H](O)C[C@@]21C,0,AC50 (>),4.52,1,CHEMBL1201010
CC(=O)OCC(=O)[C@@]1(O)CC[C@H]2[C@@H]3CCC4=CC(=O)CC[C@]4(C)[C@H]3C(=O)C[C@@]21C,0,AC50 (>),4.52,1,CHEMBL1650
CC(=O)OCC(=O)NCCCOc1cccc(CN2CCCCC2)c1,0,AC50 (>),4.52,1,CHEMBL46102
CC(=O)O[C@H]1CC[C@@]2(C)C(=CC[C@@H]3[C@@H]2CC[C@]2(C)C(c4cccnc4)=CC[C@@H]32)C1,0,AC50 (>),4.52,1,CHEMBL271227
C=C[C@@]1(C)CC(=O)[C@]2(O)[C@@]3(C)[C@@H](O)CCC(C)(C)[C@@H]3[C@H](O)[C@H](OC(C)=O)[C@@]2(C)O1,0,AC50 (>),4.52,1,CHEMBL52606
C=C[C@@]1(C)CC(=O)[C@]2(O)[C@@]3(C)[C@@H](O)CCC(C)(C)[C@@H]3[C@H](OC(=O)CCN(C)C)[C@H](OC(C)=O)[C@@]2(C)O1,0,AC50 (>),4.52,1,CHEMBL4303178
CC(=O)O[C@H]1C[C@@H]2CC[C@@H]3[C@H](CC[C@@]4(C)[C@H]3C[C@H]([N+]3(C)CCCCC3)[C@@H]4OC(C)=O)[C@@]2(C)C[C@@H]1N1CCCCC1,0,AC50 (>),4.52,1,CHEMBL1201219
CC(=O)O[C@H](CC(=O)[O-])C[N+](C)(C)C,0,AC50 (>),4.52,1,CHEMBL1697733
O=C(C1CCCCC1)N1CC(=O)N2CCc3ccccc3C2C1,0,AC50 (>),4.52,1,CHEMBL976
CN1CCN(c2c(F)cc3c(=O)c(C(=O)O)cn4c3c2SCC4)CC1,0,AC50 (>),4.52,1,CHEMBL295619
CN1CCN(c2c(F)cc3c(=O)c(C(=O)O)cn(CCF)c3c2F)CC1,0,AC50 (>),4.52,1,CHEMBL6273
CN1CCN(C2=Nc3ccccc3Oc3ccc(Cl)cc32)CC1,0,AC50 (>),4.52,1,CHEMBL831
CN1CCN(C2=Nc3ccccc3Sc3ccc(Cl)cc32)CC1,0,AC50,4.96,1,CHEMBL304902
O=C(NCCN1CCOCC1)c1ccc(Cl)cc1,0,AC50 (>),4.52,1,CHEMBL86304
COc1cc(OC)c(C(=O)CCCN2CCCC2)c(OC)c1,0,AC50 (>),4.52,1,CHEMBL188921
CCN(CC)C(=O)Nc1ccc(OCC(O)CNC(C)(C)C)c(C(C)=O)c1,0,AC50 (>),4.52,1,CHEMBL27810
CCN(CC)C(=O)N[C@H]1C[C@@H]2c3cccc4[nH]cc(c34)C[C@H]2N(C)C1,0,AC50 (>),4.52,1,CHEMBL73151
CCN(CCO)CCCC(C)Nc1ccnc2cc(Cl)ccc12,0,AC50 (>),4.52,1,CHEMBL1535
Cc1cc(C)c(NC(=O)CN(CC(=O)O)CC(=O)O)c(C)c1Br,0,AC50 (>),4.52,1,CHEMBL1605443
Cc1cc(CC(=O)O)n(C)c1C(=O)c1ccc(Cl)cc1,0,AC50 (>),4.52,1,CHEMBL19490
COc1ccc(C(=O)N2CCCC2=O)cc1,0,AC50 (>),4.52,1,CHEMBL36994
COc1ccc2c(c1)c(CC(=O)OCC(=O)O)c(C)n2C(=O)c1ccc(Cl)cc1,0,AC50 (>),4.52,1,CHEMBL189171
COc1ccc2c(c1)C(=O)N(CCc1ccc(S(=O)(=O)NC(=O)NC3CCCCC3)cc1)C(=O)C2(C)C,0,AC50 (>),4.52,1,CHEMBL383634
O=C(Nc1c(Cl)cncc1Cl)c1ccc(OC(F)F)c(OCC2CC2)c1,0,AC50 (>),4.52,1,CHEMBL193240
NC[C@H]1CC[C@H](C(=O)O)CC1,0,AC50 (>),4.52,1,CHEMBL877
N#C[C@@H]1CCCN1C(=O)CNC12CC3CC(CC(O)(C3)C1)C2,0,AC50 (>),4.52,1,CHEMBL142703
N#C[C@@H]1C[C@@H]2C[C@@H]2N1C(=O)[C@@H](N)C12CC3CC(CC(O)(C3)C1)C2,0,AC50 (>),4.52,1,CHEMBL385517
NC[C@H]1O[C@H](O[C@H]2[C@H](O)[C@@H](O[C@H]3O[C@H](CO)[C@@H](O)[C@H](N)[C@H]3O)[C@H](N)C[C@@H]2N)[C@H](O)[C@@H](O)[C@@H]1O,0,AC50 (>),4.52,1,CHEMBL1384
NC[C@H](O)c1ccc(O)c(O)c1,0,AC50 (>),4.52,1,CHEMBL1437
N[C@@H](Cn1ccc(=O)c(O)c1)C(=O)O,0,AC50 (>),4.52,1,CHEMBL245416
NCCNCCNCCN,0,AC50 (>),4.52,1,CHEMBL609
CN(C)/N=N/c1[nH]cnc1C(N)=O,0,AC50 (>),4.52,1,CHEMBL476
CNC(=N)NC(=O)Nc1c(C)cccc1C,0,AC50 (>),4.52,1,CHEMBL448416
CNC(=O)c1ccc(N2C(=S)N(c3ccc(C#N)c(C(F)(F)F)c3)C(=O)C2(C)C)cc1F,0,AC50 (>),4.52,1,CHEMBL1082407
CNC(=O)c1cc(Oc2ccc(NC(=O)Nc3ccc(Cl)c(C(F)(F)F)c3)cc2)ccn1,0,AC50 (>),4.52,1,CHEMBL1336
COc1ccc(-c2nc3cc(C4=NNC(=O)CC4C)ccc3[nH]2)cc1,0,AC50 (>),4.52,1,CHEMBL24646
CN(C)CCOC1=Cc2ccccc2Sc2ccc(Cl)cc21,0,AC50 (>),4.52,1,CHEMBL285802
CN(C)CCOC(c1ccccc1)c1ccccc1,0,AC50,4.64,1,CHEMBL657
CN(C)CCOC(c1ccc(Cl)cc1)c1ccccn1,0,AC50 (>),4.52,1,CHEMBL864
CN(C)CCOCC(=O)NC12CC3CC(CC(C3)C1)C2,0,AC50 (>),4.52,1,CHEMBL3989506
CN(C)CCOC(=O)C(c1ccccc1)C1(O)CCCC1,0,AC50 (>),4.52,1,CHEMBL1201338
OC(c1cc(C(F)(F)F)nc2c(C(F)(F)F)cccc12)C1CCCCN1,0,AC50 (>),4.52,1,CHEMBL416956
COc1ccccc1N1CCN(CC(O)COc2cccc3ccccc23)CC1,0,AC50,4.58,1,CHEMBL142635
Cc1nnc(SCC2=C(C(=O)O)N3C(=O)[C@@H](NC(=O)Cn4cnnn4)[C@H]3SC2)s1,0,AC50 (>),4.52,1,CHEMBL1435
C[C@]1(O)CC[C@H]2[C@@H]3CCC4=CC(=O)CC[C@]4(C)[C@@]3(F)[C@@H](O)C[C@@]21C,0,AC50 (>),4.52,1,CHEMBL1445
C[C@]12CCC(=O)C=C1CC[C@@H]1[C@@H]2CC[C@@]2(C)[C@H]1CC[C@]2(C)O,0,AC50 (>),4.52,1,CHEMBL1395
C[C@]12C/C(=C/O)C(=O)C[C@@H]1CC[C@@H]1[C@@H]2CC[C@@]2(C)[C@H]1CC[C@]2(C)O,0,AC50 (>),4.52,1,CHEMBL1200585
COc1cc(C(=O)NC2CCCNC2)cc(OC)c1OC,0,AC50 (>),4.52,1,CHEMBL1566956
COc1cc(C(=O)NCc2ccc(OCCN(C)C)cc2)cc(OC)c1OC,0,AC50 (>),4.52,1,CHEMBL1201256
COc1cc([C@@H]2c3cc4c(cc3[C@@H](O[C@@H]3O[C@@H]5CO[C@@H](C)O[C@H]5[C@H](O)[C@H]3O)[C@H]3COC(=O)[C@H]23)OCO4)cc(OC)c1O,0,AC50 (>),4.52,1,CHEMBL44657
OC[C@@H](O)[C@@H](O[C@@H]1O[C@H](CO)[C@H](O)[C@H](O)[C@H]1O)[C@H](O)[C@@H](O)CO,0,AC50 (>),4.52,1,CHEMBL1661
OC[C@@H](O)CN1CCN(c2ccccc2)CC1,0,AC50 (>),4.52,1,CHEMBL1288810
O=C(OCCN1CCOCC1)c1cccnc1Nc1cccc(C(F)(F)F)c1,0,AC50 (>),4.52,1,CHEMBL2105059
O=C(O)CCn1c2c(c3ccccc31)C[C@H](NS(=O)(=O)c1ccc(F)cc1)CC2,0,AC50 (>),4.52,1,CHEMBL361812
O=C(O)CCNC(=O)c1ccccc1,0,AC50 (>),4.52,1,CHEMBL1231530
O=C(O)CCNC(=O)c1ccc(/N=N/c2ccc(O)c(C(=O)O)c2)cc1,0,AC50 (>),4.52,1,CHEMBL1201346
O=C1CC[C@@H](C(=O)N2CSC[C@H]2C(=O)O)N1,0,AC50 (>),4.52,1,CHEMBL1488165
COC(=O)C1=C(C)NC(C)=C(C(=O)OC(C)(C)CN(C)CCC(c2ccccc2)c2ccccc2)C1c1cccc([N+](=O)[O-])c1,0,AC50 (>),4.52,1,CHEMBL250270
COC(=O)C1=C(C)NC(C)=C(C(=O)OC2CCCN(Cc3ccccc3)C2)C1c1cccc([N+](=O)[O-])c1,0,AC50 (>),4.52,1,CHEMBL2074972
CN1CCCN=C1/C=C/c1cccc(O)c1,0,AC50 (>),4.52,1,CHEMBL1240977
CN1CCCN=C1COC(=O)C(O)(c1ccccc1)C1CCCCC1,0,AC50 (>),4.52,1,CHEMBL1495
C[N@+]1(CCF)[C@@H]2CC[C@H]1C[C@@H](OC(=O)C(O)(c1ccccc1)c1ccccc1)C2,0,AC50 (>),4.52,1,CHEMBL5292015
C[N+]1(C)[C@@H]2C[C@@H](OC(=O)C(O)(c3cccs3)c3cccs3)C[C@H]1[C@@H]1O[C@@H]12,0,AC50 (>),4.52,1,CHEMBL3545181
C=CC[N+]1([C@H]2C[C@H]3[C@@H]4CC[C@H]5C[C@H](O)[C@@H](N6CCOCC6)C[C@]5(C)[C@H]4CC[C@]3(C)[C@H]2OC(C)=O)CCCC1,0,AC50 (>),4.52,1,CHEMBL1201244
C=CCN1CCCC1CNC(=O)c1cc(S(N)(=O)=O)cc(OC)c1OC,0,AC50 (>),4.52,1,CHEMBL2105581
CCCN1CCCC[C@H]1C(=O)Nc1c(C)cccc1C,0,AC50 (>),4.52,1,CHEMBL1077896
C=CC[N@@+]12CC[C@@]34c5ccccc5N5/C=C6/[C@H]7C[C@H]8[C@@]9(CC[N@@+]8(CC=C)C/C7=C/CO)c7ccccc7N(/C=C(/[C@@H](C[C@@H]31)/C(=C\CO)C2)[C@H]54)[C@@H]69,0,AC50 (>),4.52,1,CHEMBL3305985
COc1cc2c(N)nc(N3CCN(C(=O)OCC(C)(C)O)CC3)nc2c(OC)c1OC,0,AC50 (>),4.52,1,CHEMBL513301
COc1cc2/c(=N/c3ccc(Br)cc3F)nc[nH]c2cc1OCC1CCN(C)CC1,0,AC50 (>),4.52,1,CHEMBL24828
COc1cc2ncnc(Nc3ccc(F)c(Cl)c3)c2cc1OCCCN1CCOCC1,0,AC50 (>),4.52,1,CHEMBL939
COc1ccc(CCN(C)CCCC(C#N)(c2cc(OC)c(OC)c(OC)c2)C(C)C)cc1OC,0,AC50 (>),4.52,1,CHEMBL51149
COc1ccccc1N1CCN(CCCNc2cc(=O)n(C)c(=O)n2C)CC1,0,AC50 (>),4.52,1,CHEMBL279229
CCCCCNC(=N)N/N=C/c1c[nH]c2ccc(OC)cc12,0,AC50 (>),4.52,1,CHEMBL76370
CCCCCCNC(=O)n1cc(F)c(=O)[nH]c1=O,0,AC50 (>),4.52,1,CHEMBL460499
CCCCCCOc1ccccc1C(N)=O,0,AC50 (>),4.52,1,CHEMBL1405973
CCCCC(C)(O)C/C=C/[C@H]1[C@H](O)CC(=O)[C@@H]1CCCCCCC(=O)OC,0,AC50 (>),4.52,1,CHEMBL606
CCCC(C)(COC(N)=O)COC(N)=O,0,AC50 (>),4.52,1,CHEMBL979
CCCCCCOC(=O)CCC(=O)CN,0,AC50 (>),4.52,1,CHEMBL1201784
CN1CCN=C(c2ccccc2)c2cc(Cl)ccc21,0,AC50 (>),4.52,1,CHEMBL28333
CN1C(C(=O)Nc2ccccn2)=C(O)c2ccccc2S1(=O)=O,0,AC50 (>),4.52,1,CHEMBL527
CN1C(C(=O)Nc2ccccn2)=C(O)c2sccc2S1(=O)=O,0,AC50 (>),4.52,1,CHEMBL302795
Cn1c(=O)c2c(ncn2CC2OCCO2)n(C)c1=O,0,AC50 (>),4.52,1,CHEMBL1527608
Cn1c(=O)c2c(ncn2CCOC(=O)C(C)(C)Oc2ccc(Cl)cc2)n(C)c1=O,0,AC50 (>),4.52,1,CHEMBL1318939
Cc1ccc(-c2nc3ccc(C)cn3c2CC(=O)N(C)C)cc1,0,AC50 (>),4.52,1,CHEMBL911
CCOC(=O)n1ccn(C)c1=S,0,AC50 (>),4.52,1,CHEMBL508102
CCOC(=O)[N-]c1c[n+](N2CCOCC2)no1,0,AC50 (>),4.52,1,CHEMBL1329455
CCOC(=O)Nc1ccc(NCc2ccc(F)cc2)nc1N,0,AC50 (>),4.52,1,CHEMBL255044
CCN1CCN(C(=O)N[C@@H](C(=O)N[C@@H]2C(=O)N3C(C(=O)O)=C(CSc4nnnn4C)CS[C@H]23)c2ccc(O)cc2)C(=O)C1=O,0,AC50 (>),4.52,1,CHEMBL507674
Cc1ccc(-n2nccn2)c(C(=O)N2CCN(c3nc4cc(Cl)ccc4o3)CC[C@H]2C)c1,0,AC50 (>),4.52,1,CHEMBL1083659
CCOC(=O)[C@H](CCc1ccccc1)N[C@H]1CCc2ccccc2N(CC(=O)O)C1=O,0,AC50 (>),4.52,1,CHEMBL838
CCOC(=O)[C@H](CCc1ccccc1)N[C@H]1CCCN2CCC[C@@H](C(=O)O)N2C1=O,0,AC50 (>),4.52,1,CHEMBL515606
CCOC(=O)[C@H](CCc1ccccc1)N[C@@H](C)C(=O)N1C(=O)N(C)C[C@H]1C(=O)O,0,AC50 (>),4.52,1,CHEMBL317094
COc1ccc(C(Cl)=C(c2ccc(OC)cc2)c2ccc(OC)cc2)cc1,0,AC50 (>),4.52,1,CHEMBL1200761
O=C1CN=C(c2ccccc2)c2cc([N+](=O)[O-])ccc2N1,0,AC50 (>),4.52,1,CHEMBL13209
O=C(NCCO[N+](=O)[O-])c1cccnc1,0,AC50 (>),4.52,1,CHEMBL284906
O=P1(NCCCl)OCCCN1CCCl,0,AC50 (>),4.52,1,CHEMBL1024
CC[C@@H](CO)NC(=O)[C@@H]1C=C2c3cccc4[nH]cc(c34)C[C@H]2N(C)C1,0,AC50 (>),4.52,1,CHEMBL1201356
CCC(C(=O)O)c1ccc(N2Cc3ccccc3C2=O)cc1,0,AC50 (>),4.52,1,CHEMBL1765292
Nc1nc(/C(=C/CC(=O)O)C(=O)N[C@@H]2C(=O)N3C(C(=O)O)=CCS[C@H]23)cs1,0,AC50 (>),4.52,1,CHEMBL1605
Nc1nc(F)nc2c1ncn2[C@@H]1O[C@H](COP(=O)(O)O)[C@@H](O)[C@@H]1O,0,AC50 (>),4.52,1,CHEMBL1096882
Nc1ncnc2c1ncn2[C@@H]1O[C@H](CO)[C@@H](O)[C@H]1O,0,AC50 (>),4.52,1,CHEMBL477
Nc1ncnc2c1ncn2[C@@H]1O[C@H](COP(=O)(O)O)[C@@H](O)[C@H]1O,0,AC50 (>),4.52,1,CHEMBL752
Nc1[nH]cnc2ncnc1-2,0,AC50 (>),4.52,1,CHEMBL226345
Nc1nc(N)nc(-c2cc(Cl)ccc2Cl)n1,0,AC50 (>),4.52,1,CHEMBL136497
NC1=NC(=O)C(c2ccccc2)O1,0,AC50 (>),4.52,1,CHEMBL1177
Nc1nc(=O)[nH]cc1F,0,AC50 (>),4.52,1,CHEMBL1463
Nc1nc(=O)n([C@@H]2CS[C@H](CO)O2)cc1F,0,AC50 (>),4.52,1,CHEMBL885
C[C@](N)(Cc1ccc(O)c(O)c1)C(=O)O,0,AC50 (>),4.52,1,CHEMBL459
CCc1cc(C(N)=S)ccn1,0,AC50 (>),4.52,1,CHEMBL1441
CCCCCC(=O)O[C@]1(C(C)=O)CC[C@H]2[C@@H]3CCC4=CC(=O)CC[C@]4(C)[C@H]3CC[C@@]21C,0,AC50 (>),4.52,1,CHEMBL1200848
NC(=O)N[C@@H](CCC(=O)O)C(=O)O,0,AC50 (>),4.52,1,CHEMBL1201780
NC(=O)OC[C@@H]1[C@H](NC(=O)/C(=N\OCC(=O)O)c2csc(N)n2)C(=O)N1S(=O)(=O)O,0,AC50 (>),4.52,1,CHEMBL1614658
CCOc1ccccc1OC(c1ccccc1)C1CNCCO1,0,AC50 (>),4.52,1,CHEMBL14370
CC(=O)c1ccc(S(=O)(=O)NC(=O)NC2CCCCC2)cc1,0,AC50 (>),4.52,1,CHEMBL1589
Cc1cccc(C)c1NC(=O)CN1CCN(CCCC(c2ccc(F)cc2)c2ccc(F)cc2)CC1,0,AC50 (>),4.52,1,CHEMBL92870
CC(C)(C)NC[C@H](O)COc1nsnc1N1CCOCC1,0,AC50 (>),4.52,1,CHEMBL499
CC(C)(C)NCC(O)c1ccccc1Cl,0,AC50 (>),4.52,1,CHEMBL1159717
CC(C)(C)NCC(O)c1cc(Cl)c(N)c(Cl)c1,0,AC50 (>),4.52,1,CHEMBL49080
CC(C)(C)NCC(O)COc1ccccc1C#N,0,AC50 (>),4.52,1,CHEMBL418134
CCCCN(CCCC)CCC(O)c1cc2c(Cl)cc(Cl)cc2c2cc(C(F)(F)F)ccc12,0,AC50 (>),4.52,1,CHEMBL1107
C#CCOc1ccc(N)cc1C(=O)NCCCC,0,AC50 (>),4.52,1,CHEMBL2107094
CC(C)(C)NC(=O)[C@@H]1C[C@@H]2CCCC[C@@H]2CN1C[C@@H](O)[C@H](Cc1ccccc1)NC(=O)[C@H](CC(N)=O)NC(=O)c1ccc2ccccc2n1,0,AC50 (>),4.52,1,CHEMBL114
CC(C)(C)NC(=O)[C@H]1CC[C@H]2[C@@H]3CC[C@H]4NC(=O)C=C[C@]4(C)[C@H]3CC[C@]12C,0,AC50 (>),4.52,1,CHEMBL710
O=C(Cn1ccnc1[N+](=O)[O-])NCc1ccccc1,0,AC50 (>),4.52,1,CHEMBL110
O=C1OCCN1/N=C/c1ccc([N+](=O)[O-])o1,0,AC50 (>),4.52,1,CHEMBL1103
O=C(Nc1ccc([N+](=O)[O-])cc1Cl)c1cc(Cl)ccc1O,0,AC50 (>),4.52,1,CHEMBL1448
COc1ccc(CCNCC(O)COc2cccc(C)c2)cc1OC,0,AC50 (>),4.52,1,CHEMBL314010
COc1ccc(CN2CCNCC2)c(OC)c1OC,0,AC50 (>),4.52,1,CHEMBL203266
COc1ccc(C(=O)c2ccccc2)c(O)c1,0,AC50 (>),4.52,1,CHEMBL1625
Cc1ccc(=O)n(-c2ccccc2)c1,0,AC50 (>),4.52,1,CHEMBL1256391
CC1(C)[C@@H](OC(=O)CCC(=O)O)CC[C@]2(C)[C@H]3C(=O)C=C4[C@@H]5C[C@@](C)(C(=O)O)CC[C@]5(C)CC[C@@]4(C)[C@]3(C)CC[C@@H]12,0,AC50 (>),4.52,1,CHEMBL499915
Cc1c(Cl)cccc1Nc1ccccc1C(=O)O,0,AC50 (>),4.52,1,CHEMBL121626
CN(c1nccc(=O)[nH]1)C1CCN(c2nc3ccccc3n2Cc2ccc(F)cc2)CC1,0,AC50 (>),4.52,1,CHEMBL94454
CNc1cc(OC)c(C(=O)NC2CCN(Cc3ccccc3)C2C)cc1Cl,0,AC50 (>),4.52,1,CHEMBL20734
CN[C@@H]1[C@H](O[C@H]2[C@H](O[C@H]3[C@H](O)[C@@H](O)[C@H](N=C(N)N)[C@@H](O)[C@@H]3N=C(N)N)O[C@@H](C)[C@]2(O)C=O)O[C@@H](CO)[C@H](O)[C@H]1O,0,AC50 (>),4.52,1,CHEMBL372795
Cc1ccc2c(-c3ccccc3)nc(=O)n(C(C)C)c2c1,0,AC50 (>),4.52,1,CHEMBL268501
CC(C)/N=c1\cc2n(-c3ccc(Cl)cc3)c3ccccc3nc-2cc1Nc1ccc(Cl)cc1,0,AC50 (>),4.52,1,CHEMBL1292
Cc1cc(C)nc(NS(=O)(=O)c2ccc(N)cc2)n1,0,AC50 (>),4.52,1,CHEMBL446
C[C@H]1C[C@@H]2[C@H]([C@@H](O)C[C@@]3(C)[C@H]2CC[C@]3(O)C(=O)COC(=O)CCC(=O)O)[C@@]2(C)C=CC(=O)C=C12,0,AC50 (>),4.52,1,CHEMBL1201265
C#C[C@]1(O)CC[C@H]2[C@@H]3[C@H](C)CC4=C(CCC(=O)C4)[C@H]3CC[C@@]21C,0,AC50 (>),4.52,1,CHEMBL2103774
C[C@H]1C[C@@H]2[C@H]([C@@H](O)C[C@@]3(C)[C@H]2CC[C@]3(O)C(=O)CO)[C@@]2(C)C=CC(=O)C=C12,0,AC50 (>),4.52,1,CHEMBL650
C[C@H]1O[C@H](O[C@H]2[C@H](O)[C@@H](O)[C@@H](O[C@H]3[C@H](O)[C@@H](O)C(O)O[C@@H]3CO)O[C@@H]2CO)[C@H](O)[C@@H](O)[C@@H]1N[C@H]1C=C(CO)[C@@H](O)[C@H](O)[C@H]1O,0,AC50 (>),4.52,1,CHEMBL404271
C[C@@H]1C[C@H]2[C@@H]3CCC4=CC(=O)C=C[C@]4(C)[C@@]3(F)[C@@H](O)C[C@]2(C)[C@@]1(O)C(=O)CO,0,AC50 (>),4.52,1,CHEMBL384467
CCCC[C@H](C)C[C@H](O)/C=C/[C@H]1[C@H](O)CC(=O)[C@@H]1CCCC/C=C/C(=O)O,0,AC50 (>),4.52,1,CHEMBL2107456
CC(C)C[C@H](CN)CC(=O)O,0,AC50 (>),4.52,1,CHEMBL1059
Cc1oc(=O)oc1CN1CCN(c2cc3c(cc2F)c(=O)c(C(=O)O)c2n3C(C)S2)CC1,0,AC50 (>),4.52,1,CHEMBL422648
Cc1cc2c(OCC(CNC(C)(C)C)OC(=O)c3ccccc3)cccc2[nH]1,0,AC50 (>),4.52,1,CHEMBL357995
Oc1ccc(CCNCCCCCCNCCc2ccccc2)cc1O,0,AC50 (>),4.52,1,CHEMBL77622
O=C1C(O)=C([C@H]2CC[C@H](c3ccc(Cl)cc3)CC2)C(=O)c2ccccc21,0,AC50 (>),4.52,1,CHEMBL1450
Brc1c(NC2=NCCN2)ccc2nccnc12,0,AC50 (>),4.52,1,CHEMBL844
c1ccc([C@H]2CN3CCSC3=N2)cc1,0,AC50 (>),4.52,1,CHEMBL1454
NC(=O)C(c1ccccc1)(c1ccccc1)[C@@H]1CCN(CCc2ccc3c(c2)CCO3)C1,1,AC50,6.0,1,CHEMBL1346
NC(=O)CN1CCCC1=O,0,AC50 (>),4.52,1,CHEMBL36715
NC(=O)CN1CC(O)CC1=O,0,AC50 (>),4.52,1,CHEMBL36633
COC(=O)[C@H]1[C@@H](OC(=O)c2ccccc2)C[C@@H]2CC[C@H]1N2C,0,AC50 (>),4.52,1,CHEMBL370805
COc1cc(NS(C)(=O)=O)ccc1Nc1c2ccccc2nc2ccccc12,0,AC50 (>),4.52,1,CHEMBL43
CC[C@@H](C(N)=O)N1CCCC1=O,0,AC50 (>),4.52,1,CHEMBL1286
CCC(C)(Oc1ccc(C2(c3ccc(OC(C)(CC)C(=O)O)cc3)CCCCC2)cc1)C(=O)O,0,AC50 (>),4.52,1,CHEMBL1897738
CCCCOc1cc(C(=O)OCCN(CC)CC)ccc1N,0,AC50 (>),4.52,1,CHEMBL1200
CCN1CCCC1CNC(=O)c1cc(S(=O)(=O)CC)ccc1OC,0,AC50 (>),4.52,1,CHEMBL277945
CCN1CCCC1CNC(=O)c1cc(S(=O)(=O)CC)c(N)cc1OC,0,AC50 (>),4.52,1,CHEMBL243712
CC[N+]1(C)CCCC(OC(=O)C(O)(c2ccccc2)c2ccccc2)C1,0,AC50 (>),4.52,1,CHEMBL1619528
CCN1CCC[C@H]1CNC(=O)c1c(OC)ccc(Br)c1OC,0,AC50 (>),4.52,1,CHEMBL22242
CCCCCOC(=O)Nc1nc(=O)n([C@@H]2O[C@H](C)[C@@H](O)[C@H]2O)cc1F,0,AC50 (>),4.52,1,CHEMBL1773
Cc1nc(=O)c2cc(CN(C)c3ccc(C(=O)N[C@@H](CCC(=O)O)C(=O)O)s3)ccc2[nH]1,0,AC50 (>),4.52,1,CHEMBL225071
CC[C@@H](CO)NCCN[C@@H](CC)CO,0,AC50 (>),4.52,1,CHEMBL44884
CCC(NC(C)C)C(O)c1ccc(O)c2[nH]c(=O)ccc12,0,AC50 (>),4.52,1,CHEMBL160519
Nc1nc(Cl)nc2c1ncn2[C@H]1C[C@H](O)[C@@H](CO)O1,0,AC50 (>),4.52,1,CHEMBL1619
Nc1nc(Cl)nc2c1ncn2[C@@H]1O[C@H](CO)[C@@H](O)[C@@H]1F,0,AC50 (>),4.52,1,CHEMBL1750
CS(=O)(=O)OCCCCOS(C)(=O)=O,0,AC50 (>),4.52,1,CHEMBL820
Fc1ccc(C(c2ccccc2)(c2ccccc2F)n2ccnc2)cc1,0,AC50 (>),4.52,1,CHEMBL2107430
Fc1ccc([C@@H]2CCNC[C@H]2COc2ccc3c(c2)OCO3)cc1,0,AC50 (>),4.52,1,CHEMBL490
C[C@@H]1O[C@@H](O[C@@H]2C=C3CC[C@@H]4[C@H](CC[C@]5(C)[C@@H](c6ccc(=O)oc6)CC[C@]45O)[C@@]3(C)CC2)[C@H](O)[C@H](O)[C@H]1O,0,AC50 (>),4.52,1,CHEMBL600325
C=C1/C(=C\C=C2/CCC[C@]3(C)[C@@H]([C@H](C)CCCC(C)(C)O)CC[C@@H]23)C[C@@H](O)C[C@@H]1O,0,AC50 (>),4.52,1,CHEMBL846
C=C1/C(=C\C=C2/CCC[C@]3(C)[C@@H]([C@H](C)/C=C/[C@@H](O)C4CC4)CC[C@@H]23)C[C@@H](O)C[C@@H]1O,0,AC50 (>),4.52,1,CHEMBL1200666
O=C(O)c1ccccc1Nc1cccc(C(F)(F)F)c1,0,AC50 (>),4.52,1,CHEMBL23588
O=C(O)c1ccccc1Nc1cc(Cl)ccc1C(=O)O,0,AC50 (>),4.52,1,CHEMBL1986706
O=C(O)c1cc(-c2ccc(F)cc2F)ccc1O,0,AC50 (>),4.52,1,CHEMBL898
CC1=CC(=O)c2ccccc2C1=O,0,AC50 (>),4.52,1,CHEMBL590
COc1ccc2nc3cc(Cl)ccc3c(Nc3cc(CN4CCCC4)c(O)c(CN4CCCC4)c3)c2n1,0,AC50 (>),4.52,1,CHEMBL35228
COc1ccc(CC2c3cc(OC)c(OC)cc3CC[N+]2(C)CCC(=O)OCCCCCOC(=O)CC[N+]2(C)CCc3cc(OC)c(OC)cc3C2Cc2ccc(OC)c(OC)c2)cc1OC,0,AC50 (>),4.52,1,CHEMBL1360
Clc1ccc(CCC(Cn2ccnc2)Sc2c(Cl)cccc2Cl)cc1,0,AC50 (>),4.52,1,CHEMBL1295
Clc1ccc(C(Cn2ccnc2)OCc2c(Cl)cccc2Cl)c(Cl)c1,0,AC50 (>),4.52,1,CHEMBL1571863
Clc1ccc(COC(Cn2ccnc2)c2ccc(Cl)cc2Cl)cc1,0,AC50 (>),4.52,1,CHEMBL808
Clc1ccc(CSC(Cn2ccnc2)c2ccc(Cl)cc2Cl)cc1,0,AC50 (>),4.52,1,CHEMBL1221
Clc1ccc(C(Cn2ccnc2)OCc2ccc(Sc3ccccc3)cc2)c(Cl)c1,0,AC50 (>),4.52,1,CHEMBL1651990
Clc1ccc(C(c2ccccc2Cl)C(Cl)Cl)cc1,0,AC50 (>),4.52,1,CHEMBL1670
C[N+]12CCC(CC1)C(OC(=O)C(O)(c1ccccc1)c1ccccc1)C2,0,AC50 (>),4.52,1,CHEMBL620
CN1[C@@H]2CC[C@H]1C[C@@H](OC(=O)c1c[nH]c3ccccc13)C2,0,AC50 (>),4.52,1,CHEMBL56564
CN1[C@@H]2C[C@@H](OC(=O)[C@H](CO)c3ccccc3)C[C@H]1[C@@H]1O[C@@H]12,0,AC50 (>),4.52,1,CHEMBL569713
Cc1cccn2c(=O)c(-c3nnn[nH]3)cnc12,0,AC50 (>),4.52,1,CHEMBL1201198
COc1cc(N)cn[n+]1-c1ccccc1,0,AC50 (>),4.52,1,CHEMBL2106667
COC1=CC(=O)C[C@@H](C)[C@]12Oc1c(Cl)c(OC)cc(OC)c1C2=O,0,AC50 (>),4.52,1,CHEMBL562
COC1=C(OC)C(=O)C(C/C=C(\C)CC/C=C(\C)CC/C=C(\C)CC/C=C(\C)CC/C=C(\C)CC/C=C(\C)CC/C=C(\C)CC/C=C(\C)CC/C=C(\C)CCC=C(C)C)=C(C)C1=O,0,AC50 (>),4.52,1,CHEMBL454801
CCc1ccc(C(=O)C(C)CN2CCCCC2)cc1,0,AC50 (>),4.52,1,CHEMBL1902981
Cc1ccc(NC(=O)C2(c3ccc4c(c3)OC(F)(F)O4)CC2)nc1-c1cccc(C(=O)O)c1,0,AC50 (>),4.52,1,CHEMBL2103870
Cn1c(NCCN(CCO)CCCc2ccc([N+](=O)[O-])cc2)cc(=O)n(C)c1=O,0,AC50 (>),4.52,1,CHEMBL360861
CN1C(=O)COc2c(C(=O)NC3CN4CCC3CC4)cc(Cl)cc21,0,AC50 (>),4.52,1,CHEMBL1598608
CC(=O)SCC(Cc1ccccc1)C(=O)NCC(=O)OCc1ccccc1,0,AC50 (>),4.52,1,CHEMBL2103772
CC(=O)SC[C@@H](C)C(=O)N1CCC[C@H]1C(=O)N[C@@H](Cc1ccccc1)C(=O)O,0,AC50 (>),4.52,1,CHEMBL2103775
COc1cc(CNC(=O)CCCC/C=C/C(C)C)ccc1O,0,AC50 (>),4.52,1,CHEMBL294199
COc1ccc(-c2noc(CC(=O)O)c2-c2ccc(OC)cc2)cc1,0,AC50 (>),4.52,1,CHEMBL259972
Nc1ccc(S(=O)(=O)c2ccc(N)cc2)cc1,0,AC50 (>),4.52,1,CHEMBL1043
Nc1ccc(C(=O)O)c(O)c1,0,AC50 (>),4.52,1,CHEMBL1169
NC1CCN(c2nc3c(cc2F)c(=O)c(C(=O)O)cn3-c2ccc(F)cc2F)C1,0,AC50 (>),4.52,1,CHEMBL273348
CCN(CC)CCn1c(=O)c(Cc2ccc(OC)cc2)nc2ccccc21,0,AC50 (>),4.52,1,CHEMBL1729803
CCN(CC)CCNC(=O)c1cc(S(C)(=O)=O)ccc1OC,0,AC50 (>),4.52,1,CHEMBL84158
CCN(CC)CCNC(=O)c1ccc(N)cc1,0,AC50 (>),4.52,1,CHEMBL640
CCN(CC)CCNC(=O)c1c(C)[nH]c(/C=C2\C(=O)Nc3ccc(F)cc32)c1C,0,AC50 (>),4.52,1,CHEMBL535
CCN(CC)CCOC(=O)c1ccc(N)cc1Cl,0,AC50 (>),4.52,1,CHEMBL1179047
CCN(CCCCOC(=O)c1ccc(OC)c(OC)c1)C(C)Cc1ccc(OC)cc1,0,AC50 (>),4.52,1,CHEMBL282121
COc1c(N2CCNC(C)C2)c(F)cc2c(=O)c(C(=O)O)cn(C3CC3)c12,0,AC50,4.55,1,CHEMBL31
COc1c(N2C[C@@H]3CCCN[C@@H]3C2)c(F)cc2c(=O)c(C(=O)O)cn(C3CC3)c12,0,AC50 (>),4.52,1,CHEMBL32
COc1c(O[C@@H]2O[C@H](CO)[C@@H](O)[C@H](O)[C@H]2O)cc2c(c1OC)-c1ccc(SC)c(=O)cc1[C@@H](NC(C)=O)CC2,0,AC50 (>),4.52,1,CHEMBL213907
CO[C@@]1(NC(=O)Cc2cccs2)C(=O)N2C(C(=O)O)=C(COC(N)=O)CS[C@@H]21,0,AC50 (>),4.52,1,CHEMBL996
CO[C@@]1(NC(=O)CSCC#N)C(=O)N2C(C(=O)O)=C(CSc3nnnn3C)CS[C@@H]21,0,AC50 (>),4.52,1,CHEMBL1201195
COc1cc2[nH]c(C)c(CCN3CCN(c4ccccc4)CC3)c2cc1OC,0,AC50 (>),4.52,1,CHEMBL2107011
COc1ccc(C(=O)NCc2cccnc2)cc1C(=O)NCc1cccnc1,0,AC50 (>),4.52,1,CHEMBL1257015
Cc1nc([N+](=O)[O-])cn1-c1ccc([N+](=O)[O-])cc1,0,AC50 (>),4.52,1,CHEMBL1909285
CS(=O)(=O)Nc1ccc([N+](=O)[O-])cc1Oc1ccccc1,0,AC50 (>),4.52,1,CHEMBL56367
CS(=O)(=O)NC(=O)CCC/C=C\C[C@H]1C(=O)C[C@@H](O)[C@@H]1/C=C/[C@@H](O)COc1ccccc1,0,AC50 (>),4.52,1,CHEMBL1472830
CC(=O)[C@H]1CC[C@H]2[C@@H]3CCC4=CC(=O)CC[C@]4(C)[C@H]3CC[C@]12C,0,AC50 (>),4.52,1,CHEMBL103
COC(=O)C(Cc1cccc(OC)c1I)NC(=O)CNCc1ccccc1,0,Ki (>),5.0,1,CHEMBL5424523
COC(=O)C(Cc1cccc(OC)c1I)NC(=O)CN(C)C(=O)OC(C)(C)C,0,Ki (>),5.0,1,CHEMBL5400264
COC(=O)C(Cc1cccc(OC)c1I)NC(=O)CN(Cc1ccccc1)C(=O)OC(C)(C)C,0,Ki (>),5.0,1,CHEMBL5405645
COC(=O)C(Cc1cccc(OC)c1I)NC(=O)CCCc1ccccc1,0,Ki (>),5.0,1,CHEMBL5436947
COC(=O)C(Cc1cccc(OC)c1)NC(=O)CN(Cc1ccccc1)C(=O)OC(C)(C)C,0,Ki (>),5.0,1,CHEMBL5403448
COC(=O)C(Cc1cccc(OC)c1I)NC(=O)CN,0,Ki (>),5.0,1,CHEMBL5436351
CNCC(=O)NC(Cc1cccc(OC)c1I)C(=O)OC,0,Ki (>),5.0,1,CHEMBL5424169
COC(=O)C(Cc1ccccc1I)NC(=O)CNCc1ccccc1,0,Ki (>),5.0,1,CHEMBL5437332
COC(=O)C(Cc1cccc(C)c1I)NC(=O)CNCc1ccccc1,0,Ki (>),5.0,1,CHEMBL5433205
COC(=O)C(Cc1cccc(OC)c1)NC(=O)CNCc1ccccc1,0,Ki (>),5.0,1,CHEMBL5398689
COC(=O)C(Cc1cc(OC)cc(OC)c1I)NC(=O)CNCc1ccccc1,0,Ki (>),5.0,1,CHEMBL5410074
COC(=O)C(Cc1cccc(OC)c1C)NC(=O)CNCc1ccccc1,0,Ki (>),5.0,1,CHEMBL5440141
COC(=O)C(Cc1cccc(OC)c1I)NC(=O)CNC(C)c1ccccc1,0,Ki (>),5.0,1,CHEMBL5398392
COC(=O)C(Cc1cccc(OC)c1I)NC(=O)CNCc1cccnc1,0,Ki (>),5.0,1,CHEMBL5411870
COC(=O)C(Cc1cccc(OC)c1I)NC(=O)[C@@H](N)Cc1ccccc1,0,Ki (>),5.0,1,CHEMBL5417743
COC(=O)C(Cc1cccc(OC)c1I)NC(=O)CNCCc1ccccc1,0,Ki (>),5.0,1,CHEMBL5419716
COC(=O)C(Cc1cccc(OC)c1I)NC(=O)CCNCc1ccccc1,0,Ki (>),5.0,1,CHEMBL5405049
COc1cccc(CC(NC(=O)CNCc2ccccc2)C(=O)O)c1I,0,Ki (>),5.0,1,CHEMBL5412242
COc1cccc(CC(NC(=O)CNCc2ccccc2)C(=O)OC(C)C)c1I,0,Ki (>),5.0,1,CHEMBL5416937
COC(=O)C(Cc1cccc(OC)c1I)NC(=O)CN(C)Cc1ccccc1,0,Ki (>),5.0,1,CHEMBL5439837
COC(=O)C(Cc1cccc(OC)c1I)NC(=O)CN(Cc1ccccc1)C(C)=O,0,Ki (>),5.0,1,CHEMBL5395948
COc1cccc(CC2NC(=O)CN(Cc3ccccc3)C2=O)c1I,0,Ki (>),5.0,1,CHEMBL5426289
COc1cccc(CC2NC(=O)CNC2=O)c1I,0,Ki (>),5.0,1,CHEMBL5414773
COc1cccc(CC2NC(=O)CN(C)C2=O)c1I,0,Ki (>),5.0,1,CHEMBL5395697
Cc1cccc(CC2NC(=O)CN(Cc3ccccc3)C2=O)c1I,0,Ki (>),5.0,1,CHEMBL5413732
COc1cccc(CC2NC(=O)CN(Cc3ccccc3)C2=O)c1,0,Ki (>),5.0,1,CHEMBL5398596
COc1cc(CC2NC(=O)CN(Cc3ccccc3)C2=O)c(I)c(OC)c1,0,Ki (>),5.0,1,CHEMBL5403335
COc1cccc(CC2NC(=O)CN(Cc3ccccc3)C2=O)c1C,0,Ki (>),5.0,1,CHEMBL5429995
COc1cccc(CC2NC(=O)CN(Cc3cccnc3)C2=O)c1I,0,Ki (>),5.0,1,CHEMBL5418981
COc1cccc(CC2NC(=O)[C@H](Cc3ccccc3)NC2=O)c1I,0,Ki (>),5.0,1,CHEMBL5436443
COc1cccc(CC2NC(=O)[C@H](CC(C)C)NC2=O)c1I,0,Ki (>),5.0,1,CHEMBL5416742
COc1cccc(CC2NC(=O)[C@@H]3CCCN3C2=O)c1I,0,Ki (>),5.0,1,CHEMBL5440072
COc1cccc(CC2NC(=O)CN(CC=C(C)C)C2=O)c1I,0,Ki (>),5.0,1,CHEMBL5427749
COc1cccc(CC2NC(=O)CN(CCc3ccccc3)C2=O)c1I,0,Ki (>),5.0,1,CHEMBL5425679
COc1cccc(CC2NC(=O)CN(CCCc3ccccc3)C2=O)c1I,0,Ki (>),5.0,1,CHEMBL5405776
COc1cccc(CC2NC(=O)CCN(Cc3ccccc3)C2=O)c1I,0,Ki (>),5.0,1,CHEMBL5408145
O=C1CN(Cc2ccccc2)C(=O)C(Cc2cccc(O)c2I)N1,0,Ki (>),5.0,1,CHEMBL5423133
CC(C)[C@H]1CC[C@@H](N2CCC(n3c(CN)cc4ccccc43)CC2)CC1,1,EC50,7.62,2,CHEMBL5405339
CC(C)[C@H]1CC[C@@H](N2CCC(n3c(CCN)cc4ccccc43)CC2)CC1,1,EC50,7.53,2,CHEMBL5426012
CC(C)[C@H]1CC[C@@H](N2CCC(n3c(CO)cc4ccccc43)CC2)CC1,1,EC50,7.09,2,CHEMBL5403724
CC(C)[C@H]1CC[C@@H](N2CCC(n3c(CCO)cc4ccccc43)CC2)CC1,1,EC50,7.14,2,CHEMBL5404274
CC(=O)NCc1cc2ccccc2n1C1CCN([C@H]2CC[C@@H](C(C)C)CC2)CC1,1,EC50,6.95,2,CHEMBL5412738
CCOC(=O)NCc1cc2ccccc2n1C1CCN([C@H]2CC[C@@H](C(C)C)CC2)CC1,1,EC50,7.14,2,CHEMBL5419235
CC(C)[C@H]1CC[C@@H](N2CCC(n3c(CNS(C)(=O)=O)cc4ccccc43)CC2)CC1,1,EC50,7.25,2,CHEMBL5413519
CC(C)[C@H]1CC[C@@H](N2CCC(n3c(CNS(N)(=O)=O)cc4ccccc43)CC2)CC1,1,EC50,7.18,2,CHEMBL5423260
CC(C)[C@H]1CC[C@@H](N2CCC(n3c(CN4CCS(=O)(=O)CC4)cc4ccccc43)CC2)CC1,1,EC50,7.42,2,CHEMBL5415010
CC(C)[C@H]1CC[C@@H](N2CCC(n3c(CN4CCCC4)cc4ccccc43)CC2)CC1,1,EC50,7.4,2,CHEMBL5416582
CC(C)[C@H]1CC[C@@H](N2CCC(n3c(CNC(=O)c4cccnc4)cc4ccccc43)CC2)CC1,1,EC50,7.37,2,CHEMBL5407403
CC(C)[C@H]1CC[C@@H](N2CCC(n3c(CNC(=O)c4cnco4)cc4ccccc43)CC2)CC1,1,EC50,7.52,2,CHEMBL5416899
CC(C)[C@H]1CC[C@@H](N2CCC(n3c(CNC(=O)c4ccc(C(F)(F)F)o4)cc4ccccc43)CC2)CC1,1,EC50,7.22,2,CHEMBL5394355
CCCN1CCN(c2ccc3c(c2)C(N(C)C(=O)OCc2ccccc2)CCC3)CC1,0,Ki (>),5.0,1,CHEMBL5403404
CN(C)C(CNC(=O)c1sc2ccccc2c1Cl)c1ccccc1Cl,1,EC50,6.44,1,CHEMBL5400733
Cc1ccc2c(Cl)c(C(=O)NCCc3ccccc3Cl)sc2c1,0,EC50 (>),5.0,1,CHEMBL5438106
CN(C)C(CNC(=O)c1cccs1)c1ccccc1Cl,1,EC50,6.4,1,CHEMBL5422222
CN(C)C(CNC(=O)c1cc2ccccc2s1)c1ccccc1Cl,1,EC50,8.52,1,CHEMBL5437840
CN(C)C(CNC(=O)c1cc2ccccc2s1)c1ccc(F)cc1,1,EC50,8.19,1,CHEMBL5398301
CN(C)C(CNC(=O)c1cc2ccccc2s1)c1ccc(Br)cc1,1,EC50,6.82,1,CHEMBL5395529
CN(C)C(CNC(=O)c1cc2ccccc2s1)C1CCCCC1,0,EC50,4.96,1,CHEMBL5433534
Cc1ccc(C(CNC(=O)c2cc3ccccc3s2)N(C)C)cc1,1,EC50,9.64,3,CHEMBL5400535
CN1C(=O)CNC(=O)[C@H](N[C@@H](Cc2ccc(O)cc2)C(=O)O)CCCC/C=C\C[C@@H](C(=O)N2CCC[C@H]2C(=O)N[C@@H](CCC(N)=O)C(=O)N[C@@H](CCCNC(=N)N)C(=O)N[C@@H](Cc2ccccc2)C(N)=O)NC(=O)[C@@H]1Cc1ccccc1,1,EC50,8.55,1,CHEMBL5428360
CN1C(=O)CNC(=O)[C@H](N[C@@H](Cc2ccc(O)cc2)C(=O)O)CCCC/C=C/C[C@@H](C(=O)N2CCC[C@H]2C(=O)N[C@@H](CCC(N)=O)C(=O)N[C@@H](CCCNC(=N)N)C(=O)N[C@@H](Cc2ccccc2)C(N)=O)NC(=O)[C@@H]1Cc1ccccc1,1,EC50,7.8,1,CHEMBL5435869
CN1C(=O)CNC(=O)[C@H](N[C@@H](Cc2ccc(O)cc2)C(=O)O)CCC/C=C/CC[C@@H](C(=O)N2CCC[C@H]2C(=O)N[C@@H](CCC(N)=O)C(=O)N[C@@H](CCCNC(=N)N)C(=O)N[C@@H](Cc2ccccc2)C(N)=O)NC(=O)[C@@H]1Cc1ccccc1,1,EC50,8.12,1,CHEMBL5430632
CN1C(=O)CNC(=O)[C@H](N[C@@H](Cc2ccc(O)cc2)C(=O)O)CCC/C=C/C[C@@H](C(=O)N2CCC[C@H]2C(=O)N[C@@H](CCC(N)=O)C(=O)N[C@@H](CCCNC(=N)N)C(=O)N[C@@H](Cc2ccccc2)C(N)=O)NC(=O)[C@@H]1Cc1ccccc1,1,EC50,7.41,1,CHEMBL5410237
CN1C(=O)CNC(=O)[C@H](N[C@@H](Cc2ccc(O)cc2)C(=O)O)CCCC/C=C/CC[C@@H](C(=O)N2CCC[C@H]2C(=O)N[C@@H](CCC(N)=O)C(=O)N[C@@H](CCCNC(=N)N)C(=O)N[C@@H](Cc2ccccc2)C(N)=O)NC(=O)[C@@H]1Cc1ccccc1,1,EC50,8.92,1,CHEMBL5406732
CN1C(=O)CNC(=O)[C@H](N[C@@H](Cc2ccc(O)cc2)C(=O)O)CCCC/C=C\CC[C@@H](C(=O)N2CCC[C@H]2C(=O)N[C@@H](CCC(N)=O)C(=O)N[C@@H](CCCNC(=N)N)C(=O)N[C@@H](Cc2ccccc2)C(N)=O)NC(=O)[C@@H]1Cc1ccccc1,1,EC50,7.04,1,CHEMBL5401796
CC(C)C[C@@H](NC(=O)[C@@H](CC1=CC=CCC1)NC(=O)[C@H](N)Cc1ccccc1)C(=O)N[C@H](CCCCN)C(=O)N1CCC(N)(C(=O)O)CC1,0,Ki (>),5.0,1,CHEMBL5428706
C[C@H](NC(=O)NC[C@H](Cc1ccc(O)cc1)N(C)C)c1ccccc1,1,EC50,7.68,2,CHEMBL5399232
CN(C)[C@H](CNC(=O)N[C@H](c1ccccc1)C1CC1)Cc1ccc(O)cc1,1,EC50,8.14,1,CHEMBL5433189
C[C@H](OC(=O)NC[C@H](Cc1ccc(O)cc1)N(C)C)c1ccccc1,1,EC50,6.75,1,CHEMBL5409642
CN(C)[C@H](CNC(=O)O[C@H](c1ccccc1)C1CC1)Cc1ccc(O)cc1,1,EC50,6.11,1,CHEMBL5419159
CN(C)[C@H](CNC(=O)N[C@@H](c1ccccc1)C1CC1)Cc1ccc(O)cc1,1,EC50,6.98,1,CHEMBL5412978
CN(C)[C@@H](CNC(=O)N[C@H](c1ccccc1)C1CC1)Cc1ccc(O)cc1,1,EC50,6.46,1,CHEMBL5403495
CN(C)[C@@H](CNC(=O)N[C@@H](c1ccccc1)C1CC1)Cc1ccc(O)cc1,1,EC50,6.61,1,CHEMBL5409840
C[C@@H](OC(=O)NC[C@H](Cc1ccc(O)cc1)N(C)C)c1ccccc1,1,EC50,7.21,1,CHEMBL5422499
C[C@@H](OC(=O)NC[C@@H](Cc1ccc(O)cc1)N(C)C)c1ccccc1,1,EC50,6.02,1,CHEMBL5435875
C[C@H](CC(=O)NC[C@H](Cc1ccc(O)cc1)N(C)C)c1ccccc1,1,EC50,7.54,1,CHEMBL5410817
C[C@@H](CC(=O)NC[C@H](Cc1ccc(O)cc1)N(C)C)c1ccccc1,1,EC50,8.12,1,CHEMBL5437684
C[C@@H](CC(=O)NC[C@H](Cc1c(F)cc(O)cc1F)N(C)C)c1ccccc1,1,EC50,7.84,1,CHEMBL5434293
CN(C)[C@H](CNC(=O)[C@@H]1C[C@@]1(C)c1ccccc1)Cc1ccc(O)cc1,1,EC50,9.06,1,CHEMBL5422389
Cc1cc(O)ccc1C[C@@H](CNC(=O)[C@@H]1C[C@@]1(C)c1ccccc1)N(C)C,1,EC50,9.48,1,CHEMBL5411716
Cc1cc(O)cc(C)c1C[C@@H](CNC(=O)[C@@H]1C[C@@]1(C)c1ccccc1)N(C)C,1,EC50,8.7,1,CHEMBL5407881
C/C(=N\NC(=O)[C@@H]1C(=O)NC[C@H]1c1ccccc1)c1cccc(Br)c1,0,Ki (>),5.0,1,CHEMBL494502
O=C1N/C(=N/c2ccccc2F)S/C1=C\c1ccc(C(=O)O)cc1,0,Ki (>),5.0,1,CHEMBL2392141
O=C(c1ccc[nH]1)N(c1ccccc1)C1CCN(CCc2ccccc2)CC1,1,EC50,7.75,2,CHEMBL5556092;CHEMBL5574811
COC(=O)N(c1ccc(OC)cc1)C1CCN(CCc2ccccc2)CC1,1,EC50,7.35,1,CHEMBL5558729
COC(=O)N(c1cccc(OC)c1)C1CCN(CCc2ccccc2)CC1,1,EC50,8.17,1,CHEMBL5532297
CC(=O)N(c1ccccc1C)C1CCN(CCc2ccccc2)CC1,1,EC50,8.02,1,CHEMBL5549759
CCC(=O)N(c1ccccc1C)C1CCN(CCc2ccccc2)CC1,1,EC50,8.47,1,CHEMBL164627
CCCC(=O)N(c1ccccc1C)C1CCN(CCc2ccccc2)CC1,1,EC50,8.4,3,CHEMBL5505882
Cc1ccccc1N(C(=O)C1CCCC1)C1CCN(CCc2ccccc2)CC1,1,EC50,7.85,1,CHEMBL5532345
Cc1ccccc1N(C(=O)C1CCCCC1)C1CCN(CCc2ccccc2)CC1,1,EC50,6.26,1,CHEMBL5555993
CCC(=O)N(c1c(C)cccc1C)C1CCN(CCc2ccccc2)CC1,1,EC50,8.35,1,CHEMBL423089
Cc1cccc(C)c1N(C(=O)c1ccco1)C1CCN(CCc2ccccc2)CC1,1,EC50,8.04,1,CHEMBL5557493
Cc1cccc(C)c1N(C(=O)c1ccccc1F)C1CCN(CCc2ccccc2)CC1,1,EC50,6.92,1,CHEMBL5542788
Cc1cccc(C)c1N(C(=O)c1c(F)cccc1F)C1CCN(CCc2ccccc2)CC1,1,EC50,6.96,1,CHEMBL5532325
CCC(=O)N(c1c(C)cccc1Cl)C1CCN(CCc2ccccc2)CC1,1,EC50,9.7,1,CHEMBL5523564
Cc1cccc(Cl)c1N(C(=O)c1ccco1)C1CCN(CCc2ccccc2)CC1,1,EC50,8.62,3,CHEMBL5505874
CCc1cccc(C)c1N(C(C)=O)C1CCN(CCc2ccccc2)CC1,1,EC50,6.72,1,CHEMBL5531995
CCC(=O)N(c1c(C)cccc1CC)C1CCN(CCc2ccccc2)CC1,1,EC50,7.46,1,CHEMBL5542753
CCCC(=O)N(c1c(C)cccc1CC)C1CCN(CCc2ccccc2)CC1,1,EC50,6.97,1,CHEMBL5512515
CCc1cccc(C)c1N(C(=O)C1CC1)C1CCN(CCc2ccccc2)CC1,1,EC50,7.07,1,CHEMBL5532241
CCc1cccc(C)c1N(C(=O)C1CCCC1)C1CCN(CCc2ccccc2)CC1,1,EC50,6.62,1,CHEMBL5557000
CCc1cccc(C)c1N(C(=O)C1CCCCC1)C1CCN(CCc2ccccc2)CC1,1,EC50,6.22,1,CHEMBL5556645
CCc1cccc(C)c1N(C(=O)c1ccco1)C1CCN(CCc2ccccc2)CC1,1,EC50,7.85,5,CHEMBL5505909
CCc1cccc(C)c1N(C(=O)c1ccoc1)C1CCN(CCc2ccccc2)CC1,0,EC50,4.4,1,CHEMBL5505849
CCc1cccc(C)c1N(C(=O)c1cccs1)C1CCN(CCc2ccccc2)CC1,0,EC50,4.91,2,CHEMBL5505890
Cc1cccc(C(C)C)c1N(C(=O)c1ccco1)C1CCN(CCc2ccccc2)CC1,1,EC50,8.17,2,CHEMBL5523408
CCC(=O)N(c1c(C)cccc1F)C1CCN(CCc2ccccc2)CC1,1,EC50,9.7,1,CHEMBL5505857
CCC(=O)N(c1ccccc1Cl)C1CCN(CCc2ccccc2)CC1,1,EC50,8.38,1,CHEMBL349167
CCC(=O)N(c1c(F)cccc1Cl)C1CCN(CCc2ccccc2)CC1,1,EC50,8.85,1,CHEMBL5557427
Cc1cc(O)cc(C)c1C[C@H](N)C(=O)N[C@H](CCCNC(=N)N)C(=O)N[C@H]1Cc2ccccc2CN(CCC(=O)N[C@@H](CCCN2CCC(Cc3ccccc3)CC2)C(=O)N[C@@H](Cc2ccccc2)C(N)=O)C1=O,1,EC50,6.9,1,CHEMBL4790994
Cc1cc(O)cc(C)c1C[C@H](N)C(=O)N[C@H](CCCNC(=N)N)C(=O)N[C@H]1Cc2ccccc2CN(CCC(=O)N[C@@H](CCCN2CCC(Cc3ccccc3)CC2)C(=O)N[C@H](C(N)=O)C(C)C)C1=O,1,EC50,7.0,1,CHEMBL5567717
CC[C@H](C)[C@H](NC(=O)[C@H](CCCN1CCC(Cc2ccccc2)CC1)NC(=O)CCN1Cc2ccccc2C[C@H](NC(=O)[C@@H](CCCNC(=N)N)NC(=O)[C@@H](N)Cc2c(C)cc(O)cc2C)C1=O)C(N)=O,1,EC50,7.35,1,CHEMBL5558455
Cc1cc(O)cc(C)c1C[C@H](N)C(=O)N[C@H](CCCNC(=N)N)C(=O)N[C@H]1Cc2ccccc2CN(CCC(=O)N[C@@H](CCCN2CCC(Cc3ccccc3)CC2)C(=O)N[C@@H](CC(C)C)C(N)=O)C1=O,1,EC50,7.43,1,CHEMBL5561367
Cc1cc(O)cc(C)c1C[C@H](N)C(=O)N[C@H](CCCNC(=N)N)C(=O)N[C@H]1Cc2ccccc2CN(CCC(=O)N[C@@H](CCCN2CCC(Cc3ccccc3)CC2)C(=O)N[C@@H](Cc2ccc(O)cc2)C(N)=O)C1=O,1,EC50,6.9,1,CHEMBL5562440
Cc1cc(O)cc(C)c1C[C@H](N)C(=O)N[C@H](CCCNC(=N)N)C(=O)N[C@H]1Cc2ccccc2CN(CCC(=O)N[C@@H](CCCN2CCC(Cc3ccccc3)CC2)C(=O)N[C@@H](Cc2c[nH]c3ccccc23)C(N)=O)C1=O,1,EC50,7.01,1,CHEMBL5565851
Cc1cc(O)cc(C)c1C[C@H](N)C(=O)N[C@H](CCCNC(=N)N)C(=O)N[C@H]1Cc2ccccc2CN(CCC(=O)N[C@@H](CCCN2CCC(Cc3ccccc3)CC2)C(=O)N[C@H](Cc2ccccc2)C(N)=O)C1=O,1,EC50,7.1,1,CHEMBL5562477
Cc1cc(O)cc(C)c1C[C@H](N)C(=O)N[C@H](CCCNC(=N)N)C(=O)N[C@H]1Cc2ccccc2CN(CCC(=O)N[C@@H](CCCN2CCC(Cc3ccccc3)CC2)C(=O)N[C@@H](Cc2ccccc2)C(=O)NCCC(N)=O)C1=O,1,EC50,6.4,1,CHEMBL5557311
Cc1cc(O)cc(C)c1C[C@H](N)C(=O)N[C@H](CCCNC(=N)N)C(=O)N[C@H]1Cc2ccccc2CN(CCC(=O)N[C@@H](CCCN2CCc3ccccc3C2)C(=O)N[C@@H](Cc2ccccc2)C(N)=O)C1=O,1,EC50,7.6,1,CHEMBL5523512
Cc1cc(O)cc(C)c1C[C@H](N)C(=O)N[C@H](CCCNC(=N)N)C(=O)N[C@H]1Cc2ccccc2CN(CCC(=O)N[C@H](CCCN2CCC(Cc3ccccc3)CC2)C(=O)N[C@@H](Cc2ccccc2)C(N)=O)C1=O,1,EC50,6.75,1,CHEMBL5564019
Cc1cc(O)cc(C)c1C[C@@H](N)C(=O)N[C@H](CCCNC(=N)N)C(=O)N[C@@H](Cc1ccccc1)C(=O)N(C)CCC(=O)N[C@@H](CCCN1CCC(Cc2ccccc2)CC1)C(=O)N[C@@H](Cc1ccccc1)C(N)=O,1,EC50,7.35,1,CHEMBL5560739
Cc1cc(O)cc(C)c1C[C@H](N)C(=O)N[C@H](CCCNC(=N)N)C(=O)N[C@@H](Cc1ccccc1)C(=O)NCCC(=O)N[C@@H](CCCN1CCC(Cc2ccccc2)CC1)C(=O)N[C@@H](Cc1ccccc1)C(N)=O,1,EC50,6.79,1,CHEMBL5556337
Cc1cc(O)cc(C)c1C[C@H](N)C(=O)N[C@H](CCCNC(=N)N)C(=O)N[C@@H](Cc1ccccc1)C(=O)N(C)CC(=O)N[C@@H](CCCN1CCC(Cc2ccccc2)CC1)C(=O)N[C@@H](Cc1ccccc1)C(N)=O,1,EC50,7.28,1,CHEMBL5560467
Cc1cc(O)cc(C)c1C[C@H](N)C(=O)N[C@H](CCCNC(=N)N)C(=O)N[C@@H](Cc1ccccc1)C(=O)N(C)[C@H](C)C(=O)N[C@@H](CCCN1CCC(Cc2ccccc2)CC1)C(=O)N[C@@H](Cc1ccccc1)C(N)=O,1,EC50,6.81,1,CHEMBL5558919
Cc1cc(O)cc(C)c1C[C@H](N)C(=O)N[C@H](CCCNC(=N)N)C(=O)N[C@@H](Cc1ccccc1)C(=O)N(C)[C@@H](C)C(=O)N[C@@H](CCCN1CCC(Cc2ccccc2)CC1)C(=O)N[C@@H](Cc1ccccc1)C(N)=O,1,EC50,7.04,1,CHEMBL5542949
Cc1cc(O)cc(C)c1C[C@H](N)C(=O)N[C@H](CCCNC(=N)N)C(=O)N[C@H]1Cc2ccccc2CN(CC(=O)N[C@@H](CCCN2CCC(Cc3ccccc3)CC2)C(=O)N[C@@H](Cc2ccccc2)C(N)=O)C1=O,1,EC50,6.15,1,CHEMBL5562236
Cc1cc(O)cc(C)c1C[C@H](N)C(=O)N[C@H](CCCNC(=N)N)C(=O)N[C@H]1Cc2ccccc2CN(CCCC(=O)N[C@@H](CCCN2CCC(Cc3ccccc3)CC2)C(=O)N[C@@H](Cc2ccccc2)C(N)=O)C1=O,1,EC50,7.02,1,CHEMBL5518012
Cc1cc(O)cc(C)c1C[C@H](N)C(=O)N[C@H](CCCNC(=N)N)C(=O)N[C@H]1Cc2c(ccc3ccccc23)CN(CC(=O)N[C@@H](CCCN2CCC(Cc3ccccc3)CC2)C(=O)N[C@@H](Cc2ccccc2)C(N)=O)C1=O,1,EC50,6.19,1,CHEMBL5559643
Cc1cc(O)cc(C)c1C[C@H](N)C(=O)N[C@H](CCCNC(=N)N)C(=O)N[C@H]1Cc2c(ccc3ccccc23)CN(CCC(=O)N[C@@H](CCCN2CCC(Cc3ccccc3)CC2)C(=O)N[C@@H](Cc2ccccc2)C(N)=O)C1=O,1,EC50,7.25,1,CHEMBL5568103
Cc1cc(O)cc(C)c1C[C@H](N)C(=O)N[C@H](CCCCNC(=O)c1cccnc1)C(=O)N[C@H]1Cc2ccccc2CN(CCC(=O)N[C@@H](CCCN2CCC(Cc3ccccc3)CC2)C(=O)N[C@@H](Cc2ccccc2)C(N)=O)C1=O,1,EC50,7.92,1,CHEMBL5517990
Cc1cc(O)cc(C)c1C[C@H](N)C(=O)N(C)[C@H](C)C(=O)N[C@H]1Cc2ccccc2CN(CCC(=O)N[C@@H](CCCN2CCC(Cc3ccccc3)CC2)C(=O)N[C@@H](Cc2ccccc2)C(N)=O)C1=O,1,EC50,6.67,1,CHEMBL5559873
Cc1cc(O)cc(C)c1C[C@H](NC(=N)N)C(=O)N[C@H](CCCNC(=N)N)C(=O)N[C@H]1Cc2ccccc2CN(CCC(=O)N[C@@H](CCCN2CCC(Cc3ccccc3)CC2)C(=O)N[C@@H](Cc2ccccc2)C(N)=O)C1=O,1,EC50,6.92,1,CHEMBL5568142
Cc1cc(O)cc(C)c1C[C@H](N)C(=O)N[C@H](CCCNC(=N)N)C(=O)N[C@H]1Cc2ccccc2CN(CCCC(=O)N[C@@H](CCCN2CCC(Cc3ccccc3)CC2)C(=O)N[C@H](C(N)=O)C(C)C)C1=O,1,EC50,6.83,1,CHEMBL5567839
Cc1cc(O)cc(C)c1C[C@H](N)C(=O)N[C@H](CCCNC(=N)N)C(=O)N[C@H]1Cc2c(ccc3ccccc23)CN(CC(=O)N[C@@H](CCCN2CCC(Cc3ccccc3)CC2)C(=O)N[C@H](C(N)=O)C(C)C)C1=O,1,EC50,6.96,1,CHEMBL5559314
Cc1cc(O)cc(C)c1C[C@H](N)C(=O)N[C@H](CCCNC(=N)N)C(=O)N[C@H]1Cc2ccccc2CN(CCCC(=O)N[C@@H](CCCN2CCC(Cc3ccccc3)CC2)C(=O)N[C@@H](Cc2c[nH]c3ccccc23)C(N)=O)C1=O,1,EC50,6.21,1,CHEMBL5555916
Cc1cc(O)cc(C)c1C[C@H](N)C(=O)N[C@H](CCCNC(=N)N)C(=O)N[C@@H](Cc1ccccc1)C(=O)N(C)CC(=O)N[C@@H](CCCN1CCC(Cc2ccccc2)CC1)C(=O)N[C@H](C(N)=O)C(C)C,1,EC50,7.23,1,CHEMBL5565763
Cc1cc(O)cc(C)c1C[C@H](N)C(=O)N1CCC[C@@H]1C(=O)N[C@H]1Cc2ccccc2CN(CC(=O)N[C@@H](CCCN2CCC(Cc3ccccc3)CC2)C(=O)N[C@@H](Cc2ccccc2)C(N)=O)C1=O,1,EC50,6.79,1,CHEMBL5562953
O=C1CN2c3c(cccc3[C@@H]3CN(CCCOc4ccc(F)cc4)CC[C@@H]32)N1,0,EC50 (>),5.0,3,CHEMBL5558524
Oc1cccc(N2C[C@H]3CC[C@@H](C2)N3CCCc2ccccc2)c1,1,EC50,9.59,3,CHEMBL5568344
Oc1cccc(N2[C@@H]3CC[C@H]2CNC3)c1,1,EC50,6.38,2,CHEMBL5557681
C=CCN1C[C@H]2CC[C@@H](C1)N2c1cccc(O)c1,1,EC50,6.49,2,CHEMBL5560603
Oc1cccc(N2[C@@H]3CC[C@H]2CN(CC2CC2)C3)c1,1,EC50,6.29,2,CHEMBL5560034
C[C@H]1CN(CCCc2ccccc2)CCN1c1cccc(O)c1,0,EC50 (>),5.0,2,CHEMBL1773189
Oc1cccc(N2CCN(CCCc3ccccc3)CC2)c1,0,EC50 (>),5.0,2,CHEMBL1773188
C[C@@H]1CN(CCCc2ccccc2)C[C@H](C)N1c1cccc(O)c1,0,EC50 (>),5.0,2,CHEMBL5559659
Oc1cccc(N2[C@@H]3CC[C@H]2CN(CCc2ccccc2)C3)c1,1,EC50,9.57,2,CHEMBL5542870
COc1cccc(N2[C@@H]3CC[C@H]2CN(CCCc2ccccc2)C3)c1,1,EC50,6.41,1,CHEMBL5558566
COc1ccccc1N1[C@@H]2CC[C@H]1CN(CCCc1ccccc1)C2,1,EC50,6.59,1,CHEMBL5517852
CN(C)[C@]1(c2ccc(Br)cc2)CC[C@](O)(CCc2ccccc2)CC1,1,EC50,9.06,1,CHEMBL3303774
NC(=O)[C@@H]1CCCN1C(=O)[C@H]1CC(=O)NCCCC[C@@H](NC(=O)[C@@H](N)Cc2ccc(O)cc2)C(=O)NCC(=O)N[C@@H](Cc2ccccc2)C(=O)N1,1,EC50,7.51,1,CHEMBL5555400
Cc1cc(O)cc(C)c1C[C@H](N)C(=O)N[C@@H]1CCCCNC(=O)C[C@H](C(=O)N2CCC[C@H]2C(N)=O)NC(=O)[C@H](Cc2ccccc2)NC(=O)CNC1=O,1,EC50,8.14,1,CHEMBL5563689
C[C@@H]1NC(=O)[C@H](NC(=O)[C@@H](N)Cc2ccc(O)cc2)CCCCNC(=O)C[C@H](C(=O)N2CCC[C@H]2C(N)=O)NC(=O)[C@H](Cc2ccccc2)NC1=O,1,EC50,8.09,1,CHEMBL5566297
C[C@H]1NC(=O)[C@H](NC(=O)[C@@H](N)Cc2ccc(O)cc2)CCCCNC(=O)C[C@H](C(=O)N2CCC[C@H]2C(N)=O)NC(=O)[C@H](Cc2ccccc2)NC1=O,1,EC50,7.21,1,CHEMBL5570322
CC1(C)NC(=O)[C@H](NC(=O)[C@@H](N)Cc2ccc(O)cc2)CCCCNC(=O)C[C@H](C(=O)N2CCC[C@H]2C(N)=O)NC(=O)[C@H](Cc2ccccc2)NC1=O,1,EC50,8.28,1,CHEMBL5567205
NC(=O)[C@@H]1CCCN1C(=O)[C@H]1CC(=O)NCCCC[C@@H](NC(=O)[C@@H](N)Cc2ccc(O)cc2)C(=O)NCCC(=O)N[C@@H](Cc2ccccc2)C(=O)N1,1,EC50,6.01,1,CHEMBL5570337
NC(=O)[C@@H]1CCCN1C(=O)[C@H]1CC(=O)NCCCC[C@@H](NC(=O)[C@@H](N)Cc2ccc(O)cc2)C(=O)NCC(=O)N[C@H](Cc2ccccc2)C(=O)N1,1,EC50,7.38,1,CHEMBL5573751
NC(=O)[C@@H]1CCCN1C(=O)[C@H]1CC(=O)NCCCC[C@@H](NC(=O)[C@@H](N)Cc2ccc(O)cc2)C(=O)NCC(=O)N[C@@H](CC2CCCCC2)C(=O)N1,1,EC50,7.37,1,CHEMBL5575827
NC(=O)[C@@H]1CCCN1C(=O)[C@H]1CC(=O)NCCCC[C@@H](NC(=O)[C@@H](N)Cc2ccc(O)cc2)C(=O)NCC(=O)N[C@@H](Cc2ccc3ccccc3c2)C(=O)N1,1,EC50,8.74,1,CHEMBL5573294
NC(=O)[C@@H]1CCCN1C(=O)[C@H]1CC(=O)NCCCC[C@@H](NC(=O)[C@@H](N)Cc2ccc(O)cc2)C(=O)NCC(=O)N[C@@H](CCc2ccccc2)C(=O)N1,1,EC50,6.74,1,CHEMBL5571215
NC(=O)[C@@H]1CCCN1C(=O)[C@H]1CC(=O)NCCCC[C@@H](NC(=O)[C@@H](N)Cc2ccc(O)cc2)C(=O)NCC(=O)N(Cc2ccccc2)CC(=O)N1,1,EC50,7.44,1,CHEMBL5569287
NC(=O)[C@@H]1CCCN1C(=O)[C@H]1CC(=O)NCCCC[C@@H](NC(=O)[C@@H](N)Cc2ccc(O)cc2)C(=O)NCC(=O)N[C@@H](Cc2ccc(F)cc2)C(=O)N1,1,EC50,9.05,1,CHEMBL5564464
Cc1ccc(C[C@@H]2NC(=O)CNC(=O)[C@H](NC(=O)[C@@H](N)Cc3ccc(O)cc3)CCCCNC(=O)C[C@H](C(=O)N3CCC[C@H]3C(N)=O)NC2=O)cc1,1,EC50,7.54,1,CHEMBL5571171
CN1C(=O)CNC(=O)[C@H](NC(=O)[C@@H](N)Cc2ccc(O)cc2)CCCCNC(=O)C[C@H](C(=O)N2CCC[C@H]2C(N)=O)NC(=O)[C@@H]1Cc1ccccc1,1,EC50,8.6,1,CHEMBL5566245
N[C@@H](Cc1ccc(O)cc1)C(=O)N[C@@H]1CCCCNC(=O)C[C@H](C(=O)N2CCC[C@H]2C(=O)O)NC(=O)[C@H](Cc2ccccc2)NC(=O)CNC1=O,1,EC50,8.42,1,CHEMBL5572063
NC(=O)[C@H]1CC(=O)NCCCC[C@@H](NC(=O)[C@@H](N)Cc2ccc(O)cc2)C(=O)NCC(=O)N[C@@H](Cc2ccccc2)C(=O)N1,1,EC50,8.85,1,CHEMBL5568812
NC(=O)CNC(=O)[C@H]1CC(=O)NCCCC[C@@H](NC(=O)[C@@H](N)Cc2ccc(O)cc2)C(=O)NCC(=O)N[C@@H](Cc2ccccc2)C(=O)N1,1,EC50,6.95,1,CHEMBL5583961
NC(=O)[C@H]1CCCCN1C(=O)[C@H]1CC(=O)NCCCC[C@@H](NC(=O)[C@@H](N)Cc2ccc(O)cc2)C(=O)NCC(=O)N[C@@H](Cc2ccccc2)C(=O)N1,1,EC50,8.31,1,CHEMBL5567549
NC(=O)[C@@H]1CCCCN1C(=O)[C@H]1CC(=O)NCCCC[C@@H](NC(=O)[C@@H](N)Cc2ccc(O)cc2)C(=O)NCC(=O)N[C@@H](Cc2ccccc2)C(=O)N1,1,EC50,9.05,1,CHEMBL5570801
COc1ccc2c3c1O[C@H]1[C@@]4(OC)C=C[C@@]5(C[C@@H]4C(=O)c4ccc(N)cc4)[C@@H](C2)N(CC2CC2)CC[C@]315,1,EC50,7.53,2,CHEMBL5630896
COc1ccc2c3c1O[C@@H]1[C@]34CCN(CC3CC3)[C@H](C2)[C@]42C=C[C@@]1(OC)C(C(=O)c1ccccc1)C2,1,EC50,6.88,2,CHEMBL5630841
CN(C)C(CNC(=O)Nc1cccc(Cl)c1)c1cccc(F)c1,1,EC50,10.0,1,CHEMBL5630390
Cc1cccc(CNC(=O)NCC(c2cccc(F)c2)N(C)C)c1,1,EC50,9.28,1,CHEMBL5630484
CN(C)C(CNC(=O)NCc1ccc(OC(F)(F)F)cc1)c1cccc(F)c1,1,EC50,8.82,1,CHEMBL5630967
CN(C)C(CNC(=O)NCc1ccc(C(F)(F)F)cc1)c1cccc(F)c1,1,EC50,9.72,1,CHEMBL5624758
CN(C)C(CNC(=O)NCCc1ccccc1)c1cccc(F)c1,1,EC50,7.68,1,CHEMBL5624836
Cc1ccc(CCNC(=O)NCC(c2cccc(F)c2)N(C)C)cc1,1,EC50,7.82,1,CHEMBL5624474
CN(C)C(CNC(=O)NCCCc1ccccc1)c1cccc(F)c1,1,EC50,9.2,1,CHEMBL5624945
CN(C)C(CNC(=O)NCc1cccc(Cl)c1)c1cccc(F)c1,1,EC50,8.4,2,CHEMBL5629956
c1ccc([C@@H]2C[C@H]2NC2CCNCC2)cc1,0,EC50 (>),4.0,1,CHEMBL4301645
O=C(O)c1ccc(CN2CCC(CN[C@@H]3C[C@H]3c3ccccc3)CC2)cc1,0,EC50 (>),4.0,1,CHEMBL3786182
O=C(NP(=O)(O)O)c1nc2ccccc2n([C@H]2C[C@H]3CCC[C@@H](C2)N3C2CCCCCCC2)c1=O,0,Ki,4.7,1,CHEMBL5851429
CC1(C)[C@H]2CC[C@@H](CCN3[C@@H]4CCC[C@H]3C[C@@H](n3c(=O)c(P(=O)(O)O)nc5ccccc53)C4)[C@@H]1C2,0,Ki,4.7,1,CHEMBL6067760
CC(=O)c1ccc2c(c1)oc(=O)n2CCCCN1CCN(c2ccc(F)cc2)CC1,0,Ki (>),5.0,2,CHEMBL3235465
S=c1sc2ccccc2n1CCCCN1CCN(C2CCCCC2)CC1,0,Ki (>),5.0,1,CHEMBL272603
COc1ccc2c(c1)[C@]13CCN(CC4CC4)[C@H](C2=O)[C@]12CC[C@](O)(C3)C(=O)O2,0,Ki (>),4.7,1,CHEMBL5972626
COc1ccc2c(c1)[C@]13CCN(CC4CC4)[C@H]([C@@H]2O)[C@]12CC[C@](O)(C3)C(=O)O2,0,Ki (>),4.7,1,CHEMBL5819216
CN(Cc1ccccc1)C(=O)C1=C[C@@]23CC[C@]1(O)[C@@H]1Oc4c(O)ccc5c4[C@@]12CCN(CC1CC1)[C@@H]3C5,1,EC50,8.56,1,CHEMBL5747299
COc1ccc2c(c1)[C@]13CCN(CC4CC4)[C@H](C2=O)[C@]1(O)CC[C@@]1(C3)NC(=O)NC1=O,0,Ki (>),4.7,1,CHEMBL5934583
COc1ccc2c(c1)[C@]13CCN(CC4CC4)[C@H]([C@@H]2O)[C@]1(O)CC[C@@]1(C3)NC(=O)NC1=O,0,Ki (>),4.7,1,CHEMBL5828724
COc1ccc2c3c1O[C@@H]1[C@]34CCN(CC3CC3)[C@H](C2=O)[C@]4(O)CC[C@]12NC(=O)NC2=O,0,Ki (>),4.7,1,CHEMBL5919374
COc1ccc2c3c1O[C@@H]1[C@]34CCN(CC3CC3)[C@H]([C@@H]2O)[C@]4(O)CC[C@]12NC(=O)NC2=O,0,Ki (>),4.7,1,CHEMBL5979226
COc1ccc2c(c1)[C@]13CCN(CC4CC4)[C@H]([C@@H]2O)[C@@H]1CC[C@@]1(C3)NC(=O)NC1=O,0,Ki (>),4.7,1,CHEMBL5761336
COc1ccc2c(c1)[C@]13CCN(C)[C@H](C2=O)[C@]1(O)CC[C@@]1(C3)NC(=O)NC1=O,0,Ki (>),4.7,1,CHEMBL5880690
COc1ccc2c(c1)[C@]13CCN(C)[C@H]([C@@H]2O)[C@]1(O)CC[C@@]1(C3)NC(=O)NC1=O,0,Ki,4.9,1,CHEMBL5818873
O=C1NC(=O)[C@@]2(CC[C@@]3(O)[C@H]4C(=O)c5ccc(O)c6c5[C@@]3(CCN4CC3CC3)[C@H]2O6)N1,0,Ki,4.81,1,CHEMBL6051903
O=C1NC(=O)[C@@]2(CC[C@@]3(O)[C@H]4[C@H](O)c5ccc(O)c6c5[C@@]3(CCN4CC3CC3)[C@H]2O6)N1,0,Ki (>),4.7,1,CHEMBL5775738
COCCO[C@H]1C=CC2C3Cc4ccc(O)c5c4[C@@]2(CCN3C)[C@H]1O5,1,EC50,7.07,2,CHEMBL6050310
COCCOCCO[C@H]1C=CC2C3Cc4ccc(O)c5c4[C@@]2(CCN3C)[C@H]1O5,1,EC50,7.03,2,CHEMBL5831768
COCCOCCOCCO[C@H]1C=CC2C3Cc4ccc(O)c5c4[C@@]2(CCN3C)[C@H]1O5,1,EC50,6.57,2,CHEMBL5819818
COCCOCCOCCOCCO[C@H]1C=CC2C3Cc4ccc(O)c5c4[C@@]2(CCN3C)[C@H]1O5,1,EC50,6.89,2,CHEMBL6020491
COCCOCCOCCOCCOCCO[C@H]1C=CC2C3Cc4ccc(O)c5c4[C@@]2(CCN3C)[C@H]1O5,1,EC50,6.8,2,CHEMBL5954769
COCCOCCOCCOCCOCCOCCO[C@H]1C=CC2C3Cc4ccc(O)c5c4[C@@]2(CCN3C)[C@H]1O5,1,EC50,6.38,2,CHEMBL6045906
COCCOCCOCCOCCOCCOCCOCCO[C@H]1C=CC2C3Cc4ccc(O)c5c4[C@@]2(CCN3C)[C@H]1O5,1,EC50,6.29,2,CHEMBL6011505
CN1CC[C@]23c4c5ccc(CO)c4O[C@H]2[C@@H](O)CC[C@@]3(O)C1C5,1,EC50,6.32,2,CHEMBL5785050
COCCOCCOCCOCCOCCOCCO[C@H]1C=CC2[C@H](N(C)C)Cc3ccc(OC)c4c3[C@@]2(C)[C@H]1O4,0,EC50,4.01,2,CHEMBL5797003
COCCOCCOCCOCCOCCOCCO[C@H]1CC[C@@]2(O)C3Cc4ccc(CO)c5c4[C@@]2(CCN3C)[C@H]1O5,0,EC50,4.9,1,CHEMBL5768330
COCCOCCOCCOCCOCCOCCOCCOCCOCCO[C@H]1CC[C@@]2(O)C3Cc4ccc(CO)c5c4[C@@]2(CCN3C)[C@H]1O5,0,EC50,4.75,1,CHEMBL5923324
COc1ccc2c3c1O[C@H]1[C@@H](O)C=CC([C@H](N(C)C)C2)[C@@]31C,0,EC50,4.98,1,CHEMBL5797988
COCCOCCOCCO[C@H]1C=CC2[C@H](N(C)C)Cc3ccc(OC)c4c3[C@@]2(C)[C@H]1O4,0,EC50,4.71,1,CHEMBL5927323
COCCOCCOCCOCCO[C@H]1C=CC2[C@H](N(C)C)Cc3ccc(OC)c4c3[C@@]2(C)[C@H]1O4,0,EC50,4.66,1,CHEMBL5803774
COCCOCCOCCOCCOCCO[C@H]1C=CC2[C@H](N(C)C)Cc3ccc(OC)c4c3[C@@]2(C)[C@H]1O4,0,EC50,4.63,1,CHEMBL5900914
COCCOCCOCCOCCOCCOCCOCCO[C@H]1C=CC2[C@H](N(C)C)Cc3ccc(OC)c4c3[C@@]2(C)[C@H]1O4,0,EC50,4.35,1,CHEMBL5907441
COCCOCCOCCOCCOCCOCCOCCOCCOCCO[C@H]1C=CC2[C@H](N(C)C)Cc3ccc(OC)c4c3[C@@]2(C)[C@H]1O4,0,EC50,4.32,1,CHEMBL5749907
Cc1cccc(NC2CCN(C(=O)Nc3ccc(F)cc3F)CC2)n1,0,Ki,4.86,2,CHEMBL5946491
CN1C(=O)N(c2cnc(C#N)nc2)C[C@]12CC[C@](c1cccc(F)c1)(N(C)C)CC2,0,Ki,4.96,1,CHEMBL5880347
CCN[C@]1(c2ccccc2)CC[C@@]2(CC1)CN(c1ccccc1C(N)=O)C(=O)N2,0,Ki,4.28,1,CHEMBL5932413
CCN[C@]1(c2ccccc2)CC[C@@]2(CC1)CN(c1ccc(C#N)cc1OC)C(=O)N2,0,Ki,4.4,1,CHEMBL5915948
Cc1cc(C(F)(F)F)ncc1N1C[C@]2(CC[C@](c3nc4ccccc4n3C)(N(C)C)CC2)NC1=O,0,Ki,4.62,1,CHEMBL5875383
CN1CCN(c2ncc(N3C[C@]4(CC[C@](c5ccccc5)(N(C)CC5CCOC5)CC4)NC3=O)cn2)CC1,0,Ki,4.7,1,CHEMBL5915914
c1ccc([C@]2(CCNCc3cc4c(s3)CCC4)CCOC3(CCCC3)C2)nc1,1,EC50,9.05,1,CHEMBL5945695
COc1ccsc1CNCC[C@]1(c2ccccn2)CCO[C@@]2(CCOC2)C1,1,EC50,6.42,1,CHEMBL5956666
COc1ccsc1CNCC[C@@]1(c2ccc(F)cc2)CCO[C@]2(CCOC2)C1,1,EC50,8.52,1,CHEMBL5956123
Fc1ccc([C@]2(CCNCc3scc4c3CCC4)CCO[C@]3(CCOC3)C2)cc1,1,EC50,10.15,1,CHEMBL5801313
Fc1ccnc([C@]2(CCNCc3scc4c3CCC4)CCO[C@]3(CCOC3)C2)c1,1,EC50,8.74,1,CHEMBL5993250
c1ccc([C@]2(CCNCc3scc4c3COC4)CCO[C@]3(CCOC3)C2)nc1,1,EC50,7.85,1,CHEMBL5879807
Clc1cccc(CNCC[C@@]2(c3ccccn3)CCO[C@]3(CCOC3)C2)c1,1,EC50,8.74,1,CHEMBL5828732
Cc1cccc(CNCC[C@@]2(c3ccccn3)CCO[C@]3(CCOC3)C2)c1,1,EC50,8.21,1,CHEMBL6055562
Cc1cc(C)cc(CNCC[C@@]2(c3ccccn3)CCO[C@]3(CCOC3)C2)c1,1,EC50,7.94,1,CHEMBL5827834
c1ccc([C@]2(CCNCc3cccc4c3CCCC4)CCO[C@]3(CCOC3)C2)nc1,1,EC50,8.85,1,CHEMBL5798289
Fc1ccc([C@]2(CCNCc3scc4c3COC4)CCO[C@]3(CCOC3)C2)cc1,1,EC50,8.17,1,CHEMBL5907830
Cc1ccsc1CNCC[C@@]1(c2ccc(F)cc2)CCO[C@]2(CCOC2)C1,1,EC50,8.39,1,CHEMBL6050043
Fc1ccc([C@]2(CCNCc3cccs3)CCO[C@]3(CCOC3)C2)cc1,1,EC50,7.7,1,CHEMBL5827328
Fc1ccc([C@]2(CCNCc3scc4c3CCCC4)CCO[C@]3(CCOC3)C2)cc1,1,EC50,9.7,1,CHEMBL6002964
Fc1ccc([C@]2(CCNCc3ccc(Cl)cc3)CCO[C@]3(CCOC3)C2)nc1,1,EC50,8.05,1,CHEMBL6046435
Fc1cc(Cl)cc(CNCC[C@@]2(c3ccccn3)CCO[C@]3(CCOC3)C2)c1,1,EC50,8.38,1,CHEMBL5874951
c1ccc([C@]2(CCNCc3cccc4c3CCC4)CCO[C@]3(CCOC3)C2)nc1,1,EC50,8.35,1,CHEMBL5928165
Clc1ccc(CNCC[C@@]2(c3ccccn3)CCO[C@]3(CCOC3)C2)cc1Cl,1,EC50,8.51,1,CHEMBL5748551
Clc1cc(Cl)cc(CNCC[C@@]2(c3ccccn3)CCO[C@]3(CCOC3)C2)c1,1,EC50,8.66,1,CHEMBL5898777
Cc1cccc(CNCC[C@@]2(c3ccc(F)cn3)CCO[C@]3(CCOC3)C2)c1,1,EC50,10.0,1,CHEMBL5934477
Fc1ccc([C@]2(CCNCc3cccc(F)c3)CCO[C@]3(CCOC3)C2)nc1,1,EC50,9.0,1,CHEMBL5865602
Fc1ccc([C@]2(CCNCc3cc(Cl)cc(Cl)c3)CCO[C@]3(CCOC3)C2)nc1,1,EC50,9.7,1,CHEMBL5931948
c1ccc([C@]2(CCN[C@H]3CCc4ccccc43)CCO[C@]3(CCOC3)C2)nc1,1,EC50,8.4,1,CHEMBL5884904
Fc1ccc([C@]2(CCN[C@H]3CCCc4ccccc43)CCO[C@]3(CCOC3)C2)nc1,1,EC50,9.7,1,CHEMBL6036437
c1ccc([C@]2(CCN[C@H]3CCCc4ccccc43)CCO[C@]3(CCOC3)C2)nc1,1,EC50,9.1,1,CHEMBL6041305
Fc1ccc([C@]2(CCN[C@@H]3CCc4ccccc43)CCO[C@]3(CCOC3)C2)nc1,1,EC50,8.34,1,CHEMBL5860692
Fc1ccc([C@]2(CCN[C@H]3CCc4ccccc43)CCO[C@]3(CCOC3)C2)nc1,1,EC50,10.4,1,CHEMBL5757634
CN(C)[C@H](CNC(=O)NCCc1cn(CCOCCN=[N+]=[N-])nn1)Cc1ccc(O)cc1,0,Ki,4.89,1,CHEMBL5983873
CN(C)[C@H](CNC(=O)NCCc1cn(CCOCCNC(=O)CCCC[C@H]2SC[C@@H]3NC(=O)N[C@@H]32)nn1)Cc1ccc(O)cc1,0,Ki,4.89,1,CHEMBL5852626
CC(C)C[C@@H](NC(=O)[C@@H](Cc1ccccc1)NC(=O)[C@H](N)Cc1ccccc1)C(=O)N[C@H](CCCCN)C(=O)N1CCC(B(O)O)CC1,0,EC50 (>),5.0,1,CHEMBL5938965
CC(C)C[C@@H](NC(=O)[C@@H](Cc1ccccc1)NC(=O)[C@H](N)Cc1ccccc1)C(=O)N[C@H](CCCCN)C(=O)N1CC[C@@H](B(O)O)C1,0,EC50 (>),5.0,1,CHEMBL5746992
CC(C)C[C@@H](NC(=O)[C@@H](Cc1ccccc1)NC(=O)[C@H](N)Cc1ccccc1)C(=O)N[C@H](CCCCN)C(=O)N1CC=C(B(O)O)C1,0,EC50 (>),5.0,1,CHEMBL5883628
CC(C)C[C@@H](NC(=O)[C@@H](Cc1ccccc1)NC(=O)[C@H](N)Cc1ccccc1)C(=O)N[C@H](CCCCN)C(=O)N1CCC=C(B(O)O)C1,0,EC50 (>),5.0,1,CHEMBL5970002
CC(C)C[C@@H](NC(=O)[C@@H](Cc1ccccc1)NC(=O)[C@H](N)Cc1ccccc1)C(=O)N[C@H](CCCCN)C(=O)N1CCC2(CC1)CC(B(O)O)C2,0,EC50 (>),5.0,1,CHEMBL5876833
CC(C)C[C@@H](NC(=O)[C@@H](Cc1ccccc1)NC(=O)[C@H](N)Cc1ccccc1)C(=O)N[C@H](CCCCN)C(=O)N1CCC(N)(B(O)O)CC1,0,EC50 (>),5.0,1,CHEMBL5976779
CC(C)C[C@@H](NC(=O)[C@@H](Cc1ccccc1)NC(=O)[C@H](N)Cc1ccccc1)C(=O)N[C@H](CCCCN)C(=O)N1CCC[C@H]1B(O)O,0,EC50 (>),5.0,1,CHEMBL6031369
CC(C)C[C@@H](NC(=O)[C@@H](Cc1ccccc1)NC(=O)[C@H](N)Cc1ccccc1)C(=O)N[C@H](CCCCN)C(=O)N1CCCC[C@H]1B(O)O,0,EC50 (>),5.0,1,CHEMBL5906683
COCCOCCNCCCC[C@@H](NC(=O)[C@@H](CC(C)C)NC(=O)[C@@H](Cc1ccccc1)NC(=O)[C@H](N)Cc1ccccc1)C(=O)N1CC[C@@H](B(O)O)C1,0,EC50 (>),5.0,1,CHEMBL5980441
CCCC[C@@H](NC(=O)[C@@H](Cc1ccccc1)NC(=O)[C@H](N)Cc1ccccc1)C(=O)N[C@H](CCCCN)C(=O)N1CCC(B(O)O)C1,0,EC50 (>),5.0,1,CHEMBL6013028
CN(CC(=O)O)C(=O)[C@H](Cc1ccccc1)NC(=O)[C@@H](CCCN=C(N)N)NC(=O)[C@@H](N)Cc1ccc(O)cc1,1,EC50,7.05,1,CHEMBL1355638
N=C(N)NCCC[C@@H]1C(=O)N[C@@H](Cc2ccccc2)C(=O)N(CC(N)=O)CCNC(=O)NCCCCCCN1C(=O)[C@@H](N)Cc1ccc(O)cc1,1,EC50,7.34,1,CHEMBL6148059
CCCC[C@@H](NC(=O)[C@@H](N)Cc1c(C)cc(O)cc1C)C(=O)NCC(=O)N[C@@H](Cc1ccc(Cl)cc1)C(=O)N1CCC(N(C(=O)CC)c2ccccc2)CC1,1,EC50,10.0,1,CHEMBL1649941
CCC(=O)N(c1ccccc1)C1CCN(C(=O)Cc2ccccc2)CC1,0,Ki (>),5.0,1,CHEMBL6120414
COCCOCCn1nc2c(c1C)-c1c(Cl)ccc3c1c(C)c(C(=O)O)n3CCCOc1cc(cc3c(F)c(Cl)ccc13)CCc1cc(nn1C)CSC2,0,Ki (>),5.0,4,CHEMBL5307562
