smiles,label,type,pChEMBL,n_records,chembl_ids
CC(c1ccccc1)n1cnc2cc(NS(=O)(=O)Cc3ccccc3Cl)ccc21,1,EC50,7.31,1,CHEMBL457271
Cc1c(C)c(C)c(S(=O)(=O)Nc2ccc3c(c2)ncn3-c2ccc3ccccc3c2)c(C)c1C,1,EC50,7.26,1,CHEMBL514896
O=S(=O)(Nc1ccc2c(c1)ncn2-c1ccc2ccccc2c1)c1ccccc1Cl,1,EC50,6.42,1,CHEMBL457674
CCCCCCn1cnc2cc(NS(=O)(=O)c3c(C)c(C)c(C)c(C)c3C)ccc21,1,EC50,7.89,1,CHEMBL465733
CCCCCCn1cnc2cc(NS(=O)(=O)c3ccccc3Cl)ccc21,1,EC50,7.26,1,CHEMBL465058
CCCc1ccc(S(=O)(=O)Nc2ccc3c(c2)ncn3Cc2ccccc2)cc1,1,EC50,7.28,1,CHEMBL517181
CC(C)(C)c1ccc(S(=O)(=O)Nc2ccc3c(c2)ncn3Cc2ccccc2)cc1,1,EC50,7.38,1,CHEMBL463679
Cc1c(C)c(C)c(S(=O)(=O)Nc2ccc3c(c2)ncn3Cc2ccccc2)c(C)c1C,1,EC50,9.15,1,CHEMBL463678
Cc1cc(C)c(S(=O)(=O)Nc2ccc3c(c2)ncn3Cc2ccccc2)c(C)c1,1,EC50,8.82,1,CHEMBL464497
Cc1cc(C)cc(S(=O)(=O)Nc2ccc3c(c2)ncn3Cc2ccccc2)c1,1,EC50,7.48,1,CHEMBL464496
Cc1ccccc1S(=O)(=O)Nc1ccc2c(c1)ncn2Cc1ccccc1,1,EC50,7.35,1,CHEMBL517474
O=S(=O)(Nc1ccc2c(c1)ncn2Cc1ccccc1)c1ccc(-c2ccccc2)cc1,1,EC50,6.41,1,CHEMBL458775
O=S(=O)(Nc1ccc2c(c1)ncn2Cc1ccccc1)c1ccc2ccccc2c1,1,EC50,7.29,1,CHEMBL516308
O=S(=O)(Nc1ccc2c(c1)ncn2Cc1ccccc1)c1cccc2ccccc12,1,EC50,7.7,1,CHEMBL457270
O=[N+]([O-])c1ccc(S(=O)(=O)Nc2ccc3c(c2)ncn3Cc2ccccc2)cc1,1,EC50,6.47,1,CHEMBL457278
O=[N+]([O-])c1ccccc1S(=O)(=O)Nc1ccc2c(c1)ncn2Cc1ccccc1,1,EC50,6.57,1,CHEMBL457277
O=S(=O)(Nc1ccc2c(c1)ncn2Cc1ccccc1)c1ccccc1F,1,EC50,7.0,1,CHEMBL516337
O=S(=O)(Nc1ccc2c(c1)ncn2Cc1ccccc1)c1ccccc1Br,1,EC50,7.7,1,CHEMBL464867
O=C(Cc1cccc2ccccc12)Nc1ccc2c(c1)ncn2Cc1ccccc1,1,EC50,6.66,1,CHEMBL464687
O=C(Cc1ccccc1Cl)Nc1ccc2c(c1)ncn2Cc1ccccc1,1,EC50,6.29,1,CHEMBL464686
O=S(=O)(Cc1ccccc1Cl)Nc1ccc2c(ccn2Cc2ccccc2)c1,1,EC50,6.71,1,CHEMBL514421
O=S(=O)(Nc1ccc2ncn(Cc3ccccc3)c2c1)c1ccccc1Cl,1,EC50,6.47,1,CHEMBL457297
O=S(=O)(Cc1ccccc1Cl)Nc1ccc2ncn(Cc3ccccc3)c2c1,1,EC50,6.42,1,CHEMBL457296
O=S(=O)(Nc1ccc2c(c1)ncn2Cc1ccccc1)c1ccccc1Cl,1,EC50,7.64,1,CHEMBL513946
O=[N+]([O-])c1ccccc1CS(=O)(=O)Nc1ccc2c(c1)ncn2Cc1ccccc1,1,EC50,6.37,1,CHEMBL457272
O=S(=O)(Cc1ccccc1Cl)Nc1ccc2c(c1)ncn2Cc1ccccc1,1,EC50,6.75,1,CHEMBL516149
Cn1c(-c2ccc(-c3cccc(S(C)(=O)=O)c3)cc2Cl)nnc1C1(c2ccc(Cl)cc2)CCC1,0,EC50 (>),4.6,1,CHEMBL495889
Cn1c(-c2ccc(-c3ccc(S(C)(=O)=O)cc3)cc2Cl)nnc1C1(c2ccc(Cl)cc2)CCC1,0,EC50 (>),4.6,1,CHEMBL497122
CCS(=O)(=O)c1cccc(-c2ccc(-c3nnc(C4(c5ccc(Cl)cc5)CCC4)n3C)c(Cl)c2)c1,0,EC50,4.6,2,CHEMBL521536
CCS(=O)(=O)c1ccccc1-c1ccc(-c2nnc(C3(c4ccc(Cl)cc4)CCC3)n2C)c(Cl)c1,1,EC50,6.16,2,CHEMBL496307
CCS(=O)(=O)c1ccc(-c2ccc(-c3nnc(C4(c5ccc(Cl)cc5)CCC4)n3C)c(Cl)c2)cc1,0,EC50 (>),4.6,2,CHEMBL497555
Cc1nccn1-c1ccc(-c2nnc(C3(c4ccc(Cl)cc4)CCC3)n2C)c(Cl)c1,0,EC50 (>),4.6,1,CHEMBL525360
Cn1c(-c2ccc(-n3ccnc3)cc2Cl)nnc1C1(c2ccc(Cl)cc2)CCC1,0,EC50,4.92,1,CHEMBL523414
CC(C)=CCC[C@]1(C)[C@@H](CC=C(C)C)C[C@]2(CC=C(C)C)C(=O)C(CC=C(C)C)=C(O)[C@@]1(C(=O)C(C)C)C2=O,1,EC50,7.4,3,CHEMBL1237210
C[C@H](CCN(Cc1cccc(C(F)(F)F)c1Cl)CC(c1ccccc1)c1ccccc1)Oc1cccc(CC(=O)O)c1,0,Ki (>),5.0,1,CHEMBL573651
C[C@H](CCOc1cccc(CC(=O)O)c1)N(Cc1cccc(C(F)(F)F)c1Cl)CC(c1ccccc1)c1ccccc1,0,Ki (>),5.0,1,CHEMBL573677
N#Cc1cc(F)c(-c2c(=O)ccn3c(-c4ccc(F)cc4F)cccc23)c(F)c1,0,EC50 (>),4.52,1,CHEMBL1098525
NC(=O)c1cc(F)c(-c2c(=O)ccn3c(-c4ccc(F)cc4F)cccc23)c(F)c1,0,EC50 (>),4.52,1,CHEMBL1098797
COC(=O)c1cc(F)c(-c2c(=O)ccn3c(-c4ccc(F)cc4F)cccc23)c(F)c1,0,EC50 (>),4.52,1,CHEMBL1096830
Cc1nnc(-c2cc(F)c(-c3c(=O)ccn4c(-c5ccc(F)cc5F)cccc34)c(F)c2)o1,0,EC50 (>),4.52,2,CHEMBL1098546
O=c1ccn2c(-c3ccc(F)cc3F)cccc2c1-c1c(F)cc(-c2nnco2)cc1F,0,EC50 (>),4.52,1,CHEMBL1098822
Nc1nnc(-c2cc(F)c(-c3c(=O)ccn4c(-c5ccc(F)cc5F)cccc34)c(F)c2)o1,0,EC50 (>),4.52,1,CHEMBL1098551
Cc1noc(-c2cc(F)c(-c3c(=O)ccn4c(-c5ccc(F)cc5F)cccc34)c(F)c2)n1,0,EC50 (>),4.52,1,CHEMBL1098552
CC(C)c1onc(-c2c(Cl)cccc2Cl)c1COc1ccc(N(C)Cc2ccc(C(=O)O)cc2)c(C(F)(F)F)n1,0,EC50 (>),2.89,1,CHEMBL1209109
CN([C@@H]1CCc2c(CC(=O)O)c3ccccc3n2C1)S(=O)(=O)c1ccc(F)cc1,0,EC50 (>),4.52,1,CHEMBL561132
CN([C@@H]1CCc2c(CC(=O)O)c3ccc(F)cc3n2C1)S(=O)(=O)c1ccc(F)cc1,0,EC50 (>),4.52,1,CHEMBL1643773
CN([C@@H]1CCc2c(CC(=O)O)c3ccc(F)c(F)c3n2C1)S(=O)(=O)c1ccc(F)cc1,0,EC50 (>),4.52,1,CHEMBL1643780
CN([C@@H]1CCc2c(CC(=O)O)c3cccc(F)c3n2C1)S(=O)(=O)c1ccc(F)cc1,0,EC50 (>),4.52,1,CHEMBL1643783
O=C(O)Cc1c2n(c3ccccc13)C[C@H](N(Cc1ccc(F)cc1)S(=O)(=O)c1ccc(F)cc1)CC2,0,EC50 (>),4.52,1,CHEMBL1643789
CC(C)(C)Cc1c[nH]c(CC(C)(O)c2ccc(-c3ccc(F)cn3)cc2)n1,0,EC50 (>),4.6,1,CHEMBL1672352
Cn1c(-c2ccc(C(N)=O)cc2C(N)=O)nnc1C1(c2ccc(Cl)cc2)CCC1,0,EC50 (>),4.52,1,CHEMBL1760808
Cn1c(-c2ccc(-c3cnccn3)cc2Cl)nnc1C1(c2ccc(Cl)cc2)CC(F)C1,0,EC50 (>),4.52,1,CHEMBL1760809
Cn1c(-c2ccc(C(=O)O)cc2Cl)nnc1C1(c2ccc(Cl)cc2)CCC1,0,EC50,4.75,1,CHEMBL1760680
Cn1c(-c2ccc(C(=O)O)cc2)nnc1C1(c2ccc(Cl)cc2)CCC1,0,EC50 (>),4.52,1,CHEMBL1760671
Cn1c(-c2ccc(C(N)=O)cc2)nnc1C1(c2ccc(Cl)cc2)CCC1,0,EC50 (>),4.52,1,CHEMBL1760672
CCNC(=O)c1ccc(-c2nnc(C3(c4ccc(Cl)cc4)CCC3)n2C)cc1,0,EC50 (>),4.52,1,CHEMBL1760673
Cn1c(-c2ccc(C(=O)NC(C)(C)C)cc2)nnc1C1(c2ccc(Cl)cc2)CCC1,0,EC50 (>),4.52,1,CHEMBL1760674
Cn1c(-c2ccc(C(=O)NC3CC3)cc2)nnc1C1(c2ccc(Cl)cc2)CCC1,0,EC50 (>),4.52,1,CHEMBL1760675
Cn1c(-c2ccc(C(=O)NC3CCC3)cc2)nnc1C1(c2ccc(Cl)cc2)CCC1,0,EC50 (>),4.52,1,CHEMBL1760676
Cn1c(-c2ccc(C(=O)N3CCC3)cc2)nnc1C1(c2ccc(Cl)cc2)CCC1,0,EC50 (>),4.52,1,CHEMBL1760677
Cn1c(-c2ccc(C(=O)N3CCCC3)cc2)nnc1C1(c2ccc(Cl)cc2)CCC1,0,EC50 (>),4.52,1,CHEMBL1760678
Cn1c(-c2ccc(C(=O)N3CCOCC3)cc2)nnc1C1(c2ccc(Cl)cc2)CCC1,0,EC50 (>),4.52,1,CHEMBL1760679
Cn1c(-c2ccc(C(N)=O)cc2Cl)nnc1C1(c2ccc(Cl)cc2)CCC1,0,EC50 (>),4.52,1,CHEMBL1760681
Cn1c(-c2ccc(N)cc2)nnc1C1(c2ccc(Cl)cc2)CCC1,0,EC50 (>),4.52,1,CHEMBL1760682
CC(=O)Nc1ccc(-c2nnc(C3(c4ccc(Cl)cc4)CCC3)n2C)cc1,0,EC50 (>),4.52,1,CHEMBL1760683
Cn1c(-c2ccc(NC(=O)c3cnccn3)cc2)nnc1C1(c2ccc(Cl)cc2)CCC1,0,EC50 (>),4.52,1,CHEMBL1760684
Cc1cc(C(=O)Nc2ccc(-c3nnc(C4(c5ccc(Cl)cc5)CCC4)n3C)cc2)c(C)o1,0,EC50 (>),4.52,1,CHEMBL1760686
Cn1c(-c2ccc(NC(=O)c3ccno3)cc2)nnc1C1(c2ccc(Cl)cc2)CCC1,0,EC50 (>),4.52,1,CHEMBL1760687
Cn1c(-c2ccc(N)cc2Cl)nnc1C1(c2ccc(Cl)cc2)CCC1,0,EC50 (>),4.52,1,CHEMBL1760688
CC(=O)Nc1ccc(-c2nnc(C3(c4ccc(Cl)cc4)CCC3)n2C)c(Cl)c1,0,EC50 (>),4.52,1,CHEMBL1760689
Cn1c(-c2ccc(NC(=O)c3cnccn3)cc2Cl)nnc1C1(c2ccc(Cl)cc2)CCC1,0,EC50 (>),4.52,1,CHEMBL1760690
Cn1c(-c2ccc(-c3cncnc3)cc2)nnc1C1(c2ccc(Cl)cc2)CCC1,0,EC50 (>),4.52,1,CHEMBL1760691
Cn1c(-c2ccc(-c3cnc(N)nc3)cc2)nnc1C1(c2ccc(Cl)cc2)CCC1,0,EC50 (>),4.52,1,CHEMBL1760791
Cn1c(-c2ccc(-c3cnc(O)nc3)cc2)nnc1C1(c2ccc(Cl)cc2)CCC1,0,EC50 (>),4.52,1,CHEMBL1760792
COc1ncc(-c2ccc(-c3nnc(C4(c5ccc(Cl)cc5)CCC4)n3C)cc2)c(OC)n1,0,EC50 (>),4.52,1,CHEMBL1760793
Cn1c(-c2ccc(-c3cnccn3)cc2)nnc1C1(c2ccc(Cl)cc2)CCC1,0,EC50 (>),4.52,1,CHEMBL1760794
Cn1c(-c2ccc(-c3cc(O)ncn3)cc2)nnc1C1(c2ccc(Cl)cc2)CCC1,0,EC50 (>),4.52,1,CHEMBL1760795
Cn1c(-c2ccc(-c3ccc(Cl)nn3)cc2)nnc1C1(c2ccc(Cl)cc2)CCC1,0,EC50 (>),4.52,1,CHEMBL1760796
Cn1c(-c2ccc(-c3ccc(N)nn3)cc2)nnc1C1(c2ccc(Cl)cc2)CCC1,0,EC50 (>),4.52,1,CHEMBL1760797
Cn1c(-c2ccc(-c3cnoc3)cc2)nnc1C1(c2ccc(Cl)cc2)CCC1,0,EC50,4.64,1,CHEMBL1760798
Cc1noc(C)c1-c1ccc(-c2nnc(C3(c4ccc(Cl)cc4)CCC3)n2C)cc1,0,EC50 (>),4.52,1,CHEMBL1760799
Cn1c(-c2ccc(-c3ccon3)cc2)nnc1C1(c2ccc(Cl)cc2)CCC1,0,EC50 (>),4.52,1,CHEMBL1760800
Cn1c(-c2ccc(-c3cccnc3)cc2F)nnc1C1(c2ccc(Cl)cc2)CCC1,0,EC50 (>),4.52,1,CHEMBL1760802
Cn1c(-c2ccc(-c3cccnc3)cc2O)nnc1C1(c2ccc(Cl)cc2)CCC1,0,EC50 (>),4.52,1,CHEMBL1760804
Cn1c(-c2ccc(-c3cnccn3)cc2OC(F)F)nnc1C1(c2ccc(Cl)cc2)CCC1,0,EC50 (>),4.52,1,CHEMBL1760806
Cn1c(-c2ccc(-c3cnccn3)cc2C(N)=O)nnc1C1(c2ccc(Cl)cc2)CCC1,0,EC50 (>),4.52,1,CHEMBL1760807
Cc1c(Cl)cccc1Oc1cccn2c(C3CCCCCC3)nnc12,1,EC50,6.82,1,CHEMBL1800116
Cc1c(Cl)cccc1Oc1cccn2c(C34CCC(CC3)C4)nnc12,1,EC50,6.82,1,CHEMBL1800117
COC1(c2nnc3c(Oc4cccc(Cl)c4C)cccn23)CCCCCC1,1,EC50,6.82,1,CHEMBL1800118
COC12CC3CC(C1)CC(c1nnc4c(Oc5cccc(Cl)c5C)cccn14)(C3)C2,1,EC50,6.82,1,CHEMBL1800119
Cc1c(Cl)cccc1Oc1cccn2c([C@]34CCC(C[C@H]3O)C4(C)C)nnc12,1,EC50,6.82,1,CHEMBL1800120
Cc1c(Cl)cccc1Oc1cccn2c(CC3CC4CCC3C4)nnc12,1,EC50,6.82,1,CHEMBL1800121
Cc1c(Cl)cccc1Oc1cccn2c(C34CCC(F)(CC3)CC4)nnc12,1,EC50,6.82,1,CHEMBL1800133
Cc1c(Cl)cccc1Oc1cccn2c(C34CCC(O)(CC3)CC4)nnc12,0,EC50 (>),4.3,1,CHEMBL1800134
Cc1ccc(N2CC(COc3ccc(-c4noc(C)n4)cc3)C2)nn1,0,EC50,4.5,1,CHEMBL1835918
Cc1cc(CCCOc2c(C)cc(-c3noc(C(F)(F)F)n3)cc2C)on1,1,EC50,6.6,1,CHEMBL29609
O=C(O)CC1(c2ccc(F)cc2)C2CC3CC(C2)CC1C3,0,EC50 (>),4.3,1,CHEMBL1362332
O=c1ccn2nc(Oc3ccc(F)cc3F)ccc2c1-c1c(F)cccc1F,0,EC50 (>),4.52,1,CHEMBL2088586
Cc1nnc(-c2ccc(F)c(-c3c(=O)ccn4c(-c5ccc(F)cc5F)cccc34)c2)o1,0,EC50 (>),4.52,1,CHEMBL1096192
CC(C)(O)c1nc(-c2cccc3c2N(S(=O)(=O)c2ccc(OC(F)(F)F)cc2)Cc2ccc(C(F)(F)F)nc2N3)no1,0,EC50 (>),4.52,1,CHEMBL2023109
CC(C)(O)c1nc(-c2cccc3c2N(S(=O)(=O)c2ccc(C(F)(F)F)cc2)Cc2ccc(C(F)(F)F)nc2N3)no1,0,EC50 (>),4.52,1,CHEMBL2164225
CC(C)(C)c1ccc(S(=O)(=O)N2Cc3ccc(C(F)(F)F)nc3Nc3cccc(-c4noc(C(C)(C)O)n4)c32)cc1,0,EC50 (>),5.0,1,CHEMBL2164223
C[C@@H](O)c1nc(-c2cccc3c2N(S(=O)(=O)c2ccc(C(C)(C)C)cc2)Cc2ccc(C(F)(F)F)nc2N3)no1,0,EC50 (>),4.6,1,CHEMBL2164222
C[C@H](O)c1nc(-c2cccc3c2N(S(=O)(=O)c2ccc(C(C)(C)C)cc2)Cc2ccc(C(F)(F)F)nc2N3)no1,0,EC50 (>),5.0,1,CHEMBL2164582
CC(C)(C)c1ccc(S(=O)(=O)N2Cc3ccc(C(F)(F)F)nc3Nc3cccc(-c4ncon4)c32)cc1,0,EC50,4.93,1,CHEMBL2164580
Cc1ccc2c(c1C)N(S(=O)(=O)c1ccc(C(C)(C)C)cc1)Cc1ccc(C(F)(F)F)nc1N2,1,EC50,6.17,2,CHEMBL2164575
CS(=O)(=O)c1ccc(F)cc1C(=O)N1CCC(N(C2CC2)S(=O)(=O)c2cccc(C(F)(F)F)c2)CC1,1,EC50,6.37,1,CHEMBL2180905
O=C(c1ccc(OCCN2CCCCC2)cc1)c1c(-c2ccc(O)cc2)sc2cc(O)ccc12,0,EC50,4.93,1,CHEMBL81
COCCOC(=O)C1=C(C)NC(C)=C(C(=O)OC(C)C)C1c1cccc([N+](=O)[O-])c1,1,EC50,6.41,2,CHEMBL1428
Cc1ccccc1[C@H]1C[C@@H](NCc2ccc(Cl)cc2)CC[C@@H]1C(=O)N1CC(c2ccccc2)(c2ccccc2)C1,0,EC50 (>),4.82,1,CHEMBL3086045
CC(C)(C1CCN(C(=O)c2ccc(S(C)(=O)=O)cc2OC(F)(F)F)CC1)S(=O)(=O)c1cccc(C(F)(F)F)c1,0,EC50 (>),4.52,1,CHEMBL3092197
NC(=O)c1ccc(C(=O)N2CCC(N(C3CC3)S(=O)(=O)c3cccc(C(F)(F)F)c3)CC2)c(OC(F)(F)F)c1,0,EC50 (>),5.0,1,CHEMBL3092208
CS(=O)(=O)c1ccc(C(=O)N2CCC(N(C3CC3)S(=O)(=O)c3cccc(C(F)(F)F)c3)CC2)c(Cl)c1,0,EC50,4.97,1,CHEMBL3092204
CCN(c1ccc(C(O)(C(F)(F)F)C(F)(F)F)cc1)S(=O)(=O)c1ccccc1,1,EC50,7.41,1,CHEMBL2326845
O=S(=O)(c1ccc(F)cc1)N(CC(F)(F)F)c1ccc(C(O)(C(F)(F)F)C(F)(F)F)cc1,1,EC50,6.72,2,CHEMBL3094369
N#Cc1ccc(S(=O)(=O)N(CC(F)(F)F)c2ccc(C(O)(C(F)(F)F)C(F)(F)F)cc2)cc1,1,EC50,6.24,1,CHEMBL3094367
O=S(=O)(c1ccccc1)N(CC(F)(F)F)c1ccc(C(O)(C(F)(F)F)C(F)(F)F)cc1,1,EC50,8.1,8,CHEMBL62136
c1ccc(-c2ccc(C3(Cc4nnn[nH]4)C4CC5CC(C4)CC3C5)cc2)cc1,0,EC50 (>),4.3,1,CHEMBL3103437
CC(C)[C@H](C)CC[C@@H](C)[C@H]1CCC2=C3CC[C@H]4[C@H](C)[C@H](O)CC[C@]4(C)[C@H]3CC[C@@]21C,0,EC50,4.75,1,CHEMBL3122141
C=C1[C@@H](O)CC[C@@]2(C)[C@H]1CCC1=C3CC[C@H]([C@H](C)CCC=C(C)C)[C@@]3(C)CC[C@@H]12,0,EC50,4.68,1,CHEMBL3122144
COc1ccc2c(c1)[C@@H]1C[C@]1(C(=O)N1[C@@H]3CC[C@H]1CN(C)C3)Cn1c-2c(C2CCCCC2)c2ccc(C(=O)NS(=O)(=O)N(C)C)cc21,0,EC50 (>),4.3,2,CHEMBL4105584
CCN1CC2CCC(C1)N2C(=O)C12CC1c1cc(OC)ccc1-c1c(C3CCCCC3)c3ccc(C(=O)NS(=O)(=O)N(C)C)cc3n1C2,0,EC50 (>),4.3,1,CHEMBL3126841
COc1ccc2c(c1)C1CC1(C(=O)N1C3CCC1CN(C)C3)Cn1c-2c(C2CCCCC2)c2ccc(C(=O)NS(=O)(=O)N(C)C)cc21,1,EC50,6.0,1,CHEMBL3126839
COc1ccc2c(c1)C1CC1(C(=O)N1CC3CCC(C1)N3)Cn1c-2c(C2CCCCC2)c2ccc(C(=O)NS(=O)(=O)N(C)C)cc21,0,EC50 (>),4.3,1,CHEMBL3126838
CCN1CC2CC(C1)N2C(=O)[C@]12C[C@H]1c1cc(OC)ccc1-c1c(C3CCCCC3)c3ccc(C(=O)NS(=O)(=O)N(C)C)cc3n1C2,0,EC50 (>),4.3,1,CHEMBL3126835
COc1ccc2c(c1)[C@@H]1C[C@]1(C(=O)N1C3CC1CN(C)C3)Cn1c-2c(C2CCCCC2)c2ccc(C(=O)NS(=O)(=O)N(C)C)cc21,0,EC50 (>),4.3,1,CHEMBL3126834
COc1ccc2c(c1)C1CC1(C(=O)N1C3CC1CN(C)C3)Cn1c-2c(C2CCCCC2)c2ccc(C(=O)NS(=O)(=O)N(C)C)cc21,0,EC50 (>),4.3,1,CHEMBL3126658
COc1ccc2c(c1)C1CC1(C(=O)N1C3CNCC1C3)Cn1c-2c(C2CCCCC2)c2ccc(C(=O)NS(=O)(=O)N(C)C)cc21,0,EC50 (>),4.3,1,CHEMBL3126657
COc1ccc2c(c1)C1CC1(C(=O)N1CCN(C(=O)N(C)C)CC1)Cn1c-2c(C2CCCCC2)c2ccc(C(=O)NS(=O)(=O)N(C)C)cc21,0,EC50 (>),4.3,1,CHEMBL3126656
COc1ccc2c(c1)C1CC1(C(=O)N1CCN(C(C)=O)CC1)Cn1c-2c(C2CCCCC2)c2ccc(C(=O)NS(=O)(=O)N(C)C)cc21,0,EC50 (>),4.3,1,CHEMBL3126655
COc1ccc2c(c1)C1CC1(C(=O)N1C[C@@H](C)N(C(C)=O)[C@@H](C)C1)Cn1c-2c(C2CCCCC2)c2ccc(C(=O)NS(=O)(=O)N(C)C)cc21,0,EC50 (>),4.3,1,CHEMBL3126861
COc1ccc2c(c1)C1CC1(C(=O)N1C[C@@H](C)N(C)[C@@H](C)C1)Cn1c-2c(C2CCCCC2)c2ccc(C(=O)NS(=O)(=O)N(C)C)cc21,0,EC50 (>),4.3,1,CHEMBL3126860
COc1ccc2c(c1)C1CC1(C(=O)N1C[C@@H](C)N[C@@H](C)C1)Cn1c-2c(C2CCCCC2)c2ccc(C(=O)NS(=O)(=O)N(C)C)cc21,0,EC50 (>),4.3,1,CHEMBL3126859
COc1ccc2c(c1)C1CC1(C(=O)N1CC(O)(c3ccc(F)cc3)C1)Cn1c-2c(C2CCCCC2)c2ccc(C(=O)NS(=O)(=O)N(C)C)cc21,0,EC50 (>),4.3,1,CHEMBL3126858
COc1ccc2c(c1)C1CC1(C(=O)N1CC(O)(c3ccccc3)C1)Cn1c-2c(C2CCCCC2)c2ccc(C(=O)NS(=O)(=O)N(C)C)cc21,0,EC50 (>),4.3,1,CHEMBL3126857
COc1ccc2c(c1)C1CC1(C(=O)N1CC(O)(C3CC3)C1)Cn1c-2c(C2CCCCC2)c2ccc(C(=O)NS(=O)(=O)N(C)C)cc21,0,EC50 (>),4.3,1,CHEMBL3126856
COc1ccc2c(c1)C1CC1(C(=O)N1CC(O)(C(C)C)C1)Cn1c-2c(C2CCCCC2)c2ccc(C(=O)NS(=O)(=O)N(C)C)cc21,0,EC50 (>),4.3,1,CHEMBL3126855
COc1ccc2c(c1)C1CC1(C(=O)N1CC(C)(O)C1)Cn1c-2c(C2CCCCC2)c2ccc(C(=O)NS(=O)(=O)N(C)C)cc21,0,EC50 (>),4.3,1,CHEMBL3126853
COc1ccc2c(c1)C1CC1(C(=O)N1CC(O)C1)Cn1c-2c(C2CCCCC2)c2ccc(C(=O)NS(=O)(=O)N(C)C)cc21,0,EC50 (>),4.3,1,CHEMBL3126852
COc1ccc2c(c1)C1CC1(C(=O)N1CC3CCC(C1)O3)Cn1c-2c(C2CCCCC2)c2ccc(C(=O)NS(=O)(=O)N(C)C)cc21,1,EC50,6.22,1,CHEMBL3126851
COC[C@H]1CN(C(=O)[C@]23C[C@H]2c2cc(OC)ccc2-c2c(C4CCCCC4)c4ccc(C(=O)NS(=O)(=O)N(C)C)cc4n2C3)CCO1,0,EC50 (>),4.3,1,CHEMBL3126849
CC(=O)N1CCN(c2ccc(CN(CC(C)C)S(=O)(=O)Cc3ccccc3)cc2)CC1,0,EC50 (>),5.0,1,CHEMBL3317833
CC(=O)N1CCN(c2ccc(CN(C3CCC3)S(=O)(=O)Cc3ccccc3)cc2)CC1,0,EC50 (>),5.0,1,CHEMBL3317836
CC(=O)N1CCN(c2ccc(CN(C(C)C)S(=O)(=O)Cc3ccccc3)cc2)CC1,0,EC50 (>),5.0,1,CHEMBL3317840
CC(=O)N1CCN(c2ccc(CN(CC(F)(F)F)S(=O)(=O)Cc3ccccc3)cc2)CC1,0,EC50 (>),5.0,1,CHEMBL3317843
CC(C)c1cccn2c(C3(c4ccc(Cl)cc4)CC3)nnc12,1,EC50,6.0,1,CHEMBL3318979
Clc1ccc(C2(c3nnc4c(C5CC5)cccn34)CC2)cc1,0,EC50,4.3,1,CHEMBL3318978
Clc1ccc(C2(c3nnc4c(C5CCC5)cccn34)CC2)cc1,1,EC50,6.05,1,CHEMBL3318977
Clc1ccc(C2(c3nnc4c(OC5CCCCC5)cccn34)CC2)cc1,1,EC50,6.22,1,CHEMBL3318973
Clc1ccc(C2(c3nnc4c(Oc5ccc6ccccc6c5)cccn34)CC2)cc1,1,EC50,6.1,1,CHEMBL3318971
Clc1ccc(C2(c3nnc4c(Oc5ccccc5-c5ccccc5)cccn34)CC2)cc1,1,EC50,6.3,1,CHEMBL3318970
CS(=O)(=O)c1ccccc1Oc1cccn2c(C3(c4ccc(Cl)cc4)CC3)nnc12,1,EC50,6.16,1,CHEMBL3318969
FC(F)(F)Oc1ccccc1Oc1cccn2c(C3(c4ccc(Cl)cc4)CC3)nnc12,1,EC50,6.52,1,CHEMBL3318967
Clc1ccc(C2(c3nnc4c(Oc5ccccc5N5CCOCC5)cccn34)CC2)cc1,1,EC50,6.4,1,CHEMBL3318966
Clc1ccc(C2(c3nnc4c(Oc5cccc(Cl)c5)cccn34)CC2)cc1,1,EC50,6.1,1,CHEMBL3318963
Clc1ccc(C2(c3nnc4c(Oc5ccccc5Cl)cccn34)CC2)cc1,1,EC50,6.01,1,CHEMBL3318962
CC(C)[C@@H](NC(=O)N[C@@H]1CC[C@@H](O)C1)C(=O)N1CC[C@](O)(c2ccc(Cl)cc2)C(C)(C)C1,0,EC50 (>),4.3,1,CHEMBL3334726
CC(C)[C@@H](NC(=O)N[C@@H]1CC[C@H](O)C1)C(=O)N1CC[C@](O)(c2ccc(Cl)cc2)C(C)(C)C1,0,EC50 (>),4.3,1,CHEMBL3334728
CC(C)[C@@H](NC(=O)N[C@H]1CC[C@@H](O)C1)C(=O)N1CC[C@](O)(c2ccc(Cl)cc2)C(C)(C)C1,0,EC50,4.72,1,CHEMBL3334815
CC(C)[C@@H](NC(=O)NC[C@H](C)O)C(=O)N1CC[C@](O)(c2ccc(Cl)cc2)C(C)(C)C1,0,EC50 (>),4.6,1,CHEMBL3334821
CC(C)[C@@H](NC(=O)NC[C@@H](C)O)C(=O)N1CC[C@](O)(c2ccc(Cl)cc2)C(C)(C)C1,0,EC50 (>),4.6,1,CHEMBL3334823
CC(C)[C@@H](NC(=O)NCC(C)(C)O)C(=O)N1CC[C@](O)(c2ccc(Cl)cc2)C(C)(C)C1,0,EC50 (>),4.6,1,CHEMBL3334824
CC(C)[C@@H](NC(=O)CCC(C)(C)O)C(=O)N1CC[C@](O)(c2ccc(Cl)cc2)C(C)(C)C1,0,EC50,4.6,1,CHEMBL3334825
CCS(=O)(=O)c1ccc(CC(=O)Nc2nc(-c3cccc(Cl)c3)c(C(=O)c3ccccc3Cl)s2)cc1,1,EC50,6.58,1,CHEMBL3105681
CCOP(=O)(OCC)C(=Cc1cc(C(C)(C)C)c(O)c(C(C)(C)C)c1)P(=O)(OCC)OCC,1,EC50,7.22,3,CHEMBL458767
COc1ccc(CNC(=O)c2cc(-c3cncc(C)c3)ncc2-c2nccs2)nc1OC,0,EC50 (>),4.52,1,CHEMBL3338865
CS(=O)(=O)c1ccc(-n2cc(Cl)c(OC3CCN(c4ncc(Cl)cn4)CC3)cc2=O)c(F)c1,0,EC50 (>),4.3,1,CHEMBL3338194
CCCc1cnc(N2CCC(Oc3ccn(-c4ccc(S(C)(=O)=O)cc4F)c(=O)c3)CC2)nc1,0,EC50 (>),4.3,1,CHEMBL3338181
O=c1[nH]c2ccccc2n1CCCN1CCN(C(c2ccccc2)c2ccccc2)CC1,1,EC50,6.4,1,CHEMBL13828
CCCCN1CCCC1C(=O)Nc1c(C)cc(C)cc1C,0,EC50,4.96,1,CHEMBL1870919
COc1ccccc1Oc1c(NS(=O)(=O)c2ccc(C(C)(C)C)cc2)nc(-c2ncccn2)nc1OCCO,0,EC50,4.9,3,CHEMBL957
COC(c1ccccc1)(c1ccccc1)[C@H](Oc1nc(C)cc(C)n1)C(=O)O,0,EC50,4.5,2,CHEMBL1111
CCOC(=O)C1=C(COCCN)NC(C)=C(C(=O)OC)C1c1ccccc1Cl,0,EC50,4.5,2,CHEMBL1200402
Oc1c(Cl)cc(Cl)c2cccnc12,0,EC50,4.4,1,CHEMBL1200596
CC1=C(C)C(=O)C(CCCCC#CCCCC#CCO)=C(C)C1=O,0,EC50,4.55,1,CHEMBL304818
CCC(=O)[C@@]1(C)[C@H](C)C[C@H]2[C@@H]3CCC4=CC(=O)C=C[C@]4(C)[C@H]3[C@@H](O)C[C@@]21C,1,EC50,6.4,1,CHEMBL1200617
CCOP(=O)(OCC)O/C(=C/Cl)c1ccc(Cl)cc1Cl,0,EC50,4.9,1,CHEMBL1411951
CC1(COc2ccc(CC3SC(=O)NC3=O)cc2)CCCCC1,0,EC50,4.85,1,CHEMBL7002
CN1CCN(CC/C=C2/c3ccccc3Sc3ccc(S(=O)(=O)N(C)C)cc32)CC1,0,EC50,4.9,1,CHEMBL1200902
CC(C)(C)c1cc(O)ccc1O,0,EC50,4.9,1,CHEMBL242080
CC(=O)[C@@]1(O)CC[C@H]2[C@@H]3C[C@H](C)C4=CC(=O)C=C[C@]4(C)[C@@]3(F)[C@@H](O)C[C@@]21C,0,EC50,4.9,1,CHEMBL1200600
Cc1cc(C)cc(C(=O)OC2CC3CCC(C2)N3C)c1,0,EC50,4.8,1,CHEMBL40883
CN[C@H]1CCc2cc(OC)c(OC)c(OC)c2-c2ccc(OC)c(=O)cc21,0,EC50,4.9,1,CHEMBL312862
CC(C)(C)c1ccc2c(S(=O)(=O)[O-])c(C(C)(C)C)ccc2c1,0,EC50,4.6,1,CHEMBL2107554
N#CC(c1ccc(Cl)cc1)c1c(Cl)cc(-n2ncc(=O)[nH]c2=O)cc1Cl,0,EC50,4.5,2,CHEMBL284733
Nc1ccc(C(=O)Nc2ccccc2N)cc1,0,EC50,4.55,1,CHEMBL1351761
CCCCCc1cc(O)c2c(c1)OC(C)(C)[C@@H]1CCC(C)=C[C@@H]21,0,EC50,4.9,2,CHEMBL465
CC[C@@]12CCCN3CCc4c(n(c5ccccc45)C(=O)C1)[C@H]32,0,EC50,4.85,1,CHEMBL1318553
Cc1ccc(/C=C2/C(=O)C3(C)CCC2C3(C)C)cc1,0,EC50,4.5,2,CHEMBL2104261
C/C(=C\c1csc(C)n1)[C@@H]1C[C@@H]2O[C@]2(C)CCC[C@H](C)[C@H](O)[C@@H](C)C(=O)C(C)(C)[C@@H](O)CC(=O)O1,0,EC50,4.9,1,CHEMBL94657
COCC(=O)Nc1cc(Sc2ccccc2)ccc1N=C(NC(=O)OC)NC(=O)OC,0,EC50,4.8,1,CHEMBL1080983
CCC(=O)N(c1ccccc1)C1CCN(CCc2ccccc2)CC1,0,AC50 (>),4.52,3,CHEMBL596
CC(C)(C)NC(=O)[C@@H]1CN(Cc2cccnc2)CCN1C[C@@H](O)C[C@@H](Cc1ccccc1)C(=O)N[C@H]1c2ccccc2C[C@H]1O,0,EC50,4.85,2,CHEMBL1735
C#C[C@]1(O)CC[C@H]2[C@@H]3CCC4=C/C(=N/O)CC[C@@H]4[C@H]3CC[C@@]21CC,0,EC50,4.6,1,CHEMBL1200807
CCCC(C(=O)OCCN(CC)CC)(c1ccccc1)c1ccccc1,0,EC50,4.9,2,CHEMBL347036
CO[C@H]1/C=C/O[C@@]2(C)Oc3c(C)c(O)c4c(O)c(c5c(nc6cc(C)ccn65)c4c3C2=O)NC(=O)/C(C)=C\C=C\[C@H](C)[C@H](O)[C@@H](C)[C@@H](O)[C@@H](C)[C@H](OC(C)=O)[C@@H]1C,0,EC50,4.95,3,CHEMBL1617
O=C1NCN(c2ccccc2)C12CCN(CC1COc3ccccc3O1)CC2,0,EC50,4.7,2,CHEMBL300555
O=C(CCCCCCC(=O)Nc1ccccc1)NO,0,AC50 (>),4.52,2,CHEMBL98
O=C1/C(=C\c2cccs2)CCC/C1=C/c1cccs1,0,EC50,4.95,1,CHEMBL1702784
CC(C)CCC(=O)O[C@H]1CC[C@H]2[C@@H]3CCC4=CC(=O)CC[C@]4(C)[C@H]3CC[C@]12C,0,EC50,4.55,2,CHEMBL3189011
CN1c2ccccc2C(NCCCCCCC(=O)[O-])c2ccc(Cl)cc2S1(=O)=O,0,EC50,4.85,2,CHEMBL2361572
Cc1c(C)c2c(c(C)c1O)CCC(C)(COc1ccc(CC3SC(=O)NC3=O)cc1)O2,0,AC50 (>),4.52,2,CHEMBL408
COc1cc(C(=O)NS(=O)(=O)c2ccccc2C)ccc1Cc1cn(C)c2ccc(NC(=O)OC3CCCC3)cc12,0,EC50,4.85,3,CHEMBL603
C[C@H]1CCC[C@H](O)CCCCCc2cc(O)cc(O)c2C(=O)O1,0,EC50,4.62,2,CHEMBL450613
Oc1c(Cl)cc(Cl)cc1Sc1cc(Cl)cc(Cl)c1O,0,EC50,4.9,1,CHEMBL290106
C[C@@H]1C[C@H]2[C@@H]3CCC4=CC(=O)C=C[C@]4(C)[C@@]3(F)[C@@H](O)C[C@]2(C)[C@H]1C(=O)CO,0,EC50,4.5,1,CHEMBL1766
OCC(S)CS,0,EC50,4.3,1,CHEMBL1597
N[C@H](C(=O)O)[C@H](O)c1ccc(O)c(O)c1,1,EC50,8.4,1,CHEMBL2103827
CN1CCc2cc(Cl)c(O)cc2[C@H]2c3ccccc3CC[C@@H]21,0,EC50,4.9,1,CHEMBL1535402
CC[C@@H](C(=O)[C@@H](C)[C@@H](O)[C@H](C)CCc1ccc(C)c(O)c1C(=O)[O-])[C@H]1O[C@](CC)([C@H]2CC[C@](O)(CC)[C@H](C)O2)C[C@@H]1C,0,EC50,4.75,1,CHEMBL1489769
N[C@@H](Cc1cc(I)c(Oc2cc(I)c(O)c(I)c2)c(I)c1)C(=O)O,0,AC50 (>),4.52,2,CHEMBL1624
CCOC(=O)N1CCC(=C2c3ccc(Cl)cc3CCc3cccnc32)CC1,0,EC50,4.9,1,CHEMBL998
C=C1c2cccc(O)c2C(=O)C2=C(O)[C@]3(O)C(=O)C(C(N)=O)=C(O)[C@@H](N(C)C)[C@@H]3[C@@H](O)[C@H]12,0,EC50,4.9,1,CHEMBL2146123
C[C@H]1C[C@@H]2[C@H]([C@@H](O)C[C@@]3(C)[C@H]2CC[C@]3(O)C(=O)CO)[C@@]2(C)C=CC(=O)C=C12,0,EC50,4.9,1,CHEMBL650
COC(=O)C1=C(C)NC(C)=C(C(=O)OCC(C)C)C1c1ccccc1[N+](=O)[O-],0,EC50,4.9,1,CHEMBL1726
CCCCCCCCCCC[C@@H](C[C@@H]1OC(=O)[C@H]1CCCCCC)OC(=O)[C@H](CC(C)C)NC=O,0,EC50,4.55,1,CHEMBL175247
CC(C)N1CCN(c2ccc(OCC3COC(Cn4cncn4)(c4ccc(Cl)cc4Cl)O3)cc2)CC1,0,EC50,4.85,1,CHEMBL1714574
CCCCCCCCCCCCCCCC[N+](C)(C)CCN(Cc1ccc(OC)cc1)c1ncccn1,0,EC50,4.95,1,CHEMBL1200883
C[C@@H]1CC[C@H]2[C@@H](C)C(=O)O[C@@H]3O[C@@]4(C)CC[C@@H]1[C@]32OO4,0,EC50,4.52,1,CHEMBL269671
O=C(c1cc(S(=O)(=O)Nc2ccccc2F)c(F)cc1Cl)N1CCN2CCC[C@@H]2C1,0,EC50 (>),5.0,1,CHEMBL3589557
[2H]C([2H])([2H])N(C(=O)c1c(F)cccc1Cl)c1ccc(-c2cc(NC(C)=O)nn2C(C)C)cc1OCC1CCC1,0,EC50 (>),5.0,1,CHEMBL3598044
[2H]C([2H])([2H])N(C(=O)c1c(F)cccc1Cl)c1ccc(-c2cc(NC(C)=O)nn2C(C)C)cc1N1CCCC1,1,EC50,6.1,1,CHEMBL3598048
[2H]C([2H])([2H])N(C(=O)c1c(F)cccc1Cl)c1ccc(-c2cc(NC(C)=O)nn2C(C)C)cc1N1CCCCC1,0,EC50 (>),5.0,1,CHEMBL3598049
[2H]C([2H])([2H])N(C(=O)c1c(F)cccc1Cl)c1ccc(-c2cc(NC(C)=O)nn2C(C)C)cc1-c1ccccc1,0,EC50 (>),5.0,1,CHEMBL3598050
[2H]C([2H])([2H])N(C(=O)c1c(Cl)cccc1Cl)c1ccc(-c2cc(NC(C)=O)nn2C(C)C)cc1N1CC2CC2C1,1,EC50,6.3,1,CHEMBL3598052
[2H]C([2H])([2H])N(C(=O)c1c(C)cccc1F)c1ccc(-c2cc(NC(C)=O)nn2C(C)C)cc1N1CC2CC2C1,0,EC50 (>),5.0,1,CHEMBL3598053
[2H]C([2H])([2H])N(C(=O)c1c(F)cccc1Cl)c1ccc(-c2cc(NC(C)=O)nn2C2CCCC2)cc1N1CC2CC2C1,1,EC50,6.3,1,CHEMBL3598070
[2H]C([2H])([2H])N(C(=O)c1c(F)cccc1Cl)c1ccc(-c2cc(NC(C)=O)nn2C(C)C2CC2)cc1N1CC2CC2C1,1,EC50,6.05,1,CHEMBL3598075
CC(=O)Nc1nc(C(C)C)c(-c2cnc(N(C)C(=O)c3c(F)cccc3Cl)c(N3CCCCC3)c2)s1,1,EC50,6.4,1,CHEMBL3598077
O=C(O)c1ccc(-c2nc(C(=O)c3c(Cl)cccc3C(F)(F)F)n3ccccc23)cc1,0,EC50 (>),5.0,1,CHEMBL3598141
O=C(O)c1ccc(-c2nc(C(=O)c3c(Cl)cccc3C(F)(F)F)n3ccccc23)cc1O,0,EC50 (>),5.0,1,CHEMBL3598148
O=C(O)c1ccc(-c2nc(C(=O)c3c(Cl)cccc3C(F)(F)F)n3ccccc23)c(F)c1,0,EC50 (>),5.0,1,CHEMBL3598149
O=C(O)c1ccc(-c2nc(C(=O)c3c(Cl)cccc3C(F)(F)F)n3c2CCCC3)c(F)c1,0,EC50 (>),5.0,1,CHEMBL3596270
O=C(O)c1ccc(-c2nc(C(=O)c3c(Cl)cccc3C3CC3)n3c2CCCC3)c(F)c1,0,EC50 (>),5.0,1,CHEMBL3596276
O=C(O)c1ccc(-c2nc(C(=O)c3c(Cl)cccc3C3CC3)n3cccnc23)cc1O,0,EC50 (>),5.0,1,CHEMBL3596279
CN[C@@H](C)C(=O)N[C@H](C(=O)N1C[C@H]2CCCCOc3ccc(cc3)C[C@@H](C(=O)O)NC(=O)[C@H](Cc3ccc4ccccc4c3)NC(=O)[C@@H]3C[C@@H](CN3C(=O)[C@@H](NC(=O)[C@H](C)NC)C(C)(C)C)n3cc(nn3)COc3ccc(cc3)C[C@@H](NS(=O)(=O)C3CC3)NC(=O)[C@H](Cc3ccc4ccccc4c3)NC(=O)[C@@H]1C2)C(C)(C)C,0,EC50 (>),4.3,1,CHEMBL3609325
COc1cc(-c2cn(C3CCc4c(F)cccc4N(CC(F)(F)F)C3=O)nn2)ccc1-n1cnc(C)c1,0,EC50 (>),4.52,1,CHEMBL3609637
CCS(=O)(=O)N[C@@H]1C[C@]2(C)O[C@]1(C)[C@@H]1C(=O)N(c3ccc(C#N)c(C(F)(F)F)c3)C(=O)[C@@H]12,0,EC50 (>),4.3,1,CHEMBL3623127
CCn1c(C(=O)N(C2CC2)C2CC2)cc2c3c(ncn3C)c(Nc3nc(C)c(C)s3)nc21,0,EC50 (>),4.8,1,CHEMBL3622137
CCn1c(C(=O)N(C2CC2)C2CC2)cc2c3c(ncn3C)c(Nc3cc(C)n(C)n3)nc21,0,EC50 (>),4.3,1,CHEMBL3545215
CC/C(=C(/CC)c1ccc(OC)cc1)c1ccc(OC)cc1,0,EC50,4.98,1,CHEMBL113650
Cn1cc(CNc2cc(OC[C@H]3C[C@@H]3c3ccccn3)nc3ccnn23)cn1,0,EC50,4.64,2,CHEMBL3695713
Cc1nc(C)c(CNc2cc(C3CC3)nc3ccnn23)s1,0,EC50 (>),3.6,1,CHEMBL3695718
Cc1nc(C)c(CNc2nc(C3CC3)nc(Cl)c2C)s1,0,EC50,4.72,1,CHEMBL3622879
O=C(Nc1ccc(C[C@@H]2CC[C@H]([C@H](O)c3ccccc3)N2)cc1)[C@@H]1CCc2nccc(=O)n21,0,EC50 (>),4.52,1,CHEMBL2107826
C[Si](C)(O)c1ccc(N(CC(F)(F)F)S(=O)(=O)c2ccccc2)cc1,1,EC50,6.2,2,CHEMBL3781062
COc1cccc(-c2nc3ccccc3c(=S)[nH]2)c1,1,EC50,6.07,1,CHEMBL3823873
CC(C)(O)c1cn(-c2ccc(-c3cc(F)c(CO)c(S(C)(=O)=O)c3)cc2F)c(C(C)(C)c2c(Cl)cccc2Cl)n1,1,EC50,6.0,1,CHEMBL3945199
CCOP(=O)(OCC)C(=Cc1ccccc1)P(=O)(OCC)OCC,1,EC50,6.57,1,CHEMBL4084567
CCOP(=O)(OCC)C(=Cc1c2ccccc2cc2ccccc12)P(=O)(OCC)OCC,1,EC50,6.54,1,CHEMBL4095208
CN1C(=O)[C@@H](NC(=O)c2n[nH]c(Cc3ccccc3)n2)COc2ccccc21,0,EC50,4.89,1,CHEMBL4071864
CNC(=O)c1c(-c2ccc(F)cc2)oc2ccc(-c3cc(C(=O)NC4(c5ncccn5)CC4)ccc3C)c(F)c12,0,EC50 (>),4.3,1,CHEMBL4093031
CNC(=O)c1c(-c2ccc(F)cc2)oc2ccc(-c3cc(C(=O)NC4(c5ncccn5)CC4)ccc3C)cc12,0,EC50 (>),4.3,1,CHEMBL4104000
O=C(CC1(c2ccc(F)cc2)C2CC3CC1CC(F)(C3)C2)N1CC(O)C1,0,EC50 (>),4.6,1,CHEMBL4102950
O=C(CC1(c2ccc(F)cc2)C2CC3CC(C2)CC1(O)C3)N1CC(O)C1,0,EC50 (>),4.3,1,CHEMBL4097650
CC1(O)C2CC3CC(C2)C(CC(=O)N2CC(O)C2)(c2ccc(F)cc2)C1C3,0,EC50 (>),4.3,1,CHEMBL4079620
O=C(CC1(c2ccc(F)cc2)C2CC3CC1CC(O)(C3)C2)N1CC(O)C1,0,EC50 (>),4.3,1,CHEMBL4105356
COC12CC3CC(C1)C(CC(=O)N1CC(O)C1)(c1ccc(F)cc1)C(C3)C2,0,EC50 (>),4.3,1,CHEMBL4087497
NC(=O)C12CC3CC(C1)C(CC(=O)N1CC(O)C1)(c1ccc(F)cc1)C(C3)C2,0,EC50 (>),4.3,1,CHEMBL4082055
N#CC12CC3CC(C1)C(CC(=O)N1CC(O)C1)(c1ccc(F)cc1)C(C3)C2,0,EC50 (>),4.3,1,CHEMBL4060170
O=C(CC1(c2ccc(F)cc2)C2CC3CC1CC(C2)C3O)N1CC(O)C1,0,EC50 (>),4.3,1,CHEMBL4069598
O=S(=O)(Nc1nccs1)c1cc(Cl)c(NCC23CCCN2CCC3)cc1F,0,EC50,4.8,1,CHEMBL4061793
Cc1ccc(Oc2nc3cc(-c4ccc(-c5ccccc5)cc4)c(Cl)cc3[nH]2)cc1C(=O)O,0,EC50 (>),4.52,1,CHEMBL4082745
COc1ccc(-c2cc3c(N[C@@H]4CC[C@](C)(N)C4(C)C)c(C(N)=O)cnn3c2)cn1,0,EC50 (>),4.77,1,CHEMBL4080797
COc1ccc2c(c1)[C@@H]1C[C@]1(C(=O)N1C3CCC1CN(C)C3)Cn1c-2c(C2CCCCC2)c2ccc(C(=O)NS(=O)(=O)C(C)C)cc21,0,EC50 (>),4.3,1,CHEMBL3758288
CN1CC2CCC(C1)N2C(=O)[C@]12C[C@H]1c1cc(F)ccc1-c1c(C3CCCCC3)c3ccc(C(=O)NS(=O)(=O)C4(C)CC4)cc3n1C2,0,EC50,4.78,1,CHEMBL4067852
CN1CC2CCC(C1)N2C(=O)[C@]12C[C@H]1c1cc(F)ccc1-c1c(C3CCCCC3)c3ccc(C(=O)NS(=O)(=O)C(C)(C)C)cc3n1C2,0,EC50,4.78,1,CHEMBL4061940
CC1(C)OCCn2c1nc(C(=O)NCc1ccc(F)cc1)c(O)c2=O,0,EC50 (>),4.3,1,CHEMBL4126289
O=S(=O)(c1ccc(F)cc1)N1CCSc2cc(C(O)(C(F)(F)F)C(F)(F)F)ccc21,1,EC50,7.7,1,CHEMBL4210791
CN1CCN(S(=O)(=O)c2ccc(F)cc2)c2ccc(C(O)(C(F)(F)F)C(F)(F)F)cc21,1,EC50,7.75,1,CHEMBL4217418
O=S(=O)(c1ccc(F)cc1)N1CCCc2cc(C(O)(C(F)(F)F)C(F)(F)F)ccc21,1,EC50,7.6,1,CHEMBL4212458
CC1CCN(S(=O)(=O)c2ccc(F)cc2)c2ccc(C(O)(C(F)(F)F)C(F)(F)F)cc21,1,EC50,7.8,1,CHEMBL4209665
CC1(C)CCN(S(=O)(=O)c2ccc(F)cc2)c2ccc(C(O)(C(F)(F)F)C(F)(F)F)cc21,1,EC50,7.44,1,CHEMBL4206412
COC(=O)CC1CN(S(=O)(=O)c2ccc(F)cc2)c2ccc(C(O)(C(F)(F)F)C(F)(F)F)cc2S1,1,EC50,7.26,1,CHEMBL4217890
NC(=O)CC1CN(S(=O)(=O)c2ccc(F)cc2)c2ccc(C(O)(C(F)(F)F)C(F)(F)F)cc2S1,1,EC50,6.72,1,CHEMBL4213493
O=C(CC1CN(S(=O)(=O)c2ccc(F)cc2)c2ccc(C(O)(C(F)(F)F)C(F)(F)F)cc2S1)Nc1nncs1,1,EC50,6.59,1,CHEMBL4209091
O=C(CC1CN(S(=O)(=O)c2ccc(F)cc2)c2ccc(C(O)(C(F)(F)F)C(F)(F)F)cc2S1)N1CCOCC1,1,EC50,6.42,1,CHEMBL4205428
O=C(CC1CN(S(=O)(=O)c2ccc(F)cc2)c2ccc(C(O)(C(F)(F)F)C(F)(F)F)cc2S1)Nc1ccncc1,1,EC50,6.6,1,CHEMBL4216643
CC(C)(O)CNC(=O)CC1CN(S(=O)(=O)c2ccc(F)cc2)c2ccc(C(O)(C(F)(F)F)C(F)(F)F)cc2S1,1,EC50,6.76,1,CHEMBL4214711
CC(C)(O)CNC(=O)C[C@H]1CN(S(=O)(=O)c2ccc(F)cc2)c2ccc(C(O)(C(F)(F)F)C(F)(F)F)cc2S1,1,EC50,6.84,1,CHEMBL4214210
CC(C)(O)CNC(=O)C[C@@H]1CN(S(=O)(=O)c2ccc(F)cc2)c2ccc(C(O)(C(F)(F)F)C(F)(F)F)cc2S1,1,EC50,6.64,1,CHEMBL4213534
CC(C)(O)CC(=O)NCC1CN(S(=O)(=O)c2ccc(F)cc2)c2ccc(C(O)(C(F)(F)F)C(F)(F)F)cc2S1,1,EC50,6.28,1,CHEMBL4218626
CC(C)(O)CNC(=O)CC1Cc2cc(C(O)(C(F)(F)F)C(F)(F)F)ccc2N(S(=O)(=O)c2ccc(F)cc2)C1,1,EC50,6.57,2,CHEMBL4211051
COCCOc1ccc(N2CCN(CCn3c(=O)n(C)c4c3nc(N)n3nc(-c5nccs5)nc43)CC2)cc1F,0,EC50 (>),4.22,1,CHEMBL4215754
Cc1ccc(-c2cc(C(=O)N[C@H](C)c3ccc(F)cn3)cc(N3CCOCC3)c2)nc1,0,EC50 (>),4.52,1,CHEMBL4225135
Cc1ccc(-c2cc(C(=O)N[C@H](C)c3ccc(C(F)(F)F)nc3)cc(C(C)(C)O)c2)nc1,0,EC50,4.75,1,CHEMBL4227222
Cc1ccc(-c2cc(C(=O)N[C@H](C)c3ccc(C(F)(F)F)[n+]([O-])c3)cc(C(C)(C)O)c2)nc1,0,EC50 (>),4.52,1,CHEMBL4227903
C[C@@H](NC(=O)c1cc(-c2ccc(Cl)cn2)cc(C(C)(C)O)c1)c1ccc(C(F)(F)F)[n+]([O-])c1,0,EC50 (>),4.52,1,CHEMBL4229237
C[Si](C)(O)c1ccc(N(CCc2ccccc2)S(=O)(=O)c2ccccc2)cc1,0,EC50,4.85,1,CHEMBL4243206
CNC(=O)c1c(-c2ccc(F)cc2)oc2cc(N(C)S(C)(=O)=O)c(-c3ccc4ncn5c6cccc(F)c6cc5c4n3)cc12,0,EC50 (>),4.52,1,CHEMBL4590062
CNC(=O)c1c(-c2ccc(F)cc2)oc2cc(N(C)S(C)(=O)=O)c(-c3ccc4c(n3)-c3cc5c(F)cccc5n3CN4)cc12,0,EC50 (>),4.52,1,CHEMBL4435877
CNC(=O)c1c(-c2ccc(F)cc2)oc2cc(N(C)S(C)(=O)=O)c(-c3ccc4ccn5c6cccc(F)c6cc5c4n3)cc12,0,EC50 (>),4.52,1,CHEMBL3901713
CNC(=O)c1c(-c2ccc(F)cc2)oc2cc(N(C)S(C)(=O)=O)c(-c3ccc4c(n3)-c3cc5c(F)cccc5n3CC4)cc12,0,EC50 (>),4.52,1,CHEMBL3947779
CC(C)(C(=O)O)c1cccn2c(C3(c4ccc(Cl)cc4)CC3)nnc12,0,EC50 (>),4.3,1,CHEMBL4472732
CC(C)(O)c1cccn2c(C3(c4ccc(Cl)cc4)CC3)nnc12,0,EC50 (>),4.3,1,CHEMBL4301600
OCCCc1cccn2c(C3(c4ccc(Cl)cc4)CC3)nnc12,0,EC50,4.6,1,CHEMBL4469684
OC(c1cccn2c(C3(c4ccc(Cl)cc4)CC3)nnc12)C1CC1,0,EC50,4.32,1,CHEMBL4457613
OCC(O)c1cccn2c(C3(c4ccc(Cl)cc4)CC3)nnc12,0,EC50 (>),4.3,1,CHEMBL4536580
OCc1cccn2c(C3(c4ccc(Cl)cc4)CC3)nnc12,0,EC50,4.6,1,CHEMBL4563301
O=C(O)CNC(=O)c1c(O)c2c(n(Cc3ccc(C(F)(F)F)cc3)c1=O)COC2,0,EC50 (>),4.52,1,CHEMBL4577928
O=C(N1CC[C@@]2(S(=O)(=O)c3ccc(F)cc3)c3ccc(C(F)(C(F)(F)F)C(F)(F)F)cc3CC[C@@H]12)C1(O)CCS(=O)(=O)CC1,0,EC50 (>),4.3,1,CHEMBL4463581
N#Cc1cnc2ccc(-c3c(-c4ccc(F)c(Cl)c4)ncn3CCO)nn12,0,EC50 (>),4.62,1,CHEMBL4514379
COC(c1ccc(C2(S(=O)(=O)c3ccc(F)cc3)CCCC2)cc1)(C(F)(F)F)C(F)(F)F,1,EC50,6.04,2,CHEMBL4571076
CC(c1ccc(C2(S(=O)(=O)c3ccc(F)cc3)CCCC2)cc1)(C(F)(F)F)C(F)(F)F,1,EC50,6.12,1,CHEMBL4447203
O=S(=O)(c1ccc(F)cc1)C1(c2ccc(C(F)(C(F)(F)F)C(F)(F)F)cc2)CCCC1,1,EC50,6.0,1,CHEMBL4467967
O=S(=O)(c1ccc(F)cc1)C1(c2ccc(C(Cl)(C(F)(F)F)C(F)(F)F)cc2)CCCC1,1,EC50,6.64,1,CHEMBL4555738
CC(=O)N1CCC(C(=O)N2CC[C@](c3ccc(C(F)(C(F)(F)F)C(F)(F)F)cc3)(S(=O)(=O)c3ccc(F)cc3)C2)CC1,0,EC50 (>),4.3,2,CHEMBL3920720
CS(=O)(=O)N1CCC(C(=O)N2CC[C@](c3ccc(C(F)(C(F)(F)F)C(F)(F)F)cc3)(S(=O)(=O)c3ccc(F)cc3)C2)CC1,0,EC50 (>),4.3,1,CHEMBL3959710
CC(=O)N1CCN(C(=O)N2CC[C@](c3ccc(C(F)(C(F)(F)F)C(F)(F)F)cc3)(S(=O)(=O)c3ccc(F)cc3)C2)CC1,0,EC50 (>),4.3,2,CHEMBL3905813
O=C(O)[C@H]1CC[C@H](C(=O)N2CC[C@](c3ccc(C(F)(C(F)(F)F)C(F)(F)F)cc3)(S(=O)(=O)c3ccc(F)cc3)C2)CC1,0,EC50 (>),4.3,1,CHEMBL3934548
O=C(O)C1CCN(C(=O)N2CC[C@](c3ccc(C(F)(C(F)(F)F)C(F)(F)F)cc3)(S(=O)(=O)c3ccc(F)cc3)C2)CC1,0,EC50 (>),4.34,1,CHEMBL3960372
O=C(O)[C@H]1CC[C@H](C(=O)N2CC[C@](c3ccc(C(F)(C(F)(F)F)C(F)(F)F)cc3)(S(=O)(=O)c3ccccc3)C2)CC1,0,EC50 (>),4.3,1,CHEMBL4527202
Cc1ccc(S(=O)(=O)[C@@]2(c3ccc(C(F)(C(F)(F)F)C(F)(F)F)cc3)CCN(C(=O)[C@H]3CC[C@H](C(=O)O)CC3)C2)cc1,0,EC50,4.9,1,CHEMBL3985767
CCc1ccc(S(=O)(=O)[C@@]2(c3ccc(C(F)(C(F)(F)F)C(F)(F)F)cc3)CCN(C(=O)[C@H]3CC[C@H](C(=O)O)CC3)C2)cc1,0,EC50 (>),4.3,1,CHEMBL3900176
COc1ccc(S(=O)(=O)[C@@]2(c3ccc(C(F)(C(F)(F)F)C(F)(F)F)cc3)CCN(C(=O)[C@H]3CC[C@H](C(=O)O)CC3)C2)cc1,0,EC50 (>),4.3,1,CHEMBL3938567
Cc1cc(S(=O)(=O)[C@@]2(c3ccc(C(F)(C(F)(F)F)C(F)(F)F)cc3)CCN(C(=O)[C@H]3CC[C@H](C(=O)O)CC3)C2)ccc1F,0,EC50 (>),4.64,1,CHEMBL3917571
CCc1cc(S(=O)(=O)[C@@]2(c3ccc(C(F)(C(F)(F)F)C(F)(F)F)cc3)CCN(C(=O)[C@H]3CC[C@H](C(=O)O)CC3)C2)ccc1F,0,EC50 (>),4.3,1,CHEMBL3902474
O=C(O)[C@H]1CC[C@H](C(=O)N2CC[C@](c3ccc(C(F)(C(F)(F)F)C(F)(F)F)cc3)(S(=O)(=O)c3ccc(F)c(C4CC4)c3)C2)CC1,0,EC50 (>),4.3,1,CHEMBL3963478
NC(c1ccc(C2(S(=O)(=O)c3ccc(F)cc3)CCCC2)cc1)(C(F)(F)F)C(F)(F)F,1,EC50,6.56,1,CHEMBL4580320
CCC(O)(c1ccc(C2(S(=O)(=O)c3ccc(F)cc3)CCCC2)cc1)C(F)(F)F,1,EC50,7.32,1,CHEMBL4444851
CC(O)(c1ccc(C2(S(=O)(=O)c3ccc(F)cc3)CCCC2)cc1)C(F)(F)F,1,EC50,6.62,1,CHEMBL4440933
O=S(=O)(c1ccc(F)cc1)C1(c2ccc(C(O)(C(F)(F)F)C(F)(F)F)cc2)CCCC1,1,EC50,8.0,1,CHEMBL4591380
O=S(=O)(c1ccc(F)cc1)[C@]1(c2ccc(C(O)(C(F)(F)F)C(F)(F)F)cc2)CCNC1,1,EC50,6.28,1,CHEMBL4115190
O=C(O)[C@H]1CC[C@H](C(=O)N2CC[C@](c3ccc(C(O)(C(F)(F)F)C(F)(F)F)cc3)(S(=O)(=O)c3ccc(F)cc3)C2)CC1,0,EC50 (>),4.3,1,CHEMBL3940910
O=C(C1CCCC1)N1CCC(c2ccc(C(O)(C(F)(F)F)C(F)(F)F)cc2)(S(=O)(=O)c2ccc(F)cc2)C1,1,EC50,6.1,1,CHEMBL3983495
CC(=O)N1CCC(c2ccc(C(O)(C(F)(F)F)C(F)(F)F)cc2)(S(=O)(=O)c2ccc(F)cc2)C1,1,EC50,6.32,1,CHEMBL3976875
O=S(=O)(c1ccc(F)cc1)[C@@]1(c2ccc(C(O)(C(F)(F)F)C(F)(F)F)cc2)CCNC1,1,EC50,6.36,1,CHEMBL3907312
CCNC1=N[C@@H]2[C@@H](O)[C@H](O)[C@@H](CO)O[C@@H]2S1,0,EC50 (>),4.52,1,CHEMBL1213603
CCNC1=N[C@@H]2[C@@H](O)[C@H](O)[C@@H](COC)O[C@@H]2S1,0,EC50 (>),4.52,1,CHEMBL4570378
CCNC1=N[C@@H]2[C@@H](O)[C@H](OC)[C@@H](CO)O[C@@H]2S1,0,EC50 (>),4.52,1,CHEMBL4577980
CCNC1=N[C@@H]2[C@@H](OC)[C@H](O)[C@@H](CO)O[C@@H]2S1,0,EC50 (>),4.52,1,CHEMBL4519186
CCN(C)C1=N[C@@H]2[C@@H](O)[C@H](O)[C@@H](CO)O[C@@H]2S1,0,EC50 (>),4.52,1,CHEMBL4483089
CCNC1=N[C@@H]2[C@@H](O)[C@H](O)[C@@H](C)O[C@@H]2S1,0,EC50 (>),4.52,1,CHEMBL4110677
CCNC1=N[C@H]2[C@H](O[C@H](CO)C[C@@H]2O)S1,0,EC50 (>),4.52,1,CHEMBL4520749
CCNC1=N[C@@H]2C[C@H](O)[C@@H](CO)O[C@@H]2S1,0,EC50 (>),4.52,1,CHEMBL4107048
CCNC1=N[C@@H]2[C@@H](O)[C@H](O)[C@@H](CF)O[C@@H]2S1,0,EC50 (>),4.52,1,CHEMBL4543991
CCNC1=N[C@H]2[C@H](O[C@H](CO)C(F)[C@@H]2O)S1,0,EC50 (>),4.52,1,CHEMBL4554360
CCNC1=N[C@@H]2[C@@H](F)[C@H](O)[C@@H](CO)O[C@@H]2S1,0,EC50 (>),4.52,1,CHEMBL4448352
COCCN1CCN(c2ccc(OCc3ccccc3)c(C(=O)Nc3ccnnc3)c2)CC1,0,EC50 (>),4.3,1,CHEMBL4448579
O=C(Nc1ccnnc1)c1cc(N2CCOCC2)ccc1OCc1ccccc1,0,EC50 (>),4.3,1,CHEMBL4457647
C[C@]1(C(=O)O)CC[C@H](C(=O)N2CC[C@](c3ccc(C(F)(C(F)(F)F)C(F)(F)F)cc3)(S(=O)(=O)c3ccc(F)cc3)C2)CC1,0,EC50 (>),4.3,1,CHEMBL3951210
CC[C@]1(C(=O)O)CC[C@H](C(=O)N2CC[C@](c3ccc(C(F)(C(F)(F)F)C(F)(F)F)cc3)(S(=O)(=O)c3ccc(F)cc3)C2)CC1,0,EC50 (>),4.3,1,CHEMBL3944273
O=C([C@H]1CC[C@](F)(C(=O)O)CC1)N1CC[C@](c2ccc(C(F)(C(F)(F)F)C(F)(F)F)cc2)(S(=O)(=O)c2ccc(F)cc2)C1,0,EC50 (>),4.77,1,CHEMBL3924813
C[C@]1(C(=O)N2CC[C@](c3ccc(C(F)(C(F)(F)F)C(F)(F)F)cc3)(S(=O)(=O)c3ccc(F)cc3)C2)CC[C@H](C(=O)O)CC1,0,EC50 (>),4.3,1,CHEMBL4513846
CC[C@]1(C(=O)N2CC[C@](c3ccc(C(F)(C(F)(F)F)C(F)(F)F)cc3)(S(=O)(=O)c3ccc(F)cc3)C2)CC[C@H](C(=O)O)CC1,0,EC50 (>),4.3,1,CHEMBL3965066
CO[C@]1(C(=O)N2CC[C@](c3ccc(C(F)(C(F)(F)F)C(F)(F)F)cc3)(S(=O)(=O)c3ccc(F)cc3)C2)CC[C@H](C(=O)O)CC1,0,EC50 (>),4.74,1,CHEMBL4532747
COC[C@]1(C(=O)N2CC[C@](c3ccc(C(F)(C(F)(F)F)C(F)(F)F)cc3)(S(=O)(=O)c3ccc(F)cc3)C2)CC[C@H](C(=O)O)CC1,0,EC50 (>),4.3,1,CHEMBL4476687
O=C(O)[C@H]1CC[C@](F)(C(=O)N2CC[C@](c3ccc(C(F)(C(F)(F)F)C(F)(F)F)cc3)(S(=O)(=O)c3ccc(F)cc3)C2)CC1,0,EC50,4.97,1,CHEMBL3934102
O=C(O)C1CCC(O)(C(=O)N2CC[C@](c3ccc(C(F)(C(F)(F)F)C(F)(F)F)cc3)(S(=O)(=O)c3ccc(F)cc3)C2)CC1,0,EC50 (>),4.3,2,CHEMBL3947450
O=C([C@H]1CC[C@@](F)(C(=O)O)CC1)N1CC[C@](c2ccc(C(F)(C(F)(F)F)C(F)(F)F)cc2)(S(=O)(=O)c2ccc(F)cc2)C1,0,EC50 (>),4.66,1,CHEMBL3966534
C[C@]1(C(=O)N2CC[C@](c3ccc(C(F)(C(F)(F)F)C(F)(F)F)cc3)(S(=O)(=O)c3ccc(F)cc3)C2)CC[C@@H](C(=O)O)CC1,0,EC50 (>),4.3,1,CHEMBL4583791
O=C(O)[C@@H]1[C@@H]2C[C@@H](C(=O)N3CC[C@](c4ccc(C(F)(C(F)(F)F)C(F)(F)F)cc4)(S(=O)(=O)c4ccc(F)cc4)C3)C[C@@H]21,0,EC50 (>),4.3,1,CHEMBL3950580
O=C(O)[C@H]1[C@@H]2C[C@@H](C(=O)N3CC[C@](c4ccc(C(F)(C(F)(F)F)C(F)(F)F)cc4)(S(=O)(=O)c4ccc(F)cc4)C3)C[C@@H]21,0,EC50 (>),4.3,1,CHEMBL3962245
O=C(O)[C@@H]1C[C@@H]2[C@H](C1)[C@H]2C(=O)N1CC[C@](c2ccc(C(F)(C(F)(F)F)C(F)(F)F)cc2)(S(=O)(=O)c2ccc(F)cc2)C1,0,EC50 (>),4.48,1,CHEMBL3907460
O=C(O)C12CCC(C(=O)N3CC[C@](c4ccc(C(F)(C(F)(F)F)C(F)(F)F)cc4)(S(=O)(=O)c4ccc(F)cc4)C3)(CC1)CC2,0,EC50 (>),4.3,1,CHEMBL3964587
O=C(O)C12CCC(C(=O)N3CC[C@](c4ccc(C(F)(C(F)(F)F)C(F)(F)F)cc4)(S(=O)(=O)c4ccc(F)cc4)C3)(CC1)OC2,0,EC50 (>),4.3,1,CHEMBL3916423
O=C(N1CC[C@](c2ccc(C(F)(C(F)(F)F)C(F)(F)F)cc2)(S(=O)(=O)c2ccc(F)cc2)C1)C12CCC(C(=O)O)(CC1)OC2,0,EC50 (>),4.3,1,CHEMBL3965360
O=C([C@H]1CC[C@H](c2nnn[nH]2)CC1)N1CC[C@](c2ccc(C(F)(C(F)(F)F)C(F)(F)F)cc2)(S(=O)(=O)c2ccc(F)cc2)C1,0,EC50 (>),4.3,1,CHEMBL3977998
O=C1NC(=O)C2(CCC(C(=O)N3CC[C@](c4ccc(C(F)(C(F)(F)F)C(F)(F)F)cc4)(S(=O)(=O)c4ccc(F)cc4)C3)CC2)N1,0,EC50 (>),4.85,2,CHEMBL3915876
NC(=O)[C@H]1CC[C@H](C(=O)N2CC[C@](c3ccc(C(F)(C(F)(F)F)C(F)(F)F)cc3)(S(=O)(=O)c3ccc(F)cc3)C2)CC1,0,EC50 (>),4.3,1,CHEMBL3897421
CS(=O)(=O)C1CCC(C(=O)N2CC[C@](c3ccc(C(F)(C(F)(F)F)C(F)(F)F)cc3)(S(=O)(=O)c3ccc(F)cc3)C2)CC1,0,EC50 (>),4.3,1,CHEMBL3896582
O=C([C@H]1CC[C@H](CO)CC1)N1CC[C@](c2ccc(C(F)(C(F)(F)F)C(F)(F)F)cc2)(S(=O)(=O)c2ccc(F)cc2)C1,0,EC50 (>),4.3,1,CHEMBL3972511
O=C([C@H]1CC[C@H](O)CC1)N1CC[C@](c2ccc(C(F)(C(F)(F)F)C(F)(F)F)cc2)(S(=O)(=O)c2ccc(F)cc2)C1,0,EC50 (>),4.3,1,CHEMBL3933949
O=C(C1CCS(=O)(=O)C1)N1CC[C@](c2ccc(C(F)(C(F)(F)F)C(F)(F)F)cc2)(S(=O)(=O)c2ccc(F)cc2)C1,0,EC50 (>),4.89,1,CHEMBL3942524
O=C(C1CCS(=O)(=O)CC1)N1CC[C@](c2ccc(C(F)(C(F)(F)F)C(F)(F)F)cc2)(S(=O)(=O)c2ccc(F)cc2)C1,0,EC50 (>),4.3,1,CHEMBL3921112
CC1(C(=O)N2CC[C@](c3ccc(C(F)(C(F)(F)F)C(F)(F)F)cc3)(S(=O)(=O)c3ccc(F)cc3)C2)CCS(=O)(=O)CC1,0,EC50 (>),4.3,1,CHEMBL3973383
O=C(N1CC[C@](c2ccc(C(F)(C(F)(F)F)C(F)(F)F)cc2)(S(=O)(=O)c2ccc(F)cc2)C1)C1(F)CCS(=O)(=O)CC1,0,EC50 (>),4.3,1,CHEMBL3895611
O=C(N1CC[C@](c2ccc(C(F)(C(F)(F)F)C(F)(F)F)cc2)(S(=O)(=O)c2ccc(F)cc2)C1)C1(O)CCS(=O)(=O)CC1,0,EC50 (>),4.3,1,CHEMBL3938756
O=C(N1CC[C@](c2ccc(C(F)(C(F)(F)F)C(F)(F)F)cc2)(S(=O)(=O)c2ccc(F)cc2)C1)C1(CO)CCS(=O)(=O)CC1,0,EC50 (>),4.3,1,CHEMBL3952914
COC1(C(=O)N2CC[C@](c3ccc(C(F)(C(F)(F)F)C(F)(F)F)cc3)(S(=O)(=O)c3ccc(F)cc3)C2)CCS(=O)(=O)CC1,0,EC50 (>),4.3,1,CHEMBL3947567
Clc1ccc(-c2nc3sccn3c2/C=N/OCc2ccc(Cl)c(Cl)c2)cc1,1,EC50,6.0,1,CHEMBL458603
Clc1ccc(CO/N=C/c2c(-c3ccc(-c4ccccc4)cc3)nc3sccn23)cc1Cl,0,EC50,4.24,1,CHEMBL4473036
Cn1nc(C(=O)N(Cc2ccccc2)Cc2ccc(C(=O)O)cc2)c2c1-c1cc(Cl)ccc1OC2,0,EC50 (>),4.52,1,CHEMBL4297626
C/C(=C\CC/C(C)=C/CC[C@]1(C)CCc2cc(O[C@@H]3O[C@H](C(=O)[O-])[C@@H](O)[C@H](O)[C@H]3O)cc(C)c2O1)CC/C=C(\C)C(=O)[O-],0,EC50,4.77,1,CHEMBL4441887
COc1cc(OCc2cccc(OCc3ccccc3)c2)c2cc(-c3cn4nc(OC)sc4n3)oc2c1,0,EC50 (>),4.3,1,CHEMBL3728620
O=C(CNc1nonc1/C(=N/O)N[C@H]1Cc2ccc(F)cc21)NCCO,0,EC50 (>),4.52,1,CHEMBL4515137
C[C@H](Nc1cc(F)c(S(=O)(=O)Nc2nccs2)cc1Cl)c1ccc(F)cc1F,1,EC50,6.38,1,CHEMBL4530743
COC[C@H](Nc1cc(F)c(S(=O)(=O)Nc2nccs2)cc1Cl)c1ccccc1,1,EC50,6.38,1,CHEMBL4544968
C[C@H](Nc1cc(F)c(S(=O)(=O)Nc2cscn2)cc1Cl)c1cc(F)ccc1F,1,EC50,6.4,1,CHEMBL4580996
C[C@H](Nc1cc(F)c(S(=O)(=O)Nc2cscn2)c(F)c1)c1ccccc1F,1,EC50,6.6,1,CHEMBL4466858
C[C@H](Nc1cc(F)c(S(=O)(=O)Nc2cscn2)c(F)c1)c1cc(C#N)ccc1F,1,EC50,6.2,1,CHEMBL4459170
C[C@H](Nc1cc(F)c(S(=O)(=O)Nc2cscn2)cc1Cl)c1cc(CN2CCC2)ccc1F,0,EC50 (>),4.7,1,CHEMBL4558113
O=S(=O)(Nc1cscn1)c1cc(Cl)c(NCc2cc(CN3CCC3)ccc2F)cc1F,0,EC50 (>),4.7,1,CHEMBL4585141
CC1(C)CCN1Cc1cccc(F)c1CNc1cc(F)c(S(=O)(=O)Nc2cscn2)c(F)c1,0,EC50,4.93,1,CHEMBL4460028
Cc1cc(Nc2nccc(-c3sc(C4CCNCC4)nc3-c3ccc(F)cc3)n2)ccn1,0,EC50 (>),4.3,1,CHEMBL4591417
CCCSc1nc(=O)cc(O)n1-c1ccccc1OC,0,EC50 (>),4.3,1,CHEMBL4636169
CCCCc1nc(=O)cc(O)n1-c1c(C)cccc1OC,0,EC50 (>),4.85,1,CHEMBL4632688
C[C@H](C(=O)Nc1ccc(F)cc1)C12CC(NC(=O)c3ccc(F)c(F)c3)(C1)C2,0,EC50 (>),4.52,1,CHEMBL4644751
C[C@@H](NC(=O)c1ccc(Cl)cc1)[C@H]1CC[C@@H](c2ccnc3ccc(F)cc32)CC1,0,EC50 (>),4.3,1,CHEMBL4786690
CC[C@H]1[C@@H](O)[C@@H]2[C@H]([C@@H](O)C[C@]3(C)[C@@H]([C@H](C)CCC(=O)O)CC[C@@H]23)[C@@]2(C)CC[C@@H](O)C[C@@H]12,0,EC50 (>),4.0,1,CHEMBL4758064
O=C(O)C1CN(Cc2ccc3c(c2)CCc2c-3noc2-c2onc(-c3ccccc3)c2C(F)(F)F)C1,0,EC50 (>),4.3,1,CHEMBL3959509
C[C@H](c1cc(F)cc(F)c1)N(C(=O)c1ccccc1)[C@@H](C(N)=O)c1ccccc1,0,EC50,4.99,1,CHEMBL3971179
C[C@H](c1cc(F)cc(F)c1)N(C(=O)c1ccccc1O)[C@@H](C(N)=O)c1ccccc1,0,EC50,4.92,1,CHEMBL4791592
NC(=O)[C@@H](c1ccccc1)N(C(=O)c1cccnc1)[C@@H]1CCc2c(F)cc(F)cc21,0,EC50,4.33,1,CHEMBL4752955
O=S(=O)(c1ccc(F)cc1)C1(c2ccc(C(OCc3ccccc3)(C(F)(F)F)C(F)(F)F)cc2)CCCC1,1,EC50,6.11,1,CHEMBL4781699
C=CCOC(c1ccc(C2(S(=O)(=O)c3ccc(F)cc3)CCCC2)cc1)(C(F)(F)F)C(F)(F)F,1,EC50,6.43,1,CHEMBL4748976
O=S(=O)(c1ccc(F)cc1)C1(c2ccc(C(Oc3ccccc3)(C(F)(F)F)C(F)(F)F)cc2)CCCC1,1,EC50,6.69,1,CHEMBL4798289
O=S(=O)(c1ccc(F)cc1)C1(c2ccc(C(OCc3ccccc3F)(C(F)(F)F)C(F)(F)F)cc2)CCCC1,1,EC50,6.2,1,CHEMBL4793401
O=S(=O)(c1ccc(F)cc1)C1(c2ccc(C(OCc3ccccc3Cl)(C(F)(F)F)C(F)(F)F)cc2)CCCC1,1,EC50,6.33,1,CHEMBL4756437
N#Cc1ccccc1COC(c1ccc(C2(S(=O)(=O)c3ccc(F)cc3)CCCC2)cc1)(C(F)(F)F)C(F)(F)F,1,EC50,6.52,1,CHEMBL4795359
O=S(=O)(c1ccc(F)cc1)C1(c2ccc(C(OCc3c(F)cccc3F)(C(F)(F)F)C(F)(F)F)cc2)CCCC1,1,EC50,6.33,1,CHEMBL4787430
CC(=O)N1CCC(C(=O)N2CC[C@](c3ccc(C(OCc4c(F)cccc4F)(C(F)(F)F)C(F)(F)F)cc3)(S(=O)(=O)c3ccc(F)cc3)C2)CC1,0,EC50 (>),4.3,1,CHEMBL3911203
CC(=O)N1CC[C@H](C(=O)N2CC[C@](c3ccc(C(OCc4c(F)cccc4F)(C(F)(F)F)C(F)(F)F)cc3)(S(=O)(=O)c3ccc(F)cc3)C2)C1,0,EC50 (>),4.3,1,CHEMBL3927632
CC(=O)N1CC[C@@H](C(=O)N2CC[C@](c3ccc(C(OCc4c(F)cccc4F)(C(F)(F)F)C(F)(F)F)cc3)(S(=O)(=O)c3ccc(F)cc3)C2)C1,0,EC50 (>),4.3,1,CHEMBL4106477
CC(=O)N1CCC(C)(C(=O)N2CC[C@](c3ccc(C(OCc4c(F)cccc4F)(C(F)(F)F)C(F)(F)F)cc3)(S(=O)(=O)c3ccc(F)cc3)C2)CC1,1,EC50,6.2,1,CHEMBL3894847
CC(=O)N1CCC(O)(C(=O)N2CC[C@](c3ccc(C(OCc4c(F)cccc4F)(C(F)(F)F)C(F)(F)F)cc3)(S(=O)(=O)c3ccc(F)cc3)C2)CC1,0,EC50 (>),4.3,1,CHEMBL3934081
O=C(C1CCOCC1)N1CC[C@](c2ccc(C(OCc3c(F)cccc3F)(C(F)(F)F)C(F)(F)F)cc2)(S(=O)(=O)c2ccc(F)cc2)C1,0,EC50,4.82,1,CHEMBL3962504
CC(=O)N1CCN(C(=O)N2CC[C@](c3ccc(C(OCc4c(F)cccc4F)(C(F)(F)F)C(F)(F)F)cc3)(S(=O)(=O)c3ccc(F)cc3)C2)CC1,0,EC50 (>),4.3,1,CHEMBL3941709
O=C(O)C1CCN(C(=O)N2CC[C@](c3ccc(C(OCc4c(F)cccc4F)(C(F)(F)F)C(F)(F)F)cc3)(S(=O)(=O)c3ccc(F)cc3)C2)CC1,0,EC50 (>),4.3,1,CHEMBL3933290
O=C(O)[C@H]1CC[C@H](C(=O)N2CC[C@](c3ccc(C(OCc4c(F)cccc4F)(C(F)(F)F)C(F)(F)F)cc3)(S(=O)(=O)c3ccc(F)cc3)C2)CC1,0,EC50 (>),4.3,1,CHEMBL3931786
O=C(O)[C@H]1CC[C@H](C(=O)N2CC[C@](c3ccc(C(OCc4ccccc4OC(F)(F)F)(C(F)(F)F)C(F)(F)F)cc3)(S(=O)(=O)c3ccc(F)cc3)C2)CC1,0,EC50 (>),4.3,1,CHEMBL3969699
Cc1cccc(C)c1COC(c1ccc([C@]2(S(=O)(=O)c3ccc(F)cc3)CCN(C(=O)[C@H]3CC[C@H](C(=O)O)CC3)C2)cc1)(C(F)(F)F)C(F)(F)F,0,EC50 (>),4.3,1,CHEMBL3889628
O=C(O)[C@H]1CC[C@H](C(=O)N2CC[C@](c3ccc(C(OCc4c(F)cccc4Cl)(C(F)(F)F)C(F)(F)F)cc3)(S(=O)(=O)c3ccc(F)cc3)C2)CC1,1,EC50,6.2,1,CHEMBL3944677
COc1cccc(F)c1COC(c1ccc([C@]2(S(=O)(=O)c3ccc(F)cc3)CCN(C(=O)[C@H]3CC[C@H](C(=O)O)CC3)C2)cc1)(C(F)(F)F)C(F)(F)F,0,EC50 (>),4.3,1,CHEMBL3962476
O=C(O)[C@H]1CC[C@H](C(=O)N2CC[C@](c3ccc(C(OCC4CC4)(C(F)(F)F)C(F)(F)F)cc3)(S(=O)(=O)c3ccc(F)cc3)C2)CC1,0,EC50 (>),4.3,1,CHEMBL3968027
O=C(O)[C@H]1CC[C@H](C(=O)N2CC[C@](c3ccc(C(OCC4CCC4)(C(F)(F)F)C(F)(F)F)cc3)(S(=O)(=O)c3ccc(F)cc3)C2)CC1,0,EC50 (>),4.3,1,CHEMBL3982317
O=C(O)[C@H]1CC[C@H](C(=O)N2CC[C@](c3ccc(C(OCC4CCCC4)(C(F)(F)F)C(F)(F)F)cc3)(S(=O)(=O)c3ccc(F)cc3)C2)CC1,0,EC50 (>),4.3,1,CHEMBL3929300
O=C(O)[C@H]1CC[C@H](C(=O)N2CC[C@](c3ccc(C(OCC4CCCCC4)(C(F)(F)F)C(F)(F)F)cc3)(S(=O)(=O)c3ccc(F)cc3)C2)CC1,0,EC50 (>),4.3,1,CHEMBL3934023
Cc1c([C@H](OC(C)(C)C)C(=O)O)c2n3cc(nc3c1C(C)(C)O)-c1cccc(c1)-c1cc(F)ccc1O[C@@H](C)CCCCOC1(C)CCN2CC1,1,EC50,6.0,1,CHEMBL4753283
Cc1c([C@H](OC(C)(C)C)C(=O)O)c2n3cc(nc3c1CN(C)C)-c1cccc(c1)-c1cc(F)ccc1O[C@@H](C)CCCCOC1(C)CCN2CC1,0,EC50 (>),4.3,1,CHEMBL4743243
Cc1c([C@H](OC(C)(C)C)C(=O)O)c2n3cc(nc3c1CNC(C)C)-c1cccc(c1)-c1cc(F)ccc1O[C@@H](C)CCCCOC1(C)CCN2CC1,0,EC50 (>),4.3,1,CHEMBL4789249
Cc1c([C@H](OC(C)(C)C)C(=O)O)c2n3cc(nc3c1CNCC(C)(C)O)-c1cccc(c1)-c1cc(F)ccc1O[C@@H](C)CCCCOC1(C)CCN2CC1,0,EC50 (>),4.3,1,CHEMBL4762774
CCC(Nc1nnc(-c2ccc(OC)cc2)o1)[C@H]1CC[C@H](Oc2ccnc3ccccc23)CC1,0,EC50 (>),4.3,1,CHEMBL4757655
CCC(Nc1nnc(-c2ccc(OC)cc2)o1)[C@H]1CC[C@@H](c2ccnc3c(F)cc(F)cc32)CC1,1,EC50,6.26,1,CHEMBL4746203
CCC(Nc1nnc(-c2ccc(OC)cc2)o1)[C@H]1CC[C@@H](c2ccnc3ccc(F)cc32)CC1,1,EC50,6.03,1,CHEMBL4752094
C[C@]1(c2ccccc2)CN(Cc2ccccc2)C[C@H]1c1ccc(C(O)(C(F)(F)F)C(F)(F)F)cc1,1,EC50,6.49,1,CHEMBL4757686
C[C@]1(c2ccccc2)CN(CC(N)=O)C[C@H]1c1ccc(C(O)(C(F)(F)F)C(F)(F)F)cc1,1,EC50,6.56,1,CHEMBL4794330
CC(=O)N1C[C@@H](c2ccc(C(O)(C(F)(F)F)C(F)(F)F)cc2)[C@@](C)(c2ccccc2)C1,1,EC50,6.44,1,CHEMBL4739950
C[C@]1(c2ccccc2)CN(C(=O)c2ccccc2)C[C@H]1c1ccc(C(O)(C(F)(F)F)C(F)(F)F)cc1,1,EC50,6.13,1,CHEMBL4747305
C[C@]1(c2ccccc2)CN(S(C)(=O)=O)C[C@H]1c1ccc(C(O)(C(F)(F)F)C(F)(F)F)cc1,1,EC50,6.59,1,CHEMBL4748498
CCOC(=O)N1C[C@@H](c2ccc(C(O)(C(F)(F)F)C(F)(F)F)cc2)[C@@](C)(c2ccccc2)C1,1,EC50,6.22,1,CHEMBL4788702
C[C@]1(c2ccccc2)CN(C(=O)NCc2ccccc2)C[C@H]1c1ccc(C(O)(C(F)(F)F)C(F)(F)F)cc1,1,EC50,6.36,1,CHEMBL4752132
C[C@@]1(c2ccc(C(O)(C(F)(F)F)C(F)(F)F)cc2)CN(C(=O)NCc2ccccc2)C[C@@H]1c1ccccc1,1,EC50,7.22,1,CHEMBL4785706
CC[C@]1(c2ccccc2)CN(C(=O)NCc2ccccc2)C[C@H]1c1ccc(C(O)(C(F)(F)F)C(F)(F)F)cc1,1,EC50,6.69,1,CHEMBL4763008
C[C@]1(c2ccc(F)cc2)CN(C(=O)NCc2ccccc2)C[C@H]1c1ccc(C(O)(C(F)(F)F)C(F)(F)F)cc1,1,EC50,6.32,2,CHEMBL4755131
C[C@@]1(c2ccc(F)cc2)CN(C(=O)NCc2ccccc2)C[C@@H]1c1ccc(C(O)(C(F)(F)F)C(F)(F)F)cc1,1,EC50,6.33,1,CHEMBL4741480
COc1ccc(CNC(=O)N2C[C@@H](c3ccc(C(O)(C(F)(F)F)C(F)(F)F)cc3)[C@@](C)(c3ccc(F)cc3)C2)cc1,1,EC50,6.72,1,CHEMBL4794795
C[C@]1(c2ccc(F)cc2)CN(C(=O)NCc2ccc3c(c2)OCO3)C[C@H]1c1ccc(C(O)(C(F)(F)F)C(F)(F)F)cc1,1,EC50,6.75,1,CHEMBL4761927
C[C@]1(c2ccc(F)cc2)CN(C(=O)NCc2ccncc2)C[C@H]1c1ccc(C(O)(C(F)(F)F)C(F)(F)F)cc1,1,EC50,6.22,1,CHEMBL4750694
C[C@]1(c2ccc(F)cc2)CN(C(=O)NCc2ccc(C#N)cc2)C[C@H]1c1ccc(C(O)(C(F)(F)F)C(F)(F)F)cc1,1,EC50,6.64,1,CHEMBL4755633
CCS(=O)(=O)c1ccc(CNC(=O)N2C[C@@H](c3ccc(C(O)(C(F)(F)F)C(F)(F)F)cc3)[C@@](C)(c3ccc(F)cc3)C2)cc1,1,EC50,8.3,1,CHEMBL4785075
CC(=O)N1CCC(C(=O)N2C[C@@H](c3ccc(C(F)(C(F)(F)F)C(F)(F)F)cc3)[C@@](C)(c3ccc(F)cc3)C2)CC1,0,EC50 (>),4.3,1,CHEMBL4745906
C[C@]1(c2ccc(F)cc2)CN(C(=O)C2CCN(S(C)(=O)=O)CC2)C[C@H]1c1ccc(C(O)(C(F)(F)F)C(F)(F)F)cc1,1,EC50,6.82,1,CHEMBL4763092
C[C@]1(c2ccc(F)cc2)CN(C(=O)C2CCN(C(=O)C(N)=O)CC2)C[C@H]1c1ccc(C(O)(C(F)(F)F)C(F)(F)F)cc1,1,EC50,6.0,1,CHEMBL4762292
C[C@]1(c2ccc(F)cc2)CN(C(=O)C2CCN(C(=O)CC#N)CC2)C[C@H]1c1ccc(C(O)(C(F)(F)F)C(F)(F)F)cc1,1,EC50,6.3,1,CHEMBL4756133
CCCC[C@H](NC(=O)C1CN(C)C1)c1ncc(-c2cc3ccccc3nc2OC)[nH]1,0,EC50 (>),4.52,1,CHEMBL4851511
CCCC[C@H](NC(=O)[C@H](CN)c1c(C)[nH]c2ccc(OC)cc12)c1ncc(-c2cc3ccccc3nc2OC)[nH]1,0,EC50 (>),4.82,1,CHEMBL4879154
CCCC[C@H](NC(=O)[C@H](CN)c1c(C)[nH]c2ccc(O)cc12)c1ncc(-c2cc3ccccc3nc2OC)[nH]1,0,EC50 (>),4.52,1,CHEMBL4867665
COc1ccc(OC)c(-n2nnc(S(=O)(=O)c3ccc(O)cc3)c2C)c1,0,EC50,4.66,1,CHEMBL4858404
COc1ccccc1-n1nnc(S(=O)(=O)c2ccc(C(C)(C)C)cc2)c1C,1,EC50,6.1,2,CHEMBL4871806
COc1ccc(F)cc1-n1nnc(S(=O)(=O)c2ccc(C(C)(C)C)cc2)c1C,1,EC50,6.62,2,CHEMBL4868841
COc1ccc(C(C)(C)C)cc1-n1nnc(S(=O)(=O)c2ccc(C(C)(C)C)cc2)c1C,1,EC50,6.42,1,CHEMBL4861132
COc1ccc(CO)cc1-n1nnc(S(=O)(=O)c2ccc(C(C)(C)C)cc2)c1C,1,EC50,6.09,1,CHEMBL4847225
COc1ccc([C@@H](C)O)cc1-n1nnc(S(=O)(=O)c2ccc(C(C)(C)C)cc2)c1C,1,EC50,6.36,1,CHEMBL4863781
COc1ccc([C@H](C)O)cc1-n1nnc(S(=O)(=O)c2ccc(C(C)(C)C)cc2)c1C,1,EC50,6.19,1,CHEMBL4858090
COc1cc(-n2nnc(S(=O)(=O)c3ccc(C(C)(C)C)cc3)c2C)c(OC)cc1F,1,EC50,6.0,1,CHEMBL4869462
COc1cc(-n2nnc(S(=O)(=O)c3ccc(C(C)(C)C)cc3)c2C)c(OC)cc1Br,1,EC50,6.22,1,CHEMBL4856961
COc1cc(Cl)c(C)cc1-n1nnc(S(=O)(=O)c2ccc(C(C)(C)C)cc2)c1C,1,EC50,6.1,1,CHEMBL4869913
COc1cc(Br)c(Cl)cc1-n1nnc(S(=O)(=O)c2ccc(C(C)(C)C)cc2)c1C,1,EC50,6.22,1,CHEMBL4869828
COc1cc(-n2nnc(S(=O)(=O)c3ccc(C(C)(C)C)cc3)c2C)c(OC)cc1Cl,1,EC50,6.22,1,CHEMBL4869893
COc1cc(-n2nnc(S(=O)(=O)c3ccc(C(C)(C)C)cc3)c2C)c(OC)cc1C,1,EC50,6.22,1,CHEMBL4876988
CCc1cc(OC)c(-n2nnc(S(=O)(=O)c3ccc(C(C)(C)C)cc3)c2C)cc1OC,1,EC50,6.1,1,CHEMBL4875872
COc1cc(-n2nnc(S(=O)(=O)c3ccc(C(C)(C)C)cc3)c2C)c(OC)cc1C(C)C,1,EC50,6.05,1,CHEMBL4847628
COc1cc(-n2nnc(S(=O)(=O)c3ccc(C(C)(C)C)cc3)c2C)c(OC)cc1C(C)=O,1,EC50,6.3,1,CHEMBL4855988
COc1cc(C)c(C)cc1-n1nnc(S(=O)(=O)c2ccc(C(C)(C)C)cc2)c1C,1,EC50,6.16,1,CHEMBL4878253
CCc1cc(OC)c(-n2nnc(S(=O)(=O)c3ccc(C(C)(C)C)cc3)c2C)cc1C,1,EC50,6.05,1,CHEMBL4859936
COc1cc(C(C)C)c(C)cc1-n1nnc(S(=O)(=O)c2ccc(C(C)(C)C)cc2)c1C,1,EC50,6.08,1,CHEMBL4851190
COc1cc(C(C)=O)c(C)cc1-n1nnc(S(=O)(=O)c2ccc(C(C)(C)C)cc2)c1C,1,EC50,6.4,1,CHEMBL4859334
COc1cc(C)c(Cl)cc1-n1nnc(S(=O)(=O)c2ccc(C(C)(C)C)cc2)c1C,1,EC50,6.0,1,CHEMBL4865738
CCc1cc(OC)c(-n2nnc(S(=O)(=O)c3ccc(C(C)(C)C)cc3)c2C)cc1Cl,1,EC50,6.16,1,CHEMBL4850530
COc1cc(OC)c(-n2nnc(S(=O)(=O)c3ccc(C(C)(C)C)cc3)c2C)cc1Cl,1,EC50,6.6,1,CHEMBL4860882
COc1cc(C#N)c(Cl)cc1-n1nnc(S(=O)(=O)c2ccc(C(C)(C)C)cc2)c1C,1,EC50,6.0,1,CHEMBL4872624
COc1cc(C(C)=O)c(Cl)cc1-n1nnc(S(=O)(=O)c2ccc(C(C)(C)C)cc2)c1C,1,EC50,6.58,1,CHEMBL4849299
COc1ccc(OC)c(-n2nnc(S(=O)(=O)c3ccc(C(C)(C)C)cc3)c2N)c1,1,EC50,6.37,1,CHEMBL4850664
COc1ccc(C)cc1-n1nnc(S(=O)(=O)c2ccc(C(C)(C)C)cc2)c1N,1,EC50,6.8,1,CHEMBL4873947
COc1ccc(Cl)cc1-n1nnc(S(=O)(=O)c2ccc(C(C)(C)C)cc2)c1N,1,EC50,6.96,1,CHEMBL4871664
COc1ccc(C)cc1-n1cc(S(=O)(=O)c2ccc(C(C)(C)C)cc2)nn1,1,EC50,6.22,1,CHEMBL4858627
COc1ccc(Cl)cc1-n1cc(S(=O)(=O)c2ccc(C(C)(C)C)cc2)nn1,1,EC50,6.11,2,CHEMBL4850323
COc1ccc(OC)c(-n2nnc(S(=O)(=O)c3ccc(C(C)(C)C)cc3)c2C#N)c1,1,EC50,6.58,1,CHEMBL4849908
COc1ccc(C)cc1-n1nnc(S(=O)(=O)c2ccc(C(C)(C)C)cc2)c1C#N,1,EC50,6.8,1,CHEMBL4856618
COc1ccc(Cl)cc1-n1nnc(S(=O)(=O)c2ccc(C(C)(C)C)cc2)c1C#N,1,EC50,7.1,1,CHEMBL4877818
COc1ccc(C)cc1-n1nnc(S(=O)(=O)c2ccc(C(C)(C)C)cc2)c1C(C)=O,1,EC50,6.3,1,CHEMBL4872210
COc1ccc(Cl)cc1-n1nnc(S(=O)(=O)c2ccc(C(C)(C)C)cc2)c1C(C)=O,1,EC50,6.7,1,CHEMBL4870712
COc1ccc(C)cc1-c1ncc(S(=O)(=O)c2ccc(C(C)(C)C)cc2)n1C,1,EC50,6.0,1,CHEMBL4874930
COc1ccc(OC)c(-c2ncc(S(=O)(=O)c3ccc(C(C)(C)C)cc3)[nH]2)c1,1,EC50,6.16,1,CHEMBL4851405
COc1ccc(C)cc1-c1ncc(S(=O)(=O)c2ccc(C(C)(C)C)cc2)[nH]1,1,EC50,6.16,1,CHEMBL4873927
COc1ccc(Cl)cc1-c1ncc(S(=O)(=O)c2ccc(C(C)(C)C)cc2)[nH]1,1,EC50,6.44,1,CHEMBL4850921
COc1ccc(Cl)cc1-c1nc(C)c(S(=O)(=O)c2ccc(C(C)(C)C)cc2)[nH]1,1,EC50,6.3,1,CHEMBL4865234
COc1ccc(C)cc1-c1nc(C)c(S(=O)(=O)c2ccc(C(C)(C)C)cc2)n1C,1,EC50,6.0,1,CHEMBL4850195
COc1cc(OC)c(-n2nnc(S(=O)(=O)c3ccc(C(C)(C)C)cc3)c2C)cc1C,1,EC50,6.55,2,CHEMBL4848816
C/C(=C\c1ccc2c(c1)N(S(=O)(=O)c1cccc(C(F)(F)F)c1)C[C@H](CCC(=O)O)O2)c1c(F)cccc1Cl,0,EC50 (>),5.0,1,CHEMBL4162171
COc1cc(S(=O)(=O)N2C[C@H](CCC(=O)O)Oc3ccc(/C=C(\C)c4c(F)cccc4Cl)cc32)ccc1F,0,EC50 (>),5.0,1,CHEMBL4865225
CCOc1nn2c(c1S(=O)(=O)N1C[C@H](CCC(=O)O)Oc3ccc(/C=C(\C)c4c(F)cccc4Cl)cc31)CCCC2,0,EC50 (>),5.0,1,CHEMBL4855415
C/C(=C\c1ccc2c(c1)N(S(=O)(=O)c1c(OCCO)nn3c1CCCC3)C[C@H](CCC(=O)O)O2)c1c(F)cccc1Cl,0,EC50 (>),5.0,1,CHEMBL4868679
C/C(=C\c1ccc2c(c1)N(S(=O)(=O)c1cccc(C(F)(F)F)c1)C[C@H](CCC(=O)O)O2)c1ccccc1,0,EC50 (>),5.0,1,CHEMBL4878616
COc1ccccc1/C(C)=C/c1ccc2c(c1)N(S(=O)(=O)c1cccc(C(F)(F)F)c1)C[C@H](CCC(=O)O)O2,0,EC50 (>),5.0,1,CHEMBL4862913
C/C(=C\c1ccc2c(c1)N(S(=O)(=O)c1cccc(C(F)(F)F)c1)C[C@H](CCC(=O)O)O2)c1ccccc1C(F)(F)F,0,EC50 (>),5.0,1,CHEMBL4847760
C/C(=C\c1ccc2c(c1)N(S(=O)(=O)c1cccc(C(F)(F)F)c1)C[C@H](CCC(=O)O)O2)c1ccccc1Cl,0,EC50 (>),5.0,1,CHEMBL4879241
C/C(=C\c1ccc2c(c1)N(S(=O)(=O)c1cccc(C(F)(F)F)c1)C[C@H](CCC(=O)O)O2)c1c(Cl)cccc1Cl,0,EC50 (>),5.0,1,CHEMBL4846685
O=C(O)CC[C@H]1CN(S(=O)(=O)c2cccc(C(F)(F)F)c2)c2cc(/C=C/c3c(F)cccc3Cl)ccc2O1,0,EC50 (>),5.0,1,CHEMBL4868432
O=C(O)CC[C@H]1CN(S(=O)(=O)c2cccc(C(F)(F)F)c2)c2cc(/C=C/c3ccc(Cl)cc3F)ccc2O1,0,EC50 (>),5.0,1,CHEMBL4846389
Cc1ccc(/C=C/c2ccc3c(c2)N(S(=O)(=O)c2cccc(C(F)(F)F)c2)C[C@H](CCC(=O)O)O3)cc1,0,EC50 (>),5.0,1,CHEMBL4865235
O=C(O)CC[C@H]1CN(S(=O)(=O)c2cccc(C(F)(F)F)c2)c2cc(-c3ccccc3Cl)ccc2O1,0,EC50 (>),5.0,1,CHEMBL4874524
O=C(O)CC[C@H]1CN(S(=O)(=O)c2cccc(C(F)(F)F)c2)c2cc(-c3cccc(Cl)c3)ccc2O1,0,EC50 (>),5.0,1,CHEMBL4851214
O=C(O)CC[C@H]1CN(S(=O)(=O)c2cccc(C(F)(F)F)c2)c2cc(-c3cccc(F)c3)ccc2O1,0,EC50 (>),5.0,1,CHEMBL4849989
COc1cccc(-c2ccc3c(c2)N(S(=O)(=O)c2cccc(C(F)(F)F)c2)C[C@H](CCC(=O)O)O3)c1,0,EC50 (>),5.0,1,CHEMBL4860324
O=C(O)CC[C@H]1CN(S(=O)(=O)c2cccc(C(F)(F)F)c2)c2cc(-c3cccc(OC(F)F)c3)ccc2O1,0,EC50 (>),5.0,1,CHEMBL4859796
CC(C)c1ccc(-c2ccc3c(c2)N(S(=O)(=O)c2cccc(C(F)(F)F)c2)C[C@H](CCC(=O)O)O3)cc1,0,EC50 (>),5.0,1,CHEMBL4869479
O=C(O)CC[C@H]1CN(S(=O)(=O)c2cccc(C(F)(F)F)c2)c2cc(-c3cccc(OCCO)c3)ccc2O1,0,EC50 (>),5.0,1,CHEMBL4873257
O=C(O)CC[C@H]1CN(S(=O)(=O)c2cccc(C(F)(F)F)c2)c2cc(-c3cccc(F)c3Cl)ccc2O1,0,EC50 (>),5.0,1,CHEMBL4874647
O=C(O)CC[C@H]1CN(S(=O)(=O)c2cccc(C(F)(F)F)c2)c2cc(-c3cc(F)ccc3Cl)ccc2O1,0,EC50 (>),5.0,1,CHEMBL4861064
O=C(O)CC[C@H]1CN(S(=O)(=O)c2cccc(C(F)(F)F)c2)c2cc(-c3cc(F)cc(F)c3Cl)ccc2O1,0,EC50 (>),5.0,1,CHEMBL4875312
O=C(O)CC[C@H]1CN(S(=O)(=O)c2cccc(C(F)(F)F)c2)c2cc(-c3cc(F)ccc3F)ccc2O1,0,EC50 (>),5.0,1,CHEMBL4864871
O=C(O)CC[C@H]1CN(S(=O)(=O)c2cccc(C(F)(F)F)c2)c2cc(-c3cc(F)cc(F)c3)ccc2O1,0,EC50 (>),5.0,1,CHEMBL4846130
COc1cc(F)cc(-c2ccc3c(c2)N(S(=O)(=O)c2cccc(C(F)(F)F)c2)C[C@H](CCC(=O)O)O3)c1,0,EC50 (>),5.0,1,CHEMBL4862004
O=C(O)CC[C@H]1CN(S(=O)(=O)c2cccc(C(F)(F)F)c2)c2cc(-c3cc(F)cc(OC(F)F)c3)ccc2O1,0,EC50 (>),5.0,1,CHEMBL4846510
C[C@@H](C[C@H]1CN(S(=O)(=O)c2cccc(C(F)(F)F)c2)c2cc(-c3cc(F)ccc3F)ccc2O1)C(=O)O,0,EC50 (>),5.0,1,CHEMBL4859771
C[C@H](C[C@H]1CN(S(=O)(=O)c2cccc(C(F)(F)F)c2)c2cc(-c3cc(F)ccc3F)ccc2O1)C(=O)O,0,EC50 (>),5.0,1,CHEMBL4870074
CC(C)(C[C@H]1CN(S(=O)(=O)c2cccc(C(F)(F)F)c2)c2cc(-c3cc(F)ccc3F)ccc2O1)C(=O)O,0,EC50 (>),5.0,1,CHEMBL4865657
CC(C)(C[C@H]1CN(S(=O)(=O)c2cccc(C(F)(F)F)c2)c2cc(-c3cccc(Cl)c3F)ccc2O1)C(=O)O,0,EC50 (>),5.0,1,CHEMBL4847229
O=S(=O)(c1cccc(C(F)(F)F)c1)N1C[C@H](CC2(CO)COC2)Oc2ccc(Br)cc21,0,EC50 (>),5.0,1,CHEMBL4854926
O=C(O)C1(C[C@H]2CN(S(=O)(=O)c3cccc(C(F)(F)F)c3)c3cc(-c4cc(F)ccc4F)ccc3O2)COC1,0,EC50,4.75,1,CHEMBL4846575
O=C(O)C1(C[C@H]2CN(S(=O)(=O)c3cccc(C(F)(F)F)c3)c3cc(-c4cc(F)ccc4F)ccc3O2)CCOCC1,0,EC50 (>),5.0,1,CHEMBL4868437
O=C(O)C1(C[C@H]2CN(S(=O)(=O)c3cccc(C(F)(F)F)c3)c3cc(-c4cc(F)cc(OC(F)F)c4)ccc3O2)CCOCC1,0,EC50,4.89,1,CHEMBL4869567
O=C(O)C1(C[C@H]2CN(S(=O)(=O)c3cccc(C(F)(F)F)c3)c3cc(-c4cccc(Cl)c4F)ccc3O2)CCOCC1,0,EC50 (>),5.0,1,CHEMBL4849995
O=C(O)[C@H](O)CC[C@H]1CN(S(=O)(=O)c2cccc(C(F)(F)F)c2)c2cc(-c3cc(F)ccc3F)ccc2O1,0,EC50 (>),5.0,1,CHEMBL4875777
O=C(O)[C@@H](O)CC[C@H]1CN(S(=O)(=O)c2cccc(C(F)(F)F)c2)c2cc(-c3cc(F)ccc3F)ccc2O1,0,EC50 (>),5.0,1,CHEMBL4858971
Cc1nc(-c2cccc(F)c2O)n(CCc2ccccc2)c(=O)c1Cc1ccccc1,1,EC50,6.0,1,CHEMBL4866041
Cc1nc(-c2cccc(F)c2O)n(CCc2ccccc2)c(=O)c1-c1ccc(CO)s1,0,EC50,4.89,1,CHEMBL4871972
Cc1ncc(-c2c(C)nc(-c3cccc(F)c3O)n(CCc3ccccc3)c2=O)s1,0,EC50 (>),5.0,1,CHEMBL4851971
Cc1nc(-c2cccc(F)c2O)n(CCc2ccccc2)c(=O)c1-c1cc(-c2ccccn2)c(C)s1,0,EC50 (>),4.3,1,CHEMBL4866668
COc1ccc(-c2ccccc2)cc1-c1ccc(C(F)(F)F)cc1CN1C(=O)O[C@H](c2cc(C(F)(F)F)cc(C(F)(F)F)c2)[C@@H]1C,0,EC50 (>),4.52,1,CHEMBL4850728
COc1ccc(-c2ccccc2F)cc1-c1ccc(C(F)(F)F)cc1CN1C(=O)O[C@H](c2cc(C(F)(F)F)cc(C(F)(F)F)c2)[C@@H]1C,0,EC50 (>),4.52,1,CHEMBL4875002
COc1ccc(-c2ccccc2C)cc1-c1ccc(C(F)(F)F)cc1CN1C(=O)O[C@H](c2cc(C(F)(F)F)cc(C(F)(F)F)c2)[C@@H]1C,0,EC50 (>),4.52,1,CHEMBL4859118
COc1ccc(-c2ccccc2C(=O)O)cc1-c1ccc(C(F)(F)F)cc1CN1C(=O)O[C@H](c2cc(C(F)(F)F)cc(C(F)(F)F)c2)[C@@H]1C,0,EC50 (>),4.52,1,CHEMBL4849688
COc1ccc(-c2ccc(C(=O)O)cc2C)cc1-c1ccc(C(F)(F)F)cc1CN1C(=O)O[C@H](c2cc(C(F)(F)F)cc(C(F)(F)F)c2)[C@@H]1C,0,EC50 (>),4.52,1,CHEMBL4873416
Cc1cc(C(=O)O)ccc1-c1ccc(Cl)c(-c2ccc(C(F)(F)F)cc2CN2C(=O)O[C@H](c3cc(C(F)(F)F)cc(C(F)(F)F)c3)[C@@H]2C)c1,0,EC50 (>),4.52,1,CHEMBL4875851
COc1ccc([C@H]2CCC(=O)N[C@@H]2C)cc1-c1ccc(C(F)(F)F)cc1[C@@H]1CC[C@H]2[C@@H](c3cc(C(F)(F)F)cc(C(F)(F)F)c3)OC(=O)N12,1,EC50,6.52,1,CHEMBL4857594
COc1ccc([C@H]2OC(=O)N[C@@H]2C)cc1-c1ccc(C(F)(F)F)cc1[C@@H]1CC[C@H]2[C@@H](c3cc(C(F)(F)F)cc(C(F)(F)F)c3)OC(=O)N12,0,EC50,4.89,1,CHEMBL4868133
CN1CCC(C(=O)N(CC23CCC(c4nc(C5CC5)no4)(CC2)CC3)c2cccc(-c3nc(C4CC4)no3)c2)CC1,0,EC50,4.3,1,CHEMBL5205416
O=C(C1CC(F)(F)C1)N(CC12CCC(c3nc(C4CC4)no3)(CC1)CC2)c1cccc(-c2nc(C3CC3)no2)c1,1,EC50,6.0,1,CHEMBL5194619
O=C(N(CC12CCC(c3nc(C4CC4)no3)(CC1)CC2)c1cccc(-c2nc(C3CC3)no2)c1)C12CC(F)(C1)C2,1,EC50,6.0,1,CHEMBL5180682
CC(C)(C)c1noc(C23CCC(CN(C(=O)C45CC(F)(C4)C5)c4cccc(-c5nc(C6CC6)no5)c4)(CC2)CC3)n1,0,EC50,4.3,1,CHEMBL5172239
CC(C)(C)c1nc(C23CCC(CN(C(=O)C45CC(F)(C4)C5)c4cccc(-c5nc(C6CC6)no5)c4)(CC2)CC3)no1,0,EC50,4.3,1,CHEMBL5170740
CCOc1ccc(-c2cccc(N(CC34CCC(c5noc(C(C)(C)C)n5)(CC3)CC4)C(=O)C34CC(F)(C3)C4)c2)cn1,0,EC50,4.3,1,CHEMBL5182204
CCOc1ncc(-c2cccc(N(CC34CCC(c5noc(C(C)(C)C)n5)(CC3)CC4)C(=O)C34CC(F)(C3)C4)c2)cn1,0,EC50,4.3,1,CHEMBL5177647
CCOc1ncc(-c2cccc(N(CC34CCC(c5noc(C(C)(C)C)n5)(CC3)CC4)C(=O)[C@H]3C[C@](O)(C(F)(F)F)C3)c2)cn1,0,EC50,4.3,1,CHEMBL5178315
CC(C)(O)c1ccc(-c2cccc(N(CC34CCC(c5noc(C(C)(C)F)n5)(CC3)CC4)C(=O)[C@H]3C[C@@](C)(O)C3)c2)cc1,0,EC50,4.3,1,CHEMBL5202191
CC(C)(O)c1ccc(-c2cccc(N(CC34CCC(c5noc(C(C)(C)F)n5)(CC3)CC4)C(=O)[C@H]3C[C@](O)(C(F)(F)F)C3)c2)cc1,0,EC50,4.3,1,CHEMBL5182534
COc1cc(OCc2csc(-c3ccc(C(=O)N(C)C)cc3)n2)c2cc(-c3cn4nc(OC)sc4n3)oc2c1,0,EC50 (>),4.82,1,CHEMBL3716552
CC(C)(C)c1nc(-c2cccc(NS(=O)(=O)c3c(F)cccc3F)c2F)c(-c2ccnc(N)n2)s1,1,EC50,7.09,3,CHEMBL2028663
Nc1nccc(-c2sc(C3CCN3)nc2-c2cccc(NS(=O)(=O)c3cc(F)ccc3F)c2F)n1,0,EC50 (>),4.52,1,CHEMBL5203353
Nc1nccc(-c2sc(C3CNCCN3)nc2-c2cccc(NS(=O)(=O)c3cc(F)ccc3F)c2F)n1,0,EC50 (>),4.52,1,CHEMBL5192974
CC(C)(C)c1nc(-c2cc(Cl)cc(NS(=O)(=O)c3cc(F)ccc3F)c2F)c(-c2ccnc(N)n2)s1,1,EC50,7.09,1,CHEMBL5202550
Nc1nccc(-c2sc(C3CCCNC3)nc2-c2cccc(NS(=O)(=O)c3cc(F)ccc3F)c2F)n1,0,EC50 (>),4.52,1,CHEMBL5190223
Nc1nccc(-c2sc(C3COCCN3)nc2-c2cccc(NS(=O)(=O)c3cc(F)ccc3F)c2F)n1,0,EC50,4.94,1,CHEMBL5186595
NCCCc1nc(-c2cccc(NS(=O)(=O)c3cc(F)ccc3F)c2F)c(-c2ccnc(N)n2)s1,0,EC50 (>),4.52,1,CHEMBL5195570
CC(=O)Nc1nccc(-c2sc(C3CCN(C4CC4)CC3)nc2-c2cccc(NS(=O)(=O)c3cc(F)ccc3F)c2F)n1,0,EC50,4.97,1,CHEMBL5205492
CC(=O)Nc1nccc(-c2sc(CCCN)nc2-c2cccc(NS(=O)(=O)c3cc(F)ccc3F)c2F)n1,0,EC50 (>),4.52,1,CHEMBL5197265
O=C(O)c1ccc2c(c1)Oc1ccc(OCc3c(-c4c(Cl)cccc4Cl)noc3C3CC3)nc1C1(CC1)C2,0,EC50 (>),5.0,1,CHEMBL5171962
CNC(=O)c1csc(C(=O)c2c[nH]c3ccccc23)n1,0,EC50,4.92,1,CHEMBL5198290
O=C(N1CCN2CCC1CC2)n1nc(-c2ccc(F)cc2)c2c1COCC2,0,EC50 (>),4.52,1,CHEMBL5272946
O=C(N1CCN2CCC1CC2)n1nc(-n2cc(C(F)(F)F)cn2)c2c1COCC2,0,EC50 (>),4.52,1,CHEMBL5275403
CNc1ccc(NC(=O)c2nnn(-c3cc(OC)ccc3OC)c2C)cc1C(C)(C)C,1,EC50,6.52,3,CHEMBL5279641
COc1ccc(OC)c(-n2nnc(C(=O)Nc3ccc(N(C)C)c(C(C)(C)C)c3)c2C)c1,1,EC50,6.24,2,CHEMBL5276756
COc1ccc(OC)c(-n2nnc(C(=O)Nc3cc(C(C)(C)C)ccc3NC(=O)OC(C)(C)C)c2C)c1,1,EC50,6.82,3,CHEMBL5268267
CCCCOc1ccc(C(C)(C)C)cc1NC(=O)c1nnn(-c2ccccc2OC)c1C,1,EC50,6.32,3,CHEMBL5280042
CCCCOc1ccc(C(C)(C)C)cc1NC(=O)c1nnn(-c2cccc(OC)c2OC)c1C,1,EC50,6.0,2,CHEMBL5278057
CCCCOc1ccc(C(C)(C)C)cc1NC(=O)c1nnn(-c2c(OC)cccc2OC)c1C,1,EC50,6.62,2,CHEMBL5287237
CCC[C@@H](C)Oc1ccc(C(C)(C)C)cc1NC(=O)c1nnn(-c2cc(C)ccc2OC)c1C,1,EC50,8.09,3,CHEMBL5274748
COc1ccc(OC)c(-n2nnc(C(=O)Nc3ccccc3C(C)(C)C)c2C)c1,1,EC50,6.13,2,CHEMBL5280444
COc1ccc(OC)c(-n2nnc(C(=O)Nc3ccccc3)c2C)c1,0,EC50,4.6,1,CHEMBL5277556
COc1ccc(OC)c(-n2nnc(C(=O)Nc3nc4ccccc4n3C)c2C)c1,0,EC50,4.99,1,CHEMBL5276093
COc1ccc(OC)c(-n2nnc(C(=O)Nc3ccc(N)c(C(C)(C)C)c3)c2C)c1,1,EC50,6.55,1,CHEMBL5273515
COc1ccc(OC)c(-n2nnc(C(=O)Nc3cc(C(C)(C)C)ccc3N)c2C)c1,1,EC50,6.05,1,CHEMBL5269184
COc1ccc(OC)c(-n2nnc(C(=O)Nc3cc(C(C)(C)C)ccc3NC(C)=O)c2C)c1,1,EC50,6.0,1,CHEMBL5285078
CC(C)(O)c1ccc(N(CC(F)(F)F)S(=O)(=O)c2ccccc2)cc1,1,EC50,8.1,1,CHEMBL3781118
CC(C)[C@@H](NC(=O)CC1CC1)C(=O)N1CC[C@](O)(c2ccc(Cl)cc2)C(C)(C)C1,1,EC50,6.3,1,CHEMBL2398717
ClC1=C(Cl)[C@]2(Cl)[C@H]3C[C@H](Cl)[C@H](Cl)[C@H]3[C@@]1(Cl)C2(Cl)Cl,0,EC50,4.82,1,CHEMBL5283219
CC1=CC[C@@]2(C)CC[C@@](O)(C(C)C)[C@@H]2C(OC(=O)c2ccc(O)cc2)C1,0,EC50,4.89,1,CHEMBL5283048
N#Cc1nn(-c2c(Cl)cc(C(F)(F)F)cc2Cl)c(N)c1[S+]([O-])C(F)(F)F,0,EC50,4.82,1,CHEMBL101326
CC(C)Oc1cc(-n2nc(C(C)(C)C)oc2=O)c(Cl)cc1Cl,1,EC50,6.05,1,CHEMBL1080648
CCCOCCN(C(=O)CCl)c1c(CC)cccc1CC,1,EC50,6.31,1,CHEMBL1867271
C[C@H]1CCC[C@H](O)CCC/C=C/c2cc(O)cc(O)c2C(=O)O1,0,EC50,4.85,1,CHEMBL371463
CCCC(CCC)Oc1ccc(-c2ccccc2-c2nn[nH]n2)cc1NC(=O)Nc1ccc(C)cc1,1,EC50,6.0,1,CHEMBL5267732
CCCOc1c(CCC)cc(-c2ccccc2C(=O)O)cc1NC(=O)Nc1ccc(C)cc1,0,EC50 (>),4.7,1,CHEMBL5288516
C=C[C@H]1Oc2c(NC(=O)Nc3ccc(C)cc3)cc(-c3ccccc3-c3nn[nH]n3)cc2[C@@H]1c1ccccc1,0,EC50,4.96,1,CHEMBL5285519
Cc1ccc(NC(=O)Nc2cc(-c3ccccc3-c3nn[nH]n3)cc3c2OC(C)(C)[C@H]3c2ccccc2)cc1,0,EC50,4.82,1,CHEMBL5287356
Cc1ccc(NC(=O)Nc2cc(-c3ccccc3-c3nn[nH]n3)cc3c2O[C@@H](C)C/C=C\[C@H]3c2ccccc2)cc1,0,EC50,4.96,1,CHEMBL5280327
Cc1ccc(NC(=O)Nc2cc(-c3ccccc3-c3nn[nH]n3)cc3c2OCC=CC3c2ccccc2)cc1,0,EC50,4.11,1,CHEMBL5272014
CN1CCC[C@@H](N(c2cc(C#CC(C)(C)C)sc2C(=O)O)C(=O)[C@H]2CC[C@H](C)CC2)C1=O,0,EC50,4.69,1,CHEMBL5288911
CN1CCC[C@H](N(c2cc(C#CC(C)(C)C)sc2C(=O)O)C(=O)[C@H]2CC[C@H](C)CC2)C1=O,0,EC50,4.76,1,CHEMBL5287462
CN1CCCC[C@@H](N(c2cc(C#CC(C)(C)C)sc2C(=O)O)C(=O)[C@H]2CC[C@H](C)CC2)C1=O,0,EC50 (>),4.52,1,CHEMBL5272512
CN1CCCC[C@H](N(c2cc(C#CC(C)(C)C)sc2C(=O)O)C(=O)[C@H]2CC[C@H](C)CC2)C1=O,0,EC50 (>),4.52,1,CHEMBL5270256
CN(C)CCc1c[nH]c2ccc(C[C@H]3COC(=O)N3)cc12,0,AC50 (>),4.52,1,CHEMBL1185
CN(C)CCc1c[nH]c2ccc(CS(=O)(=O)N3CCCC3)cc12,0,AC50 (>),4.52,1,CHEMBL1505
CN(C)CCC(c1ccc(Br)cc1)c1ccccn1,0,AC50 (>),4.52,1,CHEMBL811
CN(C)C/C=C(/c1ccc(Br)cc1)c1cccnc1,0,AC50 (>),4.52,1,CHEMBL37744
CN(C)CCC=C1c2ccccc2CCc2ccccc21,0,AC50 (>),4.52,1,CHEMBL629
CN(C)CCC=C1c2ccccc2C(C)(C)c2ccccc21,0,AC50,4.85,1,CHEMBL110094
CN(C)CC/C=C1\c2ccccc2CSc2ccccc21,0,AC50 (>),4.52,1,CHEMBL1492500
CN(C)CC/C=C1/c2ccccc2Sc2ccc(Cl)cc21,0,AC50,4.89,1,CHEMBL908
CN(C)CCC[C@@]1(c2ccc(F)cc2)OCc2cc(C#N)ccc21,0,AC50 (>),4.52,1,CHEMBL1508
CNC(C)CCC=C(C)C,0,AC50 (>),4.52,1,CHEMBL1697841
CN(C)C/C=C/C(=O)Nc1cc2c(Nc3ccc(F)c(Cl)c3)ncnc2cc1O[C@H]1CCOC1,0,AC50 (>),4.52,1,CHEMBL1173655
CN(C)CC[C@@H](c1ccc(Cl)cc1)c1ccccn1,0,AC50 (>),4.52,1,CHEMBL1201353
CN(C)CCCNc1c2ccccc2nc2cccc([N+](=O)[O-])c12,0,AC50 (>),4.52,1,CHEMBL26291
C[C@]12CC[C@@H]3c4ccc(O)cc4C[C@@H](CCCCCCCCC[S+]([O-])CCCC(F)(F)C(F)(F)F)[C@H]3[C@@H]1CC[C@@H]2O,0,AC50 (>),4.52,1,CHEMBL1358
C[C@@H]1CCC[C@H](C)N1NC(=O)c1ccc(Cl)c(S(N)(=O)=O)c1,0,AC50 (>),4.52,1,CHEMBL1605650
CNC(=O)Oc1ccc2c(c1)[C@]1(C)CCN(C)[C@@H]1N2C,0,AC50 (>),4.52,1,CHEMBL94
C[C@]12CC[C@H](O)CC1=CC[C@@H]1[C@@H]2CC[C@]2(C)C(c3cccnc3)=CC[C@@H]12,0,AC50 (>),4.52,1,CHEMBL254328
C[C@]12CCC(=O)C=C1C=C[C@@H]1[C@@H]2CC[C@@]2(C)[C@H]1CC[C@@]21CCC(=O)O1,0,AC50 (>),4.52,1,CHEMBL1463345
C[C@]12CCC(=O)C=C1C=C[C@@H]1[C@@H]2CC[C@@]2(C)[C@H]1CC[C@@]2(O)CCC(=O)[O-],0,AC50 (>),4.52,1,CHEMBL1371200
C[C@]12C=CC(=O)C=C1C(Cl)=C[C@@H]1[C@@H]2[C@@H](O)C[C@@]2(C)[C@H]1CC[C@]2(O)C(=O)CO,0,AC50 (>),4.52,1,CHEMBL1697832
CC1(C)O[C@@H]2C[C@H]3[C@@H]4C[C@H](F)C5=CC(=O)C=C[C@]5(C)[C@H]4[C@@H](O)C[C@]3(C)[C@]2(C(=O)CO)O1,0,AC50 (>),4.52,1,CHEMBL1512
C[C@]12CCC(=O)C(O)=C1CC[C@@H]1[C@@H]2CC[C@]2(C)C(=O)CC[C@@H]12,0,AC50 (>),4.52,1,CHEMBL132530
CC1(C)O[C@@H]2C[C@H]3[C@@H]4CCC5=CC(=O)C=C[C@]5(C)[C@@]4(F)[C@@H](O)C[C@]3(C)[C@]2(C(=O)CO)O1,0,AC50 (>),4.52,1,CHEMBL1504
C[C@]12CCC(=O)C=C1[C@@H]1C[C@@H]1[C@H]1[C@@H]3[C@@H]4C[C@@H]4[C@@]4(CCC(=O)O4)[C@@]3(C)CC[C@@H]12,0,AC50 (>),4.52,1,CHEMBL1509
C[N+](C)(C)CC(=O)O,0,AC50 (>),4.52,1,CHEMBL95889
C[N+](C)(C)CCOP(=O)([O-])OC[C@H](O)CO,0,AC50 (>),4.52,1,CHEMBL1567463
CNCC[C@@H](Oc1ccccc1C)c1ccccc1,0,AC50 (>),4.52,1,CHEMBL641
CNCCCN1c2ccccc2CCc2ccccc21,0,AC50 (>),4.52,1,CHEMBL72
Cc1nnc(SCC2=C(C(=O)O)N3C(=O)[C@@H](NC(=O)Cn4cnnn4)[C@H]3SC2)s1,0,AC50 (>),3.52,1,CHEMBL1435
N[C@@H]1[C@H]2CN(c3nc4c(cc3F)c(=O)c(C(=O)O)cn4-c3ccc(F)cc3F)C[C@@H]12,0,AC50 (>),4.52,1,CHEMBL428
CC(=O)NCCCS(=O)(=O)O,0,AC50 (>),4.52,1,CHEMBL1201293
CC(=O)NC[C@H]1CN(c2ccc(N3CCOCC3)c(F)c2)C(=O)O1,0,AC50 (>),4.52,1,CHEMBL126
CC(=O)N[C@@H](CS)C(=O)O,0,AC50 (>),4.52,1,CHEMBL600
COc1ccc(-c2cc(=S)ss2)cc1,0,AC50 (>),4.52,1,CHEMBL178862
COc1ccccc1OC1(C)OC(=O)c2ccccc2O1,0,AC50 (>),4.52,1,CHEMBL2105115
CS(=O)(=O)c1ccc([C@@H](O)[C@@H](CO)NC(=O)C(Cl)Cl)cc1,0,AC50 (>),4.52,1,CHEMBL1236282
CS(=O)(=O)c1ccc(C(=O)Nc2ccc(Cl)c(-c3ccccn3)c2)c(Cl)c1,0,AC50 (>),4.52,1,CHEMBL473417
CCCCCCCCCCCCCCCCOP(=O)([O-])OCC[N+](C)(C)C,0,AC50 (>),4.52,1,CHEMBL125
N[C@@H](CC(=O)N1CCn2c(nnc2C(F)(F)F)C1)Cc1cc(F)c(F)cc1F,0,AC50 (>),4.52,1,CHEMBL1422
N[C@@H](C(=O)N[C@@H]1C(=O)N2C(C(=O)O)=C(Cl)CS[C@H]12)c1ccccc1,0,AC50 (>),4.52,1,CHEMBL680
N[C@@H](CSCC(=O)O)C(=O)O,0,AC50 (>),4.52,1,CHEMBL396416
N=C(N)Nc1ccc(C(=O)Oc2ccc3cc(C(=N)N)ccc3c2)cc1,0,AC50 (>),4.52,1,CHEMBL273264
CNC[C@H](O)c1ccc(O)c(O)c1,0,AC50 (>),4.52,1,CHEMBL679
Cc1cc(C(C)(C)C)c(O)c(C)c1CC1=NCCN1,0,AC50 (>),4.52,1,CHEMBL762
S=P(N1CC1)(N1CC1)N1CC1,0,AC50 (>),4.52,1,CHEMBL671
Cc1cccc(N2CC(CO)OC2=O)c1,0,AC50 (>),4.52,1,CHEMBL18116
CC(C)(Oc1ccc(Cl)cc1)C(=O)OCCOC(=O)c1cccnc1,0,AC50 (>),4.52,1,CHEMBL358150
CC(C(O)c1ccc(O)cc1)N1CCC(Cc2ccccc2)CC1,0,AC50 (>),4.52,1,CHEMBL305187
C=CCc1ccccc1OCC(O)CNC(C)C,0,AC50 (>),4.52,1,CHEMBL266195
CC(C)c1cccc(C(C)C)c1O,0,AC50 (>),4.52,1,CHEMBL526
O=C(O)CSCC(=O)NC1CCSC1=O,0,AC50 (>),4.52,1,CHEMBL1697744
C=CC(=O)Nc1cc(Nc2nccc(-c3cn(C)c4ccccc34)n2)c(OC)cc1N(C)CCN(C)C,0,AC50 (>),4.52,1,CHEMBL3353410
CC(C)(O/N=C(\C(=O)N[C@@H]1C(=O)N2C(C(=O)[O-])=C(C[n+]3ccccc3)CS[C@H]12)c1csc(N)n1)C(=O)O,0,AC50 (>),4.52,2,CHEMBL44354
Cn1nnnc1SCC1=C(C(=O)O)N2C(=O)[C@@H](NC(=O)[C@H](O)c3ccccc3)[C@H]2SC1,0,AC50 (>),4.52,1,CHEMBL1146
Oc1cc(Cl)ccc1Oc1ccc(Cl)cc1Cl,0,AC50,4.62,1,CHEMBL849
CC(/C=C1\SC(=S)N(CC(=O)O)C1=O)=C\c1ccccc1,0,AC50 (>),4.52,1,CHEMBL56337
O=C(O)[C@H]1/C(=C/CO)O[C@@H]2CC(=O)N21,0,AC50 (>),4.52,1,CHEMBL777
O=C(N[C@H](CO)[C@H](O)c1ccc([N+](=O)[O-])cc1)C(Cl)Cl,0,AC50 (>),4.52,1,CHEMBL130
O=C(OCC(O)CO)c1ccccc1Nc1ccnc2cc(Cl)ccc12,0,AC50 (>),4.52,1,CHEMBL146095
C=CC(=O)N1CCC[C@@H](n2nc(-c3ccc(Oc4ccccc4)cc3)c3c(N)ncnc32)C1,0,AC50 (>),4.52,1,CHEMBL1873475
NS(=O)(=O)c1ccc(N2CCCCS2(=O)=O)cc1,0,AC50 (>),4.52,1,CHEMBL328560
NS(=O)(=O)c1cc(C(=O)O)cc(N2CCCC2)c1Oc1ccccc1,0,AC50 (>),4.52,1,CHEMBL349803
NS(=O)(=O)c1cc(-c2nnn[nH]2)c(NCc2cccs2)cc1Cl,0,AC50 (>),4.52,1,CHEMBL1097235
CCCN(CCc1cccs1)[C@H]1CCc2c(O)cccc2C1,0,AC50 (>),4.52,1,CHEMBL1303
CCCC(=O)N1CCCN(c2nc(N)c3cc(OC)c(OC)cc3n2)CC1,0,AC50 (>),4.52,1,CHEMBL188185
CNCCc1ccccn1,0,AC50 (>),4.52,1,CHEMBL24441
CNCCc1ccc(OC(=O)C(C)C)c(OC(=O)C(C)C)c1,0,AC50 (>),4.52,1,CHEMBL307739
CNCCCC12CCC(c3ccccc31)c1ccccc12,0,AC50 (>),4.52,1,CHEMBL21731
CNCCC=C1c2ccccc2CCc2ccccc21,0,AC50 (>),4.52,1,CHEMBL445
CCCNCC(O)COc1ccccc1C(=O)CCc1ccccc1,0,AC50 (>),4.52,1,CHEMBL631
CCOc1cc(N)c([N+](=O)[O-])cc1C(=O)NC1CCN(CC2CC=CCC2)CC1,0,AC50 (>),4.52,1,CHEMBL2104523
CO[C@@]1(NC(=O)C2SC(=C(C(N)=O)C(=O)O)S2)C(=O)N2C(C(=O)O)=C(CSc3nnnn3C)CS[C@@H]21,0,AC50 (>),4.52,1,CHEMBL474579
COc1cc2nccc(Oc3ccc(NC(=O)C4(C(=O)Nc5ccc(F)cc5)CC4)cc3)c2cc1OC,0,AC50 (>),4.52,1,CHEMBL2105717
O=C(O)c1nn(Cc2ccc(Cl)cc2Cl)c2ccccc12,0,AC50 (>),4.52,1,CHEMBL1257030
CN1CCCC(n2nc(Cc3ccc(Cl)cc3)c3ccccc3c2=O)CC1,0,AC50 (>),4.52,1,CHEMBL639
O=c1[nH]cc(F)c(=O)[nH]1,0,AC50 (>),4.52,1,CHEMBL185
O=C1NCCN1CCN1CCC(c2cn(-c3ccc(F)cc3)c3ccc(Cl)cc23)CC1,0,AC50 (>),4.52,1,CHEMBL12713
O=C1NC(=O)C(c2ccccc2)(c2ccccc2)N1,0,AC50 (>),4.52,1,CHEMBL16
NC(=O)c1ncn([C@@H]2O[C@H](CO)[C@@H](O)[C@H]2O)c1O,0,AC50 (>),4.52,1,CHEMBL245019
NC(=O)c1cn(Cc2c(F)cccc2F)nn1,0,AC50 (>),4.52,1,CHEMBL1201754
CN(C)C(=O)Oc1cc(OC(=O)N(C)C)cc(C(O)CNC(C)(C)C)c1,0,AC50 (>),4.52,1,CHEMBL521589
C/N=C(\NC)NCc1ccccc1,0,AC50 (>),4.52,1,CHEMBL1201260
OCCN1CCN(CCCN2c3ccccc3C=Cc3ccccc32)CC1,0,AC50 (>),4.52,1,CHEMBL370753
Cc1cc(C2CCCCC2)n(O)c(=O)c1,0,AC50 (>),4.52,1,CHEMBL1413
c1ccc2c(c1)Sc1ccccc1N2CC1CN2CCC1CC2,0,AC50 (>),4.52,1,CHEMBL73451
CCOC(=O)C1=C[C@]2(CC)CCCN3CCc4c(n1c1ccccc41)[C@@H]32,0,AC50,4.82,1,CHEMBL71752
CN[C@]1(c2ccccc2Cl)CCCCC1=O,0,AC50 (>),4.52,1,CHEMBL395091
O=C1CCc2cc(OCCCCc3nnnn3C3CCCCC3)ccc2N1,0,AC50 (>),4.52,1,CHEMBL799
O=C1CCc2ccc(OCCCCN3CCN(c4cccc(Cl)c4Cl)CC3)cc2N1,0,AC50 (>),4.52,1,CHEMBL1112
CC(C)=CCOc1ccc(/C=C/C(=O)c2ccc(OCC=C(C)C)cc2OCC(=O)O)cc1,0,AC50 (>),4.52,1,CHEMBL1441961
Cc1cccc(C)c1NC(=O)C1CCCCN1C,0,AC50 (>),4.52,1,CHEMBL1087
Cc1cccc(C)c1NC(=O)CC12CCCN1CCC2,0,AC50 (>),4.52,1,CHEMBL163238
C[C@H](Nc1ncnc2nc[nH]c12)c1cc2cccc(Cl)c2c(=O)n1-c1ccccc1,0,AC50 (>),4.52,1,CHEMBL3039502
CC(C)NNC(=O)c1ccncc1,0,AC50 (>),4.52,1,CHEMBL92401
CC(C)(Oc1ccc(C2CC2(Cl)Cl)cc1)C(=O)O,0,AC50 (>),4.52,1,CHEMBL557555
OC[C@H]1O[C@@H](n2cnc3c2N=CNC[C@H]3O)C[C@@H]1O,0,AC50 (>),4.52,1,CHEMBL1580
OC[C@H]1O[C@@](CO)(O[C@H]2O[C@H](CO)[C@@H](O)[C@H](O)[C@H]2O)[C@@H](O)[C@@H]1O,0,AC50 (>),4.52,1,CHEMBL253582
C#C[C@]1(O)CC[C@H]2[C@@H]3CCC4=CCCC[C@@H]4[C@H]3CC[C@@]21C,0,AC50 (>),4.52,1,CHEMBL2107431
O=C(NCC1CCCCN1)c1cc(OCC(F)(F)F)ccc1OCC(F)(F)F,0,AC50 (>),4.52,1,CHEMBL652
CC(C)(C)C(=O)Oc1ccc(S(=O)(=O)Nc2ccccc2C(=O)NCC(=O)O)cc1,0,AC50 (>),4.52,1,CHEMBL76688
CC(C)(C)C(=O)OCOP(=O)(COCCn1cnc2c(N)ncnc21)OCOC(=O)C(C)(C)C,0,AC50 (>),4.52,1,CHEMBL922
C/C(=C(\CCOP(=O)(O)O)SC(=O)c1ccccc1)N(C=O)Cc1cnc(C)nc1N,0,AC50 (>),4.52,1,CHEMBL4303665
CN(Cc1cnc2nc(N)nc(N)c2n1)c1ccc(C(=O)N[C@@H](CCC(=O)O)C(=O)O)cc1,0,AC50 (>),4.52,1,CHEMBL34259
CN(C)c1cc(CNCC(C)(C)C)c(O)c2c1C[C@H]1C[C@H]3[C@H](N(C)C)C(O)=C(C(N)=O)C(=O)[C@@]3(O)C(O)=C1C2=O,0,AC50 (>),4.52,1,CHEMBL1689772
Cc1nc2n(c(=O)c1CCN1CCC(c3noc4cc(F)ccc34)CC1)CCCC2,0,AC50 (>),4.52,1,CHEMBL85
COc1nc(C)nc(Cl)c1NC1=NCCN1,0,AC50 (>),4.52,1,CHEMBL19236
CN(CCOc1ccc(CC2SC(=O)NC2=O)cc1)c1ccccn1,0,AC50,4.75,1,CHEMBL121
O=C(O)Cc1ccc(-c2ccccc2)cc1,0,AC50 (>),4.52,1,CHEMBL413965
O=C(O)Cc1ccccc1Nc1c(Cl)cccc1Cl,0,AC50 (>),4.52,1,CHEMBL139
O=C(O)Cc1cn(-c2ccccc2)nc1-c1ccc(Cl)cc1,0,AC50 (>),4.52,1,CHEMBL1334692
O=C(O)Cc1cc(I)c(Oc2ccc(O)c(I)c2)c(I)c1,0,AC50 (>),4.52,1,CHEMBL41632
O=C(O)/C=C/c1ccc(Cn2ccnc2)cc1,0,AC50 (>),4.52,1,CHEMBL11662
OC(CCN1CCCCC1)(c1ccccc1)C1CC2C=CC1C2,0,AC50 (>),4.52,1,CHEMBL1101
O=C(/C=C\n1cnc(-c2cc(C(F)(F)F)cc(C(F)(F)F)c2)n1)NNc1cnccn1,0,AC50 (>),4.52,1,CHEMBL3545185
CC(C)n1c(/C=C/C(O)CC(O)CC(=O)O)c(-c2ccc(F)cc2)c2ccccc21,0,AC50 (>),4.52,1,CHEMBL2220442
Cc1c(-c2ccc(O)cc2)n(Cc2ccc(OCCN3CCCCCC3)cc2)c2ccc(O)cc12,0,AC50 (>),4.52,1,CHEMBL46740
Cc1cc(N2CCN([C@@H]3CN[C@H](C(=O)N4CCSC4)C3)CC2)n(-c2ccccc2)n1,0,AC50 (>),4.52,1,CHEMBL2147777
Cc1ccn(-c2cc(Cl)ccc2[C@@H](Oc2cc(-c3ccc(C[C@H](N)C(=O)O)cc3)nc(N)n2)C(F)(F)F)n1,0,AC50 (>),4.52,1,CHEMBL2103855
COC(=O)CCc1ccc(OCC(O)CNC(C)C)cc1,0,AC50 (>),4.52,1,CHEMBL768
COC(=O)/C=C/C(=O)OC,0,AC50 (>),4.52,1,CHEMBL2107333
CC(C)C[C@H](NC(=O)[C@@H](O)[C@H](N)Cc1ccccc1)C(=O)O,0,AC50 (>),4.52,1,CHEMBL29292
CCOC(=O)C(C)(CC)Oc1ccc(Cc2ccc(Cl)cc2)cc1,0,AC50 (>),4.52,1,CHEMBL152684
Cc1ccc(C(=O)Nc2ccc(CN3CCN(C)CC3)c(C(F)(F)F)c2)cc1C#Cc1cnc2cccnn12,0,AC50 (>),4.52,1,CHEMBL1171837
Cc1ccc(/C(=C\CN2CCCC2)c2cccc(/C=C/C(=O)O)n2)cc1,0,AC50 (>),4.52,1,CHEMBL1224
O=C(CCCN1CCC2(CC1)C(=O)NCN2c1ccccc1)c1ccc(F)cc1,0,AC50 (>),4.52,1,CHEMBL267930
O=C(CCCN1CCC(n2c(=O)[nH]c3ccccc32)CC1)c1ccc(F)cc1,0,AC50 (>),4.52,1,CHEMBL297302
CC1=C(C(=O)OC(C)C)C(c2cccc([N+](=O)[O-])c2)C(C(=O)OC2CN(C(c3ccccc3)c3ccccc3)C2)=C(N)N1,0,AC50 (>),4.52,1,CHEMBL1275868
CC(C)OC(=O)CCC/C=C\C[C@@H]1[C@@H](CC[C@@H](O)CCc2ccccc2)[C@H](O)C[C@@H]1O,0,AC50 (>),4.52,1,CHEMBL1051
CC(C)OC(=O)C(C(=O)OC(C)C)=C1SC=CS1,0,AC50 (>),4.52,1,CHEMBL1697754
C#Cc1cccc(Nc2ncnc3cc(OCCOC)c(OCCOC)cc23)c1,0,AC50 (>),4.52,1,CHEMBL553
O=C(O)c1cc(/N=N/c2ccc(S(=O)(=O)Nc3ccccn3)cc2)ccc1O,0,AC50 (>),4.52,1,CHEMBL421
O=C(O)c1ccccc1OP(=O)(O)O,0,AC50 (>),4.52,1,CHEMBL287275
O=C1OC(OC(=O)c2cccnc2Nc2cccc(C(F)(F)F)c2)c2ccccc21,0,AC50 (>),4.52,1,CHEMBL1081506
COCCCN1CCC(NC(=O)c2cc(Cl)c(N)c3c2OCC3)CC1,0,AC50 (>),4.52,1,CHEMBL117287
COC(=O)Nc1nc2cc(C(=O)c3ccccc3)ccc2[nH]1,0,AC50 (>),5.0,1,CHEMBL685
CCN1C(=O)NC(c2ccccc2)C1=O,0,AC50 (>),4.52,1,CHEMBL1095
C1=Cc2cccc(OCC3CNCCO3)c2C1,0,AC50 (>),4.52,1,CHEMBL2105022
COc1cccc2c1C(=O)c1c(O)c3c(c(O)c1C2=O)C[C@@](O)(C(=O)CO)C[C@@H]3O[C@H]1C[C@H](N)[C@H](O)[C@H](C)O1,0,AC50 (>),4.52,1,CHEMBL53463
Nc1ccn([C@@H]2CS[C@H](CO)O2)c(=O)n1,0,AC50 (>),4.52,1,CHEMBL141
Nc1nc2ccc(OC(F)(F)F)cc2s1,0,AC50 (>),4.52,1,CHEMBL744
Nc1nc2c(ncn2COC(CO)CO)c(=O)[nH]1,0,AC50 (>),4.52,1,CHEMBL182
Nc1c2c(nc3ccccc13)CCCC2O,0,AC50 (>),4.52,1,CHEMBL51934
CCC(C(=O)O)c1ccc(CC(C)C)cc1,0,AC50 (>),4.52,1,CHEMBL454450
CCC(C)C(CC)C(N)=O,0,AC50 (>),4.52,1,CHEMBL1075733
CCCCCCCCOc1ccccc1C(=O)Nc1ccc(C(=O)OCC[N+](C)(CC)CC)cc1,0,AC50 (>),4.52,1,CHEMBL2103773
CCc1oc2ccccc2c1C(=O)c1cc(Br)c(O)c(Br)c1,0,AC50 (>),4.52,1,CHEMBL388590
COC(=O)C1=C(C)NC(C)=C(C(=O)OCCN2CCN(C(c3ccccc3)c3ccccc3)CC2)C1c1cccc([N+](=O)[O-])c1,0,AC50 (>),4.52,1,CHEMBL1085699
COC(=O)c1ccc2c(c1)NC(=O)/C2=C(\Nc1ccc(N(C)C(=O)CN2CCN(C)CC2)cc1)c1ccccc1,0,AC50 (>),4.52,1,CHEMBL502835
CC(C)Cc1ccc([C@H](C)C(=O)O)cc1,0,AC50 (>),4.52,1,CHEMBL175
CC(C)(C)c1ccc(C(=O)CCCN2CCC(OC(c3ccccc3)c3ccccc3)CC2)cc1,0,AC50 (>),4.52,1,CHEMBL305660
C[C@H]1CNCCc2ccc(Cl)cc21,0,AC50 (>),4.52,1,CHEMBL360328
C[C@H]1O[C@@H](O[C@H]2[C@@H](O)C[C@H](O[C@H]3[C@@H](O)C[C@H](O[C@H]4CC[C@@]5(C)[C@H](CC[C@@H]6[C@@H]5C[C@@H](O)[C@]5(C)[C@@H](C7=CC(=O)OC7)CC[C@]65O)C4)O[C@@H]3C)O[C@@H]2C)C[C@H](O)[C@@H]1O,0,AC50 (>),4.52,1,CHEMBL1751
C[C@H]1[C@H](NC(=O)/C(=N\OC(C)(C)C(=O)O)c2csc(N)n2)C(=O)N1S(=O)(=O)O,0,AC50 (>),3.4,1,CHEMBL158
CCC1(c2ccc(N)cc2)CCC(=O)NC1=O,0,AC50 (>),4.52,1,CHEMBL488
CCC1(CC)C(=O)NCC(C)C1=O,0,AC50 (>),4.52,1,CHEMBL1200790
Cc1cc(/C=C/c2ccc3cc(N(C)C)ccc3[n+]2C)c(C)n1-c1ccccc1,0,AC50 (>),4.52,1,CHEMBL1201303
Clc1ccccc1CN1CCc2sccc2C1,0,AC50 (>),4.52,1,CHEMBL833
Clc1ccc(CCCOCCCN2CCCCC2)cc1,0,AC50 (>),4.52,1,CHEMBL462605
C/C=C/C[C@@H](C)[C@@H](O)[C@H]1C(=O)N[C@@H](CC)C(=O)N(C)CC(=O)N(C)[C@@H](CC(C)C)C(=O)N[C@@H](C(C)C)C(=O)N(C)[C@@H](CC(C)C)C(=O)N[C@@H](C)C(=O)N[C@H](C)C(=O)N(C)[C@@H](CC(C)C)C(=O)N(C)[C@@H](CC(C)C)C(=O)N(C)[C@@H](C(C)C)C(=O)N1C,0,AC50 (>),4.52,1,CHEMBL160
CC[C@H]1[C@@H](O)[C@@H]2[C@H](CC[C@]3(C)[C@@H]([C@H](C)CCC(=O)O)CC[C@@H]23)[C@@]2(C)CC[C@@H](O)C[C@@H]12,0,AC50 (>),4.52,1,CHEMBL566315
CC[C@H]1CN2CCc3cc(OC)c(OC)cc3[C@@H]2C[C@@H]1C[C@H]1NCCc2cc(OC)c(OC)cc21,0,AC50 (>),4.52,1,CHEMBL50588
CC[C@H]1OC(=O)[C@H](C)[C@@H](O[C@H]2C[C@@](C)(OC)[C@@H](O)[C@H](C)O2)[C@H](C)[C@@H](O[C@@H]2O[C@H](C)C[C@H](N(C)C)[C@H]2O)[C@](C)(OC)C[C@@H](C)C(=O)[C@H](C)[C@@H](O)[C@]1(C)O,0,AC50 (>),4.52,1,CHEMBL1741
CC[C@H]1OC(=O)[C@H](C)[C@@H](O[C@H]2C[C@@](C)(OC)[C@@H](O)[C@H](C)O2)[C@H](C)[C@@H](O[C@@H]2O[C@H](C)C[C@H](N(C)C)[C@H]2O)[C@](C)(O)C[C@@H](C)/C(=N\OCOCCOC)[C@H](C)[C@@H](O)[C@]1(C)O,0,AC50 (>),4.52,1,CHEMBL1214185
CC[C@H]1OC(=O)[C@H](C)[C@@H](O[C@H]2C[C@@](C)(OC)[C@@H](O)[C@H](C)O2)[C@H](C)[C@@H](O[C@@H]2O[C@H](C)C[C@H](N(C)C)[C@H]2O)[C@](C)(O)C[C@@H](C)C(=O)[C@H](C)[C@@H](O)[C@]1(C)O,0,AC50 (>),4.52,1,CHEMBL532
C=C(C)[C@@H]1CCC(C)=C[C@H]1c1c(O)cc(CCCCC)cc1O,1,AC50,6.17,1,CHEMBL190461
CC(C)Cc1ccc(CC(=O)O)cc1,0,AC50 (>),4.52,1,CHEMBL341812
CC(CCc1ccc(O)cc1)NCCc1ccc(O)c(O)c1,0,AC50 (>),4.52,1,CHEMBL926
CCC(C)C1(CC)C(=O)NC(=O)NC1=O,0,AC50 (>),4.52,1,CHEMBL449
CCCCC1(CC)C(=O)NC(=O)NC1=O,0,AC50 (>),4.52,1,CHEMBL404422
CCOc1nc2cccc(C(=O)O)c2n1Cc1ccc(-c2ccccc2-c2nnn[nH]2)cc1,0,AC50 (>),4.52,1,CHEMBL1016
CCOc1ccc(C[C@H]2NC(=O)CCSSC[C@@H](C(=O)N3CCC[C@H]3C(=O)N[C@@H](CCCN)C(=O)NCC(N)=O)NC(=O)[C@H](CC(N)=O)NC(=O)[C@H]([C@@H](C)O)NC(=O)[C@H]([C@@H](C)CC)NC2=O)cc1,0,AC50 (>),4.52,1,CHEMBL382301
CCOc1cc(CC(=O)N[C@@H](CC(C)C)c2ccccc2N2CCCCC2)ccc1C(=O)O,0,AC50 (>),4.52,1,CHEMBL1272
CCOc1nc2cccc(C(=O)OC(C)OC(=O)OC3CCCCC3)c2n1Cc1ccc(-c2ccccc2-c2nn[nH]n2)cc1,0,AC50 (>),4.52,1,CHEMBL1014
CCN(CC)CC(=O)Oc1ccc(NC(C)=O)cc1,0,AC50 (>),4.52,1,CHEMBL1851805
CCN(CC)C(=O)C1(c2ccccc2)CC1CN,0,AC50 (>),4.52,1,CHEMBL259209
CCN(CC)C(=O)C1CN2CCc3cc(OC)c(OC)cc3C2CC1OC(C)=O,0,AC50 (>),4.52,1,CHEMBL1201250
CC(C)[C@H](NC(=O)[C@H](CC(=O)O)NC(=O)[C@H](CCCCN)NC(=O)[C@@H](N)CCCN=C(N)N)C(=O)N[C@@H](Cc1ccc(O)cc1)C(=O)O,0,AC50 (>),4.52,1,CHEMBL156025
CCCCN1CCCCC1C(=O)Nc1c(C)cccc1C,0,AC50 (>),4.52,1,CHEMBL1098
C#C[C@]1(O)CC[C@H]2[C@@H]3CCC4=CC(=O)CCC4=C3C=C[C@@]21CC,0,AC50 (>),4.52,1,CHEMBL1868702
CCc1cc2c(s1)-n1c(C)nnc1CN=C2c1ccccc1Cl,0,AC50 (>),4.52,1,CHEMBL1289779
CCc1ccc(CCOc2ccc(CC3SC(=O)NC3=O)cc2)nc1,0,AC50 (>),4.52,1,CHEMBL595
CCc1c(Cl)c(O)c(Cl)c(O)c1C(=O)O[C@H]1[C@H](O)[C@H](OC)[C@H](OC/C2=C\C=C\C[C@H](O)/C(C)=C/[C@H](CC)[C@@H](O[C@@H]3OC(C)(C)[C@@H](OC(=O)C(C)C)[C@H](O)[C@@H]3O)/C(C)=C/C(C)=C/C[C@@H]([C@@H](C)O)OC2=O)O[C@@H]1C,0,AC50 (>),4.52,1,CHEMBL1255800
CCC1=C(C)CN(C(=O)NCCc2ccc(S(=O)(=O)NC(=O)N[C@H]3CC[C@H](C)CC3)cc2)C1=O,0,AC50 (>),4.52,1,CHEMBL1481
C=CC1=C(C(=O)O)N2C(=O)[C@@H](NC(=O)/C(=N\OCC(=O)O)c3csc(N)n3)[C@H]2SC1,0,AC50 (>),4.52,1,CHEMBL1541
C=CCN1CCc2nc(N)sc2CC1,0,AC50 (>),4.52,1,CHEMBL279085
Nc1nc(=O)c2nc(CNc3ccc(C(=O)N[C@@H](CCC(=O)O)C(=O)O)cc3)cnc2[nH]1,0,AC50 (>),4.52,1,CHEMBL1622
Nc1nc(=O)c2c([nH]1)NCC(CNc1ccc(C(=O)N[C@@H](CCC(=O)O)C(=O)O)cc1)N2C=O,0,AC50 (>),4.52,1,CHEMBL1679
Nc1nc(NC2CC2)c2ncn([C@H]3C=C[C@@H](CO)C3)c2n1,0,AC50 (>),4.52,1,CHEMBL1380
O=c1[nH]c2ccccc2n1C1CCN(CCCC(c2ccc(F)cc2)c2ccc(F)cc2)CC1,0,AC50 (>),4.52,1,CHEMBL1423
CC(NCCc1ccc(O)cc1)C(O)c1ccc(O)cc1,0,AC50 (>),4.52,1,CHEMBL83063
C[C@@H](NCCCc1cccc(C(F)(F)F)c1)c1cccc2ccccc12,0,AC50 (>),4.52,1,CHEMBL1201284
C[C@H](N[C@@H](CCc1ccccc1)C(=O)O)C(=O)N1CCC[C@H]1C(=O)O,0,AC50 (>),4.52,1,CHEMBL577
C[C@H](N)C(=O)N[C@@H](CCC(N)=O)C(=O)O,0,AC50 (>),4.52,1,CHEMBL3707366
CCn1c(=O)c2c(nc(/C=C/c3ccc(OC)c(OC)c3)n2C)n(CC)c1=O,0,AC50 (>),4.52,1,CHEMBL431770
CCC[C@@]1(CCc2ccccc2)CC(O)=C([C@H](CC)c2cccc(NS(=O)(=O)c3ccc(C(F)(F)F)cn3)c2)C(=O)O1,1,AC50,6.58,1,CHEMBL222559
CC(CC(c1ccccc1)c1ccccc1)NC(C)(C)C,0,AC50 (>),4.52,1,CHEMBL363295
CC/C(=C(\c1ccccc1)c1ccc(OCCN(C)C)cc1)c1ccccc1,0,AC50 (>),4.52,1,CHEMBL83
CC(C)Cc1ccc(C(C)C(=O)O)cc1,0,AC50 (>),4.52,1,CHEMBL521
COc1cc(N)c(Cl)cc1C(=O)NC1CCN(Cc2ccccc2)CC1,0,AC50 (>),4.52,1,CHEMBL325109
Cc1ccc(S(=O)(=O)NC(=O)N[C@H]2[C@H]3CC[C@@](C)([C@H]2O)C3(C)C)cc1,0,AC50 (>),4.52,1,CHEMBL529888
Cc1cc(C(C)(C)C)cc(C)c1CC1=NCCN1,0,AC50 (>),4.52,1,CHEMBL312448
CNC1Cc2ccccc2N(C)c2ccccc21,0,AC50 (>),4.52,1,CHEMBL2106919
CO[C@@H]1[C@@H](OC(N)=O)[C@@H](O)[C@H](Oc2ccc3c(O)c(NC(=O)c4ccc(O)c(CC=C(C)C)c4)c(=O)oc3c2C)OC1(C)C,0,AC50 (>),4.52,1,CHEMBL36506
CCC(C)n1ncn(-c2ccc(N3CCN(c4ccc(OCC5COC(Cn6cncn6)(c6ccc(Cl)cc6Cl)O5)cc4)CC3)cc2)c1=O,0,AC50 (>),4.52,1,CHEMBL64391
C[C@@H](O)[C@H]1C(=O)N2C(C(=O)O)=C(SCCNC=N)C[C@H]12,0,AC50 (>),3.52,1,CHEMBL148
CC(=N)N1CC[C@H](SC2=C(C(=O)O)N3C(=O)[C@H]([C@@H](C)O)[C@H]3C2)C1,0,AC50 (>),3.52,1,CHEMBL339323
C[C@@H](O)[C@H]1C(=O)N2C(C(=O)O)=C(S[C@@H]3CN[C@H](C(=O)N(C)C)C3)[C@H](C)[C@H]12,0,AC50 (>),3.52,1,CHEMBL127
C[C@@H](O)[C@H]1C(=O)N2C(C(=O)O)=C(S[C@@H]3CN[C@H](CNS(N)(=O)=O)C3)[C@H](C)[C@H]12,0,AC50 (>),3.52,1,CHEMBL491571
CC1(C)S[C@@H]2[C@H](NC(=O)C(C(=O)O)c3ccccc3)C(=O)N2[C@H]1C(=O)O,0,AC50 (>),4.52,1,CHEMBL1214
CC1=C(C(=O)O)N2C(=O)[C@@H](NC(=O)[C@H](N)C3=CCC=CC3)[C@H]2SC1,0,AC50 (>),4.52,1,CHEMBL1604
CC1(C)S[C@@H]2[C@H](NC(=O)[C@H](N)c3ccccc3)C(=O)N2[C@H]1C(=O)OCOC(=O)[C@@H]1N2C(=O)C[C@H]2S(=O)(=O)C1(C)C,0,AC50 (>),4.52,1,CHEMBL506110
CC1(C)S[C@@H]2[C@H](NC(=O)[C@H](N)c3ccc(O)cc3)C(=O)N2[C@H]1C(=O)O,0,AC50 (>),4.52,1,CHEMBL1082
CC1(C)S[C@@H]2[C@H](NC(=O)[C@H](N)c3ccccc3)C(=O)N2[C@H]1C(=O)O,0,AC50 (>),4.52,1,CHEMBL174
NCC1(CC(=O)O)CCCCC1,0,AC50 (>),4.52,1,CHEMBL940
COc1ccccc1OCCNCC(O)c1ccc(C)c(S(N)(=O)=O)c1,0,AC50 (>),4.52,1,CHEMBL152231
COc1ccc(C(=O)N2CCN(c3ccc4c(c3)CCC(=O)N4)CC2)cc1OC,0,AC50 (>),4.52,1,CHEMBL17423
COc1ccc(C(=O)NCc2ccc(OCCN(C)C)cc2)cc1OC,0,AC50 (>),4.52,1,CHEMBL2107457
COc1cc(C(=O)OCc2cccc(COC(=O)c3cc(OC)c(OC)c(OC)c3)n2)cc(OC)c1OC,0,AC50 (>),4.52,1,CHEMBL2106888
COc1ccc(CC(C)(C)NC[C@H](O)c2cc(O)cc3c2OCC(=O)N3)cc1,0,AC50 (>),4.52,1,CHEMBL605846
CC(=O)Oc1ccccc1C(=O)Nc1ncc([N+](=O)[O-])s1,0,AC50 (>),4.52,1,CHEMBL1401
CC(=O)Oc1cccc2c1C(=O)c1c(OC(C)=O)cc(C(=O)O)cc1C2=O,0,AC50 (>),4.52,1,CHEMBL41286
CC(=O)O[C@]1(C(C)=O)CC[C@H]2[C@@H]3C=C(C)C4=CC(=O)CC[C@@H]4[C@H]3CC[C@@]21C,0,AC50 (>),4.52,1,CHEMBL1476022
CC(=O)O[C@]1(C(C)=O)CC[C@H]2[C@@H]3C[C@H](C)C4=CC(=O)CC[C@]4(C)[C@H]3CC[C@@]21C,0,AC50 (>),4.52,1,CHEMBL717
CC(=O)OCC1=C(C(=O)O)N2C(=O)[C@@H](NC(=O)CC#N)[C@H]2SC1,0,AC50 (>),4.52,1,CHEMBL2110602
CC(=O)OCC1=C(C(=O)O)N2C(=O)[C@@H](NC(=O)Cc3cccs3)[C@H]2SC1,0,AC50 (>),4.52,1,CHEMBL617
OC1(c2ccc(Cl)cc2)c2ccccc2C2=NCCN21,0,AC50 (>),4.52,1,CHEMBL781
Oc1ccc2c(c1)CC[C@H](c1ccccc1)[C@@H]2c1ccc(OCCN2CCCC2)cc1,0,AC50 (>),4.52,1,CHEMBL328190
CCN1CC(CCN2CCOCC2)C(c2ccccc2)(c2ccccc2)C1=O,0,AC50 (>),4.52,1,CHEMBL1754
CCn1cc(C(=O)O)c(=O)c2cc(F)c(N3CCN(C)CC3)cc21,0,AC50 (>),4.52,1,CHEMBL267648
CCn1cc(C(=O)O)c(=O)c2cc(F)c(N3CCNC(C)C3)c(F)c21,0,AC50 (>),4.52,1,CHEMBL561
CC[N+](C)(C)Cc1ccccc1Br,0,AC50 (>),4.52,1,CHEMBL1199080
CCN(CC)Cc1cc(Nc2ccnc3cc(Cl)ccc23)ccc1O,0,AC50 (>),4.52,1,CHEMBL682
CCN(CC)CCCN(c1ccccc1)C1Cc2ccccc2C1,0,AC50 (>),4.52,1,CHEMBL1213033
NCC(=O)CCC(=O)O,0,AC50 (>),4.52,1,CHEMBL601
COc1ccc2cc([C@H](C)C(=O)O)ccc2c1,0,AC50 (>),4.52,1,CHEMBL154
COc1ccc2c(c1OC)C(=O)O[C@@H]2[C@H]1c2c(cc3c(c2OC)OCO3)CCN1C,0,AC50 (>),4.52,1,CHEMBL364713
COc1c(C)c2c(c(O)c1C/C=C(\C)CCC(=O)OCCN1CCOCC1)C(=O)OC2,0,AC50 (>),4.52,1,CHEMBL1456
O=C(C[S+]([O-])C(c1ccccc1)c1ccccc1)NO,0,AC50 (>),4.52,1,CHEMBL93077
CN1CCN(C(=O)OC2c3nccnc3C(=O)N2c2ccc(Cl)cn2)CC1,0,AC50 (>),4.52,1,CHEMBL135400
CN1[C@@H]2CC[C@H]1C[C@@H](OC(c1ccccc1)c1ccccc1)C2,0,AC50 (>),4.52,1,CHEMBL1201203
COc1ccc(Cc2nccc3cc(OC)c(OC)cc23)cc1OC,0,AC50 (>),4.52,1,CHEMBL19224
COCCOC(=O)C1=C(C)NC(C)=C(C(=O)OC/C=C/c2ccccc2)C1c1cccc([N+](=O)[O-])c1,1,AC50,6.11,1,CHEMBL452076
C=CC[C@@H]1/C=C(\C)C[C@H](C)C[C@H](OC)[C@H]2O[C@@](O)(C(=O)C(=O)N3CCCC[C@H]3C(=O)O[C@H](/C(C)=C/[C@@H]3CC[C@@H](O)[C@H](OC)C3)[C@H](C)[C@@H](O)CC1=O)[C@H](C)C[C@@H]2OC,0,AC50 (>),4.52,1,CHEMBL269732
Oc1cc(O)c(Cl)cn1,0,AC50 (>),4.52,1,CHEMBL1730601
COC(=O)C1=C(C)NC(C)=C(C(=O)OC)C1c1ccccc1[N+](=O)[O-],0,AC50 (>),4.52,1,CHEMBL193
COC(=O)C1=C(C#N)NC(C)=C(C(=O)OC(C)C)C1c1cccc([N+](=O)[O-])c1,1,AC50,6.0,1,CHEMBL517427
Cc1c(C(=O)NN2CCCCC2)nn(-c2ccc(Cl)cc2Cl)c1-c1ccc(Cl)cc1,0,AC50 (>),4.52,1,CHEMBL111
Cc1c(O)c(=O)ccn1C,0,AC50 (>),4.52,1,CHEMBL70927
CCCCCCCCCCCC[N+](C)(C)CCOc1ccccc1,0,AC50 (>),4.52,1,CHEMBL1187011
N#Cc1ccc(C2CCCc3cncn32)cc1,0,AC50 (>),4.52,1,CHEMBL9298
N#Cc1ccccc1-c1cc(-c2ccccn2)cn(-c2ccccc2)c1=O,0,AC50 (>),5.0,1,CHEMBL1214124
C[C@H](Cc1ccc(O)c(O)c1)[C@@H](C)Cc1ccc(O)c(O)c1,0,AC50 (>),4.52,2,CHEMBL313972
CC(=O)Oc1cc(C(C)C)c(OCCN(C)C)cc1C,0,AC50 (>),4.52,1,CHEMBL159226
Cc1cc2c(s1)Nc1ccccc1N=C2N1CCN(C)CC1,0,AC50 (>),4.52,1,CHEMBL715
Cc1cc2nc3c(=O)[nH]c(=O)nc-3n(C[C@H](O)[C@H](O)[C@H](O)COP(=O)(O)O)c2cc1C,0,AC50 (>),4.52,1,CHEMBL1201794
CCC1(c2ccccc2)NC(=O)N(C)C1=O,0,AC50 (>),4.52,1,CHEMBL861
O=C(O)CCCCCCNC1c2ccccc2CCc2ccccc21,0,AC50 (>),4.52,1,CHEMBL418995
O=C(O)CCC(=O)c1ccc(-c2ccccc2)cc1,0,AC50 (>),4.52,1,CHEMBL277522
O=C(O)/C=C/C(=O)O,0,AC50 (>),4.52,1,CHEMBL503160
CC1(C)CCC(CN2CCN(c3ccc(C(=O)NS(=O)(=O)c4ccc(NCC5CCOCC5)c([N+](=O)[O-])c4)c(Oc4cnc5[nH]ccc5c4)c3)CC2)=C(c2ccc(Cl)cc2)C1,0,AC50 (>),4.52,1,CHEMBL3137309
CC(C)C(=O)c1c(C(C)C)nn2ccccc12,0,AC50 (>),4.52,1,CHEMBL19449
CC(C)(CO)c1cc2cc(NC(=O)C3(c4ccc5c(c4)OC(F)(F)O5)CC3)c(F)cc2n1C[C@@H](O)CO,0,AC50 (>),4.52,1,CHEMBL3544914
Clc1ccc2c(N3CCN(CCCN4CCN(c5ccnc6cc(Cl)ccc56)CC4)CC3)ccnc2c1,0,AC50 (>),4.52,1,CHEMBL303933
CCCc1nc2c(C)cc(-c3nc4ccccc4n3C)cc2n1Cc1ccc(-c2ccccc2C(=O)O)cc1,0,AC50 (>),4.52,1,CHEMBL1017
CC(C)c1nc(N(C)S(C)(=O)=O)nc(-c2ccc(F)cc2)c1/C=C/[C@@H](O)C[C@@H](O)CC(=O)O,0,AC50 (>),4.52,1,CHEMBL1496
CC(C)c1cc2c(cc1S(=O)(=O)O)[C@@]1(C)CCC[C@@](C)(C(=O)O)[C@@H]1CC2,0,AC50 (>),4.52,1,CHEMBL2104585
CC(C)c1c(C(=O)Nc2ccccc2)c(-c2ccccc2)c(-c2ccc(F)cc2)n1CC[C@@H](O)C[C@@H](O)CC(=O)O,0,AC50 (>),4.52,1,CHEMBL1487
CC(C(=O)O)c1ccc2c(c1)[nH]c1ccc(Cl)cc12,0,AC50 (>),4.52,1,CHEMBL1316
CC(C(=O)O)c1ccc2oc(-c3ccc(Cl)cc3)nc2c1,0,AC50 (>),4.52,1,CHEMBL340978
CC(C(=O)O)c1ccc(CC2CCCC2=O)cc1,0,AC50 (>),4.52,1,CHEMBL19299
CC(C(=O)O)c1ccc2c(c1)CC(=O)c1ccccc1S2,0,AC50 (>),4.52,1,CHEMBL1765291
CCC(=O)O[C@H](CC(=O)O)C[N+](C)(C)C,0,AC50 (>),4.52,1,CHEMBL1516469
CCC(=O)OCC(=O)[C@@]1(OC(=O)CC)[C@H](C)C[C@H]2[C@H]3[C@H]([C@@H](O)C[C@@]21C)[C@@]1(C)C=CC(=O)C=C1C[C@H]3Cl,0,AC50 (>),4.52,1,CHEMBL1200989
COc1ccc(-c2ccc3cc(C(=O)O)ccc3c2)cc1C12CC3CC(CC(C3)C1)C2,0,AC50,4.59,1,CHEMBL1265
O=C1C(CC[S+]([O-])c2ccccc2)C(=O)N(c2ccccc2)N1c1ccccc1,0,AC50 (>),4.52,1,CHEMBL832
O=C1CN=C(c2ccccc2)c2cc(Cl)ccc2N1CC(F)(F)F,0,AC50 (>),4.52,1,CHEMBL970
O=C1Nc2ccc(Cl)cc2[C@@](C#CC2CC2)(C(F)(F)F)O1,0,AC50 (>),4.52,1,CHEMBL223228
CCCOC(C(=O)OC1CCN(C)CC1)(c1ccccc1)c1ccccc1,0,AC50 (>),4.52,1,CHEMBL1078261
CCC(CC)(CC(=O)Nc1cccc(/C=C/c2nc(C3CCC3)cs2)c1)C(=O)O,0,AC50 (>),4.52,1,CHEMBL283754
CCCCC[C@H](O)/C=C/[C@H]1[C@H](O)CC(=O)[C@@H]1C/C=C\CCCC(=O)O,0,AC50 (>),4.52,1,CHEMBL548
CCCCC[C@H](O)/C=C/[C@H]1[C@H](O)CC(=O)[C@@H]1CCCCCCC(=O)O,0,AC50 (>),4.52,1,CHEMBL495
CCCCC[C@H](O)CC[C@@H]1[C@H]2Cc3cccc(OCC(=O)O)c3C[C@H]2C[C@H]1O,0,AC50 (>),4.52,1,CHEMBL1237119
CC(=O)Nc1ccc(CC(=O)O)cc1,0,AC50 (>),4.52,1,CHEMBL1885632
CC(=O)Nc1ccc(O)cc1,0,AC50 (>),4.52,1,CHEMBL112
CCCN(CCC)CCc1cccc2c1CC(=O)N2,0,AC50 (>),4.52,1,CHEMBL589
CCCN(CC)C(CC)C(=O)Nc1c(C)cccc1C,0,AC50 (>),4.52,1,CHEMBL492
CC(C)N(CCC(C(N)=O)(c1ccccc1)c1ccccn1)C(C)C,0,AC50 (>),4.52,1,CHEMBL517
CCCN(CCC)C(=O)Cc1c(-c2ccc(Cl)cc2)nc2ccc(Cl)cn12,1,AC50,6.32,1,CHEMBL54349
CC(C)N(CCCCOCC(=O)NS(C)(=O)=O)c1cnc(-c2ccccc2)c(-c2ccccc2)n1,1,AC50,6.35,1,CHEMBL238804
CC(C)N(CCCCOCC(=O)O)c1cnc(-c2ccccc2)c(-c2ccccc2)n1,0,AC50 (>),4.52,1,CHEMBL239226
CCCNC(C)C(=O)Nc1ccccc1C,0,AC50 (>),4.52,1,CHEMBL1194
CCCN(CCC)S(=O)(=O)c1ccc(C(=O)O)cc1,0,AC50 (>),4.52,1,CHEMBL897
CC(C)NCC(O)c1ccc(NS(C)(=O)=O)cc1,0,AC50 (>),4.52,1,CHEMBL471
CC(C)(O)c1ccccc1CC[C@@H](SCC1(CC(=O)O)CC1)c1cccc(/C=C/c2ccc3ccc(Cl)cc3n2)c1,0,AC50 (>),4.52,1,CHEMBL787
CC(COc1ccccc1)N(CCCl)Cc1ccccc1,0,AC50 (>),4.52,1,CHEMBL753
CCCOc1ccc(C(=O)OCCN(CC)CC)cc1N,0,AC50 (>),4.52,1,CHEMBL1196
C=CCOc1ccccc1OCC(O)CNC(C)C,0,AC50 (>),4.52,1,CHEMBL546
C=C1CC[C@@]2(O)[C@H]3Cc4ccc(O)c5c4[C@@]2(CCN3CC2CC2)[C@H]1O5,0,AC50 (>),4.52,1,CHEMBL982
O=S1(=O)CCN(CN2CCS(=O)(=O)NC2)CN1,0,AC50 (>),4.52,1,CHEMBL2105420
NCCCC(N)(C(=O)O)C(F)F,0,AC50 (>),4.52,1,CHEMBL830
NCC(CC(=O)O)c1ccc(Cl)cc1,0,AC50 (>),4.52,1,CHEMBL701
N=C(N)NCCCCCCC(=O)NC(O)C(=O)NCCCCNCCCN,0,AC50 (>),4.52,1,CHEMBL406117
NCCCNCCSP(=O)(O)O,0,AC50 (>),4.52,1,CHEMBL1006
COCCCOc1cc(C[C@@H](C[C@H](N)[C@@H](O)C[C@H](C(=O)NCC(C)(C)C(N)=O)C(C)C)C(C)C)ccc1OC,0,AC50 (>),4.52,1,CHEMBL1639
OC[C@H]1O[C@@H](Oc2cc(O)cc(/C=C/c3ccc(O)cc3)c2)[C@H](O)[C@@H](O)[C@@H]1O,0,AC50 (>),4.52,1,CHEMBL142652
CN1C(=O)C(O)N=C(c2ccccc2Cl)c2cc(Cl)ccc21,0,AC50 (>),4.52,1,CHEMBL22097
Cn1cc(C(=O)[C@@H]2CCc3[nH]cnc3C2)c2ccccc21,0,AC50 (>),4.52,1,CHEMBL1643895
Cc1cccc(C)c1OCC(C)N,0,AC50 (>),4.52,1,CHEMBL558
CCN(C(=O)c1c(O)c2c(Cl)cccc2n(C)c1=O)c1ccccc1,0,AC50 (>),4.52,1,CHEMBL66092
CCOC(=O)NNc1ccc(N(CC)CC(C)O)nn1,0,AC50 (>),4.52,1,CHEMBL2106561
CCOC(=O)OC(C)OC1=C(C(=O)Nc2ccccn2)N(C)S(=O)(=O)c2ccccc21,0,AC50 (>),4.52,1,CHEMBL1566249
CCOC(=O)OC(C)OC(=O)[C@@H]1N2C(=O)[C@@H](NC(=O)[C@H](N)c3ccccc3)[C@H]2SC1(C)C,0,AC50 (>),4.52,1,CHEMBL1583
CC(O)(CS(=O)(=O)c1ccc(F)cc1)C(=O)Nc1ccc(C#N)c(C(F)(F)F)c1,0,AC50 (>),4.52,1,CHEMBL409
CC(=O)N1CCN(c2ccc(OCC3COC(Cn4ccnc4)(c4ccc(Cl)cc4Cl)O3)cc2)CC1,0,AC50 (>),4.52,1,CHEMBL157101
CC1(C)S[C@@H]2[C@H](NC(=O)[C@H](NC(=O)N3CCNC3=O)c3ccccc3)C(=O)N2[C@H]1C(=O)O,0,AC50 (>),4.52,1,CHEMBL1537
c1ccc(C2(N3CCCCC3)CCCCC2)cc1,0,AC50 (>),4.52,1,CHEMBL275528
c1cnc2cc3c(cc2n1)[C@@H]1CNC[C@H]3C1,0,AC50 (>),4.52,1,CHEMBL1076903
CCCCOC(=O)c1ccc(N)cc1,0,AC50 (>),4.52,1,CHEMBL127516
CCCCOC(=O)C(=O)Nc1cccc(-c2nnn[nH]2)c1,0,AC50 (>),4.52,1,CHEMBL564109
CO/N=C(\C(=O)N[C@@H]1C(=O)N2C(C(=O)O)=CCS[C@H]12)c1csc(N)n1,0,AC50 (>),4.52,1,CHEMBL528
CO/N=C(\C(=O)N[C@@H]1C(=O)N2C(C(=O)O)=C(CSc3nnnn3C)CS[C@H]12)c1csc(N)n1,0,AC50 (>),4.52,1,CHEMBL1201224
CO/N=C(\C(=O)N[C@@H]1C(=O)N2C(C(=O)O)=C(COC(C)=O)CS[C@H]12)c1csc(N)n1,0,AC50 (>),4.52,1,CHEMBL1730
CO/N=C(\C(=O)N[C@@H]1C(=O)N2C(C(=O)O)=C(COC(N)=O)CS[C@H]12)c1ccco1,0,AC50 (>),4.52,1,CHEMBL1436
CO/N=C(\C(=O)N[C@@H]1C(=O)N2C(C(=O)[O-])=C(C[N+]3(C)CCCC3)CS[C@H]12)c1csc(N)n1,0,AC50 (>),3.52,1,CHEMBL186
CO/N=C(\C(=O)N[C@@H]1C(=O)N2C(C(=O)[O-])=C(C[n+]3ccc(N)n3CCO)CS[C@H]12)c1csc(N)n1,0,AC50 (>),4.52,1,CHEMBL2105940
CO/N=C(\C(=O)N[C@@H]1C(=O)N2C(C(=O)O)=C(CSc3nc(C)c(CC(=O)O)s3)CS[C@H]12)c1csc(N)n1,0,AC50 (>),4.52,1,CHEMBL2303613
CO/N=C(\C(=O)N[C@@H]1C(=O)N2C(C(=O)O)=C(CSc3nc(=O)c(O)nn3C)CS[C@H]12)c1csc(N)n1,0,AC50 (>),4.52,1,CHEMBL161
CO/N=C(\C(=O)N[C@@H]1C(=O)N2C(C(=O)[O-])=C(C[n+]3ccn4ncccc43)CS[C@H]12)c1nsc(N)n1,0,AC50 (>),4.52,1,CHEMBL1276663
O=C(NCCNCC(O)COc1ccc(O)cc1)N1CCOCC1,0,AC50 (>),4.52,1,CHEMBL75753
OC(CNCC(O)C1CCc2cc(F)ccc2O1)C1CCc2cc(F)ccc2O1,0,AC50 (>),4.52,1,CHEMBL434394
CCCCCCCC(=O)CC[C@@H]1[C@@H](C/C=C\CCCC(=O)O)[C@@H](O)C[C@H]1O,0,AC50 (>),4.52,1,CHEMBL1201407
CCCCCCCC(=O)CC[C@@H]1[C@@H](C/C=C\CCCC(=O)OC(C)C)[C@@H](O)C[C@H]1O,0,AC50 (>),4.52,1,CHEMBL1200661
CCCC(CCC)C(=O)O[C@H]1C[C@H]2CC[C@@H](C1)[N+]2(C)C,0,AC50 (>),4.52,1,CHEMBL1186610
CC1=C(/C=C/C(C)=C/C=C/C(C)=C/C(=O)Oc2c(C)c(C)c3c(c2C)CCC(C)(CCCC(C)CCCC(C)CCCC(C)C)O3)C(C)(C)CCC1,0,AC50 (>),4.52,1,CHEMBL2218871
C=C1/C(=C\C=C2/CCC[C@]3(C)[C@@H]([C@H](C)CCCC(C)C)CC[C@@H]23)C[C@@H](O)C[C@@H]1O,0,AC50 (>),4.52,1,CHEMBL1601669
CC(=O)c1ccc2c(c1)N(CCCN1CCC(CCO)CC1)c1ccccc1S2,0,AC50 (>),4.52,1,CHEMBL1584
CC(=O)c1ccc2c(c1)N(CCCN1CCN(CCO)CC1)c1ccccc1S2,0,AC50 (>),4.52,1,CHEMBL1085
CC(=O)CC(c1ccccc1)c1c(O)c2ccccc2oc1=O,0,AC50 (>),4.52,1,CHEMBL1464
COC(=O)[C@@H]1CC2=CC(=O)CC[C@]2(C)[C@@]23O[C@@H]2C[C@@]2(C)[C@@H](CC[C@@]24CCC(=O)O4)[C@H]13,0,AC50 (>),4.52,1,CHEMBL1095097
COC(=O)[C@H](c1ccccc1Cl)N1CCc2sccc2C1,0,AC50 (>),4.52,1,CHEMBL1771
CC(C)(C)CC(C)(C)c1ccc(OCCOCC[N+](C)(C)Cc2ccccc2)cc1,0,AC50 (>),4.52,1,CHEMBL1182210
CC/C=C\C/C=C\C/C=C\C/C=C\C/C=C\CCCC(=O)OCC,0,AC50 (>),4.52,1,CHEMBL2095209
CCN(c1cc(-c2ccc(CN3CCOCC3)cc2)cc(C(=O)NCc2c(C)cc(C)[nH]c2=O)c1C)C1CCOCC1,0,AC50,4.76,1,CHEMBL3414621
CC(N)Cc1ccccc1,0,AC50 (>),4.52,1,CHEMBL405
CC(=O)OCC(=O)[C@@]12N=C(C)O[C@@H]1C[C@H]1[C@@H]3CCC4=CC(=O)C=C[C@]4(C)[C@H]3[C@@H](O)C[C@@]12C,0,AC50 (>),4.52,1,CHEMBL1201891
CC(=O)OCC(=O)[C@@]1(O)CC[C@H]2[C@@H]3CCC4=CC(=O)CC[C@]4(C)[C@@]3(F)[C@@H](O)C[C@@]21C,0,AC50 (>),4.52,1,CHEMBL1201010
CC(=O)OCC(=O)NCCCOc1cccc(CN2CCCCC2)c1,0,AC50 (>),4.52,1,CHEMBL46102
CC(=O)O[C@H]1CC[C@@]2(C)C(=CC[C@@H]3[C@@H]2CC[C@]2(C)C(c4cccnc4)=CC[C@@H]32)C1,0,AC50 (>),4.52,1,CHEMBL271227
C=C[C@@]1(C)CC(=O)[C@]2(O)[C@@]3(C)[C@@H](O)CCC(C)(C)[C@@H]3[C@H](OC(=O)CCN(C)C)[C@H](OC(C)=O)[C@@]2(C)O1,0,AC50,4.57,1,CHEMBL4303178
CC(=O)O[C@H]1C[C@@H]2CC[C@@H]3[C@H](CC[C@@]4(C)[C@H]3C[C@H]([N+]3(C)CCCCC3)[C@@H]4OC(C)=O)[C@@]2(C)C[C@@H]1N1CCCCC1,0,AC50 (>),4.52,1,CHEMBL1201219
CC(=O)O[C@H](CC(=O)[O-])C[N+](C)(C)C,0,AC50 (>),4.52,1,CHEMBL1697733
CN1CCN(c2c(F)cc3c(=O)c(C(=O)O)cn4c3c2SCC4)CC1,0,AC50 (>),4.52,1,CHEMBL295619
O=C(NC[C@H]1CN(c2ccc(N3CCOCC3=O)cc2)C(=O)O1)c1ccc(Cl)s1,0,AC50 (>),4.52,1,CHEMBL198362
COc1cc(NC(C)CCCN)c2ncccc2c1,0,AC50 (>),4.52,1,CHEMBL506
COc1cc(OC)c(C(=O)CCCN2CCCC2)c(OC)c1,0,AC50 (>),4.52,1,CHEMBL188921
CCN(CC)C(=O)Nc1ccc(OCC(O)CNC(C)(C)C)c(C(C)=O)c1,0,AC50 (>),4.52,1,CHEMBL27810
CCN(CC)C(=O)N[C@H]1C[C@@H]2c3cccc4[nH]cc(c34)C[C@H]2N(C)C1,0,AC50 (>),4.52,1,CHEMBL73151
Cc1cc(CC(=O)O)n(C)c1C(=O)c1ccc(Cl)cc1,0,AC50 (>),4.52,1,CHEMBL19490
Oc1ccc2c(c1)[C@@]13CCCC[C@@]1(O)[C@@H](C2)N(CC1CCC1)CC3,0,AC50 (>),4.52,1,CHEMBL33986
COc1ccc(C(=O)N2CCCC2=O)cc1,0,AC50 (>),4.52,1,CHEMBL36994
COc1ccc2c(c1)c(CC(=O)OCC(=O)O)c(C)n2C(=O)c1ccc(Cl)cc1,0,AC50 (>),4.52,1,CHEMBL189171
COc1ccc2c3c1O[C@H]1C(=O)CC[C@@]4(O)[C@@H](C2)N(C)CC[C@]314,0,AC50 (>),4.52,1,CHEMBL656
COc1ccc2c(c1)C(=O)N(CCc1ccc(S(=O)(=O)NC(=O)NC3CCCCC3)cc1)C(=O)C2(C)C,0,AC50 (>),4.52,1,CHEMBL383634
O=C(Nc1c(Cl)cncc1Cl)c1ccc(OC(F)F)c(OCC2CC2)c1,0,AC50 (>),4.52,1,CHEMBL193240
N#C[C@@H]1C[C@@H]2C[C@@H]2N1C(=O)[C@@H](N)C12CC3CC(CC(O)(C3)C1)C2,0,AC50 (>),4.52,1,CHEMBL385517
NCCNCCNCCN,0,AC50 (>),4.52,1,CHEMBL609
CNC(=N)NC(=O)Nc1c(C)cccc1C,0,AC50 (>),4.52,1,CHEMBL448416
CNC(=O)c1ccccc1Sc1ccc2c(/C=C/c3ccccn3)n[nH]c2c1,0,AC50 (>),4.52,1,CHEMBL1289926
CNC(=O)c1cc(Oc2ccc(NC(=O)Nc3ccc(Cl)c(C(F)(F)F)c3)cc2)ccn1,0,AC50 (>),4.52,1,CHEMBL1336
CNC(=O)c1cc(Oc2ccc(NC(=O)Nc3ccc(Cl)c(C(F)(F)F)c3)c(F)c2)ccn1,0,AC50 (>),4.52,1,CHEMBL1946170
COc1ccc(-c2nc3cc(C4=NNC(=O)CC4C)ccc3[nH]2)cc1,0,AC50 (>),4.52,1,CHEMBL24646
CN(C)CCOC1=Cc2ccccc2Sc2ccc(Cl)cc21,0,AC50 (>),4.52,1,CHEMBL285802
CN(C)CCOC(c1ccc(Cl)cc1)c1ccccn1,0,AC50 (>),4.52,1,CHEMBL864
CN(C)CCOCC(=O)NC12CC3CC(CC(C3)C1)C2,0,AC50 (>),4.52,1,CHEMBL3989506
OCc1cc([C@@H](O)CNCCCCCCOCCOCc2c(Cl)cccc2Cl)ccc1O,0,AC50,4.72,1,CHEMBL1198857
OC(c1cc(C(F)(F)F)nc2c(C(F)(F)F)cccc12)C1CCCCN1,0,AC50 (>),4.52,1,CHEMBL416956
COc1ccccc1N1CCN(CC(O)COc2cccc3ccccc23)CC1,0,AC50 (>),4.52,1,CHEMBL142635
COc1ccc(-n2nc(C(N)=O)c3c2C(=O)N(c2ccc(N4CCCCC4=O)cc2)CC3)cc1,0,AC50 (>),4.52,1,CHEMBL231779
C[C@]12CCC(=O)C=C1CC[C@@H]1[C@@H]2CC[C@@]2(C)[C@H]1CC[C@]2(C)O,0,AC50 (>),4.52,1,CHEMBL1395
C[C@]12C/C(=C/O)C(=O)C[C@@H]1CC[C@@H]1[C@@H]2CC[C@@]2(C)[C@H]1CC[C@]2(C)O,0,AC50 (>),4.52,1,CHEMBL1200585
COc1cc(C(=O)NC2CCCNC2)cc(OC)c1OC,0,AC50 (>),4.52,1,CHEMBL1566956
COc1cc([C@@H]2c3cc4c(cc3[C@@H](O[C@@H]3O[C@@H]5CO[C@@H](C)O[C@H]5[C@H](O)[C@H]3O)[C@H]3COC(=O)[C@H]23)OCO4)cc(OC)c1O,0,AC50 (>),4.52,1,CHEMBL44657
OC[C@@H](O)[C@@H](O[C@@H]1O[C@H](CO)[C@H](O)[C@H](O)[C@H]1O)[C@H](O)[C@@H](O)CO,0,AC50 (>),4.52,1,CHEMBL1661
OC[C@@H](O)CN1CCN(c2ccccc2)CC1,0,AC50 (>),4.52,1,CHEMBL1288810
O=C(O)C[C@H](O)C[C@H](O)/C=C/c1c(C2CC2)nc2ccccc2c1-c1ccc(F)cc1,0,AC50 (>),4.52,1,CHEMBL1201753
O=C(OCCN1CCOCC1)c1cccnc1Nc1cccc(C(F)(F)F)c1,0,AC50 (>),4.52,1,CHEMBL2105059
O=C(O)CCNC(=O)c1ccccc1,0,AC50 (>),4.52,1,CHEMBL1231530
O=C1CC[C@@H](C(=O)N2CSC[C@H]2C(=O)O)N1,0,AC50 (>),4.52,1,CHEMBL1488165
C/C(O)=C(\C#N)C(=O)Nc1ccc(C(F)(F)F)cc1,0,AC50 (>),4.52,1,CHEMBL973
COC(=O)C1=C(C)NC(C)=C(C(=O)OC(C)(C)CN(C)CCC(c2ccccc2)c2ccccc2)C1c1cccc([N+](=O)[O-])c1,1,AC50,6.05,1,CHEMBL250270
CN1CCCN=C1/C=C/c1cccc(O)c1,0,AC50 (>),4.52,1,CHEMBL1240977
C[N@+]1(CCF)[C@@H]2CC[C@H]1C[C@@H](OC(=O)C(O)(c1ccccc1)c1ccccc1)C2,0,AC50 (>),4.52,1,CHEMBL5292015
CN1CC2c3ccccc3Oc3ccc(Cl)cc3C2C1,0,AC50 (>),4.52,1,CHEMBL3187365
CN1CCN2c3ncccc3Cc3ccccc3C2C1,0,AC50 (>),4.52,1,CHEMBL654
C=CCN1CCCC1CNC(=O)c1cc(S(N)(=O)=O)cc(OC)c1OC,0,AC50 (>),4.52,1,CHEMBL2105581
C=CC[N@@+]12CC[C@@]34c5ccccc5N5/C=C6/[C@H]7C[C@H]8[C@@]9(CC[N@@+]8(CC=C)C/C7=C/CO)c7ccccc7N(/C=C(/[C@@H](C[C@@H]31)/C(=C\CO)C2)[C@H]54)[C@@H]69,0,AC50 (>),4.52,1,CHEMBL3305985
CCCN1C[C@H](CSC)C[C@@H]2c3cccc4[nH]cc(c34)C[C@H]21,0,AC50 (>),4.52,1,CHEMBL531
COc1cc2c(N)nc(N3CCN(C(=O)OCC(C)(C)O)CC3)nc2c(OC)c1OC,0,AC50 (>),4.52,1,CHEMBL513301
COc1cc2c(c(OC)c1OC)-c1ccc(OC)c(=O)cc1[C@@H](NC(C)=O)CC2,0,AC50 (>),4.52,1,CHEMBL107
COc1cc2c(cc1OC)C1CC(=O)C(CC(C)C)CN1CC2,0,AC50 (>),4.52,1,CHEMBL117785
COc1cc2/c(=N/c3ccc(Br)cc3F)nc[nH]c2cc1OCC1CCN(C)CC1,0,AC50 (>),4.52,1,CHEMBL24828
COc1cc2ncnc(Nc3ccc(F)c(Cl)c3)c2cc1NC(=O)/C=C/CN1CCCCC1,0,AC50 (>),4.52,1,CHEMBL2110732
COc1cc2ncnc(Nc3ccc(F)c(Cl)c3)c2cc1OCCCN1CCOCC1,0,AC50 (>),4.52,1,CHEMBL939
COc1ccc(CCN(C)CCCC(C#N)(c2cc(OC)c(OC)c(OC)c2)C(C)C)cc1OC,0,AC50 (>),4.52,1,CHEMBL51149
COc1cc(C(C)=O)ccc1OCCCN1CCC(c2noc3cc(F)ccc23)CC1,0,AC50 (>),4.52,1,CHEMBL14376
COc1ccccc1N1CCN(CCCNc2cc(=O)n(C)c(=O)n2C)CC1,0,AC50 (>),4.52,1,CHEMBL279229
CCCCCNC(=N)N/N=C/c1c[nH]c2ccc(OC)cc12,0,AC50,4.96,1,CHEMBL76370
CCCCCCOc1ccccc1C(N)=O,0,AC50 (>),4.52,1,CHEMBL1405973
CCCCC(C)(O)C/C=C/[C@H]1[C@H](O)CC(=O)[C@@H]1CCCCCCC(=O)OC,0,AC50 (>),4.52,1,CHEMBL606
CCCCCCOC(=O)CCC(=O)CN,0,AC50 (>),4.52,1,CHEMBL1201784
CN1Cc2c(N)cccc2C(c2ccccc2)C1,0,AC50 (>),4.52,1,CHEMBL273575
Cn1c(CNc2ccc(C(=N)N)cc2)nc2cc(C(=O)N(CCC(=O)O)c3ccccn3)ccc21,0,AC50 (>),4.52,1,CHEMBL48361
CN1CCN=C(c2ccccc2)c2cc(Cl)ccc21,0,AC50 (>),4.52,1,CHEMBL28333
CN1CCOC(c2ccccc2)c2ccccc2C1,0,AC50 (>),4.52,1,CHEMBL465026
Cn1cnc2c(F)c(Nc3ccc(Br)cc3F)c(C(=O)NOCCO)cc21,0,AC50 (>),4.52,1,CHEMBL3187723
Cn1c(=O)c2c(ncn2CC2OCCO2)n(C)c1=O,0,AC50 (>),4.52,1,CHEMBL1527608
CCOC(=O)[N-]c1c[n+](N2CCOCC2)no1,0,AC50 (>),4.52,1,CHEMBL1329455
CCOC(=O)Nc1ccc(NCc2ccc(F)cc2)nc1N,0,AC50 (>),4.52,1,CHEMBL255044
CCOC(=O)Nc1ccc2c(c1)N(C(=O)CCN1CCOCC1)c1ccccc1S2,0,AC50,4.96,1,CHEMBL1075
CCN1CCN(Cc2ccc(Nc3ncc(F)c(-c4cc(F)c5nc(C)n(C(C)C)c5c4)n3)nc2)CC1,0,AC50 (>),4.52,1,CHEMBL3301610
CCN1CCN(C(=O)N[C@@H](C(=O)N[C@@H]2C(=O)N3C(C(=O)O)=C(CSc4nnnn4C)CS[C@H]23)c2ccc(O)cc2)C(=O)C1=O,0,AC50 (>),4.52,1,CHEMBL507674
Cc1ccc(C(=O)c2cc(O)c(O)c([N+](=O)[O-])c2)cc1,0,AC50 (>),4.52,1,CHEMBL1324
Cc1ccc(-n2nccn2)c(C(=O)N2CCN(c3nc4cc(Cl)ccc4o3)CC[C@H]2C)c1,0,AC50 (>),5.0,1,CHEMBL1083659
CCOC(=O)[C@H](CCc1ccccc1)N[C@@H](C)C(=O)N1C(=O)N(C)C[C@H]1C(=O)O,0,AC50 (>),4.52,1,CHEMBL317094
CCOC(=O)[C@@H](N)Cc1ccc(-c2cc(O[C@H](c3ccc(Cl)cc3-n3ccc(C)n3)C(F)(F)F)nc(N)n2)cc1,0,AC50 (>),4.52,1,CHEMBL2105695
COc1ccc(C(Cl)=C(c2ccc(OC)cc2)c2ccc(OC)cc2)cc1,0,AC50 (>),4.52,1,CHEMBL1200761
COc1ccc(C(CN(C)C)C2(O)CCCCC2)cc1,0,AC50 (>),4.52,1,CHEMBL637
O=C(NCCO[N+](=O)[O-])c1cccnc1,0,AC50 (>),4.52,1,CHEMBL284906
CC[C@@H](CO)NC(=O)[C@@H]1C=C2c3cccc4[nH]cc(c34)C[C@H]2N(C)C1,0,AC50 (>),4.52,1,CHEMBL1201356
CCC(C(=O)O)c1ccc(N2Cc3ccccc3C2=O)cc1,0,AC50 (>),4.52,1,CHEMBL1765292
Nc1ncnc2c1ncn2[C@@H]1O[C@H](CO)[C@@H](O)[C@H]1O,0,AC50 (>),4.52,1,CHEMBL477
Nc1ncnc2c1ncn2[C@@H]1O[C@H](COP(=O)(O)O)[C@@H](O)[C@H]1O,0,AC50 (>),4.52,1,CHEMBL752
Nc1[nH]cnc2ncnc1-2,0,AC50 (>),4.52,1,CHEMBL226345
Nc1nc(N)nc(-c2cc(Cl)ccc2Cl)n1,0,AC50 (>),4.52,1,CHEMBL136497
CCC(C)(C)C(=O)O[C@H]1C[C@@H](C)C=C2C=C[C@H](C)[C@H](CC[C@@H]3C[C@@H](O)CC(=O)O3)[C@H]21,0,AC50 (>),4.52,1,CHEMBL1064
CN1C[C@H](C(=O)N[C@]2(C)O[C@@]3(O)[C@@H]4CCCN4C(=O)[C@H](Cc4ccccc4)N3C2=O)C=C2c3cccc4[nH]cc(c34)C[C@H]21,0,AC50 (>),4.52,1,CHEMBL442
NC(=O)OC[C@@H]1[C@H](NC(=O)/C(=N\OCC(=O)O)c2csc(N)n2)C(=O)N1S(=O)(=O)O,0,AC50 (>),3.3,1,CHEMBL1614658
CCOc1cc([C@@H](CS(C)(=O)=O)N2C(=O)c3cccc(NC(C)=O)c3C2=O)ccc1OC,0,AC50 (>),4.52,1,CHEMBL514800
Cc1cccc(C)c1NC(=O)CN1CCN(CCCC(c2ccc(F)cc2)c2ccc(F)cc2)CC1,0,AC50 (>),4.52,1,CHEMBL92870
CC(C)(C)NC[C@H](O)COc1nsnc1N1CCOCC1,0,AC50 (>),4.52,1,CHEMBL499
CC(C)(C)NCC(O)c1ccccc1Cl,0,AC50 (>),4.52,1,CHEMBL1159717
CC(C)(C)NCC(O)c1cc(Cl)c(N)c(Cl)c1,0,AC50 (>),4.52,1,CHEMBL49080
CC(C)(C)NCC(O)c1cc(O)cc(O)c1,0,AC50 (>),4.52,1,CHEMBL1760
CCCCN(CCCC)CCC(O)c1cc2c(Cl)cc(Cl)cc2c2cc(C(F)(F)F)ccc12,0,AC50 (>),4.52,1,CHEMBL1107
C#CCOc1ccc(N)cc1C(=O)NCCCC,0,AC50 (>),4.52,1,CHEMBL2107094
O=C(Cn1ccnc1[N+](=O)[O-])NCc1ccccc1,0,AC50 (>),4.52,1,CHEMBL110
O=C(Nc1ccc([N+](=O)[O-])cc1Cl)c1cc(Cl)ccc1O,0,AC50 (>),4.52,1,CHEMBL1448
COc1ccc(CCN(C)CCCC(C#N)(c2ccc(OC)c(OC)c2)C(C)C)cc1OC,0,AC50 (>),4.52,1,CHEMBL6966
COc1ccc(CCNC[C@H](O)c2ccc(O)cc2)cc1OC,0,AC50 (>),4.52,1,CHEMBL493682
COc1ccc(CN2CCNCC2)c(OC)c1OC,0,AC50 (>),4.52,1,CHEMBL203266
Cc1ccc(=O)n(-c2ccccc2)c1,0,AC50 (>),4.52,1,CHEMBL1256391
CC1(C)[C@@H](OC(=O)CCC(=O)O)CC[C@]2(C)[C@H]3C(=O)C=C4[C@@H]5C[C@@](C)(C(=O)O)CC[C@]5(C)CC[C@@]4(C)[C@]3(C)CC[C@@H]12,0,AC50 (>),4.52,1,CHEMBL499915
Cc1c(Cl)cccc1Nc1ccccc1C(=O)O,0,AC50 (>),4.52,1,CHEMBL121626
CN(c1nccc(=O)[nH]1)C1CCN(c2nc3ccccc3n2Cc2ccc(F)cc2)CC1,0,AC50 (>),4.52,1,CHEMBL94454
CNc1cc(OC)c(C(=O)NC2CCN(Cc3ccccc3)C2C)cc1Cl,0,AC50 (>),4.52,1,CHEMBL20734
CC(C)/N=c1\cc2n(-c3ccc(Cl)cc3)c3ccccc3nc-2cc1Nc1ccc(Cl)cc1,0,AC50 (>),4.52,1,CHEMBL1292
Cc1ccc(Nc2c(F)cccc2Cl)c(CC(=O)O)c1,0,AC50 (>),4.52,1,CHEMBL404108
COc1cccc(N2CCN(C3=Nc4c(F)cccc4[C@H](CC(=O)O)N3c3cc(C(F)(F)F)ccc3OC)CC2)c1,0,AC50 (>),4.52,1,CHEMBL1241951
C[C@H]1C[C@@H]2[C@H]([C@@H](O)C[C@@]3(C)[C@H]2CC[C@]3(O)C(=O)COC(=O)CCC(=O)O)[C@@]2(C)C=CC(=O)C=C12,0,AC50 (>),4.52,1,CHEMBL1201265
C#C[C@]1(O)CC[C@H]2[C@@H]3[C@H](C)CC4=C(CCC(=O)C4)[C@H]3CC[C@@]21C,0,AC50 (>),4.52,1,CHEMBL2103774
C[C@@H]1C[C@H]2[C@@H]3C[C@H](F)C4=CC(=O)C=C[C@]4(C)[C@@]3(F)[C@@H](O)C[C@]2(C)[C@H]1C(=O)CO,1,AC50,6.01,1,CHEMBL509924
CC(C)C[C@H]1C(=O)N2CCC[C@H]2[C@]2(O)O[C@](NC(=O)[C@@H]3C=C4c5cccc6[nH]c(Br)c(c56)C[C@H]4N(C)C3)(C(C)C)C(=O)N12,0,AC50 (>),4.52,1,CHEMBL493
CCCC[C@H](C)C[C@H](O)/C=C/[C@H]1[C@H](O)CC(=O)[C@@H]1CCCC/C=C/C(=O)O,0,AC50 (>),4.52,1,CHEMBL2107456
CC(C)C[C@H](CN)CC(=O)O,0,AC50 (>),4.52,1,CHEMBL1059
Cc1onc(-c2ccccc2)c1-c1ccc(S(N)(=O)=O)cc1,0,AC50 (>),4.52,1,CHEMBL865
Cc1onc(-c2ccccc2Cl)c1C(=O)N[C@@H]1C(=O)N2[C@@H]1SC(C)(C)[C@@H]2C(=O)O,0,AC50 (>),4.52,1,CHEMBL891
Cc1onc(-c2c(F)cccc2Cl)c1C(=O)N[C@@H]1C(=O)N2[C@@H]1SC(C)(C)[C@@H]2C(=O)O,0,AC50 (>),4.52,1,CHEMBL222645
Cc1cc2c(OCC(CNC(C)(C)C)OC(=O)c3ccccc3)cccc2[nH]1,0,AC50,4.57,1,CHEMBL357995
Oc1ccc(CCNCCCCCCNCCc2ccccc2)cc1O,0,AC50 (>),4.52,1,CHEMBL77622
O=C(CCCN1CCC(O)(c2ccc(Cl)cc2)CC1)c1ccc(F)cc1,0,AC50 (>),4.52,1,CHEMBL54
O=C1C(O)=C([C@H]2CC[C@H](c3ccc(Cl)cc3)CC2)C(=O)c2ccccc21,0,AC50 (>),4.52,1,CHEMBL1450
Brc1c(NC2=NCCN2)ccc2nccnc12,0,AC50 (>),4.52,1,CHEMBL844
c1ccc([C@H]2CN3CCSC3=N2)cc1,0,AC50 (>),4.52,1,CHEMBL1454
NC(=O)CN1CCCC1=O,0,AC50 (>),4.52,1,CHEMBL36715
NC(=O)CN1CC(O)CC1=O,0,AC50 (>),4.52,1,CHEMBL36633
COc1cc(NS(C)(=O)=O)ccc1Nc1c2ccccc2nc2ccccc12,0,AC50,4.57,1,CHEMBL43
CC[C@@H](C(N)=O)N1CCCC1=O,0,AC50 (>),4.52,1,CHEMBL1286
CCC(C)(Oc1ccc(C2(c3ccc(OC(C)(CC)C(=O)O)cc3)CCCCC2)cc1)C(=O)O,0,AC50 (>),4.52,1,CHEMBL1897738
CCCCOc1cc(C(=O)OCCN(CC)CC)ccc1N,0,AC50 (>),4.52,1,CHEMBL1200
CCN1CCCC1CNC(=O)c1cc(S(=O)(=O)CC)ccc1OC,0,AC50 (>),4.52,1,CHEMBL277945
CCN1CCCC1CNC(=O)c1cc(S(=O)(=O)CC)c(N)cc1OC,0,AC50 (>),4.52,1,CHEMBL243712
CC[N+]1(C)CCCC(OC(=O)C(O)(c2ccccc2)c2ccccc2)C1,0,AC50 (>),4.52,1,CHEMBL1619528
CCCCCOC(=O)Nc1nc(=O)n([C@@H]2O[C@H](C)[C@@H](O)[C@H]2O)cc1F,0,AC50 (>),4.52,1,CHEMBL1773
CC[C@H](C)C(=O)O[C@H]1C[C@H](O)C=C2C=C[C@H](C)[C@H](CC[C@@H](O)C[C@@H](O)CC(=O)O)[C@H]21,0,AC50 (>),4.52,1,CHEMBL1144
CC[C@@H]([C@H](C)O)n1ncn(-c2ccc(N3CCN(c4ccc(OC[C@@H]5CO[C@@](Cn6cncn6)(c6ccc(F)cc6F)C5)cc4)CC3)cc2)c1=O,0,AC50 (>),4.52,1,CHEMBL1397
CC[C@H](Nc1ncnc2[nH]cnc12)c1nc2cccc(F)c2c(=O)n1-c1ccccc1,0,AC50 (>),4.52,1,CHEMBL2216870
Nc1nc(Cl)nc2c1ncn2[C@H]1C[C@H](O)[C@@H](CO)O1,0,AC50 (>),4.52,1,CHEMBL1619
CS(=O)(=O)OCCCCOS(C)(=O)=O,0,AC50 (>),4.52,1,CHEMBL820
Fc1ccc(C(c2ccccc2)(c2ccccc2F)n2ccnc2)cc1,1,AC50,6.44,1,CHEMBL2107430
C[C@@H]1O[C@@H](O[C@@H]2C=C3CC[C@@H]4[C@H](CC[C@]5(C)[C@@H](c6ccc(=O)oc6)CC[C@]45O)[C@@]3(C)CC2)[C@H](O)[C@H](O)[C@H]1O,0,AC50 (>),4.52,1,CHEMBL600325
C[C@H](CCC(=O)O)[C@H]1CC[C@H]2[C@@H]3[C@@H](O)C[C@@H]4C[C@H](O)CC[C@]4(C)[C@H]3CC[C@]12C,0,AC50 (>),4.52,1,CHEMBL1551
C[C@H](CCC(=O)O)[C@H]1CC[C@H]2[C@@H]3[C@H](O)C[C@@H]4C[C@H](O)CC[C@]4(C)[C@H]3CC[C@]12C,0,AC50 (>),4.52,1,CHEMBL240597
O=C(O)c1cccc(-c2noc(-c3ccccc3F)n2)c1,0,AC50 (>),4.52,1,CHEMBL256997
O=C(O)c1ccccc1Nc1cc(Cl)ccc1C(=O)O,0,AC50 (>),4.52,1,CHEMBL1986706
COc1ccc2nc3cc(Cl)ccc3c(Nc3cc(CN4CCCC4)c(O)c(CN4CCCC4)c3)c2n1,0,AC50,4.77,1,CHEMBL35228
Cc1nc(Nc2ncc(C(=O)Nc3c(C)cccc3Cl)s2)cc(N2CCN(CCO)CC2)n1,0,AC50 (>),4.52,1,CHEMBL5416410
Clc1ccc(C(Cn2ccnc2)OCc2c(Cl)cccc2Cl)c(Cl)c1,1,AC50,6.3,1,CHEMBL1571863
Clc1ccc(CSC(Cn2ccnc2)c2ccc(Cl)cc2Cl)cc1,0,AC50 (>),5.0,1,CHEMBL1221
Clc1ccc(Cn2c(CN3CCCC3)nc3ccccc32)cc1,0,AC50,4.96,1,CHEMBL1407943
C[N+]12CCC(CC1)C(OC(=O)C(O)(c1ccccc1)c1ccccc1)C2,0,AC50 (>),4.52,1,CHEMBL620
CN1[C@@H]2CC[C@H]1C[C@@H](OC(=O)c1c[nH]c3ccccc13)C2,0,AC50 (>),4.52,1,CHEMBL56564
c1cnc(N2CCN(Cc3ccc4c(c3)OCO4)CC2)nc1,0,AC50 (>),4.52,1,CHEMBL1371770
COc1cc(N)cn[n+]1-c1ccccc1,0,AC50 (>),4.52,1,CHEMBL2106667
C1CCC(C(CC2CCCCN2)C2CCCCC2)CC1,0,AC50 (>),4.52,1,CHEMBL75880
Cc1ccc(NC(=O)C2(c3ccc4c(c3)OC(F)(F)O4)CC2)nc1-c1cccc(C(=O)O)c1,1,AC50,6.7,1,CHEMBL2103870
Cn1c(NCCN(CCO)CCCc2ccc([N+](=O)[O-])cc2)cc(=O)n(C)c1=O,0,AC50 (>),4.52,1,CHEMBL360861
CN1C(=O)COc2c(C(=O)NC3CN4CCC3CC4)cc(Cl)cc21,0,AC50 (>),4.52,1,CHEMBL1598608
Cn1nnc2c(C(N)=O)ncn2c1=O,0,AC50 (>),4.52,1,CHEMBL810
CN1c2ccccc2C(NCCCCCCC(=O)O)c2ccc(Cl)cc2S1(=O)=O,0,AC50 (>),4.52,1,CHEMBL1289110
CN(C(=O)c1c(O)c2ccccc2n(C)c1=O)c1ccccc1,0,AC50 (>),4.52,1,CHEMBL11672
CC(=O)SC[C@@H](C)C(=O)N1CCC[C@H]1C(=O)N[C@@H](Cc1ccccc1)C(=O)O,0,AC50 (>),4.52,1,CHEMBL2103775
CC(=O)S[C@@H]1CC2=CC(=O)CC[C@]2(C)[C@H]2CC[C@@]3(C)[C@@H](CC[C@@]34CCC(=O)O4)[C@H]12,0,AC50 (>),4.52,1,CHEMBL1393
CCSc1ccc2c(c1)N(CCCN1CCN(C)CC1)c1ccccc1S2,0,AC50 (>),4.52,1,CHEMBL1378
CC(S)C(=O)NCC(=O)O,0,AC50 (>),4.52,1,CHEMBL1314
COc1cc(CNC(=O)CCCC/C=C/C(C)C)ccc1O,0,AC50,4.96,1,CHEMBL294199
COc1ccc(-c2noc(CC(=O)O)c2-c2ccc(OC)cc2)cc1,0,AC50 (>),4.52,1,CHEMBL259972
Nc1ccc(C(=O)O)c(O)c1,0,AC50 (>),4.52,1,CHEMBL1169
NC1CCN(c2nc3c(cc2F)c(=O)c(C(=O)O)cn3-c2ccc(F)cc2F)C1,0,AC50 (>),4.52,1,CHEMBL273348
CCN(CC)CCn1c(=O)c(Cc2ccc(OC)cc2)nc2ccccc21,0,AC50 (>),4.52,1,CHEMBL1729803
CCN(CC)CCNC(=O)c1cc(S(C)(=O)=O)ccc1OC,0,AC50 (>),4.52,1,CHEMBL84158
CC[N+](CC)(CCNC(=O)C(=O)NCC[N+](CC)(CC)Cc1ccccc1Cl)Cc1ccccc1Cl,0,AC50 (>),4.52,1,CHEMBL1652
CCN(CC)CCOC(=O)C1(C2CCCCC2)CCCCC1,0,AC50 (>),4.52,1,CHEMBL1123
CCN(CC)CCOC(=O)c1ccc(N)cc1Cl,0,AC50 (>),4.52,1,CHEMBL1179047
CCN(CCCCOC(=O)c1ccc(OC)c(OC)c1)C(C)Cc1ccc(OC)cc1,0,AC50 (>),4.52,1,CHEMBL282121
COc1c(O[C@@H]2O[C@H](CO)[C@@H](O)[C@H](O)[C@H]2O)cc2c(c1OC)-c1ccc(SC)c(=O)cc1[C@@H](NC(C)=O)CC2,0,AC50 (>),4.52,1,CHEMBL213907
CO[C@@]1(NC(=O)Cc2cccs2)C(=O)N2C(C(=O)O)=C(COC(N)=O)CS[C@@H]21,0,AC50 (>),4.52,1,CHEMBL996
COc1cc2[nH]c(C)c(CCN3CCN(c4ccccc4)CC3)c2cc1OC,0,AC50 (>),4.52,1,CHEMBL2107011
COc1ccc(C(=O)NCc2cccnc2)cc1C(=O)NCc1cccnc1,0,AC50 (>),4.52,1,CHEMBL1257015
c1ccc(CC2=NCCN2)cc1,0,AC50 (>),4.52,1,CHEMBL770
Cc1nc([N+](=O)[O-])cn1-c1ccc([N+](=O)[O-])cc1,0,AC50 (>),4.52,1,CHEMBL1909285
CS(=O)(=O)Nc1ccc([N+](=O)[O-])cc1Oc1ccccc1,0,AC50 (>),4.52,1,CHEMBL56367
CS(=O)(=O)Nc1cc2occ(NC=O)c(=O)c2cc1Oc1ccccc1,0,AC50 (>),4.52,1,CHEMBL2107455
CS(=O)(=O)NC(=O)CCC/C=C\C[C@H]1C(=O)C[C@@H](O)[C@@H]1/C=C/[C@@H](O)COc1ccccc1,0,AC50 (>),4.52,1,CHEMBL1472830
CCOCC(O)COc1ccc(NC(=O)CC[S+](C)C)cc1,0,AC50 (>),4.52,1,CHEMBL1180156
Cc1nnc(CNc2cc(OC[C@H]3C[C@@H]3c3ccccn3)nc3cccnc23)s1,0,EC50,4.57,1,CHEMBL5424297
Cc1nc(NCc2cnn(C)c2)cc(OC[C@H]2C[C@@H]2c2ccccn2)n1,0,EC50 (>),4.52,1,CHEMBL3659059
Cc1ccc([C@H]2C[C@@H]2COc2cc(NCc3nnc(C)s3)nc(C)n2)nc1,0,EC50 (>),4.52,1,CHEMBL5314924
CCCC[C@]1(O)[C@@H]2[C@H](C[C@H](O)[C@]3(C)[C@@H]([C@H](C)CCC(=O)O)CC[C@@H]23)[C@@]2(C)CC[C@@H](O)C[C@H]2[C@H]1CC,0,EC50,4.35,1,CHEMBL5440980
Cc1nnc(-c2ccc(-c3cccc4c3C(=O)N([C@H](C3CC3)C(C)(C)O)C4)cc2)o1,0,EC50,4.54,1,CHEMBL5400263
Cc1nnc(-c2ccc(-c3cc(F)cc4c3C(=O)N([C@H](C3CC3)C(C)(C)O)C4)cc2)o1,0,EC50,4.6,1,CHEMBL5411678
Cc1nnc(-c2ccc(-c3cc(F)c(F)c4c3C(=O)N([C@H](C3CC3)C(C)(C)O)C4)cc2)o1,0,EC50,4.96,1,CHEMBL5409280
Cc1nnc(-c2ccc(-c3cccc4c3C(=O)N([C@@H](C(C)(C)O)C(F)(F)F)C4)cc2)o1,0,EC50,4.62,1,CHEMBL5439954
Cc1nnc(-c2ccc(-c3c(F)ccc4c3C(=O)N([C@@H](C(C)(C)O)C(F)(F)F)C4)cc2)o1,0,EC50,4.96,1,CHEMBL5398126
Cc1nnc(-c2ccc(-c3cc(F)cc4c3C(=O)N([C@@H](C(C)(C)O)C(F)(F)F)C4)cc2)o1,0,EC50 (>),4.52,1,CHEMBL5430388
Cc1nnc(-c2ccc(-c3c(F)c(F)cc4c3C(=O)N([C@@H](C(C)(C)O)C(F)(F)F)C4)cc2)o1,0,EC50,4.92,1,CHEMBL5433486
Cc1nnc(-c2ccc(-c3c(F)cc(F)c4c3C(=O)N([C@@H](C(C)(C)O)C(F)(F)F)C4)cc2)o1,0,EC50,4.85,1,CHEMBL5424264
Cc1nnc(-c2ccc(-c3cc(F)c(F)c4c3C(=O)N([C@@H](C(C)(C)O)C(F)(F)F)C4)cc2)o1,0,EC50 (>),4.52,1,CHEMBL5406871
CN1Cc2cc(-c3cccc4c3C(=O)N([C@H](C3CC3)C(C)(C)O)C4)ccc2C1=O,0,EC50 (>),4.52,1,CHEMBL5394721
CN1Cc2cc(-c3c(F)ccc4c3C(=O)N([C@@H](C(C)(C)O)C(F)(F)F)C4)ccc2C1=O,0,EC50 (>),4.52,1,CHEMBL5398133
CN1Cc2cc(-c3cc(F)cc4c3C(=O)N([C@@H](C(C)(C)O)C(F)(F)F)C4)ccc2C1=O,0,EC50 (>),4.52,1,CHEMBL5431731
CN1Cc2cc(-c3c(F)c(F)cc4c3C(=O)N([C@@H](C(C)(C)O)C(F)(F)F)C4)ccc2C1=O,0,EC50 (>),4.52,1,CHEMBL5395985
NC(=O)c1cc(-c2ccc(F)cc2)c2ccc(CN3C(=O)CCC3=O)cc2n1,1,EC50,6.05,1,CHEMBL3892073
CC(C)(C(=O)N1CCOCC1)c1ccc2c(-c3ccc(F)cc3)cc(C(N)=O)nc2c1,1,EC50,6.52,1,CHEMBL5421645
NC(=O)c1cc(-c2ccc(F)cc2)c2ccc(CCc3cncnc3)cc2n1,0,EC50 (>),4.52,1,CHEMBL3950572
Cn1cc(Cc2ccc3c(-c4ccc(F)cc4)cc(C(N)=O)nc3c2)cn1,0,EC50 (>),4.52,1,CHEMBL5412433
Cc1cnn(Cc2ccc3c(-c4ccc(F)cc4)cc(C(N)=O)nc3c2)c1,0,EC50,4.78,1,CHEMBL5439283
Cc1cc(NCc2ccc3c(-c4ccc(F)cc4)cc(C(N)=O)nc3c2)no1,0,EC50 (>),4.52,1,CHEMBL5414037
Cc1ncc(NCc2ccc3c(-c4ccc(F)cc4)cc(C(N)=O)nc3c2)cn1,0,EC50 (>),4.52,1,CHEMBL5420899
NC(=O)c1cc(-c2ccc(F)cc2)c2ccc(CNCC(F)(F)F)cc2n1,0,EC50 (>),4.52,1,CHEMBL5424670
CC1CN(Cc2ccc3c(-c4ccc(F)cc4)cc(C(N)=O)nc3c2)CCO1,0,EC50 (>),4.52,1,CHEMBL5424217
NC(=O)c1cc(-c2ccc(F)cc2)c2ccc(CN3CCOC(C(F)(F)F)C3)cc2n1,0,EC50,4.78,1,CHEMBL3898121
CC1CC=C(c2cc(C(N)=O)nc3cc(CN4C(=O)CCC4=O)ccc23)CC1,1,EC50,6.22,1,CHEMBL3958138
CC1CCN(c2cc(C(N)=O)nc3cc(CN4C(=O)CCC4=O)ccc23)CC1,1,EC50,6.0,1,CHEMBL5439830
Cc1cnn(-c2cc(C(N)=O)nc3cc(CN4C(=O)CCC4=O)ccc23)c1,0,EC50 (>),4.52,1,CHEMBL5423035
Cn1cc(-c2cc(C(N)=O)nc3cc(CN4C(=O)CCC4=O)ccc23)cn1,0,EC50,4.7,1,CHEMBL5419051
CCn1cc(-c2cc(C(N)=O)nc3cc(CN4C(=O)CCC4=O)ccc23)cn1,0,EC50,4.52,1,CHEMBL5410897
Cc1ncc(CCc2ccc3c(-c4cnn(C)c4)cc(C(N)=O)nc3c2)cn1,0,EC50 (>),4.52,1,CHEMBL5420002
Cn1cc(Cc2ccc3c(-c4cnn(C)c4)cc(C(N)=O)nc3c2)cn1,0,EC50 (>),4.52,1,CHEMBL5423342
CC(c1ccc2c(-c3cnn(C)c3)cc(C(N)=O)nc2c1)c1cnn(CC(F)(F)F)c1,0,EC50,4.72,1,CHEMBL5430371
Cn1cc(-c2cc(C(N)=O)nc3cc(CN4CCNC(C(F)(F)F)C4)ccc23)cn1,0,EC50 (>),4.52,1,CHEMBL5433302
CC1CN(Cc2ccc3c(-c4cnn(C)c4)cc(C(N)=O)nc3c2)CCO1,0,EC50 (>),4.52,1,CHEMBL5413435
Cn1cc(-c2cc(C(N)=O)nc3cc(CN4CCOC(C(F)(F)F)C4)ccc23)cn1,0,EC50 (>),4.52,1,CHEMBL5428785
Cn1cc(-c2cc(C(N)=O)nc3cc(CN4CCO[C@@H](C(F)(F)F)C4)ccc23)cn1,0,EC50 (>),4.52,1,CHEMBL4109210
CC(C)C1CN(Cc2ccc3c(-c4cnn(C)c4)cc(C(N)=O)nc3c2)CCO1,0,EC50,4.54,1,CHEMBL5413826
C[C@H]1CCCN1c1cc(-c2ccccc2O)nnc1N,1,EC50,6.07,1,CHEMBL5401472
CC[C@H]1CCCN1c1cc(-c2ccccc2O)nnc1N,1,EC50,6.7,1,CHEMBL5406315
CC(C)[C@H]1CCCN1c1cc(-c2ccccc2O)nnc1N,1,EC50,6.85,1,CHEMBL5409404
C[C@H]1CCCN1c1cc(-c2ccco2)nnc1N,0,EC50 (>),4.3,1,CHEMBL5421138
C[C@H]1CCCCN1c1cc(-c2ccco2)nnc1N,0,EC50,4.66,1,CHEMBL5426305
C[C@@H]1CCCN1c1cc(-c2ccco2)nnc1N,0,EC50 (>),4.3,1,CHEMBL5431005
O=C(/C=C/N1C[C@H]2C[C@@H]1CN2c1ccccn1)c1ccccc1O,0,EC50 (>),4.7,1,CHEMBL3752911
Cc1ccc(C2=C(c3nnn[nH]3)C(=O)NC(c3ccc(OCCCC(F)(F)F)cc3)(C(F)(F)F)C2)cc1,0,EC50 (>),4.3,1,CHEMBL3966030
Cc1ccc(C2=C(n3cnnn3)C(=O)N[C@@](c3ccc(OCCCC(F)(F)F)cc3)(C(F)(F)F)C2)cc1,1,EC50,6.22,1,CHEMBL5398266
Cc1ccc(C2=C(n3ncnn3)C(=O)N[C@@](c3ccc(OCCCC(F)(F)F)cc3)(C(F)(F)F)C2)cc1,1,EC50,6.07,1,CHEMBL5411387
Cc1ccc(C2=C(n3nn[nH]c3=O)C(=O)N[C@@](c3ccc(OCCCC(F)(F)F)cc3)(C(F)(F)F)C2)cc1,0,EC50 (>),4.54,1,CHEMBL5417398
Clc1ccc(-c2nc3ccccn3c2-c2csc(Cc3ccc(Cl)c(Cl)c3)n2)cc1,0,EC50,4.66,1,CHEMBL5440050
Cc1cc(-n2ncc(CN3C[C@@H](c4ccc5c(c4C)COC5=O)N[C@@H](C)C3)n2)ncc1C#N,0,EC50 (>),4.3,1,CHEMBL5563848
COC(=O)N[C@H](C(=O)N1CC2(CCCCC2)C[C@H]1C(=O)N[C@@H](CCC(C)(F)F)C(=O)C(N)=O)C(C)(C)C,0,EC50 (>),4.52,1,CHEMBL5569553
COC(=O)N[C@H](C(=O)N1CC2(CCCCC2)C[C@H]1C(=O)N[C@@H](CCC(C)(F)F)C(=O)C(=O)NCc1ccncc1)C(C)(C)C,0,EC50 (>),4.52,1,CHEMBL5570065
CNC(=O)C(=O)[C@H](CCC(C)(F)F)NC(=O)[C@@H]1[C@H]2CCC[C@H]2CN1C(=O)[C@@H](NC(=O)OC)C(C)(C)C,0,EC50 (>),4.52,1,CHEMBL5594588
COc1ccc(NC(=O)OC[C@H]2COc3c(cc(Cl)c4nc(-c5cc(C)cc6nc(OC)cnc56)sc34)O2)cn1,0,EC50 (>),4.3,1,CHEMBL5543032
COc1cnc2c(-c3nc4cc(F)c5c(c4s3)C[C@H](COC(=O)Nc3cnc(C)nc3)O5)cc(C)cc2n1,0,EC50 (>),4.92,1,CHEMBL5593488
NS(=O)(=O)c1cccc(NC(=O)c2cc(C(F)(F)F)cnc2N2CCC(F)(F)CC2)c1,0,EC50,4.64,1,CHEMBL5570267
CC(C)CN(c1ccc(-c2ccc(OCC(=O)O)c(F)c2)cc1)S(=O)(=O)c1c(Cl)cccc1Cl,0,EC50 (>),5.0,1,CHEMBL5633111
c1ccc([C@@H]2C[C@H]2NC2CCNCC2)cc1,0,EC50 (>),4.52,1,CHEMBL4301645
O=C(O)c1ccc(CN2CCC(CN[C@@H]3C[C@H]3c3ccccc3)CC2)cc1,0,EC50 (>),4.52,1,CHEMBL3786182
Cc1ccc2cc(C(C)(C)O)c(O)c3c2c1[C@]1(CCC(C)(C)O1)O3,0,EC50,4.82,1,CHEMBL6145296
CC(=O)Oc1ccc(O[C@H]2CC[C@H](NC(=O)Nc3ccc(OC(F)(F)F)c(F)c3)CC2)cc1,0,EC50 (>),5.0,1,CHEMBL6177252
O=C(Nc1ccc(OC(F)(F)F)c(F)c1)N[C@H]1CC[C@H](Oc2ccc(O)cc2)CC1,0,EC50 (>),5.0,1,CHEMBL6169258
CNC(=O)OC(C(=O)O)c1ccc(F)c(-c2ccc(OC)c(C(=O)N[C@H]3[C@@H](C(=O)Nc4ccc(F)c(C(F)(F)F)c4)[C@H]4CC[C@@H]3/C4=C\C3CC3)c2)c1,0,EC50 (>),4.3,1,CHEMBL6190291
