smiles,label,type,pChEMBL,n_records,chembl_ids
Cc1cccc(-c2n[nH]cc2-c2ccc3ncccc3n2)n1,0,IC50 (>),4.8,1,CHEMBL185238
CC(C)(C)c1nc(-c2ccc(F)cc2)c(-c2ccncc2)[nH]1,1,IC50,6.05,1,CHEMBL371694
Oc1ccc(-c2[nH]c(-c3ccccc3)nc2-c2ccncc2)cc1,1,IC50,6.47,2,CHEMBL68215
CC(C)(CNC(=O)Nc1ccc(Cl)cc1)c1nc(-c2ccc(Cl)c(O)c2)c(-c2ccncc2)[nH]1,1,IC50,7.89,2,CHEMBL200863
CC(C)(CNS(C)(=O)=O)c1nc(-c2ccc(Cl)c(O)c2)c(-c2ccncc2)[nH]1,1,IC50,7.85,2,CHEMBL381447
CN(C)CCCNC(=O)c1nc(-c2ccc(Cl)c(O)c2)c(-c2ccncc2)[nH]1,1,IC50,7.4,2,CHEMBL426476
CC(C)(CN)c1nc(-c2ccc(Cl)c(O)c2)c(-c2ccncc2)[nH]1,1,IC50,8.22,2,CHEMBL200889
NCc1ccc(-c2nc(-c3ccc(Cl)c(O)c3)c(-c3ccncc3)[nH]2)cc1,1,IC50,8.1,2,CHEMBL200320
Oc1cc(-c2[nH]cnc2-c2ccncc2)ccc1Cl,1,IC50,7.48,2,CHEMBL200118
Oc1cc(-c2[nH]c(-c3ccco3)nc2-c2ccncc2)ccc1Cl,1,IC50,7.89,2,CHEMBL371952
Oc1cc(-c2[nH]c(-c3cccnc3)nc2-c2ccncc2)ccc1Cl,1,IC50,8.22,1,CHEMBL381250
CC(C)(C)c1nc(-c2ccc(Cl)c(O)c2)c(-c2ccncc2)[nH]1,1,IC50,7.92,2,CHEMBL200172
Oc1cc(-c2nc(-c3ccccc3)[nH]c2-c2ccncc2)ccc1Cl,1,IC50,8.0,4,CHEMBL373011
CC(=O)Nc1cccc(-c2cncc(NCc3ccc(F)c(Cl)c3)n2)c1,0,IC50,4.0,1,CHEMBL274738
CC(=O)Nc1cccc(-c2cncc(NCc3ccoc3)n2)c1,0,IC50,4.48,1,CHEMBL199588
COc1cc(CNc2cncc(-c3cccc(NC(C)=O)c3)n2)cc(OC)c1OC,0,IC50 (>),4.0,1,CHEMBL199892
COc1ccc(OCCNc2cncc(-c3cccc(NC(C)=O)c3)n2)cc1,0,IC50,4.24,1,CHEMBL198400
CC(=O)Nc1cccc(-c2cncc(NCCOc3ccccc3)n2)c1,0,IC50,4.19,1,CHEMBL200964
CC(=O)Nc1cccc(-c2cncc(NCCCc3ccccc3)n2)c1,0,IC50 (>),4.0,1,CHEMBL200130
CC(=O)Nc1cccc(-c2cncc(NCCc3ccccc3)n2)c1,0,IC50,4.35,1,CHEMBL372149
CC(=O)Nc1cccc(-c2cncc(NCc3ccccc3)n2)c1,0,IC50,4.75,1,CHEMBL199800
CC(=O)Nc1cccc(-c2cncc(NCc3ccccn3)n2)c1,0,IC50 (>),4.0,1,CHEMBL433992
CC(=O)Nc1cccc(-c2cncc(NCc3cc(C)[nH]n3)n2)c1,0,IC50,4.85,1,CHEMBL382262
CC(=O)Nc1cccc(-c2cncc(NCc3ccc4c(c3)OCCO4)n2)c1,0,IC50,4.47,1,CHEMBL370112
CC(=O)Nc1cccc(-c2cncc(Nc3nc(C(C)(C)C)cs3)n2)c1,0,IC50,4.7,1,CHEMBL381275
CC(=O)Nc1cccc(-c2cncc(Nc3cc(Cl)nc(Cl)c3)n2)c1,1,IC50,6.02,1,CHEMBL199948
CC(=O)Nc1cccc(-c2cncc(Nc3ccc4c(c3)C(=O)OC4)n2)c1,1,IC50,6.13,1,CHEMBL199811
CC(=O)Nc1cccc(-c2cncc(Nc3cccc4c3OC(F)(F)C(F)(F)O4)n2)c1,0,IC50 (>),4.0,1,CHEMBL199605
CC(=O)Nc1cccc(-c2cncc(Nc3ccc4c(c3)OC(F)(F)O4)n2)c1,0,IC50,4.43,1,CHEMBL200075
CC(=O)Nc1cccc(-c2cncc(Nc3ccc4c(c3)OC(F)(F)C(F)(F)O4)n2)c1,0,IC50,4.41,1,CHEMBL373242
CC(=O)Nc1cccc(-c2cncc(Nc3cccc(-c4cnco4)c3)n2)c1,1,IC50,6.1,1,CHEMBL198244
CC(=O)Nc1cccc(-c2cncc(Nc3ccc(F)c(Cl)c3)n2)c1,0,IC50 (>),4.0,1,CHEMBL198348
CC(=O)Nc1cccc(-c2cncc(Nc3ccc(OC(F)(F)F)cc3)n2)c1,0,IC50,4.08,1,CHEMBL378600
CC(=O)Nc1cccc(-c2cncc(Nc3cccc(O)c3)n2)c1,0,IC50,4.85,1,CHEMBL199394
COc1ccc(Nc2cncc(-c3cccc(NC(C)=O)c3)n2)c(OC)c1,0,IC50,4.68,1,CHEMBL201272
COc1ccc(Nc2cncc(-c3cccc(NC(C)=O)c3)n2)cc1,0,IC50,4.58,1,CHEMBL199798
COc1ccccc1Nc1cncc(-c2cccc(NC(C)=O)c2)n1,0,IC50,4.13,1,CHEMBL201023
CC(=O)Nc1cccc(-c2cncc(NN(C)c3ccccc3)n2)c1,0,IC50 (>),4.0,1,CHEMBL199805
NC(=O)c1cc(CNc2ccccc2C(=O)Nc2ccc3c(c2)OC(F)(F)O3)ccn1,1,IC50,7.47,1,CHEMBL248051
CNC(=O)Nc1ccc(CNc2ncsc2C(=O)Nc2ccc3c(c2)OC(F)(F)O3)cn1,1,IC50,7.16,1,CHEMBL247250
CCNC(=O)Nc1ccc(CNc2ncsc2C(=O)Nc2ccc3c(c2)OC(F)(F)O3)cn1,1,IC50,6.91,1,CHEMBL247798
CNC(=O)Nc1ccc(CNc2c(C(=O)Nc3ccc(SC(F)(F)F)cc3)cnn2C)cn1,1,IC50,6.81,1,CHEMBL247797
CNC(=O)Nc1ccc(CNc2c(C(=O)Nc3ccc4c(c3)OC(F)(F)C(F)(F)O4)cnn2C)cn1,1,IC50,6.72,1,CHEMBL247619
CNC(=O)c1cc(CNc2ccsc2C(=O)Nc2ccc3c(c2)OC(F)(F)O3)ccn1,1,IC50,7.21,1,CHEMBL247618
CNC(=O)c1cc(CNc2c(C(=O)Nc3ccc4c(c3)OC(F)(F)O4)cnn2C)ccn1,1,IC50,6.7,1,CHEMBL247435
CNC(=O)c1cc(CNc2ncsc2C(=O)Nc2ccc3c(c2)OC(F)(F)C(F)(F)O3)ccn1,1,IC50,6.72,1,CHEMBL247434
O=C(NCc1ccccc1)Nc1cc(CNc2ccccc2C(=O)Nc2ccc3c(c2)OC(F)(F)O3)ccn1,1,IC50,6.63,1,CHEMBL395705
O=C(Nc1ccc2c(c1)CCC2)Nc1cc(CNc2ccccc2C(=O)Nc2ccc3c(c2)OC(F)(F)O3)ccn1,1,IC50,7.19,1,CHEMBL399571
O=C(Nc1ccccc1)Nc1cc(CNc2ccccc2C(=O)Nc2ccc3c(c2)OC(F)(F)O3)ccn1,1,IC50,7.41,1,CHEMBL397345
CCNC(=O)Nc1cc(CNc2ccccc2C(=O)Nc2ccc3c(c2)OC(F)(F)O3)ccn1,1,IC50,7.05,1,CHEMBL247793
CNC(=O)Nc1cc(CNc2ccccc2C(=O)Nc2ccc3c(c2)OC(F)(F)O3)ccn1,1,IC50,7.62,1,CHEMBL394503
O=C(Nc1ccc2c(c1)OC(F)(F)O2)c1ccccc1NCc1ccnc(NCCc2cnc[nH]2)c1,1,IC50,6.84,1,CHEMBL247792
O=C(Nc1ccc2c(c1)OC(F)(F)O2)c1ccccc1NCc1ccnc(NCCCn2ccnc2)c1,1,IC50,7.0,1,CHEMBL247424
O=C(Nc1ccc2c(c1)OC(F)(F)O2)c1ccccc1NCc1ccnc(NCCOCCO)c1,1,IC50,6.78,1,CHEMBL247423
O=C(Nc1ccc2c(c1)OC(F)(F)O2)c1ccccc1NCc1ccnc(NCCCO)c1,1,IC50,6.85,1,CHEMBL395700
COCCCNc1cc(CNc2ccccc2C(=O)Nc2ccc3c(c2)OC(F)(F)O3)ccn1,1,IC50,6.81,1,CHEMBL247591
O=C(Nc1ccc2c(c1)OC(F)(F)O2)c1ccccc1NCc1ccnc(NCCO)c1,1,IC50,6.95,1,CHEMBL398052
COCCNc1cc(CNc2ccccc2C(=O)Nc2ccc3c(c2)OC(F)(F)O3)ccn1,1,IC50,6.98,1,CHEMBL248860
CNc1cc(CNc2ccccc2C(=O)Nc2ccc3c(c2)OC(F)(F)O3)ccn1,1,IC50,7.0,1,CHEMBL399534
Nc1cc(CNc2ccccc2C(=O)Nc2ccc3c(c2)OC(F)(F)O3)ccn1,1,IC50,6.56,2,CHEMBL400109
CN(C)c1nccc(CNc2ccccc2C(=O)Nc2ccc3c(c2)OC(F)(F)O3)n1,1,IC50,6.46,1,CHEMBL400057
CNc1nccc(CNc2ccccc2C(=O)Nc2ccc3c(c2)OC(F)(F)O3)n1,1,IC50,7.58,1,CHEMBL246424
CS(=O)(=O)Nc1cc(CNc2ccccc2C(=O)Nc2ccc3c(c2)OC(F)(F)O3)ccn1,1,IC50,6.23,1,CHEMBL246423
O=C(Nc1ccc2c(c1)OC(F)(F)O2)c1ccccc1NCc1ccnc(C2=NCCN2)c1,1,IC50,6.82,1,CHEMBL400308
NC(=S)c1cc(CNc2ccccc2C(=O)Nc2ccc3c(c2)OC(F)(F)O3)ccn1,1,IC50,7.0,1,CHEMBL248258
N#Cc1cc(CNc2ccccc2C(=O)Nc2ccc3c(c2)OC(F)(F)O3)ccn1,1,IC50,6.96,1,CHEMBL248257
CC(=O)Nc1cc(CNc2ccccc2C(=O)Nc2ccc3c(c2)OC(F)(F)O3)ccn1,1,IC50,8.3,1,CHEMBL248256
O=C(NCCO)c1cc(CNc2ccccc2C(=O)Nc2ccc3c(c2)OC(F)(F)O3)ccn1,1,IC50,6.4,1,CHEMBL246608
COCCNC(=O)c1cc(CNc2ccccc2C(=O)Nc2ccc3c(c2)OC(F)(F)O3)ccn1,1,IC50,6.3,1,CHEMBL245805
CS(=O)(=O)CCNC(=O)c1cc(CNc2ccccc2C(=O)Nc2ccc3c(c2)OC(F)(F)O3)ccn1,1,IC50,6.66,1,CHEMBL245804
O=C(NC1CC1)c1cc(CNc2ccccc2C(=O)Nc2ccc3c(c2)OC(F)(F)O3)ccn1,1,IC50,6.72,1,CHEMBL248398
CCN(CC)CCCNC(=O)c1cc(CNc2ccccc2C(=O)Nc2ccc3c(c2)OC(F)(F)O3)ccn1,1,IC50,6.76,1,CHEMBL248397
CCN(CC)CCNC(=O)c1cc(CNc2ccccc2C(=O)Nc2ccc3c(c2)OC(F)(F)O3)ccn1,1,IC50,6.86,1,CHEMBL248227
CCNC(=O)c1cc(CNc2ccccc2C(=O)Nc2ccc3c(c2)OC(F)(F)O3)ccn1,1,IC50,6.48,1,CHEMBL248226
CNC(=O)c1cc(CNc2ccccc2C(=O)Nc2ccc3c(c2)OC(F)(F)O3)ccn1,1,IC50,7.35,1,CHEMBL247437
O=C(Nc1ccc2c(c1)OC(F)(F)C(F)(F)O2)c1ccccc1NCc1ccncc1,1,IC50,7.4,1,CHEMBL391781
Oc1cc(O)c(-c2noc3ccc(NCCN4CCOCC4)cc23)cc1Cl,0,IC50 (>),4.7,1,CHEMBL404630
CCN(CC)CCOc1ccc(Nc2cc(NC(=O)Nc3c(Cl)cccc3Cl)ncn2)cc1,1,IC50,6.82,1,CHEMBL253292
Cc1cccc(C)c1-n1c(=O)c2cnc(Nc3ccc(N4CCN(C)CC4)cc3)nc2n2c3ccccc3nc12,1,IC50,6.27,1,CHEMBL410295
COc1cc2nccc(Oc3ccc4c(C(=O)Nc5ccc(Cl)cc5)cccc4c3)c2cc1OC,1,IC50,7.4,1,CHEMBL429743
O=C1NCCN1CCNc1nccc(-c2[nH]c(C3CC3)nc2-c2cc(Cl)ccc2Cl)n1,1,IC50,8.0,1,CHEMBL401710
CNc1nccc(-c2[nH]c(C3CC3)nc2-c2cccc(NS(=O)(=O)Cc3ccc(Cl)c(Cl)c3)c2)n1,1,IC50,6.86,2,CHEMBL402029
NC(=O)c1cccc(Nc2nccc(-c3[nH]c(C4CC4)nc3-c3cccc(NS(=O)(=O)Cc4ccc(Cl)c(Cl)c4)c3)n2)c1,1,IC50,6.56,2,CHEMBL402424
O=C(Cc1ccc(Cl)cc1)Nc1cccc(-c2nc(C3CC3)[nH]c2-c2ccnc(NCCN3CCNC3=O)n2)c1,1,IC50,8.7,2,CHEMBL429498
CNc1nccc(-c2[nH]c(C3CC3)nc2-c2cccc(NC(=O)Cc3ccc(Cl)cc3)c2)n1,1,IC50,8.52,2,CHEMBL403854
NC(=O)c1cccc(Nc2nccc(-c3[nH]c(C4CC4)nc3-c3cccc(NC(=O)Cc4ccc(Cl)cc4)c3)n2)c1,1,IC50,8.52,2,CHEMBL254966
O=C(Cc1ccc(Cl)cc1)Nc1cccc(-c2nc(C(F)(F)F)[nH]c2-c2ccnc(NCCN3CCNC3=O)n2)c1,1,IC50,7.4,2,CHEMBL254965
CNc1nccc(-c2[nH]c(C(F)(F)F)nc2-c2cccc(NC(=O)Cc3ccc(Cl)cc3)c2)n1,1,IC50,7.75,2,CHEMBL258454
NC(=O)c1cccc(Nc2nccc(-c3[nH]c(C(F)(F)F)nc3-c3cccc(NC(=O)Cc4ccc(Cl)cc4)c3)n2)c1,1,IC50,7.07,2,CHEMBL256775
O=C(Nc1cccc(-c2nc(C3CC3)[nH]c2-c2ccnc(NCCN3CCNC3=O)n2)c1)Nc1ccc(Cl)c(C(F)(F)F)c1,1,IC50,7.66,2,CHEMBL256921
O=C1NCCN1CCNc1nccc(-c2[nH]c(C3CC3)nc2-c2cccc(NS(=O)(=O)Cc3ccc(Cl)c(Cl)c3)c2)n1,1,IC50,6.85,2,CHEMBL255497
NC(=O)c1cccc(Nc2nccc(-c3[nH]c(C4CC4)nc3-c3cccc(NC(=O)Nc4ccc(Cl)c(C(F)(F)F)c4)c3)n2)c1,1,IC50,7.46,2,CHEMBL255496
CNc1nccc(-c2[nH]c(C3CC3)nc2-c2cccc(NC(=O)Nc3ccc(Cl)c(C(F)(F)F)c3)c2)n1,1,IC50,7.8,2,CHEMBL430413
CC(C)(C)NC(=O)NCCNc1nccc(-c2[nH]c(C3CC3)nc2-c2ccccc2Cl)n1,1,IC50,7.08,1,CHEMBL257986
O/N=C1\CCc2cc(-c3c[nH]nc3-c3ccncc3)ccc21,1,IC50,9.82,1,CHEMBL500406
Cn1cc(-c2ccc3cn[nH]c3c2)c(-c2ccncc2)n1,1,IC50,7.16,2,CHEMBL521732
Cn1cc(-c2ccc3c(c2)C(=O)NC3)c(-c2ccncc2)n1,1,IC50,7.17,1,CHEMBL496477
Cn1cc(-c2ccc3c(c2)Cc2c[nH]nc2-3)c(-c2ccncc2)n1,1,IC50,8.82,1,CHEMBL523261
Cc1c[nH]nc1-c1ccc(-c2cn(C)nc2-c2ccncc2)cc1,1,IC50,8.36,2,CHEMBL498468
Cn1cc(-c2ccc(-c3cc[nH]n3)cc2)c(-c2ccncc2)n1,1,IC50,7.17,2,CHEMBL498467
Cn1cc(-c2ccc3c(c2)CCN/C3=N/O)c(-c2ccncc2)n1,1,IC50,7.8,1,CHEMBL498524
Cn1cc(-c2ccc(/C(N)=N\O)cc2)c(-c2ccncc2)n1,1,IC50,7.74,1,CHEMBL497866
Cn1cc(-c2ccc3c(c2)CC/C3=N\O)c(-c2ccncn2)n1,1,IC50,8.51,1,CHEMBL497701
Cn1cc(-c2ccc3c(c2)CC/C3=N\O)c(-c2ccnc(O)c2)n1,1,IC50,8.54,1,CHEMBL497700
Cn1cc(-c2ccc3c(c2)CC/C3=N\O)c(-c2ccnc(N)c2)n1,1,IC50,8.68,1,CHEMBL496479
Cn1cc(-c2ccc3c(c2)CC/C3=N\O)c(-c2cnco2)n1,1,IC50,8.39,1,CHEMBL496478
Cn1cc(-c2ccc3c(c2)CC/C3=N\O)c(-c2cccnc2)n1,1,IC50,6.36,1,CHEMBL521731
Cn1cc(-c2ccc3c(c2)CC/C3=N\O)c(-c2ccc3c(cnn3C)c2)n1,1,IC50,6.01,1,CHEMBL526671
CNC1CCCC(n2cc(-c3ccc4c(c3)CC/C4=N\O)c(-c3ccncc3)n2)C1,1,IC50,9.64,1,CHEMBL498688
O/N=C1\CCc2cc(-c3cn(CC4CCCNC4)nc3-c3ccncc3)ccc21,1,IC50,9.07,1,CHEMBL524445
O/N=C1\CCc2cc(-c3cn(CC4CCNCC4)nc3-c3ccncc3)ccc21,1,IC50,8.92,1,CHEMBL497670
O/N=C1\CCc2cc(-c3cn(C4CCOCC4)nc3-c3ccncc3)ccc21,1,IC50,9.66,2,CHEMBL497671
CN1CCC(n2cc(-c3ccc4c(c3)CC/C4=N\O)c(-c3ccncc3)n2)CC1,1,IC50,9.47,2,CHEMBL498674
O/N=C1\CCc2cc(-c3cn(C4CCNCC4)nc3-c3ccncc3)ccc21,1,IC50,10.52,3,CHEMBL526479
CN(C)CCCn1cc(-c2ccc3c(c2)CC/C3=N\O)c(-c2ccncc2)n1,1,IC50,9.33,1,CHEMBL498503
NCCCn1cc(-c2ccc3c(c2)CC/C3=N\O)c(-c2ccncc2)n1,1,IC50,9.41,1,CHEMBL498496
CN(C)CCn1cc(-c2ccc3c(c2)CC/C3=N\O)c(-c2ccncc2)n1,1,IC50,8.4,1,CHEMBL498327
NCCn1cc(-c2ccc3c(c2)CC/C3=N\O)c(-c2ccncc2)n1,1,IC50,8.62,1,CHEMBL496276
OCC(CO)n1cc(-c2ccc3c(c2)CC/C3=N\O)c(-c2ccncc2)n1,1,IC50,9.25,1,CHEMBL498487
OCC(O)Cn1cc(-c2ccc3c(c2)CC/C3=N\O)c(-c2ccncc2)n1,1,IC50,9.06,1,CHEMBL498317
OCCCn1cc(-c2ccc3c(c2)CC/C3=N\O)c(-c2ccncc2)n1,1,IC50,10.3,1,CHEMBL527029
OCCn1cc(-c2ccc3c(c2)CC/C3=N\O)c(-c2ccncc2)n1,1,IC50,9.89,8,CHEMBL525191
COCCn1cc(-c2ccc3c(c2)CC/C3=N\O)c(-c2ccncc2)n1,1,IC50,8.94,1,CHEMBL496472
O/N=C1\CCc2cc(-c3cn([C@@H]4CCC[C@@H](O)C4)nc3-c3ccncc3)ccc21,1,IC50,10.05,1,CHEMBL521562
O/N=C1\CCc2cc(-c3cn([C@@H]4CCC[C@H](O)C4)nc3-c3ccncc3)ccc21,1,IC50,10.4,1,CHEMBL498344
O/N=C1\CCc2cc(-c3cn([C@H]4CCC[C@@H]4O)nc3-c3ccncc3)ccc21,1,IC50,9.48,1,CHEMBL524640
O/N=C1\CCc2cc(-c3cn([C@H]4CCC[C@H]4O)nc3-c3ccncc3)ccc21,1,IC50,8.41,1,CHEMBL498343
O/N=C1\CCc2cc(-c3cn(C4CCCC4)nc3-c3ccncc3)ccc21,1,IC50,8.46,1,CHEMBL503089
CCn1cc(-c2ccc3c(c2)CC/C3=N\O)c(-c2ccncc2)n1,1,IC50,9.24,1,CHEMBL502816
Cn1ncc(-c2ccc3c(c2)CC/C3=N\O)c1-c1ccncc1,1,IC50,9.32,1,CHEMBL500660
Cn1cc(-c2ccc3c(c2)CC/C3=N\O)c(-c2ccncc2)n1,1,IC50,10.7,1,CHEMBL500659
CCn1cc(-c2ccnc3[nH]ccc23)c(-c2cccc(NC(=S)Nc3ccccc3)c2)n1,1,IC50,6.48,1,CHEMBL524635
CCn1cc(-c2ccnc3[nH]c(C(=O)O)cc23)c(-c2cccc(NC(=O)Nc3ccccc3)c2)n1,1,IC50,7.34,1,CHEMBL1964274
CCOC(=O)c1cc2c(-c3cn(CC)nc3-c3cccc(NC(=O)Nc4ccccc4)c3)ccnc2[nH]1,1,IC50,7.47,1,CHEMBL1964273
CCn1cc(-c2ccnc3[nH]cc(Br)c23)c(-c2cccc(NC(=O)Nc3ccccc3)c2)n1,1,IC50,7.1,1,CHEMBL456351
CCn1cc(-c2ccnc3[nH]ccc23)c(-c2cccc(NC(=O)Nc3cccc(OC)c3)c2)n1,1,IC50,8.68,1,CHEMBL456350
CCn1cc(-c2ccnc3[nH]ccc23)c(-c2cccc(NC(=O)Nc3ccc(Cl)c(C(F)(F)F)c3)c2)n1,1,IC50,8.27,1,CHEMBL456983
CCn1cc(-c2ccnc3[nH]ccc23)c(-c2cccc(NC(=O)Nc3cc(C(F)(F)F)ccc3F)c2)n1,1,IC50,8.41,1,CHEMBL526268
CCn1cc(-c2ccnc3[nH]ccc23)c(-c2cccc(NC(=O)Nc3cccc(Cl)c3)c2)n1,1,IC50,7.98,1,CHEMBL497484
CCn1cc(-c2ccnc3[nH]ccc23)c(-c2cccc(NC(=O)Nc3ccc(C(F)(F)F)cc3)c2)n1,1,IC50,8.6,2,CHEMBL523411
CCn1cc(-c2ccnc3[nH]ccc23)c(-c2cccc(NC(=O)Nc3c(F)cccc3F)c2)n1,1,IC50,7.59,1,CHEMBL496275
CCn1cc(-c2ccnc3[nH]ccc23)c(-c2cccc(NC(=O)Nc3ccccc3Cl)c2)n1,1,IC50,8.28,1,CHEMBL525896
CCn1cc(-c2ccnc3[nH]ccc23)c(-c2cccc(NC(=O)Nc3ccc(OCc4ccccc4)cc3)c2)n1,1,IC50,6.96,1,CHEMBL505187
CCn1cc(-c2ccnc3[nH]ccc23)c(-c2cccc(NC(=O)NCc3ccccc3)c2)n1,1,IC50,6.77,1,CHEMBL496265
CCn1cc(-c2ccnc3[nH]ccc23)c(-c2cccc(NC(=O)NC3CCCCC3)c2)n1,1,IC50,7.38,1,CHEMBL522902
CCn1cc(-c2ccnc3[nH]ccc23)c(-c2cccc(NC(=O)Nc3ccccc3)c2)n1,1,IC50,7.76,1,CHEMBL498307
Nc1ncnc2c1ncn2CC(=O)c1c[nH]c2ccccc12,0,IC50,4.09,1,CHEMBL521155
COc1cc(Nc2cncc(-c3cccnc3)n2)cc(OC)c1OC,0,IC50,4.66,1,CHEMBL525079
CCOC(=O)c1cccc(-c2cncc(Nc3cc(OC)c(OC)c(OC)c3)n2)c1,0,IC50,4.85,1,CHEMBL500416
COc1cc(Nc2cncc(-c3ccc(CO)cc3)n2)cc(OC)c1OC,0,IC50,4.58,1,CHEMBL524868
COc1cc(Nc2cncc(-c3ccc(O)cc3)n2)cc(OC)c1OC,0,IC50,4.75,1,CHEMBL500151
COc1cc(Nc2cncc(-c3cccc(NC(C)=O)c3)c2)cc(OC)c1OC,0,IC50,4.58,1,CHEMBL483921
COc1cc(Nc2nc(-c3cccc(NC(C)=O)c3)cnc2NC(C)=O)cc(OC)c1OC,0,IC50 (>),4.0,1,CHEMBL484917
COc1cc(Nc2cncc(Nc3ccc(NC(C)=O)cc3)n2)cc(OC)c1OC,0,IC50,4.8,1,CHEMBL484114
COc1cc(Nc2cncc(Nc3ccc(F)cc3)n2)cc(OC)c1OC,0,IC50,4.72,1,CHEMBL484319
COc1cc(Nc2cncc(Nc3cccc(F)c3)n2)cc(OC)c1OC,0,IC50,4.92,1,CHEMBL520162
COc1cc(Nc2cncc(Nc3cccc(NC(C)=O)c3)n2)cc(OC)c1OC,0,IC50,4.85,1,CHEMBL484116
COc1cc(Nc2cncc(Nc3ccccc3)n2)cc(OC)c1OC,0,IC50,4.8,1,CHEMBL504906
COc1cc(Nc2cncc(Oc3cccc4c3CCC4=O)n2)cc(OC)c1OC,0,IC50,4.75,1,CHEMBL483717
COc1cc(Nc2cncc(Oc3ccc4c(c3)CCCC4=O)n2)cc(OC)c1OC,0,IC50,4.12,1,CHEMBL483916
COc1cc(Nc2cncc(Oc3cccc4c3CCCC4=O)n2)cc(OC)c1OC,0,IC50,4.54,1,CHEMBL519992
COc1cc(Nc2cncc(Oc3ccc4ncccc4c3)n2)cc(OC)c1OC,0,IC50,4.54,1,CHEMBL483914
COc1cc(Nc2cncc(Oc3ccc4c(c3)OC(=O)CC4)n2)cc(OC)c1OC,0,IC50,4.36,1,CHEMBL482893
COc1cc(Nc2cncc(Oc3cccc4c3CCCC4)n2)cc(OC)c1OC,0,IC50,4.75,1,CHEMBL484301
COc1cc(Nc2cncc(Oc3cccnc3)n2)cc(OC)c1OC,0,IC50,4.35,1,CHEMBL482680
COc1cc(Nc2cncc(Oc3ccncc3)n2)cc(OC)c1OC,0,IC50,4.8,1,CHEMBL501946
COc1cc(Nc2cncc(Oc3ccccc3)n2)cc(OC)c1OC,0,IC50,4.51,1,CHEMBL482482
COc1cc(Nc2cncc(Oc3ccc4ccccc4c3)n2)cc(OC)c1OC,0,IC50 (>),4.0,1,CHEMBL520330
COc1cc(Nc2cncc(Oc3ccc4c(c3)CCC/C4=N\O)n2)cc(OC)c1OC,0,IC50,4.04,1,CHEMBL483297
COc1cc(Nc2cncc(Oc3ccc4c(c3)/C(=N/O)CC4)n2)cc(OC)c1OC,0,IC50,4.07,1,CHEMBL520632
COc1cc(Nc2cncc(Oc3ccc(/C(C)=N/O)cc3)n2)cc(OC)c1OC,0,IC50,4.58,1,CHEMBL519648
COc1cc(Nc2cncc(Oc3cccc(/C(C)=N/O)c3)n2)cc(OC)c1OC,0,IC50,4.96,1,CHEMBL482932
COc1cc(Nc2cncc(Oc3ccc(C(C)=O)cc3)n2)cc(OC)c1OC,0,IC50,4.47,1,CHEMBL520625
COc1cc(Nc2cncc(Oc3cccc(C(C)=O)c3)n2)cc(OC)c1OC,0,IC50,4.72,1,CHEMBL482931
COc1cc(Nc2cncc(Oc3cccc(NC(C)=O)c3)n2)cc(OC)c1OC,0,IC50,4.89,1,CHEMBL482927
COc1cc(Nc2cncc(Oc3cccc(Cl)c3)n2)cc(OC)c1OC,0,IC50,4.44,1,CHEMBL482929
COc1cc(Nc2cncc(Oc3cccc(F)c3)n2)cc(OC)c1OC,0,IC50,4.25,1,CHEMBL520623
COc1cc(Nc2cncc(Oc3ccccc3F)n2)cc(OC)c1OC,0,IC50,4.35,1,CHEMBL482926
COc1cc(Nc2cncc(Oc3ccc4c(c3)C(=O)CC4)n2)cc(OC)c1OC,0,IC50,4.66,1,CHEMBL483718
COc1cc(Nc2cncc(Oc3ccc4c(c3)CCC4=O)n2)cc(OC)c1OC,0,IC50,4.16,1,CHEMBL521305
COc1cc(Nc2cncc(Oc3cccc4c(NC(C)=O)cccc34)n2)cc(OC)c1OC,1,IC50,6.39,1,CHEMBL524507
CC(=O)Nc1ccc(Oc2cncc(Nc3cccc(-c4cnco4)c3)n2)c2ccccc12,1,IC50,6.51,1,CHEMBL443770
CC(=O)Nc1cccc2c(Oc3cncc(Nc4cccc(-c5cnco5)c4)n3)cccc12,1,IC50,6.19,1,CHEMBL501718
COc1cc(Nc2cncc(Oc3ccc(NC(C)=O)c4ccccc34)n2)cc(OC)c1OC,1,IC50,6.25,1,CHEMBL483298
CN1CCN(Cc2c3c(c(CN4CCN(C)CC4)c4c2CCC4)CCC3)CC1,0,IC50 (>),4.0,1,CHEMBL459515
CC1Nc2nc(NC(=O)c3ccc[n+](C)c3)[nH]c(=O)c2N(C(=O)c2ccc[n+](C)c2)C1C,0,IC50,4.53,1,CHEMBL516963
C/C(=N/Nc1nc2c(c(=O)[nH]c(=O)n2C)n1Cc1ccccc1)c1ccccc1,0,IC50,4.95,1,CHEMBL459514
Cn1c(=O)[nH]c(=O)c2c1nc(N/N=C\c1ccc([N+](=O)[O-])cc1)n2Cc1ccccc1,0,IC50,4.24,1,CHEMBL518163
Cn1c(=O)[nH]c(=O)c2c1nc(N/N=C\c1cccc([N+](=O)[O-])c1)n2Cc1ccccc1,0,IC50 (>),4.3,1,CHEMBL459936
C/C(Cl)=C/Cn1c(N/N=C(/C)c2ccc([N+](=O)[O-])cc2)nc2c1c(=O)[nH]c(=O)n2C,0,IC50,4.76,1,CHEMBL459935
C=CCn1c(N/N=C\c2cccc([N+](=O)[O-])c2)nc2c1c(=O)[nH]c(=O)n2C,0,IC50,4.43,1,CHEMBL516644
Cc1cc(C)n(-c2nc3c(c(=O)n(C)c(=O)n3C)n2Cc2ccccc2)n1,0,IC50,4.24,1,CHEMBL518187
Cn1c(=O)[nH]c(=O)c2c1nc(SCC(N)=O)n2Cc1cccc(Br)c1,0,IC50,4.96,1,CHEMBL517286
C/C(Cl)=C\CSc1nc2c(c(=O)n(Cc3ccccc3)c(=O)n2C)n1Cc1ccccc1,0,IC50,4.96,1,CHEMBL460136
CSc1nc2c(c(=O)[nH]c(=O)n2C)n1Cc1ccccc1,0,IC50,4.52,1,CHEMBL459931
COc1cccc(N2C(=O)CC(N3CCN(Cc4ccccc4)CC3)C2=O)c1,0,IC50 (>),4.0,1,CHEMBL462046
CN1CCN(CC(=O)N2N=C(c3cccs3)CC2c2ccco2)CC1,0,IC50 (>),4.0,1,CHEMBL459715
COc1ccccc1N1C(=O)CC(N2CCC(C(N)=O)CC2)C1=O,0,IC50 (>),4.0,1,CHEMBL459714
CCN(CC)Cc1c(C(=O)N/N=C/c2ccco2)nnn1-c1nonc1N,0,IC50 (>),4.0,1,CHEMBL459500
COc1ccc(CN2CCCN(Cc3ccc(OC)cc3)C2c2cccc(C)n2)cc1,0,IC50 (>),4.0,1,CHEMBL460344
CC(=O)c1c(C)nn2c3ccccc3n(CCN3CCOCC3)c12,0,IC50 (>),4.0,1,CHEMBL516808
O=C(NC(C(=O)c1ccccc1)N1CCOCC1)c1cccs1,0,IC50 (>),4.0,1,CHEMBL509283
COc1cccc(C2CC(C(F)(F)F)n3ncc(C(=O)Nc4ccc(OC)cc4OC)c3N2)c1,0,IC50 (>),4.0,1,CHEMBL461621
COc1ccc(OC)c(C(O)c2coc3ccc(O)c(CN4CCOCC4)c23)c1,0,IC50 (>),4.0,1,CHEMBL516494
Cc1cccc(C)c1NC(=O)CSc1nnc(CN2CCOCC2)n1C,0,IC50 (>),4.0,1,CHEMBL462280
COc1cc(C2C(C#N)=C(N)OC3=C2C(=O)CCC3)ccc1Cn1nc(C)c([N+](=O)[O-])c1C,0,IC50 (>),4.0,1,CHEMBL462279
Cc1ccc(C2CC(c3ccccc3)=NN2C(=O)CN2CCOCC2)o1,0,IC50 (>),4.0,1,CHEMBL462071
CCN1CCN(Cc2nc3cc(Cl)ccc3n2Cc2ccccc2)CC1,0,IC50 (>),4.0,1,CHEMBL516655
COc1cc(/C=N/NC(=O)CN2CCN(c3ccc(F)cc3)CC2)ccc1O,0,IC50 (>),4.0,1,CHEMBL459736
Cc1cc(C2C(C(=O)c3ccc4c(c3)OCCO4)=C(O)C(=O)N2CCCn2ccnc2)co1,0,IC50 (>),4.0,1,CHEMBL516807
O=C(Cn1c2ccccc2n2ncnc12)c1cccs1,0,IC50 (>),4.0,1,CHEMBL502945
CNC(=O)c1cc(Oc2ccc3c(c2)nc(Nc2ccc(C(C)(C)C)cc2)n3C)ccn1,1,IC50,6.85,1,CHEMBL511836
CNC(=O)c1cc(Oc2ccc3c(c2)nc(Nc2cccc(C(C)(C)C)c2)n3C)ccn1,1,IC50,7.35,4,CHEMBL470808
CNC(=O)c1cc(Oc2ccc3c(c2)nc(Nc2ccc(C(F)(F)F)cc2)n3C)ccn1,1,IC50,7.06,1,CHEMBL470591
CNC(=O)c1cc(Oc2ccc3c(c2)nc(Nc2cccc(C(F)(F)F)c2)n3C)ccn1,1,IC50,8.1,1,CHEMBL513562
CNC(=O)c1cc(Oc2ccc3c(c2)nc(Nc2ccc(Br)cc2)n3C)ccn1,1,IC50,8.7,1,CHEMBL513600
CNC(=O)c1cc(Oc2ccc3c(c2)nc(Nc2cccc(Br)c2)n3C)ccn1,1,IC50,7.6,1,CHEMBL471625
CNC(=O)c1cc(Oc2ccc3c(c2)nc(Nc2ccccc2Br)n3C)ccn1,1,IC50,7.41,1,CHEMBL471415
CNC(=O)c1cc(Oc2ccc3c(c2)nc(Nc2ccc(Cl)c(C(F)(F)F)c2)n3C)ccn1,1,IC50,7.55,1,CHEMBL470364
CNC(=O)c1cc(Oc2ccc3c(c2)nc(Nc2ccccc2)n3C)ccn1,1,IC50,6.89,1,CHEMBL471408
CNC(=O)c1cc(Oc2ccc3[nH]c(Nc4ccc(C(C)(C)C)cc4)nc3c2)ccn1,1,IC50,7.2,1,CHEMBL471407
CNC(=O)c1cc(Oc2ccc3[nH]c(Nc4cccc(C(C)(C)C)c4)nc3c2)ccn1,1,IC50,7.58,1,CHEMBL511997
CNC(=O)c1cc(Oc2ccc3[nH]c(Nc4ccc(C(F)(F)F)cc4)nc3c2)ccn1,1,IC50,7.96,1,CHEMBL472450
CNC(=O)c1cc(Oc2ccc3[nH]c(Nc4cccc(C(F)(F)F)c4)nc3c2)ccn1,1,IC50,6.52,1,CHEMBL511669
CNC(=O)c1cc(Oc2ccc3[nH]c(Nc4ccc(Br)cc4)nc3c2)ccn1,1,IC50,7.41,1,CHEMBL472448
CNC(=O)c1cc(Oc2ccc3nc(Nc4ccc(Br)cc4)n(C)c3c2)ccn1,1,IC50,6.3,1,CHEMBL520236
CNC(=O)c1cc(Oc2ccc3nc(Nc4ccc(Cl)c(C(F)(F)F)c4)[nH]c3c2)ccn1,1,IC50,6.55,1,CHEMBL394826
CNC(=O)c1cc(Oc2ccc(Nc3nc4cc(Cl)ccc4[nH]3)cc2)ccn1,0,IC50 (>),4.6,1,CHEMBL486164
CNC(=O)c1cc(Oc2ccc3c(c2)nc(NCC2CCCCC2)n3C)ccn1,1,IC50,6.85,1,CHEMBL472652
CNC(=O)c1cc(Oc2ccc3c(c2)nc(Nc2cccc(-c4ccncc4)c2)n3C)ccn1,1,IC50,7.85,1,CHEMBL514135
CCn1c(Nc2ccc(Br)cc2)nc2cc(Oc3ccnc(C(=O)NC)c3)ccc21,1,IC50,7.17,1,CHEMBL470149
CCNC(=O)c1cc(Oc2ccc3c(c2)nc(Nc2ccc(Br)cc2)n3C)ccn1,1,IC50,7.89,1,CHEMBL470359
Cn1c(Nc2ccc(Br)cc2)nc2cc(Oc3ccnc(C(=O)NCCC4CNCCO4)c3)ccc21,1,IC50,7.51,1,CHEMBL511119
Cn1c(Nc2ccc(Br)cc2)nc2cc(Oc3ccnc(C(=O)NCCO)c3)ccc21,1,IC50,7.96,1,CHEMBL486137
CCCC1CCCCN1C(=O)c1cc(Oc2ccc3c(c2)nc(Nc2ccc(Br)cc2)n3C)ccn1,1,IC50,8.15,1,CHEMBL486341
O=C1NC(=O)c2ccc(I)cc2/C1=C/NCc1ccc(-c2ccoc2)c(O)c1,0,IC50 (>),5.0,1,CHEMBL504547
CCn1c(=O)n(CC)c2c(Oc3ccc(NC(=O)Nc4ccc(Cl)c(C(F)(F)F)c4)cc3)ccnc21,1,IC50,6.52,1,CHEMBL521951
Cn1c(=O)n(C)c2c(Oc3ccc(NC(=O)Nc4ccc(Cl)c(C(F)(F)F)c4)cc3)ccnc21,1,IC50,7.21,1,CHEMBL491054
Cn1c(=O)[nH]c2c(Oc3ccc(NC(=O)Nc4cc(C(F)(F)F)ccc4F)cc3)ccnc21,1,IC50,7.34,1,CHEMBL523278
Cn1c(=O)[nH]c2c(Oc3ccc(NC(=O)Nc4cccc(C(C)(C)C)c4)cc3)ccnc21,1,IC50,7.22,1,CHEMBL489823
Cn1c(=O)[nH]c2c(Oc3ccc(NC(=O)Nc4ccc(Cl)c(C(F)(F)F)c4)cc3)ccnc21,1,IC50,7.35,1,CHEMBL523129
Cn1c(=O)[nH]c2nccc(Oc3ccc(NC(=O)Nc4cccc(C(C)(C)C)c4)cc3)c21,1,IC50,6.79,1,CHEMBL490841
Cn1c(=O)[nH]c2nccc(Oc3ccc(NC(=O)Nc4ccc(Cl)c(C(F)(F)F)c4)cc3)c21,1,IC50,7.66,1,CHEMBL485302
O=C(Nc1ccc(Oc2ccnc3[nH]c(=O)[nH]c23)cc1)Nc1cc(C(F)(F)F)ccc1N1CCOCC1,1,IC50,6.07,1,CHEMBL521337
O=C(Nc1ccc(Oc2ccnc3[nH]c(=O)[nH]c23)cc1)Nc1cc(F)cc(N2CCOCC2)c1,1,IC50,6.22,1,CHEMBL483048
O=C(Nc1ccc(Oc2ccnc3[nH]c(=O)[nH]c23)cc1)Nc1cc(C(F)(F)F)ccc1F,1,IC50,7.28,1,CHEMBL490653
COc1cc(Cl)c(C(F)(F)F)cc1NC(=O)Nc1ccc(Oc2ccnc3[nH]c(=O)[nH]c23)cc1,1,IC50,7.57,1,CHEMBL490459
COc1ccc(C(F)(F)F)cc1NC(=O)Nc1ccc(Oc2ccnc3[nH]c(=O)[nH]c23)cc1,1,IC50,7.92,1,CHEMBL490455
O=C(Nc1ccc(Oc2ccnc3[nH]c(=O)[nH]c23)cc1)Nc1cccc(OC(F)(F)F)c1,1,IC50,7.68,1,CHEMBL490454
O=C(Nc1ccc(Oc2ccnc3[nH]c(=O)[nH]c23)cc1)Nc1ccc(C(F)(F)F)cc1,0,IC50 (>),4.0,1,CHEMBL476067
O=C(Nc1ccc(Oc2ccnc3[nH]c(=O)[nH]c23)cc1)Nc1ccccc1C(F)(F)F,0,IC50 (>),4.0,1,CHEMBL476066
O=C(Nc1ccc(Oc2ccnc3[nH]c(=O)[nH]c23)cc1)Nc1cccc(C(F)(F)F)c1,1,IC50,7.85,1,CHEMBL476467
O=C(Nc1ccc(Oc2ccnc3[nH]c(=O)[nH]c23)cc1)Nc1cc(Cl)cc(C(F)(F)F)c1,1,IC50,7.0,1,CHEMBL515938
O=C(Nc1ccc(Cl)cc1)Nc1ccc(Oc2ccnc3[nH]c(=O)[nH]c23)cc1,0,IC50 (>),4.0,1,CHEMBL477062
O=C(Nc1ccccc1)Nc1ccc(Oc2ccnc3[nH]c(=O)[nH]c23)cc1,0,IC50 (>),4.0,1,CHEMBL476859
O=C(Nc1ccc(Oc2ccnc3[nH]c(=O)[nH]c23)cc1)Nc1ccc(Cl)c(C(F)(F)F)c1,1,IC50,7.64,2,CHEMBL514688
O=c1[nH]c2nccc(Oc3ccc(NS(=O)(=O)c4ccccc4F)cc3)c2[nH]1,0,IC50,4.49,1,CHEMBL520818
O=c1[nH]c2nccc(Oc3ccc(NS(=O)(=O)c4cccs4)cc3)c2[nH]1,0,IC50,4.91,1,CHEMBL485301
O=c1[nH]c2nccc(Oc3ccc(NS(=O)(=O)c4ccc(F)cc4)cc3)c2[nH]1,0,IC50 (>),4.0,1,CHEMBL485300
O=c1[nH]c2nccc(Oc3ccc(NS(=O)(=O)c4ccc(C(F)(F)F)cc4)cc3)c2[nH]1,0,IC50 (>),4.0,1,CHEMBL485299
O=c1[nH]c2nccc(Oc3ccc(NS(=O)(=O)c4ccc(Cl)cc4)cc3)c2[nH]1,0,IC50 (>),4.0,1,CHEMBL489649
O=c1[nH]c2nccc(Oc3ccc(NS(=O)(=O)c4ccccc4)cc3)c2[nH]1,1,IC50,6.07,1,CHEMBL522263
O=c1[nH]c2nccc(Oc3ccc(NS(=O)(=O)c4ccc(Cl)c(C(F)(F)F)c4)cc3)c2[nH]1,0,IC50 (>),4.0,1,CHEMBL489648
O=C(Cc1cc(F)cc(F)c1)Nc1ccc(Oc2ccnc3[nH]c(=O)[nH]c23)cc1,0,IC50 (>),4.0,1,CHEMBL522582
O=C(Cc1ccccc1)Nc1ccc(Oc2ccnc3[nH]c(=O)[nH]c23)cc1,0,IC50,4.78,1,CHEMBL489038
O=C(Nc1ccc(Oc2ccnc3[nH]c(=O)[nH]c23)cc1)c1cc(F)cc(N2CCOCC2)c1,0,IC50 (>),4.0,1,CHEMBL489842
O=C(Nc1ccc(Oc2ccnc3[nH]c(=O)[nH]c23)cc1)c1cccc(OC(F)(F)F)c1,0,IC50 (>),4.0,1,CHEMBL489841
O=C(Nc1ccc(Oc2ccnc3[nH]c(=O)[nH]c23)cc1)c1cccc(Br)c1,0,IC50,4.85,1,CHEMBL489840
O=C(Nc1ccc(Oc2ccnc3[nH]c(=O)[nH]c23)cc1)c1cccc(C(F)(F)F)c1,0,IC50,4.76,1,CHEMBL524096
O=C(Nc1ccc(Oc2ccnc3[nH]c(=O)[nH]c23)cc1)c1ccc(Cl)c(C(F)(F)F)c1,0,IC50,4.8,1,CHEMBL489230
O=C(Nc1ccc(Oc2ccnc3[nH]c(=O)[nH]c23)cc1)c1ccccc1,0,IC50 (>),4.0,1,CHEMBL489229
O=c1[nH]c2nccc(Oc3ccc(NC(=S)Nc4ccc(Cl)c(C(F)(F)F)c4)cc3)c2[nH]1,1,IC50,7.07,1,CHEMBL489228
O=C(Nc1ccc(Sc2ccnc3[nH]c(=O)[nH]c23)cc1)Nc1cc(C(F)(F)F)ccc1F,1,IC50,7.54,1,CHEMBL491055
O=C(Nc1ccc(Sc2ccnc3[nH]c(=O)[nH]c23)cc1)Nc1cccc(C(F)(F)F)c1,1,IC50,7.55,1,CHEMBL449813
O=C(Nc1ccc(Sc2ccnc3[nH]c(=O)[nH]c23)cc1)Nc1ccc(Cl)c(C(F)(F)F)c1,1,IC50,7.4,1,CHEMBL489009
COc1cc(C2=C(c3c[nH]c4ccccc34)C(=O)NC2=O)cc(OC)c1OC,0,IC50,4.4,1,CHEMBL201511
COc1cc(C2=C(c3cn(C)c4ccccc34)C(=O)NC2)cc(OC)c1OC,0,IC50,4.3,1,CHEMBL509435
COc1cc(C2=C(c3cn(COC(C)(C)C)c4ccccc34)CNC2=O)cc(OC)c1OC,0,IC50,4.42,1,CHEMBL488646
COc1cc(N2CCC(N3CCN(S(C)(=O)=O)CC3)CC2)ccc1Nc1nccc(-c2c(-c3cccc(C(=O)Nc4c(F)cccc4F)c3)nc3ccccn23)n1,1,IC50,7.1,1,CHEMBL507714
CCc1cc(Nc2nccc(-c3c(-c4cccc(C(=O)Nc5c(F)cccc5F)c4)nc4ccccn34)n2)c(OC)cc1N1CCC(N2CCN(S(C)(=O)=O)CC2)CC1,1,IC50,6.5,1,CHEMBL448929
Cc1ccc(NC(=O)c2cccc(C(F)(F)F)c2)cc1NC(=O)c1ccc2nccnc2c1,1,IC50,9.0,1,CHEMBL475431
Cc1ccc(NC(=O)c2cccc(C(F)(F)F)c2)cc1NC(=O)c1ccc2ncccc2c1,1,IC50,8.7,1,CHEMBL481563
Cc1ccc(NC(=O)c2cccc(C(F)(F)F)c2)cc1NC(=O)c1cnc2ccccc2c1,1,IC50,8.3,1,CHEMBL480918
Cc1ccc(NC(=O)c2cccc(C(F)(F)F)c2)cc1C(=O)Nc1cccnc1,1,IC50,8.15,2,CHEMBL454104
Cc1ccc(NC(=O)c2cccc(C(C)(C)C#N)c2)cc1C(=O)Nc1cccnc1,1,IC50,8.15,1,CHEMBL480389
Cc1ccc(NC(=O)c2ccc(Cl)c(C(F)(F)F)c2)cc1C(=O)Nc1cccnc1,1,IC50,8.05,1,CHEMBL475865
Cc1ccc(NC(=O)c2cccc(S(C)(=O)=O)c2)cc1C(=O)Nc1cccnc1,1,IC50,7.96,1,CHEMBL480551
Cc1ccc(NC(=O)c2cccc(Cl)c2)cc1C(=O)Nc1cccnc1,1,IC50,7.92,1,CHEMBL480201
Cc1ccc(NC(=O)c2cccc(C(F)(F)F)c2)cc1C(=O)Nc1cnc(N)c(Cl)c1,1,IC50,7.92,1,CHEMBL514670
Cc1ccc(NC(=O)c2cccc(C(C)(C)C#N)c2)cc1C(=O)Nc1ccc(N)nc1,1,IC50,7.85,1,CHEMBL515453
COc1cncc(NC(=O)c2cc(NC(=O)c3cccc(C(C)(C)C#N)c3)ccc2C)c1,1,IC50,7.85,1,CHEMBL473622
Cc1ccc(NC(=O)c2cccc(C(C)C)c2)cc1C(=O)Nc1cccnc1,1,IC50,7.82,1,CHEMBL471794
Cc1ccc(NC(=O)c2cccc(OC(C)C)c2)cc1C(=O)Nc1cccnc1,1,IC50,7.82,1,CHEMBL481681
Cc1cccc(C(=O)Nc2ccc(C)c(C(=O)Nc3cccnc3)c2)c1,1,IC50,7.8,1,CHEMBL471793
Cc1ccc(NC(=O)c2cccc(N(C)C)c2)cc1C(=O)Nc1cccnc1,1,IC50,7.8,1,CHEMBL480200
CC(=O)Nc1ccc(NC(=O)c2cc(NC(=O)c3cccc(C(C)(C)C#N)c3)ccc2C)cn1,1,IC50,7.8,1,CHEMBL482576
Cc1cncc(NC(=O)c2cc(NC(=O)c3cccc(C(C)(C)C#N)c3)ccc2C)c1,1,IC50,7.8,1,CHEMBL519143
Cc1ccc(NC(=O)c2cccc(C(C)(C)C#N)c2)cc1C(=O)Nc1cnc(N)c(Cl)c1,1,IC50,7.8,1,CHEMBL475799
CNC(=O)c1cncc(NC(=O)c2cc(NC(=O)c3cccc(C(C)(C)C#N)c3)ccc2C)c1,1,IC50,7.77,1,CHEMBL475795
Nc1ncc(NC(=O)c2cc(NC(=O)c3cccc(C(F)(F)F)c3)ccc2Cl)cc1Cl,1,IC50,7.57,1,CHEMBL475817
Cc1ccc(NC(=O)c2cccc(OCC(C)C)c2)cc1C(=O)Nc1cccnc1,1,IC50,7.55,1,CHEMBL520252
Cc1ccc(NC(=O)c2cccc(S(N)(=O)=O)c2)cc1C(=O)Nc1cccnc1,1,IC50,7.52,1,CHEMBL475866
Cc1ccc(NC(=O)c2cccc(C(C)(C)C#N)c2)cc1C(=O)Nc1cncc(Cl)c1,1,IC50,7.46,1,CHEMBL475794
CNc1ccc(NC(=O)c2cc(NC(=O)c3cccc(C(C)(C)C#N)c3)ccc2C)cn1,1,IC50,7.42,1,CHEMBL475045
Cc1ccc(NC(=O)c2cc(NC(=O)c3cccc(C(C)(C)C#N)c3)ccc2C)cn1,1,IC50,7.32,1,CHEMBL503699
Cc1ccc(NC(=O)c2cccc(C(C)(C)C#N)c2)cc1C(=O)Nc1ccc(C(C#N)N(C)C)nc1,1,IC50,7.32,1,CHEMBL492397
Cc1ccc(NC(=O)c2cccc(C(F)(F)F)c2)cc1NC(=O)c1cccnc1,1,IC50,7.31,1,CHEMBL507803
C#CC(C)(C)c1cc(N=C(C)C)cc(C(=O)Nc2ccc(C)c(C(=O)Nc3cccnc3)c2)c1,1,IC50,7.12,1,CHEMBL475818
Cc1ccc(NC(=O)c2cccc(C(C)(C)C#N)c2)cc1C(=O)Nc1ccc(N2CCOCC2)nc1,1,IC50,7.1,1,CHEMBL514026
COc1ccc(C(=O)Nc2ccc(C)c(C(=O)Nc3cccnc3)c2)cc1,1,IC50,6.94,1,CHEMBL475864
COc1ccc(NC(=O)c2cc(NC(=O)c3cccc(C(C)(C)C#N)c3)ccc2C)cn1,1,IC50,6.94,1,CHEMBL475044
Cc1ccc(NC(=O)c2cccc(C(C)(C)C#N)c2)cc1C(=O)Nc1ccc(C#N)nc1,1,IC50,6.69,1,CHEMBL482577
Cc1ccc(NC(=O)c2cccc(C#N)c2)cc1C(=O)Nc1cccnc1,1,IC50,6.62,1,CHEMBL480390
Cc1ccc(NC(=O)c2cccc(F)c2)cc1C(=O)Nc1cccnc1,1,IC50,6.49,1,CHEMBL511661
Cc1ccc(NC(=O)c2cccc(C(F)(F)F)c2)cc1NC(=O)c1ccccn1,1,IC50,6.24,1,CHEMBL482304
Cc1ccc(NC(=O)c2cccc(C(F)(F)F)c2)cc1NC(=O)c1cncnc1,1,IC50,6.2,1,CHEMBL498905
Cc1ccc(NC(=O)c2cccc(C(F)(F)F)c2)cc1NC(=O)c1cnc2ccccc2n1,0,IC50,4.98,1,CHEMBL520111
Cc1ccc(NC(=O)c2cccc(C(F)(F)F)c2)cc1NC(=O)c1ccncc1,0,IC50,4.68,1,CHEMBL475433
NS(=O)(=O)c1ccc(-c2cc3ccncc3cc2OC2CCNCC2)cc1,0,IC50 (>),5.0,1,CHEMBL519693
NCc1ccc(-c2cc3ccncc3cc2OC2CCNCC2)cc1,0,IC50 (>),5.0,1,CHEMBL484967
c1ccc(-c2cc3ccncc3cc2OC2CCNCC2)cc1,0,IC50 (>),5.0,1,CHEMBL484968
Cc1cccc(C(=O)Nc2cccc([C@H](C)Nc3cncc(Cl)n3)c2)c1,0,Kd (>),5.0,1,CHEMBL504075
COc1ccc(-n2cnc3ccc(-c4nnc(SCc5cccc(C#N)c5)o4)cc32)cc1,0,IC50 (>),5.0,1,CHEMBL516640
O=C(Cc1cccc(OC(F)(F)F)c1)Nc1ccc(Oc2ccnc3[nH]c(=O)[nH]c23)c2ccccc12,0,IC50 (>),5.0,2,CHEMBL496409
O=C(Cc1cccc(C(F)(F)F)c1)Nc1ccc(Oc2ccnc3[nH]c(=O)[nH]c23)c2ccccc12,0,IC50 (>),5.0,2,CHEMBL521557
O=C(Nc1ccc(Cl)c(C(F)(F)F)c1)Nc1ccc(Oc2ccnc3[nH]c(=O)[nH]c23)cc1-c1ccccc1,0,IC50 (>),4.0,1,CHEMBL524812
CSc1cc(Oc2ccnc3[nH]c(=O)[nH]c23)ccc1NC(=O)Nc1ccc(Cl)c(C(F)(F)F)c1,1,IC50,9.0,2,CHEMBL496201
CSc1cc(Oc2ccnc3[nH]c(=O)[nH]c23)ccc1NC(=O)Nc1cccc(C(F)(F)F)c1,1,IC50,9.0,1,CHEMBL496009
O=C(Nc1cccc(C(F)(F)F)c1)Nc1ccc(Oc2ccnc3[nH]c(=O)[nH]c23)c2ccccc12,1,IC50,8.22,1,CHEMBL523753
O=C(Nc1cc(F)cc(C(F)(F)F)c1)Nc1ccc(Oc2ccnc3[nH]c(=O)[nH]c23)cc1F,1,IC50,8.15,1,CHEMBL496612
O=C(Nc1cccc(SC(F)(F)F)c1)Nc1ccc(Oc2ccnc3[nH]c(=O)[nH]c23)cc1F,1,IC50,8.15,1,CHEMBL522072
O=C(Nc1ccc(Cl)c(C(F)(F)F)c1)Nc1ccc(Oc2ccnc3[nH]c(=O)[nH]c23)cc1F,1,IC50,8.1,1,CHEMBL496020
Cn1c(=O)[nH]c2nccc(Oc3ccc(NC(=O)Nc4cccc(C(F)(F)F)c4)c4ccccc34)c21,1,IC50,8.0,2,CHEMBL487717
CSc1cc(Oc2ccnc3[nH]c(=O)[nH]c23)ccc1NC(=O)Nc1cc(C(F)(F)F)ccc1F,1,IC50,7.92,1,CHEMBL496202
O=C(Nc1cccc(C(F)(F)F)c1)Nc1ccc(Oc2ccnc3[nH]c(=O)[nH]c23)cc1F,1,IC50,7.92,1,CHEMBL496414
O=C(Nc1cc(C(F)(F)F)ccc1N1CCOCC1)Nc1ccc(Oc2ccnc3[nH]c(=O)[nH]c23)c2ccccc12,1,IC50,7.85,2,CHEMBL501686
Cn1c(=O)[nH]c2nccc(Oc3ccc(NC(=O)Nc4cc(C(F)(F)F)ccc4F)c4ccccc34)c21,1,IC50,7.77,2,CHEMBL524068
O=C(Nc1ccc(Cl)c(C(F)(F)F)c1)Nc1ccc(Oc2ccnc3[nH]c(=O)[nH]c23)cc1Cl,1,IC50,7.68,1,CHEMBL498025
O=C(Nc1ccc(Cl)c(C(F)(F)F)c1)Nc1ccc(Oc2ccnc3[nH]c(=O)[nH]c23)cc1C(F)(F)F,1,IC50,7.66,1,CHEMBL496185
Cn1c(=O)[nH]c2nccc(Oc3ccc(NC(=O)Nc4ccc(Cl)c(C(F)(F)F)c4)c4ccccc34)c21,1,IC50,7.64,2,CHEMBL498459
Cn1c(=O)[nH]c2nccc(Oc3ccc(NC(=O)Nc4cccc(SC(F)(F)F)c4)c4ccccc34)c21,1,IC50,7.62,1,CHEMBL487718
COc1cc(NC(=O)Nc2ccc(Cl)c(C(F)(F)F)c2)ccc1Oc1ccnc2[nH]c(=O)[nH]c12,1,IC50,7.6,1,CHEMBL496019
O=C(Nc1ccc(Cl)c(C(F)(F)F)c1)Nc1ccc(Oc2ccnc3[nH]c(=O)[nH]c23)c2ccccc12,1,IC50,7.52,2,CHEMBL521725
Cc1cc(Oc2ccnc3[nH]c(=O)[nH]c23)ccc1NC(=O)Nc1ccc(Cl)c(C(F)(F)F)c1,1,IC50,7.43,1,CHEMBL524801
O=C(Nc1cc(C(F)(F)F)ccc1F)Nc1ccc(Oc2ccnc3[nH]c(=O)[nH]c23)c2ccccc12,1,IC50,7.43,2,CHEMBL498112
O=C(Nc1cccc(F)c1)Nc1ccc(Oc2ccnc3[nH]c(=O)[nH]c23)c2ccccc12,1,IC50,7.43,2,CHEMBL526838
Cn1c(=O)[nH]c2nccc(Oc3ccc(NC(=O)Nc4cccc(C(C)(C)C)c4)c4ccccc34)c21,1,IC50,7.43,1,CHEMBL496081
Cc1c(NC(=O)Nc2ccc(Cl)c(C(F)(F)F)c2)ccc(Oc2ccnc3[nH]c(=O)[nH]c23)c1C,1,IC50,7.25,1,CHEMBL523905
Cn1c(=O)[nH]c2c(Oc3ccc(NC(=O)Nc4ccc(Cl)c(C(F)(F)F)c4)c4ccccc34)ccnc21,1,IC50,6.81,1,CHEMBL487719
Cn1c(=O)[nH]c2c(Oc3ccc(NC(=O)Nc4cc(C(F)(F)F)ccc4F)c4ccccc34)ccnc21,1,IC50,6.78,1,CHEMBL489856
Cn1c(=O)[nH]c2nccc(Oc3ccc(NC(=O)Nc4ccc(Cl)c(C(F)(F)F)c4)c(F)c3)c21,1,IC50,6.2,1,CHEMBL498458
Cn1c(=O)[nH]c2nccc(Oc3ccc(NC(=O)c4cccc(SC(F)(F)F)c4)c4ccccc34)c21,0,IC50,4.74,1,CHEMBL497017
CN(C)c1cc(Oc2ccnc3[nH]c(=O)[nH]c23)ccc1NC(=O)Nc1ccc(Cl)c(C(F)(F)F)c1,0,IC50,4.68,1,CHEMBL496184
Cn1c(=O)[nH]c2nccc(Oc3ccc(NC(=O)c4cccc(OC(F)(F)F)c4)c4ccccc34)c21,0,IC50,4.51,1,CHEMBL496410
CCN(CC)CCNC(=O)c1cnn2c(-c3cccc(NC(=O)Nc4ccc(Cl)c(C(F)(F)F)c4)c3)ccnc12,1,IC50,6.77,1,CHEMBL562168
CNC(=O)c1cnn2c(-c3cccc(NC(=O)c4cccc(C(F)(F)F)c4)c3)ccnc12,0,IC50 (>),5.0,1,CHEMBL551371
NC(=O)c1cnn2c(-c3cccc(NC(=O)c4cccc(C(F)(F)F)c4)c3)ccnc12,0,IC50 (>),5.0,1,CHEMBL564268
COC(=O)c1cnn2c(-c3cccc(NC(=O)c4cccc(C(F)(F)F)c4)c3)ccnc12,1,IC50,6.39,1,CHEMBL549476
O=C(Nc1cccc(-c2ccnc3c(C(=O)O)cnn23)c1)c1cccc(C(F)(F)F)c1,0,IC50 (>),5.0,1,CHEMBL561567
N#Cc1cnn2c(-c3cccc(NC(=O)c4cccc(C(F)(F)F)c4)c3)ccnc12,0,IC50 (>),5.0,1,CHEMBL561445
O=C(Nc1cccc(-c2ccnc3ccnn23)c1)c1cccc(C(F)(F)F)c1,0,IC50 (>),5.0,1,CHEMBL560903
CCOC(=O)c1cnn2c(-c3cccc(NC(=O)Nc4cc(C(F)(F)F)ccc4Cl)c3)ccnc12,0,IC50 (>),5.0,1,CHEMBL560707
CCOC(=O)c1cnn2c(-c3cccc(NC(=O)Nc4ccc(F)c(C(F)(F)F)c4)c3)ccnc12,1,IC50,6.62,1,CHEMBL561243
CCOC(=O)c1cnn2c(-c3cccc(NC(=O)Nc4ccc(Cl)c(C(F)(F)F)c4)c3)ccnc12,1,IC50,6.44,1,CHEMBL564895
CCOC(=O)c1cnn2c(-c3cccc(NC(=O)Nc4ccc(C)c(C(F)(F)F)c4)c3)ccnc12,1,IC50,6.44,1,CHEMBL551905
CCOC(=O)c1cnn2c(-c3cccc(NC(=O)Nc4cccc(Cl)c4)c3)ccnc12,0,IC50 (>),5.0,1,CHEMBL561043
CCOC(=O)c1cnn2c(-c3cccc(NC(=O)Nc4ccccc4C(F)(F)F)c3)ccnc12,0,IC50 (>),5.0,1,CHEMBL551176
CCOC(=O)c1cnn2c(-c3cccc(NC(=O)Nc4cccc(C(F)(F)F)c4)c3)ccnc12,1,IC50,6.27,1,CHEMBL560642
CCOC(=O)c1cnn2c(-c3cccc(NC(=O)c4cc(C(F)(F)F)ccc4Cl)c3)ccnc12,0,IC50 (>),5.0,1,CHEMBL551173
CCOC(=O)c1cnn2c(-c3cccc(NC(=O)c4cc(C(F)(F)F)ccc4C)c3)ccnc12,0,IC50 (>),5.0,1,CHEMBL563229
CCOC(=O)c1cnn2c(-c3cccc(NC(=O)c4ccc(C)c(C(F)(F)F)c4)c3)ccnc12,1,IC50,6.3,1,CHEMBL549823
CCOC(=O)c1cnn2c(-c3cccc(NC(=O)c4ccc(C(F)(F)F)cc4)c3)ccnc12,0,IC50 (>),5.0,1,CHEMBL549822
CCOC(=O)c1cnn2c(-c3cccc(NC(=O)c4cccc(C#N)c4)c3)ccnc12,0,IC50 (>),5.0,1,CHEMBL551300
CCOC(=O)c1cnn2c(-c3cccc(NC(=O)c4cccc(Br)c4)c3)ccnc12,0,IC50 (>),5.0,1,CHEMBL554279
CCOC(=O)c1cnn2c(-c3cccc(NC(=O)c4cccc(Cl)c4)c3)ccnc12,0,IC50 (>),5.0,1,CHEMBL559280
CCOC(=O)c1cnn2c(-c3cccc(NC(=O)c4cccc(OC)c4)c3)ccnc12,0,IC50 (>),5.0,1,CHEMBL549411
CCOC(=O)c1cnn2c(-c3cccc(NC(=O)c4cccc(C)c4)c3)ccnc12,0,IC50 (>),5.0,1,CHEMBL562501
CCOC(=O)c1cnn2c(-c3cccc(NC(=O)c4ccccc4)c3)ccnc12,0,IC50 (>),5.0,1,CHEMBL559650
COCCCNC(=O)c1cnn2c(-c3cccc(NC(=O)Nc4ccc(Cl)c(C(F)(F)F)c4)c3)ccnc12,1,IC50,6.57,1,CHEMBL558490
O=C(Nc1cccc(-c2ccnc3c(C(=O)NCCN4CCOCC4)cnn23)c1)Nc1ccc(Cl)c(C(F)(F)F)c1,1,IC50,6.8,1,CHEMBL541201
O=C1Nc2ccc(I)cc2C1=Cc1cc(Br)c(O)c(Br)c1,1,IC50,8.82,18,CHEMBL1880739
Cc1ccc(NC(=O)c2cccc(N(C)C)c2)cc1NC(=O)c1ccc(O)cc1,1,IC50,6.64,1,CHEMBL186526
Cc1ccc(F)c(NC(=O)Nc2ccc(-c3cccc4[nH]nc(N)c34)cc2)c1,0,Kd (>),5.0,5,CHEMBL223360
CC1(C)CNc2cc(NC(=O)c3cccnc3NCc3ccncc3)ccc21,0,Kd,6.55,5,CHEMBL572881
CCN(CCO)CCCOc1ccc2c(Nc3cc(CC(=O)Nc4cccc(F)c4)[nH]n3)ncnc2c1,0,Kd (>),5.0,5,CHEMBL215152
CC(C)(C)c1cnc(CSc2cnc(NC(=O)C3CCNCC3)s2)o1,0,Kd (>),5.0,3,CHEMBL296468
CN1CCN(c2ccc3nc(-c4c(N)c5c(F)cccc5[nH]c4=O)[nH]c3c2)CC1,0,Kd (>),5.0,5,CHEMBL522892
C=CC(=O)Nc1cc2c(Nc3ccc(F)c(Cl)c3)ncnc2cc1OCCCN1CCOCC1,0,Kd (>),5.0,5,CHEMBL31965
C[C@@H]1CCN(C(=O)CC#N)C[C@@H]1N(C)c1ncnc2[nH]ccc12,0,Kd (>),5.0,5,CHEMBL221959
COCC(=O)NC/C=C/c1ccc2ncnc(Nc3ccc(Oc4ccc(C)nc4)c(C)c3)c2c1,0,Kd (>),5.0,3,CHEMBL483321
CCOc1cc2ncc(C#N)c(Nc3ccc(F)c(Cl)c3)c2cc1NC(=O)/C=C/CN(C)C,0,Kd (>),5.0,3,CHEMBL607707
CN1CC[C@H](c2c(O)cc(O)c3c(=O)cc(-c4ccccc4Cl)oc23)[C@H](O)C1,0,Kd (>),5.0,5,CHEMBL428690
COc1cc2ncnc(Nc3ccc(F)c(Cl)c3)c2cc1OCCCN1CCOCC1,0,IC50,4.52,6,CHEMBL939
COc1ccc(COc2ccc(Cc3cnc(N)nc3N)cc2OC)cc1,0,Kd (>),5.0,4,CHEMBL261849
Cc1ccc(Nc2nccc(N(C)c3ccc4c(C)n(C)nc4c3)n2)cc1S(N)(=O)=O,0,Kd,6.37,5,CHEMBL477772
Cc1ccc(NC(=O)c2ccc(CN3CCN(C)CC3)cc2)cc1Nc1nccc(-c2cccnc2)n1,0,IC50 (>),4.0,4,CHEMBL941
Nc1nc(Nc2ccc(S(N)(=O)=O)cc2)nn1C(=O)c1c(F)cccc1F,0,Kd (>),5.0,2,CHEMBL191003
CS(=O)(=O)CCNCc1ccc(-c2ccc3ncnc(Nc4ccc(OCc5cccc(F)c5)c(Cl)c4)c3c2)o1,0,Kd (>),5.0,5,CHEMBL554
CN(C)C[C@@H]1CCn2cc(c3ccccc32)C2=C(C(=O)NC2=O)c2cn(c3ccccc23)CCO1,0,Kd (>),5.0,5,CHEMBL91829
COc1cc2c(N3CCN(C(=O)Nc4ccc(OC(C)C)cc4)CC3)ncnc2cc1OCCCN1CCCCC1,0,Kd (>),5.0,7,CHEMBL124660
O=C(O)c1ccc(Nc2ncc3c(n2)-c2ccc(Cl)cc2C(c2c(F)cccc2F)=NC3)cc1,0,Kd (>),5.0,5,CHEMBL259084
CO[C@@H]1[C@H](N(C)C(=O)c2ccccc2)C[C@H]2O[C@]1(C)n1c3ccccc3c3c4c(c5c6ccccc6n2c5c31)C(=O)NC4,0,Kd (>),5.0,7,CHEMBL608533
Clc1ccc(Nc2nnc(Cc3ccncc3)c3ccccc23)cc1,0,Kd (>),5.0,5,CHEMBL101253
CC[C@H](CO)Nc1nc(NCc2ccccc2)c2ncn(C(C)C)c2n1,0,Kd (>),5.0,3,CHEMBL14762
NC(=O)c1ccc(-c2nc(-c3ccccn3)c(-c3ccc4c(c3)OCO4)[nH]2)cc1,0,Kd (>),5.0,2,CHEMBL440084
Cc1[nH]c(/C=C2\C(=O)Nc3ccc(F)cc32)c(C)c1C(=O)NC[C@H](O)CN1CCOCC1,0,Kd (>),5.0,5,CHEMBL1721885
CCN(CC)CCNC(=O)c1c(C)[nH]c(/C=C2\C(=O)Nc3ccc(F)cc32)c1C,0,Kd (>),5.0,7,CHEMBL535
Cc1cc(Nc2cc(N3CCN(C)CC3)nc(Sc3ccc(NC(=O)C4CC4)cc3)n2)n[nH]1,0,Kd (>),5.0,5,CHEMBL572878
O=c1ncn2nc(Sc3ccc(F)cc3F)ccc2c1-c1c(Cl)cccc1Cl,0,Kd (>),5.0,4,CHEMBL119385
COc1cc2/c(=N/c3ccc(Br)cc3F)nc[nH]c2cc1OCC1CCN(C)CC1,0,Kd (>),5.0,5,CHEMBL24828
Cc1ccc2c(Nc3ccc(Cl)cc3)nccc2c1Nc1ncccc1-c1ncnc2[nH]cnc12,1,IC50,8.8,8,CHEMBL1197798;CHEMBL3215582
CNc1ncc2cc(-c3c(C)ccc4c(Nc5ccc6c(c5)NC(=O)C6(C)C)nccc34)ccc2n1,1,IC50,7.68,2,CHEMBL576985
CNc1ncc2cc(-c3c(C)ccc4c(Nc5cc(C(C)(C)C)nn5C)nccc34)ccc2n1,1,IC50,7.66,2,CHEMBL569882
CNc1ncc2cc(-c3c(C)ccc4c(Nc5ccc(Cl)cc5)nccc34)ccc2n1,1,IC50,8.27,2,CHEMBL576787
CNc1cc(-c2cccnc2Nc2c(C)ccc3c(Nc4ccc5sc(C)nc5c4)nccc23)ncn1,1,IC50,7.54,2,CHEMBL570573
C#Cc1cccc(Nc2nccc3c(Nc4ncccc4-c4cc(NC)ncn4)c(C)ccc23)c1,1,IC50,7.75,2,CHEMBL571278
CNc1cc(-c2cccnc2Nc2c(C)ccc3c(Nc4ccc(C#N)cc4)nccc23)ncn1,1,IC50,7.41,2,CHEMBL570567
CNc1cc(-c2cccnc2Nc2c(C)ccc3c(Nc4ccc(Cl)cc4)nccc23)ncn1,1,IC50,7.46,2,CHEMBL565885
Cc1ccc2c(Nc3ccc(Cl)cc3)nccc2c1Nc1ncccc1-c1ccncn1,1,IC50,8.47,2,CHEMBL565884
Cc1ccc2c(Nc3cccc(C(F)(F)F)c3)nccc2c1Nc1ncccc1-c1ccncn1,1,IC50,7.77,2,CHEMBL571703
CNc1ncc2cc(-c3cc(C(=O)Nc4cccc(C(F)(F)F)c4)ccc3C)ccc2n1,1,IC50,8.77,2,CHEMBL212964
Cc1ccc(C(=O)Nc2cccc(C(F)(F)F)c2)cc1Nc1ncccc1-c1ccncn1,1,IC50,9.34,2,CHEMBL385956
CCOC(=O)N1C2CCC1CC(c1ccnc3c(-c4cccc(OC)c4)c(-c4ccncc4)nn13)C2,1,IC50,7.06,1,CHEMBL571557
CCOC(=O)N1C2CCC1CC(c1ccnc3c(-c4ccc(Cl)c(OC)c4)c(-c4ccncc4)nn13)C2,1,IC50,7.27,1,CHEMBL584739
CCOC(=O)N1C2CCC1CC(c1ccnc3c(-c4cccc(O)c4)c(-c4ccncc4)nn13)C2,1,IC50,9.0,1,CHEMBL571129
COc1cccc(-c2c(-c3ccncc3)nn3c(C4CC5CCC(C4)N5)ccnc23)c1,1,IC50,7.15,1,CHEMBL569735
COc1cc(-c2c(-c3ccncc3)nn3c(C4CC5CCC(C4)N5)ccnc23)ccc1Cl,1,IC50,8.07,1,CHEMBL583678
Oc1cccc(-c2c(-c3ccncc3)nn3c(C4CC5CCC(C4)N5)ccnc23)c1,1,IC50,8.4,1,CHEMBL583025
Oc1cc(-c2c(-c3ccncc3)nn3c(C4CC5CCC(C4)N5)ccnc23)ccc1Cl,1,IC50,9.4,1,CHEMBL569081
CCN1C2CCC1CC(c1ccnc3c(-c4ccc(Cl)c(OC)c4)c(-c4ccncc4)nn13)C2,1,IC50,7.36,1,CHEMBL569768
CCN1C2CCC1CC(c1ccnc3c(-c4ccc(Cl)c(O)c4)c(-c4ccncc4)nn13)C2,1,IC50,9.3,1,CHEMBL571130
CCN1C2CCC1CC(c1ccnc3c(-c4ccc(C#N)c(O)c4)c(-c4ccncc4)nn13)C2,1,IC50,7.24,1,CHEMBL570872
CCN1C2CCC1CC(c1ccnc3c(-c4ccc(F)c(O)c4)c(-c4ccncc4)nn13)C2,1,IC50,8.52,1,CHEMBL568855
CC(=O)N1C2CCC1CC(c1ccnc3c(-c4ccc(Cl)c(O)c4)c(-c4ccncc4)nn13)C2,1,IC50,9.52,1,CHEMBL578391
CCOC(=O)N1C2CCC1CC(c1ccnc3c(-c4ccc(F)c(F)c4)c(-c4ccncc4)nn13)C2,1,IC50,6.52,1,CHEMBL571558
CCOC(=O)N1C2CCC1CC(c1ccnc3c(-c4ccc(-c5nnco5)cc4)c(-c4ccncc4)nn13)C2,1,IC50,6.82,1,CHEMBL583340
CCOC(=O)N1C2CCC1CC(c1ccnc3c(-c4ccc5cc[nH]c5c4)c(-c4ccncc4)nn13)C2,1,IC50,7.44,1,CHEMBL583894
CCOC(=O)N1C2CCC1CC(c1ccnc3c(-c4cccc5[nH]ncc45)c(-c4ccncc4)nn13)C2,1,IC50,8.7,1,CHEMBL585334
O=C(O)[C@H]1CCCN1C(=O)N1C2CCC1CC(c1ccnc3c(-c4cccc5[nH]ncc45)c(-c4ccncc4)nn13)C2,1,IC50,8.68,1,CHEMBL571748
CS(=O)(=O)N1C2CCC1CC(c1ccnc3c(-c4cccc5[nH]ncc45)c(-c4ccncc4)nn13)C2,1,IC50,8.31,1,CHEMBL570453
CN(C)C(=O)N1C2CCC1CC(c1ccnc3c(-c4cccc5[nH]ncc45)c(-c4ccncc4)nn13)C2,1,IC50,8.19,1,CHEMBL584942
CCNC(=O)N1C2CCC1CC(c1ccnc3c(-c4cccc5[nH]ncc45)c(-c4ccncc4)nn13)C2,1,IC50,8.17,1,CHEMBL570658
CC(=O)N1C2CCC1CC(c1ccnc3c(-c4cccc5[nH]ncc45)c(-c4ccncc4)nn13)C2,1,IC50,8.04,1,CHEMBL570458
OCCN1C2CCC1CC(c1ccnc3c(-c4cccc5[nH]ncc45)c(-c4ccncc4)nn13)C2,1,IC50,7.64,1,CHEMBL570443
CC(C)(C)OC(=O)[C@H]1CCCN1C(=O)N1C2CCC1CC(c1ccnc3c(-c4cccc5[nH]ncc45)c(-c4ccncc4)nn13)C2,1,IC50,7.41,1,CHEMBL571747
CCN1C2CCC1CC(c1ccnc3c(-c4cccc5[nH]ncc45)c(-c4ccncc4)nn13)C2,1,IC50,7.33,1,CHEMBL570422
CC(C)N1C2CCC1CC(c1ccnc3c(-c4cccc5[nH]ncc45)c(-c4ccncc4)nn13)C2,1,IC50,7.17,1,CHEMBL570648
CC(=O)CN1C2CCC1CC(c1ccnc3c(-c4cccc5[nH]ncc45)c(-c4ccncc4)nn13)C2,1,IC50,7.12,1,CHEMBL571971
CCOC(=O)N1C2CCC1CC(c1ccnc3c(-c4ccc(Cl)c5[nH]ncc45)c(-c4ccncc4)nn13)C2,1,IC50,9.4,1,CHEMBL585144
CCN1C2CCC1CC(c1ccnc3c(-c4ccc(Cl)c5[nH]ncc45)c(-c4ccncc4)nn13)C2,1,IC50,8.36,1,CHEMBL583245
CCOC(=O)N1C2CCC1CC(c1ccnc3c(-c4ccc(F)c5[nH]ncc45)c(-c4ccncc4)nn13)C2,1,IC50,9.4,1,CHEMBL570681
Fc1ccc(-c2c(-c3ccncc3)nn3c(C4CC5CCC(C4)N5)ccnc23)c2cn[nH]c12,1,IC50,8.42,1,CHEMBL584527
CCOC(=O)N1C2CCC1CC(c1ccnc3c(-c4ccc(C(F)(F)F)c5[nH]ncc45)c(-c4ccncc4)nn13)C2,1,IC50,8.36,1,CHEMBL571744
CCN1C2CCC1CC(c1ccnc3c(-c4ccc(C(F)(F)F)c5[nH]ncc45)c(-c4ccncc4)nn13)C2,1,IC50,7.35,1,CHEMBL570642
CCOC(=O)N1C2CCC1CC(c1ccnc3c(-c4ccc(C)c5[nH]ncc45)c(-c4ccncc4)nn13)C2,1,IC50,9.15,1,CHEMBL583133
CCN1C2CCC1CC(c1ccnc3c(-c4ccc(C)c5[nH]ncc45)c(-c4ccncc4)nn13)C2,1,IC50,7.77,1,CHEMBL570444
CCOC(=O)N1C2CCC1CC(c1c(C)cnc3c(-c4cccc5[nH]ncc45)c(-c4ccncc4)nn13)C2,1,IC50,8.08,1,CHEMBL585335
COC(=O)C1CC2c3c(cnc4c(-c5ccc(Cl)c(O)c5)c(-c5ccncc5)nn34)CC1N2C,1,IC50,8.8,1,CHEMBL585148
CN1C2CC(CO)C1Cc1cnc3c(-c4ccc(Cl)c(O)c4)c(-c4ccncc4)nn3c12,1,IC50,9.22,1,CHEMBL570873
CN1C2CC(S(=O)(=O)c3ccccc3)C1Cc1cnc3c(-c4ccc(Cl)c(O)c4)c(-c4ccncc4)nn3c12,1,IC50,9.1,1,CHEMBL571112
O=c1[nH]c2cccc(Oc3cccc(NS(=O)(=O)c4ccc(Cl)c(C(F)(F)F)c4)c3)c2[nH]1,0,IC50,4.18,1,CHEMBL596981
O=c1[nH]c2cccc(Oc3cccc(NS(=O)(=O)c4cccc(C(F)(F)F)c4)c3)c2[nH]1,0,IC50,4.81,2,CHEMBL598624
O=c1[nH]c2cccc(Oc3cccc(NS(=O)(=O)c4cccc(OC(F)(F)F)c4)c3)c2[nH]1,0,IC50,4.95,2,CHEMBL603252
O=c1[nH]c2cccc(Oc3cccc(NS(=O)(=O)c4ccccc4)c3)c2[nH]1,0,IC50,4.53,1,CHEMBL603161
O=C(Nc1cccc(Oc2cccc3[nH]c(=O)[nH]c23)c1)c1cccc(Br)c1,0,IC50,4.0,1,CHEMBL603185
O=C(Nc1cccc(Oc2cccc3[nH]c(=O)[nH]c23)c1)c1ccccc1,0,IC50,4.6,2,CHEMBL591257
Cc1ccc(NC(=O)c2cccc(OC(F)(F)F)c2)cc1Oc1cccc2[nH]c(=O)[nH]c12,0,IC50 (>),5.0,2,CHEMBL596788
Cc1ccc(Oc2cccc3[nH]c(=O)[nH]c23)cc1NC(=O)c1cccc(OC(F)(F)F)c1,0,IC50 (>),5.0,2,CHEMBL599861
O=c1[nH]c2cccc(Oc3cccc(Cc4cccc(OC(F)(F)F)c4)c3)c2[nH]1,0,IC50 (>),5.0,2,CHEMBL603674
CC(C)(C)c1cc(C(=O)Nc2cccc(Oc3cccc4[nH]c(=O)[nH]c34)c2)n(Cc2ccccc2)n1,0,IC50 (>),4.0,2,CHEMBL603253
O=C(Nc1cccc(Oc2cccc3[nH]c(=O)[nH]c23)c1)c1ccnc(Cl)c1,0,IC50,4.03,2,CHEMBL597619
O=C(Nc1cccc(Oc2cccc3[nH]c(=O)[nH]c23)c1)c1ccc2c(c1)NSN2,0,IC50 (>),4.0,2,CHEMBL604919
O=C(Nc1cccc(Oc2cccc3[nH]c(=O)[nH]c23)c1)c1cccc2c1OCCCO2,0,IC50 (>),4.0,2,CHEMBL597617
O=C(Nc1cccc(Oc2cccc3[nH]c(=O)[nH]c23)c1)c1cccc2c1OCCO2,0,IC50 (>),4.0,2,CHEMBL598019
O=C(Nc1cccc(Oc2cccc3[nH]c(=O)[nH]c23)c1)c1cccc(-n2ccnc2)c1,0,IC50 (>),5.0,2,CHEMBL599661
O=c1[nH]c2cccc(Oc3cccc(NS(=O)(=O)c4ccc(Cl)cc4)c3)c2[nH]1,0,IC50,4.17,2,CHEMBL592616
O=c1[nH]c2cccc(Oc3cccc(NS(=O)(=O)CCc4ccccc4)c3)c2[nH]1,0,IC50,4.03,2,CHEMBL598835
O=c1[nH]c2cccc(Oc3cccc(NS(=O)(=O)Cc4ccccc4)c3)c2[nH]1,0,IC50,4.06,2,CHEMBL598834
O=C(Nc1cccc(Oc2cccc3[nH]c(=O)[nH]c23)c1)c1ccnn1-c1ccccc1,0,IC50,4.04,2,CHEMBL598856
Cc1cc(C(=O)Nc2cccc(Oc3cccc4[nH]c(=O)[nH]c34)c2)n(C)n1,0,IC50,4.1,2,CHEMBL598652
O=C(Nc1cccc(Oc2cccc3[nH]c(=O)[nH]c23)c1)c1ccc2sccc2c1,0,IC50,4.66,2,CHEMBL597618
O=C(Nc1cccc(F)c1)Nc1cccc(Oc2cccc3[nH]c(=O)[nH]c23)c1,0,IC50,4.3,1,CHEMBL591264
CN(C)c1cccc(S(=O)(=O)Nc2cccc(Oc3cccc4[nH]c(=O)[nH]c34)c2)c1,0,IC50,4.38,2,CHEMBL598836
O=C(Nc1cccc(Oc2cccc3[nH]c(=O)[nH]c23)c1)Nc1ccc(F)c(F)c1,0,IC50,4.41,1,CHEMBL591265
O=C(Nc1cccc(Oc2cccc3[nH]c(=O)[nH]c23)c1)c1cnn(-c2ccccc2)c1C(F)(F)F,0,IC50,4.42,2,CHEMBL597388
O=C(Nc1cccc(Oc2cccc3[nH]c(=O)[nH]c23)c1)c1ccccc1OC(F)(F)F,0,IC50,4.45,2,CHEMBL598428
O=C(Nc1cc(C(F)(F)F)ccc1F)c1cccc(Oc2cccc3[nH]c(=O)[nH]c23)c1,0,IC50,4.46,1,CHEMBL599236
O=c1[nH]c2cccc(Oc3cccc(NS(=O)(=O)c4cccc5ccccc45)c3)c2[nH]1,0,IC50,4.67,2,CHEMBL599852
O=c1[nH]c2cccc(Oc3cccc(NS(=O)(=O)Cc4cccc(C(F)(F)F)c4)c3)c2[nH]1,0,IC50 (>),5.0,2,CHEMBL604705
O=c1[nH]c2cccc(Oc3cccc(NS(=O)(=O)Cc4cccc(OC(F)(F)F)c4)c3)c2[nH]1,0,IC50 (>),5.0,2,CHEMBL603679
Cc1ccc(-n2nc(C(C)(C)C)cc2NC(=O)Nc2cccc(Oc3cccc4[nH]c(=O)[nH]c34)c2)cc1,1,IC50,6.89,2,CHEMBL606192
O=C(Nc1ccc(Oc2cccc3[nH]c(=O)[nH]c23)cc1)c1cc(F)cc(N2CCOCC2)c1,0,IC50 (>),4.0,1,CHEMBL591263
O=C(Nc1ccc(Oc2cccc3[nH]c(=O)[nH]c23)cc1)c1ccccc1,0,IC50 (>),4.0,1,CHEMBL591258
O=c1[nH]c2cccc(Oc3ccc(NS(=O)(=O)c4ccc(OC(F)(F)F)cc4)cc3)c2[nH]1,0,IC50 (>),4.0,1,CHEMBL597399
O=c1[nH]c2cccc(Oc3ccc(NS(=O)(=O)c4cccc(C(F)(F)F)c4)cc3)c2[nH]1,0,IC50 (>),4.0,1,CHEMBL598625
O=c1[nH]c2cccc(Oc3ccc(NS(=O)(=O)c4ccc(Cl)c(C(F)(F)F)c4)cc3)c2[nH]1,0,IC50 (>),4.0,1,CHEMBL599439
Cc1c(NC(=O)c2cccc(OC(F)(F)F)c2)cccc1Oc1cccc2[nH]c(=O)[nH]c12,0,IC50 (>),5.0,2,CHEMBL599041
O=C(Nc1ccc(Oc2cccc3[nH]c(=O)[nH]c23)cc1)c1ccc(Cl)c(C(F)(F)F)c1,0,IC50,4.8,1,CHEMBL601302
O=C(Nc1ccc(Oc2cccc3[nH]c(=O)[nH]c23)cc1)c1ccc(Br)cc1,0,IC50,4.85,1,CHEMBL592438
O=c1[nH]c2cccc(Oc3ccc(NS(=O)(=O)c4ccccc4)cc3)c2[nH]1,1,IC50,6.07,1,CHEMBL599860
Cc1ccc(-n2nc(C(C)(C)C)cc2NC(=O)c2cccc(Oc3cccc4[nH]c(=O)[nH]c34)c2)cc1,1,IC50,6.23,1,CHEMBL598004
Cc1ccc(-n2nc(C(F)(F)F)cc2NC(=O)Nc2cccc(Oc3cccc4[nH]c(=O)[nH]c34)c2)cc1,1,IC50,6.4,1,CHEMBL599851
CC(C)(C)c1cc(NC(=O)c2cccc(Oc3cccc4[nH]c(=O)[nH]c34)c2)n(-c2ccccc2)n1,1,IC50,6.45,1,CHEMBL598626
O=C(Nc1cccc(OC(F)(F)C(F)F)c1)c1cccc(Oc2cccc3[nH]c(=O)[nH]c23)c1,1,IC50,6.62,1,CHEMBL599437
CC(C)(C)c1cc(NC(=O)Nc2cccc(Oc3cccc4[nH]c(=O)[nH]c34)c2)n(-c2ccc(F)cc2)n1,1,IC50,6.91,1,CHEMBL597593
O=C(Nc1ccc(Cl)c(C(F)(F)F)c1)c1cccc(Oc2cccc3[nH]c(=O)[nH]c23)c1,1,IC50,7.05,1,CHEMBL599235
CC(C)(C)c1cc(NC(=O)Nc2cccc(Oc3cccc4[nH]c(=O)[nH]c34)c2)n(-c2ccccc2)n1,1,IC50,7.05,1,CHEMBL597592
CCC(C)(C)c1cccc(C(=O)Nc2cccc(Oc3cccc4[nH]c(=O)[nH]c34)c2)c1,1,IC50,7.4,1,CHEMBL599660
O=C(Nc1cccc(Oc2cccc3[nH]c(=O)[nH]c23)c1)c1cccc(OC(F)(F)C(F)F)c1,1,IC50,7.64,1,CHEMBL596998
O=C(Nc1ccc(Oc2cccc3[nH]c(=O)[nH]c23)cc1)Nc1ccc(Cl)c(C(F)(F)F)c1,1,IC50,7.64,1,CHEMBL590711
CC(C)(C)c1cccc(C(=O)Nc2cccc(Oc3cccc4[nH]c(=O)[nH]c34)c2)c1,1,IC50,7.77,1,CHEMBL599659
O=C(Nc1cccc(Oc2cccc3[nH]c(=O)[nH]c23)c1)c1cccc(OC(F)(F)F)c1F,1,IC50,7.82,1,CHEMBL597605
O=C(Nc1cccc(Oc2cccc3[nH]c(=O)[nH]c23)c1)c1cccc(OC(F)(F)F)c1,1,IC50,7.85,1,CHEMBL598008
O=C(Nc1cc(Oc2cccc3[nH]c(=O)[nH]c23)c(F)cc1F)c1cccc(OC(F)(F)F)c1,1,IC50,8.0,1,CHEMBL590543
O=C(Nc1cc(Oc2cccc3[nH]c(=O)[nH]c23)c(F)c(F)c1F)c1cccc(OC(F)(F)F)c1,1,IC50,8.15,2,CHEMBL602123
O=C(Nc1cccc(Oc2cccc3[nH]c(=O)[nH]c23)c1)c1cccc(SC(F)(F)F)c1,1,IC50,8.3,1,CHEMBL605328
CC1=C(C#N)c2nc(N)c(C#N)c(C)c2/C1=C/c1ccc(O)cc1,0,IC50,4.7,1,CHEMBL1082551
CN1C2CCC1CN(c1ccc(-c3ccnc4c(-c5cccc(O)c5)c(-c5ccncc5)nn34)cc1)C2,1,IC50,9.05,1,CHEMBL1080476
COc1cccc(-c2c(-c3ccncc3)nn3c(-c4ccc(N5CC6CCC(C5)N6C)cc4)ccnc23)c1,1,IC50,7.77,1,CHEMBL1080832
COc1cc(-c2c(-c3ccncc3)nn3c(-c4ccc(N5CC6CCC(C5)N6C)cc4)ccnc23)ccc1Cl,1,IC50,8.01,1,CHEMBL1088288
Oc1cccc(-c2c(-c3ccncc3)nn3c(-c4ccc(NCC56CCN(CC5)CC6)cc4)ccnc23)c1,1,IC50,8.7,1,CHEMBL1088289
Oc1cccc(-c2c(-c3ccncc3)nn3c(-c4ccc(N[C@@H]5CN6CCC5CC6)cc4)ccnc23)c1,1,IC50,8.82,1,CHEMBL1087510
Oc1cccc(-c2c(-c3ccncc3)nn3c(-c4ccc(N[C@H]5CN6CCC5CC6)cc4)ccnc23)c1,1,IC50,9.0,1,CHEMBL1086871
Oc1cccc(-c2c(-c3ccncc3)nn3c(-c4ccc(N5C[C@@H]6C[C@H]5CN6)cc4)ccnc23)c1,1,IC50,9.31,1,CHEMBL1087000
CN1C[C@@H]2C[C@H]1CN2c1ccc(-c2ccnc3c(-c4cccc(O)c4)c(-c4ccncc4)nn23)cc1,1,IC50,9.42,2,CHEMBL1087650
CCN1C[C@@H]2C[C@H]1CN2c1ccc(-c2ccnc3c(-c4ccc(F)c(O)c4)c(-c4ccncc4)nn23)cc1,1,IC50,9.29,1,CHEMBL1080650
CC(=O)N1C[C@@H]2C[C@H]1CN2c1ccc(-c2ccnc3c(-c4ccc(F)c(O)c4)c(-c4ccncc4)nn23)cc1,1,IC50,9.3,1,CHEMBL1076206
COc1cccc(-c2c(-c3ccncc3)nn3c(-c4ccc(N5C[C@@H]6C[C@H]5CN6)cc4)ccnc23)c1,1,IC50,7.92,1,CHEMBL1080651
COc1cccc(-c2c(-c3ccncc3)nn3c(-c4ccc(N5C[C@@H]6C[C@H]5CN6)cc4F)ccnc23)c1,1,IC50,9.36,1,CHEMBL1080652
COc1cc(-c2c(-c3ccncc3)nn3c(-c4ccc(N5C[C@@H]6C[C@H]5CN6)cc4)ccnc23)ccc1F,1,IC50,8.06,1,CHEMBL1079785
COc1cccc(-c2c(-c3ccncc3)nn3c(-c4ccc(N5C[C@@H]6C[C@H]5CN6C)cc4)ccnc23)c1,1,IC50,8.09,1,CHEMBL1080615
COc1cc(-c2c(-c3ccncc3)nn3c(-c4ccc(N5C[C@@H]6C[C@H]5CN6C)cc4)ccnc23)ccc1F,1,IC50,7.68,1,CHEMBL1080616
COc1cc(-c2c(-c3ccncc3)nn3c(-c4ccc(N5C[C@@H]6C[C@H]5CN6C)cc4C)ccnc23)ccc1F,1,IC50,9.0,1,CHEMBL1076233
O=C(Nc1cccc(-c2ccnc3c(C#CCCCN4CCOCC4)cnn23)c1)c1cccc(C(F)(F)F)c1,1,IC50,6.26,1,CHEMBL1080656
CN1CCN(CCCC#Cc2cnn3c(-c4cccc(NC(=O)c5cccc(C(F)(F)F)c5)c4)ccnc23)CC1,1,IC50,6.08,1,CHEMBL1080268
CN(C)c1ccc(-c2cnn3c(-c4cccc(NC(=O)c5cccc(C(F)(F)F)c5)c4)ccnc23)cc1,1,IC50,6.51,1,CHEMBL1080269
CN(C)S(=O)(=O)c1ccc(-c2cnn3c(-c4cccc(NC(=O)c5cccc(C(F)(F)F)c5)c4)ccnc23)cc1,0,IC50 (>),5.0,1,CHEMBL1080445
NC(=O)c1cccc(-c2cnn3c(-c4cccc(NC(=O)c5cccc(C(F)(F)F)c5)c4)ccnc23)c1,1,IC50,7.24,1,CHEMBL1086870
COCCOCC(=O)Nc1ccc(-c2cnn3c(-c4cccc(NC(=O)c5cccc(C(F)(F)F)c5)c4)ccnc23)cc1,1,IC50,6.86,1,CHEMBL1076439
CN(C)CC(=O)Nc1ccc(-c2cnn3c(-c4cccc(NC(=O)c5cccc(C(F)(F)F)c5)c4)ccnc23)cc1,1,IC50,7.47,1,CHEMBL1076440
CN(C)CC(=O)Nc1cccc(-c2cnn3c(-c4cccc(NC(=O)c5cccc(C(F)(F)F)c5)c4)ccnc23)c1,1,IC50,7.4,1,CHEMBL1076441
CN(C)CCc1ccccc1-c1cnn2c(-c3cccc(NC(=O)c4cccc(C(F)(F)F)c4)c3)ccnc12,1,IC50,6.5,1,CHEMBL1088162
CN(C)CCc1cccc(-c2cnn3c(-c4cccc(NC(=O)c5cccc(C(F)(F)F)c5)c4)ccnc23)c1,1,IC50,7.39,1,CHEMBL1088295
CN(C)CCc1ccc(-c2cnn3c(-c4cccc(NC(=O)c5cccc(C(F)(F)F)c5)c4)ccnc23)cc1,1,IC50,7.58,1,CHEMBL1087892
CN(C)Cc1ccccc1-c1cnn2c(-c3cccc(NC(=O)c4cccc(C(F)(F)F)c4)c3)ccnc12,1,IC50,6.93,1,CHEMBL1087893
CN(C)Cc1cccc(-c2cnn3c(-c4cccc(NC(=O)c5cccc(C(F)(F)F)c5)c4)ccnc23)c1,1,IC50,7.36,1,CHEMBL1087894
CN(C)Cc1ccc(-c2cnn3c(-c4cccc(NC(=O)c5cccc(C(F)(F)F)c5)c4)ccnc23)cc1,1,IC50,7.62,1,CHEMBL1087397
O=C(Nc1cccc(-c2ccnc3c(-c4ccc(CN5CCCC5)cc4)cnn23)c1)c1cccc(C(F)(F)F)c1,1,IC50,7.7,1,CHEMBL1087522
CN1CCN(Cc2ccc(-c3cnn4c(-c5cccc(NC(=O)c6cccc(C(F)(F)F)c6)c5)ccnc34)cc2)CC1,1,IC50,7.42,1,CHEMBL1076482
O=C(Nc1cccc(-c2ccnc3c(-c4cccnc4)cnn23)c1)c1cccc(C(F)(F)F)c1,1,IC50,6.95,1,CHEMBL1087523
Nc1ccc(-c2cnn3c(-c4cccc(NC(=O)c5cccc(C(F)(F)F)c5)c4)ccnc23)cn1,1,IC50,6.95,1,CHEMBL1087780
CN(C)CCNc1ccc(-c2cnn3c(-c4cccc(NC(=O)c5cccc(C(F)(F)F)c5)c4)ccnc23)cn1,1,IC50,7.52,1,CHEMBL1087781
CN1CCN(c2ccc(-c3cnn4c(-c5cccc(NC(=O)c6cccc(C(F)(F)F)c6)c5)ccnc34)cn2)CC1,1,IC50,7.36,1,CHEMBL1076497
O=C(Nc1cccc(-c2ccnc3c(-c4cnc(N5CCOCC5)nc4)cnn23)c1)c1cccc(C(F)(F)F)c1,1,IC50,6.03,1,CHEMBL1087906
O=C(Nc1cccc(-c2ccnc3c(-c4cn[nH]c4)cnn23)c1)c1cccc(C(F)(F)F)c1,1,IC50,7.08,1,CHEMBL1081470
O=C(Nc1cccc(-c2ccnc3c(-c4cnn(CCN5CCCC5)c4)cnn23)c1)c1cccc(C(F)(F)F)c1,1,IC50,6.41,1,CHEMBL1081647
O=C(Nc1cccc(-c2ccnc3c(-c4ccoc4)cnn23)c1)c1cccc(C(F)(F)F)c1,1,IC50,6.49,1,CHEMBL1081817
O=C(Nc1cccc(-c2ccnc3c(-c4coc(CN5CCCC5)c4)cnn23)c1)c1cccc(C(F)(F)F)c1,1,IC50,6.44,1,CHEMBL1081818
CCN1CCN(Cc2cc(-c3cnn4c(-c5cccc(NC(=O)c6cccc(C(F)(F)F)c6)c5)ccnc34)co2)CC1,1,IC50,6.66,1,CHEMBL1076541
O=C(Nc1ccc(F)c(-c2ccnc3c(-c4cn[nH]c4)cnn23)c1)c1cccc(C(F)(F)F)c1,1,IC50,7.75,1,CHEMBL1080438
O=C(Nc1ccc(Cl)c(-c2ccnc3c(-c4cn[nH]c4)cnn23)c1)c1cccc(C(F)(F)F)c1,1,IC50,7.38,1,CHEMBL1080439
COc1ccc(NC(=O)c2cccc(C(F)(F)F)c2)cc1-c1ccnc2c(-c3cn[nH]c3)cnn12,1,IC50,7.01,1,CHEMBL1080437
CN1CCN(c2ccc(-c3cnn4c(-c5cc(NC(=O)c6cccc(C(F)(F)F)c6)ccc5F)ccnc34)cn2)CC1,1,IC50,7.52,1,CHEMBL1076204
COc1cc2c(cc1Cl)C(c1ccc(Cl)c(Cl)c1)=NCC2,0,IC50 (>),5.0,1,CHEMBL1087421
COc1cc2c(cc1Cl)C(c1cccc(Cl)c1)=NCC2,0,IC50 (>),5.0,1,CHEMBL1088633
O=C(Nc1cccc(-c2ccnc3cc(-c4cccnc4)nn23)c1)c1cccc(C(F)(F)F)c1,0,IC50 (>),5.0,2,CHEMBL1091500
O=C(Nc1cccc(-c2ccnc3cc(-c4ccncc4)nn23)c1)c1cccc(C(F)(F)F)c1,1,IC50,7.5,2,CHEMBL1089082
O=C(Nc1cccc(-c2ncnc3cc(-c4cccnc4)sc23)c1)c1cccc(C(F)(F)F)c1,0,IC50 (>),5.0,1,CHEMBL1090803
O=C(Nc1cccc(-c2ncnc3cc(-c4ccncc4)sc23)c1)c1cccc(C(F)(F)F)c1,1,IC50,6.27,1,CHEMBL1090804
O=C(Nc1cccc(-c2ncnc3sc(-c4ccncc4)cc23)c1)c1cccc(C(F)(F)F)c1,1,IC50,7.1,1,CHEMBL1090143
N#Cc1cnc2cc(-c3cccnc3)sc2c1-c1cccc(NC(=O)c2cccc(C(F)(F)F)c2)c1,0,IC50 (>),5.0,1,CHEMBL1090144
N#Cc1cnc2sc(-c3cccnc3)cc2c1-c1cccc(NC(=O)c2cccc(C(F)(F)F)c2)c1,0,IC50 (>),5.0,1,CHEMBL1091544
N#Cc1cnc2sc(-c3ccncc3)cc2c1-c1cccc(NC(=O)c2cccc(C(F)(F)F)c2)c1,0,IC50 (>),5.0,1,CHEMBL1091522
Cc1ccc(-n2nc(C(C)(C)C)cc2NC(=O)Nc2ccc(Sc3ccnc4[nH]c(=O)[nH]c34)cc2)cc1,1,IC50,6.63,1,CHEMBL1090706
CC(C)(C)c1cc(NC(=O)Nc2ccc(Sc3ccnc4[nH]c(=O)[nH]c34)cc2)n(-c2ccccc2)n1,1,IC50,7.16,2,CHEMBL1090705
CSc1cc(Oc2ccnc3[nH]c(=O)[nH]c23)ccc1NC(=O)Nc1cc(C(C)(C)C)nn1-c1ccc(C)cc1,1,IC50,7.25,4,CHEMBL1092541
Cc1ccc(-n2nc(C(C)(C)C)cc2NC(=O)Nc2ccc(Oc3ccnc4c3n(C)c(=O)n4C)cc2F)cc1,1,IC50,7.28,1,CHEMBL1092540
Cn1c(=O)n(C)c2c(Oc3ccc(NC(=O)Nc4cc(C(C)(C)C)nn4-c4ccccc4)c(F)c3)ccnc21,1,IC50,6.91,1,CHEMBL1092188
Cc1ccc(-n2nc(C(C)(C)C)cc2NC(=O)Nc2ccc(Oc3ccnc4c3[nH]c(=O)n4C)cc2F)cn1,1,IC50,7.21,2,CHEMBL1092183
Cc1ccc(-n2nc(C(C)(C)C)cc2NC(=O)Nc2ccc(Oc3ccnc4[nH]c(=O)[nH]c34)cc2F)cc1,1,IC50,7.4,4,CHEMBL1091849
CC(C)(C)c1cc(NC(=O)Nc2ccc(Oc3ccnc4[nH]c(=O)[nH]c34)cc2F)n(-c2ccccc2)n1,1,IC50,7.12,2,CHEMBL1090449
Cc1ccc(-n2nc(C(C)(C)C)cc2NC(=O)Nc2ccc(Oc3ccnc4c3[nH]c(=O)n4C)c3ccccc23)cc1,1,IC50,7.16,1,CHEMBL1090981
Cn1c(=O)[nH]c2c(Oc3ccc(NC(=O)Nc4cc(C(C)(C)C)nn4-c4ccccc4)c4ccccc34)ccnc21,1,IC50,7.57,1,CHEMBL1090980
Cn1nc(C(C)(C)C)cc1NC(=O)Nc1ccc(Oc2ccnc3c2[nH]c(=O)n3C)c2ccccc12,1,IC50,6.71,2,CHEMBL1091039
Cc1ccc(-n2nc(C(C)(C)C)cc2NC(=O)Nc2ccc(Oc3ccnc4[nH]c(=O)n(C)c34)c3ccccc23)cc1,1,IC50,7.58,1,CHEMBL1090979
Cn1nc(C(C)(C)C)cc1NC(=O)Nc1ccc(Oc2ccnc3[nH]c(=O)n(C)c23)c2ccccc12,1,IC50,7.0,2,CHEMBL1093757
Cn1c(=O)[nH]c2nccc(Oc3ccc(NC(=O)Nc4cc(C(C)(C)C)nn4-c4cccnc4)c4ccccc34)c21,1,IC50,7.0,2,CHEMBL1090978
Cn1c(=O)[nH]c2nccc(Oc3ccc(NC(=O)Nc4cc(C(C)(C)C)nn4-c4ccccc4)c4ccccc34)c21,1,IC50,7.72,2,CHEMBL1090977
Cn1c(=O)[nH]c2nccc(Oc3ccc(NC(=O)Nc4cc(C(C)(C)C)nn4-c4ccc(F)cc4)c4ccccc34)c21,1,IC50,7.46,2,CHEMBL1090976
Cc1ccc(-n2nc(C(C)(C)C)cc2NC(=O)Nc2ccc(Oc3ccnc4[nH]c(=O)[nH]c34)c3ccccc23)cc1,1,IC50,7.85,2,CHEMBL1090975
CC(C)(C)c1cc(NC(=O)Nc2ccc(Oc3ccnc4[nH]c(=O)[nH]c34)c3ccccc23)n(-c2ccccc2)n1,1,IC50,7.46,2,CHEMBL1093756
CC(C)(C)c1cc(NC(=O)Nc2ccc(Oc3ccnc4[nH]c(=O)[nH]c34)c3ccccc23)n(-c2ccc(F)cc2)n1,1,IC50,6.69,2,CHEMBL1090290
Cc1ccc(-n2nc(C(C)(C)C)cc2NC(=O)Nc2ccc(Oc3ccnc4c3n(C)c(=O)n4C)cc2)cc1,1,IC50,6.72,1,CHEMBL1091431
Cc1ccc(-n2nc(C(C)(C)C)cc2NC(=O)Nc2ccc(Oc3ccnc4c3[nH]c(=O)n4C)cc2)cc1,1,IC50,7.44,2,CHEMBL1090289;CHEMBL1091430
Cn1c(=O)[nH]c2c(Oc3ccc(NC(=O)Nc4cc(C(C)(C)C)nn4-c4ccccc4)cc3)ccnc21,1,IC50,6.89,2,CHEMBL1092771
Cc1ccc(-n2nc(C(C)(C)C)cc2NC(=O)Nc2ccc(Oc3ccnc4[nH]c(=O)n(C)c34)cc2)cc1,1,IC50,7.05,2,CHEMBL1089347
Cn1c(=O)[nH]c2nccc(Oc3ccc(NC(=O)Nc4cc(C(C)(C)C)nn4-c4cccnc4)cc3)c21,1,IC50,6.41,2,CHEMBL1089014
Cn1c(=O)[nH]c2nccc(Oc3ccc(NC(=O)Nc4cc(C(C)(C)C)nn4-c4ccccc4)cc3)c21,1,IC50,6.79,2,CHEMBL1093364
Cc1ccc(-n2nc(C(C)(C)C)cc2NC(=O)Nc2ccc(Oc3ccnc4[nH]c(=O)[nH]c34)cc2)cc1,1,IC50,6.85,2,CHEMBL1092817
CC(C)(C)c1cc(NC(=O)Nc2ccc(Oc3ccnc4[nH]c(=O)[nH]c34)cc2)n(-c2ccccc2)n1,1,IC50,7.03,2,CHEMBL1092522
CC(C)(C)c1cc(NC(=O)Nc2ccc(Oc3ccnc4[nH]c(=O)[nH]c34)cc2)n(-c2ccc(Cl)cc2)n1,1,IC50,6.85,2,CHEMBL1092464
CC(C)(C)c1cc(NC(=O)Nc2ccc(Oc3ccnc4[nH]c(=O)[nH]c34)cc2)n(-c2ccc(F)cc2)n1,1,IC50,6.91,2,CHEMBL1089003
CC(C)(C)c1cc(NC(=O)Nc2ccc(Oc3ccnc4[nH]c(=O)[nH]c34)cc2)n(C(C)(C)C)n1,0,IC50,4.48,1,CHEMBL1089349
Cn1nc(C(C)(C)C)cc1NC(=O)Nc1ccc(Oc2ccnc3[nH]c(=O)[nH]c23)c2ccccc12,1,IC50,7.96,1,CHEMBL1091432
Cn1nc(C(C)(C)C)cc1NC(=O)Nc1ccc(Oc2ccnc3c2[nH]c(=O)n3C)cc1,1,IC50,6.59,1,CHEMBL1092770
Cc1ccc(-n2nc(C(F)(F)F)cc2NC(=O)Nc2ccc(Oc3ccnc4[nH]c(=O)n(C)c34)cc2)cc1,1,IC50,6.75,1,CHEMBL1093064
Cn1c(=O)[nH]c2nccc(Oc3ccc(NC(=O)Nc4cc(C(C)(C)C)nn4-c4ccc(F)cc4)cc3)c21,1,IC50,6.87,1,CHEMBL1093704
CC(C)c1cc(NC(=O)Nc2ccc(Oc3ccnc4[nH]c(=O)[nH]c34)cc2)n(-c2ccccc2)n1,1,IC50,7.38,1,CHEMBL1092523
CC(C)(C)c1cc(NC(=O)Nc2ccc(Oc3ccnc4[nH]c(=O)[nH]c34)cc2)n(-c2ccc(F)cc2F)n1,1,IC50,6.98,1,CHEMBL1089705
CC(C)(C)c1cc(NC(=O)Nc2ccc(Oc3ccnc4[nH]c(=O)[nH]c34)cc2)n(-c2ccccn2)n1,1,IC50,6.68,1,CHEMBL1089704
O=C(Nc1cccc(-c2ccnc3cc(-c4cccc(C(F)(F)F)c4)nn23)c1)c1cccc(C(F)(F)F)c1,0,IC50 (>),5.0,1,CHEMBL1092538
COc1ccc(-c2cc3nccc(-c4cccc(NC(=O)c5cccc(C(F)(F)F)c5)c4)n3n2)cc1,0,IC50 (>),5.0,1,CHEMBL1089412
O=C(Nc1cccc(-c2ccnc3cc(-c4cccs4)nn23)c1)c1cccc(C(F)(F)F)c1,0,IC50 (>),5.0,1,CHEMBL1089410
Cn1cncc1-c1cc2nccc(-c3cccc(NC(=O)c4cccc(C(F)(F)F)c4)c3)n2n1,1,IC50,7.0,1,CHEMBL1088768
CN1CCN(c2cc3nccc(-c4cccc(NC(=O)c5cccc(C(F)(F)F)c5)c4)n3n2)CC1,0,IC50 (>),5.0,1,CHEMBL1093104
O=C(Nc1cccc(-c2ccnc3cc(N4CCOCC4)nn23)c1)c1cccc(C(F)(F)F)c1,1,IC50,7.0,1,CHEMBL1093105
O=C(Nc1cccc(-c2ccnc3cc(-c4ccncc4)nn23)c1)c1ccc(Cl)c(Cl)c1,1,IC50,6.18,1,CHEMBL1090082
O=C(Nc1cccc(-c2ccnc3cc(-c4ccncc4)nn23)c1)c1ccc(Cl)c(C(F)(F)F)c1,1,IC50,7.22,1,CHEMBL1090083
O=C(Nc1cccc(-c2ccnc3cc(-c4ccncc4)nn23)c1)Nc1cccc(C(F)(F)F)c1,1,IC50,7.6,1,CHEMBL1091843
O=C(Nc1cccc(-c2ccnc3cc(-c4ccncc4)nn23)c1)Nc1ccc(Cl)c(C(F)(F)F)c1,1,IC50,7.4,1,CHEMBL1091844
CN(C)CCNc1cc(-c2cc3nccc(-c4cccc(NC(=O)c5cccc(C(F)(F)F)c5)c4)n3n2)ccn1,1,IC50,7.28,1,CHEMBL1092180
O=C(Nc1cccc(-c2ccnc3cc(-c4ccnc(NCCN5CCOCC5)c4)nn23)c1)c1cccc(C(F)(F)F)c1,1,IC50,6.8,1,CHEMBL1091684
O=C(Nc1cccc(-c2ccnc3cc(-c4ccnc(NCCCN5CCOCC5)c4)nn23)c1)c1cccc(C(F)(F)F)c1,1,IC50,6.89,1,CHEMBL1091685
O=C(Nc1cccc(-c2ccnc3cc(-c4ccnc(NCCN5CCCC5)c4)nn23)c1)c1cccc(C(F)(F)F)c1,1,IC50,7.17,1,CHEMBL1091686
O=C(Nc1cccc(-c2ccnc3cc(-c4ccnc(NCCCN5CCCC5)c4)nn23)c1)c1cccc(C(F)(F)F)c1,1,IC50,6.96,1,CHEMBL1091687
O=C(Nc1cccc(-c2ccnc3cc(-c4ccnc(NCCCN5CCCC5=O)c4)nn23)c1)c1cccc(C(F)(F)F)c1,1,IC50,6.96,1,CHEMBL1091688
O=C(Nc1cccc(-c2ccnc3cc(-c4ccnc(NCCCc5ncc[nH]5)c4)nn23)c1)c1cccc(C(F)(F)F)c1,1,IC50,7.18,1,CHEMBL1091689
O=C(Nc1cccc(-c2ccnc3cc(-c4ccnc(NCCN5CCC(O)CC5)c4)nn23)c1)c1cccc(C(F)(F)F)c1,1,IC50,7.18,1,CHEMBL1091690
Cc1nc2c(Oc3ccc(NC(=O)Nc4cc(C(F)(F)F)ccc4F)c(F)c3)ccnc2[nH]c1=O,1,IC50,8.52,2,CHEMBL1214614
Nc1nc2c(Oc3ccc(NC(=O)Nc4cc(C(F)(F)F)ccc4F)c(F)c3)ccnc2[nH]c1=O,1,IC50,7.52,1,CHEMBL1213689
O=C(Nc1ccc(Oc2ccnc3[nH]c(=O)cnc23)cc1F)Nc1cc(C(F)(F)F)ccc1F,1,IC50,8.4,2,CHEMBL1214612
Nc1nc2nccc(Oc3ccc(NC(=O)Nc4cc(C(F)(F)F)ccc4F)c(F)c3)c2[nH]c1=O,1,IC50,6.78,1,CHEMBL1213690
O=C(Nc1ccc(Oc2ccnc3[nH]c(=O)c(=O)[nH]c23)cc1F)Nc1cc(C(F)(F)F)ccc1F,1,IC50,8.3,2,CHEMBL1213691
O=C(Nc1ccc(Oc2ccnc3[nH]cnc23)cc1F)Nc1cc(C(F)(F)F)ccc1F,1,IC50,7.38,1,CHEMBL1213753
CN(C)c1nc2c(Oc3ccc(NC(=O)Nc4cc(C(F)(F)F)ccc4F)c(F)c3)ccnc2[nH]1,1,IC50,7.6,1,CHEMBL1213754
O=C(Nc1ccc(Oc2ccnc3[nH]c(=O)cnc23)cc1)Nc1ccc(Cl)c(C(F)(F)F)c1,1,IC50,7.96,1,CHEMBL1213821
O=C(Nc1ccc(Oc2ccnc3[nH]c(=O)c(=O)[nH]c23)cc1)Nc1ccc(Cl)c(C(F)(F)F)c1,1,IC50,7.68,1,CHEMBL1213822
Cc1ccc(-n2nc(C(C)(C)C)cc2NC(=O)Nc2ccc(Oc3ccnc4[nH]c(=O)cnc34)cc2)cc1,1,IC50,7.02,2,CHEMBL1213823
O=C(Nc1ccc(Cl)c(C(F)(F)F)c1)Nc1ccc(Oc2ccnc3[nH]c(=O)cnc23)cc1F,1,IC50,8.22,2,CHEMBL1213824
Cn1nc(C(C)(C)C)cc1NC(=O)Nc1ccc(Oc2ccnc3[nH]c(=O)cnc23)cc1F,1,IC50,7.77,2,CHEMBL1213884
CC(C)(C)c1cc(NC(=O)Nc2ccc(Oc3ccnc4[nH]c(=O)c(=O)[nH]c34)cc2F)n(-c2ccccc2)n1,1,IC50,6.72,2,CHEMBL1213885
Cc1ccc(-n2nc(C(C)(C)C)cc2NC(=O)Nc2ccc(Oc3ccnc4[nH]c(=O)c(N)nc34)cc2F)cc1,1,IC50,7.96,2,CHEMBL1213886
Cc1ccc(-n2nc(C(C)(C)C)cc2NC(=O)Nc2ccc(Oc3ccnc4[nH]c(=O)cnc34)cc2F)cc1,1,IC50,7.62,2,CHEMBL1213951
Cc1ccc(-n2nc(C(C)(C)C)cc2NC(=O)Nc2ccc(Oc3ccnc4[nH]c(=O)c(=O)[nH]c34)cc2F)cc1,1,IC50,7.12,2,CHEMBL1212951
CSc1cc(Oc2ccnc3[nH]c(=O)cnc23)ccc1NC(=O)Nc1ccc(Cl)c(C(F)(F)F)c1,1,IC50,8.4,2,CHEMBL1213952
CSc1cc(Oc2ccnc3[nH]c(=O)c(=O)[nH]c23)ccc1NC(=O)Nc1ccc(Cl)c(C(F)(F)F)c1,1,IC50,8.52,2,CHEMBL1213998
CSc1cc(Oc2ccnc3[nH]c(=O)cnc23)ccc1NC(=O)Nc1cc(C(F)(F)F)ccc1F,1,IC50,8.4,2,CHEMBL1213999
CSc1cc(Oc2ccnc3[nH]c(=O)c(=O)[nH]c23)ccc1NC(=O)Nc1cc(C(F)(F)F)ccc1F,1,IC50,8.7,2,CHEMBL1214000
CSc1cc(Oc2ccnc3[nH]c(=O)c(C)nc23)ccc1NC(=O)Nc1cc(C(F)(F)F)ccc1F,1,IC50,8.7,2,CHEMBL1214001
CSc1cc(Oc2ccnc3[nH]c(=O)c(C)nc23)ccc1NC(=O)Nc1cc(C(C)(C)C)nn1-c1ccccc1,1,IC50,8.52,2,CHEMBL1214055
CSc1cc(Oc2ccnc3[nH]c(=O)cnc23)ccc1NC(=O)Nc1cc(C(C)(C)C)nn1-c1ccc(C)cc1,1,IC50,8.3,2,CHEMBL1214056
CSc1cc(Oc2ccnc3[nH]c(=O)c(C)nc23)ccc1NC(=O)Nc1cc(C(C)(C)C)nn1-c1ccc(C)cc1,1,IC50,8.22,2,CHEMBL1214057
Cc1nc2c(Oc3ccc(NC(=O)Nc4cc(C(F)(F)F)ccc4F)c4ccccc34)ccnc2[nH]c1=O,1,IC50,8.4,2,CHEMBL1214058
Nc1nc2c(Oc3ccc(NC(=O)Nc4cc(C(F)(F)F)ccc4F)c4ccccc34)ccnc2[nH]c1=O,1,IC50,8.3,2,CHEMBL1214129
CC(C)(C)c1cc(NC(=O)Nc2ccc(Oc3ccnc4[nH]c(=O)cnc34)c3ccccc23)n(-c2ccccc2)n1,1,IC50,8.1,2,CHEMBL1214131
Cc1nc2c(Oc3ccc(NC(=O)Nc4cc(C(C)(C)C)nn4-c4ccccc4)c4ccccc34)ccnc2[nH]c1=O,1,IC50,8.1,2,CHEMBL1214132
CC(C)(C)c1cc(NC(=O)Nc2ccc(Oc3ccnc4[nH]c(=O)c(N)nc34)c3ccccc23)n(-c2ccccc2)n1,1,IC50,8.15,2,CHEMBL1214133
Cc1ccc(-n2nc(C(C)(C)C)cc2NC(=O)Nc2ccc(Oc3ccnc4[nH]c(=O)cnc34)c3ccccc23)cc1,1,IC50,8.0,2,CHEMBL1214134
Cc1ccc(-n2nc(C(C)(C)C)cc2NC(=O)Nc2ccc(Oc3ccnc4[nH]c(=O)c(C)nc34)c3ccccc23)cc1,1,IC50,8.3,2,CHEMBL1214135
Cc1ccc(-n2nc(C(C)(C)C)cc2NC(=O)Nc2ccc(Oc3ccnc4[nH]c(=O)c(N)nc34)c3ccccc23)cc1,1,IC50,8.15,2,CHEMBL1214136
CC(C)(C)c1cc(NC(=O)Nc2ccc(Oc3ccnc4ncc(=O)[nH]c34)cc2F)n(-c2ccccc2)n1,1,IC50,6.19,2,CHEMBL1214197
Cc1ccc(-n2nc(C(C)(C)C)cc2NC(=O)Nc2ccc(Oc3ccnc4nc(N)c(=O)[nH]c34)cc2F)cc1,1,IC50,7.16,2,CHEMBL1214250
CSc1cc(Oc2ccnc3ncc(=O)[nH]c23)ccc1NC(=O)Nc1ccc(Cl)c(C(F)(F)F)c1,1,IC50,7.15,1,CHEMBL1214251
CSc1cc(Oc2ccnc3ncc(=O)[nH]c23)ccc1NC(=O)Nc1cc(C(F)(F)F)ccc1F,1,IC50,6.61,1,CHEMBL1214252
CSc1cc(Oc2ccnc3ncc(=O)[nH]c23)ccc1NC(=O)Nc1cc(C(C)(C)C)nn1-c1ccccc1,1,IC50,7.0,2,CHEMBL1214324
O=C(Nc1cc(C(F)(F)F)ccc1F)Nc1ccc(Oc2ccnc3ncc(=O)[nH]c23)c2ccccc12,1,IC50,7.08,1,CHEMBL1214325
Cc1nc2nccc(Oc3ccc(NC(=O)Nc4cc(C(F)(F)F)ccc4F)c4ccccc34)c2[nH]c1=O,1,IC50,6.97,1,CHEMBL1214326
Nc1nc2nccc(Oc3ccc(NC(=O)Nc4cc(C(F)(F)F)ccc4F)c4ccccc34)c2[nH]c1=O,1,IC50,7.37,2,CHEMBL1214378
CC(C)(C)c1cc(NC(=O)Nc2ccc(Oc3ccnc4ncc(=O)[nH]c34)c3ccccc23)n(-c2ccccc2)n1,1,IC50,7.32,2,CHEMBL1214380
CC(C)(C)c1cc(NC(=O)Nc2ccc(Oc3ccnc4nc(N)c(=O)[nH]c34)c3ccccc23)n(-c2ccccc2)n1,1,IC50,7.44,2,CHEMBL1214382
Cc1ccc(-n2nc(C(C)(C)C)cc2NC(=O)Nc2ccc(Oc3ccnc4[nH]c(S)nc34)cc2F)cc1,1,IC50,7.26,2,CHEMBL1214438
O=C1CNc2nccc(Oc3ccc(NC(=O)Nc4cc(C(F)(F)F)ccc4F)cc3)c2N1,1,IC50,7.27,1,CHEMBL1214439
Cc1ccc(-n2nc(C(C)(C)C)cc2NC(=O)Nc2ccc(Oc3ccnc4c3NCC(=O)N4)cc2F)cc1,1,IC50,7.96,2,CHEMBL1214440
O=C(Nc1cccc(Oc2ccnc3[nH]c(=O)cnc23)c1)Nc1cc(C(F)(F)F)ccc1F,1,IC50,7.4,1,CHEMBL1214441
CC(C)(C)c1cc(NC(=O)Nc2cccc(Oc3ccnc4[nH]c(=O)cnc34)c2)n(-c2ccccc2)n1,1,IC50,7.24,2,CHEMBL1214505
CC(C)(C)c1cc(NC(=O)Nc2cccc(Oc3ccnc4ncc(=O)[nH]c34)c2)n(-c2ccccc2)n1,1,IC50,6.19,1,CHEMBL1214506
Cc1ccc(-n2nc(C(C)(C)C)cc2NC(=O)Nc2cccc(Oc3ccnc4[nH]c(=O)cnc34)c2)cc1,1,IC50,7.06,2,CHEMBL1214507
Cc1ccc(-n2nc(C(C)(C)C)cc2NC(=O)Nc2cccc(Oc3ccnc4ncc(=O)[nH]c34)c2)cc1,1,IC50,6.24,2,CHEMBL1214561
Cc1ccc(-n2nc(C(C)(C)C)cc2NC(=O)Nc2cccc(Oc3ccnc4[nH]c(=O)c(C)nc34)c2)cc1,1,IC50,7.16,2,CHEMBL1214562
O=C(Nc1cccc(Oc2ccnc3[nH]c(=O)cnc23)c1)c1cccc(OC(F)(F)F)c1,1,IC50,7.68,1,CHEMBL1214563
O=C(Nc1cccc(Oc2ccnc3[nH]c(=O)c(O)nc23)c1)c1cccc(OC(F)(F)F)c1,1,IC50,7.62,1,CHEMBL1214616
CC(C)(C)c1cccc(C(=O)Nc2cccc(Oc3ccnc4[nH]c(=O)cnc34)c2)c1,1,IC50,8.15,2,CHEMBL1214617
CC(C)(C)c1cccc(C(=O)Nc2cccc(Oc3ccnc4ncc(=O)[nH]c34)c2)c1,1,IC50,7.47,1,CHEMBL1214618
Cc1nc2c(Oc3cccc(NC(=O)c4cccc(C(C)(C)C)c4)c3)ccnc2[nH]c1=O,1,IC50,8.0,1,CHEMBL1214619
CC(C)(C)c1cc(NC(=O)c2cccc(Oc3ccnc4[nH]c(=O)cnc34)c2)n(-c2ccccc2)n1,1,IC50,6.06,1,CHEMBL1213693
CN(C)c1cnc2c(Oc3ccc(NC(=O)Nc4cc(C(C)(C)C)nn4-c4ccccc4)c(F)c3)ccnc2n1,0,IC50 (>),5.0,1,CHEMBL1213756
O=C(Nc1ccc(Oc2ccnc3nc(N4CCOCC4)cnc23)cc1F)Nc1cc(C(F)(F)F)ccc1F,1,IC50,7.01,1,CHEMBL1213757
Cc1ccc(-n2nc(C(C)(C)C)cc2NC(=O)Nc2ccc(Oc3ccnc4ncc(=O)[nH]c34)cc2)cc1,1,IC50,6.2,1,CHEMBL1214196
Cc1nc2nccc(Oc3ccc(NC(=O)Nc4cc(C(C)(C)C)nn4-c4ccccc4)c(F)c3)c2[nH]c1=O,1,IC50,6.41,1,CHEMBL1214198
Cc1nc2nccc(Oc3ccc(NC(=O)Nc4cc(C(C)(C)C)nn4-c4ccccc4)c4ccccc34)c2[nH]c1=O,1,IC50,6.85,1,CHEMBL1214381
CN1CCN(c2cnc3c(Oc4ccc(NC(=O)Nc5cc(C(C)(C)C)nn5-c5ccccc5)c(F)c4)ccnc3n2)CC1,1,IC50,6.12,1,CHEMBL1213695
CC(C)(C)c1cc(NC(=O)Nc2ccc(Oc3ccnc4nc(N5CCOCC5)cnc34)cc2F)n(-c2ccccc2)n1,1,IC50,6.12,1,CHEMBL1213758
CNC(=O)c1cc(Oc2ccc(NC(=O)c3ccc(CN4CCN(C)CC4)cc3)cc2)ccn1,0,IC50 (>),4.0,1,CHEMBL1213922
CN1CCN(Cc2ccc(C(=O)Nc3ccc(OCCN4CCOCC4)c4ccccc34)cc2)CC1,0,IC50 (>),4.0,1,CHEMBL1213923
Cc1ccc(NC(=O)Nc2ccc(Cl)c(C(F)(F)F)c2)cc1Nc1nccc(-c2cccnc2)n1,1,IC50,6.74,1,CHEMBL1213924
Cc1ccc(-n2nc(C(C)(C)C)cc2NC(=O)Nc2ccc(C)c(Nc3nccc(-c4cccnc4)n3)c2)cc1,1,IC50,6.38,1,CHEMBL1213973
CNC(=O)c1cc(Oc2ccc(NC(=O)Nc3cc(C(C)(C)C)nn3-c3ccc(C)cc3)cc2)ccn1,1,IC50,6.63,1,CHEMBL1213974
CNC(=O)c1cc(Oc2ccc(NC(=O)Nc3ccc(CN4CCN(C)CC4)cc3)cc2)ccn1,0,IC50 (>),4.0,1,CHEMBL1213975
O=C(Nc1ccc(OCCN2CCOCC2)cc1)Nc1ccc(Cl)c(C(F)(F)F)c1,1,IC50,7.04,1,CHEMBL1213976
CO[C@@H]1[C@H](N(C)C(=O)c2ccccc2)C[C@H]2O[C@]1(C)n1c3ccccc3c3c4c(c5c6ccccc6n2c5c31)C(=O)N[C@H]4O,0,Kd (>),5.0,2,CHEMBL1240703
CC(C)(C)c1cc(NC(=O)Nc2ccc(-c3cn4c(n3)sc3cc(OCCN5CCOCC5)ccc34)cc2)no1,0,Kd (>),5.0,8,CHEMBL576982
C[C@]12O[C@H](C[C@]1(O)CO)n1c3ccccc3c3c4c(c5c6ccccc6n2c5c31)CNC4=O,0,Kd (>),5.0,5,CHEMBL603469
CN(C)CCOc1ccc(-c2nc(-c3ccc(-c4n[nH]cc4C#N)cc3)c(-c3ccncc3)[nH]2)cc1,0,IC50 (>),5.0,2,CHEMBL1253868
CN(C)CCOc1ccc(-c2nc(-c3ccc4c(c3)CC3CC(=O)NN=C43)c(-c3ccncc3)[nH]2)cc1,0,IC50 (>),5.0,2,CHEMBL1254044
CN(C)CCOc1ccc(-c2nc(-c3ccc4c(c3)Cc3cn[nH]c3-4)c(-c3ccncc3)[nH]2)cc1,1,IC50,6.64,1,CHEMBL1254134
CN(C)CCOc1ccc(-c2nc(-c3ccc4c(c3)Cc3nn[nH]c3-4)c(-c3ccncc3)[nH]2)cc1,0,IC50 (>),5.0,1,CHEMBL1254135
CN1CCN(c2ccc(-c3nc(-c4ccc5c(c4)Cc4cn[nH]c4-5)c(-c4ccncc4)[nH]3)cc2)CC1,1,IC50,6.62,2,CHEMBL1254229
CN(C)CCN1CCN(C(=O)c2cc(-c3ccc4c(c3)Cc3cnn(C)c3-4)c(-c3ccncc3)o2)CC1,0,IC50 (>),5.0,2,CHEMBL1254470
CN(C)CCOc1ccc(-c2nc(-c3ccc4c(ccc5cn[nH]c54)c3)c(-c3ccncc3)[nH]2)cc1,0,IC50,4.6,1,CHEMBL1254043
CN(C)CCN1CCN(C(=O)c2cc(-c3ccc4c(c3)Cc3cn[nH]c3-4)c(-c3ccncc3)o2)CC1,1,IC50,6.13,1,CHEMBL1254315
O=C(c1cc(-c2ccc3c(c2)Cc2cn[nH]c2-3)c(-c2ccncc2)o1)N1CCOCC1,1,IC50,6.08,1,CHEMBL1254316
O=C(c1cc(-c2ccc3c(c2)Cc2cn[nH]c2-3)c(-c2ccncc2)o1)N1CCNCC1,1,IC50,6.01,1,CHEMBL1254389
CN1CCN(C(=O)c2cc(-c3ccc4c(c3)Cc3cn[nH]c3-4)c(-c3ccncc3)o2)CC1,1,IC50,6.14,1,CHEMBL1254390
Cn1ccc2ncnc(Oc3ccc(NC(=O)Nc4cccc(C(F)(F)F)c4)c(F)c3)c21,1,IC50,6.05,1,CHEMBL1254007
CNc1ncnc2c(CNc3cc(NC(=O)c4cc(=O)c5ccccc5o4)ccc3C)cccc12,0,IC50,4.71,1,CHEMBL1257719
CC(C)(C)c1cc(NC(=O)Nc2cccc(Cl)c2Cl)n(-c2cccc(CC(N)=O)c2)n1,1,IC50,7.77,1,CHEMBL1271376
CN1C[C@@H]2C[C@H]1CN2c1cccc(-c2ccnc3c(-c4cccc5[nH]ncc45)c(-c4ccncc4)nn23)c1,1,IC50,7.21,1,CHEMBL1276968
c1cc(-c2c(-c3ccncc3)nn3c(-c4ccc(CN5C[C@@H]6C[C@H]5CO6)cc4)ccnc23)c2cn[nH]c2c1,1,IC50,8.0,1,CHEMBL1277056
CN1C[C@@H]2C[C@H]1CN2c1c(F)cc(-c2ccnc3c(-c4cccc5[nH]ncc45)c(-c4ccncc4)nn23)cc1F,1,IC50,8.02,1,CHEMBL1276180
CN(C)c1cc(N2C[C@@H]3C[C@H]2CN3C)ccc1-c1ccnc2c(-c3cccc4[nH]ncc34)c(-c3ccncc3)nn12,1,IC50,8.14,1,CHEMBL1276173
c1cc(-c2c(-c3ccncc3)nn3c(-c4ccc(CN5C[C@@H]6C[C@H]5CN6)cc4)ccnc23)c2cn[nH]c2c1,1,IC50,8.64,1,CHEMBL1276191
CN1C[C@@H]2C[C@H]1CN2c1ccc(-c2ccnc3c(-c4cccc5[nH]ncc45)c(-c4ccncc4)nn23)cc1C(F)(F)F,1,IC50,8.7,1,CHEMBL1276175
CN1C[C@@H]2C[C@H]1CN2c1ccc(-c2ccnc3c(-c4cccc5[nH]ncc45)c(-c4ccncc4)nn23)cc1F,1,IC50,8.72,1,CHEMBL1276174
CN1C[C@@H]2C[C@H]1CC2c1cc(F)ccc1-c1ccnc2c(-c3cccc4[nH]ncc34)c(-c3ccncc3)nn12,1,IC50,8.85,1,CHEMBL1276182
CN1C[C@@H]2C[C@H]1CN2c1ccc(-c2ccnc3c(-c4cccc5[nH]ncc45)c(-c4ccncc4)nn23)c(C(F)(F)F)c1,1,IC50,8.85,1,CHEMBL1276172
Fc1cc(CN2C[C@@H]3C[C@H]2CO3)ccc1-c1ccnc2c(-c3cccc4[nH]ncc34)c(-c3ccncc3)nn12,1,IC50,8.92,1,CHEMBL1276189
CN1C[C@@H]2C[C@H]1CN2c1ccc(-c2ccnc3c(-c4cccc5[nH]ncc45)c(-c4ccncc4)nn23)cc1,1,IC50,8.92,1,CHEMBL1278218
CN1C[C@@H]2C[C@H]1CN2c1ccc(-c2ccnc3c(-c4cccc5[nH]ncc45)c(-c4ccncc4)nn23)c2ccccc12,1,IC50,9.0,1,CHEMBL1276176
Fc1cc(CN2C3COCC2COC3)ccc1-c1ccnc2c(-c3cccc4[nH]ncc34)c(-c3ccncc3)nn12,1,IC50,9.11,1,CHEMBL1276192
CN1C[C@@H]2CC[C@H]1CN2c1ccc(-c2ccnc3c(-c4cccc5[nH]ncc45)c(-c4ccncc4)nn23)cc1,1,IC50,9.15,1,CHEMBL1276187
CN1C[C@@H]2C[C@H]1CN2c1ccc(-c2ccnc3c(-c4cccc5[nH]ncc45)c(-c4ccncc4)nn23)c(F)c1F,1,IC50,9.21,1,CHEMBL1276177
Fc1cc(CN2C[C@H]3C[C@@H]2CO3)ccc1-c1ccnc2c(-c3cccc4[nH]ncc34)c(-c3ccncc3)nn12,1,IC50,9.28,1,CHEMBL1276190
Cc1cc(N2C[C@@H]3C[C@H]2CN3C)ccc1-c1ccnc2c(-c3cccc4[nH]ncc34)c(-c3ccncc3)nn12,1,IC50,9.29,1,CHEMBL1276168
CN1C[C@@H]2C[C@H]1CN2c1ccc(-c2ccnc3c(-c4ccc(F)c5[nH]ncc45)c(-c4ccncc4)nn23)cc1,1,IC50,9.3,1,CHEMBL1276183
CN1C[C@@H]2CC[C@H]1CN2c1ccc(-c2ccnc3c(-c4cccc5[nH]ncc45)c(-c4ccncc4)nn23)c(F)c1,1,IC50,9.39,1,CHEMBL1276188
CN1C[C@@H]2C[C@H]1CN2c1cc(F)c(-c2ccnc3c(-c4cccc5[nH]ncc45)c(-c4ccncc4)nn23)cc1F,1,IC50,9.42,1,CHEMBL1276178
CN1C[C@@H]2C[C@H]1CN2c1c(F)c(F)c(-c2ccnc3c(-c4cccc5[nH]ncc45)c(-c4ccncc4)nn23)c(F)c1F,1,IC50,9.46,1,CHEMBL1276181
CN1C[C@@H]2C[C@H]1CN2c1ccc(-c2ccnc3c(-c4cccc5[nH]ncc45)c(-c4ccncc4)nn23)c(F)c1,1,IC50,9.64,1,CHEMBL1276169
CN1C[C@@H]2C[C@H]1CN2c1cc(F)c(-c2ccnc3c(-c4cccc5[nH]ncc45)c(-c4ccncc4)nn23)c(F)c1,1,IC50,9.8,1,CHEMBL1276179
CN1C[C@@H]2C[C@H]1CN2c1cc(F)c(-c2ccnc3c(-c4ccc(F)c5[nH]ncc45)c(-c4ccncc4)nn23)c(F)c1,1,IC50,9.96,1,CHEMBL1276186
COc1ccc2cc(-c3n[nH]c4cccnc34)[nH]c2c1,0,IC50 (>),4.52,1,CHEMBL1288582
Cc1cc(Nc2c(-c3ncccn3)oc3cnccc23)c2cn[nH]c2c1Cl,1,IC50,9.52,1,CHEMBL1667922
O/N=C1\NCc2cc(Nc3c(-c4ncccn4)oc4cnccc34)ccc21,1,IC50,9.3,1,CHEMBL1667899
CCc1n[nH]c2c(Cl)ccc(Nc3c(-c4ncccn4)oc4cnccc34)c12,1,IC50,9.1,1,CHEMBL1667923
OCCCc1n[nH]c2c(Cl)ccc(Nc3c(-c4ncccn4)oc4cnccc34)c12,1,IC50,9.1,1,CHEMBL1667924
Oc1cccc2cc(Nc3c(-c4ncccn4)oc4cnccc34)ccc12,1,IC50,9.0,1,CHEMBL1667910
CCOC(=O)c1oc2cnccc2c1Nc1ccc2c(O)cccc2c1,1,IC50,8.96,1,CHEMBL1667906
CC(C)NC(=O)c1oc2cnccc2c1Nc1ccc2c(O)cccc2c1,1,IC50,8.85,1,CHEMBL1667908
O=C(Nc1ccncn1)c1oc2cnccc2c1Nc1ccc2c(O)cccc2c1,1,IC50,8.85,1,CHEMBL1614960
Oc1cc(Nc2c(-c3ncccn3)oc3cnccc23)ccc1Cl,1,IC50,8.85,1,CHEMBL1614963
O=C(Nc1ncccn1)c1oc2cnccc2c1Nc1ccc(Cl)c(O)c1,1,IC50,8.8,1,CHEMBL1667914
CN1CCN(Cc2cnc(-c3oc4cnccc4c3Nc3ccc4c(O)cccc4c3)nc2)CC1,1,IC50,8.7,1,CHEMBL1667911
Fc1ccc(Nc2c(-c3ncccn3)oc3cnccc23)c2cn[nH]c12,1,IC50,8.7,1,CHEMBL1667921
CCOC(=O)c1oc2cnccc2c1Nc1ccc(Cl)c(O)c1,1,IC50,8.64,1,CHEMBL1667912
Cc1ccc(Nc2c(-c3ncccn3)oc3cnccc23)c2cn[nH]c12,1,IC50,8.62,1,CHEMBL1667920
CC(C)NC(=O)c1oc2cnccc2c1Nc1ccc(Cl)c2[nH]ncc12,1,IC50,8.57,1,CHEMBL1667919
CCOC(=O)c1oc2cnccc2c1Nc1ccc2c(O)c(F)ccc2c1,1,IC50,8.52,1,CHEMBL1667907
c1cnc(-c2oc3cnccc3c2Nc2ccc3c(c2)Cc2c[nH]nc2-3)nc1,1,IC50,8.4,1,CHEMBL1667902
CC(C)NC(=O)c1oc2cnccc2c1Nc1ccc(Cl)c(O)c1,1,IC50,8.4,1,CHEMBL1667913
Clc1ccc(Nc2c(-c3ncccn3)oc3cnccc23)c2cn[nH]c12,1,IC50,8.38,1,CHEMBL1667916
NCCCc1n[nH]c2c(Cl)ccc(Nc3c(-c4ncccn4)oc4cnccc34)c12,1,IC50,8.37,1,CHEMBL1667865
CN(C)/C=C/NC(=O)c1oc2cnccc2c1Nc1ccc2c(O)cccc2c1,1,IC50,8.3,1,CHEMBL1667909
CC(C)NC(=O)c1oc2cnccc2c1Nc1ccc2c(c1)CN/C2=N\O,1,IC50,8.28,1,CHEMBL1667896
Clc1cc(Nc2c(-c3ncccn3)oc3cnccc23)c2cn[nH]c2c1,1,IC50,8.24,1,CHEMBL1667917
c1cnc(-c2oc3cnccc3c2Nc2cccc3[nH]ncc23)nc1,1,IC50,7.85,1,CHEMBL1667915
O=C1CCc2cc(Nc3c(-c4ncccn4)oc4cnccc34)ccc21,1,IC50,7.8,1,CHEMBL1667897
CCOC(=O)c1oc2cnccc2c1Nc1cnc2ccccc2c1,1,IC50,7.52,1,CHEMBL1667904
CC(C)NC(=O)c1oc2cnccc2c1Nc1ccc2c(c1)Cc1c[nH]nc1-2,1,IC50,7.42,1,CHEMBL1667900
CN/C=C/NC(=O)c1oc2cnccc2c1Nc1ccc2c(c1)Cc1c[nH]nc1-2,1,IC50,7.37,1,CHEMBL1667901
CCOC(=O)c1oc2cnccc2c1Nc1ccc2c(N)cccc2c1,1,IC50,7.28,1,CHEMBL1667905
CCOC(=O)c1oc2cnccc2c1Nc1ccc2c(c1)CCC2=O,1,IC50,7.03,1,CHEMBL1667898
CCOC(=O)c1oc2cnccc2c1Nc1ccc2ccccc2c1,1,IC50,6.75,1,CHEMBL1667903
Clc1ccc2[nH]ncc2c1Nc1c(-c2ncccn2)oc2cnccc12,1,IC50,6.62,1,CHEMBL1667918
CCOC(=O)c1nc2cnccn2c1Nc1ccc2c(c1)CC/C2=N\O,1,IC50,7.8,1,CHEMBL1668905
O/N=C1/CCc2cc(Nc3c(-c4ccco4)nc4cnccn34)ccc21,1,IC50,8.4,1,CHEMBL1668908
CCOC(=O)c1sc2cnccc2c1Nc1ccc2c(c1)CC/C2=N/O,1,IC50,8.52,2,CHEMBL1668909
CN(C)C(=O)c1sc2cnccc2c1Nc1ccc2c(c1)CC/C2=N/O,1,IC50,7.4,1,CHEMBL1668910
CN(C)CCNC(=O)c1sc2cnccc2c1Nc1ccc2c(c1)CC/C2=N/O,1,IC50,7.28,1,CHEMBL1668911
O/N=C1/CCc2cc(Nc3csc4cnccc34)ccc21,1,IC50,7.5,1,CHEMBL1668912
O/N=C1/CCc2cc(Nc3c(-c4ccccc4)sc4cnccc34)ccc21,1,IC50,8.52,1,CHEMBL1668913
O/N=C1/CCc2cc(Nc3c(-c4cccnc4)sc4cnccc34)ccc21,1,IC50,8.52,2,CHEMBL1668914
CN(C)C(=O)c1oc2cnccc2c1Nc1ccc2c(c1)CC/C2=N\O,1,IC50,8.3,2,CHEMBL1668916
CN(C)CCNC(=O)c1oc2cnccc2c1Nc1ccc2c(c1)CC/C2=N\O,1,IC50,8.7,2,CHEMBL1668917
Cc1ccc(-c2oc3cnccc3c2Nc2ccc3c(c2)CC/C3=N\O)cc1,1,IC50,8.52,1,CHEMBL1668918
O/N=C1\CCc2cc(Nc3c(-c4ncccn4)oc4cnccc34)ccc21,1,IC50,9.7,2,CHEMBL1668922
CCCC(=O)c1sc2cnccc2c1Nc1ccc2c(c1)CC/C2=N/O,1,IC50,6.85,1,CHEMBL1668915
CCOC(=O)c1oc2cnccc2c1Nc1ccc2c(c1)CC/C2=N/O,1,IC50,7.52,1,CHEMBL1667925
O/N=C1\CCc2cc(Nc3c(-c4ccccn4)oc4cnccc34)ccc21,1,IC50,6.82,1,CHEMBL1668919
O/N=C1/CCc2cc(Nc3c(-c4cccnc4)oc4cnccc34)ccc21,1,IC50,6.02,1,CHEMBL1668920
Cc1cc(-c2oc3cnccc3c2Nc2ccc3c(c2)CC/C3=N\O)no1,1,IC50,6.44,1,CHEMBL1668921
COc1ccc(Cn2ncc(NC(=O)c3cc(NC(=O)Nc4ccc(Cl)c(C(F)(F)F)c4)ccc3C)c2N)cc1,1,IC50,8.48,1,CHEMBL1684800
O=C(Nc1ccc([N+](=O)[O-])cc1Cl)c1cc(Cl)ccc1O,0,IC50 (>),4.0,2,CHEMBL1448
CN(C)Cc1cc(C(=O)N[C@@H]2CCc3ccc(Oc4ccnc5c4CCC(=O)N5)cc3C2)cc(C(F)(F)F)c1,1,IC50,8.57,5,CHEMBL1688860;CHEMBL3764357
CC(C)(N)c1cc(C(=O)N[C@@H]2CCc3ccc(Oc4ccnc5c4CCC(=O)N5)cc3C2)cc(C(F)(F)F)c1,1,IC50,8.68,5,CHEMBL1688861;CHEMBL3764895
CNC(=O)c1cc(Oc2ccc(CCC(=O)Nc3ccc(Cl)c(C(F)(F)F)c3)cc2)ccn1,1,IC50,7.21,1,CHEMBL1688862
CNC(=O)c1cc(Oc2cccc(CCC(=O)Nc3ccc(Cl)c(C(F)(F)F)c3)c2)ccn1,1,IC50,7.33,1,CHEMBL1688863
CNC(=O)c1cc(Oc2ccc3c(c2)CC(C(=O)Nc2ccc(Cl)c(C(F)(F)F)c2)CC3)ccn1,1,IC50,7.5,1,CHEMBL1688864
CNC(=O)c1cc(Oc2ccc3c(c2)CC(C(=O)Nc2ccc(CN)c(C(F)(F)F)c2)CC3)ccn1,1,IC50,7.58,1,CHEMBL1688865
CNC(=O)c1cc(Oc2ccc3c(c2)CC(C(=O)Nc2cc(CN)cc(C(F)(F)F)c2)CC3)ccn1,1,IC50,7.7,1,CHEMBL1688866
CC(=O)Nc1cc(Oc2ccc3c(c2)C[C@@H](C(=O)Nc2cc(CN)cc(C(F)(F)F)c2)CC3)ccn1,1,IC50,8.15,1,CHEMBL1688867
NCc1cc(NC(=O)C2CCc3ccc(Oc4ccnc(NC(=O)C5CC5)c4)cc3C2)cc(C(F)(F)F)c1,1,IC50,8.1,1,CHEMBL1688868
NCc1cc(NC(=O)[C@H]2CCc3ccc(Oc4ccnc(NC(=O)C5CC5)c4)cc3C2)cc(C(F)(F)F)c1,1,IC50,8.3,1,CHEMBL1688869
NCc1cc(NC(=O)[C@@H]2CCc3ccc(Oc4ccnc(NC(=O)C5CC5)c4)cc3C2)cc(C(F)(F)F)c1,1,IC50,8.22,1,CHEMBL1688870
CN(C)Cc1cc(NC(=O)[C@H]2CCc3ccc(Oc4ccnc(NC(=O)C5CC5)c4)cc3C2)cc(C(F)(F)F)c1,1,IC50,8.4,1,CHEMBL1688871
CC(C)NCc1cc(NC(=O)C2CCc3ccc(Oc4ccnc(NC(=O)C5CC5)c4)cc3C2)cc(C(F)(F)F)c1,1,IC50,8.3,1,CHEMBL1688872
CC(C)NCc1cc(NC(=O)[C@H]2CCc3ccc(Oc4ccnc5c4CCC(=O)N5)cc3C2)cc(C(F)(F)F)c1,1,IC50,8.48,1,CHEMBL1688873
CC(C)(N)c1cc(NC(=O)[C@H]2CCc3ccc(Oc4ccnc5c4CCC(=O)N5)cc3C2)cc(C(F)(F)F)c1,1,IC50,8.54,1,CHEMBL1614728
CN(C)Cc1cc(C(=O)N[C@@H]2CCc3ccc(Oc4ccnc(NC(=O)C5CC5)c4)cc3C2)cc(C(F)(F)F)c1,1,IC50,8.54,1,CHEMBL1688874
CN(C)Cc1cc(C(=O)N[C@H]2CCc3ccc(Oc4ccnc(NC(=O)C5CC5)c4)cc3C2)cc(C(F)(F)F)c1,1,IC50,8.49,1,CHEMBL1688875
CNCc1cc(C(=O)N[C@@H]2CCc3ccc(Oc4ccnc5c4CCC(=O)N5)cc3C2)cc(C(F)(F)F)c1,1,IC50,8.66,3,CHEMBL1688876;CHEMBL3764238
Cn1cc(-c2ccc3c(c2)CCc2c[nH]nc2-3)c(-c2ccncc2)n1,1,IC50,7.64,1,CHEMBL1780149
Cn1cc(-c2ccc3c(c2)Cc2n[nH]nc2-3)c(-c2ccncc2)n1,1,IC50,7.96,1,CHEMBL1780151
Cn1cc(-c2ccc(-c3cn[nH]n3)cc2)c(-c2ccncc2)n1,1,IC50,7.26,1,CHEMBL1780152
Cn1cc(-c2ccc(-c3cc[nH]c3)cc2)c(-c2ccncc2)n1,1,IC50,6.1,1,CHEMBL1780153
Cn1cc(-c2ccc3c(c2)CNC3=O)c(-c2ccncc2)n1,1,IC50,7.03,1,CHEMBL1780154
CNC(=O)c1ccc(-c2cn(C)nc2-c2ccncc2)cc1,1,IC50,6.19,1,CHEMBL1780155
Cn1cc(-c2cccc3[nH]ncc23)c(-c2ccncc2)n1,1,IC50,6.33,1,CHEMBL1780157
Cn1cc(-c2ccc3[nH]ccc3c2)c(-c2ccncc2)n1,1,IC50,6.07,1,CHEMBL1780159
Cn1cc(-c2ccc3cc[nH]c3c2)c(-c2ccncc2)n1,1,IC50,6.48,1,CHEMBL1780160
Cn1cc(-c2ccc3c(O)cccc3c2)c(-c2ccncc2)n1,1,IC50,8.85,1,CHEMBL1780161
Cn1cc(-c2ccc3cc(O)ccc3c2)c(-c2ccncc2)n1,1,IC50,7.11,1,CHEMBL1780162
c1cc(-c2nn(C3CCNCC3)cc2-c2ccc3c(c2)Cc2c[nH]nc2-3)ccn1,1,IC50,8.52,2,CHEMBL1780165
CN1CCC(n2cc(-c3ccc4c(c3)Cc3c[nH]nc3-4)c(-c3ccncc3)n2)CC1,1,IC50,8.1,2,CHEMBL1780166
c1cc(-c2nn(C3CC4CCC(C3)N4)cc2-c2ccc3c(c2)Cc2c[nH]nc2-3)ccn1,1,IC50,9.24,2,CHEMBL1780167
c1cc(-c2nn(C3CCCNC3)cc2-c2ccc3c(c2)Cc2c[nH]nc2-3)ccn1,1,IC50,8.43,1,CHEMBL1780168
c1cc(-c2nn(C3CCCNCC3)cc2-c2ccc3c(c2)Cc2c[nH]nc2-3)ccn1,1,IC50,8.49,1,CHEMBL1780169
N[C@H]1CC[C@H](n2cc(-c3ccc4c(c3)Cc3c[nH]nc3-4)c(-c3ccncc3)n2)CC1,1,IC50,9.18,2,CHEMBL1780170
N[C@H]1CC[C@@H](n2cc(-c3ccc4c(c3)Cc3c[nH]nc3-4)c(-c3ccncc3)n2)CC1,1,IC50,7.64,1,CHEMBL1780171
CNCCn1cc(-c2ccc3c(c2)Cc2c[nH]nc2-3)c(-c2ccncc2)n1,1,IC50,7.14,1,CHEMBL1780172
O[C@@H]1CCC[C@H](n2cc(-c3ccc4c(c3)Cc3c[nH]nc3-4)c(-c3ccncc3)n2)C1,1,IC50,8.7,2,CHEMBL1780173
c1ccc(-n2cc(-c3ccc4c(c3)Cc3c[nH]nc3-4)c(-c3ccncc3)n2)cc1,1,IC50,8.34,1,CHEMBL1780174
O[C@@H]1CNCC[C@H]1n1cc(-c2ccc3c(c2)Cc2c[nH]nc2-3)c(-c2ccncc2)n1,1,IC50,8.31,1,CHEMBL1780175
c1cc(-c2nn(C3CC4COCC(C3)N4)cc2-c2ccc3c(c2)Cc2c[nH]nc2-3)ccn1,1,IC50,8.3,2,CHEMBL1780176
F[C@@H]1CNCC[C@H]1n1cc(-c2ccc3c(c2)Cc2c[nH]nc2-3)c(-c2ccncc2)n1,1,IC50,8.85,4,CHEMBL1780177
F[C@H]1CNCC[C@H]1n1cc(-c2ccc3c(c2)Cc2c[nH]nc2-3)c(-c2ccncc2)n1,1,IC50,8.42,2,CHEMBL1780178
F[C@H]1CCNC[C@H]1n1cc(-c2ccc3c(c2)Cc2c[nH]nc2-3)c(-c2ccncc2)n1,1,IC50,8.49,1,CHEMBL1780179
F[C@H]1CNCC[C@@H]1n1cc(-c2ccc3c(c2)Cc2c[nH]nc2-3)c(-c2ccncc2)n1,1,IC50,8.9,2,CHEMBL1780180
O=C(NCCN1CCOCC1)c1cc(Oc2ccc3sc(Nc4ccc(Br)cc4)nc3c2)ccn1,1,IC50,6.62,1,CHEMBL1778411
CC(C)(C)c1cccc(Nc2nc3cc(Oc4ccnc(C(N)=O)c4)ccc3s2)c1,1,IC50,8.7,1,CHEMBL1778410
CNC(=O)c1cc(Oc2ccc3sc(Nc4ccc(OC(F)(F)F)cc4)nc3c2)ccn1,1,IC50,7.75,1,CHEMBL1778409
CNC(=O)c1cc(Oc2ccc3sc(Nc4ccc(C(C)C)cc4)nc3c2)ccn1,1,IC50,7.72,1,CHEMBL1778408
CCCCc1ccc(Nc2nc3cc(Oc4ccnc(C(=O)NC)c4)ccc3s2)cc1,1,IC50,7.19,1,CHEMBL1778407
CNC(=O)c1cc(Oc2ccc3sc(Nc4ccc(C)cc4)nc3c2)ccn1,1,IC50,7.58,1,CHEMBL1778406
CNC(=O)c1cc(Oc2ccc3sc(Nc4ccc(Br)cc4)nc3c2)ccn1,1,IC50,8.15,1,CHEMBL1778405
CNC(=O)c1cc(Oc2ccc3sc(Nc4ccc(Cl)cc4)nc3c2)ccn1,1,IC50,7.82,1,CHEMBL1778404
CNC(=O)c1cc(Oc2ccc3sc(Nc4cccc(C(C)(C)C)c4)nc3c2)ccn1,1,IC50,8.4,1,CHEMBL1778403
CC(C)c1cccc(Nc2nc3cc(Oc4ccnc(C(=O)NCCN5CCOCC5)c4)ccc3o2)c1,1,IC50,6.7,1,CHEMBL1778402
CC(C)c1cccc(Nc2nc3cc(Oc4ccnc(C(N)=O)c4)ccc3o2)c1,1,IC50,8.4,1,CHEMBL1778401
CCN1CCN(c2ccc(Nc3nc4cc(Oc5ccnc(C(=O)NC)c5)ccc4o3)cc2)CC1,0,IC50,4.77,1,CHEMBL1778400
CNC(=O)c1cc(Oc2ccc3oc(Nc4ccc(N(C)C)cc4)nc3c2)ccn1,1,IC50,6.89,1,CHEMBL1778399
CNC(=O)c1cc(Oc2ccc3oc(Nc4ccc(Oc5ccccc5)cc4)nc3c2)ccn1,1,IC50,6.17,1,CHEMBL1778398
CNC(=O)c1cc(Oc2ccc3oc(Nc4ccc(OC(F)(F)F)cc4)nc3c2)ccn1,1,IC50,7.92,1,CHEMBL1778397
CCCCc1ccc(Nc2nc3cc(Oc4ccnc(C(=O)NC)c4)ccc3o2)cc1,1,IC50,7.96,1,CHEMBL1778396
CNC(=O)c1cc(Oc2ccc3oc(Nc4ccc(C(C)C)cc4)nc3c2)ccn1,1,IC50,8.22,1,CHEMBL1778395
CCc1ccc(Nc2nc3cc(Oc4ccnc(C(=O)NC)c4)ccc3o2)cc1,1,IC50,8.3,1,CHEMBL1778394
CNC(=O)c1cc(Oc2ccc3oc(Nc4ccc(Br)cc4)nc3c2)ccn1,1,IC50,7.6,1,CHEMBL1778393
CNC(=O)c1cc(Oc2ccc3oc(Nc4ccc(Cl)cc4)nc3c2)ccn1,1,IC50,7.68,1,CHEMBL1162958
CNC(=O)c1cc(Oc2ccc3oc(Nc4cccc(C(F)(F)F)c4)nc3c2)ccn1,1,IC50,6.96,1,CHEMBL1778391
CCc1ccccc1Nc1nc2cc(Oc3ccnc(C(=O)NC)c3)ccc2o1,1,IC50,6.47,1,CHEMBL1778294
CNC(=O)c1cc(Oc2ccc3oc(Nc4ccccc4Cl)nc3c2)ccn1,1,IC50,6.58,1,CHEMBL1778293
CNC(=O)c1cc(Oc2ccc3oc(Nc4ccccc4F)nc3c2)ccn1,1,IC50,6.24,1,CHEMBL1778292
CNC(=O)c1cc(Oc2ccc3oc(Nc4cccc(C(C)(C)C)c4)nc3c2)ccn1,1,IC50,8.22,1,CHEMBL1778291
Cn1cc(-c2ccc(C(=O)N3N=C(c4cccnc4)CC3c3c(O)cccc3F)s2)cn1,1,IC50,8.52,2,CHEMBL1779424
O=C(c1ccc(-c2ccccn2)s1)N1N=C(c2cccnc2)CC1c1ccccc1,1,IC50,6.1,1,CHEMBL1779295
O=C(c1ccc(-c2ccc3c(c2)CNC3)s1)N1N=C(c2cccnc2)CC1c1ccccc1O,1,IC50,8.4,2,CHEMBL1779294
O=C(c1ccc(-c2ccc3c(c2)CCNC3)s1)N1N=C(c2cccnc2)CC1c1ccccc1O,1,IC50,8.3,2,CHEMBL1779293
O=C(c1ccc(-c2ccc3c(c2)CNCC3)s1)N1N=C(c2cccnc2)CC1c1ccccc1O,1,IC50,8.4,2,CHEMBL1779292
O=C(c1ccc(-c2cccc(CN3CCCC3)c2)s1)N1N=C(c2cccnc2)CC1c1ccccc1O,1,IC50,8.22,2,CHEMBL1779290
NCc1cccc(-c2ccc(C(=O)N3N=C(c4cccnc4)CC3c3ccccc3O)s2)c1,1,IC50,8.22,2,CHEMBL1779288
Cn1cc(-c2ccc(C(=O)N3N=C(c4cccnc4)CC3c3ccccc3O)s2)cn1,1,IC50,8.05,2,CHEMBL1779286
Cc1ccccc1-c1ccc(C(=O)N2N=C(c3cccnc3)CC2c2ccccc2O)s1,1,IC50,7.1,1,CHEMBL1779284
NCc1ccc(-c2ccc(C(=O)N3N=C(c4cccnc4)CC3c3ccccc3O)s2)cc1,1,IC50,8.3,2,CHEMBL1779291
NCc1ccccc1-c1ccc(C(=O)N2N=C(c3cccnc3)CC2c2ccccc2O)s1,1,IC50,8.0,2,CHEMBL1779289
O=C(c1ccc(-c2ccc(CO)cc2)s1)N1N=C(c2cccnc2)CC1c1ccccc1O,1,IC50,8.3,2,CHEMBL1779287
Cc1nc(-c2ccc(C(=O)N3N=C(c4cccnc4)CC3c3ccccc3O)s2)cs1,1,IC50,8.15,2,CHEMBL1779285
O=C(c1ccc(-c2ccccn2)s1)N1N=C(c2cccnc2)CC1c1ccc(F)cc1O,1,IC50,7.96,1,CHEMBL1779423
O=C(c1ccc(-c2ccccn2)s1)N1N=C(c2cccnc2)CC1c1cc(F)ccc1O,1,IC50,8.15,2,CHEMBL1779422
O=C(c1ccc(-c2ccccn2)s1)N1N=C(c2cccnc2)CC1c1cccc(F)c1O,1,IC50,7.89,1,CHEMBL1779421
O=C(c1ccc(-c2ccccn2)s1)N1N=C(c2cccnc2)CC1c1c(O)cccc1F,1,IC50,8.3,2,CHEMBL1779297
NCc1ccccc1-c1ccc(C(=O)N2N=C(c3cccnc3)CC2c2c(O)cccc2F)s1,1,IC50,8.15,2,CHEMBL1779592
O=C(c1ccc(-c2cccc(CN3CCCC3)c2)s1)N1N=C(c2cccnc2)CC1c1c(O)cccc1F,1,IC50,8.1,2,CHEMBL1778665
NCc1ccc(-c2ccc(C(=O)N3N=C(c4cccnc4)CC3c3c(O)cccc3F)s2)cc1,1,IC50,8.52,2,CHEMBL1778667
O=C(c1ccc(-c2ccc3c(c2)CNCC3)s1)N1N=C(c2cccnc2)CC1c1c(O)cccc1F,1,IC50,8.52,2,CHEMBL1778668
O=C(c1ccc(-c2ccc3c(c2)CCNC3)s1)N1N=C(c2cccnc2)CC1c1c(O)cccc1F,1,IC50,8.52,2,CHEMBL1778669
O=C(c1ccc(-c2ccc3c(c2)CNC3)s1)N1N=C(c2cccnc2)CC1c1c(O)cccc1F,1,IC50,8.7,2,CHEMBL1778670
NCc1ccccc1-c1ccc(C(=O)N2N=C(c3cncc(F)c3)CC2c2ccccc2O)s1,1,IC50,7.68,2,CHEMBL1778671
NCc1ccccc1-c1ccc(C(=O)N2N=C(c3cncc(N)c3)CC2c2ccccc2O)s1,1,IC50,8.15,2,CHEMBL1778672
CC(=O)Nc1cncc(C2=NN(C(=O)c3ccc(-c4ccccn4)s3)C(c3ccccc3O)C2)c1,1,IC50,8.52,2,CHEMBL1778673
O=C(c1ccc(-c2ccccn2)s1)N1N=C(c2cncc(CO)c2)CC1c1ccccc1O,1,IC50,8.52,2,CHEMBL1778674
Nc1cncc(C2=NN(C(=O)c3ccc(-c4ccccn4)s3)C(c3ccccc3O)C2)c1,1,IC50,8.52,2,CHEMBL1778675
O=C(c1ccc(-c2ccc3c(c2)CNC3)s1)N1N=C(c2cncc(CO)c2)CC1c1c(O)cccc1F,1,IC50,8.52,2,CHEMBL1779280
NCc1ccccc1-c1ccc(C(=O)N2N=C(c3cncc(N)c3)CC2c2c(O)cccc2F)s1,1,IC50,8.4,2,CHEMBL1779281
Nc1cncc(C2=NN(C(=O)c3ccc(-c4ccccn4)s3)C(c3c(O)cccc3F)C2)c1,1,IC50,8.52,2,CHEMBL1779282
O=C(c1ccc(-c2cccc3c2CCNC3)s1)N1N=C(c2cccnc2)CC1c1c(O)cccc1F,1,IC50,6.75,1,CHEMBL1779283
O=C(c1ccco1)N1N=C(c2cccnc2)CC1c1ccccc1O,1,IC50,6.7,2,CHEMBL1779593
CNC(=O)c1ncc(C#Cc2cc(C(=O)Nc3ccc(CN4CCN(CCO)CC4)c(C(F)(F)F)c3)ccc2C)n1C,1,IC50,7.7,2,CHEMBL1784637
O=C(c1cccs1)N1N=C(c2cccnc2)CC1c1ccccc1O,1,IC50,7.77,2,CHEMBL1782188
O=S(=O)(c1ccc(-c2cccnc2)s1)N1N=C(c2cccnc2)CC1c1ccccc1O,0,IC50 (>),5.0,1,CHEMBL1782353
O=C(c1cc2c(s1)CCC2)N1N=C(c2cccnc2)CC1c1ccccc1O,1,IC50,8.16,2,CHEMBL1782349
O=C(c1cn2c(n1)sc1ccccc12)N1N=C(c2cccnc2)CC1c1ccccc1O,1,IC50,8.04,2,CHEMBL1782348
O=C(c1[nH]nc2c1CCC2)N1N=C(c2cccnc2)CC1c1ccccc1O,1,IC50,8.15,2,CHEMBL1782347
O=C(c1cc(-c2cccs2)n[nH]1)N1N=C(c2cccnc2)CC1c1ccccc1O,1,IC50,7.99,2,CHEMBL1782346
O=C(c1cc(-c2ccc3c(c2)OCCO3)n[nH]1)N1N=C(c2cccnc2)CC1c1ccccc1O,1,IC50,7.97,2,CHEMBL1782345
Cc1nc(-c2cnccn2)sc1C(=O)N1N=C(c2cccnc2)CC1c1ccccc1O,1,IC50,8.19,2,CHEMBL1782344
Cc1nc(-c2cccnc2)sc1C(=O)N1N=C(c2cccnc2)CC1c1ccccc1O,1,IC50,8.09,2,CHEMBL1782343
O=C(c1cc(-c2ccccc2O)on1)N1N=C(c2cccnc2)CC1c1ccccc1O,1,IC50,7.84,2,CHEMBL1782341
O=C(c1cc(-c2ccc3c(c2)OCO3)on1)N1N=C(c2cccnc2)CC1c1ccccc1O,1,IC50,8.07,2,CHEMBL1782340
COc1ccc(-c2cc(C(=O)N3N=C(c4cccnc4)CC3c3ccccc3O)no2)cc1,1,IC50,7.81,2,CHEMBL1782339
COc1cccc(-c2cc(C(=O)N3N=C(c4cccnc4)CC3c3ccccc3O)no2)c1,1,IC50,8.17,2,CHEMBL1782338
O=C(c1cc(-c2ccco2)on1)N1N=C(c2cccnc2)CC1c1ccccc1O,1,IC50,8.25,2,CHEMBL1782337
O=C(c1cc(-c2ccccc2)on1)N1N=C(c2cccnc2)CC1c1ccccc1O,1,IC50,8.1,2,CHEMBL1782336
N#Cc1ccccc1S(=O)(=O)N1N=C(c2cccnc2)CC1c1ccccc1O,1,IC50,6.35,1,CHEMBL1782354
O=C(c1ccc(-c2ccc(Cl)cc2)s1)N1N=C(c2cccnc2)CC1c1ccccc1O,1,IC50,6.85,1,CHEMBL1782351
O=C(c1cc(-c2ccc(Cl)cc2)cs1)N1N=C(c2cccnc2)CC1c1ccccc1O,1,IC50,6.67,1,CHEMBL1782350
O=C(c1ccc(-c2ccccc2)[nH]1)N1N=C(c2cccnc2)CC1c1ccccc1O,1,IC50,7.38,1,CHEMBL1782060
Cc1nc(-c2ccccc2)sc1C(=O)N1N=C(c2cccnc2)CC1c1ccccc1O,1,IC50,7.42,1,CHEMBL1782342
O=C(c1cc(-c2ccccc2)no1)N1N=C(c2cccnc2)CC1c1ccccc1O,1,IC50,8.1,1,CHEMBL1782335
COc1ccc(-c2ccc(C(=O)N3N=C(c4cccnc4)CC3c3ccccc3O)o2)cc1,1,IC50,7.75,1,CHEMBL1782334
Cc1ccc(-c2ccc(C(=O)N3N=C(c4cccnc4)CC3c3ccccc3O)o2)cc1,1,IC50,7.24,1,CHEMBL1782190
O=C(c1ccc(-c2ccccc2)o1)N1N=C(c2cccnc2)CC1c1ccccc1O,1,IC50,7.8,1,CHEMBL1782189
O=C(c1ccc[nH]1)N1N=C(c2cccnc2)CC1c1ccccc1O,1,IC50,7.65,1,CHEMBL1782187
CCOc1cccc2cc(C(=O)N3N=C(c4cccnc4)CC3c3ccccc3O)oc12,1,IC50,7.59,1,CHEMBL1782186
O=C(c1ccc(Br)o1)N1N=C(c2cccnc2)CC1c1ccccc1O,1,IC50,8.1,1,CHEMBL1782185
O=C(c1ccc([N+](=O)[O-])o1)N1N=C(c2cccnc2)CC1c1ccccc1O,1,IC50,6.89,1,CHEMBL1782184
O=C(c1cccc(-n2cccn2)c1)N1N=C(c2cccnc2)CC1c1ccccc1O,1,IC50,7.38,1,CHEMBL1782182
O=C(c1cc(F)cc(C(F)(F)F)c1)N1N=C(c2cccnc2)CC1c1ccccc1O,1,IC50,6.96,1,CHEMBL1782180
O=C(c1ccc(F)c(C(F)(F)F)c1)N1N=C(c2cccnc2)CC1c1ccccc1O,1,IC50,6.7,1,CHEMBL1782179
O=C(c1ccc(C(F)(F)F)c(F)c1)N1N=C(c2cccnc2)CC1c1ccccc1O,1,IC50,6.18,1,CHEMBL1782178
O=C(c1ccc(F)cc1C(F)(F)F)N1N=C(c2cccnc2)CC1c1ccccc1O,0,IC50 (>),5.0,1,CHEMBL1782177
O=C(c1cccc(C(F)(F)F)c1F)N1N=C(c2cccnc2)CC1c1ccccc1O,0,IC50 (>),5.0,1,CHEMBL1782176
O=C(c1cccc(Oc2ccccc2)c1)N1N=C(c2cccnc2)CC1c1ccccc1O,1,IC50,6.81,1,CHEMBL1782175
O=C(c1ccccc1Oc1ccccc1)N1N=C(c2cccnc2)CC1c1ccccc1O,0,IC50 (>),5.0,1,CHEMBL1782174
O=C(c1ccccc1-c1ccc(F)cc1)N1N=C(c2cccnc2)CC1c1ccccc1O,0,IC50 (>),5.0,1,CHEMBL1782173
O=C(c1cccc2c(F)cccc12)N1N=C(c2cccnc2)CC1c1ccccc1O,0,IC50 (>),5.0,1,CHEMBL1782172
O=C(CC1CC1)N1N=C(c2cccnc2)CC1c1ccccc1O,1,IC50,7.08,1,CHEMBL1782171
CC(C)c1nc(-c2ccc(F)c(NS(=O)(=O)c3c(F)cccc3F)c2)c(-c2ccnc(Nc3ccc(N4CCOCC4)nc3)n2)s1,1,IC50,8.42,3,CHEMBL1808264
CC(C)c1nc(-c2cc(F)cc(NS(=O)(=O)c3c(F)cccc3F)c2)c(-c2ccnc(Nc3ccc(N4CCOCC4)nc3)n2)s1,1,IC50,9.05,1,CHEMBL1808263
CC(C)c1nc(-c2cccc(NS(=O)(=O)c3c(F)cccc3F)c2F)c(-c2ccnc(Nc3ccc(N4CCOCC4)nc3)n2)s1,1,IC50,9.3,3,CHEMBL1808262
CC(C)c1nc(-c2cccc(NS(=O)(=O)c3c(F)cccc3F)c2)c(-c2ccnc(Nc3ccc(N4CCOCC4)nc3)n2)s1,1,IC50,8.92,1,CHEMBL1808261
CC(=O)N1CCN(c2ccc(Nc3nccc(-c4sc(C(C)C)nc4-c4cccc(NS(=O)(=O)c5c(F)cccc5F)c4)n3)cn2)CC1,1,IC50,8.89,1,CHEMBL1808260
CC(=O)N1CCN(c2ccc(Nc3nccc(-c4sc(C(C)C)nc4-c4cccc(NS(=O)(=O)c5cc(F)ccc5F)c4)n3)cn2)CC1,1,IC50,9.22,1,CHEMBL1808259
CC(=O)N1CCN(c2ccc(Nc3nccc(-c4sc(C(C)C)nc4-c4cccc(NS(=O)(=O)c5cccc(Cl)c5)c4)n3)cn2)CC1,1,IC50,7.47,1,CHEMBL1808258
CC(=O)N1CCN(c2ccc(Nc3nccc(-c4sc(C(C)C)nc4-c4cccc(NS(=O)(=O)c5ccc(F)cc5)c4)n3)cn2)CC1,1,IC50,8.02,1,CHEMBL1808257
CC(=O)N1CCN(c2ccc(Nc3nccc(-c4sc(C(C)C)nc4-c4cccc(NS(=O)(=O)c5cccc(F)c5)c4)n3)cn2)CC1,1,IC50,9.1,1,CHEMBL1808256
CC(=O)N1CCN(c2ccc(Nc3nccc(-c4sc(C(C)C)nc4-c4cccc(NS(=O)(=O)c5ccccc5F)c4)n3)cn2)CC1,1,IC50,9.22,1,CHEMBL1808255
CC(=O)N1CCN(c2ccc(Nc3nccc(-c4sc(C(C)C)nc4-c4cccc(NS(=O)(=O)c5ccccc5)c4)n3)cn2)CC1,1,IC50,8.44,1,CHEMBL1807711
CC(C)c1nc(-c2cccc(NS(=O)(=O)c3ccccc3)c2)c(-c2ccnc(Nc3ccc4c(c3)CN(C)CC4)n2)s1,1,IC50,7.92,1,CHEMBL1807710
CC(C)c1nc(-c2cccc(NC(=O)c3c(F)cccc3F)c2)c(-c2ccnc(Nc3ccc4c(c3)CN(C)CC4)n2)s1,1,IC50,8.4,1,CHEMBL1807709
CN1CCc2ccc(Nc3nccc(-c4c(-c5cccc(NS(=O)(=O)c6ccccc6)c5)nc5ccccn45)n3)cc2C1,1,IC50,6.88,1,CHEMBL1807708
CN1CCc2ccc(Nc3nccc(-c4c(-c5cccc(C(=O)Nc6c(F)cccc6F)c5)nc5ccccn45)n3)cc2C1,1,IC50,7.92,1,CHEMBL1807705
CN1CCc2ccc(Nc3nccc(-c4c(-c5cccc(NC(=O)Nc6c(F)cccc6F)c5)nc5ccccn45)n3)cc2C1,1,IC50,8.3,1,CHEMBL1807706
CN1CCc2ccc(Nc3nccc(-c4c(-c5cccc(NC(=O)c6c(F)cccc6F)c5)nc5ccccn45)n3)cc2C1,1,IC50,8.05,1,CHEMBL1807707
COc1n[nH]c2ncc(NC(=O)c3c(F)ccc(NS(=O)(=O)c4ccco4)c3F)cc12,1,IC50,9.15,1,CHEMBL1822265
COc1n[nH]c2ncc(NC(=O)c3c(F)ccc(NS(=O)(=O)c4cccs4)c3F)cc12,1,IC50,9.7,1,CHEMBL1822264
COc1n[nH]c2ncc(NC(=O)c3c(F)ccc(NS(=O)(=O)c4cn(C)cn4)c3F)cc12,1,IC50,6.5,1,CHEMBL1822263
COc1n[nH]c2ncc(NC(=O)c3c(F)ccc(NS(=O)(=O)c4cccnc4)c3F)cc12,1,IC50,9.3,1,CHEMBL1822262
COc1n[nH]c2ncc(NC(=O)c3c(F)ccc(NS(=O)(=O)c4ccccn4)c3F)cc12,1,IC50,7.8,1,CHEMBL1822261
COc1n[nH]c2ncc(NC(=O)c3c(F)ccc(NS(=O)(=O)c4ccc(F)cc4)c3F)cc12,1,IC50,7.34,1,CHEMBL1822260
COc1n[nH]c2ncc(NC(=O)c3c(F)ccc(NS(=O)(=O)c4cc(F)ccc4F)c3F)cc12,1,IC50,9.0,1,CHEMBL1822259
COc1n[nH]c2ncc(NC(=O)c3c(F)ccc(NS(=O)(=O)c4cccc(F)c4)c3F)cc12,1,IC50,9.15,1,CHEMBL1822258
COc1n[nH]c2ncc(NC(=O)c3c(F)ccc(NS(=O)(=O)c4ccccc4F)c3F)cc12,1,IC50,8.74,1,CHEMBL1822257
COc1n[nH]c2ncc(NC(=O)c3c(F)ccc(NS(=O)(=O)c4ccccc4)c3F)cc12,1,IC50,8.8,2,CHEMBL1822256
CCCS(=O)(=O)Nc1ccc(F)c(C(=O)Nc2cnc3[nH]nc(O[C@@H]4CCOC4)c3c2)c1F,1,IC50,8.16,1,CHEMBL1822255
CCCS(=O)(=O)Nc1ccc(F)c(C(=O)Nc2cnc3[nH]nc(OCC4COC4)c3c2)c1F,1,IC50,8.38,1,CHEMBL1822254
CCCS(=O)(=O)Nc1ccc(F)c(C(=O)Nc2cnc3[nH]nc(OCC4CCC4)c3c2)c1F,1,IC50,8.46,1,CHEMBL1822253
CCCS(=O)(=O)Nc1ccc(F)c(C(=O)Nc2cnc3[nH]nc(OCC(F)(F)F)c3c2)c1F,1,IC50,8.28,1,CHEMBL1822252
CCCS(=O)(=O)Nc1ccc(F)c(C(=O)Nc2cnc3[nH]nc(OCC)c3c2)c1F,1,IC50,8.62,1,CHEMBL1822251
CCCS(=O)(=O)Nc1ccc(F)c(C(=O)Nc2cnc3[nH]cc(C(F)(F)F)c3c2)c1F,1,IC50,8.21,1,CHEMBL1822250
CCCS(=O)(=O)Nc1ccc(F)c(C(=O)Nc2cnc3[nH]cc(CC)c3c2)c1F,1,IC50,7.72,1,CHEMBL1822249
CCCS(=O)(=O)Nc1ccc(F)c(C(=O)Nc2cnc3[nH]cc(C)c3c2)c1F,1,IC50,7.92,3,CHEMBL1822248
CCCS(=O)(=O)Nc1ccc(F)c(C(=O)Nc2cnc3[nH]cc(I)c3c2)c1F,1,IC50,8.66,1,CHEMBL1822247
CCCS(=O)(=O)Nc1ccc(F)c(C(=O)Nc2cnc3[nH]cc(Br)c3c2)c1F,1,IC50,8.47,6,CHEMBL1822246
CCCS(=O)(=O)Nc1ccc(F)c(C(=O)Nc2cnc3[nH]nc(C(F)(F)F)c3c2)c1F,1,IC50,8.24,1,CHEMBL1822245
CCCS(=O)(=O)Nc1ccc(F)c(C(=O)Nc2cnc3[nH]nc(CC)c3c2)c1F,1,IC50,8.04,1,CHEMBL1822244
CCCS(=O)(=O)Nc1ccc(F)c(C(=O)Nc2cnc3[nH]nc(C)c3c2)c1F,1,IC50,7.92,4,CHEMBL1822243
CCCS(=O)(=O)Nc1ccc(F)c(C(=O)Nc2cnc3[nH]nc(I)c3c2)c1F,1,IC50,8.74,1,CHEMBL1822242
CCCS(=O)(=O)Nc1ccc(F)c(C(=O)Nc2cnc3[nH]nc(Br)c3c2)c1F,1,IC50,8.4,4,CHEMBL1822241
CCCS(=O)(=O)Nc1ccc(F)c(C(=O)Nc2cnc3[nH]ncc3c2)c1F,1,IC50,7.77,6,CHEMBL1822110
O=C(Nc1cnc2[nH]ccc2c1)c1c(F)ccc(NS(=O)(=O)N2CCCC2)c1F,1,IC50,6.92,1,CHEMBL1822109
CCN(C)S(=O)(=O)Nc1ccc(F)c(C(=O)Nc2cnc3[nH]ccc3c2)c1F,1,IC50,6.4,1,CHEMBL1822108
CN(C)S(=O)(=O)Nc1ccc(F)c(C(=O)Nc2cnc3[nH]ccc3c2)c1F,1,IC50,6.7,1,CHEMBL1822107
O=C(Nc1cnc2[nH]ccc2c1)c1c(F)ccc(NS(=O)(=O)C2CC2)c1F,1,IC50,7.0,1,CHEMBL1822106
O=C(Nc1cnc2[nH]ccc2c1)c1c(F)ccc(NS(=O)(=O)CC(F)(F)F)c1F,1,IC50,7.42,1,CHEMBL1822105
O=C(Nc1cnc2[nH]ccc2c1)c1c(F)ccc(NS(=O)(=O)CCC(F)(F)F)c1F,1,IC50,7.48,1,CHEMBL1822104
O=C(Nc1cnc2[nH]ccc2c1)c1c(F)ccc(NS(=O)(=O)CC2CC2)c1F,1,IC50,7.54,1,CHEMBL1822103
CC(C)CS(=O)(=O)Nc1ccc(F)c(C(=O)Nc2cnc3[nH]ccc3c2)c1F,1,IC50,6.85,1,CHEMBL1822102
O=C(Nc1cnc2[nH]ccc2c1)c1c(F)ccc(NS(=O)(=O)CCCF)c1F,1,IC50,7.72,1,CHEMBL1822101
CCCCS(=O)(=O)Nc1ccc(F)c(C(=O)Nc2cnc3[nH]ccc3c2)c1F,1,IC50,7.4,1,CHEMBL1822100
COc1n[nH]c2ncc(NC(=O)c3c(F)ccc(NS(=O)(=O)N4CCCC4)c3F)cc12,1,IC50,8.07,1,CHEMBL1822099
CCN(C)S(=O)(=O)Nc1ccc(F)c(C(=O)Nc2cnc3[nH]nc(OC)c3c2)c1F,1,IC50,7.54,1,CHEMBL1822098
COc1n[nH]c2ncc(NC(=O)c3c(F)ccc(NS(=O)(=O)N(C)C)c3F)cc12,1,IC50,7.75,1,CHEMBL1822097
COc1n[nH]c2ncc(NC(=O)c3c(F)ccc(NS(=O)(=O)NCC(F)F)c3F)cc12,1,IC50,7.89,1,CHEMBL1822096
COc1n[nH]c2ncc(NC(=O)c3c(F)ccc(NS(=O)(=O)NC(C)C)c3F)cc12,1,IC50,6.96,1,CHEMBL1822095
CCNS(=O)(=O)Nc1ccc(F)c(C(=O)Nc2cnc3[nH]nc(OC)c3c2)c1F,1,IC50,7.75,1,CHEMBL1822094
COc1n[nH]c2ncc(NC(=O)c3c(F)ccc(NS(=O)(=O)Cc4ccccc4)c3F)cc12,1,IC50,6.72,1,CHEMBL1822093
COc1n[nH]c2ncc(NC(=O)c3c(F)ccc(NS(=O)(=O)C4CC4)c3F)cc12,1,IC50,7.2,1,CHEMBL1822092
COc1n[nH]c2ncc(NC(=O)c3c(F)ccc(NS(=O)(=O)CC4CC4)c3F)cc12,1,IC50,7.77,1,CHEMBL1822091
COc1n[nH]c2ncc(NC(=O)c3c(F)ccc(NS(=O)(=O)CC(C)C)c3F)cc12,1,IC50,8.35,1,CHEMBL1822090
COc1n[nH]c2ncc(NC(=O)c3c(F)ccc(NS(=O)(=O)CCCF)c3F)cc12,1,IC50,8.89,1,CHEMBL1822089
CCS(=O)(=O)Nc1ccc(F)c(C(=O)Nc2cnc3[nH]nc(OC)c3c2)c1F,1,IC50,7.6,1,CHEMBL1822088
CCCS(=O)(=O)Nc1ccc(F)c(C(=O)Nc2cnc3[nH]ccc3c2)c1C,1,IC50,7.42,3,CHEMBL1822087
CCCS(=O)(=O)Nc1ccc(C)c(C(=O)Nc2cnc3[nH]ccc3c2)c1F,1,IC50,6.77,1,CHEMBL1822086
CCCS(=O)(=O)Nc1cc(F)c(F)c(C(=O)Nc2cnc3[nH]ccc3c2)c1F,1,IC50,7.72,1,CHEMBL1822085
CCCS(=O)(=O)Nc1cc(F)cc(C(=O)Nc2cnc3[nH]ccc3c2)c1F,1,IC50,7.12,1,CHEMBL1822084
CCCS(=O)(=O)Nc1ccc(F)c(C(=O)Nc2cnc3[nH]ccc3c2)c1,1,IC50,6.68,1,CHEMBL1822083
CCCS(=O)(=O)Nc1ccc(Cl)c(C(=O)Nc2cnc3[nH]ccc3c2)c1,1,IC50,7.06,1,CHEMBL1822082
CCCS(=O)(=O)Nc1cccc(C(=O)Nc2cnc3[nH]ccc3c2)c1F,1,IC50,7.06,1,CHEMBL1822081
CCCS(=O)(=O)Nc1ccc(Cl)c(C(=O)Nc2cnc3[nH]ccc3c2)c1Cl,1,IC50,8.08,1,CHEMBL1822080
CCCS(=O)(=O)Nc1ccc(Cl)c(C(=O)Nc2cnc3[nH]ccc3c2)c1F,1,IC50,8.2,3,CHEMBL1822079
CCCS(=O)(=O)Nc1ccc(F)c(C(=O)Nc2cnc3[nH]nc(OC)c3c2)c1C(F)(F)F,1,IC50,6.28,1,CHEMBL1822077
CCCS(=O)(=O)Nc1ccc(F)c(C(=O)Nc2cnc3[nH]nc(OC)c3c2)c1OC,1,IC50,6.96,1,CHEMBL1822075
CCCS(=O)(=O)Nc1cc(F)c(F)c(C(=O)Nc2cnc3[nH]nc(OC)c3c2)c1F,1,IC50,8.64,1,CHEMBL1822074
CCCS(=O)(=O)Nc1cc(F)cc(C(=O)Nc2cnc3[nH]nc(OC)c3c2)c1F,1,IC50,8.12,1,CHEMBL1822073
CCCS(=O)(=O)Nc1ccc(F)c(C(=O)Nc2cnc3[nH]nc(OC)c3c2)c1,1,IC50,6.82,1,CHEMBL1822072
CCCS(=O)(=O)Nc1ccc(Cl)c(C(=O)Nc2cnc3[nH]nc(OC)c3c2)c1,1,IC50,7.21,1,CHEMBL1822071
CCCS(=O)(=O)Nc1cccc(C(=O)Nc2cnc3[nH]nc(OC)c3c2)c1F,1,IC50,7.89,1,CHEMBL1822070
CCCS(=O)(=O)Nc1ccc(Cl)c(C(=O)Nc2cnc3[nH]nc(OC)c3c2)c1Cl,1,IC50,8.85,1,CHEMBL1822069
CCCS(=O)(=O)Nc1ccc(F)c(C(=O)Nc2cnc3[nH]ccc3c2)c1F,1,IC50,7.77,8,CHEMBL1822078
CCCS(=O)(=O)Nc1ccc(Cl)c(C(=O)Nc2cnc3[nH]nc(OC)c3c2)c1F,1,IC50,8.77,6,CHEMBL1822068
CCCS(=O)(=O)Nc1ccc(F)c(C(=O)Nc2cnc3[nH]nc(OC)c3c2)c1F,1,IC50,8.32,12,CHEMBL1822067
COc1cc2ncnc(Oc3cccc(NC(=O)Nc4cc(C(C)(C)C)on4)c3)c2cc1OCCCN1CCOCC1,1,IC50,7.44,2,CHEMBL1824291
COc1cc2c(Oc3cccc(NC(=O)Nc4cc(C(C)(C)C)on4)c3)ncnc2cc1OCCN1CCOCC1,1,IC50,6.78,3,CHEMBL1824296
COc1cc2ncnc(Oc3cccc(NC(=O)Nc4cccc(C(C)(C)C)c4)c3)c2cc1OC,1,IC50,6.48,5,CHEMBL1824073
COc1cc2ncnc(Oc3cccc(NC(=O)Nc4cc(C(C)(C)C)on4)c3C)c2cc1OC,1,IC50,6.75,2,CHEMBL1824078
COc1cc2ncnc(Oc3cccc(NC(=O)Nc4cc(C(C)(C)C)on4)c3)c2cc1OCCN1CCOCC1,1,IC50,7.28,3,CHEMBL1824290
COc1cc2ncnc(Nc3cccc(NC(=O)Nc4cc(C(C)(C)C)on4)c3)c2cc1OC,1,IC50,7.09,2,CHEMBL1824068
COc1cc2ncnc(Oc3cc(NC(=O)Nc4cc(C(C)(C)C)on4)c(F)cc3F)c2cc1OC,1,IC50,6.95,2,CHEMBL1824286
COc1cc2ncnc(Oc3cccc(NC(=O)Nc4cc(C(C)(C)C)on4)c3)c2cc1O,1,IC50,7.07,3,CHEMBL1824287
COCCOc1cc2c(Oc3cccc(NC(=O)Nc4cc(C(C)(C)C)on4)c3)ncnc2cc1OC,1,IC50,7.23,3,CHEMBL1824289
COc1cc2ncnc(Oc3ccc(F)c(NC(=O)Nc4cc(C(C)(C)C)on4)c3)c2cc1OC,1,IC50,6.95,2,CHEMBL1824079
COc1cc2c(Oc3cccc(NC(=O)Nc4cc(C(C)(C)C)on4)c3)ncnc2cc1OCCCN1CCOCC1,1,IC50,7.02,3,CHEMBL1824297
COc1cc2c(Oc3cccc(NC(=O)Nc4cc(C(C)(C)C)on4)c3)ncnc2cc1O,1,IC50,6.96,3,CHEMBL1824293
COCCOc1cc2ncnc(Oc3cccc(NC(=O)Nc4cc(C(C)(C)C)on4)c3)c2cc1OC,1,IC50,7.0,3,CHEMBL1824295
COc1cc2ncnc(Sc3cccc(NC(=O)Nc4cc(C(C)(C)C)on4)c3)c2cc1OC,1,IC50,6.93,3,CHEMBL1824070
CCOc1cc2c(Oc3cccc(NC(=O)Nc4cc(C(C)(C)C)on4)c3)ncnc2cc1OC,1,IC50,7.1,2,CHEMBL1824288
COc1cc2ncnc(Oc3cc(NC(=O)Nc4cc(C(C)(C)C)on4)ccc3F)c2cc1OC,1,IC50,7.21,2,CHEMBL1824285
COc1cc2ncnc(Oc3cccc(NC(=O)Nc4cc(C(C)(C)C)on4)c3)c2cc1OC,1,IC50,6.92,4,CHEMBL1824069
CCOc1cc2ncnc(Oc3cccc(NC(=O)Nc4cc(C(C)(C)C)on4)c3)c2cc1OC,1,IC50,6.76,2,CHEMBL1824294
COc1cc2ncnc(Oc3cccc(NC(=O)Nc4ccc(C(C)(C)C)cc4)c3)c2cc1OC,1,IC50,6.54,5,CHEMBL1824076
COc1cc2ncnc(Oc3cccc(NC(=O)Nc4cc(C(C)(C)C)on4)c3)c2cc1OCCN1CCCCC1,1,IC50,6.53,3,CHEMBL1824292
COc1cc2ncnc(Oc3cccc(NC(=O)Nc4ccc(Cl)c(C(F)(F)F)c4)c3)c2cc1OC,1,IC50,6.16,3,CHEMBL1824077
COc1cc2ncnc(Oc3ccc(Cl)c(NC(=O)Nc4cc(C(C)(C)C)on4)c3)c2cc1OC,1,IC50,6.64,3,CHEMBL1824080
COc1cc2ncnc(Oc3cccc(NC(=O)Nc4ccccc4)c3)c2cc1OC,0,IC50 (>),4.82,2,CHEMBL1277253
Nc1nc(N)nc(-c2ccc(Oc3ccccc3N)cc2)n1,0,Kd,4.93,1,CHEMBL1834040
Cc1ccc(/C=C/c2nc(N)nc(-c3ccccc3O)n2)o1,0,Kd,4.7,1,CHEMBL1834041
O=C1N/C(=N\c2ccc(O)cc2)S/C1=C\c1c[nH]c2ccccc12,0,Kd,4.73,1,CHEMBL1834042
Cc1ccc(CNC(=O)c2c(N)n(-c3cccc(O)c3)c3nc4ccccc4nc23)cc1,0,Kd,4.9,1,CHEMBL1834043
COc1cc2c(Oc3ccc4[nH]c(C)cc4c3F)ncnc2cc1OCCCN1CCCC1,0,Kd (>),5.0,3,CHEMBL491473
Cn1cnc2c(F)c(Nc3ccc(Br)cc3Cl)c(C(=O)NOCCO)cc21,0,Kd (>),5.0,3,CHEMBL1614701
Cc1[nH]c(/C=C2\C(=O)Nc3ccc(S(=O)(=O)Cc4c(Cl)cccc4Cl)cc32)c(C)c1C(=O)N1CCC[C@@H]1CN1CCCC1,0,Kd (>),5.0,2,CHEMBL450786
CC[C@@H]1C(=O)N(C)c2cnc(Nc3ccc(C(=O)NC4CCN(C)CC4)cc3OC)nc2N1C1CCCC1,0,IC50 (>),5.0,4,CHEMBL513909
C[C@@H](Oc1cc(-c2cnn(C3CCNCC3)c2)cnc1N)c1c(Cl)ccc(F)c1Cl,0,Kd (>),5.0,3,CHEMBL601719
COc1cc(N2CCC(N3CCN(C)CC3)CC2)ccc1Nc1ncc(Cl)c(Nc2ccccc2S(=O)(=O)C(C)C)n1,0,Kd (>),5.0,2,CHEMBL509032
CN(C)CC(=O)N1CCC(c2ccc(NC(=O)c3nc(C#N)c[nH]3)c(C3=CCCCC3)c2)CC1,0,Kd (>),5.0,2,CHEMBL1908395
COC(=O)c1ccc2c(c1)NC(=O)/C2=C(\Nc1ccc(N(C)C(=O)CN2CCN(C)CC2)cc1)c1ccccc1,0,Kd (>),5.0,3,CHEMBL502835
COc1cc(Oc2ccnc3cc(OC)c(OC)cc23)ccc1NC(=O)NC(C)c1nccs1,0,Kd (>),5.0,2,CHEMBL1908396
CCCS(=O)(=O)Nc1ccc(F)c(C(=O)c2c[nH]c3ncc(Cl)cc23)c1F,1,IC50,7.89,20,CHEMBL1230020
CN(C)C/C=C/C(=O)Nc1cc2c(Nc3ccc(F)c(Cl)c3)ncnc2cc1O[C@H]1CCOC1,0,Kd (>),5.0,3,CHEMBL1173655
O=C(c1ccc(/C=C/c2n[nH]c3ccccc23)cc1)N1CCNCC1,0,Kd (>),5.0,3,CHEMBL1908397
Cc1n[nH]c2ccc(-c3cncc(OC[C@@H](N)Cc4ccccc4)c3)cc12,0,Kd (>),5.0,2,CHEMBL379218
Cc1ccc(NC(=O)c2ccc(CN3CCN(C)CC3)cc2)cc1Nc1nc(-c2cccnc2)cs1,0,Kd (>),5.0,2,CHEMBL1908391
Cc1ccc2nc(NCCN)c3ncc(C)n3c2c1,0,Kd (>),5.0,2,CHEMBL249697
CS(=O)(=O)N1CCN(Cc2cc3nc(-c4cccc5[nH]ncc45)nc(N4CCOCC4)c3s2)CC1,0,Kd (>),5.0,3,CHEMBL521851
Cn1cc(C2=C(c3cn(C4CCN(Cc5ccccn5)CC4)c4ccccc34)C(=O)NC2=O)c2ccccc21,0,Kd (>),5.0,3,CHEMBL300138
COc1cc(Nc2ncc(F)c(Nc3ccc4c(n3)NC(=O)C(C)(C)O4)n2)cc(OC)c1OC,0,Kd,6.62,3,CHEMBL475251
Cc1cc2c(F)c(Oc3ncnn4cc(OC[C@@H](C)O)c(C)c34)ccc2[nH]1,0,Kd (>),5.0,3,CHEMBL377300
COc1ccc(F)c(F)c1C(=O)c1cnc(NC2CCN(S(C)(=O)=O)CC2)nc1N,0,Kd (>),5.0,3,CHEMBL384304
CNC(=O)c1ccccc1Sc1ccc2c(/C=C/c3ccccn3)n[nH]c2c1,0,Kd (>),5.0,3,CHEMBL1289926
COc1c(Cl)cc2c([nH]c3cnccc32)c1NC(=O)c1cccnc1C,0,Kd (>),5.0,2,CHEMBL608154
CNC(=O)c1c(F)cccc1Nc1nc(Nc2cc3c(cc2OC)CCN3C(=O)CN(C)C)nc2[nH]ccc12,0,Kd (>),5.0,2,CHEMBL464552
Cn1cc(-c2ccc3nnc(Sc4ccc5ncccc5c4)n3n2)cn1,0,Kd (>),5.0,3,CHEMBL1236107
C[C@@H](Oc1cc(-n2cnc3ccc(CN4CCN(C)CC4)cc32)sc1C(N)=O)c1ccccc1C(F)(F)F,0,Kd (>),5.0,3,CHEMBL1908394
COc1cc(Nc2c(C#N)cnc3cc(OCCCN4CCN(C)CC4)c(OC)cc23)c(Cl)cc1Cl,0,Kd (>),5.0,3,CHEMBL288441
CCn1c(-c2nonc2N)nc2c(C#CC(C)(C)O)ncc(OC[C@H]3CCCNC3)c21,0,Kd (>),5.0,3,CHEMBL494089
Cc1cn(-c2cc(NC(=O)c3ccc(C)c(Nc4nccc(-c5cccnc5)n4)c3)cc(C(F)(F)F)c2)cn1,0,Kd,6.24,2,CHEMBL255863
O=C(NC1CCNCC1)c1n[nH]cc1NC(=O)c1c(Cl)cccc1Cl,0,Kd (>),5.0,3,CHEMBL445813
O=C(NOCC1CC1)c1ccc(F)c(F)c1Nc1ccc(I)cc1Cl,0,Kd (>),5.0,2,CHEMBL105442
CCOc1cc2ncc(C#N)c(Nc3ccc(OCc4ccccn4)c(Cl)c3)c2cc1NC(=O)/C=C/CN(C)C,0,Kd (>),5.0,3,CHEMBL180022
O=C1CC(c2cccc(NC(=O)c3ccc(Cl)c(C(F)(F)F)c3)c2)=Nc2cnn(Cc3ccccc3)c2N1,1,IC50,6.18,1,CHEMBL1917776
NC(=O)c1ccc2[nH]cc(-c3cccc(O)c3)c2c1,0,IC50 (>),5.0,1,CHEMBL1922467
O=C1NC(=O)c2cc(Nc3cccc(O)c3)c(Nc3cccc(O)c3)cc21,1,IC50,6.47,1,CHEMBL1922469
O=c1[nH][nH]c(=O)c2cc(Nc3cccc(O)c3)c(Nc3cccc(O)c3)cc12,1,IC50,6.54,1,CHEMBL1922472
O=C(Nc1cccc(Nc2cc3c(cc2Cl)C(=O)NC3=O)c1)c1cccc(Cl)c1,1,IC50,6.93,1,CHEMBL1922473
O=C(Nc1cccc(Nc2cc3c(cc2Cl)C(=O)NC3=O)c1)c1cccc(Br)c1,1,IC50,7.46,1,CHEMBL1922474
O=C(Nc1cccc(Nc2cc3c(cc2Cl)C(=O)NC3=O)c1)c1cccc(I)c1,1,IC50,8.1,1,CHEMBL1922475
O=C(Nc1cccc(Nc2cc3c(cc2Cl)C(=O)NC3=O)c1)c1cccc(C(F)(F)F)c1,1,IC50,8.0,1,CHEMBL1922476
O=C(Nc1cccc(Nc2cc3c(cc2Cl)C(=O)NC3=O)c1)c1cccc(OC(F)(F)F)c1,1,IC50,8.22,1,CHEMBL1922591
N#Cc1cccc(C(=O)Nc2cccc(Nc3cc4c(cc3Cl)C(=O)NC4=O)c2)c1,1,IC50,6.53,1,CHEMBL1922592
Cn1nc(C(C)(C)C)cc1C(=O)Nc1cccc(Nc2cc3c(cc2Cl)C(=O)NC3=O)c1,1,IC50,6.46,1,CHEMBL1922593
O=C(Nc1cccc(Nc2cc3c(=O)[nH][nH]c(=O)c3cc2Cl)c1)c1cccc(Cl)c1,1,IC50,7.46,1,CHEMBL1922594
O=C(Nc1cccc(Nc2cc3c(=O)[nH][nH]c(=O)c3cc2Cl)c1)c1cccc(Br)c1,1,IC50,7.72,1,CHEMBL1922595
O=C(Nc1cccc(Nc2cc3c(=O)[nH][nH]c(=O)c3cc2Cl)c1)c1cccc(I)c1,1,IC50,8.1,1,CHEMBL1922596
O=C(Nc1cccc(Nc2cc3c(=O)[nH][nH]c(=O)c3cc2Cl)c1)c1cccc(C(F)(F)F)c1,1,IC50,7.77,1,CHEMBL1922597
O=C(Nc1cccc(Nc2cc3c(=O)[nH][nH]c(=O)c3cc2Cl)c1)c1cccc(OC(F)(F)F)c1,1,IC50,7.75,1,CHEMBL1922598
N#Cc1cccc(C(=O)Nc2cccc(Nc3cc4c(=O)[nH][nH]c(=O)c4cc3Cl)c2)c1,1,IC50,6.53,1,CHEMBL1922599
Cn1nc(C(C)(C)C)cc1C(=O)Nc1cccc(Nc2cc3c(=O)[nH][nH]c(=O)c3cc2Cl)c1,1,IC50,6.53,1,CHEMBL1922600
CC(C)(O)CC(=O)NCCn1ccc2ncnc(Nc3ccc(Oc4cccc(C(F)(F)F)c4)c(Cl)c3)c21,0,IC50 (>),5.0,2,CHEMBL1614725
COc1cncc(-c2nc(NC(C)(C)CO)nc3sc(C(N)=O)c(N)c23)c1,1,IC50,7.24,2,CHEMBL1934652
NC(=O)c1sc2ncnc(-c3cccc(NC(=O)Nc4ccc(C(F)(F)F)cc4)c3)c2c1N,1,IC50,9.0,2,CHEMBL1934650
CC(C)(CO)Nc1nc(-c2cccc(O)c2F)c2c(N)c(C(N)=O)sc2n1,1,IC50,8.3,2,CHEMBL1934648
CC(C)(CO)Nc1nc(-c2cc(O)cc(Cl)c2)c2c(N)c(C(N)=O)sc2n1,1,IC50,8.52,2,CHEMBL1934647
NC(=O)c1sc2nc(NC3CC3)nc(-c3cccc(NC(=O)Nc4ccc(C(F)(F)F)cc4)c3)c2c1N,1,IC50,8.52,3,CHEMBL1934646
COc1cncc(-c2nc(NC3CC3)nc3sc(C(N)=O)c(N)c23)c1,1,IC50,7.77,2,CHEMBL1934641
NC(=O)c1sc2nc(NC3CC3)nc(-c3cccc(O)c3F)c2c1N,1,IC50,8.4,2,CHEMBL1934516
Cc1ccc(-c2nc(NC3CC3)nc3sc(C(N)=O)c(N)c23)cc1O,1,IC50,8.4,2,CHEMBL1934515
NC(=O)c1sc2nc(NC3CC3)nc(-c3ccc(Cl)c(O)c3)c2c1N,1,IC50,8.3,2,CHEMBL1934514
NC(=O)c1sc2nc(NC3CC3)nc(-c3cc(O)cc(Cl)c3)c2c1N,1,IC50,8.7,2,CHEMBL1934513
NC(=O)c1sc2nc(NC3CC3)nc(-c3cccc(O)c3)c2c1N,1,IC50,7.85,2,CHEMBL1934508
COc1cncc(-c2nc(N[C@H](C)CO)nc3sc(C(N)=O)c(N)c23)c1,1,IC50,7.4,1,CHEMBL1934651
CC(C)(CO)Nc1nc(-c2cccc(NC(=O)Nc3ccc(C(F)(F)F)cc3)c2)c2c(N)c(C(N)=O)sc2n1,1,IC50,7.85,1,CHEMBL1934649
Cc1ccc(NC(=O)Nc2cccc(-c3nc(NC4CC4)nc4sc(C(N)=O)c(N)c34)c2)cc1,1,IC50,8.4,2,CHEMBL1934645
NC(=O)c1sc2nc(NC3CC3)nc(-c3cccc(NC(=O)Nc4ccccc4)c3)c2c1N,1,IC50,7.5,2,CHEMBL1934644
NC(=O)c1sc2nc(NC3CC3)nc(-c3ccc4nc[nH]c4c3)c2c1N,0,IC50,4.81,1,CHEMBL1934640
C[C@H](CO)Oc1nc(-c2ccc(Cl)c(Cl)c2)c2c(N)c(C(N)=O)sc2n1,1,IC50,7.3,1,CHEMBL1934505
CC(C)(CO)Nc1nc(-c2ccc(Cl)c(Cl)c2)c2c(N)c(C(N)=O)sc2n1,1,IC50,6.95,1,CHEMBL1934504
C[C@H](CO)Nc1nc(-c2ccc(Cl)c(Cl)c2)c2c(N)c(C(N)=O)sc2n1,1,IC50,7.17,1,CHEMBL1934503
NCCNc1nc(-c2ccc(Cl)c(Cl)c2)c2c(N)c(C(N)=O)sc2n1,1,IC50,6.96,1,CHEMBL1934502
NC(=O)c1sc2nc(NCCO)nc(-c3ccc(Cl)c(Cl)c3)c2c1N,1,IC50,6.56,1,CHEMBL1934501
CNc1nc(-c2ccc(Cl)c(Cl)c2)c2c(N)c(C(N)=O)sc2n1,1,IC50,6.14,1,CHEMBL1934500
NC(=O)c1sc2nc(NC3CC3)nc(-c3ccc(Cl)c(Cl)c3)c2c1N,1,IC50,6.5,1,CHEMBL1934497
CCNC(=O)Nc1cccc(-c2nc(NC3CC3)nc3sc(C(N)=O)c(N)c23)c1,0,IC50 (>),4.52,1,CHEMBL1934643
CCCS(=O)(=O)Nc1ccc(F)c(C(=O)Nc2cnc3[nH]nc(OC)c3c2)c1Cl,1,IC50,8.66,2,CHEMBL1939068
CCCS(=O)(=O)Nc1ccc(F)c(C(=O)Nc2cnc3[nH]nc(C(C)C)c3c2)c1F,1,IC50,7.85,2,CHEMBL1939069
CCCS(=O)(=O)Nc1ccc(F)c(C(=O)Nc2cnc3[nH]nc(C4CC4)c3c2)c1F,1,IC50,8.57,2,CHEMBL1939070
CCCS(=O)(=O)Nc1ccc(F)c(C(=O)Nc2cnc3[nH]nc(C4CC4)c3c2)c1Cl,1,IC50,8.42,2,CHEMBL1939071
CC(C)CS(=O)(=O)Nc1ccc(F)c(C(=O)Nc2cnc3[nH]nc(C4CC4)c3c2)c1Cl,1,IC50,8.7,2,CHEMBL1939072
O=C(Nc1cnc2[nH]nc(C3CC3)c2c1)c1c(F)ccc(NS(=O)(=O)CCCF)c1Cl,1,IC50,9.22,2,CHEMBL1939073
CCCS(=O)(=O)Nc1ccc(Cl)c(C(=O)Nc2cnc3[nH]ncc3c2)c1F,1,IC50,8.2,3,CHEMBL1945165
CCCS(=O)(=O)Nc1ccc(F)c(C(=O)Nc2cnc3[nH]nc(N(C)C)c3c2)c1F,1,IC50,8.09,3,CHEMBL1945164
CCCS(=O)(=O)Nc1ccc(F)c(C(=O)Nc2cnc(N)c(Br)c2)c1F,1,IC50,6.96,2,CHEMBL1945020
CCCS(=O)(=O)Nc1ccc(F)c(C(=O)Nc2cnc3[nH]cnc3c2)c1F,1,IC50,7.21,2,CHEMBL1945163
CCCS(=O)(=O)Nc1ccc(F)c(C(=O)Nc2ccc(N)nc2)c1F,1,IC50,6.04,4,CHEMBL1945019
CNC(=O)c1cc(Oc2ccc(NC(=O)Nc3ccc(Cl)c(C(F)(F)F)c3)c(F)c2)ccn1,1,IC50,8.82,6,CHEMBL1946170
Cn1c(Nc2ccc(C(F)(F)F)cc2)nc2ccc(Oc3ccnc(-c4cnc(C(F)(F)F)[nH]4)c3)cc21,1,IC50,8.52,2,CHEMBL1946171
CNC(=O)c1cc(Oc2ccc3nc(Nc4ccccc4Br)ncc3c2)ccn1,0,IC50,4.62,1,CHEMBL1950881
CNC(=O)c1cc(Oc2ccc3nc(Nc4cccc(Cl)c4)ncc3c2)ccn1,1,IC50,6.18,1,CHEMBL1950884
CNC(=O)c1cc(Oc2ccc3nc(Nc4cccc(Br)c4)ncc3c2)ccn1,1,IC50,6.75,1,CHEMBL1950885
CNC(=O)c1cc(Oc2ccc3nc(Nc4cccc(C(C)(C)C)c4)ncc3c2)ccn1,1,IC50,7.35,1,CHEMBL1950886
CNC(=O)c1cc(Oc2ccc3nc(Nc4cccc(C(F)(F)F)c4)ncc3c2)ccn1,1,IC50,6.19,1,CHEMBL1950887
CNC(=O)c1cc(Oc2ccc3nc(Nc4cccc(OC(F)(F)F)c4)ncc3c2)ccn1,1,IC50,7.16,1,CHEMBL1950888
CNC(=O)c1cc(Oc2ccc3nc(Nc4cccc(C(C)C)c4)ncc3c2)ccn1,1,IC50,6.82,1,CHEMBL1950889
CNC(=O)c1cc(Oc2ccc3nc(Nc4ccc(F)cc4)ncc3c2)ccn1,1,IC50,6.22,1,CHEMBL1950890
CNC(=O)c1cc(Oc2ccc3nc(Nc4ccc(Br)cc4)ncc3c2)ccn1,1,IC50,6.51,1,CHEMBL1950891
CNC(=O)c1cc(Oc2ccc3nc(Nc4ccc(C(F)(F)F)cc4)ncc3c2)ccn1,1,IC50,7.17,1,CHEMBL1950892
CNC(=O)c1cc(Oc2ccc3nc(Nc4ccc(C(C)C)cc4)ncc3c2)ccn1,1,IC50,9.0,1,CHEMBL1950893
CNC(=O)c1cc(Oc2ccc3nc(Nc4ccc(OC)cc4)ncc3c2)ccn1,1,IC50,6.41,1,CHEMBL1950894
CNC(=O)c1cc(Oc2ccc3nc(Nc4ccc(OC(F)(F)F)cc4)ncc3c2)ccn1,1,IC50,7.1,1,CHEMBL1950978
CNC(=O)c1cc(Oc2ccc3nc(Nc4ccc(Oc5ccccc5)cc4)ncc3c2)ccn1,1,IC50,6.22,1,CHEMBL1950979
CNC(=O)c1cc(Oc2ccc3nc(Nc4ccc(-c5cccnc5)cc4)ncc3c2)ccn1,0,IC50,4.6,1,CHEMBL1950980
CNC(=O)c1cc(Oc2ccc3nc(Nc4cccc(C(C)(C)C)c4)cnc3c2)ccn1,1,IC50,7.6,1,CHEMBL1950983
CNC(=O)c1cc(Oc2ccc3nc(Nc4cccc(C(C)(C)C)c4)ccc3c2)ccn1,1,IC50,7.58,1,CHEMBL1950984
CC(C)n1c2c(c3c1-c1ccccc1C3=O)C(=O)CCC2,0,IC50 (>),4.46,1,CHEMBL1957190
Cc1ccc(-n2nc(-c3ccncc3)c(-c3ccc(F)cc3)c2N)cc1,1,IC50,6.05,2,CHEMBL2011296
COc1ccc(-n2nc(-c3ccncc3)c(-c3ccc(F)cc3)c2N)cc1,1,IC50,6.07,2,CHEMBL2011294
Nc1c(-c2ccc(F)cc2)c(-c2ccncc2)nn1-c1ccc(Cl)cc1,1,IC50,6.1,2,CHEMBL2011293
Nc1c(-c2ccc(F)cc2)c(-c2ccncc2)nn1-c1ccccc1,1,IC50,6.05,2,CHEMBL2011292
Nc1c(-c2ccc(F)cc2)c(-c2ccncc2)nn1-c1c(Cl)cc(Cl)cc1Cl,1,IC50,6.57,6,CHEMBL2011291
NC(=O)c1c(-c2ccncc2)nn(-c2c(Cl)cc(Cl)cc2Cl)c1N,0,IC50 (>),4.0,2,CHEMBL2011299
CCOC(=O)c1c(-c2ccncc2)nn(-c2c(Cl)cc(Cl)cc2Cl)c1N,0,IC50 (>),4.0,2,CHEMBL2011300
NC(=O)c1c(-c2ccncc2)nn(-c2ccccc2)c1N,0,IC50,4.19,2,CHEMBL2011301
Nc1c(C(=O)O)c(-c2ccncc2)nn1-c1c(Cl)cc(Cl)cc1Cl,0,IC50 (>),4.0,2,CHEMBL2011302
Nc1cc(-c2ccncc2)nn1-c1c(Cl)cc(Cl)cc1Cl,0,IC50 (>),4.0,2,CHEMBL2011303
CCCS(=O)(=O)Nc1ccc(F)c(-c2cc3ccncc3[nH]2)c1F,0,IC50 (>),5.0,1,CHEMBL2023328
CCCS(=O)(=O)Nc1ccc(F)c(-c2ccc3ccncc3c2)c1F,1,IC50,6.47,3,CHEMBL2023329
CCCS(=O)(=O)Nc1ccc(F)c(-c2cc3cnccc3cn2)c1F,1,IC50,6.62,4,CHEMBL2023331
CCCS(=O)(=O)Nc1ccc(F)c(-c2cc3cncc(Br)c3cn2)c1F,1,IC50,7.14,4,CHEMBL2023332
CCCS(=O)(=O)Nc1ccc(F)c(-c2cc3cnccc3c(=O)n2C)c1F,1,IC50,7.15,4,CHEMBL2023333
CCCS(=O)(=O)Nc1ccc(F)c(-c2cc3cnccc3n(CCc3ccccc3)c2=O)c1F,1,IC50,7.89,3,CHEMBL2023334
CCCS(=O)(=O)Nc1ccc(F)c(-c2ccc3cc(N)ncc3c2)c1F,1,IC50,8.06,4,CHEMBL2023335
CCCS(=O)(=O)Nc1ccc(F)c(-c2ccc3nc(N)ncc3c2)c1F,1,IC50,6.85,4,CHEMBL2023336
CCCS(=O)(=O)Nc1cccc(-c2cc3cnc(N)nc3n(C)c2=O)c1,0,IC50 (>),5.0,1,CHEMBL2023337
CCCS(=O)(=O)Nc1ccc(F)c(-c2ccc3nc(N)ncc3c2)c1,0,IC50 (>),5.0,1,CHEMBL2023338
CCCS(=O)(=O)Nc1ccc(F)c(-c2cc3cnc(N)nc3n(C)c2=O)c1F,1,IC50,8.0,4,CHEMBL2023340
CCCS(=O)(=O)Nc1ccc(F)c(-c2cc3cnc(NC)nc3n(C)c2=O)c1F,1,IC50,8.05,4,CHEMBL2023341
CCCS(=O)(=O)Nc1ccc(F)c(-c2cc3cnc(NCC4CC4)nc3n(C)c2=O)c1F,1,IC50,8.52,4,CHEMBL2023342
CCCS(=O)(=O)Nc1ccc(F)c(-c2cc3cnc(NCCO)nc3n(C)c2=O)c1F,1,IC50,8.22,4,CHEMBL2023497
CCCS(=O)(=O)Nc1ccc(F)c(-c2cc3cnc(NCCCO)nc3n(C)c2=O)c1F,1,IC50,8.15,4,CHEMBL2023498
CCCS(=O)(=O)Nc1ccc(F)c(-c2cc3cnc(NC4CCOCC4)nc3n(C)c2=O)c1F,1,IC50,7.82,4,CHEMBL2023499
CCCS(=O)(=O)Nc1ccc(F)c(-c2cc3cnc(Nc4ccccc4)nc3n(C)c2=O)c1F,1,IC50,9.3,4,CHEMBL2023500
CCCS(=O)(=O)Nc1ccc(F)c(-c2cc3cnc(Nc4cccnc4)nc3n(C)c2=O)c1F,1,IC50,9.3,4,CHEMBL2023501
CCCS(=O)(=O)Nc1ccc(F)c(-c2cc3cnc(Nc4cnn(C)c4)nc3n(C)c2=O)c1F,1,IC50,9.4,4,CHEMBL2023502
COc1cc2ncnc(Oc3cccc(NC(=O)Nc4cc(C(C)(C)C(F)(F)F)on4)c3)c2cc1OC,1,IC50,7.09,6,CHEMBL2029988
COc1cc2ncnc(Oc3cccc(NC(=O)Nc4cc(C(C)(C)C(F)(F)F)nn4-c4ccccc4)c3)c2cc1OC,1,IC50,7.21,2,CHEMBL2029999
COc1cc2ncnc(Oc3cccc(NC(=O)Nc4cc(C(C)(C)C)nn4Cc4ccccc4)c3)c2cc1OC,1,IC50,6.32,3,CHEMBL2029998
COc1cc2ncnc(Oc3cccc(NC(=O)Nc4cc(C(C)(C)C)nn4-c4ccccc4)c3)c2cc1OC,1,IC50,7.68,3,CHEMBL2029997
COc1cc2ncnc(Oc3cccc(NC(=O)Nc4cc(C(C)(C)C)nn4CC(C)C)c3)c2cc1OC,1,IC50,6.17,3,CHEMBL2029995
COc1cc2ncnc(Oc3cccc(NC(=O)Nc4cc(C(C)(C)C)nn4C(C)C)c3)c2cc1OC,1,IC50,6.3,3,CHEMBL2029994
COc1cc2ncnc(Sc3cccc(NC(=O)Nc4cc(C(C)(C)F)no4)c3)c2cc1OC,1,IC50,7.08,3,CHEMBL2029993
COc1cc2ncnc(Sc3cccc(NC(=O)Nc4cc(C5(C(F)(F)F)CC5)on4)c3)c2cc1OC,1,IC50,6.33,2,CHEMBL2029992
COc1cc2ncnc(Sc3cccc(NC(=O)Nc4cc(C(C)(C)C(F)(F)F)on4)c3)c2cc1OC,1,IC50,6.85,2,CHEMBL2029991
COc1cc2ncnc(Sc3cccc(NC(=O)Nc4cc(C(C)(CF)CF)on4)c3)c2cc1OC,1,IC50,7.03,3,CHEMBL2029990
COc1cc2ncnc(Oc3cccc(NC(=O)Nc4cc(C5(C(F)(F)F)CC5)on4)c3)c2cc1OC,1,IC50,6.74,2,CHEMBL2029989
COc1cc2ncnc(Oc3cccc(NC(=O)Nc4cc(C(C)(CF)CF)on4)c3)c2cc1OC,1,IC50,6.96,3,CHEMBL2029987
COc1cc2ncnc(Oc3cccc(NC(=O)Nc4cc(C(C)(C)F)on4)c3)c2cc1OC,1,IC50,6.56,3,CHEMBL2029986
COc1cc2ncnc(Oc3cccc(NC(=O)Nc4cc(C(C)(C)C#N)no4)c3)c2cc1OC,1,IC50,6.48,2,CHEMBL2029985
COc1cc2ncnc(Oc3cccc(NC(=O)Nc4cc(C5(C(F)(F)F)CCC5)no4)c3)c2cc1OC,1,IC50,6.51,3,CHEMBL2029984
COc1cc2ncnc(Oc3cccc(NC(=O)Nc4cc(C(C)(C)C(F)(F)F)no4)c3)c2cc1OC,1,IC50,6.76,2,CHEMBL2029983
COc1cc2ncnc(Oc3cccc(NC(=O)Nc4cc(C(C)(CF)CF)no4)c3)c2cc1OC,1,IC50,6.47,4,CHEMBL2029982
COc1cc2ncnc(Oc3cccc(NC(=O)Nc4cc(C(C)(C)F)no4)c3)c2cc1OC,1,IC50,6.81,2,CHEMBL2029981
COc1cc2ncnc(Oc3cccc(NC(=O)Nc4cc(C(C)(F)F)no4)c3)c2cc1OC,1,IC50,6.19,3,CHEMBL2029980
COCC(C)(C)c1cc(NC(=O)Nc2cccc(Oc3ncnc4cc(OC)c(OC)cc34)c2)no1,1,IC50,6.49,3,CHEMBL2029978
COc1cc2ncnc(Oc3cccc(NC(=O)Nc4cc(C(C)(C)CO)on4)c3)c2cc1OC,1,IC50,6.19,3,CHEMBL2029977
COc1cc2ncnc(Oc3cccc(NC(=O)Nc4cc(C(C)C)no4)c3)c2cc1OC,1,IC50,6.47,2,CHEMBL2029974
COc1cc2ncnc(Oc3cccc(NC(=O)Nc4cc(-c5ccccc5)on4)c3)c2cc1OC,1,IC50,6.02,4,CHEMBL2029973
COc1cc2ncnc(Oc3cccc(NC(=O)Nc4cc(C5CCCC5)on4)c3)c2cc1OC,1,IC50,6.87,2,CHEMBL2029972
COc1cc2ncnc(Oc3cccc(NC(=O)Nc4cc(C(C)C)on4)c3)c2cc1OC,1,IC50,6.45,2,CHEMBL2029971
COc1cc2ncnc(Oc3cccc(NC(=O)Nc4cc(C)on4)c3)c2cc1OC,0,IC50 (>),4.82,2,CHEMBL2029970
COc1cc2ncnc(Oc3cccc(NC(=O)Nc4cc(C(C)(C)C)nn4C)c3)c2cc1OC,1,IC50,6.47,2,CHEMBL2029969
COc1cc2ncnc(Oc3cccc(NC(=O)Nc4cc(C(C)(C)C)no4)c3)c2cc1OC,1,IC50,7.0,2,CHEMBL2029967
COc1cc2ncnc(Oc3cccc(NC(=O)Nc4cc(-c5ccccc5)no4)c3)c2cc1OC,0,IC50 (>),4.82,1,CHEMBL2029976
CCCS(=O)(=O)Nc1ccc(F)c(C(=O)Nc2cnc3ccccc3c2)c1F,1,IC50,6.33,1,CHEMBL2030224
CCCS(=O)(=O)Nc1ccc(F)c(C(=O)Nc2cnc3occc3c2)c1F,0,IC50 (>),5.0,1,CHEMBL2030225
CCCS(=O)(=O)Nc1ccc(F)c(C(=O)Nc2cnc3nccn3c2)c1F,0,IC50 (>),5.0,1,CHEMBL2030226
CCCS(=O)(=O)Nc1ccc(F)c(C(=O)Nc2cnc3cc[nH]c3c2)c1F,1,IC50,6.39,1,CHEMBL2030227
CCCS(=O)(=O)Nc1ccc(F)c(C(=O)Nc2cnc3ccnn3c2)c1F,1,IC50,6.61,4,CHEMBL2030228
CCCS(=O)(=O)Nc1ccc(F)c(C(=O)Nc2cnc3cc(C)nn3c2)c1F,1,IC50,6.88,2,CHEMBL2030229
CCCS(=O)(=O)Nc1ccc(F)c(C(=O)Nc2cnc3cc(CC)nn3c2)c1F,1,IC50,6.98,2,CHEMBL2030230
CCCS(=O)(=O)Nc1ccc(F)c(C(=O)Nc2cnc3cc(C4CC4)nn3c2)c1F,1,IC50,6.91,2,CHEMBL2030231
CCCS(=O)(=O)Nc1ccc(F)c(C(=O)Nc2cnc3cc(C4CCCC4)nn3c2)c1F,1,IC50,6.89,2,CHEMBL2030232
CCCS(=O)(=O)Nc1ccc(F)c(C(=O)Nc2cnc3cc(C(F)(F)F)nn3c2)c1F,1,IC50,6.9,2,CHEMBL2030233
CCCS(=O)(=O)Nc1ccc(F)c(C(=O)Nc2cnc3cc(NC)nn3c2)c1F,1,IC50,6.89,2,CHEMBL2030234
CCCS(=O)(=O)Nc1ccc(F)c(C(=O)Nc2cnc3cc(NC(C)C)nn3c2)c1F,1,IC50,6.72,2,CHEMBL2030235
CCCS(=O)(=O)Nc1ccc(F)c(C(=O)Nc2cnc3cc(N4CCCC4)nn3c2)c1F,1,IC50,6.43,2,CHEMBL2030236
CCCS(=O)(=O)Nc1ccc(F)c(C(=O)Nc2cnc3cc(N4CCOCC4)nn3c2)c1F,1,IC50,6.76,2,CHEMBL2030237
CCCS(=O)(=O)Nc1ccc(F)c(C(=O)Nc2cnc3cc(OC)nn3c2)c1F,1,IC50,7.37,2,CHEMBL2030238
CCCS(=O)(=O)Nc1ccc(F)c(C(=O)Nc2cnc3cc(OCC)nn3c2)c1F,1,IC50,7.08,2,CHEMBL2030239
CCCS(=O)(=O)Nc1ccc(F)c(C(=O)Nc2cnc3cc(OC(C)C)nn3c2)c1F,1,IC50,6.83,2,CHEMBL2030240
CCCS(=O)(=O)Nc1ccc(F)c(C(=O)Nc2cnc3cc(OCCOC)nn3c2)c1F,1,IC50,7.17,2,CHEMBL2030241
CCCS(=O)(=O)Nc1ccc(F)c(C(=O)Nc2cnc3cc(-c4ccccc4)nn3c2)c1F,1,IC50,8.34,4,CHEMBL2030242
CCCS(=O)(=O)Nc1ccc(F)c(C(=O)Nc2cnc3cc(-c4cccc(F)c4)nn3c2)c1F,1,IC50,7.72,2,CHEMBL2030243
CCCS(=O)(=O)Nc1ccc(F)c(C(=O)Nc2cnc3cc(-c4ccc(F)cc4)nn3c2)c1F,1,IC50,7.96,4,CHEMBL2030244
CCCS(=O)(=O)Nc1ccc(F)c(C(=O)Nc2cnc3cc(-c4cccnc4)nn3c2)c1F,1,IC50,7.89,2,CHEMBL2030245
CCCS(=O)(=O)Nc1ccc(F)c(C(=O)Nc2cnc3cc(-c4cnn(C)c4)nn3c2)c1F,1,IC50,7.89,2,CHEMBL2030246
CCCNS(=O)(=O)c1ccc2[nH]c3c(C(N)=O)nccc3c2c1,0,IC50,4.54,1,CHEMBL2047056
NC(=O)c1nccc2c1[nH]c1ccc(S(=O)(=O)NCCCO)cc12,0,IC50,4.69,1,CHEMBL2047058
CC(O)CNS(=O)(=O)c1ccc2[nH]c3c(C(N)=O)nccc3c2c1,0,IC50,4.66,1,CHEMBL2047059
COC(CNS(=O)(=O)c1ccc2[nH]c3c(C(N)=O)nccc3c2c1)OC,0,IC50,4.04,1,CHEMBL2047061
NC(=O)c1nccc2c1[nH]c1ccc(S(=O)(=O)NCC(O)CO)cc12,0,IC50,4.35,1,CHEMBL2047062
NC(=O)c1nccc2c1[nH]c1ccc(S(=O)(=O)NCCO)cc12,0,IC50,4.62,1,CHEMBL2047063
COCCCNS(=O)(=O)c1ccc2[nH]c3c(C(N)=O)nccc3c2c1,0,IC50,4.64,1,CHEMBL2047064
Cc1ccc(NS(=O)(=O)c2ccc3[nH]c4c(C(N)=O)nccc4c3c2)cc1,0,IC50,4.87,1,CHEMBL2047067
CC(=O)NS(=O)(=O)c1ccc2[nH]c3cnccc3c2c1,0,IC50,4.23,1,CHEMBL2047073
CCCS(=O)(=O)Nc1ccc(F)c(NC(=O)Nc2cc(N)ncn2)c1F,1,IC50,6.85,4,CHEMBL2047867
CCCS(=O)(=O)Nc1ccc(F)c(NC(=O)Nc2cc(NC)ncn2)c1F,1,IC50,7.44,4,CHEMBL2047868
CCCS(=O)(=O)Nc1ccc(F)c(NC(=O)Nc2cc(NCCO)ncn2)c1F,1,IC50,7.19,1,CHEMBL2047869
CCCS(=O)(=O)Nc1ccc(F)c(NC(=O)N(C)c2cc(N)ncn2)c1F,1,IC50,7.08,4,CHEMBL2047870
CCCS(=O)(=O)Nc1ccc(F)c(NC(=O)Nc2ncnc3[nH]ncc23)c1F,1,IC50,8.25,4,CHEMBL2047871
CCCS(=O)(=O)Nc1ccc(F)c(NC(=O)Nc2ncnc3[nH]nc(OC)c23)c1F,1,IC50,8.8,3,CHEMBL2047872
CCCS(=O)(=O)Nc1ccc(F)c(NC(=O)c2cccc3c(N)ncnc23)c1F,1,IC50,8.74,4,CHEMBL2047873
CCCS(=O)(=O)Nc1ccc(Cl)c(NC(=O)c2cccc3c(N)ncnc23)c1F,1,IC50,9.23,4,CHEMBL2046458
CCCS(=O)(=O)Nc1ccc(F)c(NC(=O)c2cccc3c(N)ncnc23)c1Cl,1,IC50,9.27,4,CHEMBL2047874
Nc1ncnc2c(C(=O)Nc3c(Cl)ccc(NS(=O)(=O)CCCF)c3F)cccc12,1,IC50,9.96,4,CHEMBL2047875
CCCS(=O)(=O)Nc1ccc(F)c(NC(=O)c2csc3c(N)ncnc23)c1F,1,IC50,8.49,4,CHEMBL2047876
CCCS(=O)(=O)Nc1ccc(Cl)c(NC(=O)c2csc3c(N)ncnc23)c1F,1,IC50,9.05,4,CHEMBL2047877
CCCS(=O)(=O)Nc1ccc(F)c(NC(=O)c2csc3c(N)ncnc23)c1Cl,1,IC50,8.96,4,CHEMBL2047878
Nc1ncnc2c(C(=O)Nc3c(Cl)ccc(NS(=O)(=O)CCCF)c3F)csc12,1,IC50,9.74,6,CHEMBL2047879
CC(C)(N)C(=O)NCCn1ccc2ncnc(Nc3ccc(Oc4cccc5sncc45)c(Cl)c3)c21,0,IC50 (>),5.0,1,CHEMBL2048912
N#Cc1ccccc1-c1ccc(C=C2C(=O)NC(=S)NC2=O)o1,1,IC50,6.13,1,CHEMBL2070563
O=C1NC(=S)NC(=O)C1=Cc1ccc(-c2ccc([N+](=O)[O-])cc2)o1,1,IC50,6.14,1,CHEMBL2070564
O=C1NC(=S)NC(=O)C1=Cc1ccc(-c2cccc([N+](=O)[O-])c2)o1,1,IC50,6.08,1,CHEMBL2070565
O=C1NC(=S)NC(=O)C1=Cc1ccc(-c2ccccc2[N+](=O)[O-])o1,1,IC50,6.17,1,CHEMBL2070566
CS(=O)(=O)N(CCC#N)Cc1ccc(/C=C2/C(=O)NC(=S)N(c3ccc(Cl)c(Cl)c3)C2=O)o1,1,IC50,6.09,1,CHEMBL2070582
Cc1ccc(N2C(=O)/C(=C\c3ccc(CN(CCC#N)S(C)(=O)=O)o3)C(=O)NC2=S)cc1Cl,1,IC50,6.51,1,CHEMBL2070583
Cc1ccc(N2C(=O)/C(=C\c3ccc(CN(CCC#N)S(C)(=O)=O)o3)C(=O)NC2=S)cc1,1,IC50,6.01,1,CHEMBL2070584
CS(=O)(=O)N(CCC#N)Cc1ccc(/C=C2/C(=O)NC(=S)N(c3ccc(Br)cc3)C2=O)o1,1,IC50,6.36,1,CHEMBL2070585
Cc1cccc(N2C(=O)/C(=C\c3ccc(CN(CCC#N)S(C)(=O)=O)o3)C(=O)NC2=S)c1,1,IC50,6.3,1,CHEMBL2070587
Oc1c(C(Nc2ccccn2)c2ccco2)cc(Cl)c2cccnc12,1,IC50,6.4,2,CHEMBL581146
Oc1c(C(Nc2cccnc2)c2ccsc2)ccc2cccnc12,1,IC50,6.1,1,CHEMBL2087791
COc1ccc(C(c2ccc3cccnc3c2O)N2CCOCC2)cc1,1,IC50,6.05,1,CHEMBL2087790
Cc1cc(C)c2c(=O)n(C(=O)c3cccs3)sc2n1,1,IC50,6.4,2,CHEMBL2087789
O=C(/C=C/S(=O)(=O)c1ccc(Cl)cc1)c1ccc(F)cc1,1,IC50,6.52,2,CHEMBL2087788
COc1cc(C(Nc2ccccn2)c2cc(Cl)c3cccnc3c2O)cc(Br)c1O,1,IC50,6.16,1,CHEMBL2087787
O=S(=O)(Nc1cc(Sc2ncn[nH]2)c(O)c2ccccc12)c1cccs1,1,IC50,7.0,2,CHEMBL2030272
O=C1C(Sc2ncn[nH]2)=C/C(=N\S(=O)(=O)c2cccs2)c2ccccc21,1,IC50,6.72,2,CHEMBL2087792
O=S(=O)(Nc1cc(Cl)c(O)c2ccccc12)c1cccs1,1,IC50,6.42,2,CHEMBL2030468
O=S(=O)(Nc1cc(Br)c(O)c2ccccc12)c1cccs1,1,IC50,6.5,2,CHEMBL2030469
O=S(=O)(Nc1cc(Sc2ncc[nH]2)c(O)c2ccccc12)c1cccs1,1,IC50,6.92,2,CHEMBL2087793
O=S(=O)(Nc1cc(Sc2ccccn2)c(O)c2ccccc12)c1cccs1,1,IC50,6.72,2,CHEMBL2088018
Cn1nnnc1Sc1cc(NS(=O)(=O)c2cccs2)c2ccccc2c1O,1,IC50,6.6,2,CHEMBL2030271
O=S(=O)(Nc1cc(Sc2ccccc2)c(O)c2ccccc12)c1cccs1,1,IC50,6.55,2,CHEMBL2088019
O=S(=O)(Nc1cc(Sc2cnn[nH]2)c(O)c2ccccc12)c1cccs1,1,IC50,6.14,1,CHEMBL2088020
CC(=O)N1CCc2cc(S(=O)(=O)Nc3cc(Sc4ncn[nH]4)c(O)c4ccccc34)ccc21,1,IC50,6.85,2,CHEMBL2088021
O=S(=O)(Nc1cc(Sc2ncn[nH]2)c(O)c2ccccc12)c1ccc(C(F)(F)F)cc1,1,IC50,6.72,2,CHEMBL2088022
CCCCCCCCS(=O)(=O)Nc1cc(Sc2ncn[nH]2)c(O)c2ccccc12,1,IC50,6.14,1,CHEMBL2088024
O=S(=O)(Nc1cc(Sc2ncn[nH]2)c(O)c2ccccc12)c1c(F)c(F)c(F)c(F)c1F,1,IC50,6.28,2,CHEMBL2088026
O=C1CCC(=O)N1c1ccc(F)c(S(=O)(=O)Nc2cc(Sc3ncn[nH]3)c(O)c3ccccc23)c1F,1,IC50,6.17,2,CHEMBL2088027
O=S(=O)(Nc1cc(Sc2ncn[nH]2)c(O)c2ccccc12)c1ccc(-c2ccccc2)cc1,1,IC50,7.1,2,CHEMBL2030274
O=S(=O)(Nc1cc(Sc2ncn[nH]2)c(O)c2ccccc12)c1ccc2ccccc2c1,1,IC50,6.82,2,CHEMBL2030281
CC(=O)Nc1ccc(S(=O)(=O)Nc2cc(Sc3ncn[nH]3)c(O)c3ccccc23)cc1,1,IC50,6.85,1,CHEMBL2088028
CC(C)(C(=O)NCCn1ccc2ncnc(Nc3ccc(Oc4cccc(Cl)c4)c(Cl)c3)c21)S(C)(=O)=O,0,IC50 (>),5.0,1,CHEMBL2148053
COc1n[nH]c2ncc(NC(=O)c3c(F)ccc(NC(=O)c4cccc(C(C)(C)C#N)c4)c3F)cc12,1,IC50,8.64,2,CHEMBL2153510
CC(C)(C#N)c1cccc(C(=O)Nc2ccc(F)c(C(=O)Nc3cnc4[nH]ccc4c3)c2F)c1,1,IC50,8.17,2,CHEMBL2153511
CC(C)(C#N)c1cccc(C(=O)Nc2ccc(F)c(C(=O)Nc3cnc4[nH]ncc4c3)c2F)c1,1,IC50,8.46,2,CHEMBL2151064
CC(C)(C#N)c1cccc(C(=O)Nc2ccc(F)c(C(=O)Nc3cnc4[nH]nc(C5CC5)c4c3)c2F)c1,1,IC50,8.52,2,CHEMBL2153512
COc1n[nH]c2ncc(NC(=O)c3cc(NC(=O)c4cccc(C(C)(C)C#N)c4)ccc3F)cc12,1,IC50,9.0,2,CHEMBL2153513
COc1n[nH]c2ncc(NC(=O)c3cccc(NC(=O)c4cccc(C(C)(C)C#N)c4)c3)cc12,1,IC50,9.05,2,CHEMBL2153514
COc1n[nH]c2ncc(NC(=O)c3cccc(NC(=O)c4cccc(C(C)(C)C#N)c4)c3F)cc12,1,IC50,8.29,1,CHEMBL2153633
COc1n[nH]c2ncc(NC(=O)c3cc(NC(=O)c4ccc(Cl)c(C(F)(F)F)c4)ccc3F)cc12,1,IC50,8.89,2,CHEMBL2153634
COc1n[nH]c2ncc(NC(=O)c3cc(NC(=O)c4cccc(C(C)(C)C#N)c4)ccc3Cl)cc12,1,IC50,8.92,2,CHEMBL2153635
COc1n[nH]c2ncc(NC(=O)c3cc(NC(=O)c4cccc(C(C)(C)C#N)c4)ccc3C)cc12,1,IC50,8.72,2,CHEMBL2153636
COc1n[nH]c2ncc(NC(=O)c3cc(C(=O)Nc4cccc(C(F)(F)F)c4)ccc3C)cc12,1,IC50,8.18,2,CHEMBL2153638
COc1ccc(C2=NN(C(=O)c3ccc(Cl)cc3O)C(c3ccc(Cl)cc3)C2)cc1,1,IC50,6.09,1,CHEMBL2159053
N#CCNc1ncnc(-n2c(Nc3cccc(O)c3)nc3ccccc32)n1,1,IC50,8.52,1,CHEMBL1615182
CN(c1ccc(F)c(NC(=O)c2cccc(OC(C)(C)C#N)c2Cl)c1)c1ccc2nc(NC(=O)C3CC3)sc2n1,1,IC50,7.42,3,CHEMBL2204532
CC(C)(C#N)Oc1cccc(C(=O)Nc2cc(Nc3ccc4nc(NC(=O)C5CC5)sc4n3)ccc2F)c1Cl,1,IC50,7.82,2,CHEMBL2204533
CC(=O)Nc1nc2ccc(N(C)c3ccc(F)c(NC(=O)c4cccc(OC(C)(C)C#N)c4Cl)c3)nc2s1,1,IC50,7.66,2,CHEMBL2204531
CC(=O)Nc1nc2ccc(N(C)c3ccc(F)c(NC(=O)c4cccc(OC(C)(C)C#N)c4)c3)nc2s1,1,IC50,7.64,2,CHEMBL2204530
CC(=O)Nc1nc2cnc(Nc3cc(NC(=O)c4cccc(C5(C#N)CC5)c4Cl)ccc3C)nc2s1,1,IC50,7.04,2,CHEMBL2204529
CC(=O)Nc1nc2cnc(Nc3cc(NC(=O)c4cccc(OC(C)(C)C#N)c4)ccc3C)nc2s1,1,IC50,7.14,2,CHEMBL2204528
CC(=O)Nc1nc2cnc(Nc3cc(NC(=O)c4cccc(CC(C)(C)C#N)c4)ccc3C)nc2s1,1,IC50,7.0,2,CHEMBL2204527
CC(=O)Nc1nc2cnc(Nc3cc(NC(=O)c4cccc(CCC#N)c4)ccc3C)nc2s1,1,IC50,7.29,1,CHEMBL2204526
CC(C)(C)NS(=O)(=O)c1cncc(-c2ccn3nc(N)nc3c2)c1,0,IC50 (>),5.0,1,CHEMBL2205766
O=C(Nc1cccc(Oc2ccc3nccn3n2)c1)c1cccc(C(F)(F)F)c1,1,IC50,6.54,1,CHEMBL2206666
CC(C)(C)c1ccc(C(=O)Nc2cn3cc(-n4ccnc4)ccc3n2)cc1,0,IC50 (>),5.0,1,CHEMBL2205637
COc1cc(-c2nn(C(C)C)cc2-c2ccnc(NC[C@H](C)O)n2)cnc1N,1,IC50,8.19,1,CHEMBL2207688
Nc1ncc(-c2cccnc2)c2scc(-c3cccc(NC(=O)Nc4ccc(Cl)c(C(F)(F)F)c4)c3)c12,1,IC50,7.78,1,CHEMBL2315062
Nc1ncc(-c2cccnc2)c2scc(-c3cccc(NC(=O)Nc4cc(C(F)(F)F)ccc4F)c3)c12,1,IC50,7.67,1,CHEMBL2315061
Nc1ncc(-c2cccnc2)c2scc(-c3cccc(NC(=O)Nc4ccc(C(F)(F)F)cc4)c3)c12,1,IC50,7.6,1,CHEMBL2315060
Nc1ncc(-c2cccnc2)c2scc(-c3cccc(NC(=O)Nc4ccc(OCc5ccccc5)cc4)c3)c12,1,IC50,6.03,1,CHEMBL2315079
Nc1ncc(-c2cccnc2)c2scc(-c3cccc(NC(=O)Nc4c(F)cccc4F)c3)c12,1,IC50,7.71,1,CHEMBL2315078
COc1cccc(NC(=O)Nc2cccc(-c3csc4c(-c5cccnc5)cnc(N)c34)c2)c1,1,IC50,8.02,1,CHEMBL2315077
Nc1ncc(-c2cccnc2)c2scc(-c3cccc(NC(=O)Nc4ccccc4)c3)c12,1,IC50,7.86,1,CHEMBL2315076
Nc1ncc(-c2cccnc2)c2scc(-c3cccc(NC(=O)NCc4ccccc4)c3)c12,1,IC50,7.68,1,CHEMBL2315075
Nc1ncc(-c2cccnc2)c2scc(-c3cccc(NC(=O)NC4CCCCC4)c3)c12,1,IC50,7.51,1,CHEMBL2315074
Cc1noc(C)c1NC(=O)Nc1cccc(-c2csc3c(-c4cccnc4)cnc(N)c23)c1,1,IC50,6.16,1,CHEMBL2315073
Nc1ncc(-c2cccnc2)c2scc(-c3cccc(NC(=O)Cc4cccs4)c3)c12,1,IC50,7.35,1,CHEMBL2315071
Nc1ncc(-c2cccnc2)c2scc(-c3cccc(NC(=O)Cc4ccccc4)c3)c12,1,IC50,7.72,1,CHEMBL2315070
Nc1ncc(-c2cccnc2)c2scc(-c3cccc(NC(=O)c4cccc(C(F)(F)F)c4)c3)c12,1,IC50,8.29,1,CHEMBL2315069
Nc1ncc(-c2cccnc2)c2scc(-c3cccc(NC(=O)c4cc(F)ccc4F)c3)c12,1,IC50,7.31,1,CHEMBL2315068
Nc1ncc(-c2cccnc2)c2scc(-c3cccc(NC(=O)c4ccccc4)c3)c12,1,IC50,7.03,1,CHEMBL2315067
Nc1cccc(-c2csc3c(-c4cccnc4)cnc(N)c23)c1,0,IC50 (>),5.0,1,CHEMBL2315063
Nc1ncc(-c2cccnc2)c2scc(-c3cccc(NS(=O)(=O)c4ccccc4)c3)c12,0,IC50 (>),5.0,1,CHEMBL2315064
CC(=O)N[C@@H](C)c1ccc(Nc2ncc3cc(-c4ccncc4)ccc3n2)cc1,1,IC50,6.72,1,CHEMBL2335504
Cc1ccc(NC(=O)c2cccc(C(C)(C)C#N)c2)cc1Nc1ccc2ncn(C)c(=O)c2c1,1,IC50,9.22,9,CHEMBL2144069
CC(=O)N[C@H](C)c1ccc(Nc2ncc3cc(-c4ccncc4)cc(C)c3n2)cc1,1,IC50,7.6,4,CHEMBL2335912
CC(=O)N[C@H](C)c1ccc(Nc2ncc3cc(-c4ccncc4)c(C)cc3n2)cc1,1,IC50,6.24,1,CHEMBL2335911
CC(=O)N[C@H](C)c1ccc(Nc2ncc3cc(-c4ccncc4)cc(Cl)c3n2)cc1,1,IC50,7.7,4,CHEMBL2335910
CC(=O)N[C@H](C)c1ccc(Nc2ncc3cc(-c4ccncc4)c(Cl)cc3n2)cc1,1,IC50,6.37,1,CHEMBL2335909
COc1cc2nc(Nc3ccc([C@@H](C)NC(C)=O)cc3)ncc2cc1-c1ccncc1,1,IC50,7.6,4,CHEMBL2335908
COc1cc(-c2ccncc2)cc2cnc(Nc3ccc([C@@H](C)NC(C)=O)cc3)nc12,1,IC50,8.0,2,CHEMBL2335907
C[C@@H](NC1=CC(=O)CNC1)c1ccc(Nc2ncc3cc(-c4ccncc4)ccc3n2)cc1,1,IC50,7.41,4,CHEMBL2335906
C[C@@H](NC1=CC(=O)NCC1)c1ccc(Nc2ncc3cc(-c4ccncc4)ccc3n2)cc1,1,IC50,8.1,4,CHEMBL2335905
C[C@@H](NC1=CC(=O)CC1)c1ccc(Nc2ncc3cc(-c4ccncc4)ccc3n2)cc1,1,IC50,8.3,4,CHEMBL2335904
C[C@@H](NC1=CC(=O)CCC1)c1ccc(Nc2ncc3cc(-c4ccncc4)ccc3n2)cc1,1,IC50,8.4,4,CHEMBL2335903
C[C@@H](NC(=O)[C@H]1CCCN1)c1ccc(Nc2ncc3cc(-c4ccncc4)ccc3n2)cc1,1,IC50,7.13,4,CHEMBL2335902
C[C@@H](NC(=O)C1CCNCC1)c1ccc(Nc2ncc3cc(-c4ccncc4)ccc3n2)cc1,1,IC50,6.64,4,CHEMBL2335901
C[C@@H](NC(=O)[C@H]1CCCNC1)c1ccc(Nc2ncc3cc(-c4ccncc4)ccc3n2)cc1,1,IC50,6.85,4,CHEMBL2335900
C[C@@H](NC(=O)[C@H]1CCCCN1CCO)c1ccc(Nc2ncc3cc(-c4ccncc4)ccc3n2)cc1,1,IC50,7.6,4,CHEMBL2335899
C[C@@H](NC(=O)C1CCCCN1C)c1ccc(Nc2ncc3cc(-c4ccncc4)ccc3n2)cc1,1,IC50,7.35,2,CHEMBL2335898
C[C@@H](NC(=O)[C@H]1CCCCN1)c1ccc(Nc2ncc3cc(-c4ccncc4)ccc3n2)cc1,1,IC50,7.35,4,CHEMBL2335897
CC(=O)N[C@H](C)c1ccc(Nc2ncc3cc(-c4ccncc4)ccc3n2)cc1,1,IC50,7.72,4,CHEMBL2335896
CC(=O)NC(C)c1ccc(Nc2ncc3cc(-c4ccncc4)ccc3n2)cc1,1,IC50,7.44,2,CHEMBL2335895
COCCC(=O)N[C@@H](C)c1ccc(Nc2ncc3cc(-c4ccncc4)ccc3n2)cc1,1,IC50,7.29,4,CHEMBL2335894
COCCC(=O)N[C@H](C)c1ccc(Nc2ncc3cc(-c4ccncc4)ccc3n2)cc1,1,IC50,7.57,4,CHEMBL2335893
COCCC(=O)NC(C)c1ccc(Nc2ncc3cc(-c4ccncc4)ccc3n2)cc1,1,IC50,7.4,2,CHEMBL2335892
COCCNC(C)c1ccc(Nc2ncc3cc(-c4ccncc4)ccc3n2)cc1,1,IC50,7.42,2,CHEMBL2335891
COCCN(C)c1ccc(Nc2ncc3cc(-c4ccncc4)ccc3n2)cc1,1,IC50,6.78,4,CHEMBL2335890
CC(=O)Nc1ccc(Nc2ncc3cc(-c4ccncc4)ccc3n2)cc1,1,IC50,7.17,4,CHEMBL2335889
CC(=O)N(C)c1ccc(Nc2ncc3cc(-c4ccncc4)ccc3n2)cc1,1,IC50,7.24,4,CHEMBL2335888
COCCC(=O)Nc1ccc(Nc2ncc3cc(-c4ccncc4)ccc3n2)cc1,1,IC50,6.82,4,CHEMBL2335887
COCCOc1ccc(Nc2ncc3cc(-c4ccncc4)ccc3n2)cc1,1,IC50,6.68,4,CHEMBL2335886
COCCC(=O)N(C)c1ccc(Nc2ncc3cc(-c4ccncc4)ccc3n2)cc1,1,IC50,7.5,4,CHEMBL2335885
c1cc(-c2ccc3nc(Nc4ccc(OCCN5CCCC5)cc4)ncc3c2)ccn1,1,IC50,7.0,4,CHEMBL2335884
COCCN(C)Cc1ccc(Nc2ncc3cc(-c4ccncc4)ccc3n2)cc1,1,IC50,7.54,4,CHEMBL2335882
COCCNCc1ccc(Nc2ncc3cc(-c4ccncc4)ccc3n2)cc1,1,IC50,6.72,4,CHEMBL2335881
O=C(NCCN1CCCC1)c1ccc(Nc2ncc3cc(-c4ccncc4)ccc3n2)cc1,1,IC50,6.89,4,CHEMBL2335880
CN1CCCC1CCNC(=O)c1ccc(Nc2ncc3cc(-c4ccncc4)ccc3n2)cc1,1,IC50,7.28,4,CHEMBL2335879
CN(C)CCNC(=O)c1ccc(Nc2ncc3cc(-c4ccncc4)ccc3n2)cc1,1,IC50,7.05,4,CHEMBL2335878
COCCNC(=O)c1ccc(Nc2ncc3cc(-c4ccncc4)ccc3n2)cc1F,1,IC50,6.55,4,CHEMBL2335877
COCCNC(=O)c1ccc(Nc2ncc3cc(-c4ccncc4)ccc3n2)cc1C,1,IC50,6.92,4,CHEMBL2335876
COCCNC(=O)c1ccc(Nc2ncc3cc(-c4ccc(F)nc4)ccc3n2)cc1,0,IC50 (>),4.49,1,CHEMBL2335873
COCCNC(=O)c1ccc(Nc2ncc3cc(-c4ccc(OC)nc4)ccc3n2)cc1,0,IC50 (>),4.49,1,CHEMBL2335872
COCCNC(=O)c1ccc(Nc2ncc3cc(-c4cnccc4C)ccc3n2)cc1,1,IC50,7.64,2,CHEMBL2335871
COCCNC(=O)c1ccc(Nc2ncc3cc(-c4ccncc4C)ccc3n2)cc1,1,IC50,6.88,4,CHEMBL2335867
Cc1ccc(NC(=O)c2cccc(C(C)(C)C#N)c2)cc1C(=O)Nc1cnc(C)c(Cl)c1,1,IC50,7.8,2,CHEMBL2335863
CN(C)CCNCc1ccc(Nc2ncc3cc(-c4ccncc4)ccc3n2)cc1,1,IC50,6.52,1,CHEMBL2335883
COCCNC(=O)c1cccc(Nc2ncc3cc(-c4ccncc4)ccc3n2)c1,1,IC50,6.48,3,CHEMBL2335875
COCCNC(=O)c1ccc(Nc2ncc3cc(-c4cncnc4)ccc3n2)cc1,1,IC50,6.11,3,CHEMBL2335874
COCCNC(=O)c1ccc(Nc2ncc3cc(-c4cccnc4)ccc3n2)cc1,1,IC50,6.22,3,CHEMBL2335870
COCCNC(=O)c1ccc(Nc2ncc3cc(-c4ccccc4)ccc3n2)cc1,1,IC50,6.04,3,CHEMBL2335869
COCCNC(=O)c1ccc(Nc2ncc3cc(-c4ccncc4Cl)ccc3n2)cc1,1,IC50,6.43,3,CHEMBL2335868
COCCNC(=O)c1ccc(Nc2ncc3cc(-c4ccncc4OC)ccc3n2)cc1,1,IC50,6.58,3,CHEMBL2335866
CC(C)(C)c1nc(-c2cccc(NS(=O)(=O)c3c(F)cccc3F)c2F)c(-c2ccnc(N)n2)s1,1,IC50,9.4,28,CHEMBL2028663
CC(C)(C)c1nc(-c2ccc(F)c(NS(=O)(=O)c3c(F)cccc3F)c2)c(-c2ccnc(NCCS(C)(=O)=O)n2)s1,1,IC50,7.96,2,CHEMBL2337917
CC(C)c1nc(-c2cccc(NS(=O)(=O)c3c(F)cccc3F)c2F)c(-c2ccnc(NCCS(C)(=O)=O)n2)s1,1,IC50,9.52,2,CHEMBL2337916
CC(C)c1nc(-c2ccc(F)c(NS(=O)(=O)c3c(F)cccc3F)c2)c(-c2ccnc(NCCS(C)(=O)=O)n2)s1,1,IC50,7.89,4,CHEMBL2331621
CC(C)c1nc(-c2cccc(NS(=O)(=O)c3c(F)cccc3F)c2)c(-c2ccnc(NCCS(C)(=O)=O)n2)s1,1,IC50,9.0,4,CHEMBL2337915
CC(C)c1nc(-c2cccc(NS(=O)(=O)c3cccc(F)c3)c2)c(-c2ccnc(NCCCN(C)C)n2)s1,1,IC50,7.55,4,CHEMBL2337914
CC(C)c1nc(-c2cccc(NS(=O)(=O)c3cccc(F)c3)c2)c(-c2ccnc(NCC(N)=O)n2)s1,1,IC50,7.96,4,CHEMBL2337913
CC(C)c1nc(-c2cccc(NS(=O)(=O)c3cccc(F)c3)c2)c(-c2ccnc(NC3CC3)n2)s1,1,IC50,7.55,2,CHEMBL2337912
CC(C)(C)c1nc(-c2cccc(NS(=O)(=O)c3cc(F)ccc3F)c2)c(-c2ccnc(N)n2)s1,1,IC50,8.15,4,CHEMBL2337910
CC(C)c1nc(-c2cccc(NS(=O)(=O)c3c(F)cccc3F)c2)c(-c2ccnc(N)n2)s1,1,IC50,7.4,4,CHEMBL2337909
CC(C)c1nc(-c2ccc(F)c(NS(=O)(=O)c3cccc(F)c3)c2)c(-c2ccnc(N)n2)s1,1,IC50,6.27,1,CHEMBL2337911
CN(C)CCOc1ccc(-c2nc(-c3ccc4c(O)c(F)ccc4c3)c(-c3ccncc3)[nH]2)cc1,1,IC50,7.54,2,CHEMBL2336802
CN(C)CCOc1ccc(-c2nc(-c3ccc4cc(O)ccc4c3)c(-c3ccncc3)[nH]2)cc1,0,IC50,4.85,1,CHEMBL2336800
CN(C)CCOc1ccc(-c2nc(-c3ccc4c(O)cccc4c3)c(-c3ccncc3)[nH]2)cc1,1,IC50,8.05,2,CHEMBL2336826
CCCSc1csc2cc(-c3nc(-c4ccc(OCCN(C)C)cc4)[nH]c3-c3ccncc3)ccc12,0,IC50,4.51,1,CHEMBL2336819
CN(C)CCOc1ccc(-c2nc(-c3ccc4cc(C(=O)O)ccc4c3)c(-c3ccncc3)[nH]2)cc1,0,IC50 (>),5.0,1,CHEMBL2336808
CN(C)CCOc1ccc(-c2nc(-c3ccc4cc(F)ccc4c3)c(-c3ccncc3)[nH]2)cc1,0,IC50 (>),5.0,1,CHEMBL2336807
CN(C)CCOc1ccc(-c2nc(-c3ccc4c(=O)[nH]ccc4c3)c(-c3ccncc3)[nH]2)cc1,0,IC50 (>),5.0,1,CHEMBL2336805
CN(C)CCOc1ccc(-c2nc(-c3ccc4[nH]c(=O)ccc4c3)c(-c3ccncc3)[nH]2)cc1,0,IC50 (>),4.0,1,CHEMBL2336804
CN(C)CCOc1ccc(-c2nc(-c3ccc4ccc(=O)[nH]c4c3)c(-c3ccncc3)[nH]2)cc1,0,IC50 (>),4.0,1,CHEMBL2336803
CN(C)CCOc1ccc(-c2nc(-c3ccc4c(O)c(Cl)ccc4c3)c(-c3ccncc3)[nH]2)cc1,1,IC50,7.38,1,CHEMBL2336801
CN(C)CCOc1ccc(-c2nc(-c3ccc(C(O)C(F)(F)F)cc3)c(-c3ccncc3)[nH]2)cc1,0,IC50 (>),5.0,1,CHEMBL2336824
CN(C)CCOc1ccc(-c2nc(-c3ccc4sc(C(O)C(F)(F)F)cc4c3)c(-c3ccncc3)[nH]2)cc1,0,IC50 (>),5.0,1,CHEMBL2336823
CN(C)CCOc1ccc(-c2nc(-c3ccc4c([S+](C)[O-])csc4c3)c(-c3ccncc3)[nH]2)cc1,0,IC50 (>),5.0,1,CHEMBL2336822
CSc1csc2cc(-c3nc(-c4ccc(OCCN(C)C)cc4)[nH]c3-c3ccncc3)ccc12,0,IC50,4.85,1,CHEMBL2336821
CCC[S+]([O-])c1csc2cc(-c3nc(-c4ccc(OCCN(C)C)cc4)[nH]c3-c3ccncc3)ccc12,0,IC50 (>),5.0,1,CHEMBL2336820
CN(C)CCOc1ccc(-c2nc(-c3ccc4c([C@@H](O)C(F)(F)F)csc4c3)c(-c3ccncc3)[nH]2)cc1,1,IC50,6.72,1,CHEMBL2336818
CN(C)CCOc1ccc(-c2nc(-c3ccc4c(C(O)C(F)(F)F)csc4c3)c(-c3ccncc3)[nH]2)cc1,1,IC50,6.48,1,CHEMBL2336817
CN(C)CCOc1ccc(-c2nc(-c3ccc4c(C(O)C(F)(F)C(F)(F)F)csc4c3)c(-c3ccncc3)[nH]2)cc1,0,IC50 (>),5.0,1,CHEMBL2336816
CCC(O)c1csc2cc(-c3nc(-c4ccc(OCCN(C)C)cc4)[nH]c3-c3ccncc3)ccc12,0,IC50 (>),5.0,1,CHEMBL2336815
CN(C)CCOc1ccc(-c2nc(-c3ccc4c(CO)csc4c3)c(-c3ccncc3)[nH]2)cc1,0,IC50 (>),5.0,1,CHEMBL2336814
CN(C)CCOc1ccc(-c2nc(-c3ccc4c(C=O)csc4c3)c(-c3ccncc3)[nH]2)cc1,0,IC50 (>),5.0,1,CHEMBL2336813
CN(C)CCOc1ccc(-c2nc(-c3ccc4c(C(N)=O)coc4c3)c(-c3ccncc3)[nH]2)cc1,0,IC50 (>),5.0,1,CHEMBL2336812
CN(C)CCOc1ccc(-c2nc(-c3ccc4c(CO)coc4c3)c(-c3ccncc3)[nH]2)cc1,0,IC50 (>),5.0,1,CHEMBL2336811
CN(C)CCOc1ccc(-c2nc(-c3ccc(F)c(Cl)c3)c(-c3ccncc3)[nH]2)cc1,0,IC50 (>),5.0,1,CHEMBL2336810
CN(C)CCOc1ccc(-c2nc(-c3ccc(Cl)c(Cl)c3)c(-c3ccncc3)[nH]2)cc1,1,IC50,6.24,1,CHEMBL2336809
O=C(NCCO)C1=Cc2c(ncnc2Nc2ccc(Oc3cccc4sccc34)c(Cl)c2)NCC1,1,IC50,6.64,1,CHEMBL2348417
Cc1cc(C(=O)Nc2cccc(Oc3ccc4nc(NC(=O)C5CC5)cn4n3)c2)n(C)n1,0,IC50 (>),5.0,1,CHEMBL2348996
O=C(Nc1cccc(Oc2ccc3nc(NC(=O)C4CC4)cn3n2)c1)c1cccc(F)c1,1,IC50,6.19,1,CHEMBL2349006
O=C1NC(=S)NC(=O)C1=Cc1ccc(-c2ccc(Br)cc2)o1,1,IC50,6.33,2,CHEMBL2392467
CCOC(=O)c1sc(NC(=O)c2cc(OC)cc(OC)c2)c(C#N)c1C,1,IC50,6.11,1,CHEMBL2392599
CCOC(=O)c1sc(NC(=O)c2ccc(F)cc2)c(C(=O)Nc2ccccc2)c1C,1,IC50,6.2,1,CHEMBL2392604
CNC(=O)c1cc(O[C@H]2CC[C@H](NC(=O)Nc3ccc(Cl)c(C(F)(F)F)c3)CC2)ccn1,1,IC50,6.24,1,CHEMBL2397141
Cc1cc(C(=O)Nc2cc(Oc3ccc4nc(NC(=O)C5CC5)nn4c3)ccc2F)n(C)n1,0,IC50 (>),5.0,1,CHEMBL2409778
Cc1cc(C(=O)Nc2cccc(Oc3ccc4nc(NC(=O)C5CC5)nn4c3)c2)n(C)n1,1,IC50,6.54,1,CHEMBL2409775
CCCS(=O)(=O)Nc1ccc(F)c(C(=O)Nc2cnc3[nH]c(-c4cccc(C(F)(F)F)c4)nc3c2)c1F,1,IC50,9.0,2,CHEMBL2436796
CCCS(=O)(=O)Nc1ccc(F)c(C(=O)Nc2cnc3[nH]c(-c4cccc(OC)c4)nc3c2)c1F,1,IC50,8.92,2,CHEMBL2436795
CCCS(=O)(=O)Nc1ccc(F)c(C(=O)Nc2cnc3[nH]c(-c4ccc(S(C)(=O)=O)cc4)nc3c2)c1F,1,IC50,8.85,2,CHEMBL2436794
CCCS(=O)(=O)Nc1ccc(F)c(C(=O)Nc2cnc3[nH]c(-c4ccc(C#N)cc4)nc3c2)c1F,1,IC50,8.57,2,CHEMBL2436793
CCCS(=O)(=O)Nc1ccc(F)c(C(=O)Nc2cnc3[nH]c(-c4ccc(OC(F)(F)F)cc4)nc3c2)c1F,1,IC50,8.6,2,CHEMBL2436792
CCCS(=O)(=O)Nc1ccc(F)c(C(=O)Nc2cnc3[nH]c(-c4ccc(C(F)(F)F)cc4)nc3c2)c1F,1,IC50,8.85,2,CHEMBL2436791
CCCS(=O)(=O)Nc1ccc(F)c(C(=O)Nc2cnc3[nH]c(-c4ccc(C)cc4)nc3c2)c1F,1,IC50,8.89,2,CHEMBL2436790
CCCS(=O)(=O)Nc1ccc(F)c(C(=O)Nc2cnc3[nH]c(-c4ccc(OC)cc4)nc3c2)c1F,1,IC50,8.96,2,CHEMBL2436789
CCCS(=O)(=O)Nc1ccc(F)c(C(=O)Nc2cnc3[nH]c(-c4ccc(Cl)c(Cl)c4)nc3c2)c1F,1,IC50,8.82,2,CHEMBL2436803
CCCS(=O)(=O)Nc1ccc(F)c(C(=O)Nc2cnc3[nH]c(-c4ccc(F)c(F)c4)nc3c2)c1F,1,IC50,8.47,2,CHEMBL2436802
CCCS(=O)(=O)Nc1ccc(F)c(C(=O)Nc2cnc3[nH]c(-c4ccccc4Br)nc3c2)c1F,1,IC50,7.57,2,CHEMBL2436801
CCCS(=O)(=O)Nc1ccc(F)c(C(=O)Nc2cnc3[nH]c(-c4ccccc4Cl)nc3c2)c1F,1,IC50,7.57,2,CHEMBL2436800
CCCS(=O)(=O)Nc1ccc(F)c(C(=O)Nc2cnc3[nH]c(-c4ccccc4F)nc3c2)c1F,1,IC50,8.1,2,CHEMBL2436799
CCCS(=O)(=O)Nc1ccc(F)c(C(=O)Nc2cnc3[nH]c(-c4cccc(Br)c4)nc3c2)c1F,1,IC50,9.12,2,CHEMBL2436807
CCCS(=O)(=O)Nc1ccc(F)c(C(=O)Nc2cnc3[nH]c(-c4cccc(Cl)c4)nc3c2)c1F,1,IC50,8.96,2,CHEMBL2436806
CCCS(=O)(=O)Nc1ccc(F)c(C(=O)Nc2cnc3[nH]c(-c4cccc(F)c4)nc3c2)c1F,1,IC50,8.51,2,CHEMBL2436805
CCCS(=O)(=O)Nc1ccc(F)c(C(=O)Nc2cnc3[nH]c(-c4ccc(Br)cc4)nc3c2)c1F,1,IC50,8.66,2,CHEMBL2436804
CCCS(=O)(=O)Nc1ccc(F)c(C(=O)Nc2cnc3cc(-c4ccc(Cl)cc4)nn3c2)c1F,1,IC50,8.09,2,CHEMBL2436810
CCCS(=O)(=O)Nc1ccc(F)c(C(=O)Nc2cnc3[nH]c(-c4ccc(Cl)cc4)cc3c2)c1F,1,IC50,8.62,2,CHEMBL2436809
CCCS(=O)(=O)Nc1ccc(F)c(C(=O)Nc2cnc3[nH]c(-c4ccc(Cl)cc4)nc3c2)c1F,1,IC50,8.66,2,CHEMBL2436808
CCCS(=O)(=O)Nc1ccc(F)c(C(=O)Nc2cnc3[nH]c(-c4ccc(F)cc4)cc3c2)c1F,1,IC50,8.96,2,CHEMBL2436921
CCCS(=O)(=O)Nc1ccc(F)c(C(=O)Nc2cnc3[nH]c(-c4ccccc4)cc3c2)c1F,1,IC50,9.0,2,CHEMBL2436919
CCCS(=O)(=O)Nc1ccc(F)c(C(=O)Nc2cnc3[nH]c(-c4ccccc4)nc3c2)c1F,1,IC50,8.8,2,CHEMBL2436813
CCCS(=O)(=O)Nc1ccc(F)c(C(=O)Nc2cnc3[nH]c(-c4cccnc4)nc3c2)c1F,1,IC50,8.52,1,CHEMBL2436798
CCCS(=O)(=O)Nc1ccc(F)c(C(=O)Nc2cnc3[nH]c(-c4ccncc4)nc3c2)c1F,1,IC50,8.49,1,CHEMBL2436797
CCCS(=O)(=O)Nc1ccc(F)c(C(=O)Nc2cnc3[nH]c(-c4ccc(F)cc4)nc3c2)c1F,1,IC50,8.36,1,CHEMBL2436920
CCCS(=O)(=O)Nc1ccc(F)c(C(=O)Nc2cnc3[nH]c(C4CCC4)nc3c2)c1F,1,IC50,7.51,1,CHEMBL2436926
CCCS(=O)(=O)Nc1ccc(F)c(C(=O)Nc2cnc3[nH]c(C(C)(C)C)nc3c2)c1F,1,IC50,7.16,1,CHEMBL2436925
CCCS(=O)(=O)Nc1ccc(F)c(C(=O)Nc2cnc3[nH]c(C(C)C)nc3c2)c1F,1,IC50,7.22,1,CHEMBL2436924
CCCS(=O)(=O)Nc1ccc(F)c(C(=O)Nc2cnc3[nH]c(CC)nc3c2)c1F,1,IC50,7.23,1,CHEMBL2436923
CCCS(=O)(=O)Nc1ccc(F)c(C(=O)Nc2cnc3[nH]c(C)nc3c2)c1F,1,IC50,7.4,1,CHEMBL2436922
CC(C)(C)NC(c1ccc(Cl)cc1)c1ccc(-c2cn[nH]c2)cc1,1,IC50,6.06,1,CHEMBL3112595
N#Cc1c(Oc2ccc(F)c(NC(=O)Cc3cccc(C(F)(F)F)c3)c2)ccc2nc(NC(=O)C3CC3)sc12,1,IC50,8.7,17,CHEMBL3125890
N#Cc1c(Oc2cccc(NC(=O)Cc3ccc(C(F)(F)F)cc3)c2)ccc2nc(NC(=O)C3CC3)sc12,1,IC50,8.02,2,CHEMBL3125889
N#Cc1c(Oc2cccc(NC(=O)Cc3cccc(C(F)(F)F)c3)c2)ccc2nc(NC(=O)C3CC3)sc12,1,IC50,8.89,2,CHEMBL3125888
N#Cc1c(Oc2ccc(F)c(NC(=O)Nc3ccc(C(F)(F)F)cc3)c2)ccc2nc(NC(=O)C3CC3)sc12,1,IC50,7.58,2,CHEMBL3125886
N#Cc1c(Oc2ccc(F)c(NC(=O)Nc3cccc(C(F)(F)F)c3)c2)ccc2nc(NC(=O)C3CC3)sc12,1,IC50,7.66,2,CHEMBL3125885
N#Cc1c(Oc2cccc(NC(=O)Nc3ccc(C(F)(F)F)cc3)c2)ccc2nc(NC(=O)C3CC3)sc12,1,IC50,7.75,2,CHEMBL3125884
N#Cc1c(Oc2cccc(NC(=O)Nc3cccc(C(F)(F)F)c3)c2)ccc2nc(NC(=O)C3CC3)sc12,1,IC50,7.75,2,CHEMBL3125883
CC(C)(C#N)c1cccc(C(=O)Nc2cccc(Oc3ccc4nc(NC(=O)C5CC5)sc4c3CO)c2)c1,1,IC50,7.62,2,CHEMBL3125881
COC(=O)c1c(Oc2cccc(NC(=O)c3cccc(C(C)(C)C#N)c3)c2)ccc2nc(NC(=O)C3CC3)sc12,1,IC50,7.92,2,CHEMBL3125893
CC(C)(C#N)c1cccc(C(=O)Nc2cccc(Oc3ccc4nc(NC(=O)C5CC5)sc4c3C#N)c2)c1,1,IC50,7.89,2,CHEMBL3125891
CC(C)(C#N)c1cccc(C(=O)Nc2cccc(Oc3ccc4nc(NC(=O)C5CC5)sc4c3[N+](=O)[O-])c2)c1,1,IC50,7.6,2,CHEMBL3125892
N#Cc1c(Oc2cccc(NC(=O)Cc3ccccc3C(F)(F)F)c2)ccc2nc(NC(=O)C3CC3)sc12,1,IC50,7.85,1,CHEMBL3125887
N#Cc1c(Oc2cccc(NC(=O)Nc3ccccc3C(F)(F)F)c2)ccc2nc(NC(=O)C3CC3)sc12,1,IC50,7.72,1,CHEMBL3125882
CC(C)(C#N)c1cccc(C(=O)Nc2cccc(Oc3ccc4nc(NC(=O)C5CC5)sc4c3C(=O)O)c2)c1,1,IC50,6.54,1,CHEMBL3124950
N#CC1(c2cccc(C(=O)Nc3cc(Oc4ccc5nc(NC(=O)C6CC6)sc5n4)ccc3F)c2Cl)CC1,1,IC50,8.25,1,CHEMBL2063743
CCN(CCO)CCCOc1ccc2c(Nc3cccc(NC(=O)Nc4ccc(F)c(Cl)c4)c3)ncnc2c1,1,IC50,7.89,4,CHEMBL3133758
CCN(CCO)CCCOc1ccc2c(Nc3cccc(NC(=O)Nc4ccc(Cl)c(C(F)(F)F)c4)c3)ncnc2c1,1,IC50,7.28,2,CHEMBL3133757
O=C(Nc1cccc(Nc2ncnc3cc(OCCCN4CCN(CCO)CC4)ccc23)c1)Nc1ccc(Cl)c(C(F)(F)F)c1,1,IC50,7.24,2,CHEMBL3133756
O=C(Nc1cccc(Nc2ncnc3cc(OCCCN4CCOCC4)ccc23)c1)Nc1ccc(F)c(Cl)c1,1,IC50,7.38,2,CHEMBL3133755
COc1cc2ncnc(Nc3cccc(NC(=O)Nc4cccc(C)c4)c3)c2cc1OCCCN1CCOCC1,1,IC50,7.27,2,CHEMBL3133754
COc1cc2ncnc(Nc3cccc(NC(=O)Nc4ccc(F)c(Cl)c4)c3)c2cc1OCCCN1CCOCC1,1,IC50,7.51,2,CHEMBL3133753
COc1cc2ncnc(Nc3cccc(NC(=O)Nc4ccc(Cl)c(C(F)(F)F)c4)c3)c2cc1OCCCN1CCOCC1,1,IC50,7.12,2,CHEMBL3133752
COc1cc2ncnc(Nc3ccc(NC(=O)Nc4ccc(Cl)c(C(F)(F)F)c4)cc3)c2cc1OCCCN1CCOCC1,1,IC50,6.43,2,CHEMBL3133751
Cc1ccc(C(=O)Nc2ccc(CN3CCN(C)CC3)c(C(F)(F)F)c2)cc1NC(=O)c1cccnc1,1,IC50,6.26,1,CHEMBL3234736
Cc1ccc(C(=O)Nc2ccc(CN3CCN(C)CC3)c(C(F)(F)F)c2)cc1NC(=O)c1ccccn1,1,IC50,6.24,1,CHEMBL3234737
Cc1ccc(C(=O)Nc2ccc(CN3CCN(C)CC3)c(C(F)(F)F)c2)cc1NC(=O)c1ccncc1,1,IC50,6.96,1,CHEMBL3234738
Cc1ccc(C(=O)Nc2ccc(CN3CCN(C)CC3)c(C(F)(F)F)c2)cc1NC(=O)c1ccccc1,1,IC50,6.62,1,CHEMBL3234739
Cc1ccc(C(=O)Nc2ccc(CN3CCN(C)CC3)c(C(F)(F)F)c2)cc1NC(=O)c1cnccn1,1,IC50,6.55,1,CHEMBL3234740
Cc1ccc(C(=O)Nc2ccc(CN3CCN(C)CC3)c(C(F)(F)F)c2)cc1NC(=O)c1cncnc1,1,IC50,6.17,1,CHEMBL3234741
Cc1ccc(C(=O)Nc2ccc(CN3CCN(C)CC3)c(C(F)(F)F)c2)cc1NC(=O)c1cnc(N)nc1,1,IC50,6.39,1,CHEMBL3234742
Cc1ccc(C(=O)Nc2ccc(CN3CCN(C)CC3)c(C(F)(F)F)c2)cc1NC(=O)c1ccc(O)nc1,0,IC50 (>),5.0,1,CHEMBL3234743
CNc1ncc(C(=O)Nc2cc(C(=O)Nc3ccc(CN4CCN(C)CC4)c(C(F)(F)F)c3)ccc2C)cn1,1,IC50,6.54,1,CHEMBL3234744
CCNc1ncc(C(=O)Nc2cc(C(=O)Nc3ccc(CN4CCN(C)CC4)c(C(F)(F)F)c3)ccc2C)cn1,1,IC50,6.29,1,CHEMBL3234745
Cc1ccc(C(=O)Nc2ccc(CN3CCN(C)CC3)c(C(F)(F)F)c2)cc1NC(=O)c1cnc(NC(C)C)nc1,1,IC50,6.47,1,CHEMBL3234746
Cc1ccc(C(=O)Nc2ccc(CN3CCN(C)CC3)c(C(F)(F)F)c2)cc1NC(=O)c1cnc(NC2CC2)nc1,1,IC50,6.41,1,CHEMBL3234747
Cc1ccc(C(=O)Nc2ccc(CN3CCN(C)CC3)c(C(F)(F)F)c2)cc1NC(=O)c1cnc(NC2CCCC2)nc1,1,IC50,6.64,1,CHEMBL3234748
Cc1ccc(C(=O)Nc2ccc(CN3CCN(C)CC3)c(C(F)(F)F)c2)cc1NC(=O)c1cnc(NC2CCCCC2)nc1,1,IC50,7.43,1,CHEMBL3234749
Cc1ccc(C(=O)Nc2ccc(CN3CCN(C)CC3)c(C(F)(F)F)c2)cc1NC(=O)c1cnc(Nc2ccccc2)nc1,1,IC50,6.68,1,CHEMBL3234750
Cc1ccc(C(=O)Nc2ccc(CN3CCN(C)CC3)c(C(F)(F)F)c2)cc1NC(=O)c1cnc(N(C)C)nc1,1,IC50,6.52,1,CHEMBL3234751
Cc1ccc(C(=O)Nc2ccc(CN3CCN(C)CC3)c(C(F)(F)F)c2)cc1NC(=O)c1cnc2[nH]ccc2c1,1,IC50,7.29,1,CHEMBL3234752
Cc1ccc(C(=O)Nc2ccc(CN3CCN(C)CC3)c(C(F)(F)F)c2)cc1NC(=O)c1cnc2[nH]ncc2c1,1,IC50,7.32,1,CHEMBL3234753
Cc1ccc(C(=O)Nc2ccc(CN3CCN(C)CC3)c(C(F)(F)F)c2)cc1NC(=O)c1ccc2[nH]ccc2c1,1,IC50,6.66,1,CHEMBL3234754
CN1CCN(Cc2ccc(NC(=O)c3cccc(NC(=O)c4cnc5[nH]ccc5c4)c3)cc2C(F)(F)F)CC1,1,IC50,7.32,1,CHEMBL3234755
CCc1ccc(C(=O)Nc2ccc(CN3CCN(C)CC3)c(C(F)(F)F)c2)cc1NC(=O)c1cnc2[nH]ccc2c1,1,IC50,6.44,1,CHEMBL3234756
CC(C)c1ccc(C(=O)Nc2ccc(CN3CCN(C)CC3)c(C(F)(F)F)c2)cc1NC(=O)c1cnc2[nH]ccc2c1,1,IC50,6.54,1,CHEMBL3234757
CCCS(=O)(=O)Nc1ccc(F)c(Nc2ccc3ncccc3c2)c1F,1,IC50,6.5,1,CHEMBL3236191
CCCS(=O)(=O)Nc1ccc(F)c(Nc2ccc3ncncc3c2)c1F,1,IC50,7.48,2,CHEMBL3236192
CCCS(=O)(=O)Nc1ccc(F)c(Nc2ccc3ncncc3c2)c1Cl,1,IC50,8.4,2,CHEMBL3236193
CCCS(=O)(=O)Nc1ccc(F)c(Nc2ccc3nccnc3c2)c1Cl,1,IC50,7.6,2,CHEMBL3236194
CCCS(=O)(=O)Nc1ccc(F)c(Nc2ccc3ncnc(OC)c3c2)c1Cl,1,IC50,7.8,2,CHEMBL3236195
CCCS(=O)(=O)Nc1ccc(F)c(Nc2ccc3ncnc(NC)c3c2)c1Cl,1,IC50,7.96,2,CHEMBL3236196
CCCS(=O)(=O)Nc1ccc(F)c(Nc2ccc3ncnc(N(C)C)c3c2)c1Cl,1,IC50,7.0,2,CHEMBL3236197
CCCS(=O)(=O)Nc1ccc(F)c(Nc2ccc3ncn(C)c(=O)c3c2)c1Cl,1,IC50,8.7,4,CHEMBL3236198
CCCS(=O)(=O)Nc1ccc(F)c(Nc2ccc3ncn(-c4cnn(C)c4)c(=O)c3c2)c1Cl,1,IC50,8.7,2,CHEMBL3236459
CCCS(=O)(=O)Nc1ccc(F)c(Nc2ccc3ncn(Cc4ccccc4)c(=O)c3c2)c1Cl,1,IC50,7.77,2,CHEMBL3236460
CCCS(=O)(=O)Nc1ccc(F)c(Nc2ccc3ncn(C)c(=O)c3c2)c1F,1,IC50,7.72,4,CHEMBL3236461
CCCS(=O)(=O)Nc1ccc(Cl)c(Nc2ccc3ncn(C)c(=O)c3c2)c1F,1,IC50,7.92,4,CHEMBL3236462
CCCS(=O)(=O)Nc1ccc(Cl)c(Nc2ccc3ncn(C)c(=O)c3c2)c1C#N,1,IC50,9.7,2,CHEMBL3236463
CCCS(=O)(=O)Nc1cccc(Nc2ccc3ncn(C)c(=O)c3c2)c1C#N,1,IC50,9.52,2,CHEMBL3236464
CCCS(=O)(=O)Nc1ccc(C)c(Nc2ccc3ncn(C)c(=O)c3c2)c1,1,IC50,6.07,1,CHEMBL3236465
CCCS(=O)(=O)Nc1ccc(F)c(N(C)c2ccc3ncn(C)c(=O)c3c2)c1F,1,IC50,7.96,4,CHEMBL3236466
CCCS(=O)(=O)Nc1ccc(Cl)c(N(C)c2ccc3ncn(C)c(=O)c3c2)c1F,1,IC50,8.52,4,CHEMBL3233047
CCCS(=O)(=O)Nc1ccc(F)c(N(C)c2ccc3ncn(C)c(=O)c3c2)c1Cl,1,IC50,8.1,4,CHEMBL3236467
CCCS(=O)(=O)Nc1ccc(F)c(N(CC)c2ccc3ncn(C)c(=O)c3c2)c1F,1,IC50,7.58,4,CHEMBL3236468
CCCS(=O)(=O)Nc1ccc(F)c(N(CC)c2ccc3ncn(C)c(=O)c3c2)c1Cl,1,IC50,7.52,2,CHEMBL3236469
CCCS(=O)(=O)Nc1ccc(Cl)c(Oc2ccc3ncn(C)c(=O)c3c2)c1C#N,1,IC50,9.7,2,CHEMBL3236470
CCCS(=O)(=O)Nc1ccc(F)c(Oc2ccc3ncn(C)c(=O)c3c2)c1C#N,1,IC50,9.7,2,CHEMBL3236471
CCCS(=O)(=O)Nc1cccc(Oc2ccc3ncn(C)c(=O)c3c2)c1C#N,1,IC50,9.52,2,CHEMBL3236472
O=C(Nc1cccc(Oc2ccc3nc(NC(=O)C4CCOCC4)cn3n2)c1)c1cccc(C(F)(F)F)c1,1,IC50,7.37,1,CHEMBL2348989
O=C1NC(=S)NC(=O)C1=Cc1ccc(-c2ccc3c(c2)OCO3)o1,1,IC50,6.52,1,CHEMBL3235904
O=C(Nc1ccccc1)N(Cc1ccc(Br)cc1O)c1cc(-c2ccccc2)[nH]n1,1,IC50,6.72,1,CHEMBL3235905
CC(NC(=O)c1cccc(-c2ccc(NC(=O)Nc3ccc(Cl)c(C(F)(F)F)c3)cc2)c1)c1ccccc1,0,IC50 (>),4.3,1,CHEMBL3262871
COc1ccc(Oc2cc(C)c(-c3csc(NC(=O)c4ccnc(F)c4)n3)c(C)c2)cc1,0,IC50 (>),5.0,2,CHEMBL3263869
O=S(=O)(Nc1ccc(F)c(Nc2ncccc2-c2ncnc3[nH]cnc23)c1F)c1ccoc1,1,IC50,9.0,2,CHEMBL3354844
O=C(Nc1cccc(Nc2ncccc2-c2ncnc3[nH]cnc23)c1)Nc1ccc(Cl)c(C(F)(F)F)c1,1,IC50,7.92,1,CHEMBL3354377
Cc1ccc(NC(=O)Nc2ccc(Cl)c(C(F)(F)F)c2)cc1Nc1ncccc1-c1ncnc2[nH]cnc12,1,IC50,8.38,1,CHEMBL3354378
O=C(Nc1ccc(Cl)c(C(F)(F)F)c1)c1cccc(Nc2ncccc2-c2ncnc3[nH]cnc23)c1,1,IC50,7.87,1,CHEMBL3354379
Cc1ccc(C(=O)Nc2ccc(Cl)c(C(F)(F)F)c2)cc1Nc1ncccc1-c1ncnc2[nH]cnc12,1,IC50,8.5,1,CHEMBL3354380
Cc1ccc(C(=O)Nc2cccc(C(F)(F)F)c2)cc1Nc1ncccc1-c1ncnc2[nH]cnc12,1,IC50,8.66,2,CHEMBL3354381
Cc1ccc(C(=O)Nc2cccc(C(C)C)c2)cc1Nc1ncccc1-c1ncnc2[nH]cnc12,1,IC50,8.77,2,CHEMBL3354382
Cc1ccc(C(=O)Nc2cccc(C#N)c2)cc1Nc1ncccc1-c1ncnc2[nH]cnc12,1,IC50,9.14,2,CHEMBL3352837
Cc1ccc(C(=O)Nc2cccc(F)c2)cc1Nc1ncccc1-c1ncnc2[nH]cnc12,1,IC50,8.99,1,CHEMBL3354383
Cc1cc(NC(=O)c2ccc(C)c(Nc3ncccc3-c3ncnc4[nH]cnc34)c2)ccc1Cl,1,IC50,8.85,2,CHEMBL3354384
Cc1ccc(C(=O)Nc2cccc(Cl)c2)cc1Nc1ncccc1-c1ncnc2[nH]cnc12,1,IC50,8.89,1,CHEMBL3354385
Cc1ccc(C(=O)Nc2ccc(Cl)c(Br)c2)cc1Nc1ncccc1-c1ncnc2[nH]cnc12,1,IC50,8.44,1,CHEMBL3354386
Cc1ccc(C(=O)Nc2ccc(C(F)(F)F)cc2)cc1Nc1ncccc1-c1ncnc2[nH]cnc12,1,IC50,8.82,1,CHEMBL3354387
O=C(Nc1ccc(Cl)c(C(F)(F)F)c1)c1ccc(Cl)c(Nc2ncccc2-c2ncnc3[nH]cnc23)c1,1,IC50,7.97,1,CHEMBL3354388
O=C(Nc1cccc(C(F)(F)F)c1)c1ccc(Cl)c(Nc2ncccc2-c2ncnc3[nH]cnc23)c1,1,IC50,8.56,1,CHEMBL3354389
CC(C)c1cccc(NC(=O)c2ccc(Cl)c(Nc3ncccc3-c3ncnc4[nH]cnc34)c2)c1,1,IC50,8.09,1,CHEMBL3354390
O=C(Nc1ccc(Cl)c(Cl)c1)c1ccc(Cl)c(Nc2ncccc2-c2ncnc3[nH]cnc23)c1,1,IC50,8.8,1,CHEMBL3354391
O=C(Nc1ccc(Cl)c(C(F)(F)F)c1)c1ccc(F)c(Nc2ncccc2-c2ncnc3[nH]cnc23)c1,1,IC50,8.32,1,CHEMBL3354392
O=C(Nc1cccc(Nc2ncccc2-c2ncnc3[nH]cnc23)c1)c1ccc(Cl)c(C(F)(F)F)c1,1,IC50,8.52,1,CHEMBL3354393
Cc1ccc(NC(=O)c2ccc(Cl)c(C(F)(F)F)c2)cc1Nc1ncccc1-c1ncnc2[nH]cnc12,1,IC50,8.57,1,CHEMBL3354394
Cc1ccc(NC(=O)c2cccc(C(F)(F)F)c2)cc1Nc1ncccc1-c1ncnc2[nH]cnc12,1,IC50,8.6,1,CHEMBL3354835
Cc1ccc(NC(=O)c2cccc(C#N)c2)cc1Nc1ncccc1-c1ncnc2[nH]cnc12,1,IC50,9.18,1,CHEMBL3354836
Cc1cc(C(=O)Nc2ccc(C)c(Nc3ncccc3-c3ncnc4[nH]cnc34)c2)ccc1Cl,1,IC50,8.59,1,CHEMBL3354837
Cc1ccc(NC(=O)c2cccc(Cl)c2)cc1Nc1ncccc1-c1ncnc2[nH]cnc12,1,IC50,8.75,1,CHEMBL3354838
COc1cccc(C(=O)Nc2ccc(C)c(Nc3ncccc3-c3ncnc4[nH]cnc34)c2)c1,1,IC50,8.92,1,CHEMBL3354839
Cc1ccc(NC(=O)c2cccc(N(C)C)c2)cc1Nc1ncccc1-c1ncnc2[nH]cnc12,1,IC50,9.1,2,CHEMBL3354840
Cc1ccc(C(=O)Nc2cccc(C(C)C)c2)cc1Nc1ncccc1-c1ncnc2c1ncn2C,1,IC50,8.13,1,CHEMBL3354841
O=C(Nc1cccc(Nc2ncccc2-c2ncnc3[nH]cnc23)c1)C1CC1,1,IC50,6.33,1,CHEMBL3354842
C[C@H](O)CNc1nccc(-n2ccnc2Cc2cccc(NC(=O)Nc3ccc(Cl)c(C(F)(F)F)c3)c2)n1,1,IC50,7.42,2,CHEMBL3309549
COc1cc(-c2nc(-c3c[nH]c4ccccc34)c[nH]c2=O)cc(OC)c1OC,0,IC50 (>),4.0,1,CHEMBL3358966
CCN(CC)CCCNc1nc(-c2ccc(NC(=O)Nc3ccc(Cl)cc3)cc2)nc2ccsc12,0,IC50 (>),5.0,1,CHEMBL3326099
CC(C)N1CCC(C(=O)Nc2cc(Oc3ccc4c(c3)nc(Nc3cc(C(F)(F)F)ccc3F)n4C)ccn2)CC1,1,IC50,8.7,1,CHEMBL3335385
Cn1c(Nc2cccc(C(C)(C)C)c2)nc2cc(Oc3ccnc(NC(=O)C4CCNCC4)c3)ccc21,1,IC50,8.15,1,CHEMBL3335382
CC(=O)Nc1cc(Oc2ccc3c(c2)nc(Nc2ccc(OC(F)(F)F)cc2)n3C)ccn1,1,IC50,9.0,1,CHEMBL3335379
CC(=O)Nc1cc(Oc2ccc3c(c2)nc(Nc2ccc(C(C)(C)C)cc2)n3C)ccn1,1,IC50,8.05,1,CHEMBL3335376
CCN1CCN(CC(=O)Nc2cc(Oc3ccc4c(c3)nc(Nc3cc(C(F)(F)F)ccc3F)n4C)ccn2)CC1,1,IC50,8.22,1,CHEMBL3335387
CC(C)N1CCC(C(=O)Nc2cc(Oc3ccc4c(c3)nc(Nc3cccc(C(C)(C)C)c3)n4C)ccn2)CC1,1,IC50,7.7,1,CHEMBL3335384
CC(=O)Nc1cc(Oc2ccc3c(c2)nc(Nc2cc(C(F)(F)F)ccc2F)n3C)ccn1,1,IC50,9.0,1,CHEMBL3335381
CC(=O)Nc1cc(Oc2ccc3c(c2)nc(Nc2ccc(C(C)C)cc2)n3C)ccn1,1,IC50,8.4,1,CHEMBL3335378
CC(=O)Nc1cc(Oc2ccc3c(c2)nc(Nc2cccc(C(F)(F)F)c2)n3C)ccn1,1,IC50,8.52,1,CHEMBL3335375
CC(C)N1CCN(CC(=O)Nc2cc(Oc3ccc4c(c3)nc(Nc3cc(C(F)(F)F)ccc3F)n4C)ccn2)CC1,1,IC50,8.22,1,CHEMBL3335386
CN1CCC(C(=O)Nc2cc(Oc3ccc4c(c3)nc(Nc3cccc(C(C)(C)C)c3)n4C)ccn2)CC1,1,IC50,8.0,1,CHEMBL3335383
CC(=O)Nc1cc(Oc2ccc3c(c2)nc(Nc2ccc(C(F)(F)F)cc2)n3C)ccn1,1,IC50,8.4,1,CHEMBL3335380
CCc1ccc(Nc2nc3cc(Oc4ccnc(NC(C)=O)c4)ccc3n2C)cc1,1,IC50,9.0,1,CHEMBL3335377
CC(=O)Nc1cc(Oc2ccc3c(c2)nc(Nc2cccc(OC(F)(F)F)c2)n3C)ccn1,1,IC50,9.4,1,CHEMBL3335374
CC(=O)Nc1cc(Oc2ccc3c(c2)nc(Nc2cccc(C(C)(C)C)c2)n3C)ccn1,1,IC50,8.52,3,CHEMBL3335371
CC(=O)c1ccc(N2CCN(C(=O)CN3CC[C@@H](C(=O)Nc4ccc(O)c(Cl)c4)C3)CC2)cc1,0,IC50 (>),4.52,1,CHEMBL3356117
Cc1cc(/C=N/NC(=O)Nc2ccc(-c3nc(N4CCOCC4)c4sccc4n3)cc2)cc(C)c1O,0,IC50 (>),5.0,1,CHEMBL3343621
COc1ccc(C(=O)Nc2ccc(C)c(C(=O)Nc3ccc(-c4ncc[nH]4)nc3)c2)cc1,0,IC50,4.39,1,CHEMBL3393800
O=C(Nc1ccc(Cl)c(C(=O)Nc2ccc(-c3ncc[nH]3)nc2)c1)c1ccc(Cl)c(C(F)(F)F)c1,1,IC50,6.19,1,CHEMBL3393803
O=C(Nc1ccc(Cl)c(C(F)(F)F)c1)c1ccc(Cl)c(C(=O)Nc2ccc(-c3ncc[nH]3)nc2)c1,1,IC50,6.28,1,CHEMBL3393897
CNc1ncc2cc(-c3c(C)ccc(C(=O)Nc4ccc(OC)c(C(F)(F)F)c4)c3N)ccc2n1,1,IC50,8.1,2,CHEMBL3407847
CNc1ncc2ccc(Oc3c(C)ccc(C(=O)c4c(-c5ccccc5)n(C)n(-c5ccccc5)c4=O)c3N)cc2n1,1,IC50,6.52,1,CHEMBL3407504
CNc1ncc2ccc(Oc3cc(C(=O)c4c(-c5ccccc5)n(C)n(-c5ccccc5)c4=O)ccc3C)cc2n1,1,IC50,8.1,1,CHEMBL3407849
CNc1ncc2ccc(Oc3cc(C(=O)c4c(-c5ccccc5)n(C)n(-c5ccccc5)c4=O)ccc3N)cc2n1,1,IC50,7.18,1,CHEMBL3407850
CNc1ncc2ccc(Oc3cc(C(=O)c4c(-c5ccccc5)n(C)n(-c5ccccc5)c4=O)ccc3Cl)cc2n1,1,IC50,7.89,1,CHEMBL3407851
CCCS(=O)(=O)Nc1cc(F)c(C(=O)c2c[nH]c3ncc(Cl)cc23)c(F)c1,1,IC50,7.89,4,CHEMBL3415554
CCCS(=O)(=O)Nc1cc(F)c(C(=O)c2c[nH]c3ncc(-c4ccc(Cl)cc4)cc23)c(F)c1,1,IC50,7.51,4,CHEMBL3415553
CCn1nc(C#Cc2cc(C(=O)Nc3ccc(CN4CCN(C)CC4)c(C(F)(F)F)c3)ccc2C)c2c(N)ncnc21,1,IC50,7.82,4,CHEMBL3426225
CNc1ncc2cc(-c3cc(NC(=O)NCCC(C)(C)C)c(F)cc3C)c(C)nc2n1,1,IC50,8.82,10,CHEMBL3577124
CNc1ncc2cc(-c3cc(NC(=O)NCCC(C)(C)C)c(F)cc3C)cnc2n1,1,IC50,8.7,3,CHEMBL3577123
CNc1cc2nc(C)c(-c3cc(NC(=O)NCCC(C)(C)C)c(F)cc3C)cc2cn1,1,IC50,7.75,3,CHEMBL3577121
CNc1cc2nc(C)c(-c3ccc(F)c(NC(=O)NCCC(C)(C)C)c3)cc2cn1,1,IC50,8.52,3,CHEMBL3577120
CNc1ncc2cc(-c3ccc(F)c(NC(=O)NCCC(C)(C)C)c3)c(C)nc2n1,1,IC50,8.12,3,CHEMBL3577119
CNc1cc2nc(C)c(-c3cc(NC(=O)NCCC(C)(C)C)ccc3C)cc2cn1,1,IC50,8.37,3,CHEMBL3577118
CNc1cc2nc(C)c(-c3cc(NC(=O)NC[C@@H](O)C(C)(C)C)c(F)cc3C)cc2cn1,1,IC50,8.11,3,CHEMBL3577117
CCn1c(=O)c(-c2cc(NC(=O)NCCC(C)(C)C)c(F)cc2C)cc2cnc(NC)cc21,1,IC50,8.38,3,CHEMBL3577116
CCn1c(=O)c(-c2ccc(F)c(NC(=O)Nc3cc(C(C)(C)C)no3)c2)cc2cnc(NC)cc21,1,IC50,8.92,3,CHEMBL3577115
CNc1cc2c(cn1)cc(-c1ccc(F)c(NC(=O)Nc3cc(C(C)(C)C)no3)c1)c(=O)n2[C@H]1CCOC1,1,IC50,9.0,3,CHEMBL3577114
Cc1cc(F)c(NC(=O)NCCC(C)(C)C)cc1-c1cc2cnc(N)nc2nc1C,1,IC50,8.1,1,CHEMBL3577122
O=S(=O)(Nc1ccc(F)c(C#Cc2cnc3[nH]nc(-c4ccc(F)cc4)c3c2)c1F)c1cccnc1,1,IC50,7.96,2,CHEMBL3582400
O=S(=O)(Nc1ccc(F)c(C#Cc2cnc3[nH]nc(-c4ccc(Cl)cc4)c3c2)c1F)c1cccnc1,1,IC50,7.68,1,CHEMBL3582399
O=S(=O)(Nc1ccc(F)c(C#Cc2cnc3[nH]nc(-c4cccc(Cl)c4)c3c2)c1F)c1cccnc1,1,IC50,6.97,1,CHEMBL3582398
O=S(=O)(Nc1ccc(F)c(C#Cc2cnc3[nH]nc(-c4ccccc4Cl)c3c2)c1F)c1cccnc1,1,IC50,6.88,1,CHEMBL3582397
O=S(=O)(Nc1ccc(F)c(C#Cc2cnc3[nH]nc(-c4ccncc4)c3c2)c1F)c1cccnc1,1,IC50,8.52,1,CHEMBL3582396
O=S(=O)(Nc1ccc(F)c(C#Cc2cnc3[nH]nc(-c4ccccc4)c3c2)c1F)c1cccnc1,1,IC50,7.8,1,CHEMBL3582395
O=S(=O)(Nc1ccc(F)c(C#Cc2cnc3[nH]nc(C4CC4)c3c2)c1F)c1cccnc1,1,IC50,8.0,1,CHEMBL3582394
Cc1n[nH]c2ncc(C#Cc3c(F)ccc(NS(=O)(=O)c4cccnc4)c3F)cc12,1,IC50,7.6,1,CHEMBL3582393
CCOc1n[nH]c2ncc(C#Cc3c(F)ccc(NS(=O)(=O)c4cccnc4)c3F)cc12,1,IC50,6.91,1,CHEMBL3582392
COc1n[nH]c2ncc(C#Cc3c(F)ccc(NS(=O)(=O)c4cccnc4)c3F)cc12,1,IC50,7.77,1,CHEMBL3582391
O=S(=O)(Nc1ccc(F)c(C#Cc2cnc3ccnn3c2)c1F)c1cccnc1,1,IC50,6.27,1,CHEMBL3582390
O=S(=O)(Nc1ccc(F)c(C#Cc2cnc3[nH]ccc3c2)c1F)c1cccnc1,1,IC50,7.32,1,CHEMBL3582388
O=S(=O)(Nc1ccc(F)c(C#Cc2cnc3[nH]ncc3c2)c1F)c1cccnc1,1,IC50,7.29,1,CHEMBL3582387
O=S(=O)(Nc1ccc(F)c(C#Cc2cnc3[nH]ncc3c2)c1F)c1ccccn1,1,IC50,6.23,1,CHEMBL3582386
O=S(=O)(Nc1ccc(F)c(C#Cc2cnc3[nH]ncc3c2)c1F)c1ccc(F)cc1,1,IC50,6.04,1,CHEMBL3582385
O=S(=O)(Nc1ccc(F)c(C#Cc2cnc3[nH]ncc3c2)c1F)c1cccc(F)c1,1,IC50,7.17,1,CHEMBL3582384
O=S(=O)(Nc1ccc(F)c(C#Cc2cnc3[nH]ncc3c2)c1F)c1ccccc1F,1,IC50,6.75,1,CHEMBL3582383
O=S(=O)(Nc1ccc(F)c(C#Cc2cnc3[nH]ncc3c2)c1F)c1ccccc1,1,IC50,6.83,1,CHEMBL3582382
CNS(=O)(=O)c1cccc(Nc2ncnc3[nH]cnc23)c1,1,IC50,7.5,1,CHEMBL3612641
CNS(=O)(=O)c1cccc(Nc2ncnc3[nH]ccc23)c1,1,IC50,7.3,2,CHEMBL3612647
CNS(=O)(=O)c1cccc(Nc2ncnc3[nH]cc(C)c23)c1,1,IC50,7.2,2,CHEMBL3612661
CNS(=O)(=O)c1cccc(Nc2ncnc3[nH]cc(C(C)C)c23)c1,1,IC50,7.1,1,CHEMBL3612662
CNS(=O)(=O)c1cccc(Nc2ncnc3[nH]cc(CC(C)C)c23)c1,1,IC50,7.4,1,CHEMBL3612663
CNS(=O)(=O)c1cccc(Nc2ncnc3[nH]cc(F)c23)c1,1,IC50,7.1,2,CHEMBL3612664
CNS(=O)(=O)c1cccc(Nc2ncnc3[nH]cc(Cl)c23)c1,1,IC50,7.89,2,CHEMBL3612665
CNS(=O)(=O)c1cccc(Nc2ncnc3[nH]cc(Br)c23)c1,1,IC50,8.3,2,CHEMBL3612666
CNS(=O)(=O)c1cccc(Nc2ncnc3[nH]cc(-c4ccccc4)c23)c1,1,IC50,8.4,2,CHEMBL3612667
CNS(=O)(=O)c1cccc(Nc2ncnc3[nH]cc(-c4ccccc4Cl)c23)c1,1,IC50,8.0,1,CHEMBL3613176
CNS(=O)(=O)c1cccc(Nc2ncnc3[nH]cc(-c4cccc(Cl)c4)c23)c1,1,IC50,9.0,2,CHEMBL3613177
CNS(=O)(=O)c1cccc(Nc2ncnc3[nH]cc(-c4ccc(Cl)cc4)c23)c1,1,IC50,8.4,1,CHEMBL3613178
CNS(=O)(=O)c1cccc(Nc2ncnc3[nH]cc(-c4ccc(OC)cc4)c23)c1,1,IC50,8.4,1,CHEMBL3613179
CNS(=O)(=O)c1cccc(Nc2ncnc3[nH]cc(-c4ccncc4)c23)c1,1,IC50,7.5,1,CHEMBL3613180
CNS(=O)(=O)c1cccc(Nc2ncnc3[nH]cc(-c4ccc(CN)cc4)c23)c1,1,IC50,8.22,1,CHEMBL3613181
CNS(=O)(=O)c1cccc(Nc2ncnc3[nH]cc(-c4ccc(C(=O)O)cc4)c23)c1,1,IC50,7.8,1,CHEMBL3613182
CNS(=O)(=O)c1cccc(Nc2ncnc3[nH]c(Br)cc23)c1,1,IC50,7.8,1,CHEMBL3613183
CNS(=O)(=O)c1cccc(Nc2ncnc3[nH]c(-c4ccccc4)cc23)c1,1,IC50,9.0,1,CHEMBL3613184
CNS(=O)(=O)c1cccc(Nc2ncnc3[nH]c(-c4ccccc4C)cc23)c1,1,IC50,8.22,1,CHEMBL3613185
CNS(=O)(=O)c1cccc(Nc2ncnc3[nH]c(-c4cccc(C)c4)cc23)c1,1,IC50,9.0,1,CHEMBL3613186
CNS(=O)(=O)c1cccc(Nc2ncnc3[nH]c(-c4ccc(C)cc4)cc23)c1,1,IC50,9.0,1,CHEMBL3613187
CNS(=O)(=O)c1cccc(Nc2ncnc3[nH]c(-c4cccc(C(F)(F)F)c4)cc23)c1,1,IC50,8.22,1,CHEMBL3613188
CNS(=O)(=O)c1cccc(Nc2ncnc3[nH]c(-c4ccc(O)cc4)cc23)c1,1,IC50,9.0,1,CHEMBL3613189
CNS(=O)(=O)c1cccc(Nc2ncnc3[nH]c(-c4ccncc4)cc23)c1,1,IC50,9.0,1,CHEMBL3613190
CNS(=O)(=O)c1cccc(Nc2ncnc3[nH]c(C(=O)O)cc23)c1,1,IC50,7.4,1,CHEMBL3612079
CNS(=O)(=O)c1ccc(Cl)c(Nc2ncnc3[nH]ccc23)c1,1,IC50,7.5,1,CHEMBL3613193
CNc1ccc(S(=O)(=O)NC)cc1Nc1ncnc2[nH]ccc12,1,IC50,6.0,1,CHEMBL3613194
CNS(=O)(=O)c1ccc(N(C)C)c(Nc2ncnc3[nH]ccc23)c1,1,IC50,8.22,3,CHEMBL3613195
CNS(=O)(=O)c1ccc(N2CCOCC2)c(Nc2ncnc3[nH]ccc23)c1,1,IC50,8.1,1,CHEMBL3613196
CNS(=O)(=O)c1ccc(N(C)C)c(Nc2ncnc3[nH]cc(C)c23)c1,1,IC50,9.3,1,CHEMBL3613197
CNS(=O)(=O)c1ccc(N(C)C)c(Nc2ncnc3[nH]cc(Br)c23)c1,1,IC50,9.7,1,CHEMBL3613198
CNS(=O)(=O)c1ccc(N2CCOCC2)c(Nc2ncnc3[nH]cc(C)c23)c1,1,IC50,8.89,1,CHEMBL3613199
CNS(=O)(=O)c1ccc(N2CCOCC2)c(Nc2ncnc3[nH]cc(Br)c23)c1,1,IC50,9.3,2,CHEMBL3613305
CNS(=O)(=O)c1ccc(N(C)C)c(Nc2ncnc3[nH]c(Br)cc23)c1,1,IC50,8.2,1,CHEMBL3613306
CNS(=O)(=O)c1ccc(N(C)C)c(Nc2ncnc3[nH]c(-c4cccc(C(F)(F)F)c4)cc23)c1,1,IC50,9.22,1,CHEMBL3613307
CNS(=O)(=O)c1ccc(N2CCOCC2)c(Nc2ncnc3[nH]c(Br)cc23)c1,1,IC50,8.1,1,CHEMBL3613308
CNS(=O)(=O)c1ccc(N2CCOCC2)c(Nc2ncnc3[nH]c(-c4cccc(C(F)(F)F)c4)cc23)c1,1,IC50,8.89,1,CHEMBL3613309
CNS(=O)(=O)c1cccc(Nc2ncnc3[nH]c4ccccc4c23)c1,1,IC50,7.4,1,CHEMBL3613191
Cc1ccc(NC(=O)c2cc(N3CCN(C)CC3)cc(C(F)(F)F)c2)cc1NC(=O)c1cnoc1C,1,IC50,6.17,1,CHEMBL3616960
Cn1c(Nc2cccc(C(C)(C)C)c2)nc2cc(Oc3ccnc(-c4ncc[nH]4)c3)ccc21,1,IC50,7.05,2,CHEMBL3632717
Cn1c(Nc2cccc(C(C)(C)C)c2)nc2cc(Oc3ccnc(-c4ncc(-c5ccccc5)[nH]4)c3)ccc21,1,IC50,6.32,1,CHEMBL3632718
Cn1c(Nc2cccc(C(C)(C)C)c2)nc2cc(Oc3ccnc(-c4ncc(C(F)(F)F)[nH]4)c3)ccc21,1,IC50,7.26,2,CHEMBL3632719
Cn1c(Nc2ccc(C(C)(C)C)cc2)nc2cc(Oc3ccnc(-c4ncc(C(F)(F)F)[nH]4)c3)ccc21,1,IC50,6.89,1,CHEMBL3632720
Cn1c(Nc2cc(C(C)(C)C)ccc2F)nc2cc(Oc3ccnc(-c4ncc(C(F)(F)F)[nH]4)c3)ccc21,1,IC50,7.38,1,CHEMBL3632721
Cn1c(Nc2cccc(C(F)(F)F)c2)nc2cc(Oc3ccnc(-c4ncc(C(F)(F)F)[nH]4)c3)ccc21,1,IC50,6.11,1,CHEMBL3632722
Cn1c(Nc2cc(C(F)(F)F)ccc2F)nc2cc(Oc3ccnc(-c4ncc(C(F)(F)F)[nH]4)c3)ccc21,1,IC50,6.68,1,CHEMBL3632723
Cc1cnc(-c2cc(Oc3ccc4c(c3)nc(Nc3cc(C(F)(F)F)ccc3F)n4C)ccn2)[nH]1,1,IC50,6.21,1,CHEMBL3632724
CS(=O)(=O)Nc1cccc(-c2ccc3ncnc(Nc4cccc(O)c4)c3c2)c1,1,IC50,7.13,2,CHEMBL3661249
COc1cc(-c2ccc3ncnc(Nc4ccc(F)c(O)c4)c3c2)ccc1O,1,IC50,7.77,2,CHEMBL3665862
COc1cc(-c2ccc3ncnc(Nc4cc(O)ccc4F)c3c2)ccc1O,1,IC50,7.79,2,CHEMBL3661237
CS(=O)(=O)Nc1cccc(-c2ccc3ncnc(Nc4cccc5[nH]ncc45)c3c2)c1,1,IC50,6.37,2,CHEMBL3661271
COc1cc(-c2ccc3ncnc(Nc4ccccc4)c3c2)ccc1O,1,IC50,6.12,2,CHEMBL3661201
CCOc1ccc(-c2ccc3ncnc(Nc4cccc5[nH]ncc45)c3c2)cc1,1,IC50,6.46,2,CHEMBL3661269
COc1cc(-c2ccc3ncnc(Nc4cc(O)ccc4Cl)c3c2)ccc1O,1,IC50,7.44,2,CHEMBL3661238
COc1cc2ncnc(Nc3cccc(O)c3)c2cc1-c1ccc(O)cc1,1,IC50,7.26,2,CHEMBL3661231
Oc1c(F)ccc(Nc2ncnc3ccc(-c4ccc5[nH]ncc5c4)cc23)c1F,1,IC50,8.62,2,CHEMBL3665864
COc1cc(-c2ccc3ncnc(Nc4cccc(F)c4)c3c2)ccc1O,1,IC50,6.26,2,CHEMBL3661233
COc1cc(-c2ccc3ncnc(Nc4ccc(F)c(O)c4F)c3c2)ccc1O,1,IC50,8.54,2,CHEMBL3665863
COc1cccc(-c2ccc3ncnc(Nc4cccc(O)c4)c3c2)c1,1,IC50,6.99,2,CHEMBL3661245
Fc1ccccc1-c1ccc2nccc(Nc3cccc4[nH]ncc34)c2c1,1,IC50,6.54,2,CHEMBL3661299
COc1cccc(-c2ccc3nccc(Nc4cccc5[nH]ncc45)c3c2)c1,1,IC50,6.64,4,CHEMBL3661297
Fc1ccc(-c2ccc3ncnc(Nc4cccc5[nH]ncc45)c3c2)cc1F,1,IC50,6.76,2,CHEMBL3661261
COc1cc(-c2ccc3ncnc(Nc4cccc(S(N)(=O)=O)c4)c3c2)ccc1O,1,IC50,6.38,2,CHEMBL3661216
Oc1cccc(-c2ccc3ncnc(Nc4cccc5[nH]ncc45)c3c2)c1,1,IC50,6.64,2,CHEMBL3661310
COc1ccc(-c2ccc3nccc(Nc4cccc5[nH]ncc45)c3c2)cc1OC,1,IC50,6.58,2,CHEMBL3661288
COc1cc(-c2ccc3ncnc(Nc4cc(O)c(C)cc4F)c3c2)ccc1O,1,IC50,7.24,2,CHEMBL3665857
Fc1ccccc1-c1ccc2ncnc(Nc3cccc4[nH]ncc34)c2c1,1,IC50,6.81,2,CHEMBL3661267
COc1cc(-c2ccc3ncnc(Nc4ccc(C(=O)O)cc4O)c3c2)ccc1O,1,IC50,6.31,2,CHEMBL3661220
COc1cccc(-c2ccc3ncnc(Nc4cccc5[nH]ncc45)c3c2)c1F,1,IC50,6.94,2,CHEMBL3661251
COc1cc(-c2ccc3nccc(Nc4cccc(O)c4)c3c2)ccc1O,1,IC50,7.68,2,CHEMBL3661276
COc1cccc(Nc2ncnc3ccc(-c4ccc(O)c(OC)c4)cc23)c1,1,IC50,6.39,2,CHEMBL3661212
COc1cc(-c2ccc3ncnc(Nc4cccc(O)c4Cl)c3c2)ccc1O,1,IC50,7.41,2,CHEMBL3661239
COc1ccc(-c2ccc3ncnc(Nc4cccc5[nH]ncc45)c3c2)cc1OC,1,IC50,6.69,2,CHEMBL3661265
CS(=O)(=O)c1ccc(-c2ccc3ncnc(Nc4cccc5[nH]ncc45)c3c2)cc1,1,IC50,6.61,2,CHEMBL3661285
NC(=O)c1cccc(-c2ccc3nccc(Nc4cccc5[nH]ncc45)c3c2)c1,1,IC50,6.97,2,CHEMBL3639601
Nc1ccc(-c2ccc3nccc(Nc4cccc5[nH]ncc45)c3c2)cc1,1,IC50,6.64,2,CHEMBL3661295
CS(=O)(=O)Nc1ccc(-c2ccc3ncnc(Nc4cccc5[nH]ncc45)c3c2)cc1,1,IC50,6.44,2,CHEMBL3661250
COc1cc(-c2ccc3ncnc(Nc4cccc(OC(F)F)c4)c3c2)ccc1O,1,IC50,6.28,2,CHEMBL3661292
COc1cc(-c2ccc3ncnc(Nc4ccc(O)cc4)c3c2)ccc1O,1,IC50,6.28,2,CHEMBL3661209
COc1cccc(-c2ccc3ncnc(Nc4cccc5[nH]ncc45)c3c2)c1OC,1,IC50,6.42,2,CHEMBL3661281
N#Cc1cccc(-c2ccc3ncnc(Nc4cccc5[nH]ncc45)c3c2)c1,1,IC50,6.87,2,CHEMBL3661278
COc1cc(-c2ccc3ncnc(Nc4cccc5[nH]c(=O)[nH]c45)c3c2)ccc1O,1,IC50,6.05,1,CHEMBL3661301
FC(F)(F)c1cccc(-c2ccc3ncnc(Nc4cccc5[nH]ncc45)c3c2)c1,1,IC50,6.45,2,CHEMBL3661263
Oc1cccc(Nc2ncnc3ccc(-c4cccc(O)c4)cc23)c1,1,IC50,7.56,2,CHEMBL3661242
COc1cc(-c2ccc3ncnc(Nc4c(F)cccc4F)c3c2)ccc1O,1,IC50,6.15,2,CHEMBL3661306
Fc1cccc(-c2ccc3ncnc(Nc4cccc5[nH]ncc45)c3c2)c1,1,IC50,6.61,2,CHEMBL3661258
CCCS(=O)(=O)Nc1cccc(-c2ccc3ncnc(Nc4cccc5[nH]ncc45)c3c2)c1,1,IC50,6.9,2,CHEMBL3661284
COc1cc(-c2ccc3ncnc(Nc4ccc(Cl)c(O)c4)c3c2)ccc1O,1,IC50,7.57,2,CHEMBL3665858
COc1cc2ncnc(Nc3cccc(O)c3)c2cc1-c1ccc(N)cc1,1,IC50,7.25,2,CHEMBL3661246
Oc1ccc(-c2ccc3ncnc(Nc4cccc(O)c4)c3c2)cc1,1,IC50,7.49,2,CHEMBL3661241
COc1ccc(-c2ccc3ncnc(Oc4cccc(O)c4)c3c2)cc1,1,IC50,6.88,2,CHEMBL3661314
CCS(=O)(=O)Nc1cccc(-c2ccc3ncnc(Nc4cccc5[nH]ncc45)c3c2)c1,1,IC50,6.66,2,CHEMBL3661283
Clc1ccc(-c2ccc3ncnc(Nc4cccc5[nH]ncc45)c3c2)cc1,1,IC50,6.54,2,CHEMBL3661257
COc1cc(-c2ccc3ncnc(Nc4cccc5nn[nH]c45)c3c2)ccc1O,1,IC50,6.17,2,CHEMBL3661259
COc1cc(-c2ccc3ncnc(Nc4cc(NS(C)(=O)=O)ccc4F)c3c2)ccc1O,1,IC50,6.62,2,CHEMBL3661303
COc1ccc(-c2ccc3ncnc(Nc4cccc5[nH]ncc45)c3c2)cc1F,1,IC50,6.8,2,CHEMBL3661252
Nc1ccc(F)c(-c2ccc3ncnc(Nc4cccc5[nH]ncc45)c3c2)c1,1,IC50,6.6,2,CHEMBL3661309
COc1cc(-c2ccc3ncnc(Nc4cccc([N+](=O)[O-])c4)c3c2)ccc1O,1,IC50,6.59,2,CHEMBL3661222
COc1cc(-c2ccc3ncnc(Nc4cccc5c4cnn5C)c3c2)ccc1O,1,IC50,6.45,2,CHEMBL3661275
Oc1ccc(-c2ccc3nccc(Nc4cccc5[nH]ncc45)c3c2)cc1,1,IC50,6.73,2,CHEMBL3661298
COc1cc(-c2ccc3ncnc(Nc4ccc5nc[nH]c5c4)c3c2)ccc1O,1,IC50,6.2,2,CHEMBL3661235
c1ccc(-c2ccc3ncnc(Nc4cccc5[nH]ncc45)c3c2)cc1,1,IC50,6.7,2,CHEMBL3661262
Oc1cccc(Nc2ncnc3ccc(-c4ccccc4)cc23)c1,1,IC50,6.78,2,CHEMBL3661305
COc1cc(-c2ccc3ncnc(Nc4ccc5c(c4)OCO5)c3c2)ccc1O,1,IC50,6.18,2,CHEMBL3661224
Cc1ccc(F)cc1-c1ccc2ncnc(Nc3cccc4[nH]ncc34)c2c1,1,IC50,6.63,2,CHEMBL3661280
[C-]#[N+]c1ccc(-c2ccc3ncnc(Nc4cccc5[nH]ncc45)c3c2)cc1,1,IC50,6.6,2,CHEMBL3661264
COc1cc(-c2cc3c(Nc4cc(O)ccc4Cl)ncnc3cc2OC)ccc1O,1,IC50,7.39,2,CHEMBL3661227
CS(=O)(=O)c1ccc(-c2ccc3nccc(Nc4cccc5[nH]ncc45)c3c2)cc1,1,IC50,6.93,2,CHEMBL3661294
COc1ccc(-c2ccc3nccc(Nc4cccc5[nH]ncc45)c3c2)cc1F,1,IC50,6.74,2,CHEMBL3661287
COc1cc(-c2ccc3ncnc(Nc4cccc(NC(=O)C(F)(F)F)c4)c3c2)ccc1O,1,IC50,6.45,2,CHEMBL3661229
CC(=O)Nc1ccc(-c2ccc3ncnc(Nc4cccc5[nH]ncc45)c3c2)cc1,1,IC50,6.43,2,CHEMBL3661248
COc1cc(-c2ccc3ncnc(Nc4c(F)ccc5[nH]ncc45)c3c2)ccc1O,1,IC50,6.57,2,CHEMBL3661307
COc1ccc(-c2ccc3ncnc(Nc4cccc5[nH]ncc45)c3c2)cc1,1,IC50,6.17,2,CHEMBL3661312
COc1cc(-c2ccc3nccc(Nc4cccc5[nH]ncc45)c3c2)ccc1O,1,IC50,6.79,2,CHEMBL3661279
CN(C)c1ccc(-c2ccc3ncnc(Nc4cccc5[nH]ncc45)c3c2)cc1,1,IC50,6.12,2,CHEMBL3661266
c1cc(Nc2ncnc3ccc(-c4ccc5[nH]ncc5c4)cc23)c2cn[nH]c2c1,1,IC50,6.73,2,CHEMBL3661315
COc1cc(-c2ccc3ncnc(Nc4ccc(Cl)cc4F)c3c2)ccc1O,1,IC50,6.09,2,CHEMBL3661206
COc1cc(-c2cc3c(Nc4cccc(O)c4)ncnc3cc2OC)ccc1O,1,IC50,7.06,2,CHEMBL3661218
O=[SH](=O)Nc1ccc(-c2ccc3ncnc(Nc4cccc5[nH]ncc45)c3c2)cc1,1,IC50,6.49,2,CHEMBL3943985
COc1ccc(-c2ccc3nccc(Nc4cccc5[nH]ncc45)c3c2)cc1Cl,1,IC50,6.57,2,CHEMBL3661290
Oc1cc(Nc2ncnc3ccc(-c4ccc(Cl)cc4)cc23)c(F)cc1F,1,IC50,8.05,2,CHEMBL3665861
Nc1ccc(F)c(-c2ccc3nccc(Nc4cccc5[nH]ncc45)c3c2)c1,1,IC50,6.83,2,CHEMBL3661308
COc1ccc(-c2ccc3ncnc(Nc4cccc5[nH]ncc45)c3c2)cc1C,1,IC50,6.33,2,CHEMBL3661255
COc1cc(-c2ccc3ncnc(Nc4ccccc4O)c3c2)ccc1O,1,IC50,6.42,2,CHEMBL3661213
COc1cc(-c2ccc3ncnc(Nc4cccc5[nH]ncc45)c3c2)ccc1O,1,IC50,6.92,2,CHEMBL3661232
COc1cc(-c2ccc3ncnc(Nc4cc(O)ccc4C)c3c2)ccc1O,1,IC50,7.22,2,CHEMBL3661316
COc1cc(-c2cc3c(Nc4ccc(C)c(O)c4)ncnc3cc2OC)ccc1O,1,IC50,6.57,2,CHEMBL3661226
COc1cc(-c2ccc3ncnc(Nc4ccc5nn[nH]c5c4)c3c2)ccc1O,1,IC50,6.03,2,CHEMBL3661244
OCc1cccc(-c2ccc3ncnc(Nc4cccc5[nH]ncc45)c3c2)c1,1,IC50,6.37,2,CHEMBL3661270
COc1ccc(-c2ccc3ncnc(Nc4cccc5[nH]ncc45)c3c2)cc1C=O,1,IC50,7.13,2,CHEMBL3661274
COc1cccc(-c2ccc3ncnc(Nc4cccc5[nH]ncc45)c3c2)c1,1,IC50,6.51,2,CHEMBL3661311
NC(=O)c1cccc(-c2ccc3ncnc(Nc4cccc5[nH]ncc45)c3c2)c1,1,IC50,6.95,2,CHEMBL3661273
COc1cc(-c2ccc3ncnc(Nc4cc(O)c(F)cc4F)c3c2)ccc1O,1,IC50,8.42,2,CHEMBL3665859
COc1cc(-c2ccc3ncnc(Nc4cccc(NS(C)(=O)=O)c4)c3c2)ccc1O,1,IC50,6.37,2,CHEMBL3661236
COc1cc(-c2ccc3ncnc(Nc4cc(O)c(Cl)cc4Cl)c3c2)ccc1O,1,IC50,7.4,2,CHEMBL3661240
COc1cc(-c2ccc3nccc(Nc4cc(O)ccc4F)c3c2)ccc1O,1,IC50,7.74,2,CHEMBL3661277
Oc1cccc(-c2ccc3nccc(Nc4cccc5[nH]ncc45)c3c2)c1,1,IC50,6.64,2,CHEMBL3661313
c1cc(Nc2ncnc3ccc(-c4ccc5c(c4)OCO5)cc23)c2cn[nH]c2c1,1,IC50,6.85,2,CHEMBL3661272
COc1cc(-c2ccc3ncnc(Nc4ccccc4F)c3c2)ccc1O,1,IC50,6.26,2,CHEMBL3661293
COc1cc(-c2ccc3ncnc(Nc4cccc(NC(C)=O)c4)c3c2)ccc1O,1,IC50,6.42,2,CHEMBL3661228
N#Cc1cccc(-c2ccc3nccc(Nc4cccc5[nH]ncc45)c3c2)c1,1,IC50,7.0,2,CHEMBL3661289
COc1ccc(-c2ccc3ncnc(Nc4cccc5[nH]ncc45)c3c2)c(C)c1,1,IC50,6.16,2,CHEMBL3661254
CCCS(=O)(=O)Nc1cccc(-c2ccc3nccc(Nc4cccc5[nH]ncc45)c3c2)c1,1,IC50,6.59,2,CHEMBL3661296
Oc1ccc(-c2ccc3ncnc(Nc4cccc5[nH]ncc45)c3c2)cc1,1,IC50,6.35,2,CHEMBL3661304
COc1ccc(-c2ccc3ncnc(Nc4cccc5[nH]ncc45)c3c2)cc1Cl,1,IC50,6.67,2,CHEMBL3661253
COc1ccc(-c2ccc3nccc(Nc4cccc5[nH]ncc45)c3c2)cc1C=O,1,IC50,7.0,2,CHEMBL3661291
CN(C)c1ccc(-c2ccc3ncnc(Nc4cccc(O)c4)c3c2)cc1,1,IC50,6.57,2,CHEMBL3661282
COc1cc(-c2ccc3ncnc(Nc4cccc5[nH]ncc45)c3c2)ccc1F,1,IC50,6.76,2,CHEMBL3661260
Oc1c(F)ccc(Nc2ncnc3ccc(-c4ccc(Cl)cc4)cc23)c1F,1,IC50,6.82,2,CHEMBL3665865
COc1cc(-c2ccc3ncnc(Nc4ccc(F)cc4F)c3c2)ccc1O,1,IC50,6.33,2,CHEMBL3661210
COc1cc(-c2ccc3ncnc(Nc4cccc(O)c4C)c3c2)ccc1O,1,IC50,6.85,2,CHEMBL3661234
COc1cc(-c2ccc3ncnc(Nc4cccc(C(N)=O)c4)c3c2)ccc1O,1,IC50,6.54,2,CHEMBL3661221
COc1cccc(-c2ccc3nccc(Nc4cccc5[nH]ncc45)c3c2)c1F,1,IC50,7.08,2,CHEMBL3661286
Fc1ccc(-c2ccc3ncnc(Nc4cccc5[nH]ncc45)c3c2)cc1Cl,1,IC50,6.29,2,CHEMBL3661256
COc1cc(-c2ccc3ncnc(Nc4ccc(S(N)(=O)=O)cc4)c3c2)ccc1O,1,IC50,6.24,2,CHEMBL3661230
COc1cc(-c2ccc3ncnc(Nc4ccc(C)c(O)c4)c3c2)ccc1O,1,IC50,6.75,2,CHEMBL3661217
Nc1ccc(-c2ccc3ncnc(Nc4cccc5[nH]ncc45)c3c2)cc1,1,IC50,6.58,2,CHEMBL3661247
O=[N+]([O-])c1cccc(-c2ccc3ncnc(Nc4cccc5[nH]ncc45)c3c2)c1,1,IC50,6.37,2,CHEMBL3661268
COc1ccc(-c2ccc3ncnc(Nc4cccc(O)c4)c3c2)cc1,1,IC50,7.21,2,CHEMBL3661243
COc1cc(-c2ccc3ncnc(Nc4ccc(C)cc4F)c3c2)ccc1O,1,IC50,6.21,2,CHEMBL3661207
COc1cc(-c2ccc3ncnc(Nc4cccc5[nH]nc(Cl)c45)c3c2)ccc1O,1,IC50,6.85,2,CHEMBL3661300
COc1cc(-c2ccc3ncnc(Nc4ccccc4C(N)=O)c3c2)ccc1O,1,IC50,6.18,1,CHEMBL3661219
COc1cc(-c2ccc3ncnc(Nc4cccc(N)c4)c3c2)ccc1O,1,IC50,6.24,2,CHEMBL3661223
COc1cc(-c2ccc3ncnc(Nc4cc(O)c(Cl)cc4F)c3c2)ccc1O,1,IC50,7.96,2,CHEMBL3665860
COc1cc(-c2ccc3ncnc(Nc4cccc(O)c4)c3c2)ccc1O,1,IC50,7.52,2,CHEMBL3661203
Cn1c(=O)c(S(=O)(=O)c2ccc(F)cc2F)cc2cnc(Nc3ccc4[nH]ccc4c3)nc21,0,IC50 (>),5.0,1,CHEMBL3745885
CCCS(=O)(=O)Nc1ccc(F)c(-c2ccc3cc(NC[C@H](C)NC(=O)OC)ncc3c2)c1F,1,IC50,9.1,1,CHEMBL3754618
CCCS(=O)(=O)Nc1ccc(F)c(-c2cc3cnc(N)cc3cc2OC)c1F,1,IC50,9.1,1,CHEMBL3752762
CCCS(=O)(=O)Nc1ccc(F)c(-c2cc3cnc(NC[C@H](C)NC(=O)OC)cc3cc2OC)c1F,1,IC50,10.0,1,CHEMBL3752213
CCCS(=O)(=O)Nc1ccc(F)c(-c2cc3cnc(NC[C@H](C)NC(=O)OC)cc3cc2CC)c1F,1,IC50,9.22,1,CHEMBL3753260
CCCS(=O)(=O)Nc1ccc(F)c(-c2cc3cnc4[nH]ncc4c3cc2OC)c1F,1,IC50,7.16,1,CHEMBL3753663
CCCS(=O)(=O)Nc1ccc(F)c(-c2cc3cnc4[nH]ncc4c3cc2OC)c1Cl,1,IC50,7.96,1,CHEMBL3752457
CCCS(=O)(=O)Nc1ccc(Cl)c(-c2cc3cnc4[nH]ncc4c3cc2OC)c1Cl,1,IC50,7.7,1,CHEMBL3751892
COc1cc2c(cnc3[nH]ncc32)cc1-c1c(F)ccc(NS(=O)(=O)CCCF)c1Cl,1,IC50,8.15,1,CHEMBL3752478
CCCS(=O)(=O)Nc1ccc(F)c(-c2cc3cnc4[nH]nc(C5CC5)c4c3cc2OC)c1F,1,IC50,6.66,1,CHEMBL3753129
CCCS(=O)(=O)Nc1ccc(F)c(-c2cc3cnc4[nH]nc(C5CC5)c4c3cc2OC)c1Cl,1,IC50,7.1,1,CHEMBL3753972
COc1cc2c(cnc3[nH]nc(C4CC4)c32)cc1-c1c(F)ccc(NS(=O)(=O)CCCF)c1Cl,1,IC50,8.15,1,CHEMBL3751896
CCCCS(=O)(=O)Nc1ccc(F)c(-c2cc3cnc4[nH]nc(C5CC5)c4c3cc2OC)c1Cl,1,IC50,7.77,1,CHEMBL3753363
O=C(Nc1cccc(-c2cnc3c(NC(=O)c4cc(Cl)cc(Cl)c4)nccn23)c1)c1ccc(Cl)c(C(F)(F)F)c1,0,IC50 (>),4.9,2,CHEMBL3764571
O=C(Nc1cccc(-c2cnc3c(NC(=O)c4cc(Cl)cc(Cl)c4)nccn23)c1)Nc1ccc(F)cc1F,0,IC50 (>),4.9,2,CHEMBL3764145
O=C(Nc1cccc(-c2cnc3c(NC(=O)c4cc(Cl)cc(Cl)c4)nccn23)c1)Nc1ccc(Cl)c(C(F)(F)F)c1,0,IC50 (>),4.9,2,CHEMBL3765683
O=C(Nc1cccc(-c2cnc3c(NC(=O)c4cc(C(F)(F)F)cc(C(F)(F)F)c4)nccn23)c1)Nc1ccc(Cl)c(C(F)(F)F)c1,0,IC50 (>),4.9,2,CHEMBL3765068
O=C(Nc1cccc(-c2cnc3c(NC(=O)c4ccc(F)c(C(F)(F)F)c4)nccn23)c1)Nc1ccc(Cl)c(C(F)(F)F)c1,0,IC50 (>),4.9,1,CHEMBL3763692
O=C1CCc2c(Oc3ccc4c(c3)C[C@H](NC(=O)c3cccc(C(F)(F)F)c3)CC4)ccnc2N1,1,IC50,8.51,2,CHEMBL3765596
CCNCc1cc(C(=O)N[C@@H]2CCc3ccc(Oc4ccnc5c4CCC(=O)N5)cc3C2)cc(C(F)(F)F)c1,1,IC50,8.72,2,CHEMBL3765509
NCc1cc(C(=O)N[C@@H]2CCc3ccc(Oc4ccnc5c4CCC(=O)N5)cc3C2)cc(C(F)(F)F)c1,1,IC50,8.54,2,CHEMBL3764101
NC1(c2cc(C(=O)N[C@@H]3CCc4ccc(Oc5ccnc6c5CCC(=O)N6)cc4C3)cc(C(F)(F)F)c2)CCC1,1,IC50,8.74,2,CHEMBL3765012
N[C@H](CO)c1cc(C(=O)N[C@@H]2CCc3ccc(Oc4ccnc5c4CCC(=O)N5)cc3C2)cc(C(F)(F)F)c1,1,IC50,8.77,2,CHEMBL3763999
O=C1CCc2c(Oc3ccc4c(c3)C[C@H](NC(=O)c3cc(C(F)(F)F)cc(C5(O)CNC5)c3)CC4)ccnc2N1,1,IC50,8.66,2,CHEMBL3764870
O=C1CCc2c(Oc3ccc4c(c3)C[C@H](NC(=O)c3cc(CN5CCOCC5CO)cc(C(F)(F)F)c3)CC4)ccnc2N1,1,IC50,8.4,2,CHEMBL3764275
O=C1CCc2c(Oc3ccc4c(c3)C[C@H](NC(=O)c3cc(-c5cnc[nH]5)cc(C(F)(F)F)c3)CC4)ccnc2N1,1,IC50,8.7,2,CHEMBL3765355
O=C1CCc2c(Oc3ccc4c(c3)C[C@H](NC(=O)c3cc(-c5cc[nH]n5)cc(C(F)(F)F)c3)CC4)ccnc2N1,1,IC50,8.02,2,CHEMBL3765074
O=C1CCc2c(Oc3ccc4c(c3)C[C@H](NC(=O)c3cc(-c5cn[nH]c5)cc(C(F)(F)F)c3)CC4)ccnc2N1,1,IC50,8.54,2,CHEMBL3765708
Cn1cnc(-c2cc(C(=O)N[C@@H]3CCc4ccc(Oc5ccnc6c5CCC(=O)N6)cc4C3)cc(C(F)(F)F)c2)c1,1,IC50,8.68,2,CHEMBL3763694
Cn1nccc1-c1cc(C(=O)N[C@@H]2CCc3ccc(Oc4ccnc5c4CCC(=O)N5)cc3C2)cc(C(F)(F)F)c1,1,IC50,8.82,2,CHEMBL3764588
Cn1cc(-c2cc(C(=O)N[C@@H]3CCc4ccc(Oc5ccnc6c5CCC(=O)N6)cc4C3)cc(C(F)(F)F)c2)cn1,1,IC50,8.68,2,CHEMBL3763646
CNC(=O)c1cc(Oc2ccc3nc(NC(=O)Nc4ccc(Cl)c(C(F)(F)F)c4)sc3c2)ccn1,1,IC50,6.88,1,CHEMBL3799746
CNC(=O)c1cc(Oc2ccc3nc(NC(=O)Nc4ccc(Cl)c(Cl)c4)sc3c2)ccn1,1,IC50,7.02,1,CHEMBL3798983
O=S(=O)(Nc1ccc(F)c(Nc2ncccc2-c2ncnc3[nH]cnc23)c1F)c1ccccc1,1,IC50,8.15,4,CHEMBL3798308
O=S(=O)(Nc1ccc(F)c(Nc2ncccc2-c2ncnc3[nH]cnc23)c1F)c1ccccc1F,1,IC50,8.52,3,CHEMBL3800226
O=S(=O)(Nc1ccc(F)c(Nc2ncccc2-c2ncnc3[nH]cnc23)c1F)c1cccc(F)c1,1,IC50,8.52,3,CHEMBL3799014
O=S(=O)(Nc1ccc(F)c(Nc2ncccc2-c2ncnc3[nH]cnc23)c1F)c1ccc(F)cc1,1,IC50,7.44,3,CHEMBL3798423
O=S(=O)(Nc1ccc(F)c(Nc2ncccc2-c2ncnc3[nH]cnc23)c1F)c1cccnc1,1,IC50,9.0,4,CHEMBL3798195
O=S(=O)(Nc1ccc(F)c(Nc2ncccc2-c2ncnc3[nH]cnc23)c1F)c1ccccn1,1,IC50,7.68,3,CHEMBL3799483
O=S(=O)(Nc1ccc(F)c(Nc2ncccc2-c2ncnc3[nH]cnc23)c1F)c1cccs1,1,IC50,9.3,4,CHEMBL3798780
O=S(=O)(Nc1ccc(F)c(Nc2ncccc2-c2ncnc3[nH]cnc23)c1F)c1nccs1,1,IC50,9.0,3,CHEMBL3800081
O=S(=O)(Nc1ccc(F)c(Nc2ncccc2-c2ncnc3[nH]cnc23)c1F)c1cn[nH]c1,1,IC50,9.7,3,CHEMBL3797403
Cn1cc(S(=O)(=O)Nc2ccc(F)c(Nc3ncccc3-c3ncnc4[nH]cnc34)c2F)cn1,1,IC50,8.1,4,CHEMBL3799568
CS(=O)(=O)Nc1ccc(F)c(Nc2ncccc2-c2ncnc3[nH]cnc23)c1F,1,IC50,6.45,3,CHEMBL3798635
CCCS(=O)(=O)Nc1ccc(F)c(Nc2ncccc2-c2ncnc3[nH]cnc23)c1F,1,IC50,8.05,4,CHEMBL3798357
O=S(=O)(CC(F)(F)F)Nc1ccc(F)c(Nc2ncccc2-c2ncnc3[nH]cnc23)c1F,1,IC50,8.52,3,CHEMBL3800014
CC(C)CS(=O)(=O)Nc1ccc(F)c(Nc2ncccc2-c2ncnc3[nH]cnc23)c1F,1,IC50,8.22,3,CHEMBL3799488
O=S(=O)(CC1CC1)Nc1ccc(F)c(Nc2ncccc2-c2ncnc3[nH]cnc23)c1F,1,IC50,8.1,3,CHEMBL3798570
CC(C)(C)CS(=O)(=O)Nc1ccc(F)c(Nc2ncccc2-c2ncnc3[nH]cnc23)c1F,1,IC50,8.3,3,CHEMBL3799342
O=S(=O)(Cc1ccccc1)Nc1ccc(F)c(Nc2ncccc2-c2ncnc3[nH]cnc23)c1F,1,IC50,6.96,2,CHEMBL3800157
CC(C)S(=O)(=O)Nc1ccc(F)c(Nc2ncccc2-c2ncnc3[nH]cnc23)c1F,1,IC50,7.85,4,CHEMBL3798327
CCC(C)S(=O)(=O)Nc1ccc(F)c(Nc2ncccc2-c2ncnc3[nH]cnc23)c1F,1,IC50,8.15,3,CHEMBL3800227
CCCC(C)S(=O)(=O)Nc1ccc(F)c(Nc2ncccc2-c2ncnc3[nH]cnc23)c1F,1,IC50,7.75,3,CHEMBL3799288
O=S(=O)(Nc1ccc(F)c(Nc2ncccc2-c2ncnc3[nH]cnc23)c1F)C1CC1,1,IC50,7.39,4,CHEMBL3799241
O=S(=O)(Nc1ccc(F)c(Nc2ncccc2-c2ncnc3[nH]cnc23)c1F)C1CCC1,1,IC50,8.4,3,CHEMBL3798630
O=S(=O)(Nc1ccc(F)c(Nc2ncccc2-c2ncnc3[nH]cnc23)c1F)C1CCCC1,1,IC50,8.7,3,CHEMBL3800364
O=S(=O)(Nc1ccc(F)c(Nc2ncccc2-c2ncnc3[nH]cnc23)c1F)C1CCOC1,1,IC50,8.3,3,CHEMBL3798235
O=S(=O)(Nc1ccc(F)c(Nc2ncccc2-c2ncnc3[nH]cnc23)c1F)C1CCCCC1,1,IC50,7.75,4,CHEMBL3799451
O=S(=O)(Nc1ccc(F)c(Nc2ncccc2-c2ncnc3[nH]cnc23)c1F)C1CCOCC1,1,IC50,7.51,3,CHEMBL3798516
CN(C)S(=O)(=O)Nc1ccc(F)c(Nc2ncccc2-c2ncnc3[nH]cnc23)c1F,1,IC50,8.1,3,CHEMBL3798256
CCN(C)S(=O)(=O)Nc1ccc(F)c(Nc2ncccc2-c2ncnc3[nH]cnc23)c1F,1,IC50,7.66,3,CHEMBL3797223
CCN(CC)S(=O)(=O)Nc1ccc(F)c(Nc2ncccc2-c2ncnc3[nH]cnc23)c1F,1,IC50,7.24,3,CHEMBL3797353
O=S(=O)(Nc1ccc(F)c(Nc2ncccc2-c2ncnc3[nH]cnc23)c1F)N1CCCC1,1,IC50,8.7,3,CHEMBL3799949
O=S(=O)(Nc1ccc(F)c(Nc2ncccc2-c2ncnc3[nH]cnc23)c1F)N1CCCCC1,1,IC50,7.82,3,CHEMBL3798505
O=S(=O)(Nc1ccc(F)c(Nc2ncccc2-c2ncnc3[nH]cnc23)c1F)N1CC[C@H](O)C1,1,IC50,8.05,3,CHEMBL3800002
O=S(=O)(Nc1ccc(F)c(Nc2ncccc2-c2ncnc3[nH]cnc23)c1F)N1CC[C@@H](O)C1,1,IC50,7.8,3,CHEMBL3797494
O=S(=O)(Nc1ccc(F)c(Nc2ncccc2-c2ncnc3[nH]cnc23)c1F)N1CCOCC1,1,IC50,7.21,3,CHEMBL3799996
Cc1n[nH]c(C)c1S(=O)(=O)Nc1ccc(F)c(Nc2ncccc2-c2ncnc3[nH]cnc23)c1F,1,IC50,6.67,1,CHEMBL3800378
O=S(=O)(Nc1ccc(F)c(Nc2ncccc2-c2ncnc3[nH]cnc23)c1F)N1CCNCC1,1,IC50,6.0,1,CHEMBL3799046
CC(C)(C#N)c1cccc(C(=O)Nc2cccc(Nc3ccnc(NC(=O)C4CC4)c3)c2)c1,1,IC50,7.42,2,CHEMBL3798081
O=C(Nc1cccc(Nc2ccnc(NC(=O)C3CC3)c2)c1)c1cccc(C2CC2)c1,1,IC50,7.46,2,CHEMBL3798225
CC(C)(C)c1cccc(C(=O)Nc2cccc(Nc3ccnc(NC(=O)C4CC4)c3)c2)c1,1,IC50,7.7,2,CHEMBL3797670
CC(C)c1cccc(C(=O)Nc2cccc(Nc3ccnc(NC(=O)C4CC4)c3)c2)c1,1,IC50,7.89,2,CHEMBL3800043
O=C(Nc1cccc(Nc2ccnc(NC(=O)C3CCCCC3)c2)c1)c1cccc(C2CC2)c1,1,IC50,6.25,1,CHEMBL3797591
O=C(Nc1cccc(Nc2ccnc(NC(=O)C3CCCC3)c2)c1)c1cccc(C2CC2)c1,1,IC50,6.36,1,CHEMBL3800517
O=C(Nc1cccc(Nc2ccnc(NC(=O)C3CCC3)c2)c1)c1cccc(C2CC2)c1,1,IC50,6.74,1,CHEMBL3798661
CC(C)C(=O)Nc1cc(Nc2cccc(NC(=O)c3cccc(C4CC4)c3)c2)ccn1,1,IC50,6.38,1,CHEMBL3800288
CCC(=O)Nc1cc(Nc2cccc(NC(=O)c3cccc(C4CC4)c3)c2)ccn1,1,IC50,6.9,1,CHEMBL3797339
CC(=O)Nc1cc(Nc2cccc(NC(=O)c3cccc(C4CC4)c3)c2)ccn1,1,IC50,7.3,1,CHEMBL3799934
N#CC1(c2cccc(C(=O)Nc3cccc(Nc4ccnc(NC(=O)C5CC5)c4)c3)c2)CC1,1,IC50,7.1,1,CHEMBL3800220
CCc1cccc(C(=O)Nc2cccc(Nc3ccnc(NC(=O)C4CC4)c3)c2)c1,1,IC50,6.96,1,CHEMBL3798469
O=C(Nc1cccc(Nc2ccnc(NC(=O)C3CC3)c2)c1)c1cccc(Cl)c1,1,IC50,6.11,1,CHEMBL3797868
O=C(Nc1cccc(Nc2ccnc(NC(=O)C3CC3)c2)c1)c1ccc(C(F)(F)F)cc1,0,IC50 (>),5.0,1,CHEMBL3798151
O=C(Nc1cccc(Nc2ccnc(NC(=O)C3CC3)c2)c1)c1ccccc1C(F)(F)F,0,IC50 (>),5.0,1,CHEMBL3799344
O=C(Nc1cccc(Nc2ccnc(NC(=O)C3CC3)c2)c1)c1cccc(C(F)(F)F)c1,1,IC50,6.85,1,CHEMBL3799171
COC(=O)c1cc2cc(NCc3cc(NC(=O)c4cc(-n5cnc(C)c5)cc(C(F)(F)F)c4)ccc3C)cnc2[nH]1,1,IC50,8.0,1,CHEMBL3808884
c1ccc(Nc2c[nH]c3ncccc23)cc1,0,IC50 (>),4.0,1,CHEMBL1231605
CS(=O)(=O)Nc1cccc(Cn2c(=O)oc3cc(OC(=O)c4ccccc4)ccc3c2=O)c1F,0,IC50 (>),5.0,1,CHEMBL3814031
COc1ccc2c(=O)n(Cc3cccc(NS(=O)(=O)NCCC#N)c3F)c(=O)oc2c1,0,IC50 (>),5.0,1,CHEMBL3814289
CNS(=O)(=O)Nc1cccc(Cn2c(=O)oc3cc(OC(C)=O)ccc3c2=O)c1F,1,IC50,6.21,1,CHEMBL3814543
CCC(=O)Oc1ccc2c(=O)n(Cc3cccc(NS(=O)(=O)NC)c3F)c(=O)oc2c1,1,IC50,6.64,1,CHEMBL3813945
CNS(=O)(=O)Nc1cccc(Cn2c(=O)oc3cc(OC(=O)C(C)C)ccc3c2=O)c1F,1,IC50,6.14,1,CHEMBL3814233
CCS(=O)(=O)Oc1ccc2c(=O)n(Cc3cccc(NS(=O)(=O)NC)c3F)c(=O)oc2c1,1,IC50,6.17,1,CHEMBL3814118
CC(C)NS(=O)(=O)Nc1cccc(Cn2c(=O)oc3cc(OC(=O)N(C)C)ccc3c2=O)c1F,1,IC50,6.68,1,CHEMBL3815096
CN(C)C(=O)Oc1ccc2c(=O)n(Cc3cccc(NS(=O)(=O)NCCC#N)c3F)c(=O)oc2c1,1,IC50,7.22,1,CHEMBL3814173
CN(C)C(=O)Oc1ccc2c(=O)n(Cc3cccc(NS(=O)(=O)NCC(F)(F)F)c3F)c(=O)oc2c1,1,IC50,6.38,1,CHEMBL3814582
CNS(=O)(=O)Nc1cccc(Cn2c(=O)oc3cc(OC(=O)N(C)C)ccc3c2=O)c1F,1,IC50,7.26,1,CHEMBL3814978
CN(C)C(=O)Oc1ccc2c(=O)n(Cc3cccc(NS(N)(=O)=O)c3F)c(=O)oc2c1,1,IC50,6.08,1,CHEMBL3814609
CCS(=O)(=O)Nc1cccc(Cn2c(=O)oc3cc(OC(=O)N(C)C)ccc3c2=O)c1F,1,IC50,6.7,1,CHEMBL3814830
CN(C)C(=O)Oc1ccc2oc(=O)n(Cc3cccc(NS(C)(=O)=O)c3F)c(=O)c2c1,0,IC50 (>),5.0,1,CHEMBL3814347
CC(=O)Nc1cccc(Cn2c(=O)oc3cc(OC(=O)N(C)C)ccc3c2=O)c1,0,IC50 (>),5.0,1,CHEMBL3814281
CN(C)C(=O)Oc1ccc2c(=O)n(Cc3cccc(NS(C)(=O)=O)c3F)c(=O)oc2c1,1,IC50,6.52,1,CHEMBL3814531
CN(C)C(=O)Oc1ccc2c(=O)n(Cc3ccc(NS(C)(=O)=O)cc3)c(=O)oc2c1,0,IC50 (>),5.0,1,CHEMBL3814188
CN(C)C(=O)Oc1ccc2c(=O)n(Cc3ccccc3NS(C)(=O)=O)c(=O)oc2c1,0,IC50 (>),5.0,1,CHEMBL3814720
CN(C)C(=O)Oc1ccc2c(=O)n(Cc3cccc([N+](=O)[O-])c3)c(=O)oc2c1,0,IC50 (>),5.0,1,CHEMBL3814534
CN(C)C(=O)Oc1ccc2c(=O)n(Cc3ccc(F)cc3)c(=O)oc2c1,0,IC50 (>),5.0,1,CHEMBL3814261
CN(C)C(=O)Oc1ccc2c(=O)n(Cc3ccccc3F)c(=O)oc2c1,0,IC50 (>),5.0,1,CHEMBL3814337
Cc1c(Cc2ccc(F)cc2)c(=O)oc2cc(OC(=O)N(C)C)ccc12,1,IC50,6.5,1,CHEMBL78779
N#CC(=C(/N)Sc1ccccc1N)/C(C#N)=C(\N)Sc1ccccc1N,1,IC50,6.6,1,CHEMBL34704
CNS(=O)(=O)c1ccc(N(C)C)c(Nc2ncnc3cc(OC)c(OC)cc23)c1,1,IC50,6.0,2,CHEMBL3815093
CNS(=O)(=O)c1ccc(N2CCOCC2)c(Nc2ncnc3[nH]cc(Cl)c23)c1,1,IC50,9.22,1,CHEMBL3814798
CNS(=O)(=O)c1ccc(N(C)C)c(Nc2ncnc3ccccc23)c1,1,IC50,6.6,2,CHEMBL3814179
CNS(=O)(=O)c1ccc(N(C)C)c(Nc2ncnc3ccsc23)c1,1,IC50,6.0,1,CHEMBL3814515
CNS(=O)(=O)c1ccc(N(C)C)c(Nc2ncnc3ccn(C)c23)c1,1,IC50,6.89,1,CHEMBL3814010
CNS(=O)(=O)c1ccc(N(C)C)c(Nc2ncnc3cc[nH]c23)c1,1,IC50,6.6,1,CHEMBL3815116
CNS(=O)(=O)c1ccc(N(C)C)c(Nc2ncnc3ccc(OC)cc23)c1,1,IC50,6.0,2,CHEMBL3813871
CNS(=O)(=O)c1ccc(N(C)C)c(Nc2ncnc3ccc(N)cc23)c1,1,IC50,6.2,2,CHEMBL3814121
CNc1ccc2ncnc(Nc3cc(S(=O)(=O)NC)ccc3N(C)C)c2c1,1,IC50,6.0,2,CHEMBL3813902
CNS(=O)(=O)c1ccc(N(C)C)c(Nc2ncnc3cc(OCCCOC)ccc23)c1,1,IC50,6.1,1,CHEMBL3814871
CNS(=O)(=O)c1ccc(N(C)C)c(Nc2ncnc3cc(OC)cc(OC)c23)c1,1,IC50,7.1,1,CHEMBL3814834
CNS(=O)(=O)c1ccc(OCC(F)(F)F)c(Nc2ncnc3cc(OC)c(OC)cc23)c1,1,IC50,6.89,1,CHEMBL3814635
CNS(=O)(=O)c1ccc(OCC(F)(F)F)c(Nc2ncnc3cc(OC)cc(OC)c23)c1,1,IC50,7.3,1,CHEMBL3813948
CNS(=O)(=O)c1ccc(OCC(F)(F)F)c(Nc2ncnc3cc(OC)c(OC)c(OC)c23)c1,1,IC50,7.1,1,CHEMBL3814097
CCOc1cc2ncnc(Nc3cc(S(=O)(=O)NC)ccc3OCC(F)(F)F)c2cc1OC,1,IC50,7.0,1,CHEMBL3814998
CNS(=O)(=O)c1ccc(OCC(F)(F)F)c(Nc2ncnc3cc(OC(C)C)c(OC)cc23)c1,0,IC50,4.5,1,CHEMBL3814685
CNS(=O)(=O)c1ccc(OCC(F)(F)F)c(Nc2ncnc3cc(OCCCOC)ccc23)c1,1,IC50,6.8,1,CHEMBL3814442
O=c1oc2ccccc2c(N2CCN(C(c3ccccc3)c3ccc(Cl)cc3)CC2)c1CO,1,IC50,6.04,1,CHEMBL3957916
O=c1oc2ccccc2c(N2CCN(C(c3ccc(F)cc3)c3ccc(F)cc3)CC2)c1CO,1,IC50,6.17,1,CHEMBL3940050
O=c1oc2ccccc2c(N2CCN(C(c3ccccc3)c3ccccc3)CC2)c1CO,1,IC50,6.43,1,CHEMBL3977856
O=c1oc2ccccc2c(N2CCN(c3cccc(C(F)(F)F)c3)CC2)c1CO,0,IC50,4.62,1,CHEMBL3948192
O=c1oc2ccccc2c(N2CCN(c3cccc(Cl)c3)CC2)c1CO,0,IC50,4.47,1,CHEMBL3967878
O=c1oc2ccccc2c(N2CCN(c3ccc(F)cc3)CC2)c1CO,0,IC50,4.75,1,CHEMBL3957654
O=c1oc2ccccc2c(N2CCN(c3ccccc3F)CC2)c1CO,0,IC50,4.66,1,CHEMBL3896376
CCN1CCN(c2c(CO)c(=O)oc3ccccc23)CC1,0,IC50 (>),4.3,1,CHEMBL3913263
CC(C)(C)c1nc2c(s1)c1nc(N)ncc1c1ccc(NS(=O)(=O)c3c(F)cccc3F)c(F)c12,1,IC50,6.55,1,CHEMBL3968190
CNS(=O)(=O)c1ccc(N(C)C)c(Nc2ncnc3ccc(Cl)cc23)c1,1,IC50,6.4,1,CHEMBL3952136
CNC(=O)c1cc(Oc2ccc(/C=C/C(=O)c3ccc(F)cc3)cc2)ccn1,0,IC50 (>),4.3,1,CHEMBL3945365
COC(=O)N[C@@H](C)CNc1nccc(-c2cn(C(C)C)nc2-c2ccnc(NS(C)(=O)=O)c2F)n1,1,IC50,7.62,5,CHEMBL3891996
COC(=O)N[C@@H](C)CNc1nccc(-c2cn(C(C)C)nc2-c2cc(F)cc(NS(C)(=O)=O)c2Cl)n1,1,IC50,8.96,6,CHEMBL3904633
COC(=O)N[C@@H](C)CNc1nccc(-c2cn(C(C)C)nc2-c2cc(C)cc(NS(C)(=O)=O)c2Cl)n1,1,IC50,9.0,6,CHEMBL3933474
COC(=O)N[C@@H](C)CNc1nccc(-c2cn(C(C)C)nc2-c2cc(C)cc(NS(C)(=O)=O)c2F)n1,1,IC50,9.02,6,CHEMBL3929909
CCn1cc(-c2ccnc(NC[C@H](C)NC(=O)OC)n2)c(-c2cc(Cl)cc(NS(C)(=O)=O)c2F)n1,1,IC50,9.3,6,CHEMBL3928966
COC(=O)N[C@@H](C)CNc1nccc(-c2cn(C(C)C)nc2-c2cc(F)cc(NS(C)(=O)=O)c2F)n1,1,IC50,9.22,6,CHEMBL3931720
COC(=O)N[C@@H](C)CNc1nccc(-c2cn(C(C)C)nc2-c2cc(Cl)cc(NS(C)(=O)=O)c2F)n1,1,IC50,9.52,10,CHEMBL3301612
CCCS(=O)(=O)Nc1ccc(F)c(-c2nn(C(C)C)cc2-c2ccnc(NC[C@H](C)NC(=O)OC)n2)c1F,1,IC50,9.15,6,CHEMBL3920123
COC(=O)N[C@@H](C)CNc1nccc(-c2cn(C(C)C)nc2-c2c(F)ccc(NS(C)(=O)=O)c2F)n1,1,IC50,8.41,6,CHEMBL3917315
CCCS(=O)(=O)Nc1cc(Cl)cc(-c2nn(C(C)C)cc2-c2ccnc(NC[C@H](C)NC(=O)OC)n2)c1,1,IC50,9.7,6,CHEMBL3932572
COC(=O)N[C@@H](C)CNc1nccc(-c2cn(C(C)C)nc2-c2cccc(NS(C)(=O)=O)c2F)n1,1,IC50,8.64,6,CHEMBL3905481
COC(=O)N[C@@H](C)CNc1nccc(-c2cn(C(C)C)nc2-c2cc(Cl)cc(NS(C)(=O)=O)c2)n1,1,IC50,9.1,6,CHEMBL3942604
CCCS(=O)(=O)Nc1c(F)ccc(-c2nn(C(C)C)cc2-c2ccnc(NC[C@H](C)NC(=O)OC)n2)c1F,1,IC50,8.57,6,CHEMBL3901648
COC(=O)N[C@@H](C)CNc1nccc(-c2cn(C3CCCCO3)nc2-c2cc(Cl)cc(NS(C)(=O)=O)c2F)n1,1,IC50,8.15,1,CHEMBL3967614
COC(=O)NC[C@H](C)Nc1nccc(-c2cn(C(C)C)nc2-c2cc(Cl)cc(NS(C)(=O)=O)c2F)n1,1,IC50,8.54,6,CHEMBL3962696
COC(=O)N[C@@H](C)CNc1nccc(-c2c[nH]nc2-c2cc(Cl)cc(NS(C)(=O)=O)c2F)n1,1,IC50,9.1,6,CHEMBL3893988
CC(C)n1cc(-c2ccnc(N)n2)c(-c2cc(Cl)cc(NS(C)(=O)=O)c2F)n1,1,IC50,8.37,6,CHEMBL3903732
CNc1nccc(-c2cn(C(C)C)nc2-c2cc(Cl)cc(NS(C)(=O)=O)c2F)n1,1,IC50,8.1,6,CHEMBL3927112
CC(C)n1cc(-c2ccnc(NCCN(C)C)n2)c(-c2cc(Cl)cc(NS(C)(=O)=O)c2F)n1,1,IC50,7.05,6,CHEMBL3904742
CCS(=O)(=O)Nc1c(F)ccc(-c2nn(C(C)C)cc2-c2ccnc(NC[C@H](C)NC(=O)OC)n2)c1F,1,IC50,8.77,6,CHEMBL3917262
COC(=O)N[C@@H](C)CNc1nccc(-c2cn(C(C)C)nc2-c2cc(Cl)cc(NS(=O)(=O)C3CC3)c2F)n1,1,IC50,8.7,1,CHEMBL3930080
COC(=O)N[C@@H](C)CNc1nccc(-c2cn(C(C)C)nc2-c2cc(F)cc(NS(=O)(=O)C3CC3)c2F)n1,1,IC50,7.64,2,CHEMBL3927365
COC(=O)N[C@@H](C)CNc1nccc(-c2cn(C(C)C)nc2-c2cc(Cl)cc(NS(C)(=O)=O)c2Cl)n1,1,IC50,8.22,1,CHEMBL3967576
COC(=O)N[C@@H](C)CNc1nccc(-c2cn(C(C)C)nc2-c2cc(F)c(F)c(NS(C)(=O)=O)c2F)n1,1,IC50,7.35,1,CHEMBL3949543
COC(=O)N[C@H](C)CNc1nccc(-c2cn(C(C)C)nc2-c2cc(Cl)cc(NS(C)(=O)=O)c2F)n1,1,IC50,9.1,6,CHEMBL3939997
COC(=O)N[C@@H](C)CNc1nccc(-c2cn(C(C)C)nc2-c2ccc(F)c(NS(C)(=O)=O)c2F)n1,1,IC50,8.21,6,CHEMBL3890179
CCS(=O)(=O)Nc1c(F)c(F)cc(-c2nn(C(C)C)cc2-c2ccnc(NC[C@H](C)NC(=O)OC)n2)c1Cl,1,IC50,7.92,1,CHEMBL3985236
CC(C)n1cc(-c2ccnc(NCCC#N)n2)c(-c2cc(Cl)cc(NS(C)(=O)=O)c2F)n1,1,IC50,8.7,1,CHEMBL3894746
COC(=O)N[C@@H](C)CNc1nccc(-c2cn(C(C)C)nc2-c2ccnc(NS(C)(=O)=O)c2Cl)n1,1,IC50,7.1,1,CHEMBL3901933
COC(=O)N[C@@H](C)CNc1nccc(-c2cn(C(C)C)nc2-c2cccc(NS(=O)(=O)CCC(F)(F)F)c2F)n1,1,IC50,7.57,1,CHEMBL3972154
CCCS(=O)(=O)Nc1cccc(-c2nn(C(C)C)cc2-c2ccnc(NC[C@H](C)NC(=O)OC)n2)c1F,1,IC50,8.7,1,CHEMBL3982541
CCCS(=O)(=O)Nc1cc(Cl)cc(-c2nn(C(C)C)cc2-c2ccnc(NC[C@H](C)NC(=O)OC)n2)c1F,1,IC50,8.7,1,CHEMBL3944081
O=C(CCCCCNC(=O)c1cc(Oc2ccc(NC(=O)Nc3ccc(Cl)c(C(F)(F)F)c3)cc2)ccn1)NO,1,IC50,6.0,1,CHEMBL3934468
CCOC(=O)Nc1nc2ccc(C(=O)c3ccccc3C(=O)OCc3ccccc3)cc2o1,1,IC50,6.0,1,CHEMBL3906753
COC(=O)C(=O)Nc1nc2ccc(C3(O)c4ccccc4C(=O)N3c3cccc(Cl)c3F)cc2[nH]1,1,IC50,6.0,1,CHEMBL3922085
O=C1c2ccccc2C(O)(c2ccc3[nH]c(=O)[nH]c3c2)N1c1cccc(Cl)c1F,1,IC50,6.0,1,CHEMBL3924269
O=C(Nc1nc2ccc(C3(O)c4ccccc4C(=O)N3c3cccc(Cl)c3F)cc2[nH]1)OCCCN1CCCCC1,1,IC50,6.0,1,CHEMBL3929729
COC(=O)Nc1nc2cc(C(=O)c3ccccc3NC(=O)Nc3ccccc3)ccc2[nH]1,1,IC50,7.0,1,CHEMBL3981288
COC(=O)Nc1nc2cc(C3(O)c4ccccc4C(=O)N3c3cccc(S(C)(=O)=O)c3)ccc2[nH]1,1,IC50,7.0,1,CHEMBL3931030
COC(=O)Nc1nc2cc(C3(O)c4ccccc4C(=O)N3Cc3ccc(C)cc3)ccc2[nH]1,1,IC50,6.0,1,CHEMBL3977083
O=C1COc2ccc(C3(O)c4ccccc4C(=O)N3c3ccccc3F)cc2N1,1,IC50,7.0,1,CHEMBL3979227
N#Cc1cccc(N2C(=O)c3ccccc3C2(O)c2ccc3c(c2)NC(=O)CO3)c1,1,IC50,6.0,1,CHEMBL3941642
CC(C)c1cccc(N2C(=O)c3ccccc3C2(O)c2ccc3c(c2)NC(=O)CO3)c1,1,IC50,7.0,1,CHEMBL3935590
O=C1COc2ccc(C3(O)c4ccccc4C(=O)N3Cc3cccc(Cl)c3)cc2N1,1,IC50,6.0,1,CHEMBL3903124
COC(=O)Nc1nc2cc(C3(O)c4ccccc4C(=O)N3S(=O)(=O)c3ccccc3)ccc2[nH]1,1,IC50,6.0,1,CHEMBL3983778
COC(=O)Nc1nc2cc(C3(O)c4ccccc4C(=O)N3c3cccc(OC(F)(F)C(F)F)c3)ccc2[nH]1,1,IC50,6.0,1,CHEMBL3979533
COC(=O)Nc1nc2cc(C3(O)c4ccccc4C(=O)N3c3cccc(Nc4ccccc4)c3)ccc2[nH]1,1,IC50,7.0,1,CHEMBL3897377
O=C(CC(O)(C(F)(F)F)C(F)(F)F)Nc1nc2cc(C3(O)c4ccccc4C(=O)N3Cc3ccccc3)ccc2[nH]1,1,IC50,6.0,1,CHEMBL3959716
COC(=O)Nc1nc2cc(C3(O)c4ccccc4C(=O)N3C(C)c3cccc(C(F)(F)F)c3)ccc2[nH]1,1,IC50,6.0,1,CHEMBL3936484
COC(=O)Nc1nc2cc(C3(O)c4ccccc4C(=O)N3c3cc(F)cc(F)c3)ccc2[nH]1,1,IC50,7.0,1,CHEMBL3980198
O=C1c2ccccc2C(O)(c2ccc3[nH]ncc3c2)N1Cc1ccccc1,1,IC50,7.0,1,CHEMBL3927071
NC(=O)c1cccc(N2C(=O)c3ccccc3C2(O)c2ccc3c(c2)NC(=O)CO3)c1,1,IC50,6.0,1,CHEMBL3899779
O=C1COc2ccc(C3(O)c4ccccc4C(=O)N3c3ccc(Cl)c(Cl)c3)cc2N1,1,IC50,6.0,1,CHEMBL3976175
COC(=O)Nc1nc2ccc(C3(O)c4ccccc4C(=O)N3c3ccccc3Oc3ccccc3)cc2[nH]1,1,IC50,7.0,1,CHEMBL3942857
CC(C)(C)OC(=O)N1CCC(COC(=O)Nc2nc3cc(C4(O)c5ccccc5C(=O)N4Cc4ccccc4)ccc3[nH]2)CC1,1,IC50,7.0,1,CHEMBL3938488
COC(=O)Nc1nc2ccc(C3(O)C4=CC(Cl)(Cl)CC=C4C(=O)N3c3cccc(Br)c3)cc2[nH]1,1,IC50,6.0,1,CHEMBL3909653
COC(=O)Nc1nc2cc(C3(O)c4ccccc4C(=O)N3C(C)c3sccc3Cl)ccc2[nH]1,1,IC50,6.0,1,CHEMBL3930091
COC(=O)Nc1nc2cc(C3(O)c4ccccc4C(=O)N3CC3CCCO3)ccc2[nH]1,1,IC50,7.0,1,CHEMBL3979587
COC(=O)Nc1nc2cc(C3(O)c4ccccc4C(=O)N3[C@@H](C)C(=O)OC3CCCCC3)ccc2[nH]1,1,IC50,6.0,1,CHEMBL3982369
COC(=O)Nc1nc2cc(C3(O)c4ccccc4C(=O)N3Cc3ccccc3Cl)ccc2[nH]1,1,IC50,7.0,1,CHEMBL3897867
COC(=O)Nc1nc2cc(C3(O)c4ccccc4C(=O)N3Cc3cccc(OC)c3)ccc2[nH]1,1,IC50,7.0,1,CHEMBL3962041
CCOC1(c2ccc3[nH]c(NC(=O)OC)nc3c2)c2ccccc2C(=O)N1Cc1ccccc1,1,IC50,7.0,1,CHEMBL3953942
O=C1COc2ccc(C3(O)c4ccccc4C(=O)N3c3cc(F)cc(F)c3)cc2N1,1,IC50,6.0,1,CHEMBL3982784
O=C1COc2ccc(C3(O)c4ccccc4C(=O)N3Cc3cccc(I)c3)cc2N1,1,IC50,6.0,1,CHEMBL3949857
COc1cccc(N2C(=O)c3ccccc3C2(O)c2ccc3c(c2)NC(=O)CO3)c1,1,IC50,7.0,1,CHEMBL3908184
O=C1COc2ccc(C3(O)c4ccccc4C(=O)N3c3ccc(Cl)cc3)cc2N1,1,IC50,6.0,1,CHEMBL3927204
O=C1COc2ccc(C3(O)c4ccccc4C(=O)N3c3ccccc3)cc2N1,1,IC50,7.0,1,CHEMBL3983280
COC(=O)Nc1nc2ccc(C(=O)c3ccccc3NC(=O)c3ccccc3)cc2[nH]1,1,IC50,6.0,1,CHEMBL3926327
CC(C)C(=O)Nc1nc2ccc(C3(O)c4ccccc4C(=O)N3Cc3ccccc3)cc2[nH]1,1,IC50,7.0,1,CHEMBL3959101
COC(=O)Nc1nc2cc(C3(O)c4ccccc4C(=O)N3CC3CC3)ccc2[nH]1,1,IC50,7.0,1,CHEMBL3955283
COC(=O)Nc1nc2cc(C3(O)c4ccccc4C(=O)N3c3ccc(OC)cc3)ccc2[nH]1,1,IC50,6.0,1,CHEMBL3900630
O=C1COc2ccc(C3(O)c4ccccc4C(=O)N3c3cccc(O)c3)cc2N1,1,IC50,6.0,1,CHEMBL3956151
O=C1COc2ccc(C3(O)c4ccccc4C(=O)N3c3cc(F)cc(I)c3)cc2N1,1,IC50,6.0,1,CHEMBL3919431
O=C1COc2ccc(C3(O)c4ccccc4C(=O)N3c3cccc([N+](=O)[O-])c3)cc2N1,1,IC50,6.0,1,CHEMBL3910964
O=C1CNc2ccc(C3(O)c4ccccc4C(=O)N3Cc3ccccc3)cc2N1,1,IC50,6.0,1,CHEMBL3940480
COC(=O)Nc1nc2cc(C3(O)c4ccccc4C(=O)N3CC3CCCN3)ccc2[nH]1,1,IC50,6.0,1,CHEMBL3981965
COC(=O)Nc1nc2cc(C3(O)c4ccccc4C(=O)N3c3cccc(C#N)c3)ccc2[nH]1,1,IC50,7.0,1,CHEMBL3904984
O=C(Nc1nc2cc(C3(O)c4ccccc4C(=O)N3Cc3ccccc3)ccc2[nH]1)N1CCCCC1,1,IC50,6.0,1,CHEMBL3977694
Nc1nc2cc(C3(O)c4ccccc4C(=O)N3Cc3ccccc3)ccc2[nH]1,1,IC50,6.0,1,CHEMBL3906156
C#Cc1cccc(N2C(=O)c3ccccc3C2(O)c2ccc3c(c2)NC(=O)CO3)c1,1,IC50,7.0,1,CHEMBL3983221
O=C1COc2ccc(C3(O)c4ccccc4C(=O)N3Cc3cccc([N+](=O)[O-])c3)cc2N1,1,IC50,6.0,1,CHEMBL3946558
O=C1COc2ccc(C3(O)c4ccccc4C(=O)N3c3cccc(I)c3)cc2N1,1,IC50,7.0,1,CHEMBL3948783
CNC(=O)c1nc2cc(C3(O)c4ccccc4C(=O)N3Cc3ccccc3)ccc2[nH]1,1,IC50,6.0,1,CHEMBL3945115
CC#Cc1cccc(N2C(=O)c3ccccc3C2(O)c2ccc3[nH]c(NC(=O)OC)nc3c2)c1F,1,IC50,7.0,1,CHEMBL3892934
CC(C)(CN1CCCCC1)C(=O)Nc1nc2ccc(C3(O)c4ccccc4C(=O)N3Cc3ccccc3)cc2[nH]1,1,IC50,6.0,1,CHEMBL3976013
COC(=O)Nc1nc2cc(C3(O)c4ccccc4C(=O)N3C(C)c3cccc(Cl)c3C)ccc2[nH]1,1,IC50,6.0,1,CHEMBL3926152
COC(=O)Nc1nc2cc(C3(O)c4ccccc4C(=O)N3Cc3nccs3)ccc2[nH]1,1,IC50,7.0,1,CHEMBL3946440
COC(=O)Nc1nc2cc(C3(O)c4ccccc4C(=O)N3Cc3ccccn3)ccc2[nH]1,1,IC50,7.0,1,CHEMBL3984011
O=C1COc2ccc(C3(O)c4ccccc4C(=O)N3c3cc(Cl)ccc3Cl)cc2N1,1,IC50,6.0,1,CHEMBL3927893
Cc1c(Cl)cccc1N1C(=O)c2ccccc2C1(O)c1ccc2c(c1)NC(=O)CO2,1,IC50,7.0,1,CHEMBL3944834
COc1ccc(Cl)cc1N1C(=O)c2ccccc2C1(O)c1ccc2c(c1)NC(=O)CO2,1,IC50,6.0,1,CHEMBL3916543
O=C1COc2ccc(C3(O)c4ccccc4C(=O)N3Cc3cc(Br)ccc3F)cc2N1,1,IC50,6.0,1,CHEMBL3938119
O=C1COc2ccc(C3(O)c4ccccc4C(=O)N3c3cccc(F)c3)cc2N1,1,IC50,6.0,1,CHEMBL3928812
O=C1c2ccccc2C(O)(c2ccc3[nH]cnc3c2)N1Cc1ccccc1,1,IC50,6.0,1,CHEMBL3928712
COCC(C)(C)COC(=O)Nc1nc2cc(C3(O)c4ccccc4C(=O)N3Cc3ccccc3)ccc2[nH]1,1,IC50,7.0,1,CHEMBL3932622
COC(=O)Nc1nc2cc(C3(O)c4ccccc4C(=O)N3c3cccc(CN(C)C)c3)ccc2[nH]1,1,IC50,7.0,1,CHEMBL3960844
COC(=O)Nc1nc2cc(C3(O)c4ccccc4C(=O)N3c3cccc(-c4ccccc4)c3)ccc2[nH]1,1,IC50,6.0,1,CHEMBL3893926
COC(=O)Nc1nc2cc(C3(O)c4ccccc4C(=O)N3C(C)c3cc(Cl)ccc3C)ccc2[nH]1,1,IC50,6.0,1,CHEMBL3922597
CN(C)Cc1cccc(N2C(=O)c3ccccc3C2(O)c2ccc3c(c2)NC(=O)CO3)c1,1,IC50,6.0,1,CHEMBL3930663
O=C(Nc1nc2cc(C3(O)c4ccccc4C(=O)N3c3ccc(F)cc3)ccc2[nH]1)OCCN1CCCCC1,1,IC50,7.0,1,CHEMBL3950051
COC(=O)Nc1nc2cc(C(=O)c3ccccc3C(=O)NNc3ccccc3)ccc2[nH]1,1,IC50,7.0,1,CHEMBL3921291
COC(=O)Nc1nc2cc(C3(O)c4ccccc4C(=O)N3c3cc(Cl)c(F)c(Cl)c3)ccc2[nH]1,1,IC50,6.0,1,CHEMBL3950764
COC(=O)Nc1nc2cc(C3(O)c4ccccc4C(=O)N3c3cccc(C(=O)c4ccccc4)c3)ccc2[nH]1,1,IC50,6.0,1,CHEMBL3965978
COC(=O)Nc1nc2cc(C3(O)c4ccccc4C(=O)N3c3cccc(OCc4ccccc4)c3)ccc2[nH]1,1,IC50,7.0,1,CHEMBL3893012
COC(=O)Nc1nc2cc(C3(O)c4ccccc4C(=O)N3C(C)c3ccccc3F)ccc2[nH]1,1,IC50,6.0,1,CHEMBL3901021
COC(=O)Nc1nc2cc(C3(O)c4ccccc4C(=O)N3Cc3cccc(I)c3)ccc2[nH]1,1,IC50,7.0,1,CHEMBL3947973
CC(C)COC(=O)Nc1nc2cc(C3(O)c4ccccc4C(=O)N3Cc3ccccc3)ccc2[nH]1,1,IC50,7.0,1,CHEMBL3891743
CNc1nc2cc(C3(O)c4ccccc4C(=O)N3Cc3ccccc3)ccc2[nH]1,1,IC50,6.0,1,CHEMBL3892620
O=C1COc2ccc(C3(O)c4ccccc4C(=O)N3c3ccccc3Cl)cc2N1,1,IC50,6.0,1,CHEMBL3903968
O=C1COc2ccc(C3(O)c4ccccc4C(=O)N3Cc3cccc(F)c3)cc2N1,1,IC50,6.0,1,CHEMBL3962115
O=C1c2ccccc2C(O)(c2ccc3[nH]c(Nc4ccccc4)nc3c2)N1c1cccc(Cl)c1F,1,IC50,6.0,1,CHEMBL3958711
COC(=O)Nc1nc2ccc(C3(O)c4c(Cl)ccc(Cl)c4C(=O)N3c3cccc(Cl)c3F)cc2[nH]1,1,IC50,6.0,1,CHEMBL3970569
COC(=O)Nc1nc2cc(C3(O)c4ccccc4C(=O)N3c3cccc(C4CCNCC4)c3)ccc2[nH]1,1,IC50,7.0,1,CHEMBL3954219
CC[C@H](c1ccccc1)N1C(=O)c2ccccc2C1(O)c1ccc2[nH]c(NC(=O)OC)nc2c1,1,IC50,7.0,1,CHEMBL3962318
COC(=O)Nc1nc2ccc(C3(O)c4ccccc4C(=O)N3Cc3ccc(F)cc3)cc2[nH]1,1,IC50,7.0,1,CHEMBL3910201
O=C1COc2ccc(C3(O)c4ccccc4C(=O)N3c3cccc(CO)c3)cc2N1,1,IC50,6.0,1,CHEMBL3975651
O=C1COc2ccc(C3(O)c4ccccc4C(=O)N3c3ccc(F)c(F)c3)cc2N1,1,IC50,6.0,1,CHEMBL3932888
CCN(c1ccccc1)c1cccc(N2C(=O)c3ccccc3C2(O)c2ccc3[nH]c(NC(=O)OC)nc3c2)c1,1,IC50,7.0,1,CHEMBL3905653
O=C(Nc1nc2ccc(C3(O)c4ccccc4C(=O)N3c3ccc(F)cc3)cc2[nH]1)OCCCN1CCCCC1,1,IC50,7.0,1,CHEMBL3902344
COC(=O)Nc1nc2cc(C3(O)c4ccccc4C(=O)N3c3cccnc3)ccc2[nH]1,1,IC50,7.0,1,CHEMBL3900110
COC(=O)Nc1nc2cc(C3(O)c4ccccc4C(=O)N3Cc3ccccc3Br)ccc2[nH]1,1,IC50,7.0,1,CHEMBL3938682
COC(=O)Nc1nc2cc(C3(O)c4ccccc4C(=O)N3[C@@H](C)c3ccccc3)ccc2[nH]1,1,IC50,6.0,1,CHEMBL3909936
COC(=O)Nc1nc2cc(C(=O)c3ccccc3C(=O)OCc3ccccc3)ccc2[nH]1,1,IC50,7.0,1,CHEMBL3906103
Cc1cccc(N2C(=O)c3ccccc3C2(O)c2ccc3c(c2)NC(=O)CO3)c1,1,IC50,7.0,1,CHEMBL3980780
O=C1COc2ccc(C3(O)c4ccccc4C(=O)N3Cc3cccc(Br)c3)cc2N1,1,IC50,6.0,1,CHEMBL3895242
COC(=O)Nc1nc2cc(C3(O)c4ccccc4C(=O)N3c3cccc(N4CCOCC4)c3)ccc2[nH]1,1,IC50,6.0,1,CHEMBL3959882
COC(=O)Nc1nc2cc(C3(O)c4ccccc4C(=O)N3CC(C)(C)C)ccc2[nH]1,1,IC50,6.0,1,CHEMBL3909114
COC(=O)Nc1nc2cc(C3(O)c4ccccc4C(=O)N3Cc3ccccc3OC)ccc2[nH]1,1,IC50,6.0,1,CHEMBL3959318
O=C1COc2ccc(C3(O)c4ccccc4C(=O)N3c3cccc(Oc4ccccc4)c3)cc2N1,1,IC50,6.0,1,CHEMBL3958798
Nc1cccc(N2C(=O)c3ccccc3C2(O)c2ccc3c(c2)NC(=O)CO3)c1,1,IC50,7.0,1,CHEMBL3920214
O=C1c2ccccc2C(O)(c2ccc3[nH]c(Nc4ccc(Cl)nn4)nc3c2)N1c1cccc(Cl)c1F,1,IC50,7.0,1,CHEMBL3966934
COC(=O)Nc1nc2ccc(C3CCC(=O)N3c3cccc(Br)c3)cc2[nH]1,1,IC50,6.0,1,CHEMBL3891219
COC(=O)Nc1nc2cc(C3(O)c4ccccc4C(=O)N3CC3CCNC3)ccc2[nH]1,1,IC50,6.0,1,CHEMBL3909916
COC(=O)Nc1nc2cc(C3(O)c4ccccc4C(=O)N3C(C)c3cc(F)cc(F)c3)ccc2[nH]1,1,IC50,6.0,1,CHEMBL3968487
Cc1ccccc1N1C(=O)c2ccccc2C1(O)c1ccc2c(c1)NC(=O)CO2,1,IC50,6.0,1,CHEMBL3916234
O=C1COc2ccc(C3(O)c4ccccc4C(=O)N3c3cccc(Br)c3)cc2N1,1,IC50,7.0,1,CHEMBL3946129
O=C(Nc1nc2cc(C3(O)c4ccccc4C(=O)N3Cc3ccccc3)ccc2[nH]1)N1CCOCC1,1,IC50,6.0,1,CHEMBL3933953
COC(=O)Nc1nc2cc(C3(O)c4ccccc4C(=O)N3c3ccc(Br)cc3)ccc2[nH]1,1,IC50,7.0,1,CHEMBL3966378
COC(=O)Nc1nc2cc(C3(O)c4ccccc4C(=O)N3Cc3cccnc3)ccc2[nH]1,1,IC50,7.0,1,CHEMBL3917641
CCc1cccc(N2C(=O)c3ccccc3C2(O)c2ccc3c(c2)NC(=O)CO3)c1,1,IC50,7.0,1,CHEMBL3980773
COC(=O)Nc1nc2cc(C3(O)c4ccccc4C(=O)N3c3cccc(N4CCCC4)c3)ccc2[nH]1,1,IC50,6.0,1,CHEMBL3978077
CC(C)(CO)COC(=O)Nc1nc2cc(C3(O)c4ccccc4C(=O)N3Cc3ccccc3)ccc2[nH]1,1,IC50,7.0,1,CHEMBL3905869
COC(=O)Nc1nc2cc(C3(O)c4ccccc4C(=O)N3c3cccc(S(N)(=O)=O)c3)ccc2[nH]1,1,IC50,7.0,1,CHEMBL3904626
CC(C)(COCc1ccccc1)COC(=O)Nc1nc2cc(C3(O)c4ccccc4C(=O)N3Cc3ccccc3)ccc2[nH]1,1,IC50,7.0,1,CHEMBL3952219
COCCOc1cccc(N2C(=O)c3ccccc3C2(O)c2ccc3[nH]c(NC(=O)OC)nc3c2)c1,1,IC50,6.0,1,CHEMBL3924322
CC[C@@H](c1ccccc1)N1C(=O)c2ccccc2C1(O)c1ccc2[nH]c(NC(=O)OC)nc2c1,1,IC50,6.0,1,CHEMBL3919874
COC(=O)Nc1nc2cc(C3(O)c4ccccc4C(=O)N3CC(C)C)ccc2[nH]1,1,IC50,7.0,1,CHEMBL3955234
COC(=O)Nc1nc2cc(C3(O)c4ccccc4C(=O)N3CCc3ccccc3)ccc2[nH]1,1,IC50,6.0,1,CHEMBL3944184
CCCCN1C(=O)c2ccccc2C1(O)c1ccc2c(c1)NC(=O)CO2,1,IC50,6.0,1,CHEMBL3900407
COC(=O)Nc1nc2cc(C3(O)c4ccccc4C(=O)N3c3c(Cl)ccc(I)c3C)ccc2[nH]1,1,IC50,7.0,1,CHEMBL3904708
O=C(Nc1nc2cc(C3(O)c4ccccc4C(=O)N3Cc3ccccc3)ccc2[nH]1)OC1CCCCC1,1,IC50,7.0,1,CHEMBL3950894
O=C1COc2ccc(C3(O)c4ccccc4C(=O)N3c3cccc(C(F)(F)F)c3)cc2N1,1,IC50,6.0,1,CHEMBL3897556
O=C(Nc1nc2ccc(C3c4ccccc4C(=O)N3c3cccc(Br)c3)cc2[nH]1)OCCN1CCCCC1,1,IC50,7.0,1,CHEMBL3932484
COC(=O)Nc1nc2cc(C(=O)c3ccccc3NC(=O)OCc3ccccc3)ccc2[nH]1,1,IC50,6.0,1,CHEMBL3924015
O=C1c2ccccc2C(O)(c2ccc3[nH]c(NC(=O)C(O)(C(F)(F)F)C(F)(F)F)nc3c2)N1Cc1ccccc1,1,IC50,6.0,1,CHEMBL3951234
COC(=O)Nc1nc2cc(C3(O)c4ccccc4C(=O)N3c3cccc(OCCN(C)C)c3)ccc2[nH]1,1,IC50,6.0,1,CHEMBL3917344
COC(=O)Nc1nc2cc(C3(O)c4ccccc4C(=O)N3c3ccc(C)cc3)ccc2[nH]1,1,IC50,7.0,1,CHEMBL3943723
Nc1ccccc1N1C(=O)c2ccccc2C1(O)c1ccc2c(c1)NC(=O)CO2,1,IC50,7.0,1,CHEMBL3918000
CCCS(=O)(=O)Nc1cc(F)cc(-c2[nH]c(C3CC3)nc2-c2ccnc(NCC)n2)c1Cl,1,IC50,9.0,1,CHEMBL3651649
CC(C)Nc1nccc(-c2nc(C3CC3)[nH]c2-c2cc(F)cc(NS(C)(=O)=O)c2Cl)n1,1,IC50,7.6,1,CHEMBL3651650
CCCS(=O)(=O)Nc1cc(F)cc(-c2[nH]c(C3CC3)nc2-c2ccnc(NC(C)C)n2)c1Cl,1,IC50,8.3,1,CHEMBL3651651
COC(=O)N[C@H](C)CNc1nccc(-c2nc(C3CC3)[nH]c2-c2cc(F)cc(NS(C)(=O)=O)c2Cl)n1,1,IC50,7.96,1,CHEMBL3651652
COC(=O)N[C@@H](C)CNc1nccc(-c2nc(C3CC3)[nH]c2-c2cc(Cl)cc(NS(=O)(=O)c3ccc(F)cc3)c2F)n1,1,IC50,9.0,1,CHEMBL3651653
COC(=O)N[C@@H](C)CNc1nccc(-c2nc(C3CC3)[nH]c2-c2cc(Cl)cc(NS(=O)(=O)c3cccc(F)c3)c2F)n1,1,IC50,9.48,1,CHEMBL3651654
CC1(c2nc(-c3ccnc(NCCC#N)n3)c(-c3cc(F)cc(NS(C)(=O)=O)c3Cl)[nH]2)CC1,1,IC50,9.64,1,CHEMBL3651655
Cc1cc(NS(C)(=O)=O)c(Cl)c(-c2[nH]c(C3(C)CC3)nc2-c2ccnc(NCCC#N)n2)c1,1,IC50,9.54,1,CHEMBL3651656
Cc1cc(NS(C)(=O)=O)c(F)c(-c2[nH]c(C3(C)CC3)nc2-c2ccnc(NCCC#N)n2)c1,1,IC50,9.43,1,CHEMBL3651657
CC1(c2nc(-c3ccnc(NCCC#N)n3)c(-c3cc(Cl)cc(NS(C)(=O)=O)c3F)[nH]2)CC1,1,IC50,9.96,1,CHEMBL3651658
CC1(c2nc(-c3ccnc(NCCC#N)n3)c(-c3cccc(NS(C)(=O)=O)c3Cl)[nH]2)CC1,1,IC50,9.0,1,CHEMBL3651659
CC(C)(C)c1nc(-c2ccnc(N)n2)c(-c2cc(Cl)cc(NS(C)(=O)=O)c2F)[nH]1,1,IC50,8.52,1,CHEMBL3651660
CC(C)(C)c1nc(-c2ccnc(N)n2)c(-c2cc(Cl)cc(NS(=O)(=O)c3c(F)cccc3F)c2F)[nH]1,1,IC50,9.89,1,CHEMBL3651661
Nc1nccc(-c2nc(C3CC3)[nH]c2-c2cc(Cl)cc(NS(=O)(=O)c3c(F)cccc3F)c2F)n1,1,IC50,10.0,1,CHEMBL3651662
CS(=O)(=O)Nc1cc(Cl)cc(-c2[nH]c(C3CC3)nc2-c2ccnc(N)n2)c1F,1,IC50,8.4,1,CHEMBL3651663
CCCS(=O)(=O)Nc1cc(Cl)cc(-c2[nH]c(C(C)(C)C)nc2-c2ccnc(N)n2)c1F,1,IC50,10.1,1,CHEMBL3651664
COC(=O)N[C@@H](C)CNc1nccc(-c2nc(C3CC3)[nH]c2-c2cc(F)cc(NS(=O)(=O)c3c(F)cccc3F)c2Cl)n1,1,IC50,10.0,1,CHEMBL3651665
CC(C)(C)c1nc(-c2ccnc(N)n2)c(-c2cc(F)cc(NS(C)(=O)=O)c2Cl)[nH]1,1,IC50,8.3,1,CHEMBL3651666
CC(C)(C)c1nc(-c2ccnc(N)n2)c(-c2cccc(NS(=O)(=O)c3c(F)cccc3F)c2Cl)[nH]1,1,IC50,9.66,1,CHEMBL3651667
CC(C)(C)c1nc(-c2ccnc(N)n2)c(-c2cccc(NS(C)(=O)=O)c2Cl)[nH]1,1,IC50,7.26,1,CHEMBL3651668
COC(=O)N[C@@H](C)CNc1nccc(-c2nc(C3CC3)[nH]c2-c2cc(Cl)cc(NS(=O)(=O)c3cc(F)cc(F)c3)c2F)n1,1,IC50,9.43,1,CHEMBL3651669
COC(=O)N[C@@H](C)CNc1nccc(-c2nc(C3CC3)[nH]c2-c2cc(Cl)cc(NS(=O)(=O)c3ccc(C(F)(F)F)cc3)c2F)n1,1,IC50,8.15,1,CHEMBL3651670
COC(=O)N[C@@H](C)CNc1nccc(-c2nc(C3CC3)[nH]c2-c2cc(C)cc(NS(=O)(=O)CC(F)(F)F)c2F)n1,1,IC50,9.6,1,CHEMBL3651671
CC(C)(C)c1nc(-c2ccnc(N)n2)c(-c2cc(F)cc(NS(=O)(=O)c3c(F)cccc3F)c2Cl)[nH]1,1,IC50,9.59,1,CHEMBL3651672
CS(=O)(=O)Nc1cc(F)cc(-c2[nH]c(C3CC3)nc2-c2ccnc(N)n2)c1Cl,1,IC50,7.92,1,CHEMBL3651673
Nc1nccc(-c2nc(C3CC3)[nH]c2-c2cc(F)cc(NS(=O)(=O)c3c(F)cccc3F)c2Cl)n1,1,IC50,9.72,1,CHEMBL3651674
CCCS(=O)(=O)Nc1cc(F)cc(-c2[nH]c(C3CC3)nc2-c2ccnc(N)n2)c1Cl,1,IC50,9.7,1,CHEMBL3651675
COC(=O)N[C@@H](C)CNc1nccc(-c2nc(C3CCC3)[nH]c2-c2cc(Cl)cc(NS(C)(=O)=O)c2F)n1,1,IC50,9.64,1,CHEMBL3651676
COC(=O)N[C@@H](C)CNc1nccc(-c2nc(C3CCC3)[nH]c2-c2cc(F)cc(NS(C)(=O)=O)c2Cl)n1,1,IC50,9.0,1,CHEMBL3651677
CNc1nccc(-c2nc(C3CC3)[nH]c2-c2cc(F)cc(NS(=O)(=O)c3c(F)cccc3F)c2Cl)n1,1,IC50,9.0,1,CHEMBL3651678
CNc1nccc(-c2nc(C3CC3)[nH]c2-c2cc(F)cc(NS(C)(=O)=O)c2Cl)n1,1,IC50,7.51,1,CHEMBL3651679
CCCS(=O)(=O)Nc1cc(F)cc(-c2[nH]c(C3CC3)nc2-c2ccnc(NC)n2)c1Cl,1,IC50,9.96,1,CHEMBL3651680
COC(=O)N[C@@H](C)CNc1nccc(-c2nc(-c3ccc(C(F)(F)F)cc3)[nH]c2-c2cc(F)cc(NS(C)(=O)=O)c2Cl)n1,1,IC50,8.7,1,CHEMBL3651682
CS(=O)(=O)Nc1cc(Cl)cc(-c2[nH]c(C3CC3)nc2-c2ccnc(NCCC#N)n2)c1F,1,IC50,10.1,1,CHEMBL3651683
COC(=O)N[C@@H](C)CNc1nccc(-c2nc(C(C)(C)C)[nH]c2-c2cccc(NS(=O)(=O)C3CC3)c2F)n1,1,IC50,9.57,1,CHEMBL3651684
COC(=O)N[C@@H](C)CNc1nccc(-c2nc(C(C)(C)C)[nH]c2-c2cccc(NS(C)(=O)=O)c2F)n1,1,IC50,9.21,1,CHEMBL3651685
COC(=O)N[C@@H](C)CNc1nccc(-c2nc(C(C)(C)C)[nH]c2-c2cccc(NS(=O)(=O)C(C)C)c2F)n1,1,IC50,9.11,1,CHEMBL3651686
CS(=O)(=O)Nc1cccc(-c2[nH]c(C3CC3)nc2-c2ccnc(NCCC#N)n2)c1F,1,IC50,8.4,1,CHEMBL3651687
COC(=O)N[C@@H](C)CNc1nccc(-c2nc(C3CC3)[nH]c2-c2c(F)ccc(NS(C)(=O)=O)c2Cl)n1,1,IC50,8.3,1,CHEMBL3651688
CS(=O)(=O)Nc1cccc(-c2[nH]c(C3CC3)nc2-c2ccnc(NCC3(C#N)CC3)n2)c1Cl,1,IC50,7.46,1,CHEMBL3639505
Nc1nccc(-c2nc(C3CC3)[nH]c2-c2cccc(NS(=O)(=O)c3c(F)cccc3F)c2Cl)n1,1,IC50,9.0,1,CHEMBL3651689
O=S(=O)(Nc1cc(F)cc(-c2[nH]c(C3CC3)nc2-c2ccncn2)c1Cl)c1c(F)cccc1F,1,IC50,9.0,1,CHEMBL3651690
CS(=O)(=O)Nc1cc(F)cc(-c2[nH]c(C3CC3)nc2-c2ccncn2)c1Cl,1,IC50,7.06,1,CHEMBL3651691
CCCS(=O)(=O)Nc1cc(F)cc(-c2[nH]c(C3CC3)nc2-c2ccncn2)c1Cl,1,IC50,8.4,1,CHEMBL3651692
CNc1nccc(-c2nc(C3CC3)[nH]c2-c2cccc(NS(C)(=O)=O)c2F)n1,1,IC50,6.24,1,CHEMBL3651693
C[C@H](O)CNc1nccc(-c2nc(C3CC3)[nH]c2-c2cccc(NS(C)(=O)=O)c2F)n1,1,IC50,7.55,1,CHEMBL3651694
CCCS(=O)(=O)Nc1cccc(-c2[nH]c(C3CC3)nc2-c2ccnc(NC[C@H](C)NC(=O)OC)n2)c1Cl,1,IC50,9.89,1,CHEMBL3651695
CCCS(=O)(=O)Nc1cccc(-c2[nH]c(C(C)(C)C)nc2-c2ccnc(NC[C@H](C)NC(=O)OC)n2)c1F,1,IC50,9.42,1,CHEMBL3651696
CCCS(=O)(=O)Nc1cccc(-c2[nH]c(C3CC3)nc2-c2ccnc(NC[C@H](C)NC(=O)OC)n2)c1F,1,IC50,9.8,1,CHEMBL3651697
COC(=O)N[C@@H](C)CNc1nccc(-c2nc(C3CC3)[nH]c2-c2cc(C)cc(NS(=O)(=O)C(C)C)c2)n1,1,IC50,9.02,1,CHEMBL3651698
COC(=O)N[C@@H](C)CNc1nccc(-c2nc(C(C)(C)C)[nH]c2-c2cccc(NS(=O)(=O)CCC(F)(F)F)c2F)n1,1,IC50,8.97,1,CHEMBL3651699
CCCS(=O)(=O)Nc1cc(Cl)cc(-c2[nH]c(C(C)(C)C)nc2-c2ccnc(NC[C@H](C)NC(=O)OC)n2)c1F,1,IC50,9.28,1,CHEMBL3651700
CCCS(=O)(=O)Nc1cccc(-c2[nH]c(C3CC3)nc2-c2ccnc(NCCC#N)n2)c1F,1,IC50,9.89,1,CHEMBL3651701
CCCS(=O)(=O)Nc1cccc(-c2[nH]c(C3CC3)nc2-c2ccnc(NCCC(N)=O)n2)c1F,1,IC50,8.7,1,CHEMBL3651702
CCCS(=O)(=O)Nc1c(F)ccc(-c2[nH]c(C(C)(C)C)nc2-c2ccnc(NC[C@H](C)NC(=O)OC)n2)c1F,1,IC50,9.92,1,CHEMBL3651703
CCCS(=O)(=O)Nc1cccc(-c2[nH]c(C3CC3)nc2-c2ccnc(NC[C@H](C)NC(=O)OC)n2)c1,1,IC50,9.0,1,CHEMBL3651704
COC(=O)N[C@@H](C)CNc1nccc(-c2nc(C3CC3)[nH]c2-c2cccc(NS(C)(=O)=O)c2)n1,1,IC50,8.1,1,CHEMBL3651705
COC(=O)N[C@@H](C)CNc1nccc(-c2nc(C3CC3)[nH]c2-c2cc(F)cc(NS(C)(=O)=O)c2Cl)n1,1,IC50,9.4,1,CHEMBL3651706
COC(=O)N[C@@H](C)CNc1nccc(-c2[nH]c(C3CC3)nc2-c2cc(Cl)cc(NS(C)(=O)=O)c2F)n1,1,IC50,9.7,1,CHEMBL3705042
COC(=O)N[C@@H](C)CNc1nccc(-c2nc(C3CC3)[nH]c2-c2cc(C)cc(NS(C)(=O)=O)c2F)n1,1,IC50,9.7,1,CHEMBL3651606
COC(=O)N[C@@H](C)CNc1nccc(-c2nc(C(C)(C)C)[nH]c2-c2cc(Cl)cc(NS(C)(=O)=O)c2)n1,1,IC50,9.49,1,CHEMBL3651607
COC(=O)N[C@@H](C)CNc1nccc(-c2nc(C(C)(C)C)[nH]c2-c2cc(Cl)cc(NS(=O)(=O)C(F)(F)F)c2)n1,1,IC50,6.63,1,CHEMBL3651608
CCCS(=O)(=O)Nc1cc(Cl)cc(-c2[nH]c(C(C)(C)C)nc2-c2ccnc(NC[C@H](C)NC(=O)OC)n2)c1,1,IC50,10.0,1,CHEMBL3651609
COC(=O)N[C@@H](C)CNc1nccc(-c2nc(C(C)(C)C)[nH]c2-c2cc(Cl)cc(NS(=O)(=O)C3CC3)c2)n1,1,IC50,10.0,1,CHEMBL3651610
COC(=O)N[C@@H](C)CNc1nccc(-c2nc(C(C)(C)C)[nH]c2-c2cc(Cl)cc(NS(=O)(=O)CC(C)C)c2)n1,1,IC50,9.52,1,CHEMBL3651611
CCC(C)S(=O)(=O)Nc1cc(Cl)cc(-c2[nH]c(C(C)(C)C)nc2-c2ccnc(NC[C@H](C)NC(=O)OC)n2)c1,1,IC50,9.3,1,CHEMBL3651612
CCS(=O)(=O)Nc1cc(Cl)cc(-c2[nH]c(C(C)(C)C)nc2-c2ccnc(NC[C@H](C)NC(=O)OC)n2)c1,1,IC50,10.0,1,CHEMBL3651613
COC(=O)N[C@@H](C)CNc1nccc(-c2nc(C(C)(C)C)[nH]c2-c2cc(Cl)cc(NS(=O)(=O)C(C)C)c2)n1,1,IC50,8.87,1,CHEMBL3651614
COC(=O)N[C@@H](C)CNc1nccc(-c2nc(C(C)(C)C)[nH]c2-c2cc(NS(=O)(=O)C(C)C)c(C)c(OC)c2)n1,1,IC50,6.72,1,CHEMBL3651615
COC(=O)N[C@@H](C)CNc1nccc(-c2nc(C(C)(C)C)[nH]c2-c2cc(NS(=O)(=O)C3CC3)c(C)c(OC)c2)n1,1,IC50,6.8,1,CHEMBL3651616
COC(=O)N[C@@H](C)CNc1nccc(-c2nc(C3CC3)[nH]c2-c2cc(Cl)cc(NS(=O)(=O)C(C)C)c2)n1,1,IC50,9.2,1,CHEMBL3651617
COC(=O)N[C@@H](C)CNc1nccc(-c2nc(C(C)(C)C)[nH]c2-c2cc(Cl)cc(NS(=O)(=O)C3CC3)c2C)n1,1,IC50,6.69,1,CHEMBL3651618
COC(=O)N[C@@H](C)CNc1nccc(-c2nc(C(C)(C)C)[nH]c2-c2cc(Cl)cc(NS(=O)(=O)C(C)C)c2C)n1,1,IC50,7.17,1,CHEMBL3651619
COC(=O)N[C@@H](C)CNc1nccc(-c2nc(C(C)(C)C)[nH]c2-c2cc(NS(=O)(=O)C(C)C)cc(OC(F)F)c2)n1,1,IC50,7.95,1,CHEMBL3651620
COC(=O)N[C@@H](C)CNc1nccc(-c2nc(C(C)(C)C)[nH]c2-c2cc(C)cc(NS(=O)(=O)C(C)C)c2)n1,1,IC50,8.51,1,CHEMBL3651621
COC(=O)N[C@@H](C)CNc1nccc(-c2nc(C(C)(C)C)[nH]c2-c2cccc(NS(C)(=O)=O)c2)n1,1,IC50,7.46,1,CHEMBL3651622
COC(=O)N[C@@H](C)CNc1nccc(-c2nc(C3CC3)[nH]c2-c2cc(Cl)cc(NS(C)(=O)=O)c2)n1,1,IC50,9.32,1,CHEMBL3651623
COC(=O)N[C@@H](C)CNc1nccc(-c2nc(C3CC3)[nH]c2-c2cccc(NS(C)(=O)=O)c2Cl)n1,1,IC50,9.33,1,CHEMBL3651624
COC(=O)N[C@@H](C)CNc1nccc(-c2nc(C3CC3)[nH]c2-c2cccc(NS(C)(=O)=O)c2F)n1,1,IC50,9.26,1,CHEMBL3651625
COC(=O)N[C@@H](C)CNc1nccc(-c2nc(C3CC3)[nH]c2-c2cc(F)cc(NS(C)(=O)=O)c2F)n1,1,IC50,9.7,1,CHEMBL3651626
CCCS(=O)(=O)Nc1cc(Cl)cc(-c2[nH]c(C3CC3)nc2-c2ccnc(NC[C@H](C)NC(=O)OC)n2)c1F,1,IC50,9.05,1,CHEMBL3651627
COC(=O)N[C@@H](C)CNc1nccc(-c2nc(C3CC3)[nH]c2-c2cc(Cl)cc(NS(C)(=O)=O)c2Cl)n1,1,IC50,9.74,1,CHEMBL3651628
COC(=O)N[C@@H](C)CNc1nccc(-c2nc(C3CC3)[nH]c2-c2cc(Cl)cc(NS(=O)(=O)C3CC3)c2F)n1,1,IC50,9.74,1,CHEMBL3651629
CCS(=O)(=O)Nc1cc(Cl)cc(-c2[nH]c(C3CC3)nc2-c2ccnc(NC[C@H](C)NC(=O)OC)n2)c1F,1,IC50,9.62,1,CHEMBL3651630
COC(=O)N[C@@H](C)CNc1nccc(-c2nc(C3CC3)[nH]c2-c2cc(Cl)cc(NS(=O)(=O)CCC(F)(F)F)c2F)n1,1,IC50,9.22,1,CHEMBL3651631
COC(=O)N[C@@H](C)CNc1nccc(-c2nc(C3CC3)[nH]c2-c2cc(C)cc(NS(C)(=O)=O)c2Cl)n1,1,IC50,8.96,1,CHEMBL3651632
COC(=O)N[C@@H](C)CNc1nccc(-c2nc(C3CC3)[nH]c2-c2cc(Cl)cc(NS(=O)(=O)CC3CC3)c2F)n1,1,IC50,9.59,1,CHEMBL3651633
CCS(=O)(=O)Nc1cc(F)cc(-c2[nH]c(C3CC3)nc2-c2ccnc(NC[C@H](C)NC(=O)OC)n2)c1Cl,1,IC50,9.37,1,CHEMBL3651634
COC(=O)N[C@@H](C)CNc1nccc(-c2nc(C3CC3)[nH]c2-c2cc(F)cc(NS(=O)(=O)C3CC3)c2Cl)n1,1,IC50,9.52,1,CHEMBL3651635
CCCS(=O)(=O)Nc1ccc(F)c(-c2[nH]c(C3CC3)nc2-c2ccnc(NC[C@H](C)NC(=O)OC)n2)c1Cl,1,IC50,9.35,1,CHEMBL3651636
COC(=O)N[C@@H](C)CNc1nccc(-c2nc(C(C)(C)C)[nH]c2-c2cc(F)cc(NS(C)(=O)=O)c2Cl)n1,1,IC50,9.0,1,CHEMBL3651637
CCCS(=O)(=O)Nc1cc(F)cc(-c2[nH]c(C(C)(C)C)nc2-c2ccnc(NC[C@H](C)NC(=O)OC)n2)c1Cl,1,IC50,9.0,1,CHEMBL3651638
COC(=O)N[C@@H](C)CNc1nccc(-c2nc(C(C)(C)C)[nH]c2-c2cc(Cl)cc(NS(C)(=O)=O)c2F)n1,1,IC50,9.55,1,CHEMBL3651639
CCS(=O)(=O)Nc1cc(Cl)cc(-c2[nH]c(C(C)(C)C)nc2-c2ccnc(NC[C@H](C)NC(=O)OC)n2)c1F,1,IC50,9.34,1,CHEMBL3651640
CC(C#N)CNc1nccc(-c2nc(C3CC3)[nH]c2-c2cccc(NS(C)(=O)=O)c2Cl)n1,1,IC50,7.96,1,CHEMBL3651641
COC(=O)N[C@@H](C)CNc1nccc(-c2nc(C3(C)CC3)[nH]c2-c2cc(Cl)cc(NS(C)(=O)=O)c2F)n1,1,IC50,9.0,1,CHEMBL3651642
COC(=O)N[C@@H](C)CNc1nccc(-c2nc(C3(C)CC3)[nH]c2-c2cc(C)cc(NS(C)(=O)=O)c2F)n1,1,IC50,9.0,1,CHEMBL3651643
CCCNc1nccc(-c2nc(C3CC3)[nH]c2-c2cc(F)cc(NS(=O)(=O)CCC)c2Cl)n1,1,IC50,9.41,1,CHEMBL3651644
COC(=O)N[C@@H](C)CNc1nccc(-c2nc(C3(C)CC3)[nH]c2-c2cccc(NS(C)(=O)=O)c2Cl)n1,1,IC50,9.0,1,CHEMBL3651645
CCCNc1nccc(-c2nc(C3CC3)[nH]c2-c2cc(F)cc(NS(C)(=O)=O)c2Cl)n1,1,IC50,8.3,1,CHEMBL3651646
CCNc1nccc(-c2nc(C3CC3)[nH]c2-c2cc(F)cc(NS(C)(=O)=O)c2Cl)n1,1,IC50,7.96,1,CHEMBL3651647
CC(C)CNc1nccc(-c2nc(C3CC3)[nH]c2-c2cc(F)cc(NS(C)(=O)=O)c2Cl)n1,1,IC50,8.3,1,CHEMBL3651648
COc1ccc(NC(=O)c2ccc(C)c(Nc3ncnc4cnc(N5CCOCC5)cc34)c2)cc1C(F)(F)F,1,IC50,6.97,1,CHEMBL3659905
COc1ccc(NC(=O)c2ccc(C)c(Nc3ncnc4cnc(N5CCN(C)CC5)cc34)c2)cc1C(F)(F)F,1,IC50,6.65,1,CHEMBL3639587
COc1ccc(NC(=O)c2ccc(C)c(Nc3ncnc4cnc(N5CCCC5)cc34)c2)cc1C(F)(F)F,1,IC50,6.5,1,CHEMBL3659906
COc1ccc(NC(=O)c2ccc(C)c(Nc3ncnc4ccc(N5CCOCC5)nc34)c2)cc1C(F)(F)F,1,IC50,7.96,1,CHEMBL3659908
Cc1ccc(C(=O)Nc2cc(C(C)(C)C)on2)cc1Nc1ncnc2ccc(N3CCOCC3)nc12,1,IC50,7.5,1,CHEMBL3659909
[C-]#[N+]C(C)(C)c1cccc(NC(=O)c2ccc(C)c(Nc3ncnc4ccc(N5CCOCC5)nc34)c2)c1,1,IC50,8.15,1,CHEMBL3659910
Cc1ccc(C(=O)Nc2cc(C(C)(C)C)n[nH]2)cc1Nc1ncnc2ccc(N3CCOCC3)nc12,1,IC50,8.15,1,CHEMBL3659912
Cc1ccc(C(=O)Nc2cc(C(C)(C)C)nn2C)cc1Nc1ncnc2ccc(N3CCOCC3)nc12,1,IC50,7.82,1,CHEMBL3659913
Cc1ccc(C(=O)Nc2cc(N3CCN(C)CC3)cc(C(F)(F)F)c2)cc1Nc1ncnc2ccc(N3CCOCC3)nc12,1,IC50,8.4,1,CHEMBL3659914
Cc1ccc(C(=O)Nc2cc(N3CCCN(C)CC3)cc(C(F)(F)F)c2)cc1Nc1ncnc2ccc(N3CCOCC3)nc12,1,IC50,8.3,1,CHEMBL3659915
Cc1ccc(C(=O)Nc2cc(CN3CCCC3)cc(C(F)(F)F)c2)cc1Nc1ncnc2ccc(N3CCOCC3)nc12,1,IC50,8.4,1,CHEMBL3659916
Cc1ccc(C(=O)Nc2cc(C(C)(C)C)on2)cc1Nc1ncnc2ccc(N3CCN(C)CC3)nc12,1,IC50,7.92,1,CHEMBL3659917
COCCN1CCN(c2ccc3ncnc(Nc4cc(C(=O)Nc5cc(C(C)(C)C)on5)ccc4C)c3n2)CC1,1,IC50,7.46,1,CHEMBL3659918
Cc1ccc(C(=O)Nc2cc(C(C)(C)C)on2)cc1Nc1ncnc2ccc(N3CCN(CC4CCN(C)CC4)CC3)nc12,1,IC50,7.92,1,CHEMBL3659919
COc1ccc(NC(=O)c2ccc(C)c(Nc3ncnc4ccc(N5CCN(C)CC5)nc34)c2)cc1C(F)(F)F,1,IC50,7.24,1,CHEMBL3659920
COCCN1CCN(c2ccc3ncnc(Nc4cc(C(=O)Nc5ccc(OC)c(C(F)(F)F)c5)ccc4C)c3n2)CC1,1,IC50,6.85,1,CHEMBL3659921
COc1ccc(NC(=O)c2ccc(C)c(Nc3ncnc4ccc(N5CCN(CC6CCN(C)CC6)CC5)nc34)c2)cc1C(F)(F)F,1,IC50,7.58,1,CHEMBL3659922
COc1ccc(NC(=O)c2ccc(C)c(Nc3ncnc4ccc(N(C)C)nc34)c2)cc1C(F)(F)F,1,IC50,7.36,1,CHEMBL3659923
Cc1ccc(C(=O)Nc2cc(C(C)(C)C)on2)cc1Nc1ncnc2ccc(N(C)C)nc12,1,IC50,8.05,1,CHEMBL3659924
COc1c(NC(=O)c2ccc(C)c(Nc3ncnc4ccc(N5CCN(C)CC5)nc34)c2)cc(C(C)(C)C)cc1NS(C)(=O)=O,1,IC50,6.65,1,CHEMBL3659925
COCCN1CCN(c2ccc3ncnc(Nc4cc(C(=O)Nc5cc(C(C)(C)C)cc(NS(C)(=O)=O)c5OC)ccc4C)c3n2)CC1,1,IC50,6.32,1,CHEMBL3659926
COc1c(NC(=O)c2ccc(C)c(Nc3ncnc4ccc(N(C)C5CCOC5)nc34)c2)cc(C(C)(C)C)cc1NS(C)(=O)=O,1,IC50,7.62,1,CHEMBL3659927
COc1c(NC(=O)c2ccc(C)c(Nc3ncnc4ccc(NC5CCOC5)nc34)c2)cc(C(C)(C)C)cc1NS(C)(=O)=O,1,IC50,7.52,1,CHEMBL3659928
COc1c(NC(=O)c2ccc(C)c(Nc3ncnc4ccc(N5CC[C@@H](F)C5)nc34)c2)cc(C(C)(C)C)cc1NS(C)(=O)=O,1,IC50,7.6,1,CHEMBL3659929
CCN1CCN(c2ccc3ncnc(Nc4cc(C(=O)Nc5cc(C(C)(C)C)cc(NS(C)(=O)=O)c5OC)ccc4C)c3n2)CC1,1,IC50,6.29,1,CHEMBL3659930
COc1c(NC(=O)c2ccc(C)c(Nc3ncnc4ccc(N5CCOCC5)nc34)c2)cc(C(C)(C)C)cc1NS(C)(=O)=O,1,IC50,7.3,1,CHEMBL3659931
COc1c(NC(=O)c2ccc(C)c(Nc3ncnc4ccc(N5CCN(CCN6CCOCC6)CC5)nc34)c2)cc(C(C)(C)C)cc1NS(C)(=O)=O,1,IC50,6.2,1,CHEMBL3659932
COc1c(NC(=O)c2ccc(C)c(Nc3ncnc4ccc(C5=CCNCC5)nc34)c2)cc(C(C)(C)C)cc1NS(C)(=O)=O,1,IC50,7.0,1,CHEMBL3659934
COc1c(NC(=O)c2ccc(C)c(Nc3ncnc4ccc(C)nc34)c2)cc(C(C)(C)C)cc1NS(C)(=O)=O,1,IC50,6.37,1,CHEMBL3659935
COc1c(NC(=O)c2ccc(C)c(Nc3ncnc4ccc(C5=CCN(C(C)C)CC5)nc34)c2)cc(C(C)(C)C)cc1NS(C)(=O)=O,1,IC50,6.53,1,CHEMBL3659936
COc1c(NC(=O)c2ccc(C)c(Nc3ncnc4ccc(C5=CCN(C)CC5)nc34)c2)cc(C(C)(C)C)cc1NS(C)(=O)=O,1,IC50,6.46,1,CHEMBL3659937
COc1c(NC(=O)c2ccc(C)c(Nc3ncnc4ccc(C5CCNCC5)nc34)c2)cc(C(C)(C)C)cc1NS(C)(=O)=O,1,IC50,7.16,1,CHEMBL3659938
COc1c(NC(=O)c2ccc(C)c(Nc3ncnc4ccc(C5CCN(C)CC5)nc34)c2)cc(C(C)(C)C)cc1NS(C)(=O)=O,1,IC50,6.82,1,CHEMBL3659939
CCN1CCC(c2ccc3ncnc(Nc4cc(C(=O)Nc5cc(C(C)(C)C)cc(NS(C)(=O)=O)c5OC)ccc4C)c3n2)CC1,1,IC50,6.73,1,CHEMBL3659940
COc1c(NC(=O)c2ccc(C)c(Nc3ncnc4ccc(C5CCN(C(C)C)CC5)nc34)c2)cc(C(C)(C)C)cc1NS(C)(=O)=O,1,IC50,6.59,1,CHEMBL3659941
COc1c(NC(=O)c2ccc(C)c(Nc3ncnc4ccc(C5CCN(CC6CC6)CC5)nc34)c2)cc(C(C)(C)C)cc1NS(C)(=O)=O,1,IC50,6.54,1,CHEMBL3659942
COCCN1CCC(c2ccc3ncnc(Nc4cc(C(=O)Nc5cc(C(C)(C)C)cc(NS(C)(=O)=O)c5OC)ccc4C)c3n2)CC1,1,IC50,6.35,1,CHEMBL3659943
COc1c(NC(=O)c2ccc(C)c(Nc3ncnc4ccc(CC5CCNCC5)nc34)c2)cc(C(C)(C)C)cc1NS(C)(=O)=O,1,IC50,6.77,1,CHEMBL3659944
COc1c(NC(=O)c2ccc(C)c(Nc3ncnc4ccc(C5=CCNC5)nc34)c2)cc(C(C)(C)C)cc1NS(C)(=O)=O,1,IC50,6.55,1,CHEMBL3659945
COc1c(NC(=O)c2ccc(C)c(Nc3ncnc4ccc(C5CCNC5)nc34)c2)cc(C(C)(C)C)cc1NS(C)(=O)=O,1,IC50,6.82,1,CHEMBL3659946
COc1c(NC(=O)c2ccc(C)c(Nc3ncnc4ccc(C5CCN(C)C5)nc34)c2)cc(C(C)(C)C)cc1NS(C)(=O)=O,1,IC50,6.54,1,CHEMBL3659947
COCCN1CCC(c2ccc3ncnc(Nc4cc(C(=O)Nc5cc(C(C)(C)C)cc(NS(C)(=O)=O)c5OC)ccc4C)c3n2)C1,1,IC50,6.5,1,CHEMBL3659948
COc1c(NC(=O)c2ccc(C)c(Nc3ncnc4ccc(C5CCCNC5)nc34)c2)cc(C(C)(C)C)cc1NS(C)(=O)=O,1,IC50,6.64,1,CHEMBL3659949
COc1c(NC(=O)c2ccc(C)c(Nc3ncnc4ccc(CC5CNCCOC5)nc34)c2)cc(C(C)(C)C)cc1NS(C)(=O)=O,1,IC50,6.67,1,CHEMBL3659950
COc1c(NC(=O)c2ccc(C)c(Nc3ncnc4ccc(CC5CCN(C)CC5)nc34)c2)cc(C(C)(C)C)cc1NS(C)(=O)=O,1,IC50,6.44,1,CHEMBL3659951
CCN1CCC(Cc2ccc3ncnc(Nc4cc(C(=O)Nc5cc(C(C)(C)C)cc(NS(C)(=O)=O)c5OC)ccc4C)c3n2)CC1,1,IC50,6.28,1,CHEMBL3659952
COc1c(NC(=O)c2ccc(C)c(Nc3ncnc4ccc(CC5CCN(C(C)C)CC5)nc34)c2)cc(C(C)(C)C)cc1NS(C)(=O)=O,1,IC50,6.26,1,CHEMBL3659953
COc1c(NC(=O)c2ccc(C)c(Nc3ncnc4ccc(CC5CCN(CC6CC6)CC5)nc34)c2)cc(C(C)(C)C)cc1NS(C)(=O)=O,1,IC50,6.3,1,CHEMBL3659954
CCCN1CCC(Cc2ccc3ncnc(Nc4cc(C(=O)Nc5cc(C(C)(C)C)cc(NS(C)(=O)=O)c5OC)ccc4C)c3n2)CC1,1,IC50,6.23,1,CHEMBL3659955
COCCN1CCC(Cc2ccc3ncnc(Nc4cc(C(=O)Nc5cc(C(C)(C)C)cc(NS(C)(=O)=O)c5OC)ccc4C)c3n2)CC1,1,IC50,6.3,1,CHEMBL3659956
CCOCCN1CCC(Cc2ccc3ncnc(Nc4cc(C(=O)Nc5cc(C(C)(C)C)cc(NS(C)(=O)=O)c5OC)ccc4C)c3n2)CC1,1,IC50,6.32,1,CHEMBL3659957
Cc1ccc(C(=O)Nc2cc(C(C)(C)C)on2)cc1Nc1ncnc2ccc(C3=CCNCC3)nc12,1,IC50,7.64,1,CHEMBL3659958
COCCN1CCN(c2ccc3ncnc(Sc4cc(C(=O)Nc5cccc(C(C)(C)C#N)c5)ccc4C)c3n2)CC1,1,IC50,6.58,1,CHEMBL3659959
COCCN1CCN(c2ccc3ncnc(Sc4cc(C(=O)Nc5cc(N6CCN(C)CC6)cc(C(F)(F)F)c5)ccc4C)c3n2)CC1,1,IC50,6.72,1,CHEMBL3659960
COCCN1CCN(c2ccc3ncnc(Sc4cc(C(=O)Nc5cc(C(C)(C)C)on5)ccc4C)c3n2)CC1,1,IC50,6.57,1,CHEMBL3659961
Cc1ccc(NC(=O)c2cccc(C(C)(C)C#N)c2)cc1Nc1ncnc2ccc(N3CCOCC3)nc12,1,IC50,8.4,1,CHEMBL3659963
Cc1ccc(NC(=O)c2cccc(C(C)(C)C#N)c2)cc1Nc1ncnc2ccc(N3CCN(C)CC3)nc12,1,IC50,8.1,1,CHEMBL3659964
COCCN1CCN(c2ccc3ncnc(Nc4cc(NC(=O)c5cccc(C(C)(C)C#N)c5)ccc4C)c3n2)CC1,1,IC50,7.75,1,CHEMBL3659965
Cc1ccc(NC(=O)c2cccc(C(C)(C)C#N)c2)cc1Nc1ncnc2ccc(N3CC[C@H](F)C3)nc12,1,IC50,7.96,1,CHEMBL3659966
Cc1ccc(NC(=O)c2cccc(C(C)(C)C#N)c2)cc1Nc1ncnc2ccc(N[C@H]3CCOC3)nc12,1,IC50,8.3,1,CHEMBL3659967
COc1ccc(NC(=O)c2ccc(C)c(Nc3ncnc4c(N)nc(N5CCN(C)CC5)nc34)c2)cc1C(F)(F)F,1,IC50,7.58,1,CHEMBL3689901
Cc1ccc(C(=O)Nc2cc(Br)cc(C(F)(F)F)c2)cc1Nc1ncnc2c(N)nc(N3CCN(C)CC3)nc12,1,IC50,8.05,1,CHEMBL3689902
Cc1ccc(C(=O)Nc2ccc(C(F)(F)F)cc2)cc1Nc1ncnc2c(N)nc(N3CCCN(C)CC3)nc12,1,IC50,8.05,1,CHEMBL3639887
Cc1ccc(C(=O)Nc2ccc(C(F)(F)F)cc2)cc1Nc1ncnc2c(N)nc(N3CCNCC3)nc12,1,IC50,8.15,1,CHEMBL3689903
Cc1ccc(C(=O)Nc2ccc(C(F)(F)F)cc2)cc1Nc1ncnc2c(N)nc(N3CCN(C)CC3)nc12,1,IC50,8.3,1,CHEMBL3689904
Cc1ccc(C(=O)Nc2ccc(C(F)(F)F)cc2)cc1Nc1ncnc2c(N)nc(NCCN(C)C)nc12,1,IC50,7.17,1,CHEMBL3689905
Cc1ccc(C(=O)Nc2ccc(C(F)(F)F)cc2)cc1Nc1ncnc2c(N)nc(N3CCN(C4CCN(C)CC4)CC3)nc12,1,IC50,8.52,1,CHEMBL3689906
Cc1ccc(C(=O)Nc2ccc(C(F)(F)F)cc2)cc1Nc1ncnc2c(N)nc(N3CCN(CC4CCN(C)CC4)CC3)nc12,1,IC50,8.7,1,CHEMBL3689907
Cc1ccc(C(=O)Nc2cc(C(C)(C)C)on2)cc1Nc1ncnc2c(N)nc(N3CCN(C)CC3)nc12,1,IC50,8.52,1,CHEMBL3689908
Cc1ccc(C(=O)Nc2cc(C(C)(C)C)on2)cc1Nc1ncnc2c(N)nc(N3CCN(C4CCN(C)CC4)CC3)nc12,1,IC50,9.0,1,CHEMBL3689909
Cc1ccc(C(=O)Nc2cc(C(C)(C)C)on2)cc1Nc1ncnc2c(N)nc(N3CCCN(C)CC3)nc12,1,IC50,9.0,1,CHEMBL3689910
Cc1ccc(C(=O)Nc2cc(C(C)(C)C)n[nH]2)cc1Nc1ncnc2c(N)nc(N3CCN(C4CCN(C)CC4)CC3)nc12,1,IC50,8.7,1,CHEMBL3689911
Cc1ccc(C(=O)Nc2cc(C(C)(C)C)n[nH]2)cc1Nc1ncnc2c(N)nc(N3CCN(CC4CCN(C)CC4)CC3)nc12,1,IC50,8.4,1,CHEMBL3689912
Cc1ccc(C(=O)Nc2cc(C(C)(C)C)n[nH]2)cc1Nc1ncnc2c(N)nc(N3CCCN(C)CC3)nc12,1,IC50,8.52,1,CHEMBL3689913
COc1ccc(NC(=O)c2ccc(C)c(Nc3ncnc4c(N)nc(N5CCN(C6CCN(C)CC6)CC5)nc34)c2)cc1C(F)(F)F,1,IC50,9.0,1,CHEMBL3689914
COc1ccc(NC(=O)c2ccc(C)c(Nc3ncnc4c(N)nc(N5CCN(CC6CCN(C)CC6)CC5)nc34)c2)cc1C(F)(F)F,1,IC50,9.0,1,CHEMBL3689915
COc1ccc(NC(=O)c2ccc(C)c(Nc3ncnc4c(N)nc(N5CCCN(C)CC5)nc34)c2)cc1C(F)(F)F,1,IC50,9.0,1,CHEMBL3689916
Cc1ccc(C(=O)Nc2cc(C(C)(C)C)n[nH]2)cc1Nc1ncnc2c(N)nc(N3CCN(C)CC3)nc12,1,IC50,8.52,1,CHEMBL3689917
CN1CCN(c2nc(N)c3ncnc(Nc4cccc(C(=O)Nc5cccc(C(F)(F)F)c5)c4)c3n2)CC1,1,IC50,7.24,1,CHEMBL3689918
CN1CCCN(c2nc(N)c3ncnc(Nc4cccc(C(=O)Nc5cccc(C(F)(F)F)c5)c4)c3n2)CC1,1,IC50,7.3,1,CHEMBL3689919
CN1CCC(N2CCN(c3nc(N)c4ncnc(Nc5cccc(C(=O)Nc6cccc(C(F)(F)F)c6)c5)c4n3)CC2)CC1,1,IC50,7.66,1,CHEMBL3689920
CN1CCC(CN2CCN(c3nc(N)c4ncnc(Nc5cccc(C(=O)Nc6cccc(C(F)(F)F)c6)c5)c4n3)CC2)CC1,1,IC50,7.89,1,CHEMBL3689921
CN1CCN(c2nc(N)c3ncnc(Nc4cc(C(=O)Nc5cccc(C(F)(F)F)c5)ccc4Cl)c3n2)CC1,1,IC50,7.85,1,CHEMBL3689922
CN1CCCN(c2nc(N)c3ncnc(Nc4cc(C(=O)Nc5cccc(C(F)(F)F)c5)ccc4Cl)c3n2)CC1,1,IC50,8.05,1,CHEMBL3689923
CN1CCC(N2CCN(c3nc(N)c4ncnc(Nc5cc(C(=O)Nc6cccc(C(F)(F)F)c6)ccc5Cl)c4n3)CC2)CC1,1,IC50,8.52,1,CHEMBL3689924
CN1CCN(c2nc(N)c3ncnc(Nc4cc(C(=O)Nc5cccc(C(F)(F)F)c5)ccc4Br)c3n2)CC1,1,IC50,7.16,1,CHEMBL3689925
CN1CCCN(c2nc(N)c3ncnc(Nc4cc(C(=O)Nc5cccc(C(F)(F)F)c5)ccc4Br)c3n2)CC1,1,IC50,7.08,1,CHEMBL3689926
CN1CCC(N2CCN(c3nc(N)c4ncnc(Nc5cc(C(=O)Nc6cccc(C(F)(F)F)c6)ccc5Br)c4n3)CC2)CC1,1,IC50,7.89,1,CHEMBL3689927
CN1CCC(CN2CCN(c3nc(N)c4ncnc(Nc5cc(C(=O)Nc6cccc(C(F)(F)F)c6)ccc5Br)c4n3)CC2)CC1,1,IC50,7.82,1,CHEMBL3689928
COc1ccc(C(=O)Nc2cccc(C(F)(F)F)c2)cc1Nc1ncnc2c(N)nc(N3CCN(C)CC3)nc12,1,IC50,7.46,1,CHEMBL3689929
COc1ccc(C(=O)Nc2cccc(C(F)(F)F)c2)cc1Nc1ncnc2c(N)nc(N3CCCN(C)CC3)nc12,1,IC50,7.24,1,CHEMBL3689930
COc1ccc(C(=O)Nc2cccc(C(F)(F)F)c2)cc1Nc1ncnc2c(N)nc(N3CCN(C4CCN(C)CC4)CC3)nc12,1,IC50,7.85,1,CHEMBL3689931
COc1ccc(C(=O)Nc2cccc(C(F)(F)F)c2)cc1Nc1ncnc2c(N)nc(N3CCN(CC4CCN(C)CC4)CC3)nc12,1,IC50,7.92,1,CHEMBL3689932
Cc1ccc(C(=O)Nc2cc(C(C)(C)C)n[nH]2)cc1Nc1ncnc2c(N)nc(N3CCN4CCCC4C3)nc12,1,IC50,8.7,1,CHEMBL3689933
Cc1ccc(C(=O)Nc2cc(C(C)(C)C)n[nH]2)cc1Nc1ncnc2c(N)nc(N3C[C@@H](C)N[C@@H](C)C3)nc12,1,IC50,8.7,1,CHEMBL3689934
Cc1ccc(C(=O)Nc2cc(C(C)(C)C)n[nH]2)cc1Nc1ncnc2c(N)nc(N3C[C@H]4C[C@@H]3CN4C)nc12,1,IC50,8.4,1,CHEMBL3689935
Cc1ccc(C(=O)Nc2cc(C(C)(C)C)n[nH]2)cc1Nc1ncnc2c(N)nc(N3CCN(CC(C)C)CC3)nc12,1,IC50,8.4,1,CHEMBL3689936
Cc1ccc(C(=O)Nc2cc(C(C)(C)C)n[nH]2)cc1Nc1ncnc2c(N)nc(N3CCN(CC4CCCO4)CC3)nc12,1,IC50,8.22,1,CHEMBL3689937
Cc1ccc(C(=O)Nc2cc(C(C)(C)C)n[nH]2)cc1Nc1ncnc2c(N)nc(N3CCN(C4CCCC4)CC3)nc12,1,IC50,8.3,1,CHEMBL3689938
Cc1ccc(C(=O)Nc2cc(C(C)(C)C)n[nH]2)cc1Nc1ncnc2c(N)nc(N3CCN(CC4CCCN(C)C4)CC3)nc12,1,IC50,8.52,1,CHEMBL3689939
COCCN1CCN(c2nc(N)c3ncnc(Nc4cc(C(=O)Nc5cc(C(C)(C)C)n[nH]5)ccc4C)c3n2)CC1,1,IC50,8.3,1,CHEMBL3689940
Cc1ccc(C(=O)Nc2cc(C(C)(C)C)n[nH]2)cc1Nc1ncnc2c(N)nc(N3CCN(C4CC4)CC3)nc12,1,IC50,8.05,1,CHEMBL3689941
Cc1ccc(C(=O)Nc2cc(C(C)(C)C)n[nH]2)cc1Nc1ncnc2c(N)nc(N3CCN4CCCCC4C3)nc12,1,IC50,8.4,1,CHEMBL3689942
Cc1ccc(C(=O)Nc2cc(C(C)(C)C)n[nH]2)cc1Nc1ncnc2c(N)nc(N3CCC(N4CCN(C)CC4)CC3)nc12,1,IC50,7.26,1,CHEMBL3689943
COc1ccc(C(C)(C)C)cc1NC(=O)c1ccc(C)c(Nc2ncnc3c(N)nc(N4CCN(C)CC4)nc23)c1,1,IC50,7.68,1,CHEMBL3689944
COc1cc(NC(=O)c2ccc(C)c(Nc3ncnc4c(N)nc(N5CCN(C)CC5)nc34)c2)cc(C(F)(F)F)c1,1,IC50,8.3,1,CHEMBL3694011
Cc1ccc(C(=O)Nc2cccc(C(F)(F)F)c2)cc1Nc1ncnc2c(N)nc(N3CCCN(C4CC4)CC3)nc12,1,IC50,9.0,1,CHEMBL3694015
Cc1ccc(C(=O)Nc2cccc(C(F)(F)F)c2)cc1Nc1ncnc2c(N)nc(N3CCCNCC3)nc12,1,IC50,9.0,1,CHEMBL3694016
Cc1ccc(C(=O)Nc2cccc(C(F)(F)F)c2)cc1Nc1ncnc2c(N)nc(N3CC(C)NC(C)C3)nc12,1,IC50,8.7,1,CHEMBL3694019
Cc1ccc(C(=O)Nc2cccc(C(F)(F)F)c2)cc1Nc1ncnc2c(N)nc(N3CCCN(c4ncccn4)CC3)nc12,1,IC50,9.0,1,CHEMBL3694020
Cc1ccc(C(=O)Nc2cccc(C(F)(F)F)c2)cc1Nc1ncnc2c(N)nc(N3CCCN(c4ccccn4)CC3)nc12,1,IC50,8.52,1,CHEMBL3694024
Cc1ccc(C(=O)Nc2cc(C(C)(C)C)n[nH]2)cc1Nc1ncnc2c(N)nc(N3C[C@@H]4C[C@H]3CN4)nc12,1,IC50,8.7,1,CHEMBL3694026
Cc1ccc(C(=O)Nc2cc(N(C)CCN(C)C)cc(C(F)(F)F)c2)cc1Nc1ncnc2c(N)nc(N3CCCOCC3)nc12,1,IC50,8.52,1,CHEMBL3694027
Cc1ccc(C(=O)Nc2ccc(C#N)c(C(F)(F)F)c2)cc1Nc1ncnc2c(N)nc(N3CCN(C)CC3)nc12,1,IC50,8.15,1,CHEMBL3694028
Cc1ccc(C(=O)Nc2cc(C(C)(C)C)nn2C)cc1Nc1ncnc2c(N)nc(N3CCN(C)CC3)nc12,1,IC50,7.92,1,CHEMBL3694029
Cc1ccc(C(=O)Nc2cc(C(F)(F)F)ccn2)cc1Nc1ncnc2c(N)nc(N3CCN(C)CC3)nc12,1,IC50,8.7,1,CHEMBL3694030
Cc1ccc(C(=O)Nc2ccc(Cl)c(C(F)(F)F)c2)cc1Nc1ncnc2c(N)nc(N3CCN(C)CC3)nc12,1,IC50,8.52,1,CHEMBL3694031
Cc1cn(-c2cc(NC(=O)c3ccc(C)c(Nc4ncnc5c(N)nc(N6CCN(C)CC6)nc45)c3)cc(C(F)(F)F)c2)cn1,1,IC50,7.27,1,CHEMBL3694032
Cc1ccc(C(=O)Nc2cc(N(C)CCN(C)C)cc(C(F)(F)F)c2)cc1Nc1ncnc2c(N)nc(N3CCOCC3)nc12,1,IC50,9.0,1,CHEMBL3694033
CCN1CCN(c2cc(NC(=O)c3ccc(C)c(Nc4ncnc5c(N)nc(N6CCOCC6)nc45)c3)cc(C(F)(F)F)c2)CC1,1,IC50,8.7,1,CHEMBL3694034
Cc1ccc(C(=O)Nc2cc(N(C)CCN(C)C)cc(C(F)(F)F)c2)cc1Nc1ncnc2c(N)nc(N(C)C)nc12,1,IC50,8.1,1,CHEMBL3694035
CCN1CCN(c2cc(NC(=O)c3ccc(C)c(Nc4ncnc5c(N)nc(N(C)C)nc45)c3)cc(C(F)(F)F)c2)CC1,1,IC50,7.72,1,CHEMBL3694036
Cc1ccc(C(=O)Nc2cccc(C(C)(C)C)c2)cc1Nc1ncnc2c(N)nc(N3CCN(C)CC3)nc12,1,IC50,8.7,1,CHEMBL3694037
CCN1CCN(c2cc(NC(=O)c3ccc(C)c(Nc4ncnc5c(N)nc(N6CCCOCC6)nc45)c3)cc(C(F)(F)F)c2)CC1,1,IC50,8.52,1,CHEMBL3694038
CN1CCN(c2nc(N)c3ncnc(Nc4ccc(F)c(C(=O)Nc5cc(C(C)(C)C)n[nH]5)c4)c3n2)CC1,1,IC50,6.17,1,CHEMBL3694039
Cc1ccc(C(=O)Nc2cc(C(C)(C)C)nn2C)cc1Nc1ncnc2c(N)nc(N3CCN(CC(C)C)CC3)nc12,1,IC50,7.96,1,CHEMBL3694041
Cc1ccc(C(=O)Nc2cc(C(C)(C)C)nn2C)cc1Nc1ncnc2c(N)nc(N3CCN4CCCC4C3)nc12,1,IC50,8.15,1,CHEMBL3694042
Cc1ccc(C(=O)Nc2cc(N(C)CCN(C)C)cc(C(F)(F)F)c2)cc1Nc1ncnc2c(N)nc(N3CC[C@H](F)C3)nc12,1,IC50,8.4,1,CHEMBL3694043
CCN1CCN(c2cc(NC(=O)c3ccc(C)c(Nc4ncnc5c(N)nc(N6CCCC6)nc45)c3)cc(C(F)(F)F)c2)CC1,1,IC50,8.05,1,CHEMBL3694044
CCN1CCN(c2cc(NC(=O)c3ccc(C)c(Nc4ncnc5c(N)nc(N6CC[C@H](F)C6)nc45)c3)cc(C(F)(F)F)c2)CC1,1,IC50,8.0,1,CHEMBL3694045
Cc1ccc(NC(=O)c2cccc(C(F)(F)F)c2)cc1Nc1ncnc2c(N)nc(N3CCN(C)CC3)nc12,1,IC50,7.58,1,CHEMBL3694046
Cc1ccc(NC(=O)c2cccc(C(F)(F)F)c2)cc1Nc1ncnc2c(N)nc(N3CCCN(C)CC3)nc12,1,IC50,7.39,1,CHEMBL3694047
Cc1ccc(NC(=O)c2cccc(C(F)(F)F)c2)cc1Nc1ncnc2c(N)nc(NN3CCN(C)CC3)nc12,1,IC50,7.3,1,CHEMBL3694048
Cc1ccc(NC(=O)c2cccc(C(F)(F)F)c2)cc1Nc1ncnc2c(N)nc(NCc3ccncc3)nc12,1,IC50,7.09,1,CHEMBL3694049
Cc1ccc(NC(=O)c2cccc(C(F)(F)F)c2)cc1Nc1ncnc2c(N)nc(NCc3cccnc3)nc12,1,IC50,7.3,1,CHEMBL3694050
Cc1ccc(NC(=O)c2cccc(C(F)(F)F)c2)cc1Nc1ncnc2c(N)nc(NCc3ccccn3)nc12,1,IC50,7.02,1,CHEMBL3694051
Cc1ccc(NC(=O)c2cccc(C(F)(F)F)c2)cc1Nc1ncnc2c(N)nc(N(C)C)nc12,1,IC50,7.82,1,CHEMBL3694052
Cc1ccc(NC(=O)c2cccc(C(F)(F)F)c2)cc1Nc1ncnc2c(N)nc(N3CCN(C4CCN(C)CC4)CC3)nc12,1,IC50,8.7,1,CHEMBL3694053
Cc1ccc(NC(=O)c2cccc(C(F)(F)F)c2)cc1Nc1ncnc2c(N)nc(N3CCN(C4CCCC4)CC3)nc12,1,IC50,7.62,1,CHEMBL3694054
Cc1ccc(NC(=O)c2cccc(C(F)(F)F)c2)cc1Nc1ncnc2c(N)nc(N3CCCN(C4CC4)CC3)nc12,1,IC50,7.6,1,CHEMBL3694055
Cc1ccc(NC(=O)c2cccc(C(F)(F)F)c2)cc1Nc1ncnc2c(N)nc(N3CCCNCC3)nc12,1,IC50,7.7,1,CHEMBL3694056
Cc1ccc(NC(=O)c2cccc(C(F)(F)F)c2)cc1Nc1ncnc2c(N)nc(N3CCCN(c4ccncc4)CC3)nc12,1,IC50,8.15,1,CHEMBL3694057
Cc1ccc(NC(=O)c2cccc(C(F)(F)F)c2)cc1Nc1ncnc2c(N)nc(N3C[C@H](C)NC[C@H]3C)nc12,1,IC50,8.15,1,CHEMBL3694058
Cc1ccc(NC(=O)c2cccc(C(F)(F)F)c2)cc1Nc1ncnc2c(N)nc(N3CCN(CC4CCN(C)CC4)CC3)nc12,1,IC50,8.4,1,CHEMBL3694059
Cc1ccc(NC(=O)c2cccc(C(F)(F)F)c2)cc1Nc1ncnc2c(N)nc(N3CC(C)NC(C)C3)nc12,1,IC50,7.4,1,CHEMBL3694060
Cc1ccc(NC(=O)c2cccc(C(F)(F)F)c2)cc1Nc1ncnc2c(N)nc(N3CCCN(c4ncccn4)CC3)nc12,1,IC50,7.35,1,CHEMBL3639929
Cc1ccc(NC(=O)c2cccc(C(F)(F)F)c2)cc1Nc1ncnc2c(N)nc(N3CCN(C(C)C)CC3)nc12,1,IC50,7.89,1,CHEMBL3694061
Cc1ccc(NC(=O)c2cccc(C(F)(F)F)c2)cc1Nc1ncnc2c(N)nc(N3CC4CC3CN4C)nc12,1,IC50,8.05,1,CHEMBL3694062
Cc1ccc(NC(=O)c2cccc(C(F)(F)F)c2)cc1Nc1ncnc2c(N)nc(N3CCNCC3)nc12,1,IC50,8.05,1,CHEMBL3694063
COc1ccc(NC(=O)c2ccc(C)c(Nc3ncnc4cnc(N5CCN(C)CC5)nc34)c2)cc1C(F)(F)F,1,IC50,8.7,1,CHEMBL3694064
Cc1ccc(C(=O)NCc2cccc(C(C)(C)C)c2)cc1Nc1ncnc2cnc(N(C)CCN(C)C)nc12,1,IC50,6.93,1,CHEMBL3694066
COCCN(C)c1ncc2ncnc(Nc3cc(C(=O)Nc4ccc(OC)c(C(F)(F)F)c4)ccc3Cl)c2n1,1,IC50,8.7,1,CHEMBL3694067
COc1ccc(NC(=O)c2ccc(Cl)c(Nc3ncnc4cnc(N(C)CCN(C)C)nc34)c2)cc1C(F)(F)F,1,IC50,8.7,1,CHEMBL3694068
COc1ccc(NC(=O)c2ccc(Cl)c(Nc3ncnc4cnc(N5CCCCCC5)nc34)c2)cc1C(F)(F)F,1,IC50,8.15,1,CHEMBL3694069
COc1ccc(NC(=O)c2ccc(Cl)c(Nc3ncnc4cnc(N5CCCN(C)CC5)nc34)c2)cc1C(F)(F)F,1,IC50,9.0,1,CHEMBL3694070
COc1ccc(NC(=O)c2ccc(Cl)c(Nc3ncnc4cnc(N(C)CCN5CCCC5)nc34)c2)cc1C(F)(F)F,1,IC50,8.52,1,CHEMBL3694071
COc1ccc(NC(=O)c2ccc(Cl)c(Nc3ncnc4cnc(N5CCN(C)CC5)nc34)c2)cc1C(F)(F)F,1,IC50,8.15,1,CHEMBL3694072
COc1ccc(NC(=O)c2ccc(Cl)c(Nc3ncnc4cnc(N5CCCCC5)nc34)c2)cc1C(F)(F)F,1,IC50,8.22,1,CHEMBL3694073
COc1ccc(NC(=O)c2ccc(Cl)c(Nc3ncnc4cnc(NCCCN5CCOCC5)nc34)c2)cc1C(F)(F)F,1,IC50,8.4,1,CHEMBL3694074
COc1ccc(NC(=O)c2ccc(Cl)c(Nc3ncnc4cnc(N5CCOCC5)nc34)c2)cc1C(F)(F)F,1,IC50,8.7,1,CHEMBL3694075
COc1ccc(NC(=O)c2ccc(Cl)c(Nc3ncnc4cnc(N5CCCC5)nc34)c2)cc1C(F)(F)F,1,IC50,8.05,1,CHEMBL3694076
COc1ccc(NC(=O)c2ccc(Cl)c(Nc3ncnc4cnc(NCCN(C)C)nc34)c2)cc1C(F)(F)F,1,IC50,8.52,1,CHEMBL3694077
COc1ccc(NC(=O)c2ccc(Cl)c(Nc3ncnc4cnc(NCCN5CCOCC5)nc34)c2)cc1C(F)(F)F,1,IC50,8.3,1,CHEMBL3694078
COc1ccc(NC(=O)c2ccc(Cl)c(Nc3ncnc4cnc(N(C)C)nc34)c2)cc1C(F)(F)F,1,IC50,8.7,1,CHEMBL3694079
COCCN(C)c1ncc2ncnc(Nc3cc(C(=O)Nc4ccc(OC)c(C(F)(F)F)c4)ccc3OC)c2n1,1,IC50,8.52,1,CHEMBL3694080
COc1ccc(C(=O)Nc2ccc(OC)c(C(F)(F)F)c2)cc1Nc1ncnc2cnc(N(C)CCN(C)C)nc12,1,IC50,8.4,1,CHEMBL3694081
COc1ccc(C(=O)Nc2ccc(OC)c(C(F)(F)F)c2)cc1Nc1ncnc2cnc(N3CCCCCC3)nc12,1,IC50,9.0,1,CHEMBL3694082
COc1ccc(C(=O)Nc2ccc(OC)c(C(F)(F)F)c2)cc1Nc1ncnc2cnc(N3CCCN(C)CC3)nc12,1,IC50,8.52,1,CHEMBL3694083
COc1ccc(C(=O)Nc2ccc(OC)c(C(F)(F)F)c2)cc1Nc1ncnc2cnc(N(C)CCN3CCCC3)nc12,1,IC50,8.52,1,CHEMBL3694084
COc1ccc(C(=O)Nc2ccc(OC)c(C(F)(F)F)c2)cc1Nc1ncnc2cnc(N3CCN(C)CC3)nc12,1,IC50,8.22,1,CHEMBL3694085
COc1ccc(C(=O)Nc2ccc(OC)c(C(F)(F)F)c2)cc1Nc1ncnc2cnc(N3CCCCC3)nc12,1,IC50,8.15,1,CHEMBL3694086
COc1ccc(C(=O)Nc2ccc(OC)c(C(F)(F)F)c2)cc1Nc1ncnc2cnc(NCCCN3CCOCC3)nc12,1,IC50,8.3,1,CHEMBL3694087
COc1ccc(C(=O)Nc2ccc(OC)c(C(F)(F)F)c2)cc1Nc1ncnc2cnc(N3CCOCC3)nc12,1,IC50,8.7,1,CHEMBL3694088
COc1ccc(C(=O)Nc2ccc(OC)c(C(F)(F)F)c2)cc1Nc1ncnc2cnc(N3CCCC3)nc12,1,IC50,7.62,1,CHEMBL3694089
COc1ccc(C(=O)Nc2ccc(OC)c(C(F)(F)F)c2)cc1Nc1ncnc2cnc(NCCN(C)C)nc12,1,IC50,8.1,1,CHEMBL3694090
COc1ccc(C(=O)Nc2ccc(OC)c(C(F)(F)F)c2)cc1Nc1ncnc2cnc(NCCN3CCOCC3)nc12,1,IC50,8.52,1,CHEMBL3694091
COc1ccc(C(=O)Nc2ccc(OC)c(C(F)(F)F)c2)cc1Nc1ncnc2cnc(N(C)C)nc12,1,IC50,8.7,1,CHEMBL3694092
COCCN(C)c1ncc2ncnc(Nc3cc(C(=O)Nc4ccc(OC)c(C(F)(F)F)c4)ccc3F)c2n1,1,IC50,8.7,1,CHEMBL3694093
COc1ccc(NC(=O)c2ccc(F)c(Nc3ncnc4cnc(N5CCCCCC5)nc34)c2)cc1C(F)(F)F,1,IC50,9.0,1,CHEMBL3694095
COc1ccc(NC(=O)c2ccc(F)c(Nc3ncnc4cnc(N(C)CCN5CCCC5)nc34)c2)cc1C(F)(F)F,1,IC50,9.0,1,CHEMBL3694096
COc1ccc(NC(=O)c2ccc(F)c(Nc3ncnc4cnc(N5CCN(C)CC5)nc34)c2)cc1C(F)(F)F,1,IC50,8.7,1,CHEMBL3694097
COc1ccc(NC(=O)c2ccc(F)c(Nc3ncnc4cnc(N5CCCCC5)nc34)c2)cc1C(F)(F)F,1,IC50,8.3,1,CHEMBL3694098
COc1ccc(NC(=O)c2ccc(F)c(Nc3ncnc4cnc(NCCCN5CCOCC5)nc34)c2)cc1C(F)(F)F,1,IC50,8.52,1,CHEMBL3694099
COc1ccc(NC(=O)c2ccc(F)c(Nc3ncnc4cnc(N5CCOCC5)nc34)c2)cc1C(F)(F)F,1,IC50,8.4,1,CHEMBL3694100
COc1ccc(NC(=O)c2ccc(F)c(Nc3ncnc4cnc(N5CCCC5)nc34)c2)cc1C(F)(F)F,1,IC50,8.3,1,CHEMBL3694101
COc1ccc(NC(=O)c2ccc(F)c(Nc3ncnc4cnc(NCCN(C)C)nc34)c2)cc1C(F)(F)F,1,IC50,8.7,1,CHEMBL3694102
COc1ccc(NC(=O)c2ccc(F)c(Nc3ncnc4cnc(NCCN5CCOCC5)nc34)c2)cc1C(F)(F)F,1,IC50,8.7,1,CHEMBL3694103
COc1ccc(NC(=O)c2ccc(F)c(Nc3ncnc4cnc(N(C)C)nc34)c2)cc1C(F)(F)F,1,IC50,9.0,1,CHEMBL3694104
COCCN(C)c1ncc2ncnc(Nc3cc(C(=O)Nc4ccc(OC)c(C(F)(F)F)c4)ccc3C(F)(F)F)c2n1,1,IC50,7.19,1,CHEMBL3694105
COc1ccc(NC(=O)c2ccc(C(F)(F)F)c(Nc3ncnc4cnc(N(C)CCN(C)C)nc34)c2)cc1C(F)(F)F,1,IC50,6.01,1,CHEMBL3694106
COc1ccc(NC(=O)c2ccc(C(F)(F)F)c(Nc3ncnc4cnc(N5CCCN(C)CC5)nc34)c2)cc1C(F)(F)F,1,IC50,6.55,1,CHEMBL3694108
COc1ccc(NC(=O)c2ccc(C(F)(F)F)c(Nc3ncnc4cnc(N(C)CCN5CCCC5)nc34)c2)cc1C(F)(F)F,1,IC50,6.35,1,CHEMBL3694109
COc1ccc(NC(=O)c2ccc(C(F)(F)F)c(Nc3ncnc4cnc(N5CCN(C)CC5)nc34)c2)cc1C(F)(F)F,1,IC50,7.02,1,CHEMBL3694110
COc1ccc(NC(=O)c2ccc(C(F)(F)F)c(Nc3ncnc4cnc(NCCCN5CCOCC5)nc34)c2)cc1C(F)(F)F,1,IC50,6.23,1,CHEMBL3694112
COc1ccc(NC(=O)c2ccc(C(F)(F)F)c(Nc3ncnc4cnc(N5CCOCC5)nc34)c2)cc1C(F)(F)F,1,IC50,8.3,1,CHEMBL3694113
COc1ccc(NC(=O)c2ccc(C(F)(F)F)c(Nc3ncnc4cnc(N5CCCC5)nc34)c2)cc1C(F)(F)F,1,IC50,6.42,1,CHEMBL3694114
COc1ccc(NC(=O)c2ccc(C(F)(F)F)c(Nc3ncnc4cnc(NCCN5CCOCC5)nc34)c2)cc1C(F)(F)F,1,IC50,6.5,1,CHEMBL3694116
COc1ccc(NC(=O)c2ccc(C(F)(F)F)c(Nc3ncnc4cnc(N(C)C)nc34)c2)cc1C(F)(F)F,1,IC50,6.26,1,CHEMBL3694117
CN1CCCN(c2ncc3ncnc(Nc4cc(C(=O)Nc5cc(C(C)(C)C)on5)ccc4C(F)(F)F)c3n2)CC1,1,IC50,7.06,1,CHEMBL3694121
CN(CCN1CCCC1)c1ncc2ncnc(Nc3cc(C(=O)Nc4cc(C(C)(C)C)on4)ccc3C(F)(F)F)c2n1,1,IC50,6.08,1,CHEMBL3694122
CN1CCN(c2ncc3ncnc(Nc4cc(C(=O)Nc5cc(C(C)(C)C)on5)ccc4C(F)(F)F)c3n2)CC1,1,IC50,6.64,1,CHEMBL3694123
CC(C)(C)c1cc(NC(=O)c2ccc(C(F)(F)F)c(Nc3ncnc4cnc(NCCCN5CCOCC5)nc34)c2)no1,1,IC50,6.26,1,CHEMBL3694125
CC(C)(C)c1cc(NC(=O)c2ccc(C(F)(F)F)c(Nc3ncnc4cnc(N5CCOCC5)nc34)c2)no1,1,IC50,7.89,1,CHEMBL3694126
COCCN(C)c1ncc2ncnc(Nc3cc(C(=O)Nc4cc(C(C)(C)C)on4)ccc3Cl)c2n1,1,IC50,8.3,1,CHEMBL3694130
CC(C)(C)c1cc(NC(=O)c2ccc(Cl)c(Nc3ncnc4cnc(N5CCCCCC5)nc34)c2)no1,1,IC50,8.1,1,CHEMBL3694131
CN(C)c1ncc2ncnc(Nc3cc(C(=O)Nc4cc(C(C)(C)C)on4)ccc3Cl)c2n1,1,IC50,8.22,1,CHEMBL3694132
CN1CCCN(c2ncc3ncnc(Nc4cc(C(=O)Nc5cc(C(C)(C)C)on5)ccc4Cl)c3n2)CC1,1,IC50,8.4,1,CHEMBL3694133
CN(CCN1CCCC1)c1ncc2ncnc(Nc3cc(C(=O)Nc4cc(C(C)(C)C)on4)ccc3Cl)c2n1,1,IC50,8.52,1,CHEMBL3694134
CN1CCN(c2ncc3ncnc(Nc4cc(C(=O)Nc5cc(C(C)(C)C)on5)ccc4Cl)c3n2)CC1,1,IC50,8.4,1,CHEMBL3694135
CC(C)(C)c1cc(NC(=O)c2ccc(Cl)c(Nc3ncnc4cnc(N5CCCCC5)nc34)c2)no1,1,IC50,8.4,1,CHEMBL3694136
CC(C)(C)c1cc(NC(=O)c2ccc(Cl)c(Nc3ncnc4cnc(NCCCN5CCOCC5)nc34)c2)no1,1,IC50,9.0,1,CHEMBL3694137
CC(C)(C)c1cc(NC(=O)c2ccc(Cl)c(Nc3ncnc4cnc(N5CCOCC5)nc34)c2)no1,1,IC50,9.0,1,CHEMBL3694138
CC(C)(C)c1cc(NC(=O)c2ccc(Cl)c(Nc3ncnc4cnc(N5CCCC5)nc34)c2)no1,1,IC50,7.96,1,CHEMBL3694139
CN(C)CCNc1ncc2ncnc(Nc3cc(C(=O)Nc4cc(C(C)(C)C)on4)ccc3Cl)c2n1,1,IC50,8.7,1,CHEMBL3694140
CC(C)(C)c1cc(NC(=O)c2ccc(Cl)c(Nc3ncnc4cnc(NCCN5CCOCC5)nc34)c2)no1,1,IC50,8.7,1,CHEMBL3694141
CN(C)CCN(C)c1ncc2ncnc(Nc3cc(C(=O)Nc4cc(C(C)(C)C)on4)ccc3Cl)c2n1,1,IC50,9.0,1,CHEMBL3694142
COCCN(C)c1ncc2ncnc(Nc3cc(C(=O)Nc4cc(C(C)(C)C)on4)ccc3OC)c2n1,1,IC50,8.22,1,CHEMBL3694143
COc1ccc(C(=O)Nc2cc(C(C)(C)C)on2)cc1Nc1ncnc2cnc(N3CCOCC3)nc12,1,IC50,8.7,1,CHEMBL3694144
COc1ccc(C(=O)Nc2cc(C(C)(C)C)on2)cc1Nc1ncnc2cnc(N3CCCC3)nc12,1,IC50,7.7,1,CHEMBL3694145
COc1ccc(C(=O)Nc2cc(C(C)(C)C)on2)cc1Nc1ncnc2cnc(N(C)C)nc12,1,IC50,8.1,1,CHEMBL3694146
COCCN(C)c1ncc2ncnc(Nc3cc(C(=O)Nc4cc(C(C)(C)C)on4)ccc3F)c2n1,1,IC50,8.7,1,CHEMBL3694147
CC(C)(C)c1cc(NC(=O)c2ccc(F)c(Nc3ncnc4cnc(N5CCCCCC5)nc34)c2)no1,1,IC50,8.15,1,CHEMBL3694148
COc1ccc(C(=O)Nc2cc(C(C)(C)C)on2)cc1Nc1ncnc2cnc(N3CCCCCC3)nc12,1,IC50,8.52,1,CHEMBL3694150
CC(C)(C)c1cc(NC(=O)c2ccc(F)c(Nc3ncnc4cnc(N5CCCCC5)nc34)c2)no1,1,IC50,8.3,1,CHEMBL3694151
CC(C)(C)c1cc(NC(=O)c2ccc(F)c(Nc3ncnc4cnc(N5CCOCC5)nc34)c2)no1,1,IC50,8.4,1,CHEMBL3694152
CC(C)(C)c1cc(NC(=O)c2ccc(F)c(Nc3ncnc4cnc(N5CCCC5)nc34)c2)no1,1,IC50,8.3,1,CHEMBL3694153
CN(C)CCNc1ncc2ncnc(Nc3cc(C(=O)Nc4cc(C(C)(C)C)on4)ccc3F)c2n1,1,IC50,9.0,1,CHEMBL3694154
CC(C)(C)c1cc(NC(=O)c2ccc(F)c(Nc3ncnc4cnc(NCCN5CCOCC5)nc34)c2)no1,1,IC50,9.0,2,CHEMBL3694155
CN(C)c1ncc2ncnc(Nc3cc(C(=O)Nc4cc(C(C)(C)C)on4)ccc3F)c2n1,1,IC50,9.0,1,CHEMBL3694156
CNc1ncc2ncnc(Nc3cc(C(=O)Nc4cc(C(C)(C)C)on4)ccc3F)c2n1,1,IC50,8.22,1,CHEMBL3694157
COc1ccc(C(=O)Nc2cc(C(C)(C)C)on2)cc1Nc1ncnc2cnc(N3CCN(C)CC3)nc12,1,IC50,8.7,1,CHEMBL3694158
COc1ccc(C(=O)Nc2cc(C(C)(C)C)on2)cc1Nc1ncnc2cnc(N3CCCN(C)CC3)nc12,1,IC50,8.7,1,CHEMBL3694159
COc1ccc(C(=O)Nc2cc(C(C)(C)C)on2)cc1Nc1ncnc2cnc(N(C)CCN3CCCC3)nc12,1,IC50,8.4,1,CHEMBL3639930
COCCN(C)c1ncc2ncnc(Nc3cc(C(=O)Nc4cc(CN5CCCC5)cc(C(F)(F)F)c4)ccc3C)c2n1,1,IC50,8.7,1,CHEMBL3694160
Cc1ccc(C(=O)Nc2cc(CN3CCCC3)cc(C(F)(F)F)c2)cc1Nc1ncnc2cnc(N3CCSCC3)nc12,1,IC50,8.3,1,CHEMBL3694161
Cc1ccc(C(=O)Nc2cc(CN3CCCC3)cc(C(F)(F)F)c2)cc1Nc1ncnc2cnc(N3CCC3)nc12,1,IC50,8.4,1,CHEMBL3694162
Cc1ccc(C(=O)Nc2cc(CN3CCCC3)cc(C(F)(F)F)c2)cc1Nc1ncnc2cnc(NCCF)nc12,1,IC50,9.0,1,CHEMBL3694163
Cc1ccc(C(=O)Nc2cc(CN3CCCC3)cc(C(F)(F)F)c2)cc1Nc1ncnc2cnc(N3CCC(F)(F)CC3)nc12,1,IC50,8.4,1,CHEMBL3694164
Cc1ccc(C(=O)Nc2cc(CN3CCCC3)cc(C(F)(F)F)c2)cc1Nc1ncnc2cnc(N3CCC(F)CC3)nc12,1,IC50,8.7,1,CHEMBL3694165
Cc1ccc(C(=O)Nc2cc(CN3CCCC3)cc(C(F)(F)F)c2)cc1Nc1ncnc2cnc(NCC3CCOC3)nc12,1,IC50,9.0,1,CHEMBL3694166
Cc1ccc(C(=O)Nc2cc(CN3CCCC3)cc(C(F)(F)F)c2)cc1Nc1ncnc2cnc(NCc3ccccc3)nc12,1,IC50,8.52,1,CHEMBL3694167
Cc1ccc(C(=O)Nc2cc(CN3CCCC3)cc(C(F)(F)F)c2)cc1Nc1ncnc2cnc(N3CCCCC3)nc12,1,IC50,8.7,1,CHEMBL3694168
Cc1ccc(C(=O)Nc2cc(CN3CCCC3)cc(C(F)(F)F)c2)cc1Nc1ncnc2cnc(NCc3cccnc3)nc12,1,IC50,9.0,1,CHEMBL3694169
Cc1ccc(C(=O)Nc2cc(CN3CCCC3)cc(C(F)(F)F)c2)cc1Nc1ncnc2cnc(N3CCCC3)nc12,1,IC50,8.7,1,CHEMBL3694171
COCCNc1ncc2ncnc(Nc3cc(C(=O)Nc4cc(CN5CCCC5)cc(C(F)(F)F)c4)ccc3C)c2n1,1,IC50,9.0,1,CHEMBL3694172
Cc1ccc(C(=O)Nc2cc(CN3CCCC3)cc(C(F)(F)F)c2)cc1Nc1ncnc2cnc(NCC(C)C)nc12,1,IC50,8.7,1,CHEMBL3694174
Cc1ccc(C(=O)Nc2cc(CN3CCCC3)cc(C(F)(F)F)c2)cc1Nc1ncnc2cnc(NCc3ccccn3)nc12,1,IC50,8.7,1,CHEMBL3694175
Cc1ccc(C(=O)Nc2cc(CN3CCCC3)cc(C(F)(F)F)c2)cc1Nc1ncnc2cnc(NCc3ccncc3)nc12,1,IC50,8.7,1,CHEMBL3694176
Cc1ccc(C(=O)Nc2cc(CN3CCCC3)cc(C(F)(F)F)c2)cc1Nc1ncnc2cnc(N(C)C)nc12,1,IC50,8.7,1,CHEMBL3694177
CCN(CC)c1ncc2ncnc(Nc3cc(C(=O)Nc4cc(CN5CCCC5)cc(C(F)(F)F)c4)ccc3C)c2n1,1,IC50,8.7,1,CHEMBL3694179
Cc1ccc(C(=O)Nc2cc(CN3CCCC3)cc(C(F)(F)F)c2)cc1Nc1ncnc2cnc(NCCc3ccccc3)nc12,1,IC50,8.7,1,CHEMBL3694180
COCCN(C)c1ncc2ncnc(Nc3cc(C(=O)Nc4ccc(N(C)CCN(C)C)c(C(F)(F)F)c4)ccc3C)c2n1,1,IC50,8.52,1,CHEMBL3694181
Cc1ccc(C(=O)Nc2ccc(N(C)CCN(C)C)c(C(F)(F)F)c2)cc1Nc1ncnc2cnc(N3CCCCCC3)nc12,1,IC50,8.52,1,CHEMBL3694182
Cc1ccc(C(=O)Nc2ccc(N(C)CCN(C)C)c(C(F)(F)F)c2)cc1Nc1ncnc2cnc(N3CCSCC3)nc12,1,IC50,8.7,1,CHEMBL3694183
Cc1ccc(C(=O)Nc2ccc(N(C)CCN(C)C)c(C(F)(F)F)c2)cc1Nc1ncnc2cnc(N3CCC3)nc12,1,IC50,8.7,1,CHEMBL3694184
Cc1ccc(C(=O)Nc2ccc(N(C)CCN(C)C)c(C(F)(F)F)c2)cc1Nc1ncnc2cnc(N3CCC(F)(F)CC3)nc12,1,IC50,8.52,1,CHEMBL3694186
Cc1ccc(C(=O)Nc2ccc(N(C)CCN(C)C)c(C(F)(F)F)c2)cc1Nc1ncnc2cnc(N3CCC(F)CC3)nc12,1,IC50,8.4,1,CHEMBL3694187
Cc1ccc(C(=O)Nc2ccc(N(C)CCN(C)C)c(C(F)(F)F)c2)cc1Nc1ncnc2cnc(NCc3ccccc3)nc12,1,IC50,8.52,1,CHEMBL3694189
Cc1ccc(C(=O)Nc2ccc(N(C)CCN(C)C)c(C(F)(F)F)c2)cc1Nc1ncnc2cnc(N3CCCCC3)nc12,1,IC50,8.52,1,CHEMBL3694190
Cc1ccc(C(=O)Nc2ccc(N(C)CCN(C)C)c(C(F)(F)F)c2)cc1Nc1ncnc2cnc(NCc3cccnc3)nc12,1,IC50,8.7,1,CHEMBL3694191
Cc1ccc(C(=O)Nc2ccc(N(C)CCN(C)C)c(C(F)(F)F)c2)cc1Nc1ncnc2cnc(N3CCOCC3)nc12,1,IC50,8.52,1,CHEMBL3694192
Cc1ccc(C(=O)Nc2ccc(N(C)CCN(C)C)c(C(F)(F)F)c2)cc1Nc1ncnc2cnc(N3CCCC3)nc12,1,IC50,8.7,1,CHEMBL3694193
Cc1ccc(C(=O)Nc2ccc(N(C)CCN(C)C)c(C(F)(F)F)c2)cc1Nc1ncnc2cnc(NCC(C)C)nc12,1,IC50,8.7,1,CHEMBL3694196
Cc1ccc(C(=O)Nc2ccc(N(C)CCN(C)C)c(C(F)(F)F)c2)cc1Nc1ncnc2cnc(NCc3ccccn3)nc12,1,IC50,8.4,1,CHEMBL3694197
Cc1ccc(C(=O)Nc2ccc(N(C)CCN(C)C)c(C(F)(F)F)c2)cc1Nc1ncnc2cnc(NCc3ccncc3)nc12,1,IC50,8.52,1,CHEMBL3694198
Cc1ccc(C(=O)Nc2ccc(N(C)CCN(C)C)c(C(F)(F)F)c2)cc1Nc1ncnc2cnc(N(C)C)nc12,1,IC50,8.52,1,CHEMBL3694199
CCN(CC)c1ncc2ncnc(Nc3cc(C(=O)Nc4ccc(N(C)CCN(C)C)c(C(F)(F)F)c4)ccc3C)c2n1,1,IC50,8.52,1,CHEMBL3694201
Cc1ccc(C(=O)Nc2ccc(N(C)CCN(C)C)c(C(F)(F)F)c2)cc1Nc1ncnc2cnc(NCCc3ccccc3)nc12,1,IC50,8.3,1,CHEMBL3694202
COCCN(C)c1ncc2ncnc(Nc3cc(C(=O)Nc4cc(OCCN(C)C)cc(C(F)(F)F)c4)ccc3C)c2n1,1,IC50,8.7,1,CHEMBL3694203
Cc1ccc(C(=O)Nc2cc(OCCN(C)C)cc(C(F)(F)F)c2)cc1Nc1ncnc2cnc(N3CCSCC3)nc12,1,IC50,8.52,1,CHEMBL3694204
Cc1ccc(C(=O)Nc2cc(OCCN(C)C)cc(C(F)(F)F)c2)cc1Nc1ncnc2cnc(N3CCC3)nc12,1,IC50,8.7,1,CHEMBL3694205
Cc1ccc(C(=O)Nc2cc(OCCN(C)C)cc(C(F)(F)F)c2)cc1Nc1ncnc2cnc(N3CCC(F)CC3)nc12,1,IC50,8.7,1,CHEMBL3694207
Cc1ccc(C(=O)Nc2cc(OCCN(C)C)cc(C(F)(F)F)c2)cc1Nc1ncnc2cnc(NCc3ccccc3)nc12,1,IC50,9.0,1,CHEMBL3694209
Cc1ccc(C(=O)Nc2cc(OCCN(C)C)cc(C(F)(F)F)c2)cc1Nc1ncnc2cnc(NCc3cccnc3)nc12,1,IC50,9.0,1,CHEMBL3694210
Cc1ccc(C(=O)Nc2cc(OCCN(C)C)cc(C(F)(F)F)c2)cc1Nc1ncnc2cnc(N3CCCC3)nc12,1,IC50,8.7,1,CHEMBL3694212
COCCNc1ncc2ncnc(Nc3cc(C(=O)Nc4cc(OCCN(C)C)cc(C(F)(F)F)c4)ccc3C)c2n1,1,IC50,9.0,1,CHEMBL3694213
Cc1ccc(C(=O)Nc2cc(OCCN(C)C)cc(C(F)(F)F)c2)cc1Nc1ncnc2cnc(NCc3ccccn3)nc12,1,IC50,8.4,1,CHEMBL3694216
Cc1ccc(C(=O)Nc2cc(OCCN(C)C)cc(C(F)(F)F)c2)cc1Nc1ncnc2cnc(N(C)C)nc12,1,IC50,8.7,1,CHEMBL3694217
CCN(CC)c1ncc2ncnc(Nc3cc(C(=O)Nc4cc(OCCN(C)C)cc(C(F)(F)F)c4)ccc3C)c2n1,1,IC50,8.52,1,CHEMBL3694219
Cc1ccc(C(=O)Nc2cc(N(C)CCN(C)C)cc(C(F)(F)F)c2)cc1Nc1ncnc2cnc(N3CCCCCC3)nc12,1,IC50,8.15,1,CHEMBL3694220
Cc1ccc(C(=O)Nc2cc(N(C)CCN(C)C)cc(C(F)(F)F)c2)cc1Nc1ncnc2cnc(N3CCSCC3)nc12,1,IC50,8.3,1,CHEMBL3694221
Cc1ccc(C(=O)Nc2cc(N(C)CCN(C)C)cc(C(F)(F)F)c2)cc1Nc1ncnc2cnc(N3CCC3)nc12,1,IC50,8.52,1,CHEMBL3694222
Cc1ccc(C(=O)Nc2cc(N(C)CCN(C)C)cc(C(F)(F)F)c2)cc1Nc1ncnc2cnc(N3CC[S+]([O-])CC3)nc12,1,IC50,8.22,1,CHEMBL3694223
Cc1ccc(C(=O)Nc2cc(N(C)CCN(C)C)cc(C(F)(F)F)c2)cc1Nc1ncnc2cnc(N3CCC(F)(F)CC3)nc12,1,IC50,8.05,1,CHEMBL3694225
Cc1ccc(C(=O)Nc2cc(N(C)CCN(C)C)cc(C(F)(F)F)c2)cc1Nc1ncnc2cnc(N3CCC(F)CC3)nc12,1,IC50,8.7,1,CHEMBL3694226
Cc1ccc(C(=O)Nc2cc(N(C)CCN(C)C)cc(C(F)(F)F)c2)cc1Nc1ncnc2cnc(NCc3ccccc3)nc12,1,IC50,8.4,1,CHEMBL3694228
Cc1ccc(C(=O)Nc2cc(N(C)CCN(C)C)cc(C(F)(F)F)c2)cc1Nc1ncnc2cnc(N3CCCCC3)nc12,1,IC50,8.3,1,CHEMBL3694229
COCCNc1ncc2ncnc(Nc3cc(C(=O)Nc4cc(N(C)CCN(C)C)cc(C(F)(F)F)c4)ccc3C)c2n1,1,IC50,9.0,1,CHEMBL3694231
Cc1ccc(C(=O)Nc2cc(N(C)CCN(C)C)cc(C(F)(F)F)c2)cc1Nc1ncnc2cnc(NCC(C)C)nc12,1,IC50,8.52,1,CHEMBL3697718
Cc1ccc(C(=O)Nc2cc(N(C)CCN(C)C)cc(C(F)(F)F)c2)cc1Nc1ncnc2cnc(NCc3ccccn3)nc12,1,IC50,8.7,1,CHEMBL3697719
Cc1ccc(C(=O)Nc2cc(N(C)CCN(C)C)cc(C(F)(F)F)c2)cc1Nc1ncnc2cnc(NCc3ccncc3)nc12,1,IC50,9.0,1,CHEMBL3697720
Cc1ccc(C(=O)Nc2cc(N(C)CCN(C)C)cc(C(F)(F)F)c2)cc1Nc1ncnc2cnc(N(C)C)nc12,1,IC50,8.7,1,CHEMBL3697721
CCN(CC)c1ncc2ncnc(Nc3cc(C(=O)Nc4cc(N(C)CCN(C)C)cc(C(F)(F)F)c4)ccc3C)c2n1,1,IC50,8.4,1,CHEMBL3697723
Cc1ccc(C(=O)Nc2cc(N(C)CCN(C)C)cc(C(F)(F)F)c2)cc1Nc1ncnc2cnc(NCCc3ccccc3)nc12,1,IC50,8.4,1,CHEMBL3639965
Cc1ccc(C(=O)Nc2cc(N(C)CCN(C)C)cc(C(F)(F)F)c2)cc1Nc1ncnc2cnc(NCC(F)(F)F)nc12,1,IC50,8.7,1,CHEMBL3697724
Cc1ccc(C(=O)Nc2cccc(C(C)(C)C#N)c2)cc1Nc1ncnc2cnc(N3CCCN(C)CC3)nc12,1,IC50,8.52,1,CHEMBL3697726
COc1c(NC(=O)c2ccc(C)c(Nc3ncnc4cnc(N5CCCN(C)CC5)nc34)c2)cc(C(C)(C)C)cc1NS(C)(=O)=O,1,IC50,7.77,1,CHEMBL3697727
Cc1ccc(C(=O)NCc2cccc(C(F)(F)F)c2)cc1Nc1ncnc2cnc(N3CCCN(C)CC3)nc12,1,IC50,6.61,1,CHEMBL3697728
Cc1ccc(C(=O)NC2CCCCC2)cc1Nc1ncnc2cnc(N3CCCN(C)CC3)nc12,0,IC50 (>),4.82,1,CHEMBL3697729
Cc1ccc(C(=O)NC2CC2)cc1Nc1ncnc2cnc(N3CCCN(C)CC3)nc12,0,IC50 (>),4.82,1,CHEMBL3697731
Cc1ccc(C(=O)Nc2ccc3c(c2)C(C)(C)C(=O)N3CCN2CCCC2)cc1Nc1ncnc2cnc(N3CCN(C)CC3)nc12,1,IC50,7.58,1,CHEMBL3697732
Cc1ccc(C(=O)NCc2cccc(C(F)(F)F)c2)cc1Nc1ncnc2cnc(N3CCN(C)CC3)nc12,1,IC50,6.98,1,CHEMBL3697734
Cc1ccc(C(=O)NC2CCCCC2)cc1Nc1ncnc2cnc(N3CCN(C)CC3)nc12,0,IC50 (>),4.82,1,CHEMBL3697735
Cc1ccc(C(=O)NC2CC2)cc1Nc1ncnc2cnc(N3CCN(C)CC3)nc12,0,IC50 (>),4.82,1,CHEMBL3697737
Cc1ccc(C(=O)Nc2ccc3c(c2)C(C)(C)C(=O)N3CCN2CCCC2)cc1Nc1ncnc2cnc(N3CCOCC3)nc12,1,IC50,8.7,1,CHEMBL3697738
Cc1ccc(C(=O)NCC2CCOC2)cc1Nc1ncnc2cnc(N3CCOCC3)nc12,0,IC50 (>),4.82,1,CHEMBL3697739
Cc1ccc(C(=O)Nc2cccc(S(=O)(=O)N(C)C)c2)cc1Nc1ncnc2cnc(N(C)CCN(C)C)nc12,1,IC50,7.23,1,CHEMBL3697741
Cc1ccc(C(=O)Nc2ccc3c(c2)C(C)(C)C(=O)N3CCN2CCCC2)cc1Nc1ncnc2cnc(N(C)CCN(C)C)nc12,1,IC50,7.8,1,CHEMBL3697742
Cc1ccc(C(=O)NCC2CCOC2)cc1Nc1ncnc2cnc(N(C)CCN(C)C)nc12,0,IC50 (>),4.82,1,CHEMBL3697743
Cc1ccc(C(=O)Nc2cccc(C(C)(C)C#N)c2)cc1Nc1ncnc2cnc(N(C)CCN(C)C)nc12,1,IC50,7.96,1,CHEMBL3697744
COc1c(NC(=O)c2ccc(C)c(Nc3ncnc4cnc(N(C)CCN(C)C)nc34)c2)cc(C(C)(C)C)cc1NS(C)(=O)=O,1,IC50,7.64,1,CHEMBL3697745
Cc1ccc(C(=O)NCc2cccc(C(F)(F)F)c2)cc1Nc1ncnc2cnc(N(C)CCN(C)C)nc12,1,IC50,6.01,1,CHEMBL3697746
Cc1ccc(C(=O)NC2CCCCC2)cc1Nc1ncnc2cnc(N(C)CCN(C)C)nc12,0,IC50 (>),5.0,1,CHEMBL3697747
Cc1ccc(C(=O)NC2CC2)cc1Nc1ncnc2cnc(N(C)CCN(C)C)nc12,0,IC50 (>),5.0,1,CHEMBL3697749
Cc1ccc(C(=O)Nc2ccc3c(c2)C(C)(C)C(=O)N3CCN2CCCC2)cc1Nc1ncnc2cnc(N3CC[C@@H](F)C3)nc12,1,IC50,8.4,1,CHEMBL3697750
Cc1ccc(C(=O)Nc2cccc(C(C)(C)C#N)c2)cc1Nc1ncnc2cnc(N3CC[C@@H](F)C3)nc12,1,IC50,8.7,1,CHEMBL3697752
Cc1ccc(C(=O)NCc2cccc(C(F)(F)F)c2)cc1Nc1ncnc2cnc(N3CC[C@@H](F)C3)nc12,1,IC50,7.96,1,CHEMBL3697753
Cc1ccc(C(=O)Nc2ccccc2)cc1Nc1ncnc2cnc(N3CC[C@@H](F)C3)nc12,1,IC50,6.79,1,CHEMBL3697755
Cc1ccc(C(=O)Nc2ccc3c(c2)C(C)(C)C(=O)N3CCN2CCCC2)cc1Nc1ncnc2cnc(N3CCCCC3)nc12,1,IC50,8.4,1,CHEMBL3697757
Cc1ccc(C(=O)NCC2CCOC2)cc1Nc1ncnc2cnc(N3CCCCC3)nc12,0,IC50 (>),4.82,1,CHEMBL3697758
Cc1ccc(C(=O)Nc2cccc(C(C)(C)C#N)c2)cc1Nc1ncnc2cnc(N3CCCCC3)nc12,1,IC50,8.52,1,CHEMBL3697759
Cc1ccc(C(=O)NCc2cccc(C(F)(F)F)c2)cc1Nc1ncnc2cnc(N3CCCCC3)nc12,1,IC50,7.25,1,CHEMBL3697760
Cc1ccc(C(=O)NC2CCCCC2)cc1Nc1ncnc2cnc(N3CCCCC3)nc12,0,IC50 (>),5.0,1,CHEMBL3697761
Cc1ccc(C(=O)Nc2ccc(F)c(C(F)(F)F)c2)cc1Nc1ncnc2cnc(N3CCCN(C)CC3)nc12,1,IC50,8.52,1,CHEMBL3697762
Cc1ccc(C(=O)Nc2cccc(C(F)(F)F)c2)cc1Nc1ncnc2cnc(N3CCCN(C)CC3)nc12,1,IC50,8.7,1,CHEMBL3697763
Cc1ccc(C(=O)NCc2ccc(C(C)(C)C)cc2)cc1Nc1ncnc2cnc(N3CCCN(C)CC3)nc12,1,IC50,6.53,1,CHEMBL3697764
COc1ccc(C(F)(F)F)cc1NC(=O)c1ccc(C)c(Nc2ncnc3cnc(N4CCCN(C)CC4)nc23)c1,1,IC50,8.1,1,CHEMBL3697765
Cc1ccc(C(=O)Nc2ccc(Cl)c(C(F)(F)F)c2)cc1Nc1ncnc2cnc(N3CCCN(C)CC3)nc12,1,IC50,8.3,1,CHEMBL3697766
Cc1ccc(C(=O)NCc2ccc(C(F)(F)F)cc2)cc1Nc1ncnc2cnc(N3CCCN(C)CC3)nc12,1,IC50,6.77,1,CHEMBL3697767
Cc1ccc(C(=O)Nc2cccc(N(C)C)c2)cc1Nc1ncnc2cnc(N3CCCN(C)CC3)nc12,1,IC50,7.82,1,CHEMBL3697769
COc1ccc(C(C)(C)C)cc1NC(=O)c1ccc(C)c(Nc2ncnc3cnc(N4CCCN(C)CC4)nc23)c1,1,IC50,8.7,1,CHEMBL3697771
Cc1ccc(C(=O)NCc2ccc(C(C)(C)C)cc2)cc1Nc1ncnc2cnc(N3CCN(C)CC3)nc12,1,IC50,7.0,1,CHEMBL3697772
Cc1ccc(C(=O)NCc2ccc(C(F)(F)F)cc2)cc1Nc1ncnc2cnc(N3CCN(C)CC3)nc12,1,IC50,7.39,1,CHEMBL3697773
Cc1ccc(C(=O)Nc2cccc(N(C)C)c2)cc1Nc1ncnc2cnc(N3CCN(C)CC3)nc12,1,IC50,8.3,1,CHEMBL3697774
Cc1ccc(C(=O)Nc2cccc(C(C)(C)C)c2)cc1Nc1ncnc2cnc(N3CCN(C)CC3)nc12,1,IC50,9.0,1,CHEMBL3697775
COc1ccc(C(C)(C)C)cc1NC(=O)c1ccc(C)c(Nc2ncnc3cnc(N4CCN(C)CC4)nc23)c1,1,IC50,8.22,1,CHEMBL3697776
Cc1ccc(C(=O)Nc2ccc(F)c(C(F)(F)F)c2)cc1Nc1ncnc2cnc(N(C)CCN(C)C)nc12,1,IC50,7.54,1,CHEMBL3697777
Cc1ccc(C(=O)Nc2cccc(C(F)(F)F)c2)cc1Nc1ncnc2cnc(N(C)CCN(C)C)nc12,1,IC50,8.4,1,CHEMBL3697778
Cc1ccc(C(=O)NCc2ccc(C(C)(C)C)cc2)cc1Nc1ncnc2cnc(N(C)CCN(C)C)nc12,1,IC50,6.24,1,CHEMBL3697779
COc1ccc(C(F)(F)F)cc1NC(=O)c1ccc(C)c(Nc2ncnc3cnc(N(C)CCN(C)C)nc23)c1,1,IC50,7.82,1,CHEMBL3697780
Cc1ccc(C(=O)Nc2ccc(Cl)c(C(F)(F)F)c2)cc1Nc1ncnc2cnc(N(C)CCN(C)C)nc12,1,IC50,8.7,1,CHEMBL3697781
Cc1ccc(C(=O)Nc2cccc(OC(F)(F)F)c2)cc1Nc1ncnc2cnc(N(C)CCN(C)C)nc12,1,IC50,8.7,1,CHEMBL3697783
Cc1ccc(C(=O)Nc2cccc(N(C)C)c2)cc1Nc1ncnc2cnc(N(C)CCN(C)C)nc12,1,IC50,7.06,1,CHEMBL3697784
Cc1ccc(C(=O)Nc2cccc(C(C)(C)C)c2)cc1Nc1ncnc2cnc(N(C)CCN(C)C)nc12,1,IC50,8.22,1,CHEMBL3697785
COc1ccc(C(C)(C)C)cc1NC(=O)c1ccc(C)c(Nc2ncnc3cnc(N(C)CCN(C)C)nc23)c1,1,IC50,8.4,1,CHEMBL3697786
Cc1ccc(C(=O)NCc2ccc(C(C)(C)C)cc2)cc1Nc1ncnc2cnc(N3CC[C@@H](F)C3)nc12,1,IC50,7.32,1,CHEMBL3697787
Cc1ccc(C(=O)NCc2ccc(C(F)(F)F)cc2)cc1Nc1ncnc2cnc(N3CC[C@@H](F)C3)nc12,1,IC50,7.72,1,CHEMBL3697788
Cc1ccc(C(=O)NCc2ccc(C(C)(C)C)cc2)cc1Nc1ncnc2cnc(N3CCCCC3)nc12,1,IC50,6.34,1,CHEMBL3697791
Cc1ccc(C(=O)NCc2ccc(C(F)(F)F)cc2)cc1Nc1ncnc2cnc(N3CCCCC3)nc12,1,IC50,7.54,1,CHEMBL3697792
Cc1ccc(C(=O)Nc2cccc(N(C)C)c2)cc1Nc1ncnc2cnc(N3CCCCC3)nc12,1,IC50,9.0,1,CHEMBL3697793
Cc1ccc(C(=O)Nc2cccc(C(C)(C)C)c2)cc1Nc1ncnc2cnc(N3CCCCC3)nc12,1,IC50,8.7,1,CHEMBL3697794
COc1ccc(C(C)(C)C)cc1NC(=O)c1ccc(C)c(Nc2ncnc3cnc(N4CCCCC4)nc23)c1,1,IC50,8.0,1,CHEMBL3697795
Cc1ccc(C(=O)NCc2ccc(C(F)(F)F)cc2)cc1Nc1ncnc2cnc(N3CCCC3)nc12,1,IC50,7.4,1,CHEMBL3697796
Cc1ccc(C(=O)Nc2cccc(S(=O)(=O)N(C)C)c2)cc1Nc1ncnc2cnc(N3CCCN(C)CC3)nc12,1,IC50,7.72,1,CHEMBL3697797
Cc1ccc(C(=O)Nc2ccc3c(c2)C(C)(C)C(=O)N3CCN2CCCC2)cc1Nc1ncnc2cnc(N3CCCN(C)CC3)nc12,1,IC50,8.1,1,CHEMBL3697798
Cc1ccc(C(=O)Nc2ccccc2)cc1Nc1ncnc2cnc(N3CCCCC3)nc12,1,IC50,6.57,1,CHEMBL3697799
Cc1ccc(C(=O)Nc2ccc3c(c2)C(C)(C)C(=O)N3CCN2CCCC2)cc1Nc1ncnc2cnc(N3CCCC3)nc12,1,IC50,7.64,1,CHEMBL3697801
Cc1ccc(C(=O)NCC2CCOC2)cc1Nc1ncnc2cnc(N3CCCC3)nc12,0,IC50,4.82,1,CHEMBL3697802
Cc1ccc(C(=O)NCc2cccc(C(F)(F)F)c2)cc1Nc1ncnc2cnc(N3CCCC3)nc12,1,IC50,7.21,1,CHEMBL3697803
Cc1ccc(C(=O)NC2CCCCC2)cc1Nc1ncnc2cnc(N3CCCC3)nc12,0,IC50,4.82,1,CHEMBL3697804
Cc1ccc(C(=O)Nc2ccccc2)cc1Nc1ncnc2cnc(N3CCCC3)nc12,1,IC50,6.3,1,CHEMBL3697805
COc1ccc(C(F)(F)F)cc1NC(=O)c1ccc(C)c(Nc2ncnc3cnc(N4CCCCC4)nc23)c1,1,IC50,8.05,1,CHEMBL3697808
Cc1ccc(C(=O)Nc2cccc(N(C)C)c2)cc1Nc1ncnc2cnc(N3CCNCC3)nc12,1,IC50,7.82,1,CHEMBL3697809
Cc1ccc(C(=O)Nc2ccc(F)c(C(F)(F)F)c2)cc1Nc1ncnc2cnc(N3CCCC3)nc12,1,IC50,8.4,1,CHEMBL3697811
Cc1ccc(C(=O)Nc2cccc(C(F)(F)F)c2)cc1Nc1ncnc2cnc(N3CCCC3)nc12,1,IC50,9.0,1,CHEMBL3697812
Cc1ccc(C(=O)NCc2ccc(C(C)(C)C)cc2)cc1Nc1ncnc2cnc(N3CCCC3)nc12,1,IC50,6.08,1,CHEMBL3697813
COc1ccc(C(F)(F)F)cc1NC(=O)c1ccc(C)c(Nc2ncnc3cnc(N4CCCC4)nc23)c1,1,IC50,6.92,1,CHEMBL3697814
Cc1ccc(C(=O)Nc2ccc(Cl)c(C(F)(F)F)c2)cc1Nc1ncnc2cnc(N3CCCC3)nc12,1,IC50,7.48,1,CHEMBL3697815
Cc1ccc(C(=O)Nc2cccc(OC(F)(F)F)c2)cc1Nc1ncnc2cnc(N3CCCC3)nc12,1,IC50,7.7,1,CHEMBL3697816
Cc1ccc(C(=O)Nc2cccc(N(C)C)c2)cc1Nc1ncnc2cnc(N3CCCC3)nc12,1,IC50,8.0,1,CHEMBL3697817
Cc1ccc(C(=O)Nc2cccc(C(C)(C)C)c2)cc1Nc1ncnc2cnc(N3CCCC3)nc12,1,IC50,8.7,1,CHEMBL3697818
Cc1ccc(C(=O)Nc2ccc(C#N)c(C(F)(F)F)c2)cc1Nc1ncnc2cnc(N3CCCC3)nc12,1,IC50,7.51,1,CHEMBL3697819
Cc1ccc(C(=O)Nc2cccc(S(=O)(=O)N(C)C)c2)cc1Nc1ncnc2cnc(N3CCCC3)nc12,1,IC50,8.52,1,CHEMBL3697820
Cc1ccc(C(=O)Nc2cc(C(F)(F)F)ccn2)cc1Nc1ncnc2cnc(N3CCCC3)nc12,1,IC50,8.7,1,CHEMBL3697821
Cc1ccc(C(=O)Nc2cccc(C(C)(C)C#N)c2)cc1Nc1ncnc2cnc(N3CCCC3)nc12,1,IC50,8.22,1,CHEMBL3697822
COc1c(NC(=O)c2ccc(C)c(Nc3ncnc4cnc(N5CCCC5)nc34)c2)cc(C(C)(C)C)cc1NS(C)(=O)=O,1,IC50,7.64,1,CHEMBL3639966
Cc1ccc(C(=O)NCc2cccc(C(C)(C)C)c2)cc1Nc1ncnc2cnc(N3CCCC3)nc12,1,IC50,7.06,1,CHEMBL3697823
Cc1ccc(C(=O)Nc2cc(C(F)(F)F)ccn2)cc1Nc1ncnc2cnc(N(C)CCN(C)C)nc12,1,IC50,8.22,1,CHEMBL3697824
Cc1ccc(C(=O)Nc2ccc(C#N)c(C(F)(F)F)c2)cc1Nc1ncnc2cnc(N(C)CCN(C)C)nc12,1,IC50,8.3,1,CHEMBL3697826
Cc1ccc(C(=O)Nc2cc(C(F)(F)F)ccn2)cc1Nc1ncnc2cnc(N3CCCN(C)CC3)nc12,1,IC50,8.52,1,CHEMBL3697828
Cc1ccc(C(=O)Nc2ccc(C#N)c(C(F)(F)F)c2)cc1Nc1ncnc2cnc(N3CCCN(C)CC3)nc12,1,IC50,8.52,1,CHEMBL3697829
Cc1ccc(C(=O)Nc2nnc(C(F)(F)F)s2)cc1Nc1ncnc2cnc(N3CC[C@H](F)C3)nc12,1,IC50,6.56,1,CHEMBL3697830
Cc1ccc(C(=O)Nc2ccc(F)c(C(F)(F)F)c2)cc1Nc1ncnc2cnc(N3CC[C@H](F)C3)nc12,1,IC50,8.52,1,CHEMBL3697831
Cc1ccc(C(=O)Nc2cccc(C(F)(F)F)c2)cc1Nc1ncnc2cnc(N3CC[C@H](F)C3)nc12,1,IC50,9.0,1,CHEMBL3697832
COc1ccc(C(F)(F)F)cc1NC(=O)c1ccc(C)c(Nc2ncnc3cnc(N4CC[C@H](F)C4)nc23)c1,1,IC50,8.7,1,CHEMBL3697833
Cc1ccc(C(=O)Nc2ccc(Cl)c(C(F)(F)F)c2)cc1Nc1ncnc2cnc(N3CC[C@H](F)C3)nc12,1,IC50,7.89,1,CHEMBL3697834
Cc1ccc(C(=O)Nc2cccc(OC(F)(F)F)c2)cc1Nc1ncnc2cnc(N3CC[C@H](F)C3)nc12,1,IC50,9.0,1,CHEMBL3697835
COc1ccc(C(C)(C)C)cc1NC(=O)c1ccc(C)c(Nc2ncnc3cnc(N4CC[C@H](F)C4)nc23)c1,1,IC50,7.68,1,CHEMBL3697836
Cc1ccc(C(=O)Nc2ccc(C#N)c(C(F)(F)F)c2)cc1Nc1ncnc2cnc(N3CC[C@H](F)C3)nc12,1,IC50,7.44,1,CHEMBL3697837
Cc1ccc(C(=O)Nc2cccc(S(=O)(=O)N(C)C)c2)cc1Nc1ncnc2cnc(N3CC[C@H](F)C3)nc12,1,IC50,8.15,1,CHEMBL3697838
Cc1ccc(C(=O)Nc2cccc(C(C)(C)C)c2)cc1Nc1ncnc2cnc(N3CCOCC3)nc12,1,IC50,9.0,1,CHEMBL3697839
COc1c(NC(=O)c2ccc(C)c(Nc3ncnc4cnc(N5CC[C@H](F)C5)nc34)c2)cc(C(C)(C)C)cc1NS(C)(=O)=O,1,IC50,7.77,1,CHEMBL3697840
Cc1ccc(C(=O)Nc2nnc(C(F)(F)F)s2)cc1Nc1ncnc2cnc(N3CCN(C)CC3)nc12,1,IC50,6.7,1,CHEMBL3697841
Cc1ccc(C(=O)Nc2ccc(F)c(C(F)(F)F)c2)cc1Nc1ncnc2cnc(N3CCN(C)CC3)nc12,1,IC50,9.0,1,CHEMBL3697842
Cc1ccc(C(=O)Nc2cccc(C(F)(F)F)c2)cc1Nc1ncnc2cnc(N3CCN(C)CC3)nc12,1,IC50,9.0,1,CHEMBL3697843
COc1ccc(C(F)(F)F)cc1NC(=O)c1ccc(C)c(Nc2ncnc3cnc(N4CCN(C)CC4)nc23)c1,1,IC50,8.3,1,CHEMBL3697844
Cc1ccc(C(=O)Nc2ccc(Cl)c(C(F)(F)F)c2)cc1Nc1ncnc2cnc(N3CCN(C)CC3)nc12,1,IC50,8.4,1,CHEMBL3697845
Cc1ccc(C(=O)NCc2ccc(C(C)(C)C)cc2)cc1Nc1ncnc2cnc(N3CCOCC3)nc12,1,IC50,6.94,1,CHEMBL3697847
Cc1ccc(C(=O)Nc2cccc(S(=O)(=O)N(C)C)c2)cc1Nc1ncnc2cnc(N3CCN(C)CC3)nc12,1,IC50,8.15,1,CHEMBL3697848
Cc1ccc(C(=O)Nc2cccc(C(C)(C)C#N)c2)cc1Nc1ncnc2cnc(N3CCN(C)CC3)nc12,1,IC50,8.7,1,CHEMBL3697850
COc1ccc(C(C)(C)C)cc1NC(=O)c1ccc(C)c(Nc2ncnc3cnc(N4CCOCC4)nc23)c1,1,IC50,8.4,1,CHEMBL3697851
Cc1ccc(C(=O)NCc2ccc(C(F)(F)F)cc2)cc1Nc1ncnc2cnc(N3CCOCC3)nc12,1,IC50,6.94,1,CHEMBL3697852
Cc1ccc(C(=O)NCc2cccc(C(C)(C)C)c2)cc1Nc1ncnc2cnc(N3CCCCC3)nc12,1,IC50,7.33,1,CHEMBL3697853
Cc1ccc(C(=O)Nc2cccc(N(C)C)c2)cc1Nc1ncnc2cnc(N3CCOCC3)nc12,1,IC50,8.4,1,CHEMBL3697854
Cc1ccc(C(=O)NCc2cccc(C(C)(C)C)c2)cc1Nc1ncnc2cnc(N3CCN(C)CC3)nc12,1,IC50,7.3,1,CHEMBL3697855
Cc1ccc(C(=O)Nc2ccc(C#N)c(C(F)(F)F)c2)cc1Nc1ncnc2cnc(N3CCN(C)CC3)nc12,1,IC50,8.7,1,CHEMBL3697856
COc1c(NC(=O)c2ccc(C)c(Nc3ncnc4cnc(N5CCN(C)CC5)nc34)c2)cc(C(F)(F)F)cc1NS(C)(=O)=O,1,IC50,7.57,1,CHEMBL3697857
Cc1ccc(C(=O)Nc2nnc(C(F)(F)F)s2)cc1Nc1ncnc2cnc(N3CCOCC3)nc12,1,IC50,6.7,1,CHEMBL3697858
Cc1ccc(C(=O)Nc2ccc(F)c(C(F)(F)F)c2)cc1Nc1ncnc2cnc(N3CCOCC3)nc12,1,IC50,8.05,1,CHEMBL3697859
CN(C)CCN(C)c1ncc2ncnc(Nc3cc(C(=O)Nc4cc(C(C)(C)C)on4)ccc3F)c2n1,1,IC50,8.52,1,CHEMBL3697861
CN(CCN1CCCC1)c1ncc2ncnc(Nc3cc(C(=O)Nc4cc(C(C)(C)C)on4)ccc3F)c2n1,1,IC50,7.85,1,CHEMBL3697862
CN1CCN(c2ncc3ncnc(Nc4cc(C(=O)Nc5cc(C(C)(C)C)on5)ccc4F)c3n2)CC1,1,IC50,8.7,1,CHEMBL3697863
Cc1ccc(C(=O)Nc2cccc(S(=O)(=O)N(C)C)c2)cc1Nc1ncnc2cnc(N3CCOCC3)nc12,1,IC50,8.7,1,CHEMBL3697864
Cc1ccc(C(=O)Nc2cccc(C(C)(C)C#N)c2)cc1Nc1ncnc2cnc(N3CCOCC3)nc12,1,IC50,9.0,1,CHEMBL3697866
COc1c(NC(=O)c2ccc(C)c(Nc3ncnc4cnc(N5CCOCC5)nc34)c2)cc(C(C)(C)C)cc1NS(C)(=O)=O,1,IC50,7.96,1,CHEMBL3697867
Cc1ccc(C(=O)NCc2cccc(C(F)(F)F)c2)cc1Nc1ncnc2cnc(N3CCOCC3)nc12,1,IC50,7.26,1,CHEMBL3697868
Cc1ccc(C(=O)Nc2ccccc2)cc1Nc1ncnc2cnc(N3CCOCC3)nc12,1,IC50,6.54,1,CHEMBL3697870
Cc1ccc(C(=O)NCc2cccc(C(C)(C)C)c2)cc1Nc1ncnc2cnc(N3CCOCC3)nc12,1,IC50,7.25,1,CHEMBL3697871
Cc1ccc(C(=O)Nc2nnc(C(F)(F)F)s2)cc1Nc1ncnc2cnc(N3CCCCC3)nc12,1,IC50,6.36,1,CHEMBL3697872
Cc1ccc(C(=O)Nc2ccc(F)c(C(F)(F)F)c2)cc1Nc1ncnc2cnc(N3CCCCC3)nc12,1,IC50,7.77,1,CHEMBL3697873
Cc1ccc(C(=O)Nc2cccc(C(F)(F)F)c2)cc1Nc1ncnc2cnc(N3CCCCC3)nc12,1,IC50,8.22,1,CHEMBL3697874
Cc1ccc(C(=O)Nc2ccc(Cl)c(C(F)(F)F)c2)cc1Nc1ncnc2cnc(N3CCCCC3)nc12,1,IC50,8.0,1,CHEMBL3697875
Cc1ccc(C(=O)Nc2cccc(OC(F)(F)F)c2)cc1Nc1ncnc2cnc(N3CCCCC3)nc12,1,IC50,8.4,1,CHEMBL3697876
Cc1ccc(C(=O)Nc2ccc(C#N)c(C(F)(F)F)c2)cc1Nc1ncnc2cnc(N3CCCCC3)nc12,1,IC50,7.25,1,CHEMBL3697877
Cc1ccc(C(=O)Nc2cccc(S(=O)(=O)N(C)C)c2)cc1Nc1ncnc2cnc(N3CCCCC3)nc12,1,IC50,8.0,1,CHEMBL3697878
Cc1ccc(C(=O)Nc2cc(C(F)(F)F)ccn2)cc1Nc1ncnc2cnc(N3CCCCC3)nc12,1,IC50,8.1,1,CHEMBL3697879
Cc1ccc(C(=O)NCc2cccc(C(C)(C)C)c2)cc1Nc1ncnc2cnc(N3CCCN(C)CC3)nc12,1,IC50,6.85,1,CHEMBL3697880
Cc1ccc(C(=O)Nc2ccc(Cl)c(C(F)(F)F)c2)cc1Nc1ncnc2cnc(N3CCOCC3)nc12,1,IC50,8.7,1,CHEMBL3697881
COc1c(NC(=O)c2ccc(C)c(Nc3ncnc4cnc(N5CCCCC5)nc34)c2)cc(C(C)(C)C)cc1NS(C)(=O)=O,1,IC50,7.39,1,CHEMBL3697882
Cc1ccc(C(=O)Nc2cccc(C(F)(F)F)c2)cc1Nc1ncnc2cnc(N3CCNCC3)nc12,1,IC50,9.0,1,CHEMBL3697883
Cc1ccc(C(=O)Nc2ccc(C#N)c(C(F)(F)F)c2)cc1Nc1ncnc2cnc(N3CCOCC3)nc12,1,IC50,8.4,1,CHEMBL3697884
COc1ccc(C(C)(C)C)cc1NC(=O)c1ccc(C)c(Nc2ncnc3cnc(N4CCNCC4)nc23)c1,1,IC50,8.7,1,CHEMBL3697887
Cc1ccc(C(=O)Nc2cccc(S(=O)(=O)N(C)C)c2)cc1Nc1ncnc2cnc(N3CCNCC3)nc12,1,IC50,8.15,1,CHEMBL3697888
Cc1ccc(C(=O)Nc2cc(C(F)(F)F)ccn2)cc1Nc1ncnc2cnc(N3CC[C@H](F)C3)nc12,1,IC50,9.0,1,CHEMBL3697889
COc1ccc(C(F)(F)F)cc1NC(=O)c1ccc(C)c(Nc2ncnc3cnc(NC4CCOC4)nc23)c1,1,IC50,9.0,1,CHEMBL3697891
Cc1ccc(C(=O)n2nc(C(C)(C)C)cc2N)cc1Nc1ncnc2cnc(NC3CCOC3)nc12,1,IC50,7.7,1,CHEMBL3697897
COCCNc1ncc2ncnc(Nc3cc(C(=O)Nc4cc(C(C)(C)C)on4)ccc3C)c2n1,1,IC50,9.0,1,CHEMBL3697901
Cc1ccc(C(=O)Nc2cc(C(C)(C)C)on2)cc1Nc1ncnc2cnc(NCC3CCOC3)nc12,1,IC50,8.7,1,CHEMBL3697902
Cc1ccc(C(=O)Nc2cc(C(C)(C)C)on2)cc1Nc1ncnc2cnc(N(C)CC3CCOC3)nc12,1,IC50,8.52,1,CHEMBL3697903
Cc1ccc(C(=O)Nc2cc(C(C)(C)C)on2)cc1Nc1ncnc2cnc(NCC3CCCCO3)nc12,1,IC50,8.7,1,CHEMBL3697904
COC[C@@H]1CCCN1c1ncc2ncnc(Nc3cc(C(=O)Nc4cc(C(C)(C)C)on4)ccc3C)c2n1,1,IC50,8.52,1,CHEMBL3697905
Cc1ccc(C(=O)Nc2cc(C(C)(C)C)on2)cc1Nc1ncnc2cnc(N(C)C3CCOC3)nc12,1,IC50,9.0,1,CHEMBL3697907
Cc1ccc(C(=O)Nc2cc(C(C)(C)C)on2)cc1Nc1ncnc2cnc(N3CC(F)(F)C3)nc12,1,IC50,8.22,1,CHEMBL3697908
Cc1cn(-c2ncc3ncnc(Nc4cc(C(=O)Nc5cc(C(C)(C)C)on5)ccc4C)c3n2)cn1,1,IC50,8.7,1,CHEMBL3697909
Cc1ccc(C(=O)Nc2cc(C(C)(C)C)on2)cc1Nc1ncnc2cnc(N3C[C@@H](C)O[C@@H](C)C3)nc12,1,IC50,7.85,1,CHEMBL3697910
Cc1ccc(C(=O)Nc2cc(C(C)(C)C)on2)cc1Nc1ncnc2cnc(N3CCCOCC3)nc12,1,IC50,8.7,1,CHEMBL3697911
Cc1ccc(C(=O)Nc2cc(C(C)(C)C)on2)cc1Nc1ncnc2cnc(N3CCN(CCN4CCOCC4)CC3)nc12,1,IC50,9.0,1,CHEMBL3697912
Cc1cc(C(=O)Nc2cc(C(C)(C)C)nn2C)cc(Nc2ncnc3cnc(N4CCOCC4)nc23)c1C,1,IC50,8.3,1,CHEMBL3697913
Cc1cc(C(=O)Nc2cc(C(C)(C)C)nn2C)cc(Nc2ncnc3cnc(N4CCN(C)CC4)nc23)c1C,1,IC50,8.1,1,CHEMBL3697914
Cn1nc(C(C)(C)C)cc1NC(=O)c1cc(Cl)cc(Nc2ncnc3cnc(N4CCOCC4)nc23)c1,1,IC50,8.15,1,CHEMBL3697917
Cn1nc(C(C)(C)C)cc1NC(=O)c1cc(Cl)cc(Nc2ncnc3cnc(N4CCCC4)nc23)c1,1,IC50,8.4,1,CHEMBL3697918
CN1CCN(c2ncc3ncnc(Nc4cc(Cl)cc(C(=O)Nc5cc(C(C)(C)C)nn5C)c4)c3n2)CC1,1,IC50,8.1,1,CHEMBL3697919
CN(C)C1CCN(c2ncc3ncnc(Nc4cc(Cl)cc(C(=O)Nc5cc(C(C)(C)C)nn5C)c4)c3n2)C1,1,IC50,8.22,1,CHEMBL3697920
CC(C)(C)c1cc(NC(=O)c2ccc(F)c(Nc3ncnc4cnc(NC5CCOC5)nc34)c2)no1,1,IC50,8.52,1,CHEMBL3639967
CC(C)(C#N)c1cccc(NC(=O)c2ccc(F)c(Nc3ncnc4cnc(N5CCOCC5)nc34)c2)c1,1,IC50,8.4,1,CHEMBL3697923
Cn1nc(C(C)(C)C)cc1NC(=O)c1ccc(F)c(Nc2ncnc3cnc(N4CCOCC4)nc23)c1,1,IC50,8.7,1,CHEMBL3697924
CN1CCN(c2cc(NC(=O)c3ccc(F)c(Nc4ncnc5cnc(N6CCOCC6)nc45)c3)cc(C(F)(F)F)c2F)CC1,1,IC50,8.7,1,CHEMBL3697925
CC(C)(C#N)c1cccc(NC(=O)c2ccc(F)c(Nc3ncnc4cnc(NC5CCOC5)nc34)c2)c1,1,IC50,9.0,1,CHEMBL3697926
Cn1nc(C(C)(C)C)cc1NC(=O)c1ccc(F)c(Nc2ncnc3cnc(NC4CCOC4)nc23)c1,1,IC50,8.7,1,CHEMBL3697927
CC(C)(C)c1cc(NC(=O)c2ccc(F)c(Nc3ncnc4cnc(N5CCOCC5)nc34)c2)[nH]n1,1,IC50,9.0,1,CHEMBL3697931
CC(C)(C)c1cc(NC(=O)c2ccc(F)c(Nc3ncnc4cnc(NC5CCOC5)nc34)c2)[nH]n1,1,IC50,8.52,1,CHEMBL3697932
O=C(Nc1cc(C(F)(F)F)ccn1)c1ccc(F)c(Nc2ncnc3cnc(N4CCOCC4)nc23)c1,1,IC50,9.0,1,CHEMBL3697933
CN1CCC(CN2CCN(c3ncc4ncnc(Nc5cc(C(=O)Nc6cc(C(C)(C)C)on6)ccc5F)c4n3)CC2)CC1,1,IC50,9.0,1,CHEMBL3697934
COCCN1CCN(c2ncc3ncnc(Nc4cc(C(=O)Nc5cc(C(C)(C)C)on5)ccc4F)c3n2)CC1,1,IC50,8.4,1,CHEMBL3697935
CC(C)N1CCN(c2ncc3ncnc(Nc4cc(C(=O)Nc5cc(C(C)(C)C)on5)ccc4F)c3n2)CC1,1,IC50,8.52,1,CHEMBL3697936
CC(C)(C)c1cc(NC(=O)c2ccc(F)c(Nc3ncnc4cnc(N5CCN(CC6CC6)CC5)nc34)c2)no1,1,IC50,8.4,1,CHEMBL3697937
CCN1CCN(c2ncc3ncnc(Nc4cc(C(=O)Nc5cc(C(C)(C)C)on5)ccc4F)c3n2)CC1,1,IC50,9.0,1,CHEMBL3641025
CN(C)C1CCN(c2ncc3ncnc(Nc4cc(C(=O)Nc5cc(C(C)(C)C)on5)ccc4F)c3n2)C1,1,IC50,8.7,1,CHEMBL3641026
CN1CCC(N(C)c2ncc3ncnc(Nc4cc(C(=O)Nc5cc(C(C)(C)C)on5)ccc4F)c3n2)C1,1,IC50,8.4,1,CHEMBL3641027
CN(C)C1CCN(c2ncc3ncnc(Nc4cc(C(=O)Nc5cc(C(C)(C)C)on5)ccc4F)c3n2)CC1,1,IC50,8.52,1,CHEMBL3641028
COCCN1CCN(c2ncc3ncnc(Nc4cc(C(=O)Nc5ccc(OC)c(C(F)(F)F)c5)ccc4F)c3n2)CC1,1,IC50,8.7,1,CHEMBL3641029
COc1ccc(NC(=O)c2ccc(F)c(Nc3ncnc4cnc(N5CCN(C(C)C)CC5)nc34)c2)cc1C(F)(F)F,1,IC50,8.52,1,CHEMBL3641030
COc1ccc(NC(=O)c2ccc(F)c(Nc3ncnc4cnc(N5CCN(CC6CC6)CC5)nc34)c2)cc1C(F)(F)F,1,IC50,8.22,1,CHEMBL3641031
CCN1CCN(c2ncc3ncnc(Nc4cc(C(=O)Nc5ccc(OC)c(C(F)(F)F)c5)ccc4F)c3n2)CC1,1,IC50,8.3,1,CHEMBL3641032
COc1ccc(NC(=O)c2ccc(F)c(Nc3ncnc4cnc(N5CCC(N(C)C)CC5)nc34)c2)cc1C(F)(F)F,1,IC50,8.52,1,CHEMBL3641033
Cc1ccc(C(=O)Nc2cc(N(C)CCN(C)C)cc(C(F)(F)F)c2)cc1Nc1ncnc2cnc(N(C)CC3CCCCO3)nc12,1,IC50,8.0,1,CHEMBL3641034
CCN1CCN(c2cc(NC(=O)c3ccc(C)c(Nc4ncnc5cnc(N(C)CC6CCCCO6)nc45)c3)cc(C(F)(F)F)c2)CC1,1,IC50,7.6,1,CHEMBL3641035
COc1ccc(NC(=O)c2ccc(C)c(Nc3ncnc4cnc(N(C)CC5CCCCO5)nc34)c2)cc1C(F)(F)F,1,IC50,8.05,1,CHEMBL3641036
Cc1ccc(C(=O)Nc2cccc(OC(F)(F)F)c2)cc1Nc1ncnc2cnc(N3CCOCC3)nc12,1,IC50,9.0,1,CHEMBL3641037
COc1ccc(NC(=O)c2ccc(C)c(Nc3ncnc4cnc(N5CC[C@H](F)C5)nc34)c2)cc1C(F)(F)F,1,IC50,8.52,1,CHEMBL3641038
Cc1ccc(C(=O)Nc2cc(C(C)(C)C)on2)cc1Nc1ncnc2cnc(N3CC[C@H](F)C3)nc12,1,IC50,8.3,1,CHEMBL3641039
Cc1ccc(C(=O)Nc2cc(C(C)(C)C)nn2C)cc1Nc1ncnc2cnc(N3CCN(CC4CCN(C)CC4)CC3)nc12,1,IC50,8.15,1,CHEMBL3641041
COc1ccc(C(C)(C)C)cc1NC(=O)c1ccc(C)c(Nc2ncnc3cnc(N4CCN(CC5CCN(C)CC5)CC4)nc23)c1,1,IC50,8.52,1,CHEMBL3641042
Cc1ccc(C(=O)Nc2cccc(C(C)(C)C)c2)cc1Nc1ncnc2cnc(N3CCN(CC4CCN(C)CC4)CC3)nc12,1,IC50,9.0,1,CHEMBL3641043
Cc1ccc(C(=O)Nc2cc(C(C)(C)C)n[nH]2)cc1Nc1ncnc2cnc(N3CCN(CC4CCN(C)CC4)CC3)nc12,1,IC50,8.7,1,CHEMBL3641045
COc1ccc(NC(=O)c2ccc(C)c(Nc3ncnc4cnc(N5CCN(CC6CCN(C)CC6)CC5)nc34)c2)cc1C(F)(F)F,1,IC50,9.0,2,CHEMBL3641046
Cc1ccc(C(=O)Nc2cc(C(C)(C)C)on2)cc1Nc1ncnc2cnc(N3CCN(CC4CCN(C)CC4)CC3)nc12,1,IC50,9.0,1,CHEMBL3641047
COCCN1CCN(c2ncc3ncnc(Nc4cc(C(=O)Nc5cc(C(C)(C)C)nn5C)ccc4C)c3n2)CC1,1,IC50,7.92,1,CHEMBL3641048
COCCN1CCN(c2ncc3ncnc(Nc4cc(C(=O)Nc5cc(C(C)(C)C)ccc5OC)ccc4C)c3n2)CC1,1,IC50,8.3,1,CHEMBL3641049
CCN1CCN(c2cc(NC(=O)c3ccc(C)c(Nc4ncnc5cnc(N6CCN(CCOC)CC6)nc45)c3)cc(C(F)(F)F)c2)CC1,1,IC50,8.22,1,CHEMBL3641051
COCCN1CCN(c2ncc3ncnc(Nc4cc(C(=O)Nc5cc(C(C)(C)C)n[nH]5)ccc4C)c3n2)CC1,1,IC50,8.15,1,CHEMBL3641052
COCCN1CCN(c2ncc3ncnc(Nc4cc(C(=O)Nc5ccc(OC)c(C(F)(F)F)c5)ccc4C)c3n2)CC1,1,IC50,8.7,1,CHEMBL3641054
Cc1ccc(C(=O)Nc2cc(C(C)(C)C)nn2C)cc1Nc1ncnc2cnc(NCc3ccccc3)nc12,1,IC50,8.7,1,CHEMBL3641056
Cc1ccc(C(=O)Nc2cccc(C(C)(C)C#N)c2)cc1Nc1ncnc2cnc(NCc3ccccc3)nc12,1,IC50,8.15,1,CHEMBL3641057
COc1ccc(NC(=O)c2ccc(C)c(Nc3ncnc4cnc(N5C[C@H]6C[C@@H]5CN6C)nc34)c2)cc1C(F)(F)F,1,IC50,8.52,1,CHEMBL3641058
COc1ccc(NC(=O)c2ccc(C)c(Nc3ncnc4cnc(N5CCN(CC6CCOC6)CC5)nc34)c2)cc1C(F)(F)F,1,IC50,8.22,1,CHEMBL3641059
COc1ccc(NC(=O)c2ccc(C)c(Nc3ncnc4cnc(N5CCN(C6CC6)CC5)nc34)c2)cc1C(F)(F)F,1,IC50,8.15,1,CHEMBL3641060
COc1ccc(NC(=O)c2ccc(C)c(Nc3ncnc4cnc(N5CCC(N(C)C)CC5)nc34)c2)cc1C(F)(F)F,1,IC50,9.0,1,CHEMBL3641061
COc1ccc(NC(=O)c2ccc(C)c(Nc3ncnc4cnc(N5C[C@@H](C)N[C@@H](C)C5)nc34)c2)cc1C(F)(F)F,1,IC50,8.7,1,CHEMBL3641062
COc1ccc(NC(=O)c2ccc(C)c(Nc3ncnc4cnc(N5CCN(C(C)C)CC5)nc34)c2)cc1C(F)(F)F,1,IC50,8.7,1,CHEMBL3641063
Cc1ccc(C(=O)Nc2cc(N(C)CCN(C)C)cc(C(F)(F)F)c2)cc1Nc1ncnc2cnc(N3CC[C@H](F)C3)nc12,1,IC50,8.22,1,CHEMBL3641064
CCN1CCN(c2cc(NC(=O)c3ccc(C)c(Nc4ncnc5cnc(N6CC[C@H](F)C6)nc45)c3)cc(C(F)(F)F)c2)CC1,1,IC50,8.4,1,CHEMBL3641065
Cc1ccc(C(=O)Nc2cc(N(C)CCN(C)C)cc(C(F)(F)F)c2)cc1Nc1ncnc2cnc(N3CCCC3)nc12,1,IC50,6.57,1,CHEMBL3641066
CCN1CCN(c2cc(NC(=O)c3ccc(C)c(Nc4ncnc5cnc(N6CCOCC6)nc45)c3)cc(C(F)(F)F)c2)CC1,1,IC50,8.7,1,CHEMBL3641067
Cc1ccc(C(=O)Nc2cc(N(C)CCN(C)C)cc(C(F)(F)F)c2)cc1Nc1ncnc2cnc(N3CCOCC3)nc12,1,IC50,9.0,1,CHEMBL3641068
COc1ccc(NC(=O)c2ccc(C)c(Nc3ncnc4cnc(N5CCCN(C)CC5)nc34)c2)cc1C(F)(F)F,1,IC50,9.0,1,CHEMBL3641069
COc1ccc(NC(=O)c2ccc(C)c(Nc3ncnc4cnc(N5CCN(CC(C)C)CC5)nc34)c2)cc1C(F)(F)F,1,IC50,8.4,1,CHEMBL3641070
COc1ccc(NC(=O)c2ccc(C)c(Nc3ncnc4cnc(N5CCCC5)nc34)c2)cc1C(F)(F)F,1,IC50,8.7,1,CHEMBL3641071
Cc1ccc(C(=O)Nc2cc(C(C)(C)C)n[nH]2)cc1Nc1ncnc2cnc(N3CCCN(C)CC3)nc12,1,IC50,8.22,1,CHEMBL3641072
Cc1ccc(C(=O)Nc2cc(C(C)(C)C)n[nH]2)cc1Nc1ncnc2cnc(N3CCN(CC(C)C)CC3)nc12,1,IC50,7.89,1,CHEMBL3641073
Cc1ccc(C(=O)Nc2cc(C(C)(C)C)n[nH]2)cc1Nc1ncnc2cnc(N3CCN(C)CC3)nc12,1,IC50,8.1,1,CHEMBL3641074
Cc1ccc(C(=O)Nc2cc(C(F)(F)F)ccn2)cc1Nc1ncnc2cnc(N3CCN(CC(C)C)CC3)nc12,1,IC50,8.52,1,CHEMBL3641075
Cc1cn(-c2cc(NC(=O)c3ccc(C)c(Nc4ncnc5cnc(N6CCC(F)(F)C6)nc45)c3)cc(C(F)(F)F)c2)cn1,1,IC50,8.52,1,CHEMBL3641076
Cc1cn(-c2cc(NC(=O)c3ccc(C)c(Nc4ncnc5cnc(N6CC[C@H](F)C6)nc45)c3)cc(C(F)(F)F)c2)cn1,1,IC50,8.4,1,CHEMBL3641077
Cc1ccc(C(=O)Nc2cc(N3CCN(CC(C)C)CC3)cc(C(F)(F)F)c2)cc1Nc1ncnc2cnc(N3CC[C@H](F)C3)nc12,1,IC50,8.1,1,CHEMBL3641078
Cc1ccc(C(=O)Nc2cc(N3CCN(C(C)C)CC3)cc(C(F)(F)F)c2)cc1Nc1ncnc2cnc(N3CC[C@H](F)C3)nc12,1,IC50,8.52,1,CHEMBL3641079
Cc1ccc(C(=O)Nc2cc(N3CCN(C)CC3)cc(C(F)(F)F)c2)cc1Nc1ncnc2cnc(N3CC[C@H](F)C3)nc12,1,IC50,8.4,1,CHEMBL3641080
Cc1ccc(C(=O)Nc2cc(N3CCCN(C)CC3)cc(C(F)(F)F)c2)cc1Nc1ncnc2cnc(N3CC[C@H](F)C3)nc12,1,IC50,9.0,1,CHEMBL3641081
Cc1ccc(C(=O)Nc2cc(CN3CCCC3)cc(C(F)(F)F)c2)cc1Nc1ncnc2cnc(N3CC[C@H](F)C3)nc12,1,IC50,8.7,1,CHEMBL3641082
Cc1ccc(C(=O)Nc2cc(N3CCN(CC(C)C)CC3)cc(C(F)(F)F)c2)cc1Nc1ncnc2cnc(N3CCOCC3)nc12,1,IC50,8.4,1,CHEMBL3641083
Cc1ccc(C(=O)Nc2cc(N3CCN(C(C)C)CC3)cc(C(F)(F)F)c2)cc1Nc1ncnc2cnc(N3CCOCC3)nc12,1,IC50,8.7,1,CHEMBL3641084
Cc1ccc(C(=O)Nc2cc(N3CCN(C)CC3)cc(C(F)(F)F)c2)cc1Nc1ncnc2cnc(N3CCOCC3)nc12,1,IC50,9.0,1,CHEMBL3641085
Cc1ccc(C(=O)Nc2cc(N3CCCN(C)CC3)cc(C(F)(F)F)c2)cc1Nc1ncnc2cnc(N3CCOCC3)nc12,1,IC50,8.7,1,CHEMBL3641086
COCCN(C)c1ncc2ncnc(Nc3cc(C(=O)Nc4cc(C(C)(C)C)nn4C)ccc3C)c2n1,1,IC50,8.7,1,CHEMBL3641087
COCCN(C)c1ncc2ncnc(Nc3cc(C(=O)Nc4cccc(C(F)(F)F)c4)ccc3C)c2n1,1,IC50,8.7,1,CHEMBL3641088
CCN1CCN(c2cc(NC(=O)c3ccc(C)c(Nc4ncnc5cnc(N(C)CCOC)nc45)c3)cc(C(F)(F)F)c2)CC1,1,IC50,8.7,1,CHEMBL3641091
COCCN(C)c1ncc2ncnc(Nc3cc(C(=O)Nc4cc(C(C)(C)C)n[nH]4)ccc3C)c2n1,1,IC50,8.4,1,CHEMBL3641092
COCCN(C)c1ncc2ncnc(Nc3cc(C(=O)Nc4cc(C(F)(F)F)ccn4)ccc3C)c2n1,1,IC50,8.7,1,CHEMBL3641093
COCCN(C)c1ncc2ncnc(Nc3cc(C(=O)Nc4ccc(OC)c(C(F)(F)F)c4)ccc3C)c2n1,1,IC50,9.0,1,CHEMBL3641094
COCCN(C)c1ncc2ncnc(Nc3cc(C(=O)Nc4cc(C(C)(C)C)on4)ccc3C)c2n1,1,IC50,9.0,1,CHEMBL3641095
Cc1ccc(C(=O)Nc2cc(C(C)(C)C)nn2C)cc1Nc1ncnc2cnc(N(C)CC3CCCCO3)nc12,1,IC50,7.77,1,CHEMBL3639399
Cc1ccc(C(=O)Nc2cc(C(C)(C)C)on2)cc1Nc1ncnc2cnc(N(C)CC3CCCCO3)nc12,1,IC50,8.4,1,CHEMBL3641096
Cc1ccc(C(=O)Nc2cc(C(C)(C)C)on2)cc1Nc1ncnc2cnc(N3CCN(CCCN4CCCC4)CC3)nc12,1,IC50,9.0,1,CHEMBL3641097
Cc1ccc(C(=O)Nc2cc(C(C)(C)C)on2)cc1Nc1ncnc2cnc(N3CCN(CC4CCOC4)CC3)nc12,1,IC50,8.4,1,CHEMBL3641098
Cc1ccc(C(=O)Nc2cc(C(C)(C)C)on2)cc1Nc1ncnc2cnc(N3CCN(CC4CCCN(C)C4)CC3)nc12,1,IC50,9.0,1,CHEMBL3641099
Cc1ccc(C(=O)Nc2cc(C(C)(C)C)on2)cc1Nc1ncnc2cnc(N3CCN4CCCC4C3)nc12,1,IC50,8.52,1,CHEMBL3641100
Cc1ccc(C(=O)Nc2cc(C(C)(C)C)on2)cc1Nc1ncnc2cnc(N3CCC(N4CCCCC4)CC3)nc12,1,IC50,8.52,1,CHEMBL3641101
Cc1ccc(C(=O)Nc2cc(C(C)(C)C)on2)cc1Nc1ncnc2cnc(N3CCN(C4CCN(C)CC4)CC3)nc12,1,IC50,8.4,1,CHEMBL3641102
Cc1ccc(C(=O)Nc2cc(C(C)(C)C)on2)cc1Nc1ncnc2cnc(NCC(C)C)nc12,1,IC50,7.89,1,CHEMBL3641103
Cc1ccc(C(=O)Nc2cc(C(C)(C)C)on2)cc1Nc1ncnc2cnc(N3CCC(N4C[C@@H](C)O[C@@H](C)C4)CC3)nc12,1,IC50,8.22,1,CHEMBL3641104
Cc1ccc(C(=O)Nc2cc(C(C)(C)C)on2)cc1Nc1ncnc2cnc(N3CCC(N4CCOCC4)CC3)nc12,1,IC50,9.0,1,CHEMBL3641105
Cc1ccc(C(=O)Nc2cc(C(C)(C)C)on2)cc1Nc1ncnc2cnc(N3CCC(N4CCCC4)CC3)nc12,1,IC50,8.7,1,CHEMBL3641106
CCN1CCN(c2ncc3ncnc(Nc4cc(C(=O)Nc5cc(C(C)(C)C)on5)ccc4C)c3n2)CC1,1,IC50,8.7,1,CHEMBL3641107
Cc1ccc(C(=O)Nc2cc(C(C)(C)C)on2)cc1Nc1ncnc2cnc(N3CCN(C(C)C)CC3)nc12,1,IC50,8.7,1,CHEMBL3641108
Cc1ccc(C(=O)Nc2cc(C(C)(C)C)on2)cc1Nc1ncnc2cnc(N3CCN(C4CC4)CC3)nc12,1,IC50,8.3,1,CHEMBL3641109
Cc1ccc(C(=O)Nc2cc(C(C)(C)C)on2)cc1Nc1ncnc2cnc(N3CCN(CC(C)C)CC3)nc12,1,IC50,8.4,1,CHEMBL3641110
Cc1ccc(C(=O)Nc2cc(C(C)(C)C)on2)cc1Nc1ncnc2cnc(N3CCC(N(C)C)CC3)nc12,1,IC50,8.7,1,CHEMBL3641111
Cc1ccc(C(=O)Nc2cc(C(C)(C)C)on2)cc1Nc1ncnc2cnc(N3C[C@@H](C)N[C@@H](C)C3)nc12,1,IC50,8.7,1,CHEMBL3641112
Cc1ccc(C(=O)Nc2cc(C(C)(C)C)on2)cc1Nc1ncnc2cnc(N3C[C@H]4C[C@@H]3CN4C)nc12,1,IC50,8.7,1,CHEMBL3641113
Cc1ccc(C(=O)Nc2cc(C(C)(C)C)nn2C)cc1Nc1ncnc2cnc(NCC(C)C)nc12,1,IC50,8.52,1,CHEMBL3641114
COCCN1CCN(c2ncc3ncnc(Nc4cc(C(=O)Nc5cc(N6CCN(C)CC6)c(F)c(C(F)(F)F)c5)ccc4C)c3n2)CC1,1,IC50,7.6,1,CHEMBL3641116
COCCN1CCN(c2ncc3ncnc(Nc4cc(C(=O)Nc5cc(-n6cnc(C)c6)cc(C(F)(F)F)c5)ccc4C)c3n2)CC1,1,IC50,8.1,1,CHEMBL3641117
Cc1ccc(C(=O)Nc2cc(N3CCN(C)CC3)c(F)c(C(F)(F)F)c2)cc1Nc1ncnc2cnc(N3CCOCC3)nc12,1,IC50,9.0,1,CHEMBL3641118
Cc1ccc(C(=O)Nc2cc(C(C)(C)C)on2)cc1Nc1ncnc2cnc(N3CCN(C)CC3)nc12,1,IC50,8.7,1,CHEMBL3641119
COCCN1CCN(c2ncc3ncnc(Nc4cc(C(=O)Nc5cc(C(C)(C)C)cc(NS(C)(=O)=O)c5OC)ccc4C)c3n2)CC1,1,IC50,7.31,1,CHEMBL3641120
Cc1ccc(C(=O)Nc2cc(N3CCN(C)CC3)c(F)c(C(F)(F)F)c2)cc1Nc1ncnc2cnc(NC3CCOC3)nc12,1,IC50,8.4,1,CHEMBL3641121
Cc1cn(-c2cc(NC(=O)c3ccc(C)c(Nc4ncnc5cnc(NC6CCOC6)nc45)c3)cc(C(F)(F)F)c2)cn1,1,IC50,9.0,1,CHEMBL3641122
Cc1ccc(C(=O)Nc2cc(C(C)(C)C)n[nH]2)cc1Nc1ncnc2cnc(N3CC[C@H](F)C3)nc12,1,IC50,8.52,1,CHEMBL3641123
Cc1ccc(C(=O)Nc2cc(N3CCN(C)CC3)c(F)c(C(F)(F)F)c2)cc1Nc1ncnc2cnc(N3CCN(CC4CCN(C)CC4)CC3)nc12,1,IC50,8.3,1,CHEMBL3641124
Cc1ccc(C(=O)Nc2cc(N3CCN(C)CC3)c(F)c(C(F)(F)F)c2)cc1Nc1ncnc2cnc(N3CC[C@H](F)C3)nc12,1,IC50,8.4,1,CHEMBL3641126
Cc1ccc(C(=O)Nc2cc(C(C)(C)C)n[nH]2)cc1Nc1ncnc2cnc(NCc3ccccc3)nc12,1,IC50,8.7,1,CHEMBL3641127
Cc1ccc(C(=O)Nc2cc(C(C)(C)C)nn2C)cc1Nc1ncnc2cnc(N3CCOCC3)nc12,1,IC50,9.0,1,CHEMBL3641128
Cc1ccc(C(=O)Nc2cc(N3CCCN(C)CC3)cc(C(F)(F)F)c2)cc1Nc1ncnc2cnc(N(C)CCF)nc12,1,IC50,9.0,1,CHEMBL3641129
COCCN1CCN(c2ncc3ncnc(Nc4cc(C(=O)Nc5cc(C(C)(C)C)on5)ccc4C)c3n2)CC1,1,IC50,8.52,1,CHEMBL3641132
Cc1ccc(C(=O)Nc2cc(N3CCN(C)CC3)cc(C(F)(F)F)c2)cc1Nc1ncnc2cnc(N(C)CCF)nc12,1,IC50,8.7,1,CHEMBL3641133
Cc1ccc(C(=O)Nc2cccc(C(C)(C)C#N)c2)cc1Nc1ncnc2cnc(NCC(C)C)nc12,1,IC50,8.7,1,CHEMBL3641135
Cc1ccc(C(=O)Nc2cc(C(C)(C)C)on2)cc1Nc1ncnc2cnc(NCc3ccccc3)nc12,1,IC50,8.7,1,CHEMBL3641136
Cc1ccc(C(=O)Nc2cc(C(F)(F)F)ccn2)cc1Nc1ncnc2cnc(NCc3ccccc3)nc12,1,IC50,8.52,1,CHEMBL3641137
Cc1ccc(C(=O)Nc2cc(OCCN3CCCC3)cc(C(F)(F)F)c2)cc1Nc1ncnc2cnc(N3CCOCC3)nc12,1,IC50,9.0,1,CHEMBL3641138
Cc1ccc(C(=O)Nc2cc(N3C[C@@H](C)N[C@@H](C)C3)cc(C(F)(F)F)c2)cc1Nc1ncnc2cnc(N3CCOCC3)nc12,1,IC50,8.52,1,CHEMBL3641139
Cc1ccc(C(=O)Nc2cc(N3CCOCC3)cc(C(F)(F)F)c2)cc1Nc1ncnc2cnc(N3CCOCC3)nc12,1,IC50,8.52,1,CHEMBL3641140
Cc1ccc(C(=O)Nc2cc(N3CCN(CCO)CC3)cc(C(F)(F)F)c2)cc1Nc1ncnc2cnc(N3CCOCC3)nc12,1,IC50,8.4,1,CHEMBL3641141
Cc1ccc(C(=O)Nc2cc(CN3CCCC3)c(Cl)c(C(F)(F)F)c2)cc1Nc1ncnc2cnc(N3CCOCC3)nc12,1,IC50,8.7,1,CHEMBL3641143
Cc1ccc(C(=O)Nc2cc(OCCN3CCOCC3)cc(C(F)(F)F)c2)cc1Nc1ncnc2cnc(N3CCOCC3)nc12,1,IC50,8.52,1,CHEMBL3641144
Cc1ccc(C(=O)Nc2cc(-n3ccnc3)cc(C(F)(F)F)c2)cc1Nc1ncnc2cnc(N3CCOCC3)nc12,1,IC50,6.24,1,CHEMBL3641145
COCCN1CCN(c2ncc3ncnc(Nc4cc(C(=O)Nc5cc(C(F)(F)F)ccc5C#N)ccc4C)c3n2)CC1,1,IC50,7.89,1,CHEMBL3641146
COCCN1CCN(c2ncc3ncnc(Nc4cc(C(=O)Nc5ccc(C#N)c(C(F)(F)F)c5)ccc4C)c3n2)CC1,1,IC50,8.7,1,CHEMBL3641147
COCCN1CCN(c2ncc3ncnc(Nc4cc(C(=O)Nc5cc(C(F)(F)F)ccc5Cl)ccc4C)c3n2)CC1,1,IC50,8.22,1,CHEMBL3641148
COCCN1CCN(c2ncc3ncnc(Nc4cc(C(=O)Nc5cc(C(F)(F)F)ccc5N5CCOCC5)ccc4C)c3n2)CC1,1,IC50,6.97,1,CHEMBL3641149
COCCN1CCN(c2ncc3ncnc(Nc4cc(C(=O)Nc5cc(OC)cc(C(F)(F)F)c5)ccc4C)c3n2)CC1,1,IC50,8.4,1,CHEMBL3641150
COCCN1CCN(c2ncc3ncnc(Nc4cc(C(=O)Nc5ccc(F)c(C(F)(F)F)c5)ccc4C)c3n2)CC1,1,IC50,9.0,1,CHEMBL3641151
COCCN1CCN(c2ncc3ncnc(Nc4cc(C(=O)Nc5cc(C(F)(F)F)ccc5-n5ccnn5)ccc4C)c3n2)CC1,1,IC50,7.92,1,CHEMBL3641152
COCCN1CCN(c2ncc3ncnc(Nc4cc(C(=O)Nc5cc(C(F)(F)F)ccc5-n5cccn5)ccc4C)c3n2)CC1,1,IC50,8.0,1,CHEMBL3641153
COc1c(CN2CCCC2)cc(C(F)(F)F)cc1NC(=O)c1ccc(C)c(Nc2ncnc3cnc(N4CCOCC4)nc23)c1,1,IC50,8.7,1,CHEMBL3641154
COc1c(CNC(C)C)cc(C(F)(F)F)cc1NC(=O)c1ccc(C)c(Nc2ncnc3cnc(N4CCOCC4)nc23)c1,1,IC50,8.3,1,CHEMBL3641155
COc1c(CN2CCCC2)cc(C(F)(F)F)cc1NC(=O)c1ccc(C)c(Nc2ncnc3cnc(N4CC[C@H](F)C4)nc23)c1,1,IC50,7.82,1,CHEMBL3641156
COc1c(CNC(C)C)cc(C(F)(F)F)cc1NC(=O)c1ccc(C)c(Nc2ncnc3cnc(N4CC[C@H](F)C4)nc23)c1,1,IC50,7.92,1,CHEMBL3641157
COc1ccc(NC(=O)c2ccc(C)c(Nc3ncnc4cnc(N(C)CC5CCCO5)nc34)c2)cc1C(F)(F)F,1,IC50,8.52,1,CHEMBL3641158
COc1ccc(NC(=O)c2ccc(C)c(Nc3ncnc4cnc(NCC5CCCCO5)nc34)c2)cc1C(F)(F)F,1,IC50,9.0,1,CHEMBL3641159
COC[C@@H]1CCCN1c1ncc2ncnc(Nc3cc(C(=O)Nc4ccc(OC)c(C(F)(F)F)c4)ccc3C)c2n1,1,IC50,8.7,1,CHEMBL3641160
COc1ccc(NC(=O)c2ccc(C)c(Nc3ncnc4cnc(N5CCC[C@H]5CO)nc34)c2)cc1C(F)(F)F,1,IC50,8.4,1,CHEMBL3641161
COc1ccc(NC(=O)c2ccc(C)c(Nc3ncnc4cnc(N(C)C5CCOC5)nc34)c2)cc1C(F)(F)F,1,IC50,8.52,1,CHEMBL3641163
COc1ccc(NC(=O)c2ccc(C)c(Nc3ncnc4cnc(-n5cnc(C)c5)nc34)c2)cc1C(F)(F)F,1,IC50,8.1,1,CHEMBL3641164
COc1ccc(NC(=O)c2ccc(C)c(Nc3ncnc4cnc(N5C[C@@H](C)O[C@@H](C)C5)nc34)c2)cc1C(F)(F)F,1,IC50,8.4,1,CHEMBL3641165
COc1ccc(NC(=O)c2ccc(C)c(Nc3ncnc4cnc(N5CCCOCC5)nc34)c2)cc1C(F)(F)F,1,IC50,9.0,1,CHEMBL3641166
COc1ccc(NC(=O)c2ccc(C)c(Nc3ncnc4cnc(N5CCN(CCN6CCOCC6)CC5)nc34)c2)cc1C(F)(F)F,1,IC50,7.77,1,CHEMBL3641167
COc1ccc(NC(=O)c2ccc(C)c(Nc3ncnc4cnc(N5CCN(CCCN6CCCC6)CC5)nc34)c2)cc1C(F)(F)F,1,IC50,8.7,1,CHEMBL3641168
COc1ccc(NC(=O)c2ccc(C)c(Nc3ncnc4cnc(N5CCN(CC6CCCN(C)C6)CC5)nc34)c2)cc1C(F)(F)F,1,IC50,8.52,1,CHEMBL3641169
COc1ccc(NC(=O)c2ccc(C)c(Nc3ncnc4cnc(N5CCN6CCCCC6C5)nc34)c2)cc1C(F)(F)F,1,IC50,7.75,1,CHEMBL3641170
COc1ccc(NC(=O)c2ccc(C)c(Nc3ncnc4cnc(N5CCC(N6CCCCC6)CC5)nc34)c2)cc1C(F)(F)F,1,IC50,8.15,1,CHEMBL3641171
COc1ccc(NC(=O)c2ccc(C)c(Nc3ncnc4cnc(N5CCN(C6CCN(C)CC6)CC5)nc34)c2)cc1C(F)(F)F,1,IC50,8.4,1,CHEMBL3641172
COc1ccc(NC(=O)c2ccc(C)c(Nc3ncnc4cnc(N5CCC(N6CCOCC6)CC5)nc34)c2)cc1C(F)(F)F,1,IC50,7.64,1,CHEMBL3641173
COc1ccc(NC(=O)c2ccc(C)c(Nc3ncnc4cnc(N5CCC(N6C[C@@H](C)O[C@@H](C)C6)CC5)nc34)c2)cc1C(F)(F)F,1,IC50,7.85,1,CHEMBL3641174
COc1ccc(NC(=O)c2ccc(C)c(Nc3ncnc4cnc(N5CCC(N6CCCC6)CC5)nc34)c2)cc1C(F)(F)F,1,IC50,8.15,1,CHEMBL3641175
CCN1CCN(c2ncc3ncnc(Nc4cc(C(=O)Nc5ccc(OC)c(C(F)(F)F)c5)ccc4C)c3n2)CC1,1,IC50,8.05,1,CHEMBL3641176
COc1ccc(NC(=O)c2ccc(C)c(Nc3ncnc4cnc(N5CCC(N(C)C)C5)nc34)c2)cc1C(F)(F)F,1,IC50,8.7,1,CHEMBL3641177
COc1ccc(NC(=O)c2ccc(C)c(Nc3ncnc4cnc(N(C)C5CCN(C)C5)nc34)c2)cc1C(F)(F)F,1,IC50,9.0,1,CHEMBL3641178
COc1ncc2ncnc(Nc3cc(C(=O)Nc4cc(C(C)(C)C)nn4C)ccc3C)c2n1,1,IC50,7.96,1,CHEMBL3641179
COc1ncc2ncnc(Nc3cc(C(=O)Nc4cc(N5CCN(C(C)C)CC5)cc(C(F)(F)F)c4)ccc3C)c2n1,1,IC50,8.7,1,CHEMBL3641180
COc1ncc2ncnc(Nc3cc(C(=O)Nc4cccc(C(F)(F)F)c4)ccc3C)c2n1,1,IC50,9.0,1,CHEMBL3641181
COc1ncc2ncnc(Nc3cc(C(=O)Nc4ccc(OC)c(C(F)(F)F)c4)ccc3C)c2n1,1,IC50,8.7,1,CHEMBL3641182
COc1ncc2ncnc(Nc3cc(C(=O)Nc4cc(N(C)CCN(C)C)cc(C(F)(F)F)c4)ccc3C)c2n1,1,IC50,8.7,1,CHEMBL3641184
COc1ncc2ncnc(Nc3cc(C(=O)Nc4cc(CN5CCCC5)cc(C(F)(F)F)c4)ccc3C)c2n1,1,IC50,9.0,1,CHEMBL3641185
COc1ncc2ncnc(Nc3cc(C(=O)Nc4cc(C(C)(C)C)n[nH]4)ccc3C)c2n1,1,IC50,8.52,1,CHEMBL3641186
COc1ncc2ncnc(Nc3cc(C(=O)Nc4cc(C(C)(C)C)on4)ccc3C)c2n1,1,IC50,8.7,1,CHEMBL3641187
Cc1ccc(C(=O)Nc2cc(C(C)(C)C)on2)cc1N(C)c1ncnc2cnc(N3CCOCC3)nc12,1,IC50,7.55,1,CHEMBL3641188
Cc1ccc(C(=O)Nc2cc(C(C)(C)C)on2)cc1N(C)c1ncnc2cnc(NC3CCOC3)nc12,1,IC50,7.48,1,CHEMBL3641189
COCCN1CCN(c2ncc3ncnc(N(C)c4cc(C(=O)Nc5cc(C(C)(C)C)on5)ccc4C)c3n2)CC1,1,IC50,7.13,1,CHEMBL3641190
Cc1ccc(C(=O)Nc2cc(C(C)(C)C)on2)cc1N(C)c1ncnc2cnc(N3CC[C@H](F)C3)nc12,1,IC50,7.5,1,CHEMBL3641191
COc1ccc(NC(=O)c2ccc(C)c(N(C)c3ncnc4cnc(N5CCOCC5)nc34)c2)cc1C(F)(F)F,1,IC50,7.75,1,CHEMBL3641192
COc1ccc(NC(=O)c2ccc(C)c(N(C)c3ncnc4cnc(NC5CCOC5)nc34)c2)cc1C(F)(F)F,1,IC50,7.57,1,CHEMBL3641193
COCCN1CCN(c2ncc3ncnc(N(C)c4cc(C(=O)Nc5ccc(OC)c(C(F)(F)F)c5)ccc4C)c3n2)CC1,1,IC50,6.71,1,CHEMBL3641194
COc1ccc(NC(=O)c2ccc(C)c(N(C)c3ncnc4cnc(N5CC[C@H](F)C5)nc34)c2)cc1C(F)(F)F,1,IC50,7.19,1,CHEMBL3639400
Cc1ccc(C(=O)Nc2cc(C(C)(C)C)nn2C)cc1Oc1ncnc2cnc(N3CCOCC3)nc12,1,IC50,9.0,1,CHEMBL3641195
COc1ccc(NC(=O)c2ccc(C)c(Nc3ncnc4cnc(NC5CC(N6CCN(C)CC6)C5)nc34)c2)cc1C(F)(F)F,1,IC50,9.0,1,CHEMBL3641197
COCCN1CCC(Nc2ncc3ncnc(Nc4cc(C(=O)Nc5cc(C(C)(C)C)on5)ccc4C)c3n2)CC1,1,IC50,9.0,1,CHEMBL3641198
Cc1ccc(C(=O)Nc2ccnc(C(C)(C)C)c2)cc1Nc1ncnc2cnc(NC3CCN(C)CC3)nc12,1,IC50,9.0,1,CHEMBL3641199
Cc1ccc(C(=O)Nc2cc(C(C)(C)C)on2)cc1Nc1ncnc2cnc(N(C)C3CC(N4CCN(C)CC4)C3)nc12,1,IC50,8.7,1,CHEMBL3641200
Cc1ccc(C(=O)Nc2ccnc(C(C)(C)C)c2)cc1Nc1ncnc2cnc(N(C)C3CC(N4CCN(C)CC4)C3)nc12,1,IC50,8.3,1,CHEMBL3641201
COc1ccc(NC(=O)c2ccc(C)c(Nc3ncnc4cnc(N5CCC(CN(C)C)CC5)nc34)c2)cc1C(F)(F)F,1,IC50,9.0,1,CHEMBL3641203
Cc1ccc(C(=O)Nc2cc(C(C)(C)C)n[nH]2)cc1Nc1ncnc2cnc(N3CCC(CN4CCCC4)CC3)nc12,1,IC50,8.52,1,CHEMBL3641204
CC1=Nc2ccc(NC(=O)c3ccc(C)c(Nc4ncnc5cnc(N6CCC(CN7CCCC7)CC6)nc45)c3)cc2C1(C)C,1,IC50,8.22,1,CHEMBL3641205
Cc1ccc(C(=O)Nc2cc(C(C)(C)C)n[nH]2)cc1Nc1ncnc2cnc(N3CCN(CC4CCOC4)CC3)nc12,1,IC50,8.05,1,CHEMBL3641206
Cc1ccc(C(=O)Nc2cc(C(C)(C)C)on2)cc1Nc1ncnc2cnc(N3CCC4(CCN(C)C4)C3)nc12,1,IC50,9.0,1,CHEMBL3641207
Cc1ccc(C(=O)Nc2ccnc(C(C)(C)C)c2)cc1Nc1ncnc2cnc(N3CCC(CN4CCCC4)CC3)nc12,1,IC50,8.52,1,CHEMBL3641208
Cc1cn(-c2ncc3ncnc(Nc4cc(C(=O)Nc5cc(C(C)(C)C)n[nH]5)ccc4C)c3n2)cn1,1,IC50,8.22,1,CHEMBL3641209
Cc1ccc(C(=O)Nc2ccnc(C(C)(C)C)c2)cc1Nc1ncnc2cnc(N3CCC(CCN(C)C)CC3)nc12,1,IC50,8.52,1,CHEMBL3641210
Cc1ccc(C(=O)Nc2ccc3c(c2)OC(F)(F)C(F)(F)O3)cc1Nc1ncnc2cnc(N3CCN(CCN(C)C)CC3)nc12,1,IC50,9.0,1,CHEMBL3641211
COCCN1CCN(c2ncc3ncnc(Nc4cc(C(=O)Nc5ccc6c(c5)OC(F)(F)OC6(F)F)ccc4C)c3n2)CC1,1,IC50,8.15,1,CHEMBL3641212
COc1ccc(C(=O)Nc2ccc(C)c(Nc3ncnc4cnc(N5CCN(C)CC5)nc34)c2)cc1C(F)(F)F,1,IC50,7.89,1,CHEMBL3641213
Cc1ccc(NC(=O)c2cccc(C(F)(F)F)c2)cc1Nc1ncnc2cnc(N3CCN(C)CC3)nc12,1,IC50,7.92,1,CHEMBL3641215
Cc1ccc(NC(=O)c2cc(C(C)(C)C)n[nH]2)cc1Nc1ncnc2cnc(N3CCN(C)CC3)nc12,1,IC50,7.36,1,CHEMBL3641216
Cc1ccc(NC(=O)c2cc(C(C)(C)C)on2)cc1Nc1ncnc2cnc(N3CCN(C)CC3)nc12,1,IC50,6.89,1,CHEMBL3641217
Cc1ccc(NC(=O)c2cccc(C(C)(C)C#N)c2)cc1Nc1ncnc2cnc(N3CCN(C)CC3)nc12,1,IC50,9.0,1,CHEMBL3641218
Cc1ccc(NC(=O)c2cc(C(C)(C)C)nn2C)cc1Nc1ncnc2cnc(N3CCN(C)CC3)nc12,1,IC50,6.66,1,CHEMBL3641219
Cc1ccc(NC(=O)c2cccc(C(C)(C)C#N)c2)cc1Nc1ncnc2cnc(N(C)C)nc12,1,IC50,9.0,1,CHEMBL3641220
Cc1ccc(NC(=O)c2cc(N3CCN(C)CC3)cc(C(F)(F)F)c2)cc1Nc1ncnc2cnc(N(C)C)nc12,1,IC50,8.52,1,CHEMBL3641221
COc1ccc(C(=O)Nc2ccc(C)c(Nc3ncnc4cnc(N(C)C)nc34)c2)cc1C(F)(F)F,1,IC50,8.52,1,CHEMBL3641222
Cc1ccc(NC(=O)c2cc(N3CCN(C)CC3)cc(C(F)(F)F)c2)cc1Nc1ncnc2cnc(N(C)CCN(C)C)nc12,1,IC50,8.05,1,CHEMBL3641223
Cc1ccc(NC(=O)c2cccc(C(C)(C)C#N)c2)cc1Nc1ncnc2cnc(N(C)CCCN(C)C)nc12,1,IC50,8.7,1,CHEMBL3641224
Cc1ccc(NC(=O)c2cc(N3CCN(C)CC3)cc(C(F)(F)F)c2)cc1Nc1ncnc2cnc(N(C)CCCN(C)C)nc12,1,IC50,8.4,1,CHEMBL3641225
Cc1ccc(NC(=O)c2cc(C(C)(C)C)nn2C)cc1Nc1ncnc2cnc(N(C)CCCN(C)C)nc12,1,IC50,7.14,1,CHEMBL3641226
Cc1ccc(NC(=O)c2cccc(C(C)(C)C#N)c2)cc1Nc1ncnc2cnc(N3CCN(C4CC4)CC3)nc12,1,IC50,8.7,1,CHEMBL3641227
CCN1CCN(c2ncc3ncnc(Nc4cc(NC(=O)c5cccc(C(C)(C)C#N)c5)ccc4C)c3n2)CC1,1,IC50,9.0,1,CHEMBL3641228
Cc1ccc(NC(=O)c2cccc(C(C)(C)C#N)c2)cc1Nc1ncnc2cnc(NC3CCN(C)CC3)nc12,1,IC50,9.0,1,CHEMBL3641229
Cc1ccc(NC(=O)c2cccc(C(C)(C)C#N)c2)cc1Nc1ncnc2cnc(N(C)C3CCN(C)CC3)nc12,1,IC50,9.0,1,CHEMBL3641230
Cc1ccc(NC(=O)c2cccc(C(C)(C)C#N)c2)cc1Nc1ncnc2cnc(N(C)C3CCOCC3)nc12,1,IC50,8.3,1,CHEMBL3641232
Cc1ccc(NC(=O)c2cccc(C(C)(C)C#N)c2)cc1Nc1ncnc2cnc(NC3CCOC3)nc12,1,IC50,9.0,1,CHEMBL3641231
Cc1ccc(NC(=O)c2cccc(C(C)(C)C#N)c2)cc1Nc1ncnc2cnc(N3CCC(F)(F)C3)nc12,1,IC50,8.7,1,CHEMBL3641233
Cc1ccc(NC(=O)c2cccc(C(C)(C)C#N)c2)cc1Nc1ncnc2cnc(N3CC[C@@H](F)C3)nc12,1,IC50,8.7,1,CHEMBL3641234
Cc1ccc(NC(=O)c2cccc(C(C)(C)C#N)c2)cc1Nc1ncnc2cnc(N3CC[C@H](F)C3)nc12,1,IC50,8.7,1,CHEMBL3641235
CC(=O)N1CCN(c2ncc3ncnc(Nc4cc(NC(=O)c5cccc(C(C)(C)C#N)c5)ccc4C)c3n2)CC1,1,IC50,8.4,1,CHEMBL3641236
Cc1ccc(NC(=O)c2cccc(C(C)(C)C#N)c2)cc1Nc1ncnc2cnc(N(C)C3CCOC3)nc12,1,IC50,9.0,1,CHEMBL3641237
Cc1ccc(NC(=O)c2cccc(C(C)(C)C#N)c2)cc1Nc1ncnc2cnc(NC3CCOCC3)nc12,1,IC50,8.7,1,CHEMBL3641238
Cc1ccc(NC(=O)c2cccc(C(C)(C)C#N)c2)cc1Nc1ncnc2cnc(N(C)CC3CCOCC3)nc12,1,IC50,8.4,1,CHEMBL3641239
COc1ncc2ncnc(Nc3cc(NC(=O)c4cccc(C(C)(C)C#N)c4)ccc3C)c2n1,1,IC50,8.7,1,CHEMBL3641240
COc1ncc2ncnc(Nc3cc(NC(=O)c4ccc(OC)c(C(F)(F)F)c4)ccc3C)c2n1,1,IC50,7.89,1,CHEMBL3641241
COc1ncc2ncnc(Nc3cc(NC(=O)c4cc(N5CCN(C)CC5)cc(C(F)(F)F)c4)ccc3C)c2n1,1,IC50,8.52,1,CHEMBL3641242
COc1ncc2ncnc(Nc3cc(NC(=O)c4ccc(Cl)c(C(F)(F)F)c4)ccc3C)c2n1,1,IC50,7.23,1,CHEMBL3641243
Cc1ccc(NS(=O)(=O)C(C)C)cc1Nc1ncnc2cnc(N3CCN(C)CC3)nc12,1,IC50,7.31,1,CHEMBL3643284
Cc1ccc(NS(=O)(=O)C2CC2)cc1Nc1ncnc2cnc(N3CCN(C)CC3)nc12,1,IC50,6.22,1,CHEMBL3643289
CCS(=O)(=O)Nc1ccc(C)c(Nc2ncnc3cnc(N4CCN(C)CC4)nc23)c1,1,IC50,6.28,1,CHEMBL3643290
CCN1CCN(c2cc(C(=O)Nc3ccc(C)c(Nc4ncnc5cnc(N6CCOCC6)nc45)c3)cc(C(C)(C)C#N)c2)CC1,1,IC50,8.7,1,CHEMBL3643293
Cc1ccc(NC(=O)c2cc(N3CCN(C)CC3)cc(C(C)(C)C#N)c2)cc1Nc1ncnc2cnc(N3CCOCC3)nc12,1,IC50,8.52,1,CHEMBL3643294
Cc1ccc(C(=O)Nc2cc(C(C)(C)C)on2)cc1Nc1ncnc2cncnc12,1,IC50,8.7,1,CHEMBL3643295
Cc1ccc(C(=O)Nc2cc(CN3CCCC3)cc(C(F)(F)F)c2)cc1Nc1ncnc2cncnc12,1,IC50,8.4,1,CHEMBL3643296
Cc1ccc(C(=O)Nc2cc(C(C)(C)C)n[nH]2)cc1Nc1ncnc2cncnc12,1,IC50,8.3,1,CHEMBL3643297
Cc1ccc(C(=O)Nc2cc(C(C)(C)C)nn2C)cc1Nc1ncnc2cncnc12,1,IC50,7.85,1,CHEMBL3643298
CNc1ncnc2c(Nc3cc(C(=O)Nc4cc(C(C)(C)C)on4)ccc3C)ncnc12,1,IC50,9.0,1,CHEMBL3643299
CC(C)(C#N)c1cccc(C(=O)Nc2cccc(Nc3ncnc4c(N)ncnc34)c2)c1,1,IC50,7.52,1,CHEMBL3643301
CNc1ncnc2c(Nc3cccc(NC(=O)c4cccc(C(C)(C)C#N)c4)c3)ncnc12,1,IC50,7.89,1,CHEMBL3643302
COc1ccc(Nc2ncnc3ccc(-c4ccc(O)c(OC)c4)cc23)cc1O,1,IC50,6.08,1,CHEMBL3661215
CCCS(=O)(=O)Nc1ccc(F)c(-n2cc(-c3cncc(OC)c3)c3nc(N4CCN(C)CC4)ccc32)c1F,1,IC50,6.53,1,CHEMBL3702556
CCCS(=O)(=O)Nc1ccc(F)c(-n2cc(-c3cncc(OC)c3)c3nc(N4CCN(CCOC)CC4)ccc32)c1F,1,IC50,6.9,1,CHEMBL3702557
CCCS(=O)(=O)Nc1ccc(F)c(-n2cc(-c3cncc(OC)c3)c3nc(N(C)C4CCN(C)CC4)cnc32)c1F,1,IC50,7.8,1,CHEMBL3702558
CCCS(=O)(=O)Nc1ccc(F)c(-n2cc(-c3cncc(OC)c3)c3nc(N(C)C4CCN(C)CC4)ncc32)c1F,1,IC50,8.15,1,CHEMBL3702560
CCCS(=O)(=O)Nc1ccc(F)c(-n2cc(-c3cncnc3)c3nc(N(C)C4CCN(C)CC4)ncc32)c1F,1,IC50,8.4,1,CHEMBL3702561
CCCS(=O)(=O)Nc1ccc(F)c(-n2cc(-c3cncnc3)c3nc(N(C)C4CCN(CC)CC4)ncc32)c1F,1,IC50,7.8,1,CHEMBL3702562
CCCS(=O)(=O)Nc1ccc(F)c(-n2cc(-c3cncnc3)c3nc(N(C)C4CCN(C5CC5)CC4)ncc32)c1F,1,IC50,7.54,1,CHEMBL3702563
CCCS(=O)(=O)Nc1ccc(F)c(-n2cc(-c3cncnc3)c3nc(N(C)C4CCN(CCOC)CC4)ncc32)c1F,1,IC50,7.38,1,CHEMBL3702564
CCCS(=O)(=O)Nc1ccc(F)c(-n2cc(-c3cncnc3)c3nc(N(C)C4CCNCC4)ncc32)c1F,1,IC50,7.39,1,CHEMBL3702565
O=C(Nc1ccc(Cl)c(C(F)(F)F)c1)NC1CCC(Oc2ccc(C(=O)O)cc2)CC1,0,IC50 (>),5.0,1,CHEMBL3899098
CNC(=O)c1ccc(OC2CCC(NC(=O)Nc3ccc(OC(F)(F)F)cc3)CC2)cc1,0,IC50 (>),5.0,1,CHEMBL3895613
CNC(=O)c1cc(OC2CCC(NC(=O)Nc3ccc(Cl)c(C(F)(F)F)c3)CC2)ccn1,1,IC50,6.48,2,CHEMBL3928540
CC(C)(C)OC(=O)c1cc(OC2CCC(NC(=O)Nc3ccc(Cl)c(C(F)(F)F)c3)CC2)ccn1,0,IC50 (>),5.0,1,CHEMBL3917808
CNC(=O)c1cc(Oc2ccc(NC(=O)NC34CC5CC(CC(C5)C3)C4)cc2)ccn1,0,IC50 (>),5.0,1,CHEMBL2397136
O=C(Nc1ccc(Cl)c(C(F)(F)F)c1)N[C@H]1CC[C@H](Oc2ccc(C(F)(F)F)cn2)CC1,0,IC50 (>),5.0,1,CHEMBL3677981
Cc1ccc2c(Nc3ccc(Cl)cc3)nccc2c1NC(=O)c1csc2c(N)ncnc12,1,IC50,7.66,2,CHEMBL3969260
COc1ccc(Nc2nccc3c(NC(=O)c4csc5c(N)ncnc45)c(C)ccc23)cc1,1,IC50,7.82,2,CHEMBL3894601
Cc1ccc2c(Nc3cccc(Cl)c3)nccc2c1NC(=O)c1csc2c(N)ncnc12,1,IC50,8.05,2,CHEMBL3954810
Cc1ccc2c(Nc3ccc(OC(F)F)cc3)nccc2c1NC(=O)c1csc2c(N)ncnc12,1,IC50,7.58,2,CHEMBL3965806
Cc1ccc2c(Nc3ccc(Cl)c(CN(C)C)c3)nccc2c1NC(=O)c1csc2c(N)ncnc12,1,IC50,8.15,2,CHEMBL3982491
CC(=O)c1ccc(Nc2nccc3c(NC(=O)c4csc5c(N)ncnc45)c(C)ccc23)cc1,1,IC50,8.3,2,CHEMBL3944137
Cc1ccc2c(Nc3ccc(F)c(Cl)c3)nccc2c1NC(=O)c1csc2c(N)ncnc12,1,IC50,7.51,2,CHEMBL3915720
Cc1ccc2c(Nc3cccc(Cl)c3F)nccc2c1NC(=O)c1csc2c(N)ncnc12,1,IC50,8.15,4,CHEMBL3977543
CNc1cc2nc(C)c(-c3cc(NC(=O)NCCC(C)(C)C)ccc3F)cc2cn1,1,IC50,7.46,2,CHEMBL3891833
CNc1cc2nc(C)c(-c3cc(NC(=O)NCCC(C)(C)F)c(F)cc3C)cc2cn1,1,IC50,7.8,2,CHEMBL3963155
O=S(=O)(Nc1ccc(F)c(Nc2ncccc2-c2ncnc3[nH]cnc23)c1F)c1cccc(C(F)(F)F)c1,1,IC50,8.06,1,CHEMBL3964313
O=S(=O)(Nc1ccc(F)c(Nc2ncccc2-c2ncnc3[nH]cnc23)c1F)c1ccc(C(F)(F)F)cc1,1,IC50,7.52,1,CHEMBL3980569
O=S(=O)(Nc1ccc(F)c(Nc2ncccc2-c2ncnc3[nH]cnc23)c1F)c1ccc(Cl)c(Cl)c1,1,IC50,6.14,1,CHEMBL3980306
O=S(=O)(Nc1ccc(F)c(Nc2ncccc2-c2ncnc3[nH]cnc23)c1F)c1cc2ccccc2o1,1,IC50,6.08,1,CHEMBL3954787
O=S(=O)(Nc1ccc(F)c(Nc2ncccc2-c2ncnc3[nH]cnc23)c1F)c1ccc(Cl)cc1F,1,IC50,7.47,1,CHEMBL3935693
O=S(=O)(Nc1ccc(F)c(Nc2ncccc2-c2ncnc3[nH]cnc23)c1F)c1ccc(OC(F)(F)F)cc1,1,IC50,6.21,1,CHEMBL3977844
O=S(=O)(Nc1ccc(F)c(Nc2ncccc2-c2ncnc3[nH]cnc23)c1F)c1ccc(F)cc1C(F)(F)F,1,IC50,6.38,1,CHEMBL3912288
Cc1c(Cl)cccc1S(=O)(=O)Nc1ccc(F)c(Nc2ncccc2-c2ncnc3[nH]cnc23)c1F,1,IC50,8.7,1,CHEMBL3944643
O=S(=O)(Nc1ccc(F)c(Nc2ncccc2-c2ncnc3[nH]cnc23)c1F)c1ccco1,1,IC50,9.0,1,CHEMBL3963766
O=S(=O)(Nc1ccc(F)c(Nc2ncccc2-c2ncnc3[nH]cnc23)c1F)c1ccsc1,1,IC50,8.15,1,CHEMBL3982836
Cc1nc(C)c(S(=O)(=O)Nc2ccc(F)c(Nc3ncccc3-c3ncnc4[nH]cnc34)c2F)s1,1,IC50,6.8,1,CHEMBL3926427
Cc1ccc(S(=O)(=O)Nc2ccc(F)c(Nc3ncccc3-c3ncnc4[nH]cnc34)c2F)o1,1,IC50,7.82,1,CHEMBL3970384
O=S(=O)(Nc1ccc(F)c(Nc2ncccc2-c2ncnc3[nH]cnc23)c1F)c1occc1C1OCCO1,1,IC50,6.66,1,CHEMBL3940852
Cc1cc(S(=O)(=O)Nc2ccc(F)c(Nc3ncccc3-c3ncnc4[nH]cnc34)c2F)c(C)o1,1,IC50,7.82,1,CHEMBL3908401
Cc1cc(S(=O)(=O)Nc2ccc(F)c(Nc3ncccc3-c3ncnc4[nH]cnc34)c2F)c(C(F)(F)F)o1,1,IC50,7.52,1,CHEMBL3953209
Cc1cccc(Cl)c1S(=O)(=O)Nc1ccc(F)c(Nc2ncccc2-c2ncnc3[nH]cnc23)c1F,1,IC50,7.1,1,CHEMBL3920877
O=S(=O)(Nc1ccc(F)c(Nc2ncccc2-c2ncnc3[nH]cnc23)c1F)c1ccc(F)c(Cl)c1,1,IC50,6.52,1,CHEMBL3892867
O=S(=O)(Nc1ccc(F)c(Nc2ncccc2-c2ncnc3[nH]cnc23)c1F)c1cccc(Cl)c1F,1,IC50,7.1,1,CHEMBL3958972
Cc1ccccc1S(=O)(=O)Nc1ccc(F)c(Nc2ncccc2-c2ncnc3[nH]cnc23)c1F,1,IC50,7.3,1,CHEMBL3962572
O=S(=O)(Nc1ccc(F)c(Nc2ncccc2-c2ncnc3[nH]cnc23)c1F)c1ccccc1Cl,1,IC50,7.52,1,CHEMBL3921943
O=S(=O)(Nc1ccc(F)c(Nc2ncccc2-c2ncnc3[nH]cnc23)c1F)c1cccc(Cl)c1,1,IC50,7.1,1,CHEMBL3958648
O=S(=O)(Nc1ccc(F)c(Nc2ncccc2-c2ncnc3[nH]cnc23)c1F)c1cccc(Cl)c1Cl,1,IC50,7.4,1,CHEMBL3921326
O=S(=O)(Nc1ccc(F)c(Nc2ncccc2-c2ncnc3[nH]cnc23)c1F)c1cccc2ccoc12,1,IC50,7.05,1,CHEMBL3968823
O=S(=O)(Nc1ccc(F)c(Nc2ncccc2-c2ncnc3[nH]cnc23)c1F)c1cccc2c1OCCC2,1,IC50,6.05,1,CHEMBL3935697
Cc1nc2ccc(S(=O)(=O)Nc3ccc(F)c(Nc4ncccc4-c4ncnc5[nH]cnc45)c3F)cc2s1,1,IC50,6.4,1,CHEMBL3893840
Cn1ccc2cc(S(=O)(=O)Nc3ccc(F)c(Nc4ncccc4-c4ncnc5[nH]cnc45)c3F)ccc21,0,IC50 (>),5.0,1,CHEMBL3986093
Cn1ccc2c(S(=O)(=O)Nc3ccc(F)c(Nc4ncccc4-c4ncnc5[nH]cnc45)c3F)cccc21,1,IC50,6.26,1,CHEMBL3906265
Cn1ccc2cccc(S(=O)(=O)Nc3ccc(F)c(Nc4ncccc4-c4ncnc5[nH]cnc45)c3F)c21,1,IC50,6.1,1,CHEMBL3942148
O=S(=O)(Nc1ccc(F)c(Nc2ncccc2-c2ncnc3[nH]cnc23)c1F)c1ccc(Cl)s1,1,IC50,7.7,1,CHEMBL3925705
Cc1ccc(NC(=O)c2cccc(C(F)(F)F)c2)cc1-c1cc(N2CCOCC2)ncn1,1,IC50,9.52,3,CHEMBL3956654
Cc1ccc(NC(=O)c2ccnc(C(C)(C)C#N)c2)cc1-c1cc(N2CCOCC2)ncn1,1,IC50,8.32,2,CHEMBL3985343
Cc1ccc(NC(=O)c2cccc(C(F)(F)F)c2)cc1-c1cc(N2CCOCC2=O)nc(N2CCOCC2)n1,1,IC50,9.3,3,CHEMBL3984282
Cc1ccc(C(=O)Nc2cccc(C(F)(F)F)c2)cc1-c1cc(N2CCOCC2=O)nc(N2CCOCC2)n1,1,IC50,8.89,3,CHEMBL3889893
Cc1ncc(NC(=O)c2cccc(C(F)(F)F)c2)cc1-c1cc(N2CCOCC2=O)nc(N2CCOCC2)n1,1,IC50,8.52,3,CHEMBL3977439
Cc1ccc(C(=O)Nc2cccc(C(F)(F)F)c2)cc1-c1cc(N2CCS(=O)(=O)CC2)nc(N2CCOCC2)n1,1,IC50,8.6,5,CHEMBL3940522
Cc1ccc(NC(=O)c2cccc(C(F)(F)F)c2)cc1-c1cc(N2CCOCC2)nc(N2CCS(=O)(=O)CC2)n1,1,IC50,9.08,4,CHEMBL3969121
Cc1ccc(NC(=O)c2cccc(C(F)(F)F)c2)cc1-c1cc(N2CCOCC2)nc(N2CCOCC2)n1,1,IC50,9.52,5,CHEMBL3967893
Cc1ccc(C(=O)Nc2cccc(C(F)(F)F)c2)cc1-c1cc(N2CCOCC2)nc(N2CCOCC2)n1,1,IC50,8.83,5,CHEMBL3982235
Cc1ncc(NC(=O)c2cccc(C(F)(F)F)c2)cc1-c1cc(N2CCOCC2)nc(N2CCOCC2)n1,1,IC50,8.74,5,CHEMBL3953527
Cc1ccc(NC(=O)c2cccc(C(F)(F)F)c2)cc1-c1nc(N2CCOCC2)cc(N2CCOCC2)n1,1,IC50,8.66,5,CHEMBL3970191
Cc1ccc(C(=O)Nc2cccc(C(F)(F)F)c2)cc1-c1nc(N2CCOCC2)cc(N2CCOCC2)n1,1,IC50,8.7,5,CHEMBL3937081
Cc1ccc(NC(=O)c2ccnc(C(C)(C)C#N)c2)cc1-c1cc(N2CCOCC2)nc(N2CCOCC2)n1,1,IC50,8.66,5,CHEMBL3938806
Cc1ccc(NC(=O)c2cccc(C(C)(C)C#N)c2)cc1-c1cc(N2CCOCC2)nc(N2CCOCC2)n1,1,IC50,8.82,5,CHEMBL3968350
Cc1ccc(NC(=O)c2cccc(C3(C#N)CC3)c2Cl)cc1-c1cc(N2CCOCC2)nc(N2CCOCC2)n1,1,IC50,8.52,5,CHEMBL3951027
Cc1ccc(NC(=O)c2cncc(N(C)C)c2)cc1-c1cc(N2CCOCC2)nc(N2CCOCC2)n1,1,IC50,9.34,5,CHEMBL3976881
Cc1ccc(NC(=O)c2cncc(C(C)(C)C)c2)cc1-c1cc(N2CCOCC2)nc(N2CCOCC2)n1,1,IC50,8.73,1,CHEMBL3924379
Cc1ccc(NC(=O)c2cc(CN(C)C)cc(C(F)(F)F)c2)cc1-c1cc(N2CCOCC2)nc(N2CCOCC2)n1,1,IC50,8.71,5,CHEMBL3952075
CCN1CCN(c2cc(C(=O)Nc3ccc(C)c(-c4cc(N5CCOCC5)nc(N5CCOCC5)n4)c3)cc(C(F)(F)F)c2)CC1,1,IC50,8.46,5,CHEMBL3929795
Cc1ccc(NC(=O)c2cccc(OC(F)(F)F)c2)cc1-c1cc(N2CCOCC2)nc(N2CCOCC2)n1,1,IC50,9.19,5,CHEMBL3960775
Cc1ccc(NC(=O)c2cccc(S(C)(=O)=O)c2)cc1-c1cc(N2CCOCC2)nc(N2CCOCC2)n1,1,IC50,8.62,5,CHEMBL3946466
Cc1ccc(NC(=O)c2cc(C(C)(C)C)no2)cc1-c1cc(N2CCOCC2)nc(N2CCOCC2)n1,1,IC50,8.87,5,CHEMBL3975759
Cc1ccc(NC(=O)c2cc(C(C)(C)C)on2)cc1-c1cc(N2CCOCC2)nc(N2CCOCC2)n1,1,IC50,8.92,5,CHEMBL3932011
Cc1ccc(NC(=O)c2csc(C(F)(F)F)n2)cc1-c1cc(N2CCOCC2)nc(N2CCOCC2)n1,1,IC50,8.66,5,CHEMBL3958636
Cc1ccc(NC(=O)c2cccc(C(F)(F)F)c2)cc1-c1cc(N2CCOCC2)nc(S(C)(=O)=O)n1,1,IC50,9.23,11,CHEMBL3972141
CCNc1nc(-c2cc(NC(=O)c3cccc(C(F)(F)F)c3)ccc2C)cc(N2CCOCC2)n1,1,IC50,9.23,3,CHEMBL3946003
Cc1ccc(NC(=O)c2cccc(C(F)(F)F)c2)cc1-c1cc(N2CCOCC2)nc(N2CC3(COC3)C2)n1,1,IC50,8.89,5,CHEMBL3947016
CNc1nc(-c2cc(NC(=O)c3cccc(C(F)(F)F)c3)ccc2C)cc(N2CCOCC2)n1,1,IC50,9.1,5,CHEMBL3969555
Cc1ccc(NC(=O)c2cccc(C(F)(F)F)c2)cc1-c1cc(N2CCOCC2)nc(NCCO)n1,1,IC50,9.15,5,CHEMBL3955743
Cc1ccc(NC(=O)c2cccc(C(F)(F)F)c2)cc1-c1cc(N2CCOCC2)nc(N2CCC(O)C2)n1,1,IC50,8.77,5,CHEMBL3896660
Cc1ccc(NC(=O)c2cccc(C(F)(F)F)c2)cc1-c1cc(N2CCOCC2)nc(-n2ccnc2)n1,1,IC50,9.34,5,CHEMBL3928030
Cc1ncc(NC(=O)c2cccc(C(F)(F)F)c2)cc1-c1cc(N2CCOCC2)nc(OCCO)n1,1,IC50,8.73,1,CHEMBL3900045
Cc1ccc(NC(=O)c2cccc(C(F)(F)F)c2)cc1-c1cc(N2CCOCC2)nc(NS(C)(=O)=O)n1,1,IC50,8.46,5,CHEMBL3977938
Cc1ccc(NC(=O)c2cccc(C(F)(F)F)c2)cc1-c1cc(N2CCOCC2)nc(N2CCCC2=O)n1,1,IC50,8.89,5,CHEMBL3903846
Cc1ccc(NC(=O)c2cccc(C(F)(F)F)c2)cc1-c1cc(N2CCOCC2)nc(-n2cc(C(C)(C)O)nn2)n1,1,IC50,9.11,5,CHEMBL3966243
Cc1ccc(NC(=O)c2cccc(C(F)(F)F)c2)cc1-c1cc(N2CCOCC2)nc(N)n1,1,IC50,8.85,3,CHEMBL3894913
Cc1ccc(NC(=O)c2cccc(C(F)(F)F)c2)cc1-c1cc(N2CCOCC2)nc(NC(CO)CO)n1,1,IC50,9.1,5,CHEMBL3963090
Cc1ccc(NC(=O)c2cccc(C(F)(F)F)c2)cc1-c1cc(N2CCOCC2)nc(OCCO)n1,1,IC50,9.22,7,CHEMBL3987177
C=C(C)c1cc(-c2cc(NC(=O)c3cccc(C(F)(F)F)c3)ccc2C)nc(N2CCOCC2)n1,1,IC50,9.38,5,CHEMBL3959581
C=C(C)c1cc(N2CCOCC2)nc(-c2cc(NC(=O)c3cccc(C(F)(F)F)c3)ccc2C)n1,1,IC50,9.38,3,CHEMBL3982146
Cc1ccc(NC(=O)c2cccc(C(F)(F)F)c2)cc1-c1nc(C(C)C)cc(N2CCOCC2)n1,1,IC50,8.54,5,CHEMBL3943351
Cc1ccc(NC(=O)c2cccc(C(F)(F)F)c2)cc1-c1cc(C(C)C)nc(N2CCOCC2)n1,1,IC50,8.25,5,CHEMBL3971265
Cc1ccc(NC(=O)c2cccc(C(F)(F)F)c2)cc1-c1cc(N2CCOC(C)(C)C2)nc(N2CCOCC2)n1,1,IC50,8.68,5,CHEMBL3966257
Cc1ccc(NC(=O)c2cccc(C(F)(F)F)c2)cc1-c1cc(N2CC3(COC3)C2)nc(N2CCOCC2)n1,1,IC50,8.61,5,CHEMBL3894928
Cc1ccc(NC(=O)c2cccc(C(F)(F)F)c2)cc1-c1cc(N2CCOC[C@H]2CO)nc(N2CCOCC2)n1,1,IC50,8.85,5,CHEMBL4110542
Cc1ccc(NC(=O)c2cccc(C(F)(F)F)c2)cc1-c1cc(N2C3CCC2COC3)nc(N2CCOCC2)n1,1,IC50,8.82,7,CHEMBL3903859
Cc1ccc(NC(=O)c2cccc(C(F)(F)F)c2)cc1-c1cc(N2CCCOCC2)nc(N2CCOCC2)n1,1,IC50,8.96,5,CHEMBL3959652
Cc1ccc(NC(=O)c2cccc(C(F)(F)F)c2)cc1-c1cc(N2CC3CC2CO3)nc(N2CCOCC2)n1,1,IC50,8.5,5,CHEMBL3978883
Cc1ccc(NC(=O)c2cccc(C(F)(F)F)c2)cc1-c1cc(N2CC3CCC(C2)O3)nc(N2CCOCC2)n1,1,IC50,9.06,5,CHEMBL3955103
Cc1ccc(NC(=O)c2cccc(C(F)(F)F)c2)cc1-c1cc(N2CCO[C@H](C)C2)nc(N2CCOCC2)n1,1,IC50,8.6,5,CHEMBL4112482
Cc1ccc(NC(=O)c2cccc(C(F)(F)F)c2)cc1-c1cc(N2CCO[C@@H](C)C2)nc(N2CCOCC2)n1,1,IC50,8.51,5,CHEMBL3973655
Cc1ccc(NC(=O)c2cccc(C(F)(F)F)c2)cc1-c1cc(OC2CCOCC2)nc(N2CCOCC2)n1,1,IC50,9.0,5,CHEMBL3906652
Cc1ccc(NC(=O)c2cccc(C(F)(F)F)c2)cc1-c1nc(N2CCOCC2)nc(N2CCOCC2)c1C,1,IC50,9.0,5,CHEMBL3903274
Cc1ncc(NC(=O)c2cccc(C(F)(F)F)c2)cc1-c1cnnc(N2CCOCC2)c1,1,IC50,8.06,5,CHEMBL3925869
Cc1ccc(NC(=O)c2cccc(C(F)(F)F)c2)cc1-c1cc(N2CCOCC2)cnn1,1,IC50,8.58,5,CHEMBL3897780
Cc1ncc(NC(=O)c2cccc(C(F)(F)F)c2)cc1-c1cc(N2CCOCC2)cnn1,1,IC50,8.16,5,CHEMBL3921105
Cc1ccc(NC(=O)c2cccc(C(F)(F)F)c2)cc1-c1cc(C(F)(F)F)nc(N2CCOCC2)n1,1,IC50,8.64,5,CHEMBL3896594
Cc1ccc(NC(=O)c2cccc(C(F)(F)F)c2)cc1-c1ccnc(N2CCOCC2)c1,1,IC50,8.97,5,CHEMBL3912148
Cc1ccc(C(=O)Nc2cccc(C(F)(F)F)c2)cc1-c1ccnc(N2CCOCC2)c1,1,IC50,8.68,5,CHEMBL3982101
Cc1ccc(NC(=O)c2cccc(C(F)(F)F)c2)cc1-c1cc(N2CCOCC2)nc(N2CCOCC2)c1,1,IC50,8.96,5,CHEMBL3960436
Cc1ccc(NC(=O)c2ccnc(C(C)(C)C#N)c2)cc1-c1ccnc(N2CCOCC2)c1,1,IC50,8.52,5,CHEMBL3912517
Cc1ccc(NC(=O)c2cccnn2)cc1-c1ccnc(N2CCOCC2)c1,1,IC50,6.34,5,CHEMBL3943932
Cc1ccc(NC(=O)c2cccc(S(C)(=O)=O)c2)cc1-c1ccnc(N2CCOCC2)c1,1,IC50,9.22,5,CHEMBL3907015
Cc1ccc(NC(=O)c2ccnc(C(C)(C)C)c2)cc1-c1ccnc(N2CCOCC2)c1,1,IC50,8.69,5,CHEMBL3934972
Cc1ccc(NC(=O)c2cnccn2)cc1-c1ccnc(N2CCOCC2)c1,1,IC50,6.8,5,CHEMBL3933886
Cc1ccc(NC(=O)c2cncnc2)cc1-c1ccnc(N2CCOCC2)c1,1,IC50,6.22,5,CHEMBL3957922
Cc1ccc(NC(=O)c2ccnnc2)cc1-c1ccnc(N2CCOCC2)c1,1,IC50,6.22,5,CHEMBL3921477
Cc1ccc(NC(=O)c2ccnc(S(C)(=O)=O)c2)cc1-c1ccnc(N2CCOCC2)c1,1,IC50,8.82,5,CHEMBL3949277
Cc1ccc(NC(=O)c2cccc(C(F)F)c2)cc1-c1ccnc(N2CCOCC2)c1,1,IC50,9.42,5,CHEMBL3951474
Cc1ccc(NC(=O)c2cccc(C(F)(F)F)c2)cc1-c1cc(N(C)C)nc(N2CCOCC2)c1,1,IC50,8.49,5,CHEMBL3972341
Cc1ncc(NC(=O)c2cccc(C(F)(F)F)c2)cc1-c1cc(N2CCOCC2)nc(N2CCOCC2)c1,1,IC50,9.22,5,CHEMBL3942721
Cc1ccc(NC(=O)c2cccc(C(F)(F)F)c2)cc1-c1ccnc(N2CCO[C@H](CO)C2)c1,1,IC50,8.83,5,CHEMBL3980394
Cc1ccc(NC(=O)c2ccnc(C(C)(C)C#N)c2)cc1-c1ccnc(N2C[C@@H](CN(C)C)OC[C@H]2C)c1,1,IC50,7.0,5,CHEMBL4111018
Cc1ccc(NC(=O)c2ccnc(C(C)(C)C#N)c2)cc1-c1ccnc(N2C[C@H](CN(C)C)OC[C@@H]2C)c1,1,IC50,7.51,5,CHEMBL3948046
Cc1ncc(NC(=O)c2cncc(N(C)C)c2)cc1-c1ccnc(N2CCOCC2)c1,1,IC50,7.85,5,CHEMBL3956712
Cc1ccc(NC(=O)c2ccnc(C(C)(C)C#N)c2)cc1-c1ccnc(N2CCOC[C@H]2C)c1,1,IC50,7.85,5,CHEMBL4109451
Cc1ccc(NC(=O)c2ccnc(C(C)(C)C#N)c2)cc1-c1ccnc(N2CCO[C@H](CO)C2)c1,1,IC50,8.6,5,CHEMBL3971254
CNC[C@@H]1CN(c2cc(-c3cc(NC(=O)c4ccnc(C(C)(C)C#N)c4)ccc3C)ccn2)CCO1,1,IC50,8.54,5,CHEMBL4111455
CC(=O)NC[C@@H]1CN(c2cc(-c3cc(NC(=O)c4ccnc(C(C)(C)C#N)c4)ccc3C)ccn2)CCO1,1,IC50,7.96,5,CHEMBL4113898
COC(=O)NC[C@@H]1CN(c2cc(-c3cc(NC(=O)c4cccc(C(F)(F)F)c4)cnc3C)ccn2)CCO1,1,IC50,8.08,5,CHEMBL4111858
Cc1ncc(NC(=O)c2cccc(C(F)(F)F)c2)cc1-c1ccnc(N2CCO[C@H](CNC(=O)CO)C2)c1,1,IC50,7.92,5,CHEMBL4110211
COc1ncc(NC(=O)c2ccnc(C(C)(C)C#N)c2)cc1-c1ccnc(N2CCOCC2)c1,1,IC50,7.43,7,CHEMBL3942611
CC(F)(F)c1cc(C(=O)Nc2c[nH]c(=O)c(-c3ccnc(N4CCOCC4)c3)c2)ccn1,0,IC50 (>),4.6,7,CHEMBL3975403
O=C(Nc1c[nH]c(=O)c(-c2ccnc(N3CCOCC3)c2)c1)c1ccnc(C(F)(F)F)c1,0,IC50 (>),4.6,7,CHEMBL3951339
CC(C)(C#N)c1cc(C(=O)Nc2c[nH]c(=O)c(-c3ccnc(N4CCOCC4)c3)c2)ccn1,0,IC50,4.73,7,CHEMBL3980256
Cc1ccc(NC(=O)c2cccc(C(F)(F)F)c2)cc1-c1cc(N)nc(N2CCOCC2)c1,1,IC50,9.1,5,CHEMBL3919205
CCn1cc(C(=O)Nc2ccc(C)c(-c3ccnc(N4CCOCC4)c3)c2)cc(C(F)(F)F)c1=O,1,IC50,8.24,5,CHEMBL3903630
Cc1ncc(NC(=O)c2ccnc(C(C)(C)C#N)c2)cc1-c1ccnc(N2CCOCC2)c1,1,IC50,7.89,5,CHEMBL3931624
Cc1ncc(NC(=O)c2cccc(C(F)(F)F)c2)cc1-c1ccnc(N2CCOCC2)c1,1,IC50,8.92,5,CHEMBL3928581
COc1ccc(C(=O)Nc2cnc(C)c(-c3ccnc(N4CCOCC4)c3)c2)cc1C(F)(F)F,1,IC50,8.04,5,CHEMBL3964522
COc1cc(C(=O)Nc2cnc(C)c(-c3ccnc(N4CCOCC4)c3)c2)ccc1F,1,IC50,7.59,5,CHEMBL3891470
Cc1ncc(NC(=O)c2cccc(C(F)F)c2)cc1-c1ccnc(N2CCOCC2)c1,1,IC50,8.93,5,CHEMBL3960515
Cc1ncc(NC(=O)c2ccnc(C(C)(F)F)c2)cc1-c1ccnc(N2CCOCC2)c1,1,IC50,8.39,5,CHEMBL3983865
Cc1ncc(NC(=O)c2cccc(C(C)(F)F)c2)cc1-c1ccnc(N2CCOCC2)c1,1,IC50,8.66,5,CHEMBL3951813
Cc1ncc(NC(=O)c2ccnc(S(C)(=O)=O)c2)cc1-c1ccnc(N2CCOCC2)c1,1,IC50,7.55,5,CHEMBL3975841
Cc1ncc(NC(=O)c2cccc(S(C)(=O)=O)c2)cc1-c1ccnc(N2CCOCC2)c1,1,IC50,7.75,5,CHEMBL3946530
Cc1ncc(NC(=O)c2ccnc(C(C)(C)C)c2)cc1-c1ccnc(N2CCOCC2)c1,1,IC50,7.42,5,CHEMBL3966297
Cc1ccc(NC(=O)c2ccnc(C(C)(C)C#N)c2)cc1-c1cc(C2CCOCC2)nc(N2CCOCC2)c1,1,IC50,8.77,5,CHEMBL3940053
Cc1ccc(NC(=O)c2cccc(C(F)(F)F)c2)cc1-c1cc(C2CCOCC2)nc(N2CCOCC2)c1,1,IC50,8.77,5,CHEMBL3964430
O=C(Nc1cccc(C(F)(F)F)c1)c1ccc(CO)c(-c2ccnc(N3CCOCC3)c2)c1,1,IC50,8.21,5,CHEMBL3928316
O=C(Nc1cccc(C(F)(F)F)c1)c1ccc(C(F)F)c(-c2ccnc(N3CCOCC3)c2)c1,1,IC50,8.3,5,CHEMBL3891340
O=C(Nc1cccc(C(F)(F)F)c1)c1ccc(CF)c(-c2ccnc(N3CCOCC3)c2)c1,1,IC50,8.66,5,CHEMBL3919411
Cc1ccc(C(=O)Nc2cccc(C(F)(F)F)c2)cc1-c1cc(N2CCOCC2)nc(N2CCOCC2)c1,1,IC50,8.62,5,CHEMBL3913923
Cc1ccc(NC(=O)c2cccc(C(F)(F)F)c2)cc1-c1cc(-c2cnn(C)c2)nc(N2CCOCC2)c1,1,IC50,8.96,5,CHEMBL3905047
Cc1ccc(NC(=O)c2cccc(C(C)(C)C#N)c2)cc1-c1cc(C2CCOCC2)nc(N2CCOCC2)c1,1,IC50,8.8,5,CHEMBL3933060
Cc1ccc(NC(=O)c2cccc(C(F)(F)F)c2)cc1-c1cc(NCCO)nc(N2CCOCC2)c1,1,IC50,7.89,5,CHEMBL3896098
CCn1cc(C(=O)Nc2ccc(C)c(-c3cc(N4CCOCC4)c(=O)n(C)c3)c2)cc(C(F)(F)F)c1=O,1,IC50,7.96,5,CHEMBL3920610
Cc1ccc(NC(=O)c2cccc(C(F)(F)F)c2)cc1-c1cc(N2CCOCC2)c(=O)n(C)c1,1,IC50,8.69,5,CHEMBL3936445
Cc1ccc(NC(=O)c2cccc(C(F)(F)F)c2)cc1-c1cncc(N2CCOCC2)n1,1,IC50,9.15,5,CHEMBL3889721
Cc1ccc(NC(=O)c2cccc(C(F)(F)F)c2)cc1-c1c[nH]c(=O)c(N2CCOCC2)n1,1,IC50,8.92,5,CHEMBL3971301
Cc1ncc(NC(=O)c2cccc(C(F)(F)F)c2)cc1-c1c[nH]c(=O)c(N2CCOCC2)n1,1,IC50,8.35,5,CHEMBL3960378
COc1ncc(N2CCOCC2)cc1-c1cc(NC(=O)c2cccc(C(F)(F)F)c2)ccc1C,1,IC50,8.41,5,CHEMBL3922193
Cc1ccc(NC(=O)c2cccc(C(F)(F)F)c2)cc1-c1cc(N2CCOCC2)cn(C)c1=O,1,IC50,7.64,5,CHEMBL3930988
Cc1ncc(NC(=O)c2cccc(C(F)(F)F)c2)cc1-c1cc(N2CCOCC2)cn(C)c1=O,1,IC50,7.08,5,CHEMBL3927611
Cc1ccc(NC(=O)c2cccc(C(F)(F)F)c2)cc1-c1cc(N2CCOCC2)c[nH]c1=O,1,IC50,7.66,5,CHEMBL3928661
COc1ncc(-c2cc(NC(=O)c3cccc(C(F)(F)F)c3)ccc2C)cc1N1CCOCC1,1,IC50,8.97,5,CHEMBL3956383
COc1ncc(-c2cc(NC(=O)c3cccc(C(F)(F)F)c3)cnc2C)cc1N1CCOCC1,1,IC50,8.78,5,CHEMBL3978705
COc1ncc(-c2cc(NC(=O)c3ccnc(C(C)(C)C#N)c3)ccc2C)cc1N1CCOCC1,1,IC50,8.42,5,CHEMBL3904596
COc1ncc(-c2cc(NC(=O)c3ccnc(C(C)(C)C#N)c3)cnc2C)cc1N1CCOCC1,1,IC50,7.89,5,CHEMBL3892757
Cc1ncc(NC(=O)c2cccc(C(F)(F)F)c2)cc1-c1cc(N2CCOCC2)c(=O)n(C2CCOCC2)c1,1,IC50,8.24,5,CHEMBL3917231
Cc1ncc(NC(=O)c2cccc(C(F)(F)F)c2)cc1-c1cnc(OC2CCOCC2)c(N2CCOCC2)c1,1,IC50,9.4,6,CHEMBL3962812
Cc1ccc(NC(=O)c2cccc(C(F)(F)F)c2)cc1-c1cnc(OC2CCOCC2)c(N2CCOCC2)c1,1,IC50,8.57,5,CHEMBL3893855
Cc1ncc(NC(=O)c2cccc(C(F)(F)F)c2)cc1-c1cc(N2CCOCC2)c(=O)n(C(C)C)c1,1,IC50,7.54,5,CHEMBL3970403
Cc1ncc(NC(=O)c2cccc(C(F)(F)F)c2)cc1-c1cnc(OC(C)C)c(N2CCOCC2)c1,1,IC50,8.62,5,CHEMBL3902816
Cc1ccc(NC(=O)c2cccc(C(F)(F)F)c2)cc1-c1cc(N2CCOCC2)c(=O)n(C(C)C)c1,1,IC50,8.4,5,CHEMBL3913790
Cc1ccc(NC(=O)c2cccc(C(F)(F)F)c2)cc1-c1cnc(OC(C)C)c(N2CCOCC2)c1,1,IC50,8.38,5,CHEMBL3941778
Cc1ccc(C(=O)Nc2cccc(C(F)(F)F)c2)cc1-c1cc(N2CCOCC2)c(=O)n(C)c1,1,IC50,8.42,5,CHEMBL3920039
Cc1ncc(NC(=O)c2cccc(C(F)(F)F)c2)cc1-c1cc(N2CCOCC2)c(=O)n(C)c1,1,IC50,8.51,5,CHEMBL3986273
Cc1ccc(NC(=O)c2ccnc(C(C)(C)C)c2)cc1-c1cc(N2CCOCC2)c(=O)n(C)c1,1,IC50,8.61,5,CHEMBL3911091
Cc1ccc(NC(=O)c2ccnc(C(C)(C)C#N)c2)cc1-c1cc(N2CCOCC2)c(=O)n(C)c1,1,IC50,8.6,5,CHEMBL3981117
Cc1ncc(NC(=O)c2ccnc(C(C)(C)C#N)c2)cc1-c1cc(N2CCOCC2)c(=O)n(C)c1,1,IC50,7.46,5,CHEMBL3934389
Cc1ccc(NC(=O)c2cccc(C(F)(F)F)c2)cc1-c1cc(N2CCOCC2)c(=O)n(CCO)c1,1,IC50,8.66,5,CHEMBL3931694
Cc1ccc(NC(=O)c2ccnc(C(C)(C)C#N)c2)cc1-c1cc(N2CCOCC2)c(=O)n(CCO)c1,1,IC50,8.0,5,CHEMBL3925508
Cc1ncc(NC(=O)c2cccc(C(F)(F)F)c2)cc1-c1cc(N2CCOCC2)c(=O)n(CCO)c1,1,IC50,7.86,5,CHEMBL3897441
Cc1ncc(NC(=O)c2cccc(C(F)(F)F)c2)cc1-c1cnc(OCCO)c(N2CCOCC2)c1,1,IC50,8.52,5,CHEMBL3984244
Cc1ccc(NC(=O)c2cccc(C(F)(F)F)c2)cc1-c1c[nH]c(=O)c(N2CCOCC2)c1,1,IC50,8.72,5,CHEMBL3924392
Cc1ccc(NC(=O)c2cccc(C(F)(F)F)c2)cc1-c1cc(N2CCOCC2)c(=O)n(CC#N)c1,1,IC50,9.12,5,CHEMBL3966766
Cc1ccc(NC(=O)c2cccc(C(F)(F)F)c2)cc1-c1cc(N2CCOCC2)c(=O)n([C@H](C)C#N)c1,1,IC50,8.72,5,CHEMBL4112070
Cc1ccc(NC(=O)c2cccc(C(F)(F)F)c2)cc1-c1cc(N2CCOCC2)c(=O)n([C@@H](C)C#N)c1,1,IC50,8.66,5,CHEMBL3935549
Cc1ccc(NC(=O)c2cccc(C(F)(F)F)c2)cc1-c1cc(N2CCOCC2)c(=O)n(CCS(C)(=O)=O)c1,1,IC50,8.41,5,CHEMBL3945747
Cc1ncc(NC(=O)c2cccc(C(F)(F)F)c2)cc1-c1cc(N2CCOCC2)c(=O)n(CCS(C)(=O)=O)c1,1,IC50,7.71,5,CHEMBL3981967
Cc1ccc(NC(=O)c2cccc(C(F)(F)F)c2)cc1-c1cnc(O[C@@H](C)C#N)c(N2CCOCC2)c1,1,IC50,8.48,5,CHEMBL3900202
Cc1ccc(NC(=O)c2cccc(C(F)(F)F)c2)cc1-c1cnc(O[C@H](C)C#N)c(N2CCOCC2)c1,1,IC50,9.0,5,CHEMBL4111816
Cc1ccc(C(=O)Nc2cccc(C(F)(F)F)c2)cc1-c1cc(N2CCOCC2)c(=O)n(CCS(C)(=O)=O)c1,1,IC50,8.14,5,CHEMBL3944515
CCn1cc(-c2cc(NC(=O)c3cccc(C(F)(F)F)c3)ccc2C)cc(N2CCOCC2)c1=O,1,IC50,8.42,7,CHEMBL3890463
CCOc1ncc(-c2cc(NC(=O)c3cccc(C(F)(F)F)c3)ccc2C)cc1N1CCOCC1,1,IC50,9.0,7,CHEMBL3910380
CCn1cc(-c2cc(NC(=O)c3cccc(C(F)(F)F)c3)cnc2C)cc(N2CCOCC2)c1=O,1,IC50,7.8,5,CHEMBL3964820
CCn1cc(-c2cc(NC(=O)c3ccnc(C(F)(F)F)c3)ccc2C)cc(N2CCOCC2)c1=O,1,IC50,8.08,5,CHEMBL3955962
CCOc1ncc(-c2cc(NC(=O)c3ccnc(C(F)(F)F)c3)ccc2C)cc1N1CCOCC1,1,IC50,8.59,5,CHEMBL3917649
CCn1cc(-c2cc(NC(=O)c3ccnc(C(C)(C)C#N)c3)ccc2C)cc(N2CCOCC2)c1=O,1,IC50,8.01,5,CHEMBL3942103
CCOc1ncc(-c2cc(NC(=O)c3ccnc(C(C)(C)C#N)c3)ccc2C)cc1N1CCOCC1,1,IC50,8.58,5,CHEMBL3890682
Cc1ccc(NC(=O)c2cccc(C(F)(F)F)c2)cc1-c1cc(N2CCOCC2)n(C)c(=O)c1,1,IC50,8.74,5,CHEMBL3918750
Cc1ncc(NC(=O)c2cccc(C(F)(F)F)c2)cc1-c1cc(N2CCOCC2)n(C)c(=O)c1,1,IC50,8.24,5,CHEMBL3929643
Cc1ccc(NC(=O)c2cccc(C(F)(F)F)c2)cc1-c1cc(N2CCOCC2)c(=O)n(C)n1,1,IC50,8.8,5,CHEMBL3927672
Cc1ccc(C(=O)Nc2cccc(C(F)(F)F)c2)cc1-c1cc(N2CCOCC2)c(=O)n(C)n1,1,IC50,8.51,7,CHEMBL3938679
Cc1ncc(NC(=O)c2cccc(C(F)(F)F)c2)cc1-c1cc(N2CCOCC2)c(=O)n(C)n1,1,IC50,8.16,7,CHEMBL3968234
Cc1ncc(NC(=O)c2ccnc(C(C)(C)C#N)c2)cc1-c1cc(N2CCOCC2)c(=O)n(C)n1,1,IC50,7.28,7,CHEMBL3970281
Cc1ccc(NC(=O)c2ccnc(C(F)(F)F)c2)cc1-c1cc(N2CCOCC2)c(=O)n(C)n1,1,IC50,8.51,7,CHEMBL3940726
CCn1cc(-c2cc(NC(=O)c3cccc(C(F)(F)F)c3)ccc2C)nc(N2CCOCC2)c1=O,1,IC50,9.11,5,CHEMBL3930929
Cc1ccc(NC(=O)c2cccc(C(F)(F)F)c2)cc1-c1cn(CC(F)F)c(=O)c(N2CCOCC2)n1,1,IC50,8.89,5,CHEMBL3946071
Cc1ccc(NC(=O)c2cccc(C(F)F)c2)cc1-c1cc(N2CCOCC2)c(=O)n(C)c1,1,IC50,8.9,5,CHEMBL3894542
Cc1ccc(NC(=O)c2cccc(C(C)(C)C#N)c2)cc1-c1cc(N2CCOCC2)c(=O)n(C)c1,1,IC50,8.54,5,CHEMBL3916539
Cc1ccc(NC(=O)c2cc(CN(C)C)cc(C(F)(F)F)c2)cc1-c1cc(N2CCOCC2)c(=O)n(C)c1,1,IC50,8.04,5,CHEMBL3894561
CCN1CCN(c2cc(C(=O)Nc3ccc(C)c(-c4cc(N5CCOCC5)c(=O)n(C)c4)c3)cc(C(F)(F)F)c2)CC1,1,IC50,8.16,5,CHEMBL3969209
Cc1ccc(NC(=O)c2cncc(N(C)C)c2)cc1-c1cc(N2CCOCC2)c(=O)n(C)c1,1,IC50,8.82,5,CHEMBL3904667
Cc1ccc(NC(=O)c2cc(C(F)(F)F)cc(S(C)(=O)=O)c2)cc1-c1cc(N2CCOCC2)c(=O)n(C)c1,1,IC50,8.61,5,CHEMBL3975494
Cc1ccc(NC(=O)c2cccc(C(C)(F)F)c2)cc1-c1cc(N2CCOCC2)c(=O)n(C)c1,1,IC50,9.15,5,CHEMBL3914464
Cc1ccc(NC(=O)c2ccnc(C(C)(F)F)c2)cc1-c1cc(N2CCOCC2)c(=O)n(C)c1,1,IC50,9.07,5,CHEMBL3945935
Cc1ccc(NC(=O)c2ccnc(C(F)(F)F)c2)cc1-c1cc(N2CCOCC2)c(=O)n(C)c1,1,IC50,9.05,5,CHEMBL3909119
COc1ccc(C(=O)Nc2cnc(C)c(-c3cc(N4CCOCC4)c(=O)n(C)c3)c2)cc1C(F)(F)F,1,IC50,8.57,5,CHEMBL3937040
COc1cc(C(=O)Nc2cnc(C)c(-c3cc(N4CCOCC4)c(=O)n(C)c3)c2)ccc1F,1,IC50,7.68,5,CHEMBL3935937
Cc1ccc(NC(=O)c2ccnc(S(C)(=O)=O)c2)cc1-c1cc(N2CCOCC2)c(=O)n(C)c1,1,IC50,8.66,5,CHEMBL3959933
Cc1ccc(NC(=O)c2cccc(S(C)(=O)=O)c2)cc1-c1cc(N2CCOCC2)c(=O)n(C)c1,1,IC50,8.74,5,CHEMBL3923479
Cc1ccc(NC(=O)c2cccc(C(F)F)c2)cc1-c1cc(N2CCOCC2)c(=O)n(C)n1,1,IC50,8.66,5,CHEMBL3951205
Cc1ccc(NC(=O)c2ccnc(C(F)F)c2)cc1-c1cc(N2CCOCC2)c(=O)n(C)n1,1,IC50,8.33,9,CHEMBL3947882
Cc1ccc(NC(=O)c2ccnc(C(C)(C)C#N)c2)cc1-c1cc(N2CCOCC2)c(=O)n(C)n1,1,IC50,8.27,7,CHEMBL3942212
Cn1cc(-c2cc(C(=O)Nc3cccc(C(F)(F)F)c3)ccc2C(F)F)cc(N2CCOCC2)c1=O,1,IC50,7.47,5,CHEMBL3918963
COC(=O)NCCn1cc(-c2cc(NC(=O)c3cccc(C(F)(F)F)c3)cnc2C)cc(N2CCOCC2)c1=O,1,IC50,7.0,5,CHEMBL3894464
COC(=O)NCCn1cc(-c2cc(NC(=O)c3cccc(C(F)(F)F)c3)ccc2C)cc(N2CCOCC2)c1=O,1,IC50,7.92,5,CHEMBL3910040
COc1cc(-c2cc(NC(=O)c3cccc(C(F)(F)F)c3)ccc2C)nc(N2CCOCC2)c1,1,IC50,8.82,5,CHEMBL3926287
Cc1ccc(NC(=O)c2cccc(C(F)(F)F)c2)cc1-c1cc(=O)cc(N2CCOCC2)[nH]1,1,IC50,8.17,1,CHEMBL3948871
Cc1ccc(NC(=O)c2cccc(C(F)(F)F)c2)cc1-c1cc(N2CCOCC2)c2nccn2n1,1,IC50,8.82,3,CHEMBL3936964
Cc1ccc(NC(=O)c2cccc(C(F)(F)F)c2)cc1-c1cc(N2CC3CC(C2)O3)c(=O)n(C)c1,1,IC50,7.84,3,CHEMBL3952174
Cc1ccc(NC(=O)c2cccc(C(F)(F)F)c2)cc1-c1cc2nccn2c(N2CCOCC2)n1,1,IC50,9.03,3,CHEMBL3927963
Cc1ccc(NC(=O)c2cccc(C(F)(F)F)c2)cc1-c1cn2ccnc2c(N2CCOCC2)n1,1,IC50,9.41,3,CHEMBL3905257
Cc1ccc(NC(=O)c2cccc(C(F)(F)F)c2)cc1-c1nc(N2CCOCC2)c2sccc2n1,1,IC50,9.82,3,CHEMBL3933272
Cc1ccc(NC(=O)c2cccc(C(F)(F)F)c2)cc1-c1cn2ccnc2c(N2CCOC[C@H]2C)n1,1,IC50,8.89,3,CHEMBL4108504
Cc1ccc(NC(=O)c2ccnc(C(C)(C)C#N)c2)cc1-c1cc2[nH]cnc2c(N2CCOCC2)n1,1,IC50,8.04,1,CHEMBL3971983
Cc1ccc(NC(=O)c2cccc(C(F)(F)F)c2)cc1-c1cc(N2CCOCC2)c2oc(=O)[nH]c2c1,1,IC50,8.85,2,CHEMBL3947696
Cc1ccc(NC(=O)c2cccc(C(F)(F)F)c2)cc1-c1cc(N2CCOCC2)cc2[nH]c(=O)oc12,1,IC50,8.3,2,CHEMBL3976967
Cc1ccc(NC(=O)c2cccc(C(F)(F)F)c2)cc1-c1cc2[nH]cnc2c(N2CCOCC2)n1,1,IC50,8.97,1,CHEMBL3924576
Cc1ccc(NC(=O)c2ccnc(C(C)(C)C#N)c2)cc1-c1cc2[nH]cnc2c(N2CCOC[C@H]2C)n1,1,IC50,7.66,2,CHEMBL4113683
Cc1ccc(NC(=O)c2cccc(C(F)(F)F)c2)cc1-c1cc2[nH]cnc2c(N2CCOC[C@H]2C)n1,1,IC50,8.2,3,CHEMBL4115500
Cc1ncc(NC(=O)c2cc(C(F)(F)F)cc(S(C)(=O)=O)c2)cc1-c1ccnc(N2CCOCC2)c1,1,IC50,8.32,1,CHEMBL3891700
Cc1ccc(NC(=O)c2ccnc(C(F)F)c2)cc1-c1cc(N2CCOCC2)c(=O)n(C)c1,1,IC50,8.14,5,CHEMBL3960706
CCN1CCN(c2cc(C(=O)Nc3ccc(C)c(-c4ccnc(N5CCOCC5)c4)c3)cc(C(F)(F)F)c2)CC1,1,IC50,8.55,3,CHEMBL3946717
CSc1nc(N)cc(Oc2ccc(-c3nnc(Nc4cccc(C(F)(F)F)c4)[nH]3)cc2)n1,0,Kd (>),5.0,1,CHEMBL3932957
O=C1CCc2c(Oc3ccc4c(c3)C3C(C4)C3c3nc4ccccc4[nH]3)ccnc2N1,1,IC50,7.96,3,CHEMBL3895915
O=C1CCc2c(Oc3ccc4c(c3)C3C(C4)C3c3nc4ccc(C(F)(F)F)cc4[nH]3)ccnc2N1,1,IC50,7.14,3,CHEMBL3923069
O=C1CCc2c(Oc3ccc4c(c3)C3C(C4)C3c3nc4ccccc4s3)ccnc2N1,1,IC50,7.06,2,CHEMBL3959654
O=C1CCc2c(Oc3ccc4c(c3)C3C(O4)C3c3nc4ccccc4[nH]3)ccnc2N1,1,IC50,8.51,3,CHEMBL3955401
O=C1CCc2c(Oc3ccc4c(c3)C3C(O4)C3c3nc4ccc(C(F)(F)F)cc4[nH]3)ccnc2N1,1,IC50,8.14,3,CHEMBL3901590
O=C1CCc2c(Oc3ccc4c(c3)[C@H]3C(c5nc6ccc(C(F)(F)F)cc6[nH]5)[C@H]3O4)ccnc2N1,1,IC50,8.17,1,CHEMBL4111470
O=C1CCc2c(Oc3ccc4c(c3)[C@@H]3C(c5nc6ccc(C(F)(F)F)cc6[nH]5)[C@@H]3O4)ccnc2N1,1,IC50,7.28,1,CHEMBL4110100
O=C1CCc2c(Oc3ccc4c(c3)C3C(O4)C3c3nc4cc(Cl)c(Cl)cc4[nH]3)ccnc2N1,1,IC50,7.5,3,CHEMBL3961774
O=C1CCc2c(Oc3ccc4c(c3)[C@@H]3C(c5nc6cc(Cl)c(Cl)cc6[nH]5)[C@@H]3O4)ccnc2N1,1,IC50,7.96,1,CHEMBL4111990
O=C1CCc2c(Oc3ccc4c(c3)[C@H]3C(c5nc6cc(Cl)c(Cl)cc6[nH]5)[C@H]3O4)ccnc2N1,1,IC50,7.5,1,CHEMBL3946670
Cc1cc2[nH]c(C3C4Oc5ccc(Oc6ccnc7c6CCC(=O)N7)cc5C43)nc2cc1F,1,IC50,8.62,3,CHEMBL3970248
Cc1cc2[nH]c(C3[C@H]4c5cc(Oc6ccnc7c6CCC(=O)N7)ccc5O[C@@H]34)nc2cc1F,1,IC50,8.47,1,CHEMBL4112452
Cc1cc2[nH]c(C3[C@H]4Oc5ccc(Oc6ccnc7c6CCC(=O)N7)cc5[C@@H]34)nc2cc1F,1,IC50,7.68,1,CHEMBL3925378
O=C1CCc2c(Oc3ccc4c(c3)C3C(O4)C3c3nc4cc(Cl)c(C(F)(F)F)cc4[nH]3)ccnc2N1,1,IC50,7.72,3,CHEMBL3956392
O=C1CCc2c(Oc3ccc4c(c3)[C@@H]3C(c5nc6cc(Cl)c(C(F)(F)F)cc6[nH]5)[C@@H]3O4)ccnc2N1,1,IC50,6.9,1,CHEMBL4112979
O=C1CCc2c(Oc3ccc4c(c3)[C@H]3C(c5nc6cc(Cl)c(C(F)(F)F)cc6[nH]5)[C@H]3O4)ccnc2N1,1,IC50,7.96,1,CHEMBL3900761
N#Cc1ccc2nc(C3C4Oc5ccc(Oc6ccnc7c6CCC(=O)N7)cc5C43)[nH]c2c1,1,IC50,7.66,3,CHEMBL3893187
O=C1CCc2c(Oc3ccc4c(c3)C3C(O4)C3c3nc4ccc(F)cc4[nH]3)ccnc2N1,1,IC50,8.0,3,CHEMBL3982542
Cc1ccc2nc(C3C4Oc5ccc(Oc6ccnc7c6CCC(=O)N7)cc5C43)[nH]c2c1,1,IC50,8.43,3,CHEMBL3898602
O=C1CCc2c(Oc3ccc4c(c3)C3C(O4)C3c3nc4ccncc4[nH]3)ccnc2N1,1,IC50,7.38,3,CHEMBL3930140
O=C1CCc2c(Oc3ccc4c(c3)C3C(O4)C3c3nc4c(Cl)cc(C(F)(F)F)cc4[nH]3)ccnc2N1,1,IC50,7.1,3,CHEMBL3907614
O=C1CCc2c(Oc3ccc4c(c3)C3C(O4)C3c3nc4cc(F)c(F)cc4[nH]3)ccnc2N1,1,IC50,8.23,3,CHEMBL3935563
O=C1CCc2c(Oc3ccc4c(c3)C3C(O4)C3c3nc4ccc(Cl)cc4[nH]3)ccnc2N1,1,IC50,7.92,3,CHEMBL3891968
O=C1CCc2c(Oc3ccc4c(c3)C3C(O4)C3c3nc4ccc(Br)cc4[nH]3)ccnc2N1,1,IC50,8.14,4,CHEMBL3916469
O=C1CCc2c(Oc3ccc4c(c3)C3C(O4)C3c3nc4ccc(OC(F)(F)F)cc4[nH]3)ccnc2N1,1,IC50,7.55,3,CHEMBL3944431
Cn1c(C2C3Oc4ccc(Oc5ccnc6c5CCC(=O)N6)cc4C32)nc2ccccc21,1,IC50,7.92,3,CHEMBL3931164
COc1ccc2nc(C3C4Oc5ccc(Oc6ccnc7c6CCC(=O)N7)cc5C43)[nH]c2c1,1,IC50,7.82,3,CHEMBL3961208
O=C1CCc2c(Oc3ccc4c(c3)C3C(O4)C3c3nc4cc(Cl)c(F)cc4[nH]3)ccnc2N1,1,IC50,8.27,3,CHEMBL3975784
O=C1CCc2c(Oc3ccc4c(c3)C3C(O4)C3c3nc4cccc(C(F)(F)F)c4[nH]3)ccnc2N1,1,IC50,7.05,3,CHEMBL3933329
O=C1CCc2c(Oc3ccc4c(c3)C3C(O4)C3c3nc4cccc(F)c4[nH]3)ccnc2N1,1,IC50,7.96,3,CHEMBL3908760
CC(C)(C)c1ccc2nc(C3C4Oc5ccc(Oc6ccnc7c6CCC(=O)N7)cc5C43)[nH]c2c1,1,IC50,7.48,3,CHEMBL3915194
O=C1CCc2c(Oc3ccc4c(c3)C3C(O4)C3c3nc4cc5c(cc4[nH]3)CCC5)ccnc2N1,1,IC50,8.92,3,CHEMBL3896243
NC(=O)c1ccc2nc(C3C4Oc5ccc(Oc6ccnc7c6CCC(=O)N7)cc5C43)[nH]c2c1,1,IC50,8.4,3,CHEMBL3892591
Cn1c(C2C3Oc4ccc(Oc5ccnc6c5CCC(=O)N6)cc4C32)nc2ccc(C(F)(F)F)cc21,1,IC50,6.69,3,CHEMBL3976907
Cn1c(C2C3Oc4ccc(Oc5ccnc6c5CCC(=O)N6)cc4C32)nc2cc(C(F)(F)F)ccc21,1,IC50,7.33,3,CHEMBL3937407
O=C1CCc2c(Oc3cccc4c3OC3C(c5nc6ccc(C(F)(F)F)cc6[nH]5)C43)ccnc2N1,1,IC50,6.07,3,CHEMBL3912961
O=C1CCc2c(Oc3ccc4c(c3)C3C(O4)C3c3nc4cccc(Cl)c4[nH]3)ccnc2N1,1,IC50,7.8,3,CHEMBL3929949
O=C1CCc2c(Oc3ccc4c(c3)C3C(O4)C3c3nc4ccc(O)cc4[nH]3)ccnc2N1,1,IC50,8.6,3,CHEMBL3954132
O=C1CCc2c(Oc3ccc4c(c3)C3C(O4)C3c3nc4ccc(-c5ccccc5)cc4[nH]3)ccnc2N1,1,IC50,6.63,2,CHEMBL3908426
O=C1CCc2c(Oc3ccc4c(c3)C3C(O4)C3c3nc(-c4ccccc4)no3)ccnc2N1,1,IC50,8.49,3,CHEMBL3946213
O=C1CCc2c(Oc3ccc4c(c3)C3C(O4)C3c3nc(-c4ccccc4)c[nH]3)ccnc2N1,1,IC50,9.14,2,CHEMBL3970406
O=C1CCc2c(Oc3ccc4c(c3)C3C(O4)C3c3nc(-c4ccncc4)c[nH]3)ccnc2N1,1,IC50,8.43,3,CHEMBL3941872
O=C1CCc2c(Oc3ccc4c(c3)C3C(O4)C3c3nc(-c4ccccc4Cl)c[nH]3)ccnc2N1,1,IC50,8.48,3,CHEMBL3945405
O=C1CCc2c(Oc3ccc4c(c3)C3C(O4)C3c3nc(C(F)(F)F)c[nH]3)ccnc2N1,1,IC50,8.22,3,CHEMBL3932596
O=C1CCc2c(Oc3ccc4c(c3)C3C(O4)C3c3nc4cc(C(F)(F)F)ccc4n3CCO)ccnc2N1,1,IC50,7.52,3,CHEMBL3938706
Cc1cc(Oc2ccnc3c2CCC(=O)N3)cc2c1OC1C(c3nc4ccc(C(F)(F)F)cc4[nH]3)C21,1,IC50,7.21,3,CHEMBL3923954
O=C1CCc2c(Oc3cc4c(cc3Cl)OC3C(c5nc6ccc(C(F)(F)F)cc6[nH]5)C43)ccnc2N1,1,IC50,6.93,3,CHEMBL3973910
Cc1cc2nc(C3C4Oc5cc(Cl)c(Oc6ccnc7c6CCC(=O)N7)cc5C43)[nH]c2cc1F,1,IC50,6.76,3,CHEMBL3902942
CNC(=O)c1cc(Oc2ccc3c(c2)C2C(O3)C2c2nc3ccc(C(F)(F)F)cc3[nH]2)ccn1,1,IC50,7.25,2,CHEMBL3943552
FC(F)(F)c1ccc2nc(C3C4Oc5ccc(Oc6ccncn6)cc5C43)[nH]c2c1,1,IC50,6.25,3,CHEMBL3924429
FC(F)(F)c1ccc2nc(C3C4Oc5ccc(Oc6ccnc7[nH]ccc67)cc5C43)[nH]c2c1,1,IC50,6.28,2,CHEMBL3890417
FC(F)(F)c1ccc2nc(C3C4Oc5ccc(Oc6ccnc(-c7nc(C(F)(F)F)c[nH]7)c6)cc5C43)[nH]c2c1,1,IC50,6.54,3,CHEMBL3967304
FC(F)(F)c1ccc2nc(C3C4Oc5ccc(Oc6ncnc7[nH]cnc67)cc5C43)[nH]c2c1,1,IC50,7.25,3,CHEMBL3905022
FC(F)(F)c1ccc2nc(C3C4Oc5ccc(Oc6ccncc6)cc5C43)[nH]c2c1,1,IC50,6.29,3,CHEMBL3922825
O=C1Nc2nccc(Oc3ccc4c(c3)C3C(O4)C3c3nc4ccc(C(F)(F)F)cc4[nH]3)c2CO1,1,IC50,7.58,3,CHEMBL3975782
Cc1ccc(C(=O)Nc2cc(C(C)(C)C)on2)cc1-n1cc(-c2cncc(N3CCN(C)CC3)c2)nn1,1,IC50,8.1,1,CHEMBL3893769
Cc1ccc(C(=O)Nc2cc(C(C)(C)C)ccn2)cc1-n1cc(-c2cncc(N3CCN(C)CC3)c2)nn1,1,IC50,7.75,1,CHEMBL3947491
Cc1ccc(C(=O)Nc2cc(C(C)(C)C)on2)cc1-n1cc(-c2cncc(N(C)CCN(C)C)c2)nn1,1,IC50,8.15,1,CHEMBL3973582
Cc1ccc(C(=O)Nc2cc(C(C)(C)C)on2)cc1-n1cc(-c2cncc(N3CCN(C(C)(C)C)CC3)c2)nn1,1,IC50,7.92,1,CHEMBL3948705
Cc1ccc(C(=O)Nc2cc(C(C)(C)C)on2)cc1-n1cc(-c2cncc(N3CCN(C4CCCC4)CC3)c2)nn1,1,IC50,7.85,1,CHEMBL3977879
C=CCN1CCN(c2cncc(-c3cn(-c4cc(C(=O)Nc5cc(C(C)(C)C)on5)ccc4C)nn3)c2)CC1,1,IC50,7.66,1,CHEMBL3953998
CCN1CCC2(CCN(c3cncc(-c4cn(-c5cc(C(=O)Nc6cc(C(C)(C)C)on6)ccc5C)nn4)c3)C2)C1,1,IC50,8.05,1,CHEMBL3980523
Cc1ccc(C(=O)Nc2cc(C(C)(C)C)on2)cc1-n1cc(-c2cncc(N3CCN(CC4CCCO4)CC3)c2)nn1,1,IC50,7.66,1,CHEMBL3891182
Cc1ccc(C(=O)Nc2cc(C(C)(C)C)on2)cc1-n1cc(-c2cncc(N3CCC(CN(C)C)CC3)c2)nn1,1,IC50,7.92,1,CHEMBL3933654
Cc1ccc(C(=O)Nc2cc(C(C)(C)C)on2)cc1-n1cc(-c2cncc(N(C)C3CCOC3)c2)nn1,1,IC50,8.1,1,CHEMBL3969597
Cc1ccc(C(=O)Nc2cc(C(C)(C)C)on2)cc1-n1cc(-c2cncc(NC3CCOC3)c2)nn1,1,IC50,8.22,1,CHEMBL3936474
Cc1ccc(C(=O)Nc2cc(C(C)(C)C)on2)cc1-n1cc(-c2cncc(NC(C)(C)C)c2)nn1,1,IC50,7.75,1,CHEMBL3916575
Cc1ccc(C(=O)Nc2cc(C(C)(C)C)n[nH]2)cc1-n1cc(-c2cncc(N3CCOCC3)c2)nn1,1,IC50,7.92,1,CHEMBL3943675
Cc1ccc(C(=O)Nc2cc(C(C)(C)C)on2)cc1-n1cc(-c2cncc(NC(C)C)c2)nn1,1,IC50,7.77,1,CHEMBL3958901
Cc1ccc(C(=O)Nc2cc(C(C)(C)C)on2)cc1-n1cc(-c2cncc(N3CCN(C)C(C)C3)c2)nn1,1,IC50,7.68,1,CHEMBL3957464
Cc1ccc(C(=O)Nc2cc(C(C)(C)C)on2)cc1-n1cc(-c2cncc(N3CCN(CCN4CCOCC4)CC3)c2)nn1,1,IC50,7.85,1,CHEMBL3974774
Cc1ccc(C(=O)Nc2cc(C(C)(C)C)on2)cc1-n1cc(-c2cncc(N3CCCOCC3)c2)nn1,1,IC50,7.8,1,CHEMBL3945363
Cc1ccc(C(=O)Nc2cc(C(C)(C)C)on2)cc1-n1cc(-c2cncc(N(C)C)c2)nn1,1,IC50,7.89,1,CHEMBL3959719
Cc1ccc(C(=O)Nc2cc(C(C)(C)C)on2)cc1-n1cc(-c2cncc(N3CCC3)c2)nn1,1,IC50,7.96,1,CHEMBL3928691
COCC(C)Nc1cncc(-c2cn(-c3cc(C(=O)Nc4cc(C(C)(C)C)on4)ccc3C)nn2)c1,1,IC50,7.51,1,CHEMBL3966207
Cc1ccc(C(=O)Nc2cc(C(C)(C)C)on2)cc1-n1cc(-c2cncc(NCC(F)(F)F)c2)nn1,1,IC50,7.3,1,CHEMBL3954880
Cc1ccc(C(=O)Nc2cc(C(C)(C)C)on2)cc1-n1cc(-c2cncc(NCCF)c2)nn1,1,IC50,7.8,1,CHEMBL3922809
Cc1ccc(C(=O)Nc2cc(C(C)(C)C)on2)cc1-n1cc(-c2cncc(N3C[C@@H](C)O[C@@H](C)C3)c2)nn1,1,IC50,7.58,1,CHEMBL3898280
Cc1ccc(C(=O)Nc2cc(C(C)(C)C)nn2C)cc1-n1cc(-c2cncc(N3CCOCC3)c2)nn1,1,IC50,7.72,1,CHEMBL3970390
Cc1ccc(C(=O)Nc2cc(C(C)(C)C)on2)cc1-n1cc(-c2cncc(N(C)CC3CCCO3)c2)nn1,1,IC50,7.35,1,CHEMBL3940856
Cc1ccc(C(=O)Nc2cc(C(C)(C)C)on2)cc1-n1cc(-c2cncc(N3CCN(C4CC4)CC3)c2)nn1,1,IC50,7.55,1,CHEMBL3978677
CCCCN1CCN(c2cncc(-c3cn(-c4cc(C(=O)Nc5cc(C(C)(C)C)on5)ccc4C)nn3)c2)CC1,1,IC50,7.82,1,CHEMBL3946198
Cc1ccc(C(=O)Nc2cc(C(C)(C)C)on2)cc1-n1cc(-c2cncc(NC3CC3)c2)nn1,1,IC50,8.0,1,CHEMBL3949533
Cc1ccc(C(=O)Nc2cc(C(C)(C)C)on2)cc1-n1cc(-c2cncc(N(C)C3CCOCC3)c2)nn1,1,IC50,8.15,1,CHEMBL3921755
CNc1cncc(-c2cn(-c3cc(C(=O)Nc4cc(C(C)(C)C)on4)ccc3C)nn2)c1,1,IC50,7.85,1,CHEMBL3913254
Cc1ccc(C(=O)Nc2cc(C(C)(C)C)on2)cc1-n1cc(-c2cncc(N3CCN(CC(F)(F)F)CC3)c2)nn1,1,IC50,7.01,1,CHEMBL3937752
Cc1ccc(C(=O)Nc2cc(C(C)(C)C)on2)cc1-n1cc(-c2cncc(N3CC(C)NC(C)C3)c2)nn1,1,IC50,8.05,1,CHEMBL3971786
CCN1CCN(c2cncc(-c3cn(-c4cc(C(=O)Nc5cc(C(C)(C)C)on5)ccc4C)nn3)c2)CC1C,1,IC50,7.96,1,CHEMBL3900624
Cc1ccc(C(=O)Nc2cc(C(C)(C)C)on2)cc1-n1cc(-c2cncc(NCC3CCCO3)c2)nn1,1,IC50,8.05,1,CHEMBL3960659
Cc1ccc(C(=O)Nc2cc(C(C)(C)C)on2)cc1-n1cc(-c2cncc(N(C)C(C)C)c2)nn1,1,IC50,7.35,1,CHEMBL3895201
COCCNc1cncc(-c2cn(-c3cc(C(=O)Nc4cc(C(C)(C)C)on4)ccc3C)nn2)c1,1,IC50,7.8,1,CHEMBL3955364
Cc1ccc(C(=O)Nc2cc(C(C)(C)C)on2)cc1-n1cc(-c2cncc(N3CCN(C(C)C)C(C)C3)c2)nn1,1,IC50,7.7,1,CHEMBL3984004
Cc1ccc(C(=O)Nc2cc(C(C)(C)C)on2)cc1-n1cc(-c2cncc(NC3CCOCC3)c2)nn1,1,IC50,8.0,1,CHEMBL3948985
Cc1ccc(C(=O)Nc2cc(C(C)(C)C)on2)cc1-n1cc(-c2cncc(N3CCCC3)c2)nn1,1,IC50,7.39,1,CHEMBL3974942
COCCCN1CCN(c2cncc(-c3cn(-c4cc(C(=O)Nc5cc(C(C)(C)C)on5)ccc4C)nn3)c2)CC1,1,IC50,7.72,1,CHEMBL3897630
CCCN1CCN(c2cncc(-c3cn(-c4cc(C(=O)Nc5cc(C(C)(C)C)on5)ccc4C)nn3)c2)CC1,1,IC50,8.1,1,CHEMBL3974879
Cc1ccc(C(=O)Nc2cc(C(C)(C)C)on2)cc1-n1cc(-c2cncc(N3CCCCC3)c2)nn1,1,IC50,7.21,1,CHEMBL3986476
Cc1ccc(C(=O)Nc2cc(C(C)(C)C)on2)cc1-n1cc(-c2cncc(NC3CCCC3)c2)nn1,1,IC50,7.42,1,CHEMBL3957755
Cc1ccc(C(=O)Nc2cc(C(C)(C)C)on2)cc1-n1cc(-c2cncc(N3CCN(C(C)C)CC3)c2)nn1,1,IC50,7.96,1,CHEMBL3949481
COCCN1C(C)CN(c2cncc(-c3cn(-c4cc(C(=O)Nc5cc(C(C)(C)C)on5)ccc4C)nn3)c2)CC1C,1,IC50,7.54,1,CHEMBL3949133
Cc1ccc(C(=O)Nc2cc(C(C)(C)C)on2)cc1-n1cc(-c2cncc(NCCN(C)C)c2)nn1,1,IC50,8.15,1,CHEMBL3973303
Cc1ccc(C(=O)Nc2cc(C(C)(C)C)on2)cc1-n1cc(-c2cncc(N3CCOCC3)c2)nn1,1,IC50,8.0,1,CHEMBL3943788
CCN1CCN(c2cncc(-c3cn(-c4cc(C(=O)Nc5cc(C(C)(C)C)on5)ccc4C)nn3)c2)CC1,1,IC50,8.22,1,CHEMBL3958823
CCOCCN1CCN(c2cncc(-c3cn(-c4cc(C(=O)Nc5cc(C(C)(C)C)on5)ccc4C)nn3)c2)CC1,1,IC50,7.54,1,CHEMBL3934818
Cc1ccc(C(=O)Nc2cc(C(C)(C)C)on2)cc1-n1cc(-c2cncc(N3CCN(CC(C)C)CC3)c2)nn1,1,IC50,7.89,1,CHEMBL3934332
Cc1ccc(C(=O)Nc2cc(C(C)(C)C)on2)cc1-n1cc(-c2cncc(N3CCC(N(C)C)CC3)c2)nn1,1,IC50,7.92,1,CHEMBL3936625
Cc1ccc(C(=O)Nc2cc(C(C)(C)C)on2)cc1-n1cc(-c2cncc(N3CCCN(C(C)C)CC3)c2)nn1,1,IC50,7.75,1,CHEMBL3939868
COCCN(C)c1cncc(-c2cn(-c3cc(C(=O)Nc4cc(C(C)(C)C)on4)ccc3C)nn2)c1,1,IC50,7.96,1,CHEMBL3972856
Cc1ccc(C(=O)Nc2cc(C(C)(C)C)on2)cc1-n1cc(-c2cncc(NCC(F)F)c2)nn1,1,IC50,7.29,1,CHEMBL3948626
Cc1ccc(C(=O)Nc2cc(C(C)(C)C)nn2C)cc1-n1cc(-c2cncc(N3CCN(C)CC3)c2)nn1,1,IC50,7.8,1,CHEMBL3925718
CCN(C)c1cncc(-c2cn(-c3cc(C(=O)Nc4cc(C(C)(C)C)on4)ccc3C)nn2)c1,1,IC50,7.75,1,CHEMBL3960719
Cc1ccc(C(=O)Nc2cc(C(F)(F)F)ccn2)cc1-n1cc(-c2cncc(N3CCC3)c2)nn1,1,IC50,7.8,1,CHEMBL3985973
Cc1ccc(C(=O)Nc2cc(C(F)(F)F)ccn2)cc1-n1cc(-c2cncc(NCC3CCCO3)c2)nn1,1,IC50,7.96,1,CHEMBL3899376
Cc1ccc(C(=O)Nc2cc(C(F)(F)F)ccn2)cc1-n1cc(-c2cncc(N(C)CC3CCCO3)c2)nn1,1,IC50,7.36,1,CHEMBL3898308
Cc1ccc(C(=O)Nc2cc(C(F)(F)F)ccn2)cc1-n1cc(-c2cncc(N3CCC(N(C)C)CC3)c2)nn1,1,IC50,8.1,1,CHEMBL3901325
COCCN1CCN(c2cncc(-c3cn(-c4cc(C(=O)Nc5cc(C(F)(F)F)ccn5)ccc4C)nn3)c2)CC1,1,IC50,7.96,1,CHEMBL3972461
Cc1ccc(C(=O)Nc2cc(C(F)(F)F)ccn2)cc1-n1cc(-c2cncc(N(C)C)c2)nn1,1,IC50,7.62,1,CHEMBL3980390
Cc1ccc(C(=O)Nc2cc(C(F)(F)F)ccn2)cc1-n1cc(-c2cncc(NC3CCN(C)C3)c2)nn1,1,IC50,8.22,1,CHEMBL3977418
Cc1ccc(C(=O)Nc2cc(C(F)(F)F)ccn2)cc1-n1cc(-c2cncc(N3CCCCC3)c2)nn1,1,IC50,7.16,1,CHEMBL3985373
Cc1ccc(C(=O)Nc2cc(C(F)(F)F)ccn2)cc1-n1cc(-c2cncc(N(C)CCN3CCCC3)c2)nn1,1,IC50,8.05,1,CHEMBL3956709
Cc1ccc(C(=O)Nc2cc(C(F)(F)F)ccn2)cc1-n1cc(-c2cncc(NC3CC3)c2)nn1,1,IC50,7.36,1,CHEMBL3896590
Cc1ccc(C(=O)Nc2cc(C(F)(F)F)ccn2)cc1-n1cc(-c2cncc(N3CCCOCC3)c2)nn1,1,IC50,7.62,1,CHEMBL3971252
Cc1ccc(C(=O)Nc2cc(C(F)(F)F)ccn2)cc1-n1cc(-c2cncc(N(C)C3CCOC3)c2)nn1,1,IC50,8.15,1,CHEMBL3891259
Cc1ccc(C(=O)Nc2cc(C(F)(F)F)ccn2)cc1-n1cc(-c2cncc(N(C)C3CCOCC3)c2)nn1,1,IC50,7.52,1,CHEMBL3934962
Cc1ccc(C(=O)Nc2cc(C(F)(F)F)ccn2)cc1-n1cc(-c2cncc(NC3CCOC3)c2)nn1,1,IC50,7.96,1,CHEMBL3893752
Cc1ccc(C(=O)Nc2cc(C(F)(F)F)ccn2)cc1-n1cc(-c2cncc(N3C[C@@H]4C[C@H]3CN4)c2)nn1,1,IC50,8.4,1,CHEMBL3897088
Cc1ccc(C(=O)Nc2cc(C(F)(F)F)ccn2)cc1-n1cc(-c2cncc(N3CCOCC3)c2)nn1,1,IC50,7.92,1,CHEMBL3986040
COCCN(C)c1cncc(-c2cn(-c3cc(C(=O)Nc4cc(C(F)(F)F)ccn4)ccc3C)nn2)c1,1,IC50,7.47,1,CHEMBL3916277
Cc1ccc(C(=O)Nc2cc(C(F)(F)F)ccn2)cc1-n1cc(-c2cncc(N(C)C3CCN(C)CC3)c2)nn1,1,IC50,7.92,1,CHEMBL3973958
Cc1ccc(C(=O)Nc2cc(C(F)(F)F)ccn2)cc1-n1cc(-c2cncc(N3CCC(N(C)C)C3)c2)nn1,1,IC50,8.15,1,CHEMBL3911586
Cc1ccc(C(=O)Nc2cc(C(F)(F)F)ccn2)cc1-n1cc(-c2cncc(NC3CCN(C)CC3)c2)nn1,1,IC50,7.68,1,CHEMBL3973571
Cc1ccc(C(=O)Nc2cc(C(F)(F)F)ccn2)cc1-n1cc(-c2cncc(N3CCNCC3)c2)nn1,1,IC50,8.3,1,CHEMBL3902578
Cc1ccc(C(=O)Nc2cc(C(F)(F)F)ccn2)cc1-n1cc(-c2cncc(N(C)C3CCN(C)C3)c2)nn1,1,IC50,8.4,1,CHEMBL3955018
Cc1ccc(C(=O)Nc2cc(C(F)(F)F)ccn2)cc1-n1cc(-c2cncc(N3CC[C@H](N(C)C)C3)c2)nn1,1,IC50,8.05,1,CHEMBL3960521
Cc1ccc(C(=O)Nc2cc(C(F)(F)F)ccn2)cc1-n1cc(-c2cncc(N3CC[C@@H](N(C)C)C3)c2)nn1,1,IC50,7.82,1,CHEMBL4112487
Cc1ccc(C(=O)Nc2cc(C(F)(F)F)ccn2)cc1-n1cc(-c2cncc(NC3CCOCC3)c2)nn1,1,IC50,8.0,1,CHEMBL3929515
Cc1ccc(C(=O)Nc2cc(C(F)(F)F)ccn2)cc1-n1cc(-c2cncc(N3C[C@@H]4C[C@H]3CN4C)c2)nn1,1,IC50,8.22,1,CHEMBL3951820
Cc1ccc(C(=O)Nc2cc(C(F)(F)F)ccn2)cc1-n1cc(-c2cncc(N3CCN(C)CC3)c2)nn1,1,IC50,8.15,1,CHEMBL3924110
Cc1ccc(C(=O)Nc2cc(C(F)(F)F)ccn2)cc1-n1cc(-c2cncc(N3CCCC3)c2)nn1,1,IC50,8.15,1,CHEMBL3906033
Cc1ccc(C(=O)Nc2cc(C(F)(F)F)ccn2)cc1-n1cc(-c2cncc(NCCN(C)C)c2)nn1,1,IC50,8.0,1,CHEMBL3979849
Cc1ccc(C(=O)Nc2cc(C(F)(F)F)ccn2)cc1-n1cc(-c2cncc(N(C)CCN(C)C)c2)nn1,1,IC50,8.0,1,CHEMBL3968107
CCN1CCN(c2cncc(-c3cn(-c4cc(C(=O)Nc5cc(C(F)(F)F)ccn5)ccc4C)nn3)c2)CC1,1,IC50,8.15,1,CHEMBL3938547
Cc1ccc(C(=O)Nc2cc(C(F)(F)F)ccn2)cc1-n1cc(-c2cncc(N3CCN(C(C)C)CC3)c2)nn1,1,IC50,8.1,1,CHEMBL3927531
Cc1ccc(C(=O)Nc2cc(C(C)(C)C)on2)cc1-n1cc(-c2cncc(N3CCC(N4CCN(C)CC4)C3)c2)nn1,1,IC50,8.22,1,CHEMBL3896026
Cc1ccc(C(=O)Nc2cc(C(C)(C)C)on2)cc1-n1cc(-c2cncc(N3CCC(N4CCN(C)CC4)CC3)c2)nn1,1,IC50,8.0,1,CHEMBL3900402
Cc1ccc(C(=O)Nc2cc(C(C)(C)C)on2)cc1-n1cc(-c2cncc(N3CCCN(C)CC3)c2)nn1,1,IC50,8.1,1,CHEMBL3919327
Cc1ccc(C(=O)Nc2cc(C(C)(C)C)on2)cc1-n1cc(-c2cncc(N3CCC(N4CCN(C(C)C)CC4)C3)c2)nn1,1,IC50,8.1,1,CHEMBL3903762
Cc1ccc(C(=O)Nc2cc(C(C)(C)C)on2)cc1-n1cc(-c2cncc(N3CC(N4CCN(C)CC4)C3)c2)nn1,1,IC50,8.1,1,CHEMBL3928229
Cc1ccc(NC(=O)c2cc(C(F)(F)F)ccn2)cc1-n1cc(-c2cncc(N3CCOCC3)c2)nn1,1,IC50,8.05,1,CHEMBL3918381
Cc1ccc(NC(=O)c2cc(CNC(C)C)c(C(C)(C)C)o2)cc1-n1cc(-c2cncc(N3CCOCC3)c2)nn1,1,IC50,7.85,1,CHEMBL3890336
Cc1ccc(NC(=O)c2ccc(C(C)(C)C)o2)cc1-n1cc(-c2cncc(N3CCN(C(C)(C)C)CC3)c2)nn1,1,IC50,8.52,1,CHEMBL3903342
Cc1ccc(NC(=O)c2cc(C(C)(C)C)nn2C)cc1-n1cc(-c2cncc(N3CCOCC3)c2)nn1,1,IC50,7.96,1,CHEMBL3927812
Cc1ccc(NC(=O)c2cc(C(C)(C)C)on2)cc1-n1cc(-c2cncc(N3CCOCC3)c2)nn1,1,IC50,8.1,1,CHEMBL3890824
Cc1ccc(NC(=O)c2cc(C(C)(C)C)nn2C)cc1-n1cc(-c2cncc(N3CCN(C)CC3)c2)nn1,1,IC50,8.1,1,CHEMBL3969226
Cc1ccc(NC(=O)c2cc(C(F)(F)F)ccn2)cc1-n1cc(-c2cncc(N3CCN(C)CC3)c2)nn1,1,IC50,8.4,1,CHEMBL3980110
Cc1ccc(NC(=O)c2cc(C(C)(C)C)on2)cc1-n1cc(-c2cncc(N3CCN(C)CC3)c2)nn1,1,IC50,8.3,1,CHEMBL3913409
Cc1ccc(NC(=O)c2cc(C)n(C(C)(C)C)n2)cc1-n1cc(-c2cncc(N3CCOCC3)c2)nn1,1,IC50,7.75,1,CHEMBL3975259
Cc1ccc(NC(=O)c2cc(CN3CCCC3)c(C(C)(C)C)o2)cc1-n1cc(-c2cncc(N3CCOCC3)c2)nn1,1,IC50,7.96,1,CHEMBL3904406
Cc1ccc(NC(=O)c2ccc(C(C)(C)C)s2)cc1-n1cc(-c2cncc(N3CCOCC3)c2)nn1,1,IC50,8.0,1,CHEMBL3966765
Cc1ccc(NC(=O)c2cc(C(C)(C)C)oc2C)cc1-n1cc(-c2cncc(N3CCOCC3)c2)nn1,1,IC50,7.82,1,CHEMBL3891926
Cc1ccc(NC(=O)c2ccc(C(C)(C)C)o2)cc1-n1cc(-c2cncc(N3CCOCC3)c2)nn1,1,IC50,8.05,1,CHEMBL3906046
CCN1CCN(c2cncc(-c3cn(-c4cc(NC(=O)c5ccc(C(C)(C)C)o5)ccc4C)nn3)c2)CC1,1,IC50,8.52,1,CHEMBL3983429
Cc1ccc(NC(=O)c2ccc(C(C)(C)C)o2)cc1-n1cc(-c2cncc(N3CCN(C)CC3)c2)nn1,1,IC50,8.7,1,CHEMBL3900628
Cc1ccc(NC(=O)c2ccc(C(C)(C)C)o2)cc1-n1cc(-c2cncc(N3CCN(CC4CC4)CC3)c2)nn1,1,IC50,8.7,1,CHEMBL3928602
COCCCN1CCN(c2cncc(-c3cn(-c4cc(NC(=O)c5ccc(C(C)(C)C)o5)ccc4C)nn3)c2)CC1,1,IC50,9.0,1,CHEMBL3927546
C=CCN1CCN(c2cncc(-c3cn(-c4cc(NC(=O)c5ccc(C(C)(C)C)o5)ccc4C)nn3)c2)CC1,1,IC50,8.3,1,CHEMBL3951752
Cc1ccc(NC(=O)c2ccc(C(C)(C)C)o2)cc1-n1cc(-c2cncc(N3CCN(CC(C)C)CC3)c2)nn1,1,IC50,8.3,1,CHEMBL3915027
Cc1ccc(NC(=O)c2ccc(C(C)(C)C)o2)cc1-n1cc(-c2cncc(N3CCNCC3)c2)nn1,1,IC50,9.0,1,CHEMBL3898292
CCOCCN1CCN(c2cncc(-c3cn(-c4cc(NC(=O)c5ccc(C(C)(C)C)o5)ccc4C)nn3)c2)CC1,1,IC50,8.15,1,CHEMBL3929800
Cc1ccc(NC(=O)c2ccc(C(C)(C)C)s2)cc1-n1cc(-c2cncc(N3CCN(C(=O)OC(C)(C)C)CC3)c2)nn1,1,IC50,6.85,1,CHEMBL3959764
Cc1ccc(NC(=O)c2ccc(C(C)(C)C)s2)cc1-n1cc(-c2cncc(N3CCNCC3)c2)nn1,1,IC50,8.4,1,CHEMBL3932260
CCCN1CCN(c2cncc(-c3cn(-c4cc(NC(=O)c5ccc(C(C)(C)C)s5)ccc4C)nn3)c2)CC1,1,IC50,8.05,1,CHEMBL3970814
Cc1ccc(NC(=O)c2ccc(C(C)(C)C)s2)cc1-n1cc(-c2cncc(N3CCN(C)CC3)c2)nn1,1,IC50,8.22,1,CHEMBL3937760
CCN1CCN(c2cncc(-c3cn(-c4cc(NC(=O)c5ccc(C(C)(C)C)s5)ccc4C)nn3)c2)CC1,1,IC50,8.1,1,CHEMBL3975908
CCOCCN1CCN(c2cncc(-c3cn(-c4cc(NC(=O)c5ccc(C(C)(C)C)s5)ccc4C)nn3)c2)CC1,1,IC50,8.0,1,CHEMBL3946593
Cc1ccc(NC(=O)c2ccc(C(C)(C)C)s2)cc1-n1cc(-c2cncc(N3CCN(C(C)(C)C)CC3)c2)nn1,1,IC50,8.0,1,CHEMBL3983930
Cc1ccc(NC(=O)c2ccc(C(C)(C)C)s2)cc1-n1cc(-c2cncc(N3CCN(CC(C)C)CC3)c2)nn1,1,IC50,7.75,1,CHEMBL3958684
Cc1ccc(NC(=O)c2ccc(C(C)(C)C)s2)cc1-n1cc(-c2cncc(N3CCN(CC4CC4)CC3)c2)nn1,1,IC50,8.1,1,CHEMBL3952224
C=CCN1CCN(c2cncc(-c3cn(-c4cc(NC(=O)c5ccc(C(C)(C)C)s5)ccc4C)nn3)c2)CC1,1,IC50,7.89,1,CHEMBL3924548
COCCCN1CCN(c2cncc(-c3cn(-c4cc(NC(=O)c5ccc(C(C)(C)C)s5)ccc4C)nn3)c2)CC1,1,IC50,8.15,1,CHEMBL3931777
Cc1ccc(NC(=O)c2cc(C)n(C(C)(C)C)n2)cc1-n1cc(-c2cncc(N3CCN(C4CC4)CC3)c2)nn1,1,IC50,7.51,1,CHEMBL3921125
CCN1CCN(c2cncc(-c3cn(-c4cc(NC(=O)c5cc(C)n(C(C)(C)C)n5)ccc4C)nn3)c2)CC1,1,IC50,8.0,1,CHEMBL3944223
Cc1ccc(NC(=O)c2cc(C)n(C(C)(C)C)n2)cc1-n1cc(-c2cncc(N3CCN(C(C)C)CC3)c2)nn1,1,IC50,7.89,1,CHEMBL3970327
CCCN1CCN(c2cncc(-c3cn(-c4cc(NC(=O)c5cc(C)n(C(C)(C)C)n5)ccc4C)nn3)c2)CC1,1,IC50,7.96,1,CHEMBL3917377
Cc1ccc(NC(=O)c2cc(C)n(C(C)(C)C)n2)cc1-n1cc(-c2cncc(N3CCN(C)CC3)c2)nn1,1,IC50,7.96,1,CHEMBL3945263
Cc1ccc(NC(=O)c2cc(C)n(C(C)(C)C)n2)cc1-n1cc(-c2cncc(N3CCCN(C)CC3)c2)nn1,1,IC50,8.05,1,CHEMBL3894425
Cc1ccc(NC(=O)c2cc(CNC(C)(C)C)c(C(C)(C)C)o2)cc1-n1cc(-c2cncc(N3CCOCC3)c2)nn1,1,IC50,7.96,1,CHEMBL3953997
Cc1ccc(NC(=O)c2cc(CNC3CCN(C)CC3)c(C(C)(C)C)o2)cc1-n1cc(-c2cncc(N3CCOCC3)c2)nn1,1,IC50,7.85,1,CHEMBL3901678
Cc1ccc(NC(=O)c2cc(CN3CCN(C)CC3)c(C(C)(C)C)o2)cc1-n1cc(-c2cncc(N3CCOCC3)c2)nn1,1,IC50,7.8,1,CHEMBL3964223
Cc1ccc(NC(=O)c2cc(CN(C)CCN(C)C)c(C(C)(C)C)o2)cc1-n1cc(-c2cncc(N3CCOCC3)c2)nn1,1,IC50,7.44,1,CHEMBL3941325
Cc1ccc(NC(=O)c2cc(CN(C)C)c(C(C)(C)C)o2)cc1-n1cc(-c2cncc(N3CCOCC3)c2)nn1,1,IC50,7.96,1,CHEMBL3909903
Cc1ccc(NC(=O)c2cc(CNCCN(C)C)c(C(C)(C)C)o2)cc1-n1cc(-c2cncc(N3CCOCC3)c2)nn1,1,IC50,8.0,1,CHEMBL3932337
Cc1cc(Oc2cc(NC(=O)C3CC3)ncn2)ccc1NC(=O)Nc1ccc(Cl)c(C(F)(F)F)c1,1,IC50,7.41,1,CHEMBL3957965
O=C(Nc1ccc(Oc2cc(NC(=O)C3CC3)ncn2)cc1)Nc1ccc(Cl)c(C(F)(F)F)c1,1,IC50,7.61,1,CHEMBL3949308
O=C(Nc1ccc(Oc2cc(NC(=O)C3CC3)ncn2)c(F)c1)Nc1ccc(Cl)c(C(F)(F)F)c1,1,IC50,7.6,1,CHEMBL3952636
O=C(Nc1ccc(Cl)c(C(F)(F)F)c1)Nc1ccc(Oc2cc(NC(=O)C3CC3)ncn2)cc1F,1,IC50,7.58,1,CHEMBL3924928
Cc1cc(NC(=O)Nc2ccc(Cl)c(C(F)(F)F)c2)ccc1Oc1cc(NC(=O)C2CC2)ncn1,1,IC50,7.01,1,CHEMBL3960088
Cc1cc(NC(=O)Nc2ccc(Cl)c(C(F)(F)F)c2)cnc1Oc1ccnc(NC(=O)C2CC2)c1,1,IC50,7.8,1,CHEMBL3931364
O=C(Nc1cnc(Oc2ccnc(NC(=O)C3CC3)c2)c(Cl)c1)Nc1ccc(Cl)c(C(F)(F)F)c1,1,IC50,7.74,1,CHEMBL3940400
O=C(Nc1ccc(Oc2ccnc(NC(=O)C3CC3)c2)nc1)Nc1ccc(Cl)c(C(F)(F)F)c1,1,IC50,7.71,1,CHEMBL3952726
O=C(Nc1ccc(Cl)c(C(F)(F)F)c1)Nc1ccc(Oc2ccnc(NC(=O)C3CC3)c2)cn1,1,IC50,7.61,1,CHEMBL3984709
O=C(Nc1ccc(Oc2ccnc(NC(=O)C3CC3)c2)c(F)c1)Nc1ccc(Cl)c(C(F)(F)F)c1,1,IC50,8.44,1,CHEMBL3947363
Cc1cc(Oc2ccnc(NC(=O)C3CC3)c2)ccc1NC(=O)Nc1ccc(Cl)c(C(F)(F)F)c1,1,IC50,7.82,1,CHEMBL3976632
O=C(Nc1cc(F)cc(Oc2ccnc(NC(=O)C3CC3)c2)c1)Nc1ccc(Cl)c(C(F)(F)F)c1,1,IC50,8.29,1,CHEMBL3946238
O=C(Nc1cnc(Oc2ccnc(NC(=O)C3CC3)c2)c(F)c1)Nc1ccc(Cl)c(C(F)(F)F)c1,1,IC50,8.04,1,CHEMBL3972376
CC1(C(=O)Nc2cc(Oc3ccc(NC(=O)Nc4ccc(Cl)c(C(F)(F)F)c4)cc3F)ccn2)CC1,1,IC50,7.68,1,CHEMBL3926946
O=C(Nc1ccc(Cl)c(C(F)(F)F)c1)Nc1ccc(Oc2ccnc(NC(=O)C3CC3)c2)cc1F,1,IC50,8.14,1,CHEMBL3894725
Cc1ccc(Oc2ccnc(NC(=O)C3CC3)c2)cc1NC(=O)Nc1ccc(Cl)c(C(F)(F)F)c1,1,IC50,7.75,1,CHEMBL3896485
Cc1cc(NC(=O)Nc2ccc(Cl)c(C(F)(F)F)c2)ccc1Oc1ccnc(NC(=O)C2CC2)c1,1,IC50,7.6,1,CHEMBL3961993
O=C(Nc1cccc(OC(F)(F)F)c1)Nc1ccc(Oc2ccnc(NC(=O)C3CC3)c2)cc1F,1,IC50,8.03,1,CHEMBL3910983
CC(F)(F)c1cc(F)cc(NC(=O)Nc2ccc(Oc3ccnc(NC(=O)C4CC4)c3)cc2F)c1,1,IC50,8.05,1,CHEMBL3984219
CS(=O)(=O)c1cc(NC(=O)Nc2ccc(Oc3ccnc(NC(=O)C4CC4)c3)c(F)c2)cc(C(F)(F)F)c1,1,IC50,7.58,1,CHEMBL3973002
CN1CCC(Oc2cc(NC(=O)Nc3ccc(Oc4ccnc(NC(=O)C5CC5)c4)c(F)c3)cc(C(F)(F)F)c2)C1,1,IC50,8.28,1,CHEMBL3986500
CC1CN(c2cc(NC(=O)Nc3ccc(Oc4ccnc(NC(=O)C5CC5)c4)c(F)c3)cc(C(F)(F)F)c2)C(=O)O1,1,IC50,7.43,1,CHEMBL3909183
CC(=O)Nc1cc(NC(=O)Nc2ccc(Oc3ccnc(NC(=O)C4CC4)c3)c(F)c2)cc(C(F)(F)F)c1,1,IC50,7.89,1,CHEMBL3966058
CC1CN(c2cc(NC(=O)Nc3ccc(Oc4ccnc(NC(=O)C5CC5)c4)c(F)c3)cc(C(F)(F)F)c2)CC(C)O1,1,IC50,7.13,1,CHEMBL3903645
CN(C)C1CCN(c2cc(NC(=O)Nc3ccc(Oc4ccnc(NC(=O)C5CC5)c4)c(F)c3)cc(C(F)(F)F)c2)C1,1,IC50,7.96,1,CHEMBL3986639
O=C(Nc1cc(N2CCC(O)CC2)cc(C(F)(F)F)c1)Nc1ccc(Oc2ccnc(NC(=O)C3CC3)c2)c(F)c1,1,IC50,7.63,1,CHEMBL3916992
O=C(Nc1cc(N2CCCC2=O)cc(C(F)(F)F)c1)Nc1ccc(Oc2ccnc(NC(=O)C3CC3)c2)c(F)c1,1,IC50,7.89,1,CHEMBL3953630
CC(F)(F)c1cncc(NC(=O)Nc2ccc(Oc3ccnc(NC(=O)C4CC4)c3)c(F)c2)c1,1,IC50,7.19,1,CHEMBL3939532
O=C(Nc1ccc(Oc2ccnc(NC(=O)C3CC3)c2)c(F)c1)Nc1cc(C2CC2)ccc1F,1,IC50,6.94,1,CHEMBL3937184
O=C(Nc1ccc(Oc2ccnc(NC(=O)C3CC3)c2)c(F)c1)Nc1ccc2[nH]cc(F)c2c1,1,IC50,7.05,1,CHEMBL3909258
O=C(Nc1cccc(C(F)(F)F)c1)Nc1ccc(Oc2ccnc(NC(=O)C3CC3)c2)c(F)c1,1,IC50,8.2,1,CHEMBL3978551
N#Cc1ccc(NC(=O)Nc2ccc(Oc3ccnc(NC(=O)C4CC4)c3)c(F)c2)cc1C(F)(F)F,1,IC50,8.15,1,CHEMBL3940692
O=C(Nc1ccc(Oc2ccnc(NC(=O)C3CC3)c2)c(F)c1)Nc1ccc(Cl)c(OC(F)(F)F)c1,1,IC50,7.83,1,CHEMBL3970244
CN1CCN(Cc2cc(NC(=O)Nc3ccc(Oc4ccnc(NC(=O)C5CC5)c4)cc3)cc(C(F)(F)F)c2)CC1,1,IC50,8.34,1,CHEMBL3931682
CC(F)(F)c1cncc(NC(=O)Nc2ccc(Oc3ccnc(NC(=O)C4CC4)c3)cc2)c1,1,IC50,7.6,1,CHEMBL3941664
Cc1cc(Oc2cc(NC(=O)C3CC3)ncn2)ccc1NC(=O)Nc1ccc(F)c(C(F)(F)F)c1,1,IC50,6.84,1,CHEMBL3913166
Cc1cc(Oc2cc(NC(=O)C3CC3)ncn2)ccc1NC(=O)Nc1cccc(C(F)(F)F)c1,1,IC50,6.84,1,CHEMBL3898689
Cc1cc(Oc2cc(NC(=O)C3CC3)ncn2)ccc1NC(=O)Nc1ccc(Cl)c(C(C)(F)F)c1,1,IC50,7.35,1,CHEMBL3931966
CC(F)(F)c1cc(NC(=O)Nc2ccc(Oc3cc(NC(=O)C4CC4)ncn3)c(F)c2)ccc1Cl,1,IC50,6.82,1,CHEMBL3930387
O=C(Nc1ccc(Oc2cc(NC(=O)C3CC3)ncn2)cc1F)Nc1cc(C(F)(F)F)ccc1F,1,IC50,7.51,1,CHEMBL3921434
O=C(Nc1cccc(C(F)(F)F)c1)Nc1ccc(Oc2cc(NC(=O)C3CC3)ncn2)cc1F,1,IC50,7.39,1,CHEMBL3975481
CC(F)(F)c1ccc(F)c(NC(=O)Nc2ccc(Oc3cc(NC(=O)C4CC4)ncn3)cc2F)c1,1,IC50,7.5,1,CHEMBL3908195
CC(F)(F)c1cc(NC(=O)Nc2ccc(Oc3cc(NC(=O)C4CC4)ncn3)cc2F)ccc1Cl,1,IC50,7.62,1,CHEMBL3977258
Cc1cc(NC(=O)Nc2cc(C(C)(F)F)ccc2F)ccc1Oc1cc(NC(=O)C2CC2)ncn1,1,IC50,6.96,1,CHEMBL3914631
Cc1cc(NC(=O)Nc2ccc(F)c(C(C)(F)F)c2)ccc1Oc1cc(NC(=O)C2CC2)ncn1,1,IC50,6.53,1,CHEMBL3940325
Cc1cc(NC(=O)Nc2cc(C(F)(F)F)ccc2F)cnc1Oc1ccnc(NC(=O)C2CC2)c1,1,IC50,7.98,1,CHEMBL3905711
COc1ccc(NC(=O)Nc2cnc(Oc3ccnc(NC(=O)C4CC4)c3)c(C)c2)cc1C(F)(F)F,1,IC50,8.07,1,CHEMBL3964796
Cc1cc(NC(=O)Nc2cc(OC(C)C)cc(C(F)(F)F)c2)cnc1Oc1ccnc(NC(=O)C2CC2)c1,1,IC50,7.21,1,CHEMBL3977445
Cc1cc(Oc2ccnc(NC(=O)C3CC3)c2)ncc1NC(=O)Nc1cc(C(F)(F)F)ccc1F,1,IC50,8.14,1,CHEMBL3948208
Cc1cc(Oc2ccnc(NC(=O)C3CC3)c2)ncc1NC(=O)Nc1cc(C(C)(F)F)ccc1F,1,IC50,8.21,1,CHEMBL3965770
CS(=O)(=O)c1cc(NC(=O)Nc2ccc(Oc3ccnc(NC(=O)C4CC4)c3)nc2)cc(C(F)(F)F)c1,1,IC50,7.53,1,CHEMBL3958722
CN1CCC(Nc2cc(NC(=O)Nc3ccc(Oc4ccnc(NC(=O)C5CC5)c4)nc3)cc(C(F)(F)F)c2)CC1,1,IC50,7.9,1,CHEMBL3983977
O=C(Nc1ccc(Oc2ccnc(NC(=O)C3CC3)c2)nc1)Nc1cc(N2CCS(=O)(=O)CC2)cc(C(F)(F)F)c1,1,IC50,7.41,1,CHEMBL3939419
N#Cc1ccc(NC(=O)Nc2ccc(Oc3ccnc(NC(=O)C4CC4)c3)cn2)cc1C(F)(F)F,1,IC50,7.6,1,CHEMBL3975944
CS(=O)(=O)c1cc(NC(=O)Nc2ccc(Oc3ccnc(NC(=O)C4CC4)c3)cn2)cc(C(F)(F)F)c1,1,IC50,7.54,1,CHEMBL3932302
O=C(Nc1ccc(Oc2ccnc(NC(=O)C3CC3)c2)cc1)Nc1ccc(Cl)c(C(F)(F)F)c1,1,IC50,7.95,1,CHEMBL3959805
O=C(Nc1ccc(Oc2ccnc(NC(=O)C3CC3)c2)cc1)Nc1ccc(F)c(C(F)(F)F)c1,1,IC50,7.58,1,CHEMBL3968567
N#Cc1ccc(NC(=O)Nc2ccc(Oc3ccnc(NC(=O)C4CC4)c3)cc2)cc1C(F)(F)F,1,IC50,7.89,1,CHEMBL3929084
O=C(Nc1ccc(Oc2ccnc(NC(=O)C3CC3)c2)cc1)Nc1cc(F)cc(C(F)(F)F)c1,1,IC50,6.9,1,CHEMBL3964861
O=C(Nc1ccc(Oc2ccnc(NC(=O)C3CC3)c2)cc1)Nc1cc(C(F)(F)F)ccc1Cl,1,IC50,7.41,1,CHEMBL3913290
CN1CCC(c2cc(NC(=O)Nc3ccc(Oc4ccnc(NC(=O)C5CC5)c4)cc3)cc(C(F)(F)F)c2)CC1,1,IC50,8.26,1,CHEMBL3968087
O=C(Nc1ccc(Oc2ccnc(NC(=O)C3CC3)c2)cc1)Nc1cccc(C(F)(F)F)c1,1,IC50,7.52,1,CHEMBL3969593
CS(=O)(=O)c1cc(NC(=O)Nc2ccc(Oc3ccnc(NC(=O)C4CC4)c3)cc2)cc(C(F)(F)F)c1,1,IC50,8.29,1,CHEMBL3928460
O=C(Nc1ccc(Oc2ccnc(NC(=O)C3CC3)c2)cc1)Nc1cccc(OC(F)(F)F)c1,1,IC50,7.85,1,CHEMBL3977612
CC(F)(F)c1ccnc(NC(=O)Nc2ccc(Oc3ccnc(NC(=O)C4CC4)c3)cc2)c1,1,IC50,7.82,1,CHEMBL3944994
CC(F)(F)c1ccc(F)c(NC(=O)Nc2ccc(Oc3ccnc(NC(=O)C4CC4)c3)cc2)c1,1,IC50,7.8,1,CHEMBL3892248
CC(F)(F)c1cc(NC(=O)Nc2ccc(Oc3ccnc(NC(=O)C4CC4)c3)cc2)ccc1Cl,1,IC50,7.42,1,CHEMBL3961228
O=C(Nc1ccc(Oc2ccnc(NC(=O)C3CC3)c2)cc1)Nc1ccc2c(c1)C(F)(F)CCO2,1,IC50,8.48,1,CHEMBL3969197
N#Cc1cc(NC(=O)Nc2ccc(Oc3ccnc(NC(=O)C4CC4)c3)cc2)cc(C(F)(F)F)c1,1,IC50,7.14,1,CHEMBL3951823
O=C(Nc1ccc(Oc2ccnc(NC(=O)C3CC3)c2)c(F)c1)Nc1ccc(F)c(C(F)(F)F)c1,1,IC50,7.5,1,CHEMBL3977627
O=C(Nc1ccc(Oc2ccnc(NC(=O)C3CC3)c2)c(F)c1)Nc1cc(C(F)(F)F)ccc1F,1,IC50,7.43,1,CHEMBL3930655
O=C(Nc1ccc(Oc2ccnc(NC(=O)C3CC3)c2)c(F)c1)Nc1cc(C(F)(F)F)ccc1Cl,1,IC50,7.37,1,CHEMBL3961613
O=C(Nc1cc(-c2ccncc2)cc(C(F)(F)F)c1)Nc1ccc(Oc2ccnc(NC(=O)C3CC3)c2)c(F)c1,1,IC50,7.45,1,CHEMBL3959327
CN1CCC(Nc2cc(NC(=O)Nc3ccc(Oc4ccnc(NC(=O)C5CC5)c4)c(F)c3)cc(C(F)(F)F)c2)CC1,1,IC50,8.1,1,CHEMBL3893285
CC1CN(c2cc(NC(=O)Nc3ccc(Oc4ccnc(NC(=O)C5CC5)c4)c(F)c3)cc(C(F)(F)F)c2)CCO1,1,IC50,7.65,1,CHEMBL3949794
C=CC(=O)Nc1cc(NC(=O)Nc2ccc(Oc3ccnc(NC(=O)C4CC4)c3)c(F)c2)cc(C(F)(F)F)c1,1,IC50,7.62,1,CHEMBL3985563
CN1CCC(Oc2cc(NC(=O)Nc3ccc(Oc4ccnc(NC(=O)C5CC5)c4)c(F)c3)cc(C(F)(F)F)c2)CC1,1,IC50,7.15,1,CHEMBL3939238
CS(=O)(=O)Nc1cc(NC(=O)Nc2ccc(Oc3ccnc(NC(=O)C4CC4)c3)c(F)c2)cc(C(F)(F)F)c1,1,IC50,8.18,1,CHEMBL3943475
O=C(Nc1cc(N2CCS(=O)(=O)CC2)cc(C(F)(F)F)c1)Nc1ccc(Oc2ccnc(NC(=O)C3CC3)c2)c(F)c1,1,IC50,7.57,1,CHEMBL3939020
CN1CCN(Cc2cc(NC(=O)Nc3ccc(Oc4ccnc(NC(=O)C5CC5)c4)c(F)c3)cc(C(F)(F)F)c2)CC1,1,IC50,7.62,1,CHEMBL3902261
CN1CCC(Nc2ccc(NC(=O)Nc3ccc(Oc4ccnc(NC(=O)C5CC5)c4)c(F)c3)cc2C(F)(F)F)CC1,1,IC50,8.1,1,CHEMBL3964493
O=C(Nc1ccc(Oc2ccnc(NC(=O)C3CC3)c2)c(F)c1)Nc1cc(C(F)(F)F)ncn1,1,IC50,7.02,1,CHEMBL3913927
O=C(Nc1cccc(OC(F)(F)F)c1)Nc1ccc(Oc2ccnc(NC(=O)C3CC3)c2)c(F)c1,1,IC50,8.01,1,CHEMBL3959341
O=C(Nc1ccc(OC(F)(F)F)cc1)Nc1ccc(Oc2ccnc(NC(=O)C3CC3)c2)c(F)c1,1,IC50,7.46,1,CHEMBL3906129
CC(F)(F)c1ccc(F)c(NC(=O)Nc2ccc(Oc3ccnc(NC(=O)C4CC4)c3)c(F)c2)c1,1,IC50,8.32,1,CHEMBL3893548
CC(F)(F)c1cc(NC(=O)Nc2ccc(Oc3ccnc(NC(=O)C4CC4)c3)c(F)c2)ccc1Cl,1,IC50,7.5,1,CHEMBL3930516
CC(F)(F)c1cc(NC(=O)Nc2ccc(Oc3ccnc(NC(=O)C4CC4)c3)c(F)c2)ccc1F,1,IC50,7.25,1,CHEMBL3898941
O=C(Nc1ccc(Oc2ccnc(NC(=O)C3CC3)c2)c(F)c1)Nc1cc(Cl)ccc1F,1,IC50,7.13,1,CHEMBL3935930
O=C(Nc1cc(-c2cccnc2)cc(C(F)(F)F)c1)Nc1ccc(Oc2ccnc(NC(=O)C3CC3)c2)c(F)c1,1,IC50,7.56,1,CHEMBL3944876
CC(C)Nc1cc(NC(=O)Nc2ccc(Oc3ccnc(NC(=O)C4CC4)c3)c(F)c2)cc(C(F)(F)F)c1,1,IC50,7.46,1,CHEMBL3920464
CN1CCC(Oc2ccc(NC(=O)Nc3ccc(Oc4ccnc(NC(=O)C5CC5)c4)c(F)c3)cc2C(F)(F)F)CC1,1,IC50,7.72,1,CHEMBL3913774
O=C(Nc1cc(N2CCOCC2)cc(C(F)(F)F)c1)Nc1ccc(Oc2ccnc(NC(=O)C3CC3)c2)c(F)c1,1,IC50,7.53,1,CHEMBL3983575
N#Cc1cc(NC(=O)Nc2ccc(Oc3ccnc(NC(=O)C4CC4)c3)c(F)c2)cc(C(F)(F)F)c1,1,IC50,7.06,1,CHEMBL3972070
Cc1cc(Oc2ccnc(NC(=O)C3CC3)c2)ccc1NC(=O)Nc1ccc(F)c(C(F)(F)F)c1,1,IC50,8.0,1,CHEMBL3900935
Cc1cc(Oc2ccnc(NC(=O)C3CC3)c2)ccc1NC(=O)Nc1cccc(C(F)(F)F)c1,1,IC50,8.17,1,CHEMBL3909992
Cc1cc(Oc2ccnc(NC(=O)C3CC3)c2)ccc1NC(=O)Nc1cccc(OC(F)(F)F)c1,1,IC50,8.06,1,CHEMBL3985123
Cc1cc(Oc2ccnc(NC(=O)C3CC3)c2)ccc1NC(=O)Nc1cc(OC(F)(F)F)ccc1F,1,IC50,7.89,1,CHEMBL3915341
Cc1cc(Oc2ccnc(NC(=O)C3CC3)c2)ccc1NC(=O)Nc1ccc(F)c(OC(F)(F)F)c1,1,IC50,7.89,1,CHEMBL3970841
Cc1cc(Oc2ccnc(NC(=O)C3CC3)c2)ccc1NC(=O)Nc1ccc(Cl)c(C(C)(F)F)c1,1,IC50,7.93,1,CHEMBL3908737
O=C(Nc1ccc(F)c(C(F)(F)F)c1)Nc1ccc(Oc2ccnc(NC(=O)C3CC3)c2)cc1F,1,IC50,7.89,1,CHEMBL3977680
O=C(Nc1cc(F)cc(C(F)(F)F)c1)Nc1ccc(Oc2ccnc(NC(=O)C3CC3)c2)cc1F,1,IC50,7.43,1,CHEMBL3953943
O=C(Nc1ccc(Oc2ccnc(NC(=O)C3CC3)c2)cc1F)Nc1cc(C(F)(F)F)ccc1F,1,IC50,8.05,1,CHEMBL3908336
O=C(Nc1ccc(Oc2ccnc(NC(=O)C3CC3)c2)cc1F)Nc1cc(C(F)(F)F)ccc1Cl,1,IC50,7.72,1,CHEMBL3905323
O=C(Nc1cccc(C(F)(F)F)c1)Nc1ccc(Oc2ccnc(NC(=O)C3CC3)c2)cc1F,1,IC50,8.19,1,CHEMBL3972921
O=C(Nc1cc(N2CC(F)(F)C2)cc(C(F)(F)F)c1)Nc1ccc(Oc2ccnc(NC(=O)C3CC3)c2)cc1F,1,IC50,7.7,1,CHEMBL3896385
O=C(Nc1ccc(F)c(OC(F)(F)F)c1)Nc1ccc(Oc2ccnc(NC(=O)C3CC3)c2)cc1F,1,IC50,7.72,1,CHEMBL3895343
CC(F)(F)c1ccnc(NC(=O)Nc2ccc(Oc3ccnc(NC(=O)C4CC4)c3)cc2F)c1,1,IC50,8.0,1,CHEMBL3910894
CC(F)(F)c1cccc(NC(=O)Nc2ccc(Oc3ccnc(NC(=O)C4CC4)c3)cc2F)c1,1,IC50,8.05,1,CHEMBL3980939
CC(F)(F)c1ccc(F)c(NC(=O)Nc2ccc(Oc3ccnc(NC(=O)C4CC4)c3)cc2F)c1,1,IC50,8.11,1,CHEMBL3913137
CC(F)(F)c1cc(NC(=O)Nc2ccc(Oc3ccnc(NC(=O)C4CC4)c3)cc2F)ccc1Cl,1,IC50,8.08,1,CHEMBL3909831
CC(F)(F)c1cc(NC(=O)Nc2ccc(Oc3ccnc(NC(=O)C4CC4)c3)cc2F)ccc1F,1,IC50,8.15,1,CHEMBL3954891
N#Cc1ccc(NC(=O)Nc2ccc(Oc3ccnc(NC(=O)C4CC4)c3)cc2F)cc1Cl,1,IC50,7.96,1,CHEMBL3910713
Cc1ccc(Oc2ccnc(NC(=O)C3CC3)c2)cc1NC(=O)Nc1cc(F)cc(C(F)(F)F)c1,1,IC50,7.54,1,CHEMBL3904994
Cc1ccc(Oc2ccnc(NC(=O)C3CC3)c2)cc1NC(=O)Nc1cc(C(F)(F)F)ccc1F,1,IC50,7.96,1,CHEMBL3976542
Cc1ccc(Oc2ccnc(NC(=O)C3CC3)c2)cc1NC(=O)Nc1cc(C(C)(F)F)ccc1F,1,IC50,7.57,1,CHEMBL3978687
Cc1cc(NC(=O)Nc2ccc(F)c(C(F)(F)F)c2)ccc1Oc1ccnc(NC(=O)C2CC2)c1,1,IC50,7.68,1,CHEMBL3969741
Cc1cc(NC(=O)Nc2cccc(C(F)(F)F)c2)ccc1Oc1ccnc(NC(=O)C2CC2)c1,1,IC50,7.9,1,CHEMBL3940199
Cc1cc(NC(=O)Nc2cccc(OC(F)(F)F)c2)ccc1Oc1ccnc(NC(=O)C2CC2)c1,1,IC50,7.85,1,CHEMBL3978101
Cc1cc(NC(=O)Nc2cc(C(C)(F)F)ccc2F)ccc1Oc1ccnc(NC(=O)C2CC2)c1,1,IC50,7.8,1,CHEMBL3982896
Cc1cc(NC(=O)Nc2ccc(Cl)c(C(C)(F)F)c2)ccc1Oc1ccnc(NC(=O)C2CC2)c1,1,IC50,7.68,2,CHEMBL3954230
O=C(Nc1ccc(Oc2ccnc(NC(=O)C3CC3)c2)cc1)Nc1cc(OCC2CNC2)cc(C(F)(F)F)c1,1,IC50,8.43,1,CHEMBL3968631
Nc1cc(NC(=O)Nc2ccc(Oc3ccnc(NC(=O)C4CC4)c3)c(F)c2)cc(C(F)(F)F)c1,1,IC50,8.15,1,CHEMBL3932357
CN1CC(Oc2cc(NC(=O)Nc3ccc(Oc4ccnc(NC(=O)C5CC5)c4)cc3)cc(C(F)(F)F)c2)C1,1,IC50,8.04,1,CHEMBL3971428
Nc1ccc(-c2ccc3ncc4c(=O)[nH]c(=O)n(-c5cccc(C(F)(F)F)c5)c4c3n2)cn1,0,IC50 (>),5.0,1,CHEMBL3903725
Cc1ccc(NC(=O)c2cccc(C(F)(F)F)c2)cc1NC(=O)c1cccc2c(N)nccc12,1,IC50,7.21,2,CHEMBL3967980
CC1(C)OC(c2ccnc(S)n2)=C(c2cccc(NS(=O)(=O)c3c(F)cccc3F)c2F)C1=O,1,IC50,6.8,1,CHEMBL3976359
COC(=O)N[C@@H](C)CNc1nccc(C2=C(c3cccc(NS(=O)(=O)c4c(F)cccc4F)c3F)C(=O)C(C)(C)O2)n1,1,IC50,7.01,1,CHEMBL3964998
CC1(C)OC(c2ccnc(NCCC#N)n2)=C(c2cccc(NS(=O)(=O)c3c(F)cccc3F)c2F)C1=O,1,IC50,7.89,1,CHEMBL3890133
Nc1nccc(C2=C(c3cccc(NS(=O)(=O)c4c(F)cccc4F)c3F)C(=O)C3(CCCC3)O2)n1,1,IC50,7.54,1,CHEMBL3914605
CC(C)CC1(C)OC(c2ccnc(N)n2)=C(c2cccc(NS(=O)(=O)c3c(F)cccc3F)c2F)C1=O,1,IC50,7.04,1,CHEMBL3935781
CC(C)CC1(C)OC(c2ccnc(NCCC#N)n2)=C(c2cccc(NS(=O)(=O)c3c(F)cccc3F)c2F)C1=O,1,IC50,8.02,1,CHEMBL3899076
COC(=O)N[C@@H](C)CNc1nccc(C2=C(c3cccc(NS(=O)(=O)c4c(F)cccc4F)c3F)C(=O)C(C)(CC(C)C)O2)n1,1,IC50,7.57,1,CHEMBL3927117
CC(C)CC1(C)OC(c2ccnc(NCc3nccs3)n2)=C(c2cccc(NS(=O)(=O)c3c(F)cccc3F)c2F)C1=O,1,IC50,6.58,1,CHEMBL3899681
CC(C)CC1(C)OC(c2ccnc(NCC3CCCO3)n2)=C(c2cccc(NS(=O)(=O)c3c(F)cccc3F)c2F)C1=O,1,IC50,6.12,1,CHEMBL3890710
CC1(C)OC(c2ccnc(N)n2)=C(c2cc(Cl)cc(NS(=O)(=O)c3c(F)cccc3F)c2F)C1=O,1,IC50,8.26,1,CHEMBL3959779
CC1(C)OC(c2ccnc(N)n2)=C(c2cc(Cl)cc(NS(=O)(=O)c3cc(F)ccc3F)c2F)C1=O,1,IC50,9.22,1,CHEMBL3983123
CC1(C)OC(c2ccnc(N)n2)=C(c2cc(Cl)cc(NS(=O)(=O)c3ccc(F)cc3F)c2F)C1=O,1,IC50,8.0,1,CHEMBL3951054
CC1(C)OC(c2ccnc(N)n2)=C(c2cc(Cl)cc(NS(=O)(=O)c3cccc(F)c3)c2F)C1=O,1,IC50,8.92,1,CHEMBL3975151
CC1(C)OC(c2ccnc(N)n2)=C(c2cc(Cl)cc(NS(=O)(=O)c3ccccc3F)c2F)C1=O,1,IC50,8.6,1,CHEMBL3945780
CCCS(=O)(=O)Nc1cc(Cl)cc(C2=C(c3ccnc(N)n3)OC(C)(CC(C)C)C2=O)c1F,1,IC50,7.16,1,CHEMBL3965632
Nc1nccc(C2=C(c3cccc(NS(=O)(=O)c4c(F)cccc4F)c3Cl)C(=O)C3(CCCC3)O2)n1,1,IC50,8.43,1,CHEMBL3939274
Nc1nccc(C2=C(c3cc(Cl)cc(NS(=O)(=O)c4c(F)cccc4F)c3Cl)C(=O)C3(CCCC3)O2)n1,1,IC50,8.62,1,CHEMBL3919165
CC(C)CC1(C)OC(c2ccnc(N)n2)=C(c2cc(Cl)cc(NS(=O)(=O)c3c(F)cccc3F)c2F)C1=O,1,IC50,7.57,1,CHEMBL3974172
CC(C)CC1(C)OC(c2ccnc(NCCC#N)n2)=C(c2cc(Cl)cc(NS(=O)(=O)c3c(F)cccc3F)c2F)C1=O,1,IC50,7.54,1,CHEMBL3893674
CC1(C)OC(c2ccnc(NCCC#N)n2)=C(c2cc(Cl)cc(NS(=O)(=O)c3c(F)cccc3F)c2F)C1=O,1,IC50,8.6,1,CHEMBL3950482
COC(=O)N[C@@H](C)CNc1nccc(C2=C(c3cc(Cl)cc(NS(=O)(=O)c4cc(F)ccc4F)c3F)C(=O)C(C)(C)O2)n1,1,IC50,7.3,1,CHEMBL3979489
CC1(C)OC(c2ccnc(NCCC#N)n2)=C(c2cc(Cl)cc(NS(=O)(=O)c3cc(F)ccc3F)c2F)C1=O,1,IC50,7.89,1,CHEMBL3941770
C[C@H](O)CNc1nccc(C2=C(c3cc(Cl)cc(NS(=O)(=O)c4cc(F)ccc4F)c3F)C(=O)C(C)(C)O2)n1,1,IC50,7.62,1,CHEMBL3974635
CC1(C)OC(c2ccnc(NCCO)n2)=C(c2cc(Cl)cc(NS(=O)(=O)c3cc(F)ccc3F)c2F)C1=O,1,IC50,7.96,1,CHEMBL3936301
COCCNc1nccc(C2=C(c3cc(Cl)cc(NS(=O)(=O)c4cc(F)ccc4F)c3F)C(=O)C(C)(C)O2)n1,1,IC50,7.3,1,CHEMBL3966137
CCNc1nccc(C2=C(c3cc(Cl)cc(NS(=O)(=O)c4cc(F)ccc4F)c3F)C(=O)C(C)(C)O2)n1,1,IC50,8.55,1,CHEMBL3927350
Nc1nccc(C2=C(c3cc(Cl)cc(NS(=O)(=O)c4cc(F)ccc4F)c3F)C(=O)C3(CCCC3)O2)n1,1,IC50,8.59,1,CHEMBL3951559
Nc1nccc(C2=C(c3cc(Cl)cc(NS(=O)(=O)c4c(F)cccc4F)c3F)C(=O)C3(CCCC3)O2)n1,1,IC50,8.89,1,CHEMBL3965702
COc1cc(Nc2ncc3c(n2)-c2ccc(Cl)cc2C(c2c(F)cccc2OC)=NC3)ccc1C(=O)O,0,Kd (>),4.52,1,CHEMBL483158
C=CC(=O)N1CCC[C@H](n2c(=O)n(-c3ccc(Oc4ccccc4)cc3)c3c(N)ncnc32)C1,0,Kd (>),4.52,1,CHEMBL3991931
CCc1cnn2c(NCc3ccc[n+]([O-])c3)cc(N3CCCC[C@H]3CCO)nc12,0,Kd (>),4.52,1,CHEMBL2103840
COc1cc(N2CCC(N3CCN(C)CC3)CC2)ccc1Nc1ncnc(Nc2ccccc2S(=O)(=O)C(C)C)n1,0,Kd (>),4.52,1,CHEMBL3545360
COc1ccc(S(=O)(=O)N(C(C)=O)c2ccccc2/C=C/c2cc[n+]([O-])cc2)cc1,0,Kd (>),4.52,1,CHEMBL3991927
COc1cc([C@@H]2c3cc4c(cc3[C@H](O)[C@H]3COC(=O)[C@@H]23)OCO4)cc(OC)c1OC,0,Kd (>),4.52,1,CHEMBL283120
Nc1nc(N)c2nc(-c3cccc(O)c3)c(-c3cccc(O)c3)nc2n1,0,Kd (>),4.52,1,CHEMBL230011
Cc1cccc(-c2nn3c(c2-c2ccnc4ccc(C(N)=O)cc24)CCC3)n1,0,Kd (>),4.52,1,CHEMBL2364611
CNC(=O)c1cccc2cc(Oc3ccnc4cc(OCC5(N)CC5)c(OC)cc34)ccc12,0,Kd (>),4.52,1,CHEMBL2220486
NC(=O)c1ccc(N(C(N)=O)c2c(F)cccc2F)nc1-c1ccc(F)cc1F,0,Kd (>),4.52,1,CHEMBL1090090
Cn1ncc(Cl)c1-c1cc(C(=O)N[C@H](CN)Cc2ccc(F)c(F)c2)oc1Cl,0,Kd (>),4.52,1,CHEMBL3137336
N[C@@H]1CCCN(c2c(/C=C3\SC(=O)NC3=O)cccc2-c2ccccc2)C1,0,Kd (>),4.52,1,CHEMBL2048872
O=S(=O)(c1cccc2cnccc12)N1CCCNCC1,0,Kd (>),4.52,1,CHEMBL38380
C=CC(=O)N1CCC(Oc2cc3c(Nc4ccc(Cl)c(Cl)c4F)ncnc3cc2OC)CC1,0,Kd (>),4.52,1,CHEMBL3545154
O=c1[nH]ccc2cc(OC3CCNCC3)ccc12,0,Kd (>),4.52,1,CHEMBL1667969
NC1(C(=O)N[C@@H](CCO)c2ccc(Cl)cc2)CCN(c2nc[nH]c3nccc2-3)CC1,0,Kd (>),4.52,1,CHEMBL2325741
Cc1cc(C(=O)Nc2cc(Oc3ccc4nc(NC(=O)C5CC5)cn4n3)ccc2C)n(C)n1,0,Kd (>),4.52,1,CHEMBL2180604
C=CCn1c(=O)c2cnc(Nc3ccc(N4CCN(C)CC4)cc3)nc2n1-c1cccc(C(C)(C)O)n1,0,Kd (>),4.52,1,CHEMBL1976040
CN1N=C(N)c2cn([C@@H]3O[C@H](COP(=O)(O)O)[C@@H](O)[C@H]3O)c3ncnc1c23,0,Kd (>),4.52,1,CHEMBL462018
Cc1cnc(NC(=O)Nc2cc(Br)c(C)cc2OC[C@@H]2CNCCO2)cn1,0,Kd (>),4.52,1,CHEMBL3039517
Cn1c(=O)n(-c2ccc(C(C)(C)C#N)cc2)c2c3cc(-c4cnc5ccccc5c4)ccc3ncc21,0,Kd (>),4.52,1,CHEMBL1879463
CN1CCC(CNc2ccc3ncc(-c4cccc(OC(F)(F)F)c4)n3n2)CC1,0,Kd (>),4.52,1,CHEMBL1952329
CCNC(=O)C#Cc1ccc2c(c1)NC(=O)/C2=C(\Nc1ccc(CN(C)C)cc1)c1ccccc1,0,Kd (>),4.52,1,CHEMBL3699142
COCCNCc1ccc(-c2cc3nccc(Oc4ccc(NC(=S)NC(=O)Cc5ccc(F)cc5)cc4F)c3s2)nc1,0,Kd (>),4.52,1,CHEMBL3989914
CN1CCN(CCOc2cc(OC3CCOCC3)c3c(Nc4c(Cl)ccc5c4OCO5)ncnc3c2)CC1,0,Kd (>),4.52,1,CHEMBL217092
CCc1nc(C(N)=O)c(Nc2ccc(N3CCC(N4CCN(C)CC4)CC3)c(OC)c2)nc1NC1CCOCC1,0,Kd (>),4.52,1,CHEMBL3301622
COc1cc2nccc(Oc3ccc(NC(=O)Nc4cc(C)on4)c(Cl)c3)c2cc1OC,0,Kd (>),4.52,1,CHEMBL1289494
NC(=O)c1c(OCc2c(F)cc(Br)cc2F)nsc1NC(=O)NCCCCN1CCCC1,0,Kd (>),4.52,1,CHEMBL253969
C[C@@H]1COC(Nc2ccc3ncnc(Nc4ccc(OCc5nccs5)c(Cl)c4)c3c2)=N1,0,Kd (>),4.52,1,CHEMBL2103842
Cc1cc(C(=O)NOCCO)c(Nc2ccc(I)cc2F)n(C)c1=O,0,Kd (>),4.52,1,CHEMBL3182621
CNC(=O)c1ccc(-c2cnc3ncc(Cc4ccc5ncccc5c4)n3n2)cc1F,0,Kd (>),4.52,1,CHEMBL3188267
N#CCNC(=O)c1ccc(-c2ccnc(Nc3ccc(N4CCOCC4)cc3)n2)cc1,0,Kd (>),4.52,1,CHEMBL1078178
C[C@@H](Nc1cc(F)cc(F)c1)c1cc(C(=O)N(C)C)cc2c(=O)cc(N3CCOCC3)oc12,0,Kd (>),4.52,1,CHEMBL3408248
Cc1cc2c(F)c(Oc3ncnn4cc(OC[C@@H](C)OC(=O)[C@H](C)N)c(C)c34)ccc2[nH]1,0,Kd (>),4.52,1,CHEMBL270995
O=C(Nc1cc(C(F)(F)F)cc(C(F)(F)F)c1)c1cc(Cl)ccc1O,0,Kd (>),4.52,1,CHEMBL536151
Cc1cc(Nc2ncc(Cl)c(Nc3ccccc3S(=O)(=O)C(C)C)n2)c(OC(C)C)cc1C1CCNCC1,0,Kd (>),4.52,1,CHEMBL2403108
OCCn1cc(-c2cnc3nnn(Cc4ccc5ncccc5c4)c3n2)cn1,0,Kd (>),4.52,1,CHEMBL2001019
COc1cc2c(Nc3ccc(Cl)c(Cl)c3F)ncnc2cc1OC[C@@H]1C[C@@H]2CN(C)C[C@@H]2C1,0,Kd (>),4.52,1,CHEMBL3544983
Cn1cc(-c2[nH]c3cc(NC(=O)[C@H](N)C4CCCCC4)cc4c3c2C=NNC4=O)cn1,0,Kd (>),4.52,1,CHEMBL3990456
CN1CCN(C2CCN(C(=O)Nc3cc(Oc4ccc(NC(=O)C5(C(=O)Nc6ccc(F)cc6)CC5)c(F)c4)ccn3)CC2)CC1,0,Kd (>),4.52,1,CHEMBL3039525
Nc1ncnc2c1c(-c1cccc(OCc3ccccc3)c1)cn2[C@H]1C[C@H](N2CCC2)C1,0,Kd (>),4.52,1,CHEMBL551064
COc1ccc(-c2ccc3ncc4c(c3c2)n(-c2ccc(N3CCNCC3)c(C(F)(F)F)c2)c(=O)n4C)cn1,0,Kd (>),4.52,1,CHEMBL3218578
CCS(=O)(=O)c1cccc(-c2cc(C(=O)NC3CCN(C)CC3)c(C)c3[nH]c4ncc(C)cc4c23)c1,0,Kd (>),4.52,1,CHEMBL3544932
O=C(NC[C@H](O)CO)c1ccncc1Nc1ccc(I)cc1F,0,Kd (>),4.52,1,CHEMBL2107832
CN1CC[C@@H](c2c(O)cc(O)c3c(=O)cc(-c4ccccc4Cl)oc23)[C@@H]1CO,0,Kd (>),4.52,1,CHEMBL3991935
CCc1cc2c(cc1N1CCC(N3CCOCC3)CC1)C(C)(C)c1[nH]c3cc(C#N)ccc3c1C2=O,0,Kd (>),4.52,1,CHEMBL1738797
C=CCN(/C=C1/C(=O)O[C@H](COC)[C@@]2(C)C1=C(O)C(=O)C1=C2[C@H](OC(C)=O)C[C@]2(C)C(=O)CC[C@@H]12)CC=C,0,Kd (>),4.52,1,CHEMBL411907
CNC(=O)CN1CCC(Oc2cc3c(Nc4cccc(Cl)c4F)ncnc3cc2OC)CC1,0,Kd (>),4.52,1,CHEMBL2408045
CN1CCC(COc2cnc(-c3cccc(Cn4nc(-c5cccc(C#N)c5)ccc4=O)c3)nc2)CC1,0,Kd (>),4.52,1,CHEMBL3402762
CNC(=O)c1ccc(C)c(-n2c(C)cc(OCc3ccc(F)cc3F)c(Br)c2=O)c1,0,Kd (>),4.52,1,CHEMBL1088751
COc1cc2nccc(Oc3ccc(NC(=O)NC4CC4)c(Cl)c3)c2cc1C(N)=O,0,Kd (>),4.52,1,CHEMBL1289601
CC1(COc2ccc3c(c2)ncn3-c2ccc3cccc(N4CCC(N)CC4)c3n2)COC1,0,Kd (>),4.52,1,CHEMBL2105728
Cc1c(NC(=O)OC[C@@H]2COCCN2)cn2ncnc(Nc3ccc4c(cnn4Cc4cccc(F)c4)c3)c12,0,Kd (>),4.52,1,CHEMBL1645462
C[C@H]1CNCCCN1S(=O)(=O)c1cccc2cncc(F)c12,0,Kd (>),4.52,1,CHEMBL3426621
CC(C)c1cc(CNc2nc(Nc3cc(C4CC4)[nH]n3)cc(N3CCN(C)CC3)n2)on1,0,Kd (>),4.52,1,CHEMBL3545085
COc1cc(F)c(F)c(Nc2ccc(I)cc2F)c1NS(=O)(=O)C1(C[C@H](O)CO)CC1,0,Kd (>),4.52,1,CHEMBL1236682
CC[C@@H]1C(=O)N(C)c2cnc(Nc3ccc(C(=O)N[C@H]4CC[C@H](N5CCN(CC6CC6)CC5)CC4)cc3OC)nc2N1C(C)C,0,Kd (>),4.52,1,CHEMBL1233528
CC(=O)NCC(=O)N1[C@@H]2CC[C@H]1c1ccc(Nc3ncc(C(F)(F)F)c(NC4CCC4)n3)cc12,0,Kd (>),4.52,1,CHEMBL4289017
CCN(CCCOc1ccc2c(Nc3cc(CC(=O)Nc4cccc(F)c4)[nH]n3)ncnc2c1)CCOP(=O)(O)O,0,Kd (>),4.52,1,CHEMBL415049
COc1cc2ncnc(Nc3ccc(F)c(Cl)c3)c2cc1NC(=O)/C=C/CN1CCCCC1,0,Kd (>),4.52,1,CHEMBL2110732
CNC(=O)c1cc(COc2nnc(Nc3ccc(Cl)cc3)c3ccoc23)ccn1,0,Kd (>),4.52,1,CHEMBL2079588
CCN1CCN(Cc2ccc(-c3cc4c(N[C@H](C)c5ccccc5)ncnc4[nH]3)cc2)CC1,0,Kd (>),4.52,1,CHEMBL587723
Cc1nc(N)sc1-c1ccnc(Nc2ccc(N3CCOCC3)cc2)n1,0,Kd (>),4.52,1,CHEMBL482967
CCN1CCN(Cc2ccc(Nc3ncc(F)c(-c4cc(F)c5nc(C)n(C(C)C)c5c4)n3)nc2)CC1,0,Kd (>),4.52,1,CHEMBL3301610
C#Cc1cccc(Nc2ncnc3cc4c(cc23)OCCOCCOCCO4)c1,0,Kd (>),4.52,1,CHEMBL2087361
O=C1NC(=O)[C@@H](c2cn3c4c(cccc24)CCC3)[C@@H]1c1c[nH]c2ccccc12,0,Kd (>),4.52,1,CHEMBL2103882
O=C(Nc1cccc(Cl)c1)Nc1ncc(CCNc2ncnc3ccsc23)s1,0,Kd (>),4.52,1,CHEMBL482767
Cc1c(CN2CCN(C(=O)[C@H](C)O)CC2)sc2c(N3CCOCC3)nc(-c3cnc(N)nc3)nc12,0,Kd (>),4.52,1,CHEMBL1922094
NC(=O)Nc1cc(-c2cccc(F)c2)sc1C(=O)N[C@H]1CCCNC1,0,Kd (>),4.52,1,CHEMBL2041933
CCn1c(C(=O)N(C2CC2)C2CC2)cc2c3c(ncn3C)c(Nc3cc(C)n(C)n3)nc21,0,Kd (>),4.52,1,CHEMBL3545215
CNC(=O)c1cc(Oc2ccc(NC(=O)Nc3cc(C(C)(C)C)nn3-c3ccc4ncccc4c3)c(F)c2)ccn1,0,Kd,4.58,1,CHEMBL1738757
CCS(=O)(=O)N1CC(CC#N)(n2cc(-c3ncnc4[nH]ccc34)cn2)C1,0,Kd (>),4.52,1,CHEMBL2105759
CN(C)C1CCN(C(=O)c2ccc(NC(=O)Nc3ccc(-c4nc(N5CCOCC5)nc(N5CCOCC5)n4)cc3)cc2)CC1,0,Kd (>),4.52,1,CHEMBL592445
CC[C@@](C)(Nc1ccnc(-c2c[nH]c3ncccc23)n1)C(=O)NCC(F)(F)F,0,Kd (>),4.52,1,CHEMBL3039513
CCS(=O)(=O)N1CCN(c2ccc(Nc3ncc(C(N)=O)c(NC4CC4)n3)cc2)CC1,0,Kd (>),4.52,1,CHEMBL3991929
NC[C@@](O)(c1ccc(Cl)cc1)c1ccc(-c2cn[nH]c2)cc1,0,Kd (>),4.52,1,CHEMBL3544960
C=CC(=O)Nc1cc(Nc2nccc(-c3cn(C)c4ccccc34)n2)c(OC)cc1N(C)CCN(C)C,0,Kd (>),4.52,1,CHEMBL3353410
Cn1ncc(Cl)c1-c1cc(C(=O)N[C@H](CN)Cc2cccc(F)c2)sc1Cl,0,Kd (>),4.52,1,CHEMBL2219422
Cn1c(=O)c(F)c(Nc2ccc(I)cc2F)c2c(=O)n(C[C@@H](O)CO)cnc21,0,Kd (>),4.52,1,CHEMBL1615025
CO[C@H]1C[C@@H]2CC[C@@H](C)[C@@](O)(O2)C(=O)C(=O)N2CCCC[C@H]2C(=O)O[C@H]([C@H](C)C[C@@H]2CC[C@@H](OP(C)(C)=O)[C@H](OC)C2)CC(=O)[C@H](C)/C=C(\C)[C@@H](O)[C@@H](OC)C(=O)[C@H](C)C[C@H](C)/C=C/C=C/C=C/1C,0,Kd (>),4.52,1,CHEMBL2103839
Cn1cc(-c2cnn3c(N)c(Br)c([C@@H]4CCCNC4)nc23)cn1,0,Kd (>),4.52,1,CHEMBL2386889
C#Cc1cccc(Nc2ncnc3cc(OC)c(OCCCCCCC(=O)NO)cc23)c1,0,Kd (>),4.52,1,CHEMBL598797
FC(F)(F)c1ccc(/C=C/c2nc(COc3ccc(CCCCn4ccnn4)cc3)co2)cc1,0,Kd (>),4.52,1,CHEMBL1614707
C=CC(=O)Nc1cc2c(Nc3ccc(F)c(Cl)c3)ncnc2cc1C#CC(C)(C)N1CCN(C)CC1,0,Kd (>),4.52,1,CHEMBL2138625
COc1cc(Nc2ncc(F)c(Nc3ccc4c(n3)N(COP(=O)(O)O)C(=O)C(C)(C)O4)n2)cc(OC)c1OC,0,Kd (>),4.52,1,CHEMBL2103830
Cc1cc(Nc2nc(N[C@@H](C)c3ncc(F)cn3)ncc2Cl)[nH]n1,0,Kd (>),4.52,1,CHEMBL1231124
CCCCCCCCCCCCCCCCCCOP(=O)([O-])OC1CC[N+](C)(C)CC1,0,Kd (>),4.52,1,CHEMBL372764
O=C(Nc1ccc(OC(F)(F)F)cc1)c1sccc1NCc1ccnc2ccccc12,0,Kd (>),4.52,1,CHEMBL1614710
C[C@@H](Oc1cc(C(=O)Nc2ccc(C(=O)N3CCN(C)CC3)cc2)nnc1N)c1c(Cl)ccc(F)c1Cl,0,Kd (>),4.52,1,CHEMBL2376648
C[C@@H](c1ccc2nccn2c1)n1nnc2ncc(-c3cnn(C)c3)nc21,0,Kd (>),4.52,1,CHEMBL3334567
COc1cc2nccc(Oc3ccc(NC(=O)C4(C(=O)Nc5ccc(F)cc5)CC4)cc3)c2cc1OC,0,Kd (>),4.52,1,CHEMBL2105717
CCn1cc(-c2ccnc3[nH]c(-c4cccc(CN(C)C)c4)cc23)c(-c2ccc(NC(=O)N(C)C)cc2)n1,0,Kd (>),4.52,1,CHEMBL1090479
C[C@@H](N)c1ccc(C(=O)Nc2ccnc3[nH]ccc23)cc1,0,Kd (>),4.52,1,CHEMBL571948
CO[C@H]1C[C@@H]2CC[C@@H](C)[C@@](O)(O2)C(=O)C(=O)N2CCCC[C@H]2C(=O)O[C@H]([C@H](C)C[C@@H]2CC[C@@H](O)[C@H](OC)C2)CC(=O)[C@H](C)/C=C(\C)[C@@H](O)[C@@H](OC)C(=O)[C@H](C)C[C@H](C)/C=C/C=C/C=C/1C,0,Kd (>),4.52,1,CHEMBL413
COc1ncc(-c2ccc3nccc(-c4ccnnc4)c3c2)cc1NS(=O)(=O)c1ccc(F)cc1F,0,Kd (>),4.52,1,CHEMBL1236962
CNC(=O)c1nn(C)c2c1C(C)(C)Cc1cnc(Nc3ccc(N4CCN(C)CC4)cc3)nc1-2,0,Kd (>),4.52,1,CHEMBL564829
O=c1sn(-c2cccc3ccccc23)c(=O)n1Cc1ccccc1,0,Kd (>),4.52,1,CHEMBL3545157
CC(C)Nc1cc(-c2c[nH]c(C(=O)N[C@H](CO)c3cccc(Cl)c3)c2)c(Cl)cn1,0,Kd (>),4.52,1,CHEMBL3590106
Nc1cc(C(F)(F)F)c(-c2cc(N3CCOCC3)nc(N3CCOCC3)n2)cn1,0,Kd (>),4.52,1,CHEMBL2017974
O=C(O)c1ccc2c(c1)nc(Nc1cccc(Cl)c1)c1ccncc12,0,Kd (>),4.52,1,CHEMBL1230165
Cc1nc(NC(=O)N2CCC[C@H]2C(N)=O)sc1-c1ccnc(C(C)(C)C(F)(F)F)c1,0,Kd (>),4.52,1,CHEMBL2396661
N#CC1(c2ccc(NC(=O)c3cccnc3NCc3ccncc3)cc2)CCCC1,0,Kd (>),4.52,1,CHEMBL3186534
CN1CCN(c2ccc(C(=O)Nc3n[nH]c4ccc(Cc5cc(F)cc(F)c5)cc34)c(NC3CCOCC3)c2)CC1,0,Kd (>),4.52,1,CHEMBL1983268
Cc1nc2ccc(-n3ncc(C(=O)c4cc5ccccc5[nH]4)c3N)cc2[nH]1,0,Kd (>),4.52,1,CHEMBL3907479
C=CC(=O)Nc1cccc(Nc2nc(Nc3ccc(N4CCN(C(C)=O)CC4)cc3OC)ncc2C(F)(F)F)c1,0,Kd (>),4.52,1,CHEMBL3545308
Cc1c(F)cc(C(=O)NC2CC2)cc1-c1ccc(C(=O)NCC(C)(C)C)cn1,0,Kd (>),4.52,1,CHEMBL1088752
Cc1cc(-c2cc(OC(=O)c3ccccc3)ccc2Cl)cc2nnc(Nc3ccc(OCCN4CCCC4)cc3)nc12,0,Kd (>),4.52,1,CHEMBL403989
CN(C)C(=O)c1cc2cnc(Nc3ccc(N4CCNCC4)cn3)nc2n1C1CCCC1,0,Kd (>),4.52,1,CHEMBL3545110
N#CC[C@H](C1CCCC1)n1cc(-c2ncnc3[nH]ccc23)cn1,0,Kd (>),4.52,1,CHEMBL1789941
O=C(O)[C@]1(Cc2cccc(Nc3nccs3)n2)CC[C@@H](Oc2cccc(Cl)c2F)CC1,0,Kd (>),4.52,1,CHEMBL3600873
Cc1cc([C@@H](C)Nc2ccccc2C(=O)O)c2nc(N3CCOCC3)cc(=O)n2c1,0,Kd (>),4.52,1,CHEMBL2165191
O=C(NOCCO)c1cc(CN2OCCCC2=O)c(F)c(F)c1Nc1ccc(I)cc1F,0,Kd (>),4.52,1,CHEMBL1614766
CC(C)CC(=O)Nc1n[nH]c2c1CN(C(=O)C1CCN(C)CC1)C2(C)C,0,Kd (>),4.52,1,CHEMBL1230607
CNS(=O)(=O)Nc1nccc(Cc2c(C)c3ccc(Oc4ncccn4)cc3oc2=O)c1F,1,IC50,8.09,3,CHEMBL3264002
COc1ccc(-c2ccc3c(N4CCOC[C@@H]4C)nc(N4CCOC[C@@H]4C)nc3n2)cc1CO,0,Kd (>),4.52,1,CHEMBL1801204
COC(=O)[C@@]1(O)C[C@H]2O[C@]1(C)n1c3ccccc3c3c4c(c5c6ccccc6n2c5c31)C(=O)NC4,0,Kd (>),4.52,1,CHEMBL281948
CC(=O)Nc1cccc(-n2c(=O)n(C3CC3)c(=O)c3c(Nc4ccc(I)cc4F)n(C)c(=O)c(C)c32)c1,0,Kd (>),4.52,1,CHEMBL2103875
O=C(Nc1c[nH]nc1-c1nc2ccc(CN3CCOCC3)cc2[nH]1)NC1CC1,0,Kd (>),4.52,1,CHEMBL495727
C[C@@H]1CN(Cc2ccc(F)cc2)[C@@H](C)CN1C(=O)c1cc2c(C(=O)C(=O)N(C)C)cn(C)c2cc1Cl,0,Kd (>),4.52,1,CHEMBL514201
CO[C@H]1C[C@@H]2CC[C@@H](C)[C@@](O)(O2)C(=O)C(=O)N2CCCC[C@H]2C(=O)O[C@H]([C@H](C)C[C@@H]2CC[C@@H](OC(=O)C(C)(CO)CO)[C@H](OC)C2)CC(=O)[C@H](C)/C=C(\C)[C@@H](O)[C@@H](OC)C(=O)[C@H](C)C[C@H](C)/C=C/C=C/C=C/1C,0,Kd (>),4.52,1,CHEMBL1201182
COc1ccc2c(OCc3nnc4ccc(-c5ccccc5)nn34)ccnc2c1,0,Kd (>),4.52,1,CHEMBL496102
O=c1[nH]c([C@@H]2CCCN2)nc2c1oc1ccc(Cl)cc12,0,Kd (>),4.52,1,CHEMBL2030402
CNC(=O)c1ccc(Nc2ncc(C(F)(F)F)c(NCc3nccnc3N(C)S(C)(=O)=O)n2)cc1,0,Kd (>),4.52,1,CHEMBL3137331
O=C(Nc1ccc(-c2ccnc(Nc3ccc(N4CCOCC4)cc3)n2)cc1)C1CCCN1,0,Kd (>),4.52,1,CHEMBL3545328
CN(C[C@@H]1COCCO1)S(=O)(=O)Nc1ccc2ccc3ncc(-c4cnn(C)c4)cc3c(=O)c2c1,0,Kd (>),4.52,1,CHEMBL1822792
c1cc(OCCN2CCCCC2)cc(-c2n[nH]c3ccc(-c4nnc[nH]4)cc23)c1,0,Kd (>),4.52,1,CHEMBL1614713
C[C@]1(O)C[C@@H](c2nc(-c3ccc4ccc(-c5ccccc5)nc4c3)c3c(N)nccn32)C1,0,Kd (>),4.52,1,CHEMBL1091644
COc1cccc(Nc2ncnn3ccc(CN4CC[C@@H](N)[C@H](O)C4)c23)c1,0,Kd (>),4.52,1,CHEMBL3545396
NC1(c2ccc(-c3nc4ccn5c(=O)[nH]nc5c4cc3-c3ccccc3)cc2)CCC1,0,Kd (>),4.52,1,CHEMBL1079175
O=S(=O)(c1cccc2c(O)nccc12)N1CCCNCC1,0,Kd (>),4.52,1,CHEMBL1233300
COc1cc2ncnc(Nc3ccc(O)cc3)c2cc1OC,0,Kd (>),4.52,1,CHEMBL405130
CC(=O)c1c(C)c2cnc(Nc3ccc(N4CCNCC4)cn3)nc2n(C2CCCC2)c1=O,0,Kd (>),4.52,1,CHEMBL189963
CN(c1ncccc1CNc1nc(Nc2ccc3c(c2)CC(=O)N3)ncc1C(F)(F)F)S(C)(=O)=O,0,Kd (>),4.52,1,CHEMBL1084546
CC(=O)c1cnc2ccc(-c3cc(Cl)c(O)c(Cl)c3)nc2c1N[C@H]1CC[C@H](CN(C)C)CC1,0,Kd (>),4.52,1,CHEMBL3688339
O=C(Cc1ccc(-c2ccc(OCCN3CCOCC3)cc2)cn1)NCc1ccccc1,0,Kd (>),4.52,1,CHEMBL571546
COc1ccc(-c2cc3c(C)nc(N)nc3n([C@H]3CC[C@H](OCCO)CC3)c2=O)cn1,0,Kd (>),4.52,1,CHEMBL1234354
CNC(=O)c1cccc(-c2ccc3c(N4CCOC[C@@H]4C)nc(N4CCOC[C@@H]4C)nc3n2)c1,0,Kd (>),4.52,1,CHEMBL2336325
CO[C@@H](C(=O)N1Cc2[nH]nc(NC(=O)c3ccc(N4CCN(C)CC4)cc3)c2C1)c1ccccc1,0,Kd (>),4.52,1,CHEMBL402548
COc1cc(CCc2cc(NC(=O)c3ccc(N4CC(C)NC(C)C4)cc3)n[nH]2)cc(OC)c1,0,Kd (>),4.52,1,CHEMBL3184679
COCCN1CCN(Cc2ccc(-c3n[nH]c4c3C(=O)c3c(NC(=O)NN5CCOCC5)cccc3-4)cc2)CC1,0,Kd (>),4.52,1,CHEMBL3545083
Cc1cc(Nc2ncnc3ccc(NC4=NC(C)(C)CO4)cc23)ccc1Oc1ccn2ncnc2c1,0,Kd (>),4.52,1,CHEMBL3989868
COc1cc(OC)c(/C=C/S(=O)(=O)Cc2ccc(OC)c(NCC(=O)O)c2)c(OC)c1,0,Kd (>),4.52,1,CHEMBL1241855
Cc1ncc(-c2ccnc(Nc3ccc(S(C)(=O)=O)cc3)n2)n1C(C)C,0,Kd (>),4.52,1,CHEMBL488436
Cc1ccc(S(=O)(=O)Nc2nc3ccccc3nc2Nc2ccc3nsnc3c2)cc1,0,Kd (>),4.52,1,CHEMBL3218575
COc1cc2c(Oc3ccc(NC(=O)C4(C(=O)Nc5ccc(F)cc5)CC4)cc3F)ccnc2cc1OCCCN1CCOCC1,0,Kd (>),4.52,1,CHEMBL1230609
Cc1ccc(C(=O)Nc2ccc(Oc3cc4cnn(C)c4cc3-c3cn[nH]c3)c(F)c2)c(=O)n1-c1ccc(F)cc1,0,Kd (>),4.52,1,CHEMBL3545307
CCOc1ccn(-c2ccc(F)cc2)c(=O)c1C(=O)Nc1ccc(Oc2ccnc(N)c2Cl)c(F)c1,0,Kd (>),4.52,1,CHEMBL460702
COc1c(OCCCN2CCOCC2)ccc2c1N=C(NC(=O)c1cnc(N)nc1)N1CCN=C21,0,Kd (>),4.52,1,CHEMBL3218576
Cn1cc(-c2ccc3nnc(C(F)(F)c4ccc5ncccc5c4)n3n2)cn1,0,Kd (>),4.52,1,CHEMBL2133806
Cn1cc(-c2ccc(F)c(C(F)(F)F)c2)nc1C1CCN(c2ncnc3[nH]ncc23)CC1,0,Kd (>),4.52,1,CHEMBL3545076
Cc1c(Cn2c(C)nc3c(C(=O)O)cc(N4CCOCC4)cc32)cccc1C(F)(F)F,0,Kd (>),4.52,1,CHEMBL3188551
CN[C@@H]1C[C@H]2O[C@@](C)([C@@H]1OC)n1c3ccccc3c3c4c(c5c6ccccc6n2c5c31)C(=O)N[C@H]4O,0,Kd (>),4.52,1,CHEMBL574737
Cn1cnc2c(F)c(Nc3ccc(Br)cc3F)c(C(=O)NOCCO)cc21,0,Kd (>),4.52,1,CHEMBL3187723
Cn1cc(-c2cnc3ccc4ccc(CS(=O)(=O)NCc5ccccn5)cc4c(=O)c3c2)cn1,0,Kd (>),4.52,1,CHEMBL2323775
Cc1nc(Nc2n[nH]c3c2CN(C(=O)N[C@H](CN(C)C)c2ccccc2)C3(C)C)c2sccc2n1,0,Kd (>),4.52,1,CHEMBL3128043
CN1C/C=C/CCOc2cccc(c2)-c2ccnc(n2)Nc2cccc(c2)C1,0,Kd (>),4.52,1,CHEMBL1944698
COCc1c(-c2ccc(NC(=O)Nc3cc(C(F)(F)F)ccc3F)c(F)c2)c2c(N)ncnn2c1CN1CCOCC1,0,Kd (>),4.52,1,CHEMBL3991934
C=CC(=O)N1CCC[C@@H](n2nc(-c3ccc(Oc4ccccc4)cc3)c3c(N)ncnc32)C1,0,Kd (>),4.52,1,CHEMBL1873475
COc1cccc2cc(-c3nc([C@H]4CC[C@H](C(=O)O)CC4)n4ncnc(N)c34)[nH]c12,0,Kd (>),4.52,1,CHEMBL3120215
Cc1cc(Nc2cc(N3CCN(C)CC3)nc(/C=C/c3ccccc3)n2)n[nH]1,0,Kd (>),4.52,1,CHEMBL482968
C[C@@]1(C(=O)Nc2ccc(F)nc2)CCCN1c1nc(Nc2cc(C3CC3)n[nH]2)c2cccn2n1,0,Kd (>),4.52,1,CHEMBL575448
CO[C@H]1C[C@@H]2CC[C@@H](C)[C@@](O)(O2)C(=O)C(=O)N2CCCC[C@H]2C(=O)O[C@H]([C@H](C)C[C@@H]2CC[C@@H](OCCO)[C@H](OC)C2)CC(=O)[C@H](C)/C=C(\C)[C@@H](O)[C@@H](OC)C(=O)[C@H](C)C[C@H](C)/C=C/C=C/C=C/1C,0,Kd (>),4.52,1,CHEMBL1908360
O[C@H]1CC[C@H](Nc2ncc3nc(Nc4c(F)cc(F)cc4F)n([C@H]4CCOC4)c3n2)CC1,0,Kd (>),4.52,1,CHEMBL1950289
CN1CCN(c2nc(C3=C(c4c[nH]c5ccccc45)C(=O)NC3=O)c3ccccc3n2)CC1,0,Kd (>),4.52,1,CHEMBL565612
FC(F)(F)c1ccc(CNc2ccc(Cc3c[nH]c4ncc(Cl)cc34)cn2)cn1,0,Kd (>),4.52,1,CHEMBL3813873
S=C(NCc1ccc2c(c1)OCO2)N1CCN(c2ncnc3c2oc2ccccc23)CC1,0,Kd (>),4.52,1,CHEMBL2103851
Cc1cnc(Nc2ccc(OCCN3CCCC3)cc2)nc1Nc1cccc(S(=O)(=O)NC(C)(C)C)c1,0,Kd (>),4.52,1,CHEMBL1287853
Cc1[nH]c(/C=C2\C(=O)Nc3ccccc32)c(C)c1CCC(=O)O,0,Kd (>),4.52,1,CHEMBL274654
O=C1NC(=O)/C(=C/c2ccc3nccc(-c4ccncc4)c3c2)S1,0,Kd (>),4.52,1,CHEMBL3544966
CC[C@H](Nc1ncnc2[nH]cnc12)c1nc2cccc(F)c2c(=O)n1-c1ccccc1,0,Kd (>),4.52,1,CHEMBL2216870
CCn1c(=O)c(-c2cc[nH]n2)cc2c(C)nc(N)nc21,0,Kd (>),4.52,1,CHEMBL3545366
Cn1nccc1Nc1nccc(-c2ccn([C@H](CO)c3ccc(Cl)c(F)c3)c(=O)c2)n1,0,Kd (>),4.52,1,CHEMBL3544964
COc1cc2ncnc3c2cc1OCCCCCN(C)Cc1ccc(Br)cc1N3,0,Kd (>),4.52,1,CHEMBL3109738
C1=N/C2=N/c3ccc(OCCN4CCCC4)c(c3)COC/C=C/COCc3cccc(c3)C(=C1)N2,0,Kd (>),4.52,1,CHEMBL2035187
Cc1nc2cc(-c3nn(C(C)C)c4ncnc(N)c34)ccc2o1,0,Kd (>),4.52,1,CHEMBL3991933
O=C(Nc1nc2cccc(-c3ccc(CN4CCS(=O)(=O)CC4)cc3)n2n1)C1CC1,0,Kd (>),4.52,1,CHEMBL3301607
COc1ccc(N2CCN(C)CC2)cc1Nc1ncc2c(n1)-c1c(c(C(N)=O)nn1C)CC2,0,Kd (>),4.52,1,CHEMBL1094408
COc1cc2cc(Oc3ccc(NC(=O)Nc4ccc(Cl)c(C(F)(F)F)c4)cc3)c(C)nc2cc1OC,1,IC50,6.58,1,CHEMBL4100501
Cc1ccc2cc(C(=O)Nc3cc(NC(=O)c4ccc5c(c4)OCCO5)ccc3C)ccc2n1,1,IC50,6.68,4,CHEMBL4070633
CCCNC(=O)c1ccc(Nc2nc(NCC(F)(F)F)c3cc[nH]c3n2)cc1,0,IC50 (>),5.0,1,CHEMBL2006765
CC1(C)OCC(=O)Nc2cc(Nc3nc(NCC(F)(F)F)c4occc4n3)ccc21,0,IC50 (>),5.0,1,CHEMBL4069365
CNS(=O)(=O)c1ccc(OC)c(Nc2cc(Nc3ccc(Cl)cn3)ncn2)c1,1,IC50,7.7,1,CHEMBL4102486
CNS(=O)(=O)c1ccc(OCC(F)(F)F)c(Nc2cc(Nc3ccc(Cl)cn3)ncn2)c1,1,IC50,7.89,1,CHEMBL4087038
CNS(=O)(=O)c1ccc(S(C)(=O)=O)c(Nc2cc(Nc3ccc(Cl)cn3)ncn2)c1,1,IC50,6.7,1,CHEMBL4074231
CCS(=O)(=O)c1ccc(S(=O)(=O)NC)cc1Nc1cc(Nc2ccc(Cl)cn2)ncn1,1,IC50,6.6,2,CHEMBL4094739
CNS(=O)(=O)c1ccc(S(=O)(=O)C(C)C)c(Nc2cc(Nc3ccc(Cl)cn3)ncn2)c1,1,IC50,6.3,1,CHEMBL4070430
CNc1cc(C2(C(=O)Nc3cc(C(=O)Nc4ccc(Cl)c(C(F)(F)F)c4)ccc3C)CC2)ncn1,1,IC50,8.55,2,CHEMBL4060057
CNc1cc(C2(C(=O)Nc3cc(NC(=O)c4ccc(Cl)c(C(F)(F)F)c4)ccc3C)CC2)ncn1,1,IC50,8.37,1,CHEMBL4073430
CNc1cc(C2(C(=O)Nc3cc(NC(=O)Nc4ccc(Cl)c(C(F)(F)F)c4)ccc3C)CC2)ncn1,1,IC50,7.73,1,CHEMBL4098457
CNc1cc(C2(C(=O)Nc3cc(C(=O)Nc4ccc(Cl)c(C(F)(F)F)c4)ccc3F)CC2)ncn1,1,IC50,7.41,1,CHEMBL4069743
CNc1cc(C2(C(=O)Nc3cccc(C(=O)Nc4ccc(Cl)c(C(F)(F)F)c4)c3F)CC2)ncn1,1,IC50,6.82,1,CHEMBL4090742
CNc1cc(C2(C(=O)Nc3cc(C(=O)Nc4ccc(Cl)c(C(F)(F)F)c4)ccc3Cl)CC2)ncn1,1,IC50,7.41,1,CHEMBL4061063
CNc1cc(C2(C(=O)Nc3cccc(C(=O)Nc4ccc(Cl)c(C(F)(F)F)c4)c3)CC2)ncn1,1,IC50,7.51,1,CHEMBL4082943
CNc1cc(C2(C(=O)Nc3c(F)ccc(C(=O)Nc4ccc(Cl)c(C(F)(F)F)c4)c3F)CC2)ncn1,1,IC50,6.62,1,CHEMBL4103699
CNc1cc(C2(C(=O)Nc3cc(C(=O)Nc4ccc(N5CCOCC5)c(C(F)(F)F)c4)ccc3C)CC2)ncn1,1,IC50,7.6,1,CHEMBL4066903
CNc1cc(C2(C(=O)Nc3cc(C(=O)Nc4ccc(N5CCN(C)CC5)c(C(F)(F)F)c4)ccc3C)CC2)ncn1,1,IC50,6.75,1,CHEMBL4095947
CNc1cc(C2(C(=O)Nc3cc(C(=O)Nc4ccc(CN5CCOCC5)c(C(F)(F)F)c4)ccc3C)CC2)ncn1,1,IC50,7.54,1,CHEMBL4077908
CNc1cc(C2(C(=O)Nc3cc(C(=O)Nc4ccc(CN5CCN(C)CC5)c(C(F)(F)F)c4)ccc3C)CC2)ncn1,1,IC50,7.05,1,CHEMBL4088215
CNc1cc(C2(C(=O)Nc3cc(C(=O)Nc4ccc(OC5CCN(C)CC5)c(C(F)(F)F)c4)ccc3C)CC2)ncn1,1,IC50,7.85,2,CHEMBL4066939
CNc1cc(C2(C(=O)Nc3cc(C(=O)Nc4ccc(OCC5CCN(C)CC5)c(C(F)(F)F)c4)ccc3C)CC2)ncn1,1,IC50,7.98,2,CHEMBL4080362
CNc1cc(C2(C(=O)Nc3cc(C(=O)Nc4ccc(OCCCN5CCOCC5)c(C(F)(F)F)c4)ccc3C)CC2)ncn1,1,IC50,7.67,2,CHEMBL4104590
CNc1cc(C2(C(=O)Nc3cc(C(=O)Nc4ccccc4)ccc3C)CC2)ncn1,1,IC50,6.41,1,CHEMBL4092569
CNc1cc(C2(C(=O)Nc3cc(C(=O)Nc4ccc(Cl)cc4)ccc3C)CC2)ncn1,1,IC50,8.08,1,CHEMBL4071785
CNc1cc(C2(C(=O)Nc3cc(C(=O)Nc4cccc(Cl)c4)ccc3C)CC2)ncn1,1,IC50,9.52,1,CHEMBL4061139
CNc1cc(C2(C(=O)Nc3cc(C(=O)Nc4ccc(F)cc4)ccc3C)CC2)ncn1,1,IC50,6.7,1,CHEMBL4083018
CNc1cc(C2(C(=O)Nc3cc(C(=O)Nc4cccc(F)c4)ccc3C)CC2)ncn1,1,IC50,7.22,1,CHEMBL4069812
CNc1cc(C2(C(=O)Nc3cc(C(=O)Nc4cccc(C#N)c4)ccc3C)CC2)ncn1,1,IC50,6.84,1,CHEMBL4090806
COCCOc1cc(C2(C(=O)Nc3cc(C(=O)Nc4ccc(Cl)c(C(F)(F)F)c4)ccc3C)CC2)ncn1,1,IC50,6.6,1,CHEMBL4099453
COCCCOc1cc(C2(C(=O)Nc3cc(C(=O)Nc4ccc(Cl)c(C(F)(F)F)c4)ccc3C)CC2)ncn1,1,IC50,6.36,1,CHEMBL4072537
CCNc1cc(C2(C(=O)Nc3cc(C(=O)Nc4ccc(Cl)c(C(F)(F)F)c4)ccc3C)CC2)ncn1,1,IC50,7.36,1,CHEMBL4096093
CCCNc1cc(C2(C(=O)Nc3cc(C(=O)Nc4ccc(Cl)c(C(F)(F)F)c4)ccc3C)CC2)ncn1,1,IC50,7.34,1,CHEMBL4068793
Cc1ccc(C(=O)Nc2ccc(Cl)c(C(F)(F)F)c2)cc1NC(=O)C1(c2cc(NC(C)C)ncn2)CC1,1,IC50,6.85,1,CHEMBL4068160
COCCNc1cc(C2(C(=O)Nc3cc(C(=O)Nc4ccc(Cl)c(C(F)(F)F)c4)ccc3C)CC2)ncn1,1,IC50,7.37,1,CHEMBL4095541
COCCCNc1cc(C2(C(=O)Nc3cc(C(=O)Nc4ccc(Cl)c(C(F)(F)F)c4)ccc3C)CC2)ncn1,1,IC50,7.45,1,CHEMBL4079029
Cc1ccc(C(=O)Nc2ccc(Cl)c(C(F)(F)F)c2)cc1NC(=O)C1(c2cc(NCCO)ncn2)CC1,1,IC50,7.5,1,CHEMBL4103293
Cc1ccc(C(=O)Nc2ccc(Cl)c(C(F)(F)F)c2)cc1NC(=O)C1(c2cc(NCCC(=O)O)ncn2)CC1,1,IC50,7.1,1,CHEMBL4079957
Cc1ccc(C(=O)Nc2ccc(Cl)c(C(F)(F)F)c2)cc1NC(=O)C1(c2cc(NCCN(C)C)ncn2)CC1,1,IC50,7.17,1,CHEMBL4059496
Cc1ccc(C(=O)Nc2ccc(Cl)c(C(F)(F)F)c2)cc1NC(=O)C1(c2cc(NCCCN(C)C)ncn2)CC1,1,IC50,7.73,2,CHEMBL4087837
Cc1ccc(C(=O)Nc2ccc(Cl)c(C(F)(F)F)c2)cc1NC(=O)C1(c2cc(NCCN3CCCC3)ncn2)CC1,1,IC50,7.71,2,CHEMBL4082425
Cc1ccc(C(=O)Nc2ccc(Cl)c(C(F)(F)F)c2)cc1NC(=O)C1(c2cc(NCCN3CCCCC3)ncn2)CC1,1,IC50,7.63,2,CHEMBL4060531
Cc1ccc(C(=O)Nc2ccc(Cl)c(C(F)(F)F)c2)cc1NC(=O)C1(c2cc(NC3CCN(C)CC3)ncn2)CC1,1,IC50,7.67,1,CHEMBL4063679
Cc1ccc(C(=O)Nc2ccc(Cl)c(C(F)(F)F)c2)cc1NC(=O)C1(c2cc(NCC3CCN(C)CC3)ncn2)CC1,1,IC50,7.84,2,CHEMBL4085294
Cc1ccc(C(=O)Nc2ccc(Cl)c(C(F)(F)F)c2)cc1NC(=O)C1(c2cc(NCCN3CCN(C)CC3)ncn2)CC1,1,IC50,7.86,1,CHEMBL4101717
Cc1ccc(C(=O)Nc2ccc(Cl)c(C(F)(F)F)c2)cc1NC(=O)C1(c2cc(NCCCN3CCN(C)CC3)ncn2)CC1,1,IC50,7.91,2,CHEMBL4075036
Cc1ccc(C(=O)Nc2ccc(Cl)c(C(F)(F)F)c2)cc1NC(=O)C1(c2cc(NCCN3CCOCC3)ncn2)CC1,1,IC50,7.67,1,CHEMBL4082762
Cc1ccc(C(=O)Nc2ccc(Cl)c(C(F)(F)F)c2)cc1NC(=O)C1(c2cc(NCCCN3CCOCC3)ncn2)CC1,1,IC50,7.74,1,CHEMBL4093166
CNc1cc(C(C)(C)C(=O)Nc2cc(C(=O)Nc3ccc(Cl)c(C(F)(F)F)c3)ccc2C)ncn1,1,IC50,7.65,1,CHEMBL4072281
CNc1cc(C(C)(C)C(=O)Nc2cc(C(=O)Nc3ccc(OCC4CCN(C)CC4)c(C(F)(F)F)c3)ccc2C)ncn1,1,IC50,6.87,1,CHEMBL4062173
Cc1ccc(C(=O)Nc2ccc(Cl)c(C(F)(F)F)c2)cc1NC(=O)C(C)(C)c1cc(NCC2CCN(C)CC2)ncn1,1,IC50,6.84,1,CHEMBL4074595
CNc1nccc(C2(C(=O)Nc3cc(C(=O)Nc4ccc(Cl)c(C(F)(F)F)c4)ccc3C)CC2)n1,1,IC50,7.11,2,CHEMBL4101882
COc1n[nH]c2ncc(C#Cc3c(F)ccc(NS(=O)(=O)c4cccc(Cl)c4)c3F)cc12,1,IC50,6.04,1,CHEMBL4096439
COc1n[nH]c2ncc(C#Cc3c(F)ccc(NS(=O)(=O)c4ccc(Cl)cc4)c3F)cc12,0,IC50 (>),5.0,1,CHEMBL4069195
COc1n[nH]c2ncc(C#Cc3c(F)ccc(NS(=O)(=O)c4cccc(C)c4)c3F)cc12,0,IC50 (>),5.0,2,CHEMBL4104171
COc1n[nH]c2ncc(C#Cc3c(F)ccc(NS(=O)(=O)c4cccc(Cl)c4Cl)c3F)cc12,0,IC50 (>),5.0,1,CHEMBL4088739
O=S(=O)(Nc1ccc(F)c(C#Cc2cnc3[nH]ccc3c2)c1F)c1cccc(Cl)c1,0,IC50 (>),5.0,2,CHEMBL4060505
O=S(=O)(Nc1ccc(F)c(C#Cc2ccc3[nH]ncc3c2)c1F)c1cccc(Cl)c1,0,IC50 (>),5.0,2,CHEMBL4085336
O=S(=O)(Nc1ccc(F)c(C#Cc2cnc3[nH]ncc3c2)c1F)c1cccc(Cl)c1,0,IC50 (>),5.0,1,CHEMBL4091071
Cn1ncc2cc(C#Cc3c(F)ccc(NS(=O)(=O)c4cccc(Cl)c4)c3F)cnc21,0,IC50 (>),5.0,2,CHEMBL4067092
O=S(=O)(Nc1ccc(F)c(C#Cc2cnc3[nH]nc(OC4CCCC4)c3c2)c1F)c1cccc(Cl)c1,0,IC50 (>),5.0,2,CHEMBL4078038
CC(C)Oc1n[nH]c2ncc(C#Cc3c(F)ccc(NS(=O)(=O)c4cccc(Cl)c4)c3F)cc12,0,IC50 (>),5.0,1,CHEMBL4087178
COc1n[nH]c2ncc(C#Cc3c(F)ccc(NS(=O)(=O)c4cccc(C#N)c4)c3F)cc12,0,IC50 (>),5.0,2,CHEMBL4098896
C=CC(=O)Nc1ccc(-c2ccc(NC(=O)Nc3cccc(Cl)c3)cc2)cn1,1,IC50,7.5,1,CHEMBL4171543
Nc1n[nH]c2cccc(-c3ccc(NC(=S)Nc4cc(Br)ccc4OC(F)(F)F)cc3)c12,1,IC50,7.7,1,CHEMBL4160854
Cn1ccc2c(Oc3ccc(NC(=O)Nc4ccc(Cl)c(C(F)(F)F)c4)cc3)ncnc21,1,IC50,7.63,2,CHEMBL4173438
Cn1ncc2c(Oc3ccc4c(c3)nc(Nc3ccc(Cl)cc3)n4C)ncnc21,1,IC50,6.98,1,CHEMBL4163939
Cc1ccc(Nc2nc3cc(Oc4ncnc5c4cnn5C)ccc3n2C)cc1,1,IC50,7.07,1,CHEMBL4169073
Cn1ncc2c(Oc3ccc4c(c3)nc(Nc3ccc(Br)cc3)n4C)ncnc21,1,IC50,7.39,1,CHEMBL4165904
Cn1ncc2c(Oc3ccc4c(c3)nc(Nc3ccc(F)cc3)n4C)ncnc21,1,IC50,6.39,1,CHEMBL4173144
Cn1ncc2c(Oc3ccc4c(c3)nc(Nc3ccc(Cl)c(Cl)c3)n4C)ncnc21,1,IC50,6.31,1,CHEMBL4162460
Cn1ncc2c(Oc3ccc4c(c3)nc(Nc3cccc(C(F)(F)F)c3)n4C)ncnc21,1,IC50,6.32,1,CHEMBL4169626
Cn1ncc2c(Oc3ccc4c(c3)nc(Nc3ccc(C(F)(F)F)cc3)n4C)ncnc21,1,IC50,6.67,1,CHEMBL4175295
Cn1ncc2c(Oc3ccc4c(c3)nc(Nc3ccc(OC(F)(F)F)cc3)n4C)ncnc21,1,IC50,6.77,1,CHEMBL4170025
CNC(=O)c1cc(Oc2ccc(C3=NNC(c4ccc(OC)cc4)C3)cc2)ccn1,0,IC50 (>),4.3,1,CHEMBL4208998
CNC(=O)c1cc(Oc2ccc(C3CC(c4ccc([N+](=O)[O-])cc4)=NN3)cc2)ccn1,0,IC50 (>),4.3,1,CHEMBL4202658
CC(=O)Nc1cn2cc(-c3cc(NC(=O)c4ccccc4)ccc3C)ccc2n1,1,IC50,7.21,1,CHEMBL4211935
CC(=O)Nc1cn2cc(-c3cc(NC(=O)c4cccc(C(F)(F)F)c4)ccc3C)ccc2n1,1,IC50,9.7,1,CHEMBL4216073
CC(=O)Nc1cn2cc(-c3cc(NC(=O)c4cccc(Cl)c4)ccc3C)ccc2n1,1,IC50,9.52,1,CHEMBL4216386
CC(=O)Nc1cn2cc(-c3cc(NC(=O)c4cccc(C(F)(F)F)n4)ccc3C)ccc2n1,1,IC50,8.22,1,CHEMBL4209163
CC(=O)Nc1cn2cc(-c3cc(NC(=O)c4cc(C(F)(F)F)ccn4)ccc3C)ccc2n1,1,IC50,9.05,1,CHEMBL4204192
CC(=O)Nc1cn2cc(-c3cc(NC(=O)c4cccc(C(C)(C)C)c4)ccc3C)ccc2n1,1,IC50,9.52,1,CHEMBL4217462
CC(=O)Nc1cn2cc(-c3cc(NC(=O)c4cc(N5CCN(C)C[C@@H]5C)cc(C(F)(F)F)c4)ccc3C)ccc2n1,1,IC50,8.52,1,CHEMBL4208527
CC(=O)Nc1cn2cc(-c3cc(NC(=O)c4ccc(CN5CCN(C)CC5)c(C(F)(F)F)c4)ccc3C)ccc2n1,1,IC50,8.3,1,CHEMBL4205266
O=C1CCc2c(Oc3ccc4c(c3)[C@@H]3[C@H](O4)[C@H]3c3nc4cc(C(F)(F)F)ccc4[nH]3)ccnc2N1,1,IC50,7.64,3,CHEMBL4209157
CCN(C)S(=O)(=O)Nc1ccc(F)c(C(=O)c2c[nH]c3ncc(-c4cnc(C5CC5)nc4)cc23)c1F,1,IC50,8.38,2,CHEMBL4206836
O=C1CCc2c(Oc3ccc4c(c3)[C@H]3[C@@H](O4)[C@@H]3c3nc4ccc(C(F)(F)F)cc4[nH]3)ccnc2N1,1,IC50,8.17,5,CHEMBL4207519
CC(C)(N)c1cc(C(=O)NC2CCc3ccc(Oc4ccnc5c4CCC(=O)N5)cc3C2)cc(C(F)(F)F)c1,1,IC50,6.8,1,CHEMBL4212142
CSc1cc(Oc2ccnc3[nH]c(=O)cnc23)ccc1NC(=O)Nc1cc(C(C)(C)C)nn1-c1ccccc1,1,IC50,8.3,2,CHEMBL4204895
CC(C)(C)c1cc(NC(=O)Nc2ccc(Oc3ccnc4[nH]c(=O)cnc34)cc2F)n(-c2ccccc2)n1,1,IC50,8.3,4,CHEMBL4216588
C[C@H](NC(=O)c1ncnc(N)c1Cl)c1ncc(C(=O)Nc2cc(C(F)(F)F)c(Cl)cn2)s1,1,IC50,7.16,1,CHEMBL4204780
C#CC(C)(C)c1cccc(C(=O)Nc2ccc(C)c(Nc3ccc4ncn(C)c(=O)c4c3)c2)c1,1,IC50,7.82,2,CHEMBL4203441
CCCS(=O)(=O)Nc1ccc(F)c(-n2cc(-c3cncnc3)c3nc(N(C)C4CCN(CC)CC4)ccc32)c1F,1,IC50,9.4,6,CHEMBL4212692
COC(=O)Nc1nc2cc(C3(O)c4ccccc4C(=O)N3c3cc(Cl)ccc3C)ccc2[nH]1,1,IC50,8.22,1,CHEMBL3545027
O=C(c1c(F)ccc(NS(=O)(=O)N2CC[C@H](F)C2)c1F)c1c[nH]c2ncc(-c3cnc(C4CC4)nc3)cc12,1,IC50,8.46,2,CHEMBL4211715
CNC(=O)c1ccc(Sc2ccc(NC(=S)Nc3cccc(C)c3)cc2)nc1,0,IC50 (>),5.0,2,CHEMBL4227291
CNC(=O)c1ccc(Sc2ccc(NC(=S)Nc3ccc(OC(F)(F)F)cc3)cc2)nc1,0,IC50 (>),5.0,1,CHEMBL4225042
CNC(=O)c1ccc(Sc2ccc(NC(=S)Nc3cccc(C(F)(F)F)c3)cc2)nc1,1,IC50,6.3,2,CHEMBL4228090
CNC(=O)c1ccc(Sc2ccc(NC(=S)Nc3ccc(Cl)c(C(F)(F)F)c3)cc2)nc1,1,IC50,7.57,2,CHEMBL4225772
CNC(=O)c1ccc(Sc2ccc(NC(=O)Nc3ccc(F)c(C(F)(F)F)c3)cc2)nc1,1,IC50,7.32,2,CHEMBL4229181
CNC(=O)c1ccc(Sc2ccc(NC(=O)Nc3cc(C(F)(F)F)cc(C(F)(F)F)c3)cc2)nc1,1,IC50,7.03,2,CHEMBL4227572
CNC(=O)c1ccc(Sc2ccc(NC(=O)Nc3ccc(Cl)c(C(F)(F)F)c3)cc2)nc1,1,IC50,7.68,2,CHEMBL4224704
CNC(=O)c1ccc(Sc2cccc(NC(=S)Nc3cc(C(F)(F)F)cc(C(F)(F)F)c3)c2)nc1,1,IC50,6.8,2,CHEMBL4227092
CNC(=O)c1ccc(Sc2cccc(NC(=S)Nc3cccc(C(F)(F)F)c3)c2)nc1,1,IC50,6.01,1,CHEMBL4225256
CNC(=O)c1ccc(Sc2cccc(NC(=S)Nc3ccc(F)c(Cl)c3)c2)nc1,1,IC50,6.55,2,CHEMBL4228868
CNC(=O)c1ccc(Sc2cccc(NC(=S)Nc3ccc(Cl)c(C(F)(F)F)c3)c2)nc1,1,IC50,7.8,2,CHEMBL4225828
CNC(=O)c1ccc(Sc2cccc(NC(=S)Nc3ccc(F)c(C(F)(F)F)c3)c2)nc1,1,IC50,7.16,2,CHEMBL4224973
CNC(=O)c1ccc(Sc2cccc(NC(=S)Nc3ccc(Cl)cc3)c2)nc1,1,IC50,6.1,2,CHEMBL4225562
CNC(=O)c1ccc(Sc2cccc(NC(=S)Nc3ccc(F)c(F)c3)c2)nc1,1,IC50,6.36,2,CHEMBL4224707
CNC(=O)c1ccc(Sc2ccc(NC(=S)Nc3ccc(F)c(F)c3)cc2)nc1,1,IC50,6.09,2,CHEMBL4225502
CNC(=O)c1ccc(Sc2ccc(NC(=S)Nc3ccc(F)c(C(F)(F)F)c3)cc2)nc1,1,IC50,7.48,2,CHEMBL4226090
CC(C)n1nc(C#Cc2cccc(NC(=O)c3cccc(C(F)(F)F)c3)c2)c2c(N)ncnc21,1,IC50,8.7,3,CHEMBL3736320
Cc1ccc2cc(-c3cccc(C(F)(F)F)c3)ncc2c1C#Cc1nn(C(C)C)c2ncnc(N)c12,1,IC50,7.36,1,CHEMBL4242050
Cc1ccc(-c2cc3cccc(C#Cc4nn(C(C)C)c5ncnc(N)c45)c3cn2)cc1,1,IC50,7.62,1,CHEMBL4249028
CC(C)n1nc(C#Cc2cccc3cc(-c4ccc(Cl)c(C(F)(F)F)c4)ncc23)c2c(N)ncnc21,1,IC50,7.06,1,CHEMBL4250674
CC(C)n1nc(C#Cc2cccc3cc(-c4ccc(Cl)cc4)ncc23)c2c(N)ncnc21,1,IC50,7.34,1,CHEMBL4243230
COCCOCC(=O)Nc1nc2ccc(Oc3ccc(F)c(NC(=O)Cc4cccc(C(F)(F)F)c4)c3)c(C#N)c2s1,1,IC50,8.24,1,CHEMBL4237480
N#Cc1c(Oc2ccc(F)c(NC(=O)Cc3cccc(C(F)(F)F)c3)c2)ccc2nc(NC(=O)COCCOCCOCC(=O)Nc3nccs3)sc12,1,IC50,7.69,1,CHEMBL4241641
N#Cc1c(Oc2ccc(F)c(NC(=O)Cc3cccc(C(F)(F)F)c3)c2)ccc2nc(NC(=O)COCCOCCOCC(=O)Nc3nc4ccc(Oc5ccc(F)c(NC(=O)Cc6cccc(C(F)(F)F)c6)c5)c(C#N)c4s3)sc12,1,IC50,7.13,2,CHEMBL4237730
N#Cc1c(Oc2ccc(F)c(NC(=O)Cc3cccc(C(F)(F)F)c3)c2)ccc2nc(NC(=O)COCCOCCOCCOCCOCC(=O)Nc3nc4ccc(Oc5ccc(F)c(NC(=O)Cc6cccc(C(F)(F)F)c6)c5)c(C#N)c4s3)sc12,1,IC50,7.13,2,CHEMBL4246643
N#Cc1c(Oc2ccc(F)c(NC(=O)Cc3cccc(C(F)(F)F)c3)c2)ccc2nc(NC(=O)COCCOCCOCCOCC(=O)Nc3nc4ccc(Oc5ccc(F)c(NC(=O)Cc6cccc(C(F)(F)F)c6)c5)c(C#N)c4s3)sc12,1,IC50,6.78,2,CHEMBL4243806
N#Cc1c(Oc2ccc(F)c(NC(=O)Cc3cccc(C(F)(F)F)c3)c2)ccc2nc(NC(=O)COCCOCCOCCOCCOCCOCCOCC(=O)Nc3nc4ccc(Oc5ccc(F)c(NC(=O)Cc6cccc(C(F)(F)F)c6)c5)c(C#N)c4s3)sc12,1,IC50,6.45,2,CHEMBL4239581
N#Cc1c(Oc2ccc(F)c(NC(=O)Cc3cccc(C(F)(F)F)c3)c2)ccc2nc(NC(=O)COCC(=O)Nc3nc4ccc(Oc5ccc(F)c(NC(=O)Cc6cccc(C(F)(F)F)c6)c5)c(C#N)c4s3)sc12,1,IC50,6.38,2,CHEMBL4243306
CC(=O)n1nc(C)c(-c2ccc(Cl)c(Cl)c2)c1N,0,IC50 (>),4.0,1,CHEMBL4276946
CCCS(=O)(=O)Nc1ccc(F)c(C(=O)Nc2cnc3[nH]cnc3c2)c1C,1,IC50,7.21,2,CHEMBL4292099
C[C@@H](NC(=O)[C@H]1CCCCN1C)c1ccc(Nc2ncc3cc(-c4ccncc4)ccc3n2)cc1,1,IC50,6.65,2,CHEMBL4282468
CCCS(=O)(=O)Nc1ccc(Cl)c(C(=O)Nc2cnc3[nH]cc(OC)c3c2)c1F,1,IC50,8.77,2,CHEMBL4288883
CCCS(=O)(=O)Nc1ccc(F)c(C(=O)Nc2cnc3[nH]cc(OC)c3c2)c1F,1,IC50,8.32,2,CHEMBL4292292
CCCS(=O)(=O)Nc1ccc(F)c(C(=O)Nc2cnc3[nH]cc(N(C)C)c3c2)c1F,1,IC50,8.09,2,CHEMBL4286375
S=C(Nc1ccccc1)N1N=C(c2ccccc2)CC1c1ccc2c(c1)OCCO2,0,IC50,4.67,1,CHEMBL4279170
Fc1ccc(C2=NN(C(=S)Nc3ccccc3)C(c3ccc4c(c3)OCCO4)C2)cc1,0,IC50,4.64,1,CHEMBL4287092
S=C(Nc1ccccc1)N1N=C(c2ccc(Cl)cc2)CC1c1ccc2c(c1)OCCO2,0,IC50 (>),3.7,1,CHEMBL4282640
S=C(Nc1ccccc1)N1N=C(c2ccc(Br)cc2)CC1c1ccc2c(c1)OCCO2,0,IC50,4.73,1,CHEMBL4290513
Cc1ccc(C2=NN(C(=S)Nc3ccccc3)C(c3ccc4c(c3)OCCO4)C2)cc1,0,IC50 (>),3.7,1,CHEMBL4276699
FC(F)(F)c1ccc(C2=NN(C(=S)Nc3ccccc3)C(c3ccc4c(c3)OCCO4)C2)cc1,0,IC50,4.45,1,CHEMBL4287349
O=[N+]([O-])c1ccc(C2=NN(C(=S)Nc3ccccc3)C(c3ccc4c(c3)OCCO4)C2)cc1,0,IC50 (>),3.7,1,CHEMBL4283993
COc1ccccc1C1=NN(C(=S)Nc2ccccc2)C(c2ccc3c(c2)OCCO3)C1,0,IC50 (>),3.7,1,CHEMBL4280550
S=C(Nc1ccccc1)N1N=C(c2cccc(Cl)c2)CC1c1ccc2c(c1)OCCO2,0,IC50,4.02,1,CHEMBL4285067
COc1cccc(C2=NN(C(=S)Nc3ccccc3)C(c3ccc4c(c3)OCCO4)C2)c1,0,IC50 (>),3.7,1,CHEMBL4277125
S=C(Nc1ccccc1)N1N=C(c2ccc(Cl)c(Cl)c2)CC1c1ccc2c(c1)OCCO2,0,IC50,4.41,1,CHEMBL4281642
Cc1ccc(C2=NN(C(=S)Nc3ccccc3)C(c3ccc4c(c3)OCCO4)C2)cc1C,0,IC50,4.31,1,CHEMBL4292278
Cc1ccc(C(=O)Nc2ccc(C(F)(F)F)c(Cl)c2)cc1NC(=O)C1(c2cc(NCCCN3CCN(C)CC3)ncn2)CC1,1,IC50,8.85,2,CHEMBL4282601
Cc1ccc(C(=O)Nc2ccc(C(F)(F)F)c(Cl)c2)cc1NC(=O)C1(c2ccnc(NCCN3CCN(C)CC3)n2)CC1,1,IC50,7.9,3,CHEMBL4289810
COc1cc2c(cnc3[nH]nc(C4CC4)c32)cc1-c1c(F)ccc(NS(=O)(=O)CCCF)c1F,1,IC50,8.15,1,CHEMBL4294276
O=S(=O)(c1ccc(F)cc1)N1CCCC(Nc2nccc(-c3c(-c4ccc(F)cc4)nc4sccn34)n2)C1,1,IC50,7.64,1,CHEMBL4291732
O=S(=O)(NCCNc1nccc(-c2c(-c3ccc(F)cc3)nc3sccn23)n1)c1ccc(O)cc1,1,IC50,7.72,1,CHEMBL4281099
CNc1cc2c(cn1)cc(-c1ccc(F)c(NC(=O)Nc3cc(C(C)(C)C)no3)c1)c(=O)n2C1CCOC1,1,IC50,6.0,1,CHEMBL4280843
CNC(=O)c1cc(Cn2ccc3cc(NC(=O)Nc4ccc(Cl)c(C(F)(F)F)c4)ccc32)ccn1,1,IC50,6.29,2,CHEMBL4279131
COc1cc(Cl)cc(-c2nn(-c3cccc(NC(=O)Nc4cc(C(F)(F)F)cc(C(F)(F)F)c4)c3)cc2-c2ccncc2)c1,1,IC50,6.41,2,CHEMBL4436746
COc1ccc(-c2nn(-c3cccc(NC(=O)c4cccc(C(F)(F)F)c4)c3)cc2-c2ccncc2)cc1Cl,1,IC50,6.8,1,CHEMBL4553144
CC(C)(C)N1CCN(Cc2ccc3cc(C(=O)Nc4cc(NC(=O)c5ccc6c(c5)OCCO6)ccc4Cl)ccc3n2)CC1,0,IC50 (>),5.0,1,CHEMBL4473676
Cc1ccc(C(=O)Nc2ccc(Cl)c(C(F)(F)F)c2)cc1NC(=O)C1(c2ncnc3[nH]cnc23)CC1,1,IC50,9.0,2,CHEMBL4466555
Cc1ccc(C(=O)Nc2ccc(Cl)c(C(F)(F)F)c2)cc1NC(=O)C1(c2ncnc3[nH]ccc23)CC1,1,IC50,8.46,2,CHEMBL4438236
Cc1ccc(NC(=O)c2ccc(Cl)c(C(F)(F)F)c2)cc1NC(=O)C1(c2ncnc3[nH]ccc23)CC1,1,IC50,8.64,1,CHEMBL4518581
Cc1ccc(NC(=O)Nc2ccc(Cl)c(C(F)(F)F)c2)cc1NC(=O)C1(c2ncnc3[nH]ccc23)CC1,1,IC50,8.68,1,CHEMBL4559599
Cc1ccc(C(=O)Nc2ccccc2)cc1NC(=O)C1(c2ncnc3[nH]ccc23)CC1,1,IC50,7.47,1,CHEMBL4538140
Cc1ccc(C(=O)Nc2ccc(F)cc2)cc1NC(=O)C1(c2ncnc3[nH]ccc23)CC1,1,IC50,7.77,1,CHEMBL4588013
Cc1ccc(C(=O)Nc2cccc(F)c2)cc1NC(=O)C1(c2ncnc3[nH]ccc23)CC1,1,IC50,7.91,1,CHEMBL4471370
Cc1ccc(C(=O)Nc2ccc(Cl)cc2)cc1NC(=O)C1(c2ncnc3[nH]ccc23)CC1,1,IC50,8.92,1,CHEMBL4545914
Cc1ccc(C(=O)Nc2cccc(Cl)c2)cc1NC(=O)C1(c2ncnc3[nH]ccc23)CC1,1,IC50,9.7,1,CHEMBL4438001
Cc1ccc(C(=O)Nc2ccc(N3CCOCC3)c(C(F)(F)F)c2)cc1NC(=O)C1(c2ncnc3[nH]ccc23)CC1,1,IC50,7.87,1,CHEMBL4555839
Cc1ccc(C(=O)Nc2ccc(N3CCN(C)CC3)c(C(F)(F)F)c2)cc1NC(=O)C1(c2ncnc3[nH]ccc23)CC1,1,IC50,7.46,1,CHEMBL4473290
Cc1ccc(C(=O)Nc2ccc(OC3CCN(C)CC3)c(C(F)(F)F)c2)cc1NC(=O)C1(c2ncnc3[nH]ccc23)CC1,1,IC50,7.8,2,CHEMBL4586402
Cc1ccc(C(=O)Nc2ccc(OCC3CCN(C)CC3)c(C(F)(F)F)c2)cc1NC(=O)C1(c2ncnc3[nH]ccc23)CC1,1,IC50,7.87,3,CHEMBL4436132
Cc1ccc(C(=O)Nc2ccc(OCCCN3CCOCC3)c(C(F)(F)F)c2)cc1NC(=O)C1(c2ncnc3[nH]ccc23)CC1,1,IC50,8.13,1,CHEMBL4439157
Cc1ccc(C(=O)Nc2ccc(Cl)c(C(F)(F)F)c2)cc1NC(=O)C(C)(C)c1ncnc2[nH]ccc12,1,IC50,8.21,1,CHEMBL4457131
Cc1ccc(C(=O)Nc2ccc(OCC3CCN(C)CC3)c(C(F)(F)F)c2)cc1NC(=O)C(C)(C)c1ncnc2[nH]ccc12,1,IC50,7.36,1,CHEMBL4518466
Cc1ccc(CC[C@@H]2CCN2C)c(NC(=O)Nc2cccc(Oc3ccc4nc[nH]c(=O)c4c3)c2)c1,1,IC50,8.41,1,CHEMBL4436625
Cc1ccc(-c2cc(-c3cccc(NC(=O)c4ccc(C(F)(F)F)c(N5CCOCC5)c4)c3)[nH]n2)cc1,0,IC50,4.8,1,CHEMBL4526774
Cc1ccc(-c2cc(-c3cccc(NC(=O)c4ccc5ccccc5n4)c3)[nH]n2)cc1,0,IC50,4.57,1,CHEMBL4547575
Cc1ccc(-c2cc(-c3cccc(NC(=O)c4cc(-n5ccnc5C)cc(C(F)(F)F)c4)c3)[nH]n2)cc1,1,IC50,6.08,1,CHEMBL4465192
CC(C)c1cc(-c2cccc(NC(=O)c3cc(N4CCOCC4)cc(C(F)(F)F)c3)c2)[nH]n1,1,IC50,6.03,1,CHEMBL4443142
Cc1ccc(NC(=O)c2ccnc(C(F)(F)F)c2)cc1-c1cc(OCCO)nc(N2CCOCC2)c1,1,IC50,9.4,8,CHEMBL4583691
COc1n[nH]c2ncc(-c3cn(-c4c(F)ccc(NS(=O)(=O)c5cccc6ccccc56)c4F)nn3)cc12,1,IC50,6.9,1,CHEMBL4468296
COc1n[nH]c2ncc(-c3cn(-c4c(F)ccc(NS(=O)(=O)c5ccc6ccccc6c5)c4F)nn3)cc12,1,IC50,6.07,1,CHEMBL4448690
COc1n[nH]c2ncc(-c3cn(-c4c(F)ccc(NS(=O)(=O)c5cccc(C(C)C)c5)c4F)nn3)cc12,1,IC50,6.72,1,CHEMBL4449013
COc1n[nH]c2ncc(-c3cn(-c4c(F)ccc(NS(=O)(=O)c5cccc(C)c5)c4F)nn3)cc12,1,IC50,6.34,1,CHEMBL4454493
COc1cccc(S(=O)(=O)Nc2ccc(F)c(-n3cc(-c4cnc5[nH]nc(OC)c5c4)nn3)c2F)c1,1,IC50,6.57,1,CHEMBL4526537
COc1n[nH]c2ncc(-c3cn(-c4c(F)ccc(NS(=O)(=O)c5cccc(C#N)c5)c4F)nn3)cc12,1,IC50,6.33,1,CHEMBL4579609
COc1n[nH]c2ncc(-c3cn(-c4c(F)ccc(NS(=O)(=O)c5cccc(Br)c5)c4F)nn3)cc12,1,IC50,6.57,1,CHEMBL4542865
COc1n[nH]c2ncc(-c3cn(-c4c(F)ccc(NS(=O)(=O)c5ccccc5)c4F)nn3)cc12,1,IC50,7.41,1,CHEMBL4446003
COc1n[nH]c2ncc(-c3cn(-c4c(F)ccc(NC(=O)Nc5cccc(Cl)c5)c4F)nn3)cc12,1,IC50,7.29,1,CHEMBL4532800
COc1n[nH]c2ncc(-c3cn(-c4c(F)ccc(NC(=O)Cc5cccc(Cl)c5)c4F)nn3)cc12,1,IC50,7.08,1,CHEMBL4444385
COc1n[nH]c2ncc(-c3cn(-c4c(F)ccc(NC(=O)c5cccc(Cl)c5)c4F)nn3)cc12,1,IC50,7.94,1,CHEMBL4523007
COc1n[nH]c2ncc(-c3cn(-c4c(Cl)ccc(NS(=O)(=O)c5cccc(Cl)c5)c4Cl)nn3)cc12,1,IC50,6.36,1,CHEMBL4582776
COc1n[nH]c2ncc(-c3cn(-c4cccc(NS(=O)(=O)c5cccc(Cl)c5)c4F)nn3)cc12,1,IC50,6.1,1,CHEMBL4574656
COc1n[nH]c2ncc(-c3cn(-c4cc(NS(=O)(=O)c5cccc(Cl)c5)ccc4F)nn3)cc12,1,IC50,6.48,1,CHEMBL4457930
COc1n[nH]c2ncc(-c3cn(-c4c(F)ccc(NS(=O)(=O)c5cccc(Cl)c5)c4F)nn3)cc12,1,IC50,6.7,1,CHEMBL4524151
COc1ccc(/N=N/c2ccc(F)c(C(=O)Nc3cnc4[nH]nc(OC)c4c3)c2F)cc1,1,IC50,7.04,1,CHEMBL4530882
COc1ccc(/N=N/c2cccc(C(=O)Nc3cnc4[nH]nc(OC)c4c3)c2)cc1,1,IC50,7.0,1,CHEMBL4557039
COc1n[nH]c2ncc(NC(=O)c3c(F)ccc(/N=N/c4ccccc4F)c3F)cc12,1,IC50,6.5,1,CHEMBL4539692
COc1n[nH]c2ncc(NC(=O)c3c(F)ccc(/N=N/c4ccc(C)cc4)c3F)cc12,1,IC50,7.5,1,CHEMBL4445595
COc1ccccc1/N=N/c1ccc(F)c(C(=O)Nc2cnc3[nH]nc(OC)c3c2)c1F,1,IC50,6.52,1,CHEMBL4586188
COc1n[nH]c2ncc(NC(=O)c3c(F)ccc(/N=N\c4ccccc4)c3F)cc12,1,IC50,6.8,1,CHEMBL4527473
COc1ccc(/N=N\c2ccc(F)c(C(=O)Nc3cnc4[nH]nc(OC)c4c3)c2F)cc1,1,IC50,6.33,1,CHEMBL4519570
COc1ccc(/N=N\c2cccc(C(=O)Nc3cnc4[nH]nc(OC)c4c3)c2)cc1,1,IC50,6.35,1,CHEMBL4441288
COc1n[nH]c2ncc(NC(=O)c3c(F)ccc(/N=N\c4ccccc4F)c3F)cc12,1,IC50,6.18,1,CHEMBL4448871
COc1n[nH]c2ncc(NC(=O)c3c(F)ccc(/N=N\c4ccc(C)cc4)c3F)cc12,1,IC50,8.05,1,CHEMBL4547542
COc1n[nH]c2ncc(NC(=O)c3c(F)ccc(/N=N\c4ccccc4C)c3F)cc12,1,IC50,6.27,1,CHEMBL4571674
COc1ccccc1/N=N\c1ccc(F)c(C(=O)Nc2cnc3[nH]nc(OC)c3c2)c1F,1,IC50,6.44,1,CHEMBL4546383
CC(C)n1nc(C#Cc2cccc3c(Nc4cccc(C(F)(F)F)c4)nccc23)c2c(N)ncnc21,1,IC50,6.85,1,CHEMBL4539503
CC(C)n1nc(C#Cc2cccc3c(Nc4ccc(Cl)cc4)nccc23)c2c(N)ncnc21,1,IC50,7.54,1,CHEMBL4470801
Cc1ccc2c(Nc3cccc(C(F)(F)F)c3)nccc2c1C#Cc1nn(C(C)C)c2ncnc(N)c12,1,IC50,7.68,1,CHEMBL4459568
CCn1nc(C#Cc2cccc3c(Nc4cccc(C(F)(F)F)c4)nccc23)c2c(N)ncnc21,1,IC50,7.39,1,CHEMBL4588736
CCn1nc(C#Cc2c(C)ccc3c(Nc4ccc(Cl)cc4)nccc23)c2c(N)ncnc21,1,IC50,8.1,2,CHEMBL4593051
CN(C)c1ccc(C(=O)Nc2cccc(NC(=O)COc3ccc4c(=O)ccoc4c3)c2)cc1,0,IC50 (>),5.0,2,CHEMBL4438748
CC[C@H](C)[C@H](NC(=O)[C@H](CC(N)=O)NC(=O)[C@@H](NC(=O)[C@H](Cc1cnc[nH]1)NC(=O)[C@H](CCCNC(=N)N)NC(=O)[C@H](C)NC(=O)[C@H](CCCCN)NC(=O)[C@H](CCCNC(=N)N)NC(=O)[C@H](CC(C)C)NC(=O)[C@@H](NC(=O)CN)C(C)C)C(C)C)C(=O)N[C@@H](CC(C)C)C(=O)N[C@@H](CC(C)C)C(=O)N[C@@H](Cc1ccccc1)C(=O)N[C@@H](CCSC)C(=O)NCC(=O)N[C@@H](Cc1ccc(O)cc1)C(=O)N[C@@H](CO)C(=O)N[C@H](C(=O)O)[C@@H](C)O,0,Kd,4.83,1,CHEMBL4447862
CNC(=O)c1cc(Oc2ccc(NC(=O)c3ccccc3)cc2)ccc1N,1,IC50,6.47,2,CHEMBL4465925
CNC(=O)c1cc(Oc2ccc(NC(=O)c3ccc(F)cc3)cc2)ccc1N,1,IC50,6.52,1,CHEMBL4476700
CNC(=O)c1cc(Oc2ccc(NC(=O)c3ccc(Cl)cc3)cc2)ccc1N,1,IC50,6.78,1,CHEMBL4560057
CNC(=O)c1cc(Oc2ccc(NC(=O)c3ccc(Cl)c(C(F)(F)F)c3)cc2)ccc1N,1,IC50,7.14,2,CHEMBL4542639
CNC(=O)c1cc(Oc2ccc(NC(=O)c3ccc(OC)cc3)cc2)ccc1N,1,IC50,6.73,1,CHEMBL4447617
CNC(=O)c1cc(Oc2ccc(NC(=O)c3ccc(N)cc3)cc2)ccc1N,1,IC50,6.03,2,CHEMBL4468470
CNC(=O)c1cc(Oc2ccc(NC(=O)c3ccc4ccccc4c3)cc2)ccc1N,1,IC50,6.62,2,CHEMBL4564037
NC(=O)c1cc(Oc2ccc(NC(=O)c3ccc(Cl)c(C(F)(F)F)c3)cc2)ccc1N,1,IC50,6.16,2,CHEMBL4457709
CCNC(=O)c1cc(Oc2ccc(NC(=O)c3ccc(Cl)c(C(F)(F)F)c3)cc2)ccc1N,1,IC50,6.45,1,CHEMBL4471993
CC(=O)c1ccc(Nc2ccnc(SCC(=O)c3ccc(Cl)cc3)n2)cc1,1,IC50,6.19,1,CHEMBL4465126
O=C(O)c1ccc(Nc2ccnc(SCC(=O)c3ccc(Cl)cc3)n2)cc1,1,IC50,6.43,1,CHEMBL4574832
CCOC(=O)c1ccc(Nc2ccnc(SCC(=O)c3ccc(C#N)cc3)n2)cc1,1,IC50,6.82,1,CHEMBL4573547
CCOC(=O)c1ccc(Nc2ccnc(SCC(=O)c3ccc([N+](=O)[O-])cc3)n2)cc1,1,IC50,6.66,1,CHEMBL4448435
CCOC(=O)c1ccc(Nc2ccnc(SCC(=O)c3ccc(OC)cc3)n2)cc1,1,IC50,6.39,1,CHEMBL4566054
O=C(CSc1nccc(Nc2ccc(N3CCOCC3)cc2)n1)c1ccc(F)cc1,1,IC50,6.96,1,CHEMBL4449189
COc1ccc(C(=O)CSc2nccc(Nc3ccc(N4CCOCC4)cc3)n2)cc1,1,IC50,6.36,1,CHEMBL4549103
CNC(=O)c1cc(Oc2cccc3nc(NC(=O)Nc4ccc(Cl)c(C(F)(F)F)c4)ccc23)ccn1,1,IC50,6.5,1,CHEMBL4466297
O=C(Nc1cccc(-n2cc(-c3ccncc3)c(-c3cc(O)cc(Cl)c3)n2)c1)c1cc(C(F)(F)F)cc(C(F)(F)F)c1,1,IC50,6.67,1,CHEMBL4455749
O=C(Nc1cccc(-n2cc(-c3ccncc3)c(-c3cc(O)cc(Cl)c3)n2)c1)c1ccc(N2CCOCC2)c(C(F)(F)F)c1,1,IC50,7.85,1,CHEMBL4457746
O=C(Nc1cccc(-n2cc(-c3ccncc3)c(-c3cc(O)cc(Cl)c3)n2)c1)c1cccc(C(F)(F)F)c1,1,IC50,7.42,1,CHEMBL4474427
O=C(Nc1cccc(-n2cc(-c3ccncc3)c(-c3cc(O)cc(Cl)c3)n2)c1)c1ccc(Cl)c(Cl)c1,1,IC50,7.33,1,CHEMBL4552361
O=C(Nc1cccc(-n2cc(-c3ccncc3)c(-c3cc(O)cc(Cl)c3)n2)c1)c1ccccc1,1,IC50,7.58,1,CHEMBL4516769
COc1cc(Cl)cc(-c2nn(-c3cccc(NC(=O)c4ccc(N5CCOCC5)c(C(F)(F)F)c4)c3)cc2-c2ccncc2)c1,1,IC50,6.46,1,CHEMBL4529383
COc1cc(Cl)cc(-c2nn(-c3cccc(NC(=O)c4cccc(C(F)(F)F)c4)c3)cc2-c2ccncc2)c1,1,IC50,6.8,1,CHEMBL4467214
COc1cc(Cl)cc(-c2nn(-c3cccc(NC(=O)c4ccc(Cl)c(Cl)c4)c3)cc2-c2ccncc2)c1,0,IC50,4.06,1,CHEMBL4449165
O=C(Nc1cccc(-n2cc(-c3ccncc3)c(-c3cc(O)cc(Cl)c3)n2)c1)Nc1ccc(Cl)c(C(F)(F)F)c1,1,IC50,8.15,1,CHEMBL4440394
O=C(Nc1cccc(-n2cc(-c3ccncc3)c(-c3cc(O)cc(Cl)c3)n2)c1)Nc1cccc(C(F)(F)F)c1,1,IC50,7.52,1,CHEMBL4467188
O=C(Nc1cccc(-n2cc(-c3ccncc3)c(-c3cc(O)cc(Cl)c3)n2)c1)Nc1ccc(Cl)c(Cl)c1,1,IC50,7.35,1,CHEMBL4463911
O=C(Nc1ccccc1)Nc1cccc(-n2cc(-c3ccncc3)c(-c3cc(O)cc(Cl)c3)n2)c1,1,IC50,6.04,1,CHEMBL4456144
COc1cc(Cl)cc(-c2nn(-c3cccc(NC(=O)Nc4ccc(Cl)c(C(F)(F)F)c4)c3)cc2-c2ccncc2)c1,1,IC50,6.72,1,CHEMBL4447379
COc1cc(Cl)cc(-c2nn(-c3cccc(NC(=O)Nc4cccc(C(F)(F)F)c4)c3)cc2-c2ccncc2)c1,1,IC50,6.32,1,CHEMBL4468905
COc1cc(Cl)cc(-c2nn(-c3cccc(NC(=O)Nc4ccc(Cl)c(Cl)c4)c3)cc2-c2ccncc2)c1,1,IC50,6.6,1,CHEMBL4576108
COc1cc(Cl)cc(-c2nn(-c3cccc(NC(=O)Nc4ccccc4)c3)cc2-c2ccncc2)c1,1,IC50,6.31,1,CHEMBL4574440
O=C(NCC(F)(F)F)c1cc(-c2cnn3cc(-c4ccc(OCCN5CCCCC5)cc4)cnc23)cs1,1,IC50,6.26,1,CHEMBL4569508
Cn1cc(-c2cnc3c(-c4csc(C(=O)N[C@@H]5CCCC[C@@H]5N)c4)cnn3c2)cn1,1,IC50,7.72,1,CHEMBL4568087
C[C@@H]1C[C@H]1C(=O)N1CCN(c2cnc(C#N)c(-c3cnn(C)c3)n2)C[C@H]1C,0,IC50 (>),4.0,2,CHEMBL4634634
O=S(=O)(NCCCNc1nccc(-n2ccc3cccnc32)n1)c1ccccc1,1,IC50,6.12,1,CHEMBL4638623
O=S(=O)(NCCCNc1nccc(-n2ccc3cccnc32)n1)c1ccc(F)cc1,1,IC50,6.06,1,CHEMBL4646182
O=S(=O)(NCCCNc1nccc(-n2ccc3cccnc32)n1)c1ccc(Br)cc1,1,IC50,6.46,1,CHEMBL4649497
COc1ccc(S(=O)(=O)NCCCNc2nccc(-n3ccc4cccnc43)n2)cc1,1,IC50,6.1,1,CHEMBL4641369
Cc1ccc(S(=O)(=O)NCCCNc2nccc(-n3ccc4cccnc43)n2)cc1,1,IC50,6.0,1,CHEMBL4641994
O=S(=O)(NCCCNc1nccc(-n2ccc3cccnc32)n1)c1cccc(Br)c1,1,IC50,6.3,1,CHEMBL4646680
O=C(Nc1ccc(C(F)(F)F)cc1)Nc1ccc(F)c(C(=O)c2c[nH]c3ncccc23)c1F,1,IC50,6.94,1,CHEMBL4644507
Cc1ccc(NC(=O)Nc2ccc(F)c(C(=O)c3c[nH]c4ncccc34)c2F)cc1,1,IC50,7.07,1,CHEMBL4640613
O=C(Nc1ccc(Br)cc1)Nc1ccc(F)c(C(=O)c2c[nH]c3ncc(Br)cc23)c1F,1,IC50,7.1,1,CHEMBL4644256
O=C(NCCNc1nccc(-c2c(-c3cccc(F)c3)nc3sccn23)n1)c1ccccc1,1,IC50,7.43,2,CHEMBL4741779
O=C(NCCNc1nccc(-c2c(-c3cccc(F)c3)nc3sccn23)n1)c1c(F)cccc1F,1,IC50,7.48,2,CHEMBL4795653
O=C(NCCNc1nccc(-c2c(-c3cccc(F)c3)nc3sccn23)n1)c1ccc(Cl)cc1,1,IC50,7.57,2,CHEMBL4742959
O=S(=O)(NCCNc1nccc(-c2c(-c3cccc(F)c3)nc3sccn23)n1)c1ccc(C(F)(F)F)cc1,1,IC50,7.65,2,CHEMBL4780320
O=S(=O)(NCCCNc1nccc(-c2c(-c3cccc(F)c3)nc3sccn23)n1)c1ccc(C(F)(F)F)cc1,1,IC50,7.58,2,CHEMBL4794141
Cc1ccc(S(=O)(=O)NCCCNc2nccc(-c3c(-c4cccc(F)c4)nc4sccn34)n2)cc1,1,IC50,7.05,2,CHEMBL4745038
COc1ccc(S(=O)(=O)NCCCNc2nccc(-c3c(-c4cccc(F)c4)nc4sccn34)n2)cc1,1,IC50,7.6,2,CHEMBL4793221
O=S(=O)(NCCCNc1nccc(-c2c(-c3cccc(F)c3)nc3sccn23)n1)c1ccc(Cl)cc1,1,IC50,7.79,2,CHEMBL4763823
O=S(=O)(NCCCNc1nccc(-c2c(-c3cccc(F)c3)nc3sccn23)n1)c1ccc(Br)cc1,1,IC50,8.03,2,CHEMBL4757872
COc1cc2c(Oc3ccc(NC(=O)NN4C(=O)CSC4c4c(F)cccc4F)cc3)ccnc2cc1OC1CCN(C(=O)NC(C)C)CC1,0,IC50 (>),5.0,1,CHEMBL4781937
COc1cccc2nc(Nc3cccc(NC(=O)c4cc(C(F)(F)F)cc(C(F)(F)F)c4)c3)ccc12,0,IC50 (>),4.0,1,CHEMBL4782569
COc1cccc2nc(Nc3cccc(NC(=O)c4ccc(N5CCOCC5)c(C(F)(F)F)c4)c3)ccc12,0,IC50,4.39,1,CHEMBL4743339
CCN1CCN(c2cc(C(=O)Nc3cccc(Nc4ccc5c(OC)cccc5n4)c3)cc(C(F)(F)F)c2)CC1,1,IC50,6.05,1,CHEMBL4795732
Nc1cccc(-c2nc3sccn3c2-c2ccnc(NCCCCNS(=O)(=O)c3cccc(F)c3)n2)c1,1,IC50,7.87,1,CHEMBL4781905
Nc1cccc(-c2nc3sccn3c2-c2ccnc(NCCCCNS(=O)(=O)c3ccc(C(F)(F)F)cc3)n2)c1,1,IC50,7.94,1,CHEMBL4782235
COc1ccc(S(=O)(=O)NCCCCNc2nccc(-c3c(-c4cccc(N)c4)nc4sccn34)n2)cc1,1,IC50,8.92,1,CHEMBL4795335
Nc1cccc(-c2nc3sccn3c2-c2ccnc(NCCCCNS(=O)(=O)c3ccc(Cl)cc3)n2)c1,1,IC50,7.69,1,CHEMBL4763209
Nc1cccc(-c2nc3sccn3c2-c2ccnc(NCCNS(=O)(=O)c3cccc(F)c3)n2)c1,1,IC50,7.55,1,CHEMBL4793770
Cc1ccc(S(=O)(=O)NCCNc2nccc(-c3c(-c4cccc(N)c4)nc4sccn34)n2)cc1,1,IC50,7.23,1,CHEMBL4762191
Nc1cccc(-c2nc3sccn3c2-c2ccnc(NCCNS(=O)(=O)c3ccc(C(F)(F)F)cc3)n2)c1,1,IC50,6.85,1,CHEMBL4746223
COc1ccc(S(=O)(=O)NCCNc2nccc(-c3c(-c4cccc(N)c4)nc4sccn34)n2)cc1,1,IC50,7.63,1,CHEMBL4756122
Nc1cccc(-c2nc3sccn3c2-c2ccnc(NCCNS(=O)(=O)c3ccc(Cl)cc3)n2)c1,1,IC50,7.78,1,CHEMBL4745087
Nc1cccc(-c2nc3sccn3c2-c2ccnc(NCCCCNS(=O)(=O)c3ccc(Br)cc3)n2)c1,1,IC50,8.37,1,CHEMBL4745503
Nc1cccc(-c2nc3sccn3c2-c2ccnc(NCCNS(=O)(=O)c3cccc4ccccc34)n2)c1,1,IC50,6.82,1,CHEMBL4763983
Nc1cccc(-c2nc3sccn3c2-c2ccnc(NCCNS(=O)(=O)c3ccc(F)cc3)n2)c1,1,IC50,7.9,1,CHEMBL4791677
Nc1cccc(-c2nc3sccn3c2-c2ccnc(NCCNS(=O)(=O)c3ccc(Br)cc3)n2)c1,1,IC50,7.13,1,CHEMBL4755694
Nc1cccc(-c2nc3sccn3c2-c2ccnc(NCCCCNS(=O)(=O)c3ccc(F)cc3)n2)c1,1,IC50,8.21,1,CHEMBL4753878
Nc1cccc(-c2nc3sccn3c2-c2ccnc(NCCCCNS(=O)(=O)c3cccc4ccccc34)n2)c1,1,IC50,7.61,1,CHEMBL4752201
O=S(=O)(NCCCNc1nccc(-c2[nH]c(-c3ccccc3)nc2-c2ccc(F)c(O)c2)n1)c1ccccc1,1,IC50,8.25,1,CHEMBL4758203
O=S(=O)(NCCCNc1nccc(-c2[nH]c(-c3ccccc3)nc2-c2ccc(F)c(O)c2)n1)c1ccc(Br)cc1,1,IC50,7.58,1,CHEMBL4755378
O=S(=O)(NCCCNc1nccc(-c2[nH]c(-c3ccccc3)nc2-c2ccc(F)c(O)c2)n1)c1cccc(F)c1,1,IC50,7.52,1,CHEMBL4794140
Cc1ccc(S(=O)(=O)NCCCNc2nccc(-c3[nH]c(-c4ccccc4)nc3-c3ccc(F)c(O)c3)n2)cc1,1,IC50,8.06,1,CHEMBL4779919
COc1ccc(S(=O)(=O)NCCCNc2nccc(-c3[nH]c(-c4ccccc4)nc3-c3ccc(F)c(O)c3)n2)cc1,1,IC50,8.6,1,CHEMBL4793723
O=S(=O)(NCCCNc1nccc(-c2[nH]c(-c3ccccc3)nc2-c2ccc(Cl)c(O)c2)n1)c1ccccc1,1,IC50,8.37,1,CHEMBL4797100
O=S(=O)(NCCCNc1nccc(-c2[nH]c(-c3ccccc3)nc2-c2ccc(Cl)c(O)c2)n1)c1ccc(Br)cc1,1,IC50,7.66,1,CHEMBL4756408
O=S(=O)(NCCCNc1nccc(-c2[nH]c(-c3ccccc3)nc2-c2ccc(Cl)c(O)c2)n1)c1cccc(F)c1,1,IC50,7.83,1,CHEMBL4795144
Cc1ccc(S(=O)(=O)NCCCNc2nccc(-c3[nH]c(-c4ccccc4)nc3-c3ccc(Cl)c(O)c3)n2)cc1,1,IC50,8.1,1,CHEMBL4763666
COc1ccc(S(=O)(=O)NCCCNc2nccc(-c3[nH]c(-c4ccccc4)nc3-c3ccc(Cl)c(O)c3)n2)cc1,1,IC50,8.11,1,CHEMBL4741154
O=S(=O)(NCCNc1cc(-c2[nH]c(-c3ccccc3)nc2-c2cccc(O)c2)ccn1)c1ccc(O)cc1,1,IC50,7.5,1,CHEMBL4779114
Cc1ccc(NC(=O)c2ccc(C)c(C(F)(F)F)c2)cc1C#Cc1nn([C@H]2CC[C@H](O)CC2)c2ncnc(N)c12,1,IC50,7.06,4,CHEMBL4798527
CC(C)(C)c1cc(NC(=O)Nc2ccc(Nc3ncnc4c3OCCCN4)cc2)no1,1,IC50,6.02,1,CHEMBL4793380
Nc1n[nH]c2cccc(C#Cc3cccc(NC(=O)c4ccc(N5CCOCC5)c(C(F)(F)F)c4)c3)c12,1,IC50,6.91,1,CHEMBL4793906
c1ccc(COc2cccc(-c3nc4sccn4c3-c3ccncn3)c2)cc1,1,IC50,6.0,1,CHEMBL4866102
CS(=O)(=O)c1nccc(-c2c(-c3cccc(OCc4ccccc4)c3)nc3sccn23)n1,0,IC50,4.88,1,CHEMBL4860202
O=C(Nc1ccc(Oc2ccncc2)cc1)Nc1cccc(C(F)(F)F)c1,1,IC50,6.2,1,CHEMBL1233853
O=C(Nc1ccc(Oc2ccncn2)cc1)Nc1cccc(C(F)(F)F)c1,1,IC50,6.0,1,CHEMBL4856623
O=C(Nc1ccc(Oc2ccnc3ccccc23)cc1)Nc1cccc(C(F)(F)F)c1,1,IC50,6.7,1,CHEMBL4870490
COc1ccc2ncnc(Oc3ccc(NC(=O)Nc4cccc(C(F)(F)F)c4)cc3)c2c1,1,IC50,6.4,1,CHEMBL4868251
COc1cc2ncnc(Oc3ccc(NC(=O)Nc4cccc(C(F)(F)F)c4)cc3)c2cc1OC,1,IC50,7.2,1,CHEMBL4856992
O=C(Nc1ccc(Oc2ccnc3[nH]ccc23)cc1)Nc1cccc(C(F)(F)F)c1,1,IC50,6.5,1,CHEMBL4852364
O=C(Nc1ccc(Oc2ncnc3[nH]ccc23)cc1)Nc1cccc(C(F)(F)F)c1,1,IC50,6.4,1,CHEMBL4869054
CNc1nccc(Oc2ccc(NC(=O)Nc3cccc(C(F)(F)F)c3)cc2)n1,1,IC50,7.2,1,CHEMBL4861519
CNc1cc(Oc2ccc(NC(=O)Nc3cccc(C(F)(F)F)c3)cc2)ncn1,1,IC50,6.3,1,CHEMBL4863580
CN(C)c1cc(Oc2ccc(NC(=O)Nc3cccc(C(F)(F)F)c3)cc2)ncn1,1,IC50,6.0,1,CHEMBL4850251
CCNc1cc(Oc2ccc(NC(=O)Nc3cccc(C(F)(F)F)c3)cc2)ncn1,1,IC50,6.3,1,CHEMBL4864463
CC(C)Nc1cc(Oc2ccc(NC(=O)Nc3cccc(C(F)(F)F)c3)cc2)ncn1,1,IC50,6.1,1,CHEMBL4873406
CCCNc1cc(Oc2ccc(NC(=O)Nc3cccc(C(F)(F)F)c3)cc2)ncn1,1,IC50,6.2,1,CHEMBL4877505
O=C(Nc1ccc(Oc2cc(NCCO)ncn2)cc1)Nc1cccc(C(F)(F)F)c1,1,IC50,6.0,1,CHEMBL4871527
C[C@@H](O)CNc1cc(Oc2ccc(NC(=O)Nc3cccc(C(F)(F)F)c3)cc2)ncn1,1,IC50,6.0,1,CHEMBL4847826
C[C@H](O)CNc1cc(Oc2ccc(NC(=O)Nc3cccc(C(F)(F)F)c3)cc2)ncn1,1,IC50,6.1,1,CHEMBL4859309
CC(=O)Nc1cc(Oc2ccc(NC(=O)Nc3cccc(C(F)(F)F)c3)cc2)ncn1,1,IC50,7.5,1,CHEMBL4845883
O=C(O)Cc1cccc(Nc2cc(Oc3ccc(NC(=O)Nc4cccc(C(F)(F)F)c4)cc3)ncn2)c1,1,IC50,6.2,1,CHEMBL4875220
O=C(Nc1ccc(Oc2cc(Nc3cccc(CN4CCCC4)c3)ncn2)cc1)Nc1cccc(C(F)(F)F)c1,1,IC50,6.7,1,CHEMBL4867760
CNc1cc(Oc2ccc(NC(=O)Nc3cccc(C(C)F)c3)cc2)ncn1,1,IC50,6.0,1,CHEMBL4850964
CNc1cc(Oc2ccc(NC(=O)Nc3cccc(C(C)(F)F)c3)cc2)ncn1,1,IC50,6.3,1,CHEMBL4868391
CNc1cc(Oc2ccc(NC(=O)Nc3cccc(C(C)(C)C)c3)cc2)ncn1,1,IC50,6.4,1,CHEMBL4850780
CNc1cc(Oc2ccc(NC(=O)Nc3cccc(C(F)(F)F)c3)c(F)c2)ncn1,1,IC50,7.2,1,CHEMBL4863203
CNc1cc(Oc2ccc(NC(=O)Nc3cccc(C(F)(F)F)c3)c(F)c2F)ncn1,1,IC50,7.8,1,CHEMBL4857556
CNc1cc(Oc2ccc(NC(=O)Nc3cccc(C(F)(F)F)c3)cc2Cl)ncn1,1,IC50,6.3,1,CHEMBL4874491
CNc1cc(Oc2ccc(NC(=O)Nc3cccc(C(F)(F)F)c3)c3ccccc23)ncn1,1,IC50,7.0,1,CHEMBL4870768
CNc1cc(Oc2ccc(NC(=O)Nc3cccc(C(F)(F)F)c3)cc2C)ncn1,1,IC50,6.8,1,CHEMBL4859380
CS(=O)(=O)N1CCCC(NC(=O)[C@H](CCC2CCCCC2)NC(=O)c2ccc(CNC(=O)c3cnc4ccccn34)cc2)C1,0,IC50 (>),4.6,2,CHEMBL4591082
CN1C(=O)[C@@H](N2CCc3cn(Cc4ccccc4)nc3C2=O)COc2ccccc21,1,IC50,6.0,1,CHEMBL4088216
CN1C(=O)[C@@H](N2CCc3c(nn(Cc4ccccc4)c3Br)C2=O)COc2ccccc21,1,IC50,6.0,1,CHEMBL4549667
CN1C(=O)[C@@H](N2CCc3cn(CC4CCS(=O)(=O)CC4)nc3C2=O)COc2ccccc21,1,IC50,6.0,1,CHEMBL4097778
Cc1ccc(NC(=O)c2ccnc(C(F)(F)F)c2)cc1-c1ccc2c(c1)OC1(CCOCC1)CC(=O)N2,1,IC50,7.96,2,CHEMBL5087151
Cc1ccc(NC(=O)c2cc(C(F)(F)F)cnn2)cc1-c1ccc2c(c1)OC1(CCOCC1)CC(=O)N2,1,IC50,8.24,2,CHEMBL5078176
O=S(=O)(NCCNc1nccc(-c2c(-c3ccccc3)nc3sccn23)n1)c1ccc(F)cc1,1,IC50,7.16,2,CHEMBL5090684
COc1ccc(S(=O)(=O)NCCNc2nccc(-c3c(-c4ccccc4)nc4sccn34)n2)cc1,1,IC50,7.11,6,CHEMBL5075200
Cc1ccc(S(=O)(=O)NCCNc2nccc(-c3c(-c4ccccc4)nc4sccn34)n2)cc1,1,IC50,7.05,2,CHEMBL5072570
O=S(=O)(NCCCNc1nccc(-c2c(-c3ccccc3)nc3sccn23)n1)c1ccc(F)cc1,1,IC50,7.24,2,CHEMBL5086379
COc1ccc(S(=O)(=O)NCCCNc2nccc(-c3c(-c4ccccc4)nc4sccn34)n2)cc1,1,IC50,7.18,2,CHEMBL5088456
Cc1ccc(S(=O)(=O)NCCCNc2nccc(-c3c(-c4ccccc4)nc4sccn34)n2)cc1,1,IC50,7.07,2,CHEMBL5073098
COc1cccc(-c2nc3sccn3c2-c2ccnc(NCCNS(=O)(=O)c3ccccc3)n2)c1,1,IC50,6.92,2,CHEMBL5087580
COc1cccc(-c2nc3sccn3c2-c2ccnc(NCCNS(=O)(=O)c3ccc(F)cc3)n2)c1,1,IC50,6.94,2,CHEMBL5077093
COc1cccc(-c2nc3sccn3c2-c2ccnc(NCCNS(=O)(=O)c3cccc(F)c3)n2)c1,1,IC50,6.95,2,CHEMBL5082423
COc1ccc(S(=O)(=O)NCCNc2nccc(-c3c(-c4cccc(OC)c4)nc4sccn34)n2)cc1,1,IC50,6.8,2,CHEMBL5079253
COc1cccc(-c2nc3sccn3c2-c2ccnc(NCCNS(=O)(=O)c3ccc(C)cc3)n2)c1,1,IC50,6.75,2,CHEMBL5084985
COc1cccc(-c2nc3sccn3c2-c2ccnc(NCCNS(=O)(=O)c3ccc4ccccc4c3)n2)c1,1,IC50,6.77,2,CHEMBL5086784
COc1cccc(-c2nc3sccn3c2-c2ccnc(NCCNS(=O)(=O)c3ccc(C(F)(F)F)cc3)n2)c1,1,IC50,7.01,6,CHEMBL5073858
COc1cccc(-c2nc3sccn3c2-c2ccnc(NCCCNS(=O)(=O)c3ccccc3)n2)c1,1,IC50,6.96,2,CHEMBL5090199
COc1cccc(-c2nc3sccn3c2-c2ccnc(NCCCNS(=O)(=O)c3ccc(F)cc3)n2)c1,1,IC50,7.04,2,CHEMBL5093355
COc1cccc(-c2nc3sccn3c2-c2ccnc(NCCCNS(=O)(=O)c3cccc(F)c3)n2)c1,1,IC50,6.99,2,CHEMBL5081210
COc1ccc(S(=O)(=O)NCCCNc2nccc(-c3c(-c4cccc(OC)c4)nc4sccn34)n2)cc1,1,IC50,6.81,2,CHEMBL5087208
COc1cccc(-c2nc3sccn3c2-c2ccnc(NCCCNS(=O)(=O)c3ccc(C)cc3)n2)c1,1,IC50,6.78,2,CHEMBL5078889
COc1cccc(-c2nc3sccn3c2-c2ccnc(NCCCNS(=O)(=O)c3ccc4ccccc4c3)n2)c1,1,IC50,6.78,2,CHEMBL5092853
COc1ccc(-c2nc3sccn3c2-c2ccnc(NCCNS(=O)(=O)c3ccc(C)cc3)n2)cc1,0,IC50,4.72,2,CHEMBL5077227
COc1ccc(-c2nc3sccn3c2-c2ccnc(NCCNS(=O)(=O)c3cccc4ccccc34)n2)cc1,0,IC50,4.68,2,CHEMBL5075902
O=S(=O)(NCCNc1nccc(-c2c(-c3ccccc3)nc3sccn23)n1)c1ccc(O)cc1,1,IC50,7.19,2,CHEMBL5092007
O=S(=O)(NCCNc1nccc(-c2c(-c3cccc(O)c3)nc3sccn23)n1)c1ccccc1,1,IC50,7.72,2,CHEMBL5077573
O=S(=O)(NCCNc1nccc(-c2c(-c3cccc(O)c3)nc3sccn23)n1)c1ccc(F)cc1,1,IC50,9.0,6,CHEMBL5083036
Cc1ccc(S(=O)(=O)NCCNc2nccc(-c3c(-c4cccc(O)c4)nc4sccn34)n2)cc1,1,IC50,7.26,2,CHEMBL5080054
O=S(=O)(NCCCNc1nccc(-c2c(-c3cccc(O)c3)nc3sccn23)n1)c1ccccc1,1,IC50,7.7,2,CHEMBL5094173
O=S(=O)(NCCCNc1nccc(-c2c(-c3cccc(O)c3)nc3sccn23)n1)c1cccc(F)c1,1,IC50,9.01,2,CHEMBL5086749
Cc1ccc(S(=O)(=O)NCCCNc2nccc(-c3c(-c4cccc(O)c4)nc4sccn34)n2)cc1,1,IC50,8.05,2,CHEMBL5077391
Cc1ccc(S(=O)(=O)NCCNc2nccc(-c3c(-c4ccc(O)cc4)nc4sccn34)n2)cc1,0,IC50,4.95,2,CHEMBL5079845
COc1cccc(-c2nc3sccn3c2-c2ccnc(NCCN3CCN(C)S3(=O)=O)n2)c1,1,IC50,8.82,2,CHEMBL5080553
COc1cccc(-c2nc3sccn3c2-c2ccnc(NCCN3CCN(Cc4ccccc4)S3(=O)=O)n2)c1,1,IC50,8.08,2,CHEMBL5088157
COc1cccc(-c2nc3sccn3c2-c2ccnc(NCCN3CC(C)(C)NS3(=O)=O)n2)c1,1,IC50,8.06,2,CHEMBL5092112
COc1cccc(-c2nc3sccn3c2-c2ccnc(NCCN3CCCN(C)S3(=O)=O)n2)c1,1,IC50,8.58,2,CHEMBL5073246
COc1cccc(-c2nc3sccn3c2-c2ccnc(NCCN3CCNS3(=O)=O)n2)c1,1,IC50,7.98,2,CHEMBL5075811
COc1cccc(-c2nc3sccn3c2-c2ccnc(NCCN3CCCNS3(=O)=O)n2)c1,1,IC50,8.0,2,CHEMBL5089022
COc1cccc(-c2nc3sccn3c2-c2ccnc(NCCN3CCCN(C(=O)OC(C)(C)C)S3(=O)=O)n2)c1,1,IC50,7.9,2,CHEMBL5076765
CN1CCN(CCNc2nccc(-c3c(-c4cccc(O)c4)nc4sccn34)n2)S1(=O)=O,1,IC50,10.15,2,CHEMBL5087577
O=S1(=O)N(CCNc2nccc(-c3c(-c4cccc(O)c4)nc4sccn34)n2)CCN1Cc1ccccc1,1,IC50,8.14,2,CHEMBL5092329
CC1(C)CN(CCNc2nccc(-c3c(-c4cccc(O)c4)nc4sccn34)n2)S(=O)(=O)N1,1,IC50,8.2,2,CHEMBL5088891
CN1CCCN(CCNc2nccc(-c3c(-c4cccc(O)c4)nc4sccn34)n2)S1(=O)=O,1,IC50,8.42,2,CHEMBL5079413
O=S1(=O)NCCN1CCNc1nccc(-c2c(-c3cccc(O)c3)nc3sccn23)n1,1,IC50,8.34,2,CHEMBL5076688
O=S1(=O)NCCCN1CCNc1nccc(-c2c(-c3cccc(O)c3)nc3sccn23)n1,1,IC50,8.28,2,CHEMBL5079502
CC(C)(C)OC(=O)N1CCCN(CCNc2nccc(-c3c(-c4cccc(O)c4)nc4sccn34)n2)S1(=O)=O,1,IC50,8.02,2,CHEMBL5077895
COc1ccc(-c2nc3sccn3c2-c2ccnc(NCCNS(=O)(=O)c3ccc(F)cc3)n2)cc1,0,IC50,4.88,1,CHEMBL5075700
COc1ccc(-c2nc3sccn3c2-c2ccnc(NCCNS(=O)(=O)c3ccc(OC)cc3)n2)cc1,0,IC50,4.58,1,CHEMBL5088659
O=S(=O)(NCCNc1nccc(-c2c(-c3ccc(O)cc3)nc3sccn23)n1)c1ccc(O)cc1,0,IC50,4.6,1,CHEMBL5076831
O=C(NCCNc1nccc(-c2c(-c3cccc(O)c3)nc3sccn23)n1)c1ccccc1,1,IC50,9.01,2,CHEMBL1915474
O=[N+]([O-])c1cccc(-c2nc3sccn3c2-c2ccnc(NCCCNS(=O)(=O)c3ccc(F)cc3)n2)c1,1,IC50,7.46,1,CHEMBL5207384
O=[N+]([O-])c1cccc(-c2nc3sccn3c2-c2ccnc(NCCCNS(=O)(=O)c3cccc(F)c3)n2)c1,1,IC50,7.68,1,CHEMBL5181518
CCCS(=O)(=O)Nc1ccc(F)c(C(=O)c2c[nH]c3ncc(-c4ccc(C(=O)NCCOCCOCC(=O)N[C@H](C(=O)N5C[C@H](O)C[C@H]5C(=O)NCc5ccc(-c6scnc6C)cc5)C(C)(C)C)cc4)cc23)c1F,1,IC50,8.07,1,CHEMBL5175716
CCCS(=O)(=O)Nc1ccc(F)c(C(=O)c2c[nH]c3ncc(-c4ccc(C(=O)NCCOCCOCCOCCCCC(=O)N[C@H](C(=O)N5C[C@H](O)C[C@H]5C(=O)NCc5ccc(-c6scnc6C)cc5)C(C)(C)C)cc4)cc23)c1F,1,IC50,9.51,1,CHEMBL5196107
CCCS(=O)(=O)Nc1ccc(F)c(C(=O)c2c[nH]c3ncc(-c4ccc(C(=O)NCCCCCCOCCCCCOCCCCC(=O)N[C@H](C(=O)N5C[C@H](O)C[C@H]5C(=O)NCc5ccc(-c6scnc6C)cc5)C(C)(C)C)cc4)cc23)c1F,1,IC50,7.32,1,CHEMBL5180595
CCCS(=O)(=O)Nc1ccc(F)c(C(=O)c2c[nH]c3ncc(-c4ccc(CNC(=O)CCCCOCCCCOCCCCOc5cc(-c6scnc6C)ccc5CNC(=O)[C@@H]5C[C@@H](O)CN5C(=O)[C@H](C(C)C)N5Cc6ccccc6C5=O)cc4)cc23)c1F,1,IC50,8.0,1,CHEMBL5205269
CCCS(=O)(=O)Nc1ccc(F)c(C(=O)c2c[nH]c3ncc(-c4ccc(C(=O)NCCOCCOCCOCCOc5cc(-c6scnc6C)ccc5CNC(=O)[C@@H]5C[C@@H](O)CN5C(=O)[C@H](C(C)C)N5Cc6ccccc6C5=O)cc4)cc23)c1F,1,IC50,8.47,1,CHEMBL5208447
CCCS(=O)(=O)Nc1ccc(F)c(C(=O)c2c[nH]c3ncc(-c4ccc(CNC(=O)CCCCOCCOCCOCCOc5cc(-c6scnc6C)ccc5CNC(=O)[C@@H]5C[C@@H](O)CN5C(=O)[C@H](C(C)C)N5Cc6ccccc6C5=O)cc4)cc23)c1F,1,IC50,8.42,1,CHEMBL5170982
COCC1CN(C2CCN(c3cc(OC)c(Nc4ncc(Br)c(Nc5ccc6c(c5P(C)(C)=O)OCCO6)n4)cc3C)CC2)C1,0,IC50 (>),5.0,1,CHEMBL5188373
COc1cc(CN(c2ccc(F)c(C#Cc3cnc4[nH]nc(-c5ccc(F)cc5)c4c3)c2F)S(=O)(=O)c2cccnc2)c([N+](=O)[O-])cc1OC,0,IC50 (>),5.0,1,CHEMBL5174059
Cc1ccc(NC(=O)c2ccnc(C(F)(F)F)c2)cc1-c1ccc2c(c1)OC1(CCOCC1)NC2=O,1,IC50,7.53,2,CHEMBL5177739
Nc1nccc(-c2sc(C3CCN3)nc2-c2cccc(NS(=O)(=O)c3cc(F)ccc3F)c2F)n1,1,IC50,8.68,1,CHEMBL5203353
Nc1nccc(-c2sc(C3CCCN3)nc2-c2cccc(NS(=O)(=O)c3cc(F)ccc3F)c2F)n1,1,IC50,8.77,1,CHEMBL5189539
Nc1nccc(-c2sc(C3CCCCN3)nc2-c2cccc(NS(=O)(=O)c3cc(F)ccc3F)c2F)n1,1,IC50,8.77,1,CHEMBL5201169
Nc1nccc(-c2sc(C3CNCCN3)nc2-c2cccc(NS(=O)(=O)c3cc(F)ccc3F)c2F)n1,1,IC50,8.23,1,CHEMBL5192974
CC(C)(C)c1nc(-c2cc(Cl)cc(NS(=O)(=O)c3cc(F)ccc3F)c2F)c(-c2ccnc(N)n2)s1,1,IC50,8.44,1,CHEMBL5202550
Nc1nccc(-c2sc(C3COCCN3)nc2-c2cc(Cl)cc(NS(=O)(=O)c3cc(F)ccc3F)c2F)n1,1,IC50,8.7,1,CHEMBL5176494
Nc1nccc(-c2sc(C3CCN(C4CC4)CC3)nc2-c2cccc(NS(=O)(=O)c3cc(F)ccc3F)c2F)n1,1,IC50,8.36,1,CHEMBL5183233
Nc1nccc(-c2sc(C3CCCNC3)nc2-c2cccc(NS(=O)(=O)c3cc(F)ccc3F)c2F)n1,1,IC50,8.35,1,CHEMBL5190223
Nc1nccc(-c2sc(C3COCCN3)nc2-c2cccc(NS(=O)(=O)c3cc(F)ccc3F)c2F)n1,1,IC50,8.22,1,CHEMBL5186595
NCCCc1nc(-c2cccc(NS(=O)(=O)c3cc(F)ccc3F)c2F)c(-c2ccnc(N)n2)s1,1,IC50,8.2,1,CHEMBL5195570
CC(=O)Nc1nccc(-c2sc(CCCN)nc2-c2cccc(NS(=O)(=O)c3cc(F)ccc3F)c2F)n1,1,IC50,8.12,1,CHEMBL5197265
CCN(C)S(=O)(=O)Nc1cccc(-c2nc(C(C)(C)C)sc2-c2ccnc(N)n2)c1,1,IC50,7.92,1,CHEMBL5193921
OCCn1cc(-c2ccc3c(c2)CCC3=NO)c(-c2ccncc2)n1,1,IC50,9.89,8,CHEMBL2139930
Cc1ccc(NC(=O)c2cccc(C(F)(F)F)c2)cc1C#Cc1nn(C2CCN(C)CC2)c2ncnc(N)c12,1,IC50,8.3,3,CHEMBL4787515
O=C(Nc1ccc(Oc2ccc(C(=O)c3ncc[nH]3)cc2)cc1)Nc1ccc(C(F)(F)F)c(Cl)c1,1,IC50,7.07,1,CHEMBL5266767
O=S(=O)(Nc1ccc(F)c(Nc2ccccc2-c2ncnc3[nH]cnc23)c1F)c1ccoc1,1,IC50,8.7,2,CHEMBL5269949
CCCCN1CCN(Oc2cc3nccc(Oc4ccc(NS(=O)(=O)c5cc(F)ccc5F)cc4F)c3cc2OC)CC1,1,IC50,7.04,2,CHEMBL5289047
Cc1ccc(C(=O)Nc2ccc(Cl)c(C(F)(F)F)c2)cc1NC(=O)C1(c2ccnc(NCCN3CCN(C)CC3)n2)CC1,1,IC50,7.9,2,CHEMBL5271182
Cc1nn(-c2ccccc2)c(Cl)c1Nc1ccc(C(F)(F)F)cc1,1,IC50,7.18,1,CHEMBL5273657
COc1ccc(-n2cc(NC(=O)c3cccc(NC(=O)Nc4ccc(Cl)c(C(F)(F)F)c4)c3)cn2)cc1,1,IC50,7.46,2,CHEMBL5273436
Cc1ccc(C2=NN=C(NC(=S)Nc3ccc(Cl)cc3)SC2)cc1,1,IC50,6.75,1,CHEMBL5282749
O=C(Nc1ccc(Oc2ccc(C(=O)c3ncc[nH]3)cc2)cc1)Nc1ccc(Cl)c(C(F)(F)F)c1,1,IC50,7.07,2,CHEMBL5284834
Cc1nccn1-c1cc(C(=O)Nc2cccc(-c3cc(C(=O)OCCN4CCOCC4)[nH]n3)c2)cc(C(F)(F)F)c1,1,IC50,7.0,1,CHEMBL5284248
COC[C@@H]1C[C@H]2[C@@H]3CCc4cc(O)ccc4[C@H]3CC[C@]2(C)C1NN,1,IC50,7.39,1,CHEMBL5291404
CN(C)CCOc1ccc(-c2n/c(=c3\ccc4c(c3)CCC=4N=O)c(=C3C=CNC=C3)[nH]2)cc1,1,IC50,9.52,1,CHEMBL5271555
COc1cc(-c2nn(-c3ccc(NC(=O)CN4CCOCC4)cc3)cc2-c2ccncc2)ccc1Cl,1,IC50,8.53,2,CHEMBL5290203
Cn1ncc2c(Oc3ccc(NC(=O)Nc4ccc(Cl)c(C(F)(F)F)c4)cc3)ncnc21,1,IC50,7.63,2,CHEMBL5267814
CC(=O)Nc1cc(-c2sc(C3CCN(C4CC4)CC3)nc2-c2cccc(NS(=O)(=O)c3cc(F)ccc3F)c2F)ccn1,1,IC50,8.43,2,CHEMBL5283675
CCC[S+]([O-])Nc1ccc(F)c(Cc2c[nH]c3nc(N)n(C)c(=O)c23)c1F,1,IC50,7.3,2,CHEMBL5283013
Cc1nc(Nc2cccc(NC(=O)Nc3ccc(Cl)c(C(F)(F)F)c3)c2)cc(N2CCOCC2)n1,1,IC50,6.85,2,CHEMBL5269846
Cc1cnc2[nH]cc(C(=O)c3c(F)ccc(N[S+]([O-])C(C)C)c3F)c2c1,1,IC50,7.27,2,CHEMBL5269168
O=S(=O)(NCCCNc1nccc(-c2c(-c3cccc(F)c3)nc3occn23)n1)c1ccccc1,1,IC50,10.47,5,CHEMBL5289891
COc1ccc(-c2n[nH]c(/N=C/c3ccc(O)c(OC)c3)n2)cc1,1,IC50,6.16,1,CHEMBL5281074
OCCn1cc(-c2ccc3c(c2)CC/C3=N/O)c(-c2ccncc2)n1,1,IC50,10.0,3,CHEMBL5287468
CN(c1nc(-c2cnc(N)nc2)nc(N2CCOCC2)n1)C1CCN(C(=O)c2ccccc2)CC1,1,IC50,6.93,1,CHEMBL5287428
COc1cccc(-c2nn(-c3ccccc3)cc2-c2ccnc(NCCCNC(=O)Nc3ccc(Cl)c(Cl)c3)c2)c1,1,IC50,6.11,1,CHEMBL4642983
C=CC(=O)N1CCC(Oc2n[nH]c3ncc(-c4cn(-c5c(F)ccc(NS(=O)(=O)c6ccccc6)c5F)nn4)cc23)C1,1,IC50,6.61,1,CHEMBL5437385
COc1ccc(/C=C\c2cc(OC)c(OC)c(OC)c2)cc1NC(=O)CCC(=O)N[C@@H](CCCNC(=N)N)C(=O)O,0,IC50 (>),5.0,1,CHEMBL5440517
CCN(C)S(=O)(=O)Nc1ccc(F)c(C(=O)c2c[nH]c3ncc(-c4ccc(Cl)cc4)cc23)c1F,1,IC50,6.16,1,CHEMBL5401741
CC(C)(C#N)c1cccc(C(=O)Nc2ccc(F)c(C(=O)c3c[nH]c4ncc(Cl)cc34)c2F)c1,1,IC50,7.32,2,CHEMBL5440746
CC[C@@H]1CN(C(=O)NCC(F)(F)F)C[C@@H]1c1cnc2cnc3[nH]ccc3n12,0,IC50 (>),5.0,2,CHEMBL3622821
O=C(CSc1nc2sc3c(c2c(=O)n1-c1ccc(Cl)cc1)CCCC3)NNC(=O)Nc1cccc(C(F)(F)F)c1,1,IC50,7.15,4,CHEMBL5557132
O=C(CSc1nc2sc3c(c2c(=O)n1-c1ccc(Cl)cc1)CCCC3)NNC(=O)Nc1ccc(Cl)c(C(F)(F)F)c1,1,IC50,7.3,4,CHEMBL5518141
O=C(CSc1nc2ccccc2c(=O)n1-c1ccc(Cl)cc1)Nc1ccc(-c2nc3ccccc3[nH]2)cc1,1,IC50,8.7,2,CHEMBL5512465
COc1ccc(-n2c(SCC(=O)Nc3ccc(-c4nc5ccccc5[nH]4)cc3)nc3ccccc3c2=O)cc1,0,IC50 (>),4.0,1,CHEMBL5555499
NC(=O)CCn1cc(-c2ccc3ncnc(Nc4cc(O)c(F)cc4F)c3c2)nn1,1,IC50,7.29,4,CHEMBL5418423
Cc1ccc(NC(=O)N2CCO[C@H](C(F)(F)F)C2)cc1-c1cc(OCCO)nc(N2CCOCC2)c1,1,IC50,9.22,1,CHEMBL5565399
Cc1ccc(NC(=O)N2CCO[C@@H](C(F)(F)F)C2)cc1-c1cc(OCCO)nc(N2CCOCC2)c1,1,IC50,8.19,1,CHEMBL5563313
Cc1ccc(NC(=O)N2CC[C@@H](C(F)(F)F)C2)cc1-c1cc(OCCO)nc(N2CCOCC2)c1,1,IC50,8.34,1,CHEMBL5572210
Cc1ccc(NC(=O)N2CC[C@H](C(F)(F)F)C2)cc1-c1cc(OCCO)nc(N2CCOCC2)c1,1,IC50,8.8,1,CHEMBL5542253
Cc1ccc(NC(=O)N2CC[C@@H](CC(F)(F)F)C2)cc1-c1cc(OCCO)nc(N2CCOCC2)c1,1,IC50,8.72,1,CHEMBL5570335
Cc1ccc(NC(=O)N2CC[C@@H](CC(F)(F)F)C2)cc1-c1cc(OC[C@@H](C)O)nc(N2CCOCC2)c1,1,IC50,8.27,1,CHEMBL5594839
Cc1ccc(NC(=O)N2CC[C@@H](CC(F)(F)F)C2)cc1-c1cc(OCC(C)(C)O)nc(N2CCOCC2)c1,1,IC50,8.27,1,CHEMBL5575362
Cc1ccc(NC(=O)N2CC[C@@H](CC(F)(F)F)C2)cc1-c1cc(O[C@@H](C)CO)nc(N2CCOCC2)c1,1,IC50,8.3,1,CHEMBL5572440
Cc1ccc(NC(=O)N2CC[C@@H](CC(F)(F)F)C2)cc1-c1cc(O[C@H](C)CO)nc(N2CCOCC2)c1,1,IC50,8.25,1,CHEMBL5590216
Cc1ccc(NC(=O)N2CC[C@@H](CC(F)(F)F)C2)cc1-c1cc(N[C@H](C)CO)nc(N2CCOCC2)c1,1,IC50,8.46,1,CHEMBL5095099
C/C(=N\O)c1ccc(NC(=O)c2cc(-c3ccc(S(C)(=O)=O)cc3)nc3ccccc23)cc1,1,IC50,6.85,1,CHEMBL5569987
CCCS(=O)(=O)Nc1ccc(F)c(Oc2ccc3ncn(C)c(=O)c3c2)c1F,1,IC50,7.5,2,CHEMBL5572717
CCCS(=O)(=O)Nc1ccc(F)c(Sc2ccc3ncn(C)c(=O)c3c2)c1F,1,IC50,6.59,2,CHEMBL5572505
CCCS(=O)(=O)Nc1ccc(F)c(Nc2ccc3ncn(C)c(=O)c3c2C)c1Cl,1,IC50,8.19,8,CHEMBL5572318
CCCS(=O)(=O)Nc1ccc(F)c(Nc2ccc3ncn(C)c(=O)c3c2F)c1Cl,1,IC50,8.41,2,CHEMBL5573455
CCCS(=O)(=O)Nc1ccc(F)c(Nc2ccc3ncn(C)c(=O)c3c2Cl)c1Cl,1,IC50,8.68,2,CHEMBL5564820
CCCS(=O)(=O)Nc1ccc(F)c(Nc2ccc3ncn(C)c(=O)c3c2OC)c1Cl,1,IC50,6.8,2,CHEMBL5570852
CCCS(=O)(=O)Nc1ccc(F)c(Nc2ccc3ncn(CC)c(=O)c3c2C)c1Cl,1,IC50,8.44,4,CHEMBL5571735
CCCS(=O)(=O)Nc1ccc(F)c(Nc2ccc3ncn(C(C)C)c(=O)c3c2C)c1Cl,1,IC50,7.7,4,CHEMBL5591583
CCCS(=O)(=O)Nc1ccc(F)c(Nc2ccc3ncn(CC4CC4)c(=O)c3c2C)c1Cl,1,IC50,7.76,4,CHEMBL5572855
CCCS(=O)(=O)Nc1ccc(F)c(Nc2ccc3ncn(C4CC4)c(=O)c3c2C)c1Cl,1,IC50,7.93,4,CHEMBL5579698
Cc1c(Nc2c(F)ccc(NS(=O)(=O)CCCF)c2Cl)ccc2ncn(C)c(=O)c12,1,IC50,8.57,10,CHEMBL5095256
CCS(=O)(=O)Nc1ccc(F)c(Nc2ccc3ncn(C)c(=O)c3c2C)c1Cl,1,IC50,6.77,4,CHEMBL5569261
Cc1c(Nc2c(F)ccc(NS(=O)(=O)CC(C)C)c2Cl)ccc2ncn(C)c(=O)c12,1,IC50,7.29,4,CHEMBL5564615
Cc1c(Nc2c(F)ccc(NS(=O)(=O)CC3CC3)c2Cl)ccc2ncn(C)c(=O)c12,1,IC50,7.34,4,CHEMBL5564932
CCC(C)S(=O)(=O)Nc1ccc(F)c(Nc2ccc3ncn(C)c(=O)c3c2C)c1Cl,1,IC50,7.11,4,CHEMBL5592701
Cc1c(Nc2c(F)ccc(NS(=O)(=O)C3CC3)c2Cl)ccc2ncn(C)c(=O)c12,1,IC50,6.85,2,CHEMBL5563407
Cc1ccc(NC(=O)c2cccc(C(F)(F)F)c2)cc1-n1cc(-c2cncc(N3CCOCC3)c2)cn1,1,IC50,8.23,2,CHEMBL5591160
C[C@@H](NC(=O)c1ncnc(N)c1Cl)c1ncc(C(=O)Nc2cc(C(F)(F)F)c(Cl)cn2)s1,1,IC50,7.03,2,CHEMBL3348923
CCCS(=O)(=O)Nc1cc(F)c(F)c(Nc2ccc3ncn(C)c(=O)c3c2C)c1Cl,1,IC50,9.47,6,CHEMBL5583891
O=C1CCc2c(Oc3ccc4c(c3)[C@H]3[C@H](NC(=O)Nc5ccccc5F)[C@H]3O4)ccnc2N1,1,IC50,10.18,1,CHEMBL5591799
O=S(=O)(NCCCNc1nccc(-c2c(-c3cccc(O)c3)nc3sccn23)n1)c1ccc(F)cc1,1,IC50,9.01,3,CHEMBL5595255
CNS(=O)(=O)Nc1cccc(Cn2cnc3c(F)c(Nc4ccc(C5CC5)cc4F)c(C(=O)NOCCO)cc32)c1,1,IC50,8.3,1,CHEMBL5597586
CCNS(=O)(=O)Nc1cccc(Cn2cnc3c(F)c(Nc4ccc(C5CC5)cc4F)c(C(=O)NOCCO)cc32)c1,1,IC50,8.15,1,CHEMBL5596257
CNS(=O)(=O)Nc1cccc(Cn2cnc3c(F)c(Nc4ccc(C5CC5)cc4F)c(C(=O)NOCCO)cc32)c1F,1,IC50,8.4,1,CHEMBL5597799
CCNS(=O)(=O)Nc1cccc(Cn2cnc3c(F)c(Nc4ccc(C5CC5)cc4F)c(C(=O)NOCCO)cc32)c1F,1,IC50,8.52,1,CHEMBL5597316
CNS(=O)(=O)Nc1cccc(Cn2cnc3c(F)c(Nc4ccc(I)cc4F)c(C(=O)NOCCO)cc32)c1F,1,IC50,8.4,1,CHEMBL5596553
CC(C)(C)c1nc(-c2cccc(NS(=O)(=O)c3c(F)cccc3F)c2F)c(-c2ccnc(NCCCCCCC(=O)NO)n2)s1,1,IC50,8.77,3,CHEMBL5618301
O=C(CCCCCCNc1nccc(-c2sc(-c3ccccc3)nc2-c2cccc(NS(=O)(=O)c3c(F)cccc3F)c2F)n1)NO,1,IC50,8.77,2,CHEMBL5618517
COc1ccc(-c2c(C#N)c(N)nc3sc(C(N)=O)c(N)c23)cc1OC,0,IC50,4.54,1,CHEMBL5619316
Cn1cc(-c2cccc(NC(=O)c3cc4c(nc3O[C@H]3C[C@@H](O)C3)OC(C)(C)C4)n2)cn1,0,IC50,4.59,1,CHEMBL5633185
N#Cc1c(-c2ccc(Cl)cc2Cl)cc(-c2c[nH]c3ccccc23)[nH]c1=O,1,IC50,7.08,2,CHEMBL5631610
CNC(=O)Nc1ccc2c(c1)CC[C@@]21OC(=O)N(CC(=O)N(Cc2ccc(F)cc2)[C@@H](C)C(F)(F)F)C1=O,0,IC50 (>),5.0,1,CHEMBL4282264
CCOc1cc(N2CCC(O)CC2)ccc1Nc1ncc2c(n1)N(C)c1ccccc1C(=O)N2C,0,IC50 (>),4.3,2,CHEMBL1673046
Cc1cn(CCN2CCN(c3ccccc3-c3cc(C#N)cc(C(=O)NCCCN4CCCC4)c3)CC2)c2ccccc12,0,IC50 (>),4.7,2,CHEMBL3414623
CCN1CCN(Cc2ccc(NC(=O)c3ccc(C)c(Oc4ccnc5[nH]ccc45)c3)cc2C(F)(F)F)CC1,0,IC50 (>),5.0,1,CHEMBL4125960
CCN1CCN(Cc2ccc(NC(=O)c3ccc(C)c(/C=C/c4cnc5[nH]ccc5c4OC)c3)cc2C(F)(F)F)CC1,0,IC50 (>),5.0,1,CHEMBL5705847
Cc1ccc(C(=O)Nc2cccc(C(F)(F)F)c2)cc1-c1cc(N2CCOCC2)nc(N2CCS(=O)(=O)CC2)n1,1,IC50,9.08,6,CHEMBL6051951
Cc1ccc(NC(=O)c2ccnc(C(C)(C)C)c2)cc1-c1cc(N2CCOCC2)nc(N2CCOCC2)n1,1,IC50,8.73,4,CHEMBL5764308
Cc1ccc(NC(=O)c2cccc(C(F)(F)F)c2)cc1-c1cc(OCc2ccccc2)cc(N2CCOCC2)n1,1,IC50,8.17,2,CHEMBL5766192
Cc1ccc(NC(=O)c2cccc(C(F)(F)F)c2)cc1-c1cc(N2CCS(=O)(=O)CC2)nc(N2CCOCC2)n1,1,IC50,8.89,2,CHEMBL3974358
Cc1ccc(C(=O)Nc2cccc(C(F)(F)F)c2)cc1-c1cc(N2CCOCC2)ccn1,1,IC50,9.05,2,CHEMBL3910602
Cc1ccc(NC(=O)c2cccc(C(F)(F)F)c2)cc1-c1cc(N2CCOCC2)cc(N)n1,1,IC50,9.22,2,CHEMBL5910956
Cc1ccc(NC(=O)c2cccc(C(F)(F)F)c2)cc1-c1cc(N2CCOCC2)ccn1,1,IC50,9.3,2,CHEMBL3898852
Cc1ccc(NC(=O)c2cccc(C(F)(F)F)c2)cc1-c1cn(C)c(=O)c(N2CCOCC2)n1,1,IC50,9.4,2,CHEMBL3945337
Cc1ccc(NC(=O)c2cccc(C(F)(F)F)c2)cc1-c1cnc(N2CCOCC2)s1,1,IC50,9.1,2,CHEMBL3942386
Cc1ccc(NC(=O)c2cccc(C(F)(F)F)c2)cc1-c1csc(N2CCOCC2)n1,1,IC50,8.44,2,CHEMBL3951901
Cc1ncc(NC(=O)c2cccc(C(F)(F)F)c2)cc1-c1cnc(C#N)c(N2CCOCC2)c1,1,IC50,8.42,2,CHEMBL5758836
Cc1ccc(NC(=O)c2ccnc(C(C)(C)C#N)c2)cc1-c1cnc(OC(F)F)c(N2CCOCC2)c1,1,IC50,8.66,2,CHEMBL5952429
Cc1ncc(NC(=O)c2cccc(C(F)(F)F)c2)cc1-c1cnc(OC(F)F)c(N2CCOCC2)c1,1,IC50,8.57,2,CHEMBL6063584
Cc1ncc(NC(=O)c2ccnc(C(C)(C)C#N)c2)cc1-c1cnc(OC(F)F)c(N2CCOCC2)c1,1,IC50,7.92,2,CHEMBL5880071
Cc1ccc(NC(=O)c2ccnc(C(C)(C)O)c2)cc1-c1cnc(OC(F)F)c(N2CCOCC2)c1,1,IC50,8.72,2,CHEMBL5757553
Cc1ncc(NC(=O)c2cccc(C(F)(F)F)c2)cc1-c1cnc(OCC(F)F)c(N2CCOCC2)c1,1,IC50,8.74,2,CHEMBL5743945
Cc1ncc(NC(=O)c2ccnc(C(C)(C)C#N)c2)cc1-c1cnc(OCC(F)F)c(N2CCOCC2)c1,1,IC50,8.33,2,CHEMBL6027376
CCOc1ncc(-c2cc(NC(=O)c3cccc(S(C)(=O)=O)c3)ccc2C)cc1N1CCOCC1,1,IC50,9.15,2,CHEMBL5855834
CCOc1ncc(-c2cc(NC(=O)c3cccc(-c4nnco4)c3)ccc2C)cc1N1CCOCC1,1,IC50,8.85,2,CHEMBL6038394
CCOc1ncc(-c2cc(NC(=O)c3cccc(C(F)F)c3)ccc2C)cc1N1CCOCC1,1,IC50,9.4,2,CHEMBL5941581
CCOc1ncc(-c2cc(NC(=O)c3ccnc(S(C)(=O)=O)c3)ccc2C)cc1N1CCOCC1,1,IC50,9.1,2,CHEMBL5745894
CCOc1ncc(-c2cc(NC(=O)c3ccnc(C(C)(F)F)c3)ccc2C)cc1N1CCOCC1,1,IC50,9.22,2,CHEMBL5749263
CCOc1ncc(-c2cc(NC(=O)c3cc(C(F)(F)F)c(=O)n(CC)c3)ccc2C)cc1N1CCOCC1,1,IC50,9.0,2,CHEMBL5939086
CCOc1ncc(-c2cc(NC(=O)c3ccnc(C(C)(C)O)c3)ccc2C)cc1N1CCOCC1,1,IC50,8.8,2,CHEMBL5909222
CCOc1ncc(-c2cc(NC(=O)c3ccnc(C(F)F)c3)ccc2C)cc1N1CCOCC1,1,IC50,9.4,2,CHEMBL5839997
CCOc1ncc(-c2cc(C(=O)Nc3cccc(S(C)(=O)=O)c3)ccc2C)cc1N1CCOCC1,1,IC50,9.05,2,CHEMBL5849024
CCOc1ncc(-c2cc(NC(=O)c3ccnc(C(C)(C)C#N)c3)cnc2C)cc1N1CCOCC1,1,IC50,8.25,2,CHEMBL5903021
CCOc1ncc(-c2cc(NC(=O)c3ccnc(C(C)(C)O)c3)cnc2C)cc1N1CCOCC1,1,IC50,7.82,2,CHEMBL6062459
CCOc1ncc(-c2cc(NC(=O)c3cc(C(F)(F)F)c(=O)n(CC)c3)cnc2C)cc1N1CCOCC1,1,IC50,8.24,2,CHEMBL5936931
CCOc1ncc(-c2cc(NC(=O)c3cccc(S(C)(=O)=O)c3)cnc2C)cc1N1CCOCC1,1,IC50,8.41,2,CHEMBL5834724
CCOc1ncc(-c2cc(NC(=O)c3ccnc(S(C)(=O)=O)c3)cnc2C)cc1N1CCOCC1,1,IC50,8.28,2,CHEMBL5956641
CCOc1ncc(-c2cc(NC(=O)c3cccc(-c4nnco4)c3)cnc2C)cc1N1CCOCC1,1,IC50,8.12,2,CHEMBL5801798
CCOc1ncc(-c2cc(NC(=O)c3cc(C4CC4)on3)cnc2C)cc1N1CCOCC1,1,IC50,8.89,2,CHEMBL6017507
CCOc1ncc(-c2cc(NC(=O)c3ccnc(C(F)(F)F)c3)cnc2C)cc1N1CCOCC1,1,IC50,8.92,2,CHEMBL5771754
CCOc1ncc(-c2cc(NC(=O)c3ccnc(C(F)F)c3)cnc2C)cc1N1CCOCC1,1,IC50,8.96,2,CHEMBL5770570
CCOc1ncc(-c2cc(NC(=O)c3cccc(C(F)(F)F)c3)cnc2C)cc1N1CCOCC1,1,IC50,8.92,2,CHEMBL5938558
Cc1ncc(NC(=O)c2cc(CN(C)C)cc(C(F)(F)F)c2)cc1-c1cnc(C#N)c(N2CCOCC2)c1,1,IC50,7.44,2,CHEMBL5870157
Cc1ncc(NC(=O)c2ccnc(C(C)(F)F)c2)cc1-c1cnc(C#N)c(N2CCOCC2)c1,1,IC50,8.51,2,CHEMBL5982905
Cc1ncc(NC(=O)c2ccnc(C(C)C)c2)cc1-c1cnc(C#N)c(N2CCOCC2)c1,1,IC50,8.51,2,CHEMBL6025476
CCOc1ncc(-c2cc(NC(=O)c3ccnc(C(C)C)c3)cnc2C)cc1N1CCOCC1,1,IC50,8.51,2,CHEMBL5852397
CCOc1ncc(-c2cc(NC(=O)c3ccnc(C(C)(C)F)c3)cnc2C)cc1N1CCOCC1,1,IC50,8.59,2,CHEMBL5743077
CCOc1ncc(-c2cc(NC(=O)c3ccnc(C4CC4)c3)cnc2C)cc1N1CCOCC1,1,IC50,8.74,2,CHEMBL5808431
CCOc1ncc(-c2cc(NC(=O)c3ccnc(C4COC4)c3)cnc2C)cc1N1CCOCC1,1,IC50,8.25,2,CHEMBL5884840
C=C(C)c1ccc(F)c(NC(=O)c2ccc(C)c(-c3cnc(OCC)c(N4CCOCC4)c3)c2)c1,1,IC50,8.74,2,CHEMBL6053261
CCOc1ncc(-c2cc(NC(=O)c3cc(N4CCN(CC)CC4)cc(C(F)(F)F)c3)cnc2C)cc1N1CCOCC1,1,IC50,8.0,2,CHEMBL5879319
CCOc1ncc(-c2cc(NC(=O)c3cc(CN(C)C)cc(C(F)(F)F)c3)cnc2C)cc1N1CCOCC1,1,IC50,8.08,2,CHEMBL5956971
CCOc1ncc(-c2cc(NC(=O)c3cnnc(C(F)(F)F)c3)cnc2C)cc1N1CCOCC1,1,IC50,8.51,2,CHEMBL5784152
COc1ncc(-c2cc(NC(=O)c3ccnc(C4(C#N)CC4)c3)cnc2Cl)cc1N1CCOCC1,1,IC50,8.54,2,CHEMBL5868357
COc1ncc(-c2cc(NC(=O)c3ccnc(C(C)(F)F)c3)cnc2Cl)cc1N1CCOCC1,1,IC50,8.74,2,CHEMBL5773384
COc1ncc(-c2cc(NC(=O)c3ccnc(C(C)(C)F)c3)cnc2Cl)cc1N1CCOCC1,1,IC50,8.47,2,CHEMBL6055307
COc1ncc(-c2cc(NC(=O)c3cnnc(C(F)(F)F)c3)cnc2Cl)cc1N1CCOCC1,1,IC50,8.05,2,CHEMBL5833172
COc1ncc(-c2cc(NC(=O)c3ccnc(C(C)(C)C#N)c3)cnc2Cl)cc1N1CCOCC1,1,IC50,8.07,2,CHEMBL5863577
Cc1ncc(NC(=O)c2ccnc(C(C)(C)C#N)c2)cc1-c1cnc(N(C)C)c(N2CCOCC2)c1,1,IC50,8.35,2,CHEMBL5884778
Cc1ncc(NC(=O)c2ccnc(C3(C#N)CC3)c2)cc1-c1cnc(N(C)C)c(N2CCOCC2)c1,1,IC50,8.72,2,CHEMBL6008048
Cc1ncc(NC(=O)c2ccnc(C(C)(F)F)c2)cc1-c1cnc(N(C)C)c(N2CCOCC2)c1,1,IC50,8.96,2,CHEMBL5822253
Cc1ncc(NC(=O)c2ccnc(C(C)(C)F)c2)cc1-c1cnc(N(C)C)c(N2CCOCC2)c1,1,IC50,8.8,2,CHEMBL6013302
Cc1ncc(NC(=O)c2cc(CN(C)C)cc(C(F)(F)F)c2)cc1-c1cnc(N(C)C)c(N2CCOCC2)c1,1,IC50,8.62,2,CHEMBL5875587
Cc1ncc(NC(=O)c2cnnc(C(F)(F)F)c2)cc1-c1cnc(N(C)C)c(N2CCOCC2)c1,1,IC50,9.3,2,CHEMBL5924237
Cc1ncc(NC(=O)c2cnnc(C3CC3)c2)cc1-c1cnc(N(C)C)c(N2CCOCC2)c1,1,IC50,9.15,2,CHEMBL5823052
Cc1ncc(NC(=O)c2ccnc(C(C)(C)C#N)c2)cc1-c1cnc(OC2CCOCC2)c(N2CCOCC2)c1,1,IC50,8.2,2,CHEMBL5901851
Cc1ncc(NC(=O)c2ccnc(C(C)(C)F)c2)cc1-c1cnc(OC2CCOCC2)c(N2CCOCC2)c1,1,IC50,8.57,2,CHEMBL5741335
Cc1ccc(NC(=O)c2ccnc(S(C)(=O)=O)c2)cc1-c1cnc(OC2CCOCC2)c(N2CCOCC2)c1,1,IC50,9.1,2,CHEMBL5783101
Cc1ccc(NC(=O)c2cnnc(C(F)(F)F)c2)cc1-c1cnc(OC2CCOCC2)c(N2CCOCC2)c1,1,IC50,9.3,2,CHEMBL6001952
Cc1ccc(NC(=O)c2cnnc(C3CC3)c2)cc1-c1cnc(OC2CCOCC2)c(N2CCOCC2)c1,1,IC50,9.4,2,CHEMBL5795575
Cc1ccc(NC(=O)c2ccnc(C(C)(C)O)c2)cc1-c1cnc(OC2CCOCC2)c(N2CCOCC2)c1,1,IC50,9.0,2,CHEMBL5794252
Cc1ncc(NC(=O)c2ccnc(C(F)(F)F)c2)cc1-c1cnc(OC2CCOCC2)c(N2C3CCC2COC3)c1,1,IC50,8.08,2,CHEMBL5953894
CCOc1ncc(-c2cc(NC(=O)c3cnnc(C(F)(F)F)c3)ccc2C)cc1N1CCOCC1,1,IC50,8.96,2,CHEMBL5963586
COc1ncc(-c2cc(NC(=O)c3ccnc(C(C)(C)F)c3)cnc2C)cc1N1CCOCC1,1,IC50,8.2,2,CHEMBL5815543
CCOc1ncc(-c2cc(NC(=O)c3cnnc(C(F)(F)F)c3)cnc2C)cc1N1C2CCC1COC2,1,IC50,7.28,2,CHEMBL5962820
COc1ncc(-c2cc(NC(=O)c3ccnc(C4(C#N)CC4)c3)cnc2C)cc1N1CCOCC1,1,IC50,8.22,2,CHEMBL5805337
CCOc1ncc(-c2cc(NC(=O)c3cnnc(C(C)(C)C#N)c3)ccc2C)cc1N1CCOCC1,1,IC50,8.96,2,CHEMBL5915000
CCOc1ncc(-c2cc(NC(=O)c3cnnc(C(F)(F)F)c3)cnc2C)cc1N1CCOC[C@H]1C,1,IC50,6.7,2,CHEMBL5860134
CCOc1ncc(-c2cc(NC(=O)c3cnnc(C(F)(F)F)c3)cnc2C)cc1N1CCOC[C@@H]1C,1,IC50,6.7,2,CHEMBL5933618
CCOc1ncc(-c2cc(NC(=O)c3cnnc(C(C)(C)C#N)c3)cnc2C)cc1N1CCOCC1,1,IC50,7.78,2,CHEMBL5978592
Cc1ncc(NC(=O)c2ccnc(C3(C#N)CC3)c2)cc1-c1cnc(Cl)c(N2CCOCC2)c1,1,IC50,8.22,2,CHEMBL6007991
Cc1ncc(NC(=O)c2ccnc(C(C)(C)C#N)c2)cc1-c1cnc(Cl)c(N2CCOCC2)c1,1,IC50,7.81,2,CHEMBL5845945
Cc1ncc(NC(=O)c2ccnc(C(C)(C)F)c2)cc1-c1cnc(Cl)c(N2CCOCC2)c1,1,IC50,8.22,2,CHEMBL5779797
Cc1ncc(NC(=O)c2ccnc(C(F)(F)F)c2)cc1-c1cnc(Cl)c(N2CCOCC2)c1,1,IC50,8.64,2,CHEMBL5839109
Cc1ncc(NC(=O)c2cnnc(C(F)(F)F)c2)cc1-c1cnc(Cl)c(N2CCOCC2)c1,1,IC50,8.42,2,CHEMBL5747350
Cc1ncc(NC(=O)c2cnnc(C(C)(C)C#N)c2)cc1-c1cnc(Cl)c(N2CCOCC2)c1,1,IC50,7.5,2,CHEMBL5956754
Cc1ncc(NC(=O)c2ccnc(C(C)(C)F)c2)cc1-c1cncc(N2CCOCC2)c1,1,IC50,7.97,2,CHEMBL5880134
Cc1ncc(NC(=O)c2ccnc(C(F)(F)F)c2)cc1-c1cncc(N2CCOCC2)c1,1,IC50,8.44,2,CHEMBL5938073
Cc1ncc(NC(=O)c2cnnc(C(C)(C)C#N)c2)cc1-c1cncc(N2CCOCC2)c1,1,IC50,7.61,2,CHEMBL5821479
Cc1ncc(NC(=O)c2ccnc(C(C)(C)C#N)c2)cc1-c1cncc(N2CCOCC2)c1,1,IC50,7.73,2,CHEMBL5891553
Cc1ncc(NC(=O)c2ccnc(C(C)(C)F)c2)cc1-c1cnc(F)c(N2CCOCC2)c1,1,IC50,8.41,2,CHEMBL5900765
Cc1ncc(NC(=O)c2ccnc(C(C)(C)F)c2)cc1-c1cnc(OCCO)c(N2CCOCC2)c1,1,IC50,8.16,2,CHEMBL5824494
Cc1ncc(NC(=O)c2ccnc(C(C)(C)C#N)c2)cc1-c1cnc(OCCO)c(N2CCOCC2)c1,1,IC50,7.84,2,CHEMBL5767544
Cc1ncc(NC(=O)c2cc(C(F)(F)F)ccn2)cc1-c1cnc(OCCO)c(N2CCOCC2)c1,1,IC50,8.49,2,CHEMBL5768968
Cc1ccc(NC(=O)c2cnnc(C3(C#N)CC3)c2)cc1-c1cnc(OC2CCOCC2)c(N2CCOCC2)c1,1,IC50,9.22,2,CHEMBL5845373
CCOc1ncc(-c2cc(NC(=O)c3cnnc(C(C)(C)C#N)c3)cnc2C)cc1N1CCOC[C@H]1C,1,IC50,7.0,2,CHEMBL5831591
CCOc1ncc(-c2cc(NC(=O)c3cnnc(C(C)(C)F)c3)ccc2C)cc1N1CCOCC1,1,IC50,9.05,2,CHEMBL5861328
CCOc1ncc(-c2cc(C(=O)Nc3ccnc(C(F)(F)F)c3)ccc2C)cc1N1CCOCC1,1,IC50,8.96,2,CHEMBL5990063
Cc1ncc(NC(=O)c2cccc(C(F)(F)F)c2)cc1-c1cnc(N(C)C)c(N2CCOCC2)c1,1,IC50,9.22,2,CHEMBL5829780
Cc1ncc(NC(=O)c2ccnc(C(C)C)c2)cc1-c1cnc(N(C)C)c(N2CCOCC2)c1,1,IC50,9.1,2,CHEMBL5932347
Cc1ncc(NC(=O)c2cccc(C(F)(F)F)c2)cc1-c1cnc(OC2CCOCC2)c(N2CCOCC2=O)c1,1,IC50,8.04,2,CHEMBL6001249
Cc1ncc(NC(=O)c2cccc(C(F)(F)F)c2)cc1-c1cnc(O[C@H]2CCOC2)c(N2CCOCC2)c1,1,IC50,8.74,2,CHEMBL5806910
Cc1ncc(NC(=O)c2cccc(C(F)(F)F)c2)cc1-c1cnc(O[C@@H]2CCOC2)c(N2CCOCC2)c1,1,IC50,8.62,2,CHEMBL5935394
COCCOc1ncc(-c2cc(NC(=O)c3cccc(C(F)(F)F)c3)cnc2C)cc1N1CCOCC1,1,IC50,8.4,2,CHEMBL5741163
Cc1ncc(NC(=O)c2ccnc(C(C)C)c2)cc1-c1cnc(OC2CCOCC2)c(N2CCOCC2)c1,1,IC50,8.15,2,CHEMBL5961759
Cc1ncc(NC(=O)c2ccnc(C(F)(F)F)c2)cc1-c1cnc(OC2CCOCC2)c(N2CCOCC2)c1,1,IC50,8.22,2,CHEMBL6032114
Cc1ncc(NC(=O)c2cccc(C(F)(F)F)c2)cc1-c1cnc(OC2COC2)c(N2CCOCC2)c1,1,IC50,9.1,2,CHEMBL5993855
Cc1ncc(NC(=O)c2cccc(C(F)(F)F)c2)cc1-c1cnc(OC2CCCC(O)C2)c(N2CCOCC2)c1,1,IC50,8.77,2,CHEMBL5892881
Cc1ncc(NC(=O)c2cccc(C(F)(F)F)c2)cc1-c1cnc(OC2CN(C)C2)c(N2CCOCC2)c1,1,IC50,7.61,2,CHEMBL5930379
Cc1ncc(NC(=O)c2cccc(C(F)(F)F)c2)cc1-c1cnc(OC2CC3(COC3)C2)c(N2CCOCC2)c1,1,IC50,8.96,2,CHEMBL5764803
COc1ncc(-c2cc(NC(=O)c3ccnc(C(C)C)c3)cnc2C)cc1N1CCOCC1,1,IC50,7.89,2,CHEMBL5935389
COc1ncc(-c2cc(NC(=O)c3ccnc(C(F)(F)F)c3)cnc2C)cc1N1CCOCC1,1,IC50,8.13,2,CHEMBL5864730
Cc1ncc(NC(=O)c2cccc(C(F)(F)F)c2)cc1-c1cnc(OC2CNC2)c(N2CCOCC2)c1,1,IC50,6.52,1,CHEMBL5903336
Cc1ncc(NC(=O)c2cccc(C(F)(F)F)c2)cc1-c1cnc(C(C)(C)C#N)c(N2CCOCC2)c1,1,IC50,8.43,1,CHEMBL5842679
Cc1ncc(NC(=O)c2cccc(C(F)(F)F)c2)cc1-c1cnc(CS(C)(=O)=O)c(N2CCOCC2)c1,1,IC50,8.41,1,CHEMBL5747286
Cc1ncc(N(C)C(=O)c2cccc(C(F)(F)F)c2)cc1-c1cnc(OC2CCOCC2)c(N2CCOCC2)c1,1,IC50,7.21,2,CHEMBL5845607
CCn1cc(-c2cc(NC(=O)c3ccnc(C(C)(C)C#N)c3)cnc2C)cc(N2CCOCC2)c1=O,1,IC50,7.64,2,CHEMBL5894724
Cc1ncc(NC(=O)c2cccc(C(F)(F)F)c2)cc1-c1cc(N2CCOCC2)c(=O)n(CCC#N)c1,1,IC50,7.96,2,CHEMBL5855296
Cc1ccc(NC(=O)c2ccnc(C(C)(F)F)c2)cc1-c1cc(N2CCOCC2)c(=O)n(CCC#N)c1,1,IC50,8.64,2,CHEMBL5837121
Cc1ccc(NC(=O)c2ccnc(C(C)(C)C#N)c2)cc1-c1cc(N2CCOCC2)c(=O)n(CCC#N)c1,1,IC50,8.36,2,CHEMBL5893697
Cc1ccc(NC(=O)c2cccc(C(F)F)c2)cc1-c1cc(N2CCOCC2)c(=O)n(CCC#N)c1,1,IC50,8.26,2,CHEMBL5802672
Cc1ccc(NC(=O)c2cccc(C(F)(F)F)c2)cc1-c1cc(N2CCOCC2)c(=O)n(CC2(C)COC2)c1,1,IC50,7.9,2,CHEMBL5768774
COc1ccc(C(=O)Nc2ccc(C)c(-c3cc(N4CCOCC4)c(=O)n(C)c3)c2)cc1C(F)(F)F,1,IC50,8.74,2,CHEMBL5771321
Cc1ccc(NC(=O)c2cccc(OC(F)(F)F)c2)cc1-c1cc(N2CCOCC2)c(=O)n(C)c1,1,IC50,7.44,2,CHEMBL5753682
CCC(F)(F)c1cc(C(=O)Nc2ccc(C)c(-c3cc(N4CCOCC4)c(=O)n(C)c3)c2)ccn1,1,IC50,8.7,2,CHEMBL5818526
CCOc1cc(C(=O)Nc2ccc(C)c(-c3cc(N4CCOCC4)c(=O)n(C)c3)c2)ccc1F,1,IC50,8.51,2,CHEMBL5795248
Cc1ccc(NC(=O)c2cccc(OC(C)C)c2)cc1-c1cc(N2CCOCC2)c(=O)n(C)c1,1,IC50,8.8,2,CHEMBL5784251
Cc1ccc(NC(=O)c2cccc(C3(C#N)CC3)c2Cl)cc1-c1cc(N2CCOCC2)c(=O)n(C)c1,1,IC50,8.06,2,CHEMBL5896083
Cc1ccc(NC(=O)c2ccccc2)cc1-c1cc(N2CCOCC2)c(=O)n(C)c1,1,IC50,7.73,2,CHEMBL5857015
Cc1ccc(NC(=O)c2ccnc(C(C)C)c2)cc1-c1cc(N2CCOCC2)c(=O)n(C)c1,1,IC50,8.57,2,CHEMBL5829648
Cc1ccc(NC(=O)c2cccc(-c3nnco3)c2)cc1-c1cc(N2CCOCC2)c(=O)n(C)c1,1,IC50,8.21,2,CHEMBL5781090
Cc1ccc(NC(=O)c2ccnc(C(C)(C)O)c2)cc1-c1cc(N2CCOCC2)c(=O)n(C)c1,1,IC50,8.46,2,CHEMBL5989419
Cc1ccc(NC(=O)c2cccc(C(C)(C)S(C)(=O)=O)c2)cc1-c1cc(N2CCOCC2)c(=O)n(C)c1,1,IC50,7.71,2,CHEMBL5927732
Cc1ccc(NC(=O)c2cccc(C3COC3)c2)cc1-c1cc(N2CCOCC2)c(=O)n(C)c1,1,IC50,8.66,2,CHEMBL5955471
CCc1cc(C(=O)Nc2ccc(C)c(-c3cc(N4CCOCC4)c(=O)n(C)c3)c2)ccn1,1,IC50,8.92,2,CHEMBL5955675
Cc1ccc(NC(=O)c2ccnc(C3CC3)c2)cc1-c1cc(N2CCOCC2)c(=O)n(C)c1,1,IC50,9.0,2,CHEMBL5950097
Cc1ccc(NC(=O)c2ccnc(C(C)(C)F)c2)cc1-c1cc(N2CCOCC2)c(=O)n(C)c1,1,IC50,8.6,2,CHEMBL5982764
Cc1ccc(NC(=O)c2ccnc(C3COC3)c2)cc1-c1cc(N2CCOCC2)c(=O)n(C)c1,1,IC50,8.41,2,CHEMBL5916820
Cc1ccc(NC(=O)c2ccnc(C3(C#N)CC3)c2)cc1-c1cc(N2CCOCC2)c(=O)n(C)c1,1,IC50,8.47,2,CHEMBL5913133
Cc1ccc(NC(=O)c2cccc(CC#N)c2)cc1-c1cc(N2CCOCC2)c(=O)n(C)c1,1,IC50,8.26,2,CHEMBL5943475
Cc1ccc(NC(=O)c2cnnc(C(C)(C)C#N)c2)cc1-c1cc(N2CCOCC2)c(=O)n(C)c1,1,IC50,8.22,2,CHEMBL5866896
Cc1ccc(NC(=O)c2cnnc(C(F)(F)F)c2)cc1-c1cc(N2CCOCC2)c(=O)n(C)c1,1,IC50,8.55,2,CHEMBL5779771
Cc1ccc(NC(=O)c2cnnc(C3CC3)c2)cc1-c1cc(N2CCOCC2)c(=O)n(C)c1,1,IC50,8.54,2,CHEMBL5801803
Cc1ccc(NC(=O)c2cnnc(C(C)(C)F)c2)cc1-c1cc(N2CCOCC2)c(=O)n(C)c1,1,IC50,8.42,2,CHEMBL5977672
Cc1ccc(NC(=O)c2cc(C(F)(F)F)ccn2)cc1-c1cc(N2CCOCC2)c(=O)n(C)c1,1,IC50,8.68,2,CHEMBL5801064
CCn1cc(C(=O)Nc2ccc(C)c(-c3cc(N4CCOCC4)c(=O)n(C)c3)c2)c(C)n1,1,IC50,7.07,2,CHEMBL5852272
Cc1ccc(NC(=O)c2cn(C)nc2C)cc1-c1cc(N2CCOCC2)c(=O)n(C)c1,1,IC50,7.0,2,CHEMBL5972899
Cc1ccc(NC(=O)c2cn(C(C)C)nc2C)cc1-c1cc(N2CCOCC2)c(=O)n(C)c1,1,IC50,7.89,1,CHEMBL6065533
Cc1ccc(NC(=O)c2cc(C3CC3)nn2C)cc1-c1cc(N2CCOCC2)c(=O)n(C)c1,1,IC50,7.92,2,CHEMBL5877400
Cc1ccc(NC(=O)c2cc(C(F)(F)F)nn2C)cc1-c1cc(N2CCOCC2)c(=O)n(C)c1,1,IC50,7.28,2,CHEMBL5848076
Cc1ccc(NC(=O)c2cc(C(C)C)on2)cc1-c1cc(N2CCOCC2)c(=O)n(C)c1,1,IC50,9.1,2,CHEMBL5904637
Cc1ccc(NC(=O)c2cc(C3CC3)on2)cc1-c1cc(N2CCOCC2)c(=O)n(C)c1,1,IC50,9.15,2,CHEMBL6004508
Cc1nn(C(C)C)cc1C(=O)Nc1cnc(C)c(-c2cc(N3CCOCC3)c(=O)n(C)c2)c1,1,IC50,6.7,2,CHEMBL6060335
Cc1ncc(NC(=O)c2cc(C3CC3)nn2C)cc1-c1cc(N2CCOCC2)c(=O)n(C)c1,1,IC50,6.7,2,CHEMBL6020899
Cc1ncc(NC(=O)c2cc(C(C)C)on2)cc1-c1cc(N2CCOCC2)c(=O)n(C)c1,1,IC50,8.23,2,CHEMBL5909049
Cc1ncc(NC(=O)c2cc(C3CC3)on2)cc1-c1cc(N2CCOCC2)c(=O)n(C)c1,1,IC50,7.9,2,CHEMBL5986229
Cc1cc(C(=O)Nc2ccc(C)c(-c3cc(N4CCOCC4)c(=O)n(C)c3)c2)n(C)n1,1,IC50,7.0,2,CHEMBL5915422
Cc1ncc(NC(=O)c2cc(C(F)(F)F)nn2C)cc1-c1cc(N2CCOCC2)c(=O)n(C)c1,1,IC50,6.05,2,CHEMBL6012084
Cc1ncc(NC(=O)c2cccc(C(C)(C)C#N)c2)cc1-c1cc(N2CCOCC2)c(=O)n(C)c1,1,IC50,7.19,2,CHEMBL5984164
Cc1ncc(NC(=O)c2ccnc(C(F)(F)F)c2)cc1-c1cc(N2CCOCC2)c(=O)n(C)c1,1,IC50,8.27,2,CHEMBL4062317
Cc1ncc(NC(=O)c2ccnc(C(C)(F)F)c2)cc1-c1cc(N2CCOCC2)c(=O)n(C)c1,1,IC50,7.92,2,CHEMBL5749068
Cc1ncc(NC(=O)c2ccnc(C(F)F)c2)cc1-c1cc(N2CCOCC2)c(=O)n(C)c1,1,IC50,7.82,2,CHEMBL5746123
Cc1ncc(NC(=O)c2cccc(C(C)(F)F)c2)cc1-c1cc(N2CCOCC2)c(=O)n(C)c1,1,IC50,8.34,2,CHEMBL5906526
Cc1ncc(NC(=O)c2cccc(C(F)F)c2)cc1-c1cc(N2CCOCC2)c(=O)n(C)c1,1,IC50,8.44,2,CHEMBL5839048
CCOc1cc(C(=O)Nc2cnc(C)c(-c3cc(N4CCOCC4)c(=O)n(C)c3)c2)ccc1F,1,IC50,8.01,2,CHEMBL5889891
Cc1ncc(NC(=O)c2ccc(F)c(OC(C)C)c2)cc1-c1cc(N2CCOCC2)c(=O)n(C)c1,1,IC50,7.97,2,CHEMBL5836577
CCOc1cccc(C(=O)Nc2cnc(C)c(-c3cc(N4CCOCC4)c(=O)n(C)c3)c2)c1,1,IC50,8.0,2,CHEMBL5829056
Cc1ncc(NC(=O)c2cccc(OC(C)C)c2)cc1-c1cc(N2CCOCC2)c(=O)n(C)c1,1,IC50,8.08,2,CHEMBL5963965
Cc1ncc(NC(=O)c2ccnc(C(C)(C)C)c2)cc1-c1cc(N2CCOCC2)c(=O)n(C)c1,1,IC50,7.37,2,CHEMBL5887952
Cc1ncc(NC(=O)c2ccnc(C(C)C)c2)cc1-c1cc(N2CCOCC2)c(=O)n(C)c1,1,IC50,7.46,2,CHEMBL5883699
Cc1ncc(NC(=O)c2cc(CN(C)C)cc(C(F)(F)F)c2)cc1-c1cc(N2CCOCC2)c(=O)n(C)c1,1,IC50,7.0,2,CHEMBL5985086
CCN1CCN(c2cc(C(=O)Nc3cnc(C)c(-c4cc(N5CCOCC5)c(=O)n(C)c4)c3)cc(C(F)(F)F)c2)CC1,1,IC50,7.0,2,CHEMBL5769059
Cc1ncc(NC(=O)c2cccc(C3(C#N)CC3)c2Cl)cc1-c1cc(N2CCOCC2)c(=O)n(C)c1,1,IC50,7.21,2,CHEMBL5885287
Cn1cc(-c2cc(NC(=O)c3ccnc(C(F)(F)F)c3)cnc2Cl)cc(N2CCOCC2)c1=O,1,IC50,8.37,2,CHEMBL6019768
Cn1cc(-c2cc(NC(=O)c3ccnc(C(C)(F)F)c3)cnc2Cl)cc(N2CCOCC2)c1=O,1,IC50,8.35,2,CHEMBL5845493
Cn1cc(-c2cc(NC(=O)c3cccc(C(F)F)c3)cnc2Cl)cc(N2CCOCC2)c1=O,1,IC50,8.89,2,CHEMBL5866750
Cn1cc(-c2cc(NC(=O)c3cccc(C(F)(F)F)c3)cnc2Cl)cc(N2CCOCC2)c1=O,1,IC50,8.85,2,CHEMBL5812388
COc1ccc(C(=O)Nc2cnc(Cl)c(-c3cc(N4CCOCC4)c(=O)n(C)c3)c2)cc1C(F)(F)F,1,IC50,8.17,2,CHEMBL6064551
Cn1cc(-c2cc(NC(=O)c3cccc(C(F)(F)F)c3)ccc2Cl)cc(N2CCOCC2)c1=O,1,IC50,8.77,2,CHEMBL5941770
Cn1cc(-c2cc(NC(=O)c3cccc(C(F)(F)F)c3)ccc2F)cc(N2CCOCC2)c1=O,1,IC50,8.7,2,CHEMBL5928455
Cn1cc(-c2cc(NC(=O)c3cccc(C(F)F)c3)ccc2Cl)cc(N2CCOCC2)c1=O,1,IC50,9.1,2,CHEMBL6022885
Cn1cc(-c2cc(NC(=O)c3ccnc(C(F)(F)F)c3)ccc2Cl)cc(N2CCOCC2)c1=O,1,IC50,9.4,2,CHEMBL5808970
Cn1cc(-c2cc(NC(=O)c3ccnc(C(C)(F)F)c3)ccc2Cl)cc(N2CCOCC2)c1=O,1,IC50,8.85,2,CHEMBL5967517
Cn1cc(-c2cc(NC(=O)c3cccc(C(F)F)c3)ccc2F)cc(N2CCOCC2)c1=O,1,IC50,8.51,2,CHEMBL5876156
Cn1cc(-c2cc(NC(=O)c3ccnc(C(F)(F)F)c3)ccc2F)cc(N2CCOCC2)c1=O,1,IC50,8.46,2,CHEMBL6028940
Cn1cc(-c2cc(NC(=O)c3ccnc(C(C)(F)F)c3)ccc2F)cc(N2CCOCC2)c1=O,1,IC50,8.37,2,CHEMBL6038034
CC(C)c1cc(C(=O)Nc2ccc(Cl)c(-c3cc(N4CCOCC4)c(=O)n(C)c3)c2)ccn1,1,IC50,9.0,2,CHEMBL5751351
CC(C)c1cc(C(=O)Nc2cnc(Cl)c(-c3cc(N4CCOCC4)c(=O)n(C)c3)c2)ccn1,1,IC50,8.43,2,CHEMBL5856956
Cn1cc(-c2cc(C(=O)Nc3cccc(C(F)(F)F)c3)cnc2Cl)cc(N2CCOCC2)c1=O,1,IC50,8.22,2,CHEMBL6021773
Cn1cc(-c2cc(C(=O)Nc3cccc(C(C)(C)O)c3)cnc2Cl)cc(N2CCOCC2)c1=O,1,IC50,7.3,2,CHEMBL5777790
Cn1cc(-c2cc(C(=O)Nc3cccc(C(F)(F)F)c3)ccc2Cl)cc(N2CCOCC2)c1=O,1,IC50,8.59,2,CHEMBL5990401
Cn1cc(-c2cc(C(=O)Nc3cccc(C(F)F)c3)ccc2Cl)cc(N2CCOCC2)c1=O,1,IC50,8.62,2,CHEMBL5994092
Cn1cc(-c2cc(C(=O)Nc3cccc(C(C)(C)C#N)c3)ccc2Cl)cc(N2CCOCC2)c1=O,1,IC50,8.22,2,CHEMBL5899450
Cc1cn(-c2cc(NC(=O)c3ccc(C)c(-c4cc(N5CCOCC5)c(=O)n(C)c4)c3)cc(C(F)(F)F)c2)cn1,1,IC50,8.0,2,CHEMBL5834834
Cc1ccc(C(=O)Nc2ccccc2)cc1-c1cc(N2CCOCC2)c(=O)n(C)c1,1,IC50,7.47,2,CHEMBL6043042
Cc1ccc(C(=O)Nc2cccc(C(F)F)c2)cc1-c1cc(N2CCOCC2)c(=O)n(C)c1,1,IC50,8.8,2,CHEMBL5740769
Cc1ccc(C(=O)Nc2cccc(C(C)(C)C#N)c2)cc1-c1cc(N2CCOCC2)c(=O)n(C)c1,1,IC50,8.43,2,CHEMBL6038452
Cc1ccc(C(=O)Nc2ccccn2)cc1-c1cc(N2CCOCC2)c(=O)n(C)c1,1,IC50,7.0,2,CHEMBL5807198
Cc1ccc(C(=O)Nc2cccnc2)cc1-c1cc(N2CCOCC2)c(=O)n(C)c1,1,IC50,6.7,2,CHEMBL5921999
CCc1cccc(NC(=O)c2ccc(C)c(-c3cc(N4CCOCC4)c(=O)n(C)c3)c2)c1,1,IC50,8.62,2,CHEMBL5848032
Cc1ccc(C(=O)Nc2cccc(C(C)C)c2)cc1-c1cc(N2CCOCC2)c(=O)n(C)c1,1,IC50,8.42,2,CHEMBL5777466
Cc1ccc(C(=O)Nc2cccc(-c3nnco3)c2)cc1-c1cc(N2CCOCC2)c(=O)n(C)c1,1,IC50,7.82,2,CHEMBL6010130
Cc1nc(-c2cccc(NC(=O)c3ccc(C)c(-c4cc(N5CCOCC5)c(=O)n(C)c4)c3)c2)no1,1,IC50,7.56,2,CHEMBL6047585
Cc1ccc(C(=O)Nc2cccc(C(C)(C)O)c2)cc1-c1cc(N2CCOCC2)c(=O)n(C)c1,1,IC50,8.2,2,CHEMBL6030987
COc1cccc(NC(=O)c2ccc(C)c(-c3cc(N4CCOCC4)c(=O)n(C)c3)c2)c1,1,IC50,7.03,2,CHEMBL5947745
Cc1ccc(C(=O)Nc2cccc(OC(F)(F)F)c2)cc1-c1cc(N2CCOCC2)c(=O)n(C)c1,1,IC50,7.48,2,CHEMBL5957535
COc1cncc(NC(=O)c2ccc(C)c(-c3cc(N4CCOCC4)c(=O)n(C)c3)c2)c1,1,IC50,7.16,2,CHEMBL5789488
Cc1ncc(C(=O)Nc2cccc(C(F)(F)F)c2)cc1-c1cc(N2CCOCC2)c(=O)n(C)c1,1,IC50,8.21,2,CHEMBL5991087
Cc1ncc(C(=O)Nc2cccc(C(C)(C)C#N)c2)cc1-c1cc(N2CCOCC2)c(=O)n(C)c1,1,IC50,7.35,2,CHEMBL6053803
Cc1ncc(C(=O)Nc2cccc(C(F)F)c2)cc1-c1cc(N2CCOCC2)c(=O)n(C)c1,1,IC50,7.92,2,CHEMBL5818028
Cc1ncc(C(=O)Nc2cccc(C(C)(C)O)c2)cc1-c1cc(N2CCOCC2)c(=O)n(C)c1,1,IC50,7.0,2,CHEMBL5827013
Cc1ccc(NC(=O)c2cccc(C(F)(F)F)c2)cc1-c1cc(N2CCOCC2=O)c(=O)n(C)c1,1,IC50,7.08,2,CHEMBL5947518
Cc1ccc(NC(=O)c2ccnc(N(C)C)c2)cc1-c1cc(N2CCOCC2)c(=O)n(C)c1,1,IC50,8.64,2,CHEMBL5900605
CCN(C)c1cc(C(=O)Nc2ccc(C)c(-c3cc(N4CCOCC4)c(=O)n(C)c3)c2)ccn1,1,IC50,8.37,2,CHEMBL6010223
Cc1ccc(NC(=O)c2ccnc(N3CCC3)c2)cc1-c1cc(N2CCOCC2)c(=O)n(C)c1,1,IC50,8.72,2,CHEMBL6063246
COCCN(C)c1cc(C(=O)Nc2ccc(C)c(-c3cc(N4CCOCC4)c(=O)n(C)c3)c2)ccn1,1,IC50,8.55,2,CHEMBL5902695
Cc1ccc(NC(=O)c2ccnc(N(C)CCO)c2)cc1-c1cc(N2CCOCC2)c(=O)n(C)c1,1,IC50,8.48,2,CHEMBL5960988
CNCCN(C)c1cc(C(=O)Nc2ccc(C)c(-c3cc(N4CCOCC4)c(=O)n(C)c3)c2)ccn1,1,IC50,7.52,2,CHEMBL5761761
Cc1ccc(NC(=O)c2ccc(C(O)CO)c(C(F)(F)F)c2)cc1-c1cc(N2CCOCC2)c(=O)n(C)c1,1,IC50,7.8,2,CHEMBL5912609
Cc1ccc(NC(=O)c2ccc(CCl)c(C(F)(F)F)c2)cc1-c1cc(N2CCOCC2)c(=O)n(C)c1,1,IC50,8.26,4,CHEMBL5747122
Cc1ccc(NC(=O)c2ccnc(C(C)(C)C#N)c2)cc1-c1cc(N2CC3CC(C2)O3)c(=O)n(C)c1,1,IC50,7.0,2,CHEMBL5995939
Cc1ccc(C(=O)Nc2ccc(CNC(=O)OC(C)(C)C)c(C(F)(F)F)c2)cc1-c1cc(N2CCOCC2)c(=O)n(C)c1,1,IC50,7.92,2,CHEMBL5786543
Cc1ccc(NC(=O)c2cc(CN)cc(C(F)(F)F)c2)cc1-c1cc(N2CCOCC2)c(=O)n(C)c1,1,IC50,8.35,1,CHEMBL5823628
Cc1ccc(NC(=O)c2ccnc(C(C)(C)C)c2)cc1-c1cc(N2CCOCC2)n(C)c(=O)c1,1,IC50,8.68,2,CHEMBL5924546
Cc1ccc(NC(=O)c2ccccc2)cc1-c1cc(N2CCOCC2)n(C)c(=O)c1,1,IC50,7.92,2,CHEMBL5984753
Cc1ccc(NC(=O)c2ccnc(S(C)(=O)=O)c2)cc1-c1cc(N2CCOCC2)n(C)c(=O)c1,1,IC50,8.66,2,CHEMBL6001336
CCC(F)(F)c1cc(C(=O)Nc2ccc(C)c(-c3cc(N4CCOCC4)n(C)c(=O)c3)c2)ccn1,1,IC50,9.1,2,CHEMBL6032960
CCc1cc(C(=O)Nc2ccc(C)c(-c3cc(N4CCOCC4)n(C)c(=O)c3)c2)ccn1,1,IC50,9.22,2,CHEMBL5801973
Cc1ccc(NC(=O)c2ccnc(C3CC3)c2)cc1-c1cc(N2CCOCC2)n(C)c(=O)c1,1,IC50,9.4,2,CHEMBL5921197
Cc1ccc(NC(=O)c2ccnc(C3COC3)c2)cc1-c1cc(N2CCOCC2)n(C)c(=O)c1,1,IC50,8.6,2,CHEMBL5985138
Cc1ccc(NC(=O)c2ccnc(C(C)(C)F)c2)cc1-c1cc(N2CCOCC2)n(C)c(=O)c1,1,IC50,8.74,2,CHEMBL6051106
Cc1ccc(NC(=O)c2ccnc(C3(C#N)CC3)c2)cc1-c1cc(N2CCOCC2)n(C)c(=O)c1,1,IC50,9.22,2,CHEMBL5776436
CCn1cc(C(=O)Nc2ccc(C)c(-c3cc(N4CCOCC4)n(C)c(=O)c3)c2)cc(C(F)(F)F)c1=O,1,IC50,8.92,2,CHEMBL5963872
Cc1ccc(NC(=O)c2ccnc(C(C)C)c2)cc1-c1cc(N2CCOCC2)n(C)c(=O)c1,1,IC50,9.22,2,CHEMBL5847809
Cc1ccc(NC(=O)c2ccnc(C(C)(C)O)c2)cc1-c1cc(N2CCOCC2)n(C)c(=O)c1,1,IC50,8.46,2,CHEMBL5755779
Cc1ccc(NC(=O)c2cccc(C(F)F)c2)cc1-c1cc(N2CCOCC2)n(C)c(=O)c1,1,IC50,9.4,2,CHEMBL5740520
Cc1ccc(NC(=O)c2ccnc(C(F)(F)F)c2)cc1-c1cc(N2CCOCC2)n(C)c(=O)c1,1,IC50,8.96,2,CHEMBL5954000
Cc1ccc(NC(=O)c2ccnc(C(F)F)c2)cc1-c1cc(N2CCOCC2)n(C)c(=O)c1,1,IC50,8.96,2,CHEMBL5784299
Cc1ccc(NC(=O)c2ccnc(C(C)(C)C#N)c2)cc1-c1cc(N2CCOCC2)n(C)c(=O)c1,1,IC50,8.55,2,CHEMBL5783102
Cc1ccc(NC(=O)c2cccc(S(C)(=O)=O)c2)cc1-c1cc(N2CCOCC2)n(C)c(=O)c1,1,IC50,8.72,2,CHEMBL5976804
Cc1ccc(NC(=O)c2cnnc(C(C)(C)C#N)c2)cc1-c1cc(N2CCOCC2)n(C)c(=O)c1,1,IC50,8.62,2,CHEMBL5980770
CCN1CCN(c2cc(C(=O)Nc3ccc(C)c(-c4cc(N5CCOCC5)n(C)c(=O)c4)c3)cc(C(F)(F)F)c2)CC1,1,IC50,8.6,2,CHEMBL5803878
Cc1ccc(NC(=O)c2cc(F)cc(N3CCOCC3)c2)cc1-c1cc(N2CCOCC2)n(C)c(=O)c1,1,IC50,8.68,2,CHEMBL6050246
Cc1ccc(NC(=O)c2cccc(C3COC3)c2)cc1-c1cc(N2CCOCC2)n(C)c(=O)c1,1,IC50,8.52,2,CHEMBL5945134
Cc1ccc(NC(=O)c2cccc(-c3nnco3)c2)cc1-c1cc(N2CCOCC2)n(C)c(=O)c1,1,IC50,8.39,2,CHEMBL5971566
Cc1ccc(NC(=O)c2cccc(C(C)(C)S(C)(=O)=O)c2)cc1-c1cc(N2CCOCC2)n(C)c(=O)c1,1,IC50,7.78,2,CHEMBL5755246
Cc1ccc(NC(=O)c2cnnc(C(F)(F)F)c2)cc1-c1cc(N2CCOCC2)n(C)c(=O)c1,1,IC50,8.35,2,CHEMBL5975435
Cc1ccc(NC(=O)c2cnnc(C3CC3)c2)cc1-c1cc(N2CCOCC2)n(C)c(=O)c1,1,IC50,9.05,2,CHEMBL6004327
Cc1ccc(NC(=O)c2cc(CN(C)C)cc(C(F)(F)F)c2)cc1-c1cc(N2CCOCC2)n(C)c(=O)c1,1,IC50,8.55,2,CHEMBL6012045
Cc1ncc(NC(=O)c2ccnc(C(C)(C)C#N)c2)cc1-c1cc(N2CCOCC2)n(C)c(=O)c1,1,IC50,7.66,2,CHEMBL6017300
Cc1ncc(NC(=O)c2ccnc(C(F)(F)F)c2)cc1-c1cc(N2CCOCC2)n(C)c(=O)c1,1,IC50,8.25,2,CHEMBL5988150
Cc1ncc(NC(=O)c2ccnc(C(C)(C)O)c2)cc1-c1cc(N2CCOCC2)n(C)c(=O)c1,1,IC50,7.5,2,CHEMBL5790832
CCn1cc(C(=O)Nc2cnc(C)c(-c3cc(N4CCOCC4)n(C)c(=O)c3)c2)cc(C(F)(F)F)c1=O,1,IC50,7.7,2,CHEMBL5927088
Cc1ncc(NC(=O)c2ccccc2)cc1-c1cc(N2CCOCC2)n(C)c(=O)c1,1,IC50,6.7,2,CHEMBL6015208
Cc1ncc(NC(=O)c2ccnc(S(C)(=O)=O)c2)cc1-c1cc(N2CCOCC2)n(C)c(=O)c1,1,IC50,7.68,2,CHEMBL5865288
Cc1ncc(NC(=O)c2ccnc(C(C)C)c2)cc1-c1cc(N2CCOCC2)n(C)c(=O)c1,1,IC50,8.24,2,CHEMBL5911245
Cc1ncc(NC(=O)c2cccc(C(F)F)c2)cc1-c1cc(N2CCOCC2)n(C)c(=O)c1,1,IC50,8.74,2,CHEMBL6025456
Cc1ncc(NC(=O)c2ccnc(C(C)(C)C)c2)cc1-c1cc(N2CCOCC2)n(C)c(=O)c1,1,IC50,7.69,2,CHEMBL5963600
Cc1ncc(NC(=O)c2ccnc(C(F)F)c2)cc1-c1cc(N2CCOCC2)n(C)c(=O)c1,1,IC50,8.11,2,CHEMBL6057863
Cc1ncc(NC(=O)c2cccc(S(C)(=O)=O)c2)cc1-c1cc(N2CCOCC2)n(C)c(=O)c1,1,IC50,7.77,2,CHEMBL5833648
Cc1ncc(NC(=O)c2ccnc(C(C)(F)F)c2)cc1-c1cc(N2CCOCC2)n(C)c(=O)c1,1,IC50,8.12,2,CHEMBL6044129
Cc1ncc(NC(=O)c2ccnc(C3CC3)c2)cc1-c1cc(N2CCOCC2)n(C)c(=O)c1,1,IC50,8.19,2,CHEMBL5834844
Cc1ncc(NC(=O)c2cccc(C(C)(C)S(C)(=O)=O)c2)cc1-c1cc(N2CCOCC2)n(C)c(=O)c1,1,IC50,7.22,2,CHEMBL5864175
Cn1c(N2CCOCC2)cc(-c2cc(NC(=O)c3ccnc(C(C)(F)F)c3)cnc2Cl)cc1=O,1,IC50,8.62,2,CHEMBL5769996
Cc1ccc(C(=O)Nc2cccc(C(F)F)c2)cc1-c1cc(N2CCOCC2)n(C)c(=O)c1,1,IC50,8.96,2,CHEMBL5927606
Cc1ccc(C(=O)Nc2cccc(C(C)(C)C#N)c2)cc1-c1cc(N2CCOCC2)n(C)c(=O)c1,1,IC50,8.35,2,CHEMBL5926184
Cc1ccc(C(=O)Nc2cccc(C(C)(C)O)c2)cc1-c1cc(N2CCOCC2)n(C)c(=O)c1,1,IC50,7.75,2,CHEMBL5889163
Cc1ccc(C(=O)Nc2cccc(C(F)(F)F)c2)cc1-c1cc(N2CCOCC2)n(C)c(=O)c1,1,IC50,8.92,2,CHEMBL6065550
Cc1ccc(C(=O)Nc2ccccc2)cc1-c1cc(N2CCOCC2)n(C)c(=O)c1,1,IC50,7.1,2,CHEMBL5977298
CCn1c(N2CCOCC2)cc(-c2cc(NC(=O)c3ccnc(C(C)(F)F)c3)ccc2C)cc1=O,1,IC50,9.22,2,CHEMBL5966098
CCn1c(N2CCOCC2)cc(-c2cc(NC(=O)c3ccnc(C(F)(F)CC)c3)ccc2C)cc1=O,1,IC50,8.68,2,CHEMBL5947168
CCn1c(N2CCOCC2)cc(-c2cc(NC(=O)c3ccnc(C(C)C)c3)ccc2C)cc1=O,1,IC50,8.6,2,CHEMBL6026154
Cc1ccc(NC(=O)c2ccnc(C(C)(F)F)c2)cc1-c1cc(N2CCOC[C@H]2C)n(C)c(=O)c1,1,IC50,8.43,2,CHEMBL5932004
Cc1ncc(NC(=O)c2ccnc(C(C)(F)F)c2)cc1-c1cc(N2CCOC[C@H]2C)n(C)c(=O)c1,1,IC50,7.39,2,CHEMBL5997039
Cc1ccc(NC(=O)c2ccnc(C(C)(F)F)c2)cc1-c1cc(N2CCOC[C@@H]2C)n(C)c(=O)c1,1,IC50,8.42,2,CHEMBL5930591
Cc1ncc(NC(=O)c2ccnc(C(C)(F)F)c2)cc1-c1cc(N2CCOC[C@@H]2C)n(C)c(=O)c1,1,IC50,7.3,2,CHEMBL5897442
Cc1ccc(NC(=O)c2ccnc(C(C)(F)F)c2)cc1-c1cc(N2C3CCC2COC3)n(C)c(=O)c1,1,IC50,8.25,2,CHEMBL6000929
Cn1c(N2C3CCC2COC3)cc(-c2cc(NC(=O)c3ccnc(C(C)(F)F)c3)cnc2Cl)cc1=O,1,IC50,7.82,2,CHEMBL5968733
Cc1ncc(NC(=O)c2ccnc(C(C)(F)F)c2)cc1-c1cc(N2CCO[C@@H](CO)C2)n(C)c(=O)c1,1,IC50,7.12,2,CHEMBL5820780
Cc1ncc(NC(=O)c2ccnc(C(C)(F)F)c2)cc1-c1cc(N2CCO[C@H](CO)C2)n(C)c(=O)c1,1,IC50,7.29,2,CHEMBL5747383
Cc1ccc(NC(=O)c2ccnc(C(C)(C)C#N)c2)cc1-c1cncc(N2CCOCC2)n1,1,IC50,8.3,2,CHEMBL5772023
Cc1ncc(NC(=O)c2ccnc(C(C)(C)C#N)c2)cc1-c1cncc(N2CCOCC2)n1,1,IC50,8.11,2,CHEMBL5831284
Cc1ncc(NC(=O)c2ccnc(C(C)(F)F)c2)cc1-c1cncc(N2CCOCC2)n1,1,IC50,8.36,2,CHEMBL5829910
Cc1ncc(NC(=O)c2ccnc(C(C)(C)F)c2)cc1-c1cncc(N2CCOCC2)n1,1,IC50,8.22,2,CHEMBL6016954
Cc1ncc(NC(=O)c2ccnc(C(F)F)c2)cc1-c1cncc(N2CCOCC2)n1,1,IC50,7.34,2,CHEMBL5975896
CCC(F)(F)c1cc(C(=O)Nc2cnc(C)c(-c3cncc(N4CCOCC4)n3)c2)ccn1,1,IC50,8.36,2,CHEMBL5935385
CCOc1ncc(-c2cc(NC(=O)c3cccc(C(F)(F)F)c3)ccc2C)nc1N1CCOCC1,1,IC50,8.92,2,CHEMBL5921869
CCOc1ncc(-c2cc(NC(=O)c3cccc(C(F)(F)F)c3)cnc2C)nc1N1CCOCC1,1,IC50,8.55,2,CHEMBL5770098
CCOc1ncc(-c2cc(NC(=O)c3ccnc(C(C)(C)C#N)c3)cnc2C)nc1N1CCOCC1,1,IC50,7.89,2,CHEMBL5940173
CCOc1ncc(-c2cc(NC(=O)c3ccnc(C(F)(F)F)c3)cnc2C)nc1N1CCOCC1,1,IC50,8.54,2,CHEMBL6035119
CCOc1ncc(-c2cc(NC(=O)c3ccnc(C(C)(F)F)c3)cnc2C)nc1N1CCOCC1,1,IC50,8.44,2,CHEMBL5760006
CCOc1ncc(-c2cc(NC(=O)c3ccnc(C(C)(C)F)c3)cnc2C)nc1N1CCOCC1,1,IC50,8.13,2,CHEMBL6004853
CCOc1ncc(-c2cc(NC(=O)c3cc(C(F)(F)F)ccn3)cnc2C)nc1N1CCOCC1,1,IC50,8.51,2,CHEMBL6024393
CCOc1ncc(-c2cc(NC(=O)c3cc(CN(C)C)cc(C(F)(F)F)c3)cnc2C)nc1N1CCOCC1,1,IC50,7.78,2,CHEMBL6061377
COc1ncc(-c2cc(NC(=O)c3ccnc(S(C)(=O)=O)c3)ccc2C)nc1N1CCOCC1,1,IC50,8.3,2,CHEMBL5994611
COc1nnc(-c2cc(NC(=O)c3ccnc(C(F)(F)F)c3)ccc2C)cc1N1CCOCC1,1,IC50,9.0,2,CHEMBL5848474
COc1nnc(-c2cc(NC(=O)c3ccnc(C(C)(F)F)c3)ccc2C)cc1N1CCOCC1,1,IC50,8.96,2,CHEMBL5845755
CCC(F)(F)c1cc(C(=O)Nc2ccc(C)c(-c3cc(N4CCOCC4)c(OC)nn3)c2)ccn1,1,IC50,8.68,2,CHEMBL5796548
COc1nnc(-c2cc(NC(=O)c3ccnc(C4CC4)c3)ccc2C)cc1N1CCOCC1,1,IC50,8.92,2,CHEMBL5760553
COc1nnc(-c2cc(NC(=O)c3cnnc(C(F)(F)F)c3)ccc2C)cc1N1CCOCC1,1,IC50,8.92,4,CHEMBL5957055
COc1nnc(-c2cc(NC(=O)c3ccnc(C(C)(C)F)c3)ccc2C)cc1N1CCOCC1,1,IC50,8.52,4,CHEMBL5911416
COc1nnc(-c2cc(NC(=O)c3cccc(S(C)(=O)=O)c3)ccc2C)cc1N1CCOCC1,1,IC50,8.92,2,CHEMBL5800573
COc1nnc(-c2cc(NC(=O)c3ccnc(C(C)(C)O)c3)ccc2C)cc1N1CCOCC1,1,IC50,8.41,2,CHEMBL5919653
COc1nnc(-c2cc(NC(=O)c3cnnc(C(C)(C)C#N)c3)ccc2C)cc1N1CCOCC1,1,IC50,8.27,2,CHEMBL5803955
COc1nnc(-c2cc(NC(=O)c3ccnc(C(C)(C)C#N)c3)ccc2C)cc1N1CCOCC1,1,IC50,8.68,2,CHEMBL5829476
CCOc1nnc(-c2cc(N)ccc2C)cc1N1CCOCC1,1,IC50,9.05,1,CHEMBL5946447
CCOc1nnc(-c2cc(NC(=O)c3ccnc(C(F)(F)CC)c3)ccc2C)cc1N1CCOCC1,1,IC50,9.0,2,CHEMBL5861952
CCOc1nnc(-c2cc(NC(=O)c3cccc(C(F)F)c3)ccc2C)cc1N1CCOCC1,1,IC50,9.52,2,CHEMBL5768029
CCOc1nnc(-c2cc(NC(=O)c3ccnc(C(F)F)c3)ccc2C)cc1N1CCOCC1,1,IC50,9.22,2,CHEMBL5858794
CCOc1nnc(-c2cc(NC(=O)c3ccnc(C4CC4)c3)ccc2C)cc1N1CCOCC1,1,IC50,9.22,2,CHEMBL6007903
CCOc1nnc(-c2cc(NC(=O)c3ccnc(C(C)(C)F)c3)ccc2C)cc1N1CCOCC1,1,IC50,8.89,2,CHEMBL5755264
CCOc1nnc(-c2cc(NC(=O)c3ccnc(C(C)(F)F)c3)ccc2C)cc1N1CCOCC1,1,IC50,8.89,2,CHEMBL5953132
CCOc1nnc(-c2cc(NC(=O)c3ccnc(C(F)(F)F)c3)ccc2C)cc1N1CCOCC1,1,IC50,9.15,2,CHEMBL5988277
CCOc1nnc(-c2cc(NC(=O)c3cnnc(C(C)(C)C#N)c3)ccc2C)cc1N1CCOCC1,1,IC50,8.7,2,CHEMBL5923257
CCOc1nnc(-c2cc(NC(=O)c3ccnc(C4(C#N)CC4)c3)ccc2C)cc1N1CCOCC1,1,IC50,9.15,2,CHEMBL5971147
CCOc1nnc(-c2cc(NC(=O)c3ccnc(C(C)(C)O)c3)ccc2C)cc1N1CCOCC1,1,IC50,8.55,2,CHEMBL5841240
CCOc1nnc(-c2cc(NC(=O)c3cnnc(C(F)(F)F)c3)ccc2C)cc1N1CCOCC1,1,IC50,9.1,2,CHEMBL6008198
CCOc1nnc(-c2cc(NC(=O)c3cccc(C(F)(F)F)c3)cnc2C)cc1N1CCOC[C@@H]1C,1,IC50,8.6,2,CHEMBL6014834
CCOc1nnc(-c2cc(NC(=O)c3ccnc(C(C)(C)C#N)c3)ccc2C)cc1N1CCOC[C@@H]1C,1,IC50,8.42,2,CHEMBL5768855
CCOc1nnc(-c2cc(NC(=O)c3ccnc(C(C)(C)C#N)c3)ccc2C)cc1N1CCOCC1,1,IC50,9.1,2,CHEMBL5791072
CCOc1nnc(-c2cc(NC(=O)c3ccc(CNC)c(C(F)(F)F)c3)ccc2C)cc1N1CCOCC1,1,IC50,8.66,1,CHEMBL5894605
CCNCc1ccc(C(=O)Nc2ccc(C)c(-c3cc(N4CCOCC4)c(OCC)nn3)c2)cc1C(F)(F)F,1,IC50,8.54,2,CHEMBL5888397
CCOc1nnc(-c2cc(NC(=O)c3ccc(CN(C)C)c(C(F)(F)F)c3)ccc2C)cc1N1CCOCC1,1,IC50,8.46,1,CHEMBL6031753
Cc1ccc(N)cc1-c1cc(N2CCOCC2)c(OC2CCOCC2)nn1,1,IC50,9.22,1,CHEMBL5838857
Cc1ccc(NC(=O)c2ccnc(C(C)(C)F)c2)cc1-c1cc(N2CCOCC2)c(OC2CCOCC2)nn1,1,IC50,9.1,2,CHEMBL5888853
Cc1ccc(NC(=O)c2ccnc(C(C)(F)F)c2)cc1-c1cc(N2CCOCC2)c(OC2CCOCC2)nn1,1,IC50,9.22,2,CHEMBL6061628
Cc1ccc(NC(=O)c2cc(C(F)(F)F)ccn2)cc1-c1cc(N2CCOCC2)c(OC2CCOCC2)nn1,1,IC50,9.3,2,CHEMBL6039326
Cc1ccc(NC(=O)c2ccnc(C(C)(C)O)c2)cc1-c1cc(N2CCOCC2)c(OC2CCOCC2)nn1,1,IC50,8.66,2,CHEMBL5751036
Cc1ccc(NC(=O)c2ccnc(S(C)(=O)=O)c2)cc1-c1cc(N2CCOCC2)c(OC2CCOCC2)nn1,1,IC50,9.1,2,CHEMBL5888835
Cc1ccc(NC(=O)c2cnnc(C(C)(C)C#N)c2)cc1-c1cc(N2CCOCC2)c(OC2CCOCC2)nn1,1,IC50,8.89,2,CHEMBL5792375
Cc1ccc(NC(=O)c2ccnc(C(C)(C)C#N)c2)cc1-c1cc(N2CCOCC2)c(OC2CCOCC2)nn1,1,IC50,8.92,2,CHEMBL5797617
Cc1ccc(NC(=O)c2ccnc(C(F)(F)F)c2)cc1-c1cc(N2CCOCC2)c(OCCO)nn1,1,IC50,8.85,2,CHEMBL6051264
Cc1ccc(NC(=O)c2cc(C(F)(F)F)ccn2)cc1-c1cc(N2CCOCC2)c(OCCO)nn1,1,IC50,9.0,2,CHEMBL5985347
Cc1ccc(NC(=O)c2ccnc(C(C)(F)F)c2)cc1-c1cc(N2CCOCC2)c(OCCO)nn1,1,IC50,8.96,2,CHEMBL5954557
Cc1ccc(NC(=O)c2ccnc(C(C)(C)F)c2)cc1-c1cc(N2CCOCC2)c(OCCO)nn1,1,IC50,8.66,2,CHEMBL5764151
CCC(F)(F)c1cc(C(=O)Nc2ccc(C)c(-c3cc(N4CCOCC4)c(OCCO)nn3)c2)ccn1,1,IC50,8.82,2,CHEMBL6043039
Cc1ccc(NC(=O)c2cccc(C(F)(F)F)c2)cc1-c1cc(N2CCOCC2)c(OCCO)nn1,1,IC50,9.05,2,CHEMBL5747368
Cc1ccc(NC(=O)c2ccnc(C(C)(C)C#N)c2)cc1-c1cc(N2CCOCC2)c(OCCO)nn1,1,IC50,8.68,2,CHEMBL5943903
Cc1ccc(NC(=O)c2ccnc(C(C)(F)F)c2)cc1-c1cc(N2CCOCC2)c(OC(C)C)nn1,1,IC50,9.15,2,CHEMBL5902151
Cc1ccc(NC(=O)c2ccnc(C(F)F)c2)cc1-c1cc(N2CCOCC2)c(OC(C)C)nn1,1,IC50,9.22,2,CHEMBL5819101
Cc1ccc(NC(=O)c2cc(C(F)(F)F)ccn2)cc1-c1cc(N2CCOCC2)c(OC(C)C)nn1,1,IC50,9.1,2,CHEMBL5958906
Cc1ccc(NC(=O)c2ccnc(C(C)(C)F)c2)cc1-c1cc(N2CCOCC2)c(OC(C)C)nn1,1,IC50,9.22,2,CHEMBL5777574
Cc1ccc(NC(=O)c2ccnc(C(C)(C)C#N)c2)cc1-c1nnc(OC(C)C)c(N2CCOCC2)n1,1,IC50,8.89,1,CHEMBL5813240
COCCOc1nnc(-c2cc(NC(=O)c3ccnc(C(C)(F)F)c3)ccc2C)cc1N1CCOCC1,1,IC50,9.3,2,CHEMBL5837191
COCCOc1nnc(-c2cc(NC(=O)c3ccnc(C(F)F)c3)ccc2C)cc1N1CCOCC1,1,IC50,8.96,2,CHEMBL5826454
COCCOc1nnc(-c2cc(NC(=O)c3cc(C(F)(F)F)ccn3)ccc2C)cc1N1CCOCC1,1,IC50,9.3,2,CHEMBL5941988
COCCOc1nnc(-c2cc(NC(=O)c3ccnc(C(C)(C)F)c3)ccc2C)cc1N1CCOCC1,1,IC50,9.1,2,CHEMBL5930265
COCCOc1nnc(-c2cc(NC(=O)c3ccnc(C(C)(C)C#N)c3)ccc2C)cc1N1CCOCC1,1,IC50,8.96,2,CHEMBL5943489
Cc1ccc(NC(=O)c2cccc(C(F)(F)F)c2)cc1-c1cc(N2CCOCC2)c(S(C)(=O)=O)nn1,1,IC50,8.92,2,CHEMBL6010387
COc1nnc(-c2cc(NC(=O)c3ccnc(C(C)(F)F)c3)cnc2C)cc1N1CCOCC1,1,IC50,8.57,2,CHEMBL5762577
COc1nnc(-c2cc(NC(=O)c3cccc(C(F)F)c3)cnc2C)cc1N1CCOCC1,1,IC50,8.64,2,CHEMBL5924921
COc1nnc(-c2cc(NC(=O)c3ccnc(C(F)(F)F)c3)cnc2C)cc1N1CCOCC1,1,IC50,8.57,2,CHEMBL5840744
COc1nnc(-c2cc(NC(=O)c3ccnc(C4CC4)c3)cnc2C)cc1N1CCOCC1,1,IC50,8.46,2,CHEMBL5745427
CCC(F)(F)c1cc(C(=O)Nc2cnc(C)c(-c3cc(N4CCOCC4)c(OC)nn3)c2)ccn1,1,IC50,8.33,2,CHEMBL6060575
COc1nnc(-c2cc(NC(=O)c3ccnc(C(C)(C)F)c3)cnc2C)cc1N1CCOCC1,1,IC50,8.31,2,CHEMBL5850631
CCOc1nnc(-c2cc(NC(=O)c3cccc(C(F)(F)F)c3)cnc2C)cc1N1CCOCC1,1,IC50,9.05,2,CHEMBL5911860
CCOc1nnc(-c2cc(NC(=O)c3ccnc(C(C)(C)F)c3)cnc2C)cc1N1CCOCC1,1,IC50,8.35,2,CHEMBL5862202
CCOc1nnc(-c2cc(NC(=O)c3cc(C(F)(F)F)ccn3)cnc2C)cc1N1CCOCC1,1,IC50,8.89,2,CHEMBL5908879
CCOc1nnc(-c2cc(NC(=O)c3ccnc(C4CC4)c3)cnc2C)cc1N1CCOCC1,1,IC50,8.74,2,CHEMBL6047180
CCOc1nnc(-c2cc(NC(=O)c3ccnc(C(C)(C)C#N)c3)cnc2C)cc1N1CCOCC1,1,IC50,8.0,2,CHEMBL6038870
CCOc1nnc(-c2cc(NC(=O)c3cnnc(C(F)(F)F)c3)cnc2C)cc1N1CCOCC1,1,IC50,8.38,2,CHEMBL5862660
CCOc1nnc(-c2cc(NC(=O)c3ccnc(S(C)(=O)=O)c3)cnc2C)cc1N1CCOCC1,1,IC50,7.92,2,CHEMBL5746087
CCOc1nnc(-c2cc(NC(=O)c3ccnc(C(F)(F)F)c3)cnc2C)cc1N1CCOCC1,1,IC50,8.8,2,CHEMBL5897851
CCOc1nnc(-c2cc(NC(=O)c3ccnc(C(F)(F)CC)c3)cnc2C)cc1N1CCOCC1,1,IC50,8.46,2,CHEMBL5977438
CCOc1nnc(-c2cc(NC(=O)c3cccc(S(C)(=O)=O)c3)cnc2C)cc1N1CCOCC1,1,IC50,8.3,2,CHEMBL6006041
CCOc1nnc(-c2cc(NC(=O)c3cccc(C(F)F)c3)cnc2C)cc1N1CCOCC1,1,IC50,8.8,2,CHEMBL6004283
CCOc1nnc(-c2cc(NC(=O)c3ccnc(C(C)(F)F)c3)cnc2C)cc1N1CCOCC1,1,IC50,8.72,2,CHEMBL5894479
CCOc1nnc(-c2cc(NC(=O)c3ccnc(C(C)C)c3)cnc2C)cc1N1CCOCC1,1,IC50,8.59,2,CHEMBL5789826
CCOc1nnc(-c2cc(NC(=O)c3cccc(C(F)(F)F)c3)cnc2C)cc1N1CCOC[C@H]1C,1,IC50,8.31,2,CHEMBL5778833
CCOc1nnc(-c2cc(NC(=O)c3ccnc(C(C)(C)C#N)c3)cnc2C)cc1N1CCOC[C@H]1C,1,IC50,7.25,2,CHEMBL6001645
CCOc1nnc(-c2cc(NC(=O)c3ccnc(C(C)(C)C#N)c3)ccc2C)cc1N1CCOC[C@H]1C,1,IC50,8.33,2,CHEMBL5878840
CCOc1nnc(-c2cc(NC(=O)c3cccc(C(F)(F)F)c3)cnc2C)cc1N1CCOC(c2ncc[nH]2)C1,1,IC50,7.12,2,CHEMBL5800122
CCOc1nnc(-c2cc(NC(=O)c3ccc(CNC)c(C(F)(F)F)c3)cnc2C)cc1N1CCOCC1,1,IC50,7.85,1,CHEMBL5841987
CCOc1nnc(-c2cc(NC(=O)c3ccc(CO)c(C(F)(F)F)c3)cnc2C)cc1N1CCOCC1,1,IC50,8.43,2,CHEMBL5874369
Cc1ncc(NC(=O)c2ccnc(C(C)(F)F)c2)cc1-c1cc(N2CCOCC2)c(OC2CCOCC2)nn1,1,IC50,8.74,2,CHEMBL5827970
Cc1ncc(NC(=O)c2cc(C(F)(F)F)ccn2)cc1-c1cc(N2CCOCC2)c(OC2CCOCC2)nn1,1,IC50,8.92,2,CHEMBL5862061
Cc1ncc(NC(=O)c2ccnc(C(C)(C)F)c2)cc1-c1cc(N2CCOCC2)c(OC2CCOCC2)nn1,1,IC50,8.54,2,CHEMBL5965202
Cc1ncc(NC(=O)c2cnnc(C(F)(F)F)c2)cc1-c1cc(N2CCOCC2)c(OC2CCOCC2)nn1,1,IC50,8.57,2,CHEMBL5752607
Cc1ncc(NC(=O)c2ccnc(S(C)(=O)=O)c2)cc1-c1cc(N2CCOCC2)c(OC2CCOCC2)nn1,1,IC50,8.12,2,CHEMBL5805784
Cc1ncc(NC(=O)c2ccnc(C(C)(C)C#N)c2)cc1-c1cc(N2CCOCC2)c(OC2CCOCC2)nn1,1,IC50,8.14,2,CHEMBL5791035
Cc1ncc(NC(=O)c2ccnc(C(C)(C)O)c2)cc1-c1cc(N2CCOCC2)c(OC2CCOCC2)nn1,1,IC50,7.77,2,CHEMBL6001264
Cc1ncc(NC(=O)c2cnnc(C(C)(C)C#N)c2)cc1-c1cc(N2CCOCC2)c(OC2CCOCC2)nn1,1,IC50,7.73,2,CHEMBL5844070
Cc1ncc(NC(=O)c2cccc(C(F)(F)F)c2)cc1-c1cc(N2CCOCC2)c(OC2CCOCC2)nn1,1,IC50,8.89,2,CHEMBL4461296
Cc1ccc(NC(=O)c2cccc(C(C)(C)S(C)(=O)=O)c2)cc1-c1cc(N2CCOCC2)c(=O)n(C)n1,1,IC50,7.6,2,CHEMBL5814167
Cc1ccc(NC(=O)c2ccnc(C(C)(C)O)c2)cc1-c1cc(N2CCOCC2)c(=O)n(C)n1,1,IC50,8.02,2,CHEMBL5840991
Cc1ccc(NC(=O)c2cccc(-c3nnco3)c2)cc1-c1cc(N2CCOCC2)c(=O)n(C)n1,1,IC50,8.14,2,CHEMBL5900995
CCn1cc(C(=O)Nc2ccc(C)c(-c3cc(N4CCOCC4)c(=O)n(C)n3)c2)cc(C(F)(F)F)c1=O,1,IC50,8.57,2,CHEMBL5813320
CCc1cc(C(=O)Nc2ccc(C)c(-c3cc(N4CCOCC4)c(=O)n(C)n3)c2)ccn1,1,IC50,8.85,2,CHEMBL6034730
CCC(F)(F)c1cc(C(=O)Nc2ccc(C)c(-c3cc(N4CCOCC4)c(=O)n(C)n3)c2)ccn1,1,IC50,8.89,2,CHEMBL5795411
Cc1ccc(NC(=O)c2cnnc(C3CC3)c2)cc1-c1cc(N2CCOCC2)c(=O)n(C)n1,1,IC50,8.54,2,CHEMBL5862936
Cc1ccc(NC(=O)c2cnnc(C(C)(C)C#N)c2)cc1-c1cc(N2CCOCC2)c(=O)n(C)n1,1,IC50,8.08,2,CHEMBL5959857
Cc1ccc(NC(=O)c2cnnc(C(F)(F)F)c2)cc1-c1cc(N2CCOCC2)c(=O)n(C)n1,1,IC50,8.28,2,CHEMBL5783707
Cc1ccc(NC(=O)c2ccnc(C3COC3)c2)cc1-c1cc(N2CCOCC2)c(=O)n(C)n1,1,IC50,8.35,2,CHEMBL5912526
CCN1CCN(c2cc(C(=O)Nc3ccc(C)c(-c4cc(N5CCOCC5)c(=O)n(C)n4)c3)cc(C(F)(F)F)c2)CC1,1,IC50,8.34,2,CHEMBL5779823
Cc1ccc(NC(=O)c2cccc(CC#N)c2)cc1-c1cc(N2CCOCC2)c(=O)n(C)n1,1,IC50,8.17,2,CHEMBL5748741
Cc1ccc(NC(=O)c2ccnc(C(C)(C)F)c2)cc1-c1cc(N2CCOCC2)c(=O)n(C)n1,1,IC50,8.77,2,CHEMBL5784017
Cc1ccc(NC(=O)c2ccnc(C3CC3)c2)cc1-c1cc(N2CCOCC2)c(=O)n(C)n1,1,IC50,9.0,2,CHEMBL6008012
Cc1ccc(NC(=O)c2ccnc(C(C)(F)F)c2)cc1-c1cc(N2CCOCC2)c(=O)n(C)n1,1,IC50,8.96,2,CHEMBL5937574
Cc1ccc(NC(=O)c2ccnc(C3(C#N)CC3)c2)cc1-c1cc(N2CCOCC2)c(=O)n(C)n1,1,IC50,9.15,2,CHEMBL5870489
Cc1ccc(NC(=O)c2cc(CN(C)C)cc(C(F)(F)F)c2)cc1-c1cc(N2CCOCC2)c(=O)n(C)n1,1,IC50,8.37,2,CHEMBL5917358
Cc1ccc(NC(=O)c2ccnc(C(C)(C)F)c2)cc1-c1cc(N2CCOC[C@@H]2C)c(=O)n(C)n1,1,IC50,8.41,2,CHEMBL5887512
Cc1ccc(NC(=O)c2ccnc(C(C)(C)C#N)c2)cc1-c1cc(N2CCOC[C@@H]2C)c(=O)n(C)n1,1,IC50,8.04,2,CHEMBL5982780
Cc1ccc(NC(=O)c2ccnc(C(C)(F)F)c2)cc1-c1cc(N2CCOC[C@@H]2C)c(=O)n(C)n1,1,IC50,8.54,2,CHEMBL6016009
Cc1ccc(NC(=O)c2ccnc(C(C)(C)F)c2)cc1-c1cc(N2CCOC(C)(C)C2)c(=O)n(C)n1,1,IC50,8.17,2,CHEMBL5862245
Cc1ccc(NC(=O)c2ccnc(C(C)(C)C#N)c2)cc1-c1cc(N2CCOC(C)(C)C2)c(=O)n(C)n1,1,IC50,8.11,2,CHEMBL6049303
Cc1ccc(NC(=O)c2ccnc(C(C)(F)F)c2)cc1-c1cc(N2CCOC(C)(C)C2)c(=O)n(C)n1,1,IC50,8.47,2,CHEMBL5880224
Cc1ccc(NC(=O)c2ccnc(C(C)(C)F)c2)cc1-c1cc(N2C3CCC2COC3)c(=O)n(C)n1,1,IC50,8.39,2,CHEMBL5772920
Cc1ccc(NC(=O)c2ccnc(C(C)(C)C#N)c2)cc1-c1cc(N2C3CCC2COC3)c(=O)n(C)n1,1,IC50,8.0,2,CHEMBL5858467
Cc1ccc(NC(=O)c2ccnc(C(C)(F)F)c2)cc1-c1cc(N2C3CCC2COC3)c(=O)n(C)n1,1,IC50,8.55,2,CHEMBL5827478
Cc1ccc(NC(=O)c2ccnc(C(C)(C)C#N)c2)cc1-c1cc(N2CCOCC2(C)C)c(=O)n(C)n1,1,IC50,7.59,2,CHEMBL6043678
Cc1ccc(NC(=O)c2ccnc(C(C)(C)C#N)c2)cc1-c1cc(N2CCOC[C@H]2C)c(=O)n(C)n1,1,IC50,7.8,2,CHEMBL6065480
Cc1ccc(NC(=O)c2ccnc(C(C)(C)F)c2)cc1-c1cc(N2CCOC[C@H]2C)c(=O)n(C)n1,1,IC50,8.2,2,CHEMBL5797407
Cc1ccc(NC(=O)c2ccnc(C(C)(F)F)c2)cc1-c1cc(N2CCOC[C@H]2C)c(=O)n(C)n1,1,IC50,8.43,2,CHEMBL5959672
Cc1ccc(NC(=O)c2ccnc(C(C)(C)C#N)c2)cc1-c1cc(C2CCOCC2)c(=O)n(C)n1,1,IC50,8.31,2,CHEMBL5861728
Cc1ccc(NC(=O)c2ccnc(C(C)(C)F)c2)cc1-c1cc(C2CCOCC2)c(=O)n(C)n1,1,IC50,8.62,2,CHEMBL5818723
Cc1ncc(NC(=O)c2ccnc(C(C)(C)F)c2)cc1-c1cc(N2CCOCC2)c(=O)n(C)n1,1,IC50,7.9,2,CHEMBL5960736
Cc1ncc(NC(=O)c2ccnc(C(C)(F)F)c2)cc1-c1cc(N2CCOCC2)c(=O)n(C)n1,1,IC50,8.19,2,CHEMBL5971203
CCC(F)(F)c1cc(C(=O)Nc2cnc(C)c(-c3cc(N4CCOCC4)c(=O)n(C)n3)c2)ccn1,1,IC50,8.09,2,CHEMBL5878946
Cc1ncc(NC(=O)c2ccnc(C(F)F)c2)cc1-c1cc(N2CCOCC2)c(=O)n(C)n1,1,IC50,7.84,2,CHEMBL5780110
Cc1ncc(NC(=O)c2cccc(C(F)F)c2)cc1-c1cc(N2CCOCC2)c(=O)n(C)n1,1,IC50,8.51,2,CHEMBL5898867
Cc1ncc(NC(=O)c2ccnc(C3CC3)c2)cc1-c1cc(N2CCOCC2)c(=O)n(C)n1,1,IC50,8.16,2,CHEMBL5908148
Cc1ncc(NC(=O)c2ccnc(C3(C#N)CC3)c2)cc1-c1cc(N2CCOCC2)c(=O)n(C)n1,1,IC50,7.96,2,CHEMBL5831198
Cc1ncc(NC(=O)c2cccc(C(F)(F)F)c2)cc1-c1ccc(C#N)c(N2CCOCC2)c1,1,IC50,8.54,2,CHEMBL5898784
Cc1ncc(NC(=O)c2cc(CN(C)C)cc(C(F)(F)F)c2)cc1-c1ccc(C#N)c(N2CCOCC2)c1,1,IC50,7.68,2,CHEMBL5862852
Cc1ncc(NC(=O)c2ccnc(C(C)C)c2)cc1-c1ccc(C#N)c(N2CCOCC2)c1,1,IC50,8.77,2,CHEMBL6057019
Cc1ncc(NC(=O)c2cccc(C(F)(F)F)c2)cc1-c1ccc(S(C)(=O)=O)c(N2CCOCC2)c1,1,IC50,9.1,2,CHEMBL5945061
Cc1ccc(NC(=O)c2ccnc(C(C)(F)F)c2)cc1-c1cc(N2C3CCC2COC3)cc(=O)n1C,1,IC50,7.62,2,CHEMBL5882915
CCNc1nc(-c2cc(NC(=O)c3ccnc(C(F)(F)F)c3)ccc2C)cc(N2CCOCC2)n1,1,IC50,9.0,2,CHEMBL5741155
CCNc1nc(-c2cc(NC(=O)c3ccccc3)ccc2C)cc(N2CCOCC2)n1,1,IC50,8.4,4,CHEMBL5854072
CCNc1nc(-c2cc(NC(=O)c3ccnc(C(C)(C)C)c3)ccc2C)cc(N2CCOCC2)n1,1,IC50,8.62,2,CHEMBL5743669
CCNc1nc(-c2cc(NC(=O)c3ccnc(C(C)(F)F)c3)ccc2C)cc(N2CCOCC2)n1,1,IC50,9.0,2,CHEMBL5839086
CCNc1nc(-c2cc(NC(=O)c3cccc(C(F)F)c3)ccc2C)cc(N2CCOCC2)n1,1,IC50,9.15,2,CHEMBL5773376
CCNc1nc(-c2cc(NC(=O)c3cccc(-c4nnco4)c3)ccc2C)cc(N2CCOCC2)n1,1,IC50,8.77,2,CHEMBL6038084
CCNc1nc(-c2cc(NC(=O)c3ccnc(C(C)C)c3)ccc2C)cc(N2CCOCC2)n1,1,IC50,8.92,2,CHEMBL5986364
CCNc1nc(-c2cc(NC(=O)c3cccc(C(C)(F)F)c3)ccc2C)cc(N2CCOCC2)n1,1,IC50,8.89,2,CHEMBL6053218
CCNc1nc(-c2cc(NC(=O)c3ccnc(S(C)(=O)=O)c3)ccc2C)cc(N2CCOCC2)n1,1,IC50,8.52,2,CHEMBL5858080
CCNc1nc(-c2cc(NC(=O)c3cc(C(F)(F)F)c(=O)n(CC)c3)ccc2C)cc(N2CCOCC2)n1,1,IC50,8.89,2,CHEMBL5925043
CCNc1nc(-c2cc(NC(=O)c3cccc(S(C)(=O)=O)c3)ccc2C)cc(N2CCOCC2)n1,1,IC50,10.7,2,CHEMBL5885861
CCNc1nc(-c2cc(NC(=O)c3ccnc(C(C)(C)O)c3)ccc2C)cc(N2CCOCC2)n1,1,IC50,8.39,2,CHEMBL6031754
CCNc1nc(-c2cc(NC(=O)c3ccnc(C(F)(F)CC)c3)ccc2C)cc(N2CCOCC2)n1,1,IC50,9.1,2,CHEMBL5790619
CCNc1nc(-c2cc(NC(=O)c3ccnc(C4COC4)c3)ccc2C)cc(N2CCOCC2)n1,1,IC50,8.72,2,CHEMBL5881691
CCNc1nc(-c2cc(NC(=O)c3ccnc(C4(C#N)CC4)c3)ccc2C)cc(N2CCOCC2)n1,1,IC50,9.3,2,CHEMBL5814168
CCNc1nc(-c2cc(NC(=O)c3cnnc(C(C)(C)C#N)c3)ccc2C)cc(N2CCOCC2)n1,1,IC50,8.47,2,CHEMBL5929576
CCNc1nc(-c2cc(NC(=O)c3ccnc(C(C)(C)C#N)c3)ccc2C)cc(N2CCOC[C@H]2C)n1,1,IC50,8.25,2,CHEMBL6034920
CCNc1nc(-c2cc(NC(=O)c3ccnc(C(C)(C)O)c3)ccc2C)cc(N2CCOC[C@H]2C)n1,1,IC50,7.92,2,CHEMBL6042178
CCNc1nc(-c2cc(NC(=O)c3ccnc(C(C)(C)O)c3)ccc2C)cc(N2CCOC[C@@H]2C)n1,1,IC50,8.6,2,CHEMBL5887524
CCNc1nc(-c2cc(NC(=O)c3ccnc(C(C)(C)C#N)c3)ccc2C)cc(N2CCOC[C@@H]2C)n1,1,IC50,8.6,2,CHEMBL6006964
CCNc1nc(-c2cc(NC(=O)c3cccc(C(F)(F)F)c3)cnc2C)cc(N2CCOCC2)n1,1,IC50,8.89,2,CHEMBL5820344
CCNc1nc(-c2cc(NC(=O)c3ccnc(C(C)(C)C#N)c3)ccc2C)cc(N2CCOCC2)n1,1,IC50,8.54,2,CHEMBL6024100
CCNc1nc(-c2cc(NC(=O)c3ccnc(C(C)(C)C#N)c3)cnc2C)cc(N2CCOCC2)n1,1,IC50,8.08,2,CHEMBL5765620
CCNc1nc(-c2cc(NC(=O)c3ccnc(C(F)(F)F)c3)cnc2C)cc(N2CCOCC2)n1,1,IC50,8.7,2,CHEMBL5796199
CCNc1nc(-c2cc(NC(=O)c3cc(C(F)(F)F)c(=O)n(CC)c3)cnc2C)cc(N2CCOCC2)n1,1,IC50,7.64,2,CHEMBL5781621
CCNc1nc(-c2cc(NC(=O)c3ccnc(C(F)F)c3)cnc2C)cc(N2CCOCC2)n1,1,IC50,8.48,2,CHEMBL5982839
CCNc1nc(-c2cc(NC(=O)c3cccc(C(F)F)c3)cnc2C)cc(N2CCOCC2)n1,1,IC50,8.8,2,CHEMBL5784058
CCNc1nc(-c2cc(NC(=O)c3ccnc(C(C)(C)O)c3)cnc2C)cc(N2CCOCC2)n1,1,IC50,7.46,2,CHEMBL5859692
CCNc1nc(-c2cc(NC(=O)c3ccnc(C(C)(C)C)c3)cnc2C)cc(N2CCOCC2)n1,1,IC50,7.69,2,CHEMBL6020995
CCNc1nc(-c2cc(NC(=O)c3ccnc(C(C)(F)F)c3)cnc2C)cc(N2CCOCC2)n1,1,IC50,8.38,2,CHEMBL5832816
CCNc1nc(-c2cc(NC(=O)c3cccc(C(C)(C)C#N)c3)cnc2C)cc(N2CCOCC2)n1,1,IC50,8.05,2,CHEMBL5870479
CCNc1nc(-c2cc(NC(=O)c3cnnc(C4CC4)c3)cnc2C)cc(N2CCOCC2)n1,1,IC50,8.07,2,CHEMBL5984933
CCNc1nc(-c2cc(NC(=O)c3ccnc(C4(C#N)CC4)c3)cnc2C)cc(N2CCOCC2)n1,1,IC50,8.36,2,CHEMBL5981726
CCNc1nc(-c2cc(NC(=O)c3ccnc(C4COC4)c3)cnc2C)cc(N2CCOCC2)n1,1,IC50,7.75,2,CHEMBL5897738
CCNc1nc(-c2cc(NC(=O)c3cnnc(C(C)(C)C#N)c3)cnc2C)cc(N2CCOCC2)n1,1,IC50,7.57,2,CHEMBL5898083
CCNc1nc(-c2cc(C(=O)Nc3ccccc3)ccc2C)cc(N2CCOCC2)n1,1,IC50,8.36,2,CHEMBL5954219
CCNc1nc(-c2cc(C(=O)Nc3cccc(C(C)(C)C#N)c3)ccc2C)cc(N2CCOCC2)n1,1,IC50,8.66,2,CHEMBL5798057
CCNc1nc(-c2cc(C(=O)Nc3cccc(C(F)F)c3)ccc2C)cc(N2CCOCC2)n1,1,IC50,9.1,2,CHEMBL5890874
Cc1ccc(NC(=O)c2ccnc(C(C)(C)C#N)c2)cc1-c1cc(N2CCOCC2)nc(NCCO)n1,1,IC50,8.16,2,CHEMBL6058906
Cc1ncc(NC(=O)c2cccc(C(F)(F)F)c2)cc1-c1cc(N2CCOCC2)nc(NCCO)n1,1,IC50,8.37,2,CHEMBL5899663
Cc1ncc(NC(=O)c2ccnc(C(C)(C)C#N)c2)cc1-c1cc(N2CCOCC2)nc(NCCO)n1,1,IC50,7.32,2,CHEMBL6047602
Cc1ccc(NC(=O)c2cnnc(C(C)(C)C#N)c2)cc1-c1cc(N2CCOCC2)nc(NCCO)n1,1,IC50,7.75,2,CHEMBL5953442
Cc1ncc(NC(=O)c2ccnc(C(C)(C)C#N)c2)cc1-c1cc(N2CCOCC2)nc(NC[C@H](C)O)n1,1,IC50,7.48,2,CHEMBL6002407
Cc1ccc(NC(=O)c2ccnc(C(C)(C)C#N)c2)cc1-c1cc(N2CCOCC2)nc(NC[C@H](C)O)n1,1,IC50,8.39,2,CHEMBL6064047
Cc1ncc(NC(=O)c2cccc(C(F)(F)F)c2)cc1-c1cc(N2CCOCC2)nc(NC[C@H](C)O)n1,1,IC50,8.68,2,CHEMBL5872065
Cc1ccc(NC(=O)c2ccnc(C(C)(C)C#N)c2)cc1-c1cc(N2CCOCC2)nc(NC[C@@H](C)O)n1,1,IC50,8.29,2,CHEMBL5758471
Cc1ncc(NC(=O)c2ccnc(C(C)(C)C#N)c2)cc1-c1cc(N2CCOCC2)nc(NC[C@@H](C)O)n1,1,IC50,7.41,2,CHEMBL6025239
Cc1ncc(NC(=O)c2ccnc(C(F)(F)F)c2)cc1-c1cc(N2CCOCC2)nc(NC[C@@H](C)O)n1,1,IC50,8.43,2,CHEMBL5918803
Cc1ncc(NC(=O)c2ccnc(C(C)(C)C#N)c2)cc1-c1cc(N2CCOCC2)nc(N[C@@H](C)CO)n1,1,IC50,7.37,2,CHEMBL5844278
Cc1ncc(NC(=O)c2cccc(C(F)(F)F)c2)cc1-c1cc(N2CCOCC2)nc(N[C@@H](C)CO)n1,1,IC50,8.44,2,CHEMBL5910775
Cc1ccc(NC(=O)c2ccnc(C(C)(C)C#N)c2)cc1-c1cc(N2CCOCC2)nc(N[C@@H](C)CO)n1,1,IC50,8.34,2,CHEMBL5845918
Cc1ncc(NC(=O)c2ccnc(C(C)(C)C#N)c2)cc1-c1cc(N2CCOCC2)nc(N[C@H](C)CO)n1,1,IC50,7.72,2,CHEMBL5799352
Cc1ncc(NC(=O)c2cccc(C(F)(F)F)c2)cc1-c1cc(N2CCOCC2)nc(N[C@H](C)CO)n1,1,IC50,8.72,2,CHEMBL6052190
Cc1ccc(NC(=O)c2ccnc(C(C)(C)C#N)c2)cc1-c1cc(N2CCOCC2)nc(N[C@H](C)CO)n1,1,IC50,8.72,2,CHEMBL5926358
Cc1ncc(NC(=O)c2ccnc(C(C)(C)C#N)c2)cc1-c1cc(N2CCOCC2)nc(NC(C)(C)CO)n1,1,IC50,7.66,2,CHEMBL5749300
Cc1ccc(NC(=O)c2ccnc(C(C)(C)C#N)c2)cc1-c1cc(N2CCOCC2)nc(NC(C)(C)CO)n1,1,IC50,8.85,2,CHEMBL5969694
Cc1ncc(NC(=O)c2cccc(C(F)(F)F)c2)cc1-c1cc(N2CCOCC2)nc(NC(C)(C)CO)n1,1,IC50,8.74,2,CHEMBL5836112
OCC1(Nc2nc(Cl)cc(N3CCOCC3)n2)CCOCC1,1,IC50,7.51,2,CHEMBL5877943
Cc1ccc(NC(=O)c2ccnc(C(C)(C)C#N)c2)cc1-c1cc(N2CCOCC2)nc(NC2(CO)CCOCC2)n1,1,IC50,8.47,2,CHEMBL5915584
Cc1ccc(NC(=O)c2ccnc(C(C)(C)C#N)c2)cc1-c1cc(N2CCOCC2)nc(N(C)C)n1,1,IC50,7.75,2,CHEMBL5770674
Cc1ccc(NC(=O)c2ccnc(C(C)(F)F)c2)cc1-c1cc(N2CCOCC2)nc(N(C)C)n1,1,IC50,8.38,2,CHEMBL5789937
Cc1ccc(NC(=O)c2ccnc(C(C)C)c2)cc1-c1cc(N2CCOCC2)nc(N(C)C)n1,1,IC50,8.85,2,CHEMBL5751611
Cc1ccc(NC(=O)c2ccnc(C(F)(F)F)c2)cc1-c1cc(N2CCOCC2)nc(N(C)C)n1,1,IC50,8.55,2,CHEMBL6057993
Cc1ccc(NC(=O)c2ccnc(S(C)(=O)=O)c2)cc1-c1cc(N2CCOCC2)nc(N(C)C)n1,1,IC50,7.94,2,CHEMBL5884286
Cc1ncc(NC(=O)c2cccc(C(F)(F)F)c2)cc1-c1cc(N2CCOCC2)nc(N(C)C)n1,1,IC50,7.96,2,CHEMBL5812967
CCOc1nc(-c2cc(NC(=O)c3ccnc(C(C)(F)F)c3)ccc2C)cc(N2CCOCC2)n1,1,IC50,9.05,2,CHEMBL5980958
CCOc1nc(-c2cc(NC(=O)c3ccnc(C(F)(F)F)c3)ccc2C)cc(N2CCOCC2)n1,1,IC50,9.15,2,CHEMBL5963355
CCOc1nc(-c2cc(NC(=O)c3ccnc(C(C)C)c3)ccc2C)cc(N2CCOCC2)n1,1,IC50,8.96,2,CHEMBL5822473
CCOc1nc(-c2cc(NC(=O)c3ccnc(C(C)(C)C#N)c3)ccc2C)cc(N2CCOCC2)n1,1,IC50,8.47,2,CHEMBL5758729
Cc1ccc(NC(=O)c2cccc(C(F)(F)F)c2)cc1-c1cc(N2CCOCC2)nc(N2CC(O)C2)n1,1,IC50,9.0,3,CHEMBL5945248
Cc1ccc(C(=O)Nc2cccc(C(F)(F)F)c2)cc1-c1cc(N2CCOCC2)nc(N2CC(O)C2)n1,1,IC50,8.74,1,CHEMBL5799483
Cc1ncc(NC(=O)c2ccnc(C(C)(C)C#N)c2)cc1-c1cc(N2CCOCC2)nc(N2CC(O)C2)n1,1,IC50,7.33,2,CHEMBL5984894
Cc1ncc(NC(=O)c2cccc(C(F)(F)F)c2)cc1-c1cc(N2CCOCC2)nc(N2CC(O)C2)n1,1,IC50,7.96,2,CHEMBL5809277
Cc1ccc(NC(=O)c2ccnc(C(C)(C)C#N)c2)cc1-c1cc(N2CCOCC2)nc(N2CC(O)C2)n1,1,IC50,8.0,2,CHEMBL5917463
Cc1ncc(NC(=O)c2cccc(C(F)F)c2)cc1-c1cc(N2CCOCC2)nc(N2CC(O)C2)n1,1,IC50,8.28,2,CHEMBL5754973
Cc1ccc(NC(=O)c2ccnc(C(C)C)c2)cc1-c1cc(N2CCOCC2)nc(N2CC(O)C2)n1,1,IC50,8.6,2,CHEMBL5925869
Cc1ccc(NC(=O)c2ccnc(C(C)(F)F)c2)cc1-c1cc(N2CCOCC2)nc(N2CC(O)C2)n1,1,IC50,8.72,2,CHEMBL6003525
Cc1ccc(NC(=O)c2ccnc(C(F)(F)F)c2)cc1-c1cc(N2CCOCC2)nc(N2CC(O)C2)n1,1,IC50,8.77,2,CHEMBL5981070
Cc1ncc(NC(=O)c2cccc(C(F)(F)F)c2)cc1-c1cc(N2CCOCC2)nc(N2CCNCC2)n1,1,IC50,7.7,2,CHEMBL6034202
Cc1ncc(NC(=O)c2cccc(C(F)(F)F)c2)cc1-c1cc(N2CCOCC2)nc(OC2CNC2)n1,0,IC50,4.6,2,CHEMBL5880406
Cc1ccc(NC(=O)c2ccnc(C(C)(C)C#N)c2)cc1-c1cc(N2CCOCC2)nc(OC2CNC2)n1,1,IC50,9.7,2,CHEMBL5912922
Cc1ccc(NC(=O)c2ccnc(C(C)C)c2)cc1-c1cc(N2CCOCC2)nc(OC2CNC2)n1,1,IC50,8.64,2,CHEMBL5989856
Cc1ccc(NC(=O)c2ccnc(C(C)(F)F)c2)cc1-c1cc(N2CCOCC2)nc(OC2CNC2)n1,1,IC50,8.66,2,CHEMBL5805948
Cc1ccc(NC(=O)c2ccnc(C(F)(F)F)c2)cc1-c1cc(N2CCOCC2)nc(OC2CNC2)n1,1,IC50,8.68,2,CHEMBL5782839
Cc1ncc(NC(=O)c2cccc(C(F)(F)F)c2)cc1-c1cc(N2CCOCC2)nc(N2C(=O)OC[C@@H]2C)n1,1,IC50,7.97,2,CHEMBL6032883
Cc1ccc(NC(=O)c2ccnc(C(C)(C)C#N)c2)cc1-c1cc(N2CCOCC2)nc(N2C(=O)OC[C@@H]2C)n1,1,IC50,7.66,2,CHEMBL6065892
Cc1ccc(NC(=O)c2cccc(C(F)(F)F)c2)cc1-c1cc(N2CCOCC2)nc(N2C(=O)OC[C@@H]2C)n1,1,IC50,8.2,2,CHEMBL5784018
Cc1ncc(NC(=O)c2ccnc(C(C)(C)C#N)c2)cc1-c1cc(N2CCOCC2)nc(N2C(=O)OC[C@@H]2C)n1,1,IC50,6.7,2,CHEMBL6048299
Cc1ccc(NC(=O)c2ccnc(C(F)F)c2)cc1-c1cc(N2CCOCC2)nc(N2C(=O)OC[C@@H]2C)n1,1,IC50,8.12,2,CHEMBL5806339
Cc1ccc(NC(=O)c2ccnc(C(C)(C)C#N)c2)cc1-c1cc(N2CCOCC2)nc(NC2CNC2)n1,1,IC50,7.83,2,CHEMBL6002334
Cc1ncc(NC(=O)c2cccc(C(F)(F)F)c2)cc1-c1cc(N2CCOCC2)nc(NC2CNC2)n1,1,IC50,8.26,2,CHEMBL6014051
Cc1ncc(NC(=O)c2cccc(C(F)(F)F)c2)cc1-c1cc(N2CCOCC2)nc(C(C)(C)O)n1,1,IC50,6.7,2,CHEMBL6042800
Cc1ncc(NC(=O)c2ccnc(C(C)(C)F)c2)cc1-c1cc(N2CCOCC2)n2nccc2n1,1,IC50,8.46,2,CHEMBL5801252
Cc1ncc(NC(=O)c2ccnc(C(C)(C)C#N)c2)cc1-c1cc(N2CCOCC2)n2nccc2n1,1,IC50,7.96,2,CHEMBL6054999
Cc1ccc(NC(=O)c2ccnc(C(C)(C)C#N)c2)cc1-c1cc(N2CCOCC2)n2nccc2n1,1,IC50,8.77,2,CHEMBL6020398
Cc1ncc(NC(=O)c2cccc(C(F)(F)F)c2)cc1-c1cc(N2CCOCC2)n2nccc2n1,1,IC50,8.89,2,CHEMBL5753397
Cc1ccc(NC(=O)c2ccnc(C(C)(C)O)c2)cc1-c1cc(N2CCOCC2)n2nccc2n1,1,IC50,8.59,2,CHEMBL5826166
Cc1ccc(NC(=O)c2cnnc(C(C)(C)C#N)c2)cc1-c1cc(N2CCOCC2)n2nccc2n1,1,IC50,8.74,2,CHEMBL5999388
Cc1ccc(NC(=O)c2ccnc(C3(C#N)CC3)c2)cc1-c1cc(N2CCOCC2)n2nccc2n1,1,IC50,9.15,2,CHEMBL6007222
Cc1ncc(NC(=O)c2ccnc(C(C)(C)O)c2)cc1-c1cc(N2CCOCC2)n2nccc2n1,1,IC50,7.61,2,CHEMBL6057280
Cc1ncc(NC(=O)c2ccnc(C(F)(F)F)c2)cc1-c1cc(N2CCOCC2)n2nccc2n1,1,IC50,8.96,2,CHEMBL5969161
Cc1ncc(NC(=O)c2ccnc(C(C)(F)F)c2)cc1-c1cc(N2CCOCC2)n2nccc2n1,1,IC50,8.82,2,CHEMBL5969734
CCC(F)(F)c1cc(C(=O)Nc2cnc(C)c(-c3cc(N4CCOCC4)n4nccc4n3)c2)ccn1,1,IC50,8.7,2,CHEMBL5906473
Cc1ncc(NC(=O)c2cnnc(C(F)(F)F)c2)cc1-c1cc(N2CCOCC2)n2nccc2n1,1,IC50,8.52,2,CHEMBL5876267
Cc1ncc(NC(=O)c2ccnc(C3(C#N)CC3)c2)cc1-c1cc(N2CCOCC2)n2nccc2n1,1,IC50,8.51,2,CHEMBL5904688
Cc1ncc(NC(=O)c2ccnc(C(F)F)c2)cc1-c1cc(N2CCOCC2)n2nccc2n1,1,IC50,8.72,2,CHEMBL5781199
Cc1ncc(NC(=O)c2cccc(C(F)F)c2)cc1-c1cc(N2CCOCC2)n2nccc2n1,1,IC50,9.1,2,CHEMBL5816685
Cc1ccc(NC(=O)c2ccnc(C(F)F)c2)cc1-c1cc(N2CCOCC2)n2nccc2n1,1,IC50,9.4,2,CHEMBL5800675
Cc1ccc(NC(=O)c2ccnc(S(C)(=O)=O)c2)cc1-c1cc(N2CCOCC2)n2nccc2n1,1,IC50,8.96,2,CHEMBL5864290
Cc1ncc(NC(=O)c2ccnc(S(C)(=O)=O)c2)cc1-c1cc(N2CCOCC2)n2nccc2n1,1,IC50,8.06,2,CHEMBL5916004
Cc1ncc(NC(=O)c2cc(C(F)(F)F)ccn2)cc1-c1cc(N2CCOCC2)n2nccc2n1,1,IC50,8.85,2,CHEMBL5814264
Cc1ncc(NC(=O)c2cccc(S(C)(=O)=O)c2)cc1-c1cc(N2CCOCC2)c2nc[nH]c2c1,1,IC50,8.57,2,CHEMBL5877225
CCn1cc(C(=O)Nc2cnc(C)c(-c3cc4[nH]cnc4c(N4CCOCC4)n3)c2)c(C)n1,1,IC50,7.5,2,CHEMBL5909799
Cc1nn(C)cc1C(=O)Nc1cnc(C)c(-c2cc3[nH]cnc3c(N3CCOCC3)n2)c1,1,IC50,7.0,2,CHEMBL6049596
Cc1nn(C(C)C)cc1C(=O)Nc1cnc(C)c(-c2cc3[nH]cnc3c(N3CCOCC3)n2)c1,1,IC50,7.77,2,CHEMBL5995246
Cc1cc(C(=O)Nc2cnc(C)c(-c3cc4[nH]cnc4c(N4CCOCC4)n3)c2)n(C)n1,1,IC50,6.7,2,CHEMBL5739978
Cc1ncc(NC(=O)c2cc(C3CC3)nn2C)cc1-c1cc2[nH]cnc2c(N2CCOCC2)n1,1,IC50,7.75,2,CHEMBL5956466
Cc1ncc(NC(=O)c2cc(C3CC3)on2)cc1-c1cc2[nH]cnc2c(N2CCOCC2)n1,1,IC50,8.85,2,CHEMBL5949500
Cc1ncc(NC(=O)c2ccnc(S(C)(=O)=O)c2)cc1-c1cc2[nH]cnc2c(N2CCOCC2)n1,1,IC50,8.42,2,CHEMBL5849250
Cc1ncc(NC(=O)c2cccc(-c3nnco3)c2)cc1-c1cc2[nH]cnc2c(N2CCOCC2)n1,1,IC50,8.11,2,CHEMBL5773125
Cc1ncc(NC(=O)c2ccnc(C(C)(C)O)c2)cc1-c1cc2[nH]cnc2c(N2CCOCC2)n1,1,IC50,8.03,2,CHEMBL5822068
Cc1ccc(NC(=O)c2cccc(C(F)(F)F)c2)cc1-c1nc(N2CCOCC2)c2[nH]ccc2n1,1,IC50,9.22,2,CHEMBL6025398
Cc1ccc(NC(=O)c2cccc(C(F)(F)F)c2)cc1-c1nc(N2CCOCC2)c2cccnc2n1,1,IC50,8.77,2,CHEMBL5961922
Cc1ccc(NC(=O)c2cccc(C(F)(F)F)c2)cc1-c1nc2c(c(N3CCOCC3)n1)CCN(C(=O)OC(C)(C)C)C2,1,IC50,9.22,2,CHEMBL5753558
Cc1ccc(NC(=O)c2cccc(C(F)(F)F)c2)cc1-c1nc2c(c(N3CCOCC3)n1)CNCC2,1,IC50,8.68,2,CHEMBL5951083
Cc1ccc(NC(=O)c2cccc(C(F)(F)F)c2)cc1-c1nc2c(c(N3CCOCC3)n1)CNC2,1,IC50,8.51,2,CHEMBL5884582
Cc1ccc(NC(=O)c2cccc(C(F)(F)F)c2)cc1-c1nc(N2CCOCC2)c2c(cnn2C)n1,1,IC50,9.7,2,CHEMBL5831664
Cc1ccc(NC(=O)c2cccc(C(F)(F)F)c2)cc1-c1nc(N2CCOCC2)c2occc2n1,1,IC50,9.05,2,CHEMBL5780160
Cc1ccc(NC(=O)c2cccc(C(F)(F)F)c2)cc1-c1nc(N2CCOCC2)c2ncsc2n1,1,IC50,9.05,2,CHEMBL5928362
Cc1ccc(NC(=O)c2cccc(C(F)(F)F)c2)cc1-c1nc(N2CCOCC2)c2cnn(C)c2n1,1,IC50,9.22,2,CHEMBL5982508
Cc1ccc(NC(=O)c2ccnc(C(C)(C)O)c2)cc1-c1cc(N2CCOCC2)c2nccn2n1,1,IC50,8.77,2,CHEMBL5966375
Cc1ccc(NC(=O)c2ccnc(C(C)C)c2)cc1-c1cc(N2CCOCC2)c2nccn2n1,1,IC50,8.89,2,CHEMBL6007610
Cc1ccc(NC(=O)c2ccnc(C(C)(F)F)c2)cc1-c1cc(N2CCOCC2)c2nccn2n1,1,IC50,9.1,2,CHEMBL5789044
Cc1ccc(NC(=O)c2ccnc(C(C)(C)C#N)c2)cc1-c1cc(N2CCOCC2)c2nccn2n1,1,IC50,8.77,2,CHEMBL5931419
Cc1ccc(NC(=O)c2ccnc(C(C)(C)C)c2)cc1-c1cc(N2CCOCC2)c2nccn2n1,1,IC50,9.05,2,CHEMBL5816932
Cc1ccc(NC(=O)c2cccc(C(C)(C)C#N)c2)cc1-c1cc(N2CCOCC2)c2nccn2n1,1,IC50,9.22,2,CHEMBL5796028
Cc1ccc(NC(=O)c2cccc(C(F)F)c2)cc1-c1cc(N2CCOCC2)c2nccn2n1,1,IC50,9.7,2,CHEMBL6023111
Cc1ccc(NC(=O)c2cccc(C(F)F)c2)cc1-c1cc(N2CCOCC2)c2nccn2c1,1,IC50,9.4,2,CHEMBL5862003
Cc1ccc(NC(=O)c2ccnc(C(F)(F)F)c2)cc1-c1cc(N2CCOCC2)c2nccn2c1,1,IC50,8.42,2,CHEMBL6055723
Cc1ccc(NC(=O)c2ccnc(C(F)F)c2)cc1-c1cc(N2CCOCC2)c2nccn2c1,1,IC50,9.22,2,CHEMBL5798274
Cc1ccc(NC(=O)c2ccnc(S(C)(=O)=O)c2)cc1-c1cc(N2CCOCC2)c2nccn2c1,1,IC50,9.05,2,CHEMBL5994187
Cc1ccc(NC(=O)c2cnnc(C(F)(F)F)c2)cc1-c1cc(N2CCOCC2)c2nccn2c1,1,IC50,9.15,2,CHEMBL5901255
Cc1ccc(NC(=O)c2ccc(CBr)c(C(F)(F)F)c2)cc1-c1cc(N2CCOCC2)c2nccn2c1,1,IC50,8.62,2,CHEMBL6057160
Cc1ccc(NC(=O)c2cccc(C(F)F)c2)cc1-c1nc2c(c(N3CCOCC3)n1)S(=O)(=O)CC2,1,IC50,9.1,2,CHEMBL5768457
Cc1ccc(NC(=O)c2ccnc(C(C)(C)C#N)c2)cc1-c1nc2c(c(N3CCOCC3)n1)S(=O)(=O)CC2,1,IC50,8.64,2,CHEMBL5907539
Cc1ccc(NC(=O)c2ccnc(C(F)F)c2)cc1-c1nc2c(c(N3CCOCC3)n1)S(=O)(=O)CC2,1,IC50,8.26,2,CHEMBL5926621
Cc1ccc(NC(=O)c2cccc(C(F)(F)F)c2)cc1-c1nc2c(c(N3CCOCC3)n1)S(=O)(=O)CC2,1,IC50,9.4,2,CHEMBL5937628
Cc1ccc(NC(=O)c2ccnc(C(C)(C)C#N)c2)cc1-c1cn2ccnc2c(N2CCOCC2)n1,1,IC50,7.94,2,CHEMBL6055503
Cc1ccc(NC(=O)c2ccnc(C(C)(C)C#N)c2)cc1-c1nc(N2CCOCC2)c2c(cnn2C)n1,1,IC50,8.6,2,CHEMBL5767796
Cc1ccc(NC(=O)c2ccnc(C(C)(C)C#N)c2)cc1-c1nc(N2CCOCC2)c2sccc2n1,1,IC50,9.05,2,CHEMBL5916144
Cc1ccc(NC(=O)c2ccnc(C(C)(C)C#N)c2)cc1-c1nc(N2CCOCC2)c2[nH]ccc2n1,1,IC50,8.55,2,CHEMBL5980850
Cc1ccc(NC(=O)c2ccnc(C(C)(C)C#N)c2)cc1-c1nc2c(c(N3CCOCC3)n1)CN(C(=O)OC(C)(C)C)CC2,1,IC50,7.16,2,CHEMBL6054101
Cc1ccc(NC(=O)c2ccnc(C(C)(C)C#N)c2)cc1-c1nc2c(c(N3CCOCC3)n1)CNC2,1,IC50,8.12,2,CHEMBL5917112
Cc1ncc(NC(=O)c2cccc(C(F)(F)F)c2)cc1-c1cc(N2CCOCC2)c2nccn2n1,1,IC50,8.85,2,CHEMBL6000493
Cc1ncc(NC(=O)c2cc(C(F)(F)F)ccn2)cc1-c1cc(N2CCOCC2)c2nccn2n1,1,IC50,8.89,2,CHEMBL5984395
Cc1ncc(NC(=O)c2ccnc(C(C)C)c2)cc1-c1cc(N2CCOCC2)c2nccn2n1,1,IC50,8.89,2,CHEMBL5936114
Cc1ncc(NC(=O)c2ccnc(C(C)(C)O)c2)cc1-c1cc(N2CCOCC2)c2nccn2n1,1,IC50,8.12,3,CHEMBL6010085
Cc1ncc(NC(=O)c2ccnc(C(C)(F)F)c2)cc1-c1cc(N2CCOCC2)c2nccn2n1,1,IC50,9.22,3,CHEMBL5772954
Cc1ncc(NC(=O)c2ccc(C(O)CO)c(C(F)(F)F)c2)cc1-c1cc(N2CCOCC2)c2nccn2n1,1,IC50,8.55,2,CHEMBL5936678
CNC(=O)C1CN(c2cc(-c3cc(NC(=O)c4cccc(C(F)(F)F)c4)cnc3C)nn3ccnc23)CCO1,1,IC50,7.71,2,CHEMBL5939347
Cc1ncc(NC(=O)c2ccc(CBr)c(C(F)(F)F)c2)cc1-c1cc(N2CCOCC2)c2nccn2n1,1,IC50,8.18,2,CHEMBL6006305
Cc1ncc(NC(=O)c2cc(C(F)(F)F)ccn2)cc1-c1cc(N2CCOCC2)c2nccn2c1,1,IC50,8.62,2,CHEMBL5830619
Cc1ncc(NC(=O)c2ccc(C#N)c(C(F)(F)F)c2)cc1-c1cc(N2CCOCC2)c2nccn2c1,1,IC50,8.19,1,CHEMBL5884449
Cc1ncc(NC(=O)c2ccnc(C(C)(C)O)c2)cc1-c1cc(N2CCOCC2)c2nccn2c1,1,IC50,7.0,1,CHEMBL6041422
Cc1ncc(NC(=O)c2ccnc(C(C)(F)F)c2)cc1-c1cc(N2CCOCC2)c2nccn2c1,1,IC50,8.21,1,CHEMBL5807042
Cc1ncc(NC(=O)c2cccc(C(F)F)c2)cc1-c1cc(N2CCOCC2)c2nccn2c1,1,IC50,8.49,1,CHEMBL5772875
Cc1ncc(NC(=O)c2ccnc(C(C)(C)C#N)c2)cc1-c1cc(N2CCOCC2)c2nccn2c1,1,IC50,7.48,1,CHEMBL5930496
Cc1ncc(NC(=O)c2ccnc(C(C)C)c2)cc1-c1cc(N2CCOCC2)c2nccn2c1,1,IC50,8.09,2,CHEMBL5873778
Cc1ncc(NC(=O)c2cccc(C(F)(F)F)c2)cc1-c1cc(N2CCOCC2)c2nccn2c1,1,IC50,8.77,4,CHEMBL5781792
Cc1ncc(NC(=O)c2ccc(CBr)c(C(F)(F)F)c2)cc1-c1cc(N2CCOCC2)c2nccn2c1,1,IC50,7.92,2,CHEMBL5782881
Cc1ncc(NC(=O)c2cccc(C(F)(F)F)c2)cc1-c1nc2c(c(N3CCOCC3)n1)CS(=O)(=O)C2,1,IC50,8.12,2,CHEMBL5794023
Cc1ccc(C(=O)Nc2cccc(C(F)(F)F)c2)cc1-c1cc(N2CCOCC2)c2nccn2n1,1,IC50,8.8,2,CHEMBL5985005
Cc1ccc(C(=O)Nc2cccc(C(F)(F)F)c2)cc1-c1nc2c(c(N3CCOCC3)n1)CNC2,1,IC50,8.48,2,CHEMBL5794996
Cc1ccc(NC(=O)c2cnnc(C3(C#N)CC3)c2)cc1-c1cc(N2CCOCC2)n(C)c(=O)c1,1,IC50,8.73,2,CHEMBL6056818
Cc1ccc(NC(=O)c2cc(C(C)(C)C#N)ccn2)cc1-c1cc(N2CCOCC2)n(C)c(=O)c1,1,IC50,8.5,2,CHEMBL5948324
Cc1ccc(NC(=O)c2cncc(C(F)(F)F)c2)cc1-c1cc(N2CCOCC2)n(C)c(=O)c1,1,IC50,9.07,2,CHEMBL5850073
Cc1ccc(NC(=O)c2cnnc(C3(C#N)CC3)c2)cc1-c1cc(N2CCOCC2)c(=O)n(C)c1,1,IC50,8.47,2,CHEMBL5907816
Cc1ccc(NC(=O)c2cc(C(C)(C)C#N)ccn2)cc1-c1cc(N2CCOCC2)c(=O)n(C)c1,1,IC50,8.44,2,CHEMBL5828466
Cc1ccc(NC(=O)c2cncc(C(F)(F)F)c2)cc1-c1cc(N2CCOCC2)c(=O)n(C)c1,1,IC50,8.7,2,CHEMBL5750188
Cc1ccc(NC(=O)c2cc(C(C)(F)F)ccn2)cc1-c1cc(N2CCOCC2)c(=O)n(C)c1,1,IC50,8.63,2,CHEMBL5828196
Cc1ccc(NC(=O)c2cc(C(C)(C)O)ccn2)cc1-c1cc(N2CCOCC2)c(=O)n(C)c1,1,IC50,8.03,2,CHEMBL5809765
Cc1ccc(NC(=O)c2cc(C(C)(C)F)ccn2)cc1-c1cc(N2CCOCC2)c(=O)n(C)c1,1,IC50,8.35,2,CHEMBL5841751
Cc1ccc(NC(=O)c2cc(C(F)(F)F)cc(C(C)(C)NC(=O)OC(C)(C)C)c2)cc1-c1cc(N2CCOCC2)c(=O)n(C)c1,1,IC50,8.16,2,CHEMBL5947631
Cc1ccc(NC(=O)c2cncc(C(F)(F)F)c2)cc1-c1cc(N2CCOCC2)c(=O)n(C)n1,1,IC50,8.81,2,CHEMBL5869161
Cc1ccc(NC(=O)c2cc(C(C)(C)C#N)ccn2)cc1-c1cc(N2CCOCC2)c(=O)n(C)n1,1,IC50,8.29,2,CHEMBL5903777
Cc1ncc(NC(=O)c2ccnc(C(C)(C)F)c2)cc1-c1cc(N2CCOCC2)c(OC(C)C)nn1,1,IC50,8.45,2,CHEMBL5953633
Cc1ncc(NC(=O)c2ccnc(C(C)(F)F)c2)cc1-c1cc(N2CCOCC2)c(OC(C)C)nn1,1,IC50,8.65,2,CHEMBL5976152
Cc1ncc(NC(=O)c2ccnc(C(F)F)c2)cc1-c1cc(N2CCOCC2)c(OC(C)C)nn1,1,IC50,8.67,2,CHEMBL6065103
CCC(F)(F)c1cc(C(=O)Nc2cnc(C)c(-c3cc(N4CCOCC4)c(OCC(F)F)nn3)c2)ccn1,1,IC50,8.71,2,CHEMBL6002849
Cc1ncc(NC(=O)c2ccnc(C(C)(F)F)c2)cc1-c1cc(N2CCOCC2)c(OCC(F)F)nn1,1,IC50,8.96,2,CHEMBL5772478
Cc1ncc(NC(=O)c2cc(C(F)(F)F)ccn2)cc1-c1cc(N2CCOCC2)c(OCC(F)F)nn1,1,IC50,8.88,2,CHEMBL5803168
Cc1ncc(NC(=O)c2cncc(C(F)(F)F)c2)cc1-c1cc(N2CCOCC2)c(OCC(F)F)nn1,1,IC50,9.1,2,CHEMBL5988867
Cc1ncc(NC(=O)c2cccc(C(F)(F)F)c2)cc1-c1cc(N2CCOCC2)c(OCC(F)F)nn1,1,IC50,8.93,2,CHEMBL5969582
Cc1ncc(NC(=O)c2cccc(C(F)(F)F)c2)cc1-c1cc(N2CCOCC2)c(S(C)(=O)=O)nn1,1,IC50,8.39,2,CHEMBL5753861
Cc1ncc(NC(=O)c2ccnc(C(C)(F)F)c2)cc1-c1cc(N2CCOCC2)c(S(C)(=O)=O)nn1,1,IC50,8.05,2,CHEMBL5861330
Cc1ncc(NC(=O)c2ccnc(C(F)(F)F)c2)cc1-c1cc(N2CCOCC2)c(S(C)(=O)=O)nn1,1,IC50,8.11,2,CHEMBL6040379
Cc1ncc(NC(=O)c2cc(C(F)(F)F)ccn2)cc1-c1cc(N2CCOCC2)c(S(C)(=O)=O)nn1,1,IC50,8.26,2,CHEMBL5926333
Cc1ncc(NC(=O)c2ccnc(C(C)(C)C#N)c2)cc1-c1cc(N2CCOCC2)c(S(C)(=O)=O)nn1,1,IC50,7.24,2,CHEMBL5967641
CCC(F)(F)c1cc(C(=O)Nc2cnc(C)c(-c3cc(N4CCOCC4)c(S(C)(=O)=O)nn3)c2)ccn1,1,IC50,7.92,2,CHEMBL5955851
CCC(F)(F)c1cc(C(=O)Nc2ccc(C)c(-c3cc(N4CCOCC4)c(S(C)(=O)=O)nn3)c2)ccn1,1,IC50,8.67,2,CHEMBL5833083
Cc1ncc(NC(=O)c2ccnc(C(C)(C)F)c2)cc1-c1cc(N2CCOCC2)c(S(C)(=O)=O)nn1,1,IC50,8.1,2,CHEMBL5955070
Cc1ccc(NC(=O)c2ccnc(C(C)(C)F)c2)cc1-c1cc(N2CCOCC2)c(S(C)(=O)=O)nn1,1,IC50,8.72,2,CHEMBL5950400
Cc1ccc(NC(=O)c2ccnc(C(C)(F)F)c2)cc1-c1cc(N2CCOCC2)c(S(C)(=O)=O)nn1,1,IC50,8.98,2,CHEMBL6053993
Cc1ccc(NC(=O)c2ccnc(C(F)(F)F)c2)cc1-c1cc(N2CCOCC2)c(S(C)(=O)=O)nn1,1,IC50,8.99,2,CHEMBL5870799
Cc1ccc(NC(=O)c2ccnc(C(C)(C)C#N)c2)cc1-c1cc(N2CCOCC2)c(S(C)(=O)=O)nn1,1,IC50,8.57,2,CHEMBL5946720
Cc1ccc(NC(=O)c2ccnc(C(C)(C)O)c2)cc1-c1cc(N2CCOCC2)c(S(C)(=O)=O)nn1,1,IC50,8.16,2,CHEMBL5865317
Cc1ccc(NC(=O)c2cc(C(F)(F)F)ccn2)cc1-c1cc(N2CCOCC2)c(S(C)(=O)=O)nn1,1,IC50,9.11,2,CHEMBL6008181
COc1ncc(-c2cc(NC(=O)c3cccc(C(F)(F)F)c3)nnc2C)cc1N1CCOCC1,1,IC50,8.38,2,CHEMBL5926274
Cc1ncc(NC(=O)c2cncc(C(F)(F)F)c2)cc1-c1cnc(OCC(F)F)c(N2CCOCC2)c1,1,IC50,8.69,2,CHEMBL6014188
Cc1ncc(NC(=O)c2cnnc(C3(C#N)CC3)c2)cc1-c1cnc(OCC(F)F)c(N2CCOCC2)c1,1,IC50,8.12,2,CHEMBL5986629
Cc1ncc(NC(=O)c2cccc(S(C)(=O)=O)c2)cc1-c1cnc(OC2CCOCC2)c(N2CCOCC2)c1,1,IC50,8.34,2,CHEMBL5889414
Cc1ncc(NC(=O)c2ccnc(C(C)(F)F)c2)cc1-c1cnc(OC2CCOCC2)c(N2CCOCC2)c1,1,IC50,8.63,2,CHEMBL5761691
Cc1ncc(NC(=O)c2ccnc(C(C)(C)O)c2)cc1-c1cnc(OC2CCOCC2)c(N2CCOCC2)c1,1,IC50,7.82,2,CHEMBL5831523
Cc1ncc(NC(=O)c2ccnc(C3(C#N)CC3)c2)cc1-c1cnc(OC2CCOCC2)c(N2CCOCC2)c1,1,IC50,8.32,2,CHEMBL5948135
Cc1ncc(NC(=O)c2ccnc(C3CC3)c2)cc1-c1cnc(OC2CCOCC2)c(N2CCOCC2)c1,1,IC50,8.64,2,CHEMBL5890926
Cc1ncc(NC(=O)c2cc(C(F)(F)F)ccn2)cc1-c1cnc(OC2CCOCC2)c(N2CCOCC2)c1,1,IC50,8.66,2,CHEMBL5753603
Cc1ncc(NC(=O)c2cc(C(C)(C)C#N)ccn2)cc1-c1cnc(OC2CCOCC2)c(N2CCOCC2)c1,1,IC50,8.02,2,CHEMBL5916546
Cc1ncc(NC(=O)c2cnnc(C3(C#N)CC3)c2)cc1-c1cnc(OC2CCOCC2)c(N2CCOCC2)c1,1,IC50,8.41,2,CHEMBL5963920
Cc1ccc(NC(=O)c2ccnc(C(C)(F)F)c2)cc1-c1cnc(OC(C)C)c(N2CCOCC2)c1,1,IC50,8.87,2,CHEMBL5918345
Cc1ccc(NC(=O)c2ccnc(C(C)(C)F)c2)cc1-c1cnc(OC(C)C)c(N2CCOCC2)c1,1,IC50,8.63,2,CHEMBL5775286
Cc1ccc(NC(=O)c2ccnc(C(C)(C)O)c2)cc1-c1cnc(OC(C)C)c(N2CCOCC2)c1,1,IC50,8.75,2,CHEMBL5772806
Cc1ccc(NC(=O)c2cc(C(C)(C)C#N)ccn2)cc1-c1cnc(OC(C)C)c(N2CCOCC2)c1,1,IC50,8.63,2,CHEMBL5964879
Cc1ccc(NC(=O)c2cc(C(C)(C)O)ccn2)cc1-c1cnc(OC(C)C)c(N2CCOCC2)c1,1,IC50,8.44,2,CHEMBL5845886
Cc1ccc(NC(=O)c2ccnc(S(C)(=O)=O)c2)cc1-c1cnc(OC(C)C)c(N2CCOCC2)c1,1,IC50,9.33,2,CHEMBL5809237
Cc1ccc(NC(=O)c2cncc(C(F)(F)F)c2)cc1-c1cnc(OC(C)C)c(N2CCOCC2)c1,1,IC50,9.51,2,CHEMBL5993288
Cc1ncc(NC(=O)c2ccnc(C(C)(F)F)c2)cc1-c1cnc(OC(C)C)c(N2CCOCC2)c1,1,IC50,8.7,2,CHEMBL5986889
Cc1ncc(NC(=O)c2ccnc(C(C)(C)F)c2)cc1-c1cnc(OC(C)C)c(N2CCOCC2)c1,1,IC50,8.48,2,CHEMBL6009361
Cc1ncc(NC(=O)c2ccnc(C(C)(C)C#N)c2)cc1-c1cnc(OC(C)C)c(N2CCOCC2)c1,1,IC50,8.14,2,CHEMBL5970372
Cc1ncc(NC(=O)c2ccnc(C(C)(C)O)c2)cc1-c1cnc(OC(C)C)c(N2CCOCC2)c1,1,IC50,7.75,2,CHEMBL5923689
Cc1ncc(NC(=O)c2cc(C(C)(F)F)ccn2)cc1-c1cnc(OC(C)C)c(N2CCOCC2)c1,1,IC50,8.53,2,CHEMBL5985598
Cc1ncc(NC(=O)c2cc(C(C)(C)F)ccn2)cc1-c1cnc(OC(C)C)c(N2CCOCC2)c1,1,IC50,8.21,2,CHEMBL5770542
Cc1ncc(NC(=O)c2cc(C(C)(C)C#N)ccn2)cc1-c1cnc(OC(C)C)c(N2CCOCC2)c1,1,IC50,8.04,2,CHEMBL6016487
Cc1ncc(NC(=O)c2cc(C(C)(C)O)ccn2)cc1-c1cnc(OC(C)C)c(N2CCOCC2)c1,1,IC50,7.72,2,CHEMBL5796061
Cc1ncc(NC(=O)c2cncc(C(F)(F)F)c2)cc1-c1cnc(OC(C)C)c(N2CCOCC2)c1,1,IC50,8.57,2,CHEMBL5960387
CCOc1ncc(-c2cc(C(=O)Nc3cc(C(F)(F)F)ncc3F)ccc2C)cc1N1CCOCC1,1,IC50,8.74,2,CHEMBL5947888
Cc1ncc(NC(=O)c2cnnc(C(C)(C)C#N)c2)cc1-c1cnc(OCC(F)F)c(N2CCOCC2)c1,1,IC50,7.82,2,CHEMBL5902807
Cc1ncc(NC(=O)c2ccnc(C(C)(C)F)c2)cc1-c1cnc(OC2CC3(COC3)C2)c(N2CCOCC2)c1,1,IC50,8.54,2,CHEMBL5887339
Cc1ncc(NC(=O)c2ccnc(C(C)(C)O)c2)cc1-c1cnc(OC2CC3(COC3)C2)c(N2CCOCC2)c1,1,IC50,8.09,2,CHEMBL5886171
Cc1ncc(NC(=O)c2ccnc(C(F)F)c2)cc1-c1cnc(OC2CC3(COC3)C2)c(N2CCOCC2)c1,1,IC50,8.73,2,CHEMBL5790670
Cc1ncc(NC(=O)c2ccnc(C3CC3)c2)cc1-c1cnc(OC2CC3(COC3)C2)c(N2CCOCC2)c1,1,IC50,8.87,2,CHEMBL5788617
Cc1ncc(NC(=O)c2ccnc(C(C)(C)C#N)c2)cc1-c1cnc(OC2CC3(COC3)C2)c(N2CCOCC2)c1,1,IC50,8.24,2,CHEMBL5976848
Cc1ncc(NC(=O)c2cc(C(C)(C)F)ccn2)cc1-c1cnc(OC2CC3(COC3)C2)c(N2CCOCC2)c1,1,IC50,8.43,2,CHEMBL5951345
Cc1ncc(NC(=O)c2cc(C(C)(C)O)ccn2)cc1-c1cnc(OC2CC3(COC3)C2)c(N2CCOCC2)c1,1,IC50,7.75,2,CHEMBL6052408
Cc1ncc(NC(=O)c2cc(C(C)(C)C#N)ccn2)cc1-c1cnc(OC2CC3(COC3)C2)c(N2CCOCC2)c1,1,IC50,8.06,2,CHEMBL5747190
Cc1ncc(NC(=O)c2cc(C(C)(C)F)ccn2)cc1-c1cnc(OCCO)c(N2CCOCC2)c1,1,IC50,8.08,2,CHEMBL5751830
Cc1ncc(NC(=O)c2cc(C(C)(C)O)ccn2)cc1-c1cnc(OCCO)c(N2CCOCC2)c1,1,IC50,7.43,2,CHEMBL5842893
Cc1ncc(NC(=O)c2cc(C(C)(C)C#N)ccn2)cc1-c1cnc(OCCO)c(N2CCOCC2)c1,1,IC50,7.8,2,CHEMBL5775767
Cc1ncc(NC(=O)c2cc(C(C)(F)F)ccn2)cc1-c1cnc(OCCO)c(N2CCOCC2)c1,1,IC50,8.56,2,CHEMBL5756318
CCOc1ncc(-c2cc(NC(=O)c3cccc(S(C)(=N)=O)c3)ccc2C)cc1N1CCOCC1,1,IC50,8.74,2,CHEMBL5752075
Cc1ncc(NC(=O)c2cccc(C(O)C(F)(F)F)c2)cc1-c1cnc(OC2CCOCC2)c(N2CCOCC2)c1,1,IC50,8.38,2,CHEMBL6038708
Cc1ncc(NC(=O)c2ccnc(C(F)(F)F)c2)cc1-c1cnc(OC(F)F)c(N2CCOCC2)c1,1,IC50,8.73,2,CHEMBL5761341
Cc1ncc(NC(=O)c2ccnc(C(C)(C)O)c2)cc1-c1cnc(OC(F)F)c(N2CCOCC2)c1,1,IC50,7.87,2,CHEMBL5829925
Cc1ncc(NC(=O)c2ccnc(C(C)(F)F)c2)cc1-c1cnc(OC(F)F)c(N2CCOCC2)c1,1,IC50,8.7,2,CHEMBL5836232
Cc1ncc(NC(=O)c2cc(C(C)(C)C#N)ccn2)cc1-c1cnc(OC(F)F)c(N2CCOCC2)c1,1,IC50,8.12,2,CHEMBL5835067
Cc1ncc(NC(=O)c2ccnc(C(F)F)c2)cc1-c1cnc(OC(F)F)c(N2CCOCC2)c1,1,IC50,8.61,2,CHEMBL5789016
CCC(F)(F)c1cc(C(=O)Nc2cnc(C)c(-c3cnc(OC(F)F)c(N4CCOCC4)c3)c2)ccn1,1,IC50,8.52,2,CHEMBL5944479
Cc1ncc(NC(=O)c2cccc(C(F)(F)F)c2)cc1-c1cnc(OC[C@@H](C)O)c(N2CCOCC2)c1,1,IC50,8.64,2,CHEMBL6028862
Cc1ncc(NC(=O)c2cccc(C(F)(F)F)c2)cc1-c1cnc(O[C@@H](C)CO)c(N2CCOCC2)c1,1,IC50,8.7,2,CHEMBL5852647
Cc1ncc(NC(=O)c2cccc(C(F)(F)F)c2)cc1-c1cnc(N(C)CCO)c(N2CCOCC2)c1,1,IC50,9.08,2,CHEMBL5897499
CNC(=O)c1ncc(-c2cc(NC(=O)c3ccnc(C(C)(F)F)c3)ccc2C)cc1N1CCOCC1,1,IC50,8.58,2,CHEMBL5880215
Cc1ncc(NC(=O)c2cccc(C(F)(F)F)c2)cc1-c1cnc(O)c(N2CCOCC2)c1,1,IC50,8.23,2,CHEMBL4593446
Cc1ccc(NC(=O)c2ccnc(S(C)(=O)=O)c2)cc1-c1cnc(OC[C@H](C)O)c(N2CCOCC2)c1,1,IC50,8.71,2,CHEMBL5791180
Cc1ncc(NC(=O)c2ccnc(C(C)(C)F)c2)cc1-c1cnc(OC[C@H](C)O)c(N2CCOCC2)c1,1,IC50,8.27,2,CHEMBL5882425
Cc1ccc(NC(=O)c2ccnc(C(F)(F)F)c2)cc1-c1cc(NC[C@@H](C)O)nc(N2CCOCC2)c1,1,IC50,8.63,2,CHEMBL5787424
Cc1ncc(NC(=O)c2cccc(C(F)(F)F)c2)cc1-c1cnc(OCC2COCCO2)c(N2CCOCC2)c1,1,IC50,8.79,2,CHEMBL5780303
Cc1ncc(NC(=O)c2cccc(C(F)(F)F)c2)cc1-c1cnc(CC2(O)CCOCC2)c(N2CCOCC2)c1,1,IC50,8.02,2,CHEMBL5991446
Cc1ncc(NC(=O)c2cccc(C(F)(F)F)c2)cc1-c1cnc(C=C2CCOCC2)c(N2CCOCC2)c1,1,IC50,8.71,2,CHEMBL6049278
Cc1ccc(NC(=O)c2ccnc(C(C)(C)F)c2)cc1-c1cnc(OCCO)c(N2CCOCC2)c1,1,IC50,8.7,2,CHEMBL5772617
Cc1ccc(NC(=O)c2ccnc(C(C)(C)C#N)c2)cc1-c1cnc(OCCO)c(N2CCOCC2)c1,1,IC50,8.52,2,CHEMBL5979541
Cc1ccc(NC(=O)c2ccnc(C3CC3)c2)cc1-c1cnc(OCCO)c(N2CCOCC2)c1,1,IC50,9.04,2,CHEMBL6032907
Cc1ccc(NC(=O)c2ccnc(C(C)(F)F)c2)cc1-c1cnc(OCCO)c(N2CCOCC2)c1,1,IC50,8.67,2,CHEMBL5920935
Cc1ccc(NC(=O)c2cncc(C(F)(F)F)c2)cc1-c1cnc(OCCO)c(N2CCOCC2)c1,1,IC50,8.87,2,CHEMBL5756119
Cc1ccc(NC(=O)c2ccnc(C(F)(F)F)c2)cc1-c1cnc(OCCO)c(N2CCOCC2)c1,1,IC50,8.76,2,CHEMBL5991048
COC(=O)NC[C@@H](C)Oc1ncc(-c2cc(NC(=O)c3cccc(C(F)(F)F)c3)cnc2C)cc1N1CCOCC1,1,IC50,8.38,2,CHEMBL6023092
Cc1ncc(NC(=O)c2cnnc(C(F)(F)F)c2)cc1-c1cc(NCCO)nc(N2CCOCC2)c1F,1,IC50,7.08,2,CHEMBL5756687
Cc1ccc(NC(=O)c2ccnc(C(F)(F)F)c2)cc1-c1cc(N2CCOCC2)nc(NCCO)c1F,1,IC50,8.4,2,CHEMBL5955778
Cc1ccc(NC(=O)c2cnnc(C(F)(F)F)c2)cc1-c1cc(N2CCOCC2)nc(NCCO)c1F,1,IC50,8.27,2,CHEMBL5839144
Cc1ccc(NC(=O)c2ccnc(C(F)(F)F)c2)cc1-c1cc(NCCO)nc(N2CCOCC2)c1F,1,IC50,7.89,2,CHEMBL5932101
Cc1ccc(NC(=O)c2ccnc(C(F)F)c2)cc1-c1cc(NCCO)nc(N2CCOCC2)c1F,1,IC50,7.83,2,CHEMBL5834947
Cc1ccc(NC(=O)c2ccnc(C(C)(C)O)c2)cc1-c1cc(NCCO)nc(N2CCOCC2)c1F,1,IC50,7.54,2,CHEMBL5864054
Cc1ccc(NC(=O)c2ccnc(C3(C#N)CC3)c2)cc1-c1cc(NCCO)nc(N2CCOCC2)c1F,1,IC50,7.62,2,CHEMBL5755781
Cc1ccc(NC(=O)c2cnnc(C(C)(C)C#N)c2)cc1-c1cc(NCCO)nc(N2CCOCC2)c1F,1,IC50,7.15,2,CHEMBL5936238
Cc1ccc(NC(=O)c2cnnc(C(F)(F)F)c2)cc1-c1cc(NCCO)nc(N2CCOCC2)c1F,1,IC50,8.01,2,CHEMBL5993853
Cc1ccc(NC(=O)c2ccnc(C(F)(F)F)c2)cc1-c1c(F)c(NCCO)nc(N2CCOCC2)c1F,1,IC50,7.89,2,CHEMBL5754283
Cc1ccc(NC(=O)c2cnnc(C(F)(F)F)c2)cc1-c1c(F)c(NCCO)nc(N2CCOCC2)c1F,1,IC50,7.54,2,CHEMBL5917630
Cc1ccc(NC(=O)c2ccnc(C(F)F)c2)cc1-c1cc(N2CCOCC2)nc(NCCO)c1F,1,IC50,8.64,2,CHEMBL5779696
COc1nnc(-c2cc(C(=O)Nc3ccnc(C(F)(F)F)c3)ccc2C)cc1N1CCOCC1,1,IC50,9.01,2,CHEMBL5868519
COc1nnc(-c2cc(C(=O)Nc3ccnc(C(C)(F)F)c3)ccc2C)cc1N1CCOCC1,1,IC50,8.96,2,CHEMBL5932867
CCOc1nnc(-c2cc(C(=O)Nc3ccnc(C(C)(F)F)c3)ccc2C)cc1N1CCOCC1,1,IC50,8.11,2,CHEMBL5885423
COC[C@@H](C)Oc1ncc(-c2cc(NC(=O)c3cccc(C(F)(F)F)c3)cnc2C)cc1N1CCOCC1,1,IC50,8.59,2,CHEMBL5871802
CO[C@@H](C)COc1ncc(-c2cc(NC(=O)c3cccc(C(F)(F)F)c3)cnc2C)cc1N1CCOCC1,1,IC50,8.83,2,CHEMBL5918389
Cc1ccc(NC(=O)c2ccnc(C(F)(F)F)c2)cc1-c1cc(NC[C@@H](C)O)nc(N2CCOCC2)n1,1,IC50,8.63,2,CHEMBL5987598
Cc1ccc(NC(=O)c2ccnc(C(C)(F)F)c2)cc1-c1cc(NC[C@@H](C)O)nc(N2CCOCC2)n1,1,IC50,8.29,2,CHEMBL5917756
Cc1ccc(NC(=O)c2ccnc(C(C)(C)F)c2)cc1-c1cc(NC[C@@H](C)O)nc(N2CCOCC2)n1,1,IC50,7.9,2,CHEMBL5779195
Cc1ccc(NC(=O)c2ccnc(C(C)(C)C#N)c2)cc1-c1cc(NC[C@@H](C)O)nc(N2CCOCC2)n1,1,IC50,7.89,2,CHEMBL5851117
CCOc1ccc(-c2cc(NC(=O)c3ccnc(C(C)(C)F)c3)cnc2C)nc1N1CCOCC1,1,IC50,8.07,2,CHEMBL5958221
CCOc1ccc(-c2cc(NC(=O)c3ccnc(C(C)(F)F)c3)cnc2C)nc1N1CCOCC1,1,IC50,8.39,2,CHEMBL5797708
Cc1ncc(NC(=O)c2cccc(C(F)(F)F)c2)cc1-c1cnc(O[C@H]2CCOC[C@H]2F)c(N2CCOCC2)c1,1,IC50,8.48,2,CHEMBL4437227
Cc1ncc(NC(=O)c2cccc(C(F)(F)F)c2)cc1-c1cnc(OC2CCOCC2F)c(N2CCOCC2)c1,1,IC50,9.04,2,CHEMBL5873263
Cc1ncc(NC(=O)c2cccc(C(F)(F)F)c2)cc1-c1cnc(OCCOCCO)c(N2CCOCC2)c1,1,IC50,8.68,2,CHEMBL5865729
Cc1ncc(NC(=O)c2cccc(C(F)(F)F)c2)cc1-c1cnc(OC2CCS(=O)(=O)CC2)c(N2CCOCC2)c1,1,IC50,8.8,2,CHEMBL5809947
Cc1ccc(NC(=O)c2cccc(C(F)F)c2)cc1-c1cc(NCCO)nc(N2CCOCC2)c1,1,IC50,9.27,2,CHEMBL5909617
Cc1ccc(NC(=O)c2ccnc(C(C)(F)F)c2)cc1-c1cc(NCCO)nc(N2CCOCC2)c1,1,IC50,8.97,2,CHEMBL6022092
Cc1ncc(NC(=O)c2cccc(C(F)F)c2)cc1-c1cc(NCCO)nc(N2CCOCC2)c1,1,IC50,8.54,2,CHEMBL5791702
Cc1ncc(NC(=O)c2ccnc(C(F)F)c2)cc1-c1cc(NCCO)nc(N2CCOCC2)c1,1,IC50,8.3,2,CHEMBL5916174
Cc1ncc(NC(=O)c2ccnc(C(F)(F)F)c2)cc1-c1cc(NCCO)nc(N2CCOCC2)c1,1,IC50,8.36,2,CHEMBL6065141
Cc1ncc(NC(=O)c2ccnc(C(C)(F)F)c2)cc1-c1cc(NCCO)nc(N2CCOCC2)c1,1,IC50,8.24,2,CHEMBL4590865
Cc1ncc(NC(=O)c2ccnc(C(C)(C)C#N)c2)cc1-c1cc(NCCO)nc(N2CCOCC2)c1,1,IC50,7.39,2,CHEMBL5744989
Cc1ncc(NC(=O)c2ccnc(S(C)(=O)=O)c2)cc1-c1cc(NCCO)nc(N2CCOCC2)c1,1,IC50,7.64,2,CHEMBL6033197
CCn1cc(C(=O)Nc2cnc(C)c(-c3cc(NCCO)nc(N4CCOCC4)c3)c2)cc(C(F)(F)F)c1=O,1,IC50,7.51,2,CHEMBL5903982
CCN1CCN(c2cc(C(=O)Nc3cnc(C)c(-c4cc(NCCO)nc(N5CCOCC5)c4)c3)cc(C(F)(F)F)c2)CC1,1,IC50,7.48,2,CHEMBL6007571
Cc1ncc(NC(=O)c2ccnc(C(C)(C)O)c2)cc1-c1cc(NCCO)nc(N2CCOCC2)c1,1,IC50,7.17,2,CHEMBL5978509
Cc1ccc(NC(=O)c2cnnc(C(F)(F)F)c2)cc1-c1cc(NCCO)nc(N2CCOCC2)c1,1,IC50,8.4,2,CHEMBL6041449
Cc1ccc(NC(=O)c2cnnc(C3CC3)c2)cc1-c1cc(NCCO)nc(N2CCOCC2)c1,1,IC50,8.81,2,CHEMBL6040374
Cc1ccc(NC(=O)c2cnnc(C(C)(C)C#N)c2)cc1-c1cc(NCCO)nc(N2CCOCC2)c1,1,IC50,8.11,2,CHEMBL5743607
Cc1ccc(NC(=O)c2ccnc(C3(C#N)CC3)c2)cc1-c1cc(NCCO)nc(N2CCOCC2)c1,1,IC50,8.88,2,CHEMBL6039245
Cc1ncc(NC(=O)c2cnnc(C(F)(F)F)c2)cc1-c1cc(NCCO)nc(N2CCOCC2)c1,1,IC50,8.09,2,CHEMBL5943868
Cc1ncc(NC(=O)c2cnnc(C3CC3)c2)cc1-c1cc(NCCO)nc(N2CCOCC2)c1,1,IC50,8.08,2,CHEMBL5946027
Cc1ccc(NC(=O)c2ccnc(C(F)F)c2)cc1-c1cc(NCCO)nc(N2CCOCC2)c1,1,IC50,9.07,2,CHEMBL5982729
Cc1ccc(NC(=O)c2ccnc(C(F)(F)F)c2)cc1-c1cc(NC2CCOC2)nc(N2CCOCC2)c1,1,IC50,8.93,2,CHEMBL5855206
Cc1ccc(NC(=O)c2ccnc(C(F)(F)F)c2)cc1-c1cc(NCC2CCOC2)nc(N2CCOCC2)c1,1,IC50,8.93,2,CHEMBL6054023
Cc1ncc(NC(=O)c2ccnc(C(C)(C)F)c2)cc1-c1cc(NCCO)nc(N2CCOCC2)c1,1,IC50,7.96,2,CHEMBL5747515
Cc1ncc(NC(=O)c2ccnc(C3CC3)c2)cc1-c1cc(NCCO)nc(N2CCOCC2)c1,1,IC50,8.38,2,CHEMBL6047549
CCC(F)(F)c1cc(C(=O)Nc2cnc(C)c(-c3cc(NCCO)nc(N4CCOCC4)c3)c2)ccn1,1,IC50,7.97,2,CHEMBL5985541
Cc1ccc(NC(=O)c2ccnc(C(C)(C)C#N)c2)cc1-c1cc(N2CCOCC2)nc(N2CC(O)C2)c1,1,IC50,8.42,2,CHEMBL5997426
Cc1ccc(NC(=O)c2ccnc(C(F)(F)F)c2)cc1-c1cc(N2CCOCC2)nc(N2CC(O)C2)c1,1,IC50,8.41,2,CHEMBL5997465
CCn1cc(C(=O)Nc2ccc(C)c(-c3cc(N4CCOCC4)nc(N4CC(O)C4)c3)c2)cc(C(F)(F)F)c1=O,1,IC50,8.52,2,CHEMBL5928992
Cc1ccc(NC(=O)c2cccc(C(F)(F)F)c2)cc1-c1cc(NCC(C)(C)O)nc(N2CCOCC2)c1,1,IC50,9.01,2,CHEMBL5809407
Cc1ccc(NC(=O)c2cccc(C(F)(F)F)c2)cc1-c1cc(NCC(O)C(F)(F)F)nc(N2CCOCC2)c1,1,IC50,8.83,2,CHEMBL5780035
Cc1ccc(NC(=O)c2cccc(C(F)(F)F)c2)cc1-c1cc(N2CCOCC2)nc(N2C[C@H](O)CC2=O)c1,1,IC50,9.19,2,CHEMBL5793549
Cc1ccc(NC(=O)c2cccc(C(F)(F)F)c2)cc1-c1cc(N2CCOCC2)nc(N2CC[C@@H](O)C2=O)c1,1,IC50,9.28,2,CHEMBL5749050
Cc1ccc(NC(=O)c2cccc(C(F)(F)F)c2)cc1-c1cc(NC(=O)C(C)O)nc(N2CCOCC2)c1,1,IC50,9.24,2,CHEMBL6036650
Cc1ccc(NC(=O)c2ccnc(C(F)F)c2)cc1-c1cc(N2CCOCC2)nc(N2CC(O)C2)c1,1,IC50,9.22,2,CHEMBL5971102
Cc1ccc(NC(=O)c2ccnc(C3CC3)c2)cc1-c1cc(N2CCOCC2)nc(N2CC(O)C2)c1,1,IC50,9.14,2,CHEMBL5979256
Cc1ccc(NC(=O)c2ccnc(C(C)C)c2)cc1-c1cc(N2CCOCC2)nc(N2CC(O)C2)c1,1,IC50,8.58,2,CHEMBL5821326
Cc1ccc(NC(=O)c2cnnc(C(F)(F)F)c2)cc1-c1cc(N2CCOCC2)nc(N2CC(O)C2)c1,1,IC50,8.62,2,CHEMBL5917887
Cc1ccc(NC(=O)c2ccnc(C3(C#N)CC3)c2)cc1-c1cc(N2CCOCC2)nc(N2CC(O)C2)c1,1,IC50,8.68,2,CHEMBL5765497
Cc1ccc(NC(=O)c2ccnc(C(F)F)c2)cc1-c1cc(N2CCOCC2)nc(N2CC(C)(O)C2)c1,1,IC50,8.76,2,CHEMBL5771633
Cc1ccc(NC(=O)c2cnnc(C(F)(F)F)c2)cc1-c1cc(N2CCOCC2)nc(N2CC(C)(O)C2)c1,1,IC50,8.52,2,CHEMBL5802638
Cc1ccc(NC(=O)c2cccc(S(C)(=O)=O)c2)cc1-c1cc(N2CCOCC2)nc(N2CC(C)(O)C2)c1,1,IC50,8.73,2,CHEMBL6011444
Cc1ccc(NC(=O)c2cnncc2C(F)F)cc1-c1cc(N2CCOCC2)nc(N2CC(O)C2)c1,1,IC50,6.17,2,CHEMBL5864056
Cc1ccc(NC(=O)c2cnnc(C3CC3)c2)cc1-c1cc(N2CCOCC2)nc(N2CC(C)(O)C2)c1,1,IC50,8.64,2,CHEMBL6063143
Cc1ccc(NC(=O)c2cccc(C(F)F)c2)cc1-c1cc(N2CCOCC2)nc(N2CC(O)C2)c1,1,IC50,9.07,2,CHEMBL6016226
Cc1ccc(NC(=O)c2ccnc(C(C)(F)F)c2)cc1-c1cc(N2CCOCC2)nc(N2CC(O)C2)c1,1,IC50,9.17,2,CHEMBL5795169
Cc1ncc(NC(=O)c2cccc(C(F)F)c2)cc1-c1cc(N2CCOCC2)nc(N2CC(O)C2)c1,1,IC50,8.33,2,CHEMBL6059638
Cc1ncc(NC(=O)c2ccnc(C(C)(F)F)c2)cc1-c1cc(N2CCOCC2)nc(N2CC(O)C2)c1,1,IC50,7.89,2,CHEMBL5824460
Cc1ncc(NC(=O)c2ccnc(C(C)C)c2)cc1-c1cc(N2CCOCC2)nc(N2CC(O)C2)c1,1,IC50,8.19,2,CHEMBL6048562
Cc1ncc(NC(=O)c2ccnc(C(C)(C)O)c2)cc1-c1cc(N2CCOCC2)nc(N2CC(O)C2)c1,1,IC50,7.24,2,CHEMBL5880863
Cc1ncc(NC(=O)c2ccnc(C(C)(C)C#N)c2)cc1-c1cc(N2CCOCC2)nc(N2CC(O)C2)c1,1,IC50,7.46,2,CHEMBL5804284
Cc1ncc(NC(=O)c2cccc(S(C)(=O)=O)c2)cc1-c1cc(N2CCOCC2)nc(N2CC(O)C2)c1,1,IC50,7.64,2,CHEMBL5904831
Cc1ncc(NC(=O)c2cc(CN(C)C)cc(C(F)(F)F)c2)cc1-c1cc(N2CCOCC2)nc(N2CC(O)C2)c1,1,IC50,6.97,2,CHEMBL6012383
CCn1cc(C(=O)Nc2cnc(C)c(-c3cc(N4CCOCC4)nc(N4CC(O)C4)c3)c2)cc(C(F)(F)F)c1=O,1,IC50,7.68,2,CHEMBL6028263
CCN1CCN(c2cc(C(=O)Nc3cnc(C)c(-c4cc(N5CCOCC5)nc(N5CC(O)C5)c4)c3)cc(C(F)(F)F)c2)CC1,1,IC50,7.58,2,CHEMBL5824380
Cc1ncc(NC(=O)c2ccnc(C(F)(F)F)c2)cc1-c1cc(N2CCOCC2)nc(N2CC(O)C2)c1,1,IC50,8.39,2,CHEMBL5937697
Cc1ncc(NC(=O)c2ccnc(C(C)(C)C)c2)cc1-c1cc(N2CCOCC2)nc(N2CC(O)C2)c1,1,IC50,7.15,2,CHEMBL5894385
Cc1ncc(NC(=O)c2ccnc(S(C)(=O)=O)c2)cc1-c1cc(N2CCOCC2)nc(N2CC(O)C2)c1,1,IC50,7.29,2,CHEMBL5747983
Cc1ncc(NC(=O)c2cccc(-c3nnco3)c2)cc1-c1cc(N2CCOCC2)nc(N2CC(O)C2)c1,1,IC50,7.46,2,CHEMBL5758231
Cc1ncc(NC(=O)c2cc(C3CC3)on2)cc1-c1cc(N2CCOCC2)nc(N2CC(O)C2)c1,1,IC50,8.18,2,CHEMBL6002612
Cc1ncc(NC(=O)c2cccc(C(F)(F)F)c2)cc1-c1cc(N2CCOCC2)nc(N2CC(O)C2)c1,1,IC50,8.42,2,CHEMBL5854716
Cc1ccc(NC(=O)c2cc(C3CC3)on2)cc1-c1cc(N2CCOCC2)nc(N2CC(O)C2)c1,1,IC50,8.96,2,CHEMBL5826554
Cc1ccc(NC(=O)c2cccc(S(C)(=O)=O)c2)cc1-c1cc(N2CCOCC2)nc(N2CC(O)C2)c1,1,IC50,8.7,2,CHEMBL5936290
Cc1ccc(NC(=O)c2ccnc(S(C)(=O)=O)c2)cc1-c1cc(N2CCOCC2)nc(N2CC(O)C2)c1,1,IC50,8.48,2,CHEMBL6029563
Cc1ccc(NC(=O)c2ccnc(C(C)(C)O)c2)cc1-c1cc(N2CCOCC2)nc(N2CC(O)C2)c1,1,IC50,8.24,2,CHEMBL6050341
Cc1ccc(NC(=O)c2cccc(C(C)(C)S(C)(=O)=O)c2)cc1-c1cc(N2CCOCC2)nc(N2CC(O)C2)c1,1,IC50,7.73,2,CHEMBL5844080
Cc1ccc(NC(=O)c2cccc(-c3nnco3)c2)cc1-c1cc(N2CCOCC2)nc(N2CC(O)C2)c1,1,IC50,8.41,2,CHEMBL5793862
Cc1ncc(NC(=O)c2cnnc(C3CC3)c2)cc1-c1cc(N2CCOCC2)nc(N2CC(C)(O)C2)c1,1,IC50,7.86,2,CHEMBL5961521
Cc1ncc(NC(=O)c2ccnc(C3CC3)c2)cc1-c1cc(N2CCOCC2)nc(N2CC(C)(O)C2)c1,1,IC50,8.35,2,CHEMBL5755512
Cc1ncc(NC(=O)c2ccnc(C(F)F)c2)cc1-c1cc(N2CCOCC2)nc(N2CC(C)(O)C2)c1,1,IC50,8.17,2,CHEMBL5831423
Cc1ncc(NC(=O)c2ccnc(C(F)(F)F)c2)cc1-c1cc(N2CCOCC2)nc(N2CC(C)(O)C2)c1,1,IC50,8.12,2,CHEMBL5825903
Cc1ncc(NC(=O)c2ccnc(C(C)(F)F)c2)cc1-c1cc(N2CCOCC2)nc(N2CC(C)(O)C2)c1,1,IC50,8.25,2,CHEMBL5909294
Cc1ncc(NC(=O)c2ccnc(C(C)(C)F)c2)cc1-c1cc(N2CCOCC2)nc(N2CC(C)(O)C2)c1,1,IC50,8.07,2,CHEMBL6057013
Cc1ncc(NC(=O)c2cnnc(C(F)(F)F)c2)cc1-c1cc(N2CCOCC2)nc(N2CC(C)(O)C2)c1,1,IC50,7.89,2,CHEMBL5892718
Cc1ncc(NC(=O)c2ccnc(C(C)(C)C#N)c2)cc1-c1cc(N2CCOCC2)nc(N2CC(C)(O)C2)c1,1,IC50,7.7,2,CHEMBL5928212
Cc1ncc(NC(=O)c2ccnc(C3(C#N)CC3)c2)cc1-c1cc(N2CCOCC2)nc(N2CC(C)(O)C2)c1,1,IC50,8.1,2,CHEMBL5941756
Cc1ccc(NC(=O)c2ccnc(C(C)(C)C#N)c2)cc1-c1cc(N2CCOCC2)nc(N2CC(C)(O)C2)c1,1,IC50,8.32,2,CHEMBL6004152
Cc1ccc(NC(=O)c2ccnc(C3(C#N)CC3)c2)cc1-c1cc(N2CCOCC2)nc(N2CC(C)(O)C2)c1,1,IC50,8.68,2,CHEMBL5944581
Cc1ccc(NC(=O)c2ccnc(C(F)(F)F)c2)cc1-c1cc(N2CCOCC2)nc(N2CCOCC2)c1,1,IC50,9.08,2,CHEMBL5799599
Cc1ccc(NC(=O)c2ccnc(C(C)(C)C#N)c2)cc1-c1cc(N2CCOCC2)nc(N2CCOCC2)c1,1,IC50,8.88,2,CHEMBL5884220
CCn1cc(C(=O)Nc2ccc(C)c(-c3cc(N4CCOCC4)nc(N4CCOCC4)c3)c2)cc(C(F)(F)F)c1=O,1,IC50,8.5,2,CHEMBL5965392
Cc1ccc(NC(=O)c2ccnc(C(F)F)c2)cc1-c1cc(N2CCOCC2)nc(N2CCOCC2)c1,1,IC50,9.19,2,CHEMBL5921533
Cc1ccc(NC(=O)c2cccc(C(F)F)c2)cc1-c1cc(N2CCOCC2)nc(N2CCOCC2)c1,1,IC50,9.09,2,CHEMBL5771233
Cc1ccc(NC(=O)c2ccnc(C(C)C)c2)cc1-c1cc(N2CCOCC2)nc(N2CCOCC2)c1,1,IC50,8.88,2,CHEMBL5952855
Cc1ccc(NC(=O)c2ccnc(S(C)(=O)=O)c2)cc1-c1cc(N2CCOCC2)nc(N2CCOCC2)c1,1,IC50,8.99,2,CHEMBL5992349
Cc1ncc(NC(=O)c2ccnc(C(C)C)c2)cc1-c1cc(N2CCOCC2)nc(N2CCOCC2)c1,1,IC50,8.7,2,CHEMBL5767037
Cc1ncc(NC(=O)c2ccnc(C(F)(F)F)c2)cc1-c1cc(N2CCOCC2)nc(N2CCOCC2)c1,1,IC50,8.79,2,CHEMBL5898585
Cc1ncc(NC(=O)c2cccc(C(F)F)c2)cc1-c1cc(N2CCOCC2)nc(N2CCOCC2)c1,1,IC50,8.71,2,CHEMBL5856785
Cc1ncc(NC(=O)c2ccnc(C(F)F)c2)cc1-c1cc(N2CCOCC2)nc(N2CCOCC2)c1,1,IC50,8.48,2,CHEMBL5854902
Cc1ncc(NC(=O)c2ccnc(C(C)(C)C#N)c2)cc1-c1cc(N2CCOCC2)nc(N2CCOCC2)c1,1,IC50,7.97,2,CHEMBL5757486
Cc1ncc(NC(=O)c2ccnc(S(C)(=O)=O)c2)cc1-c1cc(N2CCOCC2)nc(N2CCOCC2)c1,1,IC50,7.92,2,CHEMBL5902212
CCn1cc(C(=O)Nc2cnc(C)c(-c3cc(N4CCOCC4)nc(N4CCOCC4)c3)c2)cc(C(F)(F)F)c1=O,1,IC50,8.0,2,CHEMBL5809411
Cc1ccc(NC(=O)c2cncc(C(F)(F)F)c2)cc1-c1cc(-c2cnn(C)c2)nc(N2CCOCC2)c1,1,IC50,8.73,1,CHEMBL5794442
Cc1ccc(NC(=O)c2ccnc(C(F)(F)F)c2)cc1-c1cc(-c2c(C)n[nH]c2C)nc(N2CCOCC2)c1,1,IC50,8.83,2,CHEMBL6054045
Cc1ccc(NC(=O)c2ccnc(C(F)(F)F)c2)cc1-c1cc(N2CCNCC2)nc(N2CCOCC2)c1,1,IC50,8.67,2,CHEMBL5796127
Cc1ncc(NC(=O)c2cccc(C(F)(F)F)c2)cc1-c1cc(N2CCNCC2)nc(N2CCOCC2)c1,1,IC50,8.33,2,CHEMBL5758700
Cc1ccc(NC(=O)c2ccnc(C(F)(F)F)c2)cc1-c1cc(N2CCOCC2)nc(N2CCC(O)C2)c1,1,IC50,8.65,2,CHEMBL5790695
Cc1ncc(NC(=O)c2cccc(C(F)(F)F)c2)cc1-c1cc(N2CCOCC2)nc(N2CCC(O)C2)c1,1,IC50,8.63,2,CHEMBL5819462
Cc1ccc(NC(=O)[C@@H]2CCN[C@H](C(F)(F)F)C2)cc1-c1cc(C2COCCO2)nc(N2CCOCC2)c1,1,IC50,6.57,2,CHEMBL5806115
CCOc1cc(-c2cc(NC(=O)c3ccnc(C(F)(F)F)c3)ccc2C)cc(N2CCOCC2)n1,1,IC50,8.89,2,CHEMBL6048816
Cc1ccc(NC(=O)c2cccc(C(F)(F)F)c2)cc1-c1ccnc(N2CCOCC2=O)c1,1,IC50,8.3,2,CHEMBL5946834
Cc1ncc(NC(=O)c2cccc(C(F)(F)F)c2)cc1-c1ccnc(N2CCOCC2=O)c1,1,IC50,7.37,2,CHEMBL5807767
Cc1ncc(NC(=O)c2ccnc(C(C)C)c2)cc1-c1ccnc(N2CCOCC2)c1,1,IC50,8.3,2,CHEMBL5746027
Cc1ccc(NC(=O)c2ccnc(C(F)(F)F)c2)cc1-c1ccnc(N2CCOCC2)c1,1,IC50,9.21,1,CHEMBL5851187
Cc1ncc(NC(=O)c2ccnc(C(C)(C)F)c2)cc1-c1cc(NCCO)nc(N2CCOC[C@H]2C)c1,1,IC50,7.56,2,CHEMBL5774774
Cc1ncc(NC(=O)c2ccnc(C(C)(F)F)c2)cc1-c1cc(NCCO)nc(N2CCOC[C@H]2C)c1,1,IC50,7.85,2,CHEMBL5847558
Cc1ncc(NC(=O)c2ccnc(C(F)(F)F)c2)cc1-c1cc(NCCO)nc(N2CCOC[C@H]2C)c1,1,IC50,7.89,2,CHEMBL5973301
Cc1ncc(NC(=O)c2ccnc(C(F)F)c2)cc1-c1cc(NCCO)nc(N2CCOC[C@H]2C)c1,1,IC50,7.8,2,CHEMBL6051524
CCOc1cc(-c2cc(NC(=O)c3ccnc(C(C)(C)F)c3)cnc2C)cc(N2CCOCC2)n1,1,IC50,8.5,2,CHEMBL5908977
CCOc1cc(-c2cc(NC(=O)c3ccnc(C(C)(F)F)c3)cnc2C)cc(N2CCOCC2)n1,1,IC50,8.74,2,CHEMBL5846029
Cc1ccc(NC(=O)c2ccnc(C(C)(C)F)c2)cc1-c1cc(C2COCCO2)nc(N2CCOCC2)c1,1,IC50,8.81,2,CHEMBL5998293
Cc1ccc(NC(=O)c2ccnc(C(C)(F)F)c2)cc1-c1cc(C2COCCO2)nc(N2CCOCC2)c1,1,IC50,8.89,2,CHEMBL5787984
CCOc1cc(-c2cc(NC(=O)c3ccnc(C(F)F)c3)cnc2C)cc(N2CCOCC2)n1,1,IC50,8.73,2,CHEMBL5901184
CCOc1cc(-c2cc(NC(=O)c3ccnc(C(C)(C)C#N)c3)cnc2C)cc(N2CCOCC2)n1,1,IC50,8.08,2,CHEMBL5770042
CCOc1cc(-c2cc(NC(=O)c3ccnc(C(C)(C)O)c3)cnc2C)cc(N2CCOCC2)n1,1,IC50,7.92,2,CHEMBL5942501
CCOc1cc(-c2cc(NC(=O)c3ccnc(C4CC4)c3)cnc2C)cc(N2CCOCC2)n1,1,IC50,8.5,2,CHEMBL5941470
Cc1ccc(NC(=O)c2ccnc(C(C)(C)O)c2)cc1-c1cc(OC2CCOCC2)nc(N2CCOCC2)c1,1,IC50,8.8,2,CHEMBL5898126
Cc1ccc(NC(=O)c2ccnc(C(F)F)c2)cc1-c1cc(OC2CCOCC2)nc(N2CCOCC2)c1,1,IC50,9.22,2,CHEMBL6017515
Cc1ccc(NC(=O)c2ccnc(C(C)(C)C#N)c2)cc1-c1cc(OC2CCOCC2)nc(N2CCOCC2)c1,1,IC50,8.9,2,CHEMBL6050207
Cc1ccc(NC(=O)c2cnnc(C(C)(C)C#N)c2)cc1-c1cc(OC2CCOCC2)nc(N2CCOCC2)c1,1,IC50,8.67,2,CHEMBL5955211
Cc1ccc(NC(=O)c2cnnc(C3CC3)c2)cc1-c1cc(OC2CCOCC2)nc(N2CCOCC2)c1,1,IC50,9.22,2,CHEMBL5990870
Cc1ccc(NC(=O)c2cnnc(C(F)(F)F)c2)cc1-c1cc(OC2CCOCC2)nc(N2CCOCC2)c1,1,IC50,9.18,2,CHEMBL6013050
Cc1ccc(NC(=O)c2ccnc(C3CC3)c2)cc1-c1cc(OCCO)nc(N2CCOCC2)c1,1,IC50,9.37,2,CHEMBL5917557
Cc1ccc(NC(=O)c2ccnc(C(C)(C)F)c2)cc1-c1cc(OCCO)nc(N2CCOCC2)c1,1,IC50,8.79,2,CHEMBL6000958
Cc1ccc(NC(=O)c2ccnc(C(C)(F)F)c2)cc1-c1cc(OCCO)nc(N2CCOCC2)c1,1,IC50,9.12,2,CHEMBL6064155
Cc1ccc(NC(=O)c2ccnc(C(F)F)c2)cc1-c1cc(OCCO)nc(N2CCOCC2)c1,1,IC50,9.26,2,CHEMBL5829669
Cc1ccc(NC(=O)c2ccnc(C(C)(C)C#N)c2)cc1-c1cc(OCCO)nc(N2CCOCC2)c1,1,IC50,8.82,2,CHEMBL5837979
Cc1ccc(NC(=O)c2cnnc(C3CC3)c2)cc1-c1cc(OCCO)nc(N2CCOCC2)c1,1,IC50,9.42,2,CHEMBL5945139
Cc1ccc(NC(=O)c2cc(C(F)(F)F)ccn2)cc1-c1cc(OCCO)nc(N2CCOCC2)c1,1,IC50,8.95,2,CHEMBL5839148
Cc1ccc(NC(=O)c2cnnc(C(F)(F)F)c2)cc1-c1cc(OCCO)nc(N2CCOCC2)c1,1,IC50,9.24,2,CHEMBL5917765
Cc1ncc(NC(=O)c2ccnc(C(F)(F)F)c2)cc1-c1cc(C2COCCO2)nc(N2CCOCC2)c1,1,IC50,8.55,2,CHEMBL5904080
Cc1ncc(NC(=O)c2ccnc(C(C)(F)F)c2)cc1-c1cc(C2COCCO2)nc(N2CCOCC2)c1,1,IC50,8.48,2,CHEMBL6027046
Cc1ncc(NC(=O)c2ccnc(C(C)(C)F)c2)cc1-c1cc(C2COCCO2)nc(N2CCOCC2)c1,1,IC50,8.12,2,CHEMBL5743471
CCC(F)(F)c1cc(C(=O)Nc2cnc(C)c(-c3cc(C4COCCO4)nc(N4CCOCC4)c3)c2)ccn1,1,IC50,8.34,2,CHEMBL5765188
Cc1ncc(NC(=O)c2ccnc(C3CC3)c2)cc1-c1cc(C2COCCO2)nc(N2CCOCC2)c1,1,IC50,8.52,2,CHEMBL5863370
O=C(Nc1c[nH]c(=O)c(-c2ccnc(N3CCOCC3)c2)c1)c1cccc(C(F)F)c1,0,IC50,4.6,2,CHEMBL5853092
Cc1cc(=O)c(C(=O)Nc2cccc(C(F)(F)F)c2)cn1-c1ccnc(N2CCOCC2)c1,1,IC50,7.1,2,CHEMBL6016515
COc1ccc(CNC(=O)N[C@@H]2[C@H]3Oc4ccc(Oc5ccnc6c5CCC(=O)N6)cc4[C@@H]23)cc1,0,IC50,4.4,1,CHEMBL5887784
CC(C)(C)c1ccc(NC(=O)N[C@@H]2[C@H]3Oc4ccc(Oc5ccnc6c5CCC(=O)N6)cc4[C@@H]23)cc1,0,IC50,4.8,1,CHEMBL5944588
O=C1CCc2c(Oc3ccc4c(c3)[C@H]3[C@H](NC(=O)Nc5ccc(C(F)(F)F)cc5F)[C@H]3O4)ccnc2N1,0,IC50,4.89,1,CHEMBL5944306
O=C1CCc2c(Oc3ccc4c(c3)[C@H]3[C@H](NC(=O)Nc5ccc(Cl)c(C(F)(F)F)c5)[C@H]3O4)ccnc2N1,0,IC50,4.57,1,CHEMBL5754333
COc1cc(NC(=O)N[C@@H]2[C@H]3Oc4ccc(Oc5ccnc6c5CCC(=O)N6)cc4[C@@H]23)c(Cl)cc1Cl,0,IC50,4.96,1,CHEMBL6006880
O=C1CCc2c(Oc3ccc4c(c3)[C@H]3[C@H](NC(=O)Nc5cccc(C(F)(F)F)c5)[C@H]3O4)ccnc2N1,0,IC50,4.77,1,CHEMBL6062780
COc1ccc(NC(=O)N[C@@H]2[C@H]3Oc4ccc(Oc5ccnc6c5CCC(=O)N6)cc4[C@@H]23)cc1C(F)(F)F,0,IC50,4.9,1,CHEMBL6021950
O=C1CCc2c(Oc3ccc4c(c3)[C@H]3[C@H](NC(=O)Nc5ccc(F)cc5F)[C@H]3O4)ccnc2N1,1,IC50,6.23,1,CHEMBL6002645
O=C1CCc2c(Oc3ccc4c(c3)[C@H]3[C@H](NC(=O)Nc5cc(Cl)ccn5)[C@H]3O4)ccnc2N1,1,IC50,6.07,1,CHEMBL5934140
O=C1CCc2c(Oc3ccc4c(c3)[C@H]3[C@H](NC(=O)Nc5ccc(F)cc5)[C@H]3O4)ccnc2N1,1,IC50,6.1,1,CHEMBL6003178
O=C1CCc2c(Oc3ccc4c(c3)[C@H]3[C@H](NC(=O)Nc5cccc(F)c5F)[C@H]3O4)ccnc2N1,1,IC50,6.03,1,CHEMBL5978276
O=C1CCc2c(Oc3ccc4c(c3)[C@H]3[C@H](NC(=O)Nc5ccc(F)c(F)c5F)[C@H]3O4)ccnc2N1,1,IC50,6.11,1,CHEMBL5806487
O=C1CCc2c(Oc3ccc4c(c3)[C@H]3[C@H](NC(=O)Nc5c(F)ccc(F)c5F)[C@H]3O4)ccnc2N1,1,IC50,6.13,1,CHEMBL6004555
COc1ccc(NC(=O)N[C@@H]2[C@H]3Oc4ccc(Oc5ccnc6c5CCC(=O)N6)cc4[C@@H]23)cc1,1,IC50,6.1,1,CHEMBL5838633
O=C1CCc2c(Oc3ccc4c(c3)[C@H]3[C@H](NC(=O)NC5CCCC5)[C@H]3O4)ccnc2N1,1,IC50,6.23,1,CHEMBL6053873
O=C1CCc2c(Oc3ccc4c(c3)[C@H]3[C@H](NC(=O)Nc5cccc(F)c5)[C@H]3O4)ccnc2N1,1,IC50,6.15,1,CHEMBL6057319
O=C1CCc2c(Oc3ccc4c(c3)[C@H]3[C@H](NC(=O)NCc5cccc(F)c5)[C@H]3O4)ccnc2N1,1,IC50,6.11,1,CHEMBL5757281
O=C1CCc2c(Oc3ccc4c(c3)[C@H]3[C@H](NC(=O)NCc5ccc(F)cc5)[C@H]3O4)ccnc2N1,1,IC50,6.08,1,CHEMBL6033945
CN1CCN(Cc2ccc(NC(=O)N[C@@H]3[C@H]4Oc5ccc(Oc6ccnc7c6CCC(=O)N7)cc5[C@@H]34)cc2)CC1,0,IC50 (>),2.3,1,CHEMBL5883732
O=C1CCc2c(Oc3ccc4c(c3)[C@H]3[C@H](NC(=O)Nc5ccc(C(F)(F)F)c(F)c5)[C@H]3O4)ccnc2N1,0,IC50,4.57,1,CHEMBL5989791
CN1CCC(NC(=O)N[C@@H]2[C@H]3Oc4ccc(Oc5ccnc6c5CCC(=O)N6)cc4[C@@H]23)CC1,0,IC50,4.7,1,CHEMBL5790657
O=C1CCc2c(Oc3ccc4c(c3)[C@H]3[C@H](NC(=O)NC5CC5)[C@H]3O4)ccnc2N1,0,IC50,4.52,1,CHEMBL5742736
CCN1CCN(Cc2ccc(NC(=O)N[C@@H]3[C@H]4Oc5ccc(Oc6ccnc7c6CCC(=O)N7)cc5[C@@H]34)cc2C(F)(F)F)CC1,0,IC50,4.89,1,CHEMBL5814679
CCCCCCNC(=O)N[C@@H]1[C@H]2Oc3ccc(Oc4ccnc5c4CCC(=O)N5)cc3[C@@H]12,1,IC50,6.14,1,CHEMBL5777995
CCCCCCCCNC(=O)N[C@@H]1[C@H]2Oc3ccc(Oc4ccnc5c4CCC(=O)N5)cc3[C@@H]12,0,IC50,4.92,1,CHEMBL5987081
O=C1NCc2c(Oc3ccc4c(c3)[C@H]3[C@H](NC(=O)Nc5ccc(F)c(C(F)(F)F)c5)[C@H]3O4)ccnc2N1,0,IC50,4.96,1,CHEMBL6026729
CNC(=O)c1cc(Oc2ccc3c(c2)[C@H]2[C@H](NC(=O)Nc4cccc(C(F)(F)F)c4)[C@H]2O3)ccn1,0,IC50,4.58,1,CHEMBL5770831
CNC(=O)c1cc(Oc2ccc3c(c2)[C@H]2[C@H](NC(=O)Nc4ccc(F)c(C(F)(F)F)c4)[C@H]2O3)ccn1,0,IC50,4.48,1,CHEMBL5915743
CNC(=O)c1cc(Oc2ccc3c(c2)[C@H]2[C@H](NC(=O)Nc4cc(F)c(F)cc4F)[C@H]2O3)ccn1,0,IC50,4.89,1,CHEMBL5893818
O=C(Nc1ccc(F)c(C(F)(F)F)c1)N[C@@H]1[C@H]2Oc3ccc(Oc4ccncc4)cc3[C@@H]12,0,IC50,4.62,1,CHEMBL5860702
O=C(Nc1cc(F)c(F)cc1F)N[C@@H]1[C@H]2Oc3ccc(Oc4ccncc4)cc3[C@@H]12,0,IC50,4.3,1,CHEMBL5857440
O=C(Nc1cccc(C(F)(F)F)c1)N[C@@H]1[C@H]2Oc3ccc(Oc4ccncc4)cc3[C@@H]12,0,IC50,4.24,1,CHEMBL5912256
O=C(Nc1ccc(F)cc1F)N[C@@H]1[C@H]2Oc3ccc(Oc4ncnc5[nH]cnc45)cc3[C@@H]12,0,IC50,4.62,1,CHEMBL5813380
Nc1cc(Oc2ccc3c(c2)[C@H]2[C@H](NC(=O)Nc4ccc(F)cc4F)[C@H]2O3)ccn1,0,IC50,4.44,1,CHEMBL6025184
Nc1cc(Oc2ccc3c(c2)[C@H]2[C@H](NC(=O)Nc4cc(F)c(F)cc4F)[C@H]2O3)ccn1,0,IC50,4.75,1,CHEMBL5961749
CNC(=O)c1cc(Oc2ccc3c(c2)[C@H]2[C@H](NC(=O)Nc4ccc(Cl)c(C(F)(F)F)c4)[C@H]2O3)ccn1,0,IC50,4.06,1,CHEMBL5888105
CCN1CCN(Cc2ccc(C(=O)N[C@@H]3[C@H]4Oc5ccc(Oc6ccnc7c6CCC(=O)N7)cc5[C@@H]34)cc2C(F)(F)F)CC1,1,IC50,8.28,2,CHEMBL5875012
O=C1CCc2c(Oc3ccc4c(c3)[C@H]3[C@H](NC(=O)c5ccc(CN6CCN(CC(F)(F)F)CC6)c(C(F)(F)F)c5)[C@H]3O4)ccnc2N1,1,IC50,7.57,1,CHEMBL5932679
CN1CCN(Cc2ccc(C(=O)N[C@@H]3[C@H]4Oc5ccc(Oc6ccnc7c6CCC(=O)N7)cc5[C@@H]34)cc2C(F)(F)F)CC1,1,IC50,8.15,2,CHEMBL5952854
CCN1CCN(Cc2ccc(C(=O)N[C@@H]3[C@H]4Oc5ccc(Oc6ccnc7c6CCC(=O)N7)cc5[C@@H]34)cc2F)CC1,1,IC50,8.09,1,CHEMBL5832090
CCN1CCN(Cc2cc(C(=O)N[C@@H]3[C@H]4Oc5ccc(Oc6ccnc7c6CCC(=O)N7)cc5[C@@H]34)cc(C(F)(F)F)c2)CC1,1,IC50,7.92,1,CHEMBL5872606
CCN1CCN(Cc2cc(F)cc(C(=O)N[C@@H]3[C@H]4Oc5ccc(Oc6ccnc7c6CCC(=O)N7)cc5[C@@H]34)c2)CC1,1,IC50,8.77,1,CHEMBL5885846
O=C1CCc2c(Oc3ccc4c(c3)[C@H]3[C@H](NC(=O)c5ccc(CN6CCOCC6)c(C(F)(F)F)c5)[C@H]3O4)ccnc2N1,1,IC50,7.44,1,CHEMBL5954442
O=C1CCc2c(Oc3ccc4c(c3)[C@H]3[C@H](NC(=O)c5ccc(CN6CCCCC6)c(C(F)(F)F)c5)[C@H]3O4)ccnc2N1,1,IC50,7.39,1,CHEMBL5814661
CN(C)[C@H]1CCN(Cc2ccc(C(=O)N[C@@H]3[C@H]4Oc5ccc(Oc6ccnc7c6CCC(=O)N7)cc5[C@@H]34)cc2C(F)(F)F)C1,1,IC50,7.77,1,CHEMBL5816591
CN(C)[C@@H]1CCN(Cc2ccc(C(=O)N[C@@H]3[C@H]4Oc5ccc(Oc6ccnc7c6CCC(=O)N7)cc5[C@@H]34)cc2C(F)(F)F)C1,1,IC50,7.85,1,CHEMBL6032856
CN1CCN(Cc2ccc(C(=O)N[C@@H]3[C@H]4Oc5ccc(Oc6ccnc7c6CCC(=O)N7)cc5[C@@H]34)cc2)CC1,1,IC50,8.23,1,CHEMBL5809744
O=C1CCc2c(Oc3ccc4c(c3)[C@H]3[C@H](NC(=O)c5ccc(CN6CCN7CCC[C@@H]7C6)c(C(F)(F)F)c5)[C@H]3O4)ccnc2N1,1,IC50,8.05,1,CHEMBL5971901
C[C@@H]1CN(Cc2ccc(C(=O)N[C@@H]3[C@H]4Oc5ccc(Oc6ccnc7c6CCC(=O)N7)cc5[C@@H]34)cc2C(F)(F)F)C[C@H](C)O1,1,IC50,7.07,1,CHEMBL5981661
O=C1CCc2c(Oc3ccc4c(c3)[C@H]3[C@H](NC(=O)c5ccc(CN6CCn7c(nnc7C(F)(F)F)C6)c(C(F)(F)F)c5)[C@H]3O4)ccnc2N1,1,IC50,7.7,1,CHEMBL5746879
O=C1CCc2c(Oc3ccc4c(c3)[C@H]3[C@H](NC(=O)c5ccc(CN6CCC[C@H](O)C6)c(C(F)(F)F)c5)[C@H]3O4)ccnc2N1,1,IC50,7.55,1,CHEMBL5998662
O=C1CCc2c(Oc3ccc4c(c3)[C@H]3[C@H](NC(=O)c5ccc(CN6CCC[C@@H](O)C6)c(C(F)(F)F)c5)[C@H]3O4)ccnc2N1,1,IC50,7.52,1,CHEMBL6026192
O=C1CCc2c(Oc3ccc4c(c3)[C@H]3[C@H](NC(=O)c5ccc(CN6CCN(CCO)CC6)c(C(F)(F)F)c5)[C@H]3O4)ccnc2N1,1,IC50,7.98,1,CHEMBL5862436
CCN1CCN(Cc2ccc(C(=O)N[C@@H]3[C@H]4Oc5ccc(Oc6ccnc7c6CCC(=O)N7)cc5[C@@H]34)cc2Cl)CC1,1,IC50,8.24,1,CHEMBL5870222
CCN1CCN(Cc2ccc(C(=O)N[C@@H]3[C@H]4Oc5ccc(Oc6ccnc7c6CCC(=O)N7)cc5[C@@H]34)cc2Br)CC1,1,IC50,8.27,1,CHEMBL5806557
CN(C)C1CCN(Cc2ccc(C(=O)N[C@@H]3[C@H]4Oc5ccc(Oc6ccnc7c6CCC(=O)N7)cc5[C@@H]34)cc2C(F)(F)F)CC1,1,IC50,7.96,1,CHEMBL5952823
CN1CCN(Cc2ccc(C(=O)N[C@@H]3[C@H]4Oc5ccc(Oc6ccnc7c6CCC(=O)N7)cc5[C@@H]34)cc2F)CC1,1,IC50,8.06,1,CHEMBL6033024
CN1CCN(Cc2ccc(C(=O)N[C@@H]3[C@H]4Oc5ccc(Oc6ccnc7c6CCC(=O)N7)cc5[C@@H]34)cc2Cl)CC1,1,IC50,8.32,1,CHEMBL5746876
CN1CCN(Cc2ccc(C(=O)N[C@@H]3[C@H]4Oc5ccc(Oc6ccnc7c6CCC(=O)N7)cc5[C@@H]34)cc2Br)CC1,1,IC50,8.27,1,CHEMBL5934098
CN(C)Cc1ccc(C(=O)N[C@@H]2[C@H]3Oc4ccc(Oc5ccnc6c5CCC(=O)N6)cc4[C@@H]23)cc1C(F)(F)F,1,IC50,7.85,1,CHEMBL5858630
CC(C)(N)c1cc(C(=O)N[C@@H]2[C@H]3Oc4ccc(Oc5ccnc6c5CCC(=O)N6)cc4[C@@H]23)cc(C(F)(F)F)c1,1,IC50,9.15,1,CHEMBL5896727
NC1(c2cc(C(=O)N[C@@H]3[C@H]4Oc5ccc(Oc6ccnc7c6CCC(=O)N7)cc5[C@@H]34)cc(C(F)(F)F)c2)CC1,1,IC50,8.66,1,CHEMBL5915854
O=C1CCc2c(Oc3ccc4c(c3)[C@H]3[C@H](NC(=O)c5ccc(CN6CCNCC6)c(C(F)(F)F)c5)[C@H]3O4)ccnc2N1,1,IC50,7.57,1,CHEMBL5786132
C[C@H]1CN(Cc2ccc(C(=O)N[C@@H]3[C@H]4Oc5ccc(Oc6ccnc7c6CCC(=O)N7)cc5[C@@H]34)cc2C(F)(F)F)CCN1,1,IC50,8.21,1,CHEMBL5773114
CN(C)[C@@H]1CCCN(Cc2ccc(C(=O)N[C@@H]3[C@H]4Oc5ccc(Oc6ccnc7c6CCC(=O)N7)cc5[C@@H]34)cc2C(F)(F)F)C1,1,IC50,7.82,1,CHEMBL5893218
CN(C)[C@@H]1CN(Cc2ccc(C(=O)N[C@@H]3[C@H]4Oc5ccc(Oc6ccnc7c6CCC(=O)N7)cc5[C@@H]34)cc2C(F)(F)F)CCN1,1,IC50,7.89,1,CHEMBL5856814
CCN1CCN(Cc2ccc(C(=O)N[C@H]3[C@@H]4Oc5ccc(Oc6ccnc7c6CCC(=O)N7)cc5[C@H]34)cc2C(F)(F)F)CC1,1,IC50,7.8,1,CHEMBL5768138
O=C1CCc2c(Oc3ccc4c(c3)[C@H]3[C@H](NC(=O)c5cccc(C(F)(F)F)c5)[C@H]3O4)ccnc2N1,1,IC50,8.92,1,CHEMBL6039541
O=C1CCc2c(Oc3ccc4c(c3)[C@H]3[C@H](NC(=O)c5ccc(F)cc5)[C@H]3O4)ccnc2N1,1,IC50,8.85,1,CHEMBL6014278
Cc1cccc(F)c1C(=O)N[C@@H]1[C@H]2Oc3ccc(Oc4ccnc5c4CCC(=O)N5)cc3[C@@H]12,1,IC50,8.12,1,CHEMBL6020779
O=C1CCc2c(Oc3ccc4c(c3)[C@H]3[C@H](NC(=O)c5ccccc5F)[C@H]3O4)ccnc2N1,1,IC50,8.33,1,CHEMBL5872048
O=C1CCc2c(Oc3ccc4c(c3)[C@H]3[C@H](NC(=O)c5cccc(F)c5)[C@H]3O4)ccnc2N1,1,IC50,9.12,1,CHEMBL5962642
O=C1CCc2c(Oc3ccc4c(c3)[C@H]3[C@H](NC(=O)c5ccc(C(F)(F)F)cc5)[C@H]3O4)ccnc2N1,1,IC50,8.09,1,CHEMBL5875973
O=C1CCc2c(Oc3ccc4c(c3)[C@H]3[C@H](NC(=O)c5ccc(F)c(F)c5)[C@H]3O4)ccnc2N1,1,IC50,8.92,1,CHEMBL5983026
O=C1CCc2c(Oc3ccc4c(c3)[C@H]3[C@H](NC(=O)c5ccc(C(F)(F)F)c(F)c5)[C@H]3O4)ccnc2N1,1,IC50,8.04,1,CHEMBL5903269
CC(C)(C#N)c1cccc(C(=O)N[C@@H]2[C@H]3Oc4ccc(Oc5ccnc6c5CCC(=O)N6)cc4[C@@H]23)c1,1,IC50,8.39,1,CHEMBL5862522
O=C1CCc2c(Oc3ccc4c(c3)[C@H]3[C@H](NC(=O)c5ccccc5C(F)(F)F)[C@H]3O4)ccnc2N1,1,IC50,8.32,1,CHEMBL5770880
O=C1CCc2c(Oc3ccc4c(c3)[C@H]3[C@H](NC(=O)c5cc(C(F)(F)F)ccn5)[C@H]3O4)ccnc2N1,1,IC50,8.51,1,CHEMBL5976386
N#CC1(c2cccc(C(=O)N[C@@H]3[C@H]4Oc5ccc(Oc6ccnc7c6CCC(=O)N7)cc5[C@@H]34)c2)CC1,1,IC50,8.6,1,CHEMBL6031887
CN(C)[C@H]1CCCN(c2ccc(C(=O)N[C@@H]3[C@H]4Oc5ccc(Oc6ccnc7c6CCC(=O)N7)cc5[C@@H]34)cc2C(F)(F)F)C1,1,IC50,8.0,1,CHEMBL6056244
CN(C)[C@@H]1CCCN(c2ccc(C(=O)N[C@@H]3[C@H]4Oc5ccc(Oc6ccnc7c6CCC(=O)N7)cc5[C@@H]34)cc2C(F)(F)F)C1,1,IC50,7.8,1,CHEMBL6046965
CN1CCN(c2ccc(C(=O)N[C@@H]3[C@H]4Oc5ccc(Oc6ccnc7c6CCC(=O)N7)cc5[C@@H]34)cc2C(F)(F)F)CC1,1,IC50,8.02,1,CHEMBL6025187
CCN1CCN(c2ccc(C(=O)N[C@@H]3[C@H]4Oc5ccc(Oc6ccnc7c6CCC(=O)N7)cc5[C@@H]34)cc2C(F)(F)F)CC1,1,IC50,7.96,1,CHEMBL5873702
CN1CCC(Oc2ccc(C(=O)N[C@@H]3[C@H]4Oc5ccc(Oc6ccnc7c6CCC(=O)N7)cc5[C@@H]34)cc2C(F)(F)F)CC1,1,IC50,7.85,1,CHEMBL5805459
CN1CCN(CCOc2ccc(C(=O)N[C@@H]3[C@H]4Oc5ccc(Oc6ccnc7c6CCC(=O)N7)cc5[C@@H]34)cc2C(F)(F)F)CC1,1,IC50,7.85,1,CHEMBL5976230
O=C(/C=C/c1cccc(C(F)(F)F)c1)N[C@@H]1[C@H]2Oc3ccc(Oc4ccnc5c4CCC(=O)N5)cc3[C@@H]12,1,IC50,7.8,1,CHEMBL5873136
O=C1CCc2c(Oc3ccc4c(c3)[C@H]3[C@H](NC(=O)c5ccc(-c6ccccc6)o5)[C@H]3O4)ccnc2N1,1,IC50,8.31,1,CHEMBL6024685
CCN1CCN(Cc2ccc(C(=O)NC3C4Oc5c(C)cc(Oc6ccnc7c6CCC(=O)N7)cc5C34)cc2C(F)(F)F)CC1,1,IC50,7.75,1,CHEMBL5950429
CN1CCN(Cc2ccc(C(=O)NC3C4Oc5ccc(Oc6ccnc7c6CCC(=O)N7)cc5C34)cc2C(F)(F)F)CC1,1,IC50,7.68,1,CHEMBL5857682
CCN1CCN(Cc2ccc(C(=O)N[C@@H]3[C@H]4Oc5ccc(Oc6ccnc7c6CCC(=O)N7)cc5[C@@H]34)cc2C)CC1,1,IC50,8.19,1,CHEMBL5845171
Cc1cc(C(=O)N[C@@H]2[C@H]3Oc4ccc(Oc5ccnc6c5CCC(=O)N6)cc4[C@@H]23)ccc1CN1CCN(C)CC1,1,IC50,8.26,1,CHEMBL5863733
Cc1cc(C(=O)N[C@@H]2[C@H]3Oc4ccc(Oc5ccnc6c5CCC(=O)N6)cc4[C@@H]23)ccc1CO,1,IC50,9.0,1,CHEMBL5945719
O=C1CCc2c(Oc3ccc4c(c3)[C@H]3[C@H](NC(=O)Cc5cccc(C(F)(F)F)c5)[C@H]3O4)ccnc2N1,1,IC50,8.82,1,CHEMBL5827368
O=C1CCc2c(Oc3ccc4c(c3)[C@H]3[C@H](NC(=O)c5ccnc(C(F)(F)F)c5)[C@H]3O4)ccnc2N1,1,IC50,8.82,1,CHEMBL5836093
O=C1CCc2c(Oc3ccc4c(c3)[C@H]3[C@H](NC(=O)c5cncc(C(F)(F)F)c5)[C@H]3O4)ccnc2N1,1,IC50,8.89,1,CHEMBL6019942
O=C1CCc2c(Oc3ccc4c(c3)[C@H]3[C@H](NC(=O)c5cccc(C(F)(F)F)n5)[C@H]3O4)ccnc2N1,1,IC50,8.6,1,CHEMBL5750515
CC1CN(Cc2ccc(C(=O)N[C@@H]3[C@H]4Oc5ccc(Oc6ccnc7c6CCC(=O)N7)cc5[C@@H]34)cc2C(F)(F)F)CC(C)N1C(=O)OC(C)(C)C,1,IC50,8.09,1,CHEMBL5779745
CN(C)Cc1cc(C(=O)N[C@@H]2[C@H]3Oc4ccc(Oc5ccnc6c5CCC(=O)N6)cc4[C@@H]23)cc(C(F)(F)F)c1,1,IC50,8.44,1,CHEMBL5900941
CCCCCC(=O)N[C@@H]1[C@H]2Oc3ccc(Oc4ccnc5c4CCC(=O)N5)cc3[C@@H]12,1,IC50,9.22,1,CHEMBL6059204
CCCCCCC(=O)N[C@@H]1[C@H]2Oc3ccc(Oc4ccnc5c4CCC(=O)N5)cc3[C@@H]12,1,IC50,9.11,1,CHEMBL6000502
CCCCCCCC(=O)N[C@@H]1[C@H]2Oc3ccc(Oc4ccnc5c4CCC(=O)N5)cc3[C@@H]12,1,IC50,8.7,1,CHEMBL5900414
CCCCCCCCCC(=O)N[C@@H]1[C@H]2Oc3ccc(Oc4ccnc5c4CCC(=O)N5)cc3[C@@H]12,1,IC50,7.62,1,CHEMBL6006366
CN(C)C1CCN(c2ccc(C(=O)N[C@@H]3[C@H]4Oc5ccc(Oc6ccnc7c6CCC(=O)N7)cc5[C@@H]34)cc2C(F)(F)F)CC1,1,IC50,8.0,1,CHEMBL5914847
COc1cc(C(=O)N[C@@H]2[C@H]3Oc4ccc(Oc5ccnc6c5CCC(=O)N6)cc4[C@@H]23)ccc1CN1CCN(C)CC1,1,IC50,8.11,1,CHEMBL5987223
CCN1CCN(Cc2ccc(C(=O)N[C@@H]3[C@H]4Oc5ccc(Oc6ccnc7c6CCC(=O)N7)cc5[C@@H]34)cc2OC)CC1,1,IC50,8.16,1,CHEMBL6053635
CCN1CCC(Cc2ccc(C(=O)N[C@@H]3[C@H]4Oc5ccc(Oc6ccnc7c6CCC(=O)N7)cc5[C@@H]34)cc2C(F)(F)F)CC1,1,IC50,8.0,1,CHEMBL5840248
CCN1CCC(=Cc2ccc(C(=O)N[C@@H]3[C@H]4Oc5ccc(Oc6ccnc7c6CCC(=O)N7)cc5[C@@H]34)cc2C(F)(F)F)CC1,1,IC50,7.68,1,CHEMBL5897419
O=C1CCc2c(Oc3ccc4c(c3)[C@H]3[C@H](NC(=O)c5ccc(CO)c(C(F)(F)F)c5)[C@H]3O4)ccnc2N1,1,IC50,8.43,1,CHEMBL6039588
CN1C(C)(C)CC(Oc2ccc(C(=O)N[C@@H]3[C@H]4Oc5ccc(Oc6ccnc7c6CCC(=O)N7)cc5[C@@H]34)cc2C(F)(F)F)CC1(C)C,1,IC50,7.89,1,CHEMBL5895307
CCN1CCN(Cc2ccc(C(=O)N[C@@H]3[C@H]4Oc5ccc(Oc6ccnc7c6CCC(=O)N7)cc5[C@@H]34)cc2OC(F)(F)F)CC1,1,IC50,8.0,1,CHEMBL5798869
CCN1CCN(Cc2ccc(C(=O)N[C@@H]3[C@H]4Oc5ccc(Oc6ccnc7c6COC(=O)N7)cc5[C@@H]34)cc2C(F)(F)F)CC1,1,IC50,7.8,1,CHEMBL5902796
CN1CCN(Cc2ccc(C(=O)N[C@@H]3[C@H]4Oc5ccc(Oc6ccnc7c6COC(=O)N7)cc5[C@@H]34)cc2C(F)(F)F)CC1,1,IC50,7.96,1,CHEMBL6029891
CCN1CCN(Cc2ccc(C(=O)N[C@@H]3[C@H]4Oc5ccc(Oc6ccnc(C(=O)NC)c6)cc5[C@@H]34)cc2C(F)(F)F)CC1,1,IC50,7.27,1,CHEMBL5817477
CNC(=O)c1cc(Oc2ccc3c(c2)[C@H]2[C@H](NC(=O)c4ccc(CN5CCN(C)CC5)c(C(F)(F)F)c4)[C@H]2O3)ccn1,1,IC50,7.31,1,CHEMBL5808072
CCN1CCN(Cc2ccc(C(=O)N[C@@H]3[C@H]4Oc5ccc(Oc6ccnc(N)c6)cc5[C@@H]34)cc2C(F)(F)F)CC1,1,IC50,7.24,1,CHEMBL5834453
CCN1CCN(Cc2ccc(C(=O)N[C@@H]3[C@H]4Oc5ccc(Oc6ccnc7c6CNC(=O)N7)cc5[C@@H]34)cc2C(F)(F)F)CC1,1,IC50,7.77,1,CHEMBL5957231
CN1CCN(Cc2ccc(C(=O)N[C@@H]3[C@H]4Oc5ccc(Oc6ccnc7c6CNC(=O)N7)cc5[C@@H]34)cc2C(F)(F)F)CC1,1,IC50,7.8,1,CHEMBL5972309
Cc1ccc(NC(=O)c2cccc(C(F)(F)F)c2)cc1-c1cccc(C2(C)COC2)c1,1,IC50,6.06,1,CHEMBL5799488
CCOc1ncc(-c2cc(NC(=O)c3ccnc(C(C)(C)C#N)c3)ccc2C)cc1C1(CF)COC1,1,IC50,6.35,1,CHEMBL5800685
Cc1ncc(NC(=O)c2ccnc(C(C)(C)C#N)c2)cc1-c1cnc(OC2CCOCC2)c(C2(O)COC2)c1,0,IC50,4.69,1,CHEMBL5884633
Cc1ccc(NC(=O)c2ccnc(C(F)(F)F)c2)cc1-c1cnc(OC2CCOCC2)c(C2(O)COC2)c1,1,IC50,6.01,1,CHEMBL5973678
Cc1ncc(NC(=O)c2cccc(C(F)(F)F)c2)cc1-c1cnc(OCCO)c(C2(O)COC2)c1,0,IC50,4.92,1,CHEMBL5879108
COc1ncc(-c2cc(NC(=O)c3ccnc(C(C)(C)C#N)c3)ccc2C)cc1C1(C=O)COC1,0,IC50,4.99,1,CHEMBL6001779
Cc1ncc(NC(=O)c2cccc(C(F)(F)F)c2)cc1-c1cc(C2(F)COC2)c(=O)n(CCCO)c1,0,IC50,4.17,1,CHEMBL6061723
COc1ncc(-c2cc(NC(=O)c3cccc(C(F)(F)F)c3)cnc2C)cc1C1(CF)COC1,1,IC50,6.33,1,CHEMBL5980995
CCOc1ncc(-c2cc(NC(=O)c3ccnc(C(F)(F)F)c3)cnc2C)cc1C1(C)COC1,1,IC50,6.21,1,CHEMBL5882511
CCOc1ncc(-c2cc(NC(=O)c3cnnc(C(F)(F)F)c3)ccc2C)cc1C1(C)COC1,1,IC50,6.52,1,CHEMBL5992357
Cc1ncc(NC(=O)c2ccnc(C(C)(F)F)c2)cc1-c1cccc(C2COC2)c1,0,IC50,4.89,1,CHEMBL6005215
COc1ncc(-c2cc(NC(=O)c3ccnc(C(C)(C)O)c3)ccc2C)cc1C1(O)COC1,0,IC50,4.63,1,CHEMBL5976595
COc1ncc(-c2cc(NC(=O)c3ccnc(C(F)(F)F)c3)cnc2C)cc1C1(O)COC1,0,IC50,4.12,1,CHEMBL5784746
COc1ncc(-c2cc(NC(=O)c3ccnc(C(C)(C)F)c3)cnc2C)cc1C1(O)COC1,0,IC50,4.64,1,CHEMBL5903773
COc1ncc(-c2cc(NC(=O)c3ccnc(C(C)(F)F)c3)cnc2C)cc1C1(O)COC1,0,IC50,4.62,1,CHEMBL6037731
COc1ncc(-c2cc(NC(=O)c3cc(C(F)(F)F)ccn3)cnc2C)cc1C1(O)COC1,0,IC50,4.63,1,CHEMBL5991237
COc1ncc(-c2cc(NC(=O)c3ccnc(C(C)(C)O)c3)cnc2C)cc1C1(F)COC1,0,IC50,4.46,1,CHEMBL6045829
COc1ncc(-c2cc(NC(=O)c3cc(C(F)(F)F)ccn3)cnc2C)cc1C1(F)COC1,1,IC50,7.23,1,CHEMBL6022095
COc1ncc(-c2cc(NC(=O)c3cc(C(C)(C)C#N)ccn3)cnc2C)cc1C1(F)COC1,0,IC50,4.83,1,CHEMBL5888171
COc1ncc(-c2cc(NC(=O)c3cc(C(F)(F)F)ccn3)ccc2C)cc1C1(F)COC1,1,IC50,6.03,1,CHEMBL6061030
COc1ncc(-c2cc(NC(=O)c3cc(C(C)(F)F)ccn3)cnc2C)cc1C1(O)COC1,0,IC50,4.88,1,CHEMBL5833849
COc1ncc(-c2cc(NC(=O)c3cc(C(C)(C)F)ccn3)cnc2C)cc1C1(O)COC1,0,IC50,4.5,1,CHEMBL5884776
COc1ncc(-c2cc(NC(=O)c3cccc(C(F)(F)F)c3)cnc2C)cc1C1(O)COC1,0,IC50,4.99,1,CHEMBL5995866
COc1ncc(-c2cc(NC(=O)c3ccnc(C(F)F)c3)ccc2C)cc1C1(O)COC1,0,IC50,4.88,1,CHEMBL5772015
COc1ncc(-c2cc(NC(=O)c3cc(C(C)(C)N)cc(C(F)(F)F)c3)cnc2C)cc1C1(F)COC1,0,IC50,4.88,1,CHEMBL6030955
COc1ncc(-c2cc(NC(=O)c3ccnc(C(C)(F)F)c3)ccc2C)cc1C1(CF)COC1,1,IC50,6.53,1,CHEMBL5948555
COc1ncc(-c2cc(NC(=O)c3ccnc(C(C)(C)F)c3)ccc2C)cc1C1(CF)COC1,1,IC50,6.38,1,CHEMBL6019679
COc1ncc(-c2cc(NC(=O)c3ccnc(C(F)(F)F)c3)ccc2C)cc1C1(CF)COC1,1,IC50,6.49,1,CHEMBL5960695
COc1ncc(-c2cc(NC(=O)c3ccnc(C(C)(C)C#N)c3)ccc2C)cc1C1(CF)COC1,1,IC50,6.24,1,CHEMBL5885604
COc1ncc(-c2cc(NC(=O)c3cc(C(C)(C)N)cc(C(F)(F)F)c3)cnc2C)cc1C1(C#N)COC1,0,IC50,4.76,1,CHEMBL5917669
Cc1ccc(NC(=O)c2cccc(C(F)(F)F)c2)cc1-c1cnc(OC2CCOCC2)c(C2(O)COC2)c1,1,IC50,6.09,1,CHEMBL5988964
CCOc1nnc(-c2cc(NC(=O)c3cc(CN(C)C)cc(C(F)(F)F)c3)cnc2C)cc1C1(C)COC1,0,IC50,4.63,1,CHEMBL5867849
CCOc1ncc(-c2cc(NC(=O)c3cc(C(C)(C)N)cc(C(F)(F)F)c3)cnc2C)cc1C1(F)COC1,0,IC50,4.7,1,CHEMBL5870301
COc1ncc(-c2cc(C(=O)Nc3ccnc(S(C)(=O)=O)c3)ccc2C)cc1C1(O)COC1,0,IC50,4.31,1,CHEMBL5907389
CC(C)(C)c1cc(NC(=O)Nc2ccc(Oc3ccnc4[nH]c(=O)cnc34)cc2F)n(-c2cccc(F)c2)n1,1,IC50,7.75,2,CHEMBL5831360
Cc1cccc(-n2nc(C(C)(C)C)cc2NC(=O)Nc2ccc(Oc3ccnc4[nH]c(=O)cnc34)cc2F)c1,1,IC50,7.92,2,CHEMBL6036420
CC(C)(C)c1cc(NC(=O)Nc2ccc(Oc3ccnc4[nH]c(=O)cnc34)cc2F)n(-c2cccc(C(F)(F)F)c2)n1,1,IC50,7.72,2,CHEMBL6040058
COc1cccc(-n2nc(C(C)(C)C)cc2NC(=O)Nc2ccc(Oc3ccnc4[nH]c(=O)cnc34)cc2F)c1,1,IC50,8.1,2,CHEMBL5867185
CC(C)(C)c1cc(NC(=O)Nc2ccc(Oc3ccnc4[nH]c(=O)cnc34)cc2F)n(-c2ccnc(O)c2)n1,1,IC50,6.41,2,CHEMBL5907255
O=C1CCc2c(Oc3ccc4c(c3)CC(c3nc5cccc(Cl)c5[nH]3)CO4)ccnc2N1,1,IC50,7.28,1,CHEMBL5994467
CC(C)(C)c1c[nH]c(C2COc3ccc(Oc4ccnc5c4CCC(=O)N5)cc3C2)n1,1,IC50,7.28,1,CHEMBL5850308
O=C1CCc2c(Oc3ccc4c(c3)CC(c3ncc(-c5ccc6c(c5)OCCO6)[nH]3)CO4)ccnc2N1,1,IC50,7.28,1,CHEMBL5951751
O=C1CCc2c(Oc3ccc4c(c3)C=C(c3nc(-c5ccccc5)c[nH]3)CO4)ccnc2N1,1,IC50,7.28,1,CHEMBL5909749
O=C1CCc2c(Oc3ccc4c(c3)CC(c3nc(-c5ccccc5)no3)CO4)ccnc2N1,1,IC50,7.28,1,CHEMBL5829721
Cc1cc(Oc2ccc3c(c2)CC(c2ncc(-c4ccccc4)[nH]2)CO3)ccn1,1,IC50,7.28,1,CHEMBL5898885
O=C1CCc2c(Oc3ccc4c(c3)CC(c3nc(-c5ccccc5)c[nH]3)CO4)ccnc2N1,1,IC50,9.1,3,CHEMBL6030169
O=C1CCc2c(Oc3ccc4c(c3)CC(c3nc(-c5ccsc5)c[nH]3)CO4)ccnc2N1,1,IC50,9.0,1,CHEMBL5779645
O=C1CCc2c(Oc3ccc4c(c3)CC(c3nc(-c5cccs5)c[nH]3)CO4)ccnc2N1,1,IC50,8.96,1,CHEMBL5755475
Cc1ncc(C(=O)Nc2cccc(C(F)(F)F)c2)cc1-c1cc(N2CCOCC2=O)nc(N2CCOCC2)n1,1,IC50,8.52,2,CHEMBL5977430
Cc1ccc(C(=O)Nc2cccc(C(F)(F)F)c2)cc1-c1cc(OCc2ccccc2)cc(N2CCOCC2)n1,1,IC50,8.17,2,CHEMBL5851300
Cc1ncc(NC(=O)c2ccnc(C(C)(C)C#N)c2)cc1-c1cc(N2CCOCC2)ncn1,1,IC50,8.32,1,CHEMBL5766201
Cc1ncc(NC(=O)c2cccc(C(F)(F)F)c2)cc1-c1cnc(O[C@H]2CC[C@@H](O)CC2)c(N2CCOCC2)c1,1,IC50,8.51,1,CHEMBL5960126
Cc1ncc(NC(=O)c2cccc(C(F)(F)F)c2)cc1-c1cnc(O[C@H]2CC[C@H](O)C2)c(N2CCOCC2)c1,1,IC50,8.92,2,CHEMBL5832010
Cc1ncc(NC(=O)c2ccnc(C(F)(F)F)c2)cc1-c1cnc(OC2CNC2)c(N2CCOCC2)c1,1,IC50,6.52,1,CHEMBL5832859
Cc1ncc(NC(=O)c2ccnc(C(F)(F)F)c2)cc1-c1cnc(C(C)(C)C#N)c(N2CCOCC2)c1,1,IC50,8.43,1,CHEMBL5926504
Cc1ncc(NC(=O)c2ccnc(C(F)(F)F)c2)cc1-c1cnc(CS(C)(=O)=O)c(N2CCOCC2)c1,1,IC50,8.41,1,CHEMBL5753365
Cc1ccc(NC(=O)c2cc(Br)cc(C(F)(F)F)c2)cc1-c1cc(N2CCOCC2)c(=O)n(C)c1,1,IC50,8.35,1,CHEMBL5881030
COc1ncc(-c2cc(NC(=O)c3ccnc(C(C)(C)C#N)c3)cnc2C)nc1N1CCOCC1,1,IC50,7.9,2,CHEMBL5934403
COc1ncc(-c2cc(NC(=O)c3ccnc(C4(C#N)CC4)c3)cnc2C)nc1N1CCOCC1,1,IC50,8.54,2,CHEMBL5984220
COc1ncc(-c2cc(NC(=O)c3ccnc(C(C)(F)F)c3)cnc2C)nc1N1CCOCC1,1,IC50,8.44,2,CHEMBL5956165
COc1ncc(-c2cc(NC(=O)c3cc(CN(C)C)cc(C(F)(F)F)c3)cnc2C)nc1N1CCOCC1,1,IC50,8.13,2,CHEMBL5830311
COc1ncc(-c2cc(NC(=O)c3ccnc(C(C)(C)F)c3)cnc2C)nc1N1CCOCC1,1,IC50,8.51,2,CHEMBL5903277
CCOc1nnc(-c2cc(NC(=O)c3cccc(S(C)(=O)=O)c3)ccc2C)cc1N1CCOCC1,1,IC50,9.05,1,CHEMBL5743167
CCOc1nnc(-c2cc(NC(=O)c3ccc(CCl)c(C(F)(F)F)c3)ccc2C)cc1N1CCOCC1,1,IC50,8.66,1,CHEMBL5936692
CCOc1nnc(-c2cc(NC(=O)c3ccc(CN(C)CC)c(C(F)(F)F)c3)ccc2C)cc1N1CCOCC1,1,IC50,8.46,1,CHEMBL6026759
Cc1ccc(NC(=O)c2cnnc(C(F)(F)F)c2)cc1-c1cc(N2CCOCC2)c(OC2CCOCC2)nn1,1,IC50,9.22,1,CHEMBL5855092
Cc1ccc(NC(=O)c2ccnc(C(C)(C)C#N)c2)cc1-c1cc(N2CCOCC2)c(OC(C)C)nn1,1,IC50,8.89,1,CHEMBL5912729
CCOc1nnc(-c2cc(NC(=O)c3ccc(CCl)c(C(F)(F)F)c3)cnc2C)cc1N1CCOCC1,1,IC50,7.85,1,CHEMBL5966739
Cc1ccc(NC(=O)c2ccnc(C(C)(C)C#N)c2)cc1-c1cc2c(c(N3CCOC[C@H]3C)n1)SCC2,1,IC50,7.66,1,CHEMBL5891018
Cc1ncc(NC(=O)c2ccc(C#N)c(C(F)(F)F)c2)cc1-c1cc(N2CCOCC2)c2nccn2n1,1,IC50,8.19,1,CHEMBL5863327
Cc1ncc(NC(=O)c2cccc(C(F)F)c2)cc1-c1cc(N2CCOCC2)c2nccn2n1,1,IC50,8.49,1,CHEMBL5746616
Cc1ncc(NC(=O)c2ccnc(C(C)(C)C#N)c2)cc1-c1cc(N2CCOCC2)c2nccn2n1,1,IC50,7.49,1,CHEMBL6048925
Cc1ccc(NC(=O)c2ccnc(C(F)(F)F)c2)cc1-c1cc(-c2cnn(C)c2)nc(N2CCOCC2)c1,1,IC50,8.73,1,CHEMBL5974520
Cc1ccc(NC(=O)c2ccnc(C(C)(F)F)c2)cc1-c1ccnc(N2CCOCC2)c1,1,IC50,9.21,1,CHEMBL5758312
O=C1CCc2c(Oc3ccc4c(c3)C3C(C4)C3C(=O)Nc3ccccc3S)ccnc2N1,1,IC50,7.06,1,CHEMBL5801624
O=C1CCc2c(Oc3ccc4c(c3)[C@H]3[C@@H](O4)[C@@H]3c3nc4cc(Cl)c(Cl)cc4[nH]3)ccnc2N1,1,IC50,7.96,2,CHEMBL5881039
O=C1CCc2c(Oc3ccc4c(c3)[C@@H]3[C@H](O4)[C@H]3c3nc4cc(Cl)c(Cl)cc4[nH]3)ccnc2N1,1,IC50,7.96,2,CHEMBL5874055
Cc1cc2[nH]c([C@@H]3[C@H]4Oc5ccc(Oc6ccnc7c6CCC(=O)N7)cc5[C@H]43)nc2cc1F,1,IC50,8.47,2,CHEMBL5759715
Cc1cc2[nH]c([C@H]3[C@@H]4Oc5ccc(Oc6ccnc7c6CCC(=O)N7)cc5[C@@H]43)nc2cc1F,1,IC50,7.68,2,CHEMBL5886682
O=C1CCc2c(Oc3ccc4c(c3)[C@@H]3[C@H](O4)[C@H]3c3nc4cc(Cl)c(C(F)(F)F)cc4[nH]3)ccnc2N1,1,IC50,6.9,2,CHEMBL5825466
O=C1CCc2c(Oc3ccc4c(c3)[C@H]3[C@@H](O4)[C@@H]3c3nc4cc(Cl)c(C(F)(F)F)cc4[nH]3)ccnc2N1,1,IC50,7.96,2,CHEMBL6062536
O=C1CCc2c(Oc3ccc4c(c3)C3C(O4)C3C(=O)OCC(=O)c3ccccc3)ccnc2N1,1,IC50,9.14,1,CHEMBL5998738
CNC(=O)Nc1cc(Oc2ccc3c(c2)C2C(O3)C2c2nc3ccc(C(F)(F)F)cc3[nH]2)ccn1,1,IC50,7.25,1,CHEMBL5973978
CN1CCN(CCNc2nccc(-c3c(-c4cccc(O)c4)nc4occn34)n2)S1(=O)=O,1,IC50,8.73,4,CHEMBL5920948
CCN1CCN(CCNc2nccc(-c3c(-c4cccc(O)c4)nc4occn34)n2)S1(=O)=O,1,IC50,9.17,2,CHEMBL5584052
COc1cc2ncnc(Nc3ccc(NC(=O)Nc4ccc(Cl)c(C(F)(F)F)c4)c(Cl)c3)c2c2c1OCCO2,1,IC50,6.56,1,CHEMBL6001367
COc1cc2ncnc(Oc3ccc(NC(=O)Nc4ccc(Cl)c(C(F)(F)F)c4)cc3)c2c2c1OCCO2,1,IC50,6.56,1,CHEMBL4514617
COc1cc2ncnc(Oc3ccc(NC(=O)Nc4cc(C(F)(F)F)ccc4F)cc3)c2c2c1OCCO2,1,IC50,6.56,1,CHEMBL4466426
COCCOc1cc2ncnc(Oc3ccc(NC(=O)Nc4cc(C(F)(F)F)ccc4F)cc3)c2c2c1OCCO2,1,IC50,6.56,1,CHEMBL4528373
O=C(Nc1ccc(Oc2ncnc3cc(OCCCN4CCOCC4)c4c(c23)OCCO4)cc1)Nc1cc(C(F)(F)F)ccc1F,1,IC50,6.56,1,CHEMBL4449250
O=C(Nc1ccc(Oc2ncnc3cc(OCCCN4CCOCC4)c4c(c23)OCCO4)cc1)Nc1ccc(Cl)c(C(F)(F)F)c1,1,IC50,6.56,1,CHEMBL6048799
O=C(Nc1ccc(Oc2ncnc3cc(OCCCN4CCOCC4)c4c(c23)OCCO4)c(F)c1)Nc1cc(C(F)(F)F)ccc1F,1,IC50,6.56,1,CHEMBL4516513
O=C(Nc1ccc(Oc2ncnc3cc(OCCCN4CCOCC4)c4c(c23)OCCO4)c(F)c1)Nc1ccc(Cl)c(C(F)(F)F)c1,1,IC50,6.56,1,CHEMBL5757962
CCN1CCN(CCNc2nccc(-c3c(-c4ccc(F)c(O)c4)nc4sccn34)n2)S1(=O)=O,1,IC50,9.01,2,CHEMBL5993587
COc1cc(-c2nc3sccn3c2-c2ccnc(NCCCNS(=O)(=O)c3ccc(F)cc3)n2)ccc1F,1,IC50,8.78,2,CHEMBL5878812
COc1cc(-c2nc3sccn3c2-c2ccnc(NCCCNS(=O)(=O)c3ccc(Cl)cc3)n2)ccc1F,1,IC50,8.72,1,CHEMBL5746950
O=S(=O)(NCCNc1nccc(-c2c(-c3ccc(F)c(O)c3)nc3sccn23)n1)c1ccc(F)cc1,1,IC50,9.44,1,CHEMBL5969637
O=S(=O)(NCCNc1nccc(-c2c(-c3ccc(F)c(O)c3)nc3sccn23)n1)c1ccc(Cl)cc1,1,IC50,8.16,1,CHEMBL6005897
O=S(=O)(NCCNc1nccc(-c2c(-c3ccc(F)c(O)c3)nc3sccn23)n1)c1ccccc1,1,IC50,9.82,1,CHEMBL5795266
O=S(=O)(NCCCNc1nccc(-c2c(-c3ccc(F)c(O)c3)nc3sccn23)n1)c1ccc(Cl)cc1,1,IC50,9.57,1,CHEMBL5986742
COc1ccc(S(=O)(=O)NCCCNc2nccc(-c3c(-c4ccc(F)c(O)c4)nc4sccn34)n2)cc1,1,IC50,10.3,1,CHEMBL5850574
Nc1cc(-c2nc3sccn3c2-c2ccnc(NCCCNS(=O)(=O)c3ccc(F)cc3)n2)ccc1F,1,IC50,8.99,2,CHEMBL5754849
COc1cc(-c2nc3occn3c2-c2ccnc(NCCCNS(=O)(=O)c3ccc(Cl)cc3)n2)ccc1F,1,IC50,7.95,1,CHEMBL6058983
O=S(=O)(NCCNc1nccc(-c2c(-c3ccc(F)c(O)c3)nc3occn23)n1)c1ccc(F)cc1,1,IC50,9.44,1,CHEMBL5907165
O=S(=O)(NCCNc1nccc(-c2c(-c3ccc(F)c(O)c3)nc3occn23)n1)c1ccc(Cl)cc1,1,IC50,9.43,1,CHEMBL5828688
O=S(=O)(NCCCNc1nccc(-c2c(-c3ccc(F)c(O)c3)nc3occn23)n1)c1ccc(Cl)cc1,1,IC50,9.82,1,CHEMBL5835573
COc1ccc(S(=O)(=O)NCCCNc2nccc(-c3c(-c4ccc(F)c(O)c4)nc4occn34)n2)cc1,1,IC50,10.1,1,CHEMBL5982580
O=S(=O)(NCCCNc1nccc(-c2c(-c3ccc(F)c(O)c3)nc3occn23)n1)c1ccccc1,1,IC50,9.8,1,CHEMBL5811533
CCCS(=O)(=O)Nc1ccc(F)c(Nc2ccc3ncn(C)c(=O)c3c2C)c1F,1,IC50,8.07,4,CHEMBL5997885
Cc1c(Nc2c(F)ccc(NS(=O)(=O)CCCF)c2F)ccc2ncn(C)c(=O)c12,1,IC50,7.85,2,CHEMBL5796699
CCCS(=O)(=O)Nc1cccc(Nc2ccc3ncn(C)c(=O)c3c2C)c1Cl,1,IC50,7.15,2,CHEMBL5954792
Cc1c(Nc2cccc(NS(=O)(=O)CCCF)c2Cl)ccc2ncn(C)c(=O)c12,1,IC50,8.09,4,CHEMBL5931327
CCCS(=O)(=O)Nc1cc(F)c(F)c(Nc2ccc3ncn(C)c(=O)c3c2C)c1F,1,IC50,8.2,2,CHEMBL5899793
Cc1c(Nc2c(F)c(F)cc(NS(=O)(=O)CCCF)c2F)ccc2ncn(C)c(=O)c12,1,IC50,8.76,2,CHEMBL6040397
Cc1c(Nc2c(F)c(F)cc(NS(=O)(=O)CCCF)c2Cl)ccc2ncn(C)c(=O)c12,1,IC50,8.84,2,CHEMBL5938245
CCCS(=O)(=O)Nc1cc(F)cc(Nc2ccc3ncn(C)c(=O)c3c2C)c1F,1,IC50,7.79,2,CHEMBL5818063
CCCS(=O)(=O)Nc1cc(F)cc(Nc2ccc3ncn(C)c(=O)c3c2C)c1Cl,1,IC50,8.01,2,CHEMBL5780307
CCCS(=O)(=O)Nc1cc(Cl)cc(Nc2ccc3ncn(C)c(=O)c3c2C)c1F,1,IC50,8.34,2,CHEMBL5792289
CCCS(=O)(=O)Nc1ccc(Cl)c(Nc2ccc3ncn(C)c(=O)c3c2C)c1Cl,1,IC50,7.86,2,CHEMBL5801663
CCCS(=O)(=O)Nc1ncc(Cl)c(Nc2ccc3ncn(C)c(=O)c3c2C)c1Cl,1,IC50,8.34,2,CHEMBL5904108
CCCS(=O)(=O)Nc1ncc(F)c(Nc2ccc3ncn(C)c(=O)c3c2C)c1F,1,IC50,7.77,2,CHEMBL5743842
Cc1c(Nc2c(F)cnc(NS(=O)(=O)CCCF)c2F)ccc2ncn(C)c(=O)c12,1,IC50,8.01,2,CHEMBL5988590
CCCS(=O)(=O)Nc1ncc(F)c(Nc2ccc3ncn(C)c(=O)c3c2C)c1Cl,1,IC50,8.11,2,CHEMBL5931598
Cc1c(Nc2c(F)cnc(NS(=O)(=O)CCCF)c2Cl)ccc2ncn(C)c(=O)c12,1,IC50,8.21,2,CHEMBL5739974
Cc1c(Nc2c(F)ccc(NS(=O)(=O)c3ccco3)c2Cl)ccc2ncn(C)c(=O)c12,1,IC50,9.15,2,CHEMBL5806587
Cc1c(Nc2c(F)ccc(NS(=O)(=O)N3CCCC3)c2Cl)ccc2ncn(C)c(=O)c12,1,IC50,7.46,2,CHEMBL5957718
Cc1c(Nc2c(F)ccc(NS(=O)(=O)N3CC[C@@H](F)C3)c2Cl)ccc2ncn(C)c(=O)c12,1,IC50,7.86,2,CHEMBL6030052
Cc1c(Nc2c(F)ccc(NS(=O)(=O)c3cc(F)ccc3F)c2Cl)ccc2ncn(C)c(=O)c12,1,IC50,9.47,2,CHEMBL5935673
Cc1c(Nc2c(F)ccc(NS(=O)(=O)c3ccccn3)c2Cl)ccc2ncn(C)c(=O)c12,1,IC50,7.31,2,CHEMBL5933312
COCCS(=O)(=O)Nc1ccc(F)c(Nc2ccc3ncn(C)c(=O)c3c2C)c1Cl,1,IC50,6.68,2,CHEMBL5863201
CCCS(=O)(=O)Nc1ccc(F)c(Nc2ccc3ncn(C)c(=O)c3c2C)c1C#N,1,IC50,8.7,2,CHEMBL5944821
CCCS(=O)(=O)Nc1ccc(F)c(Nc2ccc3ncn(Cc4ccccc4)c(=O)c3c2C)c1Cl,1,IC50,6.76,2,CHEMBL5855791
CCCS(=O)(=O)Nc1ccc(F)c(Nc2ccc3ncn(CCOC)c(=O)c3c2C)c1Cl,1,IC50,7.34,2,CHEMBL5990239
CCCS(=O)(=O)Nc1ccc(F)c(Nc2ccc3ncn(-c4ccccc4)c(=O)c3c2C)c1Cl,1,IC50,7.03,2,CHEMBL5824403
CCCS(=O)(=O)Nc1ccc(F)c(Nc2ccc3ncn(C4CCC4)c(=O)c3c2C)c1Cl,1,IC50,7.62,2,CHEMBL5876020
CCCS(=O)(=O)Nc1ccc(F)c(Nc2ccc3ncn([C@@H]4CCOC4)c(=O)c3c2C)c1Cl,1,IC50,8.05,2,CHEMBL6034092
CCCS(=O)(=O)Nc1ccc(F)c(Nc2ccc3ncn([C@H]4CCOC4)c(=O)c3c2C)c1Cl,1,IC50,7.61,2,CHEMBL5804310
CCCS(=O)(=O)Nc1ccc(F)c(Nc2ccc3ncn(C4CCCC4)c(=O)c3c2C)c1Cl,1,IC50,7.28,2,CHEMBL5928820
CCCS(=O)(=O)Nc1ccc(Cl)c(Nc2ccc3ncn(C)c(=O)c3c2C)c1F,1,IC50,7.36,2,CHEMBL5789810
Cc1c(Nc2c(F)cnc(NS(=O)(=O)CC3CC3)c2F)ccc2ncn(C)c(=O)c12,1,IC50,7.22,2,CHEMBL5993444
CCS(=O)(=O)Nc1ncc(F)c(Nc2ccc3ncn(C)c(=O)c3c2C)c1F,1,IC50,6.58,2,CHEMBL5747359
Cc1c(Nc2cc(F)cc(NS(=O)(=O)CCCF)c2Cl)ccc2ncn(C)c(=O)c12,1,IC50,8.22,2,CHEMBL5770252
CCS(=O)(=O)Nc1ncc(F)c(Nc2ccc3ncn(C)c(=O)c3c2C)c1Cl,1,IC50,6.86,2,CHEMBL5787691
CCCS(=O)(=O)Nc1cc(C)cc(Nc2ccc3ncn(C)c(=O)c3c2C)c1F,1,IC50,6.83,2,CHEMBL5765185
Cc1c(Nc2c(F)cnc(NS(=O)(=O)CC3CC3)c2Cl)ccc2ncn(C)c(=O)c12,1,IC50,7.38,2,CHEMBL5874923
CCCS(=O)(=O)Nc1cc(Cl)cc(Nc2ccc3ncn(C)c(=O)c3c2C)c1Cl,1,IC50,8.52,2,CHEMBL5926596
Cc1c(Nc2c(F)ccc(NS(=O)(=O)c3ccccc3)c2Cl)ccc2ncn(C)c(=O)c12,1,IC50,8.4,2,CHEMBL5761585
CCCS(=O)(=O)Nc1cccc(Nc2ccc3ncn(C)c(=O)c3c2C)c1C#N,1,IC50,8.03,2,CHEMBL5794251
CCN(C)S(=O)(=O)Nc1ccc(F)c(Nc2ccc3ncn(C)c(=O)c3c2C)c1Cl,1,IC50,6.73,2,CHEMBL5781667
CCCS(=O)(=O)Nc1ccc(F)c(Oc2ccc3ncn(C)c(=O)c3c2C)c1Cl,1,IC50,8.51,4,CHEMBL6005181
Cc1c(Oc2c(F)ccc(NS(=O)(=O)CCCF)c2F)ccc2ncn(C)c(=O)c12,1,IC50,7.89,2,CHEMBL5943269
CCCS(=O)(=O)Nc1nccc(Oc2ccc3ncn(C)c(=O)c3c2C)c1Cl,1,IC50,7.02,2,CHEMBL5959407
CCCS(=O)(=O)Nc1ccc(F)c(Nc2ccc3ncn(-c4cccnc4)c(=O)c3c2C)c1Cl,1,IC50,7.45,2,CHEMBL5998069
CCCS(=O)(=O)Nc1ccc(F)c(Nc2ccc3ncn(CC(F)(F)F)c(=O)c3c2C)c1Cl,1,IC50,8.47,2,CHEMBL5909261
C#Cc1c(Nc2c(F)ccc(NS(=O)(=O)CCC)c2Cl)ccc2ncn(C)c(=O)c12,1,IC50,8.03,2,CHEMBL5896210
CCCS(=O)(=O)Nc1ncc(F)c(Oc2ccc3ncn(C)c(=O)c3c2C)c1F,1,IC50,7.8,2,CHEMBL5883824
CCCS(=O)(=O)Nc1ncc(F)c(Oc2ccc3ncn(C)c(=O)c3c2C)c1Cl,1,IC50,8.62,4,CHEMBL6047193
Cc1c(Oc2c(F)cnc(NS(=O)(=O)CCCF)c2F)ccc2ncn(C)c(=O)c12,1,IC50,7.98,2,CHEMBL5743554
CCCS(=O)(=O)Nc1ccc(F)c(Sc2ccc3ncn(C)c(=O)c3c2C)c1Cl,1,IC50,7.03,2,CHEMBL5965826
CCCS(=O)(=O)Nc1cccc(Oc2ccc3ncn(C)c(=O)c3c2C)c1C#N,1,IC50,8.39,2,CHEMBL5930532
Cc1c(Oc2c(F)ccc(NS(=O)(=O)CCCF)c2Cl)ccc2ncn(C)c(=O)c12,1,IC50,8.7,4,CHEMBL6011480
CCCS(=O)(=O)Nc1cccc(Oc2ccc3ncn(C)c(=O)c3c2C)c1F,1,IC50,7.48,2,CHEMBL5912903
CCCS(=O)(=O)Nc1ccc(F)c(Oc2ccc3ncn(C)c(=O)c3c2C)c1C#N,1,IC50,9.34,2,CHEMBL5818893
CCCS(=O)(=O)Nc1cc(Cl)cc(Oc2ccc3ncn(C)c(=O)c3c2C)c1F,1,IC50,8.59,2,CHEMBL6046073
CCCS(=O)(=O)Nc1ccc(F)c(Oc2ccc3ncn(C)c(=O)c3c2C)c1F,1,IC50,7.79,2,CHEMBL5898154
CCCS(=O)(=O)Nc1cc(F)c(F)c(Oc2ccc3ncn(C)c(=O)c3c2C)c1F,1,IC50,8.11,2,CHEMBL5797896
CCCS(=O)(=O)Nc1cc(F)c(F)c(Oc2ccc3ncn(C)c(=O)c3c2C)c1Cl,1,IC50,8.81,2,CHEMBL5875580
CCCS(=O)(=O)Nc1cc(F)cc(Oc2ccc3ncn(C)c(=O)c3c2C)c1Cl,1,IC50,8.45,2,CHEMBL5845875
CCCS(=O)(=O)Nc1cc(C)cc(Oc2ccc3ncn(C)c(=O)c3c2C)c1F,1,IC50,7.13,2,CHEMBL6055470
CCCS(=O)(=O)Nc1cc(F)cc(Oc2ccc3ncn(C)c(=O)c3c2C)c1F,1,IC50,8.29,2,CHEMBL5788875
Cc1c(Oc2cc(F)cc(NS(=O)(=O)CCCF)c2F)ccc2ncn(C)c(=O)c12,1,IC50,8.37,2,CHEMBL5957553
CCCS(=O)(=O)Nc1cccc(Oc2ccc3ncn(C)c(=O)c3c2C)c1Cl,1,IC50,7.97,2,CHEMBL5887030
Cc1c(Oc2cccc(NS(=O)(=O)CCCF)c2Cl)ccc2ncn(C)c(=O)c12,1,IC50,8.07,2,CHEMBL5862511
Cc1c(Oc2cccc(NS(=O)(=O)CCCF)c2F)ccc2ncn(C)c(=O)c12,1,IC50,7.68,2,CHEMBL5929953
Cc1ccc2c(Nc3ccc(O)c(Cl)c3F)nccc2c1NC(=O)c1csc2c(N)ncnc12,1,IC50,7.52,2,CHEMBL5761778
O=C1CCC(c2ccc(NC(=S)Nc3ccccc3)cc2)=NN1c1ccccc1,1,IC50,7.61,1,CHEMBL6143973
Cc1cnc2c(-c3ccc(F)c4[nH]ncc34)c(N)c(=O)[nH]c2c1C,1,IC50,7.2,1,CHEMBL6172486
