smiles,label,type,pChEMBL,n_records,chembl_ids
Cc1ccc(-c2ccc(S(C)(=O)=O)cc2)n1-c1ccccc1,1,IC50,7.22,2,CHEMBL297008
Cc1c(COc2cccc(Cl)c2)cc(-c2ccc(S(C)(=O)=O)cc2)n1-c1ccc(F)cc1,1,IC50,7.1,1,CHEMBL43736
Fc1ccc(-c2[nH]c(-c3ccc(F)cc3)c3c2C2CCC3CC2)cc1,1,IC50,9.92,1,CHEMBL140167
CCc1ccc(-c2ccc(S(C)(=O)=O)cc2)n1-c1ccc(F)cc1,0,IC50 (>),4.0,1,CHEMBL44194
Cc1ccc(-c2ccc(S(C)(=O)=O)cc2)n1Cc1ccc(F)cc1,0,IC50 (>),4.0,1,CHEMBL288773
Cc1ccc(-c2ccc(S(C)(=O)=O)cc2)[nH]1,0,IC50 (>),4.0,1,CHEMBL44068
CS(=O)(=O)c1ccc(-n2cccc2-c2ccc(F)cc2)cc1Cl,0,IC50 (>),4.0,1,CHEMBL44367
CCCCn1c(C)ccc1-c1ccc(S(C)(=O)=O)cc1,0,IC50 (>),4.0,1,CHEMBL297409
Cc1ccc(-n2c(C)ccc2-c2ccc(S(C)(=O)=O)cc2)cc1,1,IC50,7.4,2,CHEMBL43737
Cc1c(CN(C)C)cc(-c2ccc(S(C)(=O)=O)cc2)n1-c1ccc(F)cc1,0,IC50,4.0,1,CHEMBL42801
Cc1c(Br)cc(-c2ccc(S(C)(=O)=O)cc2)n1-c1ccc(F)cc1,1,IC50,7.7,2,CHEMBL40245
CS(=O)(=O)c1ccc(-c2cccn2-c2ccc(F)cc2)cc1,0,IC50,4.99,1,CHEMBL43210
CS(=O)(=O)c1ccc(-c2ccc(CCC(=O)O)n2-c2ccc(F)cc2)cc1,0,IC50 (>),4.0,1,CHEMBL298231
Cc1c(COc2ccc(Cl)cc2)cc(-c2ccc(S(C)(=O)=O)cc2)n1-c1ccc(F)cc1,1,IC50,7.52,1,CHEMBL44152
Cc1ccc(-c2ccc(S(C)(=O)=O)cc2)n1-c1ccc(F)c(F)c1,1,IC50,6.6,2,CHEMBL298208
Cc1ccc(-c2ccc(S(C)(=O)=O)cc2)n1-c1ccc(F)cc1,1,IC50,7.22,2,CHEMBL43002
CCS(=O)(=O)c1ccc(-n2cccc2-c2ccc(F)cc2)cc1,0,IC50 (>),4.0,1,CHEMBL42121
Cc1c(C(=O)C(F)(F)F)cc(-c2ccc(S(C)(=O)=O)cc2)n1-c1ccc(F)cc1,1,IC50,6.92,2,CHEMBL42409
CS(=O)(=O)c1ccc(-n2cccc2-c2ccc(F)cc2)cc1,1,IC50,6.29,2,CHEMBL43957
Cc1c(C#N)cc(-c2ccc(S(C)(=O)=O)cc2)n1-c1ccc(F)cc1,1,IC50,6.12,3,CHEMBL43366
Cc1ccc(-c2ccc(F)cc2)n1-c1ccc(S(C)(=O)=O)cc1,0,IC50 (>),4.0,1,CHEMBL296307
Cc1ccc(-c2ccc(S(C)(=O)=O)cc2)n1C1CCCCC1,1,IC50,6.28,1,CHEMBL43864
Cc1c(S(=O)(=O)C(F)(F)F)cc(-c2ccc(S(C)(=O)=O)cc2)n1-c1ccc(F)cc1,1,IC50,7.22,1,CHEMBL44244
Cc1ccc(-c2ccc(S(C)(=O)=O)cc2)n1-c1ccc(C(F)(F)F)cc1,1,IC50,7.1,2,CHEMBL42085
Cc1c(C(Oc2cccc(Cl)c2)C(F)(F)F)cc(-c2ccc(S(C)(=O)=O)cc2)n1-c1ccc(F)cc1,0,IC50 (>),4.0,1,CHEMBL43647
Fc1ccc(-c2[nH]c(-c3ccc(F)cc3)c3c2C2CCC3C2)cc1,1,IC50,10.1,1,CHEMBL143776
O=S(=O)(c1ccccc1)c1ccc(-n2cccc2-c2ccc(F)cc2)cc1,0,IC50 (>),4.0,1,CHEMBL42120
Cc1c(Cl)cc(-c2ccc(S(C)(=O)=O)cc2)n1-c1ccc(F)cc1,1,IC50,7.3,2,CHEMBL44283
Cc1c(CC(F)(F)F)cc(-c2ccc(S(C)(=O)=O)cc2)n1-c1ccc(F)cc1,1,IC50,6.85,2,CHEMBL44038
CNS(=O)(=O)c1ccc(-n2cccc2-c2ccc(F)cc2)cc1,0,IC50 (>),4.0,1,CHEMBL298281
Cc1ccc(-c2ccc(S(C)(=O)=O)cc2)n1C(C)C,0,IC50 (>),4.0,1,CHEMBL43863
CC(=O)OCc1cc(-c2ccc(S(C)(=O)=O)cc2)n(-c2ccc(F)cc2)c1C,1,IC50,6.33,2,CHEMBL294971
CS(=O)(=O)c1ccc(-c2ccc(C(F)(F)F)n2-c2ccc(F)cc2)cc1,0,IC50 (>),4.0,1,CHEMBL44447
CS(=O)(=O)c1cccc(-n2cccc2-c2ccc(F)cc2)c1,0,IC50 (>),4.0,1,CHEMBL288570
CN(C)S(=O)(=O)c1ccc(-n2cccc2-c2ccc(F)cc2)cc1,0,IC50 (>),4.0,1,CHEMBL44421
CCCCSc1ccccc1OC(C)=O,0,IC50,4.47,1,CHEMBL144658
CCCCC#CCSc1ccccc1OC(=O)CC,0,IC50 (>),4.4,1,CHEMBL145283
C[C@H](C(=O)O)c1ccc(C[C@@H]2CCC[C@H]2O)cc1,0,IC50 (>),4.0,1,CHEMBL19286
CCCCCCC[Se]c1ccccc1OC(C)=O,0,IC50,4.92,1,CHEMBL342799
CC(=O)Oc1ccccc1SCCCc1ccccc1,0,IC50 (>),3.0,1,CHEMBL145354
CCCCCCC[S+]([O-])c1ccccc1OC(C)=O,0,IC50 (>),4.4,1,CHEMBL145493
CC(=O)Oc1ccccc1SCCCCC(=O)O,0,IC50 (>),4.3,1,CHEMBL344960
CC(=O)Oc1ccccc1SCCCCC#N,0,IC50 (>),4.3,1,CHEMBL144414
CCCCC#CCSc1ccccc1OC(=O)CBr,0,IC50,4.58,1,CHEMBL144547
CC(=O)Oc1ccccc1SC1CCCCCC1,0,IC50 (>),4.4,1,CHEMBL144944
CCCCCCCCc1ccccc1OC(C)=O,0,IC50 (>),4.4,1,CHEMBL145598
CC(C(=O)O)c1ccc(CC2CCCC2O)cc1,0,IC50,4.66,2,CHEMBL416542
CCCCC#CCSc1ccccc1OC(C)=O,1,IC50,6.1,1,CHEMBL345018
CC(=O)Oc1ccccc1SCCc1ccccc1,0,IC50,4.0,1,CHEMBL145029
CC(=O)Oc1ccccc1SCCCCCCBr,0,IC50,4.92,1,CHEMBL144533
CCCSc1ccccc1OC(C)=O,0,IC50,4.18,1,CHEMBL358097
CCCCCCCCSc1ccccc1OC(C)=O,0,IC50 (>),4.4,1,CHEMBL144850
CCCCCCCCCSc1ccccc1OC(C)=O,0,IC50 (>),4.4,1,CHEMBL143962
CCCC/C=C/CSc1ccccc1OC(C)=O,0,IC50,4.96,1,CHEMBL356794
CCCCCCCN(C)c1ccccc1OC(C)=O,0,IC50 (>),4.4,1,CHEMBL145138
CC(=O)Oc1ccccc1C(=O)O,0,IC50 (>),5.0,8,CHEMBL25
CC(C(=O)O)c1ccc(CC2CCCC2=O)cc1,0,IC50,4.87,2,CHEMBL19299
C[C@H](C(=O)O)c1ccc(C[C@H]2CCC[C@@H]2O)cc1,1,IC50,6.52,2,CHEMBL441414
CCCCCCCS(=O)(=O)c1ccccc1OC(C)=O,0,IC50 (>),4.4,1,CHEMBL358783
CCCOCCCSc1ccccc1OC(C)=O,0,IC50 (>),4.3,1,CHEMBL145647
CCCCC#CCSc1ccccc1OC(=O)CN,0,IC50 (>),4.4,1,CHEMBL344089
CCC(=O)Oc1ccccc1SC,0,IC50 (>),3.0,1,CHEMBL144840
CC(=O)Oc1ccccc1SCCCOc1ccccc1,0,IC50 (>),3.0,1,CHEMBL145626
C[C@@H](C(=O)O)c1ccc(C[C@H]2CCC[C@@H]2O)cc1,0,IC50 (>),4.0,1,CHEMBL417452
CC(=O)Oc1ccccc1SC1CCCCC1,0,IC50 (>),4.4,1,CHEMBL356093
CCCCCCCOc1ccccc1OC(C)=O,0,IC50 (>),4.4,1,CHEMBL145646
CC(=O)Oc1ccccc1SCCCCCC(=O)O,0,IC50,4.3,1,CHEMBL145071
CC#CCSc1ccccc1OC(C)=O,0,IC50,4.7,1,CHEMBL144232
CS(=O)(=O)c1ccc(C2=C(c3ccc(F)c(F)c3)C(=O)OC2)cc1,1,IC50,7.52,5,CHEMBL18264
CC(=O)OCCCCCSc1ccccc1OC(C)=O,0,IC50,4.3,1,CHEMBL146005
C#CCSc1ccccc1OC(C)=O,0,IC50,4.6,1,CHEMBL143113
C[C@@H](C(=O)O)c1ccc(C[C@@H]2CCC[C@H]2O)cc1,0,IC50 (>),4.48,2,CHEMBL18883
CCCCC#CCOc1ccccc1OC(C)=O,0,IC50 (>),4.4,1,CHEMBL143340
COC(=O)c1cc2cc(S(C)(=O)=O)ccc2n1Cc1ccc(OC)cc1,0,IC50,4.29,1,CHEMBL31060
CC(=O)Oc1ccccc1SCCCCCO,0,IC50 (>),4.3,1,CHEMBL145358
COc1ccc(NNC(=O)c2ccc(Cl)cc2)cc1,1,IC50,6.89,1,CHEMBL347187
COc1ccc(C(=O)NNc2ccc(Cl)cc2)cc1,1,IC50,6.33,1,CHEMBL154839
Cc1cccc(-c2nc(C(F)(F)F)cn2-c2ccc(S(N)(=O)=O)cc2)n1,1,IC50,6.38,2,CHEMBL110331
CS(=O)(=O)c1ccc(-n2cc(C(F)(F)F)nc2-c2cccs2)cc1,1,IC50,6.33,2,CHEMBL421417
Cc1cc(-c2nc(C(F)(F)F)cn2-c2ccc(S(N)(=O)=O)cc2)no1,1,IC50,6.39,2,CHEMBL110660
CS(=O)(=O)c1ccc(C2=C(c3ccc(F)cc3)CCC2)cc1,1,IC50,8.59,7,CHEMBL274893
COc1ccc(-c2cc(F)c(F)cc2-c2ccc(S(C)(=O)=O)cc2)cc1F,1,IC50,7.68,2,CHEMBL54649
CN(C)c1ccc(-c2cc(F)c(F)cc2-c2ccc(S(N)(=O)=O)cc2)cc1Cl,1,IC50,8.22,2,CHEMBL52872
N#Cc1cc(-c2ccc(F)cc2)n(-c2ccc(S(N)(=O)=O)cc2)n1,1,IC50,6.47,3,CHEMBL29136
NS(=O)(=O)c1ccc(-n2nc(C(F)(F)F)cc2-c2ccc(Br)s2)cc1,1,IC50,7.92,2,CHEMBL29472
NS(=O)(=O)c1ccc(C2=C(c3ccc(OC(F)(F)F)cc3)CC3(CC3)C2)cc1,1,IC50,6.89,2,CHEMBL88649
CS(=O)(=O)c1ccc(-c2cnc(CF)n2-c2ccc(F)cc2)cc1,0,IC50 (>),5.0,1,CHEMBL119001
CCOc1ccc(-c2c(Cl)ncn2-c2ccc(S(C)(=O)=O)cc2)cc1,1,IC50,8.4,1,CHEMBL324509
O=C(NNc1ccc(Cl)cc1)c1ccc(Cl)cc1,1,IC50,6.47,1,CHEMBL422530
O=C(NNc1ccc(Cl)cc1)c1ccccc1,1,IC50,6.28,1,CHEMBL347267
CN(C)c1ccc(-c2nc(C(F)(F)F)cn2-c2ccc(S(C)(=O)=O)cc2)cc1F,1,IC50,6.48,2,CHEMBL44977
COc1cc(F)cc(-c2nc(C(F)(F)F)cn2-c2ccc(S(N)(=O)=O)cc2)c1,1,IC50,6.34,2,CHEMBL43089
CN(C)c1c(Cl)cc(-c2nc(C(F)(F)F)cn2-c2ccc(S(C)(=O)=O)cc2)cc1Cl,1,IC50,6.85,2,CHEMBL43553
Cc1ccc(-c2nc(C(F)(F)F)cn2-c2ccc(S(N)(=O)=O)cc2)nc1,1,IC50,6.14,2,CHEMBL327078
CS(=O)(=O)c1ccc(-c2cc(Cl)c(Cl)cc2-c2ccc(F)cc2)cc1,1,IC50,6.62,2,CHEMBL54945
Cc1ccncc1-c1cc(F)c(F)cc1-c1ccc(S(C)(=O)=O)cc1,1,IC50,6.77,1,CHEMBL110612
COc1ccc(-c2cc(C(F)(F)F)nn2-c2ccc(S(N)(=O)=O)cc2)cc1,1,IC50,8.1,3,CHEMBL29839
CN(C)c1ccc(-c2cc(C(F)(F)F)nn2-c2ccc(S(N)(=O)=O)cc2)cc1,1,IC50,8.33,3,CHEMBL28881
Cc1c(C(F)(F)F)nn(-c2ccc(S(N)(=O)=O)cc2)c1-c1ccc(Cl)cc1,1,IC50,7.66,3,CHEMBL29133
CS(=O)(=O)c1ccc(-n2nc(C(F)(F)F)cc2-c2ccc(F)cc2)cc1,1,IC50,7.3,10,CHEMBL274990
CS(=O)(=O)c1ccc(-c2cnc(CO)n2-c2ccc(F)cc2)cc1,0,IC50 (>),5.0,1,CHEMBL119002
Cc1ccc(-c2c(Cl)ncn2-c2ccc(S(C)(=O)=O)cc2)cc1,1,IC50,7.8,1,CHEMBL331148
CC(C)Oc1ccc(-c2c(Cl)ncn2-c2ccc(S(C)(=O)=O)cc2)cc1,0,IC50 (>),5.0,1,CHEMBL333084
CCS(=O)(=O)c1ccc(-c2c(Cl)ncn2-c2ccc(S(C)(=O)=O)cc2)cc1,0,IC50 (>),5.0,1,CHEMBL324700
CS(=O)(=O)c1ccc(-n2cnc(Cl)c2-c2ccc(N)cc2)cc1,1,IC50,6.73,1,CHEMBL117708
CS(=O)(=O)c1ccc(-n2nc(-c3ccc(Cl)cc3)c3c2CCCC3)cc1,0,IC50 (>),5.0,1,CHEMBL156533
COc1ccc(C2=C(c3ccc(S(N)(=O)=O)cc3)CCC2)cc1,1,IC50,8.7,3,CHEMBL111562
Cc1ccc(-c2nc(C(F)(F)F)cn2-c2ccc(S(C)(=O)=O)cc2)cc1,1,IC50,6.8,3,CHEMBL42561
CS(=O)(=O)c1ccc(-n2cc(C#N)nc2-c2ccc(Cl)cc2)cc1,1,IC50,6.64,2,CHEMBL415895
CS(=O)(=O)c1ccc(-n2cc(C(F)(F)F)nc2-c2cccc3c2OCO3)cc1,1,IC50,6.33,2,CHEMBL320790
CC1(C)CC(c2ccc(Cl)cc2)=C(c2ccc(S(C)(=O)=O)cc2)C1,1,IC50,8.15,2,CHEMBL320784
CS(=O)(=O)c1ccc(C2=C(c3ccc(F)c(Cl)c3)CCC2)cc1,1,IC50,7.52,2,CHEMBL322949
Cc1ccc(-c2c(C#N)cnn2-c2ccc(S(N)(=O)=O)cc2)cc1,1,IC50,7.12,3,CHEMBL28528
Cc1cc(-c2cc(C(F)(F)F)nn2-c2ccc(S(N)(=O)=O)cc2)cc2c1OCO2,1,IC50,7.28,2,CHEMBL29403
NS(=O)(=O)c1ccc(C2=C(c3ccc(F)c(F)c3)CC3(CC3)C2)cc1,1,IC50,8.52,2,CHEMBL314225
CCc1ncn(-c2ccc(S(C)(=O)=O)cc2)c1-c1ccc(F)cc1,0,IC50 (>),5.0,1,CHEMBL333170
Cc1ncc(-c2ccc(S(C)(=O)=O)cc2)n1-c1ccc(F)cc1,1,IC50,7.29,1,CHEMBL116343
Clc1ccc(-c2nn(-c3ccccc3)c3c2CCCC3)cc1,1,IC50,6.21,1,CHEMBL156256
Cc1cccc(-c2nc(C(F)(F)F)cn2-c2ccc(S(C)(=O)=O)cc2)c1,1,IC50,7.22,3,CHEMBL46712
CS(=O)(=O)c1ccc(-n2cc(C(F)(F)F)nc2-c2cccc(C(F)(F)F)c2)cc1,1,IC50,6.68,2,CHEMBL42094
Cc1cccc(-c2nc(C(F)(F)F)cn2-c2ccc(S(N)(=O)=O)cc2)c1,1,IC50,7.52,2,CHEMBL42398
COc1c(C)cc(-c2nc(C(F)(F)F)cn2-c2ccc(S(C)(=O)=O)cc2)cc1C,1,IC50,6.14,2,CHEMBL43331
Cc1ccc(-c2cc(F)c(F)cc2-c2ccc(S(N)(=O)=O)cc2)cc1,1,IC50,8.4,2,CHEMBL54370
NS(=O)(=O)c1ccc(-n2nc(C(F)(F)F)cc2-c2ccc(Cl)c(Cl)c2)cc1,1,IC50,7.82,3,CHEMBL29717
NS(=O)(=O)c1ccc(-n2nc(C(F)(F)F)cc2-c2ccc(Cl)cc2Cl)cc1,1,IC50,7.25,3,CHEMBL281978
NS(=O)(=O)c1ccc(-n2ncc(Cl)c2-c2ccccc2)cc1,1,IC50,7.31,3,CHEMBL282301
NS(=O)(=O)c1ccc(-n2nc(CF)cc2-c2ccccc2)cc1,1,IC50,6.7,2,CHEMBL285335
NS(=O)(=O)c1ccc(-n2nc(C(F)(F)F)cc2-c2ccc3c(c2)CCC3)cc1,1,IC50,7.51,2,CHEMBL29500
COc1ccc(C2=C(c3ccc(S(C)(=O)=O)cc3)CC3(CC3)C2)cc1F,1,IC50,8.0,2,CHEMBL88550
CS(=O)(=O)c1ccc(-n2cnc(Br)c2-c2ccc(F)cc2)cc1,1,IC50,7.44,1,CHEMBL326577
Cc1ncn(-c2ccc(S(C)(=O)=O)cc2)c1-c1ccc(F)cc1,1,IC50,6.84,1,CHEMBL324957
COc1ccc(-c2c(Cl)ncn2-c2ccc(S(C)(=O)=O)cc2)c(F)c1,1,IC50,7.82,1,CHEMBL117528
NS(=O)(=O)c1ccc(C2=C(c3ccc(C(F)(F)F)c(F)c3)CCC2)cc1,1,IC50,6.77,2,CHEMBL110846
CS(=O)(=O)c1ccc(-n2cc(C(F)(F)F)nc2-c2ccccc2)cc1,1,IC50,6.92,3,CHEMBL42225
CN(C)c1ccc(-c2nc(C(F)(F)F)cn2-c2ccc(S(C)(=O)=O)cc2)cc1,1,IC50,6.16,2,CHEMBL42996
NS(=O)(=O)c1ccc(-n2cc(C(F)(F)F)nc2-c2ccccc2)cc1,1,IC50,7.4,2,CHEMBL296984
Cc1cc(Cl)cc(-c2nc(C(F)(F)F)cn2-c2ccc(S(N)(=O)=O)cc2)c1,1,IC50,7.4,2,CHEMBL42709
Cc1nc(-c2nc(C(F)(F)F)cn2-c2ccc(S(C)(=O)=O)cc2)cs1,1,IC50,6.03,2,CHEMBL326639
CS(=O)(=O)c1ccc(C2=C(c3ccc(C(F)(F)F)cc3)CCC2)cc1,1,IC50,6.06,3,CHEMBL109030
NS(=O)(=O)c1ccc(-n2nc(C(F)F)cc2-c2ccccc2)cc1,1,IC50,6.89,2,CHEMBL29445
COc1c(C(F)(F)F)nn(-c2ccc(S(N)(=O)=O)cc2)c1-c1ccccc1,1,IC50,7.1,3,CHEMBL29842
NS(=O)(=O)c1ccc(-n2nc(C(F)(F)F)cc2-c2ccc3c(c2)CCCS3)cc1,1,IC50,6.64,2,CHEMBL29469
CCOc1ccc(-c2c(Cl)ncn2-c2ccc(S(N)(=O)=O)cc2)cc1,1,IC50,8.7,2,CHEMBL324312
CS(=O)(=O)c1ccc(-n2cc(C(F)(F)F)nc2-c2cccc(Cl)c2)cc1,1,IC50,7.22,2,CHEMBL42175
COc1cccc(-c2nc(C(F)(F)F)cn2-c2ccc(S(C)(=O)=O)cc2)c1,1,IC50,6.46,2,CHEMBL44468
CS(=O)(=O)c1ccc(-n2cc(C(F)(F)F)nc2-c2ccccc2F)cc1,1,IC50,6.4,2,CHEMBL43645
NS(=O)(=O)c1ccc(-n2cc(C(F)(F)F)nc2-c2ccccc2F)cc1,1,IC50,7.0,2,CHEMBL44926
COc1cc(-c2nc(C(F)(F)F)cn2-c2ccc(S(C)(=O)=O)cc2)ccc1Cl,1,IC50,6.6,2,CHEMBL42223
Cc1ccc(-c2nc(C(F)(F)F)cn2-c2ccc(S(C)(=O)=O)cc2)cc1C,1,IC50,6.48,2,CHEMBL43493
CS(=O)(=O)c1ccc(-n2cc(C(F)(F)F)nc2-c2cc(Br)cs2)cc1,1,IC50,7.59,2,CHEMBL110382
CC1(C)CC(c2ccc(F)cc2)=C(c2ccc(S(C)(=O)=O)cc2)C1,1,IC50,7.82,3,CHEMBL89578
COc1ccc(-c2cc(F)c(F)cc2-c2ccc(S(C)(=O)=O)cc2)cc1OC,1,IC50,6.47,2,CHEMBL52889
NS(=O)(=O)c1ccc(-n2nc(C(F)(F)F)cc2-c2ccccc2)cc1,1,IC50,7.5,5,CHEMBL29920
COc1c(C)cc(-c2cc(C(F)(F)F)nn2-c2ccc(S(N)(=O)=O)cc2)cc1Cl,1,IC50,7.18,3,CHEMBL29844
CS(=O)(=O)c1ccc(-n2cnc(Cl)c2-c2ccc(F)cc2)cc1,1,IC50,7.85,1,CHEMBL418859
CS(=O)(=O)c1ccc(-n2c(CO)nc(Cl)c2-c2ccc(F)cc2)cc1,0,IC50 (>),5.0,1,CHEMBL115864
CS(=O)(=O)c1ccc(-n2cc(C(F)(F)F)nc2-c2ccc(Cl)cc2)cc1,1,IC50,6.96,2,CHEMBL44516
CSc1ccc(-c2nc(C(F)(F)F)cn2-c2ccc(S(C)(=O)=O)cc2)cc1,1,IC50,6.8,2,CHEMBL45197
CS(=O)(=O)c1ccc(-n2cc(C(F)(F)F)nc2-c2ccc3c(c2)OCO3)cc1,1,IC50,6.77,4,CHEMBL296447
Cc1ccc(-c2nc(C(F)(F)F)cn2-c2ccc(S(N)(=O)=O)cc2)cc1Cl,1,IC50,8.52,2,CHEMBL298476
COc1c(Cl)cc(-c2nc(C(F)(F)F)cn2-c2ccc(S(C)(=O)=O)cc2)cc1Cl,1,IC50,6.85,2,CHEMBL42408
COc1c(F)cc(-c2nc(C(F)(F)F)cn2-c2ccc(S(N)(=O)=O)cc2)cc1F,1,IC50,7.52,2,CHEMBL43317
NS(=O)(=O)c1ccc(C2=C(c3ccc(C(F)(F)F)cc3)CCC2)cc1,1,IC50,6.82,2,CHEMBL111057
CS(=O)(=O)c1ccc(-c2cc(F)c(F)cc2-c2ccc3c(c2)OCCO3)cc1,1,IC50,6.47,2,CHEMBL54746
COc1ccc(-c2cc(F)c(F)cc2-c2ccc(S(N)(=O)=O)cc2)cc1Cl,1,IC50,7.89,2,CHEMBL55348
Cc1ccc(-c2cc(F)c(F)cc2-c2ccc(S(N)(=O)=O)cc2)cc1Cl,1,IC50,8.52,2,CHEMBL54327
COC(=O)c1nn(-c2ccc(S(N)(=O)=O)cc2)c(-c2ccc(Cl)cc2)c1Cl,1,IC50,6.8,2,CHEMBL28491
CS(=O)(=O)c1ccc(-c2cc(Br)sc2-c2ccc(F)cc2)cc1,1,IC50,8.7,18,CHEMBL42485
CS(=O)(=O)c1ccc(-n2cnc(Cl)c2-c2ccc(Cl)cc2)cc1,1,IC50,7.75,1,CHEMBL325437
CS(=O)(=O)c1ccc(-n2cnc(Cl)c2-c2cnccc2Cl)cc1,1,IC50,7.37,1,CHEMBL116252
Cc1ccc(NNC(=O)c2ccc(Cl)cc2)cc1,1,IC50,8.0,1,CHEMBL154373
CS(=O)(=O)c1ccc(-n2cc(C(F)(F)F)nc2-c2cccc([N+](=O)[O-])c2)cc1,1,IC50,6.24,2,CHEMBL42549
CN(C)c1ccc(-c2nc(C(F)(F)F)cn2-c2ccc(S(C)(=O)=O)cc2)cc1Cl,1,IC50,6.5,2,CHEMBL296078
CS(=O)(=O)c1ccc(C2=C(c3ccc(F)cc3)CC(CF)(CF)C2)cc1,1,IC50,7.29,2,CHEMBL322045
CS(=O)(=O)c1ccc(C2=C(c3ccc(C(F)(F)F)c(F)c3)CCC2)cc1,1,IC50,6.12,2,CHEMBL323732
NS(=O)(=O)c1ccc(-n2nc(C(F)F)cc2-c2ccc(Cl)cc2)cc1,1,IC50,8.0,2,CHEMBL433428
NS(=O)(=O)c1ccc(-n2nc(C(F)(F)F)cc2-c2ccc3c(c2)CCO3)cc1,1,IC50,7.68,2,CHEMBL282839
CS(=O)(=O)c1ccc(-n2cc(C(F)(F)F)nc2-c2cccc(F)c2)cc1,1,IC50,6.92,2,CHEMBL43282
Cc1ccnc(-c2nc(C(F)(F)F)cn2-c2ccc(S(C)(=O)=O)cc2)c1,1,IC50,6.28,2,CHEMBL321216
Cc1cc(F)ccc1C1=C(c2ccc(S(C)(=O)=O)cc2)CCC1,1,IC50,7.12,2,CHEMBL321182
CS(=O)(=O)c1ccc(C2=C(c3ccc(F)cc3)CC(C(F)(F)F)(C(F)(F)F)C2)cc1,1,IC50,7.17,2,CHEMBL111045
COc1c(Cl)cc(C2=C(c3ccc(S(N)(=O)=O)cc3)CCC2)cc1Cl,1,IC50,8.05,2,CHEMBL321643
NS(=O)(=O)c1ccc(-n2nc(C(F)(F)F)cc2-c2ccccc2Cl)cc1,1,IC50,7.25,3,CHEMBL29533
COc1ccc(-c2cc(C(F)(F)F)nn2-c2ccc(S(N)(=O)=O)cc2)cc1OC,1,IC50,6.22,3,CHEMBL282360
Cc1ccc(-c2cc(C(F)(F)F)nn2-c2ccc(S(N)(=O)=O)cc2)c(C)c1,1,IC50,6.92,3,CHEMBL283038
Clc1ccc(-c2nn(-c3ccc(Cl)cc3)c3c2CCC3)cc1,0,IC50 (>),5.0,1,CHEMBL347945
CS(=O)(=O)c1ccc(-n2cc(C(F)(F)F)nc2-c2ccccc2Cl)cc1,1,IC50,6.05,2,CHEMBL289169
CNc1ccc(-c2nc(C(F)(F)F)cn2-c2ccc(S(C)(=O)=O)cc2)cc1Cl,1,IC50,6.18,2,CHEMBL416250
COc1cc(F)cc(-c2nc(C(F)(F)F)cn2-c2ccc(S(C)(=O)=O)cc2)c1,1,IC50,6.02,2,CHEMBL295752
COc1ccc(-c2nc(C(F)(F)F)cn2-c2ccc(S(N)(=O)=O)cc2)cc1Br,1,IC50,7.52,2,CHEMBL47147
COc1c(Br)cc(-c2nc(C(F)(F)F)cn2-c2ccc(S(C)(=O)=O)cc2)cc1Br,1,IC50,7.05,2,CHEMBL42940
Cc1ccc(-c2nc(C(F)(F)F)cn2-c2ccc(S(N)(=O)=O)cc2)cn1,1,IC50,6.54,2,CHEMBL108936
Cc1cc(-c2cc(F)c(F)cc2-c2ccc(S(C)(=O)=O)cc2)ccc1F,1,IC50,8.3,2,CHEMBL443791
COc1ccccc1-c1cc(C(F)(F)F)nn1-c1ccc(S(N)(=O)=O)cc1,1,IC50,6.54,3,CHEMBL29942
CCc1c(C(F)(F)F)nn(-c2ccc(S(N)(=O)=O)cc2)c1-c1ccc(Cl)cc1,1,IC50,7.55,3,CHEMBL29083
COc1ccc(-n2nc(C(F)(F)F)cc2-c2ccc(S(N)(=O)=O)cc2)cc1,1,IC50,8.17,2,CHEMBL29583
NS(=O)(=O)c1ccc(C2=C(c3ccc(F)cc3)CC3(CC3)C2)cc1,1,IC50,8.52,4,CHEMBL17184
CS(=O)(=O)c1ccc(C2=C(c3ccc(Cl)cc3)CC3(CC3)C2)cc1,1,IC50,9.0,2,CHEMBL327384
NS(=O)(=O)c1ccc(C2=C(c3ccc(Cl)cc3)CC3(CC3)C2)cc1,1,IC50,9.0,2,CHEMBL88717
CS(=O)(=O)c1ccc(C2=C(c3ccc(OC(F)(F)F)cc3)CC3(CC3)C2)cc1,1,IC50,6.87,2,CHEMBL89263
NS(=O)(=O)c1ccc(C2=C(c3ccc(F)c(Cl)c3)CC3(CC3)C2)cc1,1,IC50,8.82,2,CHEMBL312822
CS(=O)(=O)c1ccc(-n2cnc(Cl)c2-c2ccc3c(c2)CCO3)cc1,1,IC50,8.05,1,CHEMBL325894
O=C(NNc1ccccc1)c1ccc(Cl)cc1,1,IC50,6.48,1,CHEMBL346470
CSc1cccc(-c2nc(C(F)(F)F)cn2-c2ccc(S(C)(=O)=O)cc2)c1,1,IC50,6.46,2,CHEMBL416989
Cc1ccc(-c2nc(C(F)(F)F)cn2-c2ccc(S(C)(=O)=O)cc2)cc1F,1,IC50,6.96,2,CHEMBL42180
Cc1nc(-c2nc(C(F)(F)F)cn2-c2ccc(S(N)(=O)=O)cc2)cs1,1,IC50,6.28,2,CHEMBL109143
NS(=O)(=O)c1ccc(C2=C(c3ccc(F)cc3)CCC2)cc1,1,IC50,8.15,2,CHEMBL265562
COc1ccc(-c2cc(F)c(F)cc2-c2ccc(S(C)(=O)=O)cc2)cc1Cl,1,IC50,7.72,2,CHEMBL52019
Cc1ccc(-c2cc(F)c(F)cc2-c2ccc(S(N)(=O)=O)cc2)cc1C,1,IC50,8.3,2,CHEMBL54326
NS(=O)(=O)c1ccc(-n2nc(C(F)(F)F)cc2-c2ccc3c(c2)OCO3)cc1,1,IC50,7.62,1,CHEMBL111518
CCOc1ccc(-c2c(Cl)ncn2-c2ccc(S(C)(=O)=O)cc2)cc1Cl,1,IC50,8.15,1,CHEMBL327150
COc1c(F)cc(-c2nc(C(F)(F)F)cn2-c2ccc(S(C)(=O)=O)cc2)cc1F,1,IC50,6.77,2,CHEMBL42119
CS(=O)(=O)c1ccc(-n2cc(C(F)(F)F)nc2-c2cnc3ccccc3c2)cc1,1,IC50,6.2,2,CHEMBL110446
NS(=O)(=O)c1ccc(-n2nc(C(F)(F)F)cc2-c2ccccc2F)cc1,1,IC50,7.24,3,CHEMBL418574
CCN(CC)c1ccc(-c2c(Cl)ncn2-c2ccc(S(C)(=O)=O)cc2)cc1,1,IC50,7.1,1,CHEMBL420869
NS(=O)(=O)c1ccc(-n2cnc(Cl)c2-c2cc(Cl)cc(Cl)c2)cc1,1,IC50,8.7,1,CHEMBL419407
COc1cc(-c2c(Cl)ncn2-c2ccc(S(N)(=O)=O)cc2)ccc1F,1,IC50,8.1,1,CHEMBL116683
COc1ccc(-n2nc(-c3ccc(Cl)cc3)c3c2CCC(NOC(C)=O)C3)cc1,0,IC50 (>),5.0,1,CHEMBL155806
COc1ccc(C(=O)NNc2ccccc2)cc1,0,IC50 (>),5.0,1,CHEMBL346258
COc1ccc(-c2nc(C(F)(F)F)cn2-c2ccc(S(C)(=O)=O)cc2)cc1Cl,1,IC50,6.89,2,CHEMBL43149
COc1ccc(-c2cc(F)c(F)cc2-c2ccc(S(N)(=O)=O)cc2)cc1F,1,IC50,7.89,2,CHEMBL55072
COc1ccc(-c2cc(C(F)F)nn2-c2ccc(S(N)(=O)=O)cc2)cc1Cl,1,IC50,7.57,2,CHEMBL286953
NS(=O)(=O)c1ccc(-n2nc(CO)c(Cl)c2-c2ccc(Cl)cc2)cc1,1,IC50,6.47,3,CHEMBL287447
Cc1ccc(C2=C(c3ccc(S(C)(=O)=O)cc3)CC3(CC3)C2)cc1,1,IC50,8.82,2,CHEMBL92102
CS(=O)(=O)c1ccc(-c2cnc(C(=O)c3ccccc3)n2-c2ccc(F)cc2)cc1,1,IC50,7.52,1,CHEMBL331278
CS(=O)(=O)c1ccc(-n2cnc(Cl)c2-c2ccccc2F)cc1,1,IC50,7.55,1,CHEMBL117650
CCCc1ccc(-c2c(Cl)ncn2-c2ccc(S(C)(=O)=O)cc2)cc1,1,IC50,7.0,1,CHEMBL117852
NS(=O)(=O)c1ccc(-c2ccccc2-c2ccc(F)cc2)cc1,1,IC50,7.21,3,CHEMBL294715
CS(=O)(=O)c1ccc(-n2cc(C(F)(F)F)nc2-c2cc(Cl)cc(Cl)c2)cc1,1,IC50,6.77,2,CHEMBL45090
NS(=O)(=O)c1ccc(-n2cc(C(F)(F)F)nc2-c2ccc(F)c(F)c2)cc1,1,IC50,7.52,2,CHEMBL296571
CS(=O)(=O)c1ccc(-c2cc(F)c(F)cc2-c2ccc(F)c(Cl)c2)cc1,1,IC50,8.7,3,CHEMBL52760
NS(=O)(=O)c1ccc(-c2cc(C(F)(F)F)nn2-c2ccc(F)cc2)cc1,1,IC50,8.0,2,CHEMBL29257
CS(=O)(=O)c1ccc(C2=C(c3ccc(F)c(Cl)c3)CC3(CC3)C2)cc1,1,IC50,8.15,2,CHEMBL88286
Cc1nc(Cl)c(-c2ccc(F)cc2)n1-c1ccc(S(C)(=O)=O)cc1,0,IC50 (>),5.0,1,CHEMBL116199
CSc1ccc(-c2c(Cl)ncn2-c2ccc(S(C)(=O)=O)cc2)cc1,1,IC50,7.96,1,CHEMBL115410
CCOc1ccncc1-c1c(Cl)ncn1-c1ccc(S(C)(=O)=O)cc1,1,IC50,6.56,1,CHEMBL118962
NS(=O)(=O)c1ccc(-n2nc(C(F)(F)F)cc2-c2ccc(Cl)s2)cc1,1,IC50,7.59,2,CHEMBL283177
COc1ccc(C2=C(c3ccc(S(C)(=O)=O)cc3)CC3(CC3)C2)cc1Br,1,IC50,8.89,2,CHEMBL86363
COc1ccc(C2=C(c3ccc(S(N)(=O)=O)cc3)CC3(CC3)C2)cc1Br,1,IC50,8.7,2,CHEMBL313313
COc1c(Cl)cc(C2=C(c3ccc(S(C)(=O)=O)cc3)CC3(CC3)C2)cc1Cl,1,IC50,8.22,2,CHEMBL315520
COc1ccc(-c2c(Cl)ncn2-c2ccc(S(C)(=O)=O)cc2)cc1C,1,IC50,7.89,1,CHEMBL118081
CS(=O)(=O)c1ccc(-n2cnc(Cl)c2-c2cc(F)cc(F)c2)cc1,1,IC50,7.12,1,CHEMBL324580
COc1ccc(NNC(=O)c2ccccc2)cc1,1,IC50,6.75,1,CHEMBL347198
COc1ccc(C2=C(c3ccc(S(N)(=O)=O)cc3)CCC2)cc1Cl,1,IC50,8.05,2,CHEMBL111095
COc1ccc(C2=C(c3ccc(S(N)(=O)=O)cc3)CCC2)cc1F,1,IC50,7.8,2,CHEMBL111427
NS(=O)(=O)c1ccc(-c2ccccc2-c2ccc(Cl)cc2)cc1,1,IC50,8.22,2,CHEMBL52402
CS(=O)(=O)c1ccc(-c2cc(F)c(F)cc2-c2ccc(F)cc2)cc1,1,IC50,7.85,2,CHEMBL442164
NS(=O)(=O)c1ccc(-c2cc(F)c(F)cc2-c2ccc(F)cc2)cc1,1,IC50,8.4,2,CHEMBL296384
NS(=O)(=O)c1ccc(-n2nc(C(F)(F)F)cc2-c2ccc(Cl)cc2)cc1,1,IC50,9.35,4,CHEMBL282093
COc1ccc(-c2cc(C(F)F)nn2-c2ccc(S(N)(=O)=O)cc2)cc1F,1,IC50,7.3,2,CHEMBL28636
COc1ccc(C2=C(c3ccc(S(N)(=O)=O)cc3)CC3(CC3)C2)cc1,1,IC50,9.0,2,CHEMBL432945
CS(=O)(=O)c1ccc(C2=C(c3ccc4c(c3)OCO4)CC3(CC3)C2)cc1,1,IC50,8.6,2,CHEMBL88549
CS(=O)(=O)c1ccc(C2=C(c3ccc(Cl)cc3Cl)CC3(CC3)C2)cc1,1,IC50,7.48,2,CHEMBL91258
CS(=O)(=O)c1ccc(-n2cnc(Cl)c2-c2cccnc2)cc1,0,IC50 (>),5.0,1,CHEMBL117491
NS(=O)(=O)c1ccc(-n2cnc(Cl)c2-c2ccccc2)cc1,1,IC50,8.05,1,CHEMBL118064
NS(=O)(=O)c1ccc(-n2cc(C(F)(F)F)nc2-c2cccc(Br)c2)cc1,1,IC50,8.15,2,CHEMBL46584
Cc1cc(F)cc(-c2nc(C(F)(F)F)cn2-c2ccc(S(C)(=O)=O)cc2)c1,1,IC50,6.96,2,CHEMBL42884
CS(=O)(=O)c1ccc(-n2cc(C(F)F)nc2-c2ccc(Cl)cc2)cc1,1,IC50,6.21,2,CHEMBL46636
COc1ccc(C2=C(c3ccc(S(C)(=O)=O)cc3)CCC2)cc1,1,IC50,9.3,5,CHEMBL108201
COc1c(Cl)cc(-c2cc(C(F)F)nn2-c2ccc(S(N)(=O)=O)cc2)cc1Cl,1,IC50,7.68,2,CHEMBL287646
CS(=O)(=O)c1ccc(-c2cnc(C#N)n2-c2ccc(F)cc2)cc1,1,IC50,7.29,1,CHEMBL117146
c1ccc(-c2nn(-c3ccccc3)c3c2CCCCC3)cc1,1,IC50,6.77,1,CHEMBL348390
COc1ccc(-n2nc(-c3ccc(Cl)cc3)c3c2CCC(O)C3)cc1,1,IC50,6.34,1,CHEMBL157129
NS(=O)(=O)c1ccc(C2=C(c3ccc4c(c3)OCO4)CCC2)cc1,1,IC50,8.7,2,CHEMBL424063
CS(=O)(=O)c1ccc(-n2cc(CF)nc2-c2ccc(Cl)cc2)cc1,1,IC50,6.39,2,CHEMBL43265
COc1ccc(-c2cc(F)c(F)cc2-c2ccc(S(N)(=O)=O)cc2)cc1OC,1,IC50,7.19,2,CHEMBL52888
CNc1ccc(-c2cc(C(F)(F)F)nn2-c2ccc(S(N)(=O)=O)cc2)cc1,1,IC50,7.8,3,CHEMBL29439
COc1cc(-c2c(Cl)ncn2-c2ccc(S(C)(=O)=O)cc2)ccc1C,1,IC50,7.82,1,CHEMBL326097
CC1Cc2cc(-c3c(Cl)ncn3-c3ccc(S(C)(=O)=O)cc3)ccc2O1,1,IC50,7.13,1,CHEMBL324275
Cc1ncc(-c2nc(C(F)(F)F)cn2-c2ccc(S(N)(=O)=O)cc2)s1,1,IC50,6.37,2,CHEMBL320926
COc1ccc(C2=C(c3ccc(S(C)(=O)=O)cc3)CCC2)cc1Cl,1,IC50,6.85,2,CHEMBL324863
CS(=O)(=O)c1ccc(C2=C(c3ccc4c(c3)OCO4)CCC2)cc1,1,IC50,7.68,2,CHEMBL405623
NS(=O)(=O)c1ccc(C2=C(c3ccc(F)c(F)c3)CCC2)cc1,1,IC50,7.75,2,CHEMBL111787
CS(=O)(=O)c1ccc(-c2ccccc2-c2ccc(F)cc2)cc1,1,IC50,6.59,3,CHEMBL291912
COc1ccc(-c2cc(C(F)F)nn2-c2ccc(S(N)(=O)=O)cc2)cc1,1,IC50,7.82,2,CHEMBL282085
COc1ccc(C2=C(c3ccc(S(N)(=O)=O)cc3)CC3(CC3)C2)cc1F,1,IC50,8.7,2,CHEMBL88532
CS(=O)(=O)c1ccc(-c2cnc(Br)n2-c2ccc(F)cc2)cc1,1,IC50,7.32,1,CHEMBL324093
COC(=O)c1ncc(-c2ccc(S(C)(=O)=O)cc2)n1-c1ccc(F)cc1,0,IC50 (>),5.0,1,CHEMBL115458
Cc1ccc(-c2c(Cl)ncn2-c2ccc(S(C)(=O)=O)cc2)cc1F,1,IC50,8.22,1,CHEMBL325298
COc1ccc(-c2nc(C(F)(F)F)cn2-c2ccc(S(N)(=O)=O)cc2)cc1F,1,IC50,7.52,2,CHEMBL296662
CS(=O)(=O)c1ccc(-n2cc(-c3ccccc3)nc2-c2ccc(Cl)cc2)cc1,1,IC50,6.62,2,CHEMBL298296
CS(=O)(=O)c1ccc(-n2cc(C(F)(F)F)nc2-c2cncc(Br)c2)cc1,1,IC50,6.02,2,CHEMBL320330
NS(=O)(=O)c1ccc(-n2cc(C(F)(F)F)nc2-c2cccnc2)cc1,1,IC50,6.36,2,CHEMBL108452
CN(C)c1ccc(-c2cc(F)c(F)cc2-c2ccc(S(C)(=O)=O)cc2)cc1Cl,1,IC50,8.1,2,CHEMBL299806
NS(=O)(=O)c1ccc(-n2ncc(Br)c2-c2ccc(Cl)cc2)cc1,1,IC50,7.51,3,CHEMBL27975
NS(=O)(=O)c1ccc(-n2nc(C(F)(F)F)cc2C2=CCCCC2)cc1,1,IC50,7.08,2,CHEMBL30091
CS(=O)(=O)c1ccc(-c2cncn2-c2ccc(F)cc2)cc1,0,IC50 (>),5.0,1,CHEMBL114162
COc1ccc(-c2c(Cl)ncn2-c2ccc(S(C)(=O)=O)cc2)cc1Cl,1,IC50,8.1,1,CHEMBL117295
CS(=O)(=O)c1ccc(-n2nc(-c3ccc(F)cc3)c3c2CCCC3)cc1,0,IC50 (>),5.0,1,CHEMBL155185
CS(=O)(=O)c1ccc(-n2cc(C(F)(F)F)nc2-c2ccc(F)c(F)c2)cc1,1,IC50,6.92,2,CHEMBL42595
COc1ccc(-c2nc(C(F)(F)F)cn2-c2ccc(S(N)(=O)=O)cc2)cc1Cl,1,IC50,7.7,2,CHEMBL298313
CSCc1cn(-c2ccc(S(C)(=O)=O)cc2)c(-c2ccc(Cl)cc2)n1,1,IC50,6.5,2,CHEMBL43933
CS(=O)(=O)c1ccc(C2=C(c3ccc(F)c(F)c3)CCC2)cc1,1,IC50,7.29,2,CHEMBL111657
CS(=O)(=O)c1ccc(-c2ccccc2-c2ccc(Cl)cc2)cc1,1,IC50,6.85,3,CHEMBL55188
COc1ccc(C2=C(c3ccc(S(C)(=O)=O)cc3)CC3(CC3)C2)cc1,1,IC50,8.3,2,CHEMBL89089
NS(=O)(=O)c1ccc(C2=C(c3ccc(Cl)c(Cl)c3)CC3(CC3)C2)cc1,1,IC50,9.0,2,CHEMBL313387
CS(=O)(=O)c1ccc(-n2c(-c3ccc(F)cc3)cnc2C(=O)c2ccccc2)cc1,0,IC50 (>),5.0,1,CHEMBL325297
CS(=O)(=O)c1ccc(-n2c(-c3ccc(F)cc3)cnc2CO)cc1,0,IC50 (>),5.0,1,CHEMBL117618
CS(=O)(=O)c1ccc(-n2cnc(Cl)c2-c2cccc(F)c2)cc1,1,IC50,7.19,1,CHEMBL119852
CCOc1ccc(-c2c(Cl)ncn2-c2ccc(S(C)(=O)=O)cc2)cc1F,1,IC50,7.6,1,CHEMBL332725
Cc1ccc(NNC(=O)c2ccccc2)cc1,1,IC50,6.48,1,CHEMBL157950
NS(=O)(=O)c1ccc(C2=C(c3ccc(Cl)cc3)CCC2)cc1,1,IC50,8.52,2,CHEMBL111590
CSc1ccc(-c2nc(C(F)(F)F)cn2-c2ccc(S(N)(=O)=O)cc2)cc1Cl,1,IC50,8.0,2,CHEMBL42674
COc1cc(-c2nc(C(F)(F)F)cn2-c2ccc(S(N)(=O)=O)cc2)ccc1Cl,1,IC50,7.7,2,CHEMBL289561
Cc1cn(-c2ccc(S(C)(=O)=O)cc2)c(-c2ccc(Cl)cc2)n1,1,IC50,6.62,2,CHEMBL46761
NS(=O)(=O)c1ccc(-c2ccccc2-c2ccc(F)c(Cl)c2)cc1,1,IC50,7.77,3,CHEMBL54412
Cc1cc(-c2cc(F)c(F)cc2-c2ccc(S(N)(=O)=O)cc2)ccc1F,1,IC50,8.7,2,CHEMBL52020
COc1ccc(-c2cc(F)c(F)cc2-c2ccc(S(N)(=O)=O)cc2)cc1C,1,IC50,8.3,2,CHEMBL51860
COc1ccc(-c2cc(C(F)(F)F)nn2-c2ccc(S(N)(=O)=O)cc2)cc1C,1,IC50,8.03,3,CHEMBL29887
CS(=O)(=O)c1ccc(-n2c(Cl)nc(Cl)c2-c2ccc(F)cc2)cc1,0,IC50 (>),5.0,1,CHEMBL116933
CS(=O)(=O)c1ccc(-c2cnc(Cl)n2-c2ccc(F)cc2)cc1,1,IC50,7.85,1,CHEMBL114783
c1ccc(-c2nn(-c3ccccc3)c3c2CCCC3)cc1,1,IC50,6.24,1,CHEMBL433892
Clc1ccc(-c2nn(-c3ccccc3)c3c2CCCCC3)cc1,1,IC50,6.85,1,CHEMBL155658
Cc1ccccc1-c1nc(C(F)(F)F)cn1-c1ccc(S(N)(=O)=O)cc1,1,IC50,6.7,2,CHEMBL294967
Cc1ccnc(-c2nc(C(F)(F)F)cn2-c2ccc(S(N)(=O)=O)cc2)c1,1,IC50,6.36,2,CHEMBL108961
Nc1ccc(-c2cc(C(F)(F)F)nn2-c2ccc(S(N)(=O)=O)cc2)cc1,1,IC50,6.47,3,CHEMBL282084
NS(=O)(=O)c1ccc(-n2nc(CO)cc2-c2ccc(Cl)cc2)cc1,1,IC50,6.08,3,CHEMBL282838
COc1ccc(-c2cc(C(F)(F)F)nn2-c2ccc(Cl)cc2)cc1,1,IC50,6.12,2,CHEMBL30011
CS(=O)(=O)c1ccc(C2=C(c3ccc(F)cc3)CC3(CCCC3)C2)cc1,1,IC50,7.21,3,CHEMBL327900
CCCCCc1ncn(-c2ccc(S(C)(=O)=O)cc2)c1-c1ccc(F)cc1,0,IC50 (>),5.0,1,CHEMBL119076
Cc1ccc(-c2cc(C(F)(F)F)nn2-c2ccc(S(N)(=O)=O)cc2)cc1,1,Ki,9.33,199,CHEMBL118
Cc1nc(Cl)n(-c2ccc(F)cc2)c1-c1ccc(S(C)(=O)=O)cc1,0,IC50 (>),5.0,1,CHEMBL324042
CS(=O)(=O)c1ccc(NNC(=O)c2ccccc2)cc1,0,IC50 (>),5.0,1,CHEMBL155436
Cc1cc(Cl)cc(-c2nc(C(F)(F)F)cn2-c2ccc(S(C)(=O)=O)cc2)c1,1,IC50,7.1,2,CHEMBL295032
Cc1csc(-c2nc(C(F)(F)F)cn2-c2ccc(S(N)(=O)=O)cc2)n1,1,IC50,6.96,3,CHEMBL109017
COc1c(Cl)cc(-c2cc(F)c(F)cc2-c2ccc(S(N)(=O)=O)cc2)cc1Cl,1,IC50,7.68,2,CHEMBL300597
N#CCc1cc(-c2ccc(Cl)cc2)n(-c2ccc(S(N)(=O)=O)cc2)n1,1,IC50,6.92,2,CHEMBL286756
COc1ccc(-c2cc(C(F)(F)F)nn2-c2ccc(OC)cc2)cc1,1,IC50,6.12,2,CHEMBL29204
CS(=O)(=O)c1ccc(C2=C(c3ccc(Cl)c(Cl)c3)CC3(CC3)C2)cc1,1,IC50,8.52,2,CHEMBL558340
CCOc1cc(OCC)cc(-c2c(Cl)ncn2-c2ccc(S(C)(=O)=O)cc2)c1,0,IC50 (>),5.0,1,CHEMBL118067
NS(=O)(=O)c1ccc(-n2cnc(Cl)c2-c2ccc(Cl)nc2)cc1,1,IC50,7.38,1,CHEMBL117306
CS(=O)(=O)c1ccc(-c2ccccc2-c2ccc(F)c(Cl)c2)cc1,1,IC50,6.44,3,CHEMBL52454
NS(=O)(=O)c1ccc(-n2cc(C(F)(F)F)nc2-c2cccc(Cl)c2)cc1,1,IC50,8.1,2,CHEMBL298269
COc1ccc(-c2nc(C(F)(F)F)cn2-c2ccc(S(C)(=O)=O)cc2)cc1F,1,IC50,6.82,2,CHEMBL42651
CS(=O)(=O)c1ccc(-c2cc(F)c(F)cc2-c2ccc3c(c2)OCO3)cc1,1,IC50,7.92,2,CHEMBL416126
Cc1ccc(-c2cc(F)c(F)cc2-c2ccc(S(C)(=O)=O)cc2)cc1C,1,IC50,7.64,2,CHEMBL300601
NS(=O)(=O)c1ccc(-n2nc(C(F)(F)F)cc2-c2ccc(F)cc2)cc1,1,IC50,7.39,4,CHEMBL28527
Cc1cccc(-c2cc(C(F)(F)F)nn2-c2ccc(S(N)(=O)=O)cc2)c1,1,IC50,6.96,3,CHEMBL29923
CS(=O)(=O)c1ccc(C2=C(c3ccc(F)cc3F)CC3(CC3)C2)cc1,1,IC50,7.66,2,CHEMBL314297
NS(=O)(=O)c1ccc(-c2c(-c3ccccc3)noc2CO)cc1,1,IC50,6.75,3,CHEMBL1147
CS(=O)(=O)c1ccc(-c2c(Cl)nc(Cl)n2-c2ccc(F)cc2)cc1,0,IC50 (>),5.0,1,CHEMBL333755
COc1ccc(-c2c(Cl)ncn2-c2ccc(S(N)(=O)=O)cc2)cc1F,1,IC50,8.3,4,CHEMBL435381
COc1ccc(-c2c(Cl)ncn2-c2ccc(S(N)(=O)=O)cc2)cc1Cl,1,IC50,8.3,1,CHEMBL115979
NS(=O)(=O)c1ccc(-n2cc(C(F)(F)F)nc2-c2ccc(Cl)cc2)cc1,1,IC50,8.0,2,CHEMBL45192
Cc1cc(F)cc(-c2nc(C(F)(F)F)cn2-c2ccc(S(N)(=O)=O)cc2)c1,1,IC50,7.52,2,CHEMBL417170
Cc1ccc(-c2cc(F)c(F)cc2-c2ccc(S(C)(=O)=O)cc2)cc1,1,IC50,8.15,2,CHEMBL293771
CCc1cc(-c2cc(C(F)(F)F)nn2-c2ccc(S(N)(=O)=O)cc2)ccc1OC,1,IC50,6.37,3,CHEMBL30236
NS(=O)(=O)c1ccc(-n2nc(C(F)(F)F)cc2-c2cc3ccccc3o2)cc1,1,IC50,6.05,2,CHEMBL29562
C=CCc1ncn(-c2ccc(S(C)(=O)=O)cc2)c1-c1ccc(F)cc1,0,IC50 (>),5.0,1,CHEMBL324825
COc1ccc(-c2c(Cl)ncn2-c2ccc(S(C)(=O)=O)cc2)cc1F,1,IC50,8.4,3,CHEMBL117862
Cc1cc(-c2nc(C(F)(F)F)cn2-c2ccc(S(C)(=O)=O)cc2)ccc1Cl,1,IC50,7.05,2,CHEMBL290945
Cc1cncc(-c2nc(C(F)(F)F)cn2-c2ccc(S(N)(=O)=O)cc2)c1,1,IC50,6.29,2,CHEMBL105766
CSc1ccc(C2=C(c3ccc(S(C)(=O)=O)cc3)CCC2)cc1,1,IC50,6.66,2,CHEMBL111039
NS(=O)(=O)c1ccc(C2=C(c3ccc(F)c(Cl)c3)CCC2)cc1,1,IC50,8.0,2,CHEMBL111786
Cc1cc(-c2cc(F)c(F)cc2-c2ccc(S(C)(=O)=O)cc2)ccc1Cl,1,IC50,8.22,2,CHEMBL57837
NS(=O)(=O)c1ccc(-c2cc(F)c(F)cc2-c2ccc3c(c2)OCO3)cc1,1,IC50,8.4,2,CHEMBL300600
COc1ccc(C2=C(c3ccc(S(C)(=O)=O)cc3)CC3(CC3)C2)cc1Cl,1,IC50,7.77,2,CHEMBL88899
CS(=O)(=O)c1ccc(-n2cnc(Cl)c2-c2ccc(F)cc2F)cc1,1,IC50,8.15,1,CHEMBL115752
COc1cc(-c2c(Cl)ncn2-c2ccc(S(C)(=O)=O)cc2)ccc1F,1,IC50,7.8,1,CHEMBL324923
CCOc1ccc(-c2c(Cl)ncn2-c2ccc(S(N)(=O)=O)cc2)cc1F,1,IC50,7.7,1,CHEMBL117947
Cc1cc(-c2nc(C(F)(F)F)cn2-c2ccc(S(C)(=O)=O)cc2)ccc1F,1,IC50,6.77,2,CHEMBL297799
NS(=O)(=O)c1ccc(-n2cc(C(F)(F)F)nc2-c2cncc(Br)c2)cc1,1,IC50,6.47,2,CHEMBL106023
CN(C)c1ccc(C2=C(c3ccc(S(C)(=O)=O)cc3)CCC2)cc1Cl,1,IC50,8.3,2,CHEMBL109623
CN(C)c1ccc(C2=C(c3ccc(S(N)(=O)=O)cc3)CCC2)cc1Cl,1,IC50,8.7,2,CHEMBL111356
Cc1ccc(-c2cc(F)c(F)cc2-c2ccc(S(C)(=O)=O)cc2)cc1Cl,1,IC50,7.89,2,CHEMBL417748
NS(=O)(=O)c1ccc(-c2cc(F)c(F)cc2-c2ccc(F)c(Cl)c2)cc1,1,IC50,8.7,2,CHEMBL52820
NS(=O)(=O)c1ccc(-c2cc(F)c(F)cc2-c2ccc3c(c2)OCCO3)cc1,1,IC50,7.5,2,CHEMBL55395
CCOc1ccc(-c2cc(C(F)(F)F)nn2-c2ccc(S(N)(=O)=O)cc2)cc1,1,IC50,6.19,2,CHEMBL283388
Cc1ccc(-c2cc(C(F)F)nn2-c2ccc(S(N)(=O)=O)cc2)cc1,1,IC50,7.89,2,CHEMBL281975
Cc1nn(-c2ccc(S(N)(=O)=O)cc2)c(-c2ccccc2)c1Cl,1,IC50,7.55,3,CHEMBL283086
COc1ccc(C2=C(c3ccc(S(N)(=O)=O)cc3)CC3(CC3)C2)cc1Cl,1,IC50,8.7,2,CHEMBL315585
CS(=O)(=O)c1ccc(C2=C(c3ccc(F)c(F)c3)CC3(CC3)C2)cc1,1,IC50,8.48,2,CHEMBL92107
CS(=O)(=O)c1ccc(C2=C(c3ccc(F)cc3)CC3(CCC3)C2)cc1,1,IC50,8.4,3,CHEMBL90447
CS(=O)(=O)c1ccc(-c2c(Br)ncn2-c2ccc(F)cc2)cc1,0,IC50 (>),5.0,1,CHEMBL119853
CCSc1ccc(-c2c(Cl)ncn2-c2ccc(S(C)(=O)=O)cc2)cc1,1,IC50,7.28,1,CHEMBL117547
COc1c(Cl)cc(-c2c(Cl)ncn2-c2ccc(S(C)(=O)=O)cc2)cc1Cl,1,IC50,8.15,1,CHEMBL116016
CS(=O)(=O)c1ccc(-n2nc(-c3ccc(Cl)cc3)c3c2CCCCC3)cc1,0,IC50 (>),5.0,1,CHEMBL350662
Cc1ccc(-c2nc(C(F)(F)F)cn2-c2ccc(S(N)(=O)=O)cc2)cc1,1,IC50,7.4,2,CHEMBL297108
Cc1ccc(-c2nc(C(F)(F)F)cn2-c2ccc(S(C)(=O)=O)cc2)cc1Cl,1,IC50,7.52,2,CHEMBL296673
COc1ccc(-c2cc(F)c(F)cc2-c2ccc(S(C)(=O)=O)cc2)cc1C,1,IC50,7.89,2,CHEMBL418448
Cc1cc(-c2cc(F)c(F)cc2-c2ccc(S(N)(=O)=O)cc2)ccc1Cl,1,IC50,8.52,2,CHEMBL55805
Cc1ccccc1-c1cc(C(F)(F)F)nn1-c1ccc(S(N)(=O)=O)cc1,1,IC50,7.16,3,CHEMBL28599
COc1ccc(C2=CC3(C=C2c2ccc(S(C)(=O)=O)cc2)CC3)cc1Cl,1,IC50,7.57,2,CHEMBL89625
Cc1ccncc1-c1c(Cl)ncn1-c1ccc(S(C)(=O)=O)cc1,1,IC50,6.55,1,CHEMBL116253
Cc1ccc(-n2nc(-c3ccc(Cl)cc3)c3c2CCCCC3)cc1,1,IC50,6.19,1,CHEMBL157886
CS(=O)(=O)c1ccc(-n2cc(C(F)(F)F)nc2-c2cccc(Br)c2)cc1,1,IC50,7.1,2,CHEMBL43616
NS(=O)(=O)c1ccc(-n2cc(C(F)(F)F)nc2-c2cccs2)cc1,1,IC50,7.16,2,CHEMBL321156
COc1ccc(-c2ccccc2-c2ccc(S(N)(=O)=O)cc2)cc1F,1,IC50,7.48,3,CHEMBL442166
COc1c(F)cc(-c2cc(C(F)F)nn2-c2ccc(S(N)(=O)=O)cc2)cc1F,1,IC50,6.46,2,CHEMBL29456
CS(=O)(=O)c1ccc(-n2cnc(Cl)c2-c2ccccc2)cc1,1,IC50,6.91,1,CHEMBL331135
COc1ccc(-c2c(Cl)ncn2-c2ccc(S(C)(=O)=O)cc2)cc1,1,IC50,7.96,1,CHEMBL333651
CC(=O)Nc1ccc(-c2c(Cl)ncn2-c2ccc(S(C)(=O)=O)cc2)cc1,0,IC50 (>),5.0,1,CHEMBL116498
CS(=O)(=O)c1ccc(-n2cnc(Cl)c2-c2cccc(Cl)c2Cl)cc1,1,IC50,8.22,1,CHEMBL324826
Cc1cc(-c2c(Cl)ncn2-c2ccc(S(C)(=O)=O)cc2)ccc1Cl,1,IC50,7.96,1,CHEMBL326291
CN(C)c1ccc(-c2c(Cl)ncn2-c2ccc(S(C)(=O)=O)cc2)cc1Cl,1,IC50,7.57,1,CHEMBL324048
NS(=O)(=O)c1ccc(-n2cnc(Cl)c2-c2ccc(F)cc2)cc1,1,IC50,7.75,1,CHEMBL326270
Cc1ccc(-c2c(Cl)ncn2-c2ccc(S(N)(=O)=O)cc2)cc1,1,IC50,8.52,1,CHEMBL332251
Cc1ccc(-c2ccc(S(C)(=O)=O)cc2)n1C1CCC(F)CC1,1,IC50,6.28,1,CHEMBL320998
NS(=O)(=O)c1ccc(-n2cc(C(F)(F)F)nc2-c2ccc(F)cc2)cc1,1,IC50,8.0,2,CHEMBL46623
COc1ccc(C2=C(c3ccc(S(C)(=O)=O)cc3)CCC2)cc1F,1,IC50,6.92,2,CHEMBL111314
NS(=O)(=O)c1ccc(C2=C(c3ccc(Cl)c(Cl)c3)CCC2)cc1,1,IC50,8.7,2,CHEMBL111321
CS(=O)(=O)c1ccc(-c2cc3c(cc2-c2ccc(F)cc2)COC3)cc1,1,IC50,7.08,1,CHEMBL110418
NS(=O)(=O)c1ccc(-n2nc(C(F)(F)F)c(Cl)c2-c2ccc(Cl)cc2)cc1,1,IC50,8.28,3,CHEMBL280636
NS(=O)(=O)c1ccc(-n2ncc([N+](=O)[O-])c2-c2ccccc2)cc1,1,IC50,6.54,2,CHEMBL280601
COc1c(Cl)cc(C2=C(c3ccc(S(N)(=O)=O)cc3)CC3(CC3)C2)cc1Cl,1,IC50,8.4,2,CHEMBL88493
CS(=O)(=O)c1ccc(C2=CC3(C=C2c2ccc(F)cc2)CC3)cc1,1,IC50,8.59,3,CHEMBL89429
Cc1onc(-c2ccccc2)c1-c1ccc(S(N)(=O)=O)cc1,1,IC50,8.3,13,CHEMBL865
CS(=O)(=O)c1ccc(-n2c(-c3ccc(F)cc3)cnc2Cl)cc1,0,IC50 (>),5.0,1,CHEMBL117946
CS(=O)(=O)c1ccc(-c2c(Cl)ncn2-c2ccc(F)cc2)cc1,0,IC50 (>),5.0,1,CHEMBL119089
CC(C)c1ccc(-c2c(Cl)ncn2-c2ccc(S(C)(=O)=O)cc2)cc1,1,IC50,7.41,1,CHEMBL117855
CS(=O)(=O)c1ccc(NNC(=O)c2ccc(Cl)cc2)cc1,0,IC50 (>),5.0,1,CHEMBL154594
CS(=O)(=O)c1ccc(-n2cc(C(F)(F)F)nc2-c2ccc(F)cc2)cc1,1,IC50,7.0,2,CHEMBL432112
COc1ccc(-c2nc(C(F)(F)F)cn2-c2ccc(S(C)(=O)=O)cc2)cc1,1,IC50,6.24,2,CHEMBL264300
CNc1cccc(-c2nc(C(F)(F)F)cn2-c2ccc(S(C)(=O)=O)cc2)c1,1,IC50,6.04,2,CHEMBL46667
NS(=O)(=O)c1ccc(-n2cc(C(F)(F)F)nc2-c2cccc(F)c2)cc1,1,IC50,7.52,2,CHEMBL43672
CS(=O)(=O)c1ccc(C2=C(c3ccc(Cl)cc3Cl)CCC2)cc1,1,IC50,7.28,2,CHEMBL108975
CS(=O)(=O)c1ccc(C2=C(c3ccc(Cl)c(Cl)c3)CCC2)cc1,1,IC50,8.0,2,CHEMBL111597
COc1c(Cl)cc(C2=C(c3ccc(S(C)(=O)=O)cc3)CCC2)cc1Cl,1,IC50,7.77,2,CHEMBL321160
COc1ccc(-c2ccccc2-c2ccc(S(N)(=O)=O)cc2)cc1Cl,1,IC50,7.72,3,CHEMBL54039
CNc1ccc(-c2cc(C(F)(F)F)nn2-c2ccc(S(N)(=O)=O)cc2)cc1Cl,1,IC50,7.57,3,CHEMBL30084
NS(=O)(=O)c1ccc(-n2nc(C(F)(F)F)cc2-c2csc3ccccc23)cc1,1,IC50,6.46,2,CHEMBL29397
CS(=O)(=O)c1ccc(C2=C(c3ccc(F)cc3)CC3(CC3)C2)cc1,1,IC50,8.12,4,CHEMBL92154
CS(=O)(=O)c1ccc(-n2cncc2-c2ccc(F)cc2)cc1,0,IC50 (>),5.0,1,CHEMBL325492
CS(=O)(=O)c1ccc(-n2cnc(Cc3ccccc3)c2-c2ccc(F)cc2)cc1,0,IC50 (>),5.0,1,CHEMBL116848
CS(=O)(=O)c1ccc(-n2cnc(Cl)c2-c2ccc3c(c2)OCO3)cc1,1,IC50,8.22,1,CHEMBL326335
CCOc1ccc(-c2c(Cl)ncn2-c2ccc(S(N)(=O)=O)cc2)cc1Cl,1,IC50,8.15,1,CHEMBL117917
Cc1nc(C2CCCCC2)c(-c2ccc(S(C)(=O)=O)cc2)o1,1,IC50,7.16,1,CHEMBL161677
COc1cncc(-c2nc(C(F)(F)F)cn2-c2ccc(S(C)(=O)=O)cc2)c1,0,IC50,4.42,1,CHEMBL320118
CS(=O)(=O)c1ccc(-n2cc(C(F)F)nc2-c2cccnc2)cc1,0,IC50,4.68,1,CHEMBL322720
Cc1nc(-c2ccccc2)c(-c2ccc(S(C)(=O)=O)cc2)o1,1,IC50,7.05,1,CHEMBL350549
Cc1nc(-c2ccc(F)cc2)c(-c2ccc(S(N)(=O)=O)cc2)o1,1,IC50,7.7,2,CHEMBL290192
Cc1nc(C2CCCCC2)c(-c2ccc(S(N)(=O)=O)cc2)o1,1,IC50,7.16,2,CHEMBL290031
CS(=O)(=O)c1ccc(-c2oc(-c3ccccc3)nc2C2CCCCC2)cc1,0,IC50 (>),4.0,1,CHEMBL350940
Cc1nc(-c2ccc(Cl)s2)c(-c2ccc(S(C)(=O)=O)cc2)o1,1,IC50,7.52,1,CHEMBL158493
Cc1nc(C2CCCC2)c(-c2ccc(S(C)(=O)=O)cc2)o1,0,IC50,4.75,1,CHEMBL350815
Cc1nc(-c2ccc(Cl)s2)c(-c2ccc(S(N)(=O)=O)cc2)o1,1,IC50,7.7,1,CHEMBL350422
COc1cncc(-c2nc(C(F)(F)F)cn2-c2ccc(S(N)(=O)=O)cc2)c1,0,IC50 (>),4.0,1,CHEMBL322305
Cc1ccccc1-c1nc(C(F)(F)F)cn1-c1ccc(S(C)(=O)=O)cc1,1,IC50,6.1,2,CHEMBL44466
CCc1nc(C2CCCCC2)c(-c2ccc(S(C)(=O)=O)cc2)o1,1,IC50,6.57,1,CHEMBL161590
CS(=O)(=O)c1ccc(-n2cc(C(F)(F)F)nc2-c2ccncc2)cc1,0,IC50 (>),4.0,1,CHEMBL420479
CC(C)(COc1ccc(Br)cc1)C(=O)NCCCN1c2ccccc2Sc2ccccc21,0,IC50,4.68,1,CHEMBL147074
Cc1nc(-c2ccc(C)s2)c(-c2ccc(S(C)(=O)=O)cc2)o1,1,IC50,7.4,1,CHEMBL348041
CCc1ccc(-c2nc(C)oc2-c2ccc(S(C)(=O)=O)cc2)s1,1,IC50,6.85,1,CHEMBL345620
CCS(=O)(=O)c1ccc(-c2oc(C)nc2-c2ccc(F)cc2)cc1,0,IC50,4.42,1,CHEMBL161377
Cc1nc(-c2ccc(F)cc2)c(-c2ccc(S(C)(=O)=O)cc2)o1,1,IC50,7.16,1,CHEMBL351914
Cc1ccncc1-c1nc(C(F)(F)F)cn1-c1ccc(S(C)(=O)=O)cc1,0,IC50,4.27,1,CHEMBL320986
Cc1nc(C2CCCCCC2)c(-c2ccc(S(C)(=O)=O)cc2)o1,1,IC50,6.55,1,CHEMBL161728
Cc1ccncc1-c1nc(C(F)(F)F)cn1-c1ccc(S(N)(=O)=O)cc1,0,IC50,4.29,1,CHEMBL326005
CS(=O)(=O)c1ccc(-n2cc(C#N)nc2-c2cccnc2)cc1,0,IC50,4.61,1,CHEMBL320318
Cc1cn(-c2ccc(S(C)(=O)=O)cc2)c(-c2cccnc2)n1,0,IC50,4.1,1,CHEMBL110448
CS(=O)(=O)c1ccc(-n2cc(C(F)(F)F)nc2-c2ccsc2)cc1,0,IC50,4.29,1,CHEMBL321898
CCOC(=O)c1cn(-c2ccc(S(C)(=O)=O)cc2)c(-c2cccnc2)n1,0,IC50 (>),4.0,1,CHEMBL110396
CS(=O)(=O)c1ccc(-c2nc(-c3ccccc3)sc2-c2ccc(F)cc2)cc1,1,IC50,6.27,1,CHEMBL280496
CS(=O)(=O)c1ccc(-c2sc(C(F)(F)F)nc2-c2ccc(F)cc2)cc1,1,IC50,7.64,1,CHEMBL265585
CS(=O)(=O)c1ccc(-c2sc(-c3ccccc3Cl)nc2-c2ccc(F)cc2)cc1,1,IC50,7.3,2,CHEMBL277115
CS(=O)(=O)c1ccc(-c2sc(-c3ccccc3Cl)nc2-c2ccsc2)cc1,1,IC50,7.1,1,CHEMBL17179
CS(=O)(=O)c1ccc(-c2sc(-c3cccnc3)nc2-c2ccc(F)cc2)cc1,1,IC50,6.37,1,CHEMBL275843
CS(=O)(=O)c1ccc(-c2sc(-c3cccs3)nc2-c2ccc(F)cc2)cc1,1,IC50,7.68,1,CHEMBL16689
CS(=O)(=O)c1ccc(-c2sc(-c3ccccc3Cl)nc2-c2ccc(F)cc2F)cc1,1,IC50,7.68,1,CHEMBL17043
C[C@H](C(=O)O)c1cccc(C(=O)c2ccccc2)c1,1,IC50,7.57,2,CHEMBL75435
CCOC(=O)c1nc(-c2ccc(F)cc2)c(-c2ccc(S(C)(=O)=O)cc2)s1,1,IC50,6.21,1,CHEMBL279133
CS(=O)(=O)c1ccc(-c2sc(CCCc3ccccc3)nc2-c2ccc(F)cc2)cc1,1,IC50,6.28,1,CHEMBL16797
CS(=O)(=O)c1ccc(-c2nc(C(F)(F)F)sc2-c2ccc(F)cc2)cc1,1,IC50,8.22,1,CHEMBL17047
CS(=O)(=O)c1ccc(-c2sc(-c3ccccc3Cl)nc2-c2ccccc2F)cc1,1,IC50,8.0,1,CHEMBL279552
Cc1nc(-c2ccc(F)cc2)c(-c2ccc(S(C)(=O)=O)cc2)s1,1,IC50,6.96,2,CHEMBL16850
CS(=O)(=O)c1ccc(-c2sc(CCc3ccccc3)nc2-c2ccc(F)cc2)cc1,1,IC50,7.5,1,CHEMBL277385
CS(=O)(=O)c1ccc(-c2sc(-c3ccccc3Cl)nc2-c2cccs2)cc1,1,IC50,7.24,1,CHEMBL17069
CC(C(=O)O)c1cc(C(=O)c2ccccc2)ccc1O,1,IC50,6.52,1,CHEMBL274587
CS(=O)(=O)c1ccc(-c2sc(-c3ccc(Cl)cc3)nc2-c2ccc(F)cc2)cc1,1,IC50,7.3,1,CHEMBL277116
Cc1nc(-c2ccc(S(C)(=O)=O)cc2)c(-c2ccc(F)cc2)s1,1,IC50,6.92,2,CHEMBL274473
CS(=O)(=O)c1ccc(-c2sc(-c3ccccc3Cl)nc2-c2cccc(F)c2)cc1,1,IC50,7.8,1,CHEMBL279752
CC(C)(C)c1nc(-c2ccc(F)cc2)c(-c2ccc(S(C)(=O)=O)cc2)s1,1,IC50,6.96,1,CHEMBL17064
CS(=O)(=O)c1ccc(-c2sc(CC#N)nc2-c2ccc(F)cc2)cc1,1,IC50,6.46,1,CHEMBL417266
CS(=O)(=O)c1ccc(-c2sc(-c3ccccc3Cl)nc2-c2ccccc2)cc1,1,IC50,8.0,1,CHEMBL443993
CCc1nc(-c2ccc(F)cc2)c(-c2ccc(S(C)(=O)=O)cc2)s1,1,IC50,7.64,1,CHEMBL275601
CS(=O)(=O)c1ccc(-c2sc(CCCc3ccc(Br)cc3)nc2-c2ccc(F)cc2)cc1,1,IC50,8.15,1,CHEMBL16516
CC(C)(C)c1ccc(-c2nc(-c3ccc(F)cc3)c(-c3ccc(S(C)(=O)=O)cc3)s2)cc1,0,IC50 (>),4.0,1,CHEMBL17111
CS(=O)(=O)c1ccc(-c2sc(-c3ccccc3Cl)nc2-c2cc(F)ccc2F)cc1,0,IC50 (>),4.0,1,CHEMBL17126
CS(=O)(=O)c1ccc(-c2sc(Cc3ccccc3)nc2-c2ccc(F)cc2)cc1,1,IC50,7.75,1,CHEMBL17276
CS(=O)(=O)c1ccc(-c2sc(-c3ccccc3)nc2-c2ccc(F)cc2)cc1,0,IC50 (>),4.52,1,CHEMBL442063
COc1ccc(-c2nc(-c3ccc(F)cc3)c(-c3ccc(S(C)(=O)=O)cc3)s2)cc1,1,IC50,6.57,1,CHEMBL277813
NS(=O)(=O)c1ccc(-n2nc(C(F)(F)F)c3c2-c2cc(F)c(F)cc2CS3)cc1,1,IC50,8.22,2,CHEMBL97059
CS(=O)(=O)c1ccc(-c2cnn(CC3CC3)c(=O)c2-c2ccccc2)cc1,1,IC50,7.16,1,CHEMBL153829
N#Cc1nn(-c2ccc(S(N)(=O)=O)cc2)c2c1SCc1cc(F)ccc1-2,1,IC50,6.85,3,CHEMBL95022
CS(=O)(=O)c1ccc(-c2cnn(CCC3CC3)c(=O)c2-c2ccc(F)cc2)cc1,1,IC50,6.7,1,CHEMBL155781
CC1(Cn2ncc(-c3ccc(S(C)(=O)=O)cc3)c(-c3ccc(F)cc3)c2=O)CC1,1,IC50,6.7,2,CHEMBL154253
CC(C)S(=O)(=O)c1c(O)n(Cc2ccc(F)c(F)c2)c(=O)c2ccc(Cl)cc12,1,IC50,7.0,1,CHEMBL278505
CS(=O)(=O)c1ccc(-c2cnn(Cc3ccccc3)c(=O)c2Oc2ccc(Cl)cn2)cc1,1,IC50,6.58,2,CHEMBL347842
CS(=O)(=O)c1ccc(-c2cnn(Cc3ccccc3)c(=O)c2Sc2ccccc2)cc1,1,IC50,6.43,1,CHEMBL155206
CC1(C)CC1Cn1ncc(-c2ccc(S(C)(=O)=O)cc2)c(-c2ccc(F)cc2)c1=O,1,IC50,7.52,2,CHEMBL154480
NS(=O)(=O)c1ccc(-n2nc(C(F)(F)F)c3c2-c2ccccc2CS3)cc1,1,IC50,7.7,3,CHEMBL329919
CS(=O)(=O)c1ccc(-c2cnn(Cc3cccs3)c(=O)c2-c2ccc(F)cc2)cc1,1,IC50,7.3,1,CHEMBL349564
CS(=O)(=O)c1ccc(-c2cnn(Cc3ccccc3)c(=O)c2OCC2CC2)cc1,1,IC50,8.52,2,CHEMBL155898
CC(C)S(=O)(=O)c1c(O)n(Cc2ccc(F)c(F)c2)c(=O)c2ccccc12,1,IC50,6.7,1,CHEMBL275376
CS(=O)(=O)c1ccc(-c2cnn(Cc3nccs3)c(=O)c2-c2ccc(F)cc2)cc1,1,IC50,6.22,1,CHEMBL157720
C[C@H]1C[C@@H]1Cn1ncc(-c2ccc(S(C)(=O)=O)cc2)c(-c2ccc(F)cc2)c1=O,1,IC50,7.22,2,CHEMBL262744
CC(C)S(=O)(=O)c1c(O)n(Cc2ccc(F)cc2)c(=O)c2ccccc12,1,IC50,7.05,1,CHEMBL18148
Cc1cc2c(cc1F)-c1c(c(C(F)(F)F)nn1-c1ccc(S(N)(=O)=O)cc1)SC2,1,IC50,7.8,2,CHEMBL94494
CC(C)S(=O)(=O)c1c(O)n(Cc2ccccc2)c(=O)c2ccc(Cl)cc12,1,IC50,7.22,1,CHEMBL18020
NS(=O)(=O)c1ccc(-n2nc(C(F)(F)F)c3c2-c2ccccc2SC3)cc1,1,IC50,6.34,3,CHEMBL273420
COc1cc2c(cc1F)-c1c(c(C(F)(F)F)nn1-c1ccc(S(N)(=O)=O)cc1)SC2,1,IC50,8.05,2,CHEMBL328009
CC(C)=CCn1ncc(-c2ccc(S(C)(=O)=O)cc2)c(-c2ccc(F)cc2)c1=O,1,IC50,7.0,2,CHEMBL158310
CS(=O)(=O)c1ccc(-c2cnn(Cc3ccccc3)c(=O)c2Oc2ccc(F)cc2)cc1,1,IC50,7.7,2,CHEMBL157730
CS(=O)(=O)c1ccc(-c2cnn(CC3CC3)c(=O)c2-c2ccc(F)cc2)cc1,1,IC50,6.7,1,CHEMBL157016
CC(C1CC1)n1ncc(-c2ccc(S(C)(=O)=O)cc2)c(-c2ccc(F)cc2)c1=O,1,IC50,6.7,2,CHEMBL155247
Cc1ccc(-c2c(-c3ccc(S(C)(=O)=O)cc3)cnn(Cc3ccccc3)c2=O)cc1,1,IC50,7.7,2,CHEMBL157629
C[C@@H]1C[C@H]1Cn1ncc(-c2ccc(S(C)(=O)=O)cc2)c(-c2ccc(F)cc2)c1=O,1,IC50,7.22,1,CHEMBL156401
CS(=O)(=O)c1ccc(-c2cnnc(O)c2-c2ccccc2)cc1,0,IC50 (>),4.48,1,CHEMBL155676
COc1ccc2c(c1)CSc1c(C(F)(F)F)nn(-c3ccc(S(N)(=O)=O)cc3)c1-2,1,IC50,7.89,3,CHEMBL319512
NS(=O)(=O)c1ccc(-n2nc(C(F)(F)F)c3c2-c2ccc(F)cc2CS3)cc1,1,IC50,7.4,3,CHEMBL316455
O=c1c2ccccc2c(S(=O)(=O)c2ccccc2)c(O)n1Cc1ccccc1,1,IC50,6.85,1,CHEMBL276052
Cc1ccc2c(c1)CSc1c(C(F)(F)F)nn(-c3ccc(S(N)(=O)=O)cc3)c1-2,1,IC50,7.66,3,CHEMBL328906
CS(=O)(=O)c1ccc(-c2cnn(CC3CCCCC3)c(=O)c2-c2ccc(F)cc2)cc1,1,IC50,7.4,2,CHEMBL158148
NS(=O)(=O)c1ccc(-n2nc(C(F)(F)F)c3c2-c2cc(F)ccc2CS3)cc1,1,IC50,7.68,2,CHEMBL411894
COc1cc2c(cc1F)-c1c(c(C(F)(F)F)nn1-c1ccc(S(C)(=O)=O)cc1)SC2,1,IC50,7.12,2,CHEMBL96110
C[C@H]1C(Cn2ncc(-c3ccc(S(C)(=O)=O)cc3)c(-c3ccc(F)cc3)c2=O)[C@@H]1C,1,IC50,7.3,2,CHEMBL440001
CC(C)Oc1c(-c2ccc(S(C)(=O)=O)cc2)cnn(Cc2ccccc2)c1=O,1,IC50,7.7,1,CHEMBL434673
CS(=O)(=O)c1ccc(-c2cnn(-c3ccccc3)c(=O)c2-c2ccccc2)cc1,1,IC50,7.1,1,CHEMBL350039
CC(C)(C)n1ncc(-c2ccc(S(C)(=O)=O)cc2)c(-c2ccccc2)c1=O,0,IC50 (>),4.48,1,CHEMBL156053
COc1cc2c(cc1F)-c1c(c(C(F)F)nn1-c1ccc(S(N)(=O)=O)cc1)SC2,1,IC50,7.5,2,CHEMBL318464
CS(=O)(=O)c1ccc(-c2cnn(Cc3ccccc3)c(=O)c2-c2ccccc2)cc1,1,IC50,7.52,2,CHEMBL155994
C[C@H]1C[C@H]1Cn1ncc(-c2ccc(S(C)(=O)=O)cc2)c(-c2ccc(F)cc2)c1=O,1,IC50,7.3,1,CHEMBL347441
CC(C)S(=O)(=O)c1c(O)n(Cc2ccccc2)c(=O)c2ccccc12,1,IC50,6.54,1,CHEMBL18373
Cc1cccc(Sc2cc3c(cc2NS(C)(=O)=O)CCC3=O)c1,0,IC50 (>),5.0,1,CHEMBL424303
CS(=O)(=O)Nc1cc2c(cc1Oc1ccc(S(C)(=O)=O)cc1)C(=O)CC2,0,IC50 (>),5.0,1,CHEMBL444002
Cc1ccc(Sc2cc3c(cc2NS(C)(=O)=O)CCC3=O)nc1,1,IC50,6.19,2,CHEMBL37371
CCS(=O)(=O)Nc1cc2c(cc1Sc1ccc(F)cc1F)C(=O)CC2,0,IC50 (>),5.0,1,CHEMBL357918
CS(=O)(=O)Nc1cc2c(cc1Sc1ccc(F)cc1F)C(=O)CC2,1,IC50,7.7,4,CHEMBL287919
CS(=O)(=O)Nc1cc2c(cc1Sc1cccc(F)c1)C(=O)CC2,0,IC50 (>),5.0,1,CHEMBL343198
CS(=O)(=O)c1ccc(-c2cc3c(cc2C(=O)c2cccc(F)c2)OCO3)cc1,1,IC50,6.0,1,CHEMBL153767
Cc1csc(Sc2cc3c(cc2NS(C)(=O)=O)COC3=O)n1,1,IC50,7.37,1,CHEMBL43520
CCc1ccc(Sc2cc3c(cc2NS(C)(=O)=O)CCC3=O)cc1,1,IC50,7.0,1,CHEMBL342538
CS(=O)(=O)Nc1cc2c(cc1Sc1ccc(C(=O)O)cc1)C(=O)CC2,0,IC50 (>),5.0,1,CHEMBL145783
CS(=O)(=O)Nc1cc2c(cc1OC1CCOCC1)C(=O)CC2,0,IC50 (>),5.0,1,CHEMBL145315
CS(=O)(=O)Nc1cc2c(cc1Nc1ccc(F)cc1F)C(=O)CC2,1,IC50,6.0,1,CHEMBL146773
CS(=O)(=O)Nc1cc2c(cc1Sc1nccs1)C(=O)CC2,1,IC50,7.0,3,CHEMBL289262
CCc1csc(Sc2cc3c(cc2NS(C)(=O)=O)COC3=O)n1,1,IC50,7.89,2,CHEMBL43461
CCc1csc(Sc2cc3c(cc2NS(C)(=O)=O)CCC3=O)n1,1,IC50,7.31,2,CHEMBL289731
CSc1ccc(Oc2cc3c(cc2NS(C)(=O)=O)CCC3=O)cc1,1,IC50,7.0,1,CHEMBL145710
COc1ccc(Sc2cc3c(cc2NS(C)(=O)=O)CCC3=O)cc1,1,IC50,7.0,1,CHEMBL358295
CS(=O)(=O)Nc1cc2c(cc1Sc1ccccc1F)C(=O)CC2,1,IC50,7.0,1,CHEMBL144819
CS(=O)(=O)Nc1cc2c(cc1Sc1ccccn1)C(=O)CC2,1,IC50,7.0,3,CHEMBL35992
COc1ccc(-c2c(-c3ccc(S(C)(=O)=O)cc3)oc3ccccc23)cc1F,1,IC50,7.03,1,CHEMBL312221
Cc1ccc(Sc2cc3c(cc2NS(C)(=O)=O)CCC3=O)cc1,1,IC50,7.3,1,CHEMBL144884
CS(=O)(=O)Nc1cc2c(cc1Sc1cncs1)C(=O)CC2,0,IC50 (>),5.0,1,CHEMBL147327
CS(=O)(=O)c1ccc(C2=C(c3ccc(F)cc3)c3ccccc3C2)cc1,1,IC50,7.96,1,CHEMBL80047
CS(=O)(=O)Nc1cc2c(cc1Sc1ccc(Br)cc1)C(=O)CC2,1,IC50,8.0,1,CHEMBL144728
COc1ccccc1Sc1cc2c(cc1NS(C)(=O)=O)CCC2=O,0,IC50 (>),5.0,1,CHEMBL356804
CS(=O)(=O)Nc1cc2c(cc1Sc1cscn1)C(=O)CC2,0,IC50 (>),5.0,1,CHEMBL148157
COc1ccc(-c2c(-c3ccc(S(N)(=O)=O)cc3)oc3ccccc23)cc1F,1,IC50,8.3,1,CHEMBL76692
COc1ccc(-c2c(-c3ccc(S(N)(=O)=O)cc3)oc3ccccc23)cc1Cl,1,IC50,7.7,1,CHEMBL76861
Cc1csc(Sc2cc3c(cc2NS(C)(=O)=O)CCC3=O)n1,1,IC50,7.52,2,CHEMBL37414
CS(=O)(=O)Nc1cc2c(cc1S(=O)(=O)c1ccc(F)cc1F)C(=O)CC2,0,IC50 (>),5.0,1,CHEMBL145257
CS(=O)(=O)Nc1cc2c(cc1Sc1c(F)cccc1F)C(=O)CC2,1,IC50,7.0,1,CHEMBL143781
NS(=O)(=O)c1ccc(-c2cc3c(cc2Cc2ccccc2)OCO3)cc1,1,IC50,7.3,1,CHEMBL151042
Cc1ccccc1Sc1cc2c(cc1NS(C)(=O)=O)CCC2=O,1,IC50,7.0,1,CHEMBL144675
CC(C)(C)c1ccc(Sc2cc3c(cc2NS(C)(=O)=O)CCC3=O)cc1,0,IC50 (>),5.0,1,CHEMBL357163
CS(=O)(=O)c1ccc(-c2oc3ccccc3c2-c2ccc(F)cc2)cc1,1,IC50,7.7,1,CHEMBL76376
C=Cc1csc(Sc2cc3c(cc2NS(C)(=O)=O)COC3=O)n1,1,IC50,6.85,2,CHEMBL41405
NS(=O)(=O)c1ccc(-c2oc3ccccc3c2-c2ccc(F)cc2)cc1,1,IC50,8.15,1,CHEMBL77714
CS(=O)(=O)Nc1cc2c(cc1Sc1cccs1)C(=O)CC2,1,IC50,6.0,1,CHEMBL144100
CS(=O)(=O)Nc1cc2c(cc1Sc1ncc(Cl)cc1Cl)C(=O)CC2,1,IC50,6.92,2,CHEMBL290739
CS(=O)(=O)c1ccc(-c2cc3c(cc2C=C2CCCCC2)OCO3)cc1,1,IC50,7.16,1,CHEMBL347720
COc1ccc(-c2c(-c3ccc(S(C)(=O)=O)cc3)oc3ccccc23)cc1Cl,1,IC50,7.0,1,CHEMBL77350
CS(=O)(=O)c1ccc(-c2cc3c(cc2C=C2CCCCCC2)OCO3)cc1,1,IC50,6.7,1,CHEMBL357315
CS(=O)(=O)Nc1cc2c(cc1Sc1ncccc1Cl)C(=O)CC2,1,IC50,6.66,2,CHEMBL41739
CS(=O)(=O)Nc1cc2c(cc1Sc1nccs1)C(=O)OC2,1,IC50,7.57,2,CHEMBL287909
CC(C)c1ccc(Sc2cc3c(cc2NS(C)(=O)=O)CCC3=O)cc1,0,IC50 (>),5.0,1,CHEMBL356997
CS(=O)(=O)Nc1cc2c(cc1Sc1ccncc1)C(=O)CC2,1,IC50,6.0,1,CHEMBL344351
CS(=O)(=O)Nc1cc2c(cc1OC1CCCCC1)C(=O)CC2,1,IC50,7.3,1,CHEMBL344959
O=C1CCc2cc(NS(=O)(=O)C(F)(F)F)c(Sc3ccc(F)cc3F)cc21,1,IC50,7.4,1,CHEMBL144013
O=C1CCc2cc(NC(=O)C(F)(F)F)c(Sc3ccc(F)cc3F)cc21,0,IC50 (>),5.0,1,CHEMBL144317
CS(=O)(=O)Nc1cc2c(cc1Oc1ccc(F)cc1F)C(=O)CC2,1,IC50,7.68,1,CHEMBL147580
Cc1cnc(Sc2cc3c(cc2NS(C)(=O)=O)CCC3=O)s1,1,IC50,6.06,1,CHEMBL43402
CS(=O)(=O)Nc1cc2c(cc1Sc1ccc(Cl)cc1Cl)C(=O)CC2,1,IC50,8.0,1,CHEMBL148153
CC(=O)Nc1cc2c(cc1Sc1ccc(F)cc1F)C(=O)CC2,0,IC50 (>),5.0,1,CHEMBL343889
NS(=O)(=O)c1ccc(C2=C(c3ccc(F)cc3)c3ccccc3C2)cc1,1,IC50,8.3,1,CHEMBL80405
CS(=O)(=O)Nc1cc2c(cc1Sc1ccc(F)cc1)C(=O)CC2,1,IC50,6.0,1,CHEMBL356940
CS(=O)(=O)Nc1cc2c(cc1SC1CCCCC1)C(=O)CC2,1,IC50,7.3,1,CHEMBL144787
C#CCCCC(=O)c1cc(C(C)(C)C)c(O)c(C(C)(C)C)c1,1,IC50,7.0,3,CHEMBL13878
C#CCCCC(=O)c1cc(C(C)(C)C)c2c(c1)C(C)(C)CO2,1,IC50,7.82,2,CHEMBL13920
CS(=O)(=O)c1ccc(-c2ccccc2-c2ccccc2)cc1,0,IC50,4.96,2,CHEMBL101503
CCCCC(=O)c1cc(C(C)(C)C)c2c(c1)C(C)(C)CCN2C,1,IC50,6.52,1,CHEMBL15039
CCCC(=O)c1cc(C(C)(C)C)c2c(c1)C(C)(C)CS2,1,IC50,6.82,1,CHEMBL14767
CC1(C)COc2c(C3CCCC3)cc(C(=O)CCCC3CC3)cc21,0,IC50,4.7,1,CHEMBL279550
c1ccc(-c2ccsc2-c2ccccc2)cc1,0,IC50 (>),3.52,1,CHEMBL318678
CCCCC(=O)c1cc(C(C)(C)C)c2c(c1)C(C)(C)CO2,1,IC50,7.4,2,CHEMBL13661
CS(=O)(=O)c1ccc(-c2cc(CCC(=O)O)sc2-c2ccc(F)cc2)cc1,0,IC50 (>),3.52,1,CHEMBL319284
CC(C)(C)c1cc(C(=O)CCCC2CC2)cc2c1OCC2,0,IC50,4.82,1,CHEMBL279166
CS(=O)(=O)c1ccc(-c2cc(Sc3ccccc3)sc2-c2ccc(F)cc2)cc1,0,IC50,4.18,1,CHEMBL316786
Cc1ccc(-c2sccc2-c2ccc(S(C)(=O)=O)cc2)cc1,0,IC50,4.89,1,CHEMBL99517
CC(C)(C)c1cc(C(=O)CCCC2CC2)cc2c1OCC2(C)C,1,IC50,6.66,2,CHEMBL13623
CS(=O)(=O)c1ccc(-c2c(-c3ccccc3)sc3c2CCCC3)cc1,0,IC50,4.72,1,CHEMBL317517
CCCC(=O)c1cc(C(C)(C)C)c2c(c1)C(C)(C)CO2,1,IC50,7.02,2,CHEMBL13980
CS(=O)(=O)c1ccc(-c2cc([N+](=O)[O-])sc2-c2ccc(F)cc2)cc1,0,IC50,4.85,1,CHEMBL317606
CCCCC(=O)c1cc(C(C)(C)C)c2c(c1)C(C)(C)CCS2,1,IC50,6.4,1,CHEMBL276800
CS(=O)(=O)c1ccc(-c2cc(CC#N)sc2-c2ccc(F)cc2)cc1,0,IC50,4.31,1,CHEMBL101459
CCOC(=O)/C=C/c1cc(-c2ccc(S(C)(=O)=O)cc2)c(-c2ccc(F)cc2)s1,0,IC50 (>),3.52,1,CHEMBL320006
CS(=O)(=O)c1ccc(-c2ccsc2-c2ccc(O)cc2)cc1,0,IC50,4.07,1,CHEMBL99167
CS(=O)(=O)c1ccc(-c2cscc2-c2ccc(S(C)(=O)=O)cc2)cc1,0,IC50 (>),3.52,1,CHEMBL319099
Cc1oc(=O)n(-c2ccc(F)cc2)c1-c1ccc(S(N)(=O)=O)cc1,1,IC50,6.29,2,CHEMBL71372
CCc1ccc(-n2c(-c3ccc(S(C)(=O)=O)cc3)coc2=O)cc1,1,IC50,6.16,2,CHEMBL306716
Cc1ccc(-n2c(-c3ccc(S(C)(=O)=O)cc3)coc2=O)cc1,1,IC50,6.32,2,CHEMBL306232
Cc1ccc(-n2c(-c3ccc(S(N)(=O)=O)cc3)coc2=O)cc1,1,IC50,6.1,2,CHEMBL70588
NS(=O)(=O)c1ccc(-c2coc(=O)n2C2CCCCC2)cc1,0,IC50,4.72,2,CHEMBL432335
Cc1oc(=O)n(-c2ccc(Cl)c(Cl)c2)c1-c1ccc(S(N)(=O)=O)cc1,1,IC50,6.64,2,CHEMBL419268
CS(=O)(=O)c1ccc(-c2coc(=O)n2-c2ccc(Cl)cc2)cc1,1,IC50,6.5,2,CHEMBL69667
CS(=O)(=O)c1ccc(-c2coc(=O)n2-c2ccccc2F)cc1,1,IC50,6.18,2,CHEMBL70158
Cc1cccc(-n2c(-c3ccc(S(N)(=O)=O)cc3)c(C)oc2=O)c1,1,IC50,6.03,2,CHEMBL303023
COc1ccc(-n2c(-c3ccc(S(N)(=O)=O)cc3)coc2=O)cc1Cl,1,IC50,6.11,2,CHEMBL72515
Cc1cccc(-n2c(-c3ccc(S(N)(=O)=O)cc3)coc2=O)c1,1,IC50,6.29,2,CHEMBL304054
NS(=O)(=O)c1ccc(-c2coc(=O)n2-c2ccc(Cl)c(Cl)c2)cc1,1,IC50,6.4,2,CHEMBL304560
CS(=O)(=O)c1ccc(-c2coc(=O)n2-c2ccc(F)cc2)cc1,1,IC50,6.29,2,CHEMBL302771
COc1ccc(-n2c(-c3ccc(S(N)(=O)=O)cc3)coc2=O)cc1,1,IC50,6.68,2,CHEMBL70478
CSc1ccc(-c2cc(C(F)(F)F)nn2-c2ccc(S(N)(=O)=O)c(CO)c2)cc1,1,IC50,6.63,1,CHEMBL357002
NS(=O)(=O)c1ccc(-c2ccsc2-c2ccc(F)cc2)cc1,1,IC50,7.52,1,CHEMBL303688
COC(=O)c1ccc(-c2ccsc2-c2ccc(F)cc2)cc1,0,IC50 (>),4.52,1,CHEMBL303036
O=C(O)Cc1ccc(-c2ccsc2-c2ccc(F)cc2)cc1,0,IC50 (>),4.52,1,CHEMBL302543
C=CCONC1=NC(=O)/C(=C/c2cc(C(C)(C)C)c(O)c(C(C)(C)C)c2)O1,0,IC50,4.58,1,CHEMBL277515
CC(C)(O)c1cc(-c2ccc(S(N)(=O)=O)cc2)c(-c2ccc(F)cc2)s1,1,IC50,6.39,1,CHEMBL308682
NS(=O)(=O)c1ccc(-n2nc(C(F)(F)F)cc2-c2ccc(Cl)cc2)cc1CO,1,IC50,6.15,1,CHEMBL148428
Cc1cccc(-c2cc(C(F)(F)F)nn2-c2ccc(S(N)(=O)=O)c(CO)c2)c1,1,IC50,6.14,1,CHEMBL342770
C[Se](=O)(=O)c1ccc(-c2ccsc2-c2ccc(F)cc2)cc1,1,IC50,6.26,1,CHEMBL69053
NC(=O)c1ccc(-c2ccsc2-c2ccc(F)cc2)cc1,0,IC50 (>),4.52,1,CHEMBL66630
CCSc1ccc(-c2cc(C(F)(F)F)nn2-c2ccc(S(N)(=O)=O)c(CO)c2)cc1,0,IC50,4.29,1,CHEMBL148691
N#Cc1ccc(-c2ccsc2-c2ccc(F)cc2)cc1,0,IC50 (>),4.52,1,CHEMBL294050
CCC1(CC)CC(c2ccc(F)cc2)=C(c2ccc(S(C)(=O)=O)cc2)C1,0,IC50,4.19,1,CHEMBL129215
CSc1ccc(-c2ccsc2-c2ccc(F)cc2)cc1,0,IC50 (>),4.52,1,CHEMBL63286
CS(=O)(=O)c1ccc(-c2sc(Br)cc2-c2ccc(F)cc2)cc1,1,IC50,7.7,1,CHEMBL65155
CC(C)c1cc(-c2ccc(S(N)(=O)=O)cc2)c(-c2ccc(F)cc2)s1,1,IC50,8.0,1,CHEMBL417204
O=C(O)c1ccc(-c2ccsc2-c2ccc(F)cc2)cc1,0,IC50 (>),4.52,1,CHEMBL302663
CC(C)(C)c1cc(/C=C2\NC(=S)NC2=O)cc(C(C)(C)C)c1O,1,IC50,6.58,1,CHEMBL15945
CC(C)(C)c1cc(/C=C2\OC(=O)NC2=O)cc(C(C)(C)C)c1O,0,IC50,4.47,1,CHEMBL48568
CC(C)(O)c1ccc(-c2sccc2-c2ccc(S(N)(=O)=O)cc2)cc1,0,IC50 (>),4.52,1,CHEMBL302687
CCC(=O)OCc1cc(-n2nc(C(F)(F)F)cc2-c2ccc(C)cc2)ccc1S(N)(=O)=O,1,IC50,6.24,1,CHEMBL2112872
CC(C)(C)c1cc(/C=C2\SC(NC#N)=NC2=O)cc(C(C)(C)C)c1O,0,IC50,4.26,1,CHEMBL16048
CS(=O)(=O)c1ccc(-c2ccsc2-c2ccc(F)cc2)cc1,1,IC50,6.6,2,CHEMBL305060
COC(=O)c1cc(-c2ccc(S(N)(=O)=O)cc2)c(-c2ccc(F)cc2)s1,1,IC50,7.16,1,CHEMBL303870
OCc1ccc(-c2ccsc2-c2ccc(F)cc2)cc1,0,IC50 (>),4.52,1,CHEMBL293229
CONC1=NC(=O)/C(=C/c2cc(C(C)C)c(O)c(C(C)C)c2)S1,1,IC50,6.24,1,CHEMBL276506
COc1ccc(-c2cc(C(F)(F)F)nn2-c2ccc(S(N)(=O)=O)c(CO)c2)cc1,1,IC50,6.44,1,CHEMBL148100
Cc1ccc(C2=C(c3ccc(S(C)(=O)=O)cc3)CCC2)cc1,1,IC50,8.52,2,CHEMBL127674
CCS(=O)(=O)c1ccc(-c2ccsc2-c2ccc(F)cc2)cc1,0,IC50 (>),4.52,1,CHEMBL416687
CS(=O)(=O)c1ccc(C2=C(c3ccc(Cl)cc3)CCC2)cc1,1,IC50,8.52,2,CHEMBL340573
COc1ccccc1-c1cc(C(F)(F)F)nn1-c1ccc(S(N)(=O)=O)c(CO)c1,0,IC50,4.54,1,CHEMBL357044
O=Cc1ccc(-c2ccsc2-c2ccc(F)cc2)cc1,0,IC50 (>),4.52,1,CHEMBL302950
CCONC1=NC(=O)/C(=C/c2cc(C(C)(C)C)c(O)c(C(C)(C)C)c2)O1,0,IC50,4.1,1,CHEMBL280471
COC(=O)c1cc(-c2ccc(F)cc2)c(-c2ccc(S(N)(=O)=O)cc2)s1,0,IC50 (>),4.52,1,CHEMBL307983
CC(=O)[N-]S(=O)(=O)c1ccc(-c2c(-c3ccccc3)noc2C)cc1,0,IC50,4.7,1,CHEMBL42077
C/C(=C1/SC(N=C(N)N)=NC1=O)c1cc(C(C)(C)C)c(O)c(C(C)(C)C)c1,0,IC50,4.92,1,CHEMBL278246
CC(=O)c1ccc(-c2ccsc2-c2ccc(F)cc2)cc1,0,IC50 (>),4.52,1,CHEMBL66821
Cc1ccc(-c2cc(C(F)(F)F)nn2-c2ccc(S(N)(=O)=O)c(CO)c2)cc1,1,IC50,6.12,1,CHEMBL357543
CCOc1ccc(-c2cc(C(F)(F)F)nn2-c2ccc(S(N)(=O)=O)c(CO)c2)cc1,1,IC50,6.04,1,CHEMBL146247
CS(=O)(=O)c1ccc(C2=C(c3ccc(C#N)cc3)CCC2)cc1,0,IC50,4.11,1,CHEMBL338105
NS(=O)(=O)c1ccc(-n2nc(C(F)(F)F)cc2-c2ccc(Br)cc2)cc1CO,1,IC50,6.23,1,CHEMBL147607
NS(=O)(=O)c1ccc(-c2sccc2-c2ccc(F)cc2)cc1,1,IC50,6.17,1,CHEMBL67447
C[S+]([O-])c1ccc(-c2ccsc2-c2ccc(F)cc2)cc1,0,IC50 (>),4.52,1,CHEMBL63283
CC(C)(C)c1cc(/C=C2\SC(N=C(N)N)=NC2=O)cc(C(C)(C)C)c1O,0,IC50,4.68,1,CHEMBL16434
CON(C)C1=NC(=O)/C(=C/c2cc(C(C)(C)C)c(O)c(C(C)(C)C)c2)S1,0,IC50,4.75,1,CHEMBL16855
CN1C(NC(=N)N)=NC(=O)/C1=C/c1cc(C(C)(C)C)c(O)c(C(C)(C)C)c1,0,IC50,4.09,1,CHEMBL15904
CS(=O)(=O)c1ccc([C@@H](CO)[C@H](C(=O)O)c2ccccc2)cc1,0,IC50 (>),4.48,1,CHEMBL313048
Cc1cc(=O)c(Oc2ccccc2)c(-c2ccc(S(C)(=O)=O)cc2)o1,1,IC50,6.0,2,CHEMBL127125
C[S+]([O-])c1ccc(-c2nc(C(F)(F)F)cn2-c2ccc(S(C)(=O)=O)cc2)cc1,0,IC50 (>),4.0,1,CHEMBL296318
CCN(CC)C(=O)c1cn(-c2ccc(S(C)(=O)=O)cc2)c(-c2ccc(Cl)cc2)n1,0,IC50 (>),4.0,1,CHEMBL291129
CS(=O)(=O)c1ccc(C2=C(c3ccccc3)C(=O)OC2O[C@@H]2O[C@@H](C(=O)O)[C@@H](O)[C@H](O)[C@@H]2O)cc1,0,IC50 (>),4.48,1,CHEMBL2303696
CS(=O)(=O)c1ccc([C@H]2COC(=O)[C@@H]2c2ccccc2)cc1,0,IC50 (>),4.52,1,CHEMBL313584
Cc1cc(=O)c(-c2ccc(F)cc2)c(-c2ccc(S(N)(=O)=O)cc2)o1,0,IC50 (>),5.0,1,CHEMBL340101
COCc1cccc(-c2nc(C(F)(F)F)cn2-c2ccc(S(C)(=O)=O)cc2)c1,0,IC50,4.17,1,CHEMBL295707
COc1ccc(Oc2c(-c3ccc(S(C)(=O)=O)cc3)oc(C)cc2=O)c(Cl)c1,1,IC50,6.75,2,CHEMBL126369
CS(=O)(=O)c1ccc([C@H]2COC(=O)[C@H]2c2ccccc2)cc1,0,IC50 (>),4.0,1,CHEMBL89392
Cc1ccc(Oc2c(-c3ccc(S(C)(=O)=O)cc3)oc(C)cc2=O)cc1,1,IC50,6.68,2,CHEMBL127868
CS(=O)(=O)c1ccc(-n2cc(C(F)(F)F)nc2-c2cc(F)cc(C(F)(F)F)c2)cc1,0,IC50 (>),4.0,1,CHEMBL43640
CS(=O)(=O)c1ccc(C2=C(c3ccc(O[C@@H]4O[C@@H](C(=O)O)[C@@H](O)[C@H](O)[C@@H]4O)cc3)C(=O)OC2)cc1,0,IC50 (>),4.48,1,CHEMBL2303697
Cc1cn(-c2ccc(F)cc2)c(-c2ccc(S(C)(=O)=O)cc2)n1,0,IC50 (>),4.0,1,CHEMBL43270
CSc1ccc(-c2nc(C(F)(F)F)cn2-c2ccc(S(C)(=O)=O)cc2)cc1Cl,1,IC50,7.4,1,CHEMBL42277
Cc1cc(=O)c(Oc2ccc(Cl)cc2)c(-c2ccc(S(C)(=O)=O)cc2)o1,1,IC50,6.5,2,CHEMBL420351
Cc1ccc(Oc2c(-c3ccc(S(C)(=O)=O)cc3)oc(C)cc2=O)c(Cl)c1,1,IC50,6.62,2,CHEMBL127153
CS(=O)(=O)c1ccc(-n2cc(CN)nc2-c2ccc(Cl)cc2)cc1,0,IC50 (>),4.0,1,CHEMBL294969
Cc1cc(=O)c(Oc2ccc(Br)cc2F)c(-c2ccc(S(C)(=O)=O)cc2)o1,1,IC50,6.82,3,CHEMBL125460
Cc1ccc(Oc2c(-c3ccc(S(C)(=O)=O)cc3)oc(C)cc2=O)c(F)c1,1,IC50,7.22,2,CHEMBL341320
Cc1cc(=O)c(-c2ccc(Cl)c(Cl)c2)c(-c2ccc(S(C)(=O)=O)cc2)o1,1,IC50,6.17,2,CHEMBL127190
Cc1ccc(-c2ncc(Cl)cc2-c2ccc(S(C)(=O)=O)cc2)cn1,1,Ki,7.16,9,CHEMBL416146
CS(=O)(=O)Cc1cn(-c2ccc(S(C)(=O)=O)cc2)c(-c2ccc(Cl)cc2)n1,0,IC50 (>),4.0,1,CHEMBL43217
Cc1cc(=O)c(Oc2ccc(Cl)cc2F)c(-c2ccc(S(C)(=O)=O)cc2)o1,1,IC50,6.7,3,CHEMBL442767
CS(=O)(=O)c1ccc([C@@H](CO)[C@@H](CCC(=O)[O-])c2ccccc2)cc1,0,IC50 (>),4.48,1,CHEMBL327468
Cc1cc(=O)c(Oc2ccc(Cl)cc2C)c(-c2ccc(S(C)(=O)=O)cc2)o1,1,IC50,6.72,2,CHEMBL126991
Cc1ccc(F)cc1-c1nc(C(F)(F)F)cn1-c1ccc(S(C)(=O)=O)cc1,0,IC50 (>),4.0,1,CHEMBL274798
Cc1cccc(Cl)c1-c1nc(C(F)(F)F)cn1-c1ccc(S(C)(=O)=O)cc1,0,IC50 (>),4.0,1,CHEMBL43654
CS(=O)(=O)c1ccc(-n2ccnc2-c2ccccc2)cc1,0,IC50 (>),4.0,1,CHEMBL46637
Cc1cc(=O)c(Oc2ccc(F)cc2F)c(-c2ccc(S(C)(=O)=O)cc2)o1,1,IC50,7.1,3,CHEMBL127211
Cc1cc(=O)c(Oc2ccc(Br)cc2)c(-c2ccc(S(C)(=O)=O)cc2)o1,1,IC50,6.44,2,CHEMBL127514
Cc1cc(=O)c(Oc2ccccc2C)c(-c2ccc(S(C)(=O)=O)cc2)o1,1,IC50,6.77,2,CHEMBL126303
COc1cc(C)c(-c2nc(C(F)(F)F)cn2-c2ccc(S(C)(=O)=O)cc2)cc1C,0,IC50,4.91,1,CHEMBL42074
Cc1cc(=O)c(Oc2ccc(F)cc2C)c(-c2ccc(S(C)(=O)=O)cc2)o1,1,IC50,6.75,2,CHEMBL129640
CS(=O)(=O)c1ccc(-n2cc(COc3ccc(Cl)cc3)nc2-c2ccc(Cl)cc2)cc1,1,IC50,7.52,1,CHEMBL441236
CS(=O)(=O)c1ccc(-n2cc(CSc3ccc(Cl)cc3)nc2-c2ccc(Cl)cc2)cc1,1,IC50,7.3,1,CHEMBL298084
Cc1cc(=O)c(Oc2ccc(F)cc2)c(-c2ccc(S(C)(=O)=O)cc2)o1,1,IC50,6.01,3,CHEMBL127084
Cc1cc(=O)c(Oc2ccc(Br)cc2Cl)c(-c2ccc(S(C)(=O)=O)cc2)o1,1,IC50,6.51,2,CHEMBL338457
COC(=O)c1ccc(Oc2c(-c3ccc(S(C)(=O)=O)cc3)oc(C)cc2=O)cc1,0,IC50 (>),5.0,1,CHEMBL339355
Cc1cc(=O)c(-c2ccc3c(c2)CCCC3)c(-c2ccc(S(C)(=O)=O)cc2)o1,0,IC50 (>),5.0,1,CHEMBL338371
Cc1cc(=O)c(Oc2ccc(I)cc2)c(-c2ccc(S(C)(=O)=O)cc2)o1,1,IC50,6.39,2,CHEMBL126683
Cc1cc(=O)c(Oc2ccc(C(F)(F)C(F)(F)F)cc2)c(-c2ccc(S(C)(=O)=O)cc2)o1,0,IC50 (>),5.0,1,CHEMBL126743
CS(=O)(=O)c1ccc(-n2cc(C(=O)O)nc2-c2ccc(Cl)cc2)cc1,0,IC50 (>),4.0,1,CHEMBL295654
CS(=O)(=O)c1ccc(C2=C(c3ccccc3)C(=O)N(c3ccccc3F)C2)cc1,1,IC50,6.05,1,CHEMBL298762
C[C@H](CO)Sc1ncc(C(F)(F)F)cc1-c1ccc(S(C)(=O)=O)cc1,1,IC50,6.85,1,CHEMBL296370
CS(=O)(=O)c1ccc(C2=C(c3ccccc3)C(=O)N(c3ccccc3)C2)cc1,1,IC50,6.55,1,CHEMBL49775
CS(=O)(=O)c1ccc(-c2ncoc2-c2ccc(F)cc2)cc1,0,IC50 (>),4.52,1,CHEMBL170591
CS(=O)(=O)c1ccc(-c2nnnn2-c2ccc(F)c(F)c2)cc1,0,IC50 (>),4.52,1,CHEMBL443819
CS(=O)(=O)c1ccc(-c2csc(Br)c2-c2ccc(F)cc2)cc1,1,IC50,7.82,4,CHEMBL328837
CS(=O)(=O)c1ccc(C2=C(c3ccccc3)C(=O)N(c3ccc(F)cc3)C2)cc1,1,IC50,6.46,1,CHEMBL48332
CS(=O)(=O)c1ccc(-c2ocnc2-c2ccc(F)cc2)cc1,0,IC50 (>),4.52,1,CHEMBL171360
COc1ccc(C2=C(c3ccc(S(C)(=O)=O)cc3)CN(c3ccccc3)C2=O)cc1,1,IC50,6.47,1,CHEMBL300021
COc1ccc(C2=C(c3ccc(S(C)(=O)=O)cc3)CN(c3ccccc3Cl)C2=O)cc1,1,IC50,6.66,1,CHEMBL49056
CS(=O)(=O)c1ccc(-c2c(-c3ccc(F)cc3)csc2CC(=O)O)cc1,0,IC50 (>),5.0,1,CHEMBL174009
CS(=O)(=O)c1ccc(C2=C(c3ccc(F)cc3)C(=O)N(c3ccccc3F)C2)cc1,1,IC50,6.5,1,CHEMBL300047
CS(=O)(=O)c1ccc(-c2cscc2-c2ccc(F)cc2)cc1,1,IC50,7.1,2,CHEMBL319306
CS(=O)(=O)c1ccc(-c2csc(CC(=O)O)c2-c2ccc(F)cc2)cc1,0,IC50 (>),5.0,1,CHEMBL355781
CS(=O)(=O)c1ccc(C2=C(c3ccccc3)C(=O)N(c3ccc(C(F)(F)F)cc3)C2)cc1,1,IC50,6.01,1,CHEMBL297177
CS(=O)(=O)c1ccc(-c2cc(C(F)(F)F)cnc2N2CCCC(CO)C2)cc1,1,IC50,6.1,1,CHEMBL49394
CS(=O)(=O)c1ccc(-c2cc(C(F)(F)F)cnc2OCc2ccc(Cl)cc2)cc1,0,IC50 (>),4.48,1,CHEMBL46171
CC(C)(O)COc1ncc(C(F)(F)F)cc1-c1ccc(S(C)(=O)=O)cc1,1,IC50,6.41,2,CHEMBL49319
CS(=O)(=O)c1ccc(-c2cc(C(F)(F)F)cnc2OC(C(F)(F)F)C(F)(F)F)cc1,1,IC50,6.3,1,CHEMBL49918
CS(=O)(=O)c1ccc(C2=C(c3ccc(F)cc3)C(=O)N(c3ccc(C(F)(F)F)cc3)C2)cc1,1,IC50,6.02,1,CHEMBL49011
CS(=O)(=O)c1ccc(-c2[nH]nnc2-c2ccccc2)cc1,0,IC50 (>),4.52,1,CHEMBL173961
CS(=O)(=O)c1ccc(C2=C(c3ccccc3)C(=O)N(c3cccc(Cl)c3)C2)cc1,1,IC50,6.0,1,CHEMBL49114
CS(=O)(=O)c1ccc(C2=C(c3ccc(F)c(F)c3)C(=O)N(c3ccccc3)C2)cc1,1,IC50,6.0,1,CHEMBL299765
CS(=O)(=O)c1ccc(-c2[nH]cnc2-c2ccc(F)cc2)cc1,0,IC50 (>),4.52,1,CHEMBL43165
CS(=O)(=O)c1ccc(-n2nnnc2-c2ccc(F)c(F)c2)cc1,0,IC50 (>),4.52,1,CHEMBL366886
CS(=O)(=O)c1ccc(-c2c(-c3ccc(F)cc3)csc2Br)cc1,0,IC50 (>),4.52,2,CHEMBL97935
CS(=O)(=O)c1ccc(-c2cc(C(F)(F)F)cnc2OCC(F)(F)F)cc1,1,IC50,6.3,1,CHEMBL48671
COc1ccc(C2=C(c3ccc(S(C)(=O)=O)cc3)CN(c3cccc(F)c3)C2=O)cc1,1,IC50,6.55,1,CHEMBL301582
C[C@H](Oc1ncc(C(F)(F)F)cc1-c1ccc(S(C)(=O)=O)cc1)C(C)(C)O,1,IC50,6.34,1,CHEMBL47294
CC(C)(O)c1scc(-c2ccc(F)cc2)c1-c1ccc(S(C)(=O)=O)cc1,0,IC50 (>),4.52,1,CHEMBL367885
CS(=O)(=O)c1ccc(C2=C(c3ccc(F)cc3)C3CCC2C3)cc1,0,IC50,4.52,1,CHEMBL355771
CS(=O)(=O)c1ccc(-c2oc(=O)oc2-c2ccccc2)cc1,0,IC50 (>),4.52,1,CHEMBL170639
COc1ccc(C2=C(c3ccc(S(C)(=O)=O)cc3)CN(c3ccc(F)cc3)C2=O)cc1,1,IC50,6.52,1,CHEMBL45886
CC(C)(O)CSc1ncc(C(F)(F)F)cc1-c1ccc(S(C)(=O)=O)cc1,1,IC50,6.16,1,CHEMBL300710
Cc1ccc(N2CC(c3ccc(S(C)(=O)=O)cc3)=C(c3ccccc3)C2=O)cc1,1,IC50,6.0,1,CHEMBL48758
CS(=O)(=O)c1ccc(C2=C(c3ccc(F)cc3)C(=O)N(c3ccccc3)C2)cc1,1,IC50,6.51,1,CHEMBL298356
CCCCCOC(=O)Cc1c(C)n(C(=O)c2ccc(Cl)cc2)c2ccc(OC)cc12,1,IC50,7.3,1,CHEMBL99199
CCOc1cccc(NC(=O)Cc2c(C)n(C(=O)c3ccc(Cl)cc3)c3ccc(OC)cc23)c1,1,IC50,6.19,1,CHEMBL319766
COc1ccc2c(c1)c(CC(=O)NCCc1ccccc1)c(C)n2Cc1ccc(Br)cc1,0,IC50 (>),4.18,1,CHEMBL319999
COc1ccc2c(c1)c(CC(=O)OCCN1CCOCC1)c(C)n2C(=O)c1ccc(Cl)cc1,1,IC50,6.17,1,CHEMBL97040
COC(=O)[C@H](C)NC(=O)Cc1c(C)n(C(=O)c2ccc(Cl)cc2)c2ccc(OC)cc12,1,IC50,6.72,1,CHEMBL2112399
COc1ccc2c(c1)c(CC(=O)N[C@@H](C)c1ccc(C)cc1)c(C)n2C(=O)c1ccc(Cl)cc1,1,IC50,6.7,1,CHEMBL319578
COc1ccc2c(c1)c(CC(=O)Nc1cccnc1)c(C)n2C(=O)c1ccc(Cl)cc1,1,IC50,7.28,1,CHEMBL329480
CCCCCCCCOC(=O)Cc1c(C)n(C(=O)c2ccc(Cl)cc2)c2ccc(OC)cc12,1,IC50,7.05,1,CHEMBL97411
COc1ccc2c(c1)c(CC(=O)N1CCCCC1)c(C)n2C(=O)c1ccc(Cl)cc1,0,IC50 (>),4.77,1,CHEMBL95052
COc1ccc2c(c1)c(CC(=O)Nc1ccc(NC(C)=O)cc1)c(C)n2C(=O)c1ccc(Cl)cc1,1,IC50,6.92,1,CHEMBL95469
CCCCCCCOC(=O)Cc1c(C)n(C(=O)c2ccc(Cl)cc2)c2ccc(OC)cc12,1,IC50,7.4,1,CHEMBL330194
COc1ccc2c(c1)c(CC(=O)N1CCOCC1)c(C)n2C(=O)c1ccc(Cl)cc1,0,IC50 (>),4.48,1,CHEMBL72631
CCCCCCOC(=O)Cc1c(C)n(C(=O)c2ccc(Cl)cc2)c2ccc(OC)cc12,1,IC50,7.22,1,CHEMBL100092
COc1ccc2c(c1)c(CC(=O)NCCO)c(C)n2C(=O)c1ccc(Cl)cc1,1,IC50,6.8,2,CHEMBL24415
COc1ccc2c(c1)c(CC(=O)NCc1ccc(C)cc1)c(C)n2C(=O)c1ccc(Cl)cc1,1,IC50,7.22,1,CHEMBL317332
CCn1nccc1NC(=O)Cc1c(C)n(C(=O)c2ccc(Cl)cc2)c2ccc(OC)cc12,1,IC50,6.16,1,CHEMBL317321
COc1ccc2c(c1)c(CC(=O)OC1CCCCC1)c(C)n2C(=O)c1ccc(Cl)cc1,1,IC50,6.92,1,CHEMBL318410
CCCC/C=C/COC(=O)Cc1c(C)n(C(=O)c2ccc(Cl)cc2)c2ccc(OC)cc12,1,IC50,7.3,1,CHEMBL95989
CCCCCCCCNC(=O)Cc1c(C)n(C(=O)c2ccc(Cl)cc2)c2ccc(OC)cc12,1,IC50,7.4,1,CHEMBL100331
COc1ccc2c(c1)c(CC(=O)Nc1ccc(SC)cc1)c(C)n2C(=O)c1ccc(Cl)cc1,1,IC50,6.92,1,CHEMBL96011
CS(=O)(=O)c1ccc(C2=C(c3cc(F)c(F)c(F)c3)CCC2)cc1,0,IC50 (>),4.0,1,CHEMBL358140
COc1ccc2c(c1)c(CC(=O)Nc1cncc(Cl)c1)c(C)n2C(=O)c1ccc(Cl)cc1,1,IC50,7.33,1,CHEMBL98514
COc1ccc2c(c1)c(CC(=O)Nc1ccc(Cl)cc1)c(C)n2C(=O)c1ccc(Cl)cc1,1,IC50,7.26,1,CHEMBL265078
CCN(CC)C(=O)Cc1c(C)n(C(=O)c2ccc(Cl)cc2)c2ccc(OC)cc12,0,IC50,4.6,1,CHEMBL327510
CCC#CCC(C)OC(=O)Cc1c(C)n(C(=O)c2ccc(Cl)cc2)c2ccc(OC)cc12,1,IC50,6.92,1,CHEMBL318053
COc1ccc2c(c1)c(CC(=O)OCCNC(=O)OC(C)(C)C)c(C)n2C(=O)c1ccc(Cl)cc1,1,IC50,7.35,1,CHEMBL433160
COc1ccc2c(c1)c(CC(=O)OCCc1ccccc1)cn2C(=O)c1ccc(Cl)cc1,0,IC50 (>),4.18,1,CHEMBL95640
COc1ccc2c(c1)c(CC(=O)OC(C)C)c(C)n2C(=O)c1ccc(Cl)cc1,1,IC50,6.6,1,CHEMBL329052
COc1ccc2c(c1)c(CC(=O)Nc1cccnc1Cl)c(C)n2C(=O)c1ccc(Cl)cc1,1,IC50,7.3,1,CHEMBL319148
COc1ccc(OC(=O)Cc2c(C)n(C(=O)c3ccc(Cl)cc3)c3ccc(OC)cc23)cc1,1,IC50,7.4,1,CHEMBL316866
COc1ccc2c(c1)c(CC(=O)Nc1ccc(C(N)=O)cc1)c(C)n2C(=O)c1ccc(Cl)cc1,1,IC50,6.85,1,CHEMBL327751
COc1ccc2c(c1)c(CC(=O)NOCc1ccc([N+](=O)[O-])cc1)c(C)n2C(=O)c1ccc(Cl)cc1,1,IC50,7.22,1,CHEMBL319359
CNC(=O)Cc1c(C)n(C(=O)c2ccc(Cl)cc2)c2ccc(OC)cc12,1,IC50,6.16,1,CHEMBL318495
COC(=O)Cc1ccc(NC(=O)Cc2c(C)n(C(=O)c3ccc(Cl)cc3)c3ccc(OC)cc23)cc1,1,IC50,7.24,1,CHEMBL95558
COc1ccc2c(c1)c(CC(=O)Nc1cc(C)c(C(=O)Nc3ccccc3)cc1OC)c(C)n2C(=O)c1ccc(Cl)cc1,1,IC50,6.22,1,CHEMBL97219
COc1ccc2c(c1)c(CC(=O)NCCOC(=O)/C=C/c1ccc(N(C)C)cc1)c(C)n2C(=O)c1ccc(Cl)cc1,1,IC50,6.72,1,CHEMBL95380
COc1ccc2c(c1)c(CC(=O)OCCc1ccccc1)c(C)n2Cc1ccc(Br)cc1,0,IC50 (>),4.18,1,CHEMBL316484
COc1ccc2c(c1)c(CC(=O)NCCCCl)c(C)n2C(=O)c1ccc(Cl)cc1,1,IC50,7.3,1,CHEMBL319764
COc1ccc2c(c1)c(CC(=O)NCc1ccccc1C)c(C)n2C(=O)c1ccc(Cl)cc1,1,IC50,6.82,1,CHEMBL95572
COc1ccc2c(c1)c(CC(=O)Oc1ccc(NC(C)=O)cc1)c(C)n2C(=O)c1ccc(Cl)cc1,1,IC50,7.3,1,CHEMBL97562
COc1ccc2c(c1)c(CC(=O)NOCc1ccccc1)c(C)n2C(=O)c1ccc(Cl)cc1,1,IC50,7.3,1,CHEMBL421385
COc1ccc2c(c1)c(CC(=O)Nc1ccc(-c3ccccc3)cc1)c(C)n2C(=O)c1ccc(Cl)cc1,1,IC50,6.3,1,CHEMBL329292
COc1ccc2c(c1)c(CC(=O)N(C)CCc1ccccc1)c(C)n2C(=O)c1ccc(Cl)cc1,0,IC50 (>),4.77,1,CHEMBL97042
COc1ccc2c(c1)c(CC(=O)Oc1ccc(SC)cc1)c(C)n2C(=O)c1ccc(Cl)cc1,1,IC50,6.52,1,CHEMBL96057
COc1ccc(NC(=O)Cc2c(C)n(C(=O)c3ccc(Cl)cc3)c3ccc(OC)cc23)cc1,1,IC50,7.25,1,CHEMBL97846
CCOC(=O)Cc1c(C)n(C(=O)c2ccc(Cl)cc2)c2ccc(OC)cc12,1,IC50,7.0,1,CHEMBL328864
COc1ccc2c(c1)c(CC(=O)N[C@H](C)c1ccc(C)cc1)c(C)n2C(=O)c1ccc(Cl)cc1,1,IC50,7.22,1,CHEMBL318206
COc1ccc2c(c1)c(CC(=O)Nc1ccc(F)cc1)c(C)n2C(=O)c1ccc(Cl)cc1,1,IC50,7.22,1,CHEMBL421570
CS(=O)(=O)c1ccc(C2=C(c3ccc(F)c(C(F)(F)F)c3)CCC2)cc1,0,IC50 (>),4.0,1,CHEMBL423004
CCCCC#CCOC(=O)Cc1c(C)n(C(=O)c2ccc(Cl)cc2)c2ccc(OC)cc12,1,IC50,6.6,1,CHEMBL95988
COc1ccc2c(c1)c(CC(=O)Oc1ccccc1)c(C)n2C(=O)c1ccc(Cl)cc1,1,IC50,6.4,2,CHEMBL319825
COc1ccc2c(c1)c(CC(=O)Oc1cccnc1)c(C)n2C(=O)c1ccc(Cl)cc1,1,IC50,7.3,1,CHEMBL96954
CCCCCCCCCNC(=O)Cc1c(C)n(C(=O)c2ccc(Cl)cc2)c2ccc(OC)cc12,1,IC50,7.4,1,CHEMBL95402
COc1ccc2c(c1)c(CC(=O)Oc1ccccc1SC)c(C)n2C(=O)c1ccc(Cl)cc1,1,IC50,7.22,1,CHEMBL95625
COc1ccc2c(c1)c(CC(=O)N(C)C)c(C)n2C(=O)c1ccc(Cl)cc1,0,IC50,4.75,1,CHEMBL97834
COc1ccc2c(c1)c(CC(=O)NCCc1ccccc1)c(C)n2C(=O)c1ccc(Cl)cc1,1,IC50,7.22,2,CHEMBL95311
COc1ccc2c(c1)c(CC(N)=O)c(C)n2C(=O)c1ccc(Cl)cc1,1,IC50,6.16,1,CHEMBL95921
COc1ccc2c(c1)c(CC(=O)NCc1ccc(C(C)=O)cc1)c(C)n2C(=O)c1ccc(Cl)cc1,1,IC50,7.1,1,CHEMBL330162
COc1ccc2c(c1)c(CC(=O)Nc1cccc(SC)c1)c(C)n2C(=O)c1ccc(Cl)cc1,1,IC50,6.66,1,CHEMBL330381
CCCCOC(=O)Cc1c(C)n(C(=O)c2ccc(Cl)cc2)c2ccc(OC)cc12,1,IC50,7.3,1,CHEMBL97179
COc1ccc2c(c1)c(CC(=O)OCCc1ccccc1)c(C)n2C(=O)c1ccc(Cl)cc1,1,IC50,7.4,2,CHEMBL95643
COc1ccc2c(c1)c(CC(=O)OCCC1CCCCC1)c(C)n2C(=O)c1ccc(Cl)cc1,1,IC50,6.0,1,CHEMBL95479
CCCCOCCOC(=O)Cc1c(C)n(C(=O)c2ccc(Cl)cc2)c2ccc(OC)cc12,1,IC50,7.22,1,CHEMBL100091
COc1ccc2c(c1)c(CC(=O)NCCc1ccccc1)cn2C(=O)c1ccc(Cl)cc1,0,IC50 (>),4.18,1,CHEMBL97130
COc1ccc2c(c1)c(CC(=O)Oc1ccc(F)cc1)c(C)n2C(=O)c1ccc(Cl)cc1,1,IC50,7.12,1,CHEMBL318881
COC(=O)[C@@H](C)NC(=O)Cc1c(C)n(C(=O)c2ccc(Cl)cc2)c2ccc(OC)cc12,1,IC50,6.4,1,CHEMBL2111594
COC(=O)Cc1c(C)n(C(=O)c2ccc(Cl)cc2)c2ccc(OC)cc12,1,IC50,6.6,1,CHEMBL73572
CCCOC(=O)Cc1c(C)n(C(=O)c2ccc(Cl)cc2)c2ccc(OC)cc12,1,IC50,7.0,1,CHEMBL99933
CS(=O)(=O)c1ccc(-c2[nH]c(Cl)c(Cl)c2-c2ccc(F)cc2)cc1,0,IC50,4.16,1,CHEMBL338914
CC(C)(C)OC(=O)n1c(Br)cc(-c2ccc(F)cc2)c1-c1ccc(S(C)(=O)=O)cc1,0,IC50 (>),3.52,1,CHEMBL339222
CCCCc1cc(-c2ccccc2)n(-c2ccc(S(C)(=O)=O)cc2)n1,0,IC50 (>),5.0,1,CHEMBL165946
CC(c1cc2ccccc2s1)N(O)C(N)=O,0,IC50 (>),5.0,1,CHEMBL93
CS(=O)(=O)c1ccc(-c2[nH]c(Br)cc2-c2ccc(F)cc2)cc1,0,IC50,4.4,1,CHEMBL126418
CS(=O)(=O)c1ccc(-c2[nH]c(I)cc2-c2ccc(F)cc2)cc1,0,IC50,4.04,1,CHEMBL127120
CC1C(c2ccc(F)cc2)=C(c2ccc(S(C)(=O)=O)cc2)ON1C,1,IC50,7.5,1,CHEMBL322240
CS(=O)(=O)c1ccc(-c2[nH]c([N+](=O)[O-])cc2-c2ccc(F)cc2)cc1,0,IC50,4.2,1,CHEMBL339890
CS(=O)(=O)c1ccc(-c2[nH]ccc2-c2ccc(F)cc2)cc1,0,IC50,4.9,1,CHEMBL339301
CS(=O)(=O)c1ccc(-c2[nH]c(Cl)cc2-c2ccc(F)cc2)cc1,0,IC50,4.38,1,CHEMBL340717
CS(=O)(=O)c1ccc(-c2[nH]c(I)c(I)c2-c2ccc(F)cc2)cc1,0,IC50 (>),3.52,1,CHEMBL126967
CS(=O)(=O)c1ccc(-c2[nH]c(SC#N)cc2-c2ccc(F)cc2)cc1,0,IC50,4.14,1,CHEMBL126345
Cc1noc(-c2ccc(S(C)(=O)=O)cc2)c1-c1ccc(F)cc1,0,IC50 (>),4.0,1,CHEMBL329716
CN1CC(c2ccccc2)=C(c2ccc(S(C)(=O)=O)cc2)O1,0,IC50 (>),4.0,1,CHEMBL442760
CS(=O)(=O)c1ccc(-c2noc(C(F)(F)F)c2-c2ccccc2)cc1,1,IC50,6.0,1,CHEMBL97943
CSc1cc(-c2ccc(F)cc2)c(-c2ccc(S(C)(=O)=O)cc2)[nH]1,0,IC50,4.46,1,CHEMBL341298
CS(=O)(=O)c1ccc(-c2[nH]c(C#N)cc2-c2ccc(F)cc2)cc1,0,IC50,4.19,1,CHEMBL419777
CS(=O)(=O)c1ccc(-c2[nH]c(S(C)(=O)=O)cc2-c2ccc(F)cc2)cc1,0,IC50,4.04,1,CHEMBL338126
CCOC(=O)c1cc(-c2ccccc2)n(-c2ccc(S(C)(=O)=O)cc2)n1,0,IC50 (>),5.0,1,CHEMBL164393
Cc1cc(-c2ccccc2)n(-c2ccc(S(C)(=O)=O)cc2)n1,0,IC50 (>),5.0,1,CHEMBL349518
CS(=O)(=O)c1ccc(-c2[nH]c(Cl)c(Br)c2-c2ccc(F)cc2)cc1,0,IC50,4.06,1,CHEMBL339221
COC1(c2cc(F)cc(OCc3cc(-c4ccccc4)n(-c4ccc(S(C)(=O)=O)cc4)n3)c2)CCOCC1,1,IC50,7.3,2,CHEMBL423638
Cn1c(Br)cc(-c2ccc(F)cc2)c1-c1ccc(S(C)(=O)=O)cc1,0,IC50,4.45,1,CHEMBL129861
Cn1ccc(-c2ccc(F)cc2)c1-c1ccc(S(C)(=O)=O)cc1,0,IC50,4.7,1,CHEMBL129308
Cn1c(Cl)c(Cl)c(-c2ccc(F)cc2)c1-c1ccc(S(C)(=O)=O)cc1,0,IC50,4.6,1,CHEMBL127494
Cn1c(Br)c(Br)c(-c2ccc(F)cc2)c1-c1ccc(S(C)(=O)=O)cc1,0,IC50,4.25,1,CHEMBL127203
CC1C(c2ccccc2)=C(c2ccc(S(C)(=O)=O)cc2)ON1C,1,IC50,8.38,1,CHEMBL444805
CC[C@]1(C)OC(=O)C(OC(C)C)=C1c1ccc(S(C)(=O)=O)cc1,1,IC50,6.4,2,CHEMBL443278
NS(=O)(=O)c1ccc(-c2cscc2-c2ccc(F)cc2)cc1,1,IC50,8.1,1,CHEMBL316823
COc1ccc(-c2cscc2-c2ccc(S(N)(=O)=O)cc2)cc1F,1,IC50,8.05,1,CHEMBL97874
COc1ccc(-c2cscc2-c2ccc(S(C)(=O)=O)cc2)cc1,1,IC50,7.3,1,CHEMBL98903
CC(C)OC1=C(c2ccc(S(C)(=O)=O)cc2)C(C)(C)OC1=O,1,IC50,6.52,2,CHEMBL10345
COc1ccc(-c2cscc2-c2ccc(S(C)(=O)=O)cc2)cc1F,1,IC50,7.52,1,CHEMBL100422
CS(=O)(=O)c1ccc(-c2c(Br)sc(Br)c2-c2ccc(F)cc2)cc1,1,IC50,6.16,1,CHEMBL319072
CC[C@@]1(C)OC(=O)C(OC(C)C)=C1c1ccc(S(C)(=O)=O)cc1,1,IC50,6.3,1,CHEMBL111904
COc1ccc2c(c1)c(Cc1nc(-c3ccc([N+](=O)[O-])cc3)cs1)c(C)n2C(=O)c1ccc(Cl)cc1,1,IC50,7.92,1,CHEMBL282415
COc1ccc2c(c1)c(Cc1nc(-c3ccc([N+](=O)[O-])cc3)cs1)c(C)n2C(=O)c1ccc(Br)cc1,1,IC50,8.15,1,CHEMBL26829
COc1ccc2c(c1)c(Cc1nc(-c3ccc(Br)cc3)cs1)c(C)n2C(=O)c1ccc(Cl)cc1,1,IC50,9.52,1,CHEMBL423296
COc1ccc2c(c1)c(Cc1nc(-c3ccc4ccccc4c3)cs1)c(C)n2C(=O)c1ccc(Cl)cc1,1,IC50,8.15,1,CHEMBL282015
CCCCCCCCCCCCCCCc1cccc(O)c1CSc1nc2cc(OC)ccc2[nH]1,1,IC50,6.0,2,CHEMBL347705
CCCCCCCCCCCCCCCc1cccc(OCC)c1CSc1nc2ccccc2s1,0,IC50 (>),5.0,1,CHEMBL351436
CCCCCCCCCCCCCCCc1cccc(OCC)c1CSc1nc2ccccc2o1,0,IC50 (>),5.0,1,CHEMBL347697
COc1ccc2c(c1)c(Cc1csc(N)n1)c(C)n2C(=O)c1ccc(Cl)cc1,1,IC50,6.41,1,CHEMBL24687
COc1ccc2c(c1)c(Cc1nc(-c3ccc(Cl)cc3)cs1)c(C)n2C(=O)c1ccc(Br)cc1,1,IC50,8.15,1,CHEMBL28220
COc1ccc2c(c1)c(Cc1nc(-c3cccc(Br)c3)cs1)c(C)n2C(=O)c1ccc(Cl)cc1,1,IC50,8.1,1,CHEMBL24407
COc1ccc2c(c1)c(Cc1nc(-c3csc4ccccc34)cs1)c(C)n2C(=O)c1ccc(Cl)cc1,1,IC50,9.0,1,CHEMBL28155
COc1ccc2c(c1)c(Cc1nc(-c3ccc(Cl)cc3)cs1)c(C)n2C(=O)c1ccc(Cl)cc1,1,IC50,7.85,1,CHEMBL27875
CCCCCCCCCCCCCCCc1cccc(OCC)c1CSc1nc2cc(OC(F)F)ccc2[nH]1,0,IC50 (>),5.0,1,CHEMBL160295
CCCCCCCCCCCCCCCc1cccc(OCC)c1CSc1nc2cc(C)ccc2[nH]1,0,IC50 (>),5.0,1,CHEMBL158733
COc1ccc2c(c1)c(Cc1nc(-c3ccc(C(=O)O)cc3)cs1)c(C)n2C(=O)c1ccc(Cl)cc1,1,IC50,6.92,1,CHEMBL281513
CS(=O)(=O)c1ccc(C2=C(c3ccc(C(F)(F)F)cc3)CC3(CC3)C2)cc1,1,IC50,8.7,1,CHEMBL329999
CCCCCCCCCCCCCCCc1cccc(OC)c1CSc1nc2cc(OC(F)F)ccc2[nH]1,0,IC50 (>),5.0,1,CHEMBL160178
COc1ccc2c(c1)c(Cc1nc(-c3ccc(F)cc3)cs1)c(C)n2C(=O)c1ccc(Cl)cc1,1,IC50,7.92,1,CHEMBL283660
NS(=O)(=O)c1ccc(C2=C(c3ccc(C(F)(F)F)cc3)CC3(CC3)C2)cc1,1,IC50,9.0,1,CHEMBL330314
CCCCCCCCCCCCCCCc1cccc(OC)c1CSc1nc2ccccc2[nH]1,0,IC50 (>),5.0,1,CHEMBL160820
CS(=O)(=O)c1ccc(C2=C(c3ccc(F)cc3)CC3(CCCCC3)C2)cc1,0,IC50 (>),4.0,2,CHEMBL328146
CCCCCCCCCCCCCCCc1cccc(OC)c1CSc1nc2cc(OC)ccc2[nH]1,0,IC50 (>),5.0,1,CHEMBL160418
COc1ccc2c(c1)c(Cc1nc(-c3ccc(Br)cc3)cs1)c(C)n2C(=O)c1ccc(Br)cc1,1,IC50,7.52,1,CHEMBL27982
CCc1cc(/C=C/S(N)(=O)=O)cc(C(=O)c2ccccc2)c1,0,IC50,4.92,1,CHEMBL151128
COc1ccc(-c2ccccc2-c2ccc(S(C)(=O)=O)cc2)cc1Cl,0,IC50,4.94,1,CHEMBL299567
CSc1ccc(-c2cc(C(F)(F)F)nn2-c2ccc(S(N)(=O)=O)cc2)cc1,1,IC50,8.05,2,CHEMBL283178
CCc1ccc(-c2cc(C(F)(F)F)nn2-c2ccc(S(N)(=O)=O)cc2)cc1,1,IC50,6.07,2,CHEMBL28801
NS(=O)(=O)c1ccc(-n2nc(C(F)(F)F)cc2-c2ccc(CO)cc2)cc1,0,IC50,4.03,2,CHEMBL745
CS(=O)(=O)c1ccc(-c2cc3c(cc2-c2ccc(F)cc2)OCO3)cc1,1,IC50,7.08,1,CHEMBL298729
CN(C)c1ccccc1-c1cc(C(F)(F)F)nn1-c1ccc(S(N)(=O)=O)cc1,0,IC50,4.84,2,CHEMBL27733
Cc1ccc(-c2cc(F)c(F)cc2-c2ccc(S(N)(=O)=O)cc2)nc1,1,IC50,6.48,1,CHEMBL54619
Cc1ccc(-c2cc(F)c(F)cc2-c2ccc(S(C)(=O)=O)cc2)cn1,1,IC50,6.77,1,CHEMBL299251
NS(=O)(=O)c1ccc(-n2nc(C(F)(F)F)c(F)c2-c2ccccc2)cc1,1,IC50,8.77,2,CHEMBL29766
Cc1cc(-c2ccccc2)n(-c2ccc(S(N)(=O)=O)cc2)n1,0,IC50,4.2,2,CHEMBL29492
COc1c(Cl)cc(-c2cc(F)c(F)cc2-c2ccc(S(C)(=O)=O)cc2)cc1Cl,0,IC50 (>),4.0,1,CHEMBL55224
N#Cc1nn(-c2ccc(S(N)(=O)=O)cc2)c(-c2ccc(Cl)cc2)c1Cl,1,IC50,8.0,2,CHEMBL29840
CSc1ccc(-c2cc(C(F)(F)F)nn2-c2ccc(S(N)(=O)=O)cc2)cc1C,1,IC50,8.43,2,CHEMBL28913
Cc1ccc(-c2cc(F)c(F)cc2-c2ccc(S(N)(=O)=O)cc2)cn1,1,IC50,7.29,1,CHEMBL292413
CS(=O)(=O)c1cnn(-c2ccc(S(N)(=O)=O)cc2)c1-c1ccc(Cl)cc1,0,IC50,4.7,2,CHEMBL281001
Nc1cnn(-c2ccc(S(N)(=O)=O)cc2)c1-c1ccccc1,0,IC50,4.53,2,CHEMBL28487
COc1ccc(-c2ccccc2-c2ccc(S(C)(=O)=O)cc2)cc1F,0,IC50 (>),4.0,1,CHEMBL54605
CS(=O)(=O)c1ccc(-c2c(F)c(F)c(F)c(F)c2-c2ccc(F)cc2)cc1,0,IC50 (>),4.0,1,CHEMBL54367
Cc1ccc(-c2cc(F)c(F)cc2-c2ccc(S(C)(=O)=O)cc2)nc1,0,IC50,4.28,1,CHEMBL292607
Cc1cnn(-c2ccc(S(N)(=O)=O)cc2)c1-c1ccccc1,0,IC50,4.33,2,CHEMBL280573
CN(C)c1ccc(-c2cc(C(F)(F)F)nn2-c2ccc(S(N)(=O)=O)cc2)cc1F,1,IC50,8.24,2,CHEMBL29899
CS(=O)(=O)c1ccc(-c2nccnc2-c2ccc(F)cc2)cc1,0,IC50 (>),4.0,2,CHEMBL55189
CS(=O)(=O)c1ccc(-c2cc3ccccc3cc2-c2ccc(F)cc2)cc1,0,IC50 (>),4.0,1,CHEMBL294650
CC(C)(C)c1cc(-c2nnc(S)o2)cc(C(C)(C)C)c1O,0,IC50,4.33,1,CHEMBL276916
CCCSc1nnc(-c2cc(C(C)(C)C)c(O)c(C(C)(C)C)c2)s1,0,IC50,4.0,1,CHEMBL275838
CC(C)(C)c1cc(-c2nnc(SCCC(=O)O)s2)cc(C(C)(C)C)c1O,0,IC50 (>),4.7,1,CHEMBL16753
CCCSc1nnc(-c2cc(C(C)C)c(O)c(C(C)C)c2)s1,0,IC50 (>),4.7,1,CHEMBL278040
CCCSc1nnc(-c2cc(C(C)(C)C)c(O)c(C(C)(C)C)c2)o1,0,IC50 (>),4.7,1,CHEMBL276526
CC(C)(C)c1cc(-c2nnc(SCCN)s2)cc(C(C)(C)C)c1O,0,IC50,4.39,1,CHEMBL274271
CC(C)Sc1nnc(-c2cc(C(C)(C)C)c(O)c(C(C)(C)C)c2)s1,0,IC50 (>),4.7,1,CHEMBL16674
COc1nc(-c2cc(C(C)(C)C)c(O)c(C(C)(C)C)c2)ns1,0,IC50,4.0,1,CHEMBL276739
CS(=O)(=O)c1ccc(-c2sc3nc(C(F)(F)F)nn3c2-c2ccccc2)cc1,1,IC50,8.52,2,CHEMBL156482
CC(C)c1nc2sc(-c3ccc(S(C)(=O)=O)cc3)c(-c3ccccc3)n2n1,1,IC50,7.96,1,CHEMBL348115
CSc1nnc(-c2cc(C(C)(C)C)c(O)c(C(C)(C)C)c2)s1,1,IC50,6.82,1,CHEMBL12532
CC(C)Sc1nnc(-c2cc(C(C)C)c(O)c(C(C)C)c2)s1,0,IC50 (>),4.7,1,CHEMBL16353
CC(C)(C)c1cc(-c2nnc(N=C(N)N)o2)cc(C(C)(C)C)c1O,0,IC50,4.64,1,CHEMBL16878
CC(C)(C)c1cc(-c2nsc(NC#N)n2)cc(C(C)(C)C)c1O,1,IC50,7.33,1,CHEMBL17229
C=Cc1nc2sc(-c3ccc(S(C)(=O)=O)cc3)c(-c3ccccc3)n2n1,1,IC50,8.22,1,CHEMBL157714
CC(C)(C)c1cc(-c2nnc(N=C(N)N)s2)cc(C(C)(C)C)c1O,0,IC50,4.77,1,CHEMBL16826
COc1cccc(-c2c(-c3ccc(S(C)(=O)=O)cc3)sc3ncnn23)c1,1,IC50,6.58,1,CHEMBL347378
CCSc1nnc(-c2cc(C(C)(C)C)c(O)c(C(C)(C)C)c2)s1,1,IC50,6.85,1,CHEMBL279801
CC(C)(C)c1cc(-c2nnc(SCc3ccccc3)s2)cc(C(C)(C)C)c1O,0,IC50 (>),4.7,1,CHEMBL416165
CC(C)(C)c1cc(-c2nsc(NS(C)(=O)=O)n2)cc(C(C)(C)C)c1O,0,IC50 (>),4.7,1,CHEMBL279608
CS(=O)(=O)c1ccc(-c2c(-c3ccccc3)sc3nncn23)cc1,1,IC50,6.64,1,CHEMBL157623
CS(=O)(=O)c1ccc(-c2sc3ncnn3c2-c2ccccc2)cc1,1,IC50,8.0,1,CHEMBL158316
CC(C)(C)c1cc(-c2nnc(NC#N)o2)cc(C(C)(C)C)c1O,0,IC50,4.96,1,CHEMBL16814
CS(=O)(=O)c1ccc(-c2sc3ncnn3c2-c2ccc(F)cc2)cc1,1,IC50,7.44,1,CHEMBL156493
CCSc1nnc(-c2cc(C(C)C)c(O)c(C(C)C)c2)s1,0,IC50 (>),4.7,1,CHEMBL276062
COc1c(C(C)(C)C)cc(-c2nnc(SC)s2)cc1C(C)(C)C,1,IC50,6.47,1,CHEMBL280326
CC(C)(C)c1cc(-c2noc(NC#N)n2)cc(C(C)(C)C)c1O,1,IC50,7.19,1,CHEMBL16981
CC(C)(C)c1cc(-c2nnc(O)s2)cc(C(C)(C)C)c1O,0,IC50 (>),4.7,1,CHEMBL16827
Cc1nc2sc(-c3ccc(S(C)(=O)=O)cc3)c(-c3ccccc3)n2n1,1,IC50,7.7,1,CHEMBL348087
CC[S+]([O-])c1nnc(-c2cc(C(C)(C)C)c(O)c(C(C)(C)C)c2)s1,0,IC50 (>),4.7,1,CHEMBL16843
CC(C)(C)c1cc(-c2nsc(N=C(N)N)n2)cc(C(C)(C)C)c1O,0,IC50,4.57,1,CHEMBL17104
CCN(CC)CCSc1nnc(-c2cc(C(C)(C)C)c(O)c(C(C)(C)C)c2)s1,0,IC50,4.72,1,CHEMBL279336
CS(=O)(=O)c1ccc(-c2sc3ncnn3c2-c2cc(F)cc(F)c2)cc1,1,IC50,7.1,1,CHEMBL155980
CC(C)Oc1nnc(-c2cc(C(C)(C)C)c(O)c(C(C)(C)C)c2)s1,0,IC50 (>),4.7,1,CHEMBL16854
CC(=O)Nc1nc(-c2cc(C(C)(C)C)c(O)c(C(C)(C)C)c2)ns1,0,IC50 (>),4.7,1,CHEMBL279753
CCc1nc2sc(-c3ccc(S(C)(=O)=O)cc3)c(-c3ccccc3)n2n1,1,IC50,7.82,1,CHEMBL156399
C[S+]([O-])c1nnc(-c2cc(C(C)(C)C)c(O)c(C(C)(C)C)c2)s1,0,IC50 (>),4.7,1,CHEMBL16522
CC(C)(C)c1cc(-c2nnc(NC#N)s2)cc(C(C)(C)C)c1O,0,IC50 (>),4.7,1,CHEMBL17307
CS(=O)(=O)c1ccc(-c2sc3nncn3c2-c2ccccc2)cc1,1,IC50,6.35,1,CHEMBL346288
CS(=O)(=O)c1ccc(-c2sc3ncnn3c2-c2cccc(F)c2)cc1,1,IC50,7.66,1,CHEMBL157820
CS(=O)(=O)c1ccc(-c2sc3nc(C(F)(F)F)nn3c2-c2cccc(F)c2)cc1,1,IC50,7.89,1,CHEMBL155927
CC(C)(C)c1cc(-c2nnc(SCC(F)(F)F)s2)cc(C(C)(C)C)c1O,0,IC50 (>),4.7,1,CHEMBL16647
Cc1cccc(-c2c(-c3ccc(S(C)(=O)=O)cc3)sc3nc(C(F)(F)F)nn23)c1,1,IC50,8.52,1,CHEMBL421826
COC(=O)CCSc1nnc(-c2cc(C(C)(C)C)c(O)c(C(C)(C)C)c2)s1,0,IC50 (>),4.7,1,CHEMBL16698
CCCOc1nnc(-c2cc(C(C)(C)C)c(O)c(C(C)(C)C)c2)s1,0,IC50 (>),4.7,1,CHEMBL279387
CC(C)(C)c1cc(-c2nnc(O)o2)cc(C(C)(C)C)c1O,0,IC50 (>),4.7,1,CHEMBL16977
CC(C)(C)c1cc(-c2nsc(N)n2)cc(C(C)(C)C)c1O,0,IC50 (>),4.7,1,CHEMBL17091
CS(=O)(=O)c1ccc(-c2c(-c3ccccc3)sc3nc(C(F)(F)F)nn23)cc1,0,IC50 (>),4.3,1,CHEMBL157358
CC1(C)OC(=O)C(Oc2ncc(Cl)cc2Cl)=C1c1ccc(S(C)(=O)=O)cc1,1,IC50,7.4,2,CHEMBL110824
CC1(C)OC(=O)C(Oc2ccc(Br)cn2)=C1c1ccc(S(C)(=O)=O)cc1,1,IC50,7.7,2,CHEMBL322703
CC1(C)OC(=O)C(Oc2ccc(Cl)cn2)=C1c1ccc(S(C)(=O)=O)cc1,1,IC50,7.7,1,CHEMBL320585
CC1(C)OC(=O)C(Oc2ccc3[nH]ccc3c2)=C1c1ccc(S(C)(=O)=O)cc1,1,IC50,7.52,2,CHEMBL322276
CC1(C)OC(=O)C(Oc2ccccn2)=C1c1ccc(S(C)(=O)=O)cc1,1,IC50,6.92,2,CHEMBL110822
CC1(C)OC(=O)C(Oc2cccc(Cl)n2)=C1c1ccc(S(C)(=O)=O)cc1,1,IC50,6.46,1,CHEMBL108857
CC1(C)OC(=O)C(Oc2ccc3ccccc3n2)=C1c1ccc(S(C)(=O)=O)cc1,1,IC50,6.48,2,CHEMBL321597
CC1(C)OC(=O)C(Oc2cnccn2)=C1c1ccc(S(C)(=O)=O)cc1,1,IC50,6.26,1,CHEMBL320273
CC1(C)OC(=O)C(Oc2ccc3sccc3c2)=C1c1ccc(S(C)(=O)=O)cc1,1,IC50,7.7,2,CHEMBL108512
CC1(C)OC(=O)C(Oc2ccc(F)cn2)=C1c1ccc(S(C)(=O)=O)cc1,1,IC50,7.4,2,CHEMBL107706
CC1(C)OC(=O)C(Oc2cccnc2)=C1c1ccc(S(C)(=O)=O)cc1,1,IC50,6.58,2,CHEMBL110514
CC1(C)OC(=O)C(Oc2cccc3cnccc23)=C1c1ccc(S(C)(=O)=O)cc1,1,IC50,6.58,2,CHEMBL323267
CC1(C)OC(=O)C(Oc2ncccc2Cl)=C1c1ccc(S(C)(=O)=O)cc1,1,IC50,7.05,1,CHEMBL322807
CC(=O)Oc1ccccc1C1=C(c2ccc(S(C)(=O)=O)cc2)COC1=O,1,IC50,8.46,1,CHEMBL328616
CC1(C)OC(=O)C(Oc2ncccn2)=C1c1ccc(S(C)(=O)=O)cc1,1,IC50,6.21,2,CHEMBL326254
Cc1ccc(OC2=C(c3ccc(S(C)(=O)=O)cc3)C(C)(C)OC2=O)nc1,1,IC50,6.82,2,CHEMBL320111
CC(=O)Oc1ccc(C2=C(c3ccc(S(C)(=O)=O)cc3)COC2=O)cc1,1,IC50,8.9,1,CHEMBL93372
CC1(C)OC(=O)C(Oc2ccncc2)=C1c1ccc(S(C)(=O)=O)cc1,1,IC50,6.57,2,CHEMBL106255
CC(=O)Oc1cccc(C2=C(c3ccc(S(C)(=O)=O)cc3)COC2=O)c1,1,IC50,8.78,1,CHEMBL93024
CS(=O)(=O)c1ccc(C2=C(c3ccc(O)cc3)C(=O)OC2)cc1,0,IC50 (>),3.6,1,CHEMBL313527
CC1(C)OC(=O)C(Oc2ccc(C3CC3)cn2)=C1c1ccc(S(C)(=O)=O)cc1,1,IC50,7.52,1,CHEMBL108917
CS(=O)(=O)c1ccc(-c2ccccc2-c2ccncc2)cc1,0,IC50 (>),3.52,1,CHEMBL170834
CS(=O)(=O)c1ccc(-c2ccccc2-c2ccccn2)cc1,0,IC50 (>),3.52,1,CHEMBL355677
CS(=O)(=O)c1ccc(-c2ccccc2C2CCCCC2)cc1,0,IC50,4.51,1,CHEMBL171471
COC(=O)c1ccc(-c2ccccc2)c(-c2ccc(S(C)(=O)=O)cc2)c1,0,IC50,4.32,1,CHEMBL173186
CS(=O)(=O)c1ccc(-c2cc(C(=O)O)ccc2-c2ccccc2)cc1,0,IC50 (>),3.52,1,CHEMBL426767
CS(=O)(=O)c1ccc(-c2ccccc2Cc2ccccc2)cc1,0,IC50 (>),3.52,1,CHEMBL174314
CS(=O)(=O)c1ccc(-c2ccccc2-c2ccc3ccccc3n2)cc1,0,IC50,4.24,1,CHEMBL170780
CS(=O)(=O)c1ccc(-c2ccccc2-c2cccnc2)cc1,0,IC50,4.06,1,CHEMBL353688
CN1CC=C(c2ccccc2-c2ccc(S(C)(=O)=O)cc2)CC1,0,IC50 (>),3.52,1,CHEMBL172194
CS(=O)(=O)c1ccc(-c2cccnc2-c2ccccc2)cc1,0,IC50,4.41,1,CHEMBL96842
CS(=O)(=O)c1ccc(-c2ccccc2-c2cncnc2)cc1,0,IC50 (>),3.52,1,CHEMBL170522
COc1ccc2cc(-c3ccccc3-c3ccc(S(C)(=O)=O)cc3)ccc2c1,0,IC50,4.52,1,CHEMBL171416
CS(=O)(=O)c1ccc(-c2ccccc2N2CCCCC2)cc1,0,IC50,4.85,1,CHEMBL171147
CS(=O)(=O)c1ccc(-c2ccccc2Oc2ccccc2)cc1,0,IC50,4.48,1,CHEMBL172364
CS(=O)(=O)c1ccc(-c2ccccc2C2=CCCCC2)cc1,0,IC50,4.48,1,CHEMBL173283
CS(=O)(=O)c1ccc(-c2ccc([N+](=O)[O-])cc2-c2ccccc2)cc1,0,IC50,4.36,1,CHEMBL170180
CS(=O)(=O)c1ccc(-c2cc3ccccc3cc2-c2ccccc2)cc1,0,IC50,4.39,1,CHEMBL171417
CS(=O)(=O)c1ccc(-c2nccnc2-c2ccccc2)cc1,0,IC50 (>),3.52,1,CHEMBL172720
CS(=O)(=O)c1ccc(-c2cc([N+](=O)[O-])ccc2-c2ccccc2)cc1,0,IC50,4.42,1,CHEMBL171299
CS(=O)(=O)c1ccc(-c2ncccc2-c2ccccc2)cc1,0,IC50 (>),3.52,1,CHEMBL369699
Cc1ccc(Cl)c(Nc2ccccc2C(=O)NCCOc2ccccc2)c1Cl,0,IC50,4.18,1,CHEMBL148545
Cc1ccc(Cl)c(Nc2ccccc2C(=O)NOC(C)(C)C)c1Cl,0,IC50,4.18,1,CHEMBL146920
Cc1ccc(Cl)c(Nc2ccccc2C(=O)NCCO)c1Cl,1,IC50,6.0,1,CHEMBL146854
CCCCCCCCNC(=O)c1ccccc1Nc1c(Cl)ccc(C)c1Cl,1,IC50,7.22,1,CHEMBL148931
Cc1ccc(Cl)c(Nc2ccccc2C(=O)N[C@H](C)C(=O)O)c1Cl,0,IC50 (>),4.48,1,CHEMBL358500
NS(=O)(=O)c1ccc(C2=C(c3ccc(F)cc3)CC3(CCC3)C2)cc1,1,IC50,8.7,1,CHEMBL171335
COCCCNC(=O)c1ccccc1Nc1c(Cl)ccc(C)c1Cl,0,IC50,4.96,1,CHEMBL151441
Cc1ccc(Cl)c(Nc2ccccc2C(=O)N[C@@H](C)C(=O)O)c1Cl,0,IC50,4.48,1,CHEMBL151929
Cc1ccc(Cl)c(Nc2ccccc2C(=O)NCC(=O)O)c1Cl,1,IC50,6.52,1,CHEMBL146703
CC(=O)Nc1ccc(OC(=O)c2ccccc2Nc2c(Cl)ccc(C)c2Cl)cc1,0,IC50 (>),4.7,1,CHEMBL150969
Cc1ccc(Cl)c(Nc2ccccc2C(=O)O)c1Cl,1,IC50,7.96,3,CHEMBL509
Cc1ccc(Cl)c(Nc2ccccc2C(=O)NOCc2ccccc2)c1Cl,0,IC50,4.18,1,CHEMBL358222
Cc1ccc(Cl)c(Nc2ccccc2C(=O)NOCc2ccc([N+](=O)[O-])cc2)c1Cl,0,IC50,4.18,1,CHEMBL147016
CONC(=O)c1ccccc1Nc1c(Cl)ccc(C)c1Cl,0,IC50,4.26,1,CHEMBL433287
CC1(C)OC(=O)C(Oc2ccc(Cl)cc2)=C1c1ccc(S(C)(=O)=O)cc1,1,IC50,8.0,2,CHEMBL325804
Cc1nc(-c2ccc(C)s2)c(-c2ccc(S(N)(=O)=O)c(F)c2)o1,1,IC50,7.58,1,CHEMBL284761
CS(=O)(=O)c1ccc(-c2cc(CO[N+](=O)[O-])nn2C2CCCCC2)cc1,1,IC50,6.4,1,CHEMBL66435
CC1(C)OC(=O)C(Oc2cccc(F)c2)=C1c1ccc(S(C)(=O)=O)cc1,1,IC50,7.7,2,CHEMBL322132
C=CCn1nc(-c2ccc(S(C)(=O)=O)cc2)c(-c2ccc(F)cc2)c1C(F)(F)F,1,IC50,7.12,1,CHEMBL66856
CS(=O)(=O)c1ccc(C2=C(c3ccc(F)c(Cl)c3)C(=O)CC2)cc1,1,IC50,8.05,2,CHEMBL23808
Cc1nc(-c2ccc(F)cc2)c(-c2ccc(S(N)(=O)=O)c(F)c2)o1,1,IC50,7.4,1,CHEMBL289653
CC1(C)OC(=O)C(C(=O)c2ccccc2)=C1c1ccc(S(C)(=O)=O)cc1,1,IC50,6.22,2,CHEMBL325370
COc1ccncc1C1=C(c2ccc(S(C)(=O)=O)cc2)CCC1=O,1,IC50,7.05,2,CHEMBL23241
Cc1nc(C2CCCCC2)c(-c2ccc(S(N)(=O)=O)c(Cl)c2)o1,0,IC50 (>),5.0,1,CHEMBL36722
CS(=O)(=O)c1ccc(C2=C(c3ccccc3)C(=O)CC2)cc1,1,IC50,7.96,2,CHEMBL23170
CS(=O)(=O)c1ccc(C2=C(c3cccnc3)C(=O)CC2)cc1,1,IC50,6.77,2,CHEMBL24429
CC1(C)OC(=O)C(Oc2cc(F)cc(F)c2)=C1c1ccc(S(C)(=O)=O)cc1,1,IC50,7.4,2,CHEMBL106302
CCOC(=O)Cn1nc(-c2ccc(S(C)(=O)=O)cc2)c(-c2ccc(F)cc2)c1C(F)(F)F,1,IC50,6.36,1,CHEMBL65793
Cc1cnc2c(-c3ccc(F)cc3)c(-c3ccc(S(C)(=O)=O)cc3)nn2c1C,1,IC50,7.92,5,CHEMBL331921
Cc1cc(C)n2nc(-c3ccc(S(C)(=O)=O)cc3)c(-c3ccc(F)cc3)c2n1,1,IC50,6.81,1,CHEMBL421259
CS(=O)(=O)c1ccc(C2=C(Oc3cc(F)cc(F)c3)C(=O)CC2)cc1,1,IC50,7.77,1,CHEMBL23610
CS(=O)(=O)c1ccc(C2=C(c3cc(Br)ccn3)C(=O)CC2)cc1,1,IC50,6.33,2,CHEMBL282242
Cc1nc(C2CCCCC2)c(-c2ccc(S(N)(=O)=O)c(N)c2)o1,1,IC50,6.03,1,CHEMBL416589
CS(=O)(=O)c1ccc(C2=C(c3cccc(F)c3)C(=O)CC2)cc1,1,IC50,7.85,2,CHEMBL23245
CS(=O)(=O)c1ccc(C2=C(c3ccc(F)c(F)c3)C(=O)CC2)cc1,1,IC50,7.85,2,CHEMBL279249
CC(C)c1nc(C2CCCCC2)c(-c2ccc(S(N)(=O)=O)c(F)c2)o1,1,IC50,6.22,1,CHEMBL36815
CS(=O)(=O)c1ccc(C2=C(c3ccc(Cl)c(F)c3)C(=O)CC2)cc1,1,IC50,7.82,2,CHEMBL23175
CS(=O)(=O)c1ccc(C2=C(c3cc4ccccc4s3)C(=O)CC2)cc1,1,IC50,7.85,2,CHEMBL23378
CC1(C)OC(=O)C(Oc2ccc(F)cc2F)=C1c1ccc(S(C)(=O)=O)cc1,1,IC50,7.7,2,CHEMBL110836
CS(=O)(=O)c1ccc(C2=C(c3cc(F)cc(F)c3)C(=O)CC2)cc1,1,IC50,7.82,3,CHEMBL24009
Cc1cnc2c(-c3ccc(F)cc3)c(-c3ccc(S(C)(=O)=O)cc3)nn2c1,1,IC50,6.57,1,CHEMBL122357
CS(=O)(=O)c1ccc(C2=C(c3cc(Cl)ccn3)C(=O)CC2)cc1,1,IC50,6.72,2,CHEMBL428710
Cc1ccn2nc(-c3ccc(S(C)(=O)=O)cc3)c(-c3ccc(F)cc3)c2n1,1,IC50,6.3,1,CHEMBL123700
Cc1nc2c(-c3ccc(F)cc3)c(-c3ccc(S(C)(=O)=O)cc3)nn2c(C)c1C,1,IC50,6.72,1,CHEMBL332169
CC1(C)OC(=O)C(c2cccc(F)c2)=C1c1ccc(S(C)(=O)=O)cc1,1,IC50,7.4,2,CHEMBL321217
CS(=O)(=O)c1ccc(-c2nn(CC(=O)Nc3ccccc3)c(C(F)(F)F)c2-c2ccc(F)cc2)cc1,1,IC50,6.32,1,CHEMBL67721
Cc1ccncc1C1=C(c2ccc(S(C)(=O)=O)cc2)CCC1=O,1,IC50,6.36,2,CHEMBL276976
CC1(C)OC(=O)C(Oc2ccccc2)=C1c1ccc(S(C)(=O)=O)cc1,1,IC50,7.7,2,CHEMBL109177
C=CCn1cc(-c2ccc(F)cc2)c(-c2ccc(S(C)(=O)=O)cc2)n1,0,IC50 (>),4.0,1,CHEMBL302527
CS(=O)(=O)c1ccc(-c2nn(CCc3ccccc3)c(C(F)(F)F)c2-c2ccc(F)cc2)cc1,1,IC50,7.35,1,CHEMBL67659
CS(=O)(=O)c1ccc(C2=C(C#Cc3ccccc3)C(=O)CC2)cc1,1,IC50,8.22,2,CHEMBL278336
Cc1ccnc2c(-c3ccc(F)cc3)c(-c3ccc(S(C)(=O)=O)cc3)nn12,1,IC50,7.92,1,CHEMBL120608
CS(=O)(=O)c1ccc(C2=C(c3cc(Cl)c(Cl)c(Cl)c3)C(=O)CC2)cc1,1,IC50,8.22,2,CHEMBL278392
CC(C)(C)C#CC1=C(c2ccc(S(C)(=O)=O)cc2)CCC1=O,1,IC50,6.82,1,CHEMBL436539
Cc1nc(C2CCCCC2)c(-c2ccc(S(N)(=O)=O)c(F)c2)o1,1,IC50,7.07,1,CHEMBL34913
CC1(C)OC(=O)C(Oc2ccc(F)c(F)c2)=C1c1ccc(S(C)(=O)=O)cc1,1,IC50,8.0,2,CHEMBL110401
CC1(C)OC(=O)C(Oc2ccc(F)cc2)=C1c1ccc(S(C)(=O)=O)cc1,1,IC50,7.3,2,CHEMBL324876
CS(=O)(=O)c1ccc(-c2[nH]nc(C(F)(F)F)c2-c2ccc(F)cc2)cc1,0,IC50 (>),4.0,1,CHEMBL306217
CS(=O)(=O)c1ccc(C2=C(/C=C/c3ccc(F)cc3)C(=O)CC2)cc1,1,IC50,6.76,2,CHEMBL23556
CCc1nc(C2CCCCC2)c(-c2ccc(S(N)(=O)=O)c(F)c2)o1,1,IC50,6.92,1,CHEMBL37481
CS(=O)(=O)c1ccc(-c2[nH]ncc2-c2ccc(F)cc2)cc1,0,IC50 (>),4.0,1,CHEMBL303891
CS(=O)(=O)c1ccc(C2=C(c3cncc(Cl)c3)C(=O)CC2)cc1,1,IC50,7.06,1,CHEMBL286490
CC1(C)OC(=O)C(Sc2ccccc2)=C1c1ccc(S(C)(=O)=O)cc1,1,IC50,7.16,1,CHEMBL324670
Cc1cccc(OC2=C(c3ccc(S(C)(=O)=O)cc3)C(C)(C)OC2=O)c1,1,IC50,7.7,2,CHEMBL110392
Cc1ccccc1OC1=C(c2ccc(S(C)(=O)=O)cc2)C(C)(C)OC1=O,1,IC50,7.7,2,CHEMBL109047
CS(=O)(=O)c1ccc(-c2nn(CCc3ccccc3)cc2-c2ccc(F)cc2)cc1,1,IC50,6.28,1,CHEMBL67519
CS(=O)(=O)c1ccc(C2=C(c3cncc(Br)c3)C(=O)CC2)cc1,1,IC50,6.52,1,CHEMBL24381
CS(=O)(=O)c1ccc(-c2cc(/C=C\CC[N+](=O)[O-])nn2C2CCCCC2)cc1,1,IC50,6.3,1,CHEMBL2111539
CCn1nc(-c2ccc(S(C)(=O)=O)cc2)c(-c2ccc(F)cc2)c1C(F)(F)F,1,IC50,6.89,1,CHEMBL68127
Cc1nc(-c2ccc(C)s2)c(-c2ccc(S(N)(=O)=O)cc2)o1,1,IC50,7.92,1,CHEMBL38368
CCn1nc(-c2ccc(S(N)(=O)=O)cc2)c(-c2ccc(F)cc2)c1C(F)(F)F,1,IC50,7.48,1,CHEMBL302266
CS(=O)(=O)c1ccc(C2=C(c3ccc(F)cc3)C(=O)CC2)cc1,1,IC50,7.72,2,CHEMBL22812
CC1(C)OC(=O)C(Cc2ccccc2)=C1c1ccc(S(C)(=O)=O)cc1,1,IC50,6.52,1,CHEMBL108802
Cc1nc(C2CCCCC2)c(-c2ccc(S(N)(=O)=O)c(O)c2)o1,0,IC50,4.71,1,CHEMBL35685
COc1cc(-c2oc(C)nc2C2CCCCC2)ccc1S(N)(=O)=O,0,IC50 (>),4.0,1,CHEMBL36542
CS(=O)(=O)c1ccc(C2=C(c3cc(Cl)cc(Cl)c3)C(=O)CC2)cc1,1,IC50,7.85,2,CHEMBL282924
CS(=O)(=O)c1ccc(C2=C(Oc3ccccc3)C(=O)CC2)cc1,1,IC50,7.96,2,CHEMBL23649
CC1(C)OC(=O)C(Nc2ccccc2)=C1c1ccc(S(C)(=O)=O)cc1,1,IC50,6.3,1,CHEMBL410419
Cc1ccc(OC2=C(c3ccc(S(C)(=O)=O)cc3)C(C)(C)OC2=O)cc1,1,IC50,7.7,2,CHEMBL107088
CCOc1cc(OCC)cc(-c2ccc(C(C)C(=O)O)cc2)c1,1,IC50,6.5,1,CHEMBL104147
COc1ccc(-c2cc(C(F)(F)F)nn2-c2ccc(S(N)(=O)=O)c(F)c2)cc1,0,IC50,4.87,1,CHEMBL338097
COc1ccc(-c2cc(C(F)(F)F)nn2-c2ccc(S(N)(=O)=O)cc2F)cc1,1,IC50,6.82,1,CHEMBL129021
Cc1cc(C)cc(-c2ccc(C(C)C(=O)O)cc2F)c1,0,IC50,4.72,1,CHEMBL104422
CC(C(=O)O)c1ccc(-c2ccc3[nH]ccc3c2)cc1,1,IC50,6.72,1,CHEMBL104592
CCOc1cccc(-c2ccc(C(C)C(=O)O)cc2F)c1,1,IC50,7.85,1,CHEMBL104009
CCSc1cccc(-c2ccc(C(C)C(=O)O)cc2)c1,1,IC50,6.48,1,CHEMBL107938
CSc1ccc(-c2cc(C(F)(F)F)nn2-c2ccc(S(N)(=O)=O)cc2F)cc1,1,IC50,7.47,1,CHEMBL339798
CC(C(=O)O)c1ccc(-c2ccccc2)c(F)c1,1,IC50,8.0,4,CHEMBL563
C=CCc1cccc(-c2ccc(C(C)C(=O)O)cc2)c1,1,IC50,6.82,1,CHEMBL325787
COc1cc(OC)cc(-c2ccc(C(C)C(=O)O)cc2F)c1,1,IC50,7.16,1,CHEMBL316771
C/C=C/c1cncc(-c2ccc(C(C)C(=O)O)cc2)c1,1,IC50,6.17,1,CHEMBL104336
CC(C)c1cccc(-c2ccc(C(C)C(=O)O)cc2F)c1,0,IC50 (>),4.0,1,CHEMBL108281
CC(C(=O)O)c1ccc(-c2ccccc2)cc1,1,IC50,7.68,1,CHEMBL317434
C=Cc1cncc(-c2ccc(C(C)C(=O)O)cc2)c1,1,IC50,6.72,1,CHEMBL106828
Cc1cc2cc(-c3ccc(C(C)C(=O)O)cc3)ccc2[nH]1,1,IC50,6.64,1,CHEMBL106445
CCOc1cc(OCC)cc(-c2ccc(C(C)C(=O)O)cc2F)c1,1,IC50,7.0,1,CHEMBL107953
C=Cc1cccc(-c2ccc(C(C)C(=O)O)cc2)c1,1,IC50,6.14,1,CHEMBL432782
CC1(O)OC(=O)C(c2cccs2)=C1c1ccc(S(C)(=O)=O)cc1,0,IC50 (>),4.48,1,CHEMBL275650
CC1(O)OC(=O)C(c2ccc(O)cc2)=C1c1ccc(S(C)(=O)=O)cc1,0,IC50 (>),4.48,1,CHEMBL278738
CC1(O)OC(=O)C(c2ccc(F)cc2)=C1c1ccc(S(C)(=O)=O)cc1,1,IC50,6.42,1,CHEMBL18040
COC1(C)OC(=O)C(c2ccc(F)cc2)=C1c1ccc(S(C)(=O)=O)cc1,1,IC50,7.16,2,CHEMBL18498
CC1(O)OC(=O)C(Sc2ccccc2)=C1c1ccc(S(C)(=O)=O)cc1,0,IC50 (>),5.0,1,CHEMBL18377
CC1(O)OC(=O)C(c2cc3ccccc3s2)=C1c1ccc(S(C)(=O)=O)cc1,1,IC50,6.19,1,CHEMBL277519
CC1(OCC(F)(F)F)OC(=O)C(c2ccc(F)cc2)=C1c1ccc(S(C)(=O)=O)cc1,1,IC50,6.5,2,CHEMBL18790
CC1(O)OC(=O)C(c2ccc(F)c(Cl)c2)=C1c1ccc(S(C)(=O)=O)cc1,1,IC50,6.96,1,CHEMBL279268
CC1(O)OC(=O)C(c2ccc3ccccc3c2)=C1c1ccc(S(C)(=O)=O)cc1,1,IC50,6.35,1,CHEMBL18312
CCOC1(C)OC(=O)C(c2ccc(F)cc2)=C1c1ccc(S(C)(=O)=O)cc1,1,IC50,6.3,1,CHEMBL278231
CC1(O)OC(=O)C(c2ccc(Cl)cc2)=C1c1ccc(S(C)(=O)=O)cc1,1,IC50,6.96,2,CHEMBL275664
CC(C)OC1(C)OC(=O)C(c2ccc(F)cc2)=C1c1ccc(S(C)(=O)=O)cc1,1,IC50,6.1,1,CHEMBL18089
CC1(O)OC(=O)C(c2ccccc2)=C1c1ccc(S(C)(=O)=O)cc1,1,IC50,6.8,1,CHEMBL18316
CSc1ccc(C2=C(c3ccc(S(C)(=O)=O)cc3)C(C)(O)OC2=O)cc1,1,IC50,6.51,1,CHEMBL277118
CC(C)c1ccc(C2=C(c3ccc(S(C)(=O)=O)cc3)C(C)(O)OC2=O)cc1,1,IC50,6.39,1,CHEMBL18867
CC1(O)OC(=O)C(c2ccc(Br)cc2)=C1c1ccc(S(C)(=O)=O)cc1,1,IC50,6.85,1,CHEMBL273815
CC1(O)OC(=O)C(Oc2ccc(F)c(F)c2)=C1c1ccc(S(C)(=O)=O)cc1,0,IC50 (>),4.48,1,CHEMBL18796
CC1(O)OC(=O)C(c2ccc(Cl)c(Cl)c2)=C1c1ccc(S(C)(=O)=O)cc1,1,IC50,7.16,2,CHEMBL18251
CC1(O)OC(=O)C(c2ccc(F)c(F)c2)=C1c1ccc(S(C)(=O)=O)cc1,1,IC50,6.7,1,CHEMBL280009
CC(C)(Cl)CC(=O)c1cc(C(C)(C)C)c2c(c1)C(C)(C)CO2,1,IC50,7.0,1,CHEMBL14420
Cc1nn(-c2ccc(S(N)(=O)=O)cc2)c2c1c(O)nc1ccc([N+](=O)[O-])cc12,1,IC50,6.62,1,CHEMBL414437
CC(C)(C)c1cc(C(=O)/C=C/CC2CC2)cc2c1OCC2(C)C,1,IC50,6.6,1,CHEMBL13988
CC(C)(C)c1cc(C(=O)c2ccccc2)cc2c1OCC2(C)C,1,IC50,8.15,1,CHEMBL275120
Cc1nn(-c2ccccc2)c2c1c(O)nc1ccc([N+](=O)[O-])cc12,1,IC50,6.26,1,CHEMBL345108
CCCCCC(=O)c1cc(C(C)(C)C)c2c(c1)C(C)(C)CO2,1,IC50,7.05,1,CHEMBL276663
C[S+]([O-])c1ccc(C(Nc2cccnc2)C(=O)c2ccc(F)cc2)cc1,1,IC50,6.3,1,CHEMBL138191
CC(C)(C)c1cc(C(=O)CSCC2CC2)cc2c1OCC2(C)C,1,IC50,6.4,1,CHEMBL417254
CC1(C)OC(=O)C(OC2CCCCC2)=C1c1ccc(S(C)(=O)=O)cc1,1,IC50,7.4,1,CHEMBL70104
CC1(C)OC(=O)C(OCC2CC2)=C1c1ccc(S(C)(=O)=O)cc1,1,IC50,6.85,1,CHEMBL69998
NS(=O)(=O)c1ccc(C2=C(c3ccc(F)cc3)C(=O)OC2)cc1,1,IC50,6.1,1,CHEMBL431546
CS(=O)(=O)c1ccc(C2=C(c3cccc(F)c3)C(=O)OC2)cc1,1,IC50,7.7,1,CHEMBL52285
CCC(C)OC1=C(c2ccc(S(C)(=O)=O)cc2)C(C)(C)OC1=O,1,IC50,7.4,1,CHEMBL304982
CS(=O)(=O)c1ccc(-c2cccnc2-c2cccnc2)cc1,0,IC50 (>),4.48,1,CHEMBL329419
CCOC1=C(c2ccc(S(C)(=O)=O)cc2)C(C)(C)OC1=O,0,IC50,4.64,1,CHEMBL70681
CS(=O)(=O)c1ccc(C2=C(c3cccnc3)C(=O)OC2)cc1,0,IC50 (>),4.48,1,CHEMBL50198
CS(=O)(=O)c1ccc(-c2cc(Cl)cnc2-c2cccnc2)cc1,1,IC50,6.05,1,CHEMBL94938
COC1=C(c2ccc(S(C)(=O)=O)cc2)C(C)(C)OC1=O,0,IC50,4.48,1,CHEMBL304967
CS(=O)(=O)c1ccc(C2=C(c3ccc(F)cc3)C(=O)OC2)cc1,1,IC50,8.0,2,CHEMBL51434
CC(OC1=C(c2ccc(S(C)(=O)=O)cc2)C(C)(C)OC1=O)C1CC1,1,IC50,7.1,1,CHEMBL305507
Cc1nc(-c2ccc(Cl)cc2)c(-c2ccc(S(N)(=O)=O)cc2)s1,1,IC50,8.3,1,CHEMBL278492
Cc1nc(-c2ccccc2)c(-c2ccc(S(N)(=O)=O)cc2)s1,1,IC50,7.42,1,CHEMBL17101
Cc1nc(-c2ccc(S(N)(=O)=O)cc2)c(-c2ccc(Br)cc2)s1,1,IC50,7.62,1,CHEMBL280093
COc1ccc(-c2nc(C)sc2-c2ccc(S(N)(=O)=O)cc2)cc1F,1,IC50,7.55,1,CHEMBL416902
COc1ccc(-c2nc(NCc3ccccc3)sc2-c2ccc(S(N)(=O)=O)cc2)cc1F,1,IC50,7.23,1,CHEMBL16996
NS(=O)(=O)c1ccc(-c2sc(-c3ccccc3Cl)nc2-c2ccc(F)cc2)cc1,1,IC50,7.89,1,CHEMBL17739
Cc1nc(-c2ccc(S(N)(=O)=O)cc2)c(-c2ccccc2)s1,1,IC50,7.54,1,CHEMBL17062
NS(=O)(=O)c1ccc(-c2sc(COc3cc(Cl)cc(Cl)c3)nc2-c2ccc(F)cc2)cc1,1,IC50,8.05,1,CHEMBL276324
Cc1nc(-c2ccc(S(N)(=O)=O)cc2)c(-c2ccc(Cl)cc2)s1,1,IC50,7.75,1,CHEMBL17075
CS(=O)(=O)c1ccc(C2=C3c4ccccc4CCC3OC2=O)cc1,1,IC50,6.3,2,CHEMBL44141
CSc1ccc(C2=C3c4ccccc4CCC3(O)OC2=O)cc1,1,IC50,6.07,1,CHEMBL295640
CS(=O)(=O)c1ccc(-c2c(-c3ccc(F)cc3)nc3sccn23)cc1,1,IC50,6.4,1,CHEMBL148976
CSc1ccc(C2=C3c4ccccc4CCC3OC2=O)cc1,1,IC50,6.08,1,CHEMBL42011
Cc1cn2c(-c3ccc(S(C)(=O)=O)cc3)c(-c3ccccc3)nc2s1,0,IC50,4.76,1,CHEMBL358609
CS(=O)(=O)c1ccc(-c2c(-c3ccccc3)nc3sccn23)cc1,1,IC50,7.8,2,CHEMBL146742
Cc1ccc2c(c1)C1=C(c3ccc(S(C)(=O)=O)cc3)C(=O)OC1CC2,1,IC50,6.3,2,CHEMBL289447
CSc1ccc(C2=C3c4cc(C)ccc4CCC3OC2=O)cc1,1,IC50,6.01,1,CHEMBL44142
CSc1ccc(C2=C3c4cc(C)ccc4CCC3(O)OC2=O)cc1,1,IC50,6.17,1,CHEMBL288423
NS(=O)(=O)c1ccc(-n2nccc2-c2ccc(F)cc2)cc1,0,IC50 (>),4.0,1,CHEMBL29662
COc1ccc2c(c1)c(CC(=O)NCCCCCCO)c(C)n2C(=O)c1ccc(Cl)cc1,1,IC50,6.68,1,CHEMBL281457
COc1ccc2c(c1)c(CC(=O)N[C@@H](CO)C(C)C)c(C)n2C(=O)c1ccc(Cl)cc1,1,IC50,6.96,2,CHEMBL285828
CCCc1c(C(F)(F)F)nn(-c2ccc(S(N)(=O)=O)cc2)c1-c1ccc(F)cc1,0,IC50 (>),4.0,1,CHEMBL29941
COc1ccc2c(c1)c(CC(=O)N[C@@H](C)CO)c(C)n2C(=O)c1ccc(Cl)cc1,1,IC50,6.57,3,CHEMBL281847
COc1ccc2c(c1)c(CC(=O)N[C@H](CO)Cc1ccccc1)c(C)n2C(=O)c1ccc(Cl)cc1,1,IC50,7.07,1,CHEMBL412307
COc1ccc2c(c1)c(CC(=O)NCCCCCO)c(C)n2C(=O)c1ccc(Cl)cc1,1,IC50,6.54,1,CHEMBL24869
NS(=O)(=O)c1ccc(-n2nc(C(=O)O)cc2-c2ccc(F)cc2)cc1,0,IC50 (>),4.0,1,CHEMBL29943
NC(=O)c1cc(-c2ccc(F)cc2)n(-c2ccc(S(N)(=O)=O)cc2)n1,0,IC50 (>),4.0,1,CHEMBL29575
CS(=O)(=O)c1ccc(-c2cc(Cl)cnc2-c2ccc(C(=O)O)nc2)cc1,0,IC50,4.68,1,CHEMBL268470
NS(=O)(=O)c1ccc(-n2nc(C(F)(F)F)cc2-c2ccc(O)cc2)cc1,0,IC50 (>),4.0,1,CHEMBL282390
COc1ccc2c(c1)c(CC(=O)NC[C@@H](C)O)c(C)n2C(=O)c1ccc(Cl)cc1,1,IC50,6.48,1,CHEMBL281653
NS(=O)(=O)c1ccc(-n2nc(C(F)(F)F)cc2-c2ccccn2)cc1,0,IC50,4.34,1,CHEMBL29075
NS(=O)(=O)c1ccc(-n2nc(-c3ccc(Cl)s3)cc2-c2ccc(Cl)cc2)cc1,1,IC50,7.28,1,CHEMBL283633
O=C(c1ccc(-n2nc(C(F)(F)F)cc2-c2ccc(F)cc2)cc1)C(F)(F)F,0,IC50 (>),4.0,1,CHEMBL285567
COc1ccc2c(c1)c(CC(=O)N[C@H](CO)C(C)C)c(C)n2C(=O)c1ccc(Cl)cc1,1,IC50,6.43,2,CHEMBL25030
COc1ccc2c(c1)c(CC(=O)NC[C@H](C)O)c(C)n2C(=O)c1ccc(Cl)cc1,1,IC50,6.5,1,CHEMBL25371
NS(=O)(=O)c1ccc(-n2nc(C(=O)Nc3cccc(Cl)c3)cc2-c2ccc(F)cc2)cc1,1,IC50,7.25,1,CHEMBL283497
NS(=O)(=O)c1ccc(-n2nc(C(F)F)cc2-c2ccc3c(c2)OCO3)cc1,1,IC50,7.62,1,CHEMBL281694
NS(=O)(=O)c1ccc(-n2nc(COCc3ccccc3)cc2-c2ccc(Cl)cc2)cc1,1,IC50,7.54,1,CHEMBL29424
COc1ccc2c(c1)c(CC(=O)N[C@H](CO)CC(C)C)c(C)n2C(=O)c1ccc(Cl)cc1,1,IC50,6.77,1,CHEMBL279265
COc1ccc2c(c1)c(CC(=O)N[C@@H](CO)CCSC)c(C)n2C(=O)c1ccc(Cl)cc1,1,IC50,6.6,2,CHEMBL432260
COc1ccc2c(c1)c(CC(=O)N[C@H](CO)c1ccccc1)c(C)n2C(=O)c1ccc(Cl)cc1,1,IC50,7.07,3,CHEMBL277006
COC[C@H](C)NC(=O)Cc1c(C)n(C(=O)c2ccc(Cl)cc2)c2ccc(OC)cc12,1,IC50,6.62,1,CHEMBL24288
COc1ccc2c(c1)c(CC(=O)NC(C)(C)CO)c(C)n2C(=O)c1ccc(Cl)cc1,1,IC50,6.72,2,CHEMBL433427
COc1ccc2c(c1)c(CC(=O)N[C@@H](CO)Cc1ccccc1)c(C)n2C(=O)c1ccc(Cl)cc1,1,IC50,6.66,1,CHEMBL24363
CCC(C)[C@@H](CO)NC(=O)Cc1c(C)n(C(=O)c2ccc(Cl)cc2)c2ccc(OC)cc12,1,IC50,6.96,1,CHEMBL24798
Cc1ccc(-c2ncc(Cl)cc2-c2ccc(S(C)(=O)=O)cc2)c[n+]1[O-],0,IC50,4.75,1,CHEMBL274841
N#Cc1ccc(-c2cc(C(F)F)nn2-c2ccc(S(N)(=O)=O)cc2)cc1,0,IC50,4.53,1,CHEMBL281504
Cc1ccc(C)c(-c2cc(C(F)F)nn2-c2ccc(S(N)(=O)=O)cc2)c1,0,IC50 (>),4.0,1,CHEMBL280772
NS(=O)(=O)c1ccc(-n2nc(C(F)(F)F)cc2-c2ccncc2)cc1,0,IC50,4.19,1,CHEMBL283425
COc1ccc2c(c1)c(CC(=O)N[C@@H](CO)CC(C)C)c(C)n2C(=O)c1ccc(Cl)cc1,1,IC50,6.3,1,CHEMBL28216
COc1ccc(-c2cc(-c3ccc(Cl)cc3)n(-c3ccc(S(N)(=O)=O)cc3)n2)cc1,1,IC50,7.37,2,CHEMBL29423
O=[N+]([O-])c1ccc(-n2nc(C(F)(F)F)cc2-c2ccc(F)cc2)cc1,0,IC50 (>),4.0,1,CHEMBL29697
NS(=O)(=O)c1ccc(-n2nc(C(F)(F)F)cc2-c2ccc(C(=O)O)cc2)cc1,0,IC50,4.95,1,CHEMBL743
CN(C)S(=O)(=O)c1ccc(-n2nc(C(F)(F)F)cc2-c2ccc(F)cc2)cc1,0,IC50 (>),4.0,1,CHEMBL282391
COc1ccc2c(c1)c(CC(=O)N[C@@H](CO)c1ccccc1)c(C)n2C(=O)c1ccc(Cl)cc1,1,IC50,6.36,3,CHEMBL26509
COc1ccc2c(c1)c(CC(=O)NC[C@@H](O)c1ccccc1)c(C)n2C(=O)c1ccc(Cl)cc1,1,IC50,7.33,1,CHEMBL441769
CS(=O)(=O)c1ccc(-c2cc(Cl)cnc2-c2ccc(CO)nc2)cc1,0,IC50 (>),4.48,1,CHEMBL10042
COc1ccc2c(c1)c(CC(=O)N[C@H](CO)CCSC)c(C)n2C(=O)c1ccc(Cl)cc1,1,IC50,6.0,2,CHEMBL281379
CS(=O)(=O)c1ccc(-c2cc(C(F)F)nn2-c2ccc(S(N)(=O)=O)cc2)cc1,0,IC50 (>),4.0,1,CHEMBL28084
CNS(=O)(=O)c1ccc(-n2nc(C(F)(F)F)cc2-c2ccc(F)cc2)cc1,0,IC50 (>),4.0,1,CHEMBL30200
NS(=O)(=O)c1ccc(-n2nc(C(F)(F)F)cc2-c2cc(Cl)ccc2Cl)cc1,0,IC50 (>),4.0,1,CHEMBL286256
COc1ccc2c(c1)c(CC(=O)N[C@H](C)CO)c(C)n2C(=O)c1ccc(Cl)cc1,1,IC50,6.77,3,CHEMBL24874
COc1ccc2c(c1)c(CC(=O)NC[C@H](O)c1ccccc1)c(C)n2C(=O)c1ccc(Cl)cc1,1,IC50,6.68,1,CHEMBL286282
CS(=O)(=O)Nc1ccc(-n2nc(C(F)(F)F)cc2-c2ccc(F)cc2)cc1,0,IC50 (>),4.0,1,CHEMBL430728
COC(=O)c1cc(-c2ccc(F)cc2)n(-c2ccc(S(N)(=O)=O)cc2)n1,0,IC50,4.0,1,CHEMBL29576
CC[C@@H](C)NC(=O)Cc1c(C)n(C(=O)c2ccc(Cl)cc2)c2ccc(OC)cc12,1,IC50,6.89,1,CHEMBL25035
NS(=O)(=O)c1ccc(-c2coc(=O)n2-c2ccc(C(=O)O)cc2)cc1,0,IC50,4.23,1,CHEMBL307606
FC(F)(F)c1cc(-c2ccccc2)n(-c2ccccc2)n1,0,IC50 (>),4.0,1,CHEMBL28662
COc1ccc2c(c1)c(CC(=O)NCCCO)c(C)n2C(=O)c1ccc(Cl)cc1,1,IC50,6.66,1,CHEMBL25725
CC[C@@H](CO)NC(=O)Cc1c(C)n(C(=O)c2ccc(Cl)cc2)c2ccc(OC)cc12,1,IC50,6.55,2,CHEMBL27784
COc1cc(-c2ccccc2)n(-c2ccc(S(N)(=O)=O)cc2)n1,0,IC50 (>),4.0,1,CHEMBL416394
NS(=O)(=O)c1ccc(-n2nc(C(=O)O)c(Cl)c2-c2ccc(Cl)cc2)cc1,0,IC50,4.16,1,CHEMBL28545
COc1ccc2c(c1)c(CC(=O)NCCCCO)c(C)n2C(=O)c1ccc(Cl)cc1,1,IC50,6.55,1,CHEMBL24837
CC[C@H](C)NC(=O)Cc1c(C)n(C(=O)c2ccc(Cl)cc2)c2ccc(OC)cc12,1,IC50,6.96,1,CHEMBL25288
NS(=O)(=O)c1ccc(-c2coc(=O)n2-c2cccc(C(=O)O)c2)cc1,0,IC50 (>),4.0,1,CHEMBL72093
CS(=O)(=O)c1ccc(-c2cc(Cl)cnc2-c2ccc(CO[C@@H]3O[C@@H](C(=O)O)[C@@H](O)[C@H](O)[C@@H]3O)nc2)cc1,0,IC50 (>),4.48,1,CHEMBL2303835
NC(=O)c1ccc(-c2cc(C(F)F)nn2-c2ccc(S(N)(=O)=O)cc2)cc1,0,IC50 (>),4.0,1,CHEMBL29333
CC[C@H](CO)NC(=O)Cc1c(C)n(C(=O)c2ccc(Cl)cc2)c2ccc(OC)cc12,1,IC50,7.0,2,CHEMBL24957
COC[C@@H](C)NC(=O)Cc1c(C)n(C(=O)c2ccc(Cl)cc2)c2ccc(OC)cc12,1,IC50,6.85,1,CHEMBL24349
NS(=O)(=O)c1ccc(-n2nc(C(F)F)cc2-c2ccc(C(=O)O)cc2)cc1,0,IC50,4.33,1,CHEMBL440798
NS(=O)(=O)c1ccc(-n2nc(C(F)(F)F)cc2-c2cccnc2)cc1,0,IC50,4.35,1,CHEMBL406140
COc1ccc(-n2nc(C(F)(F)F)cc2-c2ccc(Cl)cc2)cc1,0,IC50 (>),5.0,4,CHEMBL26915
CN1C(O)=C(C(=O)Nc2ccc(Cl)cc2Cl)c2cc(Cl)ccc2S1(=O)=O,1,IC50,8.05,1,CHEMBL174777
O=S(=O)(Nc1ccncc1Oc1ccccc1)C(F)(F)F,1,IC50,6.4,3,CHEMBL147165
CN1C(O)=C(C(=O)Nc2ccccc2Cl)c2cc(Cl)ccc2S1(=O)=O,1,IC50,8.1,1,CHEMBL173072
CN1C(=O)/C(=C(/O)Nc2ccccc2)c2ccccc2C1=O,1,IC50,6.77,1,CHEMBL368468
CN1C(O)=C(C(=O)Nc2ccc(F)cc2F)c2cc(Cl)ccc2S1(=O)=O,1,IC50,6.52,1,CHEMBL177606
CN1C(=O)/C(=C(/O)Nc2ccc(Cl)cc2)c2ccccc2C1=O,1,IC50,7.34,1,CHEMBL174990
Cc1cnc(NC(=O)C2=C(O)c3sccc3S(=O)(=O)N2C)s1,1,IC50,6.29,1,CHEMBL367739
CN1C(=O)/C(=C(/O)Nc2ccc(Cl)cc2Cl)c2cc(Cl)ccc2C1=O,1,IC50,6.7,1,CHEMBL177808
CS(=O)(=O)Nc1ccncc1Oc1ccccc1,0,IC50,4.43,2,CHEMBL148542
CN1C(O)=C(C(=O)Nc2ccc(Br)cc2Br)c2cc(Cl)ccc2S1(=O)=O,1,IC50,8.15,1,CHEMBL173724
Cc1csc(NC(=O)C2=C(O)c3ccccc3S(=O)(=O)N2C)n1,1,IC50,6.08,1,CHEMBL367864
CN1C(O)=C(C(=O)Nc2ccc(Cl)cc2)c2cc(Cl)ccc2S1(=O)=O,1,IC50,7.19,1,CHEMBL369492
CS(=O)(=O)Nc1cc2c(cc1Sc1cccc(F)c1F)C(=O)CC2,1,IC50,7.3,1,CHEMBL361563
CS(=O)(=O)Nc1ccc(-c2cc(C(F)(F)F)nn2-c2ccc(Cl)cc2)cc1,1,IC50,7.52,1,CHEMBL47638
COc1ccc(-n2nc(C(F)(F)F)cc2-c2ccc(N)cc2)cc1,1,IC50,6.89,1,CHEMBL47687
Cc1cc(-c2ccc(NS(C)(=O)=O)cc2)n(-c2ccc(Br)cc2)n1,1,IC50,6.11,1,CHEMBL45331
CN(C)c1ccc(-n2nc(C(F)(F)F)cc2-c2ccc(NS(C)(=O)=O)cc2)cc1,1,IC50,6.28,1,CHEMBL418516
Cc1cc(-c2ccc(NS(C)(=O)=O)cc2)n(-c2ccc(Cl)cc2)n1,1,IC50,6.58,1,CHEMBL45387
CC(C)(C)c1cc(-c2cn3ccsc3n2)cc2c1OCC2(C)C,1,IC50,7.82,1,CHEMBL332028
COc1ccc(-n2nc(C(F)(F)F)cc2-c2ccc(NS(C)(=O)=O)cc2)cc1,1,IC50,6.02,1,CHEMBL298031
CS(=O)(=O)Nc1ccc(-c2cc(C(F)(F)F)nn2-c2ccc(F)cc2)cc1,1,IC50,6.12,1,CHEMBL442548
CC(=O)Nc1ccc(-c2cc(C)nn2-c2ccc(Br)cc2)cc1,1,IC50,6.26,1,CHEMBL47447
CC(C)(C)c1cc(C(=O)NC2CC2)cc2c1OCC2(C)C,1,IC50,6.26,1,CHEMBL119170
COCCNC(=O)c1cc(C(C)(C)C)c2c(c1)C(C)(C)CO2,1,IC50,7.52,1,CHEMBL419947
CC(C)(C)c1cc(/C=C2\CCOC2=O)cc2c1OCC2(C)C,1,IC50,8.46,1,CHEMBL2112567
CC(=O)Nc1ccc(-c2cc(C(F)(F)F)nn2-c2ccc(Br)cc2)cc1,1,IC50,7.16,1,CHEMBL43842
[N-]=[N+]=Nc1ccc(C2=C(c3ccccc3)C(=O)OC2)cc1,1,IC50,6.71,1,CHEMBL102223
CN(C(=O)c1cc(C(C)(C)C)c2c(c1)C(C)(C)CO2)C1CC1,1,IC50,6.0,1,CHEMBL119433
CC1(C)CC(c2cc(C(C)(C)C)c3c(c2)C(C)(C)CO3)=NO1,1,IC50,6.7,1,CHEMBL421608
CS(=O)(=O)Nc1ccc(-c2cc(C(F)(F)F)nn2-c2ccc(Br)cc2)cc1,1,IC50,6.64,1,CHEMBL297788
CS(=O)(=O)Nc1ccc(-c2cc(C(F)F)nn2-c2ccc(Cl)cc2)cc1,1,IC50,6.82,1,CHEMBL45247
CCCCNC(=O)c1cc(C(C)(C)C)c2c(c1)C(C)(C)CO2,1,IC50,6.66,1,CHEMBL119472
CC(C)(C)c1cc(NN2CCC=N2)cc2c1OCC2(C)C,0,IC50 (>),4.0,1,CHEMBL326295
CC(C)(C)c1cc(-c2cccs2)cc2c1OCC2(C)C,1,IC50,7.16,1,CHEMBL118839
Cn1cccc1C(=O)c1cc(C(C)(C)C)c2c(c1)C(C)(C)CO2,1,IC50,7.35,1,CHEMBL119720
CC(C)(C)c1cc(C(=N)N2CCCC2)cc2c1OCC2(C)C,0,IC50 (>),4.0,1,CHEMBL422075
CCCNC(=O)c1cc(C(C)(C)C)c2c(c1)C(C)(C)CO2,1,IC50,6.02,1,CHEMBL122065
CCCCCNC(=O)c1cc(C(C)(C)C)c2c(c1)C(C)(C)CO2,1,IC50,6.6,1,CHEMBL119418
CC(C)(C)c1cc(C(=O)c2cccs2)cc2c1OCC2(C)C,1,IC50,7.42,1,CHEMBL332937
CC(C)(C)c1cc(/C=C\c2cccs2)cc2c1OCC2(C)C,1,IC50,7.46,1,CHEMBL117911
CS(=O)(=O)c1ccc(-c2occ(Cl)c(=O)c2-c2ccc(-c3ccccc3)c(F)c2)cc1,0,IC50,4.06,1,CHEMBL308692
COc1cc(/C=C/C(O)=C/C(=O)/C=C/c2ccc(O)cc2)ccc1O,0,IC50,4.67,1,CHEMBL179512
O=C(/C=C/c1ccc(O)cc1)CC(=O)/C=C/c1ccc(O)cc1,0,IC50,4.44,1,CHEMBL105350
COc1cc(/C=C/c2cc(/C=C/c3ccc(O)cc3)[nH]n2)ccc1O,0,IC50,4.81,1,CHEMBL361141
Oc1ccc(/C=C/c2cc(/C=C/c3ccc(O)cc3)[nH]n2)cc1,0,IC50,4.49,1,CHEMBL178383
COc1cc(/C=C/c2cc(/C=C/c3ccc(O)c(OC)c3)on2)ccc1O,0,IC50,4.97,1,CHEMBL181529
COc1cc(/C=C/C(=O)CC(=O)/C=C/c2ccc(O)c(OC)c2)ccc1O,0,IC50,4.96,3,CHEMBL140
COc1cc(/C=C/c2cc(/C=C/c3ccc(O)cc3)on2)ccc1O,0,IC50,4.72,1,CHEMBL182033
COc1ccc(Sc2c(C#N)[nH]c3cc(S(C)(=O)=O)ccc23)c(Cl)c1,1,IC50,6.48,1,CHEMBL183279
Cc1[nH]c2cc(S(C)(=O)=O)ccc2c1Sc1ccc(F)cc1,1,IC50,7.7,1,CHEMBL362290
Cc1[nH]c2cc(S(C)(=O)=O)ccc2c1Sc1ccc(F)cc1F,1,IC50,6.11,1,CHEMBL363767
COc1ccc(Sc2c(C)[nH]c3cc(S(C)(=O)=O)ccc23)cc1,1,IC50,6.33,1,CHEMBL184281
Cc1[nH]c2cc(S(C)(=O)=O)ccc2c1Cc1ccc(F)cc1F,1,IC50,6.58,1,CHEMBL183970
Cc1[nH]c2cc(S(C)(=O)=O)ccc2c1Cc1ccc(Cl)cc1,1,IC50,6.58,1,CHEMBL185528
COc1ccc(Cc2c(C)[nH]c3cc(S(C)(=O)=O)ccc23)cc1,1,IC50,6.57,1,CHEMBL442036
Cc1[nH]c2cc(S(C)(=O)=O)ccc2c1Cc1ccccc1Cl,1,IC50,7.16,1,CHEMBL363756
Cc1[nH]c2cc(S(C)(=O)=O)ccc2c1[S+]([O-])c1ccc(F)cc1,0,IC50 (>),4.4,1,CHEMBL183930
Cc1[nH]c2cc(S(C)(=O)=O)ccc2c1S(=O)(=O)c1ccc(F)cc1,0,IC50 (>),4.4,1,CHEMBL366306
COC(=O)c1[nH]c2cc(S(C)(=O)=O)ccc2c1Sc1ccc(F)cc1,1,IC50,6.1,1,CHEMBL184039
CS(=O)(=O)c1ccc2c(Sc3ccc(F)cc3)c(C(=O)O)[nH]c2c1,0,IC50 (>),4.4,1,CHEMBL185246
CS(=O)(=O)c1ccc2c(Sc3ccc(F)cc3)c(C(N)=O)[nH]c2c1,0,IC50 (>),4.4,1,CHEMBL366121
CS(=O)(=O)c1ccc2c(Sc3ccc(F)cc3)c(C#N)[nH]c2c1,1,IC50,6.0,1,CHEMBL433585
COC(=O)c1[nH]c2cc(S(C)(=O)=O)ccc2c1Sc1ccc(F)cc1F,1,IC50,6.42,2,CHEMBL183101
CS(=O)(=O)c1ccc2c(Sc3ccc(F)cc3F)c(C(N)=O)[nH]c2c1,0,IC50 (>),4.4,1,CHEMBL363741
CNC(=O)c1[nH]c2cc(S(C)(=O)=O)ccc2c1Sc1ccc(F)cc1F,0,IC50 (>),4.4,1,CHEMBL184436
CS(=O)(=O)c1ccc2c(Sc3ccc(F)cc3F)c(C#N)[nH]c2c1,1,IC50,6.03,1,CHEMBL184764
CS(=O)(=O)c1ccc2c(Sc3ccccc3Cl)c(C#N)[nH]c2c1,1,IC50,6.89,2,CHEMBL183294
Cc1[nH]c2cc(S(C)(=O)=O)ccc2c1Oc1ccc(F)cc1,1,IC50,7.52,1,CHEMBL362093
CS(=O)(=O)c1ccc2c(Sc3ccc(F)cc3)c(CO)[nH]c2c1,1,IC50,6.38,1,CHEMBL184022
CC(=O)OCc1[nH]c2cc(S(C)(=O)=O)ccc2c1Sc1ccccc1Cl,0,IC50 (>),4.4,1,CHEMBL365436
Cc1[nH]c2cc(S(C)(=O)=O)ccc2c1Oc1ccc(F)cc1F,1,IC50,6.96,1,CHEMBL359563
Cc1[nH]c2cc(S(C)(=O)=O)ccc2c1Oc1ccc(Cl)cc1,1,IC50,6.52,1,CHEMBL184075
COc1ccc(Oc2c(C)[nH]c3cc(S(C)(=O)=O)ccc23)cc1,1,IC50,6.7,1,CHEMBL433756
COc1ccc(Oc2c(C)[nH]c3cccc(S(C)(=O)=O)c23)cc1,1,IC50,6.7,1,CHEMBL183178
Cc1[nH]c2cc(S(C)(=O)=O)ccc2c1Oc1ccc(Cl)cc1Cl,1,IC50,6.96,1,CHEMBL360343
Cc1[nH]c2cc(S(C)(=O)=O)ccc2c1C(=O)c1ccc(F)cc1,1,IC50,6.18,1,CHEMBL361055
CS(=O)(=O)Cc1[nH]c2cc(S(C)(=O)=O)ccc2c1Sc1ccccc1Cl,0,IC50 (>),4.4,1,CHEMBL264503
CS(=O)(=O)c1ccc(-c2ccc(F)c(F)c2-c2ccc(F)cc2)cc1,1,IC50,7.85,1,CHEMBL183088
NS(=O)(=O)c1ccc(-c2ccc(F)c(F)c2-c2ccc(F)cc2)cc1,1,IC50,8.4,1,CHEMBL185163
CS(=O)(=O)c1ccc(-c2ccc(F)c(F)c2-c2ccc(F)c(Cl)c2)cc1,1,IC50,8.0,1,CHEMBL185420
NS(=O)(=O)c1ccc(-c2ccc(F)c(F)c2-c2ccc(F)c(Cl)c2)cc1,1,IC50,8.7,1,CHEMBL362779
Cc1cc(-c2c(-c3ccc(S(C)(=O)=O)cc3)ccc(F)c2F)ccc1F,1,IC50,8.3,1,CHEMBL188071
Cc1cc(-c2c(-c3ccc(S(N)(=O)=O)cc3)ccc(F)c2F)ccc1F,1,IC50,8.7,1,CHEMBL365301
COc1ccc(-c2c(-c3ccc(S(C)(=O)=O)cc3)ccc(F)c2F)cc1F,1,IC50,7.68,1,CHEMBL365252
COc1ccc(-c2c(-c3ccc(S(N)(=O)=O)cc3)ccc(F)c2F)cc1F,1,IC50,7.89,1,CHEMBL182820
COc1ccc(-c2c(-c3ccc(S(C)(=O)=O)cc3)ccc(F)c2F)cc1Cl,1,IC50,7.72,1,CHEMBL185407
COc1ccc(-c2c(-c3ccc(S(N)(=O)=O)cc3)ccc(F)c2F)cc1Cl,1,IC50,7.89,1,CHEMBL184122
COc1c(Cl)cc(-c2c(-c3ccc(S(N)(=O)=O)cc3)ccc(F)c2F)cc1Cl,1,IC50,7.68,1,CHEMBL359586
COc1ccc(-c2c(-c3ccc(S(C)(=O)=O)cc3)ccc(F)c2F)cc1C,1,IC50,7.89,1,CHEMBL184498
COc1ccc(-c2c(-c3ccc(S(N)(=O)=O)cc3)ccc(F)c2F)cc1C,1,IC50,8.3,1,CHEMBL184341
COc1ccc(-c2c(-c3ccc(S(C)(=O)=O)cc3)ccc(F)c2F)cc1OC,1,IC50,6.47,1,CHEMBL364166
COc1ccc(-c2c(-c3ccc(S(N)(=O)=O)cc3)ccc(F)c2F)cc1OC,1,IC50,7.19,1,CHEMBL184327
CS(=O)(=O)c1ccc(-c2ccc(F)c(F)c2-c2ccc3c(c2)OCO3)cc1,1,IC50,7.92,1,CHEMBL183515
NS(=O)(=O)c1ccc(-c2ccc(F)c(F)c2-c2ccc3c(c2)OCO3)cc1,1,IC50,8.4,1,CHEMBL365883
Cc1ccc(-c2c(-c3ccc(S(C)(=O)=O)cc3)ccc(F)c2F)cc1,1,IC50,8.16,1,CHEMBL365622
Cc1ccc(-c2c(-c3ccc(S(N)(=O)=O)cc3)ccc(F)c2F)cc1,1,IC50,8.4,1,CHEMBL184076
Cc1ccc(-c2c(-c3ccc(S(C)(=O)=O)cc3)ccc(F)c2F)cc1Cl,1,IC50,7.89,1,CHEMBL362137
Cc1ccc(-c2c(-c3ccc(S(N)(=O)=O)cc3)ccc(F)c2F)cc1Cl,1,IC50,8.52,1,CHEMBL185547
Cc1ccc(-c2c(-c3ccc(S(C)(=O)=O)cc3)ccc(F)c2F)cc1C,1,IC50,7.64,1,CHEMBL184389
Cc1ccc(-c2c(-c3ccc(S(N)(=O)=O)cc3)ccc(F)c2F)cc1C,1,IC50,8.3,1,CHEMBL184375
Cc1cc(-c2c(-c3ccc(S(C)(=O)=O)cc3)ccc(F)c2F)ccc1Cl,1,IC50,8.22,1,CHEMBL182695
Cc1cc(-c2c(-c3ccc(S(N)(=O)=O)cc3)ccc(F)c2F)ccc1Cl,1,IC50,8.52,1,CHEMBL185196
CN(C)c1ccc(-c2c(-c3ccc(S(C)(=O)=O)cc3)ccc(F)c2F)cc1Cl,1,IC50,8.1,1,CHEMBL364598
CN(C)c1ccc(-c2c(-c3ccc(S(N)(=O)=O)cc3)ccc(F)c2F)cc1Cl,1,IC50,8.22,1,CHEMBL363270
CS(=O)(=O)c1ccc(-c2ccc(F)c(F)c2-c2ccc3c(c2)OCCO3)cc1,1,IC50,6.47,1,CHEMBL365890
NS(=O)(=O)c1ccc(-c2ccc(F)c(F)c2-c2ccc3c(c2)OCCO3)cc1,1,IC50,7.49,1,CHEMBL186634
CS(=O)(=O)c1ccc(-c2ccc(Cl)c(Cl)c2-c2ccc(F)cc2)cc1,1,IC50,6.62,1,CHEMBL184145
CS(=O)(=O)c1ccc(-c2ccc3c(c2-c2ccc(F)cc2)OCO3)cc1,1,IC50,7.08,1,CHEMBL365060
CS(=O)(=O)c1ccc(-c2c(-c3cccc(F)c3)nn3ncccc23)cc1,1,IC50,7.47,1,CHEMBL363102
CS(=O)(=O)c1ccc(-c2c(-c3ccccc3)nn3ncccc23)cc1,1,IC50,8.7,1,CHEMBL365865
Cc1ccc(-c2nn3ncccc3c2-c2ccc(S(C)(=O)=O)cc2)cc1,1,IC50,7.77,1,CHEMBL361472
CCOc1ccc(-c2nn3ncccc3c2-c2ccc(S(N)(=O)=O)cc2)cc1,1,IC50,9.36,1,CHEMBL186632
NS(=O)(=O)c1ccc(-c2c(-c3ccc(OC(F)(F)F)cc3)nn3ncccc23)cc1,1,IC50,6.41,1,CHEMBL360182
Cc1ccc2c(-c3ccc(S(C)(=O)=O)cc3)c(-c3ccc(F)cc3)nn2n1,1,IC50,7.62,1,CHEMBL185621
CCc1ccc2c(-c3ccc(S(C)(=O)=O)cc3)c(-c3ccc(F)cc3)nn2n1,1,IC50,7.32,1,CHEMBL187468
COc1ccc2c(-c3ccc(S(C)(=O)=O)cc3)c(-c3ccc(F)cc3)nn2n1,1,IC50,7.29,1,CHEMBL188115
COc1ccc2c(-c3ccc(S(N)(=O)=O)cc3)c(-c3ccc(F)cc3)nn2n1,1,IC50,7.58,1,CHEMBL365267
COc1ccc2c(-c3ccc(S(C)(=O)=O)cc3)c(-c3ccc(C)cc3)nn2n1,1,IC50,7.3,1,CHEMBL184187
CCOc1ccc(-c2nn3nc(SC)ccc3c2-c2ccc(S(N)(=O)=O)cc2)cc1,1,IC50,7.89,1,CHEMBL186709
CS(=O)(=O)c1ccc(-c2c(-c3ccc(F)cc3)nn3nc(S(C)(=O)=O)ccc23)cc1,1,IC50,6.43,1,CHEMBL434520
CCOc1ccc(-c2nn3nc(S(C)(=O)=O)ccc3c2-c2ccc(S(N)(=O)=O)cc2)cc1,1,IC50,6.58,1,CHEMBL361494
CCOc1ccc2c(-c3ccc(S(C)(=O)=O)cc3)c(-c3ccc(F)cc3)nn2n1,1,IC50,7.37,1,CHEMBL183891
CC(C)Oc1ccc2c(-c3ccc(S(C)(=O)=O)cc3)c(-c3ccc(F)cc3)nn2n1,1,IC50,7.24,1,CHEMBL365473
CCOc1ccc(-c2nn3ncccc3c2-c2ccc(S(C)(=O)=O)cc2)cc1,1,IC50,8.52,2,CHEMBL364804
CS(=O)(=O)c1ccc(-c2c(-c3ccc(F)cc3)nn3ncccc23)cc1,1,IC50,7.41,1,CHEMBL359787
Cc1cc(C)c(-c2noc(C)c2-c2ccccc2)c(C)c1,0,IC50 (>),4.0,1,CHEMBL442224
Cc1onc(-c2ccc(Cl)o2)c1-c1ccccc1,0,IC50 (>),4.0,5,CHEMBL363228
COc1cc(OC)c(-c2noc(C)c2-c2ccccc2)c(OC)c1,0,IC50 (>),4.0,1,CHEMBL186764
COc1cc(OC)c(-c2noc(C)c2-c2ccccc2)c(OC)c1Cl,0,IC50 (>),4.0,1,CHEMBL188739
Cc1cc(C)c(S(N)(=O)=O)c(C)c1-c1noc(C)c1-c1ccccc1,0,IC50 (>),4.0,1,CHEMBL185638
Cc1onc(-c2ccc(Cl)o2)c1-c1ccc(S(N)(=O)=O)cc1,0,IC50 (>),4.0,1,CHEMBL185639
COc1cc(OC)c(-c2noc(C)c2-c2ccc(S(N)(=O)=O)cc2)c(OC)c1Cl,0,IC50 (>),4.0,1,CHEMBL186817
Cc1cc(C)c(S(N)(=O)=O)c(C)c1-c1noc(C)c1-c1ccc(S(N)(=O)=O)cc1,0,IC50 (>),4.0,1,CHEMBL189701
CS(=O)(=O)c1ccc(C2=C(c3ccccc3)S(=O)OC2)cc1,0,IC50 (>),4.0,1,CHEMBL195550
CS(=O)(=O)c1ccc(-c2cc(C(F)(F)F)cnc2C(=O)c2ccccc2)cc1,1,IC50,6.6,1,CHEMBL364966
COc1ccc2c(c1F)CSc1c(C(F)(F)F)nn(-c3ccc(S(N)(=O)=O)cc3)c1-2,1,IC50,8.05,1,CHEMBL365769
Cc1ccc2c(c1F)CSc1c(C(F)(F)F)nn(-c3ccc(S(N)(=O)=O)cc3)c1-2,1,IC50,7.8,1,CHEMBL195825
NS(=O)(=O)c1ccc(-n2nc(C(F)(F)F)c3c2-c2cccc(F)c2CS3)cc1,1,IC50,7.68,1,CHEMBL365778
NS(=O)(=O)c1ccc(-n2nc(C(F)(F)F)c3c2-c2ccc(F)c(F)c2CS3)cc1,1,IC50,8.22,1,CHEMBL363574
COc1ccc2c(c1F)CSc1c(C(F)F)nn(-c3ccc(S(N)(=O)=O)cc3)c1-2,1,IC50,7.49,1,CHEMBL365603
COc1ccc2c(c1F)CSc1c(C(F)(F)F)nn(-c3ccc(S(C)(=O)=O)cc3)c1-2,1,IC50,7.12,1,CHEMBL195894
Oc1ccc(-c2nc(-c3ccc(O)cc3Cl)cn2-c2ccc(O)cc2)cc1,0,IC50,4.94,1,CHEMBL195887
C[C@H](C(=O)O)c1ccc(-c2ccccc2)c(F)c1,1,IC50,6.04,1,CHEMBL435298
NS(=O)(=O)c1ccc(-c2nc3ccccc3n2-c2ccc(Cl)cc2)cc1,1,IC50,6.7,1,CHEMBL436116
NS(=O)(=O)c1ccc(-c2c(-c3ccccc3)noc2CF)cc1,1,IC50,8.7,1,CHEMBL371477
NS(=O)(=O)c1ccc(-c2c(-c3ccccc3)noc2CCF)cc1,1,IC50,8.1,1,CHEMBL196041
C[C@@H]1CN(c2c(C#N)c(C(F)F)nn2-c2ccc(S(C)(=O)=O)cn2)C[C@H](C)O1,1,IC50,7.55,1,CHEMBL200812
Cc1cc(=O)c(Oc2ccc(Br)cc2F)c(-c2ccc([S@+](C)[O-])cc2)o1,1,IC50,6.7,1,CHEMBL209408
Cc1cc(=O)c(Oc2ccc(Cl)cc2F)c(-c2ccc([S@+](C)[O-])cc2)o1,1,IC50,6.6,1,CHEMBL208704
Cc1cc(=O)c(Oc2ccc(F)cc2F)c(-c2ccc([S@+](C)[O-])cc2)o1,1,IC50,6.57,1,CHEMBL2096836
Cc1cc(=O)c(Oc2ccc(Br)cc2F)c(-c2ccc([S+](C)[O-])cc2)o1,1,IC50,6.24,1,CHEMBL212463
Cc1cc(=O)c(Oc2ccc(Cl)cc2F)c(-c2ccc([S+](C)[O-])cc2)o1,1,IC50,6.17,1,CHEMBL210897
Cc1cc(=O)c(Oc2ccc(F)cc2F)c(-c2ccc([S+](C)[O-])cc2)o1,1,IC50,6.04,1,CHEMBL209883
O=C1OCC(c2ccc(-c3nn[nH]n3)cc2)=C1c1ccccc1,1,IC50,8.74,1,CHEMBL214101
Cc1ccc(-c2cc(C(F)(F)F)nn2-c2ccc(-c3nn[nH]n3)cc2)cc1,1,IC50,8.72,1,CHEMBL213338
NS(=O)(=O)c1ccc(-n2cnc(Cl)c2-c2ccc(OCCO[N+](=O)[O-])c(F)c2)cc1,0,IC50,4.54,1,CHEMBL223529
NS(=O)(=O)c1ccc(-n2cnc(Cl)c2-c2ccc(OCCO)c(F)c2)cc1,0,IC50,4.7,1,CHEMBL220113
NS(=O)(=O)c1ccc(-n2cnc(Cl)c2-c2ccc(OCCCO[N+](=O)[O-])c(F)c2)cc1,0,IC50,4.8,1,CHEMBL376246
NS(=O)(=O)c1ccc(-n2cnc(Cl)c2-c2ccc(OCCCO)c(F)c2)cc1,0,IC50 (>),4.0,1,CHEMBL386006
CS(=O)(=O)c1ccc(-n2cnc(Cl)c2-c2ccc(OCCO)c(F)c2)cc1,0,IC50,4.25,1,CHEMBL219893
CS(=O)(=O)c1ccc(-n2cnc(Cl)c2-c2ccc(OCCCO[N+](=O)[O-])c(F)c2)cc1,0,IC50,4.85,1,CHEMBL373819
CS(=O)(=O)c1ccc(-n2cnc(Cl)c2-c2ccc(OCCCO)c(F)c2)cc1,0,IC50 (>),4.0,1,CHEMBL219885
CS(=O)(=O)c1ccc(-n2cnc(Cl)c2-c2ccc(OCC(CO[N+](=O)[O-])O[N+](=O)[O-])c(F)c2)cc1,0,IC50,4.12,1,CHEMBL373867
O=C1O[C@H](c2ccc(O)c(O)c2)[C@H]2CO[C@H](c3ccc(O)c(O)c3)[C@@H]12,0,IC50,4.04,1,CHEMBL227135
COc1cc2oc(=O)ccc2cc1O,0,IC50 (>),4.0,1,CHEMBL390320
COc1cc2ccc(=O)oc2cc1O,0,IC50 (>),4.0,1,CHEMBL71851
O=c1c(O)c(-c2ccc(O)cc2)oc2cc(O)cc(O)c12,0,IC50 (>),4.0,1,CHEMBL150
O=c1c(O)c(-c2ccc(O)c(O)c2)oc2cc(O)cc(O)c12,0,IC50,4.54,1,CHEMBL50
Oc1ccc([C@@H]2OC[C@@H]3[C@H]2CO[C@H]3c2ccc(O)c(O)c2)cc1O,0,IC50 (>),4.0,1,CHEMBL227187
COc1cc([C@@H]2OC[C@H]3[C@@H]2CO[C@H]3c2ccc(O)c(OC)c2)ccc1O,0,IC50 (>),4.0,1,CHEMBL460862
OC[C@@H]1[C@@H]([C@H](O)c2ccc(O)c(O)c2)CO[C@@H]1c1ccc(O)c(O)c1,0,IC50,4.13,1,CHEMBL436990
Oc1cc(O)cc(CCc2ccccc2)c1,0,IC50 (>),4.33,1,CHEMBL228120
COc1cc(O)cc(CCc2ccccc2O)c1,0,IC50 (>),4.39,1,CHEMBL228126
COC1=C(C)C(=O)C2=C(CCc3c(O)cccc3O2)C1=O,0,IC50 (>),4.46,1,CHEMBL389849
COc1c(C)c(OC)c2c(c1O)CCc1c(O)cccc1O2,0,IC50 (>),4.48,1,CHEMBL227795
COc1ccc(C2=Cc3ccccc3CC2)c(OC)c1OC,1,IC50,6.18,1,CHEMBL229245
COc1ccccc1C1=Cc2ccccc2C1,0,IC50,4.21,1,CHEMBL376583
C1=C(c2ccc3c(c2)OCO3)Cc2ccccc21,0,IC50 (>),4.0,1,CHEMBL229139
COc1ccc2c(c1)CCC(c1ccc(OC)c(OC)c1OC)=C2,0,IC50 (>),4.0,1,CHEMBL229957
COc1ccc2c(c1)CCC(c1ccc(OC)c(OC)c1)=C2,1,IC50,7.52,1,CHEMBL229955
C1=C(c2ccc3c(c2)OCO3)CCc2ccccc21,0,IC50 (>),4.0,1,CHEMBL229304
COc1ccc(C2=Cc3ccccc3CC2)cc1OC,0,IC50 (>),4.0,1,CHEMBL390117
C[C@@]1(CO)C=Cc2cc(O)ccc2O1,1,IC50,6.2,1,CHEMBL232615
C[C@H](C(=O)O)c1ccc2c(c1)OCCO2,0,IC50,4.78,1,CHEMBL236433
O=C(O)Cc1ccc2c(c1)OCCO2,0,IC50 (>),4.0,1,CHEMBL235786
COc1ccc2c(c1)c(CC(=O)NOCCCO)c(C)n2C(=O)c1ccc(Cl)cc1,1,IC50,6.16,2,CHEMBL393127
Cc1c(CC(=O)NCCCO[N+](=O)[O-])c2cc(OS(N)(=O)=O)ccc2n1C(=O)c1ccc(Cl)cc1,0,IC50,4.58,1,CHEMBL237205
COc1ccc2c(c1)c(CCO[N+](=O)[O-])c(C)n2C(=O)c1ccc(Cl)cc1,0,IC50 (>),5.0,1,CHEMBL237221
COc1ccc2c(c1)c(CCOC(=O)NS(=O)(=O)NCCCO[N+](=O)[O-])c(C)n2C(=O)c1ccc(Cl)cc1,0,IC50 (>),4.0,1,CHEMBL429796
COc1ccc2c(c1)c(CCOC(=O)NCCCO[N+](=O)[O-])c(C)n2C(=O)c1ccc(Cl)cc1,0,IC50 (>),4.0,1,CHEMBL392569
CS(=O)(=O)c1ccc(C2SCC(=O)N2c2ccccc2)cc1,1,IC50,6.7,1,CHEMBL399878
COc1ccc(N2C(=O)CSC2c2ccc(S(C)(=O)=O)cc2)cc1,1,IC50,6.8,1,CHEMBL400080
Cc1ccc(N2C(=O)CSC2c2ccc(S(C)(=O)=O)cc2)cc1,1,IC50,6.82,1,CHEMBL399879
CS(=O)(=O)c1ccc(C2SCC(=O)N2c2ccc(F)cc2)cc1,1,IC50,6.92,1,CHEMBL249995
COc1ccc2c(c1)c(CCOC(=O)c1ccc(Cl)cc1)c(C)n2Cc1ccc(Br)cc1,1,IC50,7.3,1,CHEMBL404107
COc1ccc2c(c1)c(CCNC(=O)c1ccc(Cl)cc1)c(C)n2Cc1ccc(Br)cc1,1,IC50,7.3,1,CHEMBL254377
C/C(=N/OCc1ccccc1Nc1c(Cl)cccc1Cl)C(=O)O,1,IC50,7.0,1,CHEMBL442441
CCOc1cccc(OCC)c1-c1ccc(C(C)C(=O)O)cc1F,1,IC50,7.0,1,CHEMBL257539
NS(=O)(=O)c1ccc(-c2nc(NCc3ccccc3)cc(C(F)(F)F)n2)cc1,0,IC50 (>),5.0,1,CHEMBL410524
CS(=O)(=O)c1ccc(-c2nc(NCC3CC=CCC3)cc(C(F)(F)F)n2)cc1,1,IC50,7.48,2,CHEMBL257054
CS(=O)(=O)c1ccc(-c2nc(NC3CCCCC3)cc(C(F)(F)F)n2)cc1,1,IC50,6.62,3,CHEMBL257295
CS(=O)(=O)c1ccc(-c2nc(NC3CCCC3)cc(C(F)(F)F)n2)cc1,1,IC50,6.72,3,CHEMBL257103
CS(=O)(=O)c1ccc(-c2nc(NCC3CCCC3)cc(C(F)(F)F)n2)cc1,0,IC50 (>),5.0,2,CHEMBL403828
CS(=O)(=O)c1ccc(-c2nc(NCc3nc4ccccc4[nH]3)cc(C(F)(F)F)n2)cc1,0,IC50 (>),5.0,2,CHEMBL257301
CS(=O)(=O)c1ccc(-c2nc(NCc3ccc4ccccc4c3)cc(C(F)(F)F)n2)cc1,0,IC50 (>),5.0,2,CHEMBL257493
Cn1cccc1CNc1cc(C(F)(F)F)nc(-c2ccc(S(C)(=O)=O)cc2)n1,1,IC50,7.54,3,CHEMBL270730
CS(=O)(=O)c1ccc(-c2nc(NCc3nccs3)cc(C(F)(F)F)n2)cc1,1,IC50,7.08,3,CHEMBL405123
CS(=O)(=O)c1ccc(-c2nc(NCC3CCCCC3)cc(C(F)(F)F)n2)cc1,0,IC50 (>),5.0,1,CHEMBL270111
NS(=O)(=O)c1ccc(-c2nc(NCC3CCCCC3)cc(C(F)(F)F)n2)cc1,1,IC50,6.15,3,CHEMBL408897
CS(=O)(=O)c1ccc(-c2nc(NCc3cc4ccccc4s3)cc(C(F)(F)F)n2)cc1,1,IC50,8.23,3,CHEMBL273118
NS(=O)(=O)c1ccc(-c2nc(NCc3cc4ccccc4s3)cc(C(F)(F)F)n2)cc1,1,IC50,7.82,3,CHEMBL442706
CS(=O)(=O)c1ccc(-c2nc(NCc3ccco3)cc(C(F)(F)F)n2)cc1,1,IC50,6.85,3,CHEMBL271551
NS(=O)(=O)c1ccc(-c2nc(NCc3ccco3)cc(C(F)(F)F)n2)cc1,1,IC50,7.84,1,CHEMBL409468
CS(=O)(=O)c1ccc(-c2nc(NCc3cccnc3)cc(C(F)(F)F)n2)cc1,0,IC50 (>),5.0,2,CHEMBL259680
NS(=O)(=O)c1ccc(-c2nc(NCc3cccnc3)cc(C(F)(F)F)n2)cc1,0,IC50 (>),5.0,2,CHEMBL270036
CS(=O)(=O)c1ccc(-c2nc(NCc3ccccn3)cc(C(F)(F)F)n2)cc1,0,IC50 (>),5.0,2,CHEMBL272626
CS(=O)(=O)c1ccc(-c2nc(NCc3ccsc3)cc(C(F)(F)F)n2)cc1,1,IC50,7.75,3,CHEMBL272627
NS(=O)(=O)c1ccc(-c2nc(NCc3ccsc3)cc(C(F)(F)F)n2)cc1,1,IC50,7.29,3,CHEMBL408215
CS(=O)(=O)c1ccc(-c2nc(NCc3cccs3)cc(C(F)(F)F)n2)cc1,1,IC50,8.68,3,CHEMBL271338
NS(=O)(=O)c1ccc(-c2nc(NCc3cccs3)cc(C(F)(F)F)n2)cc1,1,IC50,7.65,3,CHEMBL271337
CS(=O)(=O)c1ccc(-c2nc(NCc3ccccc3)cc(C(F)(F)F)n2)cc1,1,IC50,7.15,3,CHEMBL271339
CC(C)CNc1cc(C(F)(F)F)nc(-c2ccc(S(C)(=O)=O)cc2)n1,1,IC50,6.1,2,CHEMBL257483
CS(=O)(=O)c1ccc(-c2nc(NCc3csc4ccccc34)cc(C(F)(F)F)n2)cc1,0,IC50 (>),5.0,1,CHEMBL407951
NS(=O)(=O)c1ccc(-c2nc(NCc3csc4ccccc34)cc(C(F)(F)F)n2)cc1,0,IC50 (>),5.0,1,CHEMBL270351
CS(=O)(=O)c1ccc(-c2nc(NCc3ccncc3)cc(C(F)(F)F)n2)cc1,1,IC50,6.53,2,CHEMBL271763
NS(=O)(=O)c1ccc(-c2nc(NCc3ccccn3)cc(C(F)(F)F)n2)cc1,0,IC50 (>),5.0,1,CHEMBL407712
Cc1c(Cl)nc(-c2ccc(S(C)(=O)=O)cc2)nc1NCc1ccc(F)cc1,1,IC50,7.16,2,CHEMBL256847
CS(=O)(=O)c1ccc(-c2nc(Cl)cc(NCc3ccc(F)cc3)n2)cc1,1,IC50,7.47,2,CHEMBL257677
CCc1c(NCc2ccc(F)cc2)nc(-c2ccc(S(C)(=O)=O)cc2)nc1C(F)(F)F,1,IC50,6.99,2,CHEMBL404362
Cc1c(NCc2ccc(F)cc2)nc(-c2ccc(S(C)(=O)=O)cc2)nc1C(F)(F)F,1,IC50,7.65,2,CHEMBL257678
Cc1ccc(CNc2nc(-c3ccc(S(C)(=O)=O)cc3)nc(Cl)c2C)cc1,1,IC50,7.43,2,CHEMBL257108
Cc1ccc(CNc2cc(Cl)nc(-c3ccc(S(C)(=O)=O)cc3)n2)cc1,1,IC50,7.35,2,CHEMBL257299
CCc1c(NCc2cccs2)nc(-c2ccc(S(C)(=O)=O)cc2)nc1C(F)(F)F,1,IC50,6.92,2,CHEMBL270517
Cc1c(NCc2cccs2)nc(-c2ccc(S(C)(=O)=O)cc2)nc1C(F)(F)F,1,IC50,7.42,2,CHEMBL272678
Cc1c(NCc2ccccc2)nc(-c2ccc(S(C)(=O)=O)cc2)nc1C(F)(F)F,1,IC50,7.75,2,CHEMBL272862
CS(=O)(=O)c1ccc(-c2nc(NCc3cccs3)cc(OC3CCCC3)n2)cc1,1,IC50,8.12,2,CHEMBL271348
COCCOc1cc(NCc2cccs2)nc(-c2ccc(S(C)(=O)=O)cc2)n1,1,IC50,8.62,2,CHEMBL271549
CCOc1cc(NCc2cccs2)nc(-c2ccc(S(C)(=O)=O)cc2)n1,1,IC50,9.52,2,CHEMBL271173
CC[S+]([O-])c1cc(NCc2cccs2)nc(-c2ccc(S(C)(=O)=O)cc2)n1,1,IC50,7.42,2,CHEMBL406527
CCN(CC)c1cc(NCc2cccs2)nc(-c2ccc(S(C)(=O)=O)cc2)n1,1,IC50,8.21,2,CHEMBL259468
CS(=O)(=O)c1ccc(-c2nccc(NCc3cccs3)n2)cc1,1,IC50,8.04,2,CHEMBL405564
CS(=O)(=O)c1ccc(-c2nccc(NCc3ccccc3)n2)cc1,0,IC50 (>),5.0,1,CHEMBL405743
CC(C)Nc1cc(NCc2cccs2)nc(-c2ccc(S(C)(=O)=O)cc2)n1,1,IC50,7.99,2,CHEMBL271614
CC(C)Nc1cc(NCc2ccccc2)nc(-c2ccc(S(C)(=O)=O)cc2)n1,1,IC50,6.56,2,CHEMBL272208
CS(=O)(=O)c1ccc(-c2nc(O)cc(NCc3cccs3)n2)cc1,1,IC50,7.1,2,CHEMBL272393
CS(=O)(=O)c1ccc(-c2nc(O)cc(NCc3ccccc3)n2)cc1,1,IC50,7.31,2,CHEMBL269832
CCS(=O)(=O)c1cc(NCc2cccs2)nc(-c2ccc(S(C)(=O)=O)cc2)n1,1,IC50,6.84,2,CHEMBL408216
CCS(=O)(=O)c1cc(NCc2ccccc2)nc(-c2ccc(S(C)(=O)=O)cc2)n1,1,IC50,7.04,2,CHEMBL272239
CCSc1cc(NCc2cccs2)nc(-c2ccc(S(C)(=O)=O)cc2)n1,1,IC50,8.92,2,CHEMBL272433
CCSc1cc(NCc2ccccc2)nc(-c2ccc(S(C)(=O)=O)cc2)n1,1,IC50,7.62,2,CHEMBL408788
CS(=O)(=O)c1ccc(-c2nc(Cl)cc(NCc3cccs3)n2)cc1,1,IC50,8.92,3,CHEMBL270078
CS(=O)(=O)c1ccc(-c2nc(Cl)cc(NCc3ccccc3)n2)cc1,1,IC50,7.96,2,CHEMBL270305
COc1cc(NCc2cccs2)nc(-c2ccc(S(C)(=O)=O)cc2)n1,1,IC50,9.4,2,CHEMBL270293
COc1cc(NCc2ccccc2)nc(-c2ccc(S(C)(=O)=O)cc2)n1,1,IC50,8.29,2,CHEMBL271932
CC(C)(C)c1cc(NCc2cccs2)nc(-c2ccc(S(C)(=O)=O)cc2)n1,1,IC50,7.51,2,CHEMBL405071
CC(C)(C)c1cc(NCc2ccccc2)nc(-c2ccc(S(C)(=O)=O)cc2)n1,1,IC50,7.03,2,CHEMBL271103
CC(C)c1cc(NCc2cccs2)nc(-c2ccc(S(C)(=O)=O)cc2)n1,1,IC50,8.01,2,CHEMBL271104
CC(C)c1cc(NCc2ccccc2)nc(-c2ccc(S(C)(=O)=O)cc2)n1,1,IC50,7.6,2,CHEMBL255378
CS(=O)(=O)c1ccc(-c2nc(NCc3ccc(Cl)s3)cc(C(F)(F)F)n2)cc1,1,IC50,8.27,2,CHEMBL403957
Cc1ccc(CNc2cc(C(F)(F)F)nc(-c3ccc(S(C)(=O)=O)cc3)n2)s1,1,IC50,7.93,2,CHEMBL269818
Cc1ccsc1CNc1cc(C(F)(F)F)nc(-c2ccc(S(C)(=O)=O)cc2)n1,1,IC50,6.28,2,CHEMBL403099
CS(=O)(=O)c1ccc(-c2nc(NCc3ccc(N)cc3)cc(C(F)(F)F)n2)cc1,1,IC50,6.67,2,CHEMBL403827
CS(=O)(=O)Oc1ccc(CNc2cc(C(F)(F)F)nc(-c3ccc(S(C)(=O)=O)cc3)n2)cc1,0,IC50 (>),5.0,1,CHEMBL402784
CS(=O)(=O)c1ccc(-c2nc(NCc3ccc(O)cc3)cc(C(F)(F)F)n2)cc1,1,IC50,6.2,2,CHEMBL257300
COCOc1ccc(CNc2cc(C(F)(F)F)nc(-c3ccc(S(C)(=O)=O)cc3)n2)cc1,0,IC50 (>),5.0,1,CHEMBL272863
COc1ccc(CNc2cc(C(F)(F)F)nc(-c3ccc(S(C)(=O)=O)cc3)n2)cc1,1,IC50,6.57,2,CHEMBL414005
CS(=O)(=O)c1ccc(-c2nc(NCc3ccc(OC(F)(F)F)cc3)cc(C(F)(F)F)n2)cc1,0,IC50 (>),5.0,1,CHEMBL409467
CS(=O)(=O)c1ccc(-c2nc(NCc3cc(F)cc(F)c3)cc(C(F)(F)F)n2)cc1,1,IC50,6.52,2,CHEMBL259678
CC(C)c1ccc(CNc2cc(C(F)(F)F)nc(-c3ccc(S(C)(=O)=O)cc3)n2)cc1,0,IC50 (>),5.0,1,CHEMBL410232
CS(=O)(=O)c1ccc(-c2nc(NCc3ccc(F)cc3)cc(C(F)(F)F)n2)cc1,1,IC50,7.11,2,CHEMBL405841
Cc1ccc(CNc2cc(C(F)(F)F)nc(-c3ccc(S(C)(=O)=O)cc3)n2)cc1,1,IC50,7.32,2,CHEMBL270510
CS(=O)(=O)c1ccc(-c2nc(SCc3cccs3)cc(C(F)(F)F)n2)cc1,1,IC50,8.39,2,CHEMBL270294
CS(=O)(=O)c1ccc(-c2nc(C(F)(F)F)cc(S(=O)(=O)Cc3ccccc3)n2)cc1,0,IC50 (>),5.0,1,CHEMBL410911
CS(=O)(=O)c1ccc(-c2nc([S+]([O-])Cc3ccccc3)cc(C(F)(F)F)n2)cc1,0,IC50 (>),5.0,1,CHEMBL446368
CS(=O)(=O)c1ccc(-c2nc(SCc3ccccc3)cc(C(F)(F)F)n2)cc1,1,IC50,6.28,2,CHEMBL270723
CC(C)c1ccc(Nc2cc(C(F)(F)F)nc(-c3ccc(S(C)(=O)=O)cc3)n2)cc1,0,IC50 (>),5.0,1,CHEMBL272145
CS(=O)(=O)c1ccc(-c2nc(Nc3ccccc3)cc(C(F)(F)F)n2)cc1,0,IC50 (>),5.0,1,CHEMBL403985
CC(Nc1cc(C(F)(F)F)nc(-c2ccc(S(C)(=O)=O)cc2)n1)c1ccccc1,1,IC50,6.28,2,CHEMBL271312
CCN(Cc1ccccc1)c1cc(C(F)(F)F)nc(-c2ccc(S(C)(=O)=O)cc2)n1,0,IC50 (>),5.0,1,CHEMBL271314
CN(Cc1ccccc1)c1cc(C(F)(F)F)nc(-c2ccc(S(C)(=O)=O)cc2)n1,1,IC50,6.34,2,CHEMBL403720
CCc1cccc(C)c1Nc1ccccc1CC(=O)O,1,IC50,6.49,1,CHEMBL259842
Cc1cccc(C)c1Nc1ccccc1CC(=O)O,1,IC50,7.33,1,CHEMBL76154
O=C(O)Cc1ccccc1Nc1c(Cl)cccc1C(F)(F)F,1,IC50,6.78,1,CHEMBL258738
O=C(O)Cc1ccccc1Nc1c(F)cccc1C(F)(F)F,1,IC50,6.2,1,CHEMBL408156
Cc1cccc(Cl)c1Nc1ccccc1CC(=O)O,1,IC50,7.7,1,CHEMBL76084
Cc1ccc(Nc2c(C)cccc2Cl)c(CC(=O)O)c1,1,IC50,7.22,1,CHEMBL407368
Cc1ccc(Nc2c(Cl)cc(Cl)cc2Cl)c(CC(=O)O)c1,1,IC50,7.55,1,CHEMBL407109
Cc1ccc(Nc2c(Cl)cccc2Cl)c(CC(=O)O)c1,1,IC50,7.33,2,CHEMBL259218
Nc1ccc(C(=O)Nc2cccc(C(F)(F)F)c2)cc1,0,IC50 (>),4.0,1,CHEMBL261520
Nc1ccc(C(=O)Nc2ccccc2C(F)(F)F)cc1,0,IC50 (>),4.0,1,CHEMBL261321
Nc1cccc(C(=O)Nc2cccc(C(F)(F)F)c2)c1,0,IC50 (>),4.0,1,CHEMBL260564
Nc1cccc(C(=O)Nc2ccccc2C(F)(F)F)c1,0,IC50 (>),4.0,1,CHEMBL442465
Nc1ccc(NC(=O)c2cccc(C(F)(F)F)c2)cc1,0,IC50 (>),4.0,1,CHEMBL260566
Nc1cccc(NC(=O)c2cccc(C(F)(F)F)c2)c1,0,IC50 (>),4.0,1,CHEMBL261265
Nc1ccccc1NC(=O)c1cccc(C(F)(F)F)c1,0,IC50 (>),4.0,1,CHEMBL261266
Nc1ccc(NC(=O)c2ccccc2C(F)(F)F)cc1,0,IC50 (>),4.0,1,CHEMBL408808
Nc1cccc(NC(=O)c2ccccc2C(F)(F)F)c1,0,IC50 (>),4.0,1,CHEMBL261485
Nc1ccccc1NC(=O)c1ccccc1C(F)(F)F,0,IC50 (>),4.0,1,CHEMBL406881
Nc1ccc(C(=O)Nc2ccc(C(F)(F)F)cc2)cc1,0,IC50 (>),4.0,1,CHEMBL261598
Nc1cccc(C(=O)Nc2ccc(C(F)(F)F)cc2)c1,0,IC50 (>),4.0,1,CHEMBL406515
Nc1ccccc1C(=O)Nc1ccc(C(F)(F)F)cc1,0,IC50 (>),4.0,1,CHEMBL261815
Nc1ccccc1C(=O)Nc1cccc(C(F)(F)F)c1,0,IC50 (>),4.0,1,CHEMBL279404
Nc1ccccc1C(=O)Nc1ccccc1C(F)(F)F,0,IC50 (>),4.0,1,CHEMBL264163
Nc1ccc(NC(=O)c2ccc(C(F)(F)F)cc2)cc1,0,IC50 (>),4.0,1,CHEMBL405417
Nc1cccc(NC(=O)c2ccc(C(F)(F)F)cc2)c1,0,IC50 (>),4.0,1,CHEMBL406328
Nc1ccccc1NC(=O)c1ccc(C(F)(F)F)cc1,0,IC50 (>),4.0,1,CHEMBL259539
Nc1ccc(C(=O)Nc2ccc(C(F)(F)F)cc2)nc1,0,IC50 (>),4.0,1,CHEMBL260386
Nc1ccc(C(=O)Nc2ccc(C(F)(F)F)cn2)cc1,0,IC50 (>),4.0,1,CHEMBL260387
Nc1ccnc(NC(=O)c2ccc(C(F)(F)F)cc2)c1,0,IC50 (>),4.0,1,CHEMBL261550
Nc1cccnc1NC(=O)c1ccc(C(F)(F)F)cc1,0,IC50 (>),4.0,1,CHEMBL405319
Nc1ccc(NC(=O)c2cccc(C(F)(F)F)c2)nc1,0,IC50 (>),4.0,1,CHEMBL429148
Nc1ccnc(NC(=O)c2cccc(C(F)(F)F)c2)c1,0,IC50 (>),4.0,1,CHEMBL258656
Nc1cccnc1NC(=O)c1cccc(C(F)(F)F)c1,0,IC50 (>),4.0,1,CHEMBL407577
COc1ccc(-c2nc(C(=O)N3CCN(C)CC3)sc2-c2ccc(OC)cc2)cc1,0,IC50,4.19,2,CHEMBL275809
Oc1ccc([C@@H]2c3c(O)cc(O)cc3[C@H]3[C@H](c4ccc(O)cc4)c4c(O)cc(O)cc4[C@@H]23)cc1,0,IC50,4.1,1,CHEMBL480462
CN(C)/C=N/S(=O)(=O)c1ccc(-n2cc(/C=N\N=C3/SCC(=O)N3c3ccc(Cl)cc3)c(-c3ccccc3)n2)cc1,1,IC50,6.19,1,CHEMBL467837
CS(=O)(=O)c1ccc(-c2[se]ncc2-c2ccc(F)cc2)cc1,1,IC50,6.22,1,CHEMBL452744
CS(=O)(=O)c1ccc(-c2[nH]c3ccc(F)cc3c2-c2ccccc2)cc1,1,IC50,8.3,2,CHEMBL525246
NS(=O)(=O)c1ccc(-c2[nH]c3ccc(Cl)cc3c2-c2cccc(Cl)c2)cc1,1,IC50,8.5,2,CHEMBL524542
NS(=O)(=O)c1ccc(-c2[nH]c3ccccc3c2-c2ccc(O)cc2)cc1,1,IC50,8.19,2,CHEMBL526370
Cc1ccc(-c2c(-c3ccc(S(C)(=O)=O)cc3)[nH]c3ccccc23)cc1C,1,IC50,9.77,2,CHEMBL525021
COc1ccc(-c2c(-c3ccc(S(C)(=O)=O)cc3)[nH]c3ccccc23)cc1,1,IC50,10.7,2,CHEMBL499069
NS(=O)(=O)c1ccc(-c2[nH]c3ccccc3c2-c2ccc(Br)cc2)cc1,1,IC50,8.08,2,CHEMBL499041
CS(=O)(=O)c1ccc(-c2[nH]c3ccccc3c2-c2ccc(Cl)cc2)cc1,1,IC50,6.84,2,CHEMBL524304
CS(=O)(=O)c1ccc(-c2[nH]c3ccccc3c2-c2ccc(F)cc2)cc1,1,IC50,10.7,2,CHEMBL501208
Cc1ccc2[nH]c(-c3ccc(S(C)(=O)=O)cc3)c(-c3ccccc3)c2c1,1,IC50,9.55,2,CHEMBL525250
Cc1ccc2[nH]c(-c3ccc(S(N)(=O)=O)cc3)c(-c3ccccc3)c2c1,1,IC50,10.7,2,CHEMBL525247
CS(=O)(=O)c1ccc(-c2[nH]c3ccc(Br)cc3c2-c2ccccc2)cc1,1,IC50,8.85,2,CHEMBL527107
NS(=O)(=O)c1ccc(-c2[nH]c3ccc(Br)cc3c2-c2ccccc2)cc1,1,IC50,8.3,2,CHEMBL502286
CS(=O)(=O)c1ccc(-c2[nH]c3ccc(Cl)cc3c2-c2ccccc2)cc1,1,IC50,9.44,2,CHEMBL502285
NS(=O)(=O)c1ccc(-c2[nH]c3ccc(Cl)cc3c2-c2ccccc2)cc1,1,IC50,9.85,2,CHEMBL499349
NS(=O)(=O)c1ccc(-c2[nH]c3ccc(F)cc3c2-c2ccccc2)cc1,1,IC50,8.7,2,CHEMBL499348
CS(=O)(=O)c1ccc(-c2[nH]c3ccc(Cl)cc3c2-c2ccccc2Cl)cc1,1,IC50,8.0,2,CHEMBL525020
NS(=O)(=O)c1ccc(-c2[nH]c3ccc(Cl)cc3c2-c2ccccc2Cl)cc1,1,IC50,7.0,2,CHEMBL500935
CS(=O)(=O)c1ccc(-c2[nH]c3ccc(Cl)cc3c2-c2cccc(Cl)c2)cc1,1,IC50,9.1,2,CHEMBL500675
CS(=O)(=O)c1ccc(-c2[nH]c3ccc(Cl)cc3c2-c2ccc(Cl)cc2)cc1,1,IC50,7.07,2,CHEMBL526720
NS(=O)(=O)c1ccc(-c2[nH]c3ccc(Cl)cc3c2-c2ccc(Cl)cc2)cc1,1,IC50,9.27,2,CHEMBL500674
CC(=O)NS(=O)(=O)c1ccc(-c2[nH]c3ccccc3c2-c2ccccc2)cc1,1,IC50,9.74,2,CHEMBL500943
Cc1ccc(-c2c(-c3ccc(S(N)(=O)=O)cc3)[nH]c3ccccc23)cc1C,1,IC50,8.84,2,CHEMBL502556
Cc1ccc(-c2c(-c3ccc(S(C)(=O)=O)cc3)[nH]c3ccccc23)cc1,1,IC50,10.05,2,CHEMBL524543
Cc1ccc(-c2c(-c3ccc(S(N)(=O)=O)cc3)[nH]c3ccccc23)cc1,1,IC50,10.16,2,CHEMBL502555
CS(=O)(=O)c1ccc(-c2[nH]c3ccccc3c2-c2ccc(Br)cc2)cc1,1,IC50,9.43,2,CHEMBL502554
NS(=O)(=O)c1ccc(-c2[nH]c3ccccc3c2-c2ccc(Cl)cc2)cc1,1,IC50,7.47,2,CHEMBL524662
NS(=O)(=O)c1ccc(-c2[nH]c3ccccc3c2-c2ccc(F)cc2)cc1,1,IC50,8.29,2,CHEMBL499347
CS(=O)(=O)c1ccc(-c2[nH]c3ccccc3c2-c2ccccc2)cc1,1,IC50,9.22,2,CHEMBL499070
NS(=O)(=O)c1ccc(-c2[nH]c3ccccc3c2-c2ccccc2)cc1,1,IC50,10.05,2,CHEMBL500936
CC(C(=O)O)c1cccc(C(=O)c2ccccc2)c1,1,IC50,7.21,4,CHEMBL571
CC(COC(=O)C(C)c1ccc2c(c1)[nH]c1ccc(Cl)cc12)O[N+](=O)[O-],0,IC50,4.35,1,CHEMBL498529
CC(C(=O)OCCO[N+](=O)[O-])c1ccc2c(c1)[nH]c1ccc(Cl)cc12,0,IC50,4.19,1,CHEMBL497678
CC(C(=O)OCC(CO[N+](=O)[O-])O[N+](=O)[O-])c1cccc(C(=O)c2ccccc2)c1,1,IC50,6.13,1,CHEMBL497859
CC(COC(=O)C(C)c1cccc(C(=O)c2ccccc2)c1)O[N+](=O)[O-],1,IC50,6.14,1,CHEMBL497858
CC(C(=O)OCCO[N+](=O)[O-])c1cccc(C(=O)c2ccccc2)c1,1,IC50,6.11,1,CHEMBL444396
c1ccc(Nc2c(-c3ccccn3)nc3ccccn23)cc1,0,IC50,4.73,1,CHEMBL466188
COc1ccc(-c2cc(-c3ccccc3)c(-c3ccc(S(C)(=O)=O)cc3)c(=O)o2)cc1,1,IC50,7.7,1,CHEMBL187137
C[C@H]1[C@H](C)CC[C@]2(C(=O)O)CC[C@]3(C)C(=CC[C@@H]4[C@@]5(C)CC[C@H](O)C(C)(C)[C@@H]5CC[C@]43C)[C@H]12,0,IC50 (>),4.4,2,CHEMBL169
CC1(C)CC[C@]2(C(=O)O)CC[C@]3(C)C(=CC[C@@H]4[C@@]5(C)CC[C@H](O)C(C)(C)[C@@H]5CC[C@]43C)[C@@H]2C1,0,IC50 (>),4.4,2,CHEMBL168
O=C(/C=C/c1ccc(O)c(O)c1)OCCc1ccccc1,0,IC50,4.09,1,CHEMBL319244
C=C1C(=O)O[C@@H]2C[C@@]3(C)C=CC(=O)C(=C)[C@@H]3C[C@H]12,1,IC50,6.4,1,CHEMBL512400
C=C1C(=O)O[C@H]2[C@H]1[C@H](OC(=O)[C@@]1(C)O[C@H]1C)[C@@H](OC(C)=O)/C(C(=O)OC)=C\CC[C@@]1(C)O[C@H]21,1,IC50,6.22,1,CHEMBL206765
O=C1c2ccccc2-n2c1nc1ccccc1c2=O,1,IC50,7.19,2,CHEMBL306946
CC(C)=CCc1c([C@@H]2CCc3ccc(O)cc3O2)cc2c(c1O)OC(C)(C)C=C2,0,IC50 (>),4.0,1,CHEMBL465371
CC(C)=CCc1c(-c2ccc(O)cc2O)oc2c(CC=C(C)C)c(O)cc(O)c2c1=O,0,IC50 (>),4.0,1,CHEMBL518543
C=C1C(=O)O[C@H]2[C@H]1[C@H](OC(=O)[C@]1(C)O[C@@H]1C)[C@@H](OC(C)=O)/C(C(=O)O)=C\[C@H]1O[C@H]1[C@]1(C)O[C@H]21,1,IC50,6.4,1,CHEMBL463571
CC(C)=CCc1c(-c2ccc(O)cc2O)oc2c3c(cc(O)c2c1=O)OC(C)(C)C=C3,0,IC50,4.0,2,CHEMBL464006
C=C1C(=O)O[C@@H]2C3O[C@]3(C)CC/C=C(\C)CC[C@@H]12,1,IC50,6.1,1,CHEMBL4298697
C[C@@H]1C[C@H]2O[C@@H]2/C=C\C=C\C(=O)Cc2c(Cl)c(O)cc(O)c2C(=O)O1,1,IC50,7.57,1,CHEMBL414883
O=c1c2ccccc2nc2n1CCc1c-2[nH]c2ccccc12,1,IC50,6.55,2,CHEMBL85139
CC(C)=CCC12Oc3cc(O)c(C4=CC5(C)CC(C4)c4ccc(O)cc4O5)c(O)c3C(=O)C1(O)Oc1cc(O)ccc12,0,IC50 (>),4.0,1,CHEMBL507430
CC(C)=CCC12Oc3cc(O)ccc3C1(O)Oc1cc(O)c([C@H]3C=C(C)C[C@@H](c4ccc(O)cc4O)[C@@H]3C(=O)c3ccc(O)cc3O)c(O)c1C2=O,0,IC50,4.14,1,CHEMBL464610
C[C@@H]1C[C@@H]2OC(=O)[C@]3(C)[C@H]2[C@@H](OC3(C)O)[C@]2(C)C(=O)C=C[C@@H]12,0,IC50,4.75,1,CHEMBL490324
CC(C)[C@]12O[C@H]1[C@@H]1O[C@]13[C@]1(O[C@H]1C[C@H]1C4=C(CC[C@@]13C)C(=O)OC4)[C@@H]2O,1,IC50,7.4,1,CHEMBL463763
COc1c(O)cc(O)c2c(=O)cc(-c3ccccc3)oc12,0,IC50,4.34,3,CHEMBL16171
CCCN1CC(c2ccc(S(C)(=O)=O)cc2)=C(c2ccc(CO)cc2)C1=O,1,IC50,7.06,1,CHEMBL469785
CC(C)(O)[C@H](O)Cc1cc(/C=C/c2cc(O)cc(O)c2)ccc1O,0,IC50,4.86,1,CHEMBL446319
C/C(=C\Cc1c(O)ccc(C(=O)/C=C/c2ccc(O)cc2)c1O)COC(=O)/C=C/c1ccc(O)cc1,0,IC50,4.82,1,CHEMBL517334
C[C@@H]1O[C@@H](O[C@H]2Cc3c(O)cc(O)cc3O[C@@H]2c2ccc(O)cc2)[C@H](O)[C@H](O)[C@H]1O,0,IC50,4.71,1,CHEMBL517149
Oc1cc(O)cc(-c2cc3ccc(O)cc3o2)c1,0,IC50,4.65,1,CHEMBL512578
CC(C)=CCc1c(O)ccc2cc(-c3cc(O)cc(O)c3)oc12,0,IC50,4.5,1,CHEMBL463125
CC(C)=CCc1cc(/C=C/c2cc(O)cc(O)c2)c(O)cc1O,0,IC50,4.43,1,CHEMBL463126
C/C(=C/Cc1c(O)ccc(C(=O)/C=C/c2ccc(O)cc2)c1O)COC(=O)/C=C/c1ccc(O)cc1,0,IC50,4.42,1,CHEMBL497716
O=C1CC(c2ccc(O)cc2O)Oc2cc(O)cc(O)c21,0,IC50,4.33,1,CHEMBL465194
Oc1ccc([C@H]2Oc3cc(O)cc(O)c3C[C@H]2O)cc1,0,IC50,4.16,1,CHEMBL159303
Oc1cc(O)c2c(c1)O[C@H](c1ccc(O)c(O)c1)[C@@H](O)C2,0,IC50,4.03,1,CHEMBL311498
O=C1c2c(O)cc(O)cc2O[C@H](c2ccc(O)cc2O)[C@H]1O,0,IC50 (>),4.0,1,CHEMBL463453
Oc1ccc([C@H]2Oc3c(c(O)cc(O)c3[C@H]3c4c(O)cc(O)cc4O[C@H](c4ccc(O)c(O)c4)[C@@H]3O)C[C@H]2O)cc1,0,IC50 (>),4.0,1,CHEMBL447023
O=c1cc(-c2ccc(O)cc2O)oc2cc(O)cc(O)c12,0,IC50 (>),4.0,1,CHEMBL463145
CS(=O)(=O)c1ccc(-n2nncc2-c2ccc(F)cc2)cc1,1,IC50,7.52,1,CHEMBL457332
CS(=O)(=O)c1ccc(-n2nncc2-c2ccc(Cl)cc2)cc1,1,IC50,7.4,1,CHEMBL455837
CN(C)c1ccc(-c2cnnn2-c2ccc(S(C)(=O)=O)cc2)cc1,1,IC50,6.44,1,CHEMBL457331
COc1ccc(-c2cnnn2-c2ccc(S(C)(=O)=O)cc2)cc1,1,IC50,6.77,1,CHEMBL514418
Cc1ccc(-c2cnnn2-c2ccc(S(C)(=O)=O)cc2)cc1,1,IC50,6.92,1,CHEMBL512917
CS(=O)(=O)c1ccc(-n2nncc2-c2ccccc2)cc1,1,IC50,6.96,1,CHEMBL458647
CS(=O)(=O)c1ccc(-n2cc(-c3ccc(F)cc3)nn2)cc1,1,IC50,6.68,1,CHEMBL507789
CS(=O)(=O)c1ccc(-n2cc(-c3ccc(Cl)cc3)nn2)cc1,1,IC50,6.72,1,CHEMBL452660
CN(C)c1ccc(-c2cn(-c3ccc(S(C)(=O)=O)cc3)nn2)cc1,0,IC50 (>),5.0,1,CHEMBL512916
CS(=O)(=O)c1ccc(-n2cc(-c3ccccc3)nn2)cc1,1,IC50,6.82,1,CHEMBL449930
COc1ccc(/C=C/c2cc(O)cc(O)c2)cc1,0,IC50,4.71,1,CHEMBL291501
COc1cc(/C=C/c2ccc(O)cc2)cc(OC)c1,1,IC50,6.09,1,CHEMBL83527
CC/C(=C\c1cc(O)cc(O)c1)c1ccc(N(C)C)cc1,0,IC50,4.83,1,CHEMBL471104
CC/C(=C\c1cc(O)cc(O)c1)c1cccc(F)c1,0,IC50,4.75,1,CHEMBL471103
COc1ccc(/C(C)=C/c2cc(O)cc(O)c2)cc1,0,IC50,4.8,1,CHEMBL474935
COc1ccc(/C=C(\C)c2cc(O)cc(O)c2)cc1OC,0,IC50,4.89,1,CHEMBL491081
C/C(=C\c1ccc(C(F)(F)F)cc1)c1ccc(O)cc1,1,IC50,6.33,1,CHEMBL491079
O=[N+]([O-])c1ccc(/C=C/c2cc(O)cc(O)c2)cc1,0,IC50,4.5,1,CHEMBL490673
Oc1cc(O)cc(/C=C/c2cccc(F)c2)c1,1,IC50,6.09,1,CHEMBL490482
COc1ccc(/C=C/c2cc(O)cc(O)c2)cc1OC,0,IC50,4.67,1,CHEMBL473518
O=C([O-])c1cccc(Cc2cc(Cl)ccc2OCc2ccc(Cl)cc2F)n1,0,IC50 (>),4.0,1,CHEMBL467114
CC(=O)O[C@@]12[C@H](OC(=O)[C@H](C(C)C)N(C)C)[C@@H](C)[C@]3(O)[C@@H]4C=C(C)C(=O)[C@@H]4CC(CO)=C[C@H]3[C@@H]1C2(C)C,0,IC50 (>),4.0,1,CHEMBL525601
CC(=O)O[C@@]12[C@H](OC(=O)C(=C(C)C)N(C)C)[C@@H](C)[C@]3(O)[C@@H]4C=C(C)C(=O)[C@@H]4CC(CO)=C[C@H]3[C@@H]1C2(C)C,0,IC50 (>),4.0,1,CHEMBL526931
CCCCCCCCCCCCCCCCCC(=O)O[C@H]1C[C@@H](O)[C@]2(C)[C@H]3CC[C@@H]4[C@@H]([C@@](C)(O)CCC=C(C)C)CC[C@@]4(C)[C@]3(C)CC[C@H]2C1(C)C,1,IC50,6.43,1,CHEMBL504631
COc1ccc(O)c(O)c1/C=C1\[C@@H](C)CC[C@H]2C(C)(C)CCC[C@]12C,1,IC50,6.16,1,CHEMBL456619
CS(=O)(=O)c1ccc(-n2nc(C(F)(F)F)cc2-c2ccnc(Cl)c2)cc1,1,IC50,6.72,1,CHEMBL463232
NS(=O)(=O)c1ccc(-n2nc(C(F)(F)F)cc2-c2ccn(C(F)F)c(=O)c2)cc1,1,IC50,6.16,1,CHEMBL516680
NS(=O)(=O)c1ccc(-n2nc(C(F)(F)F)cc2-c2ccnc(Cl)c2)cc1,1,IC50,6.14,1,CHEMBL507398
CC(C)(C)c1cc(-c2cc(=S)ss2)cc(C(C)(C)C)c1O,1,IC50,8.14,1,CHEMBL462911
COc1c(C(C)(C)C)cc(-c2cc(=S)ss2)cc1C(C)(C)C,1,IC50,7.33,1,CHEMBL462709
COc1ccc2c(c1)c(CC(=O)OC(CO[N+](=O)[O-])CO[N+](=O)[O-])c(C)n2C(=O)c1ccc(Cl)cc1,1,IC50,6.22,1,CHEMBL466447
CCN1CCOc2ccc(C(=O)Nc3nnc(-c4c(Cl)cccc4Cl)s3)cc21,0,Ki (>),4.6,1,CHEMBL563480
Cc1c(CC(=O)O)c2cccnc2n1S(=O)(=O)c1ccc(Cl)cc1,0,IC50 (>),5.0,1,CHEMBL561539
O=C(O)c1cc(-c2ccn(C(F)F)c(=O)c2)ccc1O,1,IC50,6.01,1,CHEMBL578389
CC(=O)NS(=O)(=O)c1ccc(-c2ccn(C(F)F)c(=O)c2)cc1C(=O)O,0,IC50,4.75,1,CHEMBL571852
CC(=O)OCO/N=[N+](\[O-])N1CCC[C@H]1COC(=O)Cc1ccc(-c2cc(C(F)(F)F)nn2-c2ccc(S(C)(=O)=O)cc2)cc1,1,IC50,6.05,1,CHEMBL568723
CC(=O)OCO/N=[N+](\[O-])N1CCC[C@H]1COC(=O)Cc1ccc(-c2cc(C(F)(F)F)nn2-c2ccc(S(N)(=O)=O)cc2)cc1,1,IC50,6.05,1,CHEMBL567160
O=C1OC(=O)C(c2ccc3c(c2)OCO3)=C1c1ccccc1,0,IC50,4.73,1,CHEMBL603434
CSc1ccc(C2=C(c3ccccc3)C(=O)OC2=O)cc1,0,IC50,4.73,1,CHEMBL609572
CC(=O)Oc1ccc(C2=C(c3ccc(S(C)(=O)=O)cc3)C(=O)OC2=O)cc1,0,IC50,4.78,1,CHEMBL593268
CSc1ccc(C2=C(c3ccc(NC(C)=O)cc3)C(=O)OC2=O)cc1,0,IC50,4.7,1,CHEMBL595852
O=C1NC(=O)C(c2ccc(O)c(O)c2)=C1c1ccccc1,0,IC50,4.79,1,CHEMBL595596
O=C1NC(=O)C(c2cc(O)c(O)c(O)c2)=C1c1ccccc1,0,IC50,4.76,1,CHEMBL610196
CSc1ccc(C2=C(c3ccccc3)C(=O)NC2=O)cc1,0,IC50,4.79,1,CHEMBL603439
CS(=O)(=O)c1ccc(C2=C(c3ccccc3)C(=O)NC2=O)cc1,0,IC50,4.76,1,CHEMBL603856
NS(=O)(=O)c1ccc(C2=C(c3ccccc3)C(=O)NC2=O)cc1,0,IC50,4.81,1,CHEMBL595838
CSc1ccc(C2=C(c3ccc(O)cc3)C(=O)NC2=O)cc1,0,IC50,4.68,1,CHEMBL595153
CS(=O)(=O)c1ccc(-n2nc(C(F)(F)F)cc2C2CCN(CCCCO[N+](=O)[O-])CC2)cc1,0,IC50,4.81,1,CHEMBL602675
NS(=O)(=O)c1ccc(-n2nc(C(F)(F)F)cc2C2CCN(CCCCO[N+](=O)[O-])CC2)cc1,0,IC50,4.78,1,CHEMBL602676
CS(=O)(=O)c1ccc(-n2nc(C(F)(F)F)cc2C2=CCN(CCCCO[N+](=O)[O-])CC2)cc1,0,IC50,4.89,1,CHEMBL601015
O=C(O)Cc1ccc(-c2ccn(C(F)F)c(=O)c2)cc1,1,IC50,6.05,1,CHEMBL596692
O=C(O)Cc1cccc(-c2ccn(C(F)F)c(=O)c2)c1,0,IC50,4.96,1,CHEMBL610493
O=C(O)Cc1ccccc1-c1ccn(C(F)F)c(=O)c1,1,IC50,6.07,1,CHEMBL598972
Cc1c(CC(=O)O)cc(-c2ccc(S(C)(=O)=O)cc2)n1-c1cccc(F)c1,0,IC50,4.77,1,CHEMBL589167
O=C(Nc1ccc(-c2ccc(Cl)cc2)cc1)C1=C(O)c2ccccc2S(=O)(=O)N1,0,IC50,4.47,1,CHEMBL1086611
O=C(Nc1ccc(Oc2ccc(Cl)cc2)cc1)C1=C(O)c2ccccc2S(=O)(=O)N1,0,IC50,4.16,1,CHEMBL1086612
O=C(Nc1ccc(Nc2ccc(Cl)cc2)cc1)C1=C(O)c2ccccc2S(=O)(=O)N1,0,IC50 (>),4.0,1,CHEMBL1088299
O=C(Nc1ccc(C(=O)c2ccc(Cl)cc2)c(Cl)c1)C1=C(O)c2ccccc2S(=O)(=O)N1,0,IC50,4.02,1,CHEMBL1088300
O=C(Nc1cccc(C(=O)c2ccc(Cl)cc2)c1)C1=C(O)c2ccccc2S(=O)(=O)N1,0,IC50,4.02,1,CHEMBL1088301
O=C(Nc1ccc(-c2cccc(Cl)c2)cc1)C1=C(O)c2ccccc2S(=O)(=O)N1,0,IC50,4.13,1,CHEMBL1088302
Cc1ccc(-c2ccc(NC(=O)C3=C(O)c4ccccc4S(=O)(=O)N3)cc2)cc1,0,IC50 (>),4.0,1,CHEMBL1087143
O=C(Nc1ccc(-c2ccccc2)cc1)C1=C(O)c2ccccc2S(=O)(=O)N1,0,IC50,4.03,1,CHEMBL1076742
O=C(Nc1ccc(-c2ccc(Cl)c(Cl)c2)cc1)C1=C(O)c2ccccc2S(=O)(=O)N1,0,IC50 (>),4.0,1,CHEMBL1087267
O=C(Nc1ccc(-c2cccc(Cl)c2Cl)cc1)C1=C(O)c2ccccc2S(=O)(=O)N1,0,IC50,4.35,1,CHEMBL1086757
O=C(Nc1ccc(-c2ccc(Cl)cc2Cl)cc1)C1=C(O)c2ccccc2S(=O)(=O)N1,0,IC50 (>),4.13,1,CHEMBL1086883
Cc1ccc(-c2ccc(NC(=O)C3=C(O)c4ccccc4S(=O)(=O)N3)cc2)cc1C,0,IC50 (>),4.24,1,CHEMBL1086884
Cc1cccc(-c2ccc(NC(=O)C3=C(O)c4ccccc4S(=O)(=O)N3)cc2)c1C,0,IC50,4.02,1,CHEMBL1076751
O=C(Nc1ccc(-c2ccc(Cl)c(Cl)c2)nc1)C1=C(O)c2ccccc2S(=O)(=O)N1,0,IC50,4.47,1,CHEMBL1082015
COc1ccc2c(c1)C(O)=C(C(=O)Nc1ccc(-c3ccc(Cl)c(Cl)c3)cc1)NS2(=O)=O,0,IC50 (>),4.0,1,CHEMBL1080852
O=C(Nc1ccc(-c2ccc(Cl)c(Cl)c2)cc1)C1=C(O)c2cc(O)ccc2S(=O)(=O)N1,0,IC50 (>),4.0,1,CHEMBL1080853
O=C(Nc1ccc(-c2ccc(Cl)c(Cl)c2)cc1)C1NS(=O)(=O)c2ccccc2C1O,0,IC50 (>),4.3,2,CHEMBL1080552
O=C(CNS(=O)(=O)c1ccccc1C(=O)O)Nc1ccc(-c2ccc(Cl)c(Cl)c2)cc1,0,IC50 (>),4.0,1,CHEMBL1080553
O=C(Nc1ccccc1CCc1ccc(Cl)c(Cl)c1)C1=C(O)c2ccccc2S(=O)(=O)C1,0,IC50 (>),4.05,1,CHEMBL1087254
O=C(Nc1ccc(CCc2ccc(Cl)c(Cl)c2)cc1)C1=C(O)c2ccccc2S(=O)(=O)N1,0,IC50 (>),4.17,1,CHEMBL1086610
O=S(=O)(Nc1ccncc1Nc1ccccc1)C(F)(F)F,1,IC50,7.05,1,CHEMBL224400
O=C(O)Cc1ccn(C(F)F)c(=O)c1,0,IC50,4.89,1,CHEMBL1089959
COc1ccc2c(c1)c1c(n2C(=O)c2ccccc2)CCNC1,0,IC50,4.06,1,CHEMBL1164245
COc1ccc2c(c1)c1c(n2C(=O)c2ccccc2)CCN(CCCOc2cc(F)cc(C3(OC)CCOCC3)c2)C1,0,IC50,4.11,1,CHEMBL1163237
COc1ccc2c(c1)c1c(n2C(=O)c2ccc(F)cc2)CCN(CCCOc2cc(F)cc(C3(OC)CCOCC3)c2)C1,0,IC50,4.27,1,CHEMBL1163243
COc1ccc2c(c1)c1c(n2C(=O)c2c(Cl)cc(Cl)cc2Cl)CCN(CCCOc2cc(F)cc(C3(OC)CCOCC3)c2)C1,0,IC50,4.0,1,CHEMBL1163221
COc1ccc2c(c1)c1c(n2C(=O)c2ccc(Br)cc2)CCN(CCCOc2cc(F)cc(C3(OC)CCOCC3)c2)C1,0,IC50,4.07,1,CHEMBL1164396
C[C@@H]1O[C@@H](O[C@H]2[C@H](O)[C@@H](O)[C@H](OC[C@H]3O[C@@H](OC(=O)[C@]45CCC(C)(C)C[C@H]4C4=CC[C@@H]6[C@@]7(C)CC[C@H](O[C@@H]8OC[C@H](O)[C@H](O)[C@H]8O[C@@H]8O[C@@H](C)[C@H](O)[C@@H](O[C@@H]9OC[C@@H](O[C@@H]%10O[C@H](CO)[C@@H](O[C@@H]%11O[C@H](CO)[C@@H](O)[C@H](O)[C@H]%11O)[C@H](O)[C@H]%10O)[C@@H](O)[C@H]9O)[C@H]8O)C(C)(C)[C@@H]7CC[C@@]6(C)[C@]4(C)CC5)[C@H](O)[C@@H](O)[C@@H]3O)O[C@@H]2CO)[C@H](O)[C@H](O)[C@H]1O,0,IC50 (>),4.3,1,CHEMBL1171454
C[C@@H]1O[C@@H](O[C@H]2[C@H](O)[C@@H](O)[C@H](OC[C@H]3O[C@@H](OC(=O)[C@]45CCC(C)(C)C[C@H]4C4=CC[C@@H]6[C@@]7(C)CC[C@H](O[C@@H]8OC[C@H](O)[C@H](O)[C@H]8O[C@@H]8O[C@@H](C)[C@H](O)[C@@H](O[C@@H]9OC[C@@H](O[C@@H]%10O[C@H](CO)[C@@H](O)[C@H](O)[C@H]%10O)[C@@H](O)[C@H]9O)[C@H]8O)C(C)(C)[C@@H]7CC[C@@]6(C)[C@]4(C)CC5)[C@H](O)[C@@H](O)[C@@H]3O)O[C@@H]2CO)[C@H](O)[C@H](O)[C@H]1O,0,IC50 (>),4.3,1,CHEMBL1171452
C[C@@H]1O[C@@H](O[C@H]2[C@H](O)[C@@H](O)[C@H](OC[C@H]3O[C@@H](OC(=O)[C@]45CCC(C)(C)C[C@H]4C4=CC[C@@H]6[C@@]7(C)CC[C@H](O[C@@H]8OC[C@H](O)[C@H](O)[C@H]8O[C@@H]8O[C@@H](C)[C@H](O)[C@@H](O[C@@H]9OC[C@@H](O[C@@H]%10O[C@H](CO)[C@@H](O)[C@H](O)[C@H]%10O)[C@@H](O)[C@H]9O)[C@H]8O)[C@@](C)(CO)[C@@H]7CC[C@@]6(C)[C@]4(C)CC5)[C@H](O)[C@@H](O)[C@@H]3O)O[C@@H]2CO)[C@H](O)[C@H](O)[C@H]1O,0,IC50 (>),4.3,1,CHEMBL1171453
C[C@@H]1O[C@@H](O[C@H]2[C@H](O)[C@@H](O)[C@H](OC[C@H]3O[C@@H](OC(=O)[C@]45CCC(C)(C)C[C@H]4C4=CC[C@@H]6[C@@]7(C)CC[C@H](O[C@@H]8OC[C@H](O)[C@H](O)[C@H]8O[C@@H]8O[C@@H](C)[C@H](O)[C@@H](O[C@@H]9OC[C@@H](O)[C@@H](O)[C@H]9O)[C@H]8O)[C@@](C)(CO)[C@@H]7CC[C@@]6(C)[C@]4(C)CC5)[C@H](O)[C@@H](O)[C@@H]3O)O[C@@H]2CO)[C@H](O)[C@H](O)[C@H]1O,0,IC50 (>),4.3,1,CHEMBL1171451
C[C@@H]1O[C@@H](O[C@H]2[C@H](O)[C@@H](O)[C@H](OC[C@H]3O[C@@H](OC(=O)[C@]45CCC(C)(C)C[C@H]4C4=CC[C@@H]6[C@@]7(C)CC[C@H](O[C@@H]8OC[C@H](O)[C@H](O)[C@H]8O[C@@H]8O[C@@H](C)[C@H](O)[C@@H](O[C@@H]9OC[C@@H](O)[C@@H](O)[C@H]9O)[C@H]8O)C(C)(C)[C@@H]7CC[C@@]6(C)[C@]4(C)CC5)[C@H](O)[C@@H](O)[C@@H]3O)O[C@@H]2CO)[C@H](O)[C@H](O)[C@H]1O,0,IC50 (>),4.3,1,CHEMBL1171450
C[C@@H]1O[C@@H](O[C@H]2[C@H](O[C@H]3CC[C@]4(C)[C@H]5CC=C6[C@@H]7CC(C)(C)CC[C@]7(C(=O)O[C@@H]7O[C@H](CO[C@@H]8O[C@H](CO)[C@@H](O[C@@H]9O[C@@H](C)[C@H](O)[C@@H](O)[C@H]9O)[C@H](O)[C@H]8O)[C@@H](O)[C@H](O)[C@H]7O)CC[C@@]6(C)[C@]5(C)CC[C@H]4C3(C)CO)OC[C@H](O)[C@@H]2O)[C@H](O)[C@H](O)[C@H]1O,0,IC50 (>),4.3,1,CHEMBL1171449
C[C@@H]1O[C@@H](O[C@H]2[C@H](O[C@H]3CC[C@]4(C)[C@H]5CC=C6[C@@H]7CC(C)(C)CC[C@]7(C(=O)O[C@@H]7O[C@H](CO[C@@H]8O[C@H](CO)[C@@H](O[C@@H]9O[C@@H](C)[C@H](O)[C@@H](O)[C@H]9O)[C@H](O)[C@H]8O)[C@@H](O)[C@H](O)[C@H]7O)CC[C@@]6(C)[C@]5(C)CC[C@H]4C3(C)C)OC[C@H](O)[C@@H]2O)[C@H](O)[C@H](O)[C@H]1O,0,IC50 (>),4.3,1,CHEMBL506880
C[C@@H]1O[C@@H](O[C@H]2[C@H](O)[C@@H](O)[C@H](OC[C@H]3O[C@@H](OC(=O)[C@]45CCC(C)(C)C[C@H]4C4=CC[C@@H]6[C@@]7(C)CC[C@H](O[C@@H]8OC[C@H](O)[C@H](O)[C@H]8O)[C@@](C)(CO)[C@@H]7CC[C@@]6(C)[C@]4(C)CC5)[C@H](O)[C@@H](O)[C@@H]3O)O[C@@H]2CO)[C@H](O)[C@H](O)[C@H]1O,0,IC50 (>),4.3,1,CHEMBL538919
C[C@@H]1O[C@@H](O[C@H]2[C@H](O)[C@@H](O)[C@H](OC[C@H]3O[C@@H](OC(=O)[C@]45CCC(C)(C)C[C@H]4C4=CC[C@@H]6[C@@]7(C)CC[C@H](O[C@@H]8OC[C@H](O)[C@H](O)[C@H]8O)C(C)(C)[C@@H]7CC[C@@]6(C)[C@]4(C)CC5)[C@H](O)[C@@H](O)[C@@H]3O)O[C@@H]2CO)[C@H](O)[C@H](O)[C@H]1O,0,IC50 (>),4.3,1,CHEMBL1171250
C[C@@H]1O[C@@H](O[C@H]2[C@H](O)[C@@H](O)[C@H](OC[C@H]3O[C@@H](OC(=O)[C@]45CCC(C)(C)C[C@H]4C4=CC[C@@H]6[C@@]7(C)CC[C@H](O)[C@@](C)(CO)[C@@H]7CC[C@@]6(C)[C@]4(C)CC5)[C@H](O)[C@@H](O)[C@@H]3O)O[C@@H]2CO)[C@H](O)[C@H](O)[C@H]1O,0,IC50 (>),4.3,1,CHEMBL540943
C[C@@H]1O[C@@H](O[C@H]2[C@H](O)[C@@H](O)[C@H](OC[C@H]3O[C@@H](OC(=O)[C@]45CCC(C)(C)C[C@H]4C4=CC[C@@H]6[C@@]7(C)CC[C@H](O)C(C)(C)[C@@H]7CC[C@@]6(C)[C@]4(C)CC5)[C@H](O)[C@@H](O)[C@@H]3O)O[C@@H]2CO)[C@H](O)[C@H](O)[C@H]1O,0,IC50 (>),4.3,1,CHEMBL1171448
C[C@@H]1O[C@@H](O[C@H]2[C@H](O)[C@@H](O)[C@H](OC[C@H]3O[C@@H](OC(=O)[C@]45CCC(C)(C)C[C@H]4C4=CC[C@@H]6[C@@]7(C)CC[C@H](O[C@@H]8OC[C@H](O)[C@H](O)[C@H]8O[C@@H]8O[C@@H](C)[C@H](O)[C@@H](O[C@@H]9OC[C@@H](O[C@@H]%10O[C@H](CO)[C@@H](O[C@@H]%11O[C@H](CO)[C@@H](O)[C@H](O)[C@H]%11O)[C@H](O)[C@H]%10O)[C@@H](O)[C@H]9O)[C@H]8O)[C@@](C)(CO)[C@@H]7CC[C@@]6(C)[C@]4(C)CC5)[C@H](O)[C@@H](O)[C@@H]3O)O[C@@H]2CO)[C@H](O)[C@H](O)[C@H]1O,0,IC50 (>),4.3,1,CHEMBL1171455
CSc1ccc(/C=C2/C(C)=C(CC(=O)O)c3cc(F)ccc32)cc1,1,IC50,7.0,2,CHEMBL18797
CCCCC(Sc1nc(OCCc2ccccc2)cc(OCCc2ccccc2)n1)C(=O)O,0,IC50 (>),4.4,2,CHEMBL461883
CCCCC(Sc1nc(OCCc2ccc(C(F)(F)F)cc2)cc(OCCc2ccc(C(F)(F)F)cc2)n1)C(=O)O,0,IC50 (>),4.4,2,CHEMBL1170264
CCCCC(Sc1nc(OCCC2CCCCC2)cc(OCCC2CCCCC2)n1)C(=O)O,0,IC50,4.96,2,CHEMBL1171834
COc1cnc(-c2ccc(Cn3c(CC(C)(C)C(=O)[O-])c(SC(C)(C)C)c4cc(OCc5ccc(C)cn5)ccc43)cc2)nc1,0,IC50 (>),4.0,1,CHEMBL1210423
CC(=O)OC(C)O/N=[N+](/[O-])c1ccc(-c2cc(C(F)(F)F)nn2-c2ccc(S(C)(=O)=O)cc2)cc1,0,IC50,4.84,1,CHEMBL1210073
CC/C(=C(\c1ccccc1)c1ccc(O)cc1)c1ccc(S(C)(=O)=O)cc1,0,IC50 (>),4.0,1,CHEMBL1221677
CCCC/C(=C(\c1ccccc1)c1ccc(O)cc1)c1ccc(S(C)(=O)=O)cc1,0,IC50,4.93,1,CHEMBL1221678
CC/C(=C(\c1ccccc1)c1ccc(OC)cc1)c1ccc(S(C)(=O)=O)cc1,0,IC50,4.97,1,CHEMBL1221727
CCCC/C(=C(\c1ccccc1)c1ccc(OCCF)cc1)c1ccc(S(C)(=O)=O)cc1,0,IC50,4.65,1,CHEMBL1221729
CS(=O)(=O)c1ccc(C(CCF)=C(c2ccccc2)c2ccccc2)cc1,0,IC50 (>),4.0,1,CHEMBL1221795
C[C@H]1Cc2c([nH]c3cc(Cl)c(F)cc23)[C@@]2(N1)C(=O)Nc1ccc(Cl)cc12,0,IC50 (>),4.52,1,CHEMBL1082723
O=C(O)c1ccccc1/N=C/c1coc2ccccc2c1=O,0,IC50,4.18,1,CHEMBL519521
Cc1cccc(/N=C/c2coc3ccccc3c2=O)c1,0,IC50,4.59,1,CHEMBL524686
CCCC(=O)N/N=C/c1coc2ccccc2c1=O,0,IC50 (>),3.0,1,CHEMBL1240658
COc1ccc2c(c1)c(CC(=O)O)c(C)n2C(=O)c1ccn(C(F)F)c(=O)c1,0,IC50 (>),4.0,1,CHEMBL1258844
COc1ccc2c(c1)c(CC(=O)O)c(C)n2C(=O)C1=CCC(=O)N(C(F)F)C1,0,IC50 (>),4.0,1,CHEMBL1258959
COc1ccc2c(c1)c(CC(=O)O)c(C)n2Cc1ccn(C(F)F)c(=O)c1,0,IC50,4.51,1,CHEMBL1258960
COc1ccc2c(c1)c(CC(=O)O)c(C)n2CC1=CCC(=O)N(C(F)F)C1,0,IC50 (>),4.0,1,CHEMBL1257225
CCc1cccc(NC(=O)Nc2cccn(Cc3ccccc3Cl)c2=O)c1,0,Ki (>),4.0,1,CHEMBL1271476
CC(C(=O)[O-])c1ccc(CC2CCCC2=O)cc1Br,0,IC50,4.19,2,CHEMBL1275940
CC(C(=O)[O-])c1ccc(CC2CCCC2=O)cc1F,0,IC50,4.85,2,CHEMBL1275921
CC(C(=O)O)c1ccc(C[C@@H]2CCC[C@@H]2O)cc1Br,0,IC50,4.47,1,CHEMBL1275971
CC(C(=O)O)c1ccc(C[C@@H]2CCC[C@@H]2O)cc1,0,IC50,4.91,1,CHEMBL1275941
CC(C(=O)O)c1ccc(C[C@@H]2CCC[C@@H]2O)cc1F,0,IC50,4.32,1,CHEMBL1275970
O=C(O)C1=Cc2cc(Cl)ccc2OC1C(F)(F)F,1,IC50,6.5,2,CHEMBL1288467
O=C(O)C1=Cc2c(ccc(Cl)c2Cl)OC1C(F)(F)F,1,IC50,8.52,2,CHEMBL1288533
O=C(O)C1=Cc2cc(Cl)c(Cl)cc2OC1C(F)(F)F,1,IC50,7.21,1,CHEMBL1288554
O=C(O)C1=Cc2cc(Cl)cc(Cl)c2OC1C(F)(F)F,1,IC50,7.75,3,CHEMBL1288555
O=C(O)C1=Cc2c(Cl)cc(Cl)cc2OC1C(F)(F)F,0,IC50,4.92,1,CHEMBL1288556
O=C(O)C1=Cc2c(Cl)ccc(Cl)c2OC1C(F)(F)F,1,IC50,7.0,1,CHEMBL1288590
O=C(O)C1=Cc2c(cc(Cl)c(Cl)c2Cl)OC1C(F)(F)F,1,IC50,8.22,1,CHEMBL1288592
O=C(O)C1=Cc2cc(Cl)c(Cl)c(Cl)c2OC1C(F)(F)F,1,IC50,7.37,1,CHEMBL1288617
C=Cc1cc(Cl)cc2c1OC(C(F)(F)F)C(C(=O)O)=C2,1,IC50,7.75,1,CHEMBL1288618
C#Cc1cc(Cl)cc2c1OC(C(F)(F)F)C(C(=O)O)=C2,1,IC50,7.37,1,CHEMBL1288619
O=C(O)C1=Cc2cc(Cl)cc(-c3ccccc3)c2OC1C(F)(F)F,1,IC50,6.96,2,CHEMBL1290320
O=C(O)C1=Cc2cc(Cl)cc(C#Cc3ccccc3)c2OC1C(F)(F)F,1,IC50,6.85,1,CHEMBL1290321
NS(=O)(=O)c1ccc(-c2cc(Cl)cc3c2OC(C(F)(F)F)C(C(=O)O)=C3)cc1,1,IC50,6.12,2,CHEMBL1290433
NS(=O)(=O)c1ccc(C#Cc2cc(Cl)cc3c2OC(C(F)(F)F)C(C(=O)O)=C3)cc1,0,IC50,4.73,1,CHEMBL1290434
O=C(O)C1=Cc2cc(Cl)cc(Cl)c2O[C@@H]1C(F)(F)F,1,IC50,8.01,2,CHEMBL1230348
O=Cc1ccc2c(c1)C=C(C(=O)O)C(C(F)(F)F)O2,1,IC50,6.14,1,CHEMBL1288469
O=C(O)C1=Cc2cc(OC(F)(F)F)ccc2OC1C(F)(F)F,1,IC50,7.54,1,CHEMBL1290459
COc1ccc2c(c1)C=C(C(=O)O)C(C(F)(F)F)O2,0,IC50,4.0,1,CHEMBL1288537
C#Cc1ccc2c(c1)C=C(C(=O)O)C(C(F)(F)F)O2,1,IC50,7.14,1,CHEMBL1288538
CCc1ccc2c(c1)C=C(C(=O)O)C(C(F)(F)F)O2,1,IC50,6.48,1,CHEMBL1288539
N#Cc1ccc2c(c1)C=C(C(=O)O)C(C(F)(F)F)O2,1,IC50,6.96,1,CHEMBL1288564
O=C(O)C1=Cc2cc(C(F)(F)F)ccc2OC1C(F)(F)F,1,IC50,7.39,1,CHEMBL1290563
Cc1cc(Cl)cc2c1OC(C(F)(F)F)C(C(=O)O)=C2,1,IC50,7.29,2,CHEMBL1288565
Cc1cc(Cl)c2c(c1)C=C(C(=O)O)C(C(F)(F)F)O2,1,IC50,7.11,2,CHEMBL1288566
COc1cc(Cl)c2c(c1)C=C(C(=O)O)C(C(F)(F)F)O2,1,IC50,6.62,1,CHEMBL1288601
C#Cc1cc(Cl)c2c(c1)C=C(C(=O)O)C(C(F)(F)F)O2,1,IC50,7.58,1,CHEMBL1288640
CCc1cc(C)c2c(c1)C=C(C(=O)O)C(C(F)(F)F)O2,1,IC50,6.57,1,CHEMBL1288641
Cc1cc(OC(F)(F)F)cc2c1OC(C(F)(F)F)C(C(=O)O)=C2,1,IC50,7.8,1,CHEMBL1290564
CCc1cc(OC(F)(F)F)cc2c1OC(C(F)(F)F)C(C(=O)O)=C2,1,IC50,7.31,2,CHEMBL1290565
CCCc1cc(OC(F)(F)F)cc2c1OC(C(F)(F)F)C(C(=O)O)=C2,1,IC50,7.37,1,CHEMBL1290682
COc1cc(OC(F)(F)F)cc2c1OC(C(F)(F)F)C(C(=O)O)=C2,1,IC50,6.17,1,CHEMBL1290683
Cc1cc(Cl)c(C)c2c1OC(C(F)(F)F)C(C(=O)O)=C2,1,IC50,6.68,1,CHEMBL1288730
Cc1cc2c(c(C)c1Cl)C=C(C(=O)O)C(C(F)(F)F)O2,1,IC50,7.16,2,CHEMBL1288771
Cc1c(Cl)cc2c(c1C)OC(C(F)(F)F)C(C(=O)O)=C2,1,IC50,6.92,1,CHEMBL1288772
Cc1c(Cl)cc2c(c1C)O[C@@H](C(F)(F)F)C(C(=O)O)=C2,0,IC50,4.0,1,CHEMBL1288696
Cc1c(Cl)cc2c(c1C)O[C@H](C(F)(F)F)C(C(=O)O)=C2,1,IC50,7.52,1,CHEMBL1288695
Cc1cc2c(c(C)c1Cl)C=C(C(=O)O)[C@@H](C(F)(F)F)O2,1,IC50,7.34,1,CHEMBL1288728
Cc1cc(C)c2c(c1)C=C(C(=O)O)[C@@H](C(F)(F)F)O2,1,IC50,6.54,1,CHEMBL1288697
Cc1cc(OC(F)(F)F)cc2c1O[C@H](C(F)(F)F)C(C(=O)O)=C2,1,IC50,7.85,1,CHEMBL1290802
Cc1cc(OC(F)(F)F)cc2c1O[C@@H](C(F)(F)F)C(C(=O)O)=C2,0,IC50,4.0,1,CHEMBL1290801
CCc1cc(OC(F)(F)F)cc2c1O[C@H](C(F)(F)F)C(C(=O)O)=C2,1,IC50,7.22,1,CHEMBL1290684
CCc1cc(OC(F)(F)F)cc2c1O[C@@H](C(F)(F)F)C(C(=O)O)=C2,1,IC50,6.07,1,CHEMBL1290803
CCCc1cc(OC(F)(F)F)cc2c1O[C@H](C(F)(F)F)C(C(=O)O)=C2,1,IC50,7.38,1,CHEMBL1289129
Cc1c(Cl)ccc2c1C=C(C(=O)O)C(C(F)(F)F)O2,1,IC50,6.92,1,CHEMBL1630232
CCc1c(Cl)ccc2c1C=C(C(=O)O)C(C(F)(F)F)O2,0,IC50,4.54,1,CHEMBL1630233
CCOc1c(Cl)ccc2c1C=C(C(=O)O)C(C(F)(F)F)O2,0,IC50 (>),4.0,1,CHEMBL1630235
O=C(O)C1=Cc2c(ccc(Cl)c2Oc2ccccc2)OC1C(F)(F)F,1,IC50,6.28,1,CHEMBL1630223
O=C(O)C1=Cc2c(ccc(Cl)c2Sc2ccccc2)OC1C(F)(F)F,1,IC50,6.47,1,CHEMBL1630236
CCC(CC)COc1cc2c(cc1Cl)C=C(C(=O)O)C(C(F)(F)F)O2,1,IC50,7.34,1,CHEMBL1630231
CCN(C)Cc1cc2c(cc1Cl)C=C(C(=O)O)C(C(F)(F)F)O2,0,IC50,4.67,1,CHEMBL1630243
CC(C)N(C)Cc1cc2c(cc1Cl)C=C(C(=O)O)C(C(F)(F)F)O2,0,IC50,4.0,1,CHEMBL1630244
CC1CCC(C)N1Cc1cc2c(cc1Cl)C=C(C(=O)O)C(C(F)(F)F)O2,0,IC50,4.02,1,CHEMBL1630245
CC(C)N(c1cc2c(cc1Cl)C=C(C(=O)O)C(C(F)(F)F)O2)C(C)C,0,IC50,4.0,1,CHEMBL1630246
CC1CCCC(C)N1Cc1cc2c(cc1Cl)C=C(C(=O)O)C(C(F)(F)F)O2,0,IC50,4.21,1,CHEMBL1630247
CC(C)c1cc2c(cc1Cl)C=C(C(=O)O)C(C(F)(F)F)O2,1,IC50,6.52,1,CHEMBL1630224
CC(C)(C)c1cc2c(cc1Cl)C=C(C(=O)O)C(C(F)(F)F)O2,1,IC50,8.3,1,CHEMBL1630225
CCCc1cc2c(cc1Cl)C=C(C(=O)O)C(C(F)(F)F)O2,1,IC50,6.82,1,CHEMBL1630226
CC(C)Cc1cc2c(cc1Cl)C=C(C(=O)O)C(C(F)(F)F)O2,1,IC50,7.7,1,CHEMBL1630227
CC(C)CCc1cc2c(cc1Cl)C=C(C(=O)O)C(C(F)(F)F)O2,1,IC50,7.03,1,CHEMBL1630228
CC(C)CSc1cc2c(cc1Cl)C=C(C(=O)O)C(C(F)(F)F)O2,1,IC50,7.72,1,CHEMBL1630229
CC(C)CN(C)c1cc2c(cc1Cl)C=C(C(=O)O)C(C(F)(F)F)O2,1,IC50,7.16,1,CHEMBL1630230
CC(C)(C)c1cc2c(cc1Cl)C=C(C(=O)O)[C@@H](C(F)(F)F)O2,1,IC50,7.21,1,CHEMBL1230209
CCCc1cc2c(cc1Cl)C=C(C(=O)O)[C@H](C(F)(F)F)O2,1,IC50,8.3,1,CHEMBL1630249
CCCc1cc2c(cc1Cl)C=C(C(=O)O)[C@@H](C(F)(F)F)O2,1,IC50,6.85,1,CHEMBL1630250
CC(C)Cc1cc2c(cc1Cl)C=C(C(=O)O)[C@H](C(F)(F)F)O2,1,IC50,8.15,1,CHEMBL1630251
CC(C)Cc1cc2c(cc1Cl)C=C(C(=O)O)[C@@H](C(F)(F)F)O2,1,IC50,6.04,1,CHEMBL1630252
CC(C)CSc1cc2c(cc1Cl)C=C(C(=O)O)[C@H](C(F)(F)F)O2,1,IC50,8.1,1,CHEMBL1630253
CC(C)CSc1cc2c(cc1Cl)C=C(C(=O)O)[C@@H](C(F)(F)F)O2,1,IC50,6.82,1,CHEMBL1630254
CC(C)CN(C)c1cc2c(cc1Cl)C=C(C(=O)O)[C@H](C(F)(F)F)O2,1,IC50,7.07,1,CHEMBL1630255
CC(C)CN(C)c1cc2c(cc1Cl)C=C(C(=O)O)[C@@H](C(F)(F)F)O2,1,IC50,6.06,1,CHEMBL1630256
CC(C)CCc1cc2c(cc1Cl)C=C(C(=O)O)[C@H](C(F)(F)F)O2,1,IC50,7.17,1,CHEMBL1630257
Cc1ccc(-c2nn(-c3ccccc3)cc2C2N[C@H](C(=O)O)CS2)cc1,1,IC50,6.03,1,CHEMBL1631308
NC(=O)[C@@H]1CSC(c2cn(-c3ccccc3)nc2-c2ccccc2)N1,1,IC50,6.33,1,CHEMBL1631309
Cc1ccc(-c2nn(-c3ccccc3)cc2C2N[C@H](C(N)=O)CS2)cc1,1,IC50,6.42,1,CHEMBL1631310
Cc1ccc(C2CC(c3ccc(S(C)(=O)=O)cc3)=NN2C(N)=S)cc1,0,IC50,4.5,1,CHEMBL1632406
CS(=O)(=O)c1ccc(C2=NN(C(N)=S)C(c3ccccc3)C2)cc1,0,IC50,4.3,1,CHEMBL1632404
CC(=O)N1N=C(c2ccc(S(C)(=O)=O)cc2)CC1c1ccc(C(F)(F)F)cc1,0,IC50,4.7,1,CHEMBL1632399
CC(=O)N1N=C(c2ccc(S(C)(=O)=O)cc2)CC1c1ccc(F)cc1,0,IC50,4.71,1,CHEMBL1632397
CC(=O)N1N=C(c2ccc(S(C)(=O)=O)cc2)CC1c1ccc(Cl)cc1,0,IC50,4.66,1,CHEMBL1632396
CCOc1ccc(-c2ccc(-c3cc(CC(=O)[O-])ccc3OC)c(CN(CC)C(=O)C3CC3)c2)cn1,0,IC50 (>),4.0,1,CHEMBL1668898
CS(=O)(=O)c1ccc(-c2cc(Cl)cc3c2OC(C(F)(F)F)C(C(=O)O)=C3)cc1,0,IC50,4.67,1,CHEMBL1669027
CS(=O)(=O)Nc1ccc(-c2cc(Cl)cc3c2OC(C(F)(F)F)C(C(=O)O)=C3)cc1,0,IC50,4.4,1,CHEMBL1669028
O=C(O)C1=Cc2cc(Cl)cc(-c3ccc(C(=O)O)cc3)c2OC1C(F)(F)F,0,IC50 (>),4.0,1,CHEMBL1669031
O=C(O)C1=Cc2cc(Cl)cc(-c3ccc(F)cc3)c2OC1C(F)(F)F,0,IC50 (>),4.0,1,CHEMBL1669032
O=C(O)C1=Cc2cc(Cl)cc(-c3ccc(Cl)cc3)c2OC1C(F)(F)F,1,IC50,7.68,1,CHEMBL1669033
Cc1ccc(-c2cc(Cl)cc3c2OC(C(F)(F)F)C(C(=O)O)=C3)cc1,1,IC50,6.99,1,CHEMBL1669034
CCc1ccc(-c2cc(Cl)cc3c2OC(C(F)(F)F)C(C(=O)O)=C3)cc1,1,IC50,7.11,1,CHEMBL1669035
CCOc1ccc(-c2cc(Cl)cc3c2OC(C(F)(F)F)C(C(=O)O)=C3)cc1,1,IC50,6.45,1,CHEMBL1669036
CCSc1ccc(-c2cc(Cl)cc3c2OC(C(F)(F)F)C(C(=O)O)=C3)cc1,1,IC50,6.62,1,CHEMBL1669037
CC(C)Cc1ccc(-c2cc(Cl)cc3c2OC(C(F)(F)F)C(C(=O)O)=C3)cc1,0,IC50,4.87,1,CHEMBL1669038
Cc1ccc(-c2cc(Cl)cc3c2OC(C(F)(F)F)C(C(=O)O)=C3)cc1F,1,IC50,7.18,1,CHEMBL1669039
COc1ccc(-c2cc(Cl)cc3c2OC(C(F)(F)F)C(C(=O)O)=C3)cc1C,1,IC50,6.47,1,CHEMBL1669040
COc1cc2oc(C)cc(=O)c2c(O)c1OC,0,IC50,4.71,1,CHEMBL1684136
COc1cc(O)c2c(=O)cc(C)oc2c1,0,IC50,4.7,1,CHEMBL446974
C=CCOc1c(OC)c(OC)cc2oc(C)cc(=O)c12,0,IC50,4.67,1,CHEMBL1684141
COc1cc2oc(C)cc(=O)c2c(OCC=C(C)C)c1OC,0,IC50,4.75,1,CHEMBL1684142
COc1cc2oc(C)cc(=O)c2c(O)c1O,0,IC50,4.81,1,CHEMBL1684146
C=CCOc1c(OC)cc2oc(C)cc(=O)c2c1O,0,IC50,4.74,1,CHEMBL1684148
COc1cc2oc(C)cc(=O)c2c(O)c1OCC=C(C)C,0,IC50,4.81,1,CHEMBL1684149
C=CCOc1cc2oc(C)cc(=O)c2c(O)c1OCC=C,0,IC50,4.87,1,CHEMBL1684150
CC(C)=CCOc1cc2oc(C)cc(=O)c2c(O)c1OCC=C(C)C,0,IC50,4.99,1,CHEMBL1684151
COc1c(OC)c(O)c2c(=O)cc(C)oc2c1Cl,0,IC50,4.36,1,CHEMBL1684152
COc1c(OC)c(O)c2c(=O)cc(C)oc2c1Br,0,IC50,4.59,1,CHEMBL1684153
Cc1ccc(-n2nnnc2-c2ccc(S(C)(=O)=O)cc2)cc1,0,IC50,4.35,1,CHEMBL1682230
COc1ccc2c(c1)c(CC(=O)OCCS(=O)(=O)NO)c(C)n2C(=O)c1ccc(Cl)cc1,1,IC50,6.38,1,CHEMBL1689430
O=C(Cc1ccccc1)OCCS(=O)(=O)NO,0,IC50 (>),4.0,1,CHEMBL1689432
CC(C)Cc1ccc(C(C)C(=O)OCCS(=O)(=O)NO)cc1,0,IC50,4.8,1,CHEMBL1689433
CONS(=O)(=O)CCOC(=O)C(C)c1ccc(CC(C)C)cc1,1,IC50,6.2,1,CHEMBL1689434
CCS(=O)(=O)NO,0,IC50 (>),4.0,1,CHEMBL1689435
O=C(NC12CC3CC(CC(C3)C1)C2)N[C@H]1CC[C@H](Oc2ccc(C(=O)O)cc2)CC1,0,IC50 (>),4.0,1,CHEMBL242459
CS(=O)(=O)c1ccc(-n2nc(CNC(=O)NC34CC5CC(CC(C5)C3)C4)cc2-c2ccccc2)cc1,0,IC50 (>),5.0,1,CHEMBL1766289
CS(=O)(=O)c1ccc(-n2nc(CNC(=O)NC3CCCCCC3)cc2-c2ccccc2)cc1,0,IC50 (>),5.0,1,CHEMBL1766290
CS(=O)(=O)c1ccc(-n2nc(CNC(=O)Nc3ccccc3)cc2-c2ccccc2)cc1,0,IC50 (>),5.0,1,CHEMBL1766291
CS(=O)(=O)c1ccc(-n2nc(CNC(=O)Nc3ccc(C(F)(F)F)cc3)cc2-c2ccccc2)cc1,0,IC50 (>),5.0,1,CHEMBL1766293
NS(=O)(=O)c1ccc(-n2nc(CNC(=O)Nc3cccc(C(F)(F)F)c3)cc2-c2ccccc2)cc1,1,IC50,6.0,1,CHEMBL1766295
CC(C)(C)c1cc(CNC(=O)Nc2cccc(C(F)(F)F)c2)nn1-c1ccc(S(C)(=O)=O)cc1,0,IC50 (>),5.0,1,CHEMBL1766296
NS(=O)(=O)c1ccc(-n2nc(CCNC(=O)Nc3cccc(C(F)(F)F)c3)cc2-c2ccccc2)cc1,1,IC50,6.0,1,CHEMBL1766298
NS(=O)(=O)c1ccc(-n2nc(CCCNC(=O)Nc3cccc(C(F)(F)F)c3)cc2-c2ccccc2)cc1,1,IC50,6.16,1,CHEMBL1766299
CC(C)c1cccc(C(C)C)c1NC(=O)NCCCc1cc(-c2ccccc2)n(-c2ccc(S(N)(=O)=O)cc2)n1,0,IC50 (>),5.0,1,CHEMBL1766302
NS(=O)(=O)c1ccc(-n2nc(CCCNC(=O)Nc3ccccc3)cc2-c2ccccc2)cc1,0,IC50 (>),5.0,1,CHEMBL1766283
NS(=O)(=O)c1ccc(-n2nc(CCCNC(=O)Nc3ccc(OC(F)(F)F)cc3)cc2-c2ccccc2)cc1,1,IC50,6.05,1,CHEMBL1766288
c1ccc(Oc2ccc(OCCN3CCCC3)cc2)cc1,0,IC50 (>),4.0,2,CHEMBL162424
O=[N+]([O-])c1cccc(Oc2ccc(OCCN3CCCC3)cc2)c1,0,IC50,4.89,2,CHEMBL1775088
O=[N+]([O-])c1ccc(Oc2ccc(OCCN3CCCC3)cc2)cc1,0,IC50,4.45,2,CHEMBL1775089
O=[N+]([O-])c1ccc(Oc2ccc(OCCN3CCCC3)cc2)c([N+](=O)[O-])c1,0,IC50 (>),4.0,2,CHEMBL1775090
c1ccc(Oc2ccc(OCCN3CCCC3)cc2)nc1,0,IC50,4.46,2,CHEMBL1775091
c1cc(Oc2ccc(OCCN3CCCC3)cc2)ccn1,0,IC50 (>),4.0,2,CHEMBL1775092
CS(=O)(=O)c1ccccc1Oc1ccc(OCCN2CCCC2)cc1,0,IC50 (>),4.0,2,CHEMBL1775093
CS(=O)(=O)c1cccc(Oc2ccc(OCCN3CCCC3)cc2)c1,0,IC50 (>),4.0,2,CHEMBL1775094
CS(=O)(=O)c1ccc(Oc2ccc(OCCN3CCCC3)cc2)cc1,0,IC50 (>),4.0,2,CHEMBL1775095
CS(=O)(=O)c1ccc(Oc2ccc(OCCN3CCCC3)cc2)c([N+](=O)[O-])c1,0,IC50 (>),4.0,2,CHEMBL1775096
c1cnc(Oc2ccc(OCCN3CCCC3)cc2)cn1,0,IC50,4.21,2,CHEMBL1775097
O=[N+]([O-])c1cccnc1Oc1ccc(OCCN2CCCC2)cc1,0,IC50 (>),4.0,2,CHEMBL1775098
FC(F)(F)c1ccccc1Oc1ccc(OCCN2CCCC2)cc1,0,IC50,4.38,1,CHEMBL1775099
FC(F)(F)c1cccc(Oc2ccc(OCCN3CCCC3)cc2)c1,0,IC50 (>),4.0,2,CHEMBL1775100
FC(F)(F)c1ccc(Oc2ccc(OCCN3CCCC3)cc2)cc1,0,IC50 (>),4.0,2,CHEMBL1775101
Fc1ccc(Oc2ccc(OCCN3CCCC3)cc2)cc1,0,IC50 (>),4.0,2,CHEMBL1775102
Clc1ccc(Oc2ccc(OCCN3CCCC3)cc2)cc1,0,IC50,4.66,2,CHEMBL1775103
Brc1ccc(Oc2ccc(OCCN3CCCC3)cc2)cc1,0,IC50 (>),4.0,1,CHEMBL1775104
Nc1ccccc1Oc1ccc(OCCN2CCCC2)cc1,0,IC50 (>),4.0,2,CHEMBL1775105
Nc1cccc(Oc2ccc(OCCN3CCCC3)cc2)c1,0,IC50 (>),4.0,2,CHEMBL1775106
Nc1ccc(Oc2ccc(OCCN3CCCC3)cc2)cc1,0,IC50,4.44,2,CHEMBL1775107
CS(=O)(=O)N(c1ccccc1Oc1ccc(OCCN2CCCC2)cc1)S(C)(=O)=O,0,IC50 (>),4.0,2,CHEMBL1775108
CS(=O)(=O)N(c1cccc(Oc2ccc(OCCN3CCCC3)cc2)c1)S(C)(=O)=O,0,IC50 (>),4.0,2,CHEMBL1775109
CS(=O)(=O)Nc1ccc(Oc2ccc(OCCN3CCCC3)cc2)cc1,0,IC50 (>),4.0,2,CHEMBL1775110
CN(c1ccccc1Oc1ccc(OCCN2CCCC2)cc1)S(C)(=O)=O,0,IC50,4.04,2,CHEMBL1775111
CC(=O)NC(c1cccs1)c1cc(Br)c2cccnc2c1O,0,IC50 (>),4.0,1,CHEMBL1573436
CC(C(=O)[O-])c1ccc(CC2CCCC2=O)cc1[N+](=O)[O-],0,IC50,4.31,1,CHEMBL1814709
CC(C(=O)[O-])c1ccc(CC2CCCC2=O)c(Br)c1,0,IC50,4.64,1,CHEMBL1814710
CC(C(=O)O)c1ccc(C[C@H]2CCC[C@H]2O)cc1,0,IC50,4.91,1,CHEMBL1814711
COc1ccc(-c2cc(C(C)C(=O)[O-])ccc2CC2CCCC2=O)cc1,0,IC50 (>),3.0,1,CHEMBL1814714
CSc1ccc(-c2cc(C(C)C(=O)[O-])ccc2CC2CCCC2=O)cc1,0,IC50 (>),3.0,1,CHEMBL1814715
CC(C(=O)[O-])c1ccc(CC2CCCC2=O)c(-c2ccc(F)cc2)c1,0,IC50,4.44,1,CHEMBL1814716
CC(C(=O)[O-])c1ccc(CC2CCCC2=O)c(-c2ccc(OC(F)(F)F)cc2)c1,0,IC50,4.14,1,CHEMBL1814717
CC(C(=O)[O-])c1ccc(CC2CCCC2=O)c(-c2ccc(C(=O)[O-])cc2)c1,0,IC50 (>),3.0,1,CHEMBL1814718
CC(C(=O)[O-])c1ccc(CC2CCCC2=O)cc1-c1ccccc1,0,IC50,4.16,1,CHEMBL1814720
CC(C(=O)[O-])c1ccc(CC2CCCC2=O)cc1-c1ccc(F)cc1,0,IC50,4.44,1,CHEMBL1814724
CC(C(=O)[O-])c1ccc(CC2CCCC2=O)cc1-c1ccc(OC(F)(F)F)cc1,0,IC50 (>),3.0,1,CHEMBL1814706
CC(C(=O)[O-])c1ccc(CC2CCCC2=O)cc1-c1ccc(C(=O)[O-])cc1,0,IC50,4.12,1,CHEMBL1814725
CC(C(=O)[O-])c1ccc(CC2CCCC2=O)cc1-c1ccc(O)cc1,0,IC50,4.96,1,CHEMBL1814726
CC(C(=O)[O-])c1ccc(C[C@H]2CCC[C@@H]2O)cc1-c1ccc(O)cc1,0,IC50,4.7,1,CHEMBL1814727
CC(C(=O)[O-])c1ccc(C[C@H]2CCC[C@H]2O)cc1-c1ccc(O)cc1,0,IC50,4.77,1,CHEMBL1814728
CN=[S+](C)([O-])c1ccc(C2=C(c3ccccc3)C(=O)OC2)cc1,1,IC50,6.81,1,CHEMBL1814813
C[C@]1(O)C[C@@H](O)[C@](O)(CC=O)[C@@H]1C=O,0,IC50,4.36,1,CHEMBL1813328
Nc1c(CC(=O)O)cccc1C(=O)c1ccc(Br)cc1,1,IC50,8.32,1,CHEMBL1077
O=C(Nc1ccc(Cl)c(Cl)c1)c1cc(Cl)cc(Cl)c1O,1,IC50,6.27,1,CHEMBL291338
Oc1c(Cl)cc(Cl)c(Cl)c1Cc1c(O)c(Cl)cc(Cl)c1Cl,1,IC50,6.19,1,CHEMBL496
CCc1cccc2c3c([nH]c12)C(CC)(CC(=O)O)OCC3,1,IC50,8.03,2,CHEMBL622
Clc1ccccc1C(c1ccccc1)(c1ccccc1)n1ccnc1,0,IC50,4.38,1,CHEMBL104
c1ccc2c(c1)Nc1ccccc1S2,1,IC50,6.27,1,CHEMBL828
O=C(O)c1cccnc1Nc1cccc(C(F)(F)F)c1,1,IC50,6.04,1,CHEMBL63323
Cc1cccc(Nc2ccccc2C(=O)O)c1C,1,IC50,6.22,1,CHEMBL686
Clc1ccc(COC(Cn2ccnc2)c2ccc(Cl)cc2Cl)c(Cl)c1,0,IC50,4.59,1,CHEMBL91
c1ccc(Nc2ccc(Nc3ccccc3)cc2)cc1,1,IC50,6.24,1,CHEMBL1333512
NC(=O)N1C(=O)/C(=C(\O)c2cccs2)c2cc(Cl)ccc21,1,IC50,6.57,1,CHEMBL1908355
CC(C)c1ccc(S2=NS(=O)(=O)c3cc([N+](=O)[O-])ccc32)cc1,1,IC50,6.14,1,CHEMBL1917098
CC(C)(C)c1ccc(S2=NS(=O)(=O)c3cc([N+](=O)[O-])ccc32)cc1,1,IC50,6.57,1,CHEMBL1917099
COc1ccc(S2=NS(=O)(=O)c3cc([N+](=O)[O-])ccc32)cc1,1,IC50,6.06,1,CHEMBL1917100
O=[N+]([O-])c1ccc2c(c1)S(=O)(=O)N=S2c1ccc(-c2ccccc2)cc1,1,IC50,6.3,1,CHEMBL1917102
CC(=O)c1c(O)cc(O)c(C/C=C(\C)CCC=C(C)C)c1O,1,IC50,6.4,1,CHEMBL1242095
O=C(NS(=O)(=O)c1ccccc1)c1cccnc1,0,IC50,4.8,1,CHEMBL1916947
O=C(NS(=O)(=O)c1ccc(F)cc1)c1cccnc1,0,IC50,4.93,1,CHEMBL1916948
Cc1ccc(S(=O)(=O)NC(=O)c2cccnc2)cc1,0,IC50,4.74,1,CHEMBL1916951
O=C(NS(=O)(=O)c1ccc(F)cc1)c1ccncc1,0,IC50,4.92,1,CHEMBL1916957
O=C(NS(=O)(=O)c1ccc(Cl)cc1)c1ccncc1,0,IC50,4.9,1,CHEMBL1916958
Cc1ccc(S(=O)(=O)NC(=O)c2ccncc2)cc1,0,IC50,4.71,1,CHEMBL1916960
O=C(NS(=O)(=O)c1ccc(Br)cc1)c1cccc(C(=O)NS(=O)(=O)c2ccc(Br)cc2)n1,1,IC50,6.1,1,CHEMBL1916969
CCOc1ccc(-c2ccc(Cn3c(CC(C)(C)C(=O)O)c(SC(C)(C)C)c4cc(OCc5ccc(C)cn5)ccc43)cc2)cn1,0,IC50 (>),4.0,1,CHEMBL1922660
O=C(O)/C=C/c1ccc2c(c1)O[C@@H](C(=O)O)[C@@H](c1cc(O)cc(O)c1)O2,0,IC50,4.59,1,CHEMBL1939436
O=C(O)/C=C/c1ccc2c(c1)O[C@@H](C(=O)O)[C@@H](c1ccc(O)c(O)c1)O2,0,IC50,4.28,1,CHEMBL1939437
O=C1O[C@@H](c2ccc(O)c(O)c2)[C@H](C(=O)O)/C1=C\c1ccc(O)c(O)c1,0,IC50,4.37,1,CHEMBL1939438
CC(C)(C)OC1Oc2ccccc2-c2nc(NN)ncc21,1,IC50,7.22,1,CHEMBL1938840
Cc1c(CC(=O)O)c2ccccc2n1C(=O)c1ccc(Cl)cc1,0,IC50,4.41,1,CHEMBL1241992
CCc1c(CC(=O)O)c2ccccc2n1C(=O)c1ccc(Cl)cc1,0,IC50 (>),3.4,1,CHEMBL1946565
O=C(O)Cc1c(-c2ccccc2)n(C(=O)c2ccc(Cl)cc2)c2ccccc12,0,IC50 (>),3.4,1,CHEMBL1946749
Cc1ccnc(C(=O)c2[nH]c3cc(F)ccc3c2CC(=O)O)c1,1,IC50,6.81,1,CHEMBL1950009
Cc1ccnc(C(=O)c2[nH]c3cc(Cl)c(F)cc3c2CC(=O)O)c1,1,IC50,7.0,1,CHEMBL1950016
Cc1ccnc(C(=O)c2[nH]c3ccc(F)cc3c2CC(=O)O)c1,1,IC50,6.82,1,CHEMBL1950017
CSCC[C@H](NC(=O)[C@H](Cc1ccc(O)cc1)NC(=O)c1ccc(F)cc1)C(=O)N[C@@H](CC(=O)O)C(=O)O,0,IC50 (>),3.0,1,CHEMBL1957454
CSCC[C@H](NC(=O)[C@H](Cc1ccccc1)NC(=O)c1ccc(F)cc1)C(=O)N[C@@H](CCC(=O)O)C(=O)O,0,IC50 (>),3.0,1,CHEMBL1957457
O=C(N[C@@H](Cc1ccccc1)C(=O)N[C@@H](CS)C(=O)N[C@@H](CO)C(=O)O)c1ccc(F)cc1,0,IC50,4.89,1,CHEMBL1957568
O=C(N[C@@H](Cc1c[nH]c2ccccc12)C(=O)N[C@@H](CS)C(=O)N[C@@H](CO)C(=O)O)c1ccc(F)cc1,0,IC50,4.07,1,CHEMBL1957569
O=C(N[C@@H](CS)C(=O)N[C@@H](CO)C(=O)O)c1ccc(F)cc1,0,IC50,4.82,1,CHEMBL1955883
O=C(O)C[C@H](NC(=O)[C@H](CS)NC(=O)c1ccc(F)cc1)C(=O)O,0,IC50,4.85,1,CHEMBL1957571
Fc1ccc(/N=C/c2c[nH]c3ccccc23)cc1,0,IC50,4.76,1,CHEMBL1957877
Cc1ccc(/N=C/c2c[nH]c3ccccc23)cc1,0,IC50,4.52,1,CHEMBL1957878
FC(F)(F)c1ccc(/N=C/c2c[nH]c3ccccc23)cc1,0,IC50,4.94,1,CHEMBL1957879
Fc1ccc(/N=C/c2cn(Cc3ccccc3)c3ccccc23)cc1,1,IC50,6.15,1,CHEMBL1957880
Cc1ccc(/N=C/c2cn(Cc3ccccc3)c3ccccc23)cc1,0,IC50,4.76,1,CHEMBL1957881
FC(F)(F)c1ccc(/N=C/c2cn(Cc3ccccc3)c3ccccc23)cc1,1,IC50,6.08,1,CHEMBL1957882
O=C(c1ccccc1)n1cc(/C=N/c2ccc(F)cc2)c2ccccc21,1,IC50,6.37,1,CHEMBL1957883
Cc1ccc(/N=C/c2cn(C(=O)c3ccccc3)c3ccccc23)cc1,0,IC50,4.91,1,CHEMBL1957884
O=C(c1ccccc1)n1cc(/C=N/c2ccc(C(F)(F)F)cc2)c2ccccc21,1,IC50,6.5,1,CHEMBL1957885
CC(=O)Oc1ccccc1C(=O)Oc1ccc(CCO)cc1,1,IC50,6.42,1,CHEMBL1958348
CC(C)Cc1ccc(C(C)C(=O)Oc2ccc(CCO)cc2)cc1,1,IC50,9.7,1,CHEMBL1958349
NS(=O)(=O)c1ccc(-n2nnnc2-c2ccccc2)cc1,0,IC50,4.82,1,CHEMBL1956381
Cc1ccc(-c2nnnn2-c2ccc(S(N)(=O)=O)cc2)cc1,0,IC50 (>),4.0,1,CHEMBL1956382
COc1ccc(-c2nnnn2-c2ccc(S(N)(=O)=O)cc2)cc1,0,IC50 (>),4.0,1,CHEMBL1956383
NS(=O)(=O)c1ccc(-n2nnnc2-c2ccc(F)cc2)cc1,0,IC50,4.25,1,CHEMBL1956384
NS(=O)(=O)c1ccc(-n2nnnc2-c2ccc(Cl)cc2)cc1,0,IC50,4.21,1,CHEMBL1956385
NS(=O)(=O)c1ccc(-n2nnnc2-c2ccc(C(F)(F)F)cc2)cc1,0,IC50 (>),4.0,1,CHEMBL1956386
NS(=O)(=O)c1ccc(-n2nnnc2-c2ccc([N+](=O)[O-])cc2)cc1,0,IC50 (>),4.0,1,CHEMBL1956387
CS(=O)(=O)c1ccc(-n2nnnc2-c2ccccc2)cc1,0,IC50,4.52,1,CHEMBL1956389
Cc1ccc(-c2nnnn2-c2ccc(S(C)(=O)=O)cc2)cc1,0,IC50,4.06,1,CHEMBL1956390
COc1ccc(-c2nnnn2-c2ccc(S(C)(=O)=O)cc2)cc1,0,IC50 (>),4.0,1,CHEMBL1956391
CS(=O)(=O)c1ccc(-n2nnnc2-c2ccc(F)cc2)cc1,0,IC50,4.82,1,CHEMBL1956392
CS(=O)(=O)c1ccc(-n2nnnc2-c2ccc(Cl)cc2)cc1,0,IC50,4.5,1,CHEMBL1956393
CS(=O)(=O)c1ccc(-n2nnnc2-c2ccc(C(F)(F)F)cc2)cc1,0,IC50 (>),4.0,1,CHEMBL1956394
CS(=O)(=O)c1ccc(-n2nnnc2-c2ccc([N+](=O)[O-])cc2)cc1,0,IC50,4.16,1,CHEMBL1956395
O=C(/C=C/c1ccc(O)c(O)c1)NCCc1c[nH]c2ccc(O)cc12,0,IC50,4.37,2,CHEMBL559089
COc1cc(/C=C/C(=O)NCCc2c[nH]c3ccc(O)cc23)cc(OC)c1O,0,IC50 (>),3.4,1,CHEMBL1760551
COc1cc(/C=C/C(=O)O)cc(OC)c1O,0,IC50,4.55,1,CHEMBL109341
NCCc1c[nH]c2ccc(O)cc12,0,IC50 (>),3.4,1,CHEMBL39
CNc1nnc(Cn2nc(Cc3ccccc3)c3onc(C)c3c2=O)s1,0,IC50,4.67,1,CHEMBL2018563
CCNc1nnc(Cn2nc(Cc3ccccc3)c3onc(C)c3c2=O)s1,0,IC50 (>),4.0,1,CHEMBL2018564
Cc1noc2c(Cc3ccccc3)nn(Cc3nnc(Nc4ccccc4)s3)c(=O)c12,0,IC50,4.96,1,CHEMBL2016598
CCNc1nnc(Cn2nc(Cc3ccc([N+](=O)[O-])cc3)c3onc(C)c3c2=O)s1,0,IC50,4.4,1,CHEMBL2018566
Cc1noc2c(Cc3ccc([N+](=O)[O-])cc3)nn(Cc3nnc(Nc4ccccc4)s3)c(=O)c12,0,IC50 (>),4.0,1,CHEMBL2018567
CNc1nnc(Cn2nc(Cc3ccc(OC)cc3)c3onc(C)c3c2=O)s1,0,IC50,4.83,1,CHEMBL2018568
CCNc1nnc(Cn2nc(Cc3ccc(OC)cc3)c3onc(C)c3c2=O)s1,0,IC50 (>),4.0,1,CHEMBL2018569
COc1ccc(Cc2nn(Cc3nnc(Nc4ccccc4)s3)c(=O)c3c(C)noc23)cc1,0,IC50 (>),4.0,1,CHEMBL2018570
Cc1noc2c(Cc3ccccc3)nn(Cc3n[nH]c(=S)n3-c3ccccc3)c(=O)c12,0,IC50 (>),4.0,1,CHEMBL2018669
Cc1noc2c(Cc3ccc([N+](=O)[O-])cc3)nn(Cc3n[nH]c(=S)n3-c3ccccc3)c(=O)c12,0,IC50 (>),4.0,1,CHEMBL2018672
COc1ccc(Cc2nn(Cc3n[nH]c(=S)n3-c3ccccc3)c(=O)c3c(C)noc23)cc1,0,IC50,4.97,1,CHEMBL2018675
O=C(O)Cc1cnc(C(=O)c2ccc(NC(=O)c3ccc(Cl)c(Cl)c3)cc2)c2ccccc12,0,IC50 (>),5.0,2,CHEMBL2023649
O=C(O)c1ccccc1Nc1cccc(C(F)(F)F)c1,1,IC50,7.8,3,CHEMBL23588
O=C(O)c1cccc(Nc2ccc(C(F)(F)F)cc2)c1,0,IC50 (>),4.0,3,CHEMBL1682202
O=C(O)c1cccc(Nc2ccc([N+](=O)[O-])c3ccccc23)c1,0,IC50 (>),4.0,1,CHEMBL2023820
O=C(O)c1cccc(Nc2ccc([N+](=O)[O-])cc2)c1,1,IC50,6.13,3,CHEMBL1682200
COc1ccc(-c2csc(Nc3ccc4c(c3)OCO4)n2)cc1,1,IC50,6.04,1,CHEMBL2023862
COc1cccc(-c2csc(Nc3ccc4c(c3)OCO4)n2)c1,1,IC50,6.04,1,CHEMBL2023861
COc1ccccc1-c1csc(Nc2ccc3c(c2)OCO3)n1,1,IC50,6.03,1,CHEMBL2023860
Clc1ccccc1-c1csc(Nc2ccc3c(c2)OCO3)n1,1,IC50,6.04,1,CHEMBL2023859
c1ccc(-c2csc(Nc3ccc4c(c3)OCO4)n2)cc1,1,IC50,6.39,1,CHEMBL1894768
COc1ccc(-c2csc(Nc3ccc(C)cc3)n2)cc1,1,IC50,6.09,1,CHEMBL2023858
Clc1ccc(-c2csc(Nc3ccc4c(c3)OCO4)n2)cc1,1,IC50,6.08,1,CHEMBL2023847
Clc1ccc(-c2csc(Nc3ccc(Oc4ccccc4)cc3)n2)cc1,0,IC50 (>),5.0,1,CHEMBL2023846
CC(=O)c1ccc(Nc2cccc(C(=O)O)c2)cc1,0,IC50 (>),4.0,2,CHEMBL1682201
O=C(O)c1cccc(Nc2ccc(Br)cc2)c1,0,IC50 (>),4.0,2,CHEMBL1682204
CC(C)(C)c1ccc(Nc2cccc(C(=O)O)c2)cc1,0,IC50 (>),4.0,2,CHEMBL1682205
CC(=O)c1ccc(Nc2cccc(C(=O)O)c2)c(C(=O)O)c1,0,IC50 (>),4.0,1,CHEMBL2041554
O=C(O)c1cccc(Nc2ccc(C(F)(F)F)cc2[N+](=O)[O-])c1,0,IC50 (>),4.0,1,CHEMBL2041555
COc1ccc(Nc2cccc(C(=O)O)c2)c([N+](=O)[O-])c1,0,IC50 (>),4.0,1,CHEMBL2041556
NS(=O)(=O)c1ccc(NN2C(=O)CSC2c2ccccc2)cc1,0,IC50,4.11,1,CHEMBL2087935
NS(=O)(=O)c1ccc(NN2C(=O)CSC2c2ccc(Cl)cc2)cc1,0,IC50,4.34,1,CHEMBL2087936
NS(=O)(=O)c1ccc(NN2C(=O)CSC2c2ccc(F)cc2)cc1,0,IC50,4.2,1,CHEMBL2087937
Cc1ccc(C2SCC(=O)N2Nc2ccc(S(N)(=O)=O)cc2)cc1,0,IC50,4.61,1,CHEMBL2087938
NS(=O)(=O)c1ccc(NN2C(=O)CSC2c2ccc(C(F)(F)F)cc2)cc1,0,IC50,4.29,1,CHEMBL2087939
CS(=O)(=O)c1ccc(NN2C(=O)CSC2c2ccccc2)cc1,0,IC50,4.7,1,CHEMBL2087940
CS(=O)(=O)c1ccc(NN2C(=O)CSC2c2ccc(F)cc2)cc1,0,IC50,4.34,1,CHEMBL2087942
Cc1ccc(C2SCC(=O)N2Nc2ccc(S(C)(=O)=O)cc2)cc1,0,IC50,4.84,1,CHEMBL2087943
CS(=O)(=O)c1ccc(NN2C(=O)CSC2c2ccc(C(F)(F)F)cc2)cc1,0,IC50,4.42,1,CHEMBL2087944
CC1CCN([C@H](c2ccc(F)cc2)c2ccc([C@@H](C)C(=O)O)cc2-c2ccc(C(F)(F)F)cc2)CC1,0,IC50,4.57,1,CHEMBL2146750
Cc1c(Cl)cccc1NC(=O)C(C)Oc1cc(=O)oc2ccccc12,0,IC50,4.12,1,CHEMBL2158356
CC(Oc1cc(=O)oc2ccccc12)C(=O)NCc1ccccc1,0,IC50,4.88,1,CHEMBL2158357
CC(Oc1cc(=O)oc2ccccc12)C(=O)Nc1ccc(F)cc1F,0,IC50,4.77,1,CHEMBL2158358
COc1ccc(NC(=O)C(C)Oc2cc(=O)oc3ccccc23)cc1,0,IC50,4.41,1,CHEMBL2158359
CC(Oc1cc(=O)oc2ccccc12)C(=O)Nc1ccc(C(F)(F)F)cc1C#N,0,IC50,4.3,1,CHEMBL2158360
CC(Oc1cc(=O)oc2ccccc12)C(=O)N1CCOCC1,0,IC50,4.16,1,CHEMBL2158362
CC(Oc1cc(=O)oc2ccccc12)C(=O)Nc1ccc(N2CCOCC2=O)cc1,0,IC50,4.9,1,CHEMBL2158006
CC(Oc1cc(=O)oc2ccccc12)C(=O)Nc1ccncc1,0,IC50,4.28,1,CHEMBL2158365
O=C1CSC(N2N=C(c3ccc(Cl)c(Cl)c3)CC2c2ccc(F)cc2)=N1,0,IC50,4.71,1,CHEMBL2160143
O=C1CSC(N2N=C(c3ccc(Cl)c(Cl)c3)CC2c2ccccc2Cl)=N1,0,IC50,4.74,1,CHEMBL2160149
Cc1ccccc1C1CC(c2ccc(Cl)c(Cl)c2)=NN1C1=NC(=O)CS1,0,IC50,4.79,1,CHEMBL2160150
O=C1CSC(N2N=C(c3ccc(Cl)c(Cl)c3)CC2c2cccc(Cl)c2)=N1,0,IC50,4.79,1,CHEMBL2160147
O=C1CSC(N2N=C(c3ccc(Cl)c(Cl)c3)CC2c2ccc(Cl)cc2)=N1,0,IC50,4.93,1,CHEMBL2160144
Cc1ccc(C2=NN(C3=NC(=O)CS3)C(c3ccccc3)C2)cc1C,1,IC50,6.3,1,CHEMBL2159921
C[C@@H](C(=O)O)c1ccc2c3cc(Cl)ccc3n(C(=O)c3cocn3)c2c1,0,IC50 (>),4.0,1,CHEMBL2171254
C[C@@H](C(=O)O)c1ccc2c3cc(Cl)ccc3n(C(=O)c3ccc(Cl)cc3)c2c1,0,IC50 (>),4.0,1,CHEMBL2171252
C[C@H](C(=O)O)c1ccc2c3cc(Cl)ccc3n(C(=O)c3ccc(Cl)cc3)c2c1,0,IC50,4.33,1,CHEMBL2171251
C[C@@H](C(=O)O)c1ccc2c(c1)[nH]c1ccc(Cl)cc12,0,IC50 (>),4.0,1,CHEMBL2171250
CC(C(=O)O)c1ccc2c3cc(Cl)ccc3n(C(=O)c3cscn3)c2c1,0,IC50 (>),4.0,1,CHEMBL2171248
CC(C(=O)O)c1ccc2c3cc(Cl)ccc3n(C(=O)c3c[nH]cn3)c2c1,0,IC50 (>),4.0,1,CHEMBL2171247
CC(C(=O)O)c1ccc2c3cc(Cl)ccc3n(C(=O)c3cocn3)c2c1,0,IC50,4.56,1,CHEMBL2171246
CC(C(=O)O)c1ccc2c3cc(Cl)ccc3n(C(=O)c3ccc(Cl)c(Cl)c3)c2c1,0,IC50 (>),4.0,1,CHEMBL2171245
CC(C(=O)O)c1ccc2c3cc(Cl)ccc3n(C(=O)c3ccccc3Cl)c2c1,0,IC50 (>),4.0,1,CHEMBL2171244
CC(C(=O)O)c1ccc2c3cc(Cl)ccc3n(C(=O)c3cccc(Cl)c3)c2c1,0,IC50 (>),4.0,1,CHEMBL2171243
COc1ccc(C(=O)n2c3ccc(Cl)cc3c3ccc(C(C)C(=O)O)cc32)cc1,0,IC50 (>),4.0,1,CHEMBL2171242
CC(C(=O)O)c1ccc2c3cc(Cl)ccc3n(C(=O)c3ccc(F)cc3)c2c1,0,IC50 (>),4.0,1,CHEMBL2171241
CC(C(=O)O)c1ccc2c3cc(Cl)ccc3n(C(=O)c3ccc(Cl)cc3)c2c1,0,IC50,4.14,1,CHEMBL2171272
CC(C(=O)O)c1ccc2c3cc(Cl)ccc3n(C(=O)c3ccccc3)c2c1,0,IC50 (>),4.0,1,CHEMBL2171271
CC(=O)n1c2ccc(Cl)cc2c2ccc(C(C)C(=O)O)cc21,0,IC50 (>),4.0,1,CHEMBL2171270
CCCCCCOC(=O)n1c2ccc(Cl)cc2c2ccc(C(C)C(=O)O)cc21,0,IC50 (>),4.0,1,CHEMBL2171269
CC(C(=O)O)c1ccc2c3cc(Cl)ccc3n(C(=O)NC3CCCCC3)c2c1,0,IC50 (>),4.0,1,CHEMBL2171268
CCCCCCN(C)C(=O)n1c2ccc(Cl)cc2c2ccc(C(C)C(=O)O)cc21,0,IC50 (>),4.0,1,CHEMBL2171267
CC(C(=O)O)c1ccc2c3cc(Cl)ccc3n(C(=O)Nc3ccc(Cl)cc3)c2c1,0,IC50 (>),4.0,1,CHEMBL2171266
CCCCCCCCNC(=O)n1c2ccc(Cl)cc2c2ccc(C(C)C(=O)O)cc21,0,IC50 (>),4.0,1,CHEMBL2171265
CCCCNC(=O)n1c2ccc(Cl)cc2c2ccc(C(C)C(=O)O)cc21,0,IC50 (>),4.0,1,CHEMBL2171264
CNC(=O)n1c2ccc(Cl)cc2c2ccc(C(C)C(=O)O)cc21,0,IC50 (>),4.0,1,CHEMBL2171263
CCCCCCNC(=O)n1c2ccc(Cl)cc2c2ccc(C(C)C(=O)O)cc21,0,IC50 (>),4.0,1,CHEMBL2171262
CC(C(=O)O)c1ccc2c3cc(Cl)ccc3n(S(=O)(=O)c3ccc(Cl)cc3)c2c1,0,IC50 (>),4.0,1,CHEMBL374646
CCCCCCS(=O)(=O)n1c2ccc(Cl)cc2c2ccc(C(C)C(=O)O)cc21,0,IC50 (>),4.0,1,CHEMBL2171261
COc1ccccc1Cn1c2ccc(Cl)cc2c2ccc(C(C)C(=O)O)cc21,0,IC50 (>),4.0,1,CHEMBL2171260
COc1cccc(Cn2c3ccc(Cl)cc3c3ccc(C(C)C(=O)O)cc32)c1,0,IC50 (>),4.0,1,CHEMBL216986
COc1ccc(Cn2c3ccc(Cl)cc3c3ccc(C(C)C(=O)O)cc32)cc1,0,IC50 (>),4.0,1,CHEMBL2171259
CC(C(=O)O)c1ccc2c3cc(Cl)ccc3n(Cc3ccc(Cl)cc3)c2c1,0,IC50 (>),4.0,1,CHEMBL2171258
CC(C(=O)O)c1ccc2c3cc(Cl)ccc3n(Cc3ccc(C#N)cc3)c2c1,0,IC50 (>),4.0,1,CHEMBL2171257
CC(C(=O)O)c1ccc2c3cc(Cl)ccc3n(Cc3ccccc3)c2c1,0,IC50 (>),4.0,1,CHEMBL2171256
CC(C(=O)O)c1ccc2c3cc(Cl)ccc3n(C)c2c1,0,IC50 (>),4.0,1,CHEMBL2171255
CC(C(=O)Nc1ccccc1)c1ccc2c(c1)[nH]c1ccc(Cl)cc12,0,IC50 (>),4.0,1,CHEMBL2171276
CC(C(=O)NCCO)c1ccc2c(c1)[nH]c1ccc(Cl)cc12,0,IC50 (>),4.0,1,CHEMBL2171275
COC(=O)C(C)c1ccc2c(c1)[nH]c1ccc(Cl)cc12,0,IC50 (>),4.0,1,CHEMBL2171274
CC(C(=O)O)c1ccc2c(c1)[nH]c1ccccc12,0,IC50 (>),4.0,1,CHEMBL2171273
CCCCC(=C(c1ccccc1)c1ccccc1)c1ccc(S(C)(=O)=O)cc1,1,IC50,7.85,2,CHEMBL1221731
O=S(=O)(Nc1ccncc1Nc1cccc(Br)c1)C(F)(F)F,1,IC50,6.92,1,CHEMBL1079335
Cc1ccc(C(=O)n2nc(C)c3nnc4cc(Cl)c(F)cc4c32)cc1,0,IC50,4.89,1,CHEMBL2204556
CS(=O)(=O)c1ccc(-c2nc(NC3CC=CCC3)cc(C(F)(F)F)n2)cc1,1,IC50,7.48,1,CHEMBL2234864
CS(=O)(=O)c1ccc(C=C(c2ccc(F)cc2)c2ccc(F)cc2)cc1,0,IC50,4.5,1,CHEMBL179723
Cc1ccc(C(=Cc2ccc(S(C)(=O)=O)cc2)c2ccc(C)cc2)cc1,0,IC50,4.5,1,CHEMBL179204
CS(=O)(=O)c1ccc(/C=C(\c2ccccc2)c2ccc(Cl)cc2)cc1,1,IC50,6.94,1,CHEMBL2283174
CS(=O)(=O)c1ccc(/C=C(\c2ccccc2)c2ccc(F)c(F)c2)cc1,1,IC50,6.01,1,CHEMBL2283173
CS(=O)(=O)c1ccc(/C=C(\c2ccccc2)c2ccc(F)cc2)cc1,1,IC50,7.5,1,CHEMBL2283172
Cc1ccc(/C(=C/c2ccc(S(C)(=O)=O)cc2)c2ccccc2)cc1,1,IC50,6.92,1,CHEMBL2283171
CCCC/C(=C(\c1ccccc1)c1cc(C(C)(C)C)c(C(C)=O)c(C(C)(C)C)c1)c1ccc(S(C)(=O)=O)cc1,0,IC50 (>),4.0,1,CHEMBL2283170
CC/C(=C(\c1ccccc1)c1ccc(S(C)(=O)=O)cc1)c1cc(C(C)(C)C)c(O)c(C(C)(C)C)c1,0,IC50,4.5,1,CHEMBL2283168
CCCC/C(=C(\c1ccccc1)c1cc(C(C)(C)C)c(O)c(C(C)(C)C)c1)c1ccc(S(C)(=O)=O)cc1,1,IC50,6.44,1,CHEMBL2283166
CS(=O)(=O)c1ccc(/C=C(/C(=O)O)c2ccc(-c3ccc(S(C)(=O)=O)cc3)cc2)cc1,1,IC50,6.5,1,CHEMBL2283164
CC(C)Oc1ccc(-c2cccc(/C(=C\c3ccc(S(C)(=O)=O)cc3)C(=O)O)c2)cc1,0,IC50 (>),4.0,1,CHEMBL2283163
CS(=O)(=O)c1ccc(/C=C(/C(=O)O)c2cccc(-c3ccc(F)cc3F)c2)cc1,0,IC50 (>),4.0,1,CHEMBL2283162
CC(C)Oc1ccc(-c2ccc(/C(=C\c3ccc(S(C)(=O)=O)cc3)C(=O)O)cc2)cc1,1,IC50,6.5,1,CHEMBL2283161
CS(=O)(=O)c1ccc(/C=C(/C(=O)O)c2ccc(-c3ccc(F)cc3F)cc2)cc1,1,IC50,6.5,1,CHEMBL2283160
CS(=O)(=O)c1ccc(/C=C(/C(=O)O)c2ccc(F)cc2)cc1,0,IC50,4.44,1,CHEMBL407035
CCCCCCCC(=C(c1ccccc1)c1ccccc1)c1ccc(S(C)(=O)=O)cc1,1,IC50,6.82,1,CHEMBL2283156
CS(=O)(=O)c1ccc(/C=C(/C(=O)O)c2cccc(Br)c2)cc1,1,IC50,6.51,1,CHEMBL2283155
CC/C(=C(\c1ccccc1)c1ccc(OC(C)=O)cc1)c1ccc(S(C)(=O)=O)cc1,1,IC50,7.52,1,CHEMBL2283154
CS(=O)(=O)c1ccc(C=C(c2ccccc2)c2ccccc2)cc1,1,IC50,6.51,1,CHEMBL2283151
CC(=C(c1ccccc1)c1ccccc1)c1ccc(S(C)(=O)=O)cc1,1,IC50,6.2,1,CHEMBL2283150
CC/C(=C(\c1ccccc1)c1ccc(N=[N+]=[N-])cc1)c1ccccc1,1,IC50,6.55,1,CHEMBL2283148
CCCC/C(=C(\c1ccccc1)c1ccc(N=[N+]=[N-])cc1)c1ccccc1,1,IC50,6.0,1,CHEMBL2283181
CCCCCC/C(=C(\c1ccccc1)c1ccc(N=[N+]=[N-])cc1)c1ccccc1,1,IC50,6.96,1,CHEMBL2283180
CS(=O)(=O)Nc1ccc(/C(=C(\c2ccccc2)C2CCCCC2)c2ccccc2)cc1,0,IC50 (>),4.0,1,CHEMBL2283179
C/C(=C(\c1ccccc1)c1ccc(NS(C)(=O)=O)cc1)c1ccccc1,0,IC50,4.48,1,CHEMBL2283178
CCCC/C(=C(\c1ccccc1)c1ccc(NS(C)(=O)=O)cc1)c1ccccc1,1,IC50,6.5,1,CHEMBL2283176
CCCCCC/C(=C(\c1ccccc1)c1ccc(NS(C)(=O)=O)cc1)c1ccccc1,1,IC50,7.52,1,CHEMBL2283175
O=c1c2ccccc2n(CCOS(=O)(=O)c2ccc(C(F)(F)F)cc2)c2ccccc12,1,IC50,6.23,1,CHEMBL2315017
CC(=O)Oc1ccccc1C(=O)OCCn1c2ccccc2c(=O)c2ccccc21,0,IC50,4.67,1,CHEMBL2315016
CC(C)Cc1ccc(C(C)C(=O)OCCn2c3ccccc3c(=O)c3ccccc32)cc1,1,IC50,6.17,1,CHEMBL2315014
O=C(N[C@H]1CC[C@@H](CO)CC1)C1CCN(c2nc3cc(Cl)ccc3o2)CC1,0,IC50,4.96,1,CHEMBL2315861
O=C(N[C@H]1CC[C@H](CO)CC1)C1CCN(c2nc3cc(Cl)ccc3o2)CC1,0,IC50 (>),5.0,1,CHEMBL2315860
CCC1CCCCN1C(=O)/C=C/c1c(/C=C/c2ccc(OC)cc2)cc(OC)cc1OC,0,IC50,4.99,1,CHEMBL2333734
COc1ccc(/C=C/c2cc(OC)cc(OC)c2/C=C/C(=O)N2CCC(C)CC2)cc1,0,IC50,4.99,1,CHEMBL2334138
COc1ccc(/C=C/c2cc(OC)cc(OC)c2/C=C/C(=O)N2CCCCC2)cc1,0,IC50,4.63,1,CHEMBL2334135
CCCCCN(CCCCC)C(=O)/C=C/c1c(/C=C/c2ccc(OC)cc2)cc(OC)cc1OC,0,IC50,4.78,1,CHEMBL2334132
COc1ccc(/C=C/c2cc(OC)cc(OC)c2/C=C/C(=O)N(C)C)cc1,0,IC50,4.89,1,CHEMBL2333754
COc1ccc(/C=C/c2cc(OC)cc(OC)c2/C=C/C(=O)NC2CC2)cc1,0,IC50,4.89,1,CHEMBL2333749
COc1ccc(/C=C/c2cc(OC)cc(OC)c2/C=C/C(=O)NCC(C)C)cc1,0,IC50,4.82,1,CHEMBL2333747
COc1ccc(/C=C/c2cc(OC)cc(OC)c2/C=C/C(=O)NC(C)(C)C)cc1,0,IC50,4.95,1,CHEMBL2333746
CCCCCCCCNC(=O)/C=C/c1c(/C=C/c2ccc(OC)cc2)cc(OC)cc1OC,0,IC50,4.7,1,CHEMBL2334143
CCNC(=O)/C=C/c1c(/C=C/c2ccc(OC)cc2)cc(OC)cc1OC,0,IC50,4.91,1,CHEMBL2334139
Cc1c(CCOCCO)cc(-c2ccc(S(C)(=O)=O)cc2)n1-c1ccc(F)cc1,1,IC50,6.4,1,CHEMBL2337409
Cc1c(CCOCCO[N+](=O)[O-])cc(-c2ccc(S(C)(=O)=O)cc2)n1-c1ccc(F)cc1,1,IC50,6.19,1,CHEMBL2337402
CCS(=O)(=O)c1nc(-c2ccc(Cl)cc2)c(-c2ccc(S(C)(=O)=O)cc2)[nH]1,1,IC50,6.5,1,CHEMBL2347676
CCS(=O)(=O)c1nc(-c2ccc(F)cc2)c(-c2ccc(S(C)(=O)=O)cc2)[nH]1,1,IC50,6.51,1,CHEMBL2347675
CCS(=O)(=O)c1nc(-c2ccccc2)c(-c2ccc(S(C)(=O)=O)cc2)[nH]1,1,IC50,6.62,1,CHEMBL2347674
CCSc1nc(-c2ccc(Cl)cc2)c(-c2ccc(S(C)(=O)=O)cc2)[nH]1,1,IC50,6.96,1,CHEMBL2347673
CCSc1nc(-c2ccc(F)cc2)c(-c2ccc(S(C)(=O)=O)cc2)[nH]1,1,IC50,7.1,1,CHEMBL2347672
CCSc1nc(-c2ccccc2)c(-c2ccc(S(C)(=O)=O)cc2)[nH]1,1,IC50,7.3,1,CHEMBL2347671
CS(=O)(=O)c1ccc(-c2[nH]c(S(C)(=O)=O)nc2-c2ccc(Cl)cc2)cc1,1,IC50,6.51,1,CHEMBL2347670
CS(=O)(=O)c1ccc(-c2[nH]c(S(C)(=O)=O)nc2-c2ccc(F)cc2)cc1,1,IC50,6.55,1,CHEMBL2346675
CS(=O)(=O)c1ccc(-c2[nH]c(S(C)(=O)=O)nc2-c2ccccc2)cc1,1,IC50,6.55,1,CHEMBL2347669
CSc1nc(-c2ccc(Cl)cc2)c(-c2ccc(S(C)(=O)=O)cc2)[nH]1,1,IC50,7.0,1,CHEMBL2347668
CSc1nc(-c2ccc(F)cc2)c(-c2ccc(S(C)(=O)=O)cc2)[nH]1,1,IC50,7.16,1,CHEMBL2347667
CSc1nc(-c2ccccc2)c(-c2ccc(S(C)(=O)=O)cc2)[nH]1,1,IC50,7.22,1,CHEMBL2347677
CC(=O)/C(=C(\N)c1ccco1)c1ccccc1,0,IC50 (>),4.0,1,CHEMBL2380861
CC(=O)/C(=C(\N)c1ccc(Cl)o1)c1ccccc1,0,IC50 (>),4.0,1,CHEMBL2380880
O=C(O)c1c(-c2ccccc2)noc1-c1ccccc1,0,IC50 (>),4.0,1,CHEMBL2380879
COC(=O)c1c(-c2ccccc2)noc1-c1ccccc1,0,IC50 (>),4.0,1,CHEMBL1710350
O=C(O)c1c(-c2ccc(Cl)o2)noc1-c1ccccc1,0,IC50 (>),4.0,1,CHEMBL2380878
COC(=O)c1c(-c2ccc(Cl)o2)noc1-c1ccccc1,0,IC50 (>),4.0,1,CHEMBL2380877
Cc1onc(-c2ccc(Br)o2)c1-c1ccccc1,0,IC50,4.47,1,CHEMBL2380876
Cc1onc(C2CCCO2)c1-c1ccccc1,0,IC50 (>),4.0,1,CHEMBL2380875
Cc1onc(-c2ccco2)c1-c1ccccc1,0,IC50,4.69,1,CHEMBL2380874
O=C(OCCCO[N+](=O)[O-])c1onc(-c2ccc(Cl)o2)c1-c1ccccc1,0,IC50 (>),4.0,1,CHEMBL2380873
O=C(OCCCN1CCOCC1)c1onc(-c2ccc(Cl)o2)c1-c1ccccc1,0,IC50 (>),4.0,1,CHEMBL2380872
CC(=O)OCc1onc(-c2ccc(Cl)o2)c1-c1ccccc1,0,IC50 (>),4.0,1,CHEMBL2380871
OCc1onc(-c2ccc(Cl)o2)c1-c1ccccc1,0,IC50 (>),4.0,1,CHEMBL2380870
COC(=O)c1onc(-c2ccc(Cl)o2)c1-c1ccccc1,0,IC50 (>),4.0,1,CHEMBL2380869
O=C(O)c1onc(-c2ccc(Cl)o2)c1-c1ccccc1,0,IC50 (>),4.0,1,CHEMBL2380868
Cc1ccc(-c2noc(C)c2-c2ccccc2)o1,0,IC50,4.17,1,CHEMBL2380867
Cc1onc(-c2ccc(Cl)o2)c1-c1ccc(F)cc1,0,IC50,4.76,1,CHEMBL2380866
Cc1onc(-c2ccc(Cl)o2)c1-c1ccccc1F,0,IC50 (>),4.0,1,CHEMBL2380865
FC(F)(F)c1onc(-c2ccc(Cl)o2)c1-c1ccccc1,0,IC50 (>),4.0,1,CHEMBL2380864
Cc1onc(-c2cccc(Cl)c2)c1-c1ccccc1,1,IC50,6.57,1,CHEMBL2380862
O=c1[nH]c2cc(-c3ccccc3)ccc2c2[nH]c(-c3c(F)cccc3Cl)nc12,0,IC50 (>),5.0,1,CHEMBL2387503
O=C(N[C@H]1CCC[C@H](CO)C1)C1CCN(c2nc3cc(Cl)c(-c4ccc(Cl)cc4)cc3o2)CC1,0,IC50 (>),5.0,1,CHEMBL2325079
Cc1c(/C=N\O)cc(-c2ccc(S(C)(=O)=O)cc2)n1-c1ccc(F)c(F)c1,0,IC50,4.76,1,CHEMBL2391052
Cc1c(C=O)cc(-c2ccc(S(C)(=O)=O)cc2)n1-c1ccc(F)c(F)c1,0,IC50,4.83,1,CHEMBL2391048
COc1ccc(-c2cn(CCc3ccc(S(N)(=O)=O)cc3)nn2)cc1,0,IC50,4.57,1,CHEMBL2398532
NS(=O)(=O)c1ccc(CCn2cc(-c3ccc(Cl)cc3)nn2)cc1,1,IC50,6.77,1,CHEMBL2398541
NS(=O)(=O)c1ccc(CCn2cc(-c3ccc(F)cc3)nn2)cc1,1,IC50,6.0,1,CHEMBL2398540
COc1ccc(-c2cn(Cc3ccc(S(N)(=O)=O)cc3)nn2)cc1,0,IC50,4.89,1,CHEMBL2398538
NS(=O)(=O)c1ccc(Cn2cc(-c3ccc(Cl)cc3)nn2)cc1,0,IC50,4.55,1,CHEMBL2398536
COc1ccc(-c2cn(-c3ccc(S(N)(=O)=O)cc3)nn2)cc1,0,IC50,4.96,1,CHEMBL513185
Cc1ccc(-c2cn(-c3ccc(S(N)(=O)=O)cc3)nn2)cc1,0,IC50,4.85,1,CHEMBL469220
NS(=O)(=O)c1ccc(-n2cc(-c3ccc(F)cc3)nn2)cc1,0,IC50,4.87,1,CHEMBL468367
C[C@H](CS)C(=O)N1CCC[C@H]1C(=O)O,0,Ki,4.92,1,CHEMBL1560
O=[N+]([O-])c1ccc(O)c2ncccc12,1,Ki,6.0,1,CHEMBL1454910
O=c1cc(-c2ccccc2)oc2cc(O)cc(O)c12,0,IC50,4.59,1,CHEMBL117
CC1=NN(c2cccc(Cl)c2)C(=O)/C1=C\c1cn(CCCOc2cc(O)c3c(=O)cc(-c4ccccc4)oc3c2)c2ccccc12,1,IC50,6.16,1,CHEMBL3100129
Cc1c(C(N)C(=O)NCCO)cc(-c2ccc(S(C)(=O)=O)cc2)n1-c1cccc(F)c1,0,IC50,4.86,1,CHEMBL3104551
Cc1c(C(N)C(=O)NCCO[N+](=O)[O-])cc(-c2ccc(S(C)(=O)=O)cc2)n1-c1cccc(F)c1,0,IC50,4.68,1,CHEMBL3104549
O=S(=O)(Nc1ccncc1Nc1ccc(O)c(Br)c1)C(F)(F)F,0,IC50 (>),4.0,1,CHEMBL3113238
Cc1cc(Nc2cnccc2NS(=O)(=O)C(F)(F)F)ccc1Br,1,IC50,6.52,1,CHEMBL3113235
Cc1ccc(Nc2cnccc2NS(=O)(=O)C(F)(F)F)cc1Br,1,IC50,7.05,1,CHEMBL3113234
Cc1ccc(Nc2cnccc2NS(C)(=O)=O)cc1C,0,IC50,4.51,1,CHEMBL3113232
Cc1ccc(Nc2cnccc2NS(=O)(=O)C(F)(F)F)cc1C,1,IC50,6.26,1,CHEMBL3113231
Cc1cc(C)cc(Nc2cnccc2NS(C)(=O)=O)c1,0,IC50 (>),4.0,1,CHEMBL3113230
O=S(=O)(Nc1ccncc1Nc1ccccc1)C1CC1,0,IC50,4.46,1,CHEMBL3113228
O=S(=O)(C1CC1)N(c1ccncc1Nc1ccccc1)S(=O)(=O)C1CC1,0,IC50,4.25,1,CHEMBL3113227
N#Cc1cccc(Nc2cnccc2NS(=O)(=O)C(F)(F)F)c1,0,IC50,4.44,1,CHEMBL3113226
O=S(=O)(Nc1ccncc1Nc1ccc(O)cc1)C(F)(F)F,0,IC50 (>),4.0,1,CHEMBL3113225
O=S(=O)(Nc1ccncc1Nc1cccc(I)c1)C(F)(F)F,1,IC50,6.58,1,CHEMBL3113224
CS(=O)(=O)Nc1ccncc1Nc1ccc(F)cc1,0,IC50,4.68,1,CHEMBL3113242
O=S(=O)(Nc1ccncc1Nc1ccc(F)cc1)C(F)(F)F,1,IC50,6.52,1,CHEMBL3113240
O=S(=O)(Nc1ccncc1Nc1cccc(F)c1)C(F)(F)F,1,IC50,6.62,1,CHEMBL3113239
COc1cc2occc2c(OC)c1-c1cc(-c2ccc(C(F)(F)F)cc2)n(-c2ccc(S(N)(=O)=O)cc2)n1,1,IC50,6.47,1,CHEMBL3127462
COc1cc2occc2c(OC)c1-c1cc(-c2ccc(F)cc2)n(-c2ccc(S(N)(=O)=O)cc2)n1,1,IC50,6.34,1,CHEMBL3127461
COc1cc2occc2c(OC)c1-c1cc(-c2ccc(Cl)cc2)n(-c2ccc(S(N)(=O)=O)cc2)n1,0,IC50,4.58,1,CHEMBL3127460
COc1cc2occc2c(OC)c1-c1cc(-c2ccccc2)n(-c2ccc(S(N)(=O)=O)cc2)n1,0,IC50,4.46,1,CHEMBL3127459
COc1c(-c2cc(-c3cccnc3)nn2-c2ccc(S(N)(=O)=O)cc2)c(O)c(OC)c2occc12,1,IC50,6.44,1,CHEMBL3127458
COc1c(-c2cc(C(F)(F)F)nn2-c2ccc(S(N)(=O)=O)cc2)c(O)c(OC)c2occc12,1,IC50,6.28,1,CHEMBL3127309
COc1c(-c2cc(-c3cccnc3)nn2-c2ccc(S(N)(=O)=O)cc2)c(O)cc2occc12,1,IC50,6.4,1,CHEMBL3127308
CNC(=O)c1nc(-c2cc(OC)c(OC)c(OC)c2)n(-c2ccc(OC)cc2)n1,0,IC50,4.17,1,CHEMBL3236777
COc1ccc(-n2nc(C(=O)Nc3ccc(Br)cc3)nc2-c2cc(OC)c(OC)c(OC)c2)cc1,0,IC50 (>),4.0,1,CHEMBL3237067
COc1ccc(-n2nc(C(=O)Nc3ccc(Cl)cc3)nc2-c2cc(OC)c(OC)c(OC)c2)cc1,0,IC50 (>),4.0,1,CHEMBL3237068
COc1ccc(-n2nc(C(=O)Nc3ccc(OC)c(OC)c3)nc2-c2cc(OC)c(OC)c(OC)c2)cc1,0,IC50 (>),4.0,1,CHEMBL3237071
COc1ccc(-n2nc(C(=O)NN)nc2-c2cc(OC)c(OC)c(OC)c2)cc1,0,IC50,4.33,1,CHEMBL3237075
NS(=O)(=O)c1ccc(C2=C(c3ccc(Cl)cc3)C(=O)NC2=O)cc1,0,IC50,4.58,1,CHEMBL3233598
CN1C(=O)C(c2ccccc2)=C(c2ccc(S(N)(=O)=O)cc2)C1=O,1,IC50,7.44,1,CHEMBL3233599
Cc1ccc(C2=C(c3ccc(S(N)(=O)=O)cc3)C(=O)N(C)C2=O)cc1,1,IC50,7.07,1,CHEMBL3233600
COc1ccc(C2=C(c3ccc(S(N)(=O)=O)cc3)C(=O)N(C)C2=O)cc1,1,IC50,7.28,1,CHEMBL3233601
CN1C(=O)C(c2ccc(Cl)cc2)=C(c2ccc(S(N)(=O)=O)cc2)C1=O,1,IC50,8.22,1,CHEMBL3233602
Cc1ccc(-c2cc(C(F)(F)F)nn2-c2ccc(S(C)(=O)=O)cc2)cc1,1,IC50,6.89,1,CHEMBL241970
Cc1ccc(C2=C(c3ccc(S(C)(=O)=O)cc3)COC2=O)cc1,1,IC50,6.52,1,CHEMBL3238415
Cc1ccc(C2=C(c3ccc(S(N)(=O)=O)cc3)COC2=O)cc1,1,IC50,6.96,1,CHEMBL3238416
CCOC(=O)c1c(C)oc2ccc(Oc3ccccc3)cc12,0,IC50,4.73,1,CHEMBL3264514
CCOC(=O)c1c(-c2ccccc2)oc2ccc(Oc3ccccc3)cc12,0,IC50,4.74,1,CHEMBL3264518
CCOC(=O)c1c(-c2ccccc2)oc2ccc(Oc3ccccc3C)cc12,0,IC50,4.7,1,CHEMBL3264519
CCOC(=O)c1c(-c2ccccc2)oc2ccc(Oc3ccc(C)cc3)cc12,0,IC50,4.72,1,CHEMBL3264520
CCOC(=O)c1c(C)oc2ccc(Oc3ccc4ccccc4c3)cc12,0,IC50,4.8,1,CHEMBL3264524
O=[N+]([O-])c1ccc(-c2nn(-c3ccccc3)cc2-c2nnc(-c3ccccc3)o2)cc1,1,IC50,6.51,1,CHEMBL1242554
O=[N+]([O-])c1ccc(-c2nn(-c3ccccc3)cc2-c2nnc(-c3ccncc3)o2)cc1,1,IC50,6.3,1,CHEMBL3265358
c1ccc(-c2nn(-c3ccccc3)cc2-c2nnc(-c3ccncc3)o2)cc1,0,IC50,4.96,1,CHEMBL3265352
Cc1ccc(-c2nn(-c3ccccc3)cc2-c2nnc(-c3ccccc3)o2)cc1,0,IC50,4.6,1,CHEMBL1242459
Clc1ccc(-c2nnc(-c3cn(-c4ccccc4)nc3-c3ccccc3)o2)cc1,0,IC50,4.42,1,CHEMBL3265345
Brc1ccc(-c2nn(-c3ccccc3)cc2-c2nnc(-c3ccncc3)o2)cc1,0,IC50,4.41,1,CHEMBL3265356
COc1ccc(-c2nn(-c3ccccc3)cc2-c2nnc(-c3ccncc3)o2)cc1,0,IC50,4.38,1,CHEMBL3265357
Clc1ccc(-c2nnc(-c3cn(-c4ccccc4)nc3-c3ccc(Br)cc3)o2)cc1,0,IC50,4.3,1,CHEMBL3265349
Cc1ccc(-c2nn(-c3ccccc3)cc2-c2nnc(-c3ccncc3)o2)cc1,0,IC50,4.28,1,CHEMBL3265353
Cc1ccc(-c2nn(-c3ccccc3)cc2-c2nnc(-c3ccc(Cl)cc3)o2)cc1,0,IC50,4.24,1,CHEMBL3265346
COc1ccc(-c2nn(-c3ccccc3)cc2-c2nnc(-c3ccc(Cl)cc3)o2)cc1,0,IC50,4.17,1,CHEMBL3265350
Brc1ccc(-c2nn(-c3ccccc3)cc2-c2nnc(-c3ccccc3)o2)cc1,0,IC50 (>),4.0,1,CHEMBL1242365
COc1ccc(-c2nn(-c3ccccc3)cc2-c2nnc(-c3ccccc3)o2)cc1,0,IC50 (>),4.0,1,CHEMBL1242460
C=C(C)[C@@H]1CC[C@]2(C)[C@H](CC=C3[C@@H]4[C@@H](C)[C@H](C)CC[C@]4(C)CC[C@]32C)[C@@]1(C)CCC(=O)O,0,IC50 (>),5.0,2,CHEMBL3289101
CC(C)=CCC[C@H](C(=O)O)[C@@H]1CC[C@]2(C)C3=C(CC[C@@]12C)[C@@]1(C)CC[C@@H](O)C(C)(C)[C@@H]1CC3,0,IC50 (>),5.0,1,CHEMBL3289096
CC(=O)O[C@@H]1CC[C@]2(C)C3=C(CC[C@H]2C1(C)C)[C@@]1(C)CC[C@@H]([C@H](CCC=C(C)C)C(=O)O)[C@]1(C)CC3,0,IC50 (>),5.0,1,CHEMBL3289097
CC(C)=CCC[C@H](C(=O)O)[C@@H]1CC[C@]2(C)C3=C(CC[C@@]12C)[C@@]1(C)CC[C@H](O)C(C)(C)[C@@H]1CC3,0,IC50 (>),5.0,1,CHEMBL3289098
CC(C)=CCC[C@H](C(=O)O)[C@H]1CC[C@]2(C)C3=C(CC[C@@]12C)[C@@]1(C)CCC(=O)C(C)(C)[C@H]1CC3,0,IC50 (>),5.0,1,CHEMBL566929
CC(C)=CCC[C@H](C(=O)O)[C@@H]1CC[C@]2(C)C3=CC[C@H]4C(C)(C)[C@H](O)CC[C@]4(C)[C@H]3CC[C@@]12C,0,IC50 (>),5.0,1,CHEMBL3289099
CC(=O)O[C@@H]1CC[C@]2(C)[C@H]3CC[C@@]4(C)[C@H]([C@H](CCC=C(C)C)C(=O)O)CC[C@]4(C)C3=CC[C@H]2C1(C)C,0,IC50 (>),5.0,1,CHEMBL3289100
CC(C)[C@@H]1CC[C@]2(C)[C@H](CC=C3[C@@H]4[C@@H](C)[C@H](C)CC[C@]4(C)CC[C@]32C)[C@@]1(C)CCC(=O)O,0,IC50 (>),5.0,1,CHEMBL3289102
CC(C)[C@@H]1CC[C@]2(C)[C@H](C(=O)C=C3[C@@H]4[C@@H](C)[C@H](C)CC[C@]4(C)CC[C@]32C)[C@@]1(C)CCC(=O)O,0,IC50 (>),5.0,1,CHEMBL3289103
CC(C)[C@@H]1CC[C@]2(C)[C@H](CC=C3[C@@H]4CC(C)(C)CC[C@]4(C)CC[C@]32C)[C@@]1(C)CCC(=O)O,0,IC50 (>),5.0,1,CHEMBL3289104
C=C(C)[C@@H]1CC[C@]2(C)CC[C@]3(C)[C@H](CC[C@@H]4[C@@]5(C)CC[C@H](O)[C@](C)(C(=O)O)[C@@H]5CC[C@]43C)[C@@H]12,0,IC50 (>),5.0,1,CHEMBL3289105
C=C(C)[C@@H]1CC[C@]2(C)CC[C@]3(C)[C@H](CC[C@@H]4[C@@]5(C)CC[C@H](OC(C)=O)[C@](C)(C(=O)O)[C@@H]5CC[C@]43C)[C@@H]12,0,IC50 (>),5.0,1,CHEMBL3289106
C=C(C)[C@@H]1CC[C@]2(CO)CC[C@]3(C)[C@H](CC[C@@H]4[C@@]5(C)CC[C@H](OC(C)=O)[C@](C)(C(=O)O)[C@@H]5CC[C@]43C)[C@@H]12,0,IC50 (>),5.0,1,CHEMBL3289107
COc1ccc(-c2ccccc2-c2nc3ccccc3o2)cc1Cl,1,IC50,6.17,1,CHEMBL3287567
Oc1ccc(-c2ccccc2-c2nc3ccccc3o2)cc1Cl,1,IC50,6.39,1,CHEMBL3287559
CC(C)NC(=O)c1nc(-c2ccccc2)n(-c2ccc(S(N)(=O)=O)cc2)n1,0,IC50,4.8,1,CHEMBL3290205
NS(=O)(=O)c1ccc(-n2nc(C(=O)NC3CCCCC3)nc2-c2ccccc2)cc1,1,IC50,6.18,1,CHEMBL3290204
COc1ccc(NC(=O)c2nc(-c3ccccc3)n(-c3ccc(S(N)(=O)=O)cc3)n2)cc1,1,IC50,6.05,1,CHEMBL3290201
NS(=O)(=O)c1ccc(-n2nc(C(=O)Nc3ccc(Cl)cc3)nc2-c2ccccc2)cc1,1,IC50,6.33,1,CHEMBL3290199
NS(=O)(=O)c1ccc(-n2nc(C(=O)Nc3nc4ccccc4s3)nc2-c2ccccc2)cc1,1,IC50,6.42,1,CHEMBL3290197
COc1ccc2cc([C@H](C)C(=O)NCCc3c[nH]c4ccc(O)cc34)ccc2c1,0,IC50,4.75,1,CHEMBL3359451
CC(C)c1ccc2c(c1)c(SC(C)(C)C)c(CC(C)(C)C(=O)O)n2Cc1ccc(Cl)cc1,0,IC50,4.24,1,CHEMBL29097
CC1CN(c2ccc(S(C)(=O)=O)cc2)C(c2ccc(Cl)cc2)=N1,0,IC50 (>),5.0,1,CHEMBL3322393
CS(=O)(=O)c1ccc(N2CCN=C2c2ccc(F)cc2)cc1,0,IC50 (>),5.0,1,CHEMBL3322394
CC1CN(c2ccc(S(C)(=O)=O)cc2)C(c2ccc(F)cc2)=N1,0,IC50 (>),5.0,1,CHEMBL3322395
CC1CN(c2ccc(S(C)(=O)=O)cc2)C(c2cccc(Br)c2)=N1,0,IC50 (>),5.0,1,CHEMBL3322398
CS(=O)(=O)c1ccc(N2CCN=C2c2cccc(F)c2)cc1,0,IC50 (>),5.0,1,CHEMBL3322399
Cc1cccc(C2=NCCN2c2ccc(S(C)(=O)=O)cc2)c1,0,IC50 (>),5.0,1,CHEMBL3322401
COc1ccc(C2=NCCN2c2ccc(S(C)(=O)=O)cc2)cc1F,0,IC50 (>),5.0,1,CHEMBL3322402
COc1cc(C2=NCCN2c2ccc(S(C)(=O)=O)cc2)ccc1F,0,IC50 (>),5.0,1,CHEMBL3322403
COc1ccc(C2=NCCN2c2ccc(S(C)(=O)=O)cc2)cc1Cl,0,IC50 (>),5.0,1,CHEMBL3322404
CS(=O)(=O)c1ccc(N2CCN=C2c2ccc(F)c(F)c2)cc1,0,IC50 (>),5.0,1,CHEMBL3322405
CC1CN(c2ccc(S(N)(=O)=O)cc2)C(c2ccc(Cl)cc2)=N1,0,IC50 (>),5.0,1,CHEMBL3322411
Cc1cccc(C2=NCCN2c2ccc(S(N)(=O)=O)cc2)c1,0,IC50 (>),5.0,1,CHEMBL3322416
COc1cc(C2=NCCN2c2ccc(S(N)(=O)=O)cc2)ccc1F,0,IC50 (>),5.0,1,CHEMBL3322418
NS(=O)(=O)c1ccc(N2CCN=C2c2ccc(Cl)c(Cl)c2)cc1,1,IC50,6.52,1,CHEMBL3322421
COc1ccc(S(=O)(=O)Nc2c(C)cc(C)cc2C)cc1,0,IC50 (>),4.0,1,CHEMBL3311308
O=C1/C(=C/c2coc3ccccc3c2=O)c2ccccc2N1c1c(Cl)cccc1Cl,1,IC50,8.89,1,CHEMBL3314084
CC(C)c1ccc2occ(/C=C3/C(=O)N(c4c(Cl)cccc4Cl)c4ccccc43)c(=O)c2c1,1,IC50,8.24,1,CHEMBL3314086
O=C1Nc2ccccc2/C1=C/c1coc2ccccc2c1=O,1,IC50,7.7,2,CHEMBL3314087
O=C1Nc2ccccc2/C1=C/c1coc2ccc(Br)cc2c1=O,1,IC50,7.7,1,CHEMBL3314088
CC1=NN(c2cccc(Cl)c2)C(=O)/C1=C/c1coc2c([N+](=O)[O-])cc(F)cc2c1=O,0,IC50 (>),5.0,1,CHEMBL3314089
O=S(=O)(c1ccccc1)N1N=C(C(F)(F)F)CC1c1cccc2ccccc12,0,IC50,4.17,1,CHEMBL3309821
CS(=O)(=O)c1ccc(N2N=C(C(F)(F)F)CC2c2cccc3c2OCO3)cc1,1,IC50,7.39,1,CHEMBL3309820
CS(=O)(=O)c1ccc(N2N=C(C(F)(F)F)CC2c2cccc3c2OCCO3)cc1,1,IC50,6.68,1,CHEMBL3309819
CS(=O)(=O)c1ccc(N2N=C(C(F)(F)F)CC2c2ccc3c(c2)OCO3)cc1,1,IC50,6.85,1,CHEMBL3309818
CS(=O)(=O)c1ccc(N2N=C(C(F)(F)F)CC2c2ccc3c(c2)OCCO3)cc1,1,IC50,6.62,1,CHEMBL3309451
CS(=O)(=O)c1ccc(N2N=C(C(F)(F)F)CC2c2ccc3ccccc3c2)cc1,0,IC50,4.75,1,CHEMBL3309450
CS(=O)(=O)c1ccc(N2N=C(C(F)(F)F)CC2c2cccc3ccccc23)cc1,1,IC50,6.96,1,CHEMBL3309449
NS(=O)(=O)c1ccc(N2N=C(C(F)(F)F)CC2c2cccc3c2OCO3)cc1,1,IC50,7.29,1,CHEMBL3309448
NS(=O)(=O)c1ccc(N2N=C(C(F)(F)F)CC2c2cccc3c2OCCO3)cc1,1,IC50,7.23,1,CHEMBL3309447
NS(=O)(=O)c1ccc(N2N=C(C(F)(F)F)CC2c2ccc3c(c2)OCO3)cc1,1,IC50,7.82,1,CHEMBL3309446
NS(=O)(=O)c1ccc(N2N=C(C(F)(F)F)CC2c2ccc3c(c2)OCCO3)cc1,1,IC50,8.1,1,CHEMBL3309445
NS(=O)(=O)c1ccc(N2N=C(C(F)(F)F)CC2c2ccc3ccccc3c2)cc1,0,IC50,4.84,1,CHEMBL3309444
NS(=O)(=O)c1ccc(N2N=C(C(F)(F)F)CC2c2cccc3ccccc23)cc1,1,IC50,7.0,1,CHEMBL3309443
Cc1ccc(S(=O)(=O)N2N=C(C(F)(F)F)CC2c2cccc3c2OCO3)cc1,0,IC50,4.24,1,CHEMBL3309832
Cc1ccc(S(=O)(=O)N2N=C(C(F)(F)F)CC2c2cccc3c2OCCO3)cc1,0,IC50 (>),3.3,1,CHEMBL3309831
Cc1ccc(S(=O)(=O)N2N=C(C(F)(F)F)CC2c2ccc3c(c2)OCO3)cc1,1,IC50,6.28,1,CHEMBL3309830
Cc1ccc(S(=O)(=O)N2N=C(C(F)(F)F)CC2c2ccc3ccccc3c2)cc1,0,IC50,4.02,1,CHEMBL3309828
Cc1ccc(S(=O)(=O)N2N=C(C(F)(F)F)CC2c2cccc3ccccc23)cc1,0,IC50,4.05,1,CHEMBL3309827
O=S(=O)(c1ccccc1)N1N=C(C(F)(F)F)CC1c1cccc2c1OCO2,0,IC50,4.21,1,CHEMBL3309826
O=S(=O)(c1ccccc1)N1N=C(C(F)(F)F)CC1c1cccc2c1OCCO2,0,IC50,4.57,1,CHEMBL3309825
CCOC(OCC)c1ccc(/C=C2\CCC/C(=C\c3ccc(C(OCC)OCC)cc3)C2=O)cc1,0,IC50,4.76,1,CHEMBL3289924
CCOC(OCC)c1ccc(/C=C2\COC/C(=C\c3ccc(C(OCC)OCC)cc3)C2=O)cc1,0,IC50,4.95,1,CHEMBL3289925
CCOC(OCC)c1ccc(/C=C2\CNC/C(=C\c3ccc(C(OCC)OCC)cc3)C2=O)cc1,0,IC50,4.56,1,CHEMBL3289926
CCOC(OCC)c1ccc(/C=C2\CN(C)C/C(=C\c3ccc(C(OCC)OCC)cc3)C2=O)cc1,0,IC50,4.42,1,CHEMBL3289927
CCOC(OCC)c1ccc(/C=C2\CN(Cc3ccccc3)C/C(=C\c3ccc(C(OCC)OCC)cc3)C2=O)cc1,0,IC50 (>),4.0,1,CHEMBL3289928
CCOC(OCC)c1ccc(/C=C/C(=O)/C=C/c2ccc(C(OCC)OCC)cc2)cc1,0,IC50,4.5,1,CHEMBL3289929
CCOC(OCC)c1ccc(/C=C2\CC/C(=C\c3ccc(C(OCC)OCC)cc3)C2=O)cc1,0,IC50,4.83,1,CHEMBL3289930
CCOC(OCC)c1ccc(/C=C2\Cc3ccccc3C2=O)cc1,0,IC50,4.71,1,CHEMBL3289931
CCOC(OCC)c1ccc(/C=C2\CCc3ccccc3C2=O)cc1,0,IC50 (>),4.0,1,CHEMBL3289932
CCOC(OCC)c1ccc(/C=C/C(=O)C2CCc3ccccc3C2=O)cc1,0,IC50,4.88,1,CHEMBL3289933
CN(C)c1ccc(/C=C2/CCC/C(=C\c3ccc(N(C)C)cc3[N+](=O)[O-])C2=O)c([N+](=O)[O-])c1,0,IC50 (>),4.0,1,CHEMBL3289934
CN(C)c1ccc(/C=C2\COC/C(=C\c3ccc(N(C)C)cc3[N+](=O)[O-])C2=O)c([N+](=O)[O-])c1,0,IC50,4.73,1,CHEMBL3309947
CN(C)c1ccc(/C=C2\CN(Cc3ccccc3)C/C(=C\c3ccc(N(C)C)cc3[N+](=O)[O-])C2=O)c([N+](=O)[O-])c1,0,IC50,4.72,1,CHEMBL3309950
CN(C)c1ccc(/C=C/C(=O)/C=C/c2ccc(N(C)C)cc2[N+](=O)[O-])c([N+](=O)[O-])c1,0,IC50,4.82,1,CHEMBL3289939
CN(C)c1ccc(/C=C2\CC/C(=C\c3ccc(N(C)C)cc3[N+](=O)[O-])C2=O)c([N+](=O)[O-])c1,0,IC50 (>),4.0,1,CHEMBL3289940
CN(C)c1ccc(/C=C2\Cc3ccccc3C2=O)c([N+](=O)[O-])c1,0,IC50,4.83,1,CHEMBL3289941
CN(C)c1ccc(/C=C2\CCc3ccccc3C2=O)c([N+](=O)[O-])c1,0,IC50,4.55,1,CHEMBL3289942
CN(C)c1ccc(/C=C/C(=O)C2CCc3ccccc3C2=O)c([N+](=O)[O-])c1,0,IC50,4.42,1,CHEMBL3357954
O=C1/C(=C/c2ccc(N3CCCC3)cc2)CCC/C1=C\c1ccc(N2CCCC2)cc1,0,IC50,4.26,1,CHEMBL3309953
O=C1/C(=C/c2ccc(N3CCCC3)cc2)COC/C1=C\c1ccc(N2CCCC2)cc1,0,IC50 (>),4.0,1,CHEMBL3309954
O=C1/C(=C/c2ccc(N3CCCC3)cc2)CNC/C1=C\c1ccc(N2CCCC2)cc1,0,IC50 (>),4.0,1,CHEMBL3309955
CN1C/C(=C\c2ccc(N3CCCC3)cc2)C(=O)/C(=C/c2ccc(N3CCCC3)cc2)C1,0,IC50 (>),4.0,1,CHEMBL3309956
O=C1/C(=C/c2ccc(N3CCCC3)cc2)CN(Cc2ccccc2)C/C1=C\c1ccc(N2CCCC2)cc1,0,IC50,4.24,1,CHEMBL3309957
O=C(/C=C/c1ccc(N2CCCC2)cc1)/C=C/c1ccc(N2CCCC2)cc1,0,IC50,4.16,1,CHEMBL3290192
O=C1/C(=C/c2ccc(N3CCCC3)cc2)CC/C1=C\c1ccc(N2CCCC2)cc1,0,IC50,4.33,1,CHEMBL3290193
O=C1/C(=C/c2ccc(N3CCCC3)cc2)Cc2ccccc21,0,IC50,4.26,1,CHEMBL3290194
O=C1/C(=C/c2ccc(N3CCCC3)cc2)CCc2ccccc21,0,IC50 (>),4.0,1,CHEMBL3290195
O=C(/C=C/c1ccc(N2CCCC2)cc1)C1CCc2ccccc2C1=O,0,IC50,4.21,1,CHEMBL3290196
CC(C)c1c(COC(=O)C(C)c2cccc(C(=O)c3ccccc3)c2)n(C)n(-c2ccccc2)c1=O,1,IC50,7.4,1,CHEMBL3331466
Cc1c(NCc2c(C(C)C)c(=O)n(-c3ccccc3)n2C)c(=O)n(-c2ccccc2)n1C,1,IC50,6.0,2,CHEMBL2105528
Cc1c(N)c(=O)n(-c2ccccc2)n1C,0,IC50,4.38,1,CHEMBL1165011
Cc1cc(Br)cc2c1OC(C(F)(F)F)C(C(=O)O)=C2,1,IC50,7.55,1,CHEMBL3342570
[2H]C([2H])([2H])c1cc2c(c(C([2H])([2H])[2H])c1Cl)C=C(C(=O)O)C(C(F)(F)F)O2,1,IC50,7.27,1,CHEMBL3355602
[2H]C([2H])([2H])c1cc2c(c(C([2H])([2H])[2H])c1Br)C=C(C(=O)O)C(C(F)(F)F)O2,1,IC50,7.37,1,CHEMBL3355603
[2H]C([2H])([2H])c1c(Br)c2c(c(C([2H])([2H])[2H])c1Br)C=C(C(=O)O)C(C(F)(F)F)O2,1,IC50,7.08,1,CHEMBL3355604
[2H]C([2H])([2H])c1ccc2c(c1)C=C(C(=O)O)C(C(F)(F)F)O2,0,IC50 (>),5.0,1,CHEMBL3355605
[2H]C([2H])([2H])c1cc(Cl)c2c(c1)C=C(C(=O)O)C(C(F)(F)F)O2,1,IC50,7.2,1,CHEMBL3355606
[2H]C([2H])([2H])c1cc2c(c(C([2H])([2H])[2H])c1)OC(C(F)(F)F)C(C(=O)O)=C2,1,IC50,6.82,1,CHEMBL3355607
[2H]C([2H])([2H])c1cc(Cl)cc2c1OC(C(F)(F)F)C(C(=O)O)=C2,1,IC50,7.23,1,CHEMBL3355608
[2H]C([2H])([2H])c1cc(Br)cc2c1OC(C(F)(F)F)C(C(=O)O)=C2,1,IC50,7.41,1,CHEMBL3355609
[2H]C([2H])([2H])C([2H])([2H])c1cc(OC(F)(F)F)cc2c1OC(C(F)(F)F)C(C(=O)O)=C2,1,IC50,7.21,1,CHEMBL3355610
Cc1cc2c(c(C)c1Br)C=C(C(=O)O)C(C(F)(F)F)O2,1,IC50,6.72,1,CHEMBL3342568
Cc1c(Br)c(C)c2c(c1Br)OC(C(F)(F)F)C(C(=O)O)=C2,1,IC50,7.16,1,CHEMBL3342569
Cc1cc(C)c2c(c1)C=C(C(=O)O)C(C(F)(F)F)O2,1,IC50,7.0,1,CHEMBL1288600
[2H]C([2H])([2H])c1cc2c(c(C([2H])([2H])[2H])c1Cl)C=C(C(=O)O)[C@@H](C(F)(F)F)O2,1,IC50,7.8,1,CHEMBL3355611
[2H]C([2H])([2H])c1cc2c(c(C([2H])([2H])[2H])c1Br)C=C(C(=O)O)[C@@H](C(F)(F)F)O2,1,IC50,8.05,1,CHEMBL3355612
[2H]C([2H])([2H])c1cc(Cl)cc2c1O[C@H](C(F)(F)F)C(C(=O)O)=C2,1,IC50,7.7,1,CHEMBL3355613
[3H]C([3H])([3H])c1cc(Br)cc2c1O[C@H](C(F)(F)F)C(C(=O)O)=C2,1,IC50,7.85,1,CHEMBL3342574
CCCC/C(=C\c1cc(OCc2ccc(C(F)(F)F)cc2)ccc1OCc1ccc(C(F)(F)F)cc1)C(=O)O,0,IC50 (>),5.0,1,CHEMBL1819479
CCCC/C(=C\c1cc(OCc2ccccc2)ccc1OCc1ccc(C(F)(F)F)cc1)C(=O)O,0,IC50 (>),5.0,1,CHEMBL3397710
CCCC/C(=C\c1cc(OC/C=C/c2ccccc2)ccc1OCc1ccc(C(F)(F)F)cc1)C(=O)O,0,IC50 (>),5.0,1,CHEMBL3397711
CCCC/C(=C\c1cc(OCc2ccc(F)cc2)ccc1OCc1ccc(C(F)(F)F)cc1)C(=O)O,0,IC50 (>),5.0,1,CHEMBL3397715
CCCC/C(=C\c1cc(OCc2ccc(Cl)c(Cl)c2)ccc1OCc1ccc(C(F)(F)F)cc1)C(=O)O,0,IC50 (>),5.0,1,CHEMBL3397716
CCCC/C(=C\c1cc(OCc2cc(C(F)(F)F)cc(C(F)(F)F)c2)ccc1OCc1ccc(C(F)(F)F)cc1)C(=O)O,0,IC50 (>),5.0,1,CHEMBL3397717
CCCC/C(=C\c1cc(OCc2cc3ccccc3s2)ccc1OCc1ccc(C(F)(F)F)cc1)C(=O)O,0,IC50 (>),5.0,1,CHEMBL3397719
CCCC/C(=C\c1cc(OCc2csc(-c3ccc(C(F)(F)F)cc3)n2)ccc1OCc1ccc(C(F)(F)F)cc1)C(=O)O,0,IC50 (>),5.0,1,CHEMBL3397720
CCCC/C(=C\c1cc(OCc2ccc3nc(C(F)(F)F)cc(OC)c3c2)ccc1OCc1ccc(C(F)(F)F)cc1)C(=O)O,0,IC50 (>),5.0,1,CHEMBL3397721
CCCC/C(=C\c1cc(OCc2ccc(Oc3ccccn3)cc2)ccc1OCc1ccc(C(F)(F)F)cc1)C(=O)O,0,IC50 (>),5.0,1,CHEMBL3397723
CCCC/C(=C\c1cc(OCC(c2ccccc2)c2ccccc2)ccc1OCc1ccc(C(F)(F)F)cc1)C(=O)O,0,IC50 (>),5.0,1,CHEMBL3397726
CCCC/C(=C\c1cc(OCC2CCC(C(F)(F)F)CC2)ccc1OCc1ccc(C(F)(F)F)cc1)C(=O)O,0,IC50 (>),5.0,1,CHEMBL3397727
CCCC/C(=C\c1cc(OCCc2ccc(C(F)(F)F)cc2)ccc1OCc1ccc(C(F)(F)F)cc1)C(=O)O,0,IC50 (>),5.0,1,CHEMBL3397728
CCCC/C(=C\c1cc(OCc2ccc(OCCN3CCOCC3)cc2)ccc1OCc1ccc(C(F)(F)F)cc1)C(=O)O,0,IC50 (>),5.0,1,CHEMBL3397724
CCOC(=O)Cc1cc(-c2ccc(S(N)(=O)=O)cc2)n(-c2cccc(F)c2)c1C,1,IC50,6.04,1,CHEMBL3402596
CC(=O)O[C@@H]1[C@@H](C)[C@@]2(O)[C@@H](C=C(CO)C[C@]3(O)C(=O)C(C)=C[C@@H]23)[C@@H]2C(C)(C)[C@]12OC(=O)C(C)C,0,IC50 (>),4.3,1,CHEMBL3400658
C/C=C(\C)C(=O)O[C@@H]1[C@@H](C)[C@@]2(O)[C@@H](C(=O)C(CO)=C[C@]3(O)C(=O)C(C)=C[C@@H]23)[C@@H]2C(C)(C)[C@]12OC(=O)C(C)CC,0,IC50 (>),4.3,1,CHEMBL3400660
CCC(C)C(=O)O[C@@]12[C@H](O)[C@@H](C)[C@]3(O)[C@@H]4C=C(C)C(=O)[C@@H]4CC(CO)=C[C@H]3[C@@H]1C2(C)C,0,IC50 (>),4.3,1,CHEMBL3400661
C/C=C(\C)C(=O)O[C@@H]1[C@@H](C)[C@@]2(O)[C@@H](C=C(CO)C[C@]3(O)C(=O)C(C)=C[C@@H]23)[C@@H]2C(C)(C)[C@]12OC(=O)C(C)C,0,IC50 (>),4.3,1,CHEMBL2375787
C/C=C(\C)C(=O)O[C@@H]1[C@@H](C)[C@@]2(O)[C@@H](C=C(CO)C[C@]3(O)C(=O)C(C)=C[C@@H]23)[C@@H]2C(C)(C)[C@]12OC(=O)C(C)CC,0,IC50 (>),4.3,1,CHEMBL2375786
CCC(C)C(=O)O[C@@]12[C@H](OC(C)=O)[C@@H](C)[C@@]3(O)[C@@H](C(=O)C(CO)=C[C@]4(O)C(=O)C(C)=C[C@@H]34)[C@@H]1C2(C)C,0,IC50 (>),4.3,1,CHEMBL3400662
COc1ccc2cc(C(C)c3nc4s/c(=C\C(C)=C\c5ccccc5)c(=O)n4n3)ccc2c1,0,IC50,4.61,1,CHEMBL3402317
COc1ccc2cc(C(C)c3nc4s/c(=C\c5ccc(C(C)C)cc5)c(=O)n4n3)ccc2c1,0,IC50 (>),4.0,1,CHEMBL3402318
COc1ccc2cc(C(C)c3nc4s/c(=C\c5ccc(-c6ccccc6)cc5)c(=O)n4n3)ccc2c1,0,IC50 (>),4.0,1,CHEMBL3402325
COc1ccc2cc(C(C)c3nc4s/c(=C\c5cccc6ccccc56)c(=O)n4n3)ccc2c1,0,IC50,4.17,1,CHEMBL3402326
COc1ccc2cc(C(C)c3nc4s/c(=C\c5ccc(C)s5)c(=O)n4n3)ccc2c1,0,IC50,4.69,1,CHEMBL3402332
COc1ccc2cc(C(C)c3nc4s/c(=C\c5ccc(Br)s5)c(=O)n4n3)ccc2c1,0,IC50,4.76,1,CHEMBL3402334
NS(=O)(=O)c1ccc(N2N=C3c4ccccc4CCC3C2c2ccccc2F)cc1,0,IC50,4.92,1,CHEMBL3410344
NS(=O)(=O)c1ccc(N2N=C3c4ccccc4CCC3C2c2ccc(F)cc2)cc1,0,IC50,4.82,1,CHEMBL3410346
NS(=O)(=O)c1ccc(N2N=C3c4ccccc4CCC3C2c2ccccc2Br)cc1,0,IC50,4.9,1,CHEMBL3410348
NS(=O)(=O)c1ccc(N2N=C3c4ccccc4CCC3C2c2ccc(Br)cc2)cc1,0,IC50,4.58,1,CHEMBL3410350
NS(=O)(=O)c1ccc(N2N=C3c4ccccc4CCC3C2c2ccc(C(F)(F)F)cc2)cc1,0,IC50,4.74,1,CHEMBL3410352
NS(=O)(=O)c1ccc(N2N=C3c4ccccc4CCC3C2c2ccc(Cl)cc2Cl)cc1,0,IC50,4.49,1,CHEMBL3410353
Cc1ccccc1C1C2COc3ccccc3C2=NN1c1ccc(S(N)(=O)=O)cc1,1,IC50,6.34,1,CHEMBL3410355
COc1ccccc1C1C2COc3ccccc3C2=NN1c1ccc(S(N)(=O)=O)cc1,1,IC50,6.48,1,CHEMBL3410356
NS(=O)(=O)c1ccc(N2N=C3c4ccccc4OCC3C2c2c(F)cccc2Cl)cc1,0,IC50,4.79,1,CHEMBL3410364
CO[C@@]1(c2ccc(O)c(O)c2)Oc2cc(CCO)ccc2O[C@@H]1O,0,IC50,4.75,1,CHEMBL3425984
CCO[C@@]1(c2ccc(O)c(O)c2)Oc2cc(CCO)ccc2O[C@@H]1O,0,IC50,4.86,1,CHEMBL3425982
Cc1ccc(S(=O)(=O)n2cc(C(=O)C(=O)N[C@@H](Cc3c[nH]c4ccccc34)C(=O)O)c3ccccc32)cc1,0,IC50,4.87,1,CHEMBL3576988
Cc1ccc(S(=O)(=O)n2cc(C(=O)C(=O)N[C@@H](Cc3cnc[nH]3)C(=O)O)c3ccccc32)cc1,1,IC50,6.01,1,CHEMBL3576984
COC(=O)CNC(=O)[C@@H](Cc1c[nH]c2ccccc12)NC(=O)C(=O)c1cn(S(=O)(=O)c2ccc(C)cc2)c2ccccc12,0,IC50,4.99,1,CHEMBL3576985
COC(=O)CNC(=O)[C@H](Cc1c[nH]c2ccccc12)NC(=O)C(=O)c1cn(S(=O)(=O)c2ccc(C)cc2)c2ccccc12,1,IC50,7.33,1,CHEMBL3576986
COC(=O)CNC(=O)CNC(=O)C(=O)c1cn(S(=O)(=O)c2ccc(C)cc2)c2ccccc12,0,IC50,4.99,1,CHEMBL3576977
Cc1ccc(S(=O)(=O)n2cc(C(=O)C(=O)N[C@H](Cc3c[nH]c4ccccc34)C(=O)NCC(=O)O)c3ccccc32)cc1,1,IC50,6.0,1,CHEMBL3576978
Cc1ccc(S(=O)(=O)n2cc(C(=O)C(=O)N[C@@H](Cc3c[nH]c4ccccc34)C(=O)NCC(=O)O)c3ccccc32)cc1,1,IC50,8.2,2,CHEMBL3576979
Cc1ccc(S(=O)(=O)n2cc(C(=O)C(=O)NCC(=O)N[C@@H](Cc3c[nH]c4ccccc34)C(=O)O)c3ccccc32)cc1,1,Ki,8.3,2,CHEMBL3576974
Cc1ccc(S(=O)(=O)n2cc(C(=O)C(=O)N[C@H](Cc3cnc[nH]3)C(=O)N[C@H](CCC(=O)O)C(=O)O)c3ccccc32)cc1,0,IC50,4.67,1,CHEMBL3576975
Cc1ccc(S(=O)(=O)n2cc(C(=O)C(=O)N[C@@H](Cc3cnc[nH]3)C(=O)N[C@@H](CCC(=O)O)C(=O)O)c3ccccc32)cc1,1,Ki,7.92,2,CHEMBL3576976
Cc1ccc(S(=O)(=O)n2cc(C(=O)C(=O)NCC(=O)NCC(=O)O)c3ccccc32)cc1,1,IC50,6.05,1,CHEMBL3576973
NS(=O)(=O)c1ccc(-n2nc(C(F)(F)F)cc2-c2ccc(Br)cc2)cc1,1,IC50,8.03,2,CHEMBL1235806
COC(=O)CC[C@H](NC(=O)[C@H](Cc1cnc[nH]1)NC(=O)C(=O)c1cn(S(=O)(=O)c2ccc(C)cc2)c2ccccc12)C(=O)OC,1,Ki,6.01,1,CHEMBL3576983
CC1(C)CC(c2ccccc2)C(CN2CCC(c3noc4cc(F)ccc34)CC2)=NO1,0,IC50,4.98,1,CHEMBL3596283
CC(=O)Oc1ccccc1C(=O)OCCCCO[N+](=O)[O-],0,IC50,4.35,1,CHEMBL3601280
Cc1ccc(-c2c(Cl)c(CO[N+](=O)[O-])nn2-c2ccc(S(N)(=O)=O)cc2)cc1,1,IC50,6.55,1,CHEMBL3601279
Cc1ccc(-c2cc(CCl)nn2-c2ccc(S(N)(=O)=O)cc2)cc1,1,IC50,6.01,1,CHEMBL3601278
Cc1ccc(-c2c(Cl)c(CCl)nn2-c2ccc(S(N)(=O)=O)cc2)cc1,1,IC50,6.66,1,CHEMBL3601277
Cc1ccc(-c2cc(CO[N+](=O)[O-])nn2-c2ccc(S(N)(=O)=O)cc2)cc1,1,IC50,6.05,1,CHEMBL3601276
CCOc1cc(/C=C2\SC(=S)N(NC(=O)c3ccccc3Cl)C2=O)ccc1O,0,IC50 (>),5.0,1,CHEMBL3604187
COc1ccccc1C(=O)N/N=C/c1cc(Cc2ccccc2Cl)ccc1O,0,IC50 (>),5.0,1,CHEMBL3604186
O=C(O)c1ccccc1Nc1cccc(S(F)(F)(F)(F)F)c1,0,IC50,4.92,1,CHEMBL3623735
O=C(O)c1cccc(Nc2cccc(S(F)(F)(F)(F)F)c2)c1,0,IC50 (>),4.0,1,CHEMBL3623736
O=C(O)c1cccc(Nc2ccc(S(F)(F)(F)(F)F)cc2)c1,0,IC50 (>),4.0,1,CHEMBL3623737
O=C(O)c1ccccc1Nc1ccc(S(F)(F)(F)(F)F)cc1,0,IC50 (>),4.0,1,CHEMBL3623738
CS(=O)(=O)c1ccc(C2=NN(c3ccc(C(=O)O)cc3)C(c3ccccc3)C2)cc1,1,IC50,6.01,1,CHEMBL3734939
C#Cc1cccc(Nc2ncnc3cc(OCCOC(=O)c4ccccc4OC(C)=O)c(OCCOC(=O)c4ccccc4OC(C)=O)cc23)c1,0,IC50 (>),5.0,1,CHEMBL3741399
C#Cc1cccc(Nc2ncnc3cc(OCCOC(=O)c4ccc(C(=O)Nc5ccc6c(c5)C(C)(C)CCC6(C)C)cc4)c(OCCOC)cc23)c1,0,IC50 (>),5.0,1,CHEMBL3741304
C#Cc1cccc(Nc2ncnc3cc(OCCOC(=O)Cc4c(C)n(C(=O)c5ccc(Cl)cc5)c5ccc(OC)cc45)c(OCCOC)cc23)c1,0,IC50 (>),5.0,1,CHEMBL3740595
C#Cc1cccc(Nc2ncnc3cc(OCCOC(=O)C(C)c4ccc5cc(OC)ccc5c4)c(OCCOC)cc23)c1,0,IC50 (>),5.0,2,CHEMBL3740850
C#Cc1cccc(Nc2ncnc3cc(OCCOC(=O)CC4=C(C)/C(=C\c5ccc([S+](C)[O-])cc5)c5ccc(F)cc54)c(OCCOC)cc23)c1,0,IC50 (>),5.0,1,CHEMBL3742059
C#Cc1cccc(Nc2ncnc3cc(OCCOC(=O)C(C)c4ccc(CC(C)C)cc4)c(OCCOC)cc23)c1,0,IC50 (>),5.0,1,CHEMBL3741026
C#Cc1cccc(Nc2ncnc3cc(OCCOC(=O)c4ccccc4OC(C)=O)c(OCCOC)cc23)c1,0,IC50 (>),5.0,1,CHEMBL3741424
COc1ccc2cc(C(C)C(=O)O)ccc2c1,1,IC50,6.55,1,CHEMBL12952
C#Cc1cccc(Nc2ncnc3cc(OCCOC)c(OCCOC)cc23)c1,0,IC50 (>),5.0,1,CHEMBL553
C#Cc1cccc(Nc2ncnc3cc(OCCOC(=O)C(C)c4ccc(CC(C)C)cc4)c(OCCOC(=O)C(C)c4ccc(CC(C)C)cc4)cc23)c1,0,IC50 (>),5.0,1,CHEMBL3739528
C#Cc1cccc(Nc2ncnc3cc(OCCOC(=O)CC4=C(C)/C(=C/c5ccc([S+](C)[O-])cc5)c5ccc(F)cc54)c(OCCOC(=O)CC4=C(C)/C(=C/c5ccc([S+](C)[O-])cc5)c5ccc(F)cc54)cc23)c1,0,IC50 (>),5.0,1,CHEMBL3739527
C#Cc1cccc(Nc2ncnc3cc(OCCOC(=O)C(C)c4ccc5cc(OC)ccc5c4)c(OCCOC(=O)C(C)c4ccc5cc(OC)ccc5c4)cc23)c1,0,IC50 (>),5.0,1,CHEMBL3741768
C#Cc1cccc(Nc2ncnc3cc(OCCOC(=O)Cc4c(C)n(C(=O)c5ccc(Cl)cc5)c5ccc(OC)cc45)c(OCCOC(=O)Cc4c(C)n(C(=O)c5ccc(Cl)cc5)c5ccc(OC)cc45)cc23)c1,0,IC50 (>),5.0,1,CHEMBL3739771
C#Cc1cccc(Nc2ncnc3cc(OCCOC(=O)c4ccc(C(=O)Nc5ccc6c(c5)C(C)(C)CCC6(C)C)cc4)c(OCCOC(=O)c4ccc(C(=O)Nc5ccc6c(c5)C(C)(C)CCC6(C)C)cc4)cc23)c1,0,IC50 (>),5.0,1,CHEMBL3740105
C#Cc1cccc(Nc2ncnc3cc(OCCO)c(OCCOC)cc23)c1,0,IC50 (>),5.0,1,CHEMBL3741490
CSc1nc(-c2ccc(S(N)(=O)=O)cc2)n(-c2ccc(Cl)cc2)n1,1,IC50,6.43,2,CHEMBL3746308
NS(=O)(=O)c1ccc(N2N=C(c3ccco3)CC2c2ccc(C(F)(F)F)cc2)cc1,1,IC50,6.25,1,CHEMBL3747206
NS(=O)(=O)c1ccc(N2N=C(c3cccs3)CC2c2ccc(C(F)(F)F)cc2)cc1,1,IC50,6.01,1,CHEMBL3746265
COC(=O)c1cc(/C=C/c2cc(O)cc(O)c2)ccc1O,1,IC50,6.0,1,CHEMBL3765737
O=C(O)c1cc(/C=C/c2cc(O)cc(O)c2)ccc1O,0,IC50,4.99,1,CHEMBL3763742
O=C(O)c1cc(/C=C/c2ccc(O)cc2)ccc1O,0,IC50 (>),3.3,1,CHEMBL1095380
Cc1ccc(O)c(-c2cc(-c3ccccc3C)[nH]n2)c1,0,IC50 (>),4.0,1,CHEMBL1488723
NC(=O)c1cccc(-c2cccc(OC(=O)NC3CCCCC3)c2)c1,0,IC50 (>),4.0,1,CHEMBL184238
CC(C(=O)O)c1ccc(-c2cccc(OC(=O)NC3CCCCC3)c2)c(F)c1,0,IC50 (>),4.0,2,CHEMBL3775462
CC(C(=O)O)c1ccc(-c2cccc(OC(=O)NC3CCCC3)c2)c(F)c1,0,IC50 (>),4.0,2,CHEMBL3775699
CC(C(=O)O)c1ccc(-c2cccc(OC(=O)NC3CCC3)c2)c(F)c1,0,IC50 (>),4.0,1,CHEMBL3775954
CC(C(=O)O)c1ccc(-c2cccc(OC(=O)NC3CC3)c2)c(F)c1,0,IC50,4.13,1,CHEMBL3774572
CC(C(=O)O)c1ccc(-c2cccc(OC(=O)NCC3CCCCC3)c2)c(F)c1,0,IC50 (>),4.0,2,CHEMBL3774541
CC(C(=O)O)c1ccc(-c2cccc(OC(=O)NCCC3CCCCC3)c2)c(F)c1,0,IC50,4.97,2,CHEMBL3774467
CC(C)NC(=O)Oc1cccc(-c2ccc(C(C)C(=O)O)cc2F)c1,0,IC50 (>),4.0,1,CHEMBL3774781
CC(C)CNC(=O)Oc1cccc(-c2ccc(C(C)C(=O)O)cc2F)c1,0,IC50 (>),4.0,2,CHEMBL3774867
CC(C(=O)O)c1ccc(-c2cccc(OC(=O)NCc3ccccc3)c2)c(F)c1,0,IC50 (>),4.0,2,CHEMBL3775392
CC(C(=O)O)c1ccc(-c2cccc(OC(=O)NCCc3ccccc3)c2)c(F)c1,0,IC50 (>),4.0,2,CHEMBL3775973
CC(C(=O)O)c1ccc(-c2cccc(OC(=O)NCCCCc3ccccc3)c2)c(F)c1,0,IC50 (>),4.0,2,CHEMBL3774805
CCNC(=O)Oc1cccc(-c2ccc(C(C)C(=O)O)cc2F)c1,0,IC50 (>),4.0,1,CHEMBL3774618
CCCNC(=O)Oc1cccc(-c2ccc(C(C)C(=O)O)cc2F)c1,0,IC50 (>),4.0,1,CHEMBL3774876
CCCCNC(=O)Oc1cccc(-c2ccc(C(C)C(=O)O)cc2F)c1,0,IC50 (>),4.0,2,CHEMBL3774439
CCCCCNC(=O)Oc1cccc(-c2ccc(C(C)C(=O)O)cc2F)c1,1,IC50,6.8,2,CHEMBL3775104
CCCCCCCNC(=O)Oc1cccc(-c2ccc(C(C)C(=O)O)cc2F)c1,1,IC50,6.5,2,CHEMBL3775979
CCCCCCCCNC(=O)Oc1cccc(-c2ccc(C(C)C(=O)O)cc2F)c1,0,IC50,4.54,2,CHEMBL3774873
CCCCCCNC(=O)Oc1ccccc1-c1ccc(C(C)C(=O)O)cc1F,0,IC50 (>),4.0,2,CHEMBL3775610
CCCCCCNC(=O)Oc1ccc(-c2ccc(C(C)C(=O)O)cc2F)cc1,0,IC50 (>),4.0,1,CHEMBL3775475
CCCCCCNC(=O)Nc1cccc(-c2ccc(C(C)C(=O)O)cc2F)c1,1,IC50,6.25,1,CHEMBL3775653
CCCCCCOC(=O)Nc1cccc(-c2ccc(C(C)C(=O)O)cc2F)c1,1,IC50,6.77,2,CHEMBL3774442
CCCCCCNC(=O)Oc1cccc(-c2ccc(C(C)C(=O)OC)cc2F)c1,0,IC50 (>),4.0,1,CHEMBL3775360
CCCCCCNC(=O)Oc1cccc(-c2ccc(C(C)CO)cc2F)c1,0,IC50 (>),4.0,2,CHEMBL3775280
CCCCCCNC(=O)Oc1cccc(-c2ccc(CC(=O)O)cc2F)c1,1,IC50,6.62,2,CHEMBL3775770
CCCCCCNC(=O)Oc1cccc(-c2ccc(C)cc2F)c1,0,IC50 (>),4.0,1,CHEMBL3774393
CCCCCCNC(=O)Oc1cccc(-c2ccc(C(=O)O)cc2F)c1,0,IC50 (>),4.0,1,CHEMBL3774999
CCCCCCNC(=O)Oc1cccc(-c2ccc(C(C)C(=O)O)cc2Cl)c1,1,IC50,6.14,1,CHEMBL3774941
CCCCCCNC(=O)Oc1cccc(-c2ccc(C(C)C(=O)O)cc2C(F)(F)F)c1,1,IC50,6.7,1,CHEMBL3775510
CCCCCCNC(=O)Oc1cccc(-c2ccc(C(C)C(=O)O)cc2O)c1,0,IC50,4.89,1,CHEMBL3775676
CCCCCCNC(=O)Oc1cccc(-c2ccc(C(C)C(=O)O)cc2)c1,1,IC50,6.16,1,CHEMBL3774686
CCCCCCNC(=O)Oc1cccc(-c2ccc(C(C)C(=O)O)cc2[N+](=O)[O-])c1,1,IC50,6.03,1,CHEMBL3775430
CCCCCCNC(=O)Oc1cccc(-c2ccc(C(C)C(=O)O)cc2N)c1,0,IC50,4.92,1,CHEMBL3775528
CCCCCCNC(=O)Oc1cccc(-c2ccc([C@@H](C)C(=O)O)cc2F)c1,0,IC50,4.64,1,CHEMBL3774706
CCCCCCNC(=O)Oc1cccc(-c2ccc([C@H](C)C(=O)O)cc2F)c1,1,IC50,7.3,1,CHEMBL3774784
CS(=O)(=O)c1ccc(-c2cc(C(F)(F)F)nc(NCc3ccc(F)cc3)n2)cc1,1,IC50,8.15,1,CHEMBL551148
CS(=O)(=O)c1ccc(-c2cc(C(F)(F)F)nc(NCc3ccc(I)cc3)n2)cc1,1,IC50,6.07,1,CHEMBL3774612
NS(=O)(=O)c1ccc(-c2cc(C(F)(F)F)nc(NCc3ccc(I)cc3)n2)cc1,0,IC50,4.89,1,CHEMBL3774963
CC(C)C[C@H](NC(=O)[C@H](Cc1ccccc1)NC(=O)CNC(=O)CN)C(=O)O,1,IC50,6.4,1,CHEMBL3809116
COC(=O)[C@H](CC(C)C)NC(=O)[C@H](Cc1ccccc1)NC(=O)CNC(=O)CN,1,IC50,7.22,1,CHEMBL3809156
CC(C)C[C@H](NC(=O)[C@H](Cc1ccccc1)NC(=O)CNC(=O)CNC(=O)OCc1ccccc1)C(=O)O,1,IC50,6.3,1,CHEMBL3810167
COC(=O)[C@H](CC(C)C)NC(=O)[C@H](Cc1ccccc1)NC(=O)CNC(=O)CNC(=O)OCc1ccccc1,0,IC50,4.7,1,CHEMBL3810371
CC(C)C[C@H](NC(=O)CNC(=O)[C@@H](NC(=O)OCc1ccccc1)C(C)C)C(=O)N[C@@H](C)C(=O)O,1,IC50,7.3,1,CHEMBL3809863
COC(=O)[C@H](C)NC(=O)[C@H](CC(C)C)NC(=O)CNC(=O)[C@@H](NC(=O)OCc1ccccc1)C(C)C,1,IC50,7.1,1,CHEMBL3809842
CC(C)C[C@H](NC(=O)CNC(=O)[C@@H](NC(=O)OCc1ccccc1)C(C)C)C(=O)O,0,IC50,4.55,1,CHEMBL3809163
COC(=O)[C@H](CC(C)C)NC(=O)CNC(=O)[C@@H](NC(=O)OCc1ccccc1)C(C)C,0,IC50,4.25,1,CHEMBL3808774
CC(C)[C@H](NC(=O)OCc1ccccc1)C(=O)NCC(=O)O,0,IC50,4.26,1,CHEMBL3810231
COC(=O)CNC(=O)[C@@H](NC(=O)OCc1ccccc1)C(C)C,0,IC50,4.12,1,CHEMBL3810027
CC(C)C[C@H](NC(=O)[C@H](C)NC(=O)[C@@H](NC(=O)CNC(=O)OCc1ccccc1)C(C)C)C(=O)O,1,IC50,6.52,1,CHEMBL3809120
COC(=O)[C@H](CC(C)C)NC(=O)[C@H](C)NC(=O)[C@@H](NC(=O)CNC(=O)OCc1ccccc1)C(C)C,0,IC50,4.72,1,CHEMBL3809099
COC(=O)[C@H](CC(C)C)NC(=O)[C@@H](NC(=O)[C@H](C)NC(=O)CNC(=O)OCc1ccccc1)C(C)C,0,IC50,4.66,1,CHEMBL3808516
CC(C)[C@H](NC(=O)[C@H](C)NC(=O)CN)C(=O)O,1,IC50,6.7,1,CHEMBL3809958
COC(=O)[C@@H](NC(=O)[C@H](C)NC(=O)CNC(=O)OCc1ccccc1)C(C)C,1,IC50,7.0,1,CHEMBL3808627
COC(=O)CNC(=O)CNC(=O)OCc1ccccc1,1,IC50,6.0,1,CHEMBL3809154
COc1ccc(-c2cc(C(=O)N/N=C/c3c(Cl)c4ccccc4oc3=O)nn2-c2ccc(S(N)(=O)=O)cc2)cc1,0,IC50,4.99,1,CHEMBL3823400
COc1ccc(-c2cc(C(=O)N/N=C/c3c(Cl)c4ccccc4oc3=O)nn2-c2ccc(S(N)(=O)=O)cc2)cc1OC,0,IC50,4.98,1,CHEMBL3822638
COc1cc(-c2cc(C(=O)N/N=C/c3c(Cl)c4ccccc4oc3=O)nn2-c2ccc(S(N)(=O)=O)cc2)cc(OC)c1OC,0,IC50,4.66,1,CHEMBL3823276
NS(=O)(=O)c1ccc(-n2nc(C(=O)N/N=C/c3c(Cl)c4ccccc4oc3=O)cc2-c2cccc(Cl)c2)cc1,1,IC50,6.27,1,CHEMBL3823208
NS(=O)(=O)c1ccc(-n2nc(C(=O)N/N=C/c3c(Cl)c4ccccc4oc3=O)cc2-c2ccc(Cl)c(Cl)c2)cc1,1,IC50,6.52,1,CHEMBL3824049
NS(=O)(=O)c1ccc(-n2nc(C(=O)N/N=C/c3c(Cl)c4ccccc4oc3=O)cc2-c2ccccc2F)cc1,1,IC50,6.33,1,CHEMBL3823187
NS(=O)(=O)c1ccc(-n2nc(C(=O)N/N=C/c3c(Cl)c4ccccc4oc3=O)cc2-c2cccc(F)c2)cc1,1,IC50,6.58,1,CHEMBL3822695
NS(=O)(=O)c1ccc(-n2nc(C(=O)N/N=C/c3c(Cl)c4ccccc4oc3=O)cc2-c2ccc(F)cc2)cc1,1,IC50,6.77,1,CHEMBL3823440
NS(=O)(=O)c1ccc(-n2nc(C(=O)N/N=C/c3c(Cl)c4ccccc4oc3=O)cc2-c2ccc([N+](=O)[O-])cc2)cc1,1,IC50,6.89,1,CHEMBL3823735
NS(=O)(=O)c1ccc(-n2nc(C(=O)N/N=C/c3c(Cl)c4ccccc4oc3=O)cc2-c2ccc(C(F)(F)F)cc2)cc1,1,IC50,7.05,1,CHEMBL3823115
CC(=O)NC1=NN(C(C)=O)C(c2cn(-c3ccccc3)nc2-c2ccc(O)cc2)S1,0,IC50,4.85,1,CHEMBL3978955
CC(=O)NC1=NN(C(C)=O)C(c2cn(-c3ccccc3)nc2-c2ccc([N+](=O)[O-])cc2)S1,0,IC50,4.7,1,CHEMBL3908604
CN1C(C(=O)Nc2ccccn2)=C(O)c2ccccc2S1(=O)=O,0,IC50,4.05,1,CHEMBL527
COc1ccc(-c2ncn(CC(=O)O)c2-c2ccc(OC)cc2)cc1,0,IC50,4.9,1,CHEMBL3960755
O=C(O)Cn1cnc(-c2ccccc2)c1-c1ccccc1,0,IC50,4.87,1,CHEMBL3924357
CN1CCN(C(=O)Cn2cnc(-c3ccccc3)c2-c2ccccc2)CC1,0,IC50,4.99,1,CHEMBL3915359
COc1ccc(-c2ncn(CC(=O)N3CCCCC3)c2-c2ccc(OC)cc2)cc1,0,IC50,4.85,1,CHEMBL3920270
O=C(Cn1cnc(-c2ccccc2)c1-c1ccccc1)N1CCCCC1,0,IC50,4.88,1,CHEMBL3906394
O=C(Cn1cnc(-c2ccccc2)c1-c1ccccc1)N1CCOCC1,0,IC50,4.95,1,CHEMBL3937416
O=C(O)CNc1nc(-c2ccccc2)c(-c2ccccc2)s1,0,IC50,4.97,1,CHEMBL3892572
CN1CCN(C(=O)CNc2nc(-c3ccccc3)c(-c3ccccc3)s2)CC1,0,IC50,4.96,1,CHEMBL3981625
COc1ccc(-c2nc(NCC(=O)N3CCCCC3)sc2-c2ccc(OC)cc2)cc1,0,IC50,4.79,1,CHEMBL3952880
O=C(CNc1nc(-c2ccccc2)c(-c2ccccc2)s1)N1CCCCC1,0,IC50,4.82,1,CHEMBL3910569
Cc1ccc(-c2cc(C(F)(F)F)nn2-c2ccc(S(=O)(=O)NCCCCCCC(=O)NO)cc2)cc1,1,IC50,6.52,1,CHEMBL3885496
COc1ccc2c(c1)c(CC(=O)NCCCCCCC(=O)NO)c(C)n2C(=O)c1ccc(Cl)cc1,1,IC50,6.48,1,CHEMBL3885367
CC(=O)c1ccc(C(=O)O)c(Nc2ccccc2C(=O)O)c1,0,IC50 (>),4.0,1,CHEMBL3973623
O=C(O)c1ccccc1Nc1cc(C(F)(F)F)ccc1[N+](=O)[O-],0,IC50 (>),4.0,1,CHEMBL3899044
COc1ccc([N+](=O)[O-])c(Nc2ccccc2C(=O)O)c1,0,IC50 (>),4.0,1,CHEMBL3945188
COC(=O)c1cccc(Nc2ccc([N+](=O)[O-])c3ccccc23)c1,0,IC50 (>),4.0,1,CHEMBL3950016
COc1ccc(C2CC(C(C)(C)C)=NN2c2ccc(C(=O)O)cc2)cc1,0,IC50 (>),4.0,1,CHEMBL3918044
CC(C)(C)C1=NN(c2ccc(C(=O)O)cc2)C(c2ccc([N+](=O)[O-])cc2)C1,0,IC50 (>),4.0,1,CHEMBL3914590
CC(C)C1=NN(c2ccc(C(=O)O)cc2)C(c2cccc([N+](=O)[O-])c2)C1,0,IC50 (>),4.0,1,CHEMBL3937157
COc1cc(C(=O)O)ccc1C1CC(C(C)(C)C)=NN1c1ccc(C(=O)O)cc1,0,IC50 (>),4.0,1,CHEMBL3909240
CC(C)(C)C1=NN(c2ccc(C(=O)O)cc2)C(c2ccc(O)cc2)C1,0,IC50 (>),4.0,1,CHEMBL3323320
CC(C)(C)C1=NN(c2cccc(C(=O)O)c2)C(c2ccc(Cl)cc2)C1,0,IC50 (>),4.0,1,CHEMBL3931444
COc1ccc(C2CC(c3ccccc3)=NN2c2ccc(C(=O)O)cc2)cc1,0,IC50 (>),4.0,1,CHEMBL3979746
COc1ccc(C2CC(c3ccccc3OC)=NN2c2ccc(C(=O)O)cc2)cc1,0,IC50 (>),4.0,1,CHEMBL3927064
COc1ccc(C2CC(c3cccc(OC)c3)=NN2c2ccc(C(=O)O)cc2)cc1,0,IC50 (>),4.0,1,CHEMBL3912685
COc1ccc(C2CC(c3ccc(OC)c(OC)c3)=NN2c2ccc(C(=O)O)cc2)cc1,0,IC50 (>),4.0,1,CHEMBL3926786
COc1ccc(C2CC(c3ccccc3)=NN2c2ccc(S(N)(=O)=O)cc2)cc1,0,IC50 (>),4.0,1,CHEMBL1370630
CC(C)(C)C1=NN(c2ccc(C(=O)O)cc2)C(c2ccc(Cl)cc2Cl)C1,0,IC50 (>),4.0,1,CHEMBL3899621
CC(C)(C)C1=NN(c2ccc(C(=O)O)cc2)C(c2ccc(Cl)c(Cl)c2)C1,0,IC50 (>),4.0,1,CHEMBL3893185
CC(C)(C)C1=NN(c2ccc(C(=O)O)cc2)C(c2ccccc2Br)C1,0,IC50 (>),4.0,1,CHEMBL3922249
CCOc1ccc(C2CC(C(C)(C)C)=NN2c2ccc(C(=O)O)cc2)cc1,0,IC50 (>),4.0,1,CHEMBL3976289
CC(C)(C)C1=NN(c2ccc(C(=O)O)cc2)C(c2cccc(Br)c2)C1,0,IC50 (>),4.0,1,CHEMBL3960150
CC(C)(C)C1=NN(c2ccc(C(=O)O)cc2)C(c2ccccc2Cl)C1,0,IC50 (>),4.0,1,CHEMBL3909725
CC(C)(C)C1=NN(c2ccc(C(=O)O)cc2)C(c2ccccc2F)C1,0,IC50 (>),4.0,1,CHEMBL3906921
CC(C)(C)C1=NN(c2ccc(C(=O)O)cc2)C(c2cccc(F)c2)C1,0,IC50 (>),4.0,1,CHEMBL3963234
CC(C)(C)C1=NN(c2ccc(C(=O)O)cc2)C(c2cccc(Cl)c2)C1,0,IC50 (>),4.0,1,CHEMBL3912663
CC(C)(C)C1=NN(c2ccc(C(=O)O)cc2)C(c2ccc(Cl)cc2)C1,0,IC50 (>),4.0,1,CHEMBL3910060
CC(C)(C)C1=NN(c2ccc(C(=O)O)cc2)C(c2ccccc2)C1,0,IC50 (>),4.0,1,CHEMBL3918115
Cc1ccc(C2CC(C(C)(C)C)=NN2c2ccc(C(=O)O)cc2)cc1,0,IC50 (>),4.0,1,CHEMBL3965079
CC(C)(C)C1=NN(c2ccc(C(=O)O)cc2)C(c2ccc(Br)cc2)C1,0,IC50 (>),4.0,1,CHEMBL3908967
CC(C)(C)C1=NN(c2ccc(S(=O)(=O)O)cc2)C(c2ccc(F)cc2)C1,0,IC50 (>),4.0,1,CHEMBL3921118
CC(C)(C)C1=NN(c2ccc(S(=O)(=O)O)cc2)C(c2ccc(Cl)cc2)C1,0,IC50 (>),4.0,1,CHEMBL3963184
COc1ccc(C2CC(c3ccc(F)cc3)=NN2c2ccc(C(=O)O)cc2)cc1,0,IC50 (>),4.0,1,CHEMBL3954425
CS(=O)(=O)c1ccc(-n2nccc2-c2ccc(Nc3nc(N4CCOCC4)nc(N4CCOCC4)n3)cc2)cc1,1,IC50,6.13,1,CHEMBL4063300
CN(C)/C=C/C(=O)c1ccc(Nc2nc(N3CCOCC3)nc(N3CCOCC3)n2)cc1,1,IC50,6.26,1,CHEMBL4062843
COc1cc(C2CC(c3ccc(Nc4nc(N5CCCCC5)nc(N5CCCCC5)n4)cc3)=NN2C(C)=O)cc(OC)c1OC,1,IC50,6.16,1,CHEMBL4089144
COc1cc(/C=C/C(=O)c2ccc(Nc3nc(N4CCOCC4)nc(N4CCOCC4)n3)cc2)cc(OC)c1OC,1,IC50,6.06,1,CHEMBL4063273
COc1ccccc1-n1cc(COC(=O)C2CCn3c(C(=O)c4ccccc4)ccc32)nn1,1,IC50,8.22,1,CHEMBL4067898
O=C(Oc1ccccc1)c1c(-c2ccccc2)sc2c1CCCC2,1,IC50,6.48,1,CHEMBL4097499
CC(=O)c1cccc(OC(=O)c2c(-c3ccccc3)sc3c2CCCC3)c1,1,IC50,6.51,1,CHEMBL4098600
NS(=O)(=O)c1ccc(OC(=O)c2c(-c3ccccc3)sc3c2CCCC3)cc1,1,IC50,6.17,1,CHEMBL4086580
CC1(C)Oc2cc(-c3cccc(OC(F)(F)F)c3)ccc2-c2[nH]c(-c3c(F)cccc3Cl)nc21,0,IC50 (>),5.0,1,CHEMBL4069833
CC1(C)Oc2cc(-c3cccc(C(F)(F)F)c3)ccc2-c2[nH]c(-c3c(F)cccc3Cl)nc21,0,IC50 (>),5.0,1,CHEMBL4103621
CC1=NN(C(=O)c2ccccc2O)C(=O)C1,1,IC50,6.82,1,CHEMBL4059594
O=C(NN1C(=O)c2ccccc2C1=O)c1ccccc1O,1,IC50,6.88,1,CHEMBL4103357
O=C(c1ccccc1O)n1nc(Nc2ccccc2)cc1-c1ccccc1O,1,IC50,7.79,1,CHEMBL4065530
CCOC(=O)C1=C(N)N2C(=O)CCC(=O)N2C1c1ccccc1O,1,IC50,6.74,1,CHEMBL4086962
CCOC(=O)C1=C(N)n2c(=O)ccc(=O)n2C1c1ccccc1O,1,IC50,7.04,1,CHEMBL4074153
CCOC(=O)C1=C(N)n2c(=O)c3ncccc3c(=O)n2C1c1ccccc1O,1,IC50,7.7,1,CHEMBL4071983
CCC(C)/C=C(C)/C=C/C=C/C=C/C(=O)c1c(O)c(-c2ccc(O)cc2)c[nH]c1=O,0,IC50 (>),5.0,1,CHEMBL485462
CCCCCCCCCCOC(=O)c1c(O)c(-c2ccc(O)cc2)c[nH]c1=O,0,IC50 (>),5.0,1,CHEMBL4072432
CCCCCCCC(=O)c1c(O)c(-c2ccc(O)cc2)c[nH]c1=O,0,IC50 (>),5.0,1,CHEMBL4072884
CCCCCCCCCCCC(=O)c1c(O)c(-c2ccc(O)cc2)c[nH]c1=O,0,IC50 (>),5.0,1,CHEMBL4071145
CCCCCCCCCCCCCCCCCC(=O)c1c(O)c(-c2ccc(O)cc2)c[nH]c1=O,0,IC50 (>),5.0,1,CHEMBL4086242
Cc1c(-c2nnc(-c3ccccc3)c3conc23)cnn1-c1ccccc1,1,IC50,6.11,1,CHEMBL4093362
N#Cc1c(N=Cc2ccco2)c(C(=O)Nc2ccccc2)n2c1CCC2,1,IC50,6.11,1,CHEMBL4091890
Cc1ccc(NC(=O)c2c(N=Cc3ccco3)c(C#N)c3n2CCC3)cc1,1,IC50,6.72,1,CHEMBL4071061
N#Cc1c(N=Cc2ccco2)c(C(=O)Nc2ccc(Cl)cc2)n2c1CCC2,1,IC50,6.35,1,CHEMBL4065185
N#Cc1c(N=Cc2cccs2)c(C(=O)Nc2ccccc2)n2c1CCC2,1,IC50,6.25,1,CHEMBL4092847
Cc1ccc(NC(=O)c2c(N=Cc3cccs3)c(C#N)c3n2CCC3)cc1,1,IC50,6.96,1,CHEMBL4073779
N#Cc1c(N=Cc2cccs2)c(C(=O)Nc2ccc(Cl)cc2)n2c1CCC2,1,IC50,6.44,1,CHEMBL4072244
N#Cc1c(N=Cc2cccnc2)c(C(=O)Nc2ccccc2)n2c1CCC2,1,IC50,7.0,1,CHEMBL4076689
Cc1ccc(NC(=O)c2c(N=Cc3cccnc3)c(C#N)c3n2CCC3)cc1,1,IC50,6.8,1,CHEMBL4096865
N#Cc1c(N=Cc2cccnc2)c(C(=O)Nc2ccc(Cl)cc2)n2c1CCC2,1,IC50,6.17,1,CHEMBL4074351
N#Cc1c(N=Cc2ccc3ccccc3c2)c(C(=O)Nc2ccccc2)n2c1CCC2,1,IC50,6.28,1,CHEMBL4073566
Cc1ccc(NC(=O)c2c(N=Cc3ccc4ccccc4c3)c(C#N)c3n2CCC3)cc1,1,IC50,6.96,1,CHEMBL4079032
N#Cc1c(N=Cc2ccc3ccccc3c2)c(C(=O)Nc2ccc(Cl)cc2)n2c1CCC2,1,IC50,6.77,1,CHEMBL4097045
CCCCc1cc(S(F)(F)(F)(F)F)cc2c1OC(C(F)(F)F)C(C(=O)O)=C2,1,IC50,6.72,1,CHEMBL4088012
O=CC1=Cc2cc(S(F)(F)(F)(F)F)cc(Br)c2OC1C(F)(F)F,0,IC50 (>),5.0,1,CHEMBL4098347
O=CC1=Cc2cc(S(F)(F)(F)(F)F)ccc2OC1C(F)(F)F,0,IC50 (>),5.0,1,CHEMBL4080317
O=C(O)C1=Cc2cc(S(F)(F)(F)(F)F)cc(Cc3ccccc3)c2OC1C(F)(F)F,0,IC50 (>),4.0,1,CHEMBL4090622
CCCc1cc(S(F)(F)(F)(F)F)cc2c1OC(C(F)(F)F)C(C(=O)O)=C2,1,IC50,7.34,1,CHEMBL4069602
CCc1cc(S(F)(F)(F)(F)F)cc2c1OC(C(F)(F)F)C(C(=O)O)=C2,1,IC50,7.22,1,CHEMBL4068589
Cc1cc(S(F)(F)(F)(F)F)cc2c1OC(C(F)(F)F)C(C(=O)O)=C2,1,IC50,7.58,1,CHEMBL4095906
O=C(O)C1=Cc2cc(S(F)(F)(F)(F)F)cc(Br)c2O[C@H]1C(F)(F)F,1,IC50,6.47,1,CHEMBL4075294
O=C(O)C1=Cc2cc(S(F)(F)(F)(F)F)cc(Br)c2O[C@@H]1C(F)(F)F,1,IC50,8.1,1,CHEMBL4084676
O=C(O)C1=Cc2cc(S(F)(F)(F)(F)F)cc(Br)c2OC1C(F)(F)F,1,IC50,7.25,1,CHEMBL4072067
O=C(O)C1=Cc2ccc(S(F)(F)(F)(F)F)cc2OC1C(F)(F)F,0,IC50 (>),5.0,1,CHEMBL4081499
O=C(O)C1=Cc2cc(S(F)(F)(F)(F)F)ccc2O[C@H]1C(F)(F)F,1,IC50,6.52,1,CHEMBL4062140
O=C(O)C1=Cc2cc(S(F)(F)(F)(F)F)ccc2O[C@@H]1C(F)(F)F,1,IC50,8.0,1,CHEMBL4074716
O=C(O)C1=Cc2cc(S(F)(F)(F)(F)F)ccc2OC1C(F)(F)F,1,IC50,7.75,1,CHEMBL4091547
NS(=O)(=O)c1ccc(-n2nc(C(=O)OCCOc3cc(=O)oc4ccccc34)cc2-c2ccccc2)cc1,1,IC50,6.27,1,CHEMBL4065986
NS(=O)(=O)c1ccc(-n2nc(C(=O)OCCOc3cc(=O)oc4ccccc34)cc2-c2ccc(F)cc2)cc1,1,IC50,6.36,1,CHEMBL4077052
Cc1ccc(-c2cc(C(=O)OCCOc3cc(=O)oc4ccccc34)nn2-c2ccc(S(N)(=O)=O)cc2)cc1,1,IC50,6.31,1,CHEMBL4084887
COc1cc(-c2cc(C(=O)OCCOc3cc(=O)oc4ccccc34)nn2-c2ccc(S(N)(=O)=O)cc2)cc(OC)c1OC,1,IC50,6.54,1,CHEMBL4062197
COc1cccc(-c2cc(C(=O)OCCOc3cc(=O)oc4ccccc34)nn2-c2ccc(S(N)(=O)=O)cc2)c1,1,IC50,6.37,1,CHEMBL4077653
NS(=O)(=O)c1ccc(-n2nc(C(=O)OCCOc3cc(=O)oc4ccccc34)cc2-c2cccc(F)c2)cc1,1,IC50,6.52,1,CHEMBL4070807
NS(=O)(=O)c1ccc(-n2nc(C(=O)OCCOc3cc(=O)oc4ccccc34)cc2-c2ccc([N+](=O)[O-])cc2)cc1,1,IC50,6.48,1,CHEMBL4092434
NS(=O)(=O)c1ccc(-n2nc(C(=O)OCCOc3ccc4ccc(=O)oc4c3)cc2-c2ccccc2)cc1,1,IC50,6.11,1,CHEMBL4079043
NS(=O)(=O)c1ccc(-n2nc(C(=O)OCCOc3ccc4ccc(=O)oc4c3)cc2-c2ccc(F)cc2)cc1,1,IC50,6.28,1,CHEMBL4102241
Cc1ccc(-c2cc(C(=O)OCCOc3ccc4ccc(=O)oc4c3)nn2-c2ccc(S(N)(=O)=O)cc2)cc1,1,IC50,6.4,1,CHEMBL4075969
NS(=O)(=O)c1ccc(-n2nc(C(=O)OCCOc3ccc4ccc(=O)oc4c3)cc2-c2ccc(Cl)cc2)cc1,1,IC50,6.04,1,CHEMBL4069692
NS(=O)(=O)c1ccc(-n2nc(C(=O)OCCOc3ccc4ccc(=O)oc4c3)cc2-c2cccc(Cl)c2)cc1,1,IC50,6.31,1,CHEMBL4069891
NS(=O)(=O)c1ccc(-n2nc(C(=O)OCCOc3ccc4ccc(=O)oc4c3)cc2-c2ccccc2Cl)cc1,1,IC50,6.11,1,CHEMBL4076002
COc1cc(-c2cc(C(=O)OCCOc3ccc4ccc(=O)oc4c3)nn2-c2ccc(S(N)(=O)=O)cc2)cc(OC)c1OC,1,IC50,6.64,1,CHEMBL4082622
COc1cccc(-c2cc(C(=O)OCCOc3ccc4ccc(=O)oc4c3)nn2-c2ccc(S(N)(=O)=O)cc2)c1,1,IC50,6.09,1,CHEMBL4076451
NS(=O)(=O)c1ccc(-n2nc(C(=O)OCCOc3ccc4ccc(=O)oc4c3)cc2-c2cccc(F)c2)cc1,1,IC50,6.07,1,CHEMBL4097207
NS(=O)(=O)c1ccc(-n2nc(C(=O)NCCOc3ccc4ccc(=O)oc4c3)cc2-c2ccccc2)cc1,1,IC50,6.31,1,CHEMBL4101763
CCOC(=O)C1=C(C)N(CC)/C(=N\N=C(/C)c2cc3ccccc3oc2=O)C1,1,IC50,6.51,1,CHEMBL4129984
CC1=CC/C(=N/N=C(\C)c2cc3ccccc3oc2=O)N1C,1,IC50,6.51,1,CHEMBL4127948
CCN1C(C)=CC/C1=N/N=C(\C)c1cc2ccccc2oc1=O,1,IC50,6.51,1,CHEMBL4126559
C/C(=N\N=C1\CC(C)C(=O)N1C)c1cc2ccccc2oc1=O,1,IC50,6.41,1,CHEMBL4129191
C/C(=N\N=C1\CCC(=O)N1C)c1cc2ccccc2oc1=O,1,IC50,6.51,1,CHEMBL4127794
O=C(NCc1ccccc1)c1sc2ccccc2c1Br,0,IC50,4.91,1,CHEMBL4170011
O=C(NCc1ccc(F)cc1)C(=O)Oc1sc2ccccc2c1Br,0,IC50,4.84,1,CHEMBL4165528
O=C(NCCc1ccccc1)c1sc2ccccc2c1Br,0,IC50,4.75,1,CHEMBL4173449
COc1ccc2ccc(=O)oc2c1C/C=C(\C)COC(=O)C=C(C)C,0,IC50,4.34,1,CHEMBL4173681
COc1ccc2ccc(=O)oc2c1C/C=C(\C)COC(=O)CC(C)C,0,IC50,4.25,1,CHEMBL4170326
CCC(C)C(C(=O)O)N(C(=O)C(N)CC(C)C)C(C(=O)O)C(C)CC,0,IC50,4.46,1,CHEMBL4166924
COc1ccc2ccc(=O)oc2c1CC=C(C)C,0,IC50,4.09,1,CHEMBL52229
CS(=O)(=O)c1ccc2c(c1)c1c(n2S(=O)(=O)c2ccc(Cl)cc2)CCCC1=O,1,IC50,6.1,1,CHEMBL4172740
CS(=O)(=O)c1ccc2c(c1)c1c(n2Cc2ccc(Cl)cc2)CCCC1=O,1,IC50,6.24,1,CHEMBL4162061
CS(=O)(=O)c1ccc2c(c1)c1c(n2C(=O)c2ccc(Cl)cc2)CCCC1=O,1,IC50,6.64,1,CHEMBL4169347
CS(=O)(=O)c1ccc2c(c1)c1c(n2S(=O)(=O)c2ccc(Cl)cc2)CCCC1,1,IC50,6.47,1,CHEMBL4177185
CS(=O)(=O)c1ccc2c(c1)c1c(n2Cc2ccc(Cl)cc2)CCCC1,1,IC50,6.55,1,CHEMBL4173526
CS(=O)(=O)c1ccc2c(c1)c1c(n2C(=O)c2ccc(Cl)cc2)CCCC1,1,IC50,6.09,1,CHEMBL4165597
COc1ccc2c(c1)c1c(n2S(=O)(=O)c2ccc(Cl)cc2)CC(C)(C)CC1=O,1,IC50,6.06,1,CHEMBL4176892
COc1ccc2c(c1)c1c(n2Cc2ccc(Cl)cc2)CC(C)(C)CC1=O,1,IC50,6.04,1,CHEMBL4169030
COc1ccc2c(c1)c1c(n2C(=O)c2ccc(Cl)cc2)CC(C)(C)CC1=O,1,IC50,6.01,1,CHEMBL4161755
CS(=O)(=O)c1ccc(C2C(c3ccccc3)=NOC23COc2ccccc2C3=O)cc1,1,IC50,7.05,1,CHEMBL4170508
CCOc1ccc(-c2cc(-c3ccc(C(F)(F)F)cc3)n(-c3ccc(S(C)(=O)=O)cc3)n2)cc1,1,IC50,6.01,1,CHEMBL4165467
CS(=O)(=O)c1ccc(-n2nc(-c3ccc(O)cc3)cc2-c2ccc(C(F)(F)F)cc2)cc1,1,IC50,6.01,1,CHEMBL4160954
NS(=O)(=O)c1ccc(N2N=C(c3ccc(N4CCOCC4)cc3)CC2c2ccc(F)cc2F)cc1,1,IC50,7.1,1,CHEMBL4168891
Cc1ccc(-c2c(-c3ccc(S(C)(=O)=O)cc3)c3cccc4ccn2c43)cc1,1,IC50,7.7,1,CHEMBL4172247
CS(=O)(=O)c1ccc(C2NN=C(c3ccc([N+](=O)[O-])cc3)O2)cc1,1,IC50,6.32,1,CHEMBL4166937
COc1ccc(-c2noc(CC(=O)NCCCCC(=O)OC[C@H]3OC(O)[C@H](O)[C@@H](O)[C@H]3O)c2-c2ccc(OC)cc2)cc1,0,IC50 (>),4.3,1,CHEMBL4173747
COc1ccc(-c2noc(CC(=O)NCCCCCCCCCCC(=O)OC[C@H]3OC(O)[C@H](O)[C@@H](O)[C@H]3O)c2-c2ccc(OC)cc2)cc1,1,IC50,6.57,1,CHEMBL4171339
Nc1nc(Cl)nc(Nc2ccc(N3CCOCC3=O)cc2)n1,1,IC50,6.3,1,CHEMBL4164251
O=C1COCCN1c1ccc(Nc2nc(Cl)nc(N3CCOCC3)n2)cc1,0,IC50,4.0,1,CHEMBL4175569
O=C1COCCN1c1ccc(Nc2nc(Cl)nc(N3CCCC3)n2)cc1,1,IC50,7.22,2,CHEMBL4167700
O=C1COCCN1c1ccc(Nc2nc(Cl)nc(N3CCN(c4ccccc4)CC3)n2)cc1,0,IC50,4.0,1,CHEMBL4160466
O=C1COCCN1c1ccc(Nc2nc(Cl)nc(NC3CCCCC3)n2)cc1,1,IC50,6.22,1,CHEMBL4171063
O=C1COCCN1c1ccc(Nc2nc(Cl)nc(NCc3ccccc3)n2)cc1,0,IC50,4.22,1,CHEMBL4173674
O=C1COCCN1c1ccc(Nc2nc(Cl)nc(Nc3ccccc3)n2)cc1,1,IC50,7.0,1,CHEMBL4165753
O=C1COCCN1c1ccc(Nc2nc(Cl)nc(Nc3ccc(Cl)cc3)n2)cc1,1,IC50,7.1,1,CHEMBL4165902
Cc1ccc(Nc2nc(Cl)nc(Nc3ccc(N4CCOCC4=O)cc3)n2)cc1,0,IC50,4.16,1,CHEMBL4173819
O=C1COCCN1c1ccc(Nc2nc(Cl)nc(Nc3ccc(O)cc3)n2)cc1,1,IC50,7.4,1,CHEMBL4170378
O=C1COCCN1c1ccc(Nc2nc(Cl)nc(Nc3ccc(Br)cc3)n2)cc1,1,IC50,6.3,1,CHEMBL4172724
O=C1COCCN1c1ccc(Nc2nc(Cl)nc(OCCCl)n2)cc1,1,IC50,6.0,1,CHEMBL4162045
[N-]=[N+]=NCCOc1nc(Cl)nc(Nc2ccc(N3CCOCC3=O)cc2)n1,0,IC50,4.12,1,CHEMBL4169332
NCCOc1nc(Cl)nc(Nc2ccc(N3CCOCC3=O)cc2)n1,0,IC50,4.05,1,CHEMBL4177170
O=C(NCCOc1nc(Cl)nc(Nc2ccc(N3CCOCC3=O)cc2)n1)c1ccc(Cl)s1,1,IC50,6.3,1,CHEMBL4170800
Cc1ccc(S(=O)(=O)NCCOc2nc(Cl)nc(Nc3ccc(N4CCOCC4=O)cc3)n2)cc1,0,IC50,4.1,1,CHEMBL4160157
O=C(NCCOc1nc(Cl)nc(Nc2ccc(N3CCOCC3=O)cc2)n1)c1ccccc1F,0,IC50,4.16,1,CHEMBL4167707
COC(=O)C(N)Cc1ccc(Oc2nc(Cl)nc(Nc3ccc(N4CCOCC4=O)cc3)n2)cc1,1,IC50,6.22,1,CHEMBL4171075
CS(=O)(=O)c1ccc(-c2nc(SCCN(O)C(N)=O)nn2-c2ccc(Br)cc2)cc1,1,IC50,6.82,1,CHEMBL4161423
CS(=O)(=O)c1ccc(NC(=O)NNC(=S)Nc2ccccc2)cc1,0,IC50,4.89,1,CHEMBL4159582
CS(=O)(=O)c1ccc(NC(=O)NNC(=S)Nc2ccc(F)cc2)cc1,0,IC50,4.9,1,CHEMBL4166395
O=[N+]([O-])c1ccc(/C=C/c2cc(O)c(O)c(O)c2)cc1,1,IC50,6.55,1,CHEMBL4213360
COc1ccc(-c2nc3cc(NC(=O)c4ccccc4Cl)ccc3o2)cc1OC,1,IC50,7.4,1,CHEMBL4205552
COc1ccc(C(=O)Nc2ccc3oc(-c4ccc(OC)c(OC)c4)nc3c2)cc1,0,IC50,4.97,1,CHEMBL4216007
COc1ccc(-c2nc3cc(NC(=O)c4cccc([N+](=O)[O-])c4)ccc3o2)cc1OC,1,IC50,6.03,1,CHEMBL4215506
COc1ccc(-c2nc3cc(NC(=O)c4ccc([N+](=O)[O-])cc4Cl)ccc3o2)cc1OC,1,IC50,6.34,1,CHEMBL4210856
COc1ccc(-c2nc3cc(NC(=O)c4ccc([N+](=O)[O-])cc4)ccc3o2)cc1OC,1,IC50,6.8,1,CHEMBL4212341
COc1ccc(-c2nc3cc(NC(=O)c4ccc(O)cc4)ccc3o2)cc1OC,0,IC50,4.34,1,CHEMBL4209915
COc1cc(OC)cc(C(=O)Nc2ccc3oc(-c4ccc(OC)c(OC)c4)nc3c2)c1,1,IC50,6.36,1,CHEMBL4210463
Cc1ccc(-c2cc(COC(=O)COc3cc(O)c4c(=O)cc(-c5ccccc5)oc4c3)nn2-c2ccccc2)cc1,1,IC50,6.03,1,CHEMBL4239360
Cc1ccc(-c2cc(COC(=O)COc3cc(O)c4c(=O)cc(-c5ccccc5)oc4c3)nn2-c2ccc(C)cc2)cc1,1,IC50,6.38,1,CHEMBL4243589
COc1ccc(-c2cc(COC(=O)COc3cc(O)c4c(=O)cc(-c5ccccc5)oc4c3)nn2-c2ccccc2)cc1,1,IC50,6.27,1,CHEMBL4239643
COc1ccc(-c2cc(COC(=O)COc3cc(O)c4c(=O)cc(-c5ccccc5)oc4c3)nn2-c2ccc(C)cc2)cc1,1,IC50,6.64,1,CHEMBL4249752
COc1ccc(-c2cc(COC(=O)COc3cc(O)c4c(=O)cc(-c5ccccc5)oc4c3)nn2-c2ccc(Cl)cc2)cc1,1,IC50,6.46,1,CHEMBL4243440
O=C(COc1cc(O)c2c(=O)cc(-c3ccccc3)oc2c1)OCc1cc(-c2cccc(Cl)c2)n(-c2ccc(Cl)cc2)n1,1,IC50,6.38,1,CHEMBL4248810
O=C([O-])Cc1ccccc1Nc1c(Cl)cccc1Cl,1,IC50,6.1,7,CHEMBL1034
C#CCSc1nc2ccccc2c(=O)n1-c1ccccc1,1,IC50,6.57,1,CHEMBL4293133
C#CCSc1nc2ccccc2c(=O)n1-c1ccc(Cl)cc1,1,IC50,6.41,1,CHEMBL4279063
C#CCSc1nc2ccccc2c(=O)n1-c1ccc(Br)cc1,1,IC50,6.75,1,CHEMBL4289748
C#CCSc1nc2ccccc2c(=O)n1-c1ccc(OC)cc1,1,IC50,6.36,1,CHEMBL4289328
O=c1c2ccccc2nc(SCc2cn(-c3ccccc3)nn2)n1-c1ccccc1,1,IC50,6.05,1,CHEMBL4281448
O=c1c2ccccc2nc(SCc2cn(-c3ccc(Cl)cc3)nn2)n1-c1ccccc1,1,IC50,6.72,1,CHEMBL4285920
O=c1c2ccccc2nc(SCc2cn(-c3ccc(Br)cc3)nn2)n1-c1ccccc1,1,IC50,6.27,1,CHEMBL4277993
O=C(O)c1ccc(-n2cc(CSc3nc4ccccc4c(=O)n3-c3ccccc3)nn2)cc1,1,IC50,6.17,1,CHEMBL4277617
O=c1c2ccccc2nc(SCc2cn(-c3ccccc3)nn2)n1-c1ccc(Cl)cc1,1,IC50,6.02,1,CHEMBL4285512
O=c1c2ccccc2nc(SCc2cn(-c3ccc(Cl)cc3)nn2)n1-c1ccc(Cl)cc1,1,IC50,6.28,1,CHEMBL4283242
O=c1c2ccccc2nc(SCc2cn(-c3ccc(Br)cc3)nn2)n1-c1ccc(Cl)cc1,1,IC50,6.62,1,CHEMBL4291092
O=C(O)c1ccc(-n2cc(CSc3nc4ccccc4c(=O)n3-c3ccc(Cl)cc3)nn2)cc1,1,IC50,6.96,1,CHEMBL4279764
O=c1c2ccccc2nc(SCc2cn(-c3ccccc3)nn2)n1-c1ccc(Br)cc1,1,IC50,6.6,1,CHEMBL4287667
O=c1c2ccccc2nc(SCc2cn(-c3ccc(Cl)cc3)nn2)n1-c1ccc(Br)cc1,1,IC50,6.8,1,CHEMBL4290032
O=c1c2ccccc2nc(SCc2cn(-c3ccc(Br)cc3)nn2)n1-c1ccc(Br)cc1,1,IC50,6.77,1,CHEMBL4279346
O=C(O)c1ccc(-n2cc(CSc3nc4ccccc4c(=O)n3-c3ccc(Br)cc3)nn2)cc1,1,IC50,6.05,1,CHEMBL4286599
COc1ccc(-n2c(SCc3cn(-c4ccc(Cl)cc4)nn3)nc3ccccc3c2=O)cc1,1,IC50,6.28,1,CHEMBL4288111
COc1ccc(-n2c(SCc3cn(-c4ccc(Br)cc4)nn3)nc3ccccc3c2=O)cc1,1,IC50,6.17,1,CHEMBL4277468
COc1ccc(-c2cc(CSc3nc4ccccc4c(=O)n3-c3ccccc3)on2)cc1,1,IC50,6.43,1,CHEMBL4278472
O=c1c2ccccc2nc(SCc2cc(-c3ccc(Cl)cc3)no2)n1-c1ccccc1,1,IC50,6.25,1,CHEMBL4281944
O=c1c2ccccc2nc(SCc2cc(-c3ccc(Cl)cc3)no2)n1-c1ccc(Cl)cc1,1,IC50,6.08,1,CHEMBL4278057
COc1ccc(-c2cc(CSc3nc4ccccc4c(=O)n3-c3ccc(Br)cc3)on2)cc1,1,IC50,6.25,1,CHEMBL4288714
COc1ccc(-c2cc(CSc3nc4ccccc4c(=O)n3-c3ccc(Br)cc3)on2)cc1OC,1,IC50,6.47,1,CHEMBL4291293
O=c1c2ccccc2nc(SCc2cc(-c3ccc(Cl)cc3)no2)n1-c1ccc(Br)cc1,1,IC50,6.25,1,CHEMBL4283447
COc1ccc(-c2cc(CSc3nc4ccccc4c(=O)n3-c3ccc(OC)cc3)on2)cc1,1,IC50,6.19,1,CHEMBL4288146
COc1ccc(-n2c(SCc3cc(-c4ccc(OC)c(OC)c4)no3)nc3ccccc3c2=O)cc1,1,IC50,6.11,1,CHEMBL4277505
COc1ccc(-n2c(SCc3cc(-c4ccc(Cl)cc4)no3)nc3ccccc3c2=O)cc1,1,IC50,6.2,1,CHEMBL4291556
C[Si](C)(C)c1c(-c2ccccc2)noc1-c1ccc(S(C)(=O)=O)cc1,0,IC50 (>),4.0,1,CHEMBL4290080
C[Si](C)(C)c1c(-c2ccccc2)noc1-c1ccc(S(N)(=O)=O)cc1,0,IC50,4.96,1,CHEMBL4287121
C[Si](C)(C)c1c(-c2ccc(F)cc2)noc1-c1ccc(S(C)(=O)=O)cc1,0,IC50 (>),4.0,1,CHEMBL4279197
C[Si](C)(C)c1c(-c2ccc(F)cc2)noc1-c1ccc(S(N)(=O)=O)cc1,0,IC50,4.42,1,CHEMBL4276876
CS(=O)(=O)c1ccc(-c2cc(-c3ccccc3)no2)cc1,0,IC50,4.87,1,CHEMBL4287517
CS(=O)(=O)c1ccc(-c2cc(-c3ccc(F)cc3)no2)cc1,0,IC50 (>),4.0,1,CHEMBL4279921
NS(=O)(=O)c1ccc(-c2cc(-c3ccccc3)no2)cc1,0,IC50,4.97,1,CHEMBL4290946
NS(=O)(=O)c1ccc(-c2cc(-c3ccc(F)cc3)no2)cc1,0,IC50,4.09,1,CHEMBL4281362
C[Si](C)(C)c1onc(-c2ccccc2)c1-c1ccc(S(N)(=O)=O)cc1,1,IC50,6.89,1,CHEMBL4277907
C[Si](C)(C)c1onc(-c2ccc(F)cc2)c1-c1ccc(S(N)(=O)=O)cc1,1,IC50,6.03,1,CHEMBL4282329
CS(=O)(=O)c1ccc(-c2c(-c3ccc(F)cc3)noc2C(=O)c2ccccc2)cc1,0,IC50 (>),4.0,1,CHEMBL4282434
CC(=O)c1onc(-c2ccc(F)cc2)c1-c1ccc(S(C)(=O)=O)cc1,0,IC50 (>),4.0,1,CHEMBL4278833
COC(=O)c1onc(-c2ccc(F)cc2)c1-c1ccc(S(C)(=O)=O)cc1,0,IC50 (>),4.0,1,CHEMBL4278979
CS(=O)(=O)c1ccc(-c2c(-c3ccc(F)cc3)noc2C=O)cc1,0,IC50,4.86,1,CHEMBL4278439
CS(=O)(=O)c1ccc(-c2c(-c3ccc(F)cc3)noc2Cl)cc1,1,IC50,6.46,1,CHEMBL4294127
Cc1onc(-c2ccc(F)cc2)c1-c1ccc(S(N)(=O)=O)cc1,1,IC50,7.14,1,CHEMBL372838
CS(=O)(=O)c1ccc(-c2conc2-c2ccccc2)cc1,1,IC50,6.61,1,CHEMBL4278024
CS(=O)(=O)c1ccc(-c2conc2-c2ccc(F)cc2)cc1,1,IC50,7.24,1,CHEMBL4288684
NS(=O)(=O)c1ccc(-c2conc2-c2ccccc2)cc1,1,IC50,7.32,1,CHEMBL4293163
NS(=O)(=O)c1ccc(-c2conc2-c2ccc(F)cc2)cc1,1,IC50,7.38,1,CHEMBL4285341
NS(=O)(=O)c1ccc(/N=c2\scc(-c3ccc(Cl)cc3)n2-c2ccccc2)cc1,0,IC50,4.79,1,CHEMBL4293285
NS(=O)(=O)c1ccc(/N=c2\scc(-c3ccc(Cl)cc3Cl)n2-c2ccccc2)cc1,0,IC50,4.74,1,CHEMBL4282681
NS(=O)(=O)c1ccc(/N=c2\scc(-c3ccc(Br)cc3)n2-c2ccccc2)cc1,0,IC50,4.71,1,CHEMBL4289901
COc1ccc(-c2cs/c(=N\c3ccc(S(N)(=O)=O)cc3)n2-c2ccccc2)cc1,0,IC50,4.66,1,CHEMBL4282685
NS(=O)(=O)c1ccc(/N=c2\scc(-c3cccs3)n2-c2ccccc2)cc1,0,IC50,4.9,1,CHEMBL4279217
COc1cc([C@@H]2CC(=O)c3c(cc(O)c(C/C=C(\C)CCC=C(C)C)c3O)O2)cc(O)c1O,0,IC50,4.97,1,CHEMBL463675
N#CCC(=O)N/N=C/c1c[nH]c2ccc(Br)cc12,1,IC50,6.6,1,CHEMBL4290673
C(=N/Nc1nnc(-c2ccncc2)o1)\c1ccccc1,1,IC50,6.37,1,CHEMBL4571604
Clc1ccc(/C=N/Nc2nnc(-c3ccncc3)o2)cc1,1,IC50,6.54,1,CHEMBL4450095
Brc1ccc(/C=N/Nc2nnc(-c3ccncc3)o2)cc1,1,IC50,6.96,1,CHEMBL4444316
O=[N+]([O-])c1ccc(/C=N/Nc2nnc(-c3ccncc3)o2)cc1,1,IC50,7.39,1,CHEMBL4561572
O=C(CSc1nnc(-c2ccncc2)o1)N/N=C/c1ccc(Cl)cc1,1,IC50,7.16,1,CHEMBL3098648
O=C(CSc1nnc(-c2ccncc2)o1)N/N=C/c1ccc([N+](=O)[O-])cc1,1,IC50,7.42,1,CHEMBL3098650
Oc1ccc(-c2nnc(CSc3nnc(-c4ccncc4)o3)o2)cc1,1,IC50,7.0,1,CHEMBL4576864
Clc1ccc(-c2nnc(CSc3nnc(-c4ccncc4)o3)o2)cc1,1,IC50,7.05,1,CHEMBL4450458
Brc1ccc(-c2nnc(CSc3nnc(-c4ccncc4)o3)o2)cc1,1,IC50,7.28,1,CHEMBL4529762
O=C(Nc1ccccc1)Nc1nnc(-c2cccnc2)o1,1,IC50,6.77,1,CHEMBL4535881
N#CCC(=O)Nc1nnc(-c2cccnc2)o1,1,IC50,6.25,1,CHEMBL4582518
CCO/C=N/c1nnc(-c2cccnc2)o1,1,IC50,6.42,1,CHEMBL4533452
Clc1ccc(/C=N/c2nnc(-c3cccnc3)o2)cc1,1,IC50,6.89,1,CHEMBL4569755
O=[N+]([O-])c1ccc(/C=N/c2nnc(-c3cccnc3)o2)cc1,1,IC50,6.68,1,CHEMBL4573875
O=C(Nc1ccccc1)Nc1nnc(-c2ccccc2)o1,1,IC50,7.2,1,CHEMBL1322701
O=C(Nc1ccccc1)Nc1nnc(-c2ccc(Cl)cc2)o1,1,IC50,6.54,1,CHEMBL4462267
N#CCC(=O)Nc1nnc(-c2ccc(Cl)cc2)o1,1,IC50,6.6,1,CHEMBL4464158
CCO/C=N/c1nnc(-c2ccccc2)o1,1,IC50,6.96,1,CHEMBL4440531
CCO/C=N/c1nnc(-c2ccc(Cl)cc2)o1,1,IC50,7.0,1,CHEMBL4456191
Clc1ccc(/C=N/c2nnc(-c3ccccc3)o2)cc1,1,IC50,6.52,1,CHEMBL4571917
O=[N+]([O-])c1ccc(/C=N/c2nnc(-c3ccccc3)o2)cc1,1,IC50,7.03,1,CHEMBL4475508
Clc1ccc(-c2nnc(/N=C/c3ccccc3)o2)cc1,1,IC50,7.09,1,CHEMBL4541315
Clc1ccc(/C=N/c2nnc(-c3ccc(Cl)cc3)o2)cc1,1,IC50,7.23,1,CHEMBL4465282
O=[N+]([O-])c1ccc(/C=N/c2nnc(-c3ccc(Cl)cc3)o2)cc1,1,IC50,6.89,1,CHEMBL4449489
CC/C=N/c1c(C#N)c2n(c1C(=O)Nc1ccc(Br)cc1)CCC2,0,IC50,4.88,1,CHEMBL4460448
CC(C)C/C=N/c1c(C#N)c2n(c1C(=O)Nc1ccc(Br)cc1)CCC2,0,IC50,4.87,1,CHEMBL4592358
N#Cc1c(/N=C/c2ccc(O)cc2)c(C(=O)Nc2ccc(Br)cc2)n2c1CCC2,1,IC50,6.19,1,CHEMBL4557315
CC/C=N/c1c(C#N)c2n(c1C(=O)Nc1ccccc1)CCC2,0,IC50,4.28,1,CHEMBL4527978
CC/C=N/c1c(C#N)c2n(c1C(=O)Nc1ccc(C)cc1)CCC2,0,IC50,4.99,1,CHEMBL4574444
CCC1SCC(=O)N1c1c(C#N)c2n(c1C(=O)Nc1ccccc1)CCC2,0,IC50,4.97,1,CHEMBL4471323
CCC1SCC(=O)N1c1c(C#N)c2n(c1C(=O)Nc1ccccc1)CCCC2,0,IC50,4.25,1,CHEMBL4579212
CCC(=O)NS(=O)(=O)c1ccc(-c2c(-c3ccccc3)noc2C)cc1,1,IC50,8.3,1,CHEMBL1206690
CS(=O)(=O)c1ccc(C2=C(c3ccc(F)cc3)Cc3ccccc32)cc1,1,IC50,7.96,1,CHEMBL4533150
CS(=O)(=O)c1ccc(-c2c(-c3ccc(F)cc3)oc3ccccc23)cc1,1,IC50,7.7,1,CHEMBL4473838
CC1(C)C(=O)C(c2ccccc2)=C1c1ccc(S(C)(=O)=O)cc1,1,IC50,8.55,1,CHEMBL420987
CCOC(=O)c1cnn(-c2ccccn2)c1-n1nnc2ccccc2c1=O,0,IC50,4.7,1,CHEMBL4437353
Cc1ccc(Nc2c(F)cccc2Cl)c(CNc2nnn[nH]2)c1,1,IC50,7.85,1,CHEMBL4470517
Cc1ccc(Nc2c(F)cccc2Cl)c(CNS(=O)(=O)C(F)(F)F)c1,1,IC50,6.4,1,CHEMBL4446093
COc1ccc2c(c1)c(Cc1nn(C)nc1O)c(C)n2C(=O)c1ccc(Cl)cc1,0,IC50 (>),4.0,1,CHEMBL4590005
COc1ccc2c(c1)c(Cc1nonc1O)c(C)n2C(=O)c1ccc(Cl)cc1,0,IC50 (>),4.0,1,CHEMBL4434843
COc1ccc(/C=C/c2c(CC=C(C)C)c(O)cc(O)c2CC=C(C)C)cc1O,0,IC50,4.83,1,CHEMBL4515706
COc1ccc(/C=C/c2c(CC=C(C)C)c(O)cc3c2CCC(C)(C)O3)cc1O,0,IC50,4.45,1,CHEMBL4517895
CC1(C)C=Cc2c(O)cc(/C=C/c3ccc(O)cc3)cc2O1,0,IC50 (>),4.7,1,CHEMBL2230270
NS(=O)(=O)c1ccc(-n2nc(C(=O)N3CCSCC3)cc2-c2cccc(F)c2)cc1,1,IC50,6.72,1,CHEMBL4529375
NS(=O)(=O)c1ccc(-n2nc(C(=O)N3CCOCC3)cc2-c2cccc(F)c2)cc1,1,IC50,6.64,1,CHEMBL4521969
NS(=O)(=O)c1ccc(-n2nc(C(=O)N3CCSCC3)cc2-c2cccc(Cl)c2)cc1,1,IC50,6.68,1,CHEMBL4440974
NS(=O)(=O)c1ccc(-n2nc(C(=O)N3CCOCC3)cc2-c2cccc(Cl)c2)cc1,1,IC50,6.62,1,CHEMBL4532080
NS(=O)(=O)c1ccc(-n2nc(C(=O)N3CCSCC3)cc2-c2ccc(Cl)cc2)cc1,1,IC50,6.64,1,CHEMBL4553947
NS(=O)(=O)c1ccc(-n2nc(C(=O)N3CCOCC3)cc2-c2ccc(Cl)cc2)cc1,1,IC50,6.46,1,CHEMBL4569221
CCOc1ccc(-c2cc(C(=O)N3CCSCC3)nn2-c2ccc(S(N)(=O)=O)cc2)cc1,1,IC50,6.01,1,CHEMBL4440435
NS(=O)(=O)c1ccc(-n2nc(C(=O)N3CCSCC3)cc2-c2ccc(F)cc2)cc1,1,IC50,6.68,1,CHEMBL4443996
NS(=O)(=O)c1ccc(-n2nc(C(=O)N3CCOCC3)cc2-c2ccc(F)cc2)cc1,1,IC50,6.64,1,CHEMBL4447638
Cc1ccc(-c2cc(C(=O)N3CCOCC3)nn2-c2ccc(S(N)(=O)=O)cc2)cc1,1,IC50,6.03,1,CHEMBL4539136
Cc1ccc(-c2cc(C(=O)N3CCSCC3)nn2-c2ccc(S(N)(=O)=O)cc2)cc1,1,IC50,6.05,1,CHEMBL4515463
NS(=O)(=O)c1ccc(-n2nc(C(=O)N3CCOCC3)cc2-c2ccc(Br)cc2)cc1,1,IC50,6.51,1,CHEMBL4467569
NS(=O)(=O)c1ccc(-n2nc(C(=O)N3CCSCC3)cc2-c2ccc(C(F)(F)F)cc2)cc1,1,IC50,6.72,1,CHEMBL4462245
NS(=O)(=O)c1ccc(-n2nc(C(=O)N3CCOCC3)cc2-c2ccc(C(F)(F)F)cc2)cc1,1,IC50,6.41,1,CHEMBL4545277
NS(=O)(=O)c1ccc(-n2nc(C(=O)N3CCSCC3)cc2-c2ccccc2)cc1,1,IC50,6.17,1,CHEMBL4559201
NS(=O)(=O)c1ccc(-n2nc(C(=O)N3CCOCC3)cc2-c2ccccc2)cc1,1,IC50,6.16,1,CHEMBL4458211
NS(=O)(=O)c1ccc(-n2nc(C(=O)NCCCN3CCOCC3)cc2-c2ccccc2)cc1,1,IC50,6.38,1,CHEMBL4438116
NS(=O)(=O)c1ccc(-n2nc(C(=O)OCCCN3CCOCC3)cc2-c2ccccc2)cc1,1,IC50,6.25,1,CHEMBL4473603
NS(=O)(=O)c1ccc(-n2nc(C(=O)NCCN3CCOCC3)cc2-c2ccccc2)cc1,1,IC50,6.19,1,CHEMBL4540871
NS(=O)(=O)c1ccc(-n2nc(C(=O)OCCN3CCOCC3)cc2-c2ccc(Cl)cc2)cc1,1,IC50,6.6,1,CHEMBL4530289
NS(=O)(=O)c1ccc(-n2nc(C(=O)NCCN3CCOCC3)cc2-c2ccc(Cl)cc2)cc1,1,IC50,6.51,1,CHEMBL4560235
NS(=O)(=O)c1ccc(-n2nc(C(=O)OCCN3CCOCC3)cc2-c2ccc(F)cc2)cc1,1,IC50,6.68,1,CHEMBL4439374
NS(=O)(=O)c1ccc(-n2nc(C(=O)NCCN3CCOCC3)cc2-c2ccc(F)cc2)cc1,1,IC50,6.8,1,CHEMBL4552101
NS(=O)(=O)c1ccc(-n2nc(C(=O)OCCN3CCOCC3)cc2-c2ccc(C(F)(F)F)cc2)cc1,1,IC50,6.72,1,CHEMBL4476757
NS(=O)(=O)c1ccc(-n2nc(C(=O)NCCCN3CCOCC3)cc2-c2ccc(C(F)(F)F)cc2)cc1,1,IC50,6.77,1,CHEMBL4445481
NS(=O)(=O)c1ccc(-n2nc(C(=O)OCCCN3CCOCC3)cc2-c2ccc(C(F)(F)F)cc2)cc1,1,IC50,6.68,1,CHEMBL4451916
COc1ccc(-c2cc(C(=O)NCCN3CCOCC3)nn2-c2ccc(S(N)(=O)=O)cc2)cc1,1,IC50,6.06,1,CHEMBL4440769
COc1ccc(-c2cc(C(=O)NCCCN3CCOCC3)nn2-c2ccc(S(N)(=O)=O)cc2)cc1,1,IC50,6.15,1,CHEMBL4520676
CCOc1ccc(-c2cc(C(=O)NCCN3CCOCC3)nn2-c2ccc(S(N)(=O)=O)cc2)cc1,1,IC50,6.07,1,CHEMBL4532838
CCOc1ccc(-c2cc(C(=O)NCCCN3CCOCC3)nn2-c2ccc(S(N)(=O)=O)cc2)cc1,1,IC50,6.04,1,CHEMBL4455944
COc1ccccc1/C=C/C1=NNC(=O)CC1,1,IC50,6.99,1,CHEMBL4529760
COc1ccccc1/C=C/C1=NN(c2ccccc2)C(=O)CC1,1,IC50,6.87,1,CHEMBL4564780
COc1ccccc1/C=C/C1=NN(c2ccc(F)cc2)C(=O)CC1,1,IC50,7.31,1,CHEMBL4444603
Cc1cccc(/C=C/C2=NNC(=O)CC2)c1,1,IC50,7.74,1,CHEMBL4435643
Cc1cccc(/C=C/C2=NN(c3ccc(F)cc3)C(=O)CC2)c1,1,IC50,7.28,1,CHEMBL4547736
O=C1CCC(/C=C/c2cccnc2)=NN1,1,IC50,7.71,1,CHEMBL4536976
COc1ccccc1/C=C/c1ccc(=O)[nH]n1,1,IC50,7.01,1,CHEMBL4450213
COc1ccccc1/C=C/c1ccc(=O)n(-c2ccccc2)n1,1,IC50,7.05,1,CHEMBL4466102
COc1ccccc1/C=C/c1ccc(=O)n(-c2ccc(F)cc2)n1,1,IC50,7.7,1,CHEMBL4465207
Cc1cccc(/C=C/c2ccc(=O)[nH]n2)c1,1,IC50,7.81,1,CHEMBL4442101
Cc1cccc(/C=C/c2ccc(=O)n(-c3ccc(F)cc3)n2)c1,1,IC50,7.44,1,CHEMBL4574755
NS(=O)(=O)c1ccc(N2C(=O)/C(=C\c3ccccc3Cl)N=C2c2ccc(Cl)cc2)cc1,1,IC50,6.07,1,CHEMBL4520818
Cc1ccc2c(c1)nc(CCN1C(=O)c3cccc4cccc(c34)C1=O)n2-c1ccncc1,0,IC50 (>),5.0,1,CHEMBL4558162
Cc1cc(-n2cc(-c3ccc(F)cc3)nn2)n(-c2ccc(S(C)(=O)=O)cc2)n1,1,IC50,7.22,3,CHEMBL4444391
Cc1cc(-n2cc(-c3ccc(N)cc3)nn2)n(-c2ccc(S(C)(=O)=O)cc2)n1,1,IC50,7.3,3,CHEMBL4466030
O=C(Nc1ccc(OC(F)F)nc1)NC1CCN(c2ncnc3c2nc(-c2ccccc2Cl)n3-c2ccc(Cl)cc2)CC1,0,IC50 (>),5.0,1,CHEMBL4563408
COC(=O)CNC(=O)[C@H](CCSC)NC(=O)[C@H](Cc1ccccc1)NC(=O)[C@@H]1CCCN1C(=O)OC(C)(C)C,1,IC50,6.4,1,CHEMBL4544072
CC(C)(C)OC(=O)N1CCC[C@H]1C(=O)N[C@@H](Cc1ccccc1)C(=O)O,1,IC50,7.1,1,CHEMBL4528493
COC(=O)[C@H](Cc1ccccc1)NC(=O)[C@@H]1CCCN1C(=O)CNC(=O)[C@H](CCSC)NC(=O)OCc1ccccc1,1,IC50,7.0,1,CHEMBL4559652
COC(=O)CNC(=O)[C@H](C)NC(=O)[C@@H]1CCCN1C(=O)CNC(=O)[C@H](C)NC(=O)OCc1ccccc1,1,IC50,6.4,1,CHEMBL4458529
C[C@H](NC(=O)OCc1ccccc1)C(=O)NCC(=O)N1CCC[C@H]1C(=O)O,1,IC50,7.7,1,CHEMBL4535676
COC(=O)[C@@H]1CCCN1C(=O)CNC(=O)[C@H](C)NC(=O)OCc1ccccc1,1,IC50,6.52,1,CHEMBL4529874
COC(=O)CNC(=O)[C@H](C)NC(=O)[C@@H]1CCCN1C(=O)CNC(=O)[C@H](C)N,1,IC50,7.0,1,CHEMBL4474324
COC(=O)[C@H](C)NC(=O)[C@@H]1CCCN1C(=O)CNC(=O)[C@H](C)N,1,IC50,6.22,1,CHEMBL4473503
Cc1nc(C)c(CN2CCN(C(=O)c3cc4cc(Cl)ccc4n3Cc3ccc(Cl)cc3)CC2)nc1C,1,IC50,7.66,1,CHEMBL4444717
COc1ccc2[nH]cc(CCNC(=O)c3cc4cc(Cl)ccc4n3Cc3ccc(F)cc3)c2c1,1,IC50,7.63,1,CHEMBL4456822
COc1ccc(CN2CCN(C(=O)c3cc4cc(Cl)ccc4n3Cc3ccc(F)cc3)CC2)cc1,1,IC50,7.63,1,CHEMBL4438795
O=C(c1cc2cc(Cl)ccc2n1Cc1ccc(Cl)cc1)N1CCN(Cc2ccc(Cl)cc2)CC1,1,IC50,7.5,1,CHEMBL4591824
S=c1nc(-c2ccccc2)cc(-c2cn(-c3ccccc3)nc2-c2ccc(OCc3ccccc3)cc2)[nH]1,1,IC50,6.0,1,CHEMBL4443350
N#CC1=C(N)OC(c2ccc(Cl)cc2)=CC1c1cn(-c2ccccc2)nc1-c1ccc(OCc2ccccc2)cc1,0,IC50,4.93,1,CHEMBL4547430
O=C(/C=C/c1cn(-c2ccccc2)nc1-c1ccc(OCc2ccccc2)cc1)c1ccc(Cl)cc1,1,IC50,6.22,1,CHEMBL4443521
N#CC1=C(N)OC(c2ccccc2)=CC1c1cn(-c2ccccc2)nc1-c1ccc(OCc2ccccc2)cc1,1,IC50,6.14,1,CHEMBL4582667
CCc1ccc(-n2cc(CNC(=O)C(=O)c3cc4ccccc4[nH]3)nn2)cc1,1,IC50,6.92,1,CHEMBL4455511
Cc1c2c(c(C)n1-c1ccccc1)C(=O)N(CN1CCN(c3ccccc3)CC1)C2=O,0,IC50,4.37,1,CHEMBL4528376
CCCCn1c(C)c2c(c1C)C(=O)N(CN1CCN(c3ccccc3)CC1)C2=O,0,IC50,4.35,1,CHEMBL4449466
Cc1c2c(c(C)n1-c1cccc(Cl)c1)C(=O)N(CN1CCN(c3ccccc3)CC1)C2=O,0,IC50,4.36,1,CHEMBL4537499
CCOc1ccccc1N1CCN(CN2C(=O)c3c(c(C)n(-c4ccccc4)c3C)C2=O)CC1,0,IC50,4.37,1,CHEMBL4537150
CCCCn1c(C)c2c(c1C)C(=O)N(CN1CCN(c3ccccc3OCC)CC1)C2=O,0,IC50,4.27,1,CHEMBL4546047
CCCCn1c(C)c2c(c1C)C(=O)N(CN1CCN(c3ccccc3F)CC1)C2=O,0,IC50,4.36,1,CHEMBL4473089
Cc1c2c(c(C)n1-c1cccc(Cl)c1)C(=O)N(CN1CCN(c3ccccc3F)CC1)C2=O,0,IC50,4.35,1,CHEMBL4559732
CCCCn1c(C)c2c(c1C)C(=O)N(CN1CCN(c3ccc(F)cc3F)CC1)C2=O,0,IC50,4.34,1,CHEMBL4471677
CCCCn1c(C)c2c(c1C)C(=O)N(CN1CCN(c3ccccc3Cl)CC1)C2=O,0,IC50,4.35,1,CHEMBL4576297
CCCCn1c(C)c2c(c1C)C(=O)N(CN1CCN(c3ccccc3OC)CC1)C2=O,0,IC50,4.35,1,CHEMBL4528653
COc1ccccc1N1CCN(CN2C(=O)c3c(c(C)n(-c4ccccc4)c3C)C2=O)CC1,0,IC50,4.33,1,CHEMBL4556356
Cc1c2c(c(C)n1-c1ccccc1)C(=O)N(CN1CCN(S(C)(=O)=O)CC1)C2=O,0,IC50,4.36,1,CHEMBL4475138
CCCCn1c(C)c2c(c1C)C(=O)N(CN1CCN(S(C)(=O)=O)CC1)C2=O,0,IC50,4.37,1,CHEMBL4460882
Cc1c2c(c(C)n1-c1cccc(Cl)c1)C(=O)N(CN1CCN(S(C)(=O)=O)CC1)C2=O,0,IC50,4.36,1,CHEMBL4456451
O=C(/C=C/C1=Cc2ccccc2OC1)c1ccc(F)cc1,1,IC50,6.43,1,CHEMBL4450248
O=C(/C=C/C1=Cc2ccccc2OC1)c1ccc(Br)cc1,1,IC50,6.38,1,CHEMBL4448997
O=C(/C=C/C1=Cc2ccccc2OC1)c1ccc(C(F)(F)F)cc1,1,IC50,6.08,1,CHEMBL4440945
COc1ccc(C(=O)/C=C/C2=Cc3ccccc3OC2)cc1,1,IC50,6.34,1,CHEMBL4533060
CCc1ccc(C(=O)/C=C/C2=Cc3ccccc3OC2)cc1,1,IC50,6.41,1,CHEMBL4584799
COc1ccc(C(=O)/C=C/C2=Cc3ccccc3OC2)cc1OC,1,IC50,6.34,1,CHEMBL4562121
O=C(/C=C/C1=Cc2c(ccc3ccccc23)OC1)c1ccccc1F,1,IC50,6.51,1,CHEMBL4591257
O=C(/C=C/C1=Cc2c(ccc3ccccc23)OC1)c1ccc(Cl)cc1Cl,1,IC50,6.54,1,CHEMBL4574215
O=C(/C=C/C1=Cc2c(ccc3ccccc23)OC1)c1ccc(C(F)(F)F)cc1,1,IC50,6.48,1,CHEMBL4583354
O=C(/C=C/C1=Cc2c(ccc3ccccc23)OC1)c1ccc([N+](=O)[O-])cc1,1,IC50,6.6,1,CHEMBL4437518
COc1ccc(C(=O)/C=C/C2=Cc3c(ccc4ccccc34)OC2)cc1,1,IC50,6.42,1,CHEMBL4567855
CCc1ccc(C(=O)/C=C/C2=Cc3c(ccc4ccccc34)OC2)cc1,1,IC50,6.37,1,CHEMBL4570476
C#CCOc1ccc(/C=C2\SC(=O)NC2=O)cc1,1,IC50,6.48,1,CHEMBL4454251
C#CCOc1ccc(/C=C2\SC(=S)NC2=O)cc1,1,IC50,6.92,1,CHEMBL4447565
O=C1NC(=O)/C(=C/c2ccc(OCc3cn(CC(=O)c4ccc(Br)cc4)nn3)cc2)S1,1,IC50,7.0,1,CHEMBL4589007
O=C1NC(=S)S/C1=C\c1ccc(OCc2cn(CC(=O)c3ccc(Br)cc3)nn2)cc1,1,IC50,6.96,1,CHEMBL4438502
O=C1NC(=O)/C(=C/c2ccc(OCc3cn(CC(=O)c4ccc(Cl)cc4)nn3)cc2)S1,1,IC50,6.66,1,CHEMBL4521668
O=C1NC(=S)S/C1=C\c1ccc(OCc2cn(CC(=O)c3ccc(Cl)cc3)nn2)cc1,1,IC50,6.82,1,CHEMBL4436095
O=C1NC(=O)/C(=C/c2ccc(OCc3cn(-c4ccc(C(=O)O)cc4)nn3)cc2)S1,1,IC50,6.35,1,CHEMBL4535128
O=C1NC(=S)S/C1=C\c1ccc(OCc2cn(-c3ccc(C(=O)O)cc3)nn2)cc1,1,IC50,6.44,1,CHEMBL4445953
COc1ccc(-n2cc(COc3ccc(/C=C4\SC(=O)NC4=O)cc3)nn2)cc1,1,IC50,6.85,1,CHEMBL4472170
COc1ccc(-n2cc(COc3ccc(/C=C4\SC(=S)NC4=O)cc3)nn2)cc1,1,IC50,7.0,1,CHEMBL4474290
Cc1ccc(-n2cc(COc3ccc(/C=C4\SC(=O)NC4=O)cc3)nn2)cc1,1,IC50,6.28,1,CHEMBL4450483
Cc1ccc(-n2cc(COc3ccc(/C=C4\SC(=S)NC4=O)cc3)nn2)cc1,1,IC50,6.39,1,CHEMBL4454204
O=C1NC(=O)/C(=C/c2ccc(OCc3cn(-c4ccc(Br)cc4)nn3)cc2)S1,1,IC50,6.92,1,CHEMBL4461022
O=C1NC(=S)S/C1=C\c1ccc(OCc2cn(-c3ccc(Br)cc3)nn2)cc1,1,IC50,6.96,1,CHEMBL4542774
O=C1NC(=O)/C(=C/c2ccc(OCc3cn(-c4ccc(Cl)cc4)nn3)cc2)S1,1,IC50,6.58,1,CHEMBL4544031
O=C1NC(=S)S/C1=C\c1ccc(OCc2cn(-c3ccc(Cl)cc3)nn2)cc1,1,IC50,6.72,1,CHEMBL4530072
O=C1NC(=O)/C(=C/c2ccc(OCc3cn(-c4ccccc4)nn3)cc2)S1,1,IC50,6.42,1,CHEMBL4439919
O=C1NC(=S)S/C1=C\c1ccc(OCc2cn(-c3ccccc3)nn2)cc1,1,IC50,6.58,1,CHEMBL4559991
O=C1NC(=O)/C(=C/c2ccc(OCc3cn(Cc4ccc(Br)cc4)nn3)cc2)S1,1,IC50,7.0,1,CHEMBL4475190
O=C1NC(=S)S/C1=C\c1ccc(OCc2cn(Cc3ccc(Br)cc3)nn2)cc1,1,IC50,6.96,1,CHEMBL4579799
O=C1NC(=O)/C(=C/c2ccc(OCc3cn(Cc4ccccc4)nn3)cc2)S1,1,IC50,6.57,1,CHEMBL4570970
O=C1NC(=S)S/C1=C\c1ccc(OCc2cn(Cc3ccccc3)nn2)cc1,1,IC50,6.48,1,CHEMBL4449234
N#Cc1cnn(-c2ccc(S(N)(=O)=O)cc2)c1NC(=O)CCl,1,IC50,7.7,1,CHEMBL4531165
N#Cc1cnn(-c2ccc(S(N)(=O)=O)cc2)c1NC(=O)CCCl,1,IC50,7.24,1,CHEMBL4562695
CC(Cl)C(=O)Nc1c(C#N)cnn1-c1ccc(S(N)(=O)=O)cc1,1,IC50,6.96,1,CHEMBL4436821
N#Cc1cnn(-c2ccc(S(N)(=O)=O)cc2)c1NC(=O)CN1CCOCC1,1,IC50,7.47,1,CHEMBL4532877
N#Cc1cnn(-c2ccc(S(N)(=O)=O)cc2)c1NC(=O)CCN1CCOCC1,1,IC50,7.4,1,CHEMBL4443644
CC(C(=O)Nc1c(C#N)cnn1-c1ccc(S(N)(=O)=O)cc1)N1CCOCC1,1,IC50,6.91,1,CHEMBL4452534
CC(=O)Nc1c(C#N)cnn1-c1ccc(S(=O)(=O)NC(C)=O)cc1,1,IC50,7.21,1,CHEMBL4465079
N#Cc1cnn(-c2ccc(S(N)(=O)=O)cc2)c1NC(=O)c1ccccc1,1,IC50,7.25,1,CHEMBL4437752
N#Cc1cnn(-c2ccc(S(N)(=O)=O)cc2)c1/N=C/c1ccccc1,1,IC50,7.08,1,CHEMBL4450776
N#Cc1cnn(-c2ccc(S(N)(=O)=O)cc2)c1/N=C/c1ccc(F)cc1,1,IC50,7.41,1,CHEMBL4569790
N#Cc1cnn(-c2ccc(S(N)(=O)=O)cc2)c1/N=C/c1ccc(Cl)cc1,1,IC50,6.72,1,CHEMBL4466770
N#Cc1cnn(-c2ccc(S(N)(=O)=O)cc2)c1/N=C/c1ccc(Br)cc1,1,IC50,7.19,1,CHEMBL4567195
COc1ccc(/C=N/c2c(C#N)cnn2-c2ccc(S(N)(=O)=O)cc2)cc1,1,IC50,7.41,1,CHEMBL4588711
COc1ccc(/C=N/c2c(C#N)cnn2-c2ccc(S(N)(=O)=O)cc2)cc1OC,1,IC50,7.36,1,CHEMBL4572657
O=C(O)C[C@@H]1C(=O)O[C@H]2[C@@H]3OC(=O)c4cc(O)c(O)c(O)c4-c4ccccc4C(=O)OC[C@H]2O[C@@H](OC(=O)c2cc(O)c(O)c(O)c2)[C@@H]3OC(=O)c2cc(O)c(O)c3c2[C@H]1[C@H](O)C(=O)O3,1,IC50,6.04,1,CHEMBL4466390
COc1ccc(-c2nn(-c3ccc(S(C)(=O)=O)cc3)cc2/C=C2\SC(=O)NC2=O)cc1,1,IC50,6.06,1,CHEMBL4540611
CC1(C)CC[C@]2(C)CC[C@]3(C)C(=CC(=O)[C@@H]4[C@@]5(C)CC[C@H](O)C(C)(C)[C@@H]5CC[C@]43C)[C@@H]2C1,0,IC50 (>),4.4,1,CHEMBL4462866
CC1(C)[C@@H](O)CC[C@]2(C)[C@H]3CC=C4[C@@H]5C[C@@](C)(CO)CC[C@]5(C)CC[C@@]4(C)[C@]3(C)CC[C@@H]12,0,IC50 (>),4.4,1,CHEMBL4566953
CC1(C)[C@@H](O)CC[C@]2(C)[C@H]3C(=O)C=C4[C@@H]5C[C@@](C)(CO)CC[C@]5(C)CC[C@@]4(C)[C@]3(C)CC[C@@H]12,0,IC50 (>),4.4,1,CHEMBL4561483
CC1(C)[C@@H](O)CC[C@]2(C)[C@H]3C(=O)C=C4[C@@H]5C[C@@](C)(C(=O)O)CC[C@]5(C)CC[C@@]4(C)[C@]3(C)CC[C@@H]12,0,IC50 (>),4.4,1,CHEMBL230006
CC1(C)[C@@H](O)CC[C@]2(C)[C@H]3CC=C4[C@@H]5C[C@@](C)(C(=O)O)CC[C@]5(C)CC[C@@]4(C)[C@]3(C)CC[C@@H]12,0,IC50 (>),4.4,1,CHEMBL487933
CC1(C)CC[C@]2(C(=O)O)CC[C@]3(C)C(=CC[C@@H]4[C@@]5(C)C[C@@H](O)[C@H](O)C(C)(C)[C@@H]5CC[C@]43C)[C@@H]2C1,0,IC50 (>),4.4,1,CHEMBL201515
CC1(C)CC[C@]2(C(=O)O)CC[C@]3(C)C(=CC[C@@H]4[C@@]5(C)C[C@@H](O)[C@H](O)[C@@](C)(CO)[C@@H]5CC[C@]43C)[C@@H]2C1,0,IC50 (>),4.4,1,CHEMBL464466
CC1(C)CC[C@]2(C(=O)O)CC[C@]3(C)C(=CC[C@@H]4[C@@]5(C)C[C@H](O)[C@H](O)[C@@](C)(CO)[C@@H]5CC[C@]43C)[C@@H]2C1,0,IC50 (>),4.4,1,CHEMBL1797308
CC1(C)CC[C@]2(C(=O)O)CC[C@]3(C)C(=CC[C@@H]4[C@@]5(C)C[C@H](O)[C@H](O)[C@@](C)(C(=O)O)[C@@H]5CC[C@]43C)[C@@H]2C1,0,IC50 (>),4.4,1,CHEMBL520726
CC1(C)CC[C@]2(C)CC[C@]3(C)C(=CC[C@@H]4[C@@]5(C)CC[C@@H](O)[C@](C)(C(=O)O)[C@@H]5CC[C@]43C)[C@@H]2C1,0,IC50 (>),4.4,1,CHEMBL395428
CC(=O)O[C@@H]1CC[C@@]2(C)[C@@H](CC[C@]3(C)[C@@H]2CC=C2[C@@H]4CC(C)(C)CC[C@]4(C)CC[C@]23C)[C@@]1(C)C(=O)O,0,IC50 (>),4.4,1,CHEMBL1802044
C[C@H]1[C@H](C)CC[C@]2(C)CC[C@]3(C)C(=CC[C@@H]4[C@@]5(C)CCC(=O)C(C)(C)[C@@H]5CC[C@]43C)[C@H]12,0,IC50 (>),4.4,1,CHEMBL518475
C[C@H]1[C@H](C)CC[C@]2(C(=O)O)CC[C@]3(C)C(=CC[C@@H]4[C@@]5(C)C[C@@H](O)[C@H](O)C(C)(C)[C@@H]5CC[C@]43C)[C@H]12,0,IC50 (>),4.4,1,CHEMBL391533
C[C@H]1[C@H](C)CC[C@]2(C(=O)O)CC[C@]3(C)C(=CC[C@@H]4[C@@]5(C)C[C@@H](O)[C@H](O)[C@@](C)(CO)[C@@H]5CC[C@]43C)[C@H]12,0,IC50 (>),4.4,1,CHEMBL404313
C[C@H]1[C@H](C)CC[C@]2(C)CC[C@]3(C)C(=CC[C@@H]4[C@@]5(C)CC[C@@H](O)[C@](C)(C(=O)O)[C@@H]5CC[C@]43C)[C@H]12,0,IC50 (>),4.4,1,CHEMBL267225
C[C@H]1[C@H](C)CC[C@]2(C)CC[C@]3(C)C(=CC(=O)[C@@H]4[C@@]5(C)CC[C@@H](O)[C@](C)(C(=O)O)[C@@H]5CC[C@]43C)[C@H]12,0,IC50 (>),4.4,1,CHEMBL437964
CC(=O)O[C@@H]1CC[C@@]2(C)[C@@H](CC[C@]3(C)[C@@H]2CC=C2[C@@H]4[C@@H](C)[C@H](C)CC[C@]4(C)CC[C@]23C)[C@@]1(C)C(=O)O,0,IC50 (>),4.4,1,CHEMBL236906
CC(=O)O[C@@H]1CC[C@@]2(C)[C@@H](CC[C@]3(C)[C@@H]2C(=O)C=C2[C@@H]4[C@@H](C)[C@H](C)CC[C@]4(C)CC[C@]23C)[C@@]1(C)C(=O)O,0,IC50 (>),4.4,1,CHEMBL237111
COc1ccc(-c2noc(C)c2-c2ccc(OC)cc2)cc1,1,IC50,6.46,2,CHEMBL4462870
Cc1onc(-c2ccc([N+](=O)[O-])cc2)c1-c1ccc(F)cc1,0,IC50 (>),4.3,1,CHEMBL4513580
COc1ccc(-c2c(-c3ccc(F)cc3)noc2C)cc1,0,IC50 (>),4.3,1,CHEMBL4470970
Cc1onc(-c2ccc(S(C)(=O)=O)cc2)c1-c1ccc(F)cc1,1,IC50,7.16,1,CHEMBL4515876
COc1ccc(-c2c(-c3ccc([N+](=O)[O-])cc3)noc2C)cc1,0,IC50 (>),4.3,1,CHEMBL4557726
COc1ccc(-c2c(-c3ccc(N)cc3)noc2C)cc1,0,IC50 (>),4.3,1,CHEMBL4544804
COc1ccc(-c2c(-c3ccc(F)cc3)noc2CC(=O)O)cc1,0,IC50 (>),4.3,1,CHEMBL4570802
COc1ccc(-c2c(-c3ccc(N)cc3)noc2CC(=O)O)cc1,0,IC50 (>),4.3,1,CHEMBL4465969
COc1ccc(-c2c(-c3ccc(NC(C)=O)cc3)noc2CC(=O)O)cc1,0,IC50 (>),4.3,1,CHEMBL4567742
COc1ccc(-c2noc(CBr)c2-c2ccc(OC)cc2)cc1,1,IC50,6.75,1,CHEMBL4475349
COc1ccc(-c2noc(CF)c2-c2ccc(OC)cc2)cc1,1,IC50,6.52,1,CHEMBL4441970
COc1ccc(-c2noc(CCO)c2-c2ccc(OC)cc2)cc1,1,IC50,6.72,1,CHEMBL4571499
C=Cc1onc(-c2ccc(OC)cc2)c1-c1ccc(OC)cc1,0,IC50 (>),4.3,1,CHEMBL4590829
COc1ccc(-c2noc(N)c2-c2ccc(OC)cc2)cc1,0,IC50 (>),4.3,1,CHEMBL4436511
COc1ccc(-c2c(-c3ccc(F)cc3)noc2N)cc1,0,IC50 (>),4.3,1,CHEMBL4445036
Nc1onc(-c2ccc([N+](=O)[O-])cc2)c1-c1ccc(F)cc1,0,IC50 (>),4.3,1,CHEMBL4449420
CS(=O)(=O)c1ccc(-c2noc(N)c2-c2ccc(F)cc2)cc1,0,IC50 (>),4.3,1,CHEMBL4470659
CS(=O)(=O)c1ccc(-c2nnnn2-c2ccc(CCO)cc2)cc1,0,IC50,4.16,1,CHEMBL4538175
CS(=O)(=O)c1ccc(-c2nnnn2-c2ccc(CO)cc2)cc1,0,IC50 (>),3.3,1,CHEMBL4461324
CS(=O)(=O)c1ccc(-c2nnnn2-c2ccc(O)cc2)cc1,0,IC50 (>),3.52,1,CHEMBL4468689
CS(=O)(=O)c1ccc(Cc2nnnn2-c2ccc(CO)cc2)cc1,0,IC50,4.42,1,CHEMBL4471266
CS(=O)(=O)c1ccc(Cc2nnnn2-c2ccc(O)cc2)cc1,0,IC50 (>),3.7,1,CHEMBL4461039
NS(=O)(=O)c1ccc(-c2nnnn2-c2ccc(CCO)cc2)cc1,0,IC50,4.0,1,CHEMBL4559331
NS(=O)(=O)c1ccc(-c2nnnn2-c2ccc(CO)cc2)cc1,0,IC50,4.62,1,CHEMBL4588254
NS(=O)(=O)c1ccc(-c2nnnn2-c2ccc(O)cc2)cc1,0,IC50 (>),3.3,1,CHEMBL4528204
O=C(O)c1ccccc1Nc1nc(Cl)nc(Nc2ccc(N3CCOCC3=O)cc2)n1,1,IC50,6.0,1,CHEMBL4635384
COC(=O)[C@@H](N)Cc1cn(-c2nc(Cl)nc(Nc3ccc(N4CCOCC4=O)cc3)n2)c2ccccc12,1,IC50,7.52,1,CHEMBL4640817
COC(=O)[C@@H](N)Cc1cn(-c2nc(Cl)nc(N3CCCCC3)n2)c2ccccc12,1,IC50,7.7,1,CHEMBL4640256
N[C@@H](Cc1cn(-c2nc(Cl)nc(N3CCOCC3)n2)c2ccccc12)C(=O)O,1,IC50,7.0,1,CHEMBL4636792
Clc1nc(OCc2cn(Cc3ccccc3)nn2)nc(N2CCOCC2)n1,1,IC50,7.0,1,CHEMBL4640306
COC(=O)[C@H](Cc1ccccc1)n1cc(COc2nc(Cl)nc(N3CCOCC3)n2)nn1,1,IC50,6.7,1,CHEMBL4634582
COC(=O)[C@H](Cc1c[nH]c2ccccc12)n1cc(COc2nc(Cl)nc(N3CCOCC3)n2)nn1,0,IC50 (>),5.0,1,CHEMBL4646570
COC(=O)[C@H](Cc1c[nH]c2ccccc12)n1cc(COc2nc(Cl)nc(N3CCCCC3)n2)nn1,0,IC50 (>),5.0,1,CHEMBL4643613
CSc1nc2ccccc2n1-c1csc(N)n1,1,IC50,6.64,1,CHEMBL4633930
CSc1nc2ccccc2n1-c1csc(NC(=O)c2ccccc2)n1,1,IC50,6.72,1,CHEMBL4633586
CSc1nc2ccccc2n1-c1csc(NC(=O)c2ccc(Cl)cc2)n1,1,IC50,6.68,1,CHEMBL4649049
CSc1nc2ccccc2n1-c1csc(NC(=O)c2ccc(C)cc2)n1,1,IC50,6.58,1,CHEMBL4637840
CSc1nc2ccccc2n1-c1csc(NCC(C)=O)n1,1,IC50,7.16,1,CHEMBL4644150
CSc1nc2ccccc2n1-c1csc(NC/C(C)=N/NC(=S)Nc2ccccc2)n1,1,IC50,7.12,1,CHEMBL4648858
CSc1nc2ccccc2n1-c1csc(NC/C(C)=N/N=c2\scc(-c3ccccc3)n2-c2ccccc2)n1,1,IC50,7.24,1,CHEMBL4639025
CSc1nc2ccccc2n1-c1csc(NC/C(C)=N/N=c2\scc(-c3ccc(Cl)cc3)n2-c2ccccc2)n1,1,IC50,7.35,1,CHEMBL4647794
CSc1nc2ccccc2n1-c1csc(NC/C(C)=N/N=c2\scc(-c3ccc(C)cc3)n2-c2ccccc2)n1,1,IC50,7.27,1,CHEMBL4643407
CSc1nc2ccccc2n1-c1csc(NC/C(C)=N/N=C2\SCC(=O)N2c2ccccc2)n1,1,IC50,7.17,1,CHEMBL4642268
CSc1nc2ccccc2n1-c1csc(NCC(=O)c2ccc(Cl)cc2)n1,1,IC50,6.85,1,CHEMBL4640385
CSc1nc2ccccc2n1-c1csc(=N)n1CC(=O)c1ccccc1,1,IC50,6.75,1,CHEMBL4637009
CSc1nc2ccccc2n1-c1csc2nc(-c3ccccc3)cn12,1,IC50,6.66,1,CHEMBL4634111
CSc1nc2ccccc2n1Cc1nnc2n1N=C(c1ccc(C)cc1)CS2,1,IC50,6.6,1,CHEMBL4641800
O=C1N/C(=N\c2nnc(-c3ccc(O)cc3)s2)S/C1=C\c1ccc(Cl)c(Cl)c1,1,IC50,7.16,1,CHEMBL4639368
Clc1ccc(-c2nnc(Cn3c(CN4CCCCC4)nc4ccccc43)o2)cc1,1,IC50,7.22,1,CHEMBL4635616
Fc1ccccc1-c1nnc(Cn2c(CN3CCCCC3)nc3ccccc32)o1,1,IC50,7.22,1,CHEMBL4641524
Fc1ccc(-c2nnc(Cn3c(CN4CCCCC4)nc4ccccc43)o2)cc1,1,IC50,7.22,1,CHEMBL4648342
O=[N+]([O-])c1ccc(-c2nnc(Cn3c(CN4CCCCC4)nc4ccccc43)o2)cc1,1,IC50,7.22,1,CHEMBL4635572
COc1ccc2c(c1)c(CCNC(C)=O)cn2C(=O)c1ccc(Cl)cc1,0,IC50 (>),4.22,1,CHEMBL4742775
NS(=O)(=O)c1ccc(-n2nc(C(=O)O)cc2-c2ccc(Cl)s2)cc1,1,IC50,6.4,1,CHEMBL4747094
NS(=O)(=O)c1ccc(-n2nc(C(=O)O)cc2-c2cc3ccccc3s2)cc1,1,IC50,8.0,1,CHEMBL4785934
Cn1nc(C(F)(F)F)cc1-c1ccn(C(F)F)c(=O)c1,1,IC50,6.16,1,CHEMBL4749298
O=C(NCCc1c[nH]c2ccccc12)c1cc2ccccc2cc1O,0,IC50,4.41,1,CHEMBL4749004
Cc1ccc(C(=O)NCCc2c[nH]c3ccccc23)c(O)c1,0,IC50,4.78,1,CHEMBL4540796
Cc1ccc2[nH]cc(CCNC(=O)c3ccccc3O)c2c1,0,IC50 (>),4.4,1,CHEMBL4532831
O=C(NCCc1c[nH]c2ccccc12)c1cc(Cl)ccc1O,0,IC50 (>),4.4,1,CHEMBL4470526
CNc1ccccc1C(=O)NCCc1c[nH]c2ccccc12,0,IC50 (>),4.4,1,CHEMBL4785042
O=C(NCCc1c[nH]c2ccccc12)c1ccc(O)cc1O,0,IC50 (>),4.4,1,CHEMBL4743827
Cc1ccc2[nH]cc(CCNC(=O)c3ccccc3Nc3ccccc3)c2c1,0,IC50,4.57,1,CHEMBL4749908
Cc1ccc(O)c(C(=O)NCCc2c[nH]c3ccccc23)c1,0,IC50 (>),4.4,1,CHEMBL4762525
O=C(NCCc1c[nH]c2ccccc12)c1ccc(F)cc1O,0,IC50 (>),4.4,1,CHEMBL4794283
O=C(NCCc1c[nH]c2ccccc12)c1ccccc1Nc1ccccc1,1,IC50,6.33,1,CHEMBL4757667
COc1ccc2[nH]cc(CCNC(=O)c3ccccc3Nc3ccccc3)c2c1,0,IC50,4.41,1,CHEMBL4740522
O=C(NCCc1c[nH]c2ccc(O)cc12)c1ccccc1Nc1ccccc1,1,IC50,6.42,1,CHEMBL4789910
O=C(O)c1ccccc1O,0,IC50 (>),4.4,1,CHEMBL424
CCCCCc1cc(O)cc(O)c1,0,IC50,4.76,1,CHEMBL154533
CCCCCCCCCCCC1=CC(=O)C=C(OC)C1=O,1,IC50,6.24,1,CHEMBL469433
CCCCCCCCCCCCCC1=CC(=O)C=C(OC)C1=O,1,IC50,6.06,1,CHEMBL4463619
CCCCCCCCCCCc1cc(O)cc(OC)c1O,1,IC50,6.26,1,CHEMBL4761227
CCCCCc1cc(O)cc(OC)c1,0,IC50,4.8,1,CHEMBL503824
COc1ccc(-c2noc(CC(=O)NCCNC(=O)Cc3onc(-c4ccc(OC)cc4)c3-c3ccc(OC)cc3)c2-c2ccc(OC)cc2)cc1,1,IC50,6.92,1,CHEMBL4740788
COc1ccc(-c2noc(CC(=O)NCCCCNC(=O)Cc3onc(-c4ccc(OC)cc4)c3-c3ccc(OC)cc3)c2-c2ccc(OC)cc2)cc1,0,IC50 (>),4.3,1,CHEMBL4749219
COc1ccc(-c2noc(CC(=O)NCCCCCCNC(=O)Cc3onc(-c4ccc(OC)cc4)c3-c3ccc(OC)cc3)c2-c2ccc(OC)cc2)cc1,0,IC50 (>),4.3,1,CHEMBL4788569
COc1ccc(-c2noc(CC(=O)NCCCCCCCCCCCCNC(=O)Cc3onc(-c4ccc(OC)cc4)c3-c3ccc(OC)cc3)c2-c2ccc(OC)cc2)cc1,0,IC50 (>),4.3,1,CHEMBL4744394
COc1ccc(-c2noc(CC(=O)Nc3ccc(NC(=O)Cc4onc(-c5ccc(OC)cc5)c4-c4ccc(OC)cc4)cc3)c2-c2ccc(OC)cc2)cc1,0,IC50 (>),4.3,1,CHEMBL4791495
COc1ccc(-c2noc(CC(=O)NCc3ccc(CNC(=O)Cc4onc(-c5ccc(OC)cc5)c4-c4ccc(OC)cc4)cc3)c2-c2ccc(OC)cc2)cc1,0,IC50 (>),4.3,1,CHEMBL4799478
COc1ccc(-c2noc(CC(=O)Nc3ccc(-c4ccc(NC(=O)Cc5onc(-c6ccc(OC)cc6)c5-c5ccc(OC)cc5)cc4)cc3)c2-c2ccc(OC)cc2)cc1,0,IC50 (>),4.3,1,CHEMBL4760140
CCCCC/C=C\C/C=C\C/C=C\C/C=C\CCCC(=O)NCCCCNC(=O)Cc1onc(-c2ccc(OC)cc2)c1-c1ccc(OC)cc1,1,IC50,6.1,1,CHEMBL4794474
COc1ccc(-c2noc(CC(=O)Nc3ccc(N)cc3)c2-c2ccc(OC)cc2)cc1,1,IC50,6.3,1,CHEMBL4758894
CCCCC/C=C\C/C=C\C/C=C\C/C=C\CCCC(=O)Nc1ccc(NC(=O)Cc2onc(-c3ccc(OC)cc3)c2-c2ccc(OC)cc2)cc1,0,IC50 (>),4.3,1,CHEMBL4746714
COc1ccc(-c2noc(CC(=O)Nc3ccc(-c4ccc(N)cc4)cc3)c2-c2ccc(OC)cc2)cc1,1,IC50,6.52,1,CHEMBL4759732
CCCCC/C=C\C/C=C\C/C=C\C/C=C\CCCC(=O)Nc1ccc(-c2ccc(NC(=O)Cc3onc(-c4ccc(OC)cc4)c3-c3ccc(OC)cc3)cc2)cc1,1,IC50,7.05,1,CHEMBL4789403
Cc1ccc(Nc2nc(/C=C/c3ccccc3)nc3ccccc23)cc1,0,IC50,4.37,1,CHEMBL4789884
COc1ccc(Nc2nc(/C=C/c3ccccc3)nc3ccccc23)cc1,0,IC50,4.43,1,CHEMBL4792690
Nc1ccc(Oc2nc(/C=C/c3ccccc3)nc3ccccc23)cc1,0,IC50 (>),4.3,1,CHEMBL4787114
COc1ccc(CNc2nc(Cl)nc3cc(-c4cccs4)ccc23)cc1,0,IC50 (>),4.3,1,CHEMBL4751020
Fc1ccc(CNc2nc(Cl)nc3cc(-c4cccs4)ccc23)cc1F,0,IC50 (>),4.3,1,CHEMBL4763348
Fc1ccc(CNc2nc(N3CCOCC3)nc3cc(-c4cccs4)ccc23)cc1F,0,IC50 (>),4.3,1,CHEMBL4795293
Cc1ccc(Nc2nc(/C=C/c3ccccc3)nc3cc(Br)ccc23)cc1,0,IC50 (>),4.3,1,CHEMBL4760459
Fc1ccc(Nc2nc(/C=C/c3ccccc3)nc3cc(Br)ccc23)cc1F,0,IC50 (>),4.3,1,CHEMBL4753324
Cc1ccc(Nc2nc(/C=C/c3ccccc3)nc3cc(-c4cccs4)ccc23)cc1,0,IC50 (>),4.3,1,CHEMBL4796831
Fc1ccc(CNc2nc(/C=C/c3ccccc3)nc3cc(-c4cccs4)ccc23)cc1F,0,IC50 (>),4.3,1,CHEMBL4755060
COc1ccc(C2=C(c3cccc(F)c3)C(=O)OC2)cc1,0,IC50 (>),4.6,1,CHEMBL3357103
Nc1cc(-c2ccco2)nn1-c1ccccc1,0,IC50 (>),4.0,1,CHEMBL4757602
Nc1cc(-c2ccco2)nn1-c1ccc(F)cc1,0,IC50 (>),4.0,1,CHEMBL4745938
Nc1cc(-c2ccco2)nn1-c1ccc(Cl)cc1,0,IC50 (>),4.0,1,CHEMBL4761793
COc1ccc(-n2nc(-c3ccco3)cc2N)cc1,0,IC50,4.51,1,CHEMBL4755592
CC(C)c1ccc(-n2nc(-c3ccco3)cc2N)cc1,0,IC50 (>),4.0,1,CHEMBL4788232
Nc1cc(-c2ccco2)nn1-c1ccc(C(=O)O)cc1,0,IC50 (>),4.0,1,CHEMBL4800072
COC(=O)c1ccc(-n2nc(-c3ccco3)cc2N)cc1,0,IC50 (>),4.0,1,CHEMBL4784073
[N-]=[N+]=Nc1cc(-c2ccco2)nn1-c1ccc(C(=O)O)cc1,0,IC50 (>),4.0,1,CHEMBL4797035
O=C(O)c1ccc(-n2nc(-c3ccco3)cc2-n2cc(CNc3ccc([N+](=O)[O-])c4nonc34)nn2)cc1,0,IC50 (>),4.0,1,CHEMBL4758829
CC1N(C(=O)Nc2ccccn2)C(=O)c2ccccc2S1(=O)=O,0,IC50,4.12,1,CHEMBL4787953
CC1N(C(=O)Nc2cccc(Cl)c2)C(=O)c2ccccc2S1(=O)=O,0,IC50,4.0,1,CHEMBL4778555
COC(=O)CC1N(C(=O)Nc2nc(C)cs2)C(=O)c2ccccc2S1(=O)=O,0,IC50,4.72,1,CHEMBL4740435
Fc1cccc(COc2nc3ccccc3s2)c1,1,IC50,6.55,1,CHEMBL4750050
Fc1ccc(COc2nc3ccccc3s2)cc1,1,IC50,6.43,1,CHEMBL4744314
Clc1ccc(COc2nc3ccccc3s2)cc1,1,IC50,6.11,1,CHEMBL4758065
Brc1ccc(OCCOc2nc3ccccc3s2)cc1,1,IC50,6.3,1,CHEMBL4800449
Clc1ccc(OCCOc2nc3ccccc3s2)c(Cl)c1,1,IC50,6.39,1,CHEMBL4757345
Brc1ccc(OCCOc2nc3ccccc3s2)c(Br)c1,1,IC50,6.44,1,CHEMBL4793035
CS(=O)(=O)c1ccc(-c2csc(N/N=C/c3cccc(O)c3)n2)cc1,1,IC50,6.85,1,CHEMBL4754406
CS(=O)(=O)c1ccc(-c2csc(N/N=C/c3ccc(O)cc3)n2)cc1,0,IC50 (>),4.0,1,CHEMBL4780636
COc1ccccc1/C=N/Nc1nc(-c2ccc(S(C)(=O)=O)cc2)cs1,0,IC50 (>),4.0,1,CHEMBL4785750
CS(=O)(=O)c1ccc(-c2csc(N/N=C/c3ccc(O)cc3O)n2)cc1,0,IC50 (>),4.0,1,CHEMBL4745350
COc1ccc(O)c(/C=N/Nc2nc(-c3ccc(S(C)(=O)=O)cc3)cs2)c1,1,IC50,6.67,1,CHEMBL4790377
COc1ccc(/C=N/Nc2nc(-c3ccc(S(C)(=O)=O)cc3)cs2)cc1O,1,IC50,6.76,1,CHEMBL4763059
COc1cccc(/C=N/Nc2nc(-c3ccc(S(C)(=O)=O)cc3)cs2)c1OC,1,IC50,6.74,1,CHEMBL4790676
COc1ccc(/C=N/Nc2nc(-c3ccc(S(C)(=O)=O)cc3)cs2)c(OC)c1,0,IC50 (>),4.0,1,CHEMBL4797164
COc1ccc(OC)c(/C=N/Nc2nc(-c3ccc(S(C)(=O)=O)cc3)cs2)c1,1,IC50,6.62,1,CHEMBL4761194
COc1ccc(/C=N/Nc2nc(-c3ccc(S(C)(=O)=O)cc3)cs2)cc1OC,1,IC50,6.71,1,CHEMBL4780951
COc1cc(/C=N/Nc2nc(-c3ccc(S(C)(=O)=O)cc3)cs2)cc(OC)c1O,0,IC50 (>),4.0,1,CHEMBL4758387
COc1cc(/C=N/Nc2nc(-c3ccc(S(C)(=O)=O)cc3)cs2)cc(OC)c1OC,0,IC50 (>),4.0,1,CHEMBL4781090
C/C(=N\Nc1nc(-c2ccc(Cl)cc2)cs1)c1nnn(-c2ccc(C(=O)O)cc2)c1C,1,IC50,7.16,1,CHEMBL4797489
C/C(=N\Nc1nc(-c2ccc(Cl)cc2)cs1)c1nnn(-c2ccc(S(N)(=O)=O)cc2)c1C,1,IC50,7.4,1,CHEMBL4780406
C/C(=N\Nc1nc(-c2ccc(Cl)cc2)cs1)c1nnn(-c2ccc(S(=O)(=O)Nc3nccs3)cc2)c1C,1,IC50,7.4,1,CHEMBL4794089
Cc1c(-c2nn(-c3ccccc3)cc2/C=N/O)nnn1-c1ccc(Cl)cc1,1,IC50,7.3,1,CHEMBL4786489
Cc1c(-c2nn(-c3ccccc3)cc2/C=N/O)nnn1-c1ccc(F)cc1,1,IC50,7.3,1,CHEMBL4798519
Cc1c(-c2nn(-c3ccccc3)cc2/C=N/O)nnn1-c1ccc(C(=O)O)cc1,1,IC50,7.4,1,CHEMBL4781301
Cc1c(-c2nn(-c3ccccc3)cc2/C=N/O)nnn1-c1ccc(S(N)(=O)=O)cc1,1,IC50,7.4,1,CHEMBL4788698
C/C(=N\Nc1nc(-c2ccc(Cl)cc2)cs1)c1nnn(-c2ccc(F)cc2)c1C,1,IC50,7.3,1,CHEMBL4783879
CC(=O)c1nnn(-c2ccc(Cl)cc2)c1C,1,IC50,6.92,1,CHEMBL4797170
CC(=O)c1nnn(-c2ccc(F)cc2)c1C,1,IC50,6.64,1,CHEMBL4784956
CC(=O)c1nnn(-c2ccc(C(=O)O)cc2)c1C,1,IC50,6.38,1,CHEMBL4781068
C/C(=N\NC(N)=O)c1nnn(-c2ccc(Cl)cc2)c1C,1,IC50,6.5,1,CHEMBL4781926
C/C(=N\NC(N)=O)c1nnn(-c2ccc(F)cc2)c1C,1,IC50,6.57,1,CHEMBL4786548
C/C(=N\NC(N)=O)c1nnn(-c2ccc(C(=O)O)cc2)c1C,1,IC50,6.54,1,CHEMBL4779635
C/C(=N\NC(N)=S)c1nnn(-c2ccc(Cl)cc2)c1C,1,IC50,6.62,1,CHEMBL4794203
CC(=O)c1nnn(-c2ccc(S(N)(=O)=O)cc2)c1C,1,IC50,6.96,1,CHEMBL4786755
CC(=O)c1nnn(-c2ccc(S(=O)(=O)Nc3nccs3)cc2)c1C,1,IC50,6.54,1,CHEMBL4786875
C/C(=N\NC(N)=O)c1nnn(-c2ccc(S(N)(=O)=O)cc2)c1C,1,IC50,6.38,1,CHEMBL4795119
C/C(=N\NC(N)=O)c1nnn(-c2ccc(S(=O)(=O)Nc3nccs3)cc2)c1C,1,IC50,6.47,1,CHEMBL4792442
C/C(=N\NC(N)=S)c1nnn(-c2ccc(F)cc2)c1C,1,IC50,7.16,1,CHEMBL4790291
C/C(=N\NC(N)=S)c1nnn(-c2ccc(C(=O)O)cc2)c1C,1,IC50,7.3,1,CHEMBL4792785
C/C(=N\NC(N)=S)c1nnn(-c2ccc(S(N)(=O)=O)cc2)c1C,1,IC50,7.3,1,CHEMBL4791577
C/C(=N\NC(N)=S)c1nnn(-c2ccc(S(=O)(=O)Nc3nccs3)cc2)c1C,1,IC50,7.3,1,CHEMBL4779437
C/C(=N\Nc1nc(-c2ccc(Cl)cc2)cs1)c1nnn(-c2ccc(Cl)cc2)c1C,1,IC50,7.22,1,CHEMBL4788147
CCc1cnc(OCC(C)(C)O)c(-c2ccc(S(C)(=O)=O)cc2)c1,1,IC50,6.02,1,CHEMBL4848190
CC(C)(O)COc1ncc(CO)cc1-c1ccc(S(C)(=O)=O)cc1,0,IC50 (>),4.3,2,CHEMBL4864897
COc1nc(OCC(C)(C)O)c(-c2ccc(S(C)(=O)=O)cc2)cc1CO,0,IC50,4.77,2,CHEMBL4866509
CC(C)Oc1nc(OCC(C)(C)O)c(-c2ccc(S(C)(=O)=O)cc2)cc1CO,0,IC50 (>),4.3,1,CHEMBL4848265
CCCCOc1nc(OCC(C)(C)O)c(-c2ccc(S(C)(=O)=O)cc2)cc1CO,1,Ki,7.92,3,CHEMBL4865464
CCCCOc1nc(OCC(C)(C)O)c(-c2ccc(S(C)(=O)=O)cc2)cc1COCCO,1,IC50,6.27,1,CHEMBL4877517
CCCCOc1nc(-c2ccc(F)cc2)c(-c2ccc(S(C)(=O)=O)cc2)cc1CO,1,IC50,7.31,1,CHEMBL4867038
CCCCOc1nc(OCC2COC2)c(-c2ccc(S(C)(=O)=O)cc2)cc1CO,1,IC50,7.44,1,CHEMBL4851236
CCCCOc1nc(OCC2(C)COC2)c(-c2ccc(S(C)(=O)=O)cc2)cc1CO,1,IC50,6.68,1,CHEMBL4873184
CCCCOc1nc(OCC2(O)CCC2)c(-c2ccc(S(C)(=O)=O)cc2)cc1CO,1,Ki,8.52,3,CHEMBL4870569
CC(C)(O)COc1nc(OCCC(F)(F)F)c(CO)cc1-c1ccc(S(C)(=O)=O)cc1,1,Ki,7.5,3,CHEMBL4868446
CC(C)(O)COc1nc(OCCCC(F)(F)F)c(CO)cc1-c1ccc(S(C)(=O)=O)cc1,1,Ki,7.92,3,CHEMBL4859571
CCCCOc1nc(OCC(C)(C)O)c(-c2ccc(S(N)(=O)=O)cn2)cc1CO,1,Ki,7.72,3,CHEMBL4857474
CCCOc1nc(OCC(C)(C)O)c(-c2ccc(S(C)(=O)=O)cc2)cc1CO,1,Ki,6.94,2,CHEMBL4862802
COCCOc1nc(OCC(C)(C)O)c(-c2ccc(S(C)(=O)=O)cc2)cc1CO,0,IC50,4.74,1,CHEMBL4867405
CCCCOc1nc(OCC(C)(C)O)c(-c2ccc(S(C)(=O)=O)cc2)cc1C(=O)O,0,IC50 (>),4.3,1,CHEMBL4846538
Cc1ccc(-c2cc(C)n(S(=O)(=O)Oc3ccccc3)n2)cc1,1,IC50,8.96,1,CHEMBL4851853
Cc1ccc(-c2cc(C)n(S(=O)(=O)Oc3ccc(I)cc3)n2)cc1,1,IC50,8.04,1,CHEMBL4871081
Cc1ccc(-c2cc(C)n(S(=O)(=O)Oc3ccccc3I)n2)cc1,1,IC50,7.04,1,CHEMBL4869842
Cc1ccc(-c2cc(C)n(S(=O)(=O)Oc3ccccc3Cl)n2)cc1,1,IC50,6.28,1,CHEMBL4852569
Cc1cc(-c2ccc(F)cc2)nn1S(=O)(=O)Oc1ccccc1,0,IC50 (>),5.0,1,CHEMBL4873966
Cc1cc(-c2ccc(Br)cc2)nn1S(=O)(=O)Oc1ccccc1,1,IC50,6.7,1,CHEMBL4859662
Cc1ccccc1-c1cc(C)n(S(=O)(=O)Oc2ccccc2)n1,0,IC50,4.95,1,CHEMBL4857562
Cc1cc(-c2cccc(Cl)c2)nn1S(=O)(=O)Oc1ccccc1,1,IC50,6.96,1,CHEMBL4871538
Cc1cc(-c2ccccc2)nn1S(=O)(=O)Oc1ccccc1C(F)(F)F,0,IC50 (>),4.0,1,CHEMBL4868049
Cc1cc(-c2ccccn2)nn1S(=O)(=O)Oc1ccccc1,1,IC50,7.0,1,CHEMBL4873961
Cc1cc(-c2ccccn2)nn1S(=O)(=O)Oc1ccc(Cl)cc1,1,IC50,8.24,1,CHEMBL4858751
Cc1cc(-c2ccco2)nn1S(=O)(=O)Oc1ccccc1,1,IC50,7.51,1,CHEMBL4860909
CC(C)Oc1ccc2nc(O)c(/C=N/n3c(=S)[nH]nc(Cc4ccccc4)c3=O)cc2c1,1,IC50,6.5,1,CHEMBL4862415
Cc1ccc2nc(O)c(/C=N/n3c(=S)[nH]nc(Cc4ccccc4)c3=O)cc2c1,1,IC50,6.55,1,CHEMBL4857790
COc1ccc2cc(/C=N/n3c(=S)[nH]nc(Cc4ccccc4)c3=O)c(O)nc2c1,1,IC50,7.14,1,CHEMBL4853361
O=c1c(Cc2ccccc2)n[nH]c(=S)n1/N=C/c1cc2ccccc2nc1O,1,IC50,7.27,1,CHEMBL4847404
O=c1c(Cc2ccccc2)n[nH]c(=S)n1/N=C/c1cc2cc(OCc3ccccc3)ccc2nc1O,1,IC50,7.33,1,CHEMBL4867950
COc1ccc2nc(O)c(/C=N/n3c(=S)[nH]nc(Cc4ccccc4)c3=O)cc2c1,1,IC50,7.17,1,CHEMBL4861765
COc1cc(Cc2n[nH]c(=S)n(/N=C/c3cc4ccc(OCc5ccccc5)cc4nc3Cl)c2=O)cc(OC)c1OC,1,IC50,6.92,1,CHEMBL4852008
COc1cc(Cc2n[nH]c(=S)n(/N=C/c3cc4cccc(C)c4nc3Cl)c2=O)cc(OC)c1OC,1,IC50,6.8,1,CHEMBL4876637
COc1cc(Cc2n[nH]c(=S)n(/N=C/c3cc4cc(C)ccc4nc3O)c2=O)cc(OC)c1OC,1,IC50,7.19,1,CHEMBL4872636
COc1ccc2cc(/C=N/n3c(=S)[nH]nc(Cc4cc(OC)c(OC)c(OC)c4)c3=O)c(O)nc2c1,1,IC50,7.01,1,CHEMBL4869763
COc1ccc2nc(O)c(/C=N/n3c(=S)[nH]nc(Cc4cc(OC)c(OC)c(OC)c4)c3=O)cc2c1,1,IC50,7.22,1,CHEMBL4856646
COc1cc(Cc2n[nH]c(=S)n(/N=C/c3cc4cc(C)ccc4nc3O)c2=O)ccc1O,1,IC50,7.07,1,CHEMBL4876862
Cc1ccc2nc(O)c(/C=N/n3c(=S)[nH]nc(Cc4cccs4)c3=O)cc2c1,1,IC50,6.96,1,CHEMBL4862389
O=c1c(Cc2cccs2)n[nH]c(=S)n1/N=C/c1cc2ccccc2nc1O,1,IC50,7.1,1,CHEMBL4876293
COc1ccc2ccc(F)c(CC(=O)N/N=C/c3ccc(C(F)(F)F)cc3)c2n1,1,IC50,6.89,2,CHEMBL4848882
COc1ccc(/C=C\C(=O)c2cc(-n3cc(CN4C(=O)C(=O)c5ccccc54)nn3)ccc2O)cc1,1,IC50,7.43,1,CHEMBL4871207
O=C1N/C(=N\c2nnc(-c3ccc(O)cc3)s2)S/C1=C\c1ccccc1,1,IC50,7.16,2,CHEMBL4856727
FC(F)(F)c1ccc(CSc2nccn2-c2ccccc2)cc1,0,IC50 (>),4.0,1,CHEMBL1390514
Brc1ccc(CSc2nccn2-c2ccccc2)cc1,0,IC50 (>),4.0,1,CHEMBL1520238
CCc1ccc(CSc2nccn2-c2ccccc2)cc1,0,IC50 (>),4.0,1,CHEMBL1352020
O=C(NCCc1c[nH]c2ccccc12)c1ccccc1Nc1ccccc1I,0,IC50 (>),4.4,1,CHEMBL4845806
Cc1ccccc1Nc1ccccc1C(=O)NCCc1c[nH]c2ccccc12,0,IC50 (>),4.4,1,CHEMBL4863487
O=C(NCCc1c[nH]c2ccccc12)c1ccccc1Nc1cccc(F)c1,0,IC50 (>),4.4,1,CHEMBL4872034
O=C(NCCc1c[nH]c2ccccc12)c1ccccc1Nc1cccc(Cl)c1,0,IC50 (>),4.4,1,CHEMBL4873048
O=C(NCCc1c[nH]c2ccccc12)c1ccccc1Nc1cccc(Br)c1,0,IC50 (>),4.4,1,CHEMBL4859331
Cc1cccc(Nc2ccccc2C(=O)NCCc2c[nH]c3ccccc23)c1,0,IC50,4.51,1,CHEMBL4868061
O=C(NCCc1c[nH]c2ccccc12)c1ccccc1Nc1ccc(C(F)(F)F)cc1,0,IC50 (>),4.4,1,CHEMBL4873475
O=C(NCCc1c[nH]c2ccccc12)c1ccccc1Nc1ccccc1Cl,0,IC50 (>),4.4,1,CHEMBL4878265
O=C(NCCc1c[nH]c2ccccc12)c1ccccc1Nc1ccccc1Br,0,IC50 (>),4.4,1,CHEMBL4868926
CCCCc1ccc(Nc2ccccc2C(=O)NCCc2c[nH]c3ccccc23)cc1,0,IC50 (>),4.4,1,CHEMBL4869963
O=C(NCCc1c[nH]c2ccccc12)c1ccccc1Nc1cccnc1,0,IC50,4.63,1,CHEMBL4871719
Cc1ccc(Nc2ccccc2C(=O)NCCc2c[nH]c3ccccc23)cn1,0,IC50,4.71,1,CHEMBL4873372
Cc1cncc(Nc2ccccc2C(=O)NCCc2c[nH]c3ccccc23)c1,0,IC50,4.75,1,CHEMBL4867315
O=C(NCCc1c[nH]c2ccccc12)c1ccccc1Nc1cncc(Br)c1,0,IC50 (>),4.4,1,CHEMBL4876947
O=C(NCCc1c[nH]c2ccccc12)c1ccccc1Nc1ccc2nccnc2c1,0,IC50 (>),4.4,1,CHEMBL4849413
O=C(NCCc1c[nH]c2ccccc12)c1ccccc1Nc1cccc2cccnc12,0,IC50 (>),4.4,1,CHEMBL4870953
Cc1nc2oc(-c3ccccc3)nn2c(=O)c1CCN1CCCCC1,1,IC50,7.0,1,CHEMBL4876413
COc1ccc(N2CCN(CCc3c(C)nc4oc(-c5ccccc5)nn4c3=O)CC2)cc1,1,IC50,8.15,1,CHEMBL4849659
Cc1nc2oc(-c3ccc(Cl)cc3)nn2c(=O)c1CCN1CCN(c2ccccc2)CC1,1,IC50,7.4,1,CHEMBL4878422
COc1ccc(N2CCN(CCc3c(C)nc4oc(-c5ccc(Cl)cc5)nn4c3=O)CC2)cc1,1,IC50,7.82,1,CHEMBL4874336
CCOC(=O)Cn1nncc1CO[C@@H](C(=O)OCC)[C@@H](OCc1cnnn1CC(=O)OCC)C(=O)OCC,1,IC50,7.0,1,CHEMBL5079967
CCOC(=O)[C@H](OCc1cnnn1[C@@H](CO)C(=O)OC)[C@@H](OCc1cnnn1[C@@H](CO)C(=O)OC)C(=O)OCC,1,IC50,6.4,1,CHEMBL5089124
CCOC(=O)[C@H](OCc1cnnn1[C@@H](Cc1ccc(O)cc1)C(=O)OC)[C@@H](OCc1cnnn1[C@@H](Cc1ccc(O)cc1)C(=O)OC)C(=O)OCC,1,IC50,6.16,1,CHEMBL5082428
CCOC(=O)[C@H](OCc1cnnn1[C@H](Cc1ccc(O)cc1)C(=O)OC)[C@@H](OCc1cnnn1[C@@H](Cc1ccc(O)cc1)C(=O)OC)C(=O)OCC,1,IC50,6.16,1,CHEMBL5075348
CCOC(=O)[C@H](OCc1cnnn1[C@@H](Cc1c[nH]c2ccccc12)C(=O)OC)[C@@H](OCc1cnnn1[C@@H](Cc1c[nH]c2ccccc12)C(=O)OC)C(=O)OCC,1,IC50,6.3,1,CHEMBL5084816
CCOC(=O)Cn1nncc1CO[C@@H](C(=O)OCC)[C@@H](O)C(=O)OCC,0,IC50,4.26,1,CHEMBL5091817
CCOC(=O)[C@H](O)[C@@H](OCc1cnnn1[C@@H](CO)C(=O)OC)C(=O)OCC,0,IC50,4.4,1,CHEMBL5094855
CCOC(=O)[C@H](O)[C@@H](OCc1cnnn1[C@@H](Cc1ccc(O)cc1)C(=O)OC)C(=O)OCC,0,IC50,4.46,1,CHEMBL5084005
CCOC(=O)[C@H](O)[C@@H](OCc1cnnn1[C@@H](Cc1ccccc1)C(=O)OC)C(=O)OCC,0,IC50,4.5,1,CHEMBL5080730
O=C(O)Cn1nncc1CO[C@@H](C(=O)O)[C@@H](OCc1cnnn1CC(=O)O)C(=O)O,1,IC50,8.4,1,CHEMBL5077595
O=C(O)[C@H](OCc1cnnn1[C@@H](Cc1ccccc1)C(=O)O)[C@@H](OCc1cnnn1[C@@H](Cc1ccccc1)C(=O)O)C(=O)O,1,IC50,6.0,1,CHEMBL5075246
CCOC(=O)Cn1nncc1COc1ccc2ccccc2c1-c1c(OCc2cnnn2CC(=O)OCC)ccc2ccccc12,0,IC50,4.64,1,CHEMBL5075058
COC(=O)[C@H](CO)n1nncc1COc1ccc2ccccc2c1-c1c(OCc2cnnn2[C@@H](CO)C(=O)OC)ccc2ccccc12,0,IC50,4.52,1,CHEMBL5090304
COC(=O)[C@H](Cc1ccccc1)n1nncc1COc1ccc2ccccc2c1-c1c(OCc2cnnn2[C@@H](Cc2ccccc2)C(=O)OC)ccc2ccccc12,0,IC50,4.27,1,CHEMBL5081272
Cc1ccc(S(=O)(=O)n2cc(C(=O)C(=O)N[C@H](C(=O)NCC(=O)O)c3c[nH]c4ccccc34)c3ccccc32)cc1,1,IC50,6.27,1,CHEMBL5083953
O=C1NC(=O)C(=Cc2cn(C[C@H](O)COc3cc(O)c4c(=O)cc(-c5ccccc5)oc4c3)c3ccccc23)C(=O)N1,1,IC50,9.0,1,CHEMBL5089355
COc1cc(-c2cc(C(=O)CCCOc3ccc4ccc(=O)oc4c3)nn2-c2ccccc2)cc(OC)c1OC,1,IC50,6.64,1,CHEMBL5085564
COc1ccc(NC(=O)c2ccccc2Nc2ccccc2)cc1,0,IC50 (>),3.82,1,CHEMBL5078677
COc1ccc(CNC(=O)c2ccccc2Nc2ccccc2)cc1,0,IC50,4.76,1,CHEMBL5093769
COc1ccc(CCNC(=O)c2ccccc2Nc2ccccc2)cc1,0,IC50 (>),3.82,1,CHEMBL5085349
COc1ccc(CCCNC(=O)c2ccccc2Nc2ccccc2)cc1,0,IC50 (>),3.82,1,CHEMBL5078291
COc1ccc(NC(=O)c2ccccc2Nc2cccc(Cl)c2C)cc1,0,IC50,4.47,1,CHEMBL5087462
COc1ccc(NC(=O)c2ccccc2Nc2cccc(C)c2C)cc1,0,IC50 (>),3.82,1,CHEMBL5082822
COc1ccc(NC(=O)c2ccccc2Nc2cccc(C(F)(F)F)c2)cc1,0,IC50 (>),3.82,1,CHEMBL5076562
COc1ccc(NC(=O)c2cccnc2Nc2cccc(Cl)c2C)cc1,0,IC50 (>),3.82,1,CHEMBL5081898
COc1ccc(NC(=O)c2ccccc2Nc2cccc(Cl)c2)cc1,0,IC50 (>),3.82,1,CHEMBL5074784
COc1ccc(NC(=O)c2ncccc2Nc2cccc(C(F)(F)F)c2)cc1,0,IC50 (>),3.82,1,CHEMBL5088859
COc1ccc(NC(=O)c2ccccc2NCc2ccccc2)cc1,0,IC50 (>),3.82,1,CHEMBL5094539
COc1ccc(NC(=O)c2ccccc2Nc2cccc(C)c2C)cc1OC,0,IC50,4.32,1,CHEMBL5094564
COc1ccc(NC(=O)c2ccccc2Nc2cccc(Cl)c2C)cc1OC,0,IC50,4.03,1,CHEMBL5080484
Cc1c(Cl)cccc1Nc1ccccc1C(=O)Nc1ccc2c(c1)OCO2,0,IC50,4.35,1,CHEMBL5092199
CSc1ccc(NC(=O)c2ccccc2Nc2cccc(C(F)(F)F)c2)cc1,0,IC50 (>),3.82,1,CHEMBL5079590
COc1cc(NC(=O)c2ccccc2Nc2cccc(C(F)(F)F)c2)cc(OC)c1OC,0,IC50 (>),3.82,1,CHEMBL5094553
COc1ccc(NC(=O)c2ccccc2Nc2cccc(C(F)(F)F)c2)cc1OC,0,IC50 (>),3.82,1,CHEMBL5090568
c1ccc(-c2cc(-c3ccccc3)c3ncccc3n2)cc1,0,IC50 (>),3.82,1,CHEMBL4172542
Cc1c(Cl)cccc1Nc1ccccc1C(=O)O,1,IC50,6.06,1,CHEMBL121626
Cc1cn([C@H](C)CC#N)c(=O)c2cc(Cn3nc(C(F)F)cc3Cl)nn12,0,IC50 (>),5.0,1,CHEMBL5092058
COc1ccc(/C=C/C(=O)c2cc(-n3cc(CN4C(=O)C(=O)c5ccccc54)nn3)ccc2O)cc1,1,IC50,7.43,2,CHEMBL5174387
O=C(NCCc1c[nH]c2ccccc12)c1cc2cc(Cl)ccc2n1Cc1ccc(F)cc1,1,IC50,7.63,1,CHEMBL5201017
O=C(c1cc2cc(Cl)ccc2n1Cc1ccc(F)cc1)N1CCN(c2ccccc2)CC1,1,IC50,7.63,1,CHEMBL5184562
O=C(c1cc2ccccc2n1Cc1ccc(F)cc1)N1CCN(c2ncccn2)CC1,1,IC50,7.03,1,CHEMBL5200916
O=C(c1nn(Cc2ccc(F)cc2)c2ccccc12)N1CCN(c2ncccn2)CC1,1,IC50,6.87,1,CHEMBL5190868
O=C(NC1CCN(C(=O)C2CCOCC2)CC1)NC12CC3CC(Cl)(CC(C1)c1ccccc13)C2,0,IC50 (>),5.0,1,CHEMBL5191146
O=C(NC1CCN(C(=O)C2CCOCC2)CC1)NC12CC3CC(F)(CC(C1)c1ccccc13)C2,0,IC50 (>),5.0,1,CHEMBL5203787
O=C(NC1CCN(C(=O)C2CC2)CC1)NC12CC3CC(F)(CC(C1)c1ccccc13)C2,0,IC50 (>),5.0,1,CHEMBL5177372
O=C1C[C@]23CC[C@H](O)[C@]2(COC3=O)c2c(O)ccc(O)c21,0,IC50,4.59,1,CHEMBL5180809
Cc1nn(-c2ccccc2)c(Cl)c1/C=N/Nc1nc2ccccc2[nH]c1=O,0,IC50,4.5,1,CHEMBL3325870
Cc1nn(-c2ccccc2)c(N2CCOCC2)c1/C=N/Nc1nc2ccccc2nc1O,1,IC50,6.3,1,CHEMBL3325872
Cc1nn(-c2ccccc2)c(N2CCCCC2)c1/C=N/Nc1nc2ccccc2nc1O,0,IC50,4.66,1,CHEMBL3325873
Cc1nn(-c2ccccc2)c(N2CCNCC2)c1/C=N/Nc1nc2ccccc2nc1O,0,IC50,4.8,1,CHEMBL3325874
CC(=O)N1CCN(c2c(/C=N/Nc3nc4ccccc4nc3O)c(C)nn2-c2ccccc2)CC1,1,IC50,6.34,1,CHEMBL3325875
Cc1nn(-c2ccccc2)c(N2CCN(C)CC2)c1/C=N/Nc1nc2ccccc2nc1O,1,IC50,6.32,1,CHEMBL3325729
Cc1nn(-c2ccccc2)c(N(C)C)c1/C=N/Nc1nc2ccccc2nc1O,1,IC50,6.4,1,CHEMBL3325733
O=C(O)c1cc(-c2ccc(CNc3ccc(Br)cc3)o2)ccc1O,0,IC50,4.46,1,CHEMBL5182027
C#CCCCC(=O)Nc1ccc(C(=O)c2ccc(NCc3ccc(-c4ccc(O)c(C(=O)O)c4)o3)cc2)cc1,0,IC50,4.44,1,CHEMBL5204083
COc1ccc(-c2nc(O[11CH3])nn2-c2ccc(OC)cc2)cc1,1,IC50,6.0,1,CHEMBL5192908
COc1ccc(-n2nc(OCC(F)(F)F)nc2-c2ccc(O[11CH3])cc2)cc1,1,IC50,6.0,1,CHEMBL5206077
[2H]C([2H])([18F])Oc1nc(-c2ccc(OC)cc2)n(-c2ccc(OC)cc2)n1,1,IC50,6.08,1,CHEMBL5184826
[11CH3]Oc1ccc(-c2cc(C(F)(F)F)nn2-c2ccc(S(N)(=O)=O)cc2)cc1,1,IC50,8.1,1,CHEMBL5191675
Cc1ccc(-n2nc(C(F)(F)F)cc2-c2ccc(S(=O)(=O)Nc3ccc([18F])cc3)cc2)cc1,1,IC50,6.44,1,CHEMBL5203505
NS(=O)(=O)c1ccc(-n2nc(C(F)(F)F)c([18F])c2-c2ccccc2)cc1,1,IC50,8.77,1,CHEMBL5208551
CS(=O)(=O)c1ccc(-n2c(-c3ccc(O[11CH3])c(F)c3)cnc2Cl)cc1,1,IC50,8.3,1,CHEMBL5169729
NS(=O)(=O)c1ccc(-n2nc3ccccc3c2-c2ccc([18F])cc2)cc1,1,IC50,6.4,1,CHEMBL5181965
[11CH3]S(=O)(=O)c1ccc(C2=C(c3ccccc3)C(=O)OC2)cc1,1,IC50,7.75,1,CHEMBL5171570
[11CH3]Oc1ccc(-c2cnc(Cl)n2-c2ccc(S(N)(=O)=O)cc2)cc1F,1,IC50,8.4,1,CHEMBL5178995
CS(=O)(=O)c1ccc(-c2cc(C(F)(F)F)nc(NCc3ccc([18F])cc3)n2)cc1,1,IC50,7.4,1,CHEMBL5200000
CS(=O)(=O)c1ccc(-c2cc(O[11CH3])nc(NCc3cccs3)n2)cc1,1,IC50,9.0,1,CHEMBL5200454
Cn1ccc2ccc(O)c(C(=O)OCC(F)(F)F)c21,0,IC50 (>),3.42,1,CHEMBL5182048
CCOC(=O)c1c(O)ccc2ccn(C)c12,0,IC50 (>),3.42,1,CHEMBL5190903
COc1ccc2ccn(C)c2c1C(=O)OCC(F)(F)F,0,IC50 (>),3.42,1,CHEMBL5174327
Cn1ccc2c(CCCO)cc(O)c(C(=O)OCC(F)(F)F)c21,0,IC50 (>),3.42,1,CHEMBL5200803
Cn1ccc2ccc(C(=O)OCC(F)(F)F)c(O)c21,0,IC50 (>),3.42,1,CHEMBL5198246
O=c1[nH]cc(CSc2ccc(C(F)(F)F)cc2)[nH]c1=O,0,IC50 (>),5.0,1,CHEMBL5178658
O=c1[nH]cc(CSc2ccc(C(F)F)cc2)[nH]c1=O,0,IC50 (>),5.0,1,CHEMBL5191702
Cc1c(Nc2ccc(S(=O)(=O)N3CCN(C)CC3)cc2F)nc2ccc(Nc3cnn(C4CC4)c3)cn2c1=O,1,IC50,6.1,1,CHEMBL4758581
Cc1ccc(Sc2ccccc2N2CCNCC2)c(C)c1,1,IC50,8.51,1,CHEMBL2104993
O=c1c(/C=N/Nc2ccc(C(F)(F)F)cc2)coc2c1ccc1oc(-c3ccc(Cl)cc3)cc12,0,IC50,4.98,1,CHEMBL5270046
CC1=NNC(=O)/C1=N/Nc1cccc(-c2nc3ccccc3s2)c1,1,IC50,7.0,1,CHEMBL5267820
CC(=O)N1N=C(C)/C(=N\Nc2cccc(-c3nc4ccccc4s3)c2)C1=O,1,IC50,7.0,1,CHEMBL5275198
CC1=NN(c2ccccc2)C(=O)/C1=N/Nc1cccc(-c2nc3ccccc3s2)c1,1,IC50,7.0,1,CHEMBL5280391
COc1ccc2ccc(F)c(CC(=O)N/N=C/c3cccc(C(F)(F)F)c3)c2n1,1,IC50,6.89,1,CHEMBL5271772
Cc1cc(-c2ccccc2)n(-c2nc3c(cnn3-c3ccccc3)c(=O)n2-c2ccccc2)n1,1,IC50,6.06,1,CHEMBL5279915
Nc1cc(-c2ccccc2)nn1-c1nc2c(cnn2-c2ccccc2)c(=O)n1-c1ccccc1,1,IC50,6.27,1,CHEMBL5276174
CCOC(=O)c1c(SC)nn(C(=O)CSc2nnc(CCCOc3ccc(C)cc3C(=O)c3ccc(F)cc3)o2)c1N,1,IC50,7.0,1,CHEMBL5270639
CCCOC(=O)c1nc2c(cnn2-c2ccccc2)c(=O)[nH]1,0,IC50,4.5,1,CHEMBL5271448
C[C@H](NC(=O)c1nc2c(cnn2-c2ccccc2)c(=O)[nH]1)c1ccccc1,0,IC50,4.93,2,CHEMBL5284968
O=C1c2ccccc2C(=O)N1c1nc2cc([N+](=O)[O-])ccc2n1Cc1ccc(-c2ccccc2)cc1,1,IC50,6.0,1,CHEMBL5282224
C=C1c2nc3ccccc3n2CC(c2ccc(S(C)(=O)=O)cc2)N1c1ccc(C)cc1,1,IC50,7.16,1,CHEMBL5290910
C=C1c2nc3ccccc3n2CC(c2ccc(S(C)(=O)=O)cc2)N1c1cc(OC)c(OC)c(OC)c1,1,IC50,6.96,1,CHEMBL5266991
CC(=O)N1N=C(C)/C(=N\Nc2cccc(-c3nc4ccccc4[nH]3)c2)C1=O,1,IC50,6.92,1,CHEMBL5288527
CC1=NN(c2ccccc2)C(=O)/C1=N/Nc1cccc(-c2nc3ccccc3[nH]2)c1,1,IC50,6.77,1,CHEMBL5287285
COc1c2occc2c(OC)c2c(C)c(/C(=N/c3cc(N4CCNCC4)nc(N4CCNCC4)n3)N3CCNCC3)oc12,1,IC50,7.38,1,CHEMBL5277627
COc1ccc(N2C(=O)/C(=C/c3cn(-c4ccc(S(C)(=O)=O)cc4)nc3-c3cccc(Cl)c3)NC2=S)cc1,1,IC50,6.25,1,CHEMBL5284488
CS(=O)(=O)c1ccc(-n2cc(/C=C3\NC(=S)N(c4ccccc4)C3=O)c(-c3ccccc3)n2)cc1,1,IC50,6.22,1,CHEMBL5271850
NS(=O)(=O)c1ccc(-n2nc(C(=O)NNC(=O)c3cccc(C(F)(F)F)c3)cc2-c2ccccc2)cc1,1,IC50,6.28,1,CHEMBL5271889
CS(=O)(=O)c1ccc(-n2cc(/C=N/Nc3ccc(S(N)(=O)=O)cc3)c(-c3ccc(Br)cc3)n2)cc1,1,IC50,6.38,1,CHEMBL5288634
NS(=O)(=O)c1ccc(N/N=C/c2cn(-c3ccc(S(N)(=O)=O)cc3)nc2-c2ccc(Cl)cc2)cc1,1,IC50,6.41,1,CHEMBL5282220
O=C1/C(=N\Nc2ccccc2Br)C(Nc2ccccc2F)=NN1CNc1ccccc1,1,IC50,7.32,1,CHEMBL5288685
COc1ccc(N/N=C2\C(=O)N(CNc3c(C)cccc3C)N=C2Nc2ccccc2F)cc1,1,IC50,7.34,1,CHEMBL5274548
CC1=C(c2ccc(C(=O)NNC(=S)Nc3ccccc3)cn2)SC2Nc3ccccc3N12,1,IC50,6.34,1,CHEMBL5266412
O=C(NNC(=S)NCc1ccccc1)c1ccc(C2=CN3c4ccccc4NC3S2)nc1,1,IC50,7.78,1,CHEMBL5277674
Cc1ccc(N/N=C2\C(=N)N(c3ccc(S(N)(=O)=O)cc3)N=C2N)cc1,1,IC50,6.17,2,CHEMBL5268949
N=C1/C(=N\Nc2ccc(Cl)cc2)C(N)=NN1c1ccc(S(N)(=O)=O)cc1,1,IC50,6.24,2,CHEMBL5270605
CSc1nn(-c2ccc(S(C)(=O)=O)cc2)c2ncnc(NCC(=O)/N=C/c3ccco3)c12,1,IC50,7.0,1,CHEMBL5274157
CCOc1cc(C)nn1C(=O)CNc1ncnc2c1c(C)nn2-c1ccccc1,1,IC50,6.8,1,CHEMBL5266680
COc1ccc(/C=C2/SC(=S)C(Nc3nc4c(cnn4-c4ccccc4)c(=O)n3-c3ccccc3)C2=O)cc1OC,1,IC50,6.43,2,CHEMBL5275735
CS(=O)(=O)c1ccc(-c2cc3ccccc3n2Cc2ccc(Cl)cc2)cc1,1,IC50,6.96,1,CHEMBL5283786
CS(=O)(=O)c1ccc(-c2cc3cc(F)ccc3n2Cc2ccc(Cl)cc2)cc1,1,IC50,6.82,1,CHEMBL5283831
COc1ccc(-c2nc3c(C(N)=O)cccc3[nH]2)cc1,0,IC50,4.94,1,CHEMBL131820
Cc1ccccc1-c1nnc(Cn2c(CN3CCOCC3)nc3ccccc32)o1,0,IC50,4.94,2,CHEMBL5273548
CC(=O)N1NC(c2ccccc2)=CC1c1nnc2n(Cc3ccccc3)c(=O)c3c4c(sc3n12)CCCC4,1,IC50,6.27,1,CHEMBL5285524
COc1ccc(C2=NNC(S)C2N(CN2C(=O)/C(=C\c3nnc(-c4ccc(-c5ccc(OC)cc5)cc4)s3)c3ccccc32)C(=O)c2ccccc2)cc1,0,IC50,4.28,1,CHEMBL5288176
CC(=O)N(CN1C(=O)/C(=C\c2nnc(-c3ccc(-c4ccncc4)cc3)s2)c2ccccc21)C1C(c2ccc(O)cc2)=NNC1S,0,IC50,4.15,1,CHEMBL5281865
COc1ccc2c(c1)c(Cc1nonc1O)c(C)n2C(=O)c1ccccc1,0,IC50 (>),4.0,1,CHEMBL5290170
O=Cc1ccc(O)c(O)c1,0,IC50,4.71,1,CHEMBL222021
O=C(O)c1ccc(O)c(O)c1,0,IC50,4.59,1,CHEMBL37537
COc1cc(C(=O)O)cc(O)c1O,0,IC50,4.63,1,CHEMBL5283256
Cc1ccc(-c2nc(N(c3ccccc3)c3ccccc3)sc2C(=O)c2cccs2)cc1,1,IC50,7.05,2,CHEMBL5282397
O=C(c1sc(N(c2ccccc2)c2ccccc2)nc1-c1ccc([N+](=O)[O-])cc1)c1cccc2ccccc12,1,IC50,7.16,1,CHEMBL5276738
O=C(/N=C1\SC=C(c2ccc([N+](=O)[O-])cc2)C1c1ccccc1)c1cccc2ccccc12,1,IC50,7.1,1,CHEMBL5286316
CCc1cc(OC)c(OC)c(OC)c1,1,IC50,6.75,1,CHEMBL5279631
O=C1/C(=C/c2ccc(Cl)cc2)N=C(c2ccccc2)N1c1ccc(-c2nc3ccccc3o2)cc1,1,IC50,6.6,1,CHEMBL5280920
COc1cccc(/C=c2\c(=O)[nH]n3c(=O)c4ccccc4nc23)c1,1,IC50,6.31,1,CHEMBL5276771
COc1ccc(/C=c2\c(=O)[nH]n3c(=O)c4ccccc4nc23)cc1OC,1,IC50,7.33,3,CHEMBL5274509
COc1cc(/C=c2\c(=O)[nH]n3c(=O)c4ccccc4nc23)cc(OC)c1OC,1,IC50,7.33,2,CHEMBL5271224
N=C1/C(=N\Nc2ccc(S(N)(=O)=O)cc2)C(N)=NN1c1ccc(S(N)(=O)=O)cc1,1,IC50,6.04,1,CHEMBL5272130
CC1=NN(c2ccc(S(N)(=O)=O)cc2)C(=O)/C1=N/Nc1ccc(C(=O)O)cc1,1,IC50,6.11,1,CHEMBL5288220
CC1=NN(c2ccccc2C(=O)O)C(=O)/C1=N/Nc1ccc(S(N)(=O)=O)cc1,1,IC50,6.14,1,CHEMBL5198267
CC1=NN(c2ccc(S(N)(=O)=O)cc2)C(=O)/C1=N/Nc1ccc(S(N)(=O)=O)cc1,1,IC50,6.18,1,CHEMBL5269512
CCc1ccc(-c2ccc(-n3cc(CNC(=O)C(=O)c4c[nH]c5ccccc45)nn3)cc2)cc1,1,IC50,6.92,1,CHEMBL5274140
CC(=O)OC[C@@H]1O[C@@H](n2cc(CNC(=O)C(=O)c3cn(S(=O)(=O)c4ccc(C)cc4)c4ccccc34)nn2)[C@H](OC(C)=O)[C@@H](OC(C)=O)[C@H]1OC(C)=O,1,IC50,6.92,1,CHEMBL5285584
O=C(NC1CCCCC1)c1cc(/N=C/c2cc(O)ccc2O)ccc1O,1,IC50,6.96,1,CHEMBL5270103
CCCCNC(=O)c1cc(NCc2cc(O)ccc2O)ccc1O,1,IC50,7.0,1,CHEMBL5278506
CCCCCCNC(=O)c1cc(NCc2cc(O)ccc2O)ccc1O,1,IC50,7.0,1,CHEMBL122397
O=C(NC1CCCCC1)c1cc(NCc2cc(O)ccc2O)ccc1O,1,IC50,7.0,1,CHEMBL5286816
COc1cc(O)cc(/C=C/c2ccc(O)cc2)c1,1,IC50,6.6,1,CHEMBL498917
CC1=CCCC2C1(C)CCC(C)C2(C)CC/C(=C\C(=O)O)CO,1,IC50,7.9,1,CHEMBL5283932
C=C1CCCC2C1(C)CCC(C)C2(C)CCC1=CC(=O)OC1O,1,IC50,8.07,1,CHEMBL5290007
CC1=CCCC2C1(C)CCC(C)C2(C)CCC1=CC(=O)OC1O,1,IC50,7.99,1,CHEMBL5284118
C=C1C(O)CCC2C1(C)CCC(C)C2(C)CCC1=CC(=O)OC1O,1,IC50,7.89,1,CHEMBL5267222
O=c1/c(=C/c2cccc(O)c2)sc2nc(C34CC5CC(CC(C5)C3)C4)nn12,0,IC50,4.3,1,CHEMBL5284073
COc1cc(/C=c2\sc3nc(C45CC6CC(CC(C6)C4)C5)nn3c2=O)ccc1O,0,IC50,4.3,1,CHEMBL5269829
CN1C/C(=C\c2cccs2)C2=NN(c3ccccc3)C(c3cccs3)C2C1,1,IC50,8.7,1,CHEMBL316846
CN1C/C(=C\c2ccc(Br)s2)C2=NN(c3ccccc3)C(c3ccc(Br)s3)C2C1,1,IC50,8.7,1,CHEMBL5267453
CN1C/C(=C\c2ccc(Cl)s2)C2=NN(c3ccccc3)C(c3ccc(Cl)s3)C2C1,1,IC50,8.7,1,CHEMBL5279940
CN1C/C(=C\c2ccc(F)s2)C2=NN(c3ccccc3)C(c3ccc(F)s3)C2C1,1,IC50,8.7,1,CHEMBL5277168
Cc1ccc(/C=C2\CN(C)CC3C2=NN(c2ccccc2)C3c2ccc(C)s2)s1,1,IC50,8.7,1,CHEMBL5280463
CN1C/C(=C\c2ccc(O)s2)C2=NN(c3ccccc3)C(c3ccc(O)s3)C2C1,1,IC50,8.7,1,CHEMBL5265839
CCc1ccc(/C=C2\CN(C)CC3C2=NN(c2ccccc2)C3c2ccc(CC)s2)s1,1,IC50,8.7,1,CHEMBL5289245
CN1C/C(=C\c2ccc([N+](=O)[O-])s2)C2=NN(c3ccccc3)C(c3ccc([N+](=O)[O-])s3)C2C1,1,IC50,8.7,1,CHEMBL5269974
Cc1sc(/C=C2\CN(C)CC3C2=NN(c2ccccc2)C3c2cc(Br)c(C)s2)cc1Br,1,IC50,8.7,1,CHEMBL5290253
Cc1csc(/C=C2\CN(C)CC3C2=NN(c2ccccc2)C3c2cc(C)cs2)c1,1,IC50,8.7,1,CHEMBL5276070
Cc1sc(/C=C2\CN(C)CC3C2=NN(c2ccccc2)C3c2cc(F)c(C)s2)cc1F,1,IC50,8.7,1,CHEMBL5278033
C/C(=C/C(=O)Nc1nccs1)Nc1ccccc1,1,IC50,7.05,1,CHEMBL5283454
COc1ccc(N/C(C)=C\C(=O)Nc2nccs2)cc1,1,IC50,7.05,1,CHEMBL5285980
C/C(=C/C(=O)Nc1nccs1)Nc1ccc(Cl)cc1,1,IC50,7.05,1,CHEMBL5289112
O=C(c1cccs1)c1sc(N2CCOCC2)nc1-c1ccccc1,1,IC50,7.05,1,CHEMBL5271136
O=C(c1cccs1)c1sc(N2CCOCC2)nc1-c1ccc(F)cc1,1,IC50,7.05,1,CHEMBL5275204
O=C(c1cccs1)c1sc(N2CCOCC2)nc1-c1ccc(C(F)(F)F)cc1,1,IC50,7.05,1,CHEMBL5272126
N#Cc1ccc(-c2nc(N3CCOCC3)sc2C(=O)c2cccs2)cc1,1,IC50,7.05,1,CHEMBL5268121
Cc1ccc(-c2nc(N3CCOCC3)sc2C(=O)c2cccs2)cc1,1,IC50,7.05,1,CHEMBL5285788
O=C(c1cccs1)c1sc(N2CCOCC2)nc1-c1ccc([N+](=O)[O-])cc1,1,IC50,7.05,1,CHEMBL5279078
O=C(c1cccs1)c1sc(N(c2ccccc2)c2ccccc2)nc1-c1ccccc1,1,IC50,7.05,1,CHEMBL5270094
O=C(c1cccs1)c1sc(N(c2ccccc2)c2ccccc2)nc1-c1ccc(F)cc1,1,IC50,7.05,1,CHEMBL5281704
O=C(c1cccs1)c1sc(N(c2ccccc2)c2ccccc2)nc1-c1ccc(C(F)(F)F)cc1,1,IC50,7.05,1,CHEMBL5283995
N#Cc1ccc(-c2nc(N(c3ccccc3)c3ccccc3)sc2C(=O)c2cccs2)cc1,1,IC50,7.05,1,CHEMBL5271871
O=C(c1cccs1)c1sc(N(c2ccccc2)c2ccccc2)nc1-c1ccc([N+](=O)[O-])cc1,1,IC50,7.05,1,CHEMBL5282918
O=C(c1cccs1)c1sc(Nc2ccccc2)nc1-c1ccc(F)cc1,1,IC50,7.05,1,CHEMBL5276822
O=C(/N=c1/scc(-c2ccccc2)n1-c1ccccc1)c1cccs1,1,IC50,7.05,1,CHEMBL5272361
O=C(/N=c1\scc(-c2ccc(F)cc2)n1-c1ccccc1)c1cccs1,1,IC50,7.05,1,CHEMBL5287114
O=C(/N=c1\scc(-c2ccc(C(F)(F)F)cc2)n1-c1ccccc1)c1cccs1,1,IC50,7.05,1,CHEMBL5282180
N#Cc1ccc(-c2cs/c(=N\C(=O)c3cccs3)n2-c2ccccc2)cc1,1,IC50,7.05,1,CHEMBL5272671
Cc1ccc(-c2cs/c(=N\C(=O)c3cccs3)n2-c2ccccc2)cc1,1,IC50,7.05,1,CHEMBL5267656
O=C(/N=c1\scc(-c2ccc([N+](=O)[O-])cc2)n1-c1ccccc1)c1cccs1,1,IC50,7.05,1,CHEMBL5279175
CCOP(=O)(OCC)C(NC(=O)c1cc(-c2cccc3ccccc23)n(-c2ccc(S(N)(=O)=O)cc2)n1)c1ccccc1OC,1,IC50,6.66,1,CHEMBL5274992
CCOP(=O)(OCC)C(NC(=O)c1cc(-c2cccc3ccccc23)n(-c2ccccc2F)n1)c1ccccc1,1,IC50,6.66,1,CHEMBL5282558
CCOP(=O)(OCC)C(NC(=O)c1cc(-c2cccc3ccccc23)n(-c2ccccc2F)n1)c1ccc(Cl)cc1,1,IC50,6.66,1,CHEMBL5277473
CCOP(=O)(OCC)C(NC(=O)c1cc(-c2cccc3ccccc23)n(-c2ccccc2F)n1)c1ccc(Br)cc1,1,IC50,6.66,1,CHEMBL5277545
CCOP(=O)(OCC)C(NC(=O)c1cc(-c2cccc3ccccc23)n(-c2ccccc2F)n1)c1ccc(OC)cc1,1,IC50,6.66,1,CHEMBL5277598
CCOP(=O)(OCC)C(NC(=O)c1cc(-c2cccc3ccccc23)n(-c2ccccc2F)n1)c1ccccc1OC,1,IC50,6.66,1,CHEMBL5277424
CCOP(=O)(OCC)C(NC(=O)c1cc(-c2cccc3ccccc23)n(-c2ccc(F)cc2)n1)c1ccccc1,1,IC50,6.66,1,CHEMBL5280300
CCOP(=O)(OCC)C(NC(=O)c1cc(-c2cccc3ccccc23)n(-c2ccc(F)cc2)n1)c1ccc(Cl)cc1,1,IC50,6.66,1,CHEMBL5288656
CCOP(=O)(OCC)C(NC(=O)c1cc(-c2cccc3ccccc23)n(-c2ccc(F)cc2)n1)c1ccc(Br)cc1,1,IC50,6.66,1,CHEMBL5273141
CCOP(=O)(OCC)C(NC(=O)c1cc(-c2cccc3ccccc23)n(-c2ccc(F)cc2)n1)c1ccc(OC)cc1,1,IC50,6.66,1,CHEMBL5276364
CCOP(=O)(OCC)C(NC(=O)c1cc(-c2cccc3ccccc23)n(-c2ccc(F)cc2)n1)c1ccccc1OC,1,IC50,6.66,1,CHEMBL5289878
CCOP(=O)(OCC)C(NC(=O)c1cc(-c2cccc3ccccc23)n(-c2ccc(Br)cc2)n1)c1ccccc1,1,IC50,6.66,1,CHEMBL5281749
CCOP(=O)(OCC)C(NC(=O)c1cc(-c2cccc3ccccc23)n(-c2ccc(Br)cc2)n1)c1ccc(Cl)cc1,1,IC50,6.66,1,CHEMBL5286663
CCOP(=O)(OCC)C(NC(=O)c1cc(-c2cccc3ccccc23)n(-c2ccc(Br)cc2)n1)c1ccc(Br)cc1,1,IC50,6.66,1,CHEMBL5273387
CCOP(=O)(OCC)C(NC(=O)c1cc(-c2cccc3ccccc23)n(-c2ccc(Br)cc2)n1)c1ccc(OC)cc1,1,IC50,6.66,1,CHEMBL5285268
CCOP(=O)(OCC)C(NC(=O)c1cc(-c2cccc3ccccc23)n(-c2ccc(Br)cc2)n1)c1ccccc1OC,1,IC50,6.66,1,CHEMBL5285559
CCOP(=O)(OCC)C(NC(=O)c1cc(-c2cccc3ccccc23)n(-c2ccc(S(N)(=O)=O)cc2)n1)c1ccccc1,1,IC50,6.66,1,CHEMBL5277657
CCOP(=O)(OCC)C(NC(=O)c1cc(-c2cccc3ccccc23)n(-c2ccc(S(N)(=O)=O)cc2)n1)c1ccc(Cl)cc1,1,IC50,6.66,1,CHEMBL5284686
CCOP(=O)(OCC)C(NC(=O)c1cc(-c2cccc3ccccc23)n(-c2ccc(S(N)(=O)=O)cc2)n1)c1ccc(Br)cc1,1,IC50,6.66,1,CHEMBL5289200
CCOP(=O)(OCC)C(NC(=O)c1cc(-c2cccc3ccccc23)n(-c2ccc(S(N)(=O)=O)cc2)n1)c1ccc(OC)cc1,1,IC50,6.66,1,CHEMBL5278337
CCOP(=O)(OCC)C(NC(=O)c1cc(-c2ccsc2)n(-c2ccc(S(N)(=O)=O)cc2)n1)c1ccccc1OC,1,IC50,6.66,1,CHEMBL5266132
CCOP(=O)(OCC)C(NC(=O)c1cc(-c2cccs2)n(-c2ccc(S(N)(=O)=O)cc2)n1)c1ccccc1OC,1,IC50,6.66,1,CHEMBL5279601
CCOP(=O)(OCC)C(NC(=O)c1cc(-c2ccsc2)n(-c2ccc(S(N)(=O)=O)cc2)n1)c1ccccc1,1,IC50,6.66,1,CHEMBL5287406
CCOP(=O)(OCC)C(NC(=O)c1cc(-c2ccsc2)n(-c2ccc(S(N)(=O)=O)cc2)n1)c1ccc(Cl)cc1,1,IC50,6.66,1,CHEMBL5273397
CCOP(=O)(OCC)C(NC(=O)c1cc(-c2ccsc2)n(-c2ccc(S(N)(=O)=O)cc2)n1)c1ccc(Br)cc1,1,IC50,6.66,1,CHEMBL5275971
CCOP(=O)(OCC)C(NC(=O)c1cc(-c2ccsc2)n(-c2ccc(S(N)(=O)=O)cc2)n1)c1ccc(OC)cc1,1,IC50,6.66,1,CHEMBL5273684
CCOP(=O)(OCC)C(NC(=O)c1cc(-c2cccs2)n(-c2ccc(S(N)(=O)=O)cc2)n1)c1ccccc1,1,IC50,6.66,1,CHEMBL5270111
CCOP(=O)(OCC)C(NC(=O)c1cc(-c2cccs2)n(-c2ccc(S(N)(=O)=O)cc2)n1)c1ccc(Cl)cc1,1,IC50,6.66,1,CHEMBL5273958
CCOP(=O)(OCC)C(NC(=O)c1cc(-c2cccs2)n(-c2ccc(S(N)(=O)=O)cc2)n1)c1ccc(Br)cc1,1,IC50,6.66,1,CHEMBL5276722
CCOP(=O)(OCC)C(NC(=O)c1cc(-c2cccs2)n(-c2ccc(S(N)(=O)=O)cc2)n1)c1ccc(OC)cc1,1,IC50,6.66,1,CHEMBL5271327
CCOP(=O)(OCC)C(C)NC(=O)c1cc(-c2ccc(Br)cc2)n(-c2ccc(S(N)(=O)=O)cc2)n1,1,IC50,6.55,1,CHEMBL5281317
CCOP(=O)(OCC)C(NC(=O)c1cc(-c2ccc(Br)cc2)n(-c2ccc(S(N)(=O)=O)cc2)n1)c1ccccc1,1,IC50,6.55,1,CHEMBL5268637
CCOP(=O)(OCC)C(NC(=O)c1cc(-c2ccc(Br)cc2)n(-c2ccc(S(N)(=O)=O)cc2)n1)c1ccc(Br)cc1,1,IC50,6.55,1,CHEMBL5277139
CCOP(=O)(OCC)C(NC(=O)c1cc(-c2ccc(C(F)(F)F)cc2)n(-c2ccc(S(N)(=O)=O)cc2)n1)c1ccccc1,1,IC50,6.55,1,CHEMBL5283826
CCOP(=O)(OCC)C(NC(=O)c1cc(-c2ccc(C(F)(F)F)cc2)n(-c2ccc(S(N)(=O)=O)cc2)n1)c1ccc(Br)cc1,1,IC50,6.55,1,CHEMBL5271852
CCOP(=O)(OCC)C(C)NC(=O)c1cc(-c2ccc(C)cc2)n(-c2ccc(S(N)(=O)=O)cc2)n1,1,IC50,6.55,1,CHEMBL5271091
CCOP(=O)(OCC)C(NC(=O)c1cc(-c2ccc(C)cc2)n(-c2ccc(S(N)(=O)=O)cc2)n1)c1ccccc1,1,IC50,6.55,1,CHEMBL5275245
CCOP(=O)(OCC)C(NC(=O)c1cc(-c2ccc(C)cc2)n(-c2ccc(S(N)(=O)=O)cc2)n1)c1ccc(Br)cc1,1,IC50,6.55,1,CHEMBL5280343
CCOP(=O)(OCC)C(NC(=O)c1cc(-c2ccc(OC)cc2)n(-c2ccc(S(N)(=O)=O)cc2)n1)c1ccccc1,1,IC50,6.55,1,CHEMBL5273576
CCOP(=O)(OCC)C(NC(=O)c1cc(-c2ccc(OC)cc2)n(-c2ccc(S(N)(=O)=O)cc2)n1)c1ccc(Br)cc1,1,IC50,6.55,1,CHEMBL5274575
CCOP(=O)(OCC)C(C)NC(=O)c1cc(-c2cccc(OC)c2)n(-c2ccc(S(N)(=O)=O)cc2)n1,1,IC50,6.55,1,CHEMBL5279070
CCOP(=O)(OCC)C(NC(=O)c1cc(-c2cccc(OC)c2)n(-c2ccc(S(N)(=O)=O)cc2)n1)c1ccc(Br)cc1,1,IC50,6.55,1,CHEMBL5267093
CCOP(=O)(OCC)C(NC(=O)c1cc(-c2ccc(F)cc2)n(-c2ccc(S(N)(=O)=O)cc2)n1)c1ccccc1,1,IC50,6.55,1,CHEMBL5269313
CCOP(=O)(OCC)C(NC(=O)c1cc(-c2ccc(F)cc2)n(-c2ccc(S(N)(=O)=O)cc2)n1)c1ccc(Br)cc1,1,IC50,6.55,1,CHEMBL5289951
CCOP(=O)(OCC)C(NC(=O)c1cc(-c2cccc(F)c2)n(-c2ccc(S(N)(=O)=O)cc2)n1)c1ccccc1,1,IC50,6.55,1,CHEMBL5277910
CCOP(=O)(OCC)C(NC(=O)c1cc(-c2cccc(F)c2)n(-c2ccc(S(N)(=O)=O)cc2)n1)c1ccc(Br)cc1,1,IC50,6.55,1,CHEMBL5281224
CCOP(=O)(OCC)C(NC(=O)c1cc(-c2ccccc2F)n(-c2ccc(S(N)(=O)=O)cc2)n1)c1ccccc1,1,IC50,6.55,1,CHEMBL5267632
CCOP(=O)(OCC)C(NC(=O)c1cc(-c2ccccc2F)n(-c2ccc(S(N)(=O)=O)cc2)n1)c1ccc(Br)cc1,1,IC50,6.55,1,CHEMBL5287186
CCOP(=O)(OCC)C(NC(=O)c1cc(-c2ccc(Cl)cc2)n(-c2ccc(S(N)(=O)=O)cc2)n1)c1ccccc1,1,IC50,6.55,1,CHEMBL5265917
CCOP(=O)(OCC)C(NC(=O)c1cc(-c2ccc(Cl)cc2)n(-c2ccc(S(N)(=O)=O)cc2)n1)c1ccc(Br)cc1,1,IC50,6.55,1,CHEMBL5272969
CCOP(=O)(OCC)C(NC(=O)c1cc(-c2cccc(Cl)c2)n(-c2ccc(S(N)(=O)=O)cc2)n1)c1ccccc1,1,IC50,6.55,1,CHEMBL5275292
CCOP(=O)(OCC)C(NC(=O)c1cc(-c2cccc(Cl)c2)n(-c2ccc(S(N)(=O)=O)cc2)n1)c1ccc(Br)cc1,1,IC50,6.55,1,CHEMBL5274783
CCOP(=O)(OCC)C(NC(=O)c1cc(-c2ccccc2Cl)n(-c2ccc(S(N)(=O)=O)cc2)n1)c1ccccc1,1,IC50,6.55,1,CHEMBL5272354
Bc1ccc(C(NC(=O)c2cc(-c3ccccc3Cl)n(-c3ccc(S(N)(=O)=O)cc3)n2)P(=O)(OCC)OCC)cc1,1,IC50,6.55,1,CHEMBL5291369
CCOP(=O)(OCC)C(NC(=O)c1cc(-c2cccc(OC)c2)n(-c2ccc(S(N)(=O)=O)cc2)n1)c1ccccc1,1,IC50,6.55,1,CHEMBL5283806
COc1ccc(/C=C/C(=O)c2cccc(-n3cnnn3)c2)cc1,1,IC50,7.0,1,CHEMBL5275772
COc1cc(C2CC(c3cccc(-n4cnnn4)c3)=NN2C(C)=O)cc(OC)c1OC,1,IC50,7.41,1,CHEMBL5265750
COc1ccc(C2CC(c3cccc(-n4cnnn4)c3)=NN2C(C)=O)cc1,1,IC50,7.41,1,CHEMBL5278569
COc1ccc(C2CC(c3cccc(-n4cnnn4)c3)=NN2C(C)=O)cc1OC,1,IC50,7.41,1,CHEMBL5282152
COc1ccc(C2CC(c3cccc(-n4cnnn4)c3)=NN2)cc1,1,IC50,7.41,1,CHEMBL5290194
COc1ccc(C2CC(c3cccc(-n4cnnn4)c3)=NN2)cc1OC,1,IC50,7.41,1,CHEMBL5283848
COc1cc(C2CC(c3cccc(-n4cnnn4)c3)=NN2)cc(OC)c1OC,1,IC50,7.41,1,CHEMBL5266071
COc1ccc(/C=C/C(=O)c2cccc(-n3cnnn3)c2)cc1OC,1,IC50,7.0,1,CHEMBL5283644
COc1cc(/C=C/C(=O)c2cccc(-n3cnnn3)c2)cc(OC)c1OC,1,IC50,7.0,1,CHEMBL5275786
CN(C)c1ccc(/C=C/C(=O)c2cccc(-n3cnnn3)c2)cc1,1,IC50,7.0,1,CHEMBL5283788
O=C(/C=C/c1cccs1)c1cccc(-n2cnnn2)c1,1,IC50,7.0,1,CHEMBL5281666
O=C(/C=C/c1cccnc1)c1cccc(-n2cnnn2)c1,1,IC50,7.0,1,CHEMBL5266699
COc1ccc(-c2cc(-c3cccc(-n4cnnn4)c3)no2)cc1,1,IC50,7.39,1,CHEMBL5286186
COc1ccc(-c2cc(-c3cccc(-n4cnnn4)c3)no2)cc1OC,1,IC50,7.39,1,CHEMBL5266705
COc1cc(-c2cc(-c3cccc(-n4cnnn4)c3)no2)cc(OC)c1OC,1,IC50,7.39,1,CHEMBL5269531
CCOc1ccc2nc(NC(=O)CSc3nnc(Cc4c[nH]c5ccccc45)o3)sc2c1,0,IC50,4.43,1,CHEMBL5273124
COc1ccccc1/C=C/C1=NNC(S)CC1,1,IC50,7.36,1,CHEMBL5281678
Cc1ccccc1/C=C/C1=NNC(S)CC1,1,IC50,7.36,1,CHEMBL5277494
COc1ccc(/C=C/C2=NN(c3ccc(S(N)(=O)=O)cc3)C(=O)CC2)cc1OC,1,IC50,7.36,1,CHEMBL5281053
NS(=O)(=O)c1ccc(N2N=C(/C=C/c3ccc(Cl)cc3)CCC2=O)cc1,1,IC50,7.36,1,CHEMBL5270815
COc1ccc(/C=C/C2=NN(c3ccc(S(N)(=O)=O)cc3)C(=O)CC2)cc1,1,IC50,7.36,1,CHEMBL5269100
COc1ccccc1/C=C/C1=NN(c2ccc(S(N)(=O)=O)cc2)C(=O)CC1,1,IC50,7.36,1,CHEMBL5276590
CS(=O)(=O)c1ccc(C(=O)/C=C/c2cccc(Cl)c2Cl)cc1,1,IC50,6.75,1,CHEMBL5271087
CS(=O)(=O)c1ccc(C(=O)/C=C/c2ccc(Cl)c(Cl)c2)cc1,1,IC50,6.75,1,CHEMBL5275892
CS(=O)(=O)c1ccc(C(=O)/C=C/c2cccc(F)c2F)cc1,1,IC50,6.75,1,CHEMBL5282385
CS(=O)(=O)c1ccc(C(=O)/C=C/c2ccc(F)c(F)c2)cc1,1,IC50,6.75,1,CHEMBL5282806
COc1ccc(-c2cc(-c3ccc(F)cc3)n(-c3ccc(S(N)(=O)=O)cc3)n2)cc1,1,IC50,7.37,1,CHEMBL5274739
COc1ccc(-c2cc(-c3ccc(Br)cc3)n(-c3ccc(S(N)(=O)=O)cc3)n2)cc1,1,IC50,7.37,1,CHEMBL5283165
CCOc1ccc(-c2cc(-c3ccc(F)cc3)n(-c3ccc(S(N)(=O)=O)cc3)n2)cc1,1,IC50,7.37,1,CHEMBL5279336
CCOc1ccc(-c2cc(-c3ccc(Cl)cc3)n(-c3ccc(S(N)(=O)=O)cc3)n2)cc1,1,IC50,7.37,1,CHEMBL5274403
CCOc1ccc(-c2cc(-c3ccc(Br)cc3)n(-c3ccc(S(N)(=O)=O)cc3)n2)cc1,1,IC50,7.37,1,CHEMBL5276782
COc1ccc(-c2cc(-c3ccc(F)cc3)n(-c3ccc(S(N)(=O)=O)cc3)n2)cc1OC,1,IC50,7.37,1,CHEMBL5281497
COc1ccc(-c2cc(-c3ccc(Cl)cc3)n(-c3ccc(S(N)(=O)=O)cc3)n2)cc1OC,1,IC50,7.37,1,CHEMBL5279090
COc1ccc(-c2cc(-c3ccc(Br)cc3)n(-c3ccc(S(N)(=O)=O)cc3)n2)cc1OC,1,IC50,7.37,1,CHEMBL5285405
CS(=O)(=O)c1ccc(-c2cc(-c3ccc(F)cc3)n(-c3ccc(S(N)(=O)=O)cc3)n2)cc1,1,IC50,7.37,1,CHEMBL5287970
CS(=O)(=O)c1ccc(-c2cc(-c3ccc(Cl)cc3)n(-c3ccc(S(N)(=O)=O)cc3)n2)cc1,1,IC50,7.37,1,CHEMBL5281211
CS(=O)(=O)c1ccc(-c2cc(-c3ccc(Br)cc3)n(-c3ccc(S(N)(=O)=O)cc3)n2)cc1,1,IC50,7.37,1,CHEMBL5278797
CC(=O)Oc1cc2oc(-c3ccccc3)cc2cc1-c1c[se]nn1,1,IC50,7.3,1,CHEMBL5284988
CC(=O)Oc1cc2oc(-c3cccc(F)c3)cc2cc1-c1c[se]nn1,1,IC50,7.3,1,CHEMBL5278906
CC(=O)Oc1cc2oc(-c3ccc(F)cc3)cc2cc1-c1c[se]nn1,1,IC50,7.3,1,CHEMBL5284867
CC(=O)Oc1cc2oc(-c3cccc(Cl)c3)cc2cc1-c1c[se]nn1,1,IC50,7.3,1,CHEMBL5290356
CC(=O)Oc1cc2oc(-c3ccc(C)cc3)cc2cc1-c1c[se]nn1,1,IC50,7.3,1,CHEMBL5279361
COc1ccc(-c2cc3cc(-c4c[se]nn4)c(OC(C)=O)cc3o2)cc1,1,IC50,7.3,1,CHEMBL5281215
CCCCNc1cc(C(=O)n2nc(C)cc2-c2ccccc2)cc(S(N)(=O)=O)c1Oc1ccccc1,1,IC50,6.5,1,CHEMBL5284626
CCCCNc1cc(-c2n[nH]c(=S)n2-c2ccccc2)cc(S(N)(=O)=O)c1Oc1ccccc1,1,IC50,6.55,1,CHEMBL5281490
CCCCNc1cc(-c2n[nH]c(=S)n2-c2ccc(Br)cc2)cc(S(N)(=O)=O)c1Oc1ccccc1,1,IC50,6.77,1,CHEMBL5267258
O=Cc1cn(-c2ccccc2)nc1-c1ccccc1,1,IC50,7.77,1,CHEMBL1380054
O=Cc1cn(-c2ccc(Br)cc2)nc1-c1ccc(Br)cc1,1,IC50,7.77,1,CHEMBL5278905
NS(=O)(=O)c1ccc(-c2nn(-c3ccc([N+](=O)[O-])cc3)cc2C=O)cc1,1,IC50,7.77,1,CHEMBL5288954
CS(=O)(=O)c1ccc(-c2nn(-c3ccc(S(N)(=O)=O)cc3)cc2C=O)cc1,1,IC50,7.77,1,CHEMBL5275104
CS(=O)(=O)c1ccc(-n2cc(-c3ccc(C(F)(F)F)cc3)nn2)cc1,1,IC50,6.65,1,CHEMBL5288740
NS(=O)(=O)c1ccc(C(=O)OCCn2cc(-c3ccc(C(F)(F)F)cc3)nn2)cc1,1,IC50,6.88,1,CHEMBL5271933
CS(=O)(=O)c1ccc(C(=O)OCCn2cc(-c3ccc(C(F)(F)F)cc3)nn2)cc1,1,IC50,8.7,2,CHEMBL5283867
CC1=NN(c2ccc(S(N)(=O)=O)cc2)C(=O)/C1=C\c1sccc1C,1,IC50,6.82,1,CHEMBL5269945
CC1=NN(c2ccc(S(N)(=O)=O)cc2)C(=O)/C1=C\c1c[nH]c2ccccc12,1,IC50,6.82,1,CHEMBL5281098
CC1=NN(c2ccc(S(N)(=O)=O)cc2)C(=O)/C1=C\c1cccc(OCc2ccccc2)c1,1,IC50,6.82,1,CHEMBL5290801
CC1=NN(c2ccc(S(N)(=O)=O)cc2)C(=O)/C1=C\c1ccc(F)cc1C,1,IC50,6.82,1,CHEMBL5271593
CCOc1cc(/C=C2\C(=O)N(c3ccc(S(N)(=O)=O)cc3)N=C2C)ccc1O,1,IC50,6.82,1,CHEMBL5278893
COc1cc(/C=C2\C(=O)N(c3ccc(S(N)(=O)=O)cc3)N=C2C)ccc1OCC#N,1,IC50,6.82,1,CHEMBL5279811
NS(=O)(=O)c1ccc(N2C(=O)/C(=C/c3ccc(OC(=O)c4ccccc4)cc3)N=C2c2ccccc2)cc1,1,IC50,7.05,1,CHEMBL5271705
COc1cc(/C=C2\N=C(c3ccccc3)N(c3ccc(S(N)(=O)=O)cc3)C2=O)ccc1OC(=O)c1ccccc1,1,IC50,7.06,1,CHEMBL5276096
COc1cc(/C=C2\N=C(c3ccccc3)N(c3ccc(C(=O)O)cc3)C2=O)ccc1OC(=O)c1ccccc1,1,IC50,7.04,1,CHEMBL5286217
O=C1CS/C(=N/c2nnc(-c3ccccc3O)s2)N1,1,IC50,6.72,1,CHEMBL5269549
Cc1nnc(/N=C2\NC(=O)CS2)s1,1,IC50,6.72,1,CHEMBL5288590
O=C1CS/C(=N/c2nnc(-c3ccccc3)s2)N1,1,IC50,6.72,1,CHEMBL5270907
O=C1CS/C(=N/c2nnc(-c3ccc(O)cc3)s2)N1,1,IC50,6.72,1,CHEMBL5287965
Cc1ccc(-c2nnc(/N=C3\NC(=O)CS3)s2)cc1,1,IC50,6.72,1,CHEMBL5287931
O=C1CS/C(=N/c2nnc(-c3ccc(Br)cc3)s2)N1,1,IC50,6.72,1,CHEMBL5285214
COc1ccc(-c2nnc(/N=C3\NC(=O)CS3)s2)cc1,1,IC50,6.72,1,CHEMBL5278348
COc1ccc(-c2nnc(/N=C3\NC(=O)CS3)s2)cc1OC,1,IC50,6.72,1,CHEMBL5266912
COc1cc(-c2nnc(/N=C3\NC(=O)CS3)s2)cc(OC)c1OC,1,IC50,6.72,1,CHEMBL5267001
Cc1ccc(/C=C2\S/C(=N/c3nnc(C)s3)NC2=O)cc1,1,IC50,7.0,1,CHEMBL5289598
CCCc1ccc(/C=C2\S/C(=N/c3nnc(C)s3)NC2=O)cc1,1,IC50,7.0,1,CHEMBL5275883
Cc1nnc(/N=C2\NC(=O)/C(=C/c3ccc(C(C)C)cc3)S2)s1,1,IC50,7.0,1,CHEMBL5266009
Cc1nnc(/N=C2\NC(=O)/C(=C/c3ccc(O)cc3)S2)s1,1,IC50,7.0,1,CHEMBL5272758
COc1ccc(/C=C2\S/C(=N/c3nnc(C)s3)NC2=O)cc1,1,IC50,7.0,1,CHEMBL5279490
Cc1nnc(/N=C2\NC(=O)/C(=C/c3ccc(N(C)C)cc3)S2)s1,1,IC50,7.0,1,CHEMBL5284227
Cc1nnc(/N=C2\NC(=O)/C(=C/c3ccc(Cl)cc3)S2)s1,1,IC50,7.0,1,CHEMBL5282037
Cc1nnc(/N=C2\NC(=O)/C(=C/c3ccc(Br)cc3)S2)s1,1,IC50,7.0,1,CHEMBL5285552
Cc1nnc(/N=C2\NC(=O)/C(=C/c3ccc(F)cc3)S2)s1,1,IC50,7.0,1,CHEMBL5277740
Cc1nnc(/N=C2\NC(=O)/C(=C/C=C/c3ccccc3)S2)s1,1,IC50,6.6,1,CHEMBL5273595
Cc1nnc(/N=C2\NC(=O)/C(=C/c3cccnc3)S2)s1,1,IC50,6.6,1,CHEMBL5285490
Cc1nnc(/N=C2\NC(=O)/C(=C/c3ccsc3)S2)s1,1,IC50,6.6,1,CHEMBL5276444
Cc1nnc(/N=C2\NC(=O)/C(=C/C3CCCCC3)S2)s1,1,IC50,6.6,1,CHEMBL5285514
O=c1[nH]n2c(=O)c3ccccc3nc2/c1=C/c1ccccc1,1,IC50,7.33,1,CHEMBL5270840
O=c1[nH]n2c(=O)c3ccccc3nc2/c1=C/c1ccccc1F,1,IC50,7.33,1,CHEMBL5272670
O=c1[nH]n2c(=O)c3ccccc3nc2/c1=C/c1cccc(F)c1,1,IC50,7.33,1,CHEMBL5274029
O=c1[nH]n2c(=O)c3ccccc3nc2/c1=C/c1ccc(F)cc1,1,IC50,7.33,1,CHEMBL5284897
COc1ccccc1/C=c1\c(=O)[nH]n2c(=O)c3ccccc3nc12,1,IC50,7.33,1,CHEMBL5267795
COc1ccc(/C=c2\c(=O)[nH]n3c(=O)c4ccccc4nc23)cc1,1,IC50,7.33,2,CHEMBL5278682
O=c1[nH]n2c(=O)c3ccccc3nc2/c1=C/c1ccc(Cl)cc1,1,IC50,7.33,1,CHEMBL5283203
O=c1[nH]n2c(=O)c3ccccc3nc2/c1=C/c1ccc(Br)cc1,1,IC50,7.33,2,CHEMBL5289655
Nc1c(C(=O)N/N=C/c2ccccc2)sc2nc(-c3ccc(Cl)cc3)cc(-c3cccs3)c12,1,IC50,6.98,1,CHEMBL5289353
Nc1c(C(=O)N/N=C/c2ccc(Cl)cc2)sc2nc(-c3ccc(Cl)cc3)cc(-c3cccs3)c12,1,IC50,6.98,1,CHEMBL5275290
Nc1c(C(=O)N/N=C/c2ccc(Br)cc2)sc2nc(-c3ccc(Cl)cc3)cc(-c3cccs3)c12,1,IC50,6.98,1,CHEMBL5276292
Cc1ccc(/C=N/NC(=O)c2sc3nc(-c4ccc(Cl)cc4)cc(-c4cccs4)c3c2N)cc1,1,IC50,6.98,1,CHEMBL5289008
Nc1c(C(=O)N/N=C/c2ccc(C(=O)Oc3ccccc3)cc2)sc2nc(-c3ccc(Cl)cc3)cc(-c3cccs3)c12,1,IC50,6.98,1,CHEMBL5275709
COc1c(O)cc2c3c1COc1cc(O)cc(c1-3)CC2,0,IC50,4.92,1,CHEMBL5289753
O=C(c1ccccc1)c1ccc2n1CC[C@H]2C(=O)O,0,IC50 (>),4.0,1,CHEMBL1619630
CSc1ccc(-c2cn3c(c2-c2ccccc2)CCC3)cc1,1,IC50,6.0,1,CHEMBL5274242
CSc1ccc(-c2cn3c(c2-c2ccc(F)cc2)CCC3)cc1,1,IC50,7.0,1,CHEMBL5270458
CS(=O)(=O)c1ccc(-c2cn3c(c2-c2ccc(F)cc2)CCC3)cc1,1,IC50,6.8,1,CHEMBL5286930
CS(=O)(=O)c1ccc(-c2cn3c(c2-c2ccc(Cl)cc2)CCC3)cc1,1,IC50,8.1,1,CHEMBL5269462
CSc1ccc(-c2cn3c(c2-c2ccc(C)cc2)CCC3)cc1,1,IC50,6.05,1,CHEMBL5279593
Cc1ccc(-c2c(-c3ccc(S(C)(=O)=O)cc3)cn3c2CCC3)cc1,1,IC50,8.3,1,CHEMBL597733
CS(=O)(=O)c1ccc(-c2cn3c(c2-c2ccccc2)CCC3)cc1,1,IC50,7.52,1,CHEMBL5290904
COc1ccccc1-c1nnc(Cn2c(CN3CCOCC3)nc3ccccc32)o1,0,IC50,4.86,1,CHEMBL5290087
CC(=O)Nc1c(F)cc(C(=O)N[C@H]2CC[C@H](O)CC2)cc1O[C@@H](C)c1ccccc1,0,IC50 (>),4.0,1,CHEMBL4636881
CNC(=O)c1cc(C(=O)NC2CC2)cn(Cc2ccccc2)c1=O,0,IC50 (>),4.0,1,CHEMBL4635134
COCc1nc2cnc3cc(-c4c(C)noc4C)c(OC[C@H]4CCNC4)cc3c2n1[C@H](C)c1ccccc1,0,IC50 (>),4.0,1,CHEMBL4639128
CC(C)(O)c1ccc(N2Cc3c(ccnc3-c3ccc(F)cc3OCC(F)(F)F)C2=O)cc1,0,IC50 (>),5.0,1,CHEMBL5078078
COc1cccc2[nH]cc(-c3cc(-c4ccccc4)oc3-c3ccccc3)c12,0,IC50 (>),4.0,1,CHEMBL5409238
COc1ccc2c(c1)c(CC(=O)OCC(=O)O)c(C)n2C(=O)c1ccc(Cl)cc1,1,IC50,8.0,1,CHEMBL189171
COc1ccc(/C=C/C(=O)c2nn(-c3ccc(F)cc3)c(C)c2C(=O)/C=C/c2ccc(OC)cc2)cc1,1,IC50,6.5,1,CHEMBL5412102
COc1ccc(/C=C/C(=O)c2nn(-c3ccc(Br)cc3)c(C)c2C(=O)/C=C/c2ccc(OC)cc2)cc1,1,IC50,6.16,1,CHEMBL5432941
COc1ccc(/C=C/C(=O)c2nn(-c3ccc(Cl)cc3)c(C)c2C(=O)/C=C/c2ccc(OC)cc2)cc1,1,IC50,6.52,1,CHEMBL5417525
Nc1n[nH]c(N=c2c(=O)c3ccccc3c2=O)c1/N=N/c1ccc(O)cc1,0,IC50,4.21,1,CHEMBL5430086
Nc1n[nH]c(/N=C2/C(=O)Nc3ccc(S(=O)(=O)N4CCCC4)cc32)c1/N=N/c1ccc(O)cc1,0,IC50,4.44,1,CHEMBL5421326
CCOC(=O)C1=Nc2c(/N=N/c3ccc(O)cc3)c(N)nn2C1=O,0,IC50,4.1,1,CHEMBL5423515
CC(=O)Nc1nn2c(NC(C)=O)cc(=O)[nH]c2c1/N=N/c1ccc(O)cc1,0,IC50,4.8,1,CHEMBL5414373
Cc1cc(C)n2nc(N)c(/N=N/c3ccc(O)cc3)c2n1,0,IC50,4.33,1,CHEMBL5440465
COC(=O)c1cc(=O)n2nc(N)c(/N=N/c3ccc(O)cc3)c2[nH]1,0,IC50,4.17,1,CHEMBL5402860
N#Cc1c(-c2ccccc2Cl)nc2c(/N=N/c3ccc(O)cc3)c(N)nn2c1N,0,IC50,4.07,1,CHEMBL5431461
COc1ccc(-c2nc3c(/N=N/c4ccc(O)cc4)c(N)nn3c(N)c2C#N)cc1,0,IC50,4.68,1,CHEMBL5418554
CC1=NN(c2ccccc2)C(=O)/C1=C\c1cn(CCCOc2cc(O)c3c(=O)cc(-c4ccccc4)oc3c2)c2ccccc12,1,IC50,6.16,1,CHEMBL5397391
Cc1ccc(C(=O)c2ccc(CC(=O)O)n2C)cc1,1,IC50,6.09,1,CHEMBL1020
N=c1c2c(Nc3n[nH]c(=S)s3)csc2[nH]c(=S)n1-c1ccc(S(=O)(=O)Nc2cnc3ccccc3n2)cc1,1,IC50,7.05,1,CHEMBL5400914
CCOC(=O)CNc1ncnc2sc3c(c12)CCCC3,1,IC50,6.96,1,CHEMBL5424814
NNC(=O)CNc1ncnc2sc3c(c12)CCCC3,1,IC50,6.68,1,CHEMBL5437146
O=C(CNc1ncnc2sc3c(c12)CCCC3)NN=Cc1ccc(Cl)cc1,1,IC50,6.18,1,CHEMBL5404402
O=C(CNc1ncnc2sc3c(c12)CCCC3)NN=Cc1cccc(Cl)c1,1,IC50,6.19,1,CHEMBL5433854
O=C(CNc1ncnc2sc3c(c12)CCCC3)NN=Cc1ccc(Cl)c(Cl)c1,1,IC50,7.16,1,CHEMBL5409427
O=C(CNc1ncnc2sc3c(c12)CCCC3)NN=Cc1ccc(Br)cc1,1,IC50,7.0,1,CHEMBL5396836
O=C(CNc1ncnc2sc3c(c12)CCCC3)NN=Cc1ccc(F)cc1,0,IC50,4.66,1,CHEMBL5411339
O=C(CNc1ncnc2sc3c(c12)CCCC3)NN=Cc1ccc([N+](=O)[O-])cc1,1,IC50,6.28,1,CHEMBL5401155
O=C(CNc1ncnc2sc3c(c12)CCCC3)NN=Cc1cccs1,1,IC50,6.04,1,CHEMBL5434060
CC1(O)CC(c2ccccc2)=NN1C(=O)CNc1ncnc2sc3c(c12)CCCC3,1,IC50,6.02,1,CHEMBL5399127
O=C(O)/C=C\C(=O)NNC(=O)CNc1ncnc2sc3c(c12)CCCC3,1,IC50,6.35,1,CHEMBL5418745
NNC(=O)CNc1nc(-c2ccccc2)nc2sc3c(c12)CCCC3,1,IC50,6.16,1,CHEMBL5400672
CC#C[C@@H](CC(=O)O)c1ccc(-c2ccc(C(F)(F)F)cc2)cc1,0,IC50 (>),4.52,1,CHEMBL5440386
Nc1c(C(=O)N/N=C/c2ccccc2)cnn1-c1ccc(S(N)(=O)=O)cc1,1,IC50,7.31,1,CHEMBL5404379
Nc1c(C(=O)N/N=C/c2ccc(O)cc2)cnn1-c1ccc(S(N)(=O)=O)cc1,1,IC50,7.22,1,CHEMBL5430378
COc1ccc(/C=N/NC(=O)c2cnn(-c3ccc(S(N)(=O)=O)cc3)c2N)cc1,1,IC50,6.82,1,CHEMBL5422492
CN(C)c1ccc(/C=N/NC(=O)c2cnn(-c3ccc(S(N)(=O)=O)cc3)c2N)cc1,1,IC50,7.1,1,CHEMBL5424006
Nc1c(C(=O)N/N=C/c2ccccc2Cl)cnn1-c1ccc(S(N)(=O)=O)cc1,1,IC50,6.89,1,CHEMBL5420858
Nc1c(C(=O)N/N=C/c2ccc(Cl)cc2)cnn1-c1ccc(S(N)(=O)=O)cc1,1,IC50,7.05,1,CHEMBL5431270
Nc1c(C(=O)N/N=C/c2ccccc2[N+](=O)[O-])cnn1-c1ccc(S(N)(=O)=O)cc1,1,IC50,6.85,1,CHEMBL5396677
Nc1c(C(=O)N/N=C/c2cccc([N+](=O)[O-])c2)cnn1-c1ccc(S(N)(=O)=O)cc1,1,IC50,7.0,1,CHEMBL5403077
Nc1c(C(=O)N/N=C/c2ccc([N+](=O)[O-])cc2)cnn1-c1ccc(S(N)(=O)=O)cc1,1,IC50,6.81,1,CHEMBL5408885
Nc1c(C(=O)N/N=C/c2cccs2)cnn1-c1ccc(S(N)(=O)=O)cc1,1,IC50,7.22,1,CHEMBL5413403
CC(=O)NCCc1cc(O)c(O)cc1C(=O)c1ccc(O)c(O)c1,1,IC50,6.12,1,CHEMBL5419055
COc1cc2c(cc1-c1c(C)noc1C)ncc1[nH]c(=O)n([C@H](C)c3ccccn3)c12,0,IC50 (>),4.0,2,CHEMBL2017291
CCC(=O)N1CC[C@H](Nc2ncnc3c2CN(c2cnc(OC)c(C(F)(F)F)c2)CC3)C1,0,IC50 (>),4.52,1,CHEMBL3643413
CC(C)Cc1ccc(C(C)C(=O)OCc2cn(-c3ccccc3Cl)nn2)cc1,1,IC50,6.13,1,CHEMBL5568508
CC(C)Cc1ccc(C(C)C(=O)OCc2cn(-c3ccc(Cl)cc3)nn2)cc1,0,IC50,4.91,1,CHEMBL5564400
COc1cc(C(=O)[N-]S(=O)(=O)c2ccc(-n3nc(C(F)(F)F)cc3-c3ccc(C)cc3)cc2)ccc1[O-],1,IC50,7.96,1,CHEMBL5273339
COc1cc(/C=C/C(=O)[N-]S(=O)(=O)c2ccc(-n3nc(C(F)(F)F)cc3-c3ccc(C)cc3)cc2)ccc1[O-],1,IC50,7.64,1,CHEMBL5283814
Cc1onc(-c2c(Cl)cccc2Cl)c1C(=O)Nc1ccc(C(C)(C)C)cc1,1,IC50,6.52,1,CHEMBL5558069
COc1cc(NC(=O)c2c(-c3c(Cl)cccc3Cl)noc2C)cc(OC)c1,1,IC50,6.31,1,CHEMBL5562199
Cc1onc(-c2c(Cl)cccc2Cl)c1C(=O)Nc1ccc(OC(F)(F)F)cc1,1,IC50,6.61,1,CHEMBL5561700
COc1ccccc1Oc1ccc(NC(=O)c2c(-c3c(Cl)cccc3Cl)noc2C)cc1,1,IC50,6.22,1,CHEMBL5558625
CSc1ccc(NC(=O)c2c(-c3c(Cl)cccc3Cl)noc2C)cc1,1,IC50,6.14,1,CHEMBL5561303
Cc1onc(-c2c(Cl)cccc2Cl)c1C(=O)Nc1ccc(-c2ccccc2)cc1,1,IC50,6.28,1,CHEMBL5532591
COc1ccc(NC(=O)c2c(-c3c(Cl)cccc3Cl)noc2C)c(OC)c1,1,IC50,6.58,1,CHEMBL600662
Cc1ccc(C(C)C)c(O)c1/C=N/N=C1\NC(=O)C(CC(=O)O)S1,1,IC50,7.04,1,CHEMBL5569838
COc1ccc(N2C(=O)C(CC(=O)O)S/C2=N/N=C/c2c(C)ccc(C(C)C)c2O)cc1,1,IC50,7.43,1,CHEMBL5569005
COc1ccc2cc(C(C)C(=O)O/N=C(\N)c3ccc(Cl)cc3)ccc2c1,1,IC50,8.19,2,CHEMBL5174073
COc1ccc(/C(N)=N/OC(=O)C(C)c2ccc3cc(OC)ccc3c2)cc1,1,IC50,8.19,2,CHEMBL5572235
COc1ccc2cc(C(C)C(=O)O/N=C(\N)c3ccc(OC)c(OC)c3)ccc2c1,1,IC50,8.19,2,CHEMBL5193790
COc1ccc2cc(C(C)C(=O)O/N=C(\N)c3ccc4c(c3)OCO4)ccc2c1,1,IC50,8.19,1,CHEMBL5594504
COc1ccc2cc(C(C)C(=O)O/N=C(\N)c3ccc(-c4ccccc4)c(-c4ccccc4)c3)ccc2c1,1,IC50,8.75,1,CHEMBL5592921
Cc1ccc(Cl)c(Nc2ccccc2C(=O)[O-])c1Cl,1,IC50,8.25,1,CHEMBL1562610
O=C1c2ccccc2C(=O)N1c1nc2cc([N+](=O)[O-])ccc2n1Cc1cccc(-c2ccccc2)c1,1,IC50,6.0,1,CHEMBL5579718
COC(=O)N/N=C/c1coc2ccccc2c1=O,1,IC50,7.04,1,CHEMBL2234942
COC(=O)N/N=C/c1coc2ccc(OC)cc2c1=O,1,IC50,6.64,1,CHEMBL5591853
COC(=O)N/N=C/c1coc2cc(OC)ccc2c1=O,1,IC50,6.47,1,CHEMBL5564555
O=C(N/N=C/c1coc2ccccc2c1=O)OCc1ccccc1,1,IC50,7.31,1,CHEMBL5566175
COc1ccc2occ(/C=N/NC(=O)OCc3ccccc3)c(=O)c2c1,1,IC50,7.05,1,CHEMBL5579684
COc1ccc2c(=O)c(/C=N/NC(=O)OCc3ccccc3)coc2c1,1,IC50,7.24,1,CHEMBL5574361
CN/N=C/c1coc2ccccc2c1=O,1,IC50,6.72,1,CHEMBL5565667
CN/N=C/c1coc2ccc(OC)cc2c1=O,1,IC50,7.03,1,CHEMBL5564416
CN/N=C/c1coc2cc(OC)ccc2c1=O,1,IC50,6.33,1,CHEMBL5569084
CCOc1ccc(-c2noc(C)c2-c2ccc(OCC)cc2)cc1,0,IC50 (>),4.3,1,CHEMBL5569710
CCCOc1ccc(-c2noc(C)c2-c2ccc(OCCC)cc2)cc1,0,IC50 (>),4.3,1,CHEMBL5570107
CCCCOc1ccc(-c2noc(C)c2-c2ccc(OCCCC)cc2)cc1,0,IC50 (>),4.3,1,CHEMBL5569519
Cc1onc(-c2ccc(OCc3ccccc3)cc2)c1-c1ccc(OCc2ccccc2)cc1,0,IC50 (>),4.3,1,CHEMBL5563326
Cc1onc(-c2ccc(OC(C)(C)C)cc2)c1-c1ccc(OC(C)(C)C)cc1,0,IC50 (>),4.3,1,CHEMBL5571322
Cc1onc(-c2ccc(Oc3ccccc3)cc2)c1-c1ccc(Oc2ccccc2)cc1,0,IC50 (>),4.3,1,CHEMBL5573058
CCOc1ccc(-c2c(-c3ccc(OC)cc3)noc2C)cc1,0,IC50 (>),4.3,1,CHEMBL5573862
CCCOc1ccc(-c2c(-c3ccc(OC)cc3)noc2C)cc1,0,IC50 (>),4.3,1,CHEMBL5571714
CCCCOc1ccc(-c2c(-c3ccc(OC)cc3)noc2C)cc1,0,IC50 (>),4.3,1,CHEMBL5563480
COc1ccc(-c2noc(C)c2-c2ccc(OCc3ccccc3)cc2)cc1,0,IC50 (>),4.3,1,CHEMBL5574653
COc1ccc(-c2noc(C)c2-c2ccc(OC(C)(C)C)cc2)cc1,0,IC50 (>),4.3,1,CHEMBL5593821
COc1ccc(-c2noc(C)c2-c2ccc(Oc3ccccc3)cc2)cc1,0,IC50 (>),4.3,1,CHEMBL5583683
CCOc1ccc(-c2noc(CC(=O)O)c2-c2ccc(OCC)cc2)cc1,0,IC50 (>),4.3,1,CHEMBL5572292
CCCCOc1ccc(-c2noc(CC(=O)O)c2-c2ccc(OCCCC)cc2)cc1,0,IC50 (>),4.3,1,CHEMBL5567378
O=C(O)Cc1onc(-c2ccc(OCc3ccccc3)cc2)c1-c1ccc(OCc2ccccc2)cc1,0,IC50 (>),4.3,1,CHEMBL5564448
CC(C)(C)Oc1ccc(-c2noc(CC(=O)O)c2-c2ccc(OC(C)(C)C)cc2)cc1,0,IC50 (>),4.3,1,CHEMBL5591549
O=C(O)Cc1onc(-c2ccc(Oc3ccccc3)cc2)c1-c1ccc(Oc2ccccc2)cc1,0,IC50 (>),4.3,1,CHEMBL5564783
CCOc1ccc(-c2c(-c3ccc(OC)cc3)noc2CC(=O)O)cc1,0,IC50 (>),4.3,1,CHEMBL5572619
CCCCOc1ccc(-c2c(-c3ccc(OC)cc3)noc2CC(=O)O)cc1,1,IC50,6.35,1,CHEMBL5573040
COc1ccc(-c2noc(CC(=O)O)c2-c2ccc(OCc3ccccc3)cc2)cc1,0,IC50 (>),4.3,1,CHEMBL5579661
COc1ccc(-c2noc(CC(=O)O)c2-c2ccc(OC(C)(C)C)cc2)cc1,0,IC50 (>),4.3,1,CHEMBL5575442
COc1ccc(-c2noc(CC(=O)O)c2-c2ccc(Oc3ccccc3)cc2)cc1,0,IC50 (>),4.3,1,CHEMBL5595152
C=CCc1cccc(-c2nc(-c3ccccc3Cl)c(-c3ccccc3Cl)[nH]2)c1OC(=O)COC,0,IC50 (>),4.0,1,CHEMBL5564056
C=CCc1cccc(-c2nc(-c3ccccc3Cl)c(-c3ccccc3Cl)[nH]2)c1OC(C)=O,0,IC50 (>),4.0,1,CHEMBL5573650
CCOc1ccc(N)cc1C(=O)Nc1cccc(C(F)(F)F)c1,0,IC50 (>),4.0,1,CHEMBL5574567
Cc1ccccc1Oc1ccc(=O)n(CN2C(=O)c3ccccc3C2=O)n1,1,IC50,6.72,1,CHEMBL5579730
CCCn1nc(Oc2ccccc2C)ccc1=O,1,IC50,6.96,1,CHEMBL5563763
Cc1cc(C)n(-c2ccc(=O)n(Cc3ccccc3)n2)n1,1,IC50,6.62,1,CHEMBL5573343
COc1ccc(/C=N/C2=NNC(=O)C2c2ccc(Cl)nn2)cc1,0,IC50,4.91,1,CHEMBL5589790
O=C1NN=C(/N=C/c2cccc(Br)c2)C1c1ccc(Cl)nn1,0,IC50,4.68,1,CHEMBL5595090
COc1ccc(/C=N/C2=NN=C(N)C2c2ccc(Cl)nn2)cc1,0,IC50,4.25,1,CHEMBL5583692
N=C1/C(=N/Nc2ccc(Cl)cc2)C(N)=NN1c1ccc(S(N)(=O)=O)cc1,1,IC50,6.24,1,CHEMBL5595934
O=C(O)c1cn(-c2ccc(-c3ccc(C(=O)N4CCNCC4)cc3)cc2)cc(O)c1=O,0,IC50 (>),4.0,1,CHEMBL5592380
N#Cc1cc(-c2ccc(C(=O)N3CCNCC3)cc2)ccc1-n1cc(O)c(=O)c(C(=O)O)c1,0,IC50 (>),4.0,1,CHEMBL5591377
CN(C)c1ccc(/C=C/C(=O)c2cccc(-n3cc(CN4C(=O)C(=O)c5ccccc54)nn3)c2)cc1,1,IC50,7.37,1,CHEMBL5584099
O=C(OCc1c(-c2ccccc2)no[n+]1[O-])c1nc(CCl)n(-c2ccccc2)n1,1,IC50,6.16,1,CHEMBL5630924
O=C(OCc1c(-c2ccccc2)no[n+]1[O-])c1nc(CCl)n(-c2ccccc2F)n1,0,IC50,4.3,1,CHEMBL5624451
O=C(OCc1c(-c2ccccc2)no[n+]1[O-])c1nc(CCl)n(-c2cccc(F)c2)n1,1,IC50,6.23,1,CHEMBL5630110
O=C(OCc1c(-c2ccccc2)no[n+]1[O-])c1nc(CCl)n(-c2ccccc2C(F)(F)F)n1,0,IC50,4.3,1,CHEMBL5624611
O=C(OCc1c(-c2ccccc2)no[n+]1[O-])c1nc(CCl)n(-c2cccc(C(F)(F)F)c2)n1,1,IC50,7.35,1,CHEMBL5630020
O=C(OCc1c(-c2ccccc2)no[n+]1[O-])c1nc(CCl)n(-c2ccc(C(F)(F)F)cc2)n1,1,IC50,6.89,1,CHEMBL5624959
Cc1cccc(-n2nc(C(=O)OCc3c(-c4ccccc4)no[n+]3[O-])nc2CCl)c1,0,IC50,4.3,1,CHEMBL5624832
Cc1ccc(-n2nc(C(=O)OCc3c(-c4ccccc4)no[n+]3[O-])nc2CCl)cc1,0,IC50,4.42,1,CHEMBL5630837
CS(=O)(=O)c1ccc(C2CN(c3ccc(C(F)(F)F)cc3)N=N2)cc1,1,IC50,6.65,1,CHEMBL5631827
CSc1nnc2n(Cc3ccccc3)c(=O)c3c4c(sc3n12)CCCC4,1,IC50,6.28,1,CHEMBL5631812
COc1cc(/C=C2\S/C(=N/c3nnc(C)s3)NC2=O)cc(OC)c1OC,1,IC50,7.0,1,CHEMBL5633560
O=c1[nH]/c(=C\c2nnc(-c3ccc(O)cc3)s2)s/c1=C\c1ccc(Cl)c(Cl)c1,1,IC50,7.16,1,CHEMBL5632158
O=C(C/C(=C/c1cccc([N+](=O)[O-])c1)c1n[nH]c(=S)o1)c1ccc(Cl)c(Cl)c1,1,IC50,7.1,1,CHEMBL5632591
Fc1ccc(Nc2nc(-c3ccc(Cl)cc3)nc3sc4c(c23)CCCC4)cc1,1,IC50,7.02,1,CHEMBL5631928
Cc1ccc(Nc2nc(-c3ccc(Cl)cc3)nc3sc4c(c23)CCCC4)cc1,1,IC50,7.07,1,CHEMBL5632824
Clc1ccc(-c2nc(Nc3ccc(Br)cc3)c3c4c(sc3n2)CCCC4)cc1,1,IC50,6.97,1,CHEMBL5632914
Clc1ccc(-c2nc(Nc3cccc(Br)c3)c3c4c(sc3n2)CCCC4)cc1,1,IC50,7.11,1,CHEMBL5632956
O=[N+]([O-])c1ccc(-c2nc(Nc3ccc(F)cc3)c3c4c(sc3n2)CCCC4)cc1,1,IC50,6.82,1,CHEMBL5632241
Cc1ccc(Nc2nc(-c3ccc([N+](=O)[O-])cc3)nc3sc4c(c23)CCCC4)cc1,1,IC50,6.92,1,CHEMBL5632910
O=[N+]([O-])c1ccc(-c2nc(Nc3ccc(Br)cc3)c3c4c(sc3n2)CCCC4)cc1,1,IC50,7.15,1,CHEMBL5632616
O=[N+]([O-])c1ccc(-c2nc(Nc3cccc(Br)c3)c3c4c(sc3n2)CCCC4)cc1,1,IC50,6.97,1,CHEMBL5633653
COc1ccc(-c2nc(Nc3ccc(F)cc3)c3c4c(sc3n2)CCCC4)cc1,1,IC50,7.12,1,CHEMBL5631308
COc1ccc(-c2nc(Nc3ccc(Br)cc3)c3c4c(sc3n2)CCCC4)cc1,1,IC50,7.12,1,CHEMBL5633780
COc1cc(-c2nc(Nc3ccc(F)cc3)c3c4c(sc3n2)CCCC4)cc(OC)c1OC,1,IC50,7.17,1,CHEMBL5632717
COc1cc(-c2nc(Nc3ccc(C)cc3)c3c4c(sc3n2)CCCC4)cc(OC)c1OC,1,IC50,7.0,1,CHEMBL5631731
COc1ccc(-c2nc(NNc3ncnc4sc5c(c34)CCCC5)c3c4c(sc3n2)CCCC4)cc1,1,IC50,7.19,1,CHEMBL5632088
CCC(SC1=NC(c2ccccc2)C(c2ccccc2)N1)C(=O)O,0,IC50,4.8,1,CHEMBL5631674
O=C(c1ccc(Cl)cc1)c1coc2c1cc(O)c1ccccc12,0,IC50,4.83,1,CHEMBL5633161
O=C(Nc1ccccc1NC(=O)c1ccc2c(c1)OCO2)c1ccc2c(c1)OCO2,0,IC50,4.59,1,CHEMBL5632749
NS(=O)(=O)c1ccc(-c2sncc2-c2ccc(F)cc2)cc1,1,IC50,7.16,1,CHEMBL5631482
CCNC(=O)C[C@@H]1N=C(c2ccc(Cl)cc2)c2cc(OC)ccc2-n2c(C)nnc21,0,IC50 (>),4.0,1,CHEMBL1232461
Cc1c(CCC(=O)O)cccc1NC(=O)C(c1ccc(-c2cncc(C(F)(F)F)c2)cc1)C1CCCC1,1,IC50,7.84,1,CHEMBL4464902
Cc1c(CCC(=O)O)cccc1NC(=O)[C@@H](c1ccc(-c2cncc(C(F)(F)F)c2)cc1)C1CCCC1,1,IC50,7.69,2,CHEMBL4439030
Cc1c(CCC(=O)O)cccc1NC(=O)[C@H](c1ccc(-c2cncc(C(F)(F)F)c2)cc1)C1CCCC1,1,IC50,6.7,1,CHEMBL5916986
Cc1c(CCC(=O)O)cccc1NC(=O)C(c1ccc(-c2ccc(C(F)(F)F)nc2)cc1)C1CCCC1,1,IC50,6.1,1,CHEMBL5996315
Cc1c(CCC(=O)O)cccc1NC(=O)C(c1ccc(-c2cncc(F)c2)cc1)C1CCCC1,1,IC50,6.79,1,CHEMBL4548001
CCOc1cncc(-c2ccc(C(C(=O)Nc3cccc(CCC(=O)O)c3C)C3CCCC3)cc2)c1,1,IC50,6.8,1,CHEMBL5935416
COCc1cncc(-c2ccc(C(C(=O)Nc3cccc(CCC(=O)O)c3C)C3CCCC3)cc2)c1,1,IC50,6.33,1,CHEMBL6004744
COc1cncc(-c2ccc(C(C(=O)Nc3cccc(CCC(=O)O)c3C)C3CCCC3)cc2)c1,1,IC50,6.47,1,CHEMBL6020166
Cc1ccncc1-c1ccc(C(C(=O)Nc2cccc(CCC(=O)O)c2C)C2CCCC2)cc1,1,IC50,6.24,1,CHEMBL4589764
CCc1cncc(-c2ccc(C(C(=O)Nc3cccc(CCC(=O)O)c3C)C3CCCC3)cc2)c1,1,IC50,7.11,1,CHEMBL5931366
Cc1c(CCC(=O)O)cccc1NC(=O)C(c1ccc(-c2cncc(C3CC3)c2)cc1)C1CCCC1,1,IC50,6.94,1,CHEMBL5873795
Cc1c(CCC(=O)O)cccc1NC(=O)C(c1ccc(-c2cncc(OC3CCOCC3)c2)cc1)C1CCCC1,1,IC50,6.94,1,CHEMBL6011699
Cc1c(CCC(=O)O)cccc1NC(=O)C(c1ccc(-c2cncc(Cl)c2)cc1)C1CCCC1,1,IC50,7.22,1,CHEMBL4462667
Cc1c(CCC(=O)O)cccc1NC(=O)[C@@H](c1ccc(-c2cncc(Cl)c2)cc1)C1CCCC1,1,IC50,7.46,2,CHEMBL4526207
COc1ccc(-c2ccc(C(C(=O)Nc3cccc(CCC(=O)O)c3C)C3CCCC3)cc2)cn1,1,IC50,6.63,1,CHEMBL5905971
Cc1c(CCC(=O)O)cccc1NC(=O)C(c1ccc(-c2ccc(F)nc2)cc1)C1CCCC1,1,IC50,6.26,1,CHEMBL5905366
Cc1cncc(-c2ccc(C(C(=O)Nc3cccc(CCC(=O)O)c3C)C3CCCC3)cc2)c1,1,IC50,6.79,1,CHEMBL4467934
Cc1ccc(-c2ccc(C(C(=O)Nc3cccc(CCC(=O)O)c3C)C3CCCC3)cc2)cn1,1,IC50,6.52,1,CHEMBL4463147
Cc1ncc(-c2ccc(C(C(=O)Nc3cccc(CCC(=O)O)c3C)C3CCCC3)cc2)cc1Cl,1,IC50,7.66,1,CHEMBL5805546
Cc1ncc(-c2ccc([C@H](C(=O)Nc3cccc(CCC(=O)O)c3C)C3CCCC3)cc2)cc1Cl,1,IC50,7.81,1,CHEMBL6012743
Cc1cc(-c2ccc(C(C(=O)Nc3cccc(CCC(=O)O)c3C)C3CCCC3)cc2)cnc1C,1,IC50,7.04,1,CHEMBL5990660
Cc1c(CCC(=O)O)cccc1NC(=O)C(c1ccc(-c2cncc(OC(F)F)c2)cc1)C1CCCC1,1,IC50,6.42,1,CHEMBL5928950
Cc1c(CCC(=O)O)cccc1NC(=O)C(c1ccc(-c2cncc(C(F)F)c2)cc1)C1CCCC1,1,IC50,7.11,1,CHEMBL5965770
Cc1c(CCC(=O)O)cccc1NC(=O)C(c1ccc(-c2cncc(CF)c2)cc1)C1CCCC1,1,IC50,6.73,1,CHEMBL6016795
Cc1c(CCC(=O)O)cccc1NC(=O)C(c1ccc(-c2cncc(Cl)c2)cc1)C1CC1,1,IC50,6.35,1,CHEMBL5998848
Cc1c(CCC(=O)O)cccc1NC(=O)C(c1ccc(-c2cncc(C(F)(F)F)c2)cc1)C1CC1,1,IC50,6.33,1,CHEMBL6050104
Cc1c(NC(=O)C(c2ccc(-c3cncc(C(F)(F)F)c3)cc2)C2CCCC2)cccc1OCC(=O)O,1,IC50,8.01,2,CHEMBL5951254
Cc1c(NC(=O)C(c2ccc(-c3cncc(Cl)c3)cc2)C2CCCC2)cccc1OCC(=O)O,1,IC50,7.85,2,CHEMBL4465808
COc1ccc(NC(=O)C(c2ccc(-c3cncc(Cl)c3)cc2)C2CCCC2)c(C)c1CCC(=O)O,1,IC50,7.84,2,CHEMBL4445257
COc1ccc(NC(=O)C(c2ccc(-c3cncc(C(F)(F)F)c3)cc2)C2CCCC2)c(C)c1CCC(=O)O,1,IC50,7.55,1,CHEMBL5948153
Cc1cc(C(C(=O)Nc2cccc(CCC(=O)O)c2C)C2CCCC2)ccc1-c1cncc(C(F)(F)F)c1,1,IC50,7.72,1,CHEMBL5993313
Cc1cc(C(C(=O)Nc2cccc(CCC(=O)O)c2C)C2CCCC2)ccc1-c1cncc(Cl)c1,1,IC50,7.34,1,CHEMBL4580607
Cc1c(CCC(=O)O)cccc1NC(=O)C(c1ccc(-c2cncc(Cl)c2)c(F)c1)C1CCCC1,1,IC50,7.75,4,CHEMBL4539396
CCOc1cncc(-c2ccc(C(C(=O)Nc3cccc(CCC(=O)O)c3C)C3CCCC3)cc2F)c1,1,IC50,7.26,1,CHEMBL5862040
Cc1c(CCC(=O)O)cccc1NC(=O)C(c1ccc(-c2cncc(C(F)(F)F)c2)c(F)c1)C1CCCC1,1,IC50,8.52,4,CHEMBL5965413
Cc1c(CCC(=O)O)cccc1NC(=O)C(c1ccc(-c2cncc(C(F)F)c2)c(F)c1)C1CCCC1,1,IC50,7.37,1,CHEMBL5753219
CCOc1cncc(-c2ccc(C(C(=O)Nc3cccc(CCC(=O)O)c3C)C3CCCC3)c(F)c2)c1,1,IC50,6.56,1,CHEMBL6059408
Cc1c(CCC(=O)O)cccc1NC(=O)C(c1ccc(-c2cncc(C(F)(F)F)c2)cc1F)C1CCCC1,1,IC50,7.27,1,CHEMBL6004658
Cc1c(CCC(=O)O)cccc1NC(=O)C(c1ccc(-c2cncc(C(F)(F)F)c2)cc1)C1CCC1,1,IC50,7.57,3,CHEMBL5956277
Cc1c(CCC(=O)O)cccc1NC(=O)C(c1ccc(-c2cncc(Cl)c2)cc1)C1CCC1,1,IC50,7.14,1,CHEMBL4526939
CCOc1cncc(-c2ccc(C(C(=O)Nc3cccc(CCC(=O)O)c3C)C3CCC3)cc2)c1,1,IC50,6.68,1,CHEMBL5802635
Cc1cc(-c2ccc(C(C(=O)Nc3cccc(CCC(=O)O)c3C)C3CCC3)cc2)cnc1C,1,IC50,6.71,1,CHEMBL5870159
Cc1c(CCC(=O)O)cccc1NC(=O)C(c1ccc(-c2cncc(F)c2)cc1)C1CCC1,1,IC50,6.32,1,CHEMBL5999783
Cc1ncc(-c2ccc(C(C(=O)Nc3cccc(CCC(=O)O)c3C)C3CCC3)cc2)cc1Cl,1,IC50,7.49,1,CHEMBL5813481
Cc1ncc(-c2ccc(C(C(=O)Nc3cccc(CCC(=O)O)c3C)C3CCC3)cc2)cc1F,1,IC50,6.83,1,CHEMBL5823678
Cc1c(CCC(=O)O)cccc1NC(=O)C(c1ccc(-c2cncc(OC(F)F)c2)cc1)C1CCC1,1,IC50,6.99,1,CHEMBL5925696
Cc1cncc(-c2ccc(C(C(=O)Nc3cccc(CCC(=O)O)c3C)C3CCC3)cc2)c1,1,IC50,6.46,1,CHEMBL5867934
Cc1c(CCC(=O)O)cccc1NC(=O)C(c1ccc(-c2cncc(Cl)c2)cc1)C1CCCCC1,1,IC50,6.71,1,CHEMBL5991932
Cc1c(CCC(=O)O)cccc1NC(=O)C(c1ccc(-c2cncc(C(F)(F)F)c2)cc1)C1CCCCC1,1,IC50,7.27,1,CHEMBL5781556
CCOc1cncc(-c2ccc(C(C(=O)Nc3cccc(CCC(=O)O)c3C)C3CCCCC3)cc2)c1,1,IC50,6.48,1,CHEMBL5931501
Cc1c(CC(C)C(=O)O)cccc1NC(=O)C(c1ccc(-c2cncc(C(F)(F)F)c2)cc1)C1CCCCC1,1,IC50,7.33,1,CHEMBL5770753
Cc1cc(-c2ccc(C(C(=O)Nc3cccc(CC(C)C(=O)O)c3C)C3CCCC3)cc2)cnc1C,1,IC50,6.93,1,CHEMBL5964778
Cc1ccc(-c2ccc(C(C(=O)Nc3cccc(CC(C)C(=O)O)c3C)C3CCCC3)cc2)cn1,1,IC50,6.36,1,CHEMBL5785601
Cc1c(CC(C)C(=O)O)cccc1NC(=O)C(c1ccc(-c2cncc(OC(F)F)c2)cc1)C1CCCC1,1,IC50,7.05,1,CHEMBL6063315
Cc1cncc(-c2ccc(C(C(=O)Nc3cccc(CC(C)C(=O)O)c3C)C3CCCC3)cc2)c1,1,IC50,6.76,1,CHEMBL5752700
Cc1ncc(-c2ccc(C(C(=O)Nc3cccc(CC(C)C(=O)O)c3C)C3CCCC3)cc2)cc1F,1,IC50,7.04,1,CHEMBL5889816
Cc1c(NC(=O)C(c2ccc(-c3cncc(Cl)c3)cc2)C2CCCC2)cccc1C(C)CC(=O)O,1,IC50,8.1,6,CHEMBL4549116
CCOc1cncc(-c2ccc(C(C(=O)Nc3cccc(C(C)CC(=O)O)c3C)C3CCCC3)cc2)c1,1,IC50,6.97,1,CHEMBL5754430
Cc1c(NC(=O)C(c2ccc(-c3cncc(C(F)(F)F)c3)cc2)C2CCCC2)cccc1C(C)CC(=O)O,1,IC50,7.69,1,CHEMBL5820928
CCc1cncc(-c2ccc(C(C(=O)Nc3cccc(C(C)CC(=O)O)c3C)C3CCCC3)cc2)c1,1,IC50,7.66,1,CHEMBL5870836
Cc1cc(-c2ccc(C(C(=O)Nc3cccc(C(C)CC(=O)O)c3C)C3CCCC3)cc2)cnc1C,1,IC50,7.45,1,CHEMBL6033211
Cc1cncc(-c2ccc(C(C(=O)Nc3cccc(C(C)CC(=O)O)c3C)C3CCCC3)cc2)c1,1,IC50,7.49,1,CHEMBL6033165
Cc1c(NC(=O)C(c2ccc(-c3cncc(F)c3)cc2)C2CCCC2)cccc1C(C)CC(=O)O,1,IC50,7.38,1,CHEMBL5797461
Cc1ncc(-c2ccc(C(C(=O)Nc3cccc(C(C)CC(=O)O)c3C)C3CCCC3)cc2)cc1F,1,IC50,7.43,1,CHEMBL5944897
Cc1ncc(-c2ccc(C(C(=O)Nc3cccc(C(C)CC(=O)O)c3C)C3CCCC3)cc2)cc1Cl,1,IC50,7.89,1,CHEMBL5818655
Cc1c(NC(=O)C(c2ccc(-c3cncc(C(F)F)c3)cc2)C2CCCC2)cccc1C(C)CC(=O)O,1,IC50,7.47,1,CHEMBL5915408
CCC(CC(=O)O)c1cccc(NC(=O)C(c2ccc(-c3cncc(C)c3)cc2)C2CCCC2)c1C,1,IC50,7.02,1,CHEMBL5895969
CCc1cncc(-c2ccc(C(C(=O)Nc3cccc(C(CC)CC(=O)O)c3C)C3CCCC3)cc2)c1,1,IC50,7.89,1,CHEMBL5874341
CCC(CC(=O)O)c1cccc(NC(=O)C(c2ccc(-c3cncc(F)c3)cc2)C2CCCC2)c1C,1,IC50,6.81,1,CHEMBL5956811
CCOc1cncc(-c2ccc(C(C(=O)Nc3cccc(C(CC)CC(=O)O)c3C)C3CCCC3)cc2)c1,1,IC50,6.97,1,CHEMBL5907624
Cc1ncc(-c2ccc(C(C(=O)Nc3cccc(C(CC(=O)O)C4CC4)c3C)C3CCCC3)cc2)cc1Cl,1,IC50,7.5,1,CHEMBL5953463
Cc1c(NC(=O)C(c2ccc(-c3cncc(C(F)(F)F)c3)cc2)C2CCCC2)cccc1C(CC(=O)O)C1CC1,1,IC50,7.6,1,CHEMBL5850333
Cc1c(NC(=O)C(c2ccc(-c3cncc(Cl)c3)cc2)C2CCCC2)cccc1C(CC(=O)O)C1CC1,1,IC50,7.26,1,CHEMBL5884986
CCOc1cncc(-c2ccc(C(C(=O)Nc3cccc(C(CC(=O)O)C4CC4)c3C)C3CCCC3)cc2)c1,1,IC50,7.27,1,CHEMBL6053309
Cc1c(NC(=O)C(c2ccc(-c3cncc(F)c3)cc2)C2CCCC2)cccc1C(CC(=O)O)C1CC1,1,IC50,7.29,1,CHEMBL5987478
Cc1cncc(-c2ccc(C(C(=O)Nc3cccc(C(CC(=O)O)C4CC4)c3C)C3CCCC3)cc2)c1,1,IC50,6.85,1,CHEMBL5860066
CCc1cncc(-c2ccc(C(C(=O)Nc3cccc(C(CC(=O)O)C4CC4)c3C)C3CCCC3)cc2)c1,1,IC50,7.53,1,CHEMBL5786741
Cc1c(NC(=O)C(c2ccc(-c3cncc(C(F)(F)F)c3)c(F)c2)C2CCCC2)cccc1C(C)CC(=O)O,1,IC50,8.46,4,CHEMBL6065113
Cc1ncc(-c2ccc(C(C(=O)Nc3cccc(C(C)CC(=O)O)c3C)C3CCCC3)cc2F)cc1Cl,1,IC50,8.3,5,CHEMBL5742625
Cc1c(NC(=O)C(c2ccc(-c3cncc(Cl)c3)c(F)c2)C2CCCC2)cccc1C(C)CC(=O)O,1,IC50,8.25,4,CHEMBL6015628
Cc1c(NC(=O)C(c2ccc(-c3cncc(C(F)(F)F)c3)cc2)C2CCC2)cccc1C(C)CC(=O)O,1,IC50,8.12,3,CHEMBL5813889
Cc1c(NC(=O)C(c2ccc(-c3cncc(Cl)c3)cc2)C2CCC2)cccc1C(C)CC(=O)O,1,IC50,7.9,3,CHEMBL5803930
Cc1ncc(-c2ccc(C(C(=O)Nc3cccc(C(C)CC(=O)O)c3C)C3CCC3)cc2)cc1Cl,1,IC50,7.87,4,CHEMBL5750987
Cc1c(NC(=O)C(c2ccc(-c3cncc(C(F)(F)F)c3)c(F)c2)C2CCC2)cccc1C(C)CC(=O)O,1,IC50,7.9,3,CHEMBL5834911
Cc1c(NC(=O)C(c2ccc(-c3cncc(Cl)c3)c(F)c2)C2CCC2)cccc1C(C)CC(=O)O,1,IC50,7.93,4,CHEMBL6002440
Cc1ncc(-c2ccc(C(C(=O)Nc3cccc(C4CC4C(=O)O)c3C)C3CCCC3)cc2)cc1Cl,1,IC50,7.37,1,CHEMBL5920693
CCOc1cncc(-c2ccc(C(C(=O)Nc3cccc(C4CC4C(=O)O)c3C)C3CCCC3)cc2)c1,1,IC50,6.8,1,CHEMBL5940445
Cc1c(NC(=O)C(c2ccc(-c3cncc(C(F)(F)F)c3)cc2)C2CCCC2)cccc1C1CC1C(=O)O,1,IC50,7.48,1,CHEMBL5904412
Cc1c(NC(=O)C(c2ccc(-c3cncc(Cl)c3)cc2)C2CCCC2)cccc1C1CC1C(=O)O,1,IC50,7.53,1,CHEMBL4440883
Cc1c(CCC(=O)O)cccc1NC(=O)C(c1ccc(-c2cncc(C(F)(F)F)c2)cc1Cl)C1CCCC1,1,IC50,6.56,1,CHEMBL5911762
Cc1c(CCC(=O)O)cc(F)cc1NC(=O)C(c1ccc(-c2cncc(C(F)(F)F)c2)cc1)C1CCCC1,1,IC50,6.53,1,CHEMBL5769934
Cc1ncc(-c2ccc(C(C(=O)Nc3cc(F)cc(CCC(=O)O)c3C)C3CCCC3)cc2)cc1Cl,1,IC50,6.59,1,CHEMBL5813721
CCOc1cncc(-c2ccc(C(C(=O)Nc3cc(F)cc(CCC(=O)O)c3C)C3CCCC3)cc2)c1,1,IC50,6.24,1,CHEMBL6034423
Cc1c(NCC(=O)O)cccc1NC(=O)C(c1ccc(-c2cncc(C(F)(F)F)c2)cc1)C1CCCC1,1,IC50,6.5,1,CHEMBL5797884
Cc1cc(C(C(=O)Nc2cccc(CCC(=O)O)c2C)C2CCCC2)c(Cl)cc1-c1cnc(C)c(Cl)c1,1,IC50,6.35,1,CHEMBL5847009
Cc1c(CCC(=O)O)cccc1NC(=O)C(c1ccc(-c2cncc(C(F)(F)F)c2)c(Cl)c1)C1CCCC1,1,IC50,7.46,1,CHEMBL6024033
Cc1ncc(-c2ccc(C(C(=O)Nc3cccc(CCC(=O)O)c3C)C3CCCC3)cc2Cl)cc1Cl,1,IC50,6.7,1,CHEMBL5834434
Cc1c(CCC(=O)O)cccc1NC(=O)C(c1ccc(-c2cncc(Cl)c2)c(Cl)c1)C1CCCC1,1,IC50,7.15,1,CHEMBL4571936
Cc1c(CCC(=O)O)cccc1NC(=O)C(c1cc(F)c(-c2cncc(Cl)c2)cc1F)C1CCCC1,1,IC50,6.57,1,CHEMBL5979463
Cc1c(CCC(=O)O)cccc1NC(=O)C(c1cc(F)c(-c2cncc(C(F)(F)F)c2)cc1F)C1CCCC1,1,IC50,7.07,1,CHEMBL5807086
Cc1ncc(-c2cc(F)c(C(C(=O)Nc3cccc(CCC(=O)O)c3C)C3CCCC3)cc2F)cc1Cl,1,IC50,7.18,1,CHEMBL5754064
Cc1cc(C(C(=O)Nc2cccc(CCC(=O)O)c2C)C2CCCC2)c(F)cc1-c1cnc(C)c(Cl)c1,1,IC50,6.13,1,CHEMBL5787555
Cc1cc(C(C(=O)Nc2cccc(CCC(=O)O)c2C)C2CCCC2)c(F)cc1-c1cncc(C(F)(F)F)c1,1,IC50,6.0,1,CHEMBL5931710
Cc1ncc(-c2ccc([C@H](C(=O)Nc3ccc(F)c(CCC(=O)O)c3C)C3CCCC3)cc2)cc1Cl,1,IC50,7.62,1,CHEMBL6021030
Cc1c(NC(=O)[C@@H](c2ccc(-c3cncc(Cl)c3)cc2)C2CCCC2)ccc(F)c1CCC(=O)O,1,IC50,7.16,1,CHEMBL5816277
Cc1c(NC(=O)[C@@H](c2ccc(-c3cncc(Cl)c3)cc2)C2CCCC2)cccc1N(C)CC(=O)O,1,IC50,7.36,1,CHEMBL6055461
Cc1ncc(-c2ccc([C@H](C(=O)Nc3cccc(N(C)CC(=O)O)c3C)C3CCCC3)cc2)cc1Cl,1,IC50,7.62,1,CHEMBL6006847
Cc1c(NC(=O)C(c2ccc(-c3cncc(C(F)(F)F)c3)c(F)c2)C2CCCC2)cccc1N(C)CC(=O)O,1,IC50,7.62,1,CHEMBL5917897
Cc1c(CCC(=O)O)cccc1NC(=O)[C@@H](c1ccc(-c2cncc(CC(C)C)c2)cc1)C1CCCC1,1,IC50,7.82,1,CHEMBL5752459
Cc1c(CCC(=O)O)cccc1NC(=O)[C@@H](c1ccc(-c2cncc(OC(C)C)c2)cc1)C1CCCC1,1,IC50,7.44,1,CHEMBL5806623
Cc1c(CCC(=O)O)cccc1NC(=O)[C@@H](c1ccc(-c2cncc(CC(F)(F)F)c2)cc1)C1CCCC1,1,IC50,7.22,1,CHEMBL6041334
Cc1ncc(-c2ccc([C@H](C(=O)Nc3cccc(CCC(=O)O)c3C)C3CCCC3)cc2)cc1C(F)(F)F,1,IC50,7.87,1,CHEMBL5961799
Cc1c(NC(=O)[C@@H](c2ccc(-c3cncc(Cl)c3)cc2)C2CCCC2)cccc1C(O)CC(=O)O,1,IC50,6.63,1,CHEMBL5779264
CCC(CC(=O)O)c1cccc(NC(=O)C(c2ccc(-c3cncc(CC(C)C)c3)c(F)c2)C2CCCC2)c1C,1,IC50,8.17,1,CHEMBL5822128
CCc1cncc(-c2ccc(C(C(=O)Nc3cccc(C(CC)CC(=O)O)c3C)C3CCCC3)cc2F)c1,1,IC50,7.98,1,CHEMBL6056696
Cc1c(CCC(=O)O)cccc1NC(=O)C(c1ccc(-c2cncc(CC(F)(F)F)c2)c(F)c1)C1CCCC1,1,IC50,7.13,1,CHEMBL5858648
Cc1c(CCC(=O)O)cccc1NC(=O)C(c1ccc(-c2cnc(F)c(C(F)(F)F)c2)c(F)c1)C1CCCC1,1,IC50,7.71,1,CHEMBL5953919
Cc1ncc(-c2ccc(C(C(=O)Nc3cccc(CCC(=O)O)c3C)C3CCCC3)cc2F)cc1CC(C)C,1,IC50,7.7,1,CHEMBL6049244
Cc1c(CCC(=O)O)cccc1NC(=O)C(c1ccc(-c2cncc(OC(C)C)c2)c(F)c1)C1CCCC1,1,IC50,7.52,1,CHEMBL5952464
CCC(CC(=O)O)c1cccc(NC(=O)[C@@H](c2ccc(-c3cncc(CC(F)(F)F)c3)cc2)C2CCCC2)c1C,1,IC50,7.75,1,CHEMBL6034267
CCC(CC(=O)O)c1cccc(NC(=O)C(c2ccc(-c3cnc(C)c(C(F)(F)F)c3)c(F)c2)C2CCCC2)c1C,1,IC50,8.18,1,CHEMBL6039519
CCC(CC(=O)O)c1cccc(NC(=O)[C@@H](c2ccc(-c3cncc(CC(C)C)c3)cc2)C2CCCC2)c1C,1,IC50,7.98,1,CHEMBL5749541
CCC(CC(=O)O)c1cccc(NC(=O)[C@@H](c2ccc(-c3cncc(OC(C)C)c3)cc2)C2CCCC2)c1C,1,IC50,7.78,1,CHEMBL5891502
CCc1cncc(-c2ccc([C@H](C(=O)Nc3cccc(C(CC)CC(=O)O)c3C)C3CCCC3)cc2)c1,1,IC50,7.68,1,CHEMBL6029512
Cc1c(CCC(=O)O)cccc1NC(=O)C(c1ccc(-c2cncc(CC(F)(F)F)c2)c(F)c1)C1CCC1,1,IC50,7.18,1,CHEMBL5810789
Cc1ncc(-c2ccc(C(C(=O)Nc3cccc(CCC(=O)O)c3C)C3CCC3)cc2F)cc1C(F)(F)F,1,IC50,8.0,1,CHEMBL6002834
Cc1c(CCC(=O)O)cccc1NC(=O)C(c1ccc(-c2cncc(CC(C)C)c2)c(F)c1)C1CCC1,1,IC50,7.85,1,CHEMBL6006394
Cc1c(CCC(=O)O)cccc1NC(=O)C(c1ccc(-c2cncc(C(F)(F)F)c2)c(F)c1)C1CCC1,1,IC50,7.55,1,CHEMBL5935171
Cc1c(CCC(=O)O)cccc1NC(=O)C(c1ccc(-c2cncc(OC(C)C)c2)c(F)c1)C1CCC1,1,IC50,7.41,1,CHEMBL5744428
CCc1cncc(-c2ccc(C(C(=O)Nc3cccc(CCC(=O)O)c3C)C3CCC3)cc2F)c1,1,IC50,7.46,1,CHEMBL5789131
Cc1ncc(-c2ccc(C(C(=O)Nc3cccc(CCC(=O)O)c3C)C3CCCC3)cc2)cc1F,1,IC50,6.72,1,CHEMBL5931116
COc1c(CCC(=O)O)cccc1NC(=O)C(c1ccc(-c2cncc(Cl)c2)cc1)C1CCCC1,1,IC50,6.25,1,CHEMBL4438026
COc1c(CCC(=O)O)cccc1NC(=O)C(c1ccc(-c2cncc(C(F)(F)F)c2)cc1)C1CCCC1,1,IC50,6.48,1,CHEMBL5782978
O=C(O)CCc1cccc(NC(=O)[C@@H](c2ccc(-c3cncc(Cl)c3)cc2)C2CCCC2)c1C(F)(F)F,1,IC50,6.42,1,CHEMBL5939745
O=C(O)CCc1cccc(NC(=O)[C@@H](c2ccc(-c3cncc(C(F)(F)F)c3)cc2)C2CCCC2)c1C(F)(F)F,1,IC50,6.59,1,CHEMBL5803167
CC[C@H](C(=O)O)c1ccc2cc(OC)ccc2c1,0,IC50 (>),4.6,1,CHEMBL4466610
Cc1cccc2[nH]c(C3CCCN(C(=O)c4ccccc4NCC(=O)O)C3)nc12,1,IC50,7.17,1,CHEMBL5941634
CCOC(=O)c1cn(-c2cc(C#N)ccc2O)cc(Oc2ccccc2)c1=O,1,IC50,7.32,1,CHEMBL5897417
O=C(/C=C/c1ccccc1)c1cc(-n2cc(-c3ccccc3)nn2)ccc1O,1,IC50,7.43,1,CHEMBL6083062
Cc1ccc(/C=C/C(=O)c2cc(-n3cc(-c4ccccc4)nn3)ccc2O)cc1,1,IC50,7.43,1,CHEMBL6087362
CN(C)C(=O)c1ccc(/C=C/C(=O)c2cc(-n3cc(-c4ccccc4)nn3)ccc2O)cc1,1,IC50,7.43,1,CHEMBL6078511
O=C(/C=C/C=C/c1ccccc1)c1cc(-n2cc(-c3ccccc3)nn2)ccc1O,1,IC50,7.43,1,CHEMBL6083114
O=C(/C=C/c1ccc(Br)cc1)c1cc(-n2cc(-c3ccccc3)nn2)ccc1O,1,IC50,7.43,1,CHEMBL6078542
O=C(/C=C/c1ccc(Cl)cc1)c1cc(-n2cc(-c3ccccc3)nn2)ccc1O,1,IC50,7.43,1,CHEMBL6146676
O=C(/C=C/c1ccc(O)cc1)c1cc(-n2cc(-c3ccccc3)nn2)ccc1O,1,IC50,7.43,1,CHEMBL6102443
COc1ccc(/C=C/C(=O)c2cc(-n3cc(-c4ccccc4)nn3)ccc2O)cc1,1,IC50,7.43,1,CHEMBL6102917
COc1ccc(/C=C/C(=O)c2cc(-n3cc(-c4ccccc4)nn3)ccc2O)cc1OC,1,IC50,7.43,1,CHEMBL6146475
COc1cc(/C=C/C(=O)c2cc(-n3cc(-c4ccccc4)nn3)ccc2O)cc(OC)c1OC,1,IC50,7.43,1,CHEMBL6103013
O=C(/C=C/c1ccccc1)c1cc(-n2cc(CN3C(=O)C(=O)c4ccccc43)nn2)ccc1O,1,IC50,7.43,1,CHEMBL6103414
Cc1ccc(/C=C/C(=O)c2cc(-n3cc(CN4C(=O)C(=O)c5ccccc54)nn3)ccc2O)cc1,1,IC50,7.43,1,CHEMBL6078738
CN(C)C(=O)c1ccc(/C=C/C(=O)c2cc(-n3cc(CN4C(=O)C(=O)c5ccccc54)nn3)ccc2O)cc1,1,IC50,7.43,1,CHEMBL6108979
O=C(/C=C/C=C/c1ccccc1)c1cc(-n2cc(CN3C(=O)C(=O)c4ccccc43)nn2)ccc1O,1,IC50,7.43,1,CHEMBL6143746
O=C(/C=C/c1ccc(Br)cc1)c1cc(-n2cc(CN3C(=O)C(=O)c4ccccc43)nn2)ccc1O,1,IC50,7.43,1,CHEMBL5568820
O=C(/C=C/c1ccc(Cl)cc1)c1cc(-n2cc(CN3C(=O)C(=O)c4ccccc43)nn2)ccc1O,1,IC50,7.43,1,CHEMBL6078456
O=C(/C=C/c1ccc(O)cc1)c1cc(-n2cc(CN3C(=O)C(=O)c4ccccc43)nn2)ccc1O,1,IC50,7.43,1,CHEMBL6078364
COc1ccc(/C=C/C(=O)c2cc(-n3cc(CN4C(=O)C(=O)c5ccccc54)nn3)ccc2O)cc1OC,1,IC50,7.43,1,CHEMBL6103051
COc1cc(/C=C/C(=O)c2cc(-n3cc(CN4C(=O)C(=O)c5ccccc54)nn3)ccc2O)cc(OC)c1OC,1,IC50,7.43,1,CHEMBL6103169
CCNC(=O)COc1ccc(/C=C/c2cc(OC)cc(OC)c2/C=N/OCc2ccccc2)cc1,1,IC50,6.97,1,CHEMBL6160323
CCNC(=O)COc1ccc(/C=C/c2cc(OC)cc(OC)c2/C=N/OCc2ccc(F)cc2)cc1,1,IC50,6.95,1,CHEMBL6142547
COc1cc(/C=C/c2ccc(OCC(=O)NCCCO)cc2)c(/C=N/OCc2ccc(F)cc2)c(OC)c1,1,IC50,7.07,1,CHEMBL6132644
COc1cc(/C=C/c2ccc(OCC(=O)NCCCO)cc2)c(/C=N/OCc2ccc(Cl)cc2)c(OC)c1,1,IC50,6.89,1,CHEMBL6159917
COc1cc(/C=C/c2ccc(OCC(=O)NCCCO)cc2)c(/C=N/OCc2ccc(Cl)c(F)c2)c(OC)c1,1,IC50,6.85,1,CHEMBL6134067
COc1ccc2cc(C(C)C(=O)O/N=C(\N)c3ccc4ccccc4c3)ccc2c1,1,IC50,8.19,1,CHEMBL6150524
COc1ccc2cc([C@H](C)C(=O)Oc3ccc(N(C)N=O)cc3)ccc2c1,0,IC50,4.93,1,CHEMBL6162638
CC(C(=O)Oc1ccc(N(C)N=O)cc1)c1cccc(C(=O)c2ccccc2)c1,1,IC50,7.16,1,CHEMBL6150397
COc1ccc2c(c1)c(CC(=O)Oc1ccc(N(C)N=O)cc1)c(C)n2C(=O)c1ccc(Cl)cc1,1,IC50,7.1,1,CHEMBL6142675
CCc1cccc2c3c([nH]c12)C(CC)(CC(=O)Oc1ccc(N(C)N=O)cc1)OCC3,1,IC50,6.96,1,CHEMBL6163207
CC(C(=O)Oc1ccc(N(C)N=O)cc1)c1cccc(Oc2ccccc2)c1,0,IC50,4.54,1,CHEMBL6147839
CC1=C(CC(=O)Oc2ccc(N(C)N=O)cc2)c2cc(F)ccc2/C1=C\c1ccc([S+](C)[O-])cc1,0,IC50,4.8,1,CHEMBL6163982
NS(=O)(=O)c1ccc(-c2nnc(SCC(=O)O)n2-c2ccc(I)cc2)cc1,1,IC50,7.27,1,CHEMBL6143377
COc1ccc(C=Nn2c(S)nnc2-c2cnn(-c3ccc(S(C)(=O)=O)cc3)c2C)cc1OC,1,IC50,6.25,1,CHEMBL6164518
O=C(CN1C(=O)S/C(=C\c2ccc(O)cc2)C1=O)Nc1nc2ccccc2s1,0,IC50,4.94,1,CHEMBL6164282
O=C(CN1C(=O)S/C(=C\c2c[nH]c3ccccc23)C1=O)Nc1nc2ccccc2s1,0,IC50,4.41,1,CHEMBL6160940
O=C(CN1C(=O)S/C(=C\c2c[nH]c3ccccc23)C1=O)Nc1nccs1,0,IC50,4.67,1,CHEMBL6120693
O=C1S/C(=C\c2c[nH]c3ccccc23)C(=O)N1CNc1nc(-c2ccccc2)cs1,0,IC50,4.34,1,CHEMBL6143056
O=C1S/C(=C\c2ccc(-c3ccccc3)cc2)C(=O)N1CNc1nc(-c2ccccc2)cs1,0,IC50 (>),4.0,1,CHEMBL6143644
O=C1S/C(=C\c2ccccc2)C(=O)N1CNc1nc(-c2cc(Cl)cs2)c(Nc2ccccc2)s1,1,IC50,6.21,1,CHEMBL6134104
C/C=C1\SC(=O)N(CNc2nc(-c3cc(Cl)cs3)c(Nc3ccc(S(N)(=O)=O)cc3)s2)C1=O,1,IC50,7.09,1,CHEMBL6142321
O=C(/C=C/c1ccccc1)Nc1ccc2sc(NCN3C(=O)CSC3=O)nc2c1,1,IC50,6.97,1,CHEMBL6169853
COc1cc(/C=C/C(=O)Nc2ccc3sc(NCN4C(=O)CSC4=O)nc3c2)ccc1O,1,IC50,6.73,1,CHEMBL6149620
O=C1S/C(=C\c2ccccc2)C(=O)N1c1csc(Nc2ccccc2)n1,0,IC50,4.87,1,CHEMBL6167518
O=C1S/C(=C\c2c[nH]c3ccccc23)C(=O)N1c1csc(Nc2ccccc2)n1,0,IC50,4.82,1,CHEMBL6167102
CS(=O)(=O)c1ccc(-n2cc(/C=C3/SC(=O)NC3=O)c(-c3ccccc3)n2)cc1,1,IC50,6.32,1,CHEMBL6142186
O=C1CCC(N2C(=O)c3cccc(NC4CCC(NC(=O)CCCCn5cc(CCC(=O)Oc6ccccc6C(=O)O)nn5)CC4)c3C2=O)C(=O)N1,0,IC50,4.27,1,CHEMBL6168386
CC(=O)c1ccccc1C(=O)N1CCN(Cc2nc(C)c(C)nc2C)CC1,1,IC50,7.44,1,CHEMBL6151137
O=Cc1ccc2c(c1)[C@@H](c1cc(O)cc(O)c1)[C@H](c1ccc(O)cc1)O2,0,IC50,4.71,1,CHEMBL6161756
CCO[C@@H](c1cc(O)cc(O)c1)C(c1ccc(O)cc1)c1c(O)cc(O)cc1/C=C/c1ccc(O)cc1,0,IC50,4.91,1,CHEMBL6152722
Oc1ccc(/C=C/c2cc(O)cc(O)c2I)cc1,0,IC50,4.96,1,CHEMBL6171615
Oc1ccc(/C=C/c2cc(O)cc(O)c2Cl)cc1,0,IC50,4.88,1,CHEMBL6151891
COc1ccc2c(c1)c(CC(=O)[S-])c(C)n2C(=O)c1ccc(Cl)cc1,1,IC50,8.02,1,CHEMBL6151663
O=C([S-])Cc1ccccc1Nc1c(Cl)cccc1Cl,1,IC50,7.03,1,CHEMBL6174655
CC(C(=O)[S-])c1ccc(-c2ccccc2)c(F)c1,1,IC50,6.59,1,CHEMBL6163777
Cc1c(C(=O)NNC(=O)Nc2ccccc2)sc2nc3ccccc3n12,1,IC50,6.69,1,CHEMBL6173435
Cc1nc(-c2sc3nc4ccccc4n3c2C)ccc1C(=O)NNC(=O)Nc1ccccc1,1,IC50,6.76,1,CHEMBL6146883
NNC(N)=S,1,IC50,10.05,1,CHEMBL256250
Clc1ccc(-c2nnc(CN3CCN(C(c4ccccc4)c4ccc(Cl)cc4)CC3)o2)cc1,1,Ki,6.66,1,CHEMBL6171680
OCCc1ccc(N=C=S)cc1,1,IC50,7.7,1,CHEMBL6190961
O=C(OCCc1ccc(N=C=S)cc1)c1ccc(F)cc1,1,IC50,7.6,1,CHEMBL6192695
COc1ccc(/C=C2\SC(=S)N(NC(=O)c3sc4ccccc4c3Cl)C2=O)cc1OC,1,IC50,6.17,1,CHEMBL6188390
CCOC(=O)c1c(-c2ccc(OC)cc2)[nH]c2c(/N=N/c3ccc(O)cc3)c(N)nn2c1=O,1,IC50,7.16,1,CHEMBL6190623
CCOC(=O)c1c(-c2ccc([N+](=O)[O-])cc2)[nH]c2c(/N=N/c3ccc(O)cc3)c(N)nn2c1=O,1,IC50,7.13,1,CHEMBL6192453
CCOC(=O)c1c(-c2ccc(OC)cc2)nc2c(/N=N/c3ccc(O)cc3)c(N)nn2c1C,1,IC50,7.22,1,CHEMBL6192955
CCOC(=O)c1c(-c2ccc([N+](=O)[O-])cc2)nc2c(/N=N/c3ccc(O)cc3)c(N)nn2c1C,1,IC50,7.02,1,CHEMBL6193598
Cc1ccc(-c2cc(-c3cccs3)n3nc(N)c(/N=N/c4ccc(O)cc4)c3n2)cc1,1,IC50,7.27,1,CHEMBL6188587
Nc1nn2c(-c3cccs3)cc(-c3ccc(Br)cc3)nc2c1/N=N/c1ccc(O)cc1,1,IC50,6.93,1,CHEMBL6191878
Nc1nn2c(-c3cccs3)cc(-c3ccc(F)cc3)nc2c1/N=N/c1ccc(O)cc1,1,IC50,6.59,1,CHEMBL6190014
CN(C)c1ccc(-c2nc3c(/N=N/c4ccc(O)cc4)c(N)nn3c(N)c2C#N)cc1,1,IC50,7.22,1,CHEMBL6189784
N#Cc1c(-c2ccc(F)cc2)nc2c(/N=N/c3ccc(O)cc3)c(N)nn2c1N,1,IC50,7.06,1,CHEMBL6192653
