smiles,label,type,pChEMBL,n_records,chembl_ids
C[C@]12CC[C@H]3[C@@H](CCC4=CC(=O)CC[C@@]43C)[C@@H]1CC[C@@H]2O,1,Ki,6.22,1,CHEMBL386630
C[C@]12CC[C@H]3[C@@H](CC=C4C[C@@H](O)CC[C@@]43C)[C@@H]1CC[C@@H]2[C@H]1CN1,0,IC50 (>),4.3,1,CHEMBL2111947
CCn1c(C(c2ccc(F)cc2)n2ccnc2)c(C)c2cc(Br)ccc21,1,IC50,6.62,2,CHEMBL431859
CCn1cc(C(c2ccc(F)cc2)n2ccnc2)c2ccccc21,1,IC50,7.24,2,CHEMBL113637
Clc1ccccc1Cn1cc(Cn2ccnc2)c2ccccc21,1,IC50,7.27,2,CHEMBL112021
CCn1ccc2cc(C(c3ccc(F)cc3)n3ccnc3)ccc21,1,IC50,7.4,5,CHEMBL41761
Cn1cc(C(c2ccc(F)cc2)n2ccnc2)c2cc(Br)ccc21,1,IC50,7.11,2,CHEMBL111868
CCn1cc(C(c2ccc(F)cc2)n2ccnc2)c2cc(Br)ccc21,1,IC50,7.29,2,CHEMBL111888
CCn1ccc2cc(C(c3ccccc3)n3ccnc3)ccc21,1,IC50,6.69,2,CHEMBL112074
N#Cc1ccc(Cn2cc(Cn3ccnc3)c3ccccc32)cc1,1,IC50,7.3,2,CHEMBL324326
c1ccc2c(c1)CCC1C(c3cc[nH]n3)C21,0,IC50,4.29,2,CHEMBL353068
O=C1/C(=C/c2cccnn2)CCc2ccccc21,0,IC50 (>),3.6,1,CHEMBL166709
C[C@]12CC[C@H]3[C@@H](CC=C4[C@H](O)CCC[C@@]43CO)[C@@H]1CCC2=O,1,Ki,6.1,1,CHEMBL1630273
C[C@]12CCCC=C1[C@H](O)C[C@@H]1[C@@H]2CC[C@]2(C)C(=O)CC[C@@H]12,1,Ki,8.22,5,CHEMBL1630261
O=C1/C(=C\c2c[nH]cn2)CCc2ccccc21,1,IC50,6.77,1,CHEMBL169251
C[C@]12CC[C@H]3[C@@H](CCC4=CCCC[C@@]43CO)[C@@H]1CCC2=O,1,Ki,8.24,7,CHEMBL1629805
c1ccc2c(c1)CCC1C(c3ccsc3)C21,0,IC50 (>),3.6,1,CHEMBL433728
CCCN1C(=O)CCC(CC)(c2ccncc2)C1=O,0,IC50,4.51,1,CHEMBL38877
O=C1c2ccccc2CCC1C(O)c1cnccn1,0,IC50 (>),3.6,1,CHEMBL169449
CCCCN1C(=O)CCC(CC)(c2ccncc2)C1=O,0,IC50,4.4,1,CHEMBL39275
CCCCCN1C(=O)CCC(CC)(c2ccncc2)C1=O,0,IC50,4.68,1,CHEMBL39513
CC(=O)O[C@H]1CCC[C@@]2(CO)C1=CC[C@@H]1[C@@H]2CC[C@]2(C)C(=O)CC[C@@H]12,0,IC50,4.96,1,CHEMBL2112738
CCC1(c2ccncc2)CCC(=O)NC1=O,0,Ki,4.85,2,CHEMBL289116
CCC1(c2ccncc2)CCC(=O)N(C)C1=O,0,IC50,4.52,1,CHEMBL39782
c1ccc2c(c1)CCC1C(c3ccncc3)C21,1,IC50,6.73,3,CHEMBL304903
O=C1/C(=C/c2c[nH]cn2)CCc2ccccc21,1,IC50,6.58,2,CHEMBL168434
c1ccc2c(c1)CCC1C(c3c[nH]cn3)C21,1,IC50,6.22,2,CHEMBL352645
CC(=O)O[C@H]1CCC[C@@]2(C)C1=CC[C@@H]1[C@@H]2CC[C@]2(C)C(=O)CC[C@@H]12,1,Ki,7.05,4,CHEMBL2112739
c1cncc(C2C3CCc4ccccc4C32)c1,0,IC50,4.89,2,CHEMBL440930
C[C@]12CC[C@H]3[C@@H](CC=C4[C@@H](O)CCC[C@@]43CO)[C@@H]1CCC2=O,1,Ki,8.47,5,CHEMBL1630274
C[C@]12CCCC=C1CC[C@@H]1[C@@H]2CC[C@]2(C)C(=O)CC[C@@H]12,1,IC50,10.22,12,CHEMBL1629804
CCCCCCCCN1C(=O)CCC(CC)(c2ccncc2)C1=O,1,Ki,6.92,4,CHEMBL39661
c1ccc(C2C3CCc4ccccc4C32)nc1,0,IC50 (>),3.6,1,CHEMBL166789
C[C@]12CCC[C@@H](O)C1=CC[C@@H]1[C@@H]2CC[C@]2(C)C(=O)CC[C@@H]12,1,Ki,7.24,3,CHEMBL3349856
C[C@]12CC[C@H]3[C@@H](C[C@@H](O)C4=CCCC[C@@]43CO)[C@@H]1CCC2=O,1,Ki,6.96,4,CHEMBL1630267
O=C1/C(=C/c2cc[nH]n2)CCc2ccccc21,0,IC50,4.75,2,CHEMBL415753
C[C@]12CCC[C@H](O)C1=CC[C@@H]1[C@@H]2CC[C@]2(C)C(=O)CC[C@@H]12,1,Ki,7.6,4,CHEMBL3349864
C[C@]12CCCC=C1[C@@H](O)C[C@@H]1[C@@H]2CC[C@]2(C)C(=O)CC[C@@H]12,1,Ki,7.92,5,CHEMBL1629806
O=C1c2ccccc2CCC1C(O)c1cccnn1,0,IC50 (>),3.6,1,CHEMBL169664
O=C1c2ccccc2CCC1C(O)c1ccnnc1,0,IC50 (>),3.6,1,CHEMBL168762
O=C1/C(=C/c2cnccn2)CCc2ccccc21,0,IC50,4.42,2,CHEMBL413344
O=C1c2ccccc2CCC1C(O)c1ccncn1,0,IC50,4.57,2,CHEMBL168444
c1ccc(C2C3CCc4ccccc4C32)cc1,0,IC50 (>),3.6,1,CHEMBL168700
Nc1ncc(/C=C2\CCc3ccccc3C2=O)s1,0,IC50 (>),3.6,1,CHEMBL355681
C[C@]12CC[C@H]3[C@@H](C[C@H](O)C4=CCCC[C@@]43CO)[C@@H]1CCC2=O,1,Ki,6.6,2,CHEMBL1630266
CC(=O)O[C@@H]1CCC[C@@]2(C)C1=CC[C@@H]1[C@@H]2CC[C@]2(C)C(=O)CC[C@@H]12,1,Ki,7.22,3,CHEMBL2111917
O=C1/C(=C/c2ccccn2)CCc2ccccc21,0,IC50 (>),3.6,1,CHEMBL424203
C[C@]12CC[C@H]3[C@@H](CC=C4CCCC[C@@]43CO)[C@@H]1CCC2=O,1,Ki,6.0,2,CHEMBL1630911
O=C1/C(=C/c2ccccc2)CCc2ccccc21,0,IC50 (>),3.6,1,CHEMBL28689
O=C1/C(=C/c2ccsc2)CCc2ccccc21,0,IC50 (>),3.6,1,CHEMBL166974
C[C@]12CCCCC1=CC[C@@H]1[C@@H]2CC[C@]2(C)C(=O)CC[C@@H]12,1,Ki,6.92,5,CHEMBL2311169
CCCCCCCCC1(c2ccncc2)CCC(=O)NC1=O,1,Ki,7.05,4,CHEMBL38472
C[C@]12CCC(=O)C=C1C[C@@H](CCCc1ccccc1)[C@@H]1[C@@H]2CC[C@]2(C)C(=O)CC[C@@H]12,1,Ki,7.78,3,CHEMBL3349657
C[C@]12CCC(=O)C=C1C[C@H](CCc1ccccc1)[C@@H]1[C@@H]2CC[C@]2(C)C(=O)CC[C@@H]12,1,Ki,7.44,3,CHEMBL3349655
CSc1cc2c(cc1C(F)(F)F)N(C(=O)Nc1cccnc1)CC2,0,IC50 (>),4.0,1,CHEMBL276140
C[C@]12CC[C@H]3[C@@H]([C@H](Cc4ccccc4)CC4=CC(=O)CC[C@@]43C)[C@@H]1CC[C@@H]2O,1,Ki,7.44,3,CHEMBL3349658
C[C@]12CCC(=O)C=C1C[C@H](Cc1ccccc1)[C@@H]1[C@@H]2CC[C@]2(C)C(=O)CC[C@@H]12,1,Ki,7.44,3,CHEMBL3349656
C[C@]12CC[C@H]3[C@@H]([C@H](CCc4ccccc4)CC4=CC(=O)CC[C@@]43C)[C@@H]1CC[C@@H]2O,1,Ki,7.44,3,CHEMBL3349659
C[C@]12CCC(=O)C=C1C[C@@H](Sc1ccc(N)cc1)[C@@H]1[C@@H]2CC[C@]2(C)C(=O)CC[C@@H]12,1,Ki,7.75,4,CHEMBL3245357
Cn1ccc2cc3c(cc21)CCN3C(=O)Nc1cccnc1,0,IC50 (>),4.0,1,CHEMBL297784
Cc1cc2c(cc1Cl)N(C(=O)Nc1ccc(Oc3cccnc3C)nc1)CC2,0,IC50 (>),4.0,1,CHEMBL14563
C[C@]12C=CC(=O)C=C1C[C@@H](Sc1ccc(N)cc1)[C@@H]1[C@@H]2CC[C@]2(C)C(=O)CC[C@@H]12,1,Ki,8.0,2,CHEMBL3349548
C#CC[C@]12CCC(=O)C=C1CC[C@@H]1[C@@H]2CC[C@]2(C)C(=O)CC[C@@H]12,1,Ki,8.4,5,CHEMBL2105261
O=C1CC(c2ccccc2)Oc2ccccc21,0,IC50,4.86,3,CHEMBL274318
C[C@]12C=CC(=O)C=C1CC[C@@H]1[C@@H]2CC[C@]2(C)OC(=O)CC[C@@H]12,0,Ki,4.46,1,CHEMBL1571
C[C@]12CCC3C(CCC4=CC(=O)CC[C@@]43C(O)CCl)C1CCC2=O,1,Ki,7.2,1,CHEMBL48160
C#CC[C@H]1CC2C(CCC3(C)C(=O)CCC23)C2CCC(=O)C=C21,1,IC50,6.73,2,CHEMBL113739
C[C@]12CCC3C(CCC4=CC(=O)[C@H]5CC[C@]43C5)C1CCC2=O,1,Ki,7.16,1,CHEMBL300921
C[C@]12CCC3C(CCC4=CC(=O)CC[C@@]43C(O)CBr)C1CCC2=O,1,Ki,7.57,1,CHEMBL298172
C#CC[C@H]1CC2C3CCC(=O)C3(C)CCC2C2(C)CCC(=O)C=C12,1,IC50,6.75,2,CHEMBL113121
C[C@]12CCC3C(CCC4=CC(=O)[C@H]5C[C@@H](O)[C@]43C5)C1CCC2=O,1,Ki,6.06,1,CHEMBL297073
C[C@]12CCC(=O)C=C1C[C@@H](CCc1ccccc1)[C@@H]1[C@@H]2CC[C@]2(C)C(=O)CC[C@@H]12,1,Ki,7.88,3,CHEMBL3349549
COc1ccc2c(c1)OC(c1ccccc1)/C(=C\c1ccncc1)C2=O,1,IC50,6.21,2,CHEMBL10137
C#CC[C@@H]1CC2C3CCC(=O)C3(C)CCC2C2(C)CCC(=O)C=C12,1,IC50,7.51,2,CHEMBL113082
C[C@]12CCC3C(CCC4=CC(=O)CC[C@@]43C(O)CI)C1CCC2=O,1,Ki,7.96,1,CHEMBL48460
C[C@]12CCC(=O)C=C1C[C@@H](Cc1ccccc1)[C@@H]1[C@@H]2CC[C@]2(C)C(=O)CC[C@@H]12,1,Ki,7.88,3,CHEMBL3349550
C[C@]12CCC3C(CCC4=CC(=O)CC[C@@]43C(=O)CBr)C1CCC2=O,1,Ki,6.72,1,CHEMBL416282
O=C1/C(=C/c2ccncc2)C(c2ccccc2)Oc2ccccc21,1,IC50,6.1,2,CHEMBL10026
CC12CCC3C(CCC4=C(O)C(=O)CCC43C)C1CCCC2=O,1,Ki,7.99,1,CHEMBL304515
C[C@]12CCC3C(CCC4=CC(=O)[C@H]5C[C@H](O)[C@]43C5)C1CCC2=O,1,Ki,6.03,1,CHEMBL296617
C#CC[C@@H]1CC2C(CCC3(C)C(=O)CCC23)C2CCC(=O)C=C21,1,IC50,6.56,2,CHEMBL109211
CCCCCCCCCCN1C(=O)C2CC(c3ccc(N)cc3)(C2)C1=O,1,IC50,6.65,1,CHEMBL27879
Nc1ccc([C@@]23C[C@@H]2C(=O)NC3=O)cc1,1,IC50,6.0,1,CHEMBL27386
Nc1ccc(C23CC2C(=O)N(CC2CCCCC2)C3=O)cc1,1,IC50,8.3,5,CHEMBL281947
Nc1ccc(C23CC(C2)C(=O)N(CC2CCCCC2)C3=O)cc1,1,IC50,7.01,1,CHEMBL27546
CC(C)CN1C(=O)C2CC(c3ccc(N)cc3)(C2)C1=O,1,IC50,7.21,2,CHEMBL286506
CCCCCN1C(=O)C2CC2(c2ccc(N)cc2)C1=O,1,Ki,7.7,5,CHEMBL26651
CCCCCN1C(=O)C2CC(c3ccc(N)cc3)(C2)C1=O,1,IC50,7.51,2,CHEMBL27591
CCCCCCCN1C(=O)C2CC(c3ccc(N)cc3)(C2)C1=O,1,IC50,7.31,2,CHEMBL28173
COc1ccc(CN2C(=O)C3CC(c4ccc(N)cc4)(C3)C2=O)cc1,1,IC50,6.62,2,CHEMBL28290
Nc1ccc(C23CC(C2)C(=O)N(C2CCCCC2)C3=O)cc1,1,IC50,7.89,3,CHEMBL27467
CCCN1C(=O)C2CC(c3ccc(N)cc3)(C2)C1=O,1,IC50,6.96,2,CHEMBL27698
C[C@]12CCC3C(CCC4=CC(=O)CC[C@]43C3CO3)C1CCC2=O,1,Ki,8.15,2,CHEMBL26093
C[C@]12CC[C@H]3[C@@H](CCC4=CC(=O)CC[C@@]43C[C@H]3CO3)[C@@H]1CCC2=O,1,Ki,7.07,2,CHEMBL2113269
C[C@]12CCC3C(CCC4=CC(=O)CC[C@]43C3CS3)C1CCC2=O,1,Ki,9.0,2,CHEMBL281433
C[C@]12CC[C@H]3[C@@H](CCC4=CC(=O)CC[C@@]43C[C@@H]3CO3)[C@@H]1CCC2=O,1,Ki,6.12,2,CHEMBL2113268
C[C@]12CC[C@H]3[C@@H](CCC4=CC(=O)CC[C@@]43C[C@@H]3CS3)[C@@H]1CCC2=O,1,Ki,6.69,2,CHEMBL2113276
C[C@]12CCC3C(CCC4=CC(=O)CC[C@@]43C3CS3)C1CCC2=O,1,Ki,7.12,2,CHEMBL282580
C[C@]12CC[C@H]3[C@@H](CCC4=CC(=O)CC[C@@]43C[C@H]3CS3)[C@@H]1CCC2=O,1,Ki,7.66,2,CHEMBL2113272
C[C@]12CCC3C(CCC4=CC(=O)CC[C@@]43C3CO3)C1CCC2=O,1,Ki,7.12,2,CHEMBL28806
N#Cc1ccc(C(c2ccc(C#N)cc2)n2ccnc2)cc1,1,IC50,8.52,5,CHEMBL29482
CC(=O)OCC12CCCC=C1CCC1C2CCC2(C)C(OC(C)=O)CCC12,0,IC50,4.42,1,CHEMBL311077
C#CCSCC[C@]12CCC(=O)C=C1CCC1C2=CC[C@]2(C)C(=O)CCC12,1,IC50,6.0,1,CHEMBL424162
C[C@]12CC[C@H]3[C@@H](CCC4=CCCC[C@@]43C(F)F)[C@@H]1CC[C@@H]2O,0,IC50,4.58,2,CHEMBL2112309
CSCC[C@]12CCC(=O)C=C1CCC1C2=CC[C@]2(C)C(=O)CCC12,1,IC50,7.92,1,CHEMBL349704
CC(=O)OCC12CCCC=C1CCC1C2CCC2(C)C(O)CCC12,0,IC50,4.36,1,CHEMBL443530
CC(=O)OC1CCC2C3CCC4=CCCCC4(CO)C3CCC12C,0,IC50,4.0,1,CHEMBL81255
C=C(c1ccc(C#N)cc1)n1ccnc1,1,IC50,9.15,4,CHEMBL31760
CC(=O)SCC[C@]12CCC(=O)C=C1CCC1C2=CC[C@]2(C)C(=O)CCC12,0,IC50 (>),5.0,1,CHEMBL349919
C[C@]12CC=C3C(CCC4=CC(=O)CC[C@@]43CCSc3ccccc3)C1CCC2=O,1,IC50,6.4,1,CHEMBL349963
CSCSCC[C@]12CCC(=O)C=C1CCC1C2=CC[C@]2(C)C(=O)CCC12,1,IC50,6.24,1,CHEMBL353571
CSCCC[C@]12CCC(=O)C=C1CCC1C2=CC[C@]2(C)C(=O)CCC12,0,IC50 (>),5.0,1,CHEMBL164746
CN(C)CC[C@]12CCC(=O)C=C1CCC1C2=CC[C@]2(C)C(=O)CCC12,0,IC50 (>),5.0,1,CHEMBL166017
CSC(=O)C[C@]12CCC(=O)C=C1CCC1C2CC[C@]2(C)C(=O)CCC12,1,IC50,7.38,1,CHEMBL164993
CCSCC[C@]12CCC(=O)C=C1CCC1C2=CC[C@]2(C)C(=O)CCC12,1,IC50,6.06,1,CHEMBL165218
C#CSCC[C@]12CCC(=O)C=C1CCC1C2=CC[C@]2(C)C(=O)CCC12,1,IC50,6.48,1,CHEMBL350713
N#Cc1ccc(/C(=N\c2ccc(Br)cc2)n2ccnc2)cc1,1,IC50,8.11,3,CHEMBL31456
N#Cc1ccc([C@@H]2CCCc3cncn32)cc1,1,IC50,8.49,4,CHEMBL31215;CHEMBL481092
CSCC[C@]12CCC(=O)C=C1CCC1C2CC[C@]2(C)C(=O)CCC12,1,IC50,7.66,1,CHEMBL350074
C=CSCC[C@]12CCC(=O)C=C1CCC1C2=CC[C@]2(C)C(=O)CCC12,1,IC50,7.3,1,CHEMBL164543
C#CC(O)C12CCCC=C1CCC1C3CCC(=O)C3(C)CCC12,0,IC50,4.21,1,CHEMBL82981
N#Cc1ccc(C2(c3ccc(C#N)cc3)CCCc3cncn32)cc1,1,IC50,6.63,3,CHEMBL285809
N#Cc1ccc([C@H]2CCCc3cncn32)cc1,1,IC50,6.17,3,CHEMBL287677;CHEMBL480718
N#Cc1ccc2c(c1)CCC=C2n1ccnc1,1,IC50,8.54,3,CHEMBL31224
C=CCSCC[C@]12CCC(=O)C=C1CCC1C2=CC[C@]2(C)C(=O)CCC12,1,IC50,6.57,1,CHEMBL351526
C[C@]12CC=C3C(CCC4=CC(=O)CC[C@@]43CCI)C1CCC2=O,0,IC50 (>),5.0,1,CHEMBL166060
C[C@]12CC=C3C(CCC4=CC(=O)CC[C@@]43CCSCF)C1CCC2=O,1,IC50,7.3,1,CHEMBL165106
C[C@]12CC=C3C(CCC4=CC(=O)CC[C@@]43CCOS(C)(=O)=O)C1CCC2=O,0,IC50 (>),5.0,1,CHEMBL424185
O=C1c2cccc(O)c2CCC1Cc1ccncc1,1,IC50,6.77,5,CHEMBL93828
COc1ccc2c(c1)C(=O)/C(=C/c1ccncc1)CC2,0,IC50,4.89,3,CHEMBL419131
O=C1/C(=C/c2ccncc2)CCc2c(O)cccc21,1,IC50,6.16,3,CHEMBL92488
CCCCC[C@H]1CC2C(CCC3(C)C(O)CCC23)C2(C)CCCC=C12,1,Ki,7.36,1,CHEMBL307006
C[C@@H]1CC2C(CCC3(C)C(O)CCC23)C2(C)CCCC=C12,1,Ki,9.85,2,CHEMBL73367
CCCCC[C@H]1CC2C3CCC(=O)C3(C)CCC2C2(C)CCCC=C12,1,IC50,8.05,2,CHEMBL305630
CCC[C@@H]1CC2C3CCC(=O)C3(C)CCC2C2(C)CCCC=C12,1,IC50,9.36,2,CHEMBL70317
CC[C@@H]1CC2C3CCC(=O)C3(C)CCC2C2(C)CCCC=C12,1,IC50,9.49,2,CHEMBL307690
CC12CCCC=C1CCC1C2CCC2(C)C1CC[C@@H]2O,1,Ki,10.35,2,CHEMBL73279
CCC[C@H]1CC2C(CCC3(C)C(O)CCC23)C2(C)CCCC=C12,1,Ki,8.54,2,CHEMBL69891
CC12CCC3C(C[C@H](O)C4=CCCCC43C)C1CCC2=O,1,IC50,9.72,2,CHEMBL307643
C[C@H]1CC2C3CCC(=O)C3(C)CCC2C2(C)CCCC=C12,1,IC50,10.43,2,CHEMBL310735
CO[C@@H]1CC2C3CCC(=O)C3(C)CCC2C2(C)CCCC=C12,1,IC50,9.89,2,CHEMBL308537
CO[C@H]1CC2C3CCC(=O)C3(C)CCC2C2(C)CCCC=C12,1,IC50,9.92,2,CHEMBL307581
C[C@H]1CC2C(CCC3(C)C(O)CCC23)C2(C)CCCC=C12,1,Ki,9.42,2,CHEMBL70959
C[C@@H]1CC2C3CCC(=O)C3(C)CCC2C2(C)CCCC=C12,1,IC50,10.31,2,CHEMBL305205
CCC[C@@H]1CC2C(CCC3(C)C(O)CCC23)C2(C)CCCC=C12,1,Ki,8.26,2,CHEMBL73071
CCCCC[C@@H]1CC2C3CCC(=O)C3(C)CCC2C2(C)CCCC=C12,1,IC50,7.92,1,CHEMBL72415
CC[C@H]1CC2C3CCC(=O)C3(C)CCC2C2(C)CCCC=C12,1,IC50,9.96,2,CHEMBL70436
CC[C@@H]1CC2C(CCC3(C)C(O)CCC23)C2(C)CCCC=C12,1,Ki,9.47,2,CHEMBL306022
CC(=O)O[C@H]1CC2C3CCC(=O)C3(C)CCC2C2(C)CCCC=C12,1,IC50,9.8,2,CHEMBL72228
CC12CCC3C(C[C@@H](O)C4=CCCCC43C)C1CCC2=O,1,IC50,10.3,2,CHEMBL73993
CC(=O)O[C@@H]1CC2C3CCC(=O)C3(C)CCC2C2(C)CCCC=C12,1,IC50,9.59,2,CHEMBL304770
CCCCC[C@@H]1CC2C(CCC3(C)C(O)CCC23)C2(C)CCCC=C12,1,Ki,7.0,1,CHEMBL73219
CC[C@H]1CC2C(CCC3(C)C(O)CCC23)C2(C)CCCC=C12,1,Ki,9.74,2,CHEMBL74339
CCC[C@H]1CC2C3CCC(=O)C3(C)CCC2C2(C)CCCC=C12,1,IC50,9.64,2,CHEMBL304305
O=c1cc(-c2ccccc2)oc2c1ccc1ccccc12,1,IC50,7.16,3,CHEMBL283196
N#Cc1ccc(N(Cc2ccc(OS(N)(=O)=O)cc2)n2cnnc2)cc1,1,IC50,7.0,3,CHEMBL430879
N#Cc1ccc(N(Cc2cccc(OS(N)(=O)=O)c2)n2cnnc2)cc1,1,IC50,7.41,1,CHEMBL325346
CSC[C@]12CCC(=O)C=C1CCC1C2CC[C@]2(C)C(=O)CCC12,1,Ki,9.0,2,CHEMBL101540
C[C@]12C=CC(=O)C=C1CC[C@@H]1[C@@H]2CC[C@]2(C)C(=O)CC[C@@H]12,1,Ki,7.37,9,CHEMBL1078534
C[C@]12CCC(=O)C=C1[C@H](Br)CC1C2CC[C@@]2(C)C1CC[C@@H]2OC(=O)CBr,0,Ki,4.6,1,CHEMBL101893
N#Cc1ccc(N(Cc2ccc(OS(N)(=O)=O)c(Cl)c2)n2cnnc2)cc1,1,IC50,8.64,2,CHEMBL322322
N#Cc1ccc(N(Cc2ccc(OS(N)(=O)=O)c(Br)c2)n2cnnc2)cc1,1,IC50,9.09,4,CHEMBL108483
C[C@]12C=CC(=O)C=C1CC[C@@H]1[C@@H]2CC[C@]2(C)C(=O)OC[C@@H]12,1,Ki,6.58,4,CHEMBL3085491
N#Cc1ccc(N(Cc2ccc(Br)cc2)n2cnnc2)cc1,1,IC50,9.92,6,CHEMBL108425
Clc1ccc(COC(Cn2cccc2)c2ccc(Cl)cc2Cl)cc1,1,IC50,7.52,1,CHEMBL317581
C[C@]12CCC(=O)C=C1C[C@@H](Sc1ccc(NC(=O)CBr)cc1)C1C2CC[C@]2(C)C(=O)CCC12,0,Ki,4.48,1,CHEMBL100615
N#Cc1ccc(N(Cc2ccc(OS(N)(=O)=O)c(F)c2)n2cnnc2)cc1,1,IC50,7.92,1,CHEMBL108646
C[C@]12C=CC(=O)C=C1CCC1C2CC[C@]2(C)OC(=O)CCC12,0,Ki,4.46,1,CHEMBL99370
C[C@]12C=CC(=O)C=C1C=C[C@@H]1[C@@H]2CC[C@]2(C)C(=O)CC[C@@H]12,1,Ki,8.6,3,CHEMBL2311178
N#Cc1ccc(C2CCCc3cncn32)cc1,1,IC50,10.52,37,CHEMBL468419;CHEMBL9298
C[C@@H]1C(OC(=O)Cc2ccccn2)CC2CC1C2(C)C,0,IC50 (>),4.7,1,CHEMBL134748
C[C@@H]1CCC2C(C)(C)C3CC21CC[C@@]3(C)OC(=O)Cc1ccncc1,1,IC50,6.36,1,CHEMBL134442
CC(C)(C(=O)OC1(C)C2CC3CC(C2)CC1C3)c1cccnc1,0,IC50,4.4,2,CHEMBL3084923
CC(C)(C(=O)OC12CC3CC(CC(C3)C1)C2)c1cccnc1,0,IC50,4.46,2,CHEMBL134169
C[C@@H]1C(OC(=O)Cc2ccncc2)CC2CC1C2(C)C,1,IC50,6.92,1,CHEMBL132072
C[C@@H]1C(OC(=O)C(C)(C)c2cccnc2)CC2CC1C2(C)C,0,IC50,4.52,1,CHEMBL337251
CC1(OC(=O)Cc2cccnc2)C2CC3CC(C2)CC1C3,0,IC50,4.97,2,CHEMBL3084924
CCC(CC)(C(=O)OC1CC2CC([C@@H]1C)C2(C)C)c1ccncc1,0,IC50,4.26,1,CHEMBL132380
C[C@@H]1CCC2C(C)(C)C3CC21CC[C@@]3(C)OC(=O)C(C)(C)c1cccnc1,0,IC50,4.09,1,CHEMBL444068
CC12CCC3C(C(CCc4ccccc4)=CC4=CC(=O)CCC43C)C1CCC2=O,1,Ki,6.76,1,CHEMBL269590
CC12CCC3C(C(Cc4ccc(N)cc4)=CC4=CC(=O)CCC43C)C1CCC2=O,1,Ki,7.06,1,CHEMBL9478
CC12CCC3C(C(CCc4ccc(N)cc4)=CC4=CC(=O)CCC43C)C1CCC2=O,1,Ki,7.06,1,CHEMBL266297
CC12CCC3C(C(Cc4ccccc4)=CC4=CC(=O)CCC43C)C1CCC2=O,1,Ki,7.21,1,CHEMBL267433
CC12CCC3C(C(CCc4ccc([N+](=O)[O-])cc4)=CC4=CC(=O)CCC43C)C1CCC2=O,1,Ki,7.02,1,CHEMBL429788
CC12CCC3C(C(Cc4ccc([N+](=O)[O-])cc4)=CC4=CC(=O)CCC43C)C1CCC2=O,1,Ki,7.03,1,CHEMBL9400
CC(=O)SC1=C2CCC3C4CCC(=O)C4(C)CCC3C2(C)CCC1=O,1,Ki,7.14,1,CHEMBL152237
Fc1ccc(C(C2Cc3ccccc3O2)n2cncn2)cc1,1,IC50,6.72,1,CHEMBL63297
CCn1ccc2cccc(C(c3ccc(F)cc3)n3ccnc3)c21,1,IC50,7.21,1,CHEMBL416616
COc1ccc2c(c1)C1C(CC2)C1c1ccncc1,1,IC50,7.52,5,CHEMBL294361
Cc1ccc(C(C2Cc3ccccc3O2)n2cncn2)cc1,1,IC50,6.23,1,CHEMBL65328
Oc1ccc2c(c1)CCC1C(c3ccncc3)C21,1,IC50,6.48,2,CHEMBL304222
CC12CCC3C(CCC4=C(Sc5ccccc5)C(=O)CCC43C)C1CCC2=O,1,Ki,7.44,2,CHEMBL336387
CCn1ccc2cc(Br)cc(C(c3ccc(F)cc3)n3ccnc3)c21,1,IC50,6.7,1,CHEMBL39423
CSC1=C2CCC3C4CCC(=O)C4(C)CCC3C2(C)CCC1=O,1,Ki,7.23,1,CHEMBL346952
CCN1CCc2cccc(C(c3cccc(Cl)c3)n3ccnc3)c21,1,IC50,6.96,1,CHEMBL288695
CC12CCC3C(CCC4=C(Sc5ccc(N)cc5)C(=O)CCC43C)C1CCC2=O,1,Ki,7.75,1,CHEMBL346234
Clc1ccc(C(C2Cc3ccccc3O2)n2cncn2)cc1,1,IC50,6.7,1,CHEMBL291646
CCN1CCc2cc(Br)cc(C(c3ccc(F)cc3)n3ccnc3)c21,1,IC50,7.05,1,CHEMBL287950
CCN1CCc2cccc(C(c3ccc(F)cc3)n3ccnc3)c21,1,IC50,7.21,1,CHEMBL39403
CCn1ccc2cccc(C(c3ccc(Br)cc3)n3ccnc3)c21,1,IC50,7.16,1,CHEMBL285193
CCCSC1=C2CCC3C4CCC(=O)C4(C)CCC3C2(C)CCC1=O,1,Ki,7.19,1,CHEMBL154918
COc1ccc2c(c1)CCC1C(c3ccncc3)C21,1,IC50,7.16,3,CHEMBL67842
Clc1ccc(C(C2Cc3ccccc3O2)n2cncn2)c(Cl)c1,1,IC50,6.06,1,CHEMBL304788
CCn1ccc2cccc(C(c3cccc(Cl)c3)n3ccnc3)c21,1,IC50,6.77,1,CHEMBL287967
Oc1ccc2c(c1)C1C(CC2)C1c1ccncc1,1,IC50,7.18,2,CHEMBL304583
COc1ccc2c(c1)C1C(CC2)C1(C)c1ccncc1,1,IC50,6.43,2,CHEMBL66867
CCn1ccc2cccc(C(c3ccc(Cl)cc3)n3ccnc3)c21,1,IC50,7.26,1,CHEMBL289945
CCN1CCc2cc(Cl)cc(C(c3ccc(F)cc3)n3ccnc3)c21,1,IC50,7.2,1,CHEMBL288804
COc1cc2c(cc1Br)CCC1C(c3ccncc3)C21,1,IC50,6.04,1,CHEMBL419619
Clc1ccc(C(C2Cc3ccccc3O2)n2cnnn2)c(Cl)c1,0,IC50,4.28,1,CHEMBL65549
CCSC1=C2CCC3C4CCC(=O)C4(C)CCC3C2(C)CCC1=O,1,Ki,7.39,1,CHEMBL154104
CC12CCC3C(Cc4c5c(nn4C/C=C/c4ccccc4)C(=O)CCC53C)C1CCC2=O,1,IC50,6.02,1,CHEMBL422610
CC12CCC3C(Cc4nn(C/C=C/c5ccccc5)c5c4C3(C)CCC5=O)C1CCC2=O,1,IC50,6.1,1,CHEMBL131414
CC12CCC3C(Cc4c5c(nn4Cc4ccc([N+](=O)[O-])cc4)C(=O)CCC53C)C1CCC2=O,1,IC50,6.31,1,CHEMBL129883
CC12CCC3C(Cc4nn(Cc5ccc([N+](=O)[O-])cc5)c5c4C3(C)CCC5=O)C1CCC2=O,1,IC50,6.18,1,CHEMBL336383
CC12CCC3C(Cc4nn(Cc5ccccc5)c5c4C3(C)CCC5=O)C1CCC2=O,1,IC50,6.47,1,CHEMBL133240
CC12CCC3C(Cc4n[nH]c5c4C3(C)CCC5=O)C1CCC2=O,1,IC50,6.63,1,CHEMBL132563
CC12CCC3C(Cc4c5c(nn4Cc4ccccc4)C(=O)CCC53C)C1CCC2=O,1,IC50,6.61,1,CHEMBL130546
C=CCN1C(=O)C2CC2(c2ccc(N)cc2)C1=O,1,IC50,6.16,3,CHEMBL176452
CC(C)CN1C(=O)C2CC2(c2ccc(N)cc2)C1=O,1,IC50,6.7,1,CHEMBL174308
CCCN1C(=O)C2CC2(c2ccc(N)cc2)C1=O,1,Ki,7.3,4,CHEMBL174407
CC(C)(C)CN1C(=O)C2CC2(c2ccc(N)cc2)C1=O,1,IC50,6.7,3,CHEMBL368631
Nc1ccc(C23CC2C(=O)NC3=O)cc1,0,IC50,4.96,2,CHEMBL287574
CCCCN1C(=O)C2CC2(c2ccc(N)cc2)C1=O,1,Ki,8.82,4,CHEMBL174909
CN1C(=O)C2CC2(c2ccc(N)cc2)C1=O,0,IC50,4.85,2,CHEMBL368732
CCCCCCC[C@@H]1CC2C(CCC3(C)C(=O)CCC23)C2(C)C=CC(=O)C=C12,1,Ki,8.11,2,CHEMBL268918
CCCCCCC[C@H]1CC2C(CCC3(C)C(=O)CCC23)C2(C)C=CC(=O)C=C12,1,Ki,7.7,2,CHEMBL268209
CCC[C@H]1CC2C(CCC3(C)C(=O)CCC23)C2(C)C=CC(=O)C=C12,1,Ki,7.66,3,CHEMBL8333
CCCCCC[C@H]1CC2C(CCC3(C)C(=O)CCC23)C2(C)C=CC(=O)C=C12,1,Ki,7.6,3,CHEMBL266532
CCCCC[C@H]1CC2C(CCC3(C)C(=O)CCC23)C2(C)C=CC(=O)C=C12,1,Ki,7.96,2,CHEMBL267668
CCC[C@@H]1CC2C(CCC3(C)C(=O)CCC23)C2(C)C=CC(=O)C=C12,1,Ki,8.15,2,CHEMBL8254
CCCC[C@@H]1CC2C(CCC3(C)C(=O)CCC23)C2(C)C=CC(=O)C=C12,1,Ki,7.85,2,CHEMBL8417
C[C@]12CCC(=O)C[C@@H]1CC[C@@H]1[C@@H]2CC[C@]2(C)[C@@H](O)CC[C@@H]12,1,Ki,6.66,1,CHEMBL27769
C[C@@H]1CC2C(CCC3(C)C(=O)CCC23)C2(C)C=CC(=O)C=C12,1,Ki,7.37,3,CHEMBL8315
C[C@H]1CC2C(CCC3(C)C(=O)CCC23)C2(C)C=CC(=O)C=C12,1,Ki,7.27,3,CHEMBL274878
CCCC[C@H]1CC2C(CCC3(C)C(=O)CCC23)C2(C)C=CC(=O)C=C12,1,Ki,7.8,3,CHEMBL8646
CC12CCCC1C1CCC3=CC(=O)C=CC3(C)C1CC2,1,Ki,6.16,1,CHEMBL349300
CC(=O)OCC1(C)CCC2C(CCC3=CC(=O)C=CC32C)C1,0,Ki,4.89,1,CHEMBL158397
CC[C@H]1CC2C(CCC3(C)C(=O)CCC23)C2(C)C=CC(=O)C=C12,1,Ki,7.72,3,CHEMBL8498
CC(=O)C1(C)CCC2C(CCC3=CC(=O)C=CC32C)C1,0,Ki,4.35,1,CHEMBL158326
CC[C@@H]1CC2C(CCC3(C)C(=O)CCC23)C2(C)C=CC(=O)C=C12,1,Ki,8.33,2,CHEMBL8313
CCCCC[C@@H]1CC2C(CCC3(C)C(=O)CCC23)C2(C)C=CC(=O)C=C12,1,Ki,8.3,2,CHEMBL440832
CCCCCC[C@@H]1CC2C(CCC3(C)C(=O)CCC23)C2(C)C=CC(=O)C=C12,1,Ki,8.1,2,CHEMBL266350
CCC(=O)C1(C)CCC2C(CCC3=CC(=O)C=CC32C)C1,0,Ki,4.01,1,CHEMBL158325
C[C@]12CC[C@H](O)CC1=CC[C@@H]1[C@@H]2CC[C@]2(C)C(c3ccccn3)=CC[C@@H]12,0,IC50 (>),4.7,1,CHEMBL2112301
COc1cccc2c1CC(Cc1ccncc1)C2=O,0,IC50,4.85,2,CHEMBL283782
COc1cccc2c1C/C(=C\c1ccncc1)C2=O,0,IC50,4.64,2,CHEMBL288093
Oc1cccc2c1CC(Cc1ccncc1)C2,1,IC50,6.0,2,CHEMBL23485
COc1ccc2c(c1)CC(Cc1ccncc1)C2,1,IC50,6.62,2,CHEMBL23646
Oc1ccc2c(c1)CCC(Cc1ccncc1)C2,1,IC50,6.12,2,CHEMBL279940
O=C1c2ccccc2CC1Cc1ccncc1,0,IC50,4.77,2,CHEMBL23484
Oc1cccc2c1CCC(Cc1ccncc1)C2,1,IC50,6.28,2,CHEMBL23364
C[C@]12CCC3C(CC[C@H]4CC(=O)CC[C@]34C)C1CC=C2c1cccnc1,0,IC50 (>),4.3,1,CHEMBL84230
COc1cccc2c1CCC(Cc1ccncc1)C2,1,IC50,6.23,2,CHEMBL23148
C[C@]12CC[C@H](O)CC1=CC[C@@H]1[C@@H]2CC[C@]2(C)C(c3ccncc3)=CC[C@@H]12,0,IC50 (>),4.7,1,CHEMBL2112299
O=C1/C(=C/c2ccncc2)Cc2c(O)cccc21,0,IC50,4.66,1,CHEMBL284934
O=C1/C(=C/c2ccncc2)Cc2cc(O)ccc21,0,IC50 (>),4.72,2,CHEMBL26065
COc1ccc2c(c1)CCC(Cc1ccncc1)C2,1,IC50,6.64,2,CHEMBL23097
C[C@]12CC[C@H](O)CC1=CC[C@@H]1[C@@H]2CC[C@]2(C)C(c3cccnc3)=CC[C@@H]12,0,IC50 (>),4.7,2,CHEMBL254328
O=C1/C(=C/c2ccncc2)Cc2ccccc21,0,IC50,4.6,2,CHEMBL23150
c1cnc2c(c1)C(CCCn1ccnc1)CCC2,1,IC50,6.46,2,CHEMBL301106
O=c1c2ccccc2oc2c(Cn3ccnc3)ccc([N+](=O)[O-])c12,1,IC50,7.4,8,CHEMBL159073
N#CCCCC1CCCc2cncn21,1,IC50,7.03,2,CHEMBL163420
C[C@]12CCC(=O)C(SCC#N)=C1CC[C@@H]1[C@@H]2CC[C@]2(C)C(=O)CC[C@@H]12,1,Ki,6.77,1,CHEMBL2113619
c1cn(CCC2CCCc3occc32)cn1,1,IC50,6.04,2,CHEMBL55144
c1cn(CCC2CCCc3sccc32)cn1,1,IC50,6.36,2,CHEMBL291700
N#Cc1ccc(Cn2ccnc2)cc1,1,IC50,8.15,2,CHEMBL349822
N#Cc1ccc(Cn2ccnc2)c2oc3ccccc3c(=O)c12,1,IC50,7.37,6,CHEMBL421149
C1=C(CCn2ccnc2)c2cccnc2CC1,1,IC50,6.3,4,CHEMBL293122
C[C@]12CCC(=O)C(SCF)=C1CCC1C2CC[C@]2(C)C(=O)CCC12,1,Ki,7.52,2,CHEMBL41517
C[C@]12CCC(=O)C(S)=C1CCC1C2=CC[C@]2(C)C(=O)CCC12,1,Ki,7.14,1,CHEMBL41033
C(\Cn1ccnc1)=C1\CCCc2sccc21,1,IC50,6.17,3,CHEMBL57513
O=c1c2ccccc2oc2cc(Cn3ccnc3)ccc12,1,IC50,6.41,5,CHEMBL350922
Brc1ccc(C2CCCc3cncn32)cc1,1,IC50,8.12,2,CHEMBL1203766;CHEMBL350338
c1cc(CCn2ccnc2)c2cccnc2c1,1,IC50,6.46,3,CHEMBL54803
O=c1c2ccccc2oc2c([N+](=O)[O-])ccc(Cn3ccnc3)c12,1,IC50,6.01,5,CHEMBL307160
c1ccc2c(c1)CCCC2CCn1ccnc1,1,IC50,6.16,2,CHEMBL53644
CCOC(=O)c1ccc(C2CCCc3cncn32)cc1,1,IC50,7.68,2,CHEMBL1203760;CHEMBL423613
C[C@]12CCC(=O)C(SCCl)=C1CCC1C2=CC[C@]2(C)C(=O)CCC12,1,Ki,7.57,2,CHEMBL442542
COc1ccc2c(=O)c(Cn3ccnc3)c(-c3ccccc3)oc2c1,1,IC50,6.26,6,CHEMBL158635
Cc1cncn1Cc1ccc(C#N)cc1,1,IC50,7.82,1,CHEMBL162496
c1cnc2c(c1)C(CCn1ccnc1)CCC2,1,IC50,6.42,2,CHEMBL292899
CSc1nc2ccccn2c(=N)c1S(=O)(=O)c1ccccc1,1,IC50,6.07,1,CHEMBL355905
Cc1ccc(C2CCCc3cncn32)cc1,1,IC50,7.75,3,CHEMBL1203757;CHEMBL350072
C1=C(CCCn2ccnc2)c2cccnc2CC1,1,IC50,6.66,3,CHEMBL53290
C[C@]12CCC(=O)C(SCCl)=C1CCC1C2CC[C@]2(C)C(=O)CCC12,1,Ki,7.52,2,CHEMBL40432
O=c1c2ccccc2oc2c(Br)ccc(Cn3ccnc3)c12,1,IC50,6.03,5,CHEMBL78322
N#Cc1ccc(Cn2ccnc2)c2occc(=O)c12,1,IC50,6.62,4,CHEMBL161230
N#Cc1ccc(C2CCc3cncn32)cc1,1,IC50,8.7,2,CHEMBL1203762;CHEMBL162585
O=c1c2ccccc2oc2c(Cn3ccnc3)ccc(Br)c12,1,IC50,7.05,4,CHEMBL421829
c1cnc2c(c1)C(Cn1ccnc1)CCC2,1,IC50,6.8,3,CHEMBL300109
N#Cc1ccc(C2CCCCc3cncn32)cc1,1,IC50,7.85,2,CHEMBL162834
C[C@]12CCC(=O)C(O)=C1CCC1C2=CC[C@]2(C)C(=O)CCC12,1,IC50,6.46,1,CHEMBL288190
C1=C(Cn2ccnc2)c2cccnc2CC1,1,IC50,6.77,3,CHEMBL53068
O=c1ccoc2cc(Cn3ccnc3)ccc12,1,IC50,7.0,4,CHEMBL158984
OCc1ccc(C2CCCc3cncn32)cc1,1,IC50,7.84,2,CHEMBL348913
CC[C@]1(c2ccc(N)cc2)CCC(=O)NC1=O,0,IC50,4.72,1,CHEMBL2051951
CC[C@]1(c2ccncc2)C[C@H](C)C(=O)NC1=O,0,IC50,4.64,2,CHEMBL124230
CN1C(=O)CC(c2ccc(N)cc2)C1=O,0,IC50,4.78,1,CHEMBL357775
CCCCCCCC[C@H]1C[C@](CCCCCCCC)(c2ccncc2)C(=O)NC1=O,0,IC50,4.58,2,CHEMBL338746
O=C1/C(=C\c2ccncc2)C(c2ccc(Cl)cc2)Cn2cccc21,1,Ki,7.99,4,CHEMBL9165
O=C1/C(=C\c2ccncc2)C(c2ccccc2)c2ccccc21,1,Ki,7.99,2,CHEMBL9179
COc1ccc2c(c1)OC(c1ccccc1)CC2n1ccnc1,1,IC50,7.22,5,CHEMBL95109
CC[C@]1(c2ccncc2)C[C@@H](C)C(=O)NC1=O,0,IC50,4.03,2,CHEMBL124118
CC[C@]1(c2ccncc2)CC(C)(C)C(=O)NC1=O,0,IC50 (>),3.7,1,CHEMBL269761
CC[C@]1(c2ccncc2)CCC(=O)NC1=O,0,IC50,4.2,2,CHEMBL330452
COc1ccc2c(c1)C(N)=C(CC1=CCNC=C1)C2=O,1,Ki,7.06,1,CHEMBL1096024
CN1C(=O)CC(C)(c2ccc(N)cc2)C1=O,0,IC50,4.8,1,CHEMBL151691
Nc1ccc(C2(C3CCCCC3)CCC(=O)NC2=O)cc1,1,IC50,6.82,2,CHEMBL70901
Nc1ccc(C2CC(=O)NC2=O)cc1,0,IC50,4.99,2,CHEMBL148903
Oc1ccc2c(c1)OC(c1ccccc1)CC2n1ccnc1,1,IC50,7.4,2,CHEMBL95919
CC(C)(OC(=O)C12CC3CC(CC(C3)C1)C2)c1ccncc1,0,IC50,4.7,2,CHEMBL112908
C[C@@H](OC(=O)C12CC3CC(CC(C3)C1)C2)c1ccncc1,0,IC50,4.8,1,CHEMBL112292
C[C@H](NC(=O)/C=C/c1ccccc1)c1cccc(N2CCOCC2)c1,0,IC50,4.89,1,CHEMBL317935
O=C(OCc1ccncc1)C12CC3CC(CC(C3)C1)C2,1,IC50,6.24,2,CHEMBL113242
C[C@@H](OC(=O)C12CC3CC(CC(C3)C1)C2)c1cccnc1,0,IC50,4.44,1,CHEMBL325461
CC(C)(OC(=O)C12CC3CC(CC(C3)C1)C2)c1cccnc1,0,IC50,4.29,2,CHEMBL431843
O=C(Cc1ccncc1)Oc1ccccc1,0,IC50,4.86,2,CHEMBL323546
CC[C@H]1CC2C3CCC(=O)C3(C)CCC2C2(C)CCC(=O)C=C12,1,IC50,6.58,2,CHEMBL24021
CC1CCC(C(C)C)C(OC(=O)Cc2ccncc2)C1,1,IC50,6.62,2,CHEMBL105298
C=C[C@@H]1CC2C3CCC(=O)C3(C)CCC2C2(C)CCC(=O)C=C12,1,IC50,6.5,2,CHEMBL24410
CCCN1C(=O)CC[C@](CC)(c2ccncc2)C1=O,0,IC50,4.51,1,CHEMBL314351
C[C@]12CCC(=O)C=C1CC[C@@H]1[C@@H]2CC[C@]2(C)C(=O)CC[C@@H]12,1,Ki,7.46,4,CHEMBL274826
O=C(Cc1ccncc1)OC12CC3CC(CC(C3)C1)C2,1,IC50,7.05,2,CHEMBL104047
CCCCCN1C(=O)CC[C@](CC)(c2ccncc2)C1=O,0,IC50,4.68,1,CHEMBL312960
CC12CCC3C(C(=O)C=C4CCCCC43CO)C1CCC2=O,0,IC50,4.25,3,CHEMBL302741
CC1(C)C2CCC1(C)C(OC(=O)Cc1ccncc1)C2,1,IC50,7.01,2,CHEMBL102536
CC12CCC3C(CCC4=C(Oc5ccccc5)C(=O)CCC43C)C1CCC2=O,1,IC50,6.28,1,CHEMBL334391
CC12CCC=CC1=CCC1C2CCC2(C)C1CC[C@@H]2O,0,IC50,4.75,1,CHEMBL71117
CC12CCC3C(CC=C4CCCCC43CO)C1CCC2O,0,IC50,4.21,1,CHEMBL308829
CCCC[C@H]1CC2C3CCC(=O)C3(C)CCC2C2(C)CCC(=O)C=C12,1,IC50,6.1,2,CHEMBL24946
CC1CCC(OC(=O)Cc2ccncc2)CC1,1,IC50,6.82,1,CHEMBL321729
CC[C@]1(c2ccncc2)CCC(=O)N(C)C1=O,0,IC50,4.52,1,CHEMBL314991
CC12CCCCC1=CC(=O)C1C2CCC2(C)C(O)CCC12,0,IC50,4.38,1,CHEMBL302249
CCC[C@H]1CC2C3CCC(=O)C3(C)CCC2C2(C)CCC(=O)C=C12,1,IC50,6.41,2,CHEMBL25695
CC(C)(C)C1CCC(OC(=O)Cc2ccncc2)CC1,1,IC50,6.51,1,CHEMBL102884
CC12CCC3C(CC=C4C=CCCC43C)C1CCC2=O,1,IC50,6.47,2,CHEMBL71152
CC(C)(C(=O)OC1CCCCC1)c1ccncc1,0,IC50,4.89,2,CHEMBL103685
CC12CCC3C4CCC=CC4=CC(=O)C3C1CCC2=O,0,IC50,4.48,1,CHEMBL71612
O=C(Cc1ccncc1)OC1CCCCC1,1,IC50,6.52,2,CHEMBL102409
CC12CCC3C(C(=O)C=C4C=CCCC43CO)C1CCC2=O,0,IC50,4.22,2,CHEMBL302530
O=C(Cc1ccncc1)OC1=CC2CCC1C2,1,IC50,6.47,2,CHEMBL103040
CCC[C@@H]1CC2C3CCC(=O)C3(C)CCC2C2(C)CCC(=O)C=C12,1,IC50,6.62,2,CHEMBL282673
CCCC[C@@H]1CC2C3CCC(=O)C3(C)CCC2C2(C)CCC(=O)C=C12,1,IC50,6.29,2,CHEMBL24037
C[C@H]1CC2C3CCC(=O)C3(C)CCC2C2(C)CCC(=O)C=C12,1,IC50,6.46,2,CHEMBL25588
CC12CCC3C(CC=C4CCCCC43C)C1C[C@@H](Br)C2=O,0,IC50,4.26,2,CHEMBL71363
CCCCCCCC[C@]1(c2ccncc2)CCC(=O)NC1=O,1,IC50,6.48,1,CHEMBL88412
CC12CCC3C(C(=O)C=C4CCCCC43C=O)C1CCC2=O,0,IC50,4.22,3,CHEMBL71169
CC12CCC=CC1=CC(=O)C1C2CCC2(C)C1CC[C@@H]2O,0,IC50,4.38,1,CHEMBL311400
CC[C@@H]1CC2C3CCC(=O)C3(C)CCC2C2(C)CCC(=O)C=C12,1,IC50,6.85,2,CHEMBL25059
CCC1CCC(OC(=O)Cc2ccncc2)CC1,1,IC50,6.92,1,CHEMBL101743
CC1C(OC(=O)Cc2ccncc2)CC2CC1C2(C)C,1,IC50,7.02,2,CHEMBL319026
CC12CCC3C(C(=O)C=C4CCCCC43CO)C1CCC2O,0,Ki,4.35,1,CHEMBL421491
CC12CCC3C4CCCCC4=CC(=O)C3C1CCC2=O,0,IC50,4.55,1,CHEMBL71082
CC(C)CCOC(=O)Cc1ccncc1,0,IC50,4.93,2,CHEMBL323585
CC12CCCCC1=CCC1C2CCC2(C)C(O)CCC12,0,IC50,4.52,1,CHEMBL68674
C[C@@H]1CC2C3CCC(=O)C3(C)CCC2C2(C)CCC(=O)C=C12,1,IC50,6.14,2,CHEMBL284238
C[C@]12CCC(=O)C=C1C[C@@H](Sc1ccccc1)[C@@H]1[C@@H]2CC[C@]2(C)C(=O)CC[C@@H]12,1,IC50,6.19,1,CHEMBL3245349
CCCCN1C(=O)CC[C@](CC)(c2ccncc2)C1=O,0,IC50,4.4,1,CHEMBL328546
CCCCCCCCN1C(=O)CC[C@](CC)(c2ccncc2)C1=O,1,IC50,6.1,1,CHEMBL88918
CC(C)OC(=O)Cc1ccncc1,0,IC50 (>),4.7,1,CHEMBL102510
CC12CCC3C(C(=O)C=C4C=CCCC43C=O)C1CCC2=O,0,IC50,4.96,1,CHEMBL302305
CC12CCC3C(C[C@H](Cc4ccccc4)C4=CC(=O)CCC43C)C1CCC2=O,1,IC50,6.18,2,CHEMBL25523
CC(=O)N1CCN(c2ccc(OC[C@@H]3CO[C@](Cn4ccnc4)(c4ccc(Cl)cc4Cl)O3)cc2)CC1,0,IC50,4.42,1,CHEMBL328863
Nc1ccc(C2CCC(=O)NC2=O)cc1,0,IC50 (>),3.52,1,CHEMBL28880
CCCC(C)C1(c2ccc(N)cc2)CCC(=O)NC1=O,1,IC50,6.22,3,CHEMBL29521
CC(C)C1(c2ccc(N)cc2)CCC(=O)NC1=O,0,IC50,4.8,2,CHEMBL282573
CCCC1(c2ccc(N)cc2)CCC(=O)NC1=O,0,IC50,4.96,2,CHEMBL29864
CC(C)CCC1(c2ccc(N)cc2)CCC(=O)NC1=O,1,IC50,6.4,3,CHEMBL29230
C(=C1\CCc2ccccc21)\c1c[nH]cn1,1,IC50,6.02,1,CHEMBL177468
C(=C1/CCc2ccccc21)\c1c[nH]cn1,1,IC50,6.89,1,CHEMBL178036
N#Cc1ccc2c(c1)/C(=C/c1c[nH]cn1)CCC2,1,IC50,6.01,1,CHEMBL177413
N#Cc1ccc2c(c1)/C(=C\c1c[nH]cn1)CCC2,1,IC50,6.09,1,CHEMBL177274
N#Cc1ccc2c(c1)CCC/C2=C/c1c[nH]cn1,1,IC50,6.9,1,CHEMBL367483
N#Cc1ccc2c(c1)CC/C2=C\c1c[nH]cn1,1,IC50,6.92,1,CHEMBL177921
N#Cc1ccc2c(c1)CC/C2=C/c1ncc[nH]1,1,IC50,7.82,1,CHEMBL175091
Clc1ccc2c(c1)/C(=C/c1c[nH]cn1)CCC2,1,IC50,6.92,1,CHEMBL175144
Fc1ccc2c(c1)CC/C2=C\c1c[nH]cn1,1,IC50,6.66,1,CHEMBL359817
C(=C1\CCCc2ccccc21)\c1c[nH]cn1,1,IC50,6.65,1,CHEMBL362187
C(=C1/CCCc2ccccc21)\c1c[nH]cn1,1,IC50,6.72,1,CHEMBL367719
Fc1ccc2c(c1)CC/C2=C/c1c[nH]cn1,1,IC50,7.7,1,CHEMBL179247
Clc1ccc2c(c1)CC/C2=C\c1c[nH]cn1,1,IC50,6.48,1,CHEMBL177692
Clc1ccc2c(c1)CC/C2=C/c1c[nH]cn1,1,IC50,7.41,1,CHEMBL175688
Brc1ccc2c(c1)CC/C2=C\c1c[nH]cn1,1,IC50,7.57,1,CHEMBL177293
Brc1ccc2c(c1)CC/C2=C/c1c[nH]cn1,1,IC50,7.0,1,CHEMBL174579
COc1cc2c(cc1OC)/C(=C/c1cccnc1)CCC2,1,IC50,6.01,2,CHEMBL366669
C(=C1\CCc2cc(OCc3ccccc3)ccc21)\c1cccnc1,0,IC50 (>),4.44,1,CHEMBL177268
Cc1cccc2c1CC/C2=C/c1cccnc1,0,IC50,4.9,2,CHEMBL176009
Fc1cccc2c1CC/C2=C/c1cccnc1,1,IC50,6.75,2,CHEMBL176076
Clc1cccc2c1CC/C2=C\c1cccnc1,1,IC50,6.89,2,CHEMBL176287
Clc1cccc2c1CC/C2=C/c1cccnc1,1,IC50,6.64,2,CHEMBL369623
C(=C1/CCc2ccccc21)\c1ccncc1,0,IC50,4.89,2,CHEMBL179149
C(=C1\CCCc2ccccc21)\c1ccncc1,1,IC50,6.19,2,CHEMBL360026
Fc1ccc2c(c1)CC/C2=C/c1ccncc1,1,IC50,6.1,2,CHEMBL179144
Brc1ccc2c(c1)CC/C2=C\c1ccncc1,0,IC50 (>),4.44,1,CHEMBL366773
COc1ccc2c(c1)CCC/C2=C\c1ccncc1,1,IC50,6.1,2,CHEMBL175979
COc1ccc2c(c1)OC(c1ccccc1)CC2n1cnnc1,0,IC50,4.5,1,CHEMBL184952
Oc1ccc2c(c1)OC(c1ccccc1)CC2n1cncn1,1,IC50,6.37,1,CHEMBL187185
C=CCSc1oc2cc(OCc3ccccc3)ccc2c(=O)c1-c1ccc(OC)cc1,0,IC50 (>),4.0,1,CHEMBL185966
COc1ccc(-c2c(SCc3ccccc3)oc3cc(OCc4ccccc4)ccc3c2=O)cc1,0,IC50 (>),4.0,1,CHEMBL361872
C=CCSc1oc2cc(OC)ccc2c(=O)c1-c1ccccc1,0,IC50 (>),4.0,1,CHEMBL264724
COc1ccc2c(=O)c(-c3ccccc3)c(SCc3ccccc3)oc2c1,0,IC50 (>),4.0,1,CHEMBL189170
COc1ccc2c(=O)c(-c3ccccc3)c(SCc3ccccn3)oc2c1,0,IC50 (>),4.0,2,CHEMBL362906
O=c1c(-c2ccccc2)c(SCc2ccncc2)oc2cc(OCc3ccccc3)ccc12,1,IC50,6.68,6,CHEMBL188664
COc1ccc(-c2c(SCc3ccncc3)oc3cc(OCc4ccccc4)ccc3c2=O)cc1,1,IC50,6.28,3,CHEMBL186079
O=c1c(-c2ccccc2)c(SCc2ccncc2)oc2cc(O)ccc12,1,IC50,6.21,3,CHEMBL184749
O=c1c(-c2ccc(O)cc2)c(SCc2ccncc2)oc2cc(O)ccc12,1,IC50,6.55,4,CHEMBL185950
COc1ccc(-c2c(SCc3ccncc3)oc3cc(O)ccc3c2=O)cc1,1,IC50,6.66,3,CHEMBL187068
COc1ccc2c(=O)c(-c3ccccc3)c(-n3ccnc3)oc2c1,1,Ki,6.17,3,CHEMBL192306
O=c1c(-c2ccccc2)c(-n2ccnc2)oc2cc(OCc3ccccc3)ccc12,1,Ki,6.6,3,CHEMBL363493
COc1ccc2c(=O)c(-c3ccccc3)c(-n3cncn3)oc2c1,0,IC50,4.75,2,CHEMBL190099
COc1ccc2c(=O)c(-c3ccccc3)c(Sc3ncc[nH]3)oc2c1,0,IC50 (>),4.3,2,CHEMBL191488
COc1ccc2c(=O)c(-c3ccccc3)c(Sc3nccn3C)oc2c1,0,IC50 (>),4.3,1,CHEMBL190848
COc1ccc2c(=O)c(-c3ccccc3)c(Sc3nnc[nH]3)oc2c1,0,IC50 (>),4.3,2,CHEMBL190208
COc1ccc2c(c1)CCC/C2=C/c1ccncc1,1,IC50,6.0,2,CHEMBL193496
COc1ccc2c(c1)/C(=C/c1ccncc1)CC2,1,IC50,6.55,2,CHEMBL365314
COc1ccc2c(c1)/C(=C\c1ccncc1)CC2,1,IC50,6.11,2,CHEMBL370281
Fc1ccc2c(c1)CC/C2=C/c1cncnc1,1,IC50,6.1,1,CHEMBL364956
Fc1ccc2c(c1)CC/C2=C\c1cccc2ncccc12,0,IC50 (>),4.44,1,CHEMBL195580
Fc1ccc2c(c1)CC/C2=C/c1cccc2ncccc12,0,IC50 (>),4.44,1,CHEMBL195653
Fc1ccc2c(c1)CC/C2=C\c1cccc2cnccc12,1,IC50,6.14,2,CHEMBL370530
Fc1ccc2c(c1)CC/C2=C\c1ccnc2ccccc12,0,IC50 (>),4.44,1,CHEMBL371509
Fc1ccc2c(c1)CC/C2=C/c1ccnc2ccccc12,0,IC50 (>),4.44,1,CHEMBL371275
C(=C(c1ccccc1)c1ccccc1)c1ccncc1,1,IC50,7.0,1,CHEMBL381194
COc1ccc2cc(-c3cccnc3)ccc2c1,1,IC50,6.23,3,CHEMBL362968
Oc1ccc2cc(-c3cccnc3)ccc2c1,0,IC50 (>),4.44,1,CHEMBL195571
Brc1ccc2cc(-c3cccnc3)ccc2c1,0,IC50 (>),4.44,1,CHEMBL193534
N#Cc1ccc2cc(-c3cccnc3)ccc2c1,0,IC50 (>),4.44,2,CHEMBL196796
COc1ccc2c(Cl)c(-c3cccnc3)ccc2c1Cl,1,IC50,6.01,2,CHEMBL381014
COc1ccc2ccc(-c3cccnc3)c(Cl)c2c1,0,IC50 (>),4.44,1,CHEMBL371430
COc1cc2ccccc2cc1-n1ccnc1,1,IC50,6.89,2,CHEMBL194472
C[C@]12CCC3C(CC[C@H]4C=CCC[C@]34C)C1CCC2=O,1,Ki,7.3,2,CHEMBL194641
C[C@]12CC[C@H]3O[C@H]3[C@@H]1CC[C@@H]1[C@@H]2CC[C@]2(C)C(=O)CC[C@@H]12,1,Ki,7.42,7,CHEMBL1629802
C[C@]12CC[C@@H](O)C(=O)[C@@H]1CC[C@@H]1[C@@H]2CC[C@]2(C)C(=O)CC[C@@H]12,1,Ki,6.83,3,CHEMBL1630280
C[C@]12CCC(=O)C(O)=C1CCC1C2CC[C@]2(C)OC(=O)CCC12,1,Ki,6.18,1,CHEMBL197451
CC(C)(C#N)c1cc(Cn2cncn2)cc(C(C)(C)C#N)c1,1,Ki,9.89,12,CHEMBL1399
O=[N+]([O-])c1ccc(C(c2cc3ccc(O)cc3o2)n2cncn2)cc1,1,IC50,7.22,2,CHEMBL202231
N#Cc1ccc(C(c2cc3ccc(O)cc3o2)n2cncn2)cc1,1,IC50,9.25,3,CHEMBL202226
COc1ccc2cc(C(c3ccc(C(F)(F)F)cc3)n3cncn3)oc2c1,1,IC50,6.89,2,CHEMBL202065
COc1ccc2cc(C(c3ccc(C)cc3)n3cncn3)oc2c1,1,IC50,7.0,3,CHEMBL201831
COc1ccc2cc(C(c3ccc([N+](=O)[O-])cc3)n3cncn3)oc2c1,1,IC50,6.22,2,CHEMBL199334
COc1ccc2cc(C(c3ccc(C#N)cc3)n3cncn3)oc2c1,1,IC50,9.96,3,CHEMBL197650
COc1ccc(C(c2cc3ccc(OC)cc3o2)n2cncn2)cc1,1,IC50,6.89,2,CHEMBL379019
COc1ccc2cc(C(c3ccc(Cl)cc3)n3cncn3)oc2c1,1,IC50,9.33,3,CHEMBL382902
COc1ccc2cc(C(c3ccc(F)cc3)n3cncn3)oc2c1,1,IC50,9.82,3,CHEMBL198291
COc1ccc(C(c2cc3ccc(OC)cc3o2)n2ccnc2)cc1,1,IC50,6.89,2,CHEMBL382500
COc1ccc(C(O)(c2cccnc2)c2cc3ccc(OC)cc3o2)cc1,1,IC50,6.8,2,CHEMBL202020
COc1ccc2cc(C(O)(c3ccc(Cl)cc3)c3cccnc3)oc2c1,1,IC50,9.34,3,CHEMBL202612
COc1ccc2cc(C(O)(c3ccc(F)cc3)c3cccnc3)oc2c1,1,IC50,9.13,3,CHEMBL372999
CS(=O)(=O)Nc1ccc([N+](=O)[O-])cc1OC1CCCCC1,1,IC50,6.17,2,CHEMBL7162
COc1cc([N+](=O)[O-])ccc1N(C)S(C)(=O)=O,0,IC50 (>),4.6,2,CHEMBL372835
COc1cc([N+](=O)[O-])ccc1NS(C)(=O)=O,0,IC50 (>),4.6,2,CHEMBL381883
CCCCCCCCCOc1cc([N+](=O)[O-])ccc1NS(C)(=O)=O,1,IC50,6.04,2,CHEMBL202469
CCC(CC)Oc1cc([N+](=O)[O-])ccc1N(C)S(C)(=O)=O,1,IC50,6.64,2,CHEMBL202030
CCC(CC)Oc1cc([N+](=O)[O-])ccc1NS(C)(=O)=O,1,IC50,6.52,2,CHEMBL202474
CN(c1ccc([N+](=O)[O-])cc1OC1CCCC1)S(C)(=O)=O,1,IC50,6.36,2,CHEMBL202473
CS(=O)(=O)Nc1ccc([N+](=O)[O-])cc1OC1CCCC1,1,IC50,6.06,2,CHEMBL437497
CN(c1ccc([N+](=O)[O-])cc1OCC1CCCCC1)S(C)(=O)=O,1,IC50,6.02,2,CHEMBL204502
CCCOc1cc([N+](=O)[O-])ccc1N(C)S(C)(=O)=O,1,IC50,6.12,2,CHEMBL382482
CN(c1ccc([N+](=O)[O-])cc1OC1CCCCC1)S(C)(=O)=O,1,IC50,6.33,2,CHEMBL204183
Clc1ccc(C(c2ccc3[nH]ccc3c2)n2ccnc2)cc1,1,IC50,8.05,3,CHEMBL204039
Cn1ccc2cc(C(c3ccc(Cl)cc3)n3ccnc3)ccc21,1,IC50,7.62,1,CHEMBL382679
Clc1cccc(C(c2ccc3[nH]ccc3c2)n2ccnc2)c1,1,IC50,7.53,1,CHEMBL204483
N#Cc1ccc(C(c2ccc3[nH]ccc3c2)n2ccnc2)cc1,1,IC50,7.71,2,CHEMBL205177
Fc1ccc(C(c2ccc3[nH]ccc3c2)n2ccnc2)cc1,1,IC50,7.58,1,CHEMBL203981
C1=C(c2cccnc2)Cc2ccccc21,0,IC50 (>),4.44,1,CHEMBL205782
COc1ccc2c(c1)CCC(c1cccnc1)=C2,1,IC50,6.09,2,CHEMBL206351
COc1ccc2c(c1)C=C(c1cccnc1)C2,0,IC50 (>),4.44,1,CHEMBL206300
COc1ccc(-c2oc3ccccc3c(=O)c2Cn2ccnc2)cc1,1,IC50,7.1,3,CHEMBL212473
N#Cc1ccc(-c2oc3ccccc3c(=O)c2Cn2ccnc2)cc1,1,IC50,7.16,3,CHEMBL209731
O=c1c(Cn2ccnc2)c(-c2ccc(Br)cc2)oc2ccccc12,1,IC50,6.36,3,CHEMBL377766
O=c1c(Cn2ccnc2)c(-c2ccc([N+](=O)[O-])cc2)oc2ccccc12,1,IC50,7.35,3,CHEMBL213588
O=c1c(Cn2ccnc2)c(-c2ccccc2)oc2ccccc12,1,IC50,7.15,3,CHEMBL213587
COc1ccc2c(=O)c(Cn3ccnc3)c(-c3ccc([N+](=O)[O-])cc3)oc2c1,1,IC50,6.33,3,CHEMBL212168
COc1cc(O)c2c(c1)O[C@]1(C)[C@@H](O)[C@@H](C)C[C@H](O)[C@@H]1C2=O,0,IC50,4.55,1,CHEMBL376473
CN(c1ccc([N+](=O)[O-])cc1OCc1ccccc1)S(C)(=O)=O,1,IC50,6.09,2,CHEMBL222250
CN(c1ccc([N+](=O)[O-])cc1OCc1ccccc1-c1ccccc1)S(C)(=O)=O,1,IC50,6.48,2,CHEMBL223368
CN(c1ccc([N+](=O)[O-])cc1OCc1ccc([N+](=O)[O-])cc1)S(C)(=O)=O,1,IC50,6.31,2,CHEMBL376303
CS(=O)(=O)Nc1ccc([N+](=O)[O-])cc1Oc1ccccc1,0,IC50,4.57,1,CHEMBL56367
O=C1c2ccccc2-c2nnc(Cn3ccnc3)cc21,0,IC50,4.58,4,CHEMBL387518
c1ccc(C2(n3ccnc3)c3ccccc3-c3ccccc32)cc1,1,IC50,7.13,5,CHEMBL223874
COc1ccc2c(Cn3ccnc3)cc(=O)oc2c1,1,IC50,6.55,6,CHEMBL225472
O=c1cc(OCCn2ccnc2)c2ccccc2o1,1,IC50,6.12,4,CHEMBL225178
O=c1cc(Cn2ccnc2)c2ccc(Oc3ccccc3)cc2o1,1,IC50,7.33,8,CHEMBL437731
COc1cc(Cn2ccnc2)c2ccc(=O)oc2c1,1,IC50,6.78,4,CHEMBL375046
O=c1ccc2cc(Cn3ccnc3)ccc2o1,1,IC50,6.84,4,CHEMBL224228
O=c1ccc2ccc(Cn3ccnc3)cc2o1,1,IC50,6.17,4,CHEMBL224649
COc1ccc2c(-c3ccccc3)c(Cn3ccnc3)c(=O)oc2c1,1,IC50,6.97,4,CHEMBL224787
O=c1cc(Cn2ccnc2)c2ccc(OCc3ccccc3)cc2o1,1,IC50,6.82,6,CHEMBL225499
COc1ccc2c(OCCn3ccnc3)cc(=O)oc2c1,0,IC50,4.0,2,CHEMBL375497
O=c1ccc2ccc(Cn3cncn3)cc2o1,0,IC50,4.5,1,CHEMBL223929
O=c1ccc2ccc(OCCn3ccnc3)cc2o1,0,IC50,4.5,2,CHEMBL390152
COc1ccc2ccc(=O)oc2c1Cn1ccnc1,0,IC50,4.5,2,CHEMBL223983
COc1ccc2c(c1)CCC(Cc1cnc[nH]1)=C2C,0,IC50,4.77,1,CHEMBL390569
O=c1c([C@@H](c2ccc([N+](=O)[O-])cc2)n2ccnc2)coc2ccccc12,1,IC50,8.64,3,CHEMBL224665
N#Cc1ccc([C@@H](c2coc3ccccc3c2=O)n2ccnc2)cc1,1,IC50,6.2,3,CHEMBL451201
N#Cc1ccc([C@H](c2coc3ccccc3c2=O)n2ccnc2)cc1,1,IC50,6.96,3,CHEMBL225079
O=c1c([C@H](c2ccc(Br)cc2)n2ccnc2)coc2ccccc12,1,IC50,6.54,3,CHEMBL376786
O=c1c([C@@H](c2ccc(Br)cc2)n2ccnc2)coc2ccccc12,1,IC50,7.31,3,CHEMBL522917
O=c1c([C@H](c2ccc([N+](=O)[O-])cc2)n2ccnc2)coc2ccccc12,1,IC50,7.02,3,CHEMBL525379
O=C1/C(=C\c2ccncc2)CCc2ccccc21,0,IC50,4.92,1,CHEMBL388959
N#Cc1ccc(C(F)(c2ccc(C#N)cc2)n2ccnc2)cc1,1,IC50,6.06,1,CHEMBL225378
N#Cc1ccc(C(F)(c2ccc(C#N)cc2)n2ncnn2)cc1,1,IC50,6.83,1,CHEMBL225360
N#Cc1ccc(C(F)(c2ccc(C#N)cc2)n2ccnn2)cc1,1,IC50,7.02,1,CHEMBL388515
N#Cc1ccc(C(F)(c2ccc(C#N)cc2)n2cncn2)cc1,1,IC50,7.21,1,CHEMBL225550
CCC(c1ccc(C#N)cc1)(c1ccc(C#N)cc1)n1cncn1,1,IC50,7.03,1,CHEMBL224462
CC(c1ccc(C#N)cc1)(c1ccc(C#N)cc1)n1cncn1,1,IC50,7.36,1,CHEMBL388187
N#Cc1ccc(C(=C2CCCCC2)n2cncn2)cc1,1,IC50,7.02,1,CHEMBL223555
N#Cc1ccc(C(c2ccc(C#N)cc2)c2cccnc2)cc1,1,IC50,7.23,1,CHEMBL223554
N#Cc1ccc(C(c2ccc(C#N)cc2)c2cncnc2)cc1,1,IC50,6.54,1,CHEMBL223452
N#Cc1ccc(C(c2ccc(C#N)cc2)n2ncnn2)cc1,1,IC50,8.24,1,CHEMBL224790
N#Cc1ccc(C(c2ccc(C#N)cc2)n2ccnn2)cc1,1,IC50,8.1,3,CHEMBL224789
N#Cc1ccc(C2(n3ccnc3)CCCC2)cc1,1,IC50,7.43,1,CHEMBL225053
CC(C)(c1ccc(C#N)cc1)n1ccnc1,1,IC50,7.02,1,CHEMBL225128
O=[N+]([O-])c1ccc(Cn2ccnc2)cc1,1,IC50,7.55,2,CHEMBL13784
O=C(c1ccccc1)c1ccc(Cn2ccnc2)cc1,1,IC50,7.32,3,CHEMBL223176
Brc1ccc(Cn2ccnc2)cc1,1,IC50,6.47,1,CHEMBL211207
N#Cc1ccccc1Cn1ccnc1,1,IC50,7.32,1,CHEMBL374934
Cc1oc2c(C#N)ccc(Cn3ccnc3)c2c1C,1,IC50,7.74,1,CHEMBL224391
N#Cc1ccc(Cn2ccnc2)c2ccccc12,1,IC50,7.96,1,CHEMBL375043
COc1cc2c(cc1Br)CC[C@H]1[C@H](c3ccncc3)[C@@H]21,1,IC50,6.03,1,CHEMBL225497
COc1ccc2c(c1)[C@H]1[C@@H](CC2)[C@@H]1c1ccncc1,1,IC50,7.52,1,CHEMBL223717
Cn1nnc2ccc([C@@H](c3ccc(Cl)cc3)n3cncn3)cc21,1,IC50,8.86,2,CHEMBL519436
Cn1nnc2ccc([C@H](c3ccc(Cl)cc3)n3cncn3)cc21,1,IC50,8.86,4,CHEMBL224060
Clc1cccc(C(c2ccc3[nH]cnc3c2)n2ccnc2)c1,1,IC50,8.3,2,CHEMBL389433
COCOc1ccc(C(=O)/C=C/c2ccc(OCOC)c(CC=C(C)C)c2)c(O)c1,0,IC50 (>),3.62,1,CHEMBL229944
COc1ccc2c(c1)OC(c1ccc(OCC=C(C)C)cc1)CC2=O,0,IC50,4.54,1,CHEMBL228985
COc1ccc(C(=O)/C=C/c2ccc(OCC=C(C)C)cc2)c(O)c1,0,IC50 (>),3.57,1,CHEMBL390364
COc1ccc(/C=C/C(=O)c2ccc(OC)cc2O)cc1,0,IC50 (>),3.45,1,CHEMBL229907
COc1ccc(C(=O)/C=C/c2cccc(CC=C(C)C)c2)c(O)c1,0,IC50 (>),3.51,1,CHEMBL229905
COc1ccc(C2CC(=O)c3ccccc3O2)cc1CC=C(C)C,0,IC50,4.92,1,CHEMBL1162951
COc1ccc(/C=C/C(O)c2ccccc2O)cc1CC=C(C)C,0,IC50 (>),3.51,1,CHEMBL388375
COc1ccc(C(=O)/C=C/c2ccc(OC)c(CC=C(C)C)c2)c(O)c1,0,IC50 (>),3.55,1,CHEMBL229633
COc1ccc(C(=O)/C=C/c2ccc(O)c(CC=C(C)C)c2)c(O)c1,0,IC50 (>),3.53,1,CHEMBL229841
COCOc1ccc(C2CC(=O)c3ccc(OC)cc3O2)cc1CC=C(C)C,0,IC50,4.6,1,CHEMBL229790
COCOc1ccc(/C=C/C(=O)c2ccc(OC)cc2O)cc1CC=C(C)C,0,IC50 (>),3.58,1,CHEMBL390731
COc1ccc(/C=C/C(=O)c2ccc(O)cc2O)cc1CC=C(C)C,0,IC50,4.08,1,CHEMBL389925
COCOc1ccc(C(=O)/C=C/c2ccc(OC)c(CC=C(C)C)c2)c(O)c1,0,IC50 (>),3.58,1,CHEMBL229893
CC(C)=CCc1cc([C@@H]2CC(=O)c3ccc(O)cc3O2)ccc1O,0,IC50,4.39,1,CHEMBL558103
CC(C)=CCc1cc(/C=C/C(=O)c2ccc(O)cc2O)ccc1O,0,IC50 (>),3.51,1,CHEMBL229885
COCOc1ccc2c(c1)OC(c1ccc(OCOC)c(CC=C(C)C)c1)CC2=O,0,IC50,4.86,1,CHEMBL229945
COc1ccc(C(=O)CC(O)c2ccc(OC)c(CC=C(C)C)c2)c(O)c1,0,IC50,4.26,1,CHEMBL229094
CC[C@H]1[C@@H]2[C@@H](O)CCN2C(=O)N1c1ccc(C#N)c(Cl)c1C,0,IC50 (>),4.0,1,CHEMBL229861
N#Cc1ccc(N(Cc2ccc(C(F)(F)F)c(O)c2)n2cnnc2)cc1,1,IC50,9.4,1,CHEMBL226999
COc1ccc(CN(c2ccc(C#N)cc2)n2cnnc2)cc1O,1,IC50,8.92,1,CHEMBL388093
N#Cc1ccc(N(Cc2ccc(Br)c(O)c2)n2cnnc2)cc1,1,IC50,9.3,1,CHEMBL226947
N#Cc1ccc(N(Cc2ccc(Cl)c(O)c2)n2cnnc2)cc1,1,IC50,9.74,1,CHEMBL226946
N#Cc1ccc(N(Cc2ccc(F)c(O)c2)n2cnnc2)cc1,1,IC50,9.22,1,CHEMBL390079
N#Cc1ccc(N(Cc2cccc(O)c2)n2cnnc2)cc1,1,IC50,8.55,1,CHEMBL390078
COc1ccc(CN(c2ccc(C#N)cc2)n2cnnc2)cc1OS(N)(=O)=O,1,IC50,7.92,1,CHEMBL226945
N#Cc1ccc(N(Cc2ccc(Br)c(OS(N)(=O)=O)c2)n2cnnc2)cc1,1,IC50,8.41,1,CHEMBL226893
N#Cc1ccc(N(Cc2ccc(Cl)c(OS(N)(=O)=O)c2)n2cnnc2)cc1,1,IC50,9.04,1,CHEMBL390077
N#Cc1ccc(N(Cc2ccc(F)c(OS(N)(=O)=O)c2)n2cnnc2)cc1,1,IC50,9.11,1,CHEMBL226892
N#Cc1ccc(N(Cc2c(F)c(F)c(O)c(F)c2F)n2cnnc2)cc1,1,IC50,6.8,1,CHEMBL226891
N#Cc1ccc(N(Cc2cc(Cl)c(O)c(Cl)c2)n2cnnc2)cc1,1,IC50,8.12,1,CHEMBL226843
COc1cc(CN(c2ccc(C#N)cc2)n2cnnc2)cc(Cl)c1O,1,IC50,9.29,1,CHEMBL388507
N#Cc1ccc(N(Cc2ccc(O)c(C(F)(F)F)c2)n2cnnc2)cc1,1,IC50,9.06,1,CHEMBL226842
N#Cc1ccc(N(Cc2ccc(O)c(C#N)c2)n2cnnc2)cc1,1,IC50,7.62,1,CHEMBL226841
COc1cc(CN(c2ccc(C#N)cc2)n2cnnc2)ccc1O,1,IC50,8.55,1,CHEMBL226791
N#Cc1ccc(N(Cc2ccc(O)c(I)c2)n2cnnc2)cc1,1,IC50,9.48,1,CHEMBL226790
N#Cc1ccc(N(Cc2ccc(O)c(Br)c2)n2cnnc2)cc1,1,IC50,8.96,1,CHEMBL388506
N#Cc1ccc(N(Cc2ccc(O)c(Cl)c2)n2cnnc2)cc1,1,IC50,8.6,1,CHEMBL226789
N#Cc1ccc(N(Cc2ccc(O)c(F)c2)n2cnnc2)cc1,1,IC50,8.54,1,CHEMBL226738
N#Cc1ccc(N(Cc2ccc(O)cc2)n2cnnc2)cc1,1,IC50,7.64,1,CHEMBL388291
COc1cc(CN(c2ccc(C#N)cc2)n2cnnc2)cc(Cl)c1OS(N)(=O)=O,1,IC50,8.54,1,CHEMBL390717
N#Cc1ccc(N(Cc2ccc(OS(N)(=O)=O)c(C#N)c2)n2cnnc2)cc1,1,IC50,7.57,1,CHEMBL226737
COc1cc(CN(c2ccc(C#N)cc2)n2cnnc2)ccc1OS(N)(=O)=O,1,IC50,7.38,1,CHEMBL226736
N#Cc1ccc(N(Cc2ccc(OS(N)(=O)=O)c(I)c2)n2cnnc2)cc1,1,IC50,8.82,1,CHEMBL390496
O=C(c1ccccc1)c1ccccc1Cn1ccnc1,1,IC50,6.25,1,CHEMBL244795
O=C(c1ccccc1)c1cc(Br)ccc1Cn1ccnc1,1,IC50,6.4,1,CHEMBL242454
O=C(c1ccc(-c2ccccc2)cc1)c1cc([N+](=O)[O-])ccc1Cn1ccnc1,1,IC50,7.75,1,CHEMBL243756
O=C(c1ccccc1)c1cc([N+](=O)[O-])ccc1Cn1ccnc1,1,IC50,7.59,1,CHEMBL243755
O=C(c1ccccc1)c1cc(Cn2ccnc2)ccc1[N+](=O)[O-],1,IC50,7.51,1,CHEMBL388930
O=C(c1ccc(-c2ccccc2)cc1)c1cccc(Cn2ccnc2)c1,1,IC50,8.28,1,CHEMBL243961
O=C(c1ccc(-c2ccccc2)cc1)c1ccccc1Cn1ccnc1,1,IC50,6.58,1,CHEMBL243960
O=C(c1ccccc1)c1cccc(Cn2ccnc2)c1,1,IC50,8.14,1,CHEMBL397728
O=C1CC(c2ccc(O)cc2)Oc2c1ccc1ccccc21,1,IC50,6.2,2,CHEMBL256665
O=C1CC(c2cccc(O)c2)Oc2c1ccc1ccccc21,1,IC50,6.21,1,CHEMBL439241
CN(c1ccc(NC(=O)c2ccc(-c3ccccc3)cc2)cc1OCc1ccccc1)S(C)(=O)=O,1,IC50,6.92,1,CHEMBL271794
CN(c1ccc(NC(=O)c2ccc(C#N)cc2)cc1OCc1ccccc1)S(C)(=O)=O,1,IC50,6.36,1,CHEMBL409271
CN(c1ccc(NC(=O)c2ccc(Cl)c([N+](=O)[O-])c2)cc1OCc1ccccc1)S(C)(=O)=O,1,IC50,6.16,1,CHEMBL270915
CN(c1ccc(NC(=O)c2ccc(Cl)c(Cl)c2)cc1OCc1ccccc1)S(C)(=O)=O,1,IC50,6.16,1,CHEMBL271129
CN(c1ccc(NC(=O)C2CCCCC2)cc1OCc1ccccc1)S(C)(=O)=O,1,IC50,6.6,1,CHEMBL270917
CC(=O)Nc1ccc(N(C)S(C)(=O)=O)c(OCc2ccccc2)c1,0,IC50,4.78,1,CHEMBL272456
Cc1ccc(S(=O)(=O)Nc2ccc([N+](=O)[O-])cc2OCc2ccccc2)cc1,0,IC50,4.76,1,CHEMBL272464
O=C(Nc1ccc([N+](=O)[O-])cc1OCc1ccccc1)c1ccc(-c2ccccc2)cc1,0,IC50 (>),4.6,1,CHEMBL270488
O=C(Nc1ccc([N+](=O)[O-])cc1OCc1ccccc1)c1ccc2ccccc2c1,0,IC50 (>),4.6,1,CHEMBL269877
N#Cc1ccc(C(=O)Nc2ccc([N+](=O)[O-])cc2OCc2ccccc2)cc1,0,IC50 (>),4.6,1,CHEMBL407092
O=C(Nc1ccc([N+](=O)[O-])cc1OCc1ccccc1)c1ccc(Cl)c(Cl)c1,0,IC50 (>),4.6,1,CHEMBL273049
O=C(Nc1ccc([N+](=O)[O-])cc1OCc1ccccc1)c1ccc(Cl)c([N+](=O)[O-])c1,0,IC50 (>),4.6,1,CHEMBL260098
O=C(Nc1ccc([N+](=O)[O-])cc1OCc1ccccc1)c1cccc([N+](=O)[O-])c1,0,IC50 (>),4.6,1,CHEMBL270301
O=C(Nc1ccc([N+](=O)[O-])cc1OCc1ccccc1)c1ccc([N+](=O)[O-])cc1,0,IC50 (>),4.6,1,CHEMBL409448
O=C(Nc1ccc([N+](=O)[O-])cc1OCc1ccccc1)C1CCCCC1,0,IC50 (>),4.6,1,CHEMBL260955
O=C(Nc1ccc([N+](=O)[O-])cc1OCc1ccccc1)c1ccccc1,0,IC50 (>),4.6,1,CHEMBL407953
CN(c1ccc([N+](=O)[O-])cc1OCCc1ccccc1)S(C)(=O)=O,1,IC50,6.28,1,CHEMBL436515
CS(=O)(=O)Nc1ccc([N+](=O)[O-])cc1OCCc1ccccc1,1,IC50,6.64,1,CHEMBL374651
CN(c1ccc([N+](=O)[O-])cc1OCc1ccc(-c2ccccc2)cc1)S(C)(=O)=O,1,IC50,6.19,1,CHEMBL373377
CS(=O)(=O)Nc1ccc([N+](=O)[O-])cc1OCc1ccc(-c2ccccc2)cc1,1,IC50,6.07,1,CHEMBL426541
CN(c1ccc([N+](=O)[O-])cc1OCc1ccc(Br)cc1)S(C)(=O)=O,1,IC50,6.48,1,CHEMBL220793
CS(=O)(=O)Nc1ccc([N+](=O)[O-])cc1OCc1ccc(Cl)cc1,1,IC50,6.54,1,CHEMBL220774
CS(=O)(=O)Nc1ccc([N+](=O)[O-])cc1OCc1ccc(F)cc1,1,IC50,6.24,1,CHEMBL373427
COc1ccc(COc2cc([N+](=O)[O-])ccc2N(C)S(C)(=O)=O)cc1,1,IC50,6.33,1,CHEMBL224037
CS(=O)(=O)Nc1ccc([N+](=O)[O-])cc1OCc1ccccc1-c1ccccc1,1,IC50,6.58,1,CHEMBL223162
CS(=O)(=O)Nc1ccc([N+](=O)[O-])cc1OCc1ccc([N+](=O)[O-])cc1,1,IC50,6.4,1,CHEMBL223109
Cc1ccc(C)c(COc2cc([N+](=O)[O-])ccc2NS(C)(=O)=O)c1,1,IC50,6.43,1,CHEMBL220886
COc1ccc([C@](O)(c2cccnc2)c2cc3ccc(OC)cc3o2)cc1,1,IC50,6.8,1,CHEMBL3084324
CC(C)=CCc1cc2cc(-c3cc(O)cc(O)c3)oc2cc1O,0,IC50,4.51,2,CHEMBL465881
COc1ccc(CCCc2ccc(O)cc2)c(O)c1,0,IC50,4.52,1,CHEMBL465879
CC(C)=CCc1cc(C2CC(=O)c3c(O)cc(O)cc3O2)ccc1O,1,IC50,6.4,1,CHEMBL457680
CC(C)=CCc1cc(-c2oc3cc(O)cc(O)c3c(=O)c2O)ccc1O,1,IC50,7.0,1,CHEMBL457679
CC(C)(O)C1Cc2c(ccc3c2O[C@H](c2ccc(O)cc2O)CC3=O)O1,1,IC50,7.0,1,CHEMBL457678
CC(C)=CCc1c(O)cc(O)cc1-c1cc2ccc(O)cc2o1,0,IC50,4.51,1,CHEMBL458188
C/C(=C\Cc1c(O)ccc(C(=O)/C=C/c2ccc(O)cc2O)c1O)COC(=O)/C=C/c1ccc(O)cc1,1,IC50,6.3,1,CHEMBL514745
CC(C)=CCC/C(C)=C/Cc1c(-c2ccc(O)cc2O)oc2cc(O)cc(O)c2c1=O,0,IC50,4.62,1,CHEMBL458187
C[C@H]1[C@H](C)CC[C@]2(C(=O)O)CC[C@]3(C)C(=CC[C@@H]4[C@@]5(C)CC[C@H](O)C(C)(C)[C@@H]5CC[C@]43C)[C@H]12,0,IC50,4.5,1,CHEMBL169
C[C@H]1[C@H](C)CC[C@]2(C(=O)O)CC[C@]3(C)C(=CC[C@@H]4[C@@]5(C)CCC(=O)C(C)(C)[C@@H]5CC[C@]43C)[C@H]12,0,IC50 (>),3.3,1,CHEMBL487887
C[C@H]1[C@H](C)CC[C@]2(C(=O)NCCCN3CCN(CCCN)CC3)CC[C@]3(C)C(=CC[C@@H]4[C@@]5(C)CC[C@H](O)C(C)(C)[C@@H]5CC[C@]43C)[C@H]12,0,IC50 (>),3.3,1,CHEMBL264924
CC(=O)O[C@H]1CC[C@]2(C)[C@H]3CC=C4[C@@H]5[C@@H](C)[C@H](C)CC[C@]5(C(=O)NCCCN5CCN(CCCN)CC5)CC[C@@]4(C)[C@]3(C)CC[C@H]2C1(C)C,0,IC50 (>),3.3,1,CHEMBL270215
C[C@H]1[C@H](C)CC[C@]2(C(=O)O)CC[C@]3(C)C(=CC[C@@H]4[C@@]5(C)CCC(=O)NC(C)(C)[C@@H]5CC[C@]43C)[C@H]12,0,IC50 (>),3.3,1,CHEMBL454421
C=C(C)[C@@H]1CC[C@]2(C)[C@H](CC=C3[C@@H]4[C@@H](C)[C@H](C)CC[C@]4(C(=O)O)CC[C@]32C)[C@@]1(C)CCC#N,0,IC50 (>),3.3,1,CHEMBL486853
C[C@H]1[C@H](C)CC[C@]2(C(=O)O)CC[C@]3(C)C(=CC[C@@H]4[C@@]5(C)CC/C(=N\O)C(C)(C)[C@@H]5CC[C@]43C)[C@H]12,0,IC50 (>),3.3,1,CHEMBL487888
COc1ccc(C(Cn2ccnc2)Sc2ccc(Cl)c(Cl)c2)cc1,1,Ki,8.19,2,CHEMBL459502
Oc1cc2c(cc1C(c1ccc3c(c1)OCO3)n1ccnc1)OCO2,1,Ki,8.25,2,CHEMBL459503
Oc1cc2c(cc1C(c1ccc(F)cc1)n1ccnc1)OCO2,1,Ki,8.72,2,CHEMBL513615
O=Cc1c(Cn2ccnc2)c2cc([N+](=O)[O-])ccc2n1Cc1ccccc1,1,Ki,7.28,2,CHEMBL496777
Cc1nc2ccc(Cl)c(-n3ccnc3)c2cc1CCn1ccnc1,1,Ki,7.48,2,CHEMBL495565
c1ccc(-c2cc(-c3cccnc3)nc(-c3cccnc3)c2)cc1,0,IC50,4.33,1,CHEMBL495566
COc1ccc2nc3cc(Cl)ccc3c(Nc3cccnc3)c2c1,1,Ki,7.59,2,CHEMBL495567
COc1ccc2c(Cc3ccc(O)cc3)cncc2c1O,0,IC50,4.53,1,CHEMBL523231
Oc1ccc(-c2nc(-c3cccnc3)c(-c3ccc(Cl)cc3)[nH]2)cc1,1,Ki,7.82,2,CHEMBL509750
O=[N+]([O-])c1cccc(Cc2nncc3ccccc23)c1,0,IC50,4.42,1,CHEMBL495574
COc1ccc(-c2cc3c(=O)cc(O)oc3cc2SCc2ccncc2)cc1,1,IC50,6.66,1,CHEMBL496375
COc1ccc2c(c1)CCC(CC1C=NC=N1)=C2C,0,IC50,4.77,1,CHEMBL448463
COc1ccc(C(c2cc3c(cc2O)OCO3)n2ccnc2)cc1,1,Ki,7.88,2,CHEMBL522733
Cc1cc(=O)[nH]c2c3c(ccc12)OCO3,0,IC50 (>),4.01,1,CHEMBL482693
Cc1cc(=O)n(C)c2c1C(=O)C=CC2=O,0,IC50 (>),4.01,1,CHEMBL450666
COc1cc(OC)c2[nH]c(=O)cc(C)c2c1,0,IC50 (>),4.04,1,CHEMBL476126
Cc1cc(=O)[nH]c2ccccc12,0,IC50 (>),3.9,1,CHEMBL424414
Cc1cc(=O)n(C)c2ccccc12,0,IC50 (>),3.94,1,CHEMBL60376
COc1cccc2c(C)cc(=O)[nH]c12,0,IC50 (>),3.98,1,CHEMBL453417
COc1ccc2c(C)cc(=O)[nH]c2c1OC,0,IC50,4.5,1,CHEMBL503538
COc1ccc(OC)c2c(C)cc(=O)[nH]c12,0,IC50,4.57,1,CHEMBL493174
COc1cc2c(C)cc(=O)[nH]c2c(OC)c1OC,0,IC50,4.73,1,CHEMBL454226
COc1cc(OC)c2[nH]c(=O)cc(C)c2c1OC,0,IC50,4.83,1,CHEMBL493181
COc1ccc(OC)c2c1c(C)cc(=O)n2C,1,IC50,6.02,1,CHEMBL490867
COc1cc(OC)c2c(c1)c(C)cc(=O)n2C,1,IC50,6.02,1,CHEMBL493173
COc1c(OC)c(OC)c2c(c(C)cc(=O)n2C)c1OC,1,IC50,6.12,1,CHEMBL455593
COc1cc(OC)c2c(c(C)cc(=O)n2C)c1OC,1,IC50,7.0,1,CHEMBL449065
COc1ccc(Cc2cc3cc(OC)ccc3cc2-c2cccnc2)cc1,1,IC50,7.42,1,CHEMBL494713
COc1c(O)cc2oc3cc(O)c(CC=C(C)C)c(O)c3c(=O)c2c1CC=C(C)C,0,IC50,4.68,1,CHEMBL323197
CC(C)=CCc1c(O)cc2oc3c(CC=C(C)C)c(O)c(O)c(CC=C(C)C)c3c(=O)c2c1O,0,IC50,4.6,1,CHEMBL454580
O=C1C[C@@H](c2ccc(O)cc2)Oc2cc(O)ccc21,1,IC50,6.47,1,CHEMBL252642
O=c1c(O)c(-c2ccc(O)c(O)c2)oc2c(O)c(O)cc(O)c12,0,IC50,4.96,1,CHEMBL253570
O=c1cc(-c2ccc(O)cc2)oc2cc(O)cc(O)c12,1,IC50,6.05,2,CHEMBL28
O=c1c(-c2ccc(O)cc2)coc2cc(O)ccc12,0,Ki,4.0,1,CHEMBL8145
O=c1c(O)c(-c2ccccc2)oc2cc(O)cc(O)c12,0,Ki,4.0,1,CHEMBL309490
O=c1c(-c2ccc(O)cc2)coc2cc(O)cc(O)c12,0,Ki,4.0,1,CHEMBL44
Clc1ccc(CC(Cc2ccccc2)n2ccnc2)s1,1,IC50,6.06,1,CHEMBL518586
Clc1ccc(CN(Cc2ccc(Cl)s2)n2ccnc2)c(Cl)c1,1,IC50,6.5,1,CHEMBL517347
Clc1ccc(CN(CC/C=C/c2ccccc2)n2cncn2)c(Cl)c1,0,IC50,4.76,1,CHEMBL478023
C(=C/c1ccccc1)\CCN(Cc1cccc2ccccc12)n1cncn1,0,IC50,4.88,1,CHEMBL491010
Fc1ccc(CC(Cc2ccc(-c3ccccc3)cc2)n2ccnc2)c(F)c1,1,IC50,6.58,1,CHEMBL489360
COc1ccccc1CC(Cc1ccc(-c2ccccc2)cc1)n1ccnc1,1,IC50,6.29,1,CHEMBL521600
Fc1ccc(CC(Cc2ccc(-c3ccccc3)cc2)n2ccnc2)cc1,1,IC50,6.96,1,CHEMBL523813
c1ccc(CC(Cc2ccc(-c3ccccc3)cc2)n2ccnc2)cc1,1,IC50,6.02,1,CHEMBL491222
CC(C)(C)c1ccc(CC(Cc2ccc(-c3ccccc3)cc2)n2ccnc2)cc1,1,IC50,6.0,1,CHEMBL491023
CC(C)(C)c1ccc(CN(Cc2cccs2)n2ccnc2)cc1,1,IC50,6.24,1,CHEMBL523973
Fc1ccc(CN(Cc2ccc(-c3ccccc3)cc2)n2ccnc2)c(F)c1,1,IC50,6.46,1,CHEMBL491824
Fc1ccc(CN(Cc2ccc(-c3ccccc3)cc2)n2ccnc2)cc1,1,IC50,6.72,1,CHEMBL491213
Fc1ccccc1CN(Cc1ccc(-c2ccccc2)cc1)n1ccnc1,1,IC50,6.34,1,CHEMBL489986
Clc1ccccc1CN(Cc1ccc(-c2ccccc2)cc1)n1ccnc1,1,IC50,6.52,1,CHEMBL521591
CCCCCCCC/C=C\CCCCCCCC(=O)O,0,IC50,4.49,1,CHEMBL8659
CC/C=C\C/C=C\C/C=C\C/C=C\C/C=C\C/C=C\CCC(=O)O,0,IC50,4.48,1,CHEMBL367149
CC/C=C\C/C=C\C/C=C\C/C=C\C/C=C\CCCCCC(=O)O,0,IC50,4.78,1,CHEMBL496634
CC/C=C\C/C=C\C/C=C\C/C=C\C/C=C\CCCC(=O)O,0,IC50,4.27,1,CHEMBL460026
CCCCC/C=C\C/C=C\C/C=C\C/C=C\CCCC(=O)O,0,IC50,4.55,1,CHEMBL15594
CC/C=C\C/C=C\C/C=C\CCCCCCCC(=O)O,0,IC50,4.36,1,CHEMBL8739
CCCCC/C=C\C/C=C\CCCCCCCC(=O)O,0,IC50,4.32,1,CHEMBL267476
N#Cc1ccc(C(c2ccc3cc[nH]c3c2)n2ccnc2)cc1,1,IC50,7.94,1,CHEMBL469260
N#Cc1ccc(C(c2cccc3[nH]ccc23)n2ccnc2)cc1,1,IC50,7.73,1,CHEMBL468410
N#Cc1ccc(C(c2ccc3cc[nH]c3c2)n2cncn2)cc1,1,IC50,7.03,1,CHEMBL512994
N#Cc1ccc([C@@H](c2ccc(OS(N)(=O)=O)c(Br)c2)n2cncn2)cc1,1,IC50,7.84,2,CHEMBL480321
N#Cc1ccc([C@H](c2ccc(OS(N)(=O)=O)c(Br)c2)n2cncn2)cc1,1,IC50,8.49,2,CHEMBL479559
N#Cc1ccc(C(c2ccc(OS(N)(=O)=O)c(Br)c2)n2cncn2)cc1,1,IC50,8.52,3,CHEMBL518761
N#Cc1ccc(C(c2ccc(OS(N)(=O)=O)c(Cl)c2)n2cncn2)cc1,1,IC50,7.92,1,CHEMBL479551
N#Cc1ccc(C(c2ccc(OS(N)(=O)=O)cc2)n2cncn2)cc1,1,IC50,7.89,1,CHEMBL479366
NS(=O)(=O)Oc1ccc(C(c2ccc(OS(N)(=O)=O)c(Br)c2)n2cncn2)cc1Br,1,IC50,7.37,1,CHEMBL479928
NS(=O)(=O)Oc1cccc(C(c2cccc(OS(N)(=O)=O)c2)n2cncn2)c1,1,IC50,7.0,1,CHEMBL479737
NS(=O)(=O)Oc1ccc2c3c(c(=O)oc2c1)CCCCC3,1,IC50,6.52,2,CHEMBL286738
N#Cc1ccc([C@@H](c2ccc(O)c(Br)c2)n2cncn2)cc1,1,IC50,8.47,1,CHEMBL500976
N#Cc1ccc([C@H](c2ccc(O)c(Br)c2)n2cncn2)cc1,1,IC50,9.22,1,CHEMBL453736
N#Cc1ccc(C(c2ccc(O)c(Br)c2)n2cncn2)cc1,1,IC50,8.74,1,CHEMBL481091
N#Cc1ccc(C(c2ccc(O)c(Cl)c2)n2cncn2)cc1,1,IC50,8.26,1,CHEMBL479385
N#Cc1ccc(C(c2ccc(O)cc2)n2cncn2)cc1,1,IC50,8.14,1,CHEMBL519937
COc1cc(C(c2ccc(O)c(OC)c2)n2cncn2)ccc1O,1,IC50,6.67,1,CHEMBL480516
COc1ccc(C(c2ccc(OC)c(O)c2)n2cncn2)cc1O,1,IC50,6.77,1,CHEMBL480515
Oc1ccc(C(c2ccc(O)c(Br)c2)n2cncn2)cc1Br,1,IC50,8.0,1,CHEMBL480451
Oc1ccc(C(c2ccc(O)cc2)n2cncn2)cc1,1,IC50,6.75,1,CHEMBL480514
Cn1nnc2ccc(C(c3ccc(Cl)cc3)n3cncn3)cc21,1,IC50,8.85,2,CHEMBL100749
Fc1ccc(Cn2ccnc2)cc1,1,IC50,6.06,1,CHEMBL377770
Clc1ccc(Cn2ccnc2)cc1,1,IC50,7.16,2,CHEMBL441367
Cc1ccc(Cn2ccnc2)cc1,0,IC50,4.61,1,CHEMBL212741
N#CC(C#N)=Cc1ccc(O)c(O)c1,0,IC50,4.15,1,CHEMBL76904
Cc1cc(O)c2c(c1-c1ccc3c(c1O)C(=O)C[C@](C)([C@@H]1OC(=O)C[C@@H]1C)O3)O[C@](C)([C@@H]1OC(=O)C[C@H]1O)CC2=O,0,IC50,4.61,1,CHEMBL586557
Cc1cc2c(c(O)c1-c1ccc3c(c1O)C(=O)C[C@](C)([C@@H]1OC(=O)C[C@@H]1C)O3)C(=O)C[C@@](C)([C@@H]1OC(=O)C[C@H]1O)O2,0,IC50,4.78,1,CHEMBL576579
Cc1nc2c(cc1C#N)C(Nc1ccc(Cl)cc1)Oc1ccc([N+](=O)[O-])cc1-2,1,Ki,6.42,2,CHEMBL572637
CC/C(=C1\C=CC(=O)S1)C(CC)c1ccc(OC(C)=O)cc1,0,IC50,4.81,1,CHEMBL583989
CC1C2=CC(=O)CCC2(C)C2CCC3(C)C(=O)CCC3C12,1,Ki,6.58,2,CHEMBL583076
CC(C)(C#N)c1cc(Cn2cncn2)cc(-c2ccc(OS(N)(=O)=O)c(Cl)c2)c1,1,IC50,9.52,1,CHEMBL604716
N#Cc1ccc(Cn2cncn2)cc1-c1ccc(Cl)c(OS(N)(=O)=O)c1,1,IC50,9.46,1,CHEMBL599239
CN(C)S(=O)(=O)Oc1ccc(-c2cc(Cn3cncn3)ccc2C#N)cc1,1,IC50,9.3,1,CHEMBL596779
N#Cc1ccc(Cn2cncn2)cc1-c1ccc(OS(N)(=O)=O)c(Cl)c1,1,IC50,9.92,3,CHEMBL592131
N#Cc1ccc(Cn2cncn2)c(-c2ccc(OS(N)(=O)=O)c(Cl)c2)c1,1,IC50,8.72,1,CHEMBL598212
N#Cc1ccc(Cn2cncn2)cc1-c1ccc(OS(N)(=O)=O)cc1,1,IC50,8.7,2,CHEMBL598199
CN(C)S(=O)(=O)Oc1ccc(-c2cc(Cn3cncn3)ccc2C#N)cc1Cl,1,IC50,8.62,1,CHEMBL599238
CC(C)(C#N)c1cc(Cn2cncn2)cc(-c2ccc(OS(N)(=O)=O)cc2)c1,1,IC50,7.76,1,CHEMBL597403
NS(=O)(=O)Oc1ccc(-c2cccc(Cn3cncn3)c2)cc1Cl,1,IC50,7.16,1,CHEMBL598009
N#Cc1cc(Cn2cncn2)cc(-c2ccc(OS(N)(=O)=O)c(Cl)c2)c1,1,IC50,7.1,1,CHEMBL598628
N#Cc1ccc(-c2ccc(OS(N)(=O)=O)c(Cl)c2)cc1Cn1cncn1,1,IC50,6.84,1,CHEMBL599442
N#Cc1ccc(-c2ccc(OS(N)(=O)=O)cc2)cc1Cn1cncn1,1,IC50,6.75,1,CHEMBL592376
NS(=O)(=O)Oc1ccc(-c2cccc(Cn3cncn3)c2)cc1,1,IC50,6.56,1,CHEMBL598629
N#Cc1cc(Cn2cncn2)cc(-c2ccc(OS(N)(=O)=O)cc2)c1,1,IC50,6.55,1,CHEMBL598627
N#Cc1cc(Cn2cncn2)ccc1-c1ccc(OS(N)(=O)=O)cc1,1,IC50,6.55,1,CHEMBL609618
N#Cc1cc(Cn2cncn2)ccc1-c1ccc(OS(N)(=O)=O)c(Cl)c1,1,IC50,6.24,1,CHEMBL598211
N#Cc1ccc(Cn2cncn2)cc1-c1ccccc1,1,IC50,9.7,1,CHEMBL592852
N#Cc1ccc(Cn2cncn2)cc1-c1ccc(O)cc1,1,IC50,9.7,1,CHEMBL597606
N#Cc1ccc(Cn2cncn2)cc1-c1ccc(O)c(Cl)c1,1,IC50,9.82,2,CHEMBL597808
N#Cc1ccc(Cn2cncn2)cc1-c1ccc(Cl)c(O)c1,1,IC50,9.66,1,CHEMBL599864
N#Cc1ccc(-c2cccc(O)c2)cc1Cn1cncn1,1,IC50,7.84,1,CHEMBL589247
N#Cc1ccc(-c2ccc(O)c(Cl)c2)cc1Cn1cncn1,1,IC50,7.13,1,CHEMBL609332
N#Cc1cc(Cn2cncn2)cc(-c2ccccc2)c1,1,IC50,7.53,1,CHEMBL599455
N#Cc1cc(Cn2cncn2)cc(-c2ccc(F)cc2)c1,1,IC50,7.72,1,CHEMBL599456
N#Cc1ccc(-c2cc(C#N)cc(Cn3cncn3)c2)cc1,1,IC50,7.28,1,CHEMBL609333
N#Cc1cc(Cn2cncn2)cc(-c2ccc(O)cc2)c1,1,IC50,6.95,1,CHEMBL601840
N#Cc1cc(Cn2cncn2)cc(-c2ccc(O)c(Cl)c2)c1,1,IC50,7.62,1,CHEMBL598846
c1ccc(-c2cccc(Cn3cncn3)c2)cc1,1,IC50,6.68,1,CHEMBL598847
N#Cc1cc(Cn2cncn2)ccc1-c1ccccc1,1,IC50,8.34,1,CHEMBL608153
N#Cc1cc(Cn2cncn2)ccc1-c1ccc(O)cc1,1,IC50,6.04,1,CHEMBL607855
N#Cc1cc(Cn2cncn2)ccc1-c1ccc(O)c(Cl)c1,1,IC50,6.42,1,CHEMBL598020
N#Cc1ccc(Cn2cncn2)c(-c2ccccc2)c1,1,IC50,8.77,1,CHEMBL589738
N#Cc1ccc(Cn2cncn2)c(-c2ccc(O)c(Cl)c2)c1,1,IC50,9.1,1,CHEMBL598223
CC(C)(C#N)c1cc(Cn2cncn2)cc(-c2ccccc2)c1,1,IC50,9.3,1,CHEMBL598224
CC(C)(C#N)c1cc(Cn2cncn2)cc(-c2ccc(O)cc2)c1,1,IC50,8.22,1,CHEMBL605418
CC(C)(C#N)c1cc(Cn2cncn2)cc(-c2ccc(O)c(Cl)c2)c1,1,IC50,10.0,1,CHEMBL597416
N#Cc1ccc(Cn2cncn2)cc1-c1cccc(Cl)c1,1,IC50,9.66,1,CHEMBL589974
O=C(OC[C@@H](O)[C@@H](O)COC(=O)/C(Cc1ccc(O)cc1)=N\O)/C(Cc1ccc(O)cc1)=N\O,0,IC50 (>),4.0,1,CHEMBL1088570
O=c1c(C(c2ccc([N+](=O)[O-])cc2)n2ccnc2)coc2ccccc12,1,IC50,8.64,1,CHEMBL516643
Cn1c(=O)sc2cc(C(c3ccccc3)n3ccnc3)ccc21,1,IC50,7.89,1,CHEMBL1097041
O=c1cc(-c2ccccc2)oc2c1ccc1cccc(O)c12,1,IC50,7.7,1,CHEMBL1097042
CCn1c(C)c(C(c2ccc(F)cc2)n2ccnc2)c2ccccc21,1,IC50,7.5,1,CHEMBL1097043
O=C1/C(=C\c2cccnc2)C(c2ccc(OC(F)(F)F)cc2)n2cccc21,1,IC50,7.4,1,CHEMBL1095413
Fc1ccc(-n2cc(Cn3ccnc3)c3ccccc32)cc1,1,IC50,7.14,1,CHEMBL1094426
O=c1c(-c2ccccc2)c(SCc2ccncc2)oc2cc(OCc3ccc(-c4ccccc4)cc3)ccc12,1,IC50,7.07,1,CHEMBL1094427
CCn1cc(C(c2ccccc2)n2ccnc2)c2cc(Br)ccc21,1,IC50,6.99,2,CHEMBL1094428
O=C1/C(=C\c2cccnc2)C(c2ccc(Cl)cc2)Cn2cccc21,1,IC50,6.96,2,CHEMBL1098737
Fc1ccc2ccc(Cn3ccnc3)cc2c1,1,IC50,6.8,2,CHEMBL1098424
O=[N+]([O-])c1ccc(CCn2ccnc2)cc1,1,IC50,6.8,1,CHEMBL1098425
CC(C)/C=C/Cc1c(O)cc(O)c2c1OC(c1ccc(O)cc1)CC2=O,1,IC50,6.7,1,CHEMBL1098426
O=C1c2ccc(Oc3ccccc3)cc2OC(SCc2cccnc2)C1c1ccccc1,1,IC50,6.68,1,CHEMBL1096744
Fc1ccc(CCCn2ccnc2)cc1,1,IC50,6.51,1,CHEMBL214932
Clc1ccc(COC(Cn2ccnc2)c2ccc(Cl)cc2Cl)c(Cl)c1,1,IC50,6.22,1,CHEMBL91
COc1ccc(C2=C(c3ccc(OC)c(OC)c3)C(=O)OC2)cc1OC,1,IC50,9.0,1,CHEMBL1098382
O=c1cc(-c2ccccc2)oc2cc(O)cc(O)c12,1,IC50,9.0,5,CHEMBL117
Clc1ccccc1C(c1ccccc1)(c1ccccc1)n1ccnc1,1,IC50,8.74,1,CHEMBL104
CC1=CC[C@@H]2[C@H]1[C@H]1OC(=O)[C@@H](C)[C@@H]1CC[C@]2(C)O,1,IC50,8.7,1,CHEMBL1097371
O=c1cc(-c2ccc(O)cc2)oc2cc(O)ccc12,1,IC50,8.7,1,CHEMBL294878
COc1ccc(C2=C(c3ccc(OC)c(OC)c3)C(=O)OC2)cc1,1,IC50,8.16,1,CHEMBL1096439
O=c1c(O)c(-c2ccc(O)c(O)c2)oc2cc(O)cc(O)c12,1,IC50,7.92,1,CHEMBL50
O=c1cc(-c2ccccc2)oc2cc(O)c(O)cc12,1,IC50,8.06,1,CHEMBL300814
Clc1ccc(C(c2cc3ccccc3o2)n2ccnc2)cc1,1,IC50,8.06,1,CHEMBL1097980
C=C1C(=O)O[C@@H]2[C@H]3C(C)=CC(=O)C3=C(C)CC[C@@H]12,1,IC50,7.82,1,CHEMBL441260
Cc1cccc(O)c1C(=O)c1c(O)cc(C(=O)O)cc1C=O,1,IC50,7.76,1,CHEMBL1097763
C=C1C(=O)O[C@H]2[C@H]1CCC(C)=C1C[C@H]3O[C@@]3(C)[C@@H]12,1,IC50,7.26,1,CHEMBL1097764
C=C1C(=O)O[C@@H]2[C@H]3C(C)=CC[C@H]3CCC[C@@H]12,1,IC50,8.15,1,CHEMBL1099308
COc1ccc(C2=C(c3cc(OC)c(OC)c(OC)c3)COC2=O)cc1OC,1,IC50,7.86,1,CHEMBL1094331
COc1cc(C(=O)N(C)C)cc(C=O)c1C(=O)c1c(C)cccc1O,1,IC50,7.76,1,CHEMBL1094149
O=c1cc(-c2ccccc2)oc2cc(O)ccc12,1,IC50,7.52,2,CHEMBL276915
O=C1OC[C@H](Cc2ccc(O)c(O)c2)[C@H]1Cc1ccc(O)c(O)c1,1,IC50,8.22,1,CHEMBL369471
O=C1OC[C@H](Cc2ccccc2)[C@H]1Cc1cccc(O)c1,1,IC50,8.22,1,CHEMBL1094154
CC(Cc1ccc(O)c(O)c1)C(C)Cc1ccc(O)c(O)c1,1,IC50,7.96,1,CHEMBL52
O=c1c2ccccc2sc2c(Cn3ccnc3)cccc12,1,IC50,8.4,1,CHEMBL1083353
O=[N+]([O-])c1ccc(Cn2ccnc2)c(Sc2ccccc2)c1,1,IC50,8.25,1,CHEMBL1085936
O=[N+]([O-])c1ccc(Cn2ccnc2)c(Oc2ccccc2)c1,1,IC50,7.94,2,CHEMBL1083653
O=c1c2ccccc2sc2c(Cn3ccnc3)ccc([N+](=O)[O-])c12,1,IC50,7.78,2,CHEMBL1083665
O=c1c2ccccc2oc2c(Cn3ccnc3)cccc12,1,IC50,7.77,1,CHEMBL1083971
O=c1c2ccccc2oc2c(Cn3ccnc3)cc([N+](=O)[O-])cc12,1,IC50,7.28,1,CHEMBL1083663
O=c1c2cccnc2oc2c(Cn3ccnc3)ccc([N+](=O)[O-])c12,1,IC50,7.0,1,CHEMBL1083970
O=c1c2ccccc2oc2cccc(Cn3ccnc3)c12,1,IC50,6.82,1,CHEMBL1083652
c1ccc(Oc2ccccc2Cn2ccnc2)cc1,1,IC50,6.41,1,CHEMBL1082760
COc1cc(/C=C/c2ccc(N)cc2)cc(OC)c1,1,IC50,6.51,2,CHEMBL324290
COc1ccc(/C=C/c2ccc(N)cc2)c(OC)c1,1,IC50,6.12,1,CHEMBL1170662
COc1ccc(/C=C/c2cccc(N)c2)c(OC)c1,0,IC50,4.95,1,CHEMBL1173641
COc1cccc(/C=C/c2ccc(N)cc2)c1OC,1,IC50,6.01,2,CHEMBL1173700
COc1ccc(/C=C/c2ccc(N)cc2)cc1OC,0,IC50,4.84,1,CHEMBL1172937
COc1cc(/C=C/c2cccc(N)c2)cc(OC)c1OC,0,IC50,4.79,1,CHEMBL1173065
COc1cc(/C=C/c2ccc(N)cc2)cc(OC)c1OC,1,IC50,6.05,2,CHEMBL87477
Nc1cccc(/C=C/c2ccc3c(c2)OCO3)c1,0,IC50,4.66,1,CHEMBL1173129
COc1ccc(CCc2ccc(N)cc2)cc1OC,1,IC50,6.17,1,CHEMBL1171680
O=C(Cn1ccnc1)c1ccc([N+](=O)[O-])cc1,1,IC50,6.72,2,CHEMBL162549
COc1cc(/C=C(\Cn2ccnc2)c2ccc([N+](=O)[O-])cc2)cc(OC)c1,1,IC50,7.22,2,CHEMBL1170678
COc1cc(/C=C(\Cn2ccnc2)c2ccc(N)cc2)cc(OC)c1,1,IC50,7.44,2,CHEMBL1170893
Oc1cccc(-c2ccc(Cc3ccncc3)cc2)c1,1,IC50,6.18,2,CHEMBL1172882
CC(C)=C(c1ccncc1)c1ccc(-c2cccc(O)c2)cc1,0,IC50,4.92,1,CHEMBL1173259
CC(C)=C(c1ccncc1)c1ccc(-c2ccc(N)c(N)c2)cc1,0,IC50,4.3,1,CHEMBL1171991
CC(C)=C(c1ccncc1)c1ccc(-c2ccc3cc(O)ccc3c2)cc1,0,IC50,4.31,1,CHEMBL1172842
Nc1ccc(-c2ccc(Cc3ccncc3)cc2)cc1N,0,IC50,4.61,2,CHEMBL1173327
Nc1ccc(-c2ccc(Cc3ccncc3)cc2)cc1,0,IC50,4.61,1,CHEMBL1215665
C[C@]12CCC=C[C@@H]1CC[C@@H]1[C@@H]2CC[C@]2(C)C(=O)CC[C@@H]12,1,Ki,7.3,4,CHEMBL1629800
C[C@]12CCC=C[C@@H]1CC[C@@H]1[C@@H]2CC[C@]2(C)[C@@H](O)CC[C@@H]12,0,IC50,4.52,1,CHEMBL1629801
C[C@]12CCCC(OC(=O)c3ccccc3)=C1CC[C@@H]1[C@@H]2CC[C@]2(C)C(=O)CC[C@@H]12,1,Ki,7.16,3,CHEMBL1630263
CC(=O)OC1=C2CC[C@@H]3[C@H](CC[C@]4(C)C(=O)CC[C@@H]34)[C@@]2(C)CCC1,1,Ki,7.22,3,CHEMBL1630264
C[C@]12CC[C@H]3[C@@H](CC=C4[C@@H](O)CCC[C@]43C)[C@@H]1CCC2=O,1,IC50,6.55,1,CHEMBL1630268
CC(=O)OC1CCC[C@]2(C)C1=CC[C@H]1[C@@H]3CCC(=O)[C@@]3(C)CC[C@@H]12,1,IC50,6.16,1,CHEMBL1630269
CC(=O)OC1CCC[C@@]2(C)C1=CC[C@@H]1[C@@H]2CC[C@]2(C)C(=O)CC[C@@H]12,1,IC50,6.0,1,CHEMBL1630270
CC(=O)OC1CCC[C@@]2(CO)C1=CC[C@@H]1[C@@H]2CC[C@]2(C)C(=O)CC[C@@H]12,0,IC50,4.96,1,CHEMBL1630271
C[C@]12CC[C@H]3[C@@H](CC=C4[C@H](O)CCC[C@]43C)[C@@H]1CCC2=O,1,IC50,6.07,1,CHEMBL1630272
C[C@]12CC[C@H]3[C@@H](CC=C4CCCC[C@]43C)[C@@H]1CCC2=O,1,IC50,6.18,1,CHEMBL1630910
CCC[C@H]1C[C@H]2OC(=O)c3c(cc(OC)c(OC)c3O)[C@H]2O1,0,IC50 (>),4.79,1,CHEMBL488513
CCC[C@H]1C[C@H]2OC(=O)c3c(cc(OC)c(O)c3O)[C@H]2O1,0,IC50 (>),4.77,1,CHEMBL1668326
CCC[C@H](O)C[C@@H]1Cc2cc(OC)c(OC)c(O)c2C(=O)O1,0,IC50 (>),4.79,1,CHEMBL1668327
CCC[C@H](O)C[C@@H]1Cc2cc(OC)c(O)c(O)c2C(=O)O1,0,IC50 (>),4.77,1,CHEMBL1668328
CCC[C@@H](O)C[C@H]1OC(=O)c2c(cc(OC)c(OC)c2O)[C@H]1O,0,IC50 (>),4.82,1,CHEMBL488848
CCCC(=O)CC[C@H]1OC(=O)c2c1cc(OC)c(OC)c2O,0,IC50 (>),4.79,1,CHEMBL1668329
N#Cc1ccc(N(Cc2ccccc2)n2cnnc2)cc1-c1ccc(OS(N)(=O)=O)cc1,1,IC50,10.0,1,CHEMBL1672974
N#Cc1ccc(N(Cc2ccc(Br)cc2)n2cnnc2)cc1-c1ccc(OS(N)(=O)=O)cc1,1,IC50,10.3,1,CHEMBL1672975
N#Cc1ccc(N(Cc2ccc(OS(N)(=O)=O)cc2)n2cnnc2)cc1-c1ccccc1,1,IC50,9.68,1,CHEMBL1672976
N#Cc1ccc(N(Cc2ccc(OS(N)(=O)=O)c(F)c2)n2cnnc2)cc1-c1ccccc1,1,IC50,9.82,1,CHEMBL1672977
N#Cc1ccc(N(Cc2ccc(OS(N)(=O)=O)c(Cl)c2)n2cnnc2)cc1-c1ccccc1,1,IC50,10.82,1,CHEMBL1672978
N#Cc1ccc(N(Cc2ccc(OS(N)(=O)=O)c(Br)c2)n2cnnc2)cc1-c1ccccc1,1,IC50,10.74,1,CHEMBL1672979
COc1ccc(-c2cc(N(Cc3ccc(OS(N)(=O)=O)cc3)n3cnnc3)ccc2C#N)cc1,1,IC50,10.82,1,CHEMBL1672980
N#Cc1ccc(N(Cc2ccc(OS(N)(=O)=O)cc2)n2cnnc2)cc1-c1ccc(F)cc1,1,IC50,9.33,1,CHEMBL1672981
N#Cc1ccc(-c2cc(N(Cc3ccc(OS(N)(=O)=O)cc3)n3cnnc3)ccc2C#N)cc1,1,IC50,9.12,1,CHEMBL1672982
Cc1cccc(COc2ccc3c(Cn4ccnc4)cc(=O)oc3c2)c1,1,IC50,6.94,2,CHEMBL1688893
O=c1cc(Cn2ccnc2)c2ccc(OCc3cccc(F)c3)cc2o1,1,IC50,6.95,2,CHEMBL1688891
O=c1cc(Cn2ccnc2)c2ccc(OCc3cccc(Cl)c3)cc2o1,1,IC50,6.89,2,CHEMBL1688890
O=c1cc(Cn2ccnc2)c2ccc(OCc3cccc(C(F)(F)F)c3)cc2o1,1,IC50,6.63,2,CHEMBL1688892
O=c1cc(Cn2ccnc2)c2ccc(OCc3cccc(OC(F)(F)F)c3)cc2o1,1,IC50,6.68,2,CHEMBL1688894
O=c1cc(Cn2ccnc2)c2ccc(OCc3cccc([N+](=O)[O-])c3)cc2o1,1,IC50,6.85,2,CHEMBL1688895
O=c1cc(Cn2ccnc2)c2ccc(OCc3ccc(F)cc3)cc2o1,1,IC50,6.57,1,CHEMBL1688896
O=c1cc(Cn2ccnc2)c2ccc(OCc3ccc(Cl)cc3)cc2o1,1,IC50,6.75,2,CHEMBL1688897
COc1ccc(COc2ccc3c(Cn4ccnc4)cc(=O)oc3c2)cc1,1,IC50,6.9,2,CHEMBL1688898
O=c1cc(Cn2ccnc2)c2ccc(OCc3ccc(OC(F)(F)F)cc3)cc2o1,1,IC50,6.32,2,CHEMBL1688899
O=c1cc(Cn2ccnc2)c2ccc(OCc3cc(F)cc(F)c3)cc2o1,1,IC50,6.77,2,CHEMBL1688900
O=c1cc(Cn2ccnc2)c2ccc(OCc3ccc(F)c(F)c3)cc2o1,1,IC50,6.78,2,CHEMBL1688901
O=c1cc(Cn2ccnc2)c2ccc(Oc3cccc(F)c3)cc2o1,1,IC50,7.14,1,CHEMBL1688902
O=c1cc(Cn2ccnc2)c2ccc(Oc3cccc(Cl)c3)cc2o1,1,IC50,7.14,1,CHEMBL1688903
COc1cccc(Oc2ccc3c(Cn4ccnc4)cc(=O)oc3c2)c1,1,IC50,6.54,1,CHEMBL1688904
Cc1ccc(Oc2ccc3c(Cn4ccnc4)cc(=O)oc3c2)cc1,1,IC50,6.16,1,CHEMBL1688905
O=c1cc(Cn2ccnc2)c2ccc(Oc3ccc(Cl)cc3)cc2o1,1,IC50,6.95,1,CHEMBL1688906
N#Cc1ccc(Oc2ccc3c(Cn4ccnc4)cc(=O)oc3c2)cc1,1,IC50,6.79,1,CHEMBL1688907
CC(=O)c1ccc(Oc2ccc3c(Cn4ccnc4)cc(=O)oc3c2)cc1,1,IC50,6.53,1,CHEMBL1688908
CN(C)c1ccc(Oc2ccc3c(Cn4ccnc4)cc(=O)oc3c2)cc1,1,IC50,7.09,1,CHEMBL1688909
O=c1cc(Cn2ccnc2)c2ccc(Oc3cc(F)cc(F)c3)cc2o1,1,IC50,7.16,1,CHEMBL1688910
O=c1cc(Cn2ccnc2)c2ccc(Oc3ccc(F)c(F)c3)cc2o1,1,IC50,7.33,1,CHEMBL1688911
O=c1cc(Cn2ccnc2)c2ccc(Nc3ccccc3)cc2o1,1,IC50,6.98,1,CHEMBL1688912
COc1ccc2c(C(c3ccccc3)n3ccnc3)cc(=O)oc2c1,1,IC50,6.34,1,CHEMBL1688914
O=c1cc(C(c2ccccc2)n2ccnc2)c2ccc(Oc3ccccc3)cc2o1,1,IC50,7.17,1,CHEMBL1688915
O=c1cc(C(c2ccccc2)n2ccnc2)c2ccc(Oc3ccc(F)c(F)c3)cc2o1,1,IC50,6.5,1,CHEMBL1688916
O=c1cc(C(c2ccc(Cl)cc2)n2ccnc2)c2ccc(Oc3ccccc3)cc2o1,1,IC50,6.27,1,CHEMBL1688917
O=c1oc2cc(Oc3ccccc3)ccc2cc1C(c1ccccc1)n1ccnc1,1,IC50,6.5,1,CHEMBL1688919
O=C(/C=C/c1ccc(O)c(O)c1)O[C@H]1[C@H](O)[C@@H](O[C@@H]2OC[C@](O)(CO)[C@H]2O)[C@H](OCCc2ccc(O)cc2)O[C@@H]1CO,0,IC50,4.51,1,CHEMBL1689257
O=C(/C=C/c1ccc(O)c(O)c1)OC[C@H]1O[C@@H](OCCc2ccc(O)c(O)c2)[C@H](O[C@@H]2OC[C@](O)(CO)[C@H]2O)[C@@H](O)[C@@H]1O,0,IC50,4.49,1,CHEMBL1689258
O=C(/C=C/c1ccc(O)c(O)c1)O[C@H]1[C@H](O)[C@@H](CO)O[C@@H](OCCc2ccc(O)c(O)c2)[C@@H]1O[C@@H]1OC[C@](O)(CO)[C@H]1O,0,IC50,4.57,1,CHEMBL1689259
O=C(/C=C/c1ccc(O)c(O)c1)OC[C@H]1O[C@@H](OCCc2ccc(O)c(O)c2)[C@H](O)[C@@H](O)[C@@H]1O,0,IC50,4.45,1,CHEMBL518414
c1ccc(C2CC(n3ccnc3)c3ccc4ccccc4c3O2)cc1,1,IC50,7.44,1,CHEMBL1783176
N#Cc1ccc(C2CC(n3ccnc3)c3ccc4ccccc4c3O2)cc1,1,IC50,7.47,3,CHEMBL1783178
Oc1ccc(C2CC(n3ccnc3)c3ccc4ccccc4c3O2)cc1,1,IC50,7.5,1,CHEMBL1783177
O=C(C(=Cc1ccccc1)n1cncn1)c1ccc(Cl)cc1Cl,1,IC50,6.36,1,CHEMBL1784788
COc1ccc(C(=O)OC(COc2ccccc2)Cn2ccnc2)cc1,1,IC50,7.78,1,CHEMBL1485809
O=S(=O)(NCCCn1ccnc1)c1ccc2c(c1)OCCO2,1,IC50,6.92,1,CHEMBL1784789
O=c1oc2cc(OCC(O)Cn3cncn3)ccc2c2c1CCC2,0,IC50,4.66,1,CHEMBL1784790
COc1cc(CC(=O)N2CCOC(Cn3ccnc3)C2)cc(OC)c1OC,1,IC50,7.23,1,CHEMBL1784791
O=C(Cn1cncn1)NC(CCc1ccccc1)c1ccc2c(c1)OCCO2,1,IC50,6.0,1,CHEMBL1784793
CCc1[nH]c2ccc(C(=O)NCC(C)n3cncn3)cc2c1C,0,IC50,4.97,1,CHEMBL1784794
CC(CNC(=O)c1cc2c([nH]c1=O)CCCCC2)n1cncn1,0,IC50 (>),4.6,1,CHEMBL1784795
O=C(Cn1ccnc1)Nc1ccccc1Oc1ccc(F)cc1,1,IC50,6.61,1,CHEMBL1784798
COc1ccc(S(=O)(=O)N2CCCC(Cn3ccnc3)C2)cc1C(C)(C)C,1,IC50,8.05,2,CHEMBL1784801
COc1cc2c(cc1-c1cncn1CCCn1ccnc1C)OCCCO2,1,IC50,6.3,1,CHEMBL1784803
COc1ccc(S(=O)(=O)N2CCOC(Cn3ccnc3)C2)cc1,1,IC50,7.1,1,CHEMBL1784804
CC(=O)c1ccc(S(=O)(=O)N2CCOC(Cn3ccnc3)C2)cc1,1,IC50,7.18,1,CHEMBL1784805
Cc1ccc(C(=O)NCCCn2ccnc2)cc1[N+](=O)[O-],1,IC50,6.0,1,CHEMBL1521315
Cc1ccc(C(=O)NCCCn2ccnc2)cn1,0,IC50,4.97,1,CHEMBL1389987
CCOc1ccc(S(=O)(=O)NCCCn2ccnc2)c2ccccc12,1,IC50,6.12,1,CHEMBL1784806
Cc1cc(C)c(S(=O)(=O)NCCCn2ccnc2)cc1C,1,IC50,6.76,1,CHEMBL1303900
COc1ccc(S(=O)(=O)NCCCn2ccnc2)cc1C,1,IC50,7.21,1,CHEMBL1784807
COc1cc(Cl)c(S(=O)(=O)NCCCn2ccnc2)cc1Cl,1,IC50,7.2,1,CHEMBL1351273
COc1ccc(S(=O)(=O)NCCCn2ccnc2)cc1C(C)(C)C,1,IC50,6.36,1,CHEMBL1784808
COc1ccc(S(=O)(=O)NCCCn2ccnc2)cc1F,1,IC50,7.0,1,CHEMBL1784809
CC(C)(C(=O)Nc1ccccc1Oc1ccc(F)cc1)n1cncn1,0,IC50,4.88,1,CHEMBL1784810
O=C(Cc1ccc(F)cc1)N1CCOC(Cn2ccnc2)C1,1,IC50,7.46,1,CHEMBL1784811
O=C(Cc1ccc2c(c1)OCO2)N1CCOC(Cn2ccnc2)C1,1,IC50,7.33,1,CHEMBL1784812
CC1(C)Oc2ccc(S(=O)(=O)NCCCn3ccnc3)cc2NC1=O,1,IC50,6.3,1,CHEMBL1784813
CCCCCCCc1cn(C(c2ccc(C#N)cc2)c2ccc(C#N)cc2)nn1,0,IC50,4.97,1,CHEMBL1824744
CCCCCCCCCCc1cn(C(c2ccc(C#N)cc2)c2ccc(C#N)cc2)nn1,0,IC50,4.79,1,CHEMBL1824745
N#Cc1ccc(C(c2ccc(C#N)cc2)n2cc(C3CCCCC3)nn2)cc1,0,IC50,4.71,1,CHEMBL1824746
N#Cc1ccc(C(c2ccc(C#N)cc2)n2cc(-c3ccccc3)nn2)cc1,0,IC50,4.99,1,CHEMBL1824747
N#Cc1ccc(C(c2ccc(C#N)cc2)n2cc(COc3ccccc3)nn2)cc1,0,IC50,4.96,1,CHEMBL1824748
N#Cc1ccc(C(c2ccc(C#N)cc2)n2cc(COc3ccc(Cl)cc3)nn2)cc1,0,IC50,4.79,1,CHEMBL1824749
Cc1ccc(OCc2cn(C(c3ccc(C#N)cc3)c3ccc(C#N)cc3)nn2)cc1,0,IC50,4.96,1,CHEMBL1824752
COc1ccc(OCc2cn(C(c3ccc(C#N)cc3)c3ccc(C#N)cc3)nn2)cc1,0,IC50,4.92,1,CHEMBL1824753
N#Cc1ccc(C(c2ccc(C#N)cc2)n2cc(COc3ccc(-c4ccccc4)cc3)nn2)cc1,0,IC50,4.88,1,CHEMBL1824754
CCCc1cn(C(c2ccccc2)c2ccccc2)nn1,0,IC50,4.96,1,CHEMBL1824756
CCCCCCc1cn(C(c2ccccc2)c2ccccc2)nn1,0,IC50,4.83,1,CHEMBL1824757
CCCCCCCc1cn(C(c2ccccc2)c2ccccc2)nn1,0,IC50,4.71,1,CHEMBL1824758
CCCCCCCCCCc1cn(C(c2ccccc2)c2ccccc2)nn1,0,IC50,4.87,1,CHEMBL1824759
c1ccc(C(c2ccccc2)n2cc(C3CCCCC3)nn2)cc1,0,IC50,4.86,1,CHEMBL1824760
c1ccc(-c2cn(C(c3ccccc3)c3ccccc3)nn2)cc1,0,IC50,4.89,1,CHEMBL1824761
c1ccc(OCc2cn(C(c3ccccc3)c3ccccc3)nn2)cc1,0,IC50,4.5,1,CHEMBL1824762
Clc1ccc(OCc2cn(C(c3ccccc3)c3ccccc3)nn2)cc1,0,IC50,4.87,1,CHEMBL1824763
N#Cc1ccc(OCc2cn(C(c3ccccc3)c3ccccc3)nn2)cc1,0,IC50,4.79,1,CHEMBL1824764
O=[N+]([O-])c1ccc(OCc2cn(C(c3ccccc3)c3ccccc3)nn2)cc1,0,IC50,4.93,1,CHEMBL1824765
Cc1ccc(OCc2cn(C(c3ccccc3)c3ccccc3)nn2)cc1,0,IC50,4.57,1,CHEMBL1824766
COc1ccc(OCc2cn(C(c3ccccc3)c3ccccc3)nn2)cc1,0,IC50,4.82,1,CHEMBL1824767
c1ccc(-c2ccc(OCc3cn(C(c4ccccc4)c4ccccc4)nn3)cc2)cc1,0,IC50,4.81,1,CHEMBL1824768
N#Cc1ccc(Cn2ccnn2)cc1,1,IC50,7.0,1,CHEMBL1824769
N#Cc1ccc(Cn2nccn2)cc1,0,IC50,4.91,1,CHEMBL1825017
c1ccc(Cn2ccnn2)cc1,0,IC50,4.92,1,CHEMBL1825018
c1ccc(Cn2nccn2)cc1,0,IC50,4.79,1,CHEMBL1825019
N#Cc1ccc(Cn2cncn2)cc1,1,IC50,6.82,1,CHEMBL1825020
c1ccc(Cn2ccnc2)cc1,1,IC50,6.82,1,CHEMBL14192
N#Cc1ccc(C(c2ccc(C#N)cc2)n2nccn2)cc1,0,IC50,4.1,2,CHEMBL1825022
c1ccc(C(c2ccccc2)n2nccn2)cc1,0,IC50,4.92,1,CHEMBL1825023
c1ccc(C(c2ccccc2)n2ccnc2)cc1,1,IC50,7.7,2,CHEMBL336638
N#Cc1ccc(Cn2cc(C3CCCCC3)nn2)cc1,0,IC50,4.97,1,CHEMBL1825029
N#Cc1ccc(Cn2cc(COc3ccc(-c4ccccc4)cc3)nn2)cc1,0,IC50,4.94,1,CHEMBL1825037
CCCc1cn(Cc2ccccc2)nn1,0,IC50,4.9,1,CHEMBL1825038
c1ccc(Cn2cc(COc3ccccc3)nn2)cc1,0,IC50,4.97,1,CHEMBL272339
COc1ccc(OCc2cn(Cc3ccccc3)nn2)cc1,0,IC50,4.76,1,CHEMBL1825048
c1ccc(Cn2cc(COc3ccc(-c4ccccc4)cc3)nn2)cc1,0,IC50,4.97,1,CHEMBL1825049
C=CCOC(=O)N1Cc2[nH]c3ccccc3c2C[C@H]1C(=O)OC,0,IC50,4.35,1,CHEMBL1915151
COC(=O)[C@@H]1Cc2c([nH]c3ccccc23)CN1CC(C)C,0,IC50,4.19,1,CHEMBL1915152
COC(=O)[C@@H]1Cc2c([nH]c3ccccc23)CN1S(=O)(=O)c1ccc(C)cc1,0,IC50,4.2,1,CHEMBL1915156
COC(=O)[C@H]1Cc2c([nH]c3ccccc23)CN1S(C)(=O)=O,0,IC50,4.17,1,CHEMBL1915159
COC(=O)[C@@H]1Cc2c([nH]c3ccccc23)CN1CC1CC1,0,IC50,4.23,1,CHEMBL1915161
COC(=O)[C@@H]1Cc2c([nH]c3ccccc23)CN1C(=O)NC(C)C,0,IC50,4.33,1,CHEMBL1915167
CC(C)CN1Cc2[nH]c3ccccc3c2C[C@H]1C(=O)O,0,IC50,4.14,1,CHEMBL1915176
COC(=O)[C@@H]1Cc2c([nH]c3ccccc23)CN1Cc1ccc(O)cc1,0,IC50,4.24,1,CHEMBL1915401
O=C(O)[C@@H]1Cc2c([nH]c3ccccc23)CN1Cc1ccc(O)cc1,0,IC50,4.98,1,CHEMBL1915403
COCO[C@@H](c1ccccc1)[C@@H](Cn1ccnn1)c1ccccc1,1,Ki,6.1,2,CHEMBL1933690
O=C(c1ccccc1)C(Cn1ccnn1)c1ccccc1,1,Ki,6.0,2,CHEMBL1933692
O=C(O[C@@H](c1ccccc1)[C@@H](Cn1ccnn1)c1ccccc1)c1ccccc1,1,Ki,7.0,2,CHEMBL1933693
CC(=O)O[C@@H](c1ccccc1)[C@@H](Cn1ccnn1)c1ccccc1,1,Ki,7.22,2,CHEMBL1933694
COCO[C@H](c1ccccc1)[C@@H](Cn1ccnn1)c1ccccc1,1,Ki,7.1,2,CHEMBL1933699
O[C@H](c1ccccc1)[C@@H](Cn1ccnn1)c1ccccc1,1,Ki,7.3,2,CHEMBL1933700
CC(=O)O[C@H](c1ccccc1)[C@@H](Cn1ccnn1)c1ccccc1,1,Ki,6.6,2,CHEMBL1933701
c1ccc(-c2nsc(-c3ccccc3)n2)cc1,0,IC50 (>),4.49,3,CHEMBL264401
c1cncc(-c2nsc(-c3cccnc3)n2)c1,1,IC50,6.7,2,CHEMBL1939366
c1cc(-c2nsc(-c3ccncc3)n2)ccn1,1,IC50,6.1,1,CHEMBL1454842
Clc1ccc(-c2nsc(-c3ccc(Cl)cc3)n2)cc1,0,IC50 (>),4.3,1,CHEMBL1939519
Fc1ccc(-c2nsc(-c3ccc(F)cc3)n2)cc1,0,IC50 (>),4.3,1,CHEMBL1939520
Brc1ccc(-c2nsc(-c3ccc(Br)cc3)n2)cc1,0,IC50 (>),4.3,1,CHEMBL1939521
COc1ccc(-c2nsc(-c3ccc(OC)cc3)n2)cc1,0,IC50 (>),4.3,1,CHEMBL1939522
Brc1ccccc1-c1nsc(-c2ccccc2Br)n1,0,IC50 (>),4.3,1,CHEMBL1939523
Clc1ccccc1-c1nsc(-c2ccccc2Cl)n1,0,IC50 (>),4.3,1,CHEMBL1939524
FC(F)(F)c1ccc(-c2nsc(-c3ccc(C(F)(F)F)cc3)n2)cc1,0,IC50 (>),4.3,1,CHEMBL1939525
CC(C)(C)c1ccc(-c2nsc(-c3ccc(C(C)(C)C)cc3)n2)cc1,0,IC50 (>),4.3,1,CHEMBL1939526
Ic1ccc(-c2nsc(-c3ccc(I)cc3)n2)cc1,0,IC50 (>),4.3,1,CHEMBL1939527
Ic1cccc(-c2nsc(-c3cccc(I)c3)n2)c1,0,IC50 (>),4.3,1,CHEMBL1939528
Fc1cccc(-c2nsc(-c3cccc(F)c3)n2)c1,0,IC50 (>),4.3,1,CHEMBL1939529
Fc1ccccc1-c1nsc(-c2ccccc2F)n1,0,IC50 (>),4.3,2,CHEMBL1939530
Brc1cccc(-c2nsc(-c3cccc(Br)c3)n2)c1,0,IC50 (>),4.3,1,CHEMBL1939531
Clc1cccc(-c2nsc(-c3cccc(Cl)c3Cl)n2)c1Cl,0,IC50 (>),4.3,1,CHEMBL1939532
Cc1cc(Cl)ccc1-c1nsc(-c2ccc(Cl)cc2C)n1,0,IC50 (>),4.3,1,CHEMBL1939533
Cc1cccc(-c2nsc(-c3cccc(C)c3)n2)c1,0,IC50 (>),4.3,1,CHEMBL1939534
FC(F)(F)c1ccccc1-c1nsc(-c2ccccc2C(F)(F)F)n1,0,IC50 (>),4.3,1,CHEMBL1939535
Clc1ccc(Cl)c(-c2nsc(-c3cc(Cl)ccc3Cl)n2)c1,0,IC50 (>),4.3,1,CHEMBL1939536
Clc1ccc(-c2nsc(-c3ccc(Cl)c(Cl)c3)n2)cc1Cl,0,IC50 (>),4.3,1,CHEMBL1939537
Cc1c(Cl)cccc1-c1nsc(-c2cccc(Cl)c2C)n1,0,IC50 (>),4.3,1,CHEMBL1939538
Cc1ccc(-c2nsc(-c3ccc(C)cc3)n2)cc1,0,IC50 (>),4.3,1,CHEMBL1939539
c1ccc2cc(-c3nsc(-c4ccc5ccccc5c4)n3)ccc2c1,0,IC50 (>),4.3,1,CHEMBL1939540
CCCCc1ccc(-c2nsc(-c3ccc(CCCC)cc3)n2)cc1,0,IC50 (>),4.3,1,CHEMBL1939541
Cc1ccc(Cl)cc1-c1nsc(-c2cc(Cl)ccc2C)n1,0,IC50 (>),4.3,1,CHEMBL1939542
Cc1cc(Br)ccc1-c1nsc(-c2ccc(Br)cc2C)n1,0,IC50 (>),4.3,1,CHEMBL1939543
Ic1ccccc1-c1nsc(-c2ccccc2I)n1,0,IC50 (>),4.3,1,CHEMBL1939544
Cc1ccc(-c2nsc(-c3ccc(C)cc3Br)n2)c(Br)c1,0,IC50 (>),4.3,1,CHEMBL1939545
Clc1ccc(-c2nsc(-c3ccc(Cl)cc3Cl)n2)c(Cl)c1,0,IC50 (>),4.3,1,CHEMBL1939546
O=[N+]([O-])c1ccc(-c2nsc(-c3ccc([N+](=O)[O-])cc3)n2)cc1,0,IC50 (>),4.3,1,CHEMBL1939547
N#Cc1ccc(-c2nsc(-c3ccc(C#N)cc3)n2)cc1,0,IC50 (>),4.3,1,CHEMBL1939548
N#Cc1cccc(-c2nsc(-c3cccc(C#N)c3)n2)c1,0,IC50 (>),4.3,1,CHEMBL1939549
COc1cccc(-c2nsc(-c3cccc(OC)c3)n2)c1,0,IC50 (>),4.3,1,CHEMBL1939550
Oc1ccc(-c2nsc(-c3ccc(O)cc3)n2)cc1,0,IC50 (>),4.3,1,CHEMBL1939551
Oc1cccc(-c2nsc(-c3cccc(O)c3)n2)c1,0,IC50 (>),4.3,1,CHEMBL503399
Nc1ccc(-c2nsc(-c3ccc(N)cc3)n2)cc1,0,IC50,4.58,1,CHEMBL1939552
Oc1ccc(/C=C/c2cc(O)cc(O)c2)cc1,0,IC50,4.65,8,CHEMBL165
Oc1ccc(/C=C\c2cc(O)cc(O)c2)cc1,0,IC50 (>),4.3,1,CHEMBL87333
Oc1ccc(CCc2cc(O)cc(O)c2)cc1,0,IC50 (>),4.3,1,CHEMBL111234
N#Cc1ccc(Oc2cccnc2)cc1,1,IC50,6.54,1,CHEMBL1956171
N#Cc1ccc(Oc2cccnc2)cc1NCc1ccccc1,1,IC50,6.01,1,CHEMBL1956175
N#Cc1ccc(Oc2cccnc2)cc1Oc1cccnc1,1,IC50,6.52,1,CHEMBL1956179
N#Cc1ccc(Oc2cccnc2)c(Oc2cccc(Cl)c2)c1,1,IC50,6.64,1,CHEMBL1956180
N#Cc1ccc(-n2ccc3ccncc32)cc1,1,IC50,7.03,1,CHEMBL1955869
Clc1ccc(-n2ccc3ccncc32)cc1,1,IC50,6.28,1,CHEMBL1956183
Cc1cc(-n2ccc3ccncc32)ccc1Cl,1,IC50,7.23,1,CHEMBL1956186
N#Cc1ccc(-n2ccc3ccncc32)cc1Oc1ccccc1,1,IC50,6.94,1,CHEMBL1956188
COc1cccc(-c2nc(-c3cccnc3)ns2)c1,0,IC50,4.83,1,CHEMBL1957209
c1ccc(-c2nc(-c3cccnc3)cs2)cc1,1,Ki,7.2,2,CHEMBL1601919
Fc1ccc(-c2nc(-c3cccnc3)cs2)cc1,0,Ki,4.9,2,CHEMBL1957210
COc1ccc(-c2nc(-c3cccnc3)cs2)cc1,0,Ki,4.82,2,CHEMBL1957213
c1cncc(-c2csc(-c3ccncc3)n2)c1,1,Ki,10.22,2,CHEMBL1957214
Oc1ccc(-c2nc(-c3cccnc3)cs2)cc1,0,IC50,4.95,1,CHEMBL1957215
Clc1cc(-c2nc(-c3cccnc3)cs2)ccn1,1,Ki,8.09,2,CHEMBL1957216
COc1cc(-c2nc(-c3cccnc3)cs2)ccn1,1,Ki,9.19,2,CHEMBL1957217
Cc1cnccc1-c1nc(-c2cccnc2)cs1,1,Ki,8.5,2,CHEMBL1957218
COc1ccc(-c2csc(-c3cccnc3)n2)cn1,1,Ki,7.45,2,CHEMBL1957223
Clc1ccc(-c2nc(-c3cccnc3)cs2)cc1,1,Ki,6.63,1,CHEMBL1957211
Brc1ccc(-c2csc(-c3ccncc3)n2)cn1,1,Ki,6.54,1,CHEMBL1957219
COc1ccc(-c2csc(-c3ccncc3)n2)cn1,1,Ki,7.08,1,CHEMBL1957221
CCOc1ccc(-c2csc(-c3ccncc3)n2)cn1,1,Ki,7.0,1,CHEMBL1957222
O=C1c2ccccc2OCC1c1ccccc1,0,IC50,4.54,1,CHEMBL2011171
Cc1ccc2c(c1)C(=O)C(c1ccccc1)CO2,0,IC50,4.36,1,CHEMBL2011172
Cc1ccc2c(c1)OCC(c1ccccc1)C2=O,0,IC50,4.75,1,CHEMBL2011173
Cc1cccc(C2COc3ccccc3C2=O)c1,0,IC50,4.7,1,CHEMBL2011174
Cc1ccc(C2COc3ccccc3C2=O)cc1,0,IC50,4.39,1,CHEMBL2011175
O=C1c2c(ccc3ccccc23)OCC1c1ccccc1,0,IC50,4.7,1,CHEMBL2011176
COc1ccc2c(c1)C(=O)C(c1ccccc1)CO2,1,IC50,6.58,1,CHEMBL2011180
COc1ccc2c(c1)OCC(c1ccccc1)C2=O,0,IC50,4.39,1,CHEMBL1165711
COc1ccccc1C1COc2ccccc2C1=O,0,IC50,4.01,1,CHEMBL2011181
COc1cccc(C2COc3ccccc3C2=O)c1,0,IC50,4.0,1,CHEMBL2011182
COc1ccc(C2COc3ccccc3C2=O)cc1,0,IC50,4.62,1,CHEMBL2011183
COc1cc(OC)cc(C2COc3ccccc3C2=O)c1,0,IC50,4.96,1,CHEMBL2011184
O=C1c2ccccc2OCC1c1ccsc1,0,IC50,4.52,1,CHEMBL2011185
O=C1c2cc(F)ccc2OCC1c1ccccc1,0,IC50,4.5,1,CHEMBL2011187
O=C1c2cc(Br)ccc2OCC1c1ccccc1,0,IC50,4.54,1,CHEMBL2011189
CC(C)(C)c1ccc2c(c1)C(=O)C(c1ccccc1)CO2,0,IC50,4.21,1,CHEMBL2011190
C[C@]12CC[C@H](O)C=C1CC[C@@H]1[C@@H]2CC[C@]2(C)C(=O)CC[C@@H]12,1,Ki,7.0,4,CHEMBL1077603
C[C@]12CC[C@H]3[C@@H](CC[C@@]45O[C@@H]4CCC[C@]35C)[C@@H]1CCC2=O,1,Ki,7.07,3,CHEMBL2058266
O=C1CCc2cc(C(C3CC3)n3ccnc3)cc3c2N1CC3,1,IC50,6.64,2,CHEMBL2163639
COc1ccc(C(c2cc3c4c(c2)CCN4C(=O)CC3)n2ccnc2)cc1,1,IC50,7.37,1,CHEMBL2163646
C=C(c1cc2c3c(c1)CCN3C(=O)CC2)n1ccnc1,1,IC50,7.77,1,CHEMBL2163641
O=C1CCc2cc(-c3cccnc3)cc(-c3ccsc3)c2N1,1,IC50,6.56,1,CHEMBL2165325
O=C1CCc2cc(-c3cccnc3)cc(-c3cccnc3)c2N1,1,IC50,6.02,1,CHEMBL2165324
O=C1CCc2cc(-c3cccnc3)cc(-c3ccccc3)c2N1,1,IC50,6.41,1,CHEMBL2165323
CN1C(=O)CCc2cc(-c3cccnc3)c(OCc3ccccc3)cc21,1,IC50,7.96,1,CHEMBL2165321
O=C1CCc2cc(-c3cccnc3)c(OCc3ccccc3)cc2N1,1,IC50,7.46,2,CHEMBL2165320
CN1C(=O)CCc2cc(-c3cccnc3)c(OC3CCCC3)cc21,1,IC50,7.66,1,CHEMBL2165319
O=C1CCc2cc(-c3cccnc3)c(OC3CCCC3)cc2N1,1,IC50,6.79,1,CHEMBL2165318
CCOc1cc2c(cc1-c1cccnc1)CCC(=O)N2C,1,IC50,7.32,1,CHEMBL2165317
CCOc1cc2c(cc1-c1cccnc1)CCC(=O)N2,1,IC50,6.31,1,CHEMBL2165316
COc1cc2c(cc1-c1cccnc1)CCC(=O)N2C,1,IC50,7.31,2,CHEMBL2165315
COc1cc2c(cc1-c1cccnc1)CCC(=O)N2,1,IC50,6.35,1,CHEMBL2165314
CN1C(=O)CCc2cc(-c3cccnc3)ccc21,1,IC50,7.0,2,CHEMBL446083
C=C1C[C@@H]2[C@H](CC[C@]3(C)C(=O)CC[C@@H]23)[C@@]2(C)C=CC(=O)C=C12,1,Ki,7.99,13,CHEMBL1200374
C[C@]12C=CC(=O)C=C1[C@H](OCC#CCO)C[C@@H]1[C@@H]2CC[C@]2(C)C(=O)CC[C@@H]12,1,IC50,7.7,1,CHEMBL2179114
CCCCC#CCO[C@@H]1C[C@@H]2[C@H](CC[C@]3(C)C(=O)CC[C@@H]23)[C@@]2(C)C=CC(=O)C=C12,1,IC50,6.74,1,CHEMBL2179112
CCCC#CCO[C@@H]1C[C@@H]2[C@H](CC[C@]3(C)C(=O)CC[C@@H]23)[C@@]2(C)C=CC(=O)C=C12,1,IC50,7.08,1,CHEMBL2179111
CCC#CCO[C@@H]1C[C@@H]2[C@H](CC[C@]3(C)C(=O)CC[C@@H]23)[C@@]2(C)C=CC(=O)C=C12,1,IC50,7.93,3,CHEMBL2179110
CC#CCO[C@@H]1C[C@@H]2[C@H](CC[C@]3(C)C(=O)CC[C@@H]23)[C@@]2(C)C=CC(=O)C=C12,1,IC50,6.95,1,CHEMBL2179109
COc1cccc(-c2csc(-c3cccc(OC)c3)n2)c1,0,IC50 (>),4.3,1,CHEMBL2208141
COc1cccc(-c2csc(-c3ccccc3)n2)c1,0,IC50 (>),4.3,1,CHEMBL2208140
COc1cccc(-c2nc(-c3ccccc3)cs2)c1,0,IC50 (>),4.3,1,CHEMBL2208131
O=C1/C(=C/c2cccc(OCCCn3ccnc3)c2)Cc2ccccc21,1,IC50,6.16,1,CHEMBL2235953
COc1cc(/C=C2\Cc3ccccc3C2=O)ccc1OCCCn1ccnc1,1,IC50,6.26,1,CHEMBL2235950
C[C@]12CCC(=O)C=C1CC[C@@H]1[C@@H]2CC[C@]2(C)C(=O)/C(=C/c3ccc(OCCCn4ccnc4)cc3)C[C@@H]12,0,IC50,4.92,1,CHEMBL2282047
O=C1CCc2cc(C(c3ccncc3)c3cc(C(F)(F)F)cc(C(F)(F)F)c3)cc3c2N1CC3,1,IC50,6.61,1,CHEMBL2312963
Cc1cccc(C(c2ccncc2)c2cc3c4c(c2)CCN4C(=O)CC3)c1,1,IC50,7.5,1,CHEMBL2312962
O=C1CCc2cc(C(c3ccncc3)c3ccc(Cl)cc3)cc3c2N1CC3,1,IC50,7.26,1,CHEMBL2312961
O=C1CCc2cc(C(c3ccncc3)c3cccc(Cl)c3)cc3c2N1CC3,1,IC50,7.72,1,CHEMBL2312960
O=C1CCc2cc(C(c3ccncc3)c3ccc(F)cc3)cc3c2N1CC3,1,IC50,6.94,1,CHEMBL2312959
O=C1CCc2cc(C(c3ccncc3)c3cccc(F)c3)cc3c2N1CC3,1,IC50,7.13,1,CHEMBL2312958
COc1ccc(C(c2ccncc2)c2cc3c4c(c2)CCN4C(=O)CC3)cc1,1,IC50,7.04,3,CHEMBL2312957
COc1cccc(C(c2ccncc2)c2cc3c4c(c2)CCN4C(=O)CC3)c1,1,IC50,7.23,1,CHEMBL2312956
COc1ccccc1C(c1ccncc1)c1cc2c3c(c1)CCN3C(=O)CC2,1,IC50,7.09,1,CHEMBL2312955
O=C1CCc2cc(C(c3ccccc3)c3ccncc3)cc3c2N1CC3,1,IC50,6.06,1,CHEMBL2312954
O=C1CCc2cc(C(O)(c3ccccc3)c3ccncc3)cc3c2N1CC3,1,IC50,6.98,1,CHEMBL2312953
O=C1CCc2cc(C(c3ccncc3)C3CCCCC3)cc3c2N1CC3,1,IC50,7.13,1,CHEMBL2312952
CC(C)C(c1ccncc1)c1cc2c3c(c1)CCN3C(=O)CC2,1,IC50,6.05,1,CHEMBL2312951
C=C(c1ccncc1)c1cc2c3c(c1)CCN3C(=O)CC2,1,IC50,6.25,1,CHEMBL2312949
O=C1CCc2cc(C(c3ccc(F)cc3)c3cccnc3)cc3c2N1CC3,1,IC50,6.85,1,CHEMBL2312972
O=c1c2ccccc2oc2c(O)ccc(Cn3ccnc3)c12,1,IC50,6.77,1,CHEMBL2333336
O=c1c2ccccc2oc2c(OC3CCCC3)ccc(Cn3ccnc3)c12,1,IC50,6.58,1,CHEMBL2333335
O=c1c2ccccc2oc2c(OCC3CC3)ccc(Cn3ccnc3)c12,1,IC50,6.25,1,CHEMBL2333334
CCC(C)Oc1ccc(Cn2ccnc2)c2c(=O)c3ccccc3oc12,1,IC50,6.24,1,CHEMBL2333333
CC(C)CCOc1ccc(Cn2ccnc2)c2c(=O)c3ccccc3oc12,1,IC50,6.08,1,CHEMBL2333332
CC(C)Oc1ccc(Cn2ccnc2)c2c(=O)c3ccccc3oc12,1,IC50,6.4,1,CHEMBL2333331
O=c1c2ccccc2oc2c(-c3ccccc3)ccc(Cn3ccnc3)c12,1,IC50,6.52,1,CHEMBL2333328
O=c1c2ccccc2oc2c(I)ccc(Cn3ccnc3)c12,1,IC50,6.34,1,CHEMBL2333327
O=c1c2ccccc2oc2c(Cl)ccc(Cn3ccnc3)c12,1,IC50,6.32,1,CHEMBL2333326
Clc1ccc(-n2c(Cn3ccnc3)cc3ccc(Cl)cc32)cc1,1,IC50,6.66,1,CHEMBL2336855
Cc1ccc(-n2c(Cn3ccnc3)cc3ccc(Cl)cc32)cc1,1,IC50,6.63,1,CHEMBL2336854
COc1ccc(-n2c(Cn3ccnc3)cc3ccc(Cl)cc32)cc1,1,IC50,6.69,1,CHEMBL2336853
COc1ccc(-n2c(Cn3ccnc3)cc3ccc(OC)cc32)cc1,1,IC50,6.95,1,CHEMBL2336852
COc1ccc2cc(Cn3ccnc3)n(-c3ccc(C)cc3)c2c1,1,IC50,7.24,1,CHEMBL2336851
COc1ccc2cc(Cn3ccnc3)n(-c3ccc(C#N)cc3)c2c1,1,IC50,7.33,1,CHEMBL2336850
COc1ccc2cc(Cn3ccnc3)n(-c3ccc(C(F)(F)F)cc3)c2c1,1,IC50,7.59,1,CHEMBL2336849
COc1ccc2cc(Cn3ccnc3)n(-c3ccc(F)cc3)c2c1,1,IC50,7.31,1,CHEMBL2336848
COc1ccc2cc(Cn3ccnc3)n(-c3ccccc3)c2c1,1,IC50,8.21,1,CHEMBL2336847
Cc1ccc2cc(Cn3ccnc3)n(-c3ccc(C#N)cc3)c2c1,1,IC50,7.57,1,CHEMBL2336865
Cc1ccc2cc(Cn3ccnc3)n(-c3ccc(F)cc3)c2c1,1,IC50,7.25,1,CHEMBL2336864
COc1ccc(-n2c(Cn3ccnc3)cc3ccc(C)cc32)cc1,1,IC50,6.86,1,CHEMBL2336863
Cc1ccc(-n2c(Cn3ccnc3)cc3ccc(C)cc32)cc1,1,IC50,6.79,1,CHEMBL2336862
Cc1ccc2cc(Cn3ccnc3)n(-c3ccccc3)c2c1,1,IC50,7.67,1,CHEMBL2336861
c1ccc(-n2c(Cn3ccnc3)cc3ccccc32)cc1,1,IC50,7.78,1,CHEMBL2336860
FC(F)(F)c1ccc(-n2c(Cn3ccnc3)cc3ccccc32)cc1,1,IC50,8.31,1,CHEMBL2336859
COc1ccc(-n2c(Cn3ccnc3)cc3ccccc32)cc1,1,IC50,7.11,1,CHEMBL2336858
Cc1ccc(-n2c(Cn3ccnc3)cc3ccccc32)cc1,1,IC50,6.83,1,CHEMBL2336857
Fc1ccc(-n2c(Cn3ccnc3)cc3ccccc32)cc1,1,IC50,8.04,1,CHEMBL2336856
CC/C(=C(\c1ccc(O)cc1)c1ccc(OCCN)cc1)c1ccccc1,1,IC50,7.52,2,CHEMBL2386284
CC/C(=C(/c1ccc(O)cc1)c1ccc(OCCN)cc1)c1ccccc1,1,Ki,7.32,5,CHEMBL2386285
CCC(=C(c1ccc(O)cc1)c1ccc(OCCN)cc1)c1ccccc1,1,Ki,7.11,4,CHEMBL3350384
CCC(=C(c1ccc(O)cc1)c1ccc(O)cc1)c1ccccc1,0,IC50,4.6,3,CHEMBL149791
C[C@]12C[C@@H](O)[C@H]3[C@@H](CCC4=C(O)C(=O)CC[C@@]43C)[C@@H]1CC[C@@H]2O,0,IC50,4.96,1,CHEMBL2431527
C[C@]12CC[C@H]3[C@@H](CCC4=C(O)C(=O)CC[C@@]43C)[C@@H]1CC[C@@H]2O,0,IC50,4.33,2,CHEMBL2431525
C[C@]12CC[C@H]3[C@@H](CC[C@@]4(O)[C@@H](O)C(=O)CC[C@]34C)[C@@H]1CCC2=O,0,IC50,4.54,2,CHEMBL2431524
COc1cccc(C2=CC(=O)c3ccc4c(c3=N2)=CC=N4)c1,1,IC50,6.23,1,CHEMBL2442766
COc1ccc(-c2cc(C(=O)O)c3ccc4[nH]ccc4c3n2)cc1,0,IC50 (>),5.0,1,CHEMBL2442763
CCn1ccc2c3c(Cn4cncn4)cc(-c4ccccc4)nc3ccc21,1,IC50,7.88,1,CHEMBL2442762
COc1ccc(-c2cc(Cn3cncn3)c3ccc4[nH]ccc4c3n2)cc1,0,IC50 (>),5.0,1,CHEMBL2442761
CCn1ccc2c3c(Cn4ccnc4)cc(-c4ccccc4)nc3ccc21,1,IC50,8.51,1,CHEMBL2442760
Cc1cc(Cn2ccnc2)c2ccc3[nH]ccc3c2n1,1,IC50,8.22,1,CHEMBL2442759
CCn1ccc2c3nc(-c4ccccc4)cc(Cn4ccnc4)c3ccc21,1,IC50,8.28,1,CHEMBL2442758
COc1ccc(-c2cc(Cn3ccnc3)c3ccc4[nH]ccc4c3n2)cc1,1,IC50,6.34,1,CHEMBL2442757
c1ccc(-c2cc(Cn3ccnc3)c3ccc4[nH]ccc4c3n2)cc1,1,IC50,7.94,1,CHEMBL2442756
CCn1ccc2c3c(CO)cc(-c4ccccc4)nc3ccc21,0,IC50 (>),5.0,1,CHEMBL2442755
CCn1ccc2c3nc(-c4ccccc4)cc(CO)c3ccc21,0,IC50 (>),5.0,1,CHEMBL2442753
COc1ccc(-c2cc(CO)c3ccc4[nH]ccc4c3n2)cc1,1,IC50,6.04,1,CHEMBL2440145
CCOC(=O)c1cc(-c2ccccc2)nc2ccc3c(ccn3CC)c12,0,IC50 (>),5.0,1,CHEMBL2442771
CCOC(=O)c1cc(C)nc2c1ccc1[nH]ccc12,0,IC50 (>),5.0,1,CHEMBL2442770
CCOC(=O)c1cc(-c2ccccc2)nc2c1ccc1c2ccn1CC,0,IC50 (>),5.0,1,CHEMBL2442769
CCOC(=O)c1cc(-c2ccc(OC)cc2)nc2c1ccc1[nH]ccc12,0,IC50 (>),5.0,1,CHEMBL2442768
CCOC(=O)c1cc(-c2ccccc2)nc2c1ccc1[nH]ccc12,0,IC50 (>),5.0,1,CHEMBL2442767
CC(=O)O[C@@H](c1ccccc1)[C@H](Cn1ccnn1)c1ccc(Br)cc1,1,Ki,6.19,1,CHEMBL2443364
CC(=O)O[C@@H](c1ccc(F)cc1)[C@H](Cn1ccnn1)c1ccccc1,1,Ki,6.46,1,CHEMBL2443362
O[C@@H](c1ccccc1)[C@H](Cn1ccnn1)c1ccc(Br)cc1,1,Ki,6.08,1,CHEMBL2443361
O[C@@H](c1ccc(Br)cc1)[C@H](Cn1ccnn1)c1ccccc1,1,Ki,6.89,1,CHEMBL2443360
O[C@@H](c1ccc(F)cc1)[C@H](Cn1ccnn1)c1ccccc1,1,Ki,6.7,1,CHEMBL2443359
COCO[C@@H](c1ccccc1)[C@H](Cn1ccnn1)c1ccc(Br)cc1,1,Ki,7.7,1,CHEMBL2443358
COCO[C@@H](c1ccc(Br)cc1)[C@H](Cn1ccnn1)c1ccccc1,1,Ki,7.16,1,CHEMBL2443357
COCO[C@@H](c1ccc(F)cc1)[C@H](Cn1ccnn1)c1ccccc1,1,Ki,6.8,1,CHEMBL2443356
CC(=O)O[C@@H](c1ccccc1)[C@@H](Cn1ccnn1)c1ccc(Br)cc1,1,Ki,6.62,1,CHEMBL2443355
CC(=O)O[C@@H](c1ccc(Br)cc1)[C@@H](Cn1ccnn1)c1ccccc1,1,Ki,7.05,1,CHEMBL2443354
CC(=O)O[C@@H](c1ccc(F)cc1)[C@@H](Cn1ccnn1)c1ccccc1,1,Ki,6.96,1,CHEMBL2443353
O[C@@H](c1ccccc1)[C@@H](Cn1ccnn1)c1ccc(Br)cc1,1,Ki,6.09,1,CHEMBL2443352
O[C@@H](c1ccc(Br)cc1)[C@@H](Cn1ccnn1)c1ccccc1,1,Ki,6.77,1,CHEMBL2443351
O[C@@H](c1ccc(F)cc1)[C@@H](Cn1ccnn1)c1ccccc1,1,Ki,6.48,1,CHEMBL2443350
COCO[C@@H](c1ccccc1)[C@@H](Cn1ccnn1)c1ccc(Br)cc1,1,Ki,6.96,1,CHEMBL2443349
COCO[C@@H](c1ccc(Br)cc1)[C@@H](Cn1ccnn1)c1ccccc1,1,Ki,7.7,1,CHEMBL2443348
COCO[C@@H](c1ccc(F)cc1)[C@@H](Cn1ccnn1)c1ccccc1,1,Ki,7.1,1,CHEMBL2443365
O=C1/C(=C\c2ccncc2)C(c2ccccc2)n2cccc21,1,IC50,6.19,1,CHEMBL3099735
COC(=O)[C@]1(c2ccc(C#N)cc2Cl)CCc2cncn21,1,IC50,7.3,1,CHEMBL3099686
O=C1c2ccccc2OCC1c1cccnc1,0,IC50,4.36,1,CHEMBL2011186
O=C1c2ccccc2OCC1c1ccc(Oc2ccccc2)cc1,0,IC50,4.77,1,CHEMBL2011177
O=C1c2cc(F)ccc2OCC1c1cccnc1,1,IC50,6.1,1,CHEMBL3105528
O=C1c2cccc(F)c2OCC1c1cccnc1,0,IC50,4.17,1,CHEMBL3105527
O=C1c2ccccc2OCC1c1cc(F)cc(F)c1,0,IC50,4.7,1,CHEMBL3105522
O=C1c2ccccc2OCC1c1ccc(F)cc1,0,IC50,4.48,1,CHEMBL3105521
O=C1c2ccccc2OCC1c1cccc(F)c1,0,IC50,4.46,1,CHEMBL3105520
O=C1c2ccccc2OCC1c1ccccc1F,0,IC50,4.62,1,CHEMBL3105519
O=C1c2cccc(F)c2OCC1c1ccccc1,0,IC50,4.82,1,CHEMBL3105517
COc1c(C)c(O)c2c(c1C)O[C@H](c1ccccc1)CC2=O,0,IC50 (>),4.9,1,CHEMBL53343
COc1c(C)c(OC)c2c(c1C)O[C@H](c1ccccc1)C[C@H]2O,0,IC50,4.97,1,CHEMBL3134111
COc1cc(O)c2c(c1C)O[C@H](c1ccccc1)CC2=O,1,IC50,6.22,1,CHEMBL3134115
COc1c(C)c(OC)c2c(c1C=O)O[C@H](c1ccccc1)C[C@H]2O,1,IC50,6.0,1,CHEMBL3134110
COc1c(C)c(O)c(C=O)c2c1[C@H](OC)C[C@@H](c1ccccc1)O2,1,IC50,6.82,1,CHEMBL3134114
COc1cc(O)c(C=O)c2c1[C@H](OC)C[C@@H](c1ccccc1)O2,1,IC50,7.05,1,CHEMBL3134112
COc1cc(O)c(C=O)c2c1[C@H](O)C[C@@H](c1ccccc1)O2,1,IC50,7.4,1,CHEMBL3134109
COc1c(C)c(O)c(C=O)c2c1[C@H](O)C[C@@H](c1ccccc1)O2,1,IC50,7.1,1,CHEMBL3134113
COc1ccc2c(c1)N[C@H]1c3ccc(O)cc3OC[C@@H]21,0,IC50 (>),3.52,1,CHEMBL3134228
O=c1c2ccccc2[nH]c2c(Cn3ccnc3)cccc12,1,IC50,7.84,1,CHEMBL3219070
COc1ccc2c(c1)C(=O)/C(=C/c1c[nH]cn1)CC2,1,IC50,7.39,2,CHEMBL3219600
CCCCS[C@@H]1CC2=CC(=O)CC[C@]2(C)[C@H]2CC[C@]3(C)C(=O)CC[C@H]3[C@H]12,1,Ki,7.24,2,CHEMBL3245348
C[C@]12CCC(=O)C=C1C[C@@H](SCCc1ccccc1)[C@@H]1[C@@H]2CC[C@]2(C)C(=O)CC[C@@H]12,1,Ki,7.21,2,CHEMBL3245353
COc1ccc(CS[C@@H]2CC3=CC(=O)CC[C@]3(C)[C@H]3CC[C@]4(C)C(=O)CC[C@H]4[C@H]23)cc1,1,Ki,7.51,2,CHEMBL3245356
C[C@]12CCC(=O)C=C1C[C@@H](SCc1ccccc1)[C@@H]1[C@@H]2CC[C@]2(C)C(=O)CC[C@@H]12,1,Ki,7.16,2,CHEMBL3245350
O=C(Cn1ccnc1)c1ccc(OCc2cccnc2)cc1,0,IC50,4.5,1,CHEMBL3359965
O=C(Cn1ccnc1)c1cccc(OCc2ccccc2)c1,0,IC50,4.76,1,CHEMBL3359959
COc1cc(COc2ccc3c(Cn4ccnc4)cc(=O)oc3c2)cc(OC)c1OC,1,IC50,6.46,1,CHEMBL3359958
COc1ccc(COc2ccc3c(Cn4ccnc4)cc(=O)oc3c2)cc1OC,1,IC50,6.35,1,CHEMBL3359957
O=c1cc(Cn2ccnc2)c2ccc(OCCc3ccccc3)cc2o1,1,IC50,6.19,1,CHEMBL3359956
CC(C)Oc1ccc(COc2ccc3c(Cn4ccnc4)cc(=O)oc3c2)cc1,1,IC50,6.23,1,CHEMBL3359955
CCCOc1ccc(COc2ccc3c(Cn4ccnc4)cc(=O)oc3c2)cc1,1,IC50,6.32,1,CHEMBL3359954
O=c1cc(Cn2ccnc2)c2ccc(OCc3ccc([N+](=O)[O-])cc3)cc2o1,1,IC50,6.41,1,CHEMBL3359953
COc1cccc(COc2ccc3c(Cn4ccnc4)cc(=O)oc3c2)c1,1,IC50,6.26,1,CHEMBL3359952
N#Cc1ccc([C@H]2CCc3cncn32)c(F)c1,1,IC50,6.07,1,CHEMBL3099695
CC1=C(O)C(=O)C[C@]2(C)[C@H]3CCc4cocc4[C@]3(CO)CCC12O,0,IC50,4.46,1,CHEMBL3315157
CCOC(=O)c1nnn(Cc2ccccc2)c1-c1ccc2c(c1)OCO2,1,Ki,6.15,2,CHEMBL3326519
CCOC(=O)c1nnn(Cc2ccccc2)c1-c1ccc(C)cc1,1,Ki,6.15,2,CHEMBL3326518
CCOC(=O)c1nnn(Cc2cccc(Br)c2)c1-c1ccc(Br)cc1,1,Ki,7.7,2,CHEMBL3326517
CCOC(=O)c1nnn(Cc2ccccc2)c1-c1ccc(Br)cc1,1,Ki,6.2,2,CHEMBL3326516
CCOC(=O)c1nnn(Cc2cccc(Br)c2)c1-c1ccccc1,1,Ki,6.84,2,CHEMBL3326522
CCOC(=O)c1nnn(Cc2ccccc2)c1-c1ccc(Cl)cc1,1,Ki,6.45,2,CHEMBL3326521
CCOC(=O)c1nnn(Cc2cccc(Br)c2)c1-c1ccc(Cl)cc1,1,Ki,7.6,2,CHEMBL3326520
C[C@]12C=CC(=O)C=C1C(CO)=C[C@@H]1[C@@H]2CC[C@]2(C)C(=O)CC[C@@H]12,1,IC50,6.17,2,CHEMBL3407539
C=C1C[C@H]2[C@@H]3CC[C@H](O)[C@@]3(C)CC[C@@H]2[C@@]2(C)C=CC(=O)C=C12,1,IC50,7.0,2,CHEMBL3407538
C[C@]12C=CC(=O)C=C1[C@@]1(CO1)C[C@@H]1[C@@H]2CC[C@]2(C)C(=O)CC[C@@H]12,1,IC50,6.21,2,CHEMBL3407536
C=C1C[C@@H]2[C@H](CC[C@]3(C)C(=O)CC[C@@H]23)[C@]2(C)C1=CC(=O)[C@@H]1O[C@@H]12,1,IC50,6.09,1,CHEMBL3407537
Fc1cc2c(cc1-c1cccnc1)CCc1nncn1-2,0,IC50 (>),5.0,1,CHEMBL3415152
Fc1cc(-c2cccnc2)cc2c1-n1cnnc1CC2,0,IC50 (>),5.0,1,CHEMBL3415153
Cc1nnc2n1-c1cc(F)c(-c3cccnc3)cc1CC2,0,IC50 (>),5.0,1,CHEMBL3415154
Cc1nnc2n1-c1c(F)cc(-c3cccnc3)cc1CC2,0,IC50 (>),5.0,1,CHEMBL3415155
CCc1nnc2n1-c1cc(F)c(-c3cccnc3)cc1CC2,0,IC50 (>),5.0,1,CHEMBL3415156
CCc1nnc2n1-c1c(F)cc(-c3cccnc3)cc1CC2,0,IC50 (>),5.0,1,CHEMBL3415157
CC(C)c1nnc2n1-c1cc(F)c(-c3cccnc3)cc1CC2,0,IC50 (>),5.0,1,CHEMBL3415158
CC(C)c1nnc2n1-c1c(F)cc(-c3cccnc3)cc1CC2,0,IC50 (>),5.0,1,CHEMBL3415159
Fc1cc2c(cc1-c1cccnc1)CCc1nnc(-c3ccccc3)n1-2,0,IC50 (>),5.0,1,CHEMBL3415160
Fc1cc(-c2cccnc2)cc2c1-n1c(nnc1-c1ccccc1)CC2,0,IC50 (>),5.0,1,CHEMBL3415161
Fc1cc2c(cc1-c1cccnc1)CCc1nnc(Cc3ccccc3)n1-2,0,IC50 (>),5.0,1,CHEMBL3415162
O=C(c1ccccc1)c1nnc2n1-c1c(F)cc(-c3cccnc3)cc1CC2,0,IC50 (>),5.0,1,CHEMBL3415163
Fc1cc2c(cc1-c1cccnc1)CCc1nnc(-c3ccncc3)n1-2,0,IC50 (>),5.0,1,CHEMBL3415164
Fc1cc(-c2cccnc2)cc2c1-n1c(nnc1-c1ccncc1)CC2,0,IC50 (>),5.0,1,CHEMBL3415165
COc1cncc(-c2cc(F)c3c(c2)CCc2nnc(C)n2-3)c1,0,IC50 (>),5.0,1,CHEMBL3415166
Cc1nnc2n1-c1c(F)cc(-c3cncc(C(C)O)c3)cc1CC2,0,IC50 (>),5.0,1,CHEMBL3415167
CC(=O)c1cncc(-c2cc(F)c3c(c2)CCc2nnc(C)n2-3)c1,0,IC50 (>),5.0,1,CHEMBL3415168
Cc1nnc2n1-c1c(F)cc(-c3cncc(C(F)(F)F)c3)cc1CC2,0,IC50 (>),5.0,1,CHEMBL3415169
Cc1nnc2n1-c1c(F)cc(-c3cncc(C#N)c3)cc1CC2,0,IC50 (>),5.0,1,CHEMBL3415170
Cc1nnc2n1-c1c(F)cc(-c3cncc(F)c3)cc1CC2,0,IC50 (>),5.0,1,CHEMBL2331699
Cc1nnc2n1-c1c(F)cc(-c3cncc(-c4ccccc4)c3)cc1CC2,0,IC50 (>),5.0,1,CHEMBL3415171
Cc1nnc2n1-c1c(F)cc(-c3cncc4ccccc34)cc1CC2,0,IC50 (>),5.0,1,CHEMBL3415172
Cc1ccncc1-c1cc(F)c2c(c1)CCc1nnc(C)n1-2,0,IC50 (>),5.0,1,CHEMBL3313969
Cc1c(F)cncc1-c1cc(F)c2c(c1)CCc1nnc(C)n1-2,0,IC50 (>),5.0,1,CHEMBL3415173
Fc1cncc(-c2cc(F)c3c(c2)CCc2nncn2-3)c1,0,IC50 (>),5.0,1,CHEMBL3415174
Cc1c(F)cncc1-c1cc(F)c2c(c1)CCc1nncn1-2,0,IC50 (>),5.0,1,CHEMBL3415175
O=[N+]([O-])c1ccc(-c2cccnc2)c(OCc2ccccc2)c1,1,IC50,6.84,1,CHEMBL3421765
O=[N+]([O-])c1ccc(-c2cccnc2)c(OCCc2ccccc2)c1,1,IC50,7.12,1,CHEMBL3421766
O=[N+]([O-])c1ccc(-c2cccnc2)c(OCCCc2ccccc2)c1,1,IC50,6.86,1,CHEMBL3421767
N#Cc1ccc(-c2cccnc2)c(OCCc2ccccc2)c1,1,IC50,6.78,1,CHEMBL3421779
O=[N+]([O-])c1ccc(Cc2cccnc2)c(OCCc2ccccc2)c1,1,IC50,6.89,1,CHEMBL3421785
O=[N+]([O-])c1ccc(Cc2ccncc2)c(OCCc2ccccc2)c1,1,IC50,6.8,1,CHEMBL3421786
Nc1ccc(-c2cccnc2)c(OCc2ccccc2)c1,1,IC50,6.35,1,CHEMBL3421764
NCCOc1ccc(/C(=C(\Cn2cnnc2)c2ccccc2)c2ccc(O)cc2)cc1,1,IC50,6.16,1,CHEMBL3422044
NCCOc1ccc(/C(=C(/Cn2cnnc2)c2ccccc2)c2ccc(O)cc2)cc1,1,IC50,6.15,1,CHEMBL3422043
NCCOc1ccc(/C(=C(\Cn2cncn2)c2ccccc2)c2ccc(O)cc2)cc1,1,IC50,6.76,1,CHEMBL3422042
NCCOc1ccc(/C(=C(\Cn2ccnc2)c2ccccc2)c2ccc(O)cc2)cc1,1,IC50,7.77,1,CHEMBL3422041
N#CC/C(=C(/c1ccc(O)cc1)c1ccc(OCCN)cc1)c1ccccc1,1,IC50,7.31,1,CHEMBL3422040
CC(C)/C(=C(/c1ccc(O)cc1)c1ccc(OCCN)cc1)c1ccccc1,1,IC50,6.48,1,CHEMBL3422038
CCC/C(=C(/c1ccc(O)cc1)c1ccc(OCCN)cc1)c1ccccc1,1,IC50,6.58,1,CHEMBL3422037
NCCOc1ccc(/C(=C(\CCCl)c2ccccc2)c2ccc(O)cc2)cc1,1,IC50,6.84,1,CHEMBL3422036
C/C(=C(/c1ccc(O)cc1)c1ccc(OCCN)cc1)c1ccccc1,1,IC50,6.47,1,CHEMBL3422035
CC/C(=C(/c1ccc(N)cc1)c1ccc(OCCN)cc1)c1ccc(O)cc1,1,IC50,7.32,1,CHEMBL3422033
CC/C(=C(/c1ccc(N)cc1)c1ccc(OCCN)cc1)c1ccccc1,1,IC50,7.28,1,CHEMBL3422032
CC/C(=C(/c1ccccc1)c1ccc(OCCN)cc1)c1ccccc1,1,IC50,6.04,1,CHEMBL3422031
CC/C(=C(/c1ccc(O)cc1)c1ccc(OCCN)cc1)c1ccc(O)cc1,1,IC50,7.35,1,CHEMBL3422028
NCCOc1ccc(/C(=C2\CCc3ccccc32)c2ccc(O)cc2)cc1,1,IC50,6.31,1,CHEMBL3422045
CC/C(=C(/c1ccc(O)cc1)c1ccc(OCCO)cc1)c1ccccc1,0,IC50,4.52,1,CHEMBL3422046
CC/C(=C(/c1ccc(O)cc1)c1ccc(CCCN)cc1)c1ccc(O)cc1,1,IC50,6.31,1,CHEMBL3422052
O=S(=O)(NCCc1ccccc1)c1ccc(-n2cc(-c3ccccc3)nn2)cc1,0,IC50,4.9,1,CHEMBL2430505
O=c1ccc2ccc(OCc3cn(-c4ccc(S(=O)(=O)NCCc5ccccc5)cc4)nn3)cc2o1,0,IC50,4.9,1,CHEMBL2430497
CC(=O)c1ccccc1OCc1cn(-c2ccc(S(=O)(=O)N3CCc4ccccc4C3)cc2)nn1,0,IC50,4.9,1,CHEMBL3264672
O=c1cc(OCc2cn(-c3ccc(S(=O)(=O)N4CCc5ccccc5C4)cc3)nn2)c2ccccc2o1,0,IC50,4.9,1,CHEMBL3264675
COc1cc2c(cc1OC)CN(S(=O)(=O)c1ccc(-n3cc(COc4ccc([N+](=O)[O-])cc4)nn3)cc1)CC2,0,IC50,4.9,1,CHEMBL3264684
COc1cc2c(cc1OC)CN(S(=O)(=O)c1ccc(-n3cc(COc4ccccc4C)nn3)cc1)CC2,0,IC50,4.9,1,CHEMBL3264679
COC(=O)c1ccccc1OCc1cn(-c2ccc(S(=O)(=O)N3CCc4cc(OC)c(OC)cc4C3)cc2)nn1,0,IC50,4.9,1,CHEMBL3264682
COc1cc2c(cc1OC)CN(S(=O)(=O)c1ccc(-n3cc(COc4ccccc4C(C)=O)nn3)cc1)CC2,0,IC50,4.9,1,CHEMBL3264681
COc1cc2c(cc1OC)CN(S(=O)(=O)c1ccc(-n3cc(COc4cc(C=O)ccc4OC)nn3)cc1)CC2,0,IC50,4.9,1,CHEMBL3264685
O=c1cc(OCc2cn(-c3cccc(S(=O)(=O)N4CCc5ccccc5C4)c3)nn2)c2ccccc2o1,0,IC50,4.9,1,CHEMBL3589964
COc1cc2c(cc1OC)CN(S(=O)(=O)c1cccc(-n3cc(COc4ccc5ccc(=O)oc5c4)nn3)c1)CC2,1,IC50,6.7,1,CHEMBL3589965
N#Cc1ccc(N(CCSc2ccc(O)cc2)n2cnnc2)cc1,1,IC50,9.55,2,CHEMBL3622054
N#Cc1ccc(N(CCSc2ccc(O)c(Cl)c2)n2cnnc2)cc1,1,IC50,9.59,3,CHEMBL3622055
N#Cc1ccc(N(CCSc2ccc(OS(N)(=O)=O)cc2)n2cnnc2)cc1,1,IC50,9.38,2,CHEMBL3622056
N#Cc1ccc(N(CCSc2ccc(OS(N)(=O)=O)c(Cl)c2)n2cnnc2)cc1,1,IC50,9.35,2,CHEMBL3622057
N#Cc1ccc(N(CCCSc2ccc(OS(N)(=O)=O)cc2)n2cnnc2)cc1,1,IC50,9.29,2,CHEMBL3622058
N#Cc1ccc(N(CCCCCSc2ccc(OS(N)(=O)=O)cc2)n2cnnc2)cc1,1,IC50,9.14,2,CHEMBL3622059
N#Cc1ccc(N(CCCS(=O)(=O)c2ccc(O)cc2)n2cnnc2)cc1,1,IC50,7.82,2,CHEMBL3622060
N#Cc1ccc(N(CC2CCc3cc(OS(N)(=O)=O)ccc3C2)n2cnnc2)cc1,1,IC50,8.28,2,CHEMBL3622061
N#Cc1ccc(N(Cc2ccc3c(Cl)c(OS(N)(=O)=O)ccc3c2)n2cnnc2)cc1,1,IC50,8.68,4,CHEMBL3622063
N#Cc1ccc(N(Cc2ccc3c(Br)c(OS(N)(=O)=O)ccc3c2)n2cnnc2)cc1,1,IC50,9.6,4,CHEMBL3622064
N#Cc1ccc(N(CCn2ccc3cc(OS(N)(=O)=O)ccc32)n2cnnc2)cc1,1,IC50,8.57,2,CHEMBL3622065
Cn1cc(CCN(c2ccc(C#N)cc2)n2cnnc2)c2cc(OS(N)(=O)=O)ccc21,1,IC50,8.64,2,CHEMBL3622066
N#Cc1ccc(N(CCc2coc3ccc(OS(N)(=O)=O)cc23)n2cnnc2)cc1,1,IC50,8.4,1,CHEMBL3622067
CC(C)(C#N)c1cc(Cn2cncn2)cc(Sc2ccccc2)c1,1,IC50,8.64,2,CHEMBL3622069
CC(C)(C#N)c1cc(Cn2cncn2)cc(Sc2ccc(OS(N)(=O)=O)cc2)c1,1,IC50,8.46,2,CHEMBL3622070
CC(C)(C#N)c1cc(Cn2cncn2)cc(Sc2ccc(OS(N)(=O)=O)c(Cl)c2)c1,1,IC50,8.38,2,CHEMBL3622071
CC(C)(C#N)c1cc(Cn2cncn2)cc(Sc2ccc(OS(N)(=O)=O)c(Br)c2)c1,1,IC50,8.3,2,CHEMBL3622072
N#CC1(c2cc(Cn3cncn3)cc(Sc3ccc(OS(N)(=O)=O)cc3)c2)CCC1,1,IC50,7.68,2,CHEMBL3622073
N#CC1(c2cc(Cn3cncn3)cc(Sc3ccc(OS(N)(=O)=O)cc3)c2)CC1,1,IC50,8.47,2,CHEMBL3622075
CC(C)(C#N)c1cc(Cn2cncn2)cc(Oc2ccc(OS(N)(=O)=O)cc2)c1,1,IC50,8.26,2,CHEMBL3622076
CC(C)(C#N)c1cc(/C=C/c2ccc(OS(N)(=O)=O)cc2)cc(Cn2cncn2)c1,1,IC50,7.59,2,CHEMBL3622077
C[C@]12C[C@@H](F)C(=O)C=C1CC[C@@H]1[C@@H]2CC[C@]2(C)C(=O)CC[C@@H]12,1,Ki,7.35,3,CHEMBL3623218
C[C@]12CC[C@H]3[C@@H](CCC4=C(Sc5ccccc5)C(=O)CC[C@@]43C)[C@@H]1C[C@H](C#N)[C@@H]2O,1,IC50,6.77,3,CHEMBL3623217
C[C@]12CC(C#N)=C(O)C(=O)[C@@H]1CC[C@@H]1[C@@H]2CC[C@]2(C)[C@@H](O)CC[C@@H]12,1,IC50,6.0,1,CHEMBL3623216
C[C@]12Cc3cn[nH]c3C(=O)[C@@H]1CC[C@@H]1[C@@H]2CC[C@]2(C)[C@@H](O)CC[C@@H]12,1,IC50,6.29,2,CHEMBL3623215
C[C@]12C=CC(=O)C=C1CC[C@@H]1[C@@H]2CC[C@]2(C)C(=O)[C@@H](n3ccnc3)C[C@@H]12,1,IC50,6.8,3,CHEMBL3623214
C[C@]12CCC(=O)C=C1CC[C@@H]1[C@@H]2CC[C@]2(C)C(=O)[C@@H](n3ccnc3)C[C@@H]12,1,IC50,6.75,3,CHEMBL3623213
CC(=O)[C@@]1(C)CC[C@H]2[C@@H](C=CC3=CC(=O)CC[C@@]32C)[C@@H]1CC#N,1,IC50,6.66,1,CHEMBL3621226
C[C@@H]1OC(=O)C[C@H]2[C@@H]3CC=C4CC(O)CC[C@]4(C)[C@H]3CC[C@]12C,1,IC50,6.6,1,CHEMBL3623209
CC(=O)[C@@]1(C)CC[C@H]2[C@@H](CCC3=CC(=O)CC[C@@]32C)[C@@H]1CC#N,1,IC50,6.38,1,CHEMBL3623208
CC[C@@H]1C[C@@]2(C)C(=CC1=O)CC[C@@H]1[C@@H]2CC[C@]2(C)C(=O)CC[C@@H]12,1,Ki,7.35,4,CHEMBL3623219
C[C@]12CC[C@H]3[C@@H](C[C@H]4OC[C@@]35CCC(=O)C=C45)[C@@H]1CCC2=O,0,IC50,4.36,1,CHEMBL3623222
C=CC[C@@H]1CC2=CC(=O)C=C[C@]2(C)[C@H]2CC[C@]3(C)C(=O)CC[C@H]3[C@H]12,1,Ki,7.35,5,CHEMBL3623223
CCn1cc(C(c2ccccc2)n2ccnc2)c2ccccc21,1,IC50,7.0,1,CHEMBL3623225
Fc1ccc(C(c2cc3ccccc3o2)n2cncn2)cc1,1,IC50,6.72,2,CHEMBL3623226
Fc1ccc2c(c1)OC(c1ccccc1)CC2n1ccnc1,1,IC50,7.39,1,CHEMBL3623227
COc1cc(C2CC(=O)Oc3cc4c(cc32)OCO4)cc(OC)c1O,0,IC50,4.92,2,CHEMBL3623228
N#Cc1ccc(C(CCc2ccc(OS(N)(=O)=O)c(Br)c2)n2cncn2)cc1,1,IC50,10.0,2,CHEMBL3623231
N#Cc1ccc(N(Cc2ccc(OS(N)(=O)=O)cc2F)n2ccnc2)cc1,1,IC50,9.7,3,CHEMBL3623232
C[C@]12CC[C@@H]3c4cc(NC(=O)c5ccncc5)c(O)cc4CC[C@H]3[C@@H]1CCC2=O,0,IC50,4.51,2,CHEMBL3623220
C[C@]12CC[C@@H]3c4ccc(O)c(NC(=O)c5ccncc5)c4CC[C@H]3[C@@H]1CCC2=O,0,IC50,4.55,2,CHEMBL3623221
c1ccc(-c2nnc3n2-c2ccc(-c4cccnc4)cc2CC3)cc1,1,IC50,7.68,1,CHEMBL3622434
COC(=O)c1cncc(-c2ccc3c(c2)CCc2nnc(C)n2-3)c1,0,IC50 (>),5.0,1,CHEMBL3622437
COC(C)(C)c1cncc(-c2ccc3c(c2)CCc2nnc(C)n2-3)c1,0,IC50,4.95,1,CHEMBL2331704
Cc1nnc2n1-c1ccc(-c3cncc([C@](C)(O)C(F)(F)F)c3)cc1CC2,0,IC50 (>),4.52,1,CHEMBL3622445
C[C@@H]1C[C@@]2(C)C(=CC1=O)CC[C@@H]1[C@@H]2CC[C@]2(C)C(=O)CC[C@@H]12,1,Ki,7.26,5,CHEMBL3752414
CC1(C)C[C@@]2(C)C(=CC1=O)CC[C@@H]1[C@@H]2CC[C@]2(C)C(=O)CC[C@@H]12,1,Ki,8.06,3,CHEMBL3753169
C=C1C[C@@]2(C)C(=CC1=O)CC[C@@H]1[C@@H]2CC[C@]2(C)C(=O)CC[C@@H]12,1,Ki,7.17,3,CHEMBL3753307
C[C@H]1C[C@@]2(C)C(=CC1=O)CC[C@@H]1[C@@H]2CC[C@]2(C)C(=O)CC[C@@H]12,1,Ki,7.66,3,CHEMBL3753403
C[C@]12C[C@@H](Cl)C(=O)C=C1CC[C@@H]1[C@@H]2CC[C@]2(C)C(=O)CC[C@@H]12,1,Ki,7.35,1,CHEMBL3754720
C[C@]12C[C@@H](Br)C(=O)C=C1CC[C@@H]1[C@@H]2CC[C@]2(C)C(=O)CC[C@@H]12,1,Ki,7.35,1,CHEMBL3753620
C[C@]12CCC(=O)C=C1C(=O)C[C@@H]1[C@@H]2CC[C@]2(C)C(=O)[C@H](Br)C[C@@H]12,1,Ki,6.82,1,CHEMBL3753855
CO[C@H]1C=C2C(=O)C[C@@H]3[C@H](CC[C@]4(C)C(=O)CC[C@@H]34)[C@@]2(C)CC1,1,Ki,6.16,1,CHEMBL3753375
CC1=C[C@@]2(C)C(=CC1=O)CC[C@@H]1[C@@H]2CC[C@]2(C)C(=O)CC[C@@H]12,1,Ki,7.34,3,CHEMBL3754183
CC1=C[C@@]2(C)C(=CC1=O)[C@@H](Br)C[C@@H]1[C@@H]2CC[C@]2(C)C(=O)CC[C@@H]12,1,Ki,7.09,2,CHEMBL3753352
CCCCCCC1=C[C@@]2(C)C(=C(O)C1=O)CC[C@@H]1[C@@H]2CC[C@]2(C)C(=O)CC[C@@H]12,1,Ki,7.51,1,CHEMBL3754325
COC1=C[C@@]2(C)C(=CC1=O)CC[C@@H]1[C@@H]2CC[C@]2(C)C(=O)CC[C@@H]12,1,Ki,7.02,1,CHEMBL3753272
C[C@]12C=C(CCCc3ccccc3)C(=O)C=C1CC[C@@H]1[C@@H]2CC[C@]2(C)C(=O)CC[C@@H]12,1,Ki,7.79,3,CHEMBL3753611
C[C@]12CCCC(=O)C1=CC[C@@H]1[C@@H]2CC[C@]2(C)C(=O)CC[C@@H]12,1,Ki,6.92,1,CHEMBL3754425
C[C@]12CCC(=O)C(c3ccc(OS(N)(=O)=O)cc3)=C1CC[C@@H]1[C@@H]2CC[C@]2(C)C(=O)CC[C@@H]12,1,Ki,7.01,2,CHEMBL3754538
CCCCC[C@@H]1C[C@@H]2[C@H](CC[C@]3(C)C(=O)CC[C@@H]23)[C@@]2(C)CCC(=O)C=C12,1,Ki,8.55,2,CHEMBL3752650
CCCCCC[C@@H]1C[C@@H]2[C@H](CC[C@]3(C)C(=O)CC[C@@H]23)[C@@]2(C)CCC(=O)C=C12,1,Ki,8.55,2,CHEMBL3754285
CCCCCCCC[C@@H]1C[C@@H]2[C@H](CC[C@]3(C)C(=O)CC[C@@H]23)[C@@]2(C)CCC(=O)C=C12,1,Ki,8.55,1,CHEMBL3754366
CCCCC[C@H]1C[C@@H]2[C@H](CC[C@]3(C)C(=O)CC[C@@H]23)[C@@]2(C)CCC(=O)C=C12,1,Ki,8.03,2,CHEMBL3752625
CCCCCC[C@H]1C[C@@H]2[C@H](CC[C@]3(C)C(=O)CC[C@@H]23)[C@@]2(C)CCC(=O)C=C12,1,Ki,8.03,2,CHEMBL3754063
CCCCCCCC[C@H]1C[C@@H]2[C@H](CC[C@]3(C)C(=O)CC[C@@H]23)[C@@]2(C)CCC(=O)C=C12,1,Ki,8.03,1,CHEMBL3751897
C[C@H]1C[C@@H]2[C@H](CC[C@]3(C)C(=O)CC[C@@H]23)[C@@]2(C)CCCC=C12,1,Ki,8.51,3,CHEMBL3751881
C[C@@H]1C[C@@H]2[C@H](CC[C@]3(C)C(=O)CC[C@@H]23)[C@@]2(C)CCCC=C12,1,Ki,8.28,2,CHEMBL3754711
CC(=O)O[C@@H]1C[C@@H]2[C@H](CC[C@]3(C)C(=O)CC[C@@H]23)[C@@]2(C)CCCC=C12,1,Ki,7.92,2,CHEMBL3754729
CO[C@@H]1C[C@@H]2[C@H](CC[C@]3(C)C(=O)CC[C@@H]23)[C@@]2(C)CCCC=C12,1,Ki,7.92,2,CHEMBL3752063
CC[C@H]1C[C@@H]2[C@H](CC[C@]3(C)C(=O)CC[C@@H]23)[C@@]2(C)CCCC=C12,1,Ki,7.92,2,CHEMBL3753084
CC(=O)O[C@H]1C[C@@H]2[C@H](CC[C@]3(C)C(=O)CC[C@@H]23)[C@@]2(C)CCCC=C12,1,Ki,7.92,2,CHEMBL3754779
CO[C@H]1C[C@@H]2[C@H](CC[C@]3(C)C(=O)CC[C@@H]23)[C@@]2(C)CCCC=C12,1,Ki,7.92,2,CHEMBL3753281
CC1=C[C@@H]2[C@H](CC[C@]3(C)C(=O)CC[C@@H]23)[C@@]2(C)CCC(=O)C=C12,1,Ki,7.77,2,CHEMBL3752994
CCC1=C[C@@H]2[C@H](CC[C@]3(C)C(=O)CC[C@@H]23)[C@@]2(C)CCC(=O)C=C12,1,Ki,7.77,2,CHEMBL3752648
CCCC1=C[C@@H]2[C@H](CC[C@]3(C)C(=O)CC[C@@H]23)[C@@]2(C)CCC(=O)C=C12,1,Ki,7.77,2,CHEMBL3752405
CCCCC1=C[C@@H]2[C@H](CC[C@]3(C)C(=O)CC[C@@H]23)[C@@]2(C)CCC(=O)C=C12,1,Ki,7.77,2,CHEMBL3752506
CCCCCC1=C[C@@H]2[C@H](CC[C@]3(C)C(=O)CC[C@@H]23)[C@@]2(C)CCC(=O)C=C12,1,Ki,7.77,2,CHEMBL3754701
CCCCCCC1=C[C@@H]2[C@H](CC[C@]3(C)C(=O)CC[C@@H]23)[C@@]2(C)CCC(=O)C=C12,1,Ki,7.77,2,CHEMBL3752480
CCCCCCCC1=C[C@@H]2[C@H](CC[C@]3(C)C(=O)CC[C@@H]23)[C@@]2(C)CCC(=O)C=C12,1,Ki,7.77,2,CHEMBL3754186
C[C@]12CCC(=O)C=C1C=C[C@@H]1[C@@H]2CC[C@]2(C)C(=O)CC[C@@H]12,1,Ki,7.77,1,CHEMBL3754473
CC1=C[C@@H]2[C@H](CC[C@]3(C)C(=O)CC[C@@H]23)[C@@]2(C)C=CC(=O)C=C12,1,Ki,8.6,2,CHEMBL3752165
CCC1=C[C@@H]2[C@H](CC[C@]3(C)C(=O)CC[C@@H]23)[C@@]2(C)C=CC(=O)C=C12,1,Ki,8.6,2,CHEMBL3754546
CCCC1=C[C@@H]2[C@H](CC[C@]3(C)C(=O)CC[C@@H]23)[C@@]2(C)C=CC(=O)C=C12,1,Ki,8.6,2,CHEMBL3753803
CCCCC1=C[C@@H]2[C@H](CC[C@]3(C)C(=O)CC[C@@H]23)[C@@]2(C)C=CC(=O)C=C12,1,Ki,8.6,2,CHEMBL3752011
CCCCCC1=C[C@@H]2[C@H](CC[C@]3(C)C(=O)CC[C@@H]23)[C@@]2(C)C=CC(=O)C=C12,1,Ki,8.6,2,CHEMBL3752619
CCCCCCC1=C[C@@H]2[C@H](CC[C@]3(C)C(=O)CC[C@@H]23)[C@@]2(C)C=CC(=O)C=C12,1,Ki,8.6,2,CHEMBL3752315
CCCCCCCC1=C[C@@H]2[C@H](CC[C@]3(C)C(=O)CC[C@@H]23)[C@@]2(C)C=CC(=O)C=C12,1,Ki,8.6,2,CHEMBL3752341
C[C@]12CCC(=O)C=C1[C@@H](CCc1ccccc1)C[C@@H]1[C@@H]2CC[C@]2(C)C(=O)CC[C@@H]12,1,Ki,7.8,1,CHEMBL3752252
C[C@]12CCC(=O)C=C1[C@H](CCCCc1ccccc1)C[C@@H]1[C@@H]2CC[C@]2(C)C(=O)CC[C@@H]12,1,Ki,7.8,1,CHEMBL3752440
C[C@]12CCC(=O)C=C1C(Cc1ccccc1)=C[C@@H]1[C@@H]2CC[C@]2(C)C(=O)CC[C@@H]12,1,Ki,8.05,2,CHEMBL3754168
C[C@]12CCC(=O)C=C1C(CCc1ccccc1)=C[C@@H]1[C@@H]2CC[C@]2(C)C(=O)CC[C@@H]12,1,Ki,8.0,2,CHEMBL3752788
C[C@]12C=CC(=O)C=C1C(CCc1ccccc1)=C[C@@H]1[C@@H]2CC[C@]2(C)C(=O)CC[C@@H]12,1,Ki,8.07,2,CHEMBL3752155
CCCCCC(=O)O[C@H]1C[C@@H]2[C@H](CC[C@]3(C)C(=O)CC[C@@H]23)[C@@]2(C)CCC(=O)C=C12,1,Ki,8.15,2,CHEMBL3752998
C[C@]12CCC(=O)C=C1[C@@H](OCc1ccccc1)C[C@@H]1[C@@H]2CC[C@]2(C)C(=O)CC[C@@H]12,1,Ki,8.15,1,CHEMBL3752038
CC1(C)C[C@@]2(C)C(=CC1=O)[C@@H](Br)C[C@@H]1[C@@H]2CC[C@]2(C)C(=O)CC[C@@H]12,1,Ki,7.85,2,CHEMBL3754184
CC1(C)C[C@@]2(C)C(=CC1=O)[C@H](Br)C[C@@H]1[C@@H]2CC[C@]2(C)C(=O)CC[C@@H]12,1,Ki,8.0,2,CHEMBL3754296
C[C@]12CCC(=O)C=C1C(c1ccc(O)cc1)=C[C@@H]1[C@@H]2CC[C@]2(C)C(=O)CC[C@@H]12,1,Ki,7.64,1,CHEMBL3752939
C[C@]12CCC(=O)C=C1C(c1ccc(OS(N)(=O)=O)cc1)=C[C@@H]1[C@@H]2CC[C@]2(C)C(=O)CC[C@@H]12,1,Ki,7.52,1,CHEMBL3753573
C[C@]12CCC(=O)C=C1[C@@H](c1ccc(O)cc1)C[C@@H]1[C@@H]2CC[C@]2(C)C(=O)CC[C@@H]12,1,Ki,7.57,1,CHEMBL3752704
C[C@]12CCC(=O)C=C1[C@@H](c1ccc(OS(N)(=O)=O)cc1)C[C@@H]1[C@@H]2CC[C@]2(C)C(=O)CC[C@@H]12,1,Ki,7.41,1,CHEMBL3754603
C[C@]12C=CC(=O)C=C1C(c1ccc(O)cc1)=C[C@@H]1[C@@H]2CC[C@]2(C)C(=O)CC[C@@H]12,1,Ki,7.12,1,CHEMBL3752099
C[C@]12C=CC(=O)C=C1C(c1ccc(OS(N)(=O)=O)cc1)=C[C@@H]1[C@@H]2CC[C@]2(C)C(=O)CC[C@@H]12,1,Ki,7.25,1,CHEMBL3754787
C[C@]12CCC=CC1=CC[C@@H]1[C@@H]2CC[C@]2(C)C(=O)CC[C@@H]12,1,Ki,7.24,2,CHEMBL3752366
C[C@]12CC[C@H]3[C@@H](CC=C4CCCC[C@@]43C)[C@@H]1CC[C@@H]2O,1,Ki,7.24,1,CHEMBL3753505
C[C@]12CC[C@H]3[C@@H](CC=C4C=CCC[C@@]43C)[C@@H]1CC[C@@H]2O,1,Ki,7.24,1,CHEMBL3752278
C[C@]12CC[C@H](OC=O)C=C1C(=O)C[C@@H]1[C@@H]2CC[C@]2(C)C(=O)CC[C@@H]12,0,Ki,4.8,1,CHEMBL3754516
C[C@]12CCCC=C1C(=O)C[C@@H]1[C@@H]2CC[C@]2(C)C(=O)CC[C@@H]12,1,IC50,6.78,2,CHEMBL3752280
CC[C@@H]1C[C@@H]2[C@H](CC[C@]3(C)C(=O)CC[C@@H]23)[C@@]2(C)C=CC(=O)C=C12,1,Ki,8.33,2,CHEMBL3753810
CCCCC[C@@H]1C[C@@H]2[C@H](CC[C@]3(C)C(=O)CC[C@@H]23)[C@@]2(C)C=CC(=O)C=C12,1,Ki,8.3,2,CHEMBL3752065
C[C@]12CCCCC1=CC(=O)[C@@H]1[C@@H]2CC[C@]2(C)C(=O)CC[C@@H]12,1,Ki,6.84,1,CHEMBL3752149
C[C@]12CC[C@H]3[C@@H](C(=O)C=C4CCCC[C@@]43CO)[C@@H]1CCC2=O,0,Ki,4.96,1,CHEMBL3753191
CC[C@]12CCC(=O)C=C1CC[C@@H]1[C@@H]2CC[C@]2(C)C(=O)CC[C@@H]12,1,Ki,8.09,2,CHEMBL3754719
CC[C@]12C=CC(=O)C=C1CC[C@H]1[C@@H]3CCC(=O)[C@@]3(C)CC[C@@H]12,1,Ki,8.09,2,CHEMBL3752973
CC[C@]12CCC(=O)C=C1C=C[C@@H]1[C@@H]2CC[C@]2(C)C(=O)CC[C@@H]12,1,Ki,8.09,2,CHEMBL3753667
CC[C@]12C=CC(=O)C=C1C=C[C@H]1[C@@H]3CCC(=O)[C@@]3(C)CC[C@@H]12,1,Ki,8.09,2,CHEMBL3752460
CC(=O)SC1=C2CC[C@@H]3[C@H](CC[C@]4(C)C(=O)CC[C@@H]34)[C@@]2(C)CCC1=O,1,Ki,7.44,1,CHEMBL3754227
CSC1=C2CC[C@@H]3[C@H](CC[C@]4(C)C(=O)CC[C@@H]34)[C@@]2(C)CCC1=O,1,Ki,7.44,1,CHEMBL3752500
CCSC1=C2CC[C@@H]3[C@H](CC[C@]4(C)C(=O)CC[C@@H]34)[C@@]2(C)CCC1=O,1,Ki,7.44,1,CHEMBL3752336
CCCSC1=C2CC[C@@H]3[C@H](CC[C@]4(C)C(=O)CC[C@@H]34)[C@@]2(C)CCC1=O,1,Ki,7.44,1,CHEMBL3752983
C[C@]12CCC(=O)C(OCc3ccccc3)=C1CC[C@@H]1[C@@H]2CC[C@]2(C)C(=O)CC[C@@H]12,1,Ki,7.42,1,CHEMBL3753439
C[C@]12CCC(=O)C=C1C=C(Cc1ccccc1)[C@@H]1[C@@H]2CC[C@]2(C)C(=O)CC[C@@H]12,1,Ki,7.21,4,CHEMBL3754505
C[C@]12CCC(=O)C=C1C=C(CCc1ccccc1)[C@@H]1[C@@H]2CC[C@]2(C)C(=O)CC[C@@H]12,1,Ki,7.21,4,CHEMBL3753089
C[C@]12C=CC(=O)C=C1C[C@@H](Cc1ccccc1)[C@@H]1[C@@H]2CC[C@]2(C)C(=O)CC[C@@H]12,1,Ki,8.15,3,CHEMBL3752591
C[C@]12C=CC(=O)C=C1C[C@@H](CCc1ccccc1)[C@@H]1[C@@H]2CC[C@]2(C)C(=O)CC[C@@H]12,1,Ki,8.15,3,CHEMBL3754259
C[C@]12C=CC(=O)C=C1C[C@@H](CCCc1ccccc1)[C@@H]1[C@@H]2CC[C@]2(C)C(=O)CC[C@@H]12,1,Ki,8.15,3,CHEMBL3753447
C[C@]12C=CC(=O)C=C1C[C@@H](CCc1ccc([N+](=O)[O-])cc1)[C@@H]1[C@@H]2CC[C@]2(C)C(=O)CC[C@@H]12,1,Ki,8.15,2,CHEMBL3752221
C[C@]12C=CC(=O)C=C1C[C@@H](CCc1ccc(N)cc1)[C@@H]1[C@@H]2CC[C@]2(C)C(=O)CC[C@@H]12,1,Ki,8.15,2,CHEMBL3754055
C[C@]12C=CC(=O)C=C1C[C@@H](CCCc1ccc([N+](=O)[O-])cc1)[C@@H]1[C@@H]2CC[C@]2(C)C(=O)CC[C@@H]12,1,Ki,8.15,3,CHEMBL3753373
CC(=O)OC[C@]12CCCC=C1CC[C@@H]1[C@@H]2CC[C@]2(C)C(=O)CC[C@@H]12,1,Ki,6.77,1,CHEMBL3752805
C[C@]12CC[C@H]3[C@@H](CCC4=CCCC[C@@]43C(F)F)[C@@H]1CCC2=O,1,Ki,6.77,1,CHEMBL3753398
C[C@]12CC[C@H]3[C@@H](CCC4=CCCC[C@@]43CO)[C@@H]1CC[C@@H]2O,1,Ki,6.77,1,CHEMBL3752817
C#C[C@@H](OC(C)=O)[C@@]12CCC(=O)C=C1C(=O)C[C@@H]1[C@@H]2CC[C@]2(C)C(=O)CC[C@@H]12,0,Ki,4.12,1,CHEMBL3754046
C#C[C@H](OC(C)=O)[C@]12CCC(=O)C=C1C(=O)C[C@@H]1[C@@H]2CC[C@]2(C)C(=O)CC[C@@H]12,0,Ki,4.17,1,CHEMBL3754543
C[C@]12CCCC=C1CC[C@@H]1[C@@H]2CC[C@]2(C)C(=O)[C@H](Br)C[C@@H]12,1,Ki,6.64,1,CHEMBL3752674
C[C@]12CCCC=C1CC[C@@H]1[C@@H]2CC[C@]2(C)C(=O)[C@@H](Br)C[C@@H]12,1,Ki,6.34,1,CHEMBL3754485
C[C@]12CCC(=O)C=C1[C@@H]1[C@H]([C@@H]3[C@@H]2CC[C@]2(C)C(=O)CC[C@@H]32)C1(F)F,1,Ki,8.3,1,CHEMBL3754061
C[C@]12CC[C@H]3[C@@H]([C@H]4[C@@H](C5=CCCC[C@@]53C)C4(F)F)[C@@H]1CC[C@@H]2O,1,Ki,8.3,1,CHEMBL3753845
C[C@]12CCCC=C1[C@@H]1[C@H]([C@@H]3[C@@H]2CC[C@]2(C)C(=O)CC[C@@H]32)C1(F)F,1,Ki,8.3,1,CHEMBL3753196
C[C@]12C=CC(=O)C(Sc3ccccc3)=C1CC[C@@H]1[C@@H]2CC[C@]2(C)C(=O)CC[C@@H]12,1,Ki,8.01,2,CHEMBL3752288
C[C@]12CCC(=O)C(Sc3ccccc3)=C1C=C[C@@H]1[C@@H]2CC[C@]2(C)C(=O)CC[C@@H]12,1,Ki,8.01,2,CHEMBL3753109
C[C@]12C=CC(=O)C(Sc3ccccc3)=C1C=C[C@@H]1[C@@H]2CC[C@]2(C)C(=O)CC[C@@H]12,1,Ki,8.01,2,CHEMBL3752174
C[C@]12CCC(=O)C(Sc3ccccc3)=C1CC[C@@H]1[C@@H]2CC[C@]2(C)C(=O)CC[C@@H]12,1,IC50,6.75,2,CHEMBL3754241
C[C@]12CCC(=O)C(Oc3ccccc3)=C1CC[C@@H]1[C@@H]2CC[C@]2(C)C(=O)CC[C@@H]12,1,IC50,6.28,1,CHEMBL484584
C[C@]12CCC(=O)C(F)=C1CC[C@@H]1[C@@H]2CC[C@]2(C)C(=O)CC[C@@H]12,1,Ki,7.82,2,CHEMBL3753063
C[C@]12CC[C@H]3[C@@H](CCC4=C(F)C(=O)CC[C@@H]43)[C@@H]1CCC2=O,1,Ki,7.05,1,CHEMBL3754504
C[C@]12CCC(=O)C=C1[C@@H](F)C[C@@H]1[C@@H]2CC[C@]2(C)C(=O)CC[C@@H]12,1,Ki,7.26,2,CHEMBL3752818
C[C@]12CCC(=O)C=C1[C@H](F)C[C@@H]1[C@@H]2CC[C@]2(C)C(=O)CC[C@@H]12,1,Ki,7.28,2,CHEMBL3752871
C[C@]12CCC(=O)C(SCF)=C1CC[C@@H]1[C@@H]2CC[C@]2(C)C(=O)CC[C@@H]12,1,IC50,6.1,2,CHEMBL3752892
C[C@]12CCC(=O)C(SCCl)=C1CC[C@@H]1[C@@H]2CC[C@]2(C)C(=O)CC[C@@H]12,1,IC50,6.03,2,CHEMBL3754724
C[C@H]1C[C@@H]2[C@H](CC[C@]3(C)C(=O)CC[C@@H]23)[C@@]2(C)CCC(=O)C=C12,1,Ki,8.85,5,CHEMBL3754471
CCCC[C@H]1C[C@@H]2[C@H](CC[C@]3(C)C(=O)CC[C@@H]23)[C@@]2(C)CCC(=O)C=C12,1,Ki,8.85,2,CHEMBL3752668
C[C@]12CCC(=O)C=C1[C@@H](Cc1ccccc1)C[C@@H]1[C@@H]2CC[C@]2(C)C(=O)CC[C@@H]12,1,Ki,8.0,2,CHEMBL3752347
C[C@@H]1C[C@@H]2[C@H](CC[C@]3(C)C(=O)CC[C@@H]23)[C@@]2(C)CCC(=O)C=C12,1,Ki,8.85,2,CHEMBL3754220
CC[C@@H]1C[C@@H]2[C@H](CC[C@]3(C)C(=O)CC[C@@H]23)[C@@]2(C)CCC(=O)C=C12,1,Ki,8.85,2,CHEMBL3752661
CCCC[C@@H]1C[C@@H]2[C@H](CC[C@]3(C)C(=O)CC[C@@H]23)[C@@]2(C)CCC(=O)C=C12,1,Ki,8.85,2,CHEMBL3752102
C=C[C@@H]1C[C@@H]2[C@H](CC[C@]3(C)C(=O)CC[C@@H]23)[C@@]2(C)CCC(=O)C=C12,1,Ki,8.29,2,CHEMBL3753920
C/C=C1\C[C@@H]2[C@H](CC[C@]3(C)C(=O)CC[C@@H]23)[C@@]2(C)CCC(=O)C=C12,1,Ki,8.31,1,CHEMBL3753629
C#CC[C@H]1C[C@@H]2[C@H](CC[C@]3(C)C(=O)CC[C@@H]23)[C@@]2(C)CCC(=O)C=C12,1,Ki,7.43,1,CHEMBL3753724
C#CC[C@@H]1C[C@@H]2[C@H](CC[C@]3(C)C(=O)CC[C@@H]23)[C@@]2(C)CCC(=O)C=C12,1,Ki,8.0,1,CHEMBL3753776
C[C@]12C=CC(=O)C=C1[C@@H](CC[N+](=O)[O-])C[C@@H]1[C@@H]2CC[C@]2(C)C(=O)CC[C@@H]12,1,IC50,6.04,1,CHEMBL3751946
C[C@]12CC[C@H]3[C@@H](CCC4=CC(=O)CC[C@@]43[C@@H]3CO3)[C@@H]1CCC2=O,1,Ki,9.0,3,CHEMBL3753593
C[C@]12CC[C@H]3[C@@H](CCC4=CC(=O)CC[C@@]43[C@H]3CO3)[C@@H]1CCC2=O,1,Ki,7.12,2,CHEMBL3752584
C[C@]12CC[C@H]3[C@@H](CCC4=CC(=O)CC[C@@]43[C@@H]3CN3)[C@@H]1CCC2=O,1,Ki,8.47,1,CHEMBL3752276
C[C@]12CC[C@H]3[C@@H](CCC4=CC(=O)CC[C@@]43[C@H]3CN3)[C@@H]1CCC2=O,1,Ki,8.47,1,CHEMBL3752897
C[C@]12CC[C@H]3[C@@H](CCC4=CC(=O)CC[C@@]43[C@@H]3CN3)[C@@H]1CC[C@@H]2O,1,Ki,8.47,1,CHEMBL3754519
C[C@]12CC[C@H]3[C@@H](CCC4=CC(=O)CC[C@@]43[C@H]3CN3)[C@@H]1CC[C@@H]2O,1,Ki,8.47,1,CHEMBL3752403
CC1(C)C[C@@]2(C)C(=CC1=O)C(=O)C[C@@H]1[C@@H]2CC[C@]2(C)C(=O)CC[C@@H]12,1,Ki,7.6,2,CHEMBL3754222
CC1(C)C[C@@]2(C)C(=C(O)C1=O)C(=O)C[C@@H]1[C@@H]2CC[C@]2(C)C(=O)CC[C@@H]12,1,Ki,7.4,2,CHEMBL3752192
C[C@]12CCC(=O)C(O)=C1C(=O)C[C@@H]1[C@@H]2CC[C@]2(C)C(=O)CC[C@@H]12,1,Ki,7.38,2,CHEMBL3754696
CC(=O)O[C@H]1[C@@H]2[C@H](CC[C@]3(C)C(=O)CC[C@@H]23)[C@@]2(C)CCC(=O)C=C2[C@@H]1N=[N+]=[N-],1,IC50,6.4,1,CHEMBL3753842
C[C@]12C=CC(=O)C=C1C=C(Cc1ccccc1)[C@@H]1[C@@H]2CC[C@]2(C)C(=O)CC[C@@H]12,1,Ki,7.21,2,CHEMBL3754204
C[C@]12C=CC(=O)C=C1C=C(CCc1ccccc1)[C@@H]1[C@@H]2CC[C@]2(C)C(=O)CC[C@@H]12,1,Ki,6.76,2,CHEMBL3754054
C[C@]12CCC(=O)C=C1C[C@@H](Sc1ccc(Nc3ccc([N+](=O)[O-])cc3[N+](=O)[O-])cc1)[C@@H]1[C@@H]2CC[C@]2(C)C(=O)CC[C@@H]12,1,Ki,7.62,1,CHEMBL3754567
CN(C)c1cccc2c(S(=O)(=O)Nc3ccc(S[C@@H]4CC5=CC(=O)CC[C@]5(C)[C@H]5CC[C@]6(C)C(=O)CC[C@H]6[C@H]45)cc3)cccc12,1,Ki,7.62,1,CHEMBL3752031
C[C@]12CCC(=O)C=C1C[C@@H](Sc1cccc3ccccc13)[C@@H]1[C@@H]2CC[C@]2(C)C(=O)CC[C@@H]12,1,Ki,7.62,1,CHEMBL3754433
C[C@]12CCC(=O)C=C1C[C@@H](Sc1ccc3ccccc3c1)[C@@H]1[C@@H]2CC[C@]2(C)C(=O)CC[C@@H]12,1,Ki,7.62,1,CHEMBL3753120
C[C@]12C=CC(=O)C=C1C[C@@H](Sc1cccc3ccccc13)[C@@H]1[C@@H]2CC[C@]2(C)C(=O)CC[C@@H]12,1,Ki,7.92,1,CHEMBL3752771
C[C@]12C=CC(=O)C=C1C[C@@H](Sc1ccc3ccccc3c1)[C@@H]1[C@@H]2CC[C@]2(C)C(=O)CC[C@@H]12,1,Ki,7.92,1,CHEMBL3752073
CC(=O)O[C@H]1CC[C@@]2(C)C(=C/C(=N\OCCCn3ccnc3)[C@H]3[C@@H]4CC[C@H](OC(C)=O)[C@@]4(C)CC[C@@H]32)C1,0,IC50,4.92,1,CHEMBL3752381
CS[C@]12C=CC(=O)C=C1CC[C@H]1[C@@H]3CC[C@H](O)[C@@]3(C)CC[C@@H]12,1,Ki,6.21,1,CHEMBL3754681
C[C@]12CC[C@H]3[C@@H](CCC4=CC(=O)CC[C@@]43S)[C@@H]1CC[C@@H]2O,1,Ki,6.97,1,CHEMBL3754530
C[C@]12CC[C@H]3[C@@H](CCC4=CC(=O)CC[C@@]43[C@@H]3CS3)[C@@H]1CCC2=O,1,Ki,8.7,1,CHEMBL3752770
C[C@]12CC[C@H]3[C@@H](CCC4=CC(=O)C=C[C@@]43C)[C@@H]1CC[C@@H]2O,1,Ki,6.58,1,CHEMBL209073
C[C@@]12CCC[C@H]1[C@@H]1CCC3=CC(=O)C=C[C@]3(C)[C@H]1CC2,1,Ki,6.58,1,CHEMBL3752359
C[C@]12CC[C@H]3[C@@H](CCC4=CC(=O)CC[C@@]43C(=O)C(F)(F)F)[C@@H]1CCC2=O,0,IC50,4.58,1,CHEMBL3753182
C[C@]12CC[C@H]3[C@@H](CCC4=CC(=O)CC[C@@]43CN=[N+]=[N-])[C@@H]1CCC2=O,1,Ki,8.3,1,CHEMBL3752954
CSC[C@]12CCC(=O)C=C1CC[C@@H]1[C@@H]2CC[C@]2(C)C(=O)CC[C@@H]12,1,Ki,9.0,1,CHEMBL3753548
C[C@]12CC[C@H]3[C@@H](CCC4=CC(=O)CC[C@@]43CS)[C@@H]1CCC2=O,1,Ki,7.47,1,CHEMBL3754311
CSCC[C@]12CCC(=O)C=C1CC[C@@H]1C2=CC[C@]2(C)C(=O)CC[C@@H]12,1,IC50,7.92,1,CHEMBL3752510
C[C@]12CC=C3[C@@H](CCC4=CC(=O)CC[C@@]43CCSCF)[C@@H]1CCC2=O,1,IC50,7.3,1,CHEMBL3753104
C[C@]12CC[C@H]3[C@@H](CCC4=CC(=O)[C@H]5C[C@H](O)[C@]43C5)[C@@H]1CCC2=O,1,Ki,6.03,1,CHEMBL3754469
C[C@]12CC[C@H]3[C@@H](CCC4=CC(=O)[C@H]5C[C@@H](O)[C@]43C5)[C@@H]1CCC2=O,1,Ki,6.06,1,CHEMBL3754133
C[C@]12CC[C@H]3[C@@H](CCC4=CC(=O)[C@H]5COC[C@]43C5)[C@@H]1CCC2=O,1,Ki,7.75,1,CHEMBL3754275
C[C@]12CC[C@H]3[C@@H](Cc4noc5c4[C@]3(C)CCC5=O)[C@@H]1CC[C@@H]2O,0,IC50,4.73,1,CHEMBL3752637
C[C@]12CCC(=O)C3=C1C(=Nc1ccccc1S3)C[C@@H]1[C@@H]2CC[C@]2(C)C(=O)CC[C@@H]12,0,IC50,4.37,1,CHEMBL3754157
C[C@]12CC[C@H]3[C@@H](Cc4nn(Cc5ccccc5)c5c4[C@]3(C)CCC5=O)[C@@H]1CC[C@@H]2O,1,IC50,6.61,1,CHEMBL3751913
C[C@]12CC[C@H]3[C@@H](Cc4n[nH]c5c4[C@]3(C)CCC5=O)[C@@H]1CC[C@@H]2O,1,IC50,6.63,1,CHEMBL3751984
C[C@]12CC[C@@H]3c4ccc(O)cc4[C@@H](CCCc4ccccc4)C[C@H]3[C@@H]1CCC2=O,1,Ki,7.0,1,CHEMBL3753824
C[C@]12CC[C@@H]3c4ccc(O)cc4[C@@H](CCCc4ccccc4)C[C@H]3[C@@H]1CC[C@@H]2O,1,Ki,7.0,1,CHEMBL3752422
C[C@]12CC[C@@H]3c4ccc(O)cc4[C@H](Cc4ccccc4)C[C@H]3[C@@H]1CCC2=O,1,Ki,7.0,1,CHEMBL3752402
C[C@]12CC[C@@H]3c4ccc(O)cc4[C@@H](Cc4ccccc4)C[C@H]3[C@@H]1CCC2=O,1,Ki,7.0,1,CHEMBL3754455
C[C@]12CC[C@@H]3c4ccc(O)cc4[C@H](Cc4ccccc4)C[C@H]3[C@@H]1CC[C@@H]2O,1,Ki,7.0,1,CHEMBL3752556
C[C@]12CC[C@@H]3c4ccc(O)cc4[C@@H](Cc4ccccc4)C[C@H]3[C@@H]1CC[C@@H]2O,1,Ki,7.0,1,CHEMBL3753773
C[C@@H]1C[C@@H]2[C@H](CC[C@]3(C)C(=O)CC[C@@H]23)c2ccc(O)cc21,1,Ki,7.0,1,CHEMBL3754482
C[C@]12C=CC(=O)C=C1C[C@@H](Sc1ccc(Br)cc1)[C@@H]1[C@@H]2CC[C@]2(C)C(=O)CC[C@@H]12,1,Ki,7.92,1,CHEMBL3754150
C[C@]12CC[C@@H]3c4cc(Cl)c(O)cc4CC[C@H]3[C@@H]1CCC2=O,1,Ki,7.0,1,CHEMBL1079595
C[C@]12CC[C@@H]3c4cc(Br)c(O)cc4CC[C@H]3[C@@H]1CCC2=O,1,Ki,7.0,1,CHEMBL189051
Cc1cc2c(cc1O)CC[C@@H]1[C@@H]2CC[C@]2(C)C(=O)CC[C@@H]12,1,Ki,7.0,1,CHEMBL3753425
C[C@]12CC[C@@H]3c4cc(Cl)c(O)cc4CC[C@H]3[C@@H]1CC[C@@H]2O,1,Ki,7.0,1,CHEMBL3753928
Cc1cc2c(cc1O)CC[C@@H]1[C@@H]2CC[C@]2(C)[C@@H](O)CC[C@@H]12,1,Ki,7.0,1,CHEMBL241993
O=c1cc(Cc2ccncc2)oc2cc(F)ccc12,0,IC50 (>),5.0,1,CHEMBL3794417
C[C@]12CCC(=O)C=C1CC[C@@H]1C2=CC[C@]2(C)C(=O)CC[C@@H]12,1,IC50,6.6,1,CHEMBL3799363
C[C@]12CC[C@H]3[C@@H](CC[C@]45O[C@H]4CCC[C@]35C)[C@@H]1CCC2=O,1,IC50,6.28,1,CHEMBL3800417
C[C@]12CC[C@H]3C[C@H]3[C@@H]1CC[C@@H]1[C@@H]2CC[C@]2(C)C(=O)CC[C@@H]12,1,IC50,6.96,1,CHEMBL3798461
C[C@H](O)C/C=C/CCCCC1Cc2cc(O)cc(O)c2C(=O)O1,0,IC50,4.91,1,CHEMBL3799189
COC(=O)c1ccccc1S(=O)(=O)N1CCCC(Cn2ccnc2)C1,1,IC50,7.28,1,CHEMBL3805021
Cc1cc(S(=O)(=O)N2CCCC(Cn3ccnc3)C2)ccc1F,1,IC50,7.62,1,CHEMBL3805310
COc1ccc(S(=O)(=O)N2CCCC(Cn3ccnc3)C2)cc1F,1,IC50,7.85,1,CHEMBL3805173
O=[N+]([O-])c1cccc(Cl)c1Oc1cccc(S(=O)(=O)N2CCCC(Cn3ccnc3)C2)c1,1,IC50,8.05,1,CHEMBL3806301
O=S(=O)(c1ccc(F)c(Cl)c1)N1CCCC(Cn2ccnc2)C1,1,IC50,7.85,1,CHEMBL3805481
O=S(=O)(c1ccc2c(c1)OCCO2)N1CCCC(Cn2ccnc2)C1,1,IC50,7.89,1,CHEMBL3805211
O=S(=O)(c1cccc2nsnc12)N1CCCC(Cn2ccnc2)C1,1,IC50,7.27,1,CHEMBL3806151
O=S(=O)(c1ccc2nsnc2c1)N1CCCC(Cn2ccnc2)C1,1,IC50,8.15,1,CHEMBL3805851
O=C(O)c1cc(S(=O)(=O)N2CCCC(Cn3ccnc3)C2)ccc1O,1,IC50,6.47,1,CHEMBL3804849
COc1ccc(S(=O)(=O)N2CCCC(Cn3ccnc3)C2)c(OC)c1,1,IC50,6.88,1,CHEMBL3805678
N#Cc1ccc(S(=O)(=O)N2CCCC(Cn3ccnc3)C2)c(Cl)c1,1,IC50,7.1,1,CHEMBL3806282
O=S(=O)(c1ccc(F)c(F)c1)N1CCCC(Cn2ccnc2)C1,1,IC50,7.37,1,CHEMBL3806159
N#Cc1ccc(S(=O)(=O)N2CCCC(Cn3ccnc3)C2)cc1,1,IC50,7.44,1,CHEMBL3806046
O=S(=O)(c1ccc(F)c(F)c1F)N1CCCC(Cn2ccnc2)C1,1,IC50,7.34,1,CHEMBL3805839
COc1ccc(S(=O)(=O)N2CCCC(Cn3ccnc3)C2)cc1Br,1,IC50,8.22,1,CHEMBL3805814
COc1ccc(S(=O)(=O)N2CCCC(Cn3ccnc3)C2)cc1OC,1,IC50,7.38,1,CHEMBL3805149
O=S(=O)(c1ccc(F)cc1)N1CCCC(Cn2ccnc2)C1,1,IC50,7.29,1,CHEMBL3805048
Cc1cc(F)ccc1S(=O)(=O)N1CCCC(Cn2ccnc2)C1,1,IC50,7.32,1,CHEMBL3806185
COc1cc([N+](=O)[O-])ccc1S(=O)(=O)N1CCCC(Cn2ccnc2)C1,1,IC50,6.89,1,CHEMBL3804993
CS(=O)(=O)c1ccc(S(=O)(=O)N2CCCC(Cn3ccnc3)C2)cc1,1,IC50,7.32,1,CHEMBL3805657
O=[N+]([O-])c1ccc(S(=O)(=O)N2CCCC(Cn3ccnc3)C2)cc1C(F)(F)F,1,IC50,7.8,1,CHEMBL3805008
COc1c(C)cc(S(=O)(=O)N2CCCC(Cn3ccnc3)C2)c(C)c1C,1,IC50,7.35,1,CHEMBL3805388
COc1c(C)cc(S(=O)(=O)N2CCCC(Cn3ccnc3)C2)cc1C,1,IC50,7.68,1,CHEMBL3806075
COc1ccc(S(=O)(=O)N2CCCC(Cn3ccnc3)C2)c(C)c1C,1,IC50,7.23,1,CHEMBL3805820
O=S(=O)(c1ccc(OC2CCCC2)c(F)c1)N1CCCC(Cn2ccnc2)C1,1,IC50,7.66,1,CHEMBL3805539
O=S(=O)(c1ccc(OC2CCCC2)cc1)N1CCCC(Cn2ccnc2)C1,1,IC50,7.85,1,CHEMBL3805733
COc1ccc2c(Cc3ccccc3)c(-c3ccc(Cl)cc3)c(=O)oc2c1,1,IC50,7.1,3,CHEMBL3818720
N#Cc1ccc(C(Cc2ccc(OS(N)(=O)=O)c(Br)c2)n2cncn2)cc1,1,IC50,9.06,2,CHEMBL3818343
Fc1ccc(-c2cc(-n3cccc3)c3ccccc3n2)cc1,1,IC50,6.1,1,CHEMBL3818279
C[C@]12Cc3cc[nH]c3C(=O)[C@@H]1CC[C@@H]1[C@@H]2CC[C@]2(C)[C@@H](O)CC[C@@H]12,1,IC50,6.29,1,CHEMBL3818442
C[C@]12C=CC(=O)C=C1CC[C@@H]1[C@@H]2CC[C@]2(C)C(=O)C(n3ccnc3)C[C@@H]12,1,IC50,6.78,1,CHEMBL3818725
C[C@]12CCC(=O)C=C1CC[C@@H]1[C@@H]2CC[C@]2(C)C(=O)C(n3ccnc3)C[C@@H]12,1,IC50,6.75,1,CHEMBL3819184
C=CC[C@@H]1CC2=CC(=O)C=C[C@]2(C)[C@H]2CC[C@]3(C)[C@@H](O)CC[C@H]3[C@H]12,1,IC50,6.35,1,CHEMBL3819549
C=CC[C@@H]1CC2=CCCC[C@]2(C)[C@H]2CC[C@]3(C)C(=O)CC[C@H]3[C@H]12,1,IC50,6.12,1,CHEMBL3818338
C=CC[C@@H]1CC2=CC(=O)CC[C@]2(C)[C@H]2CC[C@]3(C)C(=O)CC[C@H]3[C@H]12,1,IC50,6.23,1,CHEMBL3818728
COc1cc(C2CC(=O)Oc3cc4c(cc32)OCO4)cc(OC)c1OC(C)=O,0,IC50,4.92,1,CHEMBL3827037
CCC(=C(c1ccc(N)cc1)c1ccc(NCC(N)=O)cc1)c1ccc([N+](=O)[O-])cc1,1,IC50,6.54,1,CHEMBL3961452
CC(=C(c1ccc(N)cc1)c1ccc(NCC(N)=O)cc1)c1ccc([N+](=O)[O-])cc1,1,IC50,6.19,1,CHEMBL3961033
CCC(=C(c1ccc(N)cc1)c1ccc(N)cc1)c1ccc(N)cc1,1,IC50,7.87,1,CHEMBL3944017
CC(=C(c1ccc(N)cc1)c1ccc(N)cc1)c1ccc(N)cc1,1,IC50,6.75,1,CHEMBL3916057
CCC(=C(c1ccc(O)cc1)c1ccc(O)cc1)c1ccc(N)cc1,1,IC50,8.06,1,CHEMBL3948254
CC(=C(c1ccc(O)cc1)c1ccc(O)cc1)c1ccc(N)cc1,1,IC50,6.64,1,CHEMBL3977491
CCC(=C(c1ccc(N)cc1)c1ccc(N)cc1)c1ccc([N+](=O)[O-])cc1,1,IC50,7.21,1,CHEMBL3905734
CC(=C(c1ccc(N)cc1)c1ccc(N)cc1)c1ccc([N+](=O)[O-])cc1,1,IC50,6.66,1,CHEMBL3984531
CS(=O)(=O)N1CCN(c2ccc(OC[C@@H]3CO[C@@](Cn4ccnc4)(c4ccc(Cl)cc4Cl)O3)cc2)CC1,1,IC50,6.01,1,CHEMBL3983734
O=S(=O)(N1CCN(c2ccc(OC[C@@H]3CO[C@@](Cn4ccnc4)(c4ccc(Cl)cc4Cl)O3)cc2)CC1)C(F)(F)F,1,IC50,6.1,1,CHEMBL3938615
CS(=O)(=O)CS(=O)(=O)N1CCN(c2ccc(OC[C@@H]3CO[C@@](Cn4ccnc4)(c4ccc(Cl)cc4Cl)O3)cc2)CC1,1,IC50,6.0,1,CHEMBL3980889
Fc1ccc2nc(-c3cncc4ccccc34)c(C3CC3)n2c1,1,IC50,6.1,1,CHEMBL3948337
Cc1c(F)cncc1-c1nc2ccc(F)cn2c1C1CC1,1,IC50,6.38,1,CHEMBL3924257
CCc1c(F)cncc1-c1nc2ccc(F)cn2c1C1CC1,1,IC50,6.92,1,CHEMBL3919759
O=C(/C=C\Nc1ccc(S(=O)(=O)Nc2ccccn2)cc1)c1cc2ccccc2oc1=O,0,IC50,4.9,1,CHEMBL3941042
CCN(CC)c1ccc2cc(-c3cc4ccc(N(CC)CC)cc4oc3=O)c(=O)oc2c1,1,IC50,7.54,1,CHEMBL4070331
COc1ccc2cc(-c3cc4ccc(OC)cc4oc3=O)c(=O)oc2c1,0,IC50 (>),5.0,1,CHEMBL4091260
O=c1ccc2ccc(-c3cccnc3)cc2o1,1,IC50,7.52,1,CHEMBL4098990
O=c1ccc2ccc(-c3ccccn3)cc2o1,0,IC50 (>),5.0,1,CHEMBL4099909
COc1ccc(-c2ccc3ccc(=O)oc3c2)cc1,0,IC50 (>),5.0,1,CHEMBL1650711
O=c1ccc2ccc(-c3ccccc3)cc2o1,0,IC50 (>),5.0,1,CHEMBL1650709
COc1ccc2ccc(=O)oc2c1,0,IC50 (>),5.0,1,CHEMBL49732
CCN(CC)c1ccc2cc(-c3coc(-c4ccccc4)n3)c(=O)oc2c1,0,IC50 (>),5.0,1,CHEMBL4100188
CCOC(=O)c1oc(-c2cc3ccc(N(CC)CC)cc3oc2=O)nc1C,0,IC50 (>),5.0,1,CHEMBL4074186
CCN(CC)c1ccc2cc(-c3ncco3)c(=O)oc2c1,0,IC50 (>),5.0,1,CHEMBL4105495
CCN(CC)c1ccc2cc(-c3nc(-c4ccccc4)cs3)c(=O)oc2c1,0,IC50 (>),5.0,1,CHEMBL4063099
CCN(CC)c1ccc2cc(-c3nc(CC(=O)OC)cs3)c(=O)oc2c1,0,IC50 (>),5.0,1,CHEMBL4095313
CCN(CC)c1ccc2ccc(=O)oc2c1,0,IC50 (>),5.0,1,CHEMBL1430816
OC(Cn1cncn1)(Cn1cncn1)c1ccc(F)cc1F,0,IC50,4.66,1,CHEMBL106
N#Cc1ccc(COc2ccc(C#Cc3ccc(C(F)(F)C(O)(Cn4cnnn4)c4ccc(F)cc4F)nc3)cc2)cc1,0,IC50 (>),4.0,1,CHEMBL4077246
O=S(=O)(N1CCN(c2ccc(/C=C/c3cc(F)cc(-c4ccncc4)c3)cc2)CC1)C(F)(F)F,1,IC50,6.0,2,CHEMBL4128368
Cc1ccc(S(=O)(=O)NCCc2c(C(c3ccccc3)c3[nH]c4ccccc4c3CCNS(=O)(=O)c3ccc(C)cc3)[nH]c3ccccc23)cc1,0,IC50,4.92,1,CHEMBL4170393
O=[N+]([O-])c1ccc(S(=O)(=O)NCCc2c(C(c3ccccc3)c3[nH]c4ccccc4c3CCNS(=O)(=O)c3ccc([N+](=O)[O-])cc3)[nH]c3ccccc23)cc1,0,IC50,4.95,1,CHEMBL4172955
N#Cc1ccc(C(c2[nH]c3ccccc3c2CCNS(=O)(=O)c2ccc(C(F)(F)F)cc2)c2[nH]c3ccccc3c2CCNS(=O)(=O)c2ccc(C(F)(F)F)cc2)cc1,0,IC50,4.82,1,CHEMBL4175698
COc1ccc(S(=O)(=O)NCCc2c(C(c3ccc(O)cc3)c3[nH]c4ccccc4c3CCNS(=O)(=O)c3ccc(OC)cc3)[nH]c3ccccc23)cc1,1,IC50,6.16,1,CHEMBL4173941
COc1ccc(S(=O)(=O)NCCc2c(C(c3ccccc3O)c3[nH]c4ccccc4c3CCNS(=O)(=O)c3ccc(OC)cc3)[nH]c3ccccc23)cc1,1,IC50,6.1,1,CHEMBL4161859
O=C1Nc2ccccc2C1(c1[nH]c2ccccc2c1CCNS(=O)(=O)c1cccc([N+](=O)[O-])c1)c1[nH]c2ccccc2c1CCNS(=O)(=O)c1cccc([N+](=O)[O-])c1,0,IC50,4.92,1,CHEMBL4174670
Fc1ccc(-c2[nH]c3cc(F)ccc3c2Cn2ccnc2)cc1,1,IC50,7.29,1,CHEMBL4175438
Fc1ccc2c(Cn3ccnc3)c(-c3ccc(Cl)cc3)[nH]c2c1,1,IC50,7.08,1,CHEMBL4167569
Fc1ccc(-c2[nH]c3cc(Cl)ccc3c2Cn2ccnc2)cc1,1,IC50,7.49,1,CHEMBL4171996
Clc1ccc(-c2[nH]c3cc(Cl)ccc3c2Cn2ccnc2)cc1,1,IC50,6.58,1,CHEMBL4164126
COc1ccc(-c2[nH]c3cc(F)ccc3c2Cn2ccnc2)cc1,1,IC50,7.44,1,CHEMBL4163704
COc1ccc(-c2[nH]c3cc(Cl)ccc3c2Cn2ccnc2)cc1,1,IC50,6.56,1,CHEMBL4174373
COc1ccc2c(Cn3ccnc3)c(-c3ccc(F)cc3)[nH]c2c1,1,IC50,6.96,1,CHEMBL4160335
Fc1ccc(-c2[nH]c3cc4c(cc3c2Cn2ccnc2)OCO4)cc1,1,IC50,6.68,1,CHEMBL4161789
Fc1ccc(-c2[nH]c3cc(F)ccc3c2Cn2cncn2)cc1,1,IC50,7.26,1,CHEMBL4176600
Fc1ccc2c(Cn3cncn3)c(-c3ccc(Cl)cc3)[nH]c2c1,1,IC50,6.66,1,CHEMBL4165988
Fc1ccc(-c2[nH]c3cc(Cl)ccc3c2Cn2cncn2)cc1,1,IC50,7.01,1,CHEMBL4161492
Clc1ccc(-c2[nH]c3cc(Cl)ccc3c2Cn2cncn2)cc1,1,IC50,6.68,1,CHEMBL4169419
COc1ccc(-c2[nH]c3cc(F)ccc3c2Cn2cncn2)cc1,1,IC50,7.85,1,CHEMBL4169808
COc1ccc(-c2[nH]c3cc(Cl)ccc3c2Cn2cncn2)cc1,1,IC50,6.71,1,CHEMBL4159159
COc1ccc2c(Cn3cncn3)c(-c3ccc(F)cc3)[nH]c2c1,1,IC50,6.62,1,CHEMBL4173231
Fc1ccc(-c2[nH]c3cc4c(cc3c2Cn2cncn2)OCO4)cc1,1,IC50,7.23,1,CHEMBL4162931
Clc1ccc(-c2[nH]c3cc4c(cc3c2Cn2cncn2)OCO4)cc1,1,IC50,6.17,1,CHEMBL4170868
Clc1ccc2[nH]c(-c3ccccc3)cc2c1,0,IC50,4.64,1,CHEMBL1424243
Brc1ccc2[nH]c(-c3ccccc3)cc2c1,0,IC50,4.4,1,CHEMBL4204862
N#Cc1ccc2[nH]c(-c3cccnc3)cc2c1,0,IC50,4.94,1,CHEMBL4207850
CC1(C)CC(=O)c2c(noc2Cc2ccccc2)C1,0,IC50 (>),4.5,1,CHEMBL4207995
COc1ccc(Cc2onc3c2C(=O)CC(C)(C)C3)cc1,0,IC50 (>),4.5,1,CHEMBL4212612
CC1(C)CC(=O)c2c(noc2Cc2ccc(C(N)=O)cc2)C1,0,IC50 (>),4.7,1,CHEMBL4211193
CN1CCN(C(=O)c2ccc(Cc3onc4c3C(=O)CC(C)(C)C4)cc2)CC1=O,0,IC50 (>),4.5,1,CHEMBL4212918
CN(CCO)C(=O)c1ccc(Cc2onc3c2C(=O)CC(C)(C)C3)cc1,0,IC50 (>),4.5,1,CHEMBL4214618
CC1(C)CC(=O)c2c(noc2Cc2ccc(C(=O)N3CC[C@@H](O)C3)cc2)C1,0,IC50 (>),4.7,1,CHEMBL4207348
c1cncc(-c2csc(-c3cccnc3)n2)c1,1,IC50,8.4,1,CHEMBL118266
Oc1ccccc1-c1csc(-c2ncccn2)n1,1,IC50,9.38,1,CHEMBL4227385
COc1cccc(-c2csc(-c3ncccn3)n2)c1,1,IC50,6.75,1,CHEMBL4228753
c1cnc(-c2nc(-c3ccncc3)cs2)nc1,1,IC50,6.03,1,CHEMBL4227458
c1cnc(-c2nc(-c3nc4ccccc4s3)cs2)nc1,1,IC50,6.0,1,CHEMBL4228244
CC(=O)N1CCN(c2ccc(CO[C@H]3CO[C@](Cn4ccnc4)(c4ccc(Cl)cc4Cl)OC3)cc2)CC1,1,IC50,6.46,1,CHEMBL4289930
Cc1ccc(S(=O)(=O)Nc2ccc3cc[nH]c3c2)cc1,1,IC50,6.31,1,CHEMBL4516755
O=S(=O)(Cc1ccccc1)Nc1ccc2[nH]ccc2c1,1,IC50,6.8,1,CHEMBL4537791
O=S(=O)(Cc1ccccc1)NCCc1c[nH]c2ccccc12,1,IC50,6.12,1,CHEMBL4464506
O=S(=O)(NCCc1c[nH]c2ccccc12)c1ccccc1,1,IC50,6.7,1,CHEMBL1371590
C(=C(\Cn1cncn1)c1ccccc1)\c1ccccc1,1,Ki,7.5,1,CHEMBL4545917
C(=C(/Cn1cncn1)c1ccccc1)\c1ccccc1,1,Ki,7.1,1,CHEMBL4526477
c1ccc(CC(Cn2ccnn2)c2ccccc2)cc1,1,Ki,6.54,1,CHEMBL4582591
Brc1ccc(/C=C(\Cn2ccnn2)c2ccc(Br)cc2)cc1,1,Ki,7.62,1,CHEMBL4450923
Brc1ccc(/C(=C/c2ccccc2)Cn2ccnn2)cc1,1,Ki,7.13,1,CHEMBL4468933
Clc1ccc(/C=C(\Cn2ccnn2)c2ccc(Cl)cc2)cc1,1,Ki,8.1,1,CHEMBL4441579
Clc1ccc(/C(=C/c2ccccc2)Cn2ccnn2)cc1,1,Ki,7.24,1,CHEMBL4561656
C(=C(\Cn1ccnn1)c1ccccc1)\c1ccccc1,1,Ki,7.0,1,CHEMBL4437348
Brc1ccc(/C=C(/Cn2ccnn2)c2ccc(Br)cc2)cc1,1,Ki,6.35,1,CHEMBL4454152
Brc1ccc(/C(=C\c2ccccc2)Cn2ccnn2)cc1,1,Ki,6.9,1,CHEMBL4562457
Clc1ccc(/C=C(/Cn2ccnn2)c2ccc(Cl)cc2)cc1,1,Ki,7.01,1,CHEMBL4453517
Clc1ccc(/C(=C\c2ccccc2)Cn2ccnn2)cc1,1,Ki,7.09,1,CHEMBL4468397
C(=C(/Cn1ccnn1)c1ccccc1)\c1ccccc1,1,Ki,6.75,1,CHEMBL4454530
Cc1ccc(S(=O)(=O)NCc2cccc(CNS(=O)(=O)c3ccc(C)cc3)c2)cc1,1,IC50,6.89,1,CHEMBL4449929
O=S(=O)(NCc1cccc(CNS(=O)(=O)c2ccc3ccccc3c2)c1)c1ccc2ccccc2c1,1,IC50,6.68,1,CHEMBL4462178
COc1ccc(S(=O)(=O)NCc2cccc(CNS(=O)(=O)c3ccc(OC)cc3)c2)cc1,0,IC50,4.94,1,CHEMBL4531367
O=S(=O)(NCc1cccc(CNS(=O)(=O)c2ccc(C(F)(F)F)cc2)c1)c1ccc(C(F)(F)F)cc1,1,IC50,6.37,1,CHEMBL4556427
O=S(=O)(NCc1cccc(CNS(=O)(=O)c2ccc(Cl)cc2)c1)c1ccc(Cl)cc1,1,IC50,7.3,1,CHEMBL4460718
O=S(=O)(NCc1cccc(CNS(=O)(=O)c2ccc(Br)cc2)c1)c1ccc(Br)cc1,1,IC50,7.22,1,CHEMBL4590541
N#Cc1ccc(S(=O)(=O)NCc2cccc(CNS(=O)(=O)c3ccc(C#N)cc3)c2)cc1,1,IC50,6.8,1,CHEMBL4444996
CC(=O)c1ccc(S(=O)(=O)NCc2cccc(CNS(=O)(=O)c3ccc(C(C)=O)cc3)c2)cc1,1,IC50,6.55,1,CHEMBL4567479
Cc1cc(C)c(C)c(S(=O)(=O)NCc2ccc(CNS(=O)(=O)c3c(C)c(C)cc(C)c3C)cc2)c1C,0,IC50 (>),4.9,1,CHEMBL4585518
N#Cc1ccc(S(=O)(=O)NCc2ccc(CNS(=O)(=O)c3ccc(C#N)cc3)cc2)cc1,1,IC50,6.18,1,CHEMBL4527809
COc1ccc(S(=O)(=O)Nc2cccc(NS(=O)(=O)c3ccc(OC)cc3)c2)cc1,1,IC50,6.28,1,CHEMBL4543747
O=S(=O)(Nc1cccc(NS(=O)(=O)c2ccc(Cl)cc2)c1)c1ccc(Cl)cc1,1,IC50,6.11,1,CHEMBL4446561
O=[N+]([O-])c1ccc(S(=O)(=O)NCc2cccc(CNS(=O)(=O)c3ccc([N+](=O)[O-])cc3)c2)cc1,1,IC50,6.43,1,CHEMBL4570681
O=[N+]([O-])c1ccc(NC(=S)NCc2cccc(CNC(=S)Nc3ccc([N+](=O)[O-])cc3)c2)cc1,1,IC50,6.1,1,CHEMBL2299368
O=C1c2c(O)ccc(O)c2C(=O)c2c(NCCCO)ccc(NCCCO)c21,0,IC50,4.96,1,CHEMBL4568316
N[C@@H]1CCN(Cc2cc(O)c3cc(F)ccc3n2)C[C@H]1O,0,IC50,4.68,1,CHEMBL4474808
COC(=O)c1ccc(NCC2=CC(=O)c3ccccc3C2=O)cc1,0,IC50,4.02,1,CHEMBL1991089
O=C(CCc1ccc(O)c(Cl)c1)NCc1csc(=O)[nH]1,0,IC50,4.66,1,CHEMBL4453737
C=CC[C@H]1C[C@@H]2[C@H](CC[C@]3(C)C(=O)CC[C@@H]23)[C@@]2(C)CCC(=O)C=C12,1,IC50,6.98,1,CHEMBL4514728
C=CC[C@H]1C[C@@H]2[C@H](CC[C@]3(C)C(=O)CC[C@@H]23)[C@@]2(C)CCC(=O)C(O)=C12,1,IC50,6.28,1,CHEMBL4468497
C[C@@H]1CC2=CC(=O)CC[C@]2(C)[C@H]2CC[C@]3(C)C(=O)CC[C@H]3[C@H]12,1,IC50,6.57,1,CHEMBL487113
C[C@@H]1CC2=CCCC[C@]2(C)[C@H]2CC[C@]3(C)C(=O)CC[C@H]3[C@H]12,1,IC50,6.39,1,CHEMBL4451962
C[C@H]1C[C@@H]2[C@H](CC[C@]3(C)C(=O)CC[C@@H]23)[C@@]2(C)CC[C@H]3O[C@H]3[C@H]12,1,IC50,6.76,1,CHEMBL4460869
C[C@H]1C[C@@H]2[C@H](CC[C@]3(C)C(=O)CC[C@@H]23)[C@@]2(C)CCC=C[C@H]12,1,IC50,6.25,1,CHEMBL4564333
C=CC[C@H]1C[C@@H]2[C@H](CC[C@]3(C)C(=O)CC[C@@H]23)[C@@]2(C)C=CC(=O)C=C12,1,IC50,7.26,1,CHEMBL4575994
C=CC[C@@H]1CC2=C(O)C(=O)CC[C@]2(C)[C@H]2CC[C@]3(C)C(=O)CC[C@H]3[C@H]12,1,IC50,6.96,1,CHEMBL4454575
C=CC[C@H]1C[C@@H]2[C@H](CC[C@]3(C)C(=O)CC[C@@H]23)[C@@]2(C)CCCC=C12,1,IC50,6.68,1,CHEMBL4520056
COc1ccc2c(c1)O[C@@H](c1ccccc1)C[C@@H]2n1ccnc1,1,IC50,7.04,1,CHEMBL4583456
Oc1ccc2c(c1)O[C@@H](c1ccccc1)C[C@@H]2n1ccnc1,1,IC50,7.39,1,CHEMBL4540847
N#Cc1ccc(N(Cc2ccc(OS(N)(=O)=O)cc2F)n2cnnc2)cc1,1,IC50,9.7,2,CHEMBL4465348
COc1ccc2c(c1)C(N)=C(Cc1ccncc1)C2=O,1,IC50,7.0,1,CHEMBL1997442
O=[N+]([O-])c1ccc(N(Cc2ccc(Br)cc2)n2cnnc2)cc1,1,IC50,9.92,1,CHEMBL4520995
O=[N+]([O-])c1cccc(CN(c2ccc([N+](=O)[O-])c(-c3ccccc3)c2)n2cnnc2)c1,1,IC50,7.71,2,CHEMBL4563511
N#Cc1cccc(CN(c2ccc([N+](=O)[O-])c(-c3ccccc3)c2)n2cnnc2)c1,1,IC50,7.14,2,CHEMBL4546916
O=[N+]([O-])c1ccc(N(Cc2cccc(C(F)(F)F)c2)n2cnnc2)cc1-c1ccccc1,1,IC50,7.76,2,CHEMBL4556775
O=[N+]([O-])c1ccc(N(Cc2ccc(C(F)(F)F)cc2)n2cnnc2)cc1-c1ccccc1,1,IC50,7.84,2,CHEMBL4560281
O=[N+]([O-])c1ccc(N(Cc2ccccc2)n2cnnc2)cc1-c1ccccc1,1,IC50,7.52,2,CHEMBL4592407
O=[N+]([O-])c1ccc(N(Cc2ccc(Cl)cc2)n2cnnc2)cc1Br,1,IC50,8.04,2,CHEMBL4574913
O=[N+]([O-])c1ccc(N(Cc2cccc(C(F)(F)F)c2)n2cnnc2)cc1Br,1,IC50,7.76,2,CHEMBL4514474
O=[N+]([O-])c1ccc(N(Cc2ccc(C(F)(F)F)cc2)n2cnnc2)cc1Br,1,IC50,7.36,2,CHEMBL4526798
N#Cc1ccccc1CN(c1ccc([N+](=O)[O-])c(Br)c1)n1cnnc1,1,IC50,7.23,2,CHEMBL4564168
N#Cc1cccc(CN(c2ccc([N+](=O)[O-])c(Br)c2)n2cnnc2)c1,1,IC50,7.24,2,CHEMBL4568674
O=[N+]([O-])c1cccc(CN(c2ccc([N+](=O)[O-])c(Br)c2)n2cnnc2)c1,1,IC50,7.92,2,CHEMBL4575939
O=[N+]([O-])c1ccc(N(Cc2ccccc2)n2cnnc2)cc1Br,1,IC50,7.4,2,CHEMBL4536893
O=[N+]([O-])c1ccc(Nn2cnnc2)cc1Br,1,IC50,7.04,2,CHEMBL4547558
CCC#CCOc1ccc2c(=O)c3ccc(Cn4ccnc4)cc3oc2c1,1,IC50,11.0,2,CHEMBL4632445
N#CCC(=C(c1ccc(O)cc1)c1ccc(O)cc1)c1ccccc1,0,IC50,4.89,1,CHEMBL4763409
Oc1ccc(C(=C(Cn2ccnc2)c2ccccc2)c2ccc(O)cc2)cc1,1,IC50,8.32,1,CHEMBL4777271
Oc1ccc(C(=C(Cn2cncn2)c2ccccc2)c2ccc(O)cc2)cc1,1,IC50,6.86,1,CHEMBL4797578
N#CCC(=C(c1ccc(O)cc1)c1ccc(O)cc1)c1ccc(O)cc1,0,IC50,4.82,1,CHEMBL4747849
Oc1ccc(C(Cn2ccnc2)=C(c2ccc(O)cc2)c2ccc(O)cc2)cc1,1,IC50,7.22,1,CHEMBL4780337
Oc1ccc(C(Cn2cnnc2)=C(c2ccc(O)cc2)c2ccc(O)cc2)cc1,0,IC50,4.9,1,CHEMBL4749692
N#CCC(=C(c1ccc(O)cc1)c1ccc(O)cc1)c1ccc(O)c(F)c1,0,IC50,4.76,1,CHEMBL4743255
Oc1ccc(C(=C(Cn2ccnc2)c2ccc(O)c(F)c2)c2ccc(O)cc2)cc1,1,IC50,7.03,1,CHEMBL4753594
Oc1ccc(C(=C(Cn2cnnc2)c2ccc(O)c(F)c2)c2ccc(O)cc2)cc1,0,IC50,4.85,1,CHEMBL4752568
N#CCC(=C(c1ccc(O)cc1)c1ccc(O)cc1)c1ccc(N)cc1,1,IC50,7.44,1,CHEMBL4760286
Nc1ccc(C(Cn2ccnc2)=C(c2ccc(O)cc2)c2ccc(O)cc2)cc1,1,IC50,8.28,1,CHEMBL4755831
Nc1ccc(C(Cn2cncn2)=C(c2ccc(O)cc2)c2ccc(O)cc2)cc1,1,IC50,6.98,1,CHEMBL4750835
Nc1ccc(C(Cn2cnnc2)=C(c2ccc(O)cc2)c2ccc(O)cc2)cc1,1,IC50,7.75,1,CHEMBL4745681
Oc1ccc(C(=C(Cn2ccnc2)c2cccc(O)c2)c2ccc(O)cc2)cc1,1,IC50,7.22,1,CHEMBL4778401
Nc1cccc(C(Cn2ccnc2)=C(c2ccc(O)cc2)c2ccc(O)cc2)c1,1,IC50,6.36,1,CHEMBL4761359
O=C(NCc1ccccc1)OC(Cn1ccnc1)c1ccccc1,1,IC50,6.09,1,CHEMBL4858552
O=C(Nc1ccc(Cl)cc1)OC(COc1ccccc1)Cn1ccnc1,1,IC50,6.07,1,CHEMBL4874326
Nc1ccc(/C=C/c2ccccc2)cc1,0,IC50,4.66,2,CHEMBL69011
C[C@H]1C[C@]2(O)O[C@@]1(C)C=C1CC[C@H]3C(C)(C)CCC[C@]3(C)[C@H]12,0,IC50,4.93,1,CHEMBL4866633
C[C@@H]1O[C@]2(C(C)(C)O)C=C3CC[C@H]4C(C)(C)CCC[C@]4(C)[C@@]31OO2,0,IC50,4.97,1,CHEMBL4859743
C=C[C@]1(C)C=C2CC[C@H]3C(C)(C)CCC[C@]3(C)[C@H]2CC1,0,IC50,4.98,1,CHEMBL4863718
CC(=C(c1ccc(O)cc1)c1ccc(O)cc1)c1cccnc1,0,IC50 (>),5.0,1,CHEMBL5077976
CCC(=C(c1ccc(O)cc1)c1ccc(O)cc1)c1c[nH]cn1,1,IC50,6.02,1,CHEMBL5075144
CC(=C(c1ccc(O)cc1)c1ccc(O)cc1)c1c[nH]cn1,1,IC50,6.22,1,CHEMBL5082681
CCC(Cc1cccnc1)=C(c1ccc(O)cc1)c1ccc(O)cc1,1,IC50,7.64,1,CHEMBL5080066
CC(Cc1cccnc1)=C(c1ccc(O)cc1)c1ccc(O)cc1,1,IC50,6.07,1,CHEMBL5069811
CCC(Cn1ccnc1)=C(c1ccc(O)cc1)c1ccc(O)cc1,1,IC50,7.46,1,CHEMBL5072101
CC(Cn1ccnc1)=C(c1ccc(O)cc1)c1ccc(O)cc1,1,IC50,6.0,1,CHEMBL5087363
CCC(CCc1cccnc1)=C(c1ccc(O)cc1)c1ccc(O)cc1,1,IC50,6.05,1,CHEMBL5092560
CCC(CCc1c[nH]cn1)=C(c1ccc(O)cc1)c1ccc(O)cc1,1,IC50,7.28,1,CHEMBL5074047
CC(CCc1c[nH]cn1)=C(c1ccc(O)cc1)c1ccc(O)cc1,1,IC50,7.2,1,CHEMBL5081446
CC/C(=C(\c1ccc(O)cc1)c1ccc(OCCNC)cc1)c1ccccc1,0,IC50 (>),5.0,1,CHEMBL1093458
Cc1c(-c2nocc2C(=O)SC#N)c(=O)n(-c2ccccc2)n1C,1,IC50,8.64,1,CHEMBL5195433
O=c1[nH]cc(F)c(=O)[nH]1,1,IC50,6.2,1,CHEMBL185
Oc1ccc2cc(C(c3ccc(Cl)cc3)n3cncn3)oc2c1,1,IC50,9.1,1,CHEMBL446706
CCC#CCOc1ccc2cc(C(c3ccc(Cl)cc3)n3cncn3)oc2c1,1,IC50,8.56,1,CHEMBL5205534
Oc1ccc2oc(C(c3ccc(Cl)cc3)n3cncn3)cc2c1,1,IC50,8.25,1,CHEMBL5178202
COc1ccc2oc(C(c3ccc(Cl)cc3)n3cncn3)cc2c1,1,IC50,8.7,1,CHEMBL5186519
CCC#CCOc1ccc2oc(C(c3ccc(Cl)cc3)n3cncn3)cc2c1,1,IC50,7.68,1,CHEMBL5204674
Oc1ccc(C(c2cc3cc(Cl)ccc3o2)n2cncn2)cc1,1,IC50,7.52,1,CHEMBL5175025
CCOc1ccc2cc(C(c3ccc(Cl)cc3)n3cncn3)oc2c1,1,IC50,9.34,1,CHEMBL5184004
C#CCOc1ccc2cc(C(c3ccc(Cl)cc3)n3cncn3)oc2c1,1,IC50,8.99,1,CHEMBL5197552
CC#CCOc1ccc2cc(C(c3ccc(Cl)cc3)n3cncn3)oc2c1,1,IC50,9.28,1,CHEMBL5174567
Oc1ccc2cc(C(c3ccc(F)cc3)n3cncn3)oc2c1,1,IC50,9.41,1,CHEMBL5175340
CC#CCOc1ccc2cc(C(c3ccc(F)cc3)n3cncn3)oc2c1,1,IC50,8.39,1,CHEMBL5173597
CCC#CCOc1ccc2cc(C(c3ccc(F)cc3)n3cncn3)oc2c1,1,IC50,9.29,1,CHEMBL5177269
CC#CCOc1ccc2cc(C(c3ccc(C#N)cc3)n3cncn3)oc2c1,1,IC50,10.05,1,CHEMBL5203413
CCC#CCOc1ccc2cc(C(c3ccc(C#N)cc3)n3cncn3)oc2c1,1,IC50,9.14,1,CHEMBL5179009
CCC#CCOc1cc(Cn2ccnc2)c2oc3ccccc3c(=O)c2c1,1,IC50,9.11,1,CHEMBL4634777
CCC#CCOc1cc(Cn2ccnc2)c2c(=O)c3ccccc3oc2c1,1,IC50,11.0,1,CHEMBL4639677
O=C(Nc1ccc2[nH]ncc2c1)[C@]12ON=C(c3cccnc3)[C@H]1[C@@H]1CC[C@H]2C1,0,IC50 (>),5.0,1,CHEMBL5184829
CCOC(=O)Cc1csc(N/N=C/c2ccc3cc(OC)ccc3c2)n1,1,IC50,7.51,1,CHEMBL5176279
COc1ccc2cc(/C=N/NC3=NC(=O)CS3)ccc2c1,1,IC50,7.38,1,CHEMBL5177928
COc1ccc2cc(C(O)(c3ccc(Br)cc3)c3cccnc3)oc2c1,1,IC50,9.4,1,CHEMBL5271052
COc1ccc2cc(C(O)(c3cccnc3)c3ccc(Cl)cc3Cl)oc2c1,1,IC50,8.72,1,CHEMBL5278036
CC#CCOc1ccc2cc(C(O)(c3ccc(F)cc3)c3cccnc3)oc2c1,1,IC50,8.0,1,CHEMBL5270023
CC#CCOc1ccc2cc(C(O)(c3ccc(Cl)cc3)c3cccnc3)oc2c1,1,IC50,8.98,1,CHEMBL5272700
CC#CCOc1ccc2cc(C(O)(c3ccc(Br)cc3)c3cccnc3)oc2c1,1,IC50,9.08,1,CHEMBL5283822
CCC#CCOc1ccc2cc(C(O)(c3ccc(F)cc3)c3cccnc3)oc2c1,1,IC50,8.0,1,CHEMBL5274335
CCC#CCOc1ccc2cc(C(O)(c3ccc(Cl)cc3)c3cccnc3)oc2c1,1,IC50,9.04,1,CHEMBL5280326
CCC#CCOc1ccc2cc(C(O)(c3ccc(Br)cc3)c3cccnc3)oc2c1,1,IC50,8.31,1,CHEMBL5277776
Cc1c(-c2nocc2SC#N)c(=O)n(-c2ccccc2)n1C,1,IC50,8.64,1,CHEMBL5281972
Cc1c(-c2csc(Cl)n2)c(=O)n(-c2ccccc2)n1C,1,IC50,8.48,1,CHEMBL5271636
COc1ccc(/C=C/c2cc(OC)cc(OC)c2)cc1,0,IC50,4.87,1,CHEMBL296411
COc1ccccc1/C=C/c1ccc(OC)c(OC)c1,0,IC50,4.07,1,CHEMBL3132924
C[C@@H]1C[C@@]2(C=O)C(=CC1=O)CC[C@@H]1[C@@H]2CC[C@]2(C)C(=O)CC[C@@H]12,0,IC50,4.92,1,CHEMBL5268471
C[C@@H]1C[C@@]2(CO)C(=CC1=O)CC[C@@H]1[C@@H]2CC[C@]2(C)C(=O)CC[C@@H]12,0,IC50,4.96,1,CHEMBL5286895
CC1(C)C[C@@]2(C=O)C(=CC1=O)CC[C@@H]1[C@@H]2CC[C@]2(C)C(=O)CC[C@@H]12,1,IC50,6.22,1,CHEMBL5270517
C[C@]12CCC(=O)C=C1C=C(Cc1ccc(N)cc1)[C@@H]1[C@@H]2CC[C@]2(C)C(=O)CC[C@@H]12,1,IC50,7.06,2,CHEMBL5290960
C[C@]12CCC(=O)C=C1C=C(Cc1ccc([N+](=O)[O-])cc1)[C@@H]1[C@@H]2CC[C@]2(C)C(=O)CC[C@@H]12,1,IC50,7.03,2,CHEMBL5269293
C[C@]12CCC(=O)C(O)=C1CC[C@@H]1C2=CC[C@]2(C)C(=O)CC[C@@H]12,1,IC50,6.46,1,CHEMBL5266491
C[C@]12CCC(=O)C(SCCl)=C1CC[C@@H]1C2=CC[C@]2(C)C(=O)CC[C@@H]12,1,IC50,6.07,1,CHEMBL5268776
CCC(=O)O[C@H]1C[C@@H]2[C@H](CC[C@]3(C)C(=O)CC[C@@H]23)[C@@]2(C)CCC(=O)C=C12,1,IC50,6.68,1,CHEMBL5278342
CCCC(=O)O[C@H]1C[C@@H]2[C@H](CC[C@]3(C)C(=O)CC[C@@H]23)[C@@]2(C)CCC(=O)C=C12,1,IC50,6.7,1,CHEMBL5273888
CCCCC(=O)O[C@H]1C[C@@H]2[C@H](CC[C@]3(C)C(=O)CC[C@@H]23)[C@@]2(C)CCC(=O)C=C12,1,IC50,6.85,1,CHEMBL5270074
CCCCCCC(=O)O[C@H]1C[C@@H]2[C@H](CC[C@]3(C)C(=O)CC[C@@H]23)[C@@]2(C)CCC(=O)C=C12,1,IC50,7.02,1,CHEMBL5290133
CCCCCCCC(=O)O[C@H]1C[C@@H]2[C@H](CC[C@]3(C)C(=O)CC[C@@H]23)[C@@]2(C)CCC(=O)C=C12,1,IC50,6.82,1,CHEMBL5272287
C[C@]12CCC(=O)C=C1[C@@H](Oc1ccccc1)C[C@@H]1[C@@H]2CC[C@]2(C)C(=O)CC[C@@H]12,1,IC50,7.0,1,CHEMBL5268139
CC(=O)O[C@@H]1C[C@@H]2[C@H](CC[C@]3(C)C(=O)CC[C@@H]23)[C@@]2(C)CCC(=O)C=C12,0,IC50,4.7,1,CHEMBL5282019
CCCCCC(=O)O[C@@H]1C[C@@H]2[C@H](CC[C@]3(C)C(=O)CC[C@@H]23)[C@@]2(C)CCC(=O)C=C12,1,IC50,6.28,1,CHEMBL5275417
C[C@]12CCC(=O)C=C1[C@H](Oc1ccccc1)C[C@@H]1[C@@H]2CC[C@]2(C)C(=O)CC[C@@H]12,0,IC50,4.64,1,CHEMBL5281249
CO[C@@H]1C[C@@H]2[C@H](CC[C@]3(C)C(=O)CC[C@@H]23)[C@@]2(C)CCC(=O)C=C12,1,IC50,6.77,1,CHEMBL5269898
CCO[C@@H]1C[C@@H]2[C@H](CC[C@]3(C)C(=O)CC[C@@H]23)[C@@]2(C)CCC(=O)C=C12,1,IC50,6.3,1,CHEMBL5270764
CCCO[C@@H]1C[C@@H]2[C@H](CC[C@]3(C)C(=O)CC[C@@H]23)[C@@]2(C)CCC(=O)C=C12,1,IC50,6.26,1,CHEMBL5279458
CCCCO[C@@H]1C[C@@H]2[C@H](CC[C@]3(C)C(=O)CC[C@@H]23)[C@@]2(C)CCC(=O)C=C12,1,IC50,6.38,1,CHEMBL5291406
C[C@]12CCC(=O)C=C1[C@H](OCc1ccccc1)C[C@@H]1[C@@H]2CC[C@]2(C)C(=O)CC[C@@H]12,1,IC50,7.07,1,CHEMBL5280059
CO[C@H]1C[C@@H]2[C@H](CC[C@]3(C)C(=O)CC[C@@H]23)[C@@]2(C)CCC(=O)C=C12,1,IC50,6.27,1,CHEMBL5275053
CCCCO[C@H]1C[C@@H]2[C@H](CC[C@]3(C)C(=O)CC[C@@H]23)[C@@]2(C)CCC(=O)C=C12,1,IC50,6.11,1,CHEMBL5290320
CCCCCC(=O)O[C@H]1C[C@@H]2[C@H](CC[C@]3(C)C(=O)CC[C@@H]23)[C@@]2(C)C=CC(=O)C=C12,1,IC50,6.68,1,CHEMBL5286772
C[C@]12C=CC(=O)C=C1[C@@H](Oc1ccccc1)C[C@@H]1[C@@H]2CC[C@]2(C)C(=O)CC[C@@H]12,1,IC50,6.28,1,CHEMBL5289279
C[C@]12C=CC(=O)C=C1[C@H](Oc1ccccc1)C[C@@H]1[C@@H]2CC[C@]2(C)C(=O)CC[C@@H]12,0,IC50,4.8,1,CHEMBL5270927
CO[C@@H]1C[C@@H]2[C@H](CC[C@]3(C)C(=O)CC[C@@H]23)[C@@]2(C)C=CC(=O)C=C12,1,IC50,6.21,1,CHEMBL2179107
CCCCO[C@@H]1C[C@@H]2[C@H](CC[C@]3(C)C(=O)CC[C@@H]23)[C@@]2(C)C=CC(=O)C=C12,1,IC50,6.34,1,CHEMBL5283868
C[C@]12C=CC(=O)C=C1[C@H](OCc1ccccc1)C[C@@H]1[C@@H]2CC[C@]2(C)C(=O)CC[C@@H]12,1,IC50,6.82,1,CHEMBL5267234
CO[C@H]1C[C@@H]2[C@H](CC[C@]3(C)C(=O)CC[C@@H]23)[C@@]2(C)C=CC(=O)C=C12,1,IC50,6.36,1,CHEMBL5289646
CCCCO[C@H]1C[C@@H]2[C@H](CC[C@]3(C)C(=O)CC[C@@H]23)[C@@]2(C)C=CC(=O)C=C12,1,IC50,6.18,1,CHEMBL5276194
COC1=C[C@@H]2[C@H](CC[C@]3(C)C(=O)CC[C@@H]23)[C@@]2(C)CCC(=O)C=C12,1,IC50,6.16,1,CHEMBL5279329
CCOC1=C[C@@H]2[C@H](CC[C@]3(C)C(=O)CC[C@@H]23)[C@@]2(C)CCC(=O)C=C12,1,IC50,6.12,1,CHEMBL5268850
COC1=C[C@@H]2[C@H](CC[C@]3(C)C(=O)CC[C@@H]23)[C@@]2(C)C=CC(=O)C=C12,1,IC50,6.1,1,CHEMBL5270578
CCOC1=C[C@@H]2[C@H](CC[C@]3(C)C(=O)CC[C@@H]23)[C@@]2(C)C=CC(=O)C=C12,1,IC50,6.02,1,CHEMBL5278107
C[C@]12C=CC(=O)C=C1C[C@H](c1ccc(N)cc1)[C@@H]1[C@@H]2CC[C@]2(C)C(=O)CC[C@@H]12,1,IC50,8.0,1,CHEMBL5286289
C[C@]12CCC(=O)C=C1C(=O)C[C@@H]1[C@@H]2CC[C@]2(C)C(=O)CC[C@@H]12,1,IC50,6.55,2,CHEMBL5290788
C[C@]12CC[C@@H]3C4CCC(=O)C=C4C(=O)C[C@H]3[C@@H]1CCC2=O,0,IC50,4.92,1,CHEMBL5269555
C[C@]12CCC(=O)C[C@@H]1CC[C@@H]1[C@@H]2CC[C@]2(C)C(=O)CC[C@@H]12,1,IC50,6.05,1,CHEMBL1230438
C[C@]12C=CC(=O)C=C1CC[C@@H]1[C@@H]2CC[C@]2(C)C(=O)C(Br)C[C@@H]12,0,IC50,4.88,1,CHEMBL5279864
C[C@]12CC[C@@H]3c4ccc(O)c(NC(=O)c5cccnc5)c4CC[C@H]3[C@@H]1CCC2=O,0,IC50,4.02,1,CHEMBL5267929
C[C@]12CC[C@@H]3c4cc(NC(=O)c5cccnc5)c(O)cc4CC[C@H]3[C@@H]1CCC2=O,0,IC50,4.12,1,CHEMBL5281632
CCCCCC[C@@H]1C[C@@]2(C)C(=CC1=O)CC[C@@H]1[C@@H]2CC[C@]2(C)C(=O)CC[C@@H]12,0,IC50,4.98,1,CHEMBL5274501
CCC1=C[C@@]2(C)C(=CC1=O)CC[C@@H]1[C@@H]2CC[C@]2(C)C(=O)CC[C@@H]12,1,IC50,6.02,1,CHEMBL5288187
CCCCCC1=C[C@@]2(C)C(=CC1=O)CC[C@@H]1[C@@H]2CC[C@]2(C)C(=O)CC[C@@H]12,1,IC50,6.13,1,CHEMBL5289535
CCCCCCC1=C[C@@]2(C)C(=CC1=O)CC[C@@H]1[C@@H]2CC[C@]2(C)C(=O)CC[C@@H]12,1,IC50,6.53,1,CHEMBL5269979
CCCCCCCC1=C[C@@]2(C)C(=CC1=O)CC[C@@H]1[C@@H]2CC[C@]2(C)C(=O)CC[C@@H]12,1,IC50,6.22,1,CHEMBL5280054
CCOC1=C[C@@]2(C)C(=CC1=O)CC[C@@H]1[C@@H]2CC[C@]2(C)C(=O)CC[C@@H]12,0,IC50,4.75,1,CHEMBL5281599
CCCCOC1=C[C@@]2(C)C(=CC1=O)CC[C@@H]1[C@@H]2CC[C@]2(C)C(=O)CC[C@@H]12,0,IC50,4.53,1,CHEMBL5266867
C[C@]12C[C@@H](CCCc3ccccc3)C(=O)C=C1CC[C@@H]1[C@@H]2CC[C@]2(C)C(=O)CC[C@@H]12,0,IC50,4.3,1,CHEMBL5269208
Cc1ccc(CC[C@@H]2C[C@@]3(C)C(=CC2=O)CC[C@@H]2[C@@H]3CC[C@]3(C)C(=O)CC[C@@H]23)cc1,0,IC50,4.41,1,CHEMBL5269029
C[C@]12C[C@@H](CCc3ccc(C(F)(F)F)cc3)C(=O)C=C1CC[C@@H]1[C@@H]2CC[C@]2(C)C(=O)CC[C@@H]12,0,IC50,4.33,1,CHEMBL5285813
C[C@]12C=C(Cc3ccccc3)C(=O)C=C1CC[C@@H]1[C@@H]2CC[C@]2(C)C(=O)CC[C@@H]12,0,IC50,4.06,1,CHEMBL5277286
C[C@]12C=C(CCCCc3ccccc3)C(=O)C=C1CC[C@@H]1[C@@H]2CC[C@]2(C)C(=O)CC[C@@H]12,0,IC50,4.47,1,CHEMBL5273309
C[C@]12C=C(CCc3ccc(C(F)(F)F)cc3)C(=O)C=C1CC[C@@H]1[C@@H]2CC[C@]2(C)C(=O)CC[C@@H]12,0,IC50,4.47,1,CHEMBL5285274
C[C@]12CCC(=O)C=C1C=C(CCc1ccc(N)cc1)[C@@H]1[C@@H]2CC[C@]2(C)C(=O)CC[C@@H]12,1,IC50,7.06,1,CHEMBL5276820
C[C@]12CCC(=O)C=C1C=C(CCc1ccc([N+](=O)[O-])cc1)[C@@H]1[C@@H]2CC[C@]2(C)C(=O)CC[C@@H]12,1,IC50,7.02,1,CHEMBL5265837
C[C@H]1C[C@@H]2[C@H](CC[C@]3(C)C(=O)CC[C@@H]23)[C@@]2(C)C=CC(=O)C=C12,1,IC50,6.21,1,CHEMBL5273618
CC[C@H]1C[C@@H]2[C@H](CC[C@]3(C)C(=O)CC[C@@H]23)[C@@]2(C)C=CC(=O)C=C12,1,IC50,6.6,1,CHEMBL5282309
CCC[C@H]1C[C@@H]2[C@H](CC[C@]3(C)C(=O)CC[C@@H]23)[C@@]2(C)C=CC(=O)C=C12,1,IC50,6.57,1,CHEMBL5266933
CCCC[C@H]1C[C@@H]2[C@H](CC[C@]3(C)C(=O)CC[C@@H]23)[C@@]2(C)C=CC(=O)C=C12,1,IC50,6.7,1,CHEMBL5266927
CCCCC[C@H]1C[C@@H]2[C@H](CC[C@]3(C)C(=O)CC[C@@H]23)[C@@]2(C)C=CC(=O)C=C12,1,IC50,6.85,1,CHEMBL5269206
CCCCCC[C@H]1C[C@@H]2[C@H](CC[C@]3(C)C(=O)CC[C@@H]23)[C@@]2(C)C=CC(=O)C=C12,1,IC50,6.55,1,CHEMBL5273362
CCCCCCC[C@H]1C[C@@H]2[C@H](CC[C@]3(C)C(=O)CC[C@@H]23)[C@@]2(C)C=CC(=O)C=C12,1,IC50,6.6,1,CHEMBL5284912
C[C@@H]1C[C@@H]2[C@H](CC[C@]3(C)C(=O)CC[C@@H]23)[C@@]2(C)C=CC(=O)C=C12,1,IC50,6.28,1,CHEMBL5283920
CCC[C@@H]1C[C@@H]2[C@H](CC[C@]3(C)C(=O)CC[C@@H]23)[C@@]2(C)C=CC(=O)C=C12,1,IC50,7.22,1,CHEMBL5288828
CCCC[C@@H]1C[C@@H]2[C@H](CC[C@]3(C)C(=O)CC[C@@H]23)[C@@]2(C)C=CC(=O)C=C12,1,IC50,6.75,1,CHEMBL5279883
CCCCCC[C@@H]1C[C@@H]2[C@H](CC[C@]3(C)C(=O)CC[C@@H]23)[C@@]2(C)C=CC(=O)C=C12,1,IC50,7.12,1,CHEMBL5285647
CCCCCCC[C@@H]1C[C@@H]2[C@H](CC[C@]3(C)C(=O)CC[C@@H]23)[C@@]2(C)C=CC(=O)C=C12,1,IC50,7.22,1,CHEMBL5289206
CCC[C@@H]1C[C@@H]2[C@H](CC[C@]3(C)C(=O)CC[C@@H]23)[C@@]2(C)CCC(=O)C=C12,1,IC50,6.62,1,CHEMBL5288881
CC[C@H]1C[C@@H]2[C@H](CC[C@]3(C)C(=O)CC[C@@H]23)[C@@]2(C)CCC(=O)C=C12,1,IC50,6.58,1,CHEMBL5277446
CCC[C@H]1C[C@@H]2[C@H](CC[C@]3(C)C(=O)CC[C@@H]23)[C@@]2(C)CCC(=O)C=C12,1,IC50,6.41,1,CHEMBL5284759
C[C@]12C=CC(=O)C=C1C[C@@H](CCc1cccc([N+](=O)[O-])c1)[C@@H]1[C@@H]2CC[C@]2(C)C(=O)CC[C@@H]12,1,IC50,6.88,1,CHEMBL5282027
C[C@]12C=CC(=O)C=C1C[C@@H](CCCc1ccc(N)cc1)[C@@H]1[C@@H]2CC[C@]2(C)C(=O)CC[C@@H]12,1,IC50,6.8,1,CHEMBL5284734
C[C@]12CCC(=O)C=C1C(c1ccccc1)=C[C@@H]1[C@@H]2CC[C@]2(C)C(=O)CC[C@@H]12,1,IC50,6.7,1,CHEMBL5267688
C[C@]12CCC(=O)C=C1C(CCCc1ccccc1)=C[C@@H]1[C@@H]2CC[C@]2(C)C(=O)CC[C@@H]12,1,IC50,6.6,1,CHEMBL5290564
C[C@]12CCC(=O)C=C1C(CCCCc1ccccc1)=C[C@@H]1[C@@H]2CC[C@]2(C)C(=O)CC[C@@H]12,1,IC50,6.55,1,CHEMBL5288515
C[C@]12CCC(=O)C=C1C(CCCCCc1ccccc1)=C[C@@H]1[C@@H]2CC[C@]2(C)C(=O)CC[C@@H]12,1,IC50,6.52,1,CHEMBL5268215
C[C@]12C=CC(=O)C=C1C(c1ccccc1)=C[C@@H]1[C@@H]2CC[C@]2(C)C(=O)CC[C@@H]12,1,IC50,6.27,1,CHEMBL5285898
C[C@]12C=CC(=O)C=C1C(Cc1ccccc1)=C[C@@H]1[C@@H]2CC[C@]2(C)C(=O)CC[C@@H]12,1,IC50,7.03,1,CHEMBL5269707
C[C@]12C=CC(=O)C=C1C(CCCc1ccccc1)=C[C@@H]1[C@@H]2CC[C@]2(C)C(=O)CC[C@@H]12,1,IC50,6.46,1,CHEMBL5277945
C[C@]12C=CC(=O)C=C1C(CCCCc1ccccc1)=C[C@@H]1[C@@H]2CC[C@]2(C)C(=O)CC[C@@H]12,1,IC50,6.82,1,CHEMBL5271771
C[C@]12C=CC(=O)C=C1C(CCCCCc1ccccc1)=C[C@@H]1[C@@H]2CC[C@]2(C)C(=O)CC[C@@H]12,1,IC50,7.0,1,CHEMBL5291085
C[C@]12C=CC(=O)C=C1[C@@H](c1ccccc1)C[C@@H]1[C@@H]2CC[C@]2(C)C(=O)CC[C@@H]12,1,IC50,6.17,1,CHEMBL5290646
C[C@]12C=CC(=O)C=C1[C@@H](Cc1ccccc1)C[C@@H]1[C@@H]2CC[C@]2(C)C(=O)CC[C@@H]12,1,IC50,6.57,1,CHEMBL5282619
C[C@]12C=CC(=O)C=C1[C@@H](CCc1ccccc1)C[C@@H]1[C@@H]2CC[C@]2(C)C(=O)CC[C@@H]12,1,IC50,6.5,1,CHEMBL5290344
C[C@]12C=CC(=O)C=C1[C@@H](CCCc1ccccc1)C[C@@H]1[C@@H]2CC[C@]2(C)C(=O)CC[C@@H]12,1,IC50,6.29,1,CHEMBL5277644
C[C@]12C=CC(=O)C=C1[C@@H](CCCCc1ccccc1)C[C@@H]1[C@@H]2CC[C@]2(C)C(=O)CC[C@@H]12,1,IC50,6.64,1,CHEMBL5287563
C[C@]12C=CC(=O)C=C1[C@@H](CCCCCc1ccccc1)C[C@@H]1[C@@H]2CC[C@]2(C)C(=O)CC[C@@H]12,1,IC50,6.48,1,CHEMBL5275780
C[C@]12C=CC(=O)C=C1[C@H](c1ccccc1)C[C@@H]1[C@@H]2CC[C@]2(C)C(=O)CC[C@@H]12,1,IC50,6.28,1,CHEMBL5282687
C[C@]12C=CC(=O)C=C1[C@H](Cc1ccccc1)C[C@@H]1[C@@H]2CC[C@]2(C)C(=O)CC[C@@H]12,1,IC50,6.23,1,CHEMBL5291192
C[C@]12C=CC(=O)C=C1[C@H](CCc1ccccc1)C[C@@H]1[C@@H]2CC[C@]2(C)C(=O)CC[C@@H]12,1,IC50,6.24,1,CHEMBL5284938
C[C@]12C=CC(=O)C=C1[C@H](CCCc1ccccc1)C[C@@H]1[C@@H]2CC[C@]2(C)C(=O)CC[C@@H]12,1,IC50,6.16,1,CHEMBL5290751
C[C@]12C=CC(=O)C=C1[C@H](CCCCc1ccccc1)C[C@@H]1[C@@H]2CC[C@]2(C)C(=O)CC[C@@H]12,1,IC50,6.33,1,CHEMBL5289592
C[C@]12C=CC(=O)C=C1[C@H](CCCCCc1ccccc1)C[C@@H]1[C@@H]2CC[C@]2(C)C(=O)CC[C@@H]12,1,IC50,7.0,1,CHEMBL5281469
CC1C[C@H]2[C@@H]3CC[C@H](O)[C@@]3(C)CC[C@@H]2[C@@]2(C)CCC(=O)C=C12,1,IC50,7.75,1,CHEMBL5285403
CCC1C[C@H]2[C@@H]3CC[C@H](O)[C@@]3(C)CC[C@@H]2[C@@]2(C)CCC(=O)C=C12,1,IC50,7.28,1,CHEMBL5266818
CCCCC1C[C@H]2[C@@H]3CC[C@H](O)[C@@]3(C)CC[C@@H]2[C@@]2(C)CCC(=O)C=C12,1,IC50,7.32,1,CHEMBL5266953
CC1C[C@H]2[C@@H]3CC[C@H](O)[C@@]3(C)CC[C@@H]2[C@@]2(C)C=CC(=O)C=C12,1,IC50,7.17,1,CHEMBL5286866
CCC1C[C@H]2[C@@H]3CC[C@H](O)[C@@]3(C)CC[C@@H]2[C@@]2(C)C=CC(=O)C=C12,1,IC50,7.21,1,CHEMBL5280921
CCCCC1C[C@H]2[C@@H]3CC[C@H](O)[C@@]3(C)CC[C@@H]2[C@@]2(C)C=CC(=O)C=C12,1,IC50,7.19,1,CHEMBL5270141
C=C[C@]12CCC(=O)C=C1CC[C@@H]1[C@@H]2CC[C@]2(C)C(=O)CC[C@@H]12,1,IC50,7.0,1,CHEMBL5281692
C#C[C@]12CCC(=O)C=C1CC[C@@H]1[C@@H]2CC[C@]2(C)C(=O)CC[C@@H]12,1,IC50,6.0,1,CHEMBL5285796
C[C@]12CC[C@H]3[C@@H](CCC4=CC(=O)CC[C@@]43C#N)[C@@H]1CCC2=O,0,IC50,4.6,1,CHEMBL5274998
CCC[C@]12CCC(=O)C=C1CC[C@@H]1[C@@H]2CC[C@]2(C)C(=O)CC[C@@H]12,0,IC50,4.0,1,CHEMBL5284111
C[C@]12CC[C@H]3[C@@H](CCC4=CC(=O)CC[C@@]43CCF)[C@@H]1CCC2=O,1,IC50,6.16,1,CHEMBL5275846
C[C@]12CCC(=O)C(O)=C1C=C[C@@H]1[C@@H]2CC[C@]2(C)C(=O)CC[C@@H]12,1,IC50,6.0,1,CHEMBL3753695
COC1=C2C=C[C@@H]3[C@H](CC[C@]4(C)C(=O)CC[C@@H]34)[C@@]2(C)CCC1=O,0,IC50,4.96,1,CHEMBL5271912
C[C@]12C[C@@H](F)C(=O)C=C1[C@H](F)C[C@@H]1[C@@H]2CC[C@]2(C)C(=O)CC[C@@H]12,1,IC50,6.0,1,CHEMBL5273116
C[C@]12CCC(=O)C=C1[C@H](Br)C[C@@H]1[C@@H]2CC[C@]2(C)C(=O)CC[C@@H]12,1,IC50,6.1,1,CHEMBL5275714
C[C@]12CC[C@@H]3C4CCC(=O)C(F)=C4CC[C@H]3[C@@H]1CCC2=O,1,IC50,6.4,1,CHEMBL5268383
C[C@]12CC[C@H]3[C@@H](CCC4=CC(=O)CC[C@@]43C(F)F)[C@@H]1CC[C@@H]2O,1,IC50,6.38,1,CHEMBL5282258
C[C@]12CCCC(O)C1=CC[C@@H]1[C@@H]2CC[C@]2(C)C(=O)CC[C@@H]12,1,IC50,6.55,1,CHEMBL5266626
C[C@]12CCC(=O)C=C1C(=O)[C@@H](O)[C@@H]1[C@@H]2CC[C@]2(C)C(=O)CC[C@@H]12,0,IC50,4.96,1,CHEMBL5274299
CC(=O)OC1C[C@@]2(C)C(=CC1=O)C(=O)C[C@@H]1[C@@H]2CC[C@]2(C)C(=O)CC[C@@H]12,0,IC50,4.62,1,CHEMBL5289192
C[C@]12CCC(=O)C=C1C1OC1[C@@H]1[C@@H]2CC[C@]2(C)C(=O)CC[C@@H]12,0,IC50,4.41,1,CHEMBL5275153
C[C@]12CC[C@H]3[C@@H](C=CC45OC4C(=O)CC[C@]35C)[C@@H]1CCC2=O,0,IC50,4.82,1,CHEMBL5266698
C[C@]12CCC(=O)C=C1[C@H](N=[N+]=[N-])C(O)[C@@H]1[C@@H]2CC[C@]2(C)C(=O)CC[C@@H]12,0,IC50,4.33,1,CHEMBL5268519
C[C@]12CCC(=O)C=C1[C@@H]1N[C@@H]1[C@@H]1[C@@H]2CC[C@]2(C)C(=O)CC[C@@H]12,0,IC50,4.31,1,CHEMBL5273350
CC(=O)OC1[C@@H]2[C@H](CC[C@]3(C)C(=O)CC[C@@H]23)[C@@]2(C)CCC(=O)C=C2[C@@H]1N=[N+]=[N-],1,IC50,6.4,1,CHEMBL5287129
CC(=O)O[C@H]1C2=CC(=O)CC[C@]2(C)[C@H]2CC[C@]3(C)C(=O)CC[C@H]3[C@@H]2C1N=[N+]=[N-],0,IC50,4.64,1,CHEMBL5291168
CC(=O)N1[C@H]2[C@@H]3[C@H](CC[C@]4(C)C(=O)CC[C@@H]34)[C@@]3(C)CCC(=O)C=C3[C@H]21,0,IC50,4.19,1,CHEMBL5288430
Cc1ccc(S(=O)(=O)N2[C@@H]3[C@@H]4[C@H](CC[C@]5(C)C(=O)CC[C@@H]45)[C@@]4(C)CCC(=O)C=C4[C@@H]32)cc1,0,IC50,4.27,1,CHEMBL5287894
Cc1ccc(S(=O)(=O)N2[C@H]3[C@@H]4[C@H](CC[C@]5(C)C(=O)CC[C@@H]45)[C@@]4(C)CCC(=O)C=C4[C@H]32)cc1,0,IC50,4.03,1,CHEMBL5267859
C[C@]12CCC(=O)C=C1C1C([C@@H]3[C@@H]2CC[C@]2(C)C(=O)CC[C@@H]32)C1(F)F,1,IC50,6.05,1,CHEMBL5271680
C[C@]12CC[C@H]3[C@@H](CC(=O)[C@]45O[C@H]4CCC[C@]35C)C1CCC2=O,0,IC50,4.94,1,CHEMBL5291323
C[C@]12CC[C@H]3[C@@H](C[C@H]4O[C@]45C(=O)CCC[C@]35C)C1CCC2=O,0,IC50,4.9,1,CHEMBL5283967
CC1=C[C@@]2(C)C(=CC1=O)C(Br)C[C@@H]1[C@@H]2CC[C@]2(C)C(=O)CC[C@@H]12,1,IC50,6.15,1,CHEMBL5276930
C[C@]12CC[C@H]3[C@@H](CCC4=CC(=O)C=C[C@@]43CCl)[C@@H]1CCC2=O,1,IC50,6.02,1,CHEMBL5271891
C[C@]12CC[C@H]3[C@@H](CCC4=CC(=O)C=C[C@@]43CBr)[C@@H]1CCC2=O,1,IC50,6.0,1,CHEMBL5285921
C[C@]12CC[C@H]3[C@@H](C=CC4=CC(=O)CC[C@@]43CCl)[C@@H]1CCC2=O,1,IC50,6.12,1,CHEMBL5270933
C[C@]12CCC(=O)c3[nH]nc(c31)C[C@@H]1[C@@H]2CC[C@]2(C)C(=O)CC[C@@H]12,1,IC50,6.63,1,CHEMBL5266594
C[C@]12CCC(=O)c3c1c(nn3C/C=C/c1ccccc1)C[C@@H]1[C@@H]2CC[C@]2(C)C(=O)CC[C@@H]12,1,IC50,6.05,1,CHEMBL5267610
C[C@]12CCC(=O)c3nn(C/C=C/c4ccccc4)c(c31)C[C@@H]1[C@@H]2CC[C@]2(C)C(=O)CC[C@@H]12,1,IC50,6.02,1,CHEMBL5279731
C[C@]12CCC(=O)c3c1c(nn3Cc1ccccc1)C[C@@H]1[C@@H]2CC[C@]2(C)C(=O)CC[C@@H]12,1,IC50,6.47,1,CHEMBL5284841
C[C@]12CCC(=O)c3nn(Cc4ccccc4)c(c31)C[C@@H]1[C@@H]2CC[C@]2(C)C(=O)CC[C@@H]12,1,IC50,6.61,1,CHEMBL5274890
C[C@]12CCC(=O)c3c1c(nn3Cc1ccc([N+](=O)[O-])cc1)C[C@@H]1[C@@H]2CC[C@]2(C)C(=O)CC[C@@H]12,1,IC50,6.18,1,CHEMBL5276932
C[C@]12CCC(=O)c3nn(Cc4cccc([N+](=O)[O-])c4)c(c31)C[C@@H]1[C@@H]2CC[C@]2(C)C(=O)CC[C@@H]12,1,IC50,6.31,1,CHEMBL5285807
CC(=O)O[C@@H]1CCC[C@@]2(CO)C1=CC[C@@H]1[C@@H]2CC[C@]2(C)C(=O)CC[C@@H]12,0,IC50,4.96,1,CHEMBL5286286
C[C@]12CCC(=O)C=C1[C@H](OC(=O)CBr)C[C@@H]1[C@@H]2CC[C@]2(C)C(=O)CC[C@@H]12,0,IC50,4.35,1,CHEMBL5287003
C[C@]12CC[C@H]3[C@@H](CCC4=CC(=O)CC[C@@]43CO)[C@@H]1CCC2=O,0,IC50,4.89,1,CHEMBL4517318
C[C@]12CC[C@H]3[C@@H](CCC4=CC(=O)CC[C@@]43C)[C@@H]1CC[C@@H]2OC(=O)CBr,0,IC50,4.3,1,CHEMBL5277888
C[C@]12CC[C@H]3[C@@H](CC(=O)C4=CC(=O)CC[C@@]43C)[C@@H]1CC[C@@H]2OC(=O)CBr,0,IC50,4.38,1,CHEMBL5291408
C[C@]12CCCC=C1[C@H]1C[C@H]1[C@@H]1[C@@H]2CC[C@]2(C)C(=O)CC[C@@H]12,1,IC50,6.82,1,CHEMBL5289394
CCC[C@H]1C[C@@H]2[C@H](CC[C@]3(C)C(=O)CC[C@@H]23)[C@@]2(C)CCCC=C12,1,IC50,6.64,1,CHEMBL5271187
CC[C@@H]1C[C@@H]2[C@H](CC[C@]3(C)C(=O)CC[C@@H]23)[C@@]2(C)CCCC=C12,1,IC50,6.5,1,CHEMBL5281516
CCC[C@@H]1C[C@@H]2[C@H](CC[C@]3(C)C(=O)CC[C@@H]23)[C@@]2(C)CCCC=C12,1,IC50,6.36,1,CHEMBL5290211
CCCCC[C@@H]1C[C@@H]2[C@H](CC[C@]3(C)C(=O)CC[C@@H]23)[C@@]2(C)CCCC=C12,0,IC50,4.92,1,CHEMBL5283480
C[C@H]1C[C@@H]2[C@H](CC[C@]3(C)C(O)CC[C@@H]23)[C@@]2(C)CCCC=C12,1,IC50,6.58,1,CHEMBL5275593
CC[C@H]1C[C@@H]2[C@H](CC[C@]3(C)C(O)CC[C@@H]23)[C@@]2(C)CCCC=C12,1,IC50,6.89,1,CHEMBL5290511
CCC[C@H]1C[C@@H]2[C@H](CC[C@]3(C)C(O)CC[C@@H]23)[C@@]2(C)CCCC=C12,1,IC50,7.22,1,CHEMBL5266502
CCC[C@@H]1C[C@@H]2[C@H](CC[C@]3(C)C(O)CC[C@@H]23)[C@@]2(C)CCCC=C12,0,IC50,4.85,1,CHEMBL5287052
C[C@]12CC[C@H]3[C@@H](C(=O)C=C4CCCC[C@@]43CO)[C@@H]1CCC2O,0,IC50,4.37,1,CHEMBL5288418
C[C@]12CC[C@H]3[C@@H](C(=O)C=C4CCCC[C@@]43C=O)[C@@H]1CCC2=O,0,IC50,4.22,1,CHEMBL5288188
C[C@]12CC[C@@H]3C4CCCCC4=CC(=O)[C@H]3[C@@H]1CCC2=O,0,IC50,4.55,1,CHEMBL5287841
C[C@]12CCC=CC1=CC(=O)[C@@H]1[C@@H]2CC[C@]2(C)C(O)CC[C@@H]12,0,IC50,4.38,1,CHEMBL5290103
C[C@]12CC[C@H]3[C@@H](C(=O)C=C4C=CCC[C@@]43CO)[C@@H]1CCC2=O,0,IC50,4.22,1,CHEMBL5273164
C[C@]12CC[C@H]3[C@@H](C(=O)C=C4C=CCC[C@@]43C=O)[C@@H]1CCC2=O,0,IC50,4.96,1,CHEMBL5275668
C[C@]12CC[C@@H]3C4CCC=CC4=CC(=O)[C@H]3[C@@H]1CCC2=O,0,IC50,4.48,1,CHEMBL5291258
C[C@]12CCCCC1=CC[C@@H]1[C@@H]2CC[C@]2(C)C(O)CC[C@@H]12,0,IC50,4.52,1,CHEMBL5281465
C[C@]12CC[C@H]3[C@@H](CC=C4CCCC[C@@]43CO)[C@@H]1CCC2O,0,IC50,4.21,1,CHEMBL5274863
C[C@]12CCCCC1=CC[C@@H]1[C@@H]2CC[C@]2(C)C(=O)[C@H](Br)C[C@@H]12,0,IC50,4.26,1,CHEMBL5280552
C[C@]12CCC=CC1=CC[C@@H]1[C@@H]2CC[C@]2(C)C(O)CC[C@@H]12,0,IC50,4.75,1,CHEMBL5281055
CC(=O)O[C@H]1CCC[C@@]2(C)C1=CC(=O)[C@@H]1[C@@H]2CC[C@]2(C)C(=O)CC[C@@H]12,0,IC50,4.02,1,CHEMBL5291132
C[C@]12CC[C@H]3[C@@H](C(=O)C=C4C(=O)CCC[C@@]43C)[C@@H]1CC[C@@H]2O,0,IC50,4.24,1,CHEMBL5275758
C[C@]12CC[C@H]3[C@@H](C(=O)C=C4C(=O)CCC[C@@]43CO)[C@@H]1CCC2=O,0,IC50,4.32,1,CHEMBL5283697
C[C@]12CC[C@H]3[C@@H](C(=O)C=C4C(=O)CCC[C@@]43C=O)[C@@H]1CCC2=O,0,IC50,4.29,1,CHEMBL5278253
C[C@]12CC[C@H]3[C@@H](CC(=O)C4=CCCC[C@@]43CO)[C@@H]1CC[C@@H]2O,0,IC50,4.6,1,CHEMBL5275068
C[C@]12CC[C@H]3[C@@H](CC=C4C(=O)CCC[C@@]43CO)[C@@H]1CCC2=O,0,IC50,4.66,1,CHEMBL5282836
C[C@]12CC[C@H]3[C@@H](CC=C4C(=O)CCC[C@@]43C=O)[C@@H]1CCC2=O,0,IC50,4.57,1,CHEMBL5288646
C[C@]12CC[C@@H]3c4cc(C=O)c(O)cc4CC[C@H]3[C@@H]1CCC2=O,0,IC50,4.96,1,CHEMBL1835547
COc1cc2c(cc1O)CC[C@@H]1[C@@H]2CC[C@]2(C)C(=O)CC[C@@H]12,0,IC50,4.77,1,CHEMBL425194
C[C@]12CC[C@@H]3c4cc([N+](=O)[O-])c(O)cc4CC[C@H]3[C@@H]1CCC2=O,0,IC50,4.82,1,CHEMBL1835542
C[C@]12CC[C@@H]3c4cc(N)c(O)cc4CC[C@H]3[C@@H]1CCC2=O,0,IC50,4.51,1,CHEMBL5184565
C[C@]12CC[C@@H]3c4ccc(O)c(F)c4CC[C@H]3[C@@H]1CCC2=O,0,IC50,4.58,1,CHEMBL1835539
COc1cc2c(cc1O)CC[C@@H]1[C@@H]2CC[C@]2(C)[C@@H](O)CC[C@@H]12,0,IC50,4.7,1,CHEMBL299613
C[C@]12CC[C@@H]3c4ccc(O)c(F)c4CC[C@H]3[C@@H]1CC[C@@H]2O,0,IC50,4.06,1,CHEMBL1627337
C[C@]12CC[C@@H]3c4ccc(O)c(C=O)c4CC[C@H]3[C@@H]1CC[C@@H]2O,0,IC50,4.55,1,CHEMBL5282717
C[C@]12CC[C@@H]3c4ccc(O)cc4CC[C@H]3[C@@H]1CCC2=O,0,IC50,4.58,1,CHEMBL1405
CCCC[C@H]1C[C@@H]2[C@H](CC[C@]3(C)C(=O)CC[C@@H]23)c2ccc(O)cc21,0,IC50,4.46,1,CHEMBL5271283
CO[C@H]1C[C@@H]2[C@H](CC[C@]3(C)C(=O)CC[C@@H]23)c2ccc(O)cc21,0,IC50,4.23,1,CHEMBL5285355
CCO[C@H]1C[C@@H]2[C@H](CC[C@]3(C)C(=O)CC[C@@H]23)c2ccc(O)cc21,0,IC50,4.13,1,CHEMBL5270986
C[C@]12CC[C@@H]3c4ccc(O)cc4[C@H](c4ccccc4)C[C@H]3[C@@H]1CCC2=O,0,IC50,4.92,1,CHEMBL5284594
CO[C@@H]1C[C@@H]2[C@H](CC[C@]3(C)C(=O)CC[C@@H]23)c2ccc(O)cc21,0,IC50,4.31,1,CHEMBL5265959
CCO[C@@H]1C[C@@H]2[C@H](CC[C@]3(C)C(=O)CC[C@@H]23)c2ccc(O)cc21,0,IC50,4.08,1,CHEMBL5278979
CCCC[C@H]1C[C@@H]2[C@H](CC[C@]3(C)[C@@H](O)CC[C@@H]23)c2ccc(O)cc21,0,IC50,4.55,1,CHEMBL5271503
CO[C@H]1C[C@@H]2[C@H](CC[C@]3(C)[C@@H](O)CC[C@@H]23)c2ccc(O)cc21,0,IC50,4.0,1,CHEMBL5290922
CCCC[C@@H]1C[C@@H]2[C@H](CC[C@]3(C)[C@@H](O)CC[C@@H]23)c2ccc(O)cc21,0,IC50,4.36,1,CHEMBL5276910
C#CC(O)[C@]12CCCC=C1CC[C@@H]1[C@@H]2CC[C@]2(C)C(=O)CC[C@@H]12,0,IC50,4.21,1,CHEMBL5288513
CC(=O)OC[C@]12CCCC=C1CC[C@@H]1[C@@H]2CC[C@]2(C)C(O)CC[C@@H]12,0,IC50,4.36,1,CHEMBL5278365
CC(=O)OC1CC[C@H]2[C@@H]3CCC4=CCCC[C@]4(CO)[C@H]3CC[C@]12C,0,IC50,4.0,1,CHEMBL5288111
CC(=O)OC[C@]12CCCC=C1CC[C@@H]1[C@@H]2CC[C@]2(C)C(OC(C)=O)CC[C@@H]12,0,IC50,4.42,1,CHEMBL5268507
C[C@]12CC[C@H]3[C@@H](CCC4=CCCC[C@@]43C=O)[C@@H]1C[C@@H](O)C2=O,0,IC50,4.55,1,CHEMBL5284435
COc1cc2c(cc1OC)CN(S(=O)(=O)c1cccc(-n3cc(COc4ccc5ccccc5c4)nn3)c1)CC2,1,IC50,7.16,1,CHEMBL5281289
C#CCOc1ccc(C(=O)c2ccc(Cn3ccnc3)cc2)cc1,1,IC50,6.68,1,CHEMBL5271144
CCCOc1ccc(C(=O)c2ccc(Cn3ccnc3)cc2)cc1,1,IC50,6.43,1,CHEMBL5277126
CCC#CCOc1ccc(C(=O)c2cccc(Cn3ccnc3)c2)cc1,1,IC50,8.05,1,CHEMBL5283276
C#CCOc1ccc(C(=O)c2cccc(Cn3ccnc3)c2)cc1,1,IC50,6.19,1,CHEMBL5271071
CCCCCOc1ccc(C(=O)c2cccc(Cn3ccnc3)c2)cc1,1,IC50,7.38,1,CHEMBL5274084
CCCOc1ccc(C(=O)c2cccc(Cn3ccnc3)c2)cc1,1,IC50,8.7,1,CHEMBL5284760
COc1ccc(C(=O)c2cccc(Cn3ccnc3)c2)cc1,1,IC50,7.89,1,CHEMBL5285636
O=C(c1ccc(O)cc1)c1cccc(Cn2ccnc2)c1,1,IC50,7.89,1,CHEMBL5266533
COc1ccc(C(=O)c2ccc(Cn3ccnc3)cc2)cc1,1,IC50,6.62,1,CHEMBL5278229
O=S(=O)(Oc1ccccc1)C1CC2OC1C(c1ccc(-n3ccnc3)cc1)=C2c1ccc(O)cc1,1,IC50,6.49,1,CHEMBL5418690
O=S(=O)(Oc1ccccc1C(F)(F)F)C1CC2OC1C(c1ccc(-n3ccnc3)cc1)=C2c1ccc(O)cc1,1,IC50,6.71,1,CHEMBL5402392
O=S(=O)(Oc1cccc(C(F)(F)F)c1)C1CC2OC1C(c1ccc(-n3ccnc3)cc1)=C2c1ccc(O)cc1,1,IC50,7.0,1,CHEMBL5426175
O=S(=O)(Oc1ccc(C(F)(F)F)cc1)C1CC2OC1C(c1ccc(-n3ccnc3)cc1)=C2c1ccc(O)cc1,1,IC50,9.05,1,CHEMBL5433442
O=S(=O)(Oc1ccccc1Br)C1CC2OC1C(c1ccc(-n3ccnc3)cc1)=C2c1ccc(O)cc1,1,IC50,6.99,1,CHEMBL5436925
O=S(=O)(Oc1cccc(Br)c1)C1CC2OC1C(c1ccc(-n3ccnc3)cc1)=C2c1ccc(O)cc1,1,IC50,6.57,1,CHEMBL5403786
O=S(=O)(Oc1cccc(Br)c1)C1CC2OC1C(c1ccc(O)cc1)=C2c1ccc(-n2ccnc2)cc1,1,IC50,6.48,1,CHEMBL5410004
O=S(=O)(Oc1ccc(Br)cc1)C1CC2OC1C(c1ccc(-n3ccnc3)cc1)=C2c1ccc(O)cc1,1,IC50,8.89,1,CHEMBL5412790
O=S(=O)(Oc1cccc2ccccc12)C1CC2OC1C(c1ccc(-n3ccnc3)cc1)=C2c1ccc(O)cc1,1,IC50,8.37,1,CHEMBL5411799
O=S(=O)(Oc1ccc2ccccc2c1)C1CC2OC1C(c1ccc(-n3ccnc3)cc1)=C2c1ccc(O)cc1,1,IC50,7.81,1,CHEMBL5400803
COc1ccc(OS(=O)(=O)C2CC3OC2C(c2ccc(-n4ccnc4)cc2)=C3c2ccc(O)cc2)cc1,1,IC50,6.06,1,CHEMBL5420394
Cc1ccc(OS(=O)(=O)C2CC3OC2C(c2ccc(-n4ccnc4)cc2)=C3c2ccc(O)cc2)cc1,1,IC50,7.69,1,CHEMBL5417452
O=S(=O)(Oc1ccc(F)cc1)C1CC2OC1C(c1ccc(-n3ccnc3)cc1)=C2c1ccc(O)cc1,1,IC50,7.26,1,CHEMBL5422315
O=S(=O)(Oc1ccc(F)cc1)C1CC2OC1C(c1ccc(O)cc1)=C2c1ccc(-n2ccnc2)cc1,1,IC50,6.96,1,CHEMBL5401146
O=S(=O)(Oc1ccc(C(F)(F)F)cc1)C1CC2OC1C(c1ccc(-n3cncn3)cc1)=C2c1ccc(O)cc1,1,IC50,8.68,1,CHEMBL5405944
O=S(=O)(Oc1ccc(Br)cc1)C1CC2OC1C(c1ccc(-n3cncn3)cc1)=C2c1ccc(O)cc1,1,IC50,8.46,1,CHEMBL5421409
O=S(=O)(Oc1ccc(Cl)cc1)C1CC2OC1C(c1ccc(-n3cncn3)cc1)=C2c1ccc(O)cc1,1,IC50,8.11,1,CHEMBL5408038
COc1ccc(OS(=O)(=O)C2CC3OC2C(c2ccc(-n4cncn4)cc2)=C3c2ccc(O)cc2)cc1,1,IC50,6.84,1,CHEMBL5427513
Cc1ccc(OS(=O)(=O)C2CC3OC2C(c2ccc(-n4cncn4)cc2)=C3c2ccc(O)cc2)cc1,1,IC50,7.49,1,CHEMBL5426947
Cn1cc(-c2ccc(C3=C(c4ccc(O)cc4)C4CC(S(=O)(=O)Oc5ccc(C(F)(F)F)cc5)C3O4)cc2)cn1,1,IC50,7.58,1,CHEMBL5400203
COc1ccc(OS(=O)(=O)C2CC3OC2C(c2ccc(-c4cnn(C)c4)cc2)=C3c2ccc(O)cc2)cc1,1,IC50,6.55,1,CHEMBL5404699
CN(c1ccccc1)S(=O)(=O)C1CC2OC1C(c1ccc(-n3ccnc3)cc1)=C2c1ccc(O)cc1,1,IC50,6.81,1,CHEMBL5407335
COc1ccc(N(C)S(=O)(=O)C2CC3OC2C(c2ccc(-n4ccnc4)cc2)=C3c2ccc(O)cc2)cc1,1,IC50,6.54,1,CHEMBL5426251
CCN(c1ccccc1)S(=O)(=O)C1CC2OC1C(c1ccc(-n3ccnc3)cc1)=C2c1ccc(O)cc1,1,IC50,6.89,1,CHEMBL5435743
CCN(c1ccc(OC)cc1)S(=O)(=O)C1CC2OC1C(c1ccc(-n3ccnc3)cc1)=C2c1ccc(O)cc1,1,IC50,6.82,1,CHEMBL5414572
O=S(=O)(C1CC2OC1C(c1ccc(-n3ccnc3)cc1)=C2c1ccc(O)cc1)N(CC(F)(F)F)c1ccccc1,1,IC50,6.63,1,CHEMBL5413340
COc1ccc(N(CC(F)(F)F)S(=O)(=O)C2CC3OC2C(c2ccc(-n4ccnc4)cc2)=C3c2ccc(O)cc2)cc1,1,IC50,6.42,1,CHEMBL5433532
Cn1cc(-c2ccc(C3=C(c4ccc(O)cc4)C4CC(S(=O)(=O)N(CC(F)(F)F)c5ccccc5)C3O4)cc2)cn1,1,IC50,7.05,1,CHEMBL5394007
COc1ccc(N(C)S(=O)(=O)C2CC3OC2C(c2ccc(-n4cncn4)cc2)=C3c2ccc(O)cc2)cc1,1,IC50,7.66,1,CHEMBL5423258
CCN(c1ccccc1)S(=O)(=O)C1CC2OC1C(c1ccc(-n3cncn3)cc1)=C2c1ccc(O)cc1,1,IC50,6.26,1,CHEMBL5423781
CCN(c1ccc(OC)cc1)S(=O)(=O)C1CC2OC1C(c1ccc(-n3cncn3)cc1)=C2c1ccc(O)cc1,1,IC50,7.0,1,CHEMBL5428681
O=S(=O)(C1CC2OC1C(c1ccc(-n3cncn3)cc1)=C2c1ccc(O)cc1)N(CC(F)(F)F)c1ccccc1,1,IC50,7.42,1,CHEMBL5404063
CCCCCCCCN1C(=O)C2CC(c3ccc(N)cc3)(C2)C1=O,1,IC50,6.65,1,CHEMBL5404029
Nc1ccc(C23CC(C2)C(=O)N(Cc2ccccc2)C3=O)cc1,1,IC50,7.01,1,CHEMBL5426628
CCCCCN1C(=O)CC(c2ccc(N)cc2)C1=O,1,IC50,6.1,1,CHEMBL5400890
CCCCCCN1C(=O)CC(c2ccc(N)cc2)C1=O,1,IC50,6.4,1,CHEMBL5395351
CCCC1(c2ccc(N)cc2)CC(=O)NC1=O,0,IC50,4.11,1,CHEMBL5440090
CCCCCCCC1(c2ccc(N)cc2)CC(=O)NC1=O,0,IC50,4.48,1,CHEMBL5397228
c1ccc(Cn2cc(Cn3ccnc3)c3ccccc32)cc1,1,IC50,7.0,1,CHEMBL5394706
c1ccc(Cn2cc(Cn3cncn3)c3ccccc32)cc1,1,IC50,6.5,1,CHEMBL5432257
c1ccc(Cn2cc(Cn3cnnc3)c3ccccc32)cc1,0,IC50,4.95,1,CHEMBL5425433
Fc1ccc(Cn2cc(Cn3ccnc3)c3ccccc32)cc1,1,IC50,7.14,1,CHEMBL452018
c1ccc(Cn2cc(Cn3ccnn3)c3ccccc32)cc1,1,IC50,6.5,1,CHEMBL5432998
c1ccc(Cn2cc(Cc3c[nH]nn3)c3ccccc32)cc1,0,IC50,4.95,1,CHEMBL5427189
Fc1ccc(Cn2cc(Cn3ccnn3)c3ccccc32)cc1,1,IC50,6.69,1,CHEMBL5402030
CCn1cc(C(c2ccc(Cl)cc2)n2ccnc2)c2cc(Br)ccc21,1,IC50,6.93,1,CHEMBL1997104
Brc1ccccc1Cn1cc(Cn2ccnc2)c2ccccc21,1,IC50,7.17,1,CHEMBL5395094
Brc1cccc(Cn2cc(Cn3ccnc3)c3ccccc32)c1,1,IC50,7.15,1,CHEMBL5434222
Clc1ccc(Cn2cc(Cn3ccnc3)c3ccccc32)cc1,1,IC50,7.16,1,CHEMBL488050
Clc1ccc(Cn2cc(Cn3cncn3)c3ccccc32)cc1,1,IC50,6.74,1,CHEMBL5400511
CCN1CCc2cccc(C(Cc3ccc(F)cc3)n3ccnc3)c21,1,IC50,7.21,1,CHEMBL5432856
CCN1CCc2cccc(C(Cc3cccc(Cl)c3)n3ccnc3)c21,1,IC50,6.96,1,CHEMBL5425388
CCN1CCc2cc(Br)cc(C(Cc3ccc(F)cc3)n3ccnc3)c21,1,IC50,7.05,1,CHEMBL5409215
CCN1CCc2cc(Cl)cc(C(Cc3ccc(F)cc3)n3ccnc3)c21,1,IC50,7.2,1,CHEMBL5436290
CCn1ccc2cccc(C(Cc3ccc(F)cc3)n3ccnc3)c21,1,IC50,7.21,1,CHEMBL5401017
CCn1ccc2cccc(C(Cc3cccc(Cl)c3)n3ccnc3)c21,1,IC50,6.77,1,CHEMBL5407480
CCn1ccc2cccc(C(Cc3ccc(Cl)cc3)n3ccnc3)c21,1,IC50,7.26,1,CHEMBL5438840
CCn1ccc2cccc(C(Cc3ccc(Br)cc3)n3ccnc3)c21,1,IC50,7.16,1,CHEMBL5394067
CCn1ccc2cc(Br)cc(C(Cc3ccc(F)cc3)n3ccnc3)c21,1,IC50,6.7,1,CHEMBL5410174
OC(c1cn(Cc2ccccc2Cl)c2ccccc12)n1ccnc1,1,IC50,7.27,1,CHEMBL5394424
OC(c1cn(Cc2ccccc2F)c2ccccc12)n1ccnc1,1,IC50,8.8,2,CHEMBL5434047
OC(c1cn(Cc2cccc(F)c2)c2ccccc12)n1ccnc1,1,IC50,7.09,1,CHEMBL5410534
N#Cc1ccc(Cn2cc(C(O)n3ccnc3)c3ccccc32)cc1,1,IC50,7.3,1,CHEMBL5400514
Clc1ccccc1Cn1cc(Cn2ccnn2)c2ccccc21,1,IC50,6.76,1,CHEMBL5393912
Fc1ccccc1Cn1cc(Cn2ccnn2)c2ccccc21,1,IC50,6.38,1,CHEMBL5393946
Fc1cccc(Cn2cc(Cn3ccnn3)c3ccccc32)c1,1,IC50,6.51,1,CHEMBL5409533
N#Cc1ccc(Cn2cc(Cn3ccnn3)c3ccccc32)cc1,1,IC50,6.85,1,CHEMBL5417624
CCn1cc(C(Cc2ccc(F)cc2)n2ccnc2)c2cc(Br)ccc21,1,IC50,6.02,1,CHEMBL5439256
CCn1cc(C(Cc2ccc(Cl)cc2Cl)n2ccnc2)c2cc(Br)ccc21,1,IC50,6.21,1,CHEMBL5413476
Clc1ccccc1CC(c1cn(Cc2ccccc2Cl)c2ccc(Br)cc12)n1ccnn1,1,IC50,6.01,1,CHEMBL5408745
Fc1ccc(CC(c2ccc3[nH]ccc3c2)n2ccnc2)cc1,1,IC50,7.58,1,CHEMBL5403912
Clc1ccc(CC(c2ccc3[nH]ccc3c2)n2ccnc2)cc1,1,IC50,7.82,1,CHEMBL5440983
Clc1cccc(CC(c2ccc3[nH]ccc3c2)n2ccnc2)c1,1,IC50,7.53,1,CHEMBL5425929
Cn1ccc2cc(C(Cc3ccc(Br)cc3)n3ccnc3)ccc21,1,IC50,7.62,1,CHEMBL5416003
N#Cc1ccc(CC(c2ccc3cc[nH]c3c2)n2ccnc2)cc1,1,IC50,7.94,1,CHEMBL5408823
N#Cc1ccc(CC(c2ccc3cc[nH]c3c2)n2ccnn2)cc1,1,IC50,7.03,1,CHEMBL5400406
N#Cc1ccc(CC(c2cccc3[nH]ccc23)n2ccnc2)cc1,1,IC50,7.73,1,CHEMBL5410695
CCn1c(C(Cc2ccccc2)n2ccnc2)c(C)c2cc(Br)ccc21,1,IC50,6.38,1,CHEMBL5437093
CCn1c(C(Cc2cccc(Cl)c2)n2ccnc2)c(C)c2cc(Br)ccc21,1,IC50,6.03,1,CHEMBL5416993
CCn1c(C(Cc2cccc(Cl)c2)n2ccnn2)c(C)c2cc(Br)ccc21,0,IC50,4.76,1,CHEMBL5436084
CCn1c(C(Cc2ccc(Cl)cc2)n2ccnc2)c(C)c2cc(Br)ccc21,1,IC50,6.39,1,CHEMBL5432961
CCn1c(C(Cc2ccc(F)cc2)n2ccnc2)c(C)c2ccccc21,1,IC50,6.92,1,CHEMBL5428148
CCn1cc(C(Cc2ccc(F)cc2)n2ccnc2)c2cc(Cl)ccc21,1,IC50,6.82,1,CHEMBL5428001
CCn1cc(C(Cc2ccc(F)cc2)n2ccnc2)c2cc(F)ccc21,1,IC50,7.22,1,CHEMBL5432971
CCn1cc(C(Cc2ccc(F)cc2)n2ccnc2)c2cc(C#N)ccc21,1,IC50,6.85,1,CHEMBL5395602
CCCn1cc(C(Cc2ccc(F)cc2)n2ccnc2)c2cc(Br)ccc21,1,IC50,6.5,1,CHEMBL5409914
CC(C)n1cc(C(Cc2ccc(F)cc2)n2ccnc2)c2cc(Br)ccc21,1,IC50,6.47,1,CHEMBL5407805
CCn1c(C)c(C(Cc2ccc(F)cc2)n2ccnc2)c2ccccc21,1,IC50,7.5,1,CHEMBL5425567
O=C1CC(c2ccncc2)Cc2ccccc21,0,IC50,4.66,1,CHEMBL5398511
O=C1/C(=C/c2ccncc2)CCc2ccccc21,0,IC50,4.92,1,CHEMBL90585
O=C1/C(=C\c2ccncc2)Cc2ccccc21,0,IC50,4.6,1,CHEMBL285973
COc1cccc2c1C/C(=C/c1ccncc1)C2=O,0,IC50,4.64,1,CHEMBL23334
O=C1/C(=C\c2ccncc2)Cc2c(O)cccc21,0,IC50,4.66,1,CHEMBL5412410
Cc1c(Cn2ccnc2)ccc2ccc(F)cc12,1,IC50,6.29,1,CHEMBL5405156
Cc1c(Cn2ccnc2)ccc2c(F)cc(F)cc12,1,IC50,10.05,2,CHEMBL5396048
COc1cc2ccc(Cn3ccnc3)c(C)c2cc1F,1,IC50,6.24,1,CHEMBL5440376
COc1c(F)cc2c(C)c(Cn3ccnc3)ccc2c1F,1,IC50,6.02,1,CHEMBL5439806
Fc1cc(F)c2ccc(Cn3ccnc3)cc2c1,1,IC50,6.44,1,CHEMBL5426314
COc1cc2ccc(Cn3ccnc3)cc2cc1F,1,IC50,6.77,1,CHEMBL5399600
COC1C(F)=Cc2cc(Cn3ccnc3)ccc2C1F,1,IC50,6.12,1,CHEMBL5434685
c1ccc2cc(Cn3ccnc3)ccc2c1,1,IC50,6.01,1,CHEMBL351271
CC(C)(C)[C@H]1CC[C@H](OC(=O)Cc2ccncc2)CC1,1,IC50,6.51,1,CHEMBL5416052
CC(C)[C@H]1CC[C@H](C)C[C@@H]1OC(=O)Cc1ccncc1,1,IC50,6.62,1,CHEMBL5406205
O=C(Cc1ccncc1)O[C@H]1C[C@H]2CC[C@@H]1C2,1,IC50,6.47,1,CHEMBL5428947
CC1(C)[C@H]2CC[C@]1(C)[C@H](OC(=O)Cc1ccncc1)C2,1,IC50,7.01,1,CHEMBL5421275
C[C@@H]1[C@H]2C[C@@H](C[C@H]1OC(=O)Cc1ccncc1)C2(C)C,1,IC50,7.02,1,CHEMBL5425135
C[C@@H]1[C@@H](OC(=O)Cc2ccncc2)C[C@H]2C[C@]1(C)C2(C)C,1,IC50,6.92,1,CHEMBL5421289
CCC(CC)(C(=O)O[C@H]1C[C@H]2C[C@@H]([C@@H]1C)C2(C)C)c1ccncc1,0,IC50,4.26,1,CHEMBL5417020
C[C@@H]1CC[C@]23C[C@@H]1C(C)(C)[C@@H]2CC[C@@]3(C)OC(=O)Cc1ccncc1,1,IC50,6.36,1,CHEMBL5430729
C[C@@H]1[C@@H](OC(=O)C(C)(C)c2cccnc2)C[C@H]2C[C@@H]1C2(C)C,0,IC50,4.52,1,CHEMBL5407494
C[C@@H]1CC[C@]23C[C@@H]1C(C)(C)[C@@H]2CC[C@@]3(C)OC(=O)C(C)(C)c1ccccn1,0,IC50,4.09,1,CHEMBL5397043
O=c1cc(-c2ccccc2)oc2c(O)c(O)ccc12,0,IC50,4.08,1,CHEMBL75267
O=C1CC(c2ccc(O)cc2)Oc2cc(O)cc(O)c21,0,IC50,4.04,1,CHEMBL32571
COc1ccc2c(c1)OC(c1ccccc1)CC2=O,0,IC50,4.09,1,CHEMBL9687
O=C1CC(c2ccc(O)c(O)c2)Oc2cc(O)cc(O)c21,1,IC50,6.22,1,CHEMBL307893
O=C(/C=C/c1ccccc1)c1ccc(O)cc1,0,IC50,4.51,1,CHEMBL276473
COc1cc(O)c(C(=O)/C=C/c2ccccc2)c(O)c1,0,IC50,4.84,2,CHEMBL317221
O=C(CCc1ccc(O)cc1)c1ccccc1O,0,IC50,4.46,1,CHEMBL491692
COc1ccc(CCC(=O)c2c(O)cc(O)cc2O)cc1O,0,IC50,4.62,1,CHEMBL133081
O=c1ccc2ccc(Cn3cnnc3)cc2o1,0,IC50,4.5,1,CHEMBL5394126
COc1ccc(/C=C/c2c(CC=C(C)C)c(O)cc3c2CC(C(C)(C)O)O3)cc1,0,IC50,4.96,1,CHEMBL5419796
COc1ccc(/C=C\c2c(CC=C(C)C)c(O)cc3c2CC(C(C)(C)O)O3)cc1O,0,IC50,4.95,1,CHEMBL5429907
COc1ccc([C@@H]2CC(=O)c3c(O)cc(O)c(CC=C(C)C)c3O2)cc1,1,IC50,6.3,1,CHEMBL556429
COc1ccc(OC)c(/C=C/c2ccc(N)cc2)c1,1,IC50,6.51,1,CHEMBL1173699
COc1ccc(/C=C/c2ccc([N+](=O)[O-])cc2)cc1OC,1,IC50,6.17,1,CHEMBL4206988
Clc1ccc(C(c2cc3ccccc3o2)n2cncn2)cc1,1,IC50,6.7,1,CHEMBL5421772
Cc1ccc(C(c2cc3ccccc3o2)n2cncn2)cc1,1,IC50,6.23,1,CHEMBL5413902
Clc1ccc(C(c2cc3ccccc3o2)n2cncn2)c(Cl)c1,1,IC50,6.06,1,CHEMBL5419730
Clc1ccc(C(c2cc3ccccc3o2)n2cnnn2)c(Cl)c1,0,IC50,4.28,1,CHEMBL5421179
N#Cc1ccc(C(c2cc3ccccc3o2)n2cncn2)cc1,1,IC50,6.68,1,CHEMBL5422369
OC(c1ccc(Cl)cc1)(c1cncnc1)c1cccc(Cl)c1,1,IC50,6.46,1,CHEMBL29400
OC(c1ccc(Cl)cc1)(c1ccc(Cl)cc1)c1cncnc1,1,IC50,7.15,1,CHEMBL29904
OC(c1ccc(Cl)cc1)(c1ccc(C(F)(F)F)cc1)c1cncnc1,1,IC50,7.18,1,CHEMBL28637
OC(c1ccc(F)cc1)(c1ccc(Cl)cc1)c1cncnc1,1,IC50,6.75,1,CHEMBL282325
OC(c1ccc(F)cc1)(c1ccc(F)cc1)c1cncnc1,1,IC50,6.28,1,CHEMBL28696
Cc1ccc(C(O)(c2ccc(C)cc2)c2cncnc2)cc1,1,IC50,6.39,1,CHEMBL283085
O=[N+]([O-])c1ccc(C(O)(c2ccccc2)c2cncnc2)cc1,1,IC50,6.57,1,CHEMBL28800
OC(c1ccccc1)(c1cncnc1)c1ccc(Cl)c(Cl)c1,1,IC50,6.0,1,CHEMBL287393
Clc1ccc(C(c2ccc(Cl)cc2)c2cncnc2)cc1,1,IC50,7.26,1,CHEMBL29669
CC(c1ccc(Cl)cc1)(c1ccc(Cl)cc1)c1cncnc1,1,IC50,7.09,1,CHEMBL29901
FC(c1ccc(Cl)cc1)(c1ccc(Cl)cc1)c1cncnc1,1,IC50,7.11,1,CHEMBL283671
Clc1ccc(C(Cc2ccccc2)(c2ccc(Cl)cc2)c2cncnc2)cc1,1,IC50,6.0,1,CHEMBL29997
Fc1ccc(C(F)(c2ccc(Cl)cc2)c2cncnc2)cc1,1,IC50,6.71,1,CHEMBL30043
Clc1ccc(C(Cl)(c2ccc(Cl)cc2)c2cncnc2)cc1,1,IC50,6.56,1,CHEMBL26208
Clc1ccccc1C(c1ccccc1Cl)n1ccnc1,1,IC50,7.12,1,CHEMBL133145
Clc1ccc(C(c2ccc(Cl)cc2)n2ccnc2)cc1,1,IC50,7.38,1,CHEMBL335215
O=[N+]([O-])c1ccc(C(c2ccc([N+](=O)[O-])cc2)n2ccnc2)cc1,1,IC50,7.4,1,CHEMBL135606
Fc1ccc(C(c2ccc(F)cc2)n2ccnc2)cc1,1,IC50,7.4,1,CHEMBL137373
COc1ccccc1C(c1ccccc1)n1ccnc1,1,IC50,7.18,1,CHEMBL137002
Clc1ccc(C(c2ccccc2)n2ccnc2)cc1,1,IC50,7.7,1,CHEMBL343072
COc1ccc(C(c2ccc(OC)cc2)n2ccnc2)cc1,1,IC50,7.9,1,CHEMBL135494
COc1ccc(C(c2ccc(C)cc2)n2ccnc2)cc1,1,IC50,7.98,1,CHEMBL335050
FC(F)(F)c1ccc(C(c2ccc(Cl)cc2)n2ccnc2)cc1,1,IC50,7.97,1,CHEMBL135595
COc1ccc(C(c2ccc(Cl)cc2)n2ccnc2)cc1,1,IC50,8.08,1,CHEMBL135063
Cc1ccc(C(c2ccc(C)cc2)n2ccnc2)cc1,1,IC50,8.19,1,CHEMBL135381
Brc1ccc(C(c2ccc(Br)cc2)n2ccnc2)cc1,1,IC50,8.05,1,CHEMBL436369
OC(c1ccc(Cl)cc1)(c1ccc(Cl)cc1)c1cccnc1,1,IC50,6.82,1,CHEMBL135115
OC(c1ccc(Cl)cc1)(c1cccnc1)c1cccc(C(F)(F)F)c1,1,IC50,6.19,1,CHEMBL337750
Cc1ccc(C(O)(c2ccc(Cl)cc2)c2cccnc2)cc1,1,IC50,6.64,1,CHEMBL138538
OC(c1ccc(F)cc1)(c1cccnc1)c1ccc(Cl)cc1Cl,1,IC50,6.5,1,CHEMBL135709
Clc1ccc(C(c2ccc(Cl)cc2)c2cccnc2)cc1,1,IC50,7.08,1,CHEMBL415725
Clc1ccc(C(Cl)(c2ccc(Cl)cc2)c2cccnc2)cc1,1,IC50,6.7,1,CHEMBL334958
FC(c1ccc(Cl)cc1)(c1ccc(Cl)cc1)c1cccnc1,1,IC50,6.7,1,CHEMBL133079
CC(c1ccc(Cl)cc1)(c1ccc(Cl)cc1)c1cccnc1,1,IC50,6.84,1,CHEMBL133026
Clc1ccc(C(c2ccncc2)c2ccc(Cl)cc2)cc1,1,IC50,6.8,1,CHEMBL1195457
Clc1ccc(C(c2ccc(Cl)cc2)n2cncn2)cc1,1,IC50,8.06,1,CHEMBL341386
Clc1ccc(C(c2ccc(Cl)cc2)n2cnnc2)cc1,1,IC50,8.03,1,CHEMBL135563
Clc1ccc(C(c2ccc(Cl)cc2)n2ccnn2)cc1,1,IC50,7.73,1,CHEMBL132929
Clc1ccc(C(c2ccc(Cl)cc2)n2ncnn2)cc1,1,IC50,6.82,1,CHEMBL135340
OC(c1ccc(Cl)cc1)(c1ccc(Cl)cc1)c1ccncn1,1,IC50,6.49,1,CHEMBL135633
OC(c1ccncc1)(c1ccc(Cl)cc1)c1ccc(Cl)cc1,1,IC50,7.08,1,CHEMBL335836
OC(c1ccc(Cl)cc1)(c1ccc(Cl)cc1)c1cnccn1,1,IC50,7.03,1,CHEMBL336616
OC(c1ccc(Cl)cc1)(c1ccc(Cl)cc1)c1ncc[nH]1,1,IC50,6.17,1,CHEMBL135540
OC(c1ccc(Cl)cc1)(c1ccc(Cl)cc1)c1c[nH]cn1,1,IC50,7.55,1,CHEMBL135921
OC(c1ccc(Cl)cc1)(c1ccc(Cl)cc1)c1cc[nH]n1,1,IC50,7.05,1,CHEMBL334999
OC(c1ccc(Cl)cc1)(c1ccc(Cl)cc1)c1cn[nH]c1,1,IC50,7.52,1,CHEMBL137589
OC(c1ccc(Cl)cc1)(c1ccc(Cl)cc1)c1cscn1,1,IC50,8.02,1,CHEMBL5410623
OC(c1ccc(Cl)cc1)(c1ccc(Cl)cc1)c1ccsn1,1,IC50,7.72,1,CHEMBL5410574
Clc1ccc(C(c2ccc(Cl)cc2)(c2cccnc2)n2ccnc2)cc1,1,IC50,7.3,1,CHEMBL137049
Clc1ccc(C(c2ccncc2)(c2ccc(Cl)cc2)n2ccnc2)cc1,1,IC50,7.3,1,CHEMBL137396
Clc1ccc(C(c2ccc(Cl)cc2)(c2ccccn2)n2ccnc2)cc1,1,IC50,7.54,1,CHEMBL133198
Clc1ccc(C(c2ccc(Cl)cc2)(c2ncc[nH]2)n2ccnc2)cc1,1,IC50,8.03,1,CHEMBL137604
Clc1ccc(C(c2ccc(Cl)cc2)(c2c[nH]cn2)n2ccnc2)cc1,1,IC50,7.8,1,CHEMBL344904
Clc1ccc(C(c2ccc(Cl)cc2)(c2cc[nH]n2)n2ccnc2)cc1,1,IC50,7.21,1,CHEMBL336708
Clc1ccc(C(c2ccc(Cl)cc2)(c2cn[nH]c2)n2ccnc2)cc1,1,IC50,7.96,1,CHEMBL137001
Clc1ccc(C(c2ccc(Cl)cc2)(c2nc[nH]n2)n2ccnc2)cc1,1,IC50,7.95,1,CHEMBL135172
Clc1ccc(C(c2ccc(Cl)cc2)(c2c[nH]nn2)n2ccnc2)cc1,1,IC50,7.75,1,CHEMBL135378
Clc1ccc(C(c2ccc(Cl)cc2)(c2cscn2)n2ccnc2)cc1,1,IC50,7.77,1,CHEMBL5427411
Clc1ccc(C(c2ccc(Cl)cc2)(c2ccsn2)n2ccnc2)cc1,1,IC50,7.24,1,CHEMBL5398859
N#CC1(c2cc(Cn3cncn3)cc(Sc3ccc(OS(N)(=O)=O)c(Cl)c3)c2)CCC1,1,IC50,7.01,1,CHEMBL3622074
N#Cc1ccc(N(CCc2ccc(OS(N)(=O)=O)cc2)n2cnnc2)cc1,1,IC50,8.68,1,CHEMBL5406393
N#Cc1ccc(N(CCc2ccc(OS(N)(=O)=O)c(F)c2)n2cnnc2)cc1,1,IC50,8.7,1,CHEMBL5432233
N#Cc1ccc(N(CCc2ccc(OS(N)(=O)=O)c(Cl)c2)n2cnnc2)cc1,1,IC50,8.77,1,CHEMBL5418345
N#Cc1ccc(N(CCc2ccc(OS(N)(=O)=O)c(Br)c2)n2cnnc2)cc1,1,IC50,8.96,1,CHEMBL5397670
N#Cc1ccc(N(CCCc2ccc(OS(N)(=O)=O)cc2)n2cnnc2)cc1,1,IC50,9.05,2,CHEMBL5431850
N#Cc1ccc(N(CCCc2ccc(OS(N)(=O)=O)c(F)c2)n2cnnc2)cc1,1,IC50,8.6,1,CHEMBL5397197
N#Cc1ccc(N(CCCc2ccc(OS(N)(=O)=O)c(Cl)c2)n2cnnc2)cc1,1,IC50,8.68,1,CHEMBL5415771
N#Cc1ccc(N(CCCc2ccc(OS(N)(=O)=O)c(Br)c2)n2cnnc2)cc1,1,IC50,8.82,1,CHEMBL5423824
N#Cc1ccc(N(CCc2ccc(O)cc2)n2cnnc2)cc1,1,IC50,8.89,1,CHEMBL5402090
N#Cc1ccc(N(CCc2ccc(O)c(F)c2)n2cnnc2)cc1,1,IC50,9.39,1,CHEMBL5396464
N#Cc1ccc(N(CCc2ccc(O)c(Cl)c2)n2cnnc2)cc1,1,IC50,9.55,1,CHEMBL5412416
N#Cc1ccc(N(CCc2ccc(O)c(Br)c2)n2cnnc2)cc1,1,IC50,9.44,1,CHEMBL5417335
N#Cc1ccc(N(CCCc2ccc(O)cc2)n2cnnc2)cc1,1,IC50,8.8,1,CHEMBL5413770
N#Cc1ccc(N(CCCc2ccc(O)c(F)c2)n2cnnc2)cc1,1,IC50,9.0,1,CHEMBL5399449
N#Cc1ccc(N(CCCc2ccc(O)c(Cl)c2)n2cnnc2)cc1,1,IC50,9.41,1,CHEMBL5407526
N#Cc1ccc(N(CCCc2ccc(O)c(Br)c2)n2cnnc2)cc1,1,IC50,9.44,1,CHEMBL5402457
N#Cc1ccc(N(CCOc2ccc(O)cc2)n2cnnc2)cc1,1,IC50,7.58,1,CHEMBL5440356
N#Cc1ccc(N(CCCOc2ccc(O)cc2)n2cnnc2)cc1,1,IC50,8.82,1,CHEMBL5400488
N#Cc1ccc(N(CCCCOc2ccc(O)cc2)n2cnnc2)cc1,1,IC50,8.36,1,CHEMBL5411472
N#Cc1ccc(N(CCOc2ccc(OS(N)(=O)=O)cc2)n2cnnc2)cc1,1,IC50,6.12,1,CHEMBL5424049
N#Cc1ccc(N(CCCOc2ccc(OS(N)(=O)=O)cc2)n2cnnc2)cc1,1,IC50,8.52,1,CHEMBL5423400
N#Cc1ccc(N(CCCCOc2ccc(OS(N)(=O)=O)cc2)n2cnnc2)cc1,1,IC50,7.51,1,CHEMBL5425230
N#Cc1ccc(N(CSc2cccc(O)c2)n2cnnc2)cc1,1,IC50,9.42,1,CHEMBL5410657
N#Cc1ccc(N(CSc2ccc(O)cc2)n2cnnc2)cc1,1,IC50,8.77,1,CHEMBL5412353
N#Cc1ccc(N(CCSc2cccc(O)c2)n2cnnc2)cc1,1,IC50,9.51,1,CHEMBL5401315
N#Cc1ccc(N(CCCSc2ccc(O)cc2)n2cnnc2)cc1,1,IC50,9.55,1,CHEMBL5440424
N#Cc1ccc(N(CCCCSc2ccc(O)cc2)n2cnnc2)cc1,1,IC50,9.0,1,CHEMBL5417041
N#Cc1ccc(N(CCCCCSc2ccc(O)cc2)n2cnnc2)cc1,1,IC50,9.22,1,CHEMBL5439970
N#Cc1ccc(N(CCCCCCCCCCSc2ccc(O)cc2)n2cnnc2)cc1,1,IC50,9.38,1,CHEMBL5440379
N#Cc1ccc(N(CCSCc2ccc(O)cc2)n2cnnc2)cc1,1,IC50,9.19,1,CHEMBL5402619
N#Cc1ccc(N(CSc2cccc(OS(N)(=O)=O)c2)n2cnnc2)cc1,1,IC50,8.41,1,CHEMBL5428080
N#Cc1ccc(N(CSc2ccc(OS(N)(=O)=O)cc2)n2cnnc2)cc1,1,IC50,8.26,1,CHEMBL5425142
N#Cc1ccc(N(CCSc2cccc(OS(N)(=O)=O)c2)n2cnnc2)cc1,1,IC50,8.77,1,CHEMBL5435238
N#Cc1ccc(N(CCCCSc2ccc(OS(N)(=O)=O)cc2)n2cnnc2)cc1,1,IC50,8.7,1,CHEMBL5398138
N#Cc1ccc(N(CCCCCCCCCCSc2ccc(OS(N)(=O)=O)cc2)n2cnnc2)cc1,1,IC50,8.26,1,CHEMBL5409338
N#Cc1ccc(N(CCSCc2ccc(OS(N)(=O)=O)cc2)n2cnnc2)cc1,1,IC50,9.43,1,CHEMBL5421435
CN(CCN(c1ccc(C#N)cc1)n1cnnc1)S(=O)(=O)c1ccc(O)cc1,1,IC50,8.26,1,CHEMBL5427905
CN(CCN(c1ccc(C#N)cc1)n1cnnc1)S(=O)(=O)c1ccc(OS(N)(=O)=O)cc1,1,IC50,8.0,1,CHEMBL5394799
N#Cc1ccc(N(CCc2coc3cc(OS(N)(=O)=O)ccc23)n2cnnc2)cc1,1,IC50,8.4,1,CHEMBL5408847
N#Cc1ccc(N(CC2CCc3cc(O)ccc3C2)n2cnnc2)cc1,1,IC50,9.6,1,CHEMBL5404073
N#Cc1ccc(N(Cc2ccc3cc(O)ccc3c2)n2cnnc2)cc1,1,IC50,7.85,1,CHEMBL5397563
N#Cc1ccc(N(Cc2ccc3c(Cl)c(O)ccc3c2)n2cnnc2)cc1,1,IC50,8.42,1,CHEMBL5398997
N#Cc1ccc(N(Cc2ccc3c(Br)c(O)ccc3c2)n2cnnc2)cc1,1,IC50,10.0,1,CHEMBL5408436
N#Cc1ccc(N(CCn2ccc3cc(O)ccc32)n2cnnc2)cc1,1,IC50,8.49,1,CHEMBL5434606
Cn1cc(CCN(c2ccc(C#N)cc2)n2cnnc2)c2cc(O)ccc21,1,IC50,8.82,1,CHEMBL5424630
N#Cc1ccc(N(Cc2c[nH]c3ccc(O)cc23)n2cnnc2)cc1,1,IC50,7.8,1,CHEMBL5419258
N#Cc1ccc(N(CCc2coc3cc(O)ccc23)n2cnnc2)cc1,1,IC50,8.82,1,CHEMBL5412425
N#Cc1ccc(N(Cc2nc3ccc(O)cc3o2)n2cnnc2)cc1,1,IC50,7.8,1,CHEMBL5437662
NS(=O)(=O)Oc1ccc(C(c2ccc(Cl)cc2)n2cncn2)cc1Br,1,IC50,8.6,1,CHEMBL5429338
N#Cc1ccc(C(Cc2ccc(OS(N)(=O)=O)cc2)n2cncn2)cc1,1,IC50,8.55,1,CHEMBL5395753
N#Cc1ccc(C(CCc2ccc(OS(N)(=O)=O)cc2)n2cncn2)cc1,1,IC50,9.66,1,CHEMBL5416513
NS(=O)(=O)Oc1ccc(CC(c2ccc(Cl)cc2)n2cncn2)cc1,1,IC50,7.41,1,CHEMBL5422332
NS(=O)(=O)Oc1ccc(CC(c2ccc(Cl)cc2)n2cncn2)cc1Br,1,IC50,8.85,1,CHEMBL5413153
CN(C)S(=O)(=O)Oc1ccc(C(c2ccc(C#N)cc2)n2cncn2)cc1Br,1,IC50,7.64,1,CHEMBL5430347
Oc1ccc(C(c2ccc(Cl)cc2)n2cncn2)cc1Br,1,IC50,8.64,1,CHEMBL5410011
N#Cc1ccc(C(Cc2ccc(O)cc2)n2cncn2)cc1,1,IC50,8.54,1,CHEMBL5421626
N#Cc1ccc(C(Cc2ccc(O)c(Br)c2)n2cncn2)cc1,1,IC50,9.68,1,CHEMBL5406734
N#Cc1ccc(C(CCc2ccc(O)cc2)n2cncn2)cc1,1,IC50,9.8,1,CHEMBL5436996
N#Cc1ccc(C(CCc2ccc(O)c(Br)c2)n2cncn2)cc1,1,IC50,10.7,1,CHEMBL5438093
Oc1ccc(CC(c2ccc(Cl)cc2)n2cncn2)cc1,1,IC50,7.1,1,CHEMBL5413472
Oc1ccc(CC(c2ccc(Cl)cc2)n2cncn2)cc1Br,1,IC50,8.74,1,CHEMBL5429844
Cn1nnc2ccc(C(c3ccc(O)cc3)n3cncn3)cc21,1,IC50,8.42,1,CHEMBL5421450
N#Cc1ccc(N(Cc2c(F)cc(OS(N)(=O)=O)cc2F)n2cnnc2)cc1,1,IC50,8.89,1,CHEMBL5395326
N#Cc1ccc(N(Cc2ccc(OS(N)(=O)=O)c(F)c2F)n2cnnc2)cc1,1,IC50,8.15,1,CHEMBL5411834
N#Cc1ccc(N(CCc2c(F)cc(OS(N)(=O)=O)cc2F)n2cnnc2)cc1,1,IC50,8.4,1,CHEMBL5404624
N#Cc1ccc(N(Cc2ccc(OS(N)(=O)=O)c(C(F)F)c2)n2cnnc2)cc1,1,IC50,8.36,1,CHEMBL5395694
N#Cc1ccc(N(Cc2ccc(OS(N)(=O)=O)cc2Cl)n2cnnc2)cc1,1,IC50,7.75,1,CHEMBL5402193
N#Cc1ccc(N(Cc2c(Cl)cc(OS(N)(=O)=O)cc2Cl)n2cnnc2)cc1,1,IC50,9.22,1,CHEMBL5402413
N#Cc1ccc(N(Cc2ccc(OS(N)(=O)=O)cc2Br)n2cnnc2)cc1,1,IC50,8.59,1,CHEMBL5413431
NS(=O)(=O)Oc1ccc(CN(c2cc(F)cc(F)c2)n2cnnc2)cc1,1,IC50,6.12,1,CHEMBL5400682
N#Cc1ccc(N(Cc2ccc(O)cc2F)n2cnnc2)cc1,1,IC50,8.41,1,CHEMBL5436006
N#Cc1ccc(N(Cc2c(F)cc(O)cc2F)n2cnnc2)cc1,1,IC50,8.89,1,CHEMBL5404820
N#Cc1ccc(N(Cc2ccc(O)c(F)c2F)n2cnnc2)cc1,1,IC50,8.17,1,CHEMBL5401946
N#Cc1ccc(N(CCc2c(F)cc(O)cc2F)C2C=NN=C2)cc1,1,IC50,9.85,1,CHEMBL5401648
N#Cc1ccc(N(Cc2ccc(O)c(C(F)F)c2)n2ccnc2)cc1,1,IC50,8.82,1,CHEMBL5413848
N#Cc1ccc(N(n2cnnc2)C(F)(F)c2ccc(O)cc2)cc1,1,IC50,6.53,1,CHEMBL5435398
N#Cc1ccc(N(Cc2ccc(O)cc2Cl)n2cnnc2)cc1,1,IC50,8.52,1,CHEMBL5431758
N#Cc1ccc(N(Cc2c(Cl)cc(O)cc2Cl)n2cnnc2)cc1,1,IC50,8.64,1,CHEMBL5402384
N#Cc1ccc(N(Cc2ccc(O)cc2Br)n2cnnc2)cc1,1,IC50,8.96,1,CHEMBL5412669
N#Cc1ccc(N(Cc2ccc(O)cc2F)n2ccnc2)cc1,1,IC50,10.55,1,CHEMBL5425028
C1=NC=NC1CCCc1ccccc1,0,IC50,4.46,1,CHEMBL5438618
C1=NC=NC1CCCCc1ccccc1,0,IC50,4.92,1,CHEMBL5419141
C1=NC=NC1CCCCCc1ccccc1,0,IC50,4.3,1,CHEMBL5421931
C1=NC=NC1C(c1ccccc1)c1ccccc1,0,IC50,4.6,1,CHEMBL5394232
C1=NC=NC1CC(c1ccccc1)c1ccccc1,0,IC50,4.31,1,CHEMBL5401807
C1=NC=NC1CCC(c1ccccc1)c1ccccc1,0,IC50,4.82,1,CHEMBL5395683
C1=NC=NC1CCCCCC(c1ccccc1)c1ccccc1,0,IC50,4.84,1,CHEMBL5414163
C1=NC=NC1CC(Cc1ccccc1)c1ccccc1,0,IC50,4.35,1,CHEMBL5406470
C1=NC=NC1C(CCCCc1ccccc1)c1ccccc1,0,IC50,4.6,1,CHEMBL5413133
c1ccc(C(CCn2ccnc2)c2ccccc2)cc1,0,IC50,4.7,1,CHEMBL415952
c1ccc(C(CCCn2ccnc2)c2ccccc2)cc1,0,IC50,4.8,1,CHEMBL5419940
N#Cc1ccc(C(CCc2c[nH]cn2)c2ccccc2)cc1,1,IC50,6.32,1,CHEMBL5433174
Cc1ccccc1C(CCc1c[nH]cn1)c1ccccc1C,0,IC50,4.48,1,CHEMBL5398810
Cc1cccc(C(CCc2c[nH]cn2)c2cccc(C)c2)c1,0,IC50,4.7,1,CHEMBL5398069
Cc1ccc(C(CCc2c[nH]cn2)c2ccc(C)cc2)cc1,0,IC50,4.85,1,CHEMBL5401856
Fc1cccc(C(CCc2c[nH]cn2)c2cccc(F)c2)c1,0,IC50,4.72,1,CHEMBL5432975
FC(F)(F)c1ccc(C(CCc2c[nH]cn2)c2ccc(C(F)(F)F)cc2)cc1,0,IC50,4.5,1,CHEMBL5436915
N#Cc1ccc(C(CCc2c[nH]cn2)c2ccc(F)cc2)cc1,1,IC50,6.3,1,CHEMBL5425656
COc1ccc(C(CCc2c[nH]cn2)c2ccc(C#N)cc2)cc1,1,IC50,6.07,1,CHEMBL5432857
N#Cc1ccc(C(CCc2c[nH]cn2)c2ccc(C#N)cc2)cc1,1,IC50,6.07,1,CHEMBL5417855
Fc1ccccc1C(CCCc1c[nH]cn1)c1ccccc1,0,IC50,4.8,1,CHEMBL5397541
Cc1cccc(C(CCCc2c[nH]cn2)c2cccc(C)c2)c1,0,IC50,4.55,1,CHEMBL5423113
Nc1ccc(C(CCCc2c[nH]cn2)c2ccc(N)cc2)cc1,0,IC50,4.58,1,CHEMBL5397559
O=[N+]([O-])c1ccc(C(CCCc2c[nH]cn2)c2ccc([N+](=O)[O-])cc2)cc1,0,IC50,4.7,1,CHEMBL5423378
Fc1ccc(C(CCCc2ccccc2)c2c[nH]cn2)cc1,1,IC50,6.1,1,CHEMBL5440818
N#Cc1ccc(C(CCCc2ccccc2)c2c[nH]cn2)cc1,1,IC50,6.68,1,CHEMBL5401445
Fc1ccc(CCCC(c2ccc(F)cc2)c2c[nH]cn2)cc1,1,IC50,6.2,1,CHEMBL5402637
N#Cc1ccc(C(CCCc2ccc(F)cc2)c2c[nH]cn2)cc1,1,IC50,6.64,1,CHEMBL5418765
Fc1ccc(C(CCc2ccccc2)c2c[nH]cn2)cc1,1,IC50,6.16,1,CHEMBL5439843
N#Cc1ccc(C(CCc2ccc(F)cc2)Cc2c[nH]cn2)cc1,1,IC50,6.3,1,CHEMBL5436300
Fc1ccc(C(CCn2cncn2)c2ccc(F)cc2)cc1,0,IC50,4.44,1,CHEMBL5419948
N#Cc1ccc(C(CCc2ccc(F)cc2)n2ccnc2)cc1,1,IC50,7.3,1,CHEMBL5421565
N#Cc1ccc(C(CCc2ccc(F)cc2)n2cncn2)cc1,1,IC50,6.72,1,CHEMBL5397796
N#Cc1ccc(C(CCCc2ccc(F)cc2)n2ccnc2)cc1,1,IC50,7.4,1,CHEMBL5411950
N#Cc1ccc(C(CCCc2ccc(F)cc2)n2cncn2)cc1,1,IC50,6.92,1,CHEMBL5433553
N#Cc1ccc(/C(=C\Cc2ccc(F)cc2)C2C=NC=N2)cc1,1,IC50,6.72,1,CHEMBL5395040
N#Cc1ccc(/C(=C\CCc2ccc(F)cc2)C2C=NC=N2)cc1,1,IC50,6.72,1,CHEMBL5427944
N#Cc1ccc(CC/C=C(\c2ccc(C#N)cc2)C2C=NC=N2)cc1,1,IC50,6.3,1,CHEMBL5419123
N#Cc1ccc(/C(=C\Cc2ccc(F)cc2)n2cncn2)cc1,1,IC50,7.3,1,CHEMBL5430737
N#Cc1ccc(/C(=C\CCc2ccc(F)cc2)n2cncn2)cc1,1,IC50,6.85,1,CHEMBL5439983
N#Cc1ccc(/C(=C\CCc2ccc(F)cc2)n2ccnc2)cc1,1,IC50,7.22,1,CHEMBL5431734
CCCCOc1ccc(N/C=N\O)cc1,1,IC50,6.57,1,CHEMBL348263
CCCCOc1ccc(-n2ccnc2)cc1,1,IC50,8.15,1,CHEMBL112532
CCCCOc1ccc(-n2ccnc2C)cc1,1,IC50,6.11,1,CHEMBL358214
CCCCOc1ccc(-n2cnc(C)c2)cc1,1,IC50,6.44,1,CHEMBL151207
CCCCOc1ccc(-n2ccnn2)cc1,1,IC50,7.17,1,CHEMBL5423575
CCCCOc1ccc(-c2ncc[nH]2)cc1,0,IC50,4.73,1,CHEMBL150999
CCCCOc1ccc(-c2nn[nH]n2)cc1,1,IC50,6.5,1,CHEMBL150278
CCCCOc1ccccc1-c1ccno1,0,IC50,4.85,1,CHEMBL150799
CCCCOc1ccc(-c2oncc2C)cc1,1,IC50,6.32,1,CHEMBL151038
CCCCOc1ccc(-c2ccn(C)n2)cc1,0,IC50,4.63,1,CHEMBL5426889
CCCCOc1ccc(-c2cc(C)[nH]n2)cc1,0,IC50,4.8,1,CHEMBL356594
C[C@H](OC(=O)C12CC3CC(CC(C3)C1)C2)c1ccncc1,0,IC50,4.8,1,CHEMBL110524
C[C@H](OC(=O)C12CC3CC(CC(C3)C1)C2)c1cccnc1,0,IC50,4.44,1,CHEMBL112509
CCc1ccc(C(c2cc3ccc(OC)cc3o2)n2cncn2)cc1,1,IC50,6.93,1,CHEMBL371663
N#Cc1ccccc1-c1cccc(Cn2cncn2)c1,1,IC50,8.15,1,CHEMBL5438879
Cc1ncsc1-c1ccc([C@H](C)NC(=O)[C@@H]2C[C@@H](O)CN2C(=O)[C@@H](NC(=O)CCCCOc2ccc(N(CC(F)(F)F)S(=O)(=O)C3CC4OC3C(c3ccc(-n5ccnc5)cc3)=C4c3ccc(O)cc3)cc2)C(C)(C)C)cc1,1,IC50,6.5,1,CHEMBL5558656
Cc1ncsc1-c1ccc([C@H](C)NC(=O)[C@@H]2C[C@@H](O)CN2C(=O)[C@@H](NC(=O)CCCCCCCCOc2ccc(N(CC(F)(F)F)S(=O)(=O)C3CC4OC3C(c3ccc(-n5ccnc5)cc3)=C4c3ccc(O)cc3)cc2)C(C)(C)C)cc1,0,IC50 (>),4.0,1,CHEMBL5561336
Cc1ncsc1-c1ccc([C@H](C)NC(=O)[C@@H]2C[C@@H](O)CN2C(=O)[C@@H](NC(=O)CCCCCCCCCOc2ccc(N(CC(F)(F)F)S(=O)(=O)C3CC4OC3C(c3ccc(-n5ccnc5)cc3)=C4c3ccc(O)cc3)cc2)C(C)(C)C)cc1,0,IC50 (>),4.0,1,CHEMBL5564308
Cc1ncsc1-c1ccc([C@H](C)NC(=O)[C@@H]2C[C@@H](O)CN2C(=O)[C@@H](NC(=O)CCCCCCCCCCOc2ccc(N(CC(F)(F)F)S(=O)(=O)C3CC4OC3C(c3ccc(-n5ccnc5)cc3)=C4c3ccc(O)cc3)cc2)C(C)(C)C)cc1,0,IC50 (>),4.0,1,CHEMBL5568367
Cc1ncsc1-c1ccc([C@H](C)NC(=O)[C@@H]2C[C@@H](O)CN2C(=O)[C@@H](NC(=O)CCCCCCCCCCCOc2ccc(N(CC(F)(F)F)S(=O)(=O)C3CC4OC3C(c3ccc(-n5ccnc5)cc3)=C4c3ccc(O)cc3)cc2)C(C)(C)C)cc1,0,IC50 (>),4.0,1,CHEMBL5568432
Cc1ncsc1-c1ccc([C@H](C)NC(=O)[C@@H]2C[C@@H](O)CN2C(=O)[C@@H](NC(=O)CCCCCOc2ccc(N(CC(F)(F)F)S(=O)(=O)C3CC4OC3C(c3ccc(-n5cncn5)cc3)=C4c3ccc(O)cc3)cc2)C(C)(C)C)cc1,0,IC50 (>),4.0,1,CHEMBL5559605
Cc1ncsc1-c1ccc([C@H](C)NC(=O)[C@@H]2C[C@@H](O)CN2C(=O)[C@@H](NC(=O)COCCOCCOc2ccc(N(CC(F)(F)F)S(=O)(=O)C3CC4OC3C(c3ccc(-n5ccnc5)cc3)=C4c3ccc(O)cc3)cc2)C(C)(C)C)cc1,1,IC50,6.5,1,CHEMBL5565514
Cc1ncsc1-c1ccc([C@H](C)NC(=O)[C@@H]2C[C@@H](O)CN2C(=O)[C@@H](NC(=O)COCCOCCOCCOCCOc2ccc(N(CC(F)(F)F)S(=O)(=O)C3CC4OC3C(c3ccc(-n5ccnc5)cc3)=C4c3ccc(O)cc3)cc2)C(C)(C)C)cc1,1,IC50,6.19,1,CHEMBL5549760
O=C(COc1cccc2c1C(=O)N(C1CCC(=O)NC1=O)C2=O)NCCCOc1ccc(N(CC(F)(F)F)S(=O)(=O)C2CC3OC2C(c2ccc(-n4ccnc4)cc2)=C3c2ccc(O)cc2)cc1,0,IC50 (>),4.0,1,CHEMBL5563219
O=C(COc1cccc2c1C(=O)N(C1CCC(=O)NC1=O)C2=O)NCCCCCOc1ccc(N(CC(F)(F)F)S(=O)(=O)C2CC3OC2C(c2ccc(-n4ccnc4)cc2)=C3c2ccc(O)cc2)cc1,0,IC50 (>),4.0,1,CHEMBL5561803
COc1ccc(N(CC(F)(F)F)S(=O)(=O)C2CC3OC2C(c2ccc(O)cc2)=C3c2ccc(O)cc2)cc1,0,IC50 (>),4.0,1,CHEMBL5396802
C[C@]12CC[C@@H]3c4ccc(O)cc4C[C@@H](CCCCCCCCC[S+]([O-])CCCC(F)(F)C(F)(F)F)[C@H]3[C@@H]1CC[C@@H]2O,0,IC50 (>),4.0,1,CHEMBL1358
CC/C(=C(\c1ccc(O)cc1)c1ccc(OCCN(C)C)cc1)c1ccccc1,0,IC50 (>),4.0,1,CHEMBL489
CCOC(=O)C(=O)Nc1ccc(C(C)=C(c2ccccc2)c2ccccc2)cc1,0,IC50,4.92,1,CHEMBL5561121
CCOC(=O)C(=O)Nc1ccc(/C(=C(/C)c2cccc(Br)c2)c2ccccc2)cc1,1,IC50,6.46,1,CHEMBL5561326
CCOC(=O)C(=O)Nc1ccc(/C(=C(/C)c2ccccc2OC)c2ccccc2)cc1,1,IC50,6.75,1,CHEMBL5564454
CCOC(=O)C(=O)Nc1ccc(/C(=C(/C)c2ccc(OC)cc2)c2ccccc2)cc1,1,IC50,7.21,2,CHEMBL5567780
CCOC(=O)C(=O)Nc1ccc(/C(=C(/C)c2ccc(Cl)cc2)c2ccccc2)cc1,1,IC50,7.08,2,CHEMBL5560949
C/C(=C(\c1ccccc1)c1ccc(NC(=O)C(=O)O)cc1)c1ccccc1,1,IC50,6.16,1,CHEMBL5568037
COc1ccccc1/C(C)=C(/c1ccccc1)c1ccc(NC(=O)C(=O)O)cc1,1,IC50,6.5,1,CHEMBL5560527
COc1ccc(/C(C)=C(/c2ccccc2)c2ccc(NC(=O)C(=O)O)cc2)cc1,1,IC50,6.05,1,CHEMBL5559396
CCOC(=O)C(=O)c1cn(CCCNc2ccc(C(=C(C)c3ccccc3)c3ccccc3)cc2)c2ccccc12,1,IC50,6.19,1,CHEMBL5557971
CCOC(=O)C(=O)c1cn(CCCCNc2ccc(C(=C(C)c3ccccc3)c3ccccc3)cc2)c2ccccc12,1,IC50,6.3,1,CHEMBL5566581
CCOC(=O)C(=O)c1cn(CCCCCNc2ccc(C(=C(C)c3ccccc3)c3ccccc3)cc2)c2ccccc12,1,IC50,7.27,2,CHEMBL5555812
CC(=C(c1ccccc1)c1ccc(NCCCn2cc(C(=O)C(=O)O)c3ccccc32)cc1)c1ccccc1,1,IC50,6.75,1,CHEMBL5559919
CCOC(=O)C(=O)c1cn(CCCCCNc2ccc(/C(=C(/C)c3cccc(Br)c3)c3ccccc3)cc2)c2ccccc12,1,IC50,6.1,1,CHEMBL5564606
CCOC(=O)C(=O)c1cn(CCCCCNc2ccc(/C(=C(/C)c3ccccc3OC)c3ccccc3)cc2)c2ccccc12,1,IC50,6.88,1,CHEMBL5559750
C/C(=C(\c1ccccc1)c1ccc(NCCCCCn2cc(C(=O)C(=O)O)c3ccccc32)cc1)c1cccc(Br)c1,1,IC50,6.1,1,CHEMBL5555946
COc1ccccc1/C(C)=C(/c1ccccc1)c1ccc(NCCCCn2cc(C(=O)C(=O)O)c3ccccc32)cc1,1,IC50,6.26,1,CHEMBL5559883
COc1ccccc1/C(C)=C(/c1ccccc1)c1ccc(NCCCCCn2cc(C(=O)C(=O)O)c3ccccc32)cc1,0,IC50,4.91,1,CHEMBL5557518
C[n+]1ccc(/C=C/c2cc3c(O)c(c2)Cc2cc(C(C)(C)C)cc(c2OCCCn2cc(CN4C(=O)C(=O)c5ccccc54)nn2)Cc2cc(/C=C/c4cc[n+](C)cc4)cc(c2O)Cc2cc(C(C)(C)C)cc(c2OCCCn2cc(CN4C(=O)C(=O)c5ccccc54)nn2)C3)cc1,1,IC50,6.29,1,CHEMBL5559841
C[n+]1ccc(/C=C/c2cc3c(O)c(c2)Cc2cc(C(C)(C)C)cc(c2OCCCn2cc(CN4C(=O)C(=O)c5cc(F)ccc54)nn2)Cc2cc(/C=C/c4cc[n+](C)cc4)cc(c2O)Cc2cc(C(C)(C)C)cc(c2OCCCn2cc(CN4C(=O)C(=O)c5cc(F)ccc54)nn2)C3)cc1,1,IC50,6.15,1,CHEMBL5564713
C[n+]1ccc(/C=C/c2cc3c(O)c(c2)Cc2cc(C(C)(C)C)cc(c2OCCCn2cc(CN4C(=O)C(=O)c5cc(Cl)ccc54)nn2)Cc2cc(/C=C/c4cc[n+](C)cc4)cc(c2O)Cc2cc(C(C)(C)C)cc(c2OCCCn2cc(CN4C(=O)C(=O)c5cc(Cl)ccc54)nn2)C3)cc1,1,IC50,6.98,1,CHEMBL5568351
C[n+]1ccc(/C=C/c2cc3c(O)c(c2)Cc2cc(C(C)(C)C)cc(c2OCCCn2cc(CN4C(=O)C(=O)c5cc(Br)ccc54)nn2)Cc2cc(/C=C/c4cc[n+](C)cc4)cc(c2O)Cc2cc(C(C)(C)C)cc(c2OCCCn2cc(CN4C(=O)C(=O)c5cc(Br)ccc54)nn2)C3)cc1,1,IC50,6.5,1,CHEMBL5568308
Cc1ccc2c(c1)C(=O)C(=O)N2Cc1cn(CCCOc2c3cc(C(C)(C)C)cc2Cc2cc(/C=C/c4cc[n+](C)cc4)cc(c2O)Cc2cc(C(C)(C)C)cc(c2OCCCn2cc(CN4C(=O)C(=O)c5cc(C)ccc54)nn2)Cc2cc(/C=C/c4cc[n+](C)cc4)cc(c2O)C3)nn1,1,IC50,6.66,1,CHEMBL5567762
Cc1cccc(C(=O)OCCOc2ccc(S(N)(=O)=O)cc2)c1N,0,IC50,4.36,1,CHEMBL5946526
COC(C)C(=O)Nc1cccc(NC(C(N)=O)c2ccccc2)c1,0,IC50 (>),4.3,1,CHEMBL6031073
O=C1COc2cc(NCc3cccc(NC(=O)c4ccccc4Cl)c3)c(Cl)cc2N1,0,IC50 (>),4.6,1,CHEMBL5873947
O=C1COc2cc(NC(=O)c3cc(NC(=O)c4cn[nH]c4)ccc3Cl)ccc2N1,1,IC50,7.22,1,CHEMBL5875159
O=C1COc2cc(NCc3cccc(C(=O)Nc4cccnc4)c3)c(Cl)cc2N1,0,IC50,4.84,1,CHEMBL5887888
CC(C)(C)c1ccc(S(=O)(=O)N2CCN(Cc3nc4cc(F)ccc4o3)CC2)cc1,1,IC50,7.19,1,CHEMBL6167931
