smiles,label,type,pChEMBL,n_records,chembl_ids
Cc1cc(C)c(/C=C2\C(=O)Nc3ncnc(Nc4ccc(F)c(Cl)c4)c32)[nH]1,1,IC50,7.39,2,CHEMBL68920
Cc1cc(C(=O)N2CCOCC2)[nH]c1/C=C1\C(=O)Nc2ncnc(Nc3ccc(F)c(Cl)c3)c21,1,IC50,7.4,3,CHEMBL69960
N#CC(C#N)=Cc1cc(O)ccc1[N+](=O)[O-],0,IC50,4.02,2,CHEMBL77085
N#CC(C#N)=C(N)/C(C#N)=C/c1ccc(O)cc1,1,IC50,7.0,2,CHEMBL76589
COc1cc(C=C(C#N)C#N)cc(OC)c1,0,IC50 (>),2.9,2,CHEMBL77724
N#CC(C#N)=Cc1ccc(N2CCOCC2)cc1,0,IC50 (>),3.2,2,CHEMBL420385
N#CC(C#N)=Cc1ccc(O)c(O)c1,0,IC50,4.46,4,CHEMBL76904
CCN(CC)CC(O)CNC(=O)c1cc(C)c(/C=C2\C(=O)Nc3ncnc(Nc4ccc(F)c(Cl)c4)c32)[nH]1,1,IC50,9.35,1,CHEMBL304271
N#CC(C#N)=C(N)/C(C#N)=C/c1ccc(O)c([N+](=O)[O-])c1,0,IC50,4.22,1,CHEMBL309625
N#CC(C#N)=Cc1ccc(F)cc1,0,IC50 (>),2.9,2,CHEMBL76983
N#CC(C#N)=Cc1ccc(O)c([N+](=O)[O-])c1,0,Ki,4.31,1,CHEMBL308134
CN(C)/N=N/c1ccc2ncnc(Nc3cccc(Cl)c3)c2c1,1,IC50,7.85,1,CHEMBL136491
CC(=C(C#N)C#N)c1ccc(N)cc1,0,IC50 (>),2.9,1,CHEMBL77280
Cc1cccc(Nc2ncnc3ccc(N)cc23)c1,1,IC50,7.3,3,CHEMBL336113
C/N=N/Nc1ccc2ncnc(Nc3cccc(Cl)c3)c2c1,1,IC50,7.0,1,CHEMBL133024
CN(C)/N=N/c1ccc2ncnc(N(C)c3ccccc3)c2c1,0,IC50,4.88,1,CHEMBL344652
O=CN/C=C/c1cc(O)ccc1O,0,IC50,4.85,1,CHEMBL47986
Brc1cccc(Nc2ncnc3ccc(N/N=N/Cc4ccccn4)cc23)c1,1,IC50,6.62,1,CHEMBL138125
Brc1cccc(Nc2ncnc3ccc(N/N=N/CCN4CCOCC4)cc23)c1,1,IC50,7.19,1,CHEMBL137364
O=C1Nc2ncnc(Nc3ccc(F)c(Cl)c3)c2/C1=C/c1ccc(C(=O)NCCN2CCOCC2)[nH]1,1,IC50,7.66,1,CHEMBL302552
N#CC(C#N)=C(O)c1cc(O)c(O)c(O)c1,0,IC50,4.87,1,CHEMBL309598
COc1ccc(C=C(C#N)C#N)cc1O,0,IC50 (>),3.6,1,CHEMBL78302
Cc1cc(C(=O)N2CCOCC2)[nH]c1/C=C1\C(=O)Nc2ncnc(Nc3ccc4c(ccn4Cc4ccccc4)c3)c21,1,IC50,8.35,2,CHEMBL67057
Nc1ccc2ncnc(NCc3ccccc3)c2c1,1,IC50,6.29,1,CHEMBL332096
CCN(CC)CCNC(=O)c1c(C)[nH]c(/C=C2\C(=O)Nc3ncnc(Nc4ccc(F)c(Cl)c4)c32)c1C,1,IC50,6.7,1,CHEMBL432903
Cc1cc(/C=C2\C(=O)Nc3ncnc(Nc4ccc(F)c(Cl)c4)c32)[nH]c1C(=O)N1CCN(C)CC1,1,IC50,6.68,1,CHEMBL69964
N#C/C(=C\c1ccc(C=O)cc1)C(=O)O,0,IC50,4.33,1,CHEMBL76985
Cc1cc(C(=O)NCCN2CCOCC2)[nH]c1/C=C1\C(=O)Nc2ncnc(Nc3ccc(F)c(Cl)c3)c21,1,IC50,8.19,2,CHEMBL69629
Cc1cc(C(=O)N2CCOCC2)[nH]c1/C=C1\C(=O)Nc2ncnc(N3CCCCC3)c21,0,IC50 (>),4.7,1,CHEMBL68258
COc1ccc(C=C(C#N)C#N)cc1,0,IC50 (>),2.9,2,CHEMBL77456
CCN1CCN(C(=O)c2cc(C)c(/C=C3\C(=O)Nc4ncnc(Nc5ccc(F)c(Cl)c5)c43)[nH]2)CC1,1,IC50,7.89,2,CHEMBL66570
N#CC(C#N)=Cc1ccc(C=O)cc1,0,IC50,4.22,2,CHEMBL311119
N#CC(C#N)=Cc1cc(O)cc(O)c1,0,IC50,4.43,1,CHEMBL76905
N#C/C(=C/c1cc(O)ccc1O)C(=O)O,0,IC50,4.12,2,CHEMBL76642
Cc1cc(CCC(=O)O)[nH]c1/C=C1\C(=O)Nc2ncnc(Nc3ccc(F)c(Cl)c3)c21,1,IC50,8.33,1,CHEMBL308645
Cc1cc(C(=O)N2CCOCC2)[nH]c1/C=C1\C(=O)Nc2ncnc(Nc3ccc4c(cnn4Cc4ccccc4)c3)c21,1,IC50,8.74,2,CHEMBL67003
CN(C)/N=N/c1ccc2ncnc(Nc3cccc(Br)c3)c2c1,1,IC50,7.96,1,CHEMBL134312
CCCCc1cc(/C=C(\C#N)C(N)=O)cc(CCCC)c1O,0,IC50,4.26,1,CHEMBL77243
Cc1cc(C(=O)N2CCN(C)CC2)[nH]c1/C=C1\C(=O)Nc2ncnc(Nc3ccc(F)c(Cl)c3)c21,1,IC50,8.55,3,CHEMBL305246
C#Cc1cccc(Nc2ncnc3c2/C(=C/c2[nH]c(C(=O)NCCN4CCOCC4)cc2C)C(=O)N3)c1,1,IC50,7.75,3,CHEMBL69966
COc1cc(C=C(C#N)C#N)ccc1O,0,Ki,4.17,1,CHEMBL77869
CCN(CC)CCNC(=O)c1cc(C)c(/C=C2\C(=O)Nc3ncnc(Nc4ccc(F)c(Cl)c4)c32)[nH]1,1,IC50,8.92,2,CHEMBL69358
C/N=N/Nc1ccc2ncnc(Nc3cccc(C)c3)c2c1,1,IC50,6.7,1,CHEMBL137189
C/N=N/Nc1ccc2ncnc(Nc3cccc(Br)c3)c2c1,1,IC50,7.41,1,CHEMBL137617
CN(C)/N=N/c1ccc2ncnc(NCc3ccccc3)c2c1,1,IC50,6.32,1,CHEMBL137027
N#CC(C#N)=C(N)/C(C#N)=C/c1cc(O)c(O)c(O)c1,1,IC50,6.1,3,CHEMBL78257
N#C/C(=C\c1ccccc1)C(=O)O,0,Ki (>),2.6,1,CHEMBL77595
Cc1c(C(=O)N2CCN(C)CC2)c[nH]c1/C=C1\C(=O)Nc2ncnc(Nc3ccc(F)c(Cl)c3)c21,1,IC50,6.39,1,CHEMBL304971
Cc1cc(C(=O)N2CC(C)NC(C)C2)[nH]c1/C=C1\C(=O)Nc2ncnc(Nc3ccc(F)c(Cl)c3)c21,1,IC50,8.23,1,CHEMBL69071
CN(C)CC/N=N/Nc1ccc2ncnc(Nc3cccc(Br)c3)c2c1,1,IC50,7.42,1,CHEMBL137534
C/N=N/Nc1ccc2ncnc(NCc3ccccc3)c2c1,1,IC50,6.47,1,CHEMBL137788
Cc1cc(C)c(/C=C2\C(=O)N(C)c3ncnc(Nc4ccc(F)c(Cl)c4)c32)[nH]1,0,IC50 (>),4.7,1,CHEMBL69709
Brc1cccc(Nc2ncnc3ccc(N/N=N/Cc4ccccc4)cc23)c1,1,IC50,7.6,1,CHEMBL424093
O=C1Nc2ncnc(Nc3ccc(F)c(Cl)c3)c2/C1=C/c1ccc[nH]1,0,IC50 (>),4.7,1,CHEMBL69106
Cc1cc(C(=O)NCCN2CCOCC2)[nH]c1/C=C1\C(=O)Nc2ncnc(Nc3ccc4c(ccn4Cc4ccccc4)c3)c21,1,IC50,8.96,2,CHEMBL264382
COc1cc(C=C(C#N)C#N)cc([N+](=O)[O-])c1O,0,Ki,4.26,1,CHEMBL307179
Cc1[nH]c(/C=C2\C(=O)Nc3ncnc(Nc4ccc(F)c(Cl)c4)c32)c(C)c1CCC(=O)O,1,IC50,6.75,1,CHEMBL305782
CCN(CC)CCNC(=O)c1cc(C)c(/C=C2\C(=O)Nc3ncnc(Nc4ccc(Cl)cc4F)c32)[nH]1,1,IC50,6.35,2,CHEMBL308672
Cc1cccc(Nc2ncnc3ccc(/N=N/N(C)C)cc23)c1,1,IC50,7.62,1,CHEMBL133023
COCC/N=N/Nc1ccc2ncnc(Nc3cccc(Br)c3)c2c1,1,IC50,7.15,1,CHEMBL136674
N#C/C(=C\c1ccc(O)c(O)c1)C(=O)O,0,IC50,4.6,3,CHEMBL73820
N#CC(C#N)=C(N)/C(C#N)=C/c1cc(O)c(O)c(Br)c1,1,IC50,6.3,2,CHEMBL77803
COc1cc(C=C(C#N)C#N)cc(Br)c1O,0,Ki,4.3,1,CHEMBL77298
COc1ccc2c(c1)NC(=O)/C2=C\c1[nH]c2c(c1CCC(=O)O)CCCC2,0,IC50 (>),4.0,1,CHEMBL420609
COc1cccc(-c2ccc3c(c2)NC(=O)/C3=C\c2cc3c([nH]2)CCCC3)c1,0,IC50 (>),4.0,1,CHEMBL419682
COc1ccccc1-c1ccc2c(c1)NC(=O)/C2=C\c1cc2c([nH]1)CCCC2,0,IC50 (>),4.0,1,CHEMBL88462
O=C(O)CCc1c(/C=C2\C(=O)Nc3ccc(C(=O)O)cc32)[nH]c2c1CCCC2,0,IC50,4.25,1,CHEMBL431996
COc1ccc2c(c1)NC(=O)/C2=C\c1cc2c([nH]1)CCCC2,0,IC50 (>),4.0,1,CHEMBL91250
O=C(O)CCc1c(/C=C2\C(=O)Nc3cc(-c4ccccc4)ccc32)[nH]c2c1CCCC2,0,IC50 (>),4.0,1,CHEMBL88771
COc1ccc(-c2ccc3c(c2)NC(=O)/C3=C\c2[nH]c3c(c2CCC(=O)O)CCCC3)cc1,0,IC50 (>),4.0,1,CHEMBL91815
O=C1Nc2ccccc2/C1=C/c1cc2c([nH]1)CCCC2,0,IC50 (>),4.0,1,CHEMBL328029
O=C(O)CCc1c(/C=C2\C(=O)Nc3ccc(Br)cc32)[nH]c2c1CCCC2,0,IC50 (>),4.0,1,CHEMBL314995
NS(=O)(=O)c1ccc2c(c1)/C(=C/c1cc3c([nH]1)CCCC3)C(=O)N2,0,IC50 (>),4.0,1,CHEMBL88483
O=C1Nc2cc(-c3ccccc3)ccc2/C1=C/c1cc2c([nH]1)CCCC2,0,IC50 (>),4.0,1,CHEMBL313746
Cc1c[nH]c(/C=C2\C(=O)Nc3ccccc32)c1CCC(=O)O,0,IC50 (>),4.3,4,CHEMBL89363
Cc1cc(C)c(/C=C2\C(=O)Nc3ccccc32)[nH]1,0,IC50 (>),5.0,7,CHEMBL276711
COc1ccc(-c2ccc3c(c2)NC(=O)/C3=C\c2cc3c([nH]2)CCCC3)cc1,0,IC50 (>),4.0,1,CHEMBL313500
O=C1Nc2ccc(C(=O)O)cc2/C1=C/c1cc2c([nH]1)CCCC2,0,IC50 (>),4.0,1,CHEMBL89010
NS(=O)(=O)c1ccc2c(c1)/C(=C/c1[nH]c3c(c1CCC(=O)O)CCCC3)C(=O)N2,0,IC50,4.54,1,CHEMBL86531
O=C(O)CCc1c(/C=C2\C(=O)Nc3ccccc32)[nH]c2c1CCCC2,0,IC50 (>),4.0,1,CHEMBL315753
O=C1Nc2ccc(Br)cc2/C1=C/c1cc2c([nH]1)CCCC2,0,IC50 (>),4.0,1,CHEMBL88606
COc1ccccc1-c1ccc2c(c1)NC(=O)/C2=C\c1[nH]c2c(c1CCC(=O)O)CCCC2,0,IC50 (>),4.0,1,CHEMBL313821
O=C1NC(=O)c2cc(NC3CCCCC3)c(NC3CCCCC3)cc21,0,IC50 (>),4.3,1,CHEMBL266969
C=CC(=O)N(CCN(C)C)c1cc2c(Nc3cccc(Br)c3)ncnc2cn1,1,IC50,8.38,1,CHEMBL138691
Cc1cccc(Nc2ncnc3cnc(N(C)C)nc23)c1,1,IC50,8.4,2,CHEMBL52829
Cc1cccc(Nc2ncnc3cnc(Cl)nc23)c1,1,IC50,6.42,2,CHEMBL52823
O=C1c2cc(Nc3ccccc3)c(Nc3ccccc3)cc2C(=O)N1c1ccccc1,0,IC50 (>),4.3,2,CHEMBL8000
C=CC(=O)N(CCCN1CCOCC1)c1ccc2ncnc(Nc3cccc(Br)c3)c2c1,1,IC50,8.48,2,CHEMBL139307
CCn1c(=O)c(-c2c(Cl)cccc2Cl)cc2cnc(Nc3ccccc3)nc21,1,IC50,6.7,1,CHEMBL322298
Cn1c(=O)c(-c2c(Cl)cccc2Cl)cc2cnc(Nc3cccc(Br)c3)nc21,1,IC50,6.17,1,CHEMBL111434
COc1cccc(Nc2ncc3cc(-c4c(Cl)cccc4Cl)c(=O)n(C)c3n2)c1,1,IC50,7.52,1,CHEMBL111197
Cn1c(SSc2c(C(=O)Nc3ccccc3)c3cccc(Cl)c3n2C)c(C(=O)Nc2ccccc2)c2cccc(Cl)c21,0,IC50 (>),4.0,1,CHEMBL291667
COC(=O)c1cc(Nc2ccc(F)cc2)c(Nc2ccc(F)cc2)cc1C(=O)OC,0,IC50 (>),4.0,1,CHEMBL8091
O=C(/C=C/C(=O)Nc1cc2c(Nc3cccc(Br)c3)ncnc2cn1)NCCCN1CCOCC1,1,IC50,9.09,2,CHEMBL136058
Cn1c(=O)c(-c2c(Cl)cccc2Cl)cc2cnc(NC3CCCCC3)nc21,0,IC50 (>),4.3,1,CHEMBL113128
COc1ncc2ncnc(Nc3cccc(Br)c3)c2n1,1,IC50,8.42,2,CHEMBL51854
C#Cc1cccc(Nc2c(C#N)cnc3cc(OCCOC)c(OCCOC)cc23)c1,1,IC50,6.07,1,CHEMBL95320
O=C1NC(=O)c2cc(Sc3ccccc3)c(Sc3ccccc3)cc21,0,IC50 (>),4.0,1,CHEMBL8271
Cc1cccc(Nc2ncnc3cnc(N)nc23)c1,1,IC50,7.77,2,CHEMBL298931
O=C(O)c1cc(/N=C/c2cc(O)ccc2O)ccc1O,0,IC50 (>),4.0,1,CHEMBL316764
C=CC(=O)Nc1cc2c(Nc3ccc(F)c(Cl)c3)ncnc2cc1OCCCN1CCOCC1,1,IC50,10.4,66,CHEMBL31965;CHEMBL545315
CNc1ncc2ncnc(Nc3cccc(C)c3)c2n1,1,IC50,8.37,2,CHEMBL52591
Cc1ccc2c(C(=O)Nc3ccccc3)c(SSc3c(C(=O)Nc4ccccc4)c4ccc(C)cc4n3C)n(C)c2c1,0,IC50 (>),4.0,2,CHEMBL64459
COC(=O)c1cc(/N=C/c2cc(O)ccc2O)ccc1OC,0,IC50 (>),4.0,1,CHEMBL129989
COC(=O)c1cc(NCc2ccccc2O)ccc1O,0,IC50,4.7,1,CHEMBL132907
O=C1NC(=O)c2c1c1c3ccccc3[nH]c1c1[nH]c3ccccc3c21,0,IC50 (>),4.0,1,CHEMBL268368
CCOC(=O)/C=C/C(=O)Nc1cc2c(Nc3cccc(Br)c3)ncnc2cn1,1,IC50,8.82,2,CHEMBL422292
COc1ccc(Nc2ncc3cc(-c4c(Cl)cccc4Cl)c(=O)n(C)c3n2)cc1C,1,IC50,6.6,1,CHEMBL113023
Brc1cccc(Nc2ncnc3cnc(NCCCN4CCOCC4)nc23)c1,1,IC50,8.54,2,CHEMBL417420
Cn1c(=O)c(-c2c(Cl)cccc2Cl)cc2cnc(Nc3cccc(CO)c3)nc21,1,IC50,7.09,2,CHEMBL327127
Brc1cccc(Nc2ncnc3cnc(NCCN4CCOCC4)nc23)c1,1,IC50,9.09,3,CHEMBL294475
O=C1NC(=O)C(c2c[nH]c3ccccc23)=C1c1c[nH]c2ccccc12,0,IC50 (>),4.3,1,CHEMBL266487
O=C(CCc1c(SSc2[nH]c3ccccc3c2CCC(=O)NCc2ccccc2)[nH]c2ccccc12)NCc1ccccc1,1,IC50,6.07,2,CHEMBL293261
CNc1ncc2ncnc(Nc3ccccc3)c2n1,1,IC50,7.89,2,CHEMBL53310
C=CC(=O)Nc1ccc2ncnc(Nc3cccc(Br)c3)c2c1,1,IC50,10.1,20,CHEMBL285063
C/C=C/C(=O)Nc1cc2c(Nc3cccc(Br)c3)ncnc2cn1,1,IC50,9.3,2,CHEMBL136404
Cn1c(=O)c(-c2c(Cl)cccc2Cl)cc2cnc(NCc3ccccc3)nc21,0,IC50 (>),4.3,1,CHEMBL113356
Cn1c(SSc2c(C(=O)Nc3ccccc3)c3cc(C#N)ccc3n2C)c(C(=O)Nc2ccccc2)c2cc(C#N)ccc21,0,IC50,4.27,1,CHEMBL291979
Cn1c(SSc2c(C(=O)Nc3ccccc3)c3cccc(O)c3n2C)c(C(=O)Nc2ccccc2)c2cccc(O)c21,0,IC50,4.0,1,CHEMBL62843
CN1C(=S)C(C)(C(=O)Nc2ccccc2)c2ccccc21,0,IC50 (>),4.0,1,CHEMBL63009
CN(c1ccccc1)c1cc2c(cc1N(C)c1ccccc1)C(=O)NC2=O,0,IC50 (>),4.3,1,CHEMBL267941
C=CC(=O)N(C)c1cc2c(Nc3cccc(Br)c3)ncnc2cn1,1,IC50,9.77,2,CHEMBL334697
CCN(CC)CCCNC(=O)/C=C/C(=O)Nc1cc2c(Nc3cccc(Br)c3)ncnc2cn1,1,IC50,9.14,2,CHEMBL434827
Cc1cccc2c1c(C(=O)Nc1ccccc1)c(SSc1c(C(=O)Nc3ccccc3)c3c(C)cccc3n1C)n2C,0,IC50 (>),4.0,1,CHEMBL292287
CC(=O)Oc1ccc2c(C(=O)Nc3ccccc3)c(SSc3c(C(=O)Nc4ccccc4)c4ccc(OC(C)=O)cc4n3C)n(C)c2c1,0,IC50 (>),4.0,1,CHEMBL64068
CN1C(=S)C(C(=O)Nc2ccccc2)c2cc(Cl)ccc21,0,IC50 (>),4.0,1,CHEMBL62067
CSc1c(C(=O)Nc2ccccc2)c2ccccc2n1C,0,IC50 (>),4.0,1,CHEMBL64814
C=CC(=O)N(CCCN1CCOCC1)c1cc2c(Nc3cccc(Br)c3)ncnc2cn1,1,IC50,8.57,2,CHEMBL137082
CN(C)c1ncc2cc(-c3c(Cl)cccc3Cl)c(=O)n(C)c2n1,0,IC50 (>),4.3,2,CHEMBL299347
COc1cc(Nc2ncc3cc(-c4c(Cl)cccc4Cl)c(=O)n(C)c3n2)cc(OC)c1,1,IC50,6.48,1,CHEMBL324926
Clc1ncc2ncnc(Nc3cccc(Br)c3)c2n1,1,IC50,7.09,2,CHEMBL53311
CN1C(=S)C(C(=O)Nc2ccccc2)c2ccccc21,1,IC50,6.0,1,CHEMBL62176
O=C(O)c1cc(/N=C/c2ccccc2O)ccc1O,0,IC50 (>),4.7,1,CHEMBL130694
COC(=O)c1cc(NCc2cccc(O)c2)ccc1O,0,IC50,4.68,1,CHEMBL423159
CNc1ncc2ncnc(Nc3cccc(Br)c3)c2n1,1,IC50,9.12,3,CHEMBL299622
C=C(C)C(=O)Nc1cc2c(Nc3cccc(Br)c3)ncnc2cn1,1,IC50,8.8,2,CHEMBL138363
C/C=C/C(=O)Nc1ccc2ncnc(Nc3cccc(Br)c3)c2c1,1,IC50,9.26,3,CHEMBL93464
Nc1ncc2ncnc(Nc3cccc(Br)c3)c2n1,1,IC50,8.82,2,CHEMBL53831
Cc1cccc(Nc2ncnc3cnc(NCCN4CCOCC4)nc23)c1,1,IC50,8.64,2,CHEMBL299881
CCOC(=O)/C=C/C(=O)Nc1ccc2ncnc(Nc3cccc(Br)c3)c2c1,1,IC50,8.57,2,CHEMBL344486
O=C(/C=C/C(=O)Nc1cc2c(Nc3ccc(F)c(Cl)c3)ncnc2cn1)NCCCN1CCOCC1,1,IC50,9.22,3,CHEMBL138940
Cn1c(=O)c(-c2c(Cl)cccc2Cl)cc2cnc(Nc3cccc(O)c3)nc21,1,IC50,6.82,1,CHEMBL321193
CCOC(=O)CCCc1ccc(Nc2ncc3cc(-c4c(Cl)cccc4Cl)c(=O)n(C)c3n2)cc1,1,IC50,6.16,1,CHEMBL419022
Brc1cccc(Nc2ncnc3cnc(NCCc4c[nH]cn4)nc23)c1,1,IC50,9.6,3,CHEMBL53426
O=C(/C=C/Cl)Nc1cc2c(Nc3cccc(Br)c3)ncnc2cn1,1,IC50,9.16,2,CHEMBL344177
CC(=O)/C=C/C(=O)Nc1ccc2ncnc(Nc3cccc(Br)c3)c2c1,1,IC50,8.92,1,CHEMBL136178
C=CS(=O)(=O)Nc1ccc2ncnc(Nc3cccc(Br)c3)c2c1,1,IC50,8.85,3,CHEMBL136511
Cc1cccc(Nc2ncnc3cnc(NCCc4c[nH]cn4)nc23)c1,1,IC50,8.52,2,CHEMBL416307
Cc1cccc2c(C(=O)Nc3ccccc3)c(SSc3c(C(=O)Nc4ccccc4)c4cccc(C)c4n3C)n(C)c12,0,IC50 (>),4.0,1,CHEMBL64165
O=C(O)c1cccc(/N=C/c2cc(O)ccc2O)c1,0,IC50 (>),4.7,1,CHEMBL130116
CN(C)CCCNC(=O)/C=C/C(=O)N(C)c1cc2c(Nc3cccc(Br)c3)ncnc2cn1,1,IC50,8.84,2,CHEMBL136102
C=CS(=O)(=O)c1cc2c(Nc3cccc(Br)c3)ncnc2cn1,1,IC50,9.37,2,CHEMBL336264
COc1ccc(Nc2ncc3cc(-c4c(Cl)cccc4Cl)c(=O)n(C)c3n2)cc1,1,IC50,6.66,1,CHEMBL104153
C=CC(=O)Nc1cc2c(Nc3ccc(F)c(Cl)c3)c(C#N)cnc2cc1OCCCN1CCOCC1,1,IC50,7.1,1,CHEMBL95774
COC(=O)c1ccc(/N=C/c2cc(O)ccc2O)cc1O,0,IC50 (>),5.0,1,CHEMBL130893
O=C(O)c1cccc(NCc2cc(O)ccc2O)c1,0,IC50 (>),4.7,1,CHEMBL129907
O=C1NC(=O)c2cc(Nc3ccccc3)c(Nc3ccccc3)cc21,1,IC50,6.52,3,CHEMBL268868
COc1ccc(Nc2cc3c(cc2Nc2ccc(OC)cc2)C(=O)NC3=O)cc1,0,IC50 (>),4.3,2,CHEMBL7352
CN(c1ccccc1)c1cc2c(cc1Nc1ccccc1)C(=O)NC2=O,0,IC50 (>),4.0,1,CHEMBL7775
COC(=O)c1cc(Nc2ccccc2)c(Nc2ccccc2)cc1C(=O)OC,0,IC50 (>),4.0,1,CHEMBL8222
Cc1ccc2c(c1)c(C(=O)Nc1ccccc1)c(SSc1c(C(=O)Nc3ccccc3)c3cc(C)ccc3n1C)n2C,0,IC50 (>),4.0,2,CHEMBL60200
Cn1c(SSCc2ccccc2)c(C(=O)Nc2ccccc2)c2ccccc21,0,IC50 (>),4.0,1,CHEMBL64231
O=S(=O)(CCO)c1cc2c(Nc3cccc(Br)c3)ncnc2cn1,1,IC50,7.03,1,CHEMBL335440
Cn1c(=O)c(-c2c(Cl)cccc2Cl)cc2cnc(Nc3ccc(CC(=O)O)cc3)nc21,1,IC50,6.66,1,CHEMBL50647
COc1ccccc1Nc1ncc2cc(-c3c(Cl)cccc3Cl)c(=O)n(C)c2n1,1,IC50,7.18,1,CHEMBL320705
Brc1cccc(Nc2ncnc3cnc(NCCCn4ccnc4)nc23)c1,1,IC50,8.64,1,CHEMBL51228
COC(=O)c1cc(/N=C/c2ccc(O)cc2)ccc1O,0,IC50 (>),5.0,1,CHEMBL130117
Cn1c(=O)c(-c2c(Cl)cccc2Cl)cc2cnc(NCCCCCC(=O)O)nc21,1,IC50,6.0,1,CHEMBL113863
CN1C(=S)C(C(=O)Nc2ccccc2)c2cccnc21,0,IC50 (>),4.0,1,CHEMBL62699
C=C(C)C(=O)Nc1ccc2ncnc(Nc3cccc(Br)c3)c2c1,1,IC50,8.92,3,CHEMBL92086
Cn1c(=O)c(-c2c(Cl)cccc2Cl)cc2cnc(Nc3cccc(C(=O)O)c3)nc21,1,IC50,6.72,1,CHEMBL109631
COc1cccc2c1c(C(=O)Nc1ccccc1)c(SSc1c(C(=O)Nc3ccccc3)c3c(OC)cccc3n1C)n2C,0,IC50 (>),4.0,1,CHEMBL294205
Cn1c(SSc2c(C(=O)Nc3ccccc3)c3ccc(O)cc3n2C)c(C(=O)Nc2ccccc2)c2ccc(O)cc21,0,IC50,4.36,1,CHEMBL293913
O=C1NC(=O)c2cc(Nc3ccc(-c4ccccc4)cc3)c(Nc3ccc(-c4ccccc4)cc3)cc21,0,IC50 (>),4.3,2,CHEMBL7929
CN(C)CCCNC(=O)/C=C/C(=O)Nc1cc2c(Nc3cccc(Br)c3)ncnc2cn1,1,IC50,8.96,2,CHEMBL334801
Cn1c(=O)c(-c2c(Cl)cccc2Cl)cc2cnc(Nc3cccnc3)nc21,1,IC50,6.29,1,CHEMBL325589
CC(=O)Oc1cccc2c1c(C(=O)Nc1ccccc1)c(SSc1c(C(=O)Nc3ccccc3)c3c(OC(C)=O)cccc3n1C)n2C,0,IC50,4.7,1,CHEMBL59812
COC(=O)c1cc(NCc2ccc(O)cc2)ccc1O,0,IC50 (>),5.0,1,CHEMBL130337
O=C(/C=C/c1ccccc1)Nc1cc2c(Nc3cccc(Br)c3)ncnc2cn1,1,IC50,8.04,2,CHEMBL434828
Cn1c(SSc2c(C(=O)Nc3ccccc3)c3cc(F)ccc3n2C)c(C(=O)Nc2ccccc2)c2cc(F)ccc21,0,IC50 (>),4.0,1,CHEMBL63455
Cn1c(SSc2c(C(=O)Nc3ccccc3)c3cc(O)ccc3n2C)c(C(=O)Nc2ccccc2)c2cc(O)ccc21,0,IC50,4.39,1,CHEMBL293250
Cn1c(SSc2c(C(=O)Nc3ccccc3)c3cccnc3n2C)c(C(=O)Nc2ccccc2)c2cccnc21,0,IC50,4.65,1,CHEMBL62701
C=CC(=O)Nc1cc2c(Nc3cccc(Br)c3)ncnc2cn1,1,IC50,9.04,3,CHEMBL51659
O=C(/C=C/C(F)(F)F)Nc1ccc2ncnc(Nc3cccc(Br)c3)c2c1,1,IC50,8.76,2,CHEMBL135142
C=C=CC(=O)Nc1ccc2ncnc(Nc3cccc(Br)c3)c2c1,1,IC50,8.8,2,CHEMBL343722
CCn1c(=O)c(-c2c(Cl)cccc2Cl)cc2cnc(Nc3ccncc3)nc21,1,IC50,6.31,1,CHEMBL448154
Cn1c(SSc2c(C(=O)Nc3ccccc3)c3ccc(Cl)cc3n2C)c(C(=O)Nc2ccccc2)c2ccc(Cl)cc21,0,IC50 (>),4.0,1,CHEMBL303127
CN1CCN(CCCCNc2ncc3cc(-c4c(Cl)cccc4Cl)c(=O)n(C)c3n2)CC1,1,IC50,6.68,1,CHEMBL104244
CN(C)c1ncc2ncnc(Nc3cccc(Br)c3)c2n1,1,IC50,9.02,3,CHEMBL53777
Cn1c(SSc2c(C(=O)Nc3ccccc3)c3cc(C(F)(F)F)ccc3n2C)c(C(=O)Nc2ccccc2)c2cc(C(F)(F)F)ccc21,0,IC50 (>),4.0,2,CHEMBL61278
N#Cc1ccc(Nc2cc3c(cc2Nc2ccc(C#N)cc2)C(=O)NC3=O)cc1,0,IC50 (>),4.0,1,CHEMBL267869
CN(C)CCCOC(=O)/C=C/C(=O)Nc1ccc2ncnc(Nc3cccc(Br)c3)c2c1,1,IC50,8.62,2,CHEMBL140561
C=C[S+]([O-])c1cc2c(Nc3cccc(Br)c3)ncnc2cn1,1,IC50,8.34,3,CHEMBL345077
C=C/C=C/C(=O)Nc1cc2c(Nc3cccc(Br)c3)ncnc2cn1,1,IC50,8.96,2,CHEMBL139044
C=CS(=O)(=O)Nc1cc2c(Nc3cccc(Br)c3)ncnc2cn1,1,IC50,9.12,3,CHEMBL139095
Cn1c(=O)c(-c2c(Cl)cccc2Cl)cc2cnc(Nc3ccc(CCCC(=O)O)cc3)nc21,1,IC50,7.1,1,CHEMBL113070
Cn1c(=O)c(-c2c(Cl)cccc2Cl)cc2cnc(Nc3ccncc3)nc21,1,IC50,6.04,1,CHEMBL104779
Cn1c(SSc2ccccc2)c(C(=O)Nc2ccccc2)c2ccccc21,0,IC50 (>),4.0,1,CHEMBL64781
O=C1NC(=O)c2cc3c(cc21)N(c1ccccc1)CCN3c1ccccc1,0,IC50 (>),4.0,1,CHEMBL266255
O=C(O)/C=C/C(=O)Nc1ccc2ncnc(Nc3cccc(Br)c3)c2c1,1,IC50,9.43,1,CHEMBL134371
Cn1c(=O)c(-c2c(Cl)cccc2Cl)cc2cnc(Nc3ccccc3)nc21,1,IC50,7.11,2,CHEMBL301612
Cn1c(SSc2c(C(=O)Nc3ccccc3)c3cc(Br)ccc3n2C)c(C(=O)Nc2ccccc2)c2cc(Br)ccc21,0,IC50,4.94,1,CHEMBL293251
COc1ccc2c(c1)c(C(=O)Nc1ccccc1)c(SSc1c(C(=O)Nc3ccccc3)c3cc(OC)ccc3n1C)n2C,0,IC50 (>),4.0,1,CHEMBL294341
O=C(O)c1cc(NCc2ccccc2O)ccc1O,0,IC50 (>),4.7,1,CHEMBL131407
O=C(/C=C/C(=O)Nc1cc2c(Nc3cccc(Br)c3)ncnc2cn1)NCCCn1ccnc1,1,IC50,9.25,2,CHEMBL342828
CN(C)CCNc1ncc2ncnc(Nc3cccc(Br)c3)c2n1,1,IC50,7.46,1,CHEMBL54067
COC(=O)c1cc(/N=C/c2ccccc2O)ccc1O,0,IC50 (>),5.0,1,CHEMBL335074
Cc1ccc(Nc2ncc3cc(-c4c(Cl)cccc4Cl)c(=O)n(C)c3n2)cc1,1,IC50,6.32,1,CHEMBL111339
CCOC(=O)c1ccc(Nc2ncc3cc(-c4c(Cl)cccc4Cl)c(=O)n(C)c3n2)cc1,0,IC50 (>),4.3,1,CHEMBL109525
O=C1NC(=O)c2cc(Nc3ccc(F)cc3)c(Nc3ccc(F)cc3)cc21,1,IC50,6.16,1,CHEMBL7939
O=C1NC(=O)c2cc(Nc3ccc(I)cc3)c(Nc3ccc(I)cc3)cc21,0,IC50 (>),4.3,1,CHEMBL8163
COc1ccc(Nc2cc3c(cc2Nc2ccccc2)C(=O)NC3=O)cc1,0,IC50,4.75,1,CHEMBL8095
CC(=O)N(c1ccccc1)c1cc2c(cc1Nc1ccccc1)C(=O)NC2=O,0,IC50 (>),4.3,2,CHEMBL268441
CN(C)CCCNC(=O)/C=C/C(=O)Nc1ccc2ncnc(Nc3cccc(Br)c3)c2c1,1,IC50,9.36,2,CHEMBL345109
Cn1c(SSc2c(C(=O)Nc3ccccc3)c3c(Cl)cccc3n2C)c(C(=O)Nc2ccccc2)c2c(Cl)cccc21,0,IC50,4.0,1,CHEMBL293986
CCN(CC)c1ccc(Nc2cc3c(cc2Nc2ccc(N(CC)CC)cc2)C(=O)NC3=O)cc1,0,IC50,4.3,1,CHEMBL8223
CN1C(=O)c2cc(Nc3ccccc3)c(Nc3ccccc3)cc2C1=O,0,IC50 (>),4.3,2,CHEMBL8036
CC(C)(C)c1cnc(CSc2cnc(NC(=O)Cc3ccc(CNC(CO)CO)cc3)s2)o1,0,IC50 (>),4.6,1,CHEMBL300936
Oc1ccc2ncnc(Nc3ccc(OCc4ccccc4)cc3)c2c1,1,IC50,7.01,2,CHEMBL14932
Brc1cccc(Nc2ncnc3cc4c(cnn4CCN4CCOCC4)cc23)c1,1,IC50,8.43,3,CHEMBL38199
COc1cc2ncnc(Nc3cccc(Br)c3)c2cc1OC,1,IC50,10.6,44,CHEMBL1204168;CHEMBL29197
CN(C)Cc1c[nH]c2cc3ncnc(Nc4cccc(Br)c4)c3cc12,1,IC50,8.59,4,CHEMBL287007
Brc1cccc(Nc2nccc3ccccc23)c1,0,IC50 (>),4.0,2,CHEMBL39563
CS(=O)(=O)CCNCCCCOc1ccc2ncnc(Nc3ccc(OCc4ccccc4)cc3)c2c1,1,IC50,7.13,2,CHEMBL15346
COc1ccc2ncnc(Nc3ccc(OCc4ccccc4)cc3)c2c1,1,IC50,7.17,2,CHEMBL15202
O=C(O)Cn1ncc2cc3c(Nc4cccc(Br)c4)ncnc3cc21,1,IC50,7.28,2,CHEMBL36819
Brc1cccc(Nc2ncnc3cc4c(ccn4CCN4CCOCC4)cc23)c1,1,IC50,8.43,3,CHEMBL40130
O=C(NCCCCOc1ccc2ncnc(Nc3ccc(OCc4ccccc4)cc3)c2c1)C(F)(F)F,1,IC50,7.13,2,CHEMBL14627
Brc1cccc(Nc2ncnc3ccccc23)c1,1,IC50,7.57,5,CHEMBL290096
Cc1nc(Nc2cccc(Br)c2)c2ccccc2n1,0,IC50 (>),5.0,1,CHEMBL37099
CS(=O)(=O)CCNCCCCOc1ccc2ncnc(Nc3ccc(F)c(Cl)c3)c2c1,1,IC50,7.7,3,CHEMBL460731
OCC(O)Cn1ncc2cc3c(Nc4cccc(Br)c4)ncnc3cc21,1,IC50,7.92,4,CHEMBL37543
CN(C)CCCn1ccc2cc3c(Nc4cccc(Br)c4)ncnc3cc21,1,IC50,7.68,3,CHEMBL287289
CS(=O)(=O)CCNCCCCOc1ccc2ncnc(Nc3ccc(OCc4cccc(F)c4)c(Cl)c3)c2c1,1,IC50,7.57,2,CHEMBL514436
Cn1ncc2cc3c(Nc4cccc(Br)c4)ncnc3cc21,1,IC50,9.43,4,CHEMBL39320
O=C(O)Cn1ccc2cc3c(Nc4cccc(Br)c4)ncnc3cc21,1,IC50,8.29,1,CHEMBL289162
CS(=O)(=O)CCNCCCOc1ccc2ncnc(Nc3ccc(OCc4ccccc4)cc3)c2c1,1,IC50,6.98,2,CHEMBL14952
CN(C)CCn1ccc2cc3c(Nc4cccc(Br)c4)ncnc3cc21,1,IC50,7.39,3,CHEMBL37373
COC(=O)CN(C)Cc1c[nH]c2cc3ncnc(Nc4cccc(Br)c4)c3cc12,1,IC50,8.47,4,CHEMBL39715
CN(CC(=O)O)Cc1c[nH]c2cc3ncnc(Nc4cccc(Br)c4)c3cc12,1,IC50,9.14,4,CHEMBL289213
CS(=O)(=O)CCN(CCCCOc1ccc2ncnc(Nc3ccc(OCc4ccccc4)cc3)c2c1)C(=O)C(F)(F)F,1,IC50,6.63,2,CHEMBL273789
C#Cc1cccc(Nc2ncnc3ccc(OCCCCNCCS(C)(=O)=O)cc23)c1,1,IC50,7.96,3,CHEMBL517907
CS(=O)(=O)CCNCCCCOc1ccc2ncnc(Nc3ccc(S(=O)(=O)c4ccccc4)cc3)c2c1,1,IC50,7.03,2,CHEMBL460732
C=CCOc1ccc2ncnc(Nc3ccc(OCc4ccccc4)cc3)c2c1,1,IC50,7.1,2,CHEMBL540701
CN(C)CCn1ncc2cc3c(Nc4cccc(Br)c4)ncnc3cc21,1,IC50,7.4,4,CHEMBL287832
Brc1cccc(Nc2ncnc3cc4[nH]ncc4cc23)c1,1,IC50,9.36,7,CHEMBL39337
Brc1cccc(Nc2ncnc3cc4[nH]ccc4cc23)c1,1,IC50,9.41,6,CHEMBL40734
CN(C)CCN(C)Cc1c[nH]c2cc3ncnc(Nc4cccc(Br)c4)c3cc12,1,IC50,8.12,4,CHEMBL39811
Cn1ccc2cc3c(Nc4cccc(Br)c4)ncnc3cc21,1,IC50,9.1,3,CHEMBL36727
Brc1cccc(Nc2ncnc3cc4c(cnn4CCCN4CCOCC4)cc23)c1,1,IC50,8.06,2,CHEMBL39355
CS(=O)(=O)CCNCCCCOc1ccc2ncnc(Nc3ccc4c(cnn4Cc4cccc(F)c4)c3)c2c1,1,IC50,7.62,3,CHEMBL493428
c1ccc(Nc2ncnc3ccccc23)cc1,1,IC50,6.46,5,CHEMBL289959
CN(CCCOc1ccc2ncnc(Nc3ccc(OCc4ccccc4)cc3)c2c1)CCS(C)(=O)=O,1,IC50,6.08,2,CHEMBL14874
OCC(O)Cn1ccc2cc3c(Nc4cccc(Br)c4)ncnc3cc21,1,IC50,8.8,3,CHEMBL416611
Brc1cccc(Nc2ncnc3cc4[nH]cc(CN5CCOCC5)c4cc23)c1,1,IC50,8.32,3,CHEMBL36967
OCCN(CCO)Cc1c[nH]c2cc3ncnc(Nc4cccc(Br)c4)c3cc12,1,IC50,8.46,4,CHEMBL36164
CN1CC[C@H](c2c(O)cc(O)c3c(=O)cc(-c4ccccc4Cl)oc23)[C@H](O)C1,0,IC50,4.68,13,CHEMBL428690
CN1CC[C@H](c2c(O)cc(O)c3c(=O)cc(Oc4ccccc4Cl)oc23)[C@H](O)C1,0,IC50 (>),4.3,1,CHEMBL133498
CN1CC[C@H](c2c(O)cc(O)c3c(=O)cc(Sc4ccccc4Cl)oc23)[C@H](O)C1,0,IC50 (>),4.3,1,CHEMBL334881
CO[C@H]1[C@@H](N(C)C(=O)c2ccc(C(=O)O)cc2)C[C@@H]2O[C@@]1(C)n1c3ccccc3c3c4c(c5c6ccccc6n2c5c31)C(=O)NC4,1,IC50,6.96,1,CHEMBL435809
Cc1cccc(C)c1-c1cc2cnc(N)nc2nc1NC(=O)NC(C)(C)C,1,IC50,6.21,1,CHEMBL57323
CN1CCN(CCCNc2ncc3cc(-c4c(Cl)cccc4Cl)c(NC(=O)NC(C)(C)C)nc3n2)CC1,1,IC50,6.82,2,CHEMBL57347
CS(=O)(=O)CCNc1nc(-c2ccc3ncnc(Nc4ccc(OCc5ccccc5)c(Cl)c4)c3c2)cs1,1,IC50,8.1,2,CHEMBL160846
CS(=O)(=O)CCNc1nc(-c2ccc3ncnc(Nc4ccc(OCc5ccccc5)cc4)c3c2)cs1,1,IC50,7.09,1,CHEMBL422347
CS(=O)(=O)CCNc1nc(-c2ccc3ncnc(Nc4ccc5c(cnn5Cc5ccccc5)c4)c3c2)cs1,1,IC50,7.15,2,CHEMBL160303
CO[C@H]1[C@@H](N(C)C(=O)CN)C[C@@H]2O[C@@]1(C)n1c3ccccc3c3c4c(c5c6ccccc6n2c5c31)C(=O)NC4,1,IC50,6.66,1,CHEMBL338935
CO[C@H]1[C@@H](N(C)CC(=O)O)C[C@@H]2O[C@@]1(C)n1c3ccccc3c3c4c(c5c6ccccc6n2c5c31)C(=O)NC4,1,IC50,7.51,1,CHEMBL132348
CO[C@H]1[C@@H]([N+](C)(C)C)C[C@@H]2O[C@@]1(C)n1c3ccccc3c3c4c(c5c6ccccc6n2c5c31)C(=O)NC4,1,IC50,7.72,1,CHEMBL335648
COc1cc(OC)cc(-c2cc3cnc(N)nc3nc2NC(=O)NC(C)(C)C)c1,0,IC50 (>),4.3,3,CHEMBL299763
CS(=O)(=O)CCNc1nc(-c2ccc3ncnc(Nc4ccc(OCc5cccc(F)c5)c(Cl)c4)c3c2)cs1,1,IC50,8.0,2,CHEMBL155761
CCN(CC)CCCCNc1ncc2cc(-c3c(Cl)cccc3Cl)c(NC(=O)NC(C)(C)C)nc2n1,1,IC50,6.62,3,CHEMBL45827
CS(=O)(=O)CCNc1nc(-c2ccc3ncnc(Nc4ccc(F)c(Cl)c4)c3c2)cs1,1,IC50,7.46,2,CHEMBL157084
CN[C@@H]1C[C@H]2O[C@@](C)([C@@H]1OC)n1c3ccccc3c3c4c(c5c6ccccc6n2c5c31)C(=O)NC4,1,IC50,9.54,58,CHEMBL388978
CCN(C)[C@H]1C[C@@H]2O[C@](C)([C@H]1OC)n1c3ccccc3c3c4c(c5c6ccccc6n2c5c31)C(=O)NC4,1,IC50,6.48,1,CHEMBL129946
CO[C@H]1[C@@H](N(C)C(=O)CCC(=O)O)C[C@@H]2O[C@@]1(C)n1c3ccccc3c3c4c(c5c6ccccc6n2c5c31)C(=O)NC4,1,IC50,6.8,1,CHEMBL337027
CO[C@H]1[C@@H](N(C)C(=O)OC(C)(C)C)C[C@@H]2O[C@@]1(C)n1c3ccccc3c3c4c(c5c6ccccc6n2c5c31)C(=O)NC4,0,IC50,4.87,1,CHEMBL338449
CO[C@H]1[C@@H](N(C)C(=O)c2cc([N+](=O)[O-])cc([N+](=O)[O-])c2)C[C@@H]2O[C@@]1(C)n1c3ccccc3c3c4c(c5c6ccccc6n2c5c31)C(=O)NC4,0,IC50 (>),4.15,1,CHEMBL132170
CN[C@H]1C[C@@H]2O[C@](C)([C@H]1OC)n1c3ccccc3c3c4c(c5c6ccccc6n2c5c31)C(=O)NC4=O,1,IC50,6.7,1,CHEMBL337026
CC[N+](C)(C)[C@H]1C[C@@H]2O[C@](C)([C@H]1OC)n1c3ccccc3c3c4c(c5c6ccccc6n2c5c31)C(=O)NC4,1,IC50,7.37,1,CHEMBL340611
COC(=O)CN1Cc2c(c3c4ccccc4n4c3c3c2c2ccccc2n3[C@]2(C)O[C@H]4C[C@H](N(C)C(=O)c3ccccc3)[C@@H]2OC)C1=O,0,IC50 (>),4.0,1,CHEMBL131456
CC(C)(C)NC(=O)Nc1nc2nc(N)ncc2cc1-c1c(Cl)cccc1Cl,1,IC50,6.35,2,CHEMBL57366
CN[C@H]1C[C@@H]2O[C@](C)([C@H]1OC)n1c3ccccc3c3c4c(c5c6ccccc6n2c5c31)C(=O)N[C@@H]4O,1,IC50,7.77,1,CHEMBL338049
CO[C@H]1[C@@H](N(C)Cc2ccccc2)C[C@@H]2O[C@@]1(C)n1c3ccccc3c3c4c(c5c6ccccc6n2c5c31)C(=O)NC4,1,IC50,6.04,1,CHEMBL131193
CNC(=S)N(C)[C@H]1C[C@@H]2O[C@](C)([C@H]1OC)n1c3ccccc3c3c4c(c5c6ccccc6n2c5c31)C(=O)NC4,0,IC50,4.9,1,CHEMBL337035
CO[C@H]1[C@@H](N(C)C(=O)c2ccccc2)C[C@@H]2O[C@@]1(C)n1c3ccccc3c3c4c(c5c6ccccc6n2c5c31)C(=O)N(Cc1ccccc1)C4,0,IC50 (>),4.0,1,CHEMBL415233
CN[C@H]1C[C@@H]2O[C@](C)([C@H]1OC)n1c3ccccc3c3c4c(c5c6ccccc6n2c5c31)[C@H](O)NC4=O,1,IC50,6.58,1,CHEMBL338155
COc1cc2cc(-c3cccnc3)cnc2cc1OC,0,IC50 (>),4.6,1,CHEMBL304668
Cc1cc(C)c(C(=O)/C(C#N)=C/c2ccc(O)c(O)c2)c(C)c1,0,IC50,4.97,3,CHEMBL55993
COc1ccc(-c2cnc3cc(OC)c(OC)cc3c2)cc1C,0,IC50 (>),4.7,1,CHEMBL66925
Cc1cccc(C)c1NC(=O)/C(C#N)=C/c1ccc(O)c(O)c1,0,IC50,4.99,2,CHEMBL55360
COc1cc2c(Nc3ccc(Cl)cc3F)ncnc2cc1OCC1CCNCC1,1,IC50,6.52,1,CHEMBL2448064
COc1cc2cc(O)cnc2cc1OC,0,IC50 (>),4.7,1,CHEMBL308879
COc1cc2cc(-c3ccc4ccccc4c3)cnc2cc1OC,0,IC50 (>),4.7,1,CHEMBL417740
COc1ccc(-c2cnc3cc(OC)c(OC)cc3c2)cc1,0,IC50 (>),4.7,1,CHEMBL70130
COc1cc2cc(-c3cc(OC)c(OC)c(OC)c3)cnc2cc1OC,0,IC50 (>),4.7,1,CHEMBL66107
COc1cc2c(Nc3ccc(Cl)cc3F)ncnc2cc1OCCN(C)c1ccncc1,1,IC50,6.52,1,CHEMBL25579
COc1cc2c(Nc3ccc(C#N)cc3F)ncnc2cc1OC/C=C/CN1CCCC1,1,IC50,6.1,1,CHEMBL24026
COc1cc2cccnc2cc1OC,0,IC50 (>),4.7,1,CHEMBL66705
Fc1ccc2cc(-c3ccsc3)cnc2c1,0,IC50 (>),4.7,1,CHEMBL307093
COc1cc(/C=C(\C#N)C(N)=O)cc(CSCc2ccccc2Cl)c1O,1,IC50,6.0,2,CHEMBL326100
COc1cc2cc(-c3cccs3)cnc2cc1OC,0,IC50 (>),4.7,1,CHEMBL304336
COc1ccc2cc(-c3ccsc3)cnc2c1,0,IC50 (>),4.7,1,CHEMBL68185
N#C/C(=C\c1ccc(O)c(O)c1)C(=O)N1CCc2ccccc21,0,IC50,4.92,3,CHEMBL56542
N#C/C(=C\c1ccc(O)c(O)c1)C(=O)NCCc1ccccc1,1,IC50,6.21,3,CHEMBL293749
CNC(=O)c1c([Se][Se]c2[nH]c3ccccc3c2C(=O)NC)[nH]c2ccccc12,0,IC50,4.89,1,CHEMBL135861
COc1ccc(-c2cnc3cc(OC)c(OC)cc3c2)cc1OC,0,IC50 (>),4.7,1,CHEMBL66100
COc1cc2cc(-c3ccc(O)cc3)cnc2cc1OC,0,IC50 (>),4.7,1,CHEMBL303704
COc1ccc(CCc2cnc3cc(OC)c(OC)cc3c2)cc1,0,IC50 (>),4.7,1,CHEMBL66787
COc1cc2c(Nc3ccc(C)cc3F)ncnc2cc1OCC1CCNCC1,1,IC50,6.3,1,CHEMBL428534
COc1cc(/C=C(\C#N)C(N)=O)cc(SCCCC(=O)O)c1O,0,IC50,4.32,1,CHEMBL1161234
c1cc(-c2cnc3cc4c(cc3c2)OCO4)cs1,0,IC50 (>),4.7,1,CHEMBL69378
COc1cc2cc(-c3sccc3Cl)cnc2cc1OC,0,IC50 (>),4.7,1,CHEMBL306234
COc1cc2c(Nc3ccc(Br)cc3F)ncnc2cc1OCCn1ccnn1,1,IC50,6.4,1,CHEMBL281872
COc1cc2c(Nc3ccc(C)cc3F)ncnc2cc1OCC1CCN(C)CC1,1,IC50,6.0,1,CHEMBL281990
COc1cc2c(Nc3c(F)cc(Cl)cc3F)ncnc2cc1OCC1CCN(C)CC1,1,IC50,6.35,1,CHEMBL422758
COc1cc2c(Nc3c(F)cc(Cl)cc3F)ncnc2cc1OCC1CCNCC1,1,IC50,6.3,1,CHEMBL25450
COc1cc2c(Nc3ccc(Cl)cc3F)ncnc2cc1OC[C@@H]1CCCN(C)C1,1,IC50,7.0,1,CHEMBL1907763
COc1cc2c(Nc3ccc(Cl)cc3F)ncnc2cc1OCCCN1CCOCC1,1,IC50,7.0,1,CHEMBL24137
COc1cc2cc(-c3ccc(C)cc3)cnc2cc1OC,0,IC50 (>),4.7,1,CHEMBL67219
COc1cc2cc(-c3ccc(OC)c([N+](=O)[O-])c3)cnc2cc1OC,0,IC50 (>),4.7,1,CHEMBL67170
Cc1cc(C=C(C#N)C#N)cc(O)c1O,0,IC50,4.89,3,CHEMBL116423
COc1cc2cc(-c3ccc(OCc4ccccc4)cc3)cnc2cc1OC,0,IC50 (>),4.7,1,CHEMBL308210
COc1ccc2cc(-c3c[nH]c4ccccc34)cnc2c1OC,0,IC50 (>),4.7,1,CHEMBL430605
COc1cccc(-c2cnc3cc(OC)c(OC)cc3c2)c1,0,IC50 (>),4.7,1,CHEMBL308466
COc1cc2cc(C#Cc3ccccc3)cnc2cc1OC,0,IC50 (>),4.7,1,CHEMBL67059
COc1cc2cc(C3CCCC3)cnc2cc1OC,0,IC50 (>),4.7,1,CHEMBL66785
COc1ccc2ncc(-c3ccsc3)cc2c1,0,IC50 (>),4.7,1,CHEMBL303184
COc1cc2cc(N)cnc2cc1OC,0,IC50 (>),4.7,1,CHEMBL303037
CCOC(=O)C(Cc1ccccc1)NC(=O)/C(C#N)=C/c1ccc(O)c(O)c1,0,IC50,4.31,2,CHEMBL56319
N#C/C(=C\c1ccc(O)c(O)c1)C(=O)NCCCc1ccccc1,1,IC50,6.16,5,CHEMBL53898
COc1cc2cc(CCC3CCCCC3)cnc2cc1OC,0,IC50 (>),4.7,1,CHEMBL66786
COc1cc(C=C(C#N)C#N)cc(SCC(=O)O)c1O,0,IC50,4.27,1,CHEMBL1161236
COc1cc2c(Nc3ccc(Cl)cc3F)ncnc2cc1OC/C=C/CN1CCCC1,1,IC50,7.05,1,CHEMBL1744349
COc1cc2c(Nc3ccc(Br)cc3F)ncnc2cc1OCCC1CCN(C)CC1,1,IC50,6.7,1,CHEMBL24979
COc1cc2c(Nc3ccc(Cl)cc3F)ncnc2cc1OCC1CCN(C)CC1,1,IC50,6.52,1,CHEMBL2448065
COc1ccc(-c2cnc3cc(OC)c(OC)cc3c2)s1,0,IC50 (>),4.7,1,CHEMBL302745
COc1cc2cc(/C=C/c3ccccc3)cnc2cc1OC,0,IC50 (>),4.7,1,CHEMBL70149
Oc1cc2cc(-c3cccnc3)cnc2cc1O,1,IC50,6.3,1,CHEMBL63356
COc1cc2cc(NCc3ccccc3)cnc2cc1OC,0,IC50 (>),4.7,1,CHEMBL65850
COc1cc2c(Nc3ccc(Br)cc3F)ncnc2cc1OC[C@@H]1CCCN(C)C1,1,IC50,6.7,1,CHEMBL1907764
COc1cc(OC)c2cc(-c3ccsc3)cnc2c1,0,IC50 (>),4.7,1,CHEMBL66071
COc1ccc(-c2cnc3cc(OC)c(OC)cc3c2)c(OC)c1,0,IC50 (>),4.7,1,CHEMBL67991
COc1ccc2cc(-c3cccnc3)cnc2c1OC,0,IC50 (>),4.6,1,CHEMBL303391
COc1cc(/C=C(\C#N)C(N)=O)cc(CSc2ccccc2NC(C)=O)c1O,0,IC50,4.66,2,CHEMBL115895
COc1cc2c(Nc3ccc(Cl)cc3F)ncnc2cc1OCCN1CCN(C)CC1,1,IC50,6.7,1,CHEMBL283088
COc1cc2c(Nc3ccc(Cl)cc3F)ncnc2cc1OCCCN1CCCC1,1,IC50,7.0,1,CHEMBL2448067
N#C/C(=C\c1ccc(O)c(O)c1)C(=O)c1ccc([N+](=O)[O-])cc1,0,IC50,4.96,2,CHEMBL56879
COc1cc(/C=C(\C#N)C(N)=O)cc(CSc2nc3ccccc3[nH]2)c1O,0,IC50,4.84,4,CHEMBL331026
COc1cc2c(Nc3ccc(Br)cc3F)ncnc2cc1OCCCN1CCN(C)CC1,1,IC50,7.0,1,CHEMBL1202477
COc1cc2c(Nc3c(F)cc(Br)cc3F)ncnc2cc1OCC1CCN(C)CC1,1,IC50,6.52,1,CHEMBL416191
COc1cc2cc(C3=CCCC3)cnc2cc1OC,0,IC50 (>),4.7,1,CHEMBL66618
COc1ccc(/C=C(\C#N)c2cccnc2)cc1OC,1,IC50,6.16,1,CHEMBL67027
COc1cc2c(Nc3ccc(Br)cc3F)ncnc2cc1OCC1CCN(C)CC1,1,IC50,6.3,1,CHEMBL533849
COc1cc2c(Nc3ccc(Br)cc3F)ncnc2cc1OC[C@H]1CCCN(C)C1,1,IC50,7.0,1,CHEMBL1907944
N[C@H](Cc1c([Se][Se]c2[nH]c3ccccc3c2C[C@H](N)C(=O)NCc2ccccc2)[nH]c2ccccc12)C(=O)NCc1ccccc1,1,IC50,6.05,1,CHEMBL336409
Cc1ccc(C)c2ncc(-c3ccsc3)cc12,0,IC50 (>),4.7,1,CHEMBL303872
COc1cc2cc(-c3cccc(F)c3)cnc2cc1OC,0,IC50 (>),4.7,1,CHEMBL302491
Cc1cc(C)c2cc(-c3ccsc3)cnc2c1,0,IC50 (>),4.7,1,CHEMBL304333
COc1cc2cc(-c3cc(F)c(OC)c(F)c3)cnc2cc1OC,0,IC50 (>),4.7,1,CHEMBL66924
COc1cc2cc(-c3ccccc3OC)cnc2cc1OC,0,IC50 (>),4.7,1,CHEMBL419248
COc1cc2cc(OCc3ccccc3)cnc2cc1OC,0,IC50 (>),4.7,1,CHEMBL66932
COc1cc(/C=C(\C#N)C(N)=O)cc(CSc2nc3cc(Cl)ccc3s2)c1O,0,IC50 (>),4.08,2,CHEMBL115519
COc1cc2c(Nc3ccc(Cl)cc3F)ncnc2cc1OCCCN1CCN(C)CC1,1,IC50,7.12,1,CHEMBL1744347
COc1cc2cc(-c3ccccc3)cnc2cc1OC,0,IC50 (>),4.7,1,CHEMBL66063
COc1cc2cc(-c3ccc(Cl)s3)cnc2cc1OC,0,IC50 (>),4.7,1,CHEMBL69820
COc1cc2c(Nc3ccc(Cl)cc3F)ncnc2cc1OCCN1CCOCC1,1,IC50,6.4,1,CHEMBL25610
COc1cc2cc(-c3ccsc3)cnc2cc1OC,0,IC50 (>),4.7,1,CHEMBL66643
COc1cc2cc(-c3ccc(O)nc3)cnc2cc1OC,0,IC50 (>),4.7,1,CHEMBL66981
Cc1cc(C)c(NC(=O)/C(C#N)=C/c2ccc(O)c(O)c2)c(C)c1,0,IC50,4.72,1,CHEMBL141238
NC(Cc1c(SSc2[nH]c3ccccc3c2CC(N)C(=O)NCc2ccccc2)[nH]c2ccccc12)C(=O)NCc1ccccc1,0,IC50 (>),4.0,3,CHEMBL336174
COc1cc2cc(-c3ccc(F)c(F)c3)cnc2cc1OC,0,IC50 (>),4.7,1,CHEMBL67424
COc1cc2cc(-c3ccc(F)cc3)cnc2cc1OC,0,IC50 (>),4.7,1,CHEMBL68401
COc1cc2c(Nc3ccc(Br)cc3F)ncnc2cc1OCCC1CCNCC1,1,IC50,6.7,1,CHEMBL26641
COc1ccc(-c2cnc3cc(OC)c(OC)cc3c2)cn1,0,IC50 (>),4.7,1,CHEMBL66612
COc1cc2cc(-c3ccc(N(C)C)cc3)cnc2cc1OC,0,IC50 (>),4.7,1,CHEMBL66502
COc1ccc(/C=C/c2cnc3cc(OC)c(OC)cc3c2)cc1,0,IC50,4.7,1,CHEMBL66101
COc1cc2cc(-c3ccc(-c4ccccc4)cc3)cnc2cc1OC,0,IC50 (>),4.7,1,CHEMBL66329
COc1cc2cc(-c3ccc(Cl)c(Cl)c3)cnc2cc1OC,0,IC50 (>),4.7,1,CHEMBL67702
c1ccc2ncc(-c3ccsc3)cc2c1,0,IC50 (>),4.7,1,CHEMBL304310
COc1cc(/C=C(\C#N)C(N)=O)cc(CSc2nc3ccccc3s2)c1O,0,IC50,4.73,4,CHEMBL118109
Cn1c([Se][Se]c2c(C(=O)OC(C)(C)C)c3ccccc3n2C)c(C(=O)OC(C)(C)C)c2ccccc21,0,IC50 (>),4.0,1,CHEMBL334973
COc1cc2cc([N+](=O)[O-])cnc2cc1OC,0,IC50 (>),4.7,1,CHEMBL66008
COc1cc2c(Nc3c(F)cc(Br)cc3F)ncnc2cc1OCC1CCNCC1,1,IC50,6.35,1,CHEMBL279459
O=C(NCc1ccccc1)[C@H](Cc1c([Se]c2[nH]c3ccccc3c2C[C@@H](NC(=O)C(F)(F)F)C(=O)NCc2ccccc2)[nH]c2ccccc12)NC(=O)C(F)(F)F,0,IC50 (>),4.3,1,CHEMBL135241
C(=C/c1cnc2ccccc2c1)\c1ccccc1,0,IC50 (>),4.7,1,CHEMBL65858
N#C/C(=C\c1ccc(O)c(O)c1)C(=O)c1cccs1,0,IC50,4.51,2,CHEMBL55994
COc1cc(C=C(C#N)C#N)cc(CS(=O)(=O)c2ccc(C)cc2)c1O,0,IC50,4.82,4,CHEMBL334032
COc1cc2c(Nc3cc(O)c(C)cc3F)ncnc2cc1OCC1CCN(C)CC1,1,IC50,6.52,1,CHEMBL1202473
COc1cc2c(Nc3ccc(Cl)cc3F)ncnc2cc1OCCC1CCN(C)CC1,1,IC50,6.52,1,CHEMBL25425
COc1ccc(-c2cnc3cc(OC)c(OC)cc3c2)cc1F,0,IC50 (>),4.7,1,CHEMBL67436
COCCOc1cc2ncnc(Nc3ccc(Cl)cc3F)c2cc1OC,1,IC50,7.0,1,CHEMBL286160
COc1cc2c(Nc3cc(O)c(Cl)cc3F)ncnc2cc1OCC1CCN(C)CC1,1,IC50,7.0,1,CHEMBL2448066
COc1cc2cc(-c3c[nH]c4ccccc34)cnc2cc1OC,0,IC50 (>),4.7,1,CHEMBL302545
COc1ccc(NC(=O)/C(C#N)=C/c2ccc(O)c(O)c2)c(OC)c1,0,IC50,4.6,2,CHEMBL57251
N#C/C(=C\c1ccc(O)c(O)c1)C(=O)NCc1ccccc1,1,IC50,7.0,4,CHEMBL56543
c1ccc2ncc(-c3c[nH]c4ccccc34)cc2c1,0,IC50 (>),4.7,1,CHEMBL309116
COc1cc2cc(C#CC3CCCCC3)cnc2cc1OC,0,IC50 (>),4.7,1,CHEMBL63575
COc1cc(C=C(C#N)C#N)cc(C)c1O,0,IC50,4.06,2,CHEMBL120564
COc1cc2c(Nc3ccc(Br)cc3F)ncnc2cc1OC/C=C/CN1CCCC1,1,IC50,7.0,1,CHEMBL1202478
Clc1cc2cc(-c3ccsc3)cnc2cc1Cl,0,IC50 (>),4.7,1,CHEMBL66718
N#C/C(=C\c1cc(O)c(O)c(CSCc2ccccc2)c1)C(N)=O,1,IC50,6.19,3,CHEMBL432428
COc1cc(/C=C(/C#N)C(N)=O)cc(CSCc2ccc(Cl)cc2)c1O,0,IC50,4.8,1,CHEMBL141175
COc1cc2cc(-c3ccc([N+](=O)[O-])cc3)cnc2cc1OC,0,IC50 (>),4.7,1,CHEMBL69585
COc1cc2ncc(C#N)c(Nc3ccc(F)c(Cl)c3)c2cc1NC(=O)/C=C/CN1CCOCC1,0,IC50,4.87,3,CHEMBL113996
Brc1cccc(Nc2ncnc3cc(NCCCCN4CCOCC4)ncc23)c1,1,IC50,8.27,2,CHEMBL126384
Cc1cccc(Nc2ncnc3cc(NCCCN4CCOCC4)ncc23)c1,1,IC50,8.03,2,CHEMBL129509
COCC#CC(=O)Nc1ccc2ncc(C#N)c(Nc3cccc(Br)c3)c2c1,1,IC50,6.02,4,CHEMBL114593
CN(C)CCN(C)c1cc2ncnc(Nc3cccc(Br)c3)c2cn1,1,IC50,7.4,2,CHEMBL126137
Brc1cccc(Nc2ncnc3cc(NCCN4CCOCC4)ncc23)c1,1,IC50,8.49,3,CHEMBL128987
OCCN(CCO)CCNc1cc2ncnc(Nc3cccc(Br)c3)c2cn1,1,IC50,8.04,2,CHEMBL435993
Cc1cccc(Nc2ncnc3cc(NCCCn4ccnc4)ncc23)c1,1,IC50,8.46,2,CHEMBL340898
Cc1cccc(Nc2ncnc3cc(NCCCCN(C)C)ncc23)c1,1,IC50,8.27,2,CHEMBL338215
CN1CCN(CCCNc2cc3ncnc(Nc4cccc(Br)c4)c3cn2)CC1,1,IC50,8.31,2,CHEMBL340484
OCCN(CCO)CCCNc1cc2ncnc(Nc3cccc(Br)c3)c2cn1,1,IC50,8.92,2,CHEMBL127058
O=S(=O)(O)CCNc1cc2ncnc(Nc3cccc(Br)c3)c2cn1,1,IC50,8.85,2,CHEMBL128467
COCC#CC(=O)Nc1cc2c(Nc3cccc(Br)c3)c(C#N)cnc2cc1OC,1,IC50,6.1,3,CHEMBL326280
C=C(CN(C)C)C(=O)Nc1cc2c(Nc3ccc(F)c(Cl)c3)c(C#N)cnc2cc1OCC,1,IC50,6.25,3,CHEMBL117326
CN(CC(O)CO)c1cc2ncnc(Nc3cccc(Br)c3)c2cn1,1,IC50,8.49,2,CHEMBL340700
Brc1cccc(Nc2ncnc3cc(NCCc4c[nH]cn4)ncc23)c1,1,IC50,9.04,2,CHEMBL338114
CN(CCO)c1cc2ncnc(Nc3cccc(Br)c3)c2cn1,1,IC50,8.59,2,CHEMBL341319
NNc1cc2ncnc(Nc3cccc(Br)c3)c2cn1,1,IC50,8.15,2,CHEMBL340508
COCCOCC#CC(=O)Nc1ccc2ncc(C#N)c(Nc3cccc(Br)c3)c2c1,1,IC50,6.03,4,CHEMBL115440
OCCNc1cc2ncnc(Nc3cccc(Br)c3)c2cn1,1,IC50,9.62,2,CHEMBL127041
CCOc1cc2ncc(C#N)c(Nc3cccc(Br)c3)c2cc1NC(=O)/C=C/CN1CCOCC1,0,IC50,4.99,3,CHEMBL116012
Brc1cccc(Nc2ncnc3cc(NCCCn4ccnc4)ncc23)c1,1,IC50,9.29,2,CHEMBL126791
CNc1cc2ncnc(Nc3cccc(Br)c3)c2cn1,1,IC50,9.89,5,CHEMBL54400
O=C(O)CCCNc1cc2ncnc(Nc3cccc(Br)c3)c2cn1,1,IC50,9.55,2,CHEMBL128468
Cc1cccc(Nc2ncnc3cc(NCCCN4CCN(C)CC4)ncc23)c1,1,IC50,8.25,2,CHEMBL341522
COc1cc2ncc(C#N)c(Nc3cccc(Br)c3)c2cc1OC,1,IC50,8.12,5,CHEMBL111038
[O-][N+]1(CCCNc2cc3ncnc(Nc4cccc(Br)c4)c3cn2)CCOCC1,1,IC50,9.13,2,CHEMBL339416
CN(C)C/C=C/C(=O)Nc1ccc2ncc(C#N)c(Nc3cccc(Br)c3)c2c1,1,IC50,7.43,6,CHEMBL30973
N#Cc1cnc2ccc(NC(=O)C#CCN3CCSCC3)cc2c1Nc1cccc(Br)c1,1,IC50,6.26,4,CHEMBL327023
CCCN(CC#CC(=O)Nc1ccc2ncc(C#N)c(Nc3cccc(Br)c3)c2c1)CCC,1,IC50,6.89,4,CHEMBL115187
CNc1ccc2c(Nc3cccc(Br)c3)ncnc2c1,1,IC50,8.4,3,CHEMBL92812
CC#CC(=O)Nc1ccc2ncc(C#N)c(Nc3cccc(Br)c3)c2c1,1,IC50,6.59,5,CHEMBL283682
CN(C)CCCCNc1cc2ncnc(Nc3cccc(Br)c3)c2cn1,1,IC50,8.13,2,CHEMBL129825
Nc1ccc2c(Nc3cccc(Br)c3)ncnc2c1,1,IC50,10.0,3,CHEMBL420624
C=CC(=O)Nc1ccc2ncc(C#N)c(Nc3cccc(Br)c3)c2c1,1,IC50,8.01,6,CHEMBL281300
OCC(O)C(O)C(O)C(O)CNc1cc2ncnc(Nc3cccc(Br)c3)c2cn1,1,IC50,8.32,2,CHEMBL129579
CN(C)CCCNc1cc2ncnc(Nc3cccc(Br)c3)c2cn1,1,IC50,8.06,2,CHEMBL126893
CNc1cc2ncnc(Nc3cccc(C)c3)c2cn1,1,IC50,8.85,2,CHEMBL127082
OCCN(CCO)c1cc2ncnc(Nc3cccc(Br)c3)c2cn1,1,IC50,7.92,2,CHEMBL128759
OCC(O)CNc1cc2ncnc(Nc3cccc(Br)c3)c2cn1,1,IC50,9.04,3,CHEMBL126372
COCC1CCCN1CC#CC(=O)Nc1ccc2ncc(C#N)c(Nc3cccc(Br)c3)c2c1,1,IC50,6.82,3,CHEMBL157128
CN(C)c1cc2ncnc(Nc3cccc(Br)c3)c2cn1,1,IC50,10.05,5,CHEMBL53428
OCC(CO)Nc1cc2ncnc(Nc3cccc(Br)c3)c2cn1,1,IC50,7.85,2,CHEMBL125568
CN(C)CCCCCNc1cc2ncnc(Nc3cccc(Br)c3)c2cn1,1,IC50,8.08,2,CHEMBL129824
COc1cc2ncc(C#N)c(Nc3ccc(F)c(Cl)c3)c2cc1NC(=O)/C=C/C(C)N1CCOCC1,0,IC50,4.98,3,CHEMBL114073
CN(C)CCNc1cc2ncnc(Nc3cccc(Br)c3)c2cn1,1,IC50,7.35,2,CHEMBL128432
CC#CC(=O)Nc1cc2c(Nc3cccc(Br)c3)c(C#N)cnc2cc1OC,1,IC50,6.04,3,CHEMBL116525
CN(C)C/C=C/C(=O)Nc1ccc2ncc(C#N)c(Nc3ccc(F)c(Cl)c3)c2c1,1,IC50,6.19,4,CHEMBL323630
C=CC(=O)Nc1cc2c(Nc3cccc(Br)c3)c(C#N)cnc2cc1OC,1,IC50,6.09,3,CHEMBL324718
CN(C)C/C=C/C(=O)Nc1ccc2ncnc(Nc3cccc(Br)c3)c2c1,1,IC50,9.66,7,CHEMBL94061
Cc1cccc(Nc2ncnc3cc(NCCc4c[nH]cn4)ncc23)c1,1,IC50,8.14,2,CHEMBL340399
Nc1cc2ncnc(Nc3cccc(Br)c3)c2cn1,1,IC50,8.0,6,CHEMBL52076
CN(CC(O)C(O)C(O)C(O)CO)c1cc2ncnc(Nc3cccc(Br)c3)c2cn1,1,IC50,8.49,2,CHEMBL127611
CC(C)N(CC#CC(=O)Nc1ccc2ncc(C#N)c(Nc3cccc(Br)c3)c2c1)C(C)C,1,IC50,6.6,3,CHEMBL113900
Brc1cccc(Nc2ncnc3cc(NCCCN4CCOCC4)ncc23)c1,1,IC50,8.72,3,CHEMBL126623
CN(CC(=O)O)c1cc2ncnc(Nc3cccc(Br)c3)c2cn1,1,IC50,7.8,2,CHEMBL126903
COc1cc2ncc(C#N)c(Nc3cccc(Br)c3)c2cc1NC(=O)/C=C/CN(C)C,1,IC50,6.1,3,CHEMBL263788
O=C(O)CNc1cc2ncnc(Nc3cccc(Br)c3)c2cn1,1,IC50,8.82,2,CHEMBL338175
COCOC#CC(=O)Nc1ccc2ncc(C#N)c(Nc3cccc(Br)c3)c2c1,1,IC50,6.48,1,CHEMBL414631
Nc1ncnc2c1c(-c1cccc(O)c1)cn2C1CCC1,1,IC50,6.52,1,CHEMBL355330
CN(C)CCNc1[nH]cnc2c3ccccc3nc1-2,0,IC50 (>),4.0,1,CHEMBL543457
COc1ccc(-c2cn(C3CCCC3)c3ncnc(N)c23)cc1,1,IC50,6.24,1,CHEMBL170724
COc1cccc(-c2cn(C3CC(CNCCO)C3)c3ncnc(N)c23)c1,1,IC50,6.31,1,CHEMBL168550
Brc1cccc(Nc2ncnc3ccc4cc[nH]c4c23)c1,1,IC50,8.91,2,CHEMBL153525
C[C@H](Nc1ncnc2c1sc1ccccc12)c1ccccc1,1,IC50,6.27,1,CHEMBL3085277
Nc1ccc2sc3c(Nc4cccc(Br)c4)ncnc3c2c1,1,IC50,9.57,2,CHEMBL152905
COc1cccc(-c2cn(C3CCCC3)c3ncnc(N)c23)c1,1,IC50,6.34,1,CHEMBL168382
Nc1ncnc2c1c(-c1ccccc1)cn2C1CCC(O)C1,1,IC50,6.1,1,CHEMBL168285
COc1cccc(-c2cn(C3CC(CO)C3)c3ncnc(N)c23)c1,1,IC50,6.38,1,CHEMBL352801
CN(C)CCNc1[nH]cnc2nc3ccccc3c1-2,0,IC50 (>),5.0,1,CHEMBL357326
Cc1cccc(Nc2ncnc3c2sc2ccc([N+](=O)[O-])cc23)c1,1,IC50,7.96,1,CHEMBL544867
O=[N+]([O-])c1ccc2sc3c(Nc4cccc(C(F)(F)F)c4)ncnc3c2c1,1,IC50,6.34,1,CHEMBL538814
COc1ccc(Oc2ncnc3cc(OC)c(OC)cc23)cc1OC,0,IC50 (>),4.0,1,CHEMBL431818
c1ccc2c(c1)[nH]c1c(NC3CCCCC3)ncnc12,0,IC50 (>),5.0,2,CHEMBL5195327
COc1cccc2sc3c(Nc4cccc(Br)c4)ncnc3c12,1,IC50,7.7,1,CHEMBL542755
COc1ccc2[nH]c3ncnc(Nc4cccc(Br)c4)c3c2c1,1,IC50,8.92,3,CHEMBL153206
COc1ccc2c(c1)sc1c(Nc3cccc(Br)c3)ncnc12,1,IC50,7.1,1,CHEMBL346846
CN(C)c1ccc2sc3c(Nc4cccc(Br)c4)ncnc3c2c1,1,IC50,7.7,1,CHEMBL153739
COc1cccc(-c2cn(C3CC(C(=O)NCCO)C3)c3ncnc(N)c23)c1,1,IC50,6.48,1,CHEMBL354310
Cn1c2ccccc2c2c(Nc3cccc(Br)c3)ncnc21,1,IC50,6.13,2,CHEMBL152984
Cc1nc(Nc2cccc(Br)c2)c2c(n1)[nH]c1ccccc12,0,IC50 (>),5.0,1,CHEMBL555739
c1ccc(Nc2[nH]cnc3nc4ccccc4c2-3)cc1,1,IC50,6.58,1,CHEMBL150280
O=[N+]([O-])c1ccc2sc3c(Nc4cccc(Br)c4)ncnc3c2c1,1,IC50,7.91,1,CHEMBL553351
COc1cc2nccc(Nc3cccc(Br)c3)c2cc1OC,1,IC50,6.43,2,CHEMBL98248
COc1cc2ncnc(Oc3cccc(Br)c3)c2cc1OC,1,IC50,7.16,1,CHEMBL98798
Brc1cccc(Nc2[nH]cnc3nc4ccccc4c2-3)c1,1,IC50,7.51,3,CHEMBL423224
Nc1ccc2sc3c(Nc4cccc(C(F)(F)F)c4)ncnc3c2c1,1,IC50,7.33,1,CHEMBL347282
c1ccc(CNc2ncnc3c2[nH]c2ccccc23)cc1,1,IC50,6.34,2,CHEMBL5173075
Brc1cccc(Nc2ncnc3c2sc2ncsc23)c1,1,IC50,7.4,1,CHEMBL346863
Nc1ncnc2c1c(-c1ccc(O)cc1)cn2C1CCCC1,1,IC50,6.6,1,CHEMBL169570
Cc1cccc(Nc2cc(NCCO)ncn2)c1,1,IC50,9.0,1,CHEMBL415738
Brc1cccc(Nc2ncnc3c2sc2ncccc23)c1,1,IC50,6.13,1,CHEMBL153409
COc1ccc(CC(CO)n2cc(-c3ccccc3)c3c(N)ncnc32)cc1,0,IC50,4.84,1,CHEMBL171256
Clc1cccc(Nc2ncnc3ccccc23)c1,1,IC50,7.64,5,CHEMBL329672;CHEMBL555321
Nc1ncnc2c1c(-c1ccc(O)cc1)cn2C1CCC1,1,IC50,6.22,1,CHEMBL166765
Cn1c2ccccc2c2ncnc(Nc3cccc(Br)c3)c21,1,IC50,6.88,1,CHEMBL553137
Nc1ncnc2c1c(-c1cccc(O)c1)cn2C1CCCC1,1,IC50,7.1,1,CHEMBL169390
Brc1cccc(Nc2ncnc3ccc4[nH]cnc4c23)c1,1,IC50,7.54,2,CHEMBL153170
Brc1cccc(Nc2ncnc3sccc23)c1,1,IC50,7.46,1,CHEMBL355982
Nc1nc(Nc2cccc(Br)c2)c2c(n1)[nH]c1ccccc12,1,IC50,6.83,2,CHEMBL345988
O=[N+]([O-])c1ccc2sc3c(Nc4ccccc4)ncnc3c2c1,1,IC50,7.24,1,CHEMBL544868
COc1nccc(-c2c(-c3ccc(F)cc3)ncn2[C@H]2CC[C@H](O)CC2)n1,1,IC50,7.08,1,CHEMBL97162
Brc1cccc(Nc2ncnc3ccsc23)c1,1,IC50,7.96,1,CHEMBL345294
C[C@H](Nc1[nH]cnc2c3ccccc3nc1-2)c1ccccc1,1,IC50,7.3,2,CHEMBL103864;CHEMBL2093928
Cc1cccc(Nc2ncnc3c2sc2ccc(N)cc23)c1,1,IC50,8.68,2,CHEMBL155278
Brc1cccc(Nc2ncnc3c2oc2ccccc23)c1,1,IC50,6.13,1,CHEMBL149512
COc1ccc(Nc2ccnc3cc(OC)c(OC)cc23)cc1OC,0,IC50,4.09,1,CHEMBL98137
Nc1ncnc2c1c(-c1ccccc1)cn2C(CO)Cc1ccc(O)cc1,0,IC50,4.88,1,CHEMBL170438
Nc1ccc2c(c1)sc1c(Nc3cccc(Br)c3)ncnc12,1,IC50,9.33,1,CHEMBL539822
O=[N+]([O-])c1cccc2c1sc1c(Nc3cccc(Br)c3)ncnc12,1,IC50,6.8,1,CHEMBL540082
Brc1cccc(Nc2ncnc3c2sc2ccccc23)c1,1,IC50,8.74,2,CHEMBL356850
Nc1ccc2sc3c(Nc4ccccc4)ncnc3c2c1,1,IC50,8.03,1,CHEMBL357367
Nc1cccc2c1sc1c(Nc3cccc(Br)c3)ncnc12,1,IC50,8.57,1,CHEMBL151593
c1ccc(CNc2ncnc3c2sc2ccccc23)cc1,1,IC50,6.72,1,CHEMBL153419
Nc1cc2sc3c(Nc4cccc(Br)c4)ncnc3c2cc1F,1,IC50,9.0,2,CHEMBL153573
CCNc1cc2sc3c(Nc4cccc(Br)c4)ncnc3c2cc1F,1,IC50,8.1,2,CHEMBL357570
Nc1ncnc2c1c(-c1ccccc1)cn2C1CCCC1,1,IC50,6.3,1,CHEMBL352954
Brc1cccc(Nc2ncnc3c2[nH]c2ccccc23)c1,1,IC50,7.14,3,CHEMBL5198809;CHEMBL6195771
CNc1ccc2sc3c(Nc4cccc(Br)c4)ncnc3c2c1,1,IC50,8.96,2,CHEMBL358934
COc1cccc(-c2cn(C3CCC3)c3ncnc(N)c23)c1,1,IC50,6.35,1,CHEMBL355191
O=[N+]([O-])c1ccc2c(c1)sc1c(Nc3cccc(Br)c3)ncnc12,1,IC50,7.32,1,CHEMBL540590
COc1cc2sc3c(Nc4cccc(Br)c4)ncnc3c2cc1OC,1,IC50,6.35,1,CHEMBL544865
COc1cccc2c1sc1c(Nc3cccc(Br)c3)ncnc12,1,IC50,7.9,1,CHEMBL555921
COc1ccc(Oc2ccnc3cc(OC)c(OC)cc23)cc1OC,0,IC50 (>),5.0,2,CHEMBL327300
Nc1ncnc2c1c(-c1ccccc1)cn2C(CO)Cc1ccccc1,1,IC50,6.36,1,CHEMBL171311
Nc1ncnc2c1c(-c1ccccc1)cn2C1CCC1,1,IC50,6.14,1,CHEMBL166766
Brc1cccc(Nc2ncnc3c2ccc2[nH]cnc23)c1,1,IC50,6.57,2,CHEMBL155100
Nc1ncnc2c1c(-c1cccc(O)c1)cn2C1CCN(CCO)CC1,0,IC50 (>),5.0,1,CHEMBL169780
COc1cccc(-c2cn(C3CCN(CC(=O)N(C)C)CC3)c3ncnc(N)c23)c1,1,IC50,6.12,1,CHEMBL355269
Nc1ncnc2c1c(-c1ccccc1)cn2C1CCNC1,0,IC50,4.87,1,CHEMBL168829
C[C@H](Nc1cc(-c2c(-c3cccc(C(F)(F)F)c3)nc(C3CCNCC3)n2C)ccn1)c1ccccc1,0,IC50 (>),5.0,1,CHEMBL303144
COC(=O)CN1CCC(n2cc(-c3cccc(OC)c3)c3c(N)ncnc32)C1,1,IC50,6.08,1,CHEMBL355891
COc1cccc(-c2cn(C3CCN(CCN(C)CCO)CC3)c3ncnc(N)c23)c1,1,IC50,6.53,1,CHEMBL168661
C[C@H](Nc1nccc(-c2c(-c3cccc(C(F)(F)F)c3)nc(C3CCNCC3)n2C)n1)c1ccccc1,0,IC50 (>),5.0,1,CHEMBL305178
COc1cccc(-c2cn(C3CCN(CC(N)=O)C3)c3ncnc(N)c23)c1,1,IC50,6.36,1,CHEMBL355322
Nc1ncnc2c1c(-c1cccc(O)c1)cn2C1CCNC1,0,IC50 (>),5.0,1,CHEMBL171545
COc1cccc(-c2cn(C3CCN(CC(N)=O)CC3)c3ncnc(N)c23)c1,1,IC50,6.46,1,CHEMBL169064
CC(C)(C)OC(=O)N1CCC(n2cc(-c3cccc(O)c3)c3c(N)ncnc32)C1,0,IC50 (>),5.0,1,CHEMBL168921
C[S+]([O-])c1ccc(-c2nc(-c3ccc(F)cc3)c(-c3ccncc3)[nH]2)cc1,0,IC50 (>),4.48,6,CHEMBL10
COc1cc2ncnc(NCc3ccccc3)c2cc1OC,1,IC50,8.4,2,CHEMBL325245;CHEMBL545541
COc1cc2ncnc(Nc3cccc(F)c3)c2cc1OC,1,IC50,8.42,6,CHEMBL541586;CHEMBL94431
COc1cc2nc(Cl)nc(Nc3cc(OC)c(OC)c(OC)c3)c2cc1OC,0,IC50 (>),4.7,1,CHEMBL542237
COc1cc2ncnc(Nc3cccc(Cl)c3)c2cc1OC,1,IC50,9.51,11,CHEMBL540068;CHEMBL7917
COc1cc(Nc2ncnc3c(C)cc(C)cc23)cc(OC)c1OC,0,IC50 (>),4.7,1,CHEMBL544836
COc1cc2ncnc(Oc3cccc(Cl)c3)c2cc1OC,1,IC50,7.7,1,CHEMBL135853
COc1ccc(Nc2ncnc3cc(OC)c(OC)cc23)cc1OC,1,IC50,6.46,1,CHEMBL544833
CC[C@H]1CN(c2ccc(-c3ccnc(Nc4cc(OC)c(OC)c(OC)c4)n3)cn2)CCN1,0,IC50 (>),5.0,1,CHEMBL112346
COc1cc2ncnc(Nc3ccc(O)cc3)c2cc1OC,1,IC50,7.0,1,CHEMBL555201
COc1cc2ncnc(Nc3ccccc3)c2cc1OC,1,IC50,7.54,5,CHEMBL542484;CHEMBL94191
CCN(CC)CCCCNc1ncc2cc(-c3c(Cl)cccc3Cl)c(NC(=O)Nc3ccccc3)nc2n1,1,IC50,6.0,1,CHEMBL56983
COc1cc2ncnc(Sc3cccc(Cl)c3)c2cc1OC,1,IC50,8.0,1,CHEMBL135902
COc1cc2ncnc(Nc3cc(OC)c(OC)c(OC)c3)c2cc1OC,1,IC50,6.3,3,CHEMBL309682;CHEMBL543904
COc1cc2ncnc(Nc3ccc4c(c3)CCC4)c2cc1OC,1,IC50,6.22,1,CHEMBL555797
COc1ccc(Sc2ncnc3cc(OC)c(OC)cc23)cc1OC,0,IC50 (>),4.3,1,CHEMBL132605
COc1ccc2ncnc(Nc3cc(OC)c(OC)c(OC)c3)c2c1,1,IC50,7.0,1,CHEMBL542729
COc1cc(Nc2nccc(-c3cccnc3)n2)cc(OC)c1OC,0,IC50 (>),5.0,1,CHEMBL112263
COc1ccc(Nc2ncnc3cc(OC)c(OC)cc23)cc1,1,IC50,6.6,1,CHEMBL542733
COc1cc(Nc2ncnc3c(OC)c(OC)c(OC)cc23)cc(OC)c1OC,0,IC50 (>),4.7,1,CHEMBL543429
Cc1c(CCC(=O)O)c[nH]c1/C=C1\C(=O)Nc2ccc(C(=O)O)cc21,0,IC50 (>),4.3,2,CHEMBL435227
Cc1c[nH]c(/C=C2\C(=O)Nc3cccc(C)c32)c1CCC(=O)O,0,IC50,4.54,2,CHEMBL147761
COc1cccc(-c2ccc3c(c2)NC(=O)/C3=C\c2[nH]cc(C)c2CCC(=O)O)c1,0,IC50,4.31,2,CHEMBL450622
Cc1[nH]c(/C=C2\C(=O)Nc3ccccc32)c(C)c1CCC(=O)O,0,IC50 (>),4.7,5,CHEMBL274654
Cc1[nH]c(/C=C2\C(=O)Nc3ccc(Br)cc32)c(C)c1CCC(=O)O,0,IC50 (>),4.3,2,CHEMBL357803
Cc1c(CCC(=O)O)c[nH]c1/C=C1\C(=O)Nc2ccc(S(N)(=O)=O)cc21,0,IC50 (>),4.3,2,CHEMBL146697
COc1ccccc1-c1ccc2c(c1)NC(=O)/C2=C\c1[nH]c(C)c(CCC(=O)O)c1C,0,IC50,4.5,2,CHEMBL146694
COc1cccc(-c2ccc3c(c2)NC(=O)/C3=C\c2[nH]cc(CCC(=O)O)c2C)c1,0,IC50,4.52,2,CHEMBL148514
CCOc1cccc(-c2ccc3c(c2)NC(=O)/C3=C\c2[nH]cc(C)c2CCC(=O)O)c1,0,IC50 (>),4.3,2,CHEMBL443296
COc1ccc2c(c1)NC(=O)/C2=C\c1[nH]cc(CCC(=O)O)c1C,0,IC50 (>),4.3,2,CHEMBL149243
Cc1[nH]c(/C=C2\C(=O)Nc3ccc(C(=O)O)cc32)c(C)c1CCC(=O)O,0,IC50 (>),4.3,2,CHEMBL149073
COc1ccc(-c2ccc3c(c2)NC(=O)/C3=C\c2[nH]cc(CCC(=O)O)c2C)cc1,0,IC50,4.64,2,CHEMBL148984
Cc1c(CCC(=O)O)c[nH]c1/C=C1\C(=O)Nc2cc(-c3ccccc3)ccc21,0,IC50,4.66,2,CHEMBL347074
Cc1c(CCC(=O)O)c[nH]c1/C=C1\C(=O)Nc2ccccc21,0,IC50 (>),4.3,2,CHEMBL344319
COc1ccc2c(c1)NC(=O)/C2=C\c1[nH]c(C)c(CCC(=O)O)c1C,0,IC50 (>),4.3,2,CHEMBL356245
COc1ccc(-c2ccc3c(c2)NC(=O)/C3=C\c2[nH]c(C)c(CCC(=O)O)c2C)cc1,0,IC50 (>),4.3,2,CHEMBL150151
COc1cccc(-c2ccc3c(c2)NC(=O)/C3=C\c2[nH]c(C)c(CCC(=O)O)c2C)c1,0,IC50,4.62,2,CHEMBL358728
Cc1[nH]c(/C=C2\C(=O)Nc3cc(-c4ccccc4)ccc32)c(C)c1CCC(=O)O,0,IC50,4.66,2,CHEMBL149201
Cc1c[nH]c(/C=C2\C(=O)Nc3ccc(Br)cc32)c1CCC(=O)O,0,IC50 (>),4.3,2,CHEMBL148744
Cc1[nH]c(/C=C2\C(=O)Nc3ccc(S(N)(=O)=O)cc32)c(C)c1CCC(=O)O,0,IC50 (>),4.3,2,CHEMBL150177
COc1ccccc1-c1ccc2c(c1)NC(=O)/C2=C\c1[nH]cc(CCC(=O)O)c1C,0,IC50,4.72,2,CHEMBL147112
COc1cc2ncnc(Nc3ccc(F)c(Cl)c3)c2cc1OCCN(CCO)CCO,1,IC50,7.46,1,CHEMBL56505
COc1cc2ncnc(Nc3cccc(C)c3)c2cc1OC,1,IC50,8.34,3,CHEMBL56802
Nc1cc2ncnc(Nc3ccccc3)c2cn1,1,IC50,6.6,1,CHEMBL122534
COc1cc2ncnc(Nc3ccc(F)c(Cl)c3)c2cc1OCCCN(C)C,1,IC50,7.31,1,CHEMBL57990
Cc1cccc(Nc2ncnc3cc(N)ncc23)c1,1,IC50,7.4,1,CHEMBL331792
CC(=O)Nc1cccc(Nc2ncnc3cc(N)ncc23)c1,0,IC50 (>),5.0,1,CHEMBL125983
COc1cc2ncnc(Nc3ccc(F)c(Cl)c3)c2cc1OCCNC(C)C,1,IC50,6.51,1,CHEMBL55794
CC(=O)Nc1ccc(Nc2ncnc3cc(N)ncc23)cc1,0,IC50 (>),5.0,1,CHEMBL122081
COCCN(CCOC)CCOc1cc2c(Nc3ccc(F)c(Cl)c3)ncnc2cc1OC,1,IC50,7.21,1,CHEMBL294395
Nc1ccc(-c2cc(=O)c3cccc(N)c3o2)cc1,0,IC50 (>),4.0,1,CHEMBL323660
Nc1cc2ncnc(Nc3ccc(Br)cc3)c2cn1,1,IC50,7.05,1,CHEMBL338625
CN(C)c1ccccc1CNc1ncnc2cc(N)ncc12,0,IC50 (>),4.0,1,CHEMBL419601
COc1ccccc1CNc1ncnc2cc(N)ncc12,0,IC50,4.0,1,CHEMBL121709
O=c1c(-c2cccc(Cl)c2)coc2cc(O)ccc12,0,IC50,4.23,1,CHEMBL7699
Nc1ccc(-c2cc(=O)c3ccc(O)c(N)c3o2)cc1,0,IC50 (>),4.0,1,CHEMBL114568
Nc1cc2ncnc(Nc3cccc([N+](=O)[O-])c3)c2cn1,1,IC50,7.4,1,CHEMBL124673
COc1cc2ncnc(Nc3ccc(F)c(Cl)c3)c2cc1OC,1,IC50,9.0,10,CHEMBL301018
C=CC(=O)Nc1cnc2ncc(C#N)c(Nc3cccc(Br)c3)c2c1,1,IC50,6.43,2,CHEMBL281467
COc1cc2ncnc(Nc3ccc(F)c(Cl)c3)c2cc1OCCCN1CCCC1,1,IC50,7.15,1,CHEMBL299672
COc1cc2ncnc(Nc3ccc(F)c(Cl)c3)c2cc1OC[C@H](O)CN1CCOCC1,1,IC50,7.17,1,CHEMBL1788321
Oc1c(-c2cccc(Cl)c2)cnc2ccccc12,0,IC50 (>),4.0,1,CHEMBL7801
COc1cc2ncnc(Nc3ccc(F)c(Cl)c3)c2cc1OCCNCCN(C)C,1,IC50,8.7,1,CHEMBL56936
COc1cc2ncnc(Nc3ccc(F)c(Cl)c3)c2cc1OCC(O)Cn1ccnc1,1,IC50,8.1,1,CHEMBL60826
Nc1ccc(-c2cc(=O)c3cc(O)cc(N)c3o2)cc1,0,IC50 (>),4.0,1,CHEMBL112421
COc1cc(N)c2oc(-c3cccc(N)c3)cc(=O)c2c1,0,IC50 (>),4.0,1,CHEMBL114550
Nc1cc2ncnc(Nc3ccc([N+](=O)[O-])cc3)c2cn1,0,IC50,4.19,1,CHEMBL333115
Nc1cc2ncnc(Nc3cccc(I)c3)c2cn1,1,IC50,6.58,1,CHEMBL125550
Nc1cc2ncnc(Nc3cccc(O)c3)c2cn1,1,IC50,7.16,1,CHEMBL123322
COc1cc(O)c2c(O)c(-c3cccc(Cl)c3)cnc2c1,1,IC50,7.42,2,CHEMBL440453
CC#CC(=O)Nc1ccc2ncc(C#N)c(Nc3ccc(F)c(Cl)c3)c2c1,1,IC50,6.48,1,CHEMBL31876
Nc1cc2ncnc(Nc3cccc(C(F)(F)F)c3)c2cn1,1,IC50,7.82,1,CHEMBL125810
COc1cccc(Nc2ncnc3cc(N)ncc23)c1,1,IC50,6.89,1,CHEMBL334173
CN(C)c1ccc(CNc2ncnc3cc(N)ncc23)cc1,0,IC50 (>),4.0,1,CHEMBL121984
COc1cc2ncnc(Nc3ccc(F)c(Cl)c3)c2cc1OCCN1CCOCC1,1,IC50,8.0,1,CHEMBL14699
COCCNCCOc1cc2c(Nc3ccc(F)c(Cl)c3)ncnc2cc1OC,1,IC50,8.1,1,CHEMBL56912
CCN(CC)CCCOc1cc2c(Nc3ccc(F)c(Cl)c3)ncnc2cc1OC,1,IC50,7.24,1,CHEMBL55425
CN(C)C/C=C/C(=O)Nc1cc2c(Nc3cccc(Br)c3)c(C#N)cnc2cn1,1,IC50,8.72,2,CHEMBL31276
COc1cc2ncnc(Nc3ccc(F)c(Cl)c3)c2cc1OCCNC(C)(CO)CO,1,IC50,7.16,1,CHEMBL56027
COc1cc2ncnc(Nc3ccc(F)c(Cl)c3)c2cc1OCCn1ccnc1,1,IC50,7.22,2,CHEMBL294034
Nc1cccc(CNc2ncnc3cc(N)ncc23)c1,0,IC50 (>),5.0,1,CHEMBL127763
COc1cc(OC)c2c(=O)c(-c3cccc(Cl)c3)coc2c1,0,IC50 (>),4.0,1,CHEMBL7981
CC#CC(=O)Nc1cnc2ncc(C#N)c(Nc3cccc(Br)c3)c2c1,0,IC50 (>),5.0,1,CHEMBL31745
CNCCOc1cc2c(Nc3ccc(F)c(Cl)c3)ncnc2cc1OC,1,IC50,8.1,1,CHEMBL293090
COc1cc2ncnc(Nc3ccc(F)c(Cl)c3)c2cc1OCCN1CCCCC1,1,IC50,7.01,1,CHEMBL56142
Nc1ccc(-c2cc(=O)c3cc(N)cc(N)c3o2)cc1,0,IC50 (>),4.0,1,CHEMBL112422
Nc1ccc(-c2cc(=O)c3c(O)c(N)ccc3o2)cc1,0,IC50 (>),4.0,1,CHEMBL116051
CN(C)CCOc1cc2c(Nc3ccc(F)c(Cl)c3)c(C#N)cnc2cn1,0,IC50 (>),5.0,2,CHEMBL31437
CCN(CC)CCOc1cc2c(Nc3ccc(F)c(Cl)c3)ncnc2cc1OC,1,IC50,7.03,1,CHEMBL293064
Nc1ccc(-c2cc(=O)c3c(O)ccc(N)c3o2)cc1,0,IC50 (>),4.0,1,CHEMBL114578
COc1ccc(Nc2ncnc3cc(N)ncc23)cc1,1,IC50,6.17,1,CHEMBL128001
CN(C)CCOc1cc2c(Nc3cccc(Br)c3)c(C#N)cnc2cn1,0,IC50 (>),5.0,2,CHEMBL31118
COc1cc2ncnc(Nc3ccc(F)c(Cl)c3)c2cc1OCC(O)CN,1,IC50,8.22,1,CHEMBL56502
Nc1ccc(-c2cc(=O)c3cc(N)c(O)cc3o2)cc1,0,IC50,4.85,1,CHEMBL432416
COc1ccc(CNc2ncnc3cc(N)ncc23)cc1,0,IC50 (>),4.0,1,CHEMBL125995
COc1cc(O)c2c(=O)c(-c3cccc(Cl)c3)cn(C)c2c1,1,IC50,6.77,1,CHEMBL7819
COc1ccc(N)c2oc(-c3ccc(N)cc3)cc(=O)c12,0,IC50 (>),4.0,1,CHEMBL115397
Nc1cc2ncnc(Nc3cccnc3)c2cn1,0,IC50 (>),5.0,1,CHEMBL122168
Nc1cc2ncnc(Nc3cccc(F)c3)c2cn1,1,IC50,6.08,1,CHEMBL340438
COc1cc2ncnc(Nc3ccc(F)c(Cl)c3)c2cc1OCCCN1CCCCC1,1,IC50,7.1,1,CHEMBL291514
Nc1cc2ncnc(Nc3ccccc3Br)c2cn1,1,IC50,6.62,1,CHEMBL122132
COc1cc2ncnc(Nc3ccc(F)c(Cl)c3)c2cc1OC[C@@H](O)CN1CCOCC1,1,IC50,7.02,1,CHEMBL1744086
Nc1ccc(-c2cc(=O)c3c(N)c(O)c(N)cc3o2)cc1,0,IC50 (>),4.0,1,CHEMBL114814
Nc1cccc(-c2cc(=O)c3cc(N)c(O)cc3o2)c1,0,IC50 (>),4.0,1,CHEMBL115102
CN(C)c1ccccc1Nc1ncnc2cc(N)ncc12,0,IC50,4.16,1,CHEMBL123523
Nc1cc2ncnc(Nc3cccc(Cl)c3)c2cn1,1,IC50,6.92,1,CHEMBL124528
Nc1cc2ncnc(NCc3ccc([N+](=O)[O-])cc3)c2cn1,0,IC50 (>),5.0,1,CHEMBL126097
COc1cc(O)c2c(=O)c(-c3cccc(Cl)c3)coc2c1,0,IC50 (>),4.0,1,CHEMBL7339
COc1cc2ncnc(Nc3ccc(F)c(Cl)c3)c2cc1OCCN(C)C,1,IC50,8.15,1,CHEMBL57759
Nc1ccc(-c2cc(=O)c3cc(N)c(O)c(N)c3o2)cc1,0,IC50 (>),4.0,1,CHEMBL115601
Nc1cccc(-c2cc(=O)c3cc(N)ccc3o2)c1,0,IC50 (>),4.0,1,CHEMBL115103
COc1cc2ncnc(Nc3ccc(F)c(Cl)c3)c2cc1OCCN1CCN(C)CC1,1,IC50,8.0,1,CHEMBL300791
COc1cc2ncnc(Nc3ccc(F)c(Cl)c3)c2cc1OCCNC(C)(C)C,1,IC50,7.0,1,CHEMBL57892
COc1cc2ncnc(Nc3ccc(F)c(Cl)c3)c2cc1OCCN1CCCC1,1,IC50,7.06,1,CHEMBL57758
CNCC(O)COc1cc2c(Nc3ccc(F)c(Cl)c3)ncnc2cc1OC,1,IC50,8.3,1,CHEMBL56266
Nc1cc2ncnc(NCc3ccccc3)c2cn1,1,IC50,6.24,2,CHEMBL300083
Nc1cc2ncnc(NCc3cccc(Br)c3)c2cn1,1,IC50,6.0,1,CHEMBL121708
CC(C)(C)c1cnc(CSc2cnc(NC(=O)C3CCNCC3)s2)o1,0,IC50 (>),4.6,24,CHEMBL296468
Oc1cc(O)c2c(O)c(-c3cccc(Cl)c3)cnc2c1,1,IC50,8.1,2,CHEMBL266995
COc1cc2ncnc(Nc3ccc(F)c(Cl)c3)c2cc1OCC(O)CN(CCO)CCO,1,IC50,8.3,1,CHEMBL299893
COc1cc(N)c2oc(-c3ccc(N)cc3)cc(=O)c2c1,0,IC50 (>),4.0,1,CHEMBL116353
Nc1cc2ncnc(NCc3ccccc3N)c2cn1,1,IC50,6.64,1,CHEMBL332846
Nc1ccc(CNc2ncnc3cc(N)ncc23)cc1,0,IC50 (>),5.0,1,CHEMBL124836
CC(=O)OC(Cc1c(SSc2[nH]c3ccccc3c2CC(OC(C)=O)C(=O)NCc2ccccc2)[nH]c2ccccc12)C(=O)NCc1ccccc1,0,IC50,4.55,1,CHEMBL348146
O=C(NCc1ccccc1)C(Cc1c(SSc2[nH]c3ccccc3c2CC(NC(=O)C(F)(F)F)C(=O)NCc2ccccc2)[nH]c2ccccc12)NC(=O)C(F)(F)F,0,IC50 (>),4.0,1,CHEMBL350882
CN(C)C(=O)CCc1c(SSc2[nH]c3ccccc3c2CCC(=O)N(C)C)[nH]c2ccccc12,0,IC50,4.92,1,CHEMBL422531
CONC(=O)CCc1c(SSc2[nH]c3ccccc3c2CCC(=O)NOC)[nH]c2ccccc12,0,IC50,4.17,1,CHEMBL154969
C=C(CN(C)C)C(=O)c1ccc(OCc2ccccc2)cc1,1,IC50,6.75,1,CHEMBL552859
COc1cc2c(cc1OC)Nc1ncnc(O)c1C2,0,IC50,4.12,1,CHEMBL414013
O=C(CCc1c(SSc2[nH]c3ccccc3c2CCC(=O)NCCc2ccccc2)[nH]c2ccccc12)NCCc1ccccc1,0,IC50,4.62,1,CHEMBL154260
CC(=O)NC(Cc1c(SSc2[nH]c3ccccc3c2CC(NC(C)=O)C(=O)NCc2ccccc2)[nH]c2ccccc12)C(=O)NCc1ccccc1,0,IC50,4.29,1,CHEMBL346716
CCOC(=O)C1CCN(CCC(=O)c2ccc(OCc3ccccc3)cc2)CC1,1,IC50,6.52,1,CHEMBL542891
N#CCc1c(SSc2[nH]c3ccccc3c2CC#N)[nH]c2ccccc12,0,IC50,4.5,1,CHEMBL348116
C=C(CN(C)C)C(=O)c1ccc(OS(=O)(=O)c2ccc(C(=O)O)cc2)cc1,1,IC50,6.64,1,CHEMBL80030
O=C(NCc1ccccc1)C(O)Cc1c(SSc2[nH]c3ccccc3c2CC(O)C(=O)NCc2ccccc2)[nH]c2ccccc12,0,IC50,4.85,1,CHEMBL157952
O=C(CCCc1c(SSc2[nH]c3ccccc3c2CCCC(=O)NCc2ccccc2)[nH]c2ccccc12)NCc1ccccc1,0,IC50,4.0,1,CHEMBL156555
NC(=O)CCC1C(S)=Nc2ccccc21,0,IC50,4.66,1,CHEMBL155607
CC(CN(C)C)C(=O)c1ccc(OS(=O)(=O)c2ccc(C(=O)O)cc2)cc1,0,IC50,4.0,1,CHEMBL543600
O=C(CC1C(S)=Nc2ccccc21)NCc1ccccc1,0,IC50,4.0,1,CHEMBL155389
N#CC(Cc1ccc(O)c(O)c1)C(=N)S,0,IC50,4.16,1,CHEMBL78249
CN(C)CCCC(=O)c1ccc(OCc2ccccc2)cc1,0,IC50 (>),4.0,1,CHEMBL543362
O=C(Cc1c(SSc2[nH]c3ccccc3c2CC(=O)NCc2ccccc2)[nH]c2ccccc12)NCc1ccccc1,0,IC50,4.42,1,CHEMBL435831
COC(=O)c1ccc(CNC(=O)CCc2c(SSc3[nH]c4ccccc4c3CCC(=O)NCc3ccc(C(=O)OC)cc3)[nH]c3ccccc23)cc1,0,IC50,4.36,1,CHEMBL154080
O=[N+]([O-])CCc1c(SSc2[nH]c3ccccc3c2CC[N+](=O)[O-])[nH]c2ccccc12,0,IC50,4.05,1,CHEMBL158119
C=C(CN(C)C)C(=O)c1ccc(OCc2ccccc2)c(O)c1,1,IC50,6.17,1,CHEMBL542887
C=C(CN(C)C)C(=O)c1ccc(OS(=O)(=O)c2ccc(C(=O)N(C)C)cc2)cc1,1,IC50,6.16,1,CHEMBL552634
O=C(CCC1C(S)=Nc2ccccc21)NCc1ccccc1,0,IC50,4.0,1,CHEMBL154911
N#CCCc1c(SSc2[nH]c3ccccc3c2CCC#N)[nH]c2ccccc12,0,IC50,4.33,1,CHEMBL157304
NC(=O)CCc1c(SSc2[nH]c3ccccc3c2CCC(N)=O)[nH]c2ccccc12,0,IC50,4.8,1,CHEMBL157021
CN(C)CCC(=O)c1ccc(OCc2ccccc2)c(O)c1,1,IC50,6.44,1,CHEMBL552860
COC(=O)CCc1c(SSc2[nH]c3ccccc3c2CCC(=O)OC)[nH]c2ccccc12,0,IC50,4.68,1,CHEMBL79808
C=C(CN(C)C)C(=O)c1ccc(OS(=O)(=O)c2ccc(C(=O)O)c(O)c2)cc1,1,IC50,6.33,1,CHEMBL310580
COC(=O)c1ccc(CNC(=O)CCc2c(SSc3[nH]c4ccccc4c3CCC(=O)NCc3ccc(C(=O)OC)c(O)c3)[nH]c3ccccc23)cc1O,0,IC50,4.0,1,CHEMBL154822
N#C/C(=C\c1cc(O)c(O)c(Br)c1)S(=O)(=O)/C(C#N)=C/c1cc(O)c(O)c(Br)c1,1,IC50,6.07,1,CHEMBL144791
N#C/C(=C\c1ccc(O)c(O)c1)C(=O)NCCCCCCCCNC(=O)/C(C#N)=C/c1ccc(O)c(O)c1,0,IC50,4.68,1,CHEMBL279138
N#C/C(=C\c1ccc(O)c(O)c1)C(=O)NCCCNC(=O)/C(C#N)=C/c1ccc(O)c(O)c1,1,IC50,6.4,1,CHEMBL67535
N#C/C(=C\c1cc(O)c(O)c([N+](=O)[O-])c1)C(=O)NCCCNC(=O)/C(C#N)=C/c1cc(O)c(O)c([N+](=O)[O-])c1,0,IC50 (>),4.0,1,CHEMBL144632
N#C/C(=C\c1cc(O)c(O)c(Br)c1)C(=O)NCCCNC(=O)/C(C#N)=C/c1cc(O)c(O)c(Br)c1,1,IC50,6.47,1,CHEMBL144770
N#C/C(=C\c1ccc(O)c(O)c1)C(=O)NCc1cccc(CNC(=O)/C(C#N)=C/c2ccc(O)c(O)c2)c1,0,IC50,4.99,1,CHEMBL144159
CN(C)c1cc2c(Nc3ccc4c(cnn4Cc4ccccc4)c3)ncnc2cn1,1,IC50,9.0,3,CHEMBL30432
N#C/C(=C\c1ccc(O)c(O)c1)C(=O)NCCCCNC(=O)/C(C#N)=C/c1ccc(O)c(O)c1,1,IC50,6.22,1,CHEMBL144589
N#C/C(=C\c1ccc(O)c(O)c1)C(=O)c1ccc(O)c(O)c1,1,IC50,6.43,3,CHEMBL56393
N#C/C(=C\c1ccc(O)c(O)c1)C(=O)NCCCCCCCCCCNC(=O)/C(C#N)=C/c1ccc(O)c(O)c1,0,IC50 (>),4.0,1,CHEMBL424302
N#C/C(=C\c1ccc(O)c(O)c1)C(=O)N1CCN(C(=O)/C(C#N)=C/c2ccc(O)c(O)c2)CC1,0,IC50,4.6,1,CHEMBL358494
N#C/C(=C\c1ccc(O)c(O)c1)C(=O)NC1CCC(CC2CCC(NC(=O)/C(C#N)=C/c3ccc(O)c(O)c3)CC2)CC1,0,IC50 (>),4.08,1,CHEMBL147880
N#C/C(=C\c1ccc(O)c(O)c1)C(=O)NCCCN1CCN(CCCNC(=O)/C(C#N)=C/c2ccc(O)c(O)c2)CC1,0,IC50 (>),3.78,1,CHEMBL144402
COc1cc(/C=C(\C#N)C(=O)NCCCCNC(=O)/C(C#N)=C/c2cc(OC)c(O)c([N+](=O)[O-])c2)cc([N+](=O)[O-])c1O,0,IC50,4.72,1,CHEMBL145266
COc1cc2c(Oc3ccc(Nc4ccc(C(C)(C)C)cc4)cc3)ccnc2cc1OCCNCCO,0,IC50 (>),5.0,1,CHEMBL352308
Clc1ccc2cc(-c3ccncc3)cnc2c1,0,IC50 (>),5.0,1,CHEMBL86664
N#C/C(=C\c1ccc(O)c(O)c1)C(=O)NC1CCCC[C@@H]1NC(=O)/C(C#N)=C/c1ccc(O)c(O)c1,0,IC50,4.87,1,CHEMBL144778
N#C/C(=C\c1ccc(O)c(O)c1)C(=O)NCCNC(=O)/C(C#N)=C/c1ccc(O)c(O)c1,1,IC50,6.3,1,CHEMBL144908
COc1cc(OC)c2cc(-c3ccncc3)cnc2c1,0,IC50 (>),5.0,1,CHEMBL68423
COc1cc2cc(-c3ccncc3)cnc2cc1OC,0,IC50 (>),5.0,1,CHEMBL280069
N#C/C(=C\c1ccc2[nH]ccc2c1)C(=O)NCCCNC(=O)/C(C#N)=C/c1ccc2[nH]ccc2c1,0,IC50 (>),4.0,2,CHEMBL143108
N#C/C(=C\c1ccc(O)c(O)c1)C(=O)NCC1CCCC(CNC(=O)/C(C#N)=C/c2ccc(O)c(O)c2)C1,0,IC50 (>),4.0,1,CHEMBL357161
N#C/C(=C\c1ccc(O)c(O)c1)C(=O)NCN1CCN(C(=O)/C(C#N)=C/c2ccc(O)c(O)c2)CC1,0,IC50 (>),4.08,1,CHEMBL145209
c1ccc(-c2cc3ncnc(Nc4ccc5[nH]ccc5c4)c3s2)cc1,1,IC50,8.52,3,CHEMBL76432
c1ccc(CCCN(c2cc3ncnc(Nc4ccc5[nH]ccc5c4)c3s2)n2ccnc2)cc1,1,IC50,9.0,2,CHEMBL312818
COC1=CC(=O)C=C(/C=C2\CCCC3CCCCC23)C1=O,0,IC50 (>),4.0,1,CHEMBL98934
c1cc(Nc2ccc3[nH]ccc3c2)c2sc(-c3ccc(CNCCN4CCNCC4)cc3)cc2n1,1,IC50,8.52,1,CHEMBL80540
OCc1ccc(-c2cc3ncnc(Nc4ccc5[nH]ccc5c4)c3s2)cc1,1,IC50,9.0,1,CHEMBL312753
CC(=O)NCCNCc1ccc(-c2cc3ncnc(Nc4ccc5[nH]ccc5c4)c3s2)cc1,1,IC50,8.3,1,CHEMBL80809
OCCNCc1ccc(-c2cc3nccc(Nc4ccc5[nH]ccc5c4)c3s2)cc1,1,IC50,8.7,1,CHEMBL310740
CC(C)(CO)NCc1ccc(-c2cc3ncnc(Nc4ccc5[nH]ccc5c4)c3s2)cc1,1,IC50,9.0,2,CHEMBL308498
NCc1ccc(-c2cc3ncnc(Nc4ccc5[nH]ccc5c4)c3s2)cc1,1,IC50,8.4,1,CHEMBL78018
CC(O)C(/N=C1/C=C(O)/C(=N\C(C(=O)O)C(C)O)C=C1O)C(=O)O,0,IC50,4.36,1,CHEMBL327725
OCCOCCNCc1ccc(-c2cc3nccc(Nc4ccc5[nH]ccc5c4)c3s2)cc1,1,IC50,8.4,1,CHEMBL421326
Cc1cc2cc(Nc3ccnc4cc(-c5ccc(CNCCN6CCNCC6)cc5)sc34)ccc2[nH]1,1,IC50,6.6,1,CHEMBL79060
CN(CCO)Cc1ccc(-c2cc3nccc(Nc4ccc5[nH]ccc5c4)c3s2)cc1,1,IC50,8.52,1,CHEMBL79206
c1csc(-c2cc3ncnc(Nc4ccc5[nH]ccc5c4)c3s2)c1,1,IC50,9.0,2,CHEMBL76751
NC(=O)C1CCN(Cc2ccc(-c3cc4ncnc(Nc5ccc6[nH]ccc6c5)c4s3)cc2)CC1,1,IC50,8.15,1,CHEMBL311109
c1cc(Nc2ccc3[nH]ccc3c2)c2sc(-c3ccc(CN4CCOCC4)cc3)cc2n1,1,IC50,7.52,1,CHEMBL312482
c1ccc(NCCN(c2cc3ncnc(Nc4ccc5[nH]ccc5c4)c3s2)n2cccc2)cc1,1,IC50,9.0,1,CHEMBL79215
NC(=O)C1CCN(Cc2ccc(-c3cc4nccc(Nc5ccc6[nH]ccc6c5)c4s3)cc2)CC1,1,IC50,9.0,1,CHEMBL431977
O=C(c1ccccc1)c1cc2ncnc(Nc3ccc4[nH]ccc4c3)c2s1,1,IC50,8.05,1,CHEMBL81712
c1csc(-c2cc3nccc(Nc4ccc5[nH]ccc5c4)c3s2)c1,1,IC50,9.0,1,CHEMBL310853
Cc1cc2cc(Nc3ncnc4cc(-c5ccccc5)sc34)ccc2[nH]1,1,IC50,7.0,2,CHEMBL80302
Cc1c[nH]c2ccc(Nc3ncnc4cc(-c5ccccc5)sc34)cc12,1,IC50,8.3,1,CHEMBL310827
Cc1cc2cc(Nc3ccnc4cc(-c5ccc(CN(C)CCO)cc5)sc34)ccc2[nH]1,1,IC50,6.85,1,CHEMBL81375
Cc1cc2cc(Nc3ccnc4cc(-c5ccc(CNCCOCCO)cc5)sc34)ccc2[nH]1,1,IC50,6.18,1,CHEMBL77342
CC(O)C(/N=C1\C(O)=CC(=O)C(O)=C1CC1CCCC2CCCCC21)C(=O)O,0,IC50 (>),4.0,1,CHEMBL442388
CN(C)CCc1ccc(-c2cc3ncnc(Nc4ccc5[nH]ccc5c4)c3s2)cc1,1,IC50,8.3,1,CHEMBL77782
Cc1cc2cc(Nc3ccnc4cc(-c5ccc(CNCCCO)cc5)sc34)ccc2[nH]1,1,IC50,6.3,1,CHEMBL78700
CN(C)c1ccc(Nc2ncnc3cc(-c4ccccc4)sc23)cc1,1,IC50,7.03,1,CHEMBL306732
CC(=O)NCCNCc1ccc(-c2cc3nccc(Nc4ccc5[nH]ccc5c4)c3s2)cc1,1,IC50,8.7,1,CHEMBL418909
OCCCNCc1ccc(-c2cc3nccc(Nc4ccc5[nH]ccc5c4)c3s2)cc1,1,IC50,8.05,1,CHEMBL77452
c1nc(Nc2ccc3[nH]ccc3c2)c2sccc2n1,1,IC50,6.22,1,CHEMBL442749
Cc1cc2cc(Nc3ccnc4cc(-c5ccc(CNCCO)cc5)sc34)ccc2[nH]1,1,IC50,6.0,1,CHEMBL80164
Cc1[nH]c(/C=C2\C(=O)Nc3ccc(F)cc32)c(C)c1C(=O)NCc1ccncc1,0,IC50 (>),4.7,1,CHEMBL268731
CN(CCO)c1cc2c(Nc3cccc(Br)c3)ncnc2cn1,1,IC50,9.66,1,CHEMBL161956
Nc1ncnc2c1c(-c1ccccc1)cn2-c1ccc(CO)cc1,1,IC50,6.16,1,CHEMBL367442
CN(CC(=O)O)c1cc2c(Nc3cccc(Br)c3)ncnc2cn1,1,IC50,9.36,1,CHEMBL351629
Cc1cccc(Nc2ncnc3cnc(NCCN4CCOCC4)cc23)c1,1,IC50,8.82,2,CHEMBL165731
Cc1[nH]c(/C=C2\C(=O)Nc3ccccc32)c(C)c1CCCN1CCN(C)CC1,0,IC50 (>),4.7,1,CHEMBL430155
Cc1[nH]c(/C=C2\C(=O)Nc3ccc(F)cc32)c(C)c1C(=O)NCCN1CCOCC1,0,IC50 (>),4.7,1,CHEMBL13354
CN(C)c1cc2c(Nc3cccc(Br)c3)ncnc2cn1,1,IC50,7.68,2,CHEMBL53711
Cc1nc(Nc2cccc(Br)c2)c2cc(NCCN3CCOCC3)ncc2n1,1,IC50,6.93,1,CHEMBL165228
COc1ccc(-c2cn(-c3ccccc3)c3ncnc(N)c23)cc1,1,IC50,6.46,1,CHEMBL176705
CCN(CC)CCNC(=O)c1c(C)[nH]c(/C=C2\C(=O)Nc3ccc(Cl)cc32)c1C,0,IC50 (>),4.7,2,CHEMBL13485
CN(CCO)CCNc1cc2c(Nc3cccc(Br)c3)ncnc2cn1,1,IC50,8.77,2,CHEMBL166255
OCCN(CCO)CCNc1cc2c(Nc3cccc(Br)c3)ncnc2cn1,1,IC50,9.03,2,CHEMBL165630
Nc1ncnc2c1c(-c1cccc(Cl)c1)cn2-c1ccccc1,1,IC50,6.16,1,CHEMBL176309
Cc1cccc(Nc2ncnc3cnc(N)cc23)c1,1,IC50,8.51,1,CHEMBL165495
Cc1[nH]c(/C=C2\C(=O)Nc3ccc(F)cc32)c(C)c1C(=O)NCCn1cncn1,0,IC50 (>),4.7,1,CHEMBL267293
OCCN(CCO)CCCNc1cc2c(Nc3cccc(Br)c3)ncnc2cn1,1,IC50,9.46,2,CHEMBL163369
Cc1[nH]c(/C=C2\C(=O)Nc3ccc(F)cc32)c(C)c1C(=O)NCCN1CCCC1,0,IC50 (>),4.7,1,CHEMBL13608
CN1CCN(NCCCNc2cc3c(Nc4cccc(Br)c4)ncnc3cn2)CC1,1,IC50,8.41,2,CHEMBL166307
Brc1cccc(Nc2ncnc3cnc(NCCc4ccccn4)cc23)c1,1,IC50,8.92,2,CHEMBL162223
CN1CCN(c2cc3c(Nc4cccc(Br)c4)ncnc3cn2)CC1,1,IC50,8.19,2,CHEMBL162719
CNc1cc2c(Nc3cccc(C)c3)ncnc2cn1,1,IC50,9.35,2,CHEMBL162821
COc1cccc(-c2cn(-c3ccc(CCN(C)CCO)cc3)c3ncnc(N)c23)c1,1,IC50,6.52,1,CHEMBL105436
CN(C)CCN(C)c1cc2c(Nc3cccc(Br)c3)ncnc2cn1,1,IC50,8.09,2,CHEMBL162053
Brc1cccc(Nc2ncnc3cnc(NCCCN4CCOCC4)cc23)c1,1,IC50,9.0,2,CHEMBL165574
CNc1cc2c(Nc3ccccc3)ncnc2cn1,1,IC50,8.05,2,CHEMBL53940
CNc1cc2c(Nc3cccc(C(F)(F)F)c3)ncnc2cn1,1,IC50,8.96,1,CHEMBL165788
OCC(O)CNc1cc2c(Nc3cccc(Br)c3)ncnc2cn1,1,IC50,9.74,1,CHEMBL166093
CN(C)CCCCNc1cc2c(Nc3cccc(Br)c3)ncnc2cn1,1,IC50,8.74,2,CHEMBL349070
COc1cccc(-c2cn(-c3ccc(CC(=O)NCCO)cc3)c3ncnc(N)c23)c1,1,IC50,6.1,1,CHEMBL175409
CN1CCC(O)(c2nc(-c3ccc(F)cc3)c(-c3ccncc3)o2)CC1,1,IC50,6.1,1,CHEMBL22978
Brc1cccc(Nc2ncnc3cnc(NCCc4c[nH]cn4)cc23)c1,1,IC50,9.11,2,CHEMBL162142
Brc1cccc(Nc2ncnc3cnc(NCc4cccnc4)cc23)c1,1,IC50,8.82,2,CHEMBL165508
CN(CC(O)CO)c1cc2c(Nc3cccc(Br)c3)ncnc2cn1,1,IC50,9.25,1,CHEMBL165547
OCCNc1cc2c(Nc3cccc(Br)c3)ncnc2cn1,1,IC50,9.72,1,CHEMBL165864
Cc1cccc(Nc2ncnc3cnc(NCCc4c[nH]cn4)cc23)c1,1,IC50,8.89,1,CHEMBL161895
COc1cccc(-c2cn(-c3cccc(CO)c3)c3ncnc(N)c23)c1,1,IC50,6.1,1,CHEMBL176815
COc1cccc(-c2cn(-c3ccc(CNCCO)cc3)c3ncnc(N)c23)c1,1,IC50,6.52,1,CHEMBL424375
Cc1[nH]c(/C=C2\C(=O)Nc3ccc(F)cc32)c(C)c1C(=O)NCCN(C)C,0,IC50 (>),4.7,1,CHEMBL13976
CNc1ncnc2c1c(-c1ccccc1)cn2-c1ccccc1,0,IC50,4.51,1,CHEMBL366831
O=C(O)CNc1cc2c(Nc3cccc(Br)c3)ncnc2cn1,1,IC50,9.55,1,CHEMBL355816
CNc1cc2c(Nc3cccc(Cl)c3)ncnc2cn1,1,IC50,9.72,1,CHEMBL166154
Cc1cccc(Nc2ncnc3cnc(N(C)C)cc23)c1,1,IC50,8.55,1,CHEMBL163188
O=C(O)CCNc1cc2c(Nc3cccc(Br)c3)ncnc2cn1,1,IC50,7.57,2,CHEMBL163168
CCN(CC)CCNC(=O)c1c(C)[nH]c(/C=C2\C(=O)Nc3ccccc32)c1C,0,IC50 (>),4.7,1,CHEMBL275117
Nc1ncnc2c1c(-c1ccccc1)cn2-c1ccccc1,1,IC50,6.3,1,CHEMBL169757
Cc1cccc(Nc2ncnc3cnc(NCCCN4CCOCC4)cc23)c1,1,IC50,8.74,1,CHEMBL162508
CN(C)CCCNc1cc2c(Nc3cccc(Br)c3)ncnc2cn1,1,IC50,8.92,2,CHEMBL166358
Brc1cccc(Nc2ncnc3cnc(NCCCn4ccnc4)cc23)c1,1,IC50,8.77,2,CHEMBL162981
Nc1cc2c(Nc3cccc(Br)c3)ncnc2cn1,1,IC50,9.89,4,CHEMBL51853
O=C(Cc1ccc2ccccc2c1)Nc1cc(C2CC2)n[nH]1,0,IC50 (>),5.0,1,CHEMBL115220
Brc1cccc(Nc2ncnc3cnc(NCCN4CCOCC4)cc23)c1,1,IC50,9.19,3,CHEMBL162622
COc1cc(/C=C(\C#N)C(N)=O)cc(CSc2ccc(C)cc2)c1O,0,IC50,4.92,1,CHEMBL333454
COc1cc(/C=C(\C#N)C(N)=O)cc(CSCc2ccc(Cl)cc2)c1O,0,IC50,4.83,3,CHEMBL119923
O=C(O)c1ccc(S(=O)(=O)Oc2ccc(/C=C/[N+](=O)[O-])cc2)cc1,1,IC50,6.0,2,CHEMBL76958
N#C/C(=C\c1cc(O)c(O)c(CSc2nc3ccccc3s2)c1)C(N)=O,0,IC50 (>),4.3,1,CHEMBL333553
COc1cc(/C=C(\C#N)C(N)=O)cc(CSCCC(=O)O)c1O,0,IC50 (>),4.3,1,CHEMBL424625
CCCCNC(=O)c1ccc(S(=O)(=O)Oc2ccc(C=O)cc2)cc1,0,IC50 (>),4.0,1,CHEMBL74038
COc1cc(/C=C(\C#N)C(=O)c2ccc(O)c(O)c2)cc(CSCc2ccccc2)c1O,1,IC50,6.12,1,CHEMBL116547
COc1cc(/C=C(\C#N)C(N)=O)cc(CSc2nc3ccccc3o2)c1O,0,IC50,4.9,1,CHEMBL118205
COc1cc(/C=C(\C#N)C(N)=O)cc(CSC2=NCCS2)c1O,0,IC50,4.79,2,CHEMBL324030
COc1cc(/C=C(\C#N)C(N)=O)cc(CSc2ccccn2)c1O,0,IC50,4.8,2,CHEMBL119156
O=C(O)c1ccc(S(=O)(=O)Oc2ccc(/C=C/[N+](=O)[O-])cc2)cc1O,1,IC50,7.3,2,CHEMBL449093
CCOc1ccc2nc(SCc3cc(/C=C(\C#N)C(N)=O)cc(OC)c3O)sc2c1,0,IC50 (>),4.0,2,CHEMBL117055
COc1cc(/C=C(\C#N)C(N)=O)cc(CSCCCC(=O)O)c1O,0,IC50,4.32,2,CHEMBL326044
COc1cc(C=C(C#N)C#N)cc(CSc2ccccc2C(=O)O)c1O,0,IC50,4.44,2,CHEMBL118321
C[C@@H](NC(=O)c1ccc(S(=O)(=O)Oc2ccc(/C=C/[N+](=O)[O-])cc2)cc1)C(=O)N[C@H](C)C(=O)NCCN,0,IC50,4.77,1,CHEMBL309392
Nc1ncnc2c1ncn2[C@@H]1O[C@H](COC(=O)c2ccc(S(=O)(=O)Oc3ccc(/C=C/[N+](=O)[O-])cc3)cc2)[C@@H](O)[C@H]1O,1,IC50,6.22,2,CHEMBL505705
CCN1CCOCCn2cc(c3ccccc32)C2=C(C(=O)NC2=O)c2cn(c3ccccc23)CCOCC1,0,IC50 (>),4.0,1,CHEMBL103055
COc1cc(/C=C/[N+](=O)[O-])ccc1OS(=O)(=O)c1ccc(C(=O)OC[C@H]2O[C@@H](n3cnc4c(N)ncnc43)[C@H](O)[C@@H]2O)cc1,1,IC50,6.3,2,CHEMBL453502
C[C@@H](NC(=O)c1ccc(S(=O)(=O)Oc2ccc(/C=C/[N+](=O)[O-])cc2)cc1)C(=O)N[C@H](C)C(=O)NCCNC(=O)OC(C)(C)C,0,IC50 (>),4.3,1,CHEMBL309073
COc1cc(C=C(C#N)C#N)cc(CSCC(=O)O)c1O,0,IC50 (>),4.3,3,CHEMBL120719
CNC(=O)c1ccc(S(=O)(=O)Oc2ccc(/C=C/[N+](=O)[O-])cc2)cc1,1,IC50,6.4,2,CHEMBL74432
O=C(O)c1ccc(S(=O)(=O)Oc2ccc(/C=C/[N+](=O)[O-])cc2)c(O)c1,1,IC50,6.52,2,CHEMBL77688
C[C@@H](NC(=O)c1ccc(S(=O)(=O)Oc2ccc(/C=C/[N+](=O)[O-])cc2)cc1)C(=O)N[C@H](C)C(=O)OC(C)(C)C,0,IC50,4.4,1,CHEMBL312451
C=CC(=O)Nc1cc2c(Nc3cccc(Br)c3)ncnc2cc1OCCCn1ccnc1,1,IC50,8.52,1,CHEMBL286343
C=CC(=O)Nc1cc2c(Nc3ccc(F)c(Br)c3)ncnc2cc1OCCCN1CCOCC1,1,IC50,8.74,1,CHEMBL27685
C=CC(=O)N(C)c1nc2c(Nc3ccc(F)c(Cl)c3)ncnc2cc1OCCCN1CCOCC1,1,IC50,7.7,1,CHEMBL31630
C=CC(=O)Nc1cc2c(Nc3cccc(C)c3)ncnc2cc1OCCCN1CCOCC1,1,IC50,8.82,1,CHEMBL27688
C=CC(=O)Nc1ccc2ncnc(Nc3ccc(F)c(Cl)c3)c2c1,1,IC50,9.12,2,CHEMBL31373
C=CC(=O)Nc1nc2c(Nc3ccc(F)c(Cl)c3)ncnc2cc1OC,1,IC50,9.02,1,CHEMBL31816
C=CC(=O)Nc1nc2c(Nc3ccc(F)c(Cl)c3)ncnc2cc1/C=C/CCN1CCOCC1,1,IC50,9.8,1,CHEMBL417478
C=CC(=O)Nc1cc2c(Nc3cccc(Br)c3)ncnc2cc1OCCCN1CCN(C)CC1,1,IC50,8.77,1,CHEMBL32844
C=CC(=O)Nc1cc2c(Nc3cccc(Br)c3)ncnc2cc1OCCCCN(C)C,1,IC50,8.41,1,CHEMBL31588
C=CC(=O)Nc1nc2c(Nc3ccc(F)c(Cl)c3)ncnc2cc1OCCCN1CCOCC1,1,IC50,8.82,1,CHEMBL31656
C=CC(=O)Nc1cc2c(Nc3cccc(Br)c3)ncnc2cc1OCCCN1CCOCC1,1,IC50,8.44,1,CHEMBL31419
C=CC(=O)Nc1cc2c(Nc3cccc(Br)c3)ncnc2cc1SCCCN(CC)CC,1,IC50,9.11,1,CHEMBL31326
C=CC(=O)Nc1ccc2ncnc(Nc3cccc(C)c3)c2c1,1,IC50,9.38,2,CHEMBL31815
C=CC(=O)Nc1ccc2ncnc(Nc3ccc(F)c(Br)c3)c2c1,1,IC50,9.16,2,CHEMBL280757
C=CC(=O)Nc1ccc2ncnc(Nc3ccc(F)c(Cl)c3)c2n1,1,IC50,9.12,2,CHEMBL28418
C=CC(=O)Nc1nc2c(Nc3ccc(F)c(Cl)c3)ncnc2cc1CCCCN1CCOCC1,1,IC50,8.57,1,CHEMBL281543
C=CC(=O)Nc1nc2c(Nc3ccc(F)c(Cl)c3)ncnc2cc1OCCCN1CCN(C)CC1,1,IC50,8.18,1,CHEMBL284326
C=CC(=O)Nc1cc2c(Nc3ccc(F)c(Cl)c3)ncnc2cc1OCCOCCCCO,1,IC50,8.77,1,CHEMBL32079
C=CC(=O)Nc1cc2c(Nc3cccc(C)c3)ncnc2cc1OCCCN1CCN(C)CC1,1,IC50,8.7,1,CHEMBL31622
C=CC(=O)Nc1nc2c(Nc3ccc(F)c(Cl)c3)ncnc2cc1OCCOC,1,IC50,9.01,1,CHEMBL31570
C=CC(=O)Nc1ccc2ncnc(Nc3ccc(CN(C)C)c(Br)c3)c2c1,1,IC50,7.35,1,CHEMBL283201
C=CC(=O)Nc1ccc2ncnc(Nc3ccc(OCCN(C)C)c(Br)c3)c2c1,1,IC50,7.57,1,CHEMBL31369
O=[N+]([O-])c1cccc2c(NCc3ccccc3)ncnc12,0,IC50 (>),5.0,1,CHEMBL117696
Cc1cccc2c1/C(=C/c1ccc[nH]1)C(=O)N2,0,IC50 (>),4.0,1,CHEMBL85403
O=[N+]([O-])c1ccc2ncnc(Nc3cccc(Br)c3)c2c1,1,IC50,6.05,3,CHEMBL329161
Nc1cccc2c(Nc3cccc(Br)c3)ncnc12,1,IC50,6.98,1,CHEMBL333082
C=CC(=O)Nc1ccc2ncnc(Nc3cccc(C(F)(F)F)c3)c2c1,1,IC50,9.04,1,CHEMBL53690
Cc1ccc(NC(=O)c2ccc(Cl)cc2)cc1Nc1nccc(-c2cccnc2)n1,0,IC50 (>),4.0,2,CHEMBL21162
Cc1c(SSc2c(C)c3ccccc3n2C)n(C)c2ccccc12,0,IC50 (>),4.0,1,CHEMBL158879
C=CC(=O)Nc1ccc2c(Nc3cccc(C)c3)ncnc2c1,1,IC50,8.8,1,CHEMBL297968
CCOc1cc2ncnc(Nc3cccc(-c4nccs4)c3)c2cc1OCC,1,IC50,8.7,1,CHEMBL126192
O=C1Nc2ccccc2/C1=C/c1ccc[nH]1,0,IC50 (>),4.0,1,CHEMBL86755
CCOC(=O)c1c(C)[nH]c(/C=C2\C(=O)Nc3ccccc32)c1C,0,IC50 (>),4.0,2,CHEMBL86943
Brc1cccc(Nc2nncc3ccccc23)c1,0,IC50 (>),4.0,1,CHEMBL326095
Nc1cc2ncnc(Nc3cccc(Br)c3)c2cc1N,1,IC50,9.92,6,CHEMBL328216
Oc1cc2ncnc(Nc3cccc(Br)c3)c2cc1O,1,IC50,9.77,4,CHEMBL93032
O=C1Nc2ccc(Br)cc2/C1=C/c1ccc(N2CCOCC2)cc1,0,IC50 (>),5.0,1,CHEMBL87080
COc1ccc(/C=C2\C(=O)Nc3ccccc32)cc1C(C)(C)C,0,IC50 (>),4.0,1,CHEMBL86945
O=C(Nc1ccccc1)c1c(SSc2[nH]c3ccccc3c2C(=O)Nc2ccccc2)[nH]c2ccccc12,0,IC50,4.0,1,CHEMBL345641
Brc1cccc(Oc2ncnc3ccccc23)c1,1,IC50,6.12,1,CHEMBL117710
COc1cccc2ncnc(Nc3cccc(Br)c3)c12,1,IC50,6.86,1,CHEMBL119033
O=[N+]([O-])c1cccc2ncnc(Nc3cccc(Br)c3)c12,1,IC50,6.45,1,CHEMBL116308
Cc1ccc([N+](=O)[O-])cc1Nc1nccc(-c2cccnc2)n1,0,IC50 (>),4.0,1,CHEMBL20426
Cn1c(SSc2c(C(=O)Nc3cccc(C(=O)O)c3)c3ccccc3n2C)c(C(=O)Nc2cccc(C(=O)O)c2)c2ccccc21,0,IC50,4.92,1,CHEMBL345837
CCOc1cc2ncnc(Nc3cccc(-c4csc(N)n4)c3)c2cc1OCC,1,IC50,6.25,1,CHEMBL340660
COc1cc2c(N3CCN(C(=O)Nc4ccc(OC(C)C)cc4)CC3)ncnc2cc1OCCCN1CCCCC1,0,IC50 (>),4.52,30,CHEMBL124660
O=C1Nc2cc(F)ccc2/C1=C/c1ccc[nH]1,0,IC50 (>),4.0,1,CHEMBL87208
COc1ccccc1C(=O)Nc1ccc(C)c(Nc2nccc(-c3cccnc3)n2)c1,0,IC50 (>),4.0,2,CHEMBL418010
Cc1ccc(NC(=O)c2ccccc2)cc1Nc1nccc(-c2ccc[n+]([O-])c2)n1,0,IC50 (>),4.0,1,CHEMBL21079
Cn1c(SSc2c(C(=O)Nc3ccc(C(=O)O)cc3)c3ccccc3n2C)c(C(=O)Nc2ccc(C(=O)O)cc2)c2ccccc21,0,IC50,4.77,1,CHEMBL347161
O=[N+]([O-])c1ccc2ncnc(NCc3ccccc3)c2c1,0,IC50 (>),5.0,1,CHEMBL119000
O=C1Nc2ccccc2/C1=C/c1n[nH]cc1Cl,0,IC50 (>),4.0,1,CHEMBL87402
COc1ccc2c(NCc3ccccc3)ncnc2c1,1,IC50,7.24,1,CHEMBL326596
Nc1cccc2ncnc(Nc3cccc(Br)c3)c12,1,IC50,6.36,1,CHEMBL333418
O=C1Nc2ccccc2/C1=C/c1ccc(Br)cc1,0,IC50 (>),4.0,1,CHEMBL86837
COc1ccc(NC(=O)c2ccccc2)cc1Nc1nccc(-c2cccnc2)n1,0,IC50 (>),4.0,1,CHEMBL21086
COC(=O)c1ccc(CNC(=O)c2c(SSc3c(C(=O)NCc4ccc(C(=O)OC)cc4)c4ccccc4n3C)n(C)c3ccccc23)cc1,0,IC50,4.89,1,CHEMBL347659
COC(=O)c1cccc(NC(=O)c2c(SSc3c(C(=O)Nc4cccc(C(=O)OC)c4)c4ccccc4n3C)n(C)c3ccccc23)c1,0,IC50 (>),4.0,1,CHEMBL158596
Cc1cccc(Nc2ncnc3ccccc23)c1,1,IC50,6.04,2,CHEMBL441083
C=CC(=O)Nc1ccc2ncnc(Nc3ccc(OCc4ccccc4)cc3)c2c1,1,IC50,8.44,1,CHEMBL430571
C=CC(=O)Nc1ccc2c(Nc3cccc(Cl)c3)ncnc2c1,1,IC50,9.6,1,CHEMBL52913
CCc1ccc(/C=C2/C(=O)Nc3ccccc32)o1,0,IC50 (>),4.0,1,CHEMBL328452
Cn1c(SSc2c(C(=O)NCC(O)CO)c3ccccc3n2C)c(C(=O)NCC(O)CO)c2ccccc21,0,IC50,4.37,1,CHEMBL158797
COC(=O)c1ccc(NC(=O)c2c(SSc3c(C(=O)Nc4ccc(C(=O)OC)cc4)c4ccccc4n3C)n(C)c3ccccc23)cc1,0,IC50 (>),4.0,1,CHEMBL348069
Ic1cccc(Nc2ncnc3ccccc23)c1,1,IC50,7.1,3,CHEMBL92825
COc1ccc2ncnc(Nc3cccc(Br)c3)c2c1,1,IC50,7.52,3,CHEMBL52197
COc1cccc(Nc2ncnc3ccccc23)c1,1,IC50,6.08,2,CHEMBL117697
Cc1cccc2c1/C(=C/c1ccc(N3CCN(C=O)CC3)cc1)C(=O)N2,0,IC50 (>),4.0,1,CHEMBL89040
CSc1ccc(/C=C2\C(=O)Nc3cccc(C)c32)s1,0,IC50 (>),4.0,1,CHEMBL86432
O=[N+]([O-])c1ccc2c(Nc3cccc(Br)c3)ncnc2c1,1,IC50,6.0,3,CHEMBL94275
C=CC(=O)Nc1cc2c(Nc3ccc(F)c(Br)c3)ncnc2cn1,1,IC50,9.14,1,CHEMBL54091
Cc1cccc2c1/C(=C/c1ccc(N3CCOCC3)cc1)C(=O)N2,0,IC50 (>),4.0,1,CHEMBL90277
Cn1c(SSc2c(C(=O)Nc3cccnc3)c3ccccc3n2C)c(C(=O)Nc2cccnc2)c2ccccc21,0,IC50 (>),4.0,1,CHEMBL352010
COc1cc2c(NCc3ccccc3)ncnc2cc1O,1,IC50,6.23,1,CHEMBL333851
C=CC(=O)Nc1ccc2ncnc(Nc3ccc(F)c(Br)c3)c2n1,1,IC50,8.92,1,CHEMBL53665
O=C1Nc2ccccc2/C1=C/c1ccc(N2CCOCC2)cc1,0,IC50 (>),4.0,1,CHEMBL86480
O=C1Nc2ccccc2/C1=C/c1ccc(N2CCCC2)cc1,0,IC50 (>),4.0,1,CHEMBL314217
COc1c(Br)cc(/C=C2\C(=O)Nc3ccccc32)cc1C(C)(C)C,0,IC50,4.72,1,CHEMBL87746
Brc1cccc(Nc2cnnc3ccccc23)c1,0,IC50 (>),5.0,1,CHEMBL118482
Cc1ccc(N)cc1Nc1nccc(-c2cccnc2)n1,0,IC50 (>),4.0,2,CHEMBL278103
Nc1cccc2ncnc(NCc3ccccc3)c12,0,IC50 (>),5.0,1,CHEMBL119432
COc1ccc2c(Nc3cccc(Br)c3)ncnc2c1,1,IC50,8.0,3,CHEMBL93181
O=C1Nc2ccccc2/C1=C/c1ccc(O)cc1,0,IC50 (>),4.0,1,CHEMBL313578
C/C(=C1\C(=O)Nc2ccccc21)c1ccc(N2CCCCC2)cc1,0,IC50 (>),4.0,1,CHEMBL314798
CCOC(=O)c1c[nH]c(/C=C2\C(=O)Nc3ccccc32)c1C,0,IC50 (>),4.0,1,CHEMBL316008
O=C1Nc2ccccc2/C1=C/c1sccc1Br,0,IC50 (>),4.0,1,CHEMBL87783
O=C1Nc2ccccc2/C1=C/c1cc(Br)cs1,0,IC50 (>),4.0,1,CHEMBL316268
O=C1Nc2ccccc2/C1=C\c1ccco1,0,IC50 (>),4.0,1,CHEMBL312826
Cc1ccc(N(C)C(=O)c2ccccc2)cc1Nc1nccc(-c2cccnc2)n1,0,IC50,4.31,1,CHEMBL278287
C=CC(=O)Nc1ccc2ncnc(Nc3cccc(Br)c3)c2n1,1,IC50,8.96,1,CHEMBL296168
C=CC(=O)Nc1ccc2ncnc(N3CCc4ccc(Br)cc43)c2c1,1,IC50,9.4,1,CHEMBL51741
CCc1c(/C=C2\C(=O)Nc3ccccc32)[nH]c(C)c1C,0,IC50 (>),4.0,1,CHEMBL313433
Cc1ccc(N(C(=O)c2ccccc2)C(=O)c2ccccc2)cc1Nc1nccc(-c2cccnc2)n1,0,IC50,4.12,1,CHEMBL277430
CNc1ccc(C)c(Nc2nccc(-c3cccnc3)n2)c1,0,IC50 (>),4.0,1,CHEMBL21215
CN(C(=O)c1c(SSc2c(C(=O)N(C)c3ccccc3)c3ccccc3n2C)n(C)c2ccccc12)c1ccccc1,0,IC50 (>),4.0,1,CHEMBL347256
c1ccc(-c2c(SSc3[nH]c4ccccc4c3-c3ccccc3)[nH]c3ccccc23)cc1,0,IC50,4.0,1,CHEMBL422540
O=C1Nc2ccccc2/C1=C/c1ccc(N2CCCCC2)cc1,0,IC50 (>),4.0,1,CHEMBL315701
O=C(Nc1cccc(Nc2nccc(-c3cccnc3)n2)c1)c1ccccc1,0,IC50 (>),4.3,2,CHEMBL277931
Cn1c(SSc2c(C(=O)Nc3ccccn3)c3ccccc3n2C)c(C(=O)Nc2ccccn2)c2ccccc21,0,IC50,4.33,1,CHEMBL435054
Cn1c(SSc2c(C(=O)Nc3cccs3)c3ccccc3n2C)c(C(=O)Nc2cccs2)c2ccccc21,0,IC50 (>),4.0,1,CHEMBL345622
CN(c1ccccc1)c1ncnc2ccccc12,0,IC50 (>),4.3,2,CHEMBL324371
CCOc1cc2ncnc(Nc3cccc(-c4cncs4)c3)c2cc1OCC,1,IC50,7.96,1,CHEMBL340862
COc1ccc(/C=C2\C(=O)Nc3ccccc32)cc1,0,IC50 (>),4.0,1,CHEMBL87810
Cc1ccc(C(=O)Nc2ccc(C)c(Nc3nccc(-c4cccnc4)n3)c2)cc1,0,IC50 (>),4.0,2,CHEMBL20867
Cn1c(SSc2c(C(=O)Nc3ccccc3)c3ccccc3n2C)c(C(=O)Nc2ccccc2)c2ccccc21,0,IC50,4.96,1,CHEMBL304414
COc1cc2ncnc(NCc3ccccc3)c2cc1O,1,IC50,7.25,1,CHEMBL115745
C=CC(=O)Nc1cc2ncnc(Nc3cccc(Br)c3)c2cn1,1,IC50,9.27,1,CHEMBL49986
Cc1cccc2c1/C(=C/c1ccc(N(C)C)cc1)C(=O)N2,0,IC50 (>),4.0,1,CHEMBL89809
Cn1cc(Cl)c(/C=C2\C(=O)Nc3ccccc32)n1,0,IC50 (>),4.0,1,CHEMBL89646
CC(C)c1ccc(/C=C2/C(=O)Nc3ccccc32)cc1,0,IC50,4.73,1,CHEMBL48760
Cc1ccc(NC(=O)c2ccc3ccccc3c2)cc1Nc1nccc(-c2cccnc2)n1,0,IC50 (>),4.0,2,CHEMBL20252
Cn1c(SSc2c(C(=O)Nc3ccccc3C(=O)O)c3ccccc3n2C)c(C(=O)Nc2ccccc2C(=O)O)c2ccccc21,0,IC50,4.33,1,CHEMBL345862
Brc1cccc(Nc2cnc3ccccc3n2)c1,0,IC50 (>),4.0,1,CHEMBL331417
COc1cccc2c(NCc3ccccc3)ncnc12,0,IC50 (>),5.0,1,CHEMBL424255
Cc1ccc(NC(=O)c2ccccc2)cc1Nc1nccc(-c2cccnc2)n1,0,IC50,4.19,2,CHEMBL20926
COC(=O)CCc1c(SSc2c(CCC(=O)OC)c3ccccc3n2C)n(C)c2ccccc12,0,IC50 (>),4.0,1,CHEMBL314029
Cn1c(SSc2c(C(=O)Nc3ccncc3)c3ccccc3n2C)c(C(=O)Nc2ccncc2)c2ccccc21,0,IC50 (>),4.0,1,CHEMBL156281
COc1ccc2ncnc(NCc3ccccc3)c2c1,1,IC50,6.7,1,CHEMBL332938
C=CC(=O)Nc1ccc2c(Nc3cccc(Br)c3)ncnc2c1,1,IC50,9.6,4,CHEMBL443523
CCOc1cc2ncnc(Nc3cccc(-c4cc[nH]n4)c3)c2cc1OCC,1,IC50,7.96,1,CHEMBL125920
Cc1ccc(NC(=O)c2ccccc2)cc1Nc1nccc(-c2cccs2)n1,0,IC50 (>),4.0,1,CHEMBL21078
C#Cc1cc(Nc2ncnc3cc(OC)c(OC)cc23)ccc1F,1,IC50,8.4,1,CHEMBL65250
COc1c(Br)cc(/C=C2\C(=O)Nc3ccc(Cl)cc32)cc1C(C)(C)C,0,IC50 (>),4.0,1,CHEMBL86944
CSc1ccc(/C=C2\C(=O)Nc3ccccc32)s1,0,IC50 (>),4.0,1,CHEMBL89721
CN(C)c1ccc(/C=C2\C(=O)N(C)c3ccccc32)cc1,0,IC50 (>),4.0,1,CHEMBL86921
Cc1ccc(S(=O)(=O)c2c(SSc3[nH]c4ccccc4c3S(=O)(=O)c3ccc(C)cc3)[nH]c3ccccc23)cc1,0,IC50,4.54,1,CHEMBL347854
c1ccc(CNc2ncnc3ccccc23)cc1,1,IC50,6.5,1,CHEMBL102726
O=CN1CCN(c2ccc(/C=C3\C(=O)Nc4ccccc43)cc2)CC1,0,IC50 (>),4.0,1,CHEMBL315546
O=CN1CCN(c2ccc(/C=C3\C(=O)Nc4ccc(Br)cc43)cc2)CC1,0,IC50 (>),4.3,1,CHEMBL88405
Cc1cc(C)c(/C=C2\C(=O)Nc3cccc(C)c32)[nH]1,0,IC50 (>),4.0,1,CHEMBL330321
CN(C)c1ccc(/C=C2\C(=O)Nc3ccccc32)cc1,0,IC50 (>),4.0,1,CHEMBL328710
Cn1c(SSc2c(C(=O)c3ccccc3)c3ccccc3n2C)c(C(=O)c2ccccc2)c2ccccc21,0,IC50 (>),4.0,1,CHEMBL349322
CCn1c(SSc2c(C(=O)Nc3ccccc3)c3ccccc3n2CC)c(C(=O)Nc2ccccc2)c2ccccc21,0,IC50 (>),4.0,1,CHEMBL156020
COc1cc2c(N3CCN(C(=O)Nc4ccc(OC(C)C)cc4)CC3)ncnc2cc1OCCCN1CCOCC1,0,IC50 (>),4.52,1,CHEMBL125898
CCc1ccc(/C=C2\C(=O)Nc3ccccc32)s1,0,IC50,4.36,1,CHEMBL314146
O=[N+]([O-])c1cccc2c(Nc3cccc(Br)c3)ncnc12,0,IC50 (>),5.0,1,CHEMBL119242
C=CC(=O)Nc1cc2c(Nc3cccc(C)c3)ncnc2cn1,1,IC50,9.32,1,CHEMBL54088
CC(=O)Nc1ccc(C)c(Nc2nccc(-c3cccnc3)n2)c1,0,IC50 (>),4.0,2,CHEMBL423288
COC(=O)c1ccccc1NC(=O)c1c(SSc2c(C(=O)Nc3ccccc3C(=O)OC)c3ccccc3n2C)n(C)c2ccccc12,0,IC50 (>),4.0,1,CHEMBL349762
Nc1cccc2c(NCc3ccccc3)ncnc12,0,IC50 (>),5.0,1,CHEMBL117988
O=C1Nc2ccc(Cl)cc2/C1=C/c1ccc(N2CCOCC2)cc1,0,IC50 (>),5.0,1,CHEMBL421548
COc1ccc(/C=C2\C(=O)Nc3ccc(Cl)cc32)cc1C(C)(C)C,0,IC50,4.71,1,CHEMBL86326
Cc1ccc2c(c1)/C(=C/c1[nH]c(C)cc1C)C(=O)N2,0,IC50 (>),4.0,1,CHEMBL89483
O=C1Nc2ccc([N+](=O)[O-])cc2/C1=C/c1ccc[nH]1,0,IC50 (>),4.0,1,CHEMBL87325
CN(C)C(=O)c1c(SSc2c(C(=O)N(C)C)c3ccccc3n2C)n(C)c2ccccc12,0,IC50,4.67,1,CHEMBL160207
C=CC(=O)Nc1cc2c(Nc3ccc(F)c(Cl)c3)ncnc2cn1,1,IC50,9.11,1,CHEMBL53555
C=CC(=O)Nc1ccc2ncnc(Nc3cccc(Cl)c3)c2c1,1,IC50,8.8,1,CHEMBL53637
CCOc1cc2ncnc(Nc3cccc(-c4ccco4)c3)c2cc1OCC,1,IC50,8.52,1,CHEMBL125086
CCOc1cc2ncnc(Nc3cccc(-c4cscn4)c3)c2cc1OCC,1,IC50,7.75,1,CHEMBL127223
COC(=O)CCc1c[nH]c(/C=C2\C(=O)Nc3ccccc32)c1C,0,IC50 (>),4.0,1,CHEMBL316009
O=C(Nc1ccc(Cl)c(Nc2nccc(-c3cccnc3)n2)c1)c1ccccc1,0,IC50 (>),4.0,1,CHEMBL278630
CN(C)CCNC(=O)c1c(SSc2c(C(=O)NCCN(C)C)c3ccccc3n2C)n(C)c2ccccc12,0,IC50,4.76,1,CHEMBL348554
CCOc1cc2ncnc(Nc3cccc(-c4nc[nH]n4)c3)c2cc1OCC,1,IC50,6.41,1,CHEMBL127367
CCOc1cc2ncnc(Nc3cccc(-c4cnc(C)o4)c3)c2cc1OCC,0,IC50 (>),5.0,1,CHEMBL126653
CN1C(=O)/C(=C\c2ccc(Br)cc2)c2ccccc21,0,IC50 (>),4.0,1,CHEMBL314021
O=C(NCc1ccccc1)c1c(SSc2[nH]c3ccccc3c2C(=O)NCc2ccccc2)[nH]c2ccccc12,0,IC50,4.82,1,CHEMBL347160
C=CC(=O)Nc1ccc2ncnc(Nc3ccc(Oc4ccccc4)cc3)c2c1,1,IC50,8.24,1,CHEMBL53203
CCc1c(C)[nH]c(/C=C2\C(=O)Nc3ccccc32)c1C,0,IC50 (>),4.0,1,CHEMBL420411
Cn1cccc1/C=C1\C(=O)Nc2ccccc21,0,IC50 (>),4.0,1,CHEMBL86631
FC(F)(F)c1cccc(Nc2ncnc3ccccc23)c1,1,IC50,6.24,3,CHEMBL92824
CCOc1cc2ncnc(Nc3cccc(-c4cocn4)c3)c2cc1OCC,1,IC50,6.14,1,CHEMBL126996
CN(C)c1ccc(/C=C2\C(=O)Nc3cc(F)ccc32)cc1,0,IC50 (>),4.0,1,CHEMBL329367
O=C1Nc2ccccc2/C1=C/c1ccc(C(=O)O)cc1,0,IC50 (>),4.0,1,CHEMBL313259
O=C1Nc2ccc(Cl)cc2/C1=C/c1ccc[nH]1,0,IC50 (>),4.0,1,CHEMBL431025
Cc1c[nH]c(/C=C2\C(=O)Nc3ccccc32)c1C,0,IC50 (>),4.0,1,CHEMBL316020
Cc1cc(C)c(/C=C2\C(=O)Nc3cc(F)ccc32)[nH]1,0,IC50 (>),4.0,1,CHEMBL87324
Cc1ccc(/C=C2/C(=O)Nc3ccccc32)o1,0,IC50 (>),4.0,1,CHEMBL89697
O=[N+]([O-])c1cccc(Nc2nccc(-c3ccccn3)n2)c1,0,IC50 (>),4.0,1,CHEMBL60816
CNN1C(=O)c2c(c3c4cccc(O)c4n(C4OC(CO)C(O)C(O)C4O)c3c3[nH]c4c(O)cccc4c23)C1=O,0,IC50,4.0,1,CHEMBL277667
O=C1c2c(c3c4cccc(O)c4n(C4OC(CO)C(O)C(O)C4O)c3c3[nH]c4c(O)cccc4c23)C(=O)N1NCCO,0,IC50 (>),3.7,1,CHEMBL20811
FC(F)C(F)(F)Oc1cccc(Nc2nccc(-c3ccc(Cl)cc3)n2)c1,0,IC50 (>),4.0,1,CHEMBL57581
Cc1ccc(S(=O)(=O)NN2C(=O)c3c(c4c5cccc(O)c5n(C5OC(CO)C(O)C(O)C5O)c4c4[nH]c5c(O)cccc5c34)C2=O)cc1,0,IC50 (>),3.7,1,CHEMBL21267
Cc1ccc(-n2nc(C(C)(C)C)cc2NC(=O)Nc2ccc(OCCN3CCOCC3)c3ccccc23)cc1,0,IC50 (>),4.7,12,CHEMBL103667
Clc1cccc(Nc2nccc(-c3cccnc3)n2)c1,0,IC50 (>),4.0,1,CHEMBL300817
O=C(NN1C(=O)c2c(c3c4cccc(O)c4n(C4OC(CO)C(O)C(O)C4O)c3c3[nH]c4c(O)cccc4c23)C1=O)c1ccccn1,0,IC50 (>),3.7,1,CHEMBL20255
O=C(Nc1ccccc1)NN1C(=O)c2c(c3c4cccc(O)c4n(C4OC(CO)C(O)C(O)C4O)c3c3[nH]c4c(O)cccc4c23)C1=O,0,IC50,4.02,1,CHEMBL19978
O=C(CO)NN1C(=O)c2c(c3c4cccc(O)c4n(C4OC(CO)C(O)C(O)C4O)c3c3[nH]c4c(O)cccc4c23)C1=O,0,IC50 (>),3.7,1,CHEMBL21221
CN(C)CC(=O)NN1C(=O)c2c(c3c4cccc(O)c4n(C4OC(CO)C(O)C(O)C4O)c3c3[nH]c4c(O)cccc4c23)C1=O,0,IC50 (>),3.7,1,CHEMBL278757
CN(C)N1C(=O)c2c(c3c4cccc(O)c4n(C4OC(CO)C(O)C(O)C4O)c3c3[nH]c4c(O)cccc4c23)C1=O,0,IC50 (>),3.7,1,CHEMBL278071
O=C(O)CNN1C(=O)c2c(c3c4cccc(O)c4n(C4OC(CO)C(O)C(O)C4O)c3c3[nH]c4c(O)cccc4c23)C1=O,0,IC50 (>),3.7,1,CHEMBL21263
O=C(Nc1cccc(Nc2nccc(-c3cccnc3)n2)c1)c1ccc(F)cc1,0,IC50 (>),4.3,1,CHEMBL418279
O=[N+]([O-])c1cccc(Nc2nccc(-c3ccncc3)n2)c1,0,IC50 (>),4.0,1,CHEMBL55683
NN1C(=O)c2c(c3c4cccc(O)c4n(C4OC(CO)C(O)C(O)C4O)c3c3[nH]c4c(O)cccc4c23)C1=O,0,IC50 (>),3.7,1,CHEMBL21265
N#CCC(=O)NN1C(=O)c2c(c3c4cccc(O)c4n(C4OC(CO)C(O)C(O)C4O)c3c3[nH]c4c(O)cccc4c23)C1=O,0,IC50 (>),3.7,1,CHEMBL278526
NCCCNC(=O)c1cccc(Nc2nccc(-c3cccnc3)n2)c1,0,IC50,4.35,1,CHEMBL59099
O=C(O)c1ccc(NN2C(=O)c3c(c4c5cccc(O)c5n(C5OC(CO)C(O)C(O)C5O)c4c4[nH]c5c(O)cccc5c34)C2=O)cc1,0,IC50,4.05,1,CHEMBL279035
CCCNN1C(=O)c2c(c3c4cccc(O)c4n(C4OC(CO)C(O)C(O)C4O)c3c3[nH]c4c(O)cccc4c23)C1=O,0,IC50,4.23,1,CHEMBL21096
O=C1NC(=O)c2c1c1c3cccc(O)c3[nH]c1c1[nH]c3c(O)cccc3c21,0,IC50,4.54,1,CHEMBL279481
O=C1NC(=O)c2c1c1c3cccc(O)c3[nH]c1c1c2c2cccc(O)c2n1C1OC(CO)C(O)C(O)C1O,0,IC50,4.05,1,CHEMBL21108
O=CNN1C(=O)c2c(c3c4cccc(O)c4n(C4OC(CO)C(O)C(O)C4O)c3c3[nH]c4c(O)cccc4c23)C1=O,0,IC50 (>),3.7,1,CHEMBL282436
N#CCCNN1C(=O)c2c(c3c4cccc(O)c4n(C4OC(CO)C(O)C(O)C4O)c3c3[nH]c4c(O)cccc4c23)C1=O,0,IC50 (>),3.7,1,CHEMBL283766
CCCCCC(=O)Nc1cccc(Nc2nccc(-c3cccnc3)n2)c1,0,IC50 (>),4.0,1,CHEMBL56669
NC(=O)NN1C(=O)c2c(c3c4cccc(O)c4n(C4OC(CO)C(O)C(O)C4O)c3c3[nH]c4c(O)cccc4c23)C1=O,0,IC50 (>),3.7,1,CHEMBL277039
Cc1ccc(C(=O)Nc2cccc(Nc3nccc(-c4cccnc4)n3)c2)cc1,0,IC50 (>),4.0,1,CHEMBL59036
COc1ccccc1C(=O)Nc1cccc(Nc2nccc(-c3cccnc3)n2)c1,0,IC50,4.0,1,CHEMBL299707
c1cncc(-c2ccnc(Nc3cccc(-n4ccnc4)c3)n2)c1,0,IC50 (>),4.0,1,CHEMBL291963
CCC(=O)NN1C(=O)c2c(c3c4cccc(O)c4n(C4OC(CO)C(O)C(O)C4O)c3c3[nH]c4c(O)cccc4c23)C1=O,0,IC50 (>),3.7,1,CHEMBL278101
CS(=O)(=O)NN1C(=O)c2c(c3c4cccc(O)c4n(C4OC(CO)C(O)C(O)C4O)c3c3[nH]c4c(O)cccc4c23)C1=O,0,IC50 (>),3.7,1,CHEMBL277408
O=C1c2c(c3c4cccc(O)c4n(C4OC(CO)C(O)C(O)C4O)c3c3[nH]c4c(O)cccc4c23)C(=O)N1NCc1cccc(O)c1,0,IC50 (>),3.7,1,CHEMBL282655
CN1CCN(Cc2ccc(C(=O)Nc3cccc(Nc4nccc(-c5cccnc5)n4)c3)cc2)CC1,0,IC50 (>),4.0,1,CHEMBL56904
O=C(Nc1cccc(Nc2nccc(-c3cccnc3)n2)c1)c1cccnc1,0,IC50 (>),4.0,1,CHEMBL418270
NCCCn1ccc2c(-c3ccnc(Nc4cccc(OC(F)(F)C(F)F)c4)n3)cccc21,1,IC50,6.28,1,CHEMBL293991
O=C(Nc1cccc(Nc2nccc(-c3cccnc3)n2)c1)c1cccs1,0,IC50 (>),4.3,1,CHEMBL56359
CC(=O)NN1C(=O)c2c(c3c4cccc(O)c4n(C4OC(CO)C(O)C(O)C4O)c3c3[nH]c4c(O)cccc4c23)C1=O,0,IC50 (>),3.7,1,CHEMBL428453
CCNN1C(=O)c2c(c3c4cccc(O)c4n(C4OC(CO)C(O)C(O)C4O)c3c3[nH]c4c(O)cccc4c23)C1=O,0,IC50 (>),3.7,1,CHEMBL277011
O=C1c2c(c3c4cccc(O)c4n(C4OC(CO)C(O)C(O)C4O)c3c3[nH]c4c(O)cccc4c23)C(=O)N1NC(CO)CO,0,IC50 (>),3.7,1,CHEMBL277008
c1ccc(Nc2nccc(-c3cccnc3)n2)cc1,0,IC50,4.0,1,CHEMBL57690
FC(F)C(F)(F)Oc1cccc(Nc2nccc(-c3ccncc3)n2)c1,0,IC50 (>),4.0,1,CHEMBL55662
O=C(NN1C(=O)c2c(c3c4cccc(O)c4n(C4OC(CO)C(O)C(O)C4O)c3c3[nH]c4c(O)cccc4c23)C1=O)c1ccccc1,0,IC50 (>),3.7,1,CHEMBL277432
O=C(Nc1cccc(Nc2nccc(-c3cccnc3)n2)c1)c1ccncc1,0,IC50 (>),4.0,1,CHEMBL55592
Nc1cccc(Nc2nccc(-c3cccnc3)n2)c1,0,IC50,4.3,1,CHEMBL57553
O=[N+]([O-])c1cccc(Nc2nccc(-c3cccnc3)n2)c1,0,IC50,4.0,1,CHEMBL56081
O=C(Nc1cccc(Nc2nccc(-c3cccnc3)n2)c1)C1CCCCC1,0,IC50 (>),4.0,1,CHEMBL58142
N#Cc1ccc(C(=O)Nc2cccc(Nc3nccc(-c4cccnc4)n3)c2)cc1,0,IC50 (>),4.0,1,CHEMBL58580
COc1cc2ncnc(NCc3cccc(C)c3)c2cc1OC,1,IC50,6.77,1,CHEMBL93173
COc1cc2ncnc(Nc3nnc4ccccc4n3)c2cc1OC,1,IC50,6.09,1,CHEMBL90541
COc1cc2ncnc(Nc3nccc4ccccc34)c2cc1OC,1,IC50,6.7,1,CHEMBL330323
NC(=O)c1cc2ccc(O)c(O)c2cn1,0,IC50 (>),4.0,1,CHEMBL48384
NC(=O)c1cc2cc(O)c(O)cc2cn1,0,IC50 (>),4.0,1,CHEMBL295939
COc1cc2ncnc(NNc3ccc(F)c(Cl)c3)c2cc1OC,1,IC50,6.37,1,CHEMBL422066
N#C/C(=C\c1ccc(O)c(O)c1)C(N)=O,0,IC50,4.82,2,CHEMBL296407
COc1cc2ncnc(NC3CCc4ccccc43)c2cc1OC,1,IC50,6.04,1,CHEMBL94019
COc1cc2ncnc(NC3CC3c3ccccc3)c2cc1O,1,IC50,6.41,1,CHEMBL93423
C[C@@H](Nc1ncnc2c1sc1ccccc12)c1ccccc1,1,IC50,6.27,1,CHEMBL103014
COc1cc2ncnc(Nc3cc4ccccc4cn3)c2cc1OC,1,IC50,6.18,1,CHEMBL91428
COc1cc2ncnc(Nc3cnc4ccccc4n3)c2cc1OC,1,IC50,6.11,1,CHEMBL330668
COc1cc2ncnc(/N=N/c3ccc(F)c(Cl)c3)c2cc1OC,1,IC50,6.14,1,CHEMBL92006
COc1cc2ncnc(Nc3cncc4ccccc34)c2cc1OC,1,IC50,8.19,1,CHEMBL329867
C[C@@H](Nc1[nH]cnc2nc(-c3ccccc3)cc1-2)c1ccccc1,1,IC50,8.48,2,CHEMBL105053
COc1cc2ncnc(NC3CC3c3ccccc3)c2cc1OCCN1CCOCC1,1,IC50,6.52,1,CHEMBL420059
COc1cc2ncnc(NC3CC3c3ccccc3)c2cc1OC,1,IC50,8.0,1,CHEMBL419137
COc1cc2ncnc(NC3CC3c3ccccc3)c2cc1OCCCN(C)C,1,IC50,7.57,1,CHEMBL91484
COc1cc2ncnc(N3CCc4ccccc43)c2cc1OC,1,IC50,6.09,1,CHEMBL328277
COc1cc2ncnc(NC3CC3c3ccccc3)c2cc1OC(C)=O,1,IC50,7.08,1,CHEMBL90540
O=[N+]([O-])c1ccc2ncnc(Nc3cccc(C(F)(F)F)c3)c2c1,0,IC50 (>),5.0,1,CHEMBL321511
COc1cc2ncnc(Nc3ccc(Br)cc3)c2cc1OC,1,IC50,10.14,2,CHEMBL328106
COc1cc2ncnc(Nc3cccc(C(F)(F)F)c3)c2cc1OC,1,IC50,9.62,3,CHEMBL316064
COc1cc2nc(C)nc(Nc3cccc(Br)c3)c2cc1OC,0,IC50 (>),5.0,1,CHEMBL294769
Oc1ccc2c(Nc3cccc(Br)c3)ncnc2c1,1,IC50,8.33,2,CHEMBL93302
CCCOc1cc2ncnc(Nc3cccc(Br)c3)c2cc1OCCC,1,IC50,9.77,2,CHEMBL418967
COc1ccc2ncnc(Nc3ccccc3)c2c1,1,IC50,7.26,3,CHEMBL328879;CHEMBL539102
CCCCOc1cc2ncnc(Nc3cccc(Br)c3)c2cc1OCCCC,1,IC50,6.98,1,CHEMBL318736
COc1cc2ncnc(Nc3cccc(Br)c3)c2cc1N,1,IC50,8.42,2,CHEMBL96780
CN(C)c1ccc2c(Nc3cccc(Br)c3)ncnc2c1,1,IC50,7.96,2,CHEMBL90013
Nc1ccc2c(Nc3cccc(C(F)(F)F)c3)ncnc2c1,1,IC50,8.48,2,CHEMBL433205
Nc1ccc2ncnc(Nc3cccc(C(F)(F)F)c3)c2c1,1,IC50,6.24,2,CHEMBL328244
Nc1ccc2c(Nc3cccc(I)c3)ncnc2c1,1,IC50,9.46,1,CHEMBL91980
COc1cc2c(Nc3cccc(Br)c3)ncnc2c(OC)c1OC,0,IC50 (>),5.0,1,CHEMBL431811
Brc1cccc(Nc2ncnc3cc4c(cc23)OCO4)c1,1,IC50,7.82,2,CHEMBL93051
Nc1ccc2c(Nc3cccc(F)c3)ncnc2c1,1,IC50,8.7,1,CHEMBL93966
Nc1ccc2c(Nc3cccc(Cl)c3)ncnc2c1,1,IC50,9.6,1,CHEMBL328955
O=[N+]([O-])c1ccc2c(Nc3cccc(I)c3)ncnc2c1,1,IC50,6.27,2,CHEMBL93284
COc1cc2ncnc(Nc3ccccc3Br)c2cc1OC,1,IC50,6.89,1,CHEMBL92174
CCn1cnc2c(Nc3cccc(C(F)(F)F)c3)nc(NCCN)nc21,0,IC50 (>),5.0,1,CHEMBL534909
CC(=O)Nc1ccc2c(Nc3cccc(Br)c3)ncnc2c1,1,IC50,7.4,2,CHEMBL93461
CCn1cnc2c(Nc3cccc(Cl)c3)nc(NCCN)nc21,0,IC50 (>),4.0,1,CHEMBL173647
CCNc1ccc2c(Nc3cccc(Br)c3)ncnc2c1,1,IC50,7.92,2,CHEMBL420254
O=C(Nc1ccccn1)Nc1cccc2c1[C@H]1CCCN1C2=O,0,IC50 (>),4.7,1,CHEMBL141247
Nc1cc2c(Nc3cccc(Br)c3)ncnc2cc1Cl,1,IC50,8.19,2,CHEMBL63469
Nc1ccc2ncnc(Nc3ccccc3)c2c1,1,IC50,6.11,2,CHEMBL89940
CN(C)c1ccc2ncnc(Nc3cccc(Br)c3)c2c1,1,IC50,7.08,2,CHEMBL52015
CC(=O)Nc1cc2ncnc(Nc3cccc(Br)c3)c2cc1[N+](=O)[O-],1,IC50,7.55,1,CHEMBL93734
Fc1cccc(Nc2ncnc3ccccc23)c1,1,IC50,7.25,2,CHEMBL92985
Nc1ccc2c(Nc3ccccc3)ncnc2c1,1,IC50,7.0,2,CHEMBL330224
O=[N+]([O-])c1cc2c(Nc3cccc(Br)c3)ncnc2cc1Cl,1,IC50,7.6,2,CHEMBL66409
CNc1cc2ncnc(Nc3cccc(Br)c3)c2cc1[N+](=O)[O-],1,IC50,7.17,2,CHEMBL92936
CNc1cc2ncnc(Nc3cccc(Br)c3)c2cc1N,1,IC50,9.16,2,CHEMBL92937
CNc1ccc2ncnc(Nc3cccc(Br)c3)c2c1,1,IC50,8.4,3,CHEMBL50344
O=[N+]([O-])c1ccc2c(Nc3cccc(C(F)(F)F)c3)ncnc2c1,0,IC50 (>),5.0,1,CHEMBL94432
CN(C)c1cc2ncnc(Nc3cccc(Br)c3)c2cc1N,1,IC50,6.8,2,CHEMBL96489
Nc1cc2ncnc(Nc3cccc(Br)c3)c2cc1[N+](=O)[O-],1,IC50,7.28,1,CHEMBL93545
COc1cc2nc(N)nc(Nc3cccc(Br)c3)c2cc1OC,1,IC50,6.33,1,CHEMBL93295
COc1cc2ncnc(Nc3cccc(I)c3)c2cc1OC,1,IC50,9.05,5,CHEMBL1204305;CHEMBL96065
COC(=O)Nc1ccc2ncnc(Nc3cccc(Br)c3)c2c1,1,IC50,7.92,2,CHEMBL328691
COc1cc2ncnc(Nc3cc(Br)cc(Br)c3)c2cc1OC,1,IC50,6.95,1,CHEMBL92709
COc1cc2ncnc(Nc3cccc(Br)c3)c2cc1[N+](=O)[O-],1,IC50,7.82,2,CHEMBL65038
COc1ccc2c(Nc3cccc(Br)c3)ncnc2c1OC,0,IC50 (>),5.0,2,CHEMBL93346
COc1cc2ncnc(Nc3cccc(Br)c3)c2c(OC)c1OC,1,IC50,9.17,1,CHEMBL317925
COc1ccc2c(Nc3ccccc3)ncnc2c1,1,IC50,6.92,1,CHEMBL92398
O=[N+]([O-])c1ccc2c(Nc3ccccc3)ncnc2c1,0,IC50,4.92,1,CHEMBL91914
COc1cc2ncnc(Nc3ccc(Br)c(Br)c3)c2cc1OC,1,IC50,10.14,1,CHEMBL327307
CCn1cnc2c(Nc3cccc(C#N)c3)nc(NCCN)nc21,0,IC50 (>),5.0,1,CHEMBL557975
O=[N+]([O-])c1ccc2c(Nc3cccc(Cl)c3)ncnc2c1,1,IC50,6.09,2,CHEMBL93635
CN(C/C=C/C(=O)Nc1ccc2ncnc(Nc3cccc(Br)c3)c2c1)CCO,1,IC50,7.85,1,CHEMBL93783
Brc1cccc(Nc2ncnc3cc4ncsc4cc23)c1,1,IC50,7.36,1,CHEMBL177053
Cc1nc2cc3c(Nc4cccc(Br)c4)ncnc3cc2[nH]1,1,IC50,9.54,1,CHEMBL426580
CN1CCC=C(C(=O)Nc2ccc3ncnc(Nc4cccc(Br)c4)c3c2)C1,1,IC50,6.94,1,CHEMBL92902
COCCOCC#CC(=O)Nc1ccc2ncnc(Nc3cccc(Br)c3)c2c1,1,IC50,7.19,1,CHEMBL327838
CCN(CC)CC#CC(=O)Nc1ccc2ncnc(Nc3cccc(Br)c3)c2c1,1,IC50,7.92,1,CHEMBL328704
COC[C@@H]1CCCN1CC#CC(=O)Nc1ccc2ncc(C#N)c(Nc3cccc(Br)c3)c2c1,1,IC50,6.82,1,CHEMBL117324
Brc1cccc(Nc2ncnc3cc4[nH]nnc4cc23)c1,1,IC50,8.39,1,CHEMBL172652
C=C(CN1CCOCC1)C(=O)Nc1ccc2ncnc(Nc3cccc(Br)c3)c2c1,1,IC50,6.97,1,CHEMBL94066
Brc1cccc(Nc2ncnc3cc4c[nH]nc4cc23)c1,1,IC50,9.47,1,CHEMBL366580
C/C=C\C(=O)Nc1ccc2ncnc(Nc3cccc(Br)c3)c2c1,1,IC50,6.57,1,CHEMBL329642
CCN1CCN(CC#CC(=O)Nc2ccc3ncnc(Nc4cccc(Br)c4)c3c2)CC1,1,IC50,7.19,1,CHEMBL92356
O=C(C#CCO)Nc1ccc2ncnc(Nc3cccc(Br)c3)c2c1,1,IC50,8.7,1,CHEMBL94062
Oc1ccc(NCc2cc(O)ccc2O)cc1,0,IC50,4.38,1,CHEMBL123046
COCC1CCCN1CC#CC(=O)Nc1ccc2ncnc(Nc3cccc(Br)c3)c2c1,1,IC50,7.19,1,CHEMBL93784
Cn1cnc2cc3ncnc(Nc4cccc(Br)c4)c3cc21,1,IC50,11.0,1,CHEMBL176582
O=C(/C=C/CN1CCSCC1)Nc1ccc2ncnc(Nc3cccc(Br)c3)c2c1,1,IC50,6.69,1,CHEMBL93537
O=S(=O)(O)c1cc(NCc2cc(O)ccc2O)ccc1O,0,IC50,4.99,1,CHEMBL122785
O=C(/C=C/N1CCOCC1)Nc1ccc2ncnc(Nc3cccc(Br)c3)c2c1,1,IC50,6.67,1,CHEMBL94123
O=C(C#CCN1CCOCC1)Nc1ccc2ncnc(Nc3cccc(Br)c3)c2c1,1,IC50,7.7,1,CHEMBL93386
CCCN(C/C=C/C(=O)Nc1ccc2ncnc(Nc3cccc(Br)c3)c2c1)CCC,1,IC50,7.05,1,CHEMBL92731
COCOCC#CC(=O)Nc1ccc2ncnc(Nc3cccc(Br)c3)c2c1,1,IC50,7.23,1,CHEMBL93049
CC(C)N(CC#CC(=O)Nc1ccc2ncnc(Nc3cccc(Br)c3)c2c1)C(C)C,1,IC50,7.01,1,CHEMBL92961
CN(C)CCn1cnc2cc3c(Nc4cccc(Br)c4)ncnc3cc21,1,IC50,7.66,1,CHEMBL175101
COCOCC#CC(=O)Nc1ccc2ncc(C#N)c(Nc3cccc(Br)c3)c2c1,1,IC50,6.48,3,CHEMBL441279
CCCN(CC#CC(=O)Nc1ccc2ncnc(Nc3cccc(Br)c3)c2c1)CCC,1,IC50,7.21,1,CHEMBL328245
CCN(CC)C/C=C/C(=O)Nc1ccc2ncnc(Nc3cccc(Br)c3)c2c1,1,IC50,7.14,1,CHEMBL91925
O=C(/C=C/CN1CCOCC1)Nc1ccc2ncnc(Nc3cccc(Br)c3)c2c1,1,IC50,7.13,1,CHEMBL316127
Cn1cnc2cc3c(Nc4cccc(Br)c4)ncnc3cc21,1,IC50,10.6,1,CHEMBL174426
CN(C)/C=C/C(=O)Nc1ccc2ncnc(Nc3cccc(Br)c3)c2c1,1,IC50,6.6,1,CHEMBL91748
COCC#CC(=O)Nc1ccc2ncnc(Nc3cccc(Br)c3)c2c1,1,IC50,8.05,1,CHEMBL91009
Brc1cccc(Nc2ncnc3cc4nccnc4cc23)c1,1,IC50,8.77,1,CHEMBL173498
COC[C@@H]1CCCN1C/C=C\C(=O)Nc1ccc2ncnc(Nc3cccc(Br)c3)c2c1,1,IC50,6.71,1,CHEMBL2112369
O=C(C#CCN1CCCCC1)Nc1ccc2ncnc(Nc3cccc(Br)c3)c2c1,1,IC50,7.24,1,CHEMBL90595
COC[C@H]1CCCN1C/C=C/C(=O)Nc1ccc2ncnc(Nc3cccc(Br)c3)c2c1,1,IC50,7.07,1,CHEMBL419501
CCCCCCNC(=O)c1cc(NCc2cc(O)ccc2O)ccc1O,1,IC50,6.05,1,CHEMBL122397
CC(C)N(C)CC#CC(=O)Nc1ccc2ncnc(Nc3cccc(Br)c3)c2c1,1,IC50,7.07,1,CHEMBL91811
O=C(C#CCN1CCSCC1)Nc1ccc2ncnc(Nc3cccc(Br)c3)c2c1,1,IC50,7.02,1,CHEMBL328977
O=C(/C=C/CN1CCCCC1)Nc1ccc2ncnc(Nc3cccc(Br)c3)c2c1,1,IC50,6.97,1,CHEMBL94068
CN(C)CCn1cnc2c(Cl)c3c(Nc4cccc(Br)c4)ncnc3cc21,1,IC50,6.69,1,CHEMBL427298
CN(C)CC#CC(=O)Nc1ccc2ncnc(Nc3cccc(Br)c3)c2c1,1,IC50,8.22,2,CHEMBL329856
COCCN(C)C/C=C/C(=O)Nc1ccc2ncnc(Nc3cccc(Br)c3)c2c1,1,IC50,7.21,1,CHEMBL442754
O=C(/C=C/CN1CCC(N2CCCCC2)CC1)Nc1ccc2ncnc(Nc3cccc(Br)c3)c2c1,1,IC50,7.17,1,CHEMBL94109
CC#CC(=O)Nc1ccc2ncnc(Nc3cccc(Br)c3)c2c1,1,IC50,9.7,7,CHEMBL91867
COC[C@@H]1CCCN1C/C=C/C(=O)Nc1ccc2ncnc(Nc3cccc(Br)c3)c2c1,1,IC50,6.88,1,CHEMBL2112370
CCCCCCCCCCCCCCNC(=O)c1cc(NCc2cc(O)ccc2O)ccc1O,0,IC50,4.57,1,CHEMBL122721
CN(C)CCn1cnc2cc3ncnc(Nc4cccc(Br)c4)c3cc21,1,IC50,8.88,1,CHEMBL176891
C=CCN(C)CC#CC(=O)Nc1ccc2ncnc(Nc3cccc(Br)c3)c2c1,1,IC50,7.15,1,CHEMBL414220
COc1ccc2ncnc(N(C)c3ccccc3)c2c1,0,IC50 (>),4.7,1,CHEMBL542955
O=C(Oc1ccccc1)c1cc(NCc2cc(O)ccc2O)ccc1O,1,IC50,7.16,1,CHEMBL169970
COc1cc2ncnc(N(C)c3cccc(Cl)c3)c2cc1OC,1,IC50,7.0,1,CHEMBL553908
O=C(NOCc1ccccc1)c1cc(NCc2cc(O)ccc2O)ccc1O,1,IC50,7.3,1,CHEMBL355294
c1ccc2ncncc2c1,1,IC50,7.57,1,CHEMBL301359
COc1cc2ncnc(Nc3cccc(Br)c3)c2cn1,1,IC50,7.41,1,CHEMBL53375
O=C(O)Cc1cc(/N=C/c2cc(O)ccc2O)ccc1O,0,IC50,4.46,1,CHEMBL171000
COc1ccc2ncncc2c1,1,IC50,7.52,1,CHEMBL52472
Cc1cccc(N(C)c2[nH]cnc3nncc2-3)c1,0,IC50 (>),4.3,1,CHEMBL136011
COC(=O)Cc1cc(/N=C/c2cc(O)ccc2O)ccc1O,0,IC50,4.0,1,CHEMBL169081
COc1ccc2c(Nc3cccc(Br)c3)ncnc2n1,1,IC50,6.58,2,CHEMBL301549
CCOC(=O)c1cc(/N=C/c2cc(O)ccc2O)ccc1O,0,IC50,4.3,1,CHEMBL354521
CC(COC(=O)c1cc(NCc2cc(O)ccc2O)ccc1O)Cc1ccccc1,1,IC50,6.44,1,CHEMBL171054
CN(C)c1ccc2ncnc(Nc3cccc(Br)c3)c2n1,1,IC50,8.02,3,CHEMBL53796
O=C(OCc1ccccc1)c1cc(NCc2cc(O)ccc2O)ccc1O,1,IC50,7.1,1,CHEMBL352583
COc1ccc(CNc2cc3c(Nc4cccc(Br)c4)ncnc3cn2)cc1,1,IC50,8.64,2,CHEMBL53299
CONC(=O)c1cc(/N=C/c2cc(O)ccc2O)ccc1O,0,IC50,4.57,1,CHEMBL354300
CNc1ccc2c(Nc3cccc(Br)c3)ncnc2n1,1,IC50,7.28,3,CHEMBL298637
COc1ccc2ncnc(Nc3cccc(Br)c3)c2n1,1,IC50,8.37,2,CHEMBL50519
COc1cc2c(Nc3cccc(Br)c3)ncnc2cn1,1,IC50,8.59,3,CHEMBL53062
Brc1cccc(Nc2ncnc3cccnc23)c1,1,IC50,7.47,2,CHEMBL54805
CC(C)(C)ONC(=O)c1cc(NCc2cc(O)ccc2O)ccc1O,1,IC50,7.0,1,CHEMBL170996
Nc1ccc2ncncc2c1,1,IC50,9.1,1,CHEMBL53300
COc1cc2nc(Cl)nc(N(C)c3ccccc3)c2cc1OC,0,IC50 (>),4.3,1,CHEMBL135417
O=C(Cc1cc(/N=C/c2cc(O)ccc2O)ccc1O)NOCc1ccccc1,0,IC50,4.3,1,CHEMBL352591
Clc1ccc2ncnc(Nc3cccc(Br)c3)c2n1,1,IC50,7.75,2,CHEMBL291496
COc1cc2ncnc(N(C)c3cccc(C)c3)c2cc1OC,0,IC50,4.92,1,CHEMBL553523
CC(=O)Nc1cc2ncnc(Nc3cccc(Br)c3)c2cn1,1,IC50,7.54,1,CHEMBL52418
CNc1ccc2ncnc(Nc3cccc(Br)c3)c2n1,1,IC50,8.51,3,CHEMBL53156
CN(c1ccccc1)c1ncnc2ccc(Cl)cc12,0,IC50 (>),4.7,1,CHEMBL134439
Clc1cc2c(Nc3cccc(Br)c3)ncnc2cn1,1,IC50,7.4,2,CHEMBL296377
Nc1ccc2c(Nc3cccc(Br)c3)ncnc2n1,1,IC50,6.03,2,CHEMBL54474
COc1cc2c(N(C)c3ccccc3)ncnc2c(OC)c1OC,0,IC50 (>),4.7,1,CHEMBL545302
CCOC(=O)Cc1cc(/N=C/c2cc(O)ccc2O)ccc1O,0,IC50,4.0,1,CHEMBL168425
O=C(OCCCc1ccccc1)c1cc(NCc2cc(O)ccc2O)ccc1O,1,IC50,7.52,2,CHEMBL168533
CN(c1ccccc1)c1[nH]cnc2nncc1-2,0,IC50 (>),4.3,1,CHEMBL541334
CNC1=CC2N=CN(C)/C(=N\c3cccc(Br)c3)C2C=N1,1,IC50,8.51,1,CHEMBL52882
Brc1cccc(Nc2ncnc3cnccc23)c1,1,IC50,7.29,2,CHEMBL51265
CN(C)c1ccc2c(Nc3cccc(Br)c3)ncnc2n1,1,IC50,6.49,2,CHEMBL50245
c1ccc(CNc2ncnc3cccnc23)cc1,1,IC50,6.22,1,CHEMBL53552
CC(C)(C)ONC(=O)Cc1cc(/N=C/c2cc(O)ccc2O)ccc1O,0,IC50,4.51,1,CHEMBL422899
COc1nc(N(C)c2ccccc2)c2cc(OC)c(OC)cc2n1,0,IC50 (>),4.3,1,CHEMBL135928
CC(C)c1ccc(COC(=O)c2cc(NCc3cc(O)ccc3O)ccc2O)cc1,1,IC50,6.0,1,CHEMBL435662
O=C(Oc1ccc2ccccc2c1)c1cc(NCc2cc(O)ccc2O)ccc1O,1,IC50,7.05,1,CHEMBL169514
O=C(Cc1cc(NCc2cc(O)ccc2O)ccc1O)NOCc1ccccc1,1,IC50,6.0,1,CHEMBL352589
CN(C)c1ccc2ncncc2c1,1,IC50,6.92,1,CHEMBL55150
COc1cc2ncnc(N(C)c3cccc(C(F)(F)F)c3)c2cc1OC,0,IC50,4.52,1,CHEMBL539807
Fc1ccc2c(Nc3cccc(Br)c3)ncnc2n1,1,IC50,6.17,2,CHEMBL291701
CNc1ccc2ncncc2c1,1,IC50,8.15,1,CHEMBL53850
Nc1ccc2cncnc2c1,1,IC50,10.0,1,CHEMBL55729
CN(C)c1ccc2cncnc2c1,1,IC50,7.96,1,CHEMBL52784
O=C(Oc1cccc(O)c1)c1cc(NCc2cc(O)ccc2O)ccc1O,1,IC50,7.05,1,CHEMBL422335
O=C(NO)c1cc(NCc2cc(O)ccc2O)ccc1O,1,IC50,6.4,1,CHEMBL172449
Fc1cc2ncnc(Nc3cccc(Br)c3)c2cn1,1,IC50,7.89,1,CHEMBL51707
CC(C)(C)CCOC(=O)c1cc(NCc2cc(O)ccc2O)ccc1O,1,IC50,6.16,1,CHEMBL353028
Brc1cccc(Nc2ncnc3ncccc23)c1,1,IC50,6.16,2,CHEMBL54475
CNc1ccc2cncnc2c1,1,IC50,8.4,1,CHEMBL295961
O=C(OCCc1ccccc1)c1cc(NCc2cc(O)ccc2O)ccc1O,1,IC50,6.89,2,CHEMBL168366
O=C(OCCCCc1ccccc1)c1cc(NCc2cc(O)ccc2O)ccc1O,1,IC50,6.4,1,CHEMBL435902
Brc1cccc(Nc2ncnc3ccncc23)c1,1,IC50,7.46,2,CHEMBL52665
CONC(=O)c1cc(NCc2cc(O)ccc2O)ccc1O,1,IC50,6.52,1,CHEMBL169657
Nc1ccc2ncnc(Nc3cccc(Br)c3)c2n1,1,IC50,8.12,3,CHEMBL300217
COc1ccc2cncnc2c1,1,IC50,8.0,1,CHEMBL300491
CC(C)CCCC(C)CCOC(=O)c1cc(NCc2cc(O)ccc2O)ccc1O,0,IC50,4.6,1,CHEMBL170997
CC(CCOC(=O)c1cc(NCc2cc(O)ccc2O)ccc1O)c1ccccc1,1,IC50,6.4,1,CHEMBL354128
O=C(Oc1cccc2ccccc12)c1cc(NCc2cc(O)ccc2O)ccc1O,1,IC50,6.96,1,CHEMBL168915
Fc1cc2c(Nc3cccc(Br)c3)ncnc2cn1,1,IC50,6.91,2,CHEMBL53121
CC(C)(C)OC(=O)c1cc(NCc2cc(O)ccc2O)ccc1O,1,IC50,6.0,1,CHEMBL170111
Cc1cc(C)c2ncnc(N(C)c3ccccc3)c2c1,0,IC50 (>),4.7,1,CHEMBL133147
CCOC(=O)c1cc(NCc2cc(O)ccc2O)ccc1O,1,IC50,6.4,1,CHEMBL355857
CC(=O)Nc1cc2ncnc(NCc3ccccc3)c2cn1,1,IC50,7.0,1,CHEMBL53404
Fc1ccc2ncnc(Nc3cccc(Br)c3)c2n1,1,IC50,7.36,2,CHEMBL54788
COCOc1cc(-c2ccccc2)ccc1-c1ccc(C(=O)OCC(C)CC(C)(C)C)cc1,0,IC50 (>),4.7,1,CHEMBL141705
CC(C)(C)c1cc(O)cc(-c2ccc(C(=O)O)cc2)c1,0,IC50 (>),4.3,1,CHEMBL142420
COCOc1cc(C(C)(C)C)ccc1-c1ccc(C(=O)OC)cc1,0,IC50 (>),5.0,1,CHEMBL142898
COCOc1cc(C(C)(C)C)ccc1-c1ccc(C(=O)OCC(C)CC(C)(C)C)cc1,0,IC50 (>),4.3,1,CHEMBL357695
COc1cc2ncnc(N3CCN(C(=O)Nc4ccc([N+](=O)[O-])cc4)CC3)c2cc1OC,0,IC50 (>),4.0,1,CHEMBL99743
COc1cc2ncnc(N3CCN(C(=O)Nc4ccc(C(C)C)cc4)CC3)c2cc1OC,0,IC50 (>),4.52,1,CHEMBL104067
CC(C)(C)c1ccc(-c2ccc(C(=O)O)cc2)c(O)c1,0,IC50 (>),5.0,1,CHEMBL343314
COc1cc2ncnc(N3CCN(C(=O)Nc4ccc(Oc5ccccc5)cc4)CC3)c2cc1OC,0,IC50 (>),4.52,1,CHEMBL102346
COc1cc2ncnc(N3CCN(C(=O)Nc4ccc(Br)cc4)CC3)c2cc1OC,0,IC50 (>),4.0,1,CHEMBL323336
CC(C)(C)c1cc(O)cc(-c2ccc(CO)cc2)c1,0,IC50 (>),5.0,1,CHEMBL347786
COC(=O)c1ccc(-c2cc(O)cc(C(C)(C)C)c2)cc1,0,IC50 (>),5.0,1,CHEMBL142611
COC(=O)c1ccc(-c2cccc(-c3ccccc3)c2O)cc1,0,IC50 (>),4.7,1,CHEMBL142985
COc1cc2ncnc(N3CCN(C(=O)Nc4ccc(C#N)cc4)CC3)c2cc1OC,0,IC50 (>),4.0,1,CHEMBL106966
COC(=O)c1ccc(-c2ccc(-c3ccccc3)cc2O)cc1,0,IC50,4.85,1,CHEMBL358092
Nc1ccc(Nc2[nH]nc3ncnc(Nc4cccc(Cl)c4)c23)cc1,1,IC50,8.3,1,CHEMBL332612
O=[N+]([O-])c1cccc(-c2[nH]nc3ncnc(Nc4cccc(Cl)c4)c23)c1,1,IC50,6.57,1,CHEMBL118904
CC(NC(=O)/C(C#N)=C/c1ccc(O)c(O)c1)c1ccccc1,1,IC50,6.4,2,CHEMBL55979
c1ccc(Nc2nc[nH]c3nnc(Nc4ccccc4)c2-3)cc1,1,IC50,7.24,1,CHEMBL332333
Nc1cccc(-c2[nH]nc3ncnc(Nc4cccc(Cl)c4)c23)c1,1,IC50,8.3,1,CHEMBL332882
N#C/C(=C\c1ccc(O)c(O)c1)C(=O)Nc1ccccc1Cl,0,IC50,4.46,1,CHEMBL56219
Nc1ncnc2c1ncn2-c1ccccc1,0,IC50,4.82,1,CHEMBL62756
COc1cccc(Nc2[nH]nc3ncnc(Nc4cccc(Cl)c4)c23)c1,1,IC50,8.1,1,CHEMBL120979
CC(=O)Nc1ccc(C=C(C#N)C#N)cc1,0,IC50 (>),3.49,1,CHEMBL57631
Cn1c(=O)c(-c2c(Cl)cccc2Cl)cc2cncnc21,0,IC50 (>),4.3,1,CHEMBL50977
Cc1ncc2cc(-c3c(Cl)cccc3Cl)c(=O)n(C)c2n1,0,IC50 (>),4.3,1,CHEMBL51573
Nc1ncnc2c1c(-c1ccccc1)nn2-c1ccccc1,1,IC50,6.1,1,CHEMBL122243
COc1ccc(CNc2[nH]nc3ncnc(Nc4cccc(Cl)c4)c23)cc1,1,IC50,8.15,1,CHEMBL122245
O=C(Nc1cccc(C(F)(F)F)c1)c1ccccc1NCc1ccncc1,0,IC50,4.98,1,CHEMBL153843
N#CC(C#N)=Cc1ccc2[nH]ccc2c1,0,IC50 (>),4.0,1,CHEMBL294213
CN(C)c1ccc(Nc2[nH]nc3ncnc(Nc4cccc(Cl)c4)c23)cc1,1,IC50,7.54,1,CHEMBL332765
N#CC(C#N)=C1C(=O)Nc2ccc([N+](=O)[O-])cc21,0,IC50,4.7,2,CHEMBL291313
CN1CCN(CCCNc2ncc3cc(-c4c(Cl)cccc4Cl)c(NC(=O)NC4CCCCC4)nc3n2)CC1,1,IC50,6.06,1,CHEMBL51028
CN1CCN(CCCNc2ncc3cc(-c4c(Cl)cccc4Cl)c(NC(=O)NCc4ccccc4)nc3n2)CC1,1,IC50,6.01,1,CHEMBL51485
Clc1cccc(Nc2[nH]cnc3nnc(NCc4ccccc4)c2-3)c1,1,IC50,8.15,1,CHEMBL121796
Nc1[nH]cnc2nnc(Nc3cccc(Cl)c3)c1-2,1,IC50,6.8,1,CHEMBL121190
Oc1cccc(-c2[nH]nc3ncnc(Nc4cccc(Cl)c4)c23)c1,1,IC50,7.58,1,CHEMBL331906
Nc1ccc(-c2[nH]nc3ncnc(Nc4cccc(Cl)c4)c23)cc1,1,IC50,8.7,1,CHEMBL332906
N#CC(C#N)=C1C(=O)Nc2cc(O)c(O)cc21,0,IC50 (>),4.8,1,CHEMBL57462
Nc1nc(N)c2c(Nc3cccc(Cl)c3)[nH]nc2n1,1,IC50,6.66,1,CHEMBL122068
Clc1cccc(CNc2[nH]nc3ncnc(Nc4cccc(Cl)c4)c23)c1,1,IC50,7.58,1,CHEMBL333231
COc1ccc(-c2[nH]nc3ncnc(Nc4cccc(Cl)c4)c23)cc1,1,IC50,7.02,1,CHEMBL332971
N#CC(C#N)=C1C(=O)Nc2ccc(O)cc21,0,IC50,4.9,1,CHEMBL55748
N#CC(C#N)=Cc1ccco1,0,IC50 (>),2.9,1,CHEMBL300341
CC(C)(C)OC(=O)Nc1ccc(Nc2[nH]nc3ncnc(Nc4cccc(Cl)c4)c23)cc1,0,IC50 (>),5.0,1,CHEMBL120703
COc1cccc(CNc2[nH]nc3ncnc(Nc4cccc(Cl)c4)c23)c1,1,IC50,8.1,1,CHEMBL123189
CSc1ccc(C=C(C#N)C#N)cc1,0,IC50 (>),3.2,1,CHEMBL57471
CC(C)(C)OC(=O)Nc1ccc(-c2[nH]nc3ncnc(Nc4cccc(Cl)c4)c23)cc1,1,IC50,6.57,1,CHEMBL420885
Clc1cccc(Nc2[nH]nc3ncnc(Oc4cccc(Cl)c4)c23)c1,0,IC50,4.62,1,CHEMBL334026
N#CC(C#N)=C1C(=O)Nc2ccccc21,0,IC50 (>),3.6,1,CHEMBL293798
N#C/C(=C\c1ccc(O)c(O)c1)C(=O)N1CCN(c2ccccc2)CC1,0,IC50,4.26,1,CHEMBL291986
N#CC(C#N)=Cc1ccc(S(=O)(=O)[O-])o1,0,IC50 (>),3.6,1,CHEMBL56674
Clc1cccc(Nc2nc[nH]c3nnc(Nc4cccc(Cl)c4)c2-3)c1,1,IC50,6.48,1,CHEMBL333038
Clc1cccc(Nc2[nH]nc3ncnc(NCc4ccccc4)c23)c1,1,IC50,6.06,1,CHEMBL119982
N#CC(C#N)=C(N)/C(C#N)=C/c1ccc2[nH]ccc2c1,0,IC50 (>),4.22,1,CHEMBL59150
N#C/C(=C\c1ccc(O)c(O)c1)C(=O)NC1CCCCC1,0,IC50,4.82,1,CHEMBL417941
Clc1cccc(Nc2[nH]nc3ncnc(Nc4cccc(Br)c4)c23)c1,1,IC50,6.89,1,CHEMBL120319
CCN(CC)C/C=C/c1nc(O)c2c(ccc3nc(Nc4c(Cl)cccc4Cl)n(C)c32)c1C,0,IC50 (>),5.0,1,CHEMBL281957
COc1cc2c(cc1O)NC(=O)C2=C(C#N)C#N,0,IC50,4.22,3,CHEMBL56964
Clc1cccc(Nc2[nH]nc3ncnc(Nc4ccccc4)c23)c1,1,IC50,7.08,1,CHEMBL121260
Oc1cccc(Nc2[nH]nc3ncnc(Nc4cccc(Cl)c4)c23)c1,1,IC50,9.0,1,CHEMBL121954
COc1ccc(NC(=O)Nc2nc3nc(NCCCN4CCN(C)CC4)ncc3cc2-c2c(Cl)cccc2Cl)cc1,1,IC50,6.14,1,CHEMBL298679
N#C/C(=C\c1ccc(O)c(O)c1)C(=O)N1CCCCC1,0,IC50 (>),3.0,1,CHEMBL291753
N#CC(C#N)=Cc1ccc2c(c1)CCN2Cc1ccccc1,0,IC50 (>),2.6,1,CHEMBL292609
COc1ccc(Nc2[nH]nc3ncnc(Nc4cccc(Cl)c4)c23)cc1,1,IC50,7.52,1,CHEMBL122411
CN1C(=O)C(=C(C#N)C#N)c2cc(O)ccc21,0,IC50,4.58,1,CHEMBL56201
Oc1ccc(Nc2[nH]nc3ncnc(Nc4cccc(Cl)c4)c23)cc1,1,IC50,8.1,1,CHEMBL122182
O=C(Nc1cccc(-c2cncc3ccccc23)c1)c1ccccc1NCc1ccncc1,0,IC50 (>),5.0,1,CHEMBL347537
Cc1cccc(Nc2[nH]cnc3nnc(Nc4cccc(Cl)c4)c2-3)c1,1,IC50,6.89,1,CHEMBL120069
Clc1cccc(Nc2[nH]cnc3nnc(-c4ccccc4)c2-3)c1,1,IC50,7.72,1,CHEMBL119977
Oc1ccc(-c2[nH]nc3ncnc(Nc4cccc(Cl)c4)c23)cc1,1,IC50,8.22,1,CHEMBL118130
C[C@H](Nc1cc(-c2sc(C3CCN(C)CC3)nc2-c2ccc(F)cc2)ccn1)c1ccccc1,1,IC50,6.16,1,CHEMBL2111784
COC1=CCC(OC)C=C1COc1ccc(O)c(C(=O)O)c1,0,IC50 (>),4.0,1,CHEMBL131405
COc1cc(/C=C(\C#N)C(N)=O)cc(Sc2nc3ccccc3s2)c1O,1,IC50,6.46,1,CHEMBL290389
CN1CCN(c2ccc3c(n2)nc(-c2ccc(F)cc2)n3-c2ccnc(NC3CCCC3)n2)CC1,0,IC50 (>),5.0,1,CHEMBL120185
COc1ccc(OC)c(CNc2ccc(O)c(C(=O)O)c2)c1,0,IC50 (>),4.0,1,CHEMBL341459
COC(=O)c1cc(CCc2cc(OC)ccc2OC)ccc1O,0,IC50 (>),4.0,1,CHEMBL129856
CN1CCC(O)(c2cn(-c3ccnc(NC4CCCC4)n3)c(-c3cccc(C(F)(F)F)c3)n2)CC1,0,IC50 (>),5.0,2,CHEMBL118258
COC(=O)c1cc(OCC2=CC(OC)CC=C2OC)ccc1O,0,IC50 (>),4.0,1,CHEMBL130633
Cc1nc(O)c2c(ccc3[nH]c(Nc4c(Cl)cccc4Cl)nc32)c1C,0,IC50,4.0,1,CHEMBL27085
CC(=O)Oc1ccc2[nH]c(C(=O)c3cc4ccccc4[nH]3)cc2c1,0,IC50 (>),5.0,1,CHEMBL7572
CN(C)CC(=O)Oc1ccc2[nH]c(C(=O)c3cc4ccccc4[nH]3)cc2c1,0,IC50 (>),4.52,1,CHEMBL7432
COc1cc2ncnc(N3CCN(C(=O)Nc4ccsc4)CC3)c2cc1OC,0,IC50 (>),4.0,1,CHEMBL553824
COc1cc2ncnc(N3CCN(/C(S)=N\Cc4ccc5c(c4)OCO5)CC3)c2cc1OC,0,IC50 (>),4.0,1,CHEMBL102301
COc1cc2ncnc(N3CCN(/C(S)=N\Cc4ccccc4)CC3)c2cc1OC,0,IC50 (>),4.0,1,CHEMBL319894
O=C(c1cc2ccccc2[nH]1)c1cc2cc(O)ccc2[nH]1,0,IC50 (>),4.52,1,CHEMBL7735
COCC(=O)Oc1ccc2[nH]c(C(=O)c3cc4ccccc4[nH]3)cc2c1,0,IC50 (>),4.52,1,CHEMBL7600
Cc1[nH]c2ncnc(Nc3cccc(C#N)c3)c2c1C,1,IC50,6.7,1,CHEMBL75208
Cc1[nH]c2ncnc(N(C)c3cccc(Cl)c3)c2c1C,1,IC50,6.3,1,CHEMBL76444
CCOC(=O)c1cccc(Nc2ncnc3[nH]c(C)c(C)c23)c1,0,IC50 (>),4.0,1,CHEMBL72976
Clc1cccc(Nc2ncnc3[nH]c4ccccc4c23)c1,1,IC50,8.22,2,CHEMBL306315
c1ccc(Nc2ncnc3[nH]c4c(c23)CCCC4)cc1,1,IC50,6.51,1,CHEMBL433305
Cc1cccc(Nc2ncnc3[nH]c4c(c23)CCCC4)c1,1,IC50,6.09,1,CHEMBL307062
O=C(O)c1cccc(Nc2ncnc3[nH]c4c(c23)CCCC4)c1,0,IC50,4.59,1,CHEMBL74645
Cc1nc(Nc2cccc(Cl)c2)c2c(C)c(C)[nH]c2n1,0,IC50 (>),4.0,1,CHEMBL73402
Clc1cccc(Nc2ncnc3[nH]c(-c4ccccc4)c(-c4ccccc4)c23)c1,1,IC50,7.02,1,CHEMBL307209
Cc1[nH]c2ncnc(Nc3cc(Cl)cc(Cl)c3)c2c1C,1,IC50,6.77,1,CHEMBL73406
Brc1cccc(Nc2ncnc3[nH]c4c(c23)CCCC4)c1,1,IC50,7.34,1,CHEMBL72393
FC(F)(F)c1cccc(Nc2ncnc3[nH]c4c(c23)CCCC4)c1,1,IC50,6.44,1,CHEMBL440873
Cc1[nH]c2ncnc(Nc3cccc(Cl)c3)c2c1-c1ccccc1,1,IC50,6.64,1,CHEMBL308593
Cc1ccc(Nc2ncnc3[nH]c4c(c23)CCCC4)cc1,1,IC50,6.96,1,CHEMBL74481
Clc1cccc(Nc2ncnc3[nH]c4c(c23)CCCC4)c1,1,IC50,7.54,2,CHEMBL75177
COc1cccc(Nc2ncnc3[nH]c4c(c23)CCCC4)c1,1,IC50,6.07,1,CHEMBL431191
Cc1[nH]c2ncnc(Nc3ccc(F)cc3)c2c1C,1,IC50,6.25,1,CHEMBL73710
Cc1[nH]c2ncnc(Nc3ccccc3Cl)c2c1C,0,IC50,4.12,1,CHEMBL73625
CCc1ccccc1Nc1ncnc2[nH]c(C)c(C)c12,0,IC50 (>),4.0,1,CHEMBL310923
Oc1cccc(Nc2ncnc3[nH]c4c(c23)CCCC4)c1,1,IC50,6.38,1,CHEMBL72322
Cc1[nH]c2ncnc(Nc3cccc(C(=O)O)c3)c2c1C,0,IC50,4.79,1,CHEMBL431001
CCc1ccc(Nc2ncnc3[nH]c(C)c(C)c23)cc1,0,IC50,4.11,1,CHEMBL309937
CCc1ccc(Nc2ncnc3[nH]c4c(c23)CCCC4)cc1,0,IC50 (>),4.3,1,CHEMBL72984
Cc1[nH]c2ncnc(Nc3cccc(Br)c3)c2c1C,1,IC50,7.6,1,CHEMBL74722
Cc1cccc(Nc2ncnc3[nH]c(C)c(C)c23)c1,1,IC50,6.24,1,CHEMBL307026
Cc1[nH]c2ncnc(Nc3ccc(Cl)cc3)c2c1C,0,IC50 (>),4.3,1,CHEMBL72560
Cc1[nH]c2ncnc(Nc3cccc(F)c3)c2c1C,1,IC50,6.26,1,CHEMBL308582
Cc1c(-c2ccccc2)[nH]c2ncnc(Nc3cccc(Cl)c3)c12,1,IC50,8.0,1,CHEMBL311129
CC(C)(Nc1nc(NO)nc(Nc2ccc3ncsc3c2)n1)c1ccccc1,0,IC50 (>),5.0,1,CHEMBL177298
CC(C)(Nc1nc(O)nc(Nc2ccc3ncsc3c2)n1)c1ccccc1,0,IC50 (>),5.0,1,CHEMBL175862
CCN(Cc1ccccc1)c1nc(O)nc(Nc2ccc3ncsc3c2)n1,0,IC50 (>),5.0,1,CHEMBL176078
CC(C)N(Cc1ccccc1)c1nc(O)nc(Nc2ccc3ncsc3c2)n1,0,IC50 (>),5.0,1,CHEMBL176019
CCOc1cc2ncc(C#N)c(Nc3ccc4c(ccn4S(=O)(=O)c4ccccc4)c3)c2cc1NC(=O)/C=C/CN(C)C,1,IC50,7.09,1,CHEMBL179164
CCOc1cc2ncc(C#N)c(Nc3ccc(OCc4cccc(F)c4)c(Cl)c3)c2cc1NC(=O)/C=C/CN(C)C,1,IC50,8.6,6,CHEMBL178654
COc1cc2ncc(C#N)c(Nc3ccc(OCc4ccccc4)c(Cl)c3)c2cc1NC(=O)/C=C/CN(C)C,1,IC50,7.62,1,CHEMBL179726
COc1cc2ncc(C#N)c(Nc3ccc(OCc4ccccc4)cc3)c2cc1NC(=O)/C=C/CN(C)C,1,IC50,6.73,1,CHEMBL424959
CCOc1cc2ncc(C#N)c(Nc3ccc(OCc4ccc(F)cc4F)c(Cl)c3)c2cc1NC(=O)/C=C/CN(C)C,1,IC50,6.96,1,CHEMBL360028
CCOc1cc2ncc(C#N)c(Nc3ccc(OCc4cccc(Cl)c4)c(Cl)c3)c2cc1NC(=O)/C=C/CN(C)C,1,IC50,8.15,1,CHEMBL179363
CCOc1cc2ncc(C#N)c(Nc3ccc(OCc4ccccc4OC)c(Cl)c3)c2cc1NC(=O)/C=C/CN(C)C,1,IC50,7.51,1,CHEMBL362232
CCOc1cc2ncc(C#N)c(Nc3ccc(OCc4ccc(OCc5ccccc5)cc4)c(Cl)c3)c2cc1NC(=O)/C=C/CN(C)C,1,IC50,6.24,1,CHEMBL362233
CCOc1cc2ncc(C#N)c(Nc3ccc(OCc4cccs4)c(Cl)c3)c2cc1NC(=O)/C=C/CN(C)C,1,IC50,6.56,1,CHEMBL426051
CCOc1cc2ncc(C#N)c(Nc3ccc(O[C@@H]4CCc5ccccc54)c(Cl)c3)c2cc1NC(=O)/C=C/CN(C)C,1,IC50,6.42,1,CHEMBL179274
CCOc1cc2ncc(C#N)c(Nc3ccc(O[C@H]4CCc5ccccc54)c(Cl)c3)c2cc1NC(=O)/C=C/CN(C)C,1,IC50,6.4,1,CHEMBL360754
CCOc1cc2ncc(C#N)c(Nc3cccc(OCc4ccccc4)c3)c2cc1NC(=O)/C=C/CN(C)C,0,IC50,4.89,1,CHEMBL427314
CCOc1cc2ncc(C#N)c(Nc3ccc(N(C)Cc4ccccc4)c(Cl)c3)c2cc1NC(=O)/C=C/CN(C)C,1,IC50,6.6,1,CHEMBL175552
CCOc1cc2ncc(C#N)c(Nc3ccc(OCc4ccccc4)cc3)c2cc1NC(=O)/C=C/CN(C)C,1,IC50,6.46,1,CHEMBL369299
CCOc1cc2ncc(C#N)c(Nc3ccc(OCCc4ccccc4)c(Cl)c3)c2cc1NC(=O)/C=C/CN(C)C,1,IC50,6.78,1,CHEMBL178199
CCOc1cc2ncc(C#N)c(Nc3cc(Cl)c(OCc4ccccc4)c(Cl)c3)c2cc1NC(=O)/C=C/CN(C)C,1,IC50,6.79,1,CHEMBL360780
CCOc1cc2ncc(C#N)c(Nc3ccc(OCc4ccccc4)c(C#N)c3)c2cc1NC(=O)/C=C/CN(C)C,1,IC50,6.12,1,CHEMBL440935
CCOc1cc2ncc(C#N)c(Nc3ccc(OCc4ccccc4F)c(Cl)c3)c2cc1NC(=O)/C=C/CN(C)C,1,IC50,6.4,1,CHEMBL179923
CCOc1cc2ncc(C#N)c(Nc3ccc(OCc4ccc(F)cc4)c(Cl)c3)c2cc1NC(=O)/C=C/CN(C)C,1,IC50,7.19,1,CHEMBL180516
CCOc1cc2ncc(C#N)c(Nc3cc(Cl)c(OCc4cccc(F)c4)c(Cl)c3)c2cc1NC(=O)/C=C/CN(C)C,1,IC50,6.44,1,CHEMBL362618
CCOc1cc2ncc(C#N)c(Nc3ccc(OCc4cc(F)cc(F)c4)c(Cl)c3)c2cc1NC(=O)/C=C/CN(C)C,1,IC50,6.85,1,CHEMBL178290
CCOc1cc2ncc(C#N)c(Nc3ccc(OCc4ccc(Cl)cc4)c(Cl)c3)c2cc1NC(=O)/C=C/CN(C)C,1,IC50,7.29,1,CHEMBL180415
CCOc1cc2ncc(C#N)c(Nc3ccc(OCc4cccc(C#N)c4)c(Cl)c3)c2cc1NC(=O)/C=C/CN(C)C,1,IC50,6.71,1,CHEMBL179527
CCCCCOc1ccc(Nc2c(C#N)cnc3cc(OCC)c(NC(=O)/C=C/CN(C)C)cc23)cc1Cl,1,IC50,6.05,1,CHEMBL175726
CCOc1cc2ncc(C#N)c(Nc3ccc(OCc4cccc(C)c4)c(Cl)c3)c2cc1NC(=O)/C=C/CN(C)C,1,IC50,6.96,1,CHEMBL179659
CCOc1cc2ncc(C#N)c(Nc3ccc(OCC4CCCCC4)c(Cl)c3)c2cc1NC(=O)/C=C/CN(C)C,1,IC50,6.54,1,CHEMBL179123
CCOc1cc2ncc(C#N)c(Nc3ccc(OCc4ccccn4)c(Cl)c3)c2cc1NC(=O)/C=C/CN(C)C,1,IC50,10.7,44,CHEMBL180022
CCOc1cc2ncc(C#N)c(Nc3ccc(OCc4cccnc4)c(Cl)c3)c2cc1NC(=O)/C=C/CN(C)C,1,IC50,6.47,1,CHEMBL179313
CCOc1cc2ncc(C#N)c(Nc3ccc(OCc4ccco4)c(Cl)c3)c2cc1NC(=O)/C=C/CN(C)C,1,IC50,7.64,1,CHEMBL176199
CCOc1cc2ncc(C#N)c(Nc3ccc(OCc4nc5ccccc5s4)c(Cl)c3)c2cc1NC(=O)/C=C/CN(C)C,1,IC50,6.73,1,CHEMBL175513
CCOc1cc2ncc(C#N)c(Nc3ccc(OCc4ccnc5ccccc45)c(Cl)c3)c2cc1NC(=O)/C=C/CN(C)C,1,IC50,6.62,1,CHEMBL175621
CCOc1cc2ncc(C#N)c(Nc3ccc(OCc4cccc5ccccc45)c(Cl)c3)c2cc1NC(=O)/C=C/CN(C)C,1,IC50,8.0,1,CHEMBL359629
CCOc1cc2ncc(C#N)c(Nc3ccc(OCc4ccc5ccccc5c4)c(Cl)c3)c2cc1NC(=O)/C=C/CN(C)C,1,IC50,7.82,1,CHEMBL178573
CCOc1cc2ncc(C#N)c(Nc3ccc(O[C@H](C)c4ccccc4)c(Cl)c3)c2cc1NC(=O)/C=C/CN(C)C,1,IC50,7.0,1,CHEMBL360662
CCOc1cc2ncc(C#N)c(Nc3ccc(O[C@@H](C)c4ccccc4)c(Cl)c3)c2cc1NC(=O)/C=C/CN(C)C,1,IC50,6.11,1,CHEMBL427315
CCOc1cc2ncc(C#N)c(Nc3ccc(NCc4ccccc4)c(Cl)c3)c2cc1NC(=O)/C=C/CN(C)C,1,IC50,7.35,1,CHEMBL179577
CCOc1cc2ncc(C#N)c(Nc3ccc(NCc4cccc5ccccc45)c(Cl)c3)c2cc1NC(=O)/C=C/CN(C)C,1,IC50,7.47,1,CHEMBL179766
COc1cc2ncc(C#N)c(Nc3ccc(NCc4ccccc4)c(Cl)c3)c2cc1NC(=O)/C=C/CN(C)C,1,IC50,6.4,1,CHEMBL179521
COc1cc2ncc(C#N)c(Nc3ccc(NCc4cccnc4)c(Cl)c3)c2cc1NC(=O)/C=C/CN(C)C,1,IC50,7.14,1,CHEMBL179633
COc1cc2ncc(C#N)c(Nc3ccc(NCNc4ccccc4)c(Cl)c3)c2cc1NC(=O)/C=C/CN(C)C,1,IC50,6.68,1,CHEMBL178096
CCOc1cc2ncc(C#N)c(Nc3ccc(OCc4ccccc4)c(Cl)c3)c2cc1NC(=O)/C=C/CN(C)CCOC,1,IC50,7.17,1,CHEMBL178144
CCOc1cc2ncc(C#N)c(Nc3ccc(OCc4ccccc4)c(Cl)c3)c2cc1NC(=O)/C=C/CN(C)CCO,1,IC50,7.7,1,CHEMBL361343
CCOc1cc2ncc(C#N)c(Nc3ccc(OCc4ccccc4)c(Cl)c3)c2cc1NC(=O)/C=C/CN(C)NC[C@H](O)[C@@H](O)[C@H](O)[C@H](O)CO,1,IC50,6.14,1,CHEMBL2112990
CCOc1cc2ncc(C#N)c(Nc3ccc(OCc4ccccc4)c(Cl)c3)c2cc1NC(=O)/C=C/CN(CC(C)O)CC(C)O,1,IC50,7.01,1,CHEMBL369088
CCOc1cc2ncc(C#N)c(Nc3ccc(OCc4ccccc4)c(Cl)c3)c2cc1NC(=O)/C=C/CN1CCCC1COC,1,IC50,6.82,1,CHEMBL178958
CCOc1cc2ncc(C#N)c(Nc3ccc(OCc4ccccc4)c(Cl)c3)c2cc1NC(=O)/C=C/CN1CCCCC1,1,IC50,7.51,1,CHEMBL360958
CCOc1cc2ncc(C#N)c(Nc3ccc(OCc4ccccc4)c(Cl)c3)c2cc1NC(=O)/C=C/CN1CCC(O)CC1,1,IC50,6.66,1,CHEMBL362611
CCOc1cc2ncc(C#N)c(Nc3ccc(OCc4ccccc4)c(Cl)c3)c2cc1NC(=O)/C=C/CN1CCC(O)(O)CC1,1,IC50,6.55,1,CHEMBL362824
CCOc1cc2ncc(C#N)c(Nc3ccc(OCc4ccccc4)c(Cl)c3)c2cc1NC(=O)/C=C/CN1C(C)CCCC1C,1,IC50,6.61,1,CHEMBL153763
CCOc1cc2ncc(C#N)c(Nc3ccc(OCc4ccccc4)c(Cl)c3)c2cc1NC(=O)/C=C/CN1CCOCC1,1,IC50,7.7,1,CHEMBL175556
CCOc1cc2ncc(C#N)c(Nc3ccc(OCc4ccccc4)c(Cl)c3)c2cc1NC(=O)/C=C/CN1CCSCC1,1,IC50,7.8,1,CHEMBL175557
CCOc1cc2ncc(C#N)c(Nc3ccc(OCc4ccccc4)c(Cl)c3)c2cc1NC(=O)/C=C/CN1CCN(C)CC1,1,IC50,6.44,1,CHEMBL360933
CCOc1cc2ncc(C#N)c(Nc3ccc(OCc4ccccc4)c(Cl)c3)c2cc1NC(=O)/C=C/CN1CCC1,1,IC50,7.58,1,CHEMBL368702
CCOc1cc2ncc(C#N)c(Nc3ccc(OCc4ccccc4)c(Cl)c3)c2cc1NC(=O)/C=C/CN1CC1C(=O)OC,1,IC50,6.46,1,CHEMBL359660
CCOc1cc2ncc(C#N)c(Nc3ccc(OCc4ccccc4)c(Cl)c3)c2cc1NC(=O)/C=C/CN1CCOCCOCCOCC1,1,IC50,6.49,1,CHEMBL360211
CCOc1cc2ncc(C#N)c(Nc3ccc(OCc4ccccc4)c(Cl)c3)c2cc1NC(=O)/C=C/CN1CCCC1,1,IC50,7.11,1,CHEMBL178312
CCOc1cc2ncc(C#N)c(Nc3ccc(OCc4ccccc4)c(Cl)c3)c2cc1NC(=O)/C=C/Cc1c[nH]cn1,1,IC50,7.62,1,CHEMBL359630
CCOc1cc2ncc(C#N)c(Nc3ccc(OCc4ccccc4)c(Cl)c3)c2cc1NC(=O)/C=C/c1cccc2cccnc12,1,IC50,6.0,1,CHEMBL367792
CCOc1cc2ncc(C#N)c(Nc3ccc(OCc4ccccc4)c(Cl)c3)c2cc1NC(=O)/C=C/c1cn(C)cn1,1,IC50,6.59,1,CHEMBL368234
C=CS(=O)(=O)Nc1cc2c(Nc3ccc(OCc4ccccc4)c(Cl)c3)c(C#N)cnc2cc1OCC,1,IC50,7.35,1,CHEMBL179969
C=C(CN(C)C)C(=O)Nc1cc2c(Nc3ccc(OCc4ccccc4)c(Cl)c3)c(C#N)cnc2cc1OCC,1,IC50,6.65,1,CHEMBL175492
C=C(CN1CCOCC1)C(=O)Nc1cc2c(Nc3ccc(OCc4ccccc4)c(Cl)c3)c(C#N)cnc2cc1OCC,1,IC50,7.12,1,CHEMBL179607
CCOc1cc2ncc(C#N)c(Nc3ccc(OCc4ccccc4Cl)c(Cl)c3)c2cc1NC(=O)/C=C/CN(C)C,1,IC50,7.96,1,CHEMBL360519
CCOc1cc2ncc(C#N)c(Nc3ccc(OCc4ccccc4)c(Cl)c3)c2cc1NC(=O)/C=C/CN(C(C)C)C(C)C,1,IC50,7.52,1,CHEMBL179052
COc1cc2ncc(C#N)c(Nc3ccc(-n4ccnc4)c(Cl)c3)c2cc1NC(=O)/C=C/CN(C)C,1,IC50,6.11,1,CHEMBL179458
CCOc1cc2ncc(C#N)c(Nc3ccc(Oc4ccncc4)c(Cl)c3)c2cc1NC(=O)/C=C/CN(C)C,1,IC50,6.19,1,CHEMBL178265
COc1cc2ncc(C#N)c(Nc3ccc(Sc4nccn4C)c(Cl)c3)c2cc1NC(=O)/C=C/CN(C)C,1,IC50,7.39,1,CHEMBL180175
COc1cc2ncc(C#N)c(Nc3ccc(Sc4nccs4)c(Cl)c3)c2cc1NC(=O)/C=C/CN(C)C,1,IC50,7.38,1,CHEMBL179572
CCOc1cc2ncc(C#N)c(Nc3ccc(Cn4ccnc4)c(Cl)c3)c2cc1NC(=O)/C=C/CN(C)C,1,IC50,6.29,1,CHEMBL179074
CCOc1cc2ncc(C#N)c(Nc3ccc(N4CCOCC4)c(Cl)c3)c2cc1NC(=O)/C=C/CN(C)C,0,IC50,4.9,1,CHEMBL178922
CCOc1cc2ncc(C#N)c(Nc3ccc(OCc4ccccc4)c(Cl)c3)c2cc1NC(=O)/C=C/CN(C)C,1,IC50,7.28,1,CHEMBL434720
COc1cc2ncc(C#N)c(Nc3ccc(Sc4ncccn4)c(Cl)c3)c2cc1NC(=O)/C=C/CN(C)C,1,IC50,6.39,1,CHEMBL175933
COc1cc2ncc(C#N)c(Nc3ccc(Sc4ncc(-c5ccccc5)s4)c(Cl)c3)c2cc1NC(=O)/C=C/CN(C)C,1,IC50,7.5,1,CHEMBL175558
CCOc1cc2ncc(C#N)c(Nc3ccc(Sc4nc(-c5ccccc5)cs4)c(Cl)c3)c2cc1NC(=O)/C=C/CN(C)C,1,IC50,6.9,1,CHEMBL367492
COc1cc2ncc(C#N)c(Nc3ccc(Cc4nc(-c5ccccc5)cs4)c(Cl)c3)c2cc1NC(=O)/C=C/CN(C)C,1,IC50,6.67,1,CHEMBL360979
CCOc1cc2ncc(C#N)c(Nc3ccc(OCc4nccn4C)c(Cl)c3)c2cc1NC(=O)/C=C/CN(C)C,1,IC50,6.3,1,CHEMBL175840
CCOc1cc2ncc(C#N)c(Nc3ccc(Oc4ccccc4)c(Cl)c3)c2cc1NC(=O)/C=C/CN(C)C,1,IC50,6.35,1,CHEMBL180018
CCOc1cc2ncc(C#N)c(Nc3ccc4c(ccn4Cc4ccccc4)c3)c2cc1NC(=O)/C=C/CN(C)C,1,IC50,7.0,1,CHEMBL179652
COc1cc2ncc(C#N)c(Nc3ccc4c(cnn4Cc4ccccc4)c3)c2cc1NC(=O)/C=C/CN(C)C,1,IC50,6.89,1,CHEMBL180227
CCOc1cc2ncc(C#N)c(Nc3ccc4c(c3)CCN4Cc3ccccc3)c2cc1NC(=O)/C=C/CN(C)C,1,IC50,6.47,1,CHEMBL179310
COc1cc2nccc(Oc3ccc(NC(=O)Nc4ccc(F)cc4F)c(F)c3)c2cc1OC,0,IC50 (>),5.0,2,CHEMBL178455
Fc1ccc(Nc2ncnc3nn4ccccc4c23)cc1Cl,1,IC50,6.7,2,CHEMBL181275
Fc1cccc(COc2ccc(Nc3ncnc4nn5ccccc5c34)cc2Cl)c1,1,IC50,7.5,2,CHEMBL182254
Clc1cc(Nc2ncnc3nn4ccccc4c23)ccc1OCc1ccccc1,1,IC50,7.3,2,CHEMBL181742
Nc1ncnc2nn3ccccc3c12,0,IC50 (>),5.0,1,CHEMBL368891
ClCCNc1ccc2ncnc(Nc3cccc(Br)c3)c2c1,1,IC50,8.0,2,CHEMBL181617
ClCCNc1ccc2ncnc(Nc3cccc(Cl)c3)c2c1,1,IC50,7.58,1,CHEMBL179451
COc1cc2ncnc(Nc3cc(NC(=O)c4ccccc4)c(F)cc3F)c2cc1OC,1,IC50,6.31,1,CHEMBL186580
COc1cc2ncnc(Nc3cc(NC(=O)c4ccccc4)ccc3Cl)c2cc1OC,0,IC50,4.96,1,CHEMBL185327
COc1cc2ncnc(Nc3cc(NC(=O)c4ccccc4)ccc3C)c2cc1OC,0,IC50 (>),4.48,1,CHEMBL184555
COc1cc2ncnc(Nc3cccc(NC(=O)c4cccc(N(C)C)c4)c3)c2cc1OC,0,IC50 (>),4.48,1,CHEMBL365830
COc1cc2ncnc(Nc3cc(NC(=O)c4cccc(N(C)C)c4)ccc3Cl)c2cc1OC,0,IC50,4.54,1,CHEMBL187007
COc1cc2ncnc(Nc3cc(NC(=O)c4cccc(N(C)C)c4)ccc3C)c2cc1OC,0,IC50 (>),4.48,1,CHEMBL364576
COc1cc2ncnc(Nc3ccc(Cl)c(NC(=O)c4cccc(N(C)C)c4)c3)c2cc1OC,1,IC50,6.0,1,CHEMBL184682
COc1cc2ncnc(Nc3cc(NC(=O)c4cccc(N5CCOCC5)c4)ccc3C)c2cc1OC,0,IC50 (>),4.48,1,CHEMBL184052
Cc1cc2c(Nc3ccc(F)c(Cl)c3)ncnn2c1,1,IC50,6.82,1,CHEMBL186080
Cc1ccc(Nc2ncnn3cccc23)cc1O,1,IC50,6.29,1,CHEMBL185853
Cc1ccc(Nc2ncnn3ccc(C)c23)cc1O,1,IC50,7.18,2,CHEMBL188522
Cc1cc2c(Nc3ccc(C)c(O)c3)ncnn2c1,1,IC50,6.39,2,CHEMBL184750
Cc1ccc(Nc2ncnn3c(C)ccc23)cc1O,0,IC50 (>),5.0,2,CHEMBL187431
Cc1ccc(Nc2ncnn3cc(C)c(C)c23)cc1O,1,IC50,7.64,2,CHEMBL186001
CN(C)CCNc1cncc(-c2cncc(Nc3cccc(Cl)c3)n2)c1,0,IC50 (>),5.0,1,CHEMBL190984
Clc1cccc(Nc2cncc(-c3cncc(NCCCc4cccnc4)c3)n2)c1,0,IC50 (>),5.0,1,CHEMBL188502
Nc1nc(Nc2ccc(S(N)(=O)=O)cc2)nn1C(=S)Nc1c(F)cccc1F,0,IC50 (>),5.0,1,CHEMBL261720
Nc1nc(Nc2ccc(S(N)(=O)=O)cc2)nn1C(=O)c1c(F)cccc1F,0,IC50 (>),4.0,11,CHEMBL191003
Cc1ccc(F)c(C(=O)n2nc(Nc3ccc(S(N)(=O)=O)cc3)nc2C)c1F,0,IC50,4.34,1,CHEMBL363607
N#C/C(=C1/Nc2ccccc2S1)c1ccnc(NCCc2cccnc2)n1,0,IC50 (>),5.0,1,CHEMBL1788116
OCCCNc1cc(-c2ncnc(Nc3cccc(Cl)c3)n2)ccn1,0,IC50 (>),5.0,1,CHEMBL191336
O=C(CCl)Nc1ccc2ncnc(Nc3cc(Cl)c(Cl)cc3F)c2c1,1,IC50,10.15,4,CHEMBL275762
O=C(CCl)Nc1ccc2ncnc(Nc3cccc(Br)c3)c2c1,1,IC50,8.0,2,CHEMBL193159
O=C(CCl)Nc1ccc2ncnc(Nc3cccc(I)c3)c2c1,1,IC50,9.92,3,CHEMBL193160
CN(C)C/C=C/C(=O)Nc1ccc2ncnc(Nc3cc(Cl)c(Cl)cc3F)c2c1,1,IC50,9.96,4,CHEMBL190094
CN(C)C/C=C/C(=O)Nc1ccc2ncnc(Nc3cccc(I)c3)c2c1,1,IC50,9.03,1,CHEMBL189779
C=CC(=O)Nc1cc2c(Nc3cc(Cl)c(Cl)cc3F)ncnc2cc1N1CCN(C)CC1,1,IC50,6.6,1,CHEMBL372246
COc1cc2ncnc(Nc3cc(Cl)c(Cl)cc3F)c2cc1OC,1,IC50,9.68,2,CHEMBL437879
C=CC(=O)Nc1ccc2ncnc(Nc3cc(Cl)c(Cl)cc3F)c2c1,1,IC50,10.43,3,CHEMBL363815
CONC(=O)c1cc(Nc2ncnn3cc(-c4nnc(C)o4)c(C(C)C)c23)c(F)cc1F,0,IC50 (>),5.0,1,CHEMBL365318
CONC(=O)c1cc(Nc2ncnn3cc(-c4nnc(C(F)F)o4)c(C(C)C)c23)c(F)cc1F,0,IC50 (>),5.0,1,CHEMBL194498
CONC(=O)c1cc(Nc2ncnn3cc(-c4nnc(C(F)(F)S(C)(=O)=O)o4)c(C(C)C)c23)c(F)cc1F,0,IC50 (>),4.6,1,CHEMBL195903
CN(C)S(=O)(=O)c1ccc(Nc2ccc(C(=O)c3c(F)cccc3F)c(N)n2)cc1,0,IC50 (>),4.0,1,CHEMBL193456
Nc1nc(Nc2ccc(S(N)(=O)=O)cc2)ccc1C(=O)c1c(F)cccc1F,0,IC50 (>),4.0,1,CHEMBL193643
CCCCOc1cc(Nc2ccc(S(N)(=O)=O)cc2)nc(N)c1C(=O)c1c(F)cccc1F,0,IC50 (>),4.0,1,CHEMBL2113092
CCOC(=O)c1cn2ncnc(Nc3ccc(F)c(Cl)c3)c2c1CC,1,IC50,7.05,1,CHEMBL196018
CCOC(=O)c1cn2ncnc(Nc3cccc(Br)c3)c2c1CC,1,IC50,7.22,1,CHEMBL370934
CCOC(=O)c1cn2ncnc(Nc3ccc4[nH]ncc4c3)c2c1CC,1,IC50,7.3,1,CHEMBL372112
CCOC(=O)c1cn2ncnc(NCc3ccccc3)c2c1CC,1,IC50,6.7,1,CHEMBL371863
CCOC(=O)c1cn2ncnc(Nc3ccc4c(cnn4Cc4ccccc4)c3)c2c1CC,1,IC50,6.92,1,CHEMBL196925
CCOC(=O)c1cn2ncnc(Nc3ccc(Oc4ccccc4)cc3)c2c1CC,1,IC50,6.21,1,CHEMBL194349
CCOC(=O)c1cc2c(Nc3ccc4c(cnn4Cc4ccccc4)c3)ncnn2c1,1,IC50,6.92,1,CHEMBL425738
CCOC(=O)c1cn2ncnc(Nc3ccc4c(cnn4Cc4ccccc4)c3)c2c1C,1,IC50,6.7,1,CHEMBL196738
CCOC(=O)c1cn2ncnc(Nc3ccc4c(cnn4Cc4ccccc4)c3)c2c1C(C)C,1,IC50,6.7,1,CHEMBL365606
CCCc1c(C(=O)OCC)cn2ncnc(Nc3ccc4c(cnn4Cc4ccccc4)c3)c12,1,IC50,6.02,1,CHEMBL438805
CCOC(=O)c1cn2ncnc(Nc3ccc4c(cnn4Cc4ccccc4)c3)c2c1Cc1ccccc1,0,IC50 (>),4.6,1,CHEMBL197568
CCc1c(C(=O)O)cn2ncnc(Nc3ccc4c(cnn4Cc4ccccc4)c3)c12,1,IC50,7.7,1,CHEMBL196438
CCc1c(C(N)=O)cn2ncnc(Nc3ccc4c(cnn4Cc4ccccc4)c3)c12,1,IC50,6.92,1,CHEMBL194958
CCc1c(C(=O)NC)cn2ncnc(Nc3ccc4c(cnn4Cc4ccccc4)c3)c12,1,IC50,7.16,1,CHEMBL197689
CCc1c(C(=O)N(C)C)cn2ncnc(Nc3ccc4c(cnn4Cc4ccccc4)c3)c12,1,IC50,6.7,1,CHEMBL372293
CCc1c(NC(=O)OCc2ccccc2)cn2ncnc(Nc3ccc4c(cnn4Cc4ccccc4)c3)c12,1,IC50,6.68,1,CHEMBL372523
CCc1c(CO)cn2ncnc(Nc3ccc4c(cnn4Cc4ccccc4)c3)c12,1,IC50,6.31,1,CHEMBL373025
CCOCc1cn2ncnc(Nc3ccc4c(cnn4Cc4ccccc4)c3)c2c1CC,1,IC50,6.02,1,CHEMBL196548
CCc1c(C(=O)NCCCn2ccnc2)cn2ncnc(Nc3ccc4c(cnn4Cc4ccccc4)c3)c12,1,IC50,7.4,1,CHEMBL193681
CCc1c(C(=O)OCCCn2ccnc2)cn2ncnc(Nc3ccc4c(cnn4Cc4ccccc4)c3)c12,1,IC50,6.77,1,CHEMBL193368
CCc1c(NC(=O)OCCn2ccnc2)cn2ncnc(Nc3ccc4c(cnn4Cc4ccccc4)c3)c12,1,IC50,7.4,1,CHEMBL412367
COc1cc2ncnc(Nc3ccc(OCc4ccccn4)c(C)c3)c2cc1OC,1,IC50,7.23,1,CHEMBL371888
COc1cc(ON2CCC(C)CC2)c2c(Nc3ccc(OCc4ccccn4)c(Cl)c3)ncnc2c1,1,IC50,8.3,1,CHEMBL444619
CN1CCC(Oc2cccc3ncnc(Nc4ccc(OCc5cccc(F)c5)c(Cl)c4)c23)CC1,1,IC50,8.3,1,CHEMBL197640
CN1CCC(Oc2cccc3ncnc(Nc4ccc(OCc5ccccn5)c(Cl)c4)c23)CC1,1,IC50,6.85,1,CHEMBL193544
CN1CCC(Oc2cccc3ncnc(Nc4ccc(OCc5cnccn5)c(Cl)c4)c23)CC1,1,IC50,6.16,1,CHEMBL436511
CN1CCC(Oc2cccc3ncnc(Nc4ccc(OCc5cscn5)c(Cl)c4)c23)CC1,1,IC50,6.16,1,CHEMBL195204
COc1cccc2ncnc(Nc3ccc(OCc4ccccn4)c(Cl)c3)c12,1,IC50,6.36,1,CHEMBL194389
Cc1ccc(C(=O)Nc2ccon2)cc1Nc1ncnc(NC2CCCC2)c1C#N,0,IC50 (>),4.3,1,CHEMBL383172
Cc1cccc(NC(=O)Nc2ccc(-c3csc4ncnc(N)c34)cc2)c1,0,IC50 (>),4.3,1,CHEMBL196363
Cc1sc2ncnc(N)c2c1-c1ccc(NC(=O)Nc2cc(C(F)(F)F)ccc2F)cc1,0,IC50 (>),4.3,1,CHEMBL381207
COc1cc2c(cc1OC)-c1n[nH]c(Nc3cccc(F)c3)c1C2,0,IC50 (>),4.0,2,CHEMBL120077
COc1cc(-c2ccc3c(c2)NC(=O)/C3=C\c2ccc[nH]2)ccc1O,0,IC50 (>),4.3,1,CHEMBL202930
COc1cc(-c2ccc3c(c2)NC(=O)/C3=C\c2ncc[nH]2)ccc1O,0,IC50 (>),4.3,1,CHEMBL199299
COC(=O)c1c(OC)c2ccccc2c2oc3c(c12)C(=O)c1ccccc1C3=O,0,IC50,4.9,1,CHEMBL201840
COC(=O)c1c(OCCCN(C)C)c2ccccc2c2oc3c(c12)C(=O)c1ccccc1C3=O,0,IC50,4.87,1,CHEMBL383030
COC(=O)c1c(OCCN(C)C)c2ccccc2c2oc3c(c12)C(=O)c1ccccc1C3=O,0,IC50,4.51,1,CHEMBL201865
CCCOc1c(C(=O)OC)c2c3c(oc2c2ccccc12)C(=O)c1ccccc1C3=O,0,IC50 (>),4.3,1,CHEMBL202216
COc1cc2c(Nc3ncc(CC(=O)Nc4cccc(F)c4)s3)ncnc2cc1OCCCN1CCC(CO)CC1,1,IC50,6.1,2,CHEMBL201307
CN1CCN(CCC#CC(=O)Nc2cc3c(Nc4ccc(F)c(Br)c4)ncnc3cn2)CC1,1,IC50,8.96,1,CHEMBL437890
CN1CCN(CCC#CC(=O)Nc2cc3c(Nc4ccc(F)c(Cl)c4)ncnc3cn2)CC1,1,IC50,9.3,1,CHEMBL203599
O=C(C#CCCN1CCCCC1)Nc1cc2c(Nc3ccc(F)c(Cl)c3)ncnc2cn1,1,IC50,9.05,1,CHEMBL205059
O=C(C#CCCN1CCOCC1)Nc1cc2c(Nc3ccc(F)c(Br)c3)ncnc2cn1,1,IC50,8.82,1,CHEMBL204638
O=C(C#CCCN1CCOCC1)Nc1cc2c(Nc3ccc(F)c(Cl)c3)ncnc2cn1,1,IC50,8.89,1,CHEMBL203661
O=C(C#CCN1CCOCC1)Nc1cc2c(Nc3ccc(F)c(Cl)c3)ncnc2cn1,1,IC50,8.51,1,CHEMBL202556
CCCCN(CC#CC(=O)Nc1cc2c(Nc3ccc(F)c(Cl)c3)ncnc2cn1)CCCC,1,IC50,7.77,1,CHEMBL202421
CC(C)N(CC#CC(=O)Nc1cc2c(Nc3ccc(F)c(Cl)c3)ncnc2cn1)C(C)C,1,IC50,7.36,1,CHEMBL383499
CCN(CC)CC#CC(=O)Nc1cc2c(Nc3ccc(F)c(Cl)c3)ncnc2cn1,1,IC50,7.82,1,CHEMBL202425
CCCCC#CC(=O)Nc1cc2c(Nc3ccc(F)c(Cl)c3)ncnc2cn1,1,IC50,7.82,1,CHEMBL202424
CCCC#CC(=O)Nc1cc2c(Nc3ccc(F)c(Cl)c3)ncnc2cn1,1,IC50,8.77,1,CHEMBL203645
CC#CC(=O)Nc1cc2c(Nc3ccc(F)c(Cl)c3)ncnc2cn1,1,IC50,9.52,1,CHEMBL203644
C#CC(=O)Nc1cc2c(Nc3cccc(Br)c3)ncnc2cn1,1,IC50,9.22,1,CHEMBL378144
O=C(C#CCCN1CCOCC1)Nc1ccc2ncnc(Nc3ccc(F)c(Cl)c3)c2c1,1,IC50,8.77,1,CHEMBL204085
CCN(CC)CCC#CC(=O)Nc1ccc2ncnc(Nc3ccc(F)c(Cl)c3)c2c1,1,IC50,8.74,1,CHEMBL382073
O=C(C#CCN1CCOCC1)Nc1ccc2ncnc(Nc3ccc(F)c(Cl)c3)c2c1,1,IC50,7.07,1,CHEMBL202621
CCCCN(CC#CC(=O)Nc1ccc2ncnc(Nc3ccc(F)c(Cl)c3)c2c1)CCCC,1,IC50,7.4,1,CHEMBL202398
CC(C)N(CC#CC(=O)Nc1ccc2ncnc(Nc3ccc(F)c(Cl)c3)c2c1)C(C)C,1,IC50,8.38,1,CHEMBL380669
CCN(CC)CC#CC(=O)Nc1ccc2ncnc(Nc3ccc(F)c(Cl)c3)c2c1,1,IC50,8.51,1,CHEMBL373207
O=C(C#CCO)Nc1ccc2ncnc(Nc3ccc(F)c(Cl)c3)c2c1,1,IC50,8.85,1,CHEMBL202411
C#CC(=O)Nc1ccc2ncnc(Nc3cccc(Br)c3)c2c1,1,IC50,8.8,1,CHEMBL202360
COc1cc(OC2CCN(C)CC2)c2c(Nc3ccc(F)c(Cl)c3)ncnc2c1,1,IC50,7.68,1,CHEMBL203295
CN1CCN(CCCOc2cc(OC3CCOCC3)c3c(Nc4ccc(F)c(Cl)c4)ncnc3c2)CC1,1,IC50,7.18,1,CHEMBL205776
COCCOc1cc(OC2CCOCC2)c2c(Nc3ccc(F)c(Cl)c3)ncnc2c1,1,IC50,6.17,1,CHEMBL382041
COc1cc(OC2CCN(C(C)=O)CC2)c2c(Nc3ccc(F)c(Cl)c3)ncnc2c1,1,IC50,6.06,1,CHEMBL204330
COc1cc(OC2CCNCC2)c2c(Nc3ccc(F)c(Cl)c3)ncnc2c1,1,IC50,8.0,1,CHEMBL205149
CN1CCC(Oc2cccc3ncnc(Nc4ccc(F)c(Cl)c4)c23)CC1,1,IC50,8.52,1,CHEMBL203725
COc1ccc2ncnc(Nc3ccc(F)c(Cl)c3)c2c1OC1CCN(C)CC1,1,IC50,6.65,1,CHEMBL203936
COc1cc(OC2CCOC2)c2c(Nc3ccc(F)c(Cl)c3)ncnc2c1,1,IC50,6.73,1,CHEMBL204268
Brc1ccc2c(c1)CNc1c(NCc3ccccc3)ncnc1O2,0,IC50,4.52,1,CHEMBL381306
COc1cc2c(cc1OC)Oc1ncnc(Nc3cccc(Br)c3)c1NC2,1,IC50,6.52,4,CHEMBL380972
CS(=O)(=O)Nc1ccc2c(c1)CNc1c(Nc3ccc(F)c(Cl)c3)ncnc1O2,0,IC50 (>),5.0,1,CHEMBL202650
FC(F)(F)Oc1ccc2c(c1)CNc1c(Nc3cccc(Br)c3)ncnc1O2,0,IC50 (>),5.0,1,CHEMBL203664
COc1cccc2c1CNc1c(Nc3cccc(Br)c3)ncnc1O2,0,IC50 (>),5.0,1,CHEMBL382782
COc1ccc2c(c1)CNc1c(Nc3cccc(-c4ccccc4)c3)ncnc1O2,0,IC50 (>),5.0,1,CHEMBL206370
COc1ccc2c(c1)CNc1c(Nc3ccc(F)c(Cl)c3)ncnc1O2,1,IC50,6.05,1,CHEMBL426124
COc1ccc2c(c1)Oc1ncnc(Nc3ccc(F)c(Cl)c3)c1NC2,1,IC50,6.0,1,CHEMBL206347
Fc1ccc2c(c1)CNc1c(Nc3ccc(F)c(Cl)c3)ncnc1O2,1,IC50,6.0,1,CHEMBL424853
Fc1ccc(Nc2ncnc3c2NCc2cc(Cl)ccc2O3)cc1Cl,1,IC50,6.0,1,CHEMBL205676
Brc1cccc(Nc2ncnc3c2NCc2cc(Br)ccc2O3)c1,1,IC50,6.0,1,CHEMBL383614
Fc1ccc2c(c1)CNc1c(Nc3ccc(Cl)cc3)ncnc1O2,0,IC50 (>),5.0,1,CHEMBL204117
COc1cc2c(cc1OC)Oc1ncnc(Nc3ccc(F)c(Cl)c3)c1NC2,1,IC50,6.16,2,CHEMBL202970
Nc1ccc2c(c1)CNc1c(Nc3cccc(Br)c3)ncnc1O2,0,IC50 (>),4.52,1,CHEMBL203132
O=C(O)c1ccc2c(c1)CNc1c(Nc3ccc(F)c(Cl)c3)ncnc1O2,0,IC50 (>),4.52,1,CHEMBL206848
COc1ccc2c(c1)CNc1c(Nc3cccc(Br)c3)ncnc1O2,1,IC50,6.0,1,CHEMBL383444
Clc1ccc2c(c1)CNc1c(Nc3cccc(Br)c3)ncnc1O2,0,IC50 (>),4.52,1,CHEMBL378145
Fc1ccc2c(c1)CNc1c(NCc3ccccc3)ncnc1O2,0,IC50 (>),4.52,1,CHEMBL379041
COc1cc(OC)c2c(c1)Oc1ncnc(Nc3cccc(Br)c3)c1NC2,0,IC50 (>),4.52,1,CHEMBL204223
COc1ccc(N2Cc3cnc(Nc4ccc(F)cc4)nc3N([C@@H]3CC[C@@H](O)C3)C2=O)cc1,1,IC50,6.26,1,CHEMBL606964
Cc1cccc(-n2ncc3c(NCc4ccc5c(c4)OCO5)ncnc32)c1,0,IC50,4.82,1,CHEMBL206483
CS(=O)(=O)CCNC(=O)NCc1cccc(C#Cc2cncnc2Nc2ccc(OCc3cccc(F)c3)c(Cl)c2)n1,1,IC50,7.82,1,CHEMBL206029
CNC(=O)NCc1cccc(C#Cc2cncnc2Nc2ccc(OCc3cccc(F)c3)c(Cl)c2)n1,1,IC50,7.64,1,CHEMBL380078
NCc1cccc(C#Cc2cncnc2Nc2ccc(OCc3cccc(F)c3)c(Cl)c2)n1,1,IC50,7.68,1,CHEMBL206003
OCc1cccc(C#Cc2cncnc2Nc2ccc(OCc3cccc(F)c3)c(Cl)c2)n1,1,IC50,7.4,1,CHEMBL204570
OCc1ccc(C#Cc2cncnc2Nc2ccc(OCc3cccc(F)c3)c(Cl)c2)o1,1,IC50,7.48,1,CHEMBL204467
OCc1nc(C#Cc2cncnc2Nc2ccc(OCc3cccc(F)c3)c(Cl)c2)cs1,1,IC50,7.12,1,CHEMBL205047
CC(=O)Nc1cccc(C#Cc2cncnc2Nc2ccc(OCc3cccc(F)c3)c(Cl)c2)n1,1,IC50,7.04,1,CHEMBL205765
Nc1nccc(C#Cc2cncnc2Nc2ccc(OCc3cccc(F)c3)c(Cl)c2)n1,1,IC50,7.5,1,CHEMBL381604
Fc1cccc(COc2ccc(Nc3ncncc3C#Cc3cc[nH]n3)cc2Cl)c1,1,IC50,7.38,1,CHEMBL205284
Fc1cccc(COc2ccc(Nc3ncncc3C#Cc3ncccn3)cc2Cl)c1,1,IC50,7.11,1,CHEMBL207869
Fc1cccc(COc2ccc(Nc3ncncc3C#Cc3ccccn3)cc2Cl)c1,1,IC50,7.77,1,CHEMBL205045
Fc1cccc(COc2ccc(Nc3ncncc3C#Cc3cccnc3)cc2Cl)c1,1,IC50,7.13,1,CHEMBL438440
COC(=O)CCCC(=O)Nc1cccc(C#Cc2cncnc2Nc2ccc(OCc3cccc(F)c3)c(Cl)c2)c1,1,IC50,7.51,1,CHEMBL206782
CS(=O)(=O)CCC(=O)Nc1cccc(C#Cc2cncnc2Nc2ccc(OCc3cccc(F)c3)c(Cl)c2)c1,1,IC50,7.3,1,CHEMBL381080
CC(=O)NCc1cccc(C#Cc2cncnc2Nc2ccc(OCc3cccc(F)c3)c(Cl)c2)c1,1,IC50,7.22,1,CHEMBL207247
CNC(=O)c1cccc(C#Cc2cncnc2Nc2ccc(OCc3cccc(F)c3)c(Cl)c2)c1,1,IC50,7.1,1,CHEMBL207410
CS(=O)(=O)Nc1cccc(C#Cc2cncnc2Nc2ccc(OCc3cccc(F)c3)c(Cl)c2)c1,1,IC50,6.96,1,CHEMBL208358
CC(=O)Nc1ccc(C#Cc2cncnc2Nc2ccc(OCc3cccc(F)c3)c(Cl)c2)cc1,0,IC50,4.6,1,CHEMBL438075
CC(=O)Nc1cccc(C#Cc2cncnc2Nc2ccc(OCc3cccc(F)c3)c(Cl)c2)c1,1,IC50,7.92,1,CHEMBL205798
Nc1ccc(C#Cc2cncnc2Nc2ccc(OCc3cccc(F)c3)c(Cl)c2)cc1,1,IC50,7.52,1,CHEMBL205966
Nc1cccc(C#Cc2cncnc2Nc2ccc(OCc3cccc(F)c3)c(Cl)c2)c1,1,IC50,7.38,1,CHEMBL205235
Nc1ccccc1C#Cc1cncnc1Nc1ccc(OCc2cccc(F)c2)c(Cl)c1,1,IC50,7.2,1,CHEMBL204625
Fc1cccc(COc2ccc(Nc3ncncc3C#Cc3ccccc3)cc2Cl)c1,1,IC50,7.1,1,CHEMBL379093
C#Cc1cncnc1Nc1ccc(OCc2cccc(F)c2)c(Cl)c1,1,IC50,7.07,1,CHEMBL205870
Fc1cccc(COc2ccc(Nc3ccncn3)cc2Cl)c1,1,IC50,6.5,2,CHEMBL205652
COCCN1CC(C(N)=O)(N(C)Cc2cc3c(Nc4cccc(Cl)c4F)ncnc3cc2OC)C1,1,IC50,8.22,1,CHEMBL207815
COc1cc2ncnc(Nc3cccc(Cl)c3F)c2cc1CN(C)C1(C(N)=O)CN(C(C)C)C1,1,IC50,8.05,1,CHEMBL425601
COc1cc2ncnc(Nc3cccc(Cl)c3F)c2cc1CN(C)C1(C(N)=O)CN(C)C1,1,IC50,7.7,1,CHEMBL207718
COc1cc2ncnc(Nc3cccc(Cl)c3F)c2cc1CN(C)C1(C(N)=O)CCN(C(C)C)CC1,1,IC50,7.6,1,CHEMBL383246
COc1cc2ncnc(Nc3cccc(Cl)c3F)c2cc1CN(C)C1(C(N)=O)CCN(C)CC1,1,IC50,8.05,1,CHEMBL207130
COc1cc2ncnc(Nc3cccc(Cl)c3F)c2cc1CN(C)[C@@H](CN(C)C)C(N)=O,1,IC50,7.3,1,CHEMBL380889
COCC[C@@H](C(N)=O)N(C)Cc1cc2c(Nc3cccc(Cl)c3F)ncnc2cc1OC,1,IC50,8.0,1,CHEMBL207445
COC[C@@H](C(N)=O)N(C)Cc1cc2c(Nc3cccc(Cl)c3F)ncnc2cc1OC,1,IC50,7.52,1,CHEMBL379905
COc1cc2ncnc(Nc3cccc(Cl)c3F)c2cc1CN(C)[C@@H](CO)C(N)=O,1,IC50,7.7,1,CHEMBL208286
COc1cc2ncnc(Nc3cccc(Cl)c3F)c2cc1CN(CCN(C)C)[C@@H](C)C(N)=O,1,IC50,6.92,1,CHEMBL376967
COCCN(Cc1cc2c(Nc3cccc(Cl)c3F)ncnc2cc1OC)[C@@H](C)C(N)=O,1,IC50,8.0,1,CHEMBL382823
COc1cc2ncnc(Nc3cccc(Cl)c3F)c2cc1CN(C)C1CCNC1=O,1,IC50,7.7,1,CHEMBL378370
COc1cc2ncnc(Nc3cccc(Cl)c3F)c2cc1CN(C)[C@H](C)C(=O)N(C)C,1,IC50,7.4,1,CHEMBL380006
CNC(=O)[C@@H](C)N(C)Cc1cc2c(Nc3cccc(Cl)c3F)ncnc2cc1OC,1,IC50,7.52,1,CHEMBL211003
COc1cc2ncnc(Nc3cccc(Cl)c3F)c2cc1CN(C)[C@@H](C)C(N)=O,1,IC50,8.1,1,CHEMBL207687
COc1cc2ncnc(Nc3cccc(Cl)c3F)c2cc1CN(C)[C@H](C)C(N)=O,1,IC50,8.05,1,CHEMBL208118
COc1cc2ncnc(Nc3cccc(Cl)c3F)c2cc1CN(C)CC(N)=O,1,IC50,7.7,1,CHEMBL379601
COc1cc2ncnc(Nc3cccc(Cl)c3F)c2cc1CN[C@H](C)C(N)=O,1,IC50,6.82,1,CHEMBL380386
COc1cc2ncnc(Nc3cccc(Cl)c3F)c2cc1CN1CC(C(N)=O)C1,1,IC50,7.3,1,CHEMBL207037
COc1cc2ncnc(Nc3cccc(Cl)c3F)c2cc1CN1CCC1C(N)=O,1,IC50,7.16,1,CHEMBL207246
COc1cc2ncnc(Nc3cccc(Cl)c3F)c2cc1CN1CCOCC1C(N)=O,1,IC50,7.3,1,CHEMBL207674
COc1cc2ncnc(Nc3cccc(Cl)c3F)c2cc1CN1CCCC[C@@H]1C(N)=O,1,IC50,8.1,1,CHEMBL206783
COc1cc2ncnc(Nc3cccc(Cl)c3F)c2cc1CN1CCN(C)CC1C(N)=O,1,IC50,7.52,1,CHEMBL204420
COc1cc2ncnc(Nc3cccc(Cl)c3F)c2cc1CN1CCC[C@H]1CC(N)=O,1,IC50,6.77,1,CHEMBL377772
COc1cc2ncnc(Nc3cccc(Cl)c3F)c2cc1CN1CC[C@H](C(N)=O)C1,1,IC50,7.1,1,CHEMBL380454
COc1cc2ncnc(Nc3cccc(Cl)c3F)c2cc1CN1CCC[C@@H]1C(=O)N(C)C,1,IC50,6.35,1,CHEMBL382822
CNC(=O)[C@H]1CCCN1Cc1cc2c(Nc3cccc(Cl)c3F)ncnc2cc1OC,1,IC50,7.3,1,CHEMBL383760
COc1cc2ncnc(Nc3cccc(Cl)c3F)c2cc1CN1C[C@H](OC)C[C@@H]1C(N)=O,1,IC50,8.0,1,CHEMBL207235
COc1cc2ncnc(Nc3cccc(Cl)c3F)c2cc1CN1CCC[C@@H]1C(N)=O,1,IC50,8.0,1,CHEMBL208292
COc1cc2ncnc(Nc3cccc(Cl)c3F)c2cc1CN1CCC[C@H]1C(N)=O,1,IC50,7.52,1,CHEMBL207584
COc1cc2ncnc(Nc3ccc(F)c(Cl)c3)c2cc1CN1CCC[C@H]1C(N)=O,1,IC50,7.7,1,CHEMBL382638
COc1cc2ncnc(Nc3ccc(F)c(Cl)c3)c2cc1CN1CCC[C@@H]1C(N)=O,1,IC50,8.22,1,CHEMBL206955
COc1cc2ncnc(Nc3cccc(Cl)c3F)c2cc1CN1CCCC1,1,IC50,6.44,1,CHEMBL437885
CN(C(=O)N(CCCl)N=O)c1ccc2ncnc(Nc3cccc(Br)c3)c2c1,1,IC50,6.53,1,CHEMBL210893
CN(C(=O)N(CCCl)N=O)c1ccc2ncnc(Nc3cccc(Cl)c3)c2c1,1,IC50,6.69,2,CHEMBL210378
O=NN(CCCl)C(=O)Nc1ccc2ncnc(Nc3cccc(Br)c3)c2c1,1,IC50,7.33,1,CHEMBL210660
O=NN(CCCl)C(=O)Nc1ccc2ncnc(Nc3cccc(Cl)c3)c2c1,1,IC50,7.17,1,CHEMBL210659
CN(CCCl)C(=O)Nc1ccc2ncnc(Nc3cccc(Br)c3)c2c1,1,IC50,6.81,1,CHEMBL379047
CN(CCCl)C(=O)Nc1ccc2ncnc(Nc3cccc(Cl)c3)c2c1,1,IC50,7.09,1,CHEMBL208144
O=C(NCCCl)Nc1ccc2ncnc(Nc3cccc(Br)c3)c2c1,1,IC50,7.75,1,CHEMBL207009
O=C(NCCCl)Nc1ccc2ncnc(Nc3cccc(Cl)c3)c2c1,1,IC50,7.66,1,CHEMBL210444
Cc1cccc(Nc2ncnc3ccc(NC(=O)NCCCl)cc23)c1,1,IC50,6.17,1,CHEMBL208240
CNc1ccc2ncnc(Nc3cccc(Cl)c3)c2c1,1,IC50,8.4,1,CHEMBL209343
CNc1ccc2ncnc(Nc3cccc(C)c3)c2c1,1,IC50,7.96,1,CHEMBL208594
COc1cc(C)c(Sc2cnc(NC(=O)c3ccc(CNC(C)C(C)(C)C)cc3)s2)cc1C(=O)N1CCN(C(C)=O)CC1,0,IC50 (>),4.3,3,CHEMBL209148
O=C(NC1CC1)c1cc(NCc2cnc(Nc3ccccn3)s2)c(F)cc1F,0,IC50 (>),4.3,1,CHEMBL377734
c1cn(Cc2ccc3c(c2)-c2[nH]nc(-c4ccsc4)c2C3)cn1,0,IC50 (>),4.3,1,CHEMBL212084
CN1CCN(Cc2ccc3c(c2)-c2[nH]nc(-c4ccsc4)c2C3)CC1,0,IC50 (>),4.3,1,CHEMBL213743
CNc1nccc(-c2ccc(C(=O)N[C@H](CN)Cc3ccc(Cl)cc3Cl)s2)n1,0,IC50 (>),5.0,1,CHEMBL213618
[O-][S+]1CCN(Cc2ccc(-c3ccc4ncnc(Nc5ccc(OCc6ccccc6)c(Cl)c5)c4c3)o2)CC1,1,IC50,7.92,1,CHEMBL212965
[O-][S+]1CCN(Cc2ccc(-c3ccc4ncnc(Nc5ccc(OCc6ccccc6)c(F)c5)c4c3)o2)CC1,1,IC50,7.8,1,CHEMBL215716
[O-][S+]1CCN(Cc2ccc(-c3ccc4ncnc(Nc5ccc(OCc6cccc(F)c6)c(Cl)c5)c4c3)o2)CC1,1,IC50,7.55,1,CHEMBL212954
[O-][S+]1CCN(Cc2ccc(-c3ccc4ncnc(Nc5ccc(OCc6cccc(F)c6)c(C(F)(F)F)c5)c4c3)o2)CC1,1,IC50,7.05,1,CHEMBL377250
CS(=O)(=O)CCN(Cc1ccccc1)Cc1ccc(-c2ccc3ncnc(Nc4ccc(OCc5cccc(F)c5)c(Cl)c4)c3c2)o1,1,IC50,7.05,1,CHEMBL445572
CS(=O)(=O)CCN(CC#N)Cc1ccc(-c2ccc3ncnc(Nc4ccc(OCc5cccc(F)c5)c(Cl)c4)c3c2)o1,1,IC50,7.57,1,CHEMBL384407
CCCN(CCS(C)(=O)=O)Cc1ccc(-c2ccc3ncnc(Nc4ccc(OCc5cccc(F)c5)c(Cl)c4)c3c2)o1,1,IC50,7.07,1,CHEMBL212251
O=S(=O)(CCCCNCc1ccc(-c2ccc3ncnc(Nc4ccc(OCc5ccccc5)c(Cl)c4)c3c2)o1)c1ccccc1,1,IC50,7.3,1,CHEMBL212201
O=S(=O)(CCOCc1ccc(-c2ccc3ncnc(Nc4ccc(OCc5cccc(F)c5)c(Cl)c4)c3c2)o1)c1ccccc1,1,IC50,7.6,1,CHEMBL212250
CS(=O)(=O)CCOCc1ccc(-c2ccc3ncnc(Nc4ccc(OCc5cccc(F)c5)c(Cl)c4)c3c2)o1,1,IC50,7.58,1,CHEMBL215171
Cn1ccnc1S(=O)(=O)CCNCc1ccc(-c2ccc3ncnc(Nc4ccc(OCc5cccc(F)c5)c(C(F)(F)F)c4)c3c2)o1,1,IC50,7.77,1,CHEMBL265367
O=S(=O)(CCNCc1ccc(-c2ccc3ncnc(Nc4ccc(OCc5cccc(F)c5)c(C(F)(F)F)c4)c3c2)o1)c1ccccn1,1,IC50,7.72,1,CHEMBL214023
O=S(=O)(CCNCc1ccc(-c2ccc3ncnc(Nc4ccc(OCc5cccc(F)c5)c(Cl)c4)c3c2)o1)c1ccccc1,1,IC50,7.72,1,CHEMBL1794063
CC(C)S(=O)(=O)CCNCc1ccc(-c2ccc3ncnc(Nc4ccc(OCc5cccc(F)c5)c(Cl)c4)c3c2)o1,1,IC50,7.75,1,CHEMBL214487
CCCS(=O)(=O)CCNCc1ccc(-c2ccc3ncnc(Nc4ccc(OCc5cccc(F)c5)c(Cl)c4)c3c2)o1,1,IC50,7.68,1,CHEMBL383965
CS(=O)(=O)CCNCc1ccc(-c2ccc3ncnc(Nc4ccc(OCc5cccc(F)c5)c(C(F)(F)F)c4)c3c2)o1,1,IC50,7.1,1,CHEMBL215814
CS(=O)(=O)CCNCc1ccc(-c2ccc3ncnc(Nc4ccc(OCc5ccccc5)c(C(F)(F)F)c4)c3c2)o1,1,IC50,6.8,1,CHEMBL387207
COc1cc(Nc2ncnc3ccc(-c4ccc(CNCCS(C)(=O)=O)o4)cc23)ccc1OCc1cccc(F)c1,1,IC50,7.0,1,CHEMBL215033
CS(=O)(=O)CCNCc1ccc(-c2ccc3ncnc(Nc4ccc(OCc5ccccc5)c(Br)c4)c3c2)o1,1,IC50,7.6,1,CHEMBL214689
CS(=O)(=O)CCNCc1ccc(-c2ccc3ncnc(Nc4ccc(OCc5ccccc5)c(Cl)c4)c3c2)o1,1,IC50,7.75,1,CHEMBL380247
CS(=O)(=O)CCNCc1ccc(-c2ccc3ncnc(Nc4ccc(OCc5cccc(C(F)(F)F)c5)cc4)c3c2)o1,1,IC50,7.04,1,CHEMBL214419
CS(=O)(=O)CCNCc1ccc(-c2ccc3ncnc(Nc4ccc(OCc5cccc(Br)c5)cc4)c3c2)o1,1,IC50,7.37,1,CHEMBL384711
CS(=O)(=O)CCNCc1ccc(-c2ccc3ncnc(Nc4ccc(OCc5cccc(F)c5)cc4)c3c2)o1,1,IC50,7.62,1,CHEMBL213818
CS(=O)(=O)CCNCc1ccc(-c2ccc3ncnc(Nc4ccc(OCc5ccccc5)cc4)c3c2)o1,1,IC50,7.57,1,CHEMBL213342
COc1cc2ncnc(Nc3cccc(Cl)c3F)c2cc1OCCCN1CCOCC1,1,IC50,7.75,1,CHEMBL385479
COc1cc2ncnc(Nc3cc(Cl)ccc3F)c2cc1OCCCN1CCOCC1,1,IC50,7.29,1,CHEMBL384699
COc1cc2ncnc(Nc3cccc(Cl)c3F)c2cc1OCC1CCN(C)CC1,1,IC50,8.7,1,CHEMBL213874
COc1cc2ncnc(Nc3cc(Cl)ccc3F)c2cc1OC1CCN(C)CC1,1,IC50,6.97,1,CHEMBL214631
COc1cc2ncnc(Nc3cc(Cl)ccc3F)c2cc1OCC1CCN(C)CC1,1,IC50,8.05,1,CHEMBL385471
COc1cc2ncnc(Nc3ccc(F)c(Cl)c3)c2cc1OC1CCN(C)CC1,1,IC50,8.0,1,CHEMBL276154
COc1cc2ncnc(Nc3ccc(F)c(Cl)c3)c2cc1OCC1CCN(C)CC1,1,IC50,8.52,1,CHEMBL215786
COc1cc2ncnc(Nc3cccc(Cl)c3F)c2cc1OC1CCN(C)CC1,1,IC50,8.7,1,CHEMBL214798
COc1cc2c(cc1OC)Nc1ncnc(N[C@H](C)c3ccccc3)c1NC2,1,IC50,6.82,2,CHEMBL379001
COc1cc2c(cc1OC)Nc1ncnc(NCc3ccccc3)c1NC2,1,IC50,6.7,2,CHEMBL215191
COc1cc2c(cc1OC)Nc1ncnc(NCc3ccc(F)c(Cl)c3)c1NC2,1,IC50,6.52,1,CHEMBL376089
COc1cc2c(cc1OC)Sc1ncnc(Oc3cccc(Cl)c3F)c1NC2,0,IC50,4.71,1,CHEMBL385292
COc1cc2c(cc1OC)Sc1ncnc(Oc3cccc(Br)c3)c1NC2,0,IC50,4.66,1,CHEMBL215520
COc1cc2c(cc1OC)Sc1nc(C)nc(Nc3ccc4c(c3)CN=N4)c1NC2,0,IC50,4.79,1,CHEMBL384042
COc1cc2c(cc1OC)Sc1nc(C)nc(Nc3ccc4c[nH]nc4c3)c1NC2,0,IC50,4.61,1,CHEMBL213371
COc1cc2c(cc1OC)Sc1nc(C)nc(Nc3ccc4ncsc4c3)c1NC2,0,IC50,4.82,1,CHEMBL214627
COc1cc2c(cc1OC)Sc1nc(C)nc(Nc3ccc4[nH]cnc4c3)c1NC2,0,IC50,4.84,1,CHEMBL213616
COc1cc2c(cc1OC)Sc1nc(C)nc(Nc3ccc4ccccc4c3)c1NC2,0,IC50,4.77,1,CHEMBL214863
COc1cc2c(cc1OC)Sc1nc(C)nc(Nc3ccc(Cl)c(C)c3)c1NC2,0,IC50 (>),4.0,1,CHEMBL386296
COc1cc2c(cc1OC)Sc1nc(C)nc(Nc3cccc(Cl)c3F)c1NC2,0,IC50 (>),4.0,1,CHEMBL386579
COc1cc2c(cc1OC)Sc1nc(C)nc(Nc3ccc(F)c(Cl)c3)c1NC2,0,IC50,4.34,1,CHEMBL214744
COc1cc2c(cc1OC)Sc1nc(C)nc(Nc3ccc(C)c(Br)c3)c1NC2,0,IC50 (>),4.0,1,CHEMBL383999
COc1cc2c(cc1OC)Sc1nc(C)nc(Nc3cccc(Br)c3)c1NC2,0,IC50,4.51,1,CHEMBL425083
COc1cc2c(cc1OC)Sc1ncnc(N(C)c3cccc(Cl)c3)c1NC2,0,IC50,4.57,1,CHEMBL425074
COc1cc2c(cc1OC)Sc1ncnc(N(C)c3cccc(Br)c3)c1NC2,0,IC50 (>),4.0,1,CHEMBL215280
COc1cc2c(cc1OC)Sc1ncnc(Nc3ccc4ncsc4c3)c1NC2,0,IC50 (>),4.0,1,CHEMBL211982
COc1cc2c(cc1OC)Sc1ncnc(Nc3ccc4c[nH]nc4c3)c1NC2,0,IC50,4.85,1,CHEMBL385425
COc1cc2c(cc1OC)Sc1ncnc(Nc3cccc(Cl)c3F)c1NC2,0,IC50,4.2,1,CHEMBL214999
COc1cc2c(cc1OC)Oc1ncnc(Sc3cccc(Cl)c3)c1NC2,1,IC50,6.0,1,CHEMBL215210
COc1cc2c(cc1OC)Oc1ncnc(Oc3ccc(F)c(Cl)c3)c1N(C)C2,0,IC50,4.97,1,CHEMBL425620
COc1cc2c(cc1OC)Oc1ncnc(Oc3cccc(Br)c3)c1NC2,1,IC50,6.16,1,CHEMBL216048
COc1cc2c(cc1OC)Oc1nc(C)nc(Nc3cccc(Cl)c3F)c1NC2,0,IC50 (>),4.0,1,CHEMBL386052
COc1cc2c(cc1OC)Oc1nc(C)nc(Nc3cccc(Br)c3)c1NC2,0,IC50 (>),4.0,1,CHEMBL380168
COc1cc2c(cc1OC)Oc1ncnc(Nc3ccc4ccccc4c3)c1NC2,1,IC50,6.3,1,CHEMBL215973
COc1cc2c(cc1OC)Oc1ncnc(Nc3cccc(Cl)c3F)c1NC2,1,IC50,6.52,1,CHEMBL214868
COc1cc2c(cc1OC)Oc1ncnc(Nc3ccc(F)cc3Cl)c1NC2,0,IC50 (>),4.0,1,CHEMBL384558
COc1cc2c(cc1OC)Oc1ncnc(Nc3ccc(Br)cc3)c1NC2,0,IC50 (>),4.0,1,CHEMBL385015
C#Cc1cccc(Nc2ncnc3c2NCc2cc(OC)c(OC)cc2O3)c1,1,IC50,6.05,1,CHEMBL215071
COc1cc2ncnc(Nc3cc(Cl)ccc3F)c2cc1OC1CCN(S(C)(=O)=O)CC1,1,IC50,9.0,1,CHEMBL213007
COc1cc2ncnc(Nc3cc(Cl)ccc3F)c2cc1OC1CCN(CC(N)=O)CC1,1,IC50,8.05,1,CHEMBL214478
COCCN1CCC(Oc2cc3c(Nc4cc(Cl)ccc4F)ncnc3cc2OC)CC1,1,IC50,6.94,1,CHEMBL215559
COc1cc2ncnc(Nc3cccc(Cl)c3F)c2cc1OC1CCN(S(C)(=O)=O)CC1,1,IC50,8.7,1,CHEMBL387265
COc1cc2ncnc(Nc3cccc(Cl)c3F)c2cc1OC1CCN(CC(N)=O)CC1,1,IC50,8.7,1,CHEMBL218677
COCCN1CCC(Oc2cc3c(Nc4cccc(Cl)c4F)ncnc3cc2OC)CC1,1,IC50,8.52,1,CHEMBL214857
O=C(Nc1ccc2ncnc(Nc3cccc(Br)c3)c2c1)C1CCSS1,1,IC50,7.22,1,CHEMBL217536
Cc1nc(Nc2ncc(C(=O)Nc3c(C)cccc3Cl)s2)cc(N2CCN(CCO)CC2)n1,1,IC50,7.7,26,CHEMBL1421;CHEMBL5416410
Clc1ccc2c(c1Nc1ncnc3cc(OCCCN4CCCC4)cc(OC4CCOCC4)c13)OCO2,1,IC50,6.05,1,CHEMBL217090
CO[C@@H](C(=O)N1Cc2[nH]nc(NC(=O)c3ccc(N4CCN(C)CC4)cc3)c2C1)c1ccccc1,0,IC50 (>),5.0,2,CHEMBL402548
COc1cc(C2=C(c3c[nH]c4ccccc34)C(=O)NC2=O)cc(OC)c1OC,0,IC50,4.99,3,CHEMBL201511
O=C(Nc1cccc(Nc2nccc(Nc3cccc(C(F)(F)F)c3)n2)c1)C1CC1,0,IC50 (>),5.0,1,CHEMBL383899
O=C(Nc1cccc(Nc2ccnc(Nc3cccc(C(F)(F)F)c3)n2)c1)C1CC1,0,IC50 (>),5.0,1,CHEMBL216260
O=C(Nc1cccc(Nc2cc(Nc3cccc(C(F)(F)F)c3)ncn2)c1)C1CC1,1,IC50,8.4,4,CHEMBL387187
CCN(CCO)CCCOc1ccc2c(Nc3cc(CC(=O)Nc4cccc(F)c4)[nH]n3)ncnc2c1,0,Kd,6.92,15,CHEMBL215152
COc1cc(Nc2c(C#N)cnc3cc(-c4coc(CN5CCN(C)CC5)c4)c(OC)cc23)c(Cl)cc1Cl,1,IC50,6.64,1,CHEMBL219557
Cc1cccc(C)c1-c1cc(C)c2nc(Nc3ccc(OCCN4CCCC4)cc3)nnc2c1,1,IC50,6.01,1,CHEMBL436137
CNc1ncnc(-c2cccnc2Oc2ccc(F)c(C(=O)Nc3cc(C(F)(F)F)ccc3N(C)CCCN(C)C)c2)n1,0,IC50,4.6,1,CHEMBL373882
CS(=O)(=O)Nc1cc2c(cc1Cl)NC(=O)Nc1cnc(C#N)c(n1)OCCCCCO2,0,Ki (>),5.0,1,CHEMBL223460
N#Cc1ncc2nc1OCCCCCOc1cc(OCCCO)c(Cl)cc1NC(=O)N2,0,Ki (>),5.0,1,CHEMBL373598
N#Cc1ncc2nc1OCCCCCOc1cc(CCCO)c(Cl)cc1NC(=O)N2,0,Ki (>),5.0,1,CHEMBL223367
CCOc1cc2ncnc(Nc3cccc(F)c3)c2cc1OCC,1,IC50,8.19,3,CHEMBL1204261
COc1cc2ncnc(Nc3ccc(F)cc3)c2cc1OC,1,IC50,7.72,3,CHEMBL1203934
COc1cc2ncnc(Nc3ccccc3F)c2cc1OC,1,IC50,7.89,3,CHEMBL1204360
CCOc1cc2ncnc(Nc3ccc(F)cc3)c2cc1OCC,1,IC50,7.8,3,CHEMBL1203940
CCOc1cc2ncnc(Nc3ccccc3F)c2cc1OCC,1,IC50,8.03,3,CHEMBL1203939
COc1cc2ncnc(NCc3ccc(F)cc3)c2cc1OC,1,IC50,7.96,3,CHEMBL1203938
CCOc1cc2ncnc(NCc3ccc(F)cc3)c2cc1OCC,1,IC50,8.18,3,CHEMBL1203937
COc1cc2ncnc(Nc3cc(F)cc(C(F)(F)F)c3)c2cc1OC,1,IC50,7.72,2,CHEMBL1203936
CCOc1cc2ncnc(Nc3cc(F)cc(C(F)(F)F)c3)c2cc1OCC,1,IC50,8.05,1,CHEMBL1203935
CCOc1cc2ncnc(Nc3cccc(I)c3)c2cc1OCC,1,IC50,9.19,3,CHEMBL1204262
CCOc1cc2ncnc(Nc3cccc(Br)c3)c2cc1OCC,1,IC50,9.39,3,CHEMBL1204199
CCOc1cc2ncnc(Nc3cccc(Cl)c3)c2cc1OCC,1,IC50,9.42,3,CHEMBL2447950
COc1ccc(N(CCN/N=N/c2ccc3ncnc(Nc4cccc(Cl)c4)c3c2)CC(C)Cl)cc1,1,IC50,6.01,1,CHEMBL225721
CN(C)CCN/N=N/c1ccc2ncnc(Nc3cccc(Cl)c3)c2c1,1,IC50,7.43,1,CHEMBL225720
ClCCN(CCN/N=N/c1ccc2ncnc(Nc3cccc(Cl)c3)c2c1)Cc1ccccc1,1,IC50,7.15,1,CHEMBL225929
CN(CCCl)CCN/N=N/c1ccc2ncnc(Nc3cccc(Cl)c3)c2c1,1,IC50,8.36,1,CHEMBL225928
COc1cc(-c2ccc3c(c2)Nc2ccc(C(C)(C)C(=O)Nc4ccc(N5CCOCC5)cc4)cc2NC3=O)ccc1N,0,IC50 (>),5.0,1,CHEMBL389745
CNC(=O)c1cc(Oc2ccc3oc(Nc4ccc(Cl)c(OC[C@@H]5CCCN5C)c4)nc3c2)ccn1,0,IC50 (>),4.6,1,CHEMBL231568
N#Cc1cnc2ccc(NCc3c[nH]cn3)cc2c1Nc1ccc(F)c(Cl)c1,1,IC50,7.52,3,CHEMBL220037
CC(=O)c1cc(NCc2c[nH]cn2)cc2c(Nc3ccc(F)c(Cl)c3)c(C#N)cnc12,1,IC50,6.81,1,CHEMBL397949
CN(C)C(=O)c1cc(NCc2c[nH]cn2)cc2c(Nc3ccc(F)c(Cl)c3)c(C#N)cnc12,0,IC50 (>),4.7,1,CHEMBL242208
N#Cc1cnc2c(C(F)(F)F)cc(NCc3c[nH]cn3)cc2c1Nc1ccc(F)c(Cl)c1,0,IC50 (>),4.7,1,CHEMBL241989
N#Cc1cnc2c(F)cc(NCc3c[nH]cn3)cc2c1Nc1ccc(F)c(Cl)c1,1,IC50,6.3,1,CHEMBL245212
COCCOc1cc2ncnc(NC3=CC(=O)C(OCc4cccc(F)c4)=CC3=O)c2cc1OC,0,IC50 (>),5.0,2,CHEMBL396472
COCCOc1cc2ncnc(NC3=CC(=O)C(OCc4ccccc4)=CC3=O)c2cc1OC,0,IC50 (>),5.0,2,CHEMBL242555
CCOc1cc2ncnc(NC3=CC(=O)C(OCc4cccc(C)c4)=CC3=O)c2cc1NC(=O)/C=C/CN(C)C,1,IC50,7.6,2,CHEMBL241919
CCOc1cc2ncnc(NC3=CC(=O)C(OCc4cccc(OC)c4)=CC3=O)c2cc1NC(=O)/C=C/CN(C)C,1,IC50,6.97,2,CHEMBL241918
CCOc1cc2ncnc(NC3=CC(=O)C(OCc4cccs4)=CC3=O)c2cc1NC(=O)/C=C/CN(C)C,1,IC50,7.32,2,CHEMBL243839
CCOc1cc2ncnc(NC3=CC(=O)C(OCc4cccc(Cl)c4)=CC3=O)c2cc1NC(=O)/C=C/CN(C)C,1,IC50,7.91,2,CHEMBL243837
CCOc1cc2ncnc(NC3=CC(=O)C(OCc4ccccn4)=CC3=O)c2cc1NC(=O)/C=C/CN(C)C,1,IC50,7.04,2,CHEMBL398154
CCOc1cc2ncnc(NC3=CC(=O)C(OCc4ccccc4)=CC3=O)c2cc1NC(=O)/C=C/CN(C)C,1,IC50,7.73,2,CHEMBL243629
CCOc1cc2ncnc(NC3=CC(=O)C(OCc4ccc(F)c(F)c4)=CC3=O)c2cc1NC(=O)/C=C/CN(C)C,1,IC50,6.78,2,CHEMBL243628
CCOc1cc2ncnc(NC3=CC(=O)C(OCc4cccc(F)c4)=CC3=O)c2cc1NC(=O)/C=C/CN(C)C,1,IC50,8.39,2,CHEMBL428741
CCOc1cc2ncnc(NC3=CC(=O)C(OC(CF)CF)=CC3=O)c2cc1NC(=O)/C=C/CN(C)C,1,IC50,6.55,1,CHEMBL243410
COCCOc1cc2ncnc(NC3=CC(=O)C(OCc4cccc(OC)c4)=CC3=O)c2cc1OC,0,IC50 (>),5.0,1,CHEMBL242349
CN(C)C/C=C/C(=O)Nc1ccc2ncnc(Nc3ccc(Br)cc3F)c2c1,1,IC50,6.15,1,CHEMBL242131
Cc1ccn2ncnc(Nc3ccc4c(cnn4Cc4cccc(F)c4)c3)c12,1,IC50,7.09,2,CHEMBL427671
CC1CNCCN(Cc2ccn3ncnc(Nc4ccc5c(cnn5Cc5cccc(F)c5)c4)c23)C1,1,IC50,6.89,1,CHEMBL398793
COC1CNCCN(Cc2ccn3ncnc(Nc4ccc5c(cnn5Cc5cccc(F)c5)c4)c23)C1,1,IC50,6.72,1,CHEMBL392774
O=C1CNCCN(Cc2ccn3ncnc(Nc4ccc5c(cnn5Cc5cccc(F)c5)c4)c23)C1,1,IC50,6.11,1,CHEMBL234580
O[C@@H]1CNCCN(Cc2ccn3ncnc(Nc4ccc5c(cnn5Cc5cccc(F)c5)c4)c23)C1,1,IC50,6.7,1,CHEMBL393787
O[C@H]1CNCCN(Cc2ccn3ncnc(Nc4ccc5c(cnn5Cc5cccc(F)c5)c4)c23)C1,1,IC50,7.58,1,CHEMBL233325
O=C1CCN(Cc2ccn3ncnc(Nc4ccc5c(cnn5Cc5cccc(F)c5)c4)c23)CCN1,1,IC50,6.62,1,CHEMBL233324
CS(=O)(=O)N1CCCN(Cc2ccn3ncnc(Nc4ccc5c(cnn5Cc5cccc(F)c5)c4)c23)CC1,1,IC50,6.68,1,CHEMBL400413
CN1CCCN(Cc2ccn3ncnc(Nc4ccc5c(cnn5Cc5cccc(F)c5)c4)c23)CC1,1,IC50,6.89,1,CHEMBL234577
Fc1cccc(Cn2ncc3cc(Nc4ncnn5ccc(CN6CCCNCC6)c45)ccc32)c1,1,IC50,7.48,2,CHEMBL392273
CC(=O)N1CCN(Cc2ccn3ncnc(Nc4ccc5c(cnn5Cc5cccc(F)c5)c4)c23)CC1,1,IC50,6.15,1,CHEMBL231885
O=C1CN(Cc2ccn3ncnc(Nc4ccc5c(cnn5Cc5cccc(F)c5)c4)c23)CCN1,1,IC50,6.46,1,CHEMBL265629
CN1CCN(Cc2ccn3ncnc(Nc4ccc5c(cnn5Cc5cccc(F)c5)c4)c23)CC1,1,IC50,6.77,1,CHEMBL232082
Fc1cccc(Cn2ncc3cc(Nc4ncnn5ccc(CN6CCNCC6)c45)ccc32)c1,1,IC50,7.05,1,CHEMBL231875
NC(=O)C1CCN(Cc2ccn3ncnc(Nc4ccc5c(cnn5Cc5cccc(F)c5)c4)c23)CC1,1,IC50,6.85,1,CHEMBL398388
COC(=O)C1CCN(Cc2ccn3ncnc(Nc4ccc5c(cnn5Cc5cccc(F)c5)c4)c23)CC1,1,IC50,6.0,1,CHEMBL231663
O=C(O)C1CCN(Cc2ccn3ncnc(Nc4ccc5c(cnn5Cc5cccc(F)c5)c4)c23)CC1,1,IC50,6.66,1,CHEMBL234772
OC1CCN(Cc2ccn3ncnc(Nc4ccc5c(cnn5Cc5cccc(F)c5)c4)c23)CC1,1,IC50,7.17,1,CHEMBL401443
Fc1cccc(Cn2ncc3cc(Nc4ncnn5ccc(CN6CCCC6)c45)ccc32)c1,1,IC50,6.3,1,CHEMBL391675
CN(CCO)Cc1ccn2ncnc(Nc3ccc4c(cnn4Cc4cccc(F)c4)c3)c12,1,IC50,6.96,1,CHEMBL391521
OCCNCc1ccn2ncnc(Nc3ccc4c(cnn4Cc4cccc(F)c4)c3)c12,1,IC50,7.35,1,CHEMBL391321
N#Cc1c(NC(=O)c2cccc3ccccc23)sc2c1CCCC2,0,IC50 (>),5.0,1,CHEMBL233001
N#Cc1c(NC(=O)c2cccc3ccccc23)sc2c1CCCN2C(=O)C1CC1,0,IC50 (>),5.0,1,CHEMBL232601
N#Cc1cnc2cnc(NCc3cccnc3)cc2c1NC1CCCCCC1,0,IC50 (>),4.7,1,CHEMBL236384
CC(C)(C)Nc1c(C#N)cnc2cnc(NCc3cccnc3)cc12,0,IC50 (>),4.4,1,CHEMBL236383
N#Cc1cnc2cnc(NCc3cccnc3)cc2c1NC1CC1,0,IC50 (>),4.4,1,CHEMBL446633
N#Cc1cnc2cnc(NCc3cccnc3)cc2c1NC1CCCC1,0,IC50 (>),4.4,1,CHEMBL238323
N#Cc1cnc2cnc(NCc3cccnc3)cc2c1NC1CCCCC1,0,IC50 (>),4.4,1,CHEMBL393707
CCC(C)(C)Nc1c(C#N)cnc2cnc(NCc3cccnc3)cc12,0,IC50 (>),4.4,1,CHEMBL238273
CC(C)NCc1ccc(Nc2cc(-c3ccc(-c4ccc(O)cc4O)cc3)[nH]n2)cc1,0,IC50 (>),4.52,1,CHEMBL398606
COc1cc(Nc2c(C#N)cnc3cc(C#CCCN4CCN(C)CC4)c(OC)cc23)c(Cl)cc1Cl,1,IC50,6.14,1,CHEMBL391738
Cc1ccn2ncnc(Nc3ccc4c(cnn4Cc4ccccn4)c3)c12,1,IC50,6.7,1,CHEMBL394462
Cc1ccn2ncnc(Nc3ccc4c(cnn4Cc4ccccc4)c3)c12,1,IC50,7.07,1,CHEMBL429827
Cc1ccn2ncnc(Nc3ccc(OCc4cccc(F)c4)c(Cl)c3)c12,1,IC50,6.6,1,CHEMBL247101
Cc1ccn2ncnc(Nc3ccc4[nH]ncc4c3)c12,1,IC50,6.68,1,CHEMBL247100
OCc1ccn2ncnc(Nc3ccc4c(cnn4Cc4cccc(F)c4)c3)c12,1,IC50,6.92,1,CHEMBL246276
Fc1cccc(Cn2ncc3cc(Nc4ncnn5ccc(COCC6CNCCOC6)c45)ccc32)c1,1,IC50,6.68,1,CHEMBL395591
Fc1cccc(Cn2ncc3cc(Nc4ncnn5ccc(COC[C@@H]6COCCN6)c45)ccc32)c1,1,IC50,6.19,1,CHEMBL246492
Fc1cccc(Cn2ncc3cc(Nc4ncnn5ccc(COC[C@H]6CNCCO6)c45)ccc32)c1,1,IC50,7.08,1,CHEMBL428046
Fc1cccc(Cn2ncc3cc(Nc4ncnn5ccc(COC[C@@H]6CNCCO6)c45)ccc32)c1,1,IC50,7.21,3,CHEMBL246284
Fc1cccc(Cn2ncc3cc(Nc4ncnn5ccc(COC[C@H]6CCCNC6)c45)ccc32)c1,1,IC50,6.72,1,CHEMBL246073
Fc1cccc(Cn2ncc3cc(Nc4ncnn5ccc(COCC6CCNCC6)c45)ccc32)c1,1,IC50,6.89,1,CHEMBL246072
Fc1cccc(Cn2ncc3cc(Nc4ncnn5ccc(COC6CCNCC6)c45)ccc32)c1,1,IC50,7.14,1,CHEMBL245869
CN(C)CCCOCc1ccn2ncnc(Nc3ccc4c(cnn4Cc4cccc(F)c4)c3)c12,1,IC50,6.21,1,CHEMBL245868
NCCCCOCc1ccn2ncnc(Nc3ccc4c(cnn4Cc4cccc(F)c4)c3)c12,1,IC50,6.8,1,CHEMBL245867
NCCCOCc1ccn2ncnc(Nc3ccc4c(cnn4Cc4cccc(F)c4)c3)c12,1,IC50,7.19,1,CHEMBL245667
NCCOCc1ccn2ncnc(Nc3ccc4c(cnn4Cc4cccc(F)c4)c3)c12,1,IC50,7.05,1,CHEMBL394333
NC(=O)COCc1ccn2ncnc(Nc3ccc4c(cnn4Cc4cccc(F)c4)c3)c12,1,IC50,6.85,1,CHEMBL246694
COC(=O)COCc1ccn2ncnc(Nc3ccc4c(cnn4Cc4cccc(F)c4)c3)c12,1,IC50,6.34,1,CHEMBL246491
O=C(O)COCc1ccn2ncnc(Nc3ccc4c(cnn4Cc4cccc(F)c4)c3)c12,1,IC50,7.52,1,CHEMBL394057
COCCOCc1ccn2ncnc(Nc3ccc4c(cnn4Cc4cccc(F)c4)c3)c12,1,IC50,6.31,1,CHEMBL246489
COCc1ccn2ncnc(Nc3ccc4c(cnn4Cc4cccc(F)c4)c3)c12,1,IC50,6.47,1,CHEMBL394056
Fc1cccc(COc2ccc(Nc3ncnn4ccc(COC[C@@H]5CNCCO5)c34)cc2Cl)c1,1,IC50,6.25,2,CHEMBL246493
C[C@@H](c1cccc(F)c1)n1ncc2cc(Nc3ncnn4ccc(COC[C@@H]5CNCCO5)c34)ccc21,1,IC50,6.4,1,CHEMBL397122
C[C@H](c1cccc(F)c1)n1ncc2cc(Nc3ncnn4ccc(COC[C@@H]5CNCCO5)c34)ccc21,1,IC50,7.17,1,CHEMBL245278
C[C@@H](c1ccccc1)n1ncc2cc(Nc3ncnn4ccc(COC[C@@H]5CNCCO5)c34)ccc21,1,IC50,6.16,1,CHEMBL245277
C[C@H](c1ccccc1)n1ncc2cc(Nc3ncnn4ccc(COC[C@@H]5CNCCO5)c34)ccc21,1,IC50,6.92,1,CHEMBL394495
c1cncc(Cn2ncc3cc(Nc4ncnn5ccc(COC[C@@H]6CNCCO6)c45)ccc32)c1,1,IC50,6.09,1,CHEMBL247127
c1ccc(Cn2ncc3cc(Nc4ncnn5ccc(COC[C@@H]6CNCCO6)c45)ccc32)nc1,1,IC50,6.3,1,CHEMBL396079
COc1cn2ncnc(Nc3ccc4c(cnn4Cc4cccc(F)c4)c3)c2c1COC[C@@H]1CNCCO1,1,IC50,6.37,2,CHEMBL395883
c1ccc(-c2c(-c3ccc(OCCN4CCCC4)cc3)oc3ncnc(NCCN4CCNCC4)c23)cc1,1,IC50,6.4,1,CHEMBL247468
CNc1ncnc(-c2cccnc2Oc2cc(NC(=O)c3cccc(OC(F)(F)C(F)F)c3)ccc2C)n1,0,IC50,4.6,1,CHEMBL246356
NC1CCN(Cc2ccn3ncnc(Nc4ccc(OCc5cccc[n+]5[O-])c(Cl)c4)c23)CC1,1,IC50,7.16,1,CHEMBL248322
NC1CCN(Cc2ccn3ncnc(Nc4ccc(OCc5cnccn5)c(Cl)c4)c23)CC1,1,IC50,7.5,1,CHEMBL248321
NC1CCN(Cc2ccn3ncnc(Nc4ccc(OCc5ccccn5)c(Cl)c4)c23)CC1,1,IC50,7.44,1,CHEMBL248116
Cc1cncc(COc2ccc(Nc3ncnn4ccc(CN5CCC(N)CC5)c34)cc2Cl)c1,1,IC50,7.07,1,CHEMBL248115
NC1CCN(Cc2ccn3ncnc(Nc4ccc(OCc5cccnc5)c(Cl)c4)c23)CC1,1,IC50,6.82,1,CHEMBL391387
Cc1cncc(Cn2ncc3cc(Nc4ncnn5ccc(CN6CCC(N)CC6)c45)ccc32)c1,1,IC50,7.72,1,CHEMBL248114
NC1CCN(Cc2ccn3ncnc(Nc4ccc5c(cnn5Cc5ccncc5)c4)c23)CC1,1,IC50,6.28,1,CHEMBL247916
NC1CCN(Cc2ccn3ncnc(Nc4ccc5c(cnn5Cc5cccnc5)c4)c23)CC1,1,IC50,6.72,1,CHEMBL247915
NC1CCN(Cc2ccn3ncnc(Nc4ccc5c(cnn5Cc5ccccn5)c4)c23)CC1,1,IC50,7.33,1,CHEMBL247914
COc1cn2ncnc(Nc3ccc4c(cnn4Cc4cccc(F)c4)c3)c2c1CN1CCC(N)CC1,1,IC50,7.4,1,CHEMBL391181
COc1cn2ncnc(Nc3ccc4c(cnn4Cc4cccc(F)c4)c3)c2c1CN1CCCNCC1,1,IC50,6.72,1,CHEMBL247711
NC1CCN(Cc2ccn3ncnc(Nc4ccc(OCc5cccc(F)c5)c(Cl)c4)c23)CC1,1,IC50,7.42,1,CHEMBL247710
Fc1cccc(COc2ccc(Nc3ncnn4ccc(CN5CCCNCC5)c34)cc2Cl)c1,1,IC50,7.32,1,CHEMBL247709
CC1(N)CCN(Cc2ccn3ncnc(Nc4ccc5c(cnn5Cc5cccc(F)c5)c4)c23)CC1,1,IC50,7.3,1,CHEMBL393264
O=C(CO)NC1CCN(Cc2ccn3ncnc(Nc4ccc5c(cnn5Cc5cccc(F)c5)c4)c23)CC1,1,IC50,6.96,1,CHEMBL247513
CC(=O)NC1CCN(Cc2ccn3ncnc(Nc4ccc5c(cnn5Cc5cccc(F)c5)c4)c23)CC1,1,IC50,6.42,1,CHEMBL247512
CN(C)C1CCN(Cc2ccn3ncnc(Nc4ccc5c(cnn5Cc5cccc(F)c5)c4)c23)CC1,1,IC50,7.0,1,CHEMBL247309
CS(=O)(=O)CCNC1CCN(Cc2ccn3ncnc(Nc4ccc5c(cnn5Cc5cccc(F)c5)c4)c23)CC1,1,IC50,6.7,1,CHEMBL246898
OCCNC1CCN(Cc2ccn3ncnc(Nc4ccc5c(cnn5Cc5cccc(F)c5)c4)c23)CC1,1,IC50,7.32,1,CHEMBL247104
CNC1CCN(Cc2ccn3ncnc(Nc4ccc5c(cnn5Cc5cccc(F)c5)c4)c23)CC1,1,IC50,7.2,1,CHEMBL391779
NCC1CCN(Cc2ccn3ncnc(Nc4ccc5c(cnn5Cc5cccc(F)c5)c4)c23)CC1,1,IC50,7.46,1,CHEMBL391778
N[C@H]1CCN(Cc2ccn3ncnc(Nc4ccc5c(cnn5Cc5cccc(F)c5)c4)c23)C1,1,IC50,7.3,1,CHEMBL246687
N[C@@H]1CCN(Cc2ccn3ncnc(Nc4ccc5c(cnn5Cc5cccc(F)c5)c4)c23)C1,1,IC50,7.22,1,CHEMBL393848
Fc1cccc(Cn2ncc3cc(Nc4ncnn5ccc(CNC6CCNCC6)c45)ccc32)c1,1,IC50,6.96,1,CHEMBL392664
NC1CCN(Cc2ccn3ncnc(Nc4ccc5c(cnn5Cc5cccc(F)c5)c4)c23)CC1,1,IC50,7.46,2,CHEMBL248108
COc1cc2ncc(C#N)c(N[C@@H]3C[C@H]3c3ccccc3)c2cc1OC,1,IC50,7.05,2,CHEMBL248044
N#Cc1cnc2cc(-c3ccc(CN4CCOCC4)cc3)ccc2c1N[C@@H]1C[C@H]1c1ccccc1,1,IC50,6.63,2,CHEMBL399438
COc1cc2c(N[C@@H]3C[C@H]3c3ccccc3)c(C#N)cnc2cc1OC1CCN(C)CC1,1,IC50,6.44,2,CHEMBL245798
COc1cc2c(N[C@@H]3C[C@H]3c3ccccc3)c(C#N)cnc2cc1OCCCN1CCN(C)CC1,1,IC50,8.24,2,CHEMBL248393
COc1cc2c(N[C@@H]3C[C@H]3c3ccccc3)c(C#N)cnc2cc1OCCCN1CCOCC1,1,IC50,8.3,3,CHEMBL248392
COCCOc1cc2ncc(C#N)c(N[C@@H]3C[C@H]3c3ccccc3)c2cc1OC,1,IC50,7.28,2,CHEMBL401251
COc1cc2c(N[C@@H]3C[C@H]3c3ccccc3)c(C#N)cnc2cc1OCCCc1cccnc1,1,IC50,6.76,2,CHEMBL248391
COc1cc2ncc(C#N)c(N[C@@H]3C[C@H]3c3ccccc3)c2cc1OCCCc1cccnc1,1,IC50,7.17,2,CHEMBL248222
COc1cc2ncc(C#N)c(N[C@@H]3C[C@H]3c3ccccc3)c2cc1OCCN1CCOCC1,1,IC50,6.39,2,CHEMBL401054
CCOc1cc2ncnc(C#C[C@](C)(Cc3ccccc3)N3CCC(C(=O)O)CC3)c2cc1OCC,1,IC50,6.18,1,CHEMBL251315
CCOc1cc2ncnc(C#C[C@@](C)(Cc3ccccc3)N3CCC(C(=O)O)CC3)c2cc1OCC,1,IC50,8.38,1,CHEMBL399373
CCOc1cc2ncnc(C#CC(C)(Cc3ccccc3)N3CCC(C(=O)O)CC3)c2cc1OCC,1,IC50,7.93,1,CHEMBL251314
CCOc1cc2ncnc(C#Cc3c[nH]nc3-c3ccc(F)cc3)c2cc1OCC,1,IC50,8.74,1,CHEMBL251125
CCOc1cc2ncnc(C#Cc3nccn3-c3ccccc3)c2cc1OCC,1,IC50,7.92,1,CHEMBL399372
CCOc1cc2ncnc(C#Cc3[nH]ccc3-c3ccccc3)c2cc1OCC,1,IC50,8.0,1,CHEMBL251124
CCOc1cc2ncnc(/C=C/CCCc3ccccc3)c2cc1OCC,1,IC50,6.85,1,CHEMBL251123
CCOc1cc2ncnc(/C=C/CCc3ccccc3)c2cc1OCC,1,IC50,8.3,1,CHEMBL399371
CCOc1cc2ncnc(/C=C/c3ccccc3)c2cc1OCC,1,IC50,7.82,1,CHEMBL250925
COc1cc2ncnc(C#Cc3ccccc3-c3ccccc3)c2cc1OC,1,IC50,7.58,1,CHEMBL250924
COc1cc2ncnc(/C=C/CCc3ccccc3)c2cc1OC,1,IC50,8.4,1,CHEMBL250923
CCN(CC)[C@@](C)(CCc1ncnc2cc(OC)c(OC)cc12)Cc1ccccc1,1,IC50,6.89,1,CHEMBL3085381
CCN(CC)[C@@](C)(C#Cc1ncnc2cc(OC)c(OC)cc12)Cc1ccncc1,1,IC50,6.7,1,CHEMBL3085379
CCN(CC)[C@@](C)(C#Cc1ncnc2cc(OC)c(OC)cc12)Cc1ccccc1,1,IC50,8.52,1,CHEMBL3085376
COc1cc2ncnc(C#C[C@@](C)(Cc3ccccc3)N3CCC(C(=O)O)CC3)c2cc1OC,1,IC50,7.48,1,CHEMBL3085375
COc1cc2ncnc(C#C[C@](C)(O)Cc3ccccc3)c2cc1OC,1,IC50,8.05,1,CHEMBL3085374
COc1cc2ncnc(C#CC(C)(C)N(C)c3ccccc3)c2cc1OC,1,IC50,7.1,1,CHEMBL250524
COc1cc2ncnc(C#CC(C)(C)Cc3ccccc3)c2cc1OC,1,IC50,7.89,1,CHEMBL399953
COc1cc2ncnc(C#CCOc3ccccc3)c2cc1OC,1,IC50,7.82,1,CHEMBL250523
COc1cc2ncnc(C#CCCc3ccccc3)c2cc1OC,1,IC50,7.85,2,CHEMBL250318
O=C(CO)N1CCC[C@@H]1COc1cccc2ncnc(Nc3ccc(OCc4ccccn4)c(Cl)c3)c12,1,IC50,7.01,1,CHEMBL249927
C[C@@H](CN(C)C(=O)CO)Oc1cccc2ncnc(Nc3ccc(OCc4ccccn4)c(Cl)c3)c12,1,IC50,6.72,1,CHEMBL413987
C[C@H](CN(C)C(=O)CO)Oc1cccc2ncnc(Nc3ccc(OCc4ccccn4)c(Cl)c3)c12,1,IC50,8.7,1,CHEMBL250132
C[C@H](COc1cccc2ncnc(Nc3ccc(OCc4ccccn4)c(Cl)c3)c12)N(C)C(=O)CO,1,IC50,8.52,1,CHEMBL250130
CN(CCOc1cccc2ncnc(Nc3ccc(OCc4ccccn4)c(Cl)c3)c12)C(=O)CO,1,IC50,7.46,1,CHEMBL249928
O=C(CO)N1CCC[C@H]1COc1cccc2ncnc(Nc3ccc(OCc4ccccn4)c(Cl)c3)c12,1,IC50,6.49,1,CHEMBL403569
COc1cc2ncnc(Nc3cccc(C#CC(C)(C)O)c3)c2cc1OC,1,IC50,6.69,1,CHEMBL248864
COc1cc2ncnc(Nc3cccc(C#CCCO)c3)c2cc1OC,1,IC50,6.4,1,CHEMBL248674
COc1cc2ncnc(Nc3cccc(C#Cc4ccccc4)c3)c2cc1OC,1,IC50,6.04,1,CHEMBL399735
C#Cc1cccc(Nc2ncnc3cc(OC)c(OC)cc23)c1,1,IC50,7.54,3,CHEMBL304929
Fc1ccc(Nc2ncnc3ccc(C#CCN4CCCCC4)cc23)cc1Cl,1,IC50,7.05,1,CHEMBL251700
Fc1ccc(Nc2ncnc3ccc(C#CCN4CCOCC4)cc23)cc1Cl,1,IC50,7.3,1,CHEMBL251498
CC(C)(O)C#Cc1ccc2ncnc(Nc3ccc(F)c(Cl)c3)c2c1,1,IC50,6.82,1,CHEMBL251497
CC(O)C#Cc1ccc2ncnc(Nc3ccc(F)c(Cl)c3)c2c1,1,IC50,7.03,1,CHEMBL399928
OCCCC#Cc1ccc2ncnc(Nc3ccc(F)c(Cl)c3)c2c1,1,IC50,6.94,1,CHEMBL251291
OCCC#Cc1ccc2ncnc(Nc3ccc(F)c(Cl)c3)c2c1,1,IC50,6.73,1,CHEMBL249921
OCC#Cc1ccc2ncnc(Nc3ccc(F)c(Cl)c3)c2c1,1,IC50,7.85,1,CHEMBL249919
Fc1ccc(Nc2ncnc3ccc(C#Cc4ccccc4)cc23)cc1Cl,1,IC50,6.48,1,CHEMBL249511
C#Cc1ccc2ncnc(Nc3ccc(F)c(Cl)c3)c2c1,1,IC50,6.9,1,CHEMBL249509
CCN(CC)CCOc1ccc(Nc2cc(NC(=O)Nc3c(Cl)cccc3Cl)ncn2)cc1,1,IC50,6.42,1,CHEMBL253292
C[C@@H](Oc1cccc2ncnc(Nc3ccc4c(cnn4Cc4ccccn4)c3)c12)C(=O)N(C)C,1,IC50,6.75,1,CHEMBL402011
C[C@@H](Oc1cccc2ncnc(Nc3ccc(OCc4ccccn4)c(Cl)c3)c12)C(=O)N(C)C,1,IC50,7.66,1,CHEMBL428777
CN1CCN(CCCOc2n[nH]c3ncnc(Nc4ccc(OCc5ccccn5)c(Cl)c4)c23)CC1,1,IC50,7.85,1,CHEMBL272935
OC1CCN(CCCOc2n[nH]c3ncnc(Nc4ccc(OCc5ccccn5)c(Cl)c4)c23)CC1,1,IC50,8.05,1,CHEMBL257860
Clc1cc(Nc2ncnc3[nH]nc(OCCCN4CCOCC4)c23)ccc1OCc1ccccn1,1,IC50,7.8,1,CHEMBL257859
OCCOc1n[nH]c2ncnc(Nc3ccc(OCc4ccccn4)c(Cl)c3)c12,1,IC50,7.8,1,CHEMBL257861
Clc1cc(Nc2ncnc3[nH]nc(OCCN4CCOCC4)c23)ccc1OCc1ccccn1,1,IC50,9.0,1,CHEMBL271705
COC1CCN(CCOc2n[nH]c3ncnc(Nc4ccc(OCc5ccccn5)c(Cl)c4)c23)CC1,1,IC50,7.55,1,CHEMBL411897
Clc1cc(Nc2ncnc3[nH]nc(OCCN4CCNCC4)c23)ccc1OCc1ccccn1,1,IC50,8.1,1,CHEMBL257430
Clc1cc(Nc2ncnc3[nH]nc(OCCN4CCCC4)c23)ccc1OCc1ccccn1,1,IC50,8.1,1,CHEMBL402553
CC(=O)N1CCN(CCOc2n[nH]c3ncnc(Nc4ccc(OCc5ccccn5)c(Cl)c4)c23)CC1,1,IC50,8.52,1,CHEMBL258270
CN1CCN(CCOc2n[nH]c3ncnc(Nc4ccc(OCc5ccccn5)c(Cl)c4)c23)CC1,1,IC50,8.3,1,CHEMBL258282
CNCCOc1n[nH]c2ncnc(Nc3ccc(OCc4ccccn4)c(Cl)c3)c12,1,IC50,7.77,1,CHEMBL255135
COc1cc(Nc2ncnc3[nH]nc(OCCN4CCC(O)CC4)c23)ccc1OCc1ccccn1,1,IC50,6.98,1,CHEMBL401713
COc1cc(Nc2ncnc3[nH]nc(OCCN4CCC(O)CC4)c23)ccc1OCc1cccc(F)c1,1,IC50,7.89,1,CHEMBL402339
Cc1ccc(Oc2ccc(Nc3ncnc4[nH]nc(OCCN5CCC(O)CC5)c34)cc2C)cn1,1,IC50,6.67,1,CHEMBL257872
Cc1cc(Nc2ncnc3[nH]nc(OCCN4CCC(O)CC4)c23)ccc1OCc1ccccn1,1,IC50,7.75,1,CHEMBL403435
Cc1ccc(Oc2ccc(Nc3ncnc4[nH]nc(OCCN5CCC(O)CC5)c34)cc2Cl)cn1,1,IC50,8.15,1,CHEMBL255170
OC1CCN(CCOc2n[nH]c3ncnc(Nc4ccc(OCc5ccccn5)c(Cl)c4)c23)CC1,1,IC50,7.89,1,CHEMBL404405
COC[C@H]1OC(=O)/C(=C/N(C)CCCN(C)C)C2=C(O)C(=O)C3=C([C@H](OC(C)=O)C[C@]4(C)[C@@H](O)CC[C@@H]34)[C@]21C,0,IC50 (>),5.0,1,CHEMBL410643
COC[C@H]1OC(=O)/C(=C/N(CCO)C(C)(C)C)C2=C(O)C(=O)C3=C([C@H](OC(C)=O)C[C@]4(C)[C@@H](O)CC[C@@H]34)[C@]21C,0,IC50 (>),5.0,1,CHEMBL271190
Cc1cccc(Nc2ncnc3ccncc23)c1NCCCn1ccnc1,1,IC50,8.45,1,CHEMBL271408
Cc1cccc(Nc2ncnc3ccncc23)c1NCCCN1CCN(C)CC1,1,IC50,8.25,1,CHEMBL410253
Cc1cccc(Nc2ncnc3ccncc23)c1NCCCN1CCOCC1,1,IC50,8.03,1,CHEMBL271410
Cc1cccc(Nc2ncnc3ccncc23)c1NCCCCN(C)C,1,IC50,8.26,1,CHEMBL271587
O=S(=O)(O)CCNc1c(Br)cccc1Nc1ncnc2ccncc12,1,IC50,8.85,1,CHEMBL270895
CN(CC(=O)O)c1c(Br)cccc1Nc1ncnc2ccncc12,1,IC50,7.79,1,CHEMBL271113
O=C(O)CCCNc1c(Br)cccc1Nc1ncnc2ccncc12,1,IC50,9.55,1,CHEMBL271122
O=C(O)CCNc1c(Br)cccc1Nc1ncnc2ccncc12,1,IC50,9.21,1,CHEMBL408399
O=C(O)CNc1c(Br)cccc1Nc1ncnc2ccncc12,1,IC50,8.82,1,CHEMBL405771
Brc1cccc(Nc2ncnc3ccncc23)c1NCCc1c[nH]cn1,1,IC50,9.04,1,CHEMBL272187
Brc1cccc(Nc2ncnc3ccncc23)c1NCCCn1ccnc1,1,IC50,9.29,1,CHEMBL272865
NNc1c(Br)cccc1Nc1ncnc2ccncc12,1,IC50,8.14,1,CHEMBL272634
OCCN(CCO)CCCNc1c(Br)cccc1Nc1ncnc2ccncc12,1,IC50,8.92,1,CHEMBL427832
OCCN(CCO)CCNc1c(Br)cccc1Nc1ncnc2ccncc12,1,IC50,8.03,1,CHEMBL271623
CN1CCN(CCCNc2c(Br)cccc2Nc2ncnc3ccncc23)CC1,1,IC50,8.3,1,CHEMBL271532
Brc1cccc(Nc2ncnc3ccncc23)c1NCCCCN1CCOCC1,1,IC50,8.26,1,CHEMBL272895
Brc1cccc(Nc2ncnc3ccncc23)c1NCCCN1CCOCC1,1,IC50,8.72,1,CHEMBL271334
Brc1cccc(Nc2ncnc3ccncc23)c1NCCN1CCOCC1,1,IC50,8.49,1,CHEMBL405398
CN(C)CCN(C)c1c(Br)cccc1Nc1ncnc2ccncc12,1,IC50,7.39,1,CHEMBL270966
CN(C)CCCCCNc1c(Br)cccc1Nc1ncnc2ccncc12,1,IC50,8.07,1,CHEMBL411243
CN(C)CCCCNc1c(Br)cccc1Nc1ncnc2ccncc12,1,IC50,8.13,1,CHEMBL270501
CN(C)CCCNc1c(Br)cccc1Nc1ncnc2ccncc12,1,IC50,8.05,1,CHEMBL408647
CN(C)CCNc1c(Br)cccc1Nc1ncnc2ccncc12,1,IC50,7.34,1,CHEMBL270713
OCCN(CCO)c1c(Br)cccc1Nc1ncnc2ccncc12,1,IC50,7.92,1,CHEMBL406004
OCN(CO)c1c(Br)cccc1Nc1ncnc2ccncc12,1,IC50,7.85,1,CHEMBL272477
CN(CC(O)CO)c1c(Br)cccc1Nc1ncnc2ccncc12,1,IC50,8.49,1,CHEMBL410635
OCC(O)CNc1c(Br)cccc1Nc1ncnc2ccncc12,1,IC50,9.03,1,CHEMBL270695
CN(CCO)c1c(Br)cccc1Nc1ncnc2ccncc12,1,IC50,8.58,1,CHEMBL408397
OCCNc1c(Br)cccc1Nc1ncnc2ccncc12,1,IC50,9.61,1,CHEMBL270696
Brc1cccc(Nc2ncnc3cnc(NCCn4ccnc4)nc23)c1,1,IC50,8.63,1,CHEMBL271328
Cc1cccc(Nc2ncnc3ccncc23)c1N,1,IC50,7.39,1,CHEMBL405772
Nc1c(O)cccc1Nc1ncnc2ccncc12,1,IC50,7.15,1,CHEMBL402452
Nc1c(Cl)cccc1Nc1ncnc2ccncc12,1,IC50,6.92,1,CHEMBL270975
Nc1c(F)cccc1Nc1ncnc2ccncc12,1,IC50,6.07,1,CHEMBL270924
COc1ccc(Nc2ncnc3ccncc23)c(N)c1,1,IC50,6.17,1,CHEMBL407591
COc1cccc(Nc2ncnc3ccncc23)c1N,1,IC50,6.88,1,CHEMBL441335
Nc1cc(Br)ccc1Nc1ncnc2ccncc12,1,IC50,7.59,1,CHEMBL271617
Nc1c(Br)cccc1Nc1ncnc2ccncc12,1,IC50,8.0,1,CHEMBL258598
Nc1ccccc1Nc1ncnc2cc(Br)ncc12,1,IC50,6.61,1,CHEMBL273116
Nc1c(Nc2ncnc3ccncc23)cccc1[N+](=O)[O-],1,IC50,7.39,1,CHEMBL441332
Nc1ccccc1Nc1ncnc2ccncc12,1,IC50,6.6,1,CHEMBL272258
COc1c(Br)cccc1Nc1ncnc2ccncc12,1,IC50,7.4,1,CHEMBL441333
Fc1c(Br)cccc1Nc1ncnc2ccncc12,1,IC50,7.88,1,CHEMBL269889
CC(=O)Nc1c(Br)cccc1Nc1ncnc2ccncc12,1,IC50,7.53,1,CHEMBL270921
O=C(O)/C=C/c1cc(CO)ccc1CO,1,IC50,6.11,1,CHEMBL407534
CN1CCC(Nc2ncc3ncnc(Nc4ccc(F)c(Cl)c4)c3n2)CC1,1,IC50,8.52,3,CHEMBL258940
CCn1cnc2c(N)nc(N(c3cccc(Cl)c3)[C@@H]3CCCC[C@@H]3N)nc21,0,IC50 (>),5.0,1,CHEMBL411901
O=C1Nc2ccccc2/C1=C/c1cc2c([nH]1)CCC(Br)C2,0,IC50,4.88,2,CHEMBL408565
COc1ccc2c(c1)/C(=C/c1cnc[nH]1)C(=O)N2,0,IC50 (>),5.0,1,CHEMBL258805
Cc1nnc(-c2cn3ncnc(Nc4cnc5[nH]ccc5c4)c3c2C(C)C)o1,1,IC50,6.82,1,CHEMBL258694
CS(=O)(=O)c1cccc(Nc2nccc(Nc3c(Cl)ccc4c3OCO4)n2)c1,0,IC50 (>),4.52,1,CHEMBL445162
CO/N=C/c1c(N)ncnc1Nc1ccc2c(cnn2Cc2cccc(F)c2)c1,1,IC50,8.1,2,CHEMBL255871
COCCO/N=C/c1c(N)ncnc1Nc1ccc2c(cnn2Cc2cccc(F)c2)c1,1,IC50,7.85,1,CHEMBL255237
COc1ccccc1CO/N=C/c1c(N)ncnc1Nc1ccc2c(cnn2Cc2cccc(F)c2)c1,1,IC50,7.33,1,CHEMBL255236
Nc1ncnc(Nc2ccc3c(cnn3Cc3cccc(F)c3)c2)c1/C=N/OCc1ccccc1,1,IC50,7.64,1,CHEMBL255438
CC(C)O/N=C/c1c(N)ncnc1Nc1ccc2c(cnn2Cc2cccc(F)c2)c1,1,IC50,7.85,1,CHEMBL402293
CC(C)CO/N=C/c1c(N)ncnc1Nc1ccc2c(cnn2Cc2cccc(F)c2)c1,1,IC50,7.5,1,CHEMBL430031
CCO/N=C/c1c(N)ncnc1Nc1ccc2c(cnn2Cc2cccc(F)c2)c1,1,IC50,8.3,1,CHEMBL402294
Nc1ncnc(Nc2ccc3c(cnn3Cc3cccc(F)c3)c2)c1/C=N/O,1,IC50,7.92,1,CHEMBL256295
CO/N=C/c1c(N)ncnc1Nc1ccc(OCc2cccc(F)c2)c(Cl)c1,1,IC50,7.92,1,CHEMBL256297
CO/N=C/c1c(N)ncnc1Nc1ccc(OCc2ccccc2)c(Cl)c1,1,IC50,7.8,1,CHEMBL257815
CO/N=C/c1c(N)ncnc1Nc1ccc2c(c1)CCN2Cc1cccc(F)c1,1,IC50,7.24,1,CHEMBL257814
CO/N=C/c1c(N)ncnc1Nc1ccc2[nH]c(Cc3cccc(F)c3)nc2c1,1,IC50,7.32,1,CHEMBL402316
CO/N=C/c1c(N)ncnc1Nc1ccc2c(ccn2Cc2cccc(F)c2)c1,1,IC50,7.89,1,CHEMBL257816
CO/N=C/c1c(N)ncnc1Nc1ccc2c(cnn2Cc2ccc(F)cc2)c1,1,IC50,6.98,1,CHEMBL256527
CO/N=C/c1c(N)ncnc1Nc1ccc(OCc2cc(F)cc(F)c2)c(Cl)c1,1,IC50,7.48,1,CHEMBL256529
CO/N=C/c1c(N)ncnc1Nc1ccc2c(cnn2Cc2cccc(OC)c2)c1,1,IC50,6.57,1,CHEMBL403357
CO/N=C/c1c(N)ncnc1Nc1ccc2c(cnn2Cc2cccc(C#N)c2)c1,1,IC50,7.7,1,CHEMBL255865
CO/N=C/c1c(N)ncnc1Nc1ccc2c(cnn2Cc2cccc(Cl)c2)c1,1,IC50,7.64,1,CHEMBL255656
CO/N=C/c1c(N)ncnc1Nc1ccc2c(cnn2Cc2ccccc2)c1,1,IC50,7.36,1,CHEMBL402113
CO/N=C/c1c(N)ncnc1Nc1ccc2[nH]ncc2c1,1,IC50,6.51,1,CHEMBL255866
CO/N=C/c1c(N)ncnc1Nc1cccc(Br)c1,1,IC50,7.62,1,CHEMBL402149
CO/N=C/c1c(N)ncnc1Nc1ccc(F)c(Cl)c1,1,IC50,7.16,1,CHEMBL255490
CCC(C)[C@@H]1[C@@](C)(C(=O)/C=C/OC)[C@H]2[C@H](C)C[C@@](C)(O)C[C@]2(O)C(=O)[C@@]1(C)O,0,IC50,4.98,1,CHEMBL498247
CO[C@H](C)c1c(O)cc2c(c1O)C(=O)c1c(cc(O)c(O)c1O)C2=O,0,IC50,4.39,1,CHEMBL498249
CO[C@H](C)c1c(O)cc2c(c1O)C(=O)c1c(O)cc(O)cc1C2=O,0,IC50,4.56,1,CHEMBL498248
C[C@@H](O)c1c(O)cc2c(c1O)C(=O)c1c(O)cc(O)cc1C2=O,0,IC50,4.43,1,CHEMBL524820
CCC(C)[C@@H]1[C@@](C)(C(=O)/C=C/N(c2ccccc2)c2ccc3ccccc3c2)[C@H]2[C@H](C)C[C@@](C)(O)C[C@]2(O)C(=O)[C@@]1(C)O,0,IC50 (>),4.0,1,CHEMBL443169
N#Cc1cnc2c(Cl)cc(NCc3cnc[nH]3)cc2c1Nc1ccc(F)c(Cl)c1,0,IC50 (>),4.4,1,CHEMBL436817
CCC(=O)Nc1ccc2ncnc(Nc3cccc(Br)c3)c2c1,1,IC50,10.0,5,CHEMBL188762
CCOc1cc(/C=C(\C#N)C(N)=O)cc(CSc2ccccc2)c1O,1,IC50,6.4,1,CHEMBL485070
CCOc1cc(/C=C2/CCNC2=O)cc(CSc2ccccc2)c1O,1,IC50,6.05,1,CHEMBL490780
CSCc1cc(/C=C2\C(=O)Nc3ccccc32)cc(CSC)c1O,1,IC50,6.4,1,CHEMBL522116
CC(C)C[C@H](NC(=O)[C@H](CCCNC(=N)N)NC(=O)[C@@H](N)CCCNC(=N)N)C(=O)N[C@@H](CCC(=O)O)C(=O)N[C@@H](CCC(=O)O)C(=O)N[C@@H](CCC(=O)O)C(=O)N[C@@H](CCC(=O)O)C(=O)N[C@@H](CCC(=O)O)C(=O)N[C@@H](C)C(=O)N[C@@H](Cc1c(F)c(F)c(O)c(F)c1F)C(=O)NCC(=O)O,0,Ki,4.7,1,CHEMBL2372245
CCOC(=O)C(=O)Oc1ccc(-c2c(C(=O)OCC)oc3cc(O)cc(O)c3c2=O)cc1,1,IC50,6.0,1,CHEMBL1202061
N#C/C(=C\c1cc(-c2ccccc2)c(O)c(-c2ccccc2)c1)C(N)=O,1,IC50,6.4,1,CHEMBL490768
CC(C)c1cc(/C=C(\C#N)C(N)=O)cc(C(C)C)c1O,1,IC50,6.0,1,CHEMBL504173
CC(C)(C)c1cc(/C=C(\C#N)C(N)=O)cc(C(C)(C)C)c1O,0,IC50,4.3,1,CHEMBL490570
N#C/C(=C/c1cc(Cc2ccccc2)c(O)c(Cc2ccccc2)c1)C(N)=O,1,IC50,6.22,1,CHEMBL538909
N#C/C(=C\c1cc(CSc2ccccc2)c(O)c(OCc2ccccc2)c1)C(N)=O,1,IC50,6.1,1,CHEMBL490569
CCOc1cc(/C=C(\C#N)C(N)=O)cc(CSc2ccc(C)cc2)c1O,0,IC50,4.7,1,CHEMBL520839
CC(C)(C)OC(=O)NCCNC(=O)c1ccc(S(=O)(=O)Oc2ccc(/C=C/[N+](=O)[O-])cc2)cc1,1,IC50,6.0,1,CHEMBL418906
CC(C)NC(=O)c1ccc(S(=O)(=O)Oc2ccc(/C=C/[N+](=O)[O-])cc2)cc1,1,IC50,6.0,1,CHEMBL490987
N#C/C(=C/c1ccc(O)c(O)c1)C(=O)NCCCCc1ccccc1,1,IC50,7.0,1,CHEMBL490577
COc1cc(/C=C(\C#N)C(N)=C(C#N)C#N)cc(O)c1O,1,IC50,6.0,1,CHEMBL80745
C[C@H](NC(=O)c1ccc(S(=O)(=O)Oc2ccc(/C=C/[N+](=O)[O-])cc2)cc1)C(=O)N[C@@H](C)C(=O)NCCN,0,IC50,4.7,1,CHEMBL488101
N#C/C(=C\c1cc(O)ccc1O)C(=O)O,0,IC50,4.7,1,CHEMBL501368
C[C@H](NC(=O)c1ccc(S(=O)(=O)Oc2ccc(/C=C/[N+](=O)[O-])cc2)cc1)C(=O)N[C@@H](C)C(=O)OC(C)(C)C,0,IC50,4.4,1,CHEMBL483234
C[C@H](NC(=O)c1ccc(S(=O)(=O)Oc2ccc(/C=C/[N+](=O)[O-])cc2)cc1)C(=O)N[C@@H](C)C(=O)NCCNC(=O)OC(C)(C)C,0,IC50 (>),4.3,1,CHEMBL444470
CCN(CC)CCCCNc1ncc2cc(-c3cc(OC)cc(OC)c3)c(NC(=O)NC(C)(C)C)nc2n1,0,IC50 (>),4.3,2,CHEMBL189584
O=C(/C=C/c1ccc(O)c(O)c1)c1ccc(O)cc1O,0,IC50,4.8,1,CHEMBL128000
Nc1ncnc(Nc2ccc(OCc3ccccc3)c(Cl)c2)c1C=O,1,IC50,7.12,1,CHEMBL461311
Nc1ncnc(Nc2ccc(OCc3ccccc3)c(Cl)c2)c1-c1nnc(CCN2CCOCC2)o1,1,IC50,7.52,1,CHEMBL472545
Nc1ncnc(Nc2ccc(OCc3ccccc3)c(Cl)c2)c1C(=O)NNC(=O)CCN1CCOCC1,1,IC50,6.21,1,CHEMBL472544
NNC(=O)c1c(N)ncnc1Nc1ccc(OCc2ccccc2)c(Cl)c1,1,IC50,6.34,1,CHEMBL511478
N#Cc1c(N)ncnc1Nc1ccc(OCc2ccccc2)c(Cl)c1,1,IC50,7.57,1,CHEMBL500591
Nc1ncnc(Nc2ccc(OCc3ccccc3)c(Cl)c2)c1C(=O)Nc1ccccc1,1,IC50,7.12,1,CHEMBL461114
Nc1ncnc(Nc2ccc(OCc3ccccc3)c(Cl)c2)c1C(=O)OCCN1CCOCC1,1,IC50,6.82,1,CHEMBL461113
COC(=O)c1c(N)ncnc1Nc1ccc(OCc2ccccc2)c(Cl)c1,1,IC50,7.27,1,CHEMBL516487
Nc1ncnc(Nc2ccc(OCc3ccccc3)c(Cl)c2)c1C(=O)O,1,IC50,7.39,1,CHEMBL512391
NC(=O)O[C@H]1CN[C@H](C#Cc2cc3ncnc(Nc4ccc(OCc5cccc(F)c5)c(Cl)c4)c3s2)C1,1,IC50,7.4,1,CHEMBL461426
CNC(=O)O[C@H]1CN[C@H](C#Cc2cc3ncnc(Nc4ccc(OCc5cccc(F)c5)c(Cl)c4)c3s2)C1,1,IC50,7.3,2,CHEMBL466586
CCNC(=O)O[C@H]1CN[C@H](C#Cc2cc3ncnc(Nc4ccc(OCc5cccc(F)c5)c(Cl)c4)c3s2)C1,1,IC50,7.5,2,CHEMBL512076
CN(C)C(=O)O[C@H]1CN[C@H](C#Cc2cc3ncnc(Nc4ccc(OCc5cccc(F)c5)c(Cl)c4)c3s2)C1,1,IC50,7.55,2,CHEMBL517123
CCN(C)C(=O)O[C@H]1CN[C@H](C#Cc2cc3ncnc(Nc4ccc(OCc5cccc(F)c5)c(Cl)c4)c3s2)C1,1,IC50,7.3,1,CHEMBL517585
O=C(O[C@H]1CN[C@H](C#Cc2cc3ncnc(Nc4ccc(OCc5cccc(F)c5)c(Cl)c4)c3s2)C1)N1CCOCC1,1,IC50,7.19,3,CHEMBL507329
O=C(O[C@H]1CN[C@H](C#Cc2cc3ncnc(Nc4ccc(OCc5cccc(F)c5)c(Cl)c4)c3s2)C1)N1CCNCC1,1,IC50,7.2,1,CHEMBL499534
CS(=O)(=O)CCNC(=O)O[C@H]1CN[C@H](C#Cc2cc3ncnc(Nc4ccc(OCc5cccc(F)c5)c(Cl)c4)c3s2)C1,1,IC50,7.4,1,CHEMBL504034
CCNC(=O)O[C@@H]1CN[C@@H](C#Cc2cc3ncnc(Nc4ccc(OCc5cccc(F)c5)c(Cl)c4)c3s2)C1,1,IC50,7.3,1,CHEMBL461869
CN(C)C(=O)O[C@@H]1CN[C@@H](C#Cc2cc3ncnc(Nc4ccc(OCc5cccc(F)c5)c(Cl)c4)c3s2)C1,1,IC50,7.4,1,CHEMBL466412
O=C(O[C@@H]1CN[C@@H](C#Cc2cc3ncnc(Nc4ccc(OCc5cccc(F)c5)c(Cl)c4)c3s2)C1)N1CCOCC1,1,IC50,7.4,1,CHEMBL450109
CCNC(=O)O[C@@H]1CN[C@H](C#Cc2cc3ncnc(Nc4ccc(OCc5cccc(F)c5)c(Cl)c4)c3s2)C1,1,IC50,6.9,1,CHEMBL466614
CN(C)C(=O)O[C@@H]1CN[C@H](C#Cc2cc3ncnc(Nc4ccc(OCc5cccc(F)c5)c(Cl)c4)c3s2)C1,1,IC50,7.1,1,CHEMBL466615
O=C(O[C@@H]1CN[C@H](C#Cc2cc3ncnc(Nc4ccc(OCc5cccc(F)c5)c(Cl)c4)c3s2)C1)N1CCOCC1,1,IC50,7.1,1,CHEMBL447365
CCNC(=O)O[C@H]1CN[C@@H](C#Cc2cc3ncnc(Nc4ccc(OCc5cccc(F)c5)c(Cl)c4)c3s2)C1,1,IC50,7.5,1,CHEMBL466174
CN(C)C(=O)O[C@H]1CN[C@@H](C#Cc2cc3ncnc(Nc4ccc(OCc5cccc(F)c5)c(Cl)c4)c3s2)C1,1,IC50,7.1,1,CHEMBL466175
O=C(O[C@H]1CN[C@@H](C#Cc2cc3ncnc(Nc4ccc(OCc5cccc(F)c5)c(Cl)c4)c3s2)C1)N1CCOCC1,1,IC50,7.3,1,CHEMBL450396
CN(C)C/C=C/C(=O)Nc1cc2c(Nc3ccc(F)c(Cl)c3)ncnc2cc1O[C@H]1CCOC1,1,IC50,10.21,121,CHEMBL1173655;CHEMBL2105712
CCN(CC)C(=O)O[C@H]1CN[C@H](C#Cc2cc3ncnc(Nc4ccc(OCc5cccc(F)c5)c(Cl)c4)c3s2)C1,1,IC50,7.2,1,CHEMBL505626
O=C(O[C@H]1CN[C@H](C#Cc2cc3ncnc(Nc4ccc(OCc5cccc(F)c5)c(Cl)c4)c3s2)C1)N1CCCC1,1,IC50,7.0,1,CHEMBL451513
Cc1nnc(-c2ccc(-c3cc(NC(=O)c4ccc(CN5CCN(C)CC5)cc4)ccc3C)c(C)c2)o1,0,IC50 (>),4.6,1,CHEMBL497350
Cc1ccc(NC(=O)c2ccc(CN3CCN(C)CC3)cc2)cc1-c1ccc2ccncc2c1,1,IC50,6.16,1,CHEMBL521887
Cc1ccc(NC(=O)c2ccc(CN3CCN(C)CC3)cc2)cc1-c1ccc2c(N)noc2c1,0,IC50 (>),4.6,1,CHEMBL497353
Cc1ccc(NC(=O)c2ccc(CN3CCN(C)CC3)cc2)cc1-c1ccc(-c2csc(N)n2)cc1,0,IC50 (>),4.6,1,CHEMBL496129
Fc1cccc(COc2ccc(Nc3ncnc4cc(C#C[C@@H]5CCCN5)sc34)cc2Cl)c1,1,IC50,6.96,1,CHEMBL495979
Fc1cccc(COc2ccc(Nc3ncnc4cc(C#C[C@H]5CCCN5)sc34)cc2Cl)c1,1,IC50,8.15,2,CHEMBL496174
COCCN1CCC[C@@H]1C#Cc1cc2ncnc(Nc3ccc(OCc4cccc(F)c4)c(Cl)c3)c2s1,1,IC50,6.89,1,CHEMBL523573
CS(=O)(=O)N1CCC[C@@H]1C#Cc1cc2ncnc(Nc3ccc(OCc4cccc(F)c4)c(Cl)c3)c2s1,1,IC50,6.92,1,CHEMBL495733
CC(=O)N1CCC[C@@H]1C#Cc1cc2ncnc(Nc3ccc(OCc4cccc(F)c4)c(Cl)c3)c2s1,1,IC50,7.24,1,CHEMBL495734
COC(=O)N1CCC[C@@H]1C#Cc1cc2ncnc(Nc3ccc(OCc4cccc(F)c4)c(Cl)c3)c2s1,1,IC50,6.85,1,CHEMBL497803
O[C@H]1CN[C@H](C#Cc2cc3ncnc(Nc4ccc(OCc5cccc(F)c5)c(Cl)c4)c3s2)C1,1,IC50,7.85,1,CHEMBL497804
CCO[C@H]1CN[C@H](C#Cc2cc3ncnc(Nc4ccc(OCc5cccc(F)c5)c(Cl)c4)c3s2)C1,1,IC50,6.94,1,CHEMBL497184
CS(=O)(=O)O[C@H]1CN[C@H](C#Cc2cc3ncnc(Nc4ccc(OCc5cccc(F)c5)c(Cl)c4)c3s2)C1,1,IC50,7.09,1,CHEMBL500115
CCC(=O)O[C@H]1CN[C@H](C#Cc2cc3ncnc(Nc4ccc(OCc5cccc(F)c5)c(Cl)c4)c3s2)C1,1,IC50,7.2,1,CHEMBL500381
CCOC(=O)O[C@H]1CN[C@H](C#Cc2cc3ncnc(Nc4ccc(OCc5cccc(F)c5)c(Cl)c4)c3s2)C1,1,IC50,6.85,1,CHEMBL500640
CCOC(=O)N[C@H]1CN[C@H](C#Cc2cc3ncnc(Nc4ccc(OCc5cccc(F)c5)c(Cl)c4)c3s2)C1,1,IC50,7.22,1,CHEMBL525805
CCS(=O)(=O)N[C@H]1CN[C@H](C#Cc2cc3ncnc(Nc4ccc(OCc5cccc(F)c5)c(Cl)c4)c3s2)C1,1,IC50,7.3,1,CHEMBL501705
Cc1ccc(C(=O)Nc2cccc(N3CCOCC3)c2)cc1-c1ccc2c(C3CCNCC3)noc2c1,0,IC50 (>),4.6,1,CHEMBL485285
Cc1nnc(-c2ccc(-c3cc(C(=O)Nc4cccc(N5CCOCC5)c4)ccc3C)c(C)c2)o1,0,IC50 (>),4.6,1,CHEMBL523559
Cc1ccc(NC(=O)c2ccnc(N3CCCC3)c2)cc1-c1ccc2c(C3CCNCC3)noc2c1,0,IC50 (>),4.6,1,CHEMBL485286
Cc1nnc(-c2ccc(-c3cc(NC(=O)c4ccnc(N5CCCC5)c4)ccc3C)c(C)c2)o1,0,IC50 (>),4.6,1,CHEMBL495729
Cc1ccc(C(=O)NC2CC2)cc1-c1ccc2c(C3CCNCC3)noc2c1,0,IC50 (>),4.6,1,CHEMBL497563
Cc1nnc(-c2ccc(-c3cc(C(=O)NC4CC4)ccc3C)c(C)c2)o1,0,IC50 (>),4.6,1,CHEMBL522579
Cc1ccc(C(=O)NC2CC2)cc1-c1ccc2c(=O)n(CC3CC3)nnc2c1,0,IC50 (>),4.6,1,CHEMBL521734
Cc1ccc(C(=O)NC2CC2)cc1-c1ccc2ccncc2c1,0,IC50 (>),4.6,1,CHEMBL526639
Cc1ccc(C(=O)NC2CC2)cc1-c1ccc(C(=O)NCC2CC2)cc1,0,IC50 (>),4.6,1,CHEMBL478649
O=C(O[C@H]1CN[C@H](C#Cc2cc3ncnc(Nc4ccc(OCc5ccccn5)c(Cl)c4)c3s2)C1)N1CCOCC1,1,IC50,7.3,1,CHEMBL504117
O=C(O[C@H]1CN[C@H](C#Cc2cc3ncnc(Nc4ccc(OCc5cscn5)c(Cl)c4)c3s2)C1)N1CCOCC1,1,IC50,6.92,1,CHEMBL508760
Cc1cc(Oc2ccc(Nc3ncnc4cc(C#C[C@@H]5C[C@@H](OC(=O)N6CCOCC6)CN5)sc34)cc2Cl)no1,1,IC50,6.4,1,CHEMBL461811
O=C(O[C@H]1CN[C@H](C#Cc2cc3ncnc(Nc4ccc(Oc5ccnc6ccc(F)cc56)c(Cl)c4)c3s2)C1)N1CCOCC1,1,IC50,6.55,1,CHEMBL505463
O=C(O[C@H]1CN[C@H](C#Cc2cc3ncnc(NCc4cccc(Oc5ccccc5)c4)c3s2)C1)N1CCOCC1,1,IC50,6.75,1,CHEMBL455433
O=C(O[C@H]1CN[C@H](C#Cc2cc3ncnc(Nc4ccc(Cc5ccccc5)cc4)c3s2)C1)N1CCOCC1,1,IC50,6.62,1,CHEMBL455434
O=C(O[C@H]1CN[C@H](C#Cc2cc3ncnc(Nc4ccc(Sc5cccc(F)c5)c(Cl)c4)c3s2)C1)N1CCOCC1,1,IC50,6.2,1,CHEMBL501050
O=C(O[C@H]1CN[C@H](C#Cc2cc3ncnc(Nc4ccc5c(cnn5Cc5ccccc5)c4)c3s2)C1)N1CCOCC1,1,IC50,7.1,1,CHEMBL507821
O=C(O[C@H]1CN[C@H](C#Cc2cc3ncnc(Nc4ccc5c(cnn5Cc5cccc(F)c5)c4)c3s2)C1)N1CCOCC1,1,IC50,7.52,1,CHEMBL510845
O=C(O[C@H]1CN[C@H](C#Cc2cc3ncnc(Nc4ccc5c(cnn5Cc5cc(F)ccc5F)c4)c3s2)C1)N1CCOCC1,1,IC50,7.48,1,CHEMBL500072
CC(c1cccc(F)c1)n1ncc2cc(Nc3ncnc4cc(C#C[C@@H]5C[C@@H](OC(=O)N6CCOCC6)CN5)sc34)ccc21,1,IC50,6.92,1,CHEMBL503253
O=C(O[C@H]1CN[C@H](C#Cc2cc3ncnc(Nc4ccc5c(cnn5S(=O)(=O)c5cccc(F)c5)c4)c3s2)C1)N1CCOCC1,1,IC50,6.64,1,CHEMBL451074
O=C(O[C@H]1CN[C@H](C#Cc2cc3ncnc(Nc4ccc5c(ccn5Cc5ccccc5)c4)c3s2)C1)N1CCOCC1,1,IC50,7.05,1,CHEMBL500217
O=C(O[C@H]1CN[C@H](C#Cc2cc3ncnc(Nc4ccc5c(ccn5Cc5cscn5)c4)c3s2)C1)N1CCOCC1,1,IC50,6.17,1,CHEMBL451347
O=C(O[C@H]1CN[C@H](C#Cc2cc3ncnc(Nc4ccc5c(c4)c(F)cn5Cc4ccccc4)c3s2)C1)N1CCOCC1,1,IC50,6.62,1,CHEMBL452980
O=C(O[C@H]1CN[C@H](C#Cc2cc3ncnc(Nc4ccc5c(ccn5S(=O)(=O)c5ccsc5)c4)c3s2)C1)N1CCOCC1,1,IC50,6.82,1,CHEMBL452768
O=C(O[C@H]1CN[C@H](C#Cc2cc3ncnc(Nc4ccc(Oc5ccccn5)c(Cl)c4)c3s2)C1)N1CCOCC1,1,IC50,6.72,1,CHEMBL453398
c1cc(Nc2ncnc3[nH]ccc23)cc(-c2nc3ccccc3s2)c1,0,IC50 (>),5.0,1,CHEMBL490555
COc1cc2nc(Nc3cc(C)[nH]n3)nc(Nc3ccc(-c4nc5ccccc5s4)cc3)c2cc1OC,0,IC50 (>),5.0,1,CHEMBL473761
CNc1nc(Nc2ccc(-c3nc4ccccc4s3)cc2)c2cc(OC)c(OC)cc2n1,0,IC50 (>),5.0,1,CHEMBL514941
Cc1cc2c(Nc3ccc(-c4nc5ccccc5s4)cc3)ncnc2cc1Cl,0,IC50 (>),5.0,1,CHEMBL473354
Fc1cc(-c2nc3ccccc3s2)ccc1Nc1ncnc2cc(Cl)ccc12,0,IC50 (>),5.0,1,CHEMBL473557
COc1cc(Nc2ccnc3cc(Cl)ccc23)ccc1-c1nc2ccccc2s1,0,IC50 (>),5.0,1,CHEMBL474544
Fc1cc(-c2nc3ccccc3s2)ccc1Nc1ncnc2ccsc12,0,IC50 (>),5.0,1,CHEMBL474347
Clc1cc(Nc2ncnc3ccsc23)ccc1-c1nc2ccccc2s1,0,IC50 (>),5.0,1,CHEMBL474346
COc1cc(Nc2ncnc3ccsc23)ccc1-c1nc2ccccc2s1,0,IC50 (>),5.0,1,CHEMBL514929
c1ccc2sc(-c3ccc(Nc4ncnc5ccsc45)cc3)nc2c1,0,IC50 (>),5.0,1,CHEMBL472946
COc1cc(Nc2nccc(Nc3cc(C)[nH]n3)n2)ccc1-c1nc2ccccc2s1,0,IC50 (>),5.0,1,CHEMBL461110
Cc1cc(Nc2ccnc(Nc3ccc(-c4nc5ccccc5s4)cc3)n2)n[nH]1,0,IC50 (>),5.0,1,CHEMBL461109
CN1CCN(c2ccnc(Nc3ccc(-c4nc5ccccc5s4)cc3)n2)CC1,0,IC50 (>),5.0,1,CHEMBL459886
CN(C)c1ccnc(Nc2ccc(-c3nc4ccccc4s3)cc2)n1,0,IC50 (>),5.0,1,CHEMBL462161
CNc1ccnc(Nc2ccc(-c3nc4ccccc4s3)cc2)n1,0,IC50 (>),5.0,1,CHEMBL462160
CNc1nccc(Nc2ccc(-c3nc4ccccc4s3)cc2)n1,0,IC50 (>),5.0,1,CHEMBL512933
Cc1cc(Nc2cc(Nc3ccc(-c4nc5ccccc5s4)cc3)ccn2)n[nH]1,0,IC50 (>),5.0,1,CHEMBL461991
CNc1cc(Nc2ccc(-c3nc4ccccc4s3)cc2)ccn1,0,IC50 (>),5.0,1,CHEMBL464014
Clc1ccc2c(Nc3ccc(-c4nc5ccccc5s4)c(Cl)c3)ncnc2c1,1,IC50,6.1,1,CHEMBL514016
COc1cc(Nc2ncnc3[nH]ccc23)ccc1-c1nc2ccccc2s1,1,IC50,6.14,1,CHEMBL462162
O=C(NC(=S)Nc1ccc(O)c(-c2nc3ccccc3s2)c1)c1ccc([N+](=O)[O-])cc1,1,IC50,6.55,1,CHEMBL460746
COc1cc2ncnc(Nc3ccc(-c4nc5ccccc5s4)cc3C)c2cc1OC,1,IC50,6.62,2,CHEMBL514942
COc1cc2ncnc(Nc3ccc(-c4nc5ccccc5s4)c(OC)c3)c2cc1OC,1,IC50,7.2,1,CHEMBL473553
Nc1ncnc2c1c(-c1ccc3nc(Cc4ccccc4)[nH]c3c1)nn2[C@H]1CC[C@H](N2CCOCC2)CC1,1,IC50,6.57,1,CHEMBL249496
Nc1ncnc2c1c(-c1ccc3nc(Cc4cccs4)[nH]c3c1)nn2[C@H]1CC[C@H](N2CCOCC2)CC1,1,IC50,6.44,1,CHEMBL248877
Nc1ncnc2c1c(-c1ccc3nc(Cc4ccccc4Cl)[nH]c3c1)nn2[C@H]1CC[C@H](N2CCOCC2)CC1,1,IC50,7.19,1,CHEMBL251732
COc1ccccc1Cc1nc2ccc(-c3nn([C@H]4CC[C@H](N5CCOCC5)CC4)c4ncnc(N)c34)cc2[nH]1,1,IC50,7.24,1,CHEMBL437584
COc1ccccc1Cc1nc2ccc(-c3nn([C@H]4CC[C@H](N5CCNCC5)CC4)c4ncnc(N)c34)cc2[nH]1,1,IC50,7.52,1,CHEMBL455208
COc1ccccc1Cc1nc2ccc(-c3nn([C@H]4CC[C@H](N5CCN(C(C)=O)CC5)CC4)c4ncnc(N)c34)cc2[nH]1,1,IC50,6.89,1,CHEMBL452717
CCOC(=O)N1CCN([C@H]2CC[C@H](n3nc(-c4ccc5nc(Cc6ccccc6OC)[nH]c5c4)c4c(N)ncnc43)CC2)CC1,1,IC50,7.52,1,CHEMBL503638
COc1ccccc1Cc1nc2ccc(-c3nn([C@H]4CC[C@H](N5CCN(C(=O)N(C)C)CC5)CC4)c4ncnc(N)c34)cc2[nH]1,1,IC50,7.6,1,CHEMBL448628
COCCCN1CCN([C@H]2CC[C@H](n3nc(-c4ccc5nc(Cc6ccccc6OC)[nH]c5c4)c4c(N)ncnc43)CC2)CC1,1,IC50,7.24,1,CHEMBL443098
COc1ccccc1Cc1nc2ccc(-c3nn([C@H]4CC[C@H](N5CCN(CC6CC6)CC5)CC4)c4ncnc(N)c34)cc2[nH]1,1,IC50,8.52,1,CHEMBL446250
CN1CCCN(c2cncc(-c3cccc(/C=C/C(=O)O)c3)n2)CC1,0,Ki (>),5.0,1,CHEMBL493937
NC(=O)c1ccc2c(c1)NC(=O)/C2=C(\Nc1ccc(CN2CCCCC2)cc1)c1ccccc1,0,IC50 (>),5.0,1,CHEMBL497949
COC(=O)c1ccc2c(c1)NC(=O)/C2=C(\Nc1ccc(N(C)C(=O)CN2CCN(C)CC2)cc1)c1ccccc1,0,IC50 (>),5.0,15,CHEMBL502835
COC(=O)c1ccc2c(c1)NC(=O)/C2=C(\Nc1ccc(CN(C)C(=O)N(C)C)cc1)c1ccccc1,0,IC50 (>),5.0,1,CHEMBL525203
Nc1ncnc2c1ncn2CC(=O)c1cccnc1,0,IC50,4.03,1,CHEMBL501256
Nc1ncnc2c1ncn2CC(=O)c1ccccn1,0,IC50,4.05,1,CHEMBL504135
Nc1ncnc2c1ncn2CC(=O)c1ccccc1,0,IC50,4.12,1,CHEMBL520515
Nc1ncnc2ncn(CC(=O)c3c[nH]c4ccccc34)c12,0,IC50,4.09,1,CHEMBL485246
Nc1ncnc2c1ncn2CC(=O)c1c[nH]c2ccccc12,0,IC50,4.46,1,CHEMBL521155
Nc1nc(Nc2cccc(Br)c2)c2cc(CCc3ccccc3)[nH]c2n1,1,IC50,6.52,2,CHEMBL485320
Nc1nc(Nc2ccc3[nH]ccc3c2)c2cc(CCc3ccccc3)[nH]c2n1,0,IC50 (>),3.7,2,CHEMBL499067
C#Cc1cccc(Nc2nc(N)nc3[nH]c(CCc4ccccc4)cc23)c1,0,IC50 (>),3.7,2,CHEMBL520803
Nc1nc(Nc2cccc(C(F)(F)F)c2)c2cc(CCc3ccccc3)[nH]c2n1,0,IC50 (>),3.7,2,CHEMBL483312
Nc1nc(Nc2ccc(F)c(Cl)c2)c2cc(CCc3ccccc3)[nH]c2n1,0,IC50,4.64,1,CHEMBL504416
Nc1nc(Nc2ccc(F)c(Br)c2)c2cc(CCc3ccccc3)[nH]c2n1,0,IC50,4.64,2,CHEMBL483108
Nc1nc(Nc2cccc(Br)c2)c2cc(Cc3cccc4ccccc34)[nH]c2n1,0,IC50 (>),4.3,3,CHEMBL474538
Cc1cc(C2CCN(CCCF)CC2)cc2[nH]c(-c3c(NCCn4cc(Cl)cn4)cc[nH]c3=O)nc12,0,IC50,4.68,1,CHEMBL459729
COc1ccc(-c2cncc(C#N)c2Nc2ccc3[nH]ccc3c2)cc1OC,0,IC50 (>),5.0,1,CHEMBL492251
COc1ccc2c(c1)CCc1c-2c2c(c3c4ccccc4n(CCO)c13)CNC2=O,0,IC50 (>),5.0,1,CHEMBL460989
CC(C)Oc1ccc2c(c1)CCc1c-2c2c(c3c4ccccc4n(CCO)c13)CNC2=O,0,IC50 (>),5.0,1,CHEMBL460990
CS(=O)(=O)CCNCc1nc(-c2ccc3ncnc(Nc4ccc(F)c(Cl)c4)c3c2)cs1,1,IC50,7.46,1,CHEMBL516375
CS(=O)(=O)CCNCc1nc(-c2ccc3ncnc(Nc4ccc(OCc5ccccc5)cc4)c3c2)cs1,1,IC50,7.09,1,CHEMBL473543
CS(=O)(=O)CCNCc1nc(-c2ccc3ncnc(Nc4ccc5c(cnn5Cc5ccccc5)c4)c3c2)cs1,1,IC50,7.15,1,CHEMBL472581
CS(=O)(=O)CCNCc1nc(-c2ccc3ncnc(Nc4ccc(OCc5cccc(C(F)(F)F)c5)cc4)c3c2)cs1,1,IC50,6.27,1,CHEMBL505970
CS(=O)(=O)CCNCc1nc(-c2ccc3ncnc(Nc4ccc(OCc5ccccc5)c(Cl)c4)c3c2)cs1,1,IC50,8.1,1,CHEMBL515082
CS(=O)(=O)CCNCc1nc(-c2ccc3ncnc(Nc4ccc(OCc5cccc(F)c5)c(Cl)c4)c3c2)cs1,1,IC50,8.0,1,CHEMBL453376
C=CC(=O)Nc1ccc2ncnc(Cc3cccc(Br)c3)c2c1,1,IC50,9.15,1,CHEMBL454383
C=CC(=O)Nc1ccc2ncnc(Cc3ccc(CN(C)C)c(Br)c3)c2c1,1,IC50,7.35,1,CHEMBL510155
C=CC(=O)Nc1ccc2ncnc(Cc3ccc(OCCN(C)C)c(Br)c3)c2c1,1,IC50,7.57,1,CHEMBL510357
C=CC(=O)Nc1cc2c(Cc3cccc(Br)c3)ncnc2cc1OCCCN1CCC(C)CC1,1,IC50,8.77,1,CHEMBL516365
C=CC(=O)Nc1cc2c(Cc3cccc(Br)c3)ncnc2cc1OCCCN1CCOCC1,1,IC50,8.44,1,CHEMBL473747
C=CC(=O)Nc1cc2c(Cc3cccc(Br)c3)ncnc2cc1OCCCCN(C)C,1,IC50,8.41,1,CHEMBL473748
C=CC(=O)Nc1cc2c(Cc3cccc(Br)c3)ncnc2cc1OCCCn1ccnc1,1,IC50,8.52,1,CHEMBL473944
C=CC(=O)Nc1cc2c(Cc3cccc(Br)c3)ncnc2cc1SCCCN(CC)CC,1,IC50,9.11,1,CHEMBL491676
C=CC(=O)Nc1ccc2ncnc(Cc3cccc(C)c3)c2c1,1,IC50,9.38,1,CHEMBL522134
C=CC(=O)Nc1cc2c(Cc3cccc(C)c3)ncnc2cc1OCCCN1CCC(C)CC1,1,IC50,8.7,1,CHEMBL492077
C=CC(=O)Nc1cc2c(Cc3cccc(C)c3)ncnc2cc1OCCCN1CCOCC1,1,IC50,8.82,1,CHEMBL489111
C=CC(=O)Nc1ccc2ncnc(Cc3ccc(F)c(Br)c3)c2c1,1,IC50,9.16,1,CHEMBL521571
C=CC(=O)Nc1cc2c(Cc3ccc(F)c(Br)c3)ncnc2cc1OCCCN1CCOCC1,1,IC50,8.74,1,CHEMBL489107
C=CC(=O)Nc1ccc2ncnc(Cc3ccc(F)c(Cl)c3)c2c1,1,IC50,9.12,1,CHEMBL447223
C=CC(=O)Nc1cc2c(Cc3ccc(F)c(Cl)c3)ncnc2cc1OCCCN1CCOCC1,1,IC50,8.82,1,CHEMBL489306
C=CC(=O)Nc1cc2c(Cc3ccc(F)c(Cl)c3)ncnc2cc1OCCOCCCCO,1,IC50,8.77,1,CHEMBL522928
C=CC(=O)Nc1ccc2ncnc(Cc3ccc(F)c(Cl)c3)c2n1,1,IC50,9.12,1,CHEMBL524117
C=CC(=O)Nc1nc2c(Cc3ccc(F)c(Cl)c3)ncnc2cc1/C=C/CCN1CCOCC1,1,IC50,9.8,1,CHEMBL490496
C=CC(=O)Nc1nc2c(Cc3ccc(F)c(Cl)c3)ncnc2cc1CCCCN1CCOCC1,1,IC50,8.57,1,CHEMBL521601
C=CC(=O)Nc1nc2c(Cc3ccc(F)c(Cl)c3)ncnc2cc1OC,1,IC50,9.02,1,CHEMBL490497
C=CC(=O)Nc1nc2c(Cc3ccc(F)c(Cl)c3)ncnc2cc1OCCOC,1,IC50,9.01,1,CHEMBL490498
C=CC(=O)Nc1nc2c(Cc3ccc(F)c(Cl)c3)ncnc2cc1OCCCN1CCOCC1,1,IC50,8.82,1,CHEMBL489897
C=CC(=O)N(C)c1nc2c(Cc3ccc(F)c(Cl)c3)ncnc2cc1OCCCN1CCOCC1,1,IC50,7.7,1,CHEMBL490093
C=CC(=O)Nc1nc2c(Cc3ccc(F)c(Cl)c3)ncnc2cc1OCCCN1CCC(C)CC1,1,IC50,8.18,1,CHEMBL448172
C=CC(=O)Cc1cc2c(Nc3cccc(Br)c3)ncnc2cn1,1,IC50,9.04,1,CHEMBL524115
C=CC(=O)C(C)c1cc2c(Nc3cccc(Br)c3)ncnc2cn1,1,IC50,9.77,1,CHEMBL491083
C=C(C)C(=O)Cc1cc2c(Nc3cccc(Br)c3)ncnc2cn1,1,IC50,8.8,1,CHEMBL508481
C=C(C)C(=O)Cc1ccc2ncnc(Nc3cccc(Br)c3)c2c1,1,IC50,8.92,1,CHEMBL524132
C/C=C/C(=O)Cc1cc2c(Nc3cccc(Br)c3)ncnc2cn1,1,IC50,9.3,1,CHEMBL501618
C/C=C/C(=O)Cc1ccc2ncnc(Nc3cccc(Br)c3)c2c1,1,IC50,9.26,1,CHEMBL491085
O=C(/C=C\Cl)Cc1cc2c(Nc3cccc(Br)c3)ncnc2cn1,1,IC50,9.16,1,CHEMBL522623
O=C(/C=C/C(F)(F)F)Cc1ccc2ncnc(Nc3cccc(Br)c3)c2c1,1,IC50,8.76,1,CHEMBL507827
C=C/C=C/C(=O)Cc1cc2c(Nc3cccc(Br)c3)ncnc2cn1,1,IC50,8.96,1,CHEMBL454370
C=C=CC(=O)Cc1ccc2ncnc(Nc3cccc(Br)c3)c2c1,1,IC50,8.8,1,CHEMBL454371
O=C(/C=C/c1ccccc1)Cc1cc2c(Nc3cccc(Br)c3)ncnc2cn1,1,IC50,8.04,1,CHEMBL509914
CC(=O)/C=C/C(=O)Cc1ccc2ncnc(Nc3cccc(Br)c3)c2c1,1,IC50,8.92,1,CHEMBL455174
O=C(O)/C=C/C(=O)Cc1ccc2ncnc(Nc3cccc(Br)c3)c2c1,1,IC50,9.43,1,CHEMBL510396
CCOC(=O)/C=C/C(=O)Cc1ccc2ncnc(Nc3cccc(Br)c3)c2c1,1,IC50,8.57,1,CHEMBL454384
CCOC(=O)/C=C/C(=O)Cc1cc2c(Nc3cccc(Br)c3)ncnc2cn1,1,IC50,8.82,1,CHEMBL453378
C=CC(=O)C(CCN(C)C)c1cc2c(Nc3cccc(Br)c3)ncnc2cn1,1,IC50,8.38,1,CHEMBL453379
C=CC(=O)C(CCCN1CCOCC1)c1cc2c(Nc3cccc(Br)c3)ncnc2cn1,1,IC50,8.57,1,CHEMBL510597
C=CC(=O)C(CCCN1CCOCC1)c1ccc2ncnc(Nc3cccc(Br)c3)c2c1,1,IC50,8.48,1,CHEMBL517127
CN(C)CCCOC(=O)/C=C/C(=O)Cc1ccc2ncnc(Nc3cccc(Br)c3)c2c1,1,IC50,8.62,1,CHEMBL461796
CN(C)CCCNC(=O)/C=C/C(=O)Cc1ccc2ncnc(Nc3cccc(Br)c3)c2c1,1,IC50,9.36,1,CHEMBL461797
CN(C)CCCNC(=O)/C=C/C(=O)Cc1cc2c(Nc3cccc(Br)c3)ncnc2cn1,1,IC50,8.96,1,CHEMBL460743
CCN(CC)CCCNC(=O)/C=C/C(=O)Cc1cc2c(Nc3cccc(Br)c3)ncnc2cn1,1,IC50,9.14,1,CHEMBL460721
O=C(/C=C/C(=O)NCCCN1CCOCC1)Cc1cc2c(Nc3cccc(Br)c3)ncnc2cn1,1,IC50,9.09,1,CHEMBL460722
O=C(/C=C/C(=O)NCCCn1ccnc1)Cc1cc2c(Nc3cccc(Br)c3)ncnc2cn1,1,IC50,9.25,1,CHEMBL460723
CC(C(=O)/C=C/C(=O)NCCCN(C)C)c1cc2c(Nc3cccc(Br)c3)ncnc2cn1,1,IC50,8.84,1,CHEMBL460894
O=S(=O)(CO)Nc1cc2c(Nc3cccc(Br)c3)ncnc2cn1,1,IC50,7.03,1,CHEMBL503755
C/C=C/C(=O)Nc1ccc2c(Nc3cccc(Br)c3)ncnc2c1,1,IC50,9.17,2,CHEMBL511874
O=C(/C=C/CC(=O)Nc1ccc2ncnc(Nc3cccc(Br)c3)c2c1)Nc1ccc2c(Nc3cccc(Br)c3)ncnc2c1,1,IC50,9.35,1,CHEMBL447850
C=CC(=O)Nc1cc2ncnc(Nc3cccc(Cl)c3)c2cn1,1,IC50,9.27,1,CHEMBL446019
C=CC(=O)NC1=CC=C2N=CN=C(Nc3cccc(Cl)c3)C21,1,IC50,8.8,1,CHEMBL460735
C=CC(=O)NC1=CC=C2N=CN=C(Nc3cccc(C)c3)C21,1,IC50,9.38,1,CHEMBL474147
C=CC(=O)NC1=CC=C2N=CN=C(Nc3cccc(C(F)(F)F)c3)C21,1,IC50,9.04,1,CHEMBL474342
C=CC(=O)NC1=CC=C2N=CN=C(Nc3ccc(Oc4ccccc4)cc3)C21,1,IC50,8.24,1,CHEMBL474343
C=CC(=O)NC1=CC=C2N=CN=C(Nc3ccc(OCc4ccccc4)cc3)C21,1,IC50,8.44,1,CHEMBL472746
C=CC(=O)NC1=NC=C2N=CN=C(Nc3cccc(C)c3)C21,1,IC50,9.32,1,CHEMBL516022
C=CC(=O)NC1=NC=C2N=CN=C(Nc3ccc(F)c(Br)c3)C21,1,IC50,9.14,1,CHEMBL474141
C=CC(=O)NC1=NC=C2N=CN=C(Nc3ccc(F)c(Cl)c3)C21,1,IC50,9.11,1,CHEMBL516373
C=CC(=O)Nc1cc2ncnc(Nc3cccc(Br)c3)c2[nH]1,1,IC50,8.96,1,CHEMBL474142
C=CC(=O)Nc1cc2ncnc(Nc3ccc(F)c(Br)c3)c2[nH]1,1,IC50,8.92,1,CHEMBL474143
O=C(CCn1ncc2cc3c(Nc4cccc(Br)c4)ncnc3cc21)N1CCOCC1,1,IC50,8.43,1,CHEMBL474341
Brc1cccc(Nc2ncnc3cc4c(cc23)CN4)c1,1,IC50,9.36,1,CHEMBL447331
CN1Cc2cc3c(Nc4cccc(Br)c4)ncnc3cc21,1,IC50,9.1,1,CHEMBL489112
OCC(O)CN1Cc2cc3c(Nc4cccc(Br)c4)ncnc3cc21,1,IC50,8.8,1,CHEMBL521572
CN(C)CCN1Cc2cc3c(Nc4cccc(Br)c4)ncnc3cc21,1,IC50,7.39,1,CHEMBL489117
CN(C)CCCN1Cc2cc3c(Nc4cccc(Br)c4)ncnc3cc21,1,IC50,7.68,1,CHEMBL489312
O=C(CCN1Cc2cc3c(Nc4cccc(Br)c4)ncnc3cc21)N1CCOCC1,1,IC50,8.43,1,CHEMBL489313
O=C(CCCN1Cc2cc3c(Nc4cccc(Br)c4)ncnc3cc21)N1CCOCC1,1,IC50,8.06,1,CHEMBL489307
O=C(O)CN1Cc2cc3c(Nc4cccc(Br)c4)ncnc3cc21,1,IC50,8.29,1,CHEMBL489308
O=C(Cc1c[nH]c2cc3ncnc(Nc4cccc(Br)c4)c3cc12)N1CCOCC1,1,IC50,8.32,1,CHEMBL489501
COC[C@H]1Oc2cc3ncnc(Nc4cccc(Cl)c4)c3cc2O[C@@H]1COC,1,IC50,8.0,1,CHEMBL461792
COC[C@H]1Oc2cc3ncnc(Nc4cccc(I)c4)c3cc2O[C@@H]1COC,1,IC50,8.78,1,CHEMBL516979
CN(N)C/C=C/C(=O)Nc1cc2c(Nc3cccc(Br)c3)ccnc2cn1,1,IC50,8.07,1,CHEMBL460736
COc1cc2ncnc(Nc3ccc(F)c(Cl)c3)c2cc1CN1CC[C@@H](C(N)=O)C1,1,IC50,8.22,1,CHEMBL461795
COc1cc2ncnc(Nc3ccc(F)c(Cl)c3)c2cc1CNC(=O)[C@H]1CCCCN1C,1,IC50,8.1,1,CHEMBL461967
COc1cc2ncnc(Nc3ccc(F)c(Cl)c3)c2cc1CN(C)[C@H](C)C(N)=O,1,IC50,8.05,1,CHEMBL517130
COc1cc2ncnc(Nc3ccc(F)c(Cl)c3)c2cc1CN(C)[C@@H](C)C(N)=O,1,IC50,8.1,1,CHEMBL461968
COc1cc(Cc2cc3c(Nc4cccc(Br)c4)nc(N)nc3[nH]2)cc(OC)c1OC,0,IC50 (>),4.3,2,CHEMBL514014
CCOc1cc2nccc(Nc3cccc(Br)c3)c2cc1NC(=O)/C=C/CN1CCOCC1,0,IC50,4.99,1,CHEMBL473141
COc1cc2nccc(Nc3ccc(F)c(Cl)c3)c2cc1NC(=O)/C=C/CN1CCOCC1,0,IC50,4.87,1,CHEMBL472942
COc1cc2nccc(Nc3ccc(F)c(Cl)c3)c2cc1NC(=O)/C=C/C(C)N1CCOCC1,0,IC50,4.97,1,CHEMBL514771
CCOC(=O)c1ccc(N2CCOCC2)c(NS(=O)(=O)c2cc(Br)c(Cl)s2)c1,0,IC50,4.96,1,CHEMBL461782
O=C1NC(=O)c2ccc(I)cc2/C1=C/NCc1ccc(-c2ccoc2)c(O)c1,0,IC50 (>),5.0,1,CHEMBL504547
Fc1ccc(Nc2ncnc3nc(Nc4ccc(CN5CCCC5)cc4)sc23)cc1Cl,1,IC50,8.4,1,CHEMBL470219
CCc1nccn1Cc1ccc(Nc2nc3ncnc(Nc4ccc(F)c(Cl)c4)c3s2)cc1,1,IC50,8.22,1,CHEMBL471058
NS(=O)(=O)c1ccc(Nc2nc3ncnc(Nc4cccc(Cl)c4)c3s2)cc1,1,IC50,8.15,1,CHEMBL513418
NS(=O)(=O)c1ccc(Nc2nc3ncnc(Nc4ccc(F)c(Cl)c4)c3s2)cc1,1,IC50,8.05,1,CHEMBL469355
CN1CCN(Cc2ccc(Nc3nc4ncnc(Nc5ccc(OCc6cccc(F)c6)c(Cl)c5)c4s3)cc2)CC1,1,IC50,8.05,1,CHEMBL503418
NS(=O)(=O)c1ccc(Nc2nc3ncnc(Nc4cccc(Br)c4)c3s2)cc1,1,IC50,8.0,1,CHEMBL469354
Fc1ccc(Nc2ncnc3nc(Nc4ccc(CN5CCCCC5)cc4)sc23)cc1Cl,1,IC50,8.0,1,CHEMBL470011
OC[C@@H]1CCCN1Cc1ccc(Nc2nc3ncnc(Nc4ccc(F)c(Cl)c4)c3s2)cc1,1,IC50,7.96,1,CHEMBL511990
CN(C)Cc1ccc(Nc2nc3ncnc(Nc4ccc(F)c(Cl)c4)c3s2)cc1,1,IC50,7.92,1,CHEMBL513208
Fc1ccc(Nc2ncnc3nc(Nc4ccc(CN5CCOCC5)cc4)sc23)cc1Cl,1,IC50,7.92,1,CHEMBL511637
CN(C)CCc1ccc(Nc2nc3ncnc(Nc4ccc(F)c(Cl)c4)c3s2)cc1,1,IC50,7.89,1,CHEMBL470218
Cc1cccc(Nc2ncnc3nc(Nc4ccc(S(N)(=O)=O)cc4)sc23)c1,1,IC50,7.85,1,CHEMBL513362
Fc1ccc(Nc2ncnc3nc(Nc4ccc(CCN5CCOCC5)cc4)sc23)cc1Cl,1,IC50,7.82,1,CHEMBL470012
COCCN(CCOC)S(=O)(=O)c1ccc(Nc2nc3ncnc(Nc4ccc(F)c(Cl)c4)c3s2)cc1,1,IC50,7.6,1,CHEMBL470010
Clc1cccc(Nc2ncnc3nc(Nc4ccccc4)sc23)c1,1,IC50,7.57,1,CHEMBL470003
C#Cc1cccc(Nc2ncnc3nc(Nc4ccc(CN5CCOCC5)cc4)sc23)c1,1,IC50,7.37,1,CHEMBL470391
Fc1ccc(Nc2ncnc3nc(Nc4ccccc4)sc23)cc1Cl,1,IC50,7.23,1,CHEMBL469997
NS(=O)(=O)c1ccc(Nc2nc3ncnc(Nc4ccccc4)c3s2)cc1,1,IC50,7.09,1,CHEMBL511839
NS(=O)(=O)c1ccc(Nc2nc3ncnc(Nc4c(F)cccc4F)c3s2)cc1,1,IC50,6.73,1,CHEMBL513716
Fc1ccc(Nc2ncnc3nc(NCCN4CCOCC4)sc23)cc1Cl,1,IC50,6.04,1,CHEMBL511623
NS(=O)(=O)c1ccc(Nc2nc3ncnc(Nc4ccc(N5CCOCC5)cc4)c3s2)cc1,0,IC50,4.75,1,CHEMBL511449
COc1cc(C2=C(c3cn(COCc4ccccc4)c4ccccc34)CNC2=O)cc(OC)c1OC,0,IC50,4.85,1,CHEMBL453336
COc1cc(C2=C(c3cn(COCC[Si](C)(C)C)c4ccccc34)CNC2=O)cc(OC)c1OC,0,IC50,4.66,1,CHEMBL486437
COc1cc(C2=C(c3c[nH]c4ccccc34)CNC2=O)cc(OC)c1OC,0,IC50,4.64,1,CHEMBL529663
CCN1CCN(CC/C=C/c2ccc3c(Nc4ccc(Sc5nccn5C)c(Cl)c4)c(C#N)cnc3c2)CC1,1,IC50,8.0,1,CHEMBL489058
CCc1cc(Nc2nccc(-c3c(-c4cccc(C(=O)Nc5c(F)cccc5F)c4)nc4ccccn34)n2)c(OC)cc1N1CCC(N2CCN(S(C)(=O)=O)CC2)CC1,1,IC50,7.66,1,CHEMBL448929
COc1cc(N2CCC(N3CCN(S(C)(=O)=O)CC3)CC2)ccc1Nc1nccc(-c2c(-c3cccc(C(=O)Nc4c(F)cccc4F)c3)nc3ccccn23)n1,1,IC50,7.24,1,CHEMBL507714
CCc1cc(Nc2nccc(-c3c(-c4ccc(OC)c(C(=O)Nc5c(F)cccc5F)c4)nc4ccccn34)n2)c(OC)cc1N1CCC(N2CCN(S(C)(=O)=O)CC2)CC1,0,IC50 (>),5.0,4,CHEMBL466397
COc1cc(OC)cc(-c2ccc3c(c2)NC(=O)/C3=C\c2[nH]c(C)c(CCC(=O)O)c2C)c1,0,IC50 (>),4.0,1,CHEMBL231526
Fc1cccc(COc2ccc(Nc3ncnc4cc(-c5ccco5)sc34)cc2Cl)c1,1,IC50,8.0,1,CHEMBL479800
CN(C)Cc1ccc(-c2cc3ncnc(Nc4ccc(OCc5cccc(F)c5)c(Cl)c4)c3s2)o1,1,IC50,8.7,1,CHEMBL475594
CN1CCN(Cc2ccc(-c3cc4ncnc(Nc5ccc(OCc6cccc(F)c6)c(Cl)c5)c4s3)o2)CC1,1,IC50,8.3,1,CHEMBL475761
OCc1ccc(-c2cc3ncnc(Nc4ccc(OCc5cccc(F)c5)c(Cl)c4)c3s2)o1,1,IC50,8.52,1,CHEMBL473428
N#CCNCc1ccc(-c2cc3ncnc(Nc4ccc(OCc5cccc(F)c5)c(Cl)c4)c3s2)o1,1,IC50,8.52,1,CHEMBL473429
CS(=O)(=O)CCNCc1ccc(-c2cc3ncnc(Nc4ccc(OCc5cccc(F)c5)c(Cl)c4)c3s2)o1,1,IC50,9.0,1,CHEMBL475768
CS(=O)(=O)CCNCc1cc(-c2cc3ncnc(Nc4ccc(OCc5cccc(F)c5)c(Cl)c4)c3s2)co1,1,IC50,8.4,1,CHEMBL475769
Fc1cccc(COc2ccc(Nc3ncnc4cc(-c5cccs5)sc34)cc2Cl)c1,1,IC50,8.1,1,CHEMBL473427
CS(=O)(=O)CCNCc1cc(-c2cc3ncnc(Nc4ccc(OCc5cccc(F)c5)c(Cl)c4)c3s2)cs1,1,IC50,8.52,1,CHEMBL474431
Fc1cccc(COc2ccc(Nc3ncnc4cc(-c5ccc[nH]5)sc34)cc2Cl)c1,1,IC50,7.17,1,CHEMBL473436
CN(C)Cc1ccc(-c2cc3ncnc(Nc4ccc(OCc5cccc(F)c5)c(Cl)c4)c3s2)[nH]1,1,IC50,8.4,1,CHEMBL473437
CCNCc1ccc(-c2cc3ncnc(Nc4ccc(OCc5cccc(F)c5)c(Cl)c4)c3s2)[nH]1,1,IC50,8.22,1,CHEMBL473438
CS(=O)(=O)CCNCc1ccc(-c2cc3ncnc(Nc4ccc(OCc5cccc(F)c5)c(Cl)c4)c3s2)[nH]1,1,IC50,8.15,1,CHEMBL475446
Fc1cccc(COc2ccc(Nc3ncnc4sc(-c5ccco5)cc34)cc2Cl)c1,1,IC50,7.82,1,CHEMBL514938
Fc1cccc(COc2ccc(Nc3ncnc4sc(-c5ccc(CNCc6ccccc6)o5)cc34)cc2Cl)c1,1,IC50,7.27,1,CHEMBL519757
CS(=O)(=O)CCNCc1ccc(-c2cc3c(Nc4ccc(OCc5cccc(F)c5)c(Cl)c4)ncnc3s2)o1,1,IC50,7.92,1,CHEMBL480349
Fc1cccc(COc2ccc(Nc3ncnc4sc(-c5cccs5)cc34)cc2Cl)c1,1,IC50,8.05,1,CHEMBL506414
CS(=O)(=O)CCNCc1ccc(-c2cc3c(Nc4ccc(OCc5cccc(F)c5)c(Cl)c4)ncnc3s2)s1,1,IC50,7.02,1,CHEMBL481324
CS(=O)(=O)CCNCc1cc(-c2cc3c(Nc4ccc(OCc5cccc(F)c5)c(Cl)c4)ncnc3s2)cs1,1,IC50,6.52,1,CHEMBL475599
Fc1cccc(COc2ccc(Nc3ncnc4sc(-c5ccc[nH]5)cc34)cc2Cl)c1,1,IC50,6.94,1,CHEMBL475600
CN(C)Cc1ccc(-c2cc3c(Nc4ccc(OCc5cccc(F)c5)c(Cl)c4)ncnc3s2)[nH]1,1,IC50,7.17,1,CHEMBL475767
CCNCc1ccc(-c2cc3c(Nc4ccc(OCc5cccc(F)c5)c(Cl)c4)ncnc3s2)[nH]1,1,IC50,6.92,1,CHEMBL480348
CS(=O)(=O)CCNCc1ccc(-c2cc3c(Nc4ccc(OCc5cccc(F)c5)c(Cl)c4)ncnc3s2)[nH]1,1,IC50,6.86,1,CHEMBL481331
COc1cc2ncnc(-c3c[nH]c4ccc(Br)cc34)c2cc1OC,1,IC50,6.88,1,CHEMBL473320
COc1cc2ncnc(-c3c[nH]c4cc(F)c(Cl)cc34)c2cc1OCCCN1CCOCC1,1,IC50,6.48,1,CHEMBL474524
COCCOc1cc2ncnc(-c3c[nH]c4cc(F)c(Cl)cc34)c2cc1OCCOC,1,IC50,6.33,1,CHEMBL474324
COc1cc2ncnc(-c3c[nH]c4cc(F)c(C)cc34)c2cc1OC,1,IC50,6.27,1,CHEMBL474323
COc1cc2ncnc(-c3c[nH]c4cc(F)c(Cl)cc34)c2cc1OC,1,IC50,6.68,1,CHEMBL515401
COc1cc2ncn(-c3cc(OCc4ccccc4C(F)(F)F)c(C(N)=O)s3)c2cc1OC,0,IC50 (>),4.32,2,CHEMBL514499
Nc1ncc(NC(=O)c2cc(NC(=O)c3cccc(C(F)(F)F)c3)ccc2Cl)cc1Cl,0,IC50 (>),4.52,1,CHEMBL475817
O=C1c2c(c3c4ccc(O)cc4n(O[C@@H]4O[C@H](CO)[C@@H](O)[C@H](O)[C@H]4O)c3c3[nH]c4cc(O)ccc4c23)C(=O)N1NCc1ccncc1,0,IC50 (>),3.7,1,CHEMBL455328
O=C1c2c(c3c4ccc(O)cc4n([C@@H]4O[C@H](CO)[C@@H](O)[C@H](O)[C@H]4O)c3c3[nH]c4cc(O)ccc4c23)C(=O)N1NC(CO)CO,0,IC50 (>),3.7,1,CHEMBL435191
O=C1c2c(c3c4ccc(O)cc4n(O[C@@H]4O[C@H](CO)[C@@H](O)[C@H](O)[C@H]4O)c3c3[nH]c4cc(O)ccc4c23)C(=O)N1NCc1cccc(CO)n1,0,IC50 (>),3.7,1,CHEMBL474561
O=C1c2c(c3c4ccc(O)cc4n(O[C@@H]4O[C@H](CO)[C@@H](O)[C@H](O)[C@H]4O)c3c3[nH]c4cc(O)ccc4c23)C(=O)N1NCc1ccncc1CO,0,IC50 (>),3.7,1,CHEMBL509544
NS(=O)(=O)c1ccc(-c2cc3ccncc3cc2OC2CCNCC2)cc1,0,IC50 (>),5.0,1,CHEMBL519693
NCc1ccc(-c2cc3ccncc3cc2OC2CCNCC2)cc1,0,IC50 (>),5.0,1,CHEMBL484967
c1ccc(-c2cc3ccncc3cc2OC2CCNCC2)cc1,0,IC50 (>),5.0,1,CHEMBL484968
COc1ccc(/N=C/c2c(N)ncnc2Nc2ccc3c(cnn3Cc3cccc(F)c3)c2)cc1,1,IC50,7.31,1,CHEMBL525725
Nc1ncnc(Nc2ccc3c(cnn3Cc3cccc(F)c3)c2)c1/C=N/NCC(F)(F)F,1,IC50,7.28,1,CHEMBL497863
CN/N=C/c1c(N)ncnc1Nc1ccc2c(cnn2Cc2cccc(F)c2)c1,1,IC50,7.92,1,CHEMBL497697
COC[C@H]1CCCN1/N=C/c1c(N)ncnc1Nc1ccc2c(cnn2Cc2cccc(F)c2)c1,1,IC50,7.51,1,CHEMBL515664
COC[C@@H]1CCCN1/N=C/c1c(N)ncnc1Nc1ccc2c(cnn2Cc2cccc(F)c2)c1,1,IC50,7.58,1,CHEMBL456758
Nc1ncnc(Nc2ccc3c(cnn3Cc3cccc(F)c3)c2)c1/C=N/N1CCN(CCO)CC1,1,IC50,8.05,1,CHEMBL514566
CN1CCN(/N=C/c2c(N)ncnc2Nc2ccc3c(cnn3Cc3cccc(F)c3)c2)CC1,1,IC50,7.8,1,CHEMBL498134
Nc1ncnc(Nc2ccc3c(cnn3Cc3cccc(F)c3)c2)c1/C=N/N1CCCCC1,1,IC50,7.52,1,CHEMBL524457
Nc1ncnc(Nc2ccc3c(cnn3Cc3cccc(F)c3)c2)c1/C=N/N1CCOCC1,1,IC50,7.8,1,CHEMBL498133
CN(C)/N=C/c1c(N)ncnc1Nc1ccc2c(cnn2Cc2cccc(F)c2)c1,1,IC50,8.1,1,CHEMBL497459
CNC(=O)c1ccc(Nc2nccc(-c3cnc(C)n3C(C)C)n2)cc1F,0,IC50 (>),5.0,1,CHEMBL455428
O=c1[nH]cnc2[nH]c(-c3ccnc(/C=C/c4ccc(CN5CCOCC5)cc4)c3)cc12,0,IC50 (>),5.0,1,CHEMBL461139
CCOC(=O)/C=C/c1ccc(CNc2nc(Nc3cc(OC)cc(OC)c3)c(C(N)=O)c3nccn23)cc1,0,IC50 (>),5.0,1,CHEMBL480014
Cc1cccc(C(=O)Nc2cccc([C@H](C)Nc3cncc(Cl)n3)c2)c1,0,Kd (>),5.0,1,CHEMBL504075
C[C@@H]1CCN(C(=O)CC#N)C[C@@H]1N(C)c1ncnc2[nH]ccc12,0,IC50 (>),5.0,24,CHEMBL221959
COc1ccc(-n2cnc3ccc(-c4nnc(SCc5cccc(C#N)c5)o4)cc32)cc1,0,IC50 (>),5.0,1,CHEMBL516640
N#Cc1cnc2c(Cl)cc(NCc3c[nH]nn3)cc2c1Nc1ccc(F)c(Cl)c1,1,IC50,6.0,1,CHEMBL496388
CCCN1CCC(n2cc(CNc3cc(Cl)c4ncc(C#N)c(Nc5ccc(F)c(Cl)c5)c4c3)nn2)CC1,0,IC50,4.52,1,CHEMBL495617
N#Cc1cnc2c(Cl)cc(NCc3cn(C4CCN(C5CCC5)CC4)nn3)cc2c1Nc1ccc(F)c(Cl)c1,0,IC50,4.66,1,CHEMBL501709
CC(C)N1CCC(n2cc(CNc3cc(Cl)c4ncc(C#N)c(Nc5ccc(F)c(Cl)c5)c4c3)nn2)CC1,0,IC50,4.66,1,CHEMBL523059
N#Cc1cnc2c(Br)cc(NCc3c[nH]nn3)cc2c1Nc1ccc(F)c(Cl)c1,1,IC50,6.0,1,CHEMBL230232
Nc1ncnc2c1c(-c1cccc(OCc3ccccc3)c1)cn2[C@H]1C[C@H](N2CCC2)C1,0,IC50 (>),5.0,2,CHEMBL551064
Cn1c(=O)c(-c2c(Cl)cccc2Cl)cc2cnc(Nc3ccc(F)cc3)nc21,1,IC50,6.42,1,CHEMBL574059
Cc1cc(Nc2ncc3cc(-c4c(Cl)cccc4Cl)c(=O)n(C)c3n2)ccc1F,1,IC50,6.41,1,CHEMBL574058
Cc1ccc(F)c(NC(=O)Nc2ccc(-c3cccc4[nH]nc(N)c34)cc2)c1,0,Kd (>),5.0,21,CHEMBL223360
CC1(C)CNc2cc(NC(=O)c3cccnc3NCc3ccncc3)ccc21,0,Kd,7.82,10,CHEMBL572881
CCN1CCN(Cc2ccc(NC(=O)Nc3ccc(Oc4cc(NC)ncn4)cc3)cc2C(F)(F)F)CC1,0,Kd,6.66,16,CHEMBL574738
CN1CCN(c2ccc3nc(-c4c(N)c5c(F)cccc5[nH]c4=O)[nH]c3c2)CC1,0,Kd,6.03,22,CHEMBL522892
Cn1c(Nc2ccc(C(F)(F)F)cc2)nc2cc(Oc3ccnc(-c4ncc(C(F)(F)F)[nH]4)c3)ccc21,0,Kd (>),5.0,23,CHEMBL558752
COCC(=O)NC/C=C/c1ccc2ncnc(Nc3ccc(Oc4ccc(C)nc4)c(C)c3)c2c1,1,IC50,8.19,10,CHEMBL483321
COc1ccc(COc2ccc(Cc3cnc(N)nc3N)cc2OC)cc1,0,IC50 (>),4.62,23,CHEMBL261849
Cc1ccc(Nc2nccc(N(C)c3ccc4c(C)n(C)nc4c3)n2)cc1S(N)(=O)=O,0,Kd (>),5.0,23,CHEMBL477772
CN(C)C[C@@H]1CCn2cc(c3ccccc32)C2=C(C(=O)NC2=O)c2cn(c3ccccc23)CCO1,0,Kd (>),5.0,21,CHEMBL91829
O=C(O)c1ccc(Nc2ncc3c(n2)-c2ccc(Cl)cc2C(c2c(F)cccc2F)=NC3)cc1,0,Ki,6.3,20,CHEMBL259084
Oc1cccc(-c2nc(N3CCOCC3)c3oc4ncccc4c3n2)c1,0,Kd (>),5.0,22,CHEMBL573339
CC[C@H](CO)Nc1nc(NCc2ccccc2)c2ncn(C(C)C)c2n1,0,Kd (>),5.0,11,CHEMBL14762
NC(=O)c1ccc(-c2nc(-c3ccccn3)c(-c3ccc4c(c3)OCO4)[nH]2)cc1,0,Kd (>),5.0,10,CHEMBL440084
Cc1[nH]c(/C=C2\C(=O)Nc3ccc(F)cc32)c(C)c1C(=O)NC[C@H](O)CN1CCOCC1,0,Kd (>),5.0,20,CHEMBL1721885
Cc1cc(Nc2cc(N3CCN(C)CC3)nc(Sc3ccc(NC(=O)C4CC4)cc3)n2)n[nH]1,0,Kd (>),5.0,23,CHEMBL572878
O=c1ncn2nc(Sc3ccc(F)cc3F)ccc2c1-c1c(Cl)cccc1Cl,0,Kd (>),5.0,22,CHEMBL119385
CO[C@@H]1[C@H](N(C)C(=O)c2ccccc2)C[C@H]2O[C@]1(C)n1c3ccccc3c3c4c(c5c6ccccc6n2c5c31)C(=O)NC4,0,Kd,8.06,9,CHEMBL608533
Cc1ccc(-c2ccc3occ(-c4ccc([S@+](C)[O-])cc4)c3c2)o1,0,IC50 (>),5.0,1,CHEMBL574588
CC[S@+]([O-])c1ccc(-c2coc3ccc(-c4ccc(C)o4)cc23)cc1,0,IC50 (>),5.0,1,CHEMBL574613
CCC1=C2C(Nc3ccc4c(cnn4Cc4ccccc4)c3)=NC=NC2N=C1NC(=O)OCCN1CCNCC1,1,IC50,7.68,1,CHEMBL565714
CCC1=C2C(Nc3ccc4c(cnn4Cc4ccccc4)c3)=NC=NC2N=C1NC(=O)O[C@H]1CC[C@H](N)CC1,1,IC50,7.64,1,CHEMBL565467
CCC1=C2C(Nc3ccc4c(cnn4Cc4cccc(F)c4)c3)=NC=NC2N=C1NC(=O)OC[C@@H]1COCCN1,1,IC50,7.64,1,CHEMBL583403
CCC1=C2C(Nc3ccc4c(cnn4Cc4ccccc4)c3)=NC=NC2N=C1NC(=O)OCC1CCNCC1,1,IC50,7.52,1,CHEMBL583218
Cc1c(NC(=O)OC[C@@H]2COCCN2)cn2ncnc(Nc3ccc4c(cnn4Cc4cccc(F)c4)c3)c12,1,IC50,7.7,4,CHEMBL1645462
CCC1=C2C(Nc3ccc4c(cnn4Cc4ccccc4)c3)=NC=NC2N=C1NC(=O)OC[C@@H]1COCCN1,1,IC50,7.48,1,CHEMBL567873
CCC1=C2C(Nc3ccc4c(cnn4Cc4ccccc4)c3)=NC=NC2N=C1NC(=O)OCCN1CCCCC1,1,IC50,7.42,1,CHEMBL566350
CCC1=C2C(Nc3ccc4c(cnn4Cc4ccccc4)c3)=NC=NC2N=C1NC(=O)OCC1CCCNC1,1,IC50,7.42,1,CHEMBL584714
CCC1=C2C(Nc3ccc4c(cnn4Cc4ccccc4)c3)=NC=NC2N=C1NC(=O)OCCn1ccnc1,1,IC50,7.4,1,CHEMBL566337
CCC1=C2C(Nc3ccc4c(cnn4Cc4ccccc4)c3)=NC=NC2N=C1NC(=O)OCCC1CCNCC1,1,IC50,7.36,1,CHEMBL578044
CCC1=C2C(Nc3ccc4c(cnn4Cc4ccccc4)c3)=NC=NC2N=C1NC(=O)OCC1CCCCN1,1,IC50,7.35,1,CHEMBL566559
CCC1=C2C(Nc3ccc4c(cnn4Cc4ccccc4)c3)=NC=NC2N=C1NC(=O)OCCN1CCOCC1,1,IC50,6.96,1,CHEMBL578255
CCC1=C2C(Nc3ccc4c(cnn4Cc4ccccc4)c3)=NC=NC2N=C1NC(=O)O[C@H]1CC[C@@](C)(N)CC1,1,IC50,7.72,1,CHEMBL567197
C=CC(=O)N1CCC[C@H]1C(=O)Nc1cc2c(Nc3cccc(Cl)c3F)ncnc2cc1OCCOC,1,IC50,7.89,2,CHEMBL571040
C=CC(=O)N1CCC[C@H]1C(=O)Nc1cc2c(Nc3ccc(F)c(Cl)c3F)ncnc2cc1OCCOC,1,IC50,8.05,2,CHEMBL569880
CN1CCN(c2nc(C3=C(c4c[nH]c5ccccc45)C(=O)NC3=O)c3ccccc3n2)CC1,0,IC50 (>),5.0,2,CHEMBL565612
CC(=O)OCN(C)/N=N/c1ccc2ncnc(Nc3cccc(Cl)c3)c2c1,1,IC50,6.62,1,CHEMBL571809
C=COC(=O)N(CCN(C)C)/N=N/c1ccc2ncnc(Nc3cccc(Cl)c3)c2c1,1,IC50,6.75,1,CHEMBL572030
C=COC(=O)N(C)/N=N/c1ccc2ncnc(Nc3cccc(Cl)c3)c2c1,1,IC50,6.14,1,CHEMBL572031
CN(/N=N/c1ccc2ncnc(Nc3cccc(Cl)c3)c2c1)C(=O)OCCCl,1,IC50,6.3,1,CHEMBL570918
CC(=O)OCOC(=O)N(C)/N=N/c1ccc2ncnc(Nc3cccc(Cl)c3)c2c1,1,IC50,6.2,1,CHEMBL572028
CN(/N=N/c1ccc2ncnc(Nc3cccc(Cl)c3)c2c1)C(=O)OCCl,1,IC50,6.41,1,CHEMBL583683
CN(/N=N/c1ccc2ncnc(Nc3cccc(Cl)c3)c2c1)C(=O)Oc1ccc([N+](=O)[O-])cc1,1,IC50,6.11,1,CHEMBL570709
COc1ccccc1C(Cc1coc2nc(N)nc(N)c12)C(C)C,0,IC50,4.74,1,CHEMBL595757
CCCCC(Cc1coc2nc(N)nc(N)c12)c1ccccc1OC,0,IC50,4.87,1,CHEMBL594790
COc1ccccc1C(Cc1coc2nc(N)nc(N)c12)C1CC1,0,IC50,4.25,1,CHEMBL603198
COc1ccccc1/C(C)=C\c1coc2nc(N)nc(N)c12,0,IC50 (>),3.7,1,CHEMBL606039
COc1ccccc1C(=Cc1coc2nc(=N)[nH]c(N)c12)C1CC1,0,IC50 (>),3.7,1,CHEMBL594320
COc1ccccc1C(=Cc1coc2nc(=N)[nH]c(N)c12)CC(C)C,0,IC50 (>),3.7,1,CHEMBL593154
CCC(C)C(=Cc1coc2nc(=N)[nH]c(N)c12)c1ccccc1OC,0,IC50 (>),3.7,1,CHEMBL603849
CCC(C)C(Cc1coc2nc(N)nc(N)c12)c1ccccc1OC,0,IC50 (>),3.7,1,CHEMBL594339
COc1ccccc1/C(C)=C/c1coc2nc(N)nc(N)c12,0,IC50 (>),4.3,1,CHEMBL610181
COc1ccccc1C(Cc1coc2nc(N)nc(N)c12)CC(C)C,0,IC50 (>),3.3,1,CHEMBL606362
COc1cc(-c2nc3ccccc3s2)ccc1Nc1ncnc2cc(OC)c(OC)cc12,1,IC50,7.2,1,CHEMBL596059
COc1cc2c(Nc3ccc(-c4nc5ccccc5s4)cc3)ncnc2cc1OCCCN1CCN(C)CC1,1,IC50,7.34,1,CHEMBL595615
COc1cc2c(Nc3ccc(-c4nc5ccccc5s4)cc3C)ncnc2cc1OCCCN1CCN(C)CC1,1,IC50,6.6,1,CHEMBL595406
COc1cc2c(Nc3ccc(-c4nc5ccccc5s4)cc3O)ncnc2cc1OCCCN1CCN(C)CC1,1,IC50,6.46,1,CHEMBL595142
COc1cc(-c2nc3ccccc3s2)ccc1Nc1ncnc2cc(OCCCN3CCN(C)CC3)c(OC)cc12,0,IC50 (>),5.0,1,CHEMBL593221
COc1cc2c(Nc3ccc(-c4nc5ccccc5s4)cc3OC(F)(F)F)ncnc2cc1OCCCN1CCN(C)CC1,0,IC50 (>),5.0,1,CHEMBL593245
COc1cc2c(Nc3ccc(-c4nc5ccccc5s4)cc3F)ncnc2cc1OCCCN1CCN(C)CC1,1,IC50,6.09,1,CHEMBL594228
COc1cc2c(Nc3ccc(-c4nc5ccccc5s4)c(C)c3)ncnc2cc1OCCCN1CCN(C)CC1,1,IC50,7.5,1,CHEMBL596087
COc1cc2c(Nc3ccc(-c4nc5ccccc5s4)c(O)c3)ncnc2cc1OCCCN1CCN(C)CC1,1,IC50,6.96,1,CHEMBL606466
COc1cc2c(Nc3ccc(-c4nc5ccccc5s4)c(OC)c3)ncnc2cc1OCCCN1CCN(C)CC1,1,IC50,8.7,1,CHEMBL593860
COc1cc2c(Nc3ccc(-c4nc5ccccc5s4)c(F)c3)ncnc2cc1OCCCN1CCN(C)CC1,1,IC50,6.37,1,CHEMBL593987
COc1cc2c(Nc3ccc(-c4nc5ccccc5s4)c(Cl)c3)ncnc2cc1OCCCN1CCN(C)CC1,1,IC50,7.8,1,CHEMBL593274
COc1ccc2nc(-c3ccc(Nc4ncnc5cc(OCCCN6CCN(C)CC6)c(OC)cc45)cc3)sc2c1,1,IC50,6.7,1,CHEMBL593306
COc1cc2c(Nc3ccc(-c4nc5ccc(F)cc5s4)cc3)ncnc2cc1OCCCN1CCN(C)CC1,1,IC50,6.14,1,CHEMBL604992
COc1cc2c(Nc3ccc(-c4nc5ccc(Cl)cc5s4)cc3)ncnc2cc1OCCCN1CCN(C)CC1,1,IC50,6.58,1,CHEMBL593275
COc1cc2c(Nc3ccc(-c4nc5cc(Cl)ccc5s4)cc3)ncnc2cc1OCCCN1CCN(C)CC1,0,IC50 (>),5.0,1,CHEMBL596292
COc1cc2c(Nc3ccc(-c4nc5cc(C(F)(F)F)ccc5s4)cc3)ncnc2cc1OCCCN1CCN(C)CC1,0,IC50 (>),5.0,1,CHEMBL593908
COc1cc2c(Oc3ccc(-c4nc5ccccc5s4)cc3F)ncnc2cc1OCCCN1CCN(C)CC1,0,IC50 (>),5.0,1,CHEMBL604483
COc1cc2c(Oc3ccc(-c4nc5ccccc5s4)cc3)ncnc2cc1OCCCN1CCN(C)CC1,0,IC50 (>),5.0,1,CHEMBL595143
COc1cc2c(Oc3ccc(-c4nc5ccccc5s4)cc3)ncnc2cc1OCCCN1CCCC1,0,IC50 (>),5.0,1,CHEMBL595373
COc1cc2ncnc(Nc3ccc(-c4nc5ccccc5s4)cc3)c2cc1OCCCN1CCN(C)CC1,1,IC50,6.17,1,CHEMBL593292
COc1cc2ncnc(Nc3ccc(-c4nc5ccccc5s4)cc3O)c2cc1OCCCN1CCN(C)CC1,1,IC50,6.64,1,CHEMBL593294
COc1cc(-c2nc3ccccc3s2)ccc1Nc1ncnc2cc(OC)c(OCCCN3CCN(C)CC3)cc12,0,IC50 (>),5.0,1,CHEMBL593910
COc1cc2ncnc(Nc3ccc(-c4nc5ccccc5s4)c(OC)c3)c2cc1OCCCN1CCN(C)CC1,1,IC50,7.82,1,CHEMBL593911
COc1cc2ncnc(Nc3ccc(-c4nc5ccccc5s4)c(Cl)c3)c2cc1OCCCN1CCN(C)CC1,1,IC50,7.36,1,CHEMBL604893
COc1cc2ncnc(Nc3ccc(-c4nc5cc(Cl)ccc5s4)cc3)c2cc1OCCCN1CCN(C)CC1,0,IC50 (>),5.0,1,CHEMBL593971
COc1cc2ncnc(Nc3ccc(-c4nc5cc(C(F)(F)F)ccc5s4)cc3)c2cc1OCCCN1CCN(C)CC1,0,IC50 (>),5.0,1,CHEMBL593905
NCCn1cc(-c2cc(-c3cc4ccccc4s3)c3[nH]ncc3c2)c2nc(N)ncc21,1,IC50,6.03,2,CHEMBL590109
CCCCCCCCCCCCCCOC(=O)COc1cc(O)c2c(=O)cc(-c3ccccc3)oc2c1,1,IC50,6.0,1,CHEMBL598306
CCCCCCCCCCCCCCCCOC(=O)COc1cc(O)c2c(=O)cc(-c3ccccc3)oc2c1,1,IC50,7.32,1,CHEMBL598307
CCCCCCCCCCCCCCCCCCOC(=O)COc1cc(O)c2c(=O)cc(-c3ccccc3)oc2c1,1,IC50,6.16,1,CHEMBL597096
CCCCCCCCCCCCCCNC(=O)COc1cc(O)c2c(=O)cc(-c3ccccc3)oc2c1,1,IC50,6.5,1,CHEMBL598520
CCCCCCCCCCCCCCCCNC(=O)COc1cc(O)c2c(=O)cc(-c3ccccc3)oc2c1,1,IC50,7.46,1,CHEMBL601625
CCCCCCCCCCCCCCCCCCNC(=O)COc1cc(O)c2c(=O)cc(-c3ccccc3)oc2c1,1,IC50,6.33,1,CHEMBL600381
C[C@@H](Oc1ccc2ncc(/C=C/C(N)=O)cc2c1)c1c(Cl)ccc(F)c1Cl,0,IC50 (>),4.3,1,CHEMBL602471
C[C@@H](Oc1ccc2ncccc2c1)c1c(Cl)ccc(F)c1Cl,0,IC50 (>),4.3,1,CHEMBL600795
C[C@@H](Oc1ccc2ncc(C3CC3C(N)=O)cc2c1)c1c(Cl)ccc(F)c1Cl,0,IC50 (>),4.3,1,CHEMBL602472
CC(C)c1ccc(NC(=O)c2ccc(N(CCCl)CCCl)cc2)cc1,1,IC50,6.12,1,CHEMBL589589
COc1ccc(NC(=O)c2ccc(N(CCCl)CCCl)cc2)cc1,1,IC50,7.1,1,CHEMBL589588
Cc1ccc(NC(=O)c2ccc(N(CCCl)CCCl)cc2)cc1,1,IC50,6.24,1,CHEMBL601040
O=C(Nc1ccccc1F)c1ccc(N(CCCl)CCCl)cc1,0,IC50,4.94,1,CHEMBL589825
O=C(Nc1ccc(Br)cc1)c1ccc(N(CCCl)CCCl)cc1,1,IC50,6.03,1,CHEMBL589831
O=C(Nc1ccc([N+](=O)[O-])cc1)c1ccc(N(CCCl)CCCl)cc1,0,IC50,4.71,1,CHEMBL589832
CCCN(CCC)C(=O)c1ccc(N(CCCl)CCCl)cc1,0,IC50,4.53,1,CHEMBL602645
CCCCN(CCCC)C(=O)c1ccc(N(CCCl)CCCl)cc1,0,IC50,4.51,1,CHEMBL589119
CN(C(=O)c1ccc(N(CCCl)CCCl)cc1)c1ccccc1,0,IC50,4.83,1,CHEMBL589120
CCCCNC(=O)c1ccc(N(CCCl)CCCl)cc1,0,IC50,4.64,1,CHEMBL590083
CC(C)(C)NC(=O)c1ccc(N(CCCl)CCCl)cc1,0,IC50,4.5,1,CHEMBL589259
CCCCCCCCCCCCNC(=O)c1ccc(N(CCCl)CCCl)cc1,0,IC50 (>),4.3,1,CHEMBL590081
O=C(NC1CCCC1)c1ccc(N(CCCl)CCCl)cc1,0,IC50,4.45,1,CHEMBL589503
O=C(NCCCN1CCOCC1)c1ccc(N(CCCl)CCCl)cc1,0,IC50 (>),4.3,1,CHEMBL589846
O=C(NCc1ccccc1)c1ccc(N(CCCl)CCCl)cc1,0,IC50,4.76,1,CHEMBL589847
O=C(Nc1cccc2ccccc12)c1ccc(N(CCCl)CCCl)cc1,1,IC50,7.05,1,CHEMBL602728
CC(=O)N1CCC(Nc2ncc3c(n2)-c2c(c(C(N)=O)nn2C)CC3)CC1,0,IC50 (>),5.0,1,CHEMBL599224
Cn1nc(C(N)=O)c2c1-c1nc(NC3CCN(C(=O)c4ccccc4)CC3)ncc1CC2,0,IC50 (>),5.0,1,CHEMBL599428
CNC(=O)c1nn(C)c2c1CCc1cnc(NC3CCN(C(=O)C4CCN(S(C)(=O)=O)CC4)CC3)nc1-2,0,IC50 (>),5.0,1,CHEMBL597754
COc1cc2ncnc(Nc3ccc(F)c(Cl)c3)c2cc1OCCC(=O)NO,1,IC50,8.15,1,CHEMBL597551
COc1cc2ncnc(Nc3ccc(F)c(Cl)c3)c2cc1OCCCC(=O)NO,1,IC50,8.11,1,CHEMBL597752
COc1cc2ncnc(Nc3ccc(F)c(Cl)c3)c2cc1OCCCCC(=O)NO,1,IC50,8.03,1,CHEMBL596736
C#Cc1cccc(Nc2ncnc3cc(OC)c(OCCCCC(=O)NO)cc23)c1,1,IC50,7.82,1,CHEMBL599398
COc1cc2ncnc(Nc3ccc(F)c(Cl)c3)c2cc1OCCCCCC(=O)NO,1,IC50,8.47,1,CHEMBL598163
C#Cc1cccc(Nc2ncnc3cc(OC)c(OCCCCCC(=O)NO)cc23)c1,1,IC50,8.34,1,CHEMBL598164
COc1cc2ncnc(Nc3ccc(F)c(Cl)c3)c2cc1OCCCCCCC(=O)NO,1,IC50,8.51,3,CHEMBL598377
C#Cc1cccc(Nc2ncnc3cc(OC)c(OCCCCCCC(=O)NO)cc23)c1,1,IC50,8.62,8,CHEMBL598797
C#Cc1cc(Nc2ncnc3cc(OC)c(OCCCCCCC(=O)NO)cc23)ccc1F,1,IC50,7.54,2,CHEMBL598798
COc1cc2ncnc(Nc3ccc(OCc4cccc(F)c4)c(Cl)c3)c2cc1OCCCCCCC(=O)NO,1,IC50,8.04,1,CHEMBL598799
O=C(CCCCCCOc1ccc2ncnc(Nc3ccc(F)c(Cl)c3)c2c1)NO,1,IC50,7.08,2,CHEMBL604094
COCCOc1cc2ncnc(Nc3ccc(F)c(Cl)c3)c2cc1OCCCCCCC(=O)NO,1,IC50,7.98,1,CHEMBL597569
COc1cc2ncnc(Nc3ccc(F)c(Cl)c3)c2cc1NC(=O)CCCCCCC(=O)NO,1,IC50,8.68,1,CHEMBL597773
COc1cc2ncnc(Nc3ccc(F)c(Cl)c3)c2cc1SCCCCCCC(=O)NO,1,IC50,8.7,1,CHEMBL596754
COc1cc2ncnc(Nc3ccc(F)c(Cl)c3)c2cc1S(=O)(=O)CCCCCCC(=O)NO,1,IC50,7.81,1,CHEMBL596755
COc1cc2ncnc(NCc3ccc(Cl)c(F)c3)c2cc1OCCCCCCC(=O)NO,1,IC50,7.14,1,CHEMBL596957
COc1cc2ncnc(NCc3ccccc3)c2cc1OCCCCCCC(=O)NO,1,IC50,7.0,1,CHEMBL596761
COc1cc2ncnc(NCc3ccc(F)cc3)c2cc1OCCCCCCC(=O)NO,1,IC50,7.0,2,CHEMBL596964
COc1cc2ncnc(N[C@H](C)c3ccccc3)c2cc1OCCCCCCC(=O)NO,1,IC50,7.89,1,CHEMBL605976
COc1cc2ncnc(N[C@@H](C)c3ccc(F)cc3)c2cc1OCCCCCCC(=O)NO,1,IC50,6.9,1,CHEMBL598406
COc1cc2ncnc(N[C@@H](C)c3ccc(Cl)cc3)c2cc1OCCCCCCC(=O)NO,1,IC50,6.21,1,CHEMBL598407
COc1cc2c(Nc3ccc(F)c(Cl)c3)ncnc2cc1OCCCCCCC(=O)NO,1,IC50,8.15,1,CHEMBL598610
C#Cc1cccc(Nc2ncnc3cc(OCCCCCCC(=O)NO)c(OC)cc23)c1,1,IC50,8.09,1,CHEMBL598611
COc1cc(/C=C2\SC(=N)NC2=O)ccc1OCCCOc1cc(C)cc(C)c1,0,IC50,4.25,1,CHEMBL602890
CN(CCN/N=N/c1ccc2ncnc(Nc3cccc(Cl)c3)c2c1)CCNS(=O)(=O)c1cccc2c(N(C)C)cccc12,1,IC50,6.22,1,CHEMBL591897
CC(C)c1nsc(C(=O)Nc2ccc3ncnc(Nc4cccc(Br)c4)c3c2)n1,1,IC50,6.89,1,CHEMBL606403
O=C(COc1c(F)c(F)c(F)c(F)c1F)Nc1ccc2ncnc(Nc3cccc(Br)c3)c2c1,1,IC50,7.63,6,CHEMBL597402
O=C(COc1ccccc1)Nc1ccc2ncnc(Nc3cccc(Br)c3)c2c1,1,IC50,8.03,3,CHEMBL604914
O=C(COc1ccc(F)cc1)Nc1ccc2ncnc(Nc3cccc(Br)c3)c2c1,1,IC50,8.07,3,CHEMBL597200
O=C(Nc1ccc2ncnc(Nc3cccc(Br)c3)c2c1)[C@@H]1O[C@H]1CN1CCCCC1,1,IC50,8.91,3,CHEMBL598007
O=C(Cn1sc2ccccc2c1=O)Nc1ccc2ncnc(Nc3cccc(Br)c3)c2c1,1,IC50,9.07,1,CHEMBL599047
O=C(O)[C@@H]1O[C@H]1C(=O)Nc1ccc2ncnc(Nc3cccc(Br)c3)c2c1,1,IC50,9.3,3,CHEMBL2021575
O=C(O)[C@H]1O[C@@H]1C(=O)Nc1ccc2ncnc(Nc3cccc(Br)c3)c2c1,1,IC50,9.31,3,CHEMBL2021576
O=C(CNC(=O)Oc1ccccc1)Nc1ccc2ncnc(Nc3cccc(Br)c3)c2c1,1,IC50,9.43,1,CHEMBL599863
O=C(Cn1sccc1=O)Nc1ccc2ncnc(Nc3cccc(Br)c3)c2c1,1,IC50,9.44,2,CHEMBL603266
N#CCC(=O)Nc1ccc2ncnc(Nc3cccc(Br)c3)c2c1,1,IC50,9.77,1,CHEMBL592617
CC(C)CC(=O)Nc1n[nH]c2c1CN(C(=O)C1CCN(C)CC1)C2(C)C,0,IC50 (>),5.0,2,CHEMBL1230607
CC(C)(C)C(=O)N1Cc2c(NC(=O)c3cc(F)cc(F)c3)n[nH]c2C1(C)C,0,IC50 (>),5.0,1,CHEMBL604712
CCCCCCOc1cc2c(Nc3ccc(F)c(Cl)c3)ncnc2cc1OC,1,IC50,6.97,1,CHEMBL608860
C=CCCCCOc1cc2c(Nc3ccc(F)c(Cl)c3)ncnc2cc1OC,1,IC50,7.49,1,CHEMBL589826
C=C=CCCCCCOc1cc2c(Nc3ccc(F)c(Cl)c3)ncnc2cc1O,1,IC50,8.35,1,CHEMBL590559
C#CCCCCCOc1cc2c(Nc3ccc(F)c(Cl)c3)ncnc2cc1OC,1,IC50,7.49,1,CHEMBL590558
C=C=CCCCCOc1cc2c(Nc3ccc(F)c(Cl)c3)ncnc2cc1O,1,IC50,7.18,1,CHEMBL591040
C#CCCCCOc1cc2c(Nc3ccc(F)c(Cl)c3)ncnc2cc1OC,1,IC50,7.06,1,CHEMBL591039
C=C=CCCCOc1cc2c(Nc3ccc(F)c(Cl)c3)ncnc2cc1O,1,IC50,8.5,1,CHEMBL591038
C#CCCCOc1cc2c(Nc3ccc(F)c(Cl)c3)ncnc2cc1OC,1,IC50,8.6,1,CHEMBL592216
C=C=CCCCOc1cc2c(Nc3cccc(Cl)c3)ncnc2cc1O,1,IC50,7.54,1,CHEMBL592215
C#CCCCOc1cc2c(Nc3cccc(Cl)c3)ncnc2cc1OC,1,IC50,7.75,1,CHEMBL592713
C=C=CCOc1cc2c(Nc3ccc(F)c(Cl)c3)ncnc2cc1O,1,IC50,7.62,1,CHEMBL597950
C#CCOc1cc2c(Nc3ccc(F)c(Cl)c3)ncnc2cc1OC,1,IC50,7.83,1,CHEMBL597949
C=C=CCOc1cc2c(Nc3cccc(Cl)c3)ncnc2cc1O,1,IC50,7.77,1,CHEMBL609321
C#CCOc1cc2c(Nc3cccc(Cl)c3)ncnc2cc1OC,1,IC50,7.59,1,CHEMBL597948
O=C1CSC(N/N=C/c2cc(Br)ccc2O)=N1,1,IC50,7.05,1,CHEMBL592457
O=C1CSC(N/N=C/c2cc(Cl)ccc2O)=N1,1,IC50,6.25,1,CHEMBL592480
O=C1CSC(N/N=C/c2cc(F)ccc2O)=N1,1,IC50,6.01,1,CHEMBL602328
O=C1CSC(N/N=C/c2cccc(Cl)c2)=N1,0,IC50,4.97,1,CHEMBL592139
O=C1CSC(N/N=C/c2cccc(F)c2)=N1,0,IC50,4.87,1,CHEMBL590877
O=C1CSC(N/N=C/c2cccc(O)c2)=N1,0,IC50,4.71,1,CHEMBL591051
Cc1cccc(/C=N/NC2=NC(=O)CS2)c1,0,IC50,4.63,1,CHEMBL590568
O=C1CSC(N/N=C/c2cccc([N+](=O)[O-])c2)=N1,0,IC50,4.58,1,CHEMBL591050
O=C1CSC(NN=C2CCCCCCC2)=N1,0,IC50,4.57,1,CHEMBL592240
COc1cccc(/C=N/NC2=NC(=O)CS2)c1,0,IC50,4.5,1,CHEMBL592141
O=C1CSC(NN=C2CCCCCC2)=N1,0,IC50,4.44,1,CHEMBL589165
O=C1CSC(NN=C2CCCCC2)=N1,0,IC50,4.39,1,CHEMBL591053
O=C1CSC(NN=C2CCC2)=N1,0,IC50 (>),4.3,1,CHEMBL591052
O=C1CSC(NN=C2CCCC2)=N1,0,IC50 (>),4.3,1,CHEMBL591000
CCCCN(Cc1cccc(Cl)c1O)C(=O)Nc1ccccc1,0,IC50,4.49,1,CHEMBL591706
O=C(Nc1ccccc1)N(Cc1ccc(O)cc1)Cc1cccc(Cl)c1O,1,IC50,6.02,1,CHEMBL592211
Cc1cc(C)c(O)c(CN(Cc2ccc(F)cc2)C(=O)Nc2ccccc2)c1,0,IC50,4.56,1,CHEMBL592210
Cc1cccc(CN(Cc2ccc(F)cc2)C(=O)Nc2ccccc2)c1O,0,IC50,4.66,1,CHEMBL600048
CCCCN(Cc1cccc(Br)c1O)C(=O)Nc1ccccc1,0,IC50,4.43,1,CHEMBL590962
CCCCN(Cc1cccc(C)c1O)C(=O)Nc1ccccc1,0,IC50 (>),4.3,1,CHEMBL591707
CCCCN(Cc1cc(Cl)cc(Cl)c1O)C(=O)Nc1ccccc1,0,IC50 (>),4.3,1,CHEMBL591708
CCCCN(Cc1cc(Br)cc(Br)c1O)C(=O)Nc1ccccc1,0,IC50 (>),4.3,1,CHEMBL590759
CCCCN(Cc1cc(C)cc(C)c1O)C(=O)Nc1ccccc1,0,IC50 (>),4.3,1,CHEMBL590997
Oc1c(Cl)cccc1CN(Cc1ccc(F)cc1)C(=S)Nc1ccccc1,1,IC50,6.17,1,CHEMBL589560
Oc1c(Br)cccc1CN(Cc1ccc(F)cc1)C(=S)Nc1ccccc1,1,IC50,6.01,1,CHEMBL589561
Cc1cc(C)c(O)c(CN(Cc2ccc(F)cc2)C(=S)Nc2ccccc2)c1,0,IC50,4.71,1,CHEMBL592224
Oc1ccc(CN(Cc2cccc(Cl)c2O)C(=S)Nc2ccccc2)cc1,1,IC50,7.1,1,CHEMBL592466
Oc1ccc(CN(Cc2cccc(Br)c2O)C(=S)Nc2ccccc2)cc1,1,IC50,6.92,1,CHEMBL604042
Oc1ccc(CN(Cc2cc(Cl)cc(Cl)c2O)C(=S)Nc2ccccc2)cc1,1,IC50,6.25,1,CHEMBL591288
Oc1ccc(CN(Cc2cc(Br)cc(Br)c2O)C(=S)Nc2ccccc2)cc1,1,IC50,6.06,1,CHEMBL592004
CCCCN(Cc1cccc(Cl)c1O)C(=S)Nc1ccccc1,0,IC50,4.74,1,CHEMBL589413
CCCCN(Cc1cccc(Br)c1O)C(=S)Nc1ccccc1,0,IC50,4.66,1,CHEMBL606027
CCCCN(Cc1cccc(C)c1O)C(=S)Nc1ccccc1,0,IC50,4.36,1,CHEMBL591437
CCCCN(Cc1cc(Cl)cc(Cl)c1O)C(=S)Nc1ccccc1,0,IC50,4.61,1,CHEMBL591440
CCCCN(Cc1cc(Br)cc(Br)c1O)C(=S)Nc1ccccc1,0,IC50,4.5,1,CHEMBL589590
Cc1cc(C)c(O)c(CN(Cc2ccccc2)C(=S)Nc2ccccc2)c1,0,IC50 (>),4.3,1,CHEMBL589365
O=C1Nc2ccc(F)cc2/C1=C1Nc2ccccc2C/1=N\O,0,IC50 (>),5.0,1,CHEMBL1077291
COCCCN1CCC([C@H]2CC[C@H](n3nc(-c4ccc5nc(Cc6ccccc6Cl)[nH]c5c4)c4c(N)ncnc43)CC2)CC1,1,IC50,7.24,1,CHEMBL2374457
COc1ccccc1Cc1nc2ccc(-c3nn([C@H]4CC[C@H](C5CCN(C)CC5)CC4)c4ncnc(N)c34)cc2[nH]1,1,IC50,7.24,1,CHEMBL2374458
CC1=C(C(=O)Nc2ccc(C)cc2)C(c2ccc(O)cc2O)NC(SCc2ccccc2)=N1,0,IC50,4.03,1,CHEMBL1087054
CC1=C(C(=O)Nc2cccc([N+](=O)[O-])c2)C(c2ccc(O)cc2O)NC(SCc2ccccc2)=N1,0,IC50,4.25,1,CHEMBL1087055
CC1=C(C(=O)Nc2ccc(C)cc2)C(c2ccc(O)cc2O)NC(NCc2ccccc2)=N1,0,IC50,4.63,1,CHEMBL1088348
CC1=C(C(=O)Nc2ccc(C)cc2)C(c2ccc(O)cc2O)NC(Nc2ccc([N+](=O)[O-])cc2Cl)=N1,0,IC50,4.21,1,CHEMBL1084117
CC1=C(C(=O)Nc2cccc([N+](=O)[O-])c2)C(c2ccc(O)cc2O)NC(NCc2ccccc2)=N1,0,IC50 (>),4.0,1,CHEMBL1084118
CC1=C(C(=O)Nc2cccc([N+](=O)[O-])c2)C(c2ccc(O)cc2O)NC(Nc2ccc([N+](=O)[O-])cc2Cl)=N1,0,IC50 (>),4.0,1,CHEMBL1086151
CC1=C(C(=O)Nc2cccc([N+](=O)[O-])c2)C(c2ccc(O)cc2O)NC(Nc2ccc(S(=O)(=O)Nc3ncccn3)cc2)=N1,0,IC50,4.05,1,CHEMBL1077068
CC1=C(C(=O)Nc2cccc([N+](=O)[O-])c2)C(c2ccc(O)cc2O)NC(Nc2ccc(S(=O)(=O)Nc3nc(C)cc(C)n3)cc2)=N1,0,IC50,4.1,1,CHEMBL1077069
CC1=C(C(=O)Nc2cccc([N+](=O)[O-])c2)C(c2ccc(O)cc2O)NC(Nc2ccc(S(=O)(=O)Nc3cc(C)on3)cc2)=N1,0,IC50 (>),4.0,1,CHEMBL1077070
Cc1ccc(NC(=O)c2c(C)nc(S(=O)(=O)Cc3ccccc3)nc2-c2ccc(O)cc2O)cc1,0,IC50 (>),4.0,1,CHEMBL1086152
Cc1nc(S(=O)(=O)Cc2ccccc2)nc(-c2ccc(O)cc2O)c1C(=O)Nc1cccc([N+](=O)[O-])c1,0,IC50 (>),4.0,1,CHEMBL1083509
CC1=C(C(=O)Nc2cccc([N+](=O)[O-])c2)C(c2ccc(O)cc2O)NC(NN)=N1,0,IC50,4.32,1,CHEMBL1077095
CC1=C(C(=O)Nc2cccc([N+](=O)[O-])c2)C(c2ccc(O)cc2O)NC(N/N=C/c2ccco2)=N1,0,IC50 (>),4.0,1,CHEMBL1083817
CC1=C(C(=O)Nc2cccc([N+](=O)[O-])c2)C(c2ccc(O)cc2O)NC(N/N=C/c2cccs2)=N1,0,IC50 (>),4.0,1,CHEMBL1082230
CC1=NN(C2=NC(C)=C(C(=O)Nc3cccc([N+](=O)[O-])c3)C(c3ccc(O)cc3O)N2)C(=O)/C1=C/c1ccco1,0,IC50 (>),4.0,1,CHEMBL1087440
CC1=NN(C2=NC(C)=C(C(=O)Nc3cccc([N+](=O)[O-])c3)C(c3ccc(O)cc3O)N2)C(=O)/C1=C/c1cccs1,0,IC50 (>),4.0,1,CHEMBL1087566
CC1=C(C(=O)Nc2cccc([N+](=O)[O-])c2)C(c2ccc(O)cc2O)NC(NN2C(=O)/C(=C\c3ccco3)SC2=S)=N1,0,IC50,4.0,1,CHEMBL1077107
CC1=C(C(=O)Nc2cccc([N+](=O)[O-])c2)C(c2ccc(O)cc2O)NC(NN2C(=O)/C(=C\c3cccs3)SC2=S)=N1,0,IC50,4.09,1,CHEMBL1077085
CC1=C(C(=O)Nc2cccc([N+](=O)[O-])c2)C(c2ccc(O)cc2O)NC(NN2C(=O)/C(=C\c3ccccc3)SC2=S)=N1,0,IC50 (>),4.0,1,CHEMBL1077086
O=C(Nc1cccc(-c2cn3ccnc3c(NCc3ccncc3)n2)c1)Nc1cccc(C(F)(F)F)c1,0,IC50,4.3,1,CHEMBL1081198
Cc1c(C(=O)NCCN2CCOCC2)[nH]c2cnnc(Nc3ccc(OCc4cccc(F)c4)c(Cl)c3)c12,0,IC50,4.9,1,CHEMBL1080506
CCN(CC)CCNC(=O)c1cc2cnnc(Nc3ccc(OCc4cccc(F)c4)c(Cl)c3)c2[nH]1,0,IC50 (>),5.0,2,CHEMBL1080271
O=C(NCCN1CCCC1)c1cc2cnnc(Nc3ccc(OCc4cccc(F)c4)c(Cl)c3)c2[nH]1,0,IC50 (>),5.0,2,CHEMBL1080272
CCOC(=O)c1[nH]c(C)c2cnnc(Nc3ccc(OCc4cccc(F)c4)c(Cl)c3)c12,0,IC50 (>),5.0,1,CHEMBL1080990
COc1cc2c(cc1Cl)C(c1ccc(Cl)c(Cl)c1)=NCC2,0,IC50 (>),5.0,1,CHEMBL1087421
COc1cc2c(cc1Cl)C(c1cccc(Cl)c1)=NCC2,0,IC50 (>),5.0,1,CHEMBL1088633
Nc1nc2ccc(-c3c(-c4cccc(NC(=O)c5ccccc5Cl)c4)nc4sccn34)cc2[nH]1,0,IC50 (>),4.9,1,CHEMBL1093486
O=C(Nc1cccc(-c2nc3sccn3c2-c2ccncc2)c1)c1ccccc1Cl,1,IC50,6.62,1,CHEMBL1091613
O=C(Nc1cccc(-c2nc3sccn3c2-c2ccnc(Nc3ccccc3)n2)c1)c1ccccc1Cl,1,IC50,7.08,1,CHEMBL1093815
O=C(Nc1cccc(-c2nc3sccn3c2-c2ccnc(Nc3ccccc3)n2)c1)c1ccccc1,1,IC50,7.26,1,CHEMBL1093234
O=[N+]([O-])c1cccc(-c2nc3sccn3c2-c2ccnc(Nc3ccccc3)n2)c1,1,IC50,6.64,1,CHEMBL1093235
O=C(Nc1cccc(-c2nc3sccn3c2-c2ccnc(Nc3ccc(N4CCOCC4)cc3)n2)c1)c1ccccc1,1,IC50,8.1,1,CHEMBL1090350
O=C(Nc1cccc(-c2nc3sccn3c2-c2ccnc(Nc3ccc(N4CCOCC4)cc3)n2)c1)c1c(F)cccc1F,1,IC50,8.72,1,CHEMBL1090351
O=C(CC1CCCCC1)Nc1cccc(-c2nc3sccn3c2-c2ccnc(Nc3ccc(N4CCOCC4)cc3)n2)c1,1,IC50,6.06,1,CHEMBL1090352
O=C(CC1CCCC1)Nc1cccc(-c2nc3sccn3c2-c2ccnc(Nc3ccc(N4CCOCC4)cc3)n2)c1,1,IC50,6.18,1,CHEMBL1090353
O=C(Nc1ccccc1)Nc1cccc(-c2nc3sccn3c2-c2ccnc(Nc3ccc(N4CCOCC4)cc3)n2)c1,1,IC50,7.0,1,CHEMBL1090354
O=C(Nc1cccc(-c2nc3sccn3c2-c2ccnc(Nc3ccc(N4CCOCC4)cc3)n2)c1)Oc1ccccc1,1,IC50,6.72,1,CHEMBL1090355
O=C(Cc1ccccc1)Nc1cccc(-c2nc3sccn3c2-c2ccnc(Nc3ccc(N4CCOCC4)cc3)n2)c1,1,IC50,7.2,3,CHEMBL1090356
O=C(Nc1cccc(-c2nc3sccn3c2-c2ccnc(Nc3cccc(N4CCOCC4)c3)n2)c1)c1c(F)cccc1F,1,IC50,8.21,1,CHEMBL1088931
CN(C)CCc1ccc(Nc2nccc(-c3c(-c4cccc(NC(=O)c5c(F)cccc5F)c4)nc4sccn34)n2)cc1,1,IC50,9.11,2,CHEMBL1090357
CCN1CCN(c2ccc(Nc3nccc(-c4c(-c5cccc(NC(=O)c6c(F)cccc6F)c5)nc5sccn45)n3)cc2)CC1,1,IC50,9.02,2,CHEMBL1090358
O=C(Nc1cccc(-c2nc3sccn3c2-c2ccnc(Nc3ccc4c(c3)CCNC4)n2)c1)c1c(F)cccc1F,1,IC50,8.64,1,CHEMBL1090359
O=C(Cc1ccccc1)Nc1cccc(-c2nc3sccn3c2-c2ccnc(Nc3cccc(N4CCOCC4)c3)n2)c1,1,IC50,7.25,3,CHEMBL1090360
CN1CCc2cc(Nc3nccc(-c4c(-c5cccc(NC(=O)Cc6ccccc6)c5)nc5sccn45)n3)ccc2C1,1,IC50,7.24,1,CHEMBL1090361
CCN1CCN(c2ccc(Nc3nccc(-c4c(-c5cccc(NC(=O)Cc6ccccc6)c5)nc5sccn45)n3)cc2)CC1,1,IC50,7.8,2,CHEMBL1090362
CN(C)CCc1cccc(Nc2nccc(-c3c(-c4cccc(NC(=O)Cc5ccccc5)c4)nc4sccn34)n2)c1,1,IC50,7.62,1,CHEMBL1090363
O=C(Cc1ccccc1)Nc1cccc(-c2nc3sccn3c2-c2ccnc(Nc3ccc4c(c3)CCNC4)n2)c1,1,IC50,8.19,2,CHEMBL1090364
C[C@]1(O)C[C@@H](c2nc(-c3ccc4ccc(-c5ccccc5)nc4c3)c3c(N)nccn32)C1,0,IC50 (>),5.0,5,CHEMBL1091644
Nc1nc(N)c2c(n1)[nH]c1cccc(Sc3ccccc3)c12,0,IC50,4.82,2,CHEMBL1093099
Cc1ccc(Sc2cccc3[nH]c4nc(N)nc(N)c4c23)cc1,0,IC50,4.98,1,CHEMBL1093100
CN(C)CCCC(=O)Nc1ccc2ncnc(Nc3cccc(Br)c3)c2c1,1,IC50,6.72,1,CHEMBL1088901
CN(C)CCCC(=O)Nc1ccc2nccc(Nc3cccc(Br)c3)c2c1,1,IC50,9.3,3,CHEMBL1089524
CCC(=O)Nc1ccc2nccc(Nc3cccc(Br)c3)c2c1,1,IC50,8.55,3,CHEMBL1092382
C=CC(=O)Nc1ccc2nccc(Nc3cccc(Br)c3)c2c1,1,IC50,8.49,1,CHEMBL1090840
C#Cc1cccc(Nc2ccnc3cc(OC)c(OC)cc23)c1,1,IC50,8.4,3,CHEMBL1092250
C#Cc1cccc(Nc2ccnc3cc(OCCOC)c(OCCOC)cc23)c1,1,IC50,7.85,3,CHEMBL1089203
NC1CCc2c(c3cc(OCCc4ccc(O)cc4)ccc3n2CCCCCc2ccccc2)C1,1,IC50,6.01,4,CHEMBL1098120
NCCc1c[nH]c2ccc(O)cc12,0,IC50 (>),4.3,1,CHEMBL535832
CSc1ccc(CCCCCn2cc(CCNC(=O)OC(C)(C)C)c3cc(OCCc4ccc(O)cc4)ccc32)cc1,0,IC50 (>),4.3,1,CHEMBL1099339
NC1CCc2[nH]c3ccc(OCCc4ccc(O)cc4)cc3c2C1,0,IC50,4.82,1,CHEMBL1097190
COCCc1ccc(O)cc1,0,IC50 (>),4.3,1,CHEMBL1094369
COc1ccc(N2CCN(C)CC2)cc1Nc1ncc2c(n1)-c1c(c(C(N)=O)nn1C)CC2,0,IC50 (>),5.0,2,CHEMBL1094408
Brc1cccc(Nc2ncnc3[nH]c(CCc4ccccc4)cc23)c1,0,IC50 (>),3.7,1,CHEMBL1094423
C#Cc1cccc(Nc2ncnc3[nH]c(CCc4ccccc4)cc23)c1,0,IC50 (>),3.7,1,CHEMBL1096972
FC(F)(F)c1cccc(Nc2ncnc3[nH]c(CCc4ccccc4)cc23)c1,0,IC50 (>),3.7,1,CHEMBL1097743
Fc1ccc(Nc2ncnc3[nH]c(CCc4ccccc4)cc23)cc1Br,0,IC50 (>),3.7,1,CHEMBL1096737
Fc1ccc(Nc2ncnc3[nH]c(CCc4ccccc4)cc23)cc1C(F)(F)F,0,IC50 (>),3.7,1,CHEMBL1096415
Fc1cc(Cl)ccc1Nc1ncnc2[nH]c(CCc3ccccc3)cc12,0,IC50 (>),3.7,1,CHEMBL1096416
c1ccc(CCc2cc3c(Nc4ccc5[nH]ccc5c4)ncnc3[nH]2)cc1,0,IC50,4.25,1,CHEMBL1097368
Nc1nc(Nc2cccc(Br)c2)c2cc(Cc3ccc(Cl)cc3Cl)[nH]c2n1,1,IC50,6.7,2,CHEMBL1095761
Nc1nc(Nc2ccc(Br)cc2Cl)c2cc(Cc3ccc(Cl)cc3Cl)[nH]c2n1,0,IC50 (>),3.52,1,CHEMBL1095762
Nc1nc(Nc2cccc(C(F)(F)F)c2)c2cc(Cc3ccc(Cl)cc3Cl)[nH]c2n1,0,IC50,4.57,1,CHEMBL1095445
C#Cc1cccc(Nc2nc(N)nc3[nH]c(Cc4ccc(Cl)cc4Cl)cc23)c1,0,IC50,4.26,1,CHEMBL1094475
Nc1nc(Nc2ccc(C(F)(F)F)c(F)c2)c2cc(Cc3ccc(Cl)cc3Cl)[nH]c2n1,0,IC50,4.04,1,CHEMBL1094808
CC(C)c1ccc(Nc2nc(N)nc3[nH]c(Cc4ccc(Cl)cc4Cl)cc23)cc1,0,IC50,4.34,1,CHEMBL1095463
CC(C)c1ccccc1Nc1nc(N)nc2[nH]c(Cc3ccc(Cl)cc3Cl)cc12,0,IC50,4.02,1,CHEMBL1095776
COc1ccc(OC)c(Cc2cc3c(Nc4cccc(Br)c4)nc(N)nc3[nH]2)c1,0,IC50,4.9,3,CHEMBL1095465
Cc1ccccc1Cc1cc2c(Nc3cccc(Br)c3)ncnc2[nH]1,0,IC50 (>),3.52,1,CHEMBL1095466
COc1ccc(OC)c(Cc2cc3c(Nc4cccc(Br)c4)ncnc3[nH]2)c1,0,IC50 (>),3.52,1,CHEMBL1094782
Clc1ccc(Cc2cc3c(Nc4cccc(Br)c4)ncnc3[nH]2)c(Cl)c1,0,IC50 (>),3.52,1,CHEMBL1094783
FC(F)(F)c1cccc(Nc2ncnc3[nH]c(Cc4ccc(Cl)cc4Cl)cc23)c1,0,IC50,4.48,1,CHEMBL1094784
C#Cc1cccc(Nc2ncnc3[nH]c(Cc4ccc(Cl)cc4Cl)cc23)c1,0,IC50 (>),3.52,1,CHEMBL1098440
CC(C)COC(=O)Nc1ccc(-c2cnc3c(-c4ccc(N5CCN(C)CC5)cc4)cnn3c2N)cc1,0,IC50 (>),5.0,1,CHEMBL1085511
Cc1ccc(Br)c2c(C#N)cc(C(=O)C3CC3)n12,1,IC50,7.07,1,CHEMBL1171792
NC(=S)N1N=C(c2ccc(Br)c(Br)c2)CC1c1ccccc1F,0,IC50,4.87,1,CHEMBL1173324
NC(=S)N1N=C(c2ccc(Br)c(Br)c2)CC1c1ccc([N+](=O)[O-])cc1,0,IC50,4.97,1,CHEMBL1173191
NC(=S)N1N=C(c2ccc(Br)c(Br)c2)CC1c1ccc(O)cc1,0,IC50,4.95,1,CHEMBL1173192
Cc1ccc(C2=NN(C(N)=S)C(c3ccc(O)cc3)C2)cc1C,1,IC50,6.89,1,CHEMBL1173815
COc1ccc(C2CC(c3ccc(C)c(C)c3)=NN2C(N)=S)cc1,1,IC50,7.16,1,CHEMBL1173814
Cc1ccc(C2CC(c3ccc(C)c(C)c3)=NN2C(N)=S)cc1,1,IC50,6.47,1,CHEMBL1173813
Cc1ccc(C2=NN(C(N)=S)C(c3ccc(F)cc3)C2)cc1C,1,IC50,6.08,1,CHEMBL1173455
NC(=S)N1N=C(c2ccc(Br)c(Br)c2)CC1c1ccccc1Cl,0,IC50,4.91,1,CHEMBL1173251
NC(=S)N1N=C(c2ccc(Br)c(Br)c2)CC1c1ccccc1Br,0,IC50,4.96,1,CHEMBL1173250
CC(=O)N1N=C(c2ccc(Cl)c(Cl)c2)CC1c1ccc(F)cc1,0,IC50,4.74,1,CHEMBL1173249
CC(=O)N1N=C(c2ccc(Cl)c(Cl)c2)CC1c1ccc(Cl)cc1,0,IC50,4.79,1,CHEMBL1173248
CC(=O)N1N=C(c2ccc(Cl)c(Cl)c2)CC1c1ccc(Br)cc1,0,IC50,4.73,1,CHEMBL1173816
CC(=O)N1N=C(c2ccc(Cl)c(Cl)c2)CC1c1ccc(C)cc1,0,IC50,4.71,1,CHEMBL1171822
COc1ccc(C2CC(c3ccc(Cl)c(Cl)c3)=NN2C(C)=O)cc1,0,IC50,4.76,1,CHEMBL1173680
CC(=O)N1N=C(c2ccc(Cl)c(Cl)c2)CC1c1ccccc1Cl,0,IC50,4.62,1,CHEMBL1172418
CC(=O)N1N=C(c2ccc(Cl)c(Cl)c2)CC1c1ccccc1,0,IC50,4.54,1,CHEMBL1172419
COc1cc(OC)cc(C2CC(c3ccc(Cl)c(Cl)c3)=NN2C(C)=O)c1,0,IC50,4.59,1,CHEMBL1172602
CC(=O)N1N=C(c2ccc(C)c(C)c2)CC1c1ccc(F)cc1,0,IC50,4.81,1,CHEMBL1172603
CC(=O)N1N=C(c2ccc(C)c(C)c2)CC1c1ccc(Cl)cc1,0,IC50,4.71,1,CHEMBL1173022
CC(=O)N1N=C(c2ccc(C)c(C)c2)CC1c1ccc(Br)cc1,0,IC50,4.69,1,CHEMBL1173023
CC(=O)N1N=C(c2ccc(C)c(C)c2)CC1c1ccc(C)cc1,0,IC50,4.76,1,CHEMBL1173319
COc1ccc(C2CC(c3ccc(C)c(C)c3)=NN2C(C)=O)cc1,0,IC50,4.82,1,CHEMBL1173397
CC(=O)N1N=C(c2ccc(C)c(C)c2)CC1c1ccccc1Cl,0,IC50,4.67,1,CHEMBL1171638
CC(=O)N1N=C(c2ccc(C)c(C)c2)CC1c1ccccc1,0,IC50,4.7,1,CHEMBL1173398
COc1cc(OC)cc(C2CC(c3ccc(C)c(C)c3)=NN2C(C)=O)c1,0,IC50,4.76,1,CHEMBL1173105
COc1ccc(/C=C/C(=O)OCCn2c([N+](=O)[O-])cnc2C)cc1,0,IC50,4.96,1,CHEMBL1173713
Cc1ncc([N+](=O)[O-])n1CCOC(=O)/C=C/c1ccc(-c2ccccc2)cc1,1,IC50,6.21,2,CHEMBL1173718
Cc1ncc([N+](=O)[O-])n1CCOC(=O)/C=C/c1ccccc1F,0,IC50,4.57,1,CHEMBL1172877
Cc1ncc([N+](=O)[O-])n1CCOC(=O)/C=C/c1ccccc1Cl,0,IC50,4.68,1,CHEMBL1172878
Cc1ncc([N+](=O)[O-])n1CCOC(=O)/C=C/c1ccccc1Br,0,IC50,4.61,1,CHEMBL1172947
Cc1ncc([N+](=O)[O-])n1CCOC(=O)/C=C/c1ccccc1[N+](=O)[O-],0,IC50,4.6,1,CHEMBL1173789
COc1ccccc1/C=C/C(=O)OCCn1c([N+](=O)[O-])cnc1C,0,IC50,4.5,1,CHEMBL1171273
Cc1ncc([N+](=O)[O-])n1CCOC(=O)/C=C/c1cccc([N+](=O)[O-])c1,0,IC50,4.84,1,CHEMBL1172950
Cc1ncc([N+](=O)[O-])n1CCOC(=O)/C=C/c1cccc(F)c1,0,IC50,4.91,1,CHEMBL1172951
COc1cccc(/C=C/C(=O)OCCn2c([N+](=O)[O-])cnc2C)c1,0,IC50,4.86,1,CHEMBL1173014
C=CC(=O)Nc1cccc(-c2c(-c3ccccc3)oc3ncnc(N[C@H](CO)c4ccccc4)c23)c1,1,IC50,8.15,8,CHEMBL1172843
C=CC(=O)Nc1ccc2ncnc(Nc3ccc(C(C)(C)C)cc3)c2c1,1,IC50,6.16,1,CHEMBL1221700
CNC/C=C/C(=O)Nc1cc2c(Nc3ccc(F)c(Cl)c3)c(C#N)cnc2cc1OCCF,1,IC50,9.54,2,CHEMBL1243284
CCOc1cc2ncc(C#N)c(Nc3ccc(F)c(Cl)c3)c2cc1NC(=O)/C=C/CNC,1,IC50,9.6,2,CHEMBL1243255
CCOc1cc2ncc(C#N)c(Nc3ccc(F)c(Cl)c3)c2cc1NC(=O)/C=C/c1cn(CCF)nn1,1,IC50,8.39,1,CHEMBL1243346
CCOc1cc2ncc(C#N)c(Nc3ccc(F)c(Cl)c3)c2cc1NC(=O)/C=C/CNCc1cn(CCF)nn1,1,IC50,8.74,2,CHEMBL1243283
CCOc1cc2ncc(C#N)c(Nc3ccc(F)c(Cl)c3)c2cc1NC(=O)/C=C/CN(C)Cc1ccc(F)cc1,1,IC50,9.24,2,CHEMBL1243254
CCOc1cc2ncc(C#N)c(Nc3ccc(F)c(Cl)c3)c2cc1NC(=O)/C=C/CN(C)CCF,1,IC50,9.1,2,CHEMBL1243345
C#CCNC/C=C/C(=O)Nc1cc2c(Nc3ccc(F)c(Cl)c3)c(C#N)cnc2cc1OCC,1,IC50,10.52,2,CHEMBL1243316
CNc1nccc(-c2cccnc2Oc2ccc(Nc3nnc(-c4ccc(F)cc4)c4ccccc34)cc2)n1,0,IC50 (>),4.6,1,CHEMBL1243326
CC(C)n1nc(-c2cc(O)cc(Br)c2)c2c(N)ncnc21,1,IC50,6.6,1,CHEMBL1242285
Cn1nc(-c2ccc(Br)c(O)c2)c2c(N)ncnc21,0,IC50,4.0,1,CHEMBL1241299
Nc1ncnc2c1c(-c1ccc(Br)c(O)c1)nn2C1CCC1,1,IC50,6.49,1,CHEMBL1242287
Nc1ncnc2c1c(-c1ccc(Br)c(O)c1)nn2C1CCCC1,1,IC50,6.63,1,CHEMBL1242376
C[C@H](CN)n1nc(-c2ccc(F)c(O)c2)c2c(N)ncnc21,0,IC50,4.0,1,CHEMBL1242378
C[C@@H](CN)n1nc(-c2ccc(F)c(O)c2)c2c(N)ncnc21,0,IC50,4.58,1,CHEMBL1242468
N#CCCCn1nc(-c2ccc(F)c(O)c2)c2c(N)ncnc21,0,IC50,4.75,1,CHEMBL1242469
N#CCCCCn1nc(-c2ccc(F)c(O)c2)c2c(N)ncnc21,0,IC50,4.96,1,CHEMBL1242470
Nc1ncnc2c1c(-c1ccc(F)c(O)c1)nn2C1CCCC1,1,IC50,6.5,1,CHEMBL1242568
CC1CCC(n2nc(-c3ccc(F)c(O)c3)c3c(N)ncnc32)C1,1,IC50,6.44,1,CHEMBL1242656
Nc1ncnc2c1c(-c1ccc(F)c(O)c1)nn2[C@@H]1CCNC1,0,IC50,4.81,1,CHEMBL1242658
Nc1ncnc2c1c(-c1ccc(F)c(O)c1)nn2C1CCCCCC1,1,IC50,6.11,1,CHEMBL1242750
Nc1ncnc2c1c(-c1ccc(F)c(O)c1)nn2CC1CCNCC1,0,IC50,4.0,1,CHEMBL1242844
Cc1nn(-c2ccccc2)nc1Cn1nc(-c2ccc(F)c(O)c2)c2c(N)ncnc21,0,IC50,4.0,1,CHEMBL1242845
Nc1ncnc2c1c(-c1ccc(F)c(O)c1)nn2Cc1ocnc1-c1ccccc1,0,IC50,4.0,1,CHEMBL1241482
CC(C)n1nc(-c2ccc(Cl)c(O)c2)c2c(N)ncnc21,1,IC50,6.8,1,CHEMBL1241484
COc1cc(-c2nn(C(C)C)c3ncnc(N)c23)ccc1NC(=O)OC(C)(C)C,1,IC50,6.77,1,CHEMBL1241481
CC(C)n1nc(-c2ccc(Br)c(O)c2)c2c(N)ncnc21,1,IC50,6.26,1,CHEMBL1241578
Nc1ncnc2c1c(-c1cnc3[nH]ccc3c1)nn2C1CCCC1,1,IC50,6.58,2,CHEMBL1081312
CC(C)n1nc(-c2ccc3ncccc3c2)c2c(N)ncnc21,1,IC50,6.21,2,CHEMBL1233882
Nc1ncnc2c1c(-c1ccn3ccnc3c1)nn2C1CCCC1,0,IC50,4.92,1,CHEMBL1241675
Cc1ccccc1-n1c(Cn2nc(-c3cccc(O)c3)c3c(N)ncnc32)nc2cccc(C)c2c1=O,0,IC50 (>),4.3,1,CHEMBL1241767
CC(C)n1nc(-c2cccc(O)c2)c2c(N)ncnc21,1,IC50,6.02,2,CHEMBL1230790
Cn1nc(-c2ccc3ccccc3c2)c2c(N)ncnc21,1,IC50,6.41,2,CHEMBL1234815
CC(C)n1nc(-c2ccc(O)cc2)c2c(N)ncnc21,1,IC50,6.04,1,CHEMBL1241241
Cc1cc(O)ccc1-c1nn(C(C)C)c2ncnc(N)c12,1,IC50,6.02,1,CHEMBL1242024
Cc1ccc(-c2n[nH]c3ncnc(N)c23)cc1O,0,IC50,4.91,1,CHEMBL1241270
Cc1ccc(-c2nn(C)c3ncnc(N)c23)cc1O,0,IC50,4.72,1,CHEMBL1241271
Cc1ccc(-c2nn(C(C)C)c3ncnc(N)c23)cc1O,1,IC50,6.18,1,CHEMBL1242026
CC(C)n1nc(-c2cc(O)cc(F)c2)c2c(N)ncnc21,1,IC50,6.24,1,CHEMBL1242198
Nc1ncnc2c1c(-c1cc(O)cc(F)c1)nn2C1CCCC1,1,IC50,6.12,1,CHEMBL1242199
COc1cc(Br)cc(-c2nn(C(C)C)c3ncnc(N)c23)c1,0,IC50,4.96,1,CHEMBL1242200
COc1ccc(-c2nn(C[C@H](C)CO)c3ncnc(N)c23)cc1OC,0,IC50,4.92,1,CHEMBL1242380
COc1ccc(-c2nn(C[C@@H](C)CO)c3ncnc(N)c23)cc1OC,0,IC50,4.75,1,CHEMBL1242381
CCOc1ccc(-c2n[nH]c3ncnc(N)c23)cc1OC,0,IC50,4.0,1,CHEMBL1242471
CCOc1cc(-c2nn(C(C)C)c3ncnc(N)c23)ccc1OC,0,IC50,4.27,1,CHEMBL1242752
COc1ncc(-c2nn(C(C)C)c3ncnc(N)c23)c(OC)n1,0,IC50,4.0,1,CHEMBL1242846
Nc1ccc(-c2nn(C3CCCC3)c3ncnc(N)c23)cc1O,1,IC50,7.48,1,CHEMBL1241487
COc1cc(-c2nn(C3CCCC3)c3ncnc(N)c23)ccc1N,1,IC50,7.08,1,CHEMBL1241581
CC(C)n1nc(-c2cccc(CO)c2)c2c(N)ncnc21,0,IC50,4.0,1,CHEMBL1241582
CC(C)n1nc(-c2cccc(CC#N)c2)c2c(N)ncnc21,0,IC50,4.77,1,CHEMBL1241583
CC(C)n1nc(-c2ccc(CC#N)cc2)c2c(N)ncnc21,0,IC50,4.89,1,CHEMBL1240545
CC(C)n1nc(-c2cccc(C#N)c2)c2c(N)ncnc21,0,IC50,4.0,1,CHEMBL1241679
CC(C)n1nc(-c2ccc(F)c(C#N)c2)c2c(N)ncnc21,0,IC50,4.0,1,CHEMBL1241680
CC(C)n1nc(-c2ccc(C#N)nc2)c2c(N)ncnc21,0,IC50,4.0,1,CHEMBL1241772
CC(C)n1nc(-c2cccnc2)c2c(N)ncnc21,0,IC50,4.0,1,CHEMBL1241390
CC(C)n1nc(-c2cncnc2)c2c(N)ncnc21,0,IC50,4.0,1,CHEMBL1241391
CC(=O)c1ccc(-c2nn(C(C)C)c3ncnc(N)c23)cc1,0,IC50,4.92,1,CHEMBL1241773
CC(C)n1nc(-c2ccc(C(N)=O)c(Cl)c2)c2c(N)ncnc21,0,IC50,4.0,1,CHEMBL1241862
CC(C)n1nc(-c2cccc(NS(C)(=O)=O)c2)c2c(N)ncnc21,0,IC50,4.0,1,CHEMBL1241948
CC(C)n1nc(-c2ccc(NS(C)(=O)=O)cc2)c2c(N)ncnc21,0,IC50,4.89,1,CHEMBL1242030
CC(C)n1nc(-c2cccc(S(N)(=O)=O)c2)c2c(N)ncnc21,0,IC50,4.0,1,CHEMBL1242031
CC(C)n1nc(-c2ccc(S(N)(=O)=O)cc2)c2c(N)ncnc21,0,IC50,4.0,1,CHEMBL1242032
CC(C)n1nc(-c2cccc(C(=O)NC3=NCCS3)c2)c2c(N)ncnc21,1,IC50,6.24,1,CHEMBL1242115
Nc1ncnc2c1c(-c1ccc(Cl)c(O)c1)nn2C1CCCC1,1,IC50,7.17,1,CHEMBL1241676
Nc1ncnc2c1c(-c1ccc(Cl)c(O)c1)nn2[C@@H]1CCNC1,0,IC50,4.91,1,CHEMBL1241677
Nc1ncnc2c1c(-c1ccc(Cl)c(O)c1)nn2CC1CCNCC1,0,IC50,4.0,1,CHEMBL1241859
Nc1ncnc2c1c(-c1ccc(Cl)c(O)c1)nn2CCC1CCCNC1,0,IC50,4.69,1,CHEMBL1241943
COc1cc(F)c(-c2nn(C(C)C)c3ncnc(N)c23)cc1F,0,IC50,4.99,1,CHEMBL1242027
COc1cc(-c2nn(C(C)C)c3ncnc(N)c23)ccc1O,1,IC50,6.04,1,CHEMBL1242112
COc1ccc(-c2n[nH]c3ncnc(N)c23)cc1O,0,IC50,4.0,1,CHEMBL1241300
COc1ccc(-c2nn(C)c3ncnc(N)c23)cc1O,0,IC50,4.0,1,CHEMBL1241301
COc1ccc(-c2nn(C3CCCC3)c3ncnc(N)c23)cc1O,1,IC50,6.36,1,CHEMBL1242201
COc1ccc(-c2nn(C3CCC(C)C3)c3ncnc(N)c23)cc1O,1,IC50,6.57,1,CHEMBL1242202
COc1ccc(-c2nn(C3CNC3)c3ncnc(N)c23)cc1O,0,IC50,4.77,1,CHEMBL1242203
COc1ccc(-c2nn([C@@H]3CCNC3)c3ncnc(N)c23)cc1O,0,IC50,4.9,1,CHEMBL1242288
CCOc1ccc(-c2nn(C3CCCC3)c3ncnc(N)c23)cc1O,1,IC50,6.12,1,CHEMBL1242289
CCOc1ccc2cc(-c3nn(C)c4ncnc(N)c34)ccc2c1,0,IC50,4.68,1,CHEMBL1242661
CC(C)n1nc(-c2ccc3cc(O)ccc3c2)c2c(N)ncnc21,1,IC50,7.06,1,CHEMBL1242662
CC(C)n1nc(-c2cc3ccccc3nc2Cl)c2c(N)ncnc21,0,IC50,4.0,1,CHEMBL1242663
CC(C)n1nc(-c2cnc3ccccc3c2)c2c(N)ncnc21,1,IC50,6.0,1,CHEMBL1242754
Nc1ncnc2c1c(-c1cnc3ccccc3c1)nn2C1CCCC1,1,IC50,6.27,1,CHEMBL1242755
Cn1nc(-c2ccc3ncccc3c2)c2c(N)ncnc21,0,IC50,4.47,1,CHEMBL1242756
Cc1ccc2cc(-c3nn(C(C)C)c4ncnc(N)c34)ccc2n1,0,IC50,4.0,1,CHEMBL1241682
CC(C)n1nc(-c2ccc3nc(Cl)ccc3c2)c2c(N)ncnc21,0,IC50,4.0,1,CHEMBL1241683
CC(C)n1nc(-c2ccc3nccnc3c2)c2c(N)ncnc21,0,IC50,4.75,1,CHEMBL1241774
CC(C)n1nc(-c2cnc3nccnc3c2)c2c(N)ncnc21,0,IC50,4.16,1,CHEMBL1241775
CC(C)n1nc(-c2ccc3nc(N)ccc3c2)c2c(N)ncnc21,0,IC50,4.92,1,CHEMBL1241949
CC(C)n1nc(-c2ccc3nccc(NC(=O)OC(C)(C)C)c3c2)c2c(N)ncnc21,0,IC50,4.0,1,CHEMBL1242033
CC(C)n1nc(-c2ccc3nccc(N)c3c2)c2c(N)ncnc21,0,IC50,4.0,1,CHEMBL1242034
CC(C)n1nc(-c2ccc3occc(=O)c3c2)c2c(N)ncnc21,0,IC50,4.54,1,CHEMBL1242118
Nc1ncnc2c1c(-c1ccc3occc(=O)c3c1)nn2C1CCCC1,0,IC50,4.0,1,CHEMBL1242119
CC(C)n1nc(-c2ccc3cnccc3c2)c2c(N)ncnc21,0,IC50,4.6,1,CHEMBL1242207
CC(C)n1nc(-c2ccc3ccncc3c2)c2c(N)ncnc21,0,IC50,4.0,1,CHEMBL1242208
Cc1ccc2ccc(-c3nn(C(C)C)c4ncnc(N)c34)cc2n1,0,IC50,4.75,1,CHEMBL1242209
Cn1nc(-c2cnc3[nH]ccc3c2)c2c(N)ncnc21,0,IC50,4.82,1,CHEMBL1240565
CC(C)n1nc(-c2cnc3[nH]ccc3c2)c2c(N)ncnc21,1,IC50,6.42,1,CHEMBL1242293
CC(C)n1nc(-c2ccc3[nH]ccc3c2)c2c(N)ncnc21,1,IC50,6.75,1,CHEMBL1242294
Nc1ncnc2c1c(-c1ccc3[nH]ccc3c1)nn2C1CCCC1,1,IC50,6.13,1,CHEMBL1242295
CC(C)n1nc(-c2ccc3c(ccn3C)c2)c2c(N)ncnc21,1,IC50,6.02,1,CHEMBL1242384
Cn1ccc2cc(-c3nn(C4CCCC4)c4ncnc(N)c34)ccc21,1,IC50,6.27,1,CHEMBL1242385
Nc1ncnc2c1c(-c1ccc3[nH]ncc3c1)nn2C1CCCC1,1,IC50,6.24,1,CHEMBL1242475
CC(C)n1nc(-c2ccc3c(N)n[nH]c3c2)c2c(N)ncnc21,1,IC50,6.68,1,CHEMBL1242476
Nc1ncnc2c1c(-c1ccc3cn[nH]c3c1)nn2C1CCCC1,1,IC50,6.12,1,CHEMBL1242572
CC(C)n1nc(-c2ccc3cc[nH]c3c2)c2c(N)ncnc21,1,IC50,6.66,1,CHEMBL1242574
Nc1ncnc2c1c(-c1ccc3cc[nH]c3c1)nn2C1CCCC1,1,IC50,7.07,1,CHEMBL1242664
CC(C)n1nc(-c2ccn3ccnc3c2)c2c(N)ncnc21,0,IC50,4.35,1,CHEMBL1242665
CC(C)n1nc(-c2ccc3c(C=O)c[nH]c3c2)c2c(N)ncnc21,1,IC50,6.2,1,CHEMBL1242666
CC(C)n1nc(-c2ccc3c(ccn3C(=O)OC(C)(C)C)c2)c2c(N)ncnc21,1,IC50,6.75,1,CHEMBL1242852
CC(C)(C)OC(=O)n1ccc2cc(-c3nn(C4CCCC4)c4ncnc(N)c34)ccc21,1,IC50,6.41,1,CHEMBL1242853
CC(C)n1nc(-c2ccc3occc3c2)c2c(N)ncnc21,1,IC50,6.02,1,CHEMBL1241490
Nc1ncnc2c1c(-c1ccc3occc3c1)nn2C1CCCC1,1,IC50,6.24,1,CHEMBL1241491
CC(C)n1nc(-c2ccc3[nH]c(=O)[nH]c3c2)c2c(N)ncnc21,1,IC50,6.03,1,CHEMBL1241586
CC(C)n1nc(-c2ccc3c(c2)OCCO3)c2c(N)ncnc21,0,IC50,4.82,1,CHEMBL1241588
CC(C)n1nc(-c2cc3cc(C=O)ccc3s2)c2c(N)ncnc21,0,IC50,4.0,1,CHEMBL1241684
C[C@]12O[C@H](C[C@]1(O)CO)n1c3ccccc3c3c4c(c5c6ccccc6n2c5c31)CNC4=O,0,Kd,8.11,11,CHEMBL603469
CO[C@@H]1[C@H](N(C)C(=O)c2ccccc2)C[C@H]2O[C@]1(C)n1c3ccccc3c3c4c(c5c6ccccc6n2c5c31)C(=O)N[C@H]4O,0,Kd,7.46,5,CHEMBL1240703
CC(C)(C)c1cc(NC(=O)Nc2ccc(-c3cn4c(n3)sc3cc(OCCN5CCOCC5)ccc34)cc2)no1,0,Kd (>),5.0,31,CHEMBL576982
O=C(O)c1ccc(C(=O)/C(=C\c2ccc(F)c([N+](=O)[O-])c2)SCc2ccc(Br)cc2)cc1,0,IC50 (>),4.7,1,CHEMBL1242482
CN(c1cccc(Br)c1)c1nc(N)nc2[nH]c(Cc3ccccc3)cc12,0,IC50,4.28,1,CHEMBL1254199
Cn1c(Cc2ccccc2)cc2c(Nc3cccc(Br)c3)nc(N)nc21,0,IC50 (>),3.7,1,CHEMBL1254285
Cc1ccccc1Cc1cc2c(N(C)c3cccc(Br)c3)nc(N)nc2[nH]1,0,IC50,4.51,1,CHEMBL1254363
Cc1ccccc1Cc1cc2c(Nc3cccc(Br)c3)nc(N)nc2n1C,0,IC50,4.89,1,CHEMBL1254364
COc1ccc(OC)c(Cc2cc3c(Nc4cccc(Br)c4)nc(N)nc3n2C)c1,0,IC50 (>),3.7,1,CHEMBL1254522
COc1ccc(OC)c(Cc2cc3c(N(C)c4cccc(Br)c4)nc(N)nc3n2C)c1,1,IC50,6.3,1,CHEMBL1254523
Cn1ccc2ncnc(Oc3ccc(NC(=O)Nc4cccc(C(F)(F)F)c4)c(F)c3)c21,0,IC50 (>),5.0,1,CHEMBL1254007
Cc1[nH]nc2c1N=C(c1ccccc1Cl)c1cc([N+](=O)[O-])ccc1N2,0,IC50 (>),5.0,1,CHEMBL1258821
N#Cc1ccc2c(c1)C(c1ccccc1F)=Nc1c[nH]nc1N2,0,IC50,4.96,1,CHEMBL1257795
Nc1ccc2c(c1)C(c1ccccc1Cl)=Nc1c[nH]nc1N2,1,IC50,6.0,1,CHEMBL1257911
CC(=O)Nc1ccc2c(c1)C(c1ccccc1Cl)=Nc1c[nH]nc1N2,1,IC50,6.14,1,CHEMBL1257912
O=C(Nc1n[nH]c2cc(C(=O)N[C@H](CN3CCCC3)c3ccccc3)sc12)c1ccc(N2CCOCC2)cc1,0,IC50 (>),5.0,1,CHEMBL1258913
CN1CCN([C@H]2C[C@@H](c3nc(-c4ccc5ccc(-c6ccccc6)nc5c4)c4c(N)nccn43)C2)CC1,0,IC50 (>),4.52,1,CHEMBL249295
OC[C@@H](Nc1ncnc2sc3c(c12)CCCC3)c1ccccc1,1,IC50,6.14,1,CHEMBL1271950
OCCNc1ncnc2sc3c(c12)CCCC3,0,IC50 (>),4.7,1,CHEMBL1269735
OC[C@H](Nc1ncnc2sc3c(c12)CCCC3)c1ccccc1,0,IC50 (>),4.7,1,CHEMBL1272005
OC[C@@H](Nc1ncnc2sc3c(c12)CCNC3)c1ccccc1,0,IC50 (>),4.7,1,CHEMBL1272060
C=CC(=O)N1CCc2c(sc3ncnc(N[C@H](CO)c4ccccc4)c23)C1,1,IC50,8.1,3,CHEMBL1272061
C=CS(=O)(=O)N1CCc2c(sc3ncnc(N[C@H](CO)c4ccccc4)c23)C1,1,IC50,7.04,1,CHEMBL1272167
C=CC(=O)N1CCc2c(sc3ncnc(N[C@H](C)c4ccccc4)c23)C1,1,IC50,7.7,2,CHEMBL1272222
C=CC(=O)N1CCc2c(sc3ncnc(N[C@H](CC)c4ccccc4)c23)C1,1,IC50,7.34,1,CHEMBL1272223
CN(C)C/C=C/C(=O)N1CCc2c(sc3ncnc(N[C@H](CO)c4ccccc4)c23)C1,1,IC50,7.16,2,CHEMBL1272276
CCN(CC)C/C=C/C(=O)N1CCc2c(sc3ncnc(N[C@H](CO)c4ccccc4)c23)C1,1,IC50,8.05,2,CHEMBL1272324
O=C(/C=C/CN1CCOCC1)N1CCc2c(sc3ncnc(N[C@H](CO)c4ccccc4)c23)C1,1,IC50,7.68,1,CHEMBL1272325
CN1CCN(C/C=C/C(=O)N2CCc3c(sc4ncnc(N[C@H](CO)c5ccccc5)c34)C2)CC1,1,IC50,7.05,1,CHEMBL1271507
C[C@@H](Nc1ncnc2sc3c(c12)CCN(C(=O)/C=C/CN(C)C)C3)c1ccccc1,1,IC50,8.34,4,CHEMBL1271561
CC[C@@H](Nc1ncnc2sc3c(c12)CCN(C(=O)/C=C/CN(C)C)C3)c1ccccc1,1,IC50,7.92,1,CHEMBL1271562
CN(C)C/C=C/C(=O)N1CCc2c(sc3ncnc(N[C@H](CO)Cc4ccccc4)c23)C1,1,IC50,6.83,1,CHEMBL1271618
CCC(=O)N1CCc2c(sc3ncnc(N[C@H](CO)c4ccccc4)c23)C1,0,IC50 (>),4.7,1,CHEMBL1272112
CC#CC(=O)N1CCc2c(sc3ncnc(N[C@H](CO)c4ccccc4)c23)C1,0,IC50 (>),5.0,1,CHEMBL1272113
CN(C)C/C=C/C(=O)N1CCc2c(sc3ncnc(N[C@@H](CO)c4ccccc4)c23)C1,0,IC50 (>),4.7,1,CHEMBL1271508
CN1C[C@@H]2C[C@H]1CN2c1cc(F)c(-c2ccnc3c(-c4cccc5[nH]ncc45)c(-c4ccncc4)nn23)c(F)c1,1,IC50,6.76,1,CHEMBL1276179
c1cncc(CNc2ccnc3oc4ccccc4c23)c1,0,Ki (>),3.0,1,CHEMBL1290178
Clc1cccc(CNc2ccnc3oc4ccccc4c23)c1,0,Ki (>),3.0,1,CHEMBL1290073
O=C(/C=C/c1ccc(-c2ccc3ncnc(Nc4ccc(OCc5cccc(F)c5)c(Cl)c4)c3c2)o1)NO,1,IC50,8.6,1,CHEMBL1630107
O=C(/C=C/c1ccc(-c2ccc3ncnc(Nc4ccc(OCc5cccc(F)c5)c(Cl)c4)c3c2)s1)NO,1,IC50,8.32,1,CHEMBL1630108
O=C(/C=C/c1cccc(-c2ccc3ncnc(Nc4ccc(OCc5cccc(F)c5)c(Cl)c4)c3c2)c1)NO,1,IC50,7.75,2,CHEMBL1630109
O=C(/C=C/c1ccc(-c2ccc3ncnc(Nc4ccc(OCc5cccc(F)c5)c(Cl)c4)c3c2)cc1)NO,1,IC50,7.75,1,CHEMBL1630110
Nc1ccccc1NC(=O)c1ccc(-c2ccc3ncnc(Nc4ccc(OCc5cccc(F)c5)c(Cl)c4)c3c2)o1,1,IC50,8.54,1,CHEMBL1630111
Nc1ccccc1NC(=O)c1ccc(-c2ccc3ncnc(Nc4ccc(OCc5cccc(F)c5)c(Cl)c4)c3c2)s1,1,IC50,8.55,1,CHEMBL1630112
Nc1ccccc1NC(=O)/C=C/c1ccc(-c2ccc3ncnc(Nc4ccc(OCc5cccc(F)c5)c(Cl)c4)c3c2)o1,1,IC50,7.58,1,CHEMBL1630113
Nc1ccccc1NC(=O)/C=C/c1cccc(-c2ccc3ncnc(Nc4ccc(OCc5cccc(F)c5)c(Cl)c4)c3c2)c1,1,IC50,7.31,1,CHEMBL1630114
Nc1ccccc1NC(=O)/C=C/c1ccc(-c2ccc3ncnc(Nc4ccc(OCc5cccc(F)c5)c(Cl)c4)c3c2)cc1,1,IC50,7.54,1,CHEMBL1630115
Nc1ccccc1NC(=O)CCc1ccc(-c2ccc3ncnc(Nc4ccc(OCc5cccc(F)c5)c(Cl)c4)c3c2)cc1,1,IC50,7.82,1,CHEMBL1630116
O=C(NO)c1ccc(-c2ccc3ncnc(Nc4ccc(OCc5cccc(F)c5)c(Cl)c4)c3c2)o1,1,IC50,8.41,1,CHEMBL1630117
O=C(NO)c1ccc(-c2ccc3ncnc(Nc4ccc(OCc5cccc(F)c5)c(Cl)c4)c3c2)s1,1,IC50,8.66,1,CHEMBL1630118
Cc1ccc(-c2cn(C3CCCCC3=O)nn2)cc1,0,IC50 (>),4.0,1,CHEMBL1642294
CCC(=O)Nc1ccc2c(C#N)cnc(Nc3cccc(Br)c3)c2c1,0,IC50,4.68,1,CHEMBL1641991
CN(C)C/C=C/C(=O)Nc1ccc2c(C#N)cnc(Nc3cccc(Br)c3)c2c1,1,IC50,6.82,1,CHEMBL1641990
N#Cc1cnc(Nc2cccc(Br)c2)c2cc(NC(=O)CCc3cc4ccccc4[nH]3)ccc12,0,IC50,4.55,1,CHEMBL1641998
N#Cc1cnc(Nc2cccc(Br)c2)c2cc(NC(=O)c3ccoc3)ccc12,0,IC50,4.34,1,CHEMBL1641997
N#Cc1cnc(Nc2cccc(Br)c2)c2cc(NC(=O)c3ccco3)ccc12,0,IC50,4.25,1,CHEMBL1641996
CCOC(=O)Nc1ccc2c(C#N)cnc(Nc3cccc(Br)c3)c2c1,0,IC50,4.89,1,CHEMBL1641994
NC1CCN(Cc2ccn3ncnc(Nc4cccc(Br)c4)c23)CC1,1,IC50,8.22,1,CHEMBL1645474
NC1CCN(Cc2ccn3ncnc(Nc4cccc(Cl)c4)c23)CC1,1,IC50,8.05,1,CHEMBL1645473
C#Cc1cccc(Nc2ncnn3ccc(CN4CCC(N)CC4)c23)c1,1,IC50,8.0,1,CHEMBL1645466
NC1CCN(Cc2ccn3ncnc(Nc4ccc(F)c(Cl)c4)c23)CC1,1,IC50,8.0,1,CHEMBL1645476
Cc1cccc(Nc2ncnn3ccc(CN4CCC(N)CC4)c23)c1,1,IC50,7.7,1,CHEMBL1645470
NC1CCN(Cc2ccn3ncnc(Nc4cccc(F)c4)c23)CC1,1,IC50,7.5,1,CHEMBL1645472
NC1CCN(Cc2ccn3ncnc(Nc4ccccc4)c23)CC1,1,IC50,7.4,1,CHEMBL1645467
Cc1ccc(Nc2ncnn3ccc(CN4CCC(N)CC4)c23)cc1,1,IC50,7.3,1,CHEMBL1645471
NC1CCN(Cc2ccn3ncnc(Nc4cc(Cl)cc(Cl)c4)c23)CC1,1,IC50,6.89,1,CHEMBL1645475
COc1ccc(Nc2ncnn3ccc(CN4CCC(N)CC4)c23)cc1Cl,1,IC50,6.68,1,CHEMBL1645477
Cc1ccccc1Nc1ncnn2ccc(CN3CCC(N)CC3)c12,1,IC50,6.18,1,CHEMBL1645469
C#Cc1cccc(Nc2ncnn3ccc(COC[C@@H]4CNCCO4)c23)c1,1,IC50,6.17,1,CHEMBL1645465
Cn1ncc2cc(Nc3ncnn4ccc(CN5CCC(N)CC5)c34)ccc21,1,IC50,6.02,1,CHEMBL1645464
Fc1cccc(COc2ccc(Nc3cc(-c4cccnc4)ncn3)cc2Cl)c1,0,IC50,4.33,1,CHEMBL1683951
Fc1cccc(COc2ccc(Nc3cc(-c4ccsc4)ncn3)cc2Cl)c1,0,IC50,4.66,1,CHEMBL1683952
Fc1cccc(COc2ccc(Nc3cc(N4CCCC4)ncn3)cc2Cl)c1,0,IC50 (>),4.0,1,CHEMBL1683953
Cc1ncnc(Nc2ccc(OCc3cccc(F)c3)c(Cl)c2)c1C,1,IC50,7.77,1,CHEMBL1683955
CCc1ncnc(Nc2ccc(OCc3cccc(F)c3)c(Cl)c2)c1C,1,IC50,6.19,1,CHEMBL1683956
Cc1c(Nc2ccc(OCc3cccc(F)c3)c(Cl)c2)ncnc1-c1ccccc1,0,IC50,4.7,1,CHEMBL1683957
Cc1ncnc(Nc2ccc(OCc3cccc(F)c3)c(Cl)c2)c1/C=N/OCCN1CCOCC1,1,IC50,7.17,1,CHEMBL1683958
Cc1ncnc(Nc2ccc(OCc3cccc(F)c3)c(Cl)c2)c1/C=N/OCCCN1CCOCC1,1,IC50,7.19,1,CHEMBL1683959
Cc1ncnc(Nc2ccc(OCc3cccc(F)c3)c(Cl)c2)c1-c1cccc(CN2CCOCC2)c1,1,IC50,6.23,1,CHEMBL1683960
Cc1ncnc(Nc2ccc(OCc3cccc(F)c3)c(Cl)c2)c1C#CCCCN1CCOCC1,1,IC50,7.47,1,CHEMBL1683961
Cc1ncnc(Nc2ccc(OCc3cccc(F)c3)c(Cl)c2)c1C#Cc1ccc(CN2CCOCC2)cc1,1,IC50,6.62,1,CHEMBL1683962
C/C(=C\c1c(C)ncnc1Nc1ccc(OCc2cccc(F)c2)c(Cl)c1)C(=O)NCCN1CCOCC1,1,IC50,7.55,1,CHEMBL1683963
Cc1ncnc(Nc2ccc(OCc3cccc(F)c3)c(Cl)c2)c1/C=C/c1ccc(CN2CCOCC2)cc1,1,IC50,6.92,1,CHEMBL1683964
Cc1ncnc(Nc2ccc(OCc3cccc(F)c3)c(Cl)c2)c1/C=C(\F)C(=O)NCCN1CCOCC1,1,IC50,7.75,1,CHEMBL1683965
Cc1ncnc(Nc2ccc(OCc3cccc(F)c3)c(Cl)c2)c1/C=C/C(=O)NCCN1CCOCC1,1,IC50,6.94,1,CHEMBL1683966
Cc1ncnc(Nc2ccc(OCc3cccc(F)c3)c(Cl)c2)c1/C=C(\F)C(=O)NCCN1CCCC1,1,IC50,8.52,1,CHEMBL1683967
Cc1ncnc(Nc2ccc(OCc3cccc(F)c3)c(Cl)c2)c1/C=C(\F)C(=O)NCCS(C)(=O)=O,1,IC50,7.72,1,CHEMBL1683968
CCN1CCN(C(=O)/C(F)=C/c2c(C)ncnc2Nc2ccc(OCc3cccc(F)c3)c(Cl)c2)CC1,1,IC50,6.81,1,CHEMBL1683969
Cc1ncnc(Nc2ccc(OCc3cccc(F)c3)c(Cl)c2)c1C#CCCN1CCOCC1,1,IC50,7.89,1,CHEMBL1683970
Cc1ncnc(Nc2ccc(OCc3cccc(F)c3)c(Cl)c2)c1C#C/C=N/OCCN1CCOCC1,1,IC50,7.42,1,CHEMBL1683972
Cc1ncnc(Nc2ccc(OCc3cccc(F)c3)c(Cl)c2)c1C#CCCCN1CCCC1,1,IC50,7.96,1,CHEMBL1683973
CCN1CCN(CCCC#Cc2c(C)ncnc2Nc2ccc(OCc3cccc(F)c3)c(Cl)c2)CC1,1,IC50,8.05,1,CHEMBL1683974
Cc1ncnc(Nc2ccc(OCc3cccc(F)c3)c(Cl)c2)c1C#CCCNCc1ccccc1,1,IC50,6.57,1,CHEMBL1683975
COc1ccc(Cn2ncc(NC(=O)c3cc(NC(=O)Nc4ccc(Cl)c(C(F)(F)F)c4)ccc3C)c2N)cc1,1,IC50,6.99,1,CHEMBL1684800
O=C(Nc1ccc([N+](=O)[O-])cc1Cl)c1cc(Cl)ccc1O,0,IC50,4.98,1,CHEMBL1448
CC(C)(N)c1cc(C(=O)N[C@@H]2CCc3ccc(Oc4ccnc5c4CCC(=O)N5)cc3C2)cc(C(F)(F)F)c1,1,IC50,6.72,1,CHEMBL1688861
COc1cc2ncnc(N(C)c3ccc(F)c(Cl)c3)c2cc1OC,0,IC50 (>),5.0,1,CHEMBL1278056
COc1cc2ncnc(Oc3ccc(F)c(Cl)c3)c2cc1OC,0,IC50 (>),5.0,3,CHEMBL1278148
COc1cc2ncnc(N(C)c3ccc(Br)cc3F)c2cc1OC,0,IC50 (>),5.0,1,CHEMBL1278057
COc1cc2ncnc(Nc3ccc(NC(C)=O)cc3)c2cc1OC,0,IC50 (>),5.0,1,CHEMBL1761927
COc1cc2ncnc(Oc3ccc(NC(C)=O)cc3)c2cc1OC,0,IC50 (>),5.0,1,CHEMBL1761928
COC(=O)Nc1ccc(Oc2ncnc3cc(OC)c(OC)cc23)cc1,0,IC50 (>),5.0,2,CHEMBL1761930
CCOC(=O)Nc1ccc(Nc2ncnc3cc(OC)c(OC)cc23)cc1,0,IC50 (>),5.0,3,CHEMBL1761931;CHEMBL3221549
CCOC(=O)Nc1ccc(Oc2ncnc3cc(OC)c(OC)cc23)cc1,0,IC50 (>),5.0,2,CHEMBL1761932
COc1cc2ncnc(Nc3ccc(NC(=O)Nc4ccccc4)cc3)c2cc1OC,0,IC50 (>),5.0,2,CHEMBL1761933
COc1cc2ncnc(N(C)c3ccc(NC(=O)Nc4ccccc4)cc3)c2cc1OC,0,IC50 (>),5.0,1,CHEMBL1278235
COc1cc2ncnc(Oc3ccc(NC(=O)Nc4ccccc4)cc3)c2cc1OC,0,IC50 (>),5.0,2,CHEMBL1277162
COc1ccc(NC(=O)Nc2ccc(Nc3ncnc4cc(OC)c(OC)cc34)cc2)cc1,0,IC50 (>),5.0,1,CHEMBL1761934
COc1ccc(NC(=O)Nc2ccc(N(C)c3ncnc4cc(OC)c(OC)cc34)cc2)cc1,0,IC50 (>),5.0,1,CHEMBL1761935
COc1ccc(NC(=O)Nc2ccc(Oc3ncnc4cc(OC)c(OC)cc34)cc2)cc1,0,IC50 (>),5.0,2,CHEMBL179603
COc1cc2ncnc(N(C)c3cccc(NC(=O)Nc4ccccc4)c3)c2cc1OC,0,IC50 (>),5.0,1,CHEMBL1276892
COc1cc2ncnc(Oc3cccc(NC(=O)Nc4ccccc4)c3)c2cc1OC,0,IC50 (>),5.0,2,CHEMBL1277253
COc1ccc(NC(=O)Nc2cccc(N(C)c3ncnc4cc(OC)c(OC)cc34)c2)cc1,0,IC50 (>),5.0,1,CHEMBL1276893
COc1ccc(NC(=O)Nc2cccc(Oc3ncnc4cc(OC)c(OC)cc34)c2)cc1,0,IC50 (>),5.0,2,CHEMBL1277254
CCCCNC(=O)Nc1ccc(Oc2ncnc3cc(OC)c(OC)cc23)cc1,0,IC50 (>),5.0,2,CHEMBL1761936
COc1cc2ncnc(Oc3ccc(NC(=O)Nc4ccc(Br)cc4)cc3)c2cc1OC,0,IC50 (>),5.0,2,CHEMBL1761937
COc1cc2ncnc(Oc3ccc(NC(=O)Nc4ccc(F)cc4F)cc3)c2cc1OC,0,IC50 (>),5.0,2,CHEMBL1761938
COc1cc2ncnc(Oc3ccc(NC(=O)Nc4ccc(F)c(Cl)c4)cc3)c2cc1OC,0,IC50 (>),5.0,2,CHEMBL1761939
COc1cc2ncnc(Oc3ccc(NC(=O)Nc4ccc(C(F)(F)F)cc4)cc3)c2cc1OC,0,IC50 (>),5.0,1,CHEMBL1761940
COc1cc2ncnc(Oc3ccc(NC(=O)Nc4ccc(C)cc4)cc3)c2cc1OC,0,IC50 (>),5.0,1,CHEMBL1761941
COc1cc2ncnc(Oc3ccc(NC(=O)Nc4ccc5ccccc5c4)cc3)c2cc1OC,0,IC50 (>),5.0,2,CHEMBL1761942
COc1cc2ncnc(Oc3ccc(NC(=O)Nc4cccc5ccccc45)cc3)c2cc1OC,0,IC50 (>),5.0,1,CHEMBL1761943
COc1cc2ncnc(Oc3ccc(NC(=O)NC4CCCCC4)cc3)c2cc1OC,0,IC50 (>),5.0,2,CHEMBL205089
COc1cc2ncnc(Nc3ccc(NC(=O)Nc4ccc(F)c(Cl)c4)cc3)c2cc1OC,0,IC50 (>),5.0,2,CHEMBL1761944
COc1cc2ncnc(N(C)c3ccc(NC(=O)Nc4ccc(F)c(Cl)c4)cc3)c2cc1OC,0,IC50 (>),5.0,1,CHEMBL1761945
CN(C)C(=O)N1CCC(c2nc(-c3cc4ccccc4[nH]3)c3c(N)nccn23)CC1,0,IC50 (>),5.0,1,CHEMBL1762114
COc1cc(Nc2nccc(Nc3cnc4ccccc4c3)n2)cc(OC)c1OC,1,IC50,6.07,1,CHEMBL1760035
CNc1nc(-c2ccc3c(N)n[nH]c3c2)cc(N2C[C@@H](C(=O)NC3CCCCC3)CC[C@H]2C)n1,0,IC50 (>),5.0,2,CHEMBL1765740
CC(=O)N1CCN(c2cnc3cc(C(F)(F)F)cc(NCc4cccc([N+](=O)[O-])c4)c3c2)CC1,0,IC50 (>),5.0,1,CHEMBL1766529
Cc1cc(Nc2nc(N[C@@H](C)c3ccc(F)cn3)c(C#N)cc2F)n[nH]1,0,IC50 (>),5.0,1,CHEMBL1774056
CC1(C)c2cc(C3CCN(C4COC4)CC3)ccc2C(=O)c2c1[nH]c1cc(C#N)ccc21,0,IC50 (>),4.3,2,CHEMBL1779202
CNC(=O)c1ncc(C#Cc2cc(C(=O)Nc3ccc(CN4CCN(CCO)CC4)c(C(F)(F)F)c3)ccc2C)n1C,1,IC50,6.64,2,CHEMBL1784637
Brc1cccc(Nc2ncnc3cc4c(ccn4CCCN4CCOCC4)cc23)c1,1,IC50,7.11,1,CHEMBL1797418
CCOc1cc2ncc(C#N)c(Nc3cccc(Br)c3)c2cc1OCC,1,IC50,6.38,1,CHEMBL109212
CCOc1cc2ncc(C#N)c(Nc3ccc(F)c(Cl)c3)c2cc1OCC,1,IC50,6.01,1,CHEMBL324045
COc1cc2ncc(C#N)c(Nc3cccc(Cl)c3)c2cc1OC,1,IC50,6.74,1,CHEMBL109428
COc1ccc(Nc2c(C#N)cnc3cc(OC)c(OC)cc23)cc1OC,0,IC50,4.3,1,CHEMBL83228
COc1cc2ncc(C#N)c(Nc3cccc(F)c3)c2cc1OC,1,IC50,6.13,1,CHEMBL320479
COc1cc2ncc(C#N)c(Nc3cccc(C#N)c3)c2cc1OC,0,IC50,4.85,1,CHEMBL111033
COc1cc2ncc(C#N)c(Nc3ccc(F)cc3)c2cc1OC,0,IC50,4.32,1,CHEMBL432396
COc1cc2ncc(C#N)c(Nc3cccc(N)c3)c2cc1OC,1,IC50,6.09,1,CHEMBL110036
COc1cc2ncc(C#N)c(Nc3cccc(N(C)C)c3)c2cc1OC,1,IC50,6.07,1,CHEMBL110035
COc1cc2ncc(C#N)c(Nc3cccc([N+](=O)[O-])c3)c2cc1OC,1,IC50,6.06,1,CHEMBL111520
COc1cc2ncc(C#N)c(Nc3ccc(F)c(Cl)c3)c2cc1OC,1,IC50,6.27,1,CHEMBL109372
COc1cc2ncc(C#N)c(Nc3ccc(Cl)cc3F)c2cc1OC,0,IC50,4.86,1,CHEMBL111664
COc1cc2ncc(C#N)c(Nc3cc(Cl)ccc3O)c2cc1OC,0,IC50,4.77,1,CHEMBL326445
COc1cc2ncc(C#N)c(Nc3cccc(SC)c3)c2cc1OC,1,IC50,6.12,1,CHEMBL114496
COc1cc2ncc(C#N)c(Nc3ccc(C(C)C)cc3)c2cc1OC,1,IC50,6.64,1,CHEMBL323424
COc1cc2ncc(C#N)c(Nc3ccccc3C(C)C)c2cc1OC,1,IC50,6.44,1,CHEMBL112096
COc1cc2ncc(C#N)c(Nc3cccc(C(C)C)c3)c2cc1OC,0,IC50,4.21,1,CHEMBL109625
COc1cc2ncc(C#N)c(Nc3ccc(F)c(C(F)(F)F)c3)c2cc1OC,1,IC50,6.8,1,CHEMBL111688
COc1cc2ncc(C#N)c(Nc3cccc(Br)c3C)c2cc1OC,1,IC50,6.08,1,CHEMBL112225
COc1cc2ncc(C#N)c(Nc3ccc(Br)c(C)c3)c2cc1OC,1,IC50,6.21,1,CHEMBL110055
COc1cc2ncc(C#N)c(Nc3cccc(NC(C)=O)c3)c2cc1OC,0,IC50,4.16,1,CHEMBL324399
CCOc1cc2ncc(C#N)c(Nc3cccc(Br)c3)c2cc1OC,0,IC50,4.67,1,CHEMBL111443
CCOc1cc2c(Nc3cccc(Br)c3)c(C#N)cnc2cc1OC,0,IC50,4.48,1,CHEMBL110065
COc1cc2ncc(C(=O)O)c(Nc3cccc(Br)c3)c2cc1OC,0,IC50,4.47,1,CHEMBL541988
COc1cc2ncc(C(N)=O)c(Nc3cccc(Br)c3)c2cc1OC,0,IC50,4.82,1,CHEMBL114446
N#Cc1cnc2cc(O)c(O)cc2c1Nc1cccc(Br)c1,1,IC50,6.46,1,CHEMBL111586
COc1cc2c(C#N)cnc(Nc3cccc(Br)c3)c2cc1OC,0,IC50,4.15,1,CHEMBL324439
COc1cc2c(C#N)cnc(Nc3cccc(Cl)c3)c2cc1OC,0,IC50,4.05,1,CHEMBL109259
N#Cc1cnc2ccc(NC(=O)C#CCN(C3CC3)C3CC3)cc2c1Nc1cccc(Br)c1,1,IC50,6.6,1,CHEMBL1797541
Cc1ccc(C(=O)NCCO)cc1-n1cnc(OCc2ccc(F)cc2F)c(Cl)c1=O,0,IC50 (>),5.0,1,CHEMBL1738710
Cc1ccc(C(=O)NC2CC2)cc1Nc1ncnn2cc(C(=O)c3ccccc3)c(C)c12,0,IC50 (>),4.6,1,CHEMBL1807446
O=C(Nc1ccc(Oc2ncnc3scc(-c4ccccc4)c23)c(F)c1)c1cccn(-c2ccc(F)cc2)c1=O,0,IC50 (>),5.0,1,CHEMBL1813632
Cn1cccc1-c1nc2cc(NC(=O)CCl)ccc2[nH]1,0,IC50,4.92,1,CHEMBL1812491
O=C(/C=C/c1ccccc1[N+](=O)[O-])Nc1ccc2ncnc(Nc3cccc(Cl)c3)c2c1,1,IC50,6.03,1,CHEMBL1812571
O=C(/C=C/c1cccc([N+](=O)[O-])c1)Nc1ccc2ncnc(Nc3cccc(Br)c3)c2c1,1,IC50,6.92,1,CHEMBL1812572
O=C(/C=C/c1cccc([N+](=O)[O-])c1)Nc1ccc2ncnc(Nc3cccc(Cl)c3)c2c1,1,IC50,6.72,1,CHEMBL1812573
CCc1cc2c(cc1N1CCN(C3COC3)CC1)C(C)(C)c1[nH]c3cc(C#N)ccc3c1C2=O,0,IC50 (>),4.3,1,CHEMBL1823221
Cc1ccc(C2=NN(c3nc(-c4ccc(Cl)cc4)cs3)C(c3ccc(F)cc3)C2)cc1C,1,IC50,7.22,2,CHEMBL1821869
Cc1ccc(C2=NN(c3nc(-c4ccc(Cl)cc4)cs3)C(c3ccc(Cl)cc3)C2)cc1C,1,IC50,6.72,1,CHEMBL1821870
Cc1ccc(C2=NN(c3nc(-c4ccc(Cl)cc4)cs3)C(c3ccc(Br)cc3)C2)cc1C,1,IC50,6.43,1,CHEMBL1821871
COc1ccc(C2CC(c3ccc(C)c(C)c3)=NN2c2nc(-c3ccc(Cl)cc3)cs2)cc1,1,IC50,6.09,1,CHEMBL1821873
Cc1ccc(C2=NN(c3nc(-c4ccc(Cl)cc4)cs3)C(c3ccc(O)cc3)C2)cc1C,1,IC50,6.01,1,CHEMBL1821874
Cc1ccc(C2=NN(c3nc(-c4ccc(Cl)cc4)cs3)C(c3ccc([N+](=O)[O-])cc3)C2)cc1C,1,IC50,6.2,1,CHEMBL1821875
Fc1ccc(C2CC(c3ccc(Br)cc3)=NN2c2nc(-c3ccccc3)cs2)cc1,0,IC50,4.95,1,CHEMBL1821876
Cc1ccc(C2CC(c3ccc(Br)cc3)=NN2c2nc(-c3ccccc3)cs2)cc1,0,IC50,4.71,1,CHEMBL1821879
COc1ccc(C2CC(c3ccc(Br)cc3)=NN2c2nc(-c3ccccc3)cs2)cc1,0,IC50,4.99,1,CHEMBL1821880
Oc1ccc(C2CC(c3ccc(Br)cc3)=NN2c2nc(-c3ccccc3)cs2)cc1,0,IC50,4.65,1,CHEMBL1821881
O=[N+]([O-])c1ccc(C2CC(c3ccc(Br)cc3)=NN2c2nc(-c3ccccc3)cs2)cc1,0,IC50,4.8,1,CHEMBL1821882
Fc1ccc(C2CC(c3ccc(Br)cc3)=NN2c2nc(-c3ccc(Cl)cc3)cs2)cc1,0,IC50,4.62,1,CHEMBL1821883
Clc1ccc(-c2csc(N3N=C(c4ccc(Br)cc4)CC3c3ccc(Cl)cc3)n2)cc1,0,IC50,4.75,1,CHEMBL1821884
Clc1ccc(-c2csc(N3N=C(c4ccc(Br)cc4)CC3c3ccc(Br)cc3)n2)cc1,0,IC50,4.59,1,CHEMBL1821885
Cc1ccc(C2CC(c3ccc(Br)cc3)=NN2c2nc(-c3ccc(Cl)cc3)cs2)cc1,0,IC50,4.55,1,CHEMBL1821886
COc1ccc(C2CC(c3ccc(Br)cc3)=NN2c2nc(-c3ccc(Cl)cc3)cs2)cc1,0,IC50,4.7,1,CHEMBL1821887
Oc1ccc(C2CC(c3ccc(Br)cc3)=NN2c2nc(-c3ccc(Cl)cc3)cs2)cc1,0,IC50,4.67,1,CHEMBL1821888
O=[N+]([O-])c1ccc(C2CC(c3ccc(Br)cc3)=NN2c2nc(-c3ccc(Cl)cc3)cs2)cc1,0,IC50,4.61,1,CHEMBL1821889
NC(=S)N/N=C(/C=C/c1ccccc1F)c1ccccc1,0,IC50,4.65,1,CHEMBL1830257
NC(=S)N/N=C(/C=C/c1ccccc1Cl)c1ccccc1,0,IC50,4.63,1,CHEMBL1830258
NC(=S)N/N=C(/C=C/c1ccccc1Br)c1ccccc1,0,IC50,4.58,1,CHEMBL1830259
COc1ccccc1/C=C/C(=N/NC(N)=S)c1ccccc1,0,IC50,4.48,1,CHEMBL1830260
COc1cccc(/C=C/C(=N/NC(N)=S)c2ccccc2)c1,0,IC50,4.96,1,CHEMBL1830262
NC(=S)N/N=C(/C=C/c1ccc(F)cc1)c1ccccc1,0,IC50,4.72,1,CHEMBL1830264
NC(=S)N/N=C(/C=C/c1ccc(Cl)cc1)c1ccccc1,0,IC50,4.69,1,CHEMBL1830265
NC(=S)N/N=C(/C=C/c1ccc(Br)cc1)c1ccccc1,0,IC50,4.58,1,CHEMBL1830266
Cc1ccc(/C=C/C(=N/NC(N)=S)c2ccccc2)cc1,0,IC50,4.76,1,CHEMBL1830267
COc1ccc(/C=C/C(=N/NC(N)=S)c2ccccc2)cc1,0,IC50,4.83,1,CHEMBL1830268
NC(=S)N/N=C(/C=C/c1ccc(OCc2ccccc2)cc1)c1ccccc1,1,IC50,6.16,1,CHEMBL1830271
NC(=S)N/N=C(/C=C/c1ccccc1)c1ccc(Br)cc1,0,IC50,4.91,1,CHEMBL1830273
Cc1ccc(C(/C=C/c2ccccc2)=N\NC(N)=S)cc1,1,IC50,6.46,1,CHEMBL1830274
NC(=S)N/N=C(/C=C/c1ccccc1)c1ccc(Cl)cc1,1,IC50,6.23,1,CHEMBL1830276
NC(=S)N/N=C(/C=C/c1cccc2ccccc12)c1ccccc1,1,IC50,6.39,1,CHEMBL1830280
Cc1ncc([N+](=O)[O-])n1CC(=O)NS(=O)(=O)c1ccc(F)cc1,1,IC50,6.41,1,CHEMBL1828862
O=C(Cc1ccc(Cl)cc1)NS(=O)(=O)c1ccccc1,0,IC50,4.92,1,CHEMBL1828870
Cc1ccc(S(=O)(=O)NC(=O)Cc2ccc(Cl)cc2)cc1,0,IC50,4.86,1,CHEMBL1828871
O=C(Cc1ccc(Cl)cc1)NS(=O)(=O)c1ccc(Cl)cc1,0,IC50,4.99,1,CHEMBL1828873
O=C(Cc1ccc(Cl)cc1)NS(=O)(=O)c1ccc(Br)cc1,0,IC50,4.95,1,CHEMBL1828874
O=C(Cc1ccc(Br)cc1)NS(=O)(=O)c1ccccc1,0,IC50,4.75,1,CHEMBL1828875
Cc1ccc(S(=O)(=O)NC(=O)Cc2ccc(Br)cc2)cc1,0,IC50,4.74,1,CHEMBL1828876
O=C(Cc1ccc(Br)cc1)NS(=O)(=O)c1ccc(F)cc1,0,IC50,4.84,1,CHEMBL1828877
O=C(Cc1ccc(Br)cc1)NS(=O)(=O)c1ccc(Cl)cc1,0,IC50,4.8,1,CHEMBL1828878
O=C(Cc1ccc(Br)cc1)NS(=O)(=O)c1ccc(Br)cc1,0,IC50,4.76,1,CHEMBL1828879
COc1ccc(CC(=O)NS(=O)(=O)c2ccccc2)cc1,0,IC50,4.58,1,CHEMBL1828880
COc1ccc(CC(=O)NS(=O)(=O)c2ccc(C)cc2)cc1,0,IC50,4.41,1,CHEMBL1828881
COc1ccc(CC(=O)NS(=O)(=O)c2ccc(F)cc2)cc1,0,IC50,4.66,1,CHEMBL1828882
COc1ccc(CC(=O)NS(=O)(=O)c2ccc(Cl)cc2)cc1,0,IC50,4.48,1,CHEMBL1828883
COc1ccc(CC(=O)NS(=O)(=O)c2ccc(Br)cc2)cc1,0,IC50,4.62,1,CHEMBL1828884
O=C(Cc1cccc(Br)c1)NS(=O)(=O)c1ccccc1,0,IC50,4.61,1,CHEMBL1829271
Cc1ccc(S(=O)(=O)NC(=O)Cc2cccc(Br)c2)cc1,0,IC50,4.58,1,CHEMBL1829272
O=C(Cc1cccc(Br)c1)NS(=O)(=O)c1ccc(F)cc1,0,IC50,4.73,1,CHEMBL1829273
O=C(Cc1cccc(Br)c1)NS(=O)(=O)c1ccc(Cl)cc1,0,IC50,4.67,1,CHEMBL1829274
O=C(Cc1cccc(Br)c1)NS(=O)(=O)c1ccc(Br)cc1,0,IC50,4.61,1,CHEMBL1829275
CCN1CCN(c2ccc(Nc3cc(N(C)C(=O)Nc4c(Cl)c(OC)cc(OC)c4Cl)ncn3)cc2)CC1,0,IC50 (>),5.0,2,CHEMBL1834657;CHEMBL1852688
CSc1cccc(Nc2ncc3cc(-c4c(Cl)cccc4Cl)c(=O)n(C)c3n2)c1,0,Kd,6.75,7,CHEMBL386051
Cn1cnc2c(F)c(Nc3ccc(Br)cc3Cl)c(C(=O)NOCCO)cc21,0,Kd (>),5.0,2,CHEMBL1614701
Cc1[nH]c(/C=C2\C(=O)Nc3ccc(S(=O)(=O)Cc4c(Cl)cccc4Cl)cc32)c(C)c1C(=O)N1CCC[C@@H]1CN1CCCC1,0,Kd (>),5.0,12,CHEMBL450786
N#CC[C@H](C1CCCC1)n1cc(-c2ncnc3[nH]ccc23)cn1,0,Kd (>),5.0,13,CHEMBL1789941
CC[C@@H]1C(=O)N(C)c2cnc(Nc3ccc(C(=O)NC4CCN(C)CC4)cc3OC)nc2N1C1CCCC1,0,Kd,6.62,4,CHEMBL513909
CN(C)CC(=O)N1CCC(c2ccc(NC(=O)c3nc(C#N)c[nH]3)c(C3=CCCCC3)c2)CC1,0,Kd,6.62,9,CHEMBL1908395
Nc1nc(N)c2nc(-c3cccc(O)c3)c(-c3cccc(O)c3)nc2n1,0,Kd,6.1,2,CHEMBL230011
COc1cc(Oc2ccnc3cc(OC)c(OC)cc23)ccc1NC(=O)NC(C)c1nccs1,0,Kd (>),5.0,9,CHEMBL1908396
CCCS(=O)(=O)Nc1ccc(F)c(C(=O)c2c[nH]c3ncc(Cl)cc23)c1F,0,Kd (>),5.0,12,CHEMBL1230020
Cc1cnc(Nc2ccc(OCCN3CCCC3)cc2)nc1Nc1cccc(S(=O)(=O)NC(C)(C)C)c1,0,Kd,6.24,6,CHEMBL1287853
COc1cc2c(Oc3ccc(NC(=O)C4(C(=O)Nc5ccc(F)cc5)CC4)cc3F)ccnc2cc1OCCCN1CCOCC1,0,Kd,7.07,11,CHEMBL1230609
O=C(c1ccc(/C=C/c2n[nH]c3ccccc23)cc1)N1CCNCC1,0,Kd,6.25,10,CHEMBL1908397
Cc1n[nH]c2ccc(-c3cncc(OC[C@@H](N)Cc4ccccc4)c3)cc12,0,Kd (>),5.0,12,CHEMBL379218
Cc1ccc(NC(=O)c2ccc(CN3CCN(C)CC3)cc2)cc1Nc1nc(-c2cccnc2)cs1,0,Kd,6.1,11,CHEMBL1908391
Cc1ccc2nc(NCCN)c3ncc(C)n3c2c1,0,Kd (>),5.0,12,CHEMBL249697
OCCn1cc(-c2ccc3c(c2)CC/C3=N\O)c(-c2ccncc2)n1,0,Kd (>),5.0,12,CHEMBL525191
Cn1cc(C2=C(c3cn(C4CCN(Cc5ccccn5)CC4)c4ccccc34)C(=O)NC2=O)c2ccccc21,0,Kd (>),5.0,13,CHEMBL300138
COc1cc(Nc2ncc(F)c(Nc3ccc4c(n3)NC(=O)C(C)(C)O4)n2)cc(OC)c1OC,0,Kd,7.21,13,CHEMBL475251
CS(=O)(=O)N1CCN(Cc2cc3nc(-c4cccc5[nH]ncc45)nc(N4CCOCC4)c3s2)CC1,0,Kd (>),5.0,13,CHEMBL521851
COc1ccc(F)c(F)c1C(=O)c1cnc(NC2CCN(S(C)(=O)=O)CC2)nc1N,0,Kd (>),5.0,5,CHEMBL384304
Cc1cc2c(F)c(Oc3ncnn4cc(OC[C@@H](C)O)c(C)c34)ccc2[nH]1,0,Kd (>),5.0,9,CHEMBL377300
COc1c(Cl)cc2c([nH]c3cnccc32)c1NC(=O)c1cccnc1C,0,Kd (>),5.0,12,CHEMBL608154
CNC(=O)c1ccccc1Sc1ccc2c(/C=C/c3ccccn3)n[nH]c2c1,0,Kd (>),5.0,11,CHEMBL1289926
CNC(=O)c1c(F)cccc1Nc1nc(Nc2cc3c(cc2OC)CCN3C(=O)CN(C)C)nc2[nH]ccc12,0,Kd,7.13,4,CHEMBL464552
Cn1cc(-c2ccc3nnc(Sc4ccc5ncccc5c4)n3n2)cn1,0,Kd (>),5.0,13,CHEMBL1236107
C[C@@H](Oc1cc(-n2cnc3ccc(CN4CCN(C)CC4)cc32)sc1C(N)=O)c1ccccc1C(F)(F)F,0,Kd (>),5.0,13,CHEMBL1908394
CCn1c(-c2nonc2N)nc2c(C#CC(C)(C)O)ncc(OC[C@H]3CCCNC3)c21,0,Kd (>),5.0,13,CHEMBL494089
Cc1cn(-c2cc(NC(=O)c3ccc(C)c(Nc4nccc(-c5cccnc5)n4)c3)cc(C(F)(F)F)c2)cn1,0,Kd (>),5.0,13,CHEMBL255863
O=C(NC1CCNCC1)c1n[nH]cc1NC(=O)c1c(Cl)cccc1Cl,0,Kd (>),5.0,13,CHEMBL445813
O=C(NOCC1CC1)c1ccc(F)c(F)c1Nc1ccc(I)cc1Cl,0,Kd (>),5.0,12,CHEMBL105442
O=C(/C=C/c1ccc(O)c(O)c1)OCCc1ccccc1,1,IC50,6.0,1,CHEMBL319244
Oc1c(Cl)cc(Cl)cc1Sc1cc(Cl)cc(Cl)c1O,1,IC50,6.21,1,CHEMBL290106
CCCCCCCCc1ccc(O)cc1,0,IC50,4.79,1,CHEMBL195437
CC(C)(C)c1ccc(C(=O)CCCN2CCC(OC(c3ccccc3)c3ccccc3)CC2)cc1,1,IC50,6.25,1,CHEMBL305660
Clc1ccc(COC(Cn2ccnc2)c2ccc(Cl)cc2Cl)cc1,0,IC50,4.49,1,CHEMBL808
CN(C)c1ccc(C(=C2C=CC(=[N+](C)C)C=C2)c2ccc(N(C)C)cc2)cc1,1,IC50,6.33,1,CHEMBL64894
Oc1c(Cl)cc(Cl)c(Cl)c1Cc1c(O)c(Cl)cc(Cl)c1Cl,1,IC50,6.13,1,CHEMBL496
OCCN1CCN(CCCN2c3ccccc3Sc3ccc(C(F)(F)F)cc32)CC1,0,IC50,4.4,1,CHEMBL726
CN(CCOc1ccc(C[C@H](Nc2ccccc2C(=O)c2ccccc2)C(=O)O)cc1)c1ccccn1,0,IC50,4.96,1,CHEMBL434063
Oc1ccccc1O,0,IC50,4.58,1,CHEMBL280998
Cc1cc(C(C#N)c2ccc(Cl)cc2)c(Cl)cc1NC(=O)c1cc(I)cc(I)c1O,1,IC50,6.25,1,CHEMBL12131
Clc1ccccc1C(c1ccccc1)(c1ccccc1)n1ccnc1,0,IC50,4.16,1,CHEMBL104
CN(C)CCCN1c2ccccc2Sc2ccc(Cl)cc21,0,IC50,4.54,1,CHEMBL71
Cc1c(O)cccc1C(=O)N[C@@H](CSc1ccccc1)[C@H](O)CN1C[C@H]2CCCC[C@H]2C[C@H]1C(=O)NC(C)(C)C,0,IC50,4.25,1,CHEMBL584
Clc1ccc(COC(Cn2ccnc2)c2ccc(Cl)cc2Cl)c(Cl)c1,0,IC50,4.53,1,CHEMBL91
C[C@@H]1C[C@H]2[C@@H]3CCC4=CC(=O)C=C[C@]4(C)C3=CC[C@]2(C)[C@H]1C(=O)CN1CCN(c2cc(N3CCCC3)nc(N3CCCC3)n2)CC1,0,IC50,4.69,1,CHEMBL1630578
CSc1ccc(/C=C2/C(C)=C(CC(=O)O)c3cc(F)ccc32)cc1,0,IC50,4.62,1,CHEMBL18797
CCCCCCCCNC(C)C(O)c1ccc(SC(C)C)cc1,1,IC50,6.1,1,CHEMBL404849
N#Cc1cc2c(N)ncnc2nc1NCCO,0,IC50,4.03,1,CHEMBL1910268
Cc1c(C#N)c(NCCO)nc2ncnc(N)c12,0,IC50 (>),4.0,1,CHEMBL1910269
N#Cc1cc2c(N)ncnc2nc1Nc1ccc(S(N)(=O)=O)cc1,0,IC50 (>),4.0,1,CHEMBL1910270
Cc1c(C#N)c(Nc2ccc(S(N)(=O)=O)cc2)nc2ncnc(N)c12,0,IC50 (>),4.0,1,CHEMBL1910271
Nc1scc2c1c(NCCO)nc1ncnc(N)c12,0,IC50 (>),4.0,1,CHEMBL1910272
Nc1scc2c1c(Nc1ccc(S(N)(=O)=O)cc1)nc1ncnc(N)c12,0,IC50,4.53,1,CHEMBL1910273
N#Cc1cc2c(N)nc(NCCO)nc2nc1NCCO,0,IC50 (>),4.0,1,CHEMBL1910274
Cc1c(C#N)c(NCCO)nc2nc(NCCO)nc(N)c12,0,IC50,4.32,1,CHEMBL1910275
N#Cc1cc2c(N)nc(NCCO)nc2nc1Nc1ccc(S(N)(=O)=O)cc1,0,IC50 (>),4.0,1,CHEMBL1910276
Cc1c(C#N)c(Nc2ccc(S(N)(=O)=O)cc2)nc2nc(NCCO)nc(N)c12,0,IC50 (>),4.0,1,CHEMBL1910277
Nc1scc2c1c(NCCO)nc1nc(NCCO)nc(N)c12,0,IC50,4.18,1,CHEMBL1910278
Nc1scc2c1c(Nc1ccc(S(N)(=O)=O)cc1)nc1nc(NCCO)nc(N)c12,0,IC50 (>),4.0,1,CHEMBL1910279
Cc1ccccc1Nc1nc2cc(F)c(N(C)C(=O)/C=C/CN(C)C)cc2n2cncc12,1,IC50,8.85,3,CHEMBL1916891
Cc1ccc(F)cc1Nc1nc2cc(Cl)c(N(C)C(=O)/C=C/CN(C)C)cc2n2cncc12,1,IC50,8.47,2,CHEMBL1916897
C=CC(=O)N1CCC[C@@H](n2nc(-c3ccc(Oc4ccccc4)cc3)c3c(N)ncnc32)C1,1,IC50,9.3,41,CHEMBL1873475
[O-][n+]1ccc2c(-c3ccc(F)cc3Cl)ccnc2c1-c1c(Cl)cccc1Cl,0,IC50 (>),5.0,1,CHEMBL1916359
C[C@@H](Nc1ncnc2[nH]c(-c3ccc(O)cc3)cc12)c1ccccc1,1,IC50,8.43,1,CHEMBL1914653
C[C@@H](Nc1ncnc2[nH]c(-c3ccc(O)cc3)cc12)c1ccc(F)cc1,1,IC50,8.42,1,CHEMBL1914654
C[C@@H](Nc1ncnc2[nH]c(-c3ccc(O)cc3)cc12)c1ccc(Br)cc1,1,IC50,7.21,1,CHEMBL1914655
Cc1ccc([C@@H](C)Nc2ncnc3[nH]c(-c4ccc(O)cc4)cc23)cc1,1,IC50,6.35,1,CHEMBL1914656
C[C@@H](Nc1ncnc2[nH]c(-c3ccc(O)cc3)cc12)c1ccccc1F,1,IC50,8.1,1,CHEMBL1914658
Cc1ccccc1C(C)Nc1ncnc2[nH]c(-c3ccc(O)cc3)cc12,1,IC50,7.77,1,CHEMBL1914659
C[C@@H](Nc1ncnc2[nH]c(-c3ccc(O)cc3)cc12)c1cccc(F)c1,1,IC50,8.05,1,CHEMBL1914660
Cc1cccc(C(C)Nc2ncnc3[nH]c(-c4ccc(O)cc4)cc23)c1,1,IC50,7.02,1,CHEMBL1914661
Oc1ccc(-c2cc3c(NCc4ccccc4)ncnc3[nH]2)cc1,1,IC50,8.48,1,CHEMBL1914461
Oc1ccc(-c2cc3c(NCc4ccc(F)cc4)ncnc3[nH]2)cc1,1,IC50,7.58,1,CHEMBL1914662
Oc1ccc(-c2cc3c(NCc4ccccc4F)ncnc3[nH]2)cc1,1,IC50,7.35,1,CHEMBL1914663
Oc1ccc(-c2cc3c(NCc4cccc(F)c4)ncnc3[nH]2)cc1,1,IC50,7.28,1,CHEMBL1914664
CC[C@@H](Nc1ncnc2[nH]c(-c3ccc(O)cc3)cc12)c1ccccc1,1,IC50,8.4,1,CHEMBL1914665
CC(Nc1ncnc2[nH]c(-c3ccc(O)cc3)cc12)c1cccc2ccccc12,1,IC50,6.0,1,CHEMBL1914666
COc1ccc(-c2cc3c(N[C@H](C)c4ccccc4)ncnc3[nH]2)cc1,1,IC50,8.33,1,CHEMBL1914667
C[C@@H](Nc1ncnc2[nH]c(-c3ccc(F)cc3)cc12)c1ccccc1,1,IC50,8.18,1,CHEMBL1914668
C[C@@H](Nc1ncnc2[nH]c(-c3ccc(Br)cc3)cc12)c1ccccc1,1,IC50,7.2,1,CHEMBL1914669
C[C@@H](Nc1ncnc2[nH]c(-c3ccc(C#N)cc3)cc12)c1ccccc1,1,IC50,7.92,1,CHEMBL1914670
C[C@@H](Nc1ncnc2[nH]c(-c3ccccc3)cc12)c1ccc(F)cc1,1,IC50,7.48,1,CHEMBL1914671
C[C@@H](Nc1ncnc2[nH]c(-c3ccc(F)cc3)cc12)c1ccc(F)cc1,1,IC50,7.57,1,CHEMBL1914672
C[C@@H](Nc1ncnc2[nH]c(-c3ccc(Br)cc3)cc12)c1ccc(F)cc1,1,IC50,7.54,1,CHEMBL1914673
C[C@@H](Nc1ncnc2[nH]c(-c3ccc(C#N)cc3)cc12)c1ccc(F)cc1,1,IC50,7.85,1,CHEMBL1914674
CCN1CCN(Cc2ccc(-c3cc4c(N[C@H](C)c5ccccc5)ncnc4[nH]3)cc2)CC1,1,IC50,8.7,3,CHEMBL587723
Cc1ccc(-c2nnc(SCc3ccccc3)o2)c(O)c1,0,IC50,4.46,1,CHEMBL1929312
COc1ccccc1-c1nnc(SCc2ccccc2)o1,0,IC50,4.91,1,CHEMBL1929307
CCOc1ccccc1-c1nnc(SCc2ccccc2)o1,0,IC50,4.42,1,CHEMBL1929306
O=[N+]([O-])c1ccccc1-c1nnc(SCc2ccccc2)o1,0,IC50,4.42,1,CHEMBL1929304
c1ccc(CSc2nnc(-c3ccccc3)o2)cc1,0,IC50,4.78,1,CHEMBL1929302
COc1cc(OC)cc(-c2nnc(SCc3ccccc3)o2)c1,0,IC50,4.58,1,CHEMBL1929314
O=C(c1cc2cc(O)ccc2[nH]1)c1cc2c(Nc3ccc(F)c(Cl)c3)ncnc2s1,1,IC50,7.62,1,CHEMBL1928311
CN(C)CCN1CCN(C(=O)c2cc(C(C)(C)C)sc2NC(=O)Nc2cccc(Cl)c2Cl)CCC1=O,0,IC50 (>),4.52,1,CHEMBL1929238
Nc1cccc(Oc2cc(Nc3ccc(OCc4cccc(F)c4)c(Cl)c3)ncn2)c1,1,IC50,6.33,1,CHEMBL1928945
CC(=O)Nc1cccc(Oc2cc(Nc3ccc(OCc4cccc(F)c4)c(Cl)c3)ncn2)c1,1,IC50,6.97,1,CHEMBL1928946
C=CC(=O)Nc1cccc(Oc2cc(Nc3ccc(OCc4cccc(F)c4)c(Cl)c3)ncn2)c1,1,IC50,7.43,1,CHEMBL1928947
CCOC(=O)/C=C/C(=O)Nc1cccc(Oc2cc(Nc3ccc(OCc4cccc(F)c4)c(Cl)c3)ncn2)c1,1,IC50,6.89,1,CHEMBL1928948
CCOC(=O)CNc1cccc(Oc2cc(Nc3ccc(OCc4cccc(F)c4)c(Cl)c3)ncn2)c1,1,IC50,6.43,1,CHEMBL1928949
N#CCC(=O)Nc1cccc(Oc2cc(Nc3ccc(OCc4cccc(F)c4)c(Cl)c3)ncn2)c1,1,IC50,7.32,1,CHEMBL1928950
O=C(Nc1cccc(Oc2cc(Nc3ccc(OCc4cccc(F)c4)c(Cl)c3)ncn2)c1)c1ccc([N+](=O)[O-])cc1,0,IC50 (>),5.0,1,CHEMBL1928951
Nc1cc(Nc2cccc(Oc3cc(Nc4ccc(OCc5cccc(F)c5)c(Cl)c4)ncn3)c2)ncn1,1,IC50,7.21,1,CHEMBL1928952
Fc1cccc(COc2ccc(Nc3cc(Oc4cccc(NCc5ccccc5)c4)ncn3)cc2Cl)c1,0,IC50 (>),5.0,1,CHEMBL1928953
O=C(COc1ccccc1)Nc1cccc(Oc2cc(Nc3ccc(OCc4cccc(F)c4)c(Cl)c3)ncn2)c1,1,IC50,7.19,1,CHEMBL1928955
O=C(Cc1cc(F)c(F)cc1F)Nc1cccc(Oc2cc(Nc3ccc(OCc4cccc(F)c4)c(Cl)c3)ncn2)c1,1,IC50,6.2,1,CHEMBL1928956
O=C(/C=C/c1ccc(F)cc1)Nc1cccc(Oc2cc(Nc3ccc(OCc4cccc(F)c4)c(Cl)c3)ncn2)c1,1,IC50,6.09,1,CHEMBL1928957
COc1ccc(/C=C/C(=O)Nc2cccc(Oc3cc(Nc4ccc(OCc5cccc(F)c5)c(Cl)c4)ncn3)c2)cc1OC,1,IC50,6.28,1,CHEMBL1928958
O=C(COc1cc(F)c(F)c(F)c1)Nc1cccc(Oc2cc(Nc3ccc(OCc4cccc(F)c4)c(Cl)c3)ncn2)c1,1,IC50,6.14,1,CHEMBL1928959
COc1ccc(OCC(=O)Nc2cccc(Oc3cc(Nc4ccc(OCc5cccc(F)c5)c(Cl)c4)ncn3)c2)cc1OC,0,IC50 (>),5.0,1,CHEMBL1928960
Oc1ccc(CNc2ccc3ncnc(Nc4cccc(Br)c4)c3c2)cc1,1,IC50,6.06,1,CHEMBL1928708
COc1ccccc1CNc1ccc2ncnc(Nc3cccc(Br)c3)c2c1,0,IC50,4.95,1,CHEMBL1928709
COc1ccccc1CNc1ccc2ncnc(Nc3cccc(Cl)c3)c2c1,0,IC50,4.86,1,CHEMBL1928887
O=C(c1cc2ccccc2[nH]1)c1cc2c(Nc3ccc(F)c(Cl)c3)ncnc2s1,1,IC50,8.26,1,CHEMBL1928291
C#Cc1cccc(Nc2ncnc3sc(C(=O)c4cc5ccccc5[nH]4)cc23)c1,1,IC50,7.73,1,CHEMBL1928293
O=C(c1cc2ccccc2[nH]1)c1cc2c(Nc3ccc(OCc4cccc(F)c4)cc3Cl)ncnc2s1,1,IC50,7.73,1,CHEMBL1928301
O=C(c1cc2ccccc2[nH]1)c1cc2c(Nc3cccc(Cl)c3)ncnc2s1,1,IC50,7.78,1,CHEMBL1928309
O=C(c1cc2ccccc2[nH]1)c1cc2c(Nc3ccc(F)cc3)ncnc2s1,1,IC50,7.36,1,CHEMBL1928310
COc1ccc2[nH]c(C(=O)c3cc4c(Nc5ccc(F)c(Cl)c5)ncnc4s3)cc2c1,1,IC50,8.23,1,CHEMBL1928312
O=C(c1cc2ccccc2s1)c1cc2c(Nc3ccc(F)c(Cl)c3)ncnc2s1,1,IC50,7.97,1,CHEMBL1928315
C[C@@H]1CCC(N2CC[C@]3(CN(C(=O)c4cc5ccc(F)cc5[nH]4)c4ccccc43)C2)CN1,0,IC50 (>),4.52,1,CHEMBL1933552
CN1CCC(COc2ccc3c(Nc4ccc(NC(=O)Nc5cccc(F)c5)cc4)ncnc3c2)CC1,0,IC50 (>),5.0,1,CHEMBL1934327
Cc1ncnc(Nc2ccc(OCc3cccc(F)c3)c(Cl)c2)c1C#Cc1ccccc1,1,IC50,6.19,1,CHEMBL1934621
Cc1ncnc(Nc2ccc(OCc3cccc(F)c3)c(Cl)c2)c1C#Cc1ccc(CNCCS(C)(=O)=O)cc1,1,IC50,7.66,1,CHEMBL1934622
Cc1ncnc(Nc2ccc(OCc3cccc(F)c3)c(Cl)c2)c1C#Cc1ccc(CNC(C)C)cc1,1,IC50,8.52,1,CHEMBL1934623
Cc1ncnc(Nc2ccc(OCc3cccc(F)c3)c(Cl)c2)c1C#Cc1ccc(CN2CCCC2)cc1,1,IC50,8.05,1,CHEMBL1934624
Cc1ncnc(Nc2ccc(OCc3cccc(F)c3)c(Cl)c2)c1C#Cc1ccc(CN(C)C)cc1,1,IC50,8.15,1,CHEMBL1934625
Cc1ncnc(Nc2ccc(OCc3cccc(F)c3)c(Cl)c2)c1C#Cc1ccc(CN2CCCC2)c(F)c1,1,IC50,6.72,1,CHEMBL1934626
Cc1ncnc(Nc2ccc(OCc3cccc(F)c3)c(Cl)c2)c1C#Cc1ccc(CN2CCCC2)o1,1,IC50,7.1,1,CHEMBL1934627
Cc1ncnc(Nc2ccc(OCc3cccc(F)c3)c(Cl)c2)c1C#Cc1ccc(CN2CCCC2)s1,1,IC50,7.52,1,CHEMBL1934628
Cc1ncnc(Nc2ccc(OCc3cccc(F)c3)c(Cl)c2)c1C#Cc1ncc(CN2CCCC2)s1,1,IC50,7.13,1,CHEMBL1934629
Cc1ncnc(Nc2ccc(OCc3cccc(F)c3)c(Cl)c2)c1C#Cc1cccc(CN(C)C)c1,1,IC50,7.26,1,CHEMBL1933083
Cc1ncnc(Nc2ccc(OCc3cccc(F)c3)c(Cl)c2)c1C#CCOc1ccc(CNC(C)C)cc1,1,IC50,7.07,1,CHEMBL1934630
Cc1ncnc(Nc2ccc(OCc3cccc(F)c3)c(Cl)c2)c1/C=C/c1ccc(CNCCS(C)(=O)=O)cc1,1,IC50,7.03,1,CHEMBL1934631
Cc1ncnc(Nc2ccc(OCc3cccc(F)c3)c(Cl)c2)c1/C=C/c1ccc(CNC(C)C)cc1,1,IC50,7.62,1,CHEMBL1934632
Cc1ncnc(Nc2ccc(OCc3cccc(F)c3)c(Cl)c2)c1/C=C/c1ccc(CNC2CC2)cc1,1,IC50,7.01,1,CHEMBL1934633
Cn1c2c(c3ccc(Cl)c(Cl)c31)C(C#N)C1(CCNCC1)NC2=O,0,IC50 (>),5.0,1,CHEMBL1945559
Nc1ccc2ncnc(Nc3ccc(F)c(Cl)c3)c2c1,1,IC50,7.54,1,CHEMBL242541
CC1(C)CC(C(=O)Nc2ccc3ncnc(Nc4cccc(Cl)c4)c3c2)CC(C)(C)N1[O],1,IC50,7.19,1,CHEMBL1947125
CC1(C)CC(C(=O)Nc2ccc3ncnc(Nc4cccc(Br)c4)c3c2)CC(C)(C)N1[O],1,IC50,7.51,1,CHEMBL1946926
CC1(C)CC(C(=O)Nc2ccc3ncnc(Nc4ccc(F)c(Cl)c4)c3c2)CC(C)(C)N1[O],1,IC50,7.82,1,CHEMBL1947124
COc1cc2ncc(C(=O)NC3CC(C)(C)N([O])C(C)(C)C3)c(Nc3cccc(Cl)c3)c2cc1OC,1,IC50,6.21,1,CHEMBL1947126
COc1cc2ncc(C(=O)NC3CC(C)(C)N([O])C(C)(C)C3)c(Nc3cccc(Br)c3)c2cc1OC,1,IC50,6.47,1,CHEMBL1947127
COc1cc2ncc(C(=O)NC3CC(C)(C)N([O])C(C)(C)C3)c(Nc3ccc(F)c(Cl)c3)c2cc1OC,1,IC50,6.38,1,CHEMBL1947121
O=C(NS(=O)(=O)c1ccccc1)c1cccnc1,0,IC50 (>),4.52,1,CHEMBL1916947
Cc1ccc(S(=O)(=O)NC(=O)c2cccnc2)cc1,0,IC50,4.61,1,CHEMBL1916951
O=C(NS(=O)(=O)c1ccc(F)cc1)c1cccnc1,0,IC50 (>),4.52,1,CHEMBL1916948
O=C(NS(=O)(=O)c1ccc(Br)cc1)c1cccnc1,0,IC50 (>),4.52,1,CHEMBL1916950
O=C(NS(=O)(=O)c1ccc(Cl)cc1)c1cccnc1,0,IC50,4.6,1,CHEMBL1916949
O=C(NS(=O)(=O)c1ccccc1)c1cncc(Br)c1,0,IC50,4.7,1,CHEMBL1945444
Cc1ccc(S(=O)(=O)NC(=O)c2cncc(Br)c2)cc1,0,IC50,4.92,1,CHEMBL1945445
O=C(NS(=O)(=O)c1ccc(Cl)cc1)c1cncc(Br)c1,1,IC50,7.05,1,CHEMBL1945448
O=C(NS(=O)(=O)c1ccccc1)c1cccnc1Cl,0,IC50 (>),4.52,1,CHEMBL1945449
Cc1ccc(S(=O)(=O)NC(=O)c2cccnc2Cl)cc1,0,IC50,4.57,1,CHEMBL1945450
O=C(NS(=O)(=O)c1ccc(F)cc1)c1cccnc1Cl,0,IC50,4.54,1,CHEMBL1945451
O=C(NS(=O)(=O)c1ccc(Br)cc1)c1cccnc1Cl,0,IC50,4.8,1,CHEMBL1945452
O=C(NS(=O)(=O)c1ccc(Cl)cc1)c1cccnc1Cl,0,IC50,4.7,1,CHEMBL1945453
O=C(NS(=O)(=O)c1ccccc1)c1ccc(Cl)nc1,0,IC50 (>),4.52,1,CHEMBL1945454
Cc1ccc(S(=O)(=O)NC(=O)c2ccc(Cl)nc2)cc1,0,IC50 (>),4.52,1,CHEMBL1945642
O=C(NS(=O)(=O)c1ccc(F)cc1)c1ccc(Cl)nc1,0,IC50 (>),4.52,1,CHEMBL1945643
O=C(NS(=O)(=O)c1ccc(Br)cc1)c1ccc(Cl)nc1,0,IC50,4.54,1,CHEMBL1945644
O=C(NS(=O)(=O)c1ccc(Cl)cc1)c1ccc(Cl)nc1,0,IC50,4.74,1,CHEMBL1945645
Cc1ccc(C(=O)NS(=O)(=O)c2ccccc2)c(Cl)n1,0,IC50,4.67,1,CHEMBL1945646
Cc1ccc(S(=O)(=O)NC(=O)c2ccc(C)nc2Cl)cc1,0,IC50,4.82,1,CHEMBL1945647
CN(C)c1nc(N/N=C/c2cc(Br)c(O)c(Br)c2O)nc(Nc2ccc(F)cc2)n1,0,IC50,4.59,1,CHEMBL1946843
O=C(CSc1nc(O)nc(-c2ccc(Cl)cc2)n1)Nc1ccc(Cl)cc1,0,IC50,4.89,2,CHEMBL1946844
CNc1nc(N/N=C\c2ccc(OC)cc2)nc(Nc2ccccc2)n1,0,IC50,4.51,2,CHEMBL1946845
COc1nc(NCCN2CCOCC2)nc(Nc2ccc(Cl)cc2)n1,0,IC50 (>),4.0,1,CHEMBL1946846
COc1ccc(Nc2nc(Cl)nc(NCc3ccco3)n2)cc1,0,IC50,4.68,2,CHEMBL1348499
CNc1nc(N/N=C/c2ccc(O)cc2)nc(Nc2ccccc2)n1,0,IC50,4.51,2,CHEMBL1946847
COc1ccccc1Nc1ccnc(Nc2ccccc2OC)n1,0,IC50,4.04,2,CHEMBL1947046
Cn1cc(NC(=O)/C=N/O)c(=O)n1-c1ccccc1,0,IC50 (>),4.0,1,CHEMBL1944920
Cn1c2ccccc2n2c(=S)[nH]nc12,0,IC50,4.66,2,CHEMBL1944922
CC(=O)Nc1ccc(S(=O)(=O)Nc2nc3ccccc3nc2Nc2ccc(C(=O)O)cc2)cc1,0,IC50,4.63,2,CHEMBL1944923
Cc1c(Cc2ccccc2)sc(NCC(=O)COc2ccc3ccccc3c2)c1C(N)=O,0,IC50,4.61,2,CHEMBL1944924
O=C(NNC(=O)c1ncc(Cc2ccsc2)s1)Nc1ccccc1,0,IC50,4.39,2,CHEMBL1944925
O=C(Nc1cccc(Br)c1)c1c(O)c2ccccc2[nH]c1=O,0,IC50,4.25,2,CHEMBL1944926
CCc1ccc(C(=O)NNc2ccc(Cl)cc2C)cc1,0,IC50,4.18,2,CHEMBL1944927
COc1ccc2c3oc(=O)cc(O)c3c(=O)n(C)c2c1,0,IC50,4.19,2,CHEMBL1944928
C=CCn1c(N)c(C(=O)N/N=C/c2cccs2)sc1=S,0,IC50,4.18,2,CHEMBL1944929
Cc1ccc(-n2c(SCC(=O)Nc3ccccc3Cl)nc3sc(C)c(C)c3c2=O)cc1,0,IC50,4.09,2,CHEMBL1944641
O=c1c2c(-c3ccccc3)c3c(nc2nc2[nH]nc(S)n12)-c1ccccc1CC3,0,IC50,4.07,2,CHEMBL1944930
CCOC(=O)c1ccc(NC(=O)CSc2nnc(CNc3ccc(OC)cc3)n2-c2ccccc2)cc1,0,IC50,4.03,2,CHEMBL1944931
COc1cccc(Nc2ccnc(Nc3cccc(OC)c3)n2)c1,0,IC50,4.44,1,CHEMBL1947045
COc1cccc2c1C(=O)c1c(O)ccc(O)c1C2=O,0,IC50,4.75,1,CHEMBL1944921
Nc1nccc(-c2c(-c3ccc(F)cc3)ncn2C2CCCCC2)n1,1,IC50,6.82,1,CHEMBL1951415
COc1ccc(C(=O)NC[C@@H](O)CO)cc1/C=C/c1ccc(Cl)cc1,0,IC50 (>),4.3,1,CHEMBL1949788
COc1ccc(C(=O)NC[C@H](O)CO)cc1/C=C/c1ccc(Cl)cc1,0,IC50 (>),4.3,1,CHEMBL1949789
COc1ccc(N2Cc3cnc(Nc4ccccc4)nc3N([C@@H]3CC[C@@H](O)C3)C2=O)cc1,1,IC50,6.62,2,CHEMBL1952210
COc1ccc(N2Cc3cnc(Nc4ccccc4)nc3N([C@H]3CC[C@H](O)C3)C2=O)cc1,1,IC50,6.44,1,CHEMBL1952211
COc1ccc(-c2ocnc2C(=O)NCc2ccncc2)cc1,0,IC50 (>),5.0,1,CHEMBL1957085
O=C1CSC(N2N=C(c3ccc(F)cc3)CC2c2ccc(F)cc2)=N1,0,IC50,4.77,1,CHEMBL1958026
O=C1CSC(N2N=C(c3ccc(F)cc3)CC2c2ccc(Cl)cc2)=N1,0,IC50,4.96,1,CHEMBL1958027
COc1ccc(C2CC(c3ccc(F)cc3)=NN2C2=NC(=O)CS2)cc1,0,IC50,4.97,1,CHEMBL1958030
O=C1CSC(N2N=C(c3ccc(Cl)cc3)CC2c2ccc(F)cc2)=N1,0,IC50,4.85,1,CHEMBL1958032
Cc1ccc(C2=NN(C3=NC(=O)CS3)C(c3ccc(Br)cc3)C2)cc1,1,IC50,6.62,1,CHEMBL1958215
Nc1nc(Nc2cccc(Br)c2)c2cc(Cc3ccc(Cl)c(Cl)c3)[nH]c2n1,0,IC50,4.7,1,CHEMBL1956886
Nc1nc(Nc2cccc(Br)c2)c2cc(Cc3ccc(Cl)cc3)[nH]c2n1,0,IC50,4.76,1,CHEMBL1956885
COc1cc(Cn2ccc3c(Nc4cccc(Br)c4)nc(N)nc32)cc(OC)c1OC,0,IC50 (>),3.7,1,CHEMBL1956898
Nc1nc(Nc2cccc(Br)c2)c2ccn(Cc3ccc(-c4ccccc4)cc3)c2n1,0,IC50 (>),3.7,1,CHEMBL1956897
Nc1nc(Nc2cccc(Br)c2)c2ccn(Cc3ccc4ccccc4c3)c2n1,0,IC50 (>),3.7,1,CHEMBL1956896
Nc1nc(Nc2cccc(Br)c2)c2ccn(Cc3cccc4ccccc34)c2n1,0,IC50 (>),3.7,1,CHEMBL1956895
Nc1nc(Nc2cccc(Br)c2)c2ccn(Cc3ccc(Cl)c(Cl)c3)c2n1,0,IC50 (>),3.7,1,CHEMBL1956894
Nc1nc(Nc2cccc(Br)c2)c2ccn(Cc3ccc(Cl)cc3Cl)c2n1,0,IC50 (>),3.7,1,CHEMBL1956893
Nc1nc(Nc2cccc(Br)c2)c2ccn(Cc3ccccc3Cl)c2n1,0,IC50 (>),3.7,1,CHEMBL1956890
Nc1nc(Nc2cccc(Br)c2)c2ccn(Cc3ccc(Cl)cc3)c2n1,0,IC50,4.0,1,CHEMBL1956891
COc1ccc(OC)c(Cn2ccc3c(Nc4cccc(Br)c4)nc(N)nc32)c1,0,IC50,4.16,1,CHEMBL1956892
CC(C)n1c2c(c3c1-c1ccccc1C3=O)C(=O)CCC2,0,IC50 (>),4.46,1,CHEMBL1957190
O=c1oc2c(O)c(O)cc3c(=O)oc4c(O)c(O)cc1c4c23,1,IC50,6.16,1,CHEMBL6246
O=c1[nH][nH]c2cccc(-c3ccccc3)c12,0,Ki (>),4.7,1,CHEMBL1989834
c1ccc2c(c1)Cc1c[nH]nc1-2,0,Ki (>),4.7,1,CHEMBL1989423
Brc1ccc2c(c1)-c1[nH]ncc1C2,0,Ki (>),5.0,1,CHEMBL1995172
O=C(O)c1cc(-c2cccs2)n2nccc2n1,0,Ki (>),4.7,1,CHEMBL1977619
CC(=O)Nc1cc2ccccn2n1,0,Ki (>),4.7,1,CHEMBL1976872
Nc1nccc2cnc(-c3ccccc3)n12,0,Ki (>),4.7,1,CHEMBL1969156
O=C1Nc2ccccc2Nc2ccccc21,0,Ki (>),5.0,1,CHEMBL1727312
Cc1nc(N)sc1-c1ccnc(Nc2ccc(N3CCOCC3)cc2)n1,0,Ki,6.0,2,CHEMBL482967
CNC(=O)c1ccccc1Nc1nc(Nc2ccc(N3CCOCC3)cc2OC)ncc1Cl,1,IC50,6.26,2,CHEMBL458997
Nc1cc2nc(-c3ccccc3)cn2cn1,0,Ki (>),4.7,1,CHEMBL1972365
O=c1[nH]cnc2ccc(Br)cc12,0,Ki (>),4.7,1,CHEMBL562488
Cc1nn(C)c2sc(C(N)=O)c(N)c12,0,Ki (>),4.7,1,CHEMBL1996837
c1cc2c(s1)CCc1cn[nH]c1-2,0,Ki (>),4.7,1,CHEMBL2001539
COc1cc(Nc2ncc3c(n2)-c2ccc(Cl)cc2C(c2c(F)cccc2OC)=NC3)ccc1C(=O)O,0,Ki,6.7,2,CHEMBL483158
NC(=O)c1cccc2cn[nH]c12,0,Ki (>),4.7,1,CHEMBL451401
Nc1c(-c2ccc(F)cc2)c(-c2ccncc2)nn1-c1c(Cl)cc(Cl)cc1Cl,1,IC50,7.51,12,CHEMBL2011291
CSc1ccccc1Nc1nc(N2CCNCC2)nc2c(NCC3CC3)ncnc12,0,IC50 (>),4.4,1,CHEMBL2017214
CCC(=O)Nc1ccc(Nc2ncnc3cc(OC)c(OC)cc23)cc1,0,IC50 (>),5.0,1,CHEMBL2018745
CCCC(=O)Nc1ccc(Nc2ncnc3cc(OC)c(OC)cc23)cc1C,0,IC50 (>),5.0,2,CHEMBL2018746;CHEMBL3221265
CCCCC(=O)Nc1ccc(Nc2ncnc3cc(OC)c(OC)cc23)cc1C,0,IC50 (>),5.0,2,CHEMBL2018747;CHEMBL3221266
CCCCOC(=O)Nc1ccc(Nc2ncnc3cc(OC)c(OC)cc23)cc1,1,IC50,6.1,2,CHEMBL2018749;CHEMBL3221551
CCOC(=O)Nc1ccc(Nc2ncnc3cc(OC)c(OC)cc23)cc1Cl,1,IC50,6.0,2,CHEMBL2018752;CHEMBL3221560
CCCOC(=O)Nc1ccc(Nc2ncnc3cc(OC)c(OC)cc23)cc1Cl,1,IC50,6.0,2,CHEMBL2018753;CHEMBL3221258
CCOC(=O)Nc1ccc(Nc2ncnc3cc(OC)c(OC)cc23)cc1C,1,IC50,6.05,3,CHEMBL2018756;CHEMBL3221554
CCCOC(=O)Nc1ccc(Nc2ncnc3cc(OC)c(OC)cc23)cc1C,1,IC50,6.05,2,CHEMBL2018757;CHEMBL3221556
CCOC(=O)Nc1cc(Nc2ncnc3cc(OC)c(OC)cc23)ccc1Cl,1,IC50,6.05,2,CHEMBL2018760;CHEMBL3221561
CCNC(=O)Nc1ccc(Nc2ncnc3cc(OC)c(OC)cc23)cc1,0,IC50 (>),5.0,1,CHEMBL2016600
CCCCNC(=O)Nc1ccc(Nc2ncnc3cc(OC)c(OC)cc23)cc1,0,IC50 (>),5.0,1,CHEMBL2018763
COc1cccc(NC(=O)Nc2ccc(Nc3ncnc4cc(OC)c(OC)cc34)cc2)c1,0,IC50 (>),5.0,1,CHEMBL2018764
CCN(CC)CCOc1cc2ncnc(Nc3ccc(Br)cc3F)c2cc1OC,0,IC50 (>),5.0,1,CHEMBL2018766
CCN(CC)CCOc1cc2ncnc(Nc3ccc(NC(=O)OC)c(Cl)c3)c2cc1OC,0,IC50 (>),5.0,1,CHEMBL2018768
CCOC(=O)Nc1ccc(Nc2ncnc3cc(OCCN(CC)CC)c(OC)cc23)cc1Cl,0,IC50 (>),5.0,2,CHEMBL2018769;CHEMBL3221544
CCN(CC)CCOc1cc2ncnc(Nc3ccc(NC(=O)OC)c(C)c3)c2cc1OC,0,IC50 (>),5.0,1,CHEMBL2018770
CCOC(=O)Nc1ccc(Nc2ncnc3cc(OCCN(CC)CC)c(OC)cc23)cc1C,0,IC50 (>),5.0,2,CHEMBL2018771;CHEMBL3221267
CCNC(=O)Nc1ccc(Nc2ncnc3cc(OCCN(CC)CC)c(OC)cc23)cc1,0,IC50 (>),5.0,1,CHEMBL2018772
CCOC(=O)Nc1ccc(Nc2ncnc3cc(OC)c(OCCN(CC)CC)cc23)cc1C,0,IC50 (>),5.0,2,CHEMBL2018774;CHEMBL3221268
CCCCOc1cc2c(Nc3ccc(Br)cc3F)ncnc2cc1OCCN(CC)CC,0,IC50 (>),5.0,1,CHEMBL2018775
CCCCOc1cc2c(Nc3ccc(NC(=O)OC)c(Cl)c3)ncnc2cc1OCCN(CC)CC,0,IC50 (>),5.0,1,CHEMBL2018776
CCCCOc1cc2c(Nc3ccc(NC(=O)OC)c(C)c3)ncnc2cc1OCCN(CC)CC,0,IC50 (>),5.0,1,CHEMBL2018878
CCCCOc1cc2c(Nc3ccc(NC(=O)OCC)c(C)c3)ncnc2cc1OCCN(CC)CC,0,IC50 (>),5.0,2,CHEMBL2018879;CHEMBL3221543
COc1cc2ncnc(Oc3cccc(NC(C)=O)c3)c2cc1OC,0,IC50 (>),5.0,1,CHEMBL2018880
COc1cccc(NC(=O)Nc2ccc(Oc3ncnc4cc(OC)c(OC)cc34)cc2)c1,0,IC50 (>),5.0,1,CHEMBL2018881
COc1cc2ncnc(Oc3ccc(NC(=O)Nc4cccc(Br)c4)cc3)c2cc1OC,0,IC50 (>),5.0,2,CHEMBL2018882
COc1cc2ncnc(Oc3ccc(NC(=O)Nc4ccc(Br)cc4)c(C)c3)c2cc1OC,0,IC50 (>),5.0,1,CHEMBL2018883
COc1cc2ncnc(Oc3ccc(NC(=O)Nc4cccc(Br)c4)c(C)c3)c2cc1OC,0,IC50 (>),5.0,2,CHEMBL2018884
COc1cc2ncnc(Oc3ccc(NC(=O)Nc4ccc(F)c(Cl)c4)c(C)c3)c2cc1OC,0,IC50 (>),5.0,1,CHEMBL2018885
COc1cc2ncnc(Oc3ccc(NC(=O)Nc4ccc5ccccc5c4)c(C)c3)c2cc1OC,0,IC50 (>),5.0,1,CHEMBL2018886
C=CC(=O)Nc1cccc(Oc2nc(Nc3ccc(N4CCN(C)CC4)cc3OC)ncc2Cl)c1,1,IC50,10.4,68,CHEMBL1229592
C=CC(=O)Nc1cccc(N2C(=O)N(C)Cc3cnc(Nc4ccc(N5CCN(C)CC5)cc4OC)nc32)c1,1,IC50,8.97,5,CHEMBL2032376
C=CC(=O)Nc1cccc(N2C(=O)N(C)Cc3cnc(Nc4ccc(N(C)C)cc4OC)nc32)c1,1,IC50,8.3,5,CHEMBL2032377
C=CC(=O)Nc1cccc(N2C(=O)N(C)Cc3cnc(Nc4ccc(N5CCCCC5)cc4OC)nc32)c1,1,IC50,7.98,5,CHEMBL2032378
C=CC(=O)Nc1cccc(N2C(=O)N(C)Cc3cnc(Nc4ccc(N5CCOCC5)cc4OC)nc32)c1,1,IC50,7.99,5,CHEMBL2032379
C=CC(=O)Nc1cccc(N2C(=O)N(C)Cc3cnc(Nc4ccc(N5CCCN(C)CC5)cc4OC)nc32)c1,1,IC50,8.83,5,CHEMBL2032380
C=CC(=O)Nc1cccc(N2C(=O)N(C)Cc3cnc(Nc4ccc(N5CCC(N(C)C)CC5)cc4OC)nc32)c1,1,IC50,8.62,5,CHEMBL2029425
C=CC(=O)Nc1cccc(N2C(=O)N(C)Cc3cnc(Nc4ccccc4)nc32)c1,1,IC50,8.16,5,CHEMBL2029426
C=CC(=O)Nc1cccc(N2C(=O)N(C)Cc3cnc(NC)nc32)c1,1,IC50,6.08,2,CHEMBL2029427
C=CC(=O)Nc1cccc(N2C(=O)N(C)Cc3cnc(Nc4ccc(N5CCN(C)CC5)cc4)nc32)c1,1,IC50,9.37,5,CHEMBL2029428
C=CC(=O)Nc1cccc(N2C(=O)N(C)Cc3cnc(Nc4ccc(N5CCN(C)CC5)c(OC)c4)nc32)c1,1,IC50,9.39,5,CHEMBL2029429
C=CC(=O)Nc1cccc(N2C(=O)N(C)Cc3cnc(Nc4ccc(N5CCN(C)CC5)cc4OCC)nc32)c1,1,IC50,8.57,5,CHEMBL2029430
C=CC(=O)Nc1cccc(N2C(=O)N(C)Cc3cnc(Nc4ccc(N5CCN(C)CC5)cc4OC(C)C)nc32)c1,1,IC50,8.05,5,CHEMBL2029431
C=CC(=O)Nc1cccc(N2C(=O)N(C)Cc3cnc(Nc4ccc(N5CCN(C)CC5)cc4C)nc32)c1,1,IC50,8.92,5,CHEMBL2029432
C=CC(=O)Nc1cccc(N2C(=O)N(C(C)C)Cc3cnc(Nc4ccc(N5CCN(C)CC5)cc4OC)nc32)c1,1,IC50,9.42,5,CHEMBL2029434
C=CC(=O)Nc1cccc(N2C(=O)N(C3CC3)Cc3cnc(Nc4ccc(N5CCN(C)CC5)cc4OC)nc32)c1,1,IC50,9.24,5,CHEMBL2029435
C=CC(=O)Nc1cccc(N2C(=O)N(c3ccccc3)Cc3cnc(Nc4ccc(N5CCN(C)CC5)cc4OC)nc32)c1,1,IC50,9.52,5,CHEMBL2029436
C=CC(=O)Nc1cccc(N2C(=O)N(c3ccc4ccccc4c3)Cc3cnc(Nc4ccc(N5CCN(C)CC5)cc4OC)nc32)c1,1,IC50,9.1,5,CHEMBL2029437
C=CC(=O)Nc1cccc(N2C(=O)N(Cc3ccccc3)Cc3cnc(Nc4ccc(N5CCN(C)CC5)cc4OC)nc32)c1,1,IC50,9.54,11,CHEMBL2029438
C=CC(=O)Nc1cccc(N2C(=O)N(c3ccc(-c4ccccc4)cc3)Cc3cnc(Nc4ccc(N5CCN(C)CC5)cc4OC)nc32)c1,1,IC50,8.85,5,CHEMBL2029439
C=CC(=O)Nc1cccc(N2C(=O)N(c3ccc(Oc4ccccc4)cc3)Cc3cnc(Nc4ccc(N5CCN(C)CC5)cc4OC)nc32)c1,1,IC50,8.82,5,CHEMBL2029440
C=CC(=O)Nc1cccc(N2C(=O)N(c3ccc(OCc4ccccc4)cc3)Cc3cnc(Nc4ccc(N5CCN(C)CC5)cc4OC)nc32)c1,1,IC50,8.78,5,CHEMBL2029441
COc1cc(N2CCN(C)CC2)ccc1Nc1ncc2c(n1)N(c1cccc(N)c1)C(=O)N(C)C2,1,IC50,6.32,1,CHEMBL2029442
COc1cc2ncnc(Oc3cccc(NC(=O)Nc4cc(C(C)(C)C(F)(F)F)on4)c3)c2cc1OC,0,Kd,7.66,2,CHEMBL2029988
CN(C)CCC(=O)Nc1ccc2ncnc(Nc3cccc(Br)c3)c2c1,1,IC50,9.55,4,CHEMBL2031297
O=C(CCN1CCCCC1)Nc1ccc2ncnc(Nc3cccc(Br)c3)c2c1,1,IC50,9.57,1,CHEMBL2031298
O=C(CCN1CCOCC1)Nc1ccc2ncnc(Nc3cccc(Br)c3)c2c1,1,IC50,9.29,1,CHEMBL2031299
CN1CCN(CCC(=O)Nc2ccc3ncnc(Nc4cccc(Br)c4)c3c2)CC1,1,IC50,9.64,1,CHEMBL2031300
CN(C)CCC(=O)N(C)c1ccc2ncnc(Nc3cccc(Br)c3)c2c1,1,IC50,7.76,1,CHEMBL2031301
C=CC(=O)Nc1cc2c(Nc3ccc(F)c(Cl)c3)ncnc2cc1OCC,1,IC50,9.74,1,CHEMBL2031302
CCOc1cc2ncnc(Nc3ccc(F)c(Cl)c3)c2cc1NC(=O)CCN(C)C,1,IC50,9.57,1,CHEMBL2031303
CCOc1cc2ncnc(Nc3ccc(F)c(Cl)c3)c2cc1NC(=O)CCN1CCCCC1,1,IC50,9.29,1,CHEMBL2031304
CCOc1cc2ncnc(Nc3ccc(F)c(Cl)c3)c2cc1NC(=O)CCN1CCOCC1,1,IC50,9.54,1,CHEMBL2031305
C=CC(=O)Nc1cc2c(Nc3ccc(F)c(Cl)c3)c(C#N)cnc2cc1OCC,1,IC50,8.84,1,CHEMBL2031306
CCOc1cc2ncc(C#N)c(Nc3ccc(F)c(Cl)c3)c2cc1NC(=O)CCN(C)C,1,IC50,9.17,1,CHEMBL2031307
CCOc1cc2ncc(C#N)c(Nc3ccc(F)c(Cl)c3)c2cc1NC(=O)CCN1CCCCC1,1,IC50,8.66,1,CHEMBL2031308
CCOc1cc2ncc(C#N)c(Nc3ccc(F)c(Cl)c3)c2cc1NC(=O)CCN1CCOCC1,1,IC50,8.7,1,CHEMBL2031309
C=CC(=O)Nc1cc2c(Nc3ccc(OCc4ccccn4)c(Cl)c3)c(C#N)cnc2cc1OCC,1,IC50,7.29,1,CHEMBL2031310
CCOc1cc2ncc(C#N)c(Nc3ccc(OCc4ccccn4)c(Cl)c3)c2cc1NC(=O)CCN(C)C,1,IC50,7.9,1,CHEMBL2031311
CCOc1cc2ncc(C#N)c(Nc3ccc(OCc4ccccn4)c(Cl)c3)c2cc1NC(=O)CCN1CCCCC1,1,IC50,7.61,2,CHEMBL2031312
CCOc1cc2ncc(C#N)c(Nc3ccc(OCc4ccccn4)c(Cl)c3)c2cc1NC(=O)CCN1CCOCC1,1,IC50,7.43,1,CHEMBL2031313
Cc1ccc(N2NC(=O)/C(=C\c3ccc(-c4cc([N+](=O)[O-])ccc4O)o3)C2=O)cc1C,0,IC50,4.13,1,CHEMBL2029690
O=C(Cc1ccc(F)cc1)Nc1cc(SC[C@@H](O)CO)cc([N+](=O)[O-])c1,0,IC50,4.31,1,CHEMBL2029691
Cc1cccc(N2NC(=O)/C(=C/c3ccc(-c4ccccc4F)o3)C2=O)c1,0,IC50,4.64,1,CHEMBL2029693
Cn1c(NCc2cccc(C(F)(F)F)c2)cc(=O)n(C)c1=O,0,IC50,4.08,1,CHEMBL2029695
Cc1nn(C)cc1C(=O)Nc1ccn(Cc2c(F)cccc2Cl)n1,0,IC50,4.14,1,CHEMBL2029697
C=C(N/N=C/c1cn[nH]c1-c1ccccc1)[C@H](C)Cc1ccccc1,0,IC50,4.58,1,CHEMBL2029698
C=CC(=O)NCc1coc(-c2c(N)ncnc2Nc2ccc(OCc3ccccn3)c(Cl)c2)n1,1,IC50,8.49,2,CHEMBL2035810
Cc1ccc(NC(=O)Nc2nnc(Sc3ncnc4cc(OCCCN5CCOCC5)ccc34)s2)cc1,0,IC50 (>),5.0,1,CHEMBL2046883
C#Cc1cccc(NC(=O)c2cc(OCCCCCCC(=O)NO)ccc2O)c1,1,IC50,6.05,1,CHEMBL2047029
Nc1nc2c(c(Nc3ccc(Cl)cc3F)n1)-c1ccccc1C2,0,IC50,4.93,2,CHEMBL2047253
Nc1nc2c(c(Nc3ccc(F)c(Cl)c3)n1)-c1ccccc1C2,0,IC50 (>),3.7,2,CHEMBL2047252
COc1cccc(Nc2nc(N)nc3c2-c2ccccc2C3)c1,0,IC50 (>),3.7,2,CHEMBL2047251
Nc1nc2c(c(Nc3ccc(C(F)(F)F)cc3)n1)-c1ccccc1C2,0,IC50 (>),3.52,1,CHEMBL2047250
Nc1nc2c(c(Nc3ccc(Br)cc3)n1)-c1ccccc1C2,0,IC50 (>),3.52,1,CHEMBL2047249
Nc1nc2c(c(Nc3cccc(Br)c3)n1)-c1ccccc1C2,0,IC50,4.62,2,CHEMBL2047248
Nc1nc2c(c(Nc3ccc(Cl)cc3)n1)-c1ccccc1C2,0,IC50,4.58,2,CHEMBL2047247
Nc1nc2c(c(Nc3cccc(Cl)c3)n1)-c1ccccc1C2,0,IC50,4.71,2,CHEMBL2047242
Nc1nc2c(c(Nc3cccc(F)c3)n1)-c1ccccc1C2,0,IC50 (>),3.7,2,CHEMBL2047246
CC(C)c1ccc(Nc2nc(N)nc3c2-c2ccccc2C3)cc1,0,IC50,4.37,2,CHEMBL2047245
CC(C)c1ccccc1Nc1nc(N)nc2c1-c1ccccc1C2,0,IC50 (>),3.7,2,CHEMBL2047244
Nc1nc2c(c(Nc3ccccc3)n1)-c1ccccc1C2,0,IC50 (>),3.7,2,CHEMBL2047243
CC(C)(N)C(=O)NCCn1ccc2ncnc(Nc3ccc(Oc4cccc5sncc45)c(Cl)c3)c21,1,IC50,8.59,1,CHEMBL2048912
O=C(NCCn1ccc2ncnc(Nc3ccc(Oc4cccc5sncc45)c(Cl)c3)c21)[C@@H]1CCCN1,1,IC50,8.52,1,CHEMBL2048911
CC(C)(C)C(=O)NCCn1ccc2ncnc(Nc3ccc(Oc4cccc5sncc45)c(Cl)c3)c21,1,IC50,7.68,1,CHEMBL2048910
CC(C)(C(=O)NCCn1ccc2ncnc(Nc3ccc(Oc4cccc5sncc45)c(Cl)c3)c21)S(C)(=O)=O,1,IC50,8.26,1,CHEMBL2048909
CC(C)(CO)C(=O)NCCn1ccc2ncnc(Nc3ccc(Oc4cccc5sncc45)c(Cl)c3)c21,1,IC50,8.15,1,CHEMBL2048908
CC(C)(O)C(=O)NCCn1ccc2ncnc(Nc3ccc(Oc4cccc5sncc45)c(Cl)c3)c21,1,IC50,8.15,1,CHEMBL2048907
CC(=O)NCCn1ccc2ncnc(Nc3ccc(Oc4cccc5sncc45)c(Cl)c3)c21,1,IC50,8.54,1,CHEMBL2048906
OCCn1ccc2ncnc(Nc3ccc(Oc4cccc5sncc45)c(Cl)c3)c21,1,IC50,8.39,1,CHEMBL2048905
Cn1ncc2c(Oc3ccc(Nc4ncnc5ccn(CCO)c45)cc3Cl)cccc21,1,IC50,7.44,1,CHEMBL2048904
OCCn1ccc2ncnc(Nc3ccc(Oc4cccc5[nH]ncc45)c(Cl)c3)c21,1,IC50,8.72,1,CHEMBL2048903
OCCn1ccc2ncnc(Nc3ccc(Oc4cccc5sccc45)c(Cl)c3)c21,1,IC50,8.06,1,CHEMBL2048798
OCCn1ccc2ncnc(Nc3ccc(Oc4cccc5[nH]ccc45)c(Cl)c3)c21,1,IC50,8.51,1,CHEMBL2048797
O=C1Cc2c(cccc2Oc2ccc(Nc3ncnc4ccn(CCO)c34)cc2Cl)N1,1,IC50,8.52,1,CHEMBL2048796
O=C1Cc2cccc(Oc3ccc(Nc4ncnc5ccn(CCO)c45)cc3Cl)c2N1,1,IC50,8.55,1,CHEMBL2048795
O=C1NCc2cccc(Oc3ccc(Nc4ncnc5ccn(CCO)c45)cc3Cl)c21,1,IC50,7.68,1,CHEMBL2048794
O=C1NCc2c(Oc3ccc(Nc4ncnc5ccn(CCO)c45)cc3Cl)cccc21,1,IC50,6.05,1,CHEMBL2048793
O=C1Cc2cc(Oc3ccc(Nc4ncnc5ccn(CCO)c45)cc3Cl)ccc2N1,1,IC50,6.02,1,CHEMBL2048791
O=C1NCc2cc(Oc3ccc(Nc4ncnc5ccn(CCO)c45)cc3Cl)ccc21,1,IC50,6.29,1,CHEMBL2048790
O=C1NCc2ccc(Oc3ccc(Nc4ncnc5ccn(CCO)c45)cc3Cl)cc21,1,IC50,8.11,1,CHEMBL2048789
CC(C)(C)NC(=O)c1cccc(Oc2ccc(Nc3ncnc4ccn(CCO)c34)cc2Cl)c1,1,IC50,7.48,1,CHEMBL2048788
OCCn1ccc2ncnc(Nc3ccc(Oc4cccc(C(F)(F)F)c4)c(Cl)c3)c21,1,IC50,7.47,1,CHEMBL1923007
O=c1oc2cc3ncnc(Nc4ccc(F)c(Cl)c4)c3cc2n1CCCN1CCOCC1,1,IC50,7.11,1,CHEMBL2064372
C#Cc1cccc(Nc2ncnc3cc4oc(=O)n(CCCN5CCOCC5)c4cc23)c1,1,IC50,6.42,1,CHEMBL2064373
COc1ccc(Nc2ncnc3cc4oc(=O)n(CCCN5CCOCC5)c4cc23)cc1,1,IC50,6.42,1,CHEMBL2064376
Cc1cc(C)cc(Nc2ncnc3cc4oc(=O)n(CCCN5CCOCC5)c4cc23)c1,0,IC50,4.12,1,CHEMBL2064379
CCOC(=O)c1ccc(O)c(Nc2ncnc3cc4oc(=O)n(CCCN5CCOCC5)c4cc23)c1,1,IC50,6.64,1,CHEMBL2064380
Cc1ccc(Nc2ncnc3cc4oc(=O)n(CCCN5CCOCC5)c4cc23)cc1,1,IC50,7.17,1,CHEMBL2064383
O=c1oc2cc3ncnc(Nc4ccc(OCc5ccc(Cl)cc5)cc4)c3cc2n1CCCN1CCOCC1,1,IC50,6.0,1,CHEMBL2064384
O=c1oc2cc3ncnc(Nc4ccc(OCc5ccccc5)cc4)c3cc2n1CCCN1CCOCC1,1,IC50,6.85,1,CHEMBL2064386
O=c1oc2cc3ncnc(Nc4ccccc4O)c3cc2n1CCCN1CCOCC1,0,IC50,4.52,1,CHEMBL2064388
O=c1oc2cc3ncnc(Nc4ccc(F)c(F)c4)c3cc2n1CCCN1CCOCC1,1,IC50,6.24,1,CHEMBL2064389
Cc1c(OCC(F)(F)F)ccnc1COc1cccc(Nc2ncnc3cc4oc(=O)n(CCCN5CCOCC5)c4cc23)c1,1,IC50,7.0,1,CHEMBL2064393
O=c1oc2cc3ncnc(Nc4ccc(OCc5ccc(Cl)cc5)c(Cl)c4)c3cc2n1CCCN1CCOCC1,1,IC50,7.21,1,CHEMBL2064395
CC(C)(C)c1ccc(Nc2ncnc3cc4oc(=O)n(CCCN5CCOCC5)c4cc23)cc1,0,IC50,4.1,1,CHEMBL2064396
O=c1oc2cc3ncnc(NCc4ccccc4)c3cc2n1CCCN1CCOCC1,0,IC50,4.19,1,CHEMBL2064400
O=c1oc2cc3ncnc(Nc4ccc5[nH]ncc5c4)c3cc2n1CCCN1CCOCC1,1,IC50,6.92,1,CHEMBL2064403
O=C(Cc1ccccc1)Nc1cc(-c2nc3sccn3c2-c2ccnc(Nc3ccc(N4CCOCC4)cc3)n2)ccc1Cl,0,Ki (>),5.0,1,CHEMBL2062938
C[C@H](NC(=O)c1cc(-c2cnn(C3CCOCC3)c2)cnc1N)c1c(Cl)ccc(F)c1Cl,0,IC50 (>),5.0,1,CHEMBL2071457
Brc1cccc(Nc2ncnc3ccc(NCc4ccc5c(c4)OCO5)cc23)c1,1,IC50,6.2,1,CHEMBL2070197
Clc1cccc(Nc2ncnc3ccc(NCc4ccc5c(c4)OCO5)cc23)c1,1,IC50,6.24,1,CHEMBL2070191
Clc1cccc(Nc2ncnc3ccc(NCc4ccc5c(c4)OCCO5)cc23)c1,1,IC50,6.1,1,CHEMBL2070193
Brc1cccc(Nc2ncnc3ccc(NCc4ccc5c(c4)OCCCO5)cc23)c1,1,IC50,7.01,1,CHEMBL2070198
Clc1cccc(Nc2ncnc3ccc(NCc4ccc5c(c4)OCCCO5)cc23)c1,1,IC50,6.67,1,CHEMBL2070199
Clc1cccc(Nc2ncnc3ccc(NCc4ccc5c(c4)OCCCCO5)cc23)c1,1,IC50,6.04,1,CHEMBL2070201
COc1ccc2cc(-c3nn(C(C)C)c4ncnc(N)c34)ccc2c1,1,IC50,6.29,1,CHEMBL2070045
COc1ccc2cc(-c3nn(CC4CCNCC4)c4ncnc(N)c34)ccc2c1,0,IC50 (>),5.0,1,CHEMBL2070047
CCOc1ccc2cc(-c3nn(C(C)C)c4ncnc(N)c34)ccc2c1,1,IC50,6.16,1,CHEMBL2070048
CCOc1ccc2cc(-c3nn(CC4CCNCC4)c4ncnc(N)c34)ccc2c1,0,IC50 (>),5.0,1,CHEMBL2070050
CCOc1ccc2cc(-c3nn(CC4CCNCC4)c4ncnc(N)c34)ccc2n1,0,IC50 (>),5.0,1,CHEMBL2070051
CCOc1ccc2cc(-c3nn(C4CCN(C)CC4)c4ncnc(N)c34)ccc2c1,0,IC50 (>),5.0,1,CHEMBL2070075
CCOc1ccc2cc(-c3nn(CC4CCN(C)CC4)c4ncnc(N)c34)ccc2c1,0,IC50 (>),5.0,1,CHEMBL2070081
CCN1CCC(Nc2ccc3c(c2)C(=C(c2ccc(Cl)cc2)c2ncc[nH]2)C(=O)N3)CC1,1,IC50,6.86,1,CHEMBL2086760
Brc1cccc(Nc2ncnc3cc4c(cc23)OCCCO4)c1,1,IC50,7.07,1,CHEMBL1198361
Brc1cccc(Nc2ncnc3cc4c(cc23)Oc2ccccc2O4)c1,1,IC50,6.92,1,CHEMBL2087352
Brc1cccc(Nc2ncnc3cc4c(cc23)OCCOCCO4)c1,1,IC50,7.26,1,CHEMBL2087353
Cc1ccc(S(=O)(=O)N2CCOc3cc4ncnc(Nc5cccc(Br)c5)c4cc3OCC2)cc1,1,IC50,6.82,1,CHEMBL2087354
Brc1cccc(Nc2ncnc3cc4c(cc23)OCCOCCOCCO4)c1,1,IC50,8.3,1,CHEMBL2087355
Brc1cccc(Nc2ncnc3cc4c(cc23)OCCOCOCOCCO4)c1,1,IC50,8.3,1,CHEMBL2087356
Brc1cccc(Nc2ncnc3cc4c(cc23)OCCSCCO4)c1,1,IC50,8.15,1,CHEMBL2087357
Clc1cccc(Nc2ncnc3cc4c(cc23)OCCOCCOCCO4)c1,1,IC50,8.7,1,CHEMBL2087358
Brc1cccc(Nc2ncnc3cc4c(cc23)OCCCSCCCO4)c1,1,IC50,8.1,1,CHEMBL2087359
Fc1ccc(Nc2ncnc3cc4c(cc23)OCCOCCOCCO4)cc1Cl,1,IC50,8.7,1,CHEMBL2087360
CS(=O)(=O)CC(=O)NCCn1ccc2ncnc(Nc3ccc(Oc4cccc(C(F)(F)F)c4)c(Cl)c3)c21,1,IC50,7.82,1,CHEMBL2148044
CCS(=O)(=O)CC(=O)NCCn1ccc2ncnc(Nc3ccc(Oc4cccc(C(F)(F)F)c4)c(Cl)c3)c21,1,IC50,7.51,1,CHEMBL2148045
CC(C)S(=O)(=O)CC(=O)NCCn1ccc2ncnc(Nc3ccc(Oc4cccc(C(F)(F)F)c4)c(Cl)c3)c21,1,IC50,7.28,1,CHEMBL2148046
CC(C)(C)S(=O)(=O)CC(=O)NCCn1ccc2ncnc(Nc3ccc(Oc4cccc(C(F)(F)F)c4)c(Cl)c3)c21,1,IC50,7.25,1,CHEMBL2148047
CC(C(=O)NCCn1ccc2ncnc(Nc3ccc(Oc4cccc(C(F)(F)F)c4)c(Cl)c3)c21)S(C)(=O)=O,1,IC50,7.75,1,CHEMBL2148048
CC(C)(C(=O)NCCn1ccc2ncnc(Nc3ccc(Oc4cccc(C(F)(F)F)c4)c(Cl)c3)c21)S(C)(=O)=O,1,IC50,7.33,1,CHEMBL2148049
CS(=O)(=O)CC(=O)NCCn1ccc2ncnc(Nc3ccc(Oc4cccc(Cl)c4)c(Cl)c3)c21,1,IC50,8.17,1,CHEMBL2148050
CC(C(=O)NCCn1ccc2ncnc(Nc3ccc(Oc4cccc(Cl)c4)c(Cl)c3)c21)S(C)(=O)=O,1,IC50,8.01,1,CHEMBL2148051
CC(C)(C(=O)NCCn1ccc2ncnc(Nc3ccc(Oc4cccc(Cl)c4)c(Cl)c3)c21)S(C)(=O)=O,1,IC50,7.96,2,CHEMBL2148052;CHEMBL2148053
CNC(=O)c1nc(-c2ccc(Cl)c(S(=O)(=O)Nc3cccc(F)c3F)c2)cnc1N,1,IC50,6.13,1,CHEMBL2152252
CNC(=O)c1nc(-c2ccc(Cl)c(S(=O)(=O)Nc3cccc(F)c3C)c2)cnc1N,1,IC50,6.39,1,CHEMBL2152253
COc1ccc(C2=NN(C(=O)c3ccc(Cl)cc3O)C(c3ccc(Cl)cc3)C2)cc1,0,IC50,4.98,1,CHEMBL2159053
CN1CCN(c2ccc(Nc3ncc4nc(Nc5ccccc5)n(C5CCCC5)c4n3)cc2)CC1,1,IC50,9.0,12,CHEMBL2178352
CN1CCN(c2ccc(Nc3ncc4nc(Nc5ccccc5)[nH]c4n3)cc2)CC1,1,IC50,8.3,5,CHEMBL2178368
O=[N+]([O-])c1ccc2c(c1)S(=O)(=O)N=S2c1ccc(Br)cc1,0,IC50,4.66,1,CHEMBL605161
O=S1(=O)N=S(c2ccc(Br)cc2)c2ccc(NS(=O)(=O)c3ccccc3)cc21,0,IC50 (>),4.4,1,CHEMBL2205028
CS(=O)(=O)Nc1ccc2c(c1)S(=O)(=O)N=S2c1ccc(Br)cc1,0,IC50 (>),4.4,1,CHEMBL2205027
N#Cc1ccc2c(c1)S(=O)(=O)N=S2c1ccc(Br)cc1,0,IC50 (>),4.4,1,CHEMBL2205026
O=S1(=O)N=S(c2ccc(Br)cc2)c2ccc(C(F)(F)F)cc21,0,IC50 (>),4.4,1,CHEMBL2205025
COC(=O)c1ccc2c(c1)S(=O)(=O)N=S2c1ccc(Br)cc1,1,IC50,6.0,1,CHEMBL1917092
NC(=O)c1ccc2c(c1)S(=O)(=O)N=S2c1ccc(Br)cc1,0,IC50 (>),4.4,1,CHEMBL1917093
O=S1(=O)N=S(c2ccc(Br)cc2)c2ccc(F)cc21,0,IC50 (>),4.4,1,CHEMBL2205024
CN(c1ccc(F)c(NC(=O)c2cccc(OC(C)(C)C#N)c2Cl)c1)c1ccc2nc(NC(=O)C3CC3)sc2n1,0,IC50 (>),5.0,1,CHEMBL2204532
CC(C)(C)NS(=O)(=O)c1cncc(-c2ccn3nc(N)nc3c2)c1,0,IC50 (>),5.0,1,CHEMBL2205766
COc1cc2ncnc(Nc3ccc(F)c(Cl)c3)c2cc1NC(=O)/C=C/CN1CCCCC1,1,IC50,9.2,22,CHEMBL2105719;CHEMBL2110732
CC(C)(C)NC(=O)/C=C/c1ccccc1,0,IC50,4.53,1,CHEMBL2283259
CCCCCCCCCCCCNC(=O)/C=C/c1ccccc1,0,IC50,4.42,1,CHEMBL2283258
O=C(/C=C/c1ccccc1)Nc1ccccc1Br,0,IC50,4.8,1,CHEMBL2283257
O=C(/C=C/c1ccccc1)Nc1cc(Cl)cc(Cl)c1,0,IC50,4.86,1,CHEMBL2283256
O=C(/C=C/c1ccccc1)Nc1ccc(Cl)cc1Cl,0,IC50,4.79,1,CHEMBL2283255
O=C(/C=C/c1ccccc1)Nc1ccc(Cl)cc1,0,IC50,4.86,1,CHEMBL2336335
O=C(/C=C/c1ccccc1)Nc1cccc(Cl)c1,0,IC50,4.84,1,CHEMBL1830131
O=C(/C=C/c1ccccc1)Nc1cc(F)c(F)c(F)c1,0,IC50,4.89,1,CHEMBL2283253
O=C(/C=C/c1ccccc1)Nc1cc(F)cc(F)c1,0,IC50,4.88,1,CHEMBL2283252
O=C(/C=C/c1ccccc1)Nc1ccc(F)cc1F,0,IC50,4.93,1,CHEMBL2283251
CCOc1ccc(NC(=O)/C=C/c2ccccc2)cc1,0,IC50,4.99,1,CHEMBL2283249
CC(C)c1ccc(NC(=O)/C=C/c2ccccc2)cc1,0,IC50,4.84,1,CHEMBL2283245
Cc1ccc(NC(=O)/C=C/c2ccccc2)cc1,0,IC50,4.9,1,CHEMBL2336359
Cc1cccc(NC(=O)/C=C/c2ccccc2)c1,0,IC50,4.71,1,CHEMBL1830130
Cc1ccccc1NC(=O)/C=C/c1ccccc1,0,IC50,4.91,1,CHEMBL2336358
O=C(/C=C/c1ccccc1)Nc1ccccc1,0,IC50,4.63,1,CHEMBL1830129
COc1ccc(/C=C2\CCC/C(=C\c3cc(OC)cc(OC)c3)C2=O)cc1,0,IC50,4.73,1,CHEMBL2316156
COc1cc(/C=C2\CCC/C(=C\c3ccccc3OC)C2=O)cc(OC)c1,0,IC50,4.68,2,CHEMBL2316152
COc1cc(/C=C2\CCC/C(=C\c3ccc(O)c(O)c3)C2=O)cc(OC)c1,1,IC50,6.4,2,CHEMBL2316151
COc1cc(/C=C2\CCC/C(=C\c3ccc(Cl)cc3)C2=O)cc(OC)c1,0,IC50,4.82,2,CHEMBL2316148
COc1ccccc1CNc1ncc(C(=O)NCCCN2CCCC2=O)c(NC2CCCC2)n1,0,IC50 (>),4.52,1,CHEMBL2312301
COc1ccc(CCNc2ncc(C(=O)NCCCN3CCCC3=O)c(NC3CCCC3)n2)cc1OC,0,IC50 (>),4.52,1,CHEMBL2312290
Cc1cc(-c2cnc(Nc3cc(Cl)cc(Cl)c3)nc2NC2CCC(N(C)C)CC2)on1,1,IC50,6.23,1,CHEMBL2312654
CN1CCC(NC(=O)c2cnc(Nc3cc(Cl)cc(Cl)c3)nc2N[C@@H]2COC[C@H]2O)CC1,0,IC50,4.52,1,CHEMBL2312652
CN1CCC(NC(=O)c2cnc(Nc3cc(Cl)cc(Cl)c3)nc2NC2CCC(N(C)C)CC2)CC1,0,IC50,4.52,1,CHEMBL2312649
CN1CCC(NC(=O)c2cnc(NCc3cc(Cl)ccc3Cl)nc2NC2CCCC2)CC1,0,IC50,4.52,1,CHEMBL2312646
COc1ccccc1CNc1ncc(C(=O)NC2CCN(C)CC2)c(NC2CCCC2)n1,0,IC50,4.52,1,CHEMBL2312645
O=C(Nc1cccc(Oc2ccc(Nc3ncnc4ccn(CCOCCO)c34)cc2Cl)c1)NC1CCCCC1,1,IC50,8.16,2,CHEMBL2322330
CN(C)C/C=C/C(=O)NCCn1ccc2ncnc(Nc3ccc(Oc4cccc(C(F)(F)F)c4)c(Cl)c3)c21,1,IC50,8.34,1,CHEMBL2322329
CC(C)(O)CC(=O)NCCn1ccc2ncnc(Nc3ccc(Oc4cccc(C(F)(F)F)c4)c(Cl)c3)c21,1,IC50,9.0,4,CHEMBL1614725
Clc1ccc(C2=NN(c3ccccc3)C(c3ccc4ccccc4c3)C2)cc1Cl,1,IC50,7.3,1,CHEMBL2325101
Cc1ccc(C2=NN(c3ccccc3)C(c3ccc4ccccc4c3)C2)cc1,1,IC50,7.22,1,CHEMBL2325100
COc1ccc(C2=NN(c3ccccc3)C(c3ccc4ccccc4c3)C2)cc1,1,IC50,6.92,1,CHEMBL2325099
Brc1ccc(C2=NN(c3ccccc3)C(c3ccc4ccccc4c3)C2)cc1,1,IC50,6.15,1,CHEMBL2325098
Clc1ccc(C2=NN(c3ccccc3)C(c3ccc4ccccc4c3)C2)cc1,1,IC50,6.96,1,CHEMBL2325097
Fc1ccc(C2=NN(c3ccccc3)C(c3ccc4ccccc4c3)C2)cc1,1,IC50,6.52,1,CHEMBL2325096
c1ccc(C2=NN(c3ccccc3)C(c3ccc4ccccc4c3)C2)cc1,1,IC50,6.62,1,CHEMBL2325095
Clc1ccc(C2=NN(c3ccccc3)C(c3cccc4ccccc34)C2)cc1Cl,1,IC50,6.85,1,CHEMBL2325094
Cc1ccc(C2=NN(c3ccccc3)C(c3cccc4ccccc34)C2)cc1,1,IC50,6.7,1,CHEMBL2325093
COc1ccc(C2=NN(c3ccccc3)C(c3cccc4ccccc34)C2)cc1,1,IC50,7.0,1,CHEMBL2325092
Brc1ccc(C2=NN(c3ccccc3)C(c3cccc4ccccc34)C2)cc1,1,IC50,6.31,1,CHEMBL2325091
Clc1ccc(C2=NN(c3ccccc3)C(c3cccc4ccccc34)C2)cc1,1,IC50,6.17,1,CHEMBL2325090
NC(=S)N1N=C(c2ccc(Cl)c(Cl)c2)CC1c1ccc2ccccc2c1,1,IC50,6.18,1,CHEMBL2325087
Cc1ccc(C2=NN(C(N)=S)C(c3ccc4ccccc4c3)C2)cc1,1,IC50,6.28,1,CHEMBL2324873
NC(=S)N1N=C(c2ccc(Br)cc2)CC1c1ccc2ccccc2c1,1,IC50,6.46,1,CHEMBL2324871
NC(=S)N1N=C(c2ccc(Cl)cc2)CC1c1ccc2ccccc2c1,1,IC50,6.28,1,CHEMBL2324870
NC(=S)N1N=C(c2ccc(Cl)c(Cl)c2)CC1c1cccc2ccccc12,1,IC50,6.68,1,CHEMBL2325108
COc1ccc(C2=NN(C(N)=S)C(c3cccc4ccccc34)C2)cc1,1,IC50,6.8,1,CHEMBL2325106
NC(=S)N1N=C(c2ccc(Cl)cc2)CC1c1cccc2ccccc12,1,IC50,6.03,1,CHEMBL2325104
O=C(NCCc1ccc(O)c(Br)c1)/C(Cc1cc(Br)c(O)c(Oc2ccc(CCNC(=O)/C(Cc3cc(Br)c(O)c(-c4cc(C/C(=N\O)C(=O)NCCc5ccc(O)c(Br)c5)cc(Br)c4O)c3)=N/O)cc2Br)c1)=N/O,1,IC50,6.22,1,CHEMBL2333163
O=C(Nc1ccc(Oc2ncnc3[nH]ncc23)cc1)Nc1ccc(Cl)c(C(F)(F)F)c1,0,IC50 (>),5.0,1,CHEMBL2332840
CC(C)(C)C(=O)Nc1nc(Nc2cccc(F)c2)c2c(n1)[nH]c1cccc(Cl)c12,0,IC50,4.51,1,CHEMBL2337371
CC(C)(C)C(=O)Nc1nc(Nc2ccc(Cl)cc2F)c2c(n1)[nH]c1cccc(Cl)c12,0,IC50 (>),3.7,1,CHEMBL2337370
CC(C)(C)C(=O)Nc1nc(Nc2ccc(Cl)cc2)c2c(n1)[nH]c1cccc(Cl)c12,0,IC50,4.23,1,CHEMBL2337369
CC(C)c1ccc(Nc2nc(NC(=O)C(C)(C)C)nc3[nH]c4cccc(Cl)c4c23)cc1,0,IC50,4.41,1,CHEMBL2337368
COc1cccc(Nc2nc(N)nc3[nH]c4cccc(Cl)c4c23)c1,0,IC50,4.08,1,CHEMBL2337366
Nc1nc(Nc2cccc(F)c2)c2c(n1)[nH]c1cccc(Cl)c12,0,IC50 (>),3.7,1,CHEMBL2337365
Nc1nc(Nc2ccc(Cl)cc2F)c2c(n1)[nH]c1cccc(Cl)c12,0,IC50,4.41,1,CHEMBL2337364
Nc1nc(Nc2ccc(Cl)cc2)c2c(n1)[nH]c1cccc(Cl)c12,0,IC50,4.2,1,CHEMBL2337363
CC(C)c1ccc(Nc2nc(N)nc3[nH]c4cccc(Cl)c4c23)cc1,0,IC50,4.38,1,CHEMBL2337362
Nc1nc(Nc2ccccc2)c2c(n1)[nH]c1cccc(Cl)c12,0,IC50 (>),3.7,1,CHEMBL2337374
Nc1nc(Nc2ccccc2)c2c(n1)[nH]c1ccccc12,1,IC50,6.83,1,CHEMBL2337373
C#Cc1cccc(Nc2nc(NC(=O)C(C)(C)C)nc3[nH]c(CCc4ccccn4)cc23)c1,0,IC50 (>),3.7,1,CHEMBL2335017
Nc1nc(Nc2ccc(F)c(Br)c2)c2cc(CCc3ccccn3)[nH]c2n1,0,IC50,4.07,1,CHEMBL2335377
CC(C)(C)C(=O)Nc1nc(Nc2ccc(F)c(C(F)(F)F)c2)c2cc(CCc3ccccn3)[nH]c2n1,0,IC50,4.57,1,CHEMBL2335019
C#Cc1cccc(Nc2nc(N)nc3[nH]c(CCc4ccccn4)cc23)c1,0,IC50,4.7,1,CHEMBL2335379
Nc1nc(Nc2cccc(C(F)(F)F)c2)c2cc(CCc3ccccn3)[nH]c2n1,0,IC50,4.71,1,CHEMBL2335013
CC(C)(C)C(=O)Nc1nc(Nc2ccc(F)c(Cl)c2)c2cc(CCc3ccccn3)[nH]c2n1,0,IC50,4.79,1,CHEMBL2335016
Nc1nc(Nc2ccc(F)c(C(F)(F)F)c2)c2cc(CCc3ccccn3)[nH]c2n1,0,IC50,4.81,1,CHEMBL2335014
CC(C)(C)C(=O)Nc1nc(Nc2cccc(C(F)(F)F)c2)c2cc(CCc3ccccn3)[nH]c2n1,0,IC50,4.89,1,CHEMBL2335018
Nc1nc(Nc2cccc(Br)c2)c2cc(CCc3ccccn3)[nH]c2n1,1,IC50,6.52,1,CHEMBL2335376
COc1cc2ncnc(Nc3ccc(F)c(Cl)c3)c2cc1OCCCNCCN,1,IC50,7.87,1,CHEMBL2334003
COc1cc2ncnc(Nc3ccc(F)c(Cl)c3)c2cc1OCCNCCN,1,IC50,7.92,1,CHEMBL2334002
COc1cc2ncnc(Nc3ccc(F)c(Cl)c3)c2cc1OCCO,1,IC50,7.2,1,CHEMBL2334001
COc1cc2ncnc(Nc3ccc(F)c(Cl)c3)c2cc1OCCBr,1,IC50,7.74,1,CHEMBL2333999
COc1cc2ncnc(Nc3cccc(C#N)c3)c2cc1OC,1,IC50,6.38,1,CHEMBL2333998
COc1cc2ncnc(Nc3cccc(SC)c3)c2cc1OC,1,IC50,6.9,1,CHEMBL29641
NC(=O)Nc1ccc2ncnc(Nc3ccc(Cl)cc3)c2c1,1,IC50,7.21,1,CHEMBL2347231
CCN1CCN(Cc2ccc(-c3cc4c(N[C@@H](C)c5ccccc5)ncnc4[nH]3)cc2)CC1,1,IC50,8.05,2,CHEMBL484270
CN(C)CCCCCC(=O)Nc1cccc(-c2c(-c3ccccc3)oc3ncnc(N[C@H](CO)c4ccccc4)c23)c1,1,IC50,6.31,1,CHEMBL2347962
CN(C)CCCCC(=O)Nc1cccc(-c2c(-c3ccccc3)oc3ncnc(N[C@H](CO)c4ccccc4)c23)c1,1,IC50,8.4,2,CHEMBL2347961
CN(C)CCCC(=O)Nc1cccc(-c2c(-c3ccccc3)oc3ncnc(N[C@H](CO)c4ccccc4)c23)c1,1,IC50,7.54,2,CHEMBL2347960
CN(C)CCC(=O)Nc1cccc(-c2c(-c3ccccc3)oc3ncnc(N[C@H](CO)c4ccccc4)c23)c1,1,IC50,8.7,2,CHEMBL2347963
CN(C)CC(=O)Nc1cccc(-c2c(-c3ccccc3)oc3ncnc(N[C@H](CO)c4ccccc4)c23)c1,1,IC50,8.4,2,CHEMBL2347966
CC(=O)Nc1cccc(-c2c(-c3ccccc3)oc3ncnc(N[C@H](CO)c4ccccc4)c23)c1,1,IC50,7.54,2,CHEMBL2347965
CC(=O)Nc1ccc(-c2c(-c3ccccc3)oc3ncnc(N[C@H](CO)c4ccccc4)c23)cc1,1,IC50,7.64,2,CHEMBL2347964
Nc1cccc(-c2c(-c3ccccc3)oc3ncnc(N[C@H](CO)c4ccccc4)c23)c1,1,IC50,7.66,2,CHEMBL2346678
O=[N+]([O-])c1cccc(-c2c(-c3ccccc3)oc3ncnc(N[C@H](CO)c4ccccc4)c23)c1,1,IC50,7.31,2,CHEMBL2347967
OC[C@@H](Nc1ncnc2oc(-c3ccccc3)c(-c3ccc4c(c3)OCO4)c12)c1ccccc1,1,IC50,7.52,2,CHEMBL2347972
OC[C@@H](Nc1ncnc2oc(-c3ccccc3)c(-c3ccoc3)c12)c1ccccc1,1,IC50,7.36,2,CHEMBL2347971
OC[C@@H](Nc1ncnc2oc(-c3ccccc3)c(-c3ccco3)c12)c1ccccc1,1,IC50,7.14,2,CHEMBL2347970
OC[C@@H](Nc1ncnc2oc(-c3ccccc3)c(Br)c12)c1ccccc1,1,IC50,7.05,2,CHEMBL2347969
OC[C@@H](Nc1ncnc2oc(-c3ccccc3)c(Cl)c12)c1ccccc1,1,IC50,6.78,2,CHEMBL2347968
CC[C@@H](Nc1ncnc2oc(-c3ccccc3)c(-c3ccccc3)c12)c1ccccc1,0,IC50 (>),5.0,2,CHEMBL2347974
C[C@@H](Nc1ncnc2oc(-c3ccccc3)c(-c3ccccc3)c12)c1ccccc1,1,IC50,6.47,1,CHEMBL2348194
CC(C)CCCC(=O)Nc1cccc(-c2c(-c3ccccc3)oc3ncnc(N[C@H](CO)c4ccccc4)c23)c1,0,IC50 (>),4.6,1,CHEMBL2347959
CS(=O)(=O)CCNC(=O)C1=Cc2c(ncnc2Nc2ccc(Oc3cccc4sccc34)c(Cl)c2)NCC1,1,IC50,7.33,1,CHEMBL2348418
O=C(NCCO)C1=Cc2c(ncnc2Nc2ccc(Oc3cccc4sccc34)c(Cl)c2)NCC1,1,IC50,7.44,1,CHEMBL2348417
COC(=O)C1=Cc2c(ncnc2Nc2ccc(Oc3cccc4sccc34)c(Cl)c2)NCC1,1,IC50,7.36,1,CHEMBL2348416
CS(=O)(=O)CCNC(=O)C1=Cc2c(ncnc2Nc2ccc(Oc3cccc(C(F)(F)F)c3)c(Cl)c2)NCC1,1,IC50,7.12,1,CHEMBL2348415
O=C(NCCO)C1=Cc2c(ncnc2Nc2ccc(Oc3cccc(C(F)(F)F)c3)c(Cl)c2)NCC1,1,IC50,7.42,1,CHEMBL2348414
COC(=O)C1=Cc2c(ncnc2Nc2ccc(Oc3cccc(C(F)(F)F)c3)c(Cl)c2)NCC1,1,IC50,6.96,1,CHEMBL2348419
C=CC(=O)Nc1cccc(Oc2nc(Nc3ccc(N4CCN(CC(=O)OCCCCCCOc5no[n+]([O-])c5S(=O)(=O)c5ccccc5)CC4)cc3OC)ncc2Cl)c1,1,IC50,7.33,3,CHEMBL2381511
C=CC(=O)Nc1cccc(Oc2nc(Nc3ccc(N4CCN(CC(=O)OCCOCCOc5no[n+]([O-])c5S(=O)(=O)c5ccccc5)CC4)cc3OC)ncc2Cl)c1,1,IC50,7.52,3,CHEMBL2381510
C=CC(=O)Nc1cccc(Oc2nc(Nc3ccc(N4CCN(CC(=O)OCC#CCOc5no[n+]([O-])c5S(=O)(=O)c5ccccc5)CC4)cc3OC)ncc2Cl)c1,1,IC50,7.8,3,CHEMBL2381509
C=CC(=O)Nc1cccc(Oc2nc(Nc3ccc(N4CCN(CC(=O)OCCCCOc5no[n+]([O-])c5S(=O)(=O)c5ccccc5)CC4)cc3OC)ncc2Cl)c1,1,IC50,7.42,3,CHEMBL2381508
C=CC(=O)Nc1cccc(Oc2nc(Nc3ccc(N4CCN(CC(=O)OCCCOc5no[n+]([O-])c5S(=O)(=O)c5ccccc5)CC4)cc3OC)ncc2Cl)c1,1,IC50,7.64,3,CHEMBL2381507
C=CC(=O)Nc1cccc(Oc2nc(Nc3ccc(N4CCN(CC(=O)OCCOc5no[n+]([O-])c5S(=O)(=O)c5ccccc5)CC4)cc3OC)ncc2Cl)c1,1,IC50,7.77,3,CHEMBL2381506
C=CC(=O)Nc1cccc(Oc2nc(Nc3ccc(N4CCN(CC(=O)NCC(C)Oc5no[n+]([O-])c5S(=O)(=O)c5ccccc5)CC4)cc3OC)ncc2Cl)c1,1,IC50,7.7,3,CHEMBL2381505
C=CC(=O)Nc1cccc(Oc2nc(Nc3ccc(N4CCN(CC(=O)N5CCC(Oc6no[n+]([O-])c6S(=O)(=O)c6ccccc6)CC5)CC4)cc3OC)ncc2Cl)c1,1,IC50,7.89,3,CHEMBL2381504
C=CC(=O)Nc1cccc(Oc2nc(Nc3ccc(N4CCN(CC(=O)N5CCN(CCOc6no[n+]([O-])c6S(=O)(=O)c6ccccc6)CC5)CC4)cc3OC)ncc2Cl)c1,1,IC50,8.22,3,CHEMBL2381516
C=CC(=O)Nc1cccc(Oc2nc(Nc3ccc(N4CCN(CC(=O)NCCCOc5no[n+]([O-])c5S(=O)(=O)c5ccccc5)CC4)cc3OC)ncc2Cl)c1,1,IC50,7.89,3,CHEMBL2381515
C=CC(=O)Nc1cccc(Oc2nc(Nc3ccc(N4CCN(CC(=O)NCCOc5no[n+]([O-])c5S(=O)(=O)c5ccccc5)CC4)cc3OC)ncc2Cl)c1,1,IC50,7.85,3,CHEMBL2381514
COc1cc2c(Oc3ccc(NC(=O)c4nn(-c5ccccc5C(F)(F)F)c5ccccc5c4=O)cc3F)ccnc2cc1OCCCN1CCCC1,0,IC50 (>),5.0,1,CHEMBL2385195
O=C1c2oc(-c3ccc(Cl)cc3)cc2Cc2cc(N3CCNCC3)ccc2N1Cc1ccccc1-c1cccnc1,0,IC50 (>),4.52,1,CHEMBL2385543
Cc1ccc(NC(=O)c2ccc(CN3CCN(C)CC3)cc2)cc1C(=O)Nc1ccc(OCc2cccc(F)c2)c(Cl)c1,1,IC50,6.22,1,CHEMBL2385991
Cc1ccc(NC(=O)/C=C/CN(C)C)cc1C(=O)Nc1ccc(OCc2cccc(F)c2)c(Cl)c1,1,IC50,6.35,1,CHEMBL2385990
CCOc1cc(N)c(C(=O)Nc2ccc(F)c(Cl)c2)cc1NC(=O)c1ccc(CN2CCN(C)CC2)cc1,1,IC50,6.1,1,CHEMBL2385985
CCOc1cc(N)c(C(=O)Nc2ccc(OCc3ccccn3)c(Cl)c2)cc1NC(=O)c1ccc(CN2CCN(C)CC2)cc1,1,IC50,6.0,1,CHEMBL2385977
CCOc1cc([N+](=O)[O-])c(C(=O)Nc2ccc(OCc3ccccn3)c(Cl)c2)cc1NC(=O)c1ccc(CN2CCN(C)CC2)cc1,1,IC50,6.05,1,CHEMBL2385976
CCOc1cc(N)c(C(=O)Nc2ccc(OCc3ccccn3)c(Cl)c2)cc1NC(=O)/C=C/CN(C)C,1,IC50,6.1,1,CHEMBL2385975
CCOc1cc([N+](=O)[O-])c(C(=O)Nc2ccc(OCc3ccccn3)c(Cl)c2)cc1NC(=O)/C=C/CN(C)C,1,IC50,6.07,1,CHEMBL2385974
CN(C)C/C=C/C(=O)Nc1ccc(-c2cncc(C#N)c2Nc2ccc(OCc3cccc(F)c3)c(Cl)c2)cc1,1,IC50,6.18,1,CHEMBL2385968
Cc1ncnc(Nc2ccc(OCc3cccc(F)c3)c(Cl)c2)c1/C=C/c1ccc(CNCCS(C)(=O)=O)o1,1,IC50,6.34,1,CHEMBL2385959
Cc1ncnc(Nc2ccc(OCc3cccc(F)c3)c(Cl)c2)c1C#Cc1ccc(CNCCS(C)(=O)=O)o1,1,IC50,7.35,1,CHEMBL2385960
CC(C)n1cc(C(=O)c2cccc(NC(=O)Nc3ccc(Cl)cc3)c2)c2c(N)ncnc21,0,IC50 (>),5.0,1,CHEMBL2387002
C=CC(=O)N1CCN(c2ccc(Nc3ncc(Cl)c(Oc4cccc(COc5no[n+]([O-])c5S(=O)(=O)c5ccccc5)c4)n3)c(OC)c2)CC1,1,IC50,7.35,3,CHEMBL2408830
COc1cc(N2CCC(O)CC2)ccc1Nc1ncc(Cl)c(Oc2cccc(COc3no[n+]([O-])c3S(=O)(=O)c3ccccc3)c2)n1,1,IC50,7.17,3,CHEMBL2408829
COc1cc(N2CCN(C)CC2)ccc1Nc1ncc(Cl)c(Oc2cccc(COc3no[n+]([O-])c3S(=O)(=O)c3ccccc3)c2)n1,1,IC50,7.72,3,CHEMBL2408828
COc1cc(N2CCC(O)CC2)ccc1Nc1ncc(Cl)c(Oc2ccc(COc3no[n+]([O-])c3S(=O)(=O)c3ccccc3)cc2)n1,1,IC50,6.6,1,CHEMBL2408826
COc1cc(N2CCN(C)CC2)ccc1Nc1ncc(Cl)c(Oc2ccc(COc3no[n+]([O-])c3S(=O)(=O)c3ccccc3)cc2)n1,1,IC50,6.85,1,CHEMBL2408825
COc1cc(N2CCN(C)CC2)ccc1Nc1ncc(Cl)c(Oc2ccc(CCOc3no[n+]([O-])c3S(=O)(=O)c3ccccc3)cc2)n1,1,IC50,6.02,1,CHEMBL2408824
Cc1cc(C(=O)Nc2cc(Oc3ccc4nc(NC(=O)C5CC5)nn4c3)ccc2F)n(C)n1,0,IC50 (>),5.0,1,CHEMBL2409778
CNC(=O)CN1CCC(Oc2cc3c(Nc4cccc(Cl)c4F)ncnc3cc2OC)CC1,1,IC50,8.4,4,CHEMBL2408045
c1ccc(-c2cccc(Nc3ncnc4cc5c(cc34)OCCCO5)c2)cc1,1,IC50,7.57,2,CHEMBL2419762;CHEMBL3040910
c1ccc(-c2cccc(Nc3ncnc4cc5c(cc34)OCO5)c2)cc1,1,IC50,8.7,2,CHEMBL2419760;CHEMBL3040861
COc1cc2c(Oc3ccc(NC(=O)N/N=C/c4ccc(F)cc4F)cc3F)ccnc2cc1OCCCN1CCC(C)CC1,0,IC50 (>),4.0,1,CHEMBL2419669
COc1cc(N2CCN(C(C)=O)CC2)ccc1Nc1ncc(Cl)c(-c2c[nH]c3ccccc23)n1,1,IC50,7.0,4,CHEMBL2426280
C=CC(=O)Nc1cc(Nc2ncc(Cl)c(-c3c[nH]c4ccccc34)n2)c(OC)cc1N1CCN(C)CC1,1,IC50,8.25,3,CHEMBL2426278
COc1ccc(NC(=O)/C=C/CN(C)C)cc1Nc1ncc([S+](C)[O-])c(-c2cnn3ccccc23)n1,0,IC50,4.82,2,CHEMBL2426378
COc1ccc(NC(=O)CC#N)cc1Nc1ncc(Cl)c(-c2c[nH]c3ccccc23)n1,0,IC50 (>),4.52,1,CHEMBL2426285
C=CC(=O)N1CCc2cc(OC)c(Nc3ncc(Cl)c(-c4c[nH]c5ccccc45)n3)cc21,0,IC50 (>),4.52,1,CHEMBL2426284
C=CC(=O)Nc1ccc(Nc2ncc(Cl)c(-c3c[nH]c4ccccc34)n2)cc1,0,IC50,4.89,3,CHEMBL2426283
C=CC(=O)Nc1ccc(OC)c(Nc2ncc(Cl)c(-c3c[nH]c4ccccc34)n2)c1,1,IC50,7.66,4,CHEMBL2426282
C=CC(=O)Nc1cc(Nc2nccc(-c3c[nH]c4ccccc34)n2)c(OC)cc1N1CCN(C)CC1,1,IC50,7.82,4,CHEMBL2426279
COc1ccc(NC(=O)/C=C/CN(C)C)cc1Nc1ncc(Cl)c(-c2c[nH]c3ccccc23)n1,1,IC50,7.28,2,CHEMBL2426287
C=CC(=O)Nc1cccc(Nc2ncc(Cl)c(-c3c[nH]c4ccccc34)n2)c1,1,IC50,7.28,3,CHEMBL2426281
COc1cc2ncnc(Nc3ccc(F)c(Cl)c3)c2cc1OCCN1CC2(CCO2)C1,1,IC50,6.72,1,CHEMBL2425088
COc1cc2ncnc(Nc3ccc(F)c(Cl)c3)c2cc1OCCN1CC2(C1)CS(=O)(=O)C2,1,IC50,6.8,1,CHEMBL2424664
COc1cc2ncnc(Nc3ccc(F)c(Cl)c3)c2cc1OCCN1CC(OC)C1,1,IC50,7.03,1,CHEMBL2425091
COc1cc2ncnc(Nc3ccc(F)c(Cl)c3)c2cc1OCCCN1CC2(COC2)C1,1,IC50,7.25,1,CHEMBL2425092
COc1cc2ncnc(Nc3ccc(F)c(Cl)c3)c2cc1OCCN1CC2(CSC2)C1,1,IC50,7.28,1,CHEMBL2425089
COc1cc2ncnc(Nc3ccc(F)c(Cl)c3)c2cc1OCCCN1CC2(CSC2)C1,1,IC50,7.32,1,CHEMBL2425094
COc1cc2ncnc(Nc3ccc(F)c(Cl)c3)c2cc1OCCCN1CC2(CCO2)C1,1,IC50,7.44,1,CHEMBL2425093
COc1cc2ncnc(Nc3ccc(F)c(Cl)c3)c2cc1OCCCN1CC(OC)C1,1,IC50,7.47,1,CHEMBL2425085
COc1cc2ncnc(Nc3ccc(F)c(Cl)c3)c2cc1OCCN1CC(O)C1,1,IC50,7.58,1,CHEMBL2425090
COc1cc2ncnc(Nc3ccc(F)c(Cl)c3)c2cc1OCCCN1CC(O)C1,1,IC50,7.6,1,CHEMBL2425084
COc1cc2ncnc(Nc3ccc(F)c(Cl)c3)c2cc1OCCCN1CC2(C1)CS(=O)(=O)C2,1,IC50,7.62,1,CHEMBL2425083
COc1cc2ncnc(Nc3ccc(F)c(Cl)c3)c2cc1OCCCN1CCC2(COC2)C1,1,IC50,7.82,1,CHEMBL2425086
COc1cc2ncnc(Nc3ccc(F)c(Cl)c3)c2cc1OCCN1CC2(COC2)C1,1,IC50,7.8,1,CHEMBL2425087
O=C(CCOc1ccccc1)Nc1ccc2ncnc(Nc3cccc(Br)c3)c2c1,1,IC50,7.72,3,CHEMBL2425737
Brc1cccc(Nc2ncnc3ccc(NCCCN4CCCCC4)cc23)c1,1,IC50,9.39,3,CHEMBL2425736
O=C(CCCN1CCCCC1)Nc1ccc2ncnc(Nc3cccc(Br)c3)c2c1,1,IC50,9.2,3,CHEMBL2425735
O=S(=O)(CCNCc1ccc(-c2ccc3ncnc(Nc4ccc(OCc5cccc(F)c5)c(Cl)c4)c3c2)o1)CC(F)(F)F,1,IC50,7.83,3,CHEMBL2437227;CHEMBL3040543
NS(=O)(=O)CCNCc1ccc(-c2ccc3ncnc(Nc4ccc(OCc5cccc(F)c5)c(Cl)c4)c3c2)o1,1,IC50,8.57,3,CHEMBL2437226;CHEMBL3040566
CS(=O)(=O)NCCNCc1ccc(-c2ccc3ncnc(Nc4ccc(OCc5cccc(F)c5)c(Cl)c4)c3c2)o1,1,IC50,7.81,3,CHEMBL2437225;CHEMBL3040597
C[S+]([O-])CCNCc1ccc(-c2ccc3ncnc(Nc4ccc(OCc5cccc(F)c5)c(Cl)c4)c3c2)o1,1,IC50,7.89,3,CHEMBL2437224;CHEMBL3040548
CSCCNCc1ccc(-c2ccc3ncnc(Nc4ccc(OCc5cccc(F)c5)c(Cl)c4)c3c2)o1,1,IC50,7.6,3,CHEMBL2437223;CHEMBL3040455
Fc1cccc(COc2ccc(Nc3ncnc4ccc(-c5ccc(CN6CCOCC6)o5)cc34)cc2Cl)c1,1,IC50,7.58,1,CHEMBL3436354
CN1CCN(Cc2ccc(-c3ccc4ncnc(Nc5ccc(OCc6cccc(F)c6)c(Cl)c5)c4c3)o2)CC1,1,IC50,7.9,1,CHEMBL3436355
Fc1cccc(COc2ccc(Nc3ncnc4ccc(-c5ccc(CN6CCNCC6)o5)cc34)cc2Cl)c1,1,IC50,7.97,1,CHEMBL3436356
CCOC(=O)N1CCN(Cc2ccc(-c3ccc4ncnc(Nc5ccc(OCc6cccc(F)c6)c(Cl)c5)c4c3)o2)CC1,1,IC50,7.55,1,CHEMBL3436357
CS(=O)(=O)N1CCN(Cc2ccc(-c3ccc4ncnc(Nc5ccc(OCc6cccc(F)c6)c(Cl)c5)c4c3)o2)CC1,1,IC50,7.22,1,CHEMBL3436358
CC(=O)N1CCN(Cc2ccc(-c3ccc4ncnc(Nc5ccc(OCc6cccc(F)c6)c(Cl)c5)c4c3)o2)CC1,1,IC50,7.94,1,CHEMBL3436359
CN1CCN(C(=O)c2ccc(-c3ccc4ncnc(Nc5ccc(OCc6cccc(F)c6)c(Cl)c5)c4c3)o2)CC1,1,IC50,6.63,1,CHEMBL3436360
CC(=O)N1CCN(C(=O)Cn2c(-c3ccccc3)csc2=N)CC1,0,Ki,4.78,1,CHEMBL2437297
Cc1ccc(-c2csc(=N)n2CC(=O)N2CCN(C)CC2)cc1,0,Ki,4.56,1,CHEMBL2437296
CN1CCN(C(=O)Cn2c(-c3ccc(Cl)cc3)csc2=N)CC1,0,Ki,4.8,1,CHEMBL2437298
CN1CCN(C(=O)Cn2c(-c3ccccc3)csc2=N)CC1,0,Ki,4.38,1,CHEMBL2437300
Cc1ccc(-c2csc(=N)n2CC(=O)N2CCOCC2)cc1,0,Ki,4.64,1,CHEMBL2437299
N=c1scc(-c2ccccc2)n1CC(=O)N1CCOCC1,0,Ki,4.26,1,CHEMBL2437301
C=CC(=O)Nc1cccc(-n2c(=O)c(C)nc3cnc(Nc4ccc(OC)cc4)nc32)c1,1,IC50,8.28,7,CHEMBL2437471
C=CC(=O)Nc1ccc(-n2c(=O)c(C)nc3cnc(Nc4ccc(OC)cc4)nc32)cc1,0,IC50 (>),5.0,4,CHEMBL2437470
C=CC(=O)Nc1cccc(-n2c(=O)cnc3cnc(Nc4ccc(N5CCN(C)CC5)cc4OC)nc32)c1,1,IC50,8.97,6,CHEMBL2437469
C=CC(=O)Nc1ccc(-n2c(=O)cnc3cnc(Nc4ccc(N5CCN(C)CC5)cc4OC)nc32)cc1,1,IC50,6.64,6,CHEMBL2437468
C=CC(=O)Nc1cccc(-n2c(=O)cnc3cnc(Nc4ccc(C(N)=O)cc4)nc32)c1,1,IC50,8.4,6,CHEMBL2437467
C=CC(=O)Nc1cccc(-n2c(=O)cnc3cnc(Nc4ccc(NC(C)=O)cc4)nc32)c1,1,IC50,8.34,6,CHEMBL2437466
C=CC(=O)Nc1cccc(-n2c(=O)cnc3cnc(Nc4ccc(N(CC)CC)cc4)nc32)c1,1,IC50,8.33,6,CHEMBL2437465
C=CC(=O)Nc1cccc(-n2c(=O)cnc3cnc(Nc4ccc(N5CCCC5)cc4)nc32)c1,1,IC50,8.3,6,CHEMBL2437464
C=CC(=O)Nc1cccc(-n2c(=O)cnc3cnc(Nc4ccc(N5CCCCC5)cc4)nc32)c1,1,IC50,8.29,6,CHEMBL2437463
C=CC(=O)Nc1cccc(-n2c(=O)cnc3cnc(Nc4ccc(N5CCN(C)CC5)cc4)nc32)c1,1,IC50,9.17,6,CHEMBL2437462
C=CC(=O)Nc1ccc(-n2c(=O)cnc3cnc(Nc4ccc(N5CCN(C)CC5)cc4)nc32)cc1,1,IC50,6.16,2,CHEMBL2437461
C=CC(=O)Nc1cccc(-n2c(=O)cnc3cnc(Nc4ccc(N5CCOCC5)cc4)nc32)c1,1,IC50,8.54,6,CHEMBL2437460
C=CC(=O)Nc1cccc(-n2c(=O)cnc3cnc(Nc4ccc(Cl)cc4)nc32)c1,1,IC50,7.75,6,CHEMBL2437458
C=CC(=O)Nc1ccc(-n2c(=O)cnc3cnc(Nc4ccc(Cl)cc4)nc32)cc1,1,IC50,6.94,4,CHEMBL2437457
C=CC(=O)Nc1cccc(-n2c(=O)cnc3cnc(Nc4ccccc4)nc32)c1,1,IC50,8.31,6,CHEMBL2437488
CN(C)C/C=C/C(=O)Nc1cccc(-n2c(=O)cnc3cnc(Nc4ccccc4)nc32)c1,1,IC50,7.4,6,CHEMBL2437486
COc1ccc(Nc2ncc3ncc(=O)n(-c4cccc(NC(=O)/C=C/CN(C)C)c4)c3n2)cc1,0,IC50,4.58,3,CHEMBL2437484
COc1ccc(Nc2ncc3ncc(=O)n(-c4ccc(NC(=O)/C=C/CN(C)C)cc4)c3n2)cc1,1,IC50,7.96,7,CHEMBL2437483
C=CC(=O)Oc1ccc(-n2c(=O)cnc3cnc(Nc4ccc(OC)cc4)nc32)cc1,1,IC50,7.23,6,CHEMBL2437482
C=CC(=O)Nc1cccc(-n2c(=O)cnc3cnc(Nc4ccc(OC)cc4)nc32)c1,1,IC50,8.25,7,CHEMBL2437479
C=CC(=O)Nc1ccc(Nc2ncc3ncc(=O)n(-c4ccc(OC)cc4)c3n2)cc1,0,IC50 (>),5.0,5,CHEMBL2437477
COc1ccc(Nc2ncc3ncc(=O)n(-c4cccc(N)c4)c3n2)cc1,0,IC50 (>),5.0,6,CHEMBL2437473
COc1ccc(-n2c(=O)cnc3cnc(Nc4ccc(N)cc4)nc32)cc1,0,IC50,4.62,2,CHEMBL2437475
COc1ccc(-n2c(=O)cnc3cnc(Nc4cccc(N)c4)nc32)cc1,0,IC50,4.97,3,CHEMBL2437474
COc1cc2c(Oc3ccc(NC(=O)c4cc(-c5ccc(C)cc5)ccn4)cc3F)ccnc2cc1OCCCN1CCN(C)CC1,1,IC50,7.05,1,CHEMBL2435999
CCc1ccc2nc(Nc3cc(Cc4ccccc4)nc(N[C@H]4CC[C@H](O)CC4)n3)sc2c1,1,IC50,6.2,1,CHEMBL2441273
Fc1ccc(Nc2ncnc3cc4c(cc23)NCCO4)cc1Cl,1,IC50,8.89,1,CHEMBL2441568
C=CC(=O)N1CC[C@H](N2C(=O)N(c3ccccc3)Cc3cnc(Nc4ccc(N5CCN(C)CC5)c(C)c4)nc32)C1,1,IC50,8.52,4,CHEMBL3086102
C=CC(=O)N1CC[C@H](N2C(=O)N(c3ccccc3)Cc3cnc(Nc4ccc(N5CCN(C)CC5)c(Cl)c4)nc32)C1,1,IC50,7.45,1,CHEMBL3086104
C=CC(=O)N1CC[C@H](N2C(=O)N(c3ccccc3)Cc3cnc(Nc4ccc(N5CCN(C)CC5)c(C(F)(F)F)c4)nc32)C1,1,IC50,7.26,1,CHEMBL3086103
C=CC(=O)N1CC[C@H](N2C(=O)N(c3ccccc3)Cc3cnc(Nc4ccc(N5CCN(C)CC5)c(F)c4)nc32)C1,1,IC50,7.77,1,CHEMBL3086105
C=CC(=O)N1CC[C@H](N2C(=O)N(c3ccccc3)Cc3cnc(Nc4ccc(N5CCN(C)CC5)c(OC)c4)nc32)C1,1,IC50,8.14,1,CHEMBL3086106
C=CC(=O)N1CC[C@H](N2C(=O)N(c3ccccc3)Cc3cnc(Nc4ccc(CCN5CCN(C)CC5)cc4)nc32)C1,1,IC50,7.38,1,CHEMBL3087194
C=CC(=O)N1CC[C@H](N2C(=O)N(c3ccccc3)Cc3cnc(Nc4ccc(C5CCN(C)CC5)cc4)nc32)C1,1,IC50,7.79,1,CHEMBL3087193
C=CC(=O)N1CC[C@H](N2C(=O)N(c3ccccc3)Cc3cnc(Nc4cccc(N5CCN(C)CC5)c4)nc32)C1,1,IC50,7.01,1,CHEMBL3087195
C=CC(=O)N1CC[C@H](N2C(=O)N(c3ccccc3)Cc3cnc(Nc4ccc(N5CCN(C)CC5)cc4)nc32)C1,1,IC50,7.54,1,CHEMBL3087196
C=CC(=O)N1CC[C@H](N2C(=O)N(c3ccccc3)Cc3cnc(Nc4ccccc4)nc32)C1,1,IC50,6.63,1,CHEMBL3087197
C=CC(=O)N1CC[C@H](N2C(=O)N(c3ccccc3)Cc3cnc(Nc4ccc(N5CCN(C)CC5)cc4OC)nc32)C1,1,IC50,7.82,1,CHEMBL3087198
C=CC(=O)N1CC[C@H](N2C(=O)N(C3CCCCC3)Cc3cnc(Nc4ccc(N5CCN(C)CC5)cc4OC)nc32)C1,1,IC50,7.37,1,CHEMBL3087200
C=CC(=O)N1CC[C@H](N2C(=O)N(C3CCCC3)Cc3cnc(Nc4ccc(N5CCN(C)CC5)cc4OC)nc32)C1,1,IC50,7.23,1,CHEMBL3087199
C=CC(=O)N1CC[C@H](N2C(=O)N(C(C)C)Cc3cnc(Nc4ccc(N5CCN(C)CC5)cc4OC)nc32)C1,1,IC50,6.06,1,CHEMBL3087201
C=CC(=O)N1CC[C@H](N2C(=O)N(C)Cc3cnc(Nc4ccc(N5CCN(C)CC5)cc4OC)nc32)C1,1,IC50,6.28,1,CHEMBL3087202
C=CC(=O)N1CC[C@H](N2C(=O)N(Cc3ccccc3)Cc3cnc(Nc4ccc(N5CCN(C)CC5)cc4OC)nc32)C1,1,IC50,8.06,1,CHEMBL3087205
C=CC(=O)N1CC[C@@H](N2C(=O)N(Cc3ccccc3)Cc3cnc(Nc4ccc(N5CCN(C)CC5)cc4OC)nc32)C1,1,IC50,6.97,1,CHEMBL3087204
C=CC(=O)N1CCC[C@H](N2C(=O)N(Cc3ccccc3)Cc3cnc(Nc4ccc(N5CCN(C)CC5)cc4OC)nc32)C1,1,IC50,6.69,1,CHEMBL3087207
C=CC(=O)N1CCC[C@@H](N2C(=O)N(Cc3ccccc3)Cc3cnc(Nc4ccc(N5CCN(C)CC5)cc4OC)nc32)C1,1,IC50,7.39,1,CHEMBL3087206
C=CC(=O)N1CCC(N2C(=O)N(Cc3ccccc3)Cc3cnc(Nc4ccc(N5CCN(C)CC5)cc4OC)nc32)CC1,1,IC50,6.84,1,CHEMBL3087208
C=CC(=O)NC1CCC(N2C(=O)N(Cc3ccccc3)Cc3cnc(Nc4ccc(N5CCN(C)CC5)cc4OC)nc32)CC1,1,IC50,6.15,1,CHEMBL3087209
Cc1ncc([N+](=O)[O-])n1C/C(=N/NC(=O)c1ccc(N)cc1)c1ccc(Br)cc1,1,IC50,6.37,1,CHEMBL3088219
Cc1ncc([N+](=O)[O-])n1C/C(=N/NC(=O)c1ccc(O)cc1)c1ccc(Br)cc1,1,IC50,6.68,1,CHEMBL3088220
Cc1ncc([N+](=O)[O-])n1C/C(=N/NC(=O)c1ccc(Cl)cc1)c1ccc(Br)cc1,0,IC50,4.91,1,CHEMBL3088223
CNS(=O)(=O)Nc1cccc(Cc2c(C)c3cc(Cl)c(OC(=O)N(C)C)cc3oc2=O)c1,0,IC50 (>),4.3,1,CHEMBL3086065
COC(=O)/C=C/CNC(=O)Nc1cc2c(Nc3ccc(F)c(Cl)c3)ncnc2cc1O[C@H]1CCOC1,1,IC50,6.58,2,CHEMBL3092305
C#CCNC(=O)Nc1cc2c(Nc3ccc(F)c(Cl)c3)ncnc2cc1O[C@H]1CCOC1,1,IC50,6.63,2,CHEMBL3092304
CCN(CC)CCN(C)C(=O)Nc1cc2c(Nc3ccc(F)c(Cl)c3)ncnc2cc1O[C@H]1CCOC1,1,IC50,6.41,2,CHEMBL3092316
CN(C)CCN(C)C(=O)Nc1cc2c(Nc3ccc(F)c(Cl)c3)ncnc2cc1O[C@H]1CCOC1,1,IC50,6.55,2,CHEMBL3092315
CN(C)CCCNC(=O)Nc1cc2c(Nc3ccc(F)c(Cl)c3)ncnc2cc1O[C@H]1CCOC1,1,IC50,7.62,2,CHEMBL3092313
COC(CCNC(=O)Nc1cc2c(Nc3ccc(F)c(Cl)c3)ncnc2cc1O[C@H]1CCOC1)OC,1,IC50,6.4,2,CHEMBL3092312
O=C(NCCN1CCOCC1)Nc1cc2c(Nc3ccc(F)c(Cl)c3)ncnc2cc1O[C@H]1CCOC1,1,IC50,7.31,2,CHEMBL3092310
O=C(NCCN1CCCCC1)Nc1cc2c(Nc3ccc(F)c(Cl)c3)ncnc2cc1O[C@H]1CCOC1,1,IC50,6.78,2,CHEMBL3092309
O=C(NCCN1CCCC1)Nc1cc2c(Nc3ccc(F)c(Cl)c3)ncnc2cc1O[C@H]1CCOC1,1,IC50,7.21,2,CHEMBL3092308
CS(=O)(=O)CCNC(=O)Nc1cc2c(Nc3ccc(F)c(Cl)c3)ncnc2cc1O[C@H]1CCOC1,1,IC50,7.39,2,CHEMBL3092324
O=C(NCCO)Nc1cc2c(Nc3ccc(F)c(Cl)c3)ncnc2cc1O[C@H]1CCOC1,1,IC50,7.57,2,CHEMBL3092322
O=C(Nc1cc2c(Nc3ccc(F)c(Cl)c3)ncnc2cc1O[C@H]1CCOC1)N1CCN(CCO)CC1,1,IC50,6.48,1,CHEMBL3092303
O=C(Nc1cc2c(Nc3ccc(F)c(Cl)c3)ncnc2cc1O[C@H]1CCOC1)N1CCC(CCO)CC1,1,IC50,6.52,1,CHEMBL3092302
O=C(Nc1cc2c(Nc3ccc(F)c(Cl)c3)ncnc2cc1O[C@H]1CCOC1)N1CCC(N2CCCC2)CC1,1,IC50,6.58,1,CHEMBL3092301
O=C(Nc1cc2c(Nc3ccc(F)c(Cl)c3)ncnc2cc1O[C@H]1CCOC1)N1CCCC(F)(F)C1,1,IC50,6.05,1,CHEMBL3092299
O=C(Nc1cc2c(Nc3ccc(F)c(Cl)c3)ncnc2cc1O[C@H]1CCOC1)N1CCC(F)(F)CC1,1,IC50,6.07,1,CHEMBL3092298
O=C(Nc1cc2c(Nc3ccc(F)c(Cl)c3)ncnc2cc1O[C@H]1CCOC1)N1CCC(F)CC1,1,IC50,6.16,1,CHEMBL3092297
CN1CCN(C(=O)Nc2cc3c(Nc4ccc(F)c(Cl)c4)ncnc3cc2O[C@H]2CCOC2)CC1,1,IC50,6.33,1,CHEMBL3092321
O=C(Nc1cc2c(Nc3ccc(F)c(Cl)c3)ncnc2cc1O[C@H]1CCOC1)N1CC(F)C1,1,IC50,6.01,1,CHEMBL3092319
O=C(Nc1cc2c(Nc3ccc(F)c(Cl)c3)ncnc2cc1O[C@H]1CCOC1)N1CC(O)C1,1,IC50,6.26,1,CHEMBL3092318
CN(C)CCCN(C)C(=O)Nc1cc2c(Nc3ccc(F)c(Cl)c3)ncnc2cc1O[C@H]1CCOC1,1,IC50,6.33,1,CHEMBL3092317
CCN(CC)CCCNC(=O)Nc1cc2c(Nc3ccc(F)c(Cl)c3)ncnc2cc1O[C@H]1CCOC1,1,IC50,7.5,1,CHEMBL3092314
COCCCNC(=O)Nc1cc2c(Nc3ccc(F)c(Cl)c3)ncnc2cc1O[C@H]1CCOC1,1,IC50,6.71,1,CHEMBL3092311
CCN(CC)CCNC(=O)Nc1cc2c(Nc3ccc(F)c(Cl)c3)ncnc2cc1O[C@H]1CCOC1,1,IC50,6.44,1,CHEMBL3092307
CN(C)CCNC(=O)Nc1cc2c(Nc3ccc(F)c(Cl)c3)ncnc2cc1O[C@H]1CCOC1,1,IC50,6.2,1,CHEMBL3092306
COCCNC(=O)Nc1cc2c(Nc3ccc(F)c(Cl)c3)ncnc2cc1O[C@H]1CCOC1,1,IC50,6.32,1,CHEMBL3092323
COc1cc2nc(Cl)nc(Nc3ccc(C(=O)O)cc3)c2cc1OC,0,IC50 (>),4.0,1,CHEMBL3098324
COc1cc2nc(Cl)nc(Nc3ccc(S(=O)(=O)O)cc3)c2cc1OC,0,IC50 (>),4.0,1,CHEMBL3098323
CN(C)c1ccc(Nc2nc(Cl)nc3cc4c(cc23)OCO4)cc1,0,IC50 (>),4.0,1,CHEMBL3098320
CS(=O)(=O)c1ccc(Nc2nc(Cl)nc3cc4c(cc23)OCO4)cc1,0,IC50 (>),4.0,1,CHEMBL3098316
CN(C)S(=O)(=O)c1ccc(Nc2nc(Cl)nc3ccccc23)cc1,0,IC50 (>),4.0,1,CHEMBL3098314
O=S(=O)(Nc1nccs1)c1ccc(Nc2nc(Cl)nc3cc4c(cc23)OCO4)cc1,0,IC50 (>),4.0,1,CHEMBL3098311
COc1cc2nc(Cl)nc(Nc3ccc(S(=O)(=O)N(C)C)cc3)c2cc1OC,0,IC50,4.17,1,CHEMBL3098312
COc1cc2nc(Cl)nc(Nc3ccc(S(C)(=O)=O)cc3)c2cc1OC,0,IC50,4.21,1,CHEMBL3098315
COc1cc2nc(Cl)nc(Nc3ccc(NC(C)=O)cc3)c2cc1OC,0,IC50,4.42,1,CHEMBL3098326
COc1cc2nc(Cl)nc(Nc3ccc(N(C)C)cc3)c2cc1OC,0,IC50,4.44,1,CHEMBL3098319
NS(=O)(=O)c1ccc(Nc2nc(Cl)nc3cc4c(cc23)OCO4)cc1,0,IC50,4.46,1,CHEMBL3098318
CN(C)S(=O)(=O)c1ccc(Nc2nc(Cl)nc3cc4c(cc23)OCO4)cc1,0,IC50,4.74,1,CHEMBL3098313
COc1cc2nc(Cl)nc(Nc3ccc(C(N)=O)cc3)c2cc1OC,1,IC50,6.05,1,CHEMBL3098325
COc1cc2c(Oc3ccc(N/C=C4\C(=O)NC(=O)N(c5ccc(C)cc5)C4=O)cc3F)ccnc2cc1OCCCN1CCCC1,0,IC50 (>),4.0,1,CHEMBL3116440
C#Cc1cccc(Nc2ncnc3cc4c(cc23)N(C(=O)/C=C/CN(C)C)CCO4)c1,1,IC50,8.52,1,CHEMBL3114690
C#Cc1cccc(Nc2ncnc3cc4c(cc23)N(C(=O)/C=C/CN2CCN(C)CC2)CCO4)c1,1,IC50,7.8,1,CHEMBL3114689
C#Cc1cccc(Nc2ncnc3cc4c(cc23)N(C(=O)/C=C/CN2CCCCC2)CCO4)c1,1,IC50,8.4,1,CHEMBL3114688
C#Cc1cccc(Nc2ncnc3cc4c(cc23)N(C(=O)/C=C/CN(CC)CC)CCO4)c1,1,IC50,8.3,1,CHEMBL3114687
C#Cc1cccc(Nc2ncnc3cc4c(cc23)N(C(=O)/C=C/CN2CCCCC2C)CCO4)c1,1,IC50,8.3,1,CHEMBL3114686
C#Cc1cccc(Nc2ncnc3cc4c(cc23)N(C(=O)/C=C/CN2CCC(C)CC2)CCO4)c1,1,IC50,8.3,1,CHEMBL3114701
C#Cc1cccc(Nc2ncnc3cc4c(cc23)N(C(=O)/C=C/CN2CCCC2)CCO4)c1,1,IC50,8.52,1,CHEMBL3114700
C#Cc1cccc(Nc2ncnc3cc4c(cc23)N(C(=O)/C=C/CN2CCOCC2)CCO4)c1,1,IC50,7.92,1,CHEMBL3114699
N#Cc1c(Oc2ccc(F)c(NC(=O)Cc3cccc(C(F)(F)F)c3)c2)ccc2nc(NC(=O)C3CC3)sc12,0,IC50 (>),5.0,1,CHEMBL3125890
Oc1cccc(Nc2ccnc3[nH]c4ccccc4c23)c1,1,IC50,6.57,1,CHEMBL3133821
CCN(CCO)CCCOc1ccc2c(Nc3cccc(NC(=O)Nc4ccc(F)c(Cl)c4)c3)ncnc2c1,1,IC50,6.78,2,CHEMBL3133758
CCN(CCO)CCCOc1ccc2c(Nc3cccc(NC(=O)Nc4ccc(Cl)c(C(F)(F)F)c4)c3)ncnc2c1,1,IC50,6.73,1,CHEMBL3133757
O=C(Nc1cccc(Nc2ncnc3cc(OCCCN4CCN(CCO)CC4)ccc23)c1)Nc1ccc(Cl)c(C(F)(F)F)c1,1,IC50,7.0,1,CHEMBL3133756
COc1cc2ncnc(Nc3cccc(NC(=O)Nc4ccc(F)c(Cl)c4)c3)c2cc1OCCCN1CCOCC1,0,IC50 (>),5.0,1,CHEMBL3133753
COc1cc2ncnc(Nc3cccc(NC(=O)Nc4ccc(Cl)c(C(F)(F)F)c4)c3)c2cc1OCCCN1CCOCC1,1,IC50,7.09,1,CHEMBL3133752
COc1cc2ncnc(Nc3ccc(NC(=O)Nc4ccc(Cl)c(C(F)(F)F)c4)cc3)c2cc1OCCCN1CCOCC1,1,IC50,6.54,1,CHEMBL3133751
C=CC(=O)N1CCc2c(sc3ncnc(Nc4ccc(CC)cc4)c23)C1,1,IC50,6.89,1,CHEMBL3133899
C=CC(=O)N1CCc2c(sc3ncnc(Nc4cccc(C)c4F)c23)C1,1,IC50,6.55,1,CHEMBL3133895
C=CC(=O)Nc1ccc2ncnc(Nc3cccc(CC)c3)c2c1,1,IC50,6.56,1,CHEMBL3133908
C=CC(=O)Nc1ccc2ncnc(Nc3ccc(Br)cc3F)c2c1,1,IC50,7.44,1,CHEMBL3132872
C=CC(=O)N1CCc2c(sc3ncnc(NC4CCCCC4)c23)C1,0,IC50 (>),3.82,1,CHEMBL3133900
C=CC(=O)Nc1ccc2ncnc(Nc3ccc(S(=O)(=O)Nc4nccs4)cc3)c2c1,0,IC50,4.36,1,CHEMBL3133912
C=CC(=O)Nc1ccc2ncnc(Nc3ccc(S(=O)(=O)NC(=N)N)cc3)c2c1,0,IC50,4.27,1,CHEMBL3133911
C=CC(=O)Nc1ccc2ncnc(Nc3ccc(S(N)(=O)=O)cc3)c2c1,0,IC50,4.12,1,CHEMBL3133910
C=CC(=O)Nc1ccc2ncnc(Nc3ccccc3CC)c2c1,0,IC50,4.72,1,CHEMBL3133907
C=CC(=O)Nc1cccc(N2C(=O)CN(C)C(=O)c3cnc(Nc4ccc(N5CCN(C)CC5)cc4OC)nc32)c1,1,IC50,8.04,5,CHEMBL3219125
C=CC(=O)Nc1cccc(N2C(=O)C3CCCCN3C(=O)c3cnc(Nc4ccc(N5CCN(C)CC5)cc4OC)nc32)c1,1,IC50,8.61,5,CHEMBL3219127
C=CC(=O)Nc1cccc(N2C(=O)C(C)N(C)C(=O)c3cnc(Nc4ccc(N5CCN(C)CC5)cc4OC)nc32)c1,1,IC50,8.22,5,CHEMBL3219128
C=CC(=O)Nc1cccc(N2C(=O)C(C(C)C)N(C)C(=O)c3cnc(Nc4ccc(N5CCN(C)CC5)cc4OC)nc32)c1,1,IC50,7.62,5,CHEMBL3219129
C=CC(=O)Nc1cccc(N2C(=O)C(C(C)CC)N(C)C(=O)c3cnc(Nc4ccc(N5CCN(C)CC5)cc4OC)nc32)c1,1,IC50,8.14,5,CHEMBL3219130
C=CC(=O)Nc1cccc(N2C(=O)C(c3ccccc3)N(C)C(=O)c3cnc(Nc4ccc(N5CCN(C)CC5)cc4OC)nc32)c1,1,IC50,7.11,4,CHEMBL3219131
C=CC(=O)Nc1cccc(N2C(=O)CN(c3ccccc3)C(=O)c3cnc(Nc4ccc(N5CCN(C)CC5)cc4OC)nc32)c1,1,IC50,8.16,5,CHEMBL3219132
C=CC(=O)Nc1cccc(N2C(=O)C(Cc3ccccc3)N(C)C(=O)c3cnc(Nc4ccc(N5CCN(C)CC5)cc4OC)nc32)c1,1,IC50,8.33,5,CHEMBL3219133
C=CC(=O)Nc1cccc(N2C(=O)C(Cc3ccc(OC)cc3)N(C)C(=O)c3cnc(Nc4ccc(N5CCN(C)CC5)cc4OC)nc32)c1,1,IC50,7.47,5,CHEMBL3219134
C=CC(=O)Nc1cccc(N2C(=O)C(Cc3ccc(Cl)cc3)N(C)C(=O)c3cnc(Nc4ccc(N5CCN(C)CC5)cc4OC)nc32)c1,1,IC50,7.46,5,CHEMBL3219135
C=CC(=O)Nc1cccc(N2C(=O)C(Cc3ccc(F)cc3)N(C)C(=O)c3cnc(Nc4ccc(N5CCN(C)CC5)cc4OC)nc32)c1,1,IC50,8.24,5,CHEMBL3219347
C=CC(=O)Nc1cccc(N2C(=O)CN(Cc3ccccc3)C(=O)c3cnc(Nc4ccc(N5CCN(C)CC5)cc4OC)nc32)c1,1,IC50,8.2,5,CHEMBL3219348
COc1cc2ncnc(Nc3cccc(Cl)c3)c2cc1B1OC(C)(C)C(C)(C)O1,1,IC50,6.31,1,CHEMBL3219502
CC1(C)OB(c2ccc3ncnc(Nc4ccc(F)c(Cl)c4)c3c2)OC1(C)C,1,IC50,6.24,1,CHEMBL3219505
OB(O)c1ccc2ncnc(Nc3cccc(Cl)c3)c2c1,1,IC50,6.19,1,CHEMBL3218424
CC1(C)OB(c2ccc3ncnc(Nc4cccc(Cl)c4)c3c2)OC1(C)C,1,IC50,6.23,1,CHEMBL3219504
COc1cc2ncnc(Nc3ccc(F)c(Cl)c3)c2cc1B1OC(C)(C)C(C)(C)O1,1,IC50,6.28,1,CHEMBL3219503
OB(O)c1ccc2ncnc(Nc3ccc(F)c(Cl)c3)c2c1,1,IC50,6.1,1,CHEMBL3219506
COc1cc2ncnc(Nc3cccc(Cl)c3)c2cc1B(O)O,1,IC50,6.34,1,CHEMBL3219507
COc1cc2ncnc(Nc3ccc(F)c(Cl)c3)c2cc1B(O)O,1,IC50,6.29,1,CHEMBL3219508
Nc1ccccc1NC(=O)c1ccc(COc2ccc3ncnc(Nc4cccc(Br)c4)c3c2)cc1,1,IC50,7.48,1,CHEMBL3217993
C#Cc1cccc(Nc2ncnc3ccc(OCc4ccc(C(=O)Nc5ccccc5N)cc4)cc23)c1,1,IC50,7.11,1,CHEMBL3218000
C=CC(=O)Nc1cccc(Nc2cc(Nc3cccc(Br)c3)ncn2)c1,1,IC50,8.27,5,CHEMBL3218346
CCC(=O)Nc1cccc(Nc2cc(Nc3cccc(Br)c3)ncn2)c1,1,IC50,6.87,3,CHEMBL3218347
COC(=O)Nc1cc(Nc2ncnc3cc(OC)c(OC)cc23)ccc1Cl,0,IC50 (>),5.0,1,CHEMBL3221559
CCOC(=O)Nc1cc(Cl)c(Nc2ncnc3cc(OC)c(OC)cc23)cc1Cl,0,IC50 (>),5.0,1,CHEMBL3221260
CCNC(=O)Nc1cc(Cl)c(Nc2ncnc3cc(OC)c(OC)cc23)cc1Cl,0,IC50 (>),5.0,1,CHEMBL3221261
CCCCNC(=O)Nc1cc(Cl)c(Nc2ncnc3cc(OC)c(OC)cc23)cc1Cl,0,IC50 (>),5.0,1,CHEMBL3221262
COc1cc2ncnc(Nc3ccc(NC(C)=O)c(C)c3)c2cc1OC,0,IC50 (>),5.0,1,CHEMBL3221263
CCC(=O)Nc1ccc(Nc2ncnc3cc(OC)c(OC)cc23)cc1C,0,IC50 (>),5.0,1,CHEMBL3221264
CCOC(=O)Nc1ccc(Nc2ncnc3cc(OCCN4CCCCC4)c(OC)cc23)cc1C,0,IC50 (>),5.0,1,CHEMBL3221269
CCOC(=O)Nc1ccc(Nc2ncnc3cc(OCCN4CCCCC4)c(OC)cc23)cc1Cl,0,IC50 (>),5.0,1,CHEMBL3221545
Cc1ncc([N+](=O)[O-])n1CC(=O)N/N=C/c1cc2ccccc2nc1Oc1ccccc1,0,IC50,4.99,2,CHEMBL3234864
Cc1ccc(Oc2nc3ccccc3cc2/C=N/NC(=O)Cn2c([N+](=O)[O-])cnc2C)cc1,0,IC50,4.64,1,CHEMBL3234865
COc1ccc(Oc2nc3ccc(C)cc3cc2/C=N/NC(=O)Cn2c([N+](=O)[O-])cnc2C)cc1,1,IC50,6.92,1,CHEMBL3235202
Cc1ccc2nc(Oc3ccc(F)cc3)c(/C=N/NC(=O)Cn3c([N+](=O)[O-])cnc3C)cc2c1,1,IC50,6.38,2,CHEMBL3235203
Cc1ccc2nc(Oc3ccc(Cl)cc3)c(/C=N/NC(=O)Cn3c([N+](=O)[O-])cnc3C)cc2c1,0,IC50,4.72,1,CHEMBL3235204
Cc1ccc(C(=O)Nc2ccc(CN3CCN(C)CC3)c(C(F)(F)F)c2)cc1NC(=O)c1cccnc1,1,IC50,6.26,1,CHEMBL3234736
Cc1ccc(C(=O)Nc2ccc(CN3CCN(C)CC3)c(C(F)(F)F)c2)cc1NC(=O)c1ccccn1,1,IC50,6.24,1,CHEMBL3234737
Cc1ccc(C(=O)Nc2ccc(CN3CCN(C)CC3)c(C(F)(F)F)c2)cc1NC(=O)c1ccncc1,0,IC50 (>),5.0,1,CHEMBL3234738
Cc1ccc(C(=O)Nc2ccc(CN3CCN(C)CC3)c(C(F)(F)F)c2)cc1NC(=O)c1ccccc1,0,IC50 (>),5.0,1,CHEMBL3234739
Cc1ccc(C(=O)Nc2ccc(CN3CCN(C)CC3)c(C(F)(F)F)c2)cc1NC(=O)c1cnc(N)nc1,1,IC50,7.37,1,CHEMBL3234742
CNc1ncc(C(=O)Nc2cc(C(=O)Nc3ccc(CN4CCN(C)CC4)c(C(F)(F)F)c3)ccc2C)cn1,1,IC50,6.92,1,CHEMBL3234744
CCNc1ncc(C(=O)Nc2cc(C(=O)Nc3ccc(CN4CCN(C)CC4)c(C(F)(F)F)c3)ccc2C)cn1,1,IC50,6.89,1,CHEMBL3234745
Cc1ccc(C(=O)Nc2ccc(CN3CCN(C)CC3)c(C(F)(F)F)c2)cc1NC(=O)c1cnc(NC(C)C)nc1,1,IC50,7.37,1,CHEMBL3234746
Cc1ccc(C(=O)Nc2ccc(CN3CCN(C)CC3)c(C(F)(F)F)c2)cc1NC(=O)c1cnc(NC2CC2)nc1,1,IC50,7.36,1,CHEMBL3234747
Cc1ccc(C(=O)Nc2ccc(CN3CCN(C)CC3)c(C(F)(F)F)c2)cc1NC(=O)c1cnc(NC2CCCC2)nc1,1,IC50,7.48,1,CHEMBL3234748
Cc1ccc(C(=O)Nc2ccc(CN3CCN(C)CC3)c(C(F)(F)F)c2)cc1NC(=O)c1cnc(NC2CCCCC2)nc1,1,IC50,7.33,1,CHEMBL3234749
Cc1ccc(C(=O)Nc2ccc(CN3CCN(C)CC3)c(C(F)(F)F)c2)cc1NC(=O)c1cnc(Nc2ccccc2)nc1,1,IC50,8.22,1,CHEMBL3234750
Cc1ccc(C(=O)Nc2ccc(CN3CCN(C)CC3)c(C(F)(F)F)c2)cc1NC(=O)c1cnc2[nH]ccc2c1,1,IC50,8.1,1,CHEMBL3234752
Cc1ccc(C(=O)Nc2ccc(CN3CCN(C)CC3)c(C(F)(F)F)c2)cc1NC(=O)c1cnc2[nH]ncc2c1,1,IC50,7.52,1,CHEMBL3234753
Cc1ccc(C(=O)Nc2ccc(CN3CCN(C)CC3)c(C(F)(F)F)c2)cc1NC(=O)c1ccc2[nH]ccc2c1,0,IC50 (>),5.0,1,CHEMBL3234754
CN1CCN(Cc2ccc(NC(=O)c3cccc(NC(=O)c4cnc5[nH]ccc5c4)c3)cc2C(F)(F)F)CC1,1,IC50,6.17,1,CHEMBL3234755
CCc1ccc(C(=O)Nc2ccc(CN3CCN(C)CC3)c(C(F)(F)F)c2)cc1NC(=O)c1cnc2[nH]ccc2c1,1,IC50,7.0,1,CHEMBL3234756
CC(C)c1ccc(C(=O)Nc2ccc(CN3CCN(C)CC3)c(C(F)(F)F)c2)cc1NC(=O)c1cnc2[nH]ccc2c1,1,IC50,6.8,1,CHEMBL3234757
COc1cc(N2CCN(C)CC2)ccc1Nc1ncc(Cl)c(Oc2cccc(NC(=O)CCN3CCCC3)c2)n1,1,IC50,7.06,3,CHEMBL3237931
CCN(CC)CCC(=O)Nc1cccc(Oc2nc(Nc3ccc(N4CCN(C)CC4)cc3OC)ncc2Cl)c1,1,IC50,6.74,3,CHEMBL3237930
COc1cc(N2CCN(C)CC2)ccc1Nc1ncc(Cl)c(Oc2cccc(NC(=O)CCN(C)C)c2)n1,1,IC50,6.74,3,CHEMBL3237929
COc1cc(N2CCN(C)CC2)ccc1Nc1ncc(Cl)c(Oc2cccc(NC(=O)CCN3CCOCC3)c2)n1,0,IC50 (>),5.0,3,CHEMBL3237933
CCOC(=O)N1CCN(CCC(=O)Nc2cccc(Oc3nc(Nc4ccc(N5CCN(C)CC5)cc4OC)ncc3Cl)c2)CC1,1,IC50,6.27,2,CHEMBL3237935
COc1cc(N2CCN(C)CC2)ccc1Nc1ncc(Cl)c(Oc2cccc(NC(=O)CCN3CCN(CCOc4no[n+]([O-])c4S(=O)(=O)c4ccccc4)CC3)c2)n1,1,IC50,6.7,3,CHEMBL3237937
Cc1nn(-c2ccccc2)c(Cl)c1C1C(C#N)=C(N)N(c2cccnc2)C2=C1C(=O)CCC2,0,IC50,4.74,1,CHEMBL3237938
Cc1nn(-c2ccccc2)c(Cl)c1C1C(C#N)=C(N)N(c2cccnc2)C2=C1C(=O)CC(C)(C)C2,0,IC50,4.49,1,CHEMBL3237941
Cc1ccc(-n2nc(C)c(C3C(C#N)=C(N)N(c4cccnc4)C4=C3C(=O)CC(C)(C)C4)c2Cl)cc1,0,IC50,4.83,1,CHEMBL3237942
Cc1nn(-c2ccc(Cl)cc2)c(Cl)c1C1C(C#N)=C(N)N(c2cccnc2)C2=C1C(=O)CC(C)(C)C2,0,IC50,4.62,1,CHEMBL3237943
CCOC(=O)C1=C(N)N(c2cccnc2)C2=C(C(=O)CCC2)C1c1c(C)nn(-c2ccc(C)cc2)c1Cl,1,IC50,6.04,1,CHEMBL3237945
CCOC(=O)C1=C(N)N(c2cccnc2)C2=C(C(=O)CC(C)(C)C2)C1c1c(C)nn(-c2ccccc2)c1Cl,0,IC50,4.95,1,CHEMBL3237947
CCOC(=O)C1=C(N)N(c2cccnc2)C2=C(C(=O)CC(C)(C)C2)C1c1c(C)nn(-c2ccc(C)cc2)c1Cl,1,IC50,6.29,1,CHEMBL3237948
CCCCC(=O)Nc1cc2c(Nc3ccc(F)c(Cl)c3)ncnc2s1,0,IC50 (>),5.0,2,CHEMBL3233756
CCC(CC)C(=O)Nc1cc2c(Nc3ccc(F)c(Cl)c3)ncnc2s1,0,IC50 (>),5.0,2,CHEMBL3233757
O=C(Nc1cc2c(Nc3ccc(F)c(Cl)c3)ncnc2s1)C1CCCC1,0,IC50 (>),5.0,2,CHEMBL3233758
COC(=O)CCCC(=O)Nc1cc2c(Nc3ccc(F)c(Cl)c3)ncnc2s1,0,IC50 (>),5.0,2,CHEMBL3233760
CN(C)CCCC(=O)Nc1cc2c(Nc3ccc(F)c(Cl)c3)ncnc2s1,1,IC50,6.1,1,CHEMBL3233761
C=CC(=O)Nc1cc2c(Nc3ccc(F)c(Cl)c3)ncnc2s1,1,IC50,7.8,2,CHEMBL3233767
O=C(CCl)Nc1cc2c(Nc3ccc(F)c(Cl)c3)ncnc2s1,1,IC50,7.4,2,CHEMBL3233770
CS(=O)(=O)CCNC/C=C/C(=O)Nc1cc2c(Nc3ccc(F)c(Cl)c3)ncnc2s1,1,IC50,8.52,2,CHEMBL3233773
O=C(/C=C/CNCC1COC1)Nc1cc2c(Nc3ccc(F)c(Cl)c3)ncnc2s1,1,IC50,8.0,2,CHEMBL3233774
O=C(/C=C/CNC1CCOCC1)Nc1cc2c(Nc3ccc(F)c(Cl)c3)ncnc2s1,1,IC50,7.7,2,CHEMBL3233775
O=C(/C=C/CNCc1ncccn1)Nc1cc2c(Nc3ccc(F)c(Cl)c3)ncnc2s1,1,IC50,8.1,2,CHEMBL3233776
CN(C)C/C=C/C(=O)Nc1cc2c(Nc3ccc(F)c(Cl)c3)ncnc2s1,1,IC50,7.62,2,CHEMBL3233777
CCN(CC)C/C=C/C(=O)Nc1cc2c(Nc3ccc(F)c(Cl)c3)ncnc2s1,1,IC50,8.1,2,CHEMBL3233778
COC(CN(C)C/C=C/C(=O)Nc1cc2c(Nc3ccc(F)c(Cl)c3)ncnc2s1)OC,1,IC50,8.7,2,CHEMBL3233779
CCN(CC)CCN(C)C/C=C/C(=O)Nc1cc2c(Nc3ccc(F)c(Cl)c3)ncnc2s1,1,IC50,6.86,2,CHEMBL3233780
CN(C)CCCN(C)C/C=C/C(=O)Nc1cc2c(Nc3ccc(F)c(Cl)c3)ncnc2s1,1,IC50,7.03,1,CHEMBL3233781
O=C(/C=C/CN1CC(O)C1)Nc1cc2c(Nc3ccc(F)c(Cl)c3)ncnc2s1,1,IC50,7.42,2,CHEMBL3233782
O=C(/C=C/CN1CCC(F)(F)C1)Nc1cc2c(Nc3ccc(F)c(Cl)c3)ncnc2s1,1,IC50,7.55,1,CHEMBL3233783
O=C(/C=C/CN1CCCCC1)Nc1cc2c(Nc3ccc(F)c(Cl)c3)ncnc2s1,1,IC50,8.7,2,CHEMBL3233784
O=C(/C=C/CN1CC2CCC1C(=O)C2)Nc1cc2c(Nc3ccc(F)c(Cl)c3)ncnc2s1,1,IC50,9.05,2,CHEMBL3233785
O=C(/C=C/CN1CCC(F)CC1)Nc1cc2c(Nc3ccc(F)c(Cl)c3)ncnc2s1,1,IC50,8.4,2,CHEMBL3233786
O=C(/C=C/CN1CCC(F)(F)CC1)Nc1cc2c(Nc3ccc(F)c(Cl)c3)ncnc2s1,1,IC50,8.4,2,CHEMBL3233787
CSC1CCN(C/C=C/C(=O)Nc2cc3c(Nc4ccc(F)c(Cl)c4)ncnc3s2)CC1,1,IC50,7.75,2,CHEMBL3233788
CN1CCN(C/C=C/C(=O)Nc2cc3c(Nc4ccc(F)c(Cl)c4)ncnc3s2)CC1,1,IC50,8.52,2,CHEMBL3233789
CCN1CCN(C/C=C/C(=O)Nc2cc3c(Nc4ccc(F)c(Cl)c4)ncnc3s2)CC1,1,IC50,8.4,2,CHEMBL3233790
CC(C)N1CCN(C/C=C/C(=O)Nc2cc3c(Nc4ccc(F)c(Cl)c4)ncnc3s2)CC1,1,IC50,8.7,2,CHEMBL3233791
O=C(/C=C/CN1CCOCC1)Nc1cc2c(Nc3ccc(F)c(Cl)c3)ncnc2s1,1,IC50,8.52,2,CHEMBL3233792
O=C(/C=C/CN1CCS(=O)(=O)CC1)Nc1cc2c(Nc3ccc(F)c(Cl)c3)ncnc2s1,1,IC50,8.15,2,CHEMBL3233793
O=C(/C=C/CN1CC2(COC2)C1)Nc1cc2c(Nc3ccc(F)c(Cl)c3)ncnc2s1,1,IC50,8.15,2,CHEMBL3233020
O=C(/C=C/CN1CCC2(CC1)OCCO2)Nc1cc2c(Nc3ccc(F)c(Cl)c3)ncnc2s1,1,IC50,8.7,2,CHEMBL3233795
COC(=O)CC(=O)Nc1cc2c(Nc3ccc(F)c(Cl)c3)ncnc2s1,0,IC50 (>),5.0,1,CHEMBL3233759
CN(C)CCN(C)CC(=O)Nc1cc2c(Nc3ccc(F)c(Cl)c3)ncnc2s1,0,IC50 (>),5.0,1,CHEMBL3233762
CN1CCN(CC(=O)Nc2cc3c(Nc4ccc(F)c(Cl)c4)ncnc3s2)CC1,0,IC50 (>),5.0,1,CHEMBL3233765
C/C=C(\C)C(=O)Nc1cc2c(Nc3ccc(F)c(Cl)c3)ncnc2s1,0,IC50 (>),5.0,1,CHEMBL3233768
COCCNC/C=C/C(=O)Nc1cc2c(Nc3ccc(F)c(Cl)c3)ncnc2s1,1,IC50,8.3,1,CHEMBL3233771
CN(C)CCCNC/C=C/C(=O)Nc1cc2c(Nc3ccc(F)c(Cl)c3)ncnc2s1,1,IC50,9.15,1,CHEMBL3233772
Cc1c(NC(=O)c2ccc(C(C)(C)C)cc2)cccc1-c1nc(Nc2ccc(C(=O)N3CCOCC3)cc2)c2nc[nH]c2n1,0,IC50 (>),4.78,1,CHEMBL3263640
COc1cc2c(Oc3ccc(NC(=O)c4c(C)n(C)n(-c5ccccc5)c4=O)cc3F)ccnc2cc1OCCCN1CCOCC1,0,IC50 (>),4.8,2,CHEMBL3263958
COc1cc2c(Oc3ccc(NS(=O)(=O)c4cccc(-c5cnn(C)c5)c4)cc3F)ccnc2cc1OCCCN1CCN(C)CC1,1,IC50,7.08,2,CHEMBL3263962
COc1cc2c(Oc3ccc(NS(=O)(=O)c4cccc(-c5ccoc5)c4)cc3F)ccnc2cc1OCCCN1CCN(C)CC1,1,IC50,6.78,2,CHEMBL3263963
COc1cc2c(Oc3ccc(NS(=O)(=O)c4cccc(-c5ccsc5)c4)cc3F)ccnc2cc1OCCCN1CCN(C)CC1,1,IC50,7.03,2,CHEMBL3263964
COc1cc2c(Oc3ccc(NS(=O)(=O)c4cc(-c5ccsc5)ccc4F)cc3F)ccnc2cc1OCCCN1CCN(C)CC1,1,IC50,6.24,2,CHEMBL3263965
CCOc1ccn(-c2ccc(F)cc2)c(=O)c1C(=O)Nc1ccc(Oc2ccnc(N)c2Cl)c(F)c1,0,IC50 (>),4.9,3,CHEMBL460702
COc1cc2c(Oc3ccc(NC(=O)c4c(C)n(C)n(-c5ccccc5)c4=O)cc3F)ccnc2cc1OCCCN1CCN(C)CC1,0,IC50 (>),4.8,1,CHEMBL3263959
Cc1ccc(C2=NN(C3=NC(c4ccccc4)CS3)C(c3ccc4ccccc4c3)C2)cc1C,1,IC50,6.19,1,CHEMBL3263373
Cc1ccc(C2=NN(C3=NC(=O)CS3)C(c3ccc4ccccc4c3)C2)cc1C,1,IC50,6.92,1,CHEMBL3263380
COc1ccc(Oc2cc(C)c(-c3csc(NC(=O)c4ccnc(F)c4)n3)c(C)c2)cc1,0,IC50 (>),5.0,2,CHEMBL3263869
COc1cc2c(Oc3ccc(NC(=O)c4nn(-c5ccccc5C(F)(F)F)c(=O)cc4C)cc3F)ccnc2cc1OCCCN1CCOCC1,0,IC50 (>),5.0,1,CHEMBL3290931
C=CC(=O)Nc1cccc(Nc2ncc(NC(=O)c3cc(NC(=O)c4cccc(C(F)(F)F)c4)ccc3C)cn2)c1,1,IC50,7.96,2,CHEMBL3290142
C=CC(=O)NCC(=O)Nc1cccc(Nc2ncc(NC(=O)c3cc(NC(=O)c4cccc(C(F)(F)F)c4)ccc3C)cn2)c1,1,IC50,8.15,1,CHEMBL3290148
Nc1ncnc2scc(-c3ccc4c(C(=O)Nc5ccccc5)cccc4c3)c12,0,IC50 (>),5.0,2,CHEMBL3288526
CC(C)(C)CNC(=O)CC1CNC(=O)c2cc(-c3ccsc3)cn21,0,IC50 (>),5.0,1,CHEMBL3298400
CN1CCN(C[C@@H](NC(=O)C[C@H]2CNC(=O)c3cc(-c4cccc(Cl)c4)cn32)C2CCCCC2)CC1,0,IC50 (>),5.0,1,CHEMBL3297762
Cc1nc(Nc2ccc(C(F)(F)F)cc2)c2cc(C)oc2n1,1,IC50,6.91,1,CHEMBL3297893
Cc1nc(Nc2ccc(F)c(Cl)c2)c2cc(C)oc2n1,1,IC50,7.52,1,CHEMBL3297894
C#Cc1cccc(Nc2nc(C)nc3oc(C)cc23)c1,1,IC50,7.52,1,CHEMBL3297892
COc1ccc(N(C)c2nc(C)nc3oc(C)cc23)cc1,1,IC50,7.17,3,CHEMBL3297898;CHEMBL3298000
COc1ccc(Nc2nc(C)nc3oc(C)cc23)cc1,1,IC50,7.38,1,CHEMBL3297897
CCCN(c1ccc(OC)cc1)c1nc(C)nc2oc(C)cc12,1,IC50,7.13,1,CHEMBL3297900
Cc1nc(Nc2cccc3[nH]ccc23)c2cc(C)oc2n1,1,IC50,7.04,1,CHEMBL3297896
COc1ccc(N(c2nc(C)nc3oc(C)cc23)C(C)C)cc1,1,IC50,7.07,1,CHEMBL3297999
CCN(c1ccc(OC)cc1)c1nc(C)nc2oc(C)cc12,1,IC50,7.15,1,CHEMBL3297899
Cc1nc(Nc2ccc(Cl)cc2)c2cc(C)oc2n1,1,IC50,6.99,1,CHEMBL3297895
Cc1nc(Nc2cccc3ccccc23)c2cc(C)oc2n1,1,IC50,6.84,1,CHEMBL3297891
CCCCN(c1ccc(OC)cc1)c1nc(C)nc2oc(C)cc12,1,IC50,6.47,1,CHEMBL3297998
Cc1nc(Nc2ccccc2)c2cc(C)oc2n1,1,IC50,6.95,1,CHEMBL3297816
c1ccc(-c2cccc(Nc3ncnc4cc5c(cc34)OCCO5)c2)cc1,1,IC50,7.38,1,CHEMBL3040806
c1cc(Nc2ncnc3cc4c(cc23)OCCO4)cc(-c2ccco2)c1,0,IC50 (>),5.0,1,CHEMBL3297954
c1cc(Nc2ncnc3cc4c(cc23)OCCO4)cc(-c2cccs2)c1,0,IC50 (>),5.0,1,CHEMBL3297955
c1ccc(-c2cccc(Nc3ncnc4cc5c(cc34)OCCO5)c2)nc1,0,IC50 (>),5.0,1,CHEMBL3297956
c1ccc(-c2ccnc(Nc3ncnc4cc5c(cc34)OCCO5)n2)cc1,0,IC50 (>),5.0,1,CHEMBL3297957
c1ccc(-c2csc(Nc3ncnc4cc5c(cc34)OCCO5)n2)cc1,0,IC50 (>),5.0,1,CHEMBL3297958
c1cc(Nc2ncnc3cc4c(cc23)OCCO4)cc(-c2ccc[nH]2)c1,0,IC50 (>),5.0,1,CHEMBL3297959
COc1ccc(/C=C\c2cc(OC)c(OC)c(OC)c2)cc1O,0,IC50 (>),5.0,1,CHEMBL67
CC(=O)O[C@H]1C(=O)[C@@]2(C)[C@H]([C@H](OC(=O)c3ccccc3)[C@]3(O)C[C@H](OC(=O)[C@H](O)[C@@H](NC(=O)c4ccccc4)c4ccccc4)C(C)=C1C3(C)C)[C@]1(OC(C)=O)CO[C@@H]1C[C@@H]2O,0,IC50 (>),5.0,1,CHEMBL428647
OB(O)c1ccc(COc2ccc3ncnc(Nc4cccc(Cl)c4)c3c2)cc1,1,IC50,6.07,1,CHEMBL3347498
OB(O)/C=C/COc1ccc2ncnc(Nc3cccc(Cl)c3)c2c1,1,IC50,6.57,1,CHEMBL3347488
CC1(C)[C@H]2CC3OB(COc4ccc5ncnc(Nc6cccc(Cl)c6)c5c4)O[C@@]3(C)[C@@H]1C2,1,IC50,6.7,1,CHEMBL3347487
COc1cc2c(Nc3ccc(F)c(Cl)c3)ncnc2cc1OCCCn1ccnc1[N+](=O)[O-],1,IC50,9.11,1,CHEMBL3360602
COc1cc2c(Nc3ccc(F)c(Cl)c3)ncnc2cc1OCCCCn1ccnc1[N+](=O)[O-],1,IC50,9.51,1,CHEMBL3360603
COc1cc2c(Nc3ccc(F)c(Cl)c3)ncnc2cc1OCCCCCn1ccnc1[N+](=O)[O-],1,IC50,9.28,1,CHEMBL3360604
COc1cc2c(Nc3ccc(F)c(Cl)c3)ncnc2cc1OCCCCCCn1ccnc1[N+](=O)[O-],1,IC50,8.84,1,CHEMBL3360605
COc1cc2c(Nc3ccc(F)c(Cl)c3)ncnc2cc1OCCOCCn1ccnc1[N+](=O)[O-],1,IC50,9.49,1,CHEMBL3360606
C#Cc1cccc(Nc2ncnc3cc(OCCCn4ccnc4[N+](=O)[O-])c(OC)cc23)c1,1,IC50,9.19,1,CHEMBL3360607
C#Cc1cccc(Nc2ncnc3cc(OCCCCn4ccnc4[N+](=O)[O-])c(OC)cc23)c1,1,IC50,9.59,1,CHEMBL3360608
C#Cc1cccc(Nc2ncnc3cc(OCCCCCn4ccnc4[N+](=O)[O-])c(OC)cc23)c1,1,IC50,9.33,1,CHEMBL3360609
C#Cc1cccc(Nc2ncnc3cc(OCCCCCCn4ccnc4[N+](=O)[O-])c(OC)cc23)c1,1,IC50,9.24,1,CHEMBL3360610
C#Cc1cccc(Nc2ncnc3cc(OCCOCCn4ccnc4[N+](=O)[O-])c(OC)cc23)c1,1,IC50,9.27,1,CHEMBL3360611
COc1cc2c(Nc3ccc(OCc4cccc(F)c4)c(Cl)c3)ncnc2cc1OCCCn1ccnc1[N+](=O)[O-],1,IC50,7.52,1,CHEMBL3360612
COc1cc2c(Nc3ccc(OCc4cccc(F)c4)c(Cl)c3)ncnc2cc1OCCCCn1ccnc1[N+](=O)[O-],1,IC50,7.92,1,CHEMBL3360613
COc1cc2c(Nc3ccc(OCc4cccc(F)c4)c(Cl)c3)ncnc2cc1OCCCCCn1ccnc1[N+](=O)[O-],1,IC50,7.78,1,CHEMBL3360614
COc1cc2c(Nc3ccc(OCc4cccc(F)c4)c(Cl)c3)ncnc2cc1OCCCCCCn1ccnc1[N+](=O)[O-],1,IC50,7.45,1,CHEMBL3360615
COc1cc2c(Nc3ccc(OCc4cccc(F)c4)c(Cl)c3)ncnc2cc1OCCOCCn1ccnc1[N+](=O)[O-],1,IC50,7.7,1,CHEMBL3360616
COc1cc2c(Nc3cccc(Br)c3)ncnc2cc1OCCCn1ccnc1[N+](=O)[O-],1,IC50,9.31,1,CHEMBL3360617
COc1cc2c(Nc3cccc(Br)c3)ncnc2cc1OCCCCn1ccnc1[N+](=O)[O-],1,IC50,9.43,1,CHEMBL3360618
COc1cc2c(Nc3cccc(Br)c3)ncnc2cc1OCCCCCn1ccnc1[N+](=O)[O-],1,IC50,9.48,1,CHEMBL3360619
COc1cc2c(Nc3cccc(Br)c3)ncnc2cc1OCCCCCCn1ccnc1[N+](=O)[O-],1,IC50,9.11,1,CHEMBL3352899
COc1cc2c(Nc3cccc(Br)c3)ncnc2cc1OCCOCCn1ccnc1[N+](=O)[O-],1,IC50,9.09,1,CHEMBL3360620
COc1cc2ncnc(Nc3ccc(F)c(Cl)c3)c2cc1OCCn1ccnc1[N+](=O)[O-],1,IC50,8.52,1,CHEMBL3355873
COc1cc2ncnc(Nc3ccc(F)c(Cl)c3)c2cc1OCCCn1ccnc1[N+](=O)[O-],1,IC50,9.05,1,CHEMBL3355874
COc1cc2ncnc(Nc3ccc(F)c(Cl)c3)c2cc1OCCCCn1ccnc1[N+](=O)[O-],1,IC50,9.33,1,CHEMBL3355875
COc1cc2ncnc(Nc3ccc(F)c(Cl)c3)c2cc1OCCCCCn1ccnc1[N+](=O)[O-],1,IC50,9.29,1,CHEMBL3355876
COc1cc2ncnc(Nc3ccc(F)c(Cl)c3)c2cc1OCCCCCCn1ccnc1[N+](=O)[O-],1,IC50,9.49,1,CHEMBL3355877
COc1cc2ncnc(Nc3cccc(Br)c3)c2cc1OCCCn1ccnc1[N+](=O)[O-],1,IC50,9.18,1,CHEMBL3355878
C#Cc1cccc(Nc2ncnc3cc(OC)c(OCCCn4ccnc4[N+](=O)[O-])cc23)c1,1,IC50,8.97,1,CHEMBL3355879
C#Cc1cccc(Nc2ncnc3cc(OC)c(OCCCCn4ccnc4[N+](=O)[O-])cc23)c1,1,IC50,9.25,1,CHEMBL3355880
C#Cc1cccc(Nc2ncnc3cc(OC)c(OCCCCCn4ccnc4[N+](=O)[O-])cc23)c1,1,IC50,9.31,1,CHEMBL3355881
C#Cc1cccc(Nc2ncnc3cc(OC)c(OCCCCCCn4ccnc4[N+](=O)[O-])cc23)c1,1,IC50,9.3,1,CHEMBL3355882
COc1cc2ncnc(Nc3ccc(OCc4cccc(F)c4)c(Cl)c3)c2cc1OCCCn1ccnc1[N+](=O)[O-],1,IC50,7.42,1,CHEMBL3355883
COc1cc2ncnc(Nc3ccc(OCc4cccc(F)c4)c(Cl)c3)c2cc1OCCCCn1ccnc1[N+](=O)[O-],1,IC50,7.54,1,CHEMBL3355884
COc1cc2ncnc(Nc3ccc(OCc4cccc(F)c4)c(Cl)c3)c2cc1OCCCCCn1ccnc1[N+](=O)[O-],1,IC50,7.29,1,CHEMBL3355885
COc1cc2ncnc(Nc3ccc(OCc4cccc(F)c4)c(Cl)c3)c2cc1OCCCCCCn1ccnc1[N+](=O)[O-],1,IC50,7.82,1,CHEMBL3355886
COc1cc2ncnc(Nc3ccc(F)c(Cl)c3)c2cc1OCCn1c([N+](=O)[O-])cnc1C,1,IC50,8.31,1,CHEMBL3355887
COc1cc2ncnc(Nc3ccc(F)c(Cl)c3)c2cc1OCCCn1c([N+](=O)[O-])cnc1C,1,IC50,8.46,1,CHEMBL3355888
COc1cc2ncnc(Nc3ccc(F)c(Cl)c3)c2cc1OCCCCn1c([N+](=O)[O-])cnc1C,1,IC50,9.28,1,CHEMBL3355889
COc1cc2ncnc(Nc3cccc(Br)c3)c2cc1OCCCn1c([N+](=O)[O-])cnc1C,1,IC50,8.93,1,CHEMBL3355890
O=C1/C(=C\c2ccc(O)c(O)c2)Oc2ccccc21,0,IC50,4.0,1,CHEMBL3361128
COc1cc2c(Oc3ccc(NC(=O)c4nn(-c5ccc(F)cc5)c(=O)c5ccccc45)cc3F)ccnc2cc1OCCCN1CCCC1,0,IC50 (>),5.0,1,CHEMBL3309402
Clc1ccc(-c2ccc(-c3nccn3-c3ccc(N4CCNCC4)cc3)o2)cc1,0,IC50 (>),4.52,1,CHEMBL3314140
COc1cc(-c2nc(-c3c[nH]c4ccccc34)c[nH]c2=O)cc(OC)c1OC,0,IC50 (>),4.0,1,CHEMBL3358966
CCN(CC)CCCNc1nc(-c2ccc(NC(=O)Nc3ccc(Cl)cc3)cc2)nc2ccsc12,0,IC50 (>),5.0,1,CHEMBL3326099
C=CC(=O)Nc1cc(Nc2ncc(Cl)c(-c3cnn4ccccc34)n2)c(OC)cc1N1CCN(C(=O)CN(C)C)CC1,0,IC50,4.8,2,CHEMBL3353395
C=CC(=O)Nc1cc(Nc2ncc(Cl)c(-c3cnn4ccccc34)n2)c(OC)cc1N1CCN(C(=O)[C@H](C)N)CC1,0,IC50,4.72,2,CHEMBL3353396
C=CC(=O)Nc1cc(Nc2ncc(Cl)c(-c3cnn4ccccc34)n2)c(OC)cc1N1CCN(C(=O)[C@@H]2CCCCN2)CC1,0,IC50,4.51,1,CHEMBL3353397
C=CC(=O)Nc1cc(Nc2ncc(Cl)c(-c3cnn4ccccc34)n2)c(OC)cc1N1CCN(C(=O)[C@H]2CCCCN2)CC1,0,IC50,4.24,1,CHEMBL3353398
C=CC(=O)Nc1cc(Nc2ncc(Cl)c(-c3cnn4ccccc34)n2)c(OC)cc1N1CCN(C(=O)CNC)CC1,0,IC50,4.18,1,CHEMBL3353399
C=CC(=O)Nc1cc(Nc2ncc(Cl)c(-c3cnn4ccccc34)n2)c(OC)cc1N1CCN(C(=O)[C@H](C)O)CC1,0,IC50,4.12,1,CHEMBL3353400
C=CC(=O)Nc1cc(Nc2ncc(Cl)c(-c3cnn4ccccc34)n2)c(OC)cc1N1CC[C@@H](N(C)C)C1,0,IC50,4.8,1,CHEMBL3353403
C=CC(=O)Nc1cc(Nc2ncc(Cl)c(-c3cnn4ccccc34)n2)c(OC)cc1N(C)CCN(C)C,1,IC50,6.52,2,CHEMBL3353404
C=CC(=O)Nc1cc(Nc2ncc(Cl)c(-c3cn(C)c4ccccc34)n2)c(OC)cc1N(C)CCN(C)C,0,IC50,4.24,1,CHEMBL3353407
C=CC(=O)Nc1cc(Nc2nccc(-c3c[nH]c4ccccc34)n2)c(OC)cc1N(C)CCN(C)C,0,IC50,4.48,1,CHEMBL3353411
COc1cc(Br)c(Br)c(/C=N/c2ccc3[nH]c(=O)[nH]c3c2)c1O,0,IC50,4.05,1,CHEMBL3335244
CCOc1cc(Br)c(Br)c(/C=N/c2ccc3[nH]c(=O)[nH]c3c2)c1O,0,IC50,4.12,1,CHEMBL3335245
COc1cc2ncnc(Nc3cccc(Br)c3)c2cc1NC(=O)/C(F)=C/CN(C)C,1,IC50,8.59,2,CHEMBL3357654
CCOc1cc2ncnc(Nc3ccc(OCC4CC4)c(Cl)c3)c2cc1NC(=O)/C(F)=C/CN(C)C,1,IC50,8.46,2,CHEMBL3357652
CCOc1cc2ncnc(Nc3ccc(Oc4ccc(C)nc4)c(Cl)c3)c2cc1NC(=O)/C(F)=C/CN(C)C,1,IC50,8.35,2,CHEMBL3357650
COc1cc2ncnc(Nc3ccc(OCc4cccc(F)c4)c(Cl)c3)c2cc1NC(=O)/C(F)=C/CN(C)C,1,IC50,8.81,2,CHEMBL3357649
CCOc1cc2ncnc(Nc3ccc(Oc4ccc(C)nc4)c(Cl)c3)c2cc1NC(=O)/C(F)=C/CN1CCCCC1,1,IC50,7.89,2,CHEMBL3357647
O=C(Nc1cc2c(Nc3ccc(F)c(Cl)c3)ncnc2cc1O[C@H]1CCOC1)/C(F)=C/CN1CCCCC1,1,IC50,8.59,2,CHEMBL3357645
COc1cc2ncnc(Nc3ccc(F)c(Cl)c3)c2cc1NC(=O)/C(F)=C/CN1CCOCC1,1,IC50,9.28,2,CHEMBL3357643
CN(C)C/C=C(/F)C(=O)Nc1cc2c(Nc3ccc(F)c(Cl)c3)ncnc2cc1O[C@H]1CCOC1,1,IC50,9.51,2,CHEMBL3357642
CN(C)C/C=C(\F)C(=O)Nc1cc2c(Nc3ccc(F)c(Cl)c3)ncnc2cc1O[C@H]1CCOC1,1,IC50,9.8,2,CHEMBL3357641
O=C(Nc1cc2c(Nc3ccc(F)c(Cl)c3)ncnc2cc1O[C@H]1CCOC1)/C(F)=C\CN1CCOCC1,1,IC50,9.0,2,CHEMBL3357640
O=C(Nc1cc2c(Nc3ccc(F)c(Cl)c3)ncnc2cc1O[C@H]1CCOC1)/C(F)=C/CN1CCOCC1,1,IC50,9.59,2,CHEMBL3357639
CCOc1cc2ncnc(Nc3ccc(OCc4ccccn4)c(Cl)c3)c2cc1NC(=O)/C(F)=C/CN(C)C,1,IC50,9.74,2,CHEMBL3357637
COc1cc2ncnc(Nc3ccc(F)c(Cl)c3)c2cc1NC(=O)/C(F)=C/CN1CCCCC1,1,IC50,9.57,2,CHEMBL3357635
COc1cc2ncnc(Nc3ccc(F)c(Cl)c3)c2cc1NC(=O)/C(F)=C/CN(C)C,1,IC50,9.7,2,CHEMBL3357634
COc1cc2ncnc(Nc3cccc(Br)c3)c2cc1NC(=O)/C(F)=C\CN(C)C,1,IC50,8.3,1,CHEMBL3357655
CCOc1cc2ncnc(Nc3ccc(OCC4CC4)c(Cl)c3)c2cc1NC(=O)/C(F)=C\CN(C)C,1,IC50,7.95,1,CHEMBL3357653
CCOc1cc2ncnc(Nc3ccc(Oc4ccc(C)nc4)c(Cl)c3)c2cc1NC(=O)/C(F)=C\CN(C)C,1,IC50,8.02,1,CHEMBL3357651
COc1cc2ncnc(Nc3ccc(OCc4cccc(F)c4)c(Cl)c3)c2cc1NC(=O)/C(F)=C\CN(C)C,1,IC50,8.89,1,CHEMBL3352869
CCOc1cc2ncnc(Nc3ccc(Oc4ccc(C)nc4)c(Cl)c3)c2cc1NC(=O)/C(F)=C\CN1CCCCC1,1,IC50,7.41,1,CHEMBL3357648
O=C(Nc1cc2c(Nc3ccc(F)c(Cl)c3)ncnc2cc1O[C@H]1CCOC1)/C(F)=C\CN1CCCCC1,1,IC50,8.59,1,CHEMBL3357646
COc1cc2ncnc(Nc3ccc(F)c(Cl)c3)c2cc1NC(=O)/C(F)=C\CN1CCOCC1,1,IC50,9.52,1,CHEMBL3357644
CCOc1cc2ncnc(Nc3ccc(OCc4ccccn4)c(Cl)c3)c2cc1NC(=O)/C(F)=C\CN(C)C,1,IC50,9.05,1,CHEMBL3357638
COc1cc2ncnc(Nc3ccc(F)c(Cl)c3)c2cc1NC(=O)/C(F)=C\CN1CCCCC1,1,IC50,9.17,1,CHEMBL3357636
COc1cc2c(Oc3ccc(NC(=O)c4nnn(-c5ccc(F)cc5)c4C(F)(F)F)cc3F)ccnc2cc1OCCCN1CCCC1,0,IC50 (>),5.0,1,CHEMBL3343366
CC(=O)c1ccc(N2CCN(C(=O)CN3CC[C@@H](C(=O)Nc4ccc(O)c(Cl)c4)C3)CC2)cc1,0,IC50 (>),4.3,1,CHEMBL3356117
CCOC(=O)C1=C(N)N(c2cccnc2)C2=C(C(=O)CCC2)C1c1cc2cc(Cl)ccc2n2nnnc12,0,IC50,4.78,1,CHEMBL3325480
CCOC(=O)C1=C(N)N(c2cccnc2)C2=C(C(=O)CCC2)C1c1cc2cc(OC)ccc2n2nnnc12,1,IC50,6.7,1,CHEMBL3325479
CCOC(=O)C1=C(N)N(c2cccnc2)C2=C(C(=O)CCC2)C1c1cc2ccccc2n2nnnc12,1,IC50,7.05,1,CHEMBL3325477
N#CC1=C(N)N(c2cccnc2)C2=C(C(=O)CCC2)C1c1cc2cc(Cl)ccc2n2nnnc12,0,IC50,4.74,1,CHEMBL3325472
Cc1ccc2c(c1)cc(C1C(C#N)=C(N)N(c3cccnc3)C3=C1C(=O)CCC3)c1nnnn12,0,IC50,4.98,1,CHEMBL3325470
CN(C)[C@@H](CS(C)(=O)=O)c1ccc(-c2ccc3ncnc(Nc4ccc(OCc5cccc(F)c5)c(Cl)c4)c3c2)o1,1,IC50,7.52,1,CHEMBL3344221
CS(=O)(=O)C[C@H](N)c1ccc(-c2ccc3ncnc(Nc4ccc(OCc5cccc(F)c5)c(Cl)c4)c3c2)o1,1,IC50,7.87,1,CHEMBL3344220
CCCCCCC(=O)ON[C@H](CS(C)(=O)=O)c1ccc(-c2ccc3ncnc(Nc4ccc(OCc5cccc(F)c5)c(Cl)c4)c3c2)o1,1,IC50,6.96,1,CHEMBL3344219
CCCCC(=O)ON[C@H](CS(C)(=O)=O)c1ccc(-c2ccc3ncnc(Nc4ccc(OCc5cccc(F)c5)c(Cl)c4)c3c2)o1,1,IC50,7.03,1,CHEMBL3344218
CCC(=O)ON[C@H](CS(C)(=O)=O)c1ccc(-c2ccc3ncnc(Nc4ccc(OCc5cccc(F)c5)c(Cl)c4)c3c2)o1,1,IC50,7.05,1,CHEMBL3344217
CN(C)[C@H](CS(C)(=O)=O)c1ccc(-c2ccc3ncnc(Nc4ccc(OCc5cccc(F)c5)c(Cl)c4)c3c2)o1,1,IC50,8.39,1,CHEMBL3344216
CS(=O)(=O)C[C@@H](N)c1ccc(-c2ccc3ncnc(Nc4ccc(OCc5cccc(F)c5)c(Cl)c4)c3c2)o1,1,IC50,7.97,1,CHEMBL3344215
CS(=O)(=O)CCNC(CS(C)(=O)=O)c1ccc(-c2ccc3ncnc(Nc4ccc(OCc5cccc(F)c5)c(Cl)c4)c3c2)o1,1,IC50,7.54,1,CHEMBL3344214
CC(C)NC(CS(C)(=O)=O)c1ccc(-c2ccc3ncnc(Nc4ccc(OCc5cccc(F)c5)c(Cl)c4)c3c2)o1,1,IC50,7.41,1,CHEMBL3344213
CS(=O)(=O)CC(NC1CCCCC1)c1ccc(-c2ccc3ncnc(Nc4ccc(OCc5cccc(F)c5)c(Cl)c4)c3c2)o1,1,IC50,7.11,1,CHEMBL3344212
CCNC(CS(C)(=O)=O)c1ccc(-c2ccc3ncnc(Nc4ccc(OCc5cccc(F)c5)c(Cl)c4)c3c2)o1,1,IC50,7.83,1,CHEMBL3344211
CN(C)C(CS(C)(=O)=O)c1ccc(-c2ccc3ncnc(Nc4ccc(OCc5cccc(F)c5)c(Cl)c4)c3c2)o1,1,IC50,8.17,1,CHEMBL3344208
CNC(CS(C)(=O)=O)c1ccc(-c2ccc3ncnc(Nc4ccc(OCc5cccc(F)c5)c(Cl)c4)c3c2)o1,1,IC50,7.46,1,CHEMBL3344210
CS(=O)(=O)CC(N)c1ccc(-c2ccc3ncnc(Nc4ccc(OCc5cccc(F)c5)c(Cl)c4)c3c2)o1,1,IC50,7.75,1,CHEMBL3344209
Cc1cc(/C=N/NC(=O)Nc2ccc(-c3nc(N4CCOCC4)c4sccc4n3)cc2)cc(C)c1O,0,IC50 (>),5.0,1,CHEMBL3343621
COc1cc2c(Oc3ccc(CC(=O)N/N=C/c4ccc(C(F)(F)F)cc4)cc3F)ccnc2cc1OCCCN1CCCC1,0,IC50 (>),4.0,1,CHEMBL3339360
Clc1cc(Nc2ncnc3ccc(NC4=NC[C@@H](COc5ccccc5)O4)cc23)ccc1OCc1nccs1,1,IC50,6.02,1,CHEMBL3397276
Cc1c(Cc2cccc(N(C)S(=O)(=O)CCCNCCCCCC(=O)N3CCN(c4nc(N5CCOCC5)nc(-n5c(C(F)F)nc6ccccc65)n4)CC3)c2)c(=O)oc2cc(OC(=O)N(C)C)ccc12,0,IC50 (>),5.0,1,CHEMBL3400291
CS(=O)(=O)CCNCc1ccc(-c2cc3c(Nc4ccc(OCc5ccccc5)cc4)ncnc3cn2)o1,1,IC50,7.6,1,CHEMBL3409484
[O-][S+]1CCN(Cc2ccc(-c3cc4c(Nc5ccc(OCc6cccc(F)c6)cc5)ncnc4cn3)o2)CC1,1,IC50,7.64,1,CHEMBL3409483
CN(CCO)c1cc2c(Nc3ccc4c(cnn4Cc4ccccc4)c3)ncnc2cn1,1,IC50,7.44,1,CHEMBL3409482
Nc1cnc(C#Cc2cc3c(Nc4ccc(OCc5cccc(F)c5)c(Cl)c4)ncnc3s2)cn1,1,IC50,6.43,1,CHEMBL3416636
Fc1cccc(COc2ccc(Nc3ncnc4sc(C#CC5CCCN5)cc34)cc2Cl)c1,1,IC50,6.96,1,CHEMBL3416635
C#Cc1cc2c(Nc3ccc(OCc4cccc(F)c4)c(Cl)c3)ncnc2s1,1,IC50,7.15,1,CHEMBL3416634
C[C@H](N)C#Cc1cc2c(Nc3ccc(OCc4cccc(F)c4)c(Cl)c3)ncnc2s1,1,IC50,7.16,1,CHEMBL3416633
OCCN1CCN(Cc2ccc(-c3cc4c(N[C@H](CO)c5ccccc5)ncnc4s3)cc2)CC1,1,IC50,6.22,1,CHEMBL3416631
OC[C@@H](Nc1ncnc2sc(-c3ccc(CN4CCNCC4)cc3)cc12)c1ccccc1,1,IC50,6.22,1,CHEMBL3416630
C#Cc1cccc(N2C(=O)Nc3c(C(=O)Nc4ccc(CN5CCCC5)cc4)sc4ncnc2c34)c1,1,IC50,7.58,1,CHEMBL3416629
O=C(Nc1ccc(CN2CCCC2)cc1)c1sc2ncnc3c2c1NC(=O)N3c1ccc(F)c(Cl)c1,1,IC50,8.15,1,CHEMBL3416628
COc1ccccc1-c1cc2c(Nc3ccc(OCc4cccc(F)c4)c(Cl)c3)ncnc2s1,1,IC50,6.66,1,CHEMBL3416627
C#Cc1cccc(Nc2ncnc3sc(-c4ccccc4OC)cc23)c1,1,IC50,7.75,1,CHEMBL3416626
COc1ccccc1-c1cc2c(Nc3ccc(F)c(Cl)c3)ncnc2s1,1,IC50,8.3,1,CHEMBL3416625
COc1ccccc1-c1cc2c(Nc3ccccc3)ncnc2s1,1,IC50,6.76,1,CHEMBL3416624
COc1ccccc1-c1cc2c(N[C@H](C)c3cccs3)ncnc2s1,1,IC50,7.26,1,CHEMBL3416623
COc1ccccc1-c1cc2c(NCc3cccs3)ncnc2s1,1,IC50,6.77,1,CHEMBL3416622
COc1ccccc1-c1cc2c(N[C@H](C)c3ccccn3)ncnc2s1,1,IC50,6.82,1,CHEMBL3416437
COc1ccccc1-c1cc2c(NCc3ccccn3)ncnc2s1,1,IC50,6.74,1,CHEMBL3414594
COc1ccccc1-c1cc2c(NCc3cccnc3)ncnc2s1,1,IC50,6.56,1,CHEMBL3416598
COc1ccccc1-c1cc2c(NCc3ccncc3)ncnc2s1,1,IC50,6.97,1,CHEMBL3416597
COc1ccccc1-c1cc2c(N[C@H](C)c3ccc(F)cc3)ncnc2s1,1,IC50,7.57,1,CHEMBL3416596
COC[C@@H](Nc1ncnc2sc(-c3ccccc3OC)cc12)c1ccccc1,1,IC50,7.64,1,CHEMBL3416595
COc1ccccc1-c1cc2c(NC(CO)c3ccccc3)ncnc2s1,1,IC50,8.1,1,CHEMBL3416594
COc1ccccc1-c1cc2c(N[C@@H](CO)c3ccccc3)ncnc2s1,1,IC50,6.2,1,CHEMBL3416593
COc1ccccc1-c1cc2c(N[C@H](CO)c3ccccc3)ncnc2s1,1,IC50,9.0,1,CHEMBL3416592
COc1ccccc1-c1cc2c(NC(C)c3ccccc3)ncnc2s1,1,IC50,7.72,1,CHEMBL3416591
COc1ccccc1-c1cc2c(N[C@H](C)c3ccccc3)ncnc2s1,1,IC50,8.05,1,CHEMBL3416447
COc1ccccc1-c1cc2c(NCc3ccccc3)ncnc2s1,1,IC50,7.77,1,CHEMBL3416446
Fc1cccc(COc2ccc(Nc3ncnc4sc(Br)cc34)cc2Cl)c1,1,IC50,6.59,1,CHEMBL3416441
Brc1cc2c(Nc3cccc(OCc4ccccc4)c3)ncnc2s1,0,IC50 (>),5.0,1,CHEMBL3416440
C#Cc1cccc(Nc2ncnc3sc(Br)cc23)c1,1,IC50,7.64,1,CHEMBL3416439
Fc1ccc(Nc2ncnc3sc(Br)cc23)cc1Cl,1,IC50,7.28,1,CHEMBL3416438
Brc1cc2c(Nc3ccccc3)ncnc2s1,1,IC50,7.1,1,CHEMBL3416621
C[C@@H](Nc1ncnc2sc(Br)cc12)c1cccs1,1,IC50,6.38,1,CHEMBL3416620
Brc1cc2c(NCc3cccnc3)ncnc2s1,0,IC50 (>),5.0,1,CHEMBL3416615
C[C@@H](Nc1ncnc2sc(Br)cc12)c1ccc(F)cc1,1,IC50,6.82,1,CHEMBL3416612
CC[C@@H](Nc1ncnc2sc(Br)cc12)c1ccccc1,1,IC50,6.74,1,CHEMBL3416608
COC[C@H](Nc1ncnc2sc(Br)cc12)c1ccccc1,0,IC50 (>),5.0,1,CHEMBL3416607
COC[C@@H](Nc1ncnc2sc(Br)cc12)c1ccccc1,1,IC50,6.58,1,CHEMBL3416606
OCC(Nc1ncnc2sc(Br)cc12)c1ccccc1,1,IC50,7.08,1,CHEMBL3416605
OC[C@H](Nc1ncnc2sc(Br)cc12)c1ccccc1,0,IC50 (>),5.0,1,CHEMBL3416604
OC[C@@H](Nc1ncnc2sc(Br)cc12)c1ccccc1,1,IC50,7.44,1,CHEMBL3416603
CC(Nc1ncnc2sc(Br)cc12)c1ccccc1,1,IC50,6.81,1,CHEMBL3416602
C[C@H](Nc1ncnc2sc(Br)cc12)c1ccccc1,0,IC50 (>),5.0,1,CHEMBL3416601
C[C@@H](Nc1ncnc2sc(Br)cc12)c1ccccc1,1,IC50,7.42,1,CHEMBL3416600
Brc1cc2c(NCc3ccccc3)ncnc2s1,1,IC50,6.62,1,CHEMBL3416599
COc1cc(N2CCN(C)CC2)ccc1Nc1ncc(Cl)c(Oc2cccc(NC(=O)/C(C#N)=C/c3ccc([N+](=O)[O-])cc3)c2)n1,0,IC50 (>),5.0,1,CHEMBL3425657
COc1cc(N2CCN(C)CC2)ccc1Nc1ncc(Cl)c(Oc2cccc(NC(=O)/C(C#N)=C/c3ccc(N(C)C)cc3)c2)n1,0,IC50 (>),5.0,3,CHEMBL3425659
COc1cc(N2CCN(C)CC2)ccc1Nc1ncc(Cl)c(Oc2cccc(NC(=O)/C(C#N)=C/C3CCCC3)c2)n1,0,IC50 (>),5.0,1,CHEMBL3425667
COc1cc(N2CCN(C)CC2)ccc1Nc1ncc(Cl)c(Oc2cccc(NC(=O)/C(=C/c3ccc(F)cc3)C(F)(F)F)c2)n1,0,IC50 (>),5.0,2,CHEMBL3425668
COc1cc(N2CCN(C)CC2)ccc1Nc1ncc(Cl)c(Oc2cccc(NC(=O)/C(=C/c3ccc(N(C)C)cc3)C(F)(F)F)c2)n1,0,IC50 (>),5.0,1,CHEMBL3425669
COc1ccc(/C=C(/C(=O)Nc2cccc(Oc3nc(Nc4ccc(N5CCN(C)CC5)cc4OC)ncc3Cl)c2)C(F)(F)F)cc1,0,IC50 (>),5.0,2,CHEMBL3425670
COc1cc(N2CCN(C)CC2)ccc1Nc1ncc(Cl)c(Oc2cccc(NC(=O)/C(C#N)=C/c3ccc(F)cc3)c2)n1,1,IC50,6.92,2,CHEMBL3425655
COc1cc(N2CCN(C)CC2)ccc1Nc1ncc(Cl)c(Oc2cccc(NC(=O)/C(C#N)=C/c3ccc(SC)cc3)c2)n1,1,IC50,6.29,2,CHEMBL3425656
COc1cc(N2CCN(C)CC2)ccc1Nc1ncc(Cl)c(Oc2cccc(NC(=O)/C(C#N)=C/c3ccncc3)c2)n1,1,IC50,7.43,2,CHEMBL3425661
COc1cc(N2CCN(C)CC2)ccc1Nc1ncc(Cl)c(Oc2cccc(NC(=O)/C(C#N)=C/C3CC3)c2)n1,1,IC50,7.08,2,CHEMBL3425664
COc1cc(N2CCN(C)CC2)ccc1Nc1ncc(Cl)c(Oc2cccc(NC(=O)/C=C/C3CC3)c2)n1,1,IC50,6.08,1,CHEMBL3425672
O=C1N=C(N2CCC[C@H]2C(=O)Nc2ccc3ncnc(Nc4cccc(Cl)c4)c3c2)S/C1=C/c1ccc(-c2ccccc2)cc1,0,IC50,4.88,1,CHEMBL3586189
O=C1N=C(N2CCC[C@H]2C(=O)Nc2ccc3ncnc(Nc4cccc(Cl)c4)c3c2)S/C1=C/c1ccc(Br)s1,0,IC50,4.5,1,CHEMBL3586175
COc1cc2c(Oc3ccc(NC(=O)c4[nH]c(=O)n(-c5ccccc5Cl)c4C)cc3F)ccnc2cc1OCCCN1CCN(C)CC1,0,IC50 (>),4.0,1,CHEMBL3594105
C=CC(=O)Nc1cccc(CNc2nc(Nc3ccc(N4CCN(C)CC4)cc3OC)ncc2Cl)c1,1,IC50,6.39,1,CHEMBL3601223
Cc1cc(Nc2cc(N3CCN(C)CC3)nc(Oc3ccccc3[N+](=O)[O-])n2)n[nH]1,0,IC50 (>),5.0,1,CHEMBL3604926
Cc1cc(Nc2cc(N3CCN(C)CC3)nc(Oc3cccc(N)c3)n2)n[nH]1,0,IC50 (>),5.0,2,CHEMBL3604929
Cc1cc(Nc2cc(N3CCN(C)CC3)nc(Oc3ccc(N)cc3)n2)n[nH]1,0,IC50 (>),5.0,1,CHEMBL3604930
CCC(=O)Nc1cccc(Oc2nccc(Nc3cc(C)[nH]n3)n2)c1,0,IC50 (>),5.0,3,CHEMBL3604932
C=CC(=O)Nc1cccc(Oc2nc(Nc3cc[nH]n3)cc(N3CCN(C)CC3)n2)c1,0,IC50 (>),5.0,1,CHEMBL3604933
CCC(=O)Nc1cccc(Oc2nc(Nc3cc[nH]n3)cc(N3CCN(C)CC3)n2)c1,0,IC50 (>),5.0,3,CHEMBL3604934
CCC(=O)Nc1cccc(Oc2nc(Nc3n[nH]c4ccccc34)cc(N3CCN(C)CC3)n2)c1,0,IC50 (>),5.0,2,CHEMBL3604938
C=CC(=O)Nc1cc(Nc2nccc(-c3cn(C)c4ccccc34)n2)c(OC)cc1N1CCN(C)CC1,1,IC50,9.0,4,CHEMBL3604943
C=CC(=O)Nc1cccc(Nc2nc(Nc3ccc(N4CCN(C(C)=O)CC4)cc3OC)ncc2C(F)(F)F)c1,1,IC50,8.89,67,CHEMBL3545308
CCC(=O)Nc1ccc(-c2nc(Nc3cc[nH]n3)c3ccccc3n2)cc1,0,IC50 (>),5.0,3,CHEMBL3604916
C=CC(=O)Nc1cc(Nc2cc[nH]n2)nc(-c2ccccc2)n1,1,IC50,6.52,3,CHEMBL3604917
CCC(=O)Nc1cc(Nc2cc[nH]n2)nc(-c2ccccc2)n1,0,IC50 (>),5.0,2,CHEMBL3604918
C=CC(=O)Nc1ccccc1Oc1nc(Nc2cc(C)[nH]n2)cc(N2CCN(C)CC2)n1,1,IC50,6.22,2,CHEMBL3604920
CCC(=O)Nc1ccccc1Oc1nc(Nc2cc(C)[nH]n2)cc(N2CCN(C)CC2)n1,0,IC50 (>),5.0,3,CHEMBL3604923
CCC(=O)Nc1cccc(Oc2nc(Nc3cc(C)[nH]n3)cc(N3CCN(C)CC3)n2)c1,0,IC50 (>),5.0,2,CHEMBL3604924
CCC(=O)Nc1ccccc1-c1nc(Nc2cc[nH]n2)c2ccccc2n1,0,IC50 (>),5.0,3,CHEMBL3604914
C=CC(=O)Nc1ccc(-c2nc(Nc3cc[nH]n3)c3ccccc3n2)cc1,0,IC50 (>),5.0,3,CHEMBL3604913
C=CC(=O)Nc1ccccc1-c1nc(Nc2cc[nH]n2)c2ccccc2n1,0,IC50 (>),5.0,1,CHEMBL3604911
CCC(=O)Nc1ccc2c(Nc3cc[nH]n3)nc(-c3ccccc3)nc2c1,0,IC50 (>),5.0,1,CHEMBL3604910
C=CC(=O)Nc1ccc2c(Nc3cc[nH]n3)nc(-c3ccccc3)nc2c1,0,IC50 (>),5.0,1,CHEMBL1232944
C=CC(=O)Nc1cccc(-c2nc(Nc3n[nH]c4ccccc34)cc(N3CCN(C)CC3)n2)c1,0,IC50 (>),5.0,1,CHEMBL3604942
C=CC(=O)Nc1cccc(-c2nccc(Nc3cc(C)[nH]n3)n2)c1,0,IC50 (>),5.0,1,CHEMBL3604919
C=CC(=O)Nc1cccc(-c2nc(Nc3cc[nH]n3)c3ccccc3n2)c1,1,IC50,7.0,2,CHEMBL3604912
C=CC(=O)Nc1cccc(Oc2nc(Nc3n[nH]c4ccccc34)cc(N3CCN(C)CC3)n2)c1,1,IC50,7.16,4,CHEMBL3604937
C=CC(=O)Nc1cccc(Oc2nc(Nc3n[nH]c4ccc(Br)cc34)cc(N3CCN(C)CC3)n2)c1,1,IC50,6.52,2,CHEMBL3604940
C=CC(=O)Nc1cccc(Oc2nc(Nc3n[nH]c4ccccc34)cc(N3CCN(C(C)=O)CC3)n2)c1,1,IC50,6.7,2,CHEMBL3604941
CCC(=O)Nc1cccc(-c2nc(Nc3cc[nH]n3)c3ccccc3n2)c1,1,IC50,6.4,1,CHEMBL3604915
Cc1cc(Nc2cc(N3CCN(C)CC3)nc(Oc3cccc([N+](=O)[O-])c3)n2)n[nH]1,1,IC50,6.22,1,CHEMBL3604927
Cc1cc(Nc2cc(N3CCN(C)CC3)nc(Oc3ccc(NC(=O)/C=C/CN(C)C)cc3)n2)n[nH]1,0,IC50 (>),5.0,1,CHEMBL3604935
CN(C)C/C=C/C(=O)Nc1cccc(Oc2nc(Nc3n[nH]c4ccccc34)cc(N3CCN(C)CC3)n2)c1,1,IC50,6.16,1,CHEMBL3604939
NC(=O)c1cc(F)cc2c1C(=O)N(C1CCN(C3CCC(F)(F)CC3)CC1)C2,0,IC50 (>),5.0,1,CHEMBL3606021
C=CC(=O)N[C@H]1CCN(c2nc(Nc3ccc(N4CCN(C)CC4)cc3)c3ncn(CCO)c3n2)C1,1,IC50,8.15,3,CHEMBL3608431
C=CC(=O)N1C[C@@H]2CN(c3nc(Nc4ccc(N5CCN(C)CC5)cc4)c4ncn(C(C)C)c4n3)C[C@@H]2C1,1,IC50,8.1,5,CHEMBL3608430
C=CC(=O)N[C@@H]1CN(c2nc(Nc3cnn(C)c3)c3ncn(C(C)C)c3n2)C[C@H]1F,1,IC50,8.7,6,CHEMBL3608429
C=CC(=O)N[C@@H]1CN(c2nc(Nc3cn(CC)nc3OC)c3ncn(C)c3n2)C[C@H]1F,1,IC50,9.0,5,CHEMBL3608434
C=CC(=O)N[C@@H]1CN(c2nc(Nc3cn(C4CCN(C)C4)nc3OC)c3ncn(C(C)C)c3n2)C[C@H]1F,1,IC50,8.7,5,CHEMBL3608433
CCOC(=O)CCCn1c(=O)oc2cc3ncnc(Nc4ccc(OCc5nccc(OCC(F)(F)F)c5C)cc4)c3cc21,1,IC50,6.11,1,CHEMBL3612585
CCOC(=O)CCCn1c(=O)oc2cc3ncnc(Nc4ccc(OC)c(OC)c4)c3cc21,0,IC50 (>),5.0,1,CHEMBL3612586
CCOC(=O)CCCn1c(=O)oc2cc3ncnc(Nc4cc(C(=O)OCC)ccc4O)c3cc21,1,IC50,8.14,1,CHEMBL3612587
CCOC(=O)CCCn1c(=O)oc2cc3ncnc(Nc4ccc(C)cc4)c3cc21,0,IC50 (>),5.0,1,CHEMBL3612588
CCOC(=O)CCCn1c(=O)oc2cc3ncnc(Nc4ccc(OCC)cc4)c3cc21,0,IC50 (>),5.0,1,CHEMBL3612589
CCOC(=O)CCCn1c(=O)oc2cc3ncnc(Nc4ccc5[nH]ncc5c4)c3cc21,1,IC50,6.89,1,CHEMBL3612590
CCOC(=O)CCCn1c(=O)oc2cc3ncnc(Nc4ccc(F)c(F)c4)c3cc21,1,IC50,6.85,1,CHEMBL3612592
CCOC(=O)CCCn1c(=O)oc2cc3ncnc(Nc4ccc(OCc5ccc(Cl)cc5)c(Cl)c4)c3cc21,1,IC50,7.28,1,CHEMBL3612593
CCOC(=O)CCCn1c(=O)oc2cc3ncnc(Nc4ccc(O)cc4)c3cc21,1,IC50,7.7,1,CHEMBL3612594
CCOC(=O)CCCn1c(=O)oc2cc3ncnc(Nc4cccc(O)c4)c3cc21,1,IC50,8.06,1,CHEMBL3612595
CCOC(=O)CCCn1c(=O)oc2cc3ncnc(Nc4ccc(OC(C)C)cc4)c3cc21,1,IC50,6.8,1,CHEMBL3612596
CCOC(=O)CCCn1c(=O)oc2cc3ncnc(Nc4ccc(C(C)(C)C)cc4)c3cc21,0,IC50 (>),5.0,1,CHEMBL3612073
CCOC(=O)CCCn1c(=O)oc2cc3ncnc(Nc4ccc(C(=O)OCc5ccc(C#N)cc5)cc4)c3cc21,0,IC50 (>),5.0,1,CHEMBL3612597
CCOC(=O)CCCn1c(=O)oc2cc3ncnc(Nc4ccc(C(=O)OCc5ccc(Cl)cc5)cc4)c3cc21,1,IC50,6.18,1,CHEMBL3612598
C=CC(=O)Nc1ccc2ncnc(Nc3cc(F)c(Cl)c(Cl)c3)c2c1,1,IC50,10.43,1,CHEMBL3613702
COCCn1c(=O)oc2cc3ncnc(Nc4ccc(F)c(Cl)c4)c3cc21,1,IC50,6.33,1,CHEMBL3612561
C#Cc1cccc(Nc2ncnc3cc4oc(=O)n(CCOC)c4cc23)c1,1,IC50,6.72,1,CHEMBL3612562
COCCn1c(=O)oc2cc3ncnc(Nc4ccc(F)c(F)c4)c3cc21,1,IC50,7.58,1,CHEMBL3612563
COCCn1c(=O)oc2cc3ncnc(Nc4ccc(C(C)(C)C)cc4)c3cc21,0,IC50 (>),5.0,1,CHEMBL3612565
COCCn1c(=O)oc2cc3ncnc(Nc4ccc(Cl)cc4)c3cc21,0,IC50 (>),5.0,1,CHEMBL3612566
COCCn1c(=O)oc2cc3ncnc(Nc4ccc(OCc5nccc(OCC(F)(F)F)c5C)cc4)c3cc21,1,IC50,6.47,1,CHEMBL3612567
COCCn1c(=O)oc2cc3ncnc(Nc4cccc(OC(C)C)c4)c3cc21,0,IC50 (>),5.0,1,CHEMBL3612568
COCCn1c(=O)oc2cc3ncnc(Nc4ccc(S(N)(=O)=O)cc4)c3cc21,0,IC50 (>),5.0,1,CHEMBL3612569
COCCn1c(=O)oc2cc3ncnc(Nc4cccc(C(C)=O)c4)c3cc21,1,IC50,6.25,1,CHEMBL3612570
CCOC(=O)c1ccc(O)c(Nc2ncnc3cc4oc(=O)n(CCOC)c4cc23)c1,1,IC50,6.36,1,CHEMBL3612573
CCOC(=O)CCCn1c(=O)oc2cc3ncnc(Nc4ccccc4)c3cc21,0,IC50 (>),5.0,1,CHEMBL3612576
CCOC(=O)CCCn1c(=O)oc2cc3ncnc(NCc4ccccc4)c3cc21,0,IC50 (>),5.0,1,CHEMBL3612577
CCOC(=O)CCCn1c(=O)oc2cc3ncnc(Nc4ccc(OCc5ccccc5)c(Cl)c4)c3cc21,0,IC50 (>),5.0,1,CHEMBL3612579
CCOC(=O)CCCn1c(=O)oc2cc3ncnc(Nc4ccc(OCc5ccc(OC)cc5)c(Cl)c4)c3cc21,0,IC50 (>),5.0,1,CHEMBL3612581
CCOC(=O)CCCn1c(=O)oc2cc3ncnc(Nc4ccc(S(N)(=O)=O)cc4)c3cc21,0,IC50 (>),5.0,1,CHEMBL3612582
CCOC(=O)CCCn1c(=O)oc2cc3ncnc(N[C@@H](C)c4ccccc4)c3cc21,0,IC50 (>),5.0,1,CHEMBL3612583
CCOC(=O)CCCn1c(=O)oc2cc3ncnc(N[C@H](C)c4ccccc4)c3cc21,0,IC50 (>),5.0,1,CHEMBL3612584
CN(C)CCCNC(=O)c1csc2nc(-c3ccc(NC(=O)Nc4cc(C(C)(C)C)on4)cc3)cn12,0,IC50 (>),5.0,1,CHEMBL3623375
C=CC(=O)Nc1cc2c(Nc3ccc(OCc4cccc(F)c4)c(Cl)c3)ncnc2cc1OCCOC,1,IC50,6.99,1,CHEMBL3621220
C#Cc1cccc(Nc2ncnc3cc(OCCOC)c(NC(=O)C=C)cc23)c1,1,IC50,8.74,1,CHEMBL3622617
C=CC(=O)Nc1cc2c(Nc3ccc(NC(=O)C=C)c(C(F)(F)F)c3)ncnc2cc1OCCOC,1,IC50,6.94,1,CHEMBL3622619
C=CC(=O)Nc1cc2c(Nc3ccc(F)c(C#N)c3)ncnc2cc1OCCOC,1,IC50,6.71,1,CHEMBL3622620
C=CC(=O)Nc1cc2c(Nc3ccc(OCc4cccc(F)c4)c(Cl)c3)ncnc2cc1O[C@H]1CCOC1,1,IC50,6.25,1,CHEMBL3622621
C=CC(=O)Nc1cc2c(Nc3ccc(OCc4cccc(F)c4)cc3)ncnc2cc1O[C@H]1CCOC1,1,IC50,7.14,1,CHEMBL3622622
C#Cc1cccc(Nc2ncnc3cc(O[C@H]4CCOC4)c(NC(=O)/C=C/CNC(C)C)cc23)c1,1,IC50,8.19,1,CHEMBL3622679
C#Cc1cccc(Nc2ncnc3cc(OCC)c(NC(=O)/C=C/CNC4CC4)cc23)c1,1,IC50,8.38,1,CHEMBL3622678
C#Cc1cccc(Nc2ncnc3cc(OC)c(NC(=O)/C=C/CNC4CC4)cc23)c1,1,IC50,8.1,1,CHEMBL3622677
C#Cc1cccc(Nc2ncnc3cc(O[C@H]4CCOC4)c(NC(=O)/C=C/CNC4CC4)cc23)c1,1,IC50,8.25,1,CHEMBL3622676
C#Cc1cccc(Nc2ncnc3cc(OCC)c(NC(=O)/C=C/CN(C)C4CC4)cc23)c1,1,IC50,8.62,1,CHEMBL3622675
C#Cc1cccc(Nc2ncnc3cc(OC)c(NC(=O)/C=C/CN(C)C4CC4)cc23)c1,1,IC50,8.48,1,CHEMBL3622674
C#Cc1cccc(Nc2ncnc3cc(OCC)c(NC(=O)/C=C/CN4CCCCC4)cc23)c1,1,IC50,8.21,1,CHEMBL3622673
C#Cc1cccc(Nc2ncnc3cc(OC)c(NC(=O)/C=C/CN4CCCCC4)cc23)c1,1,IC50,8.57,2,CHEMBL3622672
C#Cc1cccc(Nc2ncnc3cc(O[C@H]4CCOC4)c(NC(=O)/C=C/CN4CCCCC4)cc23)c1,1,IC50,8.28,1,CHEMBL3622671
CC(C)NC/C=C/C(=O)Nc1cc2c(Nc3ccc(F)c(Cl)c3)ncnc2cc1O[C@H]1CCOC1,1,IC50,8.15,1,CHEMBL3622670
COc1cc2ncnc(Nc3ccc(F)c(Cl)c3)c2cc1NC(=O)/C=C/CNC1CC(F)(F)C1,1,IC50,6.85,1,CHEMBL3622669
O=C(/C=C/CNC1CC1)Nc1cc2c(Nc3ccc(F)c(Cl)c3)ncnc2cc1OCC(F)(F)F,1,IC50,8.16,1,CHEMBL3622668
O=C(/C=C/CNC1CC1)Nc1cc2c(Nc3ccc(F)c(Cl)c3)ncnc2cc1OC(F)F,1,IC50,8.02,1,CHEMBL3622667
O=C(/C=C/CNC1CC1)Nc1cc2c(Nc3ccc(F)c(Cl)c3)ncnc2cc1O[C@H]1CCOC1,1,IC50,8.19,1,CHEMBL3622666
COc1cc2ncnc(Nc3ccc(F)c(Cl)c3)c2cc1NC(=O)/C=C/CNC1CC1,1,IC50,8.68,1,CHEMBL3622665
CCOc1cc2ncnc(Nc3ccc(F)c(Cl)c3)c2cc1NC(=O)/C=C/CNC1CC1,1,IC50,9.05,1,CHEMBL3622664
COCCOc1cc2ncnc(Nc3ccc(F)c(Cl)c3)c2cc1NC(=O)/C=C/CN1CC[S+]([O-])CC1,1,IC50,6.45,1,CHEMBL3622659
O=C(/C=C/CN1CC[S+]([O-])CC1)Nc1cc2c(Nc3ccc(F)c(Cl)c3)ncnc2cc1O[C@H]1CCOC1,1,IC50,6.96,1,CHEMBL3622658
CCOc1cc2ncnc(Nc3ccc(F)c(Cl)c3)c2cc1NC(=O)/C=C/CN(C)C1CC1,1,IC50,8.26,1,CHEMBL3622655
COCCOc1cc2ncnc(Nc3ccc(F)c(Cl)c3)c2cc1NC(=O)/C=C/CN(C)C1CC1,1,IC50,8.05,1,CHEMBL3622654
COc1cc2ncnc(Nc3ccc(F)c(Cl)c3)c2cc1NC(=O)/C=C/CN(C)C1CC1,1,IC50,7.57,1,CHEMBL3622653
O=C1CCN(C/C=C/C(=O)Nc2cc3c(Nc4ccc(F)c(Cl)c4)ncnc3cc2O[C@H]2CCOC2)CC1,1,IC50,6.28,1,CHEMBL3622652
COCCOc1cc2ncnc(Nc3ccc(F)c(Cl)c3)c2cc1NC(=O)/C=C/CN1CCCCC1,1,IC50,8.68,1,CHEMBL3622651
O=C(/C=C/CN1CCCCC1)Nc1cc2c(Nc3ccc(F)c(Cl)c3)ncnc2cc1O[C@H]1CCOC1,1,IC50,8.28,1,CHEMBL3622650
C#Cc1cccc(Nc2ncnc3cc(OC4CCN(C)CC4)c(NC(=O)/C=C/CN(C)C)cc23)c1,1,IC50,8.09,1,CHEMBL3622649
C#Cc1cccc(Nc2ncnc3cc(OC4CCOCC4)c(NC(=O)/C=C/CN(C)C)cc23)c1,1,IC50,8.22,1,CHEMBL3622648
CN(C)C/C=C/C(=O)Nc1cc2c(Nc3ccc(F)c(C#N)c3)ncnc2cc1O[C@H]1CCOC1,1,IC50,6.83,1,CHEMBL3622647
C#Cc1cccc(Nc2ncnc3cc(O[C@H]4CCOC4)c(NC(=O)/C=C/CN(C)C)cc23)c1,1,IC50,8.92,2,CHEMBL3622645
CN(C)C/C=C/C(=O)Nc1cc2c(Nc3ccc(OCc4ccccn4)cc3)ncnc2cc1O[C@H]1CCOC1,1,IC50,8.05,1,CHEMBL3622644
CN(C)C/C=C/C(=O)Nc1cc2c(Nc3ccc(OCc4ccccn4)c(Cl)c3)ncnc2cc1O[C@H]1CCOC1,1,IC50,8.09,1,CHEMBL3622643
CN(C)C/C=C/C(=O)Nc1cc2c(Nc3ccc(OCc4cccc(F)c4)cc3)ncnc2cc1O[C@H]1CCOC1,1,IC50,6.87,1,CHEMBL3622642
CN(C)C/C=C/C(=O)Nc1cc2c(Nc3ccc(OCc4cccc(F)c4)c(Cl)c3)ncnc2cc1O[C@H]1CCOC1,1,IC50,6.29,1,CHEMBL3622641
COCCOc1cc2ncnc(Nc3ccc(Br)cc3F)c2cc1NC(=O)/C=C/CN(C)C,1,IC50,8.52,1,CHEMBL3622640
COCCOc1cc2ncnc(Nc3ccc(F)c(Cl)c3)c2cc1NC(=O)/C=C/CN(C)C,1,IC50,8.92,1,CHEMBL3622639
COCCOc1cc2ncnc(Nc3ccc(OCc4ccccn4)cc3)c2cc1NC(=O)/C=C/CN(C)C,1,IC50,8.0,1,CHEMBL3622638
COCCOc1cc2ncnc(Nc3ccc(OCc4ccccn4)c(Cl)c3)c2cc1NC(=O)/C=C/CN(C)C,1,IC50,8.27,1,CHEMBL3622637
COCCOc1cc2ncnc(Nc3ccc(OCc4cccc(F)c4)cc3)c2cc1NC(=O)/C=C/CN(C)C,1,IC50,7.04,1,CHEMBL3622636
COCCOc1cc2ncnc(Nc3ccc(NC(=O)/C=C/CN(C)C)c(C(F)(F)F)c3)c2cc1NC(=O)/C=C/CN(C)C,1,IC50,6.99,1,CHEMBL3622634
COCCOc1cc2ncnc(Nc3ccc(Cl)c(C(F)(F)F)c3)c2cc1NC(=O)/C=C/CN(C)C,1,IC50,6.24,1,CHEMBL3622633
C#Cc1cccc(Nc2ncnc3cc(OCCOC)c(NC(=O)/C=C/CN(C)C)cc23)c1,1,IC50,8.92,1,CHEMBL3622632
C=CC(=O)Nc1cc2c(Nc3ccc(Br)cc3F)ncnc2cc1O[C@H]1CCOC1,1,IC50,6.92,1,CHEMBL3622630
C=CC(=O)Nc1cc2c(Nc3ccc(F)c(Cl)c3)ncnc2cc1O[C@H]1CCOC1,1,IC50,8.24,1,CHEMBL3622629
C=CC(=O)Nc1cc2c(Nc3ccc(F)c(C#N)c3)ncnc2cc1O[C@H]1CCOC1,1,IC50,6.78,1,CHEMBL3622628
C=CC(=O)Nc1cc2c(Nc3ccc(Cl)c(C(F)(F)F)c3)ncnc2cc1O[C@H]1CCOC1,1,IC50,6.98,1,CHEMBL3622626
C#Cc1cccc(Nc2ncnc3cc(O[C@H]4CCOC4)c(NC(=O)C=C)cc23)c1,1,IC50,7.49,1,CHEMBL3622625
C=CC(=O)Nc1cc2c(Nc3ccc(OCc4ccccn4)cc3)ncnc2cc1O[C@H]1CCOC1,1,IC50,7.0,1,CHEMBL3622624
C=CC(=O)Nc1cc2c(Nc3ccc(OCc4ccccn4)c(Cl)c3)ncnc2cc1O[C@H]1CCOC1,1,IC50,6.87,1,CHEMBL3622623
COc1cc2ncnc(Nc3cccc(Cl)c3F)c2cc1CN1CCOCC1,1,IC50,8.42,2,CHEMBL3623278
COc1cc2ncnc(Nc3cccc(Cl)c3F)c2cc1N1CCOCC1,1,IC50,8.82,1,CHEMBL3623279
COc1cc2ncnc(Nc3cccc(Cl)c3F)c2cc1C(=O)N1CCOCC1,1,IC50,6.78,1,CHEMBL3623280
COc1cc2ncnc(Nc3cccc(Cl)c3F)c2cc1OC(=O)N1CCOCC1,1,IC50,8.39,1,CHEMBL3623281
COc1cc2ncnc(Nc3cccc(Cl)c3F)c2cc1OC(=O)N1CCN(C)CC1,1,IC50,8.3,1,CHEMBL3623282
COc1cc2ncnc(Nc3ccc(F)c(Cl)c3)c2cc1N1CCOCC1,1,IC50,8.82,1,CHEMBL3623283
COc1cc2ncnc(Nc3cccc(Cl)c3F)c2cc1OC(=O)N1CC[C@@H](N(C)C)C1,1,IC50,8.96,1,CHEMBL3623284
COc1cc2ncnc(Nc3cccc(Cl)c3F)c2cc1OC(=O)N1CC[C@H](N(C)C)C1,1,IC50,8.57,1,CHEMBL3623285
COc1cc2ncnc(Nc3cccc(Cl)c3F)c2cc1OC(=O)N1C[C@@H]2C[C@H]1CN2C,1,IC50,8.64,1,CHEMBL3623286
COc1cc2ncnc(Nc3cccc(Cl)c3F)c2cc1OC(=O)N1CCN(C)C2CC21,1,IC50,8.36,2,CHEMBL3623287
COc1cc2ncnc(Nc3cccc(Cl)c3F)c2cc1OC(=O)N1CCN(C)[C@@H](C)C1,1,IC50,7.77,1,CHEMBL3623288
COc1cc2ncnc(Nc3cccc(Cl)c3F)c2cc1OC(=O)N1CCN(C)[C@H](C)C1,1,IC50,7.67,1,CHEMBL3623289
COc1cc2ncnc(Nc3cccc(Cl)c3F)c2cc1OC(=O)N1CCN(C)C[C@H]1C,1,IC50,9.7,9,CHEMBL3623290
COc1cc2ncnc(Nc3cccc(Cl)c3F)c2cc1OC(=O)N1CCN(C)C[C@@H]1C,1,IC50,8.16,1,CHEMBL3623291
COc1ccc(Nc2ncc3c(n2)-c2ccc(Cl)cc2SC3)cc1,0,IC50,4.67,1,CHEMBL3628817
Clc1ccc(Nc2ncc3c(n2)-c2ccc(Cl)cc2SC3)cc1,0,IC50,4.34,1,CHEMBL3628818
Clc1ccc2c(c1)SCc1cnc(Nc3ccccc3)nc1-2,0,IC50,4.67,1,CHEMBL3628816
Cc1ccccc1Cn1nnc2c1C(=O)c1ccccc1C2=O,0,IC50 (>),5.0,1,CHEMBL1442185
CN1CCN(C(=O)c2cccc(Cn3nnc4c3C(=O)c3ccccc3C4=O)c2)CC1,0,IC50 (>),5.0,1,CHEMBL3628599
Fc1ccc(Nc2ncnc3ccccc23)cc1Cl,1,IC50,7.52,1,CHEMBL1688539
CCOC(=O)Nc1ccc(Nc2ncnc3ccccc23)cc1C,0,IC50 (>),5.0,1,CHEMBL3628793
CCOC(=O)Nc1ccc(Nc2ncnc3sccc23)cc1C,0,IC50 (>),5.0,1,CHEMBL3628794
CCOC(=O)Nc1ccc(Nc2ncnc3sc4c(c23)CCCC4)cc1C,0,IC50 (>),5.0,1,CHEMBL3628795
O=C(Nc1ccc(Nc2ncnc3ccccc23)cc1)Nc1cccc(Br)c1,0,IC50 (>),5.0,1,CHEMBL3628797
O=C(Nc1ccc(Nc2ncnc3sccc23)cc1)Nc1cccc(Br)c1,0,IC50 (>),5.0,1,CHEMBL3628798
Fc1ccc(Oc2ncnc3ccccc23)cc1Cl,1,IC50,6.23,1,CHEMBL3628800
Fc1ccc(Oc2ncnc3sccc23)cc1Cl,0,IC50 (>),5.0,1,CHEMBL3628801
Fc1ccc(Oc2ncnc3sc4c(c23)CCCC4)cc1Cl,0,IC50 (>),5.0,1,CHEMBL3628802
CCOC(=O)Nc1ccc(Oc2ncnc3cc(OC)c(OC)cc23)cc1C,0,IC50 (>),5.0,1,CHEMBL3628803
O=C(Nc1ccc(Oc2ncnc3sc4c(c23)CCCC4)cc1)Nc1cccc(Br)c1,0,IC50 (>),5.0,1,CHEMBL3628811
O=C(Nc1cccc(Br)c1)Nc1ccc(Oc2ncnc3sccc23)cc1Cl,0,IC50 (>),5.0,1,CHEMBL3628810
Cc1cc(Oc2ncnc3sccc23)ccc1NC(=O)Nc1cccc(Br)c1,0,IC50 (>),5.0,1,CHEMBL3628809
O=C(Nc1ccc(Oc2ncnc3sccc23)cc1)Nc1cccc(Br)c1,0,IC50 (>),5.0,1,CHEMBL3628808
O=C(Nc1ccc(Oc2ncnc3ccccc23)cc1)Nc1cccc(Br)c1,0,IC50 (>),5.0,1,CHEMBL3628807
COc1cc2ncnc(Oc3ccc(NC(=O)Nc4cccc(Br)c4)c(Cl)c3)c2cc1OC,0,IC50 (>),5.0,1,CHEMBL3628806
CCOC(=O)Nc1ccc(Oc2ncnc3sccc23)cc1C,0,IC50 (>),5.0,1,CHEMBL3628805
CCOC(=O)Nc1ccc(Oc2ncnc3ccccc23)cc1C,0,IC50 (>),5.0,1,CHEMBL3628804
C=CC(=O)Nc1cc(Nc2cncc(-c3cn(C)c4ccccc34)n2)c(OC)cc1N(C)CCN(C)C,1,IC50,8.22,3,CHEMBL3633141
C=CC(=O)Nc1cccc(-n2c(=O)ccc3cnc(Nc4ccc(N5CCN(C)CC5)cc4OC)nc32)c1,1,IC50,9.3,7,CHEMBL3633142
C=CC(=O)Nc1cccc(-n2c(=O)cc(C)c3cnc(Nc4ccc(N5CCN(C)CC5)cc4OC)nc32)c1,1,IC50,9.1,10,CHEMBL3633143
C=CC(=O)Nc1cccc(-n2c(=O)cc(C)c3cnc(Nc4ccc(N(C)CCN(C)C)cc4OC)nc32)c1,1,IC50,8.22,3,CHEMBL3633151
C=CC(=O)Nc1cccc(-n2c(=O)cc(C)c3cnc(Nc4ccc(OCCN(C)C)cc4OC)nc32)c1,1,IC50,8.4,4,CHEMBL3633152
CCNC(=O)Nc1ccc(C(=O)Nc2ccc3ncnc(Nc4ccc(F)c(Cl)c4)c3c2)cc1,1,IC50,7.51,1,CHEMBL3633941
NC(=O)Nc1ccc(C(=O)Nc2ccc3ncnc(Nc4ccc(F)c(Cl)c4)c3c2)cc1,1,IC50,8.05,1,CHEMBL3633940
N#CC(C#N)=CNc1ccc2ncnc(Nc3ccc(OCc4cccc(F)c4)c(Cl)c3)c2c1,1,IC50,6.35,1,CHEMBL3633938
N#CC(C#N)=CNc1ccc2ncnc(Nc3ccc(Oc4ccc(Cl)c(Cl)c4)c(Cl)c3)c2c1,0,IC50 (>),5.0,1,CHEMBL3633937
CCOC(=O)C(=CNc1ccc2ncnc(Nc3ccc(OCc4cccc(F)c4)c(Cl)c3)c2c1)C(=O)OCC,1,IC50,6.09,1,CHEMBL3633936
CCOC(=O)C(=CNc1ccc2ncnc(Nc3ccc(Oc4ccc(Cl)c(Cl)c4)c(Cl)c3)c2c1)C(=O)OCC,0,IC50 (>),5.0,1,CHEMBL3633935
CCOC(=O)C(=CNc1ccc2ncnc(Nc3ccc(Oc4cccc(C(F)(F)F)c4)c(Cl)c3)c2c1)C(=O)OCC,1,IC50,7.64,1,CHEMBL3633934
CCNC(=O)Nc1ccc2ncnc(Nc3ccc(OCc4ccccn4)c(Cl)c3)c2c1,1,IC50,6.64,1,CHEMBL3633933
CCNC(=O)Nc1ccc2ncnc(Nc3ccc(OCc4cccc(F)c4)c(Cl)c3)c2c1,1,IC50,7.46,1,CHEMBL3633932
CCNC(=O)Nc1ccc2ncnc(Nc3ccc(Oc4ccc(Cl)c(Cl)c4)c(Cl)c3)c2c1,0,IC50 (>),5.0,1,CHEMBL3633931
CCNC(=O)Nc1ccc2ncnc(Nc3ccc(Oc4cccc(C(F)(F)F)c4)c(Cl)c3)c2c1,1,IC50,7.54,1,CHEMBL3633930
CC(=O)Nc1ccc2ncnc(Nc3ccc(OCc4ccccn4)c(Cl)c3)c2c1,1,IC50,8.52,1,CHEMBL3633929
NC(=O)Nc1ccc2ncnc(Nc3ccc(OCc4cccc(F)c4)c(Cl)c3)c2c1,1,IC50,8.69,2,CHEMBL3633928
NC(=O)Nc1ccc2ncnc(Nc3ccc(Oc4ccc(Cl)c(Cl)c4)c(Cl)c3)c2c1,1,IC50,6.26,1,CHEMBL3633775
NC(=O)Nc1ccc2ncnc(Nc3ccc(Oc4cccc(C(F)(F)F)c4)c(Cl)c3)c2c1,1,IC50,8.4,1,CHEMBL3633774
CC(C)n1c(Nc2ccccc2)nc2cnc(Nc3ccc(C(=O)N[N+]4=CCN(C)CC4)cc3)nc21,1,IC50,8.52,3,CHEMBL4113919
C=CC(=O)Nc1cccc(Oc2nc(Nc3ccc(N4CCOCC4)cc3OC)ncc2C(F)(F)F)c1,1,IC50,8.26,6,CHEMBL3699581
C=CC(=O)Nc1cccc(Oc2nc(Nc3ccc(N4CCN(C(C)=O)CC4)cc3OC)ncc2C(F)(F)F)c1,1,IC50,8.26,11,CHEMBL3699588
C=CC(=O)Nc1cccc(Nc2nc(Nc3ccc(N4CCCN(C(=O)C(F)(F)F)CC4)cc3OC)ncc2C(F)(F)F)c1,1,IC50,8.26,6,CHEMBL3699595
C=CC(=O)Nc1cccc(Oc2nc(Nc3ccc(N4CCCOCC4)cc3OC)ncc2Cl)c1,1,IC50,8.26,6,CHEMBL3699611
C=CC(=O)Nc1cccc(Nc2nc(Nc3ccc(N4CCN(S(C)(=O)=O)CC4)cc3OC)ncc2Cl)c1,1,IC50,8.26,6,CHEMBL3699615
CC(C)n1c(Nc2ccc(F)c(Cl)c2)nc2cnc(Nc3ccc(C(=O)NN4CCN(C)CC4)cc3F)nc21,1,IC50,8.4,3,CHEMBL3674151
C=CC(=O)Nc1cccc(Nc2nc(Nc3ccc(N4CCN(C(=O)CC)CC4)cc3OC)ncc2C(F)(F)F)c1,1,IC50,8.26,3,CHEMBL3699609
C=CC(=O)Nc1cccc(Nc2nc(Nc3ccc(N4CCN(C(=O)CO)CC4)cc3OC)ncc2Cl)c1,1,IC50,7.7,3,CHEMBL3699590
O=C(/C=C/CN1CCCCC1)Nc1cc2c(Nc3ccc(F)c(Cl)c3)ncnc2cc1OCCCN1CCOCC1,1,IC50,7.95,2,CHEMBL3680375
C=CC(=O)Nc1cccc(Oc2nc(Nc3ccc(N4CCN(C(=O)CC(C)(C)C)CC4)cc3OC)ncc2C(F)(F)F)c1,1,IC50,6.19,6,CHEMBL3699616
CC(C)n1c(Nc2ccc(F)c(Cl)c2)nc2cnc(Nc3ccc(N4CCN(C)CC4)cc3)nc21,1,IC50,8.52,3,CHEMBL3678949
C=CC(=O)Nc1cccc(Nc2ncc3nc(Nc4ccccc4)n(C(C)C)c3n2)c1,1,IC50,9.22,3,CHEMBL3678960
C=CC(=O)Nc1cccc(Oc2nc(Nc3ccc(N4CCN(S(C)(=O)=O)CC4)cc3OC)ncc2Cl)c1,1,IC50,7.7,3,CHEMBL3699601
C=CC(=O)Nc1cccc(Oc2nc(Nc3ccc(N4CCOCC4)cc3OC)ncc2Cl)c1,1,IC50,8.26,8,CHEMBL1643971
O=C(/C=C/CN1CCCCC1)Nc1cc2c(Nc3ccc(F)c(Cl)c3)ncnc2cc1OCC(F)F,1,IC50,8.01,2,CHEMBL3680374
COc1cc2ncnc(Nc3ccc(F)c(Cl)c3)c2cc1NC(=O)/C=C/CN1CCC(F)CC1,1,IC50,7.74,2,CHEMBL3680377
COc1ccc(Nc2nc3cnc(Nc4ccc(N5CCN(C)CC5)cc4)nc3n2C(C)C)cc1,1,IC50,8.3,3,CHEMBL3678953
C=CC(=O)Nc1cccc(Oc2nc(Nc3ccc(N4CCN(C(=O)OC(C)(C)C)CC4)cc3OC)ncc2Cl)c1,1,IC50,6.7,3,CHEMBL3699619
C=CC(=O)Nc1cccc(Oc2nc(Nc3ccc(N4CCN(C(=O)CC(C)(C)C)CC4)cc3OC)ncc2Cl)c1,1,IC50,8.26,6,CHEMBL3699599
C=CC(=O)Nc1cccc(Nc2nc(Nc3ccc(N4CCN(C(=O)C(C)(C)C)CC4)cc3OC)ncc2C(F)(F)F)c1,1,IC50,7.19,3,CHEMBL3699608
C=CC(=O)Nc1cccc(Oc2nc(Nc3ccc(N4CCN(C(=O)C(F)(F)F)CC4)cc3OC)ncc2Cl)c1,1,IC50,8.26,6,CHEMBL3699600
C=CC(=O)Nc1cccc(Nc2nc(Nc3ccc(N4CCN(C(=O)CC(C)(C)C)CC4)cc3OC)ncc2C(F)(F)F)c1,1,IC50,8.26,6,CHEMBL3699618
C=CC(=O)Nc1cccc(Nc2nc(Nc3ccc(N4CCN(C(C)=O)CC4)cc3OC)ncc2Br)c1,1,IC50,8.26,6,CHEMBL3699614
C=CC(=O)Nc1cccc(Oc2nc(Nc3ccc(N4CCN(C(=O)CO)CC4)cc3OC)ncc2C(F)(F)F)c1,1,IC50,7.7,3,CHEMBL3699589
CC(C)n1c(Nc2ccc(C(F)(F)F)cc2)nc2cnc(Nc3ccc(N4CCN(C)CC4)cc3)nc21,1,IC50,8.3,3,CHEMBL3678957
C=CC(=O)Nc1cccc(Nc2nc(Nc3ccc(N4CCN(C(=O)CO)CC4)cc3OC)ncc2C(F)(F)F)c1,1,IC50,8.26,3,CHEMBL3699584
C=CC(=O)Nc1cccc(Nc2nc(Nc3ccc(N4CCN(C(C)=O)CC4)cc3OC(F)(F)F)ncc2C(F)(F)F)c1,1,IC50,8.26,3,CHEMBL3699607
COc1cc2ncnc(Nc3ccc(F)c(Cl)c3)c2cc1NC(=O)/C=C/CN1CCCC(F)C1,1,IC50,7.34,2,CHEMBL3680376
C=CC(=O)Nc1cccc(Oc2nc(Nc3ccc(N4CCCN(C(=O)OC(C)(C)C)CC4)cc3OC)ncc2Cl)c1,1,IC50,8.26,6,CHEMBL3699617
C=CC(=O)Nc1cccc(Nc2nc(Nc3ccc(N4CCN(S(C)(=O)=O)CC4)cc3OC)ncc2C(F)(F)F)c1,1,IC50,7.7,3,CHEMBL3699593
C=CC(=O)Nc1cccc(Nc2nc(Nc3ccc(N4CCOCC4)cc3OC)ncc2C(F)(F)F)c1,1,IC50,7.7,3,CHEMBL3699582
C=CC(=O)Nc1cccc(Oc2nc(Nc3ccc(N4CCN(C(=O)OC)CC4)cc3OC)ncc2C(F)(F)F)c1,1,IC50,8.26,6,CHEMBL3699596
COc1cc(C(=O)NN2CCN(C)CC2)ccc1Nc1ncc2nc(Nc3ccccc3)n(C(C)C)c2n1,1,IC50,9.0,3,CHEMBL3674152
O=C(/C=C/CN1CCCCC1)Nc1cc2c(Nc3ccc(F)c(Cl)c3)ncnc2cc1OCCF,1,IC50,8.19,2,CHEMBL3680373
C=CC(=O)Nc1cccc(Nc2nc(Nc3ccc(N4CCN(C(C)=O)CC4)cc3OC)ncc2Cl)c1,1,IC50,8.26,7,CHEMBL3699586
CC(C)n1c(Nc2ccc(Br)cc2)nc2cnc(Nc3ccc(N4CCN(C)CC4)cc3)nc21,1,IC50,9.0,3,CHEMBL3678950
C=CC(=O)Nc1cccc(Oc2nc(Nc3ccc(N4CCN(C(C)=O)CC4)cc3OC)ncc2Cl)c1,1,IC50,8.26,3,CHEMBL3699587
C=CC(=O)Nc1cccc(Oc2nc(Nc3ccc(N4CCN(S(N)(=O)=O)CC4)cc3OC)ncc2C(F)(F)F)c1,1,IC50,8.26,6,CHEMBL3699602
C=CC(=O)Nc1cccc(Nc2nc(Nc3ccc(N4CCN(C(=O)CO)CC4)cc3OC(F)(F)F)ncc2C(F)(F)F)c1,1,IC50,7.19,3,CHEMBL3639984
C=CC(=O)Nc1cccc(Oc2nc(Nc3ccc(N4CCOCC4)cc3OC(F)F)ncc2C(F)(F)F)c1,1,IC50,7.19,3,CHEMBL3699591
C=CC(=O)Nc1cccc(Oc2nc(Nc3ccc(N4CCOCC4)cc3OC(F)F)ncc2Cl)c1,1,IC50,7.7,3,CHEMBL3699610
C=CC(=O)Nc1cccc(Oc2nc(Nc3ccc(N4CCN(S(C)(=O)=O)CC4)cc3OC)ncc2C(F)(F)F)c1,1,IC50,7.19,3,CHEMBL3699598
C=CC(=O)Nc1cccc(Nc2nc(Nc3ccc(N4CCCN(C(C)=O)CC4)cc3OC)ncc2C(F)(F)F)c1,1,IC50,7.7,3,CHEMBL3699585
C=CC(=O)Nc1cccc(Nc2nc(Nc3ccc(N4CCCN(C(=O)OC(C)(C)C)CC4)cc3OC)ncc2C(F)(F)F)c1,1,IC50,8.26,7,CHEMBL3699613
CC(C)n1c(NC2CCCCC2)nc2cnc(Nc3ccc(N4CCN(C)CC4)cc3)nc21,1,IC50,8.3,3,CHEMBL3678959
C=CC(=O)Nc1cccc(Oc2nc(Nc3ccc(N4CCN(C(=O)OC(C)(C)C)CC4)cc3OCC)ncc2Cl)c1,1,IC50,7.7,3,CHEMBL3699594
C=CC(=O)Nc1cccc(Nc2nc(Nc3ccc(N4CCN(C(C)=O)[C@H](C(=O)OC)C4)cc3OC)ncc2C(F)(F)F)c1,1,IC50,7.7,3,CHEMBL3699621
CC(C)n1c(Nc2ccccc2)nc2cnc(Nc3ccc(C(=O)NN4CCN(C)CC4)cc3F)nc21,1,IC50,9.4,6,CHEMBL3674150
CC(C)n1c(Nc2ccccc2)nc2cnc(Nc3ccc(N4CCN(C)CC4)cc3)nc21,1,IC50,8.3,3,CHEMBL2178351
CC(C)n1c(Nc2cccnc2)nc2cnc(Nc3ccc(N4CCN(C)CC4)cc3)nc21,1,IC50,8.4,3,CHEMBL3678958
C=CC(=O)Nc1cccc(Oc2nc(Nc3ccc(N4CCN(C(=O)OC(C)(C)C)CC4)cc3OC(F)(F)F)ncc2Cl)c1,1,IC50,7.7,3,CHEMBL3699620
COc1cc2ncnc(Nc3ccc(F)c(Cl)c3)c2cc1NC(=O)/C=C/CN1CCCCCC1,1,IC50,7.92,2,CHEMBL3680378
CC(C)n1c(Nc2ccc(OCc3cccc(F)c3)c(Cl)c2)nc2cnc(Nc3ccc(N4CCN(C)CC4)cc3)nc21,1,IC50,8.4,3,CHEMBL3678954
CC(=O)Nc1cccc(Nc2nc3cnc(Nc4ccc(C(=O)N[N+]5=CCN(C)CC5)cc4F)nc3n2C(C)C)c1,1,IC50,7.6,3,CHEMBL4111809
C=CC(=O)Nc1cccc(Nc2nc(Nc3ccc(N4CCCOCC4)cc3OC)ncc2C(F)(F)F)c1,1,IC50,7.7,3,CHEMBL3699612
CC(C)n1c(Nc2ccc(NC(=O)Nc3ccc(F)c(Cl)c3)cc2)nc2cnc(Nc3ccc(N4CCN(C)CC4)cc3)nc21,1,IC50,8.3,3,CHEMBL3678955
COc1cccc(Nc2nc3cnc(Nc4ccc(N5CCN(C)CC5)cc4)nc3n2C(C)C)c1,1,IC50,9.0,3,CHEMBL3678952
C=CC(=O)Nc1cccc(Nc2nc(Nc3ccc(N4CCS(=O)(=O)CC4)cc3OC)ncc2C(F)(F)F)c1,1,IC50,8.26,3,CHEMBL3699622
C=CC(=O)Nc1cccc(Nc2nc(Nc3ccc(N4CCOCC4)cc3OC(F)F)ncc2C(F)(F)F)c1,1,IC50,7.7,3,CHEMBL3699592
CC(C)n1c(Nc2cccc(C(F)(F)F)c2)nc2cnc(Nc3ccc(N4CCN(C)CC4)cc3)nc21,1,IC50,9.0,3,CHEMBL3678951
C=CC(=O)Nc1cccc(Oc2nc(Nc3ccc(N4CCN(C(=O)NC)CC4)cc3OC)ncc2C(F)(F)F)c1,1,IC50,7.7,3,CHEMBL3699597
CN1CCN(c2ccc(Nc3ncc4nc(Nc5ccccc5)n(C5CC5)c4n3)cc2)CC1,1,IC50,8.7,3,CHEMBL2178350
C=CC(=O)Nc1cccc(Nc2nc(Nc3ccc(N4CCN(C(=O)NC)CC4)cc3OC)ncc2C(F)(F)F)c1,1,IC50,8.26,3,CHEMBL3699603
CC(C)n1c(Nc2ccc(C(=O)Nc3cccc(F)c3)cc2)nc2cnc(Nc3ccc(N4CCN(C)CC4)cc3)nc21,1,IC50,8.0,3,CHEMBL3678956
C#Cc1cccc(Nc2nc3cnc(Nc4ccc(N5CCN(C)CC5)cc4)nc3n2C(C)C)c1,1,IC50,8.52,3,CHEMBL3678948
CN1CCN(c2ccc(Nc3ncc4nc(Nc5ccccc5)n(C)c4n3)cc2)CC1,1,IC50,8.52,3,CHEMBL2178349
CC(C)n1c(Nc2ccc(F)c(Cl)c2)nc2cnc(Nc3ccc(C(=O)NN4CCN(C)CC4)cc3)nc21,1,IC50,9.0,3,CHEMBL3674148
CC(C)n1c(Nc2ccccc2)nc2cnc(Nc3ccc(C(=O)NC4CCN(C)CC4)cc3)nc21,1,IC50,9.4,3,CHEMBL3678946
C=CC(=O)Nc1cccc(Nc2nc(Nc3ccc(N4CCN(C(=O)OC)CC4)cc3OC)ncc2C(F)(F)F)c1,1,IC50,7.7,3,CHEMBL3699604
C=CC(=O)Nc1cccc(Oc2nc(Nc3ccc(N4CCN(C(=O)CO)CC4)cc3OC)ncc2Cl)c1,1,IC50,8.26,3,CHEMBL3699583
CC(C)n1c(Nc2cccc(Br)c2)nc2cnc(Nc3ccc(N4CCN(C)CC4)cc3)nc21,1,IC50,8.4,3,CHEMBL3678947
CN1CCN(Cc2ccc(NC(=O)Nc3ccc4ncnc(Nc5ccc(OCc6cccc(F)c6)c(Cl)c5)c4c3)cc2)CC1,1,IC50,8.08,1,CHEMBL3740144
O=C(Nc1ccc(CN2CCCCC2)cc1)Nc1ccc2ncnc(Nc3cccc(C(F)(F)F)c3)c2c1,1,IC50,8.3,2,CHEMBL3741473
O=C(Nc1ccc(CN2CCCC2)cc1)Nc1ccc2ncnc(Nc3cccc(C(F)(F)F)c3)c2c1,1,IC50,8.39,2,CHEMBL3740910
CS(=O)(=O)Cc1cccc(Nc2nccc(Oc3ccc4c(C(=O)Nc5ccccc5)cccc4c3)n2)c1,0,IC50 (>),5.0,2,CHEMBL3740721
CS(=O)(=O)Cc1cccc(Nc2nccc(Oc3ccc4c(C(=O)Nc5cccc(F)c5)cccc4c3)n2)c1,0,IC50 (>),5.0,2,CHEMBL3740487
CS(=O)(=O)Cc1cccc(Nc2nccc(Oc3ccc4c(C(=O)Nc5cccnc5)cccc4c3)n2)c1,0,IC50 (>),5.0,2,CHEMBL3739732
C=CC(=O)Nc1cccc(Nc2nc(N/N=C/c3ccc(F)cc3F)ncc2Cl)c1,0,IC50,4.94,2,CHEMBL3740614
CN(C)C/C=C/C(=O)Nc1cccc(Nc2nc(N/N=C/c3c[nH]c4ccccc34)ncc2Cl)c1,0,IC50 (>),4.7,2,CHEMBL3740802
C=CC(=O)Nc1cccc(Nc2nc(N/N=C/c3ccccc3F)ncc2Cl)c1,0,IC50 (>),4.7,1,CHEMBL3739812
C=CC(=O)Nc1cccc(Nc2nc(N/N=C(\C)c3ccc(F)cc3)ncc2Cl)c1,0,IC50 (>),4.7,1,CHEMBL3741245
C=CC(=O)Nc1cccc(Nc2nc(N/N=C(\C)c3ccc(F)cc3F)ncc2Cl)c1,0,IC50,4.93,1,CHEMBL3740257
C=CC(=O)Nc1cccc(Nc2nc(N/N=C(\C)c3ccc(C)cc3)ncc2Cl)c1,0,IC50 (>),4.7,1,CHEMBL3741796
CN(C)C/C=C/C(=O)Nc1cccc(Nc2nc(N/N=C/c3ccc(F)cc3F)ncc2Cl)c1,0,IC50 (>),4.7,1,CHEMBL3742128
C/C(=N\Nc1ncc(Cl)c(Nc2cccc(NC(=O)/C=C/CN(C)C)c2)n1)c1ccc(F)cc1,0,IC50,4.82,1,CHEMBL3740102
C/C(=N\Nc1ncc(Cl)c(Nc2cccc(NC(=O)/C=C/CN(C)C)c2)n1)c1ccccn1,0,IC50 (>),4.7,1,CHEMBL3741324
C/C(=N\Nc1ncc(Cl)c(Nc2cccc(NC(=O)/C=C/CN(C)C)c2)n1)c1cccnc1,0,IC50 (>),4.7,1,CHEMBL3742146
C#Cc1cccc(Nc2ncnc3cc(OCCO)c(OCCOC)cc23)c1,1,IC50,9.0,1,CHEMBL3741490
C#Cc1cccc(Nc2ncnc3cc(OCCOC(=O)c4ccc(C(=O)Nc5ccc6c(c5)C(C)(C)CCC6(C)C)cc4)c(OCCOC(=O)c4ccc(C(=O)Nc5ccc6c(c5)C(C)(C)CCC6(C)C)cc4)cc23)c1,1,IC50,6.06,1,CHEMBL3740105
C#Cc1cccc(Nc2ncnc3cc(OCCOC(=O)Cc4c(C)n(C(=O)c5ccc(Cl)cc5)c5ccc(OC)cc45)c(OCCOC(=O)Cc4c(C)n(C(=O)c5ccc(Cl)cc5)c5ccc(OC)cc45)cc23)c1,1,IC50,7.48,1,CHEMBL3739771
C#Cc1cccc(Nc2ncnc3cc(OCCOC(=O)C(C)c4ccc5cc(OC)ccc5c4)c(OCCOC(=O)C(C)c4ccc5cc(OC)ccc5c4)cc23)c1,1,IC50,6.41,1,CHEMBL3741768
C#Cc1cccc(Nc2ncnc3cc(OCCOC(=O)CC4=C(C)/C(=C/c5ccc([S+](C)[O-])cc5)c5ccc(F)cc54)c(OCCOC(=O)CC4=C(C)/C(=C/c5ccc([S+](C)[O-])cc5)c5ccc(F)cc54)cc23)c1,1,IC50,7.57,1,CHEMBL3739527
C#Cc1cccc(Nc2ncnc3cc(OCCOC(=O)C(C)c4ccc(CC(C)C)cc4)c(OCCOC(=O)C(C)c4ccc(CC(C)C)cc4)cc23)c1,0,IC50 (>),5.0,1,CHEMBL3739528
C#Cc1cccc(Nc2ncnc3cc(OCCOC(=O)c4ccccc4OC(C)=O)c(OCCOC(=O)c4ccccc4OC(C)=O)cc23)c1,1,IC50,7.47,1,CHEMBL3741399
C#Cc1cccc(Nc2ncnc3cc(OCCOC(=O)c4ccc(C(=O)Nc5ccc6c(c5)C(C)(C)CCC6(C)C)cc4)c(OCCOC)cc23)c1,1,IC50,7.5,1,CHEMBL3741304
C#Cc1cccc(Nc2ncnc3cc(OCCOC(=O)Cc4c(C)n(C(=O)c5ccc(Cl)cc5)c5ccc(OC)cc45)c(OCCOC)cc23)c1,1,IC50,7.57,1,CHEMBL3740595
C#Cc1cccc(Nc2ncnc3cc(OCCOC(=O)C(C)c4ccc5cc(OC)ccc5c4)c(OCCOC)cc23)c1,1,IC50,7.14,1,CHEMBL3740850
C#Cc1cccc(Nc2ncnc3cc(OCCOC(=O)CC4=C(C)/C(=C\c5ccc([S+](C)[O-])cc5)c5ccc(F)cc54)c(OCCOC)cc23)c1,1,IC50,7.51,1,CHEMBL3742059
C#Cc1cccc(Nc2ncnc3cc(OCCOC(=O)C(C)c4ccc(CC(C)C)cc4)c(OCCOC)cc23)c1,1,IC50,8.05,1,CHEMBL3741026
C#Cc1cccc(Nc2ncnc3cc(OCCOC(=O)c4ccccc4OC(C)=O)c(OCCOC)cc23)c1,1,IC50,8.3,1,CHEMBL3741424
CC(C(=O)O)c1cccc(C(=O)c2ccccc2)c1,0,IC50 (>),5.0,1,CHEMBL571
COc1ccc2c(c1)c(CC(=O)O)c(C)n2C(=O)c1ccc(Cl)cc1,0,IC50 (>),5.0,1,CHEMBL6
COc1ccc2cc(C(C)C(=O)O)ccc2c1,0,IC50 (>),5.0,1,CHEMBL12952
CC1=C(CC(=O)O)c2cc(F)ccc2/C1=C\c1ccc([S+](C)[O-])cc1,0,IC50 (>),5.0,1,CHEMBL15770
CC(C)Cc1ccc(C(C)C(=O)O)cc1,0,IC50 (>),5.0,1,CHEMBL521
CC(=O)Oc1ccccc1C(=O)O,0,IC50 (>),5.0,1,CHEMBL25
O=C(O)C1CN(Cc2ccc(OCc3ccc(Cl)c(Cl)c3)cc2)C1,0,IC50 (>),5.0,1,CHEMBL3741589
CC(=O)N1N=C(c2ccc([N+](=O)[O-])cc2)CC1c1ccc(C(=O)OCCn2c([N+](=O)[O-])cnc2C)cc1,1,IC50,6.22,2,CHEMBL3746473
CC(=O)N1N=C(c2ccc(C(F)(F)F)cc2)CC1c1ccc(C(=O)OCCn2c([N+](=O)[O-])cnc2C)cc1,1,IC50,6.58,2,CHEMBL3746557
COc1ccc(C2=NN(C(C)=O)C(c3ccc(C(=O)OC(C)Cn4c([N+](=O)[O-])cnc4C)cc3)C2)cc1,0,IC50,4.67,2,CHEMBL3746387
CC(=O)N1N=C(c2ccc(I)cc2)CC1c1ccc(C(=O)OC(C)Cn2c([N+](=O)[O-])cnc2C)cc1,0,IC50,4.97,2,CHEMBL3746564
CC(=O)N1N=C(c2ccc(C)cc2)CC1c1ccc(C(=O)OC(C)Cn2c([N+](=O)[O-])cnc2C)cc1,0,IC50,4.59,2,CHEMBL3746980
CC(=O)N1N=C(c2ccc(C)cc2)CC1c1ccc(C(=O)OCCn2c([N+](=O)[O-])cnc2C)cc1,0,IC50,4.96,2,CHEMBL3746268
CC(=O)N1N=C(c2ccccc2)CC1c1ccc(C(=O)OC(C)Cn2c([N+](=O)[O-])cnc2C)cc1,0,IC50,4.91,2,CHEMBL3747570
CCOc1ccc(C2=NN(C(C)=O)C(c3ccc(C(=O)OC(C)Cn4c([N+](=O)[O-])cnc4C)cc3)C2)cc1,0,IC50,4.57,2,CHEMBL3745929
CCOc1ccc(C2=NN(C(C)=O)C(c3ccc(C(=O)OCCn4c([N+](=O)[O-])cnc4C)cc3)C2)cc1,0,IC50,4.82,2,CHEMBL3747407
C[C@@H]1C[C@H](N)C[C@H](c2ccncc2NC(=O)c2ccc(F)c(-c3c(F)cccc3F)n2)C1,0,IC50 (>),5.0,1,CHEMBL3651966
Cn1c(=O)c(S(=O)(=O)c2ccc(F)cc2F)cc2cnc(Nc3ccc4[nH]ccc4c3)nc21,0,IC50 (>),5.0,1,CHEMBL3745885
COc1cc(NC(=O)Nc2ccncc2)cc(-c2cncnc2)c1OC,1,IC50,6.54,1,CHEMBL3754722
O=C(Nc1ccncc1)Nc1cc(-c2cccnc2)cc(C(F)(F)F)c1,1,IC50,6.72,1,CHEMBL3752404
O=C(Nc1ccncc1)Nc1cc(-c2cncnc2)cc(C(F)(F)F)c1,1,IC50,7.83,1,CHEMBL3752008
O=C(Nc1ccncc1)Nc1cc(-c2cccnc2)ccc1OC(F)(F)F,1,IC50,7.01,1,CHEMBL3753886
COc1ccc(-c2ccc(OC(F)(F)F)c(NC(=O)Nc3ccncc3)c2)cn1,1,IC50,6.99,1,CHEMBL3753623
O=C(Nc1ccncc1)Nc1cc(-c2cncnc2)ccc1OC(F)(F)F,1,IC50,7.74,1,CHEMBL3752370
COc1cc(NC(=O)Nc2nccs2)cc(-c2cccnc2)c1OC,1,IC50,6.5,1,CHEMBL3754709
O=C(Nc1cc(-c2cccnc2)cc(C(F)(F)F)c1)Nc1nccs1,1,IC50,7.11,1,CHEMBL3753142
COc1ccc(-c2cc(NC(=O)Nc3nccs3)cc(C(F)(F)F)c2)cn1,1,IC50,6.32,1,CHEMBL3751967
O=C(Nc1cc(-c2cncnc2)cc(C(F)(F)F)c1)Nc1nccs1,1,IC50,7.14,1,CHEMBL3754556
O=C(Nc1nccs1)Nc1cc(-c2cccnc2)ccc1OC(F)(F)F,1,IC50,6.92,1,CHEMBL3753811
COc1ccc(-c2ccc(OC(F)(F)F)c(NC(=O)Nc3nccs3)c2)cn1,1,IC50,6.3,1,CHEMBL3753157
O=C(Nc1nccs1)Nc1cc(-c2cncnc2)ccc1OC(F)(F)F,1,IC50,7.14,1,CHEMBL3752248
COc1cc(NC(=O)Nc2ccccn2)cc(-c2c[nH]cn2)c1OC,1,IC50,7.61,1,CHEMBL3753532
Cn1cnc(-c2cc(NC(=O)Nc3ccncc3)cc(C(F)(F)F)c2)c1,1,IC50,6.78,1,CHEMBL3754301
Cn1cnc(-c2ccc(OC(F)(F)F)c(NC(=O)Nc3ccncc3)c2)c1,1,IC50,7.02,1,CHEMBL3752825
COc1cc(NC(=O)Nc2nccs2)cc(-c2cn(C)cn2)c1OC,1,IC50,6.44,1,CHEMBL3752129
Cn1cnc(-c2cc(NC(=O)Nc3nccs3)cc(C(F)(F)F)c2)c1,1,IC50,6.51,1,CHEMBL3752916
COc1ccc(-c2cc(NC(=O)Nc3ccncc3)cc(OC)c2OC)cn1,1,IC50,6.34,1,CHEMBL3753444
COc1cc(NC(=O)Nc2ccncc2)cc(-c2cccnc2)c1OC,1,IC50,6.88,1,CHEMBL3753836
O=C(Nc1ccccn1)Nc1cc(-c2cncnc2)ccc1OC(F)(F)F,1,IC50,7.58,1,CHEMBL3754057
O=C(Nc1ccccn1)Nc1cc(-c2cccnc2)ccc1OC(F)(F)F,1,IC50,7.04,1,CHEMBL3753208
COc1ccc(-c2cc(NC(=O)Nc3ccccn3)cc(OC)c2OC)cn1,1,IC50,7.18,1,CHEMBL3754785
COc1cc(NC(=O)Nc2ccccn2)cc(-c2cccnc2)c1OC,1,IC50,7.31,1,CHEMBL3752074
C=CC(=O)Nc1cccc(-n2c(=O)cc(C)c3cnc(Nc4ccc(N5CCN(C)CC5)cc4OC(C)C)nc32)c1,1,IC50,7.11,1,CHEMBL3752365
CN(C)/C=C/C(=O)Nc1cc2c(Nc3ccc(F)c(Cl)c3)ncnc2cc1O[C@H]1CCOC1,1,IC50,8.62,4,CHEMBL3752204
C=CC(=O)Nc1cccc(-n2c(=O)cc(C)c3cnc(Nc4ccc(N5CCN(C)CC5)cc4OCCC)nc32)c1,1,IC50,7.72,2,CHEMBL3754213
C=CC(=O)Nc1cccc(-n2c(=O)cc(C)c3cnc(Nc4ccc(N5CCN(C)CC5)cc4OCC)nc32)c1,1,IC50,7.96,4,CHEMBL3754564
C=CC(=O)Nc1cccc(-n2c(=O)cc(C)c3cnc(Nc4ccc(N5CCN(C)CC5)cc4C)nc32)c1,1,IC50,7.63,3,CHEMBL3754803
C=CC(=O)Nc1cccc(-n2c(=O)cc(C)c3cnc(Nc4ccc(N5CCN(C)CC5)cc4)nc32)c1,1,IC50,8.54,3,CHEMBL3633146
C=CC(=O)Nc1cccc(-n2c(=O)cc(C)c3c(C)nc(Nc4ccc(N5CCN(C)CC5)cc4OC)nc32)c1,1,IC50,6.55,1,CHEMBL3753461
C=CC(=O)Nc1cccc(-n2c(=O)cc(-c3ccccc3)c3cnc(Nc4ccc(N5CCN(C)CC5)cc4OC)nc32)c1,1,IC50,7.68,2,CHEMBL3753305
C=CC(=O)Nc1cccc(-n2c(=O)cc(N(C)C)c3cnc(Nc4ccc(N5CCN(C)CC5)cc4OC)nc32)c1,1,IC50,7.02,2,CHEMBL3752139
C=CC(=O)Nc1cccc(-n2c(=O)cc(C(F)(F)F)c3cnc(Nc4ccc(N5CCN(C)CC5)cc4OC)nc32)c1,1,IC50,7.41,1,CHEMBL3753228
C=CC(=O)Nc1cccc(-n2c(=O)cc(C(C)C)c3cnc(Nc4ccc(N5CCN(C)CC5)cc4OC)nc32)c1,1,IC50,7.03,2,CHEMBL3754040
C=CC(=O)Nc1cccc(-n2c(=O)cc(C3CC3)c3cnc(Nc4ccc(N5CCN(C)CC5)cc4OC)nc32)c1,1,IC50,8.0,4,CHEMBL3752448
C=CC(=O)Nc1cccc(-n2c(=O)cc(CCC)c3cnc(Nc4ccc(N5CCN(C)CC5)cc4OC)nc32)c1,1,IC50,7.75,2,CHEMBL3753874
C=CC(=O)Nc1cccc(-n2c(=O)cc(CC)c3cnc(Nc4ccc(N5CCN(C)CC5)cc4OC)nc32)c1,1,IC50,8.17,4,CHEMBL3751976
C=CC(=O)Nc1cccc(-n2c(=O)c(-c3ccccc3)c(C)c3cnc(Nc4ccc(N5CCN(C)CC5)cc4OC)nc32)c1,1,IC50,8.8,4,CHEMBL3753011
C=CC(=O)Nc1cccc(-n2c(=O)c(Cc3ccccc3)cc3cnc(Nc4ccc(N5CCN(C)CC5)cc4OC)nc32)c1,1,IC50,9.3,4,CHEMBL3633145
C=CC(=O)Nc1cccc(-n2c(=O)c(-c3ccccc3)cc3cnc(Nc4ccc(N5CCN(C)CC5)cc4OC)nc32)c1,1,IC50,9.7,4,CHEMBL3753235
C=CC(=O)Nc1cccc(-n2c(=O)c(C)cc3cnc(Nc4ccc(N5CCN(C)CC5)cc4OC)nc32)c1,1,IC50,8.89,4,CHEMBL3752363
CC1(C)OCc2c(Nc3n[nH]c4ccccc34)nc(-c3cn[nH]c3)nc21,1,IC50,6.22,6,CHEMBL3758502
CC1(C)OCc2c(Nc3n[nH]c4c(Cl)cccc34)nc(-c3cn[nH]c3C(F)F)nc21,1,IC50,6.43,6,CHEMBL3758739
C[C@@H](Nc1ncnc2sc(-c3ccc(CO)cc3F)cc12)c1ccccc1,1,IC50,7.89,1,CHEMBL3759815
C[C@@H](Nc1ncnc2sc(-c3ccc(C=O)cc3F)cc12)c1ccccc1,1,IC50,7.23,1,CHEMBL3759649
C[C@@H](Nc1ncnc2sc(-c3cccc(C(=O)O)c3)cc12)c1ccccc1,1,IC50,8.1,1,CHEMBL3759356
C[C@@H](Nc1ncnc2sc(-c3cccc(C(N)=O)c3)cc12)c1ccccc1,1,IC50,8.3,1,CHEMBL3758939
C[C@@H](Nc1ncnc2sc(-c3cccc(S(C)(=O)=O)c3)cc12)c1ccccc1,1,IC50,7.58,1,CHEMBL3760023
C[C@@H](Nc1ncnc2sc(-c3cccc(C=O)c3)cc12)c1ccccc1,1,IC50,8.22,1,CHEMBL3758471
C[C@@H](Nc1ncnc2sc(-c3ccc(F)c(C=O)c3)cc12)c1ccccc1,1,IC50,8.1,1,CHEMBL3758951
C[C@@H](Nc1ncnc2sc(-c3ccccc3C(N)=O)cc12)c1ccccc1,1,IC50,6.56,1,CHEMBL3759085
COc1cccc(-c2cc3c(N[C@H](C)c4ccccc4)ncnc3s2)c1OC,1,IC50,7.89,1,CHEMBL3759963
COc1cc(F)ccc1-c1cc2c(N[C@H](C)c3ccccc3)ncnc2s1,1,IC50,8.22,1,CHEMBL3759780
COc1ccc(-c2cc3c(N[C@H](C)c4ccccc4)ncnc3s2)c(OC)c1,1,IC50,8.3,1,CHEMBL3758868
COc1cccc(OC)c1-c1cc2c(N[C@H](C)c3ccccc3)ncnc2s1,1,IC50,8.7,1,CHEMBL3759961
COc1cccc(OC)c1-c1cc2c(N[C@H](CO)c3ccccc3)ncnc2s1,1,IC50,9.05,1,CHEMBL3759199
C[C@@H](Nc1ncnc2sc(-c3ccc(C(=O)NCCN(C)C)cc3)cc12)c1ccccc1,1,IC50,8.7,1,CHEMBL3758800
CN(C)CCNC(=O)c1ccc(-c2cc3c(N[C@H](CO)c4ccccc4)ncnc3s2)cc1,1,IC50,8.7,1,CHEMBL3758376
C[C@@H](Nc1ncnc2sc(-c3cccc(C(=O)NCCN(C)C)c3)cc12)c1ccccc1,1,IC50,9.05,1,CHEMBL3759369
COc1cc(C(N)=O)ccc1-c1cc2c(N[C@H](C)c3ccccc3)ncnc2s1,1,IC50,8.7,1,CHEMBL3758278
COc1cc(C(N)=O)ccc1-c1cc2c(N[C@H](CO)c3ccccc3)ncnc2s1,1,IC50,8.82,1,CHEMBL3759480
OC[C@@H](Nc1ncnc2sc(-c3ccccc3)cc12)c1ccccc1,1,IC50,8.05,1,CHEMBL3759478
COc1c(C=O)cccc1-c1cc2c(N[C@H](C)c3ccccc3)ncnc2s1,1,IC50,7.68,1,CHEMBL3758761
COc1c(CO)cccc1-c1cc2c(N[C@H](C)c3ccccc3)ncnc2s1,1,IC50,8.82,1,CHEMBL3759359
COC(=O)c1cccc(-c2cc3c(N[C@H](C)c4ccccc4)ncnc3s2)c1OC,1,IC50,8.05,1,CHEMBL3758990
COc1c(C(=O)NCCN(C)C)cccc1-c1cc2c(N[C@H](C)c3ccccc3)ncnc2s1,1,IC50,8.52,1,CHEMBL3759725
OCc1ccc(-c2cc3c(NCc4ccccc4)ncnc3s2)cc1,1,IC50,7.32,1,CHEMBL3758946
OCc1ccc(-c2cc3c(Nc4ccccc4)ncnc3s2)cc1,1,IC50,7.68,1,CHEMBL3759257
COC(=O)c1ccc(-c2cc3c(N[C@H](C)c4ccccc4)ncnc3s2)c(OC)c1,1,IC50,7.7,1,CHEMBL3759459
COc1cc(C(=O)NCCN(C)C)ccc1-c1cc2c(N[C@H](C)c3ccccc3)ncnc2s1,1,IC50,9.3,1,CHEMBL3758770
COc1ccc(C=O)cc1-c1cc2c(N[C@H](C)c3ccccc3)ncnc2s1,1,IC50,8.52,1,CHEMBL3760082
COc1ccc(CO)cc1-c1cc2c(N[C@H](C)c3ccccc3)ncnc2s1,1,IC50,8.3,1,CHEMBL3759929
COC(=O)c1ccc(OC)c(-c2cc3c(N[C@H](C)c4ccccc4)ncnc3s2)c1,1,IC50,8.15,1,CHEMBL3758758
COc1ccc(C(=O)NCCN(C)C)cc1-c1cc2c(N[C@H](C)c3ccccc3)ncnc2s1,1,IC50,9.3,1,CHEMBL3758582
COC(=O)c1cc(OC)c(-c2cc3c(N[C@H](C)c4ccccc4)ncnc3s2)c(OC)c1,1,IC50,8.4,1,CHEMBL3760071
COc1cc(C(=O)NCCN(C)C)cc(OC)c1-c1cc2c(N[C@H](C)c3ccccc3)ncnc2s1,1,IC50,9.4,1,CHEMBL3759317
COc1cc(CO)ccc1-c1cc2c(NCc3ccccc3)ncnc2s1,1,IC50,8.3,1,CHEMBL3759022
COc1cc(CO)ccc1-c1cc2c(Nc3ccccc3)ncnc2s1,1,IC50,7.85,1,CHEMBL3758768
C#Cc1cccc(Nc2ncnc3sc(-c4ccc(CO)cc4OC)cc23)c1,1,IC50,8.3,1,CHEMBL3758802
COc1cc(CO)ccc1-c1cc2c(Nc3ccc(F)c(Cl)c3)ncnc2s1,1,IC50,8.7,1,CHEMBL3758351
COc1cc(C=O)ccc1-c1cc2c(NCc3ccccc3)ncnc2s1,1,IC50,8.22,1,CHEMBL3759900
COc1cc(C=O)ccc1-c1cc2c(Nc3ccccc3)ncnc2s1,1,IC50,7.7,1,CHEMBL3759733
COc1cc(C=O)ccc1-c1cc2c(Nc3ccc(F)c(Cl)c3)ncnc2s1,1,IC50,8.3,1,CHEMBL3759280
OCc1cccc(-c2cc3c(N[C@H](CO)c4ccccc4)ncnc3s2)c1,1,IC50,8.52,1,CHEMBL3759986
C[C@@H](Nc1ncnc2sc(-c3ccc(C(=O)O)cc3)cc12)c1ccccc1,1,IC50,7.72,1,CHEMBL3759980
C[C@@H](Nc1ncnc2sc(-c3ccc(C(N)=O)cc3)cc12)c1ccccc1,1,IC50,8.15,1,CHEMBL3758762
C[C@@H](Nc1ncnc2sc(-c3ccc(S(C)(=O)=O)cc3)cc12)c1ccccc1,1,IC50,7.39,1,CHEMBL3758889
COc1cc2c(Nc3ccc(NC(=O)c4cccc(Cl)c4)cc3)ncnc2cc1OCCN1CCCCC1,1,IC50,6.52,1,CHEMBL3759848
COc1cc2c(Nc3ccc(NC(=O)c4cccc(Cl)c4)cc3)ncnc2cc1OCCCN1CCOCC1,1,IC50,6.64,1,CHEMBL3759015
COc1cc2c(Nc3ccc(NC(=O)c4ccc(C)cc4)cc3)ncnc2cc1OCCN1CCCCC1,0,IC50 (>),5.0,1,CHEMBL3758363
COc1cc2c(Nc3ccc(NC(=O)c4ccc(C)cc4)cc3)ncnc2cc1OCCCN1CCOCC1,1,IC50,6.12,1,CHEMBL3758875
COc1cc2c(Nc3ccc(NC(=O)c4ccc(Cl)cc4)cc3)ncnc2cc1OCCN1CCCCC1,0,IC50 (>),5.0,1,CHEMBL3758796
COc1cc2c(Nc3ccc(NC(=O)c4ccc(C)cc4)cc3)ncnc2cc1OCCCN1CCN(C)CC1,1,IC50,6.16,1,CHEMBL3758585
COc1cc2c(Nc3ccc(NC(=O)c4ccccc4Cl)cc3)ncnc2cc1OCCCN1CCN(C)CC1,1,IC50,7.7,1,CHEMBL3759190
COc1cc2c(Nc3ccc(NC(=O)c4cccc(Cl)c4)cc3)ncnc2cc1OCCCN1CCN(C)CC1,1,IC50,6.82,1,CHEMBL3758749
COc1cc2c(Nc3ccc(NC(=O)c4ccccc4)cc3)ncnc2cc1OCCCN1CCN(C)CC1,1,IC50,6.89,1,CHEMBL3759127
COc1ccc(C(=O)Nc2ccc(Nc3ncnc4cc(OCc5ccccc5)c(OC)cc34)cc2)cc1,0,IC50 (>),5.0,1,CHEMBL3759884
COc1cc2c(Nc3ccc(NC(=O)c4ccc(C)cc4)cc3)ncnc2cc1OCc1ccccc1,0,IC50 (>),5.0,1,CHEMBL3758900
COc1cc2c(Nc3ccc(NC(=O)c4ccc(Cl)cc4)cc3)ncnc2cc1OCc1ccccc1,0,IC50 (>),5.0,1,CHEMBL3758355
COc1cc2c(Nc3ccc(NC(=O)c4ccccc4Cl)cc3)ncnc2cc1OCc1ccccc1,1,IC50,6.14,1,CHEMBL3759203
COc1cc2c(Nc3ccc(NC(=O)c4cccc(Cl)c4)cc3)ncnc2cc1OCc1ccccc1,0,IC50 (>),5.0,1,CHEMBL3759483
COc1cc2c(Nc3ccc(NC(=O)c4ccccc4)cc3)ncnc2cc1OCc1ccccc1,0,IC50 (>),5.0,1,CHEMBL3759724
COCCOc1cc2ncnc(Nc3ccc(NC(=O)C45CC6CC(CC(C6)C4)C5)c(C#N)c3)c2cc1OCCOC,1,IC50,8.3,2,CHEMBL3763796
COCCOc1cc2ncnc(Nc3ccc(NC(=O)C45CC6CC(CC(C6)C4)C5)c(OC)c3)c2cc1OCCOC,1,IC50,8.23,2,CHEMBL3763757
COCCOc1cc2ncnc(Nc3ccc(NC(=O)C45CC6CC(CC(C6)C4)C5)c(C)c3)c2cc1OCCOC,1,IC50,8.54,2,CHEMBL3764589
COCCOc1cc2ncnc(Nc3ccc(NC(=O)C45CC6CC(CC(C6)C4)C5)cc3C)c2cc1OCCOC,1,IC50,8.35,2,CHEMBL3764312
COc1cc2ncnc(Nc3cccc(NC(=O)C45CC6CC(CC(C6)C4)C5)c3)c2cc1OCCCN1CCOCC1,1,IC50,8.51,2,CHEMBL3765789
COCCOc1cc2ncnc(Nc3cccc(NC(=O)C45CC6CC(CC(C6)C4)C5)c3)c2cc1OCCOC,1,IC50,8.79,2,CHEMBL3764603
COCCOc1cc2ncnc(Nc3ccc(C(=O)NC45CC6CC(CC(C6)C4)C5)cc3)c2cc1OCCOC,1,IC50,8.22,2,CHEMBL3765815
COc1cc2ncnc(Nc3ccc(C(=O)NC45CC6CC(CC(C6)C4)C5)c(C#N)c3)c2cc1OCCCN1CCOCC1,1,IC50,8.33,2,CHEMBL3765425
COc1cc2ncnc(Nc3ccc(C(=O)NC45CC6CC(CC(C6)C4)C5)c(Cl)c3)c2cc1OCCCN1CCOCC1,1,IC50,8.34,2,CHEMBL3763405
COc1cc2ncnc(Nc3ccc(C(=O)NC45CC6CC(CC(C6)C4)C5)cc3)c2cc1OCCCN1CCOCC1,1,IC50,8.7,2,CHEMBL3763627
COc1cc2ncnc(Nc3cc(C(=O)NC45CC6CC(CC(C6)C4)C5)ccc3C)c2cc1OCCCN1CCOCC1,1,IC50,7.81,2,CHEMBL3763701
COc1cc2ncnc(Nc3cccc(C(=O)NC45CC6CC(CC(C6)C4)C5)c3)c2cc1OCCCN1CCOCC1,1,IC50,8.95,2,CHEMBL3765263
C=CCc1cccc(/C=N/NC(=O)Nc2ccc(Oc3ccnc4cc(OCCCN5CCCCC5)c(OC)cc34)c(F)c2)c1O,0,IC50 (>),4.0,1,CHEMBL3764279
COc1ccc(/C=C/C(=O)Nc2cc3c(Nc4ccc(F)c(Cl)c4)ncnc3cc2O[C@H]2CCOC2)cc1,1,IC50,8.04,1,CHEMBL3763360
COc1ccc(/C=C/C(=O)Nc2cc3c(Nc4ccc(F)c(Cl)c4)ncnc3cc2O[C@H]2CCOC2)c(OC)c1OC,1,IC50,8.44,1,CHEMBL3763790
O=C(Nc1ccc(Oc2ccnc3[nH]ccc23)c(F)c1)c1nnn(-c2ccc(F)cc2)c1C(F)(F)F,1,IC50,6.24,1,CHEMBL3774451
O=C1COc2cc3ncnc(Nc4ccc(F)c(Cl)c4)c3cc2N1CCCN1CCOCC1,1,IC50,7.28,2,CHEMBL3775664
C#Cc1cccc(Nc2ncnc3cc4c(cc23)N(CCCN2CCOCC2)C(=O)CO4)c1,1,IC50,6.86,2,CHEMBL3774926
O=C1COc2cc3ncnc(Nc4ccc(F)c(Cl)c4)c3cc2N1CCCN1CCCCC1,1,IC50,6.86,1,CHEMBL3775046
C#Cc1cccc(Nc2ncnc3cc4c(cc23)N(CCCN2CCCCC2)C(=O)CO4)c1,1,IC50,6.67,1,CHEMBL3774396
Cc1cccc(Nc2ncnc3cc4c(cc23)N(CCCN2CCCCC2)C(=O)CO4)c1,1,IC50,6.34,1,CHEMBL3775897
O=C1COc2cc3ncnc(Nc4cccc(Br)c4)c3cc2N1CCCN1CCCCC1,1,IC50,7.0,1,CHEMBL3775112
O=C1COc2cc3ncnc(Nc4cccc(Cl)c4)c3cc2N1CCCN1CCCCC1,1,IC50,6.94,1,CHEMBL3775536
O=C1COc2cc3ncnc(Nc4cccc(F)c4)c3cc2N1CCCN1CCCCC1,1,IC50,6.34,1,CHEMBL3774808
Cc1ccc(Nc2ncnc3cc4c(cc23)N(CCCN2CCOCC2)C(=O)CO4)cc1Cl,1,IC50,6.79,1,CHEMBL3774578
O=C1COc2cc3ncnc(Nc4ccccc4)c3cc2N1CCCN1CCOCC1,1,IC50,6.29,1,CHEMBL3775148
Cc1ccc(Nc2ncnc3cc4c(cc23)N(CCCN2CCOCC2)C(=O)CO4)cc1,1,IC50,6.23,1,CHEMBL3774712
O=C1COc2cc3ncnc(Nc4ccc(Br)cc4)c3cc2N1CCCN1CCOCC1,1,IC50,6.08,1,CHEMBL3774609
O=C1COc2cc3ncnc(Nc4ccc(Cl)cc4)c3cc2N1CCCN1CCOCC1,1,IC50,6.45,1,CHEMBL3775911
O=C1COc2cc3ncnc(Nc4ccc(F)cc4)c3cc2N1CCCN1CCOCC1,1,IC50,6.36,1,CHEMBL3774471
O=C1COc2cc3ncnc(Nc4cccc(C(F)(F)F)c4)c3cc2N1CCCN1CCOCC1,1,IC50,6.08,1,CHEMBL3774982
Cc1cccc(Nc2ncnc3cc4c(cc23)N(CCCN2CCOCC2)C(=O)CO4)c1,1,IC50,6.73,1,CHEMBL3775459
O=C1COc2cc3ncnc(Nc4cccc(Br)c4)c3cc2N1CCCN1CCOCC1,1,IC50,7.05,1,CHEMBL3774906
O=C1COc2cc3ncnc(Nc4cccc(Cl)c4)c3cc2N1CCCN1CCOCC1,1,IC50,7.2,1,CHEMBL3774947
O=C1COc2cc3ncnc(Nc4cccc(F)c4)c3cc2N1CCCN1CCOCC1,1,IC50,6.61,1,CHEMBL3775285
O=C1NC(=S)N/C1=C\c1ccc2ncsc2c1,0,IC50 (>),5.0,1,CHEMBL3775754
O=C1NC(=S)S/C1=C\c1ccc2ncccc2c1,0,IC50 (>),5.0,1,CHEMBL3774448
O=C1NC(=S)S/C1=C\c1ccc2ncsc2c1,0,IC50 (>),5.0,1,CHEMBL3775393
O=C1NC(=S)S/C1=C\c1ccc2c(c1)CCO2,0,IC50 (>),5.0,1,CHEMBL3774830
CC1C/C(=C\c2ccc3ncsc3c2)C(=O)O1,0,IC50 (>),5.0,1,CHEMBL3775538
O=C1OCC/C1=C\c1ccc2c(c1)OCO2,0,IC50 (>),5.0,1,CHEMBL3193172
O=C1OCC/C1=C\c1ccc2c(c1)OCCO2,0,IC50 (>),5.0,1,CHEMBL3774696
O=C1OCC/C1=C\c1ccc2ncsc2c1,0,IC50 (>),5.0,1,CHEMBL3774704
CC1C/C(=C\c2ccc3c(c2)CCO3)C(=O)O1,0,IC50 (>),5.0,1,CHEMBL3775111
O=C1OCC/C1=C\c1ccc2c(c1)CCO2,0,IC50 (>),5.0,1,CHEMBL3775821
O=C1OCC/C1=C\c1ccc2c(c1)CCCO2,0,IC50 (>),5.0,1,CHEMBL3775193
O=C1NC(=O)/C(=C/c2ccc3nccnc3c2)S1,0,IC50 (>),5.0,1,CHEMBL568150
COc1cc2c(Oc3ccc(NC(=O)c4c(Cl)c5ccccc5n(-c5ccc(F)cc5)c4=O)cc3F)ccnc2cc1OCCCN1CCN(C)CC1,0,IC50 (>),4.0,1,CHEMBL3780676
Cc1cc(C(=O)Nc2nc3cccc(Cl)c3n2[C@@H]2CCCCN(C(=O)/C=C/CN(C)C)C2)ccn1,1,IC50,8.38,7,CHEMBL3787344
C=CC(=O)N1CC[C@@H](Oc2nc(Nc3ccc(N4CCC(N5CCN(C)CC5)CC4)cc3)c(C(N)=O)nc2CC)C1,1,IC50,8.77,7,CHEMBL3663929
C=CC(=O)Nc1cccc(Oc2nc(Nc3ccc(N4CCN(C)CC4)cc3)nc3ccsc23)c1,1,IC50,9.05,9,CHEMBL3786343
Nc1ncnc2c1c(-c1cccc(OCc3ccccc3)c1)cn2[C@H]1C[C@@H](CN2CCC2)C1,0,IC50 (>),5.0,2,CHEMBL1614712
Nc1ncnc2c1c(-c1cccc(OC[C@@H]3CCCO3)c1)cn2[C@H]1C[C@@H](CN2CCC2)C1,0,IC50 (>),5.0,2,CHEMBL3787614
CC1(C)CC[C@@H](COc2cccc(-c3cn([C@H]4C[C@@H](CN5CCC5)C4)c4ncnc(N)c34)c2)O1,0,IC50 (>),5.0,1,CHEMBL3786567
C=CC(=O)Nc1cccc(Oc2nc(Nc3ccc(N4CCN(C)CC4)cc3)nc3[nH]ccc23)c1,1,IC50,8.4,2,CHEMBL3787662
C=CC(=O)Nc1cccc(Oc2nc(Nc3ccn(C)n3)nc3[nH]ccc23)c1,1,IC50,7.57,2,CHEMBL3786453
C=CC(=O)Nc1cccc(Oc2nc(Nc3cnn(C)c3)nc3[nH]ccc23)c1,1,IC50,7.89,2,CHEMBL3786962
C=CC(=O)N1C[C@H](COc2nc(Nc3cnn(C)c3)nc3[nH]ccc23)[C@@H](C(F)(F)F)C1,1,IC50,7.33,2,CHEMBL3785393
C=CC(=O)N1CC[C@@H](COc2nc(Nc3cnn(C)c3)nc3[nH]cc(Cl)c23)C1,1,IC50,7.35,2,CHEMBL3786858
C=CC(=O)N1C[C@H](COc2nc(Nc3cnn(C)c3)nc3[nH]cc(Cl)c23)[C@@H](C(F)(F)F)C1,1,IC50,8.1,2,CHEMBL3786802
C=CC(=O)N1C[C@H](COc2nc(Nc3cnn(C)c3)nc3[nH]cc(Cl)c23)[C@@H](F)C1,1,IC50,8.05,2,CHEMBL3787220
C=CC(=O)N1C[C@H](COc2nc(Nc3cnn(C)c3)nc3[nH]cc(Cl)c23)[C@@H](O)C1,1,IC50,6.68,2,CHEMBL3786220
C=CC(=O)N1C[C@H](CO)[C@@H](COc2nc(Nc3cnn(C)c3)nc3[nH]cc(Cl)c23)C1,1,IC50,6.15,2,CHEMBL3786647
C=CC(=O)N1C[C@H](COC)[C@@H](COc2nc(Nc3cnn(C)c3)nc3[nH]cc(Cl)c23)C1,1,IC50,8.1,2,CHEMBL3786523
C=CC(=O)N1C[C@@H](COc2nc(Nc3cnn(C)c3)nc3[nH]cc(Cl)c23)[C@H](OC)C1,1,IC50,6.92,2,CHEMBL3787132
C#CCOc1cc2ncnc(Nc3ccc(F)c(Cl)c3)c2cc1NC(=O)C=C,1,IC50,8.15,4,CHEMBL3787386
C#CCCn1cc(Nc2nc(OC[C@H]3CN(C(=O)C=C)C[C@@H]3OC)c3c(Cl)c[nH]c3n2)cn1,1,IC50,7.8,2,CHEMBL3786812
C=CC(=O)N1C[C@H](COc2nc(Nc3cnn(C)c3)nc3[nH]cc(Cl)c23)[C@@H](OC)C1,1,IC50,8.15,6,CHEMBL3786098
CC(=O)N1CCN([C@H]2C[C@@H](n3cc(-c4cc(OC[C@@H]5CCCO5)ccc4F)c4c(N)ncnc43)C2)CC1,0,IC50 (>),5.0,2,CHEMBL3785951
Nc1ncnc2c1c(-c1cccc(OCC34CCC(CC3)O4)c1)cn2[C@H]1C[C@@H](CN2CCC2)C1,0,IC50 (>),5.0,1,CHEMBL3785500
CC(=O)N1CCN([C@H]2C[C@@H](n3cc(-c4cccc(OC[C@@H]5CCCO5)c4F)c4c(N)ncnc43)C2)CC1,0,IC50 (>),5.0,1,CHEMBL3786167
CC(C)(C)C(=O)Nc1ccc2c(c1)/C(=C1Nc3ccccc3C/1=N\O)C(=O)N2,0,IC50 (>),5.0,2,CHEMBL513703
CCCCC(=O)Nc1ccc2c(c1)/C(=C1Nc3ccccc3C/1=N\O)C(=O)N2,0,IC50 (>),5.0,2,CHEMBL3797480
CCCC(=O)Nc1ccc2c(c1)/C(=C1Nc3ccccc3C/1=N\O)C(=O)N2,0,IC50 (>),5.0,1,CHEMBL3799585
C=CC(=O)Nc1cccc(Oc2nc(Nc3ccc(N4CCN(C)CC4)cc3OC)ncc2SC)c1,1,IC50,9.4,2,CHEMBL3797606
C=CC(=O)Nc1cccc(Oc2nc(Nc3ccc(N4CCN(C(C)=O)CC4)cc3OC)ncc2SC)c1,1,IC50,9.15,2,CHEMBL3798501
C=CC(=O)Nc1cccc(Oc2nc(Nc3ccc(N4CCN(S(C)(=O)=O)CC4)cc3OC)ncc2SC)c1,1,IC50,8.14,2,CHEMBL3797963
C=CC(=O)Nc1cccc(Oc2nc(Nc3ccc(N4CCCN(C(C)=O)CC4)cc3OC)ncc2SC)c1,1,IC50,8.74,2,CHEMBL3799864
C=CC(=O)Nc1cccc(Oc2nc(Nc3ccc(N4CCN(C(=O)C(C)C)CC4)cc3OC)ncc2SC)c1,1,IC50,8.44,2,CHEMBL3798887
C=CC(=O)Nc1cccc(Oc2nc(Nc3ccc(N4CCN(C(=O)CC)CC4)cc3OC)ncc2SC)c1,1,IC50,8.24,2,CHEMBL3800597
C=CC(=O)Nc1cccc(Oc2nc(Nc3ccc(N4CCN(C(=O)C(C)(C)C)CC4)cc3OC)ncc2SC)c1,1,IC50,8.02,2,CHEMBL3799138
C=CC(=O)Nc1cccc(Oc2nc(Nc3ccc(N4CCN(C(=O)C(F)(F)F)CC4)cc3OC)ncc2SC)c1,1,IC50,8.36,2,CHEMBL3799255
C=CC(=O)Nc1cccc(Oc2nc(Nc3ccc(N4CCN(C(C)=O)CC4)cc3OC(F)F)ncc2SC)c1,1,IC50,8.55,2,CHEMBL3798128
C=CC(=O)Nc1cccc(Oc2nc(Nc3ccc(N4CCN(C(=O)CC)CC4)cc3OC(F)F)ncc2SC)c1,1,IC50,8.43,2,CHEMBL3799428
CN1CCN(c2ccc(C(=O)Nc3n[nH]c4ccc(Cc5cc(F)cc(F)c5)cc34)c(NC3CCOCC3)c2)CC1,0,IC50 (>),5.0,2,CHEMBL1983268
Fc1ccc(Nc2ncnc3cc(OCCCN4CCOCC4)c4c(c23)OCCO4)cc1Cl,1,IC50,7.59,1,CHEMBL3805218
C#Cc1cccc(Nc2ncnc3cc(OC4CCOCC4)c4c(c23)OCCO4)c1,1,IC50,7.24,1,CHEMBL3806145
Fc1ccc(Nc2ncnc3cc(OC4CCOCC4)c4c(c23)OCCO4)cc1Cl,1,IC50,7.23,1,CHEMBL3806222
C#Cc1cccc(Nc2ncnc3cc(OC4CCOC4)c4c(c23)OCCO4)c1,1,IC50,7.78,2,CHEMBL3806170
Fc1ccc(Nc2ncnc3cc(OC4CCOC4)c4c(c23)OCCO4)cc1Cl,1,IC50,7.69,2,CHEMBL3805782
C#Cc1cccc(Nc2ncnc3cc(OC(C)COC)c4c(c23)OCCO4)c1,1,IC50,7.12,2,CHEMBL3805584
COCC(C)Oc1cc2ncnc(Nc3ccc(F)c(Cl)c3)c2c2c1OCCO2,1,IC50,7.05,2,CHEMBL3805775
CCOC(C)Oc1cc2ncnc(Nc3ccc(F)c(C#N)c3)c2c2c1OCCO2,1,IC50,6.45,1,CHEMBL3805654
CCOC(C)Oc1cc2ncnc(Nc3ccc(C)c([N+](=O)[O-])c3)c2c2c1OCCO2,1,IC50,6.44,1,CHEMBL3805260
CCOC(C)Oc1cc2ncnc(Nc3ccc(F)c([N+](=O)[O-])c3)c2c2c1OCCO2,1,IC50,6.63,2,CHEMBL3806172
C#Cc1cccc(Nc2ncnc3cc(OC(C)C)c4c(c23)OCCO4)c1,1,IC50,7.62,2,CHEMBL3805509
CC(C)Oc1cc2ncnc(Nc3ccc(F)c(Cl)c3)c2c2c1OCCO2,1,IC50,7.54,2,CHEMBL3805283
Cc1ccc(Nc2ncnc3cc(OC(C)C)c4c(c23)OCCO4)cc1C#N,1,IC50,6.38,1,CHEMBL3806321
CC(C)Oc1cc2ncnc(Nc3ccc(F)c(C#N)c3)c2c2c1OCCO2,1,IC50,6.5,1,CHEMBL3805949
CC(C)Oc1cc2ncnc(Nc3ccc(Cl)c([N+](=O)[O-])c3)c2c2c1OCCO2,1,IC50,6.99,1,CHEMBL3805177
Cc1ccc(Nc2ncnc3cc(OC(C)C)c4c(c23)OCCO4)cc1[N+](=O)[O-],1,IC50,6.73,1,CHEMBL3805089
CC(C)Oc1cc2ncnc(Nc3ccc(F)c([N+](=O)[O-])c3)c2c2c1OCCO2,1,IC50,7.08,1,CHEMBL3805383
C#Cc1cccc(Nc2ncnc3cc(OCC4CCCO4)c4c(c23)OCCO4)c1,1,IC50,7.56,2,CHEMBL3805325
Fc1ccc(Nc2ncnc3cc(OCC4CCCO4)c4c(c23)OCCO4)cc1Cl,1,IC50,7.62,1,CHEMBL3806213
COCCOc1cc2ncnc(Nc3ccc(F)c(C#N)c3)c2c2c1OCCO2,1,IC50,6.41,1,CHEMBL3805280
COCCOc1cc2ncnc(Nc3ccc(Cl)c([N+](=O)[O-])c3)c2c2c1OCCO2,1,IC50,7.44,1,CHEMBL3806200
COCCOc1cc2ncnc(Nc3ccc(C)c([N+](=O)[O-])c3)c2c2c1OCCO2,1,IC50,7.13,1,CHEMBL3805299
COCCOc1cc2ncnc(Nc3ccc(F)c([N+](=O)[O-])c3)c2c2c1OCCO2,1,IC50,7.36,1,CHEMBL3805333
COCCOc1cc2ncnc(Nc3cccc(OC)c3)c2c2c1OCCO2,1,IC50,6.96,2,CHEMBL3806066
COCCOc1cc2ncnc(Nc3ccc(F)cc3)c2c2c1OCCO2,1,IC50,6.7,1,CHEMBL3806005
C#Cc1cccc(Nc2ncnc3cc(OCCOC)c4c(c23)OCCO4)c1,1,IC50,8.09,2,CHEMBL3805461
COCCOc1cc2ncnc(Nc3ccc(F)c(Cl)c3)c2c2c1OCCO2,1,IC50,7.98,2,CHEMBL3806110
CCOc1cc2ncnc(Nc3ccc(C)cc3)c2c2c1OCCO2,1,IC50,8.44,2,CHEMBL3805859
CCOc1cc2ncnc(Nc3cccc([N+](=O)[O-])c3)c2c2c1OCCO2,1,IC50,8.01,2,CHEMBL3805238
CCOc1cc2ncnc(Nc3ccc(C)c(Cl)c3)c2c2c1OCCO2,1,IC50,8.17,2,CHEMBL3804868
CCOc1cc2ncnc(Nc3cccc(OC)c3)c2c2c1OCCO2,1,IC50,8.36,2,CHEMBL3805774
C#Cc1cccc(Nc2ncnc3cc(OCC)c4c(c23)OCCO4)c1,1,IC50,8.04,2,CHEMBL3805039
CCOc1cc2ncnc(Nc3ccc(F)c(Cl)c3)c2c2c1OCCO2,1,IC50,8.7,2,CHEMBL3806248
C#Cc1cccc(Nc2ncnc3cc(OC)c4c(c23)OCCO4)c1,1,IC50,7.96,1,CHEMBL3805236
COc1cc2ncnc(Nc3ccc(F)c(Cl)c3)c2c2c1OCCO2,1,IC50,7.65,2,CHEMBL3806292
Brc1cccc(Nc2ncnc3cc(OCCCN4CCOCC4)c4c(c23)OCCO4)c1,1,IC50,7.73,1,CHEMBL3806143
Clc1cccc(Nc2ncnc3cc(OCCCN4CCOCC4)c4c(c23)OCCO4)c1,1,IC50,7.66,1,CHEMBL3805681
Fc1cccc(Nc2ncnc3cc(OCCCN4CCOCC4)c4c(c23)OCCO4)c1,1,IC50,7.08,1,CHEMBL3804886
FC(F)(F)c1cccc(Nc2ncnc3cc(OCCCN4CCOCC4)c4c(c23)OCCO4)c1,1,IC50,7.01,1,CHEMBL3805588
COc1cccc(C2CC(c3ccc4c(c3)OCCO4)=NN2c2ccccc2)c1,0,IC50 (>),3.52,1,CHEMBL3805675
Clc1cccc(C2CC(c3ccc4c(c3)OCCO4)=NN2c2ccccc2)c1,0,IC50,4.09,1,CHEMBL3805409
CN(C)c1ccc(C2CC(c3ccc4c(c3)OCCO4)=NN2c2ccccc2)cc1,0,IC50 (>),3.52,1,CHEMBL3806108
COC(=O)c1cc2cc(NCc3cc(NC(=O)c4cc(-n5cnc(C)c5)cc(C(F)(F)F)c4)ccc3C)cnc2[nH]1,1,IC50,7.82,2,CHEMBL3808884
CCn1c(-c2nc(-c3cnn(C4CCN(C)CC4)c3)cnc2N)nc2ccccc21,1,IC50,7.3,1,CHEMBL3815045
CN1CCC(n2cc(-c3cnc(N)c(-c4nc5ccccc5[nH]4)n3)cn2)CC1,1,IC50,6.54,1,CHEMBL3813979
C=CC(=O)NCCCn1c(-c2nc(-c3cnn(C4CCN(C)CC4)c3)cnc2N)nc2ccccc21,1,IC50,6.7,1,CHEMBL3814878
NC(=O)Nc1ccc2ncnc(Nc3ccc(Br)cc3)c2c1,1,IC50,9.1,1,CHEMBL3814959
CC(=O)Nc1ccc2ncnc(Nc3cccc(Br)c3)c2c1,1,IC50,9.0,1,CHEMBL2031296
C#Cc1cccc(Nc2ncnc3ccc(NC(N)=O)cc23)c1,1,IC50,8.65,1,CHEMBL3814447
C#Cc1cccc(Nc2ncnc3ccc(NC(C)=O)cc23)c1,1,IC50,8.69,1,CHEMBL3815074
NC(=O)Nc1ccc2ncnc(Nc3ccc(F)c(Cl)c3)c2c1,1,IC50,9.07,1,CHEMBL3814211
CC(=O)Nc1ccc2ncnc(Nc3ccc(F)c(Cl)c3)c2c1,1,IC50,9.18,1,CHEMBL3814257
CC(=O)Nc1ccc2ncnc(Nc3ccc(OCc4cccc(F)c4)c(Cl)c3)c2c1,1,IC50,8.4,1,CHEMBL3814846
O=C(NCCN1CCOCC1)Nc1ccc2ncnc(Nc3cccc(Br)c3)c2c1,1,IC50,8.85,1,CHEMBL3814320
O=C(NCCN1CCCCC1)Nc1ccc2ncnc(Nc3cccc(Br)c3)c2c1,1,IC50,9.11,1,CHEMBL3814882
O=C(NCCN1CCOCC1)Nc1ccc2ncnc(Nc3ccc(F)c(Cl)c3)c2c1,1,IC50,8.54,1,CHEMBL3815161
O=C(NCCN1CCCCC1)Nc1ccc2ncnc(Nc3ccc(F)c(Cl)c3)c2c1,1,IC50,8.97,1,CHEMBL3814956
Fc1ccc(Nc2ncnc3ccc(NC(=S)NCCN4CCOCC4)cc23)cc1Cl,1,IC50,8.65,1,CHEMBL3814445
Fc1ccc(Nc2ncnc3ccc(NC(=S)NCCN4CCCCC4)cc23)cc1Cl,1,IC50,8.43,1,CHEMBL3814694
S=C(NCCN1CCOCC1)Nc1ccc2ncnc(Nc3cccc(Br)c3)c2c1,1,IC50,8.74,2,CHEMBL3815163
Fc1cccc(COc2ccc(Nc3ncnc4ccc(NC(=S)NCCN5CCOCC5)cc34)cc2Cl)c1,1,IC50,8.65,1,CHEMBL3813728
S=C(NCCN1CCOCC1)Nc1ccc2ncnc(Nc3ccc(Cl)c(Cl)c3)c2c1,1,IC50,8.04,1,CHEMBL3814182
S=C(NCCN1CCOCC1)Nc1ccc2ncnc(Nc3ccc(Cl)cc3)c2c1,1,IC50,8.3,1,CHEMBL3814816
Fc1cccc(COc2ccc(Nc3ncnc4ccc(NC(=S)NCCCN5CCOCC5)cc34)cc2Cl)c1,1,IC50,8.82,1,CHEMBL3814812
CCOc1cc2ncnc(Nc3ccc(OCc4cccc(F)c4)c(Cl)c3)c2cc1NC(=O)[C@H]1COC(=O)N1,1,IC50,8.92,3,CHEMBL3818364
COc1cc2ncnc(Nc3ccc(F)c(Cl)c3)c2cc1NC(=O)[C@H]1NC(=O)O[C@@H]1C,1,IC50,9.46,3,CHEMBL3818062
CCOc1cc2ncnc(Nc3ccc(OCc4cccc(F)c4)c(Cl)c3)c2cc1NC(=O)[C@H]1NC(=O)O[C@@H]1C,1,IC50,8.59,3,CHEMBL3819553
CN1C(=O)COc2c1cnc1ccc(Sc3nnc4c(F)cc(-c5cnn(C)c5)cn34)cc21,0,IC50 (>),4.52,4,CHEMBL3818247
COc1cc2ncnc(Nc3ccc(F)c(Cl)c3)c2cc1NC(=O)[C@@H]1COC(=O)N1,1,IC50,9.51,3,CHEMBL3818547
CCOc1cc2ncnc(Nc3ccc(OCc4cccc(F)c4)c(Cl)c3)c2cc1NC(=O)[C@@H]1COC(=O)N1,1,IC50,8.87,3,CHEMBL3818115
COc1cc2ncnc(Nc3cccc(Br)c3)c2cc1NC(=O)[C@@H]1COC(=O)N1,1,IC50,9.42,3,CHEMBL3818015
CCOc1cc2ncnc(N[C@@H](C)c3ccccc3)c2cc1NC(=O)[C@@H]1COC(=O)N1,1,IC50,9.15,2,CHEMBL3818563
CCOc1cc2ncnc(Nc3ccc(OCC4CC4)c(Cl)c3)c2cc1NC(=O)[C@@H]1COC(=O)N1,1,IC50,7.42,3,CHEMBL3818970
O=C1N[C@H](C(=O)Nc2cc3c(Nc4ccc(F)c(Cl)c4)ncnc3cc2OCCN2CCCCC2)CO1,1,IC50,8.11,3,CHEMBL3819120
O=C1N[C@H](C(=O)Nc2cc3c(Nc4ccc(F)c(Cl)c4)ncnc3cc2OCCCN2CCOCC2)CO1,1,IC50,9.08,3,CHEMBL3818289
COc1cc2c(Oc3ccc(NC(=O)c4cn(-c5ccccc5Cl)nn4)cc3F)ccnc2cc1OCCCN1CCCCC1,1,IC50,6.28,1,CHEMBL3823520
CC1(C)c2cc(C3CCN(CC4CCOCC4)CC3)ccc2C(=O)c2c1[nH]c1cc(C#N)ccc21,1,IC50,6.46,1,CHEMBL3735648
Cn1cc(-c2ccc3ncnc(Nc4ccc(F)c(Cl)c4)c3c2)cn1,1,IC50,8.53,2,CHEMBL3828269
Cn1cc(-c2ccc3ncnc(Nc4ccc5ncccc5c4)c3c2)cn1,1,IC50,7.36,2,CHEMBL3828079
C#Cc1cccc(Nc2ncnc3ccc(-c4cnn(C)c4)cc23)c1,1,IC50,8.45,2,CHEMBL3828021
Fc1ccc(Nc2ncnc3ccc(-c4cnn(C5CCNCC5)c4)cc23)cc1Cl,1,IC50,7.5,2,CHEMBL3828092
c1cnc2ccc(Nc3ncnc4ccc(-c5cnn(C6CCNCC6)c5)cc34)cc2c1,1,IC50,7.55,2,CHEMBL3827349
O=C(CCl)OCCn1c(=O)oc2cc3ncnc(Nc4ccc(N5CCCCC5)c(Cl)c4)c3cc21,1,IC50,6.62,1,CHEMBL3912361
O=C(CCl)OCCn1c(=O)oc2cc3ncnc(Nc4ccc(N5CCOCC5)c(Cl)c4)c3cc21,1,IC50,7.72,1,CHEMBL3982289
CN1CCN(c2ccc(Nc3ncnc4cc5oc(=O)n(CCOC(=O)CCl)c5cc34)cc2Cl)CC1,1,IC50,7.7,1,CHEMBL3921302
O=C(CCl)OCCn1c(=O)oc2cc3ncnc(Nc4ccc(OCc5cccc(F)c5)c(Cl)c4)c3cc21,0,IC50 (>),5.0,1,CHEMBL3893306
O=C(CCl)OCCn1c(=O)oc2cc3ncnc(Nc4ccc(Oc5cccc(C(F)(F)F)c5)c(Cl)c4)c3cc21,1,IC50,6.29,1,CHEMBL3930270
O=C(CBr)OCCn1c(=O)oc2cc3ncnc(Nc4ccc(F)c(Cl)c4)c3cc21,1,IC50,6.34,1,CHEMBL3908711
O=C(CBr)OCCn1c(=O)oc2cc3ncnc(Nc4ccc(OCc5cccc(F)c5)c(Cl)c4)c3cc21,1,IC50,7.11,1,CHEMBL3936642
CC(C)(C)c1ccc(Nc2ncnc3cc4oc(=O)n(CCOC(=O)CBr)c4cc23)cc1,1,IC50,6.06,1,CHEMBL3917657
O=C(CBr)OCCn1c(=O)oc2cc3ncnc(Nc4ccc(Oc5cccc(C(F)(F)F)c5)c(Cl)c4)c3cc21,1,IC50,6.8,1,CHEMBL3945555
O=C(CBr)OCCn1c(=O)oc2cc3ncnc(Nc4ccc(F)c(F)c4)c3cc21,1,IC50,6.52,1,CHEMBL3906330
O=C(CBr)OCCn1c(=O)oc2cc3ncnc(Nc4ccc(OCc5ccccc5)cc4)c3cc21,0,IC50 (>),5.0,1,CHEMBL3977016
COc1ccc(COc2ccc(Nc3ncnc4cc5oc(=O)n(CCOC(=O)CBr)c5cc34)cc2)cc1,0,IC50 (>),5.0,1,CHEMBL3981210
CN1CCN(c2ccc(Nc3ncnc4cc5oc(=O)n(CCOC(=O)CBr)c5cc34)cc2Cl)CC1,1,IC50,8.1,1,CHEMBL3897363
O=C(CBr)OCCn1c(=O)oc2cc3ncnc(Nc4ccc(N5CCOCC5)c(Cl)c4)c3cc21,1,IC50,8.0,1,CHEMBL3965948
O=C(CBr)OCCn1c(=O)oc2cc3ncnc(Nc4ccc(N5CCCCC5)c(Cl)c4)c3cc21,1,IC50,6.74,1,CHEMBL3969628
O=C(CCl)OCCn1c(=O)oc2cc3ncnc(Nc4ccc(F)c(Cl)c4)c3cc21,1,IC50,6.48,1,CHEMBL3940060
CCC(=O)Nc1cc2c(Nc3ccc4c(cnn4Cc4ccccc4)c3)ncnc2cc1OC,1,IC50,7.77,1,CHEMBL3948084
CCC(=O)Nc1cc2c(Nc3ccc4c(ccn4Cc4ccccc4)c3)ncnc2cc1OC,1,IC50,7.68,1,CHEMBL3977326
CCC(=O)Nc1cc2c(Nc3ccc4[nH]ncc4c3)ncnc2cc1OC,1,IC50,7.1,1,CHEMBL3921347
CCC(=O)Nc1cc2c(Nc3ccc4[nH]ccc4c3)ncnc2cc1OC,1,IC50,8.22,1,CHEMBL3963723
CCC(=O)Nc1cc2c(Nc3ccc(F)c(Cl)c3)ncnc2cc1OC,1,IC50,8.7,1,CHEMBL3930316
CCC(=O)Nc1cc2c(Nc3ccc(F)c(Cl)c3)ncnc2cc1OCCCN1CCOCC1,1,IC50,8.05,1,CHEMBL3957801
O=C(Nc1cc2c(Nc3ccc(F)c(Cl)c3)ncnc2cc1OCCCN1CCOCC1)C1=CCCC1,1,IC50,8.15,1,CHEMBL3946232
C/C=C/C(=O)Nc1cc2c(Nc3ccc(F)c(Cl)c3)ncnc2cc1OCCCN1CCOCC1,1,IC50,7.66,1,CHEMBL3918330
C=C(C)C(=O)Nc1cc2c(Nc3ccc(F)c(Cl)c3)ncnc2cc1OCCCN1CCOCC1,1,IC50,7.68,1,CHEMBL3974571
CCC(=O)Nc1cc2c(Nc3ccc4c(ccn4Cc4ccccn4)c3)ncnc2cc1OC,1,IC50,7.21,1,CHEMBL3968839
CCC(=O)Nc1cc2c(Nc3ccc4c(ccn4Cc4cccnc4)c3)ncnc2cc1OC,1,IC50,6.15,1,CHEMBL3939300
CCC(=O)Nc1cc2c(Nc3ccc4c(cnn4Cc4ccccn4)c3)ncnc2cc1OC,1,IC50,7.03,1,CHEMBL3919183
CCC(=O)Nc1cc2c(Nc3ccc4c(ccn4S(=O)(=O)c4ccccc4)c3)ncnc2cc1OC,1,IC50,6.9,1,CHEMBL3981041
CCC(=O)Nc1cc2c(Nc3ccc4c(ccn4Cc4ccco4)c3)ncnc2cc1OC,1,IC50,7.07,1,CHEMBL3964380
CCC(=O)Nc1cc2c(Nc3ccc4c(c3)CCN4Cc3ccccc3)ncnc2cc1OC,1,IC50,6.76,1,CHEMBL3904205
CCC(=O)Nc1cc2c(Nc3ccc4c(c3)CCN4Cc3ccccn3)ncnc2cc1OC,1,IC50,6.29,1,CHEMBL3960911
CCC(=O)Nc1cc2c(Nc3ccc4c(ccn4CC(C)C)c3)ncnc2cc1OC,1,IC50,6.38,1,CHEMBL3962032
CCC(=O)Nc1cc2c(NCc3ccccc3)ncnc2cc1OC,1,IC50,6.87,1,CHEMBL3934539
CCC(=O)Nc1cc2c(N[C@H](C)c3ccccc3)ncnc2cc1OC,1,IC50,7.07,1,CHEMBL3973028
CCC(=O)Nc1cc2c(Nc3ccc(Oc4ccccc4)cc3)ncnc2cc1OC,1,IC50,7.19,1,CHEMBL3943512
CCC(=O)Nc1cc2c(Nc3ccc(Oc4cccc(F)c4)cc3)ncnc2cc1OC,1,IC50,6.05,1,CHEMBL3944572
CCC(=O)Nc1cc2c(Nc3ccc(Oc4ccc5c(c4)OCO5)cc3)ncnc2cc1OC,1,IC50,6.29,1,CHEMBL3916644
CCC(=O)Nc1cc2c(Nc3ccc(Oc4cccnc4)cc3)ncnc2cc1OC,1,IC50,6.28,1,CHEMBL3951754
CCC(=O)Nc1cc2c(Nc3ccc(Cc4ccccn4)cc3)ncnc2cc1OC,1,IC50,6.69,1,CHEMBL3980622
CCC(=O)Nc1cc2c(Nc3ccc(Cc4ccncc4)cc3)ncnc2cc1OC,1,IC50,6.41,1,CHEMBL3942999
CCC(=O)Nc1cc2c(Nc3ccc(C(O)c4ccccc4)cc3)ncnc2cc1OC,1,IC50,6.46,1,CHEMBL3972605
CCC(=O)Nc1cc2c(Nc3ccc(OCc4ccccc4)cc3)ncnc2cc1OC,1,IC50,7.44,1,CHEMBL3934034
CCC(=O)Nc1cc2c(Nc3ccc(OCc4cccc(F)c4)c(Cl)c3)ncnc2cc1OC,1,IC50,7.17,1,CHEMBL3961532
CCC(=O)Nc1cc2c(Nc3ccc(OCc4ccccn4)cc3)ncnc2cc1OC,1,IC50,6.94,1,CHEMBL3925158
CCC(=O)Nc1cc2c(Nc3ccc(CCc4ccccc4)cc3)ncnc2cc1OC,1,IC50,6.13,1,CHEMBL3916141
CCC(=O)Nc1cc2c(Nc3ccc(NCc4ccccc4)cc3)ncnc2cc1OC,1,IC50,6.42,1,CHEMBL3944095
CCC(=O)Nc1cc2c(Nc3ccc(NS(=O)(=O)c4ccccc4)cc3)ncnc2cc1OC,1,IC50,7.19,1,CHEMBL3970738
CCC(=O)Nc1cc2c(Nc3ccc(NS(=O)(=O)c4ccccc4)c(F)c3)ncnc2cc1OC,1,IC50,6.23,1,CHEMBL3941175
CCC(=O)Nc1cc2c(Nc3ccc(NS(=O)(=O)c4ccccc4)nc3)ncnc2cc1OC,1,IC50,6.28,1,CHEMBL3923650
CCOc1cc2ncnc(Nc3ccc4c(cnn4Cc4ccccc4)c3)c2cc1NC(=O)/C=C/CN(C)C,1,IC50,8.22,1,CHEMBL3932176
CCOc1cc2ncnc(Nc3ccc4c(cnn4Cc4ccccc4)c3)c2cc1NC(=O)/C=C/CN(C(C)C)C(C)C,1,IC50,7.82,1,CHEMBL3950966
CCOc1cc2ncnc(Nc3ccc4c(cnn4Cc4ccccc4)c3)c2cc1NC(=O)/C=C/CN1CCCC1,1,IC50,8.15,1,CHEMBL3923228
CCOc1cc2ncnc(Nc3ccc4c(cnn4Cc4ccccc4)c3)c2cc1NC(=O)/C=C/CN1CCCCC1,1,IC50,8.1,1,CHEMBL3942228
CCOc1cc2ncnc(Nc3ccc4c(cnn4Cc4ccccc4)c3)c2cc1NC(=O)/C=C/CN1[C@H](C)CCC[C@@H]1C,1,IC50,7.1,1,CHEMBL3914227
CCOc1cc2ncnc(Nc3ccc4c(cnn4Cc4ccccc4)c3)c2cc1NC(=O)/C=C/CN1CCOCC1,1,IC50,7.58,1,CHEMBL3907533
CCOc1cc2ncnc(Nc3ccc4c(cnn4Cc4ccccc4)c3)c2cc1NC(=O)/C=C/CN1CCN(C)CC1,1,IC50,7.64,1,CHEMBL3921129
CCOc1cc2ncnc(Nc3ccc4c(cnn4Cc4ccccc4)c3)c2cc1NC(=O)/C=C/CN1C[C@@H](C)N[C@@H](C)C1,1,IC50,7.77,1,CHEMBL3941823
CCOc1cc2ncnc(Nc3ccc4c(cnn4Cc4ccccc4)c3)c2cc1NC(=O)/C=C/CN1[C@H](C)CNC[C@@H]1C,1,IC50,7.14,1,CHEMBL3971413
COc1cc2ncnc(Nc3ccc(F)c(Cl)c3)c2cc1NC(=O)/C=C/CN(C(C)C)C(C)C,1,IC50,8.7,1,CHEMBL3950549
COCCOc1cc2ncnc(Nc3ccc4c(cnn4Cc4ccccc4)c3)c2cc1NC(=O)/C=C/CN(C)C,1,IC50,8.15,1,CHEMBL3959248
COCCOc1cc2ncnc(Nc3ccc4c(cnn4Cc4ccccc4)c3)c2cc1NC(=O)/C=C/CN1CCCC1,1,IC50,8.0,1,CHEMBL3890186
COCCOc1cc2ncnc(Nc3ccc4c(cnn4Cc4ccccc4)c3)c2cc1NC(=O)/C=C/CN1CCN(C)CC1,1,IC50,7.8,1,CHEMBL3970330
CCOc1cc2ncnc(Nc3ccc4c(ccn4S(=O)(=O)c4ccccc4)c3)c2cc1NC(=O)/C=C/CN(C)C,1,IC50,7.42,1,CHEMBL3899132
CCOc1cc2ncnc(Nc3ccc4c(ccn4S(=O)(=O)c4ccccc4)c3)c2cc1NC(=O)/C=C/CN1CCCC1,1,IC50,7.44,1,CHEMBL3890751
CCOc1cc2ncnc(Nc3ccc4c(ccn4S(=O)(=O)c4ccccc4)c3)c2cc1NC(=O)/C=C/CN1CCOCC1,1,IC50,6.91,1,CHEMBL3933895
COc1cc2ncnc(Nc3ccc(Oc4ccccc4)cc3)c2cc1NC(=O)/C=C/CN1CCCCC1,1,IC50,6.88,1,CHEMBL3958482
COc1cc2ncnc(Nc3ccc(Cc4ccccn4)cc3)c2cc1NC(=O)/C=C/CN1CCCC1,1,IC50,6.83,1,CHEMBL3930965
CCOc1cc2ncnc(Nc3ccc(OCc4cccc(F)c4)c(Cl)c3)c2cc1NC(=O)/C=C/CN1CCCC1,1,IC50,7.22,1,CHEMBL3962365
CCOc1cc2ncnc(Nc3ccc(OCc4cccc(F)c4)c(Cl)c3)c2cc1NC(=O)/C=C/CN1CCN(C)CC1,1,IC50,7.64,1,CHEMBL3939985
CCOc1cc2ncnc(Nc3ccc(OCc4ccccn4)cc3)c2cc1NC(=O)/C=C/CN1CCCC1,1,IC50,7.01,1,CHEMBL3977926
CCOc1cc2ncnc(Nc3ccc(OCc4ccccn4)cc3)c2cc1NC(=O)/C=C/CN1CCN(C)CC1,1,IC50,6.79,1,CHEMBL3922922
CCOc1cc2ncnc(Nc3ccc(NS(=O)(=O)c4ccccc4)cc3)c2cc1NC(=O)/C=C/CN1CCCC1,1,IC50,7.68,1,CHEMBL3986103
CCOc1cc2ncnc(Nc3ccc(NS(=O)(=O)c4ccccc4)cc3)c2cc1NC(=O)/C=C/CN1CCOCC1,1,IC50,7.16,1,CHEMBL3957416
CCOc1cc2ncnc(Nc3ccc(NS(=O)(=O)c4ccccc4)cc3)c2cc1NC(=O)/C=C/CN1CCN(C)CC1,1,IC50,7.09,1,CHEMBL3936505
CN(C)C/C=C/C(=O)Nc1cc2c(Nc3ccc(F)c(Cl)c3)ncnc2cn1,1,IC50,8.7,1,CHEMBL3968417
O=C(/C=C/CN1CCCCC1)Nc1cc2c(Nc3ccc(F)c(Cl)c3)ncnc2cn1,1,IC50,7.85,1,CHEMBL3930506
O=C(/C=C/CN1CCOCC1)Nc1cc2c(Nc3ccc(F)c(Cl)c3)ncnc2cn1,1,IC50,7.92,1,CHEMBL3958006
CN1CCN(C/C=C/C(=O)Nc2cc3c(Nc4ccc(F)c(Cl)c4)ncnc3cn2)CC1,1,IC50,7.72,1,CHEMBL3921555
CN(C)C/C=C/C(=O)Nc1cc2c(Nc3ccc4c(cnn4Cc4ccccc4)c3)ncnc2cn1,1,IC50,7.39,1,CHEMBL3949347
O=C(/C=C/CN1CCCC1)Nc1cc2c(Nc3ccc4c(cnn4Cc4ccccc4)c3)ncnc2cn1,1,IC50,7.24,1,CHEMBL3948267
CN(C)C/C=C/C(=O)Nc1cc2c(Nc3ccc(Oc4ccccc4)cc3)ncnc2cn1,1,IC50,6.7,1,CHEMBL3977504
O=C(/C=C/CN1CCCC1)Nc1cc2c(Nc3ccc(Oc4ccccc4)cc3)ncnc2cn1,1,IC50,6.75,1,CHEMBL3896779
CN(C)C/C=C/C(=O)Nc1cc2c(Nc3ccc(Cc4ccccn4)cc3)ncnc2cn1,1,IC50,6.52,1,CHEMBL3969056
O=C(/C=C/CN1CCCC1)Nc1cc2c(Nc3ccc(Cc4ccccn4)cc3)ncnc2cn1,1,IC50,6.39,1,CHEMBL3967962
CN1CCN(C/C=C/C(=O)Nc2cc3c(Nc4ccc(Cc5ccccn5)cc4)ncnc3cn2)CC1,1,IC50,6.07,1,CHEMBL3921446
CN(C)C/C=C/C(=O)Nc1cc2c(Nc3ccc(OCc4cccc(F)c4)c(Cl)c3)ncnc2cn1,1,IC50,7.6,1,CHEMBL3981551
O=C(/C=C/CN1CCCC1)Nc1cc2c(Nc3ccc(OCc4cccc(F)c4)c(Cl)c3)ncnc2cn1,1,IC50,7.43,1,CHEMBL3904257
COC[C@@H](Nc1ncnc2oc(-c3ccccc3)cc12)c1ccccc1,1,IC50,7.55,1,CHEMBL3952877
c1ccc(CNc2ncnc3oc(-c4ccccc4)cc23)cc1,1,IC50,7.03,1,CHEMBL3981621
OC[C@@H](Nc1ncnc2oc(-c3ccc(O)cc3)cc12)c1ccccc1,1,IC50,8.7,1,CHEMBL3961553
OC[C@@H](Nc1ncnc2oc(-c3ccccc3)cc12)c1ccccc1,1,IC50,8.41,1,CHEMBL3892567
COc1ccc(-c2cc3c(N[C@H](C)c4ccc(F)cc4)ncnc3o2)cc1,1,IC50,7.57,1,CHEMBL3973601
COc1ccc(-c2cc3c(N[C@H](C)c4cccc(F)c4)ncnc3o2)cc1,1,IC50,7.62,1,CHEMBL3953210
COc1ccc(-c2cc3c(N[C@H](C)c4ccccc4F)ncnc3o2)cc1,1,IC50,7.62,1,CHEMBL3925584
COc1ccc(-c2cc3c(N[C@H](CCO)c4ccccc4)ncnc3o2)cc1,1,IC50,8.4,1,CHEMBL3961961
COc1ccc(-c2cc3c(NC(CC(N)=O)c4ccccc4)ncnc3o2)cc1,1,IC50,7.66,1,CHEMBL3934461
CC[C@@H](Nc1ncnc2oc(-c3ccc(OC)cc3)cc12)c1ccccc1,1,IC50,7.66,1,CHEMBL3972981
COC[C@@H](Nc1ncnc2oc(-c3ccc(OC)cc3)cc12)c1ccccc1,1,IC50,7.85,1,CHEMBL3943438
COc1ccc(-c2cc3c(NCc4ccccc4)ncnc3o2)cc1,1,IC50,7.13,1,CHEMBL3939429
COc1ccc(-c2cc3c(N[C@H](CO)c4ccccc4)ncnc3o2)cc1,1,IC50,8.57,1,CHEMBL3952157
C[C@@H](Nc1ncnc2oc(-c3ccc(NCCN4CCCCC4)cc3)cc12)c1ccccc1,1,IC50,9.22,1,CHEMBL3891846
C[C@@H](Nc1ncnc2oc(-c3ccc(NCCN4CCOCC4)cc3)cc12)c1ccccc1,1,IC50,8.96,1,CHEMBL3960853
C[C@@H](Nc1ncnc2oc(-c3ccc(NCCN(C)C)cc3)cc12)c1ccccc1,1,IC50,9.4,1,CHEMBL3901622
C=Cc1ccc(-c2cc3c(N[C@H](C)c4ccccc4)ncnc3o2)cc1,1,IC50,7.54,1,CHEMBL3929584
C[C@@H](Nc1ncnc2oc(-c3ccccc3O)cc12)c1ccccc1,1,IC50,8.7,1,CHEMBL3928512
C[C@@H](Nc1ncnc2oc(-c3cccc(O)c3)cc12)c1ccccc1,1,IC50,8.34,1,CHEMBL3956112
C[C@@H](Nc1ncnc2oc(-c3ccc(O)cc3)cc12)c1ccccc1,1,IC50,8.82,1,CHEMBL3919609
COc1ccccc1-c1cc2c(N[C@H](C)c3ccccc3)ncnc2o1,1,IC50,8.4,1,CHEMBL3947406
COc1cccc(-c2cc3c(N[C@H](C)c4ccccc4)ncnc3o2)c1,1,IC50,8.15,1,CHEMBL3946396
C[C@@H](Nc1ncnc2oc(-c3ccc(C#N)cc3)cc12)c1ccccc1,1,IC50,7.36,1,CHEMBL3975699
C[C@@H](Nc1ncnc2oc(-c3ccc(Br)cc3)cc12)c1ccccc1,1,IC50,7.25,1,CHEMBL3937527
C[C@@H](Nc1ncnc2oc(-c3ccc(F)cc3)cc12)c1ccccc1,1,IC50,7.89,1,CHEMBL3967219
C[C@@H](Nc1ncnc2oc(-c3ccccc3)cc12)c1ccccc1,1,IC50,7.96,1,CHEMBL3908303
COc1ccc(-c2cc3c(N[C@H](C)c4ccccc4)ncnc3o2)cc1,1,IC50,8.28,1,CHEMBL3933539
Cc1cccc2c1nc(NC(=O)c1cccc(C(F)(F)F)c1)n2[C@H]1CC[C@H](O)CC1,0,IC50,4.93,2,CHEMBL3918367
Cc1cccc2nc(NC(=O)c3cccc(C(F)(F)F)c3)n([C@H]3CC[C@H](O)CC3)c12,1,IC50,7.05,2,CHEMBL3937373
C=CC(=O)N1CCCC[C@@H](n2c(NC(=O)c3cccc(C(F)(F)F)c3)nc3cccc(C)c32)C1,1,IC50,8.86,3,CHEMBL3972316
Cc1cccc2nc(NC(=O)c3cccc(C(F)(F)F)c3)n([C@@H]3CCCCN(C(=O)/C=C/CN(C)C)C3)c12,1,IC50,8.66,3,CHEMBL3951434
Cc1cccc2nc(NC(=O)c3ccnc(C(F)(F)F)c3)n([C@@H]3CCCCN(C(=O)/C=C/CN(C)C)C3)c12,1,IC50,8.82,3,CHEMBL3939913
Cc1cc(C(=O)Nc2nc3cccc(C)c3n2[C@@H]2CCCCN(C(=O)/C=C/CN(C)C)C2)ccn1,1,IC50,8.68,3,CHEMBL3960167
C=CC(=O)NCCn1c(NC(=O)c2cccc(C(F)(F)F)c2)nc2cc(C)ccc21,0,IC50 (>),4.3,2,CHEMBL3936272
C=CC(=O)N1CC(n2c(NC(=O)c3cccc(C(F)(F)F)c3)nc3cc(C)ccc32)C1,0,IC50 (>),4.3,2,CHEMBL3921545
C=CC(=O)N1CCC(n2c(NC(=O)c3cccc(C(F)(F)F)c3)nc3cc(C)ccc32)C1,0,IC50 (>),4.3,2,CHEMBL3894391
C=CC(=O)N1CCC(n2c(NC(=O)c3cccc(C(F)(F)F)c3)nc3cc(C)ccc32)CC1,0,IC50,4.78,2,CHEMBL3982602
C=CC(=O)N1CCCCC(n2c(NC(=O)c3cccc(C(F)(F)F)c3)nc3cc(C)ccc32)C1,1,IC50,8.21,3,CHEMBL3901943
C=CC(=O)N1CCCC(n2c(NC(=O)c3cccc(C(F)(F)F)c3)nc3cc(C)ccc32)CC1,0,IC50 (>),4.3,2,CHEMBL3972987
C=CC(=O)NC1CCC(n2c(NC(=O)c3cccc(C(F)(F)F)c3)nc3cc(C)ccc32)C1,0,IC50 (>),4.3,1,CHEMBL3892960
C=CC(=O)N[C@H]1CCCC[C@H]1n1c(NC(=O)c2cccc(C(F)(F)F)c2)nc2cc(C)ccc21,0,IC50 (>),4.3,2,CHEMBL3961970
C=CC(=O)N[C@@H]1CCCC[C@H]1n1c(NC(=O)c2cccc(C(F)(F)F)c2)nc2cc(C)ccc21,0,IC50 (>),4.3,2,CHEMBL3981978
C=CC(=O)N[C@H]1CC[C@@H](n2c(NC(=O)c3cccc(C(F)(F)F)c3)nc3cc(C)ccc32)CC1,0,IC50 (>),4.3,2,CHEMBL3944524
C=CC(=O)N[C@H]1CC[C@H](n2c(NC(=O)c3cccc(C(F)(F)F)c3)nc3cc(C)ccc32)CC1,0,IC50 (>),4.3,2,CHEMBL3962999
C=CC(=O)Nc1ccccc1-n1c(NC(=O)c2cccc(C(F)(F)F)c2)nc2cc(C)ccc21,0,IC50 (>),4.48,2,CHEMBL3935558
C=CC(=O)Nc1ccc(-n2c(NC(=O)c3cccc(C(F)(F)F)c3)nc3cc(C)ccc32)cc1,0,IC50 (>),4.3,2,CHEMBL3916436
C=CC(=O)Nc1cccc(Nc2nc(Nc3ccc(Cn4ccnc4)cc3OC)ncc2Cl)c1,1,IC50,6.96,2,CHEMBL3985086
C=CC(=O)Nc1cccc(Nc2nc(Nc3ccc(Cn4ccnc4)cc3)ncc2Cl)c1,1,IC50,8.48,2,CHEMBL3967512
C=CC(=O)Nc1cccc(Nc2nc(Nc3ccc(Cn4ccnc4)cc3)ncc2F)c1,1,IC50,8.05,2,CHEMBL3930539
C=CC(=O)Nc1cccc(Nc2nc(Nc3ccc(OCCn4ccnc4)cc3)ncc2Cl)c1,1,IC50,6.97,1,CHEMBL3947759
C=CC(=O)Nc1cccc(Nc2nc(Nc3ccc(OCCn4cncn4)cc3)ncc2Cl)c1,1,IC50,6.99,1,CHEMBL3977022
C=CC(=O)Nc1cccc(Nc2nc(Nc3ccc(OCCn4ccnc4)cc3)ncc2F)c1,1,IC50,8.04,1,CHEMBL3956430
C=CC(=O)Nc1cccc(Nc2nc(Nc3ccc(NC(=O)Cn4ccnc4)cc3)ncc2[N+](=O)[O-])c1,1,IC50,6.93,1,CHEMBL3903063
C=CC(=O)Nc1cccc(Nc2nc(Nc3ccc(-n4ccnc4)cc3)ncc2[N+](=O)[O-])c1,1,IC50,7.01,1,CHEMBL3931038
C=CC(=O)Nc1cccc(Nc2nc(Nc3ccc(OCCCn4ccnc4)cc3)ncc2[N+](=O)[O-])c1,1,IC50,7.39,1,CHEMBL3953593
C=CC(=O)Nc1cccc(Nc2nc(Nc3ccc(OCCCn4cnnn4)cc3)ncc2[N+](=O)[O-])c1,1,IC50,7.0,1,CHEMBL3925959
CC(C)S(=O)(=O)c1ccccc1Nc1nc(N/N=C/c2ccc(F)cc2)ncc1Cl,1,IC50,6.24,1,CHEMBL3921664
CC(C)S(=O)(=O)c1ccccc1Nc1nc(N/N=C/c2ccc(C(F)(F)F)cc2)ncc1Cl,1,IC50,6.23,1,CHEMBL3893810
COc1ccc(/C=N/Nc2ncc(Cl)c(Nc3ccccc3S(=O)(=O)C(C)C)n2)cc1,1,IC50,6.23,1,CHEMBL3894726
CC(C)S(=O)(=O)c1ccccc1Nc1nc(N/N=C/c2ccc(OC(F)(F)F)cc2)ncc1Cl,1,IC50,6.05,1,CHEMBL3913728
COc1cccc(/C=N/Nc2ncc(Cl)c(Nc3ccccc3S(=O)(=O)C(C)C)n2)c1,1,IC50,6.22,1,CHEMBL3905284
CC(C)S(=O)(=O)c1ccccc1Nc1nc(N/N=C/c2cccc(C(F)(F)F)c2)ncc1Cl,1,IC50,6.34,1,CHEMBL3934594
S=C(NNc1nncc2ccccc12)Nc1ccccc1,1,IC50,7.19,1,CHEMBL3924500
CCCCNC(=S)NNc1nncc2ccccc12,1,IC50,7.28,1,CHEMBL3905411
CCN=C(S)NNc1nncc2ccccc12,1,IC50,7.12,1,CHEMBL1380839
NC(=S)NNc1nncc2ccccc12,1,IC50,7.11,1,CHEMBL3977192
CCOC(=O)c1ccc(Nc2nncc3ccccc23)cc1,1,IC50,8.36,1,CHEMBL3906533
O=C(O)c1ccc(Nc2nncc3ccccc23)cc1,1,IC50,8.21,1,CHEMBL3937949
N#Cc1ccc(Nc2nncc3ccccc23)cc1,1,IC50,8.39,1,CHEMBL3915508
Fc1ccc(Nc2nncc3ccccc23)cc1,1,IC50,8.22,1,CHEMBL3979610
Cc1cc(C)nc(NS(=O)(=O)c2ccc(Nc3nncc4ccccc34)cc2)n1,1,IC50,8.17,1,CHEMBL3950630
O=S(=O)(Nc1ncccn1)c1ccc(Nc2nncc3ccccc23)cc1,1,IC50,7.07,1,CHEMBL3908272
O=S(=O)(Nc1ccccn1)c1ccc(Nc2nncc3ccccc23)cc1,1,IC50,7.08,1,CHEMBL3978686
Cc1cc(NS(=O)(=O)c2ccc(Nc3nncc4ccccc34)cc2)no1,1,IC50,6.89,1,CHEMBL3899216
O=S(=O)(Nc1nccs1)c1ccc(Nc2nncc3ccccc23)cc1,1,IC50,7.06,1,CHEMBL3970399
NS(=O)(=O)c1ccc(Nc2nncc3ccccc23)cc1,1,IC50,6.85,1,CHEMBL3926223
S=C(NNc1nncc2ccccc12)Nc1ccc(Cl)cc1,1,IC50,7.19,1,CHEMBL3896476
COc1ccc(NC(=S)NNc2nncc3ccccc23)cc1,1,IC50,7.28,1,CHEMBL3927914
O=C1CS/C(=N/Nc2nncc3ccccc23)N1,1,IC50,7.29,1,CHEMBL3938794
CCN1C(=O)CS/C1=N/Nc1nncc2ccccc12,1,IC50,7.33,1,CHEMBL3893698
CCCCN1C(=O)CS/C1=N/Nc1nncc2ccccc12,1,IC50,7.64,1,CHEMBL3921710
O=C1CS/C(=N/Nc2nncc3ccccc23)N1c1ccccc1,1,IC50,7.35,1,CHEMBL3982619
O=C1CS/C(=N/Nc2nncc3ccccc23)N1c1ccc(Cl)cc1,1,IC50,7.38,1,CHEMBL3912723
COc1ccc(N2C(=O)CS/C2=N/Nc2nncc3ccccc23)cc1,1,IC50,7.44,1,CHEMBL3974626
C(=C/c1ccccc1)\C(=N\Nc1nncc2ccccc12)c1ccccc1,1,IC50,8.25,1,CHEMBL3903713
Clc1ccc(C(/C=C/c2ccccc2)=N\Nc2nncc3ccccc23)cc1,1,IC50,8.2,1,CHEMBL3966129
Fc1ccc(/C=C/C(=N/Nc2nncc3ccccc23)c2ccccc2)cc1,1,IC50,8.16,1,CHEMBL3963403
Clc1ccc(/C=C/C(=N/Nc2nncc3ccccc23)c2ccccc2)cc1,1,IC50,8.34,1,CHEMBL3900264
Cc1ccc(C(/C=C/c2ccc(F)cc2)=N\Nc2nncc3ccccc23)cc1,1,IC50,8.19,1,CHEMBL3983586
COc1ccc(/C=C/C(=N/Nc2nncc3ccccc23)c2ccc(Cl)cc2)cc1,1,IC50,8.27,1,CHEMBL3897723
Oc1cc(O)c2cc(O)c(-c3cc(O)c(O)c(O)c3)[o+]c2c1,1,IC50,8.2,1,CHEMBL590878
COc1cc2c(Oc3ccc(NC(=O)c4nn(-c5ccccc5F)c(=O)n4C)cc3F)ccnc2cc1OCCCN1CCN(C)CC1,0,IC50 (>),5.0,1,CHEMBL3946811
COc1cc(Nc2ncnc3ccc(-c4ccc(CN5C[C@@H]6[C@@H](CO)[C@@H]6C5)cc4)cc23)ccc1Oc1ccccc1,1,IC50,6.17,1,CHEMBL3890526
C[C@@H]1COC(Nc2ccc3ncnc(Nc4ccc(OCc5nccs5)c(Cl)c4)c3c2)=N1,1,IC50,8.15,3,CHEMBL2103842
COc1cc(Nc2ncnc3ccc(-c4cn(CCCCCCC(=O)NO)nn4)cc23)ccc1Oc1ccccc1,1,IC50,7.94,1,CHEMBL3982710
COc1cc(Nc2ncnc3ccc(-c4cn(CCCCCC(=O)NO)nn4)cc23)ccc1Oc1ccccc1,1,IC50,8.24,1,CHEMBL3921816
Cc1ccc(Oc2ccc(Nc3ncnc4ccc(-c5cn(CCCCCCC(=O)NO)nn5)cc34)cc2C)cn1,1,IC50,8.0,1,CHEMBL3893822
Cc1ccc(Oc2ccc(Nc3ncnc4ccc(-c5cn(CCCCCC(=O)NO)nn5)cc34)cc2C)cn1,1,IC50,8.19,1,CHEMBL3930762
O=C(CCCCCCn1cc(-c2ccc3ncnc(Nc4ccc(OCc5nccs5)c(Cl)c4)c3c2)nn1)NO,1,IC50,8.44,1,CHEMBL3902778
O=C(CCCCCn1cc(-c2ccc3ncnc(Nc4ccc(OCc5nccs5)c(Cl)c4)c3c2)nn1)NO,1,IC50,8.16,1,CHEMBL3939771
O=C(CCCCCCn1cc(-c2ccc3ncnc(Nc4ccc(OCc5cccc(F)c5)c(Cl)c4)c3c2)nn1)NO,1,IC50,8.38,1,CHEMBL3911796
O=C(CCCCCn1cc(-c2ccc3ncnc(Nc4ccc(OCc5cccc(F)c5)c(Cl)c4)c3c2)nn1)NO,1,IC50,8.72,1,CHEMBL3964033
O=C(CCCCCCn1cc(-c2ccc3ncnc(Nc4cccc(Cl)c4F)c3c2)nn1)NO,1,IC50,9.92,1,CHEMBL3930620
O=C(CCCCCn1cc(-c2ccc3ncnc(Nc4cccc(Cl)c4F)c3c2)nn1)NO,1,IC50,9.57,1,CHEMBL3929484
O=C(CCCCCCn1cc(-c2ccc3ncnc(Nc4ccc(F)c(Cl)c4)c3c2)nn1)NO,1,IC50,9.16,1,CHEMBL3957055
O=C(CCCCCn1cc(-c2ccc3ncnc(Nc4ccc(F)c(Cl)c4)c3c2)nn1)NO,1,IC50,9.19,1,CHEMBL3920583
COc1cc2c(Oc3ccc(NC(=O)c4cn(-c5ccccc5OC)cn4)cc3F)ccnc2cc1OCCCN1CCN(C)CC1,1,IC50,6.16,1,CHEMBL3931223
Cc1cccc(Nc2ccnc(Nc3ccc(N4CCN(C)CC4)cc3)n2)c1,0,IC50,4.96,1,CHEMBL3883652
Cc1cc(Nc2ncc(C#N)c(Nc3cccc(S(=O)(=O)NC(C)(C)C)c3)n2)ccc1N1CCN(C)CC1,0,IC50 (>),3.82,1,CHEMBL3885292
NS(=O)(=O)c1cccc(Nc2ccnc(Nc3ccc(N4CCOCC4)cc3)n2)c1,0,IC50 (>),4.0,1,CHEMBL3884240
Cc1cccc(Nc2ccnc(Nc3ccc(N4CCN(C)CC4)c(C)c3)n2)c1,0,IC50 (>),3.82,1,CHEMBL3884848
Cc1cc(Nc2nccc(Nc3cccc(S(N)(=O)=O)c3)n2)ccc1N1CCN(C)CC1,0,IC50 (>),3.82,1,CHEMBL3884104
COC(=O)CNC(=O)c1ccc(Nc2ncnc3cc(OCCCN4CCOCC4)c(OC)cc23)cc1,1,IC50,6.12,1,CHEMBL3904787
COC(=O)CNC(=O)c1ccc(Nc2ncnc3cc(OCCCN4CCN(C)CC4)c(OC)cc23)cc1,1,IC50,6.21,1,CHEMBL3975598
COc1cc2c(Nc3ccc(NC(=O)Nc4ccc(C)c(C)c4)c(Cl)c3)ncnc2cc1OCCN1CCCCC1,1,IC50,6.09,1,CHEMBL3939588
COc1cc2c(Nc3ccc(NC(=O)Nc4ccc(Cl)cc4)c(Cl)c3)ncnc2cc1OCCN1CCCCC1,0,IC50 (>),5.0,1,CHEMBL3911612
COc1cc2c(Nc3ccc(NC(=O)Nc4ccccc4)c(Cl)c3)ncnc2cc1OCCN1CCCCC1,1,IC50,6.67,1,CHEMBL3948354
COc1cc2c(Nc3ccc(NC(=O)Nc4ccc(C)c(C)c4)c(Cl)c3)ncnc2cc1OCCCN1CCOCC1,1,IC50,7.29,1,CHEMBL3920551
COc1cc2c(Nc3ccc(NC(=O)Nc4ccc(Cl)cc4)c(Cl)c3)ncnc2cc1OCCCN1CCOCC1,1,IC50,7.77,1,CHEMBL3957025
COc1cc2c(Nc3ccc(NC(=O)Nc4ccc(F)c(Cl)c4)c(Cl)c3)ncnc2cc1OCCCN1CCN(C)CC1,1,IC50,7.11,1,CHEMBL3929448
COc1cc2c(Nc3ccc(NC(=O)Nc4ccc(C)c(C)c4)c(Cl)c3)ncnc2cc1OCCCN1CCN(C)CC1,1,IC50,9.0,1,CHEMBL3968039
COc1cc2c(Nc3ccc(NC(=O)Nc4ccccc4C)c(Cl)c3)ncnc2cc1OCCCN1CCN(C)CC1,1,IC50,7.82,1,CHEMBL3938494
COc1cc2c(Nc3ccc(NC(=O)Nc4ccc(Cl)cc4)c(Cl)c3)ncnc2cc1OCCCN1CCN(C)CC1,1,IC50,9.0,1,CHEMBL3962233
COc1cc2c(Nc3ccc(NC(=O)Nc4ccccc4)c(Cl)c3)ncnc2cc1OCCCN1CCN(C)CC1,1,IC50,7.85,1,CHEMBL3979264
COc1cc2c(Nc3ccc(NC(=O)Nc4ccc(C)c(C)c4)cc3)ncnc2cc1OCCCN1CCN(C)CC1,1,IC50,6.17,1,CHEMBL3905552
COc1cc2c(Nc3ccc(NC(=O)Nc4ccccc4C)cc3)ncnc2cc1OCCCN1CCN(C)CC1,1,IC50,6.3,1,CHEMBL3933568
COc1cc2c(Nc3ccc(NC(=O)Nc4cccc(Cl)c4)cc3)ncnc2cc1OCCCN1CCN(C)CC1,1,IC50,6.3,1,CHEMBL3896615
COc1cc2c(Nc3ccc(NC(=O)Nc4ccc(Cl)cc4)cc3)ncnc2cc1OCCCN1CCN(C)CC1,1,IC50,6.63,1,CHEMBL3905242
COc1cc2c(Nc3ccc(NC(=O)Nc4ccccc4)cc3)ncnc2cc1OCCCN1CCN(C)CC1,1,IC50,6.71,1,CHEMBL3923551
COc1cc2c(Nc3ccc(NC(=O)Nc4ccc(C)c(C)c4)cc3)ncnc2cc1OCc1ccccc1,0,IC50 (>),5.0,1,CHEMBL3951268
COc1cc2c(Nc3ccc(NC(=O)Nc4ccccc4C)cc3)ncnc2cc1OCc1ccccc1,0,IC50 (>),5.0,1,CHEMBL3914525
COc1cc2c(Nc3ccc(NC(=O)Nc4ccc(C)cc4)cc3)ncnc2cc1OCc1ccccc1,0,IC50 (>),5.0,1,CHEMBL3942536
COc1cc2c(Nc3ccc(NC(=O)Nc4ccc(Cl)cc4)cc3)ncnc2cc1OCc1ccccc1,0,IC50 (>),5.0,1,CHEMBL3965994
O=C(CCCOc1ccc2ncnc(Nc3ccc(F)c(Cl)c3)c2c1)NO,1,IC50,7.0,1,CHEMBL3909214
C#Cc1cccc(Nc2ncnc3ccc(OCCCC(=O)NO)cc23)c1,1,IC50,7.0,1,CHEMBL3979482
C#Cc1cccc(Nc2ncnc3ccc(OCCCCCC(=O)NO)cc23)c1,1,IC50,7.0,1,CHEMBL3912598
C#Cc1cccc(Nc2ncnc3ccc(OCCCCCCC(=O)NO)cc23)c1,1,IC50,7.0,1,CHEMBL3975990
Nc1cc(Br)ccc1NC(=O)COc1ccc2ncnc(Nc3ccc(F)c(Cl)c3)c2c1,1,IC50,7.0,1,CHEMBL3922068
C[C@@H](Nc1ncnc2ccc(OCCCCCC(=O)NO)cc12)c1ccccc1,1,IC50,7.0,1,CHEMBL3924787
O=C(/C=C/c1ccc(OCCOc2ccc3ncnc(Nc4ccc(F)c(Cl)c4)c3c2)cc1)NO,1,IC50,6.0,1,CHEMBL3975710
C[C@@H](Nc1ncnc2ccc(OCCCCCCC(=O)NO)cc12)c1ccccc1,1,IC50,7.0,1,CHEMBL3984008
COc1cc2ncnc(N[C@@H](C)c3ccccc3)c2cc1OCCCCCCC(=O)NO,1,IC50,6.0,1,CHEMBL599218
COc1cc2ncnc(N[C@H](C)c3ccc(F)cc3)c2cc1OCCCCCCC(=O)NO,1,IC50,7.0,1,CHEMBL2309506
COc1cc2ncnc(N[C@H](C)c3ccc(Cl)cc3)c2cc1OCCCCCCC(=O)NO,1,IC50,7.0,1,CHEMBL2309507
COc1cc2ncnc(NCCc3ccccc3)c2cc1OCCCCCCC(=O)NO,1,IC50,7.0,1,CHEMBL3917951
COc1cc2ncnc(NCc3ccc(F)c(F)c3)c2cc1OCCCCCCC(=O)NO,1,IC50,7.0,1,CHEMBL3914607
COc1cc2ncnc(NCc3cccc(Br)c3)c2cc1OCCCCCCC(=O)NO,1,IC50,7.0,1,CHEMBL3906200
C[C@@H](Nc1ncnc2[nH]c(-c3ccc(CNCC(=O)NO)cc3)cc12)c1ccccc1,1,IC50,6.0,1,CHEMBL3910297
C[C@@H](Nc1ncnc2[nH]c(-c3ccc(NC(=O)CCNCC(=O)NO)cc3)cc12)c1ccccc1,1,IC50,7.0,1,CHEMBL3950023
C[C@@H](Nc1ncnc2[nH]c(-c3ccc(CNCCCCCCCC(=O)NO)cc3)cc12)c1ccccc1,1,IC50,7.0,1,CHEMBL3898480
O=C(CCCCCN1CCN(Cc2ccc(-c3cc4c(NCc5ccccc5)ncnc4[nH]3)cc2)CC1)NO,1,IC50,7.0,1,CHEMBL3917105
C[C@@H](Nc1ncnc2[nH]c(-c3ccc(OCCCCCCC(=O)NO)cc3)cc12)c1ccc(F)cc1,1,IC50,7.0,1,CHEMBL3914322
O=C(CCCCCCOc1ccc(-c2cc3c(NCc4ccccc4)ncnc3[nH]2)cc1)NO,1,IC50,7.0,1,CHEMBL3985004
C=CC(=O)N1CC[C@H](Oc2cc3c(Nc4ccc(F)c(Cl)c4F)ncnc3cc2OC)C1,1,IC50,8.89,2,CHEMBL3965391
C=CC(=O)N1CC[C@H](Oc2cc3c(Nc4ccc(Br)c(Cl)c4F)ncnc3cc2OC)C1,1,IC50,8.1,2,CHEMBL3904966
C=CC(=O)N1CC[C@H](Oc2cc3c(Nc4ccc(Cl)c(Cl)c4F)ncnc3cc2OC)C1,1,IC50,8.89,2,CHEMBL3968784
C=CC(=O)N1CC[C@H](Oc2cc3c(Nc4ccc(OCc5ccccn5)c(Cl)c4)ncnc3cc2OC)C1,1,IC50,8.3,2,CHEMBL3922182
C=CC(=O)N1CC[C@H](Oc2cc3c(N[C@H](C)c4ccccc4)ncnc3cc2OC)C1,1,IC50,7.92,2,CHEMBL3919447
C=CC(=O)N1CC[C@H](Oc2ccc3ncnc(Nc4ccc(F)c(Cl)c4F)c3c2)C1,1,IC50,8.05,2,CHEMBL3940909
C=CC(=O)N1CC[C@H](Oc2ccc3ncnc(Nc4ccc(OCc5cccc(F)c5)c(Cl)c4)c3c2)C1,1,IC50,8.1,2,CHEMBL3965087
C=CC(=O)N1CC(Oc2cc3c(Nc4ccc(F)c(Cl)c4F)ncnc3cc2OC)C1,1,IC50,9.15,2,CHEMBL3909201
C=CC(=O)N1CCC(Oc2cc3c(Nc4ccc(F)c(Cl)c4F)ncnc3cc2OC)CC1,1,IC50,8.96,2,CHEMBL3970231
C=CC(=O)N1CC(Oc2cc3c(N[C@H](C)c4ccccc4)ncnc3cc2OC)C1,1,IC50,8.22,2,CHEMBL3926558
C=CC(=O)N1CC(Oc2cc3c(Nc4cccc(Cl)c4F)ncnc3cc2OC)C1,1,IC50,8.4,2,CHEMBL3954587
C=CC(=O)N1CC(Oc2cc3c(Nc4ccc(Cl)c(Cl)c4F)ncnc3cc2OC)C1,1,IC50,8.35,2,CHEMBL3914159
C=CC(=O)N1CC(Oc2cc3c(Nc4cccc(Cl)c4)ncnc3cc2OC)C1,1,IC50,8.8,2,CHEMBL3898690
C=CC(=O)N1CCC(Oc2cc3c(Nc4cccc(Cl)c4F)ncnc3cc2OC)CC1,1,IC50,8.3,2,CHEMBL3898447
C=CC(=O)N1CCC(Oc2cc3c(Nc4ccc(Cl)c(Cl)c4F)ncnc3cc2OC)CC1,1,IC50,10.21,19,CHEMBL3545154
C=CC(=O)N1CCC(Oc2cc3c(Nc4cccc(Cl)c4)ncnc3cc2OC)CC1,1,IC50,8.38,2,CHEMBL3932286
C=CC(=O)N1CCC(Oc2cc3c(Nc4ccc(F)c(Cl)c4F)ncnc3cc2OCCC)CC1,1,IC50,9.15,2,CHEMBL3940089
C=CC(=O)N1CC[C@H](Oc2cc3c(Nc4ccc(F)c(Cl)c4F)ncnc3cc2OC)C[C@H]1C(N)=O,1,IC50,9.15,2,CHEMBL3929060
C=CC(=O)N1CC[C@@H](Oc2cc3c(Nc4ccc(F)c(Cl)c4F)ncnc3cc2OC)C[C@@H]1C(=O)OC,1,IC50,8.77,2,CHEMBL3972168
C=CC(=O)N1CC[C@@H](Oc2cc3c(Nc4ccc(F)c(Cl)c4F)ncnc3cc2OC)C[C@@H]1C(N)=O,1,IC50,9.15,2,CHEMBL3958624
COc1cc2ncnc(Nc3cccc(Cl)c3F)c2cc1OC1CCN(C(=O)CO)CC1,1,IC50,6.69,1,CHEMBL3900054
C=CC(=O)N1CC(Oc2cc3c(Nc4ccc(F)c(Cl)c4)ncnc3cc2OC)C1,1,IC50,8.89,1,CHEMBL3916927
C=CC(=O)N1CCC(Oc2cc3c(Nc4ccc(Br)c(C)c4)ncnc3cc2OC)CC1,1,IC50,8.12,1,CHEMBL3910915
C=CC(=O)N1CCC(Oc2cc3c(Nc4cccc(C)c4)ncnc3cc2OC)CC1,1,IC50,8.03,1,CHEMBL3971939
C=CC(=O)N1CCC(Oc2cc3c(Nc4cccc(Br)c4)ncnc3cc2OC)CC1,1,IC50,8.15,1,CHEMBL3935007
C=CC(=O)N1CCC(Oc2cc3c(Nc4cccc(C(F)(F)F)c4)ncnc3cc2OC)CC1,1,IC50,7.79,1,CHEMBL3978740
C=CC(=O)N1CCC(Oc2cc3c(Nc4cccc(C=C)c4)ncnc3cc2OC)CC1,1,IC50,8.52,1,CHEMBL3961848
C=C(CN(C)C)C(=O)N1CC(Oc2cc3c(Nc4ccc(F)c(Cl)c4F)ncnc3cc2OC)C1,1,IC50,8.7,1,CHEMBL3898077
C=C(CN1CCOCC1)C(=O)N1CC(Oc2cc3c(Nc4ccc(F)c(Cl)c4F)ncnc3cc2OC)C1,1,IC50,8.4,1,CHEMBL3895411
C=CC(=O)N1CC[C@H](Oc2cc3c(Nc4ccc(F)c(Cl)c4F)ncnc3cc2OC)C[C@H]1C(=O)NCCO,1,IC50,8.74,1,CHEMBL3985465
C=CC(=O)N1CC[C@H](Oc2cc3c(Nc4ccc(F)c(Cl)c4F)ncnc3cc2OC)C[C@H]1C(=O)NCCOC,1,IC50,8.42,1,CHEMBL3980793
C=CC(=O)N1CC[C@H](Oc2cc3c(Nc4ccc(F)c(Cl)c4F)ncnc3cc2OC)C[C@H]1C(=O)NCCSC,1,IC50,8.85,1,CHEMBL3932784
C=CC(=O)N1CC[C@H](Oc2cc3c(Nc4ccc(F)c(Cl)c4F)ncnc3cc2OC)C[C@H]1C(=O)NCCS(C)(=O)=O,1,IC50,8.52,1,CHEMBL3935492
C=CC(=O)N1CC[C@H](Oc2cc3c(Nc4ccc(F)c(Cl)c4F)ncnc3cc2OC)C[C@H]1C(=O)NCCN(C)C,1,IC50,8.18,1,CHEMBL3979366
C=CC(=O)N1CC[C@@H](Oc2cc3c(Nc4ccc(F)c(Cl)c4F)ncnc3cc2OC)C[C@@H]1C(=O)NC,1,IC50,9.05,1,CHEMBL3946096
COc1ccn2c(-c3ccnc(Nc4ccc(N5CCC(N6CCCCC6)CC5)cc4OC)n3)c(-c3ccc(OC)c(C(=O)Nc4c(F)cccc4F)c3)nc2c1,1,IC50,6.0,1,CHEMBL3940401
Cc1cc(OC2CCN(CCS(C)(=O)=O)CC2)ccc1Nc1nccc(-c2c(-c3cccc(C(=O)Nc4c(F)cccc4F)c3)nc3ccccn23)n1,1,IC50,6.0,1,CHEMBL3897153
CN(C)CCOc1cccc(Nc2nccc(-c3c(-c4cccc(C(=O)Nc5cc(C(F)(F)F)ccc5F)c4)nc4ccccn34)n2)c1,1,IC50,6.0,1,CHEMBL3985011
Cc1ccc(OCCN(C)C)cc1Nc1nccc(-c2c(-c3cccc(C(=O)Nc4c(F)cccc4F)c3)nc3ccccn23)n1,1,IC50,6.0,1,CHEMBL3923275
COc1ccc(N2CCC(N3CCCCC3)CC2)cc1Nc1nccc(-c2c(-c3cccc(C(=O)Nc4c(F)cccc4F)c3)nc3ccccn23)n1,1,IC50,6.0,1,CHEMBL3954571
COc1cc(N2CCC(N3CCCCC3)CC2)ccc1Nc1nccc(-c2c(-c3cccc(C(=O)Nc4ccc(F)cc4Cl)c3)nc3ccccn23)n1,1,IC50,6.0,1,CHEMBL3905921
COc1cc(N2CCC(N3CCCCC3)CC2)ccc1Nc1nccc(-c2c(-c3cccc(C(=O)Nc4ccc(Cl)cc4F)c3)nc3ccccn23)n1,1,IC50,6.0,1,CHEMBL3907756
COc1cc(N2CCC(N3CCN(CCF)CC3)CC2)ccc1Nc1nccc(-c2c(-c3ccc(OC)c(C(=O)Nc4c(F)cccc4F)c3)nc3ccccn23)n1,1,IC50,6.0,1,CHEMBL3950296
COc1cc(N2CCC(N3CCCCC3)CC2)ccc1Nc1nccc(-c2c(-c3cccc(C(=O)Nc4ccc(F)cc4F)c3)nc3ccccn23)n1,1,IC50,6.0,1,CHEMBL3955829
COc1cc(N2CCC(O)CC2)ccc1Nc1nccc(-c2c(-c3cccc(C(=O)Nc4c(F)cccc4F)c3)nc3ccccn23)n1,1,IC50,6.0,1,CHEMBL3906473
CCCN1CCC(c2cc(OC)c(Nc3nccc(-c4c(-c5ccc(OC)c(C(=O)Nc6c(F)cccc6F)c5)nc5ccccn45)n3)cc2C)CC1,1,IC50,6.0,1,CHEMBL3937303
CCOc1cc(N2CCN(C(C)C)CC2)ccc1Nc1nccc(-c2c(-c3ccc(OC)c(C(=O)Nc4c(F)cccc4F)c3)nc3ccccn23)n1,1,IC50,6.0,1,CHEMBL3937417
CCCN1CCN(c2ccc(Nc3nccc(-c4c(-c5ccc(OC)c(C(=O)Nc6c(F)cccc6F)c5)nc5ccccn45)n3)c(OC)c2)CC1,1,IC50,6.0,1,CHEMBL3976571
COc1cc(N2CCN(C(C)C)CC2)ccc1Nc1nccc(-c2c(-c3ccc(OC)c(C(=O)Nc4c(F)cccc4F)c3)nc3ccccn23)n1,1,IC50,6.0,1,CHEMBL3915202
CCOc1cc(N2CCC(CCS(C)(=O)=O)CC2)c(C)cc1Nc1nccc(-c2c(-c3cccc(C(=O)Nc4c(F)cccc4F)c3)nc3ccccn23)n1,1,IC50,6.0,1,CHEMBL3943489
CCOc1cc(N2CCC(N3CCN(S(C)(=O)=O)CC3)CC2)ccc1Nc1nccc(-c2c(-c3cccc(C(=O)Nc4c(F)cccc4F)c3)nc3ccccn23)n1,1,IC50,6.0,1,CHEMBL3934556
COc1cc(N2CCC(CCS(C)(=O)=O)CC2)c(C)cc1Nc1nccc(-c2c(-c3cccc(C(=O)Nc4c(F)cccc4F)c3)nc3ccccn23)n1,1,IC50,6.0,1,CHEMBL3969511
COc1cc(N2CCN(S(C)(=O)=O)CC2)ccc1Nc1nccc(-c2c(-c3cccc(C(=O)Nc4c(F)cccc4F)c3)nc3ccccn23)n1,1,IC50,6.0,1,CHEMBL3904450
COc1cc2c(Nc3ccc(Cl)c(Cl)c3)ncnc2cc1OCc1csc(-c2ccc(C(F)(F)F)cc2)n1,1,IC50,7.3,1,CHEMBL3983201
COc1cc2c(Nc3ccc(Cl)c(Cl)c3)ncnc2cc1OCc1csc(-c2ccc(Cl)cc2)n1,1,IC50,7.3,1,CHEMBL3963620
COc1cc2c(Nc3ccc(Cl)c(Cl)c3)ncnc2cc1OCc1csc2ccc(Cl)cc12,1,IC50,7.3,1,CHEMBL3929002
COc1cc2c(Nc3ccc(Cl)c(Cl)c3)ncnc2cc1OCc1nc(-c2ccc(C(C)(C)C)cc2)no1,1,IC50,7.3,1,CHEMBL3951099
COc1cc2c(Nc3ccc(Cl)c(Cl)c3)ncnc2cc1OCc1c(-c2c(Cl)cccc2Cl)noc1C,1,IC50,7.3,1,CHEMBL3893128
COc1cc2c(Nc3ccc(Cl)c(Cl)c3)ncnc2cc1OCc1cc(Br)cc(Br)c1,1,IC50,7.3,1,CHEMBL3961982
COc1cc2c(Nc3ccc(Cl)c(Cl)c3)ncnc2cc1OCc1ccc2nc(C(F)(F)F)cc(Cl)c2c1,1,IC50,7.3,1,CHEMBL3948661
CCCN1CCCOC(COc2cc3ncnc(Nc4ccc(Cl)c(Cl)c4)c3cc2OC)C1,1,IC50,7.3,1,CHEMBL3914599
COc1cc(Nc2ncnc3cc(OCC4CN(C)CCO4)c(OC)cc23)c(OC)cc1Cl,1,IC50,7.3,1,CHEMBL3944702
C=CC(=O)Nc1cc2c(Nc3ccc(Br)cc3F)ncnc2cc1OCCOCCOC(=O)CC(=O)O,1,IC50,6.02,2,CHEMBL3676392
C=CC(=O)Nc1cc2c(Nc3ccc(Br)cc3F)ncnc2cc1OCCOCCOC(=O)CC(=O)OCC,1,IC50,6.61,2,CHEMBL3676391
C=CC(=O)Nc1cc2c(Nc3ccc(Br)cc3F)ncnc2cc1OCC(C)NC(=O)CN(C)C,1,IC50,6.76,2,CHEMBL3676393
C=CC(=O)Nc1cc2c(Nc3ccc(Br)cc3F)ncnc2cc1OCC(NC(=O)CN(C)C)C(C)C,1,IC50,6.83,2,CHEMBL3676394
O=C(/C=C/CN1CCCOCC1)N1CCc2c(sc3ncnc(Nc4ccc(F)c(Cl)c4)c23)C1,1,IC50,9.0,2,CHEMBL3655336
O=C(/C=C/CN1C2CCC1CC2)N1CCc2c(sc3ncnc(Nc4ccc(F)c(Cl)c4)c23)C1,1,IC50,8.96,2,CHEMBL3655337
CC(C)(CN1CCOCC1)NC/C=C/C(=O)N1CCc2c(sc3ncnc(Nc4ccc(F)c(Cl)c4)c23)C1,1,IC50,9.0,2,CHEMBL3655338
O=C(/C=C/[C@@H]1CCCN1)N1CCc2c(sc3ncnc(Nc4ccc(F)c(Cl)c4)c23)C1,1,IC50,8.7,2,CHEMBL3655339
CN1CCC[C@H]1/C=C/C(=O)N1CCc2c(sc3ncnc(Nc4ccc(F)c(Cl)c4)c23)C1,1,IC50,9.0,2,CHEMBL3655340
COCCN(C/C=C/C(=O)N1CCc2c(sc3ncnc(Nc4ccc(F)c(Cl)c4)c23)C1)CCOC,1,IC50,9.0,2,CHEMBL3655341
CN(C)C(=O)N1CCN(C/C=C/C(=O)N2CCc3c(sc4ncnc(Nc5ccc(F)c(Cl)c5)c34)C2)CC1,1,IC50,9.0,2,CHEMBL3655342
CN(C)C/C=C/C(=O)N1Cc2sc3ncnc(Nc4ccc(F)c(Cl)c4)c3c2C1,1,IC50,7.92,2,CHEMBL3655343
CC(C)N(C)C/C=C/C(=O)N1Cc2sc3ncnc(Nc4ccc(Cl)c(Cl)c4)c3c2C1,1,IC50,8.85,2,CHEMBL3655344
CN(C)C/C=C/C(=O)N1Cc2sc3ncnc(Nc4ccc(OCc5cccc(F)c5)c(Cl)c4)c3c2C1,1,IC50,8.3,2,CHEMBL3655345
CN(C)C/C=C/C(=O)N1Cc2sc3ncnc(Nc4ccc(OCc5ccccn5)c(Cl)c4)c3c2C1,1,IC50,7.72,2,CHEMBL3655346
CC(C)N(C)C/C=C/C(=O)N1CCc2c(oc3ncnc(Nc4ccc(F)c(Cl)c4)c23)C1,1,IC50,9.0,2,CHEMBL3655347
CN(C)C/C=C/C(=O)N1CCc2c(sc3ncc(C#N)c(Nc4ccc(F)c(Cl)c4)c23)C1,1,IC50,8.0,2,CHEMBL3655348
O=C(/C=C/CNC12CC3CC(CC(C3)C1)C2)N1CCc2c(sc3ncnc(Nc4ccc(Cl)c(Cl)c4)c23)C1,1,IC50,9.0,2,CHEMBL3655349
CC(C)C(C)C/C=C/C(=O)N1CCc2c(sc3ncnc(Nc4cc(O)cc(Cl)c4)c23)C1,1,IC50,9.0,2,CHEMBL3655350
CN(C/C=C/C(=O)N1CCc2c(sc3ncnc(Nc4cc(O)c(Cl)c(Cl)c4)c23)C1)C(C)(C)C,1,IC50,9.0,2,CHEMBL3655351
CC(C)N(C)C/C=C/C(=O)N1CCc2sc3ncnc(Nc4ccc(Cl)c(Cl)c4)c3c2C1,1,IC50,8.04,2,CHEMBL3639542
O=C(/C=C/CN1CCCOCC1)N1CCCc2c(sc3ncnc(Nc4ccc(Cl)c(Cl)c4)c23)C1,1,IC50,9.0,2,CHEMBL3655352
N#Cc1cnc2sc3c(c2c1Nc1ccc(Cl)c(Cl)c1)CCN(C(=O)/C=C/CN1CCCOCC1)C3,1,IC50,8.37,2,CHEMBL3655353
CC(C)N(C)C/C=C/C(=O)N1CCc2c(sc3ncc(C#N)c(Nc4ccc5c(cnn5Cc5cccc(F)c5)c4)c23)C1,1,IC50,8.19,2,CHEMBL3655354
C=CC(=O)Nc1cc2c(Nc3ccc(Br)cc3F)ncnc2cc1OCC1CCN(C(C)=O)CC1,1,IC50,8.52,2,CHEMBL3671475
C=CC(=O)Nc1cc2c(Nc3ccc(Br)cc3F)ncnc2cc1OCC1CCN(C(=O)C(F)(F)F)CC1,1,IC50,7.33,2,CHEMBL3671476
C=CC(=O)Nc1cc2c(Nc3ccc(Br)cc3F)ncnc2cc1OCC1CCN(C(=O)CS(C)(=O)=O)CC1,1,IC50,7.58,2,CHEMBL3671477
C=CC(=O)Nc1cc2c(Nc3ccc(Br)cc3F)ncnc2cc1OCC1CCN(C(N)=O)CC1,1,IC50,7.82,2,CHEMBL3671478
C=CC(=O)Nc1cc2c(Nc3ccc(Br)cc3F)ncnc2cc1OCC1CCN(C(=O)C=C)CC1,1,IC50,8.52,2,CHEMBL3671479
C=CC(=O)Nc1cc2c(Nc3ccc(Br)cc3F)ncnc2cc1OCc1ccncc1,1,IC50,7.25,2,CHEMBL3671480
C=CC(=O)Nc1cc2c(Nc3ccc(F)c(F)c3F)ncnc2cc1OCC1CCN(C(C)=O)CC1,1,IC50,7.58,2,CHEMBL3671481
C=CC(=O)Nc1cc2c(Nc3c(F)cc(Br)cc3F)ncnc2cc1OCC1CCN(C(C)=O)CC1,1,IC50,7.89,2,CHEMBL3671482
C=CC(=O)Nc1cc2c(Nc3ccc(Br)cc3F)ncnc2cc1OCC1CCN(C(=O)NCCC)CC1,1,IC50,7.44,2,CHEMBL3671483
C=CC(=O)Nc1cc2c(Nc3ccc(Br)cc3F)ncnc2cc1OCC1CCN(C(=O)CN(C)C)CC1,1,IC50,8.22,2,CHEMBL3671484
C=CC(=O)Nc1cc2c(Nc3ccc(Br)cc3F)ncnc2cc1OCC1CCN(C(=O)NC(C)(C)C)CC1,1,IC50,7.85,2,CHEMBL3671485
C=CC(=O)Nc1cc2c(Nc3ccc(Br)cc3F)ncnc2cc1OCCCNC(=O)CN(C)C,1,IC50,8.7,2,CHEMBL3671486
C=CC(=O)Nc1cc2c(Nc3ccc(Br)cc3F)ncnc2cc1OCCCNC(C)=O,1,IC50,8.4,2,CHEMBL3671487
C=CC(=O)Nc1cc2c(Nc3ccc(Br)cc3F)ncnc2cc1OCCCNC(=O)C(F)(F)F,1,IC50,7.23,2,CHEMBL3671488
C=CC(=O)Nc1cc2c(Nc3ccc(Br)cc3F)ncnc2cc1OCCCNC(=O)CS(C)(=O)=O,1,IC50,7.17,2,CHEMBL3639703
C=CC(=O)Nc1cc2c(Nc3ccc(Br)cc3F)ncnc2cc1OCCCNC(=O)NCC,1,IC50,7.96,2,CHEMBL3671489
C=CC(=O)Nc1cc2c(Nc3ccc(Br)cc3F)ncnc2cc1OCCCNC,1,IC50,8.52,2,CHEMBL3671490
C=CC(=O)Nc1cc2c(Nc3ccc(Br)cc3F)ncnc2cc1OCCNC(C)=O,1,IC50,8.7,2,CHEMBL3671491
C=CC(=O)Nc1cc2c(Nc3ccc(Br)cc3F)ncnc2cc1OCCN(C)C,1,IC50,8.05,2,CHEMBL3671492
C=CC(=O)Nc1cc2c(Nc3ccc(Br)cc3F)ncnc2cc1OCCCCNC(C)=O,1,IC50,8.0,2,CHEMBL3671493
C=CC(=O)Nc1cc2c(Nc3ccc(Br)cc3F)ncnc2cc1OCCNC(=O)C1CC1,1,IC50,8.1,2,CHEMBL3671494
C=CC(=O)Nc1cc2c(Nc3ccc(Br)cc3F)ncnc2cc1OCCNC(=O)C(F)F,1,IC50,8.3,2,CHEMBL3671495
C=CC(=O)Nc1cc2c(Nc3ccc(Br)cc3F)ncnc2cc1OCCNC(=O)NCC,1,IC50,8.7,2,CHEMBL3671496
C=CC(=O)Nc1cc2c(Nc3ccc(Br)cc3F)ncnc2cc1OCCNC(N)=O,1,IC50,8.4,2,CHEMBL3671497
C=CC(=O)Nc1cc2c(Nc3ccc(Br)cc3F)ncnc2cc1OCCNC(=O)CN(C)C,1,IC50,8.7,2,CHEMBL3671498
C=CC(=O)NCCOc1cc2ncnc(Nc3ccc(Br)cc3F)c2cc1NC(=O)C=C,1,IC50,8.3,2,CHEMBL3671499
C=CC(=O)Nc1cc2c(Nc3ccc(Br)cc3F)ncnc2cc1OCCNCC(C)=O,1,IC50,8.52,2,CHEMBL3671500
C=CC(=O)Nc1cc2c(Nc3ccc(Br)cc3F)ncnc2cc1OCCNC(=O)C(F)(F)F,1,IC50,7.64,2,CHEMBL3671501
C=CC(=O)Nc1cc2c(Nc3ccc(Br)cc3F)ncnc2cc1OCCN,1,IC50,8.4,2,CHEMBL3671502
C=CC(=O)Nc1cc2c(Nc3ccc(Br)cc3F)ncnc2cc1OCCNC,1,IC50,7.02,2,CHEMBL3671503
C=CCCOc1cc2ncnc(Nc3ccc(Br)cc3F)c2cc1NC(=O)C=C,1,IC50,7.05,2,CHEMBL3671504
C=CC(=O)Nc1cc2c(Nc3ccc(Br)cc3F)ncnc2cc1OCCOC,1,IC50,7.6,2,CHEMBL3671505
C=CC(=O)Nc1cc2c(Nc3ccc(Br)cc3F)ncnc2cc1OCCNS(C)(=O)=O,1,IC50,7.6,2,CHEMBL3671506
C=CC(=O)Nc1cc2c(Nc3ccc(Br)cc3F)ncnc2cc1OCCNC(=O)NCCC,1,IC50,7.58,2,CHEMBL3671507
C=CC(=O)Nc1cc2c(Nc3ccc(Br)cc3F)ncnc2cc1OCCNC(=S)NC,1,IC50,7.01,2,CHEMBL3671508
C=CC(=O)Nc1cc2c(Nc3ccc(Br)cc3F)ncnc2cc1OCCNC(=S)NCC,1,IC50,7.04,2,CHEMBL3671509
C=CC(=O)Nc1cc2c(Nc3ccc(Br)cc3F)ncnc2cc1OCCNC(=O)NC(C)C,1,IC50,7.44,2,CHEMBL3671510
C=CC(=O)Nc1cc2c(Nc3ccc(Br)cc3F)ncnc2cc1OCCNC(=O)NC(C)CC,1,IC50,7.7,2,CHEMBL3671511
C=CNC(=O)NCCOc1cc2ncnc(Nc3ccc(Br)cc3F)c2cc1NC(=O)C=C,1,IC50,7.54,2,CHEMBL3671512
C=CCNC(=O)NCCOc1cc2ncnc(Nc3ccc(Br)cc3F)c2cc1NC(=O)C=C,1,IC50,7.72,2,CHEMBL3671513
C=CC(=O)Nc1cc2c(Nc3ccc(Br)c(Cl)c3F)ncnc2cc1OCCNC(=O)N1CCOCC1,1,IC50,7.46,2,CHEMBL3671514
C=CC(=O)Nc1cc2c(Nc3ccc(Br)cc3F)ncnc2cc1OCCN(C)C(C)=O,1,IC50,7.23,2,CHEMBL3671515
C=CC(=O)Nc1cc2c(Nc3ccc(Br)cc3F)ncnc2cc1SCCNC(C)=O,1,IC50,6.96,2,CHEMBL3671516
C=CC(=O)Nc1cc2c(Nc3ccc(Br)cc3F)ncnc2cc1OCCNC(=O)COC,1,IC50,7.85,2,CHEMBL3671517
C=CC(=O)Nc1cc2c(Nc3ccc(Br)cc3F)ncnc2cc1OCCNC(=O)CO,1,IC50,7.5,2,CHEMBL3671518
C=CC(=O)Nc1cc2c(Nc3ccc(Br)cc3F)ncnc2cc1OCCNC(=O)CSC,1,IC50,7.41,2,CHEMBL3671519
C=CC(=O)Nc1cc2c(Nc3ccc(Br)cc3F)ncnc2cc1OCCNC(=O)CS(C)(=O)=O,1,IC50,7.62,2,CHEMBL3671520
C=CC(=O)Nc1cc2c(Nc3ccc(Br)cc3F)ncnc2cc1OCCNC(=O)C(C)C,1,IC50,6.89,2,CHEMBL3671521
C=CC(=O)Nc1cc2c(Nc3ccc(Br)cc3F)ncnc2cc1OCCNC(=O)C(=C)C,1,IC50,7.16,2,CHEMBL3671522
C=CC(=O)Nc1cc2c(Nc3ccc(Br)cc3F)ncnc2cc1OCCNC(=O)C=CC,1,IC50,7.72,2,CHEMBL5753909
C=CC(=O)Nc1cc2c(Nc3ccc(Br)cc3F)ncnc2cc1OCCNC(=O)CCC,1,IC50,7.5,2,CHEMBL3671524
C=CC(=O)Nc1cc2c(Nc3ccc(Br)cc3F)ncnc2cc1OCCNC(=O)C=CCC,1,IC50,7.44,2,CHEMBL5985870
C=CC(=O)Nc1cc2c(Nc3ccc(Br)cc3F)ncnc2cc1OCCNC(=O)C=CCN(C)C,1,IC50,7.8,2,CHEMBL6028594
C=CC(=O)Nc1cc2c(Nc3ccc(Br)c(Cl)c3F)ncnc2cc1OCCNC(=O)NC(C)(C)C,1,IC50,7.35,2,CHEMBL3671527
C=CC(=O)Nc1cc2c(Nc3ccc(Br)cc3F)ncnc2cc1OCCNC(=O)CC,1,IC50,6.23,2,CHEMBL3676390
C=CC(=O)Nc1cc2c(Nc3ccc(Br)cc3F)ncnc2cc1OCCNC(=O)CN(C)CC,1,IC50,6.7,2,CHEMBL3671528
C=CC(=O)Nc1cc2c(Nc3ccc(Br)cc3F)ncnc2cc1OCCNC(=O)CN,1,IC50,7.05,2,CHEMBL3671529
C=CC(=O)Nc1cc2c(Nc3ccc(Br)cc3F)ncnc2cc1OCCNC(=O)C(C)N(C)C,1,IC50,6.9,2,CHEMBL3671530
C=CC(=O)Nc1cc2c(Nc3ccc(Br)cc3F)ncnc2cc1OCCNC(=O)CCN(CC)CC,1,IC50,7.36,2,CHEMBL3671531
C=CC(=O)Nc1cc2c(Nc3ccc(Br)cc3F)ncnc2cc1OCCNC(=O)CNC,1,IC50,6.87,2,CHEMBL3671532
C=CC(=O)Nc1cc2c(Nc3ccc(Br)cc3F)ncnc2cc1OCCNC(=O)CCN(C)C,1,IC50,8.05,2,CHEMBL3671533
C=CC(=O)Nc1cc2c(Nc3ccc(Br)cc3F)ncnc2cc1OCCNC(=O)CCN,1,IC50,6.59,2,CHEMBL3671534
C=CC(=O)Nc1cc2c(Nc3ccc(Br)cc3F)ncnc2cc1OCCNC(=O)OC,1,IC50,6.8,2,CHEMBL3671535
C=CC(=O)Nc1cc2c(Nc3ccc(Br)cc3F)ncnc2cc1OCCNC(=O)CCOC,1,IC50,7.16,2,CHEMBL3671536
C=CC(=O)Nc1cc2c(Nc3ccc(Br)cc3F)ncnc2cc1OCC(=O)NCCN(CC)CC,1,IC50,6.19,2,CHEMBL3671537
C=CC(=O)Nc1cc2c(Nc3ccc(Br)cc3F)ncnc2cc1OCCNC(=O)CCCN(C)C,1,IC50,7.68,2,CHEMBL3671538
C=CC(=O)Nc1cc2c(Nc3ccc(Br)cc3F)ncnc2cc1OCCNC(=O)CCO,1,IC50,7.05,2,CHEMBL3671539
C=CC(=O)Nc1cc2c(Nc3ccc(F)cc3F)ncnc2cc1OCCNC(=O)CN(C)C,1,IC50,6.81,2,CHEMBL3671540
C=CC(=O)Nc1cc2c(Nc3ccc(Br)cc3F)ncnc2cc1OCCNC(=O)C(=O)OCC,1,IC50,7.01,2,CHEMBL3671541
C=CC(=O)Nc1cc2c(Nc3ccc(Br)cc3F)ncnc2cc1OCCNC(=O)C(=O)O,1,IC50,6.99,2,CHEMBL3671542
C=CC(=O)Nc1cc2c(Nc3ccc(Br)cc3F)ncnc2cc1OCCNC(=O)C=NOC,1,IC50,6.59,2,CHEMBL5750518
C=CC(=O)Nc1cc2c(Nc3ccc(Br)cc3F)ncnc2cc1OCCNC(=O)C(C)CN(C)C,1,IC50,6.6,2,CHEMBL3671544
C=CC(=O)Nc1cc2c(Nc3ccc(Br)cc3F)ncnc2cc1OCCNC(=O)CC(C)N(C)C,1,IC50,6.49,2,CHEMBL3671545
CCC(=O)Nc1cc2c(Nc3ccc(Br)cc3F)ncnc2cc1OCCNC(C)=O,1,IC50,6.06,2,CHEMBL3671547
C=CC(=O)N(C)c1cc2c(Nc3ccc(Br)cc3F)ncnc2cc1OCCNC(C)=O,1,IC50,6.41,2,CHEMBL3671548
C=CC(=O)Nc1cc2c(Nc3ccc(Br)c(F)c3)ncnc2cc1OCCNC(=O)CN(C)C,1,IC50,7.11,2,CHEMBL3671549
C=CC(=O)Nc1cc2c(Nc3ccc(Br)cc3F)ncnc2cc1OC(C)CNC(C)=O,1,IC50,7.44,2,CHEMBL3671550
C=CC(=O)Nc1cc2c(Nc3ccc(Br)cc3F)ncnc2cc1OCC(C)NC(C)=O,1,IC50,6.81,2,CHEMBL3671551
C=CC(=O)Nc1cc2c(Nc3ccc(Br)cc3F)ncnc2cc1OC[C@@H](C)NC(C)=O,1,IC50,7.54,2,CHEMBL3671552
C=CC(=O)Nc1cc2c(Nc3ccc(Br)cc3F)ncnc2cc1OC[C@H](C)NC(C)=O,1,IC50,7.01,2,CHEMBL3671553
C=CC(=O)Nc1cc2c(Nc3ccc(Br)cc3F)ncnc2cc1OCCCNCC(C)=O,1,IC50,7.58,2,CHEMBL3671554
C=CC(=O)Nc1cc2c(Nc3ccc(Br)cc3F)ncnc2cc1OCC(C)NC(=O)NCCC,1,IC50,7.54,2,CHEMBL3671555
C=CC(=O)Nc1cc2c(Nc3ccc(Br)cc3F)ncnc2cc1OCC(CC)NC(C)=O,1,IC50,7.16,2,CHEMBL3671556
C=CC(=O)Nc1cc2c(Nc3ccc(Br)cc3F)ncnc2cc1OCCCNCCC=O,1,IC50,7.4,2,CHEMBL3671557
C=CC(=O)Nc1cc2c(Nc3ccc(Br)cc3F)ncnc2cc1OC1CCN(C(C)=O)C1,1,IC50,7.03,2,CHEMBL3671558
C=CC(=O)Nc1cc2c(Nc3ccc(Br)cc3F)ncnc2cc1OC1CCCN(C(C)=O)C1,1,IC50,6.89,2,CHEMBL3671559
C=CC(=O)Nc1cc2c(Nc3ccc(Br)cc3F)ncnc2cc1OCCNc1nccs1,1,IC50,6.53,2,CHEMBL3671560
C=CC(=O)Nc1cc2c(Nc3ccc(Br)cc3F)ncnc2cc1OCC1CNC(=O)O1,1,IC50,7.77,2,CHEMBL3671561
C=CC(=O)Nc1cc2c(Nc3ccc(Br)cc3F)ncnc2cc1OCCNC(=O)c1cccs1,1,IC50,7.33,2,CHEMBL3671562
C=CC(=O)Nc1cc2c(Nc3ccc(Br)cc3F)ncnc2cc1OCCNC(=O)N1CCOCC1,1,IC50,7.44,2,CHEMBL3671563
C=CC(=O)Nc1cc2c(Nc3ccc(Br)cc3F)ncnc2cc1OCCNC(=O)N1CCNCC1,1,IC50,6.16,2,CHEMBL3671564
C=CC(=O)Nc1cc2c(Nc3ccc(Br)cc3F)ncnc2cc1OCCNC(=O)N1CCN(C(C)=O)CC1,1,IC50,7.12,2,CHEMBL3671565
C=CC(=O)Nc1cc2c(Nc3ccc(Br)cc3F)ncnc2cc1OCCNC(=O)N1CCN(C)CC1,1,IC50,7.89,2,CHEMBL3671566
C=CC(=O)Nc1cc2c(Nc3ccc(Br)cc3F)ncnc2cc1OCCNC(=O)C1CCCN1C,1,IC50,7.62,4,CHEMBL3671568
C=CC(=O)Nc1cc2c(Nc3ccc(Br)cc3F)ncnc2cc1OCCNC(=O)c1ccc[nH]1,1,IC50,6.43,2,CHEMBL3671569
C=CC(=O)Nc1cc2c(Nc3ccc(Br)cc3F)ncnc2cc1OCCNC(=O)CN1CCCCC1,1,IC50,8.15,2,CHEMBL3671570
C=CC(=O)Nc1cc2c(Nc3ccc(Br)cc3F)ncnc2cc1OCCNC(=O)CN1CCN(C)CC1,1,IC50,7.92,2,CHEMBL3671571
C=CC(=O)Nc1cc2c(Nc3ccc(Br)cc3F)ncnc2cc1OCCNC(=O)CN1CCOCC1,1,IC50,7.5,2,CHEMBL3671572
C=CC(=O)Nc1cc2c(Nc3ccc(Br)cc3F)ncnc2cc1OCCNC(=O)CCN1CCCCC1,1,IC50,7.85,2,CHEMBL3671573
C=CC(=O)Nc1cc2c(Nc3ccc(Br)cc3F)ncnc2cc1OCCNC(=O)C1CCCN1C(C)=O,1,IC50,7.6,2,CHEMBL3671574
C=CC(=O)Nc1cc2c(Nc3ccc(Br)cc3F)ncnc2cc1OCCNC(=O)C1CCCN1C(=O)CC,1,IC50,6.71,2,CHEMBL3671575
C=CC(=O)Nc1cc2c(Nc3ccc(Br)cc3F)ncnc2cc1OCCNC(=O)CN1CCCC1,1,IC50,7.35,2,CHEMBL3671576
C=CC(=O)Nc1cc2c(Nc3ccc(Br)cc3F)ncnc2cc1OCCNC(=O)CN1CC=CC1,1,IC50,7.5,2,CHEMBL3671577
C=CC(=O)Nc1cc2c(Nc3ccc(Br)cc3F)ncnc2cc1OCC1=NCCO1,1,IC50,6.9,2,CHEMBL3671578
C=CC(=O)Nc1cc2c(Nc3ccc(Br)cc3F)ncnc2cc1OCCNC(=O)CN1CCC1,1,IC50,6.01,2,CHEMBL3671579
C=CC(=O)Nc1cc2c(Nc3ccc(F)c(Cl)c3)ncnc2cc1OCCNC(C)=O,1,IC50,7.92,2,CHEMBL3671580
C=CC(=O)Nc1cc2c(Nc3ccc(Cl)cc3F)ncnc2cc1OCCNC(C)=O,1,IC50,7.75,2,CHEMBL3671581
C=CC(=O)Nc1cc2c(Nc3ccc(Cl)cc3Cl)ncnc2cc1OCCNC(C)=O,1,IC50,7.31,2,CHEMBL3671582
C=CC(=O)Nc1cc2c(Nc3ccc(Br)cc3C(F)(F)F)ncnc2cc1OCCNC(C)=O,1,IC50,6.34,2,CHEMBL3671583
C=CC(=O)Nc1cc2c(Nc3ccc(Br)cc3Cl)ncnc2cc1OCCNC(C)=O,1,IC50,7.38,2,CHEMBL3671584
C=CC(=O)Nc1cc2c(Nc3ccc(Cl)cc3F)ncnc2cc1OCCNC(=O)CN(C)C,1,IC50,6.38,2,CHEMBL3671585
C=CC(=O)Nc1cc2c(Nc3cccc(Cl)c3F)ncnc2cc1OCCNC(=O)CN(C)C,1,IC50,6.03,2,CHEMBL3676338
C=CC(=O)Nc1cc2c(Nc3ccc(F)c(F)c3F)ncnc2cc1OCCNC(C)=O,1,IC50,7.85,2,CHEMBL3676339
C=CC(=O)Nc1cc2c(Nc3cc(F)c(Br)cc3F)ncnc2cc1OCCNC(C)=O,1,IC50,7.92,2,CHEMBL3639752
C=CC(=O)Nc1cc2c(Nc3c(F)cc(Br)cc3F)ncnc2cc1OCCNC(C)=O,1,IC50,7.66,2,CHEMBL3676340
C=CC(=O)Nc1cc2c(Nc3cc(Cl)c(Cl)cc3F)ncnc2cc1OCCNC(C)=O,1,IC50,8.3,2,CHEMBL3676341
C=CC(=O)Nc1cc2c(Nc3cc(Cl)c(Cl)cc3Cl)ncnc2cc1OCCNC(C)=O,1,IC50,6.06,2,CHEMBL3676342
C=CC(=O)Nc1cc2c(Nc3c(F)cc(Br)cc3F)ncnc2cc1OCCNC(=O)CN(C)C,1,IC50,6.76,2,CHEMBL3676343
C=CC(=O)Nc1cc2c(Nc3ccc(Br)c(F)c3F)ncnc2cc1OCCNC(=O)CN(C)C,1,IC50,7.75,2,CHEMBL3676344
C=CC(=O)Nc1cc2c(Nc3ccc(Br)c(F)c3F)ncnc2cc1OCCNC(=O)CCN(CC)CC,1,IC50,7.72,2,CHEMBL3676345
C=CC(=O)Nc1cc2c(Nc3ccc(Br)c(F)c3F)ncnc2cc1OCCNC(=O)CCN1CCCCC1,1,IC50,6.05,2,CHEMBL3676346
C=CC(=O)Nc1cc2c(Nc3ccc(Br)c(F)c3F)ncnc2cc1OCCNC(=O)CCCN(C)C,1,IC50,6.25,2,CHEMBL3676347
C=CC(=O)Nc1cc2c(Nc3ccc(Cl)nc3)ncnc2cc1OCCNC(C)=O,1,IC50,7.19,2,CHEMBL3676348
C=CC(=O)Nc1cc2c(Nc3cc(OC)c(Cl)cc3F)ncnc2cc1OCCNC(C)=O,1,IC50,7.1,2,CHEMBL3676349
C=CC(=O)Nc1cc2c(Nc3ccc(OCc4cccnc4)c(Cl)c3)ncnc2cc1OCCNC(C)=O,1,IC50,6.1,2,CHEMBL3676350
C=CC(=O)Nc1cc2c(Nc3cc(OC)c(Cl)cc3Cl)ncnc2cc1OCCNC(C)=O,1,IC50,7.38,2,CHEMBL3676352
C=CC(=O)Nc1cc2c(Nc3cc(Cl)c(Br)cc3F)ncnc2cc1OCCNC(C)=O,1,IC50,7.82,2,CHEMBL3676353
C=CC(=O)Nc1cc2c(Nc3cc(Cl)c(Br)cc3F)ncnc2cc1OCCNCC(C)=O,1,IC50,7.89,2,CHEMBL3676354
C=CC(=O)Nc1cc2c(Nc3cc(Cl)c(Br)cc3F)ncnc2cc1OCCNC(=O)CN(C)C,1,IC50,8.05,2,CHEMBL3676355
C=CC(=O)Nc1cc2c(Nc3cc(Cl)c(Cl)cc3F)ncnc2cc1OCCN(C)C,1,IC50,6.49,2,CHEMBL3676356
C=CC(=O)Nc1cc2c(Nc3cc(Cl)c(Cl)cc3F)ncnc2cc1OCCNCC(C)=O,1,IC50,8.4,2,CHEMBL3676357
C=CC(=O)Nc1cc2c(Nc3cc(Cl)c(Cl)cc3F)ncnc2cc1OCCNC(=O)COC,1,IC50,7.7,2,CHEMBL3676358
C=CC(=O)Nc1cc2c(Nc3cc(Cl)c(Cl)cc3F)ncnc2cc1OCCNC(=O)CS(C)(=O)=O,1,IC50,7.4,2,CHEMBL3676359
C=CC(=O)Nc1cc2c(Nc3cc(Cl)c(Cl)cc3F)ncnc2cc1OCCNC(=O)CN(C)C,1,IC50,8.05,2,CHEMBL3676360
C=CC(=O)Nc1cc2c(Nc3ccc(Br)c(Cl)c3F)ncnc2cc1OCCNC(C)=O,1,IC50,7.89,2,CHEMBL3676361
C=CC(=O)Nc1cc2c(Nc3ccc(Br)c(Cl)c3F)ncnc2cc1OCCNCC(C)=O,1,IC50,7.85,2,CHEMBL3676362
C=CC(=O)Nc1cc2c(Nc3ccc(Br)c(Cl)c3F)ncnc2cc1OCCNC(=O)CN(C)C,1,IC50,7.72,2,CHEMBL3676363
C=CC(=O)Nc1cc2c(Nc3ccc(Br)c(Cl)c3F)ncnc2cc1OCCNC(=O)CCN(CC)CC,1,IC50,8.15,2,CHEMBL3676364
C=CC(=O)Nc1cc2c(Nc3ccc(Br)c(Cl)c3F)ncnc2cc1OCCNC(=O)CCO,1,IC50,7.39,2,CHEMBL3676365
C=CC(=O)Nc1cc2c(Nc3ccc(Br)c(Cl)c3F)ncnc2cc1OCCNC(=O)COC,1,IC50,6.67,2,CHEMBL3676366
C=CC(=O)Nc1cc2c(Nc3ccc(Br)c(Cl)c3F)ncnc2cc1OCCNC(=O)CCN1CCCCC1,1,IC50,7.92,2,CHEMBL3676367
C=CC(=O)Nc1cc2c(Nc3ccc(Br)c(Cl)c3F)ncnc2cc1OCCNC(=O)CCCN(C)C,1,IC50,7.55,2,CHEMBL3676368
C=CC(=O)Nc1cc2c(Nc3ccc(Br)c(Cl)c3F)ncnc2cc1OCCNC(=O)CO,1,IC50,7.8,2,CHEMBL3676369
C=CC(=O)Nc1cc2c(Nc3ccc(Br)c(Cl)c3F)ncnc2cc1OCCNC(=O)CCOC,1,IC50,7.68,2,CHEMBL3676370
C=CC(=O)Nc1cc2c(Nc3ccc(Br)c(Cl)c3F)ncnc2cc1OCCNC(=O)CN(CC)CC,1,IC50,7.24,2,CHEMBL3676371
C=CC(=O)Nc1cc2c(Nc3ccc(Br)c(Cl)c3)ncnc2cc1OCCNC(=O)CN(C)C,1,IC50,7.12,2,CHEMBL3676372
C=CC(=O)Nc1cc2c(Nc3ccc(Br)cc3F)ncnc2cc1OCC(C)(C)NC(=O)CN(C)C,1,IC50,6.65,2,CHEMBL3676373
C=CC(=O)Nc1cc2c(Nc3ccc(Br)cc3F)ncnc2cc1OCC(C)NC(=O)CCN(CC)CC,1,IC50,7.62,2,CHEMBL3676374
C=CC(=O)Nc1cc2c(Nc3ccc(Br)c(Cl)c3F)ncnc2cc1OCC(C)NC(=O)CN(C)C,1,IC50,7.06,2,CHEMBL3676375
C=CC(=O)Nc1cc2c(Nc3ccc(Br)c(Cl)c3F)ncnc2cc1OC[C@H](C)NC(=O)CN(C)C,1,IC50,7.92,4,CHEMBL3676376
C=CC(=O)Nc1cc2c(Nc3ccc(Br)c(Cl)c3F)ncnc2cc1OC[C@@H](C)NC(=O)CN(C)C,1,IC50,7.85,4,CHEMBL3676377
C=CC(=O)Nc1cc2c(Nc3ccc(Br)cc3F)ncnc2cc1OCC(CC)NC(=O)CN(C)C,1,IC50,7.64,2,CHEMBL3676378
C=CC(=O)Nc1cc2c(Nc3ccc(Br)cc3F)ncnc2cc1OCCNC(=O)C(COC)N(C)C,1,IC50,7.24,2,CHEMBL3676379
C=CC(=O)Nc1cc2c(Nc3ccc(Br)cc3F)ncnc2cc1OCCNC(=O)C(CO)N(C)C,1,IC50,6.9,2,CHEMBL3676380
C=CC(=O)Nc1cc2c(Nc3ccc(Br)c(Cl)c3F)ncnc2cc1OCCNC(=O)OC,1,IC50,7.01,2,CHEMBL3676381
C=CC(=O)Nc1cc2c(Nc3cc(OC)c(Cl)cc3OC)ncnc2cc1OCCNC(=O)CN(C)C,1,IC50,7.85,2,CHEMBL3676382
C=CC(=O)Nc1cc2c(Nc3ccc(Br)cc3F)ncnc2cc1OCCNC(=O)CN(CC)CC,1,IC50,7.58,2,CHEMBL3676383
C=CC(=O)Nc1cc2c(Nc3ccc(Br)c(Cl)c3F)ncnc2cc1OCCNC(=O)NCC,1,IC50,8.1,2,CHEMBL3676384
C=CC(=O)Nc1cc2c(Nc3ccc(Br)c(Cl)c3F)ncnc2cc1OCCNC(=O)NCCC,1,IC50,7.58,2,CHEMBL3676385
C=CC(=O)Nc1cc2c(Nc3ccc(Br)c(Cl)c3F)ncnc2cc1OCCNC(=S)NCC,1,IC50,7.17,2,CHEMBL3676386
C=CC(=O)Nc1cc2c(Nc3ccc(Br)cc3F)ncnc2cc1OCC1CCN(C(=O)NCC)CC1,1,IC50,7.7,2,CHEMBL3676387
C=CC(=O)Nc1cc2c(Nc3cc(OC)c(Cl)cc3OC)ncnc2cc1OCCNC(C)=O,1,IC50,7.06,2,CHEMBL3676388
C=CC(=O)Nc1cc2c(Nc3ccc(Br)cc3F)ncnc2cc1OCCNC(=O)C(C)N,1,IC50,7.75,2,CHEMBL3676389
CCOc1cc2ncc(C#N)c(Nc3ccc(OCc4ccccn4)c(Cl)c3)c2cc1NC(=O)/C=C/[C@@H]1CCCN1C,1,IC50,7.32,3,CHEMBL3647417
CCOc1cc2ncc(C#N)c(Nc3ccc(OCc4ccccn4)c(Cl)c3)c2cc1NC(=O)/C=C/[C@@H]1CCCN1,1,IC50,8.22,3,CHEMBL3647418
CCOc1cc2ncc(C#N)c(Nc3ccc(OCc4ccccn4)c(Cl)c3)c2cc1NC(=O)/C=C/[C@@H]1C[C@@H](O)CN1C,1,IC50,7.23,3,CHEMBL3647419
CCOc1cc2ncc(C#N)c(Nc3ccc(OCc4ccccn4)c(Cl)c3)c2cc1NC(=O)/C=C/[C@H]1CCCN1C,1,IC50,9.32,7,CHEMBL3647420
CCOc1cc2ncnc(Nc3ccc(F)c(Cl)c3)c2cc1NC(=O)/C=C/[C@@H]1CCCN1C,1,IC50,8.4,3,CHEMBL3647421
COCCOc1cc2ncnc(Nc3ccc(F)c(Cl)c3)c2cc1NC(=O)/C=C/[C@H]1CCCN1C,1,IC50,8.7,3,CHEMBL3647422
CCOc1cc2ncnc(Nc3ccc(F)c(Cl)c3)c2cc1NC(=O)/C=C/[C@H]1CCCN1C,1,IC50,8.7,3,CHEMBL3647423
O=S(=O)(NCc1ccc(-c2ccc3ncnc(Nc4ccc(OCc5cccc(F)c5)c(Cl)c4)c3c2)o1)C(F)(F)F,1,IC50,7.49,2,CHEMBL3666714
C=CC(=O)Nc1cccc(Oc2nc(Nc3ccc(N4CCN(C)CC4)cc3)c(C(N)=O)nc2CC)c1,1,IC50,8.89,2,CHEMBL3663921
CCc1nc(C(N)=O)c(Nc2ccc(N3CCN(C)CC3)cc2)nc1Oc1cccc(NC(=O)/C=C/CN(C)C)c1,1,IC50,8.85,2,CHEMBL3663922
C=CC(=O)Nc1cccc(Oc2nc(Nc3ccc(N4CCN(C)CC4)cc3)c(C(N)=O)nc2CC)c1C,1,IC50,8.96,2,CHEMBL3663923
C=CC(=O)Nc1cccc(Oc2nc(Nc3ccc(N4CCN(C)CC4)cc3)c(C(N)=O)nc2C(C)C)c1,1,IC50,8.82,2,CHEMBL3663924
C=CC(=O)N1CCC(c2nc(Nc3ccc(N4CCC(N5CCN(C)CC5)CC4)c(C)c3)c(C(N)=O)nc2CC)CC1,1,IC50,8.96,2,CHEMBL3663925
C=CC(=O)Nc1cccc(Oc2cnc(C(N)=O)c(Nc3ccc(N4CCN(C)CC4)cc3)n2)c1,1,IC50,9.04,2,CHEMBL3663926
C=CC(=O)Nc1cccc(Oc2nc(Nc3ccc(OC)c(N4CCN(C)CC4)c3)c(C(N)=O)nc2CC)c1,1,IC50,8.92,2,CHEMBL3663927
C=CC(=O)Nc1cccc(Oc2nc(Nc3ccc(N4CCN(CC)CC4)cc3)c(C(N)=O)nc2CC)c1,1,IC50,9.18,2,CHEMBL3663928
C=CC(=O)Nc1cccc(Oc2nc(Nc3cnn(C4CCN(C)CC4)c3)c(C(N)=O)nc2C(C)C)c1,1,IC50,8.89,2,CHEMBL3663930
C=CC(=O)Nc1cccc(Oc2nc(Nc3ccc(N4CCN(C)[C@@H](C)C4)cc3)c(C(N)=O)nc2CC)c1,1,IC50,8.92,2,CHEMBL3663931
C=CC(=O)Nc1cccc(Oc2nc(Nc3ccc(N4CCN(C)[C@H](C)C4)cc3)c(C(N)=O)nc2CC)c1,1,IC50,9.25,2,CHEMBL3663932
C=CC(=O)N1CCC(c2nc(Nc3ccc(N4CCC(N5CCN(C)CC5)CC4)cc3)c(C(N)=O)nc2CC)CC1,1,IC50,8.89,2,CHEMBL3663933
CCC(=O)N1CC[C@@H](Oc2nc(Nc3ccc(N4CCN(C)CC4)cc3)c(C(N)=O)nc2CC)C1,1,IC50,8.92,2,CHEMBL3663934
C=CC(=O)N1CCC[C@@H](Oc2nc(Nc3ccc(N4CCC(N5CCN(C)CC5)CC4)cc3)c(C(N)=O)nc2CC)C1,1,IC50,8.89,1,CHEMBL3663935
C=CC(=O)N1CCC[C@@H](Oc2nc(Nc3ccc(N4CCC(N5CCN(C)CC5)CC4)c(C)c3)c(C(N)=O)nc2CC)C1,1,IC50,8.92,1,CHEMBL3663936
C=CC(=O)Nc1ccc(F)c(Oc2nc(Nc3ccc(N4CCN(C)CC4)cc3)c(C(N)=O)nc2CC)c1,1,IC50,8.82,1,CHEMBL3663937
C=CC(=O)N[C@H]1CC[C@@H](n2nc(-c3ccc(Oc4ccccc4)cc3)c3c(N)ncnc32)CC1,1,IC50,7.69,4,CHEMBL3647967
CN(C)C/C=C/C(=O)N1CCC[C@@H](n2nc(-c3ccc(Oc4ccccc4)cc3)c3c(N)ncnc32)C1,1,IC50,7.31,2,CHEMBL3647970
CN(C/C=C/C(=O)N1CCCC(n2nc(-c3ccc(Oc4ccccc4)cc3)c3c(N)ncnc32)C1)CCO,1,IC50,7.13,2,CHEMBL3931858
Nc1ncnc2c1c(-c1ccc(Oc3ccccc3)cc1)nn2C1CCCN(C(=O)/C=C/c2c[nH]cn2)C1,1,IC50,6.31,2,CHEMBL3926657
Nc1ncnc2c1c(-c1ccc(Oc3ccccc3)cc1)nn2C1CCCN(C(=O)/C=C/CN2CCOCC2)C1,1,IC50,6.49,2,CHEMBL3902180
C=CC(=O)N1CCC(n2nc(-c3ccc(Oc4ccccc4)cc3)c3c(N)ncnc32)CC1,1,IC50,7.21,2,CHEMBL3647973
CN(C)C/C=C/C(=O)N1CCC(n2nc(-c3ccc(Oc4ccccc4)cc3)c3c(N)ncnc32)CC1,1,IC50,6.57,2,CHEMBL3917698
CN(C)C/C=C/C(=O)N[C@H]1CC[C@@H](n2nc(-c3ccc(Oc4ccccc4)cc3)c3c(N)ncnc32)CC1,1,IC50,7.08,2,CHEMBL3889694
C=CC(=O)N[C@H]1CC[C@H](n2nc(-c3ccc(Oc4ccccc4)cc3)c3c(N)ncnc32)CC1,1,IC50,7.35,2,CHEMBL3912266
CN(C)C/C=C/C(=O)N1CCCC1Cn1nc(-c2ccc(Oc3ccccc3)cc2)c2c(N)ncnc21,1,IC50,7.72,1,CHEMBL3903870
CN(C)C/C=C/C(=O)N1CCC[C@H]1Cn1nc(-c2ccc(Oc3ccccc3)cc2)c2c(N)ncnc21,1,IC50,6.16,2,CHEMBL3903249
C=CC(=O)N1CCC[C@@H]1Cn1nc(-c2ccc(Oc3ccccc3)cc2)c2c(N)ncnc21,1,IC50,7.73,2,CHEMBL4109796
C=CC(=O)N1CCC[C@H]1Cn1nc(-c2ccc(Oc3ccccc3)cc2)c2c(N)ncnc21,1,IC50,8.64,2,CHEMBL3910496
CC#CC(=O)N1CCC[C@@H]1Cn1nc(-c2ccc(Oc3ccccc3)cc2)c2c(N)ncnc21,1,IC50,6.54,2,CHEMBL4107879
CC#CC(=O)N1CCC[C@@H](n2nc(-c3ccc(Oc4ccccc4)cc3)c3c(N)ncnc32)C1,1,IC50,6.36,2,CHEMBL4106607
CN(C)C/C=C/C(=O)N[C@H]1CC[C@H](n2nc(-c3ccc(Oc4ccccc4)cc3)c3c(N)ncnc32)CC1,1,IC50,7.65,1,CHEMBL3893004
C=CC(=O)N(C)CCn1nc(-c2ccc(Oc3ccccc3)cc2)c2c(N)ncnc21,1,IC50,7.55,2,CHEMBL3921017
Nc1ncnc2c1c(-c1ccc(Oc3ccccc3)cc1)nn2C1CCN(C(=O)/C=C/CN2CCOCC2)CC1,1,IC50,6.52,2,CHEMBL3982014
CC#CC(=O)N[C@H]1CC[C@@H](n2nc(-c3ccc(Oc4ccccc4)cc3)c3c(N)ncnc32)CC1,1,IC50,6.81,2,CHEMBL3921655
C=CC(=O)NCCn1nc(-c2ccc(Oc3ccccc3)cc2)c2c(N)ncnc21,1,IC50,7.15,2,CHEMBL3894938
Nc1ncnc2c1c(-c1ccc(Oc3ccccc3)cc1)nn2[C@@H]1CCCN(C(=O)/C=C/CN2CCOCC2)C1,1,IC50,6.42,2,CHEMBL4110614
Nc1ncnc2c1c(-c1ccc(Oc3ccccc3)cc1)nn2[C@H]1CC[C@@H](NC(=O)/C=C/CN2CCOCC2)CC1,1,IC50,6.56,2,CHEMBL3894102
CO[C@@H]1COC2C1OC[C@H]2Oc1cc2ncnc(Nc3ccc(F)c(Cl)c3)c2cc1NC(=O)/C=C/CN(C)C,1,IC50,9.4,1,CHEMBL4112924
CN(C)C/C=C/C(=O)Nc1cc2c(Nc3ccc(F)c(Cl)c3)ncnc2cc1OCC1C2COCC21,1,IC50,9.89,1,CHEMBL3892310
CN(C)CC/C=C/C(=O)Nc1cc2c(Nc3ccc(F)c(Cl)c3)ncnc2cc1OC[C@]12COC[C@H]1C2,1,IC50,9.27,1,CHEMBL4110258
CN(C)C/C=C/C(=O)Nc1cc2c(Nc3ccc(F)c(Cl)c3)ncnc2cc1OC[C@@]12COC[C@@H]1C2,1,IC50,9.29,1,CHEMBL3901296
CN(C)C/C=C/C(=O)Nc1cc2c(Nc3ccc(F)c(Cl)c3)ncnc2cc1OCC12COCC1C2,1,IC50,9.43,1,CHEMBL3895468
C=CC(=O)Nc1cccc(Nc2nc(Nc3ccccc3OC)ncc2C(F)(F)F)c1,1,IC50,8.26,5,CHEMBL3903641
C=CC(=O)Nc1cccc(Oc2nc(Nc3ccccc3OC)ncc2C(F)(F)F)c1,1,IC50,8.26,5,CHEMBL3978161
C=CC(=O)Nc1cccc(Nc2nc(Nc3ccc(OC)cc3OC)ncc2C(F)(F)F)c1,1,IC50,7.7,3,CHEMBL3954684
C=CC(=O)Nc1cccc(Nc2nc(Nc3ccc(OC)c(OC)c3OC)ncc2Cl)c1,1,IC50,8.26,5,CHEMBL3986363
C=CC(=O)Nc1cccc(Nc2nc(Nc3ccc(OC)c(OC)c3OC)ncc2Br)c1,1,IC50,7.19,3,CHEMBL3954273
C=CC(=O)Nc1cccc(Oc2nc(Nc3cccc(OC)c3OC)ncc2Br)c1,1,IC50,8.26,7,CHEMBL3894076
C=CC(=O)Nc1cccc(Oc2nc(Nc3ccc(OC)c(OC)c3OC)ncc2Cl)c1,1,IC50,8.26,5,CHEMBL3944027
C=CC(=O)Nc1cccc(Oc2nc(Nc3ccc(OC)c(OC)c3OC)ncc2Br)c1,1,IC50,7.19,3,CHEMBL3973862
C=CC(=O)Nc1cccc(Oc2nc(Nc3ccc(OC)cc3OC)ncc2C(F)(F)F)c1,1,IC50,8.26,5,CHEMBL3947802
C=CC(=O)Nc1cccc(Oc2nc(Nc3ccc(OC)c(OC)c3OC)ncc2C(F)(F)F)c1,1,IC50,7.19,3,CHEMBL3985134
C=CC(=O)Nc1cccc(Nc2nc(Nc3ccc(OC)c(OC)c3OC)ncc2C(F)(F)F)c1,1,IC50,7.7,3,CHEMBL3956465
C=CC(=O)Nc1cccc(Oc2nc(Nc3ccccc3OC)ncc2Cl)c1,1,IC50,6.19,3,CHEMBL3975588
C=CC(=O)Nc1cccc(Oc2nc(Nc3ccc(OC)cc3OC)ncc2Br)c1,1,IC50,8.26,5,CHEMBL3904778
C=CC(=O)Nc1cccc(Oc2nc(Nc3ccc(OC)cc3OC)ncc2Cl)c1,1,IC50,8.26,5,CHEMBL3913778
C=CC(=O)Nc1cccc(Nc2nc(Nc3cccc(OC)c3OC)ncc2C(F)(F)F)c1,1,IC50,8.26,5,CHEMBL3891187
C=CC(=O)Nc1cccc(Nc2nc(Nc3cccc(OC)c3OC)ncc2Cl)c1,1,IC50,7.26,2,CHEMBL3919271
C=CC(=O)Nc1cccc(Nc2nc(Nc3ccccc3OC)ncc2Cl)c1,1,IC50,7.7,5,CHEMBL3903707
C=CC(=O)Nc1cccc(Oc2nc(Nc3ccccc3OC)ncc2F)c1,1,IC50,7.7,5,CHEMBL3928176
C=CC(=O)Nc1cccc(Nc2nc(Nc3ccc(OC)cc3OC)ncc2Br)c1,1,IC50,8.26,5,CHEMBL3910422
C=CC(=O)Nc1cccc(Nc2nc(Nc3ccc(OC)cc3OC)ncc2Cl)c1,1,IC50,8.26,5,CHEMBL3938358
C=CC(=O)Nc1cccc(Nc2nc(Nc3ccccc3OC)ncc2Br)c1,1,IC50,8.26,5,CHEMBL3954906
C=CC(=O)Nc1cccc(Oc2nc(Nc3cccc(OC)c3OC)ncc2C(F)(F)F)c1,1,IC50,7.7,2,CHEMBL3930810
Cc1ncnc2c1c(-c1ccc(Oc3ccccc3)cc1)nn2C[C@H]1CCCN1C(=O)/C=C/CN(C)C,1,IC50,7.72,1,CHEMBL4107818
CN(C)C/C=C/C(=O)NC1CCC(n2nc(-c3ccc(Oc4ccccc4)cc3)c3c(N)ncnc32)CC1,1,IC50,7.65,1,CHEMBL3980550
C#Cc1cccc(Nc2ncnc3cc(O[C@H]4CCOC4)c(NC(=O)/C=C/CN(CC)CC)cc23)c1,1,IC50,8.17,1,CHEMBL3960332
Nc1ccc(-c2ccc3ncc4c(=O)[nH]c(=O)n(-c5cccc(C(F)(F)F)c5)c4c3n2)cn1,0,IC50 (>),5.0,1,CHEMBL3903725
C=CC(=O)Nc1cccc(Nc2nc(Nc3ccc(NC4CN(C(=O)OC(C)(C)C)C4)cc3OC)ncc2C(F)(F)F)c1,1,IC50,8.3,1,CHEMBL3967836
C=CC(=O)Nc1cccc(Nc2nc(Nc3ccc(NC(C)C)cc3OC)ncc2Cl)c1,1,IC50,8.3,1,CHEMBL3962343
COc1cc(/C=C2\CCCCC2=O)cc(OC)c1,0,IC50,4.73,1,CHEMBL3982407
Nc1nc(Nc2cccc(Cl)c2)c2c(n1)-c1ccccc1C2,0,IC50,4.35,1,CHEMBL3970063
Nc1nc(Nc2cccc(Br)c2)c2c(n1)-c1ccccc1C2,0,IC50,4.0,1,CHEMBL3902576
Nc1nc(Nc2ccc(Cl)cc2)c2c(n1)-c1ccccc1C2,0,IC50 (>),3.52,1,CHEMBL3976755
Nc1nc(Nc2ccc(Br)cc2)c2c(n1)-c1ccccc1C2,0,IC50 (>),3.52,1,CHEMBL3977751
CC(C)c1ccccc1Nc1nc(N)nc2c1Cc1ccccc1-2,0,IC50,4.64,1,CHEMBL3948546
Nc1nc(Nc2cccc(F)c2)c2c(n1)-c1ccccc1C2,0,IC50 (>),3.52,1,CHEMBL3953855
Nc1nc(Nc2ccc(F)cc2)c2c(n1)-c1ccccc1C2,0,IC50 (>),3.52,1,CHEMBL3983639
CNC(=O)c1cccc2cc(Oc3ccnc4cc(OCC5(N)CC5)c(OC)cc34)ccc12,0,Kd (>),4.52,1,CHEMBL2220486
COc1cc(CCc2cc(NC(=O)c3ccc(N4CC(C)NC(C)C4)cc3)n[nH]2)cc(OC)c1,0,Kd (>),4.52,1,CHEMBL3184679
CCS(=O)(=O)N1CCN(c2ccc(Nc3ncc(C(N)=O)c(NC4CC4)n3)cc2)CC1,0,Kd (>),4.52,1,CHEMBL3991929
Cc1ccc(C(=O)Nc2ccc(Oc3cc4cnn(C)c4cc3-c3cn[nH]c3)c(F)c2)c(=O)n1-c1ccc(F)cc1,0,Kd (>),4.52,1,CHEMBL3545307
CNC(=O)c1cc(Oc2ccc(NC(=O)Nc3cc(C(C)(C)C)nn3-c3ccc4ncccc4c3)c(F)c2)ccn1,0,Kd (>),4.52,1,CHEMBL1738757
CC(C)c1cc(CNc2nc(Nc3cc(C4CC4)[nH]n3)cc(N3CCN(C)CC3)n2)on1,0,Kd (>),4.52,1,CHEMBL3545085
CCc1cnn2c(NCc3ccc[n+]([O-])c3)cc(N3CCCC[C@H]3CCO)nc12,0,Kd (>),4.52,1,CHEMBL2103840
Nc1cc(C(F)(F)F)c(-c2cc(N3CCOCC3)nc(N3CCOCC3)n2)cn1,0,Kd (>),4.52,1,CHEMBL2017974
COc1ccc2c(OCc3nnc4ccc(-c5ccccc5)nn34)ccnc2c1,0,Kd (>),4.52,1,CHEMBL496102
OCCn1cc(-c2cnc3nnn(Cc4ccc5ncccc5c4)c3n2)cn1,0,Kd (>),4.52,1,CHEMBL2001019
C=CCn1c(=O)c2cnc(Nc3ccc(N4CCN(C)CC4)cc3)nc2n1-c1cccc(C(C)(C)O)n1,0,Kd (>),4.52,1,CHEMBL1976040
O=C(Nc1ccc(-c2ccnc(Nc3ccc(N4CCOCC4)cc3)n2)cc1)C1CCCN1,0,Kd (>),4.52,1,CHEMBL3545328
COc1ccc(S(=O)(=O)N(C(C)=O)c2ccccc2/C=C/c2cc[n+]([O-])cc2)cc1,0,Kd (>),4.52,1,CHEMBL3991927
Cc1cc(Nc2nc(N[C@@H](C)c3ncc(F)cn3)ncc2Cl)[nH]n1,0,Kd (>),4.52,1,CHEMBL1231124
Cn1nccc1Nc1nccc(-c2ccn([C@H](CO)c3ccc(Cl)c(F)c3)c(=O)c2)n1,0,Kd (>),4.52,1,CHEMBL3544964
CNC(=O)c1ccc(Nc2ncc(C(F)(F)F)c(NCc3nccnc3N(C)S(C)(=O)=O)n2)cc1,0,Kd (>),4.52,1,CHEMBL3137331
CCCCCCCCCCCCCCCCCCOP(=O)([O-])OC1CC[N+](C)(C)CC1,0,Kd (>),4.52,1,CHEMBL372764
CO[C@H]1C[C@@H]2CC[C@@H](C)[C@@](O)(O2)C(=O)C(=O)N2CCCC[C@H]2C(=O)O[C@H]([C@H](C)C[C@@H]2CC[C@@H](OP(C)(C)=O)[C@H](OC)C2)CC(=O)[C@H](C)/C=C(\C)[C@@H](O)[C@@H](OC)C(=O)[C@H](C)C[C@H](C)/C=C/C=C/C=C/1C,0,Kd (>),4.52,1,CHEMBL2103839
N#CCNC(=O)c1ccc(-c2ccnc(Nc3ccc(N4CCOCC4)cc3)n2)cc1,0,Kd (>),4.52,1,CHEMBL1078178
Cn1cnc2c(F)c(Nc3ccc(Br)cc3F)c(C(=O)NOCCO)cc21,0,Kd (>),4.52,1,CHEMBL3187723
NC[C@@](O)(c1ccc(Cl)cc1)c1ccc(-c2cn[nH]c2)cc1,0,Kd (>),4.52,1,CHEMBL3544960
CC(=O)c1c(C)c2cnc(Nc3ccc(N4CCNCC4)cn3)nc2n(C2CCCC2)c1=O,0,IC50 (>),5.0,2,CHEMBL189963
O=C(Nc1cc(C(F)(F)F)cc(C(F)(F)F)c1)c1cc(Cl)ccc1O,0,Kd (>),4.52,1,CHEMBL536151
Cc1ncc(-c2ccnc(Nc3ccc(S(C)(=O)=O)cc3)n2)n1C(C)C,0,Kd (>),4.52,1,CHEMBL488436
Cc1cc(C(=O)Nc2cc(Oc3ccc4nc(NC(=O)C5CC5)cn4n3)ccc2C)n(C)n1,0,Kd (>),4.52,1,CHEMBL2180604
O=C(Nc1cccc(Cl)c1)Nc1ncc(CCNc2ncnc3ccsc23)s1,0,Kd (>),4.52,1,CHEMBL482767
COc1cc(Nc2ncc(F)c(Nc3ccc4c(n3)N(COP(=O)(O)O)C(=O)C(C)(C)O4)n2)cc(OC)c1OC,0,Kd (>),4.52,1,CHEMBL2103830
CNC(=O)c1nn(C)c2c1C(C)(C)Cc1cnc(Nc3ccc(N4CCN(C)CC4)cc3)nc1-2,0,Kd (>),4.52,1,CHEMBL564829
Cc1csc(-c2nnc(Nc3ccc(Oc4ncccc4-c4ccnc(N)n4)cc3)c3ccccc23)c1,0,Kd (>),4.52,1,CHEMBL2140408
COc1cc(OC)c(/C=C/S(=O)(=O)Cc2ccc(OC)c(NCC(=O)O)c2)c(OC)c1,0,Kd (>),4.52,1,CHEMBL1241855
CC[C@H](Nc1ncnc2[nH]cnc12)c1nc2cccc(F)c2c(=O)n1-c1ccccc1,0,Kd (>),4.52,1,CHEMBL2216870
CN1CCN(C2CCN(C(=O)Nc3cc(Oc4ccc(NC(=O)C5(C(=O)Nc6ccc(F)cc6)CC5)c(F)c4)ccn3)CC2)CC1,0,Kd (>),4.52,1,CHEMBL3039525
O=C(NC[C@H](O)CO)c1ccncc1Nc1ccc(I)cc1F,0,Kd (>),4.52,1,CHEMBL2107832
O=S(=O)(c1cccc2cnccc12)N1CCCNCC1,0,Kd (>),4.52,1,CHEMBL38380
Cn1cc(-c2ccc3nnc(C(F)(F)c4ccc5ncccc5c4)n3n2)cn1,0,Kd (>),4.52,1,CHEMBL2133806
Cn1c(=O)c(F)c(Nc2ccc(I)cc2F)c2c(=O)n(C[C@@H](O)CO)cnc21,0,Kd (>),4.52,1,CHEMBL1615025
Cc1cc(-c2cc(O)ccc2Cl)cc2nnc(Nc3ccc(OCCN4CCCC4)cc3)nc12,0,Kd (>),4.52,1,CHEMBL400402
Cn1c(=O)n(-c2ccc(C(C)(C)C#N)cc2)c2c3cc(-c4cnc5ccccc5c4)ccc3ncc21,0,Kd (>),4.52,1,CHEMBL1879463
C[C@@H](Nc1cc(F)cc(F)c1)c1cc(C(=O)N(C)C)cc2c(=O)cc(N3CCOCC3)oc12,0,Kd (>),4.52,1,CHEMBL3408248
Cc1c(F)cc(C(=O)NC2CC2)cc1-c1ccc(C(=O)NCC(C)(C)C)cn1,0,Kd (>),4.52,1,CHEMBL1088752
CC[C@@](C)(Nc1ccnc(-c2c[nH]c3ncccc23)n1)C(=O)NCC(F)(F)F,0,Kd (>),4.52,1,CHEMBL3039513
CC(=O)NCC(=O)N1[C@@H]2CC[C@H]1c1ccc(Nc3ncc(C(F)(F)F)c(NC4CCC4)n3)cc12,0,Kd (>),4.52,1,CHEMBL4289017
O=C(NOC[C@H](O)CO)c1ccc(F)c(F)c1Nc1ccc(I)cc1F,0,Kd (>),4.52,1,CHEMBL507361
Cc1cnc(NC(=O)Nc2cc(Br)c(C)cc2OC[C@@H]2CNCCO2)cn1,0,Kd (>),4.52,1,CHEMBL3039517
FC(F)(F)c1ccc(CNc2ccc(Cc3c[nH]c4ncc(Cl)cc34)cn2)cn1,0,IC50 (>),5.0,2,CHEMBL3813873
O=c1sn(-c2cccc3ccccc23)c(=O)n1Cc1ccccc1,0,Kd (>),4.52,1,CHEMBL3545157
Cn1ncc(Cl)c1-c1cc(C(=O)N[C@H](CN)Cc2cccc(F)c2)sc1Cl,0,Kd (>),4.52,1,CHEMBL2219422
CCNC(=O)C#Cc1ccc2c(c1)NC(=O)/C2=C(\Nc1ccc(CN(C)C)cc1)c1ccccc1,0,Kd (>),4.52,1,CHEMBL3699142
COCCNCc1ccc(-c2cc3nccc(Oc4ccc(NC(=S)NC(=O)Cc5ccc(F)cc5)cc4F)c3s2)nc1,0,Kd (>),4.52,1,CHEMBL3989914
COc1cc2nccc(Oc3ccc(NC(=O)NC4CC4)c(Cl)c3)c2cc1C(N)=O,0,Kd (>),4.52,1,CHEMBL1289601
O=C(Nc1c[nH]nc1-c1nc2ccc(CN3CCOCC3)cc2[nH]1)NC1CC1,0,Kd (>),4.52,1,CHEMBL495727
FC(F)(F)c1ccc(/C=C/c2nc(COc3ccc(CCCCn4ccnn4)cc3)co2)cc1,0,Kd (>),4.52,1,CHEMBL1614707
CNS(=O)(=O)Nc1nccc(Cc2c(C)c3ccc(Oc4ncccn4)cc3oc2=O)c1F,0,Kd (>),4.52,1,CHEMBL3264002
Cn1cc(-c2cnc3ccc4ccc(CS(=O)(=O)NCc5ccccn5)cc4c(=O)c3c2)cn1,0,Kd (>),4.52,1,CHEMBL2323775
C[C@@H]1CN(Cc2ccc(F)cc2)[C@@H](C)CN1C(=O)c1cc2c(C(=O)C(=O)N(C)C)cn(C)c2cc1Cl,0,Kd (>),4.52,1,CHEMBL514201
CNC(=O)c1ccc(-c2cnc3ncc(Cc4ccc5ncccc5c4)n3n2)cc1F,0,Kd (>),4.52,1,CHEMBL3188267
C[C@@H](NC(=O)c1ncnc(N)c1Cl)c1ncc(C(=O)Nc2cc(C(F)(F)F)c(Cl)cn2)s1,0,Kd (>),4.52,1,CHEMBL3348923
Cc1nc(NC(=O)N2CCC[C@H]2C(N)=O)sc1-c1ccnc(C(C)(C)C(F)(F)F)c1,0,Kd (>),4.52,1,CHEMBL2396661
CC[C@@H]1C(=O)N(C)c2cnc(Nc3ccc(C(=O)N[C@H]4CC[C@H](N5CCN(CC6CC6)CC5)CC4)cc3OC)nc2N1C(C)C,0,Kd (>),4.52,1,CHEMBL1233528
COc1ccc(-c2ccc3c(N4CCOC[C@@H]4C)nc(N4CCOC[C@@H]4C)nc3n2)cc1CO,0,Kd (>),4.52,1,CHEMBL1801204
c1cc(OCCN2CCCCC2)cc(-c2n[nH]c3ccc(-c4nnc[nH]4)cc23)c1,0,Kd (>),4.52,1,CHEMBL1614713
CN(C[C@@H]1COCCO1)S(=O)(=O)Nc1ccc2ccc3ncc(-c4cnn(C)c4)cc3c(=O)c2c1,0,Kd (>),4.52,1,CHEMBL1822792
CN1CC[C@@H](c2c(O)cc(O)c3c(=O)cc(-c4ccccc4Cl)oc23)[C@@H]1CO,0,Kd (>),4.52,1,CHEMBL3991935
C=CCN(/C=C1/C(=O)O[C@H](COC)[C@@]2(C)C1=C(O)C(=O)C1=C2[C@H](OC(C)=O)C[C@]2(C)C(=O)CC[C@@H]12)CC=C,0,Kd (>),4.52,1,CHEMBL411907
NC(=O)c1c(OCc2c(F)cc(Br)cc2F)nsc1NC(=O)NCCCCN1CCCC1,0,Kd (>),4.52,1,CHEMBL253969
NC(=O)c1ccc(N(C(N)=O)c2c(F)cccc2F)nc1-c1ccc(F)cc1F,0,Kd (>),4.52,1,CHEMBL1090090
C=CC(=O)Nc1cc2c(Nc3ccc(F)c(Cl)c3)ncnc2cc1C#CC(C)(C)N1CCN(C)CC1,1,IC50,9.29,5,CHEMBL2138625
COc1ncc(-c2ccc3nccc(-c4ccnnc4)c3c2)cc1NS(=O)(=O)c1ccc(F)cc1F,0,Kd (>),4.52,1,CHEMBL1236962
O=C1NC(=O)/C(=C/c2ccc3nccc(-c4ccncc4)c3c2)S1,0,Kd (>),4.52,1,CHEMBL3544966
O=C(Nc1nc2cccc(-c3ccc(CN4CCS(=O)(=O)CC4)cc3)n2n1)C1CC1,0,Kd (>),4.52,1,CHEMBL3301607
C[C@@]1(C(=O)Nc2ccc(F)nc2)CCCN1c1nc(Nc2cc(C3CC3)n[nH]2)c2cccn2n1,0,IC50 (>),4.3,2,CHEMBL575448
CC(=O)c1cnc2ccc(-c3cc(Cl)c(O)c(Cl)c3)nc2c1N[C@H]1CC[C@H](CN(C)C)CC1,0,Kd (>),4.52,1,CHEMBL3688339
O=C1NC(=O)[C@@H](c2cn3c4c(cccc24)CCC3)[C@@H]1c1c[nH]c2ccccc12,0,Kd (>),4.52,1,CHEMBL2103882
C[C@H]1CNCCCN1S(=O)(=O)c1cccc2cncc(F)c12,0,Kd (>),4.52,1,CHEMBL3426621
C[C@@H](Oc1cc(C(=O)Nc2ccc(C(=O)N3CCN(C)CC3)cc2)nnc1N)c1c(Cl)ccc(F)c1Cl,0,Kd (>),4.52,1,CHEMBL2376648
O=C(Nc1ccc(OC(F)(F)F)cc1)c1sccc1NCc1ccnc2ccccc12,0,Kd (>),4.52,1,CHEMBL1614710
CNC(=O)c1cc(Oc2ccc(NC(=O)Nc3ccc(Cl)c(C(F)(F)F)c3)c(F)c2)ccn1,0,Kd (>),4.52,1,CHEMBL1946170
N[C@@H]1CCCN(c2c(/C=C3\SC(=O)NC3=O)cccc2-c2ccccc2)C1,0,Kd (>),4.52,1,CHEMBL2048872
CCn1c(=O)c(-c2cc[nH]n2)cc2c(C)nc(N)nc21,0,Kd (>),4.52,1,CHEMBL3545366
O=C(O)c1ccc2c(c1)nc(Nc1cccc(Cl)c1)c1ccncc12,0,Kd (>),4.52,1,CHEMBL1230165
COC(=O)N[C@@H](C)CNc1nccc(-c2cn(C(C)C)nc2-c2cc(Cl)cc(NS(C)(=O)=O)c2F)n1,0,Kd (>),4.52,1,CHEMBL3301612
Cc1ccc(C(=O)Nc2ccc(CN3CCN(C)CC3)c(C(F)(F)F)c2)cc1C#Cc1cnc2cccnn12,0,Kd (>),4.52,1,CHEMBL1171837
CCN1CCN(Cc2ccc(Nc3ncc(F)c(-c4cc(F)c5nc(C)n(C(C)C)c5c4)n3)nc2)CC1,0,Kd (>),4.52,1,CHEMBL3301610
N#CC1(c2ccc(NC(=O)c3cccnc3NCc3ccncc3)cc2)CCCC1,0,Kd (>),4.52,1,CHEMBL3186534
CN[C@@H]1C[C@H]2O[C@@](C)([C@@H]1OC)n1c3ccccc3c3c4c(c5c6ccccc6n2c5c31)C(=O)N[C@H]4O,0,Kd (>),4.52,1,CHEMBL574737
CN1N=C(N)c2cn([C@@H]3O[C@H](COP(=O)(O)O)[C@@H](O)[C@H]3O)c3ncnc1c23,0,Kd (>),4.52,1,CHEMBL462018
CO[C@H]1C[C@@H]2CC[C@@H](C)[C@@](O)(O2)C(=O)C(=O)N2CCCC[C@H]2C(=O)O[C@H]([C@H](C)C[C@@H]2CC[C@@H](OCCO)[C@H](OC)C2)CC(=O)[C@H](C)/C=C(\C)[C@@H](O)[C@@H](OC)C(=O)[C@H](C)C[C@H](C)/C=C/C=C/C=C/1C,0,Kd (>),4.52,1,CHEMBL1908360
CC(C)Nc1cc(-c2c[nH]c(C(=O)N[C@H](CO)c3cccc(Cl)c3)c2)c(Cl)cn1,0,Kd (>),4.52,1,CHEMBL3590106
COc1cc(F)c(F)c(Nc2ccc(I)cc2F)c1NS(=O)(=O)C1(C[C@H](O)CO)CC1,0,Kd (>),4.52,1,CHEMBL1236682
CNC(=O)c1cccc(-c2ccc3c(N4CCOC[C@@H]4C)nc(N4CCOC[C@@H]4C)nc3n2)c1,0,Kd (>),4.52,1,CHEMBL2336325
O=C(O)[C@]1(Cc2cccc(Nc3nccs3)n2)CC[C@@H](Oc2cccc(Cl)c2F)CC1,0,Kd (>),4.52,1,CHEMBL3600873
Cc1nc2cc(-c3nn(C(C)C)c4ncnc(N)c34)ccc2o1,0,Kd (>),4.52,1,CHEMBL3991933
Cc1nc(Nc2n[nH]c3c2CN(C(=O)N[C@H](CN(C)C)c2ccccc2)C3(C)C)c2sccc2n1,0,Kd (>),4.52,1,CHEMBL3128043
Cc1cc(C(=O)NOCCO)c(Nc2ccc(I)cc2F)n(C)c1=O,0,Kd (>),4.52,1,CHEMBL3182621
Cn1cc(-c2ccc(F)c(C(F)(F)F)c2)nc1C1CCN(c2ncnc3[nH]ncc23)CC1,0,Kd (>),4.52,1,CHEMBL3545076
O=c1[nH]c([C@@H]2CCCN2)nc2c1oc1ccc(Cl)cc12,0,Kd (>),4.52,1,CHEMBL2030402
CN1C/C=C/CCOc2cccc(c2)-c2ccnc(n2)Nc2cccc(c2)C1,0,Kd,4.1,1,CHEMBL1944698
COc1c(OCCCN2CCOCC2)ccc2c1N=C(NC(=O)c1cnc(N)nc1)N1CCN=C21,0,Kd (>),4.52,1,CHEMBL3218576
Cc1cc(Nc2cc(N3CCN(C)CC3)nc(/C=C/c3ccccc3)n2)n[nH]1,0,Kd (>),4.52,1,CHEMBL482968
C1=N/C2=N/c3ccc(OCCN4CCCC4)c(c3)COC/C=C/COCc3cccc(c3)C(=C1)N2,0,Kd (>),4.52,1,CHEMBL2035187
C[C@@H](N)c1ccc(C(=O)Nc2ccnc3[nH]ccc23)cc1,0,Kd (>),4.52,1,CHEMBL571948
COCc1c(-c2ccc(NC(=O)Nc3cc(C(F)(F)F)ccc3F)c(F)c2)c2c(N)ncnn2c1CN1CCOCC1,0,Kd (>),4.52,1,CHEMBL3991934
CN(c1ncccc1CNc1nc(Nc2ccc3c(c2)CC(=O)N3)ncc1C(F)(F)F)S(C)(=O)=O,0,Kd (>),4.52,1,CHEMBL1084546
COc1ccc(-c2ccc3ncc4c(c3c2)n(-c2ccc(N3CCNCC3)c(C(F)(F)F)c2)c(=O)n4C)cn1,0,Kd (>),4.52,1,CHEMBL3218578
Cn1ncc(Cl)c1-c1cc(C(=O)N[C@H](CN)Cc2ccc(F)c(F)c2)oc1Cl,0,Kd (>),4.52,1,CHEMBL3137336
COc1cc([C@@H]2c3cc4c(cc3[C@H](O)[C@H]3COC(=O)[C@@H]23)OCO4)cc(OC)c1OC,0,Kd (>),4.52,1,CHEMBL283120
CN1CCC(CNc2ccc3ncc(-c4cccc(OC(F)(F)F)c4)n3n2)CC1,0,Kd (>),4.52,1,CHEMBL1952329
O=c1[nH]ccc2cc(OC3CCNCC3)ccc12,0,Kd (>),4.52,1,CHEMBL1667969
CN(C)C(=O)c1cc2cnc(Nc3ccc(N4CCNCC4)cn3)nc2n1C1CCCC1,0,Kd (>),4.52,1,CHEMBL3545110
NC1(C(=O)N[C@@H](CCO)c2ccc(Cl)cc2)CCN(c2nc[nH]c3nccc2-3)CC1,0,Kd (>),4.52,1,CHEMBL2325741
CCc1cc2c(cc1N1CCC(N3CCOCC3)CC1)C(C)(C)c1[nH]c3cc(C#N)ccc3c1C2=O,0,Kd (>),4.52,1,CHEMBL1738797
O=C(c1ccc(F)c(F)c1Nc1ccc(I)cc1F)N1CC(O)([C@@H]2CCCCN2)C1,0,IC50 (>),5.0,2,CHEMBL2146883
CC(C)(C)c1nc(-c2cccc(NS(=O)(=O)c3c(F)cccc3F)c2F)c(-c2ccnc(N)n2)s1,0,Kd (>),4.52,1,CHEMBL2028663
Cc1c(Cn2c(C)nc3c(C(=O)O)cc(N4CCOCC4)cc32)cccc1C(F)(F)F,0,Kd (>),4.52,1,CHEMBL3188551
CCn1c(C(=O)N(C2CC2)C2CC2)cc2c3c(ncn3C)c(Nc3cc(C)n(C)n3)nc21,0,Kd (>),4.52,1,CHEMBL3545215
Cc1cc2c(F)c(Oc3ncnn4cc(OC[C@@H](C)OC(=O)[C@H](C)N)c(C)c34)ccc2[nH]1,0,Kd (>),4.52,1,CHEMBL270995
COc1cc2nccc(Oc3ccc(NC(=O)Nc4cc(C)on4)c(Cl)c3)c2cc1OC,0,Kd (>),4.52,1,CHEMBL1289494
CCS(=O)(=O)N1CC(CC#N)(n2cc(-c3ncnc4[nH]ccc34)cn2)C1,0,Kd (>),4.52,1,CHEMBL2105759
CN(C)C1CCN(C(=O)c2ccc(NC(=O)Nc3ccc(-c4nc(N5CCOCC5)nc(N5CCOCC5)n4)cc3)cc2)CC1,0,Kd (>),4.52,1,CHEMBL592445
COc1ccc(-c2cc3c(C)nc(N)nc3n([C@H]3CC[C@H](OCCO)CC3)c2=O)cn1,0,Kd (>),4.52,1,CHEMBL1234354
CN1CCN(CCOc2cc(OC3CCOCC3)c3c(Nc4c(Cl)ccc5c4OCO5)ncnc3c2)CC1,0,Kd (>),4.52,1,CHEMBL217092
Cc1cc(-c2cc(OC(=O)c3ccccc3)ccc2Cl)cc2nnc(Nc3ccc(OCCN4CCCC4)cc3)nc12,0,Kd (>),4.52,1,CHEMBL403989
Cc1ccc(NC(=O)c2ccc(CN3CC[C@H](N(C)C)C3)c(C(F)(F)F)c2)cc1Nc1nccc(-c2cncnc2)n1,0,Kd (>),4.52,1,CHEMBL206834
S=C(NCc1ccc2c(c1)OCO2)N1CCN(c2ncnc3c2oc2ccccc23)CC1,0,Kd (>),4.52,1,CHEMBL2103851
CNC(=O)c1ccc(C)c(-n2c(C)cc(OCc3ccc(F)cc3F)c(Br)c2=O)c1,0,Kd (>),4.52,1,CHEMBL1088751
CO[C@H]1C[C@@H]2CC[C@@H](C)[C@@](O)(O2)C(=O)C(=O)N2CCCC[C@H]2C(=O)O[C@H]([C@H](C)C[C@@H]2CC[C@@H](OC(=O)C(C)(CO)CO)[C@H](OC)C2)CC(=O)[C@H](C)/C=C(\C)[C@@H](O)[C@@H](OC)C(=O)[C@H](C)C[C@H](C)/C=C/C=C/C=C/1C,0,Kd (>),4.52,1,CHEMBL1201182
CO[C@H]1C[C@@H]2CC[C@@H](C)[C@@](O)(O2)C(=O)C(=O)N2CCCC[C@H]2C(=O)O[C@H]([C@H](C)C[C@@H]2CC[C@@H](O)[C@H](OC)C2)CC(=O)[C@H](C)/C=C(\C)[C@@H](O)[C@@H](OC)C(=O)[C@H](C)C[C@H](C)/C=C/C=C/C=C/1C,0,Kd (>),4.52,1,CHEMBL413
O=S(=O)(c1cccc2c(O)nccc12)N1CCCNCC1,0,Kd (>),4.52,1,CHEMBL1233300
CC(=O)Nc1cccc(-n2c(=O)n(C3CC3)c(=O)c3c(Nc4ccc(I)cc4F)n(C)c(=O)c(C)c32)c1,0,Kd (>),4.52,1,CHEMBL2103875
Cc1ccc(S(=O)(=O)Nc2nc3ccccc3nc2Nc2ccc3nsnc3c2)cc1,0,Kd (>),4.52,1,CHEMBL3218575
CC1(COc2ccc3c(c2)ncn3-c2ccc3cccc(N4CCC(N)CC4)c3n2)COC1,0,Kd (>),4.52,1,CHEMBL2105728
CN1CCC(COc2cnc(-c3cccc(Cn4nc(-c5cccc(C#N)c5)ccc4=O)c3)nc2)CC1,0,Kd (>),4.52,1,CHEMBL3402762
Cc1cc([C@@H](C)Nc2ccccc2C(=O)O)c2nc(N3CCOCC3)cc(=O)n2c1,0,IC50 (>),3.53,3,CHEMBL2165191
Cn1cc(-c2cnn3c(N)c(Br)c([C@@H]4CCCNC4)nc23)cn1,0,Kd (>),4.52,1,CHEMBL2386889
CNC(=O)c1cc(COc2nnc(Nc3ccc(Cl)cc3)c3ccoc23)ccn1,0,Kd (>),4.52,1,CHEMBL2079588
Cc1cccc(-c2nn3c(c2-c2ccnc4ccc(C(N)=O)cc24)CCC3)n1,0,Kd (>),4.52,1,CHEMBL2364611
NC1(c2ccc(-c3nc4ccn5c(=O)[nH]nc5c4cc3-c3ccccc3)cc2)CCC1,0,Kd (>),4.52,1,CHEMBL1079175
O=C(NOCCO)c1cc(CN2OCCCC2=O)c(F)c(F)c1Nc1ccc(I)cc1F,0,Kd (>),4.52,1,CHEMBL1614766
Cc1nc2ccc(-n3ncc(C(=O)c4cc5ccccc5[nH]4)c3N)cc2[nH]1,0,Kd (>),4.52,1,CHEMBL3907479
COC(=O)[C@@]1(O)C[C@H]2O[C@]1(C)n1c3ccccc3c3c4c(c5c6ccccc6n2c5c31)C(=O)NC4,0,Kd (>),4.52,1,CHEMBL281948
CCn1cc(-c2ccnc3[nH]c(-c4cccc(CN(C)C)c4)cc23)c(-c2ccc(NC(=O)N(C)C)cc2)n1,0,Kd (>),4.52,1,CHEMBL1090479
C[C@@H](c1ccc2nccn2c1)n1nnc2ncc(-c3cnn(C)c3)nc21,0,Kd (>),4.52,1,CHEMBL3334567
O=C(Cc1ccc(-c2ccc(OCCN3CCOCC3)cc2)cn1)NCc1ccccc1,0,Kd (>),4.52,1,CHEMBL571546
COCCN1CCN(Cc2ccc(-c3n[nH]c4c3C(=O)c3c(NC(=O)NN5CCOCC5)cccc3-4)cc2)CC1,0,Kd (>),4.52,1,CHEMBL3545083
COc1cccc2cc(-c3nc([C@H]4CC[C@H](C(=O)O)CC4)n4ncnc(N)c34)[nH]c12,0,IC50 (>),4.4,2,CHEMBL3120215
Cc1ccc(-n2nc(C(C)(C)C)cc2NC(=O)NCc2cc(F)ccc2Oc2ccc3c(cnn3CCO)c2)cc1,0,Kd (>),4.52,1,CHEMBL3991932
NP(=O)(Oc1ccc2ncnc(Nc3cccc(Br)c3)c2c1)N(CCCl)CCCl,1,IC50,8.04,1,CHEMBL4077956
NP(=O)(OCCOc1ccc2ncnc(Nc3cccc(Br)c3)c2c1)N(CCCl)CCCl,1,IC50,8.37,1,CHEMBL4084847
NP(=O)(OCCCOc1ccc2ncnc(Nc3cccc(Br)c3)c2c1)N(CCCl)CCCl,1,IC50,8.52,1,CHEMBL4069003
NP(=O)(OCCCCOc1ccc2ncnc(Nc3cccc(Br)c3)c2c1)N(CCCl)CCCl,1,IC50,8.13,2,CHEMBL4090083
NP(=O)(OCCCCCOc1ccc2ncnc(Nc3cccc(Br)c3)c2c1)N(CCCl)CCCl,1,IC50,8.64,1,CHEMBL4060320
C#Cc1cccc(Nc2ncnc3ccc(OCCCCOP(N)(=O)N(CCCl)CCCl)cc23)c1,1,IC50,7.96,1,CHEMBL4091626
NP(=O)(OCCCCOc1ccc2ncnc(Nc3ccc(F)c(Cl)c3)c2c1)N(CCCl)CCCl,1,IC50,8.22,1,CHEMBL4087646
NP(=O)(OCCCCOc1ccc2ncnc(Nc3ccc(OCc4cccc(F)c4)c(Cl)c3)c2c1)N(CCCl)CCCl,1,IC50,7.57,1,CHEMBL4105530
C#Cc1cccc(Nc2ncnc3ccc(OCCCOP(N)(=O)N(CCCl)CCCl)cc23)c1,1,IC50,8.14,1,CHEMBL4079768
NP(=O)(OCCCOc1ccc2ncnc(Nc3ccc(F)c(Cl)c3)c2c1)N(CCCl)CCCl,1,IC50,8.24,1,CHEMBL4097795
NP(=O)(OCCCOc1ccc2ncnc(Nc3ccc(OCc4cccc(F)c4)c(Cl)c3)c2c1)N(CCCl)CCCl,1,IC50,7.12,1,CHEMBL4097216
COc1cc2ncnc(Nc3cccc(Br)c3)c2cc1OCCCOP(N)(=O)N(CCCl)CCCl,1,IC50,9.52,1,CHEMBL4078431
COc1cc2ncnc(Nc3ccc(F)c(Cl)c3)c2cc1OCCCOP(N)(=O)N(CCCl)CCCl,1,IC50,9.3,1,CHEMBL4080720
COc1cc2ncnc(Nc3ccc(OCc4cccc(F)c4)c(Cl)c3)c2cc1OCCCOP(N)(=O)N(CCCl)CCCl,1,IC50,7.66,1,CHEMBL4104950
NP(=O)(OCCCC(=O)Oc1ccc2ncnc(Nc3cccc(Br)c3)c2c1)N(CCCl)CCCl,1,IC50,8.48,1,CHEMBL4070053
NP(=O)(OCCCC(=O)Oc1ccc2ncnc(Nc3ccc(F)c(Cl)c3)c2c1)N(CCCl)CCCl,1,IC50,8.06,1,CHEMBL4097245
NP(=O)(OCCCC(=O)Oc1ccc2ncnc(Nc3ccc(OCc4cccc(F)c4)c(Cl)c3)c2c1)N(CCCl)CCCl,1,IC50,7.58,1,CHEMBL4061382
Clc1ccc(-c2nnc(Cc3nc4ccccc4[nH]3)o2)cc1,1,IC50,7.09,2,CHEMBL4103370
c1ccc(Cc2nnc(Cc3nc4ccccc4[nH]3)o2)cc1,0,IC50,4.6,2,CHEMBL4095623
c1ccc(-c2nnc(Cc3nc4ccccc4[nH]3)o2)cc1,0,IC50,4.5,2,CHEMBL4068254
c1ccc(OCc2nnc(Cc3nc4ccccc4[nH]3)o2)cc1,0,IC50,4.33,2,CHEMBL4087921
Oc1ccc(-c2nnc(Cc3nc4ccccc4[nH]3)o2)cc1,0,IC50 (>),4.0,2,CHEMBL4059610
Cc1ccccc1-c1nnc(Cc2nc3ccccc3[nH]2)o1,0,IC50,4.4,2,CHEMBL4074782
Cc1ccc(-c2nnc(Cc3nc4ccccc4[nH]3)o2)cc1,0,IC50 (>),4.0,2,CHEMBL4086731
COc1cccc(-c2nnc(Cc3nc4ccccc4[nH]3)o2)c1OC,0,IC50,4.21,2,CHEMBL4065301
c1csc(-c2nnc(Cc3nc4ccccc4[nH]3)o2)c1,0,IC50 (>),4.0,2,CHEMBL4075892
c1coc(-c2nnc(Cc3nc4ccccc4[nH]3)o2)c1,0,IC50 (>),4.0,2,CHEMBL4061912
c1ccc(C(c2ccccc2)c2nnc(Cc3nc4ccccc4[nH]3)o2)cc1,0,IC50,4.35,2,CHEMBL4102214
COc1ccc(-c2nnc(Cc3nc4ccccc4[nH]3)o2)cc1,1,IC50,7.01,2,CHEMBL4084249
c1cncc(-c2nnc(Cc3nc4ccccc4[nH]3)o2)c1,0,IC50 (>),4.0,2,CHEMBL4083305
N#CCc1nnc(Cc2nc3ccccc3[nH]2)o1,0,IC50 (>),4.0,2,CHEMBL4067556
Fc1ccc(-c2nnc(Cc3nc4ccccc4[nH]3)o2)cc1,0,IC50 (>),4.0,2,CHEMBL4090323
CC(=O)c1ccccc1-c1nnc(Cc2nc3ccccc3[nH]2)o1,0,IC50,4.18,2,CHEMBL4068814
Nc1ccc(O)c(-c2nnc(Cc3nc4ccccc4[nH]3)o2)c1,0,IC50,4.16,2,CHEMBL4094647
O=C(O)c1ccccc1-c1nnc(Cc2nc3ccccc3[nH]2)o1,0,IC50 (>),4.0,2,CHEMBL4073285
C1=CC2=C(Cc3nnc(Cc4nc5ccccc5[nH]4)o3)CNC2C=C1,0,IC50,4.06,2,CHEMBL4087489
c1ccc(-c2nnc(Cc3nc4ccccc4[nH]3)o2)nc1,0,IC50,4.13,2,CHEMBL4074726
Cc1ccccc1Cc1nnc(Cc2nc3ccccc3[nH]2)o1,0,IC50,4.3,2,CHEMBL4095195
Clc1ccc(-c2nnc(Cc3nc4ccc(Cl)cc4[nH]3)o2)cc1,1,IC50,6.01,2,CHEMBL4084996
Clc1ccc(-c2nnc(Cc3nc4ccc(Cl)cc4[nH]3)o2)c(Cl)c1,0,IC50,4.35,2,CHEMBL4102942
Clc1ccc2nc(Cc3nnc(Cc4ccccc4)o3)[nH]c2c1,0,IC50 (>),4.0,2,CHEMBL4091284
Clc1ccc2nc(Cc3nnc(-c4ccccc4)o3)[nH]c2c1,0,IC50 (>),4.0,2,CHEMBL4063427
Clc1ccc2nc(Cc3nnc(-c4ccccc4Cl)o3)[nH]c2c1,0,IC50,4.48,2,CHEMBL4083493
COc1ccc2c(c1)CCN2c1nc(C)nc2c(Cc3ccccc3)c[nH]c12,1,IC50,6.78,1,CHEMBL4098409
COc1ccc2c(c1)CCCN2c1nc(C)nc2c(Cc3ccccc3)c[nH]c12,1,IC50,7.47,1,CHEMBL4069672
COc1ccc(Nc2nc(C)nc3c(Cc4ccccc4)cn(C)c23)cc1,1,IC50,8.59,1,CHEMBL4099682
COc1ccc(N(C)c2nc(C)nc3c(Cc4ccccc4)cn(C)c23)cc1,1,IC50,8.64,2,CHEMBL4060996;CHEMBL4116552
COc1ccc2c(c1)CCCN2c1nc(C)nc2c(Cc3ccccc3)cn(C)c12,1,IC50,8.31,2,CHEMBL4104515;CHEMBL4117373
COc1ccc(N(C)c2nc(N)nc3c(Cc4ccccc4)c[nH]c23)cc1,1,IC50,8.96,2,CHEMBL4099329
COc1ccc2c(c1)CCCN2c1nc(N)nc2c(Cc3ccccc3)c[nH]c12,1,IC50,7.33,1,CHEMBL4072383
C=CC(=O)Nc1ccc(CN(C(=O)Nc2c(Cl)c(OC)cc(OC)c2Cl)c2cc(Nc3ccc(N4CCN(C)CC4)cc3)ncn2)cc1,1,IC50,7.78,2,CHEMBL4092990
O=C(O)C1CCC2(CC1)OOC1(OO2)C2CC3CC(C2)CC1C3,0,IC50 (>),5.0,3,CHEMBL1830034
C=CC(=O)Nc1cccc(-n2c(=O)cc(C)c3cnc(Nc4cnn(CCN(C)C)c4)nc32)c1,1,IC50,8.38,2,CHEMBL4082515
C=CC(=O)Nc1cccc(-n2c(=O)cc(C)c3cnc(Nc4cnn(C5CCN(C)CC5)c4)nc32)c1,1,IC50,8.74,2,CHEMBL4064475
C=CC(=O)Nc1cccc(-n2c(=O)cc(C)c3cnc(Nc4ccc(N5CCN(C)CC5)nc4)nc32)c1,1,IC50,8.85,2,CHEMBL4086000
C=CC(=O)Nc1cccc(-n2c(=O)cc(C)c3cnc(Nc4nc5c(s4)CN(C)CC5)nc32)c1,1,IC50,8.6,2,CHEMBL4063421
C=CC(=O)Nc1cccc(-n2c(=O)cc(C)c3cnc(Nc4ccc(N5CCN(C)C(C)C5)cc4OC)nc32)c1,1,IC50,8.92,2,CHEMBL4091276
C=CC(=O)Nc1cccc(-n2c(=O)cc(C)c3cnc(Nc4ccc(N5CC(C)N(C)C(C)C5)cc4OC)nc32)c1,1,IC50,8.48,2,CHEMBL4072048
C=CC(=O)Nc1cc(-n2c(=O)cc(C)c3cnc(Nc4ccc(N5CCN(C)CC5)cc4OC)nc32)ccc1C,1,IC50,8.64,2,CHEMBL4083486
C=CC(=O)Nc1cc(C)cc(-n2c(=O)cc(C)c3cnc(Nc4ccc(N5CCN(C)CC5)cc4OC)nc32)c1,1,IC50,8.74,2,CHEMBL4078120
C=CC(=O)Nc1cc(CC)cc(-n2c(=O)cc(C)c3cnc(Nc4ccc(N5CCN(C)CC5)cc4OC)nc32)c1,1,IC50,8.47,2,CHEMBL4102389
C=CC(=O)Nc1cc(C(C)C)cc(-n2c(=O)cc(C)c3cnc(Nc4ccc(N5CCN(C)CC5)cc4OC)nc32)c1,1,IC50,8.62,2,CHEMBL4079861
C=CC(=O)Nc1cc(F)cc(-n2c(=O)cc(C)c3cnc(Nc4ccc(N5CCN(C)CC5)cc4OC)nc32)c1,1,IC50,9.1,2,CHEMBL4087740
C=CC(=O)Nc1cc(Cl)cc(-n2c(=O)cc(C)c3cnc(Nc4ccc(N5CCN(C)CC5)cc4OC)nc32)c1,1,IC50,9.22,2,CHEMBL4105621
C=CC(=O)Nc1cc(Br)cc(-n2c(=O)cc(C)c3cnc(Nc4ccc(N5CCN(C)CC5)cc4OC)nc32)c1,1,IC50,8.74,2,CHEMBL4095439
C=CC(=O)Nc1cc(-n2c(=O)cc(C)c3cnc(Nc4ccc(N5CCN(C)CC5)cc4OC)nc32)cc(C(F)(F)F)c1,1,IC50,8.7,2,CHEMBL4068047
C=CC(=O)Nc1cc(-n2c(=O)cc(C)c3cnc(Nc4ccc(N5CCN(C)C(C)C5)cc4OC)nc32)cc(C(F)(F)F)c1,1,IC50,8.8,2,CHEMBL4103194
C=CC(=O)Nc1cc(-n2c(=O)cc(C)c3cnc(Nc4ccc(N5CC(C)N(C)C(C)C5)cc4OC)nc32)cc(C(F)(F)F)c1,1,IC50,8.48,2,CHEMBL4078914
C=CC(=O)N1CCC(Cn2c(=O)cc(C)c3cnc(Nc4ccc(N5CCN(C)CC5)cc4OC)nc32)C1,1,IC50,7.2,1,CHEMBL4099008
C=CC(=O)N1CC[C@H](n2c(=O)cc(C)c3cnc(Nc4ccc(N5CCN(C)CC5)cc4OC)nc32)C1,1,IC50,7.04,1,CHEMBL4093766
C=CC(=O)N1CC[C@@H](n2c(=O)cc(C)c3cnc(Nc4ccc(N5CCN(C)CC5)cc4OC)nc32)C1,1,IC50,6.36,1,CHEMBL4073062
C=CC(=O)Nc1cc(-n2c(=O)cc(C)c3cnc(Nc4ccc(N5CCN(C)CC5)cc4OC)nc32)cc(C(C)(C)C)c1,1,IC50,7.75,1,CHEMBL4097883
CCCCOC(=O)c1c(-c2ccccc2)nn2ccccc12,0,IC50,4.62,1,CHEMBL4105434
COc1cc2ncccc2cc1NC(=O)c1csc2cncnc12,0,IC50 (>),4.3,1,CHEMBL3822972
C=CC(=O)N1C[C@H](Nc2ncnc3[nH]ccc23)CC[C@@H]1C,0,IC50 (>),4.3,1,CHEMBL4085457
CS(=O)(=O)CCNCc1ccc(-c2ccc3ncnc(Nc4ccc(F)c(Cl)c4)c3c2)o1,1,IC50,7.62,1,CHEMBL4066845
C#Cc1cccc(Nc2ncnc3ccc(-c4ccc(CNCCS(C)(=O)=O)o4)cc23)c1,1,IC50,7.47,1,CHEMBL4088135
OCc1ccc(-c2ccc3ncnc(Nc4ccc(OCc5cccc(F)c5)c(Cl)c4)c3c2)o1,1,IC50,8.3,1,CHEMBL3542268
C#Cc1cccc(Nc2ncnc3ccc(-c4ccc(CO)o4)cc23)c1,1,IC50,7.8,1,CHEMBL4089347
Nc1nc(N)c2c(n1)[nH]c1cccc(Sc3ccc4ccccc4c3)c12,0,IC50,4.7,1,CHEMBL4060383
COc1ccc(Sc2cccc3[nH]c4nc(N)nc(N)c4c23)cc1,0,IC50,4.68,1,CHEMBL4096329
COc1cc2cnnc(Nc3ccc(Cl)cc3F)c2cc1OC,1,IC50,6.7,1,CHEMBL4087709
CC1(C)OCC(=O)Nc2cc(Nc3nc(NCC(F)(F)F)c4occc4n3)ccc21,0,IC50 (>),5.0,1,CHEMBL4069365
C=CC(=O)Nc1cc(Nc2n[nH]c3ccc(-c4cccc5ccccc45)cc23)c(OC)cc1N(C)CCN(C)C,1,IC50,8.57,3,CHEMBL4079566
C=CC(=O)Nc1cc(Nc2n[nH]c3ccc(-c4ccc5ccccc5c4)cc23)c(OC)cc1N(C)CCN(C)C,1,IC50,8.96,6,CHEMBL4089863
C=CC(=O)Nc1cc(Nc2n[nH]c3cc(-c4cccc(C(F)(F)F)c4)ccc23)c(OC)cc1N(C)CCN(C)C,1,IC50,8.35,3,CHEMBL4082000
C=CC(=O)Nc1cc(Nc2n[nH]c3cc(-c4ccc(F)cc4)ccc23)c(OC)cc1N(C)CCN(C)C,1,IC50,8.07,3,CHEMBL4060103
C=CC(=O)Nc1cc(Nc2n[nH]c3cc(-c4cccc(F)c4)ccc23)c(OC)cc1N(C)CCN(C)C,1,IC50,8.8,3,CHEMBL4071463
C=CC(=O)Nc1cc(Nc2n[nH]c3cc(-c4ccc(N(C)C)cc4)ccc23)c(OC)cc1N(C)CCN(C)C,1,IC50,7.14,3,CHEMBL4098500
C=CC(=O)Nc1cc(Nc2n[nH]c3cc(-c4cccc(N(C)C)c4)ccc23)c(OC)cc1N(C)CCN(C)C,1,IC50,8.0,3,CHEMBL4103757
C=CC(=O)Nc1cc(Nc2n[nH]c3cc(-c4ccncc4)ccc23)c(OC)cc1N(C)CCN(C)C,1,IC50,8.3,3,CHEMBL4079501
C=CC(=O)Nc1cc(Nc2n[nH]c3cc(-c4cccnc4)ccc23)c(OC)cc1N(C)CCN(C)C,1,IC50,7.82,3,CHEMBL4080424
C=CC(=O)Nc1cc(Nc2n[nH]c3cc(-c4cn(C)c5ccccc45)ccc23)c(OC)cc1N(C)CCN(C)C,1,IC50,8.82,6,CHEMBL4098444
C=CC(=O)Nc1cc(Nc2n[nH]c3cc(-c4cncc5ccccc45)ccc23)c(OC)cc1N(C)CCN(C)C,1,IC50,8.96,3,CHEMBL4088277
C=CC(=O)Nc1cc(Nc2n[nH]c3cc(-c4cccc5ccccc45)ccc23)c(OC)cc1N(C)CCN(C)C,1,IC50,8.85,2,CHEMBL4060039
C=CC(=O)Nc1cc(Nc2n[nH]c3cc(-c4ccc5ccccc5c4)ccc23)c(OC)cc1N(C)CCN(C)C,1,IC50,7.6,3,CHEMBL4061043
CCC(=O)Nc1cc(Nc2n[nH]c3ccccc23)c(OC)cc1N(C)CCN(C)C,0,IC50 (>),5.0,3,CHEMBL4065517
C=CC(=O)Nc1cc(Nc2n[nH]c3ccccc23)c(OC)cc1N(C)CCN(C)C,1,IC50,6.33,1,CHEMBL4074766
C=CC(=O)Nc1cc(Nc2n[nH]c3ccc(-c4ccc(F)cc4)cc23)c(OC)cc1N(C)CCN(C)C,1,IC50,8.7,2,CHEMBL4097594
C=CC(=O)Nc1cc(Nc2n[nH]c3ccccc23)ccc1N(C)CCN(C)C,0,IC50 (>),5.0,2,CHEMBL4090330
CCC(=O)Nc1cc(Nc2n[nH]c3ccccc23)ccc1N(C)CCN(C)C,0,IC50 (>),5.0,1,CHEMBL4069284
S=C(NCc1ccccc1)Nc1ccc2ncnc(Nc3cccc(Br)c3)c2c1,1,IC50,7.76,2,CHEMBL4088718
O=C(Nc1ccc2ncnc(Nc3cccc(Br)c3)c2c1)c1ccco1,1,IC50,8.08,1,CHEMBL4097369
S=C(NCc1ccccc1)Nc1ccc2ncnc(Nc3cccc(Cl)c3)c2c1,1,IC50,7.94,1,CHEMBL4091921
Cc1cccc(Nc2ncnc3ccc(NC(=S)NCc4ccccc4)cc23)c1,1,IC50,7.43,1,CHEMBL4072769
Oc1cccc(Nc2ncnc3ccc(NC(=S)NCc4ccccc4)cc23)c1,1,IC50,7.2,1,CHEMBL4080711
S=C(Nc1ccccc1)Nc1ccc2ncnc(Nc3cccc(Br)c3)c2c1,1,IC50,7.8,1,CHEMBL4076434
S=C(Nc1ccc2ncnc(Nc3cccc(Br)c3)c2c1)Nc1ccccc1Cl,1,IC50,7.8,1,CHEMBL4102455
S=C(Nc1cccc(Cl)c1)Nc1ccc2ncnc(Nc3cccc(Br)c3)c2c1,1,IC50,7.69,2,CHEMBL4078182
S=C(Nc1ccc(Cl)cc1)Nc1ccc2ncnc(Nc3cccc(Br)c3)c2c1,1,IC50,7.71,1,CHEMBL4097862
Oc1ccc(NC(=S)Nc2ccc3ncnc(Nc4cccc(Br)c4)c3c2)cc1,1,IC50,8.05,1,CHEMBL4075530
NS(=O)(=O)c1ccc(NC(=S)Nc2ccc3ncnc(Nc4cccc(Br)c4)c3c2)cc1,1,IC50,8.02,1,CHEMBL4075103
O=S(=O)(Nc1nccs1)c1ccc(NC(=S)Nc2ccc3ncnc(Nc4cccc(Br)c4)c3c2)cc1,1,IC50,7.66,1,CHEMBL4101774
Fc1ccc(NC(=S)Nc2ccc3ncnc(Nc4cccc(Br)c4)c3c2)cc1Cl,1,IC50,7.6,1,CHEMBL4066504
Fc1c(NC(=S)Nc2ccc3ncnc(Nc4cccc(Br)c4)c3c2)cccc1C(F)(F)F,1,IC50,6.95,1,CHEMBL4093114
FC(F)(F)c1cccc(NC(=S)Nc2ccc3ncnc(Nc4cccc(Br)c4)c3c2)c1,1,IC50,7.22,1,CHEMBL4085352
S=C(Nc1ccc(Br)cc1)Nc1ccc2ncnc(Nc3cccc(Br)c3)c2c1,1,IC50,7.45,1,CHEMBL4088760
S=C(Nc1ccc2ncnc(Nc3cccc(Br)c3)c2c1)Nc1ccc(Cl)cc1Cl,1,IC50,7.31,1,CHEMBL4067514
S=C(Nc1ccc(Cl)c(Cl)c1)Nc1ccc2ncnc(Nc3cccc(Br)c3)c2c1,1,IC50,6.88,1,CHEMBL4072928
S=C(Nc1cc(Cl)cc(Cl)c1)Nc1ccc2ncnc(Nc3cccc(Br)c3)c2c1,1,IC50,6.83,1,CHEMBL4077419
CNC(=S)Nc1ccc2ncnc(Nc3cccc(Br)c3)c2c1,1,IC50,8.04,1,CHEMBL4092951
S=C(Nc1cccnc1)Nc1ccc2ncnc(Nc3cccc(Br)c3)c2c1,1,IC50,7.99,1,CHEMBL4065288
S=C(NCc1ccc(Cl)cc1)Nc1ccc2ncnc(Nc3cccc(Br)c3)c2c1,1,IC50,7.55,1,CHEMBL4071170
S=C(Nc1ccc2ncnc(Nc3cccc(Br)c3)c2c1)N1CCOCC1,1,IC50,7.57,1,CHEMBL4062528
O=C(NCc1ccccc1)Nc1ccc2ncnc(Nc3cccc(Br)c3)c2c1,1,IC50,8.05,1,CHEMBL4103464
O=C(Nc1ccc(Cl)cc1)Nc1ccc2ncnc(Nc3cccc(Br)c3)c2c1,1,IC50,7.71,1,CHEMBL4089588
Fc1cc(F)cc(NC(=S)Nc2ccc3ncnc(Nc4cccc(Cl)c4)c3c2)c1,1,IC50,7.22,2,CHEMBL4065300
S=C(Nc1cncc(Cl)c1)Nc1ccc2ncnc(Nc3cccc(Cl)c3)c2c1,1,IC50,7.26,1,CHEMBL4092966
FC(F)(F)c1csc(NC(=S)Nc2ccc3ncnc(Nc4cccc(Cl)c4)c3c2)n1,1,IC50,6.86,2,CHEMBL4073912
S=C(Nc1ccc2ncnc(Nc3cccc(Cl)c3)c2c1)Nc1ncc(Cl)s1,1,IC50,6.92,1,CHEMBL4072986
Cc1nnc(NC(=S)Nc2ccc3ncnc(Nc4cccc(Cl)c4)c3c2)s1,1,IC50,6.92,1,CHEMBL4065503
FC(F)(F)c1nnc(NC(=S)Nc2ccc3ncnc(Nc4cccc(Cl)c4)c3c2)s1,1,IC50,6.89,1,CHEMBL4077608
CC(C)(C)c1ccc(C(=O)Nc2cn3cc(-n4ccnc4)ccc3n2)cc1,0,IC50 (>),4.7,2,CHEMBL1642655;CHEMBL4778541
COCCn1cc(NC(=O)c2csc(-c3nncn3C(C)C)n2)cn1,0,IC50 (>),4.7,1,CHEMBL4073198
CC(C)(C)OC(=O)NCC(=O)Nc1ccc2ncnc(Nc3cccc(Br)c3)c2c1,1,IC50,8.49,1,CHEMBL4071058
C[C@@H](NC(=O)OC(C)(C)C)C(=O)Nc1ccc2ncnc(Nc3cccc(Br)c3)c2c1,0,IC50 (>),4.0,1,CHEMBL4083222
CC(C)C[C@@H](NC(=O)OC(C)(C)C)C(=O)Nc1ccc2ncnc(Nc3cccc(Br)c3)c2c1,1,IC50,6.84,1,CHEMBL4091010
CC[C@H](C)[C@@H](NC(=O)OC(C)(C)C)C(=O)Nc1ccc2ncnc(Nc3cccc(Br)c3)c2c1,1,IC50,7.26,1,CHEMBL4061283
COc1cc2c(Nc3ccc(NC(=O)c4ccccc4)cc3)ncnc2cc1OCCCN1CCOCC1,1,IC50,6.96,3,CHEMBL202721
CC(C)(C)OC(=O)NCC(=O)Nc1ccc2ncnc(Nc3ccc(F)c(Cl)c3)c2c1,1,IC50,7.77,1,CHEMBL4098587
C[C@@H](NC(=O)OC(C)(C)C)C(=O)Nc1ccc2ncnc(Nc3ccc(F)c(Cl)c3)c2c1,0,IC50 (>),4.0,1,CHEMBL4080555
CC(C)C[C@@H](NC(=O)OC(C)(C)C)C(=O)Nc1ccc2ncnc(Nc3ccc(F)c(Cl)c3)c2c1,1,IC50,6.85,1,CHEMBL4087241
C[C@@H](NC(=O)OC(C)(C)C)C(=O)Nc1ccc2ncnc(Nc3cccc(C(F)(F)F)c3)c2c1,0,IC50 (>),4.0,1,CHEMBL4102666
CN(C)C(=O)CSc1nc(-c2ccc(F)cc2)c(-c2ccnc(Nc3ccccc3)c2)[nH]1,1,IC50,9.0,3,CHEMBL4064942
OCCSc1nc(-c2ccc(F)cc2)c(-c2ccnc(Nc3ccccc3)c2)[nH]1,1,IC50,8.96,3,CHEMBL4091569
Fc1ccc(-c2nc(SCCN3CCOCC3)[nH]c2-c2ccnc(Nc3ccccc3)c2)cc1,1,IC50,7.12,2,CHEMBL4067255
NCCSc1nc(-c2ccc(F)cc2)c(-c2ccnc(Nc3ccccc3)c2)[nH]1,1,IC50,8.59,3,CHEMBL4081860
C=CC(=O)NCCSc1nc(-c2ccc(F)cc2)c(-c2ccnc(Nc3ccccc3)c2)[nH]1,1,IC50,8.8,6,CHEMBL4071012
CCC(=O)NCCSc1nc(-c2ccc(F)cc2)c(-c2ccnc(Nc3ccccc3)c2)[nH]1,1,IC50,8.49,3,CHEMBL4102224
C=CC(=O)NCCSc1nc(-c2ccccc2)c(-c2ccnc(Nc3ccccc3)c2)[nH]1,1,IC50,8.77,3,CHEMBL4062543
C=CC(=O)NCCSc1nc(-c2ccc(F)c(C(F)(F)F)c2)c(-c2ccnc(Nc3ccccc3)c2)[nH]1,1,IC50,7.35,3,CHEMBL4084248
CN(C)C/C=C/C(=O)NCCSc1nc(-c2ccc(F)cc2)c(-c2ccnc(Nc3ccccc3)c2)[nH]1,1,IC50,8.72,3,CHEMBL4071180
CCC(=O)Nc1cccc(Nc2cc(-c3[nH]c(SC)nc3-c3ccc(F)cc3)ccn2)c1,1,IC50,8.17,4,CHEMBL4102577
C=CC(=O)NCc1cccc(Nc2cc(-c3[nH]c(SC)nc3-c3ccc(F)cc3)ccn2)c1,1,IC50,8.31,3,CHEMBL4089279
C=CC(=O)NCc1cn(Cc2cccc(Nc3cc(-c4[nH]c(SC)nc4-c4ccc(F)cc4)ccn3)c2)nn1,1,IC50,7.34,3,CHEMBL4068092
C=CC(=O)Nc1ccc(OC)c(Nc2cc(-c3cnc(SC)[nH]3)ccn2)c1,1,IC50,8.25,3,CHEMBL4076854
CCC(=O)Nc1ccc(OC)c(Nc2cc(-c3cnc(SC)[nH]3)ccn2)c1,1,IC50,6.44,1,CHEMBL4101193
C=CC(=O)Nc1ccc(OC)c(Nc2cc(-c3[nH]c(SC)nc3C)ccn2)c1,1,IC50,8.0,3,CHEMBL4086878
C=CC(=O)Nc1ccc(OC)c(Nc2cc(-c3[nH]c(SC)nc3C(C)(C)C)ccn2)c1,1,IC50,7.8,3,CHEMBL4082884
CSc1nc(-c2ccc(F)cc2)c(-c2ccnc(Nc3cc(F)cc([N+](=O)[O-])c3)c2)[nH]1,1,IC50,7.26,3,CHEMBL4062722
CSc1nc(-c2ccc(F)cc2)c(-c2ccnc(Nc3ccccc3)c2)[nH]1,1,IC50,8.6,5,CHEMBL321494
C=CC(=O)N1CCC(Sc2nc(-c3ccc(F)cc3)c(-c3ccnc(Nc4ccccc4)c3)[nH]2)C1,1,IC50,7.6,3,CHEMBL4086078
C=CC(=O)Nc1cccc(Nc2cc(-c3[nH]c(SC)nc3-c3ccc(F)cc3)ccn2)n1,1,IC50,8.51,1,CHEMBL4100777
C=CC(=O)N1CCC[C@@H]1CSc1nc(-c2ccc(F)cc2)c(-c2ccnc(Nc3ccccc3)c2)[nH]1,1,IC50,8.51,3,CHEMBL4061473
NCCCSc1nc(-c2ccc(F)cc2)c(-c2ccnc(Nc3ccccc3)c2)[nH]1,1,IC50,7.92,3,CHEMBL4076363
CC(=O)CCCSc1nc(-c2ccc(F)cc2)c(-c2ccnc(Nc3ccccc3)c2)[nH]1,1,IC50,7.12,2,CHEMBL4092003
N#CCCSc1nc(-c2ccc(F)cc2)c(-c2ccnc(Nc3ccccc3)c2)[nH]1,1,IC50,7.4,3,CHEMBL4081732
C=CC(=O)Nc1ccc(OC)c(Nc2cc(-c3[nH]c(SC)nc3C3CC3)ccn2)c1,1,IC50,8.64,2,CHEMBL4105526
C=CC(=O)Nc1ccc(OC)c(Nc2cc(-c3[nH]c(SC)nc3-c3ccc4ccccc4c3)ccn2)c1,1,IC50,8.96,1,CHEMBL4096980
C=CC(=O)Nc1cccc(Nc2cc(-c3[nH]c(SC)nc3-c3ccc(F)cc3)ccn2)c1,1,IC50,8.48,1,CHEMBL4087268
C=CC(=O)N1CCC[C@H]1CSc1nc(-c2ccc(F)cc2)c(-c2ccnc(Nc3ccccc3)c2)[nH]1,1,IC50,8.72,3,CHEMBL4070707
C=CC(=O)NCCCSc1nc(-c2ccc(F)cc2)c(-c2ccnc(Nc3ccccc3)c2)[nH]1,1,IC50,7.8,3,CHEMBL4089601
CSc1nc(-c2ccc(F)cc2)c(-c2ccnc(Nc3cc(N4CCN(C)CC4)cc([N+](=O)[O-])c3)c2)[nH]1,1,IC50,8.68,2,CHEMBL4098412
C=CC(=O)Nc1ccc(OC)c(Nc2cc(-c3[nH]c(SC)nc3C3CCCC3)ccn2)c1,1,IC50,8.35,1,CHEMBL4082362
CCC(=O)Nc1ccc(OC)c(Nc2cc(-c3[nH]c(SC)nc3-c3ccc(F)cc3)ccn2)c1,1,IC50,8.3,2,CHEMBL4094927
C=CC(=O)Nc1ccc(OC)c(Nc2cc(-c3[nH]c(SC)nc3C3CCC3)ccn2)c1,1,IC50,8.17,1,CHEMBL4100377
C=CC(=O)Nc1cccc(Nc2cc(-c3[nH]c(SCCNC(=O)CC)nc3-c3ccccc3)ccn2)c1,1,IC50,8.6,1,CHEMBL4079393
C=CC(=O)Nc1ccc(OC)c(Nc2cc(-c3[nH]c(SC)nc3-c3ccc(F)cc3)ccn2)c1,1,IC50,9.59,19,CHEMBL4098072
C=CC(=O)Nc1ccc(OC)c(Nc2cc(-c3[nH]c(CCCO)nc3-c3ccc(F)cc3)ccn2)c1,1,IC50,8.1,7,CHEMBL4100860
CCC(=O)Nc1ccc(OC)c(Nc2cc(-c3[nH]c(CCCO)nc3-c3ccc(F)cc3)ccn2)c1,1,IC50,8.15,2,CHEMBL4090686
C=CC(=O)Nc1cc(Nc2cc(-c3[nH]c(SC)nc3-c3ccc(F)cc3)ccn2)cc(N2CCN(C)CC2)c1,1,IC50,7.96,2,CHEMBL4071368
C=CC(=O)Nc1cc(Nc2cc(-c3[nH]c(SC)nc3-c3ccc(F)cc3)ccn2)cc(N2CCOCC2)c1,1,IC50,7.28,1,CHEMBL4060003
C[C@@H](c1ccc(F)cc1)n1nnc2cnc3ccc(-c4ccc5ocnc5c4)cc3c21,0,IC50 (>),5.0,1,CHEMBL4083249
C=CC(=O)Nc1cccc(C)c1Nc1ncc(OCc2c(F)c(OC)cc(OC)c2F)cn1,0,IC50 (>),5.0,1,CHEMBL4089245
C=CC(=O)Nc1cccc(C)c1Nc1ncc2cc(-c3c(Cl)c(OC)cc(OC)c3Cl)ccc2n1,0,IC50 (>),5.0,1,CHEMBL4068896
C=CC(=O)N[C@H]1COC[C@H]1Nc1ncc(OCc2c(F)c(OC)cc(OC)c2F)cn1,0,IC50 (>),5.0,1,CHEMBL4077859
Cc1n[nH]c2ccc(-c3cc(N[C@@H](CO)c4ccccc4)cnc3-c3cc(Cl)ccc3O)cc12,1,IC50,8.51,2,CHEMBL4105329
OC[C@H](Nc1cnc(-c2cc(Cl)ccc2O)c(-c2ccc3cnccc3c2)c1)c1ccccc1,1,IC50,8.72,2,CHEMBL4067871
Cc1n[nH]c2ccc(-c3cc(N[C@@H](CO)c4ccccc4)cnc3-c3cc(F)ccc3O)cc12,1,IC50,9.4,5,CHEMBL4062877
Cc1n[nH]c2ccc(-c3cc(N[C@@H](CO)c4ccccc4)cnc3-c3ccc(F)cc3O)cc12,1,IC50,8.89,2,CHEMBL4075917
CC(c1cc2cc(-c3cnn(C)c3)cnc2cc1F)n1nnc2ncc(-c3cnn(CCO)c3)nc21,0,IC50 (>),4.52,2,CHEMBL4074262
CNS(=O)(=O)c1cccc(Nc2cc(Nc3cccc(C)c3)ncn2)c1,1,IC50,8.52,1,CHEMBL4097027
CNS(=O)(=O)c1cccc(Nc2cc(Nc3ccc(Cl)cc3)ncn2)c1,1,IC50,7.89,1,CHEMBL3915155
CNS(=O)(=O)c1cccc(Nc2cc(Nc3ccc(Cl)cn3)ncn2)c1,1,IC50,6.2,1,CHEMBL4061645
CNS(=O)(=O)c1cccc(Nc2cc(Nc3cccc(C(C)C)c3)ncn2)c1,1,IC50,7.6,1,CHEMBL4084208
CNS(=O)(=O)c1cccc(Nc2cc(Nc3cccc(C(C)(C)C)c3)ncn2)c1,1,IC50,6.4,1,CHEMBL4076602
CNS(=O)(=O)c1cccc(Nc2cc(Nc3cccc([N+](=O)[O-])c3)ncn2)c1,1,IC50,8.4,1,CHEMBL4065426
CNS(=O)(=O)c1cccc(Nc2cc(N(C)c3cccc(C)c3)ncn2)c1,1,IC50,7.7,1,CHEMBL4086869
CCS(=O)(=O)c1ccc(S(=O)(=O)NC)cc1Nc1cc(Nc2ccc(Cl)cn2)ncn1,0,IC50 (>),4.6,1,CHEMBL4094739
C=CC(=O)Nc1cccc(Nc2nc(Nc3ccc(Oc4ccnc(C(=O)NC)c4)cc3)ncc2F)c1,1,IC50,6.26,3,CHEMBL2216827
C=CC(=O)Nc1cccc(Nc2nc(Nc3ccc(OCCOC)cc3)ncc2F)c1,1,IC50,6.36,1,CHEMBL3301625
C=CC(=O)N1CCc2ccc(-n3c(=O)ccc4cnc5ccc(-c6cnn(C)c6)cc5c43)cc21,1,IC50,6.06,1,CHEMBL4077064
C=CC(=O)Nc1cc(Nc2cc(-c3cccc(NC(=O)c4ccc(C(C)(C)C)cc4)c3C)cn(C)c2=O)ccc1C(=O)N1CCOCC1,0,IC50 (>),5.0,1,CHEMBL4077123
O=C(Nn1c(-c2ccccc2)nc2ccccc2c1=O)c1ccc(Br)cc1,1,IC50,6.38,2,CHEMBL4077349
Cc1nnc(-n2c(-c3ccccc3)nc3cc(Cl)ccc3c2=O)s1,0,IC50,4.92,1,CHEMBL4083467
O=c1c2ccc(Cl)cc2nc(-c2ccccc2)n1-c1nnc(C2CC2)s1,1,IC50,6.99,2,CHEMBL4079183
COc1ccc(-c2nnc(-n3c(-c4ccccc4)nc4cc(Cl)ccc4c3=O)s2)cc1,1,IC50,7.68,2,CHEMBL4103440
NCCn1c(-c2ccccc2)nc2cc(Cl)ccc2c1=O,1,IC50,6.54,1,CHEMBL4074248
O=c1c2ccccc2nc(-c2ccccc2)n1-c1nnc(-c2ccccc2Cl)s1,0,IC50,4.11,1,CHEMBL4083815
C=CC(=O)Nc1cccc(Oc2nc(Nc3ccc(/C=C/c4cc(C)cc(C)c4)cc3)ncc2Cl)c1,1,IC50,7.65,2,CHEMBL4081703
C=CC(=O)Nc1cccc(Nc2nc(Nc3ccc(/C=C/c4cc(Cl)cc(Cl)c4)cc3)ncc2F)c1,1,IC50,7.85,2,CHEMBL4059772
C=CC(=O)Nc1cccc(Nc2nc(Nc3ccc(/C=C/c4cc(OC)cc(OC)c4)cc3)ncc2Cl)c1,1,IC50,7.8,2,CHEMBL4093954
C=CC(=O)Nc1cccc(Nc2nc(Nc3ccc(/C=C/c4cc(C)cc(C)c4)cc3)ncc2Cl)c1,1,IC50,7.58,2,CHEMBL4073278
C=CC(=O)Nc1cccc(Nc2nc(Nc3ccc(/C=C/c4cc(C)cc(C)c4)cc3)ncc2F)c1,1,IC50,7.96,2,CHEMBL4087570
C=CC(=O)Nc1cccc(Nc2nc(Nc3ccc(/C=C/c4ccc(C)cc4C)cc3)ncc2Cl)c1,1,IC50,8.17,2,CHEMBL4105442
C=CC(=O)Nc1cccc(Nc2nc(Nc3ccc(/C=C/c4ccc(C)cc4C)cc3)ncc2F)c1,1,IC50,8.09,2,CHEMBL4095271
C=CC(=O)Nc1cccc(Nc2nc(Nc3ccc(/C=C/c4cc(Cl)cc(Cl)c4)cc3)ncc2Cl)c1,1,IC50,7.95,1,CHEMBL4067855
Cc1cc(=O)n(-c2ccc(F)cc2)nc1C(=O)Nc1ccc(Oc2ccnc3[nH]ccc23)c(F)c1,1,IC50,6.14,1,CHEMBL4066684
O=C(N/N=C/c1ccc(O)cc1)Nc1cc2c(Nc3ccc(F)c(Cl)c3)ncnc2cc1O[C@H]1CCOC1,1,IC50,7.25,1,CHEMBL4064776
Cc1nc(C)c(/C=C2\CN(C)C/C(=C\c3nc(C)c(C)nc3C)C2=O)nc1C,1,IC50,7.4,1,CHEMBL4083642
COc1cc(Br)c(/C=C2\CN(C)C/C(=C\c3nc(C)c(C)nc3C)C2=O)cc1OC,1,IC50,7.22,1,CHEMBL4063890
Cc1nc(C)c(/C=C2\CN(C)C/C(=C\c3nc(C)c(C)nc3C)C2=NO)nc1C,1,IC50,7.7,1,CHEMBL4078023
COc1cc(Br)c(/C=C2\CN(C)CC(=C\c3nc(C)c(C)nc3C)/C2=N\O)cc1OC,1,IC50,7.7,1,CHEMBL4064361
C=CC(=O)N1CC[C@H](N2C(=O)N(c3ccccc3Cl)Cc3cnc(Nc4ccc(N5CCN(C)CC5)c(C)c4)nc32)C1,1,IC50,9.3,1,CHEMBL4071474
CCC(=O)N1CC[C@H](N2C(=O)N(c3ccccc3Cl)Cc3cnc(Nc4ccc(N5CCN(C)CC5)c(C)c4)nc32)C1,1,IC50,7.8,1,CHEMBL4098507
CC(=O)N1CC[C@H](N2C(=O)N(c3ccccc3Cl)Cc3cnc(Nc4ccc(N5CCN(C)CC5)c(C)c4)nc32)C1,1,IC50,7.92,1,CHEMBL4074601
Cc1cc(Nc2ncc3c(n2)N([C@H]2CCN(C(=O)C(C)C)C2)C(=O)N(c2ccccc2Cl)C3)ccc1N1CCN(C)CC1,1,IC50,8.07,1,CHEMBL4095063
CCCC(=O)N1CC[C@H](N2C(=O)N(c3ccccc3Cl)Cc3cnc(Nc4ccc(N5CCN(C)CC5)c(C)c4)nc32)C1,1,IC50,7.54,1,CHEMBL4065970
Cc1cc(Nc2ncc3c(n2)N([C@H]2CCN(C(=O)CC(C)C)C2)C(=O)N(c2ccccc2Cl)C3)ccc1N1CCN(C)CC1,1,IC50,7.65,1,CHEMBL4087375
Cc1cc(Nc2ncc3c(n2)N([C@H]2CCN(C(=O)C(C)(C)C)C2)C(=O)N(c2ccccc2Cl)C3)ccc1N1CCN(C)CC1,1,IC50,7.53,1,CHEMBL4092632
Cc1cc(Nc2ncc3c(n2)N([C@H]2CCN(C(=O)C4CC4)C2)C(=O)N(c2ccccc2Cl)C3)ccc1N1CCN(C)CC1,1,IC50,7.54,1,CHEMBL4064937
Cc1cc(Nc2ncc3c(n2)N([C@H]2CCN(C(=O)C4CCCC4)C2)C(=O)N(c2ccccc2Cl)C3)ccc1N1CCN(C)CC1,1,IC50,7.59,1,CHEMBL4084868
Cc1cc(Nc2ncc3c(n2)N([C@H]2CCN(C(=O)C4CCCCC4)C2)C(=O)N(c2ccccc2Cl)C3)ccc1N1CCN(C)CC1,1,IC50,7.6,1,CHEMBL4102822
Cc1cc(Nc2ncc3c(n2)N([C@H]2CCN(C(=O)CO)C2)C(=O)N(c2ccccc2Cl)C3)ccc1N1CCN(C)CC1,1,IC50,8.15,1,CHEMBL4062178
Cc1cc(Nc2ncc3c(n2)N([C@H]2CCN(C(=O)CN(C)C)C2)C(=O)N(c2ccccc2Cl)C3)ccc1N1CCN(C)CC1,1,IC50,7.58,1,CHEMBL4083904
CCCN1CC[C@H](N2C(=O)N(c3ccccc3Cl)Cc3cnc(Nc4ccc(N5CCN(C)CC5)c(C)c4)nc32)C1,1,IC50,7.28,1,CHEMBL4062830
CCC(=O)N1CC[C@@H](N2C(=O)N(c3ccccc3Cl)Cc3cnc(Nc4ccc(N5CCN(C)CC5)c(C)c4)nc32)C1,1,IC50,7.63,1,CHEMBL4098591
CCC(=O)N1CC[C@H](N2C(=O)N(c3ccccc3F)Cc3cnc(Nc4ccc(N5CCN(C)CC5)c(C)c4)nc32)C1,1,IC50,7.75,1,CHEMBL4060198
CCC(=O)N1CC[C@H](N2C(=O)N(c3ccccc3C)Cc3cnc(Nc4ccc(N5CCN(C)CC5)c(C)c4)nc32)C1,1,IC50,8.12,1,CHEMBL4089951
CCC(=O)N1CC[C@H](N2C(=O)N(c3cccc(F)c3)Cc3cnc(Nc4ccc(N5CCN(C)CC5)c(C)c4)nc32)C1,1,IC50,7.45,1,CHEMBL4070404
CCC(=O)N1CC[C@H](N2C(=O)N(c3ccc(F)cc3)Cc3cnc(Nc4ccc(N5CCN(C)CC5)c(C)c4)nc32)C1,1,IC50,7.14,1,CHEMBL4097682
CCC(=O)N1CC[C@H](N2C(=O)N(c3cccc(Cl)c3)Cc3cnc(Nc4ccc(N5CCN(C)CC5)c(C)c4)nc32)C1,1,IC50,6.84,1,CHEMBL4079649
CCC(=O)N1CC[C@H](N2C(=O)N(c3ccc(Cl)cc3)Cc3cnc(Nc4ccc(N5CCN(C)CC5)c(C)c4)nc32)C1,1,IC50,6.42,1,CHEMBL4105392
CCC(=O)N1CC[C@H](N2C(=O)N(c3cccc(C)c3)Cc3cnc(Nc4ccc(N5CCN(C)CC5)c(C)c4)nc32)C1,1,IC50,6.44,1,CHEMBL4087525
CCC(=O)N1CC[C@H](N2C(=O)N(c3ccc(C)cc3)Cc3cnc(Nc4ccc(N5CCN(C)CC5)c(C)c4)nc32)C1,1,IC50,6.42,1,CHEMBL4097770
CCC(=O)N1CC[C@H](N2C(=O)N(c3ccccc3OC)Cc3cnc(Nc4ccc(N5CCN(C)CC5)c(C)c4)nc32)C1,1,IC50,7.56,1,CHEMBL4070640
CCC(=O)N1CC[C@H](N2C(=O)N(c3cccc(OC)c3)Cc3cnc(Nc4ccc(N5CCN(C)CC5)c(C)c4)nc32)C1,1,IC50,6.38,1,CHEMBL4105503
CCC(=O)N1CC[C@H](N2C(=O)N(c3ccc(OC)cc3)Cc3cnc(Nc4ccc(N5CCN(C)CC5)c(C)c4)nc32)C1,1,IC50,6.82,1,CHEMBL4081252
CCC(=O)N1CC[C@H](N2C(=O)N(c3cccc(OC(F)F)c3)Cc3cnc(Nc4ccc(N5CCN(C)CC5)c(C)c4)nc32)C1,1,IC50,6.59,1,CHEMBL4067916
CCC(=O)N1CC[C@H](N2C(=O)N(c3cccc(OC(F)(F)F)c3)Cc3cnc(Nc4ccc(N5CCN(C)CC5)c(C)c4)nc32)C1,1,IC50,6.05,1,CHEMBL4089120
CCC(=O)N1CC[C@H](N2C(=O)N(c3cccc(OC)c3F)Cc3cnc(Nc4ccc(N5CCN(C)CC5)c(C)c4)nc32)C1,1,IC50,6.38,1,CHEMBL4078801
CCC(=O)N1CC[C@H](N2C(=O)N(c3cc(OC)ccc3F)Cc3cnc(Nc4ccc(N5CCN(C)CC5)c(C)c4)nc32)C1,1,IC50,6.44,1,CHEMBL4096822
CCC(=O)N1CC[C@H](N2C(=O)N(c3cccc(OC)c3Cl)Cc3cnc(Nc4ccc(N5CCN(C)CC5)c(C)c4)nc32)C1,1,IC50,6.38,1,CHEMBL4063067
CCC(=O)N1CC[C@H](N2C(=O)N(c3cc(OC)ccc3Cl)Cc3cnc(Nc4ccc(N5CCN(C)CC5)c(C)c4)nc32)C1,1,IC50,6.43,1,CHEMBL4084726
CCC(=O)N1CC[C@H](N2C(=O)N(c3cc(OC)ccc3F)Cc3cnc(Nc4ccc(N5CCN(C)CC5)c(OC)c4)nc32)C1,1,IC50,6.22,1,CHEMBL4065984
CCC(=O)N1CC[C@H](N2C(=O)N(c3cc(OC)ccc3F)Cc3cnc(Nc4ccc(N5CCN(C)CC5)c(CC)c4)nc32)C1,1,IC50,6.29,1,CHEMBL4096014
CCC(=O)N1CC[C@H](N2C(=O)N(c3cc(OC)ccc3F)Cc3cnc(Nc4ccc(N5CCN(C)CC5)c(C(C)C)c4)nc32)C1,1,IC50,6.44,1,CHEMBL4083916
CCC(=O)N1CC[C@H](N2C(=O)N(c3cc(OC)ccc3F)Cc3cnc(Nc4ccc(N5CCCCC5)c(C)c4)nc32)C1,1,IC50,6.33,1,CHEMBL4062192
CCC(=O)N1CC[C@H](N2C(=O)N(c3cc(OC)ccc3F)Cc3cnc(Nc4ccc(N5CCOCC5)c(C)c4)nc32)C1,1,IC50,6.2,1,CHEMBL4102288
CCC(=O)N1CC[C@H](N2C(=O)N(c3cc(OC)ccc3F)Cc3cnc(Nc4ccc(N5CCN(C(C)=O)CC5)c(C)c4)nc32)C1,1,IC50,6.83,1,CHEMBL4078026
CCC(=O)N1CC[C@H](N2C(=O)N(c3cc(OC)ccc3F)Cc3cnc(Nc4ccc(N5CCCN(C)CC5)c(C)c4)nc32)C1,1,IC50,6.68,1,CHEMBL4083224
CCC(=O)N1CC[C@H](N2C(=O)N(c3cc(OC)ccc3F)Cc3cnc(Nc4ccc(N5CCC(N(C)C)CC5)c(C)c4)nc32)C1,1,IC50,6.54,1,CHEMBL4076405
CCC(=O)N1CC[C@H](N2C(=O)N(c3cc(OC)ccc3F)Cc3cnc(Nc4ccc(N5CCC6(CCN(C)C6)C5)c(C)c4)nc32)C1,1,IC50,6.53,1,CHEMBL4086821
CCC(=O)N1CC[C@H](N2C(=O)N(c3cc(OC)ccc3F)Cc3cnc(Nc4ccc(N5CCC6(CCN(C)CC6)CC5)c(C)c4)nc32)C1,1,IC50,6.65,1,CHEMBL4104717
CCC(=O)N1CC[C@H](N2C(=O)N(c3cc(OC)ccc3F)Cc3cnc(Nc4ccc(N5CC6(CCN(C)CC6)C5)c(C)c4)nc32)C1,1,IC50,6.66,1,CHEMBL4078973
CCC(=O)N1CC[C@H](N2C(=O)N(c3cc(OC)ccc3F)Cc3cnc(Nc4ccc(N5C[C@H]6CN(C)C[C@H]6C5)c(C)c4)nc32)C1,1,IC50,6.67,1,CHEMBL4096988
CCC(=O)N1CC[C@H](N2C(=O)N(c3cc(OC)ccc3F)Cc3cnc(Nc4ccc(N5CCN(C)C(C)C5)c(C)c4)nc32)C1,1,IC50,6.15,1,CHEMBL4093535
CCC(=O)N1CC[C@H](N2C(=O)N(c3cc(OC)ccc3F)Cc3cnc(Nc4ccc(N5C[C@@H](C)N(C)[C@@H](C)C5)c(C)c4)nc32)C1,1,IC50,6.05,1,CHEMBL4103893
CCC(=O)N1CC[C@H](N2C(=O)N(c3cc(OC)ccc3F)Cc3cnc(Nc4ccc(N5CCN(C6COC6)CC5)c(C)c4)nc32)C1,1,IC50,6.52,1,CHEMBL4072688
CCC(=O)N1CC[C@H](N2C(=O)N(c3cc(OC)ccc3Cl)Cc3cnc(Nc4ccc(N5CCN(C6COC6)CC5)c(C)c4)nc32)C1,1,IC50,6.44,1,CHEMBL4066141
C=CC(=O)N1CCC[C@@H](n2nc(-c3cccc(F)c3)c3c(N)ncnc32)C1,1,IC50,8.0,3,CHEMBL4100655
CCC(=O)N1CCC[C@@H](n2nc(-c3cccc(F)c3)c3c(N)ncnc32)C1,0,IC50 (>),5.0,2,CHEMBL4084214
C=CC(=O)N1CCC[C@@H](n2nc(-c3ccc(F)cc3)c3c(N)ncnc32)C1,1,IC50,7.52,3,CHEMBL4062509
CCC(=O)N1CCC[C@@H](n2nc(-c3ccc(F)cc3)c3c(N)ncnc32)C1,0,IC50 (>),5.0,2,CHEMBL4103121
C=CC(=O)N1CCC[C@@H](n2nc(-c3cccc(C(F)(F)F)c3)c3c(N)ncnc32)C1,1,IC50,7.52,3,CHEMBL2180204
CCC(=O)N1CCC[C@@H](n2nc(-c3cccc(C(F)(F)F)c3)c3c(N)ncnc32)C1,0,IC50 (>),5.0,3,CHEMBL4083739
C=CC(=O)N1CCC[C@@H](n2nc(-c3ccc(C(F)(F)F)cc3)c3c(N)ncnc32)C1,1,IC50,7.22,3,CHEMBL2180203
C=CC(=O)N1CCC[C@@H](n2nc(C3CC3)c3c(N)ncnc32)C1,1,IC50,6.96,3,CHEMBL4099254
C=CC(=O)N1CCC[C@@H](n2nc(-c3ccc(O)cc3)c3c(N)ncnc32)C1,1,IC50,8.52,3,CHEMBL4072299
C=CC(=O)N1CCC[C@@H](n2nc(Cc3ccccc3)c3c(N)ncnc32)C1,1,IC50,8.52,3,CHEMBL4060919
C=CC(=O)N1CCC[C@@H](n2nc(C#CC3CCCC3)c3c(N)ncnc32)C1,1,IC50,7.22,2,CHEMBL4082783
C=CC(=O)N1CCC[C@@H](n2nc(C#CCC3CCCC3)c3c(N)ncnc32)C1,1,IC50,6.92,3,CHEMBL4069586
C=CC(=O)N1CCC[C@@H](n2nc(-c3ccc4ccccc4c3)c3c(N)ncnc32)C1,1,IC50,9.0,7,CHEMBL4090601
C=CC(=O)N1CCC[C@@H](n2nc(-c3cnc4[nH]ccc4c3)c3c(N)ncnc32)C1,1,IC50,8.7,3,CHEMBL4103201
C=CC(=O)N1CCC[C@@H](n2nc(-c3cn(C)c4ccccc34)c3c(N)ncnc32)C1,1,IC50,8.72,10,CHEMBL4094959
C=CC(=O)N1CCC[C@@H](n2nc(-c3cccc4ccccc34)c3c(N)ncnc32)C1,1,IC50,9.0,7,CHEMBL4095447
C=CC(=O)N1CCC[C@@H](n2nc(-c3ccc(N(C)C)c4ccccc34)c3c(N)ncnc32)C1,1,IC50,6.68,3,CHEMBL4075015
C=CC(=O)N1CCC[C@@H](n2nc(-c3ccc(F)c4ccccc34)c3c(N)ncnc32)C1,1,IC50,7.7,3,CHEMBL4073960
C=CC(=O)N1CCC[C@@H](n2nc(I)c3c(N)ncnc32)C1,1,IC50,7.7,3,CHEMBL4091966
C#Cc1nn([C@@H]2CCCN(C(=O)C=C)C2)c2ncnc(N)c12,1,IC50,6.16,3,CHEMBL4071151
C=CC(=O)N1CCC[C@@H](n2nc(-c3ccccc3)c3c(N)ncnc32)C1,1,IC50,8.0,3,CHEMBL4099713
CN(C)C/C=C/C(=O)N1CCC[C@@H](n2nc(-c3ccccc3)c3c(N)ncnc32)C1,1,IC50,6.66,1,CHEMBL4073874
CN(C)C/C=C/C(=O)N1CCC[C@@H](n2nc(-c3cccc(C(F)(F)F)c3)c3c(N)ncnc32)C1,1,IC50,6.0,1,CHEMBL4101735
CCC(=O)N1CCC[C@@H](n2nc(-c3ccccc3)c3c(N)ncnc32)C1,0,IC50 (>),5.0,1,CHEMBL4081698
CCC(=O)N1CCC[C@@H](n2nc(-c3ccc(C(F)(F)F)cc3)c3c(N)ncnc32)C1,0,IC50 (>),5.0,1,CHEMBL4063701
C=CC(=O)Nc1cc(Nc2nccc(-c3cn(C)c4ccccc34)n2)c(OC)cc1N(C)CC[N+](C)(C)[O-],1,IC50,8.19,2,CHEMBL4079658
C=CC(=O)Nc1cc(Nc2nccc(-c3cn(C)c4ccc(F)cc34)n2)c(OC)cc1N(C)CCN(C)C,1,IC50,10.15,4,CHEMBL4103912
C=CC(=O)Nc1cc(Nc2nccc(-c3cn(C)c4c(F)cccc34)n2)c(OC)cc1N(C)CCN(C)C,1,IC50,8.22,2,CHEMBL4087538
C=CC(=O)Nc1cc(Nc2nccc(-c3cn(C)c4ccc(F)cc34)n2)c(OC)cc1N(C)CC[N+](C)(C)[O-],1,IC50,7.99,2,CHEMBL4066170
C=CC(=O)Nc1cc(Nc2nccc(-c3cn(C)c4c(F)cccc34)n2)c(OC)cc1N(C)CC[N+](C)(C)[O-],1,IC50,7.75,2,CHEMBL4072620
COc1cc2c(Nc3ccc(OCc4cccc(F)c4)c(Cl)c3)ncnc2cc1OCCCN1C[C@H](O)[C@@H](O)[C@H](O)[C@H]1CO,1,IC50,8.34,1,CHEMBL4073595
C#Cc1cccc(Nc2ncnc3cc(OCCCN4C[C@H](O)[C@@H](O)[C@H](O)[C@H]4CO)c(OC)cc23)c1,1,IC50,8.31,1,CHEMBL4102886
COc1cc2ncnc(Nc3ccc(F)c(Cl)c3)c2cc1OCCCN1C[C@H](O)[C@@H](O)[C@H](O)[C@H]1CO,1,IC50,7.97,1,CHEMBL4079553
COc1cc2c(Nc3ccc(F)c(Cl)c3)ncnc2cc1OCCCN1C[C@H](O)[C@@H](O)[C@H](O)[C@H]1CO,1,IC50,8.75,1,CHEMBL4086056
C=CC(=O)Nc1cccc(CNc2cc(Nc3ccccc3)ncc2C(N)=O)c1,0,IC50 (>),5.0,1,CHEMBL4065693
C=CC(=O)N1CCC[C@@H](n2nc(-c3ccc(OCc4ccccn4)c(Cl)c3)c3c(N)ncnc32)C1,1,IC50,8.28,2,CHEMBL4068839
Oc1ccc(-c2nc(-c3ccccc3)c(-c3ccnc4[nH]c(-c5ccccc5)cc34)[nH]2)cc1,1,IC50,7.95,3,CHEMBL4070454
Oc1cccc(-c2nc(-c3ccc(F)cc3)c(-c3ccnc4[nH]c(-c5ccccc5)cc34)[nH]2)c1,1,IC50,7.63,4,CHEMBL4097627
OCCCc1nc(-c2ccc(F)cc2)c(-c2ccnc3[nH]ccc23)[nH]1,1,IC50,7.61,4,CHEMBL4088971
Oc1ccc(-c2nc(-c3ccc(F)cc3)c(-c3ccnc4[nH]c(-c5ccccc5)cc34)[nH]2)cc1,1,IC50,7.62,4,CHEMBL2179119
Fc1ccc(-c2nc(-c3ccccc3)[nH]c2-c2ccnc3[nH]c(-c4ccccc4)cc23)cc1,1,IC50,6.99,2,CHEMBL2179128
Fc1ccc(-c2nc(-c3ccccc3)[nH]c2-c2ccnc3[nH]ccc23)cc1,1,IC50,6.2,2,CHEMBL2179124
C=CC(=O)NCc1cccc(-c2nc(-c3ccc(F)cc3)c(-c3ccnc4[nH]c(-c5ccccc5)cc34)[nH]2)c1,1,IC50,7.89,3,CHEMBL4100759
CN(C)C/C=C/C(=O)NCc1cccc(-c2nc(-c3ccc(F)cc3)c(-c3ccnc4[nH]c(-c5ccccc5)cc34)[nH]2)c1,1,IC50,8.21,4,CHEMBL4090582
Nc1cccc(-c2cc3c(-c4[nH]c(-c5ccccc5)nc4-c4ccc(F)cc4)ccnc3[nH]2)c1,1,IC50,7.81,3,CHEMBL4066951
C=CC(=O)Nc1cccc(-c2cc3c(-c4[nH]c(-c5ccccc5)nc4-c4ccc(F)cc4)ccnc3[nH]2)c1,1,IC50,7.49,3,CHEMBL4094438
CCC(=O)Nc1cccc(-c2cc3c(-c4[nH]c(-c5ccccc5)nc4-c4ccc(F)cc4)ccnc3[nH]2)c1,1,IC50,7.73,3,CHEMBL4077917
C=CC(=O)NCc1cccc(-c2cc3c(-c4[nH]c(-c5ccccc5)nc4-c4ccc(F)cc4)ccnc3[nH]2)c1,1,IC50,7.48,3,CHEMBL4102179
C=CC(=O)Nc1cccc(-c2c[nH]c3nccc(Cl)c23)c1,1,IC50,7.17,3,CHEMBL4064224
CCC(=O)Nc1cccc(-c2c[nH]c3nccc(-c4[nH]c(CCCO)nc4-c4ccc(F)cc4)c23)c1,1,IC50,6.55,2,CHEMBL4077228
C=CC(=O)Nc1cccc(-c2c[nH]c3nccc(-c4[nH]c(CCCO)nc4C4CC4)c23)c1,1,IC50,6.59,2,CHEMBL4078920
C=CC(=O)Nc1cccc(-c2c[nH]c3nccc(-c4[nH]c(CCCO)nc4C(F)(F)F)c23)c1,1,IC50,6.53,2,CHEMBL4069229
C=CC(=O)Nc1cccc(-c2c[nH]c3nccc(-c4[nH]c(-c5ccccc5)nc4-c4ccc(F)cc4)c23)c1,1,IC50,8.11,3,CHEMBL4072874
OCCc1nc(-c2ccc(F)cc2)c(-c2ccnc3[nH]c(-c4ccccc4)cc23)[nH]1,1,IC50,8.12,3,CHEMBL4061829
OCCCCc1nc(-c2ccc(F)cc2)c(-c2ccnc3[nH]c(-c4ccccc4)cc23)[nH]1,1,IC50,8.08,3,CHEMBL4089892
C=CC(=O)NCc1cccc(-c2nc(C3CC3)c(-c3ccnc4[nH]c(-c5ccccc5)cc34)[nH]2)c1,0,IC50,4.95,1,CHEMBL4062617
C=CC(=O)Nc1cccc(-c2c[nH]c3nccc(-c4[nH]c(CCCO)nc4-c4ccc(F)cc4)c23)c1,1,IC50,8.82,7,CHEMBL4071827
NCc1cccc(-c2nc(-c3ccc(F)cc3)c(-c3ccnc4[nH]c(-c5ccccc5)cc34)[nH]2)c1,1,IC50,6.8,2,CHEMBL4082764
OCCCc1nc(-c2ccc(F)cc2)c(-c2ccnc3[nH]c(-c4ccccc4)cc23)[nH]1,1,IC50,8.19,4,CHEMBL4101719
C=CC(=O)Nc1cc(Nc2nccc(-c3cn4c5c(cccc35)CCC4)n2)c(OC)cc1N(C)CCN(C)C(C)=O,1,IC50,6.72,2,CHEMBL4069277
C=CC(=O)Nc1cc(Nc2nccc(-c3cn4c5c(cccc35)CCC4)n2)c(OC)cc1N(C)CC(=O)N(C)C,1,IC50,6.56,2,CHEMBL4092788
C=CC(=O)Nc1cc(Nc2nccc(-c3cn4c5c(cccc35)CCC4)n2)c(OC)cc1N(C)CCO,1,IC50,7.46,3,CHEMBL4087243
C=CC(=O)Nc1cc(Nc2cc(-c3cn(C)c4ccccc34)nc(OC)n2)c(OC)cc1N(C)CCN(C)C,1,IC50,7.96,3,CHEMBL4082763
C=CC(=O)Nc1cc(Nc2cc(-c3cn(C)c4ccccc34)nc(C)n2)c(OC)cc1N(C)CCN(C)C,1,IC50,7.33,3,CHEMBL4066569
C=CC(=O)Nc1cc(Nc2ncnc(-c3cn(C)c4ccccc34)c2OC)c(OC)cc1N(C)CCN(C)C,1,IC50,7.26,3,CHEMBL4086559
C=CC(=O)Nc1cc(Nc2ncnc(-c3cn(C)c4ccccc34)c2F)c(OC)cc1N(C)CCN(C)C,1,IC50,8.0,3,CHEMBL4099377
C=CC(=O)Nc1cc(Nc2cc(-c3cn4c5c(cccc35)CCC4)nc(OC)n2)c(OC)cc1N(C)CCN(C)C,1,IC50,7.66,3,CHEMBL4077973
C=CC(=O)Nc1cc(Nc2cc(-c3cn4c5c(cccc35)CCC4)ncn2)c(OC)cc1N(C)CCN(C)C,1,IC50,8.92,3,CHEMBL4096021
C=CC(=O)Nc1cc(Nc2cc(-c3cn(C)c4ccccc34)ncn2)c(OC)cc1N(C)CCN(C)C,1,IC50,8.8,3,CHEMBL4085842
C=CC(=O)Nc1cc(Nc2nc(OC)cc(-c3cn(C)c4ccccc34)n2)c(OC)cc1N(C)CCN(C)C,1,IC50,7.89,3,CHEMBL4094086
C=CC(=O)Nc1cc(Nc2nccc(-c3cn4c5c(cccc35)CCC4)n2)c(OC)cc1N(C)CCN(C)C,1,IC50,8.59,3,CHEMBL4104658
C=CC(=O)Nc1cc(Nc2nccc(-n3cc(C)c4ccccc43)n2)c(OC)cc1N(C)CCN(C)C,1,IC50,6.73,3,CHEMBL4067014
C=CC(=O)Nc1cc(Nc2nccc(-c3cn4c5c(cccc35)CCC4)n2)c(OC)cc1N1CCNC(=O)C1,1,IC50,6.37,1,CHEMBL4081429
C=CC(=O)Nc1cc(Nc2nccc(-c3cn4c5c(cccc35)CCC4)n2)c(OC)cc1N1CCN(C)CC1,1,IC50,7.26,3,CHEMBL4099445
C=CC(=O)Nc1cc(Nc2nccc(-c3cn4c5c(cccc35)CCC4)n2)c(OC)cc1N1CCC(CN(C)C)C1,1,IC50,8.72,3,CHEMBL4098967
C=CC(=O)Nc1cc(Nc2nccc(-c3cn4c5c(cccc35)CCC4)n2)c(OC)cc1N1CC(CCN(C)C)C1,1,IC50,7.93,3,CHEMBL4080934
C=CC(=O)Nc1cc(Nc2nccc(-c3cn4c5c(cccc35)CCC4)n2)c(OC)cc1N1CC(CN(C)C)C1,1,IC50,8.17,3,CHEMBL4080008
C=CC(=O)Nc1cc(Nc2nccc(-c3cn4c5c(cccc35)CCC4)n2)c(OC)cc1N1CC(N(C)C)C1,1,IC50,8.31,3,CHEMBL4097141
COc1cc2c(Oc3ccc(NC(=O)c4nc5ccccc5n(-c5ccc(F)cc5)c4=O)cc3F)ccnc2cc1OCCCN1CCN(C)CC1,1,IC50,6.01,1,CHEMBL4082724
C=CS(=O)(=O)N1CCC[C@@H]1Cn1cc(-c2ccc3c(c2)OCO3)c2c(N)ncnc21,1,IC50,6.19,1,CHEMBL4095253
C=CC(=O)N[C@@H]1CCN(c2nc(Nc3ccccc3)nc3cnc(Nc4ccc(N5CCN(C)CC5)cn4)cc23)C1,1,IC50,8.57,3,CHEMBL4125764
C=CC(=O)N[C@H]1CCN(c2nc(Nc3ccccc3)nc3cnc(Nc4ccc(N5CCN(C)CC5)cn4)cc23)C1,1,IC50,8.82,4,CHEMBL4127809
C=CC(=O)N[C@@H]1CCCN(c2nc(Nc3ccccc3)nc3cnc(Nc4ccc(N5CCN(C)CC5)cn4)cc23)C1,1,IC50,8.27,3,CHEMBL4129209
C=CC(=O)N[C@H]1CCCN(c2nc(Nc3ccccc3)nc3cnc(Nc4ccc(N5CCN(C)CC5)cn4)cc23)C1,1,IC50,7.92,3,CHEMBL4129287
C=CC(=O)N1CC[C@@H](Nc2nc(Nc3ccccc3)nc3cnc(Nc4ccc(N5CCN(C)CC5)cn4)cc23)C1,1,IC50,8.48,3,CHEMBL4127897
C=CC(=O)N1CC[C@H](Nc2nc(Nc3ccccc3)nc3cnc(Nc4ccc(N5CCN(C)CC5)cn4)cc23)C1,1,IC50,8.0,3,CHEMBL4125840
CN1CCN(c2ccc(Nc3cc4c(N[C@@H]5CCCN(C)C5)nc(Nc5ccccc5)nc4cn3)nc2)CC1,1,IC50,8.35,3,CHEMBL4129138
CN1CCN(c2ccc(Nc3cc4c(N[C@H]5CCCN(C)C5)nc(Nc5ccccc5)nc4cn3)nc2)CC1,1,IC50,8.77,4,CHEMBL4126810
C=CC(=O)Nc1cccc(-n2c(=O)n(C)c(=O)c3cnc(Nc4ccc(N5CCOCC5)cc4OC)nc32)c1,1,IC50,7.16,2,CHEMBL4126654
C=CC(=O)Nc1cccc(-n2c(=O)n(C)c(=O)c3cnc(Nc4ccc(N5CCN(C(C)=O)CC5)cc4OC)nc32)c1,1,IC50,7.34,2,CHEMBL4126797
C=CC(=O)Nc1cccc(-n2c(=O)n(C)c(=O)c3cnc(Nc4ccc(N5CCSCC5)cc4OC)nc32)c1,1,IC50,7.04,2,CHEMBL4125772
C=CC(=O)Nc1cccc(-n2c(=O)n(C)c(=O)c3cnc(Nc4ccc(N5CCC(N(C)C)CC5)cc4OC)nc32)c1,1,IC50,7.52,2,CHEMBL4129387
C=CC(=O)Nc1cccc(-n2c(=O)n(C)c(=O)c3cnc(Nc4ccccc4)nc32)c1,1,IC50,7.17,2,CHEMBL4128726
C=CC(=O)Nc1cccc(-n2c(=O)n(CC)c(=O)c3cnc(Nc4ccc(N5CCC(N(C)C)CC5)cc4OC)nc32)c1,1,IC50,8.6,2,CHEMBL4126358
C=CC(=O)Nc1cccc(-n2c(=O)n(CCC)c(=O)c3cnc(Nc4ccc(N5CCC(N(C)C)CC5)cc4OC)nc32)c1,1,IC50,9.4,2,CHEMBL4129646
C=CC(=O)Nc1cccc(-n2c(=O)n(C(C)C)c(=O)c3cnc(Nc4ccc(N5CCC(N(C)C)CC5)cc4OC)nc32)c1,1,IC50,9.1,2,CHEMBL4129781
C=CC(=O)Nc1cccc(-n2c(=O)n(Cc3ccccc3)c(=O)c3cnc(Nc4ccc(N5CCC(N(C)C)CC5)cc4OC)nc32)c1,1,IC50,8.92,2,CHEMBL4128415
C=CC(=O)Nc1cccc(-n2c(=O)n(CCc3ccccc3)c(=O)c3cnc(Nc4ccc(N5CCC(N(C)C)CC5)cc4OC)nc32)c1,1,IC50,9.15,2,CHEMBL4128567
C=CC(=O)Nc1cccc(-n2c(=O)n(CCCc3ccccc3)c(=O)c3cnc(Nc4ccc(N5CCC(N(C)C)CC5)cc4OC)nc32)c1,1,IC50,8.85,2,CHEMBL4130016
C=CC(=O)Nc1cccc(-n2c(=O)n(C(C)C)c(=O)c3cnc(Nc4ccc(N5CCN(C)CC5)cc4OC)nc32)c1,1,IC50,9.52,2,CHEMBL4127317
C=CC(=O)Nc1cccc(-n2c(=O)n(C(C)C)c(=O)c3cnc(Nc4ccc(N5CCN(C)CC5)c(OC)c4)nc32)c1,1,IC50,8.17,2,CHEMBL4125940
C=CC(=O)Nc1cccc(-n2c(=O)n(C(C)C)c(=O)c3cnc(Nc4ccc(N5CCN(C)CC5)c(C)c4)nc32)c1,1,IC50,9.0,2,CHEMBL4126630
C=CC(=O)Nc1cccc(-n2c(=O)n(C(C)C)c(=O)c3cnc(Nc4ccc(N(C)CCN(C)C)cc4OC)nc32)c1,1,IC50,7.8,2,CHEMBL4129902
C=CC(=O)Nc1cccc(-n2c(=O)n(C(C)C)c(=O)c3cnc(Nc4ccc(OCCN(C)C)cc4OC)nc32)c1,1,IC50,6.94,2,CHEMBL4126986
C=CC(=O)Nc1cccc(-n2c(=O)n(C(C)C)c(=O)c3cnc(Nc4ccc(N5CCC(N6CCN(C)CC6)CC5)cc4OC)nc32)c1,1,IC50,7.85,2,CHEMBL4129607
COc1cc2c(Nc3ccc(C#N)cc3)ncnc2cc1OCCCN1CCC(c2ccccc2)CC1,1,IC50,8.44,1,CHEMBL4168235
Brc1cccc(Nc2ncnc3sc4c(c23)CCCC4)c1,1,IC50,8.58,1,CHEMBL4171764
NS(=O)(=O)c1ccc(-n2c(SCC(=O)Nc3cnc4ccccc4c3)nc3cc4ccccc4cc3c2=O)cc1,1,IC50,6.96,1,CHEMBL4166412
NS(=O)(=O)c1ccc(-n2c(SCC(=O)Nc3ccc([N+](=O)[O-])cc3[N+](=O)[O-])nc3cc4ccccc4cc3c2=O)cc1,1,IC50,7.22,1,CHEMBL4176629
NS(=O)(=O)c1ccc(-n2c(SCC(=O)Nc3cc(Cl)c(Cl)cc3Cl)nc3cc4ccccc4cc3c2=O)cc1,1,IC50,6.62,1,CHEMBL4164936
C=CC(=O)Nc1ccc(-c2ccc(NC(=O)Nc3cccc(Cl)c3)cc2)cn1,1,IC50,8.06,1,CHEMBL4171543
COc1cc(-n2cc(CN3C[C@@H](C)N[C@@H](C)C3)nn2)ccc1Nc1ncc(Cl)c(Nc2ccccc2S(=O)(=O)C(C)C)n1,1,IC50,6.06,1,CHEMBL4166436
COc1cc(-n2cc(CN3CCNCC3)nn2)ccc1Nc1ncc(Cl)c(Nc2ccccc2S(=O)(=O)C(C)C)n1,1,IC50,6.05,1,CHEMBL4166038
CN(CCN(C)Cc1ccc(C(=O)Nc2ccc3ncnc(Nc4cccc(Cl)c4)c3c2)cc1)CCn1nc(-c2ccc(Cl)cc2)c2c(N)ncnc21,1,IC50,6.5,2,CHEMBL4163321
O=C(Nc1ccc(Oc2ccnc3[nH]ccc23)cc1)c1nn(-c2ccc(Cl)c(C(F)(F)F)c2)ccc1=O,0,IC50 (>),5.0,1,CHEMBL4165199
C=CC(=O)Nc1cc(Nc2ncc(Cl)c(Nc3ccccc3S(=O)(=O)C(C)C)n2)c(OC)cc1N1CCCN(C)CC1,1,IC50,8.44,4,CHEMBL4159909
COc1cc2c(Oc3ccc(NC(=O)NN4C(=O)CSC4c4c(F)cccc4F)c(F)c3)ccnc2cc1OCCCN1CCCC1,1,IC50,6.09,1,CHEMBL4171115
C/C=C/c1ccc(Nc2ncnc3cc(OCCCN4CCOCC4)c(OCCCN4CCOCC4)cc23)cc1,1,IC50,7.68,3,CHEMBL4173696
Fc1cccc(COc2ccc(Nc3ncnc4cc(OCCCN5CCOCC5)c(OCCCN5CCOCC5)cc34)cc2Cl)c1,1,IC50,8.15,3,CHEMBL4161938
C=CC(=O)Nc1cc(Nc2nccc(Nc3ccccc3-n3nccn3)n2)c(OC)cc1N(C)CCN(C)C,1,IC50,7.48,2,CHEMBL4162767
C=CC(=O)Nc1cc(Nc2nccc(Nc3ccccc3-n3nccn3)n2)c(OC)cc1N1CCC(N(C)C)CC1,1,IC50,6.69,1,CHEMBL4173470
C=CC(=O)Nc1cc(Nc2nccc(Nc3ccccc3-n3nccn3)n2)c(OC)cc1N1CCN(C)CC1,1,IC50,6.76,1,CHEMBL4173032
C=CC(=O)Nc1cc(Nc2nccc(Nc3ccccc3-n3nccn3)n2)c(OC)cc1N1CCOCC1,1,IC50,6.08,1,CHEMBL4165126
C=CC(=O)Nc1cc(Nc2nccc(Nc3ccccc3-c3ncn(C)n3)n2)c(OC)cc1N(C)CCN(C)C,1,IC50,8.11,2,CHEMBL4175782
C=CC(=O)Nc1cc(Nc2nccc(Nc3ccccc3-n3cccn3)n2)c(OC)cc1N1CCN(C)CC1,1,IC50,6.85,1,CHEMBL4166210
C=CC(=O)Nc1cc(Nc2nccc(Nc3ccccc3-n3cccn3)n2)c(OC)cc1N(C)CCN(C)C,1,IC50,8.39,2,CHEMBL4166609
C=CC(=O)Nc1cc(Nc2nccc(Nc3ccccc3-c3ccn(C)n3)n2)c(OC)cc1N1CCC(N(C)C)CC1,1,IC50,7.42,1,CHEMBL4159404
C=CC(=O)Nc1cc(Nc2nccc(Nc3ccccc3-c3ccn(C)n3)n2)c(OC)cc1OCCN(C)C,1,IC50,7.79,2,CHEMBL4164396
C=CC(=O)Nc1cc(Nc2nccc(Nc3ccccc3-c3ccn(C)n3)n2)c(OC)cc1N(C)CCN(C)C,1,IC50,8.39,2,CHEMBL4175045
CN(C)C/C=C/C(=O)Nc1cc2c(Nc3ccc(F)c(Cl)c3)ncnc2cc1O[C@@H]1CCOC1,1,IC50,9.4,7,CHEMBL2347958
CC/C=C/C(=O)Nc1cc2c(N3CCc4ccccc43)ncnc2cc1OC,1,IC50,7.77,2,CHEMBL4162882
C/C=C/C(=O)Nc1cc2c(N3CCc4ccccc43)ncnc2cc1O[C@@H]1CCOC1,1,IC50,7.54,2,CHEMBL4165267
CCC/C=C/C(=O)Nc1cc2c(N3CCCc4ccccc43)ncnc2cc1OC,1,IC50,7.48,2,CHEMBL4162530
COc1cc2ncnc(N3CCc4ccccc43)c2cc1NC(=O)/C=C/CN1CCCC1,1,IC50,8.52,2,CHEMBL4165894
COc1cc2ncnc(N3CCc4ccccc43)c2cc1NC(=O)/C=C/CN1CCCCC1,1,IC50,7.34,2,CHEMBL4161396
COc1cc2ncnc(N3CCc4ccccc43)c2cc1NC(=O)/C=C/CN1CCC(CO)CC1,1,IC50,8.4,2,CHEMBL4172718
CN(C)C/C=C/C(=O)Nc1cc2c(N3CCc4ccccc43)ncnc2cc1O[C@@H]1CCOC1,1,IC50,8.3,4,CHEMBL4168254
COc1cc2ncnc(N3CCCc4ccccc43)c2cc1NC(=O)/C=C/CN(C)C,1,IC50,7.14,2,CHEMBL4176787
O=C(CN1CCCC1)Nc1ccc2ncnc(Nc3ccc(Cl)cc3)c2c1,1,IC50,7.5,1,CHEMBL4167162
O=C(CN1CCCCC1)Nc1ccc2ncnc(Nc3cccc(Br)c3)c2c1,1,IC50,7.43,1,CHEMBL4166069
O=C(CN1CCOCC1)Nc1ccc2ncnc(Nc3cccc(Br)c3)c2c1,1,IC50,7.01,1,CHEMBL4177348
CN1CCN(CC(=O)Nc2ccc3ncnc(Nc4cccc(Br)c4)c3c2)CC1,1,IC50,7.5,1,CHEMBL4169489
O=C(CN1CCCC1)Nc1ccc2ncnc(Nc3ccc(OCc4cccc(F)c4)cc3)c2c1,1,IC50,7.15,1,CHEMBL4170916
CNC(=O)c1cc(Oc2ccc(C3=NNC(c4cccc(Br)c4)C3)cc2)ccn1,0,IC50 (>),5.0,1,CHEMBL4217207
COc1ccc(-c2c3c4cc(OC)c(OCCCNC(=N)N)cc4oc(=O)c3n3ccc4cc(O)c(OC)cc4c23)cc1O,1,IC50,7.41,2,CHEMBL4215397
COc1ccc(-c2c3c4cc(OCCCN(C)C)c(OCCCN(C)C)cc4oc(=O)c3n3ccc4cc(O)c(OC)cc4c23)cc1O,1,IC50,8.05,2,CHEMBL4211835
COc1ccc(-c2c3c4cc(OCCN(C)C)c(OCCN(C)C)cc4oc(=O)c3n3ccc4cc(O)c(OC)cc4c23)cc1O,1,IC50,6.72,2,CHEMBL4205688
COc1ccc(-c2c3c4cc(O)c(OCCCN(C)C)cc4oc(=O)c3n3ccc4cc(O)c(OC)cc4c23)cc1O,1,IC50,7.32,2,CHEMBL4210550
COc1ccc(-c2c3c4cc(OC)c(OCCCN(C)C)cc4oc(=O)c3n3ccc4cc(O)c(OC)cc4c23)cc1O,1,IC50,6.72,2,CHEMBL4206193
COc1ccc(-c2c3c4cc(OC)c(OCCN(C)C)cc4oc(=O)c3n3ccc4cc(O)c(OC)cc4c23)cc1O,1,IC50,6.25,2,CHEMBL4213519
COc1ccc(-c2c3c4cc(O)c(OC)cc4oc(=O)c3n3ccc4cc(O)c(OC)cc4c23)cc1O,1,IC50,6.6,2,CHEMBL4218447
COc1ccc(-c2c3c4cc(OCCN(C)C)c(OC)cc4oc(=O)c3n3ccc4cc(O)c(OC)cc4c23)cc1O,1,IC50,6.08,1,CHEMBL4217913
CCCNC(=O)c1cc(Oc2ccc(NC(=O)c3cc4cccnc4n(-c4ccc(F)cc4)c3=O)cc2)ccn1,0,IC50 (>),4.0,1,CHEMBL4204920
CNc1ncc2c(-c3ccc(N4CCN(C)CC4)nc3)nn(CC3CCCC3)c2n1,0,IC50 (>),5.0,1,CHEMBL4208852
CNc1ncc2c(-c3ccc(N4CCN(C)CC4)cc3)nn(CC3CCCC3)c2n1,0,IC50 (>),5.0,1,CHEMBL4218175
C=CC(=O)N[C@@H]1Cn2c(c(-c3ccc(Oc4ccccc4)cc3)c3c(N)ncnc32)C1=C,1,IC50,8.89,1,CHEMBL4211949
COc1ccc(CNc2ccnc3oc4ccc(N)cc4c23)cc1,0,IC50 (>),3.0,1,CHEMBL4216200
Nc1ccc2oc3nccc(NCc4ccc(Cl)cc4)c3c2c1,0,IC50 (>),3.0,1,CHEMBL4209296
Nc1ccc2oc3nccc(NCc4ccc(Br)cc4)c3c2c1,0,IC50 (>),3.0,1,CHEMBL4202409
COc1cc2c(cc1OC)Nc1ncnc(Oc3ccc(NC(=O)C4(C(=O)Nc5ccc(F)cc5)CC4)cc3F)c1NC2,1,IC50,6.57,1,CHEMBL4210100
O=C(NC(CO)Cc1ccccc1)c1cc2cc(Cl)ccc2[nH]1,1,IC50,6.1,1,CHEMBL4214496
Cc1c(C(=O)NC(CO)Cc2ccccc2)[nH]c2ccc(Cl)cc12,1,IC50,6.3,1,CHEMBL4209588
CCc1c(C(=O)NC(CO)Cc2ccccc2)[nH]c2ccc(C(F)(F)F)cc12,1,IC50,6.05,1,CHEMBL4207316
CCS(=O)(=O)Nc1cc(-c2ccc3ncnc(Nc4ccc(F)c(Cl)c4)c3c2)cnc1OC,1,IC50,8.62,1,CHEMBL4207750
CCS(=O)(=O)Nc1cc(-c2ccc3ncnc(Nc4cccc(C(=O)OC)c4)c3c2)cnc1OC,1,IC50,6.39,1,CHEMBL4206585
CN1CCN(c2ccc(Nc3cc4c(N5CCCC5)nc(Nc5ccccc5)nc4cn3)nc2)CC1,1,IC50,8.64,3,CHEMBL4209801
CN(C)C1CCN(c2ccc(Nc3cc4c(N5CCCC5)nc(Nc5ccccc5)nc4cn3)nc2)CC1,1,IC50,8.8,4,CHEMBL4212884
CN1CCN(c2ccc(Nc3cc4c(N5CCCCC5)nc(Nc5ccccc5)nc4cn3)nc2)CC1,1,IC50,8.96,4,CHEMBL4206716
CN(C)C1CCN(c2ccc(Nc3cc4c(N5CCCCC5)nc(Nc5ccccc5)nc4cn3)nc2)CC1,1,IC50,9.05,4,CHEMBL4203016
CN1CCN(c2ccc(Nc3cc4c(N5CCOCC5)nc(Nc5ccccc5)nc4cn3)nc2)CC1,1,IC50,8.68,4,CHEMBL4206288
CN(C)C1CCN(c2ccc(Nc3cc4c(N5CCOCC5)nc(Nc5ccccc5)nc4cn3)nc2)CC1,1,IC50,8.41,4,CHEMBL4217992
CN(C)C1CCN(c2ccc(Nc3cc4c(N5CCOCC5)nc(Nc5ccc(F)cc5)nc4cn3)nc2)CC1,1,IC50,8.82,4,CHEMBL4215076
CN(C)C1CCN(c2ccc(Nc3cc4c(N5CCOCC5)nc(Nc5ccc(F)cc5F)nc4cn3)nc2)CC1,1,IC50,9.05,4,CHEMBL4215080
CN(C)C1CCN(c2ccc(Nc3cc4c(N5CCC(CO)CC5)nc(Nc5ccccc5)nc4cn3)nc2)CC1,1,IC50,8.68,4,CHEMBL4206166
CN(C)C1CCN(c2ccc(Nc3cc4c(N5CCC(CO)CC5)nc(Nc5ccc(F)cc5)nc4cn3)nc2)CC1,1,IC50,8.96,7,CHEMBL4209019
CN1CCN(c2nc(Nc3ccc(F)cc3)nc3cnc(Nc4ccc(N5CCC(N(C)C)CC5)cn4)cc23)CC1,1,IC50,7.46,1,CHEMBL4208673
CN(C)CCN(C)c1nc(Nc2ccc(F)cc2)nc2cnc(Nc3ccc(N4CCC(N(C)C)CC4)cn3)cc12,1,IC50,7.61,1,CHEMBL4204983
CN(CCO)c1nc(Nc2ccccc2)nc2cnc(Nc3ccc(N4CCC(N(C)C)CC4)cn3)cc12,1,IC50,7.29,1,CHEMBL4203001
CN(CCCO)c1nc(Nc2ccc(F)cc2)nc2cnc(Nc3ccc(N4CCC(N(C)C)CC4)cn3)cc12,1,IC50,7.29,1,CHEMBL4204139
C=CC(=O)Nc1cc(Nc2ncc3ncn(-c4ccc(C(C)C)cc4)c3n2)c(OC)cc1N(C)CCN(C)C,1,IC50,8.38,2,CHEMBL4227210
C=CC(=O)Nc1cc(Nc2ncc3ncn(-c4ccc(F)cc4)c3n2)c(OC)cc1N(C)CCN(C)C,1,IC50,8.49,3,CHEMBL4225863
C=CC(=O)Nc1cc(Nc2ncc3ncn(-c4ccc(Cl)cc4)c3n2)c(OC)cc1N(C)CCN(C)C,1,IC50,8.41,3,CHEMBL4228672
C=CC(=O)Nc1cc(Nc2ncc3ncn(-c4ccc(I)cc4)c3n2)c(OC)cc1N(C)CCN(C)C,1,IC50,8.46,3,CHEMBL4227091
C=CC(=O)Nc1cc(Nc2ncc3ncn(-c4ccc(F)c(Br)c4)c3n2)c(OC)cc1N(C)CCN(C)C,1,IC50,8.64,2,CHEMBL4225166
C=CC(=O)Nc1cc(Nc2ncc3nc(Nc4ccccc4)n(C)c3n2)c(OC)cc1N(C)CCN(C)C,1,IC50,8.57,4,CHEMBL4227201
C=CC(=O)Nc1cc(Nc2ncc3nc(Nc4ccccc4)n(C(C)C)c3n2)c(OC)cc1N(C)CCN(C)C,1,IC50,8.29,2,CHEMBL4227701
O=C(N/N=C/c1cc(F)c(F)cc1Cl)N1CCc2ncnc(Nc3ccc(F)c(Cl)c3)c2C1,1,IC50,7.37,1,CHEMBL4228120
O=C(N/N=C/c1cccs1)N1CCc2ncnc(Nc3ccc(F)c(Cl)c3)c2C1,1,IC50,7.2,1,CHEMBL4229213
O=C(N/N=C/c1ccc(F)cc1Cl)N1CCc2ncnc(Nc3cccc(Br)c3)c2C1,1,IC50,7.75,2,CHEMBL4226907
Cc1ccc(/C=N/NC(=O)N2CCc3ncnc(Nc4cccc(C(F)(F)F)c4)c3C2)cc1,1,IC50,7.62,1,CHEMBL4227281
C=CC(=O)Nc1cccc(NC(=O)Nc2ccnc(Nc3ccc(N4CCN(C)CC4)cc3)n2)c1,1,IC50,7.32,2,CHEMBL4226965
C=CC(=O)Nc1cccc(NC(=O)Nc2ccnc(Nc3ccc(OC)cc3OC)n2)c1,1,IC50,7.24,3,CHEMBL4227812
C=CC(=O)Nc1cccc(NC(=O)Nc2ccnc(Nc3ccc(N4CCN(C)CC4)cc3OC)n2)c1,1,IC50,7.77,3,CHEMBL4228473
C=CC(=O)Nc1cccc(NC(=O)Nc2nc(Nc3ccc(N4CCC(N5CCOCC5)CC4)cc3OC)ncc2Cl)c1,1,IC50,7.43,3,CHEMBL4226562
C=CC(=O)Nc1cccc(NC(=O)Nc2ccnc(Nc3ccc(N4CCC(N5CCOCC5)CC4)cc3OC)n2)c1,1,IC50,8.4,3,CHEMBL4225781
C=CC(=O)Nc1cccc(NC(=O)Nc2ccnc(Nc3ccc(N4CCC(N5CCN(C)CC5)CC4)cc3OC)n2)c1,1,IC50,8.3,3,CHEMBL4224932
C=CC(=O)Nc1cccc(NC(=O)Nc2ccnc(Nc3ccc(N4CCC(N(CC)CC)CC4)cc3OC)n2)c1,1,IC50,8.7,3,CHEMBL4228176
C=CC(=O)Nc1cccc(NC(=O)Nc2ccnc(Nc3ccc(N4CCC(N(C)C)CC4)cc3OC)n2)c1,1,IC50,8.7,3,CHEMBL4225191
C=CC(=O)Nc1cccc(NC(=O)Nc2ccnc(Nc3ccc(N(C)CCN(C)C)cc3OC)n2)c1,1,IC50,7.72,3,CHEMBL4225255
C=CC(=O)Nc1cccc(NC(=O)Nc2ccnc(Nc3ccc(N(CC)CC)cc3OC)n2)c1,1,IC50,7.92,3,CHEMBL4229010
C=CC(=O)Nc1cccc(NC(=O)Nc2ccnc(Nc3ccc(N(C)C)cc3)n2)c1,1,IC50,6.77,2,CHEMBL4225517
C=CC(=O)Nc1cccc(NC(=O)Nc2ccnc(Nc3ccc(C(=O)N4CCN(C)CC4)cc3OC)n2)c1,1,IC50,6.67,2,CHEMBL4226177
C=CC(=O)Nc1cccc(NC(=O)Nc2ccnc(Nc3ccc(C4CCN(C)CC4)cc3OC)n2)c1,1,IC50,7.55,3,CHEMBL4226436
C=CC(=O)Nc1cccc(NC(=O)Nc2ccnc(Nc3ccc(N4CCOCC4)cc3OC)n2)c1,1,IC50,7.82,3,CHEMBL4226702
C=CC(=O)Nc1cccc(NC(=O)Nc2ccnc(Nc3ccc(N4CCN(CCF)CC4)cc3OC)n2)c1,1,IC50,7.66,3,CHEMBL4227552
C=CC(=O)Nc1cccc(NC(=O)Nc2ccnc(Nc3ccccc3OC)n2)c1,1,IC50,6.72,1,CHEMBL4227490
C=CC(=O)Nc1cccc(NC(=O)Nc2ccnc(Nc3ccc(C4CCN(C)CC4)cc3)n2)c1,1,IC50,6.29,1,CHEMBL4225571
C=CC(=O)Nc1cccc(NC(=O)Nc2ccnc(Nc3ccc(C(=O)N4CCOCC4)cc3OC)n2)c1,1,IC50,6.89,1,CHEMBL4228848
C=CC(=O)Nc1cccc(NC(=O)Nc2ccnc(Nc3ccc(OCCOC)cc3)n2)c1,1,IC50,6.58,1,CHEMBL4228018
C=CC(=O)Nc1cccc(NC(=O)Nc2ccnc(Nc3ccc(C(=O)N(CC)CC)cc3OC)n2)c1,1,IC50,7.0,1,CHEMBL4229266
C=CC(=O)Nc1cccc(NC(=O)Nc2nc(Nc3ccc(N4CCC(N5CCOCC5)CC4)cc3OC)ncc2C(F)(F)F)c1,1,IC50,6.57,1,CHEMBL4226254
CN(C)CCOc1ccc(Nc2ncc3nc(Sc4ccc(F)cc4)n(C4CCOCC4)c3n2)cc1,1,IC50,8.92,7,CHEMBL4228518
CN(C)CCOc1ccc(Nc2ncc3nc(Sc4cccc(F)c4)n(C4CCOCC4)c3n2)cc1,1,IC50,6.09,1,CHEMBL4226937
CN(C)C1CCN(c2ccc(Nc3ncc4nc(Sc5ccccc5)n(C5CCOCC5)c4n3)cc2)CC1,1,IC50,8.8,3,CHEMBL4226676
CN(C)CCOc1ccc(Nc2ncc3nc(Sc4ccccc4)n(C4CCOCC4)c3n2)cc1,1,IC50,6.25,1,CHEMBL4225777
CN1CCN(c2ccc(Nc3ncc4nc(Sc5ccccc5)n([C@H]5CC[C@H](O)CC5)c4n3)cc2)CC1,1,IC50,6.28,1,CHEMBL4225565
CN1CCN(c2ccc(Nc3ncc4nc(Sc5ccccc5)n(C5CCOCC5)c4n3)cc2)CC1,1,IC50,6.05,1,CHEMBL4226151
CNC(=O)c1ccc(Sc2cccc(NC(=S)Nc3ccc(Cl)c(C(F)(F)F)c3)c2)nc1,1,IC50,6.22,1,CHEMBL4225828
Oc1cccc(Nc2nnnc3sc4c(c23)CCC4)c1,0,IC50,4.28,1,CHEMBL4246256
Oc1ccc(Nc2nnnc3sc4c(c23)CCC4)cc1,0,IC50,4.41,1,CHEMBL4251297
Clc1ccc(SCc2n[nH]c(-c3ccc(Cl)cc3)n2)cc1,0,IC50,4.34,1,CHEMBL4238771
CCOc1cc(O)c2c(=O)cc(-c3ccccc3)oc2c1,0,IC50,4.5,1,CHEMBL172517
CS(=O)(=O)Nc1cccc(CC(=O)Nc2nc(-c3c[nH]c4ncccc34)cs2)c1,0,Ki (>),5.0,1,CHEMBL4249925
CN1CCN(CCCOc2cccc(CC(=O)Nc3nc(-c4c[nH]c5ncccc45)cs3)c2)CC1,0,Ki (>),5.0,1,CHEMBL4248525
Cc1coc2ncnc(N(C)c3ccc(N(C)C)cc3)c12,1,IC50,8.51,1,CHEMBL4245415
CNc1ccc(N(C)c2ncnc3occ(C)c23)cc1,1,IC50,8.19,1,CHEMBL4250210
CSc1ccc(N(C)c2ncnc3occ(C)c23)cc1,1,IC50,8.14,1,CHEMBL4239716
CCc1ccc(N(C)c2ncnc3occ(C)c23)cc1,1,IC50,8.4,1,CHEMBL4242522
CCCN(c1ccc(OC)cc1)c1ncnc2occ(C)c12,1,IC50,8.15,1,CHEMBL4237916
COc1ccc(N(c2ncnc3occ(C)c23)C(C)C)cc1,1,IC50,8.0,1,CHEMBL4250273
CCN(c1ccc(OC)cc1)c1ncnc2occ(C)c12,1,IC50,7.03,1,CHEMBL4241638
COc1ccc(Nc2ncnc3occ(C)c23)cc1,1,IC50,6.55,1,CHEMBL4245874
COc1ccc(N(C)c2ncnc3occ(C)c23)cc1,1,IC50,7.81,1,CHEMBL4250191
O=C(Nc1ccc(Oc2ccnc3[nH]ccc23)c(F)c1)c1cc2cccnc2n(-c2ccc(F)cc2)c1=O,1,IC50,6.2,1,CHEMBL4289577
Fc1cc(F)cc(NC(=S)Nc2ccc3ncnc(Nc4cccc(Br)c4)c3c2)c1,1,IC50,7.22,1,CHEMBL4286031
Cc1oc2ncnc(Nc3ccc(OCc4cccc(F)c4)c(Cl)c3)c2c1C(=O)O,1,IC50,6.02,1,CHEMBL4293326
Cc1oc2ncnc(Nc3cccc(Cl)c3)c2c1C(=O)O,1,IC50,6.04,1,CHEMBL4290375
Cc1oc2ncnc(Nc3cccc(Br)c3)c2c1C(=O)O,1,IC50,6.12,1,CHEMBL4285894
O=C(N/N=C/c1ccc(Br)cc1)Nc1ccc(Oc2ccnc3[nH]ccc23)c(F)c1,0,IC50 (>),4.0,1,CHEMBL4285414
O=C(N/N=C/c1cccn1CCCN1CCCC1)Nc1ccc(Oc2ccnc3[nH]ccc23)cc1,0,IC50,4.35,1,CHEMBL4279863
C=C=CC(=O)Nc1cc(Nc2nccc(-c3cn(C)c4ccccc34)n2)c(OC)cc1N(CC)CCN(C)C,1,IC50,9.1,2,CHEMBL4277911
C=C=CC(=O)Nc1cc(Nc2nccc(-c3cn(C)c4ccccc34)n2)c(OC)cc1N(C)CCN1CCOCC1,1,IC50,8.92,2,CHEMBL4288246
C=C=CC(=O)Nc1cc(Nc2nccc(-c3cn(C)c4ccccc34)n2)c(OC)cc1O[C@H]1CCOC1,1,IC50,9.15,2,CHEMBL4293145
C=C=CC(=O)Nc1cc(Nc2nccc(-c3cn(C)c4ccccc34)n2)c(OC)cc1OCCN1CCN(C)CC1,1,IC50,9.4,2,CHEMBL4282543
C=C=CC(=O)Nc1cc(Nc2nccc(-c3cn(C)c4ccccc34)n2)c(OC)cc1OCCN1CCOCC1,1,IC50,9.15,2,CHEMBL4287401
C=C=CC(=O)Nc1cc(Nc2nccc(-c3cn(C)c4ccccc34)n2)c(OC)cc1N1CCC(N(C)C)CC1,1,IC50,9.0,2,CHEMBL4293734
C=C=CC(=O)Nc1cc(Nc2nccc(-c3cn(C)c4ccccc34)n2)c(OC)cc1N1CCN(C)CC1,1,IC50,9.52,2,CHEMBL4290812
C=C=CC(=O)Nc1cc(Nc2nccc(-c3cn(C)c4ccccc34)n2)c(OC)cc1N1CCOCC1,1,IC50,9.22,2,CHEMBL4282954
C=C=CC(=O)Nc1cc(Nc2nccc(-c3cn(C)c4ccccc34)n2)c(OC)cc1N1CCC(N2CCOCC2)CC1,1,IC50,9.15,2,CHEMBL4294211
C=C=CC(=O)Nc1cc(Nc2nccc(-c3cn(C)c4ccccc34)n2)c(OC)cc1N1CCC(N2CCN(C)CC2)CC1,1,IC50,9.15,2,CHEMBL4279016
C=C=CC(=O)Nc1cc(Nc2nccc(-c3cn(C)c4ccccc34)n2)c(OC)cc1N(C)CCN(C)C,1,IC50,8.85,2,CHEMBL4286318
C=C=CC(=O)Nc1cc(Nc2nccc(-c3cnn4ccccc34)n2)c(OC)cc1N(C)CCN(C)C,1,IC50,8.89,2,CHEMBL4278815
C=C=CC(=O)Nc1cc(Nc2nccc(-c3cn(C)c4cc(Cl)ccc34)n2)c(OC)cc1N(C)CCN(C)C,1,IC50,8.59,2,CHEMBL4289490
C=C=CC(=O)Nc1cc(Nc2nccc(-c3cn(C)c4cc(F)ccc34)n2)c(OC)cc1N(C)CCN(C)C,1,IC50,9.0,2,CHEMBL4287141
C=C=CC(=O)Nc1cc(Nc2nccc(-c3c[nH]c4ccccc34)n2)c(OC)cc1N(C)CCN(C)C,1,IC50,9.3,2,CHEMBL4279227
C=C=CC(=O)Nc1cc(Nc2ncc(C)c(-c3cn(C)c4ccccc34)n2)c(OC)cc1N(C)CCN(C)C,1,IC50,9.0,2,CHEMBL4290568
C=C=CC(=O)Nc1cc(Nc2ncc(OC)c(-c3cn(C)c4ccccc34)n2)c(OC)cc1N(C)CCN(C)C,1,IC50,9.15,2,CHEMBL4282688
C=C=CC(=O)Nc1cc(Nc2nccc(-c3cn(C)c4ccccc34)n2)c(OCC)cc1N(C)CCN(C)C,1,IC50,9.1,2,CHEMBL4293126
C=C=CC(=O)Nc1cc(Nc2nccc(-c3cn(C)c4ccccc34)n2)ccc1N(C)CCN(C)C,1,IC50,8.82,2,CHEMBL4282523
C=C=CC(=O)Nc1cc(Nc2nccc(-c3cn(C)c4ccccc34)n2)c(C)cc1N(C)CCN(C)C,1,IC50,8.57,2,CHEMBL4280993
C=C=CC(=O)Nc1cc(Nc2nccc(-c3cn(C)c4ccccc34)n2)c(OC)cc1N1CCC(N(C)C)C1,1,IC50,9.15,2,CHEMBL4279057
C=CC(=O)Nc1cccc(-n2c(=O)c(=O)n(C(C)C)c3cnc(Nc4ccc(N5CCN(C)CC5)cc4OC)nc32)c1,1,IC50,9.52,3,CHEMBL4293051
CC(=O)n1nc(C)c(-c2ccc(Cl)c(Cl)c2)c1N,0,IC50 (>),4.0,1,CHEMBL4276946
N#CN[C@H]1CCc2ccc(-c3ncnc4[nH]ccc34)cc21,0,IC50 (>),5.0,1,CHEMBL4281393
N#CN[C@H]1C[C@@H](NS(=O)(=O)c2cccc(F)c2)c2ccc(-c3ncnc4[nH]ccc34)cc21,0,IC50 (>),5.0,1,CHEMBL4277610
N#CN[C@H]1CCc2ccc(-c3ncnc4[nH]cc(-c5cccc(CO)c5)c34)cc21,0,IC50 (>),5.0,1,CHEMBL4292341
CCOC(=O)c1ccc(Nc2cc(Nc3cccc(OC)c3)ncn2)cc1,0,IC50 (>),5.0,1,CHEMBL4292110
COc1cccc(Nc2cc(Nc3ccc(S(N)(=O)=O)cc3)ncn2)c1,0,IC50 (>),5.0,1,CHEMBL4284911
COc1ccc(OC)c(Nc2cc(Nc3ccc(S(N)(=O)=O)cc3)ncn2)c1,1,IC50,6.33,2,CHEMBL4276965
COc1cccc(Nc2cc(Nc3cc(OC)ccc3OC)ncn2)c1,1,IC50,8.11,2,CHEMBL4288300
COc1ccc(OC)c(Nc2cc(Nc3ccc(F)cc3)ncn2)c1,1,IC50,6.68,2,CHEMBL4280395
COc1ccc(OC)c(Nc2cc(NCCc3cccs3)ncn2)c1,1,IC50,6.99,2,CHEMBL4283097
Clc1ccc(Nc2cc(Nc3cccc(Cl)n3)ncn2)cc1,1,IC50,6.64,2,CHEMBL4288262
COc1ccc(Nc2cc(NC(=O)c3ccccc3)ncn2)cc1,1,IC50,7.58,2,CHEMBL4283823
O=C(Nc1cc(Nc2ccc(Cl)cc2)ncn1)c1ccc(F)cc1,0,IC50 (>),5.0,1,CHEMBL4281413
O=C(Nc1cc(N2CCOCC2)ncn1)c1ccc(F)cc1,1,IC50,7.2,2,CHEMBL1379917
O=C(O)CCCC(=O)Nc1cc(Nc2cccc(Cl)c2)ncn1,1,IC50,8.15,2,CHEMBL4282460
CCOC(=O)c1ccc(Nc2cc(NC(=O)CCCC(=O)O)ncn2)cc1,1,IC50,7.68,2,CHEMBL4290750
COc1cccc(Nc2cc(NC(=O)CCCC(=O)O)ncn2)c1,1,IC50,7.92,2,CHEMBL4294156
O=C(O)CCCC(=O)Nc1cc(N2CCOCC2)ncn1,1,IC50,7.96,2,CHEMBL4283970
COc1cc2c(Oc3ccc(NC(=O)c4cc5cccnc5n(-c5ccc(F)cc5)c4=O)cc3F)ccnc2cc1OCCCN1CCN(C)CC1,0,IC50 (>),5.0,1,CHEMBL4279457
COc1nc(N2CCN(C)CC2)ccc1Nc1ncc(Cl)c(Nc2ccccc2NS(C)(=O)=O)n1,0,IC50 (>),3.0,1,CHEMBL4277936
COc1nc(N2CCSCC2)ccc1Nc1ncc(Cl)c(Nc2ccccc2NS(C)(=O)=O)n1,0,IC50 (>),3.0,1,CHEMBL4284800
COc1nc(N2CC(O)C2)ccc1Nc1ncc(Cl)c(Nc2ccccc2NS(C)(=O)=O)n1,0,IC50 (>),3.0,1,CHEMBL4281394
COc1nc(N2CCN(CCO)CC2)ccc1Nc1ncc(Cl)c(Nc2ccccc2NS(C)(=O)=O)n1,0,IC50 (>),3.0,1,CHEMBL4291608
COc1nc(N2CCN(C)CC2)ccc1Nc1ncc(Cl)c(Nc2ccccc2NS(=O)(=O)C2CC2)n1,0,IC50 (>),3.0,1,CHEMBL4285785
CC(C)Oc1nc(N2CCN(C)CC2)ccc1Nc1ncc(Cl)c(Nc2ccccc2NS(C)(=O)=O)n1,0,IC50 (>),3.0,1,CHEMBL4279793
COc1cc(N2CCC(N3CCN(C)CC3)CC2)ccc1Nc1ncc(Cl)c(Nc2ccccc2P(C)(C)=O)n1,1,IC50,9.15,76,CHEMBL3545311
CCC(=O)N[C@H]1CC[C@H](N2C(=O)N(c3ccccc3Cl)Cc3cnc(Nc4ccc(N5CCN(C)CC5)c(C)c4)nc32)CC1,1,IC50,8.26,8,CHEMBL4294743
C=CC(=O)Nc1cccc(Nc2nc(Nc3ccc(CN4CCOCC4)cc3OC)ncc2Cl)c1,1,IC50,7.77,1,CHEMBL4292351
C=CC(=O)Nc1cccc(Nc2nc(Nc3ccc(CN4CCOCC4)cc3)ncc2F)c1,1,IC50,7.09,2,CHEMBL4291935
C=CC(=O)Nc1cccc(Nc2nc(Nc3ccc(CN4CCOCC4)cc3)ncc2Cl)c1,1,IC50,9.15,2,CHEMBL4284071
C=CC(=O)Nc1cccc(Nc2nc(Nc3ccc(OCCN4CCOCC4)cc3)ncc2Cl)c1,1,IC50,7.02,2,CHEMBL4291900
C=CC(=O)Nc1cccc(Nc2nc(Nc3ccc(CC(=O)N4CCOCC4)cc3)ncc2Cl)c1,1,IC50,7.01,1,CHEMBL4288482
C=CC(=O)Nc1cccc(Oc2nc(Nc3ccc(CC(=O)N4CCOCC4)cc3)ncc2Cl)c1,1,IC50,7.0,2,CHEMBL4277822
C=CC(=O)Nc1ccccc1Nc1nc(Nc2ccc(CN3CCOCC3)cc2)ncc1Cl,1,IC50,7.82,1,CHEMBL4280174
C=CC(=O)Nc1ccccc1Nc1nc(Nc2ccc(OCCN3CCOCC3)cc2)ncc1Cl,1,IC50,7.87,2,CHEMBL4288080
C=CC(=O)Nc1ccccc1Nc1nc(Nc2ccc(OCCCN3CCOCC3)cc2)ncc1Cl,1,IC50,7.67,2,CHEMBL4276744
C=CC(=O)Nc1ccccc1Nc1nc(Nc2ccc(OCC(=O)N3CCOCC3)cc2)ncc1Cl,1,IC50,7.61,2,CHEMBL4284684
C=CC(=O)Nc1ccccc1Nc1nc(Nc2ccc(NC(=O)CN3CCOCC3)cc2)ncc1Cl,1,IC50,7.66,2,CHEMBL4278226
CC(C)(O)CC(=O)NCCc1ccc2ncnc(Nc3ccc(Oc4cccc(C(F)(F)F)c4)c(Cl)c3)c2c1,1,IC50,8.01,4,CHEMBL4290869
O=C(Nc1ccc2ncnc(Nc3cccc(Br)c3)c2c1)c1ccc(C(F)(F)F)cc1O,1,IC50,6.92,3,CHEMBL4286374
O=C1CSC(N2N=C(c3ccncc3)CC2c2ccc(Br)cc2)=N1,1,IC50,8.05,1,CHEMBL4280817
Nc1ccc(-c2cc3c(Nc4ccc(Oc5cccc(C(F)(F)F)c5)c(Cl)c4)ncnc3s2)cc1,1,IC50,7.67,1,CHEMBL4278886
CC(=O)Nc1ccc(-c2cc3c(Nc4ccc(Oc5cccc(C(F)(F)F)c5)c(Cl)c4)ncnc3s2)cc1,1,IC50,7.32,1,CHEMBL4291471
CS(=O)(=O)Nc1ccc(-c2cc3c(Nc4ccc(Oc5cccc(C(F)(F)F)c5)c(Cl)c4)ncnc3s2)cc1,1,IC50,7.33,1,CHEMBL4280835
O=C(Nc1ccc(-c2cc3c(Nc4ccc(Oc5cccc(C(F)(F)F)c5)c(Cl)c4)ncnc3s2)cc1)NC1CC1,1,IC50,6.95,1,CHEMBL4286733
O=C(NCCN1CCOCC1)Nc1ccc(-c2cc3c(Nc4ccc(Oc5cccc(C(F)(F)F)c5)c(Cl)c4)ncnc3s2)cc1,1,IC50,7.04,1,CHEMBL4288374
O=C1Nc2ccc(S(=O)(=O)N3CCOCC3)cc2/C1=N/c1ccc(O)cc1,1,IC50,6.12,1,CHEMBL4288648
COc1ccc(C2=C(C#N)C3=NC4=Nc5ccc(S(=O)(=O)N6CCOCC6)cc5C4=NC3C(O)=C2C#N)cc1,1,IC50,6.97,1,CHEMBL4284841
O=C1Nc2ccc(S(=O)(=O)N3CCOCC3)cc2/C1=N/Nc1ccccc1,1,IC50,7.34,1,CHEMBL4281426
N#CCC(=O)N/N=C1\C(=O)Nc2ccc(S(=O)(=O)N3CCOCC3)cc21,1,IC50,7.64,3,CHEMBL4282506
N=c1oc2ccccc2cc1C(=O)N/N=C1\C(=O)Nc2ccc(S(=O)(=O)N3CCOCC3)cc21,1,IC50,6.69,1,CHEMBL4289728
FC(F)(F)c1ccc(COc2ccc(Nc3ncnc4cc5c(cc34)OCCOCCOCCOCCO5)cc2)cc1,1,IC50,6.42,1,CHEMBL4520064
O=[N+]([O-])c1ccc(/C=N/Nc2nnc(-c3ccncc3)o2)cc1,1,IC50,6.38,1,CHEMBL4561572
O=C(Nc1ccccc1)Nc1nnc(-c2cccnc2)o1,1,IC50,6.56,1,CHEMBL4535881
C=CC(=O)Nc1cc(Nc2nc3c(c(-c4cn(C)c5ccccc45)n2)CSCC3)c(OC)cc1N(C)CCN(C)C,1,IC50,7.46,2,CHEMBL4552429
C=C(Cl)C(=O)Nc1cc(Nc2nc3c(c(-c4cn(C)c5ccccc45)n2)CSCC3)c(OC)cc1N(C)CCN(C)C,1,IC50,7.51,2,CHEMBL4471845
C=C(Cl)C(=O)Nc1cc(Nc2nc3c(c(-c4cn(C)c5ccccc45)n2)CS(=O)(=O)CC3)c(OC)cc1N(C)CCN(C)C,1,IC50,6.98,2,CHEMBL4583545
COc1cc(N(C)CCN(C)C)c(NC(=O)C=C(C)C)cc1Nc1nc2c(c(-c3cn(C)c4ccc(F)cc34)n1)CS(=O)(=O)CC2,1,IC50,6.7,1,CHEMBL4475770
CCC/C=C\C(=O)Nc1cc(Nc2nc3c(c(-c4cn(C)c5ccccc45)n2)CS(=O)(=O)CC3)c(OC)cc1N(C)CCN(C)C,1,IC50,7.8,1,CHEMBL4444312
C[N+](C)(C/C=C/C(=O)Nc1ccc2ncnc(Nc3cccc(Br)c3)c2c1)Cc1ccc([N+](=O)[O-])cc1,1,IC50,9.66,1,CHEMBL4439982
C[N+](C)(C/C=C/C(=O)Nc1ccc2ncnc(Nc3cccc(Br)c3)c2c1)Cc1ccccc1[N+](=O)[O-],1,IC50,9.66,1,CHEMBL4527121
Cn1c(C[N+](C)(C)C/C=C/C(=O)Nc2ccc3ncnc(Nc4cccc(Br)c4)c3c2)ccc1[N+](=O)[O-],1,IC50,9.66,1,CHEMBL4540138
Cn1cnc([N+](=O)[O-])c1C[N+](C)(C)C/C=C/C(=O)Nc1ccc2ncnc(Nc3cccc(Br)c3)c2c1,1,IC50,9.66,1,CHEMBL4560430
Cn1cc([N+](=O)[O-])nc1C[N+](C)(C)C/C=C/C(=O)Nc1ccc2ncnc(Nc3cccc(Br)c3)c2c1,1,IC50,9.66,1,CHEMBL4473277
Cn1ncc([N+](=O)[O-])c1C[N+](C)(C)C/C=C/C(=O)Nc1ccc2ncnc(Nc3cccc(Br)c3)c2c1,1,IC50,9.66,1,CHEMBL4516232
O=C1/N=C2\Nc3ccccc3N2CCCCCOc2ccccc2-c2cc1ccn2,1,IC50,8.52,1,CHEMBL4519157
COc1ccncc1-c1cc(C(=O)/N=c2\[nH]c3ccccc3n2CC(C)(C)O)ccn1,1,IC50,9.0,3,CHEMBL4532034
Cc1cc2cc(n1)-c1cnn(C)c1OCCCCCN1/C(=N/C2=O)Nc2ccccc21,1,IC50,9.0,1,CHEMBL4550104
Cc1cc2cc(n1)-c1cnn(C)c1OCCC[C@@H](C)CN1/C(=N/C2=O)Nc2ccccc21,1,IC50,9.1,1,CHEMBL4562138
Cc1cc2cc(n1)-c1cnn(C)c1OCCC[C@@H](C)CN1/C(=N/C2=O)Nc2ccc(CN3CCN(C)CC3)cc21,1,IC50,10.7,4,CHEMBL4537790
Cn1ncc2c1OCCCCCN1/C(=N/C(=O)c3cc(F)nc-2c3)Nc2ccccc21,1,IC50,8.92,1,CHEMBL4566193
COc1cc2ncnc(Nc3ccc(F)c(Cl)c3)c2cc1OCCCN1CCNCCNCCNCC1,1,IC50,8.18,1,CHEMBL4534611
COc1cc2ncnc(Nc3ccc(OCc4cccc(F)c4)c(Cl)c3)c2cc1OCCCN1CCNCCNCCNCC1,1,IC50,8.85,4,CHEMBL4522240
COc1cc2ncnc(Nc3ccc(F)c(Cl)c3)c2cc1OCCCN1CCNCCNCC1,1,IC50,8.08,1,CHEMBL4586581
COc1cc2ncnc(Nc3ccc(Br)cc3F)c2cc1OCCCN1CCNCCNCC1,1,IC50,7.55,1,CHEMBL4435885
COc1cc2ncnc(Nc3ccc(F)c(Br)c3)c2cc1OCCCN1CCNCCNCC1,1,IC50,8.25,1,CHEMBL4563873
COc1cc2ncnc(Nc3ccc(OCc4cccc(F)c4)c(Cl)c3)c2cc1OCCCN1CCNCCNCC1,1,IC50,9.52,2,CHEMBL4439338
CCN1CCN(CCCOc2cc3nccc(Oc4c(F)cc(NC(=O)NN5C(=O)CSC5c5c(F)cccc5F)cc4F)c3cc2OC)CC1,1,IC50,6.28,1,CHEMBL4587222
CCOc1cc2ncc(C#N)c(Nc3ccc(Cl)c(F)c3)c2cc1NC(=O)/C=C/CN(C)C,1,IC50,7.42,1,CHEMBL4578561
CCOc1cc2ncc(C#N)c(Nc3ccc(OCc4ccccn4)c(F)c3)c2cc1NC(=O)/C=C/CN(C)C,1,IC50,7.04,1,CHEMBL4578466
COCCCOc1cc2ncnc(Nc3ccc(F)c(Cl)c3)c2cc1NC(=O)/C=C/CN(C)C,1,IC50,9.12,2,CHEMBL4474073
COC[C@@H](C)Oc1cc2ncnc(Nc3ccc(F)c(Cl)c3)c2cc1NC(=O)/C=C/CN(C)C,1,IC50,9.03,2,CHEMBL4577883
COC[C@H](C)Oc1cc2ncnc(Nc3ccc(F)c(Cl)c3)c2cc1NC(=O)/C=C/CN(C)C,1,IC50,8.56,2,CHEMBL4443188
CCOCCOc1cc2ncnc(Nc3ccc(F)c(Cl)c3)c2cc1NC(=O)/C=C/CN(C)C,1,IC50,9.16,2,CHEMBL4473875
CCCOCCOc1cc2ncnc(Nc3ccc(F)c(Cl)c3)c2cc1NC(=O)/C=C/CN(C)C,1,IC50,8.55,2,CHEMBL4592101
CC(C)OCCOc1cc2ncnc(Nc3ccc(F)c(Cl)c3)c2cc1NC(=O)/C=C/CN(C)C,1,IC50,8.81,2,CHEMBL4450824
CCOCCOc1cc2ncnc(Nc3ccc(OCc4cccc(F)c4)c(Cl)c3)c2cc1NC(=O)/C=C/CN(C)C,1,IC50,6.81,2,CHEMBL4447976
CCOCCOc1cc2ncnc(Nc3ccc(F)c(Cl)c3)c2cc1NC(=O)/C=C/CN(CC)CC,1,IC50,8.83,1,CHEMBL4591886
COC[C@@H](C)Nc1cc(NC(=O)N2CCCc3cc(CN4CCCCOC4=O)c(C=O)nc32)ncc1C#N,0,IC50 (>),5.0,1,CHEMBL4475216
C[C@H]1[C@H](C)CC[C@]2(C(=O)O)CC[C@]3(COC(=O)/C=C/c4ccc(O)cc4)C(=CC[C@@H]4[C@@]5(C)CC[C@H](O)C(C)(C)[C@@H]5CC[C@]43C)[C@H]12,1,IC50,7.25,1,CHEMBL442938
Cc1cc(=O)n2nc(SCc3ccc(F)cc3)nc2[nH]1,1,IC50,7.28,2,CHEMBL4441392
Cc1cc(=O)n2nc(SCc3ccc(C(C)(C)C)cc3)nc2[nH]1,1,IC50,7.07,2,CHEMBL4567599
Cc1cc(=O)n2nc(SCc3ccc(C(C)C)cc3)nc2[nH]1,1,IC50,7.21,2,CHEMBL4456976
Cc1cc(=O)n2nc(SCc3cccc(C(F)(F)F)c3)nc2[nH]1,1,IC50,7.09,2,CHEMBL4435632
Cc1ccc(CSc2nc3[nH]c(C)cc(=O)n3n2)cc1,1,IC50,6.78,2,CHEMBL4539566
Cc1cc(=O)n2nc(SCc3ccc(Cl)cc3)nc2[nH]1,1,IC50,7.27,2,CHEMBL3818535
Cc1cc(O)n2nc(SCc3cccc(Cl)c3)nc2n1,1,IC50,7.23,2,CHEMBL2178513
Cc1cc(=O)n2nc(SCc3ccc([N+](=O)[O-])cc3)nc2[nH]1,1,IC50,7.12,2,CHEMBL4445265
Cc1cc(=O)n2nc(SCc3cccc([N+](=O)[O-])c3)nc2[nH]1,1,IC50,7.11,2,CHEMBL4565086
Cc1cc(=O)n2nc(SCc3ccc(Cl)cc3Cl)nc2[nH]1,1,IC50,6.85,2,CHEMBL4570484
COc1cc2c(Oc3ccc(NC(=O)NS(=O)(=O)Cc4ccc(F)cc4)cc3F)ccnc2cc1OCCCN1CCCC1,0,IC50 (>),5.0,1,CHEMBL4533153
C=CC(=O)Nc1cccc(Nc2ncnc3cc(OC)c(OCCN4CCOCC4)cc23)c1,1,IC50,8.37,1,CHEMBL4436337
C=CC(=O)Nc1cc2c(Nc3ccc(Br)cc3F)ncnc2cc1OCCCC(=O)CN(C)C,1,IC50,8.7,1,CHEMBL4547332
C=CC(=O)Nc1ccc(Nc2ncnc3cc(OC)c(OCCN4CCOCC4)cc23)cc1,1,IC50,8.37,4,CHEMBL4516586
OCCNc1nc(Nc2cccc(F)c2)c2cn[nH]c2n1,0,IC50,4.18,1,CHEMBL4553708
COc1cc(N2CCNC2=O)ccc1Nc1ncc(Cl)c(Nc2ccccc2S(=O)(=O)C(C)C)n1,1,IC50,6.12,1,CHEMBL4465558
COc1cc(N2CCN(CC(=O)N(C)C)C2=O)ccc1Nc1ncc(Cl)c(Nc2ccccc2S(=O)(=O)C(C)C)n1,1,IC50,6.22,1,CHEMBL4519408
C=CC(=O)Nc1cccc(Oc2nc(Nc3ccc(N4CCOCC4)cc3)nc3[nH]cc(-c4ccncc4)c23)c1,1,IC50,8.64,1,CHEMBL4464404
CNc1cncc(-c2c[nH]c3nc(Nc4ccc(N5CCN(C(C)=O)CC5)cc4)nc(OC4CCCCC4)c23)n1,1,IC50,6.18,1,CHEMBL4520286
CNc1cncc(-c2c[nH]c3nc(Nc4ccc(N5CCN(C(C)=O)CC5)cc4)nc(OC4CCOCC4)c23)n1,1,IC50,6.03,1,CHEMBL4562744
C=CC(=O)N1CCC[C@@H]1COc1nc(Nc2ccc(N3CCN(C(C)=O)CC3)cc2)nc2[nH]cc(-c3cncc(NC)n3)c12,1,IC50,6.82,1,CHEMBL4593230
C=CC(=O)N1CCC[C@@H](Oc2nc(Nc3ccc(N4CCN(C(C)=O)CC4)cc3)nc3[nH]cc(-c4cncc(NC)n4)c23)C1,1,IC50,6.3,1,CHEMBL4469900
C=CC(=O)N1CCC[C@@H](Oc2nc(Nc3ccc(N4CCN(CC)CC4)cc3)nc3[nH]cc(-c4cncc(NC)n4)c23)C1,1,IC50,8.06,1,CHEMBL4457018
C=CC(=O)N1CCC[C@@H](Oc2nc(Nc3ccc(N4CCOCC4)cc3)nc3[nH]cc(-c4cncc(NC)n4)c23)C1,1,IC50,6.86,1,CHEMBL4458344
C=CC(=O)N1CCC(Oc2nc(Nc3ccc(N4CCN(C(C)=O)CC4)cc3)nc3[nH]cc(-c4cncc(NC)n4)c23)CC1,1,IC50,6.04,1,CHEMBL4463563
C=CC(=O)N1CCC(Oc2nc(Nc3ccc(N4CCOCC4)cc3)nc3[nH]cc(-c4ccnc(NC)c4)c23)CC1,1,IC50,7.42,1,CHEMBL4549626
Cc1ccc2c(c1)nc(CCN1C(=O)c3cccc4cccc(c34)C1=O)n2-c1ccncc1,0,IC50 (>),5.0,1,CHEMBL4558162
C=CC(=O)N(C)CCOc1c(N)ncnc1-c1cc(F)cc(NC(=O)c2ccc(C3CC3)cc2F)c1C,0,Kd (>),5.0,2,CHEMBL4483575
CC#CC(=O)N1CC[C@@H](n2c(=O)n(-c3ccc(Oc4ccccc4)cc3)c3c(N)ncnc32)C1,0,Kd (>),5.0,1,CHEMBL4071161
CC#CC(=O)N[C@H]1CCCN(c2c(F)cc(C(N)=O)c3[nH]c(C)c(C)c23)C1,0,Kd (>),5.0,1,CHEMBL4297674
C=CC(=O)Nc1ccc(OC)c(Nc2cc(-c3c(-c4ccc(F)cc4)nc(SC)n3C)ccn2)c1,1,IC50,6.96,1,CHEMBL4441037
C=CC(=O)Nc1ccc(OC)c(Nc2cc(-c3nc(SC)n(C)c3-c3ccc(F)cc3)ccn2)c1,1,IC50,9.0,1,CHEMBL4575583
O=C1Nc2ccccc2N/C1=C\C(=O)c1cccc2ccccc12,1,IC50,6.43,3,CHEMBL4531109
COc1ccc(/C=C/C(=O)Nc2cc3c(Nc4ccc(F)c(Cl)c4)ncnc3cc2O[C@@H]2CCOC2)cc1,1,IC50,8.05,1,CHEMBL4439680
COc1cc(/C=C/C(=O)Nc2cc3c(Nc4ccc(F)c(Cl)c4)ncnc3cc2O[C@@H]2CCOC2)cc(OC)c1OC,1,IC50,8.05,1,CHEMBL4466350
COc1cc2c(Nc3ccc(Br)cc3F)ncnc2cc1OCC1CCN(C(=O)Cn2cncc2[N+](=O)[O-])CC1,1,IC50,8.49,1,CHEMBL4463898
COc1cc2c(Nc3ccc(F)c(F)c3)ncnc2cc1OCCOCCOCCNC(=O)Cn1cnc([N+](=O)[O-])n1,1,IC50,7.7,1,CHEMBL4468893
COc1cc2c(Nc3ccc(C)c(Br)c3)ncnc2cc1OCCOCCOCCNC(=O)Cn1cnc([N+](=O)[O-])n1,1,IC50,8.21,1,CHEMBL4532084
COc1cc2c(Nc3ccc(F)cc3Cl)ncnc2cc1OCCOCCOCCNC(=O)Cn1cnc([N+](=O)[O-])n1,1,IC50,7.89,1,CHEMBL4531912
COc1cc2c(Nc3ccc(Br)cc3F)ncnc2cc1OCCOCCOCCNC(=O)Cn1cnc([N+](=O)[O-])n1,1,IC50,8.3,1,CHEMBL4435233
COc1cc2c(Nc3ccc(Cl)c(Cl)c3F)ncnc2cc1OCCOCCNC(=O)Cn1cnc([N+](=O)[O-])n1,1,IC50,9.16,1,CHEMBL4471491
COc1cc2c(Nc3ccc(F)cc3)ncnc2cc1OCCOCCNC(=O)Cn1cnc([N+](=O)[O-])n1,1,IC50,7.78,1,CHEMBL4460151
COc1cc2c(Nc3cccc(F)c3)ncnc2cc1OCCOCCNC(=O)Cn1cnc([N+](=O)[O-])n1,1,IC50,8.51,1,CHEMBL4560187
COc1cc2c(Nc3ccc(F)c(F)c3)ncnc2cc1OCCOCCNC(=O)Cn1cnc([N+](=O)[O-])n1,1,IC50,8.43,1,CHEMBL4576032
COc1cc2c(Nc3ccc(C)c(Br)c3)ncnc2cc1OCCOCCNC(=O)Cn1cnc([N+](=O)[O-])n1,1,IC50,9.43,1,CHEMBL4540303
COc1cc2c(Nc3ccc(F)cc3Cl)ncnc2cc1OCCOCCNC(=O)Cn1cnc([N+](=O)[O-])n1,1,IC50,7.68,1,CHEMBL4515673
COc1cc2c(Nc3ccc(Br)cc3F)ncnc2cc1OCCOCCNC(=O)Cn1cnc([N+](=O)[O-])n1,1,IC50,8.23,1,CHEMBL4521028
COc1cc2c(Nc3ccc(C)c(Br)c3)ncnc2cc1OCCNC(=O)Cn1cnc([N+](=O)[O-])n1,1,IC50,7.73,1,CHEMBL4463765
COc1cc2c(Nc3ccc(F)cc3Cl)ncnc2cc1OCCNC(=O)Cn1cnc([N+](=O)[O-])n1,1,IC50,7.32,1,CHEMBL4535949
COc1cc2c(Nc3ccc(Br)cc3F)ncnc2cc1OCCNC(=O)Cn1cnc([N+](=O)[O-])n1,1,IC50,7.36,1,CHEMBL4453429
COc1ccc(-c2cc3ncnc(Nc4cc(OC)c(OC)c(OC)c4)c3s2)cc1,1,IC50,7.28,1,CHEMBL4546122
COc1cc(Nc2ncnc3cc(-c4ccc(C)cc4)sc23)cc(OC)c1OC,1,IC50,7.52,1,CHEMBL4569885
COc1cc(Nc2ncnc3cc(-c4ccc(I)cc4)sc23)cc(OC)c1OC,1,IC50,8.0,1,CHEMBL4473768
COc1cc(Nc2ncnc3cc(-c4ccc(Br)cc4)sc23)cc(OC)c1OC,1,IC50,6.49,1,CHEMBL4572443
COc1cc(Nc2ncnc3cc(-c4ccc(Cl)cc4)sc23)cc(OC)c1OC,1,IC50,6.56,1,CHEMBL4552482
COc1cc(Nc2ncnc3cc(-c4cccs4)sc23)cc(OC)c1OC,1,IC50,8.6,1,CHEMBL4460381
COc1cc(Nc2ncnc3cc(-c4ccccc4)sc23)cc(OC)c1OC,1,IC50,7.64,1,CHEMBL4541014
COc1ccc(/C=C/C(=O)c2ccc(NC(=O)c3cc4cc5cc(C)ccc5nc4s3)cc2)cc1OC,1,IC50,6.3,2,CHEMBL4447196
COc1ccc2nc3sc(C(=O)Nc4ccc(C(=O)/C=C/c5ccc(OC)c(OC)c5)cc4)cc3cc2c1,1,IC50,6.16,1,CHEMBL4462971
COc1cc2c(Oc3ccc(NS(=O)(=O)c4cc(F)ccc4F)cc3F)ccnc2cc1OCCCN1CCN(C)CC1,1,IC50,6.83,2,CHEMBL4443828
COc1cc2c(Oc3ccc(NS(=O)(=O)c4ccccc4C(F)(F)F)cc3F)ccnc2cc1OCCCN1CCN(C)CC1,1,IC50,6.55,1,CHEMBL4587811
COc1cc2c(Oc3ccc(NS(=O)(=O)c4c(F)cccc4F)cc3F)ccnc2cc1OCCCN1CCN(C)CC1,1,IC50,6.75,2,CHEMBL4462318
COc1cc2c(Oc3ccc(NS(=O)(=O)c4ccccc4C(F)(F)F)cc3F)ccnc2cc1OCCCN1CCOCC1,1,IC50,6.19,1,CHEMBL4536115
COc1cc2c(Oc3ccc(NS(=O)(=O)c4ccccc4C(F)(F)F)cc3F)ccnc2cc1OCCCN1CCC(C)CC1,1,IC50,6.23,1,CHEMBL4447225
C=CC(=O)Nc1cc2c(Nc3ccc(F)c(Cl)c3)ncnc2cc1OCc1cn(Cc2ccccc2F)nn1,1,IC50,7.92,2,CHEMBL4468464
C=CC(=O)Nc1cc2c(Nc3ccc(F)c(Cl)c3)ncnc2cc1OCc1cn(Cc2cccc(F)c2)nn1,1,IC50,8.4,2,CHEMBL4454948
C=CC(=O)Nc1cc2c(Nc3ccc(F)c(Cl)c3)ncnc2cc1OCc1cn(Cc2ccc(F)cc2)nn1,1,IC50,8.22,2,CHEMBL4515526
C=CC(=O)Nc1cc2c(Nc3ccc(F)c(Cl)c3)ncnc2cc1OCc1cn(Cc2ccc(Cl)cc2)nn1,1,IC50,7.92,2,CHEMBL4460706
C=CC(=O)Nc1cc2c(Nc3ccc(F)c(Cl)c3)ncnc2cc1OCc1cn(Cc2ccc(OC)cc2)nn1,1,IC50,8.3,2,CHEMBL4436695
C=CC(=O)Nc1cc2c(Nc3ccc(F)c(Cl)c3)ncnc2cc1OCc1cn(Cc2ccc(C)cc2)nn1,1,IC50,7.82,2,CHEMBL4563683
C=CC(=O)Nc1cc2c(Nc3ccc(F)c(Cl)c3)ncnc2cc1OCc1cn(CCc2ccccc2)nn1,1,IC50,7.92,2,CHEMBL4584413
C=CC(=O)Nc1cc2c(Nc3ccc(F)c(Cl)c3)ncnc2cc1OCc1cn(Cc2ccccc2)nn1,1,IC50,8.1,2,CHEMBL4578487
C=CC(=O)Nc1cc2c(Nc3ccc(F)c(Cl)c3)ncnc2cc1OCc1cn(-c2ccccc2)nn1,1,IC50,7.58,2,CHEMBL4575267
C=CC(=O)Nc1cc2c(Nc3ccc(F)c(Cl)c3)ncnc2cc1OCc1cn(CCCN2CCOCC2)nn1,1,IC50,8.4,2,CHEMBL4521506
C=CC(=O)Nc1cc2c(Nc3ccc(F)c(Cl)c3)ncnc2cc1OCc1cn(CCCO)nn1,1,IC50,8.4,2,CHEMBL4476544
CCC(=O)N1CC[C@@H](n2c(=O)c(-c3ccccc3Cl)c(C)c3cnc(Nc4ccc(N5CCN(C)CC5)c(C)c4)nc32)C1,1,IC50,7.09,1,CHEMBL4443413
CCC(=O)N1CCC[C@@H](n2c(=O)c(-c3ccccc3Br)c(C)c3cnc(Nc4ccc(N5CCN(C)CC5)c(C)c4)nc32)C1,1,IC50,7.25,2,CHEMBL4529308
CCC(=O)N1CCC[C@@H](n2c(=O)c(-c3ccccc3C)c(C)c3cnc(Nc4ccc(N5CCN(C)CC5)c(C)c4)nc32)C1,1,IC50,6.64,2,CHEMBL4453276
CCC(=O)N1CCC[C@@H](n2c(=O)c(-c3cc(F)ccc3Cl)c(C)c3cnc(Nc4ccc(N5CCN(C)CC5)c(C)c4)nc32)C1,1,IC50,7.43,2,CHEMBL4462965
CCC(=O)N[C@H]1CC[C@@H](n2c(=O)c(-c3ccccc3Cl)c(C)c3cnc(Nc4ccc(N5CCN(C)CC5)c(C)c4)nc32)CC1,1,IC50,7.56,3,CHEMBL4459978
CCC(=O)N1CCC[C@@H](n2c(=O)c(-c3ccc(F)cc3Cl)c(C)c3cnc(Nc4ccc(N5CCN(C)CC5)c(C)c4)nc32)C1,1,IC50,7.05,2,CHEMBL4450934
CCC(=O)N1CCC[C@@H](n2c(=O)c(-c3ccccc3Cl)c(C)c3cnc(Nc4ccc(N5CCN(C)CC5)c(C)c4)nc32)C1,1,IC50,7.19,1,CHEMBL4446258
CCC(=O)N1CCC[C@@H](n2c(=O)c(-c3cccc(F)c3Cl)c(C)c3cnc(Nc4ccc(N5CCN(C)CC5)c(C)c4)nc32)C1,1,IC50,7.56,2,CHEMBL4474196
O=C(Nc1nccs1)C(c1cc(F)ccc1O)N1Cc2ccc(-c3ccc(N4CCNCC4)cc3)cc2C1=O,1,IC50,9.7,9,CHEMBL4443062
Nc1ncnc2c1c(-c1ccc(Oc3ccccc3)cc1)cn2C1CCCC1,1,IC50,6.75,1,CHEMBL47940
C=CC(=O)Nc1cccc(Oc2ncnc(N)c2-c2ccc(Oc3ccccc3)cc2)c1,1,IC50,7.11,1,CHEMBL4528630
C=CC(=O)Nc1cccc(Oc2ccnc(N)c2-c2ccc(Oc3ccccc3)cc2)c1,1,IC50,6.85,1,CHEMBL4461455
C=CC(=O)Nc1cccc(-c2c(N)ncnc2Nc2ccc(Oc3ccccc3)cc2)c1,1,IC50,9.0,1,CHEMBL4436563
C=CC(=O)Nc1cccc(Nc2ncnc(N)c2-c2ccc(Oc3ccccc3)cc2)c1,1,IC50,8.4,1,CHEMBL4554990
C=CC(=O)N1CCC[C@H](Nc2ncnc(N)c2-c2ccc(Oc3ccccc3)cc2)C1,1,IC50,6.26,1,CHEMBL4468148
C=CC(=O)Nc1cc(Nc2nccc(-c3cn(C)c4ccccc34)n2)c(OC)cc1N(C)CCO,1,IC50,7.0,2,CHEMBL4464879
C=CC(=O)Nc1cc(Nc2nccc(-c3cn(C)c4ccccc34)n2)c(OC)cc1N(C)CCCl,1,IC50,6.91,2,CHEMBL4454745
C=CC(=O)Nc1cc(Nc2nccc(-c3cn(C)c4ccccc34)n2)c(OC)cc1N(C)CCSC,1,IC50,6.67,2,CHEMBL4566583
C=CC(=O)Nc1cc(Nc2nccc(-c3cn(C)c4ccccc34)n2)c(OC)cc1N(C)CC[S+](C)[O-],1,IC50,6.98,2,CHEMBL4447982
C=CC(=O)Nc1cc(Nc2nccc(-c3cn(C)c4ccccc34)n2)c(OC)cc1N1CCSCC1,1,IC50,7.19,3,CHEMBL4463766
C=CC(=O)Nc1cc(Nc2nccc(-c3cn(C)c4ccccc34)n2)c(OC)cc1N1CC[S+]([O-])CC1,1,IC50,7.19,3,CHEMBL4460261
C=CC(=O)Nc1cc(Nc2nccc(-c3cn(C)c4ccccc34)n2)c(OC)cc1N1CCS(=O)(=O)CC1,1,IC50,7.42,3,CHEMBL4454929
C=CC(=O)Nc1cc(Nc2nccc(-c3cn(C)c4ccccc34)n2)c(OC)cc1SCCN(C)C,1,IC50,7.96,3,CHEMBL4570333
C=CC(=O)Nc1cc(Nc2nccc(-c3cn(C)c4ccccc34)n2)c(OC)cc1[S+]([O-])CCN(C)C,1,IC50,8.4,9,CHEMBL4441606
C=CC(=O)Nc1cc(Nc2nccc(-c3cn(C)c4ccccc34)n2)c(OC)cc1S(=O)(=O)CCN(C)C,1,IC50,6.97,3,CHEMBL4592472
CN(C)c1ccc(C(=O)Nc2cccc(NC(=O)COc3ccc4c(=O)ccoc4c3)c2)cc1,0,IC50 (>),5.0,5,CHEMBL4438748
C=CC(=O)Nc1cc(Nc2ncc(Cl)c(Nc3ccccc3P(C)(C)=O)n2)c(OC)cc1N(C)CCN(C)C,1,IC50,8.7,3,CHEMBL4520341
C=CC(=O)Nc1cc(Nc2ncc(F)c(Nc3ccccc3P(C)(C)=O)n2)c(OC)cc1N(C)CCN(C)C,1,IC50,8.7,3,CHEMBL4558227
C=CC(=O)Nc1cc(Nc2nccc(Nc3ccccc3P(C)(C)=O)n2)c(OC)cc1N(C)CCN(C)C,1,IC50,8.3,3,CHEMBL4465103
C=CC(=O)Nc1cc(Nc2ncc(I)c(Nc3ccccc3S(=O)(=O)C(C)C)n2)c(OC)cc1N(C)CCN(C)C,1,IC50,8.05,3,CHEMBL4531697
C=CC(=O)Nc1cc(Nc2ncc(Cl)c(Nc3ccccc3S(=O)(=O)C(C)C)n2)c(OC)cc1N(C)CCN(C)C,1,IC50,8.7,3,CHEMBL4473365
C=CC(=O)Nc1cc(Nc2ncc(F)c(Nc3ccccc3S(=O)(=O)C(C)C)n2)c(OC)cc1N(C)CCN(C)C,1,IC50,8.7,3,CHEMBL4448107
C=CC(=O)Nc1cc(Nc2nccc(Nc3ccccc3S(=O)(=O)C(C)C)n2)c(OC)cc1N(C)CCN(C)C,1,IC50,7.58,2,CHEMBL4516287
C=CC(=O)Nc1cc(Nc2ncc(I)c(Nc3ccccc3S(=O)(=O)N(C)C)n2)c(OC)cc1N(C)CCN(C)C,1,IC50,8.52,3,CHEMBL4467561
C=CC(=O)Nc1cc(Nc2ncc(Cl)c(Nc3ccccc3S(=O)(=O)N(C)C)n2)c(OC)cc1N(C)CCN(C)C,1,IC50,8.7,3,CHEMBL4449391
C=CC(=O)Nc1cc(Nc2ncc(F)c(Nc3ccccc3S(=O)(=O)N(C)C)n2)c(OC)cc1N(C)CCN(C)C,1,IC50,8.7,3,CHEMBL4565984
C=CC(=O)Nc1cc(Nc2nccc(Nc3ccccc3S(=O)(=O)N(C)C)n2)c(OC)cc1N(C)CCN(C)C,1,IC50,8.4,3,CHEMBL4540442
C=CC(=O)Nc1cc(Nc2ncc(I)c(Nc3ccccc3P(C)(C)=O)n2)c(OC)cc1N(C)CCN(C)C,1,IC50,8.7,3,CHEMBL4581316
C=CC(=O)Nc1cc(Nc2nccc(-c3cn(C)c4cccnc34)n2)c(OC)cc1NCCN(C)C,0,IC50,4.92,3,CHEMBL4575647
C=CC(=O)Nc1cc(Nc2nccc(-c3cn(C)c4cccnc34)n2)c(OC)cc1N(C)CCNC,0,IC50,4.92,1,CHEMBL4536146
C=CC(=O)Nc1cc(Nc2nccc(-c3cn(C)c4cccnc34)n2)c(OC)cc1N(C)CCN(C)C,0,IC50,4.2,1,CHEMBL4545086
C=CC(=O)Nc1cc(Nc2nccc(NC(=O)c3ccccc3)n2)c(OC)cc1N1CCN(C)CC1,1,IC50,6.92,2,CHEMBL4456234
C=CC(=O)Nc1cc(Nc2nccc(NC(=O)c3ccccc3)n2)c(OC)cc1N(C)CCN(C)C,1,IC50,6.85,2,CHEMBL4575697
C=CC(=O)Nc1cc(Nc2nccc(NC(=O)c3ccccc3)n2)c(OC)cc1N1CCC(C(N)=O)CC1,1,IC50,9.23,2,CHEMBL4454516
C=CC(=O)Nc1cc(Nc2nccc(NC(=O)c3ccccc3)n2)c(OC)cc1N(C)C,1,IC50,8.65,2,CHEMBL4476791
C=CC(=O)Nc1cc(Nc2nccc(NC(=O)c3cccc(OC)c3)n2)c(OC)cc1N1CCN(C)CC1,1,IC50,7.26,2,CHEMBL4451619
C=CC(=O)Nc1cc(Nc2nccc(NC(=O)c3cccc(OC)c3)n2)c(OC)cc1N(C)CCN(C)C,1,IC50,7.23,2,CHEMBL4563980
C=CC(=O)Nc1cc(Nc2nccc(NC(=O)c3cccc(OC)c3)n2)c(OC)cc1N1CCC(C(N)=O)CC1,1,IC50,7.49,2,CHEMBL4555707
C=CC(=O)Nc1cc(Nc2nccc(NC(=O)c3ccc(OC)c(OC)c3)n2)c(OC)cc1N1CCN(C)CC1,1,IC50,7.9,2,CHEMBL4587847
C=CC(=O)Nc1cc(Nc2nccc(NC(=O)c3ccc(OC)c(OC)c3)n2)c(OC)cc1N(C)CCN(C)C,1,IC50,6.91,2,CHEMBL4450061
C=CC(=O)Nc1cc(Nc2nccc(NC(=O)c3ccc(OC)c(OC)c3)n2)c(OC)cc1N1CCC(C(N)=O)CC1,1,IC50,7.26,2,CHEMBL4441745
C=CC(=O)Nc1cc(Nc2nccc(NC(=O)c3ccc(OC)c(OC)c3)n2)c(OC)cc1N(C)C,1,IC50,7.4,2,CHEMBL4569552
C=CC(=O)Nc1cc(Nc2nccc(NC(=O)c3ccc(C(F)(F)F)cc3)n2)c(OC)cc1N1CCN(C)CC1,1,IC50,7.55,2,CHEMBL4540295
C=CC(=O)Nc1cc(Nc2nccc(NC(=O)c3ccc(C(F)(F)F)cc3)n2)c(OC)cc1N(C)CCN(C)C,1,IC50,7.33,2,CHEMBL4438856
C=CC(=O)Nc1cc(Nc2nccc(NC(=O)c3ccc(C(F)(F)F)cc3)n2)c(OC)cc1N1CCC(C(N)=O)CC1,1,IC50,7.18,2,CHEMBL4449898
C=CC(=O)Nc1cc(Nc2nccc(NC(=O)c3cccc4ccccc34)n2)c(OC)cc1N1CCN(C)CC1,1,IC50,7.48,2,CHEMBL4570293
CCOc1cc2ncnc(Nc3ccc(F)c(Cl)c3)c2cc1OC(=O)CCl,1,IC50,9.06,2,CHEMBL4440618
C=CC(=O)Oc1cc2c(Nc3ccc(F)c(Cl)c3)ncnc2cc1OCC,1,IC50,7.82,1,CHEMBL4435699
CCOc1cc2ncnc(Nc3ccc(F)c(Cl)c3)c2cc1OC(=O)CSc1ccccn1,1,IC50,7.16,1,CHEMBL4521214
CCOc1cc2ncnc(Nc3ccc(F)c(Cl)c3)c2cc1OC(=O)CSc1cccnc1,1,IC50,9.22,1,CHEMBL4562352
CCOc1cc2ncnc(Nc3ccc(F)c(Cl)c3)c2cc1OC(=O)CSc1ncccn1,1,IC50,7.57,1,CHEMBL4558356
CCOc1cc2ncnc(Nc3ccc(F)c(Cl)c3)c2cc1OC(=O)CCc1cccnc1,1,IC50,7.85,1,CHEMBL4530987
CCOc1cc2ncnc(Nc3ccc(F)c(Cl)c3)c2cc1OC(=O)CSc1nnnn1C,1,IC50,9.28,2,CHEMBL4530170
CCOc1cc2ncnc(Nc3ccc(F)c(Cl)c3)c2cc1OC(=O)CSc1nccn1C,1,IC50,7.96,1,CHEMBL4572315
CCOc1cc2ncnc(Nc3ccc(F)c(Cl)c3)c2cc1OC(=O)CSc1ncc[nH]1,1,IC50,9.21,2,CHEMBL4526992
CCOc1cc2ncnc(Nc3ccc(F)c(Cl)c3)c2cc1OC(=O)CSc1nc2ccccc2n1C,1,IC50,7.92,1,CHEMBL4556799
CCOc1cc2ncnc(Nc3ccc(F)c(Cl)c3)c2cc1OC(=O)CSc1nc2ccccc2s1,1,IC50,7.08,1,CHEMBL4473375
CCOc1cc2ncnc(Nc3ccc(F)c(Cl)c3)c2cc1OC(=O)CSc1nc2cc(OC)ccc2s1,1,IC50,6.71,1,CHEMBL4559217
CCOc1cc2ncnc(Nc3ccc(F)c(Cl)c3)c2cc1NC(=O)COC(C)=O,1,IC50,9.28,2,CHEMBL4439974
CCOc1cc2ncnc(Nc3ccc(F)c(Cl)c3)c2cc1NC(=O)COC(=O)c1ccccc1,1,IC50,7.6,1,CHEMBL4437599
CCOc1cc2ncnc(Nc3ccc(F)c(Cl)c3)c2cc1NC(=O)COC(=O)c1c(C)cccc1C,1,IC50,7.36,1,CHEMBL4538707
CCOc1cc2ncnc(Nc3ccc(F)c(Cl)c3)c2cc1NC(=O)CO,1,IC50,9.47,2,CHEMBL4449681
CS(=O)(=O)Nc1cc(-c2ccncc2)cnc1Cl,0,IC50 (>),5.0,1,CHEMBL4474208
C=CC(=O)N(c1cccc(Cl)c1F)c1ncnc2cc(OC)c(OC(=O)N3CCN(C)C[C@H]3C)cc12,1,IC50,8.06,1,CHEMBL4469866
C=CC(=O)N(c1cc(F)c(F)cc1F)c1ncnc2cc(OC)c(OCCCN3CCOCC3)cc12,1,IC50,6.3,1,CHEMBL4439066
C=CC(=O)N(c1ccc(F)cc1F)c1ncnc2cc(OC)c(OCCCN3CCOCC3)cc12,1,IC50,6.52,1,CHEMBL4579429
C=CC(=O)N(c1cc(Cl)ccc1F)c1ncnc2cc(OC)c(OCCCN3CCOCC3)cc12,1,IC50,6.88,1,CHEMBL4527715
C=CC(=O)N(c1ccc(Cl)cc1F)c1ncnc2cc(OC)c(OCCCN3CCOCC3)cc12,1,IC50,6.63,1,CHEMBL4475780
C=CC(=O)N(c1cccc(Cl)c1F)c1ncnc2cc(OC)c(OCCCN3CCOCC3)cc12,1,IC50,7.28,1,CHEMBL4441029
C=CC(=O)N(c1ccc(Cl)c(Cl)c1)c1ncnc2cc(OC)c(OCCCN3CCOCC3)cc12,1,IC50,7.5,1,CHEMBL4471155
COc1cc2ncnc(Nc3ccc(Cl)c(Cl)c3)c2cc1OCCCN1CCOCC1,1,IC50,9.0,1,CHEMBL4448162
C=CC(=O)N(c1ccc(F)c(F)c1)c1ncnc2cc(OC)c(OCCCN3CCOCC3)cc12,1,IC50,6.43,1,CHEMBL4555488
C=CC(=O)N(c1cccc(C(F)(F)F)c1)c1ncnc2cc(OC)c(OCCCN3CCOCC3)cc12,1,IC50,6.07,1,CHEMBL4441921
C=CC(=O)N(c1ccc(F)c(C)c1)c1ncnc2cc(OC)c(OCCCN3CCOCC3)cc12,1,IC50,6.3,1,CHEMBL4448712
C=CC(=O)N(c1ccc(F)c(Cl)c1)c1ncnc2cc(OC)c(OCCCN3CCOCC3)cc12,1,IC50,7.19,1,CHEMBL4453748
C=CC(=O)N1CCC[C@@H](n2nc(-c3ccc(Oc4ccc(Cl)cc4)cc3)c(C(N)=O)c2N)C1,1,IC50,8.1,2,CHEMBL4520801
N#CN1CCC[C@@H](n2nc(-c3ccc(Oc4ncc(Cl)cc4F)cc3)c(C(N)=O)c2N)C1,0,IC50 (>),4.7,3,CHEMBL4462332
N#CN1CCC[C@@H](n2nc(-c3ccc(Oc4cccc(C(F)(F)F)n4)cc3)c(C(N)=O)c2N)C1,0,IC50 (>),4.7,2,CHEMBL4456974
N#CN1CCC[C@@H](n2nc(-c3ccc(Oc4ccc(Cl)cn4)cc3)c(C(N)=O)c2N)C1,0,IC50,4.81,1,CHEMBL4469663
CN(C)C/C=C/C(=O)N1CCC[C@@H](n2nc(-c3ccc(Oc4ccc(F)cc4F)cc3)c(C(N)=O)c2N)C1,1,IC50,6.83,1,CHEMBL4572913
NC(=O)c1c(-c2ccc(Oc3ccc(F)cc3F)cc2)nn([C@@H]2CCCN(C(=O)/C=C/C(F)F)C2)c1N,1,IC50,6.56,1,CHEMBL4559065
N#CN1CCC[C@@H](n2nc(-c3ccc(Oc4ccc(F)cc4F)cc3)c(C(N)=O)c2N)C1,0,IC50,4.78,1,CHEMBL4560385
C=CC(=O)N1CCC[C@@H](n2nc(-c3ccc(Oc4ccc(F)cc4F)cc3)c(C(N)=O)c2N)C1,1,IC50,7.58,1,CHEMBL4442732
C=C(C)C(=O)N1CCC[C@@H](n2nc(-c3ccc(Oc4ccc(F)cc4F)cc3)c(C(N)=O)c2N)C1,0,IC50 (>),4.7,1,CHEMBL4518667
C/C=C/C(=O)N1CCC[C@@H](n2nc(-c3ccc(Oc4ccc(F)cc4F)cc3)c(C(N)=O)c2N)C1,0,IC50 (>),4.7,1,CHEMBL4548556
C=C(F)C(=O)N1CCC[C@@H](n2nc(-c3ccc(Oc4ccc(F)cc4F)cc3)c(C(N)=O)c2N)C1,1,IC50,6.24,1,CHEMBL4591391
COc1ccc(-n2cc(NC(=O)c3ccc(NS(=O)(=O)c4ccc(Cl)cc4)cc3)cn2)cc1,0,IC50,4.79,1,CHEMBL4576626
Cc1ccc(-n2cc(NC(=O)c3ccc(NS(=O)(=O)c4ccc(Cl)cc4)cc3)cn2)cc1,0,IC50,4.91,1,CHEMBL4549295
O=C(Nc1cnn(-c2ccccc2)c1)c1ccc(NS(=O)(=O)c2ccc(Cl)cc2)cc1,0,IC50,4.73,1,CHEMBL4459564
COc1cccc(-n2cc(NC(=O)c3ccc(NS(=O)(=O)c4ccccc4)cc3)cn2)c1,0,IC50,4.62,1,CHEMBL4442932
COc1ccc(-n2cc(NC(=O)c3ccc(NS(=O)(=O)c4ccccc4)cc3)cn2)cc1,0,IC50,4.58,1,CHEMBL4448424
Cc1ccc(-n2cc(NC(=O)c3ccc(NS(=O)(=O)c4ccccc4)cc3)cn2)cc1,0,IC50,4.74,1,CHEMBL4470214
O=C(Nc1cnn(-c2ccccc2)c1)c1ccc(NS(=O)(=O)c2ccccc2)cc1,0,IC50,4.59,1,CHEMBL4445843
Cn1cc(NC(=O)c2ccc(NS(=O)(=O)c3ccccc3)cc2)cn1,0,IC50,4.43,1,CHEMBL4522594
COc1cccc(-n2cc(NC(=O)c3cccc(NS(=O)(=O)c4ccc(Cl)cc4)c3)cn2)c1,0,IC50,4.81,1,CHEMBL4554486
COc1ccc(-n2cc(NC(=O)c3cccc(NS(=O)(=O)c4ccc(Cl)cc4)c3)cn2)cc1,0,IC50,4.81,1,CHEMBL4471464
O=C(Nc1cnn(-c2ccccc2)c1)c1cccc(NS(=O)(=O)c2ccc(Cl)cc2)c1,0,IC50,4.98,1,CHEMBL4439053
Cn1cc(NC(=O)c2cccc(NS(=O)(=O)c3ccc(Cl)cc3)c2)cn1,0,IC50,4.52,1,CHEMBL4455321
COc1cccc(-n2cc(NC(=O)c3cccc(NS(=O)(=O)c4ccccc4)c3)cn2)c1,0,IC50,4.64,1,CHEMBL4520103
COc1ccc(-n2cc(NC(=O)c3cccc(NS(=O)(=O)c4ccccc4)c3)cn2)cc1,0,IC50,4.57,1,CHEMBL4530048
O=C(Nc1cnn(-c2ccccc2)c1)c1cccc(NS(=O)(=O)c2ccccc2)c1,0,IC50,4.81,1,CHEMBL4459052
Cn1cc(NC(=O)c2cccc(NS(=O)(=O)c3ccccc3)c2)cn1,0,IC50,4.46,1,CHEMBL4552065
N#Cc1cnc2cc(OC[C@H](O)CO)c(NC(=O)C3CSSC3)cc2c1Nc1ccc(OCc2cccc(F)c2)c(Cl)c1,1,IC50,7.7,6,CHEMBL4519305
CCOc1cc2ncc(C#N)c(Nc3ccc(F)c(Cl)c3)c2cc1NC(=O)CC1CCSS1,1,IC50,6.52,2,CHEMBL4451538
CCOc1cc2ncc(C#N)c(Nc3ccc(OCc4cccc(F)c4)c(Cl)c3)c2cc1NC(=O)CCCCC1CCSS1,1,IC50,7.48,4,CHEMBL4547475
COc1cc2ncnc(Nc3ccc(OCc4cccc(F)c4)c(Cl)c3)c2cc1NC(=O)CC1CCSS1,1,IC50,8.24,2,CHEMBL4582933
Cc1ccc(Oc2ccc(Nc3c(C#N)cnc4ccc(NC(=O)C5CSSC5)cc34)cc2C)cn1,0,IC50 (>),5.0,2,CHEMBL4551202
N#Cc1cnc2ccc(NC(=O)C3CSSC3)cc2c1Nc1ccc(OCc2cccc(F)c2)c(Cl)c1,1,IC50,6.7,1,CHEMBL4441244
N#Cc1cnc2ccc(NC(=O)CC3CCSS3)cc2c1Nc1ccc(OCc2cccc(F)c2)c(Cl)c1,1,IC50,7.44,4,CHEMBL4446124
CCOc1cc2ncc(C#N)c(Nc3ccc(F)c(Cl)c3)c2cc1NC(=O)C(CSC(C)=O)CSC(C)=O,1,IC50,6.31,2,CHEMBL4546553
CCOc1cc2ncc(C#N)c(Nc3ccc(F)c(Cl)c3)c2cc1NC(=O)C1CSSC1,1,IC50,6.66,3,CHEMBL4576802
COc1cc2ncnc(Nc3ccc(OCc4cccc(F)c4)c(Cl)c3)c2cc1NC(=O)C1CSSC1,1,IC50,8.19,4,CHEMBL4457885
CCOc1cc2ncc(C#N)c(Nc3ccc(F)c(Cl)c3)c2cc1NC(=O)CCCCC1CCSS1,1,IC50,6.38,3,CHEMBL4463005
COc1cc2ncnc(Nc3ccc(Oc4ccc(C)nc4)c(C)c3)c2cc1NC(=O)CC1CCSS1,1,IC50,7.32,4,CHEMBL4519470
COc1cc2ncnc(Nc3ccc(Oc4ccc(C)nc4)c(C)c3)c2cc1NC(=O)C1CSSC1,1,IC50,6.38,4,CHEMBL4593016
Cc1ccc(Oc2ccc(Nc3c(C#N)cnc4ccc(NC(=O)CC5CCSS5)cc34)cc2C)cn1,0,IC50 (>),5.0,3,CHEMBL4560998
COc1cc2c(Oc3ccc(C4SCC(=O)N4NC(=O)Nc4ccc(F)cc4F)cc3F)ccnc2cc1OCCCN1CCN(C)CC1,1,IC50,6.4,1,CHEMBL4446992
COc1ccc(/C(CSc2nc3c([nH]2)c(=O)n(C)c(=O)n3C)=N\O)cc1,1,IC50,6.5,1,CHEMBL4440012
Cn1c(=O)c2[nH]c(SC/C(=N/O)c3ccc(Cl)cc3)nc2n(C)c1=O,1,IC50,6.4,1,CHEMBL4525168
Cn1c(=O)c2[nH]c(SC/C(=N/O)c3ccc(Br)cc3)nc2n(C)c1=O,1,IC50,6.35,1,CHEMBL4439837
COc1ccc(/C(CSc2nc3[nH]c(=O)n(C)c(=O)c3[nH]2)=N\O)cc1,1,IC50,6.15,1,CHEMBL4441404
Cn1c(=O)[nH]c2nc(SC/C(=N/O)c3ccc(Cl)cc3)[nH]c2c1=O,1,IC50,6.09,1,CHEMBL4529183
C=CC(=O)Nc1cccc(Oc2nc(Nc3ccc(N4CCN(C)CC4)cc3OC)ccc2Cl)c1,0,IC50 (>),5.0,1,CHEMBL4515293
COc1cc2c(Nc3ccc(NC(=O)C(c4ccccc4)N4Cc5ccccc5C4=O)cc3F)ncnc2cc1OCC1CCN(C)CC1,1,IC50,8.03,1,CHEMBL4516635
COc1cc2c(Nc3ccc(NC(=O)C(C4CCCCC4)N4Cc5ccccc5C4=O)cc3F)ncnc2cc1OCC1CCN(C)CC1,1,IC50,6.75,1,CHEMBL4538066
COc1cc2c(Nc3cc(NC(=O)C(c4ccccc4)N4Cc5ccccc5C4=O)ccc3F)ncnc2cc1OCC1CCN(C)CC1,1,IC50,7.43,1,CHEMBL4471235
COc1cc2c(Nc3ccc(NC(=O)[C@H](c4ccccc4)N4Cc5ccccc5C4=O)cc3F)ncnc2cc1OCC1CCN(C)CC1,1,IC50,8.1,1,CHEMBL4465497
COc1cc2c(Nc3ccc(NC(=O)[C@@H](c4ccccc4)N4Cc5ccccc5C4=O)cc3F)ncnc2cc1OCC1CCN(C)CC1,1,IC50,7.72,1,CHEMBL4593609
COc1cc2c(Nc3ccc(NC(=O)C(c4cc(F)ccc4F)N4Cc5ccccc5C4=O)cc3F)ncnc2cc1OCC1CCN(C)CC1,1,IC50,8.66,5,CHEMBL4443483
COc1cc(NC(=O)C2CC2)ccc1Nc1ncc(Cl)c(Nc2ccccc2NC(C)=O)n1,1,IC50,6.21,1,CHEMBL4462528
Fc1ccc(-c2csc(N3N=C(c4ccc(N5CCOCC5)cc4)CC3c3ccc(Cl)cc3)n2)cc1,0,IC50,4.63,1,CHEMBL4516916
CC(C)=CC[C@@H](OC(=O)/C=C\C(=O)c1ccc(C)cc1)C1=CC(=O)c2c(O)ccc(O)c2C1=O,1,IC50,7.34,1,CHEMBL4557993
CC(C)=CC[C@@H](OC(=O)/C=C\C(=O)c1ccc(C)c(C)c1)C1=CC(=O)c2c(O)ccc(O)c2C1=O,1,IC50,6.93,1,CHEMBL4575374
CC(C)=CC[C@@H](OC(=O)/C=C\C(=O)c1ccc(C)cc1Cl)C1=CC(=O)c2c(O)ccc(O)c2C1=O,1,IC50,6.98,1,CHEMBL4514393
CCc1ccc(C(=O)/C=C\C(=O)O[C@H](CC=C(C)C)C2=CC(=O)c3c(O)ccc(O)c3C2=O)cc1,1,IC50,7.29,1,CHEMBL4529521
CC(C)=CC[C@@H](OC(=O)/C=C\C(=O)c1ccc(Cl)cc1)C1=CC(=O)c2c(O)ccc(O)c2C1=O,1,IC50,7.49,1,CHEMBL4448428
CC(C)=CC[C@@H](OC(=O)/C=C\C(=O)c1ccc(F)cc1)C1=CC(=O)c2c(O)ccc(O)c2C1=O,1,IC50,7.64,1,CHEMBL4463094
CC(C)=CC[C@@H](OC(=O)/C=C\C(=O)c1ccc(C)c(F)c1)C1=CC(=O)c2c(O)ccc(O)c2C1=O,1,IC50,6.97,1,CHEMBL4571687
CC(C)=CC[C@@H](OC(=O)/C=C\C(=O)c1cc(Cl)ccc1C)C1=CC(=O)c2c(O)ccc(O)c2C1=O,1,IC50,6.83,1,CHEMBL4584651
CC(C)=CC[C@@H](OC(=O)/C=C\C(=O)c1ccc(C)cc1F)C1=CC(=O)c2c(O)ccc(O)c2C1=O,1,IC50,6.92,1,CHEMBL4553504
CC(C)=CC[C@@H](OC(=O)/C=C\C(=O)c1cc(F)ccc1C)C1=CC(=O)c2c(O)ccc(O)c2C1=O,1,IC50,7.63,1,CHEMBL4452957
CC(C)=CC[C@@H](OC(=O)/C=C\C(=O)c1ccc(Br)cc1)C1=CC(=O)c2c(O)ccc(O)c2C1=O,1,IC50,6.92,1,CHEMBL4519860
CC(C)=CC[C@@H](O)C1=CC(=O)c2c(O)ccc(O)c2C1=O,1,IC50,6.86,1,CHEMBL9470
CN1CCN(c2ccc(Oc3ccc4c(c3)C(=O)N(Cc3ccccc3)c3cc(F)ccc3N4)cc2)CC1,1,IC50,7.96,4,CHEMBL4558528
O=C1c2cc(Oc3ccc(N4CCNCC4)cc3)ccc2Nc2ccc(F)cc2N1Cc1ccccc1,1,IC50,7.92,4,CHEMBL4530686
O=C1c2cc(-c3ccc(N4CCNCC4)cc3)ccc2Nc2ccc(F)cc2N1Cc1ccccc1,1,IC50,7.72,4,CHEMBL4533337
O=C1c2ccccc2Nc2ccc(F)cc2N1Cc1ccccc1,1,IC50,7.41,4,CHEMBL4520903
O=C(Nc1nccs1)[C@@H](c1cc(F)ccc1O)N1Cc2ccccc2C1=O,1,IC50,8.7,3,CHEMBL4452106
CC/C=C\C(=O)Nc1cc(Nc2nccc(-c3cn(C)c4ccc(F)cc34)n2)c(OC)cc1N(C)CCN(C)C,1,IC50,6.41,2,CHEMBL4472983
CCC/C=C\C(=O)Nc1cc(Nc2nc(C)cc(-c3cn(C)c4ccccc34)n2)c(OC)cc1N(C)CCN(C)C,1,IC50,8.1,1,CHEMBL4548960
COc1cc(N(C)CCN(C)C)c(NC(=O)/C=C\C(C)C)cc1Nc1nc(C)cc(-c2cn(C)c3ccccc23)n1,1,IC50,7.42,1,CHEMBL4434924
CC/C=C\C(=O)Nc1cc(Nc2nc(C)cc(-c3cn(C)c4ccccc34)n2)c(OC)cc1N(C)CCN(C)C,1,IC50,7.75,1,CHEMBL4460320
C=C(Cl)C(=O)Nc1cc(Nc2nc(C)cc(-c3cn(C)c4ccccc34)n2)c(OC)cc1N(C)CCN(C)C,1,IC50,8.0,2,CHEMBL4439632
C=CC(=O)Nc1cc(Nc2nc(C)cc(-c3cn(C)c4ccccc34)n2)c(OC)cc1N(C)CCN(C)C,1,IC50,7.03,1,CHEMBL4557005
CCC/C=C\C(=O)Nc1cc(Nc2ncc(C#N)c(-c3cn(C)c4ccccc34)n2)c(OC)cc1N(C)CCN(C)C,1,IC50,7.43,2,CHEMBL4553685
COc1cc(N(C)CCN(C)C)c(NC(=O)/C=C\C(C)C)cc1Nc1ncc(C#N)c(-c2cn(C)c3ccccc23)n1,1,IC50,6.66,2,CHEMBL4452628
CC/C=C\C(=O)Nc1cc(Nc2ncc(C#N)c(-c3cn(C)c4ccccc34)n2)c(OC)cc1N(C)CCN(C)C,1,IC50,7.8,2,CHEMBL4445797
C=C(Cl)C(=O)Nc1cc(Nc2ncc(C#N)c(-c3cn(C)c4ccccc34)n2)c(OC)cc1N(C)CCN(C)C,1,IC50,7.7,2,CHEMBL4463634
CCC/C=C\C(=O)Nc1cc(Nc2nccc(-c3cn(C)c4ccccc34)n2)c(OC)cc1N(C)CCN(C)C,1,IC50,6.69,1,CHEMBL4583858
CC/C=C\C(=O)Nc1cc(Nc2nccc(-c3cn(C)c4ccccc34)n2)c(OC)cc1N(C)CCN(C)C,1,IC50,6.75,1,CHEMBL4468034
COc1cc(N(C)CCN(C)C)c(NC(=O)/C=C\C(C)C)cc1Nc1nccc(-c2cn(C)c3ccccc23)n1,1,IC50,6.4,1,CHEMBL4438905
COc1cc(N(C)CCN(C)C)c(NC(=O)C=C(C)C)cc1Nc1nccc(-c2cn(C)c3ccccc23)n1,1,IC50,6.68,1,CHEMBL4527702
C/C=C\C(=O)Nc1cc(Nc2nccc(-c3cn(C)c4ccccc34)n2)c(OC)cc1N(C)CCN(C)C,1,IC50,7.28,2,CHEMBL4451986
C=C(Cl)C(=O)Nc1cc(Nc2nccc(-c3cn(C)c4ccccc34)n2)c(OC)cc1N(C)CCN(C)C,1,IC50,7.48,2,CHEMBL4441933
C=C(F)C(=O)Nc1cc(Nc2nccc(-c3cn(C)c4ccccc34)n2)c(OC)cc1N(C)CCN(C)C,1,IC50,8.22,2,CHEMBL4557772
COc1cc(N(C)CCN(C)C)c(NC(=O)/C=C\C(C)C)cc1Nc1ncc(C#N)c(-c2cn(C)c3ccc(F)cc23)n1,1,IC50,6.44,2,CHEMBL4535047
CCC/C=C\C(=O)Nc1cc(Nc2nccc(-c3cn(C)c4ccc(F)cc34)n2)c(OC)cc1N(C)CCN(C)C,1,IC50,8.12,2,CHEMBL4464589
COc1cc(N(C)CCN(C)C)c(NC(=O)/C=C\C(C)C)cc1Nc1nccc(-c2cn(C)c3ccc(F)cc23)n1,1,IC50,6.01,1,CHEMBL4473887
CCC/C=C\C(=O)Nc1cc(Nc2ncc(C#N)c(-c3cn(C)c4ccc(F)cc34)n2)c(OC)cc1N(C)CCN(C)C,1,IC50,6.7,1,CHEMBL4470120
C=CC(=O)Nc1cc(Nc2nc(C)cc(-c3cn(C)c4ccc(F)cc34)n2)c(OC)cc1N(C)CCN(C)C,1,IC50,6.23,1,CHEMBL4551557
CC/C=C\C(=O)Nc1cc(Nc2nc(C)cc(-c3cn(C)c4ccc(F)cc34)n2)c(OC)cc1N(C)CCN(C)C,1,IC50,6.0,1,CHEMBL4445761
COc1cc(N(C)CCN(C)C)c(NC(=O)/C=C\C(C)C)cc1Nc1nc(C)cc(-c2cn(C)c3ccc(F)cc23)n1,1,IC50,6.05,1,CHEMBL4553484
CCC/C=C\C(=O)Nc1cc(Nc2nc(C)cc(-c3cn(C)c4ccc(F)cc34)n2)c(OC)cc1N(C)CCN(C)C,1,IC50,6.04,1,CHEMBL4579805
NC(=O)c1c(-c2ccc(Oc3ccccc3)cc2)nn2c1[nH]c1ccc(N)cc12,1,IC50,8.23,1,CHEMBL3977187
C=CC(=O)Nc1ccc2[nH]c3c(C(N)=O)c(-c4ccc(Oc5ccccc5)cc4)nn3c2c1,1,IC50,8.66,1,CHEMBL3948065
C=CC(=O)Nc1cccc(-c2c[nH]c3c(C(N)=O)c(-c4ccc(Oc5ccccc5)cc4)nn23)c1,1,IC50,6.68,1,CHEMBL3924160
C=CC(=O)Nc1cccc(C2CCNc3c(C(N)=O)c(-c4ccc(Oc5ccccc5)cc4)nn32)c1,1,IC50,6.85,2,CHEMBL3921167
C=CC(=O)Nc1ccc(C2CCNc3c(C(N)=O)c(-c4ccc(Oc5ccccc5)cc4)nn32)cc1,1,IC50,6.77,1,CHEMBL3979176
C=CC(=O)N(C)c1ccccc1C1CCNc2c(C(N)=O)c(-c3ccc(Oc4ccccc4)cc3)nn21,1,IC50,8.51,1,CHEMBL3897911
C=CC(=O)Nc1ccccc1C1CCNc2c(C(N)=O)c(-c3ccc(OC4CCCC4)cc3)nn21,1,IC50,9.1,1,CHEMBL3904488
C=CC(=O)Nc1ccccc1C1CCNc2c(C(N)=O)c(-c3ccc(OCC4CC4)cc3)nn21,1,IC50,9.52,1,CHEMBL3917026
C=CC(=O)Nc1ccccc1C1CCNc2c(C(N)=O)c(-c3ccc(OCCOC)cc3)nn21,1,IC50,9.2,1,CHEMBL3890068
C=CC(=O)Nc1ccccc1C1CCNc2c(C(N)=O)c(-c3ccc(OC)cc3)nn21,1,IC50,9.32,2,CHEMBL3926191
C=CC(=O)Nc1ccccc1C1CCNc2c(C(N)=O)c(-c3ccc(OC(F)(F)F)cc3)nn21,1,IC50,9.34,1,CHEMBL3906546
C=CC(=O)Nc1ccccc1C1CCNc2c(C(N)=O)c(-c3ccc(C)cc3)nn21,1,IC50,9.47,1,CHEMBL3965262
C=CC(=O)Nc1ccccc1C1CCNc2c(C(N)=O)c(-c3ccc(C(F)(F)F)cc3)nn21,1,IC50,9.18,1,CHEMBL3954175
C=CC(=O)Nc1ccccc1C1CCNc2c(C(N)=O)c(-c3ccc(Cl)cc3)nn21,1,IC50,9.74,1,CHEMBL3910697
C=CC(=O)Nc1ccccc1C1CCNc2c(C(N)=O)c(-c3ccc(F)cc3)nn21,1,IC50,8.92,1,CHEMBL3908905
C=CC(=O)N1CCC([C@@H]2CCNc3c(C(N)=O)c(-c4ccc(Oc5ccccc5)cc4)nn32)CC1,1,IC50,8.62,8,CHEMBL3936761
C=CC(=O)N1CC(C2CCNc3c(C(N)=O)c(-c4ccc(Oc5ccccc5)cc4)nn32)C1,1,IC50,8.68,2,CHEMBL3965549
C=CC(=O)NCC1CCNc2c(C(N)=O)c(-c3ccc(Oc4ccccc4)cc3)nn21,1,IC50,9.14,2,CHEMBL3977729
C=CC(=O)NC1(C2CCNc3c(C(N)=O)c(-c4ccc(Oc5ccccc5)cc4)nn32)CC1,1,IC50,8.49,1,CHEMBL3944698
CC(C)C/C=C/C(=O)Nc1cccc(-c2c(-c3ccccc3)oc3ncnc(N[C@H](CO)c4ccccc4)c23)c1,0,IC50 (>),5.0,2,CHEMBL4531827
O=C(/C=C/c1ccccc1)Nc1cccc(-c2c(-c3ccccc3)oc3ncnc(N[C@H](CO)c4ccccc4)c23)c1,0,IC50 (>),5.0,1,CHEMBL4527132
O=C(O)/C=C/C(=O)Nc1cccc(-c2c(-c3ccccc3)oc3ncnc(N[C@H](CO)c4ccccc4)c23)c1,0,IC50 (>),5.0,1,CHEMBL4565374
C=CC(=O)Nc1cccc(-c2c(-c3ccccc3)sc3ncnc(N[C@H](CO)c4ccccc4)c23)c1,1,IC50,8.94,4,CHEMBL4534719
C=CC(=O)Nc1cccc(-c2c(-c3ccccc3OC)oc3ncnc(N[C@H](CO)c4ccccc4)c23)c1,1,IC50,9.84,4,CHEMBL4559807
C=CC(=O)Nc1cccc(-c2c(-c3ccccc3)oc3ncnc(N[C@H](C)c4ccccc4)c23)c1,1,IC50,9.67,4,CHEMBL4514452
CN(C)C/C=C/C(=O)Nc1cccc(-c2c(-c3ccccc3)oc3ncnc(N[C@@H](CO)c4ccccc4)c23)c1,1,IC50,6.25,1,CHEMBL4450843
C=CC(=O)Nc1cccc(-c2c(-c3ccccc3)oc3ncnc(N[C@@H](CO)c4ccccc4)c23)c1,1,IC50,6.83,2,CHEMBL2310642
O=C(/C=C/CN1CCOCC1)Nc1cccc(-c2c(-c3ccccc3)oc3ncnc(N[C@H](CO)c4ccccc4)c23)c1,1,IC50,7.72,2,CHEMBL4583178
CCN(C/C=C/C(=O)Nc1cccc(-c2c(-c3ccccc3)oc3ncnc(N[C@H](CO)c4ccccc4)c23)c1)CCO,1,IC50,7.89,2,CHEMBL4458437
CCN(CC)C/C=C/C(=O)Nc1cccc(-c2c(-c3ccccc3)oc3ncnc(N[C@H](CO)c4ccccc4)c23)c1,1,IC50,7.85,2,CHEMBL4463012
CN(C)C/C=C/C(=O)Nc1cccc(-c2c(-c3ccccc3)oc3ncnc(N[C@H](CO)c4ccccc4)c23)c1,1,IC50,10.37,6,CHEMBL4521381
CCOC(=O)/C=C/C(=O)Nc1cccc(-c2c(-c3ccccc3)oc3ncnc(N[C@H](CO)c4ccccc4)c23)c1,1,IC50,7.1,2,CHEMBL4446953
CC#CC(=O)Nc1cccc(-c2c(-c3ccccc3)oc3ncnc(N[C@H](CO)c4ccccc4)c23)c1,1,IC50,7.19,1,CHEMBL4456359
C=CC(=O)Nc1cccc(-c2noc3ncnc(N[C@H](CO)c4ccccc4)c23)c1,1,IC50,6.38,1,CHEMBL4447289
C=CC(=O)Nc1cccc(-c2c(C)sc3ncnc(N[C@H](CO)c4ccccc4)c23)c1,1,IC50,6.97,1,CHEMBL4447962
C=CC(=O)Nc1cccc(-c2c(Cl)sc3ncnc(N[C@H](CO)c4ccccc4)c23)c1,1,IC50,7.09,1,CHEMBL4475546
C=CC(=O)Nc1cccc(-c2csc3ncnc(N[C@H](CO)c4ccccc4)c23)c1,1,IC50,7.09,1,CHEMBL4556670
C=CC(=O)Nc1cccc(-c2c(C)oc3ncnc(N[C@H](CO)c4ccccc4)c23)c1,1,IC50,7.21,1,CHEMBL4448691
CC1(C)CC[C@]2(C(=O)O)CC[C@]3(C)C(=CC[C@@H]4[C@@]5(C)CC[C@H](O)C(C)(C)[C@@H]5CC[C@]43C)[C@@H]2C1,0,IC50 (>),4.7,3,CHEMBL168
CC1(C)CC[C@]2(C(=O)O)CC[C@]3(C)C(=CC[C@@H]4[C@@]5(C)CC[C@H](O)[C@@](C)(CO)[C@@H]5CC[C@]43C)[C@@H]2C1,0,IC50 (>),4.7,3,CHEMBL486400
CC1(C)CC[C@]2(C(=O)OCCCCO[N+](=O)[O-])CC[C@]3(C)C(=CC[C@@H]4[C@@]5(C)CC[C@H](OC(=O)c6ccc([N+](=O)[O-])cc6)C(C)(C)[C@@H]5CC[C@]43C)[C@@H]2C1,0,IC50 (>),4.7,3,CHEMBL4554092
C=CC(=O)O[C@H]1CC[C@]2(C)[C@H]3CC=C4[C@@H]5CC(C)(C)CC[C@]5(C(=O)OCCCCO[N+](=O)[O-])CC[C@@]4(C)[C@]3(C)CC[C@H]2C1(C)C,0,IC50 (>),4.7,3,CHEMBL4456487
CC1(C)CC[C@]2(C(=O)OCCCCO[N+](=O)[O-])CC[C@]3(C)C(=CC[C@@H]4[C@@]5(C)CC[C@H](OC(=O)/C=C/c6ccc7c(c6)OCO7)C(C)(C)[C@@H]5CC[C@]43C)[C@@H]2C1,0,IC50 (>),4.7,3,CHEMBL4470692
CC1(C)CC[C@]2(C(=O)OCCCCO[N+](=O)[O-])CC[C@]3(C)C(=CC[C@@H]4[C@@]5(C)CC[C@H](OC(=O)c6ccccc6)C(C)(C)[C@@H]5CC[C@]43C)[C@@H]2C1,0,IC50 (>),4.7,3,CHEMBL4454172
CC1(C)CC[C@]2(C(=O)OCCCCO[N+](=O)[O-])CC[C@]3(C)C(=CC[C@@H]4[C@@]5(C)CC[C@H](OCc6ccccc6)C(C)(C)[C@@H]5CC[C@]43C)[C@@H]2C1,0,IC50 (>),4.7,3,CHEMBL4460981
COc1cc(Nc2cc(NC(=O)Nc3c(Cl)cccc3Cl)ncn2)cc(OC)c1,1,IC50,6.5,3,CHEMBL4439933
COc1ccc(OC)c(Nc2cc(NC(=O)Nc3c(Cl)cccc3Cl)ncn2)c1,1,IC50,7.41,3,CHEMBL4548481
Cc1cc(F)cc(Nc2cc(NC(=O)Nc3c(Cl)cccc3Cl)ncn2)c1,1,IC50,6.76,3,CHEMBL4537004
C=CC(=O)Nc1cccc(-n2c(=O)c(=O)n(C(C)C)c3cnc(Nc4ccc(N5CCC(N6CCN(C)CC6)CC5)cc4OC)nc32)c1,1,IC50,8.11,2,CHEMBL4290785
C=CC(=O)Nc1cccc(-n2c(=O)c(=O)n(C(C)C)c3cnc(Nc4ccc(N5CCN(C)CC5)c(C)c4)nc32)c1,1,IC50,8.85,2,CHEMBL4288562
C=CC(=O)Nc1cccc(-n2c(=O)c(=O)n(C(C)C)c3cnc(Nc4ccc(N5CCN(C)CC5)c(OC)c4)nc32)c1,1,IC50,8.89,2,CHEMBL4277912
C=CC(=O)Nc1cccc(Nc2nc(Nc3ccc(N4CCN(C(C)=O)CC4)c(OC)c3)ncc2C(F)(F)F)c1,1,IC50,7.7,4,CHEMBL4527443
C=CC(=O)Nc1cccc(-n2c(=O)c(=O)n(C(C)C)c3cnc(Nc4ccc(OCCN(C)C)cc4OC)nc32)c1,1,IC50,7.17,2,CHEMBL4286241
C=CC(=O)Nc1cccc(-n2c(=O)c(=O)n(C(C)C)c3cnc(Nc4ccc(N(C)CCN(C)C)cc4OC)nc32)c1,1,IC50,7.77,2,CHEMBL4278325
C=CC(=O)Nc1cccc(-n2c(=O)c(=O)n(CCC)c3cnc(Nc4ccc(N5CCN(C)CC5)cc4OC)nc32)c1,1,IC50,9.22,2,CHEMBL4285217
C=CC(=O)Nc1cccc(-n2c(=O)c(=O)n(CC)c3cnc(Nc4ccc(N5CCN(C)CC5)cc4OC)nc32)c1,1,IC50,8.92,2,CHEMBL4284780
C=CC(=O)Nc1cccc(-n2c(=O)c(=O)n(C)c3cnc(Nc4ccc(N5CCN(C)CC5)cc4OC)nc32)c1,1,IC50,8.33,2,CHEMBL4276842
C=CC(=O)Nc1cccc(-n2c(=O)c(=O)[nH]c3cnc(Nc4ccc(N5CCN(C)CC5)cc4OC)nc32)c1,1,IC50,8.6,2,CHEMBL4281367
CN1CCN(C/C=C/C(=O)N2CCOc3cc4ncnc(Nc5ccc(F)c(Cl)c5)c4cc32)CC1,1,IC50,8.05,1,CHEMBL4549542
O=C(/C=C/CN1CCOCC1)N1CCOc2cc3ncnc(Nc4ccc(F)c(Cl)c4)c3cc21,1,IC50,8.15,1,CHEMBL2441561
CC1CCCCN1C/C=C/C(=O)N1CCOc2cc3ncnc(Nc4ccc(F)c(Cl)c4)c3cc21,1,IC50,8.52,1,CHEMBL4458843
CC1CCN(C/C=C/C(=O)N2CCOc3cc4ncnc(Nc5ccc(F)c(Cl)c5)c4cc32)CC1,1,IC50,8.3,1,CHEMBL4468924
O=C(/C=C/CN1CCCCC1)N1CCOc2cc3ncnc(Nc4ccc(F)c(Cl)c4)c3cc21,1,IC50,8.4,1,CHEMBL4445017
CN(C)C/C=C/C(=O)N1CCOc2cc3ncnc(Nc4ccc(F)c(Cl)c4)c3cc21,1,IC50,8.4,1,CHEMBL2441565
O=C(/C=C/CN1CCCC1)N1CCOc2cc3ncnc(Nc4ccc(F)c(Cl)c4)c3cc21,1,IC50,8.52,1,CHEMBL4561606
O=C(Nc1cccc(NC(=O)c2ccccn2)c1)NC1CCCCC1,1,IC50,6.83,1,CHEMBL4437803
O=C(CSC(=S)N1CCCCC1)Nc1cccc(NC(=O)c2ccccn2)c1,1,IC50,7.08,1,CHEMBL4582195
O=C(CCSC(=S)N1CCN(c2ccccc2)CC1)Nc1cccc(NC(=O)c2ccccn2)c1,1,IC50,7.16,1,CHEMBL4437943
COc1ncc(-c2cc3c(c(NC(=O)CN4CCOCC4)c2)COC3)cc1NS(C)(=O)=O,0,IC50 (>),5.0,1,CHEMBL4561692
C[C@@H](c1cc2cccnc2cc1F)n1cnc2ncc(-c3cnn(C)c3)nc21,0,IC50 (>),4.52,2,CHEMBL4068255
Cn1cc(-c2cnc3c(-c4csc(C(=O)NCC(F)(F)F)c4)cnn3c2)cn1,0,IC50,4.55,1,CHEMBL4550702
Cn1cc(-c2cnc3c(-c4csc(C(=O)N[C@@H]5CCCC[C@@H]5N)c4)cnn3c2)cn1,1,IC50,6.47,1,CHEMBL4568087
Cc1sc(C(=O)N[C@@H]2[C@H](N)CCCC2(F)F)cc1-c1cnn2cc(Cl)cnc12,0,IC50 (>),4.0,1,CHEMBL4552628
Cc1ccc(-c2nn(-c3ccccc3)cc2C(=O)NOCc2ccccc2F)cc1,0,IC50 (>),4.6,1,CHEMBL4575118
C=CC(=O)N1CCC[C@@H](n2nc(-c3cn(-c4cc(C(F)(F)F)cnc4C#N)nn3)c3c(N)ncnc32)C1,1,IC50,8.22,2,CHEMBL4534592
C=CC(=O)N1CCC[C@@H](n2nc(-c3cn(Cc4nc5ccc(Cl)cn5c4Br)nn3)c3c(N)ncnc32)C1,1,IC50,7.07,2,CHEMBL4584630
CCC(=O)N1CCC[C@@H](n2nc(-c3cn(-c4ccc(C(C)=O)cc4)nn3)c3c(N)ncnc32)C1,1,IC50,6.19,2,CHEMBL4588202
C[C@@H]1C[C@H]1C(=O)N1CCN(c2cnc(C#N)c(-c3cnn(C)c3)n2)C[C@H]1C,0,IC50 (>),4.0,5,CHEMBL4634634
C#Cc1cccc(Nc2cccc3cc(OC)c(OCCCCCCC(=O)NO)cc23)c1,1,IC50,8.62,1,CHEMBL4637274
C=C1CC(CBr)(c2ccc(F)cc2)OC1=O,0,IC50,4.52,2,CHEMBL4640482
C=C1CC(CI)(c2ccccc2)OC1=O,0,IC50,4.58,2,CHEMBL4642842
C=C1CC(CI)(c2ccc(F)cc2)OC1=O,0,IC50,4.82,2,CHEMBL4634317
C=C1CC(c2ccccc2)(C(Br)c2ccccc2)OC1=O,0,IC50,4.85,2,CHEMBL4644209
Clc1nc2ccccc2c2nnc(/N=C/c3ccco3)n12,1,IC50,6.13,1,CHEMBL4649213
Nc1nc(Nc2nnc3c4ccccc4nc(Sc4ccc(Br)cc4)n23)cs1,1,IC50,6.16,2,CHEMBL4647325
N#Cc1cnc2cc(OC[C@H](O)CO)c(NC(=O)CC3CSSC3)cc2c1Nc1ccc(OCc2cccc(F)c2)c(Cl)c1,1,IC50,8.7,6,CHEMBL4642574
C=CC(=O)Nc1cc(Nc2nccc(-c3cn(CCCO)c4ccccc34)n2)c(OC)cc1F,1,IC50,8.66,3,CHEMBL4645434
CCC(=O)Nc1cc(Nc2nccc(-c3c[nH]c4c(CCO)cccc34)n2)c(OC)cc1F,1,IC50,6.68,2,CHEMBL4642177
CCC(=O)Nc1cc(Nc2nccc(-c3cn(CCO)c4ccccc34)n2)c(OC)cc1F,1,IC50,7.09,2,CHEMBL4640686
CCC(=O)Nc1cc(Nc2nccc(-c3cn(CCCO)c4ccccc34)n2)c(OC)cc1F,1,IC50,7.14,3,CHEMBL4639459
CCC(=O)Nc1cc(Nc2nccc(-c3cn(CCCO)c4ccccc34)n2)c(OC)cc1N(C)CCN(C)C,1,IC50,7.14,3,CHEMBL4641096
COc1cc(N(C)CCN(C)C)ccc1Nc1nccc(-c2cn(CCCO)c3ccccc23)n1,1,IC50,8.07,7,CHEMBL4649261
CCC(=O)Nc1cc(Nc2nccc(-c3cn(CCCO)c4ccc(F)cc34)n2)c(OC)cc1F,1,IC50,7.39,3,CHEMBL4647073
CN1CCN(C/C=C/C(=O)N2CCOc3cc4ncnc(Nc5ccc(OCc6cccc(F)c6)c(Cl)c5)c4cc32)CC1,1,IC50,8.22,1,CHEMBL4643111
O=C(/C=C/CN1CCOCC1)N1CCOc2cc3ncnc(Nc4ccc(OCc5cccc(F)c5)c(Cl)c4)c3cc21,1,IC50,8.15,1,CHEMBL2441563
O=C(/C=C/CN1CCCC1)N1CCOc2cc3ncnc(Nc4ccc(OCc5cccc(F)c5)c(Cl)c4)c3cc21,1,IC50,8.15,2,CHEMBL4635100
CCN(CC)C/C=C/C(=O)N1CCOc2cc3ncnc(Nc4ccc(OCc5cccc(F)c5)c(Cl)c4)c3cc21,1,IC50,8.1,2,CHEMBL4648271
COc1ncc(-c2ccc3ncnc(Nc4cnn(CCO)c4)c3c2)cc1NS(=O)(=O)c1ccc(F)cc1F,0,IC50 (>),5.0,1,CHEMBL4780201
C=CC(=O)N(C)Cc1c[nH]c2ncnc(-c3cccc(NC(=O)c4ccc(C(C)(C)C)cc4)c3C)c12,0,IC50 (>),5.0,1,CHEMBL4762397
C=CC(=O)Nc1cccc(-c2c[nH]c3ncnc(Nc4ccc(OCc5ccccn5)c(Cl)c4)c23)c1,1,IC50,10.1,3,CHEMBL4787483
C=CC(=O)Nc1cccc(-c2c[nH]c3ncnc(Nc4ccc(CN5C(=O)c6ccccc6C5=O)cc4)c23)c1,1,IC50,9.7,3,CHEMBL4795165
C=CC(=O)Nc1cc(-c2c[nH]c3ncnc(Nc4ccc(OCc5ccccn5)c(Cl)c4)c23)ccc1OCCN(C)C,1,IC50,10.05,3,CHEMBL4757145
C=CC(=O)Nc1cc(-c2c[nH]c3ncnc(Nc4ccc5c(cnn5Cc5ccccc5)c4)c23)ccc1OCCO,1,IC50,10.15,3,CHEMBL4756368
C#Cc1cccc(Nc2ncnc3cc(OCCOC)c(OCCOC(=O)CCCCC[N+]4=C(/C=C/C=C/C=C/C=C5/N(CCCC)c6ccccc6C5(C)C)C(C)(C)c5cc(C(F)(F)F)ccc54)cc23)c1,1,IC50,6.69,1,CHEMBL4746030
C#Cc1cccc(Nc2ncnc3cc(OCCOC)c(OCCOC(=O)CCCCC[N+]4=C(/C=C/C=C/C=C/C=C5/N(CCCC)c6ccc(OC)cc6C5(C)C)C(C)(C)c5cc(C(F)(F)F)ccc54)cc23)c1,1,IC50,6.91,1,CHEMBL4752492
Cc1cc(NC(=O)CCl)no1,1,IC50,6.97,1,CHEMBL1545480
CC(C)(C)c1cc(NC(=O)CCl)no1,1,IC50,6.91,1,CHEMBL4776730
CC(C)(C)c1cc(NC(=O)CN2CCOCC2)no1,1,IC50,6.84,1,CHEMBL4787698
CCN1CCN(CC(=O)Nc2cc(C)on2)CC1,1,IC50,7.09,1,CHEMBL1619395
Cc1cc(NC(=O)CN2CCN(c3ccccc3)CC2)no1,1,IC50,7.19,1,CHEMBL4740108
CC(C)(C)c1cc(NC(=O)CN2CCN(c3ccccc3)CC2)no1,1,IC50,7.18,1,CHEMBL4755651
Cc1cc(NC2=NC(=O)CS2)no1,1,IC50,7.09,1,CHEMBL4755988
CC(C)(C)c1cc(NC2=NC(=O)CS2)no1,1,IC50,6.82,1,CHEMBL4751085
Cc1cc(NC2=NC(=O)/C(=C\c3c4ccccc4cc4ccccc34)S2)no1,1,IC50,7.27,1,CHEMBL4751362
Cc1nn(-c2ccc(F)cc2)c2ncnc(Nc3ccc(F)c(Cl)c3)c12,1,IC50,6.73,2,CHEMBL4792279
COc1ccc(/C=C/C(=O)c2nnn(-c3ccc(Cl)cc3)c2C)cc1OC,1,IC50,7.44,1,CHEMBL4778826
CN(CCCl)c1ccc2ncnc(Nc3cccc(Br)c3)c2c1,1,IC50,6.3,1,CHEMBL4765122
C=CC(=O)Nc1cccc(-n2c(=O)cc(C)c3cnc(Nc4ccc(N5CCN(CCCCCC(=O)N[C@H](C(=O)N6C[C@H](O)C[C@H]6C(=O)NCc6ccc(-c7scnc7C)cc6)C(C)(C)C)CC5)cc4OC)nc32)c1,1,IC50,7.71,1,CHEMBL4753700
COc1cc2nccc(Oc3ccc(NC(=O)C(OC(=O)c4ccc(F)cc4)C(C)(C)C)cc3F)c2cc1OC,0,IC50 (>),5.0,1,CHEMBL4779315
COc1ccc(C2N=C(C(N)=O)c3ncn(-c4ccc(F)cc4)c3N2)cc1OC,1,IC50,6.21,1,CHEMBL4793639
CC(C)c1ccc(C2N=C(C(N)=O)c3ncn(-c4ccc(F)cc4)c3N2)cc1,1,IC50,6.15,1,CHEMBL4795888
COc1ccc(C2N=C(C(N)=O)c3ncn(-c4ccc(N5CCN(C)CC5)c([N+](=O)[O-])c4)c3N2)cc1OC,1,IC50,6.63,1,CHEMBL4750343
C=CC(=O)Nc1ccc(OC)c(Nc2cc(-n3c(SC)nnc3-c3ccc(F)cc3)ccn2)c1,1,IC50,6.83,2,CHEMBL4778502
C=CC(=O)Nc1cc(Nc2cc(-n3c(SC)nnc3-c3ccc(F)cc3)ccn2)c(OC)cc1N(C)CCN(C)C,1,IC50,7.37,2,CHEMBL4798177
C=CC(=O)Nc1cc(Nc2cc(-n3c(SC)nnc3-c3ccc(F)cc3)ccn2)c(OC)cc1N1CCCN(C)CC1,1,IC50,6.81,2,CHEMBL4786701
C=CC(=O)Nc1cc(Nc2cc(-n3c(SC)nnc3-c3ccc(F)cc3)ccn2)ccc1N(C)CCN(C)C,1,IC50,6.81,2,CHEMBL4798480
C=CC(=O)Nc1cc(Nc2nccc(-n3cc(CN(C)C)c(-c4ccccc4)n3)n2)c(OC)cc1N1CCOCC1,1,IC50,8.57,7,CHEMBL4558324
C=CC(=O)Nc1cccc(Nc2cc(-n3c(CCCO)nnc3-c3ccc(F)cc3)ccn2)c1,1,IC50,6.84,2,CHEMBL4788364
C=CC(=O)Nc1cccc(Nc2cc(-n3c(SC)nnc3-c3ccc(F)cc3)ccn2)c1,1,IC50,6.63,1,CHEMBL4787536
C=CC(=O)Nc1cc(Nc2cc(-n3c(SC)nnc3-c3ccc(F)cc3)ccn2)c(OC)cc1N1CCC(N2CCOCC2)CC1,1,IC50,6.95,1,CHEMBL4753387
C=CC(=O)Nc1cc(Nc2nccc(-c3cn(C4CC4)c4ccccc34)n2)c(OC)cc1[S+]([O-])CCN(C)C,1,IC50,9.59,3,CHEMBL4796010
C=CC(=O)Nc1cc(Nc2ncc(C(F)(F)F)c(-c3cn(C4CC4)c4ccccc34)n2)c(OC)cc1N(C)CCN(C)C,1,IC50,7.92,2,CHEMBL4747078
C=CC(=O)Nc1cc(Nc2ncc(C(F)(F)F)c(-c3cn(C4COC4)c4ccccc34)n2)c(OC)cc1N(C)CCN(C)C,1,IC50,9.77,2,CHEMBL4792967
C=CC(=O)Nc1cc(Nc2nccc(-c3cn(C4CC4)c4ccccc34)n2)c(OC)cc1N(C)CCN(C)C,1,IC50,9.74,4,CHEMBL4761468
C=CCn1cc(-c2ccnc(Nc3cc(NC(=O)C=C)c(N(C)CCN(C)C)cc3OC)n2)c2ccccc21,1,IC50,8.82,4,CHEMBL4800367
C#CCn1cc(-c2ccnc(Nc3cc(NC(=O)C=C)c(N(C)CCN(C)C)cc3OC)n2)c2ccccc21,1,IC50,9.0,4,CHEMBL4790568
C=CC(=O)Nc1cc(Nc2nccc(-c3cn(CCO)c4ccccc34)n2)c(OC)cc1N(C)CCN(C)C,1,IC50,9.07,4,CHEMBL4745195
C=CC(=O)Nc1cc(Nc2nccc(-c3cn(S(=O)(=O)N(C)C)c4ccccc34)n2)c(OC)cc1N(C)CCN(C)C,1,IC50,9.7,4,CHEMBL4747958
C=CC(=O)Nc1cc(Nc2nccc(-c3cn(C(C)=O)c4ccccc34)n2)c(OC)cc1N(C)CCN(C)C,1,IC50,8.68,4,CHEMBL4744138
C=CC(=O)Nc1cc(Nc2nccc(-c3cn(C4COC4)c4ccccc34)n2)c(OC)cc1N(C)CCN(C)C,1,IC50,9.02,2,CHEMBL4756020
Cc1cc(Nc2nc(Nc3ccccc3S(=O)(=O)C(C)C)c3c(C)[nH]nc3n2)c(OC(C)C)cc1C1CCN(C)CC1,1,IC50,6.02,1,CHEMBL3651854
OC[C@@H](Nc1ncnc2[nH]c(-c3ccccc3)cc12)c1ccccc1,1,IC50,9.4,2,CHEMBL4780286
COc1ccccc1-c1cc2c(N[C@H](CO)c3ccccc3)ncnc2[nH]1,1,IC50,9.4,2,CHEMBL4783569
C[C@@H](Nc1ncnc2[nH]c(-c3ccc(S(C)(=O)=O)cc3)cc12)c1ccccc1,1,IC50,9.4,1,CHEMBL4795296
C[C@@H](Nc1ncnc2[nH]c(-c3ccc(S(N)(=O)=O)cc3)cc12)c1ccccc1,1,IC50,9.15,1,CHEMBL4751641
C[C@@H](Nc1ncnc2[nH]c(-c3ccc(C(N)=O)cc3)cc12)c1ccccc1,1,IC50,9.1,1,CHEMBL4791195
C[C@@H](Nc1ncnc2[nH]c(-c3ccc(NS(C)(=O)=O)cc3)cc12)c1ccccc1,1,IC50,9.52,1,CHEMBL4743998
CC(=O)Nc1ccc(-c2cc3c(N[C@H](C)c4ccccc4)ncnc3[nH]2)cc1,1,IC50,9.15,1,CHEMBL4744798
C[C@@H](Nc1ncnc2[nH]c(-c3ccncc3)cc12)c1ccccc1,1,IC50,9.22,1,CHEMBL4741922
C[C@@H](Nc1ncnc2[nH]c(-c3ccc(C(=O)O)cc3)cc12)c1ccccc1,1,IC50,8.96,1,CHEMBL4779711
C[C@@H](Nc1ncnc2[nH]c(-c3cccc(C(N)=O)c3)cc12)c1ccccc1,1,IC50,8.85,1,CHEMBL4776056
CCOc1ccccc1-c1cc2c(N[C@H](C)c3ccccc3)ncnc2[nH]1,1,IC50,9.52,1,CHEMBL4785569
CC(C)Oc1ccccc1-c1cc2c(N[C@H](C)c3ccccc3)ncnc2[nH]1,1,IC50,9.22,1,CHEMBL4746770
C[C@@H](Nc1ncnc2[nH]c(-c3ccccc3OC(F)F)cc12)c1ccccc1,1,IC50,9.1,1,CHEMBL4746697
C[C@@H](Nc1ncnc2[nH]c(-c3ccccc3OC(F)(F)F)cc12)c1ccccc1,1,IC50,8.37,1,CHEMBL4800697
COc1cccc(OC)c1-c1cc2c(N[C@H](C)c3ccccc3)ncnc2[nH]1,1,IC50,9.22,1,CHEMBL4170121
COc1cc(C(N)=O)ccc1-c1cc2c(N[C@H](C)c3ccccc3)ncnc2[nH]1,1,IC50,9.4,1,CHEMBL4757806
COc1cc(NS(C)(=O)=O)ccc1-c1cc2c(N[C@H](C)c3ccccc3)ncnc2[nH]1,1,IC50,9.15,1,CHEMBL4778894
COc1cc(CNCCN(C)C)ccc1-c1cc2c(N[C@H](C)c3ccccc3)ncnc2[nH]1,1,IC50,10.0,1,CHEMBL4759003
[2H]C([2H])([2H])Oc1ccccc1-c1cc2c(N[C@H](CO)c3ccccc3)ncnc2[nH]1,1,IC50,9.4,1,CHEMBL4793053
CCOc1ccccc1-c1cc2c(N[C@H](CO)c3ccccc3)ncnc2[nH]1,1,IC50,9.7,1,CHEMBL4776396
CS(=O)(=O)Nc1ccc(-c2cc3c(N[C@H](CO)c4ccccc4)ncnc3[nH]2)cc1,1,IC50,9.3,1,CHEMBL4763315
CS(=O)(=O)c1ccc(-c2cc3c(N[C@H](CO)c4ccccc4)ncnc3[nH]2)cc1,1,IC50,9.1,1,CHEMBL4740295
NC(=O)Cc1cccc(-c2cc3c(N[C@H](CO)c4ccccc4)ncnc3[nH]2)c1,1,IC50,9.15,1,CHEMBL4759127
COc1cc(C(N)=O)ccc1-c1cc2c(N[C@H](CO)c3ccccc3)ncnc2[nH]1,1,IC50,9.3,1,CHEMBL4776751
COc1cc(NS(C)(=O)=O)ccc1-c1cc2c(N[C@H](CO)c3ccccc3)ncnc2[nH]1,1,IC50,9.52,1,CHEMBL4740573
COc1cc(NC(C)=O)ccc1-c1cc2c(N[C@H](CO)c3ccccc3)ncnc2[nH]1,1,IC50,9.1,1,CHEMBL4764993
OC[C@@H](Nc1ncnc2[nH]c(-c3ccncc3)cc12)c1ccccc1,1,IC50,8.7,1,CHEMBL4780965
OC[C@@H](Nc1ncnc2[nH]c(-c3cccnc3)cc12)c1ccccc1,1,IC50,8.66,1,CHEMBL4789312
COc1cnccc1-c1cc2c(N[C@H](CO)c3ccccc3)ncnc2[nH]1,1,IC50,9.22,1,CHEMBL4749862
CN(C)CCNCc1ccc(-c2cc3c(N[C@H](CO)c4ccccc4)ncnc3[nH]2)cc1,1,IC50,9.52,1,CHEMBL4748320
COc1cc(CNCCS(C)(=O)=O)ccc1-c1cc2c(N[C@H](CO)c3ccccc3)ncnc2[nH]1,1,IC50,9.4,1,CHEMBL4784777
COc1cc(CNCCN(C)C)ccc1-c1cc2c(N[C@H](CO)c3ccccc3)ncnc2[nH]1,1,IC50,9.52,1,CHEMBL4787816
COc1cc(CNCCN2CCOCC2)ccc1-c1cc2c(N[C@H](CO)c3ccccc3)ncnc2[nH]1,1,IC50,10.0,1,CHEMBL4787951
COc1cc(CNCCN2CCCCC2)ccc1-c1cc2c(N[C@H](CO)c3ccccc3)ncnc2[nH]1,1,IC50,10.0,1,CHEMBL4778248
COc1cc(CNCCN2CCNCC2)ccc1-c1cc2c(N[C@H](CO)c3ccccc3)ncnc2[nH]1,1,IC50,10.0,1,CHEMBL4742081
CN(C)CCNCc1cc(-c2cc3c(N[C@H](CO)c4ccccc4)ncnc3[nH]2)ccc1F,1,IC50,8.92,1,CHEMBL4749064
OCc1cc(-c2cc3c(N[C@H](CO)c4ccccc4)ncnc3[nH]2)ccc1F,1,IC50,8.8,1,CHEMBL4748149
CN(C)CCNCc1ccc(-c2cc3c(N[C@H](CO)c4ccccc4)ncnc3[nH]2)cc1F,1,IC50,10.0,1,CHEMBL4748367
OCc1ccc(-c2cc3c(N[C@H](CO)c4ccccc4)ncnc3[nH]2)cc1F,1,IC50,9.22,1,CHEMBL4789027
COc1cc(CN(C)CCN(C)C)ccc1-c1cc2c(N[C@H](CO)c3ccccc3)ncnc2[nH]1,1,IC50,10.0,1,CHEMBL4784258
COC[C@@H](Nc1ncnc2[nH]c(-c3ccc(CO)cc3OC)cc12)c1ccccc1,1,IC50,9.3,1,CHEMBL4792577
COC[C@@H](Nc1ncnc2[nH]c(-c3ccccc3OC(F)F)cc12)c1ccccc1,1,IC50,8.89,1,CHEMBL4794073
OCC[C@@H](Nc1ncnc2[nH]c(-c3ccccc3)cc12)c1ccccc1,1,IC50,9.3,1,CHEMBL4786776
CCOc1ccccc1-c1cc2c(N[C@H](CCO)c3ccccc3)ncnc2[nH]1,1,IC50,10.0,1,CHEMBL4760328
Cn1c(-c2ccccc2)cc2c(N[C@H](CO)c3ccccc3)ncnc21,1,IC50,6.05,1,CHEMBL4753008
COc1cc(CO)ccc1-c1cc2c(N[C@H](CO)c3ccccc3)ncnc2[nH]1,1,IC50,9.7,1,CHEMBL4164805
OCc1ccc(-c2cc3c(N[C@H](CO)c4ccccc4)ncnc3[nH]2)cc1,1,IC50,9.7,1,CHEMBL4175024
C=CC(=O)N1CCC(Cn2cc(-c3ccc4c(c3)OCO4)c3c(N)ncnc32)CC1,0,IC50 (>),5.0,1,CHEMBL4755698
O=C(Nc1cc2c(Nc3ccc(OCc4ccccn4)c(Cl)c3)ncnc2cc1OCCCN1CCOCC1)c1cc([N+](=O)[O-])ccc1F,1,IC50,7.41,3,CHEMBL4747893
N#Cc1cccc(Oc2ccc(Nc3ncnc4cc(OCCCN5CCOCC5)c(NC(=O)c5cc([N+](=O)[O-])ccc5F)cc34)cc2Cl)c1,1,IC50,6.77,3,CHEMBL4757531
Cc1ccc(Oc2ccc(Nc3ncnc4cc(OCCCN5CCOCC5)c(NC(=O)c5cc([N+](=O)[O-])ccc5F)cc34)cc2Cl)cn1,1,IC50,6.41,3,CHEMBL4756049
CN(C)CCOc1ccc(Nc2ncnc3cc(OCCCN4CCOCC4)c(NC(=O)c4cc([N+](=O)[O-])ccc4F)cc23)cc1Cl,1,IC50,6.89,3,CHEMBL4755444
COCCOc1ccc(Nc2ncnc3cc(OCCCN4CCOCC4)c(NC(=O)c4cc([N+](=O)[O-])ccc4F)cc23)cc1Cl,1,IC50,6.68,3,CHEMBL4790485
O=C(Nc1cc2c(Nc3ccc(OCC4CC4)c(Cl)c3)ncnc2cc1OCCCN1CCOCC1)c1cc([N+](=O)[O-])ccc1F,1,IC50,7.15,3,CHEMBL4777554
N#Cc1ccc(Nc2ncnc3cc(OCCCN4CCOCC4)c(NC(=O)c4cc([N+](=O)[O-])ccc4F)cc23)cc1Cl,1,IC50,6.32,1,CHEMBL4784185
O=C(Nc1cc2c(Nc3ccc(F)cc3)ncnc2cc1OCCCN1CCOCC1)c1cc([N+](=O)[O-])ccc1F,1,IC50,6.96,3,CHEMBL4763697
O=C(Nc1cc2c(Nc3ccc(F)c(F)c3)ncnc2cc1OCCCN1CCOCC1)c1cc([N+](=O)[O-])ccc1F,1,IC50,7.96,3,CHEMBL4763967
CN(C)CCCOc1cc2ncnc(Nc3ccc(F)c(Cl)c3)c2cc1NC(=O)c1cc([N+](=O)[O-])ccc1F,1,IC50,8.51,3,CHEMBL4745521
CN(C)CCOc1cc2ncnc(Nc3ccc(F)c(Cl)c3)c2cc1NC(=O)c1cc([N+](=O)[O-])ccc1F,1,IC50,8.04,3,CHEMBL4796407
CN1CCN(CCOc2cc3ncnc(Nc4ccc(F)c(Cl)c4)c3cc2NC(=O)c2cc([N+](=O)[O-])ccc2F)CC1,1,IC50,8.77,3,CHEMBL4753193
CC(=O)N1CCN(CCCOc2cc3ncnc(Nc4ccc(F)c(Cl)c4)c3cc2NC(=O)c2cc([N+](=O)[O-])ccc2F)CC1,1,IC50,8.28,3,CHEMBL4793852
CN1CCN(CCCOc2cc3ncnc(Nc4ccc(F)c(Cl)c4)c3cc2NC(=O)c2cc([N+](=O)[O-])ccc2F)CC1,1,IC50,8.42,3,CHEMBL4757724
O=C(Nc1cc2c(Nc3ccc(F)c(Cl)c3)ncnc2cc1OCCCN1CCNCC1)c1cc([N+](=O)[O-])ccc1F,1,IC50,9.22,3,CHEMBL4792426
COc1cc2ncnc(Nc3ccc(F)c(Cl)c3)c2cc1NC(=O)c1cc([N+](=O)[O-])ccc1F,1,IC50,7.46,3,CHEMBL4743173
O=C(Nc1cc2c(Nc3ccc(F)c(Cl)c3)ncnc2cc1F)c1cc([N+](=O)[O-])ccc1F,1,IC50,7.96,3,CHEMBL4790583
O=C(Nc1cc2c(Nc3ccc(F)c(Cl)c3)ncnc2cc1OCCCN1CCOCC1)c1cc([N+](=O)[O-])ccc1F,1,IC50,8.89,3,CHEMBL4750196
CN(C)CCCCOc1cc2ncnc(Nc3ccc(F)c(Cl)c3)c2cc1NC(=O)c1cc([N+](=O)[O-])ccc1F,1,IC50,8.42,2,CHEMBL4777353
O=C(Nc1cc2c(Nc3ccc(OCc4cccc(F)c4)c(Cl)c3)ncnc2cc1OCCCN1CCOCC1)c1cc([N+](=O)[O-])ccc1F,1,IC50,7.55,1,CHEMBL4749765
O=[N+]([O-])c1ccc(F)c(CNc2cc3c(Nc4ccc(F)c(Cl)c4)ncnc3cc2OCCCN2CCOCC2)c1,1,IC50,6.62,1,CHEMBL4751768
O=C(Nc1cc2c(Nc3ccc(F)c(Cl)c3)ncnc2cc1OCCCN1CCOCC1)c1cccnc1F,1,IC50,8.37,1,CHEMBL4752951
O=C(Nc1cc2c(Nc3ccc(F)c(Cl)c3)ncnc2cc1OCCCN1CCOCC1)c1cccc([N+](=O)[O-])c1,1,IC50,7.29,1,CHEMBL4759414
O=C(Nc1cc2c(Nc3ccc(F)c(Cl)c3)ncnc2cc1OCCCN1CCOCC1)c1ccccc1F,1,IC50,8.52,1,CHEMBL4790655
O=C(Nc1cc2c(Nc3ccc(F)c(Cl)c3)ncnc2cc1OCCCN1CCOCC1)c1cc(F)cc(F)c1F,1,IC50,6.44,1,CHEMBL4762998
O=C(Nc1cc2c(Nc3ccc(F)c(Cl)c3)ncnc2cc1OCCCN1CCOCC1)c1cc(F)ccc1[N+](=O)[O-],1,IC50,7.37,1,CHEMBL4750608
O=C(Nc1cc2c(Nc3ccc(F)c(Cl)c3)ncnc2cc1OCCCN1CCOCC1)c1cc([N+](=O)[O-])ccc1Cl,1,IC50,8.08,1,CHEMBL4782025
CS(=O)(=O)c1ccc(F)c(C(=O)Nc2cc3c(Nc4ccc(F)c(Cl)c4)ncnc3cc2OCCCN2CCOCC2)c1,1,IC50,7.24,1,CHEMBL4760606
N#Cc1ccc(F)c(C(=O)Nc2cc3c(Nc4ccc(F)c(Cl)c4)ncnc3cc2OCCCN2CCOCC2)c1,1,IC50,8.89,1,CHEMBL4789811
O=C(Nc1cc2c(Nc3ccc(F)c(Cl)c3)ncnc2cc1OCCCN1CCOCC1)c1cccc([N+](=O)[O-])c1Cl,1,IC50,7.85,1,CHEMBL4743566
O=C(Nc1cc2c(Nc3ccc(F)c(Cl)c3)ncnc2cc1OCCCN1CCOCC1)c1cccc(C(F)(F)F)c1F,1,IC50,7.52,1,CHEMBL4760864
O=C(Nc1cc2c(Nc3ccc(F)c(Cl)c3)ncnc2cc1OCCCN1CCOCC1)c1cccc([N+](=O)[O-])c1F,1,IC50,7.89,1,CHEMBL4754811
O=C(Nc1cc2c(Nc3ccc(F)c(Cl)c3)ncnc2cc1OCCCN1CCOCC1)c1cccc(F)c1F,1,IC50,7.54,1,CHEMBL4741678
O=C(Nc1cc2c(Nc3ccc(F)c(Cl)c3)ncnc2cc1OCCCN1CCOCC1)c1ccccc1,1,IC50,7.57,1,CHEMBL4755832
CS(=O)(=O)c1cccc(C(=O)Nc2cc3c(Nc4ccc(F)c(Cl)c4)ncnc3cc2OCCCN2CCOCC2)c1F,1,IC50,7.62,1,CHEMBL4776057
CN1CCN(c2ccc(Nc3ncc4nc(Nc5ccc(F)cc5)n([C@H]5CCCN(C(=O)CO)C5)c4n3)cc2)CC1,1,IC50,7.39,1,CHEMBL4797395
CN1CCN(c2ccc(Nc3ncc4nc(Nc5ccc(F)cc5)n([C@@H]5CCN(S(=O)(=O)C6CC6)C5)c4n3)cc2)CC1,1,IC50,7.66,1,CHEMBL4752022
CN1CCN(c2ccc(Nc3ncc4nc(Nc5ccccc5)n([C@@H]5CCN(S(=O)(=O)C6CC6)C5)c4n3)cc2)CC1,1,IC50,7.75,2,CHEMBL4786787
CNC(=O)CN1CC[C@H](n2c(Nc3ccc(F)cc3)nc3cnc(Nc4ccc(N5CCN(C)CC5)cc4)nc32)C1,1,IC50,6.25,1,CHEMBL4758107
CN1CCN(c2ccc(Nc3ncc4nc(Nc5ccccc5)n([C@H]5CCN(S(=O)(=O)C6CC6)C5)c4n3)cc2)CC1,1,IC50,7.75,2,CHEMBL4795878
CN1CCN(c2ccc(Nc3ncc4nc(Nc5ccc(F)cc5)n([C@H]5CCN(C(=O)OC(C)(C)C)C5)c4n3)cc2)CC1,1,IC50,6.91,1,CHEMBL4780903
COc1ccc(-c2c3c4cc(OC)c(O)cc4[nH]c(=O)c3n3ccc4cc(O)c(OC)cc4c23)cc1O,1,IC50,6.87,2,CHEMBL4741925
COc1ccc(-c2c3c4cc(OC)c(OC)cc4[nH]c(=O)c3n3ccc4cc(O)c(OC)cc4c23)cc1O,1,IC50,7.18,2,CHEMBL4792673
COc1ccc(-c2c3c4cc(OC)c(OCCCN(C)C)cc4[nH]c(=O)c3n3ccc4cc(O)c(OC)cc4c23)cc1O,1,IC50,8.24,2,CHEMBL4746895
COc1ccc(-c2c3c4cc(O)c(OCCCN(C)C)cc4[nH]c(=O)c3n3ccc4cc(O)c(OC)cc4c23)cc1O,1,IC50,7.99,2,CHEMBL4782900
COc1ccc(-c2c3c4cc(OCCCN(C)C)c(O)cc4[nH]c(=O)c3n3ccc4cc(O)c(OC)cc4c23)cc1O,1,IC50,7.78,2,CHEMBL4750158
COc1ccc(-c2c3c4cc(OCCCN(C)C)c(OCCCN(C)C)cc4[nH]c(=O)c3n3ccc4cc(O)c(OC)cc4c23)cc1O,1,IC50,8.77,2,CHEMBL4791596
O=C(CCCCCCC(=O)Nc1ccccc1)NO,1,IC50,7.92,2,CHEMBL98
C=CC(=O)Nc1ccc2ncnc(Nc3ccc(C(=O)Nc4ccccn4)cc3)c2c1,1,IC50,8.42,1,CHEMBL4779297
C=CC(=O)Nc1ccc2ncnc(Oc3ccc(C(=O)Nc4ccccn4)cc3)c2c1,1,IC50,7.96,1,CHEMBL4798086
C=CC(=O)Nc1ccc2nccc(Oc3ccc(C(=O)Nc4ccccn4)cc3)c2c1,1,IC50,6.8,1,CHEMBL4745935
C=CC(=O)Nc1ccc2nccc(Oc3ccc(C(=O)Nc4cc(CC)ccn4)cc3)c2c1,1,IC50,6.7,2,CHEMBL4752700
CN(C)C/C=C/C(=O)Nc1ccc2nccc(Oc3ccc(C(=O)Nc4ccccn4)cc3)c2c1,1,IC50,6.56,1,CHEMBL4787517
COCC#CC(=O)Nc1ccc2nccc(Oc3ccc(C(=O)Nc4ccccn4)cc3)c2c1,1,IC50,7.8,1,CHEMBL4744536
O=C(C#CCO)Nc1ccc2nccc(Oc3ccc(C(=O)Nc4ccccn4)cc3)c2c1,1,IC50,8.2,1,CHEMBL4791702
O=C(C#CCN1CCOCC1)Nc1ccc2nccc(Oc3ccc(C(=O)Nc4ccccn4)cc3)c2c1,1,IC50,7.89,1,CHEMBL4763873
O=C(C#CCCN1CCOCC1)Nc1ccc2nccc(Oc3ccc(C(=O)Nc4ccccn4)cc3)c2c1,1,IC50,7.09,1,CHEMBL4792062
CCN1CCN(CC#CC(=O)Nc2ccc3nccc(Oc4ccc(C(=O)Nc5ccccn5)cc4)c3c2)CC1,1,IC50,7.26,1,CHEMBL4796130
CC#CC(=O)Nc1cc2c(Oc3ccc(C(=O)Nc4ccccn4)cc3)ccnc2cc1OCCCN1CCN(C)CC1,1,IC50,6.63,1,CHEMBL4756092
COCC#CC(=O)Nc1cc2c(Oc3ccc(C(=O)Nc4ccccn4)cc3)ccnc2cc1OC,1,IC50,7.92,1,CHEMBL4794213
COc1cc2nccc(Oc3ccc(C(=O)Nc4ccccn4)cc3)c2cc1NC(=O)C#CCCN1CCOCC1,1,IC50,7.48,2,CHEMBL4755977
COc1cc2nccc(Oc3ccc(C(=O)Nc4ccccn4)cc3)c2cc1NC(=O)C#CCN1CCOCC1,1,IC50,7.62,1,CHEMBL4759528
CC(C)n1cnnc1-c1cccc(N2Cc3ccccc3C2=O)n1,0,IC50 (>),4.7,1,CHEMBL3952214
CC(C)n1cnnc1-c1cccc(NC(=O)C2CCCCO2)n1,0,IC50 (>),4.7,1,CHEMBL4759397
Cn1c(-c2csc(NN=C3CCCC3)n2)nc2ccccc21,1,IC50,6.96,1,CHEMBL4780058
Cn1c(-c2csc(NN=C3CCCCC3)n2)nc2ccccc21,1,IC50,6.55,1,CHEMBL4747759
Cc1ccc(/C=N\Nc2nc(-c3nc4ccccc4n3C)cs2)cc1,1,IC50,6.82,1,CHEMBL4783948
COc1ccc(/C=N\Nc2nc(-c3nc4ccccc4n3C)cs2)cc1,1,IC50,6.51,1,CHEMBL4794131
COc1ccc(/C=N\Nc2nc(-c3nc4ccccc4n3C)cs2)cc1OC,1,IC50,6.68,1,CHEMBL4740646
COc1cc(/C=N\Nc2nc(-c3nc4ccccc4n3C)cs2)cc(OC)c1OC,1,IC50,6.21,1,CHEMBL4758204
Cn1c(-c2csc(N/N=C\c3ccc([N+](=O)[O-])cc3)n2)nc2ccccc21,1,IC50,7.07,1,CHEMBL4753631
CN(C)c1ccc(/C=N\Nc2nc(-c3nc4ccccc4n3C)cs2)cc1,1,IC50,6.98,1,CHEMBL4786168
Cn1c(-c2csc(N/N=C\c3ccc(F)cc3)n2)nc2ccccc21,1,IC50,6.6,1,CHEMBL4752843
Cn1c(-c2csc(N/N=C\c3ccc(Br)cc3)n2)nc2ccccc21,1,IC50,6.39,1,CHEMBL4746321
Cn1c(-c2csc(N/N=C\c3ccc(Cl)cc3Cl)n2)nc2ccccc21,1,IC50,6.29,1,CHEMBL4762604
Cc1ccc(/C=N\Nc2nc(-c3nc4ccccc4n3C)cs2)o1,1,IC50,6.67,1,CHEMBL4746023
Cn1c(-c2csc(N/N=C\c3ccc([N+](=O)[O-])o3)n2)nc2ccccc21,1,IC50,7.14,1,CHEMBL4750734
Cn1c(-c2csc(N/N=C\c3cccs3)n2)nc2ccccc21,1,IC50,6.11,1,CHEMBL4763960
Cn1c(-c2csc(N/N=C\C3CCCN3)n2)nc2ccccc21,1,IC50,6.47,1,CHEMBL4749518
Cn1c(-c2csc(N/N=C\c3ccncc3)n2)nc2ccccc21,1,IC50,6.25,1,CHEMBL4796408
C=C(Cl)C(=O)Nc1cccc(Nc2nc(Nc3ccc(N4CCN(C(C)=O)CC4)cc3)ncc2Cl)c1,1,IC50,8.41,2,CHEMBL4793105
C=C(Cl)C(=O)Nc1cccc(Nc2nc(Nc3ccc(N4CCN(C(C)=O)CC4)c(C)c3)ncc2Cl)c1,1,IC50,8.59,2,CHEMBL4745868
C=C(Cl)C(=O)Nc1cccc(Nc2nc(Nc3ccc(N4CCN(C(C)=O)CC4)cc3OC)ncc2C(F)(F)F)c1,1,IC50,7.8,2,CHEMBL4746377
C=C(Cl)C(=O)Nc1cccc(Nc2nc(Nc3ccc(N4CCN(C(C)=O)CC4)c(Cl)c3)ncc2Cl)c1,1,IC50,8.49,2,CHEMBL4776012
C=C(Cl)C(=O)Nc1cccc(Nc2nc(Nc3ccc(N4CCN(C(C)=O)CC4)cc3Cl)ncc2Cl)c1,1,IC50,7.33,2,CHEMBL4776073
C=C(Cl)C(=O)Nc1cccc(Nc2nc(Nc3ccc(N4CCN(C(C)=O)CC4)nc3)ncc2Cl)c1,1,IC50,8.12,2,CHEMBL4740234
C=C(Cl)C(=O)Nc1cccc(Oc2nc(Nc3ccc(N4CCN(C(C)=O)CC4)cc3)ncc2Cl)c1,1,IC50,7.89,2,CHEMBL4785849
C=C(F)C(=O)Nc1cccc(Nc2nc(Nc3ccc(N4CCN(C(C)=O)CC4)cc3)ncc2Cl)c1,1,IC50,6.67,1,CHEMBL4794857
C=C(F)C(=O)Nc1cccc(Nc2nc(Nc3ccc(N4CCN(C(C)=O)CC4)c(C)c3)ncc2Cl)c1,1,IC50,6.76,1,CHEMBL4789716
C=CC(=O)Nc1cccc(Oc2nc(Nc3ccc(OC)cc3)nc3c2CSCC3)c1,1,IC50,7.55,3,CHEMBL4780534
C=CC(=O)Nc1cccc(Oc2nc(Nc3cccc(OC)c3)nc3c2CSCC3)c1,1,IC50,6.2,1,CHEMBL4776833
C#Cc1cccc(Nc2ncnc3cc4c(cc23)OCCO4)c1,1,IC50,7.31,1,CHEMBL4453068
C#Cc1cccc(Nc2ncnc3cc4c(cc23)OCCO4)c1F,1,IC50,7.71,1,CHEMBL4750375
N#Cc1cccc(Nc2ncnc3cc4c(cc23)OCCO4)c1F,1,IC50,7.66,1,CHEMBL4743464
Fc1c(Cl)cccc1Nc1ncnc2cc3c(cc12)OCCO3,1,IC50,8.41,1,CHEMBL4744655
Fc1c(Br)cccc1Nc1ncnc2cc3c(cc12)OCCO3,1,IC50,8.6,1,CHEMBL4743220
Fc1c(I)cccc1Nc1ncnc2cc3c(cc12)OCCO3,1,IC50,7.98,1,CHEMBL4759031
Fc1c(Nc2ncnc3cc4c(cc23)OCCO4)cccc1C(F)(F)F,1,IC50,7.38,1,CHEMBL4759650
N#Cc1cccc(Nc2ncnc3cc4c(cc23)OCCO4)c1,1,IC50,7.62,1,CHEMBL4778159
Clc1cccc(Nc2ncnc3cc4c(cc23)OCCO4)c1,1,IC50,8.19,1,CHEMBL4740063
Brc1cccc(Nc2ncnc3cc4c(cc23)OCCO4)c1,1,IC50,7.87,1,CHEMBL1198370
Oc1c(Br)cccc1Nc1ncnc2cc3c(cc12)OCCO3,1,IC50,6.3,1,CHEMBL4786797
Fc1ccc(Nc2ncnc3cc4c(cc23)OCCO4)c(F)c1Br,1,IC50,7.81,1,CHEMBL4793453
Fc1c(Nc2ncnc3cc4c(cc23)OCCO4)ccc(Cl)c1Br,1,IC50,7.79,1,CHEMBL4762453
Fc1c(Nc2ncnc3cc4c(cc23)OCCO4)ccc(Br)c1Br,1,IC50,7.68,1,CHEMBL4794223
Fc1cc(Br)c(F)c(Nc2ncnc3cc4c(cc23)OCCO4)c1,1,IC50,8.21,1,CHEMBL4783428
Fc1c(Br)cc(Cl)cc1Nc1ncnc2cc3c(cc12)OCCO3,1,IC50,6.11,1,CHEMBL4793944
Fc1c(Nc2ncnc3cc4c(cc23)OCCO4)ccc(Cl)c1Cl,1,IC50,7.6,1,CHEMBL4744207
Fc1ccc(Br)cc1Nc1ncnc2cc3c(cc12)OCCO3,1,IC50,8.12,1,CHEMBL4791756
Fc1ccc(Br)c(F)c1Nc1ncnc2cc3c(cc12)OCCO3,1,IC50,8.0,1,CHEMBL4786961
Fc1cccc(Nc2ncnc3cc4c(cc23)OCCO4)c1F,1,IC50,7.72,1,CHEMBL4749501
CNc1nc(C)c(C(=O)/C=C/c2nccs2)s1,1,IC50,6.59,1,CHEMBL4798434
CNc1nc(C)c(C(=O)/C=C/c2ccsc2)s1,1,IC50,6.84,1,CHEMBL4797515
CNc1nc(C)c(C(=O)/C=C/c2ccc(O)cc2)s1,1,IC50,7.47,1,CHEMBL4750368
[2H]C([2H])=CC(=O)Nc1cc(Nc2nccc(-c3cn(C([2H])([2H])[2H])c4ccccc34)n2)c(OC)cc1N(C)CCN(C)C,1,IC50,8.77,2,CHEMBL4741340
C=CC(=O)Nc1cc2c(Nc3cccc(Cl)c3F)ncnc2cc1OCc1cn(CCC(=O)NO)nn1,1,IC50,9.47,3,CHEMBL4759697
C=CC(=O)Nc1cc2c(Nc3cccc(Cl)c3F)ncnc2cc1OCc1cn(CCCC(=O)NO)nn1,1,IC50,9.44,3,CHEMBL4794998
C=CC(=O)Nc1cc2c(Nc3cccc(Cl)c3F)ncnc2cc1OCc1cn(CCCCC(=O)NO)nn1,1,IC50,9.36,3,CHEMBL4783641
C=CC(=O)Nc1cc2c(Nc3ccc(F)c(Cl)c3)ncnc2cc1OCc1cn(CCC(=O)NO)nn1,1,IC50,9.48,3,CHEMBL4793338
C=CC(=O)Nc1cc2c(Nc3ccc(F)c(Cl)c3)ncnc2cc1OCc1cn(CCCC(=O)NO)nn1,1,IC50,9.46,3,CHEMBL4759072
C=CC(=O)Nc1cc2c(Nc3ccc(F)c(Cl)c3)ncnc2cc1OCc1cn(CCCCC(=O)NO)nn1,1,IC50,9.46,3,CHEMBL4744985
C=CC(=O)Nc1cc2c(Nc3ccc(OCc4cccc(F)c4)c(Cl)c3)ncnc2cc1OCc1cn(CCC(=O)NO)nn1,1,IC50,8.96,3,CHEMBL4758842
C=CC(=O)Nc1cc2c(Nc3ccc(OCc4cccc(F)c4)c(Cl)c3)ncnc2cc1OCc1cn(CCCC(=O)NO)nn1,1,IC50,8.74,3,CHEMBL4794670
C=CC(=O)Nc1cc2c(Nc3ccc(OCc4cccc(F)c4)c(Cl)c3)ncnc2cc1OCc1cn(CCCCC(=O)NO)nn1,1,IC50,8.82,3,CHEMBL4758761
CN(C)C/C=C/C(=O)Nc1cc2ncnc(Nc3ccc(F)c(Cl)c3)c2cc1O[C@@H]1CCOC1,1,IC50,9.49,3,CHEMBL4759112
Cc1nn(-c2ccccc2)c2nc(CC(=O)N3NC(=O)/C(=C\c4ccccc4)N=C3c3ccccc3)[nH]c(=O)c12,1,IC50,6.18,1,CHEMBL4790553
Cc1ccc(C2=N/C(=C/c3ccc(Cl)cc3)C(=O)NN2C(=O)Cc2nc3c(c(C)nn3-c3ccccc3)c(=O)[nH]2)cc1,1,IC50,6.37,1,CHEMBL4759405
COc1ccc(/C=C2/N=C(c3ccc(Cl)cc3)N(C(=O)Cc3nc4c(c(C)nn4-c4ccccc4)c(=O)[nH]3)NC2=O)cc1,1,IC50,6.64,1,CHEMBL4753913
Cc1ccc(NC(=O)c2ccc(C)c(C(F)(F)F)c2)cc1C#Cc1nn([C@H]2CC[C@H](O)CC2)c2ncnc(N)c12,1,IC50,8.1,5,CHEMBL4798527
S=C(Nc1ccc2c(c1)OCO2)Nc1c2ccccc2nc2ccccc12,1,IC50,6.31,1,CHEMBL4782320
S=C(NN=C(c1ccccc1)c1ccccc1)Nc1ccc2c(c1)OCO2,1,IC50,6.0,1,CHEMBL4789796
C=CC(=O)Nc1cccc(Nc2ncnc(Nc3ccc(C(=O)N4CCCCC4)cc3)n2)c1,1,IC50,7.51,1,CHEMBL4791249
O=c1ccc2ccc(Oc3nc(Nc4ccc(N5CCOCC5)c(F)c4)nc4ccsc34)cc2[nH]1,0,IC50 (>),5.0,1,CHEMBL4783370
CCN1CCN(c2nc(Oc3ccc4ccc(=O)[nH]c4c3)c3sccc3n2)CC1,0,IC50 (>),5.0,1,CHEMBL4794102
O=c1ccc2ccc(Oc3nc(Nc4ccc(N5CCOCC5)cc4)nc4ccsc34)cc2[nH]1,0,IC50 (>),5.0,1,CHEMBL4776694
O=c1ccc2ccc(Oc3nc(Nc4ccc(N5CCC(N6CCCCC6)CC5)cc4)nc4ccsc34)cc2[nH]1,0,IC50 (>),5.0,1,CHEMBL4800612
CN1CCN(c2ccc(Nc3nc(Oc4ccc5ccc(=O)[nH]c5c4)c4sccc4n3)cc2F)CC1,0,IC50 (>),5.0,1,CHEMBL4782898
O=c1ccc2ccc(Oc3nc(Nc4ccc(N5CCS(=O)(=O)CC5)cc4)nc4ccsc34)cc2[nH]1,0,IC50 (>),5.0,1,CHEMBL4784264
O=c1ccc2ccc(Oc3nc(Nc4ccc(CN5CCOCC5)cc4)nc4ccsc34)cc2[nH]1,0,IC50 (>),5.0,1,CHEMBL4796150
CN1CCN(c2ccc(Nc3nc(Oc4ccc5ccc(=O)[nH]c5c4)c4sccc4n3)nc2)CC1,0,IC50 (>),5.0,1,CHEMBL4798996
O=c1ccc2ccc(Oc3nc(Nc4ccc(F)cc4)nc4ccsc34)cc2[nH]1,0,IC50 (>),5.0,1,CHEMBL4778698
COc1cccc(Nc2nc(Oc3ccc4ccc(=O)[nH]c4c3)c3sccc3n2)c1,0,IC50 (>),5.0,1,CHEMBL4783097
COCC/C(=N\S(=O)(=O)Cc1ccc(Cl)cc1)Nc1ccc(Oc2ccnc3cc(OCCCN4CCOCC4)c(OC)cc23)c(F)c1,0,IC50 (>),5.0,1,CHEMBL4799113
N#Cc1ccc2c(c1)N/C(=C\C(=O)c1cccc3ccccc13)C(=O)N2,0,IC50 (>),5.0,4,CHEMBL4795574
CC(C)(C)c1cc(NC(=O)Cc2ccc(Nc3ncnc4[nH]c(-c5ccc(S(C)(=O)=O)cc5)cc34)cc2)no1,0,IC50,4.25,1,CHEMBL4791960
COc1cccc(-c2cc(-c3c(O)c4ccccc4oc3=O)nc(N)c2C#N)c1,1,IC50,7.48,1,CHEMBL4868909
CCS(=O)(=O)NNC(=O)CSc1nc2ccccc2c(=O)n1Cc1ccc2c(c1)OCO2,1,IC50,6.83,1,CHEMBL4845732
O=C(CSc1nc2ccccc2c(=O)n1Cc1ccc2c(c1)OCO2)Nc1ccccc1F,1,IC50,6.68,1,CHEMBL4850856
O=C(CSc1nc2ccccc2c(=O)n1Cc1ccc2c(c1)OCO2)Nc1ccc(I)cc1,1,IC50,6.12,1,CHEMBL4855312
COc1cc2ncnc(Nc3ccc(F)c(Cl)c3)c2cc1OCCCCC(=O)Nc1ccc(S(N)(=O)=O)cc1,1,IC50,7.74,2,CHEMBL4877054
COc1cc2ncnc(Nc3ccc(Cl)c(C(F)(F)F)c3)c2cc1OCCCCC(=O)Nc1ccc(S(N)(=O)=O)cc1,1,IC50,7.86,2,CHEMBL4861346
C#Cc1cccc(Nc2ncnc3cc(OC)c(OCCCCC(=O)Nc4ccc(S(N)(=O)=O)cc4)cc23)c1,1,IC50,7.31,2,CHEMBL4859542
COc1cc2ncnc(Nc3cccc(Cl)c3F)c2cc1OCCCCC(=O)Nc1ccc(S(N)(=O)=O)cc1,1,IC50,7.75,2,CHEMBL4855080
COc1cc2ncnc(Nc3cccc(C(F)(F)F)c3)c2cc1OCCCCC(=O)Nc1ccc(S(N)(=O)=O)cc1,1,IC50,8.04,2,CHEMBL4853833
COc1cc2ncnc(Nc3ccc(OCc4cccc(F)c4)c(Cl)c3)c2cc1OCCCCC(=O)Nc1ccc(S(N)(=O)=O)cc1,1,IC50,7.78,2,CHEMBL4873098
NS(=O)(=O)c1ccc(NC(=S)Nc2ccc3ncnc(Nc4cccc(C(F)(F)F)c4)c3c2)cc1,1,IC50,7.29,2,CHEMBL4846607
NS(=O)(=O)c1ccc(CCNC(=S)Nc2ccc3ncnc(Nc4cccc(C(F)(F)F)c4)c3c2)cc1,1,IC50,7.37,2,CHEMBL4857605
NS(=O)(=O)c1ccc(CCNC(=S)Nc2ccc3ncnc(Nc4ccc(OCc5cccc(F)c5)c(Cl)c4)c3c2)cc1,1,IC50,7.55,2,CHEMBL4848093
O=S1(=O)CC2(OCCO2)c2cc3nccc(Nc4ccc5scnc5c4)c3cc21,0,IC50 (>),5.0,1,CHEMBL4861646
O=C(CCCCCCn1cc(-c2ccc3ncnc(Nc4ccc(Br)cc4F)c3c2)nn1)NO,1,IC50,7.99,1,CHEMBL4863294
C#Cc1cccc(Nc2ncnc3cc(OC)c(OCCCCCCN/C(=N\C#N)Nc4ccncc4)cc23)c1,1,IC50,9.49,4,CHEMBL4860398
C#Cc1cccc(Nc2ncnc3cc(OC)c(OCCCCCCN/C(=N\C#N)Nc4cccnc4)cc23)c1,1,IC50,9.49,4,CHEMBL4873506
C#Cc1cccc(Nc2ncnc3cc(OC)c(OCCCCCN/C(=N\C#N)Nc4ccncc4)cc23)c1,1,IC50,9.64,4,CHEMBL4851176
C#Cc1cccc(Nc2ncnc3cc(OC)c(OCCCCCN/C(=N\C#N)Nc4cccnc4)cc23)c1,1,IC50,9.39,4,CHEMBL4852664
C#Cc1cccc(Nc2ncnc3cc(OC)c(OCCCCCCCN/C(=N\C#N)Nc4ccncc4)cc23)c1,1,IC50,9.34,6,CHEMBL4868614
C#Cc1cccc(Nc2ncnc3cc(OC)c(OCCCCCCCN/C(=N\C#N)Nc4cccnc4)cc23)c1,1,IC50,9.32,4,CHEMBL4859375
CN(/N=N\c1ccc2ncnc(Nc3cccc(Cl)c3)c2c1)C(=O)OCCl,1,IC50,9.41,1,CHEMBL4858583
CN(C(=O)NCCCl)c1ccc2ncnc(Nc3cccc(Cl)c3)c2c1,1,IC50,7.09,1,CHEMBL4857477
COc1ccc(-c2coc3cc(OCC(=O)N/C=C\c4ccc(O)cc4)ccc3c2=O)cc1,1,IC50,7.48,1,CHEMBL4856453
CCc1ccc(NCC(=O)Nn2c(-c3ccccc3)nc3ccccc3c2=O)cc1,1,IC50,6.84,1,CHEMBL4859473
O=C(CNc1ccc(Cl)cc1)Nn1c(-c2ccccc2)nc2ccccc2c1=O,1,IC50,7.09,1,CHEMBL1988225
COc1ccc(/C=C2/SC(NN3Cc4ccccc4N=C3c3ccccc3)=NC2=O)cc1,1,IC50,6.87,1,CHEMBL4849859
O=C1N=C(NN2Cc3ccccc3N=C2c2ccccc2)S/C1=C/c1ccc(O)cc1O,1,IC50,6.75,1,CHEMBL4877452
O=C1N=C(NN2Cc3ccccc3N=C2c2ccccc2)S/C1=C/c1ccccc1,1,IC50,7.18,1,CHEMBL4866476
Cc1nc2c(Br)cc(Br)cc2c(=O)n1N,1,IC50,7.14,1,CHEMBL4871569
COc1cc2ncnc(Nc3ccc(F)c(Cl)c3)c2cc1OCCCN1CC[Se]CC1,0,IC50,4.6,1,CHEMBL4858176
CC(C)Oc1cc(F)ccc1Nc1ncnc2ccc(-c3ccc(C(=O)N4CCNCC4)cc3)nc12,0,IC50 (>),5.0,1,CHEMBL4869634
Oc1cc(Nc2ccnc3cc(-c4ccccc4)ccc23)ccc1Cl,1,IC50,7.0,1,CHEMBL4873767
C#CCNC(=O)c1cc(Nc2cc(C3CC3)[nH]n2)nc(N2CCN(Cc3ccc(S(=O)(=O)F)cc3)CC2)n1,1,IC50,8.22,3,CHEMBL4855850
COc1cc(N2CCN(C(C)=O)CC2)ccc1Nc1ncc(Cl)c(Nc2cccc(NC(=O)CCl)c2)n1,1,IC50,7.65,3,CHEMBL4865792
C=CS(=O)(=O)Nc1cccc(Nc2nc(Nc3ccc(N4CCN(C(C)=O)CC4)cc3OC)ncc2Cl)c1,1,IC50,6.17,1,CHEMBL4854693
COc1cc(N2CCN(C(C)=O)CC2)ccc1Nc1ncc(Cl)c(Nc2cccc(C(=O)Oc3ccc(F)cc3)c2)n1,0,IC50 (>),5.0,1,CHEMBL4846276
COc1cc(N2CCN(C(C)=O)CC2)ccc1Nc1ncc(Cl)c(Nc2cccc(NCCS(=O)(=O)F)c2)n1,1,IC50,6.34,1,CHEMBL4873392
COc1cc(N2CCN(C(C)=O)CC2)ccc1Nc1ncc(Cl)c(Nc2cccc(NC(=O)c3cccc(S(=O)(=O)F)c3)c2)n1,1,IC50,6.32,1,CHEMBL4873600
COc1cc(N2CCN(C(C)=O)CC2)ccc1Nc1ncc(Cl)c(Nc2ccc(NCc3ccc(S(=O)(=O)F)cc3)cc2)n1,1,IC50,8.82,6,CHEMBL4866162
Cn1cc(-c2ccn3c(-c4ccc(-c5cccc(Cl)c5)s4)cnc3c2)cn1,0,IC50 (>),4.7,1,CHEMBL4847680
COc1cccc(OC)c1-c1ccc(-c2cnc3cc(-c4cnn(C)c4)ccn23)s1,0,IC50 (>),4.7,1,CHEMBL4852822
O=C(NO)c1ccccc1Nc1nc(Nc2ccc(N3CCOCC3)cc2)ncc1Cl,1,IC50,6.93,2,CHEMBL4848234
CN1CCN(c2ccc(Nc3ncc(Cl)c(Nc4ccccc4C(=O)NO)n3)cc2)CC1,1,IC50,8.18,2,CHEMBL4861707
O=C(NO)c1ccccc1Nc1nc(Nc2ccc(CN3CCOCC3)cc2)ncc1Cl,1,IC50,8.35,2,CHEMBL4858714
O=C(NO)c1ccccc1Nc1nc(Nc2ccc(OCCN3CCOCC3)cc2)ncc1Cl,1,IC50,8.96,2,CHEMBL4875985
CN1CCN(CCOc2ccc(Nc3ncc(Cl)c(Nc4ccccc4C(=O)NO)n3)cc2)CC1,1,IC50,9.12,2,CHEMBL4869024
O=C(NO)c1ccccc1Nc1nc(Nc2ccc(OCCCN3CCOCC3)cc2)ncc1Cl,1,IC50,8.9,2,CHEMBL4870560
O=C(NO)c1ccccc1Nc1nc(Nc2ccc(OCC(=O)N3CCOCC3)cc2)ncc1Cl,1,IC50,7.79,2,CHEMBL4858409
O=C(CN1CCOCC1)Nc1ccc(Nc2ncc(Cl)c(Nc3ccccc3C(=O)NO)n2)cc1,1,IC50,6.95,2,CHEMBL4849337
CNC(=O)c1ccccc1Nc1nc(Nc2ccc(N3CCC(C(=O)NO)CC3)cc2)ncc1Cl,1,IC50,7.3,2,CHEMBL4871985
CNC(=O)c1ccccc1Nc1nc(Nc2ccc(CN3CCC(C(=O)NO)CC3)cc2)ncc1Cl,1,IC50,8.96,2,CHEMBL4870265
CNC(=O)c1ccccc1Nc1nc(Nc2ccc(OCCCN3CCC(C(=O)NO)CC3)cc2)ncc1Cl,1,IC50,7.35,2,CHEMBL4858535
O=C(COc1ccc(Nc2ncc(Cl)c(Nc3ccccc3C(=O)NO)n2)cc1)NO,1,IC50,7.3,2,CHEMBL4851795
O=C(O)c1ccccc1Nc1nc(Nc2ccc(OCC(=O)N3CCOCC3)cc2)ncc1Cl,1,IC50,7.09,2,CHEMBL4873830
CCOC(=O)c1ccccc1Nc1nc(Nc2ccc(OCC(=O)N3CCOCC3)cc2)ncc1Cl,1,IC50,9.61,2,CHEMBL4862351
CNC(=O)c1ccccc1Nc1nc(Nc2ccc(NC(=O)CN3CCOCC3)c(C)c2)ncc1Cl,1,IC50,8.41,2,CHEMBL4862976
c1ccc(COc2cccc(-c3nc4sccn4c3-c3ccncn3)c2)cc1,1,IC50,6.42,1,CHEMBL4866102
COc1ccc(C(Nc2ccccc2)n2c(=O)ccc3cc(O)ccc32)cc1,0,IC50,4.85,1,CHEMBL4872030
COc1ccc(C(Nc2ccc(Br)cc2)n2c(=O)ccc3cc(O)ccc32)cc1,1,IC50,6.02,1,CHEMBL4861796
Oc1ccc(/C=N/Nc2nc3ccccc3c3nncn23)cc1,1,IC50,6.16,1,CHEMBL4873202
C=CC(=O)N1CCCC[C@H]1c1nc(-c2ccc(C(=O)Nc3cc(OC)ccn3)cc2)c(C(N)=O)n1N,1,IC50,6.35,1,CHEMBL4874550
C=CC(=O)N1CCCC[C@H]1c1nc(-c2ccc(C(=O)Nc3cc(Cl)ccn3)cc2)c(C(N)=O)n1N,1,IC50,6.75,1,CHEMBL4860527
C=CC(=O)N1CCCC[C@H]1c1nc(-c2ccc(C(=O)Nc3cc(Br)ccn3)cc2)c(C(N)=O)n1N,1,IC50,6.24,1,CHEMBL4878421
C=CC(=O)N1CCCC[C@H]1c1nc(-c2ccc(C(=O)Nc3cc(C(F)(F)F)ccn3)cc2)c(C(N)=O)n1N,1,IC50,6.36,1,CHEMBL4864983
C=CC(=O)N1CCCC[C@H]1c1nc(-c2ccc(C(=O)Nc3cc(-c4ccccc4)ccn3)cc2)c(C(N)=O)n1N,1,IC50,7.1,1,CHEMBL4863836
C=CC(=O)N1CCCC[C@H]1c1nc(-c2ccc(C(=O)Nc3cc(-c4ccc(F)cc4)ccn3)cc2)c(C(N)=O)n1N,1,IC50,6.95,1,CHEMBL4863913
C=CC(=O)N1CCCC[C@H]1c1nc(-c2ccc(C(=O)Nc3cc(-c4ccc(Cl)cc4)ccn3)cc2)c(C(N)=O)n1N,1,IC50,7.9,1,CHEMBL4878626
CC#CC(=O)N1CCCC[C@H]1c1nc(-c2ccc(C(=O)Nc3cc(Cl)ccn3)cc2)c(C(N)=O)n1N,0,IC50 (>),4.52,1,CHEMBL4852748
CC#CC(=O)N1CCCC[C@H]1c1nc(-c2ccc(C(=O)Nc3cc(C(F)(F)F)ccn3)cc2)c(C(N)=O)n1N,0,IC50,4.93,1,CHEMBL4847730
CC#CC(=O)N1CCCC[C@H]1c1nc(-c2ccc(C(=O)Nc3cc(-c4ccccc4)ccn3)cc2)c(C(N)=O)n1N,0,IC50,4.78,1,CHEMBL4849268
C=CC(=O)N1CCC[C@H](n2nc(-c3ccc(Oc4ccccc4)cc3)c3c(N)ncnc32)C1,1,IC50,8.92,1,CHEMBL3647964
C=CC(=O)N1CCC(c2cnn3c(C(N)=O)c(-c4ccc(Oc5ccccc5)cc4)[nH]c23)CC1,1,IC50,6.96,1,CHEMBL4863078
CC#CC(=O)N1CCC(c2cnn3c(C(N)=O)c(-c4ccc(Oc5ccccc5)cc4)[nH]c23)CC1,0,IC50,4.85,1,CHEMBL4878090
C#CC(=O)N1CCC(c2cnn3c(C(N)=O)c(-c4ccc(Oc5ccccc5)cc4)[nH]c23)CC1,1,IC50,7.51,1,CHEMBL4871192
C#CC(=O)N1CCC(c2cnn3c(C(N)=O)c(-c4ccc(Oc5ccccc5F)cc4)[nH]c23)CC1,1,IC50,7.79,1,CHEMBL4869409
C#CC(=O)N1CCC(c2cnn3c(C(N)=O)c(-c4ccc(Oc5ccc(F)cc5F)cc4)[nH]c23)CC1,1,IC50,7.48,1,CHEMBL4857353
C#CC(=O)N1CCC(c2cnn3c(C(N)=O)c(-c4ccc(Oc5ccc(OC)cc5)cc4)[nH]c23)CC1,1,IC50,7.29,1,CHEMBL4856592
C#CC(=O)N1CCC(c2cnn3c(C(N)=O)c(-c4ccc(Oc5ccccc5)cc4)[nH]c23)C1,1,IC50,7.53,1,CHEMBL4875332
C#CC(=O)N1CCC(c2cnn3c(C(N)=O)c(-c4ccc(Oc5ccc(F)cc5)cc4)[nH]c23)C1,1,IC50,7.41,1,CHEMBL4852264
C#CC(=O)N1CCC(c2cnn3c(C(N)=O)c(-c4ccc(Oc5ccccc5OC)cc4)[nH]c23)C1,1,IC50,6.98,1,CHEMBL4873984
C#CC(=O)N1CC(c2cnn3c(C(N)=O)c(-c4ccc(Oc5ccccc5)cc4)[nH]c23)C1,1,IC50,7.47,1,CHEMBL4863088
C#CC(=O)N1CC(c2cnn3c(C(N)=O)c(-c4ccc(Oc5ccc(OC)cc5)cc4)[nH]c23)C1,1,IC50,7.05,1,CHEMBL4867893
C=CCn1c(=O)c2cnc(Nc3ccc(N4CCN(C)CC4)cc3)nc2n1-c1ccc2c(n1)C(O)(CC)CC2,1,IC50,7.22,1,CHEMBL4871593
CCn1c(-c2ccccc2)c(-c2ncnc3cc(OC)c(OCCCN4CCOCC4)cc23)c2ccccc21,1,IC50,8.89,1,CHEMBL4877510
CNCc1ccccc1-c1csc([C@@H](C)Nc2nc(C)nc3cc(OC)c(OC)cc23)c1,0,IC50 (>),4.7,2,CHEMBL4535474
CNCc1ccccc1-c1csc([C@H](C)Nc2nc(C)nc3cc(OC)c(OC)cc23)c1,0,IC50 (>),4.7,2,CHEMBL4520788
CN1C(=O)[C@@H](N2CCc3cn(Cc4ccccc4)nc3C2=O)COc2ccccc21,1,IC50,6.0,1,CHEMBL4088216
CN1C(=O)[C@@H](N2CCc3c(nn(Cc4ccccc4)c3Br)C2=O)COc2ccccc21,1,IC50,6.0,1,CHEMBL4549667
CN1C(=O)[C@@H](N2CCc3cn(CC4CCS(=O)(=O)CC4)nc3C2=O)COc2ccccc21,1,IC50,6.0,1,CHEMBL4097778
C=CC(=O)N1CCC2(CC1)CNC(=O)c1cc(-c3ccnc(-c4ccc5c(c4)OCO5)n3)[nH]c12,1,IC50,8.19,2,CHEMBL5085136
CC#CC(=O)Nc1cccc(-c2nccc(-c3cc4c([nH]3)C3(CCNCC3)CNC4=O)n2)c1,1,IC50,6.3,1,CHEMBL5082422
C=CC(=O)N1CCC2(CC1)CNC(=O)c1cc(-c3ccnc(-c4cccc(OC)c4)n3)[nH]c12,1,IC50,8.02,2,CHEMBL5083976
C=CC(=O)N1CCC2(CC1)CNC(=O)c1cc(-c3ccnc(Nc4ccccc4OC)n3)[nH]c12,1,IC50,9.4,2,CHEMBL5077776
COc1ccccc1Nc1nccc(-c2cc3c([nH]2)C2(CCN(C(=O)C#CN(C)C)CC2)CNC3=O)n1,1,IC50,8.55,2,CHEMBL5088102
C=CC(=O)N1CCC2(CC1)CNC(=O)c1cc(-c3ccnc(Nc4ccccc4OC)c3)[nH]c12,1,IC50,7.43,2,CHEMBL5089073
C=CC(=O)N1CCC2(CC1)CNC(=O)c1cc(-c3nc(Nc4ccccc4OC)ncc3Cl)[nH]c12,1,IC50,9.1,2,CHEMBL5076067
C=CC(=O)N1CCC2(CC1)CNC(=O)c1cc(-c3nc(Nc4ccccc4OC)ncc3C)[nH]c12,1,IC50,8.92,2,CHEMBL5085118
C=CC(=O)N1CCC2(CC1)CNC(=O)c1cc(-c3ccnc(Nc4ccccc4OC(C)C)n3)[nH]c12,1,IC50,8.92,2,CHEMBL5079430
CS(=O)(=O)CCN(Cc1ccc(-c2ccc3ncnc(Nc4ccc(OCc5cccc(F)c5)c(Cl)c4)c3c2)o1)C(=O)CCC(=O)OCCN1CCN(CCCN2c3ccccc3Sc3ccc(Cl)cc32)CC1,1,IC50,7.98,1,CHEMBL5094282
CC(OC(=O)CCCC(=O)N(CCS(C)(=O)=O)Cc1ccc(-c2ccc3ncnc(Nc4ccc(OCc5cccc(F)c5)c(Cl)c4)c3c2)o1)c1cc2c(o1)C(=O)c1ccccc1C2=O,1,IC50,8.13,1,CHEMBL5079998
COc1cc(N2CCC(N3CCN(C)CC3)CC2)c(-c2cn[nH]c2)cc1Nc1ncc(Cl)c(Nc2ccccc2P(C)(C)=O)n1,1,IC50,9.52,2,CHEMBL5077378
COc1cc(N2CCC(N(C)C)CC2)c(-c2cn[nH]c2)cc1Nc1ncc(Cl)c(Nc2ccccc2P(C)(C)=O)n1,1,IC50,9.3,2,CHEMBL5094480
COc1cc(N2CCC(N3CCN(C)CC3)CC2)c(-c2cnn(C)c2)cc1Nc1ncc(Cl)c(Nc2ccccc2P(C)(C)=O)n1,1,IC50,9.49,2,CHEMBL5087815
COc1cc(N2CCC(N(C)C)CC2)c(-c2cnn(C)c2)cc1Nc1ncc(Cl)c(Nc2ccccc2P(C)(C)=O)n1,1,IC50,9.72,2,CHEMBL5086066
COc1cc(N2CCN(C)CC2)c(-c2cnn(C)c2)cc1Nc1ncc(Cl)c(Nc2ccccc2P(C)(C)=O)n1,1,IC50,8.48,1,CHEMBL5087610
COc1cc(N2CCOCC2)c(-c2cnn(C)c2)cc1Nc1ncc(Cl)c(Nc2ccccc2P(C)(C)=O)n1,1,IC50,9.7,3,CHEMBL5087264
COc1cc(N2CCOCC2)c(-c2cn[nH]c2)cc1Nc1ncc(Cl)c(Nc2ccccc2P(C)(C)=O)n1,1,IC50,9.68,2,CHEMBL5081299
CCP(=O)(CC)c1ccccc1Nc1nc(Nc2cc(-c3cnn(C)c3)c(N3CCOCC3)cc2OC)ncc1Cl,1,IC50,9.7,2,CHEMBL5078413
C#CCN1CCN(c2ccc(Nc3ncc4c(C)cc(=O)n(-c5cccc(NC(=O)C=C)c5)c4n3)c(OC)c2)CC1,1,IC50,8.1,1,CHEMBL5094288
COc1cc2ncnc(N[C@H](C)c3ccccc3)c2cc1OC,1,IC50,9.0,1,CHEMBL1714813
COc1cc2nc(C)nc(N[C@H](C)c3cccc(S(N)(=O)=O)c3)c2cc1OC,0,IC50 (>),4.7,1,CHEMBL5085531
COc1cc2nc(C)nc(N[C@H](C)c3cccc(C(F)(F)F)c3)c2cc1OC,0,IC50 (>),4.7,1,CHEMBL5084571
C=CC(=O)Nc1cc(Nc2ncc(Cl)c(N3CCc4sccc4C3)n2)c(OC)cc1N(C)CCN(C)C,1,IC50,8.19,1,CHEMBL5085143
CCC(=O)Nc1cc(Nc2ncc(Cl)c(N3CCc4sccc4C3)n2)c(OC)cc1N(C)CCN(C)C,1,IC50,6.77,1,CHEMBL5082394
C/C=C/C(=O)Nc1cc(Nc2ncc(Cl)c(N3CCc4sccc4C3)n2)c(OC)cc1N(C)CCN(C)C,1,IC50,6.45,1,CHEMBL5075204
C=C(Cl)C(=O)Nc1cc(Nc2ncc(Cl)c(N3CCc4sccc4C3)n2)c(OC)cc1N(C)CCN(C)C,1,IC50,7.02,1,CHEMBL5079081
COc1cc(Nc2ncc(Cl)c(Nc3ccccc3P(C)(C)=O)n2)ccc1N1CCC(N2CCN(C)CC2)CC1,1,IC50,8.62,2,CHEMBL5086894
Cc1cc(Nc2ncc(Cl)c(Nc3ccccc3P(C)(C)=O)n2)ccc1N1CCC(N2CCN(C)CC2)CC1,1,IC50,9.22,3,CHEMBL5084760
CN1CCN(C2CCN(c3ccc(Nc4ncc(Cl)c(Nc5ccccc5P(C)(C)=O)n4)cc3OC(F)(F)F)CC2)CC1,1,IC50,7.89,3,CHEMBL5077866
CN1CCN(C2CCN(c3ccc(Nc4ncc(Cl)c(Nc5ccccc5P(C)(C)=O)n4)cc3C(F)(F)F)CC2)CC1,1,IC50,8.46,3,CHEMBL5088423
CN1CCN(C2CCN(c3ccc(Nc4ncc(Cl)c(Nc5ccccc5P(C)(C)=O)n4)cc3C(F)F)CC2)CC1,1,IC50,7.64,3,CHEMBL5078816
CN1CCN(C2CCN(c3ccc(Nc4ncc(Cl)c(Nc5ccccc5P(C)(C)=O)n4)cc3Cl)CC2)CC1,1,IC50,9.22,3,CHEMBL5076986
CN1CCN(C2CCN(c3ccc(Nc4ncc(Br)c(Nc5ccccc5P(C)(C)=O)n4)cc3Cl)CC2)CC1,1,IC50,8.48,2,CHEMBL5091683
Cc1cc(Nc2ncc(Cl)c(Nc3ccccc3P(C)(C)=O)n2)cnc1N1CCC(N2CCN(C)CC2)CC1,1,IC50,8.68,2,CHEMBL5087931
CN1CCN(C2CCN(c3c(Cl)cc(Nc4ncc(Cl)c(Nc5ccccc5P(C)(C)=O)n4)cc3Cl)CC2)CC1,1,IC50,7.47,3,CHEMBL5081817
CN1CCN(C2CCN(c3cc(Cl)c(Nc4ncc(Cl)c(Nc5ccccc5P(C)(C)=O)n4)cc3Cl)CC2)CC1,1,IC50,9.15,3,CHEMBL5081174
C=CC(=O)Nc1cccc(-n2c(=O)c(-c3ccccc3)nc3cnc(Nc4ccc(OC)cc4)nc32)c1,1,IC50,7.74,1,CHEMBL5069689
C=CC(=O)Nc1cccc(-n2c(=O)c(Cc3ccccc3)nc3cnc(Nc4ccc(OC)cc4)nc32)c1,1,IC50,6.88,1,CHEMBL5087214
C=CC(=O)Nc1cccc(-n2c(=O)c(Oc3ccccc3)nc3cnc(Nc4ccc(OC)cc4)nc32)c1,1,IC50,8.04,1,CHEMBL5083645
C=CC(=O)Nc1cccc(-n2c(=O)c(C)nc3cnc(Nc4ccc(OCCOC)cc4)nc32)c1,1,IC50,6.47,1,CHEMBL5087785
C=CC(=O)Nc1cccc(-n2c(=O)c(-c3ccccc3)nc3cnc(Nc4ccc(OCCOC)cc4)nc32)c1,1,IC50,8.29,1,CHEMBL5076283
C=CC(=O)Nc1cccc(-n2c(=O)c(-c3ccccc3F)nc3cnc(Nc4ccc(OCCOC)cc4)nc32)c1,1,IC50,8.96,1,CHEMBL5069609
C=CC(=O)Nc1cccc(-n2c(=O)c(-c3ccccc3Cl)nc3cnc(Nc4ccc(OCCOC)cc4)nc32)c1,1,IC50,7.96,1,CHEMBL5075594
C=CC(=O)Nc1cccc(-n2c(=O)c(C3CCCCC3)nc3cnc(Nc4ccc(OCCOC)cc4)nc32)c1,0,IC50 (>),5.0,1,CHEMBL5089841
C=CC(=O)Nc1cccc(-n2c(=O)c(C3CCCC3)nc3cnc(Nc4ccc(OCCOC)cc4)nc32)c1,1,IC50,6.86,1,CHEMBL5087793
C=CC(=O)Nc1cccc(-n2c(=O)c(C3CC3)nc3cnc(Nc4ccc(OCCOC)cc4)nc32)c1,1,IC50,6.33,1,CHEMBL5086054
C=CC(=O)Nc1cccc(-n2c(=O)c(C(C)(C)C)nc3cnc(Nc4ccc(OCCOC)cc4)nc32)c1,0,IC50 (>),5.0,1,CHEMBL5076743
C=CC(=O)Nc1cccc(-n2c(=O)c(C(C)C)nc3cnc(Nc4ccc(OCCOC)cc4)nc32)c1,1,IC50,6.42,1,CHEMBL5077901
C=CC(=O)Nc1cccc(-n2c(=O)c(CC)nc3cnc(Nc4ccc(OCCOC)cc4)nc32)c1,1,IC50,6.55,1,CHEMBL5077665
CC#CC(=O)N1CCC[C@@H]1c1nc(-c2ccc(C(=O)Nc3ccccn3)cc2)c2c(N)nccn12,0,IC50 (>),5.0,1,CHEMBL4747506
C=CC(=O)Nc1cccc(-n2c(=O)c(C3CCCCC3)nc3cnc(Nc4cccc(N5CCN(C)CC5)c4)nc32)c1,1,IC50,6.47,1,CHEMBL5088574
C=CC(=O)Nc1cccc(-n2c(=O)c(C3CCCCC3)nc3cnc(Nc4cccc(OCC(N)=O)c4)nc32)c1,1,IC50,7.08,1,CHEMBL5081433
C=CC(=O)Nc1cccc(-n2c(=O)c(C3CCCCC3)nc3cnc(Nc4cccc(OCC(C)=O)c4)nc32)c1,1,IC50,7.47,1,CHEMBL5080260
C=CC(=O)Nc1cccc(-n2c(=O)c(C3CCCCC3)nc3cnc(Nc4cccc(C(C)=O)c4)nc32)c1,0,IC50 (>),5.0,1,CHEMBL5076601
Cn1ccc2cc(Nc3ncc(C(F)(F)F)c(N[C@H]4CC[C@@H](N)CC4)n3)ccc2c1=O,0,IC50 (>),5.0,1,CHEMBL5089164
C=CC(=O)Nc1cc(Nc2nccc(Nc3cnn(CC)c3)n2)c(OC)cc1N(C)CCN(C)C,1,IC50,8.1,5,CHEMBL5094406
C=CC(=O)Nc1cc(Nc2nccc(Nc3cnn(C)c3)n2)c(OC)cc1N(C)CCN(C)C,1,IC50,7.67,3,CHEMBL5071181
C=CC(=O)Nc1cc(Nc2nccc(Nc3cn(C)nc3C)n2)c(OC)cc1N(C)CCN(C)C,1,IC50,8.25,3,CHEMBL5080676
C=CC(=O)Nc1cc(Nc2nccc(Nc3ccn(C)n3)n2)c(OC)cc1N(C)CCN(C)C,1,IC50,8.21,5,CHEMBL5088907
C=CC(=O)Nc1cc(Nc2nccc(Nc3cn(C)c4ccccc34)n2)c(OC)cc1N(C)CCN(C)CC(=O)OC,1,IC50,8.24,3,CHEMBL5083034
C=CC(=O)Nc1cc(Nc2nccc(Nc3cn(C)c4ccccc34)n2)c(OC)cc1N(C)CCN(C)Cc1ccc(Br)cc1,1,IC50,8.09,2,CHEMBL5082074
C=CC(=O)Nc1cc(Nc2nccc(Nc3cn(C)c4ccccc34)n2)c(OC)cc1N(C)CCN(C)C(=O)OC,1,IC50,7.91,2,CHEMBL5084983
C=CC(=O)Nc1cc(Nc2nccc(Nc3cn(C)c4ccccc34)n2)c(OC)cc1N(C)CCN(C)Cc1ccccc1,1,IC50,8.36,3,CHEMBL5089161
C=CC(=O)Nc1cc(Nc2nccc(Nc3cn(C)c4ccccc34)n2)c(OC)cc1N(C)CCN(C)CC(=C)C,1,IC50,8.24,3,CHEMBL5085816
C=CCCN(C)CCN(C)c1cc(OC)c(Nc2nccc(Nc3cn(C)c4ccccc34)n2)cc1NC(=O)C=C,1,IC50,8.7,3,CHEMBL5093402
C=CC(=O)Nc1cc(Nc2nccc(Nc3ccn(C)n3)n2)c(OC)cc1N(C)CCN(C)CC(=O)OC,1,IC50,7.37,5,CHEMBL5089912
C=CC(=O)Nc1cc(Nc2nccc(Nc3ccn(C)n3)n2)c(OC)cc1N(C)CCN(C)C(=O)OC,1,IC50,6.54,2,CHEMBL5093794
C=CC(=O)Nc1cc(Nc2nccc(Nc3ccn(C)n3)n2)c(OC)cc1N(C)CCN(C)CC(=C)C,1,IC50,6.4,2,CHEMBL5087994
C#CCN(C)CCN(C)c1cc(OC)c(Nc2nccc(Nc3ccn(C)n3)n2)cc1NC(=O)C=C,1,IC50,8.07,5,CHEMBL5070579
C=CC(=O)Nc1ccc(Nc2nccc(-c3cn(C)c4ccccc34)n2)cc1,1,IC50,6.75,1,CHEMBL5201387
CC#CC(=O)Nc1ccc(Nc2nccc(-c3cn(C)c4ccccc34)n2)cc1,1,IC50,6.66,1,CHEMBL5175924
C=CC(=O)Nc1cccc(Nc2nc(Nc3ccc(SCCCN4CCOCC4)cc3)ncc2Cl)c1,1,IC50,7.56,1,CHEMBL5196024
C=CC(=O)Nc1cccc(Nc2nc(Nc3ccc(SCC(=O)N4CCOCC4)cc3)ncc2Cl)c1,1,IC50,8.04,1,CHEMBL5187169
Brc1cccc(Nc2ncnc3[nH]ccc23)c1,1,IC50,8.52,9,CHEMBL5181237
Clc1ccc(Nc2ncnc3[nH]ccc23)cc1Br,1,IC50,8.44,1,CHEMBL5207949
C=CC(=O)N1CCCC(n2nc(-c3ccc4ccccc4c3)c3c(N)ncnc32)C1,1,IC50,7.06,1,CHEMBL5203640
Cc1nn(-c2ccc(F)cc2)c2c(Nc3ccc(F)c(Cl)c3)ncnc12,1,IC50,6.75,1,CHEMBL5187375
CC1=NNC2=NC(=O)NC(c3ccccc3Br)C12,1,IC50,7.05,1,CHEMBL5198368
Cc1n[nH]c2c1C(c1ccccc1Br)c1c(ncn(N)c1=N)O2,1,IC50,7.22,1,CHEMBL5196209
Fc1cccc(COc2ccc(Nc3ncnc4sc5c(c34)CCCC5)cc2Cl)c1,1,IC50,6.7,1,CHEMBL5206805
Cc1ccc(/C=N/NC(=O)CNc2nc(-c3ccccc3)c(-c3ccccc3)s2)cc1,1,IC50,6.7,1,CHEMBL5195593
COc1ccc(-c2noc(-c3cnc(Oc4ccc5cc(C(=O)N6CCN(Cc7ccc(OCC(F)(F)F)cc7)CC6)n(C)c5c4)cn3)n2)cc1,0,IC50 (>),5.0,1,CHEMBL5177956
C=CC(=O)N1CCC(Oc2nc(Nc3ccc(N(C)CCN(C)C)cc3OC)nc3[nH]ccc23)CC1,1,IC50,8.11,2,CHEMBL5198920
C=CC(=O)N1CCC(Oc2nc(Nc3ccc(N4CCN(C)CC4)cc3OC)nc3[nH]ccc23)CC1,1,IC50,7.91,2,CHEMBL5205097
C=CC(=O)N1CCC(Oc2nc(Nc3ccc(N4CCN(C)CC4)c(F)c3)nc3[nH]ccc23)CC1,1,IC50,7.87,2,CHEMBL5192155
C=CC(=O)N1CCC(Oc2nc(Nc3ccc(N4CCN(C)CC4)cc3)nc3[nH]ccc23)CC1,1,IC50,8.25,2,CHEMBL5208416
C=CC(=O)N1CCC(Oc2nc(Nc3ccc(N4CCN(C(C)=O)CC4)cc3OC)nc3[nH]ccc23)CC1,1,IC50,7.5,2,CHEMBL5189711
C=CC(=O)N1CCC(Oc2nc(Nc3cnn(C)c3)nc3[nH]ccc23)CC1,1,IC50,6.69,2,CHEMBL5208549
C=CC(=O)N1CCC(Oc2nc(Nc3ccc(N4CCN(C)CC4)cc3OC)nc3ccsc23)CC1,1,IC50,7.85,2,CHEMBL5199399
C=CC(=O)N1CCC(Oc2nc(Nc3ccc(N4CCN(C)CC4)c(F)c3)nc3ccsc23)CC1,1,IC50,7.99,2,CHEMBL5191556
C=CC(=O)N1CCC(Oc2nc(Nc3ccc(N4CCN(C)CC4)cc3)nc3ccsc23)CC1,1,IC50,8.31,2,CHEMBL5179952
C=CC(=O)N1CCC(Oc2nc(Nc3ccc(N4CCN(C(C)=O)CC4)cc3OC)nc3ccsc23)CC1,1,IC50,7.69,2,CHEMBL5174995
C=CC(=O)N1CCC(Oc2nc(Nc3cnn(C)c3)nc3ccsc23)CC1,1,IC50,6.87,2,CHEMBL5171318
C=CC(=O)N1CCC(Oc2nc(Nc3ccn(C)n3)nc3ccsc23)CC1,1,IC50,6.9,2,CHEMBL5184048
C=CC(=O)N1CCC(Oc2nc(Nc3ccc(N4CCOCC4)cc3OC)nc3ccsc23)CC1,1,IC50,8.02,2,CHEMBL5181848
C=CC(=O)N1CCC(Oc2nc(Nc3ccc(N4CCOCC4)cc3)nc3ccsc23)CC1,1,IC50,8.19,2,CHEMBL5172236
C=CC(=O)N1CCC(Oc2nc(Nc3ccc(N4CCN(C)CC4)c(F)c3)ncc2Cl)CC1,1,IC50,8.02,2,CHEMBL5203195
C=CC(=O)N1CCC(Oc2nc(Nc3ccc(N4CCN(C)CC4)cc3)ncc2Cl)CC1,1,IC50,7.7,2,CHEMBL5183664
C=CC(=O)N1CCC(Oc2nc(Nc3ccc(N4CCN(CCO)CC4)cc3)ncc2Cl)CC1,1,IC50,7.38,2,CHEMBL5199354
C=CC(=O)N1CCC(Oc2nc(Nc3ccc(CN4CCC(CO)CC4)cc3)ncc2Cl)CC1,1,IC50,7.91,2,CHEMBL5184813
CCC(=O)N1CCC(Oc2nc(Nc3ccc(N4CCN(C)CC4)cc3)nc3ccsc23)CC1,1,IC50,6.57,2,CHEMBL5203176
CN(C)c1ccc(/C=N/NC(=O)Cn2nc(Cc3ccc(Cl)cc3)c3ccccc3c2=O)cc1,1,IC50,9.35,1,CHEMBL5189340
CC(C)(C)/C=C(\C#N)C(=O)N1CCC[C@@H](n2nc(-c3ccc(Oc4ccccc4)cc3F)c3c(N)ncnc32)C1,1,IC50,6.43,1,CHEMBL4114766
CN1CCN(C(C)(C)/C=C(\C#N)C(=O)N2CCC[C@@H](n3nc(-c4ccc(Oc5ccccc5)cc4F)c4c(N)ncnc43)C2)CC1,1,IC50,6.01,1,CHEMBL5189379
Cc1ccc(-c2c(CN3CCCCC3)nc3scc(C(=O)O)n23)cc1,1,IC50,6.75,1,CHEMBL5194543
CCC(=O)NNC(=O)c1csc2ncc(-c3ccc(C)cc3)n12,1,IC50,6.35,1,CHEMBL5176561
CC(=O)NNC(=O)c1csc2ncc(-c3ccc(Br)cc3)n12,1,IC50,6.82,1,CHEMBL5204417
Cc1ccc(-c2c(CN3CCOCC3)nc3scc(C(=O)NN)n23)cc1,1,IC50,6.61,1,CHEMBL5170804
COc1ccc(-c2c(CN3CCOCC3)nc3scc(C(=O)NN)n23)cc1,1,IC50,6.91,1,CHEMBL5173449
NNC(=O)c1csc2nc(CN3CCOCC3)c(-c3ccc(Br)cc3)n12,1,IC50,6.38,1,CHEMBL5204650
O=C(c1ccc(-c2noc(-c3ccc(C(F)(F)F)cc3)n2)cc1)N1CCN(Cc2ccc(OCC(F)(F)F)cc2)CC1,0,IC50 (>),5.0,1,CHEMBL5176684
O=C(CCCCCCN1CC(c2ccc3ncnc(Nc4ccc(Br)cc4F)c3c2)N=N1)NO,1,IC50,7.99,1,CHEMBL5178922
O=c1[nH]c2ccccc2nc1/C=C/c1ccccc1Br,0,IC50 (>),4.0,1,CHEMBL5202492
O=c1[nH]c2ccccc2nc1/C=C/c1ccccn1,0,IC50 (>),4.0,1,CHEMBL5190939
Cn1c(=O)c(/C=C/c2ccccn2)nc2ccccc21,0,IC50 (>),4.0,1,CHEMBL5197555
O=c1c(/C=C/c2ccccc2Cl)nc2ccccc2n1Cc1ccccc1,0,IC50 (>),4.0,1,CHEMBL5182712
COC(=O)CCc1nc2ccc(Br)cc2[nH]c1=O,1,IC50,7.12,2,CHEMBL5208825
NNC(=O)/C=C1/Nc2ccc(Br)cc2NC1=O,1,IC50,7.06,1,CHEMBL5192318
COC(=O)CCc1nc2ccc(Cl)cc2[nH]c1=O,1,IC50,7.08,1,CHEMBL5206400
CCc1cc(Nc2ncc(Br)c(Nc3ccc4nccnc4c3P(C)(C)=O)n2)c(OC)cc1N1CCC(N2CCN(CCS(C)(=O)=O)CC2)CC1,1,IC50,10.0,7,CHEMBL5206715
C=CC(=O)Nc1cccc(Nc2nc(Nc3ccc(N4CCN(C(=O)CCCCCC(=O)Nc5cccc6c5C(=O)N(C5CCC(=O)NC5=O)C6=O)CC4)cc3OC)ncc2C(F)(F)F)c1,1,IC50,7.69,2,CHEMBL5201794
C=CC(=O)Nc1cccc(Nc2nc(Nc3ccc(N4CCN(CCOCCNc5cccc6c5C(=O)N(C5CCC(=O)NC5=O)C6=O)CC4)cc3OC)ncc2C(F)(F)F)c1,1,IC50,7.62,2,CHEMBL5206775
C=CC(=O)Nc1cccc(Nc2nc(Nc3ccc(N4CCN(CC(=O)NCCNc5cccc6c5C(=O)N(C5CCC(=O)NC5=O)C6=O)CC4)cc3OC)ncc2C(F)(F)F)c1,1,IC50,7.37,2,CHEMBL5175891
C=CC(=O)Nc1cccc(Nc2nc(Nc3ccc(N4CCN(C(=O)CCCCNc5cccc6c5C(=O)N(C5CCC(=O)NC5=O)C6=O)CC4)cc3OC)ncc2C(F)(F)F)c1,1,IC50,6.92,2,CHEMBL5200495
C=CC(=O)Nc1cccc(Nc2nc(Nc3ccc(N4CCN(C(=O)CCCC(=O)Nc5cccc6c5C(=O)N(C5CCC(=O)NC5=O)C6=O)CC4)cc3OC)ncc2C(F)(F)F)c1,1,IC50,7.48,1,CHEMBL5196498
C=CC(=O)Nc1cccc(Nc2nc(Nc3ccc(N4CCN(CC(=O)NCCNc5cccc6c5C(=O)N(C5CCC(=O)N(C)C5=O)C6=O)CC4)cc3OC)ncc2C(F)(F)F)c1,1,IC50,6.87,1,CHEMBL5204954
C=CC(=O)Nc1cccc(Nc2nc(Nc3ccc(N4CCN(CC(=O)NCCNc5cccc6c5CN(C5CCC(=O)NC5=O)C6=O)CC4)cc3OC)ncc2C(F)(F)F)c1,1,IC50,6.01,1,CHEMBL5179538
CCc1cc(Nc2ncc(Br)c(Nc3ccn4ncnc4c3P(C)(C)=O)n2)c(OC)cc1N1CCC(N2CCN(CC)CC2)CC1,1,IC50,10.0,2,CHEMBL5209094
CCc1cc(Nc2ncc(Br)c(Nc3ccn4ncnc4c3P(C)(C)=O)n2)c(OC)cc1N1CCC(N2CCOCC2)CC1,1,IC50,9.74,2,CHEMBL5195137
CCc1cc(Nc2ncc(Br)c(Nc3ccc4ncnn4c3P(C)(C)=O)n2)c(OC)cc1N1CCC(N2CC(COC)C2)CC1,1,IC50,10.0,2,CHEMBL5199678
CCOC1CN(C2CCN(c3cc(OC)c(Nc4ncc(Br)c(Nc5ccc6ncnn6c5P(C)(C)=O)n4)cc3CC)CC2)C1,1,IC50,9.17,2,CHEMBL5203041
CCc1cc(Nc2ncc(Br)c(Nc3ccc4c(c3P(C)(C)=O)OCO4)n2)c(OC)cc1N1CCC(N2CC(N(C)C)C2)CC1,1,IC50,9.82,4,CHEMBL5203220
CCc1cc(Nc2ncc(Br)c(Nc3ccc4nccnc4c3P(C)(C)=O)n2)c(OC)cc1N1CCC(N2CC(N(C)C)C2)CC1,1,IC50,10.1,6,CHEMBL5180388
CCc1cc(Nc2ncc(Br)c(Nc3ccc4nccnc4c3P(C)(C)=O)n2)c(OC)cc1N1CCC(N2CCCN(C)CC2)CC1,1,IC50,9.57,2,CHEMBL5180894
COc1cc(N2CCC(N3CC(N(C)C)C3)CC2)c(C)cc1Nc1ncc(Br)c(Nc2ccc3nccnc3c2P(C)(C)=O)n1,1,IC50,10.22,6,CHEMBL5186680
CCOC1CN(C2CCN(c3cc(OC)c(Nc4ncc(Br)c(Nc5ccc6nccnc6c5P(C)(C)=O)n4)cc3C)CC2)C1,1,IC50,9.37,9,CHEMBL5179357
COCC1CN(C2CCN(c3cc(OC)c(Nc4ncc(Br)c(Nc5ccc6c(c5P(C)(C)=O)OCCO6)n4)cc3C)CC2)C1,1,IC50,10.05,2,CHEMBL5188373
COc1cc(N2CCC(N3CC(N(C)C)C3)CC2)c(C)cc1Nc1ncc(Br)c(Nc2ccc3c(c2P(C)(C)=O)OCCO3)n1,1,IC50,9.66,2,CHEMBL5206164
CCOC1CN(C2CCN(c3cc(OC)c(Nc4ncc(Br)c(Nc5ccc6c(c5P(C)(C)=O)OCCO6)n4)cc3C)CC2)C1,1,IC50,10.15,5,CHEMBL5195904
COc1cc(N2CCC(N3CCCN(C)CC3)CC2)c(C)cc1Nc1ncc(Br)c(Nc2ccc3c(c2P(C)(C)=O)OCCO3)n1,1,IC50,10.3,2,CHEMBL5193123
COc1cc(N2CCC(N3CCCOCC3)CC2)c(C)cc1Nc1ncc(Br)c(Nc2ccc3c(c2P(C)(C)=O)OCCO3)n1,1,IC50,9.89,2,CHEMBL5192223
CCO[C@@H]1CCN(C2CCN(c3cc(OC)c(Nc4ncc(Br)c(Nc5ccc6c(c5P(C)(C)=O)OCCO6)n4)cc3C)CC2)C1,1,IC50,9.55,2,CHEMBL5204749
COc1cc(N2CCC(N3CC[C@H](N(C)C)C3)CC2)c(C)cc1Nc1ncc(Br)c(Nc2ccc3c(c2P(C)(C)=O)OCCO3)n1,1,IC50,9.92,2,CHEMBL5193149
CCc1cc(Nc2ncc(Br)c(Nc3ccc4c(c3P(C)(C)=O)OCCO4)n2)c(OC)cc1N1CCC(N2CC(N(C)C)C2)CC1,1,IC50,10.1,4,CHEMBL5188940
CCc1cc(Nc2ncc(Br)c(Nc3ccc4c(c3P(C)(C)=O)OCCO4)n2)c(OC)cc1N1CCC(N2CC(CC#N)C2)CC1,1,IC50,9.39,3,CHEMBL5203385
CCc1cc(Nc2ncc(Br)c(Nc3ccc4c(c3P(C)(C)=O)OCCO4)n2)c(OC)cc1N1CCC(N2CC(COC)C2)CC1,1,IC50,9.92,2,CHEMBL5197545
CCN(C)C1CN(C2CCN(c3cc(OC)c(Nc4ncc(Br)c(Nc5ccc6c(c5P(C)(C)=O)OCCO6)n4)cc3C)CC2)C1,1,IC50,9.55,1,CHEMBL5178971
CC1(C)c2cc(OCCN3CCOCC3)ccc2C(=O)c2c1oc1cc(C#Cc3cc(OCC4CC4)ccn3)ccc21,0,IC50 (>),5.0,1,CHEMBL5186340
Cc1cc(C(=O)NC(C)(C)C)cc(C#Cc2ccc3c4c(oc3c2)C(C)(C)c2cc(NS(C)(=O)=O)ccc2C4=O)n1,0,IC50 (>),5.0,1,CHEMBL4457566
Cc1[nH]nc(C(C(=O)Nc2nccs2)N2Cc3ccccc3C2=O)c1C,0,IC50 (>),5.0,2,CHEMBL5205834
O=C(Nc1nccs1)C(c1n[nH]c2c1CCC2)N1Cc2ccccc2C1=O,1,IC50,7.64,1,CHEMBL5195669
O=C(Nc1nccs1)C(c1ncn2c1CCC2)N1Cc2ccccc2C1=O,1,IC50,7.8,1,CHEMBL5203388
O=C(Nc1nccs1)C(c1ncn2c1CCC2)N1Cc2c(Cl)cccc2C1=O,1,IC50,8.4,2,CHEMBL5173979
O=C(Nc1nccs1)C(c1ncn2c1CCC2)N1Cc2ccc(C#Cc3ccccc3)cc2C1=O,1,IC50,7.7,2,CHEMBL5173986
O=C(Nc1nccs1)C(c1ncn2c1CCC2)N1Cc2c(F)cc(C#Cc3cccnc3)cc2C1=O,1,IC50,8.15,2,CHEMBL5189114
Nc1ccc(C#Cc2cc(F)c3c(c2)C(=O)N(C(C(=O)Nc2nccs2)c2ncn4c2CCC4)C3)cn1,1,IC50,6.94,1,CHEMBL5170278
O=C(Nc1nccs1)C(c1ncn2c1CCC2)N1Cc2ccc(C#Cc3ccc(CN4CCCCC4)cc3)cc2C1=O,1,IC50,7.8,2,CHEMBL5198433
O=C(Nc1nccs1)C(c1ncn2c1CCC2)N1Cc2c(F)cc(C#Cc3ccc(CN4CCCCC4)cc3)cc2C1=O,1,IC50,8.15,2,CHEMBL5172668
O=C(Nc1nccs1)C(c1ncn2c1CCC2)N1Cc2ccc(C#Cc3ccc(CN4CCC(O)CC4)cc3)cc2C1=O,1,IC50,8.15,2,CHEMBL5187250
O=C(Nc1nccs1)C(c1ncn2c1CCC2)N1Cc2c(F)cc(C#Cc3ccc(CN4CCC(O)CC4)cc3)cc2C1=O,1,IC50,8.3,2,CHEMBL5207479
O=C(Nc1nccs1)C(c1ncn2c1CCC2)N1Cc2c(F)cc(C#Cc3ccc(CN4CCC(CO)CC4)cc3)cc2C1=O,1,IC50,8.3,3,CHEMBL5180839
O=C(Nc1nccs1)C(c1ncn2c1CCC2)N1Cc2c(cc(C#Cc3ccc(CN4CCC(CO)CC4)cc3)cc2C(F)(F)F)C1=O,1,IC50,8.52,2,CHEMBL5189574
O=C(Nc1nccs1)C(c1ncn2c1CCC2)N1Cc2c(cc(C#Cc3ccc(CN4CCC(CO)CC4)cc3)cc2C(F)F)C1=O,1,IC50,8.4,2,CHEMBL5184539
CC1(C)CCc2c(C(C(=O)Nc3nccs3)N3Cc4c(cc(C#Cc5ccc(CN6CCC(CO)CC6)cc5)cc4C(F)F)C3=O)ncn21,1,IC50,8.4,2,CHEMBL5183324
CCN1CCN(c2ccc(-c3cc(F)c4cn(C(C(=O)Nc5nccs5)c5ncn6c5CCC6)nc4c3)cc2)CC1,1,IC50,8.15,2,CHEMBL5180289
CCN1CCN(c2ccc(-c3cc(Cl)c4cn(C(C(=O)Nc5nccs5)c5ncn6c5CCC6)nc4c3Cl)cc2)CC1,1,IC50,7.96,2,CHEMBL5203543
CCN1CCN(c2ccc(-c3cc(Cl)c4cn(C(C(=O)Nc5nccs5)c5ncn6c5C[C@@H](F)C6)nc4c3Cl)cc2)CC1,1,IC50,8.4,2,CHEMBL5202945
O=C(Nc1nccs1)C(c1ncn2c1C[C@@H](F)C2)n1cc2c(Cl)cc(-c3ccc(N4CCN(C5CC5)CC4)cc3)c(Cl)c2n1,1,IC50,7.77,2,CHEMBL5207152
O=C(Nc1nccs1)C(c1ncn2c1CCC2)n1cc2c(Cl)cc(-c3ccc(N4CCOCC4)cc3)c(Cl)c2n1,1,IC50,7.66,2,CHEMBL5201725
O=C(Nc1nccs1)C(c1ncn2c1C[C@@H](F)C2)n1cc2c(Cl)cc(-c3ccc(N4CCOCC4)cc3)c(Cl)c2n1,1,IC50,8.22,3,CHEMBL5208056
Cc1c(-c2ccc(N3CCOCC3)cc2)cc(C(F)F)c2cn(C(C(=O)Nc3nccs3)c3ncn4c3C[C@@H](F)C4)nc12,1,IC50,8.15,3,CHEMBL5193594
Cc1c(-c2ccc(N3CCOCC3)cc2)cc(C(F)F)c2cn(C(C(=O)Nc3nccs3)c3ncn4c3CCC43CC3)nc12,1,IC50,8.0,3,CHEMBL5170519
O=C(Nc1nccs1)C(c1ncn2c1CCC2)n1cc2c(F)cc(C#Cc3ccc(CN4CCC(O)CC4)cc3)cc2n1,1,IC50,8.22,3,CHEMBL5193772
Cc1c(C#Cc2ccc(CN3CCC(CO)CC3)cc2)cc(C(F)F)c2cn(C(C(=O)Nc3nccs3)c3ncn4c3CCC4)nc12,1,IC50,8.52,3,CHEMBL5184760
Cc1c(C#Cc2ccc(CN3CCC(CO)CC3)cc2)cc(C(F)F)c2cn(C(C(=O)Nc3nccs3)c3ncn4c3CCC43CC3)nc12,1,IC50,8.7,7,CHEMBL5177023
C=CC(=O)N1CCC(N2C(=O)N(c3ccccc3)Cc3cnc(Nc4ccc(N5CCN(C)CC5)c(C)c4)nc32)C1,1,IC50,8.04,1,CHEMBL5188568
CN(C)CCN(C)c1ccc(Nc2ncc3cc(CNc4ccccc4)n(C4CCCC4)c3n2)cc1,1,IC50,6.52,1,CHEMBL5174109
CN1CCN(c2ccc(Nc3ncc4cc(CNc5ccccc5)n(C5CCCC5)c4n3)cc2)CC1,1,IC50,8.0,2,CHEMBL5188948
COc1cc(N2CCC(N(C)C)CC2)ccc1Nc1ncc2cc(CNc3ccccc3)n(C3CCCC3)c2n1,1,IC50,8.0,1,CHEMBL5179023
COc1cc(N2CCC(N3CCN(C)CC3)CC2)ccc1Nc1ncc2cc(CNc3ccccc3)n(C3CCCC3)c2n1,1,IC50,7.26,1,CHEMBL5181487
CN1CCN(c2ccc(Nc3ncc(Br)c(Nc4ccc5cn[nH]c5c4)n3)cc2)CC1,1,IC50,7.37,3,CHEMBL5173070
O=C(Cc1ccccc1)Nc1cccc(-c2nc3n(c2-c2ccnc(Nc4ccc(N5CCOCC5)cc4)n2)CCS3)c1,1,IC50,7.45,2,CHEMBL5182231
CCc1nnc2c(Nc3ccc(C(=O)/C=C/c4cc(OC)c(OC)c(OC)c4)cc3)nc3ccccc3n12,1,IC50,7.41,2,CHEMBL5186583
CCc1ccc(Cn2cc(-c3cc(-c4ccc(Br)cc4)nc(N)n3)c3ccccc32)cc1,1,IC50,7.01,1,CHEMBL5202119
CC(C)c1ccc(Cn2cc(-c3cc(-c4ccc(Br)cc4)nc(N)n3)c3ccccc32)cc1,1,IC50,7.03,1,CHEMBL5193175
Nc1nc(-c2ccc(Br)cc2)cc(-c2cn(Cc3cccc(Cl)c3)c3ccccc23)n1,1,IC50,6.71,1,CHEMBL5203758
C=CC(=O)Nc1cc2c(cc1OCCNC(=O)CN(C)C)NCN=C2Nc1ccc(Br)cc1F,1,IC50,8.7,3,CHEMBL5193247
CCOc1cc2ncc(C#N)c(Nc3ccc(OCc4ccccc4)cc3)c2cc1NC(=O)/C=C/c1cccnc1,1,IC50,6.22,1,CHEMBL5188857
COc1cc2c(cc1OC)C(Oc1cccc(NC(=S)Nc3ccc(Cl)c(C(F)(F)F)c3)c1)=NCN2,1,IC50,7.7,1,CHEMBL5207327
COc1cc2c(cc1OC)C(Sc1cccc(NC(=S)Nc3ccc(Br)c(C(F)(F)F)c3)c1)=NCN2,1,IC50,8.0,1,CHEMBL5192572
COc1ccc(CCOc2ccc(C(=O)/C=C/c3ccc(O)c(O)c3)cc2OC)cc1OC,0,IC50,4.95,1,CHEMBL5169900
C=CC(=O)N1CCC([C@@H]2CCNC3C(C(N)=O)C(c4ccc(Oc5ccccc5)cc4)=NN32)CC1,1,IC50,7.68,1,CHEMBL5193128
COc1cc(/C=C/S(=O)(=O)c2ccccc2)cc(OC)c1OC,1,IC50,8.11,1,CHEMBL5201532
O=C(Cc1csc2nc3ccccc3n12)Nc1cccc(O)c1,0,IC50,4.26,1,CHEMBL5185952
CCN(CC)CC1CCN(c2ncc3ncnc(Nc4ccc(F)c(Cl)c4)c3n2)CC1,1,IC50,8.52,1,CHEMBL1358485
O=C(Cc1cccs1)Nc1cccc(-c2ccc3nnc(-c4cccnc4)n3n2)c1,1,IC50,7.1,2,CHEMBL2093753
O=c1c2cccc(O)c2oc2cccc(O)c12,1,IC50,6.05,1,CHEMBL185686
COc1ccc(-c2cc(=O)cc(-c3ccc(OC)cc3)o2)cc1,1,IC50,9.82,1,CHEMBL5192793
CCc1ccc(C2=C(O)C(=O)C(c3ccc(CC)cc3)=C(O)C2=O)cc1,1,IC50,7.52,1,CHEMBL5185036
COc1cccc2c1C(=O)C1=C(C2=O)c2c(O)cc(CO)cc2[C@@H](O)[C@@H]1O,1,IC50,8.18,1,CHEMBL5181037
COc1cc(-c2nc3ccccc3s2)ccc1OCC(=O)NNC(=O)CN1CCC[C@H]1C(=O)O,1,IC50,6.47,1,CHEMBL5192184
COc1cc(-c2nc3ccccc3s2)ccc1OCC(=O)NNC(=O)CN[C@@H](Cc1c[nH]cn1)C(=O)O,1,IC50,6.52,1,CHEMBL5203784
COc1cc(-c2nc3ccccc3s2)ccc1OCC(=O)NNC(=O)CN[C@@H](Cc1c[nH]c2ccccc12)C(=O)O,1,IC50,6.68,1,CHEMBL5171983
CCOC(=O)[C@@H]1CCCN1CC(=O)NNC(=O)COc1ccc(-c2nc3ccccc3s2)cc1OC,1,IC50,6.96,1,CHEMBL5201110
CCOC(=O)[C@H](Cc1c[nH]cn1)NCC(=O)NNC(=O)COc1ccc(-c2nc3ccccc3s2)cc1OC,1,IC50,6.8,1,CHEMBL5181045
CCOC(=O)[C@H](Cc1c[nH]c2ccccc12)NCC(=O)NNC(=O)COc1ccc(-c2nc3ccccc3s2)cc1OC,1,IC50,6.94,1,CHEMBL5208397
C=CC(=O)N(C)CCOc1c(N)ncnc1-c1ccc(CN2CCN(CC(C)C)CC2=O)c(C)c1,0,Kd,4.52,1,CHEMBL5188786
CC#CC(=O)N1CCC[C@H]1c1nc(-c2ccc(C(=O)Nc3ccccn3)cc2)c2c(N)nccn12,0,IC50 (>),5.0,3,CHEMBL3707348
C[C@@H]1CN(C2COC2)CCN1c1ccc(Nc2cc(-c3ccnc(N4CCn5c(cc6c5CC(C)(C)C6)C4=O)c3CO)cn(C)c2=O)nc1,0,Kd,4.52,1,CHEMBL4066176
Cn1c(SSc2c(C(=O)Nc3ccccc3)c3c(O)cccc3n2C)c(C(=O)Nc2ccccc2)c2c(O)cccc21,0,IC50 (>),4.0,1,CHEMBL5205062
CN(C)CCNc1ncnc2c1[nH]c1ccccc12,0,IC50 (>),5.0,1,CHEMBL5179320
COc1ccc(/C=C\C(=O)c2ccc(Br)c3cc(-c4ccc(F)cc4)oc23)cc1,1,IC50,7.05,1,CHEMBL5194719
O=C(/C=C\c1ccc(OC(F)(F)F)cc1)c1ccc(Br)c2cc(-c3ccc(F)cc3)oc12,1,IC50,6.92,1,CHEMBL5203711
O=C(CCCCn1cc(-c2ccc3ncnc(Nc4ccccc4F)c3c2)nn1)NO,1,IC50,7.99,1,CHEMBL5201054
CCOCCSc1nc(-c2ccccc2Cl)nn1CCOCC,1,IC50,7.06,2,CHEMBL5190121
O=C(Nc1ccccc1C(=O)N/N=C/c1ccc(O)cc1O)c1ccco1,1,IC50,7.51,2,CHEMBL5206193
NS(=O)(=O)c1ccc(NC(=O)c2ccccc2NC(=O)c2ccco2)cc1,1,IC50,7.51,1,CHEMBL1782692
COc1cc(N(C)CCN(C)C)c(NC(=O)c2cnccn2)cc1Nc1nccc(-c2cn(C)c3ccccc23)n1,1,IC50,7.77,3,CHEMBL5188618
COc1cc(N(C)CCN(C)C)c(NC(=O)c2ccncn2)cc1Nc1nccc(-c2cn(C)c3ccccc23)n1,1,IC50,8.0,6,CHEMBL5201846
COc1cc(N(C)CCN(C)C)c(NC(=O)c2ncccn2)cc1Nc1nccc(-c2cn(C)c3ccccc23)n1,1,IC50,7.52,3,CHEMBL5199169
COc1cc(N(C)CCN(C)C)c(NC(=O)c2ccncn2)cc1Nc1nc(-c2cn(C)c3ccccc23)c2cccnc2n1,1,IC50,6.44,1,CHEMBL5189183
COc1cc(N(C)CCN(C)C)c(NC(=O)c2ccnc(Cl)c2)cc1Nc1nccc(-c2cn(CCCO)c3ccccc23)n1,1,IC50,7.38,6,CHEMBL5173534
COc1cc(N(C)CCN(C)C)c(NC(=O)c2ccncn2)cc1Nc1nccc(-c2cn(CCCO)c3ccccc23)n1,1,IC50,7.39,6,CHEMBL5206298
COc1cc(N(C)CCN(C)C)c(NC(=O)c2ccncc2)cc1Nc1nccc(-c2cn(C)c3ccccc23)n1,1,IC50,6.41,1,CHEMBL5174232
COc1cc(N(C)CCN(C)C)c(NC(=O)c2ccncc2OC)cc1Nc1nccc(-c2cn(C)c3ccccc23)n1,1,IC50,7.0,1,CHEMBL5191292
COc1cc(N(C)CCN(C)C)c(NC(=O)c2cccnc2)cc1Nc1nccc(-c2cn(C)c3ccccc23)n1,1,IC50,6.44,1,CHEMBL5203821
COc1ccc(C(=O)Nc2cc(Nc3nccc(-c4cn(C)c5ccccc45)n3)c(OC)cc2N(C)CCN(C)C)nc1,1,IC50,7.06,1,CHEMBL5175316
COc1cc(N(C)CCN(C)C)c(NC(=O)c2nccn2C)cc1Nc1nccc(-c2cn(C)c3ccccc23)n1,1,IC50,6.96,1,CHEMBL5196254
COc1cc(N(C)CCN(C)C)c(NC(=O)c2nccn2C)cc1Nc1nc(-c2cn(C)c3ccccc23)c2cccnc2n1,1,IC50,6.38,1,CHEMBL5185772
COc1cc(N(C)CCN(C)C)c(NC(=O)c2ccnc(Cl)c2)cc1Nc1nccc(-c2cn(C)c3ccccc23)n1,1,IC50,6.38,3,CHEMBL5209075
CNc1ncc(C(C)C)c2cc(Nc3ccnc(N4CC[C@@H](O)[C@@](C)(F)C4)n3)ncc12,1,IC50,8.09,1,CHEMBL5185287
CC(C)c1cnc(N2CCC2)c2cnc(Nc3ccnc(N4CC[C@@H](O)[C@@](C)(F)C4)n3)cc12,1,IC50,8.68,1,CHEMBL5208679
CC(C)c1cnc(N2CC[C@H]2C)c2cnc(Nc3ccnc(N4CC[C@@H](O)[C@@](C)(F)C4)n3)cc12,1,IC50,9.52,1,CHEMBL5195164
CC(C)c1cnc(N2CC[C@@H]2C)c2cnc(Nc3ccnc(N4CC[C@@H](O)[C@@](C)(F)C4)n3)cc12,1,IC50,6.97,1,CHEMBL5174629
CC(C)c1nnc(N2CC[C@H]2C)c2cnc(Nc3ccnc(N4CC[C@@H](O)[C@@](C)(F)C4)n3)cc12,1,IC50,7.8,1,CHEMBL5184941
CC(C)c1ncc(N2CC[C@H]2C)c2cnc(Nc3ccnc(N4CC[C@@H](O)[C@@](C)(F)C4)n3)cc12,1,IC50,8.66,1,CHEMBL5182741
CC(C)c1cnc(N2CC(O)C2)c2cnc(Nc3ccnc(N4CC[C@@H](O)[C@@](C)(F)C4)n3)cc12,1,IC50,8.44,1,CHEMBL5203267
CC(C)c1cnc(N2C[C@H](O)[C@H]2C)c2cnc(Nc3ccnc(N4CC[C@@H](O)[C@@](C)(F)C4)n3)cc12,1,IC50,9.52,1,CHEMBL5207390
CC(C)c1ncc(N2C[C@H](O)[C@H]2C)c2cnc(Nc3ccnc(N4CC[C@@H](O)[C@@](C)(F)C4)n3)cc12,1,IC50,8.74,1,CHEMBL5172587
CC(C)c1ccc(N2C[C@H](O)[C@H]2C)c2cnc(Nc3ccnc(N4CC[C@@H](O)[C@@](C)(F)C4)n3)cc12,1,IC50,9.3,1,CHEMBL5185207
COC1CN(c2ncc(C(C)C)c3cc(Nc4ccnc(N5CC[C@@H](O)[C@@](C)(F)C5)n4)ncc23)C1,1,IC50,8.47,1,CHEMBL5205583
COCC1CN(c2ncc(C(C)C)c3cc(Nc4ccnc(N5CC[C@@H](O)[C@@](C)(F)C5)n4)ncc23)C1,1,IC50,7.96,1,CHEMBL5198992
CNC(=O)C1CN(c2ncc(C(C)C)c3cc(Nc4ccnc(N5CC[C@@H](O)[C@@](C)(F)C5)n4)ncc23)C1,1,IC50,9.0,1,CHEMBL5187021
CC(C)c1cnc(N2CC(C(=O)N(C)C)C2)c2cnc(Nc3ccnc(N4CC[C@@H](O)[C@@](C)(F)C4)n3)cc12,1,IC50,9.05,1,CHEMBL5170376
CC(C)c1cnc(N2CC(CS(C)(=O)=O)C2)c2cnc(Nc3ccnc(N4CC[C@@H](O)[C@@](C)(F)C4)n3)cc12,1,IC50,10.0,2,CHEMBL5173517
CC(C)c1cnc(N2C[C@H](CS(C)(=O)=O)[C@H]2C)c2cnc(Nc3ccnc(N4CC[C@@H](O)[C@@](C)(F)C4)n3)cc12,1,IC50,9.7,2,CHEMBL5200991
CC(C)c1ccc(N2CC(CS(C)(=O)=O)C2)c2cnc(Nc3ccnc(N4CC[C@@H](O)[C@@](C)(F)C4)n3)cc12,1,IC50,9.7,3,CHEMBL5206444
CC(C)c1ccc(N2C[C@H](CS(C)(=O)=O)[C@H]2C)c2cnc(Nc3ccnc(N4CC[C@@H](O)[C@@](C)(F)C4)n3)cc12,1,IC50,9.7,5,CHEMBL5196495
CC[C@]1(F)CN(c2nccc(Nc3cc4c(C(C)C)ccc(N5C[C@H](CS(C)(=O)=O)[C@H]5C)c4cn3)n2)CC[C@H]1O,1,IC50,9.3,2,CHEMBL5194722
CC(C)c1ccc(N2C[C@H](CS(C)(=O)=O)[C@H]2C)c2cnc(Nc3ccnc(N4CC[C@@](C)(O)[C@@H](F)C4)n3)cc12,1,IC50,9.4,1,CHEMBL5208737
CO[C@@H]1CCN(c2nccc(Nc3cc4c(C(C)C)ccc(N5C[C@H](CS(C)(=O)=O)[C@H]5C)c4cn3)n2)C[C@@H]1F,1,IC50,9.7,11,CHEMBL5095169
CO[C@@H]1[C@H](O)CN(c2nccc(Nc3cc4c(C(C)C)ccc(N5C[C@H](CS(C)(=O)=O)[C@H]5C)c4cn3)n2)CC1(F)F,1,IC50,9.15,2,CHEMBL5193016
CCC(=O)N1CCC[C@@H](N2CC(c3cccc(F)c3Cl)=C(C)c3cnc(Nc4ccc(N5CCN(C)CC5)c(C)c4)nc32)C1,1,IC50,7.56,2,CHEMBL5206600
CCC(=O)N[C@H]1CC[C@@H](N2C(=O)N(c3ccccc3Cl)Cc3cnc(Nc4ccc(N5CCN(C)CC5)c(C)c4)nc32)CC1,1,IC50,8.51,4,CHEMBL5190294
CC(C)(C)n1cc(-c2cncc3ccccc23)c2c(N)ncnc21,1,IC50,7.28,1,CHEMBL5195321
CN1CCN(c2ccc(Nc3ncc4nc(Nc5ccc(F)cc5)n([C@H]5CCN(S(=O)(=O)C6CC6)C5)c4n3)cc2)CC1,1,IC50,7.66,1,CHEMBL4744973
CN1CCN(c2ccc(Nc3ncc4nc(Nc5ccc(F)cc5)n(C5CCN(C(=O)CO)CC5)c4n3)cc2)CC1,1,IC50,7.39,1,CHEMBL5183865
C=CC(=O)Nc1cccc(-c2c(-c3ccc(N4CCN(C)CC4)cc3)[nH]c3ncnc(OCCCC)c23)c1,1,IC50,8.03,1,CHEMBL5205022
C=CC(=O)Nc1cccc(-c2c(-c3ccc(N4CCN(C)CC4)cc3)[nH]c3ncnc(OC4CCCC4)c23)c1,1,IC50,7.72,1,CHEMBL5206817
C=CC(=O)Nc1cccc(-c2c(-c3ccc(N4CCN(C)CC4)cc3)[nH]c3ncnc(OC(C)C)c23)c1,1,IC50,8.07,1,CHEMBL4799276
C=CC(=O)Nc1cccc(-c2c(-c3ccc(N4CCN(C)CC4)cc3)[nH]c3ncnc(OCC(C)C)c23)c1,1,IC50,8.07,1,CHEMBL4753389
COc1cc(N2CCC(N3CCN(C)CC3)CC2)c(C)cc1Nc1ncc(Br)c(Nc2ccc3nccnc3c2P(C)(C)=O)n1,1,IC50,9.89,11,CHEMBL5169450
CCc1cc(Nc2ncc(Br)c(Nc3ccc4nccnc4c3P(C)(C)=O)n2)c(OC)cc1N1CCC(N2CCN(C)CC2)CC1,1,IC50,9.67,6,CHEMBL5174418
CCC1CCN(c2ccc(-c3cc(F)c4c(c3)C(=O)N(C(C(=O)Nc3nccs3)c3ncn5c3CCC5)C4)cc2)CC1,1,IC50,8.4,1,CHEMBL5190204
O=C1c2cc(F)ccc2Nc2ccccc2N1Cc1ccccc1,1,IC50,7.28,1,CHEMBL5180830
CC(=O)N[C@H]1CC[C@H](n2c(=O)c(-c3ccccc3Cl)cc3ccc(Nc4ccc(N5CCN(C)CC5)c(C)c4)cc32)CC1,1,IC50,7.32,1,CHEMBL5200385
CCC(=O)N[C@H]1CC[C@H](n2c(=O)c(-c3ccccc3Cl)cc3ccc(Nc4ccc(N5CCN(C)CC5)c(C)c4)cc32)CC1,1,IC50,7.42,1,CHEMBL5194245
Cn1cc(-c2cc(C(=O)/N=c3\[nH]c4ccccc4n3[C@H]3CC[C@H](O)CC3)ccn2)cn1,1,IC50,8.8,7,CHEMBL5195167
CSc1nc(-c2ccc(F)cc2)c(-c2ccnc3[nH]c(-c4ccccc4)cc23)[nH]1,1,IC50,6.54,1,CHEMBL5202381
COc1cc(N2CCC(N3CCN(C)CC3)CC2)ccc1Nc1ncc(Cl)c(Nc2ccccc2NS(C)(=O)=O)n1,1,IC50,9.7,11,CHEMBL5172794
COc1cc(N2CCC(N3CCN(CCO)CC3)CC2)ccc1Nc1ncc(Cl)c(Nc2ccccc2NS(C)(=O)=O)n1,1,IC50,9.4,8,CHEMBL5187838
COc1cc(N2CCC(N3CCN(C)CC3)CC2)ccc1Nc1ncc(Cl)c(Nc2ccccc2NS(N)(=O)=O)n1,1,IC50,9.7,8,CHEMBL5176129
O=C(Nc1nccs1)C(c1ccccc1)N1Cc2ccc(-c3ccc4[nH]ccc4c3)cc2C1=O,1,IC50,7.82,2,CHEMBL5193027
N#Cc1ccc(O)c(-c2nc(NCc3ncccn3)c3ccccc3n2)c1,1,IC50,6.2,3,CHEMBL5179288
Cc1cc(Nc2ncnc3ccc(NC4=NC(C)(C)CO4)cc23)ccc1Oc1ccn2ncnc2c1,1,IC50,6.35,2,CHEMBL3989868
C=CC(=O)Nc1cccc(Cn2c(=O)ccc3cnc(Nc4ccc(N5CCN(C)CC5)cc4)nc32)c1,1,IC50,6.67,2,CHEMBL5194482
C=CC(=O)N1C[C@@H]2C[C@H]1CN2C(=O)Oc1cc2c(Nc3ccc(Cl)c(Cl)c3F)ncnc2cc1OC,1,IC50,9.52,2,CHEMBL5186362
C=CC(=O)Oc1cc2c(Nc3ccc(Cl)c(Cl)c3F)ncnc2cc1OC,1,IC50,9.27,1,CHEMBL5181469
C=C(C(=O)N1CCN(C(=O)Oc2cc3c(Nc4ccc(Cl)c(Cl)c4F)ncnc3cc2OC)[C@H](C)C1)C(F)(F)F,1,IC50,9.42,1,CHEMBL5178898
C#CC(=O)N1CCN(C(=O)Oc2cc3c(Nc4ccc(Cl)c(Cl)c4F)ncnc3cc2OC)[C@H](C)C1,1,IC50,9.49,1,CHEMBL5187762
C=CC(=O)N1CCN(C(=O)Oc2cc3c(Nc4cccc(Cl)c4F)ncnc3cc2OC)[C@H](C)C1,1,IC50,9.47,2,CHEMBL5178180
CN1CCN(c2ccc(-c3ccc4c(c3)C(=O)N(C(C(=O)Nc3nccs3)c3cc(F)ccc3O)C4)cc2)CC1,1,IC50,9.52,1,CHEMBL5191510
CN1CCC(c2ccc(-c3ccc4c(c3)C(=O)N(C(C(=O)Nc3nccs3)c3cc(F)ccc3O)C4)cc2)CC1,1,IC50,10.2,3,CHEMBL5201543
CN1CCC(c2ccc(-c3ccc4c(c3)C(=O)N(C(C(=O)Nc3nccs3)c3cccc(F)c3)C4)cc2)CC1,1,IC50,9.7,1,CHEMBL5182553
CN1CCN(c2ccc(-c3ccc4c(c3)C(=O)N(C(C(=O)Nc3nccs3)c3ccccc3)C4)cc2)CC1,1,IC50,9.05,1,CHEMBL5177306
CN1CCC(c2ccc(-c3ccc4c(c3)C(=O)N(C(C(=O)Nc3nccs3)c3ccccc3)C4)cc2)CC1,1,IC50,9.05,1,CHEMBL5198812
CN1CCN(c2ccc(-c3ccc4c(c3)C(=O)N(C(C(=O)Nc3nccs3)c3cccc(F)c3)C4)cc2)CC1,1,IC50,8.74,1,CHEMBL5176460
CN1CCN(c2ccc(-c3ccc4c(c3)CCN(C(C(=O)Nc3nccs3)c3cccc(F)c3)C4=O)cc2)CC1,1,IC50,8.96,1,CHEMBL5202129
CN1CCC(c2ccc(-c3ccc4c(c3)CCN(C(C(=O)Nc3nccs3)c3cccc(F)c3)C4=O)cc2)CC1,1,IC50,8.66,1,CHEMBL5200637
CN1CCN(c2ccc(-c3ccc4c(c3)C(=O)N(C(C(=O)Nc3nccs3)c3cccc(F)c3)CC4)cc2)CC1,1,IC50,8.17,1,CHEMBL5187605
CN1CCC(c2ccc(-c3ccc4c(c3)C(=O)N(C(C(=O)Nc3nccs3)c3cccc(F)c3)CC4)cc2)CC1,1,IC50,8.49,1,CHEMBL5195912
CN1CCN(c2ccc(-c3ccc4c(=O)n(C(C(=O)Nc5nccs5)c5ccccc5)ccc4c3)cc2)CC1,1,IC50,8.47,1,CHEMBL5178865
CN1CCC(c2ccc(-c3ccc4c(=O)n(C(C(=O)Nc5nccs5)c5ccccc5)ccc4c3)cc2)CC1,1,IC50,8.92,1,CHEMBL5197154
CN1CCN(c2ccc(-c3ccc4ccn(C(C(=O)Nc5nccs5)c5ccccc5)c(=O)c4c3)cc2)CC1,1,IC50,8.3,1,CHEMBL5208065
CN1CCC(c2ccc(-c3ccc4ccn(C(C(=O)Nc5nccs5)c5ccccc5)c(=O)c4c3)cc2)CC1,1,IC50,8.74,1,CHEMBL5173701
CN1CCN(c2ccc(-c3ccc4c(=O)n(C(C(=O)Nc5nccs5)c5ccccc5)cnc4c3)cc2)CC1,1,IC50,8.51,1,CHEMBL5204970
CN1CCC(c2ccc(-c3ccc4c(=O)n(C(C(=O)Nc5nccs5)c5ccccc5)cnc4c3)cc2)CC1,1,IC50,8.24,1,CHEMBL5204270
CN1CCN(c2ccc(-c3ccc4ncn(C(C(=O)Nc5nccs5)c5ccccc5)c(=O)c4c3)cc2)CC1,1,IC50,9.05,1,CHEMBL5172573
CN1CCC(c2ccc(-c3ccc4ncn(C(C(=O)Nc5nccs5)c5ccccc5)c(=O)c4c3)cc2)CC1,1,IC50,9.7,1,CHEMBL5206902
CN1CCN(c2ccc(-c3ccc4c(=O)n(C(C(=O)Nc5nccs5)c5ccccc5)ncc4c3)cc2)CC1,1,IC50,7.75,1,CHEMBL5207462
CN1CCC(c2ccc(-c3ccc4c(=O)n(C(C(=O)Nc5nccs5)c5ccccc5)ncc4c3)cc2)CC1,1,IC50,8.01,1,CHEMBL5200988
CN1CCN(c2ccc(-c3ccc4cnn(C(C(=O)Nc5nccs5)c5ccccc5)c(=O)c4c3)cc2)CC1,1,IC50,7.99,1,CHEMBL5206436
CN1CCC(c2ccc(-c3ccc4cnn(C(C(=O)Nc5nccs5)c5ccccc5)c(=O)c4c3)cc2)CC1,1,IC50,8.4,1,CHEMBL5178754
CN1CCC(c2ccc(-c3ccc4ncn(C(C(=O)Nc5nccs5)c5ccccc5)c(=O)c4n3)cc2)CC1,1,IC50,9.22,1,CHEMBL5191674
CN1CCC(c2ccc(-c3cnc4ncn(C(C(=O)Nc5nccs5)c5ccccc5)c(=O)c4c3)cc2)CC1,1,IC50,8.72,1,CHEMBL5207108
CN1CCC(c2ccc(-c3cc(F)c4ncn(C(C(=O)Nc5nccs5)c5ccccc5)c(=O)c4c3)cc2)CC1,1,IC50,9.22,1,CHEMBL5177272
CN1CCC(c2ccc(-c3ccc4ncn(C(C(=O)Nc5nccs5)c5ccccc5)c(=O)c4c3F)cc2)CC1,1,IC50,10.0,1,CHEMBL5196360
CN1CCC(c2ccc(-c3cc4c(=O)n(C(C(=O)Nc5nccs5)c5ccccc5)cnc4cc3F)cc2)CC1,1,IC50,8.85,1,CHEMBL5178571
COc1cc(N2CCC3(CCN(C)CC3)CC2)ccc1Nc1ncc(Cl)c(Nc2ccccc2P(C)(C)=O)n1,1,IC50,7.46,1,CHEMBL5095068
COc1cc2cnnc(N[C@H](C)c3ccccc3)c2cc1OC,0,IC50 (>),5.0,1,CHEMBL5200875
COc1cc2cnnc(N[C@H](C)c3cccc4ccccc34)c2cc1OC,0,IC50 (>),5.0,1,CHEMBL5200949
COc1cc2cnnc(N[C@H](C)c3cccc(C(F)(F)F)c3)c2cc1OC,0,IC50 (>),5.0,1,CHEMBL5169564
COc1cc2cnnc(N[C@H](C)c3ccccc3C)c2cc1OC,0,IC50 (>),5.0,1,CHEMBL5183547
COc1cc2cnnc(N[C@H](C)c3cccc(C(F)(F)F)c3C)c2cc1OC,0,IC50 (>),5.0,2,CHEMBL5202863
CNCc1ccccc1-c1csc([C@@H](C)Nc2nncc3cc(OC)c(OC)cc23)c1,0,IC50 (>),5.0,2,CHEMBL5174300
Cc1c(C#N)cccc1[C@@H](C)Nc1nnc(C)c2cnc(N3CCOCC3)cc12,0,IC50 (>),5.0,1,CHEMBL5192659
N#CC1=C(c2ccccc2)Nc2c(c(-c3cccs3)nn2-c2ccccc2)C12C(=O)Nc1ccc(Cl)cc12,1,IC50,6.92,1,CHEMBL5173862
N#CC1=C(c2ccccc2)Nc2c(c(-c3cccs3)nn2-c2ccccc2)C12C(=O)Nc1ccc(Br)cc12,1,IC50,6.82,1,CHEMBL5209100
C=CC(=O)Nc1cccc(N2C(=O)OCc3cnc(Nc4ccc(N5CCN(C)CC5)cc4OC)nc32)c1,1,IC50,7.54,2,CHEMBL5203118
C=CC(=O)Nc1cccc(N2C(=O)OC(C)c3cnc(Nc4ccc(N5CCN(C)CC5)cc4OC)nc32)c1,1,IC50,7.32,2,CHEMBL5200275
COc1cc2ncnc3c2cc1OCCOCCOc1cc(Cl)ccc1N3,0,IC50 (>),4.0,4,CHEMBL5191366
COc1cc2ncnc3c2cc1OCCCCCCOc1c(Cl)cccc1N3,0,IC50 (>),4.0,3,CHEMBL5180070
COc1cc2ncnc3c2cc1OCCCCCCOc1cc(Cl)ccc1N3,0,IC50,4.2,4,CHEMBL5196064
COc1cc2ncnc3c2cc1OCCOCCOc1cccc(c1)N3,0,IC50,4.47,4,CHEMBL5183329
COc1cc2ncnc3c2cc1OCCOCCOc1cc(Cl)cc(c1)N3,0,IC50 (>),4.0,2,CHEMBL5190227
COc1cc2ncnc3c2cc1OCCOCCOc1ccc(Cl)c(c1)N3,0,IC50,4.7,4,CHEMBL5173596
COc1cc2ncnc(Nc3cc(Cl)c(F)cc3O)c2cc1O,1,IC50,7.94,3,CHEMBL5206697
CSc1nc(-c2cccc(NC(=O)c3cc(O)ccc3F)c2)c(-c2ccnc(NC(C)=O)c2)[nH]1,1,IC50,8.26,4,CHEMBL5188250
C=CC(=O)Nc1ccc(OC)c(Nc2cc(-c3[nH]c(SC)nc3-c3cccc(NC(=O)c4c(F)ccc(O)c4CN4C(=O)c5ccccc5C4=O)c3)ccn2)c1,1,IC50,8.7,6,CHEMBL5188399
Nc1ccc2ncnc(Nc3ccc4c(c3)CCC4)c2c1,1,IC50,6.6,1,CHEMBL5186969
Nc1ccc2ncnc(Nc3cccc4c3CCCC4)c2c1,1,IC50,6.78,1,CHEMBL5183327
Nc1ccc2ncnc(Nc3cccc4ccccc34)c2c1,1,IC50,8.8,1,CHEMBL5199341
CCn1c2ccccc2c2cc(Nc3ncnc4ccc(N)cc34)ccc21,0,IC50 (>),5.0,1,CHEMBL5200553
Nc1ccc2ncnc(Nc3ccc4ncccc4c3)c2c1,1,IC50,6.67,1,CHEMBL5188730
Nc1ccc2ncnc(Nc3ccc4[nH]ncc4c3)c2c1,1,IC50,8.53,1,CHEMBL5178707
CC(=O)N1CCc2cc(Nc3ncnc4ccc(N)cc34)ccc21,0,IC50 (>),5.0,1,CHEMBL5194147
Nc1ccc2ncnc(Nc3ccc4[nH]ccc4c3)c2c1,1,IC50,9.19,2,CHEMBL5180251
Nc1ccc2ncnc(Nc3ccc4cc[nH]c4c3)c2c1,1,IC50,6.74,1,CHEMBL5199612
Nc1ccc2ncnc(Nc3cccc4cc[nH]c34)c2c1,1,IC50,7.6,1,CHEMBL5180325
CCCn1ccc2cc(Nc3ncnc4ccc(N)cc34)ccc21,1,IC50,6.45,1,CHEMBL5200760
C=CCn1ccc2cc(Nc3ncnc4ccc(N)cc34)ccc21,1,IC50,6.45,1,CHEMBL5169328
Nc1ccc2ncnc(Nc3ccc4c(ccn4Cc4cccc(F)c4)c3)c2c1,1,IC50,8.52,1,CHEMBL5198424
Nc1ccc2ncnc(Nc3ccc4c(ccn4Cc4cccc(Cl)c4)c3)c2c1,1,IC50,8.08,1,CHEMBL5194966
Cc1cc2cc(Nc3ncnc4ccc(N)cc34)ccc2[nH]1,1,IC50,6.59,1,CHEMBL5176588
Nc1ccc2ncnc(Nc3ccc4[nH]cc(Br)c4c3)c2c1,1,IC50,9.13,2,CHEMBL5208907
C=CC(=O)Nc1ccc2ncnc(Nc3ccc4[nH]ccc4c3)c2c1,1,IC50,7.86,2,CHEMBL5169547
O=C(CCCCl)Nc1ccc2ncnc(Nc3ccc4[nH]ccc4c3)c2c1,1,IC50,8.24,2,CHEMBL5177378
C=CC(=O)Nc1ccc2ncnc(Nc3ccc4c(ccn4Cc4cccc(F)c4)c3)c2c1,1,IC50,8.96,2,CHEMBL5204535
O=C(CCCCl)Nc1ccc2ncnc(Nc3ccc4c(ccn4Cc4cccc(F)c4)c3)c2c1,1,IC50,8.22,2,CHEMBL5172245
C=CC(=O)Nc1ccc2ncnc(Nc3ccc4[nH]cc(Br)c4c3)c2c1,1,IC50,9.42,4,CHEMBL5182567
O=C(CCCl)Nc1ccc2ncnc(Nc3ccc4[nH]cc(Br)c4c3)c2c1,1,IC50,9.14,4,CHEMBL5208454
Cc1cc(Nc2ncnc3cc(O)c(NC(=O)/C=C/[C@H]4CCCN4C)cc23)ccc1Oc1ccn2ccnc2c1,1,IC50,8.64,1,CHEMBL5192750
Cc1cc(Nc2ncnc3cc(O)c(NC(=O)/C=C/[C@H]4CCCN4C)cc23)ccc1Oc1ccn2ncnc2c1,1,IC50,8.55,1,CHEMBL5193451
Cc1cc(Nc2ncnc3cc(O)c(NC(=O)/C=C/[C@H]4CCCN4C)cc23)ccc1Oc1ccc2nccn2c1,1,IC50,8.63,1,CHEMBL5201973
Cc1cc(Nc2ncnc3cc(O)c(NC(=O)/C=C/[C@H]4CCCN4C)cc23)ccc1Oc1cnc2ccnn2c1,1,IC50,8.99,1,CHEMBL5190132
Cc1cc(Nc2ncnc3cc(O)c(NC(=O)/C=C/[C@H]4CCCN4C)cc23)ccc1Oc1cc2nccn2cn1,1,IC50,8.96,1,CHEMBL5176920
Cc1cc(Nc2ncnc3cc(O)c(NC(=O)/C=C/[C@H]4CCCN4C)cc23)ccc1Oc1ccn2cnnc2c1,1,IC50,7.64,1,CHEMBL5180965
CCOc1cc2ncnc(Nc3ccc(Oc4cc5nncn5cn4)c(C)c3)c2cc1NC(=O)/C(F)=C\[C@H]1CCCN1C,1,IC50,7.06,1,CHEMBL5170965
Cc1cc(Nc2ncnc3cc(O)c(NC(=O)/C=C/[C@H]4CCCN4C)cc23)ccc1Oc1cnn2cnnc2c1,1,IC50,7.93,1,CHEMBL5202846
CCOc1cc2ncnc(Nc3ccc(Oc4cc5nncn5cn4)c(C)c3)c2cc1NC(=O)/C(F)=C/[C@@H]1CCCN1C,1,IC50,7.49,1,CHEMBL5176854
CCOc1cc2ncnc(Nc3ccc(Oc4cc5nncn5cn4)c(C)c3)c2cc1NC(=O)/C(F)=C\[C@@H]1CCCN1C,1,IC50,7.59,1,CHEMBL5181694
C=C(F)C(=O)Nc1cc2c(Nc3ccc(Oc4cc5nncn5cn4)c(C)c3)ncnc2cc1OCC,1,IC50,8.02,1,CHEMBL5183924
CCOc1cc2ncnc(Nc3ccc(Oc4cc5nncn5cn4)c(C)c3)c2cc1NC(=O)/C(F)=C/[C@H]1CCCN1C,1,IC50,8.09,1,CHEMBL5178703
CCOc1cc2ncnc(Nc3ccc(Oc4cc5nncn5cn4)c(C)c3)c2cc1NC(=O)/C=C/[C@H]1CCCN1C,1,IC50,8.87,1,CHEMBL5184610
C=CC(=O)Nc1cc2c(Nc3ccc(Oc4cc5nncn5cn4)c(C)c3)ncnc2cc1OCC,1,IC50,8.83,1,CHEMBL5175489
Cc1cc(Nc2c(C#N)cnc3ccc(NC(=O)/C=C/[C@H]4CCCN4C)cc23)ccc1Oc1cc2nncn2cn1,1,IC50,8.5,1,CHEMBL5209046
Cc1cc(Nc2ncnc3ccc(NC(=O)/C=C/[C@H]4CCCN4C)cc23)ccc1Oc1cc2nncn2cn1,1,IC50,8.92,1,CHEMBL5179954
Cc1cc(Nc2c(C#N)cnc3ccc(NC(=O)/C=C/CN(C)C)cc23)ccc1Oc1cc2nncn2cn1,1,IC50,7.68,1,CHEMBL5180725
Cc1cc(Nc2ncnc3ccc(NC(=O)/C=C/CN(C)C)cc23)ccc1Oc1cc2nncn2cn1,1,IC50,8.67,1,CHEMBL5175873
COCC(=O)NC/C=C/c1ccc2ncnc(Nc3ccc(Oc4cc5nncn5cn4)c(C)c3)c2c1,1,IC50,6.96,1,CHEMBL5203179
Cc1cc(CS(=O)(=O)c2ccccc2)cc(OCc2ccc(CN3CCC[C@@H]3CO)cc2)c1,0,IC50 (>),5.0,1,CHEMBL3134157
Cc1cc(OCc2ccc(CN3CCC[C@@H]3CO)cc2)cc(CS(=O)(=O)c2ccccc2)c1Br,0,IC50 (>),5.0,1,CHEMBL5175977
COc1cc(N2CCC(N3CCN(C)CC3)CC2)ccc1Nc1ncc(Cl)c(-c2cn(S(C)(=O)=O)c3ccccc23)n1,1,IC50,8.72,6,CHEMBL5194174
COc1cc(N2CCC(N3CCN(C)CC3)CC2)ccc1Nc1ncc(Cl)c(-c2c[nH]c3ccccc23)n1,1,IC50,7.81,5,CHEMBL5172338
COc1cc(N2CCC(N3CCN(C)CC3)CC2)ccc1Nc1ncc(Cl)c(-c2cn(C(C)=O)c3ccccc23)n1,1,IC50,8.07,3,CHEMBL5207083
CCS(=O)(=O)n1cc(-c2nc(Nc3ccc(N4CCC(N5CCN(C)CC5)CC4)cc3OC)ncc2Cl)c2ccccc21,1,IC50,8.25,3,CHEMBL5198314
COc1cc(N2CCC(N3CCN(C)CC3)CC2)ccc1Nc1ncc(Cl)c(-c2cn(S(=O)(=O)C3CC3)c3ccccc23)n1,1,IC50,8.37,5,CHEMBL5200598
COc1cc(N2CCC(N3CCN(C)CC3)CC2)ccc1Nc1ncc(Cl)c(-c2cn(S(=O)(=O)C(C)C)c3ccccc23)n1,1,IC50,7.75,5,CHEMBL5188281
CCS(=O)(=O)n1cc(-c2nc(Nc3cc(Cl)c(N4CCC(N5CCN(C)CC5)CC4)cc3OC)ncc2Cl)c2ccccc21,1,IC50,8.37,6,CHEMBL5176897
CCS(=O)(=O)n1cc(-c2nc(Nc3cc(C)c(N4CCC(N5CCN(C)CC5)CC4)cc3OC)ncc2Cl)c2ccccc21,1,IC50,8.82,4,CHEMBL5185864
CCc1cc(Nc2ncc(Cl)c(-c3cn(S(=O)(=O)CC)c4ccccc34)n2)c(OC)cc1N1CCC(N2CCN(C)CC2)CC1,1,IC50,8.2,4,CHEMBL5172251
CCS(=O)(=O)n1cc(-c2nc(Nc3cc(C(C)C)c(N4CCC(N5CCN(C)CC5)CC4)cc3OC)ncc2Cl)c2ccccc21,1,IC50,7.13,3,CHEMBL5179495
CCS(=O)(=O)n1cc(-c2nc(Nc3cc(Cl)c(N4CCC(N5CCN(C)CC5)CC4)cc3C)ncc2Cl)c2ccccc21,1,IC50,8.8,6,CHEMBL5180778
CCOc1cc(N2CCC(N3CCN(C)CC3)CC2)c(Cl)cc1Nc1ncc(Cl)c(-c2cn(S(=O)(=O)CC)c3ccccc23)n1,1,IC50,8.38,4,CHEMBL5206683
CCS(=O)(=O)n1cc(-c2nc(Nc3cc(Cl)c(N4CCC(N5CCN(C)CC5)CC4)cc3OC(C)C)ncc2Cl)c2ccccc21,1,IC50,8.68,4,CHEMBL5209545
CCS(=O)(=O)n1cc(-c2nc(Nc3ccc(N4CCC(N5CCN(C)CC5)CC4)c(Cl)c3)ncc2Cl)c2ccccc21,1,IC50,8.66,6,CHEMBL5185922
CCS(=O)(=O)n1cc2c3ccc(cc31)OCCCCCOc1cc(ccc1N1CCOCC1)Nc1ncc(Cl)c-2n1,1,IC50,7.72,2,CHEMBL5188272
CCS(=O)(=O)n1cc2c3ccc(cc31)OCCCCCCOc1cc(ccc1N1CCOCC1)Nc1ncc(Cl)c-2n1,1,IC50,8.21,3,CHEMBL5205581
CCS(=O)(=O)n1cc2c3ccc(cc31)OCCCCCCCOc1cc(ccc1N1CCOCC1)Nc1ncc(Cl)c-2n1,1,IC50,7.05,1,CHEMBL5201250
CCS(=O)(=O)n1cc2c3ccc(cc31)OCCCCCCCCOc1cc(ccc1N1CCOCC1)Nc1ncc(Cl)c-2n1,1,IC50,6.85,1,CHEMBL5181437
CCS(=O)(=O)n1cc2c3ccc(cc31)OCCCCCCOc1cc(c(F)cc1N1CCOCC1)Nc1ncc(Cl)c-2n1,1,IC50,7.55,2,CHEMBL5197952
CCS(=O)(=O)n1cc2c3ccc(cc31)OCCCCCCOc1cc(c(Cl)cc1N1CCOCC1)Nc1ncc(Cl)c-2n1,1,IC50,8.21,2,CHEMBL5170653
CCS(=O)(=O)n1cc2c3ccc(cc31)OCCCCCCOc1cc(c(C)cc1N1CCOCC1)Nc1ncc(Cl)c-2n1,1,IC50,7.63,3,CHEMBL5193609
CCc1cc(N2CCOCC2)c2cc1Nc1ncc(Cl)c(n1)-c1cn(S(=O)(=O)CC)c3cc(ccc13)OCCCCCCO2,1,IC50,7.49,1,CHEMBL5181684
CCS(=O)(=O)n1cc2c3ccc(cc31)OCCCCCCOc1cc(c(C3CC3)cc1N1CCOCC1)Nc1ncc(Cl)c-2n1,1,IC50,7.25,2,CHEMBL5179214
CCS(=O)(=O)n1cc2c3ccc(cc31)OCCCCCCOc1cc(c(C3CCCC3)cc1N1CCOCC1)Nc1ncc(Cl)c-2n1,1,IC50,6.78,1,CHEMBL5169943
CCCCN(Cc1ccccc1)C(=O)c1ccc(S(=O)(=O)Nc2ccccc2)cc1,0,Kd (>),5.0,1,CHEMBL4790618
C#Cc1cccc(Nc2ncnc3ccc(S(=O)(=O)n4ccc(/C=C/C(=O)Nc5ccccc5N)c4)cc23)c1,1,IC50,7.11,1,CHEMBL3218001
CCC(=O)Nc1cccc(-c2c(-c3ccc(N4CCN(C)CC4)cc3)[nH]c3ncn(C4CCCCC4)c(=O)c23)c1,1,IC50,9.4,3,CHEMBL5218797
CCC(=O)Nc1cccc(-c2c(-c3ccc(N4CCN(C)CC4)cc3)[nH]c3ncnc(OC(C)C)c23)c1,1,IC50,10.0,3,CHEMBL5220645
CCC(=O)Nc1cccc(-c2c(-c3ccc(N4CCN(C)CC4)cc3)[nH]c3ncnc(OCC(C)C)c23)c1,1,IC50,9.7,4,CHEMBL5220529
OCCc1ccc(-c2nc(-c3ccc(F)cc3)c(-c3ccnc4c3CC(c3ccccc3)N4)[nH]2)cc1,1,IC50,8.12,2,CHEMBL5220061
OCCCCc1ccc(-c2nc(-c3ccc(F)cc3)c(-c3ccnc4c3CC(c3ccccc3)N4)[nH]2)cc1,1,IC50,8.08,2,CHEMBL5218879
Oc1ccc(-c2nc(-c3ccc(F)cc3)c(-c3ccnc4c3CC(c3ccccc3)N4)[nH]2)cc1,1,IC50,7.31,2,CHEMBL5218780
CCC(=O)Nc1cccc(-c2c(-c3ccccc3)[nH]c3ncnc(OC)c23)c1,1,IC50,6.75,1,CHEMBL5218821
CCCCOc1ncnc2[nH]c(-c3ccc(N4CCN(C)CC4)cc3)c(-c3cccc(NC(=O)CC)c3)c12,1,IC50,8.03,1,CHEMBL5218754
CC(=O)N[C@H]1CC[C@@H](N2C(=O)N(c3ccccc3Cl)Cc3cnc(Nc4ccc(N5CCN(C)CC5)c(C)c4)nc32)CC1,1,IC50,8.51,1,CHEMBL5219777
Cc1ccc2c(-c3ccccc3)nc(=O)n(C(C)C)c2c1,1,IC50,8.7,1,CHEMBL268501
COc1cc2ncnc(Oc3cccc(NC(=S)Nc4ccc(Cl)c(C(F)(F)F)c4)c3)c2cc1OC,1,IC50,7.7,1,CHEMBL5218459
COc1cc2ncnc(Sc3cccc(NC(=S)Nc4ccc(Br)c(C(F)(F)F)c4)c3)c2cc1OC,1,IC50,8.0,1,CHEMBL5218990
N#Cc1c(NC(=O)CNc2n[nH]c3ncccc23)sc2c1CCCC2,1,IC50,9.33,1,CHEMBL5221067
C=CC(=O)N1CCCCCCn2cc(c3ccccc32)-c2ccnc(n2)Nc2cccc1c2,1,IC50,9.47,3,CHEMBL5287438
C=CC(=O)N1CCCCCCCn2cc(c3ccccc32)-c2ccnc(n2)Nc2cccc1c2,1,IC50,9.26,3,CHEMBL5274514
C=CC(=O)N1CCCCCCCCn2cc(c3ccccc32)-c2ccnc(n2)Nc2cccc1c2,1,IC50,8.15,3,CHEMBL5286055
C=CC(=O)N1CCCCCCCCCn2cc(c3ccccc32)-c2ccnc(n2)Nc2cccc1c2,1,IC50,7.88,2,CHEMBL5272747
C=CC(=O)N1CCCCCCn2cc(c3ccccc32)-c2ccnc(n2)Nc2cc1ccc2OC,1,IC50,9.33,2,CHEMBL5269317
C=CC(=O)N1CCCCCCCn2cc(c3ccccc32)-c2ccnc(n2)Nc2cc1ccc2OC,1,IC50,9.19,2,CHEMBL5289304
C=CC(=O)N1CCCCCCn2cc(c3ccccc32)-c2ccnc(n2)Nc2cc1ccc2F,1,IC50,9.66,2,CHEMBL5290583
C=CC(=O)N1CCCCCCCn2cc(c3ccccc32)-c2ccnc(n2)Nc2cc1ccc2F,1,IC50,9.27,2,CHEMBL5286636
C=CC(=O)N1CCCCCCn2cc(c3ccccc32)-c2ccnc(n2)Nc2cc1c(OCCCF)cc2F,1,IC50,9.22,2,CHEMBL5273197
C=CC(=O)N1CCCCCCCn2cc(c3ccccc32)-c2ccnc(n2)Nc2cc1c(OCCCF)cc2F,1,IC50,8.53,2,CHEMBL5266919
CC(=O)N1CCC(c2cc3c(N[C@H](C)c4cc(N)cc(C(F)(F)F)c4)nc(C)nc3n(C)c2=O)CC1,0,IC50 (>),5.0,1,CHEMBL5274267
COc1cc2ncnc(Nc3ccc(O[C@H]4CO[C@H]5[C@@H]4OC[C@@H]5O)c(Cl)c3)c2cc1OC,1,IC50,8.28,1,CHEMBL5272200
Fc1ccc(C2=Nc3ccc(F)cc3CN2/N=C\c2ccccc2)cc1,1,IC50,7.12,1,CHEMBL5283543
CCCOCCSc1nc(-c2ccccc2Cl)nn1CCOCCC,1,IC50,6.06,1,CHEMBL5284528
O=C(/C=C/c1ccc(F)cc1)c1cc(Br)cc2cc(-c3ccccc3)oc12,1,IC50,7.05,1,CHEMBL5276251
Cc1cc(NC2=NC(=O)/C(=C/c3c4ccccc4cc4ccccc34)S2)no1,1,IC50,7.35,1,CHEMBL5272853
O=C(CCCCCn1cc(-c2ccc3ncnc(Nc4ccc(Br)cc4F)c3c2)nn1)NO,1,IC50,7.99,1,CHEMBL5280359
CC(=O)O[C@H]1CC[C@]2(C)[C@H]3CC=C4[C@@H]5CC(C)(C)CC[C@]5(C(=O)OCCCC[N+](=O)[O-])CC[C@@]4(C)[C@]3(C)CC[C@H]2C1(C)CO,1,IC50,8.0,1,CHEMBL5287477
Cc1ccc2c(=O)n(Cc3ccccc3)c(SCc3cn(-c4ccc(C(=O)O)cc4)nn3)nc2c1,1,IC50,7.41,1,CHEMBL5266387
COc1ccc(CNc2nc3ccccc3c(NCc3ccc(OC)cc3)c2[N+](=O)[O-])cc1,1,IC50,6.66,1,CHEMBL5286373
C=CC(=O)Nc1ccc2ncc(NC(=O)Nc3ccccc3)nc2c1,1,IC50,7.75,2,CHEMBL5272590
Cc1ccc(NC(=O)CSc2nc3cc4ccccc4cc3c(=O)n2-c2ccc(S(N)(=O)=O)cc2)cc1,1,IC50,8.05,1,CHEMBL5277831
Cc1ccccc1NC(=O)CSc1nc2cc3ccccc3cc2c(=O)n1-c1ccc(S(N)(=O)=O)cc1,1,IC50,7.92,1,CHEMBL5280584
CCc1cccc(NC(=O)CSc2nc3cc4ccccc4cc3c(=O)n2-c2ccc(S(N)(=O)=O)cc2)c1,1,IC50,7.66,1,CHEMBL5281270
CN1C(=O)c2ccc(NC(=O)CSc3nc4cc5ccccc5cc4c(=O)n3-c3ccc(S(N)(=O)=O)cc3)cc2C1=O,1,IC50,6.19,1,CHEMBL5270336
COc1cc2ncnc(Nc3ccc(OCCn4ccnc4[N+](=O)[O-])c(Cl)c3)c2cc1OCCCN1CCOCC1,1,IC50,6.92,1,CHEMBL5270419
NS(=O)(=O)c1ccc(CCn2c(SCC(=O)Nc3ccc(Cl)cc3)nc3ccccc3c2=O)cc1,1,IC50,6.7,1,CHEMBL5199520
CCCCCCCCCNc1nc2ccccc2c2c(C(=O)c3ccc(F)cc3)c(N)cn12,1,IC50,6.8,1,CHEMBL5282557
C=CC(=O)Nc1ccccc1Nc1ncnc2cc(OC)c(OCCN3CCOCC3)cc12,1,IC50,8.37,2,CHEMBL5283875
CCCN(c1ccc(F)c(Cl)c1)c1ncnc2cc(OC)c(OCCCN3CCOCC3)cc12,1,IC50,7.67,1,CHEMBL5286575
CN(C)CCn1cccc1/C=N/NC(=O)Nc1cc2c(Nc3ccc(F)c(Cl)c3)ncnc2cc1O[C@H]1CCOC1,1,IC50,10.3,2,CHEMBL5271803
O=C(N/N=C/c1cnc(N2CCCC2)nc1)Nc1cc2c(Nc3ccc(F)c(Cl)c3)ncnc2cc1O[C@H]1CCOC1,1,IC50,8.2,2,CHEMBL5289358
CCN(CC)CCNCc1ccc(-c2ccc3ncnc(Nc4ccc(OCc5cccc(F)c5)c(Cl)c4)c3c2)o1,1,IC50,7.81,1,CHEMBL5280092
C#Cc1cccc(Nc2ncnc3cc(OC)c(OCCCN4CCOCC4)cc23)c1,1,IC50,9.09,4,CHEMBL5281903
O=c1c2ccc(Cl)cc2nc(-c2ccccc2)n1-c1nnc(-c2ccccc2C2CC2)o1,1,IC50,6.99,1,CHEMBL5291481
COc1ccc(-c2nnc(-n3c(-c4ccccc4)nc4cc(Cl)ccc4c3=O)o2)cc1,1,IC50,7.68,1,CHEMBL5279539
COc1ccc2nc(Cl)c(/C=C/C(=O)c3ccc(C)cc3)cc2c1,1,IC50,7.43,1,CHEMBL5274305
COc1ccc2nc(Cl)c(C3CC(c4ccc(C)cc4)=NN3c3nc(-c4ccc(F)cc4)cs3)cc2c1,1,IC50,7.5,1,CHEMBL5273741
COc1ccc2nc(Cl)c(C3CC(c4ccc(C)cc4)=NN3c3nc(C)c(C(=O)Nc4ccccc4)s3)cc2c1,1,IC50,7.37,1,CHEMBL5269307
Fc1ccc(Nc2ncnc3ccc4c(c23)OCCN4)cc1Cl,1,IC50,7.06,1,CHEMBL5269391
Brc1cccc(Nc2ncnc3ccc4c(c23)OCCN4)c1,1,IC50,6.92,1,CHEMBL5287505
FC(F)(F)c1cccc(Nc2ncnc3ccc4c(c23)OCCN4)c1,1,IC50,6.03,1,CHEMBL5280531
CC(=O)N1CCOc2c1ccc1ncnc(Nc3ccc(F)c(Cl)c3)c21,1,IC50,7.33,1,CHEMBL5269684
CC(=O)N1CCOc2c1ccc1ncnc(Nc3cccc(Br)c3)c21,1,IC50,7.34,1,CHEMBL5275916
CC(=O)N1CCOc2c1ccc1ncnc(Nc3cccc(C(F)(F)F)c3)c21,1,IC50,6.27,1,CHEMBL5267140
CCC(=O)N1CCOc2c1ccc1ncnc(Nc3ccc(F)c(Cl)c3)c21,1,IC50,7.15,1,CHEMBL5278452
CCC(=O)N1CCOc2c1ccc1ncnc(Nc3cccc(Br)c3)c21,1,IC50,7.15,1,CHEMBL5271937
CCC(=O)N1CCOc2c1ccc1ncnc(Nc3cccc(C(F)(F)F)c3)c21,1,IC50,6.08,1,CHEMBL5271978
CN1CCN(CCC(=O)N2CCOc3c2ccc2ncnc(Nc4ccc(F)c(Cl)c4)c32)CC1,1,IC50,7.59,1,CHEMBL5286368
CN1CCN(CCC(=O)N2CCOc3c2ccc2ncnc(Nc4cccc(Br)c4)c32)CC1,1,IC50,7.39,1,CHEMBL5276304
CN1CCN(CCC(=O)N2CCOc3c2ccc2ncnc(Nc4cccc(C(F)(F)F)c4)c32)CC1,1,IC50,6.83,1,CHEMBL5290595
COCCOc1cc2ncnc(Nc3cccc(Cl)c3)c2c2c1OC(COC)CO2,1,IC50,7.99,1,CHEMBL5284397
Cc1nnc2n1N=C(c1ccccc1OCCNCCCNCCOc1ccccc1C1=Nn3c(C)nnc3SC1)CS2,1,IC50,7.19,1,CHEMBL5275672
CN(CCOC(=O)c1ccc(C(=O)Nc2ncnc3c2c(-c2ccc(Cl)cc2)nn3C(C)(C)C)nc1)Cc1ccc(C(=O)Nc2ccc3ncnc(Nc4cccc(Cl)c4)c3c2)cc1,1,IC50,6.21,1,CHEMBL5277101
COc1cccc(-c2cc(=O)c3ccccc3o2)c1NC(=O)OCCOC(=O)NCCN(C)CCN/N=N/c1ccc2c(Nc3cccc(Cl)c3)ncnc2c1,1,IC50,6.99,1,CHEMBL5290094
O=c1[nH]c(/C=C/c2cccc(F)c2)nc2ccccc12,0,IC50 (>),5.0,1,CHEMBL5267057
N#C/C(=C/C(=O)N1CCC[C@@H](n2nc(-c3cnc4[nH]ccc4c3)c3c(N)ncnc32)C1)C1CC1,1,IC50,8.7,3,CHEMBL5268867
C=CC(=O)N1CCC[C@H](n2nc(C(=O)c3ccc(CC(=O)N(C)C)c(C)c3C)c3c(N)ncnc32)C1,1,IC50,7.19,1,CHEMBL5286014
COc1cccc(-c2cn(-c3ccc(CCN4CCC(O)CC4)cc3)c3ncnc(N)c23)c1,1,IC50,6.82,1,CHEMBL475584
N=C1N=C(NCCS(=O)(=O)O)/C(=C/C(O)CNC(=O)c2cc(Br)c(Br)[nH]2)N1,0,IC50,4.35,1,CHEMBL1095259
N=C1N=C(NCCS(=O)(=O)O)/C(=C/C(O)CNC(=O)c2cc(Br)c[nH]2)N1,0,IC50,4.35,1,CHEMBL4575427
COc1cc(C(=NC#N)c2csc(-c3ccccc3)n2)cc(OC)c1OC,1,IC50,7.7,1,CHEMBL5279914
COc1cc(C(=O)c2csc(-c3ccc4[nH]ccc4c3)n2)cc(OC)c1OC,1,IC50,8.1,1,CHEMBL1830231
O=C(NC1=NC2C(=O)NN=C(c3ccc(Br)cc3)C2S1)Nc1ccc(Cl)cc1,1,IC50,7.1,1,CHEMBL5274657
COc1cc2c(Nc3ccc(-c4ccccc4)cc3)ncnc2cc1OCC1CCN(C)CC1,1,IC50,6.21,1,CHEMBL5288957
COc1cc2c(Nc3ccc(Cc4ccccc4)cc3)ncnc2cc1OCC1CCN(C)CC1,1,IC50,6.17,1,CHEMBL5274670
COc1cc2c(Nc3ccc(Nc4ccccc4)cc3)ncnc2cc1OCC1CCN(C)CC1,0,IC50 (>),5.0,1,CHEMBL5267136
COc1cc2c(Nc3ccc(Oc4ccccc4)cc3)ncnc2cc1OCC1CCN(C)CC1,1,IC50,6.89,1,CHEMBL5284848
COc1cc2c(Nc3ccc(Sc4ccccc4)cc3)ncnc2cc1OCC1CCN(C)CC1,1,IC50,6.85,1,CHEMBL5271568
COc1cc2c(Nc3ccc([S+]([O-])c4ccccc4)cc3)ncnc2cc1OCC1CCN(C)CC1,1,IC50,6.17,1,CHEMBL5281945
COc1cc2c(Nc3ccc(S(=O)(=O)c4ccccc4)cc3)ncnc2cc1OCC1CCN(C)CC1,1,IC50,6.26,1,CHEMBL5289352
COc1cc2c(Nc3ccc(Oc4ccccn4)cc3)ncnc2cc1OCC1CCN(C)CC1,1,IC50,6.15,1,CHEMBL5280288
COc1cc2c(Nc3ccc(Oc4cccnc4)cc3)ncnc2cc1OCC1CCN(C)CC1,0,IC50 (>),5.0,1,CHEMBL5289511
COc1cc2c(Nc3ccc(Oc4ccncc4)cc3)ncnc2cc1OCC1CCN(C)CC1,0,IC50 (>),5.0,1,CHEMBL5266759
COc1cc2c(Nc3ccc(OC4CCCCC4)cc3)ncnc2cc1OCC1CCN(C)CC1,0,IC50 (>),5.0,1,CHEMBL5282516
COCCOc1ccc(Nc2ncnc3cc(OCC4CCN(C)CC4)c(OC)cc23)cc1,0,IC50 (>),5.0,1,CHEMBL5281434
COc1cc2c(Nc3ccc(Oc4ccccc4)cc3F)ncnc2cc1OCC1CCN(C)CC1,1,IC50,7.33,1,CHEMBL5268092
COc1cc2c(Nc3ccc(Oc4ccccc4)cc3Br)ncnc2cc1OCC1CCN(C)CC1,1,IC50,6.02,1,CHEMBL5290503
COc1cc2c(Nc3ccc(Oc4ccccc4)cc3C)ncnc2cc1OCC1CCN(C)CC1,1,IC50,7.47,1,CHEMBL5271155
COc1cc2c(Nc3ccc(Oc4ccccc4)c(F)c3)ncnc2cc1OCC1CCN(C)CC1,0,IC50 (>),5.0,1,CHEMBL5273819
COc1cc2c(Nc3ccc(Oc4ccccc4)c(Cl)c3)ncnc2cc1OCC1CCN(C)CC1,1,IC50,6.97,1,CHEMBL5275486
COc1cc2c(Nc3ccc(Oc4ccccc4)c(Br)c3)ncnc2cc1OCC1CCN(C)CC1,1,IC50,8.15,1,CHEMBL5280471
COc1cc2c(Nc3ccc(Oc4ccccc4)c(C)c3)ncnc2cc1OCC1CCN(C)CC1,1,IC50,7.66,1,CHEMBL5284179
COc1cc2c(Nc3ccc(Oc4ccccc4F)cc3)ncnc2cc1OCC1CCN(C)CC1,1,IC50,7.7,1,CHEMBL5290340
COc1cc2c(Nc3ccc(Oc4ccccc4Cl)cc3)ncnc2cc1OCC1CCN(C)CC1,1,IC50,7.39,1,CHEMBL5279933
COc1cc2c(Nc3ccc(Oc4ccccc4Br)cc3)ncnc2cc1OCC1CCN(C)CC1,1,IC50,6.8,1,CHEMBL5268062
COc1cc2c(Nc3ccc(Oc4ccccc4C)cc3)ncnc2cc1OCC1CCN(C)CC1,1,IC50,7.5,1,CHEMBL5284866
COc1cc2c(Nc3ccc(Oc4cccc(F)c4)cc3)ncnc2cc1OCC1CCN(C)CC1,1,IC50,7.44,1,CHEMBL5273000
COc1cc2c(Nc3ccc(Oc4cccc(Cl)c4)cc3)ncnc2cc1OCC1CCN(C)CC1,1,IC50,6.14,1,CHEMBL5290879
COc1cc2c(Nc3ccc(Oc4cccc(C)c4)cc3)ncnc2cc1OCC1CCN(C)CC1,1,IC50,6.45,1,CHEMBL5273342
COc1cc2c(Nc3ccc(Oc4ccc(F)cc4)cc3)ncnc2cc1OCC1CCN(C)CC1,1,IC50,6.05,1,CHEMBL5280575
COc1cc2c(Nc3ccc(Oc4ccc(Cl)cc4)cc3)ncnc2cc1OCC1CCN(C)CC1,1,IC50,6.47,1,CHEMBL5280292
COc1cc2c(Nc3ccc(Oc4ccc(C)cc4)cc3)ncnc2cc1OCC1CCN(C)CC1,1,IC50,6.64,1,CHEMBL5265927
COc1ccc(Oc2ccc(Nc3ncnc4cc(OCC5CCN(C)CC5)c(OC)cc34)cc2)cc1,0,IC50 (>),5.0,1,CHEMBL5267362
COc1cc2c(Nc3ccc(Oc4ccc(C#N)cc4)cc3)ncnc2cc1OCC1CCN(C)CC1,0,IC50 (>),5.0,1,CHEMBL5277339
COc1cc2c(Nc3ccc(Oc4ccc(C(C)=O)cc4)cc3)ncnc2cc1OCC1CCN(C)CC1,0,IC50 (>),5.0,1,CHEMBL5283714
COc1cc2c(Nc3ccc(Oc4ccc(C(N)=O)cc4)cc3)ncnc2cc1OCC1CCN(C)CC1,0,IC50 (>),5.0,1,CHEMBL5267924
CNC(=O)c1ccc(Oc2ccc(Nc3ncnc4cc(OCC5CCN(C)CC5)c(OC)cc34)cc2)cc1,0,IC50 (>),5.0,1,CHEMBL5270822
COc1cc2ncnc(Nc3ccc(Oc4ccccc4)cc3)c2cc1OC,1,IC50,6.43,1,CHEMBL97771
C=CC(=O)N1CCC(C2CCNc3c(C(N)=O)c(-c4ccc(Oc5ccccc5)cc4)nn32)CC1,1,IC50,8.92,1,CHEMBL3973435
C=CC(=O)N1CCC(C2CCNc3c(C(N)=O)c(-c4ccc(Oc5ccc(F)cc5F)cc4)nn32)CC1,1,IC50,7.75,1,CHEMBL3935034
C=CC(=O)N1CCC(C2CCNc3c(C(N)=O)c(-c4ccc(Oc5ccccc5)c(Cl)c4)nn32)CC1,1,IC50,8.77,1,CHEMBL3902845
C=CC(=O)N1CCC(C2CCNc3c(C(N)=O)c(-c4ccc(Oc5ccccc5)c(O)c4)nn32)CC1,1,IC50,7.21,1,CHEMBL5274187
C=CC(=O)N1CCC(C2CCNc3c(C(N)=O)c(-c4ccc(Oc5ccccc5)c(OC)c4)nn32)CC1,1,IC50,7.96,1,CHEMBL3927293
C=CC(=O)N1CCC(C2CCNc3c(C(N)=O)c(-c4cc(Cl)c(Cl)c(Cl)c4)nn32)CC1,1,IC50,6.15,1,CHEMBL5266477
C=CC(=O)N1CCC(C2CCNc3c(C(N)=O)c(-c4cc(Cl)c(Br)c(Cl)c4)nn32)CC1,1,IC50,6.22,1,CHEMBL5283553
C=CC(=O)N1CCC(C2CCNc3c(C(N)=O)c(-c4cc(Cl)c(Br)c(OC)c4)nn32)CC1,1,IC50,6.18,1,CHEMBL5272121
C=CC(=O)N1CCC(C2CCNc3c(C(N)=O)c(-c4cc(OC)c5ccoc5c4)nn32)CC1,1,IC50,6.57,1,CHEMBL5288582
C=CC(=O)N1CCC(C2CCNc3c(C(N)=O)c(-c4cc(OC)c5ccsc5c4)nn32)CC1,1,IC50,7.0,1,CHEMBL5273525
C=CC(=O)N1CCC(C2CCNc3c(C(N)=O)c(-c4cc(OC)c5c(C)csc5c4)nn32)CC1,1,IC50,7.64,1,CHEMBL5266823
C=CC(=O)N1CCC(C2CCNc3c(C(N)=O)c(-c4cc(OC)c5c(c4)OCC5(C)C)nn32)CC1,1,IC50,6.89,1,CHEMBL5268388
C=CC(=O)N1CCC([C@@H]2CCNc3c(C(N)=O)c(-c4cc(OC)c(C)c(OC)c4)nn32)CC1,1,IC50,6.21,2,CHEMBL5276374
C=CC(=O)N1CCC([C@@H]2CCNc3c(C(N)=O)c(-c4cc(OC)c(C5CC5)c(OC)c4)nn32)CC1,1,IC50,6.35,1,CHEMBL5288751
C=CC(=O)Nc1ccccc1C1CCNc2c(C(N)=O)c(-c3cc(OC)c(C)c(OC)c3)nn21,1,IC50,7.75,1,CHEMBL5282956
C=CC(=O)Nc1ccccc1C1CCNc2c(C(N)=O)c(-c3cc(OC)c(C4CC4)c(OC)c3)nn21,1,IC50,7.19,1,CHEMBL5272404
COc1cc2ncnc(NCCOc3ccccc3F)c2cc1OC,1,IC50,7.36,1,CHEMBL5270270
C=CC(=O)N1CCC(Oc2cc3c(Nc4ccc(Cl)c(Cl)c4F)ncnc3cc2O[C@H]2CCOC2)CC1,1,IC50,10.28,5,CHEMBL5282641
C=CC(=O)N1CCC(Oc2cc3c(Nc4ccc(Cl)c(Cl)c4F)ncnc3cc2O[C@@H]2CCOC2)CC1,1,IC50,9.62,1,CHEMBL5280967
C=CC(=O)N1CCC(Oc2cc3c(Nc4ccc(Cl)c(Cl)c4F)ncnc3cc2OCC2CCOC2)CC1,1,IC50,9.26,1,CHEMBL5281167
C=CC(=O)N1CCC(Oc2cc3c(Nc4ccc(Cl)c(Cl)c4F)ncnc3cc2OC2CCOCC2)CC1,1,IC50,8.75,1,CHEMBL5286007
C=CC(=O)N1CCC(Oc2cc3c(Nc4ccc(Cl)c(Cl)c4F)ncnc3cc2OC[C@@H]2CCCN2C)CC1,1,IC50,7.72,1,CHEMBL5284701
C=CC(=O)N1CCC(Oc2cc3c(Nc4ccc(Cl)c(Cl)c4F)ncnc3cc2OC[C@H]2CCCN2C)CC1,1,IC50,7.08,1,CHEMBL5273261
C=CC(=O)N1CCC(Oc2cc3c(Nc4ccc(Cl)c(Cl)c4F)ncnc3cc2O[C@@H](C)CC)CC1,1,IC50,8.92,1,CHEMBL5281140
C=CC(=O)N1CCC(Oc2cc3c(Nc4ccc(Cl)c(Cl)c4F)ncnc3cc2O[C@H](C)CC)CC1,1,IC50,7.97,1,CHEMBL5266601
C=CC(=O)N1CCC(Oc2cc3c(Nc4ccc(Cl)c(Cl)c4F)ncnc3cc2O[C@H]2CCN(C)C2)CC1,1,IC50,8.78,1,CHEMBL5281205
C=CC(=O)N1CCC(Oc2cc3c(Nc4ccc(Cl)c(Cl)c4F)ncnc3cc2O[C@@H]2CCN(C)C2)CC1,1,IC50,8.98,1,CHEMBL5280664
C=CC(=O)N1CCC(Oc2cc3c(Nc4ccc(Cl)c(Cl)c4F)ncnc3cc2O[C@@H](C)CCCCCC)CC1,1,IC50,6.64,1,CHEMBL5290095
C=CC(=O)N1CCC(Oc2cc3c(Nc4ccc(Cl)c(Cl)c4F)ncnc3cc2O[C@H](C)CCCCCC)CC1,1,IC50,6.57,1,CHEMBL5270309
C=CC(=O)N1CCC(Oc2cc3c(Nc4ccc(Cl)c(Cl)c4F)ncnc3cc2O[C@@H](C)CC(C)C)CC1,1,IC50,7.41,1,CHEMBL5272004
C=CC(=O)N1CCC(Oc2cc3c(Nc4cccc(Cl)c4F)ncnc3cc2O[C@H]2CCOC2)CC1,1,IC50,10.57,5,CHEMBL5288888
C=CC(=O)N1CCC(Oc2cc3c(Nc4ccc(Cl)cc4F)ncnc3cc2O[C@H]2CCOC2)CC1,1,IC50,9.47,1,CHEMBL5268781
C=CC(=O)N1CCC(Oc2cc3c(Nc4ccc(F)c(Cl)c4)ncnc3cc2O[C@H]2CCOC2)CC1,1,IC50,9.81,1,CHEMBL5274692
C=CC(=O)N1CCC(Oc2cc3c(Nc4ccc(F)c(F)c4F)ncnc3cc2O[C@H]2CCOC2)CC1,1,IC50,9.39,1,CHEMBL5271930
C#Cc1cccc(Nc2ncnc3cc(O[C@H]4CCOC4)c(OC4CCN(C(=O)C=C)CC4)cc23)c1,1,IC50,8.78,1,CHEMBL5266649
C=CC(=O)N1CCC(Oc2cc3c(Nc4cccc(C#N)c4)ncnc3cc2O[C@H]2CCOC2)CC1,1,IC50,7.97,1,CHEMBL5288249
C=CC(=O)N1CCC(Oc2cc3c(Nc4ccc(OCc5ccccn5)c(Cl)c4)ncnc3cc2O[C@H]2CCOC2)CC1,1,IC50,8.92,1,CHEMBL5270938
C=CC(=O)N1CCC(Oc2cc3c(Nc4ccc(OCc5cccc(F)c5)c(Cl)c4)ncnc3cc2O[C@H]2CCOC2)CC1,1,IC50,6.64,1,CHEMBL5290971
O=C(/C=C/C(F)(F)F)N1CCC(Oc2cc3c(Nc4ccc(Cl)c(Cl)c4F)ncnc3cc2O[C@H]2CCOC2)CC1,1,IC50,9.09,1,CHEMBL5281741
O=C(/C=C/C(F)(F)F)N1CCC(Oc2cc3c(Nc4ccc(Cl)c(Cl)c4F)ncnc3cc2O[C@@H]2CCOC2)CC1,1,IC50,8.81,1,CHEMBL5283507
CN(C)C/C=C/C(=O)N1CCC(Oc2cc3c(Nc4ccc(Cl)c(Cl)c4F)ncnc3cc2O[C@H]2CCOC2)CC1,1,IC50,9.09,1,CHEMBL5277739
CN(C)C/C=C/C(=O)N1CCC(Oc2cc3c(Nc4ccc(Cl)c(Cl)c4F)ncnc3cc2O[C@@H]2CCOC2)CC1,1,IC50,7.89,1,CHEMBL5281748
C=CC(=O)N1CCC(n2cc(-c3cnc4ccccc4c3)c3c(N)ncnc32)C1,1,IC50,8.92,1,CHEMBL5265881
C=CC(=O)N1CC[C@@H](n2cc(-c3cnc4ccccc4c3)c3c(N)ncnc32)C1,1,IC50,9.4,1,CHEMBL5291403
C=CC(=O)N1CC[C@H](n2cc(-c3cnc4ccccc4c3)c3c(N)ncnc32)C1,1,IC50,6.96,1,CHEMBL5289003
C=CC(=O)N1CC[C@@H](n2nc(-c3cnc4ccccc4c3)c3c(N)ncnc32)C1,1,IC50,8.27,1,CHEMBL5291034
C=CC(=O)N1CC[C@H](n2nc(-c3cnc4ccccc4c3)c3c(N)ncnc32)C1,1,IC50,6.13,1,CHEMBL5272088
CCc1c(C(=O)NCCc2ccccc2)[nH]c2ccc(C)cc12,1,IC50,6.87,1,CHEMBL5287042
CCc1c(C(=O)NCCc2ccc(N3CCCCC3)cc2)[nH]c2ccc(C)cc12,1,IC50,6.93,1,CHEMBL5287016
CCc1c(C(=O)NCCc2ccc(N3CCOCC3)cc2)[nH]c2ccc(C(F)(F)F)cc12,1,IC50,7.03,1,CHEMBL5289560
CCc1c(C(=O)NCCc2ccc(N3CCOCC3)cc2)[nH]c2ccc(C)cc12,1,IC50,7.07,1,CHEMBL5280635
Cc1c(C(=O)NCCc2ccc(N3CCOCC3)cc2)[nH]c2ccc(Cl)cc12,1,IC50,7.05,1,CHEMBL5281464
Cc1c(C(=O)NCCc2ccc(N3CCCC3C)cc2)[nH]c2ccc(Cl)cc12,1,IC50,7.03,1,CHEMBL5267773
Cc1c(C(=O)NCCc2ccc(F)cc2)[nH]c2cc(F)ccc12,1,IC50,7.01,1,CHEMBL5280144
COc1cc(/C=C2\CC(C)C/C(=C\c3cc(OC)c(OC)c(OC)c3Br)C2=NO)c(Br)c(OC)c1OC,1,IC50,6.3,1,CHEMBL5275872
COc1cc(/C=C2\CN(C)C/C(=C\c3cc(OC)c(OC)c(OC)c3Br)C2=NO)c(Br)c(OC)c1OC,1,IC50,7.16,1,CHEMBL5279636
CCN(CC)CCON=C1/C(=C/c2cc(OC)c(OC)c(OC)c2Br)CN(C)C/C1=C\c1cc(OC)c(OC)c(OC)c1Br,1,IC50,7.3,1,CHEMBL5271106
C=CC(=O)N1CCC[C@H](n2nc(-c3ccc(Oc4ccccc4)cc3C)c3c(N)ncnc32)C1,1,IC50,6.71,1,CHEMBL5271284
C=CC(=O)N1CCC[C@H](n2nc(-c3c(C)cc(Oc4ccccc4)cc3C)c3c(N)ncnc32)C1,0,IC50 (>),5.0,1,CHEMBL5278149
CC(=O)Nc1nc(C(=O)NNC(=O)CCN2CCN(C)CC2)cs1,1,IC50,6.88,1,CHEMBL5276173
CC(=O)Nc1nc(C(=O)NNC(=O)CCN2CCOCC2)cs1,1,IC50,6.84,1,CHEMBL5269071
C=CC(=O)Nc1cc(Nc2ncc(Cl)c(Nc3ccccc3S(=O)(=O)NC3CC3)n2)c(OC)cc1N(C)CCN(C)C,1,IC50,9.14,3,CHEMBL5284780
COc1cc(N2CCC(N(C)C)CC2)ccc1Nc1ncc(C(=O)OC(C)C)c(-c2cn(C)c3ccccc23)n1,1,IC50,9.4,3,CHEMBL5280082
COc1cc(N2CCN(C)CC2)ccc1Nc1nccc(-c2cn(C)c3ccccc23)n1,1,IC50,8.27,3,CHEMBL5285308
COc1cc(N2CCC(N(C)C)CC2)ccc1Nc1ncc(C(=O)OC(C)C)c(-c2c[nH]c3ccccc23)n1,1,IC50,9.8,3,CHEMBL5289859
COc1cc(N2CCN(C)CC2)ccc1Nc1ncc(C(=O)Oc2ccccc2)c(-c2cn(C)c3ccccc23)n1,1,IC50,10.3,5,CHEMBL5284924
COc1cc(N2CCN(C)CC2)ccc1Nc1ncc(C(=O)Oc2ccc(F)cc2)c(-c2cn(C)c3ccccc23)n1,1,IC50,9.82,3,CHEMBL5285052
COc1cc(N2CCC(N(C)C)CC2)ccc1Nc1ncc(C(=O)OC(C)C)c(-c2cn(C(C)=O)c3ccccc23)n1,1,IC50,9.07,3,CHEMBL5288276
COc1cc(N2CCC(N)CC2)ccc1Nc1ncc(C(=O)OC(C)C)c(-c2cn(C)c3ccccc23)n1,1,IC50,9.46,5,CHEMBL5287229
COc1cc(N2CCN(C)CC2)ccc1Nc1ncc(C(=O)OC(C)C)c(-c2cn(C)c3ccccc23)n1,1,IC50,9.77,6,CHEMBL5275642
CCOC(=O)c1cnc(Nc2ccc(N3CCN(C)CC3)cc2OC)nc1-c1cn(C)c2ccccc12,1,IC50,9.17,3,CHEMBL5278657
COC(=O)c1cnc(Nc2ccc(N3CCN(C)CC3)cc2OC)nc1-c1cn(C)c2ccccc12,1,IC50,8.47,3,CHEMBL5269375
COc1cc(N2CCC(N(C)C)CC2)ccc1Nc1ncc(C(=O)Oc2ccccc2)c(-c2c[nH]c3ccccc23)n1,1,IC50,11.0,4,CHEMBL5270693
CN1CCN(c2ccc(Nc3ncc(Cl)c(Nc4ccc5[nH]ccc5c4)n3)cc2)CC1,1,IC50,7.34,3,CHEMBL5284972
CN1CCN(c2ccc(Nc3nccc(Nc4ccc5[nH]ccc5c4)n3)cc2)CC1,1,IC50,7.31,3,CHEMBL5267338
CN1CCN(c2ccc(Nc3ncc(C(F)(F)F)c(Nc4ccc5[nH]ccc5c4)n3)cc2)CC1,1,IC50,6.99,2,CHEMBL5282227
CN1CCN(c2ccc(Nc3ncc([N+](=O)[O-])c(Nc4ccc5[nH]ccc5c4)n3)cc2)CC1,1,IC50,6.04,1,CHEMBL5272096
COc1cnc(Nc2ccc(N3CCN(C)CC3)cc2)nc1Nc1ccc2[nH]ccc2c1,1,IC50,6.81,2,CHEMBL5270506
Cc1cnc(Nc2ccc(N3CCN(C)CC3)cc2)nc1Nc1ccc2[nH]ccc2c1,1,IC50,6.77,2,CHEMBL5198664
CN1CCN(c2ccc(Nc3ncc(F)c(Nc4ccc5[nH]ccc5c4)n3)cc2)CC1,1,IC50,6.74,2,CHEMBL5271043
CN1CCN(c2ccc(Nc3ncc(Br)c(Nc4ccc5[nH]ccc5c4)n3)cc2)CC1,1,IC50,7.46,2,CHEMBL5287550
CN1CCN(c2ccc(Nc3nc(Nc4ccc5[nH]ccc5c4)c4cn[nH]c4n3)cc2)CC1,1,IC50,6.98,3,CHEMBL5267161
CN1CCN(c2ccc(Nc3ncc(Br)c(Nc4ccc5cc[nH]c5c4)n3)cc2)CC1,1,IC50,7.72,1,CHEMBL5287295
CN1CCN(c2ccc(Nc3ncc(Br)c(Nc4ccc5[nH]ncc5c4)n3)cc2)CC1,1,IC50,7.41,2,CHEMBL5277940
CN1CCN(c2ccc(Nc3ncc(Br)c(Nc4ccc5[nH]c(Cc6cccc(F)c6)cc5c4)n3)cc2)CC1,1,IC50,7.31,2,CHEMBL5288264
CN1CCN(c2ccc(Nc3ncc(Br)c(Nc4ccc5ccn(C)c5c4)n3)cc2)CC1,1,IC50,7.68,1,CHEMBL5272533
CN1CCN(c2ccc(Nc3ncc(Br)c(Nc4ccc5c(c4)CCC5)n3)cc2)CC1,1,IC50,7.46,1,CHEMBL5274133
CN1CCN(c2ccc(Nc3ncc(Br)c(Nc4ccc5nccnc5c4)n3)cc2)CC1,1,IC50,6.63,2,CHEMBL5272206
C=CC(=O)Nc1cc(Nc2ncc(Br)c(Nc3ccc4cc[nH]c4c3)n2)ccc1N(C)CCN(C)C,1,IC50,8.06,2,CHEMBL5289059
C=CC(=O)Nc1cc(Nc2ncc(Br)c(Nc3ccc4cc[nH]c4c3)n2)ccc1N1CCN(C)CC1,1,IC50,7.79,2,CHEMBL5286092
CCC(=O)Nc1cc(Nc2ncc(Br)c(Nc3ccc4cc[nH]c4c3)n2)c(OC)cc1N1CCN(C)CC1,1,IC50,8.57,2,CHEMBL5291434
C=CC(=O)Nc1cc(Nc2ncc(Br)c(Nc3ccc4ccn(C)c4c3)n2)ccc1N1CCN(C)CC1,1,IC50,7.56,2,CHEMBL5272858
C=CC(=O)Nc1cc(Nc2ncc(Br)c(Nc3ccc4ccn(C)c4c3)n2)c(OC)cc1N1CCN(C)CC1,1,IC50,8.39,2,CHEMBL5270334
C=CC(=O)Nc1cc(Nc2ncc(Br)c(Nc3ccc4c(c3)CCC4)n2)ccc1N(C)CCN(C)C,1,IC50,9.22,2,CHEMBL5271151
C=CC(=O)Nc1cc(Nc2ncc(Br)c(Nc3ccc4c(c3)CCC4)n2)ccc1N1CCN(C)CC1,1,IC50,7.56,2,CHEMBL5265870
C=CC(=O)Nc1cc(Nc2ncc(Br)c(Nc3ccc4c(c3)CCC4)n2)c(OC)cc1N1CCN(C)CC1,1,IC50,8.49,2,CHEMBL5269747
C=CC(=O)Nc1cc(Nc2nccc(Nc3ccc4c(ccn4C)c3)n2)c(OC)cc1N1CCN(C)CC1,1,IC50,8.08,2,CHEMBL5286080
CC(=O)N1CCc2cc(Nc3nc(Nc4ccc(N5CCN(C)CC5)cc4)ncc3Br)ccc21,0,IC50,4.84,1,CHEMBL5280953
CN1CCN(c2ccc(Nc3ncc(Br)c(Nc4ccc5ncccc5c4)n3)cc2)CC1,0,IC50 (>),5.0,1,CHEMBL5275574
CN1C(=O)C(C(=O)NN)N(C)c2ccccc21,1,IC50,7.0,1,CHEMBL5398727
CN(Cc1ccccc1)c1ncnc2[nH]c(-c3ccc(CO)cc3)cc12,1,IC50,7.7,2,CHEMBL5431583
CN(Cc1ccccc1)c1ncnc2[nH]c(-c3ccc(CO)cc3)nc12,1,IC50,6.96,1,CHEMBL5413223
OCc1ccc(-c2nc3c(NCc4ccccc4)ncnc3[nH]2)cc1,1,IC50,7.62,1,CHEMBL5439143
COc1cc2ncnc(Nc3ccc(F)c(Cl)c3)c2cc1OC(=O)/C=C/n1cc(F)c(=O)[nH]c1=O,1,IC50,7.8,2,CHEMBL5438568
COCC1CN(C2CCN(c3cc(OC)c(Nc4ncc(Br)c(Nc5ccc6nccnc6c5P(C)(C)=O)n4)cc3C)CC2)C1,1,IC50,10.22,4,CHEMBL5434495
COc1cc(N2CCC(N3CC(CC#N)C3)CC2)c(C)cc1Nc1ncc(Br)c(Nc2ccc3nccnc3c2P(C)(C)=O)n1,1,IC50,9.92,6,CHEMBL5397801
COc1cc(N2CCC(N3CC(CO)C3)CC2)c(C)cc1Nc1ncc(Br)c(Nc2ccc3nccnc3c2P(C)(C)=O)n1,1,IC50,9.47,6,CHEMBL5435775
COc1cc(N2CCC(N3CC(C(C)(C)O)C3)CC2)c(C)cc1Nc1ncc(Br)c(Nc2ccc3nccnc3c2P(C)(C)=O)n1,1,IC50,10.15,4,CHEMBL5399653
COCC1(C)CN(C2CCN(c3cc(OC)c(Nc4ncc(Br)c(Nc5ccc6nccnc6c5P(C)(C)=O)n4)cc3C)CC2)C1,1,IC50,9.52,4,CHEMBL5416489
COc1cc(N2CCC(N3CC(C)(CO)C3)CC2)c(C)cc1Nc1ncc(Br)c(Nc2ccc3nccnc3c2P(C)(C)=O)n1,1,IC50,10.22,4,CHEMBL5393923
COc1cc(N2CCC(N3CC(F)(CO)C3)CC2)c(C)cc1Nc1ncc(Br)c(Nc2ccc3nccnc3c2P(C)(C)=O)n1,1,IC50,10.0,2,CHEMBL5415311
COc1cc(N2CCC(N3CCN(C(C)=O)CC3)CC2)c(C)cc1Nc1ncc(Br)c(Nc2ccc3nccnc3c2P(C)(C)=O)n1,1,IC50,10.15,3,CHEMBL5422588
COc1cc(N2CCC(N3CC[C@@H](N(C)C)C3)CC2)c(C)cc1Nc1ncc(Br)c(Nc2ccc3nccnc3c2P(C)(C)=O)n1,1,IC50,9.89,1,CHEMBL5431909
COc1cc(N2CCC(N3C[C@H]4COC[C@H]4C3)CC2)c(C)cc1Nc1ncc(Br)c(Nc2ccc3nccnc3c2P(C)(C)=O)n1,1,IC50,10.05,2,CHEMBL5418539
COc1cc(N2CCC(N(C)CCN(C)C)CC2)c(C)cc1Nc1ncc(Br)c(Nc2ccc3nccnc3c2P(C)(C)=O)n1,1,IC50,10.22,2,CHEMBL5436031
COc1cc(N2CCC(N3CC(N(C)C)C3)CC2)c(C)cc1Nc1ncc(Cl)c(Nc2ccc3nccnc3c2P(C)(C)=O)n1,1,IC50,9.92,2,CHEMBL5396086
COc1cc(N2CCC(N3CC(N(C)C)C3)CC2)c(C)cc1Nc1ncc(SC)c(Nc2ccc3nccnc3c2P(C)(C)=O)n1,1,IC50,10.3,2,CHEMBL5432965
CCc1cc(Nc2ncc(Cl)c(Nc3ccc4nccnc4c3P(C)(C)=O)n2)c(OC)cc1N1CCC(N2CC(N(C)C)C2)CC1,1,IC50,9.4,2,CHEMBL5415418
CCc1cc(Nc2ncc(C(F)(F)F)c(Nc3ccc4nccnc4c3P(C)(C)=O)n2)c(OC)cc1N1CCC(N2CC(N(C)C)C2)CC1,1,IC50,10.0,3,CHEMBL5425947
Cc1cc(Nc2nccc(-c3cn(C)c4ccccc34)n2)ccc1OCCOCCn1ccnc1[N+](=O)[O-],1,IC50,6.34,1,CHEMBL5418313
Cn1cc(-c2ccnc(Nc3ccc(OCCCCn4cnc([N+](=O)[O-])c4)c(F)c3)n2)c2ccccc21,1,IC50,6.08,1,CHEMBL5429694
Cn1cc(-c2ccnc(Nc3cccc(OCCCCn4cnc([N+](=O)[O-])c4)c3)n2)c2ccccc21,1,IC50,6.63,1,CHEMBL5441026
Cn1cc(-c2ccnc(Nc3cccc(OCCCCn4ccnc4[N+](=O)[O-])c3)n2)c2ccccc21,1,IC50,6.64,1,CHEMBL5436634
Cn1cc(-c2ccnc(Nc3cccc(OCCOCCn4ccnc4[N+](=O)[O-])c3)n2)c2ccccc21,1,IC50,6.36,1,CHEMBL5396183
Cc1ccc(Nc2nccc(-c3cn(C)c4ccccc34)n2)cc1OCCOCCn1ccnc1[N+](=O)[O-],1,IC50,6.27,1,CHEMBL5398855
COc1ccc(Nc2nccc(-c3cn(C)c4ccccc34)n2)cc1OCCOCCn1ccnc1[N+](=O)[O-],1,IC50,6.75,1,CHEMBL5426036
CC(=O)c1ccc(Nc2nccc(-c3cn(C)c4ccccc34)n2)cc1OCCOCCn1ccnc1[N+](=O)[O-],1,IC50,6.58,1,CHEMBL5401943
Cn1cc(-c2ccnc(Nc3cc(OCCOCCn4ccnc4[N+](=O)[O-])ccc3F)n2)c2ccccc21,1,IC50,6.7,1,CHEMBL5411535
Cn1cc(-c2ccnc(Nc3cccc(C(=O)NCCOCCn4ccnc4[N+](=O)[O-])c3)n2)c2ccccc21,1,IC50,6.09,1,CHEMBL5401490
Cn1cc(-c2ccnc(Nc3ccc(OCCOCCn4ccnc4[N+](=O)[O-])cc3)n2)c2ccccc21,1,IC50,6.29,1,CHEMBL5421809
C=CC(=O)Nc1ccccn1,0,IC50 (>),3.3,2,CHEMBL2426254
C=CC(=O)Nc1cc(-c2ccccc2)ccn1,0,IC50,4.5,1,CHEMBL5429263
C=CC(=O)Nc1cc(-c2cn(C)c3ccccc23)ncn1,1,IC50,6.82,7,CHEMBL5400930
COc1cc(N2CCC(N3CCN(C)CC3)CC2)c(C)cc1Nc1nccc(-n2cc(CNCCO)c(-c3ccccc3)n2)n1,1,IC50,7.28,1,CHEMBL5439991
COc1cc(N2CCC(N3CCN(C)CC3)CC2)c(C)cc1Nc1nccc(-n2cc(CNC(C)CO)c(-c3ccccc3)n2)n1,1,IC50,7.35,1,CHEMBL5440989
COc1cc(N2CCC(N3CCN(C)CC3)CC2)c(C)cc1Nc1nccc(-n2cc(CNC(CO)C(C)C)c(-c3ccccc3)n2)n1,1,IC50,7.15,1,CHEMBL5435881
COc1cc(N2CCC(N3CCN(C)CC3)CC2)c(C)cc1Nc1nccc(-n2cc(CN[C@H](C)CO)c(-c3ccccc3)n2)n1,1,IC50,7.14,1,CHEMBL5435735
COc1cc(N2CCC(N3CCN(C)CC3)CC2)c(C)cc1Nc1nccc(-n2cc(CN[C@@H](C)CO)c(-c3ccccc3)n2)n1,1,IC50,7.48,1,CHEMBL5423287
C=CC(=O)Nc1cc(Nc2nccc(-c3cn(C)c4ccccc34)n2)cc2cnn(CCN(C)C)c12,1,IC50,6.75,1,CHEMBL5427561
C/C=C/C(=O)Nc1cc(Nc2nccc(-c3cn(C)c4ccccc34)n2)cc2cnn(CCN(C)C)c12,1,IC50,6.75,1,CHEMBL5395370
CC(C)=CC(=O)Nc1cc(Nc2nccc(-c3cn(C)c4ccccc34)n2)cc2cnn(CCN(C)C)c12,1,IC50,6.42,1,CHEMBL5413239
CCC(=O)Nc1cc(Nc2nccc(-c3cn(C)c4ccccc34)n2)cc2cnn(CCN(C)C)c12,1,IC50,6.66,1,CHEMBL5405276
CC(=O)Nc1cc(Nc2nccc(-c3cn(C)c4ccccc34)n2)cc2cnn(CCN(C)C)c12,1,IC50,6.62,1,CHEMBL5418665
CC(C)C(=O)Nc1cc(Nc2nccc(-c3cn(C)c4ccccc34)n2)cc2cnn(CCN(C)C)c12,1,IC50,6.24,1,CHEMBL5412895
CN(C)CCn1ncc2cc([N+](=O)[O-])cc(Nc3nccc(-c4cn(C)c5ccccc45)n3)c21,0,IC50 (>),5.0,1,CHEMBL5395650
CN(C)CCn1ncc2cc(N)cc(Nc3nccc(-c4cn(C)c5ccccc45)n3)c21,0,IC50 (>),5.0,1,CHEMBL5431773
C=CC(=O)Nc1cc(Nc2nccc(-c3cn(C)c4ccccc34)n2)c2c(cnn2CCN(C)C)c1,0,IC50 (>),5.0,1,CHEMBL5434140
CC(=O)Nc1cc(Nc2nccc(-c3cn(C)c4ccccc34)n2)c2c(cnn2CCN(C)C)c1,0,IC50 (>),5.0,2,CHEMBL5403617
C/C=C/C(=O)Nc1cc(Nc2nccc(-c3cn(C)c4ccccc34)n2)c2c(cnn2CCN(C)C)c1,0,IC50 (>),5.0,1,CHEMBL5428662
CC(C)=CC(=O)Nc1cc(Nc2nccc(-c3cn(C)c4ccccc34)n2)c2c(cnn2CCN(C)C)c1,0,IC50 (>),5.0,1,CHEMBL5436854
C=CC(=O)Nc1cc(Nc2nccc(-c3cn(S(=O)(=O)CC)c4ccccc34)n2)cc2cnn(CCN(C)C)c12,1,IC50,7.51,1,CHEMBL5396915
C/C=C/C(=O)Nc1cc(Nc2nccc(-c3cn(S(=O)(=O)CC)c4ccccc34)n2)cc2cnn(CCN(C)C)c12,1,IC50,7.66,1,CHEMBL5438864
CCS(=O)(=O)n1cc(-c2ccnc(Nc3cc(NC(=O)C=C(C)C)c4c(cnn4CCN(C)C)c3)n2)c2ccccc21,1,IC50,7.54,1,CHEMBL5436545
CCC(=O)Nc1cc(Nc2nccc(-c3cn(S(=O)(=O)CC)c4ccccc34)n2)cc2cnn(CCN(C)C)c12,1,IC50,7.57,1,CHEMBL5423465
CCS(=O)(=O)n1cc(-c2ccnc(Nc3cc(NC(C)=O)c4c(cnn4CCN(C)C)c3)n2)c2ccccc21,1,IC50,8.19,7,CHEMBL5407309
CCn1ncc2cc(Nc3nccc(-c4cn(S(=O)(=O)CC)c5ccccc45)n3)cc(NC(=O)C(C)C)c21,1,IC50,7.43,1,CHEMBL5398953
CCS(=O)(=O)n1cc(-c2ccnc(Nc3cc(NC(=O)C4CC4)c4c(cnn4CCN(C)C)c3)n2)c2ccccc21,1,IC50,7.75,1,CHEMBL5433585
[2H]C([2H])([2H])n1cc(-c2ccnc(Nc3cc(NC(=O)C=C)c4c(cnn4CCN(C)C)c3)n2)c2ccccc21,1,IC50,6.35,1,CHEMBL5419099
[2H]C([2H])([2H])n1cc(-c2ccnc(Nc3cc(NC(=O)/C=C/C)c4c(cnn4CCN(C)C)c3)n2)c2ccccc21,1,IC50,6.6,1,CHEMBL5394752
[2H]C([2H])([2H])n1cc(-c2ccnc(Nc3cc(NC(=O)C=C(C)C)c4c(cnn4CCN(C)C)c3)n2)c2ccccc21,1,IC50,6.69,1,CHEMBL5397111
[2H]C([2H])([2H])n1cc(-c2ccnc(Nc3cc(NC(=O)CC)c4c(cnn4CCN(C)C)c3)n2)c2ccccc21,1,IC50,6.59,1,CHEMBL5397162
[2H]C([2H])([2H])n1cc(-c2ccnc(Nc3cc(NC(C)=O)c4c(cnn4CCN(C)C)c3)n2)c2ccccc21,1,IC50,6.8,1,CHEMBL5436784
[2H]C([2H])([2H])n1cc(-c2ccnc(Nc3cc(NC(=O)C(C)C)c4c(cnn4CCN(C)C)c3)n2)c2ccccc21,1,IC50,6.47,1,CHEMBL5408433
[2H]C([2H])([2H])n1cc(-c2ccnc(Nc3cc(NC(=O)C4CC4)c4c(cnn4CCN(C)C)c3)n2)c2ccccc21,1,IC50,6.58,1,CHEMBL5431254
C=CC(=O)Nc1cc(Nc2nccc(-c3cn(S(=O)(=O)CC)c4ccccc34)n2)cc2cnn(CCN(CC)CC)c12,1,IC50,7.38,1,CHEMBL5394606
C/C=C/C(=O)Nc1cc(Nc2nccc(-c3cn(S(=O)(=O)CC)c4ccccc34)n2)cc2cnn(CCN(CC)CC)c12,1,IC50,7.72,1,CHEMBL5400219
CCN(CC)CCn1ncc2cc(Nc3nccc(-c4cn(S(=O)(=O)CC)c5ccccc45)n3)cc(NC(=O)C=C(C)C)c21,1,IC50,7.64,1,CHEMBL5402235
CCC(=O)Nc1cc(Nc2nccc(-c3cn(S(=O)(=O)CC)c4ccccc34)n2)cc2cnn(CCN(CC)CC)c12,1,IC50,7.68,1,CHEMBL5405341
CCN(CC)CCn1ncc2cc(Nc3nccc(-c4cn(S(=O)(=O)CC)c5ccccc45)n3)cc(NC(C)=O)c21,1,IC50,7.89,1,CHEMBL5402031
CCN(CC)CCn1ncc2cc(Nc3nccc(-c4cn(S(=O)(=O)CC)c5ccccc45)n3)cc(NC(=O)C(C)C)c21,1,IC50,7.22,1,CHEMBL5406084
CCN(CC)CCn1ncc2cc(Nc3nccc(-c4cn(S(=O)(=O)CC)c5ccccc45)n3)cc(NC(=O)C3CC3)c21,1,IC50,7.58,1,CHEMBL5417219
CN(C)CCn1ncc2cc(Nc3nccc(-c4cn(C)c5ccccc45)n3)ccc21,1,IC50,6.43,1,CHEMBL5436840
CN(C)CCn1ncc2cc(Nc3nccc(-c4cn(C)c5ccccc45)n3)cc(Cl)c21,1,IC50,6.77,1,CHEMBL5414627
CCS(=O)(=O)n1cc(-c2ccnc(Nc3ccc4c(cnn4CCN(C)C)c3)n2)c2ccccc21,1,IC50,8.12,1,CHEMBL5406303
CCS(=O)(=O)n1cc(-c2ccnc(Nc3ccc4c(cnn4CCN4CCOCC4)c3)n2)c2ccccc21,1,IC50,7.25,1,CHEMBL5428623
CCS(=O)(=O)n1cc(-c2ccnc(Nc3cc(Cl)c4c(cnn4CCN4CCOCC4)c3)n2)c2ccccc21,1,IC50,6.76,1,CHEMBL5417458
CCN(CC)CCn1ncc2cc(Nc3nccc(-c4cn(S(=O)(=O)CC)c5ccccc45)n3)ccc21,1,IC50,7.96,1,CHEMBL5414512
CCN(CC)CCn1ncc2cc(Nc3nccc(-c4cn(S(=O)(=O)CC)c5ccccc45)n3)cc(Cl)c21,1,IC50,7.62,1,CHEMBL5402816
CCS(=O)(=O)n1cc(-c2ccnc(Nc3ccc4c(cnn4CC(=O)N(C)C)c3)n2)c2ccccc21,1,IC50,7.42,1,CHEMBL5430401
CN(C)CCn1ncc2cc(Nc3ncc(Cl)c(-c4cn(C)c5ccccc45)n3)ccc21,1,IC50,7.15,1,CHEMBL5439200
COc1cnc(Nc2ccc3c(cnn3CCN(C)C)c2)nc1-c1cn(C)c2ccccc12,1,IC50,6.69,1,CHEMBL5411347
CCS(=O)(=O)n1cc(-c2nc(Nc3ccc4c(cnn4CCN(C)C)c3)ncc2Cl)c2ccccc21,1,IC50,8.34,7,CHEMBL5420774
CN(C)CCn1ncc2cc(Nc3ncc([N+](=O)[O-])c(-c4cn(C)c5ccccc45)n3)cc(Cl)c21,1,IC50,7.0,1,CHEMBL5403588
CCS(=O)(=O)n1cc(-c2ccnc(Nc3ccc4c(ccn4CCN(C)C)c3)n2)c2ccccc21,1,IC50,8.72,7,CHEMBL5418390
CCS(=O)(=O)n1cc(-c2nc(Nc3ccc4c(ccn4CCN(C)C)c3)ncc2Cl)c2ccccc21,1,IC50,8.55,7,CHEMBL5435225
CN(C)CCn1ncc2cc(Nc3ncc(C(F)(F)F)c(-c4cn(C)c5ccccc45)n3)cc(Cl)c21,1,IC50,7.04,1,CHEMBL5408941
CCS(=O)(=O)n1cc(-c2nc(Nc3ccc4c(ccn4CCN(C)C)c3)ncc2C(F)(F)F)c2ccccc21,1,IC50,7.85,7,CHEMBL5435033
CN(C)CCn1ccc2cc(Nc3ncc([N+](=O)[O-])c(-c4cn(C)c5ccccc45)n3)ccc21,1,IC50,7.0,1,CHEMBL5423464
CN(C)CCn1ccc2cc(Nc3nccc(-c4c[nH]c5ccccc45)n3)cc(N)c21,1,IC50,7.52,1,CHEMBL5434169
COc1ccc(-c2cc3c(N(C)Cc4ccccc4)ncnc3[nH]2)cc1,1,IC50,7.14,1,CHEMBL5411378
CN(Cc1ccccc1)c1ncnc2[nH]c(-c3ccc(O)cc3)cc12,1,IC50,7.64,1,CHEMBL5436096
COCCOc1ccc(-c2cc3c(N(C)Cc4ccccc4)ncnc3[nH]2)cc1,1,IC50,7.17,1,CHEMBL5439547
COCCOCCOCCOc1ccc(-c2cc3c(N(C)Cc4ccccc4)ncnc3[nH]2)cc1,1,IC50,7.35,1,CHEMBL5406771
CN(Cc1ccccc1)c1ncnc2[nH]c(-c3ccc(CO)c(F)c3)cc12,1,IC50,7.33,1,CHEMBL5418474
CN(Cc1ccccc1)c1ncnc2[nH]c(-c3ccc(F)c(CO)c3)cc12,1,IC50,7.28,1,CHEMBL5432592
CN(C)CCNCc1ccc(-c2cc3c(N(C)Cc4ccccc4)ncnc3[nH]2)cc1F,1,IC50,8.7,1,CHEMBL5417607
CN(C)CCNCc1cc(-c2cc3c(N(C)Cc4ccccc4)ncnc3[nH]2)ccc1F,1,IC50,7.75,1,CHEMBL5422465
OCc1ccc(-c2cc3c(NCc4ccccc4)ncnc3[nH]2)cc1,1,IC50,9.0,1,CHEMBL5397557
CCN(Cc1ccccc1)c1ncnc2[nH]c(-c3ccc(CO)cc3)cc12,1,IC50,9.1,1,CHEMBL5418732
CC(C)N(Cc1ccccc1)c1ncnc2[nH]c(-c3ccc(CO)cc3)cc12,1,IC50,8.35,1,CHEMBL5404799
C[C@@H](Nc1ncnc2[nH]c(-c3ccc(CO)cc3)cc12)c1ccccc1,1,IC50,9.52,1,CHEMBL5403510
C[C@H](c1ccccc1)N(C)c1ncnc2[nH]c(-c3ccc(CO)cc3)cc12,1,IC50,7.66,1,CHEMBL5440766
[2H]C([2H])([2H])N(Cc1ccccc1)c1ncnc2[nH]c(-c3ccc(CO)cc3)cc12,1,IC50,7.77,1,CHEMBL5398686
Cc1ccccc1CN(C)c1ncnc2[nH]c(-c3ccc(CO)cc3)cc12,1,IC50,8.13,1,CHEMBL5417494
Cc1cccc(CN(C)c2ncnc3[nH]c(-c4ccc(CO)cc4)cc23)c1,1,IC50,6.93,2,CHEMBL5406924
Cc1ccc(CN(C)c2ncnc3[nH]c(-c4ccc(CO)cc4)cc23)cc1,1,IC50,7.3,1,CHEMBL5414964
CN(Cc1ccccn1)c1ncnc2[nH]c(-c3ccc(CO)cc3)cc12,1,IC50,6.88,1,CHEMBL5403478
CN(Cc1ccncc1)c1ncnc2[nH]c(-c3ccc(CO)cc3)cc12,1,IC50,6.63,1,CHEMBL5424694
Cc1cccc(CN(C)c2ncnc3[nH]c(-c4ccc(CO)cc4)cc23)n1,1,IC50,7.11,1,CHEMBL5428404
CN(Cc1ccccc1F)c1ncnc2[nH]c(-c3ccc(CO)cc3)cc12,1,IC50,7.35,1,CHEMBL5434318
CN(c1ncnc2[nH]c(-c3ccc(CO)cc3)cc12)[C@H](CO)c1ccccc1,1,IC50,8.43,1,CHEMBL5406951
CN(c1ncnc2[nH]c(-c3ccc(CO)cc3)cc12)[C@@H](CO)c1ccccc1,1,IC50,7.19,1,CHEMBL5419520
Cc1cccc(CN(C)c2ncnc3[nH]c(-c4ccc(O)cc4)cc23)c1,1,IC50,6.13,1,CHEMBL5397490
Cc1cccc(CN(C)c2ncnc3[nH]c(-c4cccnc4)cc23)c1,1,IC50,6.38,1,CHEMBL5436321
COCCOCCOCCOc1ccc(-c2cc3c(N(C)Cc4cccc(C)c4)ncnc3[nH]2)cc1,1,IC50,6.93,1,CHEMBL5425883
Cc1cccc(CN(C)c2ncnc3[nH]c(-c4ccc(C(=O)O)cc4)cc23)c1,1,IC50,7.28,1,CHEMBL5439126
Cc1cccc(CN(C)c2ncnc3[nH]c(-c4ccc(CCC(=O)O)cc4)cc23)c1,1,IC50,7.52,1,CHEMBL5418087
Cc1cccc(CN(C)c2ncnc3[nH]c(-c4ccc(S(N)(=O)=O)cc4)cc23)c1,1,IC50,7.01,1,CHEMBL5411617
Cc1cccc(CN(C)c2ncnc3[nH]c(-c4cccc(C(=O)O)c4)cc23)c1,1,IC50,6.9,1,CHEMBL5404033
CC1=NNC2Oc3ncn(N)c(=N)c3C(c3ccccc3Br)C12,1,IC50,7.22,1,CHEMBL5400975
C=CC(=O)N1CC[C@@H](N2N=C(Nc3ccc(Oc4ccccc4)cc3)c3c[nH]c4ncnc2c34)C1,1,IC50,6.15,1,CHEMBL5404368
CC[C@H](C)Nc1cc(Nc2ccnc(-c3cnn(S(=O)(=O)C4CC4)c3)n2)ncc1C(=O)N1CC(C(C)(C)O)C1,1,IC50,7.66,3,CHEMBL5427952
CC(C)Nc1cc(Nc2ccnc(-c3cnn(S(=O)(=O)C4CC4)c3)n2)ncc1C(=O)N1CC(C(C)(C)O)C1,1,IC50,7.29,3,CHEMBL5403085
CC[C@H](C)Nc1cc(Nc2ccnc(-c3cnn(S(=O)(=O)C4CC4)c3)n2)ncc1C(=O)N(C)C,1,IC50,6.52,2,CHEMBL5401125
CC[C@H](C)Nc1cc(Nc2ccnc(-c3cnn(S(=O)(=O)C4CC4)c3)n2)ncc1C(=O)NC,1,IC50,8.44,5,CHEMBL5410422
CCC(=O)c1cnc(Nc2ccnc(-c3cnn(S(=O)(=O)C4CC4)c3)n2)cc1N[C@@H](C)CC,1,IC50,7.96,3,CHEMBL5413772
CCNC(=O)c1cnc(Nc2ccnc(-c3cnn(S(=O)(=O)C4CC4)c3)n2)cc1N[C@@H](C)CC,1,IC50,8.25,3,CHEMBL5415613
CC[C@H](C)Nc1cc(Nc2ccnc(-c3cnn(S(=O)(=O)C4CC4)c3)n2)ncc1C(=O)NC1CCOCC1,1,IC50,7.89,3,CHEMBL5434067
CC[C@H](C)Nc1cc(Nc2ccnc(-c3cnn(S(=O)(=O)C4CC4)c3)n2)ncc1C(=O)NCCN(C)C,1,IC50,8.0,3,CHEMBL5401619
CC[C@H](C)Nc1cc(Nc2ccnc(-c3cnn(S(=O)(=O)C4CC4)c3)n2)ncc1C(=O)NCCCF,1,IC50,8.43,3,CHEMBL5405737
CC[C@H](C)Nc1cc(Nc2ccnc(-c3cnn(S(=O)(=O)C4CC4)c3)n2)ncc1C(=O)NCCC(F)F,1,IC50,8.25,3,CHEMBL5405222
c1ccc2c(c1)CCN2c1ncnc2cc3c(cc12)NCN3CCN1CCCC1,1,IC50,7.5,1,CHEMBL5425121
O=C(N/N=C/c1cnc(N2CCCC2)nc1)Nc1cc2c(Nc3ccc(F)c(Cl)c3)ncnc2cc1O[C@@H]1CCOC1,1,IC50,8.2,2,CHEMBL5400539
Cc1sc([Se]c2sc(C)c(-c3cccc(Br)c3)c2C(=O)NC(CO)C(=O)N2CCCC2)c(C(=O)NC(CO)C(=O)N2CCCC2)c1-c1cccc(Br)c1,1,IC50,7.03,1,CHEMBL5439652
Cc1sc([Se]c2sc(C)c(-c3cccc(Cl)c3)c2C(=O)NC(CO)C(=O)N2CCCC2)c(C(=O)NC(CO)C(=O)N2CCCC2)c1-c1cccc(Cl)c1,1,IC50,6.14,1,CHEMBL5395404
Cc1sc([Se]c2sc(C)c(-c3cccc(F)c3)c2C(=O)NC(C)C(=O)N2CCCC2)c(C(=O)NC(C)C(=O)N2CCCC2)c1-c1cccc(F)c1,1,IC50,6.08,1,CHEMBL5425169
Cc1nc2c(c(C)c1O)/C(=C/c1ccc3ccccc3n1)C(=O)N2,0,IC50,4.73,1,CHEMBL5409736
Cc1ccc(-c2nn(C(C)(C)CNC(=O)c3ccncc3)c3ncnc(N)c23)cc1,0,IC50 (>),5.0,1,CHEMBL5206121
CN(C)CCn1ccc2cc(Nc3nccc(-n4ccnc4-c4ccc(F)cc4)n3)ccc21,1,IC50,7.77,1,CHEMBL5420857
CN(C)CCn1ccc2cc(Nc3nccc(-n4ccnc4-c4ccc(Cl)cc4)n3)ccc21,1,IC50,7.07,1,CHEMBL5409629
COc1ccc(-c2nccn2-c2ccnc(Nc3ccc4c(ccn4CCN(C)C)c3)n2)cc1,1,IC50,6.54,1,CHEMBL5401705
CN(C)CCn1ccc2cc(Nc3nccc(-n4ccnc4-c4cccc(F)c4)n3)ccc21,1,IC50,7.05,1,CHEMBL5404315
CN1CCN(c2ccc(Nc3nccc(-n4ccnc4-c4ccc(F)cc4)n3)cc2)CC1,1,IC50,7.2,1,CHEMBL5420945
COc1cc(N2CCN(C)CC2)ccc1Nc1nccc(-n2ccnc2-c2ccc(F)cc2)n1,1,IC50,6.9,1,CHEMBL5419934
COc1cc(N2CCC(N3CCN(C)CC3)CC2)c(C)cc1Nc1nccc(-n2ccnc2-c2ccc(F)cc2)n1,1,IC50,7.55,1,CHEMBL5401094
CN(C)CCn1ccc2cc(Nc3nccc(-c4sc(N)nc4-c4ccc(F)cc4)n3)ccc21,1,IC50,8.68,1,CHEMBL5406587
CNc1nc(-c2ccc(F)cc2)c(-c2ccnc(Nc3ccc4c(ccn4CCN(C)C)c3)n2)s1,1,IC50,7.72,1,CHEMBL5430071
Cc1nc(-c2ccc(F)cc2)c(-c2ccnc(Nc3ccc4c(ccn4CCN(C)C)c3)n2)s1,1,IC50,7.96,1,CHEMBL5433431
CC(C)c1nc(-c2ccc(F)cc2)c(-c2ccnc(Nc3ccc4c(ccn4CCN(C)C)c3)n2)s1,1,IC50,7.7,1,CHEMBL5408900
CN(C)CCn1ccc2cc(Nc3nccc(-c4sc(N5CCOCC5)nc4-c4ccc(F)cc4)n3)ccc21,1,IC50,7.58,1,CHEMBL5412108
CC(=O)Nc1nc(-c2ccc(F)cc2)c(-c2ccnc(Nc3ccc4c(ccn4CCN(C)C)c3)n2)s1,1,IC50,8.68,6,CHEMBL5414782
CN(C)CCn1ccc2cc(Nc3nccc(-c4sc(NS(C)(=O)=O)nc4-c4ccc(F)cc4)n3)ccc21,1,IC50,8.6,1,CHEMBL5407489
CCS(=O)(=O)Nc1nc(-c2ccc(F)cc2)c(-c2ccnc(Nc3ccc4c(ccn4CCN(C)C)c3)n2)s1,1,IC50,9.05,1,CHEMBL5411886
CC(C)S(=O)(=O)Nc1nc(-c2ccc(F)cc2)c(-c2ccnc(Nc3ccc4c(ccn4CCN(C)C)c3)n2)s1,1,IC50,8.47,1,CHEMBL5412305
CCCCS(=O)(=O)Nc1nc(-c2ccc(F)cc2)c(-c2ccnc(Nc3ccc4c(ccn4CCN(C)C)c3)n2)s1,1,IC50,8.37,1,CHEMBL5432141
CN(C)CCn1ccc2cc(Nc3nccc(-c4sc(NS(=O)(=O)c5ccc(F)cc5)nc4-c4ccc(F)cc4)n3)ccc21,1,IC50,7.82,1,CHEMBL5440481
CN(C)CCn1ccc2cc(Nc3nccc(-c4sc(NS(=O)(=O)C5CCCCC5)nc4-c4ccc(F)cc4)n3)ccc21,1,IC50,7.7,1,CHEMBL5398817
CCN(CC)CCn1ccc2cc(Nc3nccc(-c4sc(NS(=O)(=O)CC)nc4-c4ccc(F)cc4)n3)ccc21,1,IC50,8.39,1,CHEMBL5419895
CCS(=O)(=O)Nc1nc(-c2ccc(F)cc2)c(-c2ccnc(Nc3ccc4c(ccn4CCN4CCOCC4)c3)n2)s1,1,IC50,8.2,1,CHEMBL5401500
CCS(=O)(=O)Nc1nc(-c2ccc(F)cc2)c(-c2ccnc(Nc3ccc(N4CCN(C)CC4)cc3)n2)s1,1,IC50,8.74,1,CHEMBL5420623
CCN1CCN(c2ccc(Nc3nccc(-c4sc(NS(=O)(=O)CC)nc4-c4ccc(F)cc4)n3)cc2)CC1,1,IC50,8.66,1,CHEMBL5416812
CCS(=O)(=O)Nc1nc(-c2ccc(F)cc2)c(-c2ccnc(Nc3ccc(N4CCN(C(C)C)CC4)cc3)n2)s1,1,IC50,8.43,1,CHEMBL5439238
CCS(=O)(=O)Nc1nc(-c2ccc(F)cc2)c(-c2ccnc(Nc3ccc(C4CCN(C)CC4)cc3)n2)s1,1,IC50,8.68,1,CHEMBL5436254
CCS(=O)(=O)Nc1nc(-c2ccc(F)cc2)c(-c2ccnc(Nc3ccc(N4CCN(C)CC4)c(C)c3)n2)s1,1,IC50,8.44,1,CHEMBL5420820
CCS(=O)(=O)Nc1nc(-c2ccc(F)cc2)c(-c2ccnc(Nc3ccc(N4CCN(C)CC4)cc3OC)n2)s1,1,IC50,8.6,1,CHEMBL5436965
CCS(=O)(=O)Nc1nc(-c2ccc(F)cc2)c(-c2ccnc(Nc3cc(C)c(N4CCC(N5CCN(C)CC5)CC4)cc3OC)n2)s1,1,IC50,8.0,1,CHEMBL5431378
CCS(=O)(=O)Nc1nc(-c2ccc(F)cc2)c(-c2ccnc(Nc3ccc(N4CCOCC4)cc3)n2)s1,1,IC50,7.43,1,CHEMBL5414141
CCS(=O)(=O)Nc1nc(-c2ccc(F)cc2)c(-c2ccnc(Nc3ccc(N4CCOCC4)cc3OC)n2)s1,1,IC50,8.07,1,CHEMBL5397642
CCS(=O)(=O)Nc1nc(-c2ccc(F)cc2)c(-c2ccnc(Nc3ccc(N4CCOCC4)c(F)c3)n2)s1,1,IC50,8.39,1,CHEMBL5431377
CCS(=O)(=O)Nc1nc(-c2ccc(F)cc2)c(-c2ccnc(Nc3cc(-c4cnn(C)c4)c(N4CCOCC4)cc3OC)n2)s1,1,IC50,7.15,1,CHEMBL5411267
CCS(=O)(=O)N1CCC(c2nc(-c3ccc(F)cc3)c(-c3ccnc(Nc4ccc5c(ccn5CCN(C)C)c4)n3)s2)CC1,1,IC50,8.52,6,CHEMBL5430547
CCN(CC)CCn1ccc2cc(Nc3nccc(-c4sc(C5CCN(S(=O)(=O)CC)CC5)nc4-c4ccc(F)cc4)n3)ccc21,1,IC50,7.47,1,CHEMBL5414792
CCS(=O)(=O)N1CCC(c2nc(-c3ccc(F)cc3)c(-c3ccnc(Nc4ccc5c(ccn5CCN5CCOCC5)c4)n3)s2)CC1,1,IC50,7.15,1,CHEMBL5419002
CCS(=O)(=O)N1CCC(c2nc(-c3ccc(F)cc3)c(-c3ccnc(Nc4ccc(N5CCNCC5)cc4)n3)s2)CC1,1,IC50,8.1,1,CHEMBL5416252
CCS(=O)(=O)N1CCC(c2nc(-c3ccc(F)cc3)c(-c3ccnc(Nc4ccc(N5CCN(C)CC5)cc4)n3)s2)CC1,1,IC50,8.62,6,CHEMBL5395951
CCN1CCN(c2ccc(Nc3nccc(-c4sc(C5CCN(S(=O)(=O)CC)CC5)nc4-c4ccc(F)cc4)n3)cc2)CC1,1,IC50,7.58,1,CHEMBL5422383
CCS(=O)(=O)N1CCC(c2nc(-c3ccc(F)cc3)c(-c3ccnc(Nc4ccc(N5CCN(C(C)C)CC5)cc4)n3)s2)CC1,1,IC50,7.31,1,CHEMBL5411377
CCS(=O)(=O)N1CCC(c2nc(-c3ccc(F)cc3)c(-c3ccnc(Nc4ccc(C5CCN(C)CC5)cc4)n3)s2)CC1,1,IC50,7.82,1,CHEMBL5400143
CCS(=O)(=O)N1CCC(c2nc(-c3ccc(F)cc3)c(-c3ccnc(Nc4ccc(N5CCN(C)CC5)c(C)c4)n3)s2)CC1,1,IC50,8.24,6,CHEMBL5413341
CCS(=O)(=O)N1CCC(c2nc(-c3ccc(F)cc3)c(-c3ccnc(Nc4ccc(N5CCN(C)CC5)cc4OC)n3)s2)CC1,1,IC50,7.15,1,CHEMBL5440559
CCS(=O)(=O)N1CCC(c2nc(-c3ccc(F)cc3)c(-c3ccnc(Nc4ccc(N5CCOCC5)cc4)n3)s2)CC1,1,IC50,7.24,1,CHEMBL5435941
CCS(=O)(=O)N1CCC(c2nc(-c3ccc(F)cc3)c(-c3ccnc(Nc4ccc(N5CCOCC5)cc4OC)n3)s2)CC1,1,IC50,7.15,1,CHEMBL5419101
CCS(=O)(=O)N1CCC(c2nc(-c3ccc(F)cc3)c(-c3ccnc(Nc4ccc(N5CCOCC5)c(F)c4)n3)s2)CC1,1,IC50,7.11,1,CHEMBL5438643
CN(C)CCn1ccc2cc(Nc3nccc(-n4ccc(-c5ccc(F)cc5)n4)n3)ccc21,1,IC50,6.39,1,CHEMBL5424597
COc1ccc(/C=C\c2cc(OC)c(OC)c(OC)c2)cc1NC(=O)CCC(=O)N[C@@H](CCCNC(=N)N)C(=O)O,0,IC50 (>),5.0,1,CHEMBL5440517
CS(=O)(=O)N1CCc2cc(Nc3ncc(C(F)(F)F)c(NCCCN)n3)ccc2C1,0,IC50 (>),5.0,1,CHEMBL5401267
C=CC(=O)Nc1cccc(-c2c(-c3ccccc3)oc3ncnc(N[C@H](CO)C(C)C)c23)c1,1,IC50,7.36,2,CHEMBL5408586
C=CC(=O)Nc1cccc(-c2c(-c3ccccc3)oc3ncnc(N[C@@H](C)CO)c23)c1,1,IC50,7.52,2,CHEMBL5437252
C=CC(=O)Nc1cccc(-c2c(-c3ccccc3)oc3ncnc(NCCO)c23)c1,1,IC50,7.42,2,CHEMBL5429210
C=CC(=O)Nc1cccc(-c2c(-c3ccccc3)oc3ncnc(NCCCO)c23)c1,1,IC50,7.27,2,CHEMBL5434109
C=CC(=O)Nc1cccc(-c2c(-c3ccccc3)oc3ncnc(NCCOC)c23)c1,1,IC50,7.1,2,CHEMBL5425734
C=CC(=O)Nc1cccc(-c2c(-c3ccccc3)oc3ncnc(NCCC(=O)OCC)c23)c1,1,IC50,6.85,2,CHEMBL5420947
C=CC(=O)Nc1cccc(-c2c(-c3ccccc3)oc3ncnc(NCCC(=O)O)c23)c1,1,IC50,7.21,2,CHEMBL5420051
C=CC(=O)Nc1cccc(-c2c(-c3ccccc3)oc3ncnc(NC)c23)c1,1,IC50,7.82,2,CHEMBL5432017
C=CC(=O)Nc1cccc(-c2c(-c3ccccc3)oc3ncnc(N(C)C)c23)c1,1,IC50,7.47,2,CHEMBL5438475
C=CC(=O)Nc1cccc(-c2c(-c3ccccc3)oc3ncnc(NC(C)C)c23)c1,1,IC50,7.19,2,CHEMBL5436101
C=CC(=O)Nc1cccc(-c2c(-c3ccccc3)oc3ncnc(NC4CC4)c23)c1,1,IC50,8.52,2,CHEMBL5394139
C=CC(=O)Nc1cccc(-c2c(-c3ccccc3)oc3ncnc(NC4CCC4)c23)c1,1,IC50,7.64,2,CHEMBL5423938
C=CC(=O)Nc1cccc(-c2c(-c3ccccc3)oc3ncnc(NC4CCCCC4)c23)c1,1,IC50,7.28,2,CHEMBL5417638
CN(C)C/C=C/C(=O)Nc1cccc(-c2c(-c3ccccc3)oc3ncnc(NC4CCCC4)c23)c1,1,IC50,6.91,2,CHEMBL5427116
C=CC(=O)Nc1cccc(-c2c(-c3ccc(N(C)C)cc3)oc3ncnc(NCCO)c23)c1,1,IC50,7.85,2,CHEMBL5406494
C=CC(=O)Nc1cccc(-c2c(-c3ccc(N4CCOCC4)cc3)oc3ncnc(NCCO)c23)c1,1,IC50,8.7,2,CHEMBL5435463
C=CC(=O)Nc1cccc(-c2c(-c3ccc(N4CCN(C)CC4)cc3)oc3ncnc(NCCO)c23)c1,1,IC50,8.15,2,CHEMBL5430958
C=CC(=O)Nc1cccc(-c2c(-c3ccc(N(C)CCN(C)C)cc3)oc3ncnc(NCCO)c23)c1,1,IC50,8.15,2,CHEMBL5409123
C=CC(=O)Nc1cccc(-c2c(-c3ccc(N4CCOCC4)cc3)oc3ncnc(NC4CCCC4)c23)c1,1,IC50,7.85,2,CHEMBL5428368
C=CC(=O)Nc1cccc(-c2c(-c3ccc(N4CCN(C)CC4)cc3)oc3ncnc(NC4CCCC4)c23)c1,1,IC50,8.7,2,CHEMBL5440626
C=CC(=O)Nc1cccc(-c2c(-c3ccc(N4CCN(C)CC4)cc3)oc3ncnc(N[C@H](CO)c4ccccc4)c23)c1,1,IC50,8.7,2,CHEMBL5422135
C=CC(=O)Nc1cccc(-c2c(-c3ccc(N4CCN(C)CC4)cc3)oc3ncnc(NC4CCCCC4)c23)c1,1,IC50,8.22,2,CHEMBL5437343
C=CC(=O)Nc1cccc(-c2c(-c3ccc(N4CCN(C)CC4)cc3)oc3ncnc(NC)c23)c1,1,IC50,8.22,2,CHEMBL5406792
C=CC(=O)Nc1cccc(-c2c(-c3ccncc3)oc3ncnc(NC4CCCC4)c23)c1,1,IC50,7.72,2,CHEMBL5429838
C=CC(=O)Nc1cccc(-c2c(-c3ccc(N4CCOCC4)nc3)oc3ncnc(NC4CCCC4)c23)c1,1,IC50,7.5,2,CHEMBL5400012
C=CC(=O)Nc1cccc(-c2c(-c3ccc(N4CCN(C)CC4)nc3)oc3ncnc(NC4CCCC4)c23)c1,1,IC50,7.89,2,CHEMBL5441041
C=CC(=O)Nc1cc(-c2c(-c3ccccc3)oc3ncnc(NC4CCCC4)c23)ccc1N1CCOCC1,1,IC50,8.1,2,CHEMBL5432716
C=CC(=O)Nc1cc(-c2c(-c3ccccc3)oc3ncnc(NC4CCCC4)c23)ccc1N1CCN(C)CC1,1,IC50,7.21,2,CHEMBL5431658
C=CC(=O)Nc1cc(-c2c(-c3ccccc3)oc3ncnc(NC4CCCC4)c23)ccc1OCCN(C)C,1,IC50,7.58,2,CHEMBL5398132
C=CC(=O)Nc1cc(-c2c(-c3ccccc3)oc3ncnc(NC4CCCC4)c23)ccc1OC1CCN(C)CC1,1,IC50,7.37,2,CHEMBL5435372
C=CC(=O)Nc1cc(-c2c(-c3ccccc3)oc3ncnc(NC4CCCC4)c23)ccc1N(C)CCN(C)C,1,IC50,8.15,2,CHEMBL5432280
C=CC(=O)Nc1cc(-c2c(-c3ccccc3)oc3ncnc(NC)c23)ccc1N(C)CCN(C)C,1,IC50,6.95,2,CHEMBL5415196
C=CC(=O)Nc1cc(-c2c(-c3ccccc3)oc3ncnc(NCC)c23)ccc1N(C)CCN(C)C,1,IC50,7.24,2,CHEMBL5413423
C=CC(=O)Nc1cc(-c2c(-c3ccccc3)oc3ncnc(NC(C)C)c23)ccc1N(C)CCN(C)C,1,IC50,7.82,2,CHEMBL5420948
C=CC(=O)Nc1cc(-c2c(-c3ccccc3)oc3ncnc(NC4CC4)c23)ccc1N(C)CCN(C)C,1,IC50,7.85,2,CHEMBL5427961
C=CC(=O)Nc1cc(-c2c(-c3ccccc3)oc3ncnc(NCCO)c23)ccc1N(C)CCN(C)C,1,IC50,7.2,2,CHEMBL5416719
C=CC(=O)Nc1cc(-c2c(-c3ccccc3)oc3ncnc(N[C@H]4CCC[C@H]4O)c23)ccc1N(C)CCN(C)C,1,IC50,7.82,2,CHEMBL5426811
C=CC(=O)Nc1cc(-c2c(-c3ccccc3)oc3ncnc(N[C@H]4CCC[C@@H]4O)c23)ccc1N(C)CCN(C)C,1,IC50,8.15,2,CHEMBL5422592
C=CC(=O)Nc1cc(-c2c(-c3ccccc3)oc3ncnc(N[C@H]4C[C@@H](O)C4)c23)ccc1N(C)CCN(C)C,1,IC50,8.0,2,CHEMBL5403023
C=CC(=O)Nc1cc(-c2c(-c3ccccc3)oc3ncnc(N[C@H]4C[C@H](O)C4)c23)ccc1N(C)CCN(C)C,1,IC50,8.05,2,CHEMBL5437854
C=CC(=O)Nc1cccc(-c2c(-c3ccccc3)oc3ncnc(NCCOc4ccccc4)c23)c1,1,IC50,6.22,1,CHEMBL5415565
C=CC(=O)Nc1cccc(-c2c(-c3ccccc3)oc3ncnc(NC4CCCC4)c23)c1,1,IC50,7.39,1,CHEMBL5437181
CN(C)C/C=C/C(=O)Nc1cccc(-c2c(-c3ccccc3)oc3ncnc(NCCO)c23)c1,1,IC50,6.52,1,CHEMBL5436057
C#CCCC(=O)N1CCN(c2ccc(Nc3ncc(Cl)c(Oc4cccc(NC(=O)CCCCc5cc5=O)c4)n3)c(OC)c2)CC1,1,IC50,6.68,1,CHEMBL5400371
COc1cc2ncnc(N[C@H](C)c3cccc4ccccc34)c2cc1OC,1,IC50,6.24,3,CHEMBL5412768
COc1cc2nc(C)nc(N[C@H](C)c3cccc4ccccc34)c2cc1OC,0,IC50 (>),4.7,2,CHEMBL5413061
C=CC(=O)Nc1cccc(Nc2nc(Nc3ccc(N(C)C)cc3)nc3ccc(Cl)cc23)c1,0,IC50 (>),5.0,1,CHEMBL5408234
C=CC(=O)Nc1cccc(Nc2nc(Nc3ccc(N4CCN(C)CC4)cc3)nc3ccc(F)cc23)c1,1,IC50,8.89,5,CHEMBL5404639
CCOC(=O)c1c(-n2ccnc2)nc2ccc(Br)cc2c1N1CCN(c2ccccc2NS(=O)(=O)c2ccc(F)cc2)CC1,1,IC50,6.82,1,CHEMBL5408255
CCOC(=O)c1c(-n2ccnc2)nc2ccc(Br)cc2c1N1CCN(c2ccccc2NS(=O)(=O)c2ccc(F)c(F)c2)CC1,1,IC50,6.8,1,CHEMBL5438940
CCOC(=O)c1c(-n2ccnc2)nc2ccc(Br)cc2c1N1CCN(c2ccccc2NS(=O)(=O)c2ccccc2F)CC1,1,IC50,6.84,1,CHEMBL5404784
CCOC(=O)c1c(-n2ccnc2)nc2ccc(Br)cc2c1N1CCN(c2ccccc2NS(=O)(=O)c2ccc(C(F)(F)F)cc2)CC1,1,IC50,6.86,1,CHEMBL5410384
N#Cc1c(-c2ccc3ncc(C(N)=O)c(Nc4cccc(Br)c4)c3c2)csc1N,1,IC50,6.31,1,CHEMBL5416668
O=C(CSc1nc2ccccc2c(=O)n1CCc1ccccc1)Nc1ccc(S(=O)(=O)Nc2ccc(Cl)nn2)cc1,1,IC50,7.01,1,CHEMBL5398753
CCc1cccc(CC)c1NC(=O)c1nn(C)c2c1CCc1cnc(Nc3ccc(C(=O)NC4CCN(C)CC4)cc3OC(F)(F)F)nc1-2,0,IC50 (>),5.0,2,CHEMBL1236095
CC[C@@H]1CN(C(=O)NCC(F)(F)F)C[C@@H]1c1cnc2cnc3[nH]ccc3n12,0,IC50 (>),5.0,2,CHEMBL3622821
CCC(=O)N1CC[C@H](Nc2ncnc3c2CN(c2cnc(OC)c(C(F)(F)F)c2)CC3)C1,0,IC50 (>),5.0,1,CHEMBL3643413
CCOC(=O)c1sc(N2N=C(c3ccc(Cl)cc3Cl)CC2c2ccc(OC)cc2)nc1C,1,IC50,7.39,1,CHEMBL5523623
COc1ccc(C2CC(c3ccc(Cl)cc3Cl)=NN2c2nc(C)c(C(=O)Nc3ccccc3)s2)cc1OC,1,IC50,7.49,1,CHEMBL5517879
COc1ccc(-c2cc(-c3ccc(C)cc3)nc(NN)n2)cc1,1,IC50,7.15,1,CHEMBL5512476
C/C(=N\N1C(=O)CNC1=S)c1ccc(O)cc1O,0,IC50,4.63,1,CHEMBL5558572
CCOC(=O)/C(C#N)=C(\c1ccc(O)cc1)N1CC(=O)N(/N=C(\C)c2ccc(O)cc2O)C1=S,0,IC50,4.94,1,CHEMBL5557998
Cc1cc(Oc2ncnc3sc4c(c23)CCCCC4)ccc1Cl,1,IC50,7.55,1,CHEMBL5532112
NC(=O)CCn1cc(-c2ccc3ncnc(Nc4cc(O)c(F)cc4F)c3c2)nn1,1,IC50,7.14,2,CHEMBL5418423
O=C(c1cccc(-c2ccc3ncnc(N4CCc5ccccc54)c3n2)c1)N1CCNCC1,1,IC50,6.64,1,CHEMBL5558538
C=CC(=O)Nc1cccc(-c2c(-c3ccccc3)oc3ncnc(Oc4ccc(NC(=O)C5(C(=O)Nc6ccc(F)cc6)CC5)cc4)c23)c1,1,IC50,7.38,1,CHEMBL5556531
O=C(Nc1ccc(C2NCCc3c2[nH]c2ccccc32)cc1)c1ccccc1,0,IC50,4.25,1,CHEMBL5566021
O=C(Nc1ccc(C2NCCc3c2[nH]c2ccccc32)cc1)c1cccc(F)c1,0,IC50,4.02,1,CHEMBL5563782
O=C(Nc1ccc(C2NCCc3c2[nH]c2ccccc32)cc1)c1cccc(C(F)(F)F)c1,0,IC50,4.13,1,CHEMBL5562124
O=C(Nc1ccc(C2NCCc3c2[nH]c2ccccc32)cc1)c1cccc([N+](=O)[O-])c1,0,IC50,4.22,1,CHEMBL5560662
O=C(Nc1ccc(C2NCCc3c2[nH]c2ccccc32)cc1)c1ccc(F)c(C(F)(F)F)c1,0,IC50 (>),4.0,1,CHEMBL5555518
CN1CCc2c([nH]c3ccccc23)C1c1ccc(NC(=O)c2ccccc2)cc1,0,IC50 (>),4.0,1,CHEMBL5557335
CN1CCc2c([nH]c3ccccc23)C1c1ccc(NC(=O)c2cccc(F)c2)cc1,0,IC50 (>),4.0,1,CHEMBL5565832
CN1CCc2c([nH]c3ccccc23)C1c1ccc(NC(=O)c2cccc(Cl)c2)cc1,0,IC50 (>),4.0,1,CHEMBL5568227
CN1CCc2c([nH]c3ccccc23)C1c1ccc(NC(=O)c2cccc(C(F)(F)F)c2)cc1,0,IC50 (>),4.0,1,CHEMBL5531979
CN1CCc2c([nH]c3ccccc23)C1c1ccc(NC(=O)c2cccc([N+](=O)[O-])c2)cc1,0,IC50 (>),4.0,1,CHEMBL5532149
CN1CCc2c([nH]c3ccccc23)C1c1ccc(NC(=O)c2ccc(F)c(C(F)(F)F)c2)cc1,0,IC50 (>),4.0,1,CHEMBL5560064
O=C(Oc1ccc(C2NCCc3c2[nH]c2ccccc32)cc1)c1ccccc1,0,IC50,4.29,1,CHEMBL5562868
COc1cc(C2NCCc3c2[nH]c2ccccc32)ccc1OC(=O)c1ccccc1,0,IC50,4.37,1,CHEMBL5556316
CN1CCc2c([nH]c3ccccc23)C1c1ccc(OC(=O)c2ccccc2)cc1,0,IC50 (>),4.0,1,CHEMBL5568296
COc1cc(C2c3[nH]c4ccccc4c3CCN2C)ccc1OC(=O)c1ccccc1,0,IC50,4.06,1,CHEMBL5523558
COc1cc(C2NCCc3c2[nH]c2ccccc32)ccc1OCc1ccccc1,0,IC50 (>),4.0,1,CHEMBL5542156
COc1cc(C2NCCc3c2[nH]c2ccccc32)ccc1OCc1ccc(C(C)(C)C)cc1,0,IC50,4.6,1,CHEMBL5557733
COc1cc(C2NCCc3c2[nH]c2ccccc32)ccc1OCc1ccccc1F,0,IC50 (>),4.0,1,CHEMBL5555783
COc1cc(C2NCCc3c2[nH]c2ccccc32)ccc1OCc1ccc(F)cc1,0,IC50 (>),4.0,1,CHEMBL5555395
COC(=O)c1ccc(COc2ccc(C3NCCc4c3[nH]c3ccccc43)cc2OC)cc1,0,IC50,4.28,1,CHEMBL5532212
COc1cc(C2NCCc3c2[nH]c2ccccc32)ccc1OCc1ccc(B2OC(C)(C)C(C)(C)O2)cc1,0,IC50,4.07,1,CHEMBL5567680
COc1cc(C2NCCc3c2[nH]c2ccccc32)ccc1OCc1ccc(F)cc1Cl,0,IC50 (>),4.0,1,CHEMBL5561694
COc1cc(C2NCCc3c2[nH]c2ccccc32)ccc1OCc1ccc(F)cc1Br,0,IC50,4.13,1,CHEMBL5562728
COc1cc(C2NCCc3c2[nH]c2ccccc32)ccc1OCc1ccc(F)c(Br)c1,0,IC50,4.29,1,CHEMBL5555183
COc1cc(C2NCCc3c2[nH]c2ccccc32)ccc1OCc1ccc(C#N)cc1F,0,IC50,4.09,1,CHEMBL5568100
COC(=O)c1ccc(COc2ccc(C3NCCc4c3[nH]c3ccccc43)cc2OC)c(F)c1,0,IC50,4.25,1,CHEMBL5560045
COc1cc(C2NCCc3c2[nH]c2ccccc32)ccc1OCc1ccc(F)c(C#N)c1,0,IC50 (>),4.0,1,CHEMBL5563758
COc1cc(C2NCCc3c2[nH]c2ccccc32)ccc1OCc1ccc(OC(F)(F)F)c(Cl)c1,0,IC50,4.21,1,CHEMBL5559904
COc1cc(COc2ccc(C3NCCc4c3[nH]c3ccccc43)cc2OC)ccc1F,0,IC50 (>),4.0,1,CHEMBL5560327
COc1cc(C2NCCc3c2[nH]c2ccccc32)ccc1OCc1ccc(F)c(C(F)(F)F)c1,0,IC50 (>),4.0,1,CHEMBL5568299
COc1cc(C2NCCc3c2[nH]c2ccccc32)ccc1OCc1cc(C(F)(F)F)cc(C(F)(F)F)c1,0,IC50,4.71,1,CHEMBL5555046
COc1cc(OCc2cccc(-c3ccccc3)c2C)ccc1CNCCCCOc1cc2c(Nc3ccc(F)c(Cl)c3)ncnc2cc1OC,1,IC50,6.65,1,CHEMBL5558740
COc1cc2ncnc(Nc3ccc(F)c(Cl)c3)c2cc1OCCCCNCc1c(OC)cc(OCc2cccc(-c3ccccc3)c2C)cc1OC,1,IC50,7.12,1,CHEMBL5564226
COc1cc2ncnc(Nc3ccc(F)c(Cl)c3)c2cc1OCCCCNCc1ccc(-c2cccc(-c3ccccc3)c2C)nc1OC,1,IC50,6.47,1,CHEMBL5558842
COc1cc(OCc2cccc(-c3ccccc3)c2C)ccc1CNCCCOc1cc2c(Nc3ccc(F)c(Cl)c3)ncnc2cc1OC,1,IC50,6.08,1,CHEMBL5565051
COc1cc2ncnc(Nc3ccc(F)c(Cl)c3)c2cc1OCCCNCc1c(OC)cc(OCc2cccc(-c3ccccc3)c2C)cc1OC,1,IC50,6.92,1,CHEMBL5560649
COc1cc2ncnc(Nc3ccc(F)c(Cl)c3)c2cc1OCCCCCNCc1c(OC)cc(OCc2cccc(-c3ccccc3)c2C)cc1OC,1,IC50,6.83,1,CHEMBL5523403
COc1cc2ncnc(Nc3ccc(F)c(Cl)c3)c2cc1OCCCCCCNCc1c(OC)cc(OCc2cccc(-c3ccccc3)c2C)cc1OC,1,IC50,6.08,1,CHEMBL5562753
COc1cc2ncnc(Nc3ccc(F)c(Cl)c3)c2cc1OCCCCCNC(=O)CN(C)Cc1c(OC)cc(OCc2cccc(-c3ccccc3)c2C)cc1OC,1,IC50,6.62,1,CHEMBL5566977
COc1cc2ncnc(Nc3ccc(F)c(Cl)c3)c2cc1OCCCCCNCc1ccc(-c2cccc(-c3ccccc3)c2C)nc1OC,1,IC50,7.0,1,CHEMBL5555620
COc1cc2ncnc(Nc3ccc(F)c(Cl)c3)c2cc1OCCCCCCNCc1ccc(-c2cccc(-c3ccccc3)c2C)nc1OC,1,IC50,6.48,1,CHEMBL5562495
COc1cc2ncnc(Nc3ccc(F)c(Cl)c3)c2cc1OCCCCCCCCNCc1ccc(-c2cccc(-c3ccccc3)c2C)nc1OC,1,IC50,6.39,1,CHEMBL5523580
COc1cc2ncnc(Nc3ccc(F)c(Cl)c3)c2cc1OCCCCCCNC(=O)CCN(C)Cc1ccc(-c2cccc(-c3ccccc3)c2C)nc1OC,1,IC50,6.46,1,CHEMBL5558514
COc1cc(OCc2cccc(-c3ccccc3)c2C)ccc1CNCCCCOc1cc2c(Nc3cccc(Cl)c3F)ncnc2cc1OC,1,IC50,7.31,1,CHEMBL5556281
COc1cc2ncnc(Nc3cccc(Cl)c3F)c2cc1OCCCCNCc1c(OC)cc(OCc2cccc(-c3ccccc3)c2C)cc1OC,1,IC50,7.43,1,CHEMBL5559947
C=CC(=O)N1CCC[C@@H](n2nc(-c3ccc(Oc4ccc5c(c4)ncn5C)c(C)c3)c3c(N)ncnc32)C1,1,IC50,6.13,1,CHEMBL5566478
Cc1ncsc1-c1ccc(CNC(=O)C2CC(O)CN2C(=O)C(NC(=O)CCCCCCCCCCn2cc(COc3cc4ncnc(Nc5ccc(F)c(Cl)c5)c4cc3NC(=O)/C=C/CN3CCCCC3)nn2)C(C)(C)C)cc1,0,IC50 (>),4.7,2,CHEMBL5564225
CCCCCOc1ccc2oc(=O)cc(/C=N/N=c3\scc(-c4ccccc4)n3[C@@H]3O[C@H](COC(C)=O)[C@@H](OC(C)=O)[C@H](OC(C)=O)[C@H]3OC(C)=O)c2c1,1,IC50,6.82,1,CHEMBL5566405
CC(=O)OC[C@H]1O[C@@H](n2c(-c3ccccc3)cs/c2=N\N=C\c2cc(=O)oc3ccc(OCC(C)C)cc23)[C@H](OC(C)=O)[C@@H](OC(C)=O)[C@@H]1OC(C)=O,1,IC50,6.82,1,CHEMBL5555592
CC(=O)OC[C@H]1O[C@@H](n2c(-c3ccccc3)cs/c2=N\N=C\c2cc(=O)oc3cc(OCCC(C)C)ccc23)[C@H](OC(C)=O)[C@@H](OC(C)=O)[C@@H]1OC(C)=O,1,IC50,6.82,1,CHEMBL5558907
CCOc1ccc2oc(=O)cc(C3SC(N(C(C)=O)[C@@H]4O[C@H](COC(C)=O)[C@H](OC(C)=O)[C@H](OC(C)=O)[C@H]4OC(C)=O)=NN3C(C)=O)c2c1,1,IC50,6.66,1,CHEMBL5561026
CCCCOc1ccc2oc(=O)cc(C3SC(N(C(C)=O)[C@@H]4O[C@H](COC(C)=O)[C@@H](OC(C)=O)[C@H](OC(C)=O)[C@H]4OC(C)=O)=NN3C(C)=O)c2c1,1,IC50,6.66,1,CHEMBL5563305
CCCCCOc1ccc2oc(=O)cc(C3SC(N(C(C)=O)[C@@H]4O[C@H](COC(C)=O)[C@@H](OC(C)=O)[C@H](OC(C)=O)[C@H]4OC(C)=O)=NN3C(C)=O)c2c1,1,IC50,6.66,1,CHEMBL5557850
CC(=O)OC[C@H]1O[C@@H](N(C(C)=O)C2=NN(C(C)=O)C(c3cc(=O)oc4ccc(OCCC(C)C)cc34)S2)[C@H](OC(C)=O)[C@@H](OC(C)=O)[C@@H]1OC(C)=O,1,IC50,6.66,1,CHEMBL5555311
CCOc1ccc2c(C3SC(N(C(C)=O)[C@@H]4O[C@H](COC(C)=O)[C@H](OC(C)=O)[C@H](OC(C)=O)[C@H]4OC(C)=O)=NN3C(C)=O)cc(=O)oc2c1,1,IC50,6.66,1,CHEMBL5563369
CC(=O)OC[C@H]1O[C@@H](N(C(C)=O)C2=NN(C(C)=O)C(c3cc(=O)oc4cc(OCC(C)C)ccc34)S2)[C@H](OC(C)=O)[C@@H](OC(C)=O)[C@@H]1OC(C)=O,1,IC50,6.66,1,CHEMBL5558549
CC(=O)OC[C@H]1O[C@@H](N(C(C)=O)C2=NN(C(C)=O)C(c3cc(=O)oc4cc(OCCC(C)C)ccc34)S2)[C@H](OC(C)=O)[C@@H](OC(C)=O)[C@@H]1OC(C)=O,1,IC50,6.66,1,CHEMBL5562309
O=C(NO)c1sccc1Nc1nc(Nc2ccc(N3CCOCC3)cc2)ncc1Cl,1,IC50,7.93,5,CHEMBL5542997
O=C(NO)c1ccsc1Nc1nc(Nc2ccc(N3CCOCC3)cc2)ncc1Cl,1,IC50,7.57,5,CHEMBL5563885
C=CC(=O)N1CC(Oc2nn(C(C)(C)C)c3ncnc(N)c23)C1,1,IC50,6.62,1,CHEMBL5556841
CCC(=O)N1CC(Oc2nn(C(C)(C)C)c3ncnc(N)c23)C1,0,IC50 (>),5.0,1,CHEMBL5556484
CCN(CC)c1nc2oc(C)c(C(=O)NN)c2c(=O)n1-c1ccccc1,0,IC50,4.49,1,CHEMBL5573322
C=CC(=O)Nc1cc2c(Oc3ccc(NC(=O)CCCc4ccccc4)cc3F)ncnc2cc1OC,1,IC50,6.41,2,CHEMBL5583867
CCCCC(=O)Nc1cc2c(Oc3ccc(NC(=O)CCCc4ccccc4)cc3F)ncnc2cc1OC,0,IC50 (>),5.0,2,CHEMBL5549922
COc1cc2ncnc(Oc3ccc(NC(=O)CCCc4ccccc4)cc3F)c2cc1NC(=O)CCC(C)C,0,IC50 (>),5.0,2,CHEMBL5591051
C=CC(=O)Nc1cc2c(Oc3ccc(NC(=O)CCCc4ccc(F)cc4)cc3F)ncnc2cc1OC,1,IC50,6.11,1,CHEMBL5571590
CCCC(=O)Nc1cc2c(Oc3ccc(NC(=O)CCCc4ccc(F)cc4)cc3F)ncnc2cc1OC,0,IC50 (>),5.0,2,CHEMBL5563931
CCCCC(=O)Nc1cc2c(Oc3ccc(NC(=O)CCCc4ccc(F)cc4)cc3F)ncnc2cc1OC,0,IC50 (>),5.0,2,CHEMBL5591559
COc1cc2ncnc(Oc3ccc(NC(=O)CCCc4ccc(F)cc4)cc3F)c2cc1NC(=O)CCC(C)C,0,IC50 (>),5.0,2,CHEMBL5572419
CCCC(=O)Nc1cc2c(Oc3ccc(NC(=O)CCCc4ccc(C)cc4)cc3F)ncnc2cc1OC,0,IC50 (>),5.0,2,CHEMBL5567173
CCCCC(=O)Nc1cc2c(Oc3ccc(NC(=O)CCCc4ccc(C)cc4)cc3F)ncnc2cc1OC,0,IC50 (>),5.0,2,CHEMBL5563139
COc1cc2ncnc(Oc3ccc(NC(=O)CCCc4ccc(C)cc4)cc3F)c2cc1NC(=O)CCC(C)C,0,IC50 (>),5.0,2,CHEMBL5594589
C=CC(=O)Nc1cc2c(Oc3ccc(NC(=O)CCCc4ccc(OC)cc4)cc3F)ncnc2cc1OC,1,IC50,6.25,2,CHEMBL5568662
C/C=C/C(=O)Nc1cc2c(Oc3ccc(NC(=O)CCCc4ccc(OC)cc4)cc3F)ncnc2cc1OC,0,IC50 (>),5.0,2,CHEMBL5590620
CCC(=O)Nc1cc2c(Oc3ccc(NC(=O)CCCc4ccc(OC)cc4)cc3F)ncnc2cc1OC,0,IC50 (>),5.0,2,CHEMBL5570000
CCCCC(=O)Nc1cc2c(Oc3ccc(NC(=O)CCCc4ccc(OC)cc4)cc3F)ncnc2cc1OC,0,IC50 (>),5.0,2,CHEMBL5569197
COc1ccc(CCCC(=O)Nc2ccc(Oc3ncnc4cc(OC)c(NC(=O)CCC(C)C)cc34)c(F)c2)cc1,0,IC50 (>),5.0,2,CHEMBL5570534
C=CC(=O)Nc1cc2c(Oc3ccc(NC(=O)CCCc4ccsc4)cc3F)ncnc2cc1OC,0,IC50 (>),5.0,2,CHEMBL5584074
C/C=C/C(=O)Nc1cc2c(Oc3ccc(NC(=O)CCCc4ccsc4)cc3F)ncnc2cc1OC,0,IC50 (>),5.0,2,CHEMBL5570621
CCC(=O)Nc1cc2c(Oc3ccc(NC(=O)CCCc4ccsc4)cc3F)ncnc2cc1OC,0,IC50 (>),5.0,2,CHEMBL5564100
CCCC(=O)Nc1cc2c(Oc3ccc(NC(=O)CCCc4ccsc4)cc3F)ncnc2cc1OC,0,IC50 (>),5.0,2,CHEMBL5574140
CCCCC(=O)Nc1cc2c(Oc3ccc(NC(=O)CCCc4ccsc4)cc3F)ncnc2cc1OC,0,IC50 (>),5.0,2,CHEMBL5573386
COc1cc2ncnc(Oc3ccc(NC(=O)CCCc4ccsc4)cc3F)c2cc1NC(=O)CCC(C)C,0,IC50 (>),5.0,2,CHEMBL5573234
CCC(=O)Nc1cc2c(Oc3ccc(NC(=O)NCCc4ccc(OC)c(OC)c4)cc3F)ncnc2cc1OC,0,IC50 (>),5.0,2,CHEMBL5583883
CCC(=O)Nc1cc2c(Oc3ccc(NC(=O)NCCc4csc(Br)c4)cc3F)ncnc2cc1OC,0,IC50 (>),5.0,2,CHEMBL5566106
C=CC(=O)Nc1cc2c(Oc3ccc(NC(=O)c4sc(-c5ccccc5)nc4C)cc3F)cccc2cc1OC,1,IC50,6.76,2,CHEMBL5591745
CCCC(=O)Nc1cc2c(Oc3ccc(NC(=O)c4sc(-c5ccccc5)nc4C)cc3F)cccc2cc1OC,0,IC50 (>),5.0,2,CHEMBL5572605
C=CC(=O)Nc1cc2c(Oc3ccc(NC(=O)n4c(=O)c(-c5ccccc5)c(C)n4C)cc3F)cccc2cc1OC,1,IC50,7.17,2,CHEMBL5565127
CCC(=O)Nc1cc2c(Oc3ccc(NC(=O)n4c(=O)c(-c5ccccc5)c(C)n4C)cc3F)cccc2cc1OC,0,IC50 (>),5.0,2,CHEMBL5591677
C/C=C/C(=O)Nc1cc2c(Oc3ccc(NC(=O)c4c(-c5c(Cl)cccc5Cl)noc4C)cc3F)cccc2cc1OC,0,IC50 (>),5.0,2,CHEMBL5575052
CCCC(=O)Nc1cc2c(Oc3ccc(NC(=O)c4c(-c5c(Cl)cccc5Cl)noc4C)cc3F)cccc2cc1OC,0,IC50 (>),5.0,2,CHEMBL5583589
CCC(=O)Nc1cc2c(Oc3ccc(NC(=O)c4c(-c5c(Cl)cccc5Cl)noc4C)cc3F)cccc2cc1OC,0,IC50 (>),5.0,2,CHEMBL5573323
C/C=C/C(=O)Nc1cc2c(Oc3ccc(NC(=O)CCCc4ccc(C)cc4)cc3F)ncnc2cc1OC,0,IC50 (>),5.0,1,CHEMBL5563703
CCC(=O)Nc1cc2c(Oc3ccc(NC(=O)CCCc4ccc(C)cc4)cc3F)ncnc2cc1OC,0,IC50 (>),5.0,1,CHEMBL5571083
CCC(=O)Nc1cc2c(Oc3ccc(NC(=O)NCCC4CCCCC4)cc3F)ncnc2cc1OC,0,IC50 (>),5.0,1,CHEMBL5565454
C/C=C/C(=O)Nc1cc2c(Oc3ccc(NC(=O)c4sc(-c5ccccc5)nc4C)cc3F)cccc2cc1OC,0,IC50 (>),5.0,1,CHEMBL5563395
CCC(=O)Nc1cc2c(Oc3ccc(NC(=O)c4sc(-c5ccccc5)nc4C)cc3F)cccc2cc1OC,0,IC50 (>),5.0,1,CHEMBL5573159
C/C=C/C(=O)Nc1cc2c(Oc3ccc(NC(=O)n4c(=O)c(-c5ccccc5)c(C)n4C)cc3F)cccc2cc1OC,0,IC50 (>),5.0,1,CHEMBL5574303
CCCC(=O)Nc1cc2c(Oc3ccc(NC(=O)n4c(=O)c(-c5ccccc5)c(C)n4C)cc3F)cccc2cc1OC,0,IC50 (>),5.0,1,CHEMBL5565435
CN1CCN([C@H]2CC(F)(F)c3cc(NC(=O)c4ccc(F)c(C#Cc5cncc(N6CCOCC6)c5)c4)ccc32)CC1,1,IC50,6.58,1,CHEMBL5571836
CN1CCN([C@H]2CC(F)(F)c3cc(NC(=O)c4ccc(F)c(C#Cc5cncc(N6CCC6)c5)c4)ccc32)CC1,1,IC50,6.43,1,CHEMBL5570514
C=CC(=O)Nc1cccc(Nc2nc(Nc3cnn(CC)c3)nc3ccc(Cl)cc23)c1,1,IC50,7.64,1,CHEMBL5570405
Cc1c(NC(=O)/C=C/CN(C)C)ccc2ncnc(Nc3ccc(OCc4ccccn4)c(Cl)c3)c12,1,IC50,9.27,1,CHEMBL5571416
CN(C)C/C=C/C(=O)Nc1ccc2ncnc(Nc3ccc(OCc4ccccn4)c(Cl)c3)c2c1-c1ccccc1,1,IC50,8.54,2,CHEMBL5584189
COc1cccc(-c2c(NC(=O)/C=C/CN(C)C)ccc3ncnc(Nc4ccc(OCc5ccccn5)c(Cl)c4)c23)c1,1,IC50,8.53,1,CHEMBL5562735
COc1ccc(-c2c(NC(=O)/C=C/CN(C)C)ccc3ncnc(Nc4ccc(OCc5ccccn5)c(Cl)c4)c23)cc1OC,1,IC50,7.4,1,CHEMBL5568705
Cc1cccc(-c2c(NC(=O)/C=C/CN(C)C)ccc3ncnc(Nc4ccc(OCc5ccccn5)c(Cl)c4)c23)c1,1,IC50,8.54,1,CHEMBL5565503
CN1CCC[C@@H]1/C=C/C(=O)Nc1ccc2ncnc(Nc3ccc(OCc4ccccn4)c(Cl)c3)c2c1-c1ccccc1,1,IC50,7.84,1,CHEMBL5591662
COc1cccc(-c2c(NC(=O)/C=C/[C@H]3CCCN3C)ccc3ncnc(Nc4ccc(OCc5ccccn5)c(Cl)c4)c23)c1,1,IC50,8.0,1,CHEMBL5566277
COc1ccc(-c2c(NC(=O)/C=C/[C@H]3CCCN3C)ccc3ncnc(Nc4ccc(OCc5ccccn5)c(Cl)c4)c23)cc1OC,1,IC50,7.24,1,CHEMBL5565103
Cc1cccc(-c2c(NC(=O)/C=C/[C@H]3CCCN3C)ccc3ncnc(Nc4ccc(OCc5ccccn5)c(Cl)c4)c23)c1,1,IC50,8.23,1,CHEMBL5593219
CN(C)C/C=C/C(=O)Nc1ccc2ncnc(Nc3ccc(OCc4cccc(F)c4)c(Cl)c3)c2c1-c1ccccc1,1,IC50,8.97,1,CHEMBL5593471
COc1cccc(-c2c(NC(=O)/C=C/CN(C)C)ccc3ncnc(Nc4ccc(OCc5cccc(F)c5)c(Cl)c4)c23)c1,1,IC50,8.89,1,CHEMBL5591805
Cc1cccc(-c2c(NC(=O)/C=C/CN(C)C)ccc3ncnc(Nc4ccc(OCc5cccc(F)c5)c(Cl)c4)c23)c1,1,IC50,8.28,1,CHEMBL5569311
CN1CCC[C@@H]1/C=C/C(=O)Nc1ccc2ncnc(Nc3ccc(OCc4cccc(F)c4)c(Cl)c3)c2c1-c1ccccc1,1,IC50,7.95,1,CHEMBL5569663
COc1cccc(-c2c(NC(=O)/C=C/[C@H]3CCCN3C)ccc3ncnc(Nc4ccc(OCc5cccc(F)c5)c(Cl)c4)c23)c1,1,IC50,8.08,1,CHEMBL5575614
CN(C)C/C=C/C(=O)Nc1ccc2ncnc3c2c1CCN3c1cccc(Cl)c1F,1,IC50,8.83,1,CHEMBL5572670
CN(C)C/C=C/C(=O)Nc1ccc2ncnc3c2c1CCN3c1ccc(F)c(Cl)c1,1,IC50,9.8,1,CHEMBL5574232
CN(C)C/C=C/C(=O)Nc1ccc2ncnc3c2c1CCN3c1ccc(OCc2ccccn2)c(Cl)c1,1,IC50,8.84,2,CHEMBL5570443
CN(C)C/C=C/C(=O)Nc1ccc2ncnc3c2c1CCN3c1ccc(OCc2cccc(F)c2)c(Cl)c1,1,IC50,7.49,1,CHEMBL5594407
CN(C)C/C=C/C(=O)Nc1ccc2ncnc3c2c1C=CN3c1cccc(Cl)c1F,1,IC50,9.8,1,CHEMBL5572504
CN(C)C/C=C/C(=O)Nc1ccc2ncnc3c2c1C=CN3c1ccc(F)c(Cl)c1,1,IC50,8.97,1,CHEMBL5569244
CN(C)C/C=C/C(=O)Nc1ccc2ncnc3c2c1C=CN3c1ccc(OCc2ccccn2)c(Cl)c1,1,IC50,9.09,1,CHEMBL5572514
CN(C)C/C=C/C(=O)Nc1ccc2ncnc3c2c1C=CN3c1ccc(OCc2cccc(F)c2)c(Cl)c1,1,IC50,8.45,1,CHEMBL5591496
O=C(/C=C/CN1CCCC1)Nc1ccc2ncnc3c2c1CCN3c1ccc(OCc2ccccn2)c(Cl)c1,1,IC50,8.46,1,CHEMBL5591930
O=C(/C=C/CN1CCCCC1)Nc1ccc2ncnc3c2c1CCN3c1ccc(OCc2ccccn2)c(Cl)c1,1,IC50,8.48,1,CHEMBL5566173
CC(C)NC/C=C/C(=O)Nc1ccc2ncnc3c2c1CCN3c1ccc(OCc2ccccn2)c(Cl)c1,1,IC50,9.15,1,CHEMBL5575930
O=C(/C=C/CNC1CC1)Nc1ccc2ncnc3c2c1CCN3c1ccc(OCc2ccccn2)c(Cl)c1,1,IC50,8.98,1,CHEMBL5569696
CN1CCC[C@@H]1/C=C/C(=O)Nc1ccc2ncnc3c2c1CCN3c1ccc(OCc2ccccn2)c(Cl)c1,1,IC50,8.65,1,CHEMBL5563672
CC(C)NC/C=C/C(=O)Nc1ccc2ncnc3c2c1C=CN3c1ccc(OCc2ccccn2)c(Cl)c1,1,IC50,9.12,1,CHEMBL5567355
O=C(/C=C/CNC1CC1)Nc1ccc2ncnc3c2c1C=CN3c1ccc(OCc2ccccn2)c(Cl)c1,1,IC50,9.09,1,CHEMBL5566736
O=C(/C=C/CNC1CCC1)Nc1ccc2ncnc3c2c1C=CN3c1ccc(OCc2ccccn2)c(Cl)c1,1,IC50,8.9,1,CHEMBL5566473
O=C(/C=C/CN1CCCC1)Nc1ccc2ncnc3c2c1C=CN3c1ccc(OCc2ccccn2)c(Cl)c1,1,IC50,8.83,1,CHEMBL5591255
O=C(/C=C/CN1CCCCC1)Nc1ccc2ncnc3c2c1C=CN3c1ccc(OCc2ccccn2)c(Cl)c1,1,IC50,9.06,1,CHEMBL5574206
CN1CCC[C@@H]1/C=C/C(=O)Nc1ccc2ncnc3c2c1C=CN3c1ccc(OCc2ccccn2)c(Cl)c1,1,IC50,8.72,1,CHEMBL5572660
COc1cc2ncnc(N[C@H](C)c3cccc(F)c3)c2cc1OC1CCOCC1,1,IC50,9.0,1,CHEMBL5569061
COc1ccc2c(c1)CCc1c-2nc(N)c(C#N)c1-c1ccc(OC)c(OC)c1,1,IC50,6.89,1,CHEMBL5568921
COc1ccc2c(c1)CCc1c-2nc(N)c(C#N)c1-c1ccc(OC)cc1OC,1,IC50,6.89,1,CHEMBL5573631
COc1ccc(-c2c3c([nH]c(=O)c2C#N)-c2ccc(OC)cc2CC3)cc1,1,IC50,6.89,1,CHEMBL5595487
COc1ccc2c(c1)CCc1c-2[nH]c(=O)c(C#N)c1-c1ccc(OC)c(OC)c1,1,IC50,6.89,1,CHEMBL5565728
COc1ccc2c(c1)CCc1c-2[nH]c(=O)c(C#N)c1-c1ccc(OC)cc1OC,1,IC50,6.89,1,CHEMBL5573028
C/C(=N\O)c1ccc(NC(=O)c2cc(-c3ccc(S(C)(=O)=O)cc3)nc3ccccc23)cc1,1,IC50,6.98,1,CHEMBL5569987
Cc1cc(C)n(-c2cc(=O)[nH]c3c(C)cccc23)n1,1,IC50,7.02,1,CHEMBL5565187
O=c1cc(-n2nc(-c3ccccc3)cc2-c2ccccc2)c2ccccc2[nH]1,1,IC50,7.17,1,CHEMBL5564483
COc1ccc2[nH]c(=O)cc(-n3nc(-c4ccccc4)cc3-c3ccccc3)c2c1,1,IC50,7.15,1,CHEMBL5572882
Cc1ccc2c(-n3nc(-c4ccccc4)cc3-c3ccccc3)cc(=O)[nH]c2c1,1,IC50,7.11,1,CHEMBL5589692
Cc1cccc2c(-n3nc(-c4ccccc4)cc3-c3ccccc3)cc(=O)[nH]c12,1,IC50,7.08,1,CHEMBL5593262
COc1cccc(/C=N/c2c(C#N)nc3c(-c4cc(OC)c(OC)c(OC)c4)nc4ccccc4n23)c1,1,IC50,7.12,1,CHEMBL5567534
COc1cc(-c2nc3ccccc3n3c(/N=C/c4ccsc4)c(C#N)nc23)cc(OC)c1OC,1,IC50,7.07,1,CHEMBL5594128
COc1cc(/C=N/c2c(C#N)nc3c(-c4cc(OC)c(OC)c(OC)c4)nc4ccccc4n23)cc(OC)c1OC,1,IC50,6.67,1,CHEMBL5592391
C=CC(=O)Nc1cc(Nc2ncc(Cl)c(-c3cn(C4CC4)c4ccccc34)n2)c(OC)cc1N(C)CCN(C)C,1,IC50,7.92,2,CHEMBL5592873
C=CC(=O)Nc1cc(Nc2ncc(Cl)c(-c3cn(C4COC4)c4ccccc34)n2)c(OC)cc1N(C)CCN(C)C,1,IC50,9.77,2,CHEMBL5583656
C=CC(=O)Nc1cc(Nc2nccc(-c3csc4ccccc34)n2)c(OC)cc1N(C)CCN(C)C,1,IC50,9.59,2,CHEMBL5591885
C=CC(=O)Nc1cc(Nc2nccc(-c3cn(C)c4ccccc34)n2)c(OC)cc1N(C)CCN(C)CC(=O)OC,1,IC50,8.24,1,CHEMBL5595805
C=CC(=O)Nc1cc(Nc2nccc(-c3cn(C)c4ccccc34)n2)c(OC)cc1N(C)CCN(C)Cc1ccc(Br)cc1,1,IC50,8.09,1,CHEMBL5591709
C=CC(=O)Nc1cc(Nc2nccc(-c3cn(C)c4ccccc34)n2)c(OC)cc1N(C)CCN(C)C(=O)c1ccc(Br)cc1,1,IC50,7.9,1,CHEMBL5594919
C=CC(=O)Nc1cc(Nc2nccc(-c3cn(C)c4ccccc34)n2)c(OC)cc1N(C)CCN(C)Cc1ccccc1,1,IC50,8.37,1,CHEMBL5593561
C=CCCN(C)CCN(C)c1cc(OC)c(Nc2nccc(-c3cn(C)c4ccccc34)n2)cc1NC(=O)C=C,1,IC50,8.7,1,CHEMBL5595344
CN1CCCN(c2ccc(Nc3ncc(Br)c(Nc4ccccc4NS(=O)(=O)C4CC4)n3)cc2)CC1,1,IC50,9.38,5,CHEMBL5590430
Cc1cc(Nc2ncc(Cl)c(Nc3ccccc3NS(=O)(=O)C3CC3)n2)ccc1N1CCC(N(C)C)CC1,1,IC50,10.52,6,CHEMBL5594833
Cc1cc(Nc2ncc(Br)c(Nc3ccccc3NS(=O)(=O)C3CC3)n2)ccc1N1CCCN(C)CC1,1,IC50,9.55,6,CHEMBL5590689
CC(=O)N[C@H]1CC[C@H](c2ncc(Cl)c(Nc3ccccc3S(=O)(=O)C(C)C)n2)CC1,0,IC50 (>),5.0,1,CHEMBL5591779
C=CC(=O)Nc1cc2c(Oc3ccc(NC(=O)NCCc4ccc(F)cc4)cc3F)ncnc2cc1OC,1,IC50,7.19,2,CHEMBL5597403
COc1ccc(NC(=O)C2=C(C)NC(=O)NC2c2ccc(OC)c(OC)c2)c(OC)c1,1,IC50,7.16,1,CHEMBL5597233
COc1ccc(NC(=O)C2=C(C)NC(=O)NC2c2ccc(OCc3ccccc3)c(OC)c2)c(OC)c1,1,IC50,7.43,1,CHEMBL5597898
COc1ccc(NC(=O)C2=C(C)NC(=S)NC2c2ccc(OCc3ccccc3)c(OC)c2)c(OC)c1,1,IC50,7.12,1,CHEMBL5597851
COc1cc(N2CCC(N3CCN(C)CC3)CC2)ccc1Nc1ncc(Cl)c(Nc2ccccc2N(C)S(C)(=O)=O)n1,1,IC50,10.1,3,CHEMBL5596876
COc1cc(C2CCNCC2)ccc1Nc1ncc(Cl)c(Nc2ccccc2NS(C)(=O)=O)n1,1,IC50,8.22,5,CHEMBL5597916
COc1cc(N2CCOCC2)c(-c2cnn(C)c2)cc1Nc1ncc(Cl)c(Nc2ccccc2NS(C)(=O)=O)n1,1,IC50,9.7,1,CHEMBL5597724
CN1CCN(c2ccc(Nc3ncc(Cl)c(Nc4ccccc4P(C)(C)=O)n3)cc2Br)CC1,1,IC50,8.62,3,CHEMBL5591124
N#CC1(CNc2cccc(-c3cc(Nc4cnn(Cc5ccc(C(=O)Nc6ccccc6N)cc5)c4)ncc3Cl)n2)CCOCC1,0,IC50 (>),5.0,1,CHEMBL5597266
CCCNNC(=O)c1ccc(Cn2cc(Nc3ncc(Cl)c(-c4cnc5ccccn45)n3)cn2)cc1,0,IC50 (>),5.0,1,CHEMBL5598116
Cc1cc(C)n(-c2nc(Nc3ccc(Br)cc3)nc(N3CCOCC3)n2)n1,1,IC50,7.21,2,CHEMBL5612888
CN(C)c1nc(Cl)nc(NC2=NN(c3ccc(Br)cc3)C(c3ccc(C(F)(F)F)cc3)C2)n1,1,IC50,6.54,1,CHEMBL5612514
CN(C)c1nc(Cl)nc(NC2=NN(c3ccc(C(F)(F)F)cc3)C(c3ccc(C(F)(F)F)cc3)C2)n1,1,IC50,6.64,1,CHEMBL5613826
Cc1nc2cc(Br)c(Br)cc2c(=O)n1-c1ccc(Nc2nc(Nc3ccc(Cl)cc3)nc(N3CCCCC3)n2)cc1,1,IC50,7.39,1,CHEMBL5612021
Cc1nc2cc(Br)c(Br)cc2c(=O)n1-c1ccc(Nc2nc(N3CCCCC3)nc(N3CCOCC3)n2)cc1,1,IC50,7.43,1,CHEMBL5612851
Cc1nc2cc(Br)c(Br)cc2c(=O)n1-c1ccc(Nc2nc(Nc3ccc(Br)cc3)nc(N3CCCCC3)n2)cc1,1,IC50,7.44,1,CHEMBL5613341
N#Cc1ccc(-c2cn3c(CC(=O)N/N=C/c4ccccc4)csc3n2)cc1,0,IC50,4.31,1,CHEMBL5612882
N#Cc1ccc(/C=N/NC(=O)Cc2csc3nc(-c4ccc(C#N)cc4)cn23)cc1,0,IC50,4.64,1,CHEMBL5612418
Cc1ccc(/C=N/NC(=O)Cc2csc3nc(-c4ccc(C#N)cc4)cn23)cc1,0,IC50,4.86,1,CHEMBL5612541
COc1ccc(/C=N/NC(=O)Cc2csc3nc(-c4ccc(C#N)cc4)cn23)cc1,0,IC50,4.89,1,CHEMBL5613746
CC(C)(C)c1ccc(/C=N/NC(=O)Cc2csc3nc(-c4ccc(C#N)cc4)cn23)cc1,0,IC50,4.78,1,CHEMBL5612077
COc1cc(/C=C/C(=O)c2ccc(OCCCCCC(=O)NO)cc2)cc(OC)c1OC,1,IC50,7.2,1,CHEMBL5618083
CC(C)(C)CC(C)(C)Nc1nc2ccccc2c2c(C#N)c(N)nn12,1,IC50,6.78,1,CHEMBL5620256
CC(C)(C)CC(C)(C)Nc1nc2ccccc2c2c(C(=O)c3ccc(F)cc3)c(N)nn12,1,IC50,6.8,1,CHEMBL5619771
COc1ccc(C(=O)c2c(N)nn3c(NC(C)(C)CC(C)(C)C)nc4ccccc4c23)cc1,1,IC50,6.67,1,CHEMBL5619554
COC(=O)c1nn2c(NC(C)(C)C)nc3cc(Cl)ccc3c2c1C(=O)OC,1,IC50,6.63,1,CHEMBL5619848
C=CC(=O)Nc1cc(Nc2ncc(F)c(-c3ccc4cc(C(=O)N(C)C)n(C(C)C)c4c3)n2)ccc1N1CCN(C)CC1,1,IC50,6.58,1,CHEMBL5619592
C=CC(=O)Nc1cc(Nc2ncc(F)c(-c3ccc4cc(C(=O)N(C)C)n(C(C)C)c4c3)n2)ccc1N1CCN(C(C)C)CC1,1,IC50,7.22,1,CHEMBL5618366
C=CC(=O)Nc1cc(Nc2ncc(F)c(-c3ccc4cc(C(=O)NC)n(C(C)C)c4c3)n2)c(OC)cc1N1CCN(C(C)C)CC1,1,IC50,7.24,2,CHEMBL5619066
C=CC(=O)Nc1cc(Nc2ncc(F)c(-c3ccc4cc(C(=O)NC)n(C(C)C)c4c3)n2)c(OC)cc1N1CCN(C)CC1,1,IC50,7.07,1,CHEMBL5618455
C=CC(=O)Nc1cc(Nc2ncc(F)c(-c3ccc4cc(C(=O)NC)n(C(C)C)c4c3)n2)ccc1N1CCN(C)CC1,1,IC50,7.28,1,CHEMBL5620032
C=CC(=O)Nc1cc(Nc2ncc(F)c(-c3ccc4cc(C(=O)NC)n(C(C)C)c4c3)n2)ccc1N1CCN(C(C)C)CC1,1,IC50,7.29,1,CHEMBL5619530
C=CC(=O)Nc1cc(Nc2ncc(F)c(-c3ccc4cc(C(=O)NC)n(C(C)C)c4c3)n2)ccc1N(C)CCN(C)C,1,IC50,7.12,1,CHEMBL5619516
NC(=S)N1N=C(c2ccccc2)CC1/C=C/c1ccccc1,1,IC50,6.47,1,CHEMBL5619849
CN1CCN(c2ccc(Nc3ncc(Cl)c(Nc4ccccc4P(C)(C)=O)n3)c(Br)c2)CC1,1,IC50,8.51,2,CHEMBL5630690
CC(C)n1c2cc(Nc3ccnc(-c4cnn(S(=O)(=O)C5CC5)c4)n3)ncc2c2c(OCC(F)(F)F)cc(N3CCN(C)CC3)cc21,1,IC50,9.6,9,CHEMBL5624606
Cc1cc(N2Cc3ccccc3C2)nc2ccc(Cl)cc12,1,IC50,8.12,2,CHEMBL5631207
c1ccc(-c2cc(N3Cc4ccccc4C3)nc3ccccc23)cc1,1,IC50,8.1,2,CHEMBL5630852
Cc1cc(N2CCN(C(c3ccccc3)c3ccccc3)CC2)nc2ccc(Cl)cc12,1,IC50,8.1,2,CHEMBL5630913
COc1cc(N2CCC(N3CCN(CCC#Cc4cccc5c4CN(C4CCC(=O)NC4=O)C5=O)CC3)CC2)ccc1Nc1ncc(Cl)c(Nc2ccccc2P(C)(C)=O)n1,1,IC50,8.24,1,CHEMBL5284115
C=CC(=O)Nc1cc(Nc2nccc(-c3nc(C)c4ccccn34)n2)c(OC)cc1N(C)CCN(C)C,1,IC50,8.73,2,CHEMBL5625037
C=CC(=O)Nc1cc(Nc2nccc(-c3ncc4c(C)cccn34)n2)c(OC)cc1N(C)CCN(C)C,1,IC50,9.14,2,CHEMBL5630267
C=CC(=O)Nc1cc(Nc2nccc(-c3ncn4c(C)cccc34)n2)c(OC)cc1N(C)CCN(C)C,1,IC50,7.65,2,CHEMBL5630498
C=CC(=O)Nc1cc(Nc2nccc(-c3cnn4c(C)cccc34)n2)c(OC)cc1N(C)CCN(C)C,1,IC50,8.85,2,CHEMBL5631065
C=CC(=O)Nc1cc(Nc2nccc(-c3ccc4c(C)nccn34)n2)c(OC)cc1N(C)CCN(C)C,1,IC50,8.82,2,CHEMBL5631083
C=CC(=O)Nc1cc(Nc2nccc(-c3cnc4c(C)cccn34)n2)c(OC)cc1N(C)CCN(C)C,1,IC50,9.43,2,CHEMBL5631094
C=CC(=O)Nc1cc(Nc2nccc(-c3cnc4c(Cl)cccn34)n2)c(OC)cc1N(C)CCN(C)C,1,IC50,9.11,2,CHEMBL5631151
C=CC(=O)Nc1cc(Nc2nccc(-c3cnc4c(OC)cccn34)n2)c(OC)cc1N(C)CCN(C)C,1,IC50,8.78,2,CHEMBL5630609
COc1cc(N(C)CCN(C)C)c(NC(=O)/C=C/CN(C)C)cc1Nc1nccc(-c2ncc3c(C)cccn23)n1,1,IC50,8.9,2,CHEMBL5631037
CC#CC(=O)Nc1cc(Nc2nccc(-c3ncc4c(C)cccn34)n2)c(OC)cc1N(C)CCN(C)C,1,IC50,8.86,2,CHEMBL5624545
COc1cc(N(C)CCN(C)C)c(NC(=O)/C=C/CN(C)C)cc1Nc1nccc(-c2cnc3c(C)cccn23)n1,1,IC50,8.94,2,CHEMBL5630624
CC#CC(=O)Nc1cc(Nc2nccc(-c3cnc4c(C)cccn34)n2)c(OC)cc1N(C)CCN(C)C,1,IC50,9.03,2,CHEMBL5625055
C=CC(=O)Nc1cc(Nc2nccc(-c3cnc4c(C)cccn34)n2)c(OC)cc1N(C)C1CCCN(C)C1,1,IC50,8.75,2,CHEMBL5624580
C=CC(=O)Nc1cc(Nc2nccc(-c3cnc4c(C)cccn34)n2)c(OC)cc1N(C)CCN1CCOCC1,1,IC50,8.8,2,CHEMBL5630714
Cn1cc(-c2cccc(NC(=O)c3cc4c(nc3O[C@H]3C[C@@H](O)C3)OC(C)(C)C4)n2)cn1,0,IC50 (>),4.52,1,CHEMBL5633185
O=C(Nc1ccc(-c2ccc3c(=O)[nH]cnc3c2)cc1)Nc1ccc(F)c(F)c1,1,IC50,7.0,1,CHEMBL5632719
CC(C)c1ccc(Nc2ncnc3cc(NC(=O)Nc4ccccc4)ccc23)cc1,1,IC50,6.32,1,CHEMBL5631544
COCCOc1cc2ncnc(Nc3cccc(OS(=O)(=O)F)c3)c2cc1OCCOC,1,IC50,9.72,4,CHEMBL5633067
C=CC(=O)Oc1cccc(Nc2ncnc3cc(OCCOC)c(OCCOC)cc23)c1,1,IC50,6.85,2,CHEMBL5633759
COCCOc1cc2ncnc(Nc3cccc(S(=O)(=O)F)c3)c2cc1OCCOC,1,IC50,7.43,2,CHEMBL5631951
COCCOc1cc2ncnc(Nc3cc(Br)cc(OS(C)(=O)=O)c3)c2cc1OCCOC,1,IC50,7.87,2,CHEMBL5631574
COCCOc1cc2ncnc(Nc3cccc(C(=O)Oc4ccc(F)cc4)c3)c2cc1OCCOC,0,IC50 (>),5.0,1,CHEMBL5634013
COCCOc1cc2ncnc(Nc3cccc(C(=O)Oc4ccc([N+](=O)[O-])cc4)c3)c2cc1OCCOC,0,IC50 (>),5.0,1,CHEMBL5631513
COCCOc1cc2ncnc(Nc3ccc(C(=O)Oc4ccc(F)cc4)cc3)c2cc1OCCOC,0,IC50 (>),5.0,1,CHEMBL5633775
COCCOc1cc2ncnc(Nc3cccc(O)c3)c2cc1OCCOC,1,IC50,7.81,1,CHEMBL5632632
C=CS(=O)(=O)Oc1cccc(Nc2ncnc3cc(OCCOC)c(OCCOC)cc23)c1,1,IC50,6.23,1,CHEMBL5631882
C=CS(=O)(=O)Nc1cccc(Nc2ncnc3cc(OCCOC)c(OCCOC)cc23)c1,1,IC50,6.57,1,CHEMBL5632295
COCCOc1cc2ncnc(Nc3cccc(C=O)c3)c2cc1OCCOC,1,IC50,7.46,1,CHEMBL5631426
C#Cc1cc(C=O)cc(Nc2ncnc3cc(OCCOC)c(OCCOC)cc23)c1,1,IC50,6.96,1,CHEMBL5633106
COCCOc1cc2ncnc(Nc3cc(Cl)cc(C=O)c3)c2cc1OCCOC,1,IC50,6.73,1,CHEMBL5631902
COCCOc1cc2ncnc(Nc3ccc(C)c(C=O)c3)c2cc1OCCOC,1,IC50,6.91,1,CHEMBL5631782
COCCOc1cc2ncnc(Nc3ccc(C(F)F)c(C=O)c3)c2cc1OCCOC,1,IC50,6.25,1,CHEMBL5632548
COCCOc1cc2ncnc(Nc3ccc(O)c(C=O)c3)c2cc1OCCOC,1,IC50,6.71,1,CHEMBL5632485
COCCOc1cc2ncnc(Nc3ccc(C=O)c(O)c3)c2cc1OCCOC,1,IC50,7.44,1,CHEMBL5633818
C#Cc1cc(O)cc(Nc2ncnc3cc(OCCOC)c(OCCOC)cc23)c1,0,IC50 (>),5.0,1,CHEMBL5633509
COCCOc1cc2ncnc(Nc3cc(Cl)cc(OS(=O)(=O)F)c3)c2cc1OCCOC,1,IC50,7.26,1,CHEMBL5631269
COCCOc1cc2ncnc(Nc3ccc(F)c(OS(=O)(=O)F)c3)c2cc1OCCOC,1,IC50,7.01,1,CHEMBL5633094
N#Cc1c(-c2ccc(Cl)cc2Cl)cc(-c2c[nH]c3ccccc23)[nH]c1=O,1,IC50,7.16,2,CHEMBL5631610
c1ccc(COc2ccc(Nc3ncnc4[nH]ccc34)cc2)cc1,0,IC50,4.34,4,CHEMBL5200160
O=C(Nc1ccc(Nc2ncnc3[nH]ccc23)cc1)c1ccccc1,0,IC50,4.32,3,CHEMBL5633878
O=C(Nc1ccccc1)c1ccc(Nc2ncnc3[nH]ccc23)cc1,0,IC50,4.69,6,CHEMBL5632112
O=S(=O)(Nc1ccc(Nc2ncnc3[nH]ccc23)cc1)c1ccccc1,0,IC50,4.81,3,CHEMBL5633661
COC(=O)N1CCN2c3cc4c(N[C@H](C)c5cccc(C(F)F)c5F)nnc(C)c4cc3OC[C@H]2C1,0,IC50 (>),5.0,1,CHEMBL5639998
CN1CCN(c2ccc(Nc3nc(Nc4ccccc4N(C)S(C)(=O)=O)c4cc[nH]c4n3)cc2F)CC1,1,IC50,8.4,2,CHEMBL5641539
CN1CCN(C2CCN(c3ccc(Nc4nc(Nc5ccccc5N(C)S(C)(=O)=O)c5cc[nH]c5n4)cc3F)CC2)CC1,1,IC50,8.4,2,CHEMBL5646626
CN(C)C1CCN(c2ccc(Nc3nccc(-c4cn(C)c5ccccc45)n3)cc2NS(C)(=O)=O)CC1,1,IC50,7.75,2,CHEMBL5589715
COc1ccc(-c2ccnc3c(-c4noc(C)n4)c(C)nn23)cc1,1,IC50,6.97,1,CHEMBL5639303
C=Cc1ccnc(Oc2cc3c(Nc4cccc(Cl)c4F)ncnc3cc2OC)c1,1,IC50,9.3,2,CHEMBL5647150
C=Cc1cccc(Oc2cc3c(Nc4cccc(Cl)c4F)ncnc3cc2OC)n1,1,IC50,9.4,1,CHEMBL5639556
C=Cc1cc(Oc2cc3c(Nc4cccc(Cl)c4F)ncnc3cc2OC)ccn1,1,IC50,9.2,2,CHEMBL5647295
C/C=C/c1cc(Oc2cc3c(Nc4cccc(Cl)c4F)ncnc3cc2OC)ccn1,1,IC50,9.5,2,CHEMBL5647479
C=C(C)c1cc(Oc2cc3c(Nc4cccc(Cl)c4F)ncnc3cc2OC)ccn1,1,IC50,9.3,2,CHEMBL5647083
COc1cc2ncnc(Nc3cccc(Cl)c3F)c2cc1Oc1ccnc(C=C(C)C)c1,1,IC50,9.3,2,CHEMBL5646414
COC/C=C/c1cc(Oc2cc3c(Nc4cccc(Cl)c4F)ncnc3cc2OC)ccn1,1,IC50,9.4,2,CHEMBL5641648
COc1cc2ncnc(Nc3cccc(Cl)c3F)c2cc1Oc1ccnc(/C=C/CN2CCOCC2)c1,1,IC50,9.4,2,CHEMBL5641888
COc1cc2ncnc(Nc3cccc(Cl)c3F)c2cc1Oc1ccnc(/C=C/CN(C)C)c1,1,IC50,9.6,4,CHEMBL5646965
COc1cc(-c2nc(-c3ccc(-c4nc(-c5nnc(-c6ccncc6)o5)c[nH]4)cc3)no2)cc(OC)c1OC,1,IC50,6.99,1,CHEMBL5639966
COc1cc(OC)cc(-c2nc(-c3ccc(-c4nc(-c5nnc(-c6ccncc6)o5)c[nH]4)cc3)no2)c1,1,IC50,6.66,1,CHEMBL5647136
COc1ccc(-c2nc(-c3ccc(-c4nc(-c5nnc(-c6ccncc6)o5)c[nH]4)cc3)no2)cc1,1,IC50,6.02,1,CHEMBL5639130
CNC(=O)Nc1ccc2c(c1)CC[C@@]21OC(=O)N(CC(=O)N(Cc2ccc(F)cc2)[C@@H](C)C(F)(F)F)C1=O,0,IC50 (>),5.0,1,CHEMBL4282264
Cc1[nH]c(/C=C2/C(=O)Nc3ccc(S(=O)(=O)N(C)c4cccc(Cl)c4)cc32)c(C)c1C(=O)N1CCN(C)CC1,0,IC50 (>),4.0,1,CHEMBL5661872
CN(C)CCCn1cc(C2=C(c3c[nH]c4ccccc34)C(=O)NC2=O)c2ccccc21,0,IC50 (>),4.0,1,CHEMBL7463
Nc1nccn2c1c(-c1cc3cccc(Cl)c3[nH]1)nc2[C@H]1CC[C@H](C(=O)O)CC1,0,IC50 (>),4.4,1,CHEMBL5661831
N#C/C(=C\c1cccc(-c2cccc3[nH]ncc23)c1)C(N)=O,0,IC50 (>),5.0,1,CHEMBL4204801
COc1cc2ncc(C#N)c(Nc3ccc(OCc4ccccn4)c(Cl)c3)c2cc1NC(=O)/C=C/CN(C)C,1,IC50,8.52,2,CHEMBL5665391
CCOc1cc(N2CCC(O)CC2)ccc1Nc1ncc2c(n1)N(C)c1ccccc1C(=O)N2C,0,IC50 (>),4.3,2,CHEMBL1673046
C=CC(=O)Nc1ccc2ncnc(Nc3ccc(OCc4cccc(F)c4)c(Cl)c3)c2c1,1,IC50,9.3,2,CHEMBL1947204
Cc1cn(CCN2CCN(c3ccccc3-c3cc(C#N)cc(C(=O)NCCCN4CCCC4)c3)CC2)c2ccccc12,0,IC50 (>),4.7,9,CHEMBL3414623
CN1CCN(c2ccc(OC(F)(F)F)c(Nc3ncc4c(n3)-c3c(c(C(N)=O)nn3CCO)CC4)c2)CC1,0,IC50 (>),5.0,1,CHEMBL1738758
COc1cc2nc(C)nc(N[C@H](C)c3cccc(-c4cn[nH]c4)c3)c2cc1OC,0,IC50 (>),4.7,1,CHEMBL5428389
COc1cc2nc(C)nc(NC(C)c3ccc(-c4cnc5n4CCC5)s3)c2cc1OC,0,IC50 (>),4.7,1,CHEMBL5687032
CNCc1ccccc1-c1csc(C(C)Nc2nc(C)nc3cc(OC)c(OC)cc23)c1,0,IC50 (>),4.7,1,CHEMBL5560695
COc1cc2ccnc(N[C@H](C)c3cccc4ccccc34)c2cc1OC,0,IC50 (>),4.7,1,CHEMBL5686994
COc1cc2nc(C(F)(F)F)nc(N[C@H](C)c3cccc4ccccc34)c2cc1OC,0,IC50 (>),4.7,1,CHEMBL5687008
COc1cc2nc(N(C)C)nc(N[C@H](C)c3cccc4ccccc34)c2cc1OC,0,IC50 (>),4.7,1,CHEMBL5687030
COc1cc2nc(C)nc(N[C@H](C)c3cccc(Br)c3)c2cc1OC,0,IC50 (>),4.7,1,CHEMBL5687050
COc1cc2nc(C)nc(N(C)[C@H](C)c3cccc(Br)c3)c2cc1OC,0,IC50 (>),4.7,1,CHEMBL5687033
CCC(=O)Nc1cccc(Oc2nc(Nc3ccc(N4CCN(C)CC4)cc3OC)ncc2Cl)c1,0,Kd,6.89,2,CHEMBL4303523
O=C1c2ccccc2-c2n[nH]c3cccc1c23,0,IC50 (>),5.0,1,CHEMBL7064
C[C@H]1Oc2cc(cnc2N)-c2c(nn(C)c2C#N)CN(C)C(=O)C2C=CC(F)=CC21,1,IC50,7.25,2,CHEMBL5712062
CC(=O)N1CCN(C(=O)c2cccc(CSc3cnc(NC(=O)c4ccc(N(C)C)cc4)s3)c2)CC1,0,IC50 (>),4.3,1,CHEMBL205799
CC(=O)N1CCN(C(=O)c2cc(CSc3cnc(NC(=O)c4ccc(CNC(C)C(C)(C)C)cc4)s3)cc(C)c2C)CC1,0,IC50 (>),4.3,1,CHEMBL382362
C=CC(=O)Nc1cc(-n2c(=O)ccc3cnc4ccc(-c5ccc(NS(C)(=O)=O)cc5)cc4c32)ccc1C,1,IC50,6.76,1,CHEMBL4091991
COc1ccc(Nc2ncc3ncc(=O)n(-c4ccc(N)cc4)c3n2)cc1,0,IC50 (>),5.0,4,CHEMBL2437472
CCC(=O)Nc1cccc(-n2c(=O)cnc3cnc(Nc4ccc(OC)cc4)nc32)c1,0,IC50 (>),5.0,4,CHEMBL2437481
CCC(=O)Nc1ccc(-n2c(=O)cnc3cnc(Nc4ccc(OC)cc4)nc32)cc1,0,IC50 (>),5.0,4,CHEMBL2437480
C=CC(=O)Nc1ccc(-n2c(=O)cnc3cnc(Nc4ccccc4)nc32)cc1,1,IC50,7.8,3,CHEMBL2437487
CCN1CCN(Cc2ccc(C(=O)N[C@@H]3[C@H]4Oc5ccc(Oc6ccnc7c6CCC(=O)N7)cc5[C@@H]34)cc2C(F)(F)F)CC1,1,IC50,10.0,5,CHEMBL5875012
O=C1CCc2c(Oc3ccc4c(c3)[C@H]3[C@H](NC(=O)c5ccc(CN6CCN(CC(F)(F)F)CC6)c(C(F)(F)F)c5)[C@H]3O4)ccnc2N1,1,IC50,6.6,3,CHEMBL5932679
CN1CCN(Cc2ccc(C(=O)N[C@@H]3[C@H]4Oc5ccc(Oc6ccnc7c6CCC(=O)N7)cc5[C@@H]34)cc2C(F)(F)F)CC1,1,IC50,10.1,6,CHEMBL5952854
CCN1CCN(Cc2ccc(C(=O)N[C@@H]3[C@H]4Oc5ccc(Oc6ccnc7c6CCC(=O)N7)cc5[C@@H]34)cc2F)CC1,1,IC50,9.34,3,CHEMBL5832090
CCN1CCN(Cc2cc(C(=O)N[C@@H]3[C@H]4Oc5ccc(Oc6ccnc7c6CCC(=O)N7)cc5[C@@H]34)cc(C(F)(F)F)c2)CC1,1,IC50,9.0,3,CHEMBL5872606
CCN1CCN(Cc2cc(F)cc(C(=O)N[C@@H]3[C@H]4Oc5ccc(Oc6ccnc7c6CCC(=O)N7)cc5[C@@H]34)c2)CC1,1,IC50,8.54,3,CHEMBL5885846
O=C1CCc2c(Oc3ccc4c(c3)[C@H]3[C@H](NC(=O)c5ccc(CN6CCOCC6)c(C(F)(F)F)c5)[C@H]3O4)ccnc2N1,1,IC50,8.01,3,CHEMBL5954442
O=C1CCc2c(Oc3ccc4c(c3)[C@H]3[C@H](NC(=O)c5ccc(CN6CCCCC6)c(C(F)(F)F)c5)[C@H]3O4)ccnc2N1,1,IC50,7.16,3,CHEMBL5814661
CN(C)[C@H]1CCN(Cc2ccc(C(=O)N[C@@H]3[C@H]4Oc5ccc(Oc6ccnc7c6CCC(=O)N7)cc5[C@@H]34)cc2C(F)(F)F)C1,1,IC50,9.52,3,CHEMBL5816591
CN(C)[C@@H]1CCN(Cc2ccc(C(=O)N[C@@H]3[C@H]4Oc5ccc(Oc6ccnc7c6CCC(=O)N7)cc5[C@@H]34)cc2C(F)(F)F)C1,1,IC50,9.17,3,CHEMBL6032856
CN1CCN(Cc2ccc(C(=O)N[C@@H]3[C@H]4Oc5ccc(Oc6ccnc7c6CCC(=O)N7)cc5[C@@H]34)cc2)CC1,1,IC50,9.24,3,CHEMBL5809744
O=C1CCc2c(Oc3ccc4c(c3)[C@H]3[C@H](NC(=O)c5ccc(CN6CCN7CCC[C@@H]7C6)c(C(F)(F)F)c5)[C@H]3O4)ccnc2N1,1,IC50,9.8,3,CHEMBL5971901
C[C@@H]1CN(Cc2ccc(C(=O)N[C@@H]3[C@H]4Oc5ccc(Oc6ccnc7c6CCC(=O)N7)cc5[C@@H]34)cc2C(F)(F)F)C[C@H](C)O1,1,IC50,7.96,3,CHEMBL5981661
O=C1CCc2c(Oc3ccc4c(c3)[C@H]3[C@H](NC(=O)c5ccc(CN6CCn7c(nnc7C(F)(F)F)C6)c(C(F)(F)F)c5)[C@H]3O4)ccnc2N1,1,IC50,8.48,3,CHEMBL5746879
O=C1CCc2c(Oc3ccc4c(c3)[C@H]3[C@H](NC(=O)c5ccc(CN6CCC[C@H](O)C6)c(C(F)(F)F)c5)[C@H]3O4)ccnc2N1,1,IC50,8.36,3,CHEMBL5998662
O=C1CCc2c(Oc3ccc4c(c3)[C@H]3[C@H](NC(=O)c5ccc(CN6CCC[C@@H](O)C6)c(C(F)(F)F)c5)[C@H]3O4)ccnc2N1,1,IC50,8.38,3,CHEMBL6026192
O=C1CCc2c(Oc3ccc4c(c3)[C@H]3[C@H](NC(=O)c5ccc(CN6CCN(CCO)CC6)c(C(F)(F)F)c5)[C@H]3O4)ccnc2N1,1,IC50,9.59,3,CHEMBL5862436
CCN1CCN(Cc2ccc(C(=O)N[C@@H]3[C@H]4Oc5ccc(Oc6ccnc7c6CCC(=O)N7)cc5[C@@H]34)cc2Cl)CC1,1,IC50,9.19,2,CHEMBL5870222
CCN1CCN(Cc2ccc(C(=O)N[C@@H]3[C@H]4Oc5ccc(Oc6ccnc7c6CCC(=O)N7)cc5[C@@H]34)cc2Br)CC1,1,IC50,9.57,3,CHEMBL5806557
CN(C)C1CCN(Cc2ccc(C(=O)N[C@@H]3[C@H]4Oc5ccc(Oc6ccnc7c6CCC(=O)N7)cc5[C@@H]34)cc2C(F)(F)F)CC1,1,IC50,9.57,3,CHEMBL5952823
CN1CCN(Cc2ccc(C(=O)N[C@@H]3[C@H]4Oc5ccc(Oc6ccnc7c6CCC(=O)N7)cc5[C@@H]34)cc2F)CC1,1,IC50,9.55,3,CHEMBL6033024
CN1CCN(Cc2ccc(C(=O)N[C@@H]3[C@H]4Oc5ccc(Oc6ccnc7c6CCC(=O)N7)cc5[C@@H]34)cc2Cl)CC1,1,IC50,9.64,3,CHEMBL5746876
CN1CCN(Cc2ccc(C(=O)N[C@@H]3[C@H]4Oc5ccc(Oc6ccnc7c6CCC(=O)N7)cc5[C@@H]34)cc2Br)CC1,1,IC50,9.62,3,CHEMBL5934098
CN(C)Cc1ccc(C(=O)N[C@@H]2[C@H]3Oc4ccc(Oc5ccnc6c5CCC(=O)N6)cc4[C@@H]23)cc1C(F)(F)F,1,IC50,8.92,3,CHEMBL5858630
CC(C)(N)c1cc(C(=O)N[C@@H]2[C@H]3Oc4ccc(Oc5ccnc6c5CCC(=O)N6)cc4[C@@H]23)cc(C(F)(F)F)c1,1,IC50,9.82,3,CHEMBL5896727
NC1(c2cc(C(=O)N[C@@H]3[C@H]4Oc5ccc(Oc6ccnc7c6CCC(=O)N7)cc5[C@@H]34)cc(C(F)(F)F)c2)CC1,1,IC50,8.89,3,CHEMBL5915854
O=C1CCc2c(Oc3ccc4c(c3)[C@H]3[C@H](NC(=O)c5ccc(CN6CCNCC6)c(C(F)(F)F)c5)[C@H]3O4)ccnc2N1,1,IC50,9.51,3,CHEMBL5786132
CCCCCCCCCCCC(=O)N[C@@H]1[C@H]2Oc3ccc(Oc4ccnc5c4CCC(=O)N5)cc3[C@@H]12,1,IC50,6.54,3,CHEMBL5942345
C[C@H]1CN(Cc2ccc(C(=O)N[C@@H]3[C@H]4Oc5ccc(Oc6ccnc7c6CCC(=O)N7)cc5[C@@H]34)cc2C(F)(F)F)CCN1,1,IC50,9.85,3,CHEMBL5773114
C[C@@H]1CN(Cc2ccc(C(=O)N[C@@H]3[C@H]4Oc5ccc(Oc6ccnc7c6CCC(=O)N7)cc5[C@@H]34)cc2C(F)(F)F)CCN1,1,IC50,9.34,3,CHEMBL5755291
CN(C)[C@@H]1CCCN(Cc2ccc(C(=O)N[C@@H]3[C@H]4Oc5ccc(Oc6ccnc7c6CCC(=O)N7)cc5[C@@H]34)cc2C(F)(F)F)C1,1,IC50,9.36,3,CHEMBL5893218
CN(C)[C@@H]1CN(Cc2ccc(C(=O)N[C@@H]3[C@H]4Oc5ccc(Oc6ccnc7c6CCC(=O)N7)cc5[C@@H]34)cc2C(F)(F)F)CCN1,1,IC50,9.33,3,CHEMBL5856814
CCN1CCN(Cc2ccc(C(=O)N[C@H]3[C@@H]4Oc5ccc(Oc6ccnc7c6CCC(=O)N7)cc5[C@H]34)cc2C(F)(F)F)CC1,1,IC50,6.84,3,CHEMBL5768138
O=C1CCc2c(Oc3ccc4c(c3)[C@H]3[C@H](NC(=O)c5cccc(C(F)(F)F)c5)[C@H]3O4)ccnc2N1,1,IC50,8.01,3,CHEMBL6039541
O=C1CCc2c(Oc3ccc4c(c3)[C@H]3[C@H](NC(=O)c5ccc(F)cc5)[C@H]3O4)ccnc2N1,1,IC50,7.22,3,CHEMBL6014278
Cc1cccc(F)c1C(=O)N[C@@H]1[C@H]2Oc3ccc(Oc4ccnc5c4CCC(=O)N5)cc3[C@@H]12,1,IC50,6.28,1,CHEMBL6020779
O=C1CCc2c(Oc3ccc4c(c3)[C@H]3[C@H](NC(=O)c5ccccc5F)[C@H]3O4)ccnc2N1,1,IC50,7.1,2,CHEMBL5872048
O=C1CCc2c(Oc3ccc4c(c3)[C@H]3[C@H](NC(=O)c5cccc(F)c5)[C@H]3O4)ccnc2N1,1,IC50,7.52,3,CHEMBL5962642
O=C1CCc2c(Oc3ccc4c(c3)[C@H]3[C@H](NC(=O)c5ccc(C(F)(F)F)cc5)[C@H]3O4)ccnc2N1,1,IC50,7.92,3,CHEMBL5875973
O=C1CCc2c(Oc3ccc4c(c3)[C@H]3[C@H](NC(=O)c5ccc(F)c(F)c5)[C@H]3O4)ccnc2N1,1,IC50,7.54,3,CHEMBL5983026
O=C1CCc2c(Oc3ccc4c(c3)[C@H]3[C@H](NC(=O)c5ccc(C(F)(F)F)c(F)c5)[C@H]3O4)ccnc2N1,1,IC50,8.28,3,CHEMBL5903269
CC(C)(C#N)c1cccc(C(=O)N[C@@H]2[C@H]3Oc4ccc(Oc5ccnc6c5CCC(=O)N6)cc4[C@@H]23)c1,1,IC50,7.96,3,CHEMBL5862522
O=C1CCc2c(Oc3ccc4c(c3)[C@H]3[C@H](NC(=O)c5ccccc5C(F)(F)F)[C@H]3O4)ccnc2N1,1,IC50,7.2,2,CHEMBL5770880
O=C1CCc2c(Oc3ccc4c(c3)[C@H]3[C@H](NC(=O)c5cc(C(F)(F)F)ccn5)[C@H]3O4)ccnc2N1,1,IC50,8.27,3,CHEMBL5976386
N#CC1(c2cccc(C(=O)N[C@@H]3[C@H]4Oc5ccc(Oc6ccnc7c6CCC(=O)N7)cc5[C@@H]34)c2)CC1,1,IC50,7.28,3,CHEMBL6031887
CN(C)[C@H]1CCCN(c2ccc(C(=O)N[C@@H]3[C@H]4Oc5ccc(Oc6ccnc7c6CCC(=O)N7)cc5[C@@H]34)cc2C(F)(F)F)C1,1,IC50,9.41,3,CHEMBL6056244
CN(C)[C@@H]1CCCN(c2ccc(C(=O)N[C@@H]3[C@H]4Oc5ccc(Oc6ccnc7c6CCC(=O)N7)cc5[C@@H]34)cc2C(F)(F)F)C1,1,IC50,9.04,3,CHEMBL6046965
CN1CCN(c2ccc(C(=O)N[C@@H]3[C@H]4Oc5ccc(Oc6ccnc7c6CCC(=O)N7)cc5[C@@H]34)cc2C(F)(F)F)CC1,1,IC50,8.34,3,CHEMBL6025187
CCN1CCN(c2ccc(C(=O)N[C@@H]3[C@H]4Oc5ccc(Oc6ccnc7c6CCC(=O)N7)cc5[C@@H]34)cc2C(F)(F)F)CC1,1,IC50,8.2,3,CHEMBL5873702
CN1CCC(Oc2ccc(C(=O)N[C@@H]3[C@H]4Oc5ccc(Oc6ccnc7c6CCC(=O)N7)cc5[C@@H]34)cc2C(F)(F)F)CC1,1,IC50,9.68,3,CHEMBL5805459
CN1CCN(CCOc2ccc(C(=O)N[C@@H]3[C@H]4Oc5ccc(Oc6ccnc7c6CCC(=O)N7)cc5[C@@H]34)cc2C(F)(F)F)CC1,1,IC50,8.02,3,CHEMBL5976230
O=C(/C=C/c1cccc(C(F)(F)F)c1)N[C@@H]1[C@H]2Oc3ccc(Oc4ccnc5c4CCC(=O)N5)cc3[C@@H]12,1,IC50,7.17,2,CHEMBL5873136
O=C1CCc2c(Oc3ccc4c(c3)[C@H]3[C@H](NC(=O)c5ccc(-c6ccccc6)o5)[C@H]3O4)ccnc2N1,1,IC50,6.82,3,CHEMBL6024685
CCN1CCN(Cc2ccc(C(=O)NC3C4Oc5c(C)cc(Oc6ccnc7c6CCC(=O)N7)cc5C34)cc2C(F)(F)F)CC1,1,IC50,9.46,3,CHEMBL5950429
CN1CCN(Cc2ccc(C(=O)NC3C4Oc5ccc(Oc6ccnc7c6CCC(=O)N7)cc5C34)cc2C(F)(F)F)CC1,1,IC50,9.4,3,CHEMBL5857682
CCN1CCN(Cc2ccc(C(=O)N[C@@H]3[C@H]4Oc5ccc(Oc6ccnc7c6CCC(=O)N7)cc5[C@@H]34)cc2C)CC1,1,IC50,9.3,3,CHEMBL5845171
Cc1cc(C(=O)N[C@@H]2[C@H]3Oc4ccc(Oc5ccnc6c5CCC(=O)N6)cc4[C@@H]23)ccc1CN1CCN(C)CC1,1,IC50,9.51,3,CHEMBL5863733
Cc1cc(C(=O)N[C@@H]2[C@H]3Oc4ccc(Oc5ccnc6c5CCC(=O)N6)cc4[C@@H]23)ccc1CO,1,IC50,8.32,3,CHEMBL5945719
O=C1CCc2c(Oc3ccc4c(c3)[C@H]3[C@H](NC(=O)Cc5cccc(C(F)(F)F)c5)[C@H]3O4)ccnc2N1,1,IC50,6.02,1,CHEMBL5827368
O=C1CCc2c(Oc3ccc4c(c3)[C@H]3[C@H](NC(=O)c5ccnc(C(F)(F)F)c5)[C@H]3O4)ccnc2N1,1,IC50,7.12,3,CHEMBL5836093
O=C1CCc2c(Oc3ccc4c(c3)[C@H]3[C@H](NC(=O)c5cncc(C(F)(F)F)c5)[C@H]3O4)ccnc2N1,1,IC50,7.55,3,CHEMBL6019942
O=C1CCc2c(Oc3ccc4c(c3)[C@H]3[C@H](NC(=O)c5cccc(C(F)(F)F)n5)[C@H]3O4)ccnc2N1,1,IC50,6.63,2,CHEMBL5750515
CC1CN(Cc2ccc(C(=O)N[C@@H]3[C@H]4Oc5ccc(Oc6ccnc7c6CCC(=O)N7)cc5[C@@H]34)cc2C(F)(F)F)CC(C)N1C(=O)OC(C)(C)C,1,IC50,8.96,3,CHEMBL5779745
CN(C)Cc1cc(C(=O)N[C@@H]2[C@H]3Oc4ccc(Oc5ccnc6c5CCC(=O)N6)cc4[C@@H]23)cc(C(F)(F)F)c1,1,IC50,8.03,3,CHEMBL5900941
CCCCCC(=O)N[C@@H]1[C@H]2Oc3ccc(Oc4ccnc5c4CCC(=O)N5)cc3[C@@H]12,1,IC50,6.74,2,CHEMBL6059204
CCCCCCC(=O)N[C@@H]1[C@H]2Oc3ccc(Oc4ccnc5c4CCC(=O)N5)cc3[C@@H]12,1,IC50,7.15,3,CHEMBL6000502
CCCCCCCC(=O)N[C@@H]1[C@H]2Oc3ccc(Oc4ccnc5c4CCC(=O)N5)cc3[C@@H]12,1,IC50,6.94,3,CHEMBL5900414
CCCCCCCCCC(=O)N[C@@H]1[C@H]2Oc3ccc(Oc4ccnc5c4CCC(=O)N5)cc3[C@@H]12,1,IC50,6.64,2,CHEMBL6006366
CN(C)C1CCN(c2ccc(C(=O)N[C@@H]3[C@H]4Oc5ccc(Oc6ccnc7c6CCC(=O)N7)cc5[C@@H]34)cc2C(F)(F)F)CC1,1,IC50,8.68,3,CHEMBL5914847
COc1cc(C(=O)N[C@@H]2[C@H]3Oc4ccc(Oc5ccnc6c5CCC(=O)N6)cc4[C@@H]23)ccc1CN1CCN(C)CC1,1,IC50,9.0,3,CHEMBL5987223
CCN1CCN(Cc2ccc(C(=O)N[C@@H]3[C@H]4Oc5ccc(Oc6ccnc7c6CCC(=O)N7)cc5[C@@H]34)cc2OC)CC1,1,IC50,9.04,3,CHEMBL6053635
CCN1CCC(Cc2ccc(C(=O)N[C@@H]3[C@H]4Oc5ccc(Oc6ccnc7c6CCC(=O)N7)cc5[C@@H]34)cc2C(F)(F)F)CC1,1,IC50,9.77,3,CHEMBL5840248
CCN1CCC(=Cc2ccc(C(=O)N[C@@H]3[C@H]4Oc5ccc(Oc6ccnc7c6CCC(=O)N7)cc5[C@@H]34)cc2C(F)(F)F)CC1,1,IC50,9.74,3,CHEMBL5897419
O=C1CCc2c(Oc3ccc4c(c3)[C@H]3[C@H](NC(=O)c5ccc(CO)c(C(F)(F)F)c5)[C@H]3O4)ccnc2N1,1,IC50,8.38,3,CHEMBL6039588
CN1C(C)(C)CC(Oc2ccc(C(=O)N[C@@H]3[C@H]4Oc5ccc(Oc6ccnc7c6CCC(=O)N7)cc5[C@@H]34)cc2C(F)(F)F)CC1(C)C,1,IC50,8.02,2,CHEMBL5895307
CCN1CCN(Cc2ccc(C(=O)N[C@@H]3[C@H]4Oc5ccc(Oc6ccnc7c6CCC(=O)N7)cc5[C@@H]34)cc2OC(F)(F)F)CC1,1,IC50,9.1,3,CHEMBL5798869
CCN1CCN(Cc2ccc(C(=O)N[C@@H]3[C@H]4Oc5ccc(Oc6ccnc7c6COC(=O)N7)cc5[C@@H]34)cc2C(F)(F)F)CC1,1,IC50,9.6,3,CHEMBL5902796
CN1CCN(Cc2ccc(C(=O)N[C@@H]3[C@H]4Oc5ccc(Oc6ccnc7c6COC(=O)N7)cc5[C@@H]34)cc2C(F)(F)F)CC1,1,IC50,9.54,3,CHEMBL6029891
CCN1CCN(Cc2ccc(C(=O)N[C@@H]3[C@H]4Oc5ccc(Oc6ccnc(C(=O)NC)c6)cc5[C@@H]34)cc2C(F)(F)F)CC1,1,IC50,8.33,3,CHEMBL5817477
CNC(=O)c1cc(Oc2ccc3c(c2)[C@H]2[C@H](NC(=O)c4ccc(CN5CCN(C)CC5)c(C(F)(F)F)c4)[C@H]2O3)ccn1,1,IC50,8.39,3,CHEMBL5808072
CCN1CCN(Cc2ccc(C(=O)N[C@@H]3[C@H]4Oc5ccc(Oc6ccnc(N)c6)cc5[C@@H]34)cc2C(F)(F)F)CC1,1,IC50,9.33,3,CHEMBL5834453
CCN1CCN(Cc2ccc(C(=O)N[C@@H]3[C@H]4Oc5ccc(Oc6ccnc7c6CNC(=O)N7)cc5[C@@H]34)cc2C(F)(F)F)CC1,1,IC50,10.12,3,CHEMBL5957231
CN1CCN(Cc2ccc(C(=O)N[C@@H]3[C@H]4Oc5ccc(Oc6ccnc7c6CNC(=O)N7)cc5[C@@H]34)cc2C(F)(F)F)CC1,1,IC50,10.08,3,CHEMBL5972309
COc1cc2ncnc(Nc3ccc(F)c(Cl)c3)c2cc1NC(=O)/C=C/CN1C[C@@H]2OCCO[C@@H]2C1,1,IC50,8.49,4,CHEMBL5871673
COc1cc2ncnc(Nc3ccc(F)c(Cl)c3)c2cc1NC(=O)/C=C/CN1C[C@@H]2OCCO[C@H]2C1,1,IC50,8.37,2,CHEMBL6024052
CCOc1cc2ncnc(Nc3ccc(F)c(Cl)c3)c2cc1NC(=O)/C=C/CN1C[C@@H]2OCCO[C@@H]2C1,1,IC50,8.21,2,CHEMBL5813773
O=C(/C=C/CN1C[C@@H]2OCCO[C@@H]2C1)Nc1cc2c(Nc3ccc(F)c(Cl)c3)ncnc2cc1O[C@H]1CCOC1,1,IC50,8.44,2,CHEMBL5982094
COCCOc1cc2ncnc(Nc3ccc(F)c(Cl)c3)c2cc1NC(=O)/C=C/CN1C[C@@H]2OCCO[C@@H]2C1,1,IC50,8.74,2,CHEMBL6008376
O=C(/C=C/CN1C[C@@H]2OCCO[C@@H]2C1)Nc1cc2c(Nc3ccc(F)c(Cl)c3)ncnc2cc1OCC(F)(F)F,1,IC50,7.81,2,CHEMBL5794110
O=C(/C=C/CN1C[C@@H]2OCCO[C@@H]2C1)Nc1ccc2ncnc(Nc3ccc(OCc4cccc(F)c4)c(Cl)c3)c2c1,1,IC50,7.82,2,CHEMBL5742380
O=C(/C=C/CN1C[C@@H]2OCCO[C@@H]2C1)Nc1ccc2ncnc(Nc3ccc(OCc4ccccn4)c(Cl)c3)c2c1,1,IC50,7.66,2,CHEMBL5789779
COc1cc2ncnc(Nc3ccc(OCc4ccccn4)c(Cl)c3)c2cc1NC(=O)/C=C/CN1C[C@@H]2OCCO[C@@H]2C1,1,IC50,8.07,2,CHEMBL5908256
CCOc1cc2ncnc(Nc3ccc(OCc4ccccn4)c(Cl)c3)c2cc1NC(=O)/C=C/CN1C[C@@H]2OCCO[C@@H]2C1,1,IC50,8.38,2,CHEMBL5838668
O=C(/C=C/CN1C[C@@H]2OCCO[C@@H]2C1)Nc1cc2c(Nc3ccc(OCc4ccccn4)c(Cl)c3)ncnc2cc1O[C@H]1CCOC1,1,IC50,8.23,2,CHEMBL5979907
O=C(/C=C/CN1C[C@@H]2OCCO[C@@H]2C1)Nc1ccc2ncnc(Nc3ccc4c(cnn4Cc4cccc(F)c4)c3)c2c1,1,IC50,7.85,2,CHEMBL5908548
COc1cc2ncnc(Nc3ccc4c(cnn4Cc4cccc(F)c4)c3)c2cc1NC(=O)/C=C/CN1C[C@@H]2OCCO[C@@H]2C1,1,IC50,8.1,2,CHEMBL5752228
CCOc1cc2ncnc(Nc3ccc4c(cnn4Cc4cccc(F)c4)c3)c2cc1NC(=O)/C=C/CN1C[C@@H]2OCCO[C@@H]2C1,1,IC50,7.84,2,CHEMBL5769203
COc1cc2ncnc(Nc3ccc(OCc4cccc(F)c4)c(Cl)c3)c2cc1NC(=O)/C=C/CN1C[C@@H]2OCCO[C@@H]2C1,1,IC50,7.65,2,CHEMBL6000037
CCOc1cc2ncnc(Nc3ccc(OCc4cccc(F)c4)c(Cl)c3)c2cc1NC(=O)/C=C/CN1C[C@@H]2OCCO[C@@H]2C1,1,IC50,7.5,2,CHEMBL5888474
COc1cc2ncnc(Nc3ccc(Cl)c(Cl)c3F)c2cc1NC(=O)/C=C/CN1C[C@@H]2OCCO[C@@H]2C1,1,IC50,8.68,2,CHEMBL5839893
CCOc1cc2ncnc(Nc3ccc(Cl)c(Cl)c3F)c2cc1NC(=O)/C=C/CN1C[C@@H]2OCCO[C@@H]2C1,1,IC50,8.92,2,CHEMBL5937987
COCCOc1cc2ncnc(Nc3ccc(Cl)c(Cl)c3F)c2cc1NC(=O)/C=C/CN1C[C@@H]2OCCO[C@@H]2C1,1,IC50,8.82,2,CHEMBL5944794
O=C(/C=C/CN1C[C@@H]2OCCO[C@@H]2C1)Nc1cc2c(Nc3ccc(Cl)c(Cl)c3F)ncnc2cc1O[C@H]1CCOC1,1,IC50,8.48,2,CHEMBL6056552
COc1cc2ncnc(Nc3ccc(F)c(Cl)c3F)c2cc1NC(=O)/C=C/CN1C[C@@H]2OCCO[C@@H]2C1,1,IC50,9.05,2,CHEMBL5952264
COc1cc2ncnc(Nc3ccc(F)c(Cl)c3)c2cc1NC(=O)/C=C/CN1CCC1CO,1,IC50,8.64,1,CHEMBL5999223
COC[C@H]1CCN1C/C=C/C(=O)Nc1cc2c(Nc3ccc(F)c(Cl)c3)ncnc2cc1OC,1,IC50,8.8,1,CHEMBL5742327
COC[C@@H]1CCN1C/C=C/C(=O)Nc1cc2c(Nc3ccc(F)c(Cl)c3)ncnc2cc1OC,1,IC50,7.67,1,CHEMBL6064874
CCOc1cc2ncnc(Nc3ccc(F)c(Cl)c3)c2cc1NC(=O)/C=C/CN1CC[C@@H]1COC,1,IC50,8.7,1,CHEMBL6050073
CCOc1cc2ncnc(Nc3ccc(F)c(Cl)c3)c2cc1NC(=O)/C=C/CN1CC[C@H]1COC,1,IC50,8.11,1,CHEMBL5794459
COCCOc1cc2ncnc(Nc3ccc(F)c(Cl)c3)c2cc1NC(=O)/C=C/CN1CC[C@@H]1COC,1,IC50,8.85,1,CHEMBL5890119
COCCOc1cc2ncnc(Nc3ccc(F)c(Cl)c3)c2cc1NC(=O)/C=C/CN1CC[C@H]1COC,1,IC50,8.24,1,CHEMBL5998236
O=C(/C=C/CN1CCC1CO)Nc1cc2c(Nc3ccc(F)c(Cl)c3)ncnc2cc1OCC1CC1,1,IC50,8.02,1,CHEMBL5760776
COC[C@H]1CCN1C/C=C/C(=O)Nc1cc2c(Nc3ccc(F)c(Cl)c3)ncnc2cc1OCC1CC1,1,IC50,8.18,1,CHEMBL5795026
COC[C@@H]1CCN1C/C=C/C(=O)Nc1cc2c(Nc3ccc(F)c(Cl)c3)ncnc2cc1OCC1CC1,1,IC50,7.66,1,CHEMBL6030420
O=C(/C=C/CN1CCC1CO)Nc1cc2c(Nc3ccc(F)c(Cl)c3)ncnc2cc1O[C@H]1CCOC1,1,IC50,8.41,1,CHEMBL6020835
COCC1CCN1C/C=C/C(=O)Nc1cc2c(Nc3ccc(F)c(Cl)c3)ncnc2cc1O[C@H]1CCOC1,1,IC50,8.54,1,CHEMBL5753139
O=C(/C=C/CN1CCC1CO)Nc1cc2c(Nc3ccc(F)c(Cl)c3)ncnc2cc1OC[C@H]1COCCO1,1,IC50,8.57,1,CHEMBL5791987
COC[C@H]1CCN1C/C=C/C(=O)Nc1cc2c(Nc3ccc(F)c(Cl)c3)ncnc2cc1OC[C@H]1COCCO1,1,IC50,8.54,1,CHEMBL5770169
COC[C@@H]1CCN1C/C=C/C(=O)Nc1cc2c(Nc3ccc(F)c(Cl)c3)ncnc2cc1OC[C@H]1COCCO1,1,IC50,7.6,1,CHEMBL5798764
O=C(/C=C/CN1CCC1CO)Nc1cc2c(Nc3ccc(F)c(Cl)c3)ncnc2cc1OC[C@@H]1COCCO1,1,IC50,7.76,1,CHEMBL5890488
COCC1CCN1C/C=C/C(=O)Nc1cc2c(Nc3ccc(F)c(Cl)c3)ncnc2cc1OC[C@@H]1COCCO1,1,IC50,8.32,1,CHEMBL5857553
O=C(/C=C/CN1CCC1CO)Nc1cc2c(Nc3ccc(F)c(Cl)c3)ncnc2cc1OC[C@H]1[C@@H]2COC[C@@H]21,1,IC50,7.97,1,CHEMBL5938912
COC[C@H]1CCN1C/C=C/C(=O)Nc1cc2c(Nc3ccc(F)c(Cl)c3)ncnc2cc1OC[C@H]1[C@@H]2COC[C@@H]21,1,IC50,8.54,1,CHEMBL5806322
COC[C@@H]1CCN1C/C=C/C(=O)Nc1cc2c(Nc3ccc(F)c(Cl)c3)ncnc2cc1OC[C@H]1[C@@H]2COC[C@@H]21,1,IC50,7.65,1,CHEMBL5981673
COc1cc(N2CCC(N(C)C)CC2)ccc1Nc1ncc(Cl)c(Nc2ccccc2C(=O)C(N)=O)n1,1,IC50,8.39,8,CHEMBL5903567
COc1cc(Nc2ncc(Cl)c(Nc3ccccc3C(=O)C(=O)N(C)C)n2)ccc1N1CCN(C)CC1,1,IC50,7.64,6,CHEMBL5871879
C=CC(=O)Nc1ccc(OC)c(Nc2ncc(Cl)c(Nc3ccccc3C(=O)C(=O)N(C)C)n2)c1,1,IC50,7.82,8,CHEMBL5847006
CN(C)C(=O)C(=O)c1ccccc1Nc1cc(Cl)ccc1Cl,1,IC50,7.8,4,CHEMBL5951162
C=CC(=O)N1CCOc2ccc(Nc3ncc(Cl)c(Nc4ccccc4C(=O)C(=O)N(C)C)n3)cc21,1,IC50,7.83,8,CHEMBL5964556
C=CC(=O)Nc1cc(Nc2ncc(Cl)c(Nc3ccccc3C(=O)C(=O)N(C)C)n2)ccc1OCCN(C)C,1,IC50,7.93,8,CHEMBL6013504
COc1cc(Nc2ncc(Cl)c(Nc3ccccc3C(=O)C(=O)N(C)C)n2)ccc1N1CCC(N(C)C)CC1,1,IC50,8.31,8,CHEMBL5857101
CC(C)(C)CNc1ncnc2ccc(NC(c3ccc(F)cc3)c3cn(C4CC4)nn3)cc12,1,IC50,8.3,2,CHEMBL5929024
CC(C)(C)CNc1ncnc2ccc(N[C@@H](c3ccc(F)cc3)c3cn(C4CC4)nn3)cc12,1,IC50,8.11,2,CHEMBL6041434
CC1(CNc2ncnc3ccc(NC(c4ccc(F)cc4)c4cn(C5CC5)nn4)cc23)CCOCC1,1,IC50,7.96,2,CHEMBL5832966
CC[C@@H](Nc1ncnc2ccc(NC(c3ccc(F)cc3)c3cn(C4CC4)nn3)cc12)c1ccccc1,1,IC50,7.37,2,CHEMBL5777984
N#CCC(Nc1ncnc2ccc(NC(c3ccc(F)cc3)c3cn(C4CC4)nn3)cc12)c1ccccc1,1,IC50,7.28,2,CHEMBL5872595
[2H]C(c1ccc(F)cc1)(c1cn(C2CC2)nn1)N(CC)c1ccc2ncnc(NCC(C)(C)C)c2c1,1,IC50,6.56,1,CHEMBL5807906
CC(C)(C)CNc1ncnc2ccc(NC(c3cccc(C#N)c3)c3cn(C4CC4)nn3)cc12,1,IC50,8.59,2,CHEMBL6013902
CC(C)(C)CNc1ncnc2ccc(N[C@H](c3cn(C4CC4)nn3)c3ccccc3Cl)cc12,1,IC50,7.89,2,CHEMBL6045905
CC(C)(C)CNc1ncnc2c(Cl)cc(NC(c3cn(C4CC4)nn3)c3ccccc3Cl)cc12,1,IC50,8.32,2,CHEMBL5950594
CC(C)(C)CNc1ncnc2c(Cl)cc(NC(c3cn(CC(=O)O)nn3)c3ccccc3Cl)cc12,1,IC50,7.89,2,CHEMBL5752067
N#CCC[C@@H](Nc1ncnc2c(Cl)cc(NC(c3ccc(F)cc3)c3cn(C4CC4)nn3)cc12)c1ccccc1,1,IC50,7.34,2,CHEMBL6034088
N#CCC[C@@H](Nc1ncnc2c(Cl)cc(NC(c3ccc(F)cc3)c3cn(C4(C(F)(F)F)CC4)nn3)cc12)c1ccccc1,1,IC50,6.86,2,CHEMBL5775621
CC(C)(C)CNc1ncnc2c(Cl)cc(NC(c3ccc(F)cc3)c3cn(C4(C(F)(F)F)CC4)nn3)cc12,1,IC50,8.0,2,CHEMBL5771679
CC(C)(C)CNc1ncnc2c(C#N)cc(NC(c3ccc(F)cc3)c3cn(C4CC4)nn3)cc12,1,IC50,8.68,2,CHEMBL5982062
CC(C)(C)CNc1ncnc2c(Br)cc(NC(c3ccc(F)cc3)c3cn(C4CC4)nn3)cc12,1,IC50,8.59,2,CHEMBL5934619
CC(C)(C)CNc1ncnc2c(Cl)cc(NC(c3ccc(F)cc3)c3cn(C4(CF)CC4)nn3)cc12,1,IC50,8.51,2,CHEMBL5980501
CC(C)(C)CNc1ncnc2c(C#N)cc(N[C@H](c3cn(C4(C(F)(F)F)CC4)nn3)c3cccc4ncsc34)cc12,1,IC50,8.48,2,CHEMBL5898294
CC(C)(C)CNc1ncnc2c(Br)cc(N[C@H](c3cn(C4(C(F)(F)F)CC4)nn3)c3cccc4ncsc34)cc12,1,IC50,8.1,2,CHEMBL5922699
CC(C)(C)CNc1ncnc2c(C#N)cc(NC(c3cn(C4CC4)nn3)c3ccccc3Cl)cc12,1,IC50,8.62,2,CHEMBL5780873
CC(C)(C)CNc1ncnc2c(C#N)cc(NC(c3cn(C4(C#N)CC4)nn3)c3ccccc3Cl)cc12,1,IC50,8.48,2,CHEMBL5964366
Cc1nc(F)ccc1[C@H](Nc1cc(Cl)c2ncnc(NCC(C)(C)C)c2c1)c1cn(C2(C(F)F)CC2)nn1,1,IC50,8.72,2,CHEMBL5985406
Cc1nc(F)ccc1[C@H](Nc1cc(C#N)c2ncnc(NCC(C)(C)C)c2c1)c1cn(C2(C(F)F)CC2)nn1,1,IC50,8.77,2,CHEMBL5979002
Cc1c(C#N)cccc1[C@H](Nc1cc(Cl)c2ncnc(NCC(C)(C)C)c2c1)c1cn(C2(C(F)F)CC2)nn1,1,IC50,8.8,2,CHEMBL5846813
Cn1ccc2c([C@H](Nc3cc(C#N)c4ncnc(NCC(C)(C)C)c4c3)c3cn(C4(C(F)F)CC4)nn3)cccc2c1=O,1,IC50,8.92,2,CHEMBL5890663
Cn1ccc2c([C@H](Nc3cc(Cl)c4ncnc(NCC(C)(C)C)c4c3)c3cn(C4(C(F)F)CC4)nn3)cccc2c1=O,1,IC50,8.62,2,CHEMBL5843771
Cn1ccc2c([C@H](Nc3cc(Cl)c4ncnc(NCC(C)(C)C)c4c3)c3cn(C45CC(C4)C5)nn3)cccc2c1=O,1,IC50,8.77,2,CHEMBL5966165
Fc1ccc(Nc2ncnc3c(Cl)cc(NC(c4ccccc4)c4cn(C5CCNCC5)nn4)cc23)cc1Cl,1,IC50,7.55,2,CHEMBL5895402
CCN1CCC(n2cc(C(Nc3cc(Cl)c4ncnc(Nc5ccc(F)c(Cl)c5)c4c3)c3ccccc3)nn2)CC1,1,IC50,7.72,2,CHEMBL6014011
CCN1CCC(n2cc([C@@H](Nc3cc(Cl)c4ncnc(Nc5ccc(F)c(Cl)c5)c4c3)c3ccccc3)nn2)CC1,1,IC50,8.23,2,CHEMBL5795375
CC(C)(C)N1CCC(n2cc([C@@H](Nc3ccc4ncnc(Nc5ccc(F)c(Cl)c5)c4c3)c3ccc(Cl)cc3)nn2)CC1,1,IC50,7.14,2,CHEMBL5745601
Fc1ccc(Nc2ncnc3ccc(N[C@@H](c4ccc(Cl)cc4)c4cn(C5CCNCC5)nn4)cc23)cc1Cl,1,IC50,7.31,2,CHEMBL6018368
Fc1ccc(Nc2ncnc3ccc(N[C@@H](c4ccc(Cl)cc4)c4cn(C5COC5)nn4)cc23)cc1Cl,1,IC50,6.55,2,CHEMBL5918479
Fc1ccc(Nc2ncnc3ccc(N[C@@H](c4ccc(Cl)cc4)c4cn(C5CCN(C6COC6)CC5)nn4)cc23)cc1Cl,1,IC50,6.5,2,CHEMBL5815729
Fc1ccc(Nc2ncnc3c(Cl)cc(N[C@@H](c4ccccc4)c4cn(C5CCNCC5)nn4)cc23)cc1Cl,1,IC50,8.08,2,CHEMBL5768440
CCN1CCC(n2cc([C@@H](Nc3cc(Cl)c4ncnc(Nc5ccc(F)c(Cl)c5)c4c3)c3ccc(Cl)cc3)nn2)CC1,1,IC50,7.77,2,CHEMBL5796746
Fc1ccc(C(Nc2ccc3ncnc(Nc4cnc(F)c(F)c4)c3c2)c2cn(C3CC3)nn2)cc1,1,IC50,7.13,2,CHEMBL6064756
C=CC(=O)Nc1cccc(Nc2nc(Nc3cccc(OC)c3OC)ncc2Br)c1,1,IC50,8.26,3,CHEMBL5810016
C=CC(=O)Nc1cccc(Oc2nc(Nc3cccc(OC)c3OC)ncc2Cl)c1,1,IC50,7.26,3,CHEMBL6016385
C=CC(=O)Nc1cc(Nc2ncc3ccc(-c4cnn(C)c4)n3n2)c(OC)cc1N(C)CCN(C)C,1,IC50,9.0,2,CHEMBL5949485
C=CC(=O)Nc1cc(Nc2ncc3ccc(-c4cnn(C)c4)n3n2)c(OC)cc1N1CCC(N(C)C)CC1,1,IC50,8.7,2,CHEMBL5893452
C=CC(=O)Nc1cc(Nc2ncc3ccc(-c4cnn(C)c4)n3n2)c(OC)cc1OCCN(C)C,1,IC50,9.0,2,CHEMBL5868518
C=CC(=O)Nc1cc(Nc2ncc3ccc(-c4cnn(C)c4)n3n2)c(OC)cc1N1CCN(C)CC1,1,IC50,8.7,2,CHEMBL6050550
C=CC(=O)Nc1cc(Nc2ncc3ccc(C4=CCCCC4)n3n2)c(OC)cc1N(C)CCN(C)C,1,IC50,8.52,2,CHEMBL5989430
C=CC(=O)Nc1cc(Nc2ncc3ccc(-c4cccnc4)n3n2)c(OC)cc1N(C)CCN(C)C,1,IC50,8.62,2,CHEMBL6023885
C=CC(=O)Nc1cc(Nc2ncc3ccc(-c4cnc5c(ccn5C)c4)n3n2)c(OC)cc1N(C)CCN(C)C,1,IC50,8.7,2,CHEMBL5784655
C=CC(=O)Nc1cc(Nc2ncc3ccc(C4CC4)n3n2)c(OC)cc1N(C)CCN(C)C,1,IC50,8.7,2,CHEMBL5741053
C=CC(=O)Nc1cc(Nc2ncc3ccc(C)n3n2)c(OC)cc1N(C)CCN(C)C,1,IC50,7.8,2,CHEMBL5825244
C=CC(=O)Nc1cc(Nc2ncc3ccc(-c4cnc5ccccc5c4)n3n2)c(OC)cc1N(C)CCN(C)C,1,IC50,9.0,2,CHEMBL5929000
C=CC(=O)Nc1cc(Nc2ncc3ccc(-c4ccccc4)n3n2)c(OC)cc1N(C)CCN(C)C,1,IC50,8.62,2,CHEMBL5988665
C=CC(=O)Nc1cc(Nc2ncc3ccc(-c4ccn(C)c4)n3n2)c(OC)cc1N(C)CCN(C)C,1,IC50,8.72,2,CHEMBL5763517
C=CC(=O)Nc1cc(Nc2ncc3ccc(-c4cnc5ccccc5c4)n3n2)c(OC)cc1N1CCC(N(C)C)CC1,1,IC50,8.3,2,CHEMBL5743902
C=CC(=O)Nc1cc(Nc2ncc3ccc(C)n3n2)c(OC)cc1N1CCC(N(C)C)CC1,1,IC50,8.05,2,CHEMBL5828371
C=CC(=O)Nc1cc(Nc2ncc3ccc(C4CC4)n3n2)c(OC)cc1N1CCC(N(C)C)CC1,1,IC50,6.58,1,CHEMBL5909369
C=CC(=O)Nc1cc(Nc2ncc3c(C)cc(-c4cnn(C)c4)n3n2)c(OC)cc1N(C)CCN(C)C,1,IC50,7.92,2,CHEMBL5915322
C=CC(=O)Nc1cc(Nc2ncc3c(C)cc(-c4cnn(C)c4)n3n2)c(OC)cc1N1CCC(N(C)C)CC1,1,IC50,6.53,1,CHEMBL6039255
C=C(C)C(=O)N1CCC[C@@H](n2nc(C(=O)Nc3nc4cc(Cl)ccc4o3)c3c(N)ncnc32)C1,1,IC50,6.03,1,CHEMBL5923801
C/C=C/C(=O)N1CCC[C@@H](n2nc(C(=O)Nc3nc4cc(Cl)ccc4o3)c3c(N)ncnc32)C1,1,IC50,6.62,1,CHEMBL6062319
C=CC(=O)N1CCC[C@@H](n2nc(C(=O)Nc3nc4ccc(C#N)cc4o3)c3c(N)ncnc32)C1,1,IC50,7.48,1,CHEMBL5950889
C=CC(=O)N1CCC[C@@H](n2nc(C(=O)Nc3nc4cc(CCOC)ccc4o3)c3c(N)ncnc32)C1,1,IC50,7.64,1,CHEMBL5987547
C=CC(=O)N1CCC[C@@H](n2nc(C(=O)Nc3nc4ncccc4o3)c3c(N)ncnc32)C1,1,IC50,7.55,1,CHEMBL5811320
C=CC(=O)N1CCC[C@@H](n2nc(C(=O)Nc3nc4cc(F)ccc4o3)c3c(N)ncnc32)C1,1,IC50,7.08,1,CHEMBL5900156
C=CC(=O)N1CCC[C@@H](n2nc(C(=O)Nc3nc4ccccc4o3)c3c(N)ncnc32)C1,1,IC50,7.77,2,CHEMBL6024312
C/C=C/C(=O)N1CCC[C@@H](n2nc(C(=O)Nc3nc4ccccc4o3)c3c(N)ncnc32)C1,1,IC50,6.89,1,CHEMBL6026502
CN(C)C/C=C/C(=O)N1CCC[C@@H](n2nc(C(=O)Nc3nc4cc(Cl)ccc4o3)c3c(N)ncnc32)C1,1,IC50,6.84,1,CHEMBL5937803
CCN(C)C/C=C/C(=O)N1CCC[C@@H](n2nc(C(=O)Nc3nc4cc(Cl)ccc4o3)c3c(N)ncnc32)C1,1,IC50,6.8,1,CHEMBL5871700
CCN(CC)C/C=C/C(=O)N1CCC[C@@H](n2nc(C(=O)Nc3nc4cc(Cl)ccc4o3)c3c(N)ncnc32)C1,1,IC50,6.8,1,CHEMBL5838174
CC(C)N(C)C/C=C/C(=O)N1CCC[C@@H](n2nc(C(=O)Nc3nc4cc(Cl)ccc4o3)c3c(N)ncnc32)C1,1,IC50,6.92,1,CHEMBL6039337
Nc1ncnc2c1c(C(=O)Nc1nc3cc(Cl)ccc3o1)nn2[C@@H]1CCCN(C(=O)/C=C/CN2CCCC2)C1,1,IC50,6.84,1,CHEMBL5913449
Nc1ncnc2c1c(C(=O)Nc1nc3cc(Cl)ccc3o1)nn2[C@@H]1CCCN(C(=O)/C=C/CN2CCCCC2)C1,1,IC50,6.86,1,CHEMBL5885364
CN(C)C/C=C/C(=O)N1CCC[C@@H](n2nc(C(=O)Nc3nc4cc(-c5cccs5)ccc4o3)c3c(N)ncnc32)C1,1,IC50,6.83,1,CHEMBL6026303
CC#CC(=O)N1CCC[C@@H](n2nc(C(=O)Nc3nc4ccccc4o3)c3c(N)ncnc32)C1,1,IC50,6.58,1,CHEMBL5743835
C/C=C/C(=O)N1CC[C@@H](n2nc(C(=O)Nc3nc4cc(Cl)ccc4o3)c3c(N)ncnc32)C1,1,IC50,6.76,1,CHEMBL5964212
CC(C)=CC(=O)N1CC[C@@H](n2nc(C(=O)Nc3nc4cc(Cl)ccc4o3)c3c(N)ncnc32)C1,1,IC50,6.19,1,CHEMBL5892248
C=CC(=O)N1CC[C@@H](n2nc(C(=O)Nc3nc4cc(F)ccc4o3)c3c(N)ncnc32)C1,1,IC50,7.67,1,CHEMBL5805659
CN(C)C/C=C/C(=O)N1CC[C@@H](n2nc(C(=O)Nc3nc4cc(Cl)ccc4o3)c3c(N)ncnc32)C1,1,IC50,7.37,1,CHEMBL6002110
CCN(C)C/C=C/C(=O)N1CC[C@@H](n2nc(C(=O)Nc3nc4cc(Cl)ccc4o3)c3c(N)ncnc32)C1,1,IC50,7.36,1,CHEMBL6052762
CCN(CC)C/C=C/C(=O)N1CC[C@@H](n2nc(C(=O)Nc3nc4cc(Cl)ccc4o3)c3c(N)ncnc32)C1,1,IC50,7.1,1,CHEMBL5862301
CC(C)N(C)C/C=C/C(=O)N1CC[C@@H](n2nc(C(=O)Nc3nc4cc(Cl)ccc4o3)c3c(N)ncnc32)C1,1,IC50,7.46,1,CHEMBL5831823
Nc1ncnc2c1c(C(=O)Nc1nc3cc(Cl)ccc3o1)nn2[C@@H]1CCN(C(=O)/C=C/CN2CCCC2)C1,1,IC50,7.22,1,CHEMBL5828421
Nc1ncnc2c1c(C(=O)Nc1nc3cc(Cl)ccc3o1)nn2[C@@H]1CCN(C(=O)/C=C/CN2CCCCC2)C1,1,IC50,7.15,1,CHEMBL5899620
C=CC(=O)N1CC[C@@H](n2nc(C(=O)Nc3nc4cc(C#N)ccc4o3)c3c(N)ncnc32)C1,1,IC50,7.43,1,CHEMBL5971352
C=CC(=O)N1CC[C@@H](n2nc(C(=O)Nc3nc4cc(CCOC)ccc4o3)c3c(N)ncnc32)C1,1,IC50,8.0,1,CHEMBL5943616
CN(C)C/C=C/C(=O)N1CC[C@@H](n2nc(C(=O)Nc3nc4cc(-c5ccccc5)ccc4o3)c3c(N)ncnc32)C1,1,IC50,7.71,1,CHEMBL5785458
CN(C)C/C=C/C(=O)N1CC[C@@H](n2nc(C(=O)Nc3nc4cc(C(F)(F)F)ccc4o3)c3c(N)ncnc32)C1,1,IC50,7.77,1,CHEMBL5998298
CN(C)C/C=C/C(=O)N1CC(N2CC(C(=O)Nc3nc4cc(Cl)ccc4o3)c3c(N)ncnc32)C1,1,IC50,7.69,1,CHEMBL6061460
CN(C)C/C=C/C(=O)N1CC[C@@H](n2cc(C(=O)Nc3nc4cc(Cl)ccc4o3)c3c(N)ncnc32)C1,1,IC50,7.61,1,CHEMBL5759102
CCN(C)C/C=C/C(=O)N1CC[C@@H](n2cc(C(=O)Nc3nc4cc(Cl)ccc4o3)c3c(N)ncnc32)C1,1,IC50,7.66,1,CHEMBL5770089
CCN(CC)C/C=C/C(=O)N1CC[C@@H](n2cc(C(=O)Nc3nc4cc(Cl)ccc4o3)c3c(N)ncnc32)C1,1,IC50,7.51,1,CHEMBL5824219
CC(C)N(C)C/C=C/C(=O)N1CC[C@@H](n2cc(C(=O)Nc3nc4cc(Cl)ccc4o3)c3c(N)ncnc32)C1,1,IC50,7.69,1,CHEMBL5864620
Nc1ncnc2c1c(C(=O)Nc1nc3cc(Cl)ccc3o1)cn2[C@@H]1CCN(C(=O)/C=C/CN2CCCC2)C1,1,IC50,7.59,1,CHEMBL5831739
Nc1ncnc2c1c(C(=O)Nc1nc3cc(Cl)ccc3o1)cn2[C@@H]1CCN(C(=O)/C=C/CN2CCCCC2)C1,1,IC50,7.43,1,CHEMBL5994959
CN(C)C/C=C/C(=O)N1CC[C@@H](n2cc(C(=O)Nc3nc4cc(-c5ccccc5)ccc4o3)c3c(N)ncnc32)C1,1,IC50,7.75,1,CHEMBL5797069
CCN(C)C/C=C/C(=O)N1CC[C@@H](n2cc(C(=O)Nc3nc4cc(-c5ccccc5)ccc4o3)c3c(N)ncnc32)C1,1,IC50,7.71,1,CHEMBL6016956
CCN(CC)C/C=C/C(=O)N1CC[C@@H](n2cc(C(=O)Nc3nc4cc(-c5ccccc5)ccc4o3)c3c(N)ncnc32)C1,1,IC50,7.63,1,CHEMBL6010216
CC(C)N(C)C/C=C/C(=O)N1CC[C@@H](n2cc(C(=O)Nc3nc4cc(-c5ccccc5)ccc4o3)c3c(N)ncnc32)C1,1,IC50,7.79,1,CHEMBL6021002
Nc1ncnc2c1c(C(=O)Nc1nc3cc(-c4ccccc4)ccc3o1)cn2[C@@H]1CCN(C(=O)/C=C/CN2CCCC2)C1,1,IC50,7.49,1,CHEMBL5807574
Nc1ncnc2c1c(C(=O)Nc1nc3cc(-c4ccccc4)ccc3o1)cn2[C@@H]1CCN(C(=O)/C=C/CN2CCCCC2)C1,1,IC50,7.17,1,CHEMBL6030528
C=CC(=O)N1CCCC(Cn2nc(C(=O)Nc3nc4ccccc4o3)c3c(N)ncnc32)C1,1,IC50,7.75,1,CHEMBL5846269
C=CC(=O)N1CCC(Cn2nc(C(=O)Nc3nc4ccccc4o3)c3c(N)ncnc32)CC1,1,IC50,7.94,1,CHEMBL5953300
C=CC(=O)N1CC(Cn2nc(C(=O)Nc3nc4ccccc4o3)c3c(N)ncnc32)C1,1,IC50,7.91,1,CHEMBL5853477
C=CC(=O)N[C@H]1CC[C@@H](n2nc(C(=O)Nc3nc4ccccc4o3)c3c(N)ncnc32)CC1,1,IC50,7.38,1,CHEMBL5988246
C=CC(=O)N[C@H]1CC[C@H](n2nc(C(=O)Nc3nc4ccccc4o3)c3c(N)ncnc32)CC1,1,IC50,7.91,1,CHEMBL5820547
CN(C)C/C=C/C(=O)N1CC[C@H](n2nc(C(=O)Nc3nc4ccccc4o3)c3c(N)ncnc32)C1,1,IC50,7.95,1,CHEMBL5742635
C=CC(=O)N1CC(Cn2nc(C(=O)Nc3nc4cc(F)ccc4o3)c3c(N)ncnc32)C1,1,IC50,7.24,1,CHEMBL5818001
C=CC(=O)N1CC(Cn2nc(C(=O)Nc3nc4cc(Cl)ccc4o3)c3c(N)ncnc32)C1,1,IC50,7.94,1,CHEMBL6011269
C=CC(=O)N1CCC(Cn2nc(C(=O)Nc3nc4cc(F)ccc4o3)c3c(N)ncnc32)CC1,1,IC50,6.69,1,CHEMBL5925185
C=CC(=O)N[C@H]1CC[C@@H](n2nc(C(=O)Nc3nc4cc(Cl)ccc4o3)c3c(N)ncnc32)CC1,1,IC50,7.0,1,CHEMBL5961642
C=CC(=O)N1CC(n2nc(C(=O)Nc3nc4cc(F)ccc4o3)c3c(N)ncnc32)C1,1,IC50,7.69,1,CHEMBL5949598
C=CC(=O)N1CCC(Cn2nc(C(=O)Nc3nc4cc(Cl)ccc4o3)c3c(N)ncnc32)CC1,1,IC50,7.12,1,CHEMBL5851856
C=CC(=O)N[C@H]1CC[C@@H](n2nc(C(=O)Nc3nc4cc(F)ccc4o3)c3c(N)ncnc32)CC1,1,IC50,6.69,1,CHEMBL5755118
C=CC(=O)N1CCC(n2nc(C(=O)Nc3nc4ccccc4o3)c3c(N)ncnc32)C1,1,IC50,7.96,1,CHEMBL5827300
C=CC(=O)N1CCC(n2nc(C(=O)Nc3nc4cc(F)ccc4o3)c3c(N)ncnc32)C1,1,IC50,7.4,1,CHEMBL6041084
C=CC(=O)NCCCn1nc(C(=O)Nc2nc3ccccc3o2)c2c(N)ncnc21,1,IC50,7.96,1,CHEMBL5808724
CC(C)(C)OC(=O)N1CCC[C@@H](n2ccc3cc(C4CC4)cc(F)c3c2=O)C1,0,IC50 (>),5.0,1,CHEMBL5944477
NC(=O)c1nnc(N2CCC[C@@H](Oc3nccc4cc(C5CC5)cc(F)c34)C2)nc1Nc1ccc(C(=O)N2CCOCC2)cc1,0,IC50 (>),5.0,1,CHEMBL5863548
CC(C)(C)c1ccc(C(=O)N[C@@H]2CCCN(c3nnc(C(N)=O)c(Nc4ccc(S(C)(=O)=O)cc4)n3)C2)cc1,0,IC50 (>),5.0,1,CHEMBL5962813
C=CC(=O)N1CC[C@@H](Nc2nnc(C(N)=O)c(Nc3ccc(C(=O)N4CCOCC4)cc3)n2)C1,1,IC50,7.26,1,CHEMBL6013821
C=CC(=O)N1CCC[C@@H](N(C)c2cnc(C(N)=O)c(Nc3ccc(C(=O)N4CCOCC4)cc3)n2)C1,1,IC50,6.26,1,CHEMBL5930251
CN(C)C(=O)N[C@@H]1CCCN(c2nnc(C(N)=O)c(Nc3ccc(C(=O)N4CCOCC4)cc3)n2)C1,1,IC50,6.26,1,CHEMBL6003108
NC(=O)c1nnc(N2CCC[C@@H](NC(=O)c3ccc4ccccc4n3)C2)nc1Nc1ccc(C(=O)N2CCOCC2)cc1,0,IC50 (>),5.0,1,CHEMBL5827482
NC(=O)c1nnc(N2CCC[C@@H](NC(=O)c3ccc(OCC(F)(F)F)cc3)C2)nc1Nc1ccc(C(=O)N2CCOCC2)cc1,0,IC50 (>),5.0,1,CHEMBL5973698
Cc1ccc(C(=O)N[C@@H]2CCCN(c3nnc(C(N)=O)c(Nc4ccc(C(=O)N5CCOCC5)cc4)n3)C2)s1,0,IC50 (>),5.0,1,CHEMBL5858750
COC(=O)c1ccccc1CN[C@@H]1CCCN(c2nnc(C(N)=O)c(Nc3ccc(C(=O)N4CCOCC4)cc3)n2)C1,0,IC50 (>),5.0,1,CHEMBL6060556
CN(C)C/C=C/C(=O)N1CCC[C@@H](Nc2nnc(C(N)=O)c(Nc3ccc(S(C)(=O)=O)cc3)n2)C1,1,IC50,6.26,1,CHEMBL5906808
COc1ccc(C(=O)N[C@@H]2CCCN(c3cnc(C#N)c(Cl)n3)C2)cc1,0,IC50 (>),5.0,1,CHEMBL5960731
COCCOc1ccc(Nc2nc(N3CCC[C@@H](NC(=O)c4ccc(OC)cc4)C3)cnc2C(N)=O)cc1,0,IC50 (>),5.0,1,CHEMBL5808133
COc1ccc(C(=O)N[C@@H]2CCCN(c3cnc(C(N)=O)c(Nc4ccc5ncccc5c4)n3)C2)cc1,0,IC50 (>),5.0,1,CHEMBL5922089
COc1ccc(C(=O)N[C@@H]2CCCN(c3cnc(C(N)=O)c(Nc4ccc5ncsc5c4)n3)C2)cc1,0,IC50 (>),5.0,1,CHEMBL5749994
COc1ccc(C(=O)N[C@@H]2CCCN(c3cnc(C(N)=O)c(Nc4ccc(N5CCOCC5)nc4)n3)C2)cc1,0,IC50 (>),5.0,1,CHEMBL5857849
CN1CCN(c2ccc(Nc3nc(N4CCC[C@@H](NC(=O)c5ccc(C(C)(C)C)cc5)C4)cnc3C(N)=O)cc2)CC1,0,IC50 (>),5.0,1,CHEMBL5826677
COc1ccc(C(=O)N[C@@H]2CCCN(c3cnc(C(N)=O)c(Nc4ccc(C5CCN(C)CC5)cc4)n3)C2)cc1,1,IC50,6.26,1,CHEMBL6027049
CCN1CCC(c2ccc(Nc3nc(N4CCC[C@@H](NC(=O)c5ccc(OC)cc5)C4)cnc3C(N)=O)cc2)CC1,1,IC50,6.26,1,CHEMBL5835574
COc1ccc(C(=O)N[C@@H]2CCCN(c3cnc(C(N)=O)c(Nc4ccc(C5CCN(C6CC6)CC5)cc4)n3)C2)cc1,0,IC50 (>),5.0,1,CHEMBL6020485
COc1ccc(C(=O)N[C@@H]2CCCN(c3cnc(C(N)=O)c(Nc4ccc(C5CCN(C(C)=O)CC5)cc4)n3)C2)cc1,0,IC50 (>),5.0,1,CHEMBL5954922
COc1ccc(C(=O)N[C@@H]2CCCN(c3cnc(C(N)=O)c(Nc4ccc(C5CCN(C(=O)N(C)C)CC5)cc4)n3)C2)cc1,0,IC50 (>),5.0,1,CHEMBL5796610
CCC(=O)N1CCC(c2ccc(Nc3nc(N4CCC[C@@H](NC(=O)N5CCCCC5)C4)cnc3C(N)=O)cc2)CC1,1,IC50,6.26,1,CHEMBL6055007
[C-]#[N+]c1ccc(Nc2nc(N3CCC[C@@H](NC(=O)c4ccc(OCC)cc4)C3)nnc2C(N)=O)cc1,0,IC50 (>),5.0,1,CHEMBL5763635
CN1CCC(c2ccc(Nc3nc(N4CCC[C@@H](NC(=O)OC(C)(C)C)C4)cnc3C(N)=O)cc2)CC1,1,IC50,6.26,1,CHEMBL6002504
CN1CCC(c2ccc(Nc3nc(N4CCC[C@@H](NC(=O)c5ccc(F)cc5)C4)cnc3C(N)=O)cc2)CC1,1,IC50,6.26,1,CHEMBL5915570
CN(C)C(=O)N[C@@H]1CCCN(c2cnc(C(N)=O)c(Nc3ccc(C4CCN(CCOCCO)CC4)cc3)n2)C1,1,IC50,6.26,1,CHEMBL5804118
Cc1nc(Nc2nc(N3CCC[C@@H](NC(=O)N(C)C)C3)cnc2C(N)=O)ccc1F,0,IC50 (>),5.0,1,CHEMBL5994040
CN(C)C(=O)N[C@@H]1CCCN(c2cnc(C(N)=O)c(Nc3ccn(C)c(=O)c3)n2)C1,0,IC50 (>),5.0,1,CHEMBL5763329
CN(C)C(=O)N[C@@H]1CCCN(c2cnc(C(N)=O)c(Nc3ccc(C4(CN)CC4)cc3)n2)C1,0,IC50 (>),5.0,1,CHEMBL5747265
CN(C)C(=O)N[C@@H]1CCCN(c2cnc(C(N)=O)c(Nc3ccc(C4CCN(C5CC5)CC4)cc3)n2)C1,1,IC50,6.26,1,CHEMBL5776801
CN(C)C(=O)N[C@@H]1CCCN(c2cnc(C(N)=O)c(Nc3ccc(C4CCN(c5ccccc5)CC4)cc3)n2)C1,0,IC50 (>),5.0,1,CHEMBL5884700
CN(C)C(=O)N[C@@H]1CCCN(c2cnc(C(N)=O)c(Nc3cnn(C4CC4)c3)n2)C1,0,IC50 (>),5.0,1,CHEMBL5863991
CN(C)C(=O)N[C@@H]1CCCN(c2cnc(C(N)=O)c(Nc3cnn(C4CCCC4)c3)n2)C1,0,IC50 (>),5.0,1,CHEMBL5762638
C[C@@H]1[C@H](NC(=O)N(C)C)CCCN1c1cnc(C(N)=O)c(Nc2ccc(C3CCN(C4CCCC4)CC3)cc2)n1,1,IC50,6.26,1,CHEMBL5740635
C[C@H]1[C@H](NC(=O)N(C)C)CCCN1c1cnc(C(N)=O)c(Nc2ccc(C3CCN(C4CCCC4)CC3)cc2)n1,0,IC50 (>),5.0,1,CHEMBL5879905
CC[C@@H]1[C@H](NC(=O)N(C)C)CCCN1c1cnc(C(N)=O)c(Nc2ccc(C3CCN(C4CCC4)CC3)cc2)n1,1,IC50,6.26,1,CHEMBL5875975
C[C@@H]1[C@H](NC(=O)N(C)C)CCCN1c1cnc(C(N)=O)c(Nc2ccc(C3(C#N)CC3)cc2)n1,1,IC50,6.26,1,CHEMBL5902984
C[C@@H]1[C@H](NC(=O)N(C)C)CCCN1c1cnc(C(N)=O)c(Nc2ccc(C3(C)CCN(C(=O)OC(C)(C)C)CC3)cc2)n1,1,IC50,6.26,1,CHEMBL5824026
C[C@@H]1[C@H](NC(=O)N(C)C)CCCN1c1cnc(C(N)=O)c(Nc2ccc(C3(C)CCN(C4CCC4)CC3)cc2)n1,1,IC50,6.26,1,CHEMBL5946635
C[C@@H]1[C@H](NC(=O)N(C)C)CCCN1c1cnc(C(N)=O)c(Nc2ccc(C3(C)CCN(C4CC4)CC3)cc2)n1,1,IC50,6.26,1,CHEMBL5821638
C[C@@H]1[C@H](N2CCN(C)C2=O)CCCN1c1cnc(C(N)=O)c(Nc2ccc(C3(C)CCN(C4CCCC4)CC3)cc2)n1,1,IC50,7.26,1,CHEMBL5903629
CN1CCN([C@@H]2CCCN(c3cnc(C(N)=O)c(Nc4ccc(C5CCNCC5)cc4)n3)C2)C1=O,1,IC50,6.26,1,CHEMBL5835276
CN1CCN([C@@H]2CCCN(c3cnc(C(N)=O)c(Nc4ccc(C5(C)CCN(C6COC6)CC5)cc4)n3)C2)C1=O,1,IC50,6.26,1,CHEMBL5823139
CN1CCN([C@@H]2CCCN(c3cnc(C(N)=O)c(Nc4ccc(C5(C)CCN(C6CCC6)CC5)cc4)n3)C2)C1=O,1,IC50,6.26,1,CHEMBL5762610
CN1CCN([C@@H]2CCCN(c3cnc(C(N)=O)c(Nc4ccc(C5(C)CCN(C6CCCC6)CC5)cc4)n3)C2)C1=O,1,IC50,6.26,1,CHEMBL5889117
CN1CCN([C@@H]2CCCN(c3cnc(C(N)=O)c(Nc4ccc(C5(C)CCN(C=O)CC5)cc4)n3)C2)C1=O,1,IC50,6.26,1,CHEMBL5770897
CCC(=O)N1CCC(C)(c2ccc(Nc3nc(N4CCC[C@@H](N5CCN(C)C5=O)C4)cnc3C(N)=O)cc2)CC1,1,IC50,6.26,1,CHEMBL6061137
CN1CCN([C@@H]2CCCN(c3cnc(C(N)=O)c(Nc4ccc(C5(C)CCN(C(=O)C6CC6)CC5)cc4)n3)C2)C1=O,1,IC50,6.26,1,CHEMBL5875583
C[C@@H]1[C@H](N2CCCN(C)C2=O)CCCN1c1cnc(C#N)c(Nc2ccc(C3CCN(C4CCCC4)CC3)cc2)n1,1,IC50,6.26,1,CHEMBL5798489
CN1CCCN([C@@H]2CCCN(c3cnc(C(N)=O)c(Nc4ccc(C5(C)CCN(C6CCCC6)CC5)cc4)n3)C2)C1=O,1,IC50,6.26,1,CHEMBL5798581
CN1CCCN([C@@H]2CCCN(c3cnc(C(N)=O)c(Nc4ccc(C5CCN(C6CC6)CC5)cc4)n3)C2)C1=O,1,IC50,6.26,1,CHEMBL5889296
NC(=O)c1ncc(N2CCC[C@@H](N)C2)nc1Nc1ccc(C2CCN(C3CCCC3)CC2)cc1,1,IC50,6.26,1,CHEMBL5944879
NC(=O)c1ncc(N2CCC[C@@H](NC=O)C2)nc1Nc1ccc(C2CCN(C3CCCC3)CC2)cc1,1,IC50,6.26,1,CHEMBL5949435
CCOC(=O)N[C@@H]1CCCN(c2cnc(C(N)=O)c(Nc3ccc(C4CCN(C5CCCC5)CC4)cc3)n2)C1,1,IC50,6.26,1,CHEMBL5868212
CS(=O)(=O)N[C@@H]1CCCN(c2cnc(C(N)=O)c(Nc3ccc(C4CCN(C5CCCC5)CC4)cc3)n2)C1,1,IC50,6.26,1,CHEMBL6008308
NC(=O)c1ncc(N2CCC[C@@H](NC(=O)c3ccccc3)C2)nc1Nc1ccc(C2CCN(C3CCCC3)CC2)cc1,1,IC50,6.26,1,CHEMBL5876937
NC(=O)c1ncc(N2CCC[C@@H](NC(=O)c3cncc(F)c3)C2)nc1Nc1ccc(C2CCN(C3CCCC3)CC2)cc1,1,IC50,6.26,1,CHEMBL5840304
NC(=O)c1ncc(N2CCC[C@@H](NC(=O)CCCBr)C2)nc1Nc1ccc(C2CCN(C3CCCC3)CC2)cc1,1,IC50,6.26,1,CHEMBL5905715
CN(C(=O)N[C@@H]1CCCN(c2cnc(C(N)=O)c(Nc3ccc(C4(C#N)CC4)cc3)n2)C1)c1cc(Cl)cc(C(F)(F)F)c1,0,IC50 (>),5.0,1,CHEMBL5916330
CN(C(=O)N[C@@H]1CCCN(c2cnc(C(N)=O)c(Nc3ccc(C4(C(N)=O)CC4)cc3)n2)C1)c1cc(Cl)cc(C(F)(F)F)c1,0,IC50 (>),5.0,1,CHEMBL5875146
CN(C)C(=O)N[C@@H]1CCCCN(c2cnc(C(N)=O)c(Nc3ccc(C4CCN(C5CCCC5)CC4)cc3)n2)C1,1,IC50,6.26,1,CHEMBL5746447
NC(=O)c1ncc(N2CCCC[C@@H](NC(=O)C3CC3)C2)nc1Nc1ccc(C2CCN(C3CCCC3)CC2)cc1,1,IC50,6.26,1,CHEMBL6043125
NC(=O)c1nnc(N2CCC[C@@H](NC(=O)N3CCCCC3)C2)nc1Nc1ccc(C2CCN(C3CCCC3)CC2)cc1,1,IC50,6.26,1,CHEMBL5796215
C=CC(=O)Nc1cccc(-c2cccc3cnc(Nc4ccc(N5CCN(C(C)=O)CC5)cc4)nc23)c1,1,IC50,6.52,3,CHEMBL5968985
C=CC(=O)Nc1cccc(-c2cccc3cnc(Nc4ccc(OC5CCN(C)CC5F)cc4)nc23)c1,1,IC50,6.52,3,CHEMBL5846040
C=CC(=O)Nc1cccc(-c2cccc3cnc(Nc4ccc(N5CCN(C)CC5)c(C(N)=O)c4)nc23)c1,1,IC50,6.52,3,CHEMBL5947149
C=CC(=O)Nc1cccc(-c2cccc3cnc(Nc4ccc(OCCO)cc4)nc23)c1,1,IC50,6.52,3,CHEMBL5850442
C=CC(=O)N1CC(Nc2cc3c(Nc4ccc(F)c(Cl)c4)ncnc3cc2OC)C1,1,IC50,9.52,2,CHEMBL5741835
C=CC(=O)N1CCC(Nc2cc3c(Nc4ccc(F)c(Cl)c4)ncnc3cc2OC)CC1,1,IC50,9.7,2,CHEMBL5881164
C=CC(=O)N1CC(Nc2cc3c(Nc4ccc(F)c(Cl)c4)ncnc3cc2O[C@H]2CCOC2)C1,1,IC50,9.7,2,CHEMBL5942609
C=CC(=O)N1CCC(Nc2cc3c(Nc4ccc(F)c(Cl)c4)ncnc3cc2O[C@H]2CCOC2)CC1,1,IC50,9.4,2,CHEMBL5786877
C=CC(=O)N1CCC(Nc2cc3c(Nc4ccc(F)c(Cl)c4)ncnc3cc2O[C@H]2CCOC2)C1,1,IC50,7.28,1,CHEMBL5949226
C=CC(=O)N1CCC(Nc2cc3c(Nc4ccc(OCc5cccc(F)c5)c(Cl)c4)ncnc3cc2OC)CC1,1,IC50,7.43,1,CHEMBL5859805
C=CC(=O)N1CCC(Nc2cc3c(Nc4ccc(OCc5ccccn5)c(Cl)c4)ncnc3cc2OC)CC1,1,IC50,9.22,2,CHEMBL5905270
C#Cc1cccc(Nc2ncnc3cc(OC)c(NC4CCN(C(=O)C=C)CC4)cc23)c1,1,IC50,8.07,1,CHEMBL5931174
C#Cc1cccc(Nc2ncnc3cc(OC)c(NC4CN(C(=O)C=C)C4)cc23)c1,1,IC50,8.96,1,CHEMBL5811891
C=CC(=O)N1CCC(Nc2cc3c(Nc4cccc(C(C)=O)c4)ncnc3cc2OC)CC1,1,IC50,7.67,1,CHEMBL5828031
C=CC(=O)N1CC(Nc2cc3c(Nc4cccc(C(C)=O)c4)ncnc3cc2OC)C1,1,IC50,10.0,2,CHEMBL5783822
C=CC(=O)N1CC(Nc2cc3c(Nc4cccc(Br)c4)ncnc3cc2OC)C1,1,IC50,8.66,1,CHEMBL5972110
C=CC(=O)N1CCC(Nc2cc3c(Nc4cccc(Br)c4)ncnc3cc2OC)CC1,1,IC50,9.52,2,CHEMBL6004995
C=CC(=O)N1CC(Nc2cc3c(Nc4ccc(F)c(Cl)c4)ncnc3cc2OCCOC)C1,1,IC50,8.92,1,CHEMBL5846412
C=CC(=O)N1CCC(Nc2cc3c(Nc4ccc(F)c(Cl)c4)ncnc3cc2OCCOC)CC1,1,IC50,9.7,2,CHEMBL6013422
C=CC(=O)N1CC(Nc2cc3c(Nc4ccc(F)c(Cl)c4)ncnc3cc2OCCN2CCOCC2)C1,1,IC50,7.96,1,CHEMBL5763353
C=CC(=O)N1CC(Sc2cc3c(Nc4ccc(F)c(Cl)c4)ncnc3cc2OC)C1,1,IC50,9.4,2,CHEMBL5921524
C=CC(=O)N1CCC(Sc2cc3c(Nc4ccc(F)c(Cl)c4)ncnc3cc2OC)C1,1,IC50,6.6,1,CHEMBL6058480
C=CC(=O)N1CCC(Sc2cc3c(Nc4ccc(F)c(Cl)c4)ncnc3cc2OC)CC1,1,IC50,6.87,1,CHEMBL6054367
C=CC(=O)N1CCC(Nc2ccc3ncnc(Nc4ccc(F)c(Cl)c4)c3c2)CC1,1,IC50,7.71,1,CHEMBL5789472
COc1ccc(N(C)c2nc(C)nc3oc(C)cc23)c(OC)c1,1,IC50,6.79,1,CHEMBL3403509
COc1ccc(N(C)c2nc(C)nc3oc(C)cc23)cc1OC,1,IC50,7.04,1,CHEMBL3403510
Cc1nc(N(C)c2ccc3c(c2)OCO3)c2cc(C)oc2n1,1,IC50,6.53,1,CHEMBL3403512
Cc1nc(N(C)c2ccc3c(c2)OCC3)c2cc(C)oc2n1,1,IC50,6.65,1,CHEMBL5902883
Cc1nc(N(C)c2ccc3ccoc3c2)c2cc(C)oc2n1,1,IC50,6.51,1,CHEMBL5905340
COc1ccc2c(c1)CC(N(C)c1nc(C)nc3oc(C)cc13)N2,1,IC50,6.99,1,CHEMBL5839813
COc1ccc2c(c1)CCCN2c1nc(C)nc2oc(C)cc12,1,IC50,8.47,1,CHEMBL3403517
Cc1nc(N(C)c2ccc(OC(C)C)cc2)c2cc(C)oc2n1,1,IC50,6.99,1,CHEMBL3403518
CCN(CC)CCNC(=O)c1c(C)[nH]c(/C=C2\C(=O)Nc3cccc(F)c32)c1C,1,IC50,6.76,1,CHEMBL597365
C#Cc1cccc(Nc2ncnc3cc(OCCOCC)c(NC(=O)/C=C/CN(C)C)cc23)c1,1,IC50,9.11,1,CHEMBL5934211
CCOCCOc1cc2ncnc(Nc3ccc(OCc4ccccn4)c(Cl)c3)c2cc1NC(=O)/C=C/CN(C)C,1,IC50,9.0,2,CHEMBL5904869
CCOCCOc1cc2ncnc(Nc3ccc(F)c(Cl)c3)c2cc1NC(=O)/C=C\Cl,1,IC50,8.83,1,CHEMBL4468146
C=CC(=O)Nc1cc2c(Nc3ccc(F)c(Cl)c3)ncnc2cc1OCC1COC2(CCN(C)CC2)C1,1,IC50,9.0,2,CHEMBL5806859
C=CC(=O)Nc1cc2c(Nc3ccc(F)c(Cl)c3)ncnc2cc1OCC1CCC2(CCN(C)CC2)O1,1,IC50,9.03,2,CHEMBL5949054
C=CC(=O)Nc1cc2c(Nc3ccc(F)c(Cl)c3)ncnc2cc1OCC[C@@H]1[C@H]2CN(C)C[C@@H]12,1,IC50,9.18,2,CHEMBL5824131
C=CC(=O)Nc1cc2c(Nc3ccc(F)c(Cl)c3)ncnc2cc1OCCC1C2CCC1CN(C)C2,1,IC50,9.1,2,CHEMBL5879850
C=CC(=O)Nc1cc2c(Nc3ccc(F)c(Cl)c3)ncnc2cc1OCCC1CC12CCN(C)CC2,1,IC50,9.41,2,CHEMBL6008370
C=CC(=O)Nc1cc2c(Nc3ccc(F)c(Cl)c3)ncnc2cc1OCC1CC2(CCN(C)CC2)C1,1,IC50,9.0,2,CHEMBL5816376
C=CC(=O)Nc1cc2c(Nc3ccc(F)c(Cl)c3)ncnc2cc1OCCC1CC2(CCN(C)CC2)C1,1,IC50,9.25,2,CHEMBL5814374
C=CC(=O)Nc1cc(Nc2ncc(Cl)c(Nc3ccccc3C(=O)C(=O)N(C)C)n2)c(OC)cc1N1CCN(C)CC1,1,IC50,7.81,4,CHEMBL5910757
COc1cc2c(Nc3ccc(Cl)c(Cl)c3)ncnc2cc1OC[C@@H]1CO[C@H]2[C@@H]1OC[C@@H]2OC,1,IC50,6.28,1,CHEMBL3893416
COc1cc2c(Nc3ccc(Cl)c(Cl)c3F)ncnc2cc1OCC1CO[C@@H]2[C@@H](OC)CO[C@H]12,1,IC50,6.28,1,CHEMBL5969564
COc1cc2c(Nc3ccc(F)c(Cl)c3F)ncnc2cc1OCC1CO[C@@H]2[C@@H](OC)CO[C@H]12,1,IC50,6.28,1,CHEMBL5910492
COc1cc2c(Nc3ccc(Br)c(Cl)c3Cl)ncnc2cc1OC[C@@H]1CO[C@H]2[C@@H]1OC[C@@H]2OC,1,IC50,6.28,1,CHEMBL3934134
COc1cc2c(Nc3ccc(Cl)c(Cl)c3F)ncnc2cc1OC[C@@H]1CN2CCCC[C@@H]2C(=O)N1,1,IC50,6.28,1,CHEMBL3900059
COc1cc2c(Nc3ccc(Cl)c(Cl)c3F)ncnc2cc1OC[C@@H]1CN2CCC[C@@H]2C(=O)N1,1,IC50,6.28,1,CHEMBL3945072
COc1cc2c(Nc3ccc(Cl)c(Cl)c3)ncnc2cc1OCC1CN2CSC[C@H]2CO1,1,IC50,6.28,1,CHEMBL3917294
COc1cc2c(Nc3ccc(Br)c(Cl)c3)ncnc2cc1O[C@H]1CO[C@H]2[C@@H]1OC[C@H]2OC,1,IC50,6.28,1,CHEMBL3929354
COc1cc2c(Nc3ccc(F)cc3)ncnc2cc1O[C@@H]1CO[C@@H]2[C@H]1OC[C@H]2F,1,IC50,6.28,1,CHEMBL5824767
C=CC(=O)Nc1cc(Nc2ncc(CC)c(-c3cnn4ccccc34)n2)c(OC)cc1N(C)CCN(C)C,1,IC50,6.52,1,CHEMBL6000972
C=CC(=O)Nc1cc(Nc2ncnc(-c3c(C4=CCOCC4)n(C)c4ccccc34)n2)c(OC)cc1N(C)CCN(C)C,1,IC50,6.52,1,CHEMBL6040863
C=CC(=O)Nc1cc(Nc2ncnc(-c3c(-c4ccccc4)n(C)c4ccccc34)n2)c(OC)cc1N(C)CCN(C)C,1,IC50,6.52,1,CHEMBL5897178
C=CC(=O)Nc1cc(Nc2ncnc(-c3c(C4CCOCC4)n(C)c4ccccc34)n2)c(OC)cc1N(C)CCN(C)C,1,IC50,6.52,3,CHEMBL6029316
C=CC(=O)Nc1cc(Nc2nccc(-c3c(-c4ccc(OCc5ccccn5)c(Cl)c4)n(C)c4ccccc34)n2)c(OOC)cc1N(C)CCN(C)C,1,IC50,6.52,5,CHEMBL6009791
C=CC(=O)Nc1cc(Nc2nccc(-c3c(-c4cncc(Cl)c4)n(C)c4ccccc34)n2)c(OC)cc1N(C)CCN(C)C,1,IC50,6.52,1,CHEMBL5747418
C=CC(=O)Nc1cc(Nc2nccc(-c3c(-c4ccccc4)n(C)c4ccccc34)n2)c(OC)cc1N(C)CCN(C)C,1,IC50,6.52,2,CHEMBL5773016
C=CC(=O)Nc1cc(Nc2ncc(C(=O)OC)c(-c3cn(C)c4ccccc34)n2)c(OC)cc1N(C)CC1CCCN1C,1,IC50,6.52,1,CHEMBL5953610
C=CC(=O)Nc1ccc(OC)c(Nc2ncc(Cl)c(-c3cn(C)c4cc(OCCN5CCN(C)CC5)ccc34)n2)c1,1,IC50,6.52,1,CHEMBL5820070
C=CC(=O)Nc1ccc(OC)c(Nc2ncc(C#N)c(-c3cn(C)c4cc(OCCCN(C)C)ccc34)n2)c1,1,IC50,6.52,2,CHEMBL5834572
C=CC(=O)Nc1ccc(OC)c(Nc2ncc(C#N)c(-c3cn(C)c4cc(OCCN5CCCC5)ccc34)n2)c1,1,IC50,6.52,2,CHEMBL5844856
C=CC(=O)Nc1ccc(OC)c(Nc2ncc(C#N)c(-c3cn(C)c4cc(OCC5CCCN5C)ccc34)n2)c1,1,IC50,6.12,2,CHEMBL5766497
C=CC(=O)Nc1ccc(OC)c(Nc2ncc(Cl)c(-c3c[nH]c4cc(OCCN5CCCC5)ccc34)n2)c1,1,IC50,6.52,2,CHEMBL5780056
C=CC(=O)Nc1ccc(OC)c(Nc2ncc(C#N)c(-c3cn(C)c4cc(OCCC5CCCN5C)ccc34)n2)c1,1,IC50,6.52,2,CHEMBL5854207
C=CC(=O)Nc1cc(Nc2ncc(Cl)c(-c3cnn4ccccc34)n2)c(OC)cc1N(C)CCN1CCN(C)CC1,1,IC50,6.12,1,CHEMBL5976731
C=CC(=O)Nc1cc(Nc2ncc(C(=O)OCC(C)C)c(-c3cn(C)c4ccccc34)n2)c(OC)cc1N(C)CCN(C)C,1,IC50,6.52,1,CHEMBL5272345
C=CC(=O)Nc1cc(Nc2ncc(Cl)c(-c3cnn4ccccc34)n2)c(OC)cc1N(C)CCN(C)CCF,1,IC50,6.52,2,CHEMBL5905455
C=CC(=O)Nc1cc(Nc2ncc(C(=O)O[C@@H]3CCOC3)c(-c3cn(C)c4ccccc34)n2)c(OC)cc1N(C)CCN(C)C,1,IC50,6.52,1,CHEMBL5851317
C=CC(=O)Nc1cc(Nc2ncc(NC(=O)C(C)C)c(-c3cn(C)c4ccccc34)n2)c(OC)cc1N(C)CCN(C)C,1,IC50,6.52,1,CHEMBL6034048
C=CC(=O)Nc1cc(Nc2ncc(N(C)C(=O)C(C)C)c(-c3cn(C)c4ccccc34)n2)c(OC)cc1N(C)CCN(C)C,1,IC50,6.52,3,CHEMBL5787865
C=CC(=O)Nc1cc(Nc2ncc(NC(=O)C(C)(C)C)c(-c3cn(C)c4ccccc34)n2)c(OC)cc1N(C)CCN(C)C,1,IC50,6.52,2,CHEMBL5802671
C=CC(=O)Nc1cc(Nc2ncc(Cl)c(-c3cn(C)c4c5c(ccc34)CCC5)n2)c(OC)cc1N(C)CCN(C)C,1,IC50,6.52,1,CHEMBL5763922
C=CC(=O)Nc1cc(Nc2ncc(Cl)c(-c3cn(C)c4ccccc34)n2)c(OC)cc1O[C@@H](COCC)CN(C)C,1,IC50,6.52,2,CHEMBL6022292
C=CC(=O)Nc1cc(Nc2ncc(Cl)c(-c3cn(C)c4ccccc34)n2)c(OC)cc1C#CCN(C)C,1,IC50,6.52,2,CHEMBL5752500
C=CC(=O)Nc1cc(Nc2ncc(Cl)c(-c3cn(C)c4ccccc34)n2)c(OC)cc1C#CC(C)(C)N(C)C,1,IC50,6.52,2,CHEMBL5828176
C=CC(=O)Nc1cc(Nc2ncc(Cl)c(-c3cnn4ccccc34)n2)c(OC)cc1OC(COC)CN(CC)CC,1,IC50,6.52,2,CHEMBL6058583
C=CC(=O)Nc1cc(Nc2ncc(Cl)c(-c3cnn4ccccc34)n2)c(OC)cc1OC(COC)CN(C)C,1,IC50,6.12,1,CHEMBL5776043
C=CC(=O)Nc1cc(Nc2ncc(Cl)c(-c3cnn4ccccc34)n2)c(OC)cc1OCCN1CCCC1,1,IC50,6.52,2,CHEMBL5870314
C=CC(=O)Nc1cc(Nc2ncc(Cl)c(-c3cnn4ccccc34)n2)c(OC)cc1OCCN(C)C,1,IC50,6.52,2,CHEMBL5930490
C=CC(=O)Nc1cc(Nc2ncc(Cl)c(-c3cnn4ccccc34)n2)c(OC)cc1N(C)CCN(CC)CC,1,IC50,6.52,2,CHEMBL5749382
C=CC(=O)Nc1cc(Nc2ncc(Cl)c(-c3cnn4ccccc34)n2)c(OC)cc1N(C)CCN1CCOCC1,1,IC50,6.12,1,CHEMBL5907594
C=CC(=O)Nc1cc(Nc2ncc(Cl)c(-c3cnn4ccccc34)n2)c(OC)cc1N1CCC(N(C)C)C1,1,IC50,6.52,1,CHEMBL5820028
C=CC(=O)Nc1cc(Nc2ncc(C(=O)OC(C)C)c(-n3ccc4ccccc43)n2)c(OC)cc1N(C)C[C@H]1CCCN1C,1,IC50,6.52,1,CHEMBL5888021
C=CC(=O)Nc1cc(Nc2ncc(C(=O)OC(C)C)c(-c3coc4ccccc34)n2)c(OC)cc1N(C)C[C@H]1CCCN1C,1,IC50,6.52,1,CHEMBL5867445
C=CC(=O)Nc1cc(Nc2ncc(C(=O)OC)c(-n3ccc4ccccc43)n2)c(OC)cc1N(C)C[C@H]1CCCN1C,1,IC50,6.12,1,CHEMBL5769174
C=CC(=O)Nc1cc(Nc2ncc(C(=O)OC)c(-c3cn(C)c4ccccc34)n2)c(OC)cc1C#CCN(C)C,1,IC50,6.52,2,CHEMBL5818238
C=CC(=O)Nc1cc(Nc2ncc(C(=O)OC)c(-c3cn(C)c4ccccc34)n2)c(OC)cc1CCCN(C)C,1,IC50,6.52,2,CHEMBL5936272
C=CC(=O)Nc1cc(Nc2nccc(-c3cn(CC(N)=O)c4ccccc34)n2)c(OC)cc1N(C)CCN(C)C,1,IC50,6.52,1,CHEMBL5812980
C=CC(=O)Nc1cc(Nc2ncc(CC)c(-c3cn(CC(N)=O)c4ccccc34)n2)c(OC)cc1N(C)CCN(C)C,1,IC50,6.52,1,CHEMBL5880754
C=CC(=O)Nc1cc(Nc2ncc(CC)c(-c3cn(CC(=O)NC)c4ccccc34)n2)c(OC)cc1N(C)CCN(C)C,1,IC50,6.52,1,CHEMBL5938417
C=CC(=O)Nc1cc(Nc2ncc(C(=O)OC(C)C)c(-c3cn(C)c4ncccc34)n2)c(OC)cc1N(C)CCNC,1,IC50,6.52,2,CHEMBL5853466
C=CC(=O)Nc1cc(Nc2ncc(C(=O)OC)c(-c3cn(N(C)C)c4ccccc34)n2)c(OC)cc1F,1,IC50,6.52,2,CHEMBL5824145
C=CC(=O)Nc1cc(Nc2ncc(C(=O)OC(C)C)c(-c3cn(C4CC4)c4ccccc34)n2)c(OC)cc1N(C)CCN(C)C,1,IC50,6.52,1,CHEMBL5281203
C=CC(=O)Nc1cc(Nc2nccc(-c3cn(C)c4ccc(C(=O)OC)cc34)n2)c(OC)cc1N(C)CCN(C)C,1,IC50,6.52,2,CHEMBL5949541
C=CC(=O)Nc1cc(Nc2nccc(-c3cn(C)c4cc(C(=O)OC)ccc34)n2)c(OC)cc1N(C)CCN(C)C,1,IC50,6.52,2,CHEMBL5804325
C=CC(=O)Nc1cc(Nc2nccc(-c3cn(C)c4c(C(=O)OC)cccc34)n2)c(OC)cc1N(C)CCN(C)C,1,IC50,6.52,2,CHEMBL5978450
C=CC(=O)Nc1cc(Nc2nccc(-c3cn(C)c4cc(C(=O)OC(C)C)ccc34)n2)c(OC)cc1N(C)CCN(C)C,1,IC50,6.12,2,CHEMBL5942093
C=CC(=O)Nc1cc(Nc2nccc(-c3cn(C)c4c(C(=O)OC(C)C)cccc34)n2)c(OC)cc1N(C)CCN(C)C,1,IC50,6.52,2,CHEMBL5978253
C=CC(=O)Nc1cc(Nc2nccc(-c3c(C(=O)OC)n(C)c4ccccc34)n2)c(OC)cc1N(C)CCN(C)C,1,IC50,6.12,1,CHEMBL5892565
C=CC(=O)Nc1cc(Nc2nccc(-c3c(C(=O)OC(C)C)n(C)c4ccccc34)n2)c(OC)cc1N(C)CCN(C)C,1,IC50,6.52,2,CHEMBL5870116
C=CC(=O)Nc1cc(Nc2nccc(-c3c(C#N)n(C)c4ccccc34)n2)c(OC)cc1N(C)CCN(C)C,1,IC50,6.52,1,CHEMBL6007834
C=CC(=O)Nc1cc(Nc2nccc(-c3cn(C)c4cc(C#N)ccc34)n2)c(OC)cc1N(C)CCN(C)C,1,IC50,6.52,1,CHEMBL5821080
C=CC(=O)Nc1cc(Nc2nccc(-c3c(C(N)=O)n(C)c4ccccc34)n2)c(OC)cc1N(C)CCN(C)C,1,IC50,6.52,2,CHEMBL5780612
C=CC(=O)Nc1cc(Nc2nccc(-c3c(C(=O)NC)n(C)c4ccccc34)n2)c(OC)cc1N(C)CCN(C)C,1,IC50,6.52,3,CHEMBL5960275
C=CC(=O)Nc1cc(Nc2nccc(-c3c(C(=O)N(C)C)n(C)c4ccccc34)n2)c(OC)cc1N(C)CCN(C)C,1,IC50,6.52,1,CHEMBL5938217
C=CC(=O)Nc1cc(Nc2nccc(-c3c(C(=O)NCCOC)n(C)c4ccccc34)n2)c(OC)cc1N(C)CCN(C)C,1,IC50,6.52,3,CHEMBL5848181
C=CC(=O)Nc1cc(Nc2nccc(-c3cn(C)c4cc(-c5cnn(C)c5)ccc34)n2)c(OC)cc1N(C)CCN(C)C,1,IC50,6.52,1,CHEMBL5741017
C=CC(=O)Nc1cc(Nc2ncc(P(C)(C)=O)c(-c3cn(C)c4ccccc34)n2)c(OC)cc1N(C)CCN(C)C,1,IC50,6.52,2,CHEMBL5946842
C=CC(=O)Nc1cc(Nc2ncc(C(=O)OC(C)C)c(-n3cc(C)c4ccccc43)n2)c(OC)cc1N(C)CCN(C)C,1,IC50,6.52,2,CHEMBL6058940
C=CC(=O)Nc1cc(Nc2ncc(NC(=O)NC)c(-c3cn(C)c4ccccc34)n2)c(OC)cc1N(C)CCN(C)C,1,IC50,6.12,1,CHEMBL5838931
CCOc1cc2ncc(C#N)c(Nc3ccc(F)c(Cl)c3)c2cc1NC(=O)C1CCSS1,1,IC50,7.3,3,CHEMBL5949708
CC(=O)Nc1ccc2ncc(C#N)c(Nc3ccc(OCc4cccc(F)c4)c(Cl)c3)c2c1,0,IC50 (>),5.0,1,CHEMBL5856735
CC(=O)SCC(CSC(C)=O)C(=O)Nc1ccc2ncc(C#N)c(Nc3ccc(OCc4cccc(F)c4)c(Cl)c3)c2c1,1,IC50,7.3,2,CHEMBL6012697
COc1cc2ncnc(Nc3ccc(OCc4cccc(F)c4)c(Cl)c3)c2cc1NC(=O)C(CSC(N)=O)CSC(N)=O,1,IC50,7.3,2,CHEMBL5923332
N#CN1CCCC(n2nc(-c3ccc(Oc4ccc(F)cc4F)cc3)c(C(N)=O)c2N)C1,0,IC50,4.78,2,CHEMBL6047250
N#CN1CCCC(n2nc(-c3ccc(Oc4ccc(Cl)cn4)cc3)c(C(N)=O)c2N)C1,0,IC50 (>),4.81,2,CHEMBL5921082
N#CN1CCCC(n2nc(-c3ccc(Oc4cccc(C(F)(F)F)n4)cc3)c(C(N)=O)c2N)C1,0,IC50 (>),4.57,1,CHEMBL6006801
C=CC(=O)N1CCC[C@H](n2nc(-c3ccc(Oc4ccccc4)cc3)c(C(N)=O)c2N)C1,1,IC50,6.1,2,CHEMBL6048351
C=CC(=O)N1CCCC(n2nc(-c3ccc(Oc4ccc(F)cc4F)cc3)c(C(N)=O)c2N)C1,1,IC50,7.59,4,CHEMBL5752119
NC(=O)c1c(-c2ccc(Oc3ccc(F)cc3F)cc2)nn(C2CCCN(C(=O)/C=C/C(F)F)C2)c1N,1,IC50,6.56,2,CHEMBL5936062
NC(=O)c1c(-c2ccc(Oc3ccc(F)cc3F)cc2)nn(C2CCCN(C(=O)/C=C/CO)C2)c1N,0,IC50,4.92,1,CHEMBL6010524
C=CC(=O)N1CCCC(n2nc(-c3ccc(Oc4ncc(Cl)cc4F)cc3)c(C(N)=O)c2N)C1,1,IC50,8.54,1,CHEMBL6062851
NC(=O)c1c(-c2ccc(Oc3ncc(Cl)cc3F)cc2)nn(C2CCCN(C(=O)/C=C/C(F)F)C2)c1N,1,IC50,6.97,1,CHEMBL6062820
NC(=O)c1c(-c2ccc(Oc3ncc(Cl)cc3F)cc2)nn(C2CCCN(C(=O)/C=C/CF)C2)c1N,1,IC50,6.42,1,CHEMBL5764550
C=CC(=O)N1CCCC(n2nc(-c3ccc(Oc4ccc(Cl)cn4)cc3)c(C(N)=O)c2N)C1,1,IC50,7.53,1,CHEMBL5984480
NC(=O)c1c(-c2ccc(Oc3ccc(Cl)cn3)cc2)nn(C2CCCN(C(=O)/C=C/C(F)F)C2)c1N,1,IC50,6.51,1,CHEMBL5991165
NC(=O)c1c(-c2ccc(Oc3ccc(Cl)cn3)cc2)nn(C2CCCN(C(=O)/C=C/CF)C2)c1N,1,IC50,6.05,2,CHEMBL5903829
C=CC(=O)N1CCCC(n2nc(-c3ccc(Oc4cccc(C(F)(F)F)n4)cc3)c(C(N)=O)c2N)C1,1,IC50,7.05,2,CHEMBL5774120
NC(=O)c1c(-c2ccc(Oc3cccc(C(F)(F)F)n3)cc2)nn(C2CCCN(C(=O)/C=C/CO)C2)c1N,0,IC50,4.85,2,CHEMBL5994880
C=CC(=O)Nc1cc(Nc2nc(-c3cnn(C)c3)c3cc[nH]c3n2)c(OC)cc1N(C)CCN(C)C,1,IC50,8.0,3,CHEMBL5980602
C=CC(=O)Nc1cc(Nc2nc(N3CCOCC3)c3cc[nH]c3n2)c(OC)cc1N(C)CCN(C)C,1,IC50,7.35,1,CHEMBL5853655
C=CC(=O)Nc1cc(Nc2nc(OC3CN(S(C)(=O)=O)C3)c3ccn(CO)c3n2)c(OC)cc1N(C)CCN(C)C,1,IC50,8.3,2,CHEMBL5940713
C=CC(=O)Nc1cc(Nc2nc(-c3cnc4c(ccn4C)c3)c3cc[nH]c3n2)c(OC)cc1N(C)CCN(C)C,1,IC50,9.0,2,CHEMBL6001620
C=CC(=O)Nc1cc(Nc2nc(-c3cn(C)c4ccccc34)c3cc[nH]c3n2)c(OC)cc1N(C)CCN(C)C,1,IC50,8.52,2,CHEMBL6050403
C=CC(=O)Nc1cc(Nc2nc(-c3cccnc3)c3cc[nH]c3n2)c(OC)cc1N(C)CCN(C)C,1,IC50,7.89,2,CHEMBL5822102
C=CC(=O)Nc1cc(Nc2nc(-c3ccccc3)c3cc[nH]c3n2)c(OC)cc1N(C)CCN(C)C,1,IC50,7.7,2,CHEMBL5939053
C=CC(=O)Nc1cc(Nc2nc(-c3cnn(C)c3)c3cc[nH]c3n2)c(OC)cc1OCCN(C)C,1,IC50,7.62,2,CHEMBL5766029
C=CC(=O)Nc1cc(Nc2nc(-c3cnn(C)c3)c3cc[nH]c3n2)c(OC)cc1N1CC(N(C)C)C1,1,IC50,6.71,1,CHEMBL5749776
C=CC(=O)Nc1cc(Nc2nc(-c3cnn(C)c3)c3cc[nH]c3n2)c(OC)cc1N1CCN(C)CC1,1,IC50,7.01,1,CHEMBL6062221
C=CC(=O)Nc1cc(Nc2nc(-c3cnn(C)c3)c3c(Cl)c[nH]c3n2)c(OC)cc1N1CCN(C)CC1,1,IC50,7.29,1,CHEMBL5883660
C=CC(=O)Nc1cc(Nc2nc(-c3cnn(C)c3)c3c(C)c[nH]c3n2)c(OC)cc1N1CCC(N(C)C)CC1,1,IC50,6.96,1,CHEMBL5837440
C=CC(=O)N1CCCC(n2nc(-c3ccc(Oc4ccccc4)cc3)c3c(N)ncnc32)C1,1,IC50,8.89,1,CHEMBL3182647
C=CC(=O)Nc1cccc(Nc2nc(Nc3ccc(N4CCN(C(C)=O)CC4)cc3OC)ncc2C(F)(F)F)n1,1,IC50,8.24,2,CHEMBL5946057
C=CC(=O)Nc1cccc(Nc2nc(Nc3ccc(C4CCN(C(C)=O)CC4)cc3OC)ncc2C(F)(F)F)c1,1,IC50,8.21,2,CHEMBL5945683
C=CC(=O)Nc1cccc(Nc2nc(Nc3ccc(C4=CCN(C(C)=O)CC4)cc3OC)ncc2C(F)(F)F)c1,1,IC50,8.33,2,CHEMBL5766471
C=CC(=O)Nc1cccc(Nc2nc(Nc3cc4c(cc3OC)CN(C(C)=O)CC4)ncc2C(F)(F)F)c1,1,IC50,7.89,2,CHEMBL5966699
C=CC(=O)Nc1cccc(Nc2nc(Nc3ccc(C4CCN(C(C)=O)CC4)cc3OC)ncc2C(F)(F)F)n1,1,IC50,8.14,2,CHEMBL5747033
C=CC(=O)Nc1cccc(Nc2nc(Nc3ccc(C4=CCN(C(C)=O)CC4)cc3OC)ncc2C(F)(F)F)n1,1,IC50,8.05,2,CHEMBL5760659
C=CC(=O)Nc1cccc(Nc2nc(Nc3ccc4c(c3OC)CN(C(C)=O)CC4)ncc2C(F)(F)F)c1,0,IC50,4.8,1,CHEMBL5894042
C=CC(=O)Nc1cccc(Nc2nc(Nc3ccc(C4CCN(C5COC5)CC4)cc3OC)ncc2C(F)(F)F)c1,0,IC50,4.09,1,CHEMBL5746124
C=CC(=O)Nc1cccc(Nc2nc(Nc3ccc(C4CCN(S(C)(=O)=O)CC4)cc3OC)ncc2C(F)(F)F)c1,1,IC50,8.44,4,CHEMBL6049383
C=CC(=O)Nc1cccc(Nc2ncc(C)c(Nc3cccc(C)c3)n2)c1,1,IC50,7.26,3,CHEMBL6013487
C=CC(=O)Nc1cccc(Nc2ncc(C)c(Nc3cccc(Br)c3)n2)c1,1,IC50,7.26,6,CHEMBL5846455
Cc1cnc(Nc2cccc(S(N)(=O)=O)c2)nc1Nc1ccc2c(c1)CCN(S(=O)(=O)C1CC1)C2,1,IC50,7.26,6,CHEMBL5752831
C=CC(=O)Nc1cccc(Nc2ncc(C)c(Nc3ccc(Oc4ccccc4)cc3)n2)c1,1,IC50,7.26,5,CHEMBL5898708
C=CC(=O)N1CCCC(Nc2nc(Nc3ccccc3)ncc2C)C1,1,IC50,7.26,3,CHEMBL5780712
C=CC(=O)Nc1cccc(Nc2nc(Nc3ccccc3)ncc2F)c1,1,IC50,7.26,3,CHEMBL5791105
C=CC(=O)Nc1cccc(N(C)c2nc(Nc3ccccc3)ncc2C)c1,1,IC50,6.26,2,CHEMBL5758784
C#CCOc1cccc(Nc2ncc(C)c(Nc3cccc(NC(=O)C=C)c3)n2)c1,1,IC50,7.26,3,CHEMBL5798780
Cc1cnc(Nc2ccccc2)nc1Nc1cccc(NC(=O)/C=C/CN(C)C)c1,1,IC50,7.26,3,CHEMBL5795317
C=CC(=O)Nc1cccc(Nc2nc(Nc3cccc(OCCCNC(=O)OC(C)(C)C)c3)ncc2C)c1,1,IC50,6.26,2,CHEMBL5756489
C=CC(=O)Nc1ccc(C)c(Nc2nccc(-c3cccnc3)n2)c1,1,IC50,7.26,6,CHEMBL5781806
C=CC(=O)Nc1cccc(Nc2nc(Nc3ccc(O[C@H]4CCOC4)nc3)ncc2F)c1,1,IC50,7.26,3,CHEMBL5747706
C=CC(=O)Nc1cccc(Nc2nc(Nc3ccc(Cl)c(OCCCS(C)(=O)=O)c3)ncc2F)c1,1,IC50,6.26,2,CHEMBL5900800
C=CC(=O)Nc1cccc(Nc2nc(Nc3ccc(O[C@@H]4CCOC4)nc3)ncc2F)c1,1,IC50,7.26,3,CHEMBL5948101
C=CC(=O)Nc1cccc(Nc2nc(Nc3ccc(OCCN4CCCC4=O)nc3)ncc2F)c1,1,IC50,7.26,3,CHEMBL5830860
C=C(C#N)C(O)c1cccc(Nc2nc(Nc3ccc(OCCOC)cc3)ncc2F)c1,1,IC50,7.26,3,CHEMBL6028598
C=CC(=O)Nc1cccc(Nc2nc(Nc3ccc(Cl)c(OC)c3)ncc2F)c1,1,IC50,6.26,2,CHEMBL5857633
C=CC(=O)Nc1cccc(Nc2nc(Nc3ccc(N(C)CCOC)nc3)ncc2F)c1,1,IC50,7.26,3,CHEMBL5950512
C=CC(=O)Nc1cccc(Nc2nc(Nc3ccc(OC4CCC4)nc3)ncc2F)c1,1,IC50,6.26,2,CHEMBL6025324
C=CC(=O)Nc1cccc(Nc2nc(Nc3ccc(OCCCS(C)(=O)=O)nc3)ncc2F)c1,1,IC50,7.26,4,CHEMBL5975408
C=CC(=O)Nc1cccc(Nc2nc(Nc3cccc(N4CCN(CCO)CC4)c3)ncc2F)c1,1,IC50,7.26,3,CHEMBL5955406
C=CC(=O)Nc1cc(Nc2nc(Nc3ccc(OCCOC)cc3)ncc2F)ccc1F,1,IC50,7.26,3,CHEMBL6016935
COCCOc1ccc(Nc2ncc(F)c(Nc3cccc(NC(=O)/C=C/CN4CC[C@H](O)C4)c3)n2)cc1,1,IC50,7.26,3,CHEMBL5995813
COCCOc1ccc(Nc2ncc(F)c(Nc3cccc(NC(=O)/C=C/CN4CC[C@@H](O)C4)c3)n2)cc1,1,IC50,7.26,3,CHEMBL5939316
C=CC(=O)Nc1cccc(Nc2nc(Nc3cccc(OC(C)(C)CO)c3)ncc2F)c1,1,IC50,7.26,3,CHEMBL5746419
C=CC(=O)Nc1cccc(Nc2nc(Nc3ccc(OCCN4CCCC4=O)cc3)ncc2F)c1,1,IC50,7.26,3,CHEMBL5815423
C=CC(=O)Nc1cccc(Nc2nc(Nc3ccc(OC(C)(C)CO)cc3)ncc2F)c1,1,IC50,7.26,3,CHEMBL5854211
C=CC(=O)N1CCc2ccc(Nc3nc(Nc4ccc(OCCOC)cc4)ncc3F)cc21,1,IC50,6.26,2,CHEMBL6033285
C=CC(=O)Nc1cccc(Nc2nc(Nc3ccc(OC)nc3)ncc2F)c1,1,IC50,7.26,5,CHEMBL6022830
C=CC(=O)Nc1cccc(Nc2nc(Nc3ccc(OCCOC)c(F)c3)ncc2F)c1,1,IC50,7.26,3,CHEMBL6044013
C=CC(=O)Nc1cccc(Nc2nc(Nc3ccc(OCCCS(C)(=O)=O)cc3)ncc2F)c1,1,IC50,7.26,2,CHEMBL5773640
C=C(Cn1cccn1)C(=O)Nc1cccc(Nc2ncc(F)c(Nc3cccc(C)c3)n2)c1,1,IC50,6.26,2,CHEMBL5780851
Cc1cccc(Nc2nc(Nc3cccc(NC(=O)/C=C/CN4CC5CC4CN5)c3)ncc2F)c1,1,IC50,7.26,3,CHEMBL5984505
Cc1cccc(Nc2nc(Nc3cccc(NC(=O)/C=C/CN4CCOCC4)c3)ncc2F)c1,1,IC50,6.26,2,CHEMBL5773851
C=CC(=O)Nc1cccc(Nc2nc(Nc3ccc(OCCOC)nc3)ncc2F)c1,1,IC50,7.26,3,CHEMBL5763010
C=CC(=O)Nc1cccc(Nc2nc(Nc3cccc(OCCO)c3)ncc2F)c1,1,IC50,7.26,3,CHEMBL6056251
C=CC(=O)Nc1cc(Nc2nc(Nc3ccc(OC(C)C)nc3)ncc2F)ccc1Cl,1,IC50,6.26,2,CHEMBL5877896
C=CC(=O)Nc1cc(Nc2nc(Nc3ccc(OCCOC)cc3)ncc2F)ccc1Cl,1,IC50,6.26,2,CHEMBL5833997
C=CC(=O)Nc1cccc(Nc2nc(Nc3cccc(OCC(=O)N4CCOCC4)c3)ncc2F)c1,1,IC50,7.26,3,CHEMBL6014788
C=CC(=O)N(C)Cc1ccc(Oc2nc(Nc3cccc(OCCCN4CCCC4=O)c3)ncc2F)cc1,1,IC50,6.26,2,CHEMBL5897274
C=CC(=O)Nc1cccc(Nc2nc(Nc3ccc4c(c3)N(C(C)=O)CCO4)ncc2F)c1,1,IC50,7.26,3,CHEMBL6026968
C=CC(=O)N(C)Cc1ccc(Nc2nc(Nc3cccc(OC)c3)ncc2F)cc1,1,IC50,6.26,2,CHEMBL5802687
C=CC(=O)Nc1cccc(Nc2nc(Nc3cccc(OCC(C)(C)O)c3)ncc2F)c1,1,IC50,7.26,3,CHEMBL5954027
Cc1cccc(Nc2nc(Nc3cccc(NC(=O)/C=C/CN4C[C@@H](C)N[C@@H](C)C4)c3)ncc2F)c1,1,IC50,6.26,2,CHEMBL5873524
C=CC(=O)Nc1cccc(Nc2nc(Nc3ccc(OCCO)nc3)ncc2C(C)=O)c1,1,IC50,7.26,3,CHEMBL5844546
C=CC(=O)Nc1cccc(Nc2nc(Nc3ccc(OCCOC)nc3)ncc2C(C)=O)c1,1,IC50,7.26,3,CHEMBL5966545
Cc1cccc(Nc2nc(Nc3cccc(NC(=O)/C=C/CN4CCC4)c3)ncc2F)c1,1,IC50,7.26,3,CHEMBL5950819
C=CC(=O)Nc1cccc(Nc2nc(Nc3ccc(OCCOC)cc3)ncc2C(C)=O)c1,1,IC50,7.26,3,CHEMBL5920414
COc1ccc(Nc2ncc(F)c(Nc3cccc(NC(=O)/C=C/CN(C)C)c3)n2)cn1,1,IC50,6.26,2,CHEMBL6025850
C=CC(=O)Nc1cccc(Nc2nc(Nc3ccc4c(c3)N(C)CCO4)ncc2F)c1,1,IC50,7.26,3,CHEMBL6039812
C=CC(=O)Nc1cccc(N(C)c2nc(Nc3ccc4c(c3)N(C)CCO4)ncc2F)c1,1,IC50,6.26,2,CHEMBL6046464
C=CC(=O)N1CCOc2ccc(Nc3nc(Nc4ccc(OCCO)nc4)ncc3C(C)=O)cc21,1,IC50,7.26,3,CHEMBL5746567
C=CC(=O)N1CCOc2ccc(Nc3nc(Nc4ccc5c(c4)CC(=O)N5)ncc3C(C)=O)cc21,1,IC50,7.26,3,CHEMBL6000527
C=CC(=O)N1CCOc2ccc(Nc3ncc(F)c(Nc4ccc5c(c4)CC(=O)N5)n3)cc21,1,IC50,7.26,3,CHEMBL5982687
C=CC(=O)N1Cc2ccc(Nc3nc(Nc4cccc(OC)c4)ncc3C(F)(F)F)cc2C1,1,IC50,7.26,3,CHEMBL5778795
C=CC(=O)Nc1cccc(Nc2nc(Nc3cc(OC)c(OC)c(OC)c3)ncc2F)c1,1,IC50,6.26,2,CHEMBL6011521
C=CC(=O)Nc1cccc(Nc2nc(Nc3ccc(OC)c(OC)c3)ncc2F)c1,1,IC50,7.26,3,CHEMBL5741005
C=CC(=O)N1CCC[C@@H](Nc2nc(Nc3cccc(OCCN4CCOCC4)c3)ncc2F)C1,1,IC50,7.26,3,CHEMBL6052028
C=CC(=O)N(C)Cc1ccc(Oc2nc(Nc3cccc(OCCCS(C)(=O)=O)c3)ncc2F)cc1,1,IC50,6.26,2,CHEMBL5979309
C=CC(=O)N1CCC[C@@H](Sc2nc(Nc3cccc(OC)c3)ncc2F)C1,0,IC50 (>),5.0,1,CHEMBL5879790
C=CC(=O)Nc1cccc(Nc2nc(Nc3cccc(OCCCS(C)(=O)=O)c3)ncc2F)c1,1,IC50,7.26,3,CHEMBL5759845
C=CC(=O)Nc1cccc(Nc2nc(Nc3ccc(OCCOC)cc3)ncc2C2CC2)c1,1,IC50,7.26,3,CHEMBL5837449
C=CC(=O)Nc1cccc(Nc2nc(Nc3ccc4c(c3)N(S(C)(=O)=O)CCO4)ncc2F)c1,1,IC50,7.26,3,CHEMBL5942546
C=CC(=O)N1CCOc2ccc(Nc3nc(Nc4ccc(OCCOC)cc4)ncc3F)cc21,1,IC50,7.26,3,CHEMBL5882559
C=CC(=O)N1CCOc2ccc(Nc3nc(Nc4ccc(N(C)C(=O)C(F)(F)F)nc4)ncc3C(C)=O)cc21,1,IC50,7.26,3,CHEMBL6001660
C=CC(=O)Nc1cccc(Nc2nc(Nc3ccc4c(c3)N(C(=O)C(F)(F)F)CCO4)ncc2F)c1,1,IC50,7.26,3,CHEMBL5740925
C=CC(=O)Nc1cccc(Nc2nc(Nc3ccc4c(cnn4C(=O)OC(C)(C)C)c3)ncc2F)c1,1,IC50,7.26,3,CHEMBL5821130
C=CC(=O)N1CCOc2ccc(Nc3nc(Nc4ccc(N5CCCC5=O)cc4)ncc3C(C)=O)cc21,1,IC50,7.26,3,CHEMBL5783875
C=CC(=O)N1CCOc2ccc(Nc3nc(Nc4ccc5[nH]ncc5c4)ncc3C(C)=O)cc21,1,IC50,7.26,3,CHEMBL5994162
C=CC(=O)N1CCOc2ccc(Nc3nc(Nc4ccc5c(cnn5C)c4)ncc3C(C)=O)cc21,1,IC50,7.26,3,CHEMBL6015025
C=CC(=O)Nc1cccc(Nc2nc(Nc3cccc(OC)c3)ncc2OC)c1,1,IC50,7.26,3,CHEMBL5970361
C=C(C#N)C(O)c1ccc(Nc2nc(Nc3ccccc3)ncc2F)cc1,1,IC50,7.26,3,CHEMBL5819792
C=CC(=O)Nc1cccc(Nc2nc(Nc3cccc(OCCN4CCCC4=O)c3)ncc2F)c1,1,IC50,7.26,1,CHEMBL5934357
C=CC(=O)N1Cc2ccc(Nc3nc(Nc4ccc(OC)nc4)ncc3F)cc2C1,1,IC50,6.26,2,CHEMBL5778617
C=CC(=O)N1CCc2ccc(Nc3nc(Nc4ccc(OC)nc4)ncc3F)cc21,1,IC50,6.26,2,CHEMBL5756147
C=CC(=O)N1CCOc2ccc(Nc3nc(Nc4ccc(N5CCOCC5)nc4)ncc3C(C)=O)cc21,1,IC50,7.26,3,CHEMBL5776776
C=CC(=O)N1CCOc2ccc(Nc3nc(Nc4ccc(OC)cc4)ncc3C(C)=O)cc21,1,IC50,7.26,1,CHEMBL6029953
C=CC(=O)Nc1cccc(N(C(=O)C=C)c2nc(Nc3ccc(OC)nc3)ncc2C#N)c1,1,IC50,7.26,3,CHEMBL5878630
C=CC(=O)Nc1cccc(Nc2nc(Nc3ccc(OC(C)C)nc3)ncc2F)c1,1,IC50,6.26,2,CHEMBL5940517
C=CC(=O)N1CCCC(Oc2nc(Nc3cccc(OC)c3)ncc2F)C1,0,IC50 (>),5.0,1,CHEMBL5785500
C=CC(=O)N1CCCC(Oc2nc(Nc3ccc(OC)cc3)ncc2F)C1,1,IC50,6.26,1,CHEMBL5902375
C=C(C)C(=O)c1ccc(Nc2nc(Nc3ccccc3)ncc2F)cc1,1,IC50,7.26,3,CHEMBL5822838
C=CC(=O)N1CC(Nc2nc(Nc3ccc(OC)nc3)ncc2C(C)=O)C1,1,IC50,6.26,2,CHEMBL5739768
C=CC(=O)Nc1cccc(Nc2nc(Nc3ccc(OC)nc3)ncc2C(C)=O)c1,1,IC50,7.26,4,CHEMBL5858571
C=CC(=O)N1CCC[C@@H](Oc2nc(Nc3cccc(OC)c3)ncc2F)C1,1,IC50,6.26,2,CHEMBL5922445
C=CC(=O)N1CCOc2ccc(Nc3nc(Nc4ccc(OC)nc4)ncc3F)cc21,1,IC50,7.26,3,CHEMBL5913484
C=CC(=O)N1CCC[C@@H](Nc2nc(Nc3cccc(OC)c3)ncc2F)C1,1,IC50,7.26,3,CHEMBL6040634
C=CC(=O)N1CCC[C@H](Nc2nc(Nc3ccc(C=C)nc3)ncc2F)C1,1,IC50,6.26,1,CHEMBL6003806
C=C(C)C(=O)c1cccc(Nc2nc(Nc3cccc(OC(F)(F)F)c3)ncc2F)c1,1,IC50,7.26,3,CHEMBL6041177
C=CC(=O)N1CCC(Nc2nc(Nc3cccc(OC)c3)ncc2F)C1,1,IC50,7.26,3,CHEMBL6016272
C=CC(=O)N1CCC[C@@H](Nc2nc(Nc3ccc(OC)nc3)ncc2F)C1,1,IC50,6.26,2,CHEMBL5808792
C=CC(=O)N1CCC(Nc2nc(Nc3ccc(OC)nc3)ncc2F)C1,1,IC50,6.26,2,CHEMBL5967217
C=CC(=O)Nc1cccc(Nc2nc(Nc3cccc(OCCCn4ccnc4)c3)ncc2F)c1,1,IC50,7.26,3,CHEMBL5892354
C=CC(=O)NCc1cccc(Nc2nc(Nc3ccccc3)ncc2C)c1,1,IC50,7.26,3,CHEMBL5948133
CC(C)=CC(=O)c1cccc(Nc2nc(Nc3cccc(OCCN(C)C)c3)ncc2F)c1,1,IC50,6.26,2,CHEMBL5784829
C=CC(=O)Nc1cccc(Nc2nc(Nc3cccc(OCCCN4CCOCC4)c3)ncc2F)c1,1,IC50,7.26,3,CHEMBL5752981
C=CC(=O)Nc1cccc(Nc2nc(Nc3ccc(OC)nc3)ncc2C(N)=O)c1,1,IC50,7.26,3,CHEMBL5814409
C=CC(=O)Nc1cccc(Nc2nc(Nc3cccc(OC)c3)ncc2C(N)=O)c1,1,IC50,7.26,3,CHEMBL5891594
COc1cccc(Nc2ncc(C(F)(F)F)c(N[C@@H]3CCC[C@H](C(=O)C=C(C)C)C3)n2)c1,1,IC50,6.26,2,CHEMBL5827561
C=CC(=O)Nc1ccc(Nc2nc(Nc3cncc(OC)c3)ncc2C(F)(F)F)cc1,1,IC50,6.26,2,CHEMBL5893212
C=CC(=O)Nc1cccc(Nc2nc(Nc3cccc(OCCCNC(=O)CCCC(=O)NCCCOCCOCCOCCCNC(=O)CCCC[C@@H]4SC[C@@H]5NC(=O)N[C@@H]54)c3)ncc2C)c1,1,IC50,7.26,3,CHEMBL5985220
C=CC(=O)Nc1cccc(Oc2nc(Nc3ccc(OC)nc3)ncc2F)c1,1,IC50,7.26,3,CHEMBL5984973
C=CC(=O)N(C)Cc1ccc(Nc2nc(Nc3ccccc3)ncc2C)cc1,1,IC50,7.26,3,CHEMBL5836521
C=CC(=O)N(C)Cc1cccc(Nc2nc(Nc3ccccc3)ncc2C)c1,1,IC50,6.26,2,CHEMBL5928380
C=CC(=O)Nc1cccc(Nc2nc(Nc3ccccc3)ncc2C(=O)NC2CC2)c1,1,IC50,7.26,3,CHEMBL5762278
C=CC(=O)Nc1cccc(Nc2nc(Nc3ccccc3)ncc2C(=O)Nc2ccccc2)c1,1,IC50,6.26,2,CHEMBL5874947
CC(C)=CC(=O)c1cccc(Nc2nc(Nc3cccc(S(N)(=O)=O)c3)ncc2C)c1,1,IC50,6.26,2,CHEMBL5755010
C=CC(=O)Nc1cc(Nc2nc(Nc3cccc(OC)c3)ncc2C(F)(F)F)ccc1Cl,1,IC50,6.26,2,CHEMBL5929629
C=CC(=O)Nc1cccc(Oc2nc(Nc3ccccc3)ncc2F)c1,1,IC50,7.26,3,CHEMBL5822224
C=CC(=O)Nc1cccc(Nc2nc(Nc3ccccc3)ncc2C(N)=O)c1,1,IC50,7.26,3,CHEMBL5761824
C=CC(=O)Nc1cccc(Nc2nc(Nc3ccccc3)ncc2C(=O)NCc2ccc(OC)cc2)c1,0,IC50 (>),5.0,1,CHEMBL5876174
C=CC(=O)Nc1cccc(Nc2nc(Nc3cccnc3)ncc2F)c1,0,IC50 (>),5.0,1,CHEMBL6057748
C=CC(=O)NCc1ccc(Nc2nc(Nc3cccc(OC)c3)ncc2C(F)(F)F)cc1,0,IC50 (>),5.0,1,CHEMBL5988200
C=CC(=O)Nc1cccc(Nc2nc(Nc3cccc(OCCCNC(=O)CCCC[C@@H]4SC[C@@H]5NC(=O)N[C@@H]54)c3)ncc2C)c1,1,IC50,7.26,3,CHEMBL5759591
C=CC(=O)Nc1cccc(Nc2nc(NC3CCCN(C(C)=O)C3)ncc2F)c1,0,IC50 (>),5.0,1,CHEMBL5974113
C=CC(=O)Nc1cccc(Nc2nc(Nc3cccc(OC)c3)ncc2C(F)(F)F)c1,1,IC50,7.26,3,CHEMBL5858538
C=CC(=O)Nc1cccc(Nc2nc(Nc3cccc(OC(F)(F)F)c3)ncc2F)c1,1,IC50,6.26,2,CHEMBL5888462
C=CC(=O)Nc1cccc(Nc2nc(Nc3ccc(F)cc3)ncc2F)c1,1,IC50,7.26,3,CHEMBL5825514
C=CC(=O)Nc1cccc(Nc2nc(Nc3ccc(Cl)c(OCC(C)(C)O)c3)ncc2F)c1,1,IC50,6.26,2,CHEMBL6062263
C=C(C#N)C(O)c1cccc(Nc2nc(Nc3ccc(OCC(C)(C)O)nc3)ncc2F)c1,1,IC50,7.26,3,CHEMBL5928141
C=CC(=O)Nc1cccc(Nc2nc(Nc3ccc(OCC(C)(C)O)nc3)ncc2F)c1,1,IC50,7.26,3,CHEMBL5858035
C=CC(=O)Nc1cccc(Nc2nc(Nc3ccc(OCC(C)(C)O)c(F)c3)ncc2F)c1,1,IC50,7.26,3,CHEMBL5918405
C=CC(=O)Nc1cccc(Nc2nc(Nc3ccc(O[C@@H]4CCOC4)c(F)c3)ncc2F)c1,1,IC50,7.26,3,CHEMBL5950214
C=CC(=O)Nc1cccc(Nc2nc(Nc3ccc(OCCCS(C)(=O)=O)c(F)c3)ncc2F)c1,1,IC50,7.26,3,CHEMBL6003257
C=CC(=O)Nc1cccc(Nc2nc(Nc3ccc(Cl)c(OCCOC)c3)ncc2F)c1,1,IC50,6.26,2,CHEMBL5997917
C=C(C)C(=O)c1cccc(Nc2nc(Nc3ccc(OCCOC)c(F)c3)ncc2F)c1,1,IC50,7.26,3,CHEMBL5977247
COCCOc1ccc(Nc2ncc(F)c(Nc3cccc(C(=O)C=C(C)C)c3)n2)cc1F,0,IC50 (>),5.0,1,CHEMBL6027290
C=C(C)C(=O)c1ccc(Nc2nc(Nc3ccc(OCCOC)c(F)c3)ncc2F)cc1,1,IC50,7.26,3,CHEMBL5964547
C=C(C#N)C(O)c1cccc(Nc2nc(Nc3ccc(OCCOC)c(F)c3)ncc2F)c1,1,IC50,6.26,2,CHEMBL5833583
C=C(C#N)C(O)c1ccc(Nc2nc(Nc3ccc(OCCOC)c(F)c3)ncc2F)cc1,1,IC50,7.26,3,CHEMBL6048496
C=C(C)C(=O)Cc1ccc(Nc2nc(Nc3ccc(OCCOC)c(F)c3)ncc2F)cc1,1,IC50,7.26,3,CHEMBL5911586
COCCOc1ccc(Nc2ncc(F)c(Nc3cccc(CC(=O)C=C(C)C)c3)n2)cc1F,0,IC50 (>),5.0,1,CHEMBL5959001
C=CC(=O)Nc1cccc(Nc2nc(Nc3ccc(OC(C)(C)CO)c(F)c3)ncc2F)c1,1,IC50,7.26,3,CHEMBL5884157
C=CC(=O)Nc1cccc(Nc2nc(Nc3ccc(OC(C)CO)c(F)c3)ncc2F)c1,1,IC50,7.26,3,CHEMBL5932966
C=CC(=O)Nc1cccc(Nc2nc(Nc3ccc(Cl)c(OC(C)(C)CO)c3)ncc2F)c1,1,IC50,6.26,2,CHEMBL5866027
C=CC(=O)Nc1cccc(Nc2nc(Nc3ccc(Cl)c(OC(C)CO)c3)ncc2F)c1,1,IC50,7.26,3,CHEMBL5808700
C=CC(=O)Nc1cccc(Nc2nc(Nc3ccc(Cl)c(O[C@@H]4CCOC4)c3)ncc2F)c1,1,IC50,6.26,2,CHEMBL6033704
C=CC(=O)N1CCOc2ccc(Nc3ncc(F)c(Nc4ccc(OCc5ccccn5)c(Cl)c4)n3)cc21,1,IC50,6.26,2,CHEMBL5939963
C=CC(=O)N1CCC[C@@H](Nc2nc(Nc3ccc(OCCOC)c(F)c3)ncc2F)C1,1,IC50,6.26,2,CHEMBL5954631
C=CC(=O)N1CCC[C@@H](Nc2nc(Nc3ccc(OCCOC)cc3)ncc2F)C1,1,IC50,6.26,2,CHEMBL5762343
C=CC(=O)Nc1cccc(Nc2nc(Nc3ccc(Oc4cccnc4)cc3)ncc2F)c1,1,IC50,6.26,2,CHEMBL5895507
C=CC(=O)N1CCC[C@@H](Nc2nc(Nc3ccc(O[C@H]4CCOC4)cc3)ncc2F)C1,1,IC50,7.26,2,CHEMBL5798721
C=CC(=O)N1CCC[C@@H](Nc2nc(Nc3ccc(O[C@@H]4CCOC4)cc3)ncc2F)C1,1,IC50,7.26,3,CHEMBL5751497
C=CC(=O)Nc1cccc(Nc2nc(Nc3ccc4c(c3)OCCO4)ncc2F)c1,1,IC50,7.26,3,CHEMBL5767790
C=CC(=O)Nc1ccc(Nc2nc(Nc3ccc(OCCOC)c(F)c3)ncc2F)cc1,1,IC50,6.26,2,CHEMBL5856597
C=CC(=O)Nc1cccc(Nc2nc(Nc3ccc(Cl)c(OCC(O)CO)c3)ncc2F)c1,1,IC50,7.26,3,CHEMBL6026532
C=CC(=O)Nc1cccc(Nc2nc(Nc3ccc(Cl)c(O[C@H]4CCOC4)c3)ncc2F)c1,1,IC50,6.26,2,CHEMBL5934972
C=CC(=O)Nc1cccc(Nc2nc(Nc3ccc(OC[C@@H]4C[C@@H](O)CN4)c(F)c3)ncc2F)c1,1,IC50,7.26,3,CHEMBL6049268
C=CC(=O)Nc1cccc(Nc2nc(Nc3ccc(OCCOCCNC(=O)OC(C)(C)C)c(F)c3)ncc2F)c1,1,IC50,6.26,2,CHEMBL5780633
C=CC(=O)Nc1cccc(Nc2nc(Nc3ccc(Cl)c(O[C@@H](C)CO)c3)ncc2F)c1,1,IC50,6.26,2,CHEMBL5916856
C=CC(=O)Nc1cccc(Nc2nc(Nc3ccc(Cl)c(O[C@H](C)CO)c3)ncc2F)c1,1,IC50,6.26,2,CHEMBL5896750
C=CC(=O)Nc1cccc(Nc2nc(Nc3ccc(OCCOCCOC)c(F)c3)ncc2F)c1,1,IC50,7.26,3,CHEMBL5820435
C=CC(=O)Nc1cccc(Nc2nc(Nc3ccc(OCCOCCNC(=O)CCCC(=O)NCCCOCCOCCOCCCNC(=O)CCCC[C@@H]4SC[C@@H]5NC(=O)N[C@@H]54)c(F)c3)ncc2F)c1,1,IC50,7.26,3,CHEMBL5797771
C=CC(=O)Nc1ccc(Nc2nc(Nc3ccccc3)ncc2C)cc1,1,IC50,6.26,2,CHEMBL5979972
COc1ccccc1C(=O)NCc1ccc(-c2nn(C3CCCC3)c3ncnc(N)c23)cc1,1,IC50,6.26,2,CHEMBL5754376
Nc1ncnc2c1c(-c1ccc(CNC(=O)c3ccccc3F)cc1)nn2C1CCCC1,1,IC50,7.26,2,CHEMBL5889356
COc1ccc(F)cc1C(=O)NCc1ccc(-c2nn(C3CCCC3)c3ncnc(N)c23)cc1,1,IC50,6.26,2,CHEMBL5879544
Nc1ncnc2c1c(-c1ccc(CNC(=O)c3ccccc3OC(F)(F)F)cc1)nn2C1CCCC1,1,IC50,6.26,2,CHEMBL5938548
COc1cc(Cl)ccc1C(=O)NCc1ccc(-c2nn(C3CCCC3)c3ncnc(N)c23)cc1,0,IC50 (>),5.0,2,CHEMBL5750395
COc1cc(C)ccc1C(=O)NCc1ccc(-c2nn(C3CCCC3)c3ncnc(N)c23)cc1,0,IC50 (>),5.0,2,CHEMBL5974021
COc1ccc(C(F)(F)F)cc1C(=O)NCc1ccc(-c2nn(C3CCCC3)c3ncnc(N)c23)cc1,0,IC50 (>),5.0,2,CHEMBL5986696
COc1ccccc1C(=O)NCc1ccc(-c2nn(C3CCC4(CC3)OCCO4)c3ncnc(N)c23)cc1,1,IC50,6.26,2,CHEMBL5976861
COc1ccccc1C(=O)NCc1ccc(-c2nn(C3CCC(O)CC3)c3ncnc(N)c23)cc1,1,IC50,6.26,2,CHEMBL5908975
COc1ccccc1C(=O)NCc1ccc(-c2nn([C@@H]3CC[C@H](O)C3)c3ncnc(N)c23)cc1,1,IC50,6.26,2,CHEMBL5847651
COc1ccccc1C(=O)NCc1ccc(-c2nn(C3CCC4(C3)OCCO4)c3ncnc(N)c23)cc1,1,IC50,6.26,2,CHEMBL5885178
COc1ccccc1C(=O)NCc1ccc(-c2nn(C3CCC(=O)CC3)c3ncnc(N)c23)cc1,1,IC50,6.26,2,CHEMBL5860886
COc1ccncc1C(=O)NCc1ccc(-c2nn(C3CCCC3)c3ncnc(N)c23)cc1,1,IC50,6.26,2,CHEMBL5979639
CNC1CCC(n2nc(-c3ccc(CNC(=O)c4ccccc4OC)cc3)c3c(N)ncnc32)CC1,1,IC50,6.26,2,CHEMBL6008734
COc1ccccc1C(=O)NCc1ccc(-c2nn(C3CCOCC3)c3ncnc(N)c23)cc1,1,IC50,6.26,2,CHEMBL6004439
COc1ccccc1C(=O)NCc1ccc(-c2nn(C3CCC(C(=O)O)CC3)c3ncnc(N)c23)cc1,1,IC50,6.26,2,CHEMBL5983676
COc1ccccc1C(=O)NCc1ccc(-c2nn(C3CCCC(=O)C3)c3ncnc(N)c23)cc1,1,IC50,6.26,2,CHEMBL5958954
CCOC(=O)C1CCC(n2nc(-c3ccc(CNC(=O)c4ccccc4OC)cc3)c3c(N)ncnc32)CC1,1,IC50,6.26,2,CHEMBL5920911
COc1ccccc1C(=O)NCc1ccc(-c2nn([C@H]3CC[C@H](C(=O)N(C)C)CC3)c3ncnc(N)c23)cc1,1,IC50,6.26,1,CHEMBL5862356
COc1ccccc1C(=O)NCc1ccc(-c2nn([C@H]3CC[C@@H](C(=O)N(C)C)CC3)c3ncnc(N)c23)cc1,1,IC50,6.26,4,CHEMBL5744203
COc1ccccc1C(=O)NCc1ccc(-c2nn([C@H]3C=C[C@H](OC(C)=O)C3)c3ncnc(N)c23)cc1,1,IC50,7.26,2,CHEMBL6045970
COc1ccccc1C(=O)NCc1ccc(-c2nn([C@H]3C=C[C@H](O)C3)c3ncnc(N)c23)cc1,1,IC50,6.26,2,CHEMBL5872134
COc1ccccc1C(=O)NCc1ccc(-c2nn(C3CCCC(O)C3)c3ncnc(N)c23)cc1,1,IC50,6.26,2,CHEMBL5814864
COc1ccccc1C(=O)NCc1ccc(-n2nc(C3CCCC3)c3ncnc(N)c32)cc1,1,IC50,7.26,2,CHEMBL5917549
COc1ccccc1C(=O)NCc1ccc(-c2nn(C3CCC(OC)CC3)c3ncnc(N)c23)cc1,1,IC50,6.26,2,CHEMBL5962801
COc1ccccc1C(=O)NCc1ccc(-c2nn(C3CC=CC3)c3ncnc(N)c23)cc1,1,IC50,6.26,2,CHEMBL6032445
CCOC(=O)C1CCCC(n2nc(-c3ccc(CNC(=O)c4ccccc4OC)cc3)c3c(N)ncnc32)C1,1,IC50,6.26,2,CHEMBL5782176
COc1ccc(F)cc1C(=O)NCc1ccc(-c2nn(C(C)(C)C)c3ncnc(N)c23)cc1,1,IC50,6.26,2,CHEMBL5819204
COc1ccccc1C(=O)NCc1ccc(-c2nn([C@@H]3C[C@@H](O)C4CC43)c3ncnc(N)c23)cc1,1,IC50,6.26,2,CHEMBL5879924
COc1ccccc1C(=O)NCc1ccc(-c2nn(C3CCC(OC(=O)c4ccc(C)cc4)CC3)c3ncnc(N)c23)cc1,1,IC50,6.26,2,CHEMBL6004855
COc1ccccc1C(=O)NCc1ccc(-c2nn([C@H]3C=C[C@@H](O)C3)c3ncnc(N)c23)cc1,1,IC50,6.26,2,CHEMBL5865390
COc1ccccc1C(=O)NCc1ccc(-c2nn(C3C=CCCC3)c3ncnc(N)c23)cc1,1,IC50,7.26,2,CHEMBL5864713
COc1ccccc1C(=O)NCc1ccc(-c2nn([C@@H]3C=C[C@@H](O)C3)c3ncnc(N)c23)cc1,1,IC50,6.26,2,CHEMBL5909001
COc1ccccc1C(=O)NCc1ccc(-c2nn(C(C)(C)C)c3ncnc(N)c23)cc1,1,IC50,7.26,2,CHEMBL6039447
COc1ccccc1C(=O)NCc1ccc(-c2nn(C3CC4CC4C3)c3ncnc(N)c23)cc1,1,IC50,7.26,2,CHEMBL5852751
COc1ccccc1C(=O)NCc1ccc(-c2nn([C@@H]3CCc4ccccc43)c3ncnc(N)c23)cc1,1,IC50,6.26,2,CHEMBL5882138
COc1ccccc1C(=O)NCc1ccc(-c2nn(C3CCC(C)C3)c3ncnc(N)c23)cc1,1,IC50,6.26,2,CHEMBL5938232
COc1ccccc1C(=O)NCc1ccc(-c2nn(C3CCCC3)c3ncnc(N)c23)cc1F,1,IC50,6.26,2,CHEMBL5801421
Nc1ncnc2c1c(-c1ccc(CNC(=O)c3cccc4cccnc34)cc1)nn2C1CCCC1,1,IC50,6.26,2,CHEMBL5927148
COc1ccccc1C(=O)NCc1ccc(-c2nn(C(C)C)c3ncnc(N)c23)cc1,1,IC50,6.26,1,CHEMBL5948125
COc1ccccc1C(=O)NCc1ccc(-c2nn(C3CCCC3)c3ncnc(N)c23)c(OC)c1,0,IC50 (>),5.0,2,CHEMBL5750433
Nc1ncnc2c1c(-c1ccc(CNC(=O)c3nc4ccccc4s3)cc1)nn2C1CCCC1,0,IC50 (>),5.0,2,CHEMBL5911130
COc1ccccc1C(=O)NCc1ccc(-c2nn(C3CCCC3)c3ncnc(N)c23)cc1C,1,IC50,6.26,2,CHEMBL5851971
COc1ccccc1C(=O)NCc1ccc(-c2nn(CC(F)(F)F)c3ncnc(N)c23)cc1,0,IC50 (>),5.0,2,CHEMBL5996415
COc1ccccc1C(=O)NCc1ccc(-c2nn(C3CCC(C)(O)CC3)c3ncnc(N)c23)cc1,1,IC50,6.26,4,CHEMBL5916409
COc1ccc(F)cc1C(=O)NCc1ccc(-c2nn(CC(F)(F)F)c3ncnc(N)c23)cc1,0,IC50 (>),5.0,2,CHEMBL6005663
COc1ccc(F)cc1C(=O)NCc1ccc(-c2nn(C3CCC(C)(O)CC3)c3ncnc(N)c23)cc1,1,IC50,6.26,4,CHEMBL5952540
C=CC(=O)Nc1cccc(Nc2nc(Nc3ccc(N4CCOCC4)cc3OC)ncc2Cl)c1,1,IC50,8.26,4,CHEMBL5973804
C=CC(=O)Nc1cccc(Oc2nc(Nc3ccc(N4CCCN(C(=O)OC(C)(C)C)CC4)cc3OC)ncc2C(F)(F)F)c1,1,IC50,7.7,2,CHEMBL5979555
C=CC(=O)Nc1cc(Nc2ncc(Cl)c(-c3cnc4c(ccn4C)c3)n2)c(OC)cc1N(C)CCN(C)C,1,IC50,8.52,4,CHEMBL6009400
C=CC(=O)Nc1cc(Nc2ncc(Cl)c(-c3cnc4c(ccn4C)c3)n2)c(OC)cc1N1CCC(N(C)C)CC1,1,IC50,7.77,2,CHEMBL5979481
C=CC(=O)Nc1cc(Nc2nccc(-c3cnc4c(ccn4C)c3)n2)c(OC)cc1N1CCC(N(C)C)CC1,1,IC50,7.92,4,CHEMBL5840400
C=CC(=O)Nc1cc(Nc2nccc(-c3cnc4c(cnn4C)c3)n2)c(OC)cc1N1CCN(C)CC1,1,IC50,7.37,2,CHEMBL5805507
C=CC(=O)Nc1cc(Nc2nccc(-c3cnc4c(cnn4C)c3)n2)c(OC)cc1N(C)CCN(C)C,1,IC50,8.4,2,CHEMBL6013534
C=CC(=O)Nc1cc(Nc2nccc(-c3cnc4c(ccn4C)c3)n2)c(OC)cc1N(C)CCN(C)C,1,IC50,9.0,4,CHEMBL5757238
C=CC(=O)Nc1cc(Nc2ncc(F)c(-c3cnc4c(ccn4C)c3)n2)c(OC)cc1N(C)CCN(C)N,1,IC50,8.7,2,CHEMBL5925992
C=CC(=O)Nc1cc(Nc2ncc(OC)c(-c3cnc4c(ccn4C)c3)n2)c(OC)cc1N(C)CCN(C)C,1,IC50,8.4,2,CHEMBL6024600
C=CC(=O)Nc1cc(Nc2ncc(C(F)(F)F)c(-c3cnc4c(ccn4C)c3)n2)c(OC)cc1N(C)CCN(C)C,1,IC50,8.05,2,CHEMBL5794118
C=CC(=O)Nc1cc(Nc2nccc(-c3cnc4c(ccn4C)c3)n2)c(OC)cc1N1CCN(C)CC1,1,IC50,7.57,2,CHEMBL5797186
C=CC(=O)Nc1cc(Nc2nccc(-c3cnc4c(ccn4C)c3)n2)c(OC)cc1N1CC(N(C)C)C1,1,IC50,8.4,2,CHEMBL5823169
C=CC(=O)Nc1cc(Nc2ncc(F)c(-c3cnc4c(ccn4C)c3)n2)c(OC)cc1N1CCC(N(C)C)CC1,1,IC50,7.42,2,CHEMBL6033989
C=CC(=O)Nc1cc(Nc2ncc(C(C)=O)c(-c3cnc4c(ccn4C)c3)n2)c(OC)cc1N(C)CCN(C)C,1,IC50,8.7,2,CHEMBL5850696
C=CC(=O)Nc1cc(Nc2ncc(F)c(-c3cnc4c(cnn4C)c3)n2)c(OC)cc1N1CCC(N(C)C)CC1,1,IC50,8.3,2,CHEMBL6006961
C=CC(=O)Nc1cc(Nc2ncc(OC)c(-c3cnc4c(cnn4C)c3)n2)c(OC)cc1N1CCC(N(C)C)CC1,1,IC50,7.8,2,CHEMBL6030424
C=CC(=O)Nc1cc(Nc2ncc(Cl)c(-c3cnc4c(cnn4C)c3)n2)c(OC)cc1N(C)CCN(C)C,1,IC50,8.4,2,CHEMBL5936433
C=CC(=O)Nc1cc(Nc2ncc(Cl)c(-c3cnc4c(cnn4C)c3)n2)c(OC)cc1N1CCC(N(C)C)CC1,1,IC50,7.89,2,CHEMBL6036686
C=CC(=O)Nc1cc(Nc2ncc(F)c(-c3cnc4c(cnn4C)c3)n2)c(OC)cc1N(C)CCN(C)C,1,IC50,8.05,2,CHEMBL6063800
C=CC(=O)Nc1cc(Nc2ncc(OC)c(-c3cnc4c(cnn4C)c3)n2)c(OC)cc1N(C)CCN(C)C,1,IC50,8.1,2,CHEMBL5772330
C=CC(=O)Nc1cc(Nc2nccc(-c3cnc4c(c3)c(Cl)cn4C)n2)c(OC)cc1N(C)CCN(C)C,1,IC50,9.3,2,CHEMBL5796551
C=CC(=O)Nc1cc(Nc2nccc(-c3cccnc3)n2)c(OC)cc1N1CCC(N(C)C)CC1,1,IC50,8.7,4,CHEMBL5788105
C=CC(=O)Nc1cc(Nc2nccc(-c3cnn(C)c3)n2)c(OC)cc1N1CCC(N(C)C)CC1,1,IC50,7.64,2,CHEMBL5870784
C=CC(=O)Nc1cc(Nc2nccc(-c3cnn(C)c3)n2)c(OC)cc1N(C)CCN(C)C,1,IC50,7.8,2,CHEMBL5942187
C=CC(=O)Nc1cc(Nc2ncc(Cl)c(-c3cnn(C)c3)n2)c(OC)cc1N(C)CCN(C)C,1,IC50,8.52,2,CHEMBL5753671
C=CC(=O)Nc1cc(Nc2ncc(Cl)c(-c3cnn(C)c3)n2)c(OC)cc1N1CCC(N(C)C)CC1,1,IC50,8.4,2,CHEMBL5854206
C=CC(=O)Nc1cc(Nc2ncc(Cl)c(-c3cnn(C)c3C)n2)c(OC)cc1N(C)CCN(C)C,1,IC50,8.7,2,CHEMBL6014541
C=CC(=O)Nc1cc(Nc2ncc(F)c(-c3cnn(C)c3)n2)c(OC)cc1N1CCC(N(C)C)CC1,1,IC50,8.1,2,CHEMBL5809639
C=CC(=O)Nc1cc(Nc2ncc(Cl)c(-c3c(C)nn(C)c3C)n2)c(OC)cc1N(C)CCN(C)C,1,IC50,7.6,2,CHEMBL5881569
C=CC(=O)Nc1cc(Nc2ncc(F)c(-c3cnn(C)c3)n2)c(OC)cc1N(C)CCN(C)C,1,IC50,7.96,2,CHEMBL5903077
C=CC(=O)Nc1cc(Nc2ncc(Cl)c(-c3cn(C)nc3C)n2)c(OC)cc1N(C)CCN(C)C,1,IC50,8.7,2,CHEMBL6032873
C=CC(=O)Nc1cc(Nc2ncc(Cl)c(-c3cn(C)nc3C)n2)c(OC)cc1N1CCC(N(C)C)CC1,1,IC50,7.8,2,CHEMBL5996771
C=CC(=O)Nc1cc(Nc2ncc(Cl)c(-c3cnn(C4CCN(C(=O)OC(C)(C)C)CC4)c3)n2)c(OC)cc1N1CCC(N(C)C)CC1,1,IC50,8.7,2,CHEMBL6035061
C=CC(=O)Nc1cc(Nc2ncc(Cl)c(-c3cnn(C)c3C)n2)c(OC)cc1N1CCC(N(C)C)CC1,1,IC50,7.85,2,CHEMBL5890676
C=CC(=O)Nc1cc(Nc2ncc(Cl)c(-c3ccn(C)c3)n2)c(OC)cc1N1CCC(N(C)C)CC1,1,IC50,7.82,2,CHEMBL5765903
C=CC(=O)Nc1cc(Nc2ncc(Cl)c(-c3ccn(C)c3)n2)c(OC)cc1N(C)CCN(C)C,1,IC50,8.4,2,CHEMBL5820008
C=CC(=O)Nc1cc(Nc2ncc(Cl)c(-c3cnn(C)c3)n2)c(OC)cc1N1CCN(C)CC1,1,IC50,7.96,2,CHEMBL5906672
C=CC(=O)Nc1cc(Nc2ncc(Cl)c(-c3cnn(C(F)F)c3)n2)c(OC)cc1N1CCC(N(C)C)CC1,1,IC50,8.15,2,CHEMBL5974834
C=CC(=O)Nc1cc(Nc2ncc(Cl)c(-c3cn[nH]c3)n2)c(OC)cc1N1CCC(N(C)C)CC1,1,IC50,8.7,2,CHEMBL6005779
C=CC(=O)Nc1cc(Nc2nccc(-c3cnc4c(ccn4C)c3)n2)c(OC)cc1N(C)CCN(C)CC,1,IC50,8.52,2,CHEMBL6044860
C=CC(=O)Nc1cc(Nc2nccc(-c3cnc4c(ccn4C)c3)n2)c(OC)cc1N(C)CCNC,1,IC50,8.7,2,CHEMBL5769810
C=CC(=O)Nc1cc(Nc2nccc(-c3cnc4c(ccn4C)c3)n2)c(OC)cc1N(C)CCN(CC)CC,1,IC50,8.4,2,CHEMBL6034790
C=CC(=O)Nc1cc(Nc2ncc(Cl)c(-c3cnc4c(ccn4C)c3)n2)c(OC)cc1N(C)CCN(C)CC,1,IC50,8.22,2,CHEMBL6046827
C=CC(=O)Nc1cc(Nc2ncc(Cl)c(-c3cnc4c(ccn4C)c3)n2)c(OC)cc1N(C)CCN(CC)CC,1,IC50,8.15,2,CHEMBL6022326
C=CC(=O)Nc1cc(Nc2nccc(-c3cnc4c(ccn4C)c3)n2)c(OC)cc1N(C)CCN1CCCC1,1,IC50,8.15,2,CHEMBL5914449
C=CC(=O)Nc1cc(Nc2ncc(Cl)c(-c3cnc4c(ccn4C)c3)n2)c(OC)cc1N1CC(N(C)C)C1,1,IC50,7.82,2,CHEMBL5967745
C=CC(=O)Nc1cc(Nc2ncc(Cl)c(-c3cnc4c(ccn4C)c3)n2)c(OC)cc1N(C)CCCN(C)C,1,IC50,7.85,2,CHEMBL6046213
C=CC(=O)Nc1cc(Nc2nccc(-c3cnc4c(ccn4C)c3)n2)c(OC)cc1N(C)CCN(C)C(C)C,1,IC50,8.22,2,CHEMBL6009126
C=CC(=O)Nc1cc(Nc2ncc(Cl)c(-c3cnc4c(ccn4C)c3)n2)c(OC)cc1N(C)CCNC,1,IC50,8.22,2,CHEMBL6011359
C=CC(=O)Nc1cc(Nc2nccc(-c3cnc4c(ccn4C)c3)n2)c(OC)cc1OCCN(C)C,1,IC50,8.7,2,CHEMBL6018694
C=CC(=O)Nc1cc(Nc2ncc(F)c(-c3cnc4c(ccn4C)c3)n2)c(OC)cc1OCCN(C)C,1,IC50,8.7,2,CHEMBL5771047
C=CC(=O)Nc1cc(Nc2ncc(Cl)c(-c3cnc4c(c3)c(Cl)cn4C)n2)c(OC)cc1N(C)CCN(C)C,1,IC50,8.52,2,CHEMBL5847879
C=CC(=O)Nc1cc(Nc2ncc(F)c(-c3cnc4c(c3)c(Cl)cn4C)n2)c(OC)cc1N1CCC(N(C)C)CC1,1,IC50,8.3,2,CHEMBL5937036
C=CC(=O)Nc1cc(Nc2ncc(F)c(-c3cnc4c(c3)c(Cl)cn4C)n2)c(OC)cc1N(C)CCN(C)C,1,IC50,9.0,2,CHEMBL5877254
C=CC(=O)Nc1cc(Nc2nccc(-c3cnc4c(ccn4C(C)C)c3)n2)c(OC)cc1N(C)CCN(C)C,1,IC50,8.4,2,CHEMBL5819277
C=CC(=O)Nc1cc(Nc2ncc(Cl)c(-c3cnc4c(ccn4C(C)C)c3)n2)c(OC)cc1N(C)CCN(C)C,1,IC50,8.7,2,CHEMBL5766528
C=CC(=O)Nc1cc(Nc2ncc(Cl)c(-c3cnc4c(ccn4C4CC4)c3)n2)c(OC)cc1N(C)CCN(C)C,1,IC50,8.7,2,CHEMBL5748865
CCN(c1ccc2ncnc(NCC(C)(C)C)c2c1)C(c1ccc(F)cc1)c1cn(C2CC2)nn1,1,IC50,6.56,1,CHEMBL5836601
COc1ccccc1C(=O)NCc1ccc(-c2nn([C@H]3CC[C@@H](O)CC3)c3ncnc(N)c23)cc1,1,IC50,6.26,2,CHEMBL5939106
COc1ccccc1C(=O)NCc1ccc(-c2nn(CC(C)C)c3ncnc(N)c23)cc1,1,IC50,6.26,1,CHEMBL5784892
C=CC(=O)Nc1cccc(Oc2nc(Nc3cccc(OCCN4CCCC4=O)c3)ncc2F)c1,1,IC50,7.26,1,CHEMBL5959718
C=CC(=O)N1CCOc2ccc(Nc3nc(Nc4ccc(OC)nc4)ncc3C(C)=O)cc21,1,IC50,7.26,2,CHEMBL5887560
C=CC(=O)N1CCCC(Oc2nc(Nc3ccc(OC)nc3)ncc2F)C1,1,IC50,6.26,1,CHEMBL6033743
C=CC(=O)Nc1cccc(Nc2nc(Nc3ccc(OC)nc3)ncc2OC)c1,1,IC50,7.26,2,CHEMBL5946210
C=CC(=O)N1CCC[C@H](Nc2nc(Nc3ccc(OC)nc3)ncc2F)C1,1,IC50,6.26,1,CHEMBL5831631
C=CC(=O)Nc1cccc(Nc2nc(Nc3ccc(OCCOC)c(OCCOC)c3)ncc2F)c1,1,IC50,7.26,2,CHEMBL5964110
C=CC(=O)Nc1cccc(Nc2ncc(F)c(Nc3ccc(O[C@H]4CCOC4)cc3)n2)c1,1,IC50,7.26,2,CHEMBL5983473
C=CC(=O)Nc1cccc(Nc2nc(Nc3ccc(Cl)c(O[C@@H](C)COC(=O)[C@@H](N)C(C)C)c3)ncc2F)c1,1,IC50,6.26,1,CHEMBL5845905
C=CC(=O)Nc1cccc(Nc2nc(Nc3ccc(OCCOCCN=[N+]=[N-])cc3)ncc2F)c1,1,IC50,7.26,2,CHEMBL6037302
C=CC(=O)Nc1cccc(Nc2nc(Nc3ccc(O[C@H](C)CO)c(F)c3)ncc2F)c1,1,IC50,7.26,2,CHEMBL5809369
C=CC(=O)Nc1cccc(Nc2nc(Nc3ccc(O[C@@H](C)CO)c(F)c3)ncc2F)c1,1,IC50,7.26,2,CHEMBL5922408
C=CC(=O)Nc1cccc(Nc2nc(Nc3ccc(OCCN=[N+]=[N-])cc3)ncc2F)c1,1,IC50,7.26,2,CHEMBL5854828
C=CC(=O)Nc1cccc(Nc2nc(Nc3ccc(O[C@@H](C)COC(=O)[C@@H](N)C(C)C)c(F)c3)ncc2F)c1,1,IC50,7.26,2,CHEMBL5769228
COCCOc1ccc(Nc2ncc(F)c(Nc3ccc(CC(=O)C=C4CCC4)cc3)n2)cc1F,1,IC50,7.26,2,CHEMBL5856323
C=CC(=O)Nc1cccc(Nc2nc(Nc3ccc(OCCOCCOCCN=[N+]=[N-])cc3)ncc2F)c1,1,IC50,6.26,1,CHEMBL5943719
C=CC(=O)Nc1cccc(Nc2ncc(F)c(Nc3cccc(OCCN4CCOCC4)c3)n2)c1,1,IC50,6.26,1,CHEMBL6028388
CCOc1cccc(Oc2ccc(C(O)c3cncc(F)c3Cl)cc2)c1F,1,IC50,6.26,1,CHEMBL5920179
COc1cccc(Oc2ccc(-c3nn([C@@H]4CCCNC4)c4c(OC)cncc34)cc2)c1F,1,IC50,6.26,1,CHEMBL6032663
C=CC(=O)N1CC[C@@H](n2nc(-c3ccc(Oc4ccccc4)cc3)c3cnccc32)C1,1,IC50,6.26,1,CHEMBL5789996
C=CC(=O)N1CCC[C@@H](n2nc(-c3ccc(Oc4cccc(OC)c4F)cc3)c3cncc(OC)c32)C1,1,IC50,6.26,1,CHEMBL4215275
C=CC(=O)N1CCCC(n2nc(-c3ccc(Oc4ccc(Cl)cc4)cc3)c(C(N)=O)c2N)C1,1,IC50,8.1,1,CHEMBL5781756
NC(=O)c1c(-c2ccc(Oc3ccc(F)cc3F)cc2)nn([C@@H]2CCCN(C(=O)/C=C/CO)C2)c1N,0,IC50,4.92,1,CHEMBL4440096
C=CC(=O)N1CCC[C@@H](n2nc(-c3ccc(Oc4ncc(Cl)cc4F)cc3)c(C(N)=O)c2N)C1,1,IC50,8.54,1,CHEMBL5926524
NC(=O)c1c(-c2ccc(Oc3ncc(Cl)cc3F)cc2)nn([C@@H]2CCCN(C(=O)/C=C/C(F)F)C2)c1N,1,IC50,6.97,1,CHEMBL5895064
NC(=O)c1c(-c2ccc(Oc3ncc(Cl)cc3F)cc2)nn([C@@H]2CCCN(C(=O)/C=C/CF)C2)c1N,1,IC50,6.42,1,CHEMBL5887361
C=CC(=O)N1CCC[C@@H](n2nc(-c3ccc(Oc4ccc(Cl)cn4)cc3)c(C(N)=O)c2N)C1,1,IC50,7.53,1,CHEMBL5903044
NC(=O)c1c(-c2ccc(Oc3ccc(Cl)cn3)cc2)nn([C@@H]2CCCN(C(=O)/C=C/C(F)F)C2)c1N,1,IC50,6.51,1,CHEMBL5853497
CC#CC(=O)NCCCC(=O)c1nc(-c2ccc(C(=O)Nc3ccccn3)cc2)c2c(N)nccn12,0,IC50 (>),5.0,1,CHEMBL5806639
CC#CC(=O)N1CCC[C@H]1c1nc(-c2ccc(OCc3ccccc3)cc2)c2c(N)nccn12,0,IC50 (>),5.0,1,CHEMBL5745281
C=CC(=O)N1CCC[C@@H](c2nc(-c3ccc(Oc4cccc(OC)c4F)cc3)c3cnccn23)C1,1,IC50,6.26,2,CHEMBL5966417
CC#CC(=O)N1CCCC[C@H]1c1nc(-c2ccc(Oc3cccc(OC)c3F)cc2)c2c(C)nccn12,1,IC50,6.26,1,CHEMBL6062944
C=CC(=O)N1CCCC[C@H]1c1nc(-c2ccc(Oc3cccc(OC)c3F)cc2)c2c(C)nccn12,1,IC50,6.26,2,CHEMBL5922580
O=C1CCC(N2C(=O)c3cccc(NCCOCCOCCOCCN4CCN(Cc5ccc(-c6cc7c(NCc8ccccc8Cl)ncnc7[nH]6)cc5)CC4)c3C2=O)C(=O)N1,1,IC50,8.54,4,CHEMBL6037318
O=C1CCC(N2C(=O)c3cccc(NCCOCCOCCOCCOCCN4CCN(Cc5ccc(-c6cc7c(NCc8ccccc8Cl)ncnc7[nH]6)cc5)CC4)c3C2=O)C(=O)N1,1,IC50,9.0,4,CHEMBL5789149
O=C1CCC(N2C(=O)c3cccc(NCCOCCOCCOCCOCCOCCN4CCN(Cc5ccc(-c6cc7c(NCc8ccccc8Cl)ncnc7[nH]6)cc5)CC4)c3C2=O)C(=O)N1,1,IC50,8.77,4,CHEMBL5944645
O=C1CCC(N2C(=O)c3cccc(NCCOCCOCCN4CCN(Cc5ccc(-c6cc7c(NCc8ccccc8Cl)ncnc7[nH]6)cc5)CC4)c3C2=O)C(=O)N1,1,IC50,8.72,4,CHEMBL5759210
O=C1CCC(N2C(=O)c3cccc(NCCOCCOCCOCCOc4ccc(-c5cc6c(NCc7ccccc7Cl)ncnc6[nH]5)cc4)c3C2=O)C(=O)N1,0,IC50,4.8,2,CHEMBL5792219
O=C1CCC(N2C(=O)c3cccc(NCCOCCOCCOc4ccc(-c5cc6c(NCc7ccccc7Cl)ncnc6[nH]5)cc4)c3C2=O)C(=O)N1,1,IC50,7.08,3,CHEMBL6043242
O=C1CCC(N2C(=O)c3ccc(OCCOCCOCCN4CCN(Cc5ccc(-c6cc7c(NCc8ccccc8Cl)ncnc7[nH]6)cc5)CC4)cc3C2=O)C(=O)N1,1,IC50,6.72,2,CHEMBL5829312
COc1cc2ncnc(Nc3ccc(F)c(Cl)c3)c2cc1NC(=O)/C=C/CN(C)CCCOCCCOCC(=O)N[C@H](C(=O)N1CC(O)C[C@@H]1C(=O)NCc1ccc(-c2scnc2C)cc1)C(C)(C)C,1,IC50,8.33,2,CHEMBL5980554
Cc1ncsc1-c1ccc(CNC(=O)[C@@H]2C[C@@H](O)CN2C(=O)[C@@H](NC(=O)CCCCCOCCCCOCCCCOc2cc3ncnc(Nc4ccc(F)c(Cl)c4)c3cc2NC(=O)/C=C/CN(C)C)C(C)(C)C)cc1,1,IC50,7.96,2,CHEMBL5199166
COC1CCN(c2nccc(Nc3cc4c(cn3)nc(COCCOCCOCCOc3ccc5c(c3)C(=O)N(C3CCC(=O)NC3=O)C5=O)n4C(C)C)n2)CC1,0,IC50,4.96,6,CHEMBL5862480
COC1CCN(c2nccc(Nc3cc4c(cn3)nc(COCCON3CCN(c5ccc6c(c5)C(=O)N(C5CCC(=O)NC5=O)C6=O)CC3)n4C(C)C)n2)CC1,0,IC50,4.66,4,CHEMBL5774764
COC1CCN(c2nccc(Nc3cc4c(cn3)nc(COCCOCCOCC(=O)N[C@H](C(=O)N3C[C@@H](O)C[C@@H]3C(=O)N[C@@H](C)c3ccc(-c5scnc5C)cc3)C(C)(C)C)n4C(C)C)n2)CC1,0,IC50,4.96,3,CHEMBL5792559
COC1CCN(c2nccc(Nc3cc4c(cn3)nc(COCCOCCON3CCN(c5ccc6c(c5)C(=O)N(C5CCC(=O)NC5=O)C6=O)CC3)n4C(C)C)n2)CC1,0,IC50 (>),4.52,3,CHEMBL6040478
COC1CCN(c2nccc(Nc3cc4c(cn3)nc(COCCOCCOCCOCCON3CCN(c5ccc6c(c5)C(=O)N(C5CCC(=O)NC5=O)C6=O)CC3)n4C(C)C)n2)CC1,0,IC50 (>),4.52,4,CHEMBL6008183
COC1CCN(c2nccc(Nc3cc4c(cn3)nc(COCCOCC(=O)N[C@H](C(=O)N3C[C@@H](O)C[C@@H]3C(=O)N[C@@H](C)c3ccc(-c5scnc5C)cc3)C(C)(C)C)n4C(C)C)n2)CC1,0,IC50,4.92,2,CHEMBL5991404
COC1(CCN2CCN(c3ccc4c(c3)C(=O)N(C3CCC(=O)NC3=O)C4=O)CC2)CCN(c2nccc(Nc3cc4c(cn3)nc(C)n4C(C)C)n2)CC1,1,IC50,7.6,2,CHEMBL6007655
COC1CCN(c2nccc(Nc3cc4c(cn3)nc(COCCOCCOCCOCC(=O)N[C@H](C(=O)N3C[C@@H](O)C[C@@H]3C(=O)N[C@@H](C)c3ccc(-c5scnc5C)cc3)C(C)(C)C)n4C(C)C)n2)CC1,0,IC50,4.54,3,CHEMBL5873242
Cc1ncsc1-c1ccc([C@H](C)NC(=O)[C@@H]2C[C@@H](O)CN2C(=O)[C@@H](NC(=O)CN2CCN(CCCC#Cc3cccc4c3C(=O)N(C(C(=O)Nc3nccs3)c3cc(F)ccc3O)C4)CC2)C(C)(C)C)cc1,0,IC50,4.89,1,CHEMBL5932725
COC1CCN(c2nccc(Nc3cc4c(cn3)nc(COCCOCCOCCOCCOCC(=O)N[C@H](C(=O)N3C[C@H](O)C[C@H]3C(=O)N[C@@H](C)c3ccc(-c5scnc5C)cc3)C(C)(C)C)n4C(C)C)n2)CC1,0,IC50 (>),4.52,1,CHEMBL5804962
O=C1CCC(N2C(=O)c3ccc(NCCOCCOCC#Cc4cccc5c4C(=O)N(C(C(=O)Nc4nccs4)c4cc(F)ccc4O)C5)cc3C2=O)C(=O)N1,0,IC50 (>),4.52,1,CHEMBL5795202
Cc1ncsc1-c1ccc([C@H](C)NC(=O)[C@H]2C[C@H](O)CN2C(=O)[C@@H](NC(=O)COCCOCCOCC#Cc2cccc3c2C(=O)N(C(C(=O)Nc2nccs2)c2cc(F)ccc2O)C3)C(C)(C)C)cc1,1,IC50,6.57,2,CHEMBL5988212
COC1CCN(c2nccc(Nc3cc4c(cn3)nc(COCCCN3CCN(CCCOCC(=O)N[C@H](C(=O)N5C[C@H](O)C[C@H]5C(=O)N[C@@H](C)c5ccc(-c6scnc6C)cc5)C(C)(C)C)CC3)n4C(C)C)n2)CC1,0,IC50,4.8,3,CHEMBL5929944
COC1CCN(c2nccc(Nc3cc4c(cn3)nc(COCCN3CCN(CCOCC(=O)N[C@H](C(=O)N5C[C@H](O)C[C@H]5C(=O)N[C@@H](C)c5ccc(-c6scnc6C)cc5)C(C)(C)C)CC3)n4C(C)C)n2)CC1,0,IC50,4.92,3,CHEMBL5863747
COC1CCN(c2nccc(Nc3cc4c(cn3)nc(COCCOCCN3CCN(CCCCc5ccc6c(c5)C(=O)N(C5CCC(=O)NC5=O)C6=O)CC3)n4C(C)C)n2)CC1,0,IC50,4.85,3,CHEMBL5980088
COC1CCN(c2nccc(Nc3cc4c(cn3)nc(COCCOCCN3CCN(CCOc5ccc6c(c5)C(=O)N(C5CCC(=O)NC5=O)C6=O)CC3)n4C(C)C)n2)CC1,0,IC50,4.96,2,CHEMBL5997059
Cc1ncsc1-c1ccc([C@H](C)NC(=O)[C@H]2C[C@H](O)CN2C(=O)[C@@H](NC(=O)CN2CCN(CCCOCC#Cc3cccc4c3C(=O)N(C(C(=O)Nc3nccs3)c3cc(F)ccc3O)C4)CC2)C(C)(C)C)cc1,1,IC50,6.16,2,CHEMBL6048009
Cc1ncsc1-c1ccc([C@H](C)NC(=O)[C@H]2C[C@H](O)CN2C(=O)[C@@H](NC(=O)COCCN2CCN(CCCC#Cc3cccc4c3C(=O)N(C(C(=O)Nc3nccs3)c3cc(F)ccc3O)C4)CC2)C(C)(C)C)cc1,1,IC50,6.18,1,CHEMBL5858289
Cc1ncsc1-c1ccc(CNC(=O)[C@@H]2C[C@@H](O)CN2C(=O)[C@@H](NC(=O)COCCOCCOc2ccc(-c3ccc4ncnc(Nc5ccc(OCc6cccc(F)c6)c(Cl)c5)c4c3)cc2)C(C)(C)C)cc1,0,IC50 (>),4.52,3,CHEMBL5194790
O=C1CCC(N2C(=O)c3ccc(OCCN4CCN(Cc5ccc(C6Cc7c(NCc8ccccc8Cl)ncnc7N6)cc5)CC4)cc3C2=O)C(=O)N1,1,IC50,7.92,2,CHEMBL5740251
Cc1ncsc1-c1ccc(CNC(=O)[C@@H]2C[C@@H](O)CN2C(=O)[C@H](C(C)C)N2Cc3ccccc3C2=O)c(OCCN2CCN(Cc3ccc(-c4cc5c(NCc6ccccc6Cl)ncnc5[nH]4)cc3)CC2)c1,1,IC50,6.33,1,CHEMBL6052743
Cc1ncsc1-c1ccc(CNC(=O)[C@@H]2C[C@@H](O)CN2C(=O)[C@H](C(C)C)N2Cc3ccccc3C2=O)c(OCCOCCN2CCN(Cc3ccc(-c4cc5c(NCc6ccccc6Cl)ncnc5[nH]4)cc3)CC2)c1,1,IC50,6.85,2,CHEMBL6009455
Cc1ncsc1-c1ccc(CNC(=O)[C@@H]2C[C@@H](O)CN2C(=O)[C@H](C(C)C)N2Cc3ccccc3C2=O)c(OCCOCCOCCN2CCN(Cc3ccc(-c4cc5c(NCc6ccccc6Cl)ncnc5[nH]4)cc3)CC2)c1,1,IC50,6.11,2,CHEMBL5877593
Cc1ncsc1-c1ccc(CNC(=O)[C@@H]2C[C@@H](O)CN2C(=O)[C@H](C(C)C)N2Cc3ccccc3C2=O)c(OCCOCCOCCOCCN2CCN(Cc3ccc(-c4cc5c(NCc6ccccc6Cl)ncnc5[nH]4)cc3)CC2)c1,1,IC50,6.75,2,CHEMBL6039443
Cc1ncsc1-c1ccc(CNC(=O)[C@@H]2C[C@@H](O)CN2C(=O)[C@@H](NC(=O)COCCOCCOCCOCC#Cc2cccc3c2C(=O)N(C(C(=O)Nc2nccs2)c2cc(F)ccc2O)C3)C(C)(C)C)cc1,1,IC50,7.0,2,CHEMBL5971019
Cc1ncsc1-c1ccc(CNC(=O)[C@@H]2C[C@@H](O)CN2C(=O)[C@@H](NC(=O)COCCOCCOCCOCCOCC#Cc2cccc3c2C(=O)N(C(C(=O)Nc2nccs2)c2cc(F)ccc2O)C3)C(C)(C)C)cc1,1,IC50,6.85,3,CHEMBL5835722
Cc1ncsc1-c1ccc(CNC(=O)[C@@H]2C[C@@H](O)CN2C(=O)[C@H](C(C)C)N2Cc3ccccc3C2=O)c(OCCOCCOCC#Cc2cccc3c2C(=O)N([C@@H](C(=O)Nc2nccs2)c2cc(F)ccc2O)C3)c1,0,IC50,4.85,3,CHEMBL5832939
Cc1ncsc1-c1ccc(CNC(=O)[C@@H]2C[C@@H](O)CN2C(=O)[C@H](C(C)C)N2Cc3ccccc3C2=O)c(OCCOCCOCCOCCOCC#Cc2cccc3c2C(=O)N([C@@H](C(=O)Nc2nccs2)c2cc(F)ccc2O)C3)c1,1,IC50,6.26,1,CHEMBL5854281
O=C1CCC(N2C(=O)c3ccc(OCCOCCOCC#Cc4cccc5c4C(=O)N([C@@H](C(=O)Nc4nccs4)c4cc(F)ccc4O)C5)cc3C2=O)C(=O)N1,1,IC50,6.75,1,CHEMBL5804483
O=C1CCC(N2C(=O)c3ccc(OCCOCCOCCOCCOCC#Cc4cccc5c4C(=O)N([C@@H](C(=O)Nc4nccs4)c4cc(F)ccc4O)C5)cc3C2=O)C(=O)N1,1,IC50,6.6,2,CHEMBL5744096
O=C1CCC(N2C(=O)c3cccc(NCCOCCOCC#Cc4cccc5c4C(=O)N([C@@H](C(=O)Nc4nccs4)c4cc(F)ccc4O)C5)c3C2=O)C(=O)N1,0,IC50,4.62,2,CHEMBL5933379
O=C1CCC(N2C(=O)c3cccc(NCCOCCOCCOCCOCC#Cc4cccc5c4C(=O)N([C@@H](C(=O)Nc4nccs4)c4cc(F)ccc4O)C5)c3C2=O)C(=O)N1,0,IC50 (>),4.52,2,CHEMBL5923228
O=C1CCC(N2C(=O)c3cccc(NCCOCCOCCOCCOCCOCC#Cc4cccc5c4C(=O)N([C@@H](C(=O)Nc4nccs4)c4cc(F)ccc4O)C5)c3C2=O)C(=O)N1,0,IC50,4.52,3,CHEMBL5967065
Cc1ncsc1-c1ccc([C@H](C)NC(=O)[C@H]2C[C@H](O)CN2C(=O)[C@@H](NC(=O)COCCOCCOCCOCCOCCOCC#Cc2cccc3c2C(=O)N([C@@H](C(=O)Nc2nccs2)c2cc(F)ccc2O)C3)C(C)(C)C)cc1,1,IC50,7.16,3,CHEMBL6023442
Cc1ncsc1-c1ccc([C@H](C)NC(=O)[C@H]2C[C@H](O)CN2C(=O)[C@@H](NC(=O)COCCOCCOc2ccc(-c3nccc(Nc4cc5c(cn4)nc(C)n5C(C)C)n3)cc2)C(C)(C)C)cc1,0,IC50,4.7,4,CHEMBL5843750
Cc1ncsc1-c1ccc(CNC(=O)[C@@H]2C[C@@H](O)CN2C(=O)C(C(C)C)N2Cc3ccccc3C2=O)c(OCCCCOc2ccc(-c3nccc(Nc4cc5c(cn4)nc(C)n5C(C)C)n3)cc2)c1,0,IC50 (>),4.52,4,CHEMBL5811184
Cc1ncsc1-c1ccc([C@H](C)NC(=O)[C@H]2C[C@H](O)CN2C(=O)[C@@H](NC(=O)COCCOCCOCCOc2ccc(-c3nccc(Nc4cc5c(cn4)nc(C)n5C(C)C)n3)cc2)C(C)(C)C)cc1,0,IC50 (>),4.52,4,CHEMBL5810421
Cc1ncsc1-c1ccc([C@H](C)NC(=O)[C@H]2C[C@H](O)CN2C(=O)[C@@H](NC(=O)COCCOCCOCCOCCOc2ccc(-c3nccc(Nc4cc5c(cn4)nc(C)n5C(C)C)n3)cc2)C(C)(C)C)cc1,0,IC50,4.8,4,CHEMBL5997672
Cc1ncsc1-c1ccc([C@H](C)NC(=O)[C@H]2C[C@H](O)CN2C(=O)[C@@H](NC(=O)COCCOCCOCCOCCOCCOc2ccc(-c3nccc(Nc4cc5c(cn4)nc(C)n5C(C)C)n3)cc2)C(C)(C)C)cc1,0,IC50 (>),4.52,4,CHEMBL5910910
Cc1ncsc1-c1ccc(CNC(=O)[C@@H]2C[C@@H](O)CN2C(=O)C(C(C)C)N2Cc3ccccc3C2=O)c(OCCOCCOCCOCCOc2ccc(-c3nccc(Nc4cc5c(cn4)nc(C)n5C(C)C)n3)cc2)c1,0,IC50,4.92,4,CHEMBL5932695
Cc1ncsc1-c1ccc([C@H](C)NC(=O)[C@@H]2C[C@@H](O)CN2C(=O)[C@@H](NC(=O)COCCCOCCCN2CCC3(CC2)CCN(c2nccc(Nc4cc5c(cn4)nc(C)n5C(C)C)n2)CC3)C(C)(C)C)cc1,0,IC50,4.92,4,CHEMBL5764327
O=C1CCC(N2C(=O)c3ccc(OCCOCCOCCOCCCc4cccc5c4C(=O)N(C(C(=O)Nc4nccs4)c4cc(F)ccc4O)C5)cc3C2=O)C(=O)N1,1,IC50,6.09,1,CHEMBL5757114
Cc1ncsc1-c1ccc([C@H](C)NC(=O)[C@H]2C[C@H](O)CN2C(=O)[C@@H](NC(=O)COCCOCCOCCOCCOC2CCN(c3nccc(Nc4cc5c(cn4)nc(C)n5C(C)C)n3)CC2)C(C)(C)C)cc1,0,IC50,4.92,4,CHEMBL5960969
Cc1ncsc1-c1ccc([C@H](C)NC(=O)[C@H]2C[C@H](O)CN2C(=O)[C@@H](NC(=O)COCCCOCCCN2CCOC3(CCN(c4nccc(Nc5cc6c(cn5)nc(C)n6C(C)C)n4)CC3)C2)C(C)(C)C)cc1,0,IC50,4.77,3,CHEMBL5802636
COC1CCN(c2nccc(Nc3cc4c(cn3)nc(-c3ccc(CN5CCN(CCOc6ccc7c(c6)C(=O)N(C6CCC(=O)NC6=O)C7=O)CC5)cc3)n4C(C)C)n2)CC1,1,IC50,6.77,2,CHEMBL5982112
COC1CCN(c2nccc(Nc3cc4c(cn3)nc(COCCN3CCN(c5ccc6c(c5)C(=O)N(C5CCC(=O)NC5=O)C6=O)CC3)n4C(C)(C)C)n2)CC1,1,IC50,7.8,2,CHEMBL5867430
O=C1CCC(N2C(=O)c3ccc(N4CCN(CCCOCCCCNc5cccc6c5C(=O)N(C(C(=O)Nc5nccs5)c5cc(F)ccc5O)C6)CC4)cc3C2=O)C(=O)N1,1,IC50,6.72,1,CHEMBL5759916
O=C1CCC(N2C(=O)c3ccc(N4CCC(CN5CCC(OCC#Cc6cccc7c6C(=O)N(C(C(=O)Nc6nccs6)c6cc(F)ccc6O)C7)CC5)CC4)cc3C2=O)C(=O)N1,1,IC50,6.85,1,CHEMBL5850357
Cc1ncsc1-c1ccc([C@H](C)NC(=O)[C@@H]2C[C@@H](O)CN2C(=O)[C@@H](NC(=O)COCCOCCOCCc2ccc(OC3CCN(c4nccc(Nc5cc6c(cn5)nc(C)n6C(C)C)n4)CC3)cc2)C(C)(C)C)cc1,0,IC50,4.85,3,CHEMBL5798503
COC1(CCN2CCN(CCCOCCCOCC(=O)N[C@H](C(=O)N3C[C@H](O)C[C@H]3C(=O)N[C@@H](C)c3ccc(-c4scnc4C)cc3)C(C)(C)C)CC2)CCN(c2nccc(Nc3cc4c(cn3)nc(C)n4C(C)C)n2)CC1,0,IC50,4.96,3,CHEMBL5800063
O=C1CCC(N2C(=O)c3ccc(N4CCN(CC5CCN(CC#Cc6cccc7c6C(=O)N(C(C(=O)Nc6nccs6)c6cc(F)ccc6O)C7)CC5)CC4)cc3C2=O)C(=O)N1,1,IC50,6.19,1,CHEMBL6007759
O=C1CCC(N2C(=O)c3ccc(N4CCN(CC5CCN(CCCc6cccc7c6C(=O)N(C(C(=O)Nc6nccs6)c6cc(F)ccc6O)C7)CC5)CC4)cc3C2=O)C(=O)N1,1,IC50,6.77,2,CHEMBL5862453
O=C1CCC(N2C(=O)c3ccc(N4CCC(CCCOCCCCCc5cccc6c5C(=O)N(C(C(=O)Nc5nccs5)c5cc(F)ccc5O)C6)CC4)cc3C2=O)C(=O)N1,1,IC50,6.21,1,CHEMBL5967794
O=C1CCC(N2C(=O)c3ccc(N4CCC(CN5CCC(OCCCc6cccc7c6C(=O)N(C(C(=O)Nc6nccs6)c6cc(F)ccc6O)C7)CC5)CC4)cc3C2=O)C(=O)N1,1,IC50,6.51,1,CHEMBL5753614
O=C1CCC(N2C(=O)c3ccc(N4CCC(CN5CCC(OC/C=C/c6cccc7c6C(=O)N(C(C(=O)Nc6nccs6)c6cc(F)ccc6O)C7)CC5)CC4)cc3C2=O)C(=O)N1,1,IC50,6.27,1,CHEMBL6037186
Cc1ncsc1-c1ccc([C@H](C)NC(=O)[C@@H]2C[C@@H](O)CN2C(=O)[C@@H](NC(=O)COCCOCCOCCOCCOCCOCCOCC#Cc2cccc3c2C(=O)N(C(C(=O)Nc2nccs2)c2cc(F)ccc2O)C3)C(C)(C)C)cc1,1,IC50,6.7,2,CHEMBL6060780
O=C1CCC(N2C(=O)c3cccc(NCCOCCOCCOCCOCCOCCOCCCc4cccc5c4C(=O)N(C(C(=O)Nc4nccs4)c4cc(F)ccc4O)C5)c3C2=O)C(=O)N1,0,IC50,4.7,1,CHEMBL5823446
COC1CCN(c2nccc(Nc3cc4c(cn3)nc(COCCN3CCN(c5ccc(OCCCN6CCN(c7ccc8c(c7)C(=O)N(C7CCC(=O)NC7=O)C8=O)CC6)cc5)CC3)n4C(C)C)n2)CC1,1,IC50,7.47,3,CHEMBL6052248
CC(C)n1c(COCCN2CCN(c3ccc(OCCCN4CCN(c5ccc6c(c5)C(=O)N(C5CCC(=O)NC5=O)C6=O)CC4)cc3)CC2)nc2cnc(Nc3ccnc(-c4cnn(S(=O)(=O)C5CC5)c4)n3)cc21,1,IC50,8.89,2,CHEMBL5995787
O=C1CCC(N2C(=O)c3ccc(N4CCN(C5CCN(CCCOCCCCNc6cccc7c6C(=O)N(C(C(=O)Nc6nccs6)c6cc(F)ccc6O)C7)CC5)CC4)cc3C2=O)C(=O)N1,1,IC50,6.75,3,CHEMBL5989746
Cc1ncsc1-c1ccc([C@H](C)NC(=O)[C@@H]2C[C@@H](O)CN2C(=O)[C@@H](NC(=O)COCCOCCCNCC2CN(c3nn(C(C)C)c4cc(Nc5ccnc(-c6cnn(S(=O)(=O)C7CC7)c6)n5)ncc34)C2)C(C)(C)C)cc1,1,IC50,9.57,5,CHEMBL6051409
Cc1ncsc1-c1ccc([C@H](C)NC(=O)[C@@H]2C[C@@H](O)CN2C(=O)[C@@H](NC(=O)CN2CCN(CCOCCOCCOCCOCC#Cc3cccc4c3C(=O)N(C(C(=O)Nc3nccs3)c3cc(F)ccc3O)C4)CC2)C(C)(C)C)cc1,1,IC50,8.14,3,CHEMBL5899723
Cc1ncsc1-c1ccc([C@H](C)NC(=O)[C@@H]2C[C@@H](O)CN2C(=O)[C@@H](NC(=O)COCCOCCOCCN2CCN(CCOCC#Cc3cccc4c3C(=O)N(C(C(=O)Nc3nccs3)c3cc(F)ccc3O)C4)CC2)C(C)(C)C)cc1,1,IC50,7.66,3,CHEMBL5839771
Cc1ncsc1-c1ccc([C@H](C)NC(=O)[C@@H]2C[C@@H](O)CN2C(=O)[C@@H](NC(=O)COCCN2CCN(CCOCCOCCOCC#Cc3cccc4c3C(=O)N(C(C(=O)Nc3nccs3)c3cc(F)ccc3O)C4)CC2)C(C)(C)C)cc1,1,IC50,7.8,3,CHEMBL6012249
CC(C)n1nc(N2CCN(CC3CCN(c4ccc5c(c4)C(=O)N(C4CCC(=O)NC4=O)C5=O)CC3)CC2)c2cnc(Nc3ccnc(-c4cnn(S(=O)(=O)C5CC5)c4)n3)cc21,1,IC50,9.46,5,CHEMBL5984029
CC(C)n1nc(N2CC(CN3CCN(CC4CCN(c5ccc6c(c5)C(=O)N(C5CCC(=O)NC5=O)C6=O)CC4)CC3)C2)c2cnc(Nc3ccnc(-c4cnn(S(=O)(=O)C5CC5)c4)n3)cc21,1,IC50,9.59,8,CHEMBL5965216
CC(C)n1nc(N2CC(CN[C@H]3C[C@H](Oc4ccc5c(c4)C(=O)N(C4CCC(=O)NC4=O)C5=O)C3)C2)c2cnc(Nc3ccnc(-c4cnn(S(=O)(=O)C5CC5)c4)n3)cc21,1,IC50,9.52,5,CHEMBL5755507
COc1ccc(Sc2sc3nc(N)nc(N)c3c2C)cc1OC,0,IC50,4.82,1,CHEMBL5774604
COc1ccccc1Sc1sc2nc(N)nc(N)c2c1C,0,IC50,4.98,1,CHEMBL5812290
COc1cc2ncnc(Nc3ccc(F)c(Cl)c3)c2cc1N1CC2(CCN(C)CC2)OC1=O,1,IC50,7.78,2,CHEMBL5765056
COc1cc2ncnc(Nc3cccc(Cl)c3F)c2cc1N1CC2(CCN(C)CC2)OC1=O,1,IC50,10.7,2,CHEMBL5997498
COc1cc2ncnc(Nc3cccc(Cl)c3OC)c2cc1N1CC2(CCN(C)CC2)OC1=O,1,IC50,7.52,2,CHEMBL5921815
COc1cc2ncnc(Nc3ccc(Cl)c(Cl)c3F)c2cc1N1CC2(CCN(C)CC2)OC1=O,1,IC50,10.15,1,CHEMBL5874605
CN1CCC2(CC1)CN(c1ccc3ncnc(Nc4cccc(Cl)c4F)c3c1)C(=O)O2,1,IC50,10.77,2,CHEMBL5746224
COc1cc2ncnc(Nc3cccc(Cl)c3F)c2cc1N1CC2(CN(C)C2)OC1=O,1,IC50,10.8,2,CHEMBL5790648
COc1cc2ncnc(Nc3cccc(Cl)c3F)c2cc1N1C[C@H](CN(C)C)OC1=O,1,IC50,10.3,1,CHEMBL5915655
COC[C@@H]1CN(c2cc3c(Nc4cccc(Cl)c4F)ncnc3cc2OC)C(=O)O1,1,IC50,10.42,2,CHEMBL5993268
CCN1CC2(C1)CN(c1cc3c(Nc4cccc(Cl)c4F)ncnc3cc1OC)C(=O)O2,1,IC50,10.66,2,CHEMBL5968640
CCCN1CC2(C1)CN(c1cc3c(Nc4cccc(Cl)c4F)ncnc3cc1OC)C(=O)O2,1,IC50,10.68,2,CHEMBL6054692
CC(C)N1CC2(CN(c3ccc4ncnc(Nc5cccc(Cl)c5F)c4c3)C(=O)O2)C1,1,IC50,9.94,2,CHEMBL5786982
Cc1nc(N2CCC3(CC2)CO[C@@H](C)[C@H]3N)c(CO)nc1-c1cccc(Cl)c1Cl,1,IC50,8.1,1,CHEMBL4752026
CC[C@@H](Nc1c(C#N)cnc2c(Cl)cc(N[C@H](C3=CN(C(C)C)NN3)c3cccnc3C)cc12)c1ccccc1,1,IC50,8.7,1,CHEMBL5763901
CC[C@@H](Nc1c(C#N)cnc2c(Cl)cc(N[C@H](C3=CN(C4CC4)NN3)c3ccc(F)nc3F)cc12)c1ccccc1,1,IC50,8.1,1,CHEMBL5986956
CC[C@@H](Nc1c(C#N)cnc2c(Cl)cc(N[C@H](C3=CN(CC4(O)COC4)NN3)c3cccnc3)cc12)c1ccccc1,1,IC50,8.7,1,CHEMBL5914297
CCN1CCC(N2C=C([C@@H](Nc3cc(Cl)c4ncc(C#N)c(Nc5ccc(F)c(Cl)c5)c4c3)c3cc(Cl)sc3Cl)NN2)CC1,1,IC50,8.05,1,CHEMBL5841647
N#Cc1cnc2c(Cl)cc(NC(c3ccncc3)c3ccccn3)cc2c1Nc1ccc(F)c(Cl)c1,1,IC50,6.42,1,CHEMBL5972469
CC(C)N1C=C([C@@H](Nc2cc(Cl)c3ncc(C#N)c(Nc4cnc(F)c(F)c4)c3c2)c2cccnc2)NN1,1,IC50,8.15,1,CHEMBL5908279
CC(C)(C)CNc1c(C#N)cnc2c(C#N)cc(N[C@H](C3=CN(C4CC4)NN3)c3cccc4ncsc34)cc12,1,IC50,9.0,1,CHEMBL5777631
N#Cc1cnc2c(Cl)cc(N[C@H](C3=CNNN3)c3ccc4ncsc4c3)cc2c1Nc1ccc(F)c(Cl)c1,1,IC50,7.68,1,CHEMBL5882388
N#Cc1cnc2c(Cl)cc(NC(C3=CN(C4CC4)NN3)c3ccc(F)nc3)cc2c1N[C@H](CCF)c1ccccc1,1,IC50,8.4,1,CHEMBL5985094
CC(C)N1C=C([C@@H](Nc2cc(Cl)c3ncc(C#N)c(Nc4ccc(F)c(Cl)c4)c3c2)c2cccc3c2CCN3)NN1,1,IC50,7.57,1,CHEMBL5777725
CCN1Cc2cccc([C@H](Nc3cc(Cl)c4ncc(C#N)c(Nc5ccc(F)c(Cl)c5)c4c3)C3=CN(C4CCN(C(C)(C)C)CC4)NN3)c2C1,1,IC50,7.96,1,CHEMBL5999776
CC(C)(C)N1CCC(N2C=C([C@@H](Nc3cc(Cl)c4ncc(C#N)c(Nc5ccc(F)c(Cl)c5)c4c3)c3cccc4c3CN(C3COC3)C4)NN2)CC1,1,IC50,8.15,1,CHEMBL5741973
CC(C)(C)N1CCC(N2C=C([C@@H](Nc3cc(Cl)c4ncc(C#N)c(Nc5ccc(F)c(Cl)c5)c4c3)c3cccc4c3CN(C(=O)CO)C4)NN2)CC1,1,IC50,8.7,1,CHEMBL5907670
CC[C@@H](Nc1c(C#N)cnc2c(Cl)cc(N[C@H](C3=CN(C(F)(F)CO)NN3)c3cccnc3)cc12)c1ccccc1,1,IC50,8.7,1,CHEMBL5755992
CC(C)Oc1ccc([C@H](Nc2cc(Cl)c3ncc(C#N)c(Nc4ccc(F)c(Cl)c4)c3c2)C2=CN(C3CCN(C(C)(C)C)CC3)NN2)cn1,1,IC50,7.28,1,CHEMBL6031178
CC(C)(C)N1CCC(N2C=C([C@@H](Nc3cc(Cl)c4ncc(C#N)c(Nc5ccc(F)c(Cl)c5)c4c3)C3CCOCC3)NN2)CC1,1,IC50,7.55,1,CHEMBL6038037
CC(C)(C)CNc1c(C#N)cnc2c(C#N)cc(N[C@H](C3=CN(C4CC4)NN3)c3cccc4c3C(=O)NC4)cc12,1,IC50,8.7,1,CHEMBL5785047
CCN1CCC(N2C=C(C(Nc3cc(Cl)c4ncc(C#N)c(Nc5ccc(F)c(Cl)c5)c4c3)c3cscn3)NN2)CC1,1,IC50,8.7,1,CHEMBL5983827
CC(C)N1C=C([C@@H](Nc2cc(Cl)c3ncc(C#N)c(Nc4ccc(F)c(Cl)c4)c3c2)c2cncc(C(=O)N3CCCC3)c2)NN1,1,IC50,7.85,1,CHEMBL5807191
CC[C@@H](Nc1c(C#N)cnc2c(C#N)cc(N[C@@H](C3=CN(C)NN3)c3ccc(F)nc3)cc12)c1ccccc1,1,IC50,8.7,1,CHEMBL5772446
CC(C)(C)CNc1c(C#N)cnc2c(C#N)cc(N[C@H](C3=CN(C4CC4)NN3)c3cccc4c3CCN4)cc12,1,IC50,8.4,1,CHEMBL6002527
CC(C)(C)CNc1c(C#N)cnc2c(Br)cc(N[C@H](C3=CN(C4CC4)NN3)c3cccc4c3CCN4)cc12,1,IC50,7.92,1,CHEMBL5966530
CC(C)(C)CNc1c(C#N)cnc2c(Br)cc(N[C@H](C3=CN(C4CC4)NN3)c3cccc4c3SCN4)cc12,1,IC50,8.7,1,CHEMBL5904771
CC(C)(C)CNc1c(C#N)cnc2c(Cl)cc(N[C@H](C3=CN(C4CC4)NN3)c3cccc4c3CN(C3COC3)C4)cc12,1,IC50,8.22,1,CHEMBL5996357
CC(C)(C)CNc1c(C#N)cnc2c(Cl)cc(N[C@H](C3=CN(C4CC4)NN3)c3cccc4c3CNC4)cc12,1,IC50,9.0,3,CHEMBL5924696
CC(C)N1C=C([C@@H](Nc2cc(Cl)c3ncc(C#N)c(Nc4ccc(F)c(Cl)c4)c3c2)c2cccc3c2CNN3C)NN1,1,IC50,7.92,1,CHEMBL5993206
CC(C)N1C=C([C@@H](Nc2cc(Cl)c3ncc(C#N)c(Nc4cnc(F)c(F)c4)c3c2)c2cccc3c2CCN3)NN1,1,IC50,7.77,1,CHEMBL6065436
N#Cc1cnc2c(Cl)cc(N[C@H](C3=CNNN3)c3cccc4c3CCN4)cc2c1Nc1cnc(F)c(F)c1,1,IC50,7.47,1,CHEMBL5742497
N#Cc1cnc2c(Cl)cc(N[C@H](C3=CNNN3)c3cccc4c3CNC4)cc2c1Nc1cnc(F)c(F)c1,1,IC50,8.3,1,CHEMBL5889186
N#Cc1cnc2c(Cl)cc(N[C@H](C3=CN(C4COC4)NN3)c3cccc4c3SCN4)cc2c1Nc1cnc(F)c(F)c1,1,IC50,8.15,1,CHEMBL6007769
N#Cc1cnc2c(Cl)cc(N[C@H](C3=CNNN3)c3cccc4c3SCN4)cc2c1Nc1cnc(F)c(F)c1,1,IC50,7.96,1,CHEMBL5885285
CC(C)N1C=C([C@@H](Nc2cc(Cl)c3ncc(C#N)c(Nc4ccc(F)c(Cl)c4)c3c2)c2cccc3c2CCN(C2COC2)C3)NN1,1,IC50,8.1,1,CHEMBL5972607
CC(C)(C)N1CCC(N2C=C([C@@H](Nc3cc(Cl)c4ncc(C#N)c(Nc5ccc(F)c(Cl)c5)c4c3)c3cccc4c3CCN(C3COC3)C4)NN2)CC1,1,IC50,8.05,1,CHEMBL5810642
CC[C@@H](Nc1c(C#N)cnc2c(Cl)cc(N[C@H](C3=CN(C(C)(C)C)NN3)c3cccc4c3CNC4)cc12)c1ccccc1,1,IC50,8.52,1,CHEMBL5778271
N#Cc1cnc2c(Cl)cc(N[C@H](C3=CNNN3)c3cccc4c3CNC4)cc2c1Nc1ccc(Cl)c(Cl)c1F,1,IC50,7.8,1,CHEMBL6028878
CC(C)N1C=C([C@@H](Nc2cc(Cl)c3ncc(C#N)c(Nc4ccc(F)c(Cl)c4)c3c2)c2cccc3c2C(=O)N(C)C3)NN1,1,IC50,7.6,1,CHEMBL6059063
CN1Cc2cccc([C@H](Nc3cc(Cl)c4ncc(C#N)c(Nc5ccc(F)c(Cl)c5)c4c3)C3=CN(C4CCN(C(C)(C)C)CC4)NN3)c2C1=O,1,IC50,7.96,1,CHEMBL5830978
CC(C)N1C=C([C@@H](Nc2cc(Cl)c3ncc(C#N)c(Nc4ccc(F)c(Cl)c4)c3c2)c2cccc3c2C(=O)NC3)NN1,1,IC50,8.22,1,CHEMBL5937054
CC(C)(C)N1CCC(N2C=C([C@@H](Nc3cc(Cl)c4ncc(C#N)c(Nc5ccc(F)c(Cl)c5)c4c3)c3cccc4c3C(=O)NC4)NN2)CC1,1,IC50,8.1,1,CHEMBL6007835
CC(C)N1C=C([C@@H](Nc2cc(Cl)c3ncc(C#N)c(Nc4ccc(F)c(Cl)c4)c3c2)c2cccc3[nH]cnc23)NN1,1,IC50,6.87,1,CHEMBL5907912
CC(C)(C)N1CCC(N2C=C([C@@H](Nc3cc(Cl)c4ncc(C#N)c(Nc5ccc(F)c(Cl)c5)c4c3)c3cccc4c3NCS4)NN2)CC1,1,IC50,7.48,1,CHEMBL5955416
CC(C)N1C=C([C@@H](Nc2cc(Cl)c3ncc(C#N)c(Nc4ccc(F)c(Cl)c4)c3c2)c2cccc3c2CN(C2COC2)C3)NN1,1,IC50,8.05,1,CHEMBL5885084
CC(C)N1C=C([C@@H](Nc2cc(Cl)c3ncc(C#N)c(Nc4ccc(F)c(Cl)c4)c3c2)c2cccc3c2CN(C(=O)CO)C3)NN1,1,IC50,8.7,1,CHEMBL5873071
N#Cc1cnc2c(Cl)cc(N[C@H](C3=CNNN3)c3cccc4c3CN(C(=O)CO)C4)cc2c1Nc1ccc(F)c(Cl)c1,1,IC50,8.52,1,CHEMBL5903081
N#Cc1cnc2c(Cl)cc(N[C@H](C3=CNNN3)c3cccc4c3CN(C3COC3)C4)cc2c1Nc1ccc(F)c(Cl)c1,1,IC50,7.6,1,CHEMBL6004905
CC(C)N1C=C([C@@H](Nc2cc(Cl)c3ncc(C#N)c(Nc4ccc(F)c(Cl)c4)c3c2)c2cccc3c2CNC3)NN1,1,IC50,8.7,1,CHEMBL5963322
CCN1CCc2ccc([C@H](Nc3cc(Cl)c4ncc(C#N)c(Nc5ccc(F)c(Cl)c5)c4c3)C3=CN(C(C)C)NN3)cc2C1,1,IC50,6.93,1,CHEMBL5832640
CC(C)N1C=C([C@@H](Nc2cc(Cl)c3ncc(C#N)c(Nc4ccc(F)c(Cl)c4)c3c2)c2ccc3c(c2)CNCC3)NN1,1,IC50,7.16,1,CHEMBL6001160
CC(C)(C)N1CCC(N2C=C([C@@H](Nc3cc(Cl)c4ncc(C#N)c(Nc5ccc(F)c(Cl)c5)c4c3)c3ccc4c(c3)NCC4)NN2)CC1,1,IC50,7.26,1,CHEMBL5785692
CC(C)(C)N1CCC(N2C=C([C@@H](Nc3cc(Cl)c4ncc(C#N)c(Nc5ccc(F)c(Cl)c5)c4c3)c3cccc4c3SCN4)NN2)CC1,1,IC50,8.4,1,CHEMBL5846022
CCN1Cc2ccc([C@H](Nc3cc(Cl)c4ncc(C#N)c(Nc5ccc(F)c(Cl)c5)c4c3)C3=CNNN3)cc2C1,1,IC50,7.09,1,CHEMBL6020599
CCN1Cc2cccc([C@H](Nc3cc(Cl)c4ncc(C#N)c(Nc5ccc(F)c(Cl)c5)c4c3)C3=CNNN3)c2C1,1,IC50,7.96,1,CHEMBL5880248
N#Cc1cnc2c(Cl)cc(N[C@H](C3=CNNN3)c3ccc4c(c3)CNC4)cc2c1Nc1ccc(F)c(Cl)c1,1,IC50,7.24,1,CHEMBL6030662
N#Cc1cnc2c(Cl)cc(N[C@H](C3=CNNN3)c3cccc4c3CNC4)cc2c1Nc1ccc(F)c(Cl)c1,1,IC50,8.22,1,CHEMBL5881330
CC(C)(C)N1CCC(N2C=C([C@@H](Nc3cc(Cl)c4ncc(C#N)c(Nc5ccc(F)c(Cl)c5)c4c3)c3ccc4c(c3)CNC4)NN2)CC1,1,IC50,7.22,2,CHEMBL6020683
CCN1Cc2ccc([C@H](Nc3cc(Cl)c4ncc(C#N)c(Nc5ccc(F)c(Cl)c5)c4c3)C3=CN(C4CCN(C(C)(C)C)CC4)NN3)cc2C1,1,IC50,8.7,2,CHEMBL5792679
CC(C)(C)N1CCC(N2C=C([C@@H](Nc3cc(Cl)c4ncc(C#N)c(Nc5ccc(F)c(Cl)c5)c4c3)c3cccc4c3CNC4)NN2)CC1,1,IC50,8.7,2,CHEMBL5879075
CC(C)(C)N1CCC(N2C=C([C@@H](Nc3cc(Cl)c4ncc(C#N)c(Nc5ccc(F)c(Cl)c5)c4c3)c3cccc4c3CCN4)NN2)CC1,1,IC50,8.7,2,CHEMBL5990188
CC(C)N1C=C([C@@H](Nc2cc(Cl)c3ncc(C#N)c(Nc4ccc(F)c(Cl)c4)c3c2)c2ccc3ncsc3c2)NN1,1,IC50,7.96,1,CHEMBL5981434
CC(C)(C)N1CCC(N2C=C([C@@H](Nc3cc(Cl)c4ncc(C#N)c(Nc5ccc(F)c(Cl)c5)c4c3)c3ccc4scnc4c3)NN2)CC1,1,IC50,8.7,2,CHEMBL5827666
CC(C)(C)N1CCC(N2C=C([C@@H](Nc3cc(Cl)c4ncc(C#N)c(Nc5ccc(F)c(Cl)c5)c4c3)c3ccc4ncsc4c3)NN2)CC1,1,IC50,8.3,2,CHEMBL5916404
CC(C)(C)N1CCC(N2C=C([C@@H](Nc3cc(Cl)c4ncc(C#N)c(Nc5ccc(F)c(Cl)c5)c4c3)c3ccc4sccc4c3)NN2)CC1,1,IC50,8.0,2,CHEMBL5780557
CCN1CCC(N2C=C([C@@H](Nc3cc(Cl)c4ncc(C#N)c(Nc5ccc(F)c(Cl)c5)c4c3)c3ccc4cccnc4c3)NN2)CC1,1,IC50,8.3,2,CHEMBL5778571
CC(C)(C)CNc1c(C#N)cnc2c(C#N)cc(N[C@H](C3=CN(C4(C(F)(F)F)CC4)NN3)c3cccc4ncsc34)cc12,1,IC50,8.52,2,CHEMBL5763277
CC(C)(C)CNc1c(C#N)cnc2c(C#N)cc(N[C@H](C3=CN(C4(C#N)CC4)NN3)c3cccc4ncsc34)cc12,1,IC50,9.0,2,CHEMBL5853577
N#CCC[C@@H](Nc1c(C#N)cnc2c(Cl)cc(N[C@H](C3=CN(C4CC4)NN3)c3cccc4c3CNC4)cc12)c1ccccc1,1,IC50,9.0,2,CHEMBL5883991
N#CCC[C@@H](Nc1c(C#N)cnc2c(Cl)cc(N[C@H](C3=CN(C4CC4)NN3)c3cccc4ncsc34)cc12)c1ccccc1,1,IC50,8.7,2,CHEMBL5940893
CC(C)(C)CNc1c(C#N)cnc2c(Br)cc(N[C@H](C3=CN(C4CC4)NN3)c3cccc4nc(N)sc34)cc12,1,IC50,8.3,2,CHEMBL5809860
N#CCC[C@@H](Nc1c(C#N)cnc2c(Cl)cc(N[C@](O)(C3=CN(C4CC4)NN3)c3cccnc3F)cc12)c1ccccc1,1,IC50,8.7,1,CHEMBL6039752
Cc1nc(F)ccc1[C@](O)(Nc1cc(Cl)c2ncc(C#N)c(N[C@H](CCC#N)c3ccccc3)c2c1)C1=CN(C2CC2)NN1,1,IC50,9.0,2,CHEMBL6003270
N#CCC[C@@H](Nc1c(C#N)cnc2c(Cl)cc(N[C@](O)(C3=CN(C4CC4)NN3)c3cccnc3Cl)cc12)c1ccccc1,1,IC50,8.7,2,CHEMBL5824924
Cc1ncccc1[C@H](Nc1cc(Cl)c2ncc(C#N)c(N[C@H](CCC#N)c3ccccc3)c2c1)C1=CN(C2CC2)NN1,1,IC50,9.0,2,CHEMBL5871844
N#CCC[C@@H](Nc1c(C#N)cnc2c(Cl)cc(N[C@H](C3=CN(C4CC4)NN3)c3cccnc3)cc12)c1ccccc1,1,IC50,8.7,2,CHEMBL5796361
CC(C)(C)CNc1c(C#N)cnc2c(C#N)cc(N[C@H](C3=CN(C4CC4)NN3)c3cccc4c3CNC4=O)cc12,1,IC50,9.0,2,CHEMBL5876875
CN1Cc2cccc([C@H](Nc3cc(C#N)c4ncc(C#N)c(NCC(C)(C)C)c4c3)C3=CN(C4CC4)NN3)c2C1=O,1,IC50,8.52,2,CHEMBL5886724
CC(C)(C)CNc1c(C#N)cnc2c(Br)cc(N[C@H](C3=CN(C4CC4)NN3)c3cccc4c3C(=O)NC4)cc12,1,IC50,8.52,2,CHEMBL5873442
CC(C)(C)CNc1c(C#N)cnc2c(Cl)cc(NC(C3=CN(C4CC4)NN3)c3csc4c3CCN(C3COC3)C4)cc12,1,IC50,9.0,6,CHEMBL5805378
N#CCCC(Nc1c(C#N)cnc2c(Cl)cc(N[C@H](C3=CN(C4C5CN(C6COC6)CC54)NN3)c3csc4c3CCN(C3COC3)C4)cc12)c1ccccc1,1,IC50,8.7,2,CHEMBL5814794
N#CCCC(Nc1c(C#N)cnc2c(Cl)cc(N[C@@H](C3=CN(C4CC4)NN3)c3csc4c3CCN(C3COC3)C4)cc12)c1ccccc1,1,IC50,8.4,2,CHEMBL5779576
N#CCC[C@@H](Nc1c(C#N)cnc2c(Cl)cc(N[C@H](C3=CN(C4CC4)NN3)c3csc4c3CCN(C3COC3)C4)cc12)c1ccccc1,1,IC50,9.0,2,CHEMBL5812367
CC(C)(C)CNc1c(C#N)cnc2c(Cl)cc(N[C@@H](C3=CN(CC(=O)O)NN3)c3ccc(F)nc3)cc12,1,IC50,8.4,2,CHEMBL5942555
N#CCC[C@@H](Nc1c(C#N)cnc2c(Cl)cc(N[C@@H](C3=CN(C4CC4)NN3)c3ccc(F)nc3)cc12)c1ccccc1,1,IC50,8.7,2,CHEMBL5786339
N#CCC[C@H](Nc1c(C#N)cnc2c(Cl)cc(N[C@@H](C3=CN(C4CC4)NN3)c3ccc(F)nc3)cc12)c1ccccc1,1,IC50,8.0,2,CHEMBL5901440
N#CCC[C@@H](Nc1c(C#N)cnc2c(Cl)cc(NC(C3=CN(C4CC4)NN3)c3ccc(F)nc3)cc12)c1ccccc1,1,IC50,8.52,2,CHEMBL5885640
N#CCCC(Nc1c(C#N)cnc2c(Cl)cc(N[C@H](C3=CN(C4CC4)NN3)c3csc4c3CCN(C3COC3)C4)cc12)c1ccccc1,1,IC50,9.0,2,CHEMBL5817731
CC1(C)COCCC1Nc1c(C#N)cnc2c(Cl)cc(N[C@@H](C3=CN(C4CC4)NN3)c3ccc(F)nc3)cc12,1,IC50,8.7,2,CHEMBL5887910
N#CCCC(Nc1c(C#N)cnc2c(Cl)cc(NC(c3ccc(F)nc3)c3cn(C4CC4)nn3)cc12)c1ccccc1,1,IC50,8.7,2,CHEMBL6018511
COc1c(Cl)cccc1Nc1c(C#N)cnc2c(Cl)cc(N[C@@H](C3=CN(C4CC4)NN3)c3ccc(F)nc3)cc12,1,IC50,8.7,2,CHEMBL5876724
N#Cc1cnc2c(Cl)cc(N[C@@H](C3=CN(C4CC4)NN3)c3ccc(F)nc3)cc2c1NC1C2CC3CC(C2)CC1C3,1,IC50,8.7,2,CHEMBL5922274
COc1ccc(Nc2c(C#N)cnc3c(Cl)cc(N[C@@H](C4=CN(C5CC5)NN4)c4ccc(F)nc4)cc23)cc1Cl,1,IC50,8.4,2,CHEMBL5846978
CC[C@@H](Nc1c(C#N)cnc2c(OC)cc(N[C@@H](C3=CN(C4CC4)NN3)c3ccc(F)nc3)cc12)c1ccccc1,1,IC50,8.0,2,CHEMBL5740900
COc1cc(N[C@@H](C2=CN(C3CC3)NN2)c2ccc(F)nc2)cc2c(NCC(C)(C)C)c(C#N)cnc12,1,IC50,7.92,2,CHEMBL5998332
CN1C=C([C@H](Nc2cc(C#N)c3ncc(C#N)c(NCC(C)(C)C)c3c2)c2ccc(F)nc2)NN1,1,IC50,8.52,2,CHEMBL5747597
N#CC[C@@H](Nc1c(C#N)cnc2c(C#N)cc(N[C@@H](C3=CN(C4CC4)NN3)c3ccc(F)nc3)cc12)c1ccccc1,1,IC50,8.52,2,CHEMBL5867757
CC[C@@H](Nc1c(C#N)cnc2c(Cl)cc(NC(C3=CN(C4CC4)NN3)c3scnc3C)cc12)c1ccccc1,1,IC50,8.4,2,CHEMBL5939261
Cc1ncsc1C(Nc1cc(Cl)c2ncc(C#N)c(NCC(C)(C)C)c2c1)C1=CN(C2CC2)NN1,1,IC50,8.52,2,CHEMBL5870511
CC(C)(C)CNc1c(C#N)cnc2c(Cl)cc(NC(C3=CN(C4CC4)NN3)c3ccc(F)nc3F)cc12,1,IC50,8.52,2,CHEMBL5850886
CC(C)(C)CNc1c(C#N)cnc2c(Cl)cc(N[C@@H](C3=CN(C4CC4)NN3)c3cccnc3F)cc12,1,IC50,9.0,2,CHEMBL5761989
CC[C@@H](Nc1c(C#N)cnc2c(Cl)cc(N[C@@H](C3=CN(C4CC4)NN3)c3cccnc3F)cc12)c1ccccc1,1,IC50,8.52,2,CHEMBL5758455
CC[C@@H](Nc1c(C#N)cnc2c(Cl)cc(N[C@@H](C3=CN(C4CC4)NN3)c3ccc(F)nc3)cc12)c1ccccc1,1,IC50,8.7,2,CHEMBL5916523
N#CCC[C@H](Nc1c(C#N)cnc2c(Cl)cc(NC(C3=CN(C4CC4)NN3)c3ccc(F)nc3)cc12)c1ccccc1,1,IC50,7.82,1,CHEMBL5747445
CC(C)N1C=C([C@@H](Nc2cc(Cl)c3ncc(C#N)c(Nc4ccc(F)c(Cl)c4)c3c2)c2cccn3nccc23)NN1,1,IC50,8.3,1,CHEMBL5918532
CC[C@@H](Nc1c(C#N)cnc2c(Cl)cc(N[C@@H](C3=CN(C4CC4)NN3)c3cccnc3)cc12)c1ccccc1,1,IC50,8.7,1,CHEMBL5837504
N#Cc1cnc2c(Cl)cc(N[C@H](C3=CN(c4ccccc4)NN3)c3cccnc3)cc2c1Nc1cnc(F)c(F)c1,1,IC50,7.96,1,CHEMBL5889231
N#Cc1cnc2c(Cl)cc(N[C@H](C3=CNNN3)c3cccnc3Cl)cc2c1Nc1cnc(F)c(F)c1,1,IC50,7.92,1,CHEMBL6050339
N#Cc1cnc2c(Cl)cc(N[C@@H](C3=CN(c4ccccc4)NN3)c3cccnc3)cc2c1Nc1cnc(F)c(F)c1,1,IC50,8.15,1,CHEMBL5860200
N#Cc1cnc2c(Cl)cc(N[C@H](C3=CNNN3)c3cnc(F)c(F)c3)cc2c1Nc1cnc(F)c(F)c1,1,IC50,7.17,1,CHEMBL5962327
N#Cc1cnc2c(Cl)cc(N[C@@H](C3=CNNN3)c3cccnc3)cc2c1Nc1cnc(F)c(F)c1,1,IC50,8.3,1,CHEMBL5986548
Cn1nccc1[C@H](Nc1cc(Cl)c2ncc(C#N)c(Nc3cnc(F)c(F)c3)c2c1)C1=CNNN1,1,IC50,8.05,1,CHEMBL5926126
N#Cc1cnc2c(Cl)cc(N[C@H](C3=CNNN3)c3ccc(F)nc3)cc2c1Nc1cnc(F)c(F)c1,1,IC50,8.22,1,CHEMBL6036819
CC(C)(C)CNc1c(C#N)cnc2c(Cl)cc(N[C@H](C3=CNNN3)c3cccnc3)cc12,1,IC50,8.4,1,CHEMBL5851650
CC(C)(C)CNc1c(C#N)cnc2c(Cl)cc(N[C@H](C3=CN(C4COC4)NN3)c3cccnc3)cc12,1,IC50,8.22,1,CHEMBL5820282
Cc1nc(Cl)ccc1[C@H](Nc1cc(Cl)c2ncc(C#N)c(Nc3cnc(F)c(F)c3)c2c1)C1=CNNN1,1,IC50,7.85,1,CHEMBL5862502
Cc1ncsc1[C@H](Nc1cc(Cl)c2ncc(C#N)c(Nc3cnc(F)c(F)c3)c2c1)C1=CNNN1,1,IC50,8.22,1,CHEMBL5885768
Cc1ncccc1[C@H](Nc1cc(Cl)c2ncc(C#N)c(N[C@H](C)c3ccccc3)c2c1)C1=CN(C2COC2)NN1,1,IC50,8.0,1,CHEMBL5844686
Cc1ncccc1[C@H](Nc1cc(Cl)c2ncc(C#N)c(Nc3cnc(F)c(F)c3)c2c1)C1=CN(C2COC2)NN1,1,IC50,8.0,1,CHEMBL6027214
Cc1ncccc1[C@H](Nc1cc(Cl)c2ncc(C#N)c(Nc3cnc(F)c(F)c3)c2c1)C1=CNNN1,1,IC50,8.15,1,CHEMBL6047255
CC[C@@H](Nc1c(C#N)cnc2c(Cl)cc(N[C@H](C3=CN(C4[C@H]5CN(C6COC6)C[C@@H]45)NN3)c3cccnc3)cc12)c1ccccc1,1,IC50,8.7,1,CHEMBL5940905
CC[C@@H](Nc1c(C#N)cnc2c(Cl)cc(N[C@H](C3=CN(CC#N)NN3)c3cccnc3)cc12)c1ccccc1,1,IC50,8.52,1,CHEMBL5828286
CC[C@@H](Nc1c(C#N)cnc2c(Cl)cc(N[C@H](C3=CN(CCCN4CCCC4)NN3)c3cccnc3)cc12)c1ccccc1,1,IC50,8.7,1,CHEMBL5889876
CCC(Nc1c(C#N)cnc2c(Cl)cc(N[C@H](C3=CN(CCF)NN3)c3cccnc3)cc12)c1ccccc1,1,IC50,8.7,1,CHEMBL5968820
N#Cc1cnc2c(Cl)cc(N[C@H](C3=CNNN3)c3cccnc3)cc2c1NC(CCO)c1ccccc1,1,IC50,8.15,1,CHEMBL5901017
N#Cc1cnc2c(Cl)cc(N[C@H](C3=CNNN3)c3cccnc3)cc2c1N[C@H](CCO)c1ccccc1,1,IC50,6.58,1,CHEMBL5810815
CC[C@@H](Nc1c(C#N)cnc2c(Cl)cc(N[C@H](C3=CN(C4[C@H]5CNC[C@@H]45)NN3)c3cccnc3)cc12)c1ccccc1,1,IC50,9.0,1,CHEMBL5839834
CC[C@@H](Nc1c(C#N)cnc2c(Cl)cc(N[C@H](C3=CN([C@@H](C)CF)NN3)c3cccnc3)cc12)c1ccccc1,1,IC50,8.7,1,CHEMBL5997382
N#Cc1cnc2c(Cl)cc(N[C@H](C3=CN(C4COC4)NN3)c3cccnc3)cc2c1NC(CCO)c1ccccc1,1,IC50,7.89,1,CHEMBL5961822
N#Cc1cnc2c(Cl)cc(N[C@H](C3=CN(C4COC4)NN3)c3cccnc3)cc2c1N[C@H](CCO)c1ccccc1,1,IC50,6.45,1,CHEMBL5939208
CC(C)N1C=C([C@@H](Nc2cc(Cl)c3ncc(C#N)c(NC(CCO)c4ccccc4)c3c2)c2cccnc2)NN1,1,IC50,8.1,1,CHEMBL5786207
CC(C)N1C=C([C@@H](Nc2cc(Cl)c3ncc(C#N)c(N[C@H](CCO)c4ccccc4)c3c2)c2cccnc2)NN1,1,IC50,6.52,1,CHEMBL6036892
CC(C)(O)[C@@H](Nc1c(C#N)cnc2c(Cl)cc(N[C@H](C3=CNNN3)c3cccnc3)cc12)c1ccccc1,1,IC50,6.93,1,CHEMBL5967218
CC(C)N1C=C([C@@H](Nc2cc(Cl)c3ncc(C#N)c(N[C@@H](c4ccccc4)C(C)(C)O)c3c2)c2cccnc2)NN1,1,IC50,7.17,1,CHEMBL5746985
CC(C)(O)C(Nc1c(C#N)cnc2c(Cl)cc(N[C@H](C3=CNNN3)c3cccnc3)cc12)c1ccccc1,0,IC50 (>),5.0,1,CHEMBL5828988
N#Cc1cnc2c(Cl)cc(N[C@H](C3=CN(CCF)NN3)c3cccnc3)cc2c1Nc1cnc(F)c(F)c1,1,IC50,8.1,1,CHEMBL5776072
CC[C@@H](Nc1c(C#N)cnc2c(Cl)cc(N[C@H](C3=CN(C(C)C(F)(F)F)NN3)c3cccnc3)cc12)c1ccccc1,1,IC50,8.05,1,CHEMBL6060509
CC[C@@H](Nc1c(C#N)cnc2c(Cl)cc(N[C@H](C3=CN(C4CC4)NN3)c3cccnc3)cc12)c1ccccc1,1,IC50,8.7,1,CHEMBL5906294
CC[C@@H](Nc1c(C#N)cnc2c(Cl)cc(N[C@H](C3=CN(C(C)(C)C)NN3)c3cccnc3)cc12)c1ccccc1,1,IC50,8.52,1,CHEMBL6041859
CC[C@@H](Nc1c(C#N)cnc2c(Cl)cc(N[C@H](C3=CN(C(C)C)NN3)c3cccnc3)cc12)c1ccccc1,1,IC50,8.7,1,CHEMBL5860718
CC[C@@H](Nc1c(C#N)cnc2c(Cl)cc(N[C@H](C3=CN(C4COC4)NN3)c3cccnc3)cc12)c1ccccc1,1,IC50,8.7,1,CHEMBL5990005
CC[C@@H](Nc1c(C#N)cnc2c(Cl)cc(N[C@H](C3=CN(CC(F)(F)F)NN3)c3cccnc3)cc12)c1ccccc1,1,IC50,8.4,1,CHEMBL5933251
N#Cc1cnc2c(Cl)cc(N[C@H](C3=CN(C4COC4)NN3)c3cccnc3)cc2c1Nc1cccc(Cl)c1,1,IC50,8.22,1,CHEMBL6036276
C[C@@H](CF)N1C=C([C@@H](Nc2cc(Cl)c3ncc(C#N)c(Nc4cnc(F)c(F)c4)c3c2)c2cccnc2)NN1,1,IC50,8.05,1,CHEMBL5941741
CC(C)(C)N1C=C([C@@H](Nc2cc(Cl)c3ncc(C#N)c(Nc4cnc(F)c(F)c4)c3c2)c2cccnc2)NN1,1,IC50,7.77,1,CHEMBL5780659
N#Cc1cnc2c(Cl)cc(N[C@H](C3=CN(C4COC4)NN3)c3cccnc3)cc2c1Nc1cnc(F)c(F)c1,1,IC50,8.05,1,CHEMBL5857090
N#Cc1cnc2c(Cl)cc(N[C@H](C3=CN(CCCN4CCCC4)NN3)c3cccnc3)cc2c1Nc1cnc(F)c(F)c1,1,IC50,8.15,1,CHEMBL5836136
N#Cc1cnc2c(Cl)cc(N[C@H](C3=CN(C4COC4)NN3)c3cccnc3)cc2c1NC1CCOCC1,1,IC50,7.25,1,CHEMBL5752653
CC(C)N1C=C([C@@H](Nc2cc(Cl)c3ncc(C#N)c(NC(c4ccccc4)C(C)(C)O)c3c2)c2cccnc2)NN1,0,IC50 (>),5.0,1,CHEMBL5890364
CC(N1C=C([C@@H](Nc2cc(Cl)c3ncc(C#N)c(Nc4cnc(F)c(F)c4)c3c2)c2cccnc2)NN1)C(F)(F)F,1,IC50,7.14,1,CHEMBL5874033
N#Cc1cnc2c(Cl)cc(N[C@H](C3=CN(C4CC4)NN3)c3cccnc3)cc2c1Nc1cnc(F)c(F)c1,1,IC50,8.52,1,CHEMBL6000674
N#Cc1cnc2c(Cl)cc(N[C@H](C3=CNNN3)c3cccnc3)cc2c1Nc1cnc(F)c(F)c1,1,IC50,8.3,1,CHEMBL5920399
CC(C)(C)N1CCC(N2C=C([C@@H](Nc3cc(Cl)c4ncc(C#N)c(Nc5cnc(F)c(F)c5)c4c3)c3cccnc3)NN2)CC1,1,IC50,7.92,1,CHEMBL6028585
N#Cc1cnc2c(Cl)cc(N[C@H](C3=CN(CC(F)(F)F)NN3)c3cccnc3)cc2c1Nc1cnc(F)c(F)c1,1,IC50,7.64,1,CHEMBL6061819
N#Cc1cnc2c(Cl)cc(N[C@@H](C3=CCOCC3)C3=CN(C4COC4)NN3)cc2c1Nc1ccc(Cl)c(Cl)c1F,1,IC50,8.0,1,CHEMBL5839283
N#Cc1cnc2c(Cl)cc(N[C@@H](C3=CCOCC3)C3=CNNN3)cc2c1Nc1ccc(Cl)c(Cl)c1F,1,IC50,7.8,1,CHEMBL5793789
CC[C@@H](Nc1c(C#N)cnc2c(Cl)cc(N[C@H](C3=CN(C4CCCC4)NN3)c3cccnc3)cc12)c1ccccc1,1,IC50,8.52,1,CHEMBL5770747
N#Cc1cnc2c(Cl)cc(N[C@H](C3=CNNN3)c3cocn3)cc2c1NC(CO)c1ccccc1,0,IC50 (>),5.0,1,CHEMBL5886017
N#Cc1cnc2c(Cl)cc(N[C@H](C3=CNNN3)c3cocn3)cc2c1N[C@H](CO)c1ccccc1,1,IC50,6.59,1,CHEMBL5928693
Cn1nccc1[C@H](Nc1cc(Cl)c2ncc(C#N)c(Nc3ccc(Cl)c(Cl)c3F)c2c1)C1=CNNN1,1,IC50,7.42,1,CHEMBL6047629
Cc1ncsc1[C@H](Nc1cc(Cl)c2ncc(C#N)c(Nc3ccc(Cl)c(Cl)c3F)c2c1)C1=CN(C2COC2)NN1,1,IC50,7.92,1,CHEMBL5989405
Cc1ncccc1[C@H](Nc1cc(Cl)c2ncc(C#N)c(N[C@H](CO)c3ccccc3)c2c1)C1=CNNN1,1,IC50,7.58,1,CHEMBL6011498
CC[C@@H](Nc1c(C#N)cnc2c(Cl)cc(N[C@H](C3=CNNN3)c3cccnc3C)cc12)c1ccccc1,1,IC50,8.4,1,CHEMBL5964497
CC[C@@H](Nc1c(C#N)cnc2c(Cl)cc(N[C@H](C3=CN(C4CCN(C(C)(C)C)CC4)NN3)c3cccnc3C)cc12)c1ccccc1,1,IC50,8.7,1,CHEMBL5817509
N#Cc1cnc2c(Cl)cc(N[C@H](C3=CNNN3)c3csc4c3CCN(C3COC3)C4)cc2c1Nc1ccc(Cl)c(Cl)c1F,1,IC50,7.72,1,CHEMBL5818806
CC(C)(C)N1CCC(N2C=C([C@@H](Nc3cc(Cl)c4ncc(C#N)c(Nc5ccc(Cl)c(Cl)c5F)c4c3)c3csc4c3CCN(C3COC3)C4)NN2)CC1,1,IC50,8.15,1,CHEMBL6015868
Cc1ncccc1[C@H](Nc1cc(Cl)c2ncc(C#N)c(Nc3cccc(Cl)c3)c2c1)C1=CNNN1,1,IC50,7.92,1,CHEMBL5776172
Cc1ncccc1[C@H](Nc1cc(Cl)c2ncc(C#N)c(Nc3cccc(Cl)c3)c2c1)C1=CN(C(C)C)NN1,1,IC50,8.0,1,CHEMBL5755194
Cc1ncccc1[C@H](Nc1cc(Cl)c2ncc(C#N)c(Nc3cccc(Cl)c3)c2c1)C1=CN(C2CCN(C(C)(C)C)CC2)NN1,1,IC50,8.1,1,CHEMBL5771755
Cc1ncccc1[C@H](Nc1cc(Cl)c2ncc(C#N)c(Nc3ccc(Cl)c(Cl)c3F)c2c1)C1=CNNN1,1,IC50,7.36,1,CHEMBL5970552
Cc1cncc([C@H](Nc2cc(Cl)c3ncc(C#N)c(Nc4ccc(F)c(Cl)c4)c3c2)C2=CN(C(C)C)NN2)c1,1,IC50,7.75,1,CHEMBL5988897
Cc1ncccc1[C@H](Nc1cc(Cl)c2ncc(C#N)c(N[C@H](C)c3ccccc3)c2c1)C1=CNNN1,1,IC50,7.92,1,CHEMBL5912978
Cc1ncccc1[C@H](Nc1cc(Cl)c2ncc(C#N)c(N[C@H](C)c3ccccc3)c2c1)C1=CN(C(C)C)NN1,1,IC50,8.05,1,CHEMBL5743124
Cc1ncccc1[C@H](Nc1cc(Cl)c2ncc(C#N)c(N[C@H](C)c3ccccc3)c2c1)C1=CN(C2CCN(C(C)(C)C)CC2)NN1,1,IC50,8.1,1,CHEMBL6060281
Cc1ncccc1[C@H](Nc1cc(Cl)c2ncc(C#N)c(Nc3ccc(Cl)c(Cl)c3F)c2c1)C1=CN(C(C)C)NN1,1,IC50,7.82,1,CHEMBL6012981
Cc1ncccc1[C@H](Nc1cc(Cl)c2ncc(C#N)c(Nc3ccc(Cl)c(Cl)c3F)c2c1)C1=CN(C2CCN(C(C)(C)C)CC2)NN1,1,IC50,8.1,1,CHEMBL5903491
Cc1ncsc1[C@H](Nc1cc(Cl)c2ncc(C#N)c(Nc3ccc(Cl)c(Cl)c3F)c2c1)C1=CNNN1,1,IC50,7.68,1,CHEMBL5748931
Cc1ncsc1[C@H](Nc1cc(Cl)c2ncc(C#N)c(Nc3ccc(Cl)c(Cl)c3F)c2c1)C1=CN(C(C)C)NN1,1,IC50,7.77,1,CHEMBL5866125
Cc1ncsc1[C@H](Nc1cc(Cl)c2ncc(C#N)c(Nc3ccc(Cl)c(Cl)c3F)c2c1)C1=CN(C2CCN(C(C)(C)C)CC2)NN1,1,IC50,8.05,1,CHEMBL5768939
C[C@@H](Nc1c(C#N)cnc2c(Cl)cc(N[C@H](C3=CN(C4CCN(C(C)(C)C)CC4)NN3)c3csc4c3CCN(C3COC3)C4)cc12)c1ccccc1,1,IC50,9.0,1,CHEMBL5903174
C[C@@H](Nc1c(C#N)cnc2c(Cl)cc(N[C@H](C3=CNNN3)c3csc4c3CCN(C3COC3)C4)cc12)c1ccccc1,1,IC50,8.52,1,CHEMBL5807051
Cc1ncsc1[C@H](Nc1cc(Cl)c2ncc(C#N)c(N[C@H](C)c3ccccc3)c2c1)C1=CN(C(C)C)NN1,1,IC50,7.8,1,CHEMBL5953946
Cc1ncsc1[C@H](Nc1cc(Cl)c2ncc(C#N)c(N[C@H](C)c3ccccc3)c2c1)C1=CN(C2CCN(C(C)(C)C)CC2)NN1,1,IC50,7.8,1,CHEMBL5740592
CC(C)(C)N1CCC(N2C=C([C@@H](Nc3cc(Cl)c4ncc(C#N)c(Nc5cccc(Cl)c5F)c4c3)c3csc4c3CCN(C3COC3)C4)NN2)CC1,1,IC50,8.7,1,CHEMBL5916200
N#Cc1cnc2c(Cl)cc(N[C@H](C3=CN(C4CCN(C5COC5)CC4)NN3)c3cocn3)cc2c1Nc1ccc(Cl)c(Cl)c1F,1,IC50,6.84,1,CHEMBL5876947
Cc1ncsc1[C@H](Nc1cc(Cl)c2ncc(C#N)c(N[C@H](C)c3ccccc3)c2c1)C1=CNNN1,1,IC50,7.39,1,CHEMBL5814408
CC(C)N1C=C([C@@H](Nc2cc(Cl)c3ncc(C#N)c(Nc4ccc(F)c(Cl)c4)c3c2)C2=CCOCC2)NN1,1,IC50,8.4,1,CHEMBL6040910
Cc1ncccc1[C@H](Nc1cc(Cl)c2ncc(C#N)c(Nc3cccc(Cl)c3F)c2c1)C1=CN(C(C)C)NN1,1,IC50,8.7,1,CHEMBL5897021
N#Cc1cnc2c(Cl)cc(N[C@H](C3=CNNN3)c3csc4c3CCN(C3COC3)C4)cc2c1Nc1cccc(Cl)c1F,1,IC50,8.22,1,CHEMBL5976210
Cc1ncccc1[C@H](Nc1cc(Cl)c2ncc(C#N)c(Nc3cccc(Cl)c3F)c2c1)c1cn(C2CCN(C(C)(C)C)CC2)nn1,1,IC50,8.7,1,CHEMBL6049695
Cc1ncccc1[C@H](Nc1cc(Cl)c2ncc(C#N)c(Nc3cccc(Cl)c3F)c2c1)C1=CNNN1,1,IC50,8.4,1,CHEMBL5860261
Cc1cncc([C@H](Nc2cc(Cl)c3ncc(C#N)c(Nc4ccc(F)c(Cl)c4)c3c2)C2=CNNN2)c1,1,IC50,7.92,1,CHEMBL5852943
Cc1cncc([C@H](Nc2cc(Cl)c3ncc(C#N)c(Nc4ccc(F)c(Cl)c4)c3c2)C2=CN(C3CCN(C(C)(C)C)CC3)NN2)c1,1,IC50,8.3,1,CHEMBL5748623
Cc1ncsc1[C@H](Nc1cc(Cl)c2ncc(C#N)c(Nc3cccc(Cl)c3F)c2c1)C1=CNNN1,1,IC50,8.3,1,CHEMBL5809604
Cc1ncsc1[C@H](Nc1cc(Cl)c2ncc(C#N)c(Nc3cccc(Cl)c3F)c2c1)C1=CN(C(C)C)NN1,1,IC50,8.22,1,CHEMBL5743761
Cc1ncsc1[C@H](Nc1cc(Cl)c2ncc(C#N)c(Nc3cccc(Cl)c3F)c2c1)C1=CN(C(C)(C)C)NN1,1,IC50,8.4,1,CHEMBL6056654
CC[C@@H](Nc1c(C#N)cnc2c(Cl)cc(N[C@H](C3=CNNN3)c3cccnc3)cc12)c1ccccc1,1,IC50,8.52,1,CHEMBL5932750
C[C@@H](Nc1c(C#N)cnc2c(Cl)cc(N[C@H](C3=CNNN3)c3cccnc3)cc12)c1ccccc1,1,IC50,8.0,1,CHEMBL5821647
N#Cc1cnc2c(Cl)cc(N[C@H](C3=CNNN3)c3cccnc3)cc2c1Nc1ccc(Cl)c(Cl)c1F,1,IC50,7.8,1,CHEMBL5843334
N#Cc1cnc2c(Cl)cc(N[C@H](C3=CNNN3)c3cccnc3)cc2c1Nc1cccc(Cl)c1F,1,IC50,8.22,1,CHEMBL5940715
CC[C@@H](Nc1c(C#N)cnc2c(Cl)cc(N[C@H](C3=CN(C4CCN(C(C)(C)C)CC4)NN3)c3cccnc3)cc12)c1ccccc1,1,IC50,8.7,1,CHEMBL6022365
C[C@@H](Nc1c(C#N)cnc2c(Cl)cc(N[C@H](C3=CN(C4CCN(C(C)(C)C)CC4)NN3)c3cccnc3)cc12)c1ccccc1,1,IC50,8.22,1,CHEMBL5975399
CC(C)(C)N1CCC(N2C=C([C@@H](Nc3cc(Cl)c4ncc(C#N)c(Nc5ccc(Cl)c(Cl)c5F)c4c3)c3cccnc3)NN2)CC1,1,IC50,8.22,1,CHEMBL5935668
Cc1nc(C)c([C@H](Nc2cc(Cl)c3ncc(C#N)c(Nc4ccc(F)c(Cl)c4)c3c2)C2=CN(C3CCN(C(C)(C)C)CC3)NN2)s1,1,IC50,7.85,1,CHEMBL5886836
Cc1nc([C@H](Nc2cc(Cl)c3ncc(C#N)c(Nc4ccc(F)c(Cl)c4)c3c2)C2=CN(C3CCN(C(C)(C)C)CC3)NN2)c(C)o1,1,IC50,7.96,1,CHEMBL5785108
Cc1ocnc1[C@H](Nc1cc(Cl)c2ncc(C#N)c(Nc3ccc(F)c(Cl)c3)c2c1)C1=CN(C2CCN(C(C)(C)C)CC2)NN1,1,IC50,7.89,1,CHEMBL6057673
CC(C)(C)N1CCC(N2C=C([C@@H](Nc3cc(Cl)c4ncc(C#N)c(Nc5ccc(F)c(Cl)c5)c4c3)C3=CCOCC3)NN2)CC1,1,IC50,8.7,1,CHEMBL5985881
Cc1ncoc1[C@H](Nc1cc(Cl)c2ncc(C#N)c(Nc3ccc(F)c(Cl)c3)c2c1)C1=CN(C2CCN(C(C)(C)C)CC2)NN1,1,IC50,7.85,1,CHEMBL6041205
Cn1cnc([C@H](Nc2cc(Cl)c3ncc(C#N)c(Nc4ccc(F)c(Cl)c4)c3c2)C2=CNNN2)c1,1,IC50,7.43,1,CHEMBL5857449
Cn1cnc([C@H](Nc2cc(Cl)c3ncc(C#N)c(Nc4ccc(F)c(Cl)c4)c3c2)C2=CN(C3CCN(C(C)(C)C)CC3)NN2)c1,1,IC50,7.52,1,CHEMBL5872217
Cn1ccc([C@H](Nc2cc(Cl)c3ncc(C#N)c(Nc4ccc(F)c(Cl)c4)c3c2)C2=CN(C3CCN(C(C)(C)C)CC3)NN2)n1,1,IC50,7.92,1,CHEMBL5755978
N#Cc1cnc2c(Cl)cc(N[C@H](C3=CNNN3)c3csc4c3CCN(C3COC3)C4)cc2c1Nc1ccc(F)c(Cl)c1,1,IC50,8.22,1,CHEMBL6000647
CCN1CCc2c([C@H](Nc3cc(Cl)c4ncc(C#N)c(Nc5ccc(F)c(Cl)c5)c4c3)C3=CNNN3)csc2C1,1,IC50,8.4,1,CHEMBL5904564
Cc1ccc([C@H](Nc2cc(Cl)c3ncc(C#N)c(Nc4ccc(F)c(Cl)c4)c3c2)C2=CNNN2)cn1,1,IC50,8.05,1,CHEMBL5854771
Cc1ncccc1[C@H](Nc1cc(Cl)c2ncc(C#N)c(Nc3ccc(F)c(Cl)c3)c2c1)C1=CNNN1,1,IC50,8.3,1,CHEMBL5931729
Cc1ccc([C@H](Nc2cc(Cl)c3ncc(C#N)c(Nc4ccc(F)c(Cl)c4)c3c2)C2=CN(COC(=O)C(C)(C)C)NN2)cn1,1,IC50,7.29,1,CHEMBL5918623
Cc1ncccc1[C@H](Nc1cc(Cl)c2ncc(C#N)c(Nc3ccc(F)c(Cl)c3)c2c1)C1=CN(COC(=O)C(C)(C)C)NN1,1,IC50,7.92,1,CHEMBL5949488
N#Cc1cnc2c(Cl)cc(N[C@H](C3=CNNN3)c3csc4c3CCNC4)cc2c1Nc1ccc(F)c(Cl)c1,1,IC50,8.15,1,CHEMBL5937064
N#Cc1cnc2c(Cl)cc(N[C@H](C3=CNNN3)c3cscn3)cc2c1Nc1ccc(F)c(Cl)c1,1,IC50,8.22,1,CHEMBL5809367
N#Cc1cnc2c(Cl)cc(N[C@H](C3=CNNN3)c3cncs3)cc2c1Nc1ccc(F)c(Cl)c1,1,IC50,8.15,1,CHEMBL5794447
CCN1CCc2c([C@H](Nc3cc(Cl)c4ncc(C#N)c(Nc5ccc(F)c(Cl)c5)c4c3)C3=CN(C4COC4)NN3)csc2C1,1,IC50,8.52,1,CHEMBL6024214
N#Cc1cnc2c(Cl)cc(N[C@H](C3=CN(C4COC4)NN3)c3csc4c3CCNC4)cc2c1Nc1ccc(F)c(Cl)c1,1,IC50,8.52,1,CHEMBL5886177
Cc1ccc([C@H](Nc2cc(Cl)c3ncc(C#N)c(Nc4ccc(F)c(Cl)c4)c3c2)C2=CN(C(C)C)NN2)cn1,1,IC50,7.8,1,CHEMBL5940006
Cc1ccc([C@H](Nc2cc(Cl)c3ncc(C#N)c(Nc4ccc(F)c(Cl)c4)c3c2)C2=CN(C3CCN(C(C)(C)C)CC3)NN2)cn1,1,IC50,7.89,1,CHEMBL5769603
Cc1ncccc1[C@H](Nc1cc(Cl)c2ncc(C#N)c(Nc3ccc(F)c(Cl)c3)c2c1)C1=CN(C(C)C)NN1,1,IC50,8.52,1,CHEMBL5821349
Cc1ncccc1[C@H](Nc1cc(Cl)c2ncc(C#N)c(Nc3ccc(F)c(Cl)c3)c2c1)C1=CN(C2CCN(C(C)(C)C)CC2)NN1,1,IC50,8.52,1,CHEMBL5925262
CC(C)(C)N1CCC(N2C=C(C(Nc3cc(Cl)c4ncc(C#N)c(Nc5cncc(Cl)c5)c4c3)c3cccnc3)NN2)CC1,1,IC50,7.85,1,CHEMBL6013835
CC(C)(C)N1CCC(N2C=C([C@@H](Nc3cc(Cl)c4ncc(C#N)c(Nc5ccc(F)c(F)c5)c4c3)c3cccnc3)NN2)CC1,1,IC50,8.1,1,CHEMBL6053138
CC(C)(C)N1CCC(N2C=C([C@@H](Nc3cc(Cl)c4ncc(C#N)c(Nc5cccc(Cl)c5F)c4c3)c3cccnc3)NN2)CC1,1,IC50,8.4,1,CHEMBL5806205
CC(C)(C)N1CCC(n2cc([C@@H](Nc3cc(Cl)c4ncc(C#N)c(NC5CCCCC5)c4c3)c3cccnc3)nn2)CC1,1,IC50,7.7,1,CHEMBL5933544
CC(C)(C)N1CCC(N2C=C([C@@H](Nc3cc(Cl)c4ncc(C#N)c(NC5CCCCCC5)c4c3)c3cccnc3)NN2)CC1,1,IC50,7.58,1,CHEMBL5894911
Cc1cc(Cl)ncc1[C@H](Nc1cc(Cl)c2ncc(C#N)c(Nc3ccc(F)c(Cl)c3)c2c1)C1=CN(C2CCN(C(C)(C)C)CC2)NN1,1,IC50,7.43,1,CHEMBL5978804
COc1ccc([C@H](Nc2cc(Cl)c3ncc(C#N)c(Nc4ccc(F)c(Cl)c4)c3c2)C2=CN(C3CCN(C(C)(C)C)CC3)NN2)cn1,1,IC50,7.92,1,CHEMBL5924640
CC(C)Oc1ncccc1[C@H](Nc1cc(Cl)c2ncc(C#N)c(Nc3ccc(F)c(Cl)c3)c2c1)C1=CN(C2CCN(C(C)(C)C)CC2)NN1,1,IC50,7.46,1,CHEMBL5959323
CC(C)(C)N1CCC(N2C=C([C@@H](Nc3cc(Cl)c4ncc(C#N)c(Nc5ccc(F)c(Cl)c5)c4c3)c3cnc(F)c(F)c3)NN2)CC1,1,IC50,7.77,1,CHEMBL5799819
Cc1nc(Cl)ccc1[C@H](Nc1cc(Cl)c2ncc(C#N)c(Nc3ccc(F)c(Cl)c3)c2c1)C1=CN(C(C)C)NN1,1,IC50,8.05,1,CHEMBL5942595
CC(C)N1C=C([C@@H](Nc2cc(Cl)c3ncc(C#N)c(Nc4ccc(F)c(Cl)c4)c3c2)c2ccc(Cl)nc2Cl)NN1,1,IC50,7.64,1,CHEMBL5771166
CC(C)N1C=C([C@@H](Nc2cc(Cl)c3ncc(C#N)c(Nc4ccc(F)c(Cl)c4)c3c2)c2cnc(Cl)cc2Cl)NN1,1,IC50,7.1,1,CHEMBL5881396
CC(C)N1C=C([C@@H](Nc2cc(Cl)c3ncc(C#N)c(Nc4ccc(F)c(Cl)c4)c3c2)c2cccnc2Cl)NN1,1,IC50,8.05,1,CHEMBL5777370
CC(C)N1C=C([C@@H](Nc2cc(Cl)c3ncc(C#N)c(Nc4ccc(F)c(Cl)c4)c3c2)c2cnco2)NN1,1,IC50,7.41,1,CHEMBL5809188
CC(C)(C)N1CCC(N2C=C([C@@H](Nc3cc(Cl)c4ncc(C#N)c(Nc5ccc(F)c(Cl)c5)c4c3)c3cnco3)NN2)CC1,1,IC50,7.75,1,CHEMBL5940343
CC(C)(C)N1CCC(N2C=C([C@@H](Nc3cc(Cl)c4ncc(C#N)c(Nc5ccc(F)c(Cl)c5)c4c3)c3csc(N4CCOCC4)n3)NN2)CC1,1,IC50,8.15,1,CHEMBL5911677
CC(C)N1C=C([C@@H](Nc2cc(Cl)c3ncc(C#N)c(Nc4ccc(F)c(Cl)c4)c3c2)c2csc(N3CCOCC3)n2)NN1,1,IC50,7.85,1,CHEMBL5975976
N#Cc1cnc2c(Cl)cc(N[C@H](C3=CN(C4COC4)NN3)c3csc(N4CCOCC4)n3)cc2c1Nc1ccc(F)c(Cl)c1,1,IC50,8.0,1,CHEMBL5774421
CC(C)N1C=C([C@@H](Nc2cc(Cl)c3ncc(C#N)c(Nc4ccc(F)c(Cl)c4)c3c2)c2cncs2)NN1,1,IC50,7.85,1,CHEMBL5871812
CC(C)N1C=C([C@@H](Nc2cc(Cl)c3ncc(C#N)c(Nc4ccc(F)c(Cl)c4)c3c2)c2ccnn2C)NN1,1,IC50,8.22,1,CHEMBL5860809
Cn1nccc1[C@H](Nc1cc(Cl)c2ncc(C#N)c(Nc3ccc(F)c(Cl)c3)c2c1)C1=CN(C2CCN(C(C)(C)C)CC2)NN1,1,IC50,8.52,1,CHEMBL5771859
Cc1ncsc1[C@H](Nc1cc(Cl)c2ncc(C#N)c(Nc3ccc(F)c(Cl)c3)c2c1)C1=CN(C(C)C)NN1,1,IC50,8.22,1,CHEMBL5993924
Cc1ncsc1[C@H](Nc1cc(Cl)c2ncc(C#N)c(Nc3ccc(F)c(Cl)c3)c2c1)C1=CN(C2CCN(C(C)(C)C)CC2)NN1,1,IC50,8.4,1,CHEMBL5761729
N#Cc1cnc2c(Cl)cc(N[C@H](C3=CNNN3)c3cccnc3)cc2c1Nc1ccc(F)c(Cl)c1,1,IC50,8.4,1,CHEMBL5847866
CC1(C)CC(N2C=C([C@@H](Nc3cc(Cl)c4ncc(C#N)c(Nc5ccc(F)c(Cl)c5)c4c3)c3cccnc3)NN2)CC(C)(C)N1,1,IC50,8.1,1,CHEMBL5897496
CC(C)(C)N1C=C([C@@H](Nc2cc(Cl)c3ncc(C#N)c(Nc4ccc(F)c(Cl)c4)c3c2)c2cocn2)NN1,1,IC50,7.4,1,CHEMBL5754433
CC(C)N1C=C([C@@H](Nc2cc(Cl)c3ncc(C#N)c(Nc4ccc(F)c(Cl)c4)c3c2)c2cocn2)NN1,1,IC50,7.89,1,CHEMBL5994362
N#Cc1cnc2c(Cl)cc(N[C@H](C3=CN(C4COC4)NN3)c3cccnc3)cc2c1Nc1ccc(F)c(Cl)c1,1,IC50,8.3,1,CHEMBL5920148
N#Cc1cnc2c(Cl)cc(N[C@H](C3=CN(C4CCN(C5COC5)CC4)NN3)c3cccnc3)cc2c1Nc1ccc(F)c(Cl)c1,1,IC50,7.82,1,CHEMBL6022989
CC(C)(C)N1CCC(N2C=C([C@@H](Nc3cc(Cl)c4ncc(C#N)c(Nc5ccc(F)c(Cl)c5)c4c3)c3cccnc3Cl)NN2)CC1,1,IC50,8.4,1,CHEMBL5868587
N#Cc1cnc2c(Cl)cc(N[C@H](C3=CN(Cc4ccccn4)NN3)c3cscn3)cc2c1Nc1ccc(F)c(Cl)c1,1,IC50,8.22,1,CHEMBL5815497
N#Cc1csc([C@H](Nc2cc(Cl)c3ncc(C#N)c(Nc4ccc(F)c(Cl)c4)c3c2)C2=CN(Cc3ccccn3)NN2)c1,1,IC50,7.8,1,CHEMBL5876510
Cc1nc(Cl)ccc1[C@H](Nc1cc(Cl)c2ncc(C#N)c(Nc3ccc(F)c(Cl)c3)c2c1)C1=CN(C2CCN(C(C)(C)C)CC2)NN1,1,IC50,8.1,1,CHEMBL6044251
N#Cc1cnc2c(Cl)cc(N[C@H](C3=CN(C4COC4)NN3)c3cccnc3Cl)cc2c1Nc1ccc(F)c(Cl)c1,1,IC50,8.3,1,CHEMBL5885757
Cc1nc(Cl)ccc1[C@H](Nc1cc(Cl)c2ncc(C#N)c(Nc3ccc(F)c(Cl)c3)c2c1)C1=CN(C2COC2)NN1,1,IC50,8.0,1,CHEMBL5992704
N#Cc1cnc2c(Cl)cc(N[C@H](C3=CN(C4COC4)NN3)c3ccc(Cl)nc3Cl)cc2c1Nc1ccc(F)c(Cl)c1,1,IC50,7.48,1,CHEMBL5900455
N#Cc1cnc2c(Cl)cc(N[C@H](C3=CN(C4COC4)NN3)c3cnc(Cl)cc3Cl)cc2c1Nc1ccc(F)c(Cl)c1,1,IC50,7.07,1,CHEMBL5998257
CC(C)(C)N1CCC(N2C=C([C@@H](Nc3cc(Cl)c4ncc(C#N)c(Nc5ccc(F)c(Cl)c5)c4c3)c3ccc(Cl)nc3Cl)NN2)CC1,1,IC50,7.7,1,CHEMBL5892937
CC(C)(C)N1CCC(N2C=C([C@@H](Nc3cc(Cl)c4ncc(C#N)c(Nc5ccc(F)c(Cl)c5)c4c3)c3cnc(Cl)cc3Cl)NN2)CC1,1,IC50,7.47,1,CHEMBL5975928
Cc1nc(Cl)ccc1[C@H](Nc1cc(Cl)c2ncc(C#N)c(Nc3ccc(F)c(Cl)c3)c2c1)C1=CN(CCO)NN1,1,IC50,8.4,1,CHEMBL5820639
N#Cc1cnc2c(Cl)cc(N[C@H](C3=CN(CCO)NN3)c3cccnc3Cl)cc2c1Nc1ccc(F)c(Cl)c1,1,IC50,8.52,1,CHEMBL5959081
N#Cc1cnc2c(Cl)cc(N[C@H](C3=CN(CCN4CCCCC4)NN3)c3cccnc3)cc2c1Nc1ccc(F)c(Cl)c1,1,IC50,8.4,1,CHEMBL5831214
N#Cc1cnc2c(Cl)cc(N[C@H](C3=CN(CCN4CCOCC4)NN3)c3cccnc3)cc2c1Nc1ccc(F)c(Cl)c1,1,IC50,8.0,1,CHEMBL5921189
N#Cc1csc([C@H](Nc2cc(Cl)c3ncc(C#N)c(Nc4ccc(F)c(Cl)c4)c3c2)C2=CN(C3COC3)NN2)c1,1,IC50,7.89,1,CHEMBL5803419
COCCOCCN1C=C([C@@H](Nc2cc(Cl)c3ncc(C#N)c(Nc4ccc(F)c(Cl)c4)c3c2)c2cccnc2)NN1,1,IC50,8.1,1,CHEMBL5822356
N#Cc1cnc2c(Cl)cc(N[C@H](C3=CN(CCOCCO)NN3)c3cccnc3)cc2c1Nc1ccc(F)c(Cl)c1,1,IC50,8.22,1,CHEMBL5864002
Cn1cncc1[C@H](Nc1cc(Cl)c2ncc(C#N)c(Nc3ccc(F)c(Cl)c3)c2c1)C1=CN(C2CCN(C(C)(C)C)CC2)NN1,1,IC50,7.42,1,CHEMBL5806894
CCN1CCc2c([C@H](Nc3cc(Cl)c4ncc(C#N)c(Nc5ccc(F)c(Cl)c5)c4c3)C3=CN(C(C)C)NN3)csc2C1,1,IC50,8.52,1,CHEMBL5870529
CC(C)N1C=C([C@@H](Nc2cc(Cl)c3ncc(C#N)c(Nc4ccc(F)c(Cl)c4)c3c2)c2csc3c2CCN(C)C3)NN1,1,IC50,8.52,1,CHEMBL5914358
CC(C)N1C=C([C@@H](Nc2cc(Cl)c3ncc(C#N)c(Nc4ccc(F)c(Cl)c4)c3c2)c2csc3c2CCNC3)NN1,1,IC50,8.52,1,CHEMBL5863579
CC(C)(C)N1CCC(N2C=C([C@@H](Nc3cc(Cl)c4ncc(C#N)c(Nc5ccc(F)c(Cl)c5)c4c3)c3ccc(F)nc3)NN2)CC1,1,IC50,8.4,1,CHEMBL5968711
CC(C)(C)N1CCC(N2C=C([C@@H](Nc3cc(Cl)c4ncc(C#N)c(Nc5ccc(F)c(Cl)c5)c4c3)c3cocn3)NN2)CC1,1,IC50,7.89,1,CHEMBL5834830
CC(C)(C)N1CCC(N2C=C([C@@H](Nc3cc(Cl)c4ncc(C#N)c(Nc5ccc(F)c(Cl)c5)c4c3)c3csc4ccc(Cl)cc34)NN2)CC1,1,IC50,7.39,1,CHEMBL5822553
CC(C)(C)N1CCC(N2C=C([C@@H](Nc3cc(Cl)c4ncc(C#N)c(Nc5ccc(Cl)c(Cl)c5)c4c3)c3cscn3)NN2)CC1,1,IC50,7.58,1,CHEMBL5979209
CC(C)(C)N1CCC(N2C=C([C@@H](Nc3cc(Cl)c4ncc(C#N)c(Nc5ccc(F)c(Cl)c5)c4c3)c3csc4ccccc34)NN2)CC1,1,IC50,8.0,1,CHEMBL6048492
N#Cc1cnc2c(Cl)cc(N[C@H](C3=CN(CCN4CCOCC4)NN3)c3cscn3)cc2c1Nc1ccc(F)c(Cl)c1,1,IC50,7.92,1,CHEMBL5742171
CC(C)(C)N1CCC(N2C=C([C@@H](Nc3cc(Cl)c4ncc(C#N)c(Nc5ccc(F)c(Cl)c5)c4c3)c3cscn3)NN2)CC1,1,IC50,8.4,1,CHEMBL6064652
N#Cc1cnc2c(Cl)cc(N[C@H](C3=CN(C4CCNCC4)NN3)c3cscn3)cc2c1Nc1ccc(F)c(Cl)c1,1,IC50,8.52,1,CHEMBL6015440
CN(C)CCN1C=C([C@@H](Nc2cc(Cl)c3ncc(C#N)c(Nc4ccc(F)c(Cl)c4)c3c2)c2cscn2)NN1,1,IC50,8.3,1,CHEMBL6053327
CC(C)N1C=C([C@@H](Nc2cc(Cl)c3ncc(C#N)c(Nc4ccc(F)c(Cl)c4)c3c2)c2cscn2)NN1,1,IC50,8.3,1,CHEMBL5920011
COCCN1C=C([C@@H](Nc2cc(Cl)c3ncc(C#N)c(Nc4ccc(F)c(Cl)c4)c3c2)c2cscn2)NN1,1,IC50,8.52,1,CHEMBL5937548
N#Cc1cnc2c(Cl)cc(N[C@H](C3=CN(CCN)NN3)c3cscn3)cc2c1Nc1ccc(F)c(Cl)c1,1,IC50,8.52,1,CHEMBL5895801
CN(C)CCCN1C=C([C@@H](Nc2cc(Cl)c3ncc(C#N)c(Nc4ccc(F)c(Cl)c4)c3c2)c2cscn2)NN1,1,IC50,8.4,1,CHEMBL5934428
CC(C)(C)N1C=C([C@@H](Nc2cc(Cl)c3ncc(C#N)c(Nc4ccc(F)c(Cl)c4)c3c2)c2cscn2)NN1,1,IC50,7.89,1,CHEMBL5920220
CCN1CCC(N2C=C([C@@H](Nc3cc(Cl)c4ncc(C#N)c(Nc5ccc(F)c(Cl)c5)c4c3)c3cccnc3)NN2)CC1,1,IC50,9.0,1,CHEMBL5939157
N#Cc1cnc2c(Cl)cc(N[C@H](C3=CN(C4COC4)NN3)c3cscn3)cc2c1Nc1ccc(F)c(Cl)c1,1,IC50,8.4,1,CHEMBL5965776
N#CCN1C=C([C@@H](Nc2cc(Cl)c3ncc(C#N)c(Nc4ccc(F)c(Cl)c4)c3c2)c2cscn2)NN1,1,IC50,8.15,1,CHEMBL5827453
CCN1CCC(N2C=C(C(Nc3cc(Cl)c4ncc(C#N)c(Nc5ccc(F)c(Cl)c5)c4c3)c3cncnc3)NN2)CC1,1,IC50,8.3,1,CHEMBL6051171
CCN1CCC(N2C=C(C(Nc3cc(Cl)c4ncc(C#N)c(Nc5ccc(F)c(Cl)c5)c4c3)c3ncccn3)NN2)CC1,1,IC50,7.89,1,CHEMBL5990162
CCN1CCC(N2C=C([C@H](c3cccnc3)N(CC)c3cc(Cl)c4ncc(C#N)c(Nc5ccc(F)c(Cl)c5)c4c3)NN2)CC1,1,IC50,6.19,1,CHEMBL5805600
CC(C)(C)N1CCC(N2C=C([C@@H](Nc3cc(Cl)c4ncc(C#N)c(Nc5ccc(F)c(Cl)c5)c4c3)c3cccnc3)NN2)CC1,1,IC50,8.52,1,CHEMBL5944555
CC(C)(C)N1CCC(N2C=C([C@@H](Nc3cc(Cl)c4ncc(C#N)c(Nc5ccc(F)c(Cl)c5)c4c3)c3cncs3)NN2)CC1,1,IC50,8.1,1,CHEMBL5878893
CCN1CCC(N2C=C([C@@H](Nc3cc(Cl)c4ncc(C#N)c(Nc5ccc(F)c(Cl)c5)c4c3)c3cscc3Cl)NN2)CC1,1,IC50,8.7,1,CHEMBL5744664
CCN1CCC(N2C=C([C@@H](Nc3cc(Cl)c4ncc(C#N)c(Nc5ccc(F)c(Cl)c5)c4c3)c3cc(C#N)cs3)NN2)CC1,1,IC50,8.7,1,CHEMBL5750351
CCCN1CCC(N2C=C([C@@H](Nc3cc(Cl)c4ncc(C#N)c(Nc5ccc(F)c(Cl)c5)c4c3)c3cncs3)NN2)CC1,1,IC50,8.52,1,CHEMBL5842313
CCN1CCC(N2C=C([C@H](c3cscn3)N(CC)c3cc(Cl)c4ncc(C#N)c(Nc5ccc(F)c(Cl)c5)c4c3)NN2)CC1,1,IC50,7.43,1,CHEMBL5880020
N#Cc1cnc2c(Cl)cc(N[C@H](C3=CN(C4CCNCC4)NN3)c3cncs3)cc2c1Nc1ccc(F)c(Cl)c1,1,IC50,8.4,1,CHEMBL6048989
N#Cc1cnc2c(Cl)cc(NC(c3cccnc3)c3ccccn3)cc2c1Nc1ccc(F)c(Cl)c1,1,IC50,6.74,1,CHEMBL5824101
N#Cc1cnc2c(Cl)cc(NC(c3ccccn3)c3ccccn3)cc2c1Nc1ccc(F)c(Cl)c1,1,IC50,6.4,1,CHEMBL5753590
CCN1CCC(N2C=C([C@@H](Nc3cc(Cl)c4ncc(C#N)c(Nc5ccc(F)c(Cl)c5)c4c3)c3cncs3)NN2)CC1,1,IC50,8.7,1,CHEMBL5987128
CCN1CCC(N2C=C([C@@H](Nc3cc(Cl)c4ncc(C#N)c(Nc5ccc(F)c(Cl)c5)c4c3)c3ccc(Cl)nc3)NN2)CC1,1,IC50,8.22,1,CHEMBL6062602
CCN1CCC(N2C=C([C@@H](Nc3cc(Cl)c4ncc(C#N)c(Nc5ccc(F)c(Cl)c5)c4c3)c3cccs3)NN2)CC1,1,IC50,7.85,1,CHEMBL5973646
CCN1CCC(N2C=C([C@@H](Nc3cc(Cl)c4ncc(C#N)c(Nc5ccc(F)c(Cl)c5)c4c3)c3cc(Cl)cs3)NN2)CC1,1,IC50,8.15,1,CHEMBL5842644
CCN1CCC(N2C=C([C@@H](Nc3cc(Cl)c4ncc(C#N)c(Nc5ccc(F)c(Cl)c5)c4c3)c3ccc(Cl)s3)NN2)CC1,1,IC50,7.85,1,CHEMBL6051041
CCN1CCC(N2C=C([C@@H](Nc3cc(Cl)c4ncc(C#N)c(Nc5ccc(F)c(Cl)c5)c4c3)c3sccc3Cl)NN2)CC1,1,IC50,7.96,1,CHEMBL6047881
CN1C=C(C(Nc2cc(Cl)c3ncc(C#N)c(Nc4ccc(F)c(Cl)c4)c3c2)c2cccnc2)NN1,1,IC50,8.4,1,CHEMBL5814097
Cn1cnc(C(Nc2cc(Cl)c3ncc(C#N)c(Nc4ccc(F)c(Cl)c4)c3c2)c2cccnc2)c1,1,IC50,8.05,1,CHEMBL5907964
N#Cc1cnc2c(Cl)cc(NC(C3=CN(C4CCNCC4)NN3)c3cccnc3)cc2c1Nc1ccc(F)c(Cl)c1,1,IC50,8.7,1,CHEMBL5802612
CCN1CCC(N2C=C(C(Nc3cc(Cl)c4ncc(C#N)c(Nc5ccc(F)c(Cl)c5)c4c3)c3cccnc3)NN2)CC1,1,IC50,8.7,1,CHEMBL5947797
CC(C)N1C=C([C@@H](Nc2cc(Cl)c3ncc(C#N)c(Nc4ccc(F)c(Cl)c4)c3c2)c2cc(Br)cnc2Cl)NN1,1,IC50,7.5,1,CHEMBL6003119
CC(C)N1C=C([C@@H](Nc2cc(Cl)c3ncc(C#N)c(Nc4ccc(F)c(Cl)c4)c3c2)c2cncn2C)NN1,1,IC50,7.52,1,CHEMBL5811490
N#Cc1cnc2c(Cl)cc(N[C@H](C3=CN(C4COC4)NN3)c3cc(Br)cnc3Cl)cc2c1Nc1ccc(F)c(Cl)c1,1,IC50,7.22,1,CHEMBL5795419
CC(C)(C)N1CCC(N2C=C([C@@H](Nc3cc(Cl)c4ncc(C#N)c(Nc5ccc(F)c(Cl)c5)c4c3)c3cc(Br)cnc3Cl)NN2)CC1,1,IC50,8.0,1,CHEMBL5950050
N#Cc1cnc2c(Cl)cc(N[C@H](C3=CN(CCO)NN3)c3cc(Br)cnc3Cl)cc2c1Nc1ccc(F)c(Cl)c1,1,IC50,7.82,1,CHEMBL5797927
N#Cc1cnc2c(Cl)cc(N[C@H](C3=CN(CCO)NN3)c3ccc(Cl)nc3Cl)cc2c1Nc1ccc(F)c(Cl)c1,1,IC50,7.85,1,CHEMBL5753585
N#Cc1cnc2c(Cl)cc(N[C@H](C3=CN(CCO)NN3)c3cnc(Cl)cc3Cl)cc2c1Nc1ccc(F)c(Cl)c1,1,IC50,7.23,1,CHEMBL6044345
N#Cc1csc([C@H](Nc2cc(Cl)c3ncc(C#N)c(Nc4ccc(F)c(Cl)c4)c3c2)C2=CN(CCN3CCOCC3)NN2)c1,1,IC50,7.19,1,CHEMBL6017659
N#Cc1csc([C@H](Nc2cc(Cl)c3ncc(C#N)c(Nc4ccc(F)c(Cl)c4)c3c2)C2=CN(CCO)NN2)c1,1,IC50,8.52,1,CHEMBL5966730
N#Cc1cnc2c(Cl)cc(N[C@H](C3=CN(CCO)NN3)c3cccnc3)cc2c1Nc1ccc(F)c(Cl)c1,1,IC50,8.7,1,CHEMBL5839323
COCCN1C=C([C@@H](Nc2cc(Cl)c3ncc(C#N)c(Nc4ccc(F)c(Cl)c4)c3c2)c2cc(C#N)cs2)NN1,1,IC50,7.8,1,CHEMBL5807695
CC(C)N1C=C([C@@H](Nc2cc(Cl)c3ncc(C#N)c(Nc4ccc(F)c(Cl)c4)c3c2)c2cc(C#N)cs2)NN1,1,IC50,7.89,1,CHEMBL5794373
Cn1cc([C@H](Nc2cc(Cl)c3ncc(C#N)c(Nc4ccc(F)c(Cl)c4)c3c2)c2cccnc2)nn1,1,IC50,6.3,1,CHEMBL5838641
N#Cc1cnc2c(Cl)cc(N[C@H](C3=CN(CCO)NN3)c3cscn3)cc2c1Nc1ccc(F)c(Cl)c1,1,IC50,8.7,1,CHEMBL5885359
CCN1CCC(N2C=C([C@@H](Nc3cc(Cl)c4ncc(C#N)c(Nc5ccc(F)c(Cl)c5)c4c3)c3ccc(C(F)(F)F)s3)NN2)CC1,1,IC50,7.42,1,CHEMBL6052335
CC(C)(C)OC(=O)N1CCC(N2C=C([C@@H](Nc3cc(Cl)c4ncc(C#N)c(Nc5ccc(F)c(Cl)c5)c4c3)c3cncs3)NN2)CC1,1,IC50,6.82,1,CHEMBL5878820
N#Cc1cnc2c(Cl)cc(N[C@H](C3=CN(C4CCNCC4)NN3)c3cc(Cl)cs3)cc2c1Nc1ccc(F)c(Cl)c1,1,IC50,7.85,1,CHEMBL6036007
N#Cc1cnc2c(Cl)cc(N[C@H](C3=CN(C4CCNCC4)NN3)c3ccc(Cl)s3)cc2c1Nc1ccc(F)c(Cl)c1,1,IC50,7.44,1,CHEMBL5788794
N#Cc1cnc2c(Cl)cc(N[C@H](C3=CN(C4CCNCC4)NN3)c3sccc3Cl)cc2c1Nc1ccc(F)c(Cl)c1,1,IC50,7.75,1,CHEMBL6060196
N#Cc1cnc2c(Cl)cc(N[C@H](C3=CN(C4CCNCC4)NN3)c3cccs3)cc2c1Nc1ccc(F)c(Cl)c1,1,IC50,8.0,1,CHEMBL5790308
CC(C)(C)OC(=O)N1CCC(N2C=C([C@@H](Nc3cc(Cl)c4ncc(C#N)c(Nc5ccc(F)c(Cl)c5)c4c3)c3ccc(Cl)nc3)NN2)CC1,1,IC50,6.46,1,CHEMBL5816684
CC(C)(C)OC(=O)N1CCC(N2C=C([C@@H](Nc3cc(Cl)c4ncc(C#N)c(Nc5ccc(F)c(Cl)c5)c4c3)c3cccs3)NN2)CC1,1,IC50,6.55,1,CHEMBL5793411
CCN1CCC(N2C=C([C@@H](Nc3cc(Cl)c4ncc(C#N)c(Nc5ccc(F)c(Cl)c5)c4c3)c3ccsc3)NN2)CC1,1,IC50,8.52,1,CHEMBL5834938
N#Cc1cnc2c(Cl)cc(N[C@H](C3=CN(C4CCNCC4)NN3)c3ccsc3)cc2c1Nc1ccc(F)c(Cl)c1,1,IC50,8.3,1,CHEMBL5885438
CC(C)(C)OC(=O)N1CCC(N2C=C([C@@H](Nc3cc(Cl)c4ncc(C#N)c(Nc5ccc(F)c(Cl)c5)c4c3)c3ccsc3)NN2)CC1,1,IC50,6.83,1,CHEMBL5780203
CCN1CCC(N2C=C(C(Nc3cc(Cl)c4ncc(C#N)c(Nc5ccc(F)c(Cl)c5)c4c3)C3=CN(C)NN3)NN2)CC1,1,IC50,7.37,1,CHEMBL5909441
CN1C=C(C(Nc2cc(Cl)c3ncc(C#N)c(Nc4ccc(F)c(Cl)c4)c3c2)C2=CN(C3CCNCC3)NN2)NN1,1,IC50,7.34,1,CHEMBL5814234
CN1C=C(C(Nc2cc(Cl)c3ncc(C#N)c(Nc4ccc(F)c(Cl)c4)c3c2)C2=CN(C3CCN(C(=O)OC(C)(C)C)CC3)NN2)NN1,1,IC50,6.36,1,CHEMBL5901093
CN1C=C(C(Nc2cc(Cl)c3ncc(C#N)c(Nc4ccc(F)c(Cl)c4)c3c2)C2=CN(C3CCN(C(C)(C)C)CC3)NN2)NN1,1,IC50,7.24,1,CHEMBL5745455
N#Cc1cnc2c(Cl)cc(NC(C3=CN([C@@H]4CCN(C(=O)OCc5ccccc5)C4)NN3)c3cccnc3)cc2c1Nc1ccc(F)c(Cl)c1,1,IC50,6.92,1,CHEMBL5974145
N#Cc1cnc2c(Cl)cc(NC(C3=CN([C@@H]4CCNC4)NN3)c3cccnc3)cc2c1Nc1ccc(F)c(Cl)c1,1,IC50,8.0,1,CHEMBL5967585
CCN1CC[C@@H](N2C=C(C(Nc3cc(Cl)c4ncc(C#N)c(Nc5ccc(F)c(Cl)c5)c4c3)c3cccnc3)NN2)C1,1,IC50,7.72,1,CHEMBL5750469
N#Cc1cnc2c(Cl)cc(NC(C3=CN(C4CCN(C(=O)OCc5ccccc5)CC4)NN3)c3cccnc3)cc2c1Nc1ccc(F)c(Cl)c1,1,IC50,6.63,1,CHEMBL5872256
CC(C)(C)CNc1c(C#N)cnc2c(Br)cc(N[C@H](C3=CN(C4(C(N)=O)CC4)NN3)c3cccc4ncsc34)cc12,1,IC50,9.0,1,CHEMBL5952397
CC(C)(C)CNc1c(C#N)cnc2c(C#N)cc(N[C@H](C3=CN(C4(C(N)=O)CC4)NN3)c3cccc4ncsc34)cc12,1,IC50,9.0,1,CHEMBL5935095
CC(C)(C)CNc1c(C#N)cnc2c(C#N)cc(NC(C3=CN(C4CC4)NN3)c3cccc4ncsc34)cc12,1,IC50,6.95,1,CHEMBL5957593
CC[C@@H](Nc1c(C#N)cnc2c(C#N)cc(N[C@H](C3=CN(C4CC4)NN3)c3cccc4ncsc34)cc12)c1ccccc1,1,IC50,8.3,1,CHEMBL5921291
CC[C@@H](Nc1c(C#N)cnc2c(C#N)cc(N[C@H](C3=CN(C4(C(F)(F)F)CC4)NN3)c3cccc4ncsc34)cc12)c1ccccc1,1,IC50,8.15,1,CHEMBL5907571
Cc1nc(F)ccc1C(O)(Nc1cc(Cl)c2ncc(C#N)c(N[C@H](CCC#N)c3ccccc3)c2c1)C1=CN(C2(C(F)(F)F)CC2)NN1,1,IC50,8.4,1,CHEMBL5854469
N#CCC[C@@H](Nc1c(C#N)cnc2c(C#N)cc(N[C@H](C3=CN(C4CC4)NN3)c3csc4c3CCN(C3COC3)C4)cc12)c1ccccc1,1,IC50,9.0,1,CHEMBL5973924
CC(C)(C)CNc1c(C#N)cnc2c(Cl)cc(N[C@H](C3=CN(C4(C#N)CC4)NN3)c3cccc4ncsc34)cc12,1,IC50,8.52,1,CHEMBL5810106
CC(C)(C)CNc1c(C#N)cnc2c(Cl)cc(N[C@H](C3=CN(C4(C(N)=O)CC4)NN3)c3cccc4ncsc34)cc12,1,IC50,8.7,1,CHEMBL5828219
CC(C)(C)CNc1c(C#N)cnc2c(Cl)cc(N[C@H](C3=CN(C4(C(F)(F)F)CC4)NN3)c3cccc4ncsc34)cc12,1,IC50,8.05,1,CHEMBL5841961
CC(C)(C)CNc1c(C#N)cnc2c(Cl)cc(N[C@H](C3=CN(C4CC4)NN3)c3cccc4ncsc34)cc12,1,IC50,8.7,1,CHEMBL5948463
CC(C)(C)CNc1c(C#N)cnc2c(Cl)cc(N[C@H](C3=CN(C4CCN(C(C)(C)C)CC4)NN3)c3cccc4ncsc34)cc12,1,IC50,8.52,1,CHEMBL5749405
CC(C)(C)CNc1c(C#N)cnc2c(C#N)cc(N[C@H](C3=CN(C4CCN(C(C)(C)C)CC4)NN3)c3cccc4ncsc34)cc12,1,IC50,8.7,1,CHEMBL6054621
CC(C)(C)CNc1c(C#N)cnc2c(Cl)cc(N[C@H](C3=CN(C4(C(F)F)CC4)NN3)c3cccc4ncsc34)cc12,1,IC50,8.4,1,CHEMBL5811686
CC(C)(C)CNc1c(C#N)cnc2c(Cl)cc(N[C@H](C3=CN(C4CC4)NN3)C3=CC=CN4NCC=C34)cc12,1,IC50,8.7,1,CHEMBL6054187
Cn1ncc2c([C@H](Nc3cc(Cl)c4ncc(C#N)c(NCC(C)(C)C)c4c3)C3=CN(C4CC4)NN3)cccc21,1,IC50,8.52,1,CHEMBL5864323
CC(C)(C)CNc1c(C#N)cnc2c(C#N)cc(N[C@H](C3=CN(C4(C(F)F)CC4)NN3)c3cccc4ncsc34)cc12,1,IC50,8.7,1,CHEMBL6062292
CC(C)(C)CNc1c(C#N)cnc2c(Cl)cc(N[C@@](O)(C3=CN(CC(=O)N[SH](C)(=O)O)NN3)c3ccc(F)nc3)cc12,1,IC50,8.15,1,CHEMBL5742774
Cn1cc2c([C@H](Nc3cc(Cl)c4ncc(C#N)c(NCC(C)(C)C)c4c3)C3=CN(C4CC4)NN3)cccc2n1,1,IC50,8.7,1,CHEMBL6031216
Cc1nc2cccc([C@H](Nc3cc(C#N)c4ncc(C#N)c(NCC(C)(C)C)c4c3)C3=CN(C4CC4)NN3)c2s1,1,IC50,8.7,1,CHEMBL5833201
CC[C@@H](Nc1c(C#N)cnc2c(Cl)cc(N[C@H](C3=CN(C4CC4)NN3)c3cccc4c3CNC4)cc12)c1ccccc1,1,IC50,9.0,1,CHEMBL5834686
CC(C)(C)CNc1c(C#N)cnc2c(C#N)cc(N[C@H](C3=CN(C4(C(F)(F)F)CC4)NN3)c3csc4c3CCN(C3COC3)C4)cc12,1,IC50,8.7,1,CHEMBL5778816
Cc1nc2cccc([C@H](Nc3cc(C#N)c4ncc(C#N)c(NCC(C)(C)C)c4c3)C3=CN(C4(C(F)(F)F)CC4)NN3)c2s1,1,IC50,8.3,1,CHEMBL5751543
Cc1nc(F)ccc1[C@H](Nc1cc(Cl)c2ncc(C#N)c(N[C@H](CCC#N)c3ccccc3)c2c1)C1=CN(C2CC2)NN1,1,IC50,9.0,1,CHEMBL5982314
Cc1nc(F)ccc1[C@H](Nc1cc(Cl)c2ncc(C#N)c(NCC(C)(C)C)c2c1)C1=CN(C2(C(F)(F)F)CC2)NN1,1,IC50,8.4,3,CHEMBL5826541
CC(C)(C)CNc1c(C#N)cnc2c(C#N)cc(N[C@H](C3=CN(C4CC4)NN3)c3csc4c3CCN(C3COC3)C4)cc12,1,IC50,9.0,1,CHEMBL5918652
CC(C)(C)CNc1c(C#N)cnc2c(Cl)cc(N[C@H](C3=CN(C4(C)CC4)NN3)c3cccc4ncsc34)cc12,1,IC50,8.7,1,CHEMBL5907540
CC(C)(C)CNc1c(C#N)cnc2c(C#N)cc(N[C@H](C3=CN(C4(C)CC4)NN3)c3cccc4ncsc34)cc12,1,IC50,9.0,1,CHEMBL5945237
CC(C)(C)CNc1c(C#N)cnc2c(Cl)cc(N[C@H](C3=CN(C4CC4)NN3)c3ccc(F)nc3Cl)cc12,1,IC50,8.3,1,CHEMBL5972732
CC(C)(C)CNc1c(C#N)cnc2c(Cl)cc(N[C@H](C3=CN(C4CC4)NN3)c3cccc4ncccc34)cc12,1,IC50,8.7,1,CHEMBL5890335
Cc1nc(F)ccc1C(Nc1cc(Cl)c2ncc(C#N)c(N[C@H](CCC#N)c3ccccc3)c2c1)C1=CN(C2CC2)NN1,1,IC50,6.33,1,CHEMBL5951478
CC(C)(C)CNc1c(C#N)cnc2c(Br)cc(N[C@H](C3=CN(C4(C(F)(F)F)CC4)NN3)c3cccc4ncsc34)cc12,1,IC50,7.89,1,CHEMBL5850505
CC[C@@H](Nc1c(C#N)cnc2c(Cl)cc(N[C@H](C3=CN(C4(C(F)(F)F)CC4)NN3)c3ccc(F)nc3C)cc12)c1ccccc1,1,IC50,8.15,1,CHEMBL5950707
CC(C)(C)CNc1c(C#N)cnc2c(C#N)cc(N[C@H](C3=CN(C4(CF)CC4)NN3)c3cccc4ncsc34)cc12,1,IC50,8.7,1,CHEMBL5764261
CC(C)(C)CNc1c(C#N)cnc2c(S(C)(=O)=O)cc(N[C@H](C3=CN(C4(C(F)(F)F)CC4)NN3)c3cccc4ncsc34)cc12,1,IC50,7.25,1,CHEMBL5756778
CC(C)(C)CNc1c(C#N)cnc2c(Cl)cc(N[C@H](C3=CN(C4CC4)NN3)c3cccc4cnccc34)cc12,1,IC50,9.0,1,CHEMBL5804773
CC(C)(C)CNc1c(C#N)cnc2c(Cl)cc(N[C@H](C3=CN(C4(C(F)F)CC4)NN3)c3cccc4c3CNC4)cc12,1,IC50,8.7,1,CHEMBL5931977
CC(C)(C)CNc1c(C#N)cnc2c(Cl)cc(N[C@H](C3=CN(C4CC4)NN3)c3cccn4cncc34)cc12,1,IC50,8.52,1,CHEMBL5960910
Cc1nc(F)ccc1[C@H](Nc1cc(Cl)c2ncc(C#N)c(NCC(C)(C)C)c2c1)C1=CN(C2(C(F)F)CC2)NN1,1,IC50,8.7,3,CHEMBL5767212
CC(C)(C)CNc1c(C#N)cnc2c(Cl)cc(N[C@H](C3=CN(C4CC4)NN3)c3cccc4[nH]ncc34)cc12,1,IC50,8.7,1,CHEMBL5758720
CC(C)(C)CNc1c(C#N)cnc2c(Cl)cc(N[C@H](C3=CN(C4CC4)NN3)c3cccc4scnc34)cc12,1,IC50,7.72,1,CHEMBL5846336
CC(C)(C)CNc1c(C#N)cnc2c(Cl)cc(N[C@H](C3=CN(C4CC4)NN3)c3cccc4cccnc34)cc12,1,IC50,7.7,1,CHEMBL5920538
CC(C)(C)CNc1c(C#N)cnc2c(C#N)cc(N[C@H](C3=CN(C4(C(F)(F)F)CC4)NN3)c3cccc4c3CNC4)cc12,1,IC50,8.52,1,CHEMBL5879127
CC1(C)COCCC1Nc1c(C#N)cnc2c(C#N)cc(N[C@H](C3=CN(C4(C(F)(F)F)CC4)NN3)c3cccc4ncsc34)cc12,1,IC50,8.4,2,CHEMBL5982032
CC(=O)c1cc(N[C@H](C2=CN(C3(C(F)(F)F)CC3)NN2)c2cccc3ncsc23)cc2c(NCC(C)(C)C)c(C#N)cnc12,1,IC50,8.05,1,CHEMBL5976274
Cc1nc(F)ccc1[C@H](Nc1cc(C#N)c2ncc(C#N)c(NCC(C)(C)C)c2c1)C1=CN(C2CC2)NN1,1,IC50,8.7,1,CHEMBL5782179
CC(C)(C)CNc1c(C#N)cnc2c(F)cc(N[C@H](C3=CN(C4(C(F)(F)F)CC4)NN3)c3cccc4ncsc34)cc12,1,IC50,7.54,1,CHEMBL5847902
CC(C)(C)ONc1c(C#N)cnc2c(C#N)cc(N[C@H](C3=CN(C4CC4)NN3)c3cccc4ncsc34)cc12,1,IC50,7.29,1,CHEMBL5840159
Cc1cc(N[C@H](C2=CN(C3CC3)NN2)c2cccc3ncsc23)cc2c(NOC(C)(C)C)c(C#N)cnc12,1,IC50,6.5,1,CHEMBL5841377
CC(C)(C)CNc1c(C#N)cnc2c(Cl)cc(N[C@H](C3=CN(C4(CO)CC4)NN3)c3cccc4ncsc34)cc12,1,IC50,8.4,1,CHEMBL6026193
Cn1cnc2cccc([C@H](Nc3cc(Cl)c4ncc(C#N)c(NCC(C)(C)C)c4c3)C3=CN(C4CC4)NN3)c21,1,IC50,8.52,1,CHEMBL6044637
CC(C)(C)CNc1c(C#N)cnc2c(C#N)cc(N[C@H](C3=CN(CC(F)(F)F)NN3)c3cccc4ncsc34)cc12,1,IC50,8.3,1,CHEMBL5787019
CC(C)(C)CNc1c(C#N)cnc2c(Cl)cc(N[C@H](C3=CN(C4(C(F)(F)F)CC4)NN3)c3cccc4ncccc34)cc12,1,IC50,7.77,1,CHEMBL6054382
CC(C)(C)CNc1c(C#N)cnc2c(Cl)cc(N[C@H](C3=CN(C4(C(F)(F)F)CC4)NN3)c3cccc4cnccc34)cc12,1,IC50,6.79,1,CHEMBL6057992
CC(C)(C)CNc1c(C#N)cnc2c(Cl)cc(N[C@H](C3=CN(C4(C(N)=O)CCC4)NN3)c3cccc4ncsc34)cc12,1,IC50,8.7,1,CHEMBL5744692
CC(C)(C)CNc1c(C#N)cnc2c(C#N)cc(N[C@H](C3=CN(C4(c5ccncc5)CC4)NN3)c3cccc4ncsc34)cc12,1,IC50,9.0,1,CHEMBL5934729
CC(C)(C)CNc1c(C#N)cnc2c(C#N)cc(N[C@H](C3=CN(C4(CO)CC4)NN3)c3cccc4ncsc34)cc12,1,IC50,8.7,1,CHEMBL6062783
CC(C)(C)CNc1c(C#N)cnc2c(Cl)cc(N[C@H](C3=CN(C4CC4)NN3)c3cncc4cnccc34)cc12,1,IC50,7.55,1,CHEMBL5917246
CC(C)(C)CNc1c(C#N)cnc2c(C#N)cc(N[C@H](C3=CN(C4CC4)NN3)c3cccc4ncccc34)cc12,1,IC50,8.7,1,CHEMBL5948727
CC(C)(C)CNc1c(C#N)cnc2c(C#N)cc(N[C@H](C3=CN(C4CC4)NN3)c3cccc4cnccc34)cc12,1,IC50,9.0,1,CHEMBL6019189
CC(C)(C)CNc1c(C#N)cnc2c(C#N)cc(N[C@H](C3=CN(C4(C(F)(F)F)CC4)NN3)c3cccc4ncccc34)cc12,1,IC50,8.4,1,CHEMBL6010478
CC(C)(C)CNc1c(C#N)cnc2c(C#N)cc(N[C@H](C3=CN(C4(C(F)(F)F)CC4)NN3)c3cccc4cnccc34)cc12,1,IC50,8.7,1,CHEMBL5966725
Cc1nc(F)ccc1[C@H](Nc1cc(C#N)c2ncc(C#N)c(NCC(C)(C)C)c2c1)C1=CN(C2(C(F)(F)F)CC2)NN1,1,IC50,8.52,1,CHEMBL5964531
CC(C)(C)CNc1c(C#N)cnc2c(C#N)cc(N[C@H](C3=CN(C4(C(F)(F)F)CC4)NN3)c3cccc4[nH]ncc34)cc12,1,IC50,8.4,1,CHEMBL6040882
Cc1nc(F)ccc1[C@H](Nc1cc(C#N)c2ncc(C#N)c(NCC(C)(C)C)c2c1)C1=CN(C2(C(F)F)CC2)NN1,1,IC50,8.7,1,CHEMBL5847656
CC1(C)COCC[C@H]1Nc1c(C#N)cnc2c(C#N)cc(N[C@H](C3=CN(C4(C(F)(F)F)CC4)NN3)c3cccc4ncsc34)cc12,1,IC50,8.7,1,CHEMBL5996683
Cc1nc(F)ccc1[C@H](Nc1cc(Cl)c2ncc(C#N)c(NCC(C)(C)C)c2c1)C1=CN(C2(C#N)CC2)NN1,1,IC50,8.52,1,CHEMBL6016738
Cc1nc(F)ccc1[C@H](Nc1cc(Cl)c2ncc(C#N)c(NCC(C)(C)C)c2c1)C1=CN(C2(C(N)=O)CC2)NN1,1,IC50,8.7,1,CHEMBL6053281
Cc1nc(F)ccc1[C@H](Nc1cc(Cl)c2ncc(C#N)c(NCC(C)(C)C)c2c1)C1=CN(C2(C(N)=O)CCC2)NN1,1,IC50,9.0,1,CHEMBL5829060
Cc1nc(F)ccc1[C@H](Nc1cc(Cl)c2ncc(C#N)c(NCC(C)(C)C)c2c1)C1=CN(C2(C#N)CCC2)NN1,1,IC50,8.3,1,CHEMBL5903857
Cc1nc(F)ccc1[C@H](Nc1cc(Cl)c2ncc(C#N)c(NCC(C)(C)C)c2c1)C1=CN(C2(C)CC2)NN1,1,IC50,8.7,1,CHEMBL5809706
CC(C)(C)CNc1c(C#N)cnc2c(F)cc(N[C@H](C3=CN(C4(C(N)=O)CCC4)NN3)c3cccc4ncsc34)cc12,1,IC50,8.22,1,CHEMBL5993258
Cc1nc(F)ccc1[C@H](Nc1cc(Cl)c2ncc(C#N)c(NCC(C)(C)C)c2c1)C1=CN(C2(CO)CC2)NN1,1,IC50,8.52,1,CHEMBL5883108
Cn1cnc2cccc([C@H](Nc3cc(Cl)c4ncc(C#N)c(NCC(C)(C)C)c4c3)C3=CN(C4(C(F)(F)F)CC4)NN3)c21,1,IC50,8.15,1,CHEMBL6035726
Cn1cnc2cccc([C@H](Nc3cc(C#N)c4ncc(C#N)c(NCC(C)(C)C)c4c3)C3=CN(C4(C(F)(F)F)CC4)NN3)c21,1,IC50,8.52,1,CHEMBL5996579
Cc1nc(F)ccc1[C@H](Nc1cc(F)c2ncc(C#N)c(NCC(C)(C)C)c2c1)C1=CN(C2(C#N)CC2)NN1,1,IC50,8.52,1,CHEMBL5852720
Cc1nc(F)ccc1[C@H](Nc1cc(F)c2ncc(C#N)c(NCC(C)(C)C)c2c1)C1=CN(C2(C(N)=O)CC2)NN1,1,IC50,8.52,1,CHEMBL5832921
Cc1nc(F)ccc1[C@H](Nc1cc(F)c2ncc(C#N)c(NCC(C)(C)C)c2c1)C1=CN(C2(C(N)=O)CCC2)NN1,1,IC50,9.0,1,CHEMBL5930652
Cc1nc(F)ccc1[C@H](Nc1cc(F)c2ncc(C#N)c(NCC(C)(C)C)c2c1)C1=CN(C2(C)CC2)NN1,1,IC50,8.52,1,CHEMBL5970993
Cc1nc(F)ccc1[C@H](Nc1cc(C#N)c2ncc(C#N)c(NCC(C)(C)C)c2c1)C1=CN(C2(C#N)CC2)NN1,1,IC50,8.7,1,CHEMBL5805901
Cc1nc(F)ccc1[C@H](Nc1cc(C#N)c2ncc(C#N)c(NCC(C)(C)C)c2c1)C1=CN(C2(C(N)=O)CC2)NN1,1,IC50,9.0,1,CHEMBL5878717
Cc1nc(F)ccc1[C@H](Nc1cc(C#N)c2ncc(C#N)c(NCC(C)(C)C)c2c1)C1=CN(C2(C#N)CCC2)NN1,1,IC50,8.52,1,CHEMBL5853085
Cc1nc(F)ccc1[C@H](Nc1cc(C#N)c2ncc(C#N)c(NCC(C)(C)C)c2c1)C1=CN(C2(C)CC2)NN1,1,IC50,8.7,1,CHEMBL6023068
CC(C)(C)CNc1c(C#N)cnc2c(Cl)cc(N[C@H](C3=CN(C4(C(F)(F)F)CC4)NN3)c3cnn4ncccc34)cc12,1,IC50,7.51,1,CHEMBL5837340
Cc1nc(F)ccc1[C@H](Nc1cc(C#N)c2ncc(C#N)c(NCC(C)(C)C)c2c1)C1=CN(C2(C(N)=O)CCC2)NN1,1,IC50,9.0,1,CHEMBL5775013
Cc1nc(F)ccc1[C@H](Nc1cc(Cl)c2ncc(C#N)c(NCC(C)(C)C)c2c1)C1=CN(C2(CF)CC2)NN1,1,IC50,8.52,1,CHEMBL6031721
Cn1ncc2c([C@H](Nc3cc(Cl)c4ncc(C#N)c(NCC(C)(C)C)c4c3)C3=CN(C4(C(F)F)CC4)NN3)cccc21,1,IC50,8.22,1,CHEMBL5828924
Cn1cc2c([C@H](Nc3cc(Cl)c4ncc(C#N)c(NCC(C)(C)C)c4c3)C3=CN(C4(C(F)F)CC4)NN3)cccc2n1,1,IC50,8.22,1,CHEMBL5955109
CN1Cc2cccc([C@H](Nc3cc(Cl)c4ncc(C#N)c(NCC(C)(C)C)c4c3)C3=CN(C4(C(F)F)CC4)NN3)c2C1=O,1,IC50,7.72,1,CHEMBL5994000
Cn1cnc2cccc([C@H](Nc3cc(Cl)c4ncc(C#N)c(NCC(C)(C)C)c4c3)C3=CN(C4(C(F)F)CC4)NN3)c21,1,IC50,8.52,1,CHEMBL5991947
CC(C)(C)CNc1c(C#N)cnc2c(Cl)cc(N[C@H](C3=CN(C4(C(F)F)CC4)NN3)c3cccc4[nH]ncc34)cc12,1,IC50,8.1,1,CHEMBL6008298
Cc1nc(F)ccc1[C@H](Nc1cc(Cl)c2ncc(C#N)c(NCC3(C)CCC3)c2c1)C1=CN(C2(C(F)F)CC2)NN1,1,IC50,8.22,1,CHEMBL5815828
Cc1nc(F)ccc1[C@H](Nc1cc(C#N)c2ncc(C#N)c(NCC(C)(C)C)c2c1)C1=CN(C2(CF)CC2)NN1,1,IC50,8.7,1,CHEMBL5797150
CC(C)(C)CNc1c(C#N)cnc2c(Cl)cc(N[C@H](C3=CN(C4CC4)NN3)c3cccc4ccncc34)cc12,1,IC50,9.0,1,CHEMBL6035688
CC(C)(C)CNc1c(C#N)cnc2c(Cl)cc(N[C@@H](C3=CN(C4(C(F)F)CC4)NN3)c3cccnc3F)cc12,1,IC50,8.3,1,CHEMBL5787750
CC(C)(C)CNc1c(C#N)cnc2c(Cl)cc(N[C@H](C3=CN(C4(C(F)F)CC4)NN3)c3cccnc3)cc12,1,IC50,8.1,1,CHEMBL5769390
Cc1ncccc1[C@@H](Nc1cc(Cl)c2ncc(C#N)c(NCC(C)(C)C)c2c1)C1=CN(C2(C(F)F)CC2)NN1,1,IC50,8.7,1,CHEMBL5831433
CC(C)(C)CNc1c(C#N)cnc2c(Cl)cc(N[C@H](C3=CN(C4(C(F)F)CC4)NN3)c3cccc4ncccc34)cc12,1,IC50,8.4,1,CHEMBL5921108
Cc1nc(F)ccc1C(Nc1cc(Cl)c2ncc(C#N)c(NCC(C)(C)C)c2c1)C1=CN(C2(C(F)F)CC2)NN1,1,IC50,6.57,1,CHEMBL5783967
CC(C)(C)CNc1c(C#N)cnc2c(Cl)cc(N[C@@H](C3=CN(C4(C(F)F)CC4)NN3)c3cccnc3Cl)cc12,1,IC50,8.3,1,CHEMBL5906478
Cc1nc(F)ccc1[C@H](Nc1cc(Cl)c2ncc(C#N)c(NC3CCOC3(C)C)c2c1)C1=CN(C2(C(F)F)CC2)NN1,1,IC50,8.7,2,CHEMBL6022955
Cc1nc(F)ccc1[C@H](Nc1cc(Cl)c2ncc(C#N)c(NCC(C)(C)CC#N)c2c1)C1=CN(C2(C(F)F)CC2)NN1,1,IC50,8.0,1,CHEMBL5811714
Cc1nc(F)ccc1[C@H](Nc1cc(F)c2ncc(C#N)c(NCC(C)(C)C)c2c1)C1=CN(C2(C(F)(F)F)CC2)NN1,1,IC50,8.05,1,CHEMBL5882108
Cc1nc(F)ccc1[C@H](Nc1cc(F)c2ncc(C#N)c(NCC(C)(C)C)c2c1)C1=CN(C2(C(F)F)CC2)NN1,1,IC50,8.4,1,CHEMBL6032795
Cc1nc(F)ccc1[C@H](Nc1cc(Cl)c2ncc(C#N)c(N[C@@H]3CCOC3(C)C)c2c1)C1=CN(C2(C(F)F)CC2)NN1,1,IC50,6.7,1,CHEMBL6021920
Cc1nc(F)ccc1[C@H](Nc1cc(Cl)c2ncc(C#N)c(NCC(C)(C)C)c2c1)C1=CN(C2(C(=O)O)CC2)NN1,1,IC50,8.52,1,CHEMBL5782322
CC(C)(C)CNc1c(C#N)cnc2c(Cl)cc(N[C@@H](C3=CN(C4(C(F)F)CC4)NN3)c3ccc(F)nc3)cc12,1,IC50,8.15,1,CHEMBL5849712
Cn1ccc2c([C@H](Nc3cc(Cl)c4ncc(C#N)c(NCC(C)(C)C)c4c3)C3=CN(C4CC4)NN3)ccnc21,1,IC50,8.52,1,CHEMBL5860901
Cn1cnc2c([C@H](Nc3cc(Cl)c4ncc(C#N)c(NCC(C)(C)C)c4c3)C3=CN(C4(C(F)(F)F)CC4)NN3)cccc21,1,IC50,6.91,1,CHEMBL6061899
Cn1ncc2cccc([C@H](Nc3cc(Cl)c4ncc(C#N)c(NCC(C)(C)C)c4c3)C3=CN(C4(C(F)(F)F)CC4)NN3)c21,1,IC50,7.57,1,CHEMBL5815266
CN1NNc2cccc([C@H](Nc3cc(Cl)c4ncc(C#N)c(NCC(C)(C)C)c4c3)C3=CN(C4(C(F)(F)F)CC4)NN3)c21,1,IC50,8.3,1,CHEMBL5941079
Cn1cnc2cccc([C@H](Nc3cc(C#N)c4ncc(C#N)c(NCC(C)(C)C)c4c3)C3=CN(C4(C(F)F)CC4)NN3)c21,1,IC50,8.7,1,CHEMBL6012240
Cc1n[nH]c2cccc([C@H](Nc3cc(Cl)c4ncc(C#N)c(NCC(C)(C)C)c4c3)C3=CN(C4(C(F)(F)F)CC4)NN3)c12,1,IC50,7.92,1,CHEMBL6038992
Cn1ncc2c([C@H](Nc3cc(Cl)c4ncc(C#N)c(NCC(C)(C)C)c4c3)C3=CN(C4(C)CC4)NN3)cccc21,1,IC50,8.4,1,CHEMBL6023552
Cn1ncc2cccc([C@H](Nc3cc(C#N)c4ncc(C#N)c(NCC(C)(C)C)c4c3)C3=CN(C4(C(F)(F)F)CC4)NN3)c21,1,IC50,8.3,1,CHEMBL5754623
CN1NNc2cccc([C@H](Nc3cc(C#N)c4ncc(C#N)c(NCC(C)(C)C)c4c3)C3=CN(C4(C(F)(F)F)CC4)NN3)c21,1,IC50,8.52,1,CHEMBL5894508
Cc1n[nH]c2cccc([C@H](Nc3cc(C#N)c4ncc(C#N)c(NCC(C)(C)C)c4c3)C3=CN(C4(C(F)(F)F)CC4)NN3)c12,1,IC50,8.52,1,CHEMBL5917268
Cn1ncc2c([C@H](Nc3cc(C#N)c4ncc(C#N)c(NCC(C)(C)C)c4c3)C3=CN(C4(C)CC4)NN3)cccc21,1,IC50,8.7,1,CHEMBL5798313
Cc1nc(F)ccc1[C@H](Nc1cc(Cl)c2ncc(C#N)c(NCC(C)(C)C)c2c1)C1=CN(C(C)(C)C)NN1,1,IC50,8.52,1,CHEMBL5976416
Cc1nc(F)ccc1[C@H](Nc1cc(Cl)c2ncc(C#N)c(NCC(C)(C)C)c2c1)C1=CN(C(C)(C)CF)NN1,1,IC50,8.52,1,CHEMBL5991077
Cc1nc(F)ccc1[C@H](Nc1cc(Cl)c2ncc(C#N)c(NCC(C)(C)C)c2c1)C1=CN(CC(F)F)NN1,1,IC50,8.52,1,CHEMBL5766704
CC(C)(C)CNc1c(C#N)cnc2c(Cl)cc(N[C@H](C3=CN(C4(C(F)(F)F)CC4)NN3)c3cccc4ccncc34)cc12,1,IC50,8.52,1,CHEMBL5763337
Cc1nc(F)ccc1[C@H](Nc1cc(Cl)c2ncc(C#N)c(NCC(C)(C)CO)c2c1)C1=CN(C2(C(F)(F)F)CC2)NN1,1,IC50,7.7,1,CHEMBL6002810
CC(C)(C)CNc1c(C#N)cnc2c(C#N)cc(N[C@H](C3=CN(C4(C(F)(F)F)CC4)NN3)c3cccc4ccncc34)cc12,1,IC50,8.7,1,CHEMBL5803675
CC(C)(C)CNc1c(C#N)cnc2c(Cl)cc(N[C@H](C3=CN(C4(C(F)F)CC4)NN3)c3cccc4cnccc34)cc12,1,IC50,8.52,1,CHEMBL5849866
CC(C)(C)CNc1c(C#N)cnc2c(Cl)cc(N[C@H](C3=CN(C4(C(F)F)CC4)NN3)c3cccc4ccncc34)cc12,1,IC50,8.7,1,CHEMBL5808967
CC(C)(C)CNc1c(C#N)cnc2c(Cl)cc(N[C@H](C3=CN(C4(C(F)F)CC4)NN3)c3cccn4nccc34)cc12,1,IC50,8.3,1,CHEMBL5891982
Cc1nc(F)ccc1[C@H](Nc1cc(Cl)c2ncc(C#N)c(N[C@@H]3CCOCC3(C)C)c2c1)C1=CN(C2(C(F)F)CC2)NN1,1,IC50,9.0,1,CHEMBL5746836
Cc1nc(F)ccc1[C@H](Nc1cc(Cl)c2ncc(C#N)c(NC3CCOCC3(C)C)c2c1)C1=CN(C2(C(F)F)CC2)NN1,1,IC50,7.3,1,CHEMBL5818938
Cc1nc(F)ccc1[C@H](Nc1cc(Cl)c2ncc(C#N)c(NCC(C)(C)C)c2c1)C1=CN(C(C)(C)C(F)(F)F)NN1,1,IC50,8.22,1,CHEMBL5766216
CN1NNc2cccc([C@H](Nc3cc(Cl)c4ncc(C#N)c(NCC(C)(C)C)c4c3)C3=CN(C4(C(F)F)CC4)NN3)c21,1,IC50,8.7,1,CHEMBL5929586
Cn1ncc2c([C@H](Nc3cc(Cl)c4ncc(C#N)c(NCC(C)(C)C)c4c3)C3=CN(C4(C(F)(F)F)CC4)NN3)cccc21,1,IC50,7.89,1,CHEMBL5758862
Cn1cc2c([C@H](Nc3cc(Cl)c4ncc(C#N)c(NCC(C)(C)C)c4c3)C3=CN(C4(C(F)(F)F)CC4)NN3)cccc2n1,1,IC50,8.1,1,CHEMBL5903227
Cc1nc(F)ccc1[C@H](Nc1cc(Cl)c2ncc(C#N)c(NCC(C)(C)C)c2c1)C1=CN(C(C)(C)C(F)F)NN1,1,IC50,8.4,1,CHEMBL6023228
Cc1nc(F)ccc1[C@H](Nc1cc(Cl)c2ncc(C#N)c(NCC(C)(C)C)c2c1)C1=CN([C@@H](C)CF)NN1,1,IC50,8.7,1,CHEMBL5876257
Cc1nc(F)ccc1[C@H](Nc1cc(Cl)c2ncc(C#N)c(NCC(C)(C)C)c2c1)C1=CN(C2(C3CC3)CC2)NN1,1,IC50,8.7,1,CHEMBL5763336
Cc1nc(F)ccc1[C@H](Nc1cc(Cl)c2ncc(C#N)c(NCC(C)(C)C)c2c1)C1=CN(C2(C(F)(F)F)COC2)NN1,1,IC50,8.1,1,CHEMBL5895755
CC(C)(C)CNc1c(C#N)cnc2c(C#N)cc(N[C@H](C3=CN(C4(C(F)F)CC4)NN3)c3cccc4ncccc34)cc12,1,IC50,8.7,1,CHEMBL5956847
CC(C)(C)CNc1c(C#N)cnc2c(C#N)cc(N[C@H](C3=CN(C4(C(F)F)CC4)NN3)c3cccc4cnccc34)cc12,1,IC50,8.7,1,CHEMBL5927580
CC(C)(C)CNc1c(C#N)cnc2c(C#N)cc(N[C@H](C3=CN(C4(C(F)F)CC4)NN3)c3cccc4ccncc34)cc12,1,IC50,8.7,1,CHEMBL5854622
Cc1nc(F)ccc1[C@H](Nc1cc(Cl)c2ncc(C#N)c(NCC(C)(C)C)c2c1)C1=CN(C2(C(=O)N(C)C)CC2)NN1,1,IC50,8.52,1,CHEMBL5744898
Cc1nc(F)ccc1[C@H](Nc1cc(Cl)c2ncc(C#N)c(NCC(C)(C)C)c2c1)C1=CN(C2(C(=O)N3CCCC3)CC2)NN1,1,IC50,8.3,1,CHEMBL5832671
Cc1nc(F)ccc1[C@H](Nc1cc(Cl)c2ncc(C#N)c(NCC(C)(C)C)c2c1)C1=CN(C2(C(=O)N3CCOCC3)CC2)NN1,1,IC50,8.15,1,CHEMBL5884300
Cc1n[nH]c2cccc([C@H](Nc3cc(Cl)c4ncc(C#N)c(NCC(C)(C)C)c4c3)C3=CN(C4(C(F)F)CC4)NN3)c12,1,IC50,8.1,1,CHEMBL5813354
Cn1ncc2c([C@H](Nc3cc(C#N)c4ncc(C#N)c(NCC(C)(C)C)c4c3)C3=CN(C4(C(F)(F)F)CC4)NN3)cccc21,1,IC50,8.3,1,CHEMBL5834784
Cn1cc2c([C@H](Nc3cc(C#N)c4ncc(C#N)c(NCC(C)(C)C)c4c3)C3=CN(C4(C(F)(F)F)CC4)NN3)cccc2n1,1,IC50,8.52,1,CHEMBL5927526
CN1NNc2cccc([C@H](Nc3cc(C#N)c4ncc(C#N)c(NCC(C)(C)C)c4c3)C3=CN(C4(C(F)F)CC4)NN3)c21,1,IC50,8.7,1,CHEMBL6033429
CC(C)(C)CNc1c(C#N)cnc2c(Cl)cc(N[C@H](C3=CN(C4(C(F)(F)F)CC4)NN3)c3cccn4nccc34)cc12,1,IC50,7.96,1,CHEMBL5875616
CC(=O)C1(N2C=C([C@@H](Nc3cc(Cl)c4ncc(C#N)c(NCC(C)(C)C)c4c3)c3cccc4cnccc34)NN2)CC1,1,IC50,8.7,1,CHEMBL5769729
CC(C)(C)CNc1c(C#N)cnc2c(Cl)cc(N[C@H](C3=CN(C4(C(N)=O)CCC4)NN3)c3cccc4cnccc34)cc12,1,IC50,8.7,1,CHEMBL5934800
CC(C)(C)CNc1c(C#N)cnc2c(Cl)cc(N[C@H](C3=CN(C4(C#N)CC4)NN3)c3cccc4cnccc34)cc12,1,IC50,8.7,1,CHEMBL5824855
CC(C)(C)CNc1c(C#N)cnc2c(Cl)cc(N[C@H](C3=CN(C4(C)CC4)NN3)c3cccc4cnccc34)cc12,1,IC50,8.52,1,CHEMBL6048868
CC(C)(C)CNc1c(C#N)cnc2c(Cl)cc(N[C@H](C3=CN(C4(C(N)=O)CC4)NN3)c3cccc4ncccc34)cc12,1,IC50,8.7,1,CHEMBL6015951
CC(C)(C)CNc1c(C#N)cnc2c(Cl)cc(N[C@H](C3=CN(C4(C(N)=O)CCC4)NN3)c3cccc4ncccc34)cc12,1,IC50,8.7,1,CHEMBL6056862
CC(C)(C)CNc1c(C#N)cnc2c(Cl)cc(N[C@H](C3=CN(C4(C#N)CC4)NN3)c3cccc4ncccc34)cc12,1,IC50,8.7,1,CHEMBL5893709
CC(C)(C)CNc1c(C#N)cnc2c(Cl)cc(N[C@H](C3=CN(C4(C)CC4)NN3)c3cccc4ncccc34)cc12,1,IC50,8.3,1,CHEMBL5766959
CC(C)(C)CNc1c(C#N)cnc2c(C#N)cc(N[C@H](C3=CN(C4(CF)CC4)NN3)c3cccc4cnccc34)cc12,1,IC50,8.15,1,CHEMBL5794503
Cn1cc2cccc([C@H](Nc3cc(Cl)c4ncc(C#N)c(NCC(C)(C)C)c4c3)C3=CN(C4(C(F)(F)F)CC4)NN3)c2n1,1,IC50,6.74,1,CHEMBL5933314
Cc1n[nH]c2cccc([C@H](Nc3cc(C#N)c4ncc(C#N)c(NCC(C)(C)C)c4c3)C3=CN(C4(C(F)F)CC4)NN3)c12,1,IC50,8.7,1,CHEMBL6060784
CC(C)(C)CNc1c(C#N)cnc2c(C#N)cc(N[C@H](C3=CN(C4(C(F)(F)F)CC4)NN3)c3cccn4nccc34)cc12,1,IC50,8.4,1,CHEMBL5948939
Cn1cc2cccc([C@H](Nc3cc(C#N)c4ncc(C#N)c(NCC(C)(C)C)c4c3)C3=CN(C4(C(F)(F)F)CC4)NN3)c2n1,1,IC50,7.18,1,CHEMBL6026804
CC(C)(C)CNc1c(C#N)cnc2c(C#N)cc(N[C@H](C3=CN(C4(C(N)=O)CC4)NN3)c3cccc4ncccc34)cc12,1,IC50,9.0,1,CHEMBL5845015
CC(C)(C)CNc1c(C#N)cnc2c(C#N)cc(N[C@H](C3=CN(C4(C(N)=O)CCC4)NN3)c3cccc4ncccc34)cc12,1,IC50,9.0,1,CHEMBL5931975
CC(C)(C)CNc1c(C#N)cnc2c(C#N)cc(N[C@H](C3=CN(C4(C#N)CC4)NN3)c3cccc4ncccc34)cc12,1,IC50,9.0,1,CHEMBL5792124
CC(C)(C)CNc1c(C#N)cnc2c(C#N)cc(N[C@H](C3=CN(C4(C)CC4)NN3)c3cccc4ncccc34)cc12,1,IC50,8.7,1,CHEMBL6050653
Cc1nc(F)ccc1[C@H](Nc1cc(Cl)c2ncc(C#N)c(NCC(C)(C)C)c2c1)C1=CN([C@@H]2C[C@@H]2F)NN1,1,IC50,8.7,1,CHEMBL5768513
CC(C)(C)CNc1c(C#N)cnc2c(C#N)cc(N[C@H](C3=CN(C4(C#N)CC4)NN3)c3cccc4cnccc34)cc12,1,IC50,8.7,1,CHEMBL5790882
CC(C)(C)CNc1c(C#N)cnc2c(C#N)cc(N[C@H](C3=CN(C4(C)CC4)NN3)c3cccc4cnccc34)cc12,1,IC50,8.7,1,CHEMBL5879816
Cc1nc(F)ccc1[C@H](Nc1cc(Cl)c2ncc(C#N)c(N[C@H](C)C(C)(C)C)c2c1)C1=CN(C2(C(F)(F)F)CC2)NN1,1,IC50,7.85,1,CHEMBL5947228
Cc1nc(F)ccc1[C@H](Nc1cc(C#N)c2ncc(C#N)c(N[C@H](C)C(C)(C)C)c2c1)C1=CN(C2(C(F)(F)F)CC2)NN1,1,IC50,8.4,1,CHEMBL5927848
Cc1nc(F)ccc1[C@H](Nc1cc(Cl)c2ncc(C#N)c(NCC(C)(C)C)c2c1)C1=CN(C(F)(F)CO)NN1,1,IC50,8.7,1,CHEMBL5923831
Cc1nc(F)ccc1[C@H](Nc1cc(C#N)c2ncc(C#N)c(NC3CCCCC3)c2c1)C1=CN(C2(C(F)(F)F)CC2)NN1,1,IC50,7.43,1,CHEMBL5885717
CC(C)(C)CNc1c(C#N)cnc2c(C#N)cc(N[C@H](C3=CN(C4(C(N)=O)CC4)NN3)c3cccc4cnccc34)cc12,1,IC50,8.7,1,CHEMBL5920416
CC(C)(C)CNc1c(C#N)cnc2c(C#N)cc(N[C@H](C3=CN(C4(C(N)=O)CCC4)NN3)c3cccc4cnccc34)cc12,1,IC50,9.0,1,CHEMBL5807004
Cc1nc(F)ccc1[C@H](Nc1cc(Cl)c2ncc(C#N)c(NC3CCCCC3)c2c1)C1=CN(C2(C(F)(F)F)CC2)NN1,1,IC50,7.26,1,CHEMBL6060271
Cc1nc(F)ccc1[C@H](Nc1cc(C#N)c2ncc(C#N)c(NCC(C)(C)C)c2c1)C1=CN(C(C)(C)C)NN1,1,IC50,8.7,1,CHEMBL5891063
Cc1nc(F)ccc1[C@H](Nc1cc(C#N)c2ncc(C#N)c(NCC(C)(C)C)c2c1)C1=CN(C(C)(C)C(F)F)NN1,1,IC50,8.52,1,CHEMBL5963710
Cc1nc(F)ccc1[C@H](Nc1cc(C#N)c2ncc(C#N)c(NCC(C)(C)C)c2c1)C1=CN(C(C)(C)C(F)(F)F)NN1,1,IC50,8.3,1,CHEMBL5841112
CCc1nc(F)ccc1[C@H](Nc1cc(Cl)c2ncc(C#N)c(NCC(C)(C)C)c2c1)C1=CN(C2(C(F)F)CC2)NN1,1,IC50,8.3,1,CHEMBL5809227
CCc1nc(F)ccc1[C@H](Nc1cc(Cl)c2ncc(C#N)c(NCC(C)(C)C)c2c1)C1=CN(C2(C(F)(F)F)CC2)NN1,1,IC50,8.1,1,CHEMBL5869051
CC(C)(C)CNc1c(C#N)cnc2c(Cl)cc(N[C@H](C3=CN(C4(CF)CC4)NN3)c3cccc4ccncc34)cc12,1,IC50,8.7,1,CHEMBL5765177
COc1cc(N[C@H](C2=CN(C3(C(F)(F)F)CC3)NN2)c2ccc(F)nc2C)cc2c(NCC(C)(C)C)c(C#N)cnc12,1,IC50,6.68,1,CHEMBL5810347
COc1cc(N[C@H](C2=CN(C3(C#N)CC3)NN2)c2ccc(F)nc2C)cc2c(NCC(C)(C)C)c(C#N)cnc12,1,IC50,7.1,1,CHEMBL5940711
CCc1nc(F)ccc1[C@H](Nc1cc(C#N)c2ncc(C#N)c(NCC(C)(C)C)c2c1)C1=CN(C2(C(F)F)CC2)NN1,1,IC50,8.52,1,CHEMBL5822340
CCc1nc(F)ccc1[C@H](Nc1cc(C#N)c2ncc(C#N)c(NCC(C)(C)C)c2c1)C1=CN(C2(C(F)(F)F)CC2)NN1,1,IC50,8.3,1,CHEMBL5968382
CC(C)(C)CNc1c(C#N)cnc2c(Cl)cc(N[C@H](C3=CN(C4(C(F)(F)F)CC4)NN3)c3cccn4cncc34)cc12,1,IC50,7.89,1,CHEMBL5949763
CCc1ncccc1[C@H](Nc1cc(Cl)c2ncc(C#N)c(NCC(C)(C)C)c2c1)C1=CN(C2(C(F)(F)F)CC2)NN1,1,IC50,8.3,1,CHEMBL6031115
Cc1nc(F)ccc1[C@H](Nc1cc(C#N)c2ncc(C#N)c(NCC(C)(C)C)c2c1)C1=CN(Cc2c(F)cccc2F)NN1,1,IC50,8.4,1,CHEMBL5943408
CCc1ncccc1[C@H](Nc1cc(C#N)c2ncc(C#N)c(NCC(C)(C)C)c2c1)C1=CN(C2(C(F)(F)F)CC2)NN1,1,IC50,8.52,1,CHEMBL5891465
CC(C)(C)CNc1c(C#N)cnc2c(Cl)cc(N[C@H](C3=CN(C4(C(F)F)CC4)NN3)c3cccc4c3NNC4)cc12,1,IC50,8.15,1,CHEMBL5812784
CCc1ncccc1[C@H](Nc1cc(Cl)c2ncc(C#N)c(NCC(C)(C)C)c2c1)C1=CN(C2(C(F)F)CC2)NN1,1,IC50,8.52,1,CHEMBL5882592
Cn1ncc2cccc([C@H](Nc3cc(C#N)c4ncc(C#N)c(NCC(C)(C)C)c4c3)C3=CN(C4(C(F)F)CC4)NN3)c21,1,IC50,8.52,1,CHEMBL5815927
CCc1ncccc1[C@H](Nc1cc(C#N)c2ncc(C#N)c(NCC(C)(C)C)c2c1)C1=CN(C2(C(F)F)CC2)NN1,1,IC50,8.7,1,CHEMBL5946980
Cc1nc(F)ccc1[C@H](Nc1cc(Cl)c2ncc(C#N)c(NC3C4CCCC43)c2c1)C1=CN(C2(C(F)(F)F)CC2)NN1,1,IC50,7.68,1,CHEMBL5875433
Cc1nc(F)ccc1[C@H](Nc1cc(Cl)c2ncc(C#N)c(NC3C4COCC43)c2c1)C1=CN(C2(C(F)(F)F)CC2)NN1,1,IC50,7.38,1,CHEMBL5803150
Cn1ncc2c([C@H](Nc3cc(C#N)c4ncc(C#N)c(NCC(C)(C)C)c4c3)C3=CN(C4CC4)NN3)cccc21,1,IC50,8.7,1,CHEMBL5775729
Cc1nc(F)ccc1[C@H](Nc1cc(C#N)c2ncc(C#N)c(NCC(C)(C)C)c2c1)C1=CN(C2(CO)CC2)NN1,1,IC50,8.7,1,CHEMBL5915264
Cc1nc(F)ccc1[C@H](Nc1cc(Cl)c2ncc(C#N)c(N[C@@H](c3ccccc3)C3CC3)c2c1)C1=CN(C2(C(F)(F)F)CC2)NN1,1,IC50,7.7,1,CHEMBL6063908
Cc1nc(F)ccc1[C@H](Nc1cc(Cl)c2ncc(C#N)c(NCC(C)(C)c3ccccc3)c2c1)C1=CN(C2(C(F)(F)F)CC2)NN1,1,IC50,7.96,1,CHEMBL5940286
Cc1nc(F)ccc1[C@H](Nc1cc(C#N)c2ncc(C#N)c(N[C@@H](c3ccccc3)C3CC3)c2c1)C1=CN(C2(C(F)(F)F)CC2)NN1,1,IC50,7.89,1,CHEMBL5902190
Cc1nc(F)ccc1[C@H](Nc1cc(C#N)c2ncc(C#N)c(NCC(C)(C)c3ccccc3)c2c1)C1=CN(C2(C(F)(F)F)CC2)NN1,1,IC50,8.05,1,CHEMBL5887926
Cc1nc(F)ccc1[C@H](Nc1cc(C#N)c2ncc(C#N)c(NCC(C)(C)C#N)c2c1)C1=CN(C2(C(F)(F)F)CC2)NN1,1,IC50,7.48,1,CHEMBL5929353
CC(C)(C)CNc1c(C#N)cnc2c(Cl)cc(N[C@H](C3=CN(C4(C(F)(F)F)CC4)NN3)c3ccc(F)c4cnccc34)cc12,1,IC50,7.92,1,CHEMBL5909282
CC(C)(C)CNc1c(C#N)cnc2c(Cl)cc(N[C@H](C3=CN(C4(C(F)(F)F)CC4)NN3)c3ccc(F)c4ncccc34)cc12,1,IC50,8.05,1,CHEMBL5947857
Cn1ccc2c([C@H](Nc3cc(Cl)c4ncc(C#N)c(NCC(C)(C)C)c4c3)C3=CN(C4(C(F)(F)F)CC4)NN3)cccc2c1=O,1,IC50,8.52,1,CHEMBL5933788
Cc1ncsc1[C@H](Nc1cc(Cl)c2ncc(C#N)c(NCC(C)(C)C)c2c1)C1=CN(C2(C(F)F)CC2)NN1,1,IC50,8.15,1,CHEMBL5870912
Cc1scnc1[C@H](Nc1cc(Cl)c2ncc(C#N)c(NCC(C)(C)C)c2c1)C1=CN(C2(C(F)F)CC2)NN1,1,IC50,6.99,1,CHEMBL6067939
Cc1nc(F)ccc1[C@H](Nc1cc(C#N)c2ncc(C#N)c(NCC(C)(C)C)c2c1)C1=CN(C2(C3CC3)CC2)NN1,1,IC50,9.0,1,CHEMBL5857367
Cc1nc(F)ccc1[C@H](Nc1cc(C#N)c2ncc(C#N)c(NCC(C)(C)C)c2c1)C1=CN([C@@H]2C[C@@H]2F)NN1,1,IC50,9.0,1,CHEMBL5761064
Cc1nc(F)ccc1[C@H](Nc1cc(C#N)c2ncc(C#N)c(NCC(C)(C)C)c2c1)C1=CN([C@@H](C)CF)NN1,1,IC50,9.0,1,CHEMBL5850364
Cc1nc(F)ccc1[C@H](Nc1cc(Cl)c2ncc(C#N)c(NCC(C)(C)C)c2c1)C1=CN(C2(C(=O)O)CC(F)(F)C2)NN1,1,IC50,7.96,1,CHEMBL5742539
Cc1nc(F)ccc1[C@H](Nc1cc(C#N)c2ncc(C#N)c(NCC(C)(C)C)c2c1)C1=CN(C(C)(C)CF)NN1,1,IC50,8.7,1,CHEMBL5834321
CC(C)(C)CNc1c(C#N)cnc2c(C#N)cc(N[C@H](C3=CN(C4(C(F)(F)F)CC4)NN3)c3ccc(F)c4cnccc34)cc12,1,IC50,8.3,1,CHEMBL5763826
CC(C)(C)CNc1c(C#N)cnc2c(C#N)cc(N[C@H](C3=CN(C4(C(F)(F)F)CC4)NN3)c3ccc(F)c4ncccc34)cc12,1,IC50,8.4,1,CHEMBL6063848
CC(C)(C)CNc1c(C#N)cnc2c(Cl)cc(N[C@H](C3=CN(C4(C(F)(F)F)CC4)NN3)c3cncc4ccccc34)cc12,1,IC50,6.35,1,CHEMBL6013184
CC(C)(C)CNc1c(C#N)cnc2c(Cl)cc(N[C@H](C3=CN(C4(C(F)(F)F)CC4)NN3)c3cnc4ccccc4c3)cc12,1,IC50,6.74,1,CHEMBL5759248
Cc1ncoc1[C@H](Nc1cc(Cl)c2ncc(C#N)c(NCC(C)(C)C)c2c1)C1=CN(C2(C(F)F)CC2)NN1,1,IC50,7.17,1,CHEMBL5887780
Cn1ccc2c([C@H](Nc3cc(C#N)c4ncc(C#N)c(NCC(C)(C)C)c4c3)C3=CN(C4(C(F)(F)F)CC4)NN3)cccc2c1=O,1,IC50,8.7,1,CHEMBL5814763
COc1ccnc2cccc([C@H](Nc3cc(Cl)c4ncc(C#N)c(NCC(C)(C)C)c4c3)C3=CN(C4(C(F)(F)F)CC4)NN3)c12,1,IC50,6.42,1,CHEMBL5762944
Cc1nc(F)ccc1[C@H](Nc1cc(Cl)c2ncc(C#N)c(NCC(C)(C)C#N)c2c1)C1=CN(C2(C(F)(F)F)CC2)NN1,1,IC50,7.55,1,CHEMBL5951869
Cc1nc(F)ccc1[C@H](Nc1cc(C#N)c2ncc(C#N)c(NCC(C)(C)C)c2c1)C1=CN(CC(F)F)NN1,1,IC50,8.7,1,CHEMBL5826359
Cc1nc(F)ccc1[C@H](Nc1cc(Cl)c2ncc(C#N)c(NCC(C)(C)CCl)c2c1)C1=CN(C2(C(F)(F)F)CC2)NN1,1,IC50,8.52,1,CHEMBL5860078
Cc1nc(F)ccc1[C@H](Nc1cc(Cl)c2ncc(C#N)c(NCC3(C(F)F)CC3)c2c1)C1=CN(C2(C(F)(F)F)CC2)NN1,1,IC50,7.16,1,CHEMBL6045121
Cc1nc(F)ccc1[C@H](Nc1cc(C#N)c2ncc(C#N)c(NCC(C)(C)CCl)c2c1)C1=CN(C2(C(F)(F)F)CC2)NN1,1,IC50,8.52,1,CHEMBL5980340
Cc1nc(F)ccc1[C@H](Nc1cc(C#N)c2ncc(C#N)c(NCC3(C(F)F)CC3)c2c1)C1=CN(C2(C(F)(F)F)CC2)NN1,1,IC50,7.24,1,CHEMBL5998932
Cc1nc([C@H](Nc2cc(Cl)c3ncc(C#N)c(NCC(C)(C)C)c3c2)C2=CN(C3(C(F)F)CC3)NN2)c(C)o1,1,IC50,7.24,1,CHEMBL5857842
Cc1ncsc1[C@H](Nc1cc(C#N)c2ncc(C#N)c(NCC(C)(C)C)c2c1)C1=CN(C2(C(F)F)CC2)NN1,1,IC50,8.52,1,CHEMBL6015820
Cc1scnc1[C@H](Nc1cc(C#N)c2ncc(C#N)c(NCC(C)(C)C)c2c1)C1=CN(C2(C(F)F)CC2)NN1,1,IC50,7.26,1,CHEMBL6037257
Cc1nc(F)ccc1[C@H](Nc1cc(C#N)c2ncc(C#N)c(NCC(C)(C)C)c2c1)C1=CN(C2(C(=O)N(C)C)CC2)NN1,1,IC50,8.3,1,CHEMBL5818903
Cc1nc(F)ccc1[C@H](Nc1cc(Cl)c2ncc(C#N)c(NCC(C)(C)C)c2c1)C1=C(I)N(C2CC2)NN1,1,IC50,8.3,1,CHEMBL5939530
Cc1nc(F)ccc1[C@H](Nc1cc(C#N)c2ncc(C#N)c(NCC(C)(C)C)c2c1)C1=CN(C2(C(F)(F)F)COC2)NN1,1,IC50,8.15,1,CHEMBL5852886
Cc1nc(F)ccc1[C@H](Nc1cc(Cl)c2ncc(C#N)c(NCC(C)(C)C)c2c1)C1=CN(C2CC(F)(F)C2)NN1,1,IC50,7.96,1,CHEMBL5758598
Cc1nc(F)ccc1[C@H](Nc1cc(Cl)c2ncc(C#N)c(NCC(C)(C)C)c2c1)C1=CN(C23CC(C2)C3)NN1,1,IC50,8.52,1,CHEMBL5975681
CC1=C([C@@H](Nc2cc(Cl)c3ncc(C#N)c(NCC(C)(C)C)c3c2)c2ccc(F)nc2C)NNN1C1CC1,1,IC50,8.52,1,CHEMBL6049568
Cc1nc(F)ccc1[C@H](Nc1cc(Cl)c2ncc(C#N)c(NCC(C)(C)C)c2c1)C1=CN(C2(CO)COC2)NN1,1,IC50,8.52,1,CHEMBL5904700
Cc1nc(F)ccc1[C@H](Nc1cc(C#N)c2ncc(C#N)c(NCC(C)(C)C)c2c1)C1=CN(C23CC(C2)C3)NN1,1,IC50,8.7,1,CHEMBL5928387
CC(C)(C)CNc1c(C#N)cnc2c(Cl)cc(N[C@H](C3=CN(C4(C(F)(F)F)CC4)NN3)c3ccc(Cl)c4cnccc34)cc12,1,IC50,7.85,1,CHEMBL6055785
CC(C)(C)CNc1c(C#N)cnc2c(Cl)cc(N[C@H](C3=CN(C4(C(F)F)CC4)NN3)c3ccc(F)c4cnccc34)cc12,1,IC50,8.4,1,CHEMBL5825975
CC(C)(C)CNc1c(C#N)cnc2c(Cl)cc(N[C@H](C3=CN(C4(C(F)F)CC4)NN3)c3ccc(F)c4ncccc34)cc12,1,IC50,8.4,1,CHEMBL5920201
Cc1nc(F)ccc1[C@H](Nc1cc(Cl)c2ncc(C#N)c(NCC(C)(C)C)c2c1)C1=CN(Cc2c(F)cccc2F)NN1,1,IC50,8.52,1,CHEMBL5790950
Cn1ncc2c([C@H](Nc3cc(Cl)c4ncc(C#N)c(NCC(C)(C)C)c4c3)C3=CN(Cc4c(F)cccc4F)NN3)cccc21,1,IC50,7.92,1,CHEMBL5743744
Cn1ncc2c([C@H](Nc3cc(C#N)c4ncc(C#N)c(NCC(C)(C)C)c4c3)C3=CN(Cc4c(F)cccc4F)NN3)cccc21,1,IC50,8.4,1,CHEMBL5761151
Cc1ncoc1[C@H](Nc1cc(C#N)c2ncc(C#N)c(NCC(C)(C)C)c2c1)C1=CN(C2(C(F)F)CC2)NN1,1,IC50,7.43,1,CHEMBL5833420
Cn1ccc2c([C@H](Nc3cc(Cl)c4ncc(C#N)c(NCC(C)(C)C)c4c3)C3=CN(C4(C(F)(F)F)CC4)NN3)ccnc21,1,IC50,7.54,1,CHEMBL5966612
Cc1cncc2cccc([C@H](Nc3cc(Cl)c4ncc(C#N)c(NCC(C)(C)C)c4c3)C3=CN(C4(C(F)(F)F)CC4)NN3)c12,1,IC50,7.39,1,CHEMBL5797008
Cc1ccnc2cccc([C@H](Nc3cc(Cl)c4ncc(C#N)c(NCC(C)(C)C)c4c3)C3=CN(C4(C(F)(F)F)CC4)NN3)c12,1,IC50,7.37,1,CHEMBL5939764
Cc1nc(F)ccc1[C@H](Nc1cc(C#N)c2ncc(C#N)c(NCC(C)(C)C)c2c1)C1=CN(C(F)(F)CO)NN1,1,IC50,8.7,1,CHEMBL5820260
Cc1nc(F)ccc1[C@H](Nc1cc(Cl)c2ncc(C#N)c(NCC(C)(C)C)c2c1)C1=C(Cl)N(C2CC2)NN1,1,IC50,8.22,1,CHEMBL5753875
Cc1nc(F)ccc1[C@H](Nc1cc(Cl)c2ncc(C#N)c(NCC(C)(C)C)c2c1)C1=C(F)N(C2CC2)NN1,1,IC50,8.52,1,CHEMBL6056699
Cn1ccc2c([C@H](Nc3cc(C#N)c4ncc(C#N)c(NCC(C)(C)C)c4c3)C3=CN(C4(C(F)(F)F)CC4)NN3)ccnc21,1,IC50,7.92,1,CHEMBL5923851
Cn1nccc1[C@H](Nc1cc(Cl)c2ncc(C#N)c(NCC(C)(C)C)c2c1)C1=CN(C2(C(F)F)CC2)NN1,1,IC50,8.22,1,CHEMBL5909725
Cn1nccc1[C@H](Nc1cc(Cl)c2ncc(C#N)c(NCC(C)(C)C)c2c1)C1=CN(C2(C(F)(F)F)CC2)NN1,1,IC50,7.89,1,CHEMBL5797595
Cc1cncc2cccc([C@H](Nc3cc(C#N)c4ncc(C#N)c(NCC(C)(C)C)c4c3)C3=CN(C4(C(F)(F)F)CC4)NN3)c12,1,IC50,8.0,1,CHEMBL5812501
Cc1ccnc2cccc([C@H](Nc3cc(C#N)c4ncc(C#N)c(NCC(C)(C)C)c4c3)C3=CN(C4(C(F)(F)F)CC4)NN3)c12,1,IC50,7.89,1,CHEMBL6060532
Cc1nc(F)ccc1[C@H](Nc1cc(Cl)c2ncc(C#N)c(N[C@@H]3CCOCC3(C)C)c2c1)C1=CN(C2(C3CC3)CC2)NN1,1,IC50,9.0,1,CHEMBL5928946
CC(C)(C)CNc1c(C#N)cnc2c(C#N)cc(N[C@H](C3=CN(C4(C(F)(F)F)CC4)NN3)c3ccc(C#N)c4cnccc34)cc12,1,IC50,8.3,1,CHEMBL5806638
CC(C)(C)CNc1c(C#N)cnc2c(C#N)cc(N[C@H](C3=CN(C4(C(F)F)CC4)NN3)c3ccc(F)c4ncccc34)cc12,1,IC50,8.7,1,CHEMBL5892140
CC(C)(C)CNc1c(C#N)cnc2c(C#N)cc(N[C@H](C3=CN(C4(C(F)F)CC4)NN3)c3ccc(F)c4cnccc34)cc12,1,IC50,8.7,1,CHEMBL5876618
CC(C)(C)CNc1c(C#N)cnc2c(C#N)cc(N[C@H](C3=CN(C4(C(F)(F)F)CC4)NN3)c3cncc4ccccc34)cc12,1,IC50,6.85,1,CHEMBL5930586
Cc1nc([C@H](Nc2cc(C#N)c3ncc(C#N)c(NCC(C)(C)C)c3c2)C2=CN(C3(C(F)F)CC3)NN2)c(C)o1,1,IC50,7.66,1,CHEMBL5819905
Cc1nc(F)ccc1[C@H](Nc1cc(C#N)c2ncc(C#N)c(NC3CCOCC3(C)C)c2c1)C1=CN(C2(C3CC3)CC2)NN1,1,IC50,9.0,1,CHEMBL5909666
Cn1nccc1[C@H](Nc1cc(C#N)c2ncc(C#N)c(NCC(C)(C)C)c2c1)C1=CN(C2(C(F)F)CC2)NN1,1,IC50,8.4,1,CHEMBL5998176
Cn1nccc1[C@H](Nc1cc(C#N)c2ncc(C#N)c(NCC(C)(C)C)c2c1)C1=CN(C2(C(F)(F)F)CC2)NN1,1,IC50,8.3,1,CHEMBL5779322
CN(C)c1ccc([C@@H](Nc2cc(Cl)c3ncc(C#N)c(NCC(C)(C)C)c3c2)C2=CN(C3CC3)NN2)cn1,1,IC50,7.89,1,CHEMBL6006898
Cc1nc(F)ccc1[C@H](Nc1cc(C#N)c2ncc(C#N)c(NCC(C)(C)C)c2c1)C1=C(Cl)N(C2CC2)NN1,1,IC50,8.52,1,CHEMBL5956271
Cc1nc(F)ccc1[C@H](Nc1cc(C#N)c2ncc(C#N)c(NCC(C)(C)C)c2c1)C1=C(F)N(C2CC2)NN1,1,IC50,8.7,1,CHEMBL5909516
CC(C)(C)CNc1c(C#N)cnc2c(Cl)cc(N[C@H](C3=CN(C4(C5CC5)CC4)NN3)c3cccc4cnccc34)cc12,1,IC50,8.15,1,CHEMBL6057486
CC(C)(C)CNc1c(C#N)cnc2c(Cl)cc(N[C@H](C3=CN(C(C)(C)C(F)F)NN3)c3cccc4cnccc34)cc12,1,IC50,7.46,1,CHEMBL5779959
CC(C)(C)CNc1c(C#N)cnc2c(Cl)cc(N[C@H](C3=CN(C(C)(C)CF)NN3)c3cccc4cnccc34)cc12,1,IC50,7.85,1,CHEMBL5834209
CC(C)(C)CNc1c(C#N)cnc2c(Cl)cc(N[C@H](C3=CN(C45CC(C4)C5)NN3)c3cccc4cnccc34)cc12,1,IC50,8.4,1,CHEMBL6044391
Cc1nc(F)ccc1[C@H](Nc1cc(Cl)c2ncc(C#N)c(NCC(C)(C)C)c2c1)C1=C(C#N)N(C2CC2)NN1,1,IC50,8.4,1,CHEMBL5909338
Cc1ccc([C@H](Nc2cc(Cl)c3ncc(C#N)c(NCC(C)(C)C)c3c2)C2=CN(C3(C(F)(F)F)CC3)NN2)c(C)n1,1,IC50,7.82,1,CHEMBL5850600
Cc1ccc([C@H](Nc2cc(Cl)c3ncc(C#N)c(NCC(C)(C)C)c3c2)C2=CN(C3(C(F)(F)F)CC3)NN2)c(F)n1,1,IC50,7.52,1,CHEMBL6022949
Cc1ccc([C@H](Nc2cc(C#N)c3ncc(C#N)c(NCC(C)(C)C)c3c2)C2=CN(C3(C(F)(F)F)CC3)NN2)c(C)n1,1,IC50,8.05,1,CHEMBL5975243
Cc1ccc([C@H](Nc2cc(C#N)c3ncc(C#N)c(NCC(C)(C)C)c3c2)C2=CN(C3(C(F)(F)F)CC3)NN2)c(F)n1,1,IC50,7.68,1,CHEMBL5831023
CC(C)(C)CNc1c(C#N)cnc2c(Cl)cc(N[C@H](C3=CN(C4(C5CC5)CC4)NN3)c3cccc4ncccc34)cc12,1,IC50,8.22,1,CHEMBL5816578
CC(C)(C)CNc1c(C#N)cnc2c(Cl)cc(N[C@H](C3=CN([C@@H]4C[C@@H]4F)NN3)c3cccc4ncccc34)cc12,1,IC50,8.52,1,CHEMBL5967046
CC(C)(C)CNc1c(C#N)cnc2c(Cl)cc(N[C@H](C3=CN(C(C)(C)C(F)F)NN3)c3cccc4ncccc34)cc12,1,IC50,7.82,1,CHEMBL5807044
CC(C)(C)CNc1c(C#N)cnc2c(Cl)cc(N[C@H](C3=CN(C(C)(C)CF)NN3)c3cccc4ncccc34)cc12,1,IC50,8.15,1,CHEMBL5968112
CC(C)(C)CNc1c(C#N)cnc2c(Cl)cc(N[C@H](C3=CN(C45CC(C4)C5)NN3)c3cccc4ncccc34)cc12,1,IC50,8.52,1,CHEMBL5755363
CC(C)(C)CNc1c(C#N)cnc2c(C#N)cc(N[C@H](C3=CN(C4(C5CC5)CC4)NN3)c3cccc4ncccc34)cc12,1,IC50,8.7,1,CHEMBL6046774
CC(C)(C)CNc1c(C#N)cnc2c(C#N)cc(N[C@H](C3=CN(C45CC(C4)C5)NN3)c3cccc4ncccc34)cc12,1,IC50,9.0,1,CHEMBL6015239
CC(C)(C)CNc1c(C#N)cnc2c(Cl)cc(N[C@H](C3=CN(C4(C(F)(F)F)CC4)NN3)c3ccc4cccnc4c3)cc12,1,IC50,7.57,1,CHEMBL6019018
CC(C)(C)CNc1c(C#N)cnc2c(Cl)cc(N[C@H](C3=CN(C4(C(F)F)CC4)NN3)c3ccc4cccnc4c3)cc12,1,IC50,7.92,1,CHEMBL5749360
CC(C)(C)CNc1c(C#N)cnc2c(C#N)cc(N[C@H](C3=CN(C4(C(F)(F)F)CC4)NN3)c3cccc4c(=O)[nH]ccc34)cc12,1,IC50,8.7,1,CHEMBL6023899
Cc1ncsc1[C@H](Nc1cc(Cl)c2ncc(C#N)c(NCC(C)(C)C)c2c1)C1=CN(C2(C(F)(F)F)CC2)NN1,1,IC50,8.0,1,CHEMBL5770894
Cc1ncsc1[C@H](Nc1cc(Cl)c2ncc(C#N)c(NCC(C)(C)C)c2c1)C1=CN(C2(C3CC3)CC2)NN1,1,IC50,8.4,1,CHEMBL6038402
CC(C)(C)CNc1c(C#N)cnc2c(C#N)cc(N[C@H](C3=CN(C4(C5CC5)CC4)NN3)c3cccc4cnccc34)cc12,1,IC50,8.7,1,CHEMBL5755720
CC(C)(C)CNc1c(C#N)cnc2c(C#N)cc(N[C@H](C3=CN(C4C[C@@H]4F)NN3)c3cccc4cnccc34)cc12,1,IC50,9.0,1,CHEMBL5936173
CC(C)(C)CNc1c(C#N)cnc2c(C#N)cc(N[C@H](C3=CN(C(C)(C)C(F)F)NN3)c3cccc4cnccc34)cc12,1,IC50,8.22,1,CHEMBL5862252
CC(C)(C)CNc1c(C#N)cnc2c(C#N)cc(N[C@H](C3=CN(C45CC(C4)C5)NN3)c3cccc4cnccc34)cc12,1,IC50,8.7,1,CHEMBL6008076
Cc1nc(F)ccc1[C@H](Nc1cc(Cl)c2ncc(C#N)c(NCC(C)(C)C)c2c1)C1=C(I)N(C2(C(F)F)CC2)NN1,1,IC50,7.8,2,CHEMBL6054496
CC(C)(C)CNc1c(C#N)cnc2c(C#N)cc(N[C@H](C3=CN(C4(C(F)F)CC4)NN3)c3ccc4cccnc4c3)cc12,1,IC50,8.22,2,CHEMBL5838142
CC(C)(C)CNc1c(C#N)cnc2c(Cl)cc(N[C@H](C3=CN(C4(C(F)(F)F)CC4)NN3)c3ccc(Cl)c4ncccc34)cc12,1,IC50,7.77,2,CHEMBL6001372
CC(C)(C)CNc1c(C#N)cnc2c(C#N)cc(N[C@H](C3=CN(C4(C(F)(F)F)CC4)NN3)c3ccc(C#N)c4ncccc34)cc12,1,IC50,8.3,2,CHEMBL5912662
Cn1ccc2c([C@H](Nc3cc(Cl)c4ncc(C#N)c(NCC(C)(C)C)c4c3)C3=CN(C45CC(C4)C5)NN3)cccc2c1=O,1,IC50,8.7,2,CHEMBL6060270
Cn1ccc2c([C@H](Nc3cc(Cl)c4ncc(C#N)c(NCC(C)(C)C)c4c3)C3=CN(C4CCN(C(C)(C)C)CC4)NN3)cccc2c1=O,1,IC50,8.22,1,CHEMBL5892389
Cc1nc(F)ccc1[C@H](Nc1cc(Cl)c2ncc(C#N)c(NCC(C)(C)C(F)(F)F)c2c1)C1=CN(C(C)(C)C)NN1,1,IC50,8.52,1,CHEMBL5988366
Cc1nc(F)ccc1[C@H](Nc1cc(Cl)c2ncc(C#N)c(NCC(C)(C)C)c2c1)C1=CN(C2CC2)NN1,1,IC50,8.7,1,CHEMBL5854107
Cc1ccc([C@H](Nc2cc(Cl)c3ncc(C#N)c(NCC(C)(C)C)c3c2)C2=CN(C3(C(F)F)CC3)NN2)c(C)n1,1,IC50,8.1,1,CHEMBL6011854
Cc1nc(Cl)ccc1[C@H](Nc1cc(Cl)c2ncc(C#N)c(NCC(C)(C)C)c2c1)C1=CN(C2(C(F)F)CC2)NN1,1,IC50,8.05,1,CHEMBL5898457
Cc1nc(F)ccc1[C@H](Nc1cc(Cl)c2ncc(C#N)c(NCC(C)(C)C(F)(F)F)c2c1)C1=CN(C23CC(C2)C3)NN1,1,IC50,8.7,1,CHEMBL5953516
Cc1nc(F)ccc1[C@H](Nc1cc(Cl)c2ncc(C#N)c(NCC(C)(C)C(F)(F)F)c2c1)C1=CN(C2(C)CC2)NN1,1,IC50,8.7,1,CHEMBL5851917
Cc1nc(F)ccc1[C@H](Nc1cc(Cl)c2ncc(C#N)c(NCC(C)(C)C(F)(F)F)c2c1)C1=CN(C2(C(F)(F)F)CC2)NN1,1,IC50,8.22,1,CHEMBL5926958
Cc1nc(F)ccc1[C@H](Nc1cc(Cl)c2ncc(C#N)c(NCC(C)(C)S(C)(=O)=O)c2c1)C1=CN(C2(C(F)(F)F)CC2)NN1,1,IC50,7.37,1,CHEMBL6036871
CC[C@@H](Nc1c(C#N)cnc2c(Cl)cc(N[C@H](C3=CN(C4(C(F)F)CC4)NN3)c3ccc(F)nc3C)cc12)c1ccccc1,1,IC50,8.4,1,CHEMBL6063486
Cn1ccc2c([C@H](Nc3cc(Cl)c4ncc(C#N)c(NCC(C)(C)C(F)(F)F)c4c3)C3=CN(C4(C(F)F)CC4)NN3)cccc2c1=O,1,IC50,8.52,1,CHEMBL6039698
Cc1nc(F)ccc1[C@@H](Nc1cc(Cl)c2ncc(C#N)c(NCC(C)(C)C)c2c1)C1=CN(C2(C(F)F)CC2)NN1,1,IC50,8.52,1,CHEMBL5966296
CC(C)(CNc1c(C#N)cnc2c(Cl)cc(N[C@H](C3=CN(C4(C(F)F)CC4)NN3)c3cccc4c(=O)[nH]ccc34)cc12)C(F)(F)F,1,IC50,8.4,1,CHEMBL5970015
Cc1nc(F)ccc1[C@H](Nc1cc(Cl)c2ncc(C#N)c(NCC(C)(C)C(F)(F)F)c2c1)C1=CN(C2(C(F)F)CC2)NN1,1,IC50,8.52,1,CHEMBL5918820
Cn1cnc2c([C@H](Nc3cc(Cl)c4ncc(C#N)c(NCC(C)(C)C)c4c3)C3=CN(C45CC(C4)C5)NN3)cccc2c1=O,1,IC50,8.15,1,CHEMBL5780871
COc1ccc([C@H](Nc2cc(Cl)c3ncc(C#N)c(NCC(C)(C)C)c3c2)C2=CN(C3(C(F)F)CC3)NN2)c(C)n1,1,IC50,8.3,1,CHEMBL5812558
Cn1ccc2c([C@H](Nc3cc(Cl)c4ncc(C#N)c(NCC5(C(F)(F)F)CCC5)c4c3)C3=CN(C4(C(F)F)CC4)NN3)cccc2c1=O,1,IC50,8.0,1,CHEMBL5913616
Cc1nc(F)ccc1[C@H](Nc1cc(Cl)c2ncc(C#N)c(NCC3(C(F)(F)F)CCC3)c2c1)C1=CN(C2(C(F)F)CC2)NN1,1,IC50,7.96,1,CHEMBL6057645
Cc1c([C@H](Nc2cc(Cl)c3ncc(C#N)c(NCC(C)(C)C)c3c2)C2=CN(C3(C(F)F)CC3)NN2)ccc(=O)n1C,1,IC50,7.96,1,CHEMBL5823172
Cc1nc(F)ccc1[C@H](Nc1cc(Cl)c2ncc(C#N)c(NCC3C(C)(C)C3(C)C)c2c1)C1=CN(C2(C(F)F)CC2)NN1,1,IC50,7.38,1,CHEMBL5813491
CC(C)(C)CNc1c(C#N)cnc2c(Cl)cc(N[C@H](C3=CN(C4(C(F)(F)F)CC4)NN3)c3cccc4nccnc34)cc12,1,IC50,7.39,1,CHEMBL5852243
CC(C)(C)CNc1c(C#N)cnc2c(Cl)cc(N[C@H](C3=CN(C45CC(C4)C5)NN3)c3cccc4[nH]ccc34)cc12,1,IC50,7.33,1,CHEMBL6010206
Cn1ccc2c([C@H](Nc3cc(Cl)c4ncc(C#N)c(NCC(C)(C)C)c4c3)C3=CN(C4(C(F)F)CC4)NN3)cccc21,1,IC50,6.93,1,CHEMBL5775870
CN1Cc2c(cccc2[C@H](Nc2cc(Cl)c3ncc(C#N)c(NCC(C)(C)C)c3c2)C2=CN(C3(C(F)F)CC3)NN2)C1=O,1,IC50,8.52,1,CHEMBL6060697
CC(C)(C)CNc1c(C#N)cnc2c(Cl)cc(N[C@H](C3=CN(C4CC4)NN3)c3csc4cnccc34)cc12,1,IC50,8.7,1,CHEMBL5795465
Cc1nc(F)ccc1[C@H](Nc1cc(Cl)c2ncc(C#N)c(NCC34CC(C3)C4)c2c1)C1=CN(C2(C(F)F)CC2)NN1,1,IC50,7.68,1,CHEMBL5935788
Cc1nc(F)ccc1[C@H](Nc1cc(Cl)c2ncc(C#N)c(NCC34CC(C3)C4)c2c1)C1=CN(C2(C(F)(F)F)CC2)NN1,1,IC50,7.35,1,CHEMBL5759524
CC(C)(C)CNc1c(C#N)cnc2c(Cl)cc(N[C@H](C3=CN(C4(C(F)(F)F)CC4)NN3)c3csc4cnccc34)cc12,1,IC50,8.22,1,CHEMBL5762000
Cc1nc(F)ccc1[C@H](Nc1cc(Cl)c2ncc(C#N)c(Nc3cnc(F)c(F)c3)c2c1)C1=CN(C2(C(F)F)CC2)NN1,1,IC50,7.77,1,CHEMBL5765377
CC(C)(C)CNc1c(C#N)cnc2c(Cl)cc(N[C@H](C3=CN(C4(C(F)F)CC4)NN3)c3cccc4c(=O)n(CC(F)F)ccc34)cc12,1,IC50,8.3,1,CHEMBL5948070
Cn1ccc2c([C@H](Nc3cc(Cl)c4ncc(C#N)c(NCC(C)(C)C)c4c3)C3=CN(C4(C(F)F)CC4)NN3)cccc2c1=O,1,IC50,8.52,1,CHEMBL5988402
Cn1ccc2c([C@H](Nc3cc(Cl)c4ncc(C#N)c(NCC(C)(C)C)c4c3)C3=CN(C4CC4)NN3)cccc2c1=O,1,IC50,8.7,1,CHEMBL5975352
Cc1nc(F)ccc1[C@H](Nc1cc(Cl)c2ncc(C#N)c(NCC(C)(C)CO)c2c1)C1=CN(C2(C(F)F)CC2)NN1,1,IC50,7.89,1,CHEMBL6061803
Cn1ccc2c([C@H](Nc3cc(Cl)c4ncc(C#N)c(NCC(C)(C)C)c4c3)C3=CN(C(C)(C)C)NN3)cccc2c1=O,1,IC50,8.4,1,CHEMBL5968371
Cc1nc(F)ccc1[C@H](Nc1cc(Cl)c2ncc(C#N)c(NCC(C)(C)C)c2c1)C1=CN([C@@H]2CC2C(F)F)NN1,1,IC50,8.3,1,CHEMBL5974959
Cc1nc(F)ccc1[C@H](Nc1cc(Cl)c2ncc(C#N)c(NCC(C)(C)C)c2c1)C1=CN(CC(C)(F)F)NN1,1,IC50,8.22,1,CHEMBL5805206
CCC(F)(F)CN1C=C([C@@H](Nc2cc(Cl)c3ncc(C#N)c(NCC(C)(C)C)c3c2)c2ccc(F)nc2C)NN1,1,IC50,7.96,1,CHEMBL5938251
Cc1nc(F)ccc1[C@H](Nc1cc(Cl)c2ncc(C#N)c(NCC(C)(C)C)c2c1)C1=CN(CC2(C(F)(F)F)CC2)NN1,1,IC50,7.82,1,CHEMBL6046442
Cc1nc(F)ccc1[C@H](Nc1cc(Cl)c2ncc(C#N)c(NCC(C)(C)C)c2c1)C1=CN(CC2(C(F)F)CC2)NN1,1,IC50,8.3,1,CHEMBL5956882
Cc1nc(F)ccc1[C@H](Nc1cc(Cl)c2ncc(C#N)c(NCC(C)(C)C)c2c1)C1=CN(C2(CC(F)(F)F)CC2)NN1,1,IC50,8.3,1,CHEMBL5971053
CCC1(N2C=C([C@@H](Nc3cc(Cl)c4ncc(C#N)c(NCC(C)(C)C)c4c3)c3ccc(F)nc3C)NN2)CC1,1,IC50,8.52,1,CHEMBL6012396
Cc1nc(F)ccc1[C@H](Nc1cc(Cl)c2ncc(C#N)c(NCC(C)(C)C)c2c1)C1=CN(CC(C)(C)C(F)(F)F)NN1,1,IC50,7.6,1,CHEMBL5849525
CCC1(N2C=C([C@@H](Nc3cc(Cl)c4ncc(C#N)c(NCC(C)(C)C)c4c3)c3cccc4c(=O)n(C)ccc34)NN2)CC1,1,IC50,8.52,1,CHEMBL5762432
Cc1nc(F)ccc1[C@H](Nc1cc(Cl)c2ncc(C#N)c(NCC(C)(C)C)c2c1)C1=CN(C2(C(C)C)CC2)NN1,1,IC50,8.3,1,CHEMBL5881427
Cc1nc(F)ccc1[C@H](Nc1cc(Cl)c2ncc(C#N)c(NCC(C)(C)C)c2c1)C1=CN(C(C)(C)C2CC2)NN1,1,IC50,8.4,1,CHEMBL5759138
Cc1nc(F)ccc1[C@H](Nc1cc(Cl)c2ncc(C#N)c(NCC(C)(C)C)c2c1)C1=CN(C2(C)COC2)NN1,1,IC50,8.7,1,CHEMBL5788798
Cn1ccc2c([C@H](Nc3cc(Cl)c4ncc(C#N)c(NCC(C)(C)C)c4c3)C3=CN(C4(C)COC4)NN3)cccc2c1=O,1,IC50,8.7,1,CHEMBL6055384
Cc1nc(F)ccc1[C@H](Nc1cc(Cl)c2ncc(C#N)c(NCC(C)(C)C)c2c1)C1=CN(C2(C(C)(C)C)CC2)NN1,1,IC50,8.22,1,CHEMBL5967802
Cc1nc(F)ccc1[C@H](Nc1cc(Cl)c2ncc(C#N)c(NCC(C)(C)C)c2c1)C1=CN(C(CF)CF)NN1,1,IC50,8.52,1,CHEMBL5741542
Cc1nc(F)ccc1[C@H](Nc1cc(Cl)c2ncc(C#N)c(NCC(C)(C)C(F)(F)F)c2c1)C1=CN(C2(C3CC3)CC2)NN1,1,IC50,8.52,1,CHEMBL5815315
Cc1nc(F)ccc1[C@H](Nc1cc(Cl)c2ncc(C#N)c(NCC(C)(C)C)c2c1)C1=CN(CC2(C)CC2)NN1,1,IC50,8.4,1,CHEMBL5760623
CC(C)(C)CNc1c(C#N)cnc2c(Cl)cc(N[C@H](C3=CN(C4(C(F)F)CC4)NN3)c3cccc4c(=O)[nH]ccc34)cc12,1,IC50,8.4,1,CHEMBL6006209
Cc1nc(F)ccc1[C@H](Nc1cc(Cl)c2ncc(C#N)c(NCC(C)(C)C)c2c1)C1=CN(C2CC23CC3)NN1,1,IC50,8.7,1,CHEMBL5870141
Cn1ccc2c([C@H](Nc3cc(Cl)c4ncc(C#N)c(NCC(C)(C)C)c4c3)C3=CN(C4(C(F)F)CC4)NN3)ccnc21,1,IC50,7.75,1,CHEMBL5866695
Cn1ccc2c([C@H](Nc3cc(Cl)c4ncc(C#N)c(NCC(C)(C)CO)c4c3)C3=CN(C45CC(C4)C5)NN3)cccc2c1=O,1,IC50,8.22,1,CHEMBL5916687
CCn1ccc2c([C@H](Nc3cc(Cl)c4ncc(C#N)c(NCC(C)(C)C)c4c3)C3=CN(C45CC(C4)C5)NN3)cccc2c1=O,1,IC50,8.7,1,CHEMBL6021944
CC(C)(C)CNc1c(C#N)cnc2c(Cl)cc(N[C@H](C3=CN(C4(C(F)(F)F)CC4)NN3)c3cccc4c(=O)n(CC(F)F)ccc34)cc12,1,IC50,8.4,1,CHEMBL5858513
CC(C)(C)CNc1c(C#N)cnc2c(Cl)cc(N[C@H](C3=CN(C4(C(F)(F)F)CC4)NN3)c3cccc4c(=O)n(CC(F)(F)F)ccc34)cc12,1,IC50,8.4,1,CHEMBL5912163
CC(C)n1ccc2c([C@H](Nc3cc(Cl)c4ncc(C#N)c(NCC(C)(C)C)c4c3)C3=CN(C45CC(C4)C5)NN3)cccc2c1=O,1,IC50,8.7,1,CHEMBL5933155
CCn1ccc2c([C@H](Nc3cc(Cl)c4ncc(C#N)c(NCC(C)(C)C)c4c3)C3=CN(C4(C)CC4)NN3)cccc2c1=O,1,IC50,8.7,1,CHEMBL6045539
CC(C)n1ccc2c([C@H](Nc3cc(Cl)c4ncc(C#N)c(NCC(C)(C)C)c4c3)C3=CN(C4(C)CC4)NN3)cccc2c1=O,1,IC50,8.7,1,CHEMBL6007318
Cn1ccc2c([C@H](Nc3cc(Cl)c4ncc(C#N)c(NCC(C)(C)C)c4c3)C3=CN(C4(CF)CC4)NN3)cccc2c1=O,1,IC50,8.52,1,CHEMBL5913601
Cn1ccc2c([C@H](Nc3cc(Cl)c4ncc(C#N)c(NCC(C)(C)C)c4c3)C3=CN(C4(C)CC4)NN3)cccc2c1=O,1,IC50,8.7,1,CHEMBL6050763
Cn1ccc2c([C@H](Nc3cc(Cl)c4ncc(C#N)c(NCC(C)(C)C)c4c3)C3=CN(C(CF)CF)NN3)cccc2c1=O,1,IC50,8.3,1,CHEMBL5855225
C[C@@H](CF)N1C=C([C@@H](Nc2cc(Cl)c3ncc(C#N)c(NCC(C)(C)C)c3c2)c2cccc3c(=O)n(C)ccc23)NN1,1,IC50,8.4,1,CHEMBL5772398
Cn1ccc2c([C@H](Nc3cc(Cl)c4ncc(C#N)c(NCC(C)(C)C)c4c3)C3=CN(C4(C5CC5)CC4)NN3)cccc2c1=O,1,IC50,8.52,1,CHEMBL6011434
Cn1ccc2c([C@H](Nc3cc(Cl)c4ncc(C#N)c(NCC(C)(C)C(F)(F)F)c4c3)C3=CN(C4(C(F)(F)F)CC4)NN3)cccc2c1=O,1,IC50,8.3,1,CHEMBL5988997
Cn1ccc2c([C@H](Nc3cc(Cl)c4ncc(C#N)c(NCC(C)(C)C(F)(F)F)c4c3)C3=CN(C4(C)CC4)NN3)cccc2c1=O,1,IC50,8.7,1,CHEMBL5962683
COc1ncccc1[C@H](Nc1cc(Cl)c2ncc(C#N)c(NCC(C)(C)C)c2c1)C1=CN(C2(C(F)(F)F)CC2)NN1,1,IC50,7.64,1,CHEMBL5831206
Cn1ccc2c([C@H](Nc3cc(Cl)c4ncc(C#N)c(NCC(C)(C)C(F)(F)F)c4c3)C3=CN(C4(C5CC5)CC4)NN3)cccc2c1=O,1,IC50,8.7,1,CHEMBL5938227
C[C@@H](CF)N1C=C([C@@H](Nc2cc(Cl)c3ncc(C#N)c(NCC(C)(C)C(F)(F)F)c3c2)c2cccc3c(=O)n(C)ccc23)NN1,1,IC50,8.52,1,CHEMBL5824770
Cn1ccc2c([C@H](Nc3cc(Cl)c4ncc(C#N)c(NCC(C)(C)C(F)(F)F)c4c3)C3=CN(C45CC(C4)C5)NN3)cccc2c1=O,1,IC50,8.7,1,CHEMBL6030509
Cn1c(=O)ccc2c([C@H](Nc3cc(Cl)c4ncc(C#N)c(NCC(C)(C)C)c4c3)C3=CN(C45CC(C4)C5)NN3)cccc21,1,IC50,8.3,1,CHEMBL5761010
CC(C)(C)CNc1c(C#N)cnc2c(Cl)cc(N[C@H](C3=CN(C45CC(C4)C5)NN3)c3cccc4c(=O)[nH]ccc34)cc12,1,IC50,8.7,1,CHEMBL5852605
CC(C)(C)CNc1c(C#N)cnc2c(Cl)cc(N[C@H](C3=CN(C4(C(F)(F)F)CC4)NN3)c3cccc4c(=O)n(C(F)F)ccc34)cc12,1,IC50,7.64,1,CHEMBL6034266
Cn1c(=O)ccc2c([C@H](Nc3cc(Cl)c4ncc(C#N)c(NCC(C)(C)C)c4c3)C3=CN(C4(C(F)(F)F)CC4)NN3)cccc21,1,IC50,7.89,1,CHEMBL5778061
CN1C=C([C@@H](Nc2cc(Cl)c3ncc(C#N)c(NCC(C)(C)C)c3c2)c2cccc3c(=O)n(C)ccc23)NN1,1,IC50,8.3,1,CHEMBL5767274
Cc1nc(F)ccc1C(Nc1cc(Cl)c2ncc(C#N)c(NCC(C)(C)C)c2c1)C1=CN(C)NN1,1,IC50,7.66,1,CHEMBL5926535
Cc1nc(F)ccc1[C@H](Nc1cc(Cl)c2ncc(C#N)c(NCC3(C)COC3)c2c1)C1=CN(C2(C(F)(F)F)CC2)NN1,1,IC50,7.05,1,CHEMBL6040102
CC(C)(C)CNc1c(C#N)cnc2c(Cl)cc(N[C@H](C3=CN(C4(C(F)(F)F)CC4)NN3)c3ccc(Cl)nc3)cc12,1,IC50,7.46,1,CHEMBL6041702
Cc1nc(Cl)ccc1[C@H](Nc1cc(Cl)c2ncc(C#N)c(NCC(C)(C)C)c2c1)C1=CN(C2(C(F)(F)F)CC2)NN1,1,IC50,7.82,1,CHEMBL5956472
Cc1ccc([C@H](Nc2cc(Cl)c3ncc(C#N)c(NCC(C)(C)C)c3c2)C2=CN(C3(C(F)(F)F)CC3)NN2)cn1,1,IC50,7.47,1,CHEMBL5916714
Cn1ccc2c([C@H](Nc3cc(Cl)c4ncc(C#N)c(NCC(C)(C)C)c4c3)C3=CN(C4CCC4)NN3)cccc2c1=O,1,IC50,8.7,1,CHEMBL6033348
CC1(N2C=C([C@@H](Nc3cc(Cl)c4ncc(C#N)c(NCC(C)(C)C(F)(F)F)c4c3)c3cccc4ncccc34)NN2)CC1,1,IC50,8.52,1,CHEMBL5958646
CC(C)(CNc1c(C#N)cnc2c(Cl)cc(N[C@H](C3=CN(C4(C5CC5)CC4)NN3)c3cccc4ncccc34)cc12)C(F)(F)F,1,IC50,8.15,1,CHEMBL6017760
CC(C)(CNc1c(C#N)cnc2c(Cl)cc(N[C@H](C3=CN(C45CC(C4)C5)NN3)c3cccc4ncccc34)cc12)C(F)(F)F,1,IC50,8.4,1,CHEMBL5837076
Cn1ccc2c([C@H](Nc3cc(Cl)c4ncc(C#N)c(NCC(C)(C)C)c4c3)C3=CN(C4(C)CCC4)NN3)cccc2c1=O,1,IC50,8.7,1,CHEMBL5935427
CCC(C)N1C=C([C@@H](Nc2cc(Cl)c3ncc(C#N)c(NCC(C)(C)C)c3c2)c2cccc3c(=O)n(C)ccc23)NN1,1,IC50,8.52,1,CHEMBL5975926
COCC(C)N1C=C([C@@H](Nc2cc(Cl)c3ncc(C#N)c(NCC(C)(C)C)c3c2)c2cccc3c(=O)n(C)ccc23)NN1,1,IC50,8.4,1,CHEMBL6058591
C[C@@H](CF)N1C=C([C@@H](Nc2cc(Cl)c3ncc(C#N)c(NCC(C)(C)C)c3c2)c2cccc3ncccc23)NN1,1,IC50,8.15,1,CHEMBL5826650
CC(C)(C)CNc1c(C#N)cnc2c(Cl)cc(N[C@H](C3=CN(C(CF)CF)NN3)c3cccc4ncccc34)cc12,1,IC50,8.05,1,CHEMBL5741920
COc1ccc([C@H](Nc2cc(Cl)c3ncc(C#N)c(NCC(C)(C)C)c3c2)C2=CN(C3(C(F)(F)F)CC3)NN2)cn1,1,IC50,7.55,1,CHEMBL5915123
Cc1nnc(C2(N3C=C([C@@H](Nc4cc(Cl)c5ncc(C#N)c(NCC(C)(C)C)c5c4)c4ccc(F)nc4C)NN3)CC2)o1,1,IC50,8.52,1,CHEMBL5885055
COc1nccc2c([C@H](Nc3cc(C#N)c4ncc(C#N)c(NCC(C)(C)C)c4c3)C3=CN(C45CC(C4)C5)NN3)cccc12,1,IC50,8.52,1,CHEMBL5896195
COc1nccc2c([C@H](Nc3cc(C#N)c4ncc(C#N)c(NCC(C)(C)C)c4c3)C3=CN(C4CC4)NN3)cccc12,1,IC50,8.52,1,CHEMBL6033422
COc1nccc2c([C@H](Nc3cc(C#N)c4ncc(C#N)c(NCC(C)(C)C)c4c3)C3=CN(C4(C)CC4)NN3)cccc12,1,IC50,8.52,1,CHEMBL5860638
COc1nccc2c([C@H](Nc3cc(C#N)c4ncc(C#N)c(NCC(C)(C)C)c4c3)C3=CN(C4(C(F)F)CC4)NN3)cccc12,1,IC50,8.4,1,CHEMBL5873547
COc1ccc2c([C@H](Nc3cc(C#N)c4ncc(C#N)c(NCC(C)(C)C)c4c3)C3=CN(C4(C(F)(F)F)CC4)NN3)cccc2n1,1,IC50,7.96,1,CHEMBL6004777
COc1nccc2c([C@H](Nc3cc(C#N)c4ncc(C#N)c(NCC(C)(C)C)c4c3)C3=CN(C4(C(F)(F)F)CC4)NN3)cccc12,1,IC50,8.3,1,CHEMBL5981415
CC1(N2C=C([C@@H](Nc3cc(C#N)c4ncc(C#N)c(NCC(C)(C)C(F)(F)F)c4c3)c3ccc(F)c4ncccc34)NN2)CC1,1,IC50,8.7,1,CHEMBL5850193
CC(C)(C)CNc1c(C#N)cnc2c(C#N)cc(N[C@H](C3=CN(C45CC(C4)C5)NN3)c3ccc(F)c4ncccc34)cc12,1,IC50,8.7,1,CHEMBL5747811
CC(C)(CNc1c(C#N)cnc2c(C#N)cc(N[C@H](C3=CN(C4(C(F)F)CC4)NN3)c3ccc(F)c4ncccc34)cc12)C(F)(F)F,1,IC50,8.52,1,CHEMBL5844276
CC(C)(CNc1c(C#N)cnc2c(C#N)cc(N[C@H](C3=CN(C45CC(C4)C5)NN3)c3ccc(F)c4ncccc34)cc12)C(F)(F)F,1,IC50,9.0,1,CHEMBL5873371
CC(C)(C)CNc1c(C#N)cnc2c(C#N)cc(N[C@H](C3=CN(C4(C(F)(F)F)CC4)NN3)c3cccc4c(C#N)nccc34)cc12,1,IC50,8.0,1,CHEMBL6058935
COc1nccc2c([C@H](Nc3cc(C#N)c4ncc(C#N)c(NCC(C)(C)C(F)(F)F)c4c3)C3=CN(C4(C)CC4)NN3)cccc12,1,IC50,8.7,1,CHEMBL6022090
COc1nccc2c([C@H](Nc3cc(C#N)c4ncc(C#N)c(NCC(C)(C)C(F)(F)F)c4c3)C3=CN(C45CC(C4)C5)NN3)cccc12,1,IC50,8.52,1,CHEMBL5913125
COc1nccc2c([C@H](Nc3cc(C#N)c4ncc(C#N)c(NCC(C)(C)C(F)(F)F)c4c3)C3=CN(C4(C(F)F)CC4)NN3)cccc12,1,IC50,8.52,1,CHEMBL5813513
CC(C)(C)CNc1c(C#N)cnc2c(C#N)cc(N[C@H](C3=CN(C4(C(F)(F)F)CC4)NN3)c3ccc4nccn4c3)cc12,1,IC50,8.0,1,CHEMBL5813210
COc1nccc2c([C@H](Nc3cc(C#N)c4ncc(C#N)c(NCC(C)(C)C)c4c3)C3=CN(C4(C5CC5)CC4)NN3)cccc12,1,IC50,8.4,1,CHEMBL5771960
COc1nccc2c([C@H](Nc3cc(C#N)c4ncc(C#N)c(NCC(C)(C)C)c4c3)C3=CN([C@@H](C)CF)NN3)cccc12,1,IC50,8.3,1,CHEMBL5866385
COc1nccc2c([C@H](Nc3cc(C#N)c4ncc(C#N)c(NCC(C)(C)C)c4c3)C3=CN(C(CF)CF)NN3)cccc12,1,IC50,8.15,1,CHEMBL5977553
CC(C)(C)CNc1c(C#N)cnc2c(C#N)cc(N[C@H](C3=CN(C4(C(F)(F)F)CC4)NN3)c3ccc(C#N)nc3)cc12,1,IC50,7.29,1,CHEMBL5764068
Cc1nc(F)ccc1[C@H](Nc1cc(C#N)c2ncc(C#N)c(NCC(C)(C)C(F)(F)F)c2c1)C1=CN(C(C)(C)C)NN1,1,IC50,8.7,1,CHEMBL5983063
Cc1ccc([C@H](Nc2cc(C#N)c3ncc(C#N)c(NCC(C)(C)C)c3c2)C2=CN(C3(C(F)(F)F)CC3)NN2)cn1,1,IC50,7.66,1,CHEMBL5821888
Cc1ccc([C@H](Nc2cc(C#N)c3ncc(C#N)c(NCC(C)(C)C)c3c2)C2=CN(C3(C(F)F)CC3)NN2)c(C)n1,1,IC50,8.4,1,CHEMBL5817539
Cc1nc(C#N)ccc1[C@H](Nc1cc(C#N)c2ncc(C#N)c(NCC(C)(C)C)c2c1)C1=CN(C2(C(F)(F)F)CC2)NN1,1,IC50,7.8,1,CHEMBL5971649
Cc1nc(F)ccc1[C@H](Nc1cc(C#N)c2ncc(C#N)c(NCC3(C(F)(F)F)CCC3)c2c1)C1=CN(C2(C(F)F)CC2)NN1,1,IC50,8.1,1,CHEMBL5970897
Cc1nc(F)ccc1[C@H](Nc1cc(C#N)c2ncc(C#N)c(NCC(C)(C)C(F)(F)F)c2c1)C1=CN(C2(C(F)F)CC2)NN1,1,IC50,8.7,2,CHEMBL6060469
Cc1nc(F)ccc1[C@H](Nc1cc(C#N)c2ncc(C#N)c(NCC(C)(C)C(F)(F)F)c2c1)C1=CN(C23CC(C2)C3)NN1,1,IC50,8.7,1,CHEMBL5849883
Cc1nc(F)ccc1[C@H](Nc1cc(C#N)c2ncc(C#N)c(NCC(C)(C)C)c2c1)C1=CN([C@@H]2CC2C(F)F)NN1,1,IC50,8.3,1,CHEMBL5801115
CC[C@@H](Nc1c(C#N)cnc2c(C#N)cc(N[C@H](C3=CN(C4(C(F)F)CC4)NN3)c3ccc(F)nc3C)cc12)c1ccccc1,1,IC50,8.4,1,CHEMBL5777803
Cc1nc(F)ccc1[C@H](Nc1cc(C#N)c2ncc(C#N)c(NCC(C)(C)C)c2c1)C1=CN(CC(C)(F)F)NN1,1,IC50,8.4,1,CHEMBL5993116
CCC(F)(F)CN1C=C([C@@H](Nc2cc(C#N)c3ncc(C#N)c(NCC(C)(C)C)c3c2)c2ccc(F)nc2C)NN1,1,IC50,8.15,1,CHEMBL5887123
Cn1ccc2c([C@H](Nc3cc(C#N)c4ncc(C#N)c(NCC(C)(C)C(F)(F)F)c4c3)C3=CN(C4(C(F)F)CC4)NN3)cccc2c1=O,1,IC50,8.52,1,CHEMBL6044353
Cc1nc(F)ccc1[C@H](Nc1cc(C#N)c2ncc(C#N)c(NCC(C)(C)C)c2c1)C1=CN(CC2(C(F)(F)F)CC2)NN1,1,IC50,8.22,1,CHEMBL5895880
Cc1nc(F)ccc1[C@H](Nc1cc(C#N)c2ncc(C#N)c(NCC(C)(C)C)c2c1)C1=CN(CC2(C(F)F)CC2)NN1,1,IC50,8.4,1,CHEMBL5814141
CC(C)(CNc1c(C#N)cnc2c(C#N)cc(N[C@H](C3=CN(C4(C(F)F)CC4)NN3)c3cccc4c(=O)[nH]ccc34)cc12)C(F)(F)F,1,IC50,8.52,1,CHEMBL6046237
Cc1nc(F)ccc1[C@H](Nc1cc(C#N)c2ncc(C#N)c(NCC(C)(C)C(F)(F)F)c2c1)C1=CN(C2(C(F)(F)F)CC2)NN1,1,IC50,8.4,1,CHEMBL5971988
Cn1cccc([C@H](Nc2cc(C#N)c3ncc(C#N)c(NCC(C)(C)C)c3c2)C2=CN(C3(C(F)(F)F)CC3)NN2)c1=O,1,IC50,7.89,1,CHEMBL5742722
Cc1nc(F)ccc1[C@H](Nc1cc(C#N)c2ncc(C#N)c(NCC3C(C)(C)C3(C)C)c2c1)C1=CN(C2(C(F)F)CC2)NN1,1,IC50,7.7,1,CHEMBL5840456
Cc1nc(F)ccc1[C@H](Nc1cc(C#N)c2ncc(C#N)c(NCC(C)(C)C(F)(F)F)c2c1)C1=CN(C2(C)CC2)NN1,1,IC50,8.7,1,CHEMBL5986263
Cn1ccc2c([C@H](Nc3cc(C#N)c4ncc(C#N)c(NCC(C)(C)C)c4c3)C3=CN(C4(C(F)F)CC4)NN3)cccc21,1,IC50,7.51,1,CHEMBL5769440
Cc1nc(F)ccc1[C@H](Nc1cc(C#N)c2ncc(C#N)c(NCC34CC(C3)C4)c2c1)C1=CN(C2(C(F)(F)F)CC2)NN1,1,IC50,7.51,1,CHEMBL5921778
Cc1nc(F)ccc1[C@H](Nc1cc(C#N)c2ncc(C#N)c(NCC34CC(C3)C4)c2c1)C1=CN(C2(C(F)F)CC2)NN1,1,IC50,7.8,1,CHEMBL6019832
Cc1nc(F)ccc1[C@H](Nc1cc(C#N)c2ncc(C#N)c(NCC(C)(C)C)c2c1)C1=CN(C(C)(C)C2CC2)NN1,1,IC50,8.22,1,CHEMBL5834058
Cc1nc(F)ccc1[C@H](Nc1cc(C#N)c2ncc(C#N)c(NCC(C)(C)C)c2c1)C1=CN(C2(C(C)C)CC2)NN1,1,IC50,8.52,1,CHEMBL5798951
Cc1nc(F)ccc1[C@H](Nc1cc(C#N)c2ncc(C#N)c(NCC(C)(C)C)c2c1)C1=CN(C2(C)COC2)NN1,1,IC50,8.7,1,CHEMBL5752927
Cn1ccc2c([C@H](Nc3cc(C#N)c4ncc(C#N)c(NCC(C)(C)C)c4c3)C3=CN(C4(C)COC4)NN3)cccc2c1=O,1,IC50,9.0,1,CHEMBL5990988
Cc1nc(F)ccc1[C@H](Nc1cc(C#N)c2ncc(C#N)c(NCC(C)(C)C)c2c1)C1=C(F)N([C@@H](C)CF)NN1,1,IC50,8.4,1,CHEMBL5981332
CC(C)(C)CNc1c(C#N)cnc2c(C#N)cc(N[C@H](C3=CN(C4(C(F)(F)F)CC4)NN3)c3csc4cnccc34)cc12,1,IC50,8.7,1,CHEMBL5995066
CC(C)(C)CNc1c(C#N)cnc2c(C#N)cc(N[C@H](C3=CN(C4CC4)NN3)c3csc4cnccc34)cc12,1,IC50,9.0,1,CHEMBL5793320
Cc1nc(F)ccc1[C@H](Nc1cc(C#N)c2ncc(C#N)c(NCC(C)(C)C)c2c1)C1=C(C2CC2)N(C2CC2)NN1,1,IC50,8.4,1,CHEMBL5950577
Cc1nc(F)ccc1[C@H](Nc1cc(C#N)c2ncc(C#N)c(NCC(C)(C)C(F)(F)F)c2c1)C1=C(F)N([C@@H](C)CF)NN1,1,IC50,8.15,1,CHEMBL5919441
COC1=C([C@@H](Nc2cc(C#N)c3ncc(C#N)c(NCC(C)(C)C)c3c2)c2ccc(F)nc2C)NNN1C1CC1,1,IC50,8.7,1,CHEMBL6003695
Cc1nc(F)ccc1[C@H](Nc1cc(C#N)c2ncc(C#N)c(NCC(C)(C)C)c2c1)C1=CN(C2(C(C)(C)C)CC2)NN1,1,IC50,8.52,1,CHEMBL5740396
Cc1nc(F)ccc1[C@H](Nc1cc(C#N)c2ncc(C#N)c(NCC(C)(C)C(F)(F)F)c2c1)C1=C(F)N(C23CC(C2)C3)NN1,1,IC50,8.15,1,CHEMBL5851491
Cc1nc(F)ccc1[C@H](Nc1cc(C#N)c2ncc(C#N)c(NCC(C)(C)C(F)(F)F)c2c1)C1=C(F)N(C2(C3CC3)CC2)NN1,1,IC50,8.1,1,CHEMBL5946968
Cc1nc(F)ccc1[C@H](Nc1cc(C#N)c2ncc(C#N)c(NCC(C)(C)C(F)(F)F)c2c1)C1=C(F)N(C2(C)CC2)NN1,1,IC50,8.7,1,CHEMBL5945047
Cc1nc(F)ccc1[C@H](Nc1cc(C#N)c2ncc(C#N)c(NCC(C)(C)C(F)(F)F)c2c1)C1=C(F)N(C2CC2)NN1,1,IC50,8.7,1,CHEMBL5824811
Cc1nc(F)ccc1[C@H](Nc1cc(C#N)c2ncc(C#N)c(NCC(C)(C)C)c2c1)C1=C(F)N(C2(C3CC3)CC2)NN1,1,IC50,8.4,1,CHEMBL5794723
Cc1nc(F)ccc1[C@H](Nc1cc(C#N)c2ncc(C#N)c(NCC(C)(C)C)c2c1)C1=CN(CC2(C)CC2)NN1,1,IC50,8.7,1,CHEMBL5950205
Cc1nc(F)ccc1[C@H](Nc1cc(C#N)c2ncc(C#N)c(NCC(C)(C)C(F)(F)F)c2c1)C1=CN(C2(C3CC3)CC2)NN1,1,IC50,8.52,1,CHEMBL5750528
COC1=C([C@@H](Nc2cc(C#N)c3ncc(C#N)c(NCC(C)(C)C)c3c2)c2ccc(F)nc2C)NNN1C12CC(C1)C2,1,IC50,8.7,1,CHEMBL6026116
Cc1nc(F)ccc1[C@H](Nc1cc(C#N)c2ncc(C#N)c(NCC(C)(C)C)c2c1)C1=CN(C(CF)CF)NN1,1,IC50,8.7,1,CHEMBL5779142
CC(C)(C)CNc1c(C#N)cnc2c(C#N)cc(N[C@H](C3=CN(C4(C(F)F)CC4)NN3)c3cccc4c(=O)n(CC(F)F)ccc34)cc12,1,IC50,8.7,1,CHEMBL6013771
Cn1ccc2c([C@H](Nc3cc(C#N)c4ncc(C#N)c(NCC(C)(C)C)c4c3)C3=CN(C4(C(F)F)CC4)NN3)cccc2c1=O,1,IC50,9.0,1,CHEMBL5898177
Cc1nc(F)ccc1[C@H](Nc1cc(C#N)c2ncc(C#N)c(NCC(C)(C)C)c2c1)C1=CN(C2CC23CC3)NN1,1,IC50,9.0,1,CHEMBL5901867
Cn1ccc2c([C@H](Nc3cc(C#N)c4ncc(C#N)c(NCC(C)(C)C)c4c3)C3=CN(C4(C(F)F)CC4)NN3)ccnc21,1,IC50,8.3,1,CHEMBL5881803
CC(C)(C)CNc1c(C#N)cnc2c(C#N)cc(N[C@H](C3=CN(C4(C(F)(F)F)CC4)NN3)c3cccc4c(=O)n(CC(F)F)ccc34)cc12,1,IC50,8.52,1,CHEMBL6028869
CC(C)(C)CNc1c(C#N)cnc2c(C#N)cc(N[C@H](C3=CN(C4(C(F)(F)F)CC4)NN3)c3cccc4c(=O)n(CC(F)(F)F)ccc34)cc12,1,IC50,8.7,1,CHEMBL5964384
CC(C)(C)CNc1c(C#N)cnc2c(C#N)cc(N[C@H](C3=CN(C4(C(F)F)CC4)NN3)c3cccc4c(=O)[nH]ccc34)cc12,1,IC50,8.7,1,CHEMBL6050257
C[C@@H](CF)N1C=C([C@@H](Nc2cc(C#N)c3ncc(C#N)c(NCC(C)(C)C)c3c2)c2cccc3c(=O)n(C)ccc23)NN1,1,IC50,8.7,1,CHEMBL6017472
Cn1ccc2c([C@H](Nc3cc(C#N)c4ncc(C#N)c(NCC(C)(C)C)c4c3)C3=CN(C4(CF)CC4)NN3)cccc2c1=O,1,IC50,8.7,1,CHEMBL5987649
Cn1ccc2c([C@H](Nc3cc(C#N)c4ncc(C#N)c(NCC(C)(C)C)c4c3)C3=CN(C4(C)CC4)NN3)cccc2c1=O,1,IC50,9.0,1,CHEMBL5964757
Cn1ccc2c([C@H](Nc3cc(C#N)c4ncc(C#N)c(NCC(C)(C)C)c4c3)C3=CN(C(CF)CF)NN3)cccc2c1=O,1,IC50,8.52,1,CHEMBL5785533
Cn1ccc2c([C@H](Nc3cc(C#N)c4ncc(C#N)c(NCC(C)(C)C)c4c3)C3=CN(C4(C5CC5)CC4)NN3)cccc2c1=O,1,IC50,8.7,1,CHEMBL5880998
Cn1ccc2c([C@H](Nc3cc(C#N)c4ncc(C#N)c(NCC(C)(C)C(F)(F)F)c4c3)C3=CN(C4(C5CC5)CC4)NN3)cccc2c1=O,1,IC50,8.7,1,CHEMBL5870730
Cn1ccc2c([C@H](Nc3cc(C#N)c4ncc(C#N)c(NCC(C)(C)C(F)(F)F)c4c3)C3=CN(C45CC(C4)C5)NN3)cccc2c1=O,1,IC50,9.0,1,CHEMBL5770582
Cn1ccc2c([C@H](Nc3cc(C#N)c4ncc(C#N)c(NCC(C)(C)C(F)(F)F)c4c3)C3=CN(C4(C)CC4)NN3)cccc2c1=O,1,IC50,9.0,1,CHEMBL5786862
COc1ncccc1[C@H](Nc1cc(C#N)c2ncc(C#N)c(NCC(C)(C)C)c2c1)C1=CN(C2(C(F)(F)F)CC2)NN1,1,IC50,8.0,1,CHEMBL5741712
Cn1ccc2c([C@H](Nc3cc(C#N)c4ncc(C#N)c(NCC(C)(C)C(F)(F)F)c4c3)C3=CN(C4(C(F)(F)F)CC4)NN3)cccc2c1=O,1,IC50,8.52,1,CHEMBL5809880
Cn1c(=O)ccc2c([C@H](Nc3cc(C#N)c4ncc(C#N)c(NCC(C)(C)C)c4c3)C3=CN(C45CC(C4)C5)NN3)cccc21,1,IC50,8.52,1,CHEMBL5912353
CC(C)(C)CNc1c(C#N)cnc2c(C#N)cc(N[C@H](C3=CN(C45CC(C4)C5)NN3)c3cccc4c(=O)[nH]ccc34)cc12,1,IC50,8.7,1,CHEMBL5878054
CC(C)(C)CNc1c(C#N)cnc2c(C#N)cc(N[C@H](C3=CN(C4(C(F)(F)F)CC4)NN3)c3cccc4c(=O)n(C(F)F)ccc34)cc12,1,IC50,8.05,1,CHEMBL5994327
Cn1c(=O)ccc2c([C@H](Nc3cc(C#N)c4ncc(C#N)c(NCC(C)(C)C)c4c3)C3=CN(C4(C(F)(F)F)CC4)NN3)cccc21,1,IC50,8.22,1,CHEMBL5828230
Cn1ccc2c([C@H](Nc3cc(C#N)c4ncc(C#N)c(NCC(C)(C)C)c4c3)C3=CN(C45CC(C4)C5)NN3)cccc2c1=O,1,IC50,9.0,1,CHEMBL5916066
C[C@@H](CF)N1C=C([C@@H](Nc2cc(C#N)c3ncc(C#N)c(NCC(C)(C)C)c3c2)c2cccc3ncccc23)NN1,1,IC50,8.7,1,CHEMBL6012814
CC(C)(C)CNc1c(C#N)cnc2c(C#N)cc(N[C@H](C3=CN(C(CF)CF)NN3)c3cccc4ncccc34)cc12,1,IC50,8.4,1,CHEMBL6026906
CC(C)(CNc1c(C#N)cnc2c(C#N)cc(N[C@H](C3=CN(C4(C(F)F)CC4)NN3)c3cccc4ncccc34)cc12)C(F)(F)F,1,IC50,8.52,1,CHEMBL5942334
CC1(N2C=C([C@@H](Nc3cc(C#N)c4ncc(C#N)c(NCC(C)(C)C(F)(F)F)c4c3)c3cccc4ncccc34)NN2)CC1,1,IC50,8.52,1,CHEMBL5933908
CC(C)(CNc1c(C#N)cnc2c(C#N)cc(N[C@H](C3=CN(C4(C5CC5)CC4)NN3)c3cccc4ncccc34)cc12)C(F)(F)F,1,IC50,8.52,1,CHEMBL6060856
CC(C)(CNc1c(C#N)cnc2c(C#N)cc(N[C@H](C3=CN(C45CC(C4)C5)NN3)c3cccc4ncccc34)cc12)C(F)(F)F,1,IC50,8.7,1,CHEMBL5985452
CC(C)(C)CNc1c(C#N)cnc2c(C#N)cc(N[C@H](C3=CN(C(C)(C)C(F)F)NN3)c3cccc4ncccc34)cc12,1,IC50,8.3,1,CHEMBL5872120
CC(C)(C)CNc1c(C#N)cnc2c(C#N)cc(N[C@H](C3=CN([C@@H]4C[C@@H]4F)NN3)c3cccc4ncccc34)cc12,1,IC50,8.7,1,CHEMBL5864922
Cc1ccc2c([C@H](Nc3cc(C#N)c4ncc(C#N)c(NCC(C)(C)C)c4c3)C3=CN(C45CC(C4)C5)NN3)cccc2n1,1,IC50,8.52,1,CHEMBL5812935
CC(C)(C)CNc1c(C#N)cnc2c(C#N)cc(N[C@H](C3=CN(C45CC(C4)C5)NN3)c3cccc4nc(C(F)F)ccc34)cc12,1,IC50,6.32,1,CHEMBL6020494
Cc1ccc2c([C@H](Nc3cc(C#N)c4ncc(C#N)c(NCC(C)(C)C)c4c3)C3=CN(C4(C)CC4)NN3)cccc2n1,1,IC50,8.52,1,CHEMBL6018816
Cc1ncsc1[C@H](Nc1cc(C#N)c2ncc(C#N)c(NCC(C)(C)C)c2c1)C1=CN(C2(C3CC3)CC2)NN1,1,IC50,8.52,1,CHEMBL5867436
Cc1ncsc1[C@H](Nc1cc(C#N)c2ncc(C#N)c(NCC(C)(C)C)c2c1)C1=CN(C2(C(F)(F)F)CC2)NN1,1,IC50,8.3,1,CHEMBL5933810
COc1ccc([C@H](Nc2cc(C#N)c3ncc(C#N)c(NCC(C)(C)C)c3c2)C2=CN(C3(C(F)(F)F)CC3)NN2)cn1,1,IC50,7.82,1,CHEMBL5759938
Cc1nc(F)ccc1[C@H](Nc1cc(C#N)c2ncc(C#N)c(NCC(C)(C)C)c2c1)C1=C(F)N(C)NN1,1,IC50,8.4,1,CHEMBL5870018
Cc1nnc(C2(N3C=C([C@@H](Nc4cc(C#N)c5ncc(C#N)c(NCC(C)(C)C)c5c4)c4ccc(F)nc4C)NN3)CC2)o1,1,IC50,8.4,1,CHEMBL5950027
COC1=C(C(Nc2cc(C#N)c3ncc(C#N)c(NCC(C)(C)C)c3c2)c2ccc(F)nc2C)NNN1C,1,IC50,7.92,1,CHEMBL6062449
CC(C)(C)CNc1c(C#N)cnc2c(C#N)cc(N[C@H](C3=CN(C4(C(F)(F)F)CC4)NN3)c3cccc4cnc(C#N)cc34)cc12,1,IC50,8.1,1,CHEMBL5842538
COc1nccc2c([C@H](Nc3cc(Cl)c4ncc(C#N)c(NCC(C)(C)C)c4c3)C3=CN(C45CC(C4)C5)NN3)cccc12,1,IC50,8.15,1,CHEMBL5972316
COc1nccc2c([C@H](Nc3cc(Cl)c4ncc(C#N)c(NCC(C)(C)C)c4c3)C3=CN(C4CC4)NN3)cccc12,1,IC50,8.22,1,CHEMBL6020997
COc1nccc2c([C@H](Nc3cc(Cl)c4ncc(C#N)c(NCC(C)(C)C)c4c3)C3=CN(C4(C)CC4)NN3)cccc12,1,IC50,8.22,1,CHEMBL6022124
COc1nccc2c([C@H](Nc3cc(Cl)c4ncc(C#N)c(NCC(C)(C)C)c4c3)C3=CN(C4(C(F)F)CC4)NN3)cccc12,1,IC50,8.05,1,CHEMBL5887579
CC(C)(C)CNc1c(C#N)cnc2c(Cl)cc(N[C@H](C3=CN(C4(C(F)(F)F)CC4)NN3)c3cccc4cnc(Cl)cc34)cc12,1,IC50,7.36,1,CHEMBL5828618
CC(C)(C)CNc1c(C#N)cnc2c(Cl)cc(N[C@H](C3=CN(C4(C(F)(F)F)CC4)NN3)c3cccc4c(Cl)nccc34)cc12,1,IC50,7.89,1,CHEMBL5831945
CC(C)(CNc1c(C#N)cnc2c(Cl)cc(N[C@H](C3=CN(C45CC(C4)C5)NN3)c3ccc(F)c4ncccc34)cc12)C(F)(F)F,1,IC50,8.52,1,CHEMBL6013119
CC(C)(CNc1c(C#N)cnc2c(Cl)cc(N[C@H](C3=CN(C4(C(F)F)CC4)NN3)c3ccc(F)c4ncccc34)cc12)C(F)(F)F,1,IC50,8.52,1,CHEMBL6017494
CC1(N2C=C([C@@H](Nc3cc(Cl)c4ncc(C#N)c(NCC(C)(C)C(F)(F)F)c4c3)c3ccc(F)c4ncccc34)NN2)CC1,1,IC50,8.7,1,CHEMBL6051697
CC(C)(C)CNc1c(C#N)cnc2c(Cl)cc(N[C@H](C3=CN(C45CC(C4)C5)NN3)c3ccc(F)c4ncccc34)cc12,1,IC50,8.52,1,CHEMBL5793602
COc1nccc2c([C@H](Nc3cc(Cl)c4ncc(C#N)c(NCC(C)(C)C)c4c3)C3=C(F)N(C4(C(F)(F)F)CC4)NN3)cccc12,1,IC50,7.96,1,CHEMBL5828049
COc1nccc2c([C@H](Nc3cc(Cl)c4ncc(C#N)c(NCC(C)(C)C)c4c3)C3=C(F)N(C4(C(F)F)CC4)NN3)cccc12,1,IC50,7.8,1,CHEMBL5970641
COc1nccc2c([C@H](Nc3cc(Cl)c4ncc(C#N)c(NCC(C)(C)C(F)(F)F)c4c3)C3=CN(C4(C5CC5)CC4)NN3)cccc12,1,IC50,7.89,1,CHEMBL6000425
COc1nccc2c([C@H](Nc3cc(Cl)c4ncc(C#N)c(NCC(C)(C)C(F)(F)F)c4c3)C3=CN(C4(C)CC4)NN3)cccc12,1,IC50,8.22,1,CHEMBL5858369
COc1nccc2c([C@H](Nc3cc(Cl)c4ncc(C#N)c(NCC(C)(C)C(F)(F)F)c4c3)C3=CN(C45CC(C4)C5)NN3)cccc12,1,IC50,8.22,1,CHEMBL5967931
COc1nccc2c([C@H](Nc3cc(Cl)c4ncc(C#N)c(NCC(C)(C)C)c4c3)C3=CN(C4(C(F)(F)F)CC4)NN3)cccc12,1,IC50,7.96,1,CHEMBL6052966
COc1ccc2c([C@H](Nc3cc(Cl)c4ncc(C#N)c(NCC(C)(C)C)c4c3)C3=CN(C4(C(F)(F)F)CC4)NN3)cccc2n1,1,IC50,7.48,1,CHEMBL5913710
COc1nccc2c([C@H](Nc3cc(Cl)c4ncc(C#N)c(NCC(C)(C)C)c4c3)C3=CN(C4(C5CC5)CC4)NN3)cccc12,1,IC50,8.0,1,CHEMBL5810622
COc1nccc2c([C@H](Nc3cc(Cl)c4ncc(C#N)c(NCC(C)(C)C)c4c3)C3=CN([C@@H](C)CF)NN3)cccc12,1,IC50,7.85,1,CHEMBL5779120
COc1nccc2c([C@H](Nc3cc(Cl)c4ncc(C#N)c(NCC(C)(C)C)c4c3)C3=CN(C(CF)CF)NN3)cccc12,1,IC50,7.54,1,CHEMBL5820578
COc1nccc2c([C@H](Nc3cc(Cl)c4ncc(C#N)c(NCC(C)(C)C(F)(F)F)c4c3)C3=CN(C4(C(F)F)CC4)NN3)cccc12,1,IC50,8.15,1,CHEMBL5892362
CC(C)(C)CNc1c(C#N)cnc2c(Cl)cc(N[C@H](C3=CN(C4(C(F)(F)F)CC4)NN3)c3ccc4nccn4c3)cc12,1,IC50,7.62,1,CHEMBL6026921
Cn1cccc([C@H](Nc2cc(Cl)c3ncc(C#N)c(NCC(C)(C)C)c3c2)C2=CN(C3(C(F)(F)F)CC3)NN2)c1=O,1,IC50,7.75,1,CHEMBL6015337
CC(C)(C)CNc1c(C#N)cnc2c(Cl)cc(N[C@H](C3=CN(C4(C(F)(F)F)CC4)NN3)c3cccc4ncc(F)cc34)cc12,1,IC50,7.64,1,CHEMBL5960312
Cc1c([C@H](Nc2cc(Cl)c3ncc(C#N)c(NCC(C)(C)C)c3c2)C2=CN(C3(C(F)(F)F)CC3)NN2)ccnc1O,1,IC50,7.58,1,CHEMBL5943090
CC(C)(CNc1c(C#N)cnc2c(Cl)cc(N[C@H](C3=CN(C4(C(F)F)CC4)NN3)c3cccc4ncccc34)cc12)C(F)(F)F,1,IC50,8.15,1,CHEMBL5758018
COc1cc([C@H](Nc2cc(Cl)c3ncc(C#N)c(NCC(C)(C)C)c3c2)C2=CN(C3(C(F)(F)F)CC3)NN2)ccn1,1,IC50,7.19,1,CHEMBL5782603
Cc1nc(F)ccc1[C@H](Nc1cc(Cl)c2ncc(C#N)c(NCC(C)(C)C)c2c1)C1=C(C2CC2)N(C2CC2)NN1,1,IC50,8.3,1,CHEMBL5811425
Cc1nc(F)ccc1[C@H](Nc1cc(Cl)c2ncc(C#N)c(NCC(C)(C)C)c2c1)C1=C(F)N(C2(C)CC2)NN1,1,IC50,8.52,1,CHEMBL6027273
Cc1nc(F)ccc1[C@H](Nc1cc(Cl)c2ncc(C#N)c(NCC(C)(C)C(F)(F)F)c2c1)C1=C(F)N(C2(C(F)F)CC2)NN1,1,IC50,8.3,1,CHEMBL5982895
Cc1nc(F)ccc1[C@H](Nc1cc(Cl)c2ncc(C#N)c(NCC(C)(C)C)c2c1)C1=C(F)N(C2(C3CC3)CC2)NN1,1,IC50,8.4,1,CHEMBL6002699
CC[C@@H](Nc1c(C#N)cnc2c(Cl)cc(N[C@H](C3=C(F)N(C4(C(F)(F)F)CC4)NN3)c3ccc(F)nc3C)cc12)c1ccccc1,1,IC50,7.77,1,CHEMBL5928047
Cc1nc(F)ccc1[C@H](Nc1cc(Cl)c2ncc(C#N)c(NCC(C)(C)C)c2c1)C1=C(F)N(C23CC(C2)C3)NN1,1,IC50,8.05,1,CHEMBL6041164
Cc1nc(F)ccc1[C@H](Nc1cc(Cl)c2ncc(C#N)c(NCC(C)(C)C)c2c1)C1=C(F)N([C@@H](C)CF)NN1,1,IC50,8.4,1,CHEMBL5813402
Cc1nc(F)ccc1[C@H](Nc1cc(Cl)c2ncc(C#N)c(Nc3cnc(F)c(F)c3)c2c1)C1=C(F)N(C2(C(F)F)CC2)NN1,1,IC50,7.44,1,CHEMBL5926481
Cc1nc(F)ccc1[C@H](Nc1cc(C#N)c2ncc(C#N)c(NCC(C)(C)C)c2c1)C1=C(F)N(C23CC(C2)C3)NN1,1,IC50,8.15,1,CHEMBL5821520
Cc1nc(F)ccc1[C@H](Nc1cc(Cl)c2ncc(C#N)c(NCC(C)(C)C(F)(F)F)c2c1)C1=C(F)N([C@@H](C)CF)NN1,1,IC50,8.22,1,CHEMBL5984403
Cc1nc(F)ccc1[C@H](Nc1cc(Cl)c2ncc(C#N)c(NCC(C)(C)C(F)(F)F)c2c1)C1=C(F)N(C23CC(C2)C3)NN1,1,IC50,8.15,1,CHEMBL5918636
Cc1nc(F)ccc1[C@H](Nc1cc(Cl)c2ncc(C#N)c(NCC(C)(C)C(F)(F)F)c2c1)C1=C(F)N(C2(C3CC3)CC2)NN1,1,IC50,8.3,1,CHEMBL5821372
Cc1nc(F)ccc1[C@H](Nc1cc(Cl)c2ncc(C#N)c(NCC(C)(C)C(F)(F)F)c2c1)C1=C(F)N(C2CC2)NN1,1,IC50,8.7,1,CHEMBL5833896
Cc1nc(F)ccc1[C@H](Nc1cc(Cl)c2ncc(C#N)c(NCC(C)(C)C(F)(F)F)c2c1)C1=C(F)N(C2(C)CC2)NN1,1,IC50,8.52,1,CHEMBL6034137
Cc1nc(F)ccc1[C@H](Nc1cc(Cl)c2ncc(C#N)c(NCC(C)(C)C)c2c1)C1=C(F)N(C2(C(F)F)CC2)NN1,1,IC50,8.15,1,CHEMBL5764948
Cn1ccc2c([C@H](Nc3cc(Cl)c4ncc(C#N)c(NCC(C)(C)C)c4c3)C3=C(F)N(C45CC(C4)C5)NN3)cccc2c1=O,1,IC50,8.52,1,CHEMBL5972189
CN(CC(C)(C)C)c1c(C#N)cnc2c(Cl)cc(N(C)[C@H](C3=C(F)N(C4(C(F)F)CC4)NN3)c3cccc4ncccc34)cc12,1,IC50,7.89,1,CHEMBL6001194
Cc1nc(F)ccc1[C@H](Nc1cc(Cl)c2ncc(C#N)c(NCC(C)(C)C)c2c1)C1=C(F)N(C)NN1,1,IC50,8.4,1,CHEMBL5773929
COC1=C([C@@H](Nc2cc(C#N)c3ncc(C#N)c(NCC(C)(C)C)c3c2)c2ccc(F)nc2C)NNN1C1(C(F)F)CC1,1,IC50,8.52,1,CHEMBL5771119
COC1=C([C@@H](Nc2cc(Cl)c3ncc(C#N)c(NCC(C)(C)C)c3c2)c2ccc(F)nc2C)NNN1C1(C(F)F)CC1,1,IC50,8.4,1,CHEMBL5882302
COC1=C([C@@H](Nc2cc(Cl)c3ncc(C#N)c(NCC(C)(C)C)c3c2)c2ccc(OC)nc2C)NNN1C1(C(F)F)CC1,1,IC50,7.82,1,CHEMBL6055537
COC1=C([C@@H](Nc2cc(Cl)c3ncc(C#N)c(NCC(C)(C)C)c3c2)c2ccc(F)nc2C)NNN1C1CC1,1,IC50,8.7,1,CHEMBL5900488
COC1=C([C@@H](Nc2cc(Cl)c3ncc(C#N)c(NCC(C)(C)C)c3c2)c2ccc(F)nc2C)NNN1C12CC(C1)C2,1,IC50,8.7,1,CHEMBL5746961
COC1=C([C@@H](Nc2cc(Cl)c3ncc(C#N)c(NCC(C)(C)C)c3c2)c2ccc(F)nc2C)NNN1C,1,IC50,8.1,1,CHEMBL5849925
COC1=C(C(Nc2cc(Cl)c3ncc(C#N)c(NCC(C)(C)C)c3c2)c2ccc(OC)nc2C)NNN1C,1,IC50,7.47,1,CHEMBL5904573
COC1=C(C(Nc2cc(Cl)c3ncc(C#N)c(NCC(C)(C)C)c3c2)c2ccc(F)nc2C)NNN1C,1,IC50,7.96,1,CHEMBL5779271
Cc1nc(F)ccc1[C@H](Nc1cc(Cl)c2ncc(C#N)c(NCC(C)(C)C)c2c1)C1=C(C#N)N(C2(C(F)F)CC2)NN1,1,IC50,7.96,1,CHEMBL5943599
Cc1nc(F)ccc1[C@H](Nc1cc(-c2cncnc2)c2ncc(C#N)c(NCC(C)(C)C)c2c1)C1=CN(C2(C(F)F)CC2)NN1,1,IC50,7.68,1,CHEMBL5978427
COc1ccc(C(Nc2cc(Cl)c3ncc(C#N)c(NCC(C)(C)C)c3c2)C2=CN(C3(C(F)(F)F)CC3)NN2)c(C)n1,1,IC50,8.05,1,CHEMBL5751617
Cc1nc(F)ccc1[C@H](Nc1cc(C#CC(C)(C)S(C)(=O)=O)c2ncc(C#N)c(NCC(C)(C)C)c2c1)C1=CN(C2(C(F)(F)F)CC2)NN1,1,IC50,6.0,1,CHEMBL5871981
CC(=O)c1cc(N[C@H](C2=CN(C3(C(F)F)CC3)NN2)c2ccc(F)nc2C)cc2c(NCC(C)(C)C)c(C#N)cnc12,1,IC50,8.4,1,CHEMBL6029402
Cc1nc(F)ccc1C(Nc1cc(C#CC(C)(C)O)c2ncc(C#N)c(NCC(C)(C)C)c2c1)C1=CN(C2(C(F)(F)F)CC2)NN1,1,IC50,6.0,1,CHEMBL5847293
Cc1nc(F)ccc1[C@H](Nc1cc(Cl)c2ncc(C#N)c(NCC(C)(C)C)c2c1)C1=C2CCCCN2NN1,1,IC50,8.0,1,CHEMBL6027911
Cc1nc(F)ccc1[C@H](Nc1cc(Cl)c2ncc(C#N)c(NCC(C)(C)C)c2c1)C1=C2OCCCN2NN1,1,IC50,7.89,1,CHEMBL5932188
Cn1cc(CNc2cc(Cl)c3ncc(C#N)c(Nc4ccc(F)c(Cl)c4)c3c2)nn1,0,IC50 (>),5.0,1,CHEMBL5927406
CC(Nc1cc(Cl)c2ncc(C#N)c(Nc3ccc(F)c(Cl)c3)c2c1)c1cn(C)nn1,0,IC50 (>),5.0,1,CHEMBL5792778
CC#CC(=O)N[C@@H](C)c1nc(-c2ccc(C(=O)Nc3ccc(C)cn3)cc2)c2c(N)nccn12,1,IC50,6.26,1,CHEMBL5760493
CC#CC(=O)N(C)[C@@H](C)c1nc(-c2ccc(C(=O)Nc3ccc(C)cn3)cc2)c2c(N)nccn12,1,IC50,6.45,1,CHEMBL6043477
CC#CC(=O)N(C)[C@@H](C)c1nc(-c2ccc(C(=O)Nc3ccccn3)cc2)c2c(N)nccn12,1,IC50,6.91,1,CHEMBL5757940
COC/C=C/C(=O)N[C@@H](C)c1nc(-c2ccc(C(=O)Nc3ccc(C)cn3)cc2)c2c(N)nccn12,1,IC50,6.44,1,CHEMBL6000385
CC#CC(=O)N[C@@H](C)c1nc(-c2ccc(C(=O)Nc3cc(C(F)(F)F)ccn3)cc2)c2c(N)nccn12,1,IC50,6.49,1,CHEMBL6055510
C=CC(=O)Nc1cc(Nc2ncc(Cl)c(-c3cc(F)c4nc(C)n(C(C)C)c4c3)n2)c(OC)cc1N(C)CCN(C)C,1,IC50,7.6,1,CHEMBL5801606
C=CC(=O)Nc1cc(Nc2ncc(C)c(-c3cc(F)c4nc(C)n(C(C)C)c4c3)n2)c(OC)cc1N(C)CCN(C)C,1,IC50,7.6,1,CHEMBL6034481
C=CC(=O)Nc1cc(Nc2ncc(OC)c(-c3cc(F)c4nc(C)n(C(C)C)c4c3)n2)c(OC)cc1N(C)CCN(C)C,1,IC50,7.6,2,CHEMBL5823957
C=CC(=O)Nc1cc(Nc2ncc(C(F)(F)F)c(-c3cc(F)c4nc(C)n(C(C)C)c4c3)n2)c(OC)cc1N(C)CCN(C)C,1,IC50,7.6,1,CHEMBL5763383
C=CC(=O)Nc1cc(Nc2nccc(-c3cc(F)c4nc5n(c4c3)C(C)(C)CC5)n2)c(OC)cc1N(C)CCN(C)C,1,IC50,7.6,1,CHEMBL5776775
C=CC(=O)Nc1cc(Nc2nccc(-c3cc(F)c4nc(OC)n(C(C)C)c4c3)n2)c(OC)cc1N(C)CCN(C)C,1,IC50,7.6,1,CHEMBL5987816
C=CC(=O)Nc1cc(Nc2nccc(-c3cc(F)c4nc(OC)n(C(C)C)c4c3)n2)c(OC)cc1OCCN(C)C,1,IC50,7.6,1,CHEMBL5760284
C=CC(=O)Nc1cc(Nc2ncc(Br)c(-c3cc(F)c4nc(C)n(C(C)C)c4c3)n2)c(OC)cc1N(C)CCN(C)C,1,IC50,7.6,2,CHEMBL5954184
COc1cc(N(C)CCN(C)C)c([N+](=O)[O-])cc1Nc1ncc(Br)c(-c2cc(F)c3nc(C)n(C(C)C)c3c2)n1,1,IC50,7.6,1,CHEMBL5899957
C=CC(=O)Nc1cc(Nc2nccc(-c3cc(F)c4nc(C)n(C(C)C)c4c3)n2)c(OC)cc1OCCOC,1,IC50,7.12,1,CHEMBL5768250
C=CC(=O)Nc1cc(Nc2nccc(-c3cc(F)c4nc(C)n(C(C)C)c4c3)n2)c(OC)cc1SCCN(C)C,1,IC50,7.6,1,CHEMBL5962799
C=CC(=O)Nc1cc(Nc2nccc(-c3cc(F)c4nc(C)n(C(C)C)c4c3)n2)c(OC)cc1N1CCC(N2CCOCC2)CC1,1,IC50,7.6,2,CHEMBL5763689
C=CC(=O)Nc1cc(Nc2nccc(-c3cc(F)c4nc(C)n(C(C)C)c4c3)n2)c(OC)cc1N1CCC(OC)CC1,1,IC50,7.6,2,CHEMBL5772311
C=CC(=O)Nc1cc(Nc2nccc(-c3cc(F)c4nc(C)n(C(C)C)c4c3)n2)c(OC)cc1N1CCOCC1,1,IC50,7.6,1,CHEMBL6061951
C=CC(=O)Nc1cc(Nc2nccc(-c3cc(F)c4nc(C)n(C(C)C)c4c3)n2)c(OC)cc1N1CCC(O)CC1,1,IC50,7.6,1,CHEMBL5806097
C=CC(=O)Nc1cc(Nc2ncc(C#N)c(-c3cc(F)c4nc(C)n(C(C)C)c4c3)n2)c(OC)cc1N(C)CCN(C)C,1,IC50,7.6,1,CHEMBL5874020
C=CC(=O)Nc1cc(Nc2ncc(F)c(-c3cc(F)c4nc(C)n(C(C)C)c4c3)n2)c(OC)cc1N(C)CCN(C)C,1,IC50,7.6,1,CHEMBL6048717
C=CC(=O)Nc1cc(Nc2nccc(-c3cc(F)c4nc(C)n(C5CC5)c4c3)n2)c(OC)cc1N(C)CCN(C)C,1,IC50,7.6,1,CHEMBL5974536
C=CC(=O)Nc1cc(Nc2nccc(-c3cc(F)c4nc(CF)n(C(C)C)c4c3)n2)c(OC)cc1N(C)CCN(C)C,1,IC50,7.6,1,CHEMBL5825791
C=CCNc1cc(Nc2nccc(-c3cnc4nc(C)n(C(C)C)c4c3)n2)c(OC)cc1N(C)CCN(C)C,1,IC50,7.6,2,CHEMBL5749572
C=CCNc1cc(Nc2nccc(-c3cnc4nc(OC)n(C(C)C)c4c3)n2)c(OC)cc1N(C)CCN(C)C,1,IC50,7.6,2,CHEMBL5965945
C=CC(=O)Nc1cc(Nc2nccc(-c3ccc4nc(OC)n(C(C)C)c4c3)n2)c(OC)cc1N(C)CCN(C)C,1,IC50,7.6,2,CHEMBL5768666
C=CC(=O)Nc1cc(Nc2nccc(-c3ccc4oc(=O)n(C)c4c3)n2)c(OC)cc1N(C)CCN(C)C,1,IC50,7.6,2,CHEMBL5882926
C=CC(=O)Nc1cc(Nc2nccc(-c3cc(F)c4cnn(C(C)C)c4c3)n2)c(OC)cc1N(C)CCN(C)C,1,IC50,7.6,1,CHEMBL5959647
C=CC(=O)Nc1cc(Nc2nccc(-c3ccc4cnn(C(C)C)c4c3)n2)c(OC)cc1N(C)CCN(C)C,1,IC50,7.6,1,CHEMBL5791264
C=CC(=O)Nc1cc(Nc2nccc(-c3cc(F)c4nc(C)c(C(C)C)n4c3)n2)c(OC)cc1N(C)CCN(C)C,1,IC50,7.6,2,CHEMBL5816313
C=CC(=O)Nc1cc(Nc2nccc(-c3cc(F)c4nc(C)cn4c3)n2)c(OC)cc1N(C)CCN(C)C,1,IC50,7.6,2,CHEMBL5907329
C=CC(=O)Nc1cc(Nc2nccc(-c3cc(F)c4oc(C)nc4c3)n2)c(OC)cc1N(C)CCN(C)C,1,IC50,7.6,1,CHEMBL5844116
C=CC(=O)Nc1cc(Nc2nccc(-c3cc(F)c4nc(C)oc4c3)n2)c(OC)cc1N(C)CCN(C)C,1,IC50,7.6,2,CHEMBL5784687
C=CC(=O)Nc1cc(Nc2nccc(-c3cc(F)c4ocnc4c3)n2)c(OC)cc1N(C)CCN(C)C,1,IC50,7.6,1,CHEMBL5913936
C=CC(=O)Nc1cc(Nc2ncc(F)c(-c3cc(F)c4nc(C)c(C(C)C)n4c3)n2)c(OC)cc1N(C)CCN(C)C,1,IC50,7.6,1,CHEMBL6033304
C=CC(=O)Nc1cc(Nc2nccc(-c3ccc4nc(C)n(C(C)C)c4c3)n2)c(OC)cc1N(C)CCN(C)C,1,IC50,7.6,6,CHEMBL5812371
C=CC(=O)Nc1cc(Nc2nccc(-c3ccc4ncn(C(C)C)c4c3)n2)c(OC)cc1N(C)CCN(C)C,1,IC50,7.6,1,CHEMBL6049512
C=CC(=O)Nc1cc(Nc2nccc(-c3ccc4nc(C(F)(F)F)n(C(C)C)c4c3)n2)c(OC)cc1N(C)CCN(C)C,1,IC50,7.6,2,CHEMBL5909544
COc1cc(N(C)CCN(C)C)c([N+](=O)[O-])cc1Nc1nccc(-c2cc(F)c3c(cnn3C3CCCCO3)c2)n1,1,IC50,7.6,1,CHEMBL5854233
C=CC(=O)Nc1cc(Nc2nccc(-c3cc(F)c4c(cnn4C)c3)n2)c(OC)cc1N(C)CCN(C)C,1,IC50,7.6,1,CHEMBL5969872
C=CC(=O)Nc1cc(Nc2nccc(-c3cc(F)c4nn(C)cc4c3)n2)c(OC)cc1N(C)CCN(C)C,1,IC50,7.6,1,CHEMBL6035358
C=CC(=O)Nc1cc(Nc2nccc(-c3ccc4nccn4n3)n2)c(OC)cc1N(C)CCN(C)C,1,IC50,7.6,2,CHEMBL6029580
C=CC(=O)Nc1cc(Nc2nccc(-c3cc4c5c(c3)n(C(C)C)c(=O)n5CCC4)n2)c(OC)cc1N(C)CCN(C)C,1,IC50,7.6,1,CHEMBL5791250
C=CC(=O)Nc1cc(Nc2nccc(-c3cc4c5c(c3)nc(OC)n5CCC4)n2)c(OC)cc1N(C)CCN(C)C,1,IC50,7.6,1,CHEMBL5841441
C=CC(=O)Nc1cc(Nc2nccc(-c3ccc4ncsc4c3)n2)c(OC)cc1N(C)CCN(C)C,1,IC50,7.6,1,CHEMBL5910503
C=CC(=O)Nc1cc(Nc2nccc(-c3cc(F)c4nc(C)n(C(C)C)c4c3)n2)c(OC(F)F)cc1N(C)CCN(C)C,1,IC50,7.6,1,CHEMBL5796275
C=CC(=O)Nc1cc(Nc2nccc(-c3cc(F)c4nc(C)n(C(C)C)c4c3)n2)c(OCC)cc1N(C)CCN(C)C,1,IC50,7.6,1,CHEMBL5950802
C=CC(=O)Nc1cc(Nc2nccc(-c3cc(F)c4nc(C)n(C(C)C)c4c3)n2)c(OC)cc1N(C)CCN(C)C,1,IC50,7.6,1,CHEMBL6030624
COc1cc(N2CCN(C)CC2)ccc1Nc1nccc(-c2cc(F)c3nc(C)n(C(C)C)c3c2)n1,1,IC50,7.6,1,CHEMBL6031205
COc1cc(N2CCN(C)CC2)ccc1Nc1ncc(F)c(-c2cc(F)c3nc(C)n(C(C)C)c3c2)n1,1,IC50,7.6,2,CHEMBL5967623
C=CC(=O)Nc1cc(Nc2ncc(F)c(-c3cc(F)c4nc(C)c(C(=C)C)n4c3)n2)c(OC)cc1N(C)CCN(C)C,1,IC50,7.6,2,CHEMBL5872428
C=C(C)c1c(C)nc2c(F)cc(-c3nc(Nc4ccc(N5CCN(C)CC5)cc4OC)ncc3F)cn12,1,IC50,7.6,1,CHEMBL5922695
COc1cc(N2CCN(C)CC2)ccc1Nc1ncc(F)c(-c2cc(F)c3nc(C)c(C(C)C)n3c2)n1,1,IC50,7.12,1,CHEMBL5744155
C=CC(=O)Nc1cc(Nc2nccc(-c3cc(F)c4nc(C(F)F)n(C(C)C)c4c3)n2)c(OC)cc1N(C)CCN(C)C,1,IC50,7.6,1,CHEMBL5918866
C=CC(=O)Nc1cc(Nc2nccc(-c3cc(F)c4nc(OC(C)C)n(C(C)C)c4c3)n2)c(OC)cc1N(C)CCN(C)C,1,IC50,7.6,2,CHEMBL5771634
C=CC(=O)Nc1cc(Nc2nccc(-c3cc(F)c4nc(OCC)n(C(C)C)c4c3)n2)c(OC)cc1N(C)CCN(C)C,1,IC50,7.6,1,CHEMBL6046816
C=CC(=O)Nc1cc(Nc2nccc(-c3cc(F)c4nc(SC)n(C(C)C)c4c3)n2)c(OC)cc1N(C)CCN(C)C,1,IC50,7.6,1,CHEMBL5787380
C=CC(=O)Nc1cc(Nc2nccc(-c3cc(F)c4nc(OCC(F)F)n(C(C)C)c4c3)n2)c(OC)cc1N(C)CCN(C)C,1,IC50,7.6,1,CHEMBL6007080
C=CC(=O)Nc1cc(Nc2nccc(-c3cc(F)c4nc(COC)n(C(C)C)c4c3)n2)c(OC)cc1N(C)CCN(C)C,1,IC50,7.6,1,CHEMBL5867043
C=CC(=O)Nc1cc(Nc2nccc(-c3cc(F)c4nc5n(c4c3)CC(C)(C)O5)n2)c(OC)cc1N(C)CCN(C)C,1,IC50,7.6,2,CHEMBL6048356
C=CC(=O)N(C)c1cc(Nc2nccc(-c3cc(F)c4nc(C)n(C(C)C)c4c3)n2)c(OC)cc1N(C)CCN(C)C,1,IC50,7.6,1,CHEMBL5982067
C=CC(=O)N1CCC(Nc2nc(Nc3ccc(OCCOC)cc3)c3c(c2F)CNC3=O)C1,1,IC50,6.0,1,CHEMBL5936556
C=CC(=O)N1C[C@H](Nc2nc(-c3cnn(C)c3)c3c(c2F)CNC3=O)CC[C@@H]1C,0,IC50 (>),5.0,1,CHEMBL6033090
C=CC(=O)N1CCCCC(Nc2nc(-c3cnn(C)c3)c3c(c2F)CNC3=O)C1,0,IC50 (>),5.0,1,CHEMBL5761240
C=CC(=O)N1CCCC(Nc2nc(-c3cnn(C)c3)c3c(c2F)CNC3=O)C1,0,IC50 (>),5.0,1,CHEMBL5945102
C=CC(=O)N1CCCC(Nc2nc3c(c(-c4cnn(C)c4)n2)C(=O)NC3)C1,0,IC50 (>),5.0,1,CHEMBL5883110
C=CC(=O)N1CCCC(N(C)c2nc(-c3cnn(C)c3)c3c(c2F)CNC3=O)C1,0,IC50 (>),5.0,1,CHEMBL5951299
C#CC(=O)N1CCCC(N(C)c2nc(-c3cnn(C)c3)c3c(c2F)CNC3=O)C1,1,IC50,6.0,1,CHEMBL5962946
C=CC(=O)N1CCCC(N(C)c2nc(-c3cnn(C(F)F)c3)c3c(c2F)CNC3=O)C1,0,IC50 (>),5.0,1,CHEMBL5781101
C=CC(=O)N1CCCC(N(C)c2nc(-c3cnn(CCN4CCOCC4)c3)c3c(c2F)CNC3=O)C1,0,IC50 (>),5.0,1,CHEMBL5996391
C=CC(=O)N1CC(N(C)c2nc(-c3cnn(C)c3)c3c(c2F)CNC3=O)CCC1C,0,IC50 (>),5.0,1,CHEMBL6056724
C=CC(=O)N1CCCC(N(C)c2nc(-c3cnc(C)s3)c3c(c2F)CNC3=O)C1,0,IC50 (>),5.0,1,CHEMBL6002965
C=CC(=O)N1CCCC(N(C)c2nc(Nc3cnn(C)c3)c3c(c2F)CNC3=O)C1,0,IC50 (>),5.0,1,CHEMBL5750777
C=CC(=O)N1CCC2(CCN(c3nc(-c4cnn(C)c4)c4c(c3F)CNC4=O)C2)C1,0,IC50 (>),5.0,1,CHEMBL5884933
C=CC(=O)N1CC2CCN(c3nc(Nc4cnn(C)c4)c4c(c3F)CNC4=O)C2C1,0,IC50 (>),5.0,1,CHEMBL5897025
C=CC(=O)N1CCC[C@@H](Nc2nc(-c3cnn(C)c3)c3c(c2F)CNC3=O)C1,0,IC50 (>),5.0,1,CHEMBL6039531
C=CC(=O)N1CCC[C@H](N(C)c2nc(-c3cnn(C)c3)c3c(c2F)CNC3=O)C1,0,IC50 (>),5.0,1,CHEMBL5897641
O=C(/N=c1\[nH]c2ccccc2n1C1CCCC1)c1ccnc(-c2cccnc2)c1,1,IC50,8.34,2,CHEMBL5960825
Cn1cc(-c2cc(C(=O)/N=c3\[nH]c4ccccc4n3C3CCCC3)ccn2)cn1,1,IC50,8.0,2,CHEMBL5840868
Cc1c(-c2cc(C(=O)/N=c3\[nH]c4ccccc4n3C3CCCC3)ccn2)cnn1C,1,IC50,8.33,2,CHEMBL5897403
Cc1nn(C)cc1-c1cc(C(=O)/N=c2\[nH]c3ccccc3n2C2CCCC2)ccn1,1,IC50,7.85,3,CHEMBL5861020
CC(=O)N1CCC(c2ccc3c(c2)[nH]/c(=N\C(=O)c2ccnc(-c4cnn(C)c4)c2)n3C2CCCC2)CC1,1,IC50,8.82,4,CHEMBL5959712
CN1CCC(c2ccc3c(c2)[nH]/c(=N\C(=O)c2ccnc(-c4cnn(C)c4)c2)n3C2CCCC2)CC1,1,IC50,8.54,2,CHEMBL5902827
CN1CCC(c2ccc3c(c2)[nH]/c(=N\C(=O)c2ccnc(-c4cccnc4)c2)n3C2CCCC2)CC1,1,IC50,8.6,2,CHEMBL5994405
Cn1cc(-c2cc(C(=O)/N=c3\[nH]c4ccccc4n3[C@H]3CC[C@H](O)C3)ccn2)cn1,1,IC50,7.74,2,CHEMBL5872035
Cn1cc(-c2cc(C(=O)/N=c3\[nH]c4ccccc4n3C3CCCCC3)ccn2)cn1,1,IC50,9.1,5,CHEMBL5825830
Cc1c(-c2cc(C(=O)/N=c3\[nH]c4ccccc4n3CC(C)(C)O)ccn2)cnn1C,1,IC50,8.41,3,CHEMBL5783119
Cn1cc(-c2cc(C(=O)/N=c3\[nH]c4ccccc4n3C3CCC3)ccn2)cn1,1,IC50,7.58,2,CHEMBL5932930
CCC(C)n1/c(=N/C(=O)c2ccnc(-c3cnn(C)c3)c2)[nH]c2ccccc21,1,IC50,7.41,2,CHEMBL5784511
CN1CCC(c2ccc3c(c2)[nH]/c(=N\C(=O)c2ccnc(-c4cnn(C)c4)c2)n3CC(C)(C)O)CC1,1,IC50,8.31,3,CHEMBL5772994
CN1CCN(c2ccc3c(c2)[nH]/c(=N\C(=O)c2ccnc(-c4cnn(C)c4)c2)n3CC(C)(C)O)CC1,1,IC50,7.21,2,CHEMBL6048747
Cc1c(-c2cc(C(=O)/N=c3\[nH]c4cc(C5CCN(C)CC5)ccc4n3CC(C)(C)O)ccn2)cnn1C,1,IC50,8.68,2,CHEMBL5976089
Cc1c(-c2cc(C(=O)/N=c3\[nH]c4cc(N5CCN(C)CC5)ccc4n3CC(C)(C)O)ccn2)cnn1C,1,IC50,7.55,2,CHEMBL5925024
CC(=O)N1CCC(c2ccc3c(c2)[nH]/c(=N\C(=O)c2ccnc(-c4cnn(C)c4C)c2)n3CC(C)(C)O)CC1,1,IC50,8.36,2,CHEMBL6056421
COc1ccncc1-c1cc(C(=O)/N=c2\[nH]c3cc(C4CCN(C)CC4)ccc3n2CC(C)(C)O)ccn1,1,IC50,8.62,3,CHEMBL5968167
CN1CCC(c2ccc3c(c2)[nH]/c(=N\C(=O)c2ccnc(-n4cnc5cccc(F)c54)c2)n3CC(C)(C)O)CC1,1,IC50,8.47,2,CHEMBL5809520
COc1ccncc1-c1cc(C(=O)/N=c2\[nH]c3cc(C4CCN(C(C)=O)CC4)ccc3n2CC(C)(C)O)ccn1,1,IC50,8.92,3,CHEMBL6055515
CN1CCC(c2ccc3c(c2)[nH]/c(=N\C(=O)c2ccnc(-c4cnn5cccnc45)c2)n3CC(C)(C)O)CC1,1,IC50,9.22,3,CHEMBL5994478
Cc1ccc2c(c1)[nH]/c(=N\C(=O)c1ccnc(-c3cnn(C)c3)c1)n2CC(C)(C)O,1,IC50,8.07,2,CHEMBL5829030
Cc1ccc2[nH]/c(=N\C(=O)c3ccnc(-c4cnn(C)c4)c3)n(CC(C)(C)O)c2c1,1,IC50,7.64,2,CHEMBL6049798
CN1CCC(c2ccc3c(c2)[nH]/c(=N\C(=O)c2ccnc(-c4cnn(C)c4)c2)n3CC(C)(C)O)CC1=O,1,IC50,8.25,2,CHEMBL5865007
Cn1cc(-c2cc(C(=O)/N=c3\[nH]c4ccccc4n3[C@H]3CC[C@@H](O)CC3)ccn2)cn1,1,IC50,9.4,3,CHEMBL6029813
Cn1cc(-c2cc(C(=O)/N=c3\[nH]c4cc(C5CCCOC5)ccc4n3CC(C)(C)O)ccn2)cn1,1,IC50,8.06,2,CHEMBL5865099
COc1ccccc1-c1cc(C(=O)/N=c2\[nH]c3cc(CN4CCOCC4)ccc3n2CC(C)(C)O)ccn1,1,IC50,9.15,2,CHEMBL5788210
CC(C)(O)Cn1/c(=N/C(=O)c2ccnc(-c3cnn4cccnc34)c2)[nH]c2ccccc21,1,IC50,7.95,1,CHEMBL5755984
CN(C)Cc1cccc(-c2cc(C(=O)/N=c3\[nH]c4ccccc4n3CC(C)(C)O)ccn2)c1,1,IC50,9.0,3,CHEMBL5786240
COc1ccccc1-c1cc(C(=O)/N=c2\[nH]c3ccccc3n2CC(C)(C)O)ccn1,1,IC50,9.15,2,CHEMBL5914292
COc1ccccc1-c1cc(C(=O)/N=c2\[nH]c3ccccc3n2[C@H]2CC[C@@H](O)CC2)ccn1,1,IC50,9.22,4,CHEMBL5790363
COc1ccccc1-c1cc(C(=O)/N=c2\[nH]c3cc(C)ccc3n2[C@H]2CC[C@@H](O)CC2)ccn1,1,IC50,9.3,4,CHEMBL5932830
Cc1ccc2c(c1)[nH]/c(=N\C(=O)c1ccnc(-c3cnn4cccnc34)c1)n2[C@H]1CC[C@@H](O)CC1,1,IC50,8.43,1,CHEMBL5984171
Cc1ccc2c(c1)[nH]/c(=N\C(=O)c1ccnc(-c3cccc(CN(C)C)c3)c1)n2[C@H]1CC[C@@H](O)CC1,1,IC50,7.99,1,CHEMBL5810396
Cn1cc(-c2cc(C(=O)/N=c3\[nH]c4ccccc4n3[C@H]3CCC[C@@H](O)C3)ccn2)cn1,1,IC50,8.51,4,CHEMBL5861063
CN(C)Cc1cccc(-c2cc(C(=O)/N=c3\[nH]c4ccccc4n3[C@H]3CC[C@@H](O)CC3)ccn2)c1,1,IC50,7.73,1,CHEMBL6021978
O=C(/N=c1\[nH]c2ccccc2n1[C@H]1CC[C@@H](O)CC1)c1ccnc(-c2cnn3cccnc23)c1,1,IC50,8.24,1,CHEMBL5998385
Cn1cc(-c2cc(C(=O)/N=c3\[nH]c4ccccc4n3[C@H]3CCC[C@H](O)C3)ccn2)cn1,1,IC50,9.15,4,CHEMBL5843126
COc1ccccc1-c1cc(C(=O)/N=c2\[nH]c3ccccc3n2[C@H]2CCC[C@@H](O)C2)ccn1,1,IC50,9.15,2,CHEMBL5756022
COc1ccccc1-c1cc(C(=O)/N=c2\[nH]c3ccccc3n2[C@H]2CCC[C@H](O)C2)ccn1,1,IC50,9.05,2,CHEMBL6020978
Cn1cc(-c2cc(C(=O)/N=c3\[nH]c4ccccc4n3[C@@H]3CCC[C@H](O)C3)ccn2)cn1,1,IC50,8.4,1,CHEMBL5894059
Cn1cc(-c2cc(C(=O)/N=c3\[nH]c4cc(CN5CCOCC5)ccc4n3[C@H]3CC[C@@H](O)CC3)cc(F)n2)cn1,1,IC50,9.1,2,CHEMBL6027769
O=C(/N=c1\[nH]c2ccccc2n1[C@H]1CC[C@@H](O)CC1)c1ccnc(-c2ccccc2F)c1,1,IC50,8.7,2,CHEMBL5838821
COc1ccccc1-c1cc(C(=O)/N=c2\[nH]c3ccccc3n2[C@@H]2CC[C@H](O)[C@H](O)C2)ccn1,1,IC50,8.16,2,CHEMBL5772876
Cn1cc(-c2cc(C(=O)/N=c3\[nH]c4cc(CN5CCOCC5)ccc4n3[C@H]3CC[C@@H](O)CC3)cc(C#N)n2)cn1,1,IC50,8.77,2,CHEMBL5749996
Cn1cc(-c2cc(C(=O)/N=c3\[nH]c4ccccc4n3[C@H]3CC[C@@H](O)CC3)cc(Cl)n2)cn1,1,IC50,8.55,1,CHEMBL5944318
COc1ccccc1-c1cc(C(=O)/N=c2\[nH]c3cc(CN4CCOCC4)ccc3n2[C@H]2CCC[C@@H](O)C2)ccn1,1,IC50,8.48,2,CHEMBL5998521
COc1ccccc1-c1cc(C(=O)/N=c2\[nH]c3ccccc3n2[C@H]2CC[C@H](O)[C@H](O)C2)ccn1,1,IC50,8.07,2,CHEMBL6050361
O=C(/N=c1\[nH]c2ccccc2n1[C@H]1CC[C@@H](O)CC1)c1ccnc(-c2coc3cccnc23)c1,1,IC50,7.88,1,CHEMBL5934422
COc1ccc(F)cc1-c1cc(C(=O)/N=c2\[nH]c3ccccc3n2[C@H]2CC[C@@H](O)CC2)ccn1,1,IC50,8.34,2,CHEMBL5893107
COc1ccccc1-c1cc(C(=O)/N=c2\[nH]c3cc(C4CCN(C(C)=O)C4)ccc3n2CC(C)(C)O)ccn1,1,IC50,8.82,2,CHEMBL5969655
Cc1cccc(-c2cc(C(=O)/N=c3\[nH]c4ccccc4n3[C@H]3CC[C@@H](O)CC3)ccn2)c1,1,IC50,8.62,2,CHEMBL5996878
COc1c(C)cccc1-c1cc(C(=O)/N=c2\[nH]c3ccccc3n2[C@H]2CC[C@@H](O)CC2)ccn1,1,IC50,7.85,1,CHEMBL5758879
O=C(/N=c1\[nH]c2ccccc2n1[C@H]1CC[C@@H](O)CC1)c1ccnc(-c2ccccc2OC(F)F)c1,1,IC50,7.98,2,CHEMBL5758176
COc1ccncc1-c1cc(C(=O)/N=c2\[nH]c3ccccc3n2[C@H]2CC[C@@H](O)CC2)cc(C#N)n1,1,IC50,8.34,2,CHEMBL5956362
Cn1cc(-c2cc(C(=O)/N=c3\[nH]c4ccccc4n3[C@H]3COC[C@H](O)C3)ccn2)cn1,1,IC50,8.3,1,CHEMBL5912587
COc1cc(F)ccc1-c1cc(C(=O)/N=c2\[nH]c3ccccc3n2[C@H]2CC[C@@H](O)CC2)ccn1,1,IC50,8.55,2,CHEMBL5880562
C#Cc1cc(C(=O)/N=c2\[nH]c3ccccc3n2[C@H]2CC[C@@H](O)CC2)cc(-c2cnn(C)c2)n1,1,IC50,8.06,1,CHEMBL5934396
COc1c(F)cccc1-c1cc(C(=O)/N=c2\[nH]c3ccccc3n2[C@H]2CC[C@@H](O)CC2)ccn1,1,IC50,7.87,2,CHEMBL5759154
O=C(/N=c1\[nH]c2ccccc2n1[C@H]1CC[C@@H](O)CC1)c1ccnc(-c2ccncc2)c1,1,IC50,8.4,2,CHEMBL5785378
O=C(/N=c1\[nH]c2ccccc2n1[C@H]1CC[C@@H](O)CC1)c1ccnc(-c2cccn3ncnc23)c1,1,IC50,7.47,1,CHEMBL6017480
O=C(/N=c1\[nH]c2ccccc2n1[C@H]1CC[C@@H](O)CC1)c1ccnc(-c2ccc(F)cc2F)c1,1,IC50,8.32,2,CHEMBL5812562
COc1ccccc1-c1cc(C(=O)/N=c2\[nH]c3cc(CN4CCOCC4)ccc3n2[C@H]2CCC[C@H](O)C2)ccn1,1,IC50,8.77,2,CHEMBL6057006
O=C(/N=c1\[nH]c2ccccc2n1[C@H]1CC[C@@H](O)CC1)c1ccnc(-c2cccnc2F)c1,1,IC50,7.7,2,CHEMBL5870210
Cn1cc(-c2cc(C(=O)/N=c3\[nH]c4cc(CCCO)ccc4n3CC(C)(C)O)ccn2)cn1,1,IC50,8.11,1,CHEMBL5802290
O=C(/N=c1\[nH]c2ccccc2n1[C@H]1CC[C@@H](O)CC1)c1ccnc(-c2cccc(F)c2)c1,1,IC50,7.45,1,CHEMBL5918591
COc1ccccc1-c1cc(C(=O)/N=c2\[nH]c3cc(C4CCCN(C(C)=O)C4)ccc3n2CC(C)(C)O)ccn1,1,IC50,8.85,2,CHEMBL5887634
Cn1cc(-c2cc(C(=O)/N=c3\[nH]c4ccccc4n3[C@H]3COC[C@@H](O)C3)ccn2)cn1,1,IC50,8.13,1,CHEMBL5872345
COc1ccncc1-c1cc(C(=O)/N=c2\[nH]c3cc(CN4CCOCC4)ccc3n2[C@H]2CC[C@@H](O)CC2)cc(C#N)n1,1,IC50,8.52,1,CHEMBL5863443
Cc1cc(C(=O)/N=c2\[nH]c3cc(CN4CCOCC4)ccc3n2[C@H]2CC[C@@H](O)CC2)cc(-c2cnn(C)c2)n1,1,IC50,8.57,1,CHEMBL5782254
COc1ccccc1-c1cc(C(=O)/N=c2\[nH]c3ccccc3n2[C@@H]2CC[C@H](O)[C@@H](O)C2)ccn1,1,IC50,8.11,2,CHEMBL5965573
Cn1cc(-c2cc(C(=O)/N=c3\[nH]c4cc(CC#N)ccc4n3CC(C)(C)O)ccn2)cn1,1,IC50,8.17,1,CHEMBL5864012
O=C(/N=c1\[nH]c2ccccc2n1[C@H]1CC[C@@H](O)CC1)c1ccnc(-c2cnn3c2OCC(F)(F)C3)c1,1,IC50,8.64,2,CHEMBL6025269
O=C(/N=c1\[nH]c2ccccc2n1[C@H]1CC[C@@H](O)CC1)c1ccnc(-c2cnn(C(F)F)c2)c1,1,IC50,8.92,2,CHEMBL5800758
CC(=O)N1CCC(c2ccc3c(c2)[nH]/c(=N\C(=O)c2cc(C#N)nc(-c4cnn(C)c4)c2)n3[C@H]2CC[C@@H](O)CC2)CC1,1,IC50,9.05,2,CHEMBL5920247
Cn1ncc(-c2cc(C(=O)/N=c3\[nH]c4ccccc4n3[C@H]3CC[C@@H](O)CC3)ccn2)c1Cl,1,IC50,9.0,2,CHEMBL6057405
Cc1cc(C(=O)/N=c2\[nH]c3ccccc3n2[C@H]2CCC[C@H](O)C2)cc(-c2cnn(C)c2)n1,1,IC50,7.58,1,CHEMBL5745328
CC(=O)N1CCC(c2ccc3c(c2)[nH]/c(=N\C(=O)c2cc(C)nc(-c4cnn(C)c4)c2)n3[C@H]2CC[C@@H](O)CC2)CC1,1,IC50,8.44,1,CHEMBL6001037
Cn1cc(-c2cc(C(=O)/N=c3\[nH]c4ccccc4n3[C@H]3C[C@H](O)C[C@H](O)C3)ccn2)cn1,1,IC50,8.52,2,CHEMBL5770970
Cc1cc(C(=O)/N=c2\[nH]c3cc(CN4CCN(C)CC4)ccc3n2[C@H]2CCC[C@H](O)C2)cc(-c2cnn(C)c2)n1,1,IC50,8.27,1,CHEMBL5796638
Cc1cc(C(=O)/N=c2\[nH]c3cc(CN4CCOCC4)ccc3n2[C@H]2CCC[C@H](O)C2)cc(-c2cnn(C)c2)n1,1,IC50,8.09,1,CHEMBL6028850
Cn1cc(-c2cc(C(=O)/N=c3\[nH]c4ccccc4n3[C@H]3CCC[C@H](O)C3)cc(C#N)n2)cn1,1,IC50,8.37,2,CHEMBL5905751
Cn1cc(-c2cc(C(=O)/N=c3\[nH]c4ccccc4n3[C@H]3CC[C@@H](O)CC3)cc(N)n2)cn1,1,IC50,9.52,2,CHEMBL5832595
Cn1cc(-c2cc(C(=O)/N=c3\[nH]c4ccccc4n3C3CCCS(=O)(=O)C3)ccn2)cn1,1,IC50,8.6,2,CHEMBL6060232
Cc1cc(C(=O)/N=c2\[nH]c3ccc(CN4CCN(C)CC4)cc3n2CC(C)(C)O)cc(-c2cnn(C)c2)n1,1,IC50,8.0,1,CHEMBL5849722
CNc1cc(C(=O)/N=c2\[nH]c3ccccc3n2[C@H]2CC[C@@H](O)CC2)cc(-c2cnn(C)c2)n1,1,IC50,8.31,1,CHEMBL5828469
Cn1cc(-c2cc(C(=O)/N=c3\[nH]c4ccccc4n3[C@H]3CC[C@@H](O)CC3)cc(CF)n2)cn1,1,IC50,8.09,1,CHEMBL5870000
CC(=O)N1CCC(c2ccc3c(c2)[nH]/c(=N\C(=O)c2ccnc(-c4cnn(C)c4)c2)n3[C@H]2CC[C@@H](O)CC2)CC1,1,IC50,10.0,3,CHEMBL5755058
Cn1cc(-c2cc(C(=O)/N=c3\[nH]c4ccccc4n3C3CCC[S+]([O-])C3)ccn2)cn1,1,IC50,8.7,2,CHEMBL5847689
Cc1cc(C(=O)/N=c2\[nH]c3ccc(CN4CCOCC4)cc3n2C2CCCCC2)cc(-c2cnn(C)c2)n1,1,IC50,9.4,2,CHEMBL5948958
Cc1cc(C(=O)/N=c2\[nH]c3ccc(CN4CCN(C)CC4)cc3n2[C@H]2CC[C@@H](O)CC2)cc(-c2cnn(C)c2)n1,1,IC50,9.7,3,CHEMBL6023158
Cc1cc(C(=O)/N=c2\[nH]c3ccc(CN4CCOCC4)cc3n2[C@H]2CC[C@@H](O)CC2)cc(-c2cnn(C)c2)n1,1,IC50,9.3,2,CHEMBL5828125
Cc1cc(C(=O)/N=c2\[nH]c3ccc(CN4CCN(C)CC4)cc3n2C2CCCCC2)cc(-c2cnn(C)c2)n1,1,IC50,9.7,3,CHEMBL5993712
Cc1cc(C(=O)/N=c2\[nH]c3ccc(C4CCN(C)CC4)cc3n2[C@H]2CC[C@@H](O)CC2)cc(-c2cnn(C)c2)n1,1,IC50,9.7,3,CHEMBL5969707
C=CC(=O)Nc1cccc(Nc2nc(Nc3ccc(OCCOC)cc3)c3c(c2F)CNC3=O)c1,0,IC50 (>),5.0,1,CHEMBL5866630
C=CC(=O)Nc1cccc(Nc2cc3c(c(Nc4ccc(OCCOC)cc4)n2)C(=O)NC3)c1,0,IC50 (>),5.0,1,CHEMBL5981989
C=CC(=O)Nc1cccc(Nc2nc3c(c(-c4cnn(C)c4)n2)C(=O)NC3)c1,0,IC50 (>),5.0,1,CHEMBL5930062
C=CC(=O)Nc1cccc(Nc2nc3c(c(N(C)c4ccc(OCCOC)cc4)n2)C(=O)NC3)c1,0,IC50 (>),5.0,1,CHEMBL5839891
COc1cc(C2CCNCC2)c(C)cc1Nc1ncc(Cl)c(Nc2ccccc2NS(C)(=O)=O)n1,1,IC50,8.52,4,CHEMBL5962278
COc1cc(C2CCNCC2)ccc1Nc1ncc(Br)c(Nc2ccccc2NS(C)(=O)=O)n1,1,IC50,8.7,4,CHEMBL5952457
COc1cc(C2CCNCC2)ccc1Nc1ncc(OC)c(Nc2ccccc2NS(C)(=O)=O)n1,1,IC50,6.14,1,CHEMBL6025577
COc1cc(C2CCNCC2)ccc1Nc1ncc(C(F)(F)F)c(Nc2ccccc2NS(C)(=O)=O)n1,1,IC50,7.89,3,CHEMBL5959742
COc1cc(C2CCNCC2)ccc1Nc1ncc(Cl)c(Nc2ccccc2NS(N)(=O)=O)n1,1,IC50,8.0,4,CHEMBL5901475
COc1cc(C2CCNCC2)ccc1Nc1ncc(C)c(Nc2ccccc2NS(C)(=O)=O)n1,1,IC50,6.44,1,CHEMBL6061692
COc1cc(C2CCNCC2)ccc1Nc1nccc(Nc2ccccc2NS(C)(=O)=O)n1,1,IC50,7.03,1,CHEMBL5874088
COc1cc(N2CCC(N(C)C)CC2)ccc1Nc1ncc(Cl)c(Nc2ccccc2NS(C)(=O)=O)n1,1,IC50,8.51,4,CHEMBL5842694
COc1cc(C2CCN(C)CC2)ccc1Nc1ncc(Cl)c(Nc2ccccc2NS(C)(=O)=O)n1,1,IC50,8.7,3,CHEMBL5956969
COc1cc(C2CCN(CCO)CC2)ccc1Nc1ncc(Cl)c(Nc2ccccc2NS(C)(=O)=O)n1,1,IC50,7.89,3,CHEMBL5982869
COc1cc(C2CCN(C3CCN(CCO)CC3)CC2)ccc1Nc1ncc(Cl)c(Nc2ccccc2NS(C)(=O)=O)n1,1,IC50,8.22,3,CHEMBL5796454
COc1cc(C2CCN(C(C)=O)CC2)ccc1Nc1ncc(Cl)c(Nc2ccccc2NS(C)(=O)=O)n1,1,IC50,6.48,1,CHEMBL5844317
COc1cc(C2CCN(C3CCNCC3)CC2)ccc1Nc1ncc(Cl)c(Nc2ccccc2NS(C)(=O)=O)n1,1,IC50,7.64,3,CHEMBL5801199
COc1cc(C2CCN(C3CCN(C)CC3)CC2)ccc1Nc1ncc(Cl)c(Nc2ccccc2NS(C)(=O)=O)n1,1,IC50,8.4,4,CHEMBL5888007
COc1cc(C2CCN(C3CCN(C(C)=O)CC3)CC2)ccc1Nc1ncc(Cl)c(Nc2ccccc2NS(C)(=O)=O)n1,1,IC50,7.89,4,CHEMBL5973569
COc1cc(N2CCC(N3CCN(C(C)=O)CC3)CC2)ccc1Nc1ncc(Cl)c(Nc2ccccc2NS(C)(=O)=O)n1,1,IC50,9.15,4,CHEMBL5876051
COc1cc(N2CCC(N3CCN(C(=O)OC(C)(C)C)CC3)CC2)ccc1Nc1ncc(Cl)c(Nc2ccccc2NS(C)(=O)=O)n1,1,IC50,6.52,1,CHEMBL6046040
COc1cc(N2CCC(N3CCNCC3)CC2)ccc1Nc1ncc(Cl)c(Nc2ccccc2NS(C)(=O)=O)n1,1,IC50,10.0,4,CHEMBL5996490
COc1cc(N2CCNCC2)ccc1Nc1ncc(Cl)c(Nc2ccccc2NS(C)(=O)=O)n1,1,IC50,7.6,3,CHEMBL5973020
COc1cc(N2CCN(C3CCN(C(C)=O)CC3)CC2)ccc1Nc1ncc(Cl)c(Nc2ccccc2NS(C)(=O)=O)n1,1,IC50,8.52,4,CHEMBL5805552
COc1cc(N2CCN(C3CCN(C)CC3)CC2)ccc1Nc1ncc(Cl)c(Nc2ccccc2NS(C)(=O)=O)n1,1,IC50,9.7,4,CHEMBL5975224
COc1cc(N2CCN(C3CCN(C(=O)OC(C)(C)C)CC3)CC2)ccc1Nc1ncc(Cl)c(Nc2ccccc2NS(C)(=O)=O)n1,1,IC50,6.96,1,CHEMBL5799859
COc1cc(N2CCN(C3CCNCC3)CC2)ccc1Nc1ncc(Cl)c(Nc2ccccc2NS(C)(=O)=O)n1,1,IC50,9.52,4,CHEMBL5909563
COc1cc(N2CCN(C)CC2)ccc1Nc1ncc(Cl)c(Nc2ccccc2NS(C)(=O)=O)n1,1,IC50,9.05,4,CHEMBL6009993
COc1cc(N2CCNCC2)ccc1Nc1ncc(Cl)c(Nc2ccccc2NS(N)(=O)=O)n1,1,IC50,8.4,3,CHEMBL5933567
COc1cc(N2CCNCC2)ccc1Nc1ncc(Br)c(Nc2ccccc2NS(N)(=O)=O)n1,1,IC50,8.52,3,CHEMBL5758432
COc1cc(N2CCNCC2)ccc1Nc1ncc(C(F)(F)F)c(Nc2ccccc2NS(C)(=O)=O)n1,1,IC50,8.15,4,CHEMBL6009556
COc1cc(N2CCOCC2)ccc1Nc1ncc(Cl)c(Nc2ccccc2NS(C)(=O)=O)n1,1,IC50,8.4,3,CHEMBL4303382
COc1cc(N2CCC(N3CCCC3)CC2)ccc1Nc1ncc(Cl)c(Nc2ccccc2NS(C)(=O)=O)n1,1,IC50,8.96,3,CHEMBL5972461
COc1cc(N2CCC(N(C)C)CC2)ccc1Nc1ncc(Cl)c(Nc2ccccc2NS(N)(=O)=O)n1,1,IC50,9.52,1,CHEMBL5917624
COc1cc(N2CCC(N)CC2)ccc1Nc1ncc(Cl)c(Nc2ccccc2NS(C)(=O)=O)n1,1,IC50,9.3,1,CHEMBL5953740
COc1cc(N2CCC(NC(C)=O)CC2)ccc1Nc1ncc(Cl)c(Nc2ccccc2NS(C)(=O)=O)n1,1,IC50,9.52,1,CHEMBL6014342
CNC1CCN(c2ccc(Nc3ncc(Cl)c(Nc4ccccc4NS(C)(=O)=O)n3)c(OC)c2)CC1,1,IC50,9.4,1,CHEMBL5864399
COc1cc(N2CCC(NCCO)CC2)ccc1Nc1ncc(Cl)c(Nc2ccccc2NS(C)(=O)=O)n1,1,IC50,9.7,1,CHEMBL5887896
COCCNC1CCN(c2ccc(Nc3ncc(Cl)c(Nc4ccccc4NS(C)(=O)=O)n3)c(OC)c2)CC1,1,IC50,9.52,1,CHEMBL5745490
COc1cc(N2CCC(NCCN(C)C)CC2)ccc1Nc1ncc(Cl)c(Nc2ccccc2NS(C)(=O)=O)n1,1,IC50,9.22,1,CHEMBL5846820
CN1CCN(CCNc2nccc(-c3c(-c4cccc(O)c4)nc4occn34)n2)S1(=O)=O,1,IC50,8.53,1,CHEMBL5920948
CCN1CCN(CCNc2nccc(-c3c(-c4cccc(O)c4)nc4occn34)n2)S1(=O)=O,1,IC50,9.12,1,CHEMBL5584052
CCN1CCN(CCNc2nccc(-c3c(-c4ccc(F)c(O)c4)nc4sccn34)n2)S1(=O)=O,1,IC50,8.11,1,CHEMBL5993587
COc1cc(-c2nc3sccn3c2-c2ccnc(NCCCNS(=O)(=O)c3ccc(F)cc3)n2)ccc1F,1,IC50,7.86,1,CHEMBL5878812
Nc1cc(-c2nc3sccn3c2-c2ccnc(NCCCNS(=O)(=O)c3ccc(F)cc3)n2)ccc1F,1,IC50,8.27,1,CHEMBL5754849
O=C1Nc2ccc(I)cc2C1=Cc1cc(Br)c(O)c(Br)c1,1,IC50,8.59,1,CHEMBL1880739
COCCOc1cnccc1-c1[nH]c2c(c1Nc1ccccc1)C(=O)NCC2,1,IC50,9.11,2,CHEMBL6047706
CC(C)(C)CCOc1cnccc1-c1[nH]c2c(c1Nc1cccc(F)c1)C(=O)NCC2,1,IC50,8.4,2,CHEMBL5922838
O=C1NCCc2[nH]c(-c3ccncc3OCc3ccccc3)c(Nc3cccc(F)c3)c21,1,IC50,9.55,2,CHEMBL5956184
CC(C)(O)COc1cnccc1-c1[nH]c2c(c1Nc1cccc(F)c1)C(=O)NCC2,1,IC50,9.88,1,CHEMBL5883280
CN(C)CCOc1cnccc1-c1[nH]c2c(c1Nc1cccc(F)c1)C(=O)NCC2,1,IC50,8.81,2,CHEMBL5831458
COC(C)(C)COc1cnccc1-c1[nH]c2c(c1Nc1cccc(F)c1)C(=O)NCC2,1,IC50,9.67,1,CHEMBL5740720
CC(C)(COc1cnccc1-c1[nH]c2c(c1Nc1cccc(F)c1)C(=O)NCC2)N1CCOCC1,1,IC50,9.14,1,CHEMBL5855803
CN1CCC[C@H]1COc1cnccc1-c1[nH]c2c(c1Nc1cccc(F)c1)C(=O)NCC2,1,IC50,9.51,1,CHEMBL5825778
COCCOc1cnccc1-c1[nH]c2c(c1Nc1cc(F)cc(F)c1)C(=O)NCC2,1,IC50,8.21,1,CHEMBL6042815
COCCOc1cnccc1-c1[nH]c2c(c1Nc1ccccc1OC(F)F)C(=O)NCC2,1,IC50,9.66,2,CHEMBL5950803
COCCOc1cnccc1-c1[nH]c2c(c1Nc1cccc(F)c1Br)C(=O)NCC2,1,IC50,10.07,2,CHEMBL5962943
COCCOc1cnccc1-c1[nH]c2c(c1Nc1ccccc1OC)C(=O)NCC2,1,IC50,8.36,2,CHEMBL6043071
COCCOc1cnccc1-c1[nH]c2c(c1Nc1ccccc1OC(F)(F)F)C(=O)NCC2,1,IC50,8.57,2,CHEMBL5790724
COCCOc1cnccc1-c1[nH]c2c(c1Nc1ccccc1CC(F)F)C(=O)NCC2,1,IC50,9.31,2,CHEMBL5808781
COCCOc1cnccc1-c1[nH]c2c(c1Nc1cccc(F)c1OC)C(=O)NCC2,1,IC50,9.86,2,CHEMBL5951245
COc1c(F)cccc1Nc1c(-c2ccncc2OCC(C)(C)OC)[nH]c2c1C(=O)NCC2,1,IC50,9.95,2,CHEMBL5405163
COCCOc1cnccc1-c1[nH]c2c(c1Nc1cccc(F)c1OC(F)F)C(=O)NCC2,1,IC50,9.92,2,CHEMBL5874668
COC(C)(C)COc1cnccc1-c1[nH]c2c(c1Nc1cccc(F)c1OC(F)F)C(=O)NCC2,1,IC50,9.81,2,CHEMBL5743634
COCCOc1cnccc1-c1[nH]c2c(c1Nc1cccc(F)c1C)C(=O)NCC2,1,IC50,9.83,2,CHEMBL6041040
COC(C)(C)COc1cnccc1-c1[nH]c2c(c1Nc1cccc(F)c1C)C(=O)NCC2,1,IC50,9.86,2,CHEMBL5774126
COCCOc1cnccc1-c1[nH]c2c(c1Nc1cccc(F)c1CC(F)F)C(=O)NCC2,1,IC50,9.75,2,CHEMBL5990479
COC(C)(C)COc1cnccc1-c1[nH]c2c(c1Nc1cccc(F)c1CC(F)F)C(=O)NCC2,1,IC50,9.59,2,CHEMBL5778626
COC(C)(C)COc1cnccc1-c1[nH]c2c(c1Nc1cccc(F)c1O)C(=O)NCC2,1,IC50,9.27,2,CHEMBL5903083
CCOc1c(F)cccc1Nc1c(-c2ccncc2OCCOC)[nH]c2c1C(=O)NCC2,1,IC50,8.96,2,CHEMBL5808896
CCOc1c(F)cccc1Nc1c(-c2ccncc2OCC(C)(C)OC)[nH]c2c1C(=O)NCC2,1,IC50,9.57,2,CHEMBL5867406
COC(C)(C)COc1cnccc1-c1[nH]c2c(c1Nc1cccc(F)c1OCC(F)F)C(=O)NCC2,1,IC50,8.67,2,CHEMBL5770549
COCCOc1cnccc1-c1[nH]c2c(c1Nc1ccc(F)c(F)c1OC)C(=O)NCC2,1,IC50,9.13,2,CHEMBL6029655
COc1c(Nc2c(-c3ccncc3OCC(C)(C)OC)[nH]c3c2C(=O)NCC3)ccc(F)c1F,1,IC50,9.61,2,CHEMBL5798664
COCCOc1cnccc1-c1[nH]c2c(c1Nc1cc(F)cc(F)c1OC)C(=O)NCC2,1,IC50,10.01,2,CHEMBL5798855
COc1c(F)cc(F)cc1Nc1c(-c2ccncc2OCC(C)(C)OC)[nH]c2c1C(=O)NCC2,1,IC50,10.0,2,CHEMBL5942124
C=CC(=O)Nc1cccc(Nc2nc(Nc3cccc(OCCCN4CCCC4=O)c3)ncc2F)c1,1,IC50,6.26,1,CHEMBL5750713
C=CC(=O)N1CCC[C@@H](Nc2nc(Nc3ccc(OC4CCOC4)cc3)ncc2F)C1,1,IC50,6.26,1,CHEMBL5935248
COc1cc(N2CCC3(CCN(C)CC3)CC2)c(Cl)cc1Nc1ncc(Cl)c(Nc2ccc3sccc3c2P(C)(C)=O)n1,1,IC50,8.58,1,CHEMBL5767132
COc1cc(N2CCC3(CC2)CN(C)C3)c(C)cc1Nc1ncc(Cl)c(Nc2ccc3sccc3c2P(C)(C)=O)n1,1,IC50,9.21,1,CHEMBL5928819
COc1cc(N2CCC3(CC2)CN(C)C3)ccc1Nc1ncc(Cl)c(Nc2ccc3ccccc3c2P(C)(C)=O)n1,1,IC50,8.79,1,CHEMBL5986535
COc1cc(N2CCC(N3CCN(C)CC3)CC2)ccc1Nc1ncc(Cl)c(Nc2ccc3ccccc3c2P(C)(C)=O)n1,1,IC50,8.6,1,CHEMBL5815244
COc1cc(N2CCC3(CC2)CN(C)C3)c(C)cc1Nc1ncc(Cl)c(Nc2ccc3nccnc3c2P(C)(C)=O)n1,1,IC50,9.1,1,CHEMBL6043358
COc1cc(N2CCC3(CC2)CN(C)C3)c(C)cc1Nc1ncc(Cl)c(Nc2ccc3ccccc3c2P(C)(C)=O)n1,1,IC50,9.31,1,CHEMBL5860281
COc1cc(N2CCC3(CC2)CN(C)C3)c(C)cc1Nc1ncc(Cl)c(Nc2ccc3cnn(C)c3c2P(C)(C)=O)n1,1,IC50,8.24,1,CHEMBL6011218
COc1cc(N2CCC3(CC2)CN(C)C3)c(C)cc1Nc1ncc(Cl)c(Nc2ccc3c(c2P(C)(C)=O)CCC3)n1,1,IC50,9.31,1,CHEMBL5831921
COc1cc(N2CCC3(CC2)CN(C)C3)c(C)cc1Nc1ncc(OC(=O)N(C)C)c(Nc2ccc3ccccc3c2P(C)(C)=O)n1,1,IC50,6.07,1,CHEMBL5999274
COc1ccc(OCCNCc2cnccn2)cc1Nc1ncc(Cl)c(Nc2ccc3ccccc3c2P(C)(C)=O)n1,1,IC50,7.6,1,CHEMBL5833522
COc1ccc(OCCNCc2cccnc2)cc1Nc1ncc(Cl)c(Nc2ccc3ccccc3c2P(C)(C)=O)n1,1,IC50,7.89,1,CHEMBL5777319
COc1cc(N2CCC3(CC2)CN(CC(F)(F)F)C3)c(C)cc1Nc1ncc(Cl)c(Nc2ccc3ccccc3c2P(C)(C)=O)n1,1,IC50,7.51,1,CHEMBL5952451
COc1cc(N2CCC3(CC2)CN(C)C3)c(C)cc1Nc1ncc(Br)c(Nc2ccc3ccccc3c2P(C)(C)=O)n1,1,IC50,10.28,1,CHEMBL5811442
COc1cc(N2CCC3(CC2)CN(C)C3)c(C)cc1Nc1ncc(C2CC2)c(Nc2ccc3ccccc3c2P(C)(C)=O)n1,1,IC50,8.75,1,CHEMBL5947282
COc1cc(N2CCC3(CC2)CN(C)C3)c(C)cc1Nc1ncc(C#N)c(Nc2ccc3ccccc3c2P(C)(C)=O)n1,1,IC50,9.17,1,CHEMBL6058695
COc1ccc(OCCN2CCNC(=O)C2)cc1Nc1ncc(Cl)c(Nc2ccc3ccccc3c2P(C)(C)=O)n1,1,IC50,6.73,1,CHEMBL5779580
COc1ccc(OCCNS(C)(=O)=O)cc1Nc1ncc(Cl)c(Nc2ccc3ccccc3c2P(C)(C)=O)n1,1,IC50,7.17,1,CHEMBL6026402
COc1cc(N2CCC(N(C)C)CC2)c(C)cc1Nc1ncc(Br)c(Nc2ccc3nccnc3c2P(C)(C)=O)n1,1,IC50,9.68,3,CHEMBL5963175
C=CC(=O)N1CCC[C@@H](Nc2nc(Nc3ccc4c(c3)OCCOCCOCCO4)nc3[nH]cnc23)C1,1,IC50,6.46,2,CHEMBL5999061
C=CC(=O)Nc1cccc(Nc2nc(Nc3ccc4c(c3)OCCOCCOCCO4)ncc2F)c1,1,IC50,6.13,2,CHEMBL5756092
C=CC(=O)Nc1cccc(Nc2nc(Nc3ccc4c(c3)OCCOCCOCCO4)nc3[nH]cnc23)c1,1,IC50,6.68,3,CHEMBL5757288
C#Cc1cc(Nc2ncnc3cc(OCCOC)ccc23)cc(OCCOCC)c1,0,Kd,4.75,1,CHEMBL5765266
C#Cc1cc(Nc2ncnc3cc(OCCOC)ccc23)cc(OCCOC)c1,0,Kd,4.9,1,CHEMBL5815621
C=CC(=O)N1CCC(Nc2cncc(-c3cnc(Oc4cccc(Cl)c4)nc3)c2)CC1,1,IC50,6.33,1,CHEMBL5802555
C=CC(=O)N1CC(Nc2cncc(-c3cnc(Oc4cccc(Cl)c4F)nc3)c2)C1,1,IC50,6.92,1,CHEMBL6062282
C=CC(=O)N1CC(Nc2cncc(-c3cnc(Oc4cccc(OC(F)F)c4)nc3)c2)C1,1,IC50,6.06,1,CHEMBL5909490
C=CC(=O)N1CC[C@H](Nc2cncc(-c3cnc(Oc4cccc(OC(F)F)c4)nc3)c2)C1,0,IC50,4.54,1,CHEMBL5918833
C=CC(=O)N1CC(Nc2cncc(-c3cnc(Oc4cccc(Cl)c4)nc3)c2)C1,1,IC50,6.89,1,CHEMBL5960937
C=CC(=O)N1CC(Nc2cncc(-c3cnc(Oc4cccc(C(F)(F)F)c4)nc3)c2)C1,1,IC50,6.14,1,CHEMBL5997770
C=CC(=O)N1CC(Nc2cncc(-c3cnc(Oc4cccc(OC(F)(F)F)c4)nc3)c2)C1,0,IC50,4.67,1,CHEMBL6007810
C=CC(=O)N1CC(Nc2cncc(-c3cnc(Oc4cccc(F)c4)nc3)c2)C1,1,IC50,6.19,1,CHEMBL5834450
C=CC(=O)N1CC(C)(Nc2cncc(-c3cnc(Oc4cccc(Cl)c4)nc3)c2)C1,1,IC50,6.29,1,CHEMBL6014610
C=CC(=O)N1CC(Nc2cncc(-c3cnc(Oc4ccc(F)c(Cl)c4)nc3)c2)C1,1,IC50,6.35,1,CHEMBL6058524
C#Cc1cccc(Oc2ncc(-c3cncc(NC4CN(C(=O)C=C)C4)c3)cn2)c1,1,IC50,6.62,1,CHEMBL6015436
C=CC(=O)N1CC[C@H](Nc2cncc(-c3cnc(Nc4cccc(C)n4)nc3)c2)C1,0,IC50,4.79,1,CHEMBL5896779
C=CC(=O)N1CC(Nc2cncc(-c3cnc(Nc4cccc(C(F)(F)F)c4)nc3)c2)C1,1,IC50,6.61,1,CHEMBL5807788
C=CC(=O)N1CCC(Nc2cncc(-c3cnc(Nc4cccc(Cl)c4)nc3)c2)CC1,1,IC50,6.28,1,CHEMBL5880574
C=CC(=O)N1CCC(Nc2cncc(-c3cnc(Nc4cccc(C(F)(F)F)n4)nc3)c2)CC1,0,IC50 (>),4.0,1,CHEMBL6045642
CN(C)C/C=C/C(=O)N1CCC(Nc2cncc(-c3cnc(Nc4cccc(Cl)c4)nc3)c2)CC1,0,IC50,4.58,1,CHEMBL5886152
C=CC(=O)N1CC(Nc2cncc(-c3cnc(Oc4cccc(OC(F)(F)F)c4)nc3)n2)C1,0,IC50,4.98,1,CHEMBL5759181
C=CC(=O)N1CC(Nc2cncc(-c3cnc(Oc4cccc(Cl)c4)nc3)n2)C1,1,IC50,6.44,1,CHEMBL5941317
C=CC(=O)N1C[C@@H](Nc2cncc(-c3cnc(Oc4cccc(Cl)c4)nc3)n2)[C@@H]1C,1,IC50,6.71,1,CHEMBL5830622
C=CC(=O)N1CC[C@H](Nc2cncc(-c3cnc(Nc4cccc(OC(F)(F)F)c4)nc3)n2)C1,0,IC50,4.65,1,CHEMBL5894318
C=CC(=O)N1CC[C@H](Nc2cncc(-c3cnc(Nc4cccc(Cl)c4)nc3)n2)C1,1,IC50,6.19,1,CHEMBL5799378
C=CC(=O)N1CC(Nc2cncc(-c3cnc(Nc4ccc(F)c(Cl)c4)nc3)n2)C1,1,IC50,7.43,1,CHEMBL5975268
C=CC(=O)N1CC[C@H](Nc2cncc(-c3cnc(Nc4ccccc4OC(F)(F)F)nc3)n2)C1,0,IC50,4.82,1,CHEMBL6012149
C=CC(=O)N1CC(Nc2cncc(-c3cnc(Nc4cccc(OC(F)(F)F)c4)nc3)n2)C1,1,IC50,6.51,1,CHEMBL5893059
C=CC(=O)N1CCC(Nc2cncc(-c3cnc(Oc4cccc(OC(F)F)c4)nc3)n2)CC1,1,IC50,6.04,1,CHEMBL5837535
C=CC(=O)N1CC(Nc2cncc(-c3cnc(Nc4cccc(C)n4)nc3)n2)C1,1,IC50,7.26,1,CHEMBL6013340
C=CC(=O)N1CC(Nc2cncc(-c3cnc(Nc4ccccc4OC(F)(F)F)nc3)n2)C1,1,IC50,6.17,1,CHEMBL5945723
C=CC(=O)N1CCC(Nc2cncc(-c3cnc(Oc4cccc(Cl)c4)nc3)n2)CC1,1,IC50,6.68,1,CHEMBL5991347
CN(C)C/C=C/C(=O)N1CCC(Nc2cncc(-c3cnc(Oc4cccc(Cl)c4)nc3)n2)CC1,0,IC50,4.28,1,CHEMBL5972541
CN(C)C/C=C/C(=O)N1CCOc2c1ccc1ncnc(Nc3ccc(Oc4nccs4)cc3)c21,1,IC50,6.56,1,CHEMBL6040638
CN(C)C/C=C/C(=O)N1CCOc2c1ccc1ncnc(Nc3ccc(OCc4ccccn4)cc3)c21,1,IC50,6.56,1,CHEMBL6004850
CN(C)C/C=C/C(=O)N1CCOc2c1ccc1ncnc(Nc3ccc(OCc4cccs4)cc3)c21,1,IC50,6.56,1,CHEMBL5976760
CN(C)C/C=C/C(=O)N1CCOc2c1ccc1ncnc(Nc3ccc(Oc4cc(F)ccc4F)cc3)c21,1,IC50,6.56,1,CHEMBL5747733
CC(Oc1ccc(Nc2ncnc3ccc4c(c23)OCCN4C(=O)/C=C/CN(C)C)cc1)c1cccc(F)c1,1,IC50,6.56,1,CHEMBL5751436
CC(Oc1ccc(Nc2ncnc3ccc4c(c23)OCCN4C(=O)/C=C/CN(C)C)cc1)c1ccccn1,1,IC50,6.56,1,CHEMBL6058403
COCCCCNC/C=C/C(=O)N1CCOc2c1ccc1ncnc(Nc3ccc(Oc4ccccc4F)cc3)c21,1,IC50,6.56,1,CHEMBL5961174
Cc1cc(Nc2ncnc3ccc4c(c23)OCCN4C(=O)/C=C/CN(C)C)ccc1Oc1ccn2ncnc2c1,1,IC50,6.56,1,CHEMBL6022727
CN(C)C/C=C/C(=O)N1CCOc2c1ccc1ncnc(Nc3ccc(Oc4ccn5ncnc5c4)c(Cl)c3)c21,1,IC50,6.56,1,CHEMBL6011191
CC(C)N(C)C/C=C/C(=O)N1CCOc2c1ccc1ncnc(Nc3ccc(Oc4ccn5ncnc5c4)c(Cl)c3)c21,1,IC50,6.56,1,CHEMBL5813164
O=C(/C=C/CN1CCCCC1)N1CCOc2c1ccc1ncnc(Nc3ccc(Oc4ccn5ncnc5c4)c(Cl)c3)c21,1,IC50,6.56,1,CHEMBL5764117
CN(C/C=C/C(=O)N1CCOc2c1ccc1ncnc(Nc3ccc(Oc4ccn5ncnc5c4)c(Cl)c3)c21)C1CCC1,1,IC50,6.56,1,CHEMBL5984886
COCCN(C)C/C=C/C(=O)N1CCOc2c1ccc1ncnc(Nc3ccc(Oc4ccn5ncnc5c4)c(Cl)c3)c21,1,IC50,6.56,1,CHEMBL5892454
CCN(CC)C/C=C/C(=O)N1CCOc2c1ccc1ncnc(Nc3ccc(Oc4ccn5ncnc5c4)c(Cl)c3)c21,1,IC50,6.56,1,CHEMBL5932064
Cc1cc(Nc2ncnc3ccc4c(c23)OCCN4C(=O)/C=C/CN2CCN(C)CC2)ccc1Oc1ccn2ncnc2c1,1,IC50,6.56,1,CHEMBL5962521
Cc1cc(Nc2ncnc3ccc4c(c23)OCCN4C(=O)/C=C/CN2CCCCC2)ccc1Oc1ccn2ncnc2c1,1,IC50,6.56,1,CHEMBL6043736
Cc1cc(Nc2ncnc3ccc4c(c23)OCCN4C(=O)/C=C/CN(C)C2CCC2)ccc1Oc1ccn2ncnc2c1,1,IC50,6.56,1,CHEMBL5890241
COCCN(C)C/C=C/C(=O)N1CCOc2c1ccc1ncnc(Nc3ccc(Oc4ccn5ncnc5c4)c(C)c3)c21,1,IC50,6.56,1,CHEMBL6000322
CC#CC(=O)C1NCCC[C@H]1c1nc(-c2ccc(Oc3cccc(OC)c3F)cc2)c2c(C)nccn12,1,IC50,6.26,1,CHEMBL5945215
O=C1c2cc(-c3ccc(N4CCNCC4)cc3)ccc2Nc2ccc(F)cc2N1c1ccccc1,0,IC50 (>),5.0,1,CHEMBL6025038
O=C1c2cc(-c3ccc(N4CCNCC4)cc3)ccc2Nc2ccc(F)cc2N1Cc1cccnc1,0,IC50 (>),5.0,1,CHEMBL5783902
O=C1c2cc(-c3ccc4[nH]ccc4c3)ccc2Nc2ccc(F)cc2N1c1ccccc1,0,IC50 (>),5.0,1,CHEMBL5842840
O=C1c2cc(-c3ccc4[nH]ccc4c3)ccc2Nc2ccc(F)cc2N1Cc1cccnc1,0,IC50 (>),5.0,1,CHEMBL6035498
O=C1c2cc(-c3ccc4[nH]ccc4c3)ccc2Nc2ccc(F)cc2N1Cc1nccs1,0,IC50 (>),5.0,1,CHEMBL5821785
O=C1c2cc(-c3ccc(N4CCNCC4)cc3)ccc2Nc2ncc(F)cc2N1Cc1ccccc1,0,IC50 (>),5.0,1,CHEMBL6030158
O=C1c2cc(-c3ccc(N4CCNCC4)cc3)ccc2Nc2ccncc2N1Cc1ccccc1,0,IC50 (>),5.0,1,CHEMBL5811412
Nc1ccc2c(c1)N(Cc1ccccc1)C(=O)c1cc(-c3ccc4[nH]ccc4c3)ccc1N2,0,IC50 (>),5.0,1,CHEMBL5869236
CC(=O)Nc1ccc2c(c1)N(Cc1ccccc1)C(=O)c1cc(-c3ccc4[nH]ccc4c3)ccc1N2,0,IC50 (>),5.0,1,CHEMBL5900383
CCC(=O)Nc1ccc2c(c1)N(Cc1ccccc1)C(=O)c1cc(-c3ccc4[nH]ccc4c3)ccc1N2,0,IC50 (>),5.0,1,CHEMBL5763323
O=C1c2cc(-c3ccc(N4CCNCC4)cc3)ccc2Nc2ccc(F)cc2N1Cc1ccc2cc[nH]c2c1,0,IC50 (>),5.0,1,CHEMBL5817935
CS(=O)(=O)Nc1cc(-c2ccc3ncnc(NCc4ccccc4)c3c2)cnc1Cl,1,IC50,6.96,1,CHEMBL5970630
CS(=O)(=O)Nc1cc(-c2ccc3ncnc(Nc4ccc(F)c(Cl)c4)c3c2)cnc1Cl,1,IC50,7.96,1,CHEMBL5893022
CS(=O)(=O)Nc1cncc(-c2ccc3ncnc(NCc4ccccc4)c3c2)c1,1,IC50,6.96,1,CHEMBL5870984
C[C@@H](Nc1ncnc2ccc(-c3cnc(Cl)c(NS(C)(=O)=O)c3)cc12)c1ccccc1,1,IC50,7.96,1,CHEMBL6043318
COc1cc(-c2ccc3ncnc(NC(C)c4ccccc4)c3c2)cnc1OC,1,IC50,7.96,1,CHEMBL6060963
C[C@@H](Nc1c(C#N)cnc2ccc(-c3cnc(Cl)c(NS(C)(=O)=O)c3)cc12)c1ccccc1,1,IC50,7.96,1,CHEMBL6002036
CC(Nc1c(C#N)cnc2ccc(-c3cnc(N)nc3)cc12)c1ccccc1,1,IC50,7.96,1,CHEMBL5918098
C[C@@H](Nc1c(C#N)cnc2ccc(-c3cnc(N)nc3)cc12)c1ccccc1,1,IC50,7.96,1,CHEMBL5971875
CC(Nc1c(C#N)cnc2ccc(-c3cnc4[nH]ncc4c3)cc12)c1ccccc1,1,IC50,7.96,1,CHEMBL5982623
C[C@@H](Nc1ncnc2ccc(-c3cnc(Cl)c(NS(C)(=O)=O)c3)cc12)c1ccc(F)cc1,1,IC50,6.96,1,CHEMBL6063877
CC(Nc1ncnc2ccc(-c3cnc(N)nc3)cc12)c1ccc(F)cc1,1,IC50,7.96,1,CHEMBL5896403
CC(Nc1c(C#N)cnc2ccc(-c3cncc(-c4n[nH]c(=O)o4)c3)cc12)c1ccccc1,1,IC50,7.96,1,CHEMBL5872960
COc1cc2nc(-c3ccc(C(F)(F)F)cc3)cc(OCCCNC3CCN(C)CC3)c2cc1OC,1,IC50,7.7,2,CHEMBL6078426
[2H]C([2H])([2H])c1cc(Nc2ncc(Br)c(Nc3ccccc3S(=O)(=O)C3CC3)n2)ccc1N1CCN(C([2H])([2H])[2H])CC1,1,IC50,10.05,1,CHEMBL6120309
Oc1ccc(Br)cc1-c1nc(NCc2ncccn2)c2ccccc2n1,1,IC50,6.36,1,CHEMBL6142419
Oc1ccccc1-c1nc(NCN2CCOCC2)c2ccccc2n1,0,IC50,4.43,1,CHEMBL6102249
O=C(O)CN1CCN(CC(=O)O)CC(=O)Nc2cc3c(Nc4cccc(F)c4)ncnc3cc2NC(=O)C1,1,IC50,6.87,2,CHEMBL6078446
CCc1cccc(Nc2ncnc3cc4c(cc23)NC(=O)CN(CC(=O)O)CCN(CC(=O)O)CC(=O)N4)c1,1,IC50,6.49,2,CHEMBL6142306
O=C(O)CN1CCN(CC(=O)O)CC(=O)Nc2cc3c(Nc4ccc(Br)cc4F)ncnc3cc2NC(=O)C1,1,IC50,6.79,2,CHEMBL6120517
O=C(O)CN1CCN(CC(=O)O)CC(=O)Nc2cc3c(Nc4ccc(OCc5cccc(F)c5)c(Cl)c4)ncnc3cc2NC(=O)C1,1,IC50,6.75,2,CHEMBL6102514
O=C1CNCCNCC(=O)Nc2cc3c(Nc4ccc(F)c(Cl)c4)ncnc3cc2N1,0,IC50 (>),3.0,2,CHEMBL6101817
COC1CCN(c2nccc(Nc3cc4c(C(C)C)c(C)[nH]c4nn3)n2)CC1,0,Ki,7.04,2,CHEMBL6078531
CO[C@@H]1CCN(c2nccc(Nc3cc4n(C(C)C)c(C)cn4n3)n2)CC1(C)C,0,Ki,7.36,2,CHEMBL6091957
COc1cc2nc(-c3ccc(C(F)(F)F)cc3)cc(OCCCN3CCN(C)CC3)c2cc1OC,1,IC50,7.59,1,CHEMBL6147474
COc1cc2nc(-c3ccc(C(F)(F)F)cc3)cc(OCCCNCC3CCCO3)c2cc1OC,1,IC50,7.65,1,CHEMBL6103034
Clc1ccc(-c2cc(OCCCN3CCOCC3)c3cc(-c4ccco4)ccc3n2)cc1,1,IC50,7.61,1,CHEMBL6141734
CC[C@H](C(=O)N1CCCC[C@@H]1C(=O)O[C@H](CCc1ccc(OC)c(OC)c1)c1cccc(OCC(=O)NCCC(=O)N2CCN(CCCOc3cc4c(Nc5ccc(F)c(Cl)c5)ncnc4cc3OC)CC2)c1)c1cc(OC)c(OC)c(OC)c1,1,IC50,7.89,1,CHEMBL6133741
[2H]C([2H])([2H])C([2H])([2H])[S+]([O-])c1ccccc1Nc1nc(Nc2cc(NC(=O)C=C)c(N(C)CCN(C)C)cc2OC)ncc1Cl,1,IC50,8.68,1,CHEMBL6142200
[2H]C([2H])([2H])C([2H])([2H])[S+]([O-])c1cc(Cl)ccc1Nc1nc(Nc2cc(NC(=O)C=C)c(N(C)CCN(C)C)cc2OC)ncc1Cl,1,IC50,8.44,1,CHEMBL6102777
C=CC(=O)Nc1cc(Nc2ncc(Cl)c(Nc3cccc(F)c3[S+]([O-])CC)n2)c(OC)cc1N(C)CCN(C)C,1,IC50,8.58,1,CHEMBL6144893
[2H]C([2H])([2H])C([2H])([2H])[S+]([O-])c1c(F)cccc1Nc1nc(Nc2cc(NC(=O)C=C)c(N(C)CCN(C)C)cc2OC)ncc1Cl,1,IC50,8.93,1,CHEMBL6143027
C=CC(=O)Nc1cc(Nc2ncc(Cl)c(Nc3ccc(Cl)cc3[S+]([O-])C(C)C)n2)c(OC)cc1N(C)CCN(C)C,1,IC50,8.63,1,CHEMBL6091887
C=CC(=O)Nc1cc(Nc2ncc(Cl)c(Nc3cccc(F)c3[S+]([O-])C(C)C)n2)c(OC)cc1N(C)CCN(C)C,1,IC50,8.45,1,CHEMBL6133955
[2H]C([2H])([2H])C([2H])([S+]([O-])c1c(F)cccc1Nc1nc(Nc2cc(NC(=O)C=C)c(N(C)CCN(C)C)cc2OC)ncc1Cl)C([2H])([2H])[2H],1,IC50,8.47,1,CHEMBL6151439
[2H]C([2H])([2H])C([2H])([S+]([O-])c1ccccc1Nc1nc(Nc2cc(NC(=O)C=C)c(N(C)CCN(C)C)cc2OC)ncc1Cl)C([2H])([2H])[2H],1,IC50,8.86,1,CHEMBL6103055
C=CC(=O)Nc1cc(Nc2ncc(Cl)c(Nc3cccc(Cl)c3[S+]([O-])C(C)C)n2)c(OC)cc1N(C)CCN(C)C,1,IC50,8.2,1,CHEMBL6144949
C=CC(=O)Nc1cc(Nc2ncc(Cl)c(Nc3cccc(Cl)c3[S+]([O-])CC)n2)c(OC)cc1N(C)CCN(C)C,1,IC50,8.2,1,CHEMBL6149199
C=CC(=O)Nc1cc(Nc2ncc(Cl)c(Nc3ccccc3[S+]([O-])CC)n2)c(OC)cc1N(C)CCN(C)C,1,IC50,8.47,1,CHEMBL6143935
Cc1cc(Nc2ncnc3ccc(NC(=O)/C=C/[C@H]4CCCN4C)cc23)ccc1Oc1cc2ncnn2cn1,1,IC50,8.92,1,CHEMBL6102825
CCOc1cc2ncnc(Nc3ccc(Oc4ccn5ncnc5c4)c(C)c3)c2cc1NC(=O)/C=C/[C@H]1CCCN1C,1,IC50,8.87,1,CHEMBL6142551
CCOc1cc2ncnc(Nc3ccc(Oc4ccn5ncnc5c4)c(C)c3)c2cc1NC(=O)/C(F)=C/[C@H]1CCCN1C,1,IC50,8.09,1,CHEMBL6068562
COCCOc1cc2ncnc(Nc3ccc(Oc4cccc5ccc(C)nc45)c(C)c3)c2cc1OCCOC,1,IC50,7.92,1,CHEMBL6144232
COc1cc2ncnc(Nc3ccc(Oc4cccc5ccc(C)nc45)c(C)c3)c2cc1OC,1,IC50,7.96,1,CHEMBL6141653
COc1ccc2c(Nc3ccc(Oc4cccc5ccc(C)nc45)c(C)c3)ncnc2c1,1,IC50,6.78,1,CHEMBL6148974
COCCOc1ccc2ncnc(Nc3ccc(Oc4cccc5ccc(C)nc45)c(C)c3)c2c1,1,IC50,6.84,1,CHEMBL6144363
Cc1ccc2cccc(Oc3ccc(Nc4ncnc5ccc(NC6CCCC6)cc45)cc3C)c2n1,1,IC50,6.81,1,CHEMBL6147822
COc1cc2ncnc(Nc3ccc(OCc4ccccn4)c(Cl)c3)c2cc1OCCCCn1ccnc1[N+](=O)[O-],1,IC50,8.74,1,CHEMBL6162126
C=CC(=O)NC1CCN(c2ncc3ncnc(Nc4ccc(Oc5ccc6c(c5)ncn6C)c(C)c4)c3n2)CC1,1,IC50,6.24,1,CHEMBL5314498
CCOc1cc2ncc(C#N)c(Nc3ccc(Oc4ccn5ncnc5c4)c(C)c3)c2cc1NC(=O)/C=C/CN(C)C,1,IC50,8.15,1,CHEMBL5567125
C=CC(=O)N1CCC[C@@H](n2nc(-c3ccc(OCc4cccc(C)n4)cc3)c3c(N)ncnc32)C1,1,IC50,9.92,1,CHEMBL6146573
C=CC(=O)N1CCC[C@@H](n2nc(C(=O)Nc3ccc(CC(=O)N(C)C)c(C)c3C)c3c(N)ncnc32)C1,1,IC50,7.19,1,CHEMBL5303395
COc1ccc2ncnc(Nc3ccc(Oc4cc5ncnn5cn4)c(C)c3)c2c1O[C@@H]1CCN(C)CC1(F)F,0,IC50,4.92,1,CHEMBL6150652
CN1CCC[C@H]1/C=C/C(=O)Nc1ccc2ncnc3c2c1CCN3c1ccc(OCc2ccccn2)c(Cl)c1,1,IC50,8.65,1,CHEMBL6142761
C=CC(=O)N1CCN(c2ncc3ncnc(Nc4ccc(Oc5ccccc5)c(C)c4)c3n2)CC1,1,IC50,6.7,1,CHEMBL6147473
COc1cccc(C2=NN(c3ccc(-c4ccccc4)nn3)C(c3ccc(F)c(OC)c3)C2)c1,1,IC50,6.19,1,CHEMBL6168898
O=C(CSc1nnc(Nc2ccccc2)s1)N1N=C(c2ccccc2)CC1c1ccc([N+](=O)[O-])cc1,1,IC50,8.7,1,CHEMBL6132839
COc1cc(N2CCN(C(C)=O)CC2)ccc1Nc1nccc(Nc2ccc(Nc3ccc(S(=O)(=O)F)cc3)cc2)n1,1,IC50,6.96,2,CHEMBL6151501
CC(C)c1cnc(N2CC(CS(C)(=O)=O)C2)c2cnc(Nc3ccnc(N4CCC(O)C(C)(F)C4)n3)cc12,1,IC50,10.0,3,CHEMBL6145857
COC1CCN(c2nccc(Nc3cc4c(C(C)C)ccc(N5CC(CS(C)(=O)=O)C5C)c4cn3)n2)CC1F,1,IC50,9.3,2,CHEMBL6102399
COCCCc1nc(-c2ccc(F)cc2)c(-c2ccnc3[nH]c(-c4ccccc4)cc23)[nH]1,1,IC50,8.22,2,CHEMBL6141553
C=CC(=O)Nc1ccc(OC)c(Nc2cc(-c3[nH]c(SCCOC)nc3-c3ccc(F)cc3)ccn2)c1,1,IC50,7.46,1,CHEMBL6147882
COc1cc(N2CCN(C)CC2)c(-c2cn[nH]c2)cc1Nc1ncc(Cl)c(Nc2ccccc2P(C)(C)=O)n1,1,IC50,9.64,1,CHEMBL6142125
CCS(=O)(=O)n1cc2c3cc(ccc31)OCCCCCOc1cc(ccc1N1CCOCC1)Nc1ncc(Cl)c-2n1,1,IC50,7.72,1,CHEMBL5201287
CCS(=O)(=O)n1cc2c3cc(ccc31)OCCCCCCOc1cc(ccc1N1CCOCC1)Nc1ncc(Cl)c-2n1,1,IC50,8.21,1,CHEMBL5170303
CCS(=O)(=O)n1cc2c3cc(ccc31)OCCCCCCCOc1cc(ccc1N1CCOCC1)Nc1ncc(Cl)c-2n1,1,IC50,7.72,1,CHEMBL6152563
CCS(=O)(=O)n1cc2c3cc(ccc31)OCCCCCCCCOc1cc(ccc1N1CCOCC1)Nc1ncc(Cl)c-2n1,1,IC50,7.05,1,CHEMBL6142537
CCCC(=O)Nc1ccc2ncnc(Nc3cccc(Br)c3)c2c1,1,IC50,9.43,1,CHEMBL6134567
CN(C)CCSSCCC(=O)NC1CCN(C(=O)COc2ccc(Cl)cc2Cl)CC1,0,IC50 (>),5.0,1,CHEMBL6164104
CCC(=O)Nc1cccc(Nc2nc(Nc3ccc(N4CCN(C(C)=O)CC4)cc3OC)ncc2Cl)c1,1,IC50,7.2,1,CHEMBL6146213
COc1cc(N2CCN(C(C)=O)CC2)ccc1Nc1ncc(Cl)c(Nc2cccc(NC(=O)/C=C/c3ccccc3)c2)n1,1,IC50,7.24,1,CHEMBL6162282
CCC(=O)Nc1cccc(Nc2nc(Nc3ccc(N4CCN(C(C)=O)CC4)cc3)ncc2Cl)c1,1,IC50,7.18,1,CHEMBL6163008
C=CC(=O)Nc1cccc(Nc2nc(Nc3ccc(N4CCN(C(C)=O)CC4)cc3)ncc2Cl)c1,1,IC50,7.36,2,CHEMBL6142527
CC(=O)N1CCN(c2ccc(Nc3ncc(Cl)c(Nc4cccc(NC(=O)/C=C/c5ccccc5)c4)n3)cc2)CC1,1,IC50,7.06,1,CHEMBL6163246
CC(=O)N1CCN(c2ccc(Nc3ncc(Cl)c(Nc4cccc(NC(=O)CCl)c4)n3)cc2)CC1,1,IC50,6.94,1,CHEMBL6147522
CCC(=O)Nc1cccc(Nc2nc(Nc3cnn(C)c3)ncc2Cl)c1,1,IC50,7.72,2,CHEMBL6150187
C=CC(=O)Nc1cccc(Nc2nc(Nc3cnn(C)c3)ncc2Cl)c1,1,IC50,7.68,2,CHEMBL6168241
Cn1cc(Nc2ncc(Cl)c(Nc3cccc(NC(=O)/C=C/c4ccccc4)c3)n2)cn1,1,IC50,7.64,2,CHEMBL6134398
Cn1cc(Nc2ncc(Cl)c(Nc3cccc(NC(=O)CCl)c3)n2)cn1,1,IC50,7.38,2,CHEMBL6168204
CCC(=O)Nc1cccc(Nc2nc(Nc3ccc4[nH]c(=O)oc4c3)ncc2Cl)c1,1,IC50,6.94,1,CHEMBL6160060
C=CC(=O)Nc1cccc(Nc2nc(Nc3ccc4[nH]c(=O)oc4c3)ncc2Cl)c1,1,IC50,7.2,1,CHEMBL6144365
O=C(/C=C/c1ccccc1)Nc1cccc(Nc2nc(Nc3ccc4[nH]c(=O)oc4c3)ncc2Cl)c1,1,IC50,7.12,1,CHEMBL6103174
O=C(CCl)Nc1cccc(Nc2nc(Nc3ccc4[nH]c(=O)oc4c3)ncc2Cl)c1,1,IC50,7.37,2,CHEMBL6149229
CCC(=O)Nc1cccc(Nc2nc(Nc3ccc4c(C)n(C)nc4c3)ncc2Cl)c1,1,IC50,7.23,1,CHEMBL6144434
C=CC(=O)Nc1cccc(Nc2nc(Nc3ccc4c(C)n(C)nc4c3)ncc2Cl)c1,1,IC50,7.01,1,CHEMBL6149588
Cc1c2ccc(Nc3ncc(Cl)c(Nc4cccc(NC(=O)/C=C/c5ccccc5)c4)n3)cc2nn1C,1,IC50,7.18,1,CHEMBL6169682
Cc1c2ccc(Nc3ncc(Cl)c(Nc4cccc(NC(=O)CCl)c4)n3)cc2nn1C,1,IC50,7.1,1,CHEMBL6165980
COc1cc(Nc2ncnc3cc(OC)c(OC)cc23)c(Cl)cc1Cl,1,IC50,7.21,1,CHEMBL129123
COc1cc2ncnc(Nc3ccc(Cl)c(O)c3)c2cc1OC,1,IC50,9.08,1,CHEMBL6161949
COc1cc2ncnc(Nc3ccc(F)c(O)c3)c2cc1OC,1,IC50,8.59,1,CHEMBL3775879
COc1cc2ncnc(Nc3ccc(Cl)c(N)c3)c2cc1OC,1,IC50,9.34,1,CHEMBL6160755
COc1cc2ncnc(Nc3ccc4scnc4c3)c2cc1OC,1,IC50,7.44,1,CHEMBL6161589
CCc1nc(-c2cccc(NC(=O)c3ccccc3CN3Cc4ccc(-c5ccc(N6CCNCC6)cc5)cc4C3=O)c2)c(-c2ccnc(NC(C)=O)c2)[nH]1,1,IC50,8.0,3,CHEMBL6133859
CSc1nc(-c2cccc(NC(=O)c3ccccc3CN3C(=O)c4ccccc4C3=O)c2)c(-c2ccnc(NC(C)=O)c2)[nH]1,1,IC50,7.11,3,CHEMBL6120367
CSc1nc(-c2cccc(NC(=O)c3cccc(O)c3CN3Cc4ccccc4C3=O)c2)c(-c2ccnc(Nc3ccccc3)c2)[nH]1,1,IC50,8.24,4,CHEMBL6151046
CCc1nc(-c2cccc(NC(=O)c3cccc(O)c3CN3Cc4ccccc4C3=O)c2)c(-c2ccnc(Nc3ccccc3)c2)[nH]1,1,IC50,8.66,4,CHEMBL6120461
CCOc1nc(-c2cccc(NC(=O)c3cccc(O)c3CN3Cc4ccccc4C3=O)c2)c(-c2ccnc(Nc3ccccc3)c2)[nH]1,1,IC50,8.68,4,CHEMBL6102895
CSc1nc(-c2cccc(NC(=O)c3cccc(O)c3CN3Cc4ccccc4C3=O)c2)c(-c2ccnc(Nc3ccc(N4CCNCC4)cc3)c2)[nH]1,1,IC50,9.24,4,CHEMBL6145609
CCC(=O)Nc1ccc(OC)c(Nc2cc(-c3[nH]c(SC)nc3-c3cccc(NC(=O)c4cccc(O)c4CN4Cc5ccccc5C4=O)c3)ccn2)c1,1,IC50,9.04,4,CHEMBL6146123
CSc1nc(-c2cccc(NC(=O)c3ccccc3)c2)c(-c2ccnc(NC(C)=O)c2)[nH]1,1,IC50,7.35,3,CHEMBL6161335
CSc1nc(-c2cccc(NC(=O)c3cccc(O)c3)c2)c(-c2ccnc(NC(C)=O)c2)[nH]1,1,IC50,8.28,3,CHEMBL6148660
CCc1nc(-c2cccc(NC(=O)c3cccc(O)c3)c2)c(-c2ccnc(NC(C)=O)c2)[nH]1,1,IC50,8.54,2,CHEMBL6164416
CSc1nc(-c2cccc(NC(=O)c3ccccc3CN3Cc4ccccc4C3=O)c2)c(-c2ccnc(NC(C)=O)c2)[nH]1,1,IC50,6.92,3,CHEMBL6147913
CSc1nc(-c2cccc(NC(=O)c3ccccc3CNC(=O)c3ccccc3C(=O)O)c2)c(-c2ccnc(NC(C)=O)c2)[nH]1,1,IC50,6.14,1,CHEMBL6120815
CSc1nc(-c2cccc(NC(=O)c3c(F)cccc3CN3Cc4ccccc4C3=O)c2)c(-c2ccnc(NC(C)=O)c2)[nH]1,1,IC50,6.72,2,CHEMBL6169098
CSc1nc(-c2cccc(NC(=O)c3cccc(O)c3CN3Cc4ccccc4C3=O)c2)c(-c2ccnc(NC(C)=O)c2)[nH]1,1,IC50,9.8,3,CHEMBL6151532
CSc1nc(-c2cccc(NC(=O)c3cccc(O)c3CN3Cc4ccccc4C3=O)c2)c(-c2cc(NC(C)=O)ncc2Cl)[nH]1,1,IC50,6.3,1,CHEMBL6143678
CCc1nc(-c2cccc(NC(=O)c3cccc(O)c3CN3Cc4ccccc4C3=O)c2)c(-c2ccnc(NC(C)=O)c2)[nH]1,1,IC50,10.05,3,CHEMBL6152895
CCOc1nc(-c2cccc(NC(=O)c3cccc(O)c3CN3Cc4ccccc4C3=O)c2)c(-c2ccnc(NC(C)=O)c2)[nH]1,1,IC50,9.92,3,CHEMBL6148115
C=CC(=O)Nc1ccc(OC)c(Nc2cc(-c3[nH]c(SC)nc3-c3cccc(NC(=O)c4cccc(O)c4CN4Cc5ccccc5C4=O)c3)ccn2)c1,1,IC50,8.92,3,CHEMBL6160966
C=CC(=O)Nc1ccc(OC)c(Nc2cc(-c3[nH]c(SC)nc3-c3cccc(NC(=O)c4c(F)ccc(O)c4CN4Cc5ccccc5C4=O)c3)ccn2)c1,1,IC50,8.8,1,CHEMBL6146710
C=CC(=O)Nc1ccc(OC)c(Nc2cc(-c3[nH]c(SC)nc3-c3cccc(NC(=O)c4c(F)cccc4CN4Cc5ccccc5C4=O)c3)ccn2)c1,1,IC50,6.47,1,CHEMBL6166776
C=CC(=O)Nc1ccc(OC)c(Nc2cc(-c3[nH]c(CC)nc3-c3cccc(NC(=O)c4cccc(O)c4CN4Cc5ccccc5C4=O)c3)ccn2)c1,1,IC50,9.04,1,CHEMBL6145524
COc1ccc(C(=O)/C=C/C(=O)N2CCN(C3CCN(c4ccc(Nc5ncc(Cl)c(Nc6ccccc6P(C)(C)=O)n5)c(OC)c4)CC3)CC2)cc1,1,IC50,7.01,1,CHEMBL6151097
Cc1c(-c2nnc(S)n2N=Cc2ccc(N(C)C)cc2)cnn1-c1ccccc1,1,IC50,6.37,2,CHEMBL6161294
Cc1c(-c2nnc(S)n2N=Cc2ccc(F)cc2)cnn1-c1ccc(S(C)(=O)=O)cc1,1,IC50,7.12,2,CHEMBL6133704
COc1ccc(C=Nn2c(S)nnc2-c2cnn(-c3ccc(S(C)(=O)=O)cc3)c2C)cc1OC,1,IC50,6.87,2,CHEMBL6164518
[2H]C([2H])([2H])n1cc(-c2ccnc(Nc3cc(NC(=O)C=C)c(N4CC[C@@H](N(C)C)C4)cc3OC)n2)c2ccccc21,1,IC50,8.42,2,CHEMBL6169362
[2H]C([2H])([2H])n1cc(-c2ccnc(Nc3cc(NC(=O)C=C)c(N(C)CCN(C)C)cc3OC)n2)c2ccccc21,1,IC50,8.74,2,CHEMBL6068008
[2H]C([2H])([2H])n1cc(-c2ccnc(Nc3cc(NC(=O)C=C)c(N4CCN(C)CC4)cc3OC)n2)c2ccccc21,1,IC50,7.87,2,CHEMBL6170292
[2H]C([2H])([2H])n1cc(-c2ccnc(Nc3cc(NC(=O)C=C)c(N4CCN(C5CCCCC5)CC4)cc3OC)n2)c2ccccc21,1,IC50,7.22,2,CHEMBL6172339
[2H]C([2H])([2H])n1cc(-c2ccnc(Nc3cc(NC(=O)C=C)c(N4CCC(C)(N)CC4)cc3OC)n2)c2ccccc21,1,IC50,8.17,2,CHEMBL6144466
[2H]C([2H])([2H])n1cc(-c2ccnc(Nc3cc(NC(=O)C=C)c(N4CCC(N(C)C)CC4)cc3OC)n2)c2ccccc21,1,IC50,6.91,2,CHEMBL6169503
[2H]C([2H])([2H])n1cc(-c2ccnc(Nc3cc(NC(=O)C=C)c(N4CCC(N5CCN(C)CC5)CC4)cc3OC)n2)c2ccccc21,1,IC50,8.3,2,CHEMBL6152761
[2H]C([2H])([2H])n1cc(-c2ccnc(Nc3cc(NC(=O)C=C)c(N4CCC(CN)CC4)cc3OC)n2)c2ccccc21,1,IC50,8.14,2,CHEMBL6146360
[2H]C([2H])([2H])n1cc(-c2ccnc(Nc3cc(NC(=O)C=C)c(NC4CC(F)(F)C4)cc3OC)n2)c2ccccc21,1,IC50,6.49,1,CHEMBL6145124
[2H]C([2H])([2H])n1cc(-c2ccnc(Nc3cc(NC(=O)C=C)c(N4CCCC4)cc3OC)n2)c2ccccc21,1,IC50,6.89,1,CHEMBL6150265
[2H]C([2H])([2H])n1cc(-c2ccnc(Nc3cc(NC(=O)C=C)c(N4CCOCC4)cc3OC)n2)c2ccccc21,1,IC50,6.73,1,CHEMBL6166937
[2H]C([2H])([2H])n1cc(-c2ccnc(Nc3cc(NC(=O)C=C)c(N4CCNCC4)cc3OC)n2)c2ccccc21,1,IC50,7.56,1,CHEMBL6150116
[2H]C([2H])([2H])n1cc(-c2ccnc(Nc3cc(NC(=O)C=C)c(N4CCC(C)(NC(=O)OC(C)(C)C)CC4)cc3OC)n2)c2ccccc21,1,IC50,7.66,1,CHEMBL6144674
[2H]C([2H])([2H])n1cc(-c2ccnc(Nc3cc(NC(=O)C=C)c(N4CCC(C(N)=O)CC4)cc3OC)n2)c2ccccc21,1,IC50,6.69,1,CHEMBL6132742
Clc1ccc(-c2cn3cccc(COc4nnc5ccc(Cl)nn45)c3n2)c(Cl)c1,0,IC50,4.81,1,CHEMBL5285586
Clc1ccc(Cl)c(-c2cn3cccc(COc4nnc5ccc(Cl)nn45)c3n2)c1,0,IC50,4.85,1,CHEMBL6173757
CCc1cc(Nc2ncc(Cl)c(Nc3ccc(C)c(C)c3P(C)(C)=O)n2)c(OC)cc1N1CC2(CCN(C)CC2)C1,1,IC50,9.26,1,CHEMBL6175072
C=CC(=O)C1CCC[C@@H](n2nc(-c3ccc4ccccc4c3)c3c(N)ncnc32)C1,1,IC50,7.8,2,CHEMBL6172228
[2H]C([2H])([2H])c1cc(Nc2ncc(Br)c(Nc3ccccc3NS(=O)(=O)C3CC3)n2)ccc1N1CCN(C([2H])([2H])[2H])CC1,1,IC50,7.01,1,CHEMBL6143095
O=C(Nc1nccs1)[C@@H](c1cc(F)ccc1O)N1Cc2ccc(-c3ccc(N4CCNCC4)cc3)cc2C1=O,1,IC50,9.59,1,CHEMBL5564265
C#Cc1cc(Nc2ncnc3cc(OCCOC)c(OCCOC)cc23)ccc1C=O,1,IC50,7.32,1,CHEMBL6149601
COc1cc(N2CCC(N3CCN(C)CC3)CC2)c(C)cc1Nc1ncc(Br)c(Nc2ccc(C)cc2P(C)(C)=O)n1,1,IC50,10.0,6,CHEMBL6162078
C=CC(=O)N1Cc2nc(-c3cc(Oc4cc(Cl)c(F)cn4)c(F)cc3F)n(-c3ccncn3)c2C1,1,IC50,7.6,3,CHEMBL6170042
C=CC(=O)N1Cc2nc(-c3cc(Oc4cc(Cl)ccn4)c(F)cc3F)n(-c3ccncn3)c2C1,1,IC50,7.9,4,CHEMBL6172443
C=CC(=O)N1Cc2nc(-c3cc(Oc4nc(F)ccc4F)c(F)cc3F)n(-c3ccncn3)c2C1,1,IC50,8.0,4,CHEMBL6152342
C=CC(=O)N1Cc2nc(-c3cc(-c4c(F)cccc4F)c(F)cn3)n(-c3ccncc3)c2C1,1,IC50,8.0,4,CHEMBL6173311
C=CC(=O)N1Cc2nc(-c3cc(-c4ccccc4F)c(F)cn3)n(-c3ccncn3)c2C1,1,IC50,8.3,4,CHEMBL6171149
C=CC(=O)N1Cc2nc(-c3cc(-c4c(F)cccc4F)c(F)cn3)n(-c3ccncn3)c2C1,1,IC50,8.2,3,CHEMBL6167119
C=CC(=O)N1Cc2nc(-c3cc(-c4cccc5ccnn45)c(F)cn3)n(-c3ccncn3)c2C1,1,IC50,9.6,4,CHEMBL6164231
C=CC(=O)N1Cc2nc(-c3cc(-c4ccc(-n5cccn5)cc4F)c(F)cn3)n(-c3ccncn3)c2C1,1,IC50,7.3,4,CHEMBL6172878
C=CC(=O)N1Cc2nc(-c3cc(-c4ccc(-c5cocn5)cc4F)c(F)cn3)n(-c3ccncn3)c2C1,1,IC50,7.7,4,CHEMBL6163241
C=CC(=O)N1Cc2nc(-c3cc(-c4c(Cl)ccc(C(F)F)c4F)c(F)cn3)n(-c3ccncn3)c2C1,1,IC50,7.8,4,CHEMBL6145691
C=CC(=O)N1Cc2nc(-c3cc(-c4c(C(F)F)ccnc4F)c(F)cc3F)n(-c3ccncn3)c2C1,1,IC50,7.7,4,CHEMBL6172972
C=CC(=O)N1Cc2nc(-c3cc(-c4c(Cl)ccnc4Cl)c(F)cc3F)n(-c3ccncn3)c2C1,1,IC50,7.7,4,CHEMBL6174690
C=CC(=O)N1Cc2nc(-c3cc(-c4cc(Cl)cnc4Cl)c(F)cc3F)n(-c3ccncn3)c2C1,1,IC50,7.8,3,CHEMBL6173653
C=CC(=O)N1Cc2nc(-c3cc(-c4cnn(C(F)F)c4C)c(F)cc3F)n(-c3ccncn3)c2C1,1,IC50,7.9,3,CHEMBL6134453
C=CC(=O)Nc1cc(Nc2nccc(Nc3cc(Cl)c(F)cc3C(C)(C)O)n2)c(OC)cc1N1CC[C@@H](N(C)C)C1,1,IC50,7.7,3,CHEMBL5314564
CC[C@H](C)Nc1cc(Nc2ccnc(-c3cnn(S(=O)(=O)C4CC4)c3)n2)ncc1-c1nnc(C)o1,1,IC50,7.89,2,CHEMBL6159859
CC[C@H](C)Nc1cc(Nc2ccnc(-c3cnn(S(=O)(=O)C4CC4)c3)n2)ncc1-c1cnn(C)c1,1,IC50,7.85,2,CHEMBL6162629
CC[C@H](C)Oc1cc(Nc2ccnc(-c3cnn(S(=O)(=O)C4CC4)c3)n2)ncc1-c1cnn(C)c1,1,IC50,8.59,2,CHEMBL6134098
CC(C)Oc1cc(Nc2ccnc(-c3cnn(S(=O)(=O)C4CC4)c3)n2)ncc1-c1cnn(C)c1,1,IC50,8.62,2,CHEMBL6173924
CC(C)Oc1cc(Nc2ccnc(-c3cnn(S(=O)(=O)C4CC4)c3)n2)ncc1-c1cnn(C2CCN(C)CC2)c1,1,IC50,8.68,2,CHEMBL6164847
CC(C)Oc1cc(Nc2ccnc(-c3cnn(S(=O)(=O)C4CC4)c3)n2)ncc1-c1cnn(C2CCOCC2)c1,1,IC50,8.57,2,CHEMBL6150231
CC(C)Oc1cc(Nc2ccnc(-c3cnn(S(=O)(=O)C4CC4)c3)n2)ncc1-c1cnn(-c2ccncc2)c1,1,IC50,7.7,2,CHEMBL6173823
CC(C)Oc1cc(Nc2ccnc(-c3cnn(S(=O)(=O)C4CC4)c3)n2)ncc1-c1cnn([C@H]2CCN(C)C2)c1,1,IC50,8.77,2,CHEMBL6165382
CC(C)Oc1cc(Nc2ccnc(-c3cnn(S(=O)(=O)C4CC4)c3)n2)ncc1-c1cnn([C@@H]2CCN(C)C2)c1,1,IC50,8.8,2,CHEMBL6169318
CC(C)Oc1cc(Nc2ccnc(-c3cnn(S(=O)(=O)C4CC4)c3)n2)ncc1-c1cnn([C@H]2C[C@H](C)N(C)C2)c1,1,IC50,8.6,2,CHEMBL6161666
CC(C)Oc1cc(Nc2ccnc(-c3cnn(S(=O)(=O)C4CC4)c3)n2)ncc1-c1cn([C@H]2C[C@H](C)N(C)C2)nc1F,1,IC50,8.52,2,CHEMBL6162116
Cc1nn([C@H]2C[C@H](C)N(C)C2)cc1-c1cnc(Nc2ccnc(-c3cnn(S(=O)(=O)C4CC4)c3)n2)cc1OC(C)C,1,IC50,8.17,2,CHEMBL6162316
COc1nn([C@H]2C[C@H](C)N(C)C2)cc1-c1cnc(Nc2ccnc(-c3cnn(S(=O)(=O)C4CC4)c3)n2)cc1OC(C)C,1,IC50,8.89,3,CHEMBL6146199
COc1nn(C2CCN(C)CC2)cc1-c1cnc(Nc2ccnc(-c3cnn(S(=O)(=O)C4CC4)c3)n2)cc1OC(C)C,1,IC50,9.12,3,CHEMBL6152780
CC(C)Oc1cc(Nc2ccnc(-c3cnn(S(=O)(=O)C4CC4)c3)n2)ncc1-c1cn(C2CCN(C)CC2)nc1OC(F)F,1,IC50,9.05,3,CHEMBL6171197
COc1cc(-c2nc3ccccc3s2)ccc1OCC(=O)N(C(=O)C(C)(C)C)C(=O)C(C)(C)C,1,IC50,7.05,1,CHEMBL6161041
COc1cc(-c2nc3ccccc3s2)ccc1OCC(=O)N1C(=O)C=CC1=O,1,IC50,6.92,1,CHEMBL6171440
Cc1ccc2nc(NC(=O)CSc3nc(O)c(C#N)c(-c4coc5ccccc5c4=O)n3)sc2c1,1,IC50,6.69,1,CHEMBL6167751
COc1cc2c(Nc3ccc(Oc4cccc(F)c4)c(Cl)c3)ncnc2cc1OCC1CCN(C)CC1,1,IC50,6.5,1,CHEMBL6174044
COc1cc2c(Nc3ccc(Oc4cccc(Cl)c4)c(Br)c3)ncnc2cc1OCC1CCN(C)CC1,1,IC50,6.33,1,CHEMBL6161385
COc1cc2c(Nc3cc(Br)c(Oc4ccccc4)cc3C)ncnc2cc1OCC1CCN(C)CC1,0,IC50 (>),5.0,1,CHEMBL6160226
COc1cc2c(Nc3ccc(Oc4ccccc4F)c(Br)c3)ncnc2cc1OCC1CCN(C)CC1,1,IC50,8.3,3,CHEMBL6168400
COc1cc2c(Nc3ccc(Oc4ccccc4F)c(C)c3)ncnc2cc1OCC1CCN(C)CC1,1,IC50,7.43,1,CHEMBL6160197
COc1cc2c(Nc3ccc(Oc4cc(F)ccc4F)cc3)ncnc2cc1OCC1CCN(C)CC1,1,IC50,7.34,1,CHEMBL6164475
COc1cc2c(Nc3ccc(Oc4c(F)cccc4F)cc3)ncnc2cc1OCC1CCN(C)CC1,1,IC50,6.45,1,CHEMBL6162368
COc1cc2c(Nc3ccc(Oc4cc(F)cc(F)c4)cc3)ncnc2cc1OCC1CCN(C)CC1,1,IC50,6.47,1,CHEMBL6171608
COc1cc2c(Nc3ccc(Oc4c(C)cccc4C)cc3)ncnc2cc1OCC1CCN(C)CC1,0,IC50 (>),5.0,1,CHEMBL6161376
COc1c(Cl)cc(-c2noc(-c3cn(Cc4cc(-c5cc(Cl)cc(Cl)c5)no4)c4ccccc34)n2)cc1Cl,1,IC50,6.7,1,CHEMBL6162243
COc1cc(N2CCC(N3CCN(CC4CCN(c5ccc6c(c5)CN(C5CCC(=O)NC5=O)C6=O)CC4)CC3)CC2)ccc1Nc1ncc(Cl)c(Nc2ccccc2P(C)(C)=O)n1,1,IC50,7.16,1,CHEMBL6165880
COc1cc(N(C)CCN(C)C)c2cc1Nc1ncc(Cl)c(n1)Nc1ccc(cc1P(C)(C)=O)OCCCCC(=O)N2,1,IC50,7.48,4,CHEMBL6167748
COc1cc(N(C)CCN(C)C)c2cc1Nc1ncc(F)c(n1)Nc1ccc(cc1P(C)(C)=O)OCCCCC(=O)N2,1,IC50,6.89,2,CHEMBL6159678
COc1cc(N(C)CCN(C)C)c2cc1Nc1ncc(Br)c(n1)Nc1ccc(cc1P(C)(C)=O)OCCCCC(=O)N2,1,IC50,8.51,4,CHEMBL6142457
COc1cc(N(C)CCN(C)C)c2cc1Nc1ncc(C)c(n1)Nc1ccc(cc1P(C)(C)=O)OCCCn1cc-2cn1,1,IC50,8.66,4,CHEMBL6165953
COc1cc(N2CCOCC2)c2cc1Nc1ncc(C)c(n1)Nc1ccc(cc1P(C)(C)=O)OCCCn1cc-2cn1,1,IC50,8.92,4,CHEMBL6162695
COc1cc(N2CCC(N3CCN(C)CC3)CC2)c2cc1Nc1ncc(C)c(n1)Nc1ccc(cc1P(C)(C)=O)OCCCn1cc-2cn1,1,IC50,8.44,4,CHEMBL6170225
COc1cc(N2CCN(C)CC2)c2cc1Nc1ncc(C)c(n1)Nc1ccc(cc1P(C)(C)=O)OCCCn1cc-2cn1,1,IC50,8.85,4,CHEMBL6163318
CCC(=O)Nc1cc(Nc2nccc(-c3cn(C)c4ccccc34)n2)c(OC)cc1N(C)CCN(C)C,1,IC50,6.58,2,CHEMBL6162946
COc1cc(N(C)CCN(C)C)c2cc1Nc1nccc(n1)-c1cn(c3ccccc13)CCCC(=O)N2,1,IC50,7.14,2,CHEMBL6161006
COc1cc(N(C)CCN(C)C)c2cc1Nc1nccc(n1)-c1cn(c3ccccc13)CCCCC(=O)N2,1,IC50,7.08,2,CHEMBL6162341
COc1cc(N(C)CCN(C)C)c2cc1Nc1nccc(n1)-c1cn(c3ccccc13)CCCCCC(=O)N2,1,IC50,7.09,2,CHEMBL6168797
COc1cc(N(C)CCN(C)C)c2cc1Nc1nccc(n1)-c1cn(c3ccccc13)CCCCCCC(=O)N2,1,IC50,7.5,2,CHEMBL6173880
COc1ccc2c3cn(c2c1)CCCCC(=O)Nc1cc(c(OC)cc1N(C)CCN(C)C)Nc1nccc-3n1,1,IC50,7.09,2,CHEMBL6172911
COc1cc(N(C)CCN(C)C)c2cc1Nc1nccc(n1)-c1cn(c3cc(Br)ccc13)CCCCC(=O)N2,1,IC50,6.87,2,CHEMBL6164346
COc1cc(N(C)CCN(C)C)c2cc1Nc1nccc(n1)-c1cn(c3cc(F)ccc13)CCCCC(=O)N2,1,IC50,6.84,2,CHEMBL6160266
COc1cc(N(C)CCN(C)C)c2cc1Nc1nccc(n1)Nc1ccc(cc1P(C)(C)=O)OCCCCC(=O)N2,1,IC50,6.96,2,CHEMBL6174285
COc1cc(N(C)CCN(C)C)c2cc1Nc1ncc(C(F)(F)F)c(n1)Nc1ccc(cc1P(C)(C)=O)OCCCCC(=O)N2,1,IC50,8.52,3,CHEMBL6149651
COc1cc(N(C)CCN(C)C)c2cc1Nc1ncc(C)c(n1)Nc1ccc(cc1P(C)(C)=O)OCCCCC(=O)N2,1,IC50,8.8,3,CHEMBL6174175
COc1cc(N(C)CCN(C)C)c2cc1Nc1ncc(C3CC3)c(n1)Nc1ccc(cc1P(C)(C)=O)OCCCCC(=O)N2,1,IC50,7.15,2,CHEMBL6173841
COc1cc(N(C)CCN(C)C)c2cc1Nc1ncc(C)c(n1)Nc1ccc(cc1P(C)(C)=O)OCCCCCC2,1,IC50,6.84,2,CHEMBL6159584
C=CC(=O)N1CCN(c2ncnc3c(F)c(-c4c(O)cccc4F)c(Cl)cc23)CC1,1,IC50,6.92,1,CHEMBL4214264
Nc1cc(-c2c[nH]c3ccccc23)nn1-c1nc(Nc2ccccc2)nc(N2CCOCC2)n1,1,IC50,7.19,1,CHEMBL6172853
Nc1cc(-c2c[nH]c3ccccc23)nn1-c1nc(Nc2ccc(Cl)cc2)nc(N2CCOCC2)n1,1,IC50,7.47,1,CHEMBL6171172
Nc1cc(-c2c[nH]c3ccccc23)nn1-c1nc(Nc2ccc(Br)cc2)nc(N2CCOCC2)n1,1,IC50,7.17,1,CHEMBL6166339
Cc1cc(C)cc(NNC(=O)[C@H]2CCCN2C(=O)Nc2ccc(C(F)(F)F)cc2)c1,1,IC50,7.06,1,CHEMBL6168381
Cc1cc(C)cc(NNC(=O)[C@H]2CCCN2C(=O)Nc2ccc(Cl)cc2)c1,1,IC50,7.02,1,CHEMBL6163941
CCOc1ccc(C2C(C#N)=C(N)OC3C2C(C)=NN3c2ccc(Cl)cc2)cc1,1,IC50,9.68,1,CHEMBL6152892
CCOc1ccc(/C=C2/C(=O)N(c3ccc(Cl)cc3)N=C2C)cc1,1,IC50,9.92,1,CHEMBL6170958
O=C(c1ccc2ccccc2c1)c1cn(-c2ccccc2)nc1C1=Nn2cnnc2SC1,1,IC50,7.19,1,CHEMBL6169708
O=C(c1ccc2ccccc2c1)c1cn(-c2ccccc2)nc1C1=Nn2c(S)nnc2SC1,1,IC50,6.78,1,CHEMBL6169985
O=C(c1ccc2ccccc2c1)c1cn(-c2ccccc2)nc1C1=Nn2c(Cc3nnc4n3N=C(c3nn(-c5ccccc5)cc3C(=O)c3ccc5ccccc5c3)CS4)nnc2SC1,1,IC50,7.71,1,CHEMBL6176188
C=CS(=O)(=O)N1CCC[C@@H](Nc2nc(N)nc(Nc3cccc(Oc4ccccc4)c3)n2)C1,1,IC50,6.75,2,CHEMBL6177465
COc1cc2nc(C)nc(N/N=C/c3ccccc3)c2cc1OC,1,IC50,9.59,1,CHEMBL6190750
COc1cc2nc(C)nc(N/N=C/c3ccc(Cl)cc3)c2cc1OC,1,IC50,8.77,1,CHEMBL6192047
COc1ccc(/C=N/Nc2nc(C)nc3cc(OC)c(OC)cc23)cc1,1,IC50,8.1,1,CHEMBL6189718
COc1cc2nc(C)nc(N/N=C/c3cc(CN4CCCCC4)c(O)c(OC)c3)c2cc1OC,1,IC50,8.43,1,CHEMBL6188862
COc1cc2nc(C)nc(N/N=C/c3cc(CN4CCOCC4)c(O)c(OC)c3)c2cc1OC,1,IC50,9.4,1,CHEMBL6191315
COc1cc2nc(C)nc(N/N=C/c3cc(CN4CCN(C)CC4)c(O)c(OC)c3)c2cc1OC,1,IC50,9.85,2,CHEMBL6193031
COc1cc2nc(C)nc(NNCC(=O)Nc3ccccc3)c2cc1OC,1,IC50,8.78,1,CHEMBL6192121
COc1cc2nc(C)nc(NNCC(=O)Nc3ccc(Cl)cc3)c2cc1OC,1,IC50,9.71,1,CHEMBL6192974
COc1ccc(NC(=O)CNNc2nc(C)nc3cc(OC)c(OC)cc23)cc1,1,IC50,9.28,1,CHEMBL6191708
COc1cc2nc(C)nc(NNC(=O)c3ccccc3)c2cc1OC,1,IC50,9.21,1,CHEMBL6192749
COc1cc2nc(C)nc(NNC(=O)c3ccccc3Cl)c2cc1OC,1,IC50,9.25,1,CHEMBL6193138
COc1cc2nc(C)nc(NNC(=O)c3ccc([N+](=O)[O-])cc3[N+](=O)[O-])c2cc1OC,1,IC50,9.28,1,CHEMBL6190636
COc1cc2nc(C)nc(NNC(=O)c3cc(OC)c(OC)c(OC)c3)c2cc1OC,1,IC50,9.02,1,CHEMBL6191031
COc1cc2nc(C)nc(Oc3ccc(/C=N/Nc4ccccc4)cc3)c2cc1OC,1,IC50,9.84,2,CHEMBL6188493
COc1ccc(N/N=C/c2ccc(Oc3nc(C)nc4cc(OC)c(OC)cc34)cc2)cc1,1,IC50,8.54,1,CHEMBL6191894
COc1cc2nc(C)nc(Oc3ccc(/C=N/Nc4ccc([N+](=O)[O-])cc4[N+](=O)[O-])cc3)c2cc1OC,1,IC50,9.17,1,CHEMBL6192014
COc1cc2nc(C)nc(Oc3ccc(/C=N/Nc4ccc(S(N)(=O)=O)cc4)cc3)c2cc1OC,1,IC50,8.78,1,CHEMBL6189765
CCOC(=O)C1=C(C)N/C(=N\c2nc(C)nc3cc(OC)c(OC)cc23)NC1c1ccccc1,1,IC50,8.94,1,CHEMBL6192033
CCOC(=O)C1=C(C)N/C(=N\c2nc(C)nc3cc(OC)c(OC)cc23)NC1c1ccc(Cl)cc1,1,IC50,9.5,1,CHEMBL6193697
CCOC(=O)C1=C(C)N/C(=N\c2nc(C)nc3cc(OC)c(OC)cc23)NC1c1ccc(OC)cc1,1,IC50,8.67,1,CHEMBL6190024
N#Cc1c(N)sc(C(=O)NC2=NN=C(O)/C2=C(\C=C\c2ccccc2)c2ccccc2)c1N,1,IC50,6.5,1,CHEMBL6188992
Cc1c(NC(=O)Nc2ccc(OC(F)(F)F)cc2)sc2ccccc12,1,IC50,7.33,1,CHEMBL6188294
C=CC(=O)Nc1cnn(-c2ccnc(Nc3cc(C)c(N4CCC(N5CCN(C)CC5)CC4)cc3OC)n2)c1,1,IC50,7.11,2,CHEMBL6190423
COc1cc(N2CCC(N3CCN(C)CC3)CC2)c(C)cc1Nc1nccc(-n2cc(NC(=O)C=C(C)C)cn2)n1,1,IC50,7.27,2,CHEMBL6191345
COc1cc(N2CCC(N3CCN(C)CC3)CC2)c(C)cc1Nc1nccc(-n2cc(NC(=O)C3CC3)cn2)n1,1,IC50,7.42,2,CHEMBL6191781
COc1cc(N2CCC(N3CCN(C)CC3)CC2)c(C)cc1Nc1nccc(-n2cc(NS(=O)(=O)C3CC3)cn2)n1,1,IC50,7.73,2,CHEMBL6190638
COc1cc(N2CCC(N3CCN(C)CC3)CC2)c(C)cc1Nc1ncc(Br)c(-n2ccc(-c3ccccc3NS(=O)(=O)C3CC3)n2)n1,1,IC50,7.03,1,CHEMBL6192271
O=C(CCCOc1cc2ncnc(Nc3ccccc3Cl)c2c2c1OCCO2)NO,1,IC50,6.54,1,CHEMBL6190493
O=C(CCCOc1cc2ncnc(Nc3ccc(Cl)cc3)c2c2c1OCCO2)NO,1,IC50,7.32,1,CHEMBL6193344
O=C(CCCOc1cc2ncnc(Nc3ccccc3F)c2c2c1OCCO2)NO,1,IC50,7.04,1,CHEMBL6191639
O=C(CCCOc1cc2ncnc(Nc3cccc(F)c3)c2c2c1OCCO2)NO,1,IC50,7.12,1,CHEMBL6188499
O=C(CCCOc1cc2ncnc(Nc3ccc(F)cc3)c2c2c1OCCO2)NO,1,IC50,6.93,1,CHEMBL6192501
COc1ccc(Nc2ncnc3cc(OCCCC(=O)NO)c4c(c23)OCCO4)cc1,1,IC50,6.05,1,CHEMBL6189102
O=C(CCCOc1cc2ncnc(Nc3cccc(C(F)(F)F)c3)c2c2c1OCCO2)NO,1,IC50,7.34,1,CHEMBL6193560
O=C(CCCCOc1cc2ncnc(Nc3cccc(Cl)c3)c2c2c1OCCO2)NO,1,IC50,8.01,1,CHEMBL6191667
O=C(CCCCCOc1cc2ncnc(Nc3ccccc3Cl)c2c2c1OCCO2)NO,1,IC50,6.89,1,CHEMBL6192203
O=C(CCCCCOc1cc2ncnc(Nc3cccc(Cl)c3)c2c2c1OCCO2)NO,1,IC50,8.32,1,CHEMBL6191199
