smiles,label,type,pChEMBL,n_records,chembl_ids
c1ccc(-n2ccnc2)cc1,0,Kd (>),2.0,1,CHEMBL275066
c1ccc(-c2c[nH]cn2)cc1,0,Kd (>),2.0,1,CHEMBL14145
c1ccc(-c2cc[nH]n2)cc1,0,Kd (>),2.0,1,CHEMBL38876
c1ccc(-c2nc3ccccc3[nH]2)nc1,0,Kd,4.22,1,CHEMBL72683
c1ccc(-c2ncc[nH]2)cc1,0,Kd,4.0,1,CHEMBL14189
c1ccc(-c2nn[nH]n2)nc1,0,Kd (>),2.0,1,CHEMBL80094
c1ccc(-c2ccno2)cc1,0,Kd (>),2.0,1,CHEMBL81948
c1ccc(-n2cccc2)cc1,0,Kd (>),2.0,1,CHEMBL84459
c1ccc(-n2cccn2)cc1,0,Kd (>),2.0,1,CHEMBL316415
c1ccc(-c2nnn[nH]2)cc1,0,Kd (>),2.0,1,CHEMBL39261
C=CC[C@@H]1/C=C(\C)C[C@H](C)C[C@H](OC)[C@H]2O[C@@](O)(C(=O)C(=O)N3CCCC[C@H]3C(=O)O[C@H](/C(C)=C/[C@@H]3CC[C@@H](O)[C@H](OC)C3)[C@H](C)[C@@H](O)CC1=O)[C@H](C)C[C@@H]2OC,1,IC50,9.02,2,CHEMBL269732
CCC(C)(C)C(=O)C(=O)N1CCC[C@H]1C(=O)OCCCc1cccnc1,0,IC50,4.68,1,CHEMBL6367
C=CC[C@@H]1/C=C(\C)C[C@H](C)C[C@H](OC)C2C[C@@](O)(C(=O)C(=O)N3CCCCC3C(=O)O[C@H](C(C)C[C@@H]3CC[C@@H](CC(=O)Nc4ccc(CCCC(=O)OC)cc4)C(OC)C3)[C@H](C)[C@@H](O)CC1=O)[C@H](C)C[C@@H]2OC,1,IC50,8.84,1,CHEMBL411735
C=CC[C@@H]1/C=C(\C)C[C@H](C)C[C@H](OC)C2C[C@@](O)(C(=O)C(=O)N3CCCCC3C(=O)O[C@H](C(C)C[C@@H]3CC[C@@H](CC(=O)Nc4ccc(CCCC(=O)O)cc4)C(OC)C3)[C@H](C)[C@@H](O)CC1=O)[C@H](C)C[C@@H]2OC,1,IC50,8.73,1,CHEMBL265123
COC[C@H]1OC(=O)c2coc3c2[C@@]1(C)C1=C(C3=O)[C@@H]2CCC(=O)[C@@]2(C)C[C@H]1OC(C)=O,1,IC50,7.4,1,CHEMBL428496
CO[C@H]1C[C@@H]2CC[C@@H](C)[C@@](O)(O2)C(=O)C(=O)N2CCCC[C@H]2C(=O)N[C@H](CCc2ccccc2)C(=O)NCC(=O)N(C)CC(=O)O[C@H]1C,1,IC50,8.02,1,CHEMBL371029
CO[C@H]1C[C@@H]2CC[C@@H](C)[C@@](O)(O2)C(=O)C(=O)N2CCCC[C@H]2C(=O)OC([C@H](C)C[C@@H]2CC[C@@H](OC(=O)N(C)OC)[C@H](OC)C2)CC(=O)[C@H](C)/C=C(\C)[C@@H](O)[C@@H](OC)C(=O)[C@H](C)C[C@H](C)/C=C/C=C/C=C/1C,1,IC50,8.24,1,CHEMBL269553
CO[C@H]1C[C@@H]2CC[C@@H](C)[C@@](O)(O2)C(=O)C(=O)N2CCCC[C@H]2C(=O)O[C@H]([C@H](C)C[C@@H]2CC[C@H](n3ncnn3)[C@H](OC)C2)CC(=O)[C@H](C)/C=C(\C)[C@@H](O)[C@@H](OC)C(=O)[C@H](C)C[C@H](C)/C=C/C=C/C=C/1C,1,IC50,8.32,1,CHEMBL439319
CO[C@H]1C[C@@H]2CC[C@@H](C)[C@@](O)(O2)C(=O)C(=O)N2CCCC[C@H]2C(=O)O[C@H]([C@H](C)C[C@@H]2CC[C@H](n3cnnn3)[C@H](OC)C2)CC(=O)[C@H](C)/C=C(\C)[C@@H](O)[C@@H](OC)C(=O)[C@H](C)C[C@H](C)/C=C/C=C/C=C/1C,1,IC50,8.48,1,CHEMBL219410
Oc1cc(O)c(-c2noc3ccc(NCCN4CCOCC4)cc23)cc1Cl,0,IC50 (>),4.7,1,CHEMBL404630
CCN(/C=C1/C(=O)O[C@H](COC)[C@@]2(C)C1=C(O)C(=O)C1=C2[C@H](OC(C)=O)C[C@]2(C)[C@@H](O)CC[C@@H]12)CC,0,IC50,4.85,1,CHEMBL272197
COC[C@H]1OC(=O)/C(=C/N2CCC(=O)CC2)C2=C(O)C(=O)C3=C([C@H](OC(C)=O)C[C@]4(C)[C@@H](O)CC[C@@H]34)[C@]21C,1,IC50,6.02,1,CHEMBL260313
COC[C@H]1OC(=O)/C(=C/N2CCOCC2)C2=C(O)C(=O)C3=C([C@H](OC(C)=O)C[C@]4(C)[C@@H](O)CC[C@@H]34)[C@]21C,1,IC50,6.08,1,CHEMBL411950
COC[C@H]1OC(=O)/C(=C/N2CCC(N3CCCCC3)CC2)C2=C(O)C(=O)C3=C([C@H](OC(C)=O)C[C@]4(C)[C@@H](O)CC[C@@H]34)[C@]21C,1,IC50,6.25,1,CHEMBL405230
COC[C@H]1OC(=O)/C(=C/N2CCC(C(=O)O)CC2)C2=C(O)C(=O)C3=C([C@H](OC(C)=O)C[C@]4(C)[C@@H](O)CC[C@@H]34)[C@]21C,1,IC50,6.08,1,CHEMBL410071
COC[C@H]1OC(=O)/C(=C/N2CCN(CCN3CCOCC3)CC2)C2=C(O)C(=O)C3=C([C@H](OC(C)=O)C[C@]4(C)[C@@H](O)CC[C@@H]34)[C@]21C,1,IC50,6.21,1,CHEMBL271982
COC[C@H]1OC(=O)/C(=C/N2CCN(CCCN(C)C)CC2)C2=C(O)C(=O)C3=C([C@H](OC(C)=O)C[C@]4(C)[C@@H](O)CC[C@@H]34)[C@]21C,1,IC50,6.6,1,CHEMBL271780
COC[C@H]1OC(=O)/C(=C/N2CCN(C)CC2)C2=C(O)C(=O)C3=C([C@H](OC(C)=O)C[C@]4(C)[C@@H](O)CC[C@@H]34)[C@]21C,1,IC50,6.08,1,CHEMBL410637
COC[C@H]1OC(=O)/C(=C/N2CCN(c3ccccc3)CC2)C2=C(O)C(=O)C3=C([C@H](OC(C)=O)C[C@]4(C)[C@@H](O)CC[C@@H]34)[C@]21C,1,IC50,6.16,1,CHEMBL271184
COC[C@H]1OC(=O)/C(=C/N2CCN(Cc3ccccc3)CC2)C2=C(O)C(=O)C3=C([C@H](OC(C)=O)C[C@]4(C)[C@@H](O)CC[C@@H]34)[C@]21C,1,IC50,6.05,1,CHEMBL406237
COC[C@H]1OC(=O)/C(=C/N2CCN(C3CCCCC3)CC2)C2=C(O)C(=O)C3=C([C@H](OC(C)=O)C[C@]4(C)[C@@H](O)CC[C@@H]34)[C@]21C,1,IC50,6.09,1,CHEMBL271544
COC[C@H]1OC(=O)/C(=C/N2CCN(C3CCN(C)CC3)CC2)C2=C(O)C(=O)C3=C([C@H](OC(C)=O)C[C@]4(C)[C@@H](O)CC[C@@H]34)[C@]21C,1,IC50,6.02,1,CHEMBL271430
COC[C@H]1OC(=O)/C(=C/N(CCO)CCO)C2=C(O)C(=O)C3=C([C@H](OC(C)=O)C[C@]4(C)[C@@H](O)CC[C@@H]34)[C@]21C,0,IC50 (>),4.73,1,CHEMBL412076
COC[C@H]1OC(=O)/C(=C/N(C)CCCC(=O)O)C2=C(O)C(=O)C3=C([C@H](OC(C)=O)C[C@]4(C)[C@@H](O)CC[C@@H]34)[C@]21C,0,IC50,4.9,1,CHEMBL272593
COC[C@H]1OC(=O)/C(=C/N(C)CC(=O)OC(C)(C)C)C2=C(O)C(=O)C3=C([C@H](OC(C)=O)C[C@]4(C)[C@@H](O)CC[C@@H]34)[C@]21C,0,IC50,4.86,1,CHEMBL272281
CCN(CC)CCN(C)/C=C1/C(=O)O[C@H](COC)[C@@]2(C)C1=C(O)C(=O)C1=C2[C@H](OC(C)=O)C[C@]2(C)[C@@H](O)CC[C@@H]12,1,IC50,6.12,1,CHEMBL409671
CCN(/C=C1/C(=O)O[C@H](COC)[C@@]2(C)C1=C(O)C(=O)C1=C2[C@H](OC(C)=O)C[C@]2(C)[C@@H](O)CC[C@@H]12)CCN(C)C,1,IC50,6.06,1,CHEMBL272898
COC[C@H]1OC(=O)/C(=C/N(CCCN(C)C)C(C)(C)C)C2=C(O)C(=O)C3=C([C@H](OC(C)=O)C[C@]4(C)[C@@H](O)CC[C@@H]34)[C@]21C,1,IC50,6.09,1,CHEMBL272816
COC[C@H]1OC(=O)/C(=C/N(C)CCCN(C)C)C2=C(O)C(=O)C3=C([C@H](O)C[C@]4(C)[C@@H](O)CC[C@@H]34)[C@]21C,0,IC50 (>),4.7,1,CHEMBL410644
COC[C@H]1OC(=O)/C(=C/NCCCN(C)C)C2=C(O)C(=O)C3=C([C@H](OC(C)=O)C[C@]4(C)[C@@H](O)CC[C@@H]34)[C@]21C,0,IC50 (>),4.7,1,CHEMBL409294
COC[C@H]1OC(=O)c2coc3c2[C@@]1(C)C1=C(C3=O)[C@@H]2CC[C@H](O)[C@@]2(C)C[C@H]1OC(C)=O,1,IC50,6.71,1,CHEMBL273832
COC[C@H]1OC(=O)/C(=C/N2CCCC2)C2=C(O)C(=O)C3=C([C@H](OC(C)=O)C[C@]4(C)[C@@H](O)CC[C@@H]34)[C@]21C,0,IC50 (>),4.7,1,CHEMBL428873
COC[C@H]1OC(=O)/C(=C/NC(C)(C)C)C2=C(O)C(=O)C3=C([C@H](OC(C)=O)C[C@]4(C)[C@@H](O)CC[C@@H]34)[C@]21C,0,IC50 (>),4.7,1,CHEMBL272190
COC[C@H]1OC(=O)/C(=C/N(CCO)C(C)(C)C)C2=C(O)C(=O)C3=C([C@H](OC(C)=O)C[C@]4(C)[C@@H](O)CC[C@@H]34)[C@]21C,0,IC50,4.54,1,CHEMBL271190
CCN/C=C1/C(=O)O[C@H](COC)[C@@]2(C)C1=C(O)C(=O)C1=C2[C@H](OC(C)=O)C[C@]2(C)[C@@H](O)CC[C@@H]12,0,IC50 (>),4.7,1,CHEMBL271191
CCN(/C=C1/C(=O)O[C@H](COC)[C@@]2(C)C1=C(O)C(=O)C1=C2[C@H](O)C[C@]2(C)[C@@H](O)CC[C@@H]12)CC,0,IC50 (>),4.7,1,CHEMBL406655
O=C(c1ccccc1)c1ccc(N2CCOCC2)cc1O,0,IC50 (>),4.0,1,CHEMBL478980
CO[C@@H]1C[C@H](C[C@@H](C)[C@@H]2CC(=O)[C@H](C)/C=C(\C)[C@@H](O)[C@@H](OC)C(=O)[C@H](C)C[C@H](C)/C=C/C=C/C=C(\C)[C@@H](c3cccc4c(C)c[nH]c34)C[C@@H]3CC[C@@H](C)[C@@](O)(O3)C(=O)C(=O)N3CCCC[C@H]3C(=O)O2)CC[C@H]1O,1,IC50,8.3,2,CHEMBL503885
CO[C@H]1[C@@H](O)[C@H](C)C[C@H](C)/C=C/C=C/C=C(\C)[C@@H](c2c[nH]c3c(C)cccc23)C[C@@H]2CC[C@@H](C)[C@@](O)(O2)C(=O)C(=O)N2CCCC[C@H]2C(=O)O[C@H]([C@H](C)C[C@@H]2CC[C@@H](O)[C@H](OC)C2)C[C@H](O)[C@H](C)/C=C(\C)[C@H]1O,1,IC50,8.0,1,CHEMBL525042
CS(=O)(=O)N1CCN(Cc2cc3nc(-c4cccc5[nH]ncc45)nc(N4CCOCC4)c3s2)CC1,1,IC50,8.52,17,CHEMBL521851
O=C1NC(=O)c2ccc(I)cc2/C1=C/NCc1ccc(-c2ccoc2)c(O)c1,0,IC50,4.75,1,CHEMBL504547
CCN1CCN(CC/C=C/c2ccc3c(Nc4ccc(Sc5nccn5C)c(Cl)c4)c(C#N)cnc3c2)CC1,0,IC50 (>),4.52,1,CHEMBL489058
Cc1ccc(-c2ccc3c(c2)N(c2nc4c(s2)C(=O)NC(C)(C)C4)CCO3)cn1,0,IC50 (>),4.82,1,CHEMBL469202
Oc1cccc(-c2nc(N3CCOCC3)c3cnn(C4CCN(Cc5cccnc5)CC4)c3n2)c1,1,IC50,8.02,2,CHEMBL550286
CC(=O)Nc1ccc(-c2nc(N3CCOCC3)c3cnn(C4CCN(Cc5cccnc5)CC4)c3n2)cc1,1,IC50,8.15,1,CHEMBL561844
COC(=O)Nc1ccc(-c2nc(N3CCOCC3)c3cnn(C4CCN(Cc5cccnc5)CC4)c3n2)cc1,1,IC50,8.34,3,CHEMBL561103
CCOC(=O)Nc1ccc(-c2nc(N3CCOCC3)c3cnn(C4CCN(Cc5ccccc5)CC4)c3n2)cc1,1,IC50,7.34,1,CHEMBL562165
O=C(Nc1ccc(-c2nc(N3CCOCC3)c3cnn(C4CCN(Cc5cccnc5)CC4)c3n2)cc1)OCCO,1,IC50,8.82,2,CHEMBL552532
CNC(=O)Nc1ccc(-c2nc(N3CCOCC3)c3cnn(C4CCN(Cc5cccnc5)CC4)c3n2)cc1,1,IC50,9.42,3,CHEMBL551440
CNC(=O)Nc1ccc(-c2nc(N3CCOCC3)c3cnn(C4CCNCC4)c3n2)cc1,1,IC50,8.85,1,CHEMBL551442
CNC(=O)Nc1ccc(-c2nc(N3CCOCC3)c3cnn(C4CCN(Cc5ccccc5)CC4)c3n2)cc1,1,IC50,9.3,2,CHEMBL550972
CNC(=O)Nc1ccc(-c2nc(N3CCOCC3)c3cnn(C4CCN(C)CC4)c3n2)cc1,1,IC50,7.66,1,CHEMBL564099
CNC(=O)Nc1ccc(-c2nc(N3CCOCC3)c3cnn(C4CCN(C(C)=O)CC4)c3n2)cc1,1,IC50,8.68,1,CHEMBL562365
CNC(=O)Nc1ccc(-c2nc(N3CCOCC3)c3cnn(C4CCN(C(=O)NC)CC4)c3n2)cc1,1,IC50,8.7,1,CHEMBL558288
CNC(=O)Nc1ccc(-c2nc(N3CCOCC3)c3cnn(C4CCN(C(=O)N(C)C)CC4)c3n2)cc1,1,IC50,8.96,1,CHEMBL562439
CNC(=O)Nc1ccc(-c2nc(N3CCOCC3)c3cnn(C4CCN(C(=O)OC)CC4)c3n2)cc1,1,IC50,9.34,3,CHEMBL563985
O=C(Nc1ccncc1)Nc1ccc(-c2nc(N3CCOCC3)c3cnn(C4CCN(C(=O)c5cccnc5)CC4)c3n2)cc1,1,IC50,9.08,1,CHEMBL540695
COC(=O)Nc1ccc(-c2nc(N3CCOCC3)c3cnn(C4CCN(C(=O)OC)CC4)c3n2)cc1,1,IC50,8.37,3,CHEMBL561708
COC(=O)N1CCC(n2ncc3c(N4CCOCC4)nc(-c4ccc(NC(=O)OCCO)cc4)nc32)CC1,1,IC50,9.0,1,CHEMBL564404
CCNC(=O)Nc1ccc(-c2nc(N3CCOCC3)c3cnn(C4CCN(C(=O)OC)CC4)c3n2)cc1,1,IC50,9.49,2,CHEMBL558486
COC(=O)N1CCC(n2ncc3c(N4CCOCC4)nc(-c4ccc(NC(=O)NCCF)cc4)nc32)CC1,1,IC50,9.22,2,CHEMBL561907
COC(=O)N1CCC(n2ncc3c(N4CCOCC4)nc(-c4ccc(NC(=O)NC5CC5)cc4)nc32)CC1,1,IC50,9.35,2,CHEMBL562999
COC(=O)N1CCC(n2ncc3c(N4CCOCC4)nc(-c4ccc(NC(=O)Nc5cccnc5)cc4)nc32)CC1,1,IC50,9.7,2,CHEMBL538378
COC(=O)N1CCC(n2ncc3c(N4CCOCC4)nc(-c4ccc(NC(=O)Nc5ccncc5)cc4)nc32)CC1,1,IC50,9.52,1,CHEMBL557963
COC(=O)N1CCC(n2ncc3c(N4CCOCC4)nc(-c4ccc(NC(=O)Nc5ccc(N6CCN(C)CC6)cc5)cc4)nc32)CC1,1,IC50,9.52,2,CHEMBL556947
COC(=O)N1CCC(n2ncc3c(N4CCOCC4)nc(-c4ccc(NC(=O)Nc5ccc(CO)cc5)cc4)nc32)CC1,1,IC50,10.1,1,CHEMBL558955
CCOC(=O)c1cnn2c(-c3cccc(NC(=O)c4cccc(C(F)(F)F)c4)c3)ccnc12,0,IC50 (>),5.0,1,CHEMBL565061
Oc1cccc(-c2nc(N3CCOCC3)c3cnn(C4CCNCC4)c3n2)c1,1,IC50,6.67,3,CHEMBL584362
CC(=O)N1CCC(n2ncc3c(N4CCOCC4)nc(-c4cccc(O)c4)nc32)CC1,1,IC50,7.31,1,CHEMBL572956
O=C(c1ccccc1)N1CCC(n2ncc3c(N4CCOCC4)nc(-c4cccc(O)c4)nc32)CC1,1,IC50,8.4,1,CHEMBL575710
O=C(c1cccnc1)N1CCC(n2ncc3c(N4CCOCC4)nc(-c4cccc(O)c4)nc32)CC1,1,IC50,8.22,1,CHEMBL575501
Oc1cccc(-c2nc(N3CCOCC3)c3cnn(C4CCN(Cc5ccccc5)CC4)c3n2)c1,1,IC50,7.11,2,CHEMBL574207
Oc1ccc(-c2nc(N3CCOCC3)c3cnn(C4CCN(Cc5ccccc5)CC4)c3n2)cc1,1,IC50,6.77,1,CHEMBL574193
c1ccc(CN2CCC(n3ncc4c(N5CCOCC5)nc(-c5cccnc5)nc43)CC2)cc1,1,IC50,6.16,1,CHEMBL575935
c1ccc(CN2CCC(n3ncc4c(N5CCOCC5)nc(-c5cnc6ccccc6c5)nc43)CC2)cc1,1,IC50,6.92,1,CHEMBL574211
O=c1[nH]c2ccc(-c3nc(N4CCOCC4)c4cnn(C5CCN(Cc6ccccc6)CC5)c4n3)cc2[nH]1,1,IC50,6.72,1,CHEMBL578661
c1ccc(CN2CCC(n3ncc4c(N5CCOCC5)nc(-c5cc6ccccc6[nH]5)nc43)CC2)cc1,1,IC50,6.89,1,CHEMBL586051
c1ccc(CN2CCC(n3ncc4c(N5CCOCC5)nc(-c5cccc6[nH]ccc56)nc43)CC2)cc1,1,IC50,6.84,1,CHEMBL578453
c1ccc(CN2CCC(n3ncc4c(N5CCOCC5)nc(-c5ccc6[nH]ccc6c5)nc43)CC2)cc1,1,IC50,7.06,1,CHEMBL572830
c1ccc(CN2CCC(n3ncc4c(N5CCOCC5)nc(-c5ccc6cc[nH]c6c5)nc43)CC2)cc1,1,IC50,6.64,1,CHEMBL574641
c1ccc(CN2CCC(n3ncc4c(N5CCOCC5)nc(-c5cccc6cc[nH]c56)nc43)CC2)cc1,1,IC50,6.42,1,CHEMBL582922
Cn1ccc2cccc(-c3nc(N4CCOCC4)c4cnn(C5CCN(Cc6ccccc6)CC5)c4n3)c21,1,IC50,6.24,1,CHEMBL576543
c1cc2cc(-c3nc(N4CCOCC4)c4cnn(C5CCNCC5)c4n3)ccc2[nH]1,1,IC50,6.77,1,CHEMBL573178
c1cncc(CN2CCC(n3ncc4c(N5CCOCC5)nc(-c5ccc6[nH]ccc6c5)nc43)CC2)c1,1,IC50,8.05,4,CHEMBL583194
O=C(c1cccnc1)N1CCC(n2ncc3c(N4CCOCC4)nc(-c4ccc5[nH]ccc5c4)nc32)CC1,1,IC50,8.4,1,CHEMBL576768
CNC(=O)Nc1ccc(-c2nc(N3CC4CCC(C3)O4)c3cnn(C4CCN(C(=O)OC)CC4)c3n2)cc1,1,IC50,9.66,2,CHEMBL568259
COC(=O)N1CCC(n2ncc3c(N4CC5CCC(C4)O5)nc(-c4ccc(NC(=O)Nc5cccnc5)cc4)nc32)CC1,1,IC50,9.96,1,CHEMBL573157
CNC(=O)Nc1ccc(-c2nc(N3CC4CCC(C3)O4)c3cnn(C4CCN(Cc5cccnc5)CC4)c3n2)cc1,1,IC50,9.32,2,CHEMBL580212
O=C(NCCF)Nc1ccc(-c2nc(N3CC4CCC(C3)O4)c3cnn(CC(F)(F)F)c3n2)cc1,1,IC50,9.64,1,CHEMBL574905
O=C(Nc1ccc(-c2nc(N3CC4CCC(C3)O4)c3cnn(CC(F)(F)F)c3n2)cc1)Nc1cccnc1,1,IC50,9.72,1,CHEMBL575976
CCNC(=O)Nc1ccc(-c2nc(N3CC4CCC(C3)O4)c3cnn(C4CCN(C(=O)OC)CC4)c3n2)cc1,1,IC50,9.7,1,CHEMBL577137
COC(=O)N1CCC(n2ncc3c(N4C5CCC4COC5)nc(-c4ccc(NC(=O)Nc5cccnc5)cc4)nc32)CC1,1,IC50,9.8,1,CHEMBL573202
CCNC(=O)Nc1ccc(-c2nc(N3CCOC[C@H]3C)c3cnn(C4CCN(C(=O)OCC)CC4)c3n2)cc1,1,IC50,9.06,1,CHEMBL567607
O=C(Nc1ccc(-c2nc(N3CCOCC3)c3cnn(CC(F)(F)F)c3n2)cc1)Nc1cccnc1,1,IC50,9.7,2,CHEMBL574680
O=C(Nc1ccc(-c2nc(N3C4CCC3COC4)c3cnn(CC(F)(F)F)c3n2)cc1)Nc1cccnc1,1,IC50,9.7,1,CHEMBL567172
CNC(=O)Nc1ccc(-c2nc(N3C4CCC3COC4)c3cnn(CC(F)(F)F)c3n2)cc1,1,IC50,9.25,1,CHEMBL567822
CCNC(=O)Nc1ccc(-c2nc(N3CCOCC3)c3cnn(C4CCN(C(=O)OCC)CC4)c3n2)cc1,1,IC50,9.77,1,CHEMBL578645
CNC(=O)Nc1ccc(-c2nc(N3C4CCC3COC4)c3cnn(C4CCN(C(=O)OC)CC4)c3n2)cc1,1,IC50,9.66,1,CHEMBL574012
COC(=O)N1CCC(n2ncc3c(N4CCOC(C)C4)nc(-c4ccc(NC(=O)Nc5cccnc5)cc4)nc32)CC1,1,IC50,9.21,1,CHEMBL573171
CCOC(=O)N1CCC(n2ncc3c(N4CCOC[C@H]4C)nc(-c4ccc(NC(=O)Nc5ccncc5)cc4)nc32)CC1,1,IC50,9.55,1,CHEMBL573663
O=C(NCCF)Nc1ccc(-c2nc(N3CCOCC3)c3cnn(CC(F)(F)F)c3n2)cc1,1,IC50,9.22,2,CHEMBL574234
CCNC(=O)Nc1ccc(-c2nc(N3C4CCC3COC4)c3cnn(C4CCN(C(=O)OC)CC4)c3n2)cc1,1,IC50,9.21,1,CHEMBL575576
CCNC(=O)Nc1ccc(-c2nc(N3CCOC[C@@H]3C)c3cnn(C4CCN(C(=O)OCC)CC4)c3n2)cc1,1,IC50,8.74,1,CHEMBL572500
CCOC(=O)N1CCC(n2ncc3c(N4CCOC[C@@H]4C)nc(-c4ccc(NC(=O)Nc5ccncc5)cc4)nc32)CC1,1,IC50,9.24,1,CHEMBL573662
CNC(=O)Nc1ccc(-c2nc(N3CCOCC3)c3cnn(CC(F)(F)F)c3n2)cc1,1,IC50,9.0,2,CHEMBL572932
CNC(=O)Nc1ccc(-c2nc(N3CC4CCC(C3)O4)c3cnn(CC(F)(F)F)c3n2)cc1,1,IC50,9.3,2,CHEMBL572944
COC(=O)N1CCC(n2ncc3c(N4CC5CCC(C4)O5)nc(-c4ccc(NC(=O)NC5CC5)cc4)nc32)CC1,1,IC50,9.21,1,CHEMBL583874
O=C(Nc1ccc(-c2nc(N3C[C@@H]4C[C@H]3CO4)c3cnn(CC(F)(F)F)c3n2)cc1)Nc1cccnc1,1,IC50,8.92,1,CHEMBL575989
CCOC(=O)N1CCC(n2ncc3c(N4CCOC[C@H]4C)nc(-c4ccc(NC(=O)NCCF)cc4)nc32)CC1,1,IC50,8.92,1,CHEMBL572679
CNC(=O)Nc1ccc(-c2nc(N3CCOC(C)C3)c3cnn(C4CCN(C(=O)OC)CC4)c3n2)cc1,1,IC50,8.64,1,CHEMBL576143
CNC(=O)Nc1ccc(-c2nc(N3C[C@@H]4C[C@H]3CO4)c3cnn(CC(F)(F)F)c3n2)cc1,1,IC50,8.26,1,CHEMBL566087
O=C(Nc1ccc(-c2nc(N3C[C@@H]4C[C@H]3CO4)c3cnn(CC(F)(F)F)c3n2)cc1)NC1CC1,1,IC50,8.72,1,CHEMBL575539
CCNC(=O)Nc1ccc(-c2nc(N3CCOC(C)C3)c3cnn(C4CCN(C(=O)OC)CC4)c3n2)cc1,1,IC50,8.72,1,CHEMBL576937
O=C(Nc1ccc(-c2nc(N3C[C@H]4C[C@@H]3CO4)c3cnn(CC(F)(F)F)c3n2)cc1)Nc1cccnc1,1,IC50,7.77,1,CHEMBL575130
O=C(Nc1ccc(-c2nc(N3C[C@H]4C[C@@H]3CO4)c3cnn(CC(F)(F)F)c3n2)cc1)NC1CC1,1,IC50,7.28,1,CHEMBL575345
CNC(=O)Nc1ccc(-c2nc(N3C[C@H]4C[C@@H]3CO4)c3cnn(CC(F)(F)F)c3n2)cc1,1,IC50,7.04,1,CHEMBL576979
CNC(=O)Nc1ccc(-c2nc(N3C[C@@H](C)O[C@@H](C)C3)c3cnn(C4CCN(Cc5cccnc5)CC4)c3n2)cc1,1,IC50,7.08,1,CHEMBL573424
CCOC(=O)N1CCC(n2ncc3c(N4CCOC[C@@H]4C)nc(-c4ccc(NC(=O)NCCF)cc4)nc32)CC1,1,IC50,8.74,1,CHEMBL576782
CCNC(=O)Nc1ccc(-c2nc(N3CC4CCC(C3)O4)c3cnn(CC)c3n2)cc1,1,IC50,9.22,1,CHEMBL584734
CCNC(=O)Nc1ccc(-c2nc(N3CC4CCC(C3)O4)c3cnn(CCN(C)C)c3n2)cc1,1,IC50,7.89,1,CHEMBL585126
CCn1ncc2c(N3CC4CCC(C3)O4)nc(-c3ccc(NC(=O)NCCN(C)C)cc3)nc21,1,IC50,7.29,1,CHEMBL565389
CCn1ncc2c(N3CC4CCC(C3)O4)nc(-c3ccc(NC(=O)Nc4cccnc4)cc3)nc21,1,IC50,10.0,1,CHEMBL566004
CN(C)CCn1ncc2c(N3CC4CCC(C3)O4)nc(-c3ccc(NC(=O)Nc4cccnc4)cc3)nc21,1,IC50,8.57,1,CHEMBL565808
CCn1ncc2c(N3CC4CCC(C3)O4)nc(-c3ccc(NC(=O)Nc4ccc(N5CCN(C)CC5)nc4)cc3)nc21,1,IC50,9.15,1,CHEMBL577966
CCn1ncc2c(N3CC4CCC(C3)O4)nc(-c3ccc(NC(=O)Nc4ccc(NC)nc4)cc3)nc21,1,IC50,9.05,1,CHEMBL567694
CCn1ncc2c(N3CC4CCC(C3)O4)nc(-c3ccc(NC(=O)Nc4ccc(N(C)C)nc4)cc3)nc21,1,IC50,8.82,1,CHEMBL565987
CCn1ncc2c(N3CC4CCC(C3)O4)nc(-c3ccc(NC(=O)Nc4ccc(N5CCOCC5)nc4)cc3)nc21,1,IC50,9.52,1,CHEMBL576304
CCn1ncc2c(N3CC4CCC(C3)O4)nc(-c3ccc(NC(=O)Nc4ccc(OCCN5CCOCC5)nc4)cc3)nc21,1,IC50,9.0,1,CHEMBL576305
CCn1ncc2c(N3CC4CCC(C3)O4)nc(-c3ccc(NC(=O)Nc4ccccc4)cc3)nc21,1,IC50,9.52,1,CHEMBL565787
CCn1ncc2c(N3CC4CCC(C3)O4)nc(-c3ccc(NC(=O)Nc4ccc(N5CCN(C)CC5)cc4)cc3)nc21,1,IC50,9.52,1,CHEMBL576505
CCn1ncc2c(N3CC4CCC(C3)O4)nc(-c3ccc(NC(=O)Nc4ccc(N5CCCC5)cc4)cc3)nc21,1,IC50,8.22,1,CHEMBL585397
CN1CCN(c2ccc(NC(=O)Nc3ccc(-c4nc(N5CC6CCC(C5)O6)c5cnn(CC(F)(F)F)c5n4)cc3)cc2)CC1,1,IC50,9.22,1,CHEMBL570833
O=C(Nc1ccc(-c2nc(N3CC4CCC(C3)O4)c3cnn(CC(F)(F)F)c3n2)cc1)Nc1ccc(N2CCNCC2)cc1,1,IC50,9.7,1,CHEMBL576506
CCn1ncc2c(N3CC4CCC(C3)O4)nc(-c3ccc(NC(=O)Nc4ccc(NCCN(C)C)cc4)cc3)nc21,1,IC50,8.77,1,CHEMBL576507
CCn1ncc2c(N3CC4CCC(C3)O4)nc(-c3ccc(NC(=O)Nc4ccc(N(C)CCN(C)C)cc4)cc3)nc21,1,IC50,9.05,1,CHEMBL570870
CCn1ncc2c(N3CC4CCC(C3)O4)nc(-c3ccc(NC(=O)Nc4ccc(CN(C)C)cc4)cc3)nc21,1,IC50,8.96,1,CHEMBL585206
CCn1ncc2c(N3CC4CCC(C3)O4)nc(-c3ccc(NC(=O)Nc4ccc(CN)cc4)cc3)nc21,1,IC50,9.7,1,CHEMBL565583
CCn1ncc2c(N3CC4CCC(C3)O4)nc(-c3ccc(NC(=O)Nc4ccc(CN5CCN(C)CC5)cc4)cc3)nc21,1,IC50,9.15,1,CHEMBL577743
CCn1ncc2c(N3CC4CCC(C3)O4)nc(-c3ccc(NC(=O)Nc4ccc(OCCN(C)C)cc4)cc3)nc21,1,IC50,9.1,1,CHEMBL570635
CCn1ncc2c(N3CC4CCC(C3)O4)nc(-c3ccc(NC(=O)Nc4ccc(CO)cc4)cc3)nc21,1,IC50,10.0,1,CHEMBL566216
CCn1ncc2c(N3CC4CCC(C3)O4)nc(-c3ccc(NC(=O)Nc4ccc(CCO)cc4)cc3)nc21,1,IC50,10.0,1,CHEMBL585480
CCn1ncc2c(N3CC4CCC(C3)O4)nc(-c3ccc(NC(=O)Nc4ccc(C(=O)NN(C)C)cc4)cc3)nc21,1,IC50,9.52,1,CHEMBL577967
CCn1ncc2c(N3CC4CCC(C3)O4)nc(-c3ccc(NC(=O)Nc4ccc(C(=O)NN5CCCC5)cc4)cc3)nc21,1,IC50,9.7,1,CHEMBL576090
CCn1ncc2c(N3CC4CCC(C3)O4)nc(-c3ccc(NC(=O)Nc4ccc(N5CCOCC5)cc4)cc3)nc21,1,IC50,9.7,1,CHEMBL576091
COc1cc(/C=N/Nc2nc(N3CCCCC3)nc(N3CCOCC3)n2)cc(OC)c1O,1,IC50,6.12,1,CHEMBL566033
COc1cc(/C=N/Nc2cc(N3CCOCC3)nc(N3CCOCC3)n2)cc(OC)c1O,1,IC50,6.18,1,CHEMBL566679
COc1cc(-c2cn(-c3ccnc(N4CCOCC4)n3)cn2)cc(OC)c1O,1,IC50,6.34,1,CHEMBL585130
COc1cc(-c2cccc(-c3ccnc(N4CCOCC4)n3)n2)cc(OC)c1O,1,IC50,6.26,1,CHEMBL565428
COc1cc(-c2nc(-c3ccnc(N4CCOCC4)n3)cs2)cc(OC)c1O,1,IC50,6.25,1,CHEMBL584929
COc1cc(-c2csc(-c3ccnc(N4CCOCC4)n3)n2)cc(OC)c1O,1,IC50,6.75,1,CHEMBL568550
COc1cc(-c2ccc(-c3ccnc(N4CCOCC4)n3)o2)cc(OC)c1O,1,IC50,7.28,1,CHEMBL567293
COc1cc(-c2ccc(-c3cc(N4CCOCC4)nc(N4CCOCC4)n3)o2)cc(OC)c1O,1,IC50,7.64,1,CHEMBL567304
Oc1ccc(-c2ccc(-c3cc(N4CCOCC4)nc(N4CCOCC4)n3)o2)cc1,1,IC50,6.26,1,CHEMBL585292
OCc1cccc(-c2ccc(-c3cc(N4CCOCC4)nc(N4CCOCC4)n3)o2)c1,1,IC50,6.29,1,CHEMBL565849
c1cc(-c2ccc(-c3cc(N4CCOCC4)nc(N4CCOCC4)n3)o2)ccn1,1,IC50,6.28,1,CHEMBL571318
c1cc2cc(-c3ccc(-c4cc(N5CCOCC5)nc(N5CCOCC5)n4)o3)ccc2[nH]1,0,IC50 (>),5.0,1,CHEMBL566247
COc1cc(-c2cn(-c3nc(N4CCOCC4)nc(N4CCOCC4)n3)cn2)cc(OC)c1O,1,IC50,7.68,1,CHEMBL565637
COc1cc(/C=N/Nc2nc(N3CCOCC3)nc(N3CCOCC3)n2)cc(OC)c1O,1,IC50,6.57,1,CHEMBL585699
COc1cc(/C=N/Nc2nc(N3CCOCC3)nc(N3CCOCC3)n2)cc(OC)c1OC,0,IC50,4.52,1,CHEMBL566895
COc1cc(-c2cn(-c3nccc(N4CCOCC4)n3)cn2)cc(OC)c1O,1,IC50,6.24,1,CHEMBL568156
Oc1cccc(-c2nc(N3CCOCC3)c3ncn(C4CCNCC4)c3n2)c1,1,IC50,6.06,2,CHEMBL593768
Oc1cccc(-c2nc(N3CCOCC3)c3ncn(C4CCN(Cc5ccccc5)CC4)c3n2)c1,1,IC50,6.85,2,CHEMBL596533
Oc1cccc(-c2nc(N3CCOCC3)c3ncn(C4CCN(Cc5cccnc5)CC4)c3n2)c1,1,IC50,6.77,1,CHEMBL593063
Oc1cccc(-c2nc(N3CCOCC3)c3ncn(C4CCN(Cc5ccc(N6CCOCC6)nc5)CC4)c3n2)c1,1,IC50,6.82,1,CHEMBL595507
Oc1cccc(-c2nc(N3CCOCC3)c3ncn(C4CCN(Cc5cncc(Cl)c5)CC4)c3n2)c1,1,IC50,6.7,1,CHEMBL593064
COc1ccc(CN2CCC(n3cnc4c(N5CCOCC5)nc(-c5cccc(O)c5)nc43)CC2)cn1,1,IC50,7.29,1,CHEMBL591807
OCc1cccc(-c2nc(N3CCOCC3)c3ncn(C4CCN(Cc5ccccc5)CC4)c3n2)c1,1,IC50,6.2,4,CHEMBL589142
OCc1cccc(-c2nc(N3CCOCC3)c3ncn(C4CCN(Cc5ccccn5)CC4)c3n2)c1,1,IC50,6.51,1,CHEMBL591337
OCc1cccc(-c2nc(N3CCOCC3)c3ncn(C4CCN(Cc5ccccc5F)CC4)c3n2)c1,1,IC50,6.8,1,CHEMBL604988
OCc1cccc(-c2nc(N3CCOCC3)c3ncn(C4CCN(Cc5ccc(-c6ccncc6)cc5)CC4)c3n2)c1,1,IC50,6.14,1,CHEMBL583228
Oc1cncc(-c2nc(N3CCOCC3)c3nc[nH]c3n2)c1,1,IC50,6.21,1,CHEMBL590386
Oc1cncc(-c2nc(N3CCOCC3)c3ncn(C4CCNCC4)c3n2)c1,1,IC50,6.01,1,CHEMBL590619
Oc1cncc(-c2nc(N3CCOCC3)c3ncn(C4CCN(Cc5ccc(Cl)cc5)CC4)c3n2)c1,1,IC50,6.8,1,CHEMBL590620
Cc1ccc(CN2CCC(n3cnc4c(N5CCOCC5)nc(-c5cncc(O)c5)nc43)CC2)cc1,1,IC50,6.23,1,CHEMBL604247
Oc1cncc(-c2nc(N3CCOCC3)c3ncn(C4CCN(Cc5ccc(F)nc5)CC4)c3n2)c1,1,IC50,6.24,1,CHEMBL592522
Oc1cccc(-c2nc(N3CCOCC3)c3sccc3n2)c1,1,IC50,7.31,1,CHEMBL510164
Nc1ncc(-c2nc(N3CCOCC3)c3sccc3n2)cn1,1,IC50,7.21,2,CHEMBL594844
Oc1cccc(-c2nc(N3CC4CCC(C3)O4)c3sccc3n2)c1,1,IC50,7.24,1,CHEMBL593156
Nc1ncc(-c2nc(N3CC4CCC(C3)O4)c3sccc3n2)cn1,1,IC50,7.24,1,CHEMBL603212
Oc1ccc(-c2nc(N3CC4CCC(C3)O4)c3sccc3n2)cc1,1,IC50,7.5,1,CHEMBL595288
Nc1ccc(-c2nc(N3CC4CCC(C3)O4)c3sccc3n2)cn1,1,IC50,7.46,1,CHEMBL595743
Nc1ccc(-c2nc(N3CC4CCC(C3)O4)c3sccc3n2)cc1,1,IC50,7.0,1,CHEMBL594350
c1cc2cc(-c3nc(N4CC5CCC(C4)O5)c4sccc4n3)ccc2[nH]1,1,IC50,7.66,1,CHEMBL593186
CC(=O)Nc1ccc(-c2nc(N3CC4CCC(C3)O4)c3sccc3n2)cc1,1,IC50,7.58,1,CHEMBL596430
COC(=O)Nc1ccc(-c2nc(N3CC4CCC(C3)O4)c3sccc3n2)cc1,1,IC50,7.96,1,CHEMBL605915
CNC(=O)Nc1ccc(-c2nc(N3CC4CCC(C3)O4)c3sccc3n2)cc1,1,IC50,9.05,1,CHEMBL606131
CCNC(=O)Nc1ccc(-c2nc(N3CC4CCC(C3)O4)c3sccc3n2)cc1,1,IC50,9.15,1,CHEMBL595053
O=C(NCCF)Nc1ccc(-c2nc(N3CC4CCC(C3)O4)c3sccc3n2)cc1,1,IC50,9.15,1,CHEMBL595287
O=C(NCCO)Nc1ccc(-c2nc(N3CC4CCC(C3)O4)c3sccc3n2)cc1,1,IC50,9.47,1,CHEMBL593157
O=C(Nc1ccc(-c2nc(N3CC4CCC(C3)O4)c3sccc3n2)cc1)NC1CC1,1,IC50,9.17,1,CHEMBL594793
O=C(Nc1ccccc1)Nc1ccc(-c2nc(N3CC4CCC(C3)O4)c3sccc3n2)cc1,1,IC50,8.9,1,CHEMBL594571
O=C(Nc1ccc(-c2nc(N3CC4CCC(C3)O4)c3sccc3n2)cc1)Nc1cccnc1,1,IC50,9.54,1,CHEMBL595256
O=C(Nc1ccncc1)Nc1ccc(-c2nc(N3CC4CCC(C3)O4)c3sccc3n2)cc1,1,IC50,9.36,1,CHEMBL592917
CNC(=O)Nc1ccc(-c2nc(N3CC4CCC(C3)O4)c3sc(CN4CCN(C)CC4)cc3n2)cc1,1,IC50,7.7,1,CHEMBL605529
CNC(=O)Nc1ccc(-c2nc(N3CC4CCC(C3)O4)c3sc(CN4CCN(S(C)(=O)=O)CC4)cc3n2)cc1,1,IC50,8.85,1,CHEMBL604167
CN1CCN(Cc2cc3nc(-c4ccc(NC(=O)NC5CC5)cc4)nc(N4CC5CCC(C4)O5)c3s2)CC1,1,IC50,7.8,1,CHEMBL596426
CS(=O)(=O)N1CCN(Cc2cc3nc(-c4ccc(NC(=O)NC5CC5)cc4)nc(N4CC5CCC(C4)O5)c3s2)CC1,1,IC50,9.0,1,CHEMBL594244
CN1CCN(Cc2cc3nc(-c4ccc(NC(=O)Nc5cccnc5)cc4)nc(N4CC5CCC(C4)O5)c3s2)CC1,1,IC50,8.33,1,CHEMBL594606
CS(=O)(=O)N1CCN(Cc2cc3nc(-c4ccc(NC(=O)Nc5cccnc5)cc4)nc(N4CC5CCC(C4)O5)c3s2)CC1,1,IC50,9.22,1,CHEMBL594549
CN1CCN(Cc2cc3nc(-c4ccc(NC(=O)Nc5ccncc5)cc4)nc(N4CC5CCC(C4)O5)c3s2)CC1,1,IC50,8.43,1,CHEMBL594173
CS(=O)(=O)N1CCN(Cc2cc3nc(-c4ccc(NC(=O)Nc5ccncc5)cc4)nc(N4CC5CCC(C4)O5)c3s2)CC1,1,IC50,9.35,1,CHEMBL594431
CNC(=O)Nc1ccc(-c2nc(C3=CCOCC3)c3cnn(CC(F)(F)F)c3n2)cc1,1,IC50,8.7,1,CHEMBL589858
O=C(NCCF)Nc1ccc(-c2nc(C3=CCOCC3)c3cnn(CC(F)(F)F)c3n2)cc1,1,IC50,9.0,1,CHEMBL590104
O=C(Nc1ccc(-c2nc(C3=CCOCC3)c3cnn(CC(F)(F)F)c3n2)cc1)Nc1cccnc1,1,IC50,9.0,2,CHEMBL590105
Oc1cccc(-c2nc(C3=CCOCC3)c3cnn(-c4ccccc4)c3n2)c1,1,IC50,7.75,1,CHEMBL601054
Oc1cccc(-c2nc(C3CCOCC3)c3cnn(-c4ccccc4)c3n2)c1,1,IC50,6.3,1,CHEMBL590355
CCNC(=O)Nc1ccc(-c2nc(C3=CCOCC3)c3sccc3n2)cc1,1,IC50,8.48,1,CHEMBL600447
O=C(NCCF)Nc1ccc(-c2nc(C3=CCOCC3)c3sccc3n2)cc1,1,IC50,8.6,1,CHEMBL590356
O=C(Nc1ccccc1)Nc1ccc(-c2nc(C3=CCOCC3)c3sccc3n2)cc1,1,IC50,8.14,1,CHEMBL589622
O=C(Nc1ccc(-c2nc(C3=CCOCC3)c3sccc3n2)cc1)Nc1cccnc1,1,IC50,8.96,1,CHEMBL601895
O=C(Nc1ccncc1)Nc1ccc(-c2nc(C3=CCOCC3)c3sccc3n2)cc1,1,IC50,8.74,1,CHEMBL601689
Oc1ccc(-c2nc(N3CCOCC3)c3nc[nH]c3n2)cc1,1,IC50,6.35,1,CHEMBL592263
c1cc2ccc(-c3nc(N4CCOCC4)c4nc[nH]c4n3)cc2[nH]1,1,IC50,6.82,1,CHEMBL611630
OCc1cccc(-c2nc(N3CCOCC3)c3ncn(CC4CCN(Cc5ccccc5)CC4)c3n2)c1,0,IC50,4.98,1,CHEMBL592747
Oc1cccc(-c2nc(N3CCOCC3)c3ncn(CC4CCN(Cc5ccccc5)CC4)c3n2)c1,1,IC50,6.22,1,CHEMBL590112
OCc1cccc(-c2nc(N3CCOCC3)c3cnn(C4CCN(Cc5ccccc5)CC4)c3n2)c1,1,IC50,7.05,1,CHEMBL603848
OCc1cccc(-c2nc(N3CCOCC3)c3ccn(C4CCNCC4)c3n2)c1,1,IC50,6.54,1,CHEMBL595746
CNC(=O)Nc1ccc(-c2nc(N3CC4CCC(C3)O4)c3cnn(C4CCN(C(=O)OC(C)C)CC4)c3n2)cc1,1,IC50,9.72,1,CHEMBL606423
CNC(=O)Nc1ccc(-c2nc(N3CC4CCC(C3)O4)c3cnn(C4CCN(C(=O)OC(C)(C)C)CC4)c3n2)cc1,1,IC50,9.59,1,CHEMBL600084
CNC(=O)Nc1ccc(-c2nc(N3CC4CCC(C3)O4)c3cnn(C)c3n2)cc1,1,IC50,8.87,1,CHEMBL601864
CCn1ncc2c(N3CC4CCC(C3)O4)nc(-c3ccc(NC(=O)NC)cc3)nc21,1,IC50,9.13,1,CHEMBL600811
CNC(=O)Nc1ccc(-c2nc(N3CC4CCC(C3)O4)c3cnn(C(C)C)c3n2)cc1,1,IC50,9.92,1,CHEMBL604123
CNC(=O)Nc1ccc(-c2nc(N3CC4CCC(C3)O4)c3cnn(CCO)c3n2)cc1,1,IC50,8.54,1,CHEMBL602682
CNC(=O)Nc1ccc(-c2nc(N3CC4CCC(C3)O4)c3cnn(CCN(C)C)c3n2)cc1,1,IC50,7.84,1,CHEMBL602884
CNC(=O)Nc1ccc(-c2nc(N3CC4CCC(C3)O4)c3cnn(C4CCC(=O)CC4)c3n2)cc1,1,IC50,9.66,1,CHEMBL603498
CNC(=O)Nc1ccc(-c2nc(N3CC4CCC(C3)O4)c3cnn([C@H]4CC[C@H](O)CC4)c3n2)cc1,1,IC50,9.62,1,CHEMBL610630
CNC(=O)Nc1ccc(-c2nc(N3CC4CCC(C3)O4)c3cnn([C@H]4CC[C@@H](O)CC4)c3n2)cc1,1,IC50,9.52,1,CHEMBL606621
CNC(=O)Nc1ccc(-c2nc(N3CC4CCC(C3)O4)c3cnn([C@H]4CC[C@H](OC)CC4)c3n2)cc1,1,IC50,9.42,1,CHEMBL602276
CNC(=O)Nc1ccc(-c2nc(N3CC4CCC(C3)O4)c3cnn([C@H]4CC[C@@H](OC)CC4)c3n2)cc1,1,IC50,9.48,1,CHEMBL601445
CNC(=O)Nc1ccc(-c2nc(N3CC4CCC(C3)O4)c3cnn(C4CCC(OC)(OC)CC4)c3n2)cc1,1,IC50,9.13,1,CHEMBL601660
CNC(=O)Nc1ccc(-c2nc(N3CC4CCC(C3)O4)c3cnn(C4CCC5(CC4)OCCO5)c3n2)cc1,1,IC50,9.72,4,CHEMBL601661
CNC(=O)Nc1ccc(-c2nc(N3CC4CCC(C3)O4)c3cnn(C4CCC5(CC4)OCCCO5)c3n2)cc1,1,IC50,8.92,1,CHEMBL601876
CCNC(=O)Nc1ccc(-c2nc(N3CC4CCC(C3)O4)c3cnn(C4CCC5(CC4)OCCO5)c3n2)cc1,1,IC50,9.59,1,CHEMBL600825
O=C(NCCF)Nc1ccc(-c2nc(N3CC4CCC(C3)O4)c3cnn(C4CCC5(CC4)OCCO5)c3n2)cc1,1,IC50,9.66,1,CHEMBL601023
O=C(Nc1ccc(-c2nc(N3CC4CCC(C3)O4)c3cnn(C4CCC5(CC4)OCCO5)c3n2)cc1)NC1CC1,1,IC50,9.66,1,CHEMBL600213
O=C(Nc1ccccc1)Nc1ccc(-c2nc(N3CC4CCC(C3)O4)c3cnn(C4CCC5(CC4)OCCO5)c3n2)cc1,1,IC50,9.8,1,CHEMBL600366
O=C(Nc1ccncc1)Nc1ccc(-c2nc(N3CC4CCC(C3)O4)c3cnn(C4CCC5(CC4)OCCO5)c3n2)cc1,1,IC50,9.92,1,CHEMBL600367
O=C(Nc1ccc(-c2nc(N3CC4CCC(C3)O4)c3cnn(C4CCC5(CC4)OCCO5)c3n2)cc1)Nc1cccnc1,1,IC50,9.92,1,CHEMBL600368
O=C(Nc1ccccc1)Nc1ccc(-c2nc(N3CCOCC3)nc(N3CCOCC3)n2)cc1,1,IC50,8.41,1,CHEMBL604908
CCNC(=O)Nc1ccc(-c2nc(N3CCOCC3)nc(N3CCOCC3)n2)cc1,1,IC50,8.0,1,CHEMBL596790
CNC(=O)Nc1ccc(-c2nc(N3CCOCC3)nc(N3CCOCC3)n2)cc1,1,IC50,7.95,1,CHEMBL596994
O=C(Nc1ccc(F)cc1)Nc1ccc(-c2nc(N3CCOCC3)nc(N3CCOCC3)n2)cc1,1,IC50,8.41,1,CHEMBL599246
Cc1ccc(NC(=O)Nc2ccc(-c3nc(N4CCOCC4)nc(N4CCOCC4)n3)cc2)cc1,1,IC50,8.2,1,CHEMBL597814
O=C(Nc1ccc(Cl)cc1)Nc1ccc(-c2nc(N3CCOCC3)nc(N3CCOCC3)n2)cc1,1,IC50,8.17,1,CHEMBL604303
O=C(Nc1ccc(-c2nc(N3CCOCC3)nc(N3CCOCC3)n2)cc1)Nc1ccc(F)cc1F,1,IC50,8.03,1,CHEMBL597815
O=C(Nc1ccc(CO)cc1)Nc1ccc(-c2nc(N3CCOCC3)nc(N3CCOCC3)n2)cc1,1,IC50,8.72,1,CHEMBL597004
O=C(Nc1ccc(CCO)cc1)Nc1ccc(-c2nc(N3CCOCC3)nc(N3CCOCC3)n2)cc1,1,IC50,8.74,1,CHEMBL605121
O=C(Nc1ccc(-c2nc(N3CCOCC3)nc(N3CCOCC3)n2)cc1)Nc1cccs1,1,IC50,8.77,1,CHEMBL599667
O=C(Nc1ccc(-c2nc(N3CCOCC3)nc(N3CCOCC3)n2)cc1)Nc1cccnc1,1,IC50,8.92,1,CHEMBL599668
O=C(Nc1ccncc1)Nc1ccc(-c2nc(N3CCOCC3)nc(N3CCOCC3)n2)cc1,1,IC50,8.92,1,CHEMBL596597
O=C(Nc1ccc(-c2nc(N3CCOCC3)nc(N3CCOCC3)n2)cc1)Nc1ccnnc1,1,IC50,8.64,1,CHEMBL599258
COC(=O)c1ccc(NC(=O)Nc2ccc(-c3nc(N4CCOCC4)nc(N4CCOCC4)n3)cc2)cc1,1,IC50,8.6,1,CHEMBL599259
O=C(Nc1ccc(C(=O)O)cc1)Nc1ccc(-c2nc(N3CCOCC3)nc(N3CCOCC3)n2)cc1,1,IC50,8.82,1,CHEMBL597824
CNC(=O)c1ccc(NC(=O)Nc2ccc(-c3nc(N4CCOCC4)nc(N4CCOCC4)n3)cc2)cc1,1,IC50,9.15,1,CHEMBL597825
CN(C)CCNC(=O)c1ccc(NC(=O)Nc2ccc(-c3nc(N4CCOCC4)nc(N4CCOCC4)n3)cc2)cc1,1,IC50,9.3,1,CHEMBL592615
CN1CCN(C(=O)c2ccc(NC(=O)Nc3ccc(-c4nc(N5CCOCC5)nc(N5CCOCC5)n4)cc3)cc2)CC1,1,IC50,8.85,1,CHEMBL1204014
CN(C)C1CCN(C(=O)c2ccc(NC(=O)Nc3ccc(-c4nc(N5CCOCC5)nc(N5CCOCC5)n4)cc3)cc2)CC1,1,IC50,9.4,10,CHEMBL592445
O=C(Nc1ccc(C(=O)N2CCC(N3CCCC3)CC2)cc1)Nc1ccc(-c2nc(N3CCOCC3)nc(N3CCOCC3)n2)cc1,1,IC50,9.1,1,CHEMBL592461
O=C(Nc1ccc(C(=O)N2CCC(N3CCCCC3)CC2)cc1)Nc1ccc(-c2nc(N3CCOCC3)nc(N3CCOCC3)n2)cc1,1,IC50,9.15,1,CHEMBL592619
O=C(Nc1ccc(-c2nc(N3CCOCC3)nc(N3CCOCC3)n2)cc1)NN1CCCCC1,1,IC50,6.34,1,CHEMBL597012
CN(C)CCN(C)C(=O)c1ccc(NC(=O)Nc2ccc(-c3nc(N4CCOCC4)nc(N4CCOCC4)n3)cc2)cc1,1,IC50,9.22,1,CHEMBL1204015
CCn1nnc2c(N3CCOCC3)nc(-c3ccc(NC(=O)Nc4ccc(C(=O)N5CCN(C)CC5)cc4)cc3)nc21,1,IC50,8.77,4,CHEMBL589258
CCn1nnc2c(N3CCOCC3)nc(-c3ccc(NC(=O)Nc4ccncc4)cc3)nc21,1,IC50,9.2,1,CHEMBL590073
CC(C)n1nnc2c(N3CCOCC3)nc(-c3ccc(NC(=O)Nc4ccncc4)cc3)nc21,1,IC50,9.29,1,CHEMBL590074
O=C(Nc1ccncc1)Nc1ccc(-c2nc(N3CCOCC3)c3nnn(C4CC4)c3n2)cc1,1,IC50,9.08,1,CHEMBL590325
CCn1nnc2c(N3CCOCC3)nc(-c3ccc(NC(=O)Nc4cccnc4)cc3)nc21,1,IC50,9.05,1,CHEMBL589103
CC(C)n1nnc2c(N3CCOCC3)nc(-c3ccc(NC(=O)Nc4cccnc4)cc3)nc21,1,IC50,9.24,1,CHEMBL589345
Cn1nnc2c(N3CCOCC3)nc(-c3ccc(NC(=O)Nc4cccnc4)cc3)nc21,1,IC50,8.53,1,CHEMBL589599
O=C(Nc1ccc(-c2nc(N3CCOCC3)c3nnn(C4CC4)c3n2)cc1)Nc1cccnc1,1,IC50,9.24,1,CHEMBL601462
Cn1nnc2c(N3CCOCC3)nc(-c3ccc(NC(=O)Nc4cccs4)cc3)nc21,1,IC50,8.43,1,CHEMBL589600
CCn1nnc2c(N3CCOCC3)nc(-c3ccc(NC(=O)Nc4cccs4)cc3)nc21,1,IC50,8.52,1,CHEMBL590084
O=C(Nc1ccc(-c2nc(N3CCOCC3)c3nnn(C4CC4)c3n2)cc1)Nc1cccs1,1,IC50,8.52,1,CHEMBL601073
CCn1nnc2c(N3CCOCC3)nc(-c3ccc(NC(=O)Nc4ccnc(C)c4)cc3)nc21,1,IC50,7.68,1,CHEMBL590577
CC(C)n1nnc2c(N3CCOCC3)nc(-c3ccc(NC(=O)Nc4ccc(N(C)C)cc4)cc3)nc21,1,IC50,8.8,1,CHEMBL590578
CC(C)n1nnc2c(N3CCOCC3)nc(-c3ccc(NC(=O)Nc4ccc(CO)cc4)cc3)nc21,1,IC50,9.49,1,CHEMBL600258
CCn1nnc2c(N3CCOCC3)nc(-c3ccc(NC(=O)Nc4ccc(C(N)=O)cc4)cc3)nc21,1,IC50,9.41,1,CHEMBL591759
CC(C)n1nnc2c(N3CCOCC3)nc(-c3ccc(NC(=O)Nc4ccc(C(N)=O)cc4)cc3)nc21,1,IC50,9.51,1,CHEMBL591760
CCn1nnc2c(N3CCOCC3)nc(-c3ccc(NC(=O)Nc4ccc(C(=O)OC)cc4)cc3)nc21,1,IC50,8.59,1,CHEMBL592063
CC(C)n1nnc2c(N3CCOCC3)nc(-c3ccc(NC(=O)Nc4ccc(N5CCOCC5)cc4)cc3)nc21,1,IC50,9.46,1,CHEMBL591761
CCNC(=O)c1ccc(NC(=O)Nc2ccc(-c3nc(N4CCOCC4)c4nnn(CC)c4n3)cc2)cc1,1,IC50,9.25,1,CHEMBL591357
CCn1nnc2c(N3CCOCC3)nc(-c3ccc(NC(=O)Nc4ccc(C(=O)N(C)C)cc4)cc3)nc21,1,IC50,9.12,1,CHEMBL591358
CCCCNC(=O)c1ccc(NC(=O)Nc2ccc(-c3nc(N4CCOCC4)c4nnn(CC)c4n3)cc2)cc1,1,IC50,8.57,1,CHEMBL589412
CCn1nnc2c(N3CCOCC3)nc(-c3ccc(NC(=O)Nc4ccc(C(=O)NCCN(C)C)cc4)cc3)nc21,1,IC50,9.3,1,CHEMBL590587
CCn1nnc2c(N3CCOCC3)nc(-c3ccc(NC(=O)Nc4ccc(C(=O)NCCc5ccccn5)cc4)cc3)nc21,1,IC50,8.92,1,CHEMBL590357
CCn1nnc2c(N3CCOCC3)nc(-c3ccc(NC(=O)Nc4ccc(C(=O)NCCN5CCN(C)CC5)cc4)cc3)nc21,1,IC50,8.96,1,CHEMBL589612
CCn1nnc2c(N3CCOCC3)nc(-c3ccc(NC(=O)Nc4ccc(C(=O)NCCCN(C)C)cc4)cc3)nc21,1,IC50,8.66,1,CHEMBL590594
OCc1cccc(-c2nc(N3CCOCC3)c3nnn(C4CCN(Cc5ccccc5)CC4)c3n2)c1,1,IC50,6.6,1,CHEMBL592064
Nc1ncnc2c1c(-c1cnc3[nH]ccc3c1)nn2C1CCCC1,1,IC50,8.0,4,CHEMBL1081312
CS(=O)(=O)N1CCN(Cc2cc3nc(-c4cnc(N)nc4)nc(N4CCOCC4)c3s2)CC1,1,IC50,7.54,3,CHEMBL1083192
CC(C)(O)c1cc2nc(-c3cccc4[nH]ncc34)nc(N3CCOCC3)c2s1,1,IC50,6.89,1,CHEMBL1083508
CC(C)(O)c1cc2nc(-c3cnc(N)nc3)nc(N3CCOCC3)c2s1,1,IC50,7.52,2,CHEMBL1084926
Cc1nc(N)ncc1-c1nc(N2CCOCC2)c2sc(CN3CCN(S(C)(=O)=O)CC3)cc2n1,1,IC50,6.06,1,CHEMBL1085177
Cc1nc(N)ncc1-c1nc(N2CCOCC2)c2sc(C(C)(C)O)cc2n1,1,IC50,6.12,1,CHEMBL1085178
COc1ccc(-c2ccc3c(N4CCOCC4)nc(N4C[C@@H](C)O[C@@H](C)C4)nc3n2)cc1CO,1,IC50,8.6,6,CHEMBL1078983
CN1CCN(c2ccc(NC(=O)Nc3ccc(-c4nc(N5C6CCC5COC6)nc(N5C6CCC5COC6)n4)cc3)cc2)CC1,1,IC50,9.0,1,CHEMBL1088973
O=C(Nc1ccc(-c2nc(N3C4CCC3COC4)nc(N3C4CCC3COC4)n2)cc1)Nc1ccc(N2CCNCC2)cc1,1,IC50,9.24,1,CHEMBL1092391
CN1CCN(Cc2ccc(NC(=O)Nc3ccc(-c4nc(N5C6CCC5COC6)nc(N5C6CCC5COC6)n4)cc3)cc2)CC1,1,IC50,9.0,1,CHEMBL1092392
CN(C)Cc1ccc(NC(=O)Nc2ccc(-c3nc(N4C5CCC4COC5)nc(N4C5CCC4COC5)n3)cc2)cc1,1,IC50,8.96,1,CHEMBL1092393
CNCc1ccc(NC(=O)Nc2ccc(-c3nc(N4C5CCC4COC5)nc(N4C5CCC4COC5)n3)cc2)cc1,1,IC50,9.05,1,CHEMBL1092394
CN(C)CCOc1ccc(NC(=O)Nc2ccc(-c3nc(N4C5CCC4COC5)nc(N4C5CCC4COC5)n3)cc2)cc1,1,IC50,8.8,1,CHEMBL1092395
CN1CCN(CCOc2ccc(NC(=O)Nc3ccc(-c4nc(N5C6CCC5COC6)nc(N5C6CCC5COC6)n4)cc3)cc2)CC1,1,IC50,9.05,1,CHEMBL1092396
O=C(Nc1ccc(OCCN2CCCC2)cc1)Nc1ccc(-c2nc(N3C4CCC3COC4)nc(N3C4CCC3COC4)n2)cc1,1,IC50,9.1,1,CHEMBL1092397
O=C(Nc1ccc(OCCO)cc1)Nc1ccc(-c2nc(N3C4CCC3COC4)nc(N3C4CCC3COC4)n2)cc1,1,IC50,9.59,1,CHEMBL1092398
O=C(Nc1ccc(CO)cc1)Nc1ccc(-c2nc(N3C4CCC3COC4)nc(N3C4CCC3COC4)n2)cc1,1,IC50,9.74,1,CHEMBL1091596
CN1CCN(c2ccc(NC(=O)Nc3ccc(-c4nc(N5C6CCC5COC6)nc(N5[C@H](CO)CC[C@@H]5CO)n4)cc3)cc2)CC1,1,IC50,9.15,1,CHEMBL1091344
CC(C)Nc1nc(-c2ccc(NC(=O)Nc3ccc(N4CCN(C)CC4)cc3)cc2)nc(N2C3CCC2COC3)n1,1,IC50,8.27,1,CHEMBL1091345
CC(C)N(C)c1nc(-c2ccc(NC(=O)Nc3ccc(N4CCN(C)CC4)cc3)cc2)nc(N2C3CCC2COC3)n1,1,IC50,8.18,1,CHEMBL1091346
CN1CCN(c2ccc(NC(=O)Nc3ccc(-c4nc(N5CCSCC5)nc(N5C6CCC5COC6)n4)cc3)cc2)CC1,1,IC50,8.06,1,CHEMBL1091347
C[C@@H]1COCCN1c1nc(-c2ccc(NC(=O)Nc3ccc(N4CCN(C)CC4)cc3)cc2)nc(N2C3CCC2COC3)n1,1,IC50,8.92,1,CHEMBL1091348
CN1CCN(c2ccc(NC(=O)Nc3ccc(-c4nc(C5=CCOCC5)nc(N5C6CCC5COC6)n4)cc3)cc2)CC1,1,IC50,9.15,1,CHEMBL1091349
CN1CCN(c2ccc(NC(=O)Nc3ccc(-c4nc(C5CCOCC5)nc(N5C6CCC5COC6)n4)cc3)cc2)CC1,1,IC50,9.28,1,CHEMBL1091350
O=C(Nc1ccc(-c2nc(C3CCOCC3)nc(N3C4CCC3COC4)n2)cc1)Nc1ccc(N2CCNCC2)cc1,1,IC50,9.27,1,CHEMBL1091351
CCN1CCN(c2ccc(NC(=O)Nc3ccc(-c4nc(C5CCOCC5)nc(N5C6CCC5COC6)n4)cc3)cc2)CC1,1,IC50,9.25,1,CHEMBL1091352
CC(C)N1CCN(c2ccc(NC(=O)Nc3ccc(-c4nc(C5CCOCC5)nc(N5C6CCC5COC6)n4)cc3)cc2)CC1,1,IC50,9.06,1,CHEMBL1091353
CN(C)C1CCN(c2ccc(NC(=O)Nc3ccc(-c4nc(C5CCOCC5)nc(N5C6CCC5COC6)n4)cc3)cc2)CC1,1,IC50,9.25,1,CHEMBL1091354
CN1CCN(C(=O)c2ccc(NC(=O)Nc3ccc(-c4nc(C5CCOCC5)nc(N5C6CCC5COC6)n4)cc3)cc2)CC1,1,IC50,9.09,1,CHEMBL1091355
CC(C)N1CCN(C(=O)c2ccc(NC(=O)Nc3ccc(-c4nc(C5CCOCC5)nc(N5C6CCC5COC6)n4)cc3)cc2)CC1,1,IC50,9.34,1,CHEMBL1091356
CN(C)C1CCN(C(=O)c2ccc(NC(=O)Nc3ccc(-c4nc(C5CCOCC5)nc(N5C6CCC5COC6)n4)cc3)cc2)CC1,1,IC50,9.47,1,CHEMBL1091357
CN(C)CCNC(=O)c1ccc(NC(=O)Nc2ccc(-c3nc(C4CCOCC4)nc(N4C5CCC4COC5)n3)cc2)cc1,1,IC50,9.85,1,CHEMBL1091358
CN(C)CCOc1ccc(NC(=O)Nc2ccc(-c3nc(C4CCOCC4)nc(N4C5CCC4COC5)n3)cc2)cc1,1,IC50,9.15,1,CHEMBL1091359
C[C@@H]1COCCN1c1nc(-c2ccc(NC(=O)Nc3ccc(N4CCNCC4)cc3)cc2)nc(N2C3CCC2COC3)n1,1,IC50,9.4,1,CHEMBL1091360
CCN1CCN(c2ccc(NC(=O)Nc3ccc(-c4nc(N5C6CCC5COC6)nc(N5CCOC[C@H]5C)n4)cc3)cc2)CC1,1,IC50,8.92,1,CHEMBL1076864
CC(C)N1CCN(c2ccc(NC(=O)Nc3ccc(-c4nc(N5C6CCC5COC6)nc(N5CCOC[C@H]5C)n4)cc3)cc2)CC1,1,IC50,8.9,1,CHEMBL1091711
C[C@@H]1COCCN1c1nc(-c2ccc(NC(=O)Nc3ccc(N4CCC(N(C)C)CC4)cc3)cc2)nc(N2C3CCC2COC3)n1,1,IC50,9.05,1,CHEMBL1091712
C[C@@H]1COCCN1c1nc(-c2ccc(NC(=O)Nc3ccc(C(=O)N4CCN(C)CC4)cc3)cc2)nc(N2C3CCC2COC3)n1,1,IC50,9.24,1,CHEMBL1092390
CC(C)N1CCN(C(=O)c2ccc(NC(=O)Nc3ccc(-c4nc(N5C6CCC5COC6)nc(N5CCOC[C@H]5C)n4)cc3)cc2)CC1,1,IC50,9.38,1,CHEMBL1091713
C[C@@H]1COCCN1c1nc(-c2ccc(NC(=O)Nc3ccc(C(=O)N4CCC(N(C)C)CC4)cc3)cc2)nc(N2C3CCC2COC3)n1,1,IC50,9.6,1,CHEMBL1092389
C[C@@H]1COCCN1c1nc(-c2ccc(NC(=O)Nc3ccc(C(=O)NCCN(C)C)cc3)cc2)nc(N2C3CCC2COC3)n1,1,IC50,10.0,1,CHEMBL1091714
C[C@@H]1COCCN1c1nc(-c2ccc(NC(=O)Nc3ccc(OCCN(C)C)cc3)cc2)nc(N2C3CCC2COC3)n1,1,IC50,8.77,1,CHEMBL1091715
O=C(Nc1cccc(-c2ncnc3sc(-c4ccncc4)cc23)c1)c1cccc(C(F)(F)F)c1,0,IC50 (>),5.0,1,CHEMBL1090143
Cn1cc(/C=C2\Oc3ccc(NC(=O)Nc4cccnc4)cc3C2=O)c2c(N3CCC(C(=O)N4CC5CCC(C4)O5)CC3)ccnc21,1,IC50,7.77,1,CHEMBL1091696
Cn1cc(/C=C2\Oc3ccc(NC(=O)Nc4cccnc4)cc3C2=O)c2c(N3CCC(C(=O)N4C5CCC4COC5)CC3)ccnc21,1,IC50,8.27,1,CHEMBL1091697
Cn1cc(/C=C2\Oc3ccc(NC(=O)Nc4cccnc4)cc3C2=O)c2c(N3CCC(C(=O)N4CCOCC4)CC3)ccnc21,1,IC50,7.75,1,CHEMBL1091695
CCN(CC)C(=O)C1CCN(c2ccnc3c2c(/C=C2\Oc4ccc(NC(=O)Nc5cccnc5)cc4C2=O)cn3C)CC1,1,IC50,6.94,1,CHEMBL1091694
CN(C)C(=O)C1CCN(c2ccnc3c2c(/C=C2\Oc4ccc(NC(=O)Nc5cccnc5)cc4C2=O)cn3C)CC1,1,IC50,7.98,1,CHEMBL1091693
Cn1cc(/C=C2\Oc3ccc(NC(=O)Nc4cccnc4)cc3C2=O)c2c(N3C4CCC3COC4)ccnc21,1,IC50,7.38,1,CHEMBL1090710
Cn1cc(/C=C2\Oc3ccc(NC(=O)Nc4cccnc4)cc3C2=O)c2c(N3CC4CCC3CO4)ccnc21,1,IC50,8.12,1,CHEMBL1090709
Cn1cc(/C=C2\Oc3ccc(NC(=O)Nc4cccnc4)cc3C2=O)c2c(N3CCOCC3)ccnc21,1,IC50,7.15,1,CHEMBL1090387
Cn1cc(/C=C2\Oc3ccc(NC(=O)Nc4ccc(N5CCOCC5)nc4)cc3C2=O)c2c(N3CC4CCC(C3)O4)ccnc21,1,IC50,7.54,1,CHEMBL1091316
Cn1cc(/C=C2\Oc3ccc(NC(=O)Nc4cccnc4)cc3C2=O)c2c(N3CC4CCC(C3)O4)ccnc21,1,IC50,7.84,1,CHEMBL1093685
Cn1cc(/C=C2\Oc3ccc(NC(=O)Nc4ccccc4)cc3C2=O)c2c(N3CC4CCC(C3)O4)ccnc21,1,IC50,6.84,1,CHEMBL1093334
CN(C)CCNC(=O)Nc1ccc2c(c1)C(=O)/C(=C/c1cn(C)c3nccc(N4CC5CCC(C4)O5)c13)O2,1,IC50,8.25,1,CHEMBL1092110
CCNC(=O)Nc1ccc2c(c1)C(=O)/C(=C/c1cn(C)c3nccc(N4CC5CCC(C4)O5)c13)O2,1,IC50,7.24,1,CHEMBL1093068
CNC(=O)Nc1ccc2c(c1)C(=O)/C(=C/c1cn(C)c3nccc(N4CC5CCC(C4)O5)c13)O2,1,IC50,8.02,1,CHEMBL1093069
CNC(=O)Nc1ccc2c(c1)C(=O)/C(=C/c1cn(C)c3nccc(-c4ccccc4)c13)O2,1,IC50,7.43,1,CHEMBL1090434
Cn1cc(/C=C2\Oc3cccc(O)c3C2=O)c2c(-c3ccccc3)ccnc21,1,IC50,8.46,2,CHEMBL1090043
CN(C(=O)C1CCN(c2ccnc3c2c(/C=C2\Oc4ccc(NC(=O)Nc5cccnc5)cc4C2=O)cn3C)CC1)c1cccnc1,1,IC50,7.89,1,CHEMBL1091708
CN(Cc1ccccc1)C(=O)C1CCN(c2ccnc3c2c(/C=C2\Oc4ccc(NC(=O)Nc5cccnc5)cc4C2=O)cn3C)CC1,1,IC50,6.99,1,CHEMBL1091707
CN(Cc1ccccn1)C(=O)C1CCN(c2ccnc3c2c(/C=C2\Oc4ccc(NC(=O)Nc5cccnc5)cc4C2=O)cn3C)CC1,1,IC50,8.08,1,CHEMBL1091706
CN(Cc1ccncc1)C(=O)C1CCN(c2ccnc3c2c(/C=C2\Oc4ccc(NC(=O)Nc5cccnc5)cc4C2=O)cn3C)CC1,1,IC50,8.03,1,CHEMBL1091705
CN(Cc1cccnc1)C(=O)C1CCN(c2ccnc3c2c(/C=C2\Oc4ccc(NC(=O)Nc5cccnc5)cc4C2=O)cn3C)CC1,1,IC50,7.96,1,CHEMBL1091704
Cn1cc(/C=C2\Oc3ccc(NC(=O)Nc4cccnc4)cc3C2=O)c2c(N3CCC(C(=O)NCc4cccnc4)CC3)ccnc21,1,IC50,8.05,1,CHEMBL1091703
CN(C)C1CCN(C(=O)C2CCN(c3ccnc4c3c(/C=C3\Oc5ccc(NC(=O)Nc6cccnc6)cc5C3=O)cn4C)CC2)C1,1,IC50,7.96,1,CHEMBL1091701
COC1CCN(C(=O)C2CCN(c3ccnc4c3c(/C=C3\Oc5ccc(NC(=O)Nc6cccnc6)cc5C3=O)cn4C)CC2)C1,1,IC50,8.09,1,CHEMBL1091702
Cn1cc(/C=C2\Oc3ccc(NC(=O)Nc4cccnc4)cc3C2=O)c2c(N3CCC(C(=O)N4CCCCC4)CC3)ccnc21,1,IC50,7.32,1,CHEMBL1091700
Cn1cc(/C=C2\Oc3ccc(NC(=O)Nc4cccnc4)cc3C2=O)c2c(N3CCC(C(=O)N4CCCC4)CC3)ccnc21,1,IC50,8.09,1,CHEMBL1091699
CN1CCN(C(=O)C2CCN(c3ccnc4c3c(/C=C3\Oc5ccc(NC(=O)Nc6cccnc6)cc5C3=O)cn4C)CC2)CC1,1,IC50,7.16,1,CHEMBL1091698
Cn1cc(/C=C2\Oc3cc(O)cc(O)c3C2=O)c2ccccc21,1,IC50,6.1,2,CHEMBL1091070
Cn1cc(/C=C2\Oc3cc(O)cc(O)c3C2=O)c2c(-c3ccccc3)cccc21,1,IC50,7.48,1,CHEMBL1091071
Cn1cc(/C=C2\Oc3cc(O)cc(O)c3C2=O)c2cccnc21,1,IC50,7.38,1,CHEMBL1091455
Cn1cc(/C=C2\Oc3cc(O)cc(O)c3C2=O)c2c(-c3ccccc3)ccnc21,1,IC50,9.34,1,CHEMBL1091456
Cn1cc(/C=C2\Oc3cc(O)ccc3C2=O)c2c(-c3ccccc3)ccnc21,1,IC50,7.72,1,CHEMBL1092814
CN(C)C(=O)c1ccc(-c2ccnc3c2c(/C=C2\Oc4cccc(O)c4C2=O)cn3C)cc1,1,IC50,9.26,1,CHEMBL1092815
CN(C)C(=O)C1CCN(c2ccnc3c2c(/C=C2\Oc4cccc(O)c4C2=O)cn3C)CC1,1,IC50,9.17,1,CHEMBL1091491
Cn1cc(/C=C2\Oc3cccc(O)c3C2=O)c2c(-c3ccc(C(=O)N4CCOCC4)cc3)ccnc21,1,IC50,9.3,1,CHEMBL1091492
Cn1cc(/C=C2\Oc3cccc(O)c3C2=O)c2c(N3CCC(C(=O)N4CCOCC4)CC3)ccnc21,1,IC50,8.85,1,CHEMBL1092119
Cn1cc(/C=C2\Oc3cccc(O)c3C2=O)c2c(-c3ccc(C(=O)N4CC5CCC(C4)O5)cc3)ccnc21,1,IC50,9.25,1,CHEMBL1092120
Cn1cc(/C=C2\Oc3cccc(O)c3C2=O)c2c(N3CCC(C(=O)N4CC5CCC(C4)O5)CC3)ccnc21,1,IC50,8.7,1,CHEMBL1090388
CN1CCN(C(=O)c2ccc(-c3ccnc4c3c(/C=C3\Oc5cccc(O)c5C3=O)cn4C)cc2)CC1,1,IC50,9.0,1,CHEMBL1092485
CN1CCN(C(=O)C2CCN(c3ccnc4c3c(/C=C3\Oc5cccc(O)c5C3=O)cn4C)CC2)CC1,1,IC50,8.51,1,CHEMBL1092486
Cn1cc(/C=C2\Oc3cccc(O)c3C2=O)c2c(-c3ccc(C(=O)N4CCN(CCO)CC4)cc3)ccnc21,1,IC50,9.41,1,CHEMBL1092781
Cn1cc(/C=C2\Oc3cccc(O)c3C2=O)c2c(N3CCC(C(=O)N4CCN(CCO)CC4)CC3)ccnc21,1,IC50,8.73,1,CHEMBL1093754
CCn1cc(/C=C2\Oc3cccc(O)c3C2=O)c2c(-c3ccc(C(=O)N4CCN(CCO)CC4)cc3)ccnc21,1,IC50,8.34,1,CHEMBL1088745
CN(C)C(=O)c1cccc(-c2ccnc3c2c(/C=C2\Oc4cccc(O)c4C2=O)cn3C)c1,1,IC50,7.75,1,CHEMBL1088746
CN(C)C(=O)c1ccccc1-c1ccnc2c1c(/C=C1\Oc3cccc(O)c3C1=O)cn2C,1,IC50,6.75,1,CHEMBL1092818
Cn1cc(/C=C2\Oc3cccc(O)c3C2=O)c2c(N3CCC(C(N)=O)CC3)ccnc21,1,IC50,9.14,1,CHEMBL1094015
Cn1cc(/C=C2\Oc3cccc(O)c3C2=O)c2c(N3CCC(CN)CC3)ccnc21,1,IC50,7.77,1,CHEMBL1094016
Cn1cc(/C=C2\Oc3cccc(O)c3C2=O)c2c(N3CCC(N)CC3)ccnc21,1,IC50,7.72,1,CHEMBL1092474
Cn1cc(/C=C2\Oc3cccc(O)c3C2=O)c2c(N3CCOCC3)ccnc21,1,IC50,8.66,1,CHEMBL1092768
Cn1cc(/C=C2\Oc3cccc(O)c3C2=O)c2c(N3CC4CCC(C3)O4)ccnc21,1,IC50,9.42,1,CHEMBL1090381
Cn1cc(/C=C2\Oc3cccc(O)c3C2=O)c2c(N3C4CCC3COC4)ccnc21,1,IC50,8.68,1,CHEMBL1090382
CN1CCN(c2ccnc3c2c(/C=C2\Oc4cccc(O)c4C2=O)cn3C)CC1,1,IC50,8.56,1,CHEMBL1090383
CN1CCN(c2ccnc3c2c(/C=C2\Oc4cc(O)cc(O)c4C2=O)cn3C)CC1,1,IC50,9.03,1,CHEMBL1094017
Oc1cccc(-c2nc(N3CCOCC3)c3[nH]ccc3n2)c1,1,IC50,6.45,1,CHEMBL1092555
Nc1cccc(-c2nc(N3CCOCC3)c3[nH]ccc3n2)c1,1,IC50,6.37,1,CHEMBL1092556
CN(C)Cc1c[nH]c2c(N3CCOCC3)nc(-c3cccc(CO)c3)nc12,1,IC50,6.97,1,CHEMBL1088789
OCc1cccc(-c2nc(N3CCOCC3)c3cc[nH]c3n2)c1,1,IC50,6.69,1,CHEMBL1088833
Oc1cccc(-c2nc(N3CCOCC3)c3cc[nH]c3n2)c1,1,IC50,7.19,1,CHEMBL1089818
CN(C)CCn1ccc2c(N3CCOCC3)nc(-c3ccc(NC(=O)Nc4ccccn4)cc3)nc21,1,IC50,8.15,1,CHEMBL1092546
CN(C)CCn1ccc2c(N3CCOCC3)nc(-c3ccc(NC(=O)Nc4cccnc4)cc3)nc21,1,IC50,8.52,1,CHEMBL1092547
CN(C)CCn1ccc2c(N3CCOCC3)nc(-c3ccc(NC(=O)Nc4ccncc4)cc3)nc21,1,IC50,8.7,1,CHEMBL1092841
CN(C)CCn1ccc2c(N3CCOCC3)nc(-c3ccc(NC(=O)Nc4ccc(F)cc4)cc3)nc21,1,IC50,8.1,1,CHEMBL1091158
CCNC(=O)Nc1ccc(-c2nc(N3CCOCC3)c3ccn(CCN(C)C)c3n2)cc1,1,IC50,7.52,1,CHEMBL1091159
CNC(=O)Nc1ccc(-c2nc(N3CCOCC3)c3ccn(CCN(C)C)c3n2)cc1,1,IC50,7.48,1,CHEMBL1089140
O=C(Nc1ccncc1)Nc1ccc(-c2nc(N3CCOCC3)c3cc[nH]c3n2)cc1,1,IC50,9.0,1,CHEMBL1089141
O=C(Nc1ccncc1)Nc1ccc(-c2nc(N3CCOCC3)c3ccn(CC(F)(F)F)c3n2)cc1,1,IC50,9.0,1,CHEMBL1090780
COC(Cn1ccc2c(N3CCOCC3)nc(-c3ccc(NC(=O)Nc4ccncc4)cc3)nc21)OC,1,IC50,9.0,1,CHEMBL1090781
O=CCn1ccc2c(N3CCOCC3)nc(-c3ccc(NC(=O)Nc4ccncc4)cc3)nc21,1,IC50,8.52,1,CHEMBL1091130
O=C(Nc1ccncc1)Nc1ccc(-c2nc(N3CCOCC3)c3ccn(CCN4CCCC4)c3n2)cc1,1,IC50,8.15,1,CHEMBL1089428
O=C(Nc1ccncc1)Nc1ccc(-c2nc(N3CCOCC3)c3ccn(CCN4CCCCC4)c3n2)cc1,1,IC50,7.28,1,CHEMBL1090573
CN(C)CCNCCn1ccc2c(N3CCOCC3)nc(-c3ccc(NC(=O)Nc4ccncc4)cc3)nc21,1,IC50,7.96,1,CHEMBL1090574
CN1CCN(CCn2ccc3c(N4CCOCC4)nc(-c4ccc(NC(=O)Nc5ccncc5)cc4)nc32)CC1,1,IC50,7.62,1,CHEMBL1091962
O=C(Nc1ccncc1)Nc1ccc(-c2nc(N3CCOCC3)c3ccn(CCN4CCNCC4)c3n2)cc1,1,IC50,7.85,1,CHEMBL1092280
O=C(Nc1ccncc1)Nc1ccc(-c2nc(N3CCOCC3)c3ccn(CCO)c3n2)cc1,1,IC50,8.7,1,CHEMBL1092071
CN(C)CCN(C)C(=O)c1ccc(NC(=O)Nc2ccc(-c3nc(N4CCOCC4)c4ccn(CC(F)(F)F)c4n3)cc2)cc1,1,IC50,9.22,1,CHEMBL1092072
CN(C)CCNC(=O)c1ccc(NC(=O)Nc2ccc(-c3nc(N4CCOCC4)c4ccn(CC(F)(F)F)c4n3)cc2)cc1,1,IC50,9.4,1,CHEMBL1092073
CN1CCN(C(=O)c2ccc(NC(=O)Nc3ccc(-c4nc(N5CCOCC5)c5ccn(CC(F)(F)F)c5n4)cc3)cc2)CC1,1,IC50,8.77,1,CHEMBL1092074
CN(C)C1CCN(C(=O)c2ccc(NC(=O)Nc3ccc(-c4nc(N5CCOCC5)c5ccn(CC(F)(F)F)c5n4)cc3)cc2)CC1,1,IC50,8.77,1,CHEMBL1092401
CCn1ccc2c(N3CCOCC3)nc(-c3ccc(NC(=O)Nc4ccc(C(=O)NCCN(C)C)cc4)cc3)nc21,1,IC50,9.3,1,CHEMBL1092402
CCn1ccc2c(N3CCOCC3)nc(-c3ccc(NC(=O)Nc4ccc(C(=O)N5CCN(C)CC5)cc4)cc3)nc21,1,IC50,8.85,1,CHEMBL1092403
CCn1ccc2c(N3CCOCC3)nc(-c3ccc(NC(=O)Nc4ccc(C(=O)N5CCNCC5)cc4)cc3)nc21,1,IC50,9.05,1,CHEMBL1092404
COc1ccc2c(c1)c(/C=C1\Oc3cc(O)cc(O)c3C1=O)c(C)n2CCCN1CCN(CCO)CC1,1,IC50,6.97,1,CHEMBL1093449
COc1ccc2c(c1)c(/C=C1\Oc3cc(O)cc(O)c3C1=O)c(C)n2CCCN1CCN(C)CC1,1,IC50,6.82,1,CHEMBL1093448
COc1ccc2c(c1)c(/C=C1\Oc3cc(O)cc(O)c3C1=O)c(C)n2CCCN1CCOCC1,1,IC50,7.75,1,CHEMBL1092189
COc1ccc2c(c1)c(/C=C1\Oc3cc(O)cc(O)c3C1=O)c(C)n2CCCN(C)C,1,IC50,6.93,1,CHEMBL1091855
COc1ccc2c(c1)c(/C=C1\Oc3cc(O)cc(O)c3C1=O)cn2CCCN1CCOCC1,1,IC50,6.37,1,CHEMBL1093437
COc1ccc2c(c1)c(/C=C1\Oc3cc(O)cc(O)c3C1=O)c(C)n2CCN1CCN(CCCO)CC1,1,IC50,8.15,1,CHEMBL1090505
COc1ccc2c(c1)c(/C=C1\Oc3cc(O)cc(O)c3C1=O)c(C)n2CCN1CCN(C)CC1,1,IC50,7.96,1,CHEMBL1090153
COc1ccc2c(c1)c(/C=C1\Oc3cc(O)cc(O)c3C1=O)c(C)n2CCN1CCOCC1,1,IC50,8.05,1,CHEMBL1089823
COc1ccc2c(c1)c(/C=C1\Oc3cc(O)cc(O)c3C1=O)c(C)n2CCN(C)C,1,IC50,7.75,1,CHEMBL1090478
COc1ccc2c(c1)c(/C=C1\Oc3cc(O)cc(O)c3C1=O)cn2CCN1CCN(CCCO)CC1,1,IC50,6.67,1,CHEMBL1090131
Cn1c(-c2ccccc2)c(/C=C2\Oc3cc(O)cc(O)c3C2=O)c2ccccc21,1,IC50,7.02,1,CHEMBL1090130
COc1ccc2c(c1)c(/C=C1\Oc3cc(O)cc(O)c3C1=O)c(C)n2C,1,IC50,8.4,1,CHEMBL1089653
COc1ccc2c(c1)c(/C=C1\Oc3cc(O)cc(O)c3C1=O)cn2C,1,IC50,7.21,1,CHEMBL1093446
COc1ccc2[nH]c(-c3cccnc3)c(/C=C3\Oc4cc(O)cc(O)c4C3=O)c2c1,1,IC50,9.0,1,CHEMBL1093445
COc1ccc2[nH]c(-c3ccccc3)c(/C=C3\Oc4cc(O)cc(O)c4C3=O)c2c1,1,IC50,8.0,1,CHEMBL1090115
O=C1/C(=C/c2c(-c3ccc4ccccc4c3)[nH]c3ccccc23)Oc2cc(O)cc(O)c21,1,IC50,6.55,1,CHEMBL1089784
O=C1/C(=C/c2c(-c3ccc(Cl)cc3)[nH]c3ccccc23)Oc2cc(O)cc(O)c21,1,IC50,6.72,1,CHEMBL1091864
O=C1/C(=C/c2c(-c3ccc(F)cc3)[nH]c3ccccc23)Oc2cc(O)cc(O)c21,1,IC50,6.91,1,CHEMBL1089424
O=C1/C(=C/c2c(-c3ccccn3)[nH]c3ccccc23)Oc2cc(O)cc(O)c21,1,IC50,7.66,1,CHEMBL1089423
O=C1/C(=C/c2c(-c3ccccc3)[nH]c3ccccc23)Oc2cc(O)cc(O)c21,1,IC50,6.89,1,CHEMBL1089422
COc1ccc2[nH]c(C)c(/C=C3\Oc4cc(O)cc(O)c4C3=O)c2c1,1,IC50,8.52,1,CHEMBL1088835
Cc1[nH]c2ccc(Br)cc2c1/C=C1\Oc2cc(O)cc(O)c2C1=O,1,IC50,6.72,1,CHEMBL1088834
Cc1[nH]c2ccccc2c1/C=C1\Oc2cc(O)cc(O)c2C1=O,1,IC50,6.3,1,CHEMBL1091884
COc1ccc2[nH]cc(/C=C3\Oc4cc(O)cc(O)c4C3=O)c2c1,1,IC50,6.58,1,CHEMBL1091882
O=C1/C(=C/c2c[nH]c3ccc(Cl)cc23)Oc2cc(O)cc(O)c21,0,IC50,4.96,1,CHEMBL1091534
O=C(Nc1cccc(-c2ccnc3cc(-c4ccncc4)nn23)c1)c1cccc(C(F)(F)F)c1,0,IC50 (>),4.3,1,CHEMBL1089082
CC(C)(C)OC(=O)N1CCC(n2ncc3c(N4CCOCC4)nc(-c4ccc(N)cc4)nc32)CC1,1,IC50,9.4,1,CHEMBL1095627
COC(=O)N1CCC(n2ncc3c(N4CCOCC4)nc(-c4ccc(N)cc4)nc32)CC1,1,IC50,8.34,1,CHEMBL1095626
COC(=O)N1CCC(n2ncc3c(N4CCOCC4)nc(-c4ccc(NC(=O)Nc5ccc(CCO)cc5)cc4)nc32)CC1,1,IC50,10.0,1,CHEMBL1098245
CNC(=O)Nc1ccc(-c2nc(N3CCOCC3)c3cnn(C4CCN(C(=O)OC(C)C)CC4)c3n2)cc1,1,IC50,9.7,1,CHEMBL1095932
CC(C)OC(=O)N1CCC(n2ncc3c(N4CCOCC4)nc(-c4ccc(NC(=O)NCCF)cc4)nc32)CC1,1,IC50,9.52,1,CHEMBL1094981
O=C(NCCO)Nc1ccc(-c2nc(N3CCOCC3)c3cnn(C4CCN(Cc5ccccc5)CC4)c3n2)cc1,1,IC50,9.52,1,CHEMBL1097896
COC(=O)N1CCC(n2ncc3c(N4CCOCC4)nc(-c4ccc(NC(=O)Nc5ccccc5)cc4)nc32)CC1,1,IC50,9.52,1,CHEMBL1098244
CC(C)OC(=O)N1CCC(n2ncc3c(N4CCOCC4)nc(-c4ccc(NC(=O)NC5CC5)cc4)nc32)CC1,1,IC50,9.3,1,CHEMBL1097942
CC(C)(C)OC(=O)N1CCC(n2ncc3c(N4CCOCC4)nc(-c4ccc(NC(=O)NCCF)cc4)nc32)CC1,1,IC50,9.3,1,CHEMBL1098242
COC(=O)N1CCC(n2ncc3c(N4CCOCC4)nc(-c4ccc(NC(=O)Nc5ccc(CCN6CCOCC6)cc5)cc4)nc32)CC1,1,IC50,9.22,1,CHEMBL1098248
CC(C)(C)OC(=O)N1CCC(n2ncc3c(N4CCOCC4)nc(-c4ccc(NC(=O)NC5CC5)cc4)nc32)CC1,1,IC50,9.22,1,CHEMBL1098243
O=C(Nc1ccc(-c2nc(N3CCOCC3)c3cnn(C4CCN(Cc5ccccc5)CC4)c3n2)cc1)Nc1ncc[nH]1,1,IC50,9.15,1,CHEMBL1097902
CNC(=O)Nc1ccc(-c2nc(N3CCOCC3)c3cnn(C4CCN(C(=O)OC(C)(C)C)CC4)c3n2)cc1,1,IC50,9.15,1,CHEMBL1095933
COC(=O)N1CCC(n2ncc3c(N4CCOCC4)nc(-c4ccc(NC(=O)Nc5ccc(CCN6CCCC6)cc5)cc4)nc32)CC1,1,IC50,9.15,1,CHEMBL1098246
COC(=O)N1CCC(n2ncc3c(N4CCOCC4)nc(-c4ccc(NC(=O)Nc5ccc(CCN6CCN(C)CC6)cc5)cc4)nc32)CC1,1,IC50,9.1,1,CHEMBL1098247
O=C(Nc1ccc(-c2nc(N3CCOCC3)c3cnn(C4CCN(Cc5ccccc5)CC4)c3n2)cc1)Nc1cccnc1,1,IC50,9.1,1,CHEMBL1097901
CCNC(=O)Nc1ccc(-c2nc(N3CCOCC3)c3cnn(C4CCN(Cc5ccccc5)CC4)c3n2)cc1,1,IC50,9.1,1,CHEMBL1098306
O=C(NCCF)Nc1ccc(-c2nc(N3CCOCC3)c3cnn(C4CCN(Cc5ccccc5)CC4)c3n2)cc1,1,IC50,8.85,1,CHEMBL1097893
O=C(Nc1ccccc1)Nc1ccc(-c2nc(N3CCOCC3)c3cnn(C4CCN(Cc5ccccc5)CC4)c3n2)cc1,1,IC50,8.62,1,CHEMBL1097900
O=C(Nc1ccc(-c2nc(N3CCOCC3)c3cnn(C4CCN(Cc5ccccc5)CC4)c3n2)cc1)NC1CC1,1,IC50,8.59,1,CHEMBL1097895
NC(=O)Nc1ccc(-c2nc(N3CCOCC3)c3cnn(C4CCN(Cc5ccccc5)CC4)c3n2)cc1,1,IC50,8.57,1,CHEMBL1098305
CC(C)NC(=O)Nc1ccc(-c2nc(N3CCOCC3)c3cnn(C4CCN(Cc5ccccc5)CC4)c3n2)cc1,1,IC50,8.32,1,CHEMBL1097894
Nc1ccc(-c2nc(N3CCOCC3)c3cnn(-c4ccccc4)c3n2)cn1,1,IC50,8.02,1,CHEMBL1095618
COC(=O)Nc1ccc(-c2nc(N3CCOCC3)c3cnn(C4CCN(Cc5ccccc5)CC4)c3n2)cc1,1,IC50,7.92,1,CHEMBL1098301
CONC(=O)Nc1ccc(-c2nc(N3CCOCC3)c3cnn(C4CCN(Cc5ccccc5)CC4)c3n2)cc1,1,IC50,7.8,1,CHEMBL1095945
CC(=O)Nc1ccc(-c2nc(N3CCOCC3)c3cnn(-c4ccccc4)c3n2)cc1,1,IC50,7.8,1,CHEMBL1098619
COC(=O)Nc1ccc(-c2nc(N3CCOCC3)c3cnn(-c4ccccc4)c3n2)cc1,1,IC50,7.7,1,CHEMBL1098300
COCCNC(=O)Nc1ccc(-c2nc(N3CCOCC3)c3cnn(C4CCN(Cc5ccccc5)CC4)c3n2)cc1,1,IC50,7.64,1,CHEMBL1097897
CONC(=O)Nc1ccc(-c2nc(N3CCOCC3)c3cnn(C4CCN(Cc5cccnc5)CC4)c3n2)cc1,1,IC50,7.64,1,CHEMBL1095946
c1ccc(-n2ncc3c(N4CCOCC4)nc(-c4ccc5[nH]ccc5c4)nc32)cc1,1,IC50,7.57,1,CHEMBL1097261
CN(C)CCNC(=O)Nc1ccc(-c2nc(N3CCOCC3)c3cnn(C4CCN(Cc5ccccc5)CC4)c3n2)cc1,1,IC50,7.19,1,CHEMBL1097898
Nc1ccc(-c2nc(N3CCOCC3)c3cnn(-c4ccccc4)c3n2)cc1,1,IC50,7.14,1,CHEMBL1097263
CN(C)C(=O)Nc1ccc(-c2nc(N3CCOCC3)c3cnn(C4CCN(Cc5ccccc5)CC4)c3n2)cc1,1,IC50,7.12,1,CHEMBL1097603
CN(C)NC(=O)Nc1ccc(-c2nc(N3CCOCC3)c3cnn(C4CCN(Cc5ccccc5)CC4)c3n2)cc1,1,IC50,7.08,1,CHEMBL1097561
Nc1cccc(-c2nc(N3CCOCC3)c3cnn(-c4ccccc4)c3n2)c1,1,IC50,6.96,1,CHEMBL1097262
Nc1cccc(-c2nc(N3CCOCC3)c3cnn(-c4ccccc4)c3n2)n1,1,IC50,6.95,1,CHEMBL1098310
CN1CCC(NC(=O)Nc2ccc(-c3nc(N4CCOCC4)c4cnn(C5CCN(Cc6ccccc6)CC5)c4n3)cc2)CC1,1,IC50,6.9,1,CHEMBL1097899
Nc1ccc(-c2nc(N3CCOCC3)c3cnn(-c4ccccc4)c3n2)nc1,1,IC50,6.84,1,CHEMBL1098311
CNC(=O)Cc1ccc(-c2nc(N3CCOCC3)c3cnn(C4CCN(Cc5ccccc5)CC4)c3n2)cc1,1,IC50,6.77,1,CHEMBL1095623
CC(=O)N(C)c1ccc(-c2nc(N3CCOCC3)c3cnn(-c4ccccc4)c3n2)cc1,1,IC50,6.32,1,CHEMBL1095281
Nc1ccc(-c2nc(N3CCOCC3)c3cnn(C4CCN(Cc5ccccc5)CC4)c3n2)cc1,1,IC50,6.7,1,CHEMBL1095625
COc1cc(Nc2c(C#N)cnc3cc(/C=C/CCN4CCN(C)CC4)c(OC)cc23)c(Cl)cc1Cl,0,IC50 (>),5.0,1,CHEMBL1088240
CNC(=O)Nc1ccc2c(c1)C(=O)/C(=C\c1c(-c3c(C)nn(C)c3C)[nH]c3ccc(OC)cc13)O2,1,IC50,8.89,1,CHEMBL1083912
COc1ccc2[nH]c(-c3c(C)nn(C)c3C)c(/C=C3/Oc4ccc(NC(=O)Nc5cccnc5)cc4C3=O)c2c1,1,IC50,8.28,1,CHEMBL1082986
CNC(=O)Nc1ccc2c(c1)C(=O)/C(=C\c1c(-c3c(C)nn(C)c3C)[nH]c3c(F)cc(OC)cc13)O2,1,IC50,8.62,1,CHEMBL1083305
COc1cc(F)c2[nH]c(-c3c(C)nn(C)c3C)c(/C=C3/Oc4ccc(NC(=O)Nc5cccnc5)cc4C3=O)c2c1,1,IC50,8.82,1,CHEMBL1082616
COc1ccc2[nH]c(-c3c(C)nn(C)c3C)c(/C=C3/Oc4ccc(NC(=O)Nc5ccc(C(=O)N6CCOCC6)cc5)cc4C3=O)c2c1,1,IC50,8.38,1,CHEMBL1082617
COc1ccc2[nH]c(-c3c(C)nn(C)c3C)c(/C=C3/Oc4ccc(NC(=O)Nc5ccc(C(=O)N6CCN(C)CC6)cc5)cc4C3=O)c2c1,1,IC50,8.42,1,CHEMBL1082618
COc1ccc2[nH]c(-c3c(C)nn(C)c3C)c(/C=C3/Oc4ccc(NC(=O)Nc5ccc(C(=O)N(C)CCN(C)C)cc5)cc4C3=O)c2c1,1,IC50,8.96,1,CHEMBL1082619
COc1cc(F)c2[nH]c(-c3c(C)nn(C)c3C)c(/C=C3/Oc4ccc(NC(=O)Nc5ccc(C(=O)N6CCOCC6)cc5)cc4C3=O)c2c1,1,IC50,8.6,1,CHEMBL1082620
COc1cc(F)c2[nH]c(-c3c(C)nn(C)c3C)c(/C=C3/Oc4ccc(NC(=O)Nc5ccc(C(=O)N(C)CCN(C)C)cc5)cc4C3=O)c2c1,1,IC50,9.52,1,CHEMBL1082621
CC(C)n1nc(-c2cc(O)cc(Br)c2)c2c(N)ncnc21,0,IC50,4.52,1,CHEMBL1242285
Cn1nc(-c2ccc(Br)c(O)c2)c2c(N)ncnc21,1,IC50,6.26,1,CHEMBL1241299
Nc1ncnc2c1c(-c1ccc(Br)c(O)c1)nn2C1CCC1,1,IC50,6.9,1,CHEMBL1242287
Nc1ncnc2c1c(-c1ccc(Br)c(O)c1)nn2C1CCCC1,1,IC50,6.81,1,CHEMBL1242376
CC(C)n1nc(-c2ccc(F)c(O)c2)c2c(N)ncnc21,1,IC50,7.43,1,CHEMBL1242377
C[C@H](CN)n1nc(-c2ccc(F)c(O)c2)c2c(N)ncnc21,0,IC50,4.96,1,CHEMBL1242378
N#CCCCCn1nc(-c2ccc(F)c(O)c2)c2c(N)ncnc21,1,IC50,6.08,1,CHEMBL1242470
Nc1ncnc2c1c(-c1ccc(F)c(O)c1)nn2C1CNC1,0,IC50,4.52,1,CHEMBL1242567
CC1CCC(n2nc(-c3ccc(F)c(O)c3)c3c(N)ncnc32)C1,1,IC50,6.09,1,CHEMBL1242656
Nc1ncnc2c1c(-c1ccc(F)c(O)c1)nn2[C@@H]1CCOC1,1,IC50,6.0,1,CHEMBL1242749
Nc1ncnc2c1c(-c1ccc(F)c(O)c1)nn2CC1CCNCC1,0,IC50,4.0,1,CHEMBL1242844
Cc1nn(-c2ccccc2)nc1Cn1nc(-c2ccc(F)c(O)c2)c2c(N)ncnc21,0,IC50,4.3,1,CHEMBL1242845
Nc1ncnc2c1c(-c1ccc(F)c(O)c1)nn2Cc1ocnc1-c1ccccc1,0,IC50,4.0,1,CHEMBL1241482
CC(C)n1nc(-c2ccc(Cl)c(O)c2)c2c(N)ncnc21,1,IC50,6.89,1,CHEMBL1241484
C[C@@H](CN)n1nc(-c2ccc(Cl)c(O)c2)c2c(N)ncnc21,1,IC50,6.06,1,CHEMBL1240544
Nc1ncnc2c1c(-c1ccc(Cl)c(O)c1)nn2C1CCC1,1,IC50,6.64,1,CHEMBL1241580
COc1cc(-c2nn(C(C)C)c3ncnc(N)c23)ccc1NC(=O)OC(C)(C)C,0,IC50 (>),4.3,1,CHEMBL1241481
CC(C)n1nc(-c2ccc(Br)c(O)c2)c2c(N)ncnc21,1,IC50,8.3,3,CHEMBL1241578
CC(C)n1nc(-c2ccc3ncccc3c2)c2c(N)ncnc21,1,IC50,6.85,2,CHEMBL1233882
CC(C)n1nc(-c2cc3cc(O)ccc3[nH]2)c2c(N)ncnc21,1,IC50,8.1,9,CHEMBL1241674
Cc1ccccc1-n1c(Cn2nc(-c3cccc(O)c3)c3c(N)ncnc32)nc2cccc(C)c2c1=O,0,IC50,4.3,1,CHEMBL1241767
Cn1nc(-c2ccc3ccccc3c2)c2c(N)ncnc21,0,IC50,4.0,2,CHEMBL1234815
Cc1ccc(-c2nn(C)c3ncnc(N)c23)cc1O,1,IC50,6.07,1,CHEMBL1241271
Cc1ccc(-c2nn(C(C)C)c3ncnc(N)c23)cc1O,1,IC50,7.48,1,CHEMBL1242026
CCC(C)n1nc(-c2ccc(C)c(O)c2)c2c(N)ncnc21,1,IC50,7.8,1,CHEMBL1242109
CC(C)n1nc(-c2cccc(O)c2F)c2c(N)ncnc21,1,IC50,6.72,1,CHEMBL1242110
Nc1ncnc2c1c(-c1cccc(O)c1F)nn2C1CCCC1,1,IC50,6.16,1,CHEMBL1242111
CC(C)n1nc(-c2cc(O)cc(F)c2)c2c(N)ncnc21,0,IC50,4.85,1,CHEMBL1242198
CCOc1ccc(-c2n[nH]c3ncnc(N)c23)cc1OC,0,IC50,4.0,1,CHEMBL1242471
CCOc1ccc(-c2nn(C3CCCCC3)c3ncnc(N)c23)cc1OC,1,IC50,6.21,1,CHEMBL1242659
COc1cc(-c2nn(C(C)C)c3ncnc(N)c23)cc(OC)c1OC,0,IC50,4.0,1,CHEMBL1242660
CCOc1cc(-c2nn(CCO)c3ncnc(N)c23)ccc1OC,0,IC50,4.0,1,CHEMBL1242753
COc1ncc(-c2nn(C(C)C)c3ncnc(N)c23)c(OC)n1,1,IC50,6.2,1,CHEMBL1242846
COc1cc(-c2nn(C(C)C)c3ncnc(N)c23)ccc1N,0,IC50,4.0,1,CHEMBL1241485
COc1cc(-c2nn(C(C)C)c3ncnc(N)c23)ccc1NC(C)CO,0,IC50,4.75,1,CHEMBL1241486
Nc1ccc(-c2nn(C3CCCC3)c3ncnc(N)c23)cc1O,1,IC50,6.04,1,CHEMBL1241487
CC(C)n1nc(-c2cccc(CC#N)c2)c2c(N)ncnc21,0,IC50,4.92,1,CHEMBL1241583
CC(C)n1nc(-c2cccc(C#N)c2)c2c(N)ncnc21,0,IC50,4.4,1,CHEMBL1241679
CC(C)n1nc(-c2ccc(F)c(C#N)c2)c2c(N)ncnc21,0,IC50,4.0,1,CHEMBL1241680
CC(C)n1nc(-c2ccc(C#N)c(F)c2)c2c(N)ncnc21,0,IC50,4.0,1,CHEMBL1241771
CC(C)n1nc(-c2cncnc2)c2c(N)ncnc21,0,IC50,4.3,1,CHEMBL1241391
CC(=O)c1ccc(-c2nn(C(C)C)c3ncnc(N)c23)cc1,0,IC50,4.0,1,CHEMBL1241773
CC(C)n1nc(-c2cc(F)c(C=O)c(F)c2)c2c(N)ncnc21,0,IC50,4.52,1,CHEMBL1241861
CC(=O)c1cccc(-c2nn(C(C)C)c3ncnc(N)c23)c1,0,IC50,4.8,1,CHEMBL1241946
CC(C)n1nc(-c2cc(C=O)co2)c2c(N)ncnc21,1,IC50,6.12,1,CHEMBL1241439
Cc1cc(-c2nn(C(C)C)c3ncnc(N)c23)sc1C=O,1,IC50,6.03,1,CHEMBL1241947
CC(C)n1nc(-c2cccc(C(=O)NC3=NCCS3)c2)c2c(N)ncnc21,1,IC50,7.1,3,CHEMBL1242115
Nc1ncnc2c1c(-c1ccc(Cl)c(O)c1)nn2C1CCCC1,1,IC50,6.36,1,CHEMBL1241676
Nc1ncnc2c1c(-c1ccc(Cl)c(O)c1)nn2[C@H]1CCOC1,1,IC50,6.42,1,CHEMBL1241678
Nc1ncnc2c1c(-c1ccc(Cl)c(O)c1)nn2[C@@H]1CCOC1,1,IC50,6.35,1,CHEMBL1241768
Nc1ncnc2c1c(-c1ccc(Cl)c(O)c1)nn2CC1CCCN1,0,IC50,4.82,1,CHEMBL1241769
CC(C)n1nc(-c2ccc(C#N)c(O)c2)c2c(N)ncnc21,1,IC50,6.22,1,CHEMBL1241944
CC(C)n1nc(-c2ccc(O)c(F)c2)c2c(N)ncnc21,1,IC50,8.52,1,CHEMBL1241945
COc1cc(F)c(-c2nn(C(C)C)c3ncnc(N)c23)cc1F,1,IC50,6.39,1,CHEMBL1242027
COc1ccc(-c2n[nH]c3ncnc(N)c23)cc1O,1,IC50,6.15,1,CHEMBL1241300
COc1ccc(-c2nn(C)c3ncnc(N)c23)cc1O,1,IC50,7.01,1,CHEMBL1241301
CCn1nc(-c2ccc(OC)c(O)c2)c2c(N)ncnc21,1,IC50,7.7,1,CHEMBL1242113
COc1ccc(-c2nn(C(C)C)c3ncnc(N)c23)cc1O,1,IC50,8.52,1,CHEMBL1242114
COc1ccc(-c2nn(C3CCCC3)c3ncnc(N)c23)cc1O,1,IC50,7.4,1,CHEMBL1242201
COc1ccc(-c2nn(C3CCC(C)C3)c3ncnc(N)c23)cc1O,1,IC50,6.77,1,CHEMBL1242202
CCOc1ccc(-c2nn(C3CCCC3)c3ncnc(N)c23)cc1O,1,IC50,6.96,1,CHEMBL1242289
COc1ccc(-c2nn(C(C)(C)C)c3ncnc(N)c23)cc1OC,0,IC50,4.0,1,CHEMBL1242379
CCOc1ccc2cc(-c3nn(C)c4ncnc(N)c34)ccc2c1,0,IC50,4.0,1,CHEMBL1242661
CC(C)n1nc(-c2ccc3cc(O)ccc3c2)c2c(N)ncnc21,1,IC50,6.96,1,CHEMBL1242662
Nc1ncnc2c1c(-c1cnc3ccccc3c1)nn2C1CCCC1,1,IC50,6.61,1,CHEMBL1242755
Nc1ncnc2c1c(-c1ccc3ncccc3c1)nn2C1CCCC1,1,IC50,6.26,1,CHEMBL1241681
Cc1ccc2cc(-c3nn(C(C)C)c4ncnc(N)c34)ccc2n1,1,IC50,6.25,1,CHEMBL1241682
CC(C)n1nc(-c2ccc3nc(Cl)ccc3c2)c2c(N)ncnc21,1,IC50,6.95,1,CHEMBL1241683
CC(C)n1nc(-c2ccc3nccnc3c2)c2c(N)ncnc21,1,IC50,6.2,1,CHEMBL1241774
CC(C)n1nc(-c2ccc3nc[nH]c(=O)c3c2)c2c(N)ncnc21,1,IC50,7.7,1,CHEMBL1241776
Nc1ncnc2c1c(-c1ccc3[nH]c(=O)ccc3c1)nn2C1CCCC1,0,IC50,4.0,1,CHEMBL1241864
CC(C)n1nc(-c2ccc3nc(N)ccc3c2)c2c(N)ncnc21,1,IC50,7.48,1,CHEMBL1241949
CC(C)n1nc(-c2ccc3nc(NN)ccc3c2)c2c(N)ncnc21,1,IC50,6.11,1,CHEMBL1241950
Cn1nc(-c2ccc3occc(=O)c3c2)c2c(N)ncnc21,0,IC50,4.0,1,CHEMBL1242117
Nc1ncnc2c1c(-c1ccc3occc(=O)c3c1)nn2C1CCCC1,1,IC50,6.37,1,CHEMBL1242119
Cn1nc(-c2cnc3[nH]ccc3c2)c2c(N)ncnc21,1,IC50,6.38,1,CHEMBL1240565
CC(C)n1nc(-c2cnc3[nH]ccc3c2)c2c(N)ncnc21,1,IC50,7.22,1,CHEMBL1242293
CC(C)n1nc(-c2ccc3[nH]ccc3c2)c2c(N)ncnc21,1,IC50,6.44,1,CHEMBL1242294
Nc1ncnc2c1c(-c1ccc3[nH]ccc3c1)nn2C1CCCC1,1,IC50,6.39,1,CHEMBL1242295
CC(C)n1nc(-c2ccc3c(ccn3C)c2)c2c(N)ncnc21,1,IC50,6.34,1,CHEMBL1242384
Cn1ccc2cc(-c3nn(C4CCCC4)c4ncnc(N)c34)ccc21,1,IC50,6.69,1,CHEMBL1242385
CC(C)n1nc(-c2ccc3[nH]ncc3c2)c2c(N)ncnc21,1,IC50,6.18,1,CHEMBL1242386
Nc1ncnc2c1c(-c1ccc3cn[nH]c3c1)nn2C1CCCC1,1,IC50,6.22,1,CHEMBL1242572
CC(C)n1nc(-c2ccc3cc[nH]c3c2)c2c(N)ncnc21,1,IC50,6.33,1,CHEMBL1242574
Nc1ncnc2c1c(-c1ccc3cc[nH]c3c1)nn2C1CCCC1,1,IC50,6.31,1,CHEMBL1242664
CC(C)n1nc(-c2ccc3c(C=O)c[nH]c3c2)c2c(N)ncnc21,1,IC50,6.66,1,CHEMBL1242666
CC(C)n1nc(-c2ccc3c(ccn3C(=O)OC(C)(C)C)c2)c2c(N)ncnc21,1,IC50,6.52,1,CHEMBL1242852
CC(C)(C)OC(=O)n1ccc2cc(-c3nn(C4CCCC4)c4ncnc(N)c34)ccc21,1,IC50,6.24,1,CHEMBL1242853
CC(C)n1nc(-c2ccc3nonc3c2)c2c(N)ncnc21,0,IC50,4.0,1,CHEMBL1241492
COc1cc2ncnc(Nc3ccc(F)c(Cl)c3)c2cc1OCCCN1CCOCC1,0,IC50 (>),4.3,2,CHEMBL939
Cc1nc(Nc2ncc(C(=O)Nc3c(C)cccc3Cl)s2)cc(N2CCN(CCO)CC2)n1,0,IC50 (>),5.0,3,CHEMBL5416410
CCN(CC)CCNC(=O)c1c(C)[nH]c(/C=C2\C(=O)Nc3ccc(F)cc32)c1C,0,IC50 (>),4.3,2,CHEMBL535
CNC(=O)c1cc(Oc2ccc(NC(=O)Nc3ccc(Cl)c(C(F)(F)F)c3)cc2)ccn1,0,IC50 (>),4.3,2,CHEMBL1336
O=C(Nc1ccccc1)Nc1ccc(-c2nc(N3CCOCC3)nc(N3C4CCC3COC4)n2)cc1,1,IC50,8.7,1,CHEMBL1257955
O=C(Nc1ccc(F)cc1)Nc1ccc(-c2nc(N3CCOCC3)nc(N3C4CCC3COC4)n2)cc1,1,IC50,8.72,1,CHEMBL1257840
Cc1ccc(NC(=O)Nc2ccc(-c3nc(N4CCOCC4)nc(N4C5CCC4COC5)n3)cc2)cc1,1,IC50,8.89,1,CHEMBL1257839
N#Cc1ccc(NC(=O)Nc2ccc(-c3nc(N4CCOCC4)nc(N4C5CCC4COC5)n3)cc2)cc1,1,IC50,8.48,1,CHEMBL1257716
COc1ccc(NC(=O)Nc2ccc(-c3nc(N4CCOCC4)nc(N4C5CCC4COC5)n3)cc2)cc1OC,1,IC50,7.03,1,CHEMBL1258067
O=C(Nc1ccc(CO)cc1)Nc1ccc(-c2nc(N3CCOCC3)nc(N3C4CCC3COC4)n2)cc1,1,IC50,9.37,1,CHEMBL1258183
O=C(Nc1ccc(CCO)cc1)Nc1ccc(-c2nc(N3CCOCC3)nc(N3C4CCC3COC4)n2)cc1,1,IC50,9.49,1,CHEMBL1258296
CN(C)c1ccc(NC(=O)Nc2ccc(-c3nc(N4CCOCC4)nc(N4C5CCC4COC5)n3)cc2)cc1,1,IC50,7.87,1,CHEMBL1258408
CN1CCN(c2ccc(NC(=O)Nc3ccc(-c4nc(N5CCOCC5)nc(N5C6CCC5COC6)n4)cc3)cc2)CC1,1,IC50,8.96,1,CHEMBL1255813
CN(C)CCOc1ccc(NC(=O)Nc2ccc(-c3nc(N4CCOCC4)nc(N4C5CCC4COC5)n3)cc2)cc1,1,IC50,8.73,1,CHEMBL1255814
CN1CCN(Cc2ccc(NC(=O)Nc3ccc(-c4nc(N5CCOCC5)nc(N5C6CCC5COC6)n4)cc3)cc2)CC1,1,IC50,9.1,1,CHEMBL1255815
O=C(Nc1ccc(-c2nc(N3CCOCC3)nc(N3C4CCC3COC4)n2)cc1)Nc1cccnc1,1,IC50,9.3,1,CHEMBL1258516
O=C(Nc1ccncc1)Nc1ccc(-c2nc(N3CCOCC3)nc(N3C4CCC3COC4)n2)cc1,1,IC50,9.38,1,CHEMBL1258517
O=C(Nc1ccc(-c2nc(N3CCOCC3)nc(N3C4CCC3COC4)n2)cc1)Nc1ccnc(Cl)c1,1,IC50,8.9,1,CHEMBL1258634
O=C(Nc1ccc(-c2nc(N3CCOCC3)nc(N3C4CCC3COC4)n2)cc1)Nc1ccc(-c2cccnc2)nc1,1,IC50,8.46,1,CHEMBL1255816
O=C(Nc1ccc(-c2nc(N3CCOCC3)nc(N3C4CCC3COC4)n2)cc1)Nc1cncnc1,1,IC50,9.14,1,CHEMBL1258635
O=C(Nc1ccc(-c2nc(N3CCOCC3)nc(N3C4CCC3COC4)n2)cc1)Nc1ccnnc1,1,IC50,8.81,1,CHEMBL1258743
O=C(Nc1ccncc1)Nc1ccc(-c2nc(N3CCOCC3)nc(N3C4COCC3[C@@H](O)C4)n2)cc1,1,IC50,9.1,1,CHEMBL1258744
Cn1ncc2c(Oc3ccc(S(C)(=O)=O)cc3)cc(-c3cccc4[nH]ncc34)nc21,0,Ki (>),5.0,1,CHEMBL1257653
COCCC(=O)N1CCN(c2ccc(Nc3ccnc4ccc(-c5cnc6ccccc6c5)cc34)cc2C(F)(F)F)CC1,1,IC50,6.01,1,CHEMBL1256447
O=c1ccc2cnc3ccc(-c4cnc5ccccc5c4)cc3c2n1-c1ccc(N2CCNCC2)c(C(F)(F)F)c1,1,IC50,7.87,1,CHEMBL1256449
COc1ccc(-c2ccc3ncc4ccc(=O)n(-c5ccc(N6CCNCC6)c(C(F)(F)F)c5)c4c3c2)cc1,1,IC50,7.1,1,CHEMBL1259013
O=c1ccc2cnc3ccc(-c4csc5ccccc45)cc3c2n1-c1ccc(N2CCNCC2)c(C(F)(F)F)c1,1,IC50,7.03,1,CHEMBL1259031
O=c1ccc2cnc3ccc(-c4cncc5ccccc45)cc3c2n1-c1ccc(N2CCNCC2)c(C(F)(F)F)c1,1,IC50,7.48,1,CHEMBL1256451
COc1ncc(-c2ccc3ncc4ccc(=O)n(-c5ccc(N6CCNCC6)c(C(F)(F)F)c5)c4c3c2)c(OC)n1,1,IC50,6.18,1,CHEMBL1259050
O=c1ccc2cnc3ccc(-c4ccc5ccccc5c4)cc3c2n1-c1ccc(N2CCNCC2)c(C(F)(F)F)c1,1,IC50,6.67,1,CHEMBL1256452
O=c1ccc2cnc3ccc(-c4ccc5c(c4)OCCO5)cc3c2n1-c1ccc(N2CCNCC2)c(C(F)(F)F)c1,1,IC50,7.18,1,CHEMBL1256453
O=c1ccc2cnc3ccc(-c4ccc5c(c4)OCO5)cc3c2n1-c1ccc(N2CCNCC2)c(C(F)(F)F)c1,1,IC50,7.08,1,CHEMBL1259070
CS(=O)(=O)Nc1ccc(-c2ccc3ncc4ccc(=O)n(-c5ccc(N6CCNCC6)c(C(F)(F)F)c5)c4c3c2)cc1,1,IC50,7.34,1,CHEMBL1256454
O=c1ccc2cnc3ccc(-c4ccsc4)cc3c2n1-c1ccc(N2CCNCC2)c(C(F)(F)F)c1,1,IC50,6.67,1,CHEMBL1259086
O=c1ccc2cnc3ccc(-c4cnc5ccccc5c4)cc3c2n1-c1ccc(N2CCOCC2)c(C(F)(F)F)c1,1,IC50,7.59,1,CHEMBL1256455
O=c1ccc2cnc3ccc(-c4cnc5ccccc5c4)cc3c2n1-c1ccc(S(=O)(=O)N2CCNCC2)cc1,1,IC50,6.62,1,CHEMBL1259105
COc1cc(N2CCC(N)CC2)ccc1-n1c(=O)ccc2cnc3ccc(-c4cnc5ccccc5c4)cc3c21,1,IC50,7.02,1,CHEMBL1259120
CN1CCN(Cc2ccc(-n3c(=O)ccc4cnc5ccc(-c6cnc7ccccc7c6)cc5c43)cc2)CC1,1,IC50,7.18,1,CHEMBL1259136
O=C(C1CC1)N1CCN(c2ccc(-n3c(=O)ccc4cnc5ccc(-c6cnc7ccccc7c6)cc5c43)cc2C(F)(F)F)CC1,1,IC50,8.16,1,CHEMBL1256456
CN(C)CCC(=O)N1CCN(c2ccc(-n3c(=O)ccc4cnc5ccc(-c6cnc7ccccc7c6)cc5c43)cc2C(F)(F)F)CC1,1,IC50,8.44,1,CHEMBL1256457
CN1CCN(CC(=O)N2CCN(c3ccc(-n4c(=O)ccc5cnc6ccc(-c7cnc8ccccc8c7)cc6c54)cc3C(F)(F)F)CC2)CC1,1,IC50,9.24,1,CHEMBL1256458
CCC(=O)N1CCN(c2ccc(-n3c(=O)ccc4cnc5ccc(-c6cnc7ccccc7c6)cc5c43)cc2C(F)(F)F)CC1,1,IC50,9.54,7,CHEMBL1256459
CN(C)CCn1c(=O)ccc2cnc3ccc(-c4cnc5ccccc5c4)cc3c21,1,IC50,6.41,1,CHEMBL1259137
CN1CCN(C(=O)c2ccc(-c3ccc(-n4c(=O)ccc5cnc6ccc(-c7cnc8ccccc8c7)cc6c54)cc3C(F)(F)F)cc2)CC1,1,IC50,8.9,1,CHEMBL1256460
CCC(=O)N1CC=C(c2ccc(-n3c(=O)ccc4cnc5ccc(-c6cnc7ccccc7c6)cc5c43)cc2C(F)(F)F)CC1,1,IC50,7.67,1,CHEMBL1256461
O=C(CN1CCOCC1)N1CCC(c2ccc(-n3c(=O)ccc4cnc5ccc(-c6cnc7ccccc7c6)cc5c43)cc2C(F)(F)F)CC1,1,IC50,8.37,1,CHEMBL1256462
CCC(=O)N1CCN(c2ccc(-n3c(=O)c(C)cc4cnc5ccc(-c6cnc7ccccc7c6)cc5c43)cc2C(F)(F)F)CC1,1,IC50,7.58,1,CHEMBL1256463
CCC(=O)N1CCN(c2ccc(-n3c(=O)cc(C)c4cnc5ccc(-c6cnc7ccccc7c6)cc5c43)cc2C(F)(F)F)CC1,1,IC50,7.29,1,CHEMBL1256464
CCC(=O)N1CCN(c2ccc(-n3c(=O)n(C)c(=O)c4cnc5ccc(-c6cnc7ccccc7c6)cc5c43)cc2C(F)(F)F)CC1,1,IC50,6.64,1,CHEMBL1256465
CCC(=O)N1CCN(c2ccc(N3C(=O)NCc4cnc5ccc(-c6cnc7ccccc7c6)cc5c43)cc2C(F)(F)F)CC1,1,IC50,6.4,1,CHEMBL1256466
CCC(=O)N1CCN(c2ccc(N3C(=O)N(C)Cc4cnc5ccc(-c6cnc7ccccc7c6)cc5c43)cc2C(F)(F)F)CC1,1,IC50,6.54,1,CHEMBL1256467
CCC(=O)N1CCN(c2ccc(N3C(=O)OCc4cnc5ccc(-c6cnc7ccccc7c6)cc5c43)cc2C(F)(F)F)CC1,1,IC50,6.47,1,CHEMBL1256468
CC(=O)N1CCN(c2ccc(-n3c(=O)ccc4cnc5ccc(-c6cnc7ccccc7c6)cc5c43)cc2C(F)(F)F)CC1,1,IC50,8.27,1,CHEMBL1256469
C(#Cc1n[nH]c2ncccc12)c1cccnc1,0,IC50 (>),5.0,1,CHEMBL1631903
C(#Cc1n[nH]c2ncccc12)c1ccncc1,0,IC50 (>),5.0,2,CHEMBL1631902
N#Cc1ccc(C#Cc2n[nH]c3ccccc23)cc1,0,IC50 (>),4.3,2,CHEMBL1631901
C(#Cc1n[nH]c2ccccc12)c1ccsc1,0,IC50 (>),4.0,2,CHEMBL1631900
FC(F)(F)c1cc(C#Cc2n[nH]c3ccccc23)cc(C(F)(F)F)c1,0,IC50 (>),4.0,2,CHEMBL1631899
Nc1ccccc1C#Cc1n[nH]c2ccccc12,0,IC50 (>),4.3,2,CHEMBL1631898
C(#CC1CC1)c1n[nH]c2ccccc12,0,IC50 (>),4.3,2,CHEMBL1631897
C(#CC1CCCC1)c1n[nH]c2ccccc12,0,IC50 (>),4.3,2,CHEMBL1631896
C(#Cc1n[nH]c2ccccc12)c1ccccn1,0,IC50 (>),4.3,2,CHEMBL1631894
CN(C)CC#Cc1n[nH]c2ccccc12,0,IC50 (>),4.3,2,CHEMBL1631893
C(#Cc1n[nH]c2ccccc12)c1ccncc1,0,IC50,4.97,2,CHEMBL1631892
C(#Cc1n[nH]c2ccccc12)c1cccnc1,0,IC50 (>),4.3,2,CHEMBL1631891
Fc1cc(F)cc(C#Cc2n[nH]c3ccccc23)c1,0,IC50 (>),4.0,2,CHEMBL1631890
C(#Cc1n[nH]c2ccccc12)c1ccccc1,0,IC50 (>),4.3,2,CHEMBL1631889
Nc1ccc(C#Cc2n[nH]c3ccccc23)cc1,0,IC50,4.97,1,CHEMBL1631888
Nc1cccc(C#Cc2n[nH]c3ccccc23)c1,0,IC50 (>),4.0,1,CHEMBL1631895
N#CCNc1ncnc(-n2c(Nc3cccc(O)c3)nc3ccccc32)n1,1,IC50,7.03,3,CHEMBL1615182
Oc1cccc(Nc2nc3ccccc3n2-c2ncnc(NCC(F)(F)F)n2)c1,0,IC50 (>),4.6,2,CHEMBL1762776
Oc1cccc(Nc2nc3ccccc3n2-c2ncnc(NCc3ccccn3)n2)c1,0,IC50,4.68,2,CHEMBL1762777
Nc1ncnc(-n2c(Nc3cccc(O)c3)nc3ccccc32)n1,1,IC50,7.68,3,CHEMBL1762778
Oc1cccc(Nc2nc3ccccc3n2-c2ncncn2)c1,0,IC50 (>),4.6,1,CHEMBL1762779
COc1ncnc(-n2c(Nc3cccc(O)c3)nc3ccccc32)n1,0,IC50 (>),4.6,2,CHEMBL1762780
Cc1nc(NCC#N)nc(-n2c(Nc3cccc(O)c3)nc3ccccc32)n1,1,IC50,8.1,4,CHEMBL1762782
CNc1ncnc(-n2c(Nc3cccc(O)c3)nc3ccccc32)n1,1,IC50,6.75,2,CHEMBL1762775
CCCc1nc(N)nc(-n2c(Nc3cccc(O)c3)nc3ccccc32)n1,0,IC50 (>),4.6,1,CHEMBL1762784
COc1nc(NCC#N)nc(-n2c(Nc3cccc(O)c3)nc3ccccc32)n1,0,IC50,4.67,2,CHEMBL1762787
Nc1cc(-n2c(Nc3cccc(O)c3)nc3ccccc32)ncn1,1,IC50,6.96,2,CHEMBL1762781
CCc1nc(N)nc(-n2c(Nc3cccc(O)c3)nc3ccccc32)n1,1,IC50,6.41,2,CHEMBL1762783
Cc1nc(N)cc(-n2c(Nc3cccc(O)c3)nc3ccccc32)n1,1,IC50,7.37,2,CHEMBL1762785
Cc1nccc(-n2c(Nc3cccc(O)c3)nc3ccccc32)n1,1,IC50,6.43,2,CHEMBL1762786
Cc1nc(N)nc(-n2c(Nc3cccc(O)c3)nc3ccccc32)n1,1,IC50,8.15,3,CHEMBL1762788
Cc1nc(N)nc(-n2c(Nc3cc(O)cc(O)c3)nc3ccccc32)n1,1,IC50,9.7,3,CHEMBL1762790
CNC(=O)Nc1ccc(Nc2nc3ccccc3n2-c2nc(C)nc(N)n2)cc1,1,IC50,8.7,3,CHEMBL1760154
CC(=O)Nc1ccc(Nc2nc3ccccc3n2-c2nc(C)nc(N)n2)cc1,1,IC50,7.89,3,CHEMBL1760155
Cc1nc(N)nc(-n2c(Nc3ccc4cc[nH]c4c3)nc3ccccc32)n1,1,IC50,7.55,3,CHEMBL1760157
Cc1nc(N)nc(-n2c(Nc3cc[nH]n3)nc3ccccc32)n1,1,IC50,7.64,4,CHEMBL1615183
Cc1nc(N)nc(-n2c(Nc3nc[nH]n3)nc3ccccc32)n1,0,IC50 (>),4.6,2,CHEMBL1760166
CNc1nc(C)nc(-n2c(Nc3cc[nH]n3)nc3ccccc32)n1,1,IC50,7.09,3,CHEMBL1760168
Cc1nc(NCC#N)nc(-n2c(Nc3cc[nH]n3)nc3ccccc32)n1,1,IC50,7.51,3,CHEMBL1760169
Cc1nc(N)nc(-n2c(Nc3cc[nH]n3)nc3cc(F)c(F)cc32)n1,1,IC50,7.62,3,CHEMBL1760172
Cc1nc(N)nc(-n2c(Nc3cccc(C(N)=O)c3)nc3ccccc32)n1,1,IC50,6.76,2,CHEMBL1760153
CC(=O)Nc1cccc(Nc2nc3ccccc3n2-c2nc(C)nc(N)n2)c1,1,IC50,6.92,2,CHEMBL1760156
Cc1nc(N)nc(-n2c(Nc3ccc4cn[nH]c4c3)nc3ccccc32)n1,1,IC50,7.57,2,CHEMBL1760158
Cc1nc(N)nc(-n2c(Nc3ccn(C)n3)nc3ccccc32)n1,1,IC50,6.57,2,CHEMBL1760159
Cc1nc(N)nc(-n2c(Nc3ccn(C(F)F)n3)nc3ccccc32)n1,1,IC50,6.47,2,CHEMBL1760160
Cc1nc(N)nc(-n2c(Nc3ccon3)nc3ccccc32)n1,1,IC50,6.82,2,CHEMBL1760161
Cc1nc(N)nc(-n2c(Nc3n[nH]c4ccccc34)nc3ccccc32)n1,1,IC50,7.22,2,CHEMBL1760162
Cc1nc(N)nc(-n2c(Nc3cn[nH]c3)nc3ccccc32)n1,1,IC50,6.75,2,CHEMBL1760163
Cc1nc(NCCC#N)nc(-n2c(Nc3cc[nH]n3)nc3ccccc32)n1,1,IC50,7.22,2,CHEMBL1760170
C#CCNc1nc(C)nc(-n2c(Nc3cc[nH]n3)nc3ccccc32)n1,1,IC50,7.1,2,CHEMBL1760171
CC(=O)Nc1nc2ccc(-c3ccnc(OCCCc4cccnc4)n3)cc2s1,1,IC50,6.04,1,CHEMBL1773567
COc1ccc(S(=O)(=O)Nc2nccc(-c3ccc4nc(NC(C)=O)sc4c3)n2)cc1,1,IC50,7.24,1,CHEMBL1773574
COc1ccc(S(=O)(=O)N(C)c2nccc(-c3ccc4nc(NC(C)=O)sc4c3)n2)cc1,1,IC50,6.54,1,CHEMBL1773575
CCN(c1nccc(-c2ccc3nc(NC(C)=O)sc3c2)n1)S(=O)(=O)c1ccc(OC)cc1,1,IC50,6.58,1,CHEMBL1773576
CC(=O)Nc1nc2ccc(-c3ccnc(NS(=O)(=O)c4ccccc4F)n3)cc2s1,1,IC50,7.35,1,CHEMBL1773577
CC(=O)Nc1nc2ccc(-c3ccnc(NS(=O)(=O)c4cccc(F)c4)n3)cc2s1,1,IC50,7.33,1,CHEMBL1773579
CC(=O)Nc1nc2ccc(-c3ccnc(NS(=O)(=O)c4ccc(F)cc4)n3)cc2s1,1,IC50,6.14,1,CHEMBL1773580
CC(=O)Nc1nc2ccc(-c3ccnc(NS(=O)(=O)c4ccc(C)cc4)n3)cc2s1,1,IC50,7.19,1,CHEMBL1773581
CC(=O)Nc1nc2ccc(-c3ccnc(N(C)S(=O)(=O)c4ccc(C)cc4)n3)cc2s1,1,IC50,6.57,1,CHEMBL1773582
COc1ccc(S(=O)(=O)Nc2cc(-c3ccc4nc(NC(C)=O)sc4c3)ccn2)cc1,1,IC50,7.54,1,CHEMBL1773558
COc1ccc(S(=O)(=O)Nc2cncc(-c3ccc4nc(NC(C)=O)sc4c3)c2)cc1,1,IC50,7.96,1,CHEMBL1773599
COc1ccc(S(=O)(=O)Nc2cncc(-c3ccc4nc(NC(C)=O)sc4c3)n2)cc1,1,IC50,7.82,1,CHEMBL1773600
COc1ccc(S(=O)(=O)Nc2cc(-c3ccc4nc(NC(C)=O)sc4c3)cnc2C#N)cc1,1,IC50,8.8,1,CHEMBL1773602
COc1ccc(S(=O)(=O)Nc2cc(-c3ccc4nc(NC(C)=O)sc4c3)cnc2C)cc1,1,IC50,8.22,1,CHEMBL1773603
COc1ccc(S(=O)(=O)Nc2cc(-c3ccc4nc(NC(C)=O)sc4c3)cnc2Cl)cc1,1,IC50,8.68,1,CHEMBL1773604
CC(=O)Nc1nc2ccc(-c3cnc(Cl)c(NS(=O)(=O)c4ccc(C(F)(F)F)cc4)c3)cc2s1,1,IC50,8.8,1,CHEMBL1773729
CC(=O)Nc1nc2ccc(-c3cnc(Cl)c(NS(=O)(=O)c4cccc(C(C)(C)C)c4)c3)cc2s1,1,IC50,8.68,1,CHEMBL1773733
CC(=O)Nc1nc2ccc(-c3cnc(Cl)c(NS(=O)(=O)c4ccc(C(C)(C)C)cc4)c3)cc2s1,1,IC50,8.68,1,CHEMBL1773734
CC(=O)Nc1nc2ccc(-c3cnc(Cl)c(NS(=O)(=O)c4ccccc4F)c3)cc2s1,1,IC50,8.96,1,CHEMBL1773735
CC(=O)Nc1nc2ccc(-c3cnc(Cl)c(NS(=O)(=O)c4cccc(F)c4)c3)cc2s1,1,IC50,8.64,1,CHEMBL1773736
CC(=O)Nc1nc2ccc(-c3cnc(Cl)c(NS(=O)(=O)c4ccc(F)cc4)c3)cc2s1,1,IC50,8.7,2,CHEMBL1615189
CSc1nccc(-c2ccc3nc(NC(C)=O)sc3c2)n1,0,Ki (>),4.6,1,CHEMBL1615188
CCNC(=O)Nc1ccc(-c2nc(N3CCOC[C@@H]3C)c3c(n2)C(C)(C)OC3)cc1,1,IC50,8.34,3,CHEMBL1774353
CCNC(=O)Nc1ccc(-c2nc(N3CCOC[C@@H]3C)c3c(n2)C(C)(C)OC3=O)cc1,1,IC50,8.12,3,CHEMBL1773085
CCNC(=O)Nc1ccc(-c2nc(N3CCOCC3)c3c(n2)C(C)(C)OC3=O)cc1,1,IC50,7.8,3,CHEMBL1774354
C[C@H]1COCCN1c1nc(-c2ccc(NC(=O)NCCO)cc2)nc2c1COC2(C)C,1,IC50,8.4,3,CHEMBL1774355
C[C@H]1COCCN1c1nc(-c2ccc(NC(=O)NCCC#N)cc2)nc2c1COC2(C)C,1,IC50,7.58,3,CHEMBL1774356
C[C@H]1COCCN1c1nc(-c2ccc(NC(=O)NC3COC3)cc2)nc2c1COC2(C)C,1,IC50,7.52,3,CHEMBL1774357
C[C@H]1COCCN1c1nc(-c2ccc(NC(=O)Nc3cnn(C)c3)cc2)nc2c1COC2(C)C,1,IC50,8.37,3,CHEMBL1774358
C[C@H]1COCCN1c1nc(-c2ccc(NC(=O)NC[C@@H](O)CO)cc2)nc2c1COC2(C)C,1,IC50,7.43,3,CHEMBL1774359
C[C@H]1COCCN1c1nc(-c2ccc(Nc3cccc(=O)[nH]3)cc2)nc2c1COC2(C)C,1,IC50,8.03,3,CHEMBL1774360
CCNC(=O)Nc1ccc(-c2nc(N3CCOC[C@@H]3C)c3c(n2)[C@@](C)(CC2CC2)OC3)cc1,1,IC50,8.55,3,CHEMBL1774361
CCNC(=O)Nc1ccc(-c2nc(N3CCOC[C@@H]3C)c3c(n2)[C@](C)(CC2CC2)OC3)cc1,1,IC50,8.3,3,CHEMBL1774362
CCNC(=O)Nc1ccc(-c2nc(N3CCOC[C@@H]3C)c3c(n2)[C@](C)(CCO)OC3)cc1,1,IC50,8.8,3,CHEMBL1774363
CCNC(=O)Nc1ccc(-c2nc(N3CCOCC3)c3c(n2)[C@](C)(CCO)OC3)cc1,1,IC50,8.66,3,CHEMBL1774364
CCNC(=O)Nc1ccc(-c2nc(N3C[C@H]4CC[C@@H](C3)O4)c3c(n2)[C@](C)(CCO)OC3)cc1,1,IC50,8.85,3,CHEMBL1774365
CCNC(=O)Nc1ccc(-c2nc(N3CCOC[C@@H]3C)c3c(n2)[C@@](C)(CCO)OC3)cc1,1,IC50,7.72,3,CHEMBL1774366
CCNC(=O)Nc1ccc(-c2nc(N3CCOCC3)c3c(n2)[C@@](C)(CCO)OC3)cc1,1,IC50,7.64,3,CHEMBL1774367
CCNC(=O)Nc1ccc(-c2nc(N3C[C@H]4CC[C@@H](C3)O4)c3c(n2)[C@@](C)(CCO)OC3)cc1,1,IC50,7.57,3,CHEMBL1774368
CCNC(=O)Nc1ccc(-c2nc(N3CCOC[C@@H]3C)c3c(n2)[C@@](C)(CCC#N)OC3)cc1,1,IC50,8.08,3,CHEMBL1774369
CCNC(=O)Nc1ccc(-c2nc(N3CCOC[C@@H]3C)c3c(n2)[C@](C)(CCC#N)OC3)cc1,1,IC50,7.96,3,CHEMBL1774370
CCNC(=O)Nc1ccc(-c2nc(N3CCOC[C@@H]3C)c3c(n2)[C@](C)(CCN(C)C)OC3)cc1,1,IC50,7.38,3,CHEMBL1774371
CCNC(=O)Nc1ccc(-c2nc(N3CCOC[C@@H]3C)c3c(n2)[C@](C)(CCOC)OC3)cc1,1,IC50,7.92,3,CHEMBL1774373
CCNC(=O)Nc1ccc(-c2nc(N3CCOC[C@@H]3C)c3c(n2)[C@@](C)(CCOC)OC3)cc1,1,IC50,7.39,3,CHEMBL1774374
CCNC(=O)Nc1ccc(-c2nc(N3CCOC[C@@H]3C)c3c(n2)[C@](C)(CO)OC3)cc1,1,IC50,7.96,3,CHEMBL1774375
CCNC(=O)Nc1ccc(-c2nc(N3CCOCC3)c3c(n2)[C@](C)(CO)OC3)cc1,1,IC50,7.52,3,CHEMBL1774376
CCNC(=O)Nc1ccc(-c2nc(N3CCOC[C@@H]3C)c3c(n2)[C@@](C)(CO)OC3)cc1,1,IC50,7.32,3,CHEMBL1774377
CCNC(=O)Nc1ccc(-c2nc(N3CCOCC3)c3c(n2)[C@@](C)(CO)OC3)cc1,1,IC50,6.85,3,CHEMBL1774378
CCNC(=O)Nc1ccc(-c2nc(N3CCOC[C@@H]3C)c3c(n2)[C@](C)(CC(C)(C)O)OC3)cc1,1,IC50,8.36,3,CHEMBL1774379
CCNC(=O)Nc1ccc(-c2nc(N3CCOCC3)c3c(n2)[C@](C)(CC(C)(C)O)OC3)cc1,1,IC50,8.14,3,CHEMBL1774380
CCNC(=O)Nc1ccc(-c2nc(N3CCOC[C@@H]3C)c3c(n2)[C@@](C)(CC(C)(C)O)OC3)cc1,1,IC50,7.72,3,CHEMBL1774381
CCNC(=O)Nc1ccc(-c2nc(N3CCOCC3)c3c(n2)[C@@](C)(CC(C)(C)O)OC3)cc1,1,IC50,7.39,3,CHEMBL1774382
CN1CCC(NC(=O)c2ccc(-c3ccc(-n4c(=O)ccc5cnc6ccc(-c7cnc8ccccc8c7)cc6c54)cc3C(F)(F)F)cc2)CC1,1,IC50,8.52,1,CHEMBL1795875
CNC(=O)c1ccc2c(c1)OCCc1cc(C(=O)N(C)c3ccc(C(=O)N(C)C)cc3Cl)sc1-2,1,IC50,6.28,1,CHEMBL1796761
COc1ccc(-c2ccc3c(N4CCOC[C@@H]4C)nc(N4CCOC[C@@H]4C)nc3n2)cc1CO,1,IC50,9.89,11,CHEMBL1801204
CN(C)CCN(C)C(=O)c1ccc(NC(=O)Nc2ccc(-c3nc(O[C@H]4CCOC4)nc(N4CCOCC4)n3)cc2)cc1,1,IC50,9.15,1,CHEMBL1808977
COc1nc(-c2ccc(NC(=O)Nc3ccc(C(=O)NCCN4CCCCC4)cc3)cc2)nc(N2CCOCC2)n1,1,IC50,8.09,1,CHEMBL1808978
COc1nc(-c2ccc(NC(=O)Nc3ccc(C(=O)N(C)CCN(C)C)cc3)cc2)nc(N2CCOCC2)n1,1,IC50,8.11,1,CHEMBL1808979
COc1nc(-c2ccc(NC(=O)Nc3ccc(C(=O)NCCN(C)C)cc3)cc2)nc(N2CCOCC2)n1,1,IC50,8.25,1,CHEMBL1808980
CNCCN(C)C(=O)c1ccc(NC(=O)Nc2ccc(-c3nc(OC)nc(N4CCOCC4)n3)cc2)cc1,1,IC50,7.84,1,CHEMBL1808981
COc1nc(-c2ccc(NC(=O)Nc3ccc(C(=O)N4CCN(C)CC4)cc3)cc2)nc(N2CCOCC2)n1,1,IC50,7.65,1,CHEMBL1808982
COc1nc(-c2ccc(NC(=O)Nc3ccc(C(=O)N4CCNC(C)(C)C4)cc3)cc2)nc(N2CCOCC2)n1,1,IC50,7.73,1,CHEMBL1808983
CN1CCN(C(=O)c2ccc(NC(=O)Nc3ccc(-c4nc(OC5COC5)nc(N5CCOCC5)n4)cc3)cc2)CC1,1,IC50,8.52,1,CHEMBL1808984
CC(C)Oc1nc(-c2ccc(NC(=O)Nc3ccc(C(=O)N4CCN(C)CC4)cc3)cc2)nc(N2CCOCC2)n1,1,IC50,8.89,1,CHEMBL1808985
CC(C)Oc1nc(-c2ccc(NC(=O)Nc3ccc(C(=O)N(C)CCN(C)C)cc3)cc2)nc(N2CCOCC2)n1,1,IC50,9.52,1,CHEMBL1808986
CC(C)Oc1nc(-c2ccc(NC(=O)Nc3ccc(C(=O)NCCN(C)C)cc3)cc2)nc(N2CCOCC2)n1,1,IC50,9.4,1,CHEMBL1808987
CN(C)C1CCN(C(=O)c2ccc(NC(=O)Nc3ccc(-c4nc(O[C@H]5CCOC5)nc(N5CCOCC5)n4)cc3)cc2)CC1,1,IC50,8.96,1,CHEMBL1808988
O=C(Nc1ccc(C(=O)NCCN2CCCCC2)cc1)Nc1ccc(-c2nc(O[C@H]3CCOC3)nc(N3CCOCC3)n2)cc1,1,IC50,9.4,1,CHEMBL1808989
O=C(Nc1ccc(C(=O)NCCN2CCCC2)cc1)Nc1ccc(-c2nc(O[C@H]3CCOC3)nc(N3CCOCC3)n2)cc1,1,IC50,9.52,1,CHEMBL1808990
CN1CCN(C(=O)c2ccc(NC(=O)Nc3ccc(-c4nc(O[C@H]5CCOC5)nc(N5CCOCC5)n4)cc3)cc2)CC1,1,IC50,8.77,1,CHEMBL1808991
CN1C2CCC1CC(Oc1nc(-c3ccc(NC(=O)Nc4ccc(C(N)=O)cc4)cc3)nc(N3CCOCC3)n1)C2,1,IC50,8.28,1,CHEMBL1808992
Nc1nc2ccc(-c3cnc(Cl)c(NS(=O)(=O)c4ccc(F)cc4)c3)cc2s1,1,IC50,7.62,1,CHEMBL1822052
O=S(=O)(Nc1cc(-c2ccc3ncsc3c2)cnc1Cl)c1ccc(F)cc1,1,IC50,7.48,1,CHEMBL1822053
CC(=O)Nc1cn2nc(-c3cnc(Cl)c(NS(=O)(=O)c4ccc(F)cc4)c3)ccc2n1,1,IC50,9.4,1,CHEMBL1822054
Nc1cn2nc(-c3cnc(Cl)c(NS(=O)(=O)c4ccc(F)cc4)c3)ccc2n1,1,IC50,7.46,1,CHEMBL1822055
O=S(=O)(Nc1cc(-c2ccc3nccn3n2)cnc1Cl)c1ccc(F)cc1,1,IC50,7.31,1,CHEMBL1822056
CC(=O)Nc1cn2cc(-c3cnc(Cl)c(NS(=O)(=O)c4ccc(F)cc4)c3)ccc2n1,1,IC50,8.18,1,CHEMBL1822057
Nc1cn2cc(-c3cnc(Cl)c(NS(=O)(=O)c4ccc(F)cc4)c3)ccc2n1,1,IC50,7.7,1,CHEMBL1822058
O=S(=O)(Nc1cc(-c2ccc3nccn3c2)cnc1Cl)c1ccc(F)cc1,1,IC50,6.64,1,CHEMBL1822059
CC(=O)Nc1nc2ccc(-c3cnc(Cl)c(NS(=O)(=O)c4ccc(F)cc4)c3)cc2[nH]1,1,IC50,7.7,1,CHEMBL1822060
Nc1nc2ccc(-c3cnc(Cl)c(NS(=O)(=O)c4ccc(F)cc4)c3)cc2[nH]1,1,IC50,6.37,1,CHEMBL1822208
O=S(=O)(Nc1cc(-c2ccc3nc[nH]c3c2)cnc1Cl)c1ccc(F)cc1,1,IC50,6.35,1,CHEMBL1822209
CC(=O)Nc1nc2ccc(-c3cnc(Cl)c(NS(=O)(=O)c4ccc(F)cc4)c3)cc2o1,1,IC50,6.84,1,CHEMBL1822210
Nc1nc2ccc(-c3cnc(Cl)c(NS(=O)(=O)c4ccc(F)cc4)c3)cc2o1,1,IC50,7.16,1,CHEMBL1822211
O=S(=O)(Nc1cc(-c2ccc3ncoc3c2)cnc1Cl)c1ccc(F)cc1,1,IC50,7.12,1,CHEMBL1822212
O=S(=O)(Nc1cc(-c2ccc3nncn3c2)cnc1Cl)c1ccc(F)cc1,0,IC50 (>),4.6,1,CHEMBL1822213
O=S(=O)(Nc1cc(-c2ccc3sncc3c2)cnc1Cl)c1ccc(F)cc1,1,IC50,6.54,1,CHEMBL1822214
CCN1CCN(c2ccc(Nc3cc(N(C)C(=O)Nc4c(Cl)c(OC)cc(OC)c4Cl)ncn3)cc2)CC1,0,IC50 (>),5.0,1,CHEMBL1834657
COc1cc2c(Oc3ccc4[nH]c(C)cc4c3F)ncnc2cc1OCCCN1CCCC1,0,Kd (>),5.0,1,CHEMBL491473
C[C@@H]1CCN(C(=O)CC#N)C[C@@H]1N(C)c1ncnc2[nH]ccc12,0,Kd (>),5.0,1,CHEMBL221959
CSc1cccc(Nc2ncc3cc(-c4c(Cl)cccc4Cl)c(=O)n(C)c3n2)c1,0,Kd (>),5.0,1,CHEMBL386051
Cc1[nH]c(/C=C2\C(=O)Nc3ccc(F)cc32)c(C)c1C(=O)NC[C@H](O)CN1CCOCC1,0,Kd (>),5.0,1,CHEMBL1721885
Cn1cnc2c(F)c(Nc3ccc(Br)cc3Cl)c(C(=O)NOCCO)cc21,0,Kd (>),5.0,1,CHEMBL1614701
Cc1ccc(NC(=O)c2ccc(CN3CCN(C)CC3)cc2)cc1Nc1nccc(-c2cccnc2)n1,0,Kd (>),5.0,1,CHEMBL941
Cc1[nH]c(/C=C2\C(=O)Nc3ccc(S(=O)(=O)Cc4c(Cl)cccc4Cl)cc32)c(C)c1C(=O)N1CCC[C@@H]1CN1CCCC1,0,Kd (>),5.0,1,CHEMBL450786
C[C@@H](Oc1cc(-c2cnn(C3CCNCC3)c2)cnc1N)c1c(Cl)ccc(F)c1Cl,0,Kd (>),5.0,1,CHEMBL601719
N#CC[C@H](C1CCCC1)n1cc(-c2ncnc3[nH]ccc23)cn1,0,Kd (>),5.0,1,CHEMBL1789941
Oc1cccc(-c2nc(N3CCOCC3)c3oc4ncccc4c3n2)c1,1,IC50,8.28,23,CHEMBL573339
COc1cc(N2CCC(N3CCN(C)CC3)CC2)ccc1Nc1ncc(Cl)c(Nc2ccccc2S(=O)(=O)C(C)C)n1,0,Kd (>),5.0,1,CHEMBL509032
CC[C@@H]1C(=O)N(C)c2cnc(Nc3ccc(C(=O)NC4CCN(C)CC4)cc3OC)nc2N1C1CCCC1,0,Kd (>),5.0,1,CHEMBL513909
CN(C)CC(=O)N1CCC(c2ccc(NC(=O)c3nc(C#N)c[nH]3)c(C3=CCCCC3)c2)CC1,0,Kd (>),5.0,1,CHEMBL1908395
CO[C@@H]1[C@H](N(C)C(=O)c2ccccc2)C[C@H]2O[C@]1(C)n1c3ccccc3c3c4c(c5c6ccccc6n2c5c31)C(=O)NC4,0,Kd (>),5.0,1,CHEMBL608533
COC(=O)c1ccc2c(c1)NC(=O)/C2=C(\Nc1ccc(N(C)C(=O)CN2CCN(C)CC2)cc1)c1ccccc1,0,Kd (>),5.0,1,CHEMBL502835
C#Cc1cccc(Nc2ncnc3cc(OCCOC)c(OCCOC)cc23)c1,0,Kd (>),5.0,1,CHEMBL553
COc1cc(Oc2ccnc3cc(OC)c(OC)cc23)ccc1NC(=O)NC(C)c1nccs1,0,Kd (>),5.0,1,CHEMBL1908396
CCCS(=O)(=O)Nc1ccc(F)c(C(=O)c2c[nH]c3ncc(Cl)cc23)c1F,0,Kd (>),5.0,1,CHEMBL1230020
Cc1cnc(Nc2ccc(OCCN3CCCC3)cc2)nc1Nc1cccc(S(=O)(=O)NC(C)(C)C)c1,0,Kd (>),5.0,1,CHEMBL1287853
CN(C)C/C=C/C(=O)Nc1cc2c(Nc3ccc(F)c(Cl)c3)ncnc2cc1O[C@H]1CCOC1,0,Kd (>),5.0,1,CHEMBL1173655
COc1cc2c(Oc3ccc(NC(=O)C4(C(=O)Nc5ccc(F)cc5)CC4)cc3F)ccnc2cc1OCCCN1CCOCC1,0,Kd (>),5.0,1,CHEMBL1230609
O=C(c1ccc(/C=C/c2n[nH]c3ccccc23)cc1)N1CCNCC1,0,Kd (>),5.0,1,CHEMBL1908397
Cc1n[nH]c2ccc(-c3cncc(OC[C@@H](N)Cc4ccccc4)c3)cc12,0,Kd (>),5.0,1,CHEMBL379218
Cc1ccc(-n2nc(C(C)(C)C)cc2NC(=O)Nc2ccc(OCCN3CCOCC3)c3ccccc23)cc1,0,Kd (>),5.0,1,CHEMBL103667
CN1CC[C@H](c2c(O)cc(O)c3c(=O)cc(-c4ccccc4Cl)oc23)[C@H](O)C1,0,Kd (>),5.0,1,CHEMBL428690
CS(=O)(=O)CCNCc1ccc(-c2ccc3ncnc(Nc4ccc(OCc5cccc(F)c5)c(Cl)c4)c3c2)o1,0,Kd (>),5.0,1,CHEMBL554
COc1cc2/c(=N/c3ccc(Br)cc3F)nc[nH]c2cc1OCC1CCN(C)CC1,0,Kd (>),5.0,1,CHEMBL24828
Cc1ccc(NC(=O)c2ccc(CN3CCN(C)CC3)cc2)cc1Nc1nc(-c2cccnc2)cs1,0,Kd (>),5.0,1,CHEMBL1908391
Cc1ccc2nc(NCCN)c3ncc(C)n3c2c1,0,Kd (>),5.0,1,CHEMBL249697
OCCn1cc(-c2ccc3c(c2)CC/C3=N\O)c(-c2ccncc2)n1,0,Kd (>),5.0,1,CHEMBL525191
Clc1ccc(Nc2nnc(Cc3ccncc3)c3ccccc23)cc1,0,Kd (>),5.0,1,CHEMBL101253
Cc1cc(Nc2cc(N3CCN(C)CC3)nc(Sc3ccc(NC(=O)C4CC4)cc3)n2)n[nH]1,0,Kd (>),5.0,1,CHEMBL572878
Cc1ccc(F)c(NC(=O)Nc2ccc(-c3cccc4[nH]nc(N)c34)cc2)c1,0,Kd (>),5.0,1,CHEMBL223360
CC(C)(C)c1cnc(CSc2cnc(NC(=O)C3CCNCC3)s2)o1,0,Kd (>),5.0,1,CHEMBL296468
Cn1cc(C2=C(c3cn(C4CCN(Cc5ccccn5)CC4)c4ccccc34)C(=O)NC2=O)c2ccccc21,0,Kd (>),5.0,1,CHEMBL300138
COc1cc(Nc2ncc(F)c(Nc3ccc4c(n3)NC(=O)C(C)(C)O4)n2)cc(OC)c1OC,0,Kd (>),5.0,1,CHEMBL475251
O=c1ncn2nc(Sc3ccc(F)cc3F)ccc2c1-c1c(Cl)cccc1Cl,0,Kd (>),5.0,1,CHEMBL119385
CC(C)(C)c1cc(NC(=O)Nc2ccc(-c3cn4c(n3)sc3cc(OCCN5CCOCC5)ccc34)cc2)no1,0,Kd (>),5.0,2,CHEMBL576982
CN(C)C[C@@H]1CCn2cc(c3ccccc32)C2=C(C(=O)NC2=O)c2cn(c3ccccc23)CCO1,0,Kd (>),5.0,1,CHEMBL91829
COc1ccc(F)c(F)c1C(=O)c1cnc(NC2CCN(S(C)(=O)=O)CC2)nc1N,0,Kd (>),5.0,1,CHEMBL384304
Cc1cc2c(F)c(Oc3ncnn4cc(OC[C@@H](C)O)c(C)c34)ccc2[nH]1,0,Kd (>),5.0,1,CHEMBL377300
COc1c(Cl)cc2c([nH]c3cnccc32)c1NC(=O)c1cccnc1C,0,Kd (>),5.0,1,CHEMBL608154
C[S+]([O-])c1ccc(-c2nc(-c3ccc(F)cc3)c(-c3ccncc3)[nH]2)cc1,0,Kd (>),5.0,1,CHEMBL10
CNC(=O)c1ccccc1Sc1ccc2c(/C=C/c3ccccn3)n[nH]c2c1,0,Kd (>),5.0,1,CHEMBL1289926
C[C@]12O[C@H](C[C@]1(O)CO)n1c3ccccc3c3c4c(c5c6ccccc6n2c5c31)CNC4=O,0,Kd (>),5.0,1,CHEMBL603469
CNC(=O)c1c(F)cccc1Nc1nc(Nc2cc3c(cc2OC)CCN3C(=O)CN(C)C)nc2[nH]ccc12,0,Kd (>),5.0,1,CHEMBL464552
COc1cc2c(N3CCN(C(=O)Nc4ccc(OC(C)C)cc4)CC3)ncnc2cc1OCCCN1CCCCC1,0,Kd (>),5.0,1,CHEMBL124660
Cn1cc(-c2ccc3nnc(Sc4ccc5ncccc5c4)n3n2)cn1,0,Kd (>),5.0,1,CHEMBL1236107
CC1(C)CNc2cc(NC(=O)c3cccnc3NCc3ccncc3)ccc21,0,Kd (>),5.0,1,CHEMBL572881
CN1CCN(c2ccc3nc(-c4c(N)c5c(F)cccc5[nH]c4=O)[nH]c3c2)CC1,0,Kd (>),5.0,1,CHEMBL522892
C[C@@H](Oc1cc(-n2cnc3ccc(CN4CCN(C)CC4)cc32)sc1C(N)=O)c1ccccc1C(F)(F)F,0,Kd (>),5.0,1,CHEMBL1908394
O=C(O)c1ccc(Nc2ncc3c(n2)-c2ccc(Cl)cc2C(c2c(F)cccc2F)=NC3)cc1,0,Kd (>),5.0,1,CHEMBL259084
COc1cc(Nc2c(C#N)cnc3cc(OCCCN4CCN(C)CC4)c(OC)cc23)c(Cl)cc1Cl,0,Kd (>),5.0,1,CHEMBL288441
CCN1CCN(Cc2ccc(NC(=O)Nc3ccc(Oc4cc(NC)ncn4)cc3)cc2C(F)(F)F)CC1,0,Kd (>),5.0,1,CHEMBL574738
Cn1c(Nc2ccc(C(F)(F)F)cc2)nc2cc(Oc3ccnc(-c4ncc(C(F)(F)F)[nH]4)c3)ccc21,0,Kd (>),5.0,1,CHEMBL558752
CCn1c(-c2nonc2N)nc2c(C#CC(C)(C)O)ncc(OC[C@H]3CCCNC3)c21,0,Kd (>),5.0,1,CHEMBL494089
Cc1cn(-c2cc(NC(=O)c3ccc(C)c(Nc4nccc(-c5cccnc5)n4)c3)cc(C(F)(F)F)c2)cn1,0,Kd (>),5.0,1,CHEMBL255863
O=C(NC1CCNCC1)c1n[nH]cc1NC(=O)c1c(Cl)cccc1Cl,0,Kd (>),5.0,1,CHEMBL445813
C=CC(=O)Nc1cc2c(Nc3ccc(F)c(Cl)c3)ncnc2cc1OCCCN1CCOCC1,0,Kd (>),5.0,1,CHEMBL31965
COc1ccc(COc2ccc(Cc3cnc(N)nc3N)cc2OC)cc1,0,Kd (>),5.0,1,CHEMBL261849
CCN(CCO)CCCOc1ccc2c(Nc3cc(CC(=O)Nc4cccc(F)c4)[nH]n3)ncnc2c1,0,Kd (>),5.0,1,CHEMBL215152
O=C(NOCC1CC1)c1ccc(F)c(F)c1Nc1ccc(I)cc1Cl,0,Kd (>),5.0,1,CHEMBL105442
CCOc1cc2ncc(C#N)c(Nc3ccc(OCc4ccccn4)c(Cl)c3)c2cc1NC(=O)/C=C/CN(C)C,0,Kd (>),5.0,1,CHEMBL180022
Cc1ccc(Nc2nccc(N(C)c3ccc4c(C)n(C)nc4c3)n2)cc1S(N)(=O)=O,0,Kd (>),5.0,1,CHEMBL477772
CN[C@@H]1C[C@H]2O[C@@](C)([C@@H]1OC)n1c3ccccc3c3c4c(c5c6ccccc6n2c5c31)C(=O)NC4,0,Kd (>),5.0,1,CHEMBL388978
O=S(=O)(Nc1cc(-c2ccc3nccc(-c4ccncc4)c3c2)cnc1Cl)c1ccc(F)cc1,1,IC50,9.39,1,CHEMBL1914727
O=S(=O)(Nc1cc(-c2ccc3ncc(NCCN4CCOCC4)nc3c2)cnc1Cl)c1ccc(F)cc1,1,IC50,8.28,1,CHEMBL1914736
O=S(=O)(Nc1cc(-c2ccc3nccc(N4CCOCC4)c3c2)cnc1Cl)c1ccc(F)cc1,1,IC50,8.41,1,CHEMBL1738719
O=S(=O)(Nc1cc(-c2ccc3ncc(N4CCOCC4)nc3c2)cnc1Cl)c1ccc(F)cc1,1,IC50,8.3,1,CHEMBL1914743
O=S(=O)(Nc1cc(-c2ccc3nccc(N4CCN(Cc5ccncc5)CC4)c3c2)cnc1Cl)c1ccc(F)cc1,1,IC50,8.41,1,CHEMBL1914724
CC(C)N1CCN(c2cnc3ccc(-c4cnc(Cl)c(NS(=O)(=O)c5ccc(F)cc5)c4)cc3n2)CC1,1,IC50,7.43,1,CHEMBL1914742
O=S(=O)(Nc1cc(-c2ccc3nccc(-c4cccnc4)c3c2)cnc1Cl)c1ccc(F)cc1,1,IC50,8.8,1,CHEMBL1914726
Cc1c(CN2CCN(C(=O)[C@H](C)O)CC2)sc2c(N3CCOCC3)nc(-c3cnc(N)nc3)nc12,1,IC50,7.77,6,CHEMBL1922094
Cc1ccc([N+](=O)[O-])cc1S(=O)(=O)N(C)/N=C/c1cnn2ccc(C#N)cc12,1,IC50,6.52,1,CHEMBL1928541
Cc1ccc([N+](=O)[O-])cc1S(=O)(=O)N(CCO)/N=C/c1cnn2ccc(C#N)cc12,1,IC50,6.63,1,CHEMBL1928561
FC(F)c1nc2ccccc2n1-c1nc(N2CCOCC2)nc(N2CCOCC2)n1,1,IC50,6.46,3,CHEMBL586702
Clc1cccc(Nc2nc(N3CCOCC3)nc(-n3cccn3)n2)c1,1,IC50,6.24,1,CHEMBL1940137
Cc1nccn1-c1nc(-c2cccc(O)c2)nc(N2CCOCC2)n1,1,IC50,7.02,1,CHEMBL1940138
Cc1nccn1-c1nc(-c2cnc(N)nc2)nc(N2CCOCC2)n1,1,IC50,6.38,1,CHEMBL1940139
CCc1nccn1-c1nc(-c2cccc3[nH]ccc23)nc(N2CCOCC2)n1,1,IC50,7.58,2,CHEMBL1940140
CCc1cc(C(F)(F)F)nn1-c1nc(-c2cccc3[nH]ccc23)nc(N2CCOCC2)n1,1,IC50,7.15,2,CHEMBL1940141
Cc1ccc(-c2nc(N3CCOCC3)nc(-n3ccnc3C)n2)c2cc[nH]c12,1,IC50,7.75,2,CHEMBL1940142
O=c1[nH]c2ncc(-c3ccc(-c4nc[nH]n4)cc3)nc2n1CC1CCOCC1,1,IC50,8.7,3,CHEMBL1945953
COc1ccc(Cn2c(=O)[nH]c3ncc(-c4ccc(O)cc4)nc32)cc1,1,IC50,6.2,1,CHEMBL1945492
O=c1[nH]c2ncc(-c3ccc(O)cc3)nc2n1CC1CCCCC1,1,IC50,6.11,1,CHEMBL1945495
O=c1[nH]c2ncc(-c3ccc(O)cc3)nc2n1CC1CCOCC1,1,IC50,6.47,1,CHEMBL1945789
CN1CCC(Cn2c(=O)[nH]c3ncc(-c4ccc(O)cc4)nc32)CC1,0,IC50,4.85,1,CHEMBL1945790
NC(=O)[C@H]1CC[C@@H](n2c(=O)[nH]c3ncc(-c4ccc(O)cc4)nc32)CC1,1,IC50,6.75,1,CHEMBL1945793
NC(=O)[C@H]1CC[C@H](n2c(=O)[nH]c3ncc(-c4ccc(O)cc4)nc32)CC1,1,IC50,6.75,1,CHEMBL1945794
O=c1[nH]c2ncc(-c3ccccc3)nc2n1CC1CCCCC1,0,IC50 (>),5.0,1,CHEMBL1945795
O=c1[nH]c2ncc(-c3ccc(CO)cc3)nc2n1CC1CCCCC1,1,IC50,7.22,1,CHEMBL1945796
O=C(O)c1ccc(-c2cnc3[nH]c(=O)n(CC4CCCCC4)c3n2)cc1,1,IC50,6.89,1,CHEMBL1945797
NC(=O)c1ccc(-c2cnc3[nH]c(=O)n(CC4CCCCC4)c3n2)cc1,1,IC50,7.16,1,CHEMBL1945799
CNC(=O)c1ccc(-c2cnc3[nH]c(=O)n(CC4CCCCC4)c3n2)cc1,1,IC50,6.92,1,CHEMBL1945800
COC(=O)c1ccc(-c2cnc3[nH]c(=O)n(CC4CCCCC4)c3n2)cc1,0,IC50 (>),5.0,1,CHEMBL1945948
CC(C)(O)c1ccc(-c2cnc3[nH]c(=O)n(CC4CCCCC4)c3n2)cc1,1,IC50,7.52,2,CHEMBL1945950
O=c1[nH]c2ncc(-c3ccc(-c4nc[nH]n4)cc3)nc2n1CC1CCCCC1,1,IC50,8.05,1,CHEMBL1945952
O=c1[nH]c2ncc(-c3ccc(-c4ncc[nH]4)cc3)nc2n1CC1CCCCC1,1,IC50,8.05,1,CHEMBL1945954
O=c1[nH]c2ncc(-c3ccc(-c4ncc[nH]4)cc3)nc2n1CC1CCOCC1,1,IC50,8.3,3,CHEMBL1945955
O=c1[nH]c2ncc(-c3ccc(-n4ccnc4)cc3)nc2n1CC1CCCCC1,1,IC50,6.24,1,CHEMBL1945957
O=c1[nH]c2ncc(-c3ccc(-n4ccnn4)cc3)nc2n1CC1CCCCC1,0,IC50 (>),5.0,1,CHEMBL1945958
O=c1[nH]c2ncc(-c3ccc(-c4cn[nH]c4)cc3)nc2n1CC1CCCCC1,1,IC50,6.92,1,CHEMBL1946130
O=c1[nH]c2ncc(-c3ccc(-n4cccn4)cc3)nc2n1CC1CCOCC1,1,IC50,6.77,1,CHEMBL1946131
O=c1[nH]c2ncc(-c3ccc4[nH]ncc4c3)nc2n1CC1CCCCC1,1,IC50,6.72,2,CHEMBL1946132
O=c1[nH]c2ncc(-c3cnc4[nH]cnc4c3)nc2n1CC1CCOCC1,1,IC50,6.41,1,CHEMBL1946133
O=c1[nH]c2ncc(-c3ccc4[nH]cnc4c3)nc2n1CC1CCOCC1,1,IC50,7.52,1,CHEMBL1946261
O=c1[nH]c2ncc(-c3ccc4[nH]cnc4c3)nc2n1CC1CCCCC1,1,IC50,7.68,3,CHEMBL1946262
Nc1nc2cc(-c3cnc4[nH]c(=O)n(CC5CCOCC5)c4n3)ccc2[nH]1,1,IC50,8.0,1,CHEMBL1946263
Nc1nc2cc(-c3cnc4[nH]c(=O)n(CC5CCCCC5)c4n3)ccc2[nH]1,1,IC50,8.7,3,CHEMBL1946264
CNc1nc2cc(-c3cnc4[nH]c(=O)n(CC5CCOCC5)c4n3)ccc2[nH]1,1,IC50,8.22,1,CHEMBL1946265
O=c1[nH]c2ncc(-c3ccc4[nH]ccc4c3)nc2n1CC1CCOCC1,1,IC50,7.68,3,CHEMBL1946266
O=c1[nH]c2ncc(-c3ccc4[nH]ccc4c3)nc2n1CC1CCCCC1,1,IC50,7.2,1,CHEMBL1946267
CS(=O)(=O)N1CCN(Cc2cn3cc(-c4cccc5[nH]ncc45)nc(N4CCOCC4)c3n2)CC1,0,IC50 (>),5.0,1,CHEMBL1957497
CS(=O)(=O)N1CCN(Cc2nc3c(N4CCOCC4)nc(-c4cccc5[nH]ncc45)cn3c2Br)CC1,0,IC50 (>),5.0,1,CHEMBL1957498
CS(=O)(=O)N1CCN(Cc2cn3c(C#N)c(-c4cccc5[nH]ncc45)nc(N4CCOCC4)c3n2)CC1,0,IC50 (>),5.0,1,CHEMBL1957499
CS(=O)(=O)N1CCN(Cc2cn3c(Cl)c(-c4cccc5[nH]ncc45)nc(N4CCOCC4)c3n2)CC1,0,IC50 (>),5.0,1,CHEMBL1957500
CNC(=O)c1cn2cc(-c3cccc4[nH]ncc34)nc(N3CCOCC3)c2n1,0,IC50 (>),5.0,1,CHEMBL1957502
O=C(NCCN1CCOCC1)c1cn2cc(-c3cccc4[nH]ncc34)nc(N3CCOCC3)c2n1,0,IC50 (>),5.0,1,CHEMBL1957504
CN(C)CCCNC(=O)c1cn2cc(-c3cccc4[nH]ncc34)nc(N3CCOCC3)c2n1,0,IC50 (>),5.0,1,CHEMBL1957505
COCCCNC(=O)c1cn2cc(-c3cccc4[nH]ncc34)nc(N3CCOCC3)c2n1,0,IC50 (>),5.0,1,CHEMBL1957508
Cc1c(Cn2c(C)cn3c(=O)cc(N4CCOCC4)nc23)cccc1C(F)(F)F,0,IC50,4.5,1,CHEMBL1957857
COc1ccc(-c2cc3c(C)nc(N)nc3n([C@H]3CC[C@H](OCCO)CC3)c2=O)cn1,1,IC50,8.1,7,CHEMBL1234354
CS(=O)(=O)Cc1cc(N2CCOCC2)nc(-c2ccc(NC(=O)Nc3ccc(F)cc3)cc2)n1,1,IC50,7.55,2,CHEMBL2030451
CS(=O)(=O)Cc1cc(N2CCOCC2)nc(NC(=O)c2ccno2)n1,1,IC50,7.43,1,CHEMBL2030450
CS(=O)(=O)Cc1cc(N2CC3CCC(C2)O3)nc(-c2ccc3[nH]ccc3c2)n1,1,IC50,6.6,1,CHEMBL2030448
C[C@@H]1COCCN1c1cc(CS(C)(=O)=O)nc(-c2ccc3[nH]ccc3c2)n1,1,IC50,6.42,1,CHEMBL2030447
C[C@H]1COCCN1c1cc(CS(C)(=O)=O)nc(-c2ccc3[nH]ccc3c2)n1,1,IC50,6.52,1,CHEMBL2030446
CS(=O)(=O)Cc1cc(N2CCOCC2)nc(-c2cnc3[nH]ccc3c2)n1,1,IC50,6.58,1,CHEMBL2029359
CS(=O)(=O)Cc1cc(N2CCOCC2)nc(-c2ccc3[nH]cnc3c2)n1,1,IC50,6.54,1,CHEMBL2030445
COCc1cccc(-c2nc(CS(C)(=O)=O)cc(N3CCOCC3)n2)c1,0,IC50,4.65,1,CHEMBL2030444
CS(=O)(=O)Cc1cc(N2CCOCC2)nc(-c2cccc(CO)c2)n1,1,IC50,6.22,1,CHEMBL2030443
Cn1ccc2cc(-c3nc(CS(C)(=O)=O)cc(N4CCOCC4)n3)ccc21,0,IC50 (>),4.0,1,CHEMBL2030441
CS(=O)(=O)Cc1cc(N2CCOCC2)nc(-c2ccc3[nH]ccc3c2)n1,1,IC50,6.54,2,CHEMBL2030436
Nc1ncc(-c2cn3cc(C(=O)NC4CCOCC4)nc3c(N3CCOCC3)n2)cn1,1,IC50,6.12,1,CHEMBL2058170
Nc1ncc(-c2cn3cc(C(=O)N[C@H]4CC[C@H](O)CC4)nc3c(N3CCOCC3)n2)cn1,1,IC50,6.0,1,CHEMBL2058168
NC(=O)c1cn2cc(-c3cnc(N)nc3)nc(N3CCOCC3)c2n1,1,IC50,6.62,1,CHEMBL2058163
COc1ccc(-c2cc3c(C)nc(N)nc3n(C3CCCC3)c2=O)cn1,1,IC50,7.52,3,CHEMBL2057725
O=c1cc(N2CCOCC2)nc(Cc2nc3c(-c4ccccc4)c(F)ccc3o2)[nH]1,0,IC50 (>),5.0,1,CHEMBL2064417
O=c1cc(N2CCOCC2)nc(Cc2nc3c(-c4ccncc4)cccc3o2)[nH]1,0,IC50 (>),5.0,1,CHEMBL2064416
O=c1cc(N2CCOCC2)nc(Cc2nc3c(-c4cccnc4)cccc3o2)[nH]1,0,IC50 (>),5.0,1,CHEMBL2064415
O=c1cc(N2CCOCC2)nc(Cc2nc3c(-c4ccccn4)cccc3o2)[nH]1,0,IC50 (>),5.0,1,CHEMBL2064414
O=c1cc(N2CCOCC2)nc(Cc2nc3c(-c4cccs4)cccc3o2)[nH]1,0,IC50 (>),5.0,1,CHEMBL2064413
O=c1cc(N2CCOCC2)nc(Cc2nc3cccc(-c4ccccc4)c3o2)[nH]1,0,IC50 (>),5.0,1,CHEMBL2064412
O=c1cc(N2CCOCC2)nc(Cc2nc3c(-c4ccccc4)cccc3o2)[nH]1,0,IC50 (>),5.0,1,CHEMBL2064411
O=c1cc(N2CCOCC2)nc(Cc2nc3c(Br)cccc3o2)[nH]1,0,IC50 (>),5.0,1,CHEMBL2064410
Cc1cccc2nc(Cc3nc(N4CCOCC4)cc(=O)[nH]3)oc12,0,IC50 (>),5.0,1,CHEMBL2064409
Cc1ccc2nc(Cc3nc(N4CCOCC4)cc(=O)[nH]3)oc2c1,0,IC50 (>),5.0,1,CHEMBL2064408
Cc1ccc2oc(Cc3nc(N4CCOCC4)cc(=O)[nH]3)nc2c1,0,IC50 (>),5.0,1,CHEMBL2064407
Cc1cccc2oc(Cc3nc(N4CCOCC4)cc(=O)[nH]3)nc12,0,IC50 (>),5.0,1,CHEMBL2064406
Cn1c(Cc2nc3ccccc3o2)nc(N2CCOCC2)cc1=O,0,IC50 (>),5.0,1,CHEMBL2064405
O=c1cc(N2CCOCC2)nc(Cc2nc3cccc(F)c3o2)[nH]1,0,IC50 (>),5.0,1,CHEMBL2064354
O=c1cc(N2CCOCC2)nc(Cc2nc3ccc(F)cc3o2)[nH]1,0,IC50 (>),5.0,1,CHEMBL2064353
O=c1cc(N2CCOCC2)nc(Cc2nc3cc(F)ccc3o2)[nH]1,0,IC50 (>),5.0,1,CHEMBL2064352
O=c1cc(N2CCOCC2)nc(Cc2nc3c(F)cccc3o2)[nH]1,0,IC50 (>),5.0,1,CHEMBL2064351
Cn1c(Cc2nc(N3CCOCC3)cc(=O)[nH]2)nc2ccc(-c3ccccc3)cc21,0,IC50 (>),5.0,1,CHEMBL2064350
Cn1c(Cc2nc(N3CCOCC3)cc(=O)[nH]2)nc2cc(-c3ccccc3)ccc21,0,IC50 (>),5.0,1,CHEMBL2064349
Cn1c(Cc2nc(N3CCOCC3)cc(=O)[nH]2)nc2cccc(-c3ccccc3)c21,0,IC50 (>),5.0,1,CHEMBL2064348
Cn1c(Cc2nc(N3CCOCC3)cc(=O)[nH]2)nc2c(-c3ccccc3)cccc21,0,IC50 (>),5.0,1,CHEMBL2064347
O=c1cc(N2CCOCC2)nc(Cc2nc3c(-c4ccccc4)cccc3[nH]2)[nH]1,0,IC50 (>),5.0,1,CHEMBL2064346
O=c1cc(N2CCOCC2)nc(Cc2nc3ccccc3n2Cc2ccccc2)[nH]1,0,IC50 (>),5.0,1,CHEMBL2064345
O=c1cc(N2CCOCC2)nc(Cc2nc3ccccc3n2-c2ccccc2)[nH]1,0,IC50 (>),5.0,1,CHEMBL2064344
O=c1cc(N2CCOCC2)nc(Cc2nc3ccccc3n2C2CCCCC2)[nH]1,0,IC50 (>),5.0,1,CHEMBL2064343
COCCn1c(Cc2nc(N3CCOCC3)cc(=O)[nH]2)nc2cc(F)ccc21,0,IC50 (>),5.0,1,CHEMBL2064342
O=c1cc(N2CCOCC2)nc(Cc2nc3cc(F)ccc3n2C2CC2)[nH]1,0,IC50 (>),5.0,1,CHEMBL2064341
CCn1c(Cc2nc(N3CCOCC3)cc(=O)[nH]2)nc2ccccc21,0,IC50 (>),5.0,1,CHEMBL2064340
O=c1cc(N2CCOCC2)nc(Cc2nc3cc(C(F)(F)F)ccc3[nH]2)[nH]1,0,IC50 (>),5.0,1,CHEMBL2064339
COc1ccc2[nH]c(Cc3nc(N4CCOCC4)cc(=O)[nH]3)nc2c1,0,IC50 (>),5.0,1,CHEMBL2064338
Cc1ccc2[nH]c(Cc3nc(N4CCOCC4)cc(=O)[nH]3)nc2c1,0,IC50 (>),5.0,1,CHEMBL2064337
O=c1cc(N2CCOCC2)nc(Cc2nc3cc(Cl)ccc3[nH]2)[nH]1,0,IC50 (>),5.0,1,CHEMBL2064336
O=c1cc(N2CCOCC2)nc(Cc2nc3cc(Br)ccc3[nH]2)[nH]1,0,IC50 (>),5.0,1,CHEMBL2064335
Cn1c(Cc2nc(N3CCOCC3)cc(=O)[nH]2)nc2ccc(F)cc21,0,IC50 (>),5.0,1,CHEMBL2064334
Cn1c(Cc2nc(N3CCOCC3)cc(=O)[nH]2)nc2cc(F)ccc21,0,IC50 (>),5.0,1,CHEMBL2064333
Cn1c(Cc2nc3cc(F)ccc3[nH]2)nc(N2CCOCC2)cc1=O,0,IC50 (>),5.0,1,CHEMBL2064332
O=c1cc(N2CCOCC2)nc(Cc2nc3cc(F)ccc3[nH]2)[nH]1,0,IC50 (>),5.0,1,CHEMBL2064331
Cn1c(Cc2nc(N3CCOCC3)cc(=O)[nH]2)nc2ccccc21,0,IC50 (>),5.0,1,CHEMBL2064330
O=c1cc(N2CCOCC2)nc(Cc2nc3ccccc3o2)[nH]1,0,IC50 (>),5.0,1,CHEMBL2064418
O=c1cc(N2CCOCC2)nc(Cc2nc3ccccc3[nH]2)[nH]1,0,IC50 (>),5.0,1,CHEMBL2064329
O=C(Cc1nc(N2CCOCC2)cc(=O)[nH]1)Nc1ccccc1,0,IC50 (>),5.0,2,CHEMBL2064419
CCNC(=O)Nc1ccc(-c2nc3c(c(N4C[C@H]5CC[C@@H](C4)O5)n2)CS(=O)(=O)CC3)cc1,1,IC50,7.26,2,CHEMBL2063759
CCNC(=O)Nc1ccc(-c2nc3c(c(N4C[C@H]5CC[C@@H](C4)O5)n2)CS(=O)(=O)C3)cc1,1,IC50,7.08,2,CHEMBL2063760
CCNC(=O)Nc1ccc(-c2nc3c(c(N4CCOC[C@@H]4C)n2)CS(=O)(=O)CC3)cc1,1,IC50,8.22,3,CHEMBL2063756
CNC(=O)c1nc(-c2ccc(Cl)c(S(=O)(=O)Nc3cccc(F)c3F)c2)cnc1N,1,IC50,6.21,1,CHEMBL2152252
NS(=O)(=O)c1ccc(Nc2nccc(-c3cccc(C(=O)N4CCCCC4)c3)n2)cc1,1,IC50,6.05,1,CHEMBL2158842
Cc1cccc(Nc2nccc(-c3ccnc(N4CCOCC4)c3)n2)c1,0,IC50 (>),4.7,1,CHEMBL2158848
NS(=O)(=O)c1ccc(Nc2nccc(-c3ccnc(N4CCOCC4)c3)n2)cc1,0,IC50 (>),4.7,1,CHEMBL2158847
Clc1ccc(Nc2nccc(-c3ccnc(N4CCOCC4)c3)n2)cc1,0,IC50 (>),4.7,1,CHEMBL2158846
Clc1cccc(Nc2nccc(-c3ccnc(N4CCOCC4)c3)n2)c1,0,IC50 (>),4.7,1,CHEMBL2158844
OCCCNc1cc(-c2ccnc(Nc3cccc(Cl)c3)n2)ccn1,1,IC50,6.1,1,CHEMBL300389
NS(=O)(=O)c1cccc(Nc2nccc(-c3ccnc(N4CCOCC4)c3)n2)c1,1,IC50,6.21,1,CHEMBL2158845
NS(=O)(=O)c1cccc(Nc2nccc(-c3ccnc(NCCCO)c3)n2)c1,1,IC50,6.5,1,CHEMBL2158843
NS(=O)(=O)c1cccc(Nc2nccc(-c3ccnc(N4CC5CCC(C4)O5)c3)n2)c1,1,IC50,6.7,1,CHEMBL2158855
NS(=O)(=O)c1cccc(Nc2nccc(-c3ccnc(N4CCCCC4)c3)n2)c1,1,IC50,6.85,1,CHEMBL2158857
CCN(CC)c1cc(-c2ccnc(Nc3cccc(S(N)(=O)=O)c3)n2)ccn1,1,IC50,6.96,1,CHEMBL2158853
CCN(CC)S(=O)(=O)c1cc(Nc2nccc(-c3ccnc(-c4ccc(NC(=O)NC)cc4)c3)n2)ccc1C,1,IC50,7.06,1,CHEMBL2158863
CCN(CC)S(=O)(=O)c1cc(Nc2nccc(-c3ccnc(-c4ccc(NC(=O)NC)cc4)c3)n2)ccc1Cl,1,IC50,7.3,1,CHEMBL2158866
CNC(=O)Nc1ccc(-c2cc(-c3ccnc(Nc4ccc(C)c(S(=O)(=O)N(C)C)c4)n3)ccn2)cc1,1,IC50,7.35,1,CHEMBL2158861
CCN(CC)S(=O)(=O)c1cccc(Nc2nccc(-c3ccnc(-c4ccc(NC(=O)NC)cc4)c3)n2)c1,1,IC50,7.6,1,CHEMBL2158011
CNC(=O)Nc1ccc(-c2cc(-c3ccnc(Nc4ccc(C)c(S(=O)(=O)NC)c4)n3)ccn2)cc1,1,IC50,7.75,1,CHEMBL2158862
CNC(=O)Nc1ccc(-c2cc(-c3ccnc(Nc4cccc(S(N)(=O)=O)c4)n3)ccn2)cc1,1,IC50,7.75,1,CHEMBL2158858
CNC(=O)Nc1ccc(-c2cc(-c3ccnc(Nc4ccc(C)c(S(N)(=O)=O)c4)n3)ccn2)cc1,1,IC50,7.8,1,CHEMBL2158860
CNC(=O)Nc1ccc(-c2cc(-c3ccnc(Nc4cccc(S(=O)(=O)NC)c4)n3)ccn2)cc1,1,IC50,7.82,1,CHEMBL2158859
CNC(=O)Nc1ccc(-c2cc(-c3ccnc(Nc4ccc(Cl)c(S(=O)(=O)N(C)C)c4)n3)ccn2)cc1,1,IC50,7.92,1,CHEMBL2158865
CNC(=O)Nc1ccc(-c2cc(-c3ccnc(Nc4ccc(Cl)c(S(=O)(=O)NC)c4)n3)ccn2)cc1,1,IC50,8.11,1,CHEMBL2158864
COc1ccc(Nc2ncc(Cc3ccc(S(C)(=O)=O)cc3)cc2-c2nc(C)nc(N)n2)cn1,0,IC50 (>),5.0,2,CHEMBL2165007
COc1ccc(Nc2ncc(Cc3ccccc3)cc2-c2nc(C)nc(N)n2)cn1,0,IC50 (>),5.0,2,CHEMBL2165006
COc1ccc(Nc2ncc(CN3CCS(=O)(=O)CC3)cc2-c2nc(C)nc(N)n2)cn1,0,IC50 (>),5.0,1,CHEMBL2165005
COc1ccc(Nc2ncc(CN3CCCN(S(C)(=O)=O)CC3)cc2-c2nc(C)nc(N)n2)cn1,0,IC50 (>),5.0,1,CHEMBL2165003
COc1ccc(Nc2ncc(CC3CCN(S(C)(=O)=O)CC3)cc2-c2nc(C)nc(N)n2)cn1,0,IC50 (>),5.0,2,CHEMBL2165020
COc1ccc(Nc2ncc(CN3CCC(S(C)(=O)=O)CC3)cc2-c2nc(C)nc(N)n2)cn1,0,IC50 (>),5.0,2,CHEMBL2165019
COc1ccc(Nc2ncc(CN3CCN(S(=O)(=O)N(C)C)CC3)cc2-c2nc(C)nc(N)n2)cn1,0,IC50 (>),5.0,2,CHEMBL2165018
COc1ccc(Nc2ncc(CN3CCN(C)CC3)cc2-c2nc(C)nc(N)n2)cn1,0,IC50 (>),5.0,2,CHEMBL2165014
COc1ccc(Nc2ncc(CN3CCNCC3)cc2-c2nc(C)nc(N)n2)cn1,0,IC50 (>),5.0,2,CHEMBL2165013
COc1ccc(Nc2ncc(CN3CC[C@@H](CO)C3)cc2-c2nc(C)nc(N)n2)cn1,0,IC50 (>),5.0,2,CHEMBL2165012
COc1ccc(Nc2ncc(CN3CCC(O)CC3)cc2-c2nc(C)nc(N)n2)cn1,0,IC50 (>),5.0,2,CHEMBL2165011
COc1ccc(Nc2ncc(CN3CCOCC3)cc2-c2nc(C)nc(N)n2)cn1,0,IC50 (>),5.0,2,CHEMBL2165010
COc1ccc(Nc2ncc(CN3CCCCC3)cc2-c2nc(C)nc(N)n2)cn1,0,IC50 (>),5.0,2,CHEMBL2165009
COc1ccc(Nc2ncc(CN3CCCC3)cc2-c2nc(C)nc(N)n2)cn1,0,IC50 (>),5.0,2,CHEMBL2165008
COc1ccc(Nc2ncc(CN3CCC3)cc2-c2nc(C)nc(N)n2)cn1,0,IC50 (>),5.0,2,CHEMBL2165034
COc1ccc(Nc2ncc(-c3cnn(C)c3)cc2-c2nc(C)nc(N)n2)cn1,0,IC50 (>),5.0,2,CHEMBL2165033
COc1ccc(Nc2ncc(-c3ccc(C)nc3)cc2-c2nc(C)nc(N)n2)cn1,0,IC50 (>),5.0,2,CHEMBL2165032
COc1ccc(Nc2ncc(C3=CCOCC3)cc2-c2nc(C)nc(N)n2)cn1,0,IC50 (>),5.0,2,CHEMBL2165030
COc1ccc(Nc2ncc(N3CCOCC3)cc2-c2nc(C)nc(N)n2)cn1,0,IC50 (>),5.0,1,CHEMBL2165029
COCCNCc1cnc(Nc2ccc(OC)nc2)c(-c2nc(C)nc(N)n2)c1,0,IC50 (>),5.0,2,CHEMBL2165028
COCc1cnc(Nc2ccc(OC)nc2)c(-c2nc(C)nc(N)n2)c1,0,IC50 (>),5.0,1,CHEMBL2165027
COc1cnc(Nc2ccc(OC)nc2)c(-c2nc(C)nc(N)n2)c1,0,IC50 (>),5.0,2,CHEMBL2165025
COc1ccc(Nc2ncc(C)cc2-c2nc(C)nc(N)n2)cn1,0,IC50 (>),5.0,2,CHEMBL2165024
COc1ccc(Nc2ncc(Br)cc2-c2nc(C)nc(N)n2)cn1,0,IC50 (>),5.0,2,CHEMBL2165023
COc1ccc(Nc2ncc(Cl)cc2-c2nc(C)nc(N)n2)cn1,0,IC50 (>),5.0,2,CHEMBL2165022
COc1ccc(Nc2nccnc2-c2cc(N)nc(C)n2)cn1,0,IC50 (>),5.0,2,CHEMBL2165021
COc1ccc(Nc2nccnc2-c2nc(C)nc(N)n2)cn1,0,IC50 (>),5.0,2,CHEMBL2165050
COc1ccc(Nc2ncncc2-c2nc(C)nc(N)n2)cn1,0,IC50 (>),5.0,2,CHEMBL2165049
COc1ccc(Nc2cccnc2-c2nc(C)nc(N)n2)cn1,0,IC50 (>),5.0,1,CHEMBL2165048
COc1ccc(Nc2cnccc2-c2nc(C)nc(N)n2)cn1,0,IC50 (>),5.0,2,CHEMBL2165047
COc1ccc(Nc2ccccc2-c2nc(C)nc(N)n2)cn1,0,IC50 (>),5.0,2,CHEMBL2165046
Cc1cc(-c2cccnc2Nc2cccc(O)c2)nc(N)n1,0,IC50 (>),5.0,1,CHEMBL2165045
COc1ccc(N(C)c2ncccc2-c2nc(C)nc(N)n2)cn1,0,IC50 (>),5.0,1,CHEMBL2165044
Cc1cc(-c2cccnc2Oc2cccc3[nH]ccc23)nc(N)n1,0,IC50 (>),5.0,1,CHEMBL2165043
Cc1nc(-c2cccnc2Nc2cccc3n[nH]cc23)c2c[nH]nc2n1,0,IC50 (>),5.0,2,CHEMBL2165042
c1cnc(Nc2cccc3n[nH]cc23)c(-c2ncnc3nc[nH]c23)c1,0,IC50 (>),5.0,2,CHEMBL2165040
COc1ccc(Nc2ncccc2-c2nc(C)nc3nc[nH]c23)cn1,1,IC50,6.54,2,CHEMBL2165039
Cc1nc(-c2cccnc2Nc2cccc3[nH]ccc23)c2[nH]cnc2n1,1,IC50,6.25,2,CHEMBL2165038
Cc1nc(-c2cccnc2Nc2cccc3n[nH]cc23)c2[nH]cnc2n1,1,IC50,6.28,2,CHEMBL2165037
Nc1cc(-c2cccnc2Nc2cccc3[nH]ncc23)nc(C(F)(F)F)n1,0,IC50 (>),5.0,2,CHEMBL2165036
Cc1nc(N)c(F)c(-c2cccnc2Nc2cccc3[nH]ncc23)n1,0,IC50 (>),5.0,2,CHEMBL2165035
Cc1nc(N)cc(-c2cccnc2Nc2cccc3[nH]ncc23)n1,0,IC50 (>),5.0,2,CHEMBL2165271
Cc1nc(N)cc(-c2cccnc2Nc2cccc(O)c2)n1,1,IC50,6.44,2,CHEMBL2165270
Cc1nc(N)nc(-c2cccnc2Nc2cccc3[nH]ncc23)n1,0,IC50 (>),5.0,2,CHEMBL2165053
Cc1nc(N)nc(-c2cccnc2Nc2cccc(O)c2)n1,1,IC50,6.7,2,CHEMBL2165052
Cc1ncnc(-n2c(Nc3cccc(O)c3)nc3ccccc32)n1,1,IC50,8.15,1,CHEMBL2165051
CC(=O)Nc1cc(-c2c(Nc3ccn(C)n3)nc3ccc(-c4cnco4)cn23)nc(C)n1,1,IC50,7.7,1,CHEMBL2172479
CC(=O)Nc1cc(-c2c(Nc3ccn(C)n3)nc3ccc(-c4cnn(C(C)C)c4)cn23)nc(C)n1,1,IC50,7.8,1,CHEMBL2172478
CC(=O)Nc1cc(-c2c(Nc3ccn(C)n3)nc3ccc(-c4cccnc4C)cn23)nc(C)n1,1,IC50,7.82,1,CHEMBL2172477
CC(=O)Nc1cc(-c2c(Nc3ccn(C)n3)nc3ccccn23)nc(C)n1,1,IC50,7.17,1,CHEMBL2172476
CC(=O)Nc1cc(-c2c(Nc3cc[nH]n3)nc3ccccn23)nc(C)n1,1,IC50,8.05,1,CHEMBL2172475
CC(=O)Nc1cc(-c2c(Nc3ccn(C)n3)nc3cccnn23)nc(C)n1,1,IC50,7.26,1,CHEMBL2172474
COc1cnnc(Nc2cc(-c3c(Nc4cc[nH]n4)nc4cccnn34)nc(C)n2)c1,1,IC50,8.52,1,CHEMBL2172635
Cc1nc(Nc2cnn(C3CCOC3)c2)cc(-c2c(Nc3cc[nH]n3)nc3cccnn23)n1,1,IC50,7.44,1,CHEMBL2172634
Cc1nc(Nc2ccc(N3CCOCC3)nn2)cc(-c2c(Nc3cc[nH]n3)nc3cccnn23)n1,1,IC50,7.46,1,CHEMBL2172633
Cc1nc(Nc2cccnn2)cc(-c2c(Nc3cc[nH]n3)nc3cccnn23)n1,1,IC50,7.62,1,CHEMBL2172632
Cc1nc(Nc2cccnc2)cc(-c2c(Nc3cc[nH]n3)nc3cccnn23)n1,1,IC50,6.83,1,CHEMBL2172631
Cc1nc(Nc2cnccn2)cc(-c2c(Nc3cc[nH]n3)nc3cccnn23)n1,1,IC50,8.22,1,CHEMBL2172630
CC(=O)Nc1cc(-c2c(Nc3cc[nH]n3)nc3cccnn23)nc(C)n1,1,IC50,8.52,1,CHEMBL2172629
Cc1nccc(-c2c(Nc3cc[nH]n3)nc3cccnn23)n1,1,IC50,6.85,1,CHEMBL2172628
CNc1cc(-c2c(Nc3cc[nH]n3)nc3cccnn23)nc(C)n1,1,IC50,7.2,1,CHEMBL2172627
Cc1nc(N)cc(-c2c(Nc3cc[nH]n3)nc3ccccn23)n1,1,IC50,7.19,1,CHEMBL2172626
Cc1nc(N)cc(-c2c(Nc3cc[nH]n3)nc3cccnn23)n1,1,IC50,7.89,1,CHEMBL2172625
Cc1nc(N)nc(-c2c(Nc3ccn(C)n3)nc3ccc(-c4cncnc4)cn23)n1,1,IC50,7.12,1,CHEMBL2172624
Cc1cc(-c2ccc3nc(Nc4cc[nH]n4)c(-c4nc(C)nc(N)n4)n3c2)on1,1,IC50,8.52,1,CHEMBL2172490
Cc1nc(N)nc(-c2c(Nc3cc[nH]n3)nc3ccc(-c4cnn(C5CC5)c4)cn23)n1,1,IC50,8.7,1,CHEMBL2172489
Cc1nc(N)nc(-c2c(Nc3cc[nH]n3)nc3ccc(-c4cncn4C)cn23)n1,1,IC50,8.3,1,CHEMBL2172488
CC(=O)Nc1cccc(-c2ccc3nc(Nc4cc[nH]n4)c(-c4nc(C)nc(N)n4)n3c2)c1,1,IC50,8.0,1,CHEMBL2172487
Cc1nc(N)nc(-c2c(Nc3cc[nH]n3)nc3ccc(-c4cncnc4C)cn23)n1,1,IC50,8.52,1,CHEMBL2172486
Cc1nc(N)nc(-c2c(Nc3cc[nH]n3)nc3ccc(-c4cncnc4)cn23)n1,1,IC50,8.7,1,CHEMBL2172485
Cc1cc(-c2ccc3nc(Nc4cc[nH]n4)c(-c4nc(C)nc(N)n4)n3c2)ccn1,1,IC50,8.4,1,CHEMBL2172484
COc1ncccc1-c1ccc2nc(Nc3cc[nH]n3)c(-c3nc(C)nc(N)n3)n2c1,1,IC50,7.41,1,CHEMBL2172483
Cc1nc(N)nc(-c2c(Nc3cc[nH]n3)nc3ccc(-c4cnccc4C)cn23)n1,1,IC50,8.7,1,CHEMBL2172482
Cc1nc(N)nc(-c2c(Nc3cc[nH]n3)nc3ccc(-c4ccccc4C)cn23)n1,1,IC50,7.68,1,CHEMBL2172481
Cc1nc(N)nc(-c2c(Nc3cc[nH]n3)nc3ccc(-c4cccnc4C)cn23)n1,1,IC50,8.52,1,CHEMBL2172480
Cc1nc(N)nc(-c2c(Nc3cc[nH]n3)nc3ccc(-c4cccnc4)cn23)n1,1,IC50,8.52,1,CHEMBL2172636
Cc1nc(N)nc(-c2c(Nc3cc[nH]n3)nc3ccc(-c4ccncc4)cn23)n1,1,IC50,8.22,1,CHEMBL2172640
Cc1nc(N)nc(-c2c(Nc3cc[nH]n3)nc3ccc(-c4cccc(F)c4)cn23)n1,1,IC50,7.57,1,CHEMBL2172639
Cc1nc(N)nc(-c2c(Nc3cc[nH]n3)nc3ccc(-c4ccccc4F)cn23)n1,1,IC50,7.82,1,CHEMBL2172638
Cc1nc(N)nc(-c2c(Nc3cc[nH]n3)nc3ccccn23)n1,1,IC50,7.92,1,CHEMBL2172637
COc1ncc(Nc2ncc(C(C)(C)N3CCN(S(C)(=O)=O)CC3)cc2-c2nc(C)nc(N)n2)cc1F,0,IC50 (>),5.0,2,CHEMBL2170090
COc1ncc(Nc2ncc([C@H](C)N3CCN(S(C)(=O)=O)C[C@@H]3C)cc2-c2nc(C)nc(N)n2)cc1F,0,IC50 (>),5.0,2,CHEMBL2170089
COc1ncc(Nc2ncc([C@@H](C)N3CCN(S(C)(=O)=O)C[C@@H]3C)cc2-c2nc(C)nc(N)n2)cc1F,0,IC50 (>),5.0,2,CHEMBL2170088
COc1ncc(Nc2ncc([C@H](C)N3CCN(S(C)(=O)=O)C[C@H]3C)cc2-c2nc(C)nc(N)n2)cc1F,0,IC50 (>),5.0,2,CHEMBL2170087
COc1ncc(Nc2ncc([C@@H](C)N3CCN(S(C)(=O)=O)C[C@H]3C)cc2-c2nc(C)nc(N)n2)cc1F,0,IC50 (>),5.0,2,CHEMBL2170086
COc1ncc(Nc2ncc([C@H](N3CCN(S(C)(=O)=O)CC3)C(F)(F)F)cc2-c2nc(C)nc(N)n2)cc1F,0,IC50 (>),5.0,1,CHEMBL2170085
COc1ncc(Nc2ncc([C@@H](N3CCN(S(C)(=O)=O)CC3)C(F)(F)F)cc2-c2nc(C)nc(N)n2)cc1F,0,IC50 (>),5.0,1,CHEMBL2170084
COc1ncc(Nc2ncc(CN3CCN(S(C)(=O)=O)C[C@@H]3C)cc2-c2nc(C)nc(N)n2)cc1F,0,IC50 (>),5.0,2,CHEMBL2170083
COc1ncc(Nc2ncc(CN3CCN(S(C)(=O)=O)C[C@H]3C)cc2-c2nc(C)nc(N)n2)cc1F,0,IC50 (>),5.0,2,CHEMBL2170082
COc1ncc(Nc2ncc([C@@H](C)N3CCN(S(C)(=O)=O)CC3)cc2-c2nc(C)nc(N)n2)cc1F,0,IC50 (>),5.0,3,CHEMBL2170081
COc1ncc(Nc2ncc([C@H](C)N3CCN(S(C)(=O)=O)CC3)cc2-c2nc(C)nc(N)n2)cc1F,0,IC50 (>),5.0,2,CHEMBL2170099
COc1cncc(Nc2ncc(CN3CCN(S(C)(=O)=O)CC3)cc2-c2nc(C)nc(N)n2)c1,0,IC50 (>),5.0,2,CHEMBL2170098
Cc1nc(N)nc(-c2cc(CN3CCN(S(C)(=O)=O)CC3)cnc2Nc2cncc(F)c2)n1,0,IC50 (>),5.0,2,CHEMBL2170097
COc1ncc(Nc2ncc(CN3CCN(S(C)(=O)=O)CC3)cc2-c2nc(C)nc(N)n2)cc1F,0,IC50 (>),5.0,2,CHEMBL2170096
COc1ncc(Nc2ncc(CN3CCN(S(C)(=O)=O)CC3)cc2-c2nc(C)nc(N)n2)cn1,0,IC50 (>),5.0,1,CHEMBL2170095
Cc1nc(N)nc(-c2cc(CN3CCN(S(C)(=O)=O)CC3)cnc2Nc2ccc(C(F)(F)F)nc2)n1,0,IC50 (>),5.0,2,CHEMBL2170094
Cc1ccc(Nc2ncc(CN3CCN(S(C)(=O)=O)CC3)cc2-c2nc(C)nc(N)n2)cn1,0,IC50 (>),5.0,1,CHEMBL2170093
Cc1nc(N)nc(-c2cc(CN3CCN(S(C)(=O)=O)CC3)cnc2Nc2ccc(Cl)nc2)n1,0,IC50 (>),5.0,1,CHEMBL2170092
Cc1nc(N)nc(-c2cc(CN3CCN(S(C)(=O)=O)CC3)cnc2Nc2ccc(=O)[nH]c2)n1,0,IC50 (>),5.0,1,CHEMBL2170091
COc1ccc(Nc2ncc(CN3CCN(S(C)(=O)=O)CC3)cc2-c2nc(C)nc(N)n2)cn1,0,IC50 (>),5.0,1,CHEMBL2165017
COCCOc1cnc(Nc2cnc(Cl)c(NS(C)(=O)=O)c2)c(-c2nc(C)nc(N)n2)c1,1,IC50,7.5,2,CHEMBL2206906
COc1cnc(Nc2cnc(Cl)c(NS(=O)(=O)N(C)C)c2)c(-c2nc(C)nc(N)n2)c1,1,IC50,7.19,2,CHEMBL2206904
Cc1nc(N)nc(-c2cc(Cl)cnc2Nc2cnc(Cl)c(NS(=O)(=O)N(C)C)c2)n1,1,IC50,6.79,2,CHEMBL2206921
Cc1nc(N)nc(-c2cccnc2Nc2cnc(Cl)c(NS(C)(=O)=O)c2)n1,1,IC50,6.7,1,CHEMBL2206913
CC(C)(C)NS(=O)(=O)c1cncc(-c2ccn3nc(N)nc3c2)c1,0,IC50 (>),5.0,1,CHEMBL2205766
O=c1cc(N2CCOCC2)oc2c(-c3ccc4c(c3)OCCO4)csc12,1,IC50,6.55,3,CHEMBL2322228
O=c1cc(N2CCOCC2)oc2c(-c3ccccc3)csc12,1,IC50,6.21,1,CHEMBL2322239
C[C@@H]1COCCN1c1cc(C2(S(C)(=O)=O)CC2)nc(-c2cccc3[nH]ccc23)n1,1,IC50,7.42,5,CHEMBL2325697
CS(=O)(=O)C1(c2cc(N3CCOCC3)nc(-c3cccc4[nH]ccc34)n2)CCNCC1,1,IC50,6.64,1,CHEMBL2325706
CS(=O)(=O)C1(c2cc(N3CCOCC3)nc(-c3cccc4[nH]ccc34)n2)CC1,1,IC50,6.75,1,CHEMBL2325704
CC(C)(c1cc(N2CCOCC2)nc(-c2cccc3[nH]ccc23)n1)S(C)(=O)=O,1,IC50,6.72,1,CHEMBL2325703
CS(=O)(=O)Cc1cc(N2CCOCC2)nc(-c2cccc3[nH]ccc23)n1,1,IC50,6.48,1,CHEMBL2030442
CCNC(=O)Nc1ccc(-c2nc3c(c(N4CCOC[C@@H]4C)n2)CCN(C2COC2)C3)cc1,1,IC50,8.42,4,CHEMBL2331680
CNC(=O)c1cccc(-c2ccc3c(N4CCOC[C@@H]4C)nc(N4CCOC[C@@H]4C)nc3n2)c1,1,IC50,9.85,9,CHEMBL2336325
CC(C)(O)c1ccc(-c2cnc3c(n2)N(CC2CCOCC2)CC(=O)N3)cn1,1,IC50,6.97,3,CHEMBL2348862
CC(C)(O)c1ccc(-c2cnc3[nH]c(=O)n(CC4CCOCC4)c3n2)cn1,1,IC50,6.75,1,CHEMBL2348863
O=C1CN(CCC2CCOCC2)c2nc(-c3ccc(-c4nc[nH]n4)cc3)cnc2N1,1,IC50,8.1,3,CHEMBL2348864
O=c1[nH]c2ncc(-c3ccc(-c4nc[nH]n4)cc3)nc2n1CCC1CCOCC1,1,IC50,8.7,2,CHEMBL2348865
CCNC(=O)Nc1ccc(-c2nc(N3C[C@@H]4C[C@H]3CO4)c3c(cnn3C)n2)cc1,1,IC50,6.57,3,CHEMBL2418351
CCNC(=O)Nc1ccc(-c2nc(N3CCOC[C@@H]3CC)c3c(n2)c(C)nn3C)cc1,1,IC50,8.4,3,CHEMBL2418350
CCNC(=O)Nc1ccc(-c2nc(N3CCOC[C@@H]3CC)c3c(cnn3C)n2)cc1,1,IC50,8.1,3,CHEMBL2418349
CCNC(=O)Nc1ccc(-c2nc(N3CCOC[C@@H]3C)c3c(cnn3C)n2)cc1,1,IC50,8.1,3,CHEMBL2418348
CCNC(=O)Nc1ccc(-c2nc(N3CCOC[C@@H]3CC)c3c(ccn3C)n2)cc1,1,IC50,7.96,3,CHEMBL2418347
CCNC(=O)Nc1ccc(-c2nc(N3CCOC[C@@H]3C)c3c(ccn3C)n2)cc1,1,IC50,7.11,3,CHEMBL2418346
CCNC(=O)Nc1ccc(-c2nc(N3CCOC[C@@H]3CC)c3c(ncn3C)n2)cc1,1,IC50,7.16,3,CHEMBL2418344
CCNC(=O)Nc1ccc(-c2nc(N3CCOC[C@H]3C)c3c(ncn3C)n2)cc1,1,IC50,6.19,3,CHEMBL2418343
CCNC(=O)Nc1ccc(-c2nc(N3CCOC[C@@H]3C)c3c(ncn3C)n2)cc1,1,IC50,6.2,2,CHEMBL2418339
Oc1cccc(-c2nc(N3CCOCC3)nc3cccnc23)c1,1,IC50,6.34,1,CHEMBL3109115
O=C(Nc1ccc(-c2nc(N3CCOCC3)c3ncccc3n2)cc1)Nc1cccnc1,1,IC50,7.46,1,CHEMBL3109146
O=C(Nc1ccc(O)cc1)Nc1ccc(-c2nc(N3CCOCC3)c3ncccc3n2)cc1,1,IC50,7.27,1,CHEMBL3109144
O=C(Nc1ccc(-c2nc(N3CCOCC3)c3ncccc3n2)cc1)Nc1cccc(O)c1,1,IC50,7.44,1,CHEMBL3109143
O=C(Nc1ccc(CO)cc1)Nc1ccc(-c2nc(N3CCOCC3)c3ncccc3n2)cc1,1,IC50,8.3,2,CHEMBL3109142
O=C(Nc1ccc(-c2nc(N3CCOCC3)c3ncccc3n2)cc1)Nc1cccc(CO)c1,1,IC50,9.0,2,CHEMBL3109141
CNC(=O)Nc1ccc(-c2nc(N3CCOCC3)c3ncccc3n2)cc1,1,IC50,7.89,1,CHEMBL3109140
Nc1ncc(-c2nc(N3CCOCC3)c3cccnc3n2)cn1,1,IC50,6.4,1,CHEMBL3109139
OCc1cccc(-c2nc(N3CCOCC3)c3cccnc3n2)c1,1,IC50,6.9,1,CHEMBL3109138
Oc1cccc(-c2nc(N3CCOCC3)c3cccnc3n2)c1,1,IC50,7.0,1,CHEMBL3109137
Nc1ncc(-c2nc(N3CCOCC3)c3ncccc3n2)cn1,1,IC50,7.23,1,CHEMBL3109134
Nc1ccc(-c2nc(N3CCOCC3)c3ncccc3n2)cn1,1,IC50,6.58,1,CHEMBL3109133
OCc1cccc(-c2nc(N3CCOCC3)c3ncccc3n2)c1,1,IC50,6.47,1,CHEMBL3109126
Oc1cccc(-c2nc(N3CCOCC3)c3ncccc3n2)c1,1,IC50,7.43,1,CHEMBL3109116
C[C@H]1Cc2ccccc2N1C(=O)Cc1nc(N2CCOCC2)cc(=O)[nH]1,0,IC50 (>),5.0,1,CHEMBL3112866
COc1ncc(-c2ccc3nc(N)nc(C)c3c2)cc1NS(=O)(=O)c1ccc(F)cc1F,1,IC50,8.63,1,CHEMBL3112720
COc1ncc(-c2cnc3nc(N)nc(-c4ccncc4)c3c2)cc1NS(=O)(=O)c1ccc(F)cc1F,1,IC50,7.74,2,CHEMBL3112719
COc1ncc(-c2cnc3nc(N)nc(C)c3c2)cc1NS(=O)(=O)c1ccc(F)cc1F,1,IC50,7.45,2,CHEMBL3112718
COc1ccc(-c2cc3c(C)nc(N)nc3n2[C@H]2CC[C@H](OCCO)CC2)cn1,0,IC50 (>),5.0,1,CHEMBL3112717
COc1ccc(-c2cn([C@H]3CC[C@H](OCCO)CC3)c3nc(N)nc(C)c23)cn1,0,IC50 (>),5.0,1,CHEMBL3112716
COc1ncc(-c2cc3c(C)nc(N)cc3n(C(C)C)c2=O)cc1NS(=O)(=O)c1ccc(F)cc1F,1,IC50,6.9,1,CHEMBL3112715
COc1ncc(-c2cc3c(C)nc(N)cc3n(C3CCOCC3)c2=O)cc1NS(=O)(=O)c1ccc(F)cc1F,1,IC50,7.87,1,CHEMBL3112713
COc1ncc(-c2cc3c(C)nc(N)cc3n([C@H]3CC[C@H](O)CC3)c2=O)cc1NS(=O)(=O)c1ccc(F)cc1F,1,IC50,7.54,1,CHEMBL3112712
COc1ncc(-c2cc3c(C)nc(N)cc3n(C3CCCC3)c2=O)cc1NS(=O)(=O)c1ccc(Cl)s1,1,IC50,8.07,1,CHEMBL3112711
COc1ncc(-c2cc3c(C)nc(N)cc3n(C3CCCC3)c2=O)cc1NS(=O)(=O)c1cccc(F)c1,1,IC50,7.86,1,CHEMBL3112709
COc1ncc(-c2cc3c(C)nc(N)cc3n(C3CCCC3)c2=O)cc1NS(=O)(=O)c1ccc(F)cc1,1,IC50,7.46,1,CHEMBL3112708
COc1ncc(-c2cc3c(C)nc(N)cc3n(C3CCCC3)c2=O)cc1NS(=O)(=O)c1ccc(C(F)(F)F)cc1,1,IC50,7.11,1,CHEMBL3112707
COc1ncc(-c2cc3c(C)nc(N)cc3n(C3CCCC3)c2=O)cc1NS(=O)(=O)c1ccc(C#N)cc1,1,IC50,7.61,1,CHEMBL3112735
COc1ccc(S(=O)(=O)Nc2cc(-c3cc4c(C)nc(N)cc4n(C4CCCC4)c3=O)cnc2OC)cc1,1,IC50,7.18,1,CHEMBL3112734
COc1ncc(-c2cc3c(C)nc(N)cc3n(C3CCCC3)c2=O)cc1NS(=O)(=O)c1ccccc1,1,IC50,7.72,1,CHEMBL3112733
COc1ncc(-c2cc3c(C)nc(N)cc3n(C3CCCC3)c2=O)cc1NS(=O)(=O)C1CC1,1,IC50,6.85,1,CHEMBL3112732
COc1ncc(-c2cc3c(C)nc(N)cc3n(C3CCCC3)c2=O)cc1NS(C)(=O)=O,1,IC50,7.2,1,CHEMBL3112731
COc1ncc(-c2cc3c(C)nc(N)cc3n([C@H]3CC[C@H](OCCO)CC3)c2=O)cc1NS(=O)(=O)c1ccc(F)cc1F,1,IC50,8.07,1,CHEMBL3112730
COc1ncc(-c2cc3c(C)nc(N)cc3n(C3CCCC3)c2=O)cc1NS(=O)(=O)c1ccc(F)cc1F,1,IC50,7.47,1,CHEMBL3112729
Cc1nc(N)cc2c1cc(-c1cnc3[nH]ncc3c1)c(=O)n2C1CCCC1,1,IC50,6.76,1,CHEMBL3112728
Cc1nc(N)cc2c1cc(-c1cnc3[nH]cnc3c1)c(=O)n2C1CCCC1,1,IC50,7.86,1,CHEMBL3112727
Cc1nc(N)cc2c1cc(-c1cnc3c(ccn3C)c1)c(=O)n2C1CCCC1,1,IC50,7.09,1,CHEMBL3112726
Cc1nc(N)cc2c1cc(-c1cnc3[nH]ccc3c1)c(=O)n2C1CCCC1,1,IC50,7.91,1,CHEMBL3112725
COc1ncc(-c2cc3c(C)nc(N)cc3n(C3CCCC3)c2=O)cc1F,1,IC50,6.8,1,CHEMBL3112724
COc1ncc(-c2cc3c(C)nc(N)cc3n(C3CCCC3)c2=O)cn1,1,IC50,7.44,1,CHEMBL3112723
COc1ccc(-c2cc3c(C)nc(N)cc3n(C3CCCC3)c2=O)cn1,1,IC50,7.41,1,CHEMBL3112722
COc1ccc(-c2cc3c(C)nc(N)cc3n([C@H]3CC[C@H](OCCO)CC3)c2=O)cn1,1,IC50,7.95,1,CHEMBL3112721
COc1ccc(CCNC(=O)c2sc3nc(-c4ccccc4)cc(-c4ccccc4)c3c2N)cc1OC,0,IC50,4.24,1,CHEMBL3113388
c1ccc(-c2c(-c3ccccc3)n(Cc3ccco3)c3ncnc(NCCCn4ccnc4)c23)cc1,0,IC50,4.27,1,CHEMBL1539483
CNS(=O)(=O)c1cc(-c2nnc(Nc3ccc(OCC(N)=O)cc3)c3ccccc23)ccc1C,0,IC50,4.28,1,CHEMBL3113389
N=C1/C(=C\c2ccc3c(c2)OCO3)C(=O)N=C2SC(c3cccnc3)=NN12,0,IC50,4.49,1,CHEMBL3113392
Cn1ncc2c(Nc3ccc(NC(=O)c4ccco4)cc3)ncnc21,0,IC50,4.69,1,CHEMBL3113391
CC[C@H](Nc1ncnc2[nH]cnc12)c1nc2cccc(F)c2c(=O)n1-c1ccccc1,0,IC50 (>),5.0,1,CHEMBL2216870
Cn1c(=O)n(-c2ccc(C(C)(C)C#N)cc2)c2c3cc(-c4cnc5ccccc5c4)ccc3ncc21,1,IC50,9.35,31,CHEMBL1879463
COc1cc(Nc2nc3ccccc3nc2NS(=O)(=O)c2ccc(NC(=O)c3ccc(C)c(OC)c3)cc2)cc(OC)c1,1,IC50,6.72,1,CHEMBL3349370
COc1ccc(Oc2cc(C)c(-c3csc(NC(=O)c4ccnc(F)c4)n3)c(C)c2)cc1,0,IC50 (>),5.0,1,CHEMBL3263869
Cc1ccc(-n2c(=O)n(C)c3cnc4ccc(-c5ccncc5)cc4c32)cc1,1,IC50,6.33,1,CHEMBL3290305
COc1ccc(-n2c(=O)n(C)c3cnc4ccc(-c5ccncc5)cc4c32)cc1,1,IC50,6.42,1,CHEMBL3290307
COc1cc(/C=N/Nc2nc3c(c(N4CCOCC4)n2)CSCC3)cc(OC)c1O,1,IC50,6.1,2,CHEMBL3360068
Cn1c(=O)n(-c2ccc(C3(C#N)CC3)cc2)c2c3cc(-c4cnc5ccccc5c4)ccc3ncc21,1,IC50,8.7,1,CHEMBL3354566
C[C@@H]1COCCN1c1nc(-c2nncc3[nH]ccc23)cc2c1ncn2C,0,IC50 (>),4.89,1,CHEMBL3355480
COc1cc(Nc2ncc(C(C)(C)O)cc2-c2nc(C)nc(N)n2)cnc1OC,0,IC50,4.97,1,CHEMBL3358287
Cc1nc(N)nc(-c2cc(C(C)(C)O)cnc2Nc2cncc(S(C)(=O)=O)c2)n1,0,IC50 (>),5.0,2,CHEMBL3358285
COc1ncc(Nc2ncc(C(C)(C)O)cc2-c2nc(C)nc(N)n2)cc1C(C)C,0,IC50 (>),4.6,1,CHEMBL3358284
CCc1cc(Nc2ncc(C(C)(C)O)cc2-c2nc(C)nc(N)n2)cnc1OC,0,IC50,4.8,1,CHEMBL3357877
COc1ncc(Nc2ncc(C(C)(C)O)cc2-c2nc(C)nc(N)n2)cc1C(F)(F)F,0,IC50 (>),5.0,2,CHEMBL3357876
COc1ccc(Nc2ncc(C(C)(C)O)cc2-c2nc(C)nc(N)n2)cn1,1,IC50,6.1,1,CHEMBL3357873
COc1ncc(Nc2ncc(C(C)(C)CO)cc2-c2nc(C)nc(N)n2)cc1F,0,IC50 (>),5.0,2,CHEMBL3357872
COc1ncc(Nc2ncc([C@H](C)CO)cc2-c2nc(C)nc(N)n2)cc1F,0,IC50,4.96,1,CHEMBL3357871
COc1ncc(Nc2ncc([C@@H](C)CO)cc2-c2nc(C)nc(N)n2)cc1F,0,IC50 (>),4.82,1,CHEMBL3357870
COc1ncc(Nc2ncc([C@H](C)O)cc2-c2nc(C)nc(N)n2)cc1F,0,IC50 (>),4.6,1,CHEMBL3357866
COc1ncc(Nc2ncc([C@@H](C)O)cc2-c2nc(C)nc(N)n2)cc1F,0,IC50 (>),4.6,1,CHEMBL3357865
COc1ncc(Nc2ncc(CO)cc2-c2nc(C)nc(N)n2)cc1F,0,IC50 (>),4.82,1,CHEMBL3357864
COc1ncc(Nc2ncccc2-c2nc(C)nc(N)n2)cc1F,0,IC50 (>),5.0,2,CHEMBL3357863
CC(C)(C#N)c1ccc(N2C(=O)OCc3cnc4ccc(-c5cnc6ccccc6c5)cc4c32)cc1,1,IC50,9.22,2,CHEMBL3334621
CCN(CC)CCCNc1nc(-c2ccc(NC(=O)Nc3ccc(Cl)cc3)cc2)nc2ccsc12,0,IC50 (>),5.0,1,CHEMBL3326099
COc1ncc(-c2cnc3nc(N)nc(C)c3c2)cc1NS(=O)(=O)c1ccccc1,1,IC50,7.1,1,CHEMBL3327012
COc1ncc(-c2cnc3nc(N)nc(C)c3c2)cc1NS(=O)(=O)c1ccc(C#N)cc1,1,IC50,7.34,1,CHEMBL3327006
COc1ncc(-c2cnc3nc(N)nc(C)c3c2)cc1NS(=O)(=O)c1ccc(C(F)(F)F)cc1,1,IC50,7.17,1,CHEMBL3327007
COc1ccc(S(=O)(=O)Nc2cc(-c3cnc4nc(N)nc(C)c4c3)cnc2OC)cc1,1,IC50,6.75,1,CHEMBL3327008
COc1ncc(-c2cnc3nc(N)nc(C)c3c2)cc1NS(=O)(=O)c1cccs1,1,IC50,6.61,1,CHEMBL3327009
COc1ncc(-c2cnc3nc(N)nc(C)c3c2)cc1NS(=O)(=O)c1ccc(Cl)s1,1,IC50,7.42,1,CHEMBL3327146
COc1ncc(-c2cnc3nc(N)nc(C)c3c2)cc1NS(=O)(=O)c1cccnc1,1,IC50,6.96,1,CHEMBL3327147
Cc1cc(/C=N/NC(=O)Nc2ccc(-c3nc(N4CCOCC4)c4sccc4n3)cc2)cc(C)c1O,1,IC50,6.11,1,CHEMBL3343621
Cc1c(CN2CCN(C(=O)[C@@H](C)O)CC2)sc2c(N3CCOCC3)nc(-c3cnc(N)nc3)nc12,1,IC50,7.77,1,CHEMBL1921986
CNC(=O)Nc1ccc(-c2nc(N3CCOCC3)c3ccc4c(ccn4S(C)(=O)=O)c3n2)cc1,1,IC50,8.7,1,CHEMBL3393593
CNC(=O)Nc1ccc(-c2nc(N3CCOCC3)nc3c2cnn3C2CCOCC2)cc1,1,IC50,7.64,1,CHEMBL3393594
C[C@H]1COCCN1c1cc(CS(C)(=O)=O)nc(-c2ccc(NC(=O)NCCN(C)C)cc2)n1,1,IC50,6.12,1,CHEMBL3410642
C[C@H]1COCCN1c1cc(CS(C)(=O)=O)nc(-c2ccc(NC(=O)NCCO)cc2)n1,1,IC50,8.24,1,CHEMBL3410548
C[C@H]1COCCN1c1cc(C2(S(=O)(=O)C3CC3)CC2)nc(-c2ccc(NC(=S)NCCO)cc2)n1,1,IC50,8.82,1,CHEMBL3410672
N#Cc1cccc(Cn2cc(/C=N/Nc3nc(N4CCOCC4)nc(N4CCOCC4)n3)c3ccccc32)c1,0,IC50,4.78,1,CHEMBL3407721
Fc1cccc(Cn2cc(/C=N/Nc3nc(N4CCOCC4)c4sccc4n3)c3ccccc32)c1,0,IC50 (>),4.52,1,CHEMBL2088442
O=c1c(/C=N/Nc2nc(N3CCOCC3)c3ccsc3n2)coc2ccc([N+](=O)[O-])cc12,1,IC50,6.04,1,CHEMBL3407729
O=C(O)c1ccc2occ(/C=N/Nc3nc(N4CCOCC4)c4ccsc4n3)c(=O)c2c1,1,IC50,6.8,2,CHEMBL3407730
CCn1nc(C#Cc2cc(C(=O)Nc3ccc(CN4CCN(C)CC4)c(C(F)(F)F)c3)ccc2C)c2c(N)ncnc21,0,IC50 (>),5.0,1,CHEMBL3426225
COc1ncc(-c2cnc3ncnc(-c4ccncc4)c3c2)cc1NS(=O)(=O)c1ccc(F)cc1F,1,IC50,7.21,1,CHEMBL3577912
COc1ncc(-c2ccc3ncnc(-c4ccncc4)c3c2)cc1NS(=O)(=O)c1ccc(F)cc1F,1,IC50,9.7,1,CHEMBL3577911
COc1ncc(-c2cc3c(-c4ccncc4)ccnc3cn2)cc1NS(=O)(=O)c1ccc(F)cc1F,1,IC50,8.52,1,CHEMBL3577910
COc1ncc(-c2cnc3nccc(-c4ccncc4)c3c2)cc1NS(=O)(=O)c1ccc(F)cc1F,1,IC50,7.18,1,CHEMBL3577909
COc1ncc(-c2ccc3nccc(-c4ccncc4)c3c2)cc1NS(=O)(=O)c1ccc(F)cc1F,1,IC50,9.12,1,CHEMBL3577908
COc1ncc(-c2ccc3nncc(-c4ccncc4)c3c2)cc1NS(=O)(=O)c1ccc(F)cc1F,1,IC50,7.67,1,CHEMBL3577913
COc1ncc(-c2ccc3nc(N)nc(-c4ccncc4)c3c2)cc1NS(=O)(=O)c1ccc(F)cc1F,1,IC50,9.54,1,CHEMBL3577914
COc1ncc(-c2cc3c(-c4ccncc4)ncnc3s2)cc1NS(=O)(=O)c1ccc(F)cc1F,1,IC50,6.66,1,CHEMBL3577921
COc1ncc(-c2cc3c(-c4ccncc4)ncnc3s2)cc1NS(=O)(=O)c1ccc(C#N)cc1,1,IC50,6.44,1,CHEMBL3577922
COc1ncc(-c2cc3c(-c4ccncc4)ncnc3s2)cc1NS(=O)(=O)c1ccc(Cl)s1,1,IC50,7.17,1,CHEMBL3577923
Cc1ncc(-c2cc3c(-c4ccncc4)ncnc3s2)cc1NS(=O)(=O)c1ccc(F)cc1F,1,IC50,6.46,1,CHEMBL3577924
O=S(=O)(Nc1cc(-c2cc3c(-c4ccncc4)ncnc3s2)cnc1Cl)c1ccc(F)cc1F,1,IC50,7.27,1,CHEMBL3577925
O=S(=O)(Nc1cc(-c2cc3c(-c4ccncc4)ncnc3s2)cnc1Cl)c1ccc(F)cc1,1,IC50,7.36,1,CHEMBL3577926
O=S(=O)(Nc1cc(-c2cc3c(-c4ccncc4)ncnc3s2)cnc1Cl)c1ccc(Cl)s1,1,IC50,7.59,1,CHEMBL3577927
Cc1nc(-c2nc[nH]n2)ccc1-c1cnc2c(n1)N(CCC1CCOCC1)CC(=O)N2,1,IC50,7.05,2,CHEMBL3586386
Cc1nc(-c2nc[nH]n2)ccc1-c1cnc2c(n1)N(CCC1CCOCC1)C(=O)CN2,1,IC50,7.85,2,CHEMBL3586387
Cc1nc(-c2nc[nH]n2)ccc1-c1cnc2c(n1)N(CCN1CCOCC1)C(=O)CN2,1,IC50,7.43,1,CHEMBL3586559
Cc1nc(-c2nc[nH]n2)ccc1-c1cnc2c(n1)N(CC1CCOCC1)C(=O)CN2,1,IC50,7.92,1,CHEMBL3586560
CO[C@H]1CC[C@@H](CN2C(=O)CNc3ncc(-c4ccc(-c5nc[nH]n5)nc4C)nc32)CC1,1,IC50,8.52,1,CHEMBL3586561
CO[C@H]1CC[C@H](CN2C(=O)CNc3ncc(-c4ccc(-c5nc[nH]n5)nc4C)nc32)CC1,1,IC50,7.51,1,CHEMBL3586562
CO[C@H]1CC[C@@H](N2CC(=O)Nc3ncc(-c4ccc(-c5nc[nH]n5)nc4C)nc32)CC1,1,IC50,7.29,1,CHEMBL3586563
CO[C@H]1CC[C@H](N2CC(=O)Nc3ncc(-c4ccc(-c5nc[nH]n5)nc4C)nc32)CC1,1,IC50,7.39,1,CHEMBL3586564
CO[C@H]1CC[C@H](N2C(=O)CNc3ncc(-c4ccc(-c5nc[nH]n5)nc4C)nc32)CC1,1,IC50,7.82,1,CHEMBL3586565
Cc1nc(-c2nc[nH]n2)ccc1-c1cnc2c(n1)N([C@H]1CC[C@@H](O)CC1)C(=O)CN2,1,IC50,8.1,1,CHEMBL3586566
Cc1nc(-c2nc[nH]n2)ccc1-c1cnc2c(n1)N([C@H]1CC[C@H](O)CC1)C(=O)CN2,1,IC50,7.72,1,CHEMBL3586567
Cc1nc(-c2nc[nH]n2)ccc1-c1cnc2c(n1)N(C1CCOCC1)C(=O)CN2,1,IC50,7.58,1,CHEMBL3586568
Cc1nc(-c2nc[nH]n2)ccc1-c1cnc2c(n1)N(C(C)C)C(=O)CN2,1,IC50,7.52,1,CHEMBL3586569
COCCN1CC(=O)Nc2ncc(-c3ccc(-c4nc[nH]n4)nc3C)nc21,1,IC50,7.17,1,CHEMBL3586570
COCCN1C(=O)CNc2ncc(-c3ccc(-c4nc[nH]n4)nc3C)nc21,1,IC50,7.72,1,CHEMBL3586571
CCN1CC(=O)Nc2ncc(-c3ccc(-c4nc[nH]n4)nc3C)nc21,1,IC50,7.05,1,CHEMBL3586572
CCN1C(=O)CNc2ncc(-c3ccc(-c4nc[nH]n4)nc3C)nc21,1,IC50,7.68,2,CHEMBL3586573
COCCN1CC(=O)Nc2ncc(-c3ccc(C(C)(C)O)nc3)nc21,1,IC50,6.36,1,CHEMBL3586390
COCCN1C(=O)CNc2ncc(-c3ccc(C(C)(C)O)nc3)nc21,1,IC50,6.76,1,CHEMBL3586391
CC(C)(O)c1ccc(-c2cnc3c(n2)N(C2CCOCC2)CC(=O)N3)cn1,1,IC50,6.73,1,CHEMBL3586392
CC(C)(O)c1ccc(-c2cnc3c(n2)N(C2CCOCC2)C(=O)CN3)cn1,1,IC50,6.78,1,CHEMBL3586393
O=C1CN(CCC2CCOCC2)c2nc(-c3ccc4[nH]ccc4c3)cnc2N1,1,IC50,6.91,1,CHEMBL3586388
O=C1CNc2ncc(-c3ccc4[nH]ccc4c3)nc2N1CCC1CCOCC1,1,IC50,7.14,1,CHEMBL3586389
O=C1CNc2ncc(-c3ccc(-c4nc[nH]n4)cc3)nc2N1CCC1CCOCC1,1,IC50,8.4,1,CHEMBL3586382
Cc1cc(-c2nc[nH]n2)ccc1-c1cnc2c(n1)N(CCC1CCOCC1)CC(=O)N2,1,IC50,8.4,1,CHEMBL3586383
Cc1cc(-c2nc[nH]n2)ccc1-c1cnc2c(n1)N(CCC1CCOCC1)C(=O)CN2,1,IC50,8.3,1,CHEMBL3586384
O=C1CN(CCC2CCOCC2)c2nc(-c3ccc(-c4nc[nH]n4)nc3)cnc2N1,1,IC50,7.75,1,CHEMBL3586385
CC(C)(O)c1ccc(-c2cnc3c(n2)N(CCC2CCOCC2)CC(=O)N3)cn1,1,IC50,6.99,1,CHEMBL3586381
CC(C)(O)c1ccc(-c2cnc3c(n2)N(CCC2CCOCC2)C(=O)CN3)cn1,1,IC50,7.48,1,CHEMBL3585359
CC(C)(O)c1ccc(-c2cnc3c(n2)N(CCC2CCOCC2)CC(=O)N3)cc1,1,IC50,7.18,1,CHEMBL3586379
CC(C)(O)c1ccc(-c2cnc3c(n2)N(CCC2CCOCC2)C(=O)CN3)cc1,1,IC50,7.6,1,CHEMBL3586380
CO[C@H]1CC[C@H](N2C(=O)CNc3ncc(-c4ccc(C(C)(C)O)nc4)nc32)CC1,1,IC50,8.0,4,CHEMBL3586404
CO[C@H]1CC[C@H](N2CC(=O)Nc3ncc(-c4ccc(C(C)(C)O)nc4)nc32)CC1,1,IC50,6.99,1,CHEMBL3586403
CO[C@H]1CC[C@@H](N2CC(=O)Nc3ncc(-c4ccc(C(C)(C)O)nc4)nc32)CC1,1,IC50,6.52,1,CHEMBL3586402
CC(C)(O)c1ccc(-c2cnc3c(n2)N([C@H]2CC[C@H](O)CC2)C(=O)CN3)cn1,1,IC50,7.42,1,CHEMBL3586401
CC(C)(O)c1ccc(-c2cnc3c(n2)N([C@H]2CC[C@@H](O)CC2)C(=O)CN3)cn1,1,IC50,6.69,1,CHEMBL3586400
CO[C@H]1CC[C@H](CN2C(=O)CNc3ncc(-c4ccc(C(C)(C)O)nc4)nc32)CC1,1,IC50,7.01,1,CHEMBL3586399
CO[C@H]1CC[C@H](CN2CC(=O)Nc3ncc(-c4ccc(C(C)(C)O)nc4)nc32)CC1,1,IC50,6.77,1,CHEMBL3586398
CO[C@H]1CC[C@@H](CN2C(=O)CNc3ncc(-c4ccc(C(C)(C)O)nc4)nc32)CC1,1,IC50,7.92,1,CHEMBL3586397
CO[C@H]1CC[C@@H](CN2CC(=O)Nc3ncc(-c4ccc(C(C)(C)O)nc4)nc32)CC1,1,IC50,6.83,1,CHEMBL3586396
CC(C)(O)c1ccc(-c2cnc3[nH]c(=O)n(CCC4CCOCC4)c3n2)cn1,1,IC50,7.19,1,CHEMBL3586405
CC(C)(O)c1ccc(-c2cnc3c(n2)N(CC2CCCCC2)CC(=O)N3)cn1,1,IC50,6.97,1,CHEMBL3586395
CC(C)(O)c1ccc(-c2cnc3c(n2)N(CC2CCOCC2)C(=O)CN3)cn1,1,IC50,7.34,1,CHEMBL3586394
CN(C)CC(=O)N1CCC(n2cc(-c3cnc(N)c(-n4nnc5ccccc54)n3)cn2)CC1,0,IC50,4.82,1,CHEMBL3590219
CN(C)CC(=O)N1CCC(c2nc(-c3cnc(N)c(-n4nnc5ccccc54)n3)n(C)n2)CC1,0,IC50,4.68,1,CHEMBL3590222
CC(=O)Nc1ccc(S(=O)(=O)N(c2ccccc2)c2ccnc3ccc(-c4ccc(O)cc4)cc23)cc1,1,IC50,6.21,1,CHEMBL3594042
COc1ncc(-c2ccc3nc(NC(=O)NC4CC4)nn3c2)cc1NS(=O)(=O)c1ccc(F)cc1,1,IC50,6.56,1,CHEMBL3601923
CCN(CC)CCNC(=O)Nc1nc2ccc(-c3cnc(OC)c(NS(=O)(=O)c4ccc(F)cc4)c3)cn2n1,1,IC50,6.91,1,CHEMBL3601925
COc1ccc(Nc2nc3ccccn3c2-c2nc(C)nc(N)n2)cn1,1,IC50,7.43,1,CHEMBL3618231
CCOc1ccc(Nc2nc3ccccn3c2-c2nc(C)nc(N)n2)cn1,1,IC50,7.24,1,CHEMBL3618232
COc1ncc(Nc2nc3ccccn3c2-c2nc(C)nc(N)n2)cc1F,1,IC50,6.7,1,CHEMBL3618233
Cc1nc(N)nc(-c2c(Nc3ccc4ncccc4c3)nc3ccccn23)n1,1,IC50,6.56,1,CHEMBL3618234
Cc1nc(N)nc(-c2c(Nc3ccc4ccncc4c3)nc3ccccn23)n1,1,IC50,7.92,1,CHEMBL3618235
Cc1nc(N)nc(-c2c(Nc3ccc4cccnc4c3)nc3ccccn23)n1,1,IC50,8.77,1,CHEMBL3618236
Cc1nc(N)nc(-c2c(Nc3cccc4[nH]ncc34)nc3ccccn23)n1,1,IC50,7.8,1,CHEMBL3618237
COc1ncc(Nc2nc3ccc(N4CCNCC4)cn3c2-c2nc(C)nc(N)n2)cc1F,1,IC50,7.21,1,CHEMBL3618238
COc1ccc(Nc2nc3ccc(N4CCNCC4)cn3c2-c2nc(C)nc(N)n2)cn1,1,IC50,7.7,1,CHEMBL3618239
COc1ncc(Nc2nc3ccc(N4CCN(C(C)C)CC4)cn3c2-c2nc(C)nc(N)n2)cc1F,1,IC50,6.38,1,CHEMBL3618240
COCCN1CCN(c2ccc3nc(Nc4cnc(OC)c(F)c4)c(-c4nc(C)nc(N)n4)n3c2)CC1,1,IC50,6.92,1,CHEMBL3618241
COc1ccc(Nc2nc3ccc(N4CCN(C(=O)N(C)C)CC4)cn3c2-c2nc(C)nc(N)n2)cn1,1,IC50,7.47,1,CHEMBL3618242
COc1ncc(Nc2nc3ccc(N4CCN(C(=O)N(C)C)CC4)cn3c2-c2nc(C)nc(N)n2)cc1F,1,IC50,6.8,1,CHEMBL3618243
COc1ccc(Nc2nc3ccc(C(C)(C)O)cn3c2-c2nc(C)nc(N)n2)cn1,1,IC50,7.44,1,CHEMBL3618244
COc1ncc(Nc2nc3ccc(C(C)(C)O)cn3c2-c2nc(C)nc(N)n2)cc1F,1,IC50,6.69,2,CHEMBL3618245
C[C@@H]1COCCN1c1cc(=O)n2c(n1)N(Cc1cncc(Cl)c1)[C@H](C(F)(F)F)CC2,0,IC50 (>),5.0,1,CHEMBL3622372
NC(=O)c1cnc2ccc(-c3ccc(N)nc3)cc2c1Nc1cccc(C(F)(F)F)c1,1,IC50,7.29,1,CHEMBL3735478
NC(=O)c1cnc2ccc(-c3cnc4ccccc4c3)cc2c1Nc1cccc(C(F)(F)F)c1,1,IC50,6.44,1,CHEMBL3735791
CN1CCN(CC(=O)N2CCN(c3ccc(Nc4c(C(N)=O)cnc5ccc(-c6cnc7ccccc7c6)cc45)cc3C(F)(F)F)CC2)CC1,1,IC50,7.62,1,CHEMBL3736442
CCC(=O)N1CCN(c2ccc(Nc3c(C(N)=O)cnc4ccc(-c5ccc(N)nc5)cc34)cc2C(F)(F)F)CC1,1,IC50,7.68,1,CHEMBL3736495
CS(=O)(=O)N1CCN(c2ccc(Nc3c(C(N)=O)cnc4ccc(-c5cnc6ccccc6c5)cc34)cc2C(F)(F)F)CC1,1,IC50,7.14,1,CHEMBL3735667
CC(=O)N1CCN(c2ccc(Nc3c(C(N)=O)cnc4ccc(-c5cnc6ccccc6c5)cc34)cc2C(F)(F)F)CC1,1,IC50,7.51,1,CHEMBL3735090
COc1ccc(-c2ccc3ncc(C(N)=O)c(Nc4ccc(N5CCNCC5)c(C(F)(F)F)c4)c3c2)cn1,1,IC50,6.55,1,CHEMBL3736372
CNC(=O)c1cnc2ccc(-c3cnc4ccccc4c3)cc2c1Nc1ccc(N2CCNCC2)c(C(F)(F)F)c1,1,IC50,6.09,1,CHEMBL3735716
NC(=O)c1cnc2ccc(-c3cnc4ccccc4c3)cc2c1Nc1ccc(N2CCNCC2)c(C(F)(F)F)c1,1,IC50,7.85,2,CHEMBL3735194
COc1ccc(-c2ccc3ncc(C(N)=O)c(Nc4ccc(C(C)(C)C#N)cc4)c3c2)cn1,1,IC50,6.17,1,CHEMBL3734962
CNC(=O)c1cnc2ccc(-c3ccc(N)nc3)cc2c1Nc1ccc(C(C)(C)C#N)cc1,1,IC50,6.55,1,CHEMBL3736275
CC(C)(C#N)c1ccc(Nc2c(C(N)=O)cnc3ccc(-c4ccc(N)nc4)cc23)cc1,1,IC50,7.52,1,CHEMBL3736038
CNC(=O)c1cnc2ccc(-c3cnc4ccccc4c3)cc2c1Nc1ccc(C(C)(C)C#N)cc1,1,IC50,6.29,1,CHEMBL3735181
CC(C)(C#N)c1ccc(Nc2c(C(N)=O)cnc3ccc(-c4cnc5ccccc5c4)cc23)cc1,1,IC50,7.48,2,CHEMBL3736298
CCOC(=O)N1CCN(CC#Cc2ccnc3ccc(-c4cnc(OC)c(NS(=O)(=O)c5ccc(F)cc5F)c4)cc23)CC1,1,IC50,8.0,1,CHEMBL3765587
COc1ncc(-c2ccc3nccc(C#CCN4CCN(S(C)(=O)=O)CC4)c3c2)cc1NS(=O)(=O)c1ccc(F)cc1F,1,IC50,8.27,1,CHEMBL3763244
COc1ncc(-c2ccc3nccc(-c4ccnnc4)c3c2)cc1NS(=O)(=O)c1ccc(F)cc1F,1,IC50,9.74,7,CHEMBL1236962
N#Cc1ncccc1Nc1ccc2c(N3CCOCC3)nc(-c3cnc(N)nc3)nc2c1,1,IC50,7.11,1,CHEMBL3769902
CC(=O)N1CCN(c2ccc(Nc3c(NC(=O)C(C)(C)C)cnc4ccc(-c5cnc6ccccc6c5)cc34)cc2C(F)(F)F)CC1,1,IC50,7.44,1,CHEMBL3781247
CC(=O)Nc1cnc2ccc(-c3cnc4ccccc4c3)cc2c1Nc1ccc(N2CCN(S(C)(=O)=O)CC2)c(C(F)(F)F)c1,1,IC50,7.6,1,CHEMBL3781492
CC(=O)Nc1cnc2ccc(-c3cnc4ccccc4c3)cc2c1Nc1ccc(N2CCN(C(C)=O)CC2)c(C(F)(F)F)c1,1,IC50,7.52,1,CHEMBL3781971
CC(C)(C)C(=O)Nc1cnc2ccc(-c3cnc4ccccc4c3)cc2c1Nc1ccc(N2CCNCC2)c(C(F)(F)F)c1,1,IC50,7.77,1,CHEMBL3781241
O=C(Nc1cnc2ccc(-c3cnc4ccccc4c3)cc2c1Nc1ccc(N2CCNCC2)c(C(F)(F)F)c1)C(F)(F)F,1,IC50,6.51,1,CHEMBL3781921
CS(=O)(=O)Nc1cnc2ccc(-c3cnc4ccccc4c3)cc2c1Nc1ccc(N2CCNCC2)c(C(F)(F)F)c1,1,IC50,6.47,1,CHEMBL3781495
CC(=O)Nc1cnc2ccc(-c3cnc4ccccc4c3)cc2c1Nc1ccc(N2CCNCC2)c(C(F)(F)F)c1,1,IC50,7.66,1,CHEMBL3781549
Nc1cnc2ccc(-c3cnc4ccccc4c3)cc2c1Nc1ccc(N2CCNCC2)c(C(F)(F)F)c1,1,IC50,7.34,1,CHEMBL3781571
CC(=O)Nc1cnc2ccc(-c3cnc4ccccc4c3)cc2c1Nc1ccc(C(C)(C)C#N)cc1,1,IC50,6.94,1,CHEMBL3781792
O=C(Nc1ccc(F)c(Cl)c1)Nc1ccc(-c2nc3c(c(N4CCOCC4)n2)CSCC3)cn1,1,IC50,6.07,1,CHEMBL3793049
O=C(Nc1ccc(F)c(Cl)c1)Nc1ccc(-c2nc3c(c(N4CCOCC4)n2)CS(=O)(=O)CC3)cn1,1,IC50,6.03,1,CHEMBL3793268
CN(C)C(=O)c1cc(CN2CCOc3c(F)cccc32)c2oc(N3CCOCC3)cc(=O)c2c1,0,IC50 (>),4.3,1,CHEMBL3799831
CCOC(Cn1nc(-c2cnc3[nH]ccc3c2)c2c(N)ncnc21)OCC,1,IC50,6.48,2,CHEMBL3799221
CCOC(Cn1nc(-c2ccc3oc(N)nc3c2)c2c(N)ncnc21)OCC,1,IC50,7.82,4,CHEMBL3800481
Nc1nc2cc(-c3nn(CC4OCCO4)c4ncnc(N)c34)ccc2o1,1,IC50,7.23,1,CHEMBL3797590
COC(Cn1nc(-c2ccc3oc(N)nc3c2)c2c(N)ncnc21)OC,1,IC50,7.6,1,CHEMBL3800138
Nc1nc2cc(-c3nn(CC4CCCC4)c4ncnc(N)c34)ccc2o1,1,IC50,8.74,2,CHEMBL3797933
Nc1nc2cc(-c3nn(CC4CCCO4)c4ncnc(N)c34)ccc2o1,1,IC50,8.3,1,CHEMBL3797834
CC(C)n1nc(-c2ccc3oc(N)nc3c2)c2cncnc21,1,IC50,9.2,2,CHEMBL3798574
CC1(C)OCCn2c1nc1c(N3CCOCC3)nc(-c3cnc(N)nc3)nc12,1,IC50,7.16,2,CHEMBL3813842
Cc1ccc(-c2nn(CCN3CCC(N(C)C)CC3)c3ncnc(N)c23)cc1,0,IC50 (>),5.0,1,CHEMBL3823212
Cc1ccc(-c2nn(CCN3CCC(CN(C)C)CC3)c3ncnc(N)c23)cc1,0,IC50 (>),5.0,1,CHEMBL3823849
Cc1ccc(-c2nn(CCN3CCC(CCN(C)C)CC3)c3ncnc(N)c23)cc1,0,IC50 (>),5.0,1,CHEMBL3822591
COc1cc(-c2nn(CCN3CCC(N(C)C)CC3)c3ncnc(N)c23)ccc1NC(=O)OC(C)(C)C,0,IC50 (>),5.0,1,CHEMBL3824089
Cc1c(Cc2c(CN(C)CCS(C)(=O)=O)nc3c(N)cc(N4CCOCC4)nn23)cccc1C(F)(F)F,0,Kd,4.63,2,CHEMBL3897548
Cc1c(Cc2c(CNCCS(C)(=O)=O)nc3c(N)cc(N4CCOCC4)nn23)cccc1C(F)(F)F,0,Kd,4.63,2,CHEMBL3916621
Cc1nc2c(C(=O)O)cc(N3CCOCC3)nn2c1Cc1cccc(C(F)(F)F)c1C,0,Kd,4.89,2,CHEMBL3970860
Cc1nc2c(C(N)=O)cc(N3CCOCC3)nn2c1Cc1cccc(C(F)(F)F)c1C,0,Kd (>),4.52,2,CHEMBL3941289
CC(=O)NCc1nc2c(-c3cnc[nH]3)cc(N3CCOCC3)nn2c1Cc1cccc(C(F)(F)F)c1C,0,Kd (>),4.52,1,CHEMBL3903747
Cc1c(Cc2c(CO)nc3c(C(=O)O)cc(N4CCOCC4)nn23)cccc1C(F)(F)F,0,Kd,4.97,2,CHEMBL3974658
Cc1nc2c(N)cc(N3CCOCC3)nn2c1Cc1cccc(C(F)(F)F)c1C,0,Kd,4.69,2,CHEMBL3975628
Cc1nc2c(N)cc(N3CCOCC3)nn2c1Nc1cccc(C(F)(F)F)c1CN1CC(O)C1,0,Kd,4.97,2,CHEMBL3955003
Cc1nc2c(N)cc(N3CCOCC3)nn2c1Nc1cccc(C(F)(F)F)c1CN1CCN(C)CC1,0,Kd,4.67,2,CHEMBL3956037
COc1ncc(-c2ccc3nccc(-c4ccc(CN(C)C)cc4)c3c2)cc1NS(=O)(=O)c1ccc(F)cc1F,1,IC50,8.42,1,CHEMBL3963018
COc1ncc(-c2ccc3nccc(-c4ccc(CN(C)CCO)cc4)c3c2)cc1NS(=O)(=O)c1ccc(F)cc1F,1,IC50,8.66,1,CHEMBL3905146
COc1ncc(-c2ccc3nccc(-c4ccc(Cn5cncn5)cc4)c3c2)cc1NS(=O)(=O)c1ccc(F)cc1F,1,IC50,8.96,1,CHEMBL3968925
Nc1noc2ccc(-c3nn(CCN4CCOCC4)c4ncnc(N)c34)cc12,0,IC50 (>),5.0,2,CHEMBL3928767
Nc1noc2ccc(-c3nn(CC(=O)N4CCOCC4)c4ncnc(N)c34)cc12,0,IC50 (>),5.0,2,CHEMBL3913555
CC(C)n1nc(-c2ccc3onc(NC4CC4)c3c2)c2c(N)ncnc21,0,IC50 (>),5.0,2,CHEMBL3981745
CNc1noc2ccc(-c3nn(C(C)C)c4ncnc(N)c34)cc12,0,IC50 (>),5.0,2,CHEMBL3969807
COc1ccc(Cl)c(Nc2nc3ccccc3nc2NS(=O)(=O)c2cccc(NC(=O)C(C)(C)N)c2)c1,0,IC50 (>),4.82,1,CHEMBL3360203
Cc1ncnc(N2CCOC(C)(C)C2)c1C#Cc1ccc(N)nc1,1,IC50,6.98,1,CHEMBL3670140
COCCN1CCN(c2ncnc(C)c2C#Cc2ccc(N)nc2)CC1,1,IC50,7.5,1,CHEMBL3670141
Cc1ncnc(N2CC[S+]([O-])CC2)c1C#Cc1ccc(N)nc1,1,IC50,7.08,1,CHEMBL3670142
Cc1ncnc(N2CCOCC2)c1C#Cc1ccc(N)nc1,1,IC50,7.42,1,CHEMBL3670143
Cc1ncnc(N2CCN(C3CC3)CC2)c1C#Cc1ccc(N)nc1,1,IC50,8.0,1,CHEMBL3670144
Cc1ncnc(N2CCCOCC2)c1C#Cc1ccc(N)nc1,1,IC50,7.14,1,CHEMBL3670145
CC(=O)N1CCCN(c2ncnc(C)c2C#Cc2ccc(N)nc2)CC1,1,IC50,7.03,1,CHEMBL3670146
Cc1ncnc(N2CCN(C)CC2)c1C#Cc1ccc(N)nc1,1,IC50,7.25,1,CHEMBL3670147
Cc1ncnc(N2C[C@@H](C)O[C@@H](C)C2)c1C#Cc1ccc(N)nc1,1,IC50,7.96,1,CHEMBL3670148
Cc1ncnc(N2CCNC(=O)CC2)c1C#Cc1ccc(N)nc1,1,IC50,7.39,1,CHEMBL3670149
CCc1ncnc(N2CCC(C(C)(C)O)CC2)c1C#Cc1ccc(N)nc1,1,IC50,8.15,1,CHEMBL3670150
CCc1ncnc(N2CCC(O)(C3CCCCC3)CC2)c1C#Cc1ccc(N)nc1,1,IC50,7.8,1,CHEMBL3670151
Cc1ncnc(N2CCC(CC(C)(C)O)CC2)c1C#Cc1ccc(N)nc1,1,IC50,7.75,1,CHEMBL3670152
CCc1ncnc(N2CCC(CC(C)(C)O)CC2)c1C#Cc1ccc(N)nc1,1,IC50,8.05,1,CHEMBL3670153
CCc1ncnc(N2CCC(C=C(C)C)CC2)c1C#Cc1ccc(N)nc1,1,IC50,7.19,1,CHEMBL3670154
CCc1ncnc(N2CCC(O)(c3ccccc3)CC2)c1C#Cc1ccc(N)nc1,1,IC50,8.15,1,CHEMBL3670155
CCc1ncnc(N2CCC(O)(Cc3ccccc3)CC2)c1C#Cc1ccc(N)nc1,1,IC50,7.13,1,CHEMBL3670156
CCc1ncnc(N2CCC(CCO)CC2)c1C#Cc1ccc(N)nc1,1,IC50,8.3,1,CHEMBL3670157
CCc1ncnc(N2CCC(O)(C(F)(F)F)CC2)c1C#Cc1ccc(N)nc1,1,IC50,9.0,1,CHEMBL3670158
CCc1ncnc(N2CCCC(NC(C)=O)C2)c1C#Cc1ccc(N)nc1,1,IC50,7.8,1,CHEMBL3670159
CCc1ncnc(N2CCC(NC(C)=O)CC2)c1C#Cc1ccc(N)nc1,1,IC50,7.72,1,CHEMBL3670160
CCc1ncnc(N2CCC3(CC2)OCCO3)c1C#Cc1ccc(N)nc1,1,IC50,8.4,1,CHEMBL3670161
CCc1ncnc(N2CCC(C)(O)CC2)c1C#Cc1ccc(N)nc1,1,IC50,8.3,2,CHEMBL3670162
CC(=O)NC1CCCN(c2ncnc(C)c2C#Cc2ccc(N)nc2)C1,1,IC50,7.34,1,CHEMBL3670163
CC(=O)NC1CCN(c2ncnc(C)c2C#Cc2ccc(N)nc2)CC1,1,IC50,7.38,1,CHEMBL3670164
Cc1ncnc(N2CCC3(CC2)OCCO3)c1C#Cc1ccc(N)nc1,1,IC50,8.0,1,CHEMBL3670165
Cc1ncnc(N2CCC(O)(c3ccccc3)CC2)c1C#Cc1ccc(N)nc1,1,IC50,7.64,1,CHEMBL3670166
Cc1ncnc(N2CCC(O)(Cc3ccccc3)CC2)c1C#Cc1ccc(N)nc1,1,IC50,7.3,1,CHEMBL3670167
CCc1ncnc(N2CCC(CCO)CC2)c1C#Cc1ccc(C)nc1,1,IC50,7.17,1,CHEMBL3670168
Cc1ncnc(N2CCC(CCO)CC2)c1C#Cc1ccc(N)nc1,1,IC50,8.05,1,CHEMBL3670169
CCc1ncnc(N2CCC(O)(C(F)(F)F)CC2)c1C#Cc1ccc(C)nc1,1,IC50,7.43,1,CHEMBL3670170
Cc1ncnc(N2CCC(O)(C(F)(F)F)CC2)c1C#Cc1ccc(N)nc1,1,IC50,8.52,1,CHEMBL3670171
CCc1ncnc(N2CCC(O)(CC)CC2)c1C#Cc1ccc(C)nc1,1,IC50,7.29,1,CHEMBL3670172
CCc1ncnc(N2CCC(O)(CC)CC2)c1C#Cc1ccc(N)nc1,1,IC50,8.4,1,CHEMBL3670173
CCc1ncnc(N2CCC(O)(C(C)C)CC2)c1C#Cc1ccc(C)nc1,1,IC50,7.64,1,CHEMBL3670174
CCC1(O)CCN(c2ncnc(C)c2C#Cc2ccc(N)nc2)CC1,1,IC50,8.3,1,CHEMBL3670175
CCc1ncnc(N2CCC(OCCOC)CC2)c1C#Cc1ccc(N)nc1,1,IC50,7.44,1,CHEMBL3670176
COC1CCN(c2ncnc(C)c2C#Cc2ccc(N)nc2)CC1,1,IC50,7.75,1,CHEMBL3670177
CCc1ncnc(N2CCC(COC)CC2)c1C#Cc1ccc(N)nc1,1,IC50,7.72,1,CHEMBL3670178
CCc1ncnc(N2CCN(C(C)=O)CC2)c1C#Cc1ccc(N)nc1,1,IC50,7.5,1,CHEMBL3670179
CCc1ncnc(N2CCC(C(F)(F)F)CC2)c1C#Cc1ccc(N)nc1,1,IC50,8.05,1,CHEMBL3670180
CCc1ncnc(N2CCC(F)(F)CC2)c1C#Cc1ccc(N)nc1,1,IC50,7.51,1,CHEMBL3670181
CCc1ncnc(N2CCN(S(C)(=O)=O)CC2)c1C#Cc1ccc(N)nc1,1,IC50,7.8,1,CHEMBL3670182
CCc1ncnc(N2CCC(OC)CC2)c1C#Cc1ccc(N)nc1,1,IC50,8.0,1,CHEMBL3670183
CCc1ncnc(N2CCC(CO)CC2)c1C#Cc1ccc(N)nc1,1,IC50,8.0,1,CHEMBL3670184
CCOC1CCN(c2ncnc(CC)c2C#Cc2ccc(N)nc2)CC1,1,IC50,7.8,1,CHEMBL3670185
CCc1ncnc(N2CCC(O)CC2)c1C#Cc1ccc(N)nc1,1,IC50,7.85,1,CHEMBL3670186
CCc1ncnc(N2CCCC(CO)C2)c1C#Cc1ccc(N)nc1,1,IC50,7.55,1,CHEMBL3670187
CCc1ncnc(N2CCOC(C)(C)C2)c1C#Cc1ccc(N)nc1,1,IC50,7.52,1,CHEMBL3670188
CCc1ncnc(N2CCN(C3CC3)CC2)c1C#Cc1ccc(N)nc1,1,IC50,7.37,1,CHEMBL3670189
CCc1ncnc(N2CC[S+]([O-])CC2)c1C#Cc1ccc(N)nc1,1,IC50,7.55,1,CHEMBL3670190
CCc1ncnc(N2CCS(=O)(=O)CC2)c1C#Cc1ccc(N)nc1,1,IC50,7.92,1,CHEMBL3670191
CCc1ncnc(N2CCNC(=O)CC2)c1C#Cc1ccc(N)nc1,1,IC50,7.85,1,CHEMBL3670192
CCc1ncnc(N2CCN(CCOC)CC2)c1C#Cc1ccc(N)nc1,1,IC50,7.58,1,CHEMBL3670193
CCc1ncnc(N2CCN(C)CC2)c1C#Cc1ccc(N)nc1,1,IC50,7.24,1,CHEMBL3670194
CCc1ncnc(N2CCOCC2)c1C#Cc1ccc(N)nc1,1,IC50,7.03,1,CHEMBL3670195
CCc1ncnc(N2CCCC2)c1C#Cc1ccc(N)nc1,1,IC50,7.38,1,CHEMBL3670196
CCc1ncnc(N2CCC(C)(OC)CC2)c1C#Cc1ccc(N)nc1,1,IC50,8.3,1,CHEMBL3670197
Cc1ncnc(N2CCC3(CC2)OCCCO3)c1C#Cc1ccc(N)nc1,1,IC50,8.22,1,CHEMBL3670198
CCc1ncnc(N2CCC3(CC2)OCCCO3)c1C#Cc1ccc(N)nc1,1,IC50,8.4,1,CHEMBL3670199
CCc1ncnc(N2CCC(=O)CC2)c1C#Cc1ccc(N)nc1,1,IC50,7.55,1,CHEMBL3670200
CCc1ncnc(N2CCC(O)(C(C)C)CC2)c1C#Cc1ccc(N)nc1,1,IC50,9.21,1,CHEMBL3670201
CCc1ncnc(N2CCC(O)C(C)C2)c1C#Cc1ccc(N)nc1,1,IC50,8.0,1,CHEMBL3639690
Cc1ncnc(N2CCC(=O)CC2)c1C#Cc1ccc(N)nc1,1,IC50,7.22,1,CHEMBL3670202
Cc1ncnc(N2CCC(O)(C(C)C)CC2)c1C#Cc1ccc(N)nc1,1,IC50,8.3,1,CHEMBL3670203
Cc1ncnc(N2CCC(O)C(C)C2)c1C#Cc1ccc(N)nc1,1,IC50,7.37,1,CHEMBL3670204
CCc1ncnc(N2CCC(OC)CC2)c1C#Cc1ccc(C)nc1,1,IC50,6.91,1,CHEMBL3670205
CCOC1CCN(c2ncnc(CC)c2C#Cc2ccc(C)nc2)CC1,1,IC50,6.78,1,CHEMBL3670206
CCc1ncnc(N2CCC(O)CC2)c1C#Cc1ccc(C)nc1,1,IC50,6.85,1,CHEMBL3670207
CCc1ncnc(N2CCCC(CO)C2)c1C#Cc1ccc(C)nc1,1,IC50,6.97,1,CHEMBL3670208
CCc1ncnc(N2CCC(CO)CC2)c1C#Cc1ccc(C)nc1,1,IC50,7.16,1,CHEMBL3670209
CCc1ncnc(N2CCC(C)(O)CC2)c1C#Cc1ccc(C)nc1,1,IC50,7.52,1,CHEMBL3670210
Cc1ncnc(N2CCC(O)(C3CCCCC3)CC2)c1C#Cc1ccc(N)nc1,1,IC50,7.52,1,CHEMBL3670211
Cc1ncnc(N2CCC3(CCN(C)C3=O)CC2)c1C#Cc1ccc(N)nc1,1,IC50,8.0,1,CHEMBL3670212
Cc1ncnc(N2CCn3c(C)cnc3C2)c1C#Cc1ccc(N)nc1,1,IC50,7.01,1,CHEMBL3670213
CCc1ncnc(N2CCC3(CCN(C)C3=O)CC2)c1C#Cc1ccc(N)nc1,1,IC50,8.1,1,CHEMBL3670214
CCc1ncnc(N2CCn3c(C)cnc3C2)c1C#Cc1ccc(N)nc1,1,IC50,7.51,1,CHEMBL3670215
Cc1ncnc(N2CCN(CC(C)(C)O)CC2)c1C#Cc1ccc(N)nc1,1,IC50,7.75,1,CHEMBL3670216
Cc1ncnc(N2CCC3(CCN(C)CC3)CC2)c1C#Cc1ccc(N)nc1,1,IC50,7.6,1,CHEMBL3670217
CCc1ncnc(N2CCN(CC(C)(C)O)CC2)c1C#Cc1ccc(N)nc1,1,IC50,8.15,1,CHEMBL3670218
CCc1ncnc(N2CCC3(CC2)CC(=O)NC(=O)C3)c1C#Cc1ccc(N)nc1,1,IC50,8.3,1,CHEMBL3670219
CCc1ncnc(N2CCC3(CCN(C)CC3)CC2)c1C#Cc1ccc(N)nc1,1,IC50,7.54,1,CHEMBL3670220
Cc1ncnc(N2CCC3(CCNC3=O)CC2)c1C#Cc1ccc(N)nc1,1,IC50,7.72,1,CHEMBL3670221
CCc1ncnc(N2CCC3(CCNC3=O)CC2)c1C#Cc1ccc(N)nc1,1,IC50,7.52,1,CHEMBL3670222
CCc1ncnc(N2CCC(OC)CC2)c1C#Cc1ccc(NC)nc1,1,IC50,8.05,1,CHEMBL3670223
CCc1ncnc(N2CCC(O)CC2)c1C#Cc1ccc(NC)nc1,1,IC50,7.7,1,CHEMBL3670224
Cc1ncnc(N2CCC(CC(=O)N(C)C)CC2)c1C#Cc1ccc(N)nc1,1,IC50,7.35,1,CHEMBL3670225
Cc1ncnc(N2CCC(CC(=O)N3CCN(C)CC3)CC2)c1C#Cc1ccc(N)nc1,1,IC50,6.44,1,CHEMBL3670226
Cc1ncnc(N2CCC(CC(=O)N(C)CCN(C)C)CC2)c1C#Cc1ccc(N)nc1,1,IC50,6.34,1,CHEMBL3670227
COCCNC(=O)CC1CCN(c2ncnc(C)c2C#Cc2ccc(N)nc2)CC1,1,IC50,6.84,1,CHEMBL3670228
CCNC(=O)CC1CCN(c2ncnc(C)c2C#Cc2ccc(N)nc2)CC1,1,IC50,7.24,1,CHEMBL3670229
Cc1ncnc(N2CCC(CC(=O)N3CCOCC3)CC2)c1C#Cc1ccc(N)nc1,1,IC50,7.23,1,CHEMBL3670230
CCN(C)C(=O)CC1CCN(c2ncnc(C)c2C#Cc2ccc(N)nc2)CC1,1,IC50,7.28,1,CHEMBL3670231
Cc1ncnc(N2CCC(CC(=O)NCCN(C)C)CC2)c1C#Cc1ccc(N)nc1,1,IC50,6.58,1,CHEMBL3670232
CC(=O)NCC1CCN(c2ncnc(C)c2C#Cc2ccc(N)nc2)CC1,1,IC50,7.82,1,CHEMBL3670233
CCCCCC(=O)NCC1CCN(c2ncnc(C)c2C#Cc2ccc(N)nc2)CC1,1,IC50,7.51,1,CHEMBL3670234
Cc1ncnc(N2CCC(CNC(=O)CC3CCCC3)CC2)c1C#Cc1ccc(N)nc1,1,IC50,7.8,1,CHEMBL3670235
Cc1ncnc(N2CCC(CNC(=O)CN(C)C)CC2)c1C#Cc1ccc(N)nc1,1,IC50,6.34,1,CHEMBL3670236
COCCC(=O)NCC1CCN(c2ncnc(C)c2C#Cc2ccc(N)nc2)CC1,1,IC50,7.75,1,CHEMBL3670237
Cc1ncnc(N2CCC(CNC(=O)C3CCCCC3)CC2)c1C#Cc1ccc(N)nc1,1,IC50,7.11,1,CHEMBL3670238
Cc1ncnc(N2CCC(CNC(=O)CC(C)C)CC2)c1C#Cc1ccc(N)nc1,1,IC50,6.62,1,CHEMBL3670239
CCc1ncnc(N2CCN(C(=O)NC)CC2)c1C#Cc1ccc(N)nc1,1,IC50,7.08,1,CHEMBL3670240
CCc1ncnc(N2CCN(C(=O)c3ccccn3)CC2)c1C#Cc1ccc(N)nc1,1,IC50,7.05,1,CHEMBL3670241
CCc1ncnc(N2CCN(C(=O)CC#N)CC2)c1C#Cc1ccc(N)nc1,1,IC50,7.04,1,CHEMBL3670242
CCc1ncnc(N2CCN(C(=O)C3CC3)CC2)c1C#Cc1ccc(N)nc1,1,IC50,6.95,1,CHEMBL3670243
CCc1ncnc(N2CCN(C(=O)c3ccccc3)CC2)c1C#Cc1ccc(N)nc1,1,IC50,6.8,1,CHEMBL3670244
CCc1ncnc(N2CCN(C(=O)OC)CC2)c1C#Cc1ccc(N)nc1,1,IC50,7.0,1,CHEMBL3670245
CCc1ncnc(N2CCN(C(=O)c3ccco3)CC2)c1C#Cc1ccc(N)nc1,1,IC50,7.22,1,CHEMBL3670246
Cc1ncnc(N2CCN(C(=O)C3CCC3)CC2)c1C#Cc1ccc(N)nc1,1,IC50,7.19,1,CHEMBL3670247
Cc1ncnc(N2CCN(C(=O)c3ccno3)CC2)c1C#Cc1ccc(N)nc1,1,IC50,7.26,1,CHEMBL3670248
Cc1ccc(C(=O)N2CCN(c3ncnc(C)c3C#Cc3ccc(N)nc3)CC2)o1,1,IC50,7.22,1,CHEMBL3670249
CCc1ncnc(N2CCC3(CCN(C(C)=O)CC3)CC2)c1C#Cc1ccc(N)nc1,1,IC50,7.52,1,CHEMBL3670250
CCc1ncnc(N2CCC3(CCN(C(=O)COC)CC3)CC2)c1C#Cc1ccc(N)nc1,1,IC50,7.5,1,CHEMBL3670251
CCc1ncnc(N2CCC3(CCN(C(=O)NC)CC3)CC2)c1C#Cc1ccc(N)nc1,1,IC50,7.46,1,CHEMBL3670252
CCc1ncnc(N2CCCCC2)c1C#Cc1ccc(NC)nc1,1,IC50,7.26,1,CHEMBL3670253
CCc1ncnc(N2CCc3ncccc3C2)c1C#Cc1ccc(N)nc1,1,IC50,7.17,1,CHEMBL3670254
CCc1ncnc(N2CCC3(CCCCC3)CC2)c1C#Cc1ccc(N)nc1,1,IC50,6.48,1,CHEMBL3670255
CCc1ncnc(N2CCNC(=O)C2)c1C#Cc1ccc(N)nc1,1,IC50,7.35,1,CHEMBL3670256
CCc1ncnc(N2CCN(C(C)C)CC2)c1C#Cc1ccc(N)nc1,1,IC50,7.04,1,CHEMBL3670257
CCc1ncnc(N2CCC3(CC2)COC3)c1C#Cc1ccc(N)nc1,1,IC50,7.82,1,CHEMBL3670258
CCc1ncnc(N2CCn3c(COC)nnc3C2)c1C#Cc1ccc(N)nc1,1,IC50,6.86,1,CHEMBL3670259
CCc1ncnc(N2CCN(CCN3CCOCC3)CC2)c1C#Cc1ccc(N)nc1,1,IC50,6.9,1,CHEMBL3670260
CCc1ncnc(N2CCc3ncncc3C2)c1C#Cc1ccc(N)nc1,1,IC50,7.57,1,CHEMBL3670262
CCc1ncnc(N2CCN(C3CCOCC3)CC2)c1C#Cc1ccc(N)nc1,1,IC50,7.11,1,CHEMBL3670263
CCc1ncnc(N2CCN(C)C(=O)C2)c1C#Cc1ccc(N)nc1,1,IC50,7.43,1,CHEMBL3670264
CCc1ncnc(N2CCN(CCNS(C)(=O)=O)CC2)c1C#Cc1ccc(N)nc1,1,IC50,7.75,1,CHEMBL3670265
CCc1ncnc(N2CCN(CCCS(C)(=O)=O)CC2)c1C#Cc1ccc(N)nc1,1,IC50,7.6,1,CHEMBL3670266
CCc1ncnc(N2CCN(C(=O)N3CCOCC3)CC2)c1C#Cc1ccc(N)nc1,1,IC50,7.66,1,CHEMBL3670267
CCc1ncnc(N2CCc3ccccc3C2)c1C#Cc1ccc(N)nc1,1,IC50,7.17,1,CHEMBL3670268
CCc1ncnc(N2CCc3cc(OC)c(OC)cc3C2)c1C#Cc1ccc(N)nc1,1,IC50,7.08,1,CHEMBL3670269
CCc1ncnc(N2CCN(CC(C)O)CC2)c1C#Cc1ccc(N)nc1,1,IC50,7.29,1,CHEMBL3670271
CCc1ncnc(N2CCN(c3ccccn3)CC2)c1C#Cc1ccc(N)nc1,1,IC50,7.48,1,CHEMBL3670272
CCc1ncnc(N2CCN(c3ccncc3)CC2)c1C#Cc1ccc(N)nc1,1,IC50,7.31,1,CHEMBL3670273
CCc1ncnc(N2CCN(c3cccnc3)CC2)c1C#Cc1ccc(N)nc1,1,IC50,7.85,1,CHEMBL3670274
CCc1ncnc(N2CCN(c3ccccc3)CC2)c1C#Cc1ccc(N)nc1,1,IC50,7.05,1,CHEMBL3670275
CCc1ncnc(N2CCN(c3ncccn3)CC2)c1C#Cc1ccc(N)nc1,1,IC50,7.85,1,CHEMBL3670276
CCc1ncnc(N2CCN(C3COC3)CC2)c1C#Cc1ccc(N)nc1,1,IC50,7.33,1,CHEMBL3670277
CCc1ncnc(N2CCc3c(ncnc3N3CCOCC3)C2)c1C#Cc1ccc(N)nc1,1,IC50,6.86,1,CHEMBL3670278
CCc1ncnc(N2CCN(Cc3nc(C)c(C)o3)CC2)c1C#Cc1ccc(N)nc1,1,IC50,6.59,1,CHEMBL3670279
COc1ccc(-c2ccc3c(N4CCOC[C@@H]4C)nc(N4CCSCC4)nc3n2)cc1C(N)=O,1,IC50,8.26,1,CHEMBL3890706
COc1ccc(-c2ccc3c(N4CCOC[C@@H]4C)nc(N4CCN(C)CC4)nc3n2)cc1C(N)=O,1,IC50,7.52,1,CHEMBL3986415
COc1ccc(-c2ccc3c(N4CCOC[C@@H]4C)nc(N4CCOCC4)nc3n2)cc1C(N)=O,1,IC50,8.17,1,CHEMBL3916652
C[C@H]1COCCN1c1nc(N2CCOC[C@@H]2C)c2ccc(-c3ccc(N)cc3)nc2n1,1,IC50,8.16,1,CHEMBL3958903
CCc1ncnc(-c2ccc(C(C)(C)C#N)cc2)c1C#Cc1ccc(N)nc1,1,IC50,7.62,1,CHEMBL3640925
Cc1ncnc(-c2ccc(C(C)(C)C#N)cc2)c1C#Cc1ccc(N)nc1,1,IC50,7.62,1,CHEMBL3640926
CCc1cc(-c2ncnc(CC)c2C#Cc2ccc(N)nc2)ccn1,1,IC50,7.96,1,CHEMBL3640927
CCc1ncnc(-c2cc(C)nc(C)c2)c1C#Cc1ccc(N)nc1,1,IC50,8.1,1,CHEMBL3640928
CNC(=O)c1ccc(-c2ncnc(C)c2C#Cc2ccc(N)nc2)cc1Cl,1,IC50,8.52,1,CHEMBL3640929
Cc1ncnc(-c2ccc(C(=O)N(C)C)cc2)c1C#Cc1ccc(N)nc1,1,IC50,8.3,1,CHEMBL3640930
Cc1ncnc(-c2ccccc2)c1C#Cc1ccc(N)nc1,1,IC50,7.52,1,CHEMBL3640931
Cc1ncnc(-c2ccc(S(C)(=O)=O)cc2)c1C#Cc1ccc(N)nc1,1,IC50,8.1,1,CHEMBL3640932
Cc1ncnc(-c2ccc(F)c(C(=O)N(C)C)c2)c1C#Cc1ccc(N)nc1,1,IC50,8.22,1,CHEMBL3640933
Cc1ncnc(-c2cccc(C(=O)N(C)C)c2)c1C#Cc1ccc(N)nc1,1,IC50,7.77,1,CHEMBL3640934
Cc1ncnc(-c2ccc(C(=O)N(C)C)c(F)c2)c1C#Cc1ccc(N)nc1,1,IC50,8.7,1,CHEMBL3640935
CCc1ncnc(-c2ccc(C(=O)NC)c(Cl)c2)c1C#Cc1ccc(N)nc1,1,IC50,8.3,1,CHEMBL3640936
CCc1ncnc(-c2ccccc2)c1C#Cc1ccc(N)nc1,1,IC50,7.19,1,CHEMBL3640937
CCc1ncnc(-c2ccc(S(C)(=O)=O)cc2)c1C#Cc1ccc(N)nc1,1,IC50,7.75,1,CHEMBL3640938
CCc1ncnc(-c2ccc(F)c(C(=O)N(C)C)c2)c1C#Cc1ccc(N)nc1,1,IC50,7.7,1,CHEMBL3640939
CCc1ncnc(-c2ccc(C(=O)N(C)C)c(F)c2)c1C#Cc1ccc(N)nc1,1,IC50,8.7,1,CHEMBL3640940
CCc1ncnc(-c2ccc(C(=O)NC)c(Cl)c2)c1C#Cc1ccc(C)nc1,1,IC50,7.75,1,CHEMBL3640941
CCc1ncnc(-c2ccc(S(C)(=O)=O)cc2)c1C#Cc1ccc(C)nc1,1,IC50,7.16,1,CHEMBL3640942
CCc1ncnc(-c2ccc(C(=O)N(C)C)cc2)c1C#Cc1ccc(C)nc1,1,IC50,7.54,1,CHEMBL3640943
CCc1ncnc(-c2ccc(C(=O)N(C)C)c(F)c2)c1C#Cc1ccc(C)nc1,1,IC50,7.72,1,CHEMBL3640944
Cc1cc(-c2ncnc(C)c2C#Cc2ccc(N)nc2)ccn1,1,IC50,7.4,1,CHEMBL3640945
Cc1ncnc(-c2ccc(C(F)(F)F)nc2)c1C#Cc1ccc(N)nc1,1,IC50,7.36,1,CHEMBL3640946
Cc1ncnc(-c2cnc3ccccc3c2)c1C#Cc1ccc(N)nc1,1,IC50,7.12,1,CHEMBL3640947
COc1ccc(-c2ncnc(C)c2C#Cc2ccc(N)nc2)cn1,1,IC50,7.2,1,CHEMBL3640948
Cc1ccc(-c2ncnc(C)c2C#Cc2ccc(N)nc2)cn1,1,IC50,7.47,1,CHEMBL3640949
Cc1ncnc(-c2ccc(N3CCCCC3)nc2)c1C#Cc1ccc(N)nc1,1,IC50,6.79,1,CHEMBL3640950
Cc1ncnc(-c2ccc(C3CC3)nc2)c1C#Cc1ccc(N)nc1,1,IC50,7.24,1,CHEMBL3640951
CCc1ncnc(-c2ccnc(C)c2)c1C#Cc1ccc(N)nc1,1,IC50,7.7,1,CHEMBL3640952
CCc1ncnc(-c2ccc(C(F)(F)F)nc2)c1C#Cc1ccc(N)nc1,1,IC50,7.3,1,CHEMBL3640953
CCc1ncnc(-c2cnc3ccccc3c2)c1C#Cc1ccc(N)nc1,1,IC50,7.47,1,CHEMBL3640954
CCc1ncnc(-c2ccc(OC)nc2)c1C#Cc1ccc(N)nc1,1,IC50,7.29,1,CHEMBL3640955
CCc1ncnc(-c2ccc(C)nc2)c1C#Cc1ccc(N)nc1,1,IC50,7.66,1,CHEMBL3640956
CCc1ncnc(-c2ccc(N3CCOCC3)nc2)c1C#Cc1ccc(N)nc1,1,IC50,7.39,1,CHEMBL3640957
CCc1ncnc(-c2ccnc(OC)c2)c1C#Cc1ccc(N)nc1,1,IC50,7.47,1,CHEMBL3640958
CCc1ncnc(-c2ccc(N(C)C)nc2)c1C#Cc1ccc(N)nc1,1,IC50,7.1,1,CHEMBL3640959
CCc1ncnc(-c2ccc(C3CC3)nc2)c1C#Cc1ccc(N)nc1,1,IC50,7.5,1,CHEMBL3640960
CCN(CC)C(=O)c1cccc(-c2ncnc(C)c2C#Cc2ccc(N)nc2)c1,1,IC50,7.09,1,CHEMBL3640961
Cc1ncnc(-c2cccc(C(=O)N3CCOCC3)c2)c1C#Cc1ccc(N)nc1,1,IC50,7.05,1,CHEMBL3640962
Cc1ncnc(-c2cc(Cl)cc(C(=O)N(C)C)c2)c1C#Cc1ccc(N)nc1,1,IC50,7.62,1,CHEMBL3640963
Cc1ncnc(-c2ccc(F)c(C(=O)N3CCOCC3)c2)c1C#Cc1ccc(N)nc1,1,IC50,7.89,1,CHEMBL3640964
Cc1ncnc(-c2ccc(Cl)c(C(=O)N3CCOCC3)c2)c1C#Cc1ccc(N)nc1,1,IC50,8.4,1,CHEMBL3640965
Cc1ncnc(-c2ccc(F)c(C(=O)N3CCCCC3)c2)c1C#Cc1ccc(N)nc1,1,IC50,7.85,1,CHEMBL3640966
Cc1ncnc(-c2ccc(Cl)c(C(=O)N3CCCCC3)c2)c1C#Cc1ccc(N)nc1,1,IC50,7.89,1,CHEMBL3640967
CNC(=O)c1cc(-c2ncnc(C)c2C#Cc2ccc(N)nc2)ccc1F,1,IC50,7.5,1,CHEMBL3640968
CCc1ncnc(-c2cccc(C(=O)N(CC)CC)c2)c1C#Cc1ccc(N)nc1,1,IC50,6.96,1,CHEMBL3640969
CCc1ncnc(-c2ccc(Cl)c(C(=O)N(C)C)c2)c1C#Cc1ccc(N)nc1,1,IC50,8.4,1,CHEMBL3640970
CCc1ncnc(-c2ccc(F)c(C(=O)N3CCOCC3)c2)c1C#Cc1ccc(N)nc1,1,IC50,7.51,1,CHEMBL3640971
CCc1ncnc(-c2ccc(Cl)c(C(=O)N(CC)CC)c2)c1C#Cc1ccc(N)nc1,1,IC50,7.77,1,CHEMBL3640972
CCc1ncnc(-c2ccc(Cl)c(C(=O)N3CCCCC3)c2)c1C#Cc1ccc(N)nc1,1,IC50,7.55,1,CHEMBL3640973
CCc1ncnc(-c2ccc(Cl)c(C(=O)NC)c2)c1C#Cc1ccc(N)nc1,1,IC50,7.51,1,CHEMBL3640974
CCc1ncnc(-c2cccc(C(=O)NC)c2)c1C#Cc1ccc(N)nc1,1,IC50,7.36,1,CHEMBL3640975
CCc1ncnc(-c2ccc(C(=O)N(C)CCCOC)c(F)c2)c1C#Cc1ccc(N)nc1,1,IC50,8.52,1,CHEMBL3640976
CCc1ncnc(-c2ccc(C(=O)N(C)CCN(C)C)c(F)c2)c1C#Cc1ccc(N)nc1,1,IC50,7.52,1,CHEMBL3640977
CCc1ncnc(-c2ccc(C(=O)N(C)C3CCN(C)CC3)c(F)c2)c1C#Cc1ccc(N)nc1,1,IC50,7.48,1,CHEMBL3640978
CCc1ncnc(-c2ccc(C(=O)N(C)CCCO)c(F)c2)c1C#Cc1ccc(N)nc1,1,IC50,9.0,1,CHEMBL3640979
CCc1ncnc(-c2ccc(C(=O)NC)c(F)c2)c1C#Cc1ccc(N)nc1,1,IC50,8.1,1,CHEMBL3640980
CCc1ncnc(-c2ccc(C(=O)N(C)CCO)c(F)c2)c1C#Cc1ccc(N)nc1,1,IC50,8.7,1,CHEMBL3640981
CCc1ncnc(-c2ccc(C(=O)N(C)CCOC)c(F)c2)c1C#Cc1ccc(N)nc1,1,IC50,8.7,1,CHEMBL3640982
CCc1ncnc(-c2ccc(C(=O)N3CCN(C)CC3)c(F)c2)c1C#Cc1ccc(N)nc1,1,IC50,8.7,1,CHEMBL3640983
CCc1ncnc(-c2ccc(C(=O)N(C)CCCN(C)C)c(F)c2)c1C#Cc1ccc(N)nc1,1,IC50,7.48,1,CHEMBL3640984
CCc1ncnc(-c2ccc(C(=O)N3CCCCC3)c(F)c2)c1C#Cc1ccc(N)nc1C,1,IC50,8.4,1,CHEMBL3640985
CCc1ncnc(-c2ccc(C(=O)N3CCCCC3)c(Cl)c2)c1C#Cc1ccc(N)nc1,1,IC50,8.7,1,CHEMBL3640986
CCc1ncnc(-c2ccc(C(=O)N3CCN(CC(F)F)CC3)c(F)c2)c1C#Cc1ccc(N)nc1C,1,IC50,8.52,1,CHEMBL3640987
CCc1ncnc(-c2ccc(C(=O)N3CCN(C4CC4)CC3)c(F)c2)c1C#Cc1ccc(N)nc1C,1,IC50,8.4,1,CHEMBL3640988
CCc1ncnc(-c2ccc(C(=O)N3CCC(C(F)(F)F)CC3)c(F)c2)c1C#Cc1ccc(N)nc1C,1,IC50,7.57,1,CHEMBL3640989
CCc1ncnc(-c2ccc(C(=O)N3CCN(C4CCOCC4)CC3)c(F)c2)c1C#Cc1ccc(N)nc1C,1,IC50,8.52,1,CHEMBL3640990
CCc1ncnc(-c2ccc(C(=O)N3CCN(CC4CCCO4)CC3)c(F)c2)c1C#Cc1ccc(N)nc1C,1,IC50,8.3,1,CHEMBL3640991
CCc1ncnc(-c2ccc(C(=O)N3CCN(C4CCS(=O)(=O)C4)CC3)c(F)c2)c1C#Cc1ccc(N)nc1C,1,IC50,8.15,1,CHEMBL3640992
CCc1ncnc(-c2ccc(C(=O)N3CCN4CCCCC4C3)c(F)c2)c1C#Cc1ccc(N)nc1C,1,IC50,8.1,1,CHEMBL3640993
CCc1ncnc(-c2ccc(C(=O)N3CCN(S(=O)(=O)CC)CC3)c(F)c2)c1C#Cc1ccc(N)nc1C,1,IC50,8.05,1,CHEMBL3640994
CCc1ncnc(-c2ccc(C(=O)N3CCOCC3)c(F)c2)c1C#Cc1ccc(N)nc1C,1,IC50,8.1,1,CHEMBL3640995
CCc1ncnc(-c2ccc(C(=O)N3CCN(C)CC3)c(F)c2)c1C#Cc1ccc(N)nc1C,1,IC50,8.1,1,CHEMBL3640996
CCc1ncnc(-c2ccc(C(=O)N3CCN(CC4CCCCC4)CC3)c(F)c2)c1C#Cc1ccc(N)nc1C,1,IC50,7.17,1,CHEMBL3639398
CCc1ncnc(-c2ccc(C(=O)N3CCN(CC(=O)N(C)C)CC3)c(F)c2)c1C#Cc1ccc(N)nc1C,1,IC50,8.7,1,CHEMBL3640997
CCc1ncnc(-c2ccc(C(=O)N3CCN(Cc4ccccc4)CC3)c(F)c2)c1C#Cc1ccc(N)nc1C,1,IC50,8.05,1,CHEMBL3640998
CCc1ncnc(-c2ccc(C(=O)N3CCN(c4ccccc4)CC3)c(F)c2)c1C#Cc1ccc(N)nc1C,1,IC50,7.58,1,CHEMBL3640999
CCc1ncnc(-c2ccc(C(=O)N3CCN(CCN(C)C)CC3)c(F)c2)c1C#Cc1ccc(N)nc1C,1,IC50,8.15,1,CHEMBL3641000
CCc1ncnc(-c2ccc(C(=O)N3CCN(CCN(C)C)CC3)c(Cl)c2)c1C#Cc1ccc(N)nc1C,1,IC50,8.3,1,CHEMBL3641001
CCc1ncnc(-c2ccc(C(=O)N3CCN(C4CC4)CC3)c(Cl)c2)c1C#Cc1ccc(N)nc1,1,IC50,9.0,1,CHEMBL3641002
CCCCN1CCN(C(=O)c2ccc(-c3ncnc(CC)c3C#Cc3ccc(N)nc3)cc2Cl)CC1,1,IC50,9.0,1,CHEMBL3641003
CCc1ncnc(-c2ccc(C(=O)N(C)CCCOC)c(Cl)c2)c1C#Cc1ccc(N)nc1,1,IC50,8.52,1,CHEMBL3641004
CCc1ncnc(-c2ccc(C(=O)N3CCN(C4CCOCC4)CC3)c(Cl)c2)c1C#Cc1ccc(N)nc1,1,IC50,9.06,1,CHEMBL3641005
CCc1ncnc(-c2ccc(C(=O)N3CCN(C4CCS(=O)(=O)C4)CC3)c(Cl)c2)c1C#Cc1ccc(N)nc1,1,IC50,9.13,1,CHEMBL3641006
CCc1ncnc(-c2ccc(C(=O)NCCOC)c(Cl)c2)c1C#Cc1ccc(N)nc1,1,IC50,8.52,1,CHEMBL3641007
CCc1ncnc(-c2ccc(C(=O)N(C)CCO)c(Cl)c2)c1C#Cc1ccc(N)nc1,1,IC50,9.0,1,CHEMBL3641008
CCc1ncnc(-c2ccc(C(=O)N(C)CCOC)c(Cl)c2)c1C#Cc1ccc(N)nc1,1,IC50,8.7,1,CHEMBL3641009
CCc1ncnc(-c2ccc(C(=O)N3CCN(CCO)CC3)c(Cl)c2)c1C#Cc1ccc(N)nc1,1,IC50,9.22,1,CHEMBL3641010
CCc1ncnc(-c2ccc(C(=O)N3CCN(c4ccccn4)CC3)c(Cl)c2)c1C#Cc1ccc(N)nc1,1,IC50,8.52,1,CHEMBL3641011
CCc1ncnc(-c2ccc(C(=O)N3CCN(C4CCCC4)CC3)c(Cl)c2)c1C#Cc1ccc(N)nc1,1,IC50,8.4,1,CHEMBL3641012
CCc1ncnc(-c2ccc(C(=O)N3CCN(c4ccccc4)CC3)c(Cl)c2)c1C#Cc1ccc(N)nc1,1,IC50,8.3,1,CHEMBL3641013
CCc1ncnc(-c2ccc(C(=O)N3CCN(C(F)(F)F)CC3)c(Cl)c2)c1C#Cc1ccc(N)nc1,1,IC50,7.75,1,CHEMBL3641014
CCc1ncnc(-c2ccc(C(=O)N3CCN(CC(F)F)CC3)c(Cl)c2)c1C#Cc1ccc(N)nc1,1,IC50,8.7,1,CHEMBL3641015
CCc1ncnc(-c2ccc(C(=O)N3CCN(C(C)C)CC3)c(Cl)c2)c1C#Cc1ccc(N)nc1,1,IC50,9.08,1,CHEMBL3641016
CCc1ncnc(-c2ccc(C(=O)N3CCN(C(C)(C)C)CC3)c(Cl)c2)c1C#Cc1ccc(N)nc1,1,IC50,8.7,1,CHEMBL3641017
CCc1ncnc(-c2ccc(C(=O)N3CCNC(=O)C3)c(Cl)c2)c1C#Cc1ccc(N)nc1,1,IC50,9.09,1,CHEMBL3641018
CCc1ncnc(-c2ccc(C(=O)N3CCN(CC)CC3)c(Cl)c2)c1C#Cc1ccc(N)nc1,1,IC50,8.7,1,CHEMBL3641019
CCc1ncnc(-c2ccc(C(=O)N3CCN(C(C)=O)CC3)c(Cl)c2)c1C#Cc1ccc(N)nc1,1,IC50,8.7,1,CHEMBL3641020
CCc1ncnc(-c2ccc(C(=O)N3CCN(CC(F)F)CC3)c(OC)c2)c1C#Cc1ccc(N)nc1,1,IC50,8.7,1,CHEMBL3641021
CCc1ncnc(-c2ccc(C(=O)N3CCN(C(C)(C)C)CC3)c(OC)c2)c1C#Cc1ccc(N)nc1,1,IC50,8.52,1,CHEMBL3641022
CCc1ncnc(-c2ccc(C(=O)N3CCN(C4CC4)CC3)c(OC)c2)c1C#Cc1ccc(N)nc1,1,IC50,8.7,1,CHEMBL3641023
CCc1ncnc(-c2ccc(C(=O)N3CCN(C(C)C)CC3)c(OC)c2)c1C#Cc1ccc(N)nc1,1,IC50,8.7,1,CHEMBL3641024
CCc1ncnc(-c2ccc(C(=O)N3CCN(C4CCOCC4)CC3)c(OC)c2)c1C#Cc1ccc(N)nc1,1,IC50,9.0,1,CHEMBL3643061
CCc1ncnc(-c2ccc(C(=O)N3CCN(CCOC)CC3)c(OC)c2)c1C#Cc1ccc(N)nc1,1,IC50,9.0,1,CHEMBL3643062
CCc1ncnc(-c2ccc(C(=O)N3CCN(CC)CC3)c(OC)c2)c1C#Cc1ccc(N)nc1,1,IC50,8.52,1,CHEMBL3643063
CCc1ncnc(-c2ccc(C(=O)N3CCN(CC(F)(F)F)CC3)c(OC)c2)c1C#Cc1ccc(N)nc1,1,IC50,8.4,1,CHEMBL3643064
CCc1ncnc(-c2ccc(C(=O)N3CCN(S(=O)(=O)CC)CC3)c(OC)c2)c1C#Cc1ccc(N)nc1,1,IC50,8.7,1,CHEMBL3643065
CCc1ncnc(-c2ccc(C(=O)N3CCN(C(C)=O)CC3)c(OC)c2)c1C#Cc1ccc(N)nc1,1,IC50,8.7,1,CHEMBL3643066
CCc1ncnc(-c2ccc(C(=O)N3CCN(CCO)CC3)c(OC)c2)c1C#Cc1ccc(N)nc1,1,IC50,8.52,1,CHEMBL3643067
CCc1ncnc(-c2ccc(C(=O)N3CCN(C)CC3)c(OC)c2)c1C#Cc1ccc(N)nc1,1,IC50,8.7,1,CHEMBL3643068
CCc1ncnc(-c2ccc(C(=O)N3CCNC(=O)C3)c(OC)c2)c1C#Cc1ccc(N)nc1,1,IC50,9.0,1,CHEMBL3643069
CCc1ncnc(-c2ccc(C(=O)N3CCN(CCN(C)C)CC3)c(OC)c2)c1C#Cc1ccc(N)nc1,1,IC50,8.1,1,CHEMBL3643070
CCc1ncnc(-c2ccc(C(=O)N3CCN(CC(F)F)CC3)c(F)c2)c1C#Cc1ccc(N)nc1,1,IC50,9.0,1,CHEMBL3643071
CCc1ncnc(-c2ccc(C(=O)N3CCC(N4CCN(C)CC4)CC3)c(F)c2)c1C#Cc1ccc(N)nc1,1,IC50,8.52,1,CHEMBL3643072
CCc1ncnc(-c2ccc(C(=O)N3CCC(N4CCOCC4)CC3)c(F)c2)c1C#Cc1ccc(N)nc1,1,IC50,8.7,1,CHEMBL3643073
CCc1ncnc(-c2ccc(C(=O)N3CCN(C4CCN(C)CC4)CC3)c(F)c2)c1C#Cc1ccc(N)nc1,1,IC50,8.7,1,CHEMBL3643074
CCc1ncnc(-c2ccc(C(=O)NC3CCN(C)CC3)c(F)c2)c1C#Cc1ccc(N)nc1,1,IC50,7.52,1,CHEMBL3643075
CCc1ncnc(-c2ccc(C(=O)C3CCC(C)(O)CC3)c(F)c2)c1C#Cc1ccc(N)nc1,1,IC50,8.7,1,CHEMBL3639419
CCc1ncnc(-c2ccc(C(=O)N3CCC(N4CCN(C5CCN(C)CC5)CC4)CC3)c(F)c2)c1C#Cc1ccc(N)nc1,1,IC50,8.7,1,CHEMBL3643076
CCc1ncnc(-c2ccc(C(=O)N(C)O)c(F)c2)c1C#Cc1ccc(N)nc1,1,IC50,8.4,1,CHEMBL3643077
CCc1ncnc(-c2ccc(C(=O)N3CCN(CC(F)(F)F)CC3)c(F)c2)c1C#Cc1ccc(N)nc1,1,IC50,8.52,1,CHEMBL3643078
CCc1ncnc(-c2ccc(C(=O)N3CCC(N4CCCCC4)CC3)c(F)c2)c1C#Cc1ccc(N)nc1,1,IC50,8.3,1,CHEMBL3643079
CCc1ncnc(-c2ccc(C(=O)N3CCC(O)CC3)c(F)c2)c1C#Cc1ccc(N)nc1,1,IC50,9.0,1,CHEMBL3643080
CCc1ncnc(-c2ccc(C(=O)N(C)CC3CCCN(C)C3)c(F)c2)c1C#Cc1ccc(N)nc1,1,IC50,7.62,1,CHEMBL3643081
CCc1ncnc(-c2ccc(C(=O)NCC3CCCN(C)C3)c(F)c2)c1C#Cc1ccc(N)nc1,1,IC50,7.48,1,CHEMBL3643082
CCc1ncnc(-c2ccc(C(=O)NCC3CCN(C)C3)c(F)c2)c1C#Cc1ccc(N)nc1,1,IC50,7.48,1,CHEMBL3643083
CCc1ncnc(-c2ccc(C(=O)N(C)CC3CCN(C)CC3)c(F)c2)c1C#Cc1ccc(N)nc1,1,IC50,7.89,1,CHEMBL3643084
CCc1ncnc(-c2ccc(C(=O)NCC3CCN(C)CC3)c(F)c2)c1C#Cc1ccc(N)nc1,1,IC50,7.55,1,CHEMBL3643085
CCc1ncnc(-c2ccc(C(=O)N3CCC(N4CCN(CC)CC4)CC3)c(F)c2)c1C#Cc1ccc(N)nc1,1,IC50,8.3,1,CHEMBL3643086
CCc1ncnc(-c2ccc(C(=O)N3CCC(C(C)(C)O)CC3)c(F)c2)c1C#Cc1ccc(N)nc1,1,IC50,9.0,1,CHEMBL3643087
CCc1ncnc(-c2ccc(C(=O)N(C)CCC3(O)CCCC3)c(F)c2)c1C#Cc1ccc(N)nc1,1,IC50,8.3,1,CHEMBL3643088
CCc1ncnc(-c2ccc(C(=O)N(C)CC(C)(C)O)c(F)c2)c1C#Cc1ccc(N)nc1,1,IC50,8.4,1,CHEMBL3643089
CCc1ncnc(-c2ccc(C(=O)N3CCN(C(C)=O)CC3)c(F)c2)c1C#Cc1ccc(N)nc1C,1,IC50,8.4,1,CHEMBL3643090
CCCCN1CCN(C(=O)c2ccc(-c3ncnc(CC)c3C#Cc3ccc(N)nc3)cc2F)CC1,1,IC50,8.4,1,CHEMBL3643091
CCc1ncnc(-c2ccc(C(=O)N3CCN(C4CCOCC4)CC3)c(F)c2)c1C#Cc1ccc(N)nc1,1,IC50,8.52,1,CHEMBL3643092
CCc1ncnc(-c2ccc(C(=O)N3CCN(CC(=O)N(C)C)CC3)c(F)c2)c1C#Cc1ccc(N)nc1,1,IC50,8.15,1,CHEMBL3643093
CCc1ncnc(-c2ccc(C(=O)N3CCN(C4CCS(=O)(=O)C4)CC3)c(F)c2)c1C#Cc1ccc(N)nc1,1,IC50,8.4,1,CHEMBL3643094
CCc1ncnc(-c2ccc(C(=O)N3CCN4CCCCC4C3)c(F)c2)c1C#Cc1ccc(N)nc1,1,IC50,8.15,1,CHEMBL3643095
CCc1ncnc(-c2ccc(C(=O)N3CCN(CC4CCCO4)CC3)c(F)c2)c1C#Cc1ccc(N)nc1,1,IC50,8.4,1,CHEMBL3643096
CCc1ncnc(-c2ccc(C(=O)N3CCN(S(=O)(=O)CC)CC3)c(F)c2)c1C#Cc1ccc(N)nc1,1,IC50,8.3,1,CHEMBL3643097
CCc1ncnc(-c2ccc(C(=O)N3CCN(C(C)=O)CC3)c(F)c2)c1C#Cc1ccc(N)nc1,1,IC50,8.22,1,CHEMBL3643098
CCc1ncnc(-c2ccc(C(=O)N3CCN(CCO)CC3)c(F)c2)c1C#Cc1ccc(N)nc1,1,IC50,8.4,1,CHEMBL3643099
CCc1ncnc(-c2ccc(C(=O)N3CCN(c4ccccn4)CC3)c(F)c2)c1C#Cc1ccc(N)nc1,1,IC50,8.15,1,CHEMBL3643100
CCc1ncnc(-c2ccc(C(=O)N3CCN(c4ccncc4)CC3)c(F)c2)c1C#Cc1ccc(N)nc1,1,IC50,8.15,1,CHEMBL3643101
CCc1ncnc(-c2ccc(C(=O)N3CCN(CC4CCCCC4)CC3)c(F)c2)c1C#Cc1ccc(N)nc1,1,IC50,7.41,1,CHEMBL3643102
CCc1ncnc(-c2ccc(C(=O)N3CCN(CCOC)CC3)c(F)c2)c1C#Cc1ccc(N)nc1,1,IC50,8.22,1,CHEMBL3643103
CCc1ncnc(-c2ccc(C(=O)N3CCN(C4CCCC4)CC3)c(F)c2)c1C#Cc1ccc(N)nc1,1,IC50,8.22,1,CHEMBL3643104
CCc1ncnc(-c2ccc(C(=O)N3CCN(Cc4ccccc4)CC3)c(F)c2)c1C#Cc1ccc(N)nc1,1,IC50,7.92,1,CHEMBL3643105
CCc1ncnc(-c2ccc(C(=O)N3CCN(c4ccccc4)CC3)c(F)c2)c1C#Cc1ccc(N)nc1,1,IC50,8.0,1,CHEMBL3643106
CCc1ncnc(-c2ccc(C(=O)N3CCN(CCN(C)C)CC3)c(F)c2)c1C#Cc1ccc(N)nc1,1,IC50,7.8,1,CHEMBL3643107
CCc1ncnc(-c2ccc(C(=O)N3CCC(N(C)C)CC3)c(F)c2)c1C#Cc1ccc(N)nc1,1,IC50,7.8,1,CHEMBL3643108
CCc1ncnc(-c2ccc(C(=O)N3CCCOCC3)c(F)c2)c1C#Cc1ccc(N)nc1,1,IC50,8.7,1,CHEMBL3643109
CCc1ncnc(-c2ccc(C(=O)N3CCC(O)(CN(C)C)CC3)c(F)c2)c1C#Cc1ccc(N)nc1,1,IC50,7.55,1,CHEMBL3643110
CCc1ncnc(-c2ccc(C(=O)N3CCC(CCO)CC3)c(F)c2)c1C#Cc1ccc(N)nc1,1,IC50,8.22,1,CHEMBL3643111
CCc1ncnc(-c2ccc(C(=O)N3CC[S+]([O-])CC3)c(F)c2)c1C#Cc1ccc(N)nc1,1,IC50,8.52,1,CHEMBL3643112
CCc1ncnc(-c2ccc(C(=O)N3CCN(CC4CC4)CC3)c(F)c2)c1C#Cc1ccc(N)nc1,1,IC50,8.3,1,CHEMBL3643113
CCc1ncnc(-c2ccc(C(=O)N3CCN(OC)CC3)c(F)c2)c1C#Cc1ccc(N)nc1,1,IC50,8.05,1,CHEMBL3643114
CCc1ncnc(-c2ccc(C(=O)N3CCC(N4CCC(C)CC4)C3)c(F)c2)c1C#Cc1ccc(N)nc1,1,IC50,7.89,1,CHEMBL3643115
CCc1ncnc(-c2ccc(C(=O)N3CCCC(O)C3)c(F)c2)c1C#Cc1ccc(N)nc1,1,IC50,8.22,1,CHEMBL3643116
CCc1ncnc(-c2ccc(C(=O)N3CCC(N4CCCCCC4)CC3)c(F)c2)c1C#Cc1ccc(N)nc1,1,IC50,7.62,1,CHEMBL3643117
CCc1ncnc(-c2ccc(C(=O)N3CCC(N4CCCC4)CC3)c(F)c2)c1C#Cc1ccc(N)nc1,1,IC50,7.77,1,CHEMBL3643118
CCc1ncnc(-c2ccc(C(=O)N3CCNCC3)c(F)c2)c1C#Cc1ccc(N)nc1,1,IC50,7.89,1,CHEMBL3643119
CCc1ncnc(-c2ccc(C(=O)N3CCN(CC4CCCN(C)C4)CC3)c(F)c2)c1C#Cc1ccc(N)nc1,1,IC50,7.92,1,CHEMBL3643120
CCOC(=O)N1CCN(C(=O)c2ccc(-c3ncnc(CC)c3C#Cc3ccc(N)nc3)cc2F)CC1,1,IC50,7.8,1,CHEMBL3643121
CCc1ncnc(-c2ccc(C(=O)N3CCN(/C(=N/C)NC#N)CC3)c(F)c2)c1C#Cc1ccc(N)nc1,1,IC50,8.1,1,CHEMBL3643122
CCc1ncnc(-c2ccc(C(=O)N3CCCN(C)CC3)c(F)c2)c1C#Cc1ccc(N)nc1,1,IC50,7.77,1,CHEMBL3643123
CCc1ncnc(-c2ccc(C(=O)N(C)CCN3CCCC3=O)c(F)c2)c1C#Cc1ccc(N)nc1,1,IC50,7.85,1,CHEMBL3643124
CCc1ncnc(-c2ccc(C(=O)N3CCOC(C)(C)C3)c(F)c2)c1C#Cc1ccc(N)nc1,1,IC50,8.05,2,CHEMBL3643125
CCc1ncnc(-c2ccc(C(=O)N3CCN(C4CC4)CC3)c(F)c2)c1C#Cc1ccc(N)nc1,1,IC50,8.52,1,CHEMBL3643126
CCc1ncnc(-c2ccc(C(=O)N3CCN(C(C)C)CC3)c(F)c2)c1C#Cc1ccc(N)nc1,1,IC50,8.22,1,CHEMBL3643127
CCc1ncnc(-c2ccc(C(=O)N3CCC(O)(C(F)(F)F)CC3)c(F)c2)c1C#Cc1ccc(N)nc1,1,IC50,7.77,1,CHEMBL3643128
CCc1ncnc(-c2ccc(C(=O)N3CCC(O)(C(C)C)CC3)c(F)c2)c1C#Cc1ccc(N)nc1,1,IC50,8.15,1,CHEMBL3643129
CCc1ncnc(-c2ccc(C(=O)N3CCC(O)(CC)CC3)c(F)c2)c1C#Cc1ccc(N)nc1,1,IC50,8.4,1,CHEMBL3643130
CCc1ncnc(-c2ccc(C(=O)N3CCC(O)(c4ccccc4)CC3)c(F)c2)c1C#Cc1ccc(N)nc1,1,IC50,8.1,1,CHEMBL3643131
CCc1ncnc(-c2ccc(C(=O)N3CCN(C)C(C)(C)C3)c(F)c2)c1C#Cc1ccc(N)nc1,1,IC50,7.89,1,CHEMBL3643132
CCc1ncnc(-c2ccc(C(=O)N3CCN(C)C(C)C3)c(F)c2)c1C#Cc1ccc(N)nc1,1,IC50,8.1,1,CHEMBL3643133
CCc1ncnc(-c2ccc(C(=O)N3CCN(C(C)CC)CC3)c(F)c2)c1C#Cc1ccc(N)nc1,1,IC50,8.0,1,CHEMBL3643134
CCc1ncnc(-c2ccc(C(=O)N3CCN(C(CC)CC)CC3)c(F)c2)c1C#Cc1ccc(N)nc1,1,IC50,7.8,1,CHEMBL3643135
CCc1ncnc(-c2ccc(C(=O)N3CCC[C@@H]3CO)c(F)c2)c1C#Cc1ccc(N)nc1,1,IC50,8.3,1,CHEMBL3643136
CCc1ncnc(-c2ccc(C(=O)N3CC(C)NC(C)C3)c(F)c2)c1C#Cc1ccc(N)nc1,1,IC50,7.58,1,CHEMBL3643137
CCc1ncnc(-c2ccc(C(=O)N3CCN(C)C(=O)C3)c(F)c2)c1C#Cc1ccc(N)nc1,1,IC50,8.7,1,CHEMBL3643138
CCc1ncnc(-c2ccc(C(=O)N3[C@@H]4C[C@H]3N4C)c(F)c2)c1C#Cc1ccc(N)nc1,1,IC50,7.68,1,CHEMBL3643139
CCc1ncnc(-c2ccc(C(=O)N3CCC[C@H]3CO)c(F)c2)c1C#Cc1ccc(N)nc1,1,IC50,8.52,2,CHEMBL3643140
CCc1ncnc(-c2ccc(C(=O)N3CCN(CC4CC4)CC3)c(Cl)c2)c1C#Cc1ccc(N)nc1,1,IC50,8.3,2,CHEMBL3643141
CCc1ncnc(-c2ccc(C(=O)N3CCN(C(C)(C)O)CC3)c(Cl)c2)c1C#Cc1ccc(N)nc1,1,IC50,8.3,1,CHEMBL3643142
CCc1ncnc(-c2ccc(C(=O)N3CCC(C4CCN(C)CC4)CC3)c(Cl)c2)c1C#Cc1ccc(N)nc1,1,IC50,8.16,2,CHEMBL3643143
CCc1ncnc(-c2ccc(C(=O)NC3CCCN(C)C3)c(Cl)c2)c1C#Cc1ccc(N)nc1,1,IC50,7.25,2,CHEMBL3643144
CCc1ncnc(-c2ccc(C(=O)N3CC[S+]([O-])CC3)c(Cl)c2)c1C#Cc1ccc(N)nc1,1,IC50,8.6,2,CHEMBL3643145
CCc1ncnc(-c2ccc(C(=O)N3CCC(OC)CC3)c(Cl)c2)c1C#Cc1ccc(N)nc1,1,IC50,8.22,2,CHEMBL3643146
CCc1ncnc(-c2ccc(C(=O)N3CCC(C)(O)CC3)c(Cl)c2)c1C#Cc1ccc(N)nc1,1,IC50,8.23,2,CHEMBL3643147
CCc1ncnc(-c2ccc(C(=O)N3CC[C@H](O)C3)c(Cl)c2)c1C#Cc1ccc(N)nc1,1,IC50,8.7,2,CHEMBL3643148
CCc1ncnc(-c2ccc(C(=O)N3CC[C@@H](O)C3)c(Cl)c2)c1C#Cc1ccc(N)nc1,1,IC50,8.4,2,CHEMBL3643149
CCc1ncnc(-c2ccc(C(=O)N3CCCC(O)C3)c(Cl)c2)c1C#Cc1ccc(N)nc1,1,IC50,8.52,2,CHEMBL3643150
CCc1ncnc(-c2ccc(C(=O)N3CCC(N4CCCCCC4)CC3)c(Cl)c2)c1C#Cc1ccc(N)nc1,1,IC50,7.37,2,CHEMBL3643151
CCc1ncnc(-c2ccc(C(=O)N3CCC(N(C)C)CC3)c(Cl)c2)c1C#Cc1ccc(N)nc1,1,IC50,7.53,2,CHEMBL3643152
CCc1ncnc(-c2ccc(C(=O)N3CCC(N(C)C)C3)c(Cl)c2)c1C#Cc1ccc(N)nc1,1,IC50,7.7,2,CHEMBL3643153
CCc1ncnc(-c2ccc(C(=O)N3CCC(N4CCCC4)CC3)c(Cl)c2)c1C#Cc1ccc(N)nc1,1,IC50,8.0,2,CHEMBL3643154
CCc1ncnc(-c2ccc(C(=O)N3CCNCC3)c(Cl)c2)c1C#Cc1ccc(N)nc1,1,IC50,8.11,2,CHEMBL3643155
CCc1ncnc(-c2ccc(C(=O)N(C)O)c(Cl)c2)c1C#Cc1ccc(N)nc1,1,IC50,7.77,2,CHEMBL3643156
CCc1ncnc(-c2ccc(C(=O)N3CCCN(C)CC3)c(Cl)c2)c1C#Cc1ccc(N)nc1,1,IC50,7.66,2,CHEMBL3643157
CCc1ncnc(-c2ccc(C(=O)N3CCN(c4ccncc4)CC3)c(Cl)c2)c1C#Cc1ccc(N)nc1,1,IC50,8.02,2,CHEMBL3643158
CCc1ncnc(-c2ccc(C(=O)N3CCN(O)CC3)c(Cl)c2)c1C#Cc1ccc(N)nc1,1,IC50,8.52,1,CHEMBL3643159
CCc1ncnc(-c2ccc(C(=O)N3CCCOCC3)c(Cl)c2)c1C#Cc1ccc(N)nc1,1,IC50,8.34,2,CHEMBL3643160
CCc1ncnc(-c2ccc(C(=O)NCC3(C)COC3)c(Cl)c2)c1C#Cc1ccc(N)nc1,1,IC50,8.16,2,CHEMBL3643161
CCc1ncnc(-c2ccc(C(=O)N3CCN(Cc4ccccc4)CC3)c(Cl)c2)c1C#Cc1ccc(N)nc1,1,IC50,7.54,2,CHEMBL3643162
Cc1ncnc(-c2ccc(C(=O)N3CCN(c4ccccc4)CC3)cc2)c1C#Cc1ccc(N)nc1,1,IC50,8.4,1,CHEMBL3643163
COCCN1CCN(C(=O)c2ccc(-c3ncnc(C)c3C#Cc3ccc(N)nc3)cc2)CC1,1,IC50,8.52,1,CHEMBL3643164
CCCCN1CCN(C(=O)c2ccc(-c3ncnc(C)c3C#Cc3ccc(N)nc3)cc2)CC1,1,IC50,8.1,1,CHEMBL3643165
Cc1ncnc(-c2ccc(C(=O)N3CCN4CCCCC4C3)cc2)c1C#Cc1ccc(N)nc1,1,IC50,7.77,1,CHEMBL3643166
Cc1ncnc(-c2ccc(C(=O)N3CCN(C4CCS(=O)(=O)C4)CC3)cc2)c1C#Cc1ccc(N)nc1,1,IC50,8.4,1,CHEMBL3643167
Cc1ncnc(-c2ccc(C(=O)N3CCN(C4CCOCC4)CC3)cc2)c1C#Cc1ccc(N)nc1,1,IC50,8.52,1,CHEMBL3643168
Cc1ncnc(-c2ccc(C(=O)N3CCN(CCO)CC3)cc2)c1C#Cc1ccc(N)nc1,1,IC50,8.52,1,CHEMBL3643169
Cc1ncnc(-c2ccc(C(=O)N3CCN(C4CCCC4)CC3)cc2)c1C#Cc1ccc(N)nc1,1,IC50,8.4,1,CHEMBL3643170
CCc1ncnc(-c2ccc(C(=O)NCC(O)CN(C)C)c(F)c2)c1C#Cc1ccc(N)nc1,1,IC50,7.72,1,CHEMBL3890827
CCc1ncnc(-c2ccc(C(=O)NC3CCCN(C)C3)c(F)c2)c1C#Cc1ccc(N)nc1,1,IC50,7.51,1,CHEMBL3643171
CCc1ncnc(-c2ccc(C(=O)NC3CC(N4CCN(C)CC4)C3)c(F)c2)c1C#Cc1ccc(N)nc1,1,IC50,8.52,1,CHEMBL3643172
CCc1ncnc(-c2ccc(C(=O)NC3CCN(C)C3)c(F)c2)c1C#Cc1ccc(N)nc1,1,IC50,7.82,1,CHEMBL3643173
CCc1ncnc(-c2ccc(C(=O)NC[C@H]3CCCN3CC)c(F)c2)c1C#Cc1ccc(N)nc1,1,IC50,7.34,1,CHEMBL3643174
CCc1ncnc(-c2ccc(C(=O)NC3CCN(CCOC)CC3)c(F)c2)c1C#Cc1ccc(N)nc1,1,IC50,7.96,1,CHEMBL3639420
CCc1ncnc(-c2ccc(C(=O)NC3CC(C)(C)N(C)C(C)(C)C3)c(F)c2)c1C#Cc1ccc(N)nc1,1,IC50,7.8,1,CHEMBL3643175
CCc1ncnc(-c2ccc(C(=O)N3CC[C@H](O)C3)c(F)c2)c1C#Cc1ccc(N)nc1,1,IC50,9.0,1,CHEMBL3643176
CCc1ncnc(-c2ccc(C(=O)N3CC[C@@H](O)C3)c(F)c2)c1C#Cc1ccc(N)nc1,1,IC50,8.7,1,CHEMBL3643177
CCc1ncnc(-c2ccc(C(=O)NC3CCCN(C4CCN(C)CC4)C3)c(F)c2)c1C#Cc1ccc(N)nc1,1,IC50,7.55,1,CHEMBL3643178
CCc1ncnc(-c2ccc(C(=O)NC3CC(N4CCN(O)CC4)C3)c(F)c2)c1C#Cc1ccc(N)nc1,1,IC50,7.89,1,CHEMBL3643179
CCc1ncnc(-c2ccc(C(=O)NC3CC(N4CCCCC4)C3)c(F)c2)c1C#Cc1ccc(N)nc1,1,IC50,8.0,1,CHEMBL3643180
CCc1ncnc(-c2ccc(C(=O)NC3CC(N4CCC(N5CCCC5)CC4)C3)c(F)c2)c1C#Cc1ccc(N)nc1,1,IC50,8.1,1,CHEMBL3643181
CCc1ncnc(-c2ccc(C(=O)NC3CC(N4CCCC4)C3)c(F)c2)c1C#Cc1ccc(N)nc1,1,IC50,7.96,1,CHEMBL3643182
CCc1ncnc(-c2ccc(C(=O)NC3CCN(C4CCN(C)CC4)C3)c(F)c2)c1C#Cc1ccc(N)nc1,1,IC50,8.15,1,CHEMBL3643183
CCc1ncnc(-c2ccc(C(=O)NCCN3CCCC3=O)c(F)c2)c1C#Cc1ccc(N)nc1,1,IC50,8.3,1,CHEMBL3643184
CCc1ncnc(-c2ccc(C(=O)NC3CCS(=O)(=O)C3)c(F)c2)c1C#Cc1ccc(N)nc1,1,IC50,8.3,1,CHEMBL3643185
CCc1ncnc(-c2ccc(C(=O)NC3CC(C)(C)NC(C)(C)C3)c(F)c2)c1C#Cc1ccc(N)nc1,1,IC50,7.75,1,CHEMBL3643186
CCc1ncnc(-c2ccc(C(=O)NCC3(C)COC3)c(F)c2)c1C#Cc1ccc(N)nc1,1,IC50,9.0,1,CHEMBL3643187
CCc1ncnc(-c2ccc(C(=O)N3CCC(N(C)C)C3)c(F)c2)c1C#Cc1ccc(N)nc1,1,IC50,8.7,1,CHEMBL3643188
CCc1ncnc(-c2ccc(C(=O)N(C)C3CCS(=O)(=O)C3)c(F)c2)c1C#Cc1ccc(N)nc1,1,IC50,9.0,1,CHEMBL3643189
CCc1ncnc(-c2ccc(C(=O)NCCN3CCOCC3)c(F)c2)c1C#Cc1ccc(N)nc1,1,IC50,8.4,1,CHEMBL3643190
CCc1ncnc(-c2ccc(C(=O)N3CCCO3)c(F)c2)c1C#Cc1ccc(N)nc1,1,IC50,8.3,1,CHEMBL3643191
CCc1ncnc(-c2ccc(C(=O)N3CCCCO3)c(F)c2)c1C#Cc1ccc(N)nc1,1,IC50,7.96,1,CHEMBL3643192
CCc1ncnc(-c2ccc(C(=O)N3CC(O)CO3)c(F)c2)c1C#Cc1ccc(N)nc1,1,IC50,8.15,1,CHEMBL3643193
CCc1ncnc(-c2ccc(C(=O)N(C)OC)c(F)c2)c1C#Cc1ccc(N)nc1,1,IC50,8.15,1,CHEMBL3643194
CCc1ncnc(-c2ccc(C(=O)N3CCCO3)cc2)c1C#Cc1ccc(N)nc1,1,IC50,8.0,1,CHEMBL3643195
CCc1ncnc(-c2ccc(C(=O)N3CCCCO3)cc2)c1C#Cc1ccc(N)nc1,1,IC50,7.89,1,CHEMBL3643196
CCc1ncnc(-c2ccc(C(=O)N3CC(O)CO3)cc2)c1C#Cc1ccc(N)nc1,1,IC50,7.92,1,CHEMBL3643197
CCc1ncnc(-c2ccc(C(=O)N(C)OC)cc2)c1C#Cc1ccc(N)nc1,1,IC50,7.8,1,CHEMBL3643198
Cc1ncnc(-c2ccc(C(=O)N3CCCO3)c(F)c2)c1C#Cc1ccc(N)nc1,1,IC50,8.0,1,CHEMBL3643199
Cc1ncnc(-c2ccc(C(=O)N3CCCCO3)c(F)c2)c1C#Cc1ccc(N)nc1,1,IC50,7.77,1,CHEMBL3643200
Cc1ncnc(-c2ccc(C(=O)N3CC(O)CO3)c(F)c2)c1C#Cc1ccc(N)nc1,1,IC50,8.1,1,CHEMBL3643201
CON(C)C(=O)c1ccc(-c2ncnc(C)c2C#Cc2ccc(N)nc2)cc1F,1,IC50,7.92,1,CHEMBL3643202
Cc1ncnc(-c2ccc(C(=O)N3CCCO3)c(Cl)c2)c1C#Cc1ccc(N)nc1,1,IC50,7.82,1,CHEMBL3643203
Cc1ncnc(-c2ccc(C(=O)N3CCCCO3)c(Cl)c2)c1C#Cc1ccc(N)nc1,1,IC50,7.66,1,CHEMBL3643204
Cc1ncnc(-c2ccc(C(=O)N3CC(O)CO3)c(Cl)c2)c1C#Cc1ccc(N)nc1,1,IC50,8.05,1,CHEMBL3643205
CON(C)C(=O)c1ccc(-c2ncnc(C)c2C#Cc2ccc(N)nc2)cc1Cl,1,IC50,7.77,1,CHEMBL3643206
CCc1ncnc(-c2ccc(C(=O)N3CCC(N4CCOCC4)C3)c(F)c2)c1C#Cc1ccc(N)nc1,1,IC50,8.1,1,CHEMBL3643207
CCc1ncnc(-c2ccc(C(=O)N3CCC(N4CCCC4)C3)c(F)c2)c1C#Cc1ccc(N)nc1,1,IC50,7.77,1,CHEMBL3643208
CCc1ncnc(-c2ccc(C(=O)N3CC[C@@H](N(C)C)C3)c(F)c2)c1C#Cc1ccc(N)nc1,1,IC50,8.1,1,CHEMBL3643209
CCc1ncnc(-c2ccc(C(=O)N3CC[C@H](N(C)C)C3)c(F)c2)c1C#Cc1ccc(N)nc1,1,IC50,7.75,1,CHEMBL3643210
CCc1ncnc(-c2ccc(C(=O)N3CCC(N(CC)CC)C3)c(F)c2)c1C#Cc1ccc(N)nc1,1,IC50,7.6,1,CHEMBL3643211
CCc1ncnc(-c2ccc(C(=O)N3CCOCC3)c(F)c2)c1C#Cc1ccc(N)nc1,1,IC50,8.52,1,CHEMBL3643212
CCc1ncnc(-c2ccc(C(=O)N3CCN(C)CC3)nc2)c1C#Cc1ccc(N)nc1,1,IC50,7.62,1,CHEMBL3643213
CCc1ncnc(-c2cc(F)c(C(=O)N3CCN(C)CC3)c(F)c2)c1C#Cc1ccc(N)nc1,1,IC50,8.89,1,CHEMBL3643214
CCc1ncnc(-c2cc(F)c(C(=O)N3CCN(C(C)C)CC3)c(F)c2)c1C#Cc1ccc(N)nc1,1,IC50,8.66,1,CHEMBL3643215
CCc1ncnc(-c2cc(F)c(C(=O)N3CCN(CC)CC3)c(F)c2)c1C#Cc1ccc(N)nc1,1,IC50,8.65,1,CHEMBL3643216
CCCN1CCN(C(=O)c2c(F)cc(-c3ncnc(CC)c3C#Cc3ccc(N)nc3)cc2F)CC1,1,IC50,8.67,1,CHEMBL3643217
CCc1ncnc(-c2cc(F)c(C(=O)N3CCN(CCOC)CC3)c(F)c2)c1C#Cc1ccc(N)nc1,1,IC50,8.67,1,CHEMBL3643218
CCc1ncnc(-c2cc(F)c(C(=O)N3CCN(C4CCOCC4)CC3)c(F)c2)c1C#Cc1ccc(N)nc1,1,IC50,9.46,1,CHEMBL3643219
CCc1ncnc(-c2cc(F)c(C(=O)N3CCN(CC4CC4)CC3)c(F)c2)c1C#Cc1ccc(N)nc1,1,IC50,9.03,1,CHEMBL3643220
CCc1ncnc(-c2cc(F)c(C(=O)N3CCN(C(C)(C)C)CC3)c(F)c2)c1C#Cc1ccc(N)nc1,1,IC50,8.12,1,CHEMBL3643221
CCc1ncnc(-c2cc(F)c(C(=O)N3CCC(N4CCOCC4)CC3)c(F)c2)c1C#Cc1ccc(N)nc1,1,IC50,9.4,1,CHEMBL3643222
CCc1ncnc(-c2cc(F)c(C(=O)N(C)C)c(F)c2)c1C#Cc1ccc(N)nc1,1,IC50,8.6,1,CHEMBL3643223
CCc1ncnc(-c2cc(F)c(C(=O)N3CCCC3)c(F)c2)c1C#Cc1ccc(N)nc1,1,IC50,9.03,1,CHEMBL3643224
CCc1ncnc(-c2cc(F)c(C(=O)NC)c(F)c2)c1C#Cc1ccc(N)nc1,1,IC50,8.47,1,CHEMBL3643225
CCc1ncnc(-c2cc(F)c(C(=O)NCCN3CCOCC3)c(F)c2)c1C#Cc1ccc(N)nc1,1,IC50,8.42,1,CHEMBL3643226
CCc1ncnc(-c2cc(F)c(C(=O)N3CCNCC3)c(F)c2)c1C#Cc1ccc(N)nc1,1,IC50,8.99,1,CHEMBL3643227
CCc1ncnc(-c2ccc(C(=O)N3C[C@H]4C[C@@H]3CN4C)c(F)c2)c1C#Cc1ccc(N)nc1,1,IC50,7.68,1,CHEMBL3643228
CCc1ncnc(-c2ccc(C(=O)N3CCC4(CC3)OCCCO4)c(Cl)c2)c1C#Cc1ccc(N)nc1,1,IC50,8.06,1,CHEMBL3643229
CCc1ncnc(-c2ccc(C(=O)N3CCC(C(C)(C)O)CC3)c(Cl)c2)c1C#Cc1ccc(N)nc1,1,IC50,8.35,1,CHEMBL3643230
CCc1ncnc(-c2ccc(C(=O)N3CCC4(CCN(C)CC4)CC3)c(Cl)c2)c1C#Cc1ccc(N)nc1,1,IC50,7.49,1,CHEMBL3643231
CCc1ncnc(-c2ccc(C(=O)N3CCC(O)CC3)c(Cl)c2)c1C#Cc1ccc(N)nc1,1,IC50,8.55,1,CHEMBL3643232
CCc1ncnc(-c2ccc(C(=O)N3CCC4(CCN(C)C4)C3)c(Cl)c2)c1C#Cc1ccc(N)nc1,1,IC50,7.4,1,CHEMBL3643233
CCCCN1CCN(C(=O)c2ccc(-c3ncnc(CC)c3C#Cc3ccc(N)nc3)cc2OC)CC1,1,IC50,8.35,1,CHEMBL3643234
CCc1ncnc(-c2ccc(C(=O)N3CCC(C(C)(C)O)CC3)c(OC)c2)c1C#Cc1ccc(N)nc1,1,IC50,7.95,1,CHEMBL3643235
CCc1ncnc(-c2ccc(C(=O)N3CCC(N4CCN(C)CC4)CC3)c(OC)c2)c1C#Cc1ccc(N)nc1,1,IC50,7.99,1,CHEMBL3643236
CCc1ncnc(-c2ccc(C(=O)N3CCCC(O)C3)c(OC)c2)c1C#Cc1ccc(N)nc1,1,IC50,7.93,1,CHEMBL3643237
CCc1ncnc(-c2ccc(C(=O)N3CCC(N4CCOCC4)CC3)c(OC)c2)c1C#Cc1ccc(N)nc1,1,IC50,7.9,1,CHEMBL3643238
CCc1ncnc(-c2ccc(C(=O)N3CCOCC3)c(OC)c2)c1C#Cc1ccc(N)nc1,1,IC50,8.2,1,CHEMBL3643239
CCc1ncnc(-c2ccc(C(=O)N3CC(O)CO3)c(OC)c2)c1C#Cc1ccc(N)nc1,1,IC50,8.18,1,CHEMBL3643240
CCc1ncnc(-c2ccc(C(=O)N3CCCO3)c(OC)c2)c1C#Cc1ccc(N)nc1,1,IC50,8.05,1,CHEMBL3643241
CCc1ncnc(-c2ccc(C(=O)N3CCCC(N(C)C)C3)c(OC)c2)c1C#Cc1ccc(N)nc1,1,IC50,7.05,1,CHEMBL3643242
CCc1ncnc(-c2ccc(C(=O)N3CCC(N4CCC(C)CC4)C3)c(OC)c2)c1C#Cc1ccc(N)nc1,1,IC50,7.12,1,CHEMBL3643243
CCc1ncnc(-c2ccc(C(=O)N3CCC4(CCN(C)CC4)CC3)c(OC)c2)c1C#Cc1ccc(N)nc1,1,IC50,7.29,1,CHEMBL3643244
CCc1ncnc(-c2ccc(C(=O)N3CCN(C4CCS(=O)(=O)C4)CC3)c(OC)c2)c1C#Cc1ccc(N)nc1,1,IC50,8.14,1,CHEMBL3643245
CCc1ncnc(-c2ccc(C(=O)N3CC[C@H](N(C)C)C3)c(OC)c2)c1C#Cc1ccc(N)nc1,1,IC50,7.21,1,CHEMBL3643246
CCc1ncnc(-c2ccc(C(=O)N3CC[C@@H](N(C)C)C3)c(OC)c2)c1C#Cc1ccc(N)nc1,1,IC50,7.47,1,CHEMBL3643247
CCc1ncnc(-c2ccc(C(=O)N3CCN4CCCCC4C3)c(OC)c2)c1C#Cc1ccc(N)nc1,1,IC50,7.68,1,CHEMBL3643248
CCc1ncnc(-c2ccc(C(=O)N3CCC(N4CCCCCC4)CC3)c(OC)c2)c1C#Cc1ccc(N)nc1,1,IC50,7.3,1,CHEMBL3643249
CCc1ncnc(-c2ccc(C(=O)N3CCC(N(C)C)CC3)c(OC)c2)c1C#Cc1ccc(N)nc1,1,IC50,7.48,1,CHEMBL3643250
CCc1ncnc(-c2ccc(C(=O)N(C)OC)c(OC)c2)c1C#Cc1ccc(N)nc1,1,IC50,8.19,1,CHEMBL3643251
CCc1ncnc(-c2ccc(C(=O)N(C)C3CCS(=O)(=O)C3)c(OC)c2)c1C#Cc1ccc(N)nc1,1,IC50,8.31,1,CHEMBL3643252
CCOC(=O)N1CCN(C(=O)c2ccc(-c3ncnc(CC)c3C#Cc3ccc(N)nc3)cc2OC)CC1,1,IC50,7.71,1,CHEMBL3643253
CCc1ncnc(-c2ccc(C(=O)N3CCC(N4CCCCC4)CC3)c(OC)c2)c1C#Cc1ccc(N)nc1,1,IC50,7.49,1,CHEMBL3643254
CCc1ncnc(-c2ccc(C(=O)NCCN3CCOCC3)c(OC)c2)c1C#Cc1ccc(N)nc1,1,IC50,7.66,1,CHEMBL3643255
CCc1ncnc(-c2ccc(C(=O)N(C)CCN3CCCC3=O)c(OC)c2)c1C#Cc1ccc(N)nc1,1,IC50,7.8,1,CHEMBL3643256
CCc1ncnc(-c2ccc(C(=O)N3CCC4(CCN(C)C4)C3)c(OC)c2)c1C#Cc1ccc(N)nc1,1,IC50,7.27,1,CHEMBL3643257
CCc1ncnc(-c2ccc(C(=O)N3CCN(CC4CCCCC4)CC3)c(OC)c2)c1C#Cc1ccc(N)nc1,1,IC50,7.8,1,CHEMBL3643258
CCc1ncnc(-c2ccc(C(=O)N3CCN(C4CCCC4)CC3)c(OC)c2)c1C#Cc1ccc(N)nc1,1,IC50,8.17,1,CHEMBL3643259
CCc1ncnc(-c2ccc(C(=O)N3CCN(Cc4ccccc4)CC3)c(OC)c2)c1C#Cc1ccc(N)nc1,1,IC50,8.3,1,CHEMBL3643260
CCc1ncnc(-c2ccc(C(=O)N3CCC(N4CCN(C)CC4)CC3)c(Cl)c2)c1C#Cc1ccc(N)nc1,1,IC50,8.93,1,CHEMBL3643261
CCc1ncnc(-c2ccc(C(=O)N3CCC(N4CCOCC4)CC3)c(Cl)c2)c1C#Cc1ccc(N)nc1,1,IC50,8.96,1,CHEMBL3643262
CCc1ncnc(-c2ccc(C(=O)N3CCOCC3)c(Cl)c2)c1C#Cc1ccc(N)nc1,1,IC50,9.34,1,CHEMBL3643263
CCc1ncnc(-c2ccc(C(=O)N3CC(O)CO3)c(Cl)c2)c1C#Cc1ccc(N)nc1,1,IC50,9.1,1,CHEMBL3643264
CCc1ncnc(-c2ccc(C(=O)N3CCCO3)c(Cl)c2)c1C#Cc1ccc(N)nc1,1,IC50,9.57,1,CHEMBL3643265
CCc1ncnc(-c2ccc(C(=O)N3CCCC(N(C)C)C3)c(Cl)c2)c1C#Cc1ccc(N)nc1,1,IC50,7.91,1,CHEMBL3643266
CCc1ncnc(-c2ccc(C(=O)N3CCC(N4CCC(C)CC4)C3)c(Cl)c2)c1C#Cc1ccc(N)nc1,1,IC50,8.75,1,CHEMBL3643267
CCc1ncnc(-c2ccc(C(=O)N3CC[C@H](N(C)C)C3)c(Cl)c2)c1C#Cc1ccc(N)nc1,1,IC50,8.54,1,CHEMBL3643268
CCc1ncnc(-c2ccc(C(=O)N3CC[C@@H](N(C)C)C3)c(Cl)c2)c1C#Cc1ccc(N)nc1,1,IC50,8.47,1,CHEMBL3643269
CCc1ncnc(-c2ccc(C(=O)N(C)OC)c(Cl)c2)c1C#Cc1ccc(N)nc1,1,IC50,8.86,1,CHEMBL3643270
CCc1ncnc(-c2ccc(C(=O)N(C)C3CCS(=O)(=O)C3)c(Cl)c2)c1C#Cc1ccc(N)nc1,1,IC50,8.58,1,CHEMBL3643271
CCc1ncnc(-c2ccc(C(=O)N3CCN(S(=O)(=O)CC)CC3)c(Cl)c2)c1C#Cc1ccc(N)nc1,1,IC50,9.44,1,CHEMBL3643272
CCOC(=O)N1CCN(C(=O)c2ccc(-c3ncnc(CC)c3C#Cc3ccc(N)nc3)cc2Cl)CC1,1,IC50,8.45,1,CHEMBL3643273
CCc1ncnc(-c2ccc(C(=O)N3CCC(N4CCCCC4)CC3)c(Cl)c2)c1C#Cc1ccc(N)nc1,1,IC50,8.22,1,CHEMBL3639421
CCc1ncnc(-c2ccc(C(=O)NCCN3CCOCC3)c(Cl)c2)c1C#Cc1ccc(N)nc1,1,IC50,8.42,1,CHEMBL3643274
CCc1ncnc(-c2ccc(C(=O)N(C)CCN3CCCC3=O)c(Cl)c2)c1C#Cc1ccc(N)nc1,1,IC50,8.36,1,CHEMBL3643275
CCCCN1CCN(C(=O)c2ccc(-c3ncnc(CC)c3C#Cc3ccc(N)nc3)cc2C)CC1,1,IC50,8.82,1,CHEMBL3643276
CCc1ncnc(-c2ccc(C(=O)N3CCC(C(C)(C)O)CC3)c(C)c2)c1C#Cc1ccc(N)nc1,1,IC50,8.44,1,CHEMBL3643277
CCc1ncnc(-c2ccc(C(=O)N3CCN(C4CCOCC4)CC3)c(C)c2)c1C#Cc1ccc(N)nc1,1,IC50,8.8,1,CHEMBL3643278
CCc1ncnc(-c2ccc(C(=O)N3CCC(N4CCN(C)CC4)CC3)c(C)c2)c1C#Cc1ccc(N)nc1,1,IC50,8.31,1,CHEMBL3643279
CCc1ncnc(-c2ccc(C(=O)N3CCCC(O)C3)c(C)c2)c1C#Cc1ccc(N)nc1,1,IC50,8.57,1,CHEMBL3643280
CCc1ncnc(-c2ccc(C(=O)N3CCC(N4CCOCC4)CC3)c(C)c2)c1C#Cc1ccc(N)nc1,1,IC50,8.46,1,CHEMBL3645769
CCc1ncnc(-c2ccc(C(=O)N3CCOCC3)c(C)c2)c1C#Cc1ccc(N)nc1,1,IC50,8.55,1,CHEMBL3645770
CCc1ncnc(-c2ccc(C(=O)N3CC(O)CO3)c(C)c2)c1C#Cc1ccc(N)nc1,1,IC50,8.74,1,CHEMBL3645771
CCc1ncnc(-c2ccc(C(=O)N3CCCO3)c(C)c2)c1C#Cc1ccc(N)nc1,1,IC50,8.62,1,CHEMBL3645772
CCc1ncnc(-c2ccc(C(=O)N3CCCC(N(C)C)C3)c(C)c2)c1C#Cc1ccc(N)nc1,1,IC50,7.89,1,CHEMBL3645773
CCc1ncnc(-c2ccc(C(=O)N3CCC(N4CCC(C)CC4)C3)c(C)c2)c1C#Cc1ccc(N)nc1,1,IC50,7.98,1,CHEMBL3645774
CCc1ncnc(-c2ccc(C(=O)N3CCC4(CCN(C)CC4)CC3)c(C)c2)c1C#Cc1ccc(N)nc1,1,IC50,7.84,1,CHEMBL3645775
CCc1ncnc(-c2ccc(C(=O)N3CCN(C4CCS(=O)(=O)C4)CC3)c(C)c2)c1C#Cc1ccc(N)nc1,1,IC50,8.85,1,CHEMBL3645776
CCc1ncnc(-c2ccc(C(=O)N3CC[C@H](N(C)C)C3)c(C)c2)c1C#Cc1ccc(N)nc1,1,IC50,7.96,1,CHEMBL3645777
CCc1ncnc(-c2ccc(C(=O)N3CC[C@@H](N(C)C)C3)c(C)c2)c1C#Cc1ccc(N)nc1,1,IC50,8.75,1,CHEMBL3645778
CCc1ncnc(-c2ccc(C(=O)N3CCN4CCCCC4C3)c(C)c2)c1C#Cc1ccc(N)nc1,1,IC50,8.11,1,CHEMBL3645779
CCc1ncnc(-c2ccc(C(=O)N3CCC(N4CCCCCC4)CC3)c(C)c2)c1C#Cc1ccc(N)nc1,1,IC50,7.94,1,CHEMBL3645780
CCc1ncnc(-c2ccc(C(=O)N3CCC(N(C)C)CC3)c(C)c2)c1C#Cc1ccc(N)nc1,1,IC50,8.49,1,CHEMBL3645781
CCc1ncnc(-c2ccc(C(=O)N(C)OC)c(C)c2)c1C#Cc1ccc(N)nc1,1,IC50,8.54,1,CHEMBL3645782
CCc1ncnc(-c2ccc(C(=O)N(C)C3CCS(=O)(=O)C3)c(C)c2)c1C#Cc1ccc(N)nc1,1,IC50,9.04,1,CHEMBL3645783
CCc1ncnc(-c2ccc(C(=O)N3CCN(S(=O)(=O)CC)CC3)c(C)c2)c1C#Cc1ccc(N)nc1,1,IC50,8.61,1,CHEMBL3645784
CCOC(=O)N1CCN(C(=O)c2ccc(-c3ncnc(CC)c3C#Cc3ccc(N)nc3)cc2C)CC1,1,IC50,8.57,1,CHEMBL3645785
CCc1ncnc(-c2ccc(C(=O)N3CCN(C(C)=O)CC3)c(C)c2)c1C#Cc1ccc(N)nc1,1,IC50,8.02,1,CHEMBL3645786
CCc1ncnc(-c2ccc(C(=O)N3CCC(N4CCCCC4)CC3)c(C)c2)c1C#Cc1ccc(N)nc1,1,IC50,8.46,1,CHEMBL3645787
CCc1ncnc(-c2ccc(C(=O)NCCN3CCOCC3)c(C)c2)c1C#Cc1ccc(N)nc1,1,IC50,8.22,1,CHEMBL3645788
CCc1ncnc(-c2ccc(C(=O)N(C)CCN3CCCC3=O)c(C)c2)c1C#Cc1ccc(N)nc1,1,IC50,7.82,1,CHEMBL3645789
CCc1ncnc(-c2ccc(C(=O)N3CCC4(CCN(C)C4)C3)c(C)c2)c1C#Cc1ccc(N)nc1,1,IC50,8.35,1,CHEMBL3645790
CCc1ncnc(-c2ccc(C(=O)N3CCN(CC4CCCCC4)CC3)c(C)c2)c1C#Cc1ccc(N)nc1,1,IC50,8.91,1,CHEMBL3645791
CCc1ncnc(-c2ccc(C(=O)N3CCN(C4CCCC4)CC3)c(C)c2)c1C#Cc1ccc(N)nc1,1,IC50,8.74,1,CHEMBL3645792
CCc1ncnc(-c2ccc(C(=O)N3CCN(Cc4ccccc4)CC3)c(C)c2)c1C#Cc1ccc(N)nc1,1,IC50,8.17,1,CHEMBL3645793
CCc1ncnc(-c2ccc(C(=O)N3CCN(CC4CC4)CC3)c(C)c2)c1C#Cc1ccc(N)nc1,1,IC50,7.96,1,CHEMBL3645794
CCc1ncnc(-c2ccc(C(=O)N3CCC4(CC3)OCCCO4)c(C)c2)c1C#Cc1ccc(N)nc1,1,IC50,8.29,1,CHEMBL3645795
CCc1ncnc(-c2ccc(C(=O)N3CCC(OC)CC3)c(C)c2)c1C#Cc1ccc(N)nc1,1,IC50,7.96,1,CHEMBL3645796
CCc1ncnc(-c2ccc(C(=O)N3CCC(C4CCN(C)CC4)CC3)c(C)c2)c1C#Cc1ccc(N)nc1,1,IC50,7.14,1,CHEMBL3645797
CCc1ncnc(-c2ccc(C(=O)NC3CCCN(C)C3)c(C)c2)c1C#Cc1ccc(N)nc1,1,IC50,8.46,1,CHEMBL3645798
CCc1ncnc(-c2ccc(C(=O)N3CC[S+]([O-])CC3)c(C)c2)c1C#Cc1ccc(N)nc1,1,IC50,8.23,1,CHEMBL3645799
CCc1ncnc(-c2ccc(C(=O)N3CCC(C)(O)CC3)c(C)c2)c1C#Cc1ccc(N)nc1,1,IC50,8.18,1,CHEMBL3645800
CCc1ncnc(-c2ccc(C(=O)N3CC[C@H](O)C3)c(C)c2)c1C#Cc1ccc(N)nc1,1,IC50,8.05,1,CHEMBL3645801
CCc1ncnc(-c2ccc(C(=O)N3CC[C@@H](O)C3)c(C)c2)c1C#Cc1ccc(N)nc1,1,IC50,7.54,1,CHEMBL3645802
CCc1ncnc(-c2ccc(C(=O)N3CCC(N(C)C)C3)c(C)c2)c1C#Cc1ccc(N)nc1,1,IC50,7.62,1,CHEMBL3645803
CCc1ncnc(-c2ccc(C(=O)N3CCC(N4CCCC4)CC3)c(C)c2)c1C#Cc1ccc(N)nc1,1,IC50,7.92,1,CHEMBL3645804
CCc1ncnc(-c2ccc(C(=O)N3CCNCC3)c(C)c2)c1C#Cc1ccc(N)nc1,1,IC50,7.86,1,CHEMBL3645805
CCc1ncnc(-c2ccc(C(=O)N(C)O)c(C)c2)c1C#Cc1ccc(N)nc1,1,IC50,7.56,1,CHEMBL3645806
CCc1ncnc(-c2ccc(C(=O)N3CCCN(C)CC3)c(C)c2)c1C#Cc1ccc(N)nc1,1,IC50,7.84,1,CHEMBL3645807
CCc1ncnc(-c2ccc(C(=O)N3CCN(c4ccccn4)CC3)c(C)c2)c1C#Cc1ccc(N)nc1,1,IC50,7.77,1,CHEMBL3645808
CCc1ncnc(-c2ccc(C(=O)N3CCN(c4ccncc4)CC3)c(C)c2)c1C#Cc1ccc(N)nc1,1,IC50,8.02,1,CHEMBL3645809
CCc1ncnc(-c2ccc(C(=O)N3CCC(O)CC3)c(C)c2)c1C#Cc1ccc(N)nc1,1,IC50,8.16,1,CHEMBL3645810
CCc1ncnc(-c2ccc(C(=O)N3CCCOCC3)c(C)c2)c1C#Cc1ccc(N)nc1,1,IC50,8.38,1,CHEMBL3645811
CCc1ncnc(-c2ccc(C(=O)NCC3(C)COC3)c(C)c2)c1C#Cc1ccc(N)nc1,1,IC50,7.78,1,CHEMBL3645812
CCc1ncnc(-c2ccc(C(=O)N3CCN(c4ccccc4)CC3)c(C)c2)c1C#Cc1ccc(N)nc1,1,IC50,8.5,1,CHEMBL3645813
CCc1ncnc(-c2ccc(C(=O)N3CCN4CCC[C@@H]4C3)c(Cl)c2)c1C#Cc1ccc(N)nc1,1,IC50,9.0,1,CHEMBL3645814
CCc1ncnc(-c2ccc(C(=O)N3CCN4CCC[C@@H]4C3)c(F)c2)c1C#Cc1ccc(N)nc1,1,IC50,8.77,1,CHEMBL3645815
CCc1ncnc(-c2ccc(C(=O)N3CCN4CCC[C@H]4C3)c(Cl)c2)c1C#Cc1ccc(N)nc1,1,IC50,8.82,1,CHEMBL3645816
CCc1ncnc(-c2ccc(C(=O)N3CCN4CCC[C@H]4C3)c(F)c2)c1C#Cc1ccc(N)nc1,1,IC50,8.94,1,CHEMBL3645817
CCc1ncnc(-c2ccc(C(=O)N3CCN4CCCC[C@H]4C3)c(Cl)c2)c1C#Cc1ccc(N)nc1,1,IC50,8.53,1,CHEMBL3645818
CCc1ncnc(-c2ccc(C(=O)N3CCN4CCCC[C@H]4C3)c(F)c2)c1C#Cc1ccc(N)nc1,1,IC50,8.26,1,CHEMBL3645819
CCc1ncnc(-c2ccc(C(=O)N3CCN4CCCC[C@@H]4C3)c(F)c2)c1C#Cc1ccc(N)nc1,1,IC50,9.14,1,CHEMBL3645820
CCc1ncnc(-c2cc(F)c(C(=O)N3CCN(CCCS(C)(=O)=O)CC3)c(F)c2)c1C#Cc1ccc(N)nc1,1,IC50,9.27,1,CHEMBL3645821
CCc1ncnc(-c2cc(F)c(C(=O)N3CCn4ccnc4C3)c(F)c2)c1C#Cc1ccc(N)nc1,1,IC50,8.87,1,CHEMBL3645822
CCc1ncnc(-c2cc(F)c(C(=O)N3CCn4cnnc4C3)c(F)c2)c1C#Cc1ccc(N)nc1,1,IC50,9.05,1,CHEMBL3645823
CCc1ncnc(-c2cc(F)c(C(=O)N3CCn4c(C)cnc4C3)c(F)c2)c1C#Cc1ccc(N)nc1,1,IC50,8.76,1,CHEMBL3645824
CCc1ncnc(-c2cc(F)c(C(=O)N3CCC4(CC3)COC4)c(F)c2)c1C#Cc1ccc(N)nc1,1,IC50,9.06,1,CHEMBL3645825
CCc1ncnc(-c2cc(F)c(C(=O)N3CCN(CCNS(C)(=O)=O)CC3)c(F)c2)c1C#Cc1ccc(N)nc1,1,IC50,9.05,1,CHEMBL3645826
CCc1ncnc(-c2cc(F)c(C(=O)N3CCN(C4CCC4)CC3)c(F)c2)c1C#Cc1ccc(N)nc1,1,IC50,9.15,1,CHEMBL3645827
CCc1ncnc(-c2cc(F)c(C(=O)N3CCN(CCCS(C)(=O)=O)CC3)c(Cl)c2)c1C#Cc1ccc(N)nc1,1,IC50,9.15,1,CHEMBL3645828
CCc1ncnc(-c2cc(F)c(C(=O)N3CCn4ccnc4C3)c(Cl)c2)c1C#Cc1ccc(N)nc1,1,IC50,9.29,1,CHEMBL3645829
CCc1ncnc(-c2cc(F)c(C(=O)N3CCn4cnnc4C3)c(Cl)c2)c1C#Cc1ccc(N)nc1,1,IC50,9.23,1,CHEMBL3645830
CCc1ncnc(-c2cc(F)c(C(=O)N3CCn4c(C)cnc4C3)c(Cl)c2)c1C#Cc1ccc(N)nc1,1,IC50,8.65,1,CHEMBL3645831
CCc1ncnc(-c2cc(F)c(C(=O)N3CCC4(CC3)COC4)c(Cl)c2)c1C#Cc1ccc(N)nc1,1,IC50,9.28,1,CHEMBL3645832
CCc1ncnc(-c2cc(F)c(C(=O)N3CCN(CCNS(C)(=O)=O)CC3)c(Cl)c2)c1C#Cc1ccc(N)nc1,1,IC50,8.73,1,CHEMBL3645833
CCc1ncnc(-c2cc(F)c(C(=O)N3CCN(C4CCC4)CC3)c(Cl)c2)c1C#Cc1ccc(N)nc1,1,IC50,7.87,1,CHEMBL3645834
CCc1ncnc(-c2cc(F)c(C(=O)N3CCC4(CC3)CNC4)c(F)c2)c1C#Cc1ccc(N)nc1,1,IC50,7.98,1,CHEMBL3645835
CCc1ncnc(-c2cc(F)c(C(=O)N3CCC4(CC3)CNC4)c(Cl)c2)c1C#Cc1ccc(N)nc1,1,IC50,8.77,1,CHEMBL3645836
CCc1ncnc(-c2ccc(C(=O)N3CCn4c(COC)nnc4C3)c(F)c2)c1C#Cc1ccc(N)nc1,1,IC50,8.65,1,CHEMBL3645837
CCc1ncnc(-c2ccc(C(=O)N3CCC4(CC3)COC4)c(F)c2)c1C#Cc1ccc(N)nc1,1,IC50,8.83,1,CHEMBL3645838
C#CCN1CCN(C(=O)c2ccc(-c3ncnc(CC)c3C#Cc3ccc(N)nc3)cc2F)CC1,1,IC50,8.6,1,CHEMBL3645839
CCc1ncnc(-c2ccc(C(=O)N3CCC(F)(F)CC3)c(F)c2)c1C#Cc1ccc(N)nc1,1,IC50,7.68,1,CHEMBL3645840
CCc1ncnc(-c2ccc(C(=O)NCCN3CCNCC3)c(F)c2)c1C#Cc1ccc(N)nc1,1,IC50,7.18,1,CHEMBL3645841
CCc1ncnc(-c2ccc(C(=O)NCC3CCNCC3)c(F)c2)c1C#Cc1ccc(N)nc1,1,IC50,8.17,1,CHEMBL3645842
CCc1ncnc(-c2ccc(C(=O)N(C)C3CCOCC3)c(F)c2)c1C#Cc1ccc(N)nc1,1,IC50,8.81,1,CHEMBL3645843
CCc1ncnc(-c2cc(F)c(C(=O)N3CCn4c(COC)nnc4C3)c(F)c2)c1C#Cc1ccc(N)nc1,1,IC50,7.64,1,CHEMBL3645844
CCc1ncnc(-c2cc(F)c(C(=O)N(C)CCN(C)C)c(F)c2)c1C#Cc1ccc(N)nc1,1,IC50,8.68,1,CHEMBL3645845
C#CCN1CCN(C(=O)c2c(F)cc(-c3ncnc(CC)c3C#Cc3ccc(N)nc3)cc2F)CC1,1,IC50,8.07,1,CHEMBL3645846
CCc1ncnc(-c2cc(F)c(C(=O)N3CCC(F)(F)CC3)c(F)c2)c1C#Cc1ccc(N)nc1,1,IC50,7.73,1,CHEMBL3645847
CCc1ncnc(-c2cc(F)c(C(=O)NCCN3CCNCC3)c(F)c2)c1C#Cc1ccc(N)nc1,1,IC50,7.76,1,CHEMBL3639447
CCc1ncnc(-c2cc(F)c(C(=O)NCC3CCNCC3)c(F)c2)c1C#Cc1ccc(N)nc1,1,IC50,7.41,1,CHEMBL3645848
CCc1ncnc(-c2cc(F)c(C(=O)N(C)C3CCN(C)CC3)c(F)c2)c1C#Cc1ccc(N)nc1,1,IC50,8.33,1,CHEMBL3645849
CCc1ncnc(-c2ccc(C(=O)N3CCC(C(C)(C)O)CC3)c(F)c2)c1C#Cc1ccc(NC)nc1,1,IC50,8.29,1,CHEMBL3645850
CCc1ncnc(-c2ccc(C(=O)N3CCC(N4CCOCC4)CC3)c(F)c2)c1C#Cc1ccc(NC)nc1,1,IC50,8.51,1,CHEMBL3645851
CCc1ncnc(-c2ccc(C(=O)N3CCN(C4CCOCC4)CC3)c(F)c2)c1C#Cc1ccc(NC)nc1,1,IC50,8.27,1,CHEMBL3645852
CCc1ncnc(-c2ccc(C(=O)N3CC[C@@H](N(C)C)C3)c(F)c2)c1C#Cc1ccc(NC)nc1,1,IC50,8.05,1,CHEMBL3645853
CCc1ncnc(-c2ccc(C(=O)N3CC[C@H](N(C)C)C3)c(F)c2)c1C#Cc1ccc(NC)nc1,1,IC50,8.61,1,CHEMBL3645854
CCc1ncnc(-c2ccc(C(=O)N3CCN(C)CC3)c(F)c2)c1C#Cc1ccc(NC)nc1,1,IC50,8.33,1,CHEMBL3645855
CCc1ncnc(-c2ccc(C(=O)N3CCC(N4CCN(C)CC4)CC3)c(F)c2)c1C#Cc1ccc(NC)nc1,1,IC50,8.55,1,CHEMBL3645856
CCc1ncnc(-c2ccc(C(=O)N3CCC(C(C)(C)O)CC3)c(Cl)c2)c1C#Cc1ccc(NC)nc1,1,IC50,8.46,1,CHEMBL3645857
CCc1ncnc(-c2ccc(C(=O)N3CCC(N4CCOCC4)CC3)c(Cl)c2)c1C#Cc1ccc(NC)nc1,1,IC50,9.17,1,CHEMBL3645858
CCc1ncnc(-c2ccc(C(=O)N3CCN(C4CCOCC4)CC3)c(Cl)c2)c1C#Cc1ccc(NC)nc1,1,IC50,8.71,1,CHEMBL3645859
CCc1ncnc(-c2ccc(C(=O)N3CCN(CC(F)F)CC3)c(Cl)c2)c1C#Cc1ccc(NC)nc1,1,IC50,8.33,1,CHEMBL3645860
CCc1ncnc(-c2ccc(C(=O)N3CC[C@@H](N(C)C)C3)c(Cl)c2)c1C#Cc1ccc(NC)nc1,1,IC50,8.8,1,CHEMBL3645861
CCc1ncnc(-c2ccc(C(=O)N3CCN(CC)CC3)c(Cl)c2)c1C#Cc1ccc(NC)nc1,1,IC50,7.7,1,CHEMBL3645862
CCc1ncnc(-c2ccc(C(=O)N3CC[C@H](N(C)C)C3)c(Cl)c2)c1C#Cc1ccc(NC)nc1,1,IC50,8.29,1,CHEMBL3645863
CCc1ncnc(-c2ccc(C(=O)N3CCN(C)CC3)c(Cl)c2)c1C#Cc1ccc(NC)nc1,1,IC50,8.54,1,CHEMBL3645864
CCc1ncnc(-c2ccc(C(=O)N3CCC(N4CCN(C)CC4)CC3)c(Cl)c2)c1C#Cc1ccc(NC)nc1,1,IC50,6.56,1,CHEMBL3645865
CCc1ncnc(-c2cc(Cl)c(C(=O)N3CCN4CCC[C@H]4C3)c(Cl)c2)c1C#Cc1ccc(N)nc1,1,IC50,9.06,1,CHEMBL3645866
CCc1ncnc(-c2cc(Cl)c(C(=O)N3CCN(C)C(=O)C3)c(Cl)c2)c1C#Cc1ccc(N)nc1,1,IC50,8.7,1,CHEMBL3645867
CCc1ncnc(-c2cc(Cl)c(C(=O)N3CC[C@@H](N(C)C)C3)c(Cl)c2)c1C#Cc1ccc(N)nc1,1,IC50,8.28,1,CHEMBL3645868
CCc1ncnc(-c2cc(Cl)c(C(=O)N3CCN(C)CC3)c(Cl)c2)c1C#Cc1ccc(N)nc1,1,IC50,8.42,1,CHEMBL3645869
CCc1ncnc(-c2cc(Cl)c(C(=O)N3CCN(CC)CC3)c(Cl)c2)c1C#Cc1ccc(N)nc1,1,IC50,8.85,1,CHEMBL3645870
CCc1ncnc(-c2cc(Cl)c(C(=O)N3CCN(CC(C)(C)O)CC3)c(Cl)c2)c1C#Cc1ccc(N)nc1,1,IC50,8.87,1,CHEMBL3645871
CCc1ncnc(-c2cc(Cl)c(C(=O)N3CCC(C(C)O)CC3)c(Cl)c2)c1C#Cc1ccc(N)nc1,1,IC50,8.96,1,CHEMBL3645872
CCc1ncnc(-c2cc(Cl)c(C(=O)N3CCC(C(C)(C)O)CC3)c(Cl)c2)c1C#Cc1ccc(N)nc1,1,IC50,8.79,1,CHEMBL3645873
CCc1ncnc(-c2cc(Cl)c(C(=O)N3CCN(CC(F)F)CC3)c(Cl)c2)c1C#Cc1ccc(N)nc1,1,IC50,8.64,1,CHEMBL3645874
CCc1ncnc(-c2cc(Cl)c(C(=O)N3CCC(C)(O)CC3)c(Cl)c2)c1C#Cc1ccc(N)nc1,1,IC50,8.48,1,CHEMBL3645875
CCc1ncnc(-c2cc(Cl)c(C(=O)N3CCN(C=O)CC3)c(Cl)c2)c1C#Cc1ccc(N)nc1,1,IC50,8.41,1,CHEMBL3645876
CCc1ncnc(-c2cc(Cl)c(C(=O)N3CCC(CO)CC3)c(Cl)c2)c1C#Cc1ccc(N)nc1,1,IC50,9.23,1,CHEMBL3645877
CCc1ncnc(-c2cc(Cl)c(C(=O)N3CCN(CCC#N)CC3)c(Cl)c2)c1C#Cc1ccc(N)nc1,1,IC50,8.86,1,CHEMBL3645878
CCc1ncnc(-c2cc(F)c(C(=O)N3CCN4CCC[C@H]4C3)c(F)c2)c1C#Cc1ccc(NC)nc1,1,IC50,8.6,1,CHEMBL3645879
CCc1ncnc(-c2cc(F)c(C(=O)N3CCN(C)C(=O)C3)c(F)c2)c1C#Cc1ccc(NC)nc1,1,IC50,8.54,1,CHEMBL3645880
CCc1ncnc(-c2cc(F)c(C(=O)N3CC[C@@H](N(C)C)C3)c(F)c2)c1C#Cc1ccc(NC)nc1,1,IC50,8.24,1,CHEMBL3645881
CCc1ncnc(-c2cc(F)c(C(=O)N3CCN(C)CC3)c(F)c2)c1C#Cc1ccc(NC)nc1,1,IC50,8.55,1,CHEMBL3645882
CCc1ncnc(-c2cc(F)c(C(=O)N3CCN(CC)CC3)c(F)c2)c1C#Cc1ccc(NC)nc1,1,IC50,8.45,1,CHEMBL3645883
CCc1ncnc(-c2cc(F)c(C(=O)N3CCN(CC(C)(C)O)CC3)c(F)c2)c1C#Cc1ccc(NC)nc1,1,IC50,8.64,1,CHEMBL3645884
CCc1ncnc(-c2cc(F)c(C(=O)N3CCC(C(C)O)CC3)c(F)c2)c1C#Cc1ccc(NC)nc1,1,IC50,8.82,1,CHEMBL3645885
CCc1ncnc(-c2cc(F)c(C(=O)N3CCC(C(C)(C)O)CC3)c(F)c2)c1C#Cc1ccc(NC)nc1,1,IC50,8.46,1,CHEMBL3645886
CCc1ncnc(-c2cc(F)c(C(=O)N3CCC(N4CCOCC4)CC3)c(F)c2)c1C#Cc1ccc(NC)nc1,1,IC50,8.71,1,CHEMBL3645887
CCc1ncnc(-c2cc(F)c(C(=O)N3CCN(C4CCOCC4)CC3)c(F)c2)c1C#Cc1ccc(NC)nc1,1,IC50,8.67,1,CHEMBL3645888
CCc1ncnc(-c2cc(F)c(C(=O)N3CCN(CC(F)F)CC3)c(F)c2)c1C#Cc1ccc(NC)nc1,1,IC50,8.12,1,CHEMBL3645889
CCc1ncnc(-c2cc(F)c(C(=O)N3CCC(C)(O)CC3)c(F)c2)c1C#Cc1ccc(NC)nc1,1,IC50,8.33,1,CHEMBL3645890
CCc1ncnc(-c2cc(F)c(C(=O)N3CCN(C=O)CC3)c(F)c2)c1C#Cc1ccc(NC)nc1,1,IC50,8.49,1,CHEMBL3645891
CCc1ncnc(-c2cc(F)c(C(=O)N3CCC(CO)CC3)c(F)c2)c1C#Cc1ccc(NC)nc1,1,IC50,8.36,1,CHEMBL3645892
CCc1ncnc(-c2cc(F)c(C(=O)N3CCN(CCC#N)CC3)c(F)c2)c1C#Cc1ccc(NC)nc1,1,IC50,8.66,1,CHEMBL3645893
CCc1ncnc(-c2ccc(C(=O)N3CCN(C(C)C)CC3)c(OC(F)(F)F)c2)c1C#Cc1ccc(N)nc1,1,IC50,7.67,1,CHEMBL3645894
CCc1ncnc(-c2ccc(C(=O)N3CCN4CCC[C@H]4C3)c(OC(F)(F)F)c2)c1C#Cc1ccc(N)nc1,1,IC50,8.03,1,CHEMBL3645895
CCc1ncnc(-c2ccc(C(=O)N3CC[C@@H](N(C)C)C3)c(OC(F)(F)F)c2)c1C#Cc1ccc(N)nc1,1,IC50,7.26,1,CHEMBL3645896
CCc1ncnc(-c2ccc(C(=O)N3CCN(C)CC3)c(OC(F)(F)F)c2)c1C#Cc1ccc(N)nc1,1,IC50,7.85,1,CHEMBL3645897
CCc1ncnc(-c2ccc(C(=O)N3CCN(CC)CC3)c(OC(F)(F)F)c2)c1C#Cc1ccc(N)nc1,1,IC50,7.84,1,CHEMBL3645898
CCc1ncnc(-c2ccc(C(=O)N3CCC(C(C)(C)O)CC3)c(OC(F)(F)F)c2)c1C#Cc1ccc(N)nc1,1,IC50,7.88,1,CHEMBL3645899
CCc1ncnc(-c2ccc(C(=O)N3CCC(N4CCOCC4)CC3)c(OC(F)(F)F)c2)c1C#Cc1ccc(N)nc1,1,IC50,7.55,1,CHEMBL3645900
CCc1ncnc(-c2ccc(C(=O)N3CCN(C)CC3)c(C(F)(F)F)c2)c1C#Cc1ccc(N)nc1,1,IC50,8.05,1,CHEMBL3645901
CCc1ncnc(-c2ccc(C(=O)N3CCN(C(C)C)CC3)c(C(F)(F)F)c2)c1C#Cc1ccc(N)nc1,1,IC50,8.56,1,CHEMBL3645902
CCc1ncnc(-c2ccc(C(=O)N3CCN(CC)CC3)c(C(F)(F)F)c2)c1C#Cc1ccc(N)nc1,1,IC50,7.87,1,CHEMBL3645903
CCc1ncnc(-c2ccc(C(=O)N3CCC(C(C)(C)O)CC3)c(C(F)(F)F)c2)c1C#Cc1ccc(N)nc1,1,IC50,7.94,1,CHEMBL3645904
CCc1ncnc(-c2cc(F)c(C(=O)N3CCN(C)CC3)c(Cl)c2)c1C#Cc1ccc(N)nc1,1,IC50,9.0,1,CHEMBL3645905
CCc1ncnc(-c2cc(F)c(C(=O)N3CCN(C(C)C)CC3)c(Cl)c2)c1C#Cc1ccc(N)nc1,1,IC50,9.17,1,CHEMBL3645906
CCc1ncnc(-c2cc(F)c(C(=O)N3CCN(CC)CC3)c(Cl)c2)c1C#Cc1ccc(N)nc1,1,IC50,8.91,1,CHEMBL3645907
CCc1ncnc(-c2cc(F)c(C(=O)N3CCC(N4CCOCC4)CC3)c(Cl)c2)c1C#Cc1ccc(N)nc1,1,IC50,9.19,1,CHEMBL3645908
CCc1ncnc(-c2cc(F)c(C(=O)N3CCC(C(C)(C)O)CC3)c(Cl)c2)c1C#Cc1ccc(N)nc1,1,IC50,9.02,1,CHEMBL3645909
CCc1ncnc(-c2cc(F)c(C(=O)N3CCN4CCC[C@H]4C3)c(Cl)c2)c1C#Cc1ccc(N)nc1,1,IC50,10.15,1,CHEMBL3645910
CCc1ncnc(-c2cc(F)c(C(=O)N3CCN(C)C(=O)C3)c(Cl)c2)c1C#Cc1ccc(N)nc1,1,IC50,9.59,1,CHEMBL3645911
CCc1ncnc(-c2cc(F)c(C(=O)N3CCN(CC(C)(C)O)CC3)c(Cl)c2)c1C#Cc1ccc(N)nc1,1,IC50,9.54,1,CHEMBL3645912
CCc1ncnc(-c2cc(F)c(C(=O)N3CCC(C(C)O)CC3)c(Cl)c2)c1C#Cc1ccc(N)nc1,1,IC50,9.6,1,CHEMBL3645913
CCc1ncnc(-c2cc(F)c(C(=O)N3CCC(CO)CC3)c(Cl)c2)c1C#Cc1ccc(N)nc1,1,IC50,9.7,1,CHEMBL3645914
CCc1ncnc(-c2cc(F)c(C(=O)N3CCN(CCC#N)CC3)c(Cl)c2)c1C#Cc1ccc(N)nc1,1,IC50,9.14,1,CHEMBL3645915
CCc1ncnc(-c2ccc(C(=O)N3CCN(C4CCC4)CC3)c(F)c2)c1C#Cc1ccc(N)nc1,1,IC50,9.33,1,CHEMBL3645916
CCc1ncnc(-c2ccc(C(=O)N3CCN(CCNS(C)(=O)=O)CC3)c(F)c2)c1C#Cc1ccc(N)nc1,1,IC50,8.95,1,CHEMBL3645917
CCc1ncnc(-c2ccc(C(=O)N3CCn4c(C)cnc4C3)c(F)c2)c1C#Cc1ccc(N)nc1,1,IC50,9.1,1,CHEMBL3645918
CCc1ncnc(-c2ccc(C(=O)N3CCn4cnnc4C3)c(F)c2)c1C#Cc1ccc(N)nc1,1,IC50,8.93,1,CHEMBL3645919
CCc1ncnc(-c2ccc(C(=O)N3CCn4ccnc4C3)c(F)c2)c1C#Cc1ccc(N)nc1,1,IC50,8.76,1,CHEMBL3645920
CCc1ncnc(-c2ccc(C(=O)N3CCN(CCCS(C)(=O)=O)CC3)c(F)c2)c1C#Cc1ccc(N)nc1,1,IC50,8.36,1,CHEMBL3645921
CCc1ncnc(-c2ccc(C(=O)N3CCC4(CC3)CNC4)c(Cl)c2)c1C#Cc1ccc(N)nc1,1,IC50,8.1,1,CHEMBL3645922
CCc1ncnc(-c2ccc(C(=O)N3CCN(C4CCC4)CC3)c(Cl)c2)c1C#Cc1ccc(N)nc1,1,IC50,9.24,1,CHEMBL3645923
CCc1ncnc(-c2ccc(C(=O)N3CCN(CCNS(C)(=O)=O)CC3)c(Cl)c2)c1C#Cc1ccc(N)nc1,1,IC50,8.83,1,CHEMBL3645924
CCc1ncnc(-c2ccc(C(=O)N3CCn4c(C)cnc4C3)c(Cl)c2)c1C#Cc1ccc(N)nc1,1,IC50,9.01,1,CHEMBL3645925
CCc1ncnc(-c2ccc(C(=O)N3CCn4cnnc4C3)c(Cl)c2)c1C#Cc1ccc(N)nc1,1,IC50,9.34,1,CHEMBL3645926
CCc1ncnc(-c2ccc(C(=O)N3CCn4ccnc4C3)c(Cl)c2)c1C#Cc1ccc(N)nc1,1,IC50,9.17,1,CHEMBL3645927
CCc1ncnc(-c2ccc(C(=O)N3CCN(CCCS(C)(=O)=O)CC3)c(Cl)c2)c1C#Cc1ccc(N)nc1,1,IC50,8.57,1,CHEMBL3645928
CCNc1ccc(C#Cc2c(CC)ncnc2-c2ccc(C(=O)N3CCN(CCCS(C)(=O)=O)CC3)c(F)c2)cn1,1,IC50,8.81,1,CHEMBL3645929
CCNc1ccc(C#Cc2c(CC)ncnc2-c2ccc(C(=O)N3CCC(N4CCOCC4)CC3)c(F)c2)cn1,1,IC50,8.79,1,CHEMBL3645930
CCNc1ccc(C#Cc2c(CC)ncnc2-c2ccc(C(=O)N3CCn4ccnc4C3)c(F)c2)cn1,1,IC50,9.09,1,CHEMBL3645931
CCNc1ccc(C#Cc2c(CC)ncnc2-c2ccc(C(=O)N3CCn4cnnc4C3)c(F)c2)cn1,1,IC50,8.84,1,CHEMBL3645932
CCNc1ccc(C#Cc2c(CC)ncnc2-c2ccc(C(=O)N3CCn4c(C)cnc4C3)c(F)c2)cn1,1,IC50,8.79,1,CHEMBL3645933
CCNc1ccc(C#Cc2c(CC)ncnc2-c2ccc(C(=O)N3CCC4(CC3)COC4)c(F)c2)cn1,1,IC50,8.68,1,CHEMBL3645934
CCNc1ccc(C#Cc2c(CC)ncnc2-c2ccc(C(=O)N3CCN(CCNS(C)(=O)=O)CC3)c(F)c2)cn1,1,IC50,8.86,1,CHEMBL3645935
CCNc1ccc(C#Cc2c(CC)ncnc2-c2ccc(C(=O)N3CCN(C4CCC4)CC3)c(F)c2)cn1,1,IC50,8.79,1,CHEMBL3645936
CCNc1ccc(C#Cc2c(CC)ncnc2-c2ccc(C(=O)N3CCC4(CC3)CN(C(=O)OC(C)(C)C)C4)c(F)c2)cn1,1,IC50,7.94,1,CHEMBL3645937
CCNc1ccc(C#Cc2c(CC)ncnc2-c2ccc(C(=O)N3CC4(CN(C(=O)OC(C)(C)C)C4)C3)c(F)c2)cn1,1,IC50,8.03,1,CHEMBL3645938
CCc1ncnc(-c2ccc(C(=O)N3CCC4(CC3)CNC4)c(F)c2)c1C#Cc1ccc(N)nc1,1,IC50,7.98,1,CHEMBL3645939
CCc1ncnc(-c2ccc(C(=O)N3CC4(CNC4)C3)c(F)c2)c1C#Cc1ccc(N)nc1,1,IC50,7.82,1,CHEMBL3645940
CCc1ncnc(-c2ccc(C(=O)N3CC4(CNC4)C3)c(Cl)c2)c1C#Cc1ccc(N)nc1,1,IC50,7.88,1,CHEMBL3645941
CCc1ncnc(-c2ccc(C(=O)N3CCN(C4COC4)CC3)c(F)c2)c1C#Cc1ccc(N)nc1,1,IC50,8.56,1,CHEMBL3645942
CCc1ncnc(-c2ccc(C(=O)N3CCC(CN(C)C)CC3)c(F)c2)c1C#Cc1ccc(N)nc1,1,IC50,7.61,1,CHEMBL3645943
CCc1ncnc(-c2ccc(C(=O)N3CCN(C4COC4)CC3)c(Cl)c2)c1C#Cc1ccc(N)nc1,1,IC50,8.37,1,CHEMBL3645944
CCc1ncnc(-c2ccc(C(=O)N3CCC(CN(C)C)CC3)c(Cl)c2)c1C#Cc1ccc(N)nc1,1,IC50,7.4,1,CHEMBL3645945
CCc1ncnc(-c2cc(F)c(C(=O)N3CCN(C4COC4)CC3)c(F)c2)c1C#Cc1ccc(N)nc1,1,IC50,8.51,1,CHEMBL3645946
CCc1ncnc(-c2ccc(C(=O)N3CCN(C4COC4)CC3)c(F)c2)c1C#Cc1ccc(N)nc1C,1,IC50,7.77,1,CHEMBL3639448
CCc1ncnc(-c2ccc(C(=O)N3CCC(CN(C)C)CC3)c(F)c2)c1C#Cc1ccc(N)nc1C,1,IC50,6.84,1,CHEMBL3645947
CCc1ncnc(-c2cc(F)c(C(=O)N3CCN(C4COC4)CC3)c(Cl)c2)c1C#Cc1ccc(N)nc1,1,IC50,8.42,1,CHEMBL3645948
CCc1ncnc(-c2cc(F)c(C(=O)N3CCC(CN(C)C)CC3)c(Cl)c2)c1C#Cc1ccc(N)nc1,1,IC50,7.39,1,CHEMBL3645949
CCc1ncnc(-c2ccc(C(=O)N3CCN(CCN)CC3)c(Cl)c2)c1C#Cc1ccc(N)nc1,1,IC50,8.07,1,CHEMBL3645950
CCc1ncnc(-c2cc(F)c(C(=O)N3CCC(CN)CC3)c(Cl)c2)c1C#Cc1ccc(N)nc1,1,IC50,7.86,1,CHEMBL3645951
CCc1ncnc(-c2cc(F)c(C(=O)N3CCN(CCN)CC3)c(Cl)c2)c1C#Cc1ccc(N)nc1,1,IC50,8.17,1,CHEMBL3645952
CCc1ncnc(-c2ccc(C(=O)N3CC4(CN(C)C4)C3)c(F)c2)c1C#Cc1ccc(N)nc1,1,IC50,8.01,1,CHEMBL3645953
CCc1ncnc(-c2cc(F)c(C(=O)N3CC4(CN(C)C4)C3)c(F)c2)c1C#Cc1ccc(N)nc1,1,IC50,8.42,1,CHEMBL3645954
CCc1ncnc(-c2cc(F)c(C(=O)N3CC4(CN(C)C4)C3)c(Cl)c2)c1C#Cc1ccc(N)nc1,1,IC50,8.26,1,CHEMBL3645955
CCc1ncnc(-c2ccc(C(=O)N3CCN(Cc4cc(C)no4)CC3)c(F)c2)c1C#Cc1ccc(N)nc1,1,IC50,8.82,1,CHEMBL3645956
CCc1ncnc(-c2ccc(C(=O)N3CCN(C(C)COC)CC3)c(F)c2)c1C#Cc1ccc(N)nc1,1,IC50,8.57,1,CHEMBL3645957
CCc1ncnc(-c2ccc(C(=O)N3CCN(C(C)CO)CC3)c(F)c2)c1C#Cc1ccc(N)nc1,1,IC50,8.9,1,CHEMBL3645958
CCc1ncnc(-c2ccc(C(=O)N3CCN(Cc4nc(C)c(C)o4)CC3)c(F)c2)c1C#Cc1ccc(N)nc1,1,IC50,8.81,1,CHEMBL3645959
CCc1ncnc(-c2ccc(C(=O)N3CCN(C4CCCC4O)CC3)c(F)c2)c1C#Cc1ccc(N)nc1,1,IC50,9.17,1,CHEMBL3645960
CCc1ncnc(-c2ccc(C(=O)N3CCc4ncccc4C3)c(F)c2)c1C#Cc1ccc(N)nc1,1,IC50,8.96,1,CHEMBL3645961
CCc1ncnc(-c2ccc(C(=O)N3CCN(CC(C)O)CC3)c(F)c2)c1C#Cc1ccc(N)nc1,1,IC50,8.81,1,CHEMBL3645962
CCc1ncnc(-c2cc(F)c(C(=O)N3CCN(Cc4cc(C)no4)CC3)c(F)c2)c1C#Cc1ccc(N)nc1,1,IC50,9.68,1,CHEMBL3645963
CCc1ncnc(-c2cc(F)c(C(=O)N3CCN(C(C)COC)CC3)c(F)c2)c1C#Cc1ccc(N)nc1,1,IC50,9.25,1,CHEMBL3645964
CCc1ncnc(-c2cc(F)c(C(=O)N3CCN(C(C)CO)CC3)c(F)c2)c1C#Cc1ccc(N)nc1,1,IC50,9.24,1,CHEMBL3645965
CCc1ncnc(-c2cc(F)c(C(=O)N3CCN(Cc4nc(C)c(C)o4)CC3)c(F)c2)c1C#Cc1ccc(N)nc1,1,IC50,9.31,1,CHEMBL3645966
CCc1ncnc(-c2cc(F)c(C(=O)N3CCN(C4CCCC4O)CC3)c(F)c2)c1C#Cc1ccc(N)nc1,1,IC50,9.55,1,CHEMBL3645967
CCc1ncnc(-c2cc(F)c(C(=O)N3CCN(CCOCCO)CC3)c(F)c2)c1C#Cc1ccc(N)nc1,1,IC50,8.78,1,CHEMBL3645968
CCc1ncnc(-c2cc(F)c(C(=O)N3CCC4(CC3)CC(=O)CO4)c(F)c2)c1C#Cc1ccc(N)nc1,1,IC50,8.68,1,CHEMBL3645969
CCc1ncnc(-c2cc(F)c(C(=O)N3CCN(Cc4cc(C)no4)CC3)c(Cl)c2)c1C#Cc1ccc(N)nc1,1,IC50,8.9,1,CHEMBL3645970
CCc1ncnc(-c2cc(F)c(C(=O)N3CCN(C(C)COC)CC3)c(Cl)c2)c1C#Cc1ccc(N)nc1,1,IC50,9.17,1,CHEMBL3645971
CCc1ncnc(-c2cc(F)c(C(=O)N3CCN(C(C)CO)CC3)c(Cl)c2)c1C#Cc1ccc(N)nc1,1,IC50,9.0,1,CHEMBL3645972
CCc1ncnc(-c2cc(F)c(C(=O)N3CCN(Cc4nc(C)c(C)o4)CC3)c(Cl)c2)c1C#Cc1ccc(N)nc1,1,IC50,9.35,1,CHEMBL3645973
CCc1ncnc(-c2cc(F)c(C(=O)N3CCN(C4CCCC4O)CC3)c(Cl)c2)c1C#Cc1ccc(N)nc1,1,IC50,9.49,1,CHEMBL3645974
CCc1ncnc(-c2cc(F)c(C(=O)N3CCN(CC(C)O)CC3)c(Cl)c2)c1C#Cc1ccc(N)nc1,1,IC50,9.25,1,CHEMBL3645975
CCc1ncnc(-c2cc(F)c(C(=O)N3CCN(CCOCCO)CC3)c(Cl)c2)c1C#Cc1ccc(N)nc1,1,IC50,9.12,1,CHEMBL3645976
CCc1ncnc(-c2cc(F)c(C(=O)N3CCC4(CC3)CC(=O)CO4)c(Cl)c2)c1C#Cc1ccc(N)nc1,1,IC50,9.28,1,CHEMBL3645977
CCc1ncnc(-c2ccc(C(=O)N3CCN(Cc4cc(C)no4)CC3)c(Cl)c2)c1C#Cc1ccc(N)nc1,1,IC50,9.41,1,CHEMBL3645978
CCc1ncnc(-c2ccc(C(=O)N3CCN(C(C)COC)CC3)c(Cl)c2)c1C#Cc1ccc(N)nc1,1,IC50,9.04,1,CHEMBL3645979
CCc1ncnc(-c2ccc(C(=O)N3CCN(C(C)CO)CC3)c(Cl)c2)c1C#Cc1ccc(N)nc1,1,IC50,8.78,1,CHEMBL3645980
CCc1ncnc(-c2ccc(C(=O)N3CCN(Cc4nc(C)c(C)o4)CC3)c(Cl)c2)c1C#Cc1ccc(N)nc1,1,IC50,8.82,1,CHEMBL3645981
CCc1ncnc(-c2ccc(C(=O)N3CCN(C4CCCC4O)CC3)c(Cl)c2)c1C#Cc1ccc(N)nc1,1,IC50,8.89,1,CHEMBL3645982
CCc1ncnc(-c2ccc(C(=O)N3CCN(CC(C)O)CC3)c(Cl)c2)c1C#Cc1ccc(N)nc1,1,IC50,8.65,1,CHEMBL3645983
CCc1ncnc(-c2ccc(C(=O)N3CCN(CCOCCO)CC3)c(Cl)c2)c1C#Cc1ccc(N)nc1,1,IC50,8.89,1,CHEMBL3645984
CCc1ncnc(-c2ccc(C(=O)N3CCC4(CC3)CC(NC(=O)OC(C)(C)C)C4)c(F)c2)c1C#Cc1ccc(N)nc1,1,IC50,8.01,1,CHEMBL3645985
CCc1ncnc(-c2ccc(C(=O)N3CCC4(CC3)CC(N)C4)c(F)c2)c1C#Cc1ccc(N)nc1,1,IC50,8.22,1,CHEMBL3645986
CCc1ncnc(-c2ccc(C(=O)N3CCC4(CC3)CN(C(=O)OC(C)(C)C)CCO4)c(F)c2)c1C#Cc1ccc(N)nc1,1,IC50,8.05,1,CHEMBL3645987
CCc1ncnc(-c2ccc(C(=O)N3CCC4(CC3)CNCCO4)c(F)c2)c1C#Cc1ccc(N)nc1,1,IC50,8.19,1,CHEMBL3645988
CCc1ncnc(-c2ccc(C(=O)N3CCC4(CN(C(=O)OC(C)(C)C)C4)C3)c(F)c2)c1C#Cc1ccc(N)nc1,1,IC50,8.02,1,CHEMBL3645989
CCc1ncnc(-c2ccc(C(=O)N3CCC4(CNC4)C3)c(F)c2)c1C#Cc1ccc(N)nc1,1,IC50,7.87,1,CHEMBL3648864
CCc1ncnc(-c2ccc(C(=O)N3CCOC4(CCN(C(=O)OC(C)(C)C)CC4)C3)c(F)c2)c1C#Cc1ccc(N)nc1,1,IC50,7.17,1,CHEMBL3648865
CCc1ncnc(-c2ccc(C(=O)N3CCOC4(CCNCC4)C3)c(F)c2)c1C#Cc1ccc(N)nc1,1,IC50,7.94,1,CHEMBL3648866
CCc1ncnc(-c2ccc(C(=O)N3CCC4(CCN(C(=O)OC(C)(C)C)CC4)C3)c(F)c2)c1C#Cc1ccc(N)nc1,1,IC50,8.15,1,CHEMBL3648867
CCc1ncnc(-c2ccc(C(=O)N3CCC4(CCNCC4)C3)c(F)c2)c1C#Cc1ccc(N)nc1,1,IC50,7.59,1,CHEMBL3648868
CCc1ncnc(-c2ccc(C(=O)N3C[C@H]4CN(C(=O)OC(C)(C)C)C[C@H]4C3)c(F)c2)c1C#Cc1ccc(N)nc1,1,IC50,8.35,1,CHEMBL3648869
CCc1ncnc(-c2ccc(C(=O)N3C[C@H]4CNC[C@H]4C3)c(F)c2)c1C#Cc1ccc(N)nc1,1,IC50,7.49,1,CHEMBL3648870
CCc1ncnc(-c2ccc(C(=O)N3C[C@@H]4CCN(C(=O)OC(C)(C)C)[C@@H]4C3)c(F)c2)c1C#Cc1ccc(N)nc1,1,IC50,8.3,1,CHEMBL3648871
CCc1ncnc(-c2ccc(C(=O)N3C[C@@H]4CCN[C@@H]4C3)c(F)c2)c1C#Cc1ccc(N)nc1,1,IC50,7.58,1,CHEMBL3648872
CCc1ncnc(-c2cc(Cl)c(C(=O)N3CC4(CN(C)C4)C3)c(Cl)c2)c1C#Cc1ccc(N)nc1,1,IC50,8.01,1,CHEMBL3648873
CCc1ncnc(-c2ccc(C(=O)N3CC4(CN(C)C4)C3)c(Cl)c2)c1C#Cc1ccc(N)nc1,1,IC50,8.22,1,CHEMBL3648874
CCc1ncnc(-c2cc(Cl)c(C(=O)N3CCC4(CC3)CN(C)C4)c(Cl)c2)c1C#Cc1ccc(N)nc1,1,IC50,7.97,1,CHEMBL3648875
CCc1ncnc(-c2cc(F)c(C(=O)N3CCC4(CC3)CN(C)C4)c(F)c2)c1C#Cc1ccc(N)nc1,1,IC50,8.28,1,CHEMBL3648876
CCc1ncnc(-c2cc(F)c(C(=O)N3CCC4(CC3)CN(C)C4)c(Cl)c2)c1C#Cc1ccc(N)nc1,1,IC50,8.0,1,CHEMBL3648877
CCc1ncnc(-c2ccc(C(=O)N3CCC4(CC3)CN(C)C4)c(Cl)c2)c1C#Cc1ccc(N)nc1,1,IC50,8.31,1,CHEMBL3648878
CCc1ncnc(-c2ccc(C(=O)N3CCC4(CC3)CN(C)C4)c(F)c2)c1C#Cc1ccc(N)nc1,1,IC50,8.15,1,CHEMBL3648879
CCc1ncnc(-c2cc(F)c(C(=O)N3CCN(C)C[C@H]3C)c(F)c2)c1C#Cc1ccc(N)nc1,1,IC50,8.23,1,CHEMBL3648880
CCc1ncnc(-c2cc(F)c(C(=O)N3CCN(C)C[C@@H]3C)c(Cl)c2)c1C#Cc1ccc(N)nc1,1,IC50,8.36,1,CHEMBL3648881
CCc1ncnc(-c2ccc(C(=O)N3CCN(Cc4ncon4)CC3)c(Cl)c2)c1C#Cc1ccc(N)nc1,1,IC50,9.18,1,CHEMBL3648882
CCc1ncnc(-c2ccc(C(=O)N3CCN(C)C[C@H]3C)c(Cl)c2)c1C#Cc1ccc(N)nc1,1,IC50,8.25,1,CHEMBL3648883
CCc1ncnc(-c2ccc(C(=O)N3CCN(C)C[C@@H]3C)c(Cl)c2)c1C#Cc1ccc(N)nc1,1,IC50,8.55,1,CHEMBL3648884
CCc1ncnc(-c2ccc(C(=O)N3CCN(CCOCCO)CC3)c(F)c2)c1C#Cc1ccc(N)nc1,1,IC50,8.94,1,CHEMBL3648885
CCc1ncnc(-c2ccc(C(=O)N3CCN(Cc4ncon4)CC3)c(F)c2)c1C#Cc1ccc(N)nc1,1,IC50,9.35,1,CHEMBL3648886
CCc1ncnc(-c2ccc(C(=O)N3CCN(C)C[C@H]3C)c(F)c2)c1C#Cc1ccc(N)nc1,1,IC50,8.47,1,CHEMBL3648887
CCc1ncnc(-c2ccc(C(=O)N3CCN(C)C[C@@H]3C)c(F)c2)c1C#Cc1ccc(N)nc1,1,IC50,8.26,1,CHEMBL3648888
CCc1ncnc(-c2ccc(C(=O)N3CCN(CC(C)(C)O)CC3)c(F)c2)c1C#Cc1ccc(N)nc1,1,IC50,8.99,1,CHEMBL3648889
O=S(=O)(Nc1cc(-c2cnc3ccccn23)cnc1Cl)c1ccc(F)cc1,1,IC50,6.81,1,CHEMBL3649441
Cc1nc2ccc(Br)cn2c1-c1cnc(Cl)c(NS(=O)(=O)c2ccc(F)cc2)c1,1,IC50,6.07,1,CHEMBL3649425
O=S(=O)(Nc1cc(-c2cnc3ccc(Br)cn23)cnc1Cl)c1ccc(F)cc1,1,IC50,7.41,1,CHEMBL3649426
O=S(=O)(Nc1cc(-c2cnc3ccc(-c4ccncc4)cn23)cnc1Cl)c1ccc(F)cc1,1,IC50,7.44,1,CHEMBL3649427
O=S(=O)(Nc1cc(-c2cnc3ccc(-c4cccnc4)cn23)cnc1Cl)c1ccc(F)cc1,1,IC50,7.5,1,CHEMBL3649428
O=S(=O)(Nc1cc(-c2cnc3ccc(N4CCOCC4)cn23)cnc1Cl)c1ccc(F)cc1,1,IC50,6.44,1,CHEMBL3649429
COc1cc(-c2cnc3ccccn23)cnc1OC,0,IC50 (>),4.3,1,CHEMBL3649443
O=c1n(Cc2ccccc2)ccc2ncc(-c3cnc(Cl)c(NS(=O)(=O)c4ccc(F)cc4)c3)n12,1,IC50,6.75,1,CHEMBL3649444
CN(C)S(=O)(=O)Nc1cc(-c2cnc3ccc(-c4ccncc4)cn23)cnc1Cl,1,IC50,7.82,1,CHEMBL3649445
CN(C)S(=O)(=O)Nc1cc(-c2cnc3ccc(-c4ccnc(C(F)(F)F)c4)cn23)cnc1Cl,1,IC50,7.82,1,CHEMBL3649436
CS(=O)(=O)Nc1cc(-c2cnc3cc(-c4cccnc4)ccn23)cnc1Cl,1,IC50,7.5,1,CHEMBL3649437
CN(C)S(=O)(=O)Nc1cc(-c2cnc3cc(-c4ccncc4)ccn23)cnc1Cl,1,IC50,6.59,1,CHEMBL3649438
CN(C)S(=O)(=O)Nc1cc(-c2cnc3cc(-c4cccnc4)ccn23)cnc1Cl,1,IC50,6.8,1,CHEMBL3649439
Cc1cc2ncc(-c3cnc(Cl)c(NS(=O)(=O)N(C)C)c3)n2cc1-c1ccncc1,1,IC50,7.75,1,CHEMBL3649446
O=S(=O)(Nc1cc(-c2cnc3ncccn23)cnc1Cl)c1ccc(F)cc1,0,IC50 (>),4.3,1,CHEMBL3649447
O=S(=O)(Nc1cc(-c2cnc3ccc(Cl)nn23)cnc1Cl)c1ccc(F)cc1,1,IC50,6.99,1,CHEMBL3649440
Nc1ccc(Nc2ncccc2-c2ncnc3[nH]cnc23)cn1,0,IC50,4.76,1,CHEMBL3643918
c1cnc(Nc2cccc3[nH]ccc23)c(-c2ncnc3[nH]cnc23)c1,0,IC50 (>),4.3,1,CHEMBL3643919
Cc1nc(N)nc(-c2cc(CN3CCN(S(C)(=O)=O)CC3)cnc2Nc2cccc(O)c2)n1,1,IC50,6.75,1,CHEMBL3643920
Cc1cnc(Nc2cccnc2)c(-c2nc(C)nc(N)n2)c1,0,IC50 (>),4.3,1,CHEMBL3643921
COc1ccc(Nc2ncc(CN3CCN(S(C)(=O)=O)CC3)cc2-c2ncnc(C)n2)cn1,0,IC50 (>),5.0,1,CHEMBL3643922
Cc1nc(N)nc(-c2cc(CN3CCN(S(C)(=O)=O)CC3)cnc2Nc2cccc3[nH]ncc23)n1,0,IC50 (>),5.0,1,CHEMBL3643923
Cc1nc(N)nc(-c2cc(CN3CCN(S(C)(=O)=O)CC3)cnc2Nc2cncnc2)n1,0,IC50 (>),5.0,1,CHEMBL3643924
Cc1nc(N)nc(-c2cc(CN3CCN(S(C)(=O)=O)CC3)cnc2Nc2ccc3ncoc3c2)n1,0,IC50 (>),5.0,1,CHEMBL3643925
Cc1cnc(Nc2cccc3[nH]ncc23)c(-c2nc(C)nc(N)n2)c1,0,IC50 (>),4.3,1,CHEMBL3643927
CCOc1ccc(Nc2ncccc2-c2nc(C)nc(N)n2)cn1,0,IC50,4.85,1,CHEMBL3643928
Cc1nc(N)nc(-c2cccnc2Nc2ccc(Cl)nc2)n1,0,IC50 (>),5.0,1,CHEMBL3643931
Cc1nc(-c2cc(Cl)cnc2Nc2cccc3[nH]ncc23)c2nc[nH]c2n1,0,IC50 (>),5.0,1,CHEMBL3643932
Cc1nc(-c2cc(Br)cnc2Nc2cccc3[nH]ncc23)c2nc[nH]c2n1,0,IC50 (>),5.0,1,CHEMBL3643933
COc1ncc(Nc2ncccc2-c2nc(C)nc3[nH]cnc23)cn1,1,IC50,6.37,1,CHEMBL3643935
COc1ccc(COCc2cnc(Nc3cccc4[nH]ccc34)c(-c3nc(C)nc4[nH]cnc34)c2)cc1,0,IC50 (>),4.3,1,CHEMBL3643936
C=Cc1cnc(Nc2ccc(OC)nc2)c(-c2nc(C)nc3[nH]cnc23)c1,0,IC50 (>),5.0,1,CHEMBL3643938
CCc1cnc(Nc2ccc(OC)nc2)c(-c2nc(C)nc3[nH]cnc23)c1,0,IC50 (>),5.0,1,CHEMBL3643939
COc1ccc(Nc2ncc(CCO)cc2-c2nc(C)nc3[nH]cnc23)cn1,1,IC50,6.61,1,CHEMBL3643940
COc1ccc(Nc2ncc(CO)cc2-c2nc(C)nc3[nH]cnc23)cn1,1,IC50,6.03,1,CHEMBL3643941
COc1ccc(NCc2cnc(Nc3ccc(OC)nc3)c(-c3nc(C)nc4[nH]cnc34)c2)cc1,1,IC50,6.45,1,CHEMBL3643942
COc1cccc(NCc2cnc(Nc3ccc(OC)nc3)c(-c3nc(C)nc4[nH]cnc34)c2)c1,0,IC50 (>),5.0,1,CHEMBL3643943
COc1ccc(CN(Cc2ccc(OC)cc2)c2nc(C)nc(Cl)n2)cc1,0,IC50 (>),5.0,1,CHEMBL3643930
COc1ccc(Nc2ncc(CNc3cccnn3)cc2-c2nc(C)nc3[nH]cnc23)cn1,0,IC50 (>),5.0,1,CHEMBL3646427
COc1ccc(Nc2ncc(CNc3ccncc3)cc2-c2nc(C)nc3[nH]cnc23)cn1,0,IC50 (>),5.0,1,CHEMBL3646428
COc1ccc(Nc2ncc(CNc3ccccn3)cc2-c2nc(C)nc3[nH]cnc23)cn1,0,IC50 (>),5.0,1,CHEMBL3646429
COc1ccc(Nc2ncc(CNc3ccccc3)cc2-c2nc(C)nc3[nH]cnc23)cn1,0,IC50 (>),5.0,1,CHEMBL3646430
COc1ccc(Nc2ncc(CN3CCNCC3)cc2-c2nc(C)nc3[nH]cnc23)cn1,0,IC50 (>),5.0,1,CHEMBL3646431
COc1ccc(Nc2ncc(CN3CCN(S(C)(=O)=O)CC3)cc2-c2nc(C)nc3[nH]cnc23)cn1,0,IC50 (>),5.0,1,CHEMBL3646432
COC(=O)N1CCN(Cc2cnc(Nc3ccc(OC)nc3)c(-c3nc(C)nc4[nH]cnc34)c2)CC1,1,IC50,6.46,1,CHEMBL3646433
COc1ccc(Nc2ncc(CN3CCN(S(=O)(=O)N(C)C)CC3)cc2-c2nc(C)nc3[nH]cnc23)cn1,0,IC50 (>),5.0,1,CHEMBL3646435
COc1ccc(Nc2ncc(CN3CCN(C(C)=O)CC3)cc2-c2nc(C)nc3[nH]cnc23)cn1,1,IC50,6.21,1,CHEMBL3646436
COc1ccc(Nc2cnc(Nc3ccc(OC)nc3)c(-c3nc(C)nc4[nH]cnc34)c2)cc1,1,IC50,6.13,1,CHEMBL3646437
COc1ccc(Nc2ncc(NCc3ccccc3)cc2-c2nc(C)nc3[nH]cnc23)cn1,0,IC50 (>),5.0,1,CHEMBL3646438
COc1ccc(Nc2ncc(Nc3ccccc3)cc2-c2nc(C)nc3[nH]cnc23)cn1,1,IC50,6.15,1,CHEMBL3646439
COc1ccc(CNc2cnc(Nc3ccc(OC)nc3)c(-c3nc(C)nc4[nH]cnc34)c2)cc1,0,IC50 (>),5.0,1,CHEMBL3639453
COc1cccc(Nc2cnc(Nc3ccc(OC)nc3)c(-c3nc(C)nc4[nH]cnc34)c2)c1,0,IC50 (>),5.0,1,CHEMBL3646442
COc1ccc(Nc2ncc(N3CCOCC3)cc2-c2nc(C)nc3[nH]cnc23)cn1,0,IC50 (>),5.0,1,CHEMBL3646443
COc1ccc(Nc2ncc(N3CCC(O)C3)cc2-c2nc(C)nc3[nH]cnc23)cn1,0,IC50 (>),5.0,1,CHEMBL3646444
COc1ccc(Nc2ncc(N3CCN(S(C)(=O)=O)CC3)cc2-c2nc(C)nc3[nH]cnc23)cn1,1,IC50,6.73,1,CHEMBL3646445
CC(=O)Nc1ccc(Nc2ncccc2-c2nc(C)nc3[nH]cnc23)cc1,1,IC50,7.46,1,CHEMBL3646448
COc1ccc(Nc2ncc(Cc3ccc(S(C)(=O)=O)cc3)cc2-c2nc(C)nc3[nH]cnc23)cn1,1,IC50,6.61,1,CHEMBL3646449
Cc1nc(-c2cc(Cc3ccc(S(C)(=O)=O)cc3)cnc2Nc2cccc3[nH]ncc23)c2nc[nH]c2n1,0,IC50 (>),5.0,1,CHEMBL3646450
CC(=O)Nc1ccc(Nc2ncc(Cc3ccc(S(C)(=O)=O)cc3)cc2-c2nc(C)nc3[nH]cnc23)cn1,1,IC50,6.57,1,CHEMBL3646451
Cc1nc(-c2cc(Cc3ccc(S(C)(=O)=O)cc3)cnc2Nc2ccc(N)nc2)c2nc[nH]c2n1,1,IC50,7.08,1,CHEMBL3649475
Cc1nc(N)cc(-c2cnccc2Nc2cccc3[nH]ncc23)n1,0,IC50 (>),4.3,1,CHEMBL3646452
CC(=O)Nc1cc(-c2cnccc2Nc2cccc3[nH]ccc23)nc(C)n1,0,IC50 (>),4.3,1,CHEMBL3646453
Cc1nc(N)cc(-c2cnccc2Nc2cccc3[nH]ccc23)n1,0,IC50 (>),4.3,1,CHEMBL3649476
Cc1nc(-c2cnccc2Nc2cccc3[nH]ncc23)c2nc[nH]c2n1,0,IC50 (>),5.0,1,CHEMBL3646454
COc1ccc(Nc2ccncc2-c2nc(C)nc3[nH]cnc23)cn1,0,IC50 (>),5.0,1,CHEMBL3646455
Cc1nc(N)cc(-c2nccnc2Nc2cccc3[nH]ncc23)n1,0,IC50 (>),5.0,1,CHEMBL3646456
COc1ccc(Nc2nc3ccccc3cc2-c2nc(C)nc3[nH]cnc23)cn1,0,IC50 (>),5.0,1,CHEMBL3646457
COc1ccc(Nc2nc(N)ncc2-c2nc(C)nc(N)n2)cn1,0,IC50 (>),5.0,1,CHEMBL3646458
COc1ccc(Nc2nc(OC)ncc2-c2nc(C)nc(N)n2)cn1,0,IC50 (>),5.0,1,CHEMBL3646459
COc1ccc(Nc2nc(N3CCOCC3)ncc2-c2nc(C)nc(N)n2)cn1,0,IC50 (>),5.0,1,CHEMBL3646460
COc1ccc(Nc2nc(N(C)C)ncc2-c2nc(C)nc(N)n2)cn1,0,IC50 (>),5.0,1,CHEMBL3646461
COc1ccc(Nc2nc(N3CCCC3)ncc2-c2nc(C)nc(N)n2)cn1,0,IC50 (>),5.0,1,CHEMBL3646462
COc1ccc(Nc2nc(N3CCCCC3)ncc2-c2nc(C)nc(N)n2)cn1,0,IC50 (>),5.0,1,CHEMBL3646463
COc1ccc(Nc2nc(-c3ccncc3)ncc2-c2nc(C)nc(N)n2)cn1,0,IC50 (>),5.0,1,CHEMBL3646464
COc1ccc(Nc2nc(-c3ccc(F)cc3)ncc2-c2nc(C)nc(N)n2)cn1,0,IC50 (>),5.0,1,CHEMBL3646465
COc1ccc(Nc2nc(NC3CCCC3)ncc2-c2nc(C)nc(N)n2)cn1,0,IC50 (>),5.0,1,CHEMBL3646466
COc1ccc(Nc2ncc(Cl)cc2-c2nc(C)nc3[nH]cnc23)cn1,0,IC50 (>),5.0,1,CHEMBL3646467
Cc1nc(N)nc(-c2cc(CN3CCN(S(C)(=O)=O)CC3)cnc2Nc2ccc3ocnc3c2)n1,0,IC50 (>),5.0,1,CHEMBL3646468
COc1ncc(Nc2ncc(CN3CCOCC3)cc2-c2nc(C)nc(N)n2)cc1F,0,IC50 (>),5.0,1,CHEMBL3646470
COc1ccc(Nc2ncc(C(O)C(C)(C)C)cc2-c2nc(C)nc3[nH]cnc23)cn1,1,IC50,6.57,1,CHEMBL3646471
COc1ccc(Nc2ncc([C@@H](O)C(C)(C)C)cc2-c2nc(C)nc3[nH]cnc23)cn1,1,IC50,6.89,1,CHEMBL3646472
COc1ccc(Nc2ncc([C@H](O)C(C)(C)C)cc2-c2nc(C)nc3[nH]cnc23)cn1,1,IC50,6.6,1,CHEMBL3649477
COc1ccc(Nc2ncc(CNC(C)(C)C)cc2-c2nc(C)nc3[nH]cnc23)cn1,0,IC50 (>),5.0,1,CHEMBL3646473
COc1ccc(Nc2ncc(CNC(C)C)cc2-c2nc(C)nc3[nH]cnc23)cn1,0,IC50 (>),5.0,1,CHEMBL3646474
COc1ccc(Nc2ncc(CNCc3ccccn3)cc2-c2nc(C)nc3[nH]cnc23)cn1,1,IC50,6.25,1,CHEMBL3646475
COc1ccc(Nc2ncc(CNCc3ccncc3)cc2-c2nc(C)nc3[nH]cnc23)cn1,1,IC50,6.26,1,CHEMBL3646476
COc1ccc(Nc2ncc(C(O)c3ccc(S(C)(=O)=O)cc3)cc2-c2nc(C)nc3[nH]cnc23)cn1,0,IC50 (>),5.0,1,CHEMBL3646478
COc1ccc(Nc2ncc(C(C)N3CCN(S(C)(=O)=O)CC3)cc2-c2nc(C)nc3[nH]cnc23)cn1,1,IC50,6.32,1,CHEMBL3646479
COc1ncc(Nc2ncc(Cc3ccc(S(C)(=O)=O)cc3)cc2-c2nc(C)nc(N)n2)cc1F,0,IC50 (>),5.0,1,CHEMBL3646480
COc1ncc(Nc2ncc(C(C)N3CCN(S(C)(=O)=O)CC3)cc2-c2nc(C)nc(N)n2)cc1F,0,IC50 (>),5.0,1,CHEMBL3646481
COc1ccc(Nc2ncc(C(C)c3ccc(S(C)(=O)=O)cc3)cc2-c2nc(C)nc(N)n2)cn1,0,IC50 (>),5.0,1,CHEMBL3646484
COc1ncc(Nc2ncc(C(C)c3ccc(S(C)(=O)=O)cc3)cc2-c2nc(C)nc(N)n2)cc1F,0,IC50 (>),5.0,1,CHEMBL3646485
COc1ncc(Nc2ncc(C(=O)N3CCN(S(C)(=O)=O)CC3)cc2-c2nc(C)nc(N)n2)cc1F,0,IC50 (>),5.0,1,CHEMBL3646487
COCCNC(=O)c1cnc(Nc2ccc(OC)nc2)c(-c2nc(C)nc(N)n2)c1,0,IC50 (>),5.0,1,CHEMBL3646488
COc1ncc(Nc2ncc(CN3CCN(C(=O)N(C)C)CC3)cc2-c2nc(C)nc(N)n2)cc1F,0,IC50 (>),5.0,1,CHEMBL3646491
Cc1nc(N)nc(-c2cc(CN3CCN(C(=O)N(C)C)CC3)cnc2Nc2cnc(O)c(F)c2)n1,0,IC50 (>),5.0,1,CHEMBL3649479
Cc1nc(N)nc(-c2cc(CN3CCN(S(C)(=O)=O)CC3)cnc2Nc2cnc(O)c(F)c2)n1,0,IC50 (>),5.0,1,CHEMBL3646492
CNc1nc(C)nc(-c2cc(CN3CCN(S(C)(=O)=O)CC3)cnc2Nc2ccc(OC)nc2)n1,0,IC50 (>),5.0,1,CHEMBL3646493
Cc1nc(N)nc(-c2cccnc2Nc2cccc(OC(F)F)c2)n1,0,IC50 (>),5.0,1,CHEMBL3646494
Cc1nc(N)nc(-c2cccnc2Nc2ccc3oc(C)nc3c2)n1,0,IC50 (>),5.0,1,CHEMBL3646495
COc1ccc(Nc2ncccc2-c2nc(C)nc(N)n2)cc1F,0,IC50 (>),5.0,1,CHEMBL3646496
COc1cc(Nc2ncccc2-c2nc(C)nc(N)n2)ccc1F,0,IC50 (>),5.0,1,CHEMBL3646497
Cc1nc(N)nc(-c2cccnc2Nc2ccc3c(c2)OC(F)(F)O3)n1,0,IC50 (>),5.0,1,CHEMBL3646498
COc1ccc(Nc2ncc(-c3ccc(OC)nc3)cc2-c2nc(C)nc(N)n2)cn1,0,IC50 (>),5.0,1,CHEMBL3646499
COc1ccc(Nc2ncccc2-c2nc(C)nc(N)n2)cc1OC,0,IC50 (>),5.0,1,CHEMBL3646500
Cc1ccc2cc(Nc3ncccc3-c3nc(C)nc(N)n3)ccc2n1,0,IC50 (>),5.0,1,CHEMBL3646501
COc1ccc(Nc2ncc(-c3ccccn3)cc2-c2nc(C)nc(N)n2)cn1,0,IC50 (>),5.0,1,CHEMBL3646502
COc1ncc(Nc2ncccc2-c2nc(C)nc(N)n2)cc1Cl,0,IC50 (>),5.0,1,CHEMBL3646503
Cc1cncc(Nc2ncccc2-c2nc(C)nc(N)n2)c1,0,IC50 (>),5.0,1,CHEMBL3646504
COc1ncc(Nc2nc(-c3ccncc3)ccc2-c2nc(C)nc(N)n2)cc1F,0,IC50 (>),5.0,1,CHEMBL3646505
COc1ncc(Nc2ncc(C(=O)N3CCC(O)CC3)cc2-c2nc(C)nc(N)n2)cc1F,0,IC50 (>),5.0,1,CHEMBL3646506
COc1ccc(Nc2ncc(CN3CCN(S(C)(=O)=O)CC3)cc2-c2cc(N)nc(C)n2)cn1,0,IC50 (>),5.0,1,CHEMBL3646507
Cc1nc(N)cc(-c2nc3ccccc3nc2Nc2cccc3[nH]ncc23)n1,0,IC50 (>),5.0,1,CHEMBL3646508
CC(=O)Nc1ccc(Nc2ncccc2-c2nc(C)nc3[nH]cnc23)cc1Cl,0,IC50 (>),5.0,1,CHEMBL3646509
Cc1nc(-c2cccnc2Nc2ccc(NC(=O)C3CC3)cc2)c2nc[nH]c2n1,1,IC50,7.3,1,CHEMBL3646510
COc1cncc(Nc2ncccc2-c2nc(C)nc3[nH]cnc23)c1,0,IC50 (>),5.0,1,CHEMBL3646511
COc1ncc(Nc2ncc(F)cc2-c2nc(C)nc(N)n2)cc1F,0,IC50 (>),5.0,1,CHEMBL3646512
Cc1nc(N)nc(-c2cc(F)cnc2Nc2cncc(F)c2)n1,0,IC50 (>),5.0,1,CHEMBL3646513
COc1ncc(Nc2ncc(C=O)cc2-c2nc(C)nc(N)n2)cc1F,0,IC50 (>),5.0,1,CHEMBL3646514
Cc1nc(N)nc(-c2cc(Cl)cnc2NC2CCOCC2)n1,0,IC50 (>),5.0,1,CHEMBL3646515
COCCNc1nc(C)nc(-c2cc(Cl)cnc2Nc2cnc(OC)c(F)c2)n1,0,IC50 (>),5.0,1,CHEMBL3646516
Cc1nc(N)nc(-c2cccnc2Nc2ccc(NC(=O)Nc3cccc(F)c3)nc2)n1,0,IC50 (>),5.0,1,CHEMBL3646518
Cc1nc(N)nc(-c2cccnc2Nc2ccc(NC(=O)NC(C)C)nc2)n1,0,IC50 (>),5.0,1,CHEMBL3646519
CC(=O)Nc1ccc(Nc2ncc(Cl)cc2-c2nc(C)nc(N)n2)cn1,0,IC50 (>),5.0,1,CHEMBL3646520
COC(=O)Nc1ccc(Nc2ncc(Cl)cc2-c2nc(C)nc(N)n2)cn1,0,IC50 (>),5.0,1,CHEMBL3646521
COCCOc1ccc(NC(=O)Nc2ccc(Nc3ncc(Cl)cc3-c3nc(C)nc(N)n3)cn2)cc1,0,IC50 (>),5.0,1,CHEMBL3646522
COc1ncc(Nc2nc(C)ccc2-c2nc(C)nc(N)n2)cc1F,0,IC50 (>),5.0,1,CHEMBL3646524
COc1ncc(Nc2nc(CN3CCOCC3)ccc2-c2nc(C)nc(N)n2)cc1F,0,IC50 (>),5.0,1,CHEMBL3646525
COc1ncc(Nc2nc(COCC(F)(F)F)ccc2-c2nc(C)nc(N)n2)cc1F,0,IC50 (>),5.0,1,CHEMBL3646526
Cc1ccc(-c2nc(C)nc(N)n2)c(Nc2cncc(F)c2)n1,0,IC50 (>),5.0,1,CHEMBL3646527
COc1ccc(Nc2ncc(CN3CCSCC3)cc2-c2nc(C)nc(N)n2)cn1,0,IC50 (>),5.0,1,CHEMBL3646528
COc1ccc(Nc2ncc(CN3CC[S+]([O-])CC3)cc2-c2nc(C)nc(N)n2)cn1,0,IC50 (>),5.0,1,CHEMBL3646529
Cc1nc(N)nc(-c2cc(CN3CCN(S(C)(=O)=O)CC3)cnc2Nc2cnc3c(c2)ncn3C)n1,0,IC50 (>),5.0,1,CHEMBL3646530
COc1ccc(Nc2ncc(N3CC[C@H](CO)C3)cc2-c2nc(C)nc3[nH]cnc23)cn1,0,IC50 (>),5.0,1,CHEMBL3646531
COc1ccc(Nc2ncc(N3CC[C@H](O)C3)cc2-c2nc(C)nc3[nH]cnc23)cn1,1,IC50,6.08,1,CHEMBL3646532
COc1ccc(Nc2ncc(N3CC[C@@H](O)C3)cc2-c2nc(C)nc3[nH]cnc23)cn1,1,IC50,6.23,1,CHEMBL3646533
COc1ccc(Nc2ncc(CN3CCOC[C@@H]3C)cc2-c2nc(C)nc(N)n2)cn1,0,IC50 (>),5.0,1,CHEMBL3646534
COc1ccc(Nc2ncc(CN3CC(S(C)(=O)=O)C3)cc2-c2nc(C)nc(N)n2)cn1,0,IC50 (>),5.0,1,CHEMBL3646535
COc1ccc(Nc2ncc(CNCCO)cc2-c2nc(C)nc(N)n2)cn1,0,IC50 (>),5.0,1,CHEMBL3646536
COc1ccc(Nc2ncc(CN[C@H](C)CO)cc2-c2nc(C)nc(N)n2)cn1,0,IC50 (>),5.0,1,CHEMBL3646537
COc1ccc(Nc2ncc(CN3CC(O)C3)cc2-c2nc(C)nc(N)n2)cn1,0,IC50 (>),5.0,1,CHEMBL3646538
COc1ccc(Nc2ncc(CN3CC4(C3)NC(=O)NC4=O)cc2-c2nc(C)nc(N)n2)cn1,0,IC50 (>),5.0,1,CHEMBL3646539
COc1ccc(Nc2ncc(CN3CC(N)C3)cc2-c2nc(C)nc(N)n2)cn1,0,IC50 (>),5.0,1,CHEMBL3646540
COc1ccc(Nc2ncc(C(O)c3cc(Br)ccc3S(=O)(=O)N(C)C)cc2-c2nc(C)nc(N)n2)cn1,1,IC50,6.14,1,CHEMBL3646542
COc1ccc(Nc2ncc(C(N)c3ccc(S(=O)(=O)N(C)C)cc3)cc2-c2nc(C)nc(N)n2)cn1,0,IC50 (>),5.0,1,CHEMBL3646544
COc1ccc(Nc2nc3ccccc3cc2-c2nc(C)nc(N)n2)cn1,0,IC50 (>),5.0,1,CHEMBL3646545
Cc1nc(N)nc(-c2cc(CN3CCN(S(C)(=O)=O)CC3)cnc2Nc2ccc3scnc3c2)n1,1,IC50,6.07,1,CHEMBL3646546
Cc1nc(N)nc(-c2cc(CN3CCN(S(C)(=O)=O)CC3)cnc2Nc2ccc3ncsc3c2)n1,0,IC50 (>),5.0,1,CHEMBL3646547
Cc1nc(N)nc(-c2cc(CN3CCN(S(C)(=O)=O)CC3)cnc2Nc2cc[nH]n2)n1,1,IC50,6.41,1,CHEMBL3646549
Cc1nc(N)nc(-c2cc(CN3CCN(S(C)(=O)=O)CC3)cnc2Nc2cc(F)cc3[nH]ncc23)n1,0,IC50 (>),5.0,1,CHEMBL3646550
Cc1nc(N)nc(-c2cccnc2Nc2ccc(F)c(F)c2)n1,0,IC50 (>),5.0,1,CHEMBL3646551
COc1ccc(Nc2ncc(-c3cn[nH]c3)cc2-c2nc(C)nc(N)n2)cn1,0,IC50 (>),5.0,1,CHEMBL3646553
COc1ccc(Nc2ncc(-c3ccnnc3)cc2-c2nc(C)nc(N)n2)cn1,0,IC50 (>),5.0,1,CHEMBL3646554
COc1ccc(Nc2ncc(-c3cncc(F)c3)cc2-c2nc(C)nc(N)n2)cn1,0,IC50 (>),5.0,1,CHEMBL3646555
COc1ccc(Nc2nc(-c3cccnc3)ccc2-c2nc(C)nc(N)n2)cn1,0,IC50 (>),5.0,1,CHEMBL3646556
COc1ncc(Nc2nc(-c3cccnc3)ccc2-c2nc(C)nc(N)n2)cc1F,0,IC50 (>),5.0,1,CHEMBL3646557
Cc1nc(N)nc(-c2cc(Cl)cnc2Nc2cncc(F)c2)n1,0,IC50 (>),5.0,1,CHEMBL3646558
Cc1nc(N)nc(-c2cc(-c3cnn(C)c3)cnc2Nc2cncc(F)c2)n1,0,IC50 (>),5.0,1,CHEMBL3646559
COCCOc1ccc(-c2nc(C)nc(N)n2)c(Nc2cnc(OC)c(F)c2)n1,0,IC50 (>),5.0,1,CHEMBL3646560
Cc1nc(N)nc(-c2cc(CN3CCN(S(C)(=O)=O)CC3)cnc2Nc2ccc3[nH]cnc3c2)n1,1,IC50,6.3,1,CHEMBL3646561
COc1ccc(Nc2ncc(OC(F)F)cc2-c2nc(C)nc(N)n2)cn1,0,IC50 (>),5.0,1,CHEMBL3646563
Cc1nc(N)nc(-c2cccnc2Nc2cc[nH]c(=O)c2)n1,0,IC50 (>),5.0,1,CHEMBL3646564
Cc1nc(N)nc(-c2cccnc2Nc2cnc(Cl)c(NS(=O)(=O)c3ccc(F)cc3)c2)n1,1,IC50,6.41,1,CHEMBL2206912
Cc1nc(N)nc(-c2cccnc2Nc2cnc(Cl)c(N)c2)n1,1,IC50,6.33,1,CHEMBL2206911
CC(=O)Nc1ccc(Nc2ncc(Cl)cc2-c2nc(C)nc(N)n2)cc1F,1,IC50,6.33,1,CHEMBL3646565
CC(=O)Nc1ccc(Nc2ncc(CN3CCN(S(C)(=O)=O)CC3)cc2-c2nc(C)nc(N)n2)cc1F,1,IC50,6.21,1,CHEMBL3646566
CC(=O)Nc1ccc(Nc2ncc(CN3CCN(S(C)(=O)=O)CC3)cc2-c2nc(C)nc(N)n2)cc1,1,IC50,6.79,1,CHEMBL3646567
COc1ccc(Nc2ncc([C@@H](O)C(F)(F)F)cc2-c2nc(C)nc(N)n2)cn1,1,IC50,6.24,2,CHEMBL3646568;CHEMBL3646610
COc1ncc(Nc2ncc(C(C)(C)O)cc2-c2nc(C)nc(N)n2)cc1F,0,IC50 (>),5.0,1,CHEMBL3357868
COc1ncc(Nc2ncc([C@H](C)N3CCOCC3)cc2-c2cc(N)nc(C)n2)cc1F,0,IC50 (>),5.0,1,CHEMBL3646569
COc1ncc(Nc2ncc([C@@H](C)N3CCOCC3)cc2-c2cc(N)nc(C)n2)cc1F,0,IC50 (>),5.0,1,CHEMBL3649480
COc1ccc(Nc2ncc(C(C)(C)N)cc2-c2nc(C)nc(N)n2)cn1,1,IC50,6.29,1,CHEMBL3646570
COc1ncc(Nc2ncc(C(C)(C)N)cc2-c2nc(C)nc(N)n2)cc1F,0,IC50 (>),5.0,1,CHEMBL3646571
COc1ncc(Nc2ncc(C(C)(C)N3CCOCC3)cc2-c2nc(C)nc(N)n2)cc1F,0,IC50 (>),5.0,1,CHEMBL3646573
COc1ccc(Nc2ncc(C3(N4CCN(S(C)(=O)=O)CC4)CC3)cc2-c2nc(C)nc(N)n2)cn1,0,IC50 (>),5.0,1,CHEMBL3646574
COc1ncc(Nc2ncc(C(C)N3CCN(S(C)(=O)=O)CC3)nc2-c2cc(N)nc(C)n2)cc1F,0,IC50 (>),5.0,1,CHEMBL3646575
COc1ncc(Nc2ncc(C(C)(C)O)nc2-c2cc(N)nc(C)n2)cc1F,0,IC50 (>),5.0,1,CHEMBL3646576
COc1ccc(Nc2ncc(C(C)=O)nc2-c2cc(N)nc(C)n2)cn1,0,IC50 (>),5.0,1,CHEMBL3646577
Cc1nc(N)nc(-c2cc([C@@H](C)N3CCN(S(C)(=O)=O)CC3)cnc2Nc2cc(F)c3cccnc3c2)n1,0,IC50 (>),5.0,1,CHEMBL3646579
Cc1nc(N)nc(-c2cc(C(C)N3CCOCC3)cnc2Nc2ccc3scnc3c2)n1,1,IC50,6.62,1,CHEMBL3646580
Cc1nc(N)nc(-c2cc(C(C)N3CCN(C(=O)N(C)C)CC3)cnc2Nc2ccc3scnc3c2)n1,1,IC50,6.49,1,CHEMBL3646581
Cc1nc(N)nc(-c2cc(C(C)N3CCN(S(C)(=O)=O)CC3)cnc2Nc2ccc3scnc3c2)n1,1,IC50,6.7,1,CHEMBL3646582
COc1ncc(Nc2ncc([C@@H](C)N3CCOCC3)cc2-c2nc(C)nc(N)n2)cc1F,0,IC50 (>),5.0,1,CHEMBL3646583
Cc1nc(N)nc(-c2cc([C@@H](C)N3CCN(S(C)(=O)=O)C[C@@H]3C)cnc2Nc2ccc3scnc3c2)n1,1,IC50,6.6,1,CHEMBL3646584
COc1ncc(Nc2ncc(C(C)N3CCN(C(=O)N(C)C)CC3)cc2-c2nc(C)nc(N)n2)cc1F,0,IC50 (>),5.0,1,CHEMBL3646585
COc1ncc(Nc2ncc([C@@H](C)N3CCN(S(C)(=O)=O)C[C@@H]3C)cc2-c2nc(C)nc3[nH]cnc23)cc1F,0,IC50 (>),5.0,1,CHEMBL3646586
COc1ncc(Nc2ncc([C@H](C)N3CCN(S(C)(=O)=O)C[C@@H]3C)cc2-c2nc(C)nc3[nH]cnc23)cc1F,0,IC50 (>),5.0,1,CHEMBL3646587
COc1ncc(Nc2ncc([C@@H](C)N3CCN(S(C)(=O)=O)CC3)cc2-c2nc(C)nc3[nH]cnc23)cc1F,0,IC50 (>),5.0,1,CHEMBL3646588
COc1ncc(Nc2ncc(C3(O)CC3)cc2-c2nc(C)nc(N)n2)cc1F,1,IC50,6.62,1,CHEMBL3357869
COc1ncc(Nc2ncc(C(C)NC(C)C)cc2-c2nc(C)nc(N)n2)cc1F,0,IC50 (>),5.0,1,CHEMBL3646589
COc1ncc(Nc2ncc(C3(N)CC3)cc2-c2nc(C)nc(N)n2)cc1F,0,IC50 (>),5.0,1,CHEMBL3646590
COc1ncc(Nc2ncc([C@@H](C)N3CCN(S(C)(=O)=O)CC3)cc2-c2nc(C)nc(N)n2)cc1C(C)C,0,IC50 (>),5.0,1,CHEMBL3646592
CCS(=O)(=O)c1cnc(Nc2cnc(OC)c(F)c2)c(-c2nc(C)nc(N)n2)c1,0,IC50 (>),5.0,1,CHEMBL3646593
Cc1nc(N)cc(-c2cccnc2Nc2cnc(Cl)c(NS(C)(=O)=O)c2)n1,1,IC50,6.35,1,CHEMBL3646594
COc1ncc(Nc2ncc([C@@H](C)N3CCN(S(C)(=O)=O)CC3)cc2-c2cc(N)nc(C)n2)cc1F,0,IC50 (>),5.0,1,CHEMBL3646595
COc1ncc(Nc2ncc([C@@H](C)N3CCN(S(C)(=O)=O)C[C@@H]3C)cc2-c2cc(N)nc(C)n2)cc1F,0,IC50 (>),5.0,1,CHEMBL3646596
Cc1nc(N)nc(-c2cc([C@@H](C)N3CCN(S(C)(=O)=O)CC3)cnc2Nc2ccc3cccnc3c2)n1,1,IC50,6.9,1,CHEMBL3646600
COc1ncc(Nc2ncc(C(C)CO)cc2-c2nc(C)nc(N)n2)cc1F,0,IC50 (>),5.0,3,CHEMBL3646601
COc1ncc(Nc2ncc(CN3CCN(S(C)(=O)=O)CC3C(F)(F)F)cc2-c2nc(C)nc(N)n2)cc1F,0,IC50 (>),5.0,1,CHEMBL3646603
COc1ncc(Nc2ncc(CN3CCOC[C@@H]3C)cc2-c2nc(C)nc(N)n2)cc1F,0,IC50 (>),5.0,1,CHEMBL3646604
COc1cc(Nc2ncc(CN3CCN(S(C)(=O)=O)C[C@@H]3C)cc2-c2nc(C)nc(N)n2)cnc1Cl,0,IC50 (>),5.0,1,CHEMBL3646605
Cc1nc(N)nc(-c2cc(CN3CCN(S(C)(=O)=O)C[C@@H]3C)cnc2Nc2ccc(Cl)nc2)n1,0,IC50 (>),5.0,1,CHEMBL3646606
COc1ccc(Nc2ncc(C(C)(O)C(F)(F)F)cc2-c2nc(C)nc(N)n2)cn1,1,IC50,6.58,1,CHEMBL3646608
COc1ccc(Nc2ncc([C@H](O)C(F)(F)F)cc2-c2nc(C)nc(N)n2)cn1,1,IC50,6.42,1,CHEMBL3649482
COc1ncc(Nc2ncc(C(N3CCN(S(C)(=O)=O)CC3)C(F)(F)F)cc2-c2nc(C)nc(N)n2)cc1F,0,IC50 (>),5.0,1,CHEMBL3646612
Cc1nc(N)nc(-c2cc(CN3CCN(S(C)(=O)=O)CC3)cnc2Nc2ccc3ccncc3c2)n1,0,IC50 (>),5.0,1,CHEMBL3646613
COc1ncc(Nc2ncc(C(C)N)cc2-c2nc(C)nc(N)n2)cc1F,1,IC50,6.04,1,CHEMBL3646614
Cc1nc(N)nc(-c2cc(C3CCOCC3)cnc2Nc2cnc(Cl)c(NS(C)(=O)=O)c2)n1,1,IC50,7.58,1,CHEMBL2206907
COc1ncc(Nc2ncc(Cl)cc2-c2nc(C)nc(N)n2)cc1NS(C)(=O)=O,0,IC50 (>),5.0,1,CHEMBL2206920
COc1cnc(Nc2cnc(Cl)c(NS(C)(=O)=O)c2)c(-c2nc(C)nc(N)n2)c1,1,IC50,7.3,1,CHEMBL2206903
Cc1nc(N)nc(-c2cc(CN3CCOCC3)cnc2Nc2cnc(Cl)c(NS(C)(=O)=O)c2)n1,1,IC50,6.81,1,CHEMBL2206908
COc1ncc(Nc2ncc(CN3CCN(S(C)(=O)=O)C[C@@H]3C(F)(F)F)cc2-c2nc(C)nc(N)n2)cc1F,1,IC50,6.28,1,CHEMBL3646602
COc1cnc(Nc2cnc(Cl)c(NS(=O)(=O)N3CCOCC3)c2)c(-c2nc(C)nc(N)n2)c1,1,IC50,6.23,1,CHEMBL2206905
COc1ncc(Nc2ncc(CN3CCOCC3)cc2-c2nc(C)nc(N)n2)cc1NS(C)(=O)=O,0,IC50 (>),5.0,1,CHEMBL3646616
Cc1nc(-c2cccnc2Nc2cnc(Cl)c(NS(C)(=O)=O)c2)c2nc[nH]c2n1,1,IC50,7.77,1,CHEMBL3646617
Cc1nc(-c2cc(C(C)N3CCOCC3)cnc2Nc2cnc(Cl)c(NS(C)(=O)=O)c2)c2nc[nH]c2n1,1,IC50,7.34,1,CHEMBL3646618
Cc1nc(-c2cc(C(C)N3CCOCC3)cnc2Nc2cnc(Cl)c(NS(=O)(=O)N(C)C)c2)c2nc[nH]c2n1,1,IC50,7.09,1,CHEMBL3646619
COc1cc(Nc2ncc([C@@H](C)N3CCN(S(C)(=O)=O)CC3)cc2-c2nc(C)nc(N)n2)cnc1Cl,0,IC50 (>),5.0,1,CHEMBL3646620
COc1cc(Nc2ncc(C(C)(C)O)cc2-c2nc(C)nc(N)n2)cnc1Cl,1,IC50,6.32,1,CHEMBL3646621
COc1ncc(Nc2ncc(C3=CCOCC3)cc2-c2nc(C)nc(N)n2)cc1F,0,IC50 (>),5.0,1,CHEMBL3646622
COc1ncc(Nc2ncc(C3CCOCC3)cc2-c2nc(C)nc(N)n2)cc1F,0,IC50 (>),5.0,1,CHEMBL3646623
COc1ncc(Nc2ncc(C(C)(C)O)cc2-c2cc(N)nc(C)n2)cc1F,0,IC50 (>),5.0,1,CHEMBL3646624
COc1ncc(Nc2ncc(C(C)(C)C(=O)O)cc2-c2nc(C)nc(N)n2)cc1F,0,IC50 (>),5.0,1,CHEMBL3646625
COc1ncc(Nc2ncc(C(O)C(C)(C)O)cc2-c2nc(C)nc(N)n2)cc1F,0,IC50 (>),5.0,1,CHEMBL3646626
COc1ncc(Nc2ncc(C(C)O)cc2-c2nc(C)nc(N)n2)cc1F,0,IC50 (>),5.0,1,CHEMBL3646627
COc1ncc(Nc2ncc(C(OC(=O)c3cccc(Cl)c3)C(C)(C)O)cc2-c2nc(C)nc(N)n2)cc1F,0,IC50 (>),5.0,1,CHEMBL3646628
COc1ncc(Nc2ncc(CN3CCN(C(=O)N(C)C(C)C)CC3)cc2-c2nc(C)nc(N)n2)cc1F,0,IC50 (>),5.0,1,CHEMBL3646629
Cc1nc(N)nc(-c2cc([C@@H](C)N3CCN(S(C)(=O)=O)C[C@@H]3C)cnc2Nc2ccc(Cl)nc2)n1,0,IC50 (>),5.0,1,CHEMBL3646633
COc1ncc(Nc2ncc(CN3CCN(S(C)(=O)=O)[C@H](C)C3)cc2-c2nc(C)nc(N)n2)cc1F,0,IC50 (>),5.0,1,CHEMBL3646634
Cc1nc(N)nc(-c2cccnc2Nc2cnc(Cl)c(NS(=O)(=O)C3CC3)c2)n1,1,IC50,6.46,1,CHEMBL2206914
Cc1nc(N)nc(-c2cccnc2Nc2cnc(Cl)c(NS(=O)(=O)N3CCOCC3)c2)n1,1,IC50,6.38,1,CHEMBL2206917
Cc1nc(N)nc(-c2cccnc2Nc2cnc(Cl)c(NS(=O)(=O)N(C)C(C)C)c2)n1,1,IC50,6.38,1,CHEMBL2206916
COc1cnc(Nc2cnc(Cl)c(N)c2)c(-c2nc(C)nc(N)n2)c1,1,IC50,6.58,1,CHEMBL3646635
Cc1nc(N)nc(-c2cc(C(C)N3CCOCC3)cnc2Nc2cnc(Cl)c(NS(C)(=O)=O)c2)n1,1,IC50,6.33,1,CHEMBL3646636
Cc1nc(N)nc(-c2cc(C(C)N3CCOCC3)cnc2Nc2cnc(Cl)c(NS(=O)(=O)N(C)C)c2)n1,1,IC50,6.16,1,CHEMBL3649462
Cc1nc(N)nc(-c2cc([C@@H](C)N3CCOCC3)cnc2Nc2cnc(Cl)c(NS(C)(=O)=O)c2)n1,1,IC50,6.49,1,CHEMBL3649463
Cc1nc(N)nc(-c2cc([C@H](C)N3CCOCC3)cnc2Nc2cnc(Cl)c(NS(C)(=O)=O)c2)n1,1,IC50,6.47,1,CHEMBL3649464
Cc1nc(N)nc(-c2cc([C@@H](C)N3CCOCC3)cnc2Nc2cnc(Cl)c(NS(=O)(=O)N(C)C)c2)n1,1,IC50,6.5,1,CHEMBL3649465
Cc1nc(N)nc(-c2cc([C@H](C)N3CCOCC3)cnc2Nc2cnc(Cl)c(NS(=O)(=O)N(C)C)c2)n1,1,IC50,6.41,1,CHEMBL3649466
Cc1nc(N)nc(-c2cccnc2Nc2cnc(C)c(NS(C)(=O)=O)c2)n1,0,IC50 (>),5.0,1,CHEMBL3649469
Cc1nc(N)nc(-c2cc(Cl)cnc2Nc2cnc(C)c(NS(C)(=O)=O)c2)n1,0,IC50 (>),5.0,1,CHEMBL2206919
C=Cc1cnc(Nc2cnc(Cl)c(NS(C)(=O)=O)c2)c(-c2cc(N)nc(C)n2)c1,1,IC50,6.58,1,CHEMBL3649471
COc1ncc(Nc2ncc(CN3CCN4C(CCS4(=O)=O)C3)cc2-c2nc(C)nc(N)n2)cc1F,0,IC50 (>),5.0,1,CHEMBL3649474
CC(C)[C@H]1COC(=O)N1c1ccn2ncc(-c3ccc(-c4ncc[nH]4)cc3)c2n1,1,IC50,8.62,1,CHEMBL3650227
C[C@H]1COC(=O)N1c1ccn2ncc(-c3ccc(-c4ncc[nH]4)cc3)c2n1,1,IC50,7.63,1,CHEMBL3650228
CC1CN(c2ccn3ncc(-c4ccc(-c5ncc[nH]5)cc4)c3n2)C(=O)O1,1,IC50,7.24,1,CHEMBL3650229
O=C1OC[C@H](c2ccccc2)N1c1ccn2ncc(-c3ccc(-c4ncc[nH]4)cc3)c2n1,1,IC50,8.6,1,CHEMBL3650230
CC(C)[C@H]1COC(=O)N1c1ccn2ncc(-c3ccc(-c4nc[nH]n4)cc3)c2n1,1,IC50,8.32,1,CHEMBL3650231
CC(C)[C@H]1COC(=O)N1c1ccn2ncc(-c3ccc(-c4nc[nH]n4)c(F)c3)c2n1,1,IC50,8.7,1,CHEMBL3650232
Cc1cc(-c2cnn3ccc(N4C(=O)OC[C@@H]4C(C)C)nc23)ccc1-c1nc[nH]n1,1,IC50,7.8,1,CHEMBL3650233
CC(C)[C@H]1COC(=O)N1c1ccn2ncc(-c3ccc(-c4ncn(COP(=O)(O)O)n4)cc3)c2n1,1,IC50,7.91,1,CHEMBL3650234
CC(C)[C@H]1COC(=O)N1c1ccn2ncc(-c3ccc(-c4nnc(N)o4)cc3)c2n1,1,IC50,8.19,1,CHEMBL3650235
CC(C)[C@H]1COC(=O)N1c1ccn2ncc(-c3ccc(-c4nnc(N)s4)cc3)c2n1,1,IC50,8.18,1,CHEMBL3650236
Cc1nnc(-c2ccc(-c3cnn4ccc(N5C(=O)OC[C@@H]5C(C)C)nc34)cc2)[nH]1,1,IC50,8.21,1,CHEMBL3650237
CC(C)[C@H]1COC(=O)N1c1ccn2ncc(-c3ccc(-c4nnc(NCCO)o4)cc3)c2n1,1,IC50,7.72,1,CHEMBL3650238
COc1ccc(CN2C[C@H](C(C)C)N(c3ccn4ncc(-c5ccc(-c6ncc[nH]6)cc5)c4n3)C2=O)cc1,1,IC50,7.34,1,CHEMBL3650239
CC(C)[C@H]1CNC(=O)N1c1ccn2ncc(-c3ccc(-c4ncc[nH]4)cc3)c2n1,1,IC50,8.09,1,CHEMBL3653527
CC(C)[C@H]1CN(CCO)C(=O)N1c1ccn2ncc(-c3ccc(-c4ncc[nH]4)cc3)c2n1,1,IC50,8.77,1,CHEMBL3653528
CC(C)[C@H]1CN(CCCO)C(=O)N1c1ccn2ncc(-c3ccc(-c4ncc[nH]4)cc3)c2n1,1,IC50,8.82,1,CHEMBL3653529
COCCN1C[C@H](C(C)C)N(c2ccn3ncc(-c4ccc(-c5ncc[nH]5)cc4)c3n2)C1=O,1,IC50,8.28,1,CHEMBL3653530
O=C1N[C@@H]2CCCC[C@@H]2N1c1ccn2ncc(-c3ccc(-c4ncc[nH]4)cc3)c2n1,1,IC50,8.02,1,CHEMBL3653531
O=C1N[C@H]2CCCC[C@@H]2N1c1ccn2ncc(-c3ccc(-c4ncc[nH]4)cc3)c2n1,1,IC50,7.74,1,CHEMBL3653532
CC(C)[C@H]1CN(C[C@H](O)CO)C(=O)N1c1ccn2ncc(-c3ccc(-c4ncc[nH]4)cc3)c2n1,1,IC50,8.57,1,CHEMBL3653533
CC(C)[C@H]1CN(CC2CCNCC2)C(=O)N1c1ccn2ncc(-c3ccc(-c4ncc[nH]4)cc3)c2n1,1,IC50,7.75,1,CHEMBL3653534
CC(C)[C@H]1CN(CC2CCN(C)CC2)C(=O)N1c1ccn2ncc(-c3ccc(-c4ncc[nH]4)cc3)c2n1,1,IC50,7.91,1,CHEMBL3653535
CC(C)[C@H]1COC(=O)N1c1ccn2ncc(-c3ccc(-c4nc[nH]n4)cc3Cl)c2n1,1,IC50,7.32,1,CHEMBL3653536
CC(C)[C@H]1COC(=O)N1c1ccn2ncc(-c3ccc(-c4nc[nH]n4)cc3F)c2n1,1,IC50,7.56,1,CHEMBL3653537
CC(C)[C@H]1CN(CCO)C(=O)N1c1ccn2ncc(-c3ccc(-c4nc[nH]n4)cc3)c2n1,1,IC50,8.6,1,CHEMBL3653538
CC(C)[C@H]1CNC(=O)N1c1ccn2ncc(-c3ccc(-c4nc[nH]n4)cc3)c2n1,1,IC50,8.33,1,CHEMBL3653539
CC(C)[C@H]1CN(C)C(=O)N1c1ccn2ncc(-c3ccc(-c4nc[nH]n4)cc3)c2n1,1,IC50,8.03,1,CHEMBL3653540
CC(C)[C@H]1CN(CCCO)C(=O)N1c1ccn2ncc(-c3ccc(-c4nc[nH]n4)cc3)c2n1,1,IC50,8.08,1,CHEMBL3653541
CC(C)[C@H]1CN(CCN2CCCC2)C(=O)N1c1ccn2ncc(-c3ccc(-c4nc[nH]n4)cc3)c2n1,1,IC50,7.16,1,CHEMBL3653542
CC(C)[C@H]1CN(CCN2CC[C@@H](F)C2)C(=O)N1c1ccn2ncc(-c3ccc(-c4nc[nH]n4)cc3)c2n1,1,IC50,8.01,1,CHEMBL3653543
CC(C)[C@H]1CN(CCN2CC[C@H](F)C2)C(=O)N1c1ccn2ncc(-c3ccc(-c4nc[nH]n4)cc3)c2n1,1,IC50,7.71,1,CHEMBL3653544
CC(C)[C@H]1CN(CCN2CC[C@@H](O)C2)C(=O)N1c1ccn2ncc(-c3ccc(-c4nc[nH]n4)cc3)c2n1,1,IC50,7.57,1,CHEMBL3653545
CO[C@@H]1CCN(CCN2C[C@H](C(C)C)N(c3ccn4ncc(-c5ccc(-c6nc[nH]n6)cc5)c4n3)C2=O)C1,1,IC50,7.68,1,CHEMBL3653546
CC(C)[C@H]1CN(CCN2CCOCC2)C(=O)N1c1ccn2ncc(-c3ccc(-c4nc[nH]n4)cc3)c2n1,1,IC50,8.12,1,CHEMBL3653547
CC(C)[C@H]1CN(CCN2CC3CCC(C2)O3)C(=O)N1c1ccn2ncc(-c3ccc(-c4nc[nH]n4)cc3)c2n1,1,IC50,8.29,1,CHEMBL3653548
CC(C)[C@H]1CN(CCN2CCNC(=O)C2)C(=O)N1c1ccn2ncc(-c3ccc(-c4nc[nH]n4)cc3)c2n1,1,IC50,8.1,1,CHEMBL3653549
COCCOCCN1C[C@H](C(C)C)N(c2ccn3ncc(-c4ccc(-c5nc[nH]n5)cc4)c3n2)C1=O,1,IC50,7.79,1,CHEMBL3653550
CC(C)[C@H]1CN(CC2CCNCC2)C(=O)N1c1ccn2ncc(-c3ccc(-c4nc[nH]n4)cc3)c2n1,1,IC50,7.69,1,CHEMBL3653551
CC(C)[C@H]1CN(CCC2CCCNC2)C(=O)N1c1ccn2ncc(-c3ccc(-c4nc[nH]n4)cc3)c2n1,1,IC50,7.56,1,CHEMBL3653552
CC(C)[C@H]1CN(CCC2CCCN(C)C2)C(=O)N1c1ccn2ncc(-c3ccc(-c4nc[nH]n4)cc3)c2n1,1,IC50,7.14,1,CHEMBL3653553
CC(C)[C@H]1CN(C[C@@H]2COCCN2)C(=O)N1c1ccn2ncc(-c3ccc(-c4nc[nH]n4)cc3)c2n1,1,IC50,7.79,1,CHEMBL3653554
CC(C)[C@H]1CN(C2CCNCC2)C(=O)N1c1ccn2ncc(-c3ccc(-c4nc[nH]n4)cc3)c2n1,1,IC50,7.65,1,CHEMBL3653555
CCN1CCC(N2C[C@H](C(C)C)N(c3ccn4ncc(-c5ccc(-c6nc[nH]n6)cc5)c4n3)C2=O)CC1,1,IC50,7.23,1,CHEMBL3653556
CC(C)[C@H]1CN(C[C@H]2CCCN2)C(=O)N1c1ccn2ncc(-c3ccc(-c4nc[nH]n4)cc3)c2n1,1,IC50,7.39,1,CHEMBL3653557
CCN1CCC[C@@H]1CN1C[C@H](C(C)C)N(c2ccn3ncc(-c4ccc(-c5nc[nH]n5)cc4)c3n2)C1=O,1,IC50,7.29,1,CHEMBL3653558
CC(C)[C@H]1CN(C[C@H]2CNCCO2)C(=O)N1c1ccn2ncc(-c3ccc(-c4nc[nH]n4)cc3)c2n1,1,IC50,7.43,1,CHEMBL3653559
CCN1CCO[C@@H](CN2C[C@H](C(C)C)N(c3ccn4ncc(-c5ccc(-c6nc[nH]n6)cc5)c4n3)C2=O)C1,1,IC50,7.53,1,CHEMBL3653560
CC(C)[C@H]1CN(C[C@H](O)CO)C(=O)N1c1ccn2ncc(-c3ccc(-c4nc[nH]n4)cc3)c2n1,1,IC50,8.12,1,CHEMBL3653561
CC(C)[C@H]1CN(C[C@@H](O)CO)C(=O)N1c1ccn2ncc(-c3ccc(-c4nc[nH]n4)cc3)c2n1,1,IC50,7.94,1,CHEMBL3653562
CC(C)[C@H]1CN(C2CNC2)C(=O)N1c1ccn2ncc(-c3ccc(-c4nc[nH]n4)cc3)c2n1,1,IC50,7.65,1,CHEMBL3653563
CCN1CC(N2C[C@H](C(C)C)N(c3ccn4ncc(-c5ccc(-c6nc[nH]n6)cc5)c4n3)C2=O)C1,1,IC50,7.37,1,CHEMBL3653564
CC(C)[C@H]1CN(CC2CCNCC2)C(=O)N1c1ccn2ncc(-c3ccc(-c4nc[nH]n4)c(F)c3)c2n1,1,IC50,8.24,1,CHEMBL3653565
CC(C)[C@H]1CN(CC2CCN(C)CC2)C(=O)N1c1ccn2ncc(-c3ccc(-c4nc[nH]n4)c(F)c3)c2n1,1,IC50,7.72,1,CHEMBL3653566
CCN1CCC(CN2CC(C(C)C)N(c3ccn4ncc(-c5ccc(-c6nc[nH]n6)c(F)c5)c4n3)C2=O)CC1,1,IC50,7.67,1,CHEMBL3653567
Cc1cc(-c2nc[nH]n2)ccc1-c1cnn2ccc(N3C(=O)OC[C@@H]3C(C)C)nc12,1,IC50,7.72,1,CHEMBL3653568
CC(C)[C@H]1COC(=O)N1c1ccn2ncc(-c3ccc(-c4nc[nH]n4)c(Cl)c3)c2n1,1,IC50,8.55,1,CHEMBL3653569
CC(C)[C@H]1COC(=O)N1c1ccn2ncc(-c3ccc(-c4ncn(CC(=O)O)n4)cc3)c2n1,1,IC50,6.55,1,CHEMBL3639524
CC(C)[C@H]1COC(=O)N1c1ccn2ncc(-c3ccc(-c4ncn(CCO)n4)cc3)c2n1,1,IC50,6.72,1,CHEMBL3653570
CCN1CC(N2CC(C(C)C)N(c3ccn4ncc(-c5ccc(-c6nc[nH]n6)c(F)c5)c4n3)C2=O)C1,1,IC50,7.66,1,CHEMBL3653572
O=C1OC[C@H](C2CCCCC2)N1c1ccn2ncc(-c3ccc(-c4nc[nH]n4)cc3)c2n1,1,IC50,8.46,1,CHEMBL3653573
O=C1OC[C@H](C2CCCCC2)N1c1ccn2ncc(-c3ccc(-c4nc[nH]n4)c(F)c3)c2n1,1,IC50,8.8,1,CHEMBL3653574
O=C1OC(C(F)(F)F)CN1c1ccn2ncc(-c3ccc(-c4nc[nH]n4)cc3)c2n1,1,IC50,7.25,1,CHEMBL3653575
O=C1OC[C@H](c2ccccc2)N1c1ccn2ncc(-c3ccc(-c4nc[nH]n4)cc3)c2n1,1,IC50,8.38,1,CHEMBL3653576
O=C1O[C@@H]2CCC[C@@H]2N1c1ccn2ncc(-c3ccc(-c4nc[nH]n4)cc3)c2n1,1,IC50,7.79,1,CHEMBL3653577
CC(C)[C@H]1CN(CCN2CCNCC2)C(=O)N1c1ccn2ncc(-c3ccc(-c4nc[nH]n4)cc3)c2n1,1,IC50,7.5,1,CHEMBL3653578
CC(C)[C@H]1CN(CCN2CCN(C)CC2)C(=O)N1c1ccn2ncc(-c3ccc(-c4nc[nH]n4)cc3)c2n1,1,IC50,7.66,1,CHEMBL3653579
CC(C)C[C@H]1COC(=O)N1c1ccn2ncc(-c3ccc(-c4nc[nH]n4)cc3)c2n1,1,IC50,8.12,1,CHEMBL3653580
O=C1OCC(c2ccccn2)N1c1ccn2ncc(-c3ccc(-c4nc[nH]n4)cc3)c2n1,1,IC50,7.31,1,CHEMBL3653581
O=C1OCC(c2ccccn2)N1c1ccn2ncc(-c3ccc(-c4nc[nH]n4)c(F)c3)c2n1,1,IC50,8.13,1,CHEMBL3653582
O=C1OC[C@H](c2ccccc2)N1c1ccn2ncc(-c3ccc(-c4nc[nH]n4)c(F)c3)c2n1,1,IC50,8.7,1,CHEMBL3653583
CCC[C@H]1COC(=O)N1c1ccn2ncc(-c3ccc(-c4nc[nH]n4)c(F)c3)c2n1,1,IC50,8.8,1,CHEMBL3653584
CC(C)[C@H]1CN(C[C@H]2CCCN2)C(=O)N1c1ccn2ncc(-c3ccc(-c4nc[nH]n4)c(F)c3)c2n1,1,IC50,7.96,1,CHEMBL3653585
CC(C)[C@H]1CN(C[C@H]2CCCN2C(C)C)C(=O)N1c1ccn2ncc(-c3ccc(-c4nc[nH]n4)c(F)c3)c2n1,1,IC50,7.85,1,CHEMBL3653586
CC[C@H]1COC(=O)N1c1ccn2ncc(-c3ccc(-c4nc[nH]n4)cc3)c2n1,1,IC50,7.83,1,CHEMBL3653587
CCC[C@H]1COC(=O)N1c1ccn2ncc(-c3ccc(-c4nc[nH]n4)cc3)c2n1,1,IC50,8.19,1,CHEMBL3653588
O=C1OC[C@H](Cc2ccccc2)N1c1ccn2ncc(-c3ccc(-c4nc[nH]n4)cc3)c2n1,1,IC50,7.77,1,CHEMBL3653589
CC[C@H]1COC(=O)N1c1ccn2ncc(-c3ccc(-c4nc[nH]n4)c(F)c3)c2n1,1,IC50,7.5,1,CHEMBL3653590
O=C1OC[C@H](Cc2ccccc2)N1c1ccn2ncc(-c3ccc(-c4nc[nH]n4)c(F)c3)c2n1,1,IC50,8.11,1,CHEMBL3653591
O=C1OC[C@H](CC2CC2)N1c1ccn2ncc(-c3ccc(-c4nc[nH]n4)c(F)c3)c2n1,1,IC50,8.64,1,CHEMBL3653592
O=C1OC[C@H](C2CC2)N1c1ccn2ncc(-c3ccc(-c4nc[nH]n4)c(F)c3)c2n1,1,IC50,8.35,1,CHEMBL3653593
O=C1OC[C@H](C2CCOCC2)N1c1ccn2ncc(-c3ccc(-c4nc[nH]n4)c(F)c3)c2n1,1,IC50,8.36,1,CHEMBL3653594
O=C1OCC(C2CCNCC2)N1c1ccn2ncc(-c3ccc(-c4nc[nH]n4)c(F)c3)c2n1,1,IC50,6.59,1,CHEMBL3653595
O=C1OC[C@H](c2cccnc2)N1c1ccn2ncc(-c3ccc(-c4nc[nH]n4)c(F)c3)c2n1,1,IC50,8.62,1,CHEMBL3653596
Cc1csc([C@H]2COC(=O)N2c2ccn3ncc(-c4ccc(-c5nc[nH]n5)c(F)c4)c3n2)n1,1,IC50,8.19,1,CHEMBL3653597
Cc1csc([C@@H]2COC(=O)N2c2ccn3ncc(-c4ccc(-c5nc[nH]n5)c(F)c4)c3n2)n1,1,IC50,7.52,1,CHEMBL3653598
Cc1cccc([C@H]2COC(=O)N2c2ccn3ncc(-c4ccc(-c5nc[nH]n5)c(F)c4)c3n2)n1,1,IC50,8.47,1,CHEMBL3653599
Cc1ccc([C@H]2COC(=O)N2c2ccn3ncc(-c4ccc(-c5nc[nH]n5)c(F)c4)c3n2)cn1,1,IC50,7.67,1,CHEMBL3653600
Cc1ccc([C@@H]2COC(=O)N2c2ccn3ncc(-c4ccc(-c5nc[nH]n5)c(F)c4)c3n2)cn1,1,IC50,7.36,1,CHEMBL3653601
Cc1nc([C@H]2COC(=O)N2c2ccn3ncc(-c4ccc(-c5nc[nH]n5)c(F)c4)c3n2)cs1,1,IC50,8.19,1,CHEMBL3653602
Cc1nc(-c2ccc(-c3cnn4ccc(N5C(=O)OC[C@@H]5c5ccc(F)cc5)nc34)cc2)n[nH]1,1,IC50,8.34,1,CHEMBL3653603
O=C1O[C@@H]2CCCC[C@@H]2N1c1ccn2ncc(-c3ccc(-c4nc[nH]n4)cc3)c2n1,1,IC50,7.79,1,CHEMBL3653604
O=C1O[C@@H]2CCCC[C@@H]2N1c1ccn2ncc(-c3ccc(-c4nc[nH]n4)c(F)c3)c2n1,1,IC50,8.24,1,CHEMBL3653605
CC(C)[C@H]1COC(=O)N1c1ccn2ncc(-c3cc(F)c(-c4nc[nH]n4)c(F)c3)c2n1,1,IC50,7.85,1,CHEMBL3653606
O=C1OC[C@H](c2ccc(F)c(Cl)c2)N1c1ccn2ncc(-c3ccc(-c4nc[nH]n4)cc3)c2n1,1,IC50,8.92,1,CHEMBL3653607
O=C1OC[C@H](c2ccc(F)c(Cl)c2)N1c1ccn2ncc(-c3ccc(-c4nc[nH]n4)c(F)c3)c2n1,1,IC50,9.29,1,CHEMBL3653608
O=C1OC[C@H](C2CCCC2)N1c1ccn2ncc(-c3ccc(-c4nc[nH]n4)c(F)c3)c2n1,1,IC50,8.77,1,CHEMBL3653609
O=C1OC[C@@H](c2ccc(Cl)cc2)N1c1ccn2ncc(-c3ccc(-c4nc[nH]n4)c(F)c3)c2n1,1,IC50,6.04,1,CHEMBL3653610
O=C1OC[C@@H](c2ccc(F)cc2F)N1c1ccn2ncc(-c3ccc(-c4nc[nH]n4)c(F)c3)c2n1,1,IC50,7.05,1,CHEMBL3653611
O=C1OC[C@@H](c2ccc(F)c(F)c2)N1c1ccn2ncc(-c3ccc(-c4nc[nH]n4)cc3)c2n1,1,IC50,6.23,1,CHEMBL3653612
O=C1OC[C@@H](c2ccc(F)c(F)c2)N1c1ccn2ncc(-c3ccc(-c4nc[nH]n4)c(F)c3)c2n1,1,IC50,7.57,1,CHEMBL3653613
C[C@]1(c2ccccc2)COC(=O)N1c1ccn2ncc(-c3ccc(-c4nc[nH]n4)cc3)c2n1,1,IC50,7.91,1,CHEMBL3653614
O=C1OC[C@H](c2ccc(F)c(F)c2)N1c1ccn2ncc(-c3ccc(-c4nc[nH]n4)c(F)c3)c2n1,1,IC50,9.06,1,CHEMBL3653615
O=C1OCC(c2ccccc2N2CCNCC2)N1c1ccn2ncc(-c3ccc(-c4nc[nH]n4)c(F)c3)c2n1,1,IC50,8.0,1,CHEMBL3653616
O=C1OC[C@H](c2ccc(F)cn2)N1c1ccn2ncc(-c3ccc(-c4nc[nH]n4)c(F)c3)c2n1,1,IC50,9.29,2,CHEMBL3653617
O=C1OC[C@H](c2ccccn2)N1c1ccn2ncc(-c3ccc(-c4nc[nH]n4)cc3)c2n1,1,IC50,7.92,1,CHEMBL3653618
O=C1OC[C@@H](c2ccccn2)N1c1ccn2ncc(-c3ccc(-c4nc[nH]n4)cc3)c2n1,1,IC50,6.3,1,CHEMBL3653619
O=C1OCC(c2ccccn2)N1c1ccn2ncc(-c3ccc(-c4nc[nH]n4)c(Cl)c3)c2n1,1,IC50,8.3,1,CHEMBL3653620
O=C1OC[C@H](c2ccc(F)cc2)N1c1ccn2ncc(-c3ccc(-c4nc[nH]n4)c(F)c3)c2n1,1,IC50,9.29,1,CHEMBL3653621
O=C1OC[C@H](c2ccc(F)cc2)N1c1ccn2ncc(-c3ccc(-c4nc[nH]n4)cc3)c2n1,1,IC50,8.64,1,CHEMBL3653622
O=C1OC[C@H](c2ccccc2F)N1c1ccn2ncc(-c3ccc(-c4nc[nH]n4)c(F)c3)c2n1,1,IC50,7.44,1,CHEMBL3653623
O=C1OC[C@H](c2ccc(C(F)(F)F)cn2)N1c1ccn2ncc(-c3ccc(-c4nc[nH]n4)c(F)c3)c2n1,1,IC50,8.59,1,CHEMBL3653624
O=C1OC[C@H](c2cccc(F)c2)N1c1ccn2ncc(-c3ccc(-c4nc[nH]n4)c(F)c3)c2n1,1,IC50,8.89,1,CHEMBL3653625
O=C1OC[C@H](c2ccc(F)cn2)N1c1ccn2ncc(-c3ccc(-c4nc[nH]n4)cc3)c2n1,1,IC50,8.57,1,CHEMBL3653626
O=C1OC[C@H](c2ccc(Cl)cn2)N1c1ccn2ncc(-c3ccc(-c4nc[nH]n4)c(F)c3)c2n1,1,IC50,8.7,1,CHEMBL3653627
Cc1ccc([C@H]2COC(=O)N2c2ccn3ncc(-c4ccc(-c5nc[nH]n5)c(F)c4)c3n2)nc1,1,IC50,8.03,1,CHEMBL3653628
O=C1OC[C@@H](c2ccc(F)cn2)N1c1ccn2ncc(-c3ccc(-c4nc[nH]n4)c(F)c3)c2n1,1,IC50,7.9,1,CHEMBL3653629
COc1ccccc1[C@H]1COC(=O)N1c1ccn2ncc(-c3ccc(-c4nc[nH]n4)c(F)c3)c2n1,1,IC50,8.77,1,CHEMBL3653630
COc1ccc([C@H]2COC(=O)N2c2ccn3ncc(-c4ccc(-c5nc[nH]n5)c(F)c4)c3n2)cc1,1,IC50,7.69,1,CHEMBL3653631
CCOC[C@H]1COC(=O)N1c1ccn2ncc(-c3ccc(-c4nc[nH]n4)c(F)c3)c2n1,1,IC50,7.82,1,CHEMBL3653632
COCC1(C)COC(=O)N1c1ccn2ncc(-c3ccc(-c4nc[nH]n4)c(F)c3)c2n1,1,IC50,8.18,1,CHEMBL3653633
CO[C@@H](C)[C@H]1COC(=O)N1c1ccn2ncc(-c3ccc(-c4nc[nH]n4)c(F)c3)c2n1,1,IC50,8.13,1,CHEMBL3653634
Cc1ccnc([C@H]2COC(=O)N2c2ccn3ncc(-c4ccc(-c5nc[nH]n5)c(F)c4)c3n2)c1,1,IC50,7.97,1,CHEMBL3653635
Cc1ccnc([C@H]2COC(=O)N2c2ccn3ncc(-c4ccc(-c5nc[nH]n5)cc4)c3n2)c1,1,IC50,7.94,1,CHEMBL3653636
COc1cccc([C@H]2COC(=O)N2c2ccn3ncc(-c4ccc(-c5nc[nH]n5)c(F)c4)c3n2)n1,1,IC50,8.57,1,CHEMBL3653637
COc1cccc([C@H]2COC(=O)N2c2ccn3ncc(-c4ccc(-c5nc[nH]n5)cc4)c3n2)n1,1,IC50,8.12,1,CHEMBL3653638
Cc1nc([C@H]2COC(=O)N2c2ccn3ncc(-c4ccc(-c5nc[nH]n5)c(F)c4)c3n2)ccc1F,1,IC50,9.1,1,CHEMBL3653639
Cc1nc([C@H]2COC(=O)N2c2ccn3ncc(-c4ccc(-c5nc[nH]n5)cc4)c3n2)ccc1F,1,IC50,8.7,1,CHEMBL3653640
Cc1cc([C@H]2COC(=O)N2c2ccn3ncc(-c4ccc(-c5nc[nH]n5)c(F)c4)c3n2)ncc1F,1,IC50,8.6,1,CHEMBL3653641
Cc1cc([C@H]2COC(=O)N2c2ccn3ncc(-c4ccc(-c5nc[nH]n5)cc4)c3n2)ncc1F,1,IC50,8.4,1,CHEMBL3653642
O=C1OC[C@H](c2ccccc2Cl)N1c1ccn2ncc(-c3ccc(-c4nc[nH]n4)c(F)c3)c2n1,1,IC50,7.6,1,CHEMBL3653643
O=C1OC[C@H](c2cccc(Cl)c2)N1c1ccn2ncc(-c3ccc(-c4nc[nH]n4)c(F)c3)c2n1,1,IC50,8.8,1,CHEMBL3653644
O=C1O[C@@H]2Cc3ccccc3[C@@H]2N1c1ccn2ncc(-c3ccc(-c4nc[nH]n4)c(F)c3)c2n1,1,IC50,7.84,1,CHEMBL3653645
O=C1OC[C@H](c2ccc(F)cc2)N1c1ccn2ncc(-c3ccc(-c4cc[nH]n4)cc3)c2n1,1,IC50,8.31,1,CHEMBL3653646
CCn1cccc([C@H]2COC(=O)N2c2ccn3ncc(-c4ccc(-c5nc[nH]n5)c(F)c4)c3n2)c1=O,1,IC50,7.3,1,CHEMBL3653647
Cc1ccc(F)c([C@H]2COC(=O)N2c2ccn3ncc(-c4ccc(-c5nc[nH]n5)c(F)c4)c3n2)n1,1,IC50,8.19,1,CHEMBL3653648
Nc1nnc(-c2ccc(-c3cnn4ccc(N5C(=O)OC[C@@H]5c5ccc(F)cc5)nc34)cc2)o1,1,IC50,8.35,1,CHEMBL3653649
O=C1OC[C@H](c2ccccn2)N1c1ccn2ncc(-c3ccc(-c4ncc[nH]4)cc3)c2n1,1,IC50,7.89,1,CHEMBL3653650
O=C1OC[C@H](c2ccc(F)cn2)N1c1ccn2ncc(-c3ccc(-c4ncn(COP(=O)(O)O)n4)c(F)c3)c2n1,1,IC50,7.95,1,CHEMBL3653651
Cn1ncnc1-c1ccc(-c2cnn3ccc(N4C(=O)OC[C@@H]4c4ccc(F)cn4)nc23)cc1F,1,IC50,6.07,1,CHEMBL3653652
Cn1cnc(-c2ccc(-c3cnn4ccc(N5C(=O)OC[C@@H]5c5ccc(F)cn5)nc34)cc2F)n1,1,IC50,7.84,1,CHEMBL3653653
Nc1nnc(-c2ccc(-c3cnn4ccc(N5C(=O)OC[C@@H]5c5ccc(F)cn5)nc34)cc2F)o1,1,IC50,8.2,1,CHEMBL3653654
O=C1OC[C@H](c2ccccn2)N1c1ccn2ncc(-c3ccc(-c4ncn(COP(=O)(O)O)n4)c(F)c3)c2n1,1,IC50,7.43,1,CHEMBL3653655
Oc1cccc(-c2cc3c(N4CCOCC4)nc(N4CCOCC4)nc3[nH]2)c1,1,IC50,7.4,1,CHEMBL3667417
C[C@H]1COCCN1c1nc(N2CCOC[C@@H]2C)c2nc(-c3ccnc4[nH]ccc34)[nH]c2n1,1,IC50,6.29,1,CHEMBL3667418
C[C@H]1COCCN1c1nc(N2CCC(F)(F)CC2)nc2[nH]c(-c3ccnc4[nH]ccc34)nc12,1,IC50,6.82,1,CHEMBL3667420
C[C@H]1COCCN1c1nc(N2CCOC[C@@H]2C)c2nc(-c3ccc4[nH]c(=O)[nH]c4c3)[nH]c2n1,1,IC50,7.52,1,CHEMBL3667421
c1cc(-c2nc3c(N4CC5CCC(C4)O5)nc(N4CCOCC4)nc3[nH]2)c2cc[nH]c2c1,1,IC50,7.39,1,CHEMBL3667423
C[C@H]1COCCN1c1nc(N2CCOCC2)nc2[nH]c(-c3cnc4cc[nH]c4c3)nc12,1,IC50,6.33,1,CHEMBL3667428
C[C@H]1COCCN1c1nc(N2CCOC[C@@H]2C)c2nc(-c3ccc4cc[nH]c4c3)[nH]c2n1,1,IC50,8.15,2,CHEMBL3667429
C[C@@H]1COCCN1c1nc(N2CCOC[C@H]2C)c2nc(-c3cccc4[nH]ccc34)[nH]c2n1,1,IC50,8.05,2,CHEMBL3639662
C[C@H]1COCCN1c1nc(N2CCC(O)CC2)nc2[nH]c(-c3cccc4[nH]ccc34)nc12,1,IC50,6.8,1,CHEMBL3667430
COc1cc(CO)cc(-c2nc3c(N4CCOC[C@@H]4C)nc(N4CCOC[C@@H]4C)nc3[nH]2)c1,1,IC50,6.4,1,CHEMBL3667431
C[C@@H]1COCCN1c1nc(N2CCOC[C@@H]2C)c2nc(-c3cccc4[nH]ccc34)[nH]c2n1,1,IC50,7.34,1,CHEMBL3667432
C[C@@H]1COCCN1c1nc(N2CCOC[C@H]2C)c2nc(-c3cc(CO)ccc3F)[nH]c2n1,1,IC50,6.87,1,CHEMBL3667433
C[C@@H]1COCCN1c1nc(N2CCOCC2)nc2[nH]c(-c3cccc4[nH]ccc34)nc12,1,IC50,8.22,2,CHEMBL3667434
C[C@@H]1COCCN1c1nc(N2CCOCC2)nc2[nH]c(-c3ccc4cc[nH]c4c3)nc12,1,IC50,6.62,1,CHEMBL3667435
C[C@H]1COCCN1c1nc(N2CCOC[C@@H]2C)c2nc(-c3cccc4[nH]ccc34)[nH]c2n1,1,IC50,8.3,2,CHEMBL3667436
C[C@H]1COCCN1c1nc(N2CCOCC2)nc2[nH]c(-c3cccc4[nH]ccc34)nc12,1,IC50,7.85,2,CHEMBL3667437
C[C@H]1COCCN1c1nc(N2CCOCC2)nc2[nH]c(-c3ccc4cc[nH]c4c3)nc12,1,IC50,7.07,1,CHEMBL3667438
COC1CCN(c2nc(N3CCOCC3)c3nc(-c4cccc5[nH]ccc45)[nH]c3n2)CC1,1,IC50,6.76,1,CHEMBL3667439
c1cc(-c2nc3c(N4CCOCC4)nc(N4CCOCC4)nc3[nH]2)c2cc[nH]c2c1,1,IC50,8.1,2,CHEMBL3667440
c1cc(-c2nc3c(N4CCOCC4)nc(N4CCOCC4)nc3[nH]2)c2cn[nH]c2c1,1,IC50,6.47,1,CHEMBL3667441
c1cc2ccc(-c3nc4c(N5CCOCC5)nc(N5CCOCC5)nc4[nH]3)cc2[nH]1,1,IC50,6.43,1,CHEMBL3667442
CS(=O)(=O)Nc1cccc(-c2nc3c(N4CCOCC4)nc(N4CCOCC4)nc3[nH]2)c1,1,IC50,6.42,1,CHEMBL3667447
Cc1nccc(-c2ccc(C(=O)N3CCN(C4CC4)CC3)c(Cl)c2)c1C#Cc1ccc(N)nc1,1,IC50,9.18,1,CHEMBL3701053
Cc1nccc(-c2ccc(C(=O)N3CCN(C4CC4)CC3)c(F)c2)c1C#Cc1ccc(N)nc1,1,IC50,8.7,1,CHEMBL3701054
CNc1ccc(C#Cc2c(-c3ccc(S(C)(=O)=O)cc3)ccnc2C)cn1,1,IC50,8.15,1,CHEMBL3701055
Cc1nccc(-c2ccc(C(=O)N3CCN(C)CC3)c(F)c2)c1C#Cc1ccc(N)nc1,1,IC50,8.15,1,CHEMBL3701056
Cc1cc(-c2ccnc(C)c2C#Cc2ccc(N)nc2)ccn1,1,IC50,6.63,1,CHEMBL3701057
Cc1nccc(-c2ccc(C(=O)N3CCN(C4CCCC4)CC3)c(F)c2)c1C#Cc1ccc(N)nc1,1,IC50,8.3,1,CHEMBL3701058
Cc1nccc(-c2ccc(C(=O)N3CCCC3)c(Cl)c2)c1C#Cc1ccc(N)nc1,1,IC50,8.4,1,CHEMBL3701059
Cc1nccc(-c2ccc(C(=O)N3CCN(C)CC3)c(Cl)c2)c1C#Cc1ccc(N)nc1,1,IC50,8.7,1,CHEMBL3701060
Cc1nccc(-c2ccc(C(=O)N3CCN(C4CCCC4)CC3)c(Cl)c2)c1C#Cc1ccc(N)nc1,1,IC50,8.4,1,CHEMBL3701061
Cc1nccc(-c2ccc(C(=O)N3CCOCC3)c(Cl)c2)c1C#Cc1ccc(N)nc1,1,IC50,8.52,1,CHEMBL3701062
Cc1nccc(-c2ccc(C(=O)N(C)C)c(Cl)c2)c1C#Cc1ccc(N)nc1,1,IC50,9.0,1,CHEMBL3701063
CCc1nccc(-c2ccc(S(C)(=O)=O)cc2)c1C#Cc1ccc(N)nc1,1,IC50,7.77,1,CHEMBL3701064
Cc1nccc(-c2ccc(C(=O)N3CCN(C4CC4)CC3)cc2)c1C#Cc1ccc(N)nc1,1,IC50,8.1,1,CHEMBL3701065
Cc1nccc(-c2ccc(C(=O)N(C)C)cc2)c1C#Cc1ccc(N)nc1,1,IC50,8.52,1,CHEMBL3701066
Cc1nccc(-c2ccc(C(=O)N3CCOCC3)cc2)c1C#Cc1ccc(N)nc1,1,IC50,8.15,1,CHEMBL3701067
Cc1nccc(-c2ccc(C(=O)N3CCN(C)CC3)cc2)c1C#Cc1ccc(N)nc1,1,IC50,8.15,1,CHEMBL3701068
CCc1nccc(-c2ccnc(C)c2)c1C#Cc1ccc(N)nc1,1,IC50,8.0,1,CHEMBL3701069
CCc1nccc(-c2ccc(C(=O)NC)c(Cl)c2)c1C#Cc1ccc(N)nc1,1,IC50,8.3,1,CHEMBL3701070
CCc1nccc(-c2ccc(C(C)(C)C#N)cc2)c1C#Cc1ccc(N)nc1,1,IC50,7.03,1,CHEMBL3701071
CCc1cc(-c2ccnc(CC)c2C#Cc2ccc(N)nc2)ccn1,1,IC50,8.05,1,CHEMBL3701072
CCc1nccc(-c2cc(C)nc(C)c2)c1C#Cc1ccc(N)nc1,1,IC50,7.11,1,CHEMBL3701073
CCc1nccc(-c2ccc(C3CC3)nc2)c1C#Cc1ccc(N)nc1,1,IC50,7.33,1,CHEMBL3701074
CCc1nccc(-c2ccc(C(F)(F)F)nc2)c1C#Cc1ccc(N)nc1,1,IC50,7.58,1,CHEMBL3701075
CCc1nccc(-c2ccc(C(=O)N3CCOCC3)c(F)c2)c1C#Cc1ccc(N)nc1,1,IC50,8.52,1,CHEMBL3701076
CCc1nccc(-c2ccc(C(=O)N3CCNCC3)c(F)c2)c1C#Cc1ccc(N)nc1,1,IC50,8.4,1,CHEMBL3701077
CCc1nccc(-c2ccc(C(=O)N3CCN(C)CC3)c(F)c2)c1C#Cc1ccc(N)nc1,1,IC50,8.7,1,CHEMBL3701078
CCc1nccc(-c2ccc(C(=O)N3CCN(C)CC3)c(F)c2)c1C#Cc1ccc(NC)nc1,1,IC50,7.96,1,CHEMBL3701080
CCc1nccc(-c2ccc(C(=O)N3CCN(C)CC3)c(OC)c2)c1C#Cc1ccc(N)nc1,1,IC50,8.22,1,CHEMBL3701081
CCc1nccc(-c2ccc(C(=O)N3CCN(CC)CC3)c(F)c2)c1C#Cc1ccc(N)nc1,1,IC50,8.7,1,CHEMBL3701082
CCc1nccc(-c2ccc(C(=O)N3CCN(CC)CC3)c(F)c2)c1C#Cc1ccc(NC)nc1,1,IC50,8.05,1,CHEMBL3701084
CCc1nccc(-c2ccc(C(=O)N3CCN(CC)CC3)c(OC)c2)c1C#Cc1ccc(N)nc1,1,IC50,7.5,1,CHEMBL3701085
CCc1nccc(-c2ccc(C(=O)N3CCN(C4CC4)CC3)c(F)c2)c1C#Cc1ccc(N)nc1,1,IC50,8.4,1,CHEMBL3701086
CCc1nccc(-c2ccc(C(=O)N3CCN(C4CCOCC4)CC3)c(F)c2)c1C#Cc1ccc(N)nc1,1,IC50,9.0,1,CHEMBL3701087
CCc1nccc(-c2ccc(C(=O)N3CCN(C4CCOCC4)CC3)c(F)c2)c1C#Cc1ccc(NC)nc1,1,IC50,8.3,1,CHEMBL3701089
CCc1nccc(-c2ccc(C(=O)N3CCN(C(C)=O)CC3)c(F)c2)c1C#Cc1ccc(N)nc1,1,IC50,8.7,1,CHEMBL3639999
CCc1nccc(-c2ccc(C(=O)N(C)CCOC)c(F)c2)c1C#Cc1ccc(N)nc1,1,IC50,8.52,1,CHEMBL3701090
Cc1ccc(C#Cc2c(-c3cccc(C(=O)N(C)C)c3)ccnc2C)cn1,1,IC50,6.68,1,CHEMBL3701091
CNC(=O)c1cc(-c2ccnc(C)c2C#Cc2ccc(C)nc2)ccc1Cl,1,IC50,6.3,1,CHEMBL3701092
Cc1ccc(C#Cc2c(-c3ccc(Cl)c(C(=O)N4CCOCC4)c3)ccnc2C)cn1,1,IC50,8.4,1,CHEMBL3701093
Cc1nccc(-c2ccc(F)c(C(=O)N(C)C)c2)c1C#Cc1ccc(N)nc1,1,IC50,7.92,1,CHEMBL3701094
CNC(=O)c1cc(-c2ccnc(C)c2C#Cc2ccc(N)nc2)ccc1Cl,1,IC50,7.38,1,CHEMBL3701095
COCCN(C)C(=O)c1cc(-c2ccnc(C)c2C#Cc2ccc(N)nc2)ccc1Cl,1,IC50,8.22,1,CHEMBL3701096
Cc1nccc(-c2ccc(Cl)c(C(=O)N(C)C)c2)c1C#Cc1ccc(N)nc1,1,IC50,8.3,1,CHEMBL3701097
Cc1nccc(-c2cn[nH]c2)c1C#Cc1ccc(N)nc1,1,IC50,7.01,1,CHEMBL3701098
CCc1nccc(-c2ccc(C(=O)N3CCN(C4CCCC4)CC3)c(F)c2)c1C#Cc1ccc(N)nc1,1,IC50,8.4,1,CHEMBL3701099
Cc1nccc(-c2ccc(Cl)c(C(=O)N(C)CCCN(C)C)c2)c1C#Cc1ccc(N)nc1,1,IC50,7.72,1,CHEMBL3701100
COCCN(C)C(=O)c1cc(-c2ccnc(C)c2C#Cc2ccc(N)nc2)ccc1F,1,IC50,8.22,1,CHEMBL3701101
Cc1nccc(-c2ccc(F)c(C(=O)N(C)CCN(C)C)c2)c1C#Cc1ccc(N)nc1,1,IC50,7.7,1,CHEMBL3701102
Cc1nccc(-c2ccc(F)c(C(=O)N3CCOCC3)c2)c1C#Cc1ccc(N)nc1,1,IC50,7.58,1,CHEMBL3701103
CCc1nccc(-c2ccc(C(=O)N3CCN(C(C)(C)C)CC3)c(F)c2)c1C#Cc1ccc(N)nc1,1,IC50,8.3,1,CHEMBL3701104
Cc1nccc(-c2ccc(C(=O)N(C)CCN(C)C)nc2)c1C#Cc1ccc(N)nc1,1,IC50,7.46,1,CHEMBL3701105
COCCCN(C)C(=O)c1ccc(-c2ccnc(C)c2C#Cc2ccc(N)nc2)cn1,1,IC50,8.0,1,CHEMBL3701106
CNC(=O)c1ccc(-c2ccnc(C)c2C#Cc2ccc(N)nc2)cn1,1,IC50,7.55,1,CHEMBL3701107
Cc1nccc(-c2ccc(C(=O)N(C)C)nc2)c1C#Cc1ccc(N)nc1,1,IC50,8.05,1,CHEMBL3701108
Cc1nccc(-c2cnn(C)c2)c1C#Cc1ccc(N)nc1,1,IC50,7.02,1,CHEMBL3701109
Cc1nccc(-c2ccc(F)c(C(=O)N(C)C3CCN(C)C3)c2)c1C#Cc1ccc(N)nc1,1,IC50,7.43,1,CHEMBL3701110
Cc1nccc(-c2ccc(F)c(C(=O)N(C)CCO)c2)c1C#Cc1ccc(N)nc1,1,IC50,8.52,1,CHEMBL3701111
Cc1nccc(-c2ccc(F)c(C(=O)N(C)CCCO)c2)c1C#Cc1ccc(N)nc1,1,IC50,8.52,1,CHEMBL3701112
CCN1CCC(CN(C)C(=O)c2cc(-c3ccnc(C)c3C#Cc3ccc(N)nc3)ccc2F)C1,1,IC50,7.72,1,CHEMBL3701113
Cc1nccc(-c2ccc(F)c(C(=O)N(C)C3CCN(C(C)O)CC3)c2)c1C#Cc1ccc(N)nc1,1,IC50,7.64,1,CHEMBL3701114
CCN1CCC(N(C)C(=O)c2cc(-c3ccnc(C)c3C#Cc3ccc(N)nc3)ccc2F)CC1,1,IC50,7.48,1,CHEMBL3701115
Cc1nccc(-c2ccc(F)c(C(=O)N(C)CC3CCN(C)CC3)c2)c1C#Cc1ccc(N)nc1,1,IC50,7.16,1,CHEMBL3701116
Cc1nccc(-c2ccc(C(=O)N(C)C3CCCCC3)nc2)c1C#Cc1ccc(N)nc1,1,IC50,7.22,1,CHEMBL3701117
Cc1nccc(-c2ccc(C(=O)N3CCOCC3)nc2)c1C#Cc1ccc(N)nc1,1,IC50,7.77,1,CHEMBL3701118
COCCNC(=O)c1ccc(-c2ccnc(C)c2C#Cc2ccc(N)nc2)cn1,1,IC50,7.06,1,CHEMBL3701119
Cc1nccc(-c2ccc(C(=O)N3CCN(C)CC3)nc2)c1C#Cc1ccc(N)nc1,1,IC50,7.55,1,CHEMBL3701120
COCCN(C)C(=O)c1ccc(-c2ccnc(C)c2C#Cc2ccc(N)nc2)cn1,1,IC50,7.7,1,CHEMBL3701121
Cc1nccc(-c2ccc(C(=O)N(C)CCCN(C)C)nc2)c1C#Cc1ccc(N)nc1,1,IC50,6.98,1,CHEMBL3701122
Cc1nccc(-c2ccc(C(=O)N3CCCCC3)nc2)c1C#Cc1ccc(N)nc1,1,IC50,7.68,1,CHEMBL3701123
CCCN1CCN(C(=O)c2ccc(-c3ccnc(CC)c3C#Cc3ccc(N)nc3)cc2F)CC1,1,IC50,8.7,1,CHEMBL3701124
CCc1nccc(-c2ccc(C(=O)N3CCN(CC4CC4)CC3)c(F)c2)c1C#Cc1ccc(N)nc1,1,IC50,8.7,1,CHEMBL3701125
CCc1nccc(-c2ccc(C(=O)NCCOC)c(F)c2)c1C#Cc1ccc(N)nc1,1,IC50,8.15,1,CHEMBL3701126
CCc1nccc(-c2ccc(C(=O)N3CCCOCC3)c(F)c2)c1C#Cc1ccc(N)nc1,1,IC50,8.7,1,CHEMBL3701127
CCc1nccc(-c2ccc(C(=O)N3CCCN(C)CC3)c(F)c2)c1C#Cc1ccc(N)nc1,1,IC50,8.0,1,CHEMBL3701128
CCc1nccc(-c2ccc(C(=O)N3CCC(OC)CC3)c(F)c2)c1C#Cc1ccc(N)nc1,1,IC50,8.52,1,CHEMBL3701129
CCc1nccc(-c2ccc(C(=O)N3CCC(C)(O)CC3)c(F)c2)c1C#Cc1ccc(N)nc1,1,IC50,8.7,1,CHEMBL3701130
CCc1nccc(-c2ccc(C(=O)N3CCC(O)CC3)c(F)c2)c1C#Cc1ccc(N)nc1,1,IC50,8.7,1,CHEMBL3701131
CCc1nccc(-c2ccc(C(=O)N3CCN(C(C)C)CC3)c(F)c2)c1C#Cc1ccc(N)nc1,1,IC50,8.7,1,CHEMBL3701132
CCc1nccc(-c2ccc(C(=O)N3CCN(CCOC)CC3)c(F)c2)c1C#Cc1ccc(N)nc1,1,IC50,8.7,1,CHEMBL3701133
CCc1nccc(-c2ccc(C(=O)N3CCN(CC(=O)N(C)C)CC3)c(F)c2)c1C#Cc1ccc(N)nc1,1,IC50,8.7,1,CHEMBL3701134
CNC(=O)c1cc(-c2ccnc(C)c2C#Cc2ccc(N)nc2C)ccc1Cl,1,IC50,7.07,1,CHEMBL3701135
Cc1nc(N)ccc1C#Cc1c(-c2ccc(S(C)(=O)=O)cc2)ccnc1C,1,IC50,8.3,1,CHEMBL3701136
CCc1nccc(-c2ccc(Cl)c(C(=O)NC)c2)c1C#Cc1ccc(N)nc1C,1,IC50,7.11,1,CHEMBL3701137
CCc1nccc(-c2ccc(S(C)(=O)=O)cc2)c1C#Cc1ccc(N)nc1C,1,IC50,8.3,1,CHEMBL3701138
CCc1nccc(-c2ccc(C(=O)NC)c(Cl)c2)c1C#Cc1ccc(N)nc1C,1,IC50,8.4,1,CHEMBL3701139
Cc1nc(N)ccc1C#Cc1c(-c2cccc(F)c2)ccnc1C,1,IC50,6.95,1,CHEMBL3701140
CCc1nccc(-c2ccc(C(=O)N3CCN4CCCCC4C3)c(F)c2)c1C#Cc1ccc(N)nc1,1,IC50,8.4,1,CHEMBL3701141
CCc1nccc(-c2ccc(C(=O)N3CCN4CCCC4C3)c(F)c2)c1C#Cc1ccc(N)nc1,1,IC50,8.52,1,CHEMBL3701142
CCc1nccc(-c2ccc(C(=O)N3CC(C)N(CCOC)C(C)C3)c(F)c2)c1C#Cc1ccc(N)nc1,1,IC50,8.05,1,CHEMBL3701143
CCc1nccc(-c2ccc(C(=O)N3CCN(C(C)C)C(C)C3)c(F)c2)c1C#Cc1ccc(N)nc1,1,IC50,8.0,1,CHEMBL3701144
CCc1nccc(-c2ccc(C(=O)N3CCN(CC)C(C)C3)c(F)c2)c1C#Cc1ccc(N)nc1,1,IC50,8.05,1,CHEMBL3701145
CCc1nccc(-c2ccc(C(=O)N3CCN(C)C(C)(C)C3)c(F)c2)c1C#Cc1ccc(N)nc1,1,IC50,8.05,1,CHEMBL3701146
CCc1nccc(-c2ccc(C(=O)N3CCN(C)C(C)C3)c(F)c2)c1C#Cc1ccc(N)nc1,1,IC50,8.22,1,CHEMBL3701147
CCc1nccc(-c2ccc(C(=O)N3C[C@@H]4CC3CN4C)c(F)c2)c1C#Cc1ccc(N)nc1,1,IC50,8.05,1,CHEMBL3701148
CCc1nccc(-c2ccc(C(=O)N3C[C@@H]4CC3CN4c3ccc(F)cc3)c(F)c2)c1C#Cc1ccc(N)nc1,1,IC50,7.38,1,CHEMBL3701149
CCc1nccc(-c2ccc(F)c(C(=O)N(C)CCCOC)c2)c1C#Cc1ccc(N)nc1,1,IC50,7.55,1,CHEMBL3701150
CCc1nccc(-c2ccc(C(=O)N3CCN(C)CC3)c(F)c2)c1C#Cc1ccc(N)nc1C,1,IC50,8.3,1,CHEMBL3701151
CCc1nccc(-c2ccc(C(=O)N3CCN(CC)CC3)c(F)c2)c1C#Cc1ccc(N)nc1C,1,IC50,7.42,1,CHEMBL3701152
CCc1nccc(-c2ccc(C(=O)N3CCN(C(C)(C)C)CC3)c(F)c2)c1C#Cc1ccc(N)nc1C,1,IC50,7.16,1,CHEMBL3701153
CCc1nccc(-c2ccc(C(=O)N3CCN(CCOC)CC3)c(F)c2)c1C#Cc1ccc(N)nc1C,1,IC50,7.68,1,CHEMBL3701154
CCc1nccc(-c2ccc(C(=O)N3CCN(C4COC4)CC3)c(F)c2)c1C#Cc1ccc(N)nc1,1,IC50,8.4,1,CHEMBL3701155
CCc1nc(N)ccc1C#Cc1c(-c2ccc(C(=O)N3CCOCC3)c(F)c2)ccnc1C,1,IC50,7.36,1,CHEMBL3701156
CCc1nc(N)ccc1C#Cc1c(-c2ccc(C(=O)N3CCN(C)CC3)c(F)c2)ccnc1C,1,IC50,7.77,1,CHEMBL3701157
Cc1nccc(-c2ccc(C(F)(F)F)nc2)c1C#Cc1ccc(N)nc1,1,IC50,7.57,1,CHEMBL3701158
Cc1nccc(-c2ccc(C3CC3)nc2)c1C#Cc1ccc(N)nc1,1,IC50,7.43,1,CHEMBL3701159
CCc1nc(N)ccc1C#Cc1c(-c2ccc(C(=O)N3CCCC3)c(F)c2)ccnc1C,1,IC50,7.68,1,CHEMBL3701160
CCc1nc(N)ccc1C#Cc1c(-c2ccc(C(=O)N3CCN(C4CC4)CC3)c(F)c2)ccnc1C,1,IC50,7.96,1,CHEMBL3701161
Cc1nc(N)ccc1C#Cc1c(-c2ccc(C(=O)N3CCN(C)CC3)c(F)c2)ccnc1C,1,IC50,8.52,1,CHEMBL3701162
Cc1nc(N)ccc1C#Cc1c(-c2ccc(C(=O)N3CCN(C4CCOCC4)CC3)c(F)c2)ccnc1C,1,IC50,8.4,1,CHEMBL3701163
COCCN1CCN(C(=O)c2ccc(-c3ccnc(C)c3C#Cc3ccc(N)nc3C)cc2F)CC1,1,IC50,8.3,1,CHEMBL3701164
Cc1nc(N)ccc1C#Cc1c(-c2ccc(C(=O)N3CCN(C(C)(C)C)CC3)c(F)c2)ccnc1C,1,IC50,8.3,1,CHEMBL3701165
CCN1CCN(C(=O)c2ccc(-c3ccnc(C)c3C#Cc3ccc(N)nc3C)cc2F)CC1,1,IC50,7.72,1,CHEMBL3701166
CCc1nccc(-c2ccc(C(=O)N3CCN(C(C)(C)C)CC3)c(F)c2)c1C#Cc1ccc(NC)nc1,1,IC50,8.0,1,CHEMBL3701167
CCc1nccc(-c2ccc(C(=O)N3CCN(CC4CC4)CC3)c(F)c2)c1C#Cc1ccc(NC)nc1,1,IC50,7.85,1,CHEMBL3701168
CCc1nccc(-c2ccc(C(=O)N3CCN(C(C)C)CC3)c(F)c2)c1C#Cc1ccc(NC)nc1,1,IC50,7.89,1,CHEMBL3701169
CCc1nccc(-c2ccc(C(=O)N3CCN(CCOC)CC3)c(F)c2)c1C#Cc1ccc(NC)nc1,1,IC50,7.89,1,CHEMBL3701170
CCc1nc(N)ccc1C#Cc1c(-c2ccc(C(=O)N3CCCC3)c(F)c2)ccnc1CC,1,IC50,7.1,1,CHEMBL3701171
CCc1nc(N)ccc1C#Cc1c(-c2ccc(C(=O)N3CCOCC3)c(F)c2)ccnc1CC,1,IC50,7.39,1,CHEMBL3701172
CCc1nc(N)ccc1C#Cc1c(-c2ccc(C(=O)N3CCN(C4CC4)CC3)c(F)c2)ccnc1CC,1,IC50,7.02,1,CHEMBL3701173
CCc1cc(-c2ccnc(CC)c2C#Cc2ccc(N)nc2C)ccn1,1,IC50,7.36,1,CHEMBL3701174
CCc1nccc(-c2cc(C)nc(C)c2)c1C#Cc1ccc(N)nc1C,1,IC50,7.82,1,CHEMBL3701175
COC(=O)CCNC(=O)c1ccc(-c2ccnc(C)c2C#Cc2ccc(N)nc2C)cc1F,1,IC50,7.62,1,CHEMBL3701176
CCc1nccc(-c2ccc(C(=O)N3CCN(C(C)C)CC3)c(OC)c2)c1C#Cc1ccc(N)nc1,1,IC50,7.48,1,CHEMBL3701177
CCc1nccc(-c2ccc(C(=O)N3CCN(CC4CC4)CC3)c(OC)c2)c1C#Cc1ccc(N)nc1,1,IC50,7.57,1,CHEMBL3701178
CCc1nccc(-c2ccnc(C(C)(C)C)c2)c1C#Cc1ccc(N)nc1,1,IC50,7.25,1,CHEMBL3701179
CCCN1CCN(C(=O)c2ccc(-c3ccnc(CC)c3C#Cc3ccc(N)nc3)cc2OC)CC1,1,IC50,7.96,1,CHEMBL3701180
CCc1nccc(-c2ccc(C(=O)N3CCNC(=O)C3)c(OC)c2)c1C#Cc1ccc(N)nc1,1,IC50,8.52,1,CHEMBL3701181
C[C@H]1COCCN1c1nc(N2CCOC[C@@H]2C)c2ccc(-c3ccc(O)cc3)nc2n1,1,IC50,8.36,1,CHEMBL3688832
Cc1ccc(-c2ccc3c(N4CCOC[C@@H]4C)nc(N4CCOC[C@@H]4C)nc3n2)cc1,1,IC50,8.3,1,CHEMBL3688833
C[C@H]1COCCN1c1nc(N2CCOC[C@@H]2C)c2ccc(-c3ccc(CO)cc3)nc2n1,1,IC50,7.96,1,CHEMBL3688834
C[C@H]1COCCN1c1nc(N2CCOC[C@@H]2C)c2ccc(-c3cccc(O)c3)nc2n1,1,IC50,8.68,1,CHEMBL3688835
C[C@H]1COCCN1c1nc(N2CCOC[C@@H]2C)c2ccc(-c3cccc(CO)c3)nc2n1,1,IC50,8.25,1,CHEMBL3688836
C[C@@H]1CN(c2nc(N3CCOC[C@@H]3C)c3ccc(-c4ccccc4)nc3n2)C[C@H](C)O1,1,IC50,7.46,1,CHEMBL2336331
C[C@@H]1CN(c2nc(N3CCOC[C@@H]3C)c3ccc(-c4ccsc4)nc3n2)C[C@H](C)O1,1,IC50,7.82,1,CHEMBL3688837
COc1ccc(-c2ccc3c(N4CCOC[C@@H]4C)nc(N4CCOCC4)nc3n2)cc1CO,1,IC50,8.24,1,CHEMBL3688838
COc1cncc(-c2ccc3c(N4CCOC[C@@H]4C)nc(N4CCOC[C@@H]4C)nc3n2)c1,1,IC50,6.51,1,CHEMBL3688839
COc1ccc(-c2ccc3c(N4CCOC[C@@H]4C)nc(N4CCOC[C@@H]4C)nc3n2)cn1,1,IC50,7.07,1,CHEMBL3688840
COc1ncccc1-c1ccc2c(N3CCOC[C@@H]3C)nc(N3CCOC[C@@H]3C)nc2n1,1,IC50,6.85,1,CHEMBL3688841
C[C@H]1COCCN1c1nc(N2CCOC[C@@H]2C)c2ccc(-c3cccnc3F)nc2n1,1,IC50,7.42,1,CHEMBL3688842
C[C@H]1COCCN1c1nc(N2CCOC[C@@H]2C)c2ccc(-c3ccc(N4CCOCC4)nc3)nc2n1,1,IC50,6.41,1,CHEMBL3688843
COc1ncc(-c2ccc3c(N4CCOC[C@@H]4C)nc(N4CCOC[C@@H]4C)nc3n2)cn1,1,IC50,6.64,1,CHEMBL3688844
C[C@H]1COCCN1c1nc(N2CCOC[C@@H]2C)c2ccc(-c3cnn(C)c3)nc2n1,1,IC50,7.55,1,CHEMBL3688845
COc1ncc(-c2ccc3c(N4CCOC[C@@H]4C)nc(N4CCOC[C@@H]4C)nc3n2)c(OC)n1,1,IC50,6.47,1,CHEMBL3688846
C[C@H]1COCCN1c1nc(N2CCOC[C@@H]2C)c2ccc(-c3ccc(N)nc3)nc2n1,1,IC50,7.82,1,CHEMBL3688847
C[C@H]1COCCN1c1nc(N2CCOC[C@@H]2C)c2ccc(-c3cncc(Cl)c3)nc2n1,1,IC50,6.75,2,CHEMBL3688850
C[C@H]1COCCN1c1nc(N2CCOC[C@@H]2C)c2ccc(-c3ccnc(Cl)c3)nc2n1,1,IC50,6.58,1,CHEMBL3688848
Cc1nc(F)ccc1-c1ccc2c(N3CCOC[C@@H]3C)nc(N3CCOC[C@@H]3C)nc2n1,1,IC50,6.28,1,CHEMBL3688849
Cc1noc(C)c1-c1ccc2c(N3CCOC[C@@H]3C)nc(N3CCOC[C@@H]3C)nc2n1,1,IC50,6.43,1,CHEMBL3688851
C[C@H]1COCCN1c1nc(N2CCOC[C@@H]2C)c2ccc(-c3ccc(F)cc3)nc2n1,1,IC50,7.6,1,CHEMBL3688852
C[C@H]1COCCN1c1nc(N2CCOC[C@@H]2C)c2ccc(-c3ccc(F)c(C(N)=O)c3)nc2n1,1,IC50,7.54,1,CHEMBL3688853
CCCNC(=O)c1cc(-c2ccc3c(N4CCOC[C@@H]4C)nc(N4CCOC[C@@H]4C)nc3n2)ccc1F,1,IC50,6.85,1,CHEMBL3688854
C[C@H]1COCCN1c1nc(N2CCOC[C@@H]2C)c2ccc(-c3ccc(F)c(C(=O)O)c3)nc2n1,1,IC50,8.16,1,CHEMBL3688855
CNC(=O)c1cc(-c2ccc3c(N4CCOC[C@@H]4C)nc(N4CCOC[C@@H]4C)nc3n2)ccc1F,1,IC50,6.42,1,CHEMBL3688856
CCNC(=O)c1cc(-c2ccc3c(N4CCOC[C@@H]4C)nc(N4CCOC[C@@H]4C)nc3n2)ccc1F,1,IC50,7.27,1,CHEMBL3688857
C[C@H]1COCCN1c1nc(N2CCOC[C@@H]2C)c2ccc(-c3ccc(F)c(C(=O)NCCO)c3)nc2n1,1,IC50,7.54,1,CHEMBL3688858
C[C@H]1COCCN1c1nc(N2CCOC[C@@H]2C)c2ccc(-c3ccc(F)nc3)nc2n1,1,IC50,7.92,1,CHEMBL3688859
C[C@H]1COCCN1c1nc(N2CCOC[C@@H]2C)c2ccc(-c3ccnc(Cl)c3F)nc2n1,1,IC50,6.31,1,CHEMBL3688861
CNC(=O)c1ccc(-c2ccc3c(N4CCOC[C@@H]4C)nc(N4CCOC[C@@H]4C)nc3n2)cc1,1,IC50,7.77,1,CHEMBL3688862
CC(C)NC(=O)c1cccc(-c2ccc3c(N4CCOC[C@@H]4C)nc(N4CCOC[C@@H]4C)nc3n2)c1,1,IC50,6.64,1,CHEMBL3688863
C[C@H]1COCCN1c1nc(N2CCOC[C@@H]2C)c2ccc(-c3ccc(S(C)(=O)=O)cc3)nc2n1,1,IC50,6.68,1,CHEMBL3688864
C[C@H]1COCCN1c1nc(N2CCOC[C@@H]2C)c2ccc(-c3cccc(S(C)(=O)=O)c3)nc2n1,1,IC50,6.85,1,CHEMBL3688865
C[C@H]1COCCN1c1nc(N2CCOC[C@@H]2C)c2ccc(-c3ccc(C(N)=O)cc3)nc2n1,1,IC50,8.08,1,CHEMBL3688866
C[C@H]1COCCN1c1nc(N2CCOC[C@@H]2C)c2ccc(-c3cccc(S(=O)(=O)NCCO)c3)nc2n1,1,IC50,7.08,1,CHEMBL3688867
C[C@H]1COCCN1c1nc(N2CCOC[C@@H]2C)c2ccc(-c3ccncc3)nc2n1,1,IC50,8.22,1,CHEMBL3688868
C[C@H]1COCCN1c1nc(N2CCOC[C@@H]2C)c2ccc(-c3cccc(C(N)=O)c3)nc2n1,1,IC50,7.89,1,CHEMBL3688869
C[C@H]1COCCN1c1nc(N2CCOC[C@@H]2C)c2ccc(-c3cccc(NS(C)(=O)=O)c3)nc2n1,1,IC50,7.47,1,CHEMBL3688870
C[C@H]1COCCN1c1nc(N2CCOC[C@@H]2C)c2ccc(-c3ccnc(F)c3)nc2n1,1,IC50,7.05,1,CHEMBL3688871
C[C@H]1COCCN1c1nc(N2CCOC[C@@H]2C)c2ccc(-c3cc(F)nc(F)c3)nc2n1,1,IC50,6.82,2,CHEMBL3688874
C[C@H]1COCCN1c1nc(N2CCOC[C@@H]2C)c2ccc(-c3cccc(C#N)c3)nc2n1,1,IC50,7.21,1,CHEMBL3688872
C[C@H]1COCCN1c1nc(N2CCOC[C@@H]2C)c2ccc(-c3cccc(C(=O)O)c3)nc2n1,1,IC50,8.04,1,CHEMBL3688873
COC(=O)c1cccc(-c2ccc3c(N4CCOC[C@@H]4C)nc(N4CCOC[C@@H]4C)nc3n2)c1,1,IC50,6.36,1,CHEMBL3688875
COCc1cccc(-c2ccc3c(N4CCOC[C@@H]4C)nc(N4CCOC[C@@H]4C)nc3n2)c1,1,IC50,6.85,1,CHEMBL3688876
C[C@H]1COCCN1c1nc(N2CCOC[C@@H]2C)c2ccc(-c3ccc(F)c(CO)c3)nc2n1,1,IC50,7.08,1,CHEMBL3688877
C[C@H]1COCCN1c1nc(N2CCOC[C@@H]2C)c2ccc(-c3cccc(S(N)(=O)=O)c3)nc2n1,1,IC50,7.85,1,CHEMBL3688878
COCCNC(=O)c1cccc(-c2ccc3c(N4CCOC[C@@H]4C)nc(N4CCOC[C@@H]4C)nc3n2)c1,1,IC50,6.75,1,CHEMBL3688879
C[C@H]1COCCN1c1nc(N2CCOC[C@@H]2C)c2ccc(-c3cccc(C(=O)N4CCN(C)CC4)c3)nc2n1,1,IC50,7.22,1,CHEMBL3688880
COC(=O)c1cc(-c2ccc3c(N4CCOC[C@@H]4C)nc(N4CCOC[C@@H]4C)nc3n2)ccc1OC,1,IC50,6.77,1,CHEMBL3688881
C[C@H]1COCCN1c1nc(N2CCOC[C@@H]2C)c2ccc(-c3cccc(-c4nnn[nH]4)c3)nc2n1,1,IC50,7.85,1,CHEMBL3688882
C[C@H]1COCCN1c1nc(N2CCOC[C@@H]2C)c2ccc(-c3ccc(-c4nnn[nH]4)cc3)nc2n1,1,IC50,7.5,1,CHEMBL3688883
C[C@H]1COCCN1c1nc(N2CCOC[C@@H]2C)c2ccc(-c3ccc(F)c(-c4nnn[nH]4)c3)nc2n1,1,IC50,7.46,1,CHEMBL3688884
C[C@H]1COCCN1c1nc(N2CCOC[C@@H]2C)c2ccc(-c3ccc(F)c(NS(C)(=O)=O)c3)nc2n1,1,IC50,7.41,1,CHEMBL3688885
C[C@H]1COCCN1c1nc(N2CCOC[C@@H]2C)c2ccc(-c3ccc(C#N)cc3)nc2n1,1,IC50,8.57,1,CHEMBL3688886
C[C@H]1COCCN1c1nc(N2CCOC[C@@H]2C)c2ccc(-c3ccc4[nH]ccc4c3)nc2n1,1,IC50,7.26,1,CHEMBL3688887
C[C@H]1COCCN1c1nc(N2CCOC[C@@H]2C)c2ccc(-c3ccc([N+](=O)[O-])cc3)nc2n1,1,IC50,7.4,1,CHEMBL3688888
COc1ccc(-c2ccc3c(N4CCOC[C@@H]4C)nc(N4CCOC[C@@H]4C)nc3n2)cc1,1,IC50,7.75,1,CHEMBL3688889
C[C@H]1COCCN1c1nc(N2CCOC[C@@H]2C)c2ccc(-c3ccc(Cl)cc3)nc2n1,1,IC50,6.85,1,CHEMBL3688890
Cc1ccccc1-c1ccc2c(N3CCOC[C@@H]3C)nc(N3CCOC[C@@H]3C)nc2n1,1,IC50,6.85,1,CHEMBL3688891
Cc1cccc(-c2ccc3c(N4CCOC[C@@H]4C)nc(N4CCOC[C@@H]4C)nc3n2)c1,1,IC50,7.25,1,CHEMBL3688892
COc1ccc(-c2ccc3c(N4CCOC[C@@H]4C)nc(N4CCOC[C@@H]4C)nc3n2)cc1F,1,IC50,7.41,1,CHEMBL3688893
COc1cccc(-c2ccc3c(N4CCOC[C@@H]4C)nc(N4CCOC[C@@H]4C)nc3n2)c1,1,IC50,6.85,1,CHEMBL3688894
C[C@H]1COCCN1c1nc(N2CCOC[C@@H]2C)c2ccc(-c3cccnc3)nc2n1,1,IC50,7.8,1,CHEMBL3688895
C[C@H]1COCCN1c1nc(N2CCOC[C@@H]2C)c2ccc(-c3ccoc3)nc2n1,1,IC50,8.3,1,CHEMBL3688896
C[C@@H]1CN(c2nc(N3CCOC[C@@H]3C)c3ccc(-c4ccc(C#N)cc4)nc3n2)C[C@H](C)O1,1,IC50,7.44,1,CHEMBL3688897
C[C@@H]1CN(c2nc(N3CCOC[C@@H]3C)c3ccc(-c4cccc(CO)c4)nc3n2)C[C@H](C)O1,1,IC50,7.42,1,CHEMBL3688898
C[C@@H]1CN(c2nc(N3CCOC[C@@H]3C)c3ccc(-c4ccc(CO)cc4)nc3n2)C[C@H](C)O1,1,IC50,8.34,1,CHEMBL3688899
C[C@@H]1CN(c2nc(N3CCOC[C@@H]3C)c3ccc(-c4cccc(O)c4)nc3n2)C[C@H](C)O1,1,IC50,7.75,1,CHEMBL3688900
Cc1ccccc1-c1ccc2c(N3CCOC[C@@H]3C)nc(N3C[C@@H](C)O[C@@H](C)C3)nc2n1,1,IC50,6.46,1,CHEMBL3688901
Cc1cccc(-c2ccc3c(N4CCOC[C@@H]4C)nc(N4C[C@@H](C)O[C@@H](C)C4)nc3n2)c1,1,IC50,6.3,1,CHEMBL3688902
COc1ccc(-c2ccc3c(N4CCOC[C@@H]4C)nc(N4C[C@@H](C)O[C@@H](C)C4)nc3n2)cc1F,1,IC50,8.19,1,CHEMBL3688903
COc1cccc(-c2ccc3c(N4CCOC[C@@H]4C)nc(N4C[C@@H](C)O[C@@H](C)C4)nc3n2)c1,1,IC50,6.34,1,CHEMBL3688904
C[C@@H]1CN(c2nc(N3CCOC[C@@H]3C)c3ccc(-c4ccncc4)nc3n2)C[C@H](C)O1,1,IC50,7.04,1,CHEMBL3688905
C[C@@H]1CN(c2nc(N3CCOC[C@@H]3C)c3ccc(-c4ccoc4)nc3n2)C[C@H](C)O1,1,IC50,7.14,1,CHEMBL3688906
C[C@@H]1CN(c2nc(N3CCOC[C@@H]3C)c3ccc(-c4ccc(O)cc4)nc3n2)C[C@H](C)O1,1,IC50,9.59,1,CHEMBL3688907
C[C@@H]1CN(c2nc(N3CCOC[C@@H]3C)c3ccc(-c4ccc5[nH]ccc5c4)nc3n2)C[C@H](C)O1,1,IC50,6.66,1,CHEMBL3688908
C[C@@H]1CN(c2nc(N3CCOC[C@@H]3C)c3ccc(-c4ccc([N+](=O)[O-])cc4)nc3n2)C[C@H](C)O1,1,IC50,6.82,1,CHEMBL3688909
COc1ccc(-c2ccc3c(N4CCOC[C@@H]4C)nc(N4C[C@@H](C)O[C@@H](C)C4)nc3n2)cc1,1,IC50,7.04,1,CHEMBL3688910
C[C@H]1COCCN1c1nc(N2CCOC[C@@H]2C)c2ccc(-c3ccc(O)c(C(=O)O)c3)nc2n1,1,IC50,7.19,1,CHEMBL3688911
C[C@H]1COCCN1c1nc(N2CCOC[C@@H]2C)c2ccc(-c3ccc4nc[nH]c(=O)c4c3)nc2n1,1,IC50,6.7,1,CHEMBL2336324
C[C@H]1COCCN1c1nc(N2CCOC[C@@H]2C)c2ccc(-c3ccc4c(c3)NC(=O)CO4)nc2n1,1,IC50,6.8,1,CHEMBL3688912
COc1ccc(-c2ccc3c(N4CCOC[C@@H]4C)nc(N4CCOC[C@@H]4C)nc3n2)cc1C#N,1,IC50,6.51,1,CHEMBL3639877
CCOc1ccc(-c2ccc3c(N4CCOC[C@@H]4C)nc(N4CCOC[C@@H]4C)nc3n2)cc1C#N,1,IC50,6.0,1,CHEMBL3688914
C[C@H]1COCCN1c1nc(N2CCOC[C@@H]2C)c2ccc(-c3ccc4[nH]ncc4c3)nc2n1,1,IC50,6.6,1,CHEMBL3688915
C[C@H]1COCCN1c1nc(N2CCOC[C@@H]2C)c2ccc(-c3ccc4cn[nH]c(=O)c4c3)nc2n1,1,IC50,6.16,1,CHEMBL3688916
C[C@H]1COCCN1c1nc(N2CCOC[C@@H]2C)c2ccc(-c3ccc(O)c(CO)c3)nc2n1,1,IC50,7.62,1,CHEMBL3688918
C[C@H]1COCCN1c1nc(N2CCOC[C@@H]2C)c2ccc(-c3ccc4c(c3)CC(=O)N4)nc2n1,1,IC50,7.38,1,CHEMBL3688919
CNC(=O)c1ccc(-c2ccc3c(N4CCOC[C@@H]4C)nc(N4CCOC[C@@H]4C)nc3n2)cc1F,1,IC50,6.52,1,CHEMBL3688920
CC(C)Oc1ccc(-c2ccc3c(N4CCOC[C@@H]4C)nc(N4CCOC[C@@H]4C)nc3n2)cc1C(N)=O,1,IC50,6.31,1,CHEMBL3688921
CC(=O)c1cc(-c2ccc3c(N4CCOC[C@@H]4C)nc(N4CCOC[C@@H]4C)nc3n2)ccc1O,1,IC50,6.92,1,CHEMBL3688922
C[C@H]1COCCN1c1nc(N2CCOC[C@@H]2C)c2ccc(-c3ccc(C(N)=O)nc3)nc2n1,1,IC50,6.14,1,CHEMBL3688923
C[C@H]1COCCN1c1nc(N2CCOC[C@@H]2C)c2ccc(-c3ccnc(NN)c3)nc2n1,1,IC50,7.18,1,CHEMBL3688924
C[C@H]1COCCN1c1nc(N2CCOC[C@@H]2C)c2ccc(C3C=CC(=O)N=C3)nc2n1,1,IC50,7.51,1,CHEMBL3937461
CNc1ccc(-c2ccc3c(N4CCOC[C@@H]4C)nc(N4CCOC[C@@H]4C)nc3n2)cn1,1,IC50,7.7,1,CHEMBL3688926
C[C@H]1COCCN1c1nc(N2CCOC[C@@H]2C)c2ccc(-c3ccc(N(C)C)nc3)nc2n1,1,IC50,7.14,1,CHEMBL3688927
C[C@H]1COCCN1c1nc(N2CCOC[C@@H]2C)c2ccc(-c3ccc4c(c3)NCCNC4=O)nc2n1,1,IC50,8.31,1,CHEMBL3693589
C[C@H]1COCCN1c1nc(N2CCOC[C@@H]2C)c2ccc(-c3ccc(OC(F)F)c(C(N)=O)c3)nc2n1,1,IC50,7.85,1,CHEMBL3693590
CNC(=O)c1cc(-c2ccc3c(N4CCOC[C@@H]4C)nc(N4CCOC[C@@H]4C)nc3n2)ccc1OC(F)F,1,IC50,7.4,1,CHEMBL2336323
COC(=O)c1ccc(-c2ccc3c(N4CCOC[C@@H]4C)nc(N4CCOC[C@@H]4C)nc3n2)cc1OC,1,IC50,6.64,1,CHEMBL3688928
CNC(=O)c1ccc(-c2ccc3c(N4CCOC[C@@H]4C)nc(N4CCOC[C@@H]4C)nc3n2)cc1OC,1,IC50,6.6,1,CHEMBL3688929
CNC(=O)c1cc(-c2ccc3c(N4CCOC[C@@H]4C)nc(N4CCOCC4)nc3n2)ccc1OC,1,IC50,7.7,1,CHEMBL3688930
C[C@H]1COCCN1c1nc(N2CCOC[C@@H]2C)c2ccc(-c3ccc(C#N)c(F)c3)nc2n1,1,IC50,7.75,1,CHEMBL3688931
CC(=O)Nc1cc(-c2ccc3c(N4CCOC[C@@H]4C)nc(N4CCOC[C@@H]4C)nc3n2)ccn1,1,IC50,8.12,1,CHEMBL3688932
C[C@H]1COCCN1c1nc(N2CCOC[C@@H]2C)c2ccc(-c3cccc(NS(C)(=O)=O)c3)[n+]([O-])c2n1,1,IC50,7.43,1,CHEMBL3688933
C[C@H]1COCCN1c1nc(N2CCOC[C@@H]2C)c2ccc(-c3ccc4c(c3)C(=O)NC4)nc2n1,1,IC50,8.59,1,CHEMBL3688936
C[C@H]1COCCN1c1nc(N2CCOC[C@@H]2C)c2ccc(-c3ccc(CNS(C)(=O)=O)cc3)nc2n1,1,IC50,9.41,1,CHEMBL3688937
CCNC(=O)c1ccc(-c2ccc3c(N4CCOC[C@@H]4C)nc(N4CCOC[C@@H]4C)nc3n2)cc1F,1,IC50,6.14,1,CHEMBL3688938
C[C@H]1COCCN1c1nc(N2CCOC[C@@H]2C)c2ccc(-c3ccc4c(c3)C(=O)NCC(=O)N4)nc2n1,1,IC50,7.7,1,CHEMBL3688939
C[C@H]1COCCN1c1nc(N2CCOC[C@@H]2C)c2ccc(-c3ccc4c(=O)[nH]cnc4c3)nc2n1,1,IC50,7.46,1,CHEMBL3688940
C[C@H]1COCCN1c1nc(N2CCOC[C@@H]2C)c2ccc(-c3ccc4c(c3)NC(=O)C4)nc2n1,1,IC50,8.46,1,CHEMBL3688941
C[C@H]1COCCN1c1nc(N2CCOC[C@@H]2C)c2ccc(-c3ccc(NS(C)(=O)=O)cc3)nc2n1,1,IC50,7.0,1,CHEMBL3688942
COc1ccc(-c2ccc3c(N4CCOC[C@@H]4C)nc(N4CCOC[C@@H]4C)nc3n2)cc1N,1,IC50,7.24,1,CHEMBL3688943
C[C@H]1COCCN1c1nc(N2CCOC[C@@H]2C)c2ccc(-c3cnc4[nH]ccc4c3)nc2n1,1,IC50,6.77,1,CHEMBL3688944
COc1ccc(-c2ccc3c(N4CCOC[C@H]4C)nc(N4CCOC[C@H]4C)nc3n2)cc1CO,1,IC50,7.89,1,CHEMBL3688945
C[C@H]1COCCN1c1nc(N2CCOC[C@@H]2C)c2ccc(-c3ccc4c(c3)CNC4=O)nc2n1,1,IC50,7.8,1,CHEMBL3688946
C[C@H]1COCCN1c1nc(N2CCOCC2)nc2nc(-c3cccc(NS(C)(=O)=O)c3)ccc12,1,IC50,8.32,1,CHEMBL3688947
C[C@H]1COCCN1c1nc(N2CCN(C)CC2)nc2nc(-c3cccc(C(N)=O)c3)ccc12,1,IC50,6.16,1,CHEMBL3688948
C[C@H]1COCCN1c1nc(N2CCN(C)CC2)nc2nc(-c3ccc(Cl)cc3)ccc12,1,IC50,6.25,1,CHEMBL3688949
C[C@H]1COCCN1c1nc(N2CCC(CN)CC2)nc2nc(-c3cccc(C(N)=O)c3)ccc12,1,IC50,6.22,1,CHEMBL3688950
C[C@H]1COCCN1c1nc(N2CCCC(CO)C2)nc2nc(-c3cccc(C(N)=O)c3)ccc12,1,IC50,6.57,1,CHEMBL3688951
C[C@H]1COCCN1c1nc(N2CCC(c3ccncc3)CC2)nc2nc(-c3ccc(N)nc3)ccc12,1,IC50,6.46,1,CHEMBL3688952
C[C@H]1COCCN1c1nc(N2CCCCC2CO)nc2nc(-c3cccc(C(N)=O)c3)ccc12,1,IC50,6.77,1,CHEMBL3688953
C[C@H]1COCCN1c1nc(N2CCCCC2CO)nc2nc(-c3ccc(N)nc3)ccc12,1,IC50,7.19,1,CHEMBL3688954
C[C@H]1COCCN1c1nc(N2CCC(CO)CC2)nc2nc(-c3cccc(C(N)=O)c3)ccc12,1,IC50,6.54,1,CHEMBL3688955
C[C@H]1COCCN1c1nc(N2CCC(N)CC2)nc2nc(-c3cccc(C(N)=O)c3)ccc12,1,IC50,6.19,1,CHEMBL3688956
C[C@H]1COCCN1c1nc(N2CCC(CCO)CC2)nc2nc(-c3ccc(N)nc3)ccc12,1,IC50,6.7,1,CHEMBL3688957
C[C@H]1COCCN1c1nc(N2CCOC[C@@H]2C)c2ccc(-c3cccc(C(=O)Nc4cc[nH]n4)c3)nc2n1,1,IC50,7.32,1,CHEMBL3688958
C[C@H]1COCCN1c1nc(N2CCOC[C@@H]2C)c2ccc(-c3cccc(C(=O)N4CCNCC4)c3)nc2n1,1,IC50,6.5,1,CHEMBL3688959
C[C@H]1COCCN1c1nc(N2CCOC[C@@H]2C)c2ccc(-c3cccc(C(=O)N(C)C)c3)nc2n1,1,IC50,7.05,1,CHEMBL3688960
C[C@H]1COCCN1c1nc(N2CCOC[C@@H]2C)c2ccc(-c3cccc(C(=O)N4CCC[C@@H](O)C4)c3)nc2n1,1,IC50,6.55,1,CHEMBL3688961
C[C@H]1COCCN1c1nc(N2CCOC[C@@H]2C)c2ccc(-c3cccc(C(=O)NCCF)c3)nc2n1,1,IC50,8.33,1,CHEMBL3688962
C[C@H]1COCCN1c1nc(N2CCOC[C@@H]2C)c2ccc(-c3cccc(C(=O)NCC(F)(F)F)c3)nc2n1,1,IC50,6.55,1,CHEMBL3688963
C[C@H]1COCCN1c1nc(N2CCOC[C@@H]2C)c2ccc(-c3cccc(C(=O)N4CC[C@@H](O)C4)c3)nc2n1,1,IC50,8.28,1,CHEMBL3688964
C[C@H]1COCCN1c1nc(N2CCOC[C@@H]2C)c2ccc(-c3cccc(C(=O)N4CC[C@H](O)C4)c3)nc2n1,1,IC50,6.75,1,CHEMBL3688965
C[C@H]1COCCN1c1nc(N2CCOC[C@@H]2C)c2ccc(-c3cccc(C(=O)NC4CCOCC4)c3)nc2n1,1,IC50,6.85,1,CHEMBL3688966
CC(C)N(C)C(=O)c1cccc(-c2ccc3c(N4CCOC[C@@H]4C)nc(N4CCOC[C@@H]4C)nc3n2)c1,1,IC50,6.77,1,CHEMBL3688967
COCCN(C)C(=O)c1cccc(-c2ccc3c(N4CCOC[C@@H]4C)nc(N4CCOC[C@@H]4C)nc3n2)c1,1,IC50,6.64,1,CHEMBL3688968
C[C@H]1COCCN1c1nc(N2CCOC[C@@H]2C)c2ccc(-c3cccc(C(=O)NCC(F)F)c3)nc2n1,1,IC50,7.36,1,CHEMBL3688969
CCN(C)C(=O)c1cccc(-c2ccc3c(N4CCOC[C@@H]4C)nc(N4CCOC[C@@H]4C)nc3n2)c1,1,IC50,6.5,1,CHEMBL3688970
CCN(CC)C(=O)c1cccc(-c2ccc3c(N4CCOC[C@@H]4C)nc(N4CCOC[C@@H]4C)nc3n2)c1,1,IC50,6.64,1,CHEMBL3688971
CON(C)C(=O)c1cccc(-c2ccc3c(N4CCOC[C@@H]4C)nc(N4CCOC[C@@H]4C)nc3n2)c1,1,IC50,6.43,1,CHEMBL3688972
C=CCN(C)C(=O)c1cccc(-c2ccc3c(N4CCOC[C@@H]4C)nc(N4CCOC[C@@H]4C)nc3n2)c1,1,IC50,6.25,1,CHEMBL3688973
C#CCN(C)C(=O)c1cccc(-c2ccc3c(N4CCOC[C@@H]4C)nc(N4CCOC[C@@H]4C)nc3n2)c1,1,IC50,6.92,1,CHEMBL3688974
C[C@H]1COCCN1c1nc(N2CCOC[C@@H]2C)c2ccc(-c3cccc(C(=O)N(C)C(C)(C)C)c3)nc2n1,1,IC50,6.3,1,CHEMBL3688975
CC1CCCN1C(=O)c1cccc(-c2ccc3c(N4CCOC[C@@H]4C)nc(N4CCOC[C@@H]4C)nc3n2)c1,1,IC50,6.42,1,CHEMBL3688976
COc1ccc(-c2ccc3c(N4CCOC[C@@H]4C)nc(N4CCOC[C@@H]4C)nc3n2)cc1C(=O)N(C)C,1,IC50,7.38,1,CHEMBL2336322
CCN(C)C(=O)c1cc(-c2ccc3c(N4CCOC[C@@H]4C)nc(N4CCOC[C@@H]4C)nc3n2)ccc1OC,1,IC50,6.89,1,CHEMBL3688977
C[C@H]1COCCN1c1nc(N2CCOC[C@@H]2C)c2ccc(-c3ccc(F)c(C(=O)N(C)C)c3)nc2n1,1,IC50,6.8,1,CHEMBL3688978
CCN(CC)C(=O)c1cc(-c2ccc3c(N4CCOC[C@@H]4C)nc(N4CCOC[C@@H]4C)nc3n2)ccc1F,1,IC50,6.3,1,CHEMBL3688979
CC(C)N(C)C(=O)c1cc(-c2ccc3c(N4CCOC[C@@H]4C)nc(N4CCOC[C@@H]4C)nc3n2)ccc1F,1,IC50,6.62,1,CHEMBL3688980
CON(C)C(=O)c1cc(-c2ccc3c(N4CCOC[C@@H]4C)nc(N4CCOC[C@@H]4C)nc3n2)ccc1F,1,IC50,6.13,1,CHEMBL3688981
C=CCN(C)C(=O)c1cc(-c2ccc3c(N4CCOC[C@@H]4C)nc(N4CCOC[C@@H]4C)nc3n2)ccc1F,1,IC50,6.47,1,CHEMBL3688982
CCN(C)C(=O)c1cc(-c2ccc3c(N4CCOC[C@@H]4C)nc(N4CCOC[C@@H]4C)nc3n2)ccc1F,1,IC50,7.58,1,CHEMBL3688983
C#CCN(C)C(=O)c1cc(-c2ccc3c(N4CCOC[C@@H]4C)nc(N4CCOC[C@@H]4C)nc3n2)ccc1F,1,IC50,6.85,1,CHEMBL3688984
CNC(=O)c1cc(-c2ccc3c(N4CCOC[C@@H]4C)nc(N4CCOC[C@@H]4C)nc3n2)ccc1OC,1,IC50,7.18,1,CHEMBL2336321
CNCc1ccc(-c2ccc3c(N4CCOC[C@@H]4C)nc(N4CCOC[C@@H]4C)nc3n2)cc1,1,IC50,8.8,1,CHEMBL3688986
C[C@H]1COCCN1c1nc(N2CCOC[C@@H]2C)c2ccc(-c3ccc(CN)cc3)nc2n1,1,IC50,7.6,1,CHEMBL3688987
C[C@H]1COCCN1c1nc(N2CCOC[C@@H]2C)c2ccc(-c3ccc(CN4CC[C@@H](O)C4)cc3)nc2n1,1,IC50,7.03,1,CHEMBL3688988
C[C@H]1COCCN1c1nc(N2CCOC[C@@H]2C)c2ccc(-c3ccc(CN4CC[C@H](O)C4)cc3)nc2n1,1,IC50,7.89,1,CHEMBL3688989
C[C@H]1COCCN1c1nc(N2CCOC[C@@H]2C)c2ccc(-c3ccc(CNC4CCOCC4)cc3)nc2n1,1,IC50,8.72,1,CHEMBL3688990
CCOCc1cccc(-c2ccc3c(N4CCOC[C@@H]4C)nc(N4CCOC[C@@H]4C)nc3n2)c1,1,IC50,6.89,1,CHEMBL3688992
C[C@H]1COCCN1c1nc(N2CCOC[C@@H]2C)c2ccc(-c3cccc(CNCCO)c3)nc2n1,1,IC50,7.51,1,CHEMBL3688993
C[C@H]1COCCN1c1nc(N2CCOC[C@@H]2C)c2ccc(-c3cccc(CN)c3)nc2n1,1,IC50,7.57,1,CHEMBL3688994
C[C@H]1COCCN1c1nc(N2CCOC[C@@H]2C)c2ccc(-c3cccc(CNC4CC4)c3)nc2n1,1,IC50,7.27,1,CHEMBL3688995
CC(C)NCc1cccc(-c2ccc3c(N4CCOC[C@@H]4C)nc(N4CCOC[C@@H]4C)nc3n2)c1,1,IC50,7.8,1,CHEMBL3688996
CNCc1cccc(-c2ccc3c(N4CCOC[C@@H]4C)nc(N4CCOC[C@@H]4C)nc3n2)c1,1,IC50,8.04,1,CHEMBL3688997
C[C@H]1COCCN1c1nc(N2CCOC[C@@H]2C)c2ccc(-c3cccc(CNC4CCOCC4)c3)nc2n1,1,IC50,7.82,1,CHEMBL3688998
C[C@H]1COCCN1c1nc(N2CCOC[C@@H]2C)c2ccc(-c3cccc(CNCC4CC4)c3)nc2n1,1,IC50,8.15,1,CHEMBL3688999
COCCNCc1cccc(-c2ccc3c(N4CCOC[C@@H]4C)nc(N4CCOC[C@@H]4C)nc3n2)c1,1,IC50,7.68,1,CHEMBL3689000
C[C@H]1COCCN1c1nc(N2CCOC[C@@H]2C)c2ccc(-c3cccc(CNc4cc[nH]n4)c3)nc2n1,1,IC50,6.77,1,CHEMBL3689001
C[C@H]1COCCN1c1nc(N2CCOC[C@@H]2C)c2ccc(-c3cccc(Cn4ccnc4)c3)nc2n1,1,IC50,6.89,1,CHEMBL3689002
C[C@H]1COCCN1c1nc(N2CCOC[C@@H]2C)c2ccc(-c3cccc(CN4CC[C@@H](O)C4)c3)nc2n1,1,IC50,7.4,1,CHEMBL3689003
C[C@H]1COCCN1c1nc(N2CCOC[C@@H]2C)c2ccc(-c3cccc(CN4CC[C@H](O)C4)c3)nc2n1,1,IC50,7.54,1,CHEMBL3689004
C[C@H]1COCCN1c1nc(N2CCOC[C@@H]2C)c2ccc(-c3cccc(CS(C)(=O)=O)c3)nc2n1,1,IC50,7.05,1,CHEMBL3689005
C[C@H]1COCCN1c1nc(N2CCOC[C@@H]2C)c2ccc(-c3ccc(F)c(CN)c3)nc2n1,1,IC50,7.57,1,CHEMBL3689006
C[C@H]1COCCN1c1nc(N2CCOC[C@@H]2C)c2ccc(-c3ccc(F)c(CNC4CC4)c3)nc2n1,1,IC50,6.85,1,CHEMBL3689007
CC(C)NCc1cc(-c2ccc3c(N4CCOC[C@@H]4C)nc(N4CCOC[C@@H]4C)nc3n2)ccc1F,1,IC50,7.55,1,CHEMBL3689008
CNCc1cc(-c2ccc3c(N4CCOC[C@@H]4C)nc(N4CCOC[C@@H]4C)nc3n2)ccc1F,1,IC50,6.92,1,CHEMBL3689009
C[C@H]1COCCN1c1nc(N2CCOC[C@@H]2C)c2ccc(-c3ccc(F)c(CNC4CCOCC4)c3)nc2n1,1,IC50,6.89,1,CHEMBL3689010
C[C@H]1COCCN1c1nc(N2CCOC[C@@H]2C)c2ccc(-c3ccc(F)c(CNCC4CC4)c3)nc2n1,1,IC50,6.89,1,CHEMBL3689011
COCCNCc1cc(-c2ccc3c(N4CCOC[C@@H]4C)nc(N4CCOC[C@@H]4C)nc3n2)ccc1F,1,IC50,6.68,1,CHEMBL3639878
C[C@H]1COCCN1c1nc(N2CCOC[C@@H]2C)c2ccc(-c3ccc(F)c(CNCCO)c3)nc2n1,1,IC50,7.06,1,CHEMBL3689013
C[C@H]1COCCN1c1nc(N2CCOC[C@@H]2C)c2ccc(-c3ccc(F)c(CN4CC[C@@H](O)C4)c3)nc2n1,1,IC50,7.09,1,CHEMBL3689014
C[C@H]1COCCN1c1nc(N2CCOC[C@@H]2C)c2ccc(-c3ccc(F)c(CN4CCNCC4)c3)nc2n1,1,IC50,6.8,1,CHEMBL3689015
C[C@H]1COCCN1c1nc(N2CCOC[C@@H]2C)c2ccc(-c3ccc(F)c(CN(C)C)c3)nc2n1,1,IC50,6.24,1,CHEMBL3689016
C[C@H]1COCCN1c1nc(N2CCOC[C@@H]2C)c2ccc(-c3ccc(F)c(CN4CCN(C)CC4)c3)nc2n1,1,IC50,6.27,1,CHEMBL3689017
C[C@H]1COCCN1c1nc(N2CCOC[C@@H]2C)c2ccc(-c3ccc(F)c(CN4CCC[C@@H](O)C4)c3)nc2n1,1,IC50,6.7,1,CHEMBL3689018
CC(C)N(C)Cc1cc(-c2ccc3c(N4CCOC[C@@H]4C)nc(N4CCOC[C@@H]4C)nc3n2)ccc1F,1,IC50,6.66,1,CHEMBL3689019
COCCN(C)Cc1cc(-c2ccc3c(N4CCOC[C@@H]4C)nc(N4CCOC[C@@H]4C)nc3n2)ccc1F,1,IC50,6.34,1,CHEMBL3689020
C[C@H]1COCCN1c1nc(N2CCOC[C@@H]2C)c2ccc(-c3ccc(F)c(CN4CC[C@H](O)C4)c3)nc2n1,1,IC50,7.82,1,CHEMBL3689021
COc1ccc(-c2ccc3c(N4CCOC[C@@H]4C)nc(N4CCOC[C@@H]4C)nc3n2)cc1CNC1CC1,1,IC50,7.19,1,CHEMBL3689022
COc1ccc(-c2ccc3c(N4CCOC[C@@H]4C)nc(N4CCOC[C@@H]4C)nc3n2)cc1CNC(C)C,1,IC50,7.62,1,CHEMBL3689023
COc1ccc(-c2ccc3c(N4CCOC[C@@H]4C)nc(N4CCOC[C@@H]4C)nc3n2)cc1CNC1CCCC1,1,IC50,7.02,1,CHEMBL3689024
COc1ccc(-c2ccc3c(N4CCOC[C@@H]4C)nc(N4CCOC[C@@H]4C)nc3n2)cc1CNC1CCCCC1,1,IC50,7.19,1,CHEMBL3689025
COc1ccc(-c2ccc3c(N4CCOC[C@@H]4C)nc(N4CCOC[C@@H]4C)nc3n2)cc1CNCc1cccs1,1,IC50,6.96,1,CHEMBL3689026
COc1ccc(-c2ccc3c(N4CCOC[C@@H]4C)nc(N4CCOC[C@@H]4C)nc3n2)cc1CNC1CCOCC1,1,IC50,7.92,1,CHEMBL3689027
C#CC1(NCc2cc(-c3ccc4c(N5CCOC[C@@H]5C)nc(N5CCOC[C@@H]5C)nc4n3)ccc2OC)CCCCC1,1,IC50,7.22,1,CHEMBL3689028
COc1ccc(-c2ccc3c(N4CCOC[C@@H]4C)nc(N4CCOC[C@@H]4C)nc3n2)cc1CNCCC(C)(C)C,1,IC50,7.04,1,CHEMBL3689029
COc1ccc(-c2ccc3c(N4CCOC[C@@H]4C)nc(N4CCOC[C@@H]4C)nc3n2)cc1CNCCC(C)C,1,IC50,6.92,1,CHEMBL3689030
COc1ccc(-c2ccc3c(N4CCOC[C@@H]4C)nc(N4CCOC[C@@H]4C)nc3n2)cc1CNC(C)CC(C)C,1,IC50,7.02,1,CHEMBL3689031
CCN(CC)CCCNCc1cc(-c2ccc3c(N4CCOC[C@@H]4C)nc(N4CCOC[C@@H]4C)nc3n2)ccc1OC,1,IC50,8.42,1,CHEMBL3689032
COc1ccc(-c2ccc3c(N4CCOC[C@@H]4C)nc(N4CCOC[C@@H]4C)nc3n2)cc1CNC1CCCCC1C,1,IC50,6.96,1,CHEMBL3693379
COc1ccc(-c2ccc3c(N4CCOC[C@@H]4C)nc(N4CCOC[C@@H]4C)nc3n2)cc1CNCC1CC1,1,IC50,7.0,1,CHEMBL3693380
CCCCNCc1cc(-c2ccc3c(N4CCOC[C@@H]4C)nc(N4CCOC[C@@H]4C)nc3n2)ccc1OC,1,IC50,6.85,1,CHEMBL3693381
COc1ccc(-c2ccc3c(N4CCOC[C@@H]4C)nc(N4CCOC[C@@H]4C)nc3n2)cc1CNCC(C)C,1,IC50,7.42,1,CHEMBL3693382
COc1ccc(-c2ccc3c(N4CCOC[C@@H]4C)nc(N4CCOC[C@@H]4C)nc3n2)cc1CNCCO,1,IC50,7.89,1,CHEMBL3693383
COCCNCc1cc(-c2ccc3c(N4CCOC[C@@H]4C)nc(N4CCOC[C@@H]4C)nc3n2)ccc1OC,1,IC50,7.5,1,CHEMBL3693384
COc1ccc(-c2ccc3c(N4CCOC[C@@H]4C)nc(N4CCOC[C@@H]4C)nc3n2)cc1CNC1CCC(C)CC1,1,IC50,7.12,1,CHEMBL3693385
COc1ccc(CCNCc2cc(-c3ccc4c(N5CCOC[C@@H]5C)nc(N5CCOC[C@@H]5C)nc4n3)ccc2OC)cc1,1,IC50,6.92,1,CHEMBL3693386
COc1ccc(-c2ccc3c(N4CCOC[C@@H]4C)nc(N4CCOC[C@@H]4C)nc3n2)cc1CNCCc1cnc[nH]1,1,IC50,7.31,1,CHEMBL3693387
COc1ccc(-c2ccc3c(N4CCOC[C@@H]4C)nc(N4CCOC[C@@H]4C)nc3n2)cc1CNC1CCCCCCC1,1,IC50,7.23,1,CHEMBL3693388
CC(=O)NCc1cccc(-c2ccc3c(N4CCOC[C@@H]4C)nc(N4CCOC[C@@H]4C)nc3n2)c1,1,IC50,7.64,1,CHEMBL3693389
COCC(=O)NCc1cccc(-c2ccc3c(N4CCOC[C@@H]4C)nc(N4CCOC[C@@H]4C)nc3n2)c1,1,IC50,7.27,1,CHEMBL3693390
C[C@H]1COCCN1c1nc(N2CCOC[C@@H]2C)c2ccc(-c3cccc(CNC(=O)C4CC4)c3)nc2n1,1,IC50,6.92,1,CHEMBL3693391
CC(C)C(=O)NCc1cccc(-c2ccc3c(N4CCOC[C@@H]4C)nc(N4CCOC[C@@H]4C)nc3n2)c1,1,IC50,6.92,1,CHEMBL3693392
C[C@H]1COCCN1c1nc(N2CCOC[C@@H]2C)c2ccc(-c3cccc(CNC(=O)C4CCC4)c3)nc2n1,1,IC50,6.92,1,CHEMBL3693393
CC(C)CC(=O)NCc1cccc(-c2ccc3c(N4CCOC[C@@H]4C)nc(N4CCOC[C@@H]4C)nc3n2)c1,1,IC50,6.43,1,CHEMBL3693394
C[C@H]1COCCN1c1nc(N2CCOC[C@@H]2C)c2ccc(-c3cccc(CNC(=O)C(F)(F)F)c3)nc2n1,1,IC50,6.92,1,CHEMBL3693395
CC(=O)N(C)Cc1cccc(-c2ccc3c(N4CCOC[C@@H]4C)nc(N4CCOC[C@@H]4C)nc3n2)c1,1,IC50,6.72,1,CHEMBL3693396
COCC(=O)N(C)Cc1cccc(-c2ccc3c(N4CCOC[C@@H]4C)nc(N4CCOC[C@@H]4C)nc3n2)c1,1,IC50,6.7,1,CHEMBL3693397
C[C@H]1COCCN1c1nc(N2CCOC[C@@H]2C)c2ccc(-c3cccc(CN(C)C(=O)C4CC4)c3)nc2n1,1,IC50,6.51,1,CHEMBL3693398
CC(C)C(=O)N(C)Cc1cccc(-c2ccc3c(N4CCOC[C@@H]4C)nc(N4CCOC[C@@H]4C)nc3n2)c1,1,IC50,6.05,1,CHEMBL3693399
C[C@H]1COCCN1c1nc(N2CCOC[C@@H]2C)c2ccc(-c3cccc(CN(C)C(=O)C4CCC4)c3)nc2n1,1,IC50,7.31,1,CHEMBL3693400
C[C@H]1COCCN1c1nc(N2CCOC[C@@H]2C)c2ccc(-c3cccc(CN(C)C(=O)C(F)(F)F)c3)nc2n1,1,IC50,6.19,1,CHEMBL3693402
C[C@H]1COCCN1c1nc(N2CCOC[C@@H]2C)c2ccc(-c3cccc(CN(C)S(C)(=O)=O)c3)nc2n1,1,IC50,6.92,1,CHEMBL3693403
CCS(=O)(=O)N(C)Cc1cccc(-c2ccc3c(N4CCOC[C@@H]4C)nc(N4CCOC[C@@H]4C)nc3n2)c1,1,IC50,6.3,1,CHEMBL3693404
CC(=O)NCc1ccc(-c2ccc3c(N4CCOC[C@@H]4C)nc(N4CCOC[C@@H]4C)nc3n2)cc1,1,IC50,7.04,1,CHEMBL3693405
CC(=O)N(C)Cc1ccc(-c2ccc3c(N4CCOC[C@@H]4C)nc(N4CCOC[C@@H]4C)nc3n2)cc1,1,IC50,6.25,1,CHEMBL3693406
COCC(=O)N(C)Cc1ccc(-c2ccc3c(N4CCOC[C@@H]4C)nc(N4CCOC[C@@H]4C)nc3n2)cc1,1,IC50,6.17,1,CHEMBL3693407
CC(=O)NCc1cc(-c2ccc3c(N4CCOC[C@@H]4C)nc(N4CCOC[C@@H]4C)nc3n2)ccc1F,1,IC50,7.24,1,CHEMBL3693408
COCC(=O)NCc1cc(-c2ccc3c(N4CCOC[C@@H]4C)nc(N4CCOC[C@@H]4C)nc3n2)ccc1F,1,IC50,6.8,1,CHEMBL3693409
C[C@H]1COCCN1c1nc(N2CCOC[C@@H]2C)c2ccc(-c3ccc(F)c(CNC(=O)C4CC4)c3)nc2n1,1,IC50,6.85,1,CHEMBL3693410
CC(C)C(=O)NCc1cc(-c2ccc3c(N4CCOC[C@@H]4C)nc(N4CCOC[C@@H]4C)nc3n2)ccc1F,1,IC50,6.8,1,CHEMBL3693411
C[C@H]1COCCN1c1nc(N2CCOC[C@@H]2C)c2ccc(-c3ccc(F)c(CNC(=O)C4CCC4)c3)nc2n1,1,IC50,6.54,1,CHEMBL3693412
CC(C)CC(=O)NCc1cc(-c2ccc3c(N4CCOC[C@@H]4C)nc(N4CCOC[C@@H]4C)nc3n2)ccc1F,1,IC50,6.36,1,CHEMBL3693413
C[C@H]1COCCN1c1nc(N2CCOC[C@@H]2C)c2ccc(-c3ccoc3CO)nc2n1,1,IC50,7.89,1,CHEMBL3693415
C[C@H]1COCCN1c1nc(N2CCOC[C@@H]2C)c2ccc(-c3ccc(CNCCO)o3)nc2n1,1,IC50,6.23,1,CHEMBL3693416
C[C@H]1COCCN1c1nc(N2CCOC[C@@H]2C)c2ccc(-c3ccc(CNCCN(C)C)o3)nc2n1,1,IC50,6.89,1,CHEMBL3693417
CNCc1ccc(-c2ccc3c(N4CCOC[C@@H]4C)nc(N4CCOC[C@@H]4C)nc3n2)o1,1,IC50,7.03,1,CHEMBL3693418
CCNCc1ccc(-c2ccc3c(N4CCOC[C@@H]4C)nc(N4CCOC[C@@H]4C)nc3n2)o1,1,IC50,7.01,1,CHEMBL3693419
C[C@H]1COCCN1c1nc(N2CCOC[C@@H]2C)c2ccc(-c3ccc(CNC4CC4)o3)nc2n1,1,IC50,6.82,1,CHEMBL3693420
C[C@H]1COCCN1c1nc(N2CCOC[C@@H]2C)c2ccc(-c3ccc(CNC4CCOCC4)o3)nc2n1,1,IC50,6.91,1,CHEMBL3693421
C[C@H]1COCCN1c1nc(N2CCOC[C@@H]2C)c2ccc(-c3ccc(CNCC4CC4)o3)nc2n1,1,IC50,6.77,1,CHEMBL3693422
COCCNCc1ccc(-c2ccc3c(N4CCOC[C@@H]4C)nc(N4CCOC[C@@H]4C)nc3n2)o1,1,IC50,6.48,1,CHEMBL3693423
C[C@H]1COCCN1c1nc(N2CCOC[C@@H]2C)c2ccc(-c3ccc(CNc4cc[nH]n4)o3)nc2n1,1,IC50,7.1,1,CHEMBL3693424
C[C@H]1COCCN1c1nc(N2CCOC[C@@H]2C)c2ccc(-c3ccc(CNCC(N)=O)o3)nc2n1,1,IC50,6.91,1,CHEMBL3693425
CC(C)NCc1ccc(-c2ccc3c(N4CCOC[C@@H]4C)nc(N4CCOC[C@@H]4C)nc3n2)o1,1,IC50,6.85,1,CHEMBL3693426
C[C@H]1COCCN1c1nc(N2CCOC[C@@H]2C)c2ccc(-c3cccc(C(=O)NCCO)c3)nc2n1,1,IC50,7.55,1,CHEMBL2336326
COc1ccc(-c2ccc3c(N4CCOC[C@@H]4C)nc(N4CCOC[C@@H]4C)nc3n2)cc1C(=O)NCCO,1,IC50,7.1,1,CHEMBL3693427
CNC(=O)c1ccc(-c2ccc3c(N4CCOC[C@@H]4C)nc(N4CCOC[C@@H]4C)nc3n2)cn1,1,IC50,6.89,1,CHEMBL3693428
COCc1cc(-c2ccc3c(N4CCOC[C@@H]4C)nc(N4CCOC[C@@H]4C)nc3n2)ccc1F,1,IC50,7.06,1,CHEMBL3693430
C[C@H]1COCCN1c1nc(N2CCOC[C@@H]2C)c2ccc(-c3ccn(C)c(=O)c3)nc2n1,1,IC50,6.96,1,CHEMBL3693431
C[C@H]1COCCN1c1nc(N2CCOC[C@@H]2C)c2ccc(-c3cccc(N(C)S(C)(=O)=O)c3)nc2n1,1,IC50,6.43,1,CHEMBL3693432
C[C@@H]1CN(c2nc(N3CCOC[C@@H]3C)c3ncc(-c4ccccc4)nc3n2)C[C@H](C)O1,1,IC50,7.57,1,CHEMBL2331605
Cc1ccc(-c2cnc3c(N4CCOC[C@@H]4C)nc(N4C[C@@H](C)O[C@@H](C)C4)nc3n2)cc1,1,IC50,6.67,1,CHEMBL3693433
Cc1ccc(-c2cnc3c(N4CCOC[C@@H]4C)nc(N4CCOC[C@@H]4C)nc3n2)cc1,1,IC50,7.31,1,CHEMBL3693434
C[C@H]1COCCN1c1nc(N2CCOC[C@@H]2C)c2ncc(-c3ccccc3)nc2n1,1,IC50,7.58,1,CHEMBL3693435
Cc1ccc(-c2cnc3c(N4CCOC[C@@H]4C)nc(Cl)nc3n2)cc1,1,IC50,6.27,1,CHEMBL3693436
COc1cc(-c2ccc3c(N4CCOC[C@@H]4C)nc(N4CCOC[C@@H]4C)nc3n2)ccn1,1,IC50,6.62,1,CHEMBL3693437
C[C@H]1COCCN1c1nc(N2CCOC[C@@H]2C)c2ccc(-c3ccc(OCCN(C)C)nc3)nc2n1,1,IC50,6.48,1,CHEMBL3693438
C[C@H]1COCCN1c1nc(N2CCOC[C@@H]2C)c2ccc(-c3cc[nH]c(=O)c3)nc2n1,1,IC50,6.85,1,CHEMBL3693439
C[C@H]1COCCN1c1nc(N2CCOC[C@@H]2C)c2ccc(-c3ccnc(C#N)c3)nc2n1,1,IC50,6.32,1,CHEMBL3693440
C[C@H]1COCCN1c1nc(N2CCOC[C@@H]2C)c2ccc(-c3ccnc(C(N)=O)c3)nc2n1,1,IC50,6.72,1,CHEMBL3693441
C[C@H]1COCCN1c1nc(N2CCOC[C@@H]2C)c2ccc(-c3ccc(C#N)nc3)nc2n1,1,IC50,6.8,1,CHEMBL3693442
CNc1cc(-c2ccc3c(N4CCOC[C@@H]4C)nc(N4CCOC[C@@H]4C)nc3n2)ccn1,1,IC50,6.96,1,CHEMBL3693443
COc1ccc(-c2ccc3c(N4CCOC[C@@H]4C)nc(N4CCOC[C@@H]4C)nc3n2)cc1C(=O)O,1,IC50,9.82,1,CHEMBL3693444
COc1ccc(-c2ccc3c(N4CCOC[C@@H]4C)nc(N4CCOC[C@@H]4C)nc3n2)cc1C(N)=O,1,IC50,8.49,1,CHEMBL2336320
C[C@H]1COCCN1c1nc(N2CCOC[C@@H]2C)c2ccc(-c3cccc(NS(=O)(=O)CCO)c3)nc2n1,1,IC50,8.37,1,CHEMBL3693445
C[C@H]1COCCN1c1nc(N2CCOC[C@@H]2C)c2ccc(-c3cccc(NC(=O)C4CCCO4)c3)nc2n1,1,IC50,6.48,1,CHEMBL3693447
CC(=O)Nc1ccc(-c2ccc3c(N4CCOC[C@@H]4C)nc(N4CCOC[C@@H]4C)nc3n2)cn1,1,IC50,7.47,1,CHEMBL3693448
C[C@@H]1CN(c2nc(N3CCOC[C@@H]3C)c3ccc(Oc4ccccc4)nc3n2)C[C@H](C)O1,1,IC50,6.28,1,CHEMBL3693449
COc1ccc(-c2ccc3c(N4CCOC[C@@H]4C)nc(N4CCCC[C@H]4C)nc3n2)cc1CO,1,IC50,7.52,2,CHEMBL3693450
COc1ccc(-c2ccc3c(N4CCOC[C@@H]4C)nc(N)nc3n2)cc1CO,1,IC50,7.0,1,CHEMBL3693451
COc1ccc(-c2ccc3c(N4CCOC[C@@H]4C)nc(N4CCCCC4)nc3n2)cc1CO,1,IC50,7.18,1,CHEMBL3693452
COc1ccc(-c2ccc3c(N4CCOC[C@@H]4C)nc(N4CCCCCC4)nc3n2)cc1CO,1,IC50,6.82,1,CHEMBL3693453
COc1ccc(-c2ccc3c(N4CCOC[C@@H]4C)nc(N4CCCCC(N)C4)nc3n2)cc1CO,1,IC50,7.41,1,CHEMBL3693454
COc1ccc(-c2ccc3c(N4CCOC[C@@H]4C)nc(N4CCC(c5cccc(O)c5)CC4)nc3n2)cc1CO,1,IC50,7.42,1,CHEMBL3693455
COc1ccc(-c2ccc3c(N4CCOC[C@@H]4C)nc(N4CCC(CCO)CC4)nc3n2)cc1CO,1,IC50,7.51,1,CHEMBL3693456
COc1ccc(-c2ccc3c(N4CCOC[C@@H]4C)nc(N4CCCC(C(F)(F)F)C4)nc3n2)cc1CO,1,IC50,6.64,1,CHEMBL3693457
COc1ccc(-c2ccc3c(N4CCOC[C@@H]4C)nc(N4CCCC(C)C4)nc3n2)cc1CO,1,IC50,7.52,1,CHEMBL3693458
COc1ccc(-c2ccc3c(N4CCOC[C@@H]4C)nc(N4CCCC(c5ccccc5)C4)nc3n2)cc1CO,1,IC50,7.06,1,CHEMBL3693459
COc1ccc(-c2ccc3c(N4CCOC[C@@H]4C)nc(N4CCCC(O)C4)nc3n2)cc1CO,1,IC50,7.72,1,CHEMBL3693460
COc1ccc(-c2ccc3c(N4CCOC[C@@H]4C)nc(-n4ccnc4I)nc3n2)cc1CO,1,IC50,7.01,1,CHEMBL3693461
COc1ccc(-c2ccc3c(N4CCOC[C@@H]4C)nc(Nc4ccccc4)nc3n2)cc1CO,1,IC50,7.38,1,CHEMBL3693462
COc1ccc(-c2ccc3c(N4CCOC[C@@H]4C)nc(Nc4ccncn4)nc3n2)cc1CO,1,IC50,6.51,1,CHEMBL3693463
COc1ccc(-c2ccc3c(N4CCOC[C@@H]4C)nc(Nc4cccnc4)nc3n2)cc1CO,1,IC50,6.29,1,CHEMBL3693464
COc1ccc(-c2ccc3c(N4CCOC[C@@H]4C)nc(Nc4ccccn4)nc3n2)cc1CO,1,IC50,6.6,1,CHEMBL3693465
COc1ccc(-c2ccc3c(N4CCOC[C@@H]4C)nc(N4CCCC4)nc3n2)cc1CO,1,IC50,6.96,1,CHEMBL3693466
CCOC(=O)C1CCCN(c2nc(N3CCOC[C@@H]3C)c3ccc(-c4ccc(OC)c(CO)c4)nc3n2)C1,1,IC50,6.75,1,CHEMBL3639923
COc1ccc(-c2ccc3c(N4CCOC[C@@H]4C)nc(N4CCC(CN)CC4)nc3n2)cc1CO,1,IC50,7.43,1,CHEMBL3693467
COc1ccc(-c2ccc3c(N4CCOC[C@@H]4C)nc(N4CCC(C)CC4)nc3n2)cc1CO,1,IC50,7.27,1,CHEMBL3693468
CCOC(=O)C1CCN(c2nc(N3CCOC[C@@H]3C)c3ccc(-c4ccc(OC)c(CO)c4)nc3n2)CC1,1,IC50,7.14,1,CHEMBL3693469
COc1ccc(-c2ccc3c(N4CCOC[C@@H]4C)nc(N4CCC(C(N)=O)CC4)nc3n2)cc1CO,1,IC50,7.85,1,CHEMBL3693470
COc1ccc(C(=O)C2CCN(c3nc(N4CCOC[C@@H]4C)c4ccc(-c5ccc(OC)c(CO)c5)nc4n3)CC2)cc1,1,IC50,6.6,1,CHEMBL3693471
COc1ccc(-c2ccc3c(N4CCOC[C@@H]4C)nc(N4CCC(CO)CC4)nc3n2)cc1CO,1,IC50,7.85,1,CHEMBL3693472
COc1ccc(-c2ccc3c(N4CCOC[C@@H]4C)nc(N4CCCC(CO)C4)nc3n2)cc1CO,1,IC50,7.64,1,CHEMBL3693473
COc1ccc(-c2ccc3c(N4CCOC[C@@H]4C)nc(N4CCC(N5CCCCC5)CC4)nc3n2)cc1CO,1,IC50,7.06,1,CHEMBL3693474
COC(=O)[C@@H]1C[C@@H](O)CN1c1nc(N2CCOC[C@@H]2C)c2ccc(-c3ccc(OC)c(CO)c3)nc2n1,1,IC50,7.72,1,CHEMBL3693475
COc1ccc(-c2ccc3c(N4CCOC[C@@H]4C)nc(N4CC[C@H](O)C4)nc3n2)cc1CO,1,IC50,7.92,1,CHEMBL3693476
COc1ccc(-c2ccc3c(N4CCOC[C@@H]4C)nc(N4CCC(N5CCOCC5)CC4)nc3n2)cc1CO,1,IC50,7.85,1,CHEMBL3693477
COc1ccc(-c2ccc3c(N4CCOC[C@@H]4C)nc(N4CCC(N)CC4)nc3n2)cc1CO,1,IC50,7.11,1,CHEMBL3693478
COc1ccc(-c2ccc3c(N4CCOC[C@@H]4C)nc(N4CC(C)CC(C)C4)nc3n2)cc1CO,1,IC50,7.47,1,CHEMBL3693479
COc1ccc(-c2ccc3c(N4CCOC[C@@H]4C)nc(N4CCC(C(F)(F)F)CC4)nc3n2)cc1CO,1,IC50,6.64,1,CHEMBL3693480
COc1ccc(-c2ccc3c(N4CCOC[C@@H]4C)nc(N4CCC5CCCCC5C4)nc3n2)cc1CO,1,IC50,6.6,1,CHEMBL3693481
COC(=O)[C@@H]1CCCN1c1nc(N2CCOC[C@@H]2C)c2ccc(-c3ccc(OC)c(CO)c3)nc2n1,1,IC50,7.52,1,CHEMBL3693482
COc1ccc(-c2ccc3c(N4CCOC[C@@H]4C)nc(N4CCC(N5CCCC5)CC4)nc3n2)cc1CO,1,IC50,7.2,1,CHEMBL3693483
COc1ccc(-c2ccc3c(N4CCOC[C@@H]4C)nc(N4CCCC(OC)C4)nc3n2)cc1CO,1,IC50,7.66,1,CHEMBL3693484
COc1ccc(-c2ccc3c(N4CCOC[C@@H]4C)nc(N4CCC(C(=O)c5ccc(Cl)cc5)CC4)nc3n2)cc1CO,1,IC50,6.38,1,CHEMBL3693485
COc1ccc(-c2ccc3c(N4CCOC[C@@H]4C)nc(N4CCC(Cc5ccccc5)CC4)nc3n2)cc1CO,1,IC50,6.44,1,CHEMBL3693486
COc1ccc(-c2ccc3c(N4CCOC[C@@H]4C)nc(N4CCC(O)(c5ccccc5)CC4)nc3n2)cc1CO,1,IC50,7.11,1,CHEMBL3693487
COc1ccc(-c2ccc3c(N4CCOC[C@@H]4C)nc(N4CCC(C#N)(c5ccccc5)CC4)nc3n2)cc1CO,1,IC50,6.85,1,CHEMBL3693488
COc1ccc(-c2ccc3c(N4CCOC[C@@H]4C)nc(N4CCC[C@H]4C(N)=O)nc3n2)cc1CO,1,IC50,7.14,1,CHEMBL3693489
COc1ccc(-c2ccc3c(N4CCOC[C@@H]4C)nc(N4CCCC4C)nc3n2)cc1CO,1,IC50,7.89,1,CHEMBL3693490
COc1ccc(-c2ccc3c(N4CCOC[C@@H]4C)nc(N4CCC(c5ccc(Cl)cc5)CC4)nc3n2)cc1CO,1,IC50,6.72,1,CHEMBL3693491
COc1ccc(-c2ccc3c(N4CCOC[C@@H]4C)nc(N4CCCC(c5nc(C)no5)C4)nc3n2)cc1CO,1,IC50,7.1,1,CHEMBL3693492
COc1ccc(-c2ccc3c(N4CCOC[C@@H]4C)nc(N4CCCC(CN(C)C)C4)nc3n2)cc1CO,1,IC50,7.1,1,CHEMBL3693493
COc1ccc(-c2ccc3c(N4CCOC[C@@H]4C)nc(N4CCC(N(C5CC5)S(=O)(=O)c5ccc(Cl)cc5)CC4)nc3n2)cc1CO,1,IC50,6.11,1,CHEMBL3693494
COc1ccc(-c2ccc3c(N4CCOC[C@@H]4C)nc(N4CCCC(N)C4)nc3n2)cc1CO,1,IC50,6.96,1,CHEMBL3693495
COc1ccc(-c2ccc3c(N4CCOC[C@@H]4C)nc(NC(C)CC(C)C)nc3n2)cc1CO,1,IC50,6.57,1,CHEMBL3693496
COc1ccc(-c2ccc3c(N4CCOC[C@@H]4C)nc(NC4CCCC4)nc3n2)cc1CO,1,IC50,7.24,1,CHEMBL3693497
COCC(C)Nc1nc(N2CCOC[C@@H]2C)c2ccc(-c3ccc(OC)c(CO)c3)nc2n1,1,IC50,7.58,1,CHEMBL2336334
COc1ccc(-c2ccc3c(N4CCOC[C@@H]4C)nc(-n4ccnc4)nc3n2)cc1CO,1,IC50,7.06,1,CHEMBL2336318
COC(=O)c1cncn1-c1nc(N2CCOC[C@@H]2C)c2ccc(-c3ccc(OC)c(CO)c3)nc2n1,1,IC50,7.04,1,CHEMBL3693498
COc1ccc(-c2ccc3c(N4CCOC[C@@H]4C)nc(-n4cnc(C)c4C=O)nc3n2)cc1CO,1,IC50,6.8,1,CHEMBL3693499
COc1ccc(-c2ccc3c(N4CCOC[C@@H]4C)nc(-n4cnc(Br)c4)nc3n2)cc1CO,1,IC50,6.19,1,CHEMBL3693500
COc1ccc(-c2ccc3c(N4CCOC[C@@H]4C)nc(-n4cc(Br)nc4C)nc3n2)cc1CO,1,IC50,7.37,1,CHEMBL3693501
CCC1CCC(C)N(c2nc(N3CCOC[C@@H]3C)c3ccc(-c4ccc(OC)c(CO)c4)nc3n2)C1,1,IC50,6.72,1,CHEMBL3693502
COc1ccc(-c2ccc3c(N4CCOC[C@@H]4C)nc(N4CCC(c5ccccc5)CC4)nc3n2)cc1CO,1,IC50,6.1,1,CHEMBL3693503
COc1ccc(-c2ccc3c(N4CCOC[C@@H]4C)nc(N4CCOC(c5ccccc5)C4)nc3n2)cc1CO,1,IC50,7.11,1,CHEMBL3693504
COc1ccc(-c2ccc3c(N4CCOC[C@@H]4C)nc(N4C(C)CCC4C)nc3n2)cc1CO,1,IC50,7.33,1,CHEMBL3693505
COc1ccc(-c2ccc3c(N4CCOC[C@@H]4C)nc(N4CCC(c5ccncc5)CC4)nc3n2)cc1CO,1,IC50,6.5,1,CHEMBL3693506
COc1ccc(-c2ccc3c(N4CCOC[C@@H]4C)nc(N4CCC[C@H](O)C4)nc3n2)cc1CO,1,IC50,7.62,1,CHEMBL3693507
COc1ccc(-c2ccc3c(N4CCOC[C@@H]4C)nc(N4CCC[C@@H](O)C4)nc3n2)cc1CO,1,IC50,7.66,1,CHEMBL3693508
COc1ccc(-c2ccc3c(N4CCOC[C@@H]4C)nc(N4CCOc5ccccc54)nc3n2)cc1CO,1,IC50,6.21,1,CHEMBL3693509
COc1ccc(-c2ccc3c(N4CCOC[C@@H]4C)nc(N4CCCCC4CO)nc3n2)cc1CO,1,IC50,7.6,1,CHEMBL3693510
COc1ccc(-c2ccc3c(N4CCOC[C@@H]4C)nc(N4CC[C@@H](O)C4)nc3n2)cc1CO,1,IC50,8.0,1,CHEMBL2336332
COC[C@@H](C)Nc1nc(N2CCOC[C@@H]2C)c2ccc(-c3ccc(OC)c(CO)c3)nc2n1,1,IC50,7.24,1,CHEMBL3693511
CNc1nc(N2CCOC[C@@H]2C)c2ccc(-c3ccc(OC)c(CO)c3)nc2n1,1,IC50,7.31,1,CHEMBL3693512
CCNc1nc(N2CCOC[C@@H]2C)c2ccc(-c3ccc(OC)c(CO)c3)nc2n1,1,IC50,7.14,1,CHEMBL3693513
COc1ccc(-c2ccc3c(N4CCOC[C@@H]4C)nc(NC(C)C)nc3n2)cc1CO,1,IC50,7.52,1,CHEMBL3693514
COc1ccc(-c2ccc3c(N4CCOC[C@@H]4C)nc(NCCO)nc3n2)cc1CO,1,IC50,7.38,1,CHEMBL3693515
COc1ccc(-c2ccc3c(N4CCOC[C@@H]4C)nc(NCCF)nc3n2)cc1CO,1,IC50,7.21,1,CHEMBL3693516
COc1ccc(-c2ccc3c(N4CCOC[C@@H]4C)nc(NCC(N)=O)nc3n2)cc1CO,1,IC50,7.33,1,CHEMBL3693517
CNCCNc1nc(N2CCOC[C@@H]2C)c2ccc(-c3ccc(OC)c(CO)c3)nc2n1,1,IC50,6.96,1,CHEMBL3693518
COc1ccc(-c2ccc3c(N4CCOC[C@@H]4C)nc(N[C@H](C)CO)nc3n2)cc1CO,1,IC50,7.51,1,CHEMBL3693519
COc1ccc(-c2ccc3c(N4CCOC[C@@H]4C)nc(N[C@@H](C)CO)nc3n2)cc1CO,1,IC50,7.46,1,CHEMBL3693520
COCCNc1nc(N2CCOC[C@@H]2C)c2ccc(-c3ccc(OC)c(CO)c3)nc2n1,1,IC50,7.41,1,CHEMBL3693521
COc1ccc(-c2ccc3c(N4CCOC[C@@H]4C)nc(NCC(F)F)nc3n2)cc1CO,1,IC50,8.0,1,CHEMBL3693522
COc1ccc(-c2ccc3c(N4CCOC[C@@H]4C)nc(N4CCNCC4)nc3n2)cc1CO,1,IC50,8.59,1,CHEMBL3693523
COc1ccc(-c2ccc3c(N4CCOC[C@@H]4C)nc(NCCN(C)C)nc3n2)cc1CO,1,IC50,6.6,1,CHEMBL3693524
COc1ccc(-c2ccc3c(N4CCOC[C@@H]4C)nc(NC(C)(C)CO)nc3n2)cc1CO,1,IC50,7.75,1,CHEMBL3693525
COc1ccc(-c2ccc3c(N4CCOC[C@@H]4C)nc(NC(CO)CO)nc3n2)cc1CO,1,IC50,7.6,1,CHEMBL3693526
COc1ccc(-c2ccc3c(N4CCOC[C@@H]4C)nc(-n4ccnc4CO)nc3n2)cc1CO,1,IC50,6.43,1,CHEMBL3693527
COc1ccc(-c2ccc3c(N4CCOC[C@@H]4C)nc(N4CCNC(=O)C4)nc3n2)cc1CO,1,IC50,7.89,1,CHEMBL3693528
COc1ccc(-c2ccc3c(N4CCOC[C@@H]4C)nc(N4CCN(C)CC4)nc3n2)cc1CO,1,IC50,7.17,1,CHEMBL2336333
COc1ccc(-c2ccc3c(N4CCOC[C@@H]4C)nc(N4CCSCC4)nc3n2)cc1CO,1,IC50,7.11,1,CHEMBL3693529
COc1ccc(-c2ccc3c(N4CCOC[C@@H]4C)nc(N4CCN(CCO)CC4)nc3n2)cc1CO,1,IC50,7.17,1,CHEMBL3693530
COCCN(CCOC)c1nc(N2CCOC[C@@H]2C)c2ccc(-c3ccc(OC)c(CO)c3)nc2n1,1,IC50,7.26,1,CHEMBL3693531
COc1ccc(-c2ccc3c(N4CCOC[C@@H]4C)nc(N(CCO)CCO)nc3n2)cc1CO,1,IC50,8.02,1,CHEMBL3693532
COc1ccc(-c2ccc3c(N4CCOC[C@@H]4C)nc(N4CCC[C@H]4CO)nc3n2)cc1CO,1,IC50,7.64,1,CHEMBL3693533
COc1ccc(-c2ccc3c(N4CCOC[C@@H]4C)nc(N4CCC[C@@H]4CO)nc3n2)cc1CO,1,IC50,7.54,1,CHEMBL3693534
COc1ccc(-c2ccc3c(N4CCOC[C@@H]4C)nc(-n4ccnc4C)nc3n2)cc1CO,1,IC50,7.89,1,CHEMBL3693535
COc1ccc(-c2ccc3c(N4CCOC[C@@H]4C)nc(N4CCNC(=O)C4C)nc3n2)cc1CO,1,IC50,8.28,1,CHEMBL3693536
COc1ccc(-c2ccc3c(N4CCOC[C@@H]4C)nc(N[C@H](C)C(N)=O)nc3n2)cc1CO,1,IC50,8.24,1,CHEMBL3693537
COc1ccc(-c2ccc3c(N4CCOC[C@@H]4C)nc(N[C@@H](C)C(N)=O)nc3n2)cc1CO,1,IC50,7.57,1,CHEMBL3693538
COc1ccc(-c2ccc3c(N4CCOC[C@@H]4C)nc(N(C)CCO)nc3n2)cc1CO,1,IC50,8.2,1,CHEMBL3693539
COc1ccc(-c2ccc3c(N4CCOC[C@@H]4C)nc(N(CCO)C(C)C)nc3n2)cc1CO,1,IC50,8.33,1,CHEMBL3693540
COc1ccc(-c2ccc3c(N4CCOC[C@@H]4C)nc(NC(C)CN(C)C)nc3n2)cc1CO,1,IC50,7.01,1,CHEMBL3693541
COc1nc(N2CCOC[C@@H]2C)c2ccc(-c3ccc(OC)c(CO)c3)nc2n1,1,IC50,7.1,1,CHEMBL3693542
CCOc1nc(N2CCOC[C@@H]2C)c2ccc(-c3ccc(OC)c(CO)c3)nc2n1,1,IC50,7.37,1,CHEMBL3693543
COc1ccc(-c2ccc3c(N4CCOC[C@@H]4C)nc(OCCO)nc3n2)cc1CO,1,IC50,7.47,1,CHEMBL3693544
COCCOc1nc(N2CCOC[C@@H]2C)c2ccc(-c3ccc(OC)c(CO)c3)nc2n1,1,IC50,7.62,1,CHEMBL3693545
COc1ccc(-c2ccc3c(N4CCOC[C@@H]4C)nc(OCCN(C)C)nc3n2)cc1CO,1,IC50,6.92,1,CHEMBL3693546
COc1ccc(-c2ccc3c(N4CCOC[C@@H]4C)nc(OC(C)CN(C)C)nc3n2)cc1CO,1,IC50,7.1,1,CHEMBL3693547
COc1ccc(-c2ccc3c(N4CCOC[C@@H]4C)nc(OCCS(C)(=O)=O)nc3n2)cc1CO,1,IC50,6.15,1,CHEMBL3693548
CNCCOc1nc(N2CCOC[C@@H]2C)c2ccc(-c3ccc(OC)c(CO)c3)nc2n1,1,IC50,8.51,1,CHEMBL3693549
COc1ccc(-c2ccc3c(N4CCOC[C@@H]4C)nc(OCCC#N)nc3n2)cc1CO,1,IC50,6.68,1,CHEMBL3693550
COc1ccc(-c2ccc3c(N4CCOC[C@@H]4C)nc(N4CCCCO4)nc3n2)cc1CO,1,IC50,7.55,1,CHEMBL3693551
C[C@H]1CCCCN1c1nc(N2CCOC[C@@H]2C)c2ccc(-c3ccc(Cl)cc3)nc2n1,1,IC50,6.58,1,CHEMBL3693552
CCC1CCCCN1c1nc(N2CCOC[C@@H]2C)c2ccc(-c3ccc(Cl)cc3)nc2n1,1,IC50,6.4,1,CHEMBL3693553
C[C@@H]1CCCCN1c1nc(N2CCOC[C@@H]2C)c2ccc(-c3ccc(Cl)cc3)nc2n1,1,IC50,6.52,1,CHEMBL3693554
C[C@@H]1CN(c2nc(N3CCOC[C@@H]3C)c3ccc(-c4ccc(Cl)cc4)nc3n2)C[C@H](C)O1,1,IC50,6.82,1,CHEMBL3693555
C[C@H]1COCCN1c1nc(N2CCOCC2)nc2nc(-c3ccc(Cl)cc3)ccc12,1,IC50,6.82,1,CHEMBL3693556
C[C@H]1COCCN1c1nc(N2CCC(C(N)=O)CC2)nc2nc(-c3ccc(Cl)cc3)ccc12,1,IC50,7.28,1,CHEMBL3693557
C[C@H]1COCCN1c1nc(N2CCC(C(=O)N(C)C)CC2)nc2nc(-c3ccc(N)nc3)ccc12,1,IC50,7.22,1,CHEMBL3693560
COc1ccc(-c2ccc3c(N4CCOC[C@H]4C)nc(N4CCOC[C@@H]4C)nc3n2)cc1CO,1,IC50,8.03,1,CHEMBL3693561
COc1ccc(-c2ccc3c(N4CCOC[C@@H]4C)nc(N4CCOC[C@H]4C)nc3n2)cc1CO,1,IC50,7.58,1,CHEMBL3693562
COc1ccc(-c2ccc3c(N4CCOC[C@@H]4C)nc(-c4ccco4)nc3n2)cc1CO,1,IC50,7.32,1,CHEMBL3693563
COc1ccc(-c2ccc3c(N4CCOC[C@@H]4C)nc(-c4cccc(C=O)c4)nc3n2)cc1CO,1,IC50,7.75,1,CHEMBL3693564
COc1ccc(-c2ccc3c(N4CCOC[C@@H]4C)nc(-c4cccc(CO)c4)nc3n2)cc1CO,1,IC50,7.28,1,CHEMBL3693565
COc1ccc(-c2ccc3c(N4CCOC[C@@H]4C)nc(-c4cccc(-c5ccccc5)c4)nc3n2)cc1CO,1,IC50,6.6,1,CHEMBL3639924
COc1ccc(-c2ccc3c(N4CCOC[C@@H]4C)nc(-c4cccc(CN)c4)nc3n2)cc1CO,1,IC50,6.96,1,CHEMBL3693566
COc1cccc(-c2nc(N3CCOC[C@@H]3C)c3ccc(-c4ccc(OC)c(CO)c4)nc3n2)c1,1,IC50,7.02,2,CHEMBL3693575
COc1ccc(-c2ccc3c(N4CCOC[C@@H]4C)nc(-c4cc(C(=O)O)cc([N+](=O)[O-])c4)nc3n2)cc1CO,1,IC50,8.06,1,CHEMBL3693567
COC(=O)c1cccc(-c2nc(N3CCOC[C@@H]3C)c3ccc(-c4ccc(OC)c(CO)c4)nc3n2)c1,1,IC50,6.11,1,CHEMBL3693568
COc1ccc(-c2ccc3c(N4CCOC[C@@H]4C)nc(-c4cccc([N+](=O)[O-])c4)nc3n2)cc1CO,1,IC50,6.55,1,CHEMBL3693569
COc1ccc(-c2ccc3c(N4CCOC[C@@H]4C)nc(-c4cccnc4)nc3n2)cc1CO,1,IC50,7.24,1,CHEMBL3693570
COc1ccc(-c2ccc3c(N4CCOC[C@@H]4C)nc(-c4cccc(C(N)=O)c4)nc3n2)cc1CO,1,IC50,7.11,1,CHEMBL3693571
COCc1cccc(-c2nc(N3CCOC[C@@H]3C)c3ccc(-c4ccc(OC)c(CO)c4)nc3n2)c1,1,IC50,6.92,1,CHEMBL3693572
COc1ccc(-c2ccc3c(N4CCOC[C@@H]4C)nc(-c4cccc(C(F)(F)F)c4)nc3n2)cc1CO,1,IC50,6.39,1,CHEMBL3693573
COc1ccc(-c2ccc3c(N4CCOC[C@@H]4C)nc(-c4cccc(C)c4)nc3n2)cc1CO,1,IC50,6.66,1,CHEMBL3693574
COc1ccc(-c2nc(N3CCOC[C@@H]3C)c3ccc(-c4cccc(CO)c4)nc3n2)cn1,1,IC50,6.62,1,CHEMBL3693576
C[C@H]1COCCN1c1nc(-c2ccncc2)nc2nc(-c3cccc(CO)c3)ccc12,1,IC50,6.85,1,CHEMBL3693577
C[C@H]1COCCN1c1nc(-c2cccnc2)nc2nc(-c3cccc(CO)c3)ccc12,1,IC50,7.92,1,CHEMBL3693578
COc1ncccc1-c1nc(N2CCOC[C@@H]2C)c2ccc(-c3cccc(CO)c3)nc2n1,1,IC50,7.01,1,CHEMBL3693580
C[C@H]1COCCN1c1nc(-c2cccnc2F)nc2nc(-c3cccc(CO)c3)ccc12,1,IC50,7.26,1,CHEMBL3693581
C[C@H]1COCCN1c1nc(-c2cnn(C)c2)nc2nc(-c3cccc(CO)c3)ccc12,1,IC50,7.16,1,CHEMBL3693582
Cc1nn(C)c(C)c1-c1nc(N2CCOC[C@@H]2C)c2ccc(-c3cccc(CO)c3)nc2n1,1,IC50,7.07,1,CHEMBL3693583
C[C@H]1COCCN1c1nc(-c2cccnc2)nc2nc(-c3ccc(Cl)cc3)ccc12,1,IC50,6.09,1,CHEMBL3693584
COc1ccc(-c2ccc3c(N4CCOC[C@@H]4C)nc(NC(=O)c4ccccc4)nc3n2)cc1CO,1,IC50,6.17,1,CHEMBL3693586
CC(=O)OC(C)C(=O)Nc1nc(N2CCOC[C@@H]2C)c2ccc(-c3ccccc3)nc2n1,1,IC50,7.62,1,CHEMBL3693587
COc1ccc(-c2ccc3c(N4CCOC[C@@H]4C)ncnc3n2)cc1CO,1,IC50,6.7,1,CHEMBL3693588
COc1ccc(-c2ccc3c(N4CCOC[C@@H]4C)nc(N4C[C@@H](C)O[C@@H](C)C4)nc3n2)cc1CO,1,IC50,8.73,1,CHEMBL2335862
CCC1CCCCN1c1nc(N2CCOC[C@@H]2C)c2ccc(-c3ccc(OC)c(CO)c3)nc2n1,1,IC50,8.73,1,CHEMBL3688830
C[C@H]1COCCN1c1nc(N2CCOC[C@@H]2C)c2ccc(-c3ccccc3)nc2n1,1,IC50,8.61,1,CHEMBL3688831
C[C@H]1COCCN1c1nc(N2CCOC[C@@H]2C)c2ccc(-c3ccc(CNCCO)cc3)nc2n1,1,IC50,8.71,1,CHEMBL3688991
CCN1CC(C)(C)Oc2nc(N3CC4CCC(C3)O4)nc(-c3ccc(NC(=O)NC)c(F)c3)c2C1=O,1,IC50,7.64,1,CHEMBL3978752
CCN1CC(C)(C)Oc2nc(N3CCOC[C@@H]3C)nc(-c3ccc(NC(=O)NC)c(F)c3)c2C1=O,1,IC50,7.66,1,CHEMBL3908330
CCNC(=O)Nc1ccc(-c2nc(N3CCOC[C@@H]3C)nc3c2C(=O)N(CC)CC(C)(C)O3)cc1F,1,IC50,7.75,1,CHEMBL3960573
CCNC(=O)Nc1ccc(-c2nc(N3CC4CCC(C3)O4)nc3c2C(=O)N(C[C@@H]2CCCN2)CC(C)(C)O3)cc1F,1,IC50,6.14,1,CHEMBL3895113
CCNC(=O)Nc1ccc(-c2nc(N3CC4CCC(C3)O4)nc3c2C(=O)N(C[C@@H]2CCCN2C(=O)OCC)CC(C)(C)O3)cc1F,1,IC50,6.04,1,CHEMBL3924639
CCNC(=O)Nc1ccc(-c2nc(N3CC4CCC(C3)O4)nc3c2C(=O)N(CCC(=O)O)CC(C)(C)O3)cc1,1,IC50,7.77,1,CHEMBL3915652
CCNC(=O)Nc1ccc(-c2nc(N3CC4CCC(C3)O4)nc3c2C(=O)N(CCC(=O)N(C)C)CC(C)(C)O3)cc1,1,IC50,7.36,1,CHEMBL3985385
CCNC(=O)Nc1ccc(-c2nc(N3CC4CCC(C3)O4)nc3c2C(=O)N(CCCO)CC(C)(C)O3)cc1,1,IC50,7.19,1,CHEMBL3967162
CCNC(=O)Nc1ccc(-c2nc(N3CC4CCC(C3)O4)nc3c2C(=O)N(CC)CC(C)(C)O3)cc1,1,IC50,7.51,2,CHEMBL3890939
CCN1CC(C)(C)Oc2nc(N3CCOC[C@@H]3C)nc(-c3ccc(NC(=O)NC)cc3F)c2C1=O,1,IC50,7.89,1,CHEMBL3937989
CCN1CC(C)(C)Oc2nc(N3CCOC[C@@H]3C)nc(-c3ccc(NC(=O)Nc4ccncc4)cc3F)c2C1=O,1,IC50,7.77,1,CHEMBL3902079
CCN1CC(C)(C)Oc2nc(N3CC4CCC(C3)O4)nc(-c3ccc(NC(=O)Nc4ccc(N5CCN(C)CC5)cc4)c(F)c3)c2C1=O,1,IC50,6.88,1,CHEMBL3899047
CCNC(=O)Nc1ccc(-c2nc(N3CC4CCC(C3)O4)nc3c2C(=O)N(C2CCOCC2)CC(C)(C)O3)cc1,1,IC50,7.39,1,CHEMBL3905118
Cc1cc(NC(=O)Nc2ccc(-c3nc(N4CC5CCC(C4)O5)nc4c3C(=O)N(C3CCOCC3)CC(C)(C)O4)cc2)no1,1,IC50,7.92,1,CHEMBL3932069
Cn1ccc(NC(=O)Nc2ccc(-c3nc(N4CC5CCC(C4)O5)nc4c3C(=O)N(C3CCOCC3)CC(C)(C)O4)cc2)n1,1,IC50,7.72,1,CHEMBL3959575
CCN1CC(C)(C)Oc2nc(N3CC4CCC(C3)O4)nc(-c3ccc(NC(=O)Nc4cccc(OC(F)F)c4)cc3)c2C1=O,1,IC50,7.6,1,CHEMBL3970627
CCN1CC(C)(C)Oc2nc(N3CC4CCC(C3)O4)nc(-c3ccc(NC(=O)Nc4ccc(F)cc4F)cc3)c2C1=O,1,IC50,7.5,1,CHEMBL3945702
CCN1CC(C)(C)Oc2nc(N3CC4CCC(C3)O4)nc(-c3ccc(NC(=O)OC[C@H](C)O)c(F)c3)c2C1=O,1,IC50,6.54,1,CHEMBL3975060
COc1ccnc(NC(=O)Nc2ccc(-c3nc(N4CC5CCC(C4)O5)nc4c3C(=O)N(C)CC(C)(C)O4)cc2)c1,1,IC50,7.82,1,CHEMBL3950980
CCN1CC(C)(C)Oc2nc(N3CC4CCC(C3)O4)nc(-c3ccc(NC(=O)Nc4ccc(OC5CCN(C)CC5)nc4)c(F)c3)c2C1=O,1,IC50,7.12,1,CHEMBL3954271
CCN1CC(C)(C)Oc2nc(N3CCOC[C@@H]3C)nc(-c3ccc(NC(=O)Nc4ccc(C(=O)N5CCC(N(C)C)CC5)cc4)cc3)c2C1=O,1,IC50,7.29,1,CHEMBL3903485
CCN1CC(C)(C)Oc2nc(N3CC4CCC(C3)O4)nc(-c3ccc(NC(=O)Nc4ccc(N5CCCC5)cn4)cc3)c2C1=O,1,IC50,6.89,1,CHEMBL3946655
CCN1CC(C)(C)Oc2nc(N3CCOC[C@@H]3C)nc(-c3ccc(NC(=O)Nc4ccon4)c(C)c3)c2C1=O,1,IC50,6.95,1,CHEMBL3918830
CCN1CC(C)(C)Oc2nc(N3CC4CCC(C3)O4)nc(-c3ccc(NC(=O)N[C@H](C)CO)c(F)c3)c2C1=O,1,IC50,6.41,1,CHEMBL4108956
CCN1CC(C)(C)Oc2nc(N3CC4CCC(C3)O4)nc(-c3ccc(NC(=O)Nc4cncc(OC)n4)cc3)c2C1=O,1,IC50,7.23,1,CHEMBL3958894
CCN1CC(C)(C)Oc2nc(N3CC4CCC(C3)O4)nc(-c3ccc(NC(=O)Nc4ccc(N5CCOC[C@@H]5C)nc4)c(F)c3)c2C1=O,1,IC50,7.42,1,CHEMBL3904337
CCN1CC(C)(C)Oc2nc(N3CC4CCC(C3)O4)nc(-c3ccc(NC(=O)Nc4ccc(N5CCOC[C@H]5C)nc4)c(F)c3)c2C1=O,1,IC50,7.68,1,CHEMBL4115267
CCN1CC(C)(C)Oc2nc(N3CC4CCC(C3)O4)nc(-c3ccc(NC(=O)Nc4ccc(N5CCCCC5)nc4)c(F)c3)c2C1=O,1,IC50,7.19,1,CHEMBL3941317
CCN1CC(C)(C)Oc2nc(N3CC4CCC(C3)O4)nc(-c3ccc(NC(=O)Nc4ccc(N5CCCC5)nc4)c(F)c3)c2C1=O,1,IC50,7.08,1,CHEMBL3909894
CCN1CC(C)(C)Oc2nc(N3CC4CCC(C3)O4)nc(-c3ccc(NC(=O)Nc4ccccn4)cc3)c2C1=O,1,IC50,7.62,1,CHEMBL3913253
CCN1CC(C)(C)Oc2nc(N3CC4CCC(C3)O4)nc(-c3ccc(NC(=O)Nc4ccc(C)cn4)cc3)c2C1=O,1,IC50,7.37,1,CHEMBL3983092
CCN1CC(C)(C)Oc2nc(N3CC4CCC(C3)O4)nc(-c3ccc(NC(=O)Nc4cc(OC)ccn4)cc3)c2C1=O,1,IC50,7.43,1,CHEMBL3927742
CCN1CC(C)(C)Oc2nc(N3CCOC[C@@H]3C)nc(-c3ccc(NC(=O)Nc4cccc(C)n4)cc3)c2C1=O,1,IC50,7.26,1,CHEMBL3951952
CC[C@H]1COCCN1c1nc2c(c(-c3ccc(NC(=O)Nc4ccc(C)nc4)c(F)c3)n1)C(=O)N(CC)CC(C)(C)O2,1,IC50,6.91,1,CHEMBL3984896
CNC(=O)Nc1ccc(-c2nc(N3CC4CCC(C3)O4)nc3c2C(=O)N(C)CC(C)(C)O3)cc1,1,IC50,7.66,1,CHEMBL3915101
CN1CC(C)(C)Oc2nc(N3CC4CCC(C3)O4)nc(-c3ccc(NC(=O)Nc4ccccn4)cc3)c2C1=O,1,IC50,7.58,1,CHEMBL3976821
CCN1CC(C)(C)Oc2nc(N3CC4CCC(C3)O4)nc(-c3ccc(NC(=O)Nc4ccc(OCCOC)cn4)cc3)c2C1=O,1,IC50,7.25,1,CHEMBL3909760
CN1CC(C)(C)Oc2nc(N3C4CCC3COC4)nc(-c3ccc(NC(=O)Nc4ccccn4)cc3)c2C1=O,1,IC50,7.46,1,CHEMBL3971848
Cc1ccc(NC(=O)Nc2ccc(-c3nc(N4CC5CCC(C4)O5)nc4c3C(=O)N(C)CC(C)(C)O4)cc2)nc1,1,IC50,7.37,1,CHEMBL3900695
CNC(=O)Nc1ccc(-c2nc(N3C4CCC3COC4)nc3c2C(=O)N(C)CC(C)(C)O3)cc1,1,IC50,7.57,1,CHEMBL3963046
CCN1CC(C)(C)Oc2nc(N3CC4CCC(C3)O4)nc(-c3ccc(NC(=O)Nc4ccc(OC)cn4)cc3)c2C1=O,1,IC50,7.47,1,CHEMBL3890540
CNC(=O)Nc1ccc(-c2nc(N3CC4CCC(C3)O4)nc3c2C(=O)N(C)CC(C)(C)O3)cc1F,1,IC50,7.62,1,CHEMBL3923382
CNC(=O)Nc1ccc(-c2nc(N3C4CCC3COC4)nc3c2C(=O)N(C)CC(C)(C)O3)cc1F,1,IC50,7.58,1,CHEMBL3969786
CCN1CC(C)(C)Oc2nc(N3CC4CCC(C3)O4)nc(-c3ccc(NC(=O)NC)cc3F)c2C1=O,1,IC50,7.47,1,CHEMBL3948113
Cc1ccc(NC(=O)Nc2ccc(-c3nc(N4C5CCC4COC5)nc4c3C(=O)N(C)CC(C)(C)O4)cc2)nc1,1,IC50,7.33,1,CHEMBL3955316
COc1ccc(NC(=O)Nc2ccc(-c3nc(N4C5CCC4COC5)nc4c3C(=O)N(C)CC(C)(C)O4)cc2)nc1,1,IC50,7.5,1,CHEMBL3979076
CCN1CC(C)(C)Oc2nc(N3C4CCC3COC4)nc(-c3ccc(NC(=O)Nc4cccnc4)c(F)c3)c2C1=O,1,IC50,7.41,1,CHEMBL3946609
CCN1CC(C)(C)Oc2nc(N3C4CCC3COC4)nc(-c3ccc(NC(=O)Nc4ccncc4)c(F)c3)c2C1=O,1,IC50,7.7,1,CHEMBL3970833
CCN1CC(C)(C)Oc2nc(N3CC4CC35CC5O4)nc(-c3ccc(NC(=O)Nc4ccncc4)c(F)c3)c2C1=O,1,IC50,7.75,1,CHEMBL3941267
CCN1CC(C)(C)Oc2nc(N3CCOC[C@@H]3C)nc(-c3ccc(NC(=O)O[C@H]4CCC[C@H]4O)cc3)c2C1=O,1,IC50,6.65,1,CHEMBL3956322
COc1ccc(NC(=O)Nc2ccc(-c3nc(N4CC5CCC(C4)O5)nc4c3C(=O)N(C)CC(C)(C)O4)cc2)nc1,1,IC50,7.5,1,CHEMBL3932273
CCN1CC(C)(C)Oc2nc(N3C4CCC3COC4)nc(-c3ccc(NC(=O)Nc4ccnc(C)c4)c(F)c3)c2C1=O,1,IC50,7.18,1,CHEMBL3909708
CCN1CC(C)(C)Oc2nc(N3CC4CC35CC5O4)nc(-c3ccc(NC(=O)Nc4ccnc(C)c4)c(F)c3)c2C1=O,1,IC50,7.39,1,CHEMBL3983518
CCN1CC(C)(C)Oc2nc(N3CC4CCC(C3)O4)nc(-c3ccc(NC(=O)N[C@@H](C)CO)c(F)c3)c2C1=O,1,IC50,6.62,1,CHEMBL3915048
CCN1CC(C)(C)Oc2nc(N3CC4CC35CC5O4)nc(-c3ccc(NC(=O)Nc4cc(C)nc(C)c4)c(F)c3)c2C1=O,1,IC50,7.55,1,CHEMBL3963551
Cc1cc(NC(=O)Nc2ccc(-c3nc(N4C5CCC4COC5)nc4c3C(=O)N(C)CC(C)(C)O4)cc2F)ccn1,1,IC50,7.17,1,CHEMBL3924065
Cc1cc(NC(=O)Nc2ccc(-c3nc(N4CC5CCC(C4)O5)nc4c3C(=O)N(C)CC(C)(C)O4)cc2F)ccn1,1,IC50,7.24,1,CHEMBL3951769
CCN1CC(C)(C)Oc2nc(N3CC4CCC(C3)O4)nc(-c3ccc(NC(=O)O[C@@H](C)CO)c(F)c3)c2C1=O,1,IC50,6.0,1,CHEMBL3928536
CCN1CC(C)(C)Oc2nc(N3CC4CCC(C3)O4)nc(-c3ccc(NC(=O)O[C@H](C)CO)c(F)c3)c2C1=O,1,IC50,6.18,1,CHEMBL4106960
CCN1CC(C)(C)Oc2nc(N3C4CCC3COC4)nc(-c3ccc(NC(=O)Nc4ccccn4)cc3)c2C1=O,1,IC50,7.51,1,CHEMBL3943113
CCN1CC(C)(C)Oc2nc(N3CC4CCC(C3)O4)nc(-c3ccc(NC(=O)Nc4ccc(N(C)C)cn4)cc3)c2C1=O,1,IC50,7.62,1,CHEMBL3891810
CCN1CC(C)(C)Oc2nc(N3C4CCC3COC4)nc(-c3ccc(NC(=O)OCCO)cc3)c2C1=O,1,IC50,7.57,1,CHEMBL3929170
Cc1ccc(NC(=O)Nc2ccc(-c3nc(N4CC5CCC(C4)O5)nc4c3C(=O)N(C)CC(C)(C)O4)cc2F)cn1,1,IC50,7.8,1,CHEMBL3901218
Cc1ccc(NC(=O)Nc2ccc(-c3nc(N4C5CCC4COC5)nc4c3C(=O)N(C)CC(C)(C)O4)cc2F)cn1,1,IC50,7.82,1,CHEMBL3952358
CN1CC(C)(C)Oc2nc(N3C4CCC3COC4)nc(-c3ccc(NC(=O)Nc4ccncc4)cc3)c2C1=O,1,IC50,7.92,1,CHEMBL3906660
CN1CC(C)(C)Oc2nc(N3CC4CCC(C3)O4)nc(-c3ccc(NC(=O)Nc4ccncc4)cc3)c2C1=O,1,IC50,8.22,1,CHEMBL3943611
COc1ccnc(NC(=O)Nc2ccc(-c3nc(N4C5CCC4COC5)nc4c3C(=O)N(C)CC(C)(C)O4)cc2)c1,1,IC50,7.57,1,CHEMBL3915648
CCN1CC(C)(C)Oc2nc(N3CC4CCC(C3)O4)nc(-c3ccc(NC(=O)Nc4ccncc4)cc3F)c2C1=O,1,IC50,7.68,1,CHEMBL3924494
CCN1CC(C)(C)Oc2nc(N3CC4CCC(C3)O4)nc(-c3ccc(NC(=O)Nc4ccc(N5CCC(O)C5)cn4)cc3)c2C1=O,1,IC50,7.64,1,CHEMBL3899980
C[C@H]1COCCN1c1ccc(NC(=O)Nc2ccc(-c3nc(N4CC5CCC(C4)O5)nc4c3C(=O)N(C)CC(C)(C)O4)cc2F)cn1,1,IC50,7.15,1,CHEMBL3905605
C[C@H]1COCCN1c1ccc(NC(=O)Nc2ccc(-c3nc(N4C5CCC4COC5)nc4c3C(=O)N(C)CC(C)(C)O4)cc2F)cn1,1,IC50,7.19,1,CHEMBL3909036
CCN1CC(C)(C)Oc2nc(N3C4CCC3COC4)nc(-c3ccc(NC(=O)Nc4ccncc4F)cc3)c2C1=O,1,IC50,7.4,1,CHEMBL3897204
CCN1CC(C)(C)Oc2nc(N3CC4CCC(C3)O4)nc(-c3ccc(NC(=O)Nc4ccncc4F)c(F)c3)c2C1=O,1,IC50,7.55,1,CHEMBL3928694
CCN1CC(C)(C)Oc2nc(N3CC4CCC(C3)O4)nc(-c3ccc(NC(=O)Nc4ccc(OC5CCOC5)cc4)c(F)c3)c2C1=O,1,IC50,7.25,1,CHEMBL3891738
CCN1CC(C)(C)Oc2nc(N3CC4CCC(C3)O4)nc(-c3ccc(NC(=O)Nc4ccnc(N(C)C)c4)c(F)c3)c2C1=O,1,IC50,7.05,1,CHEMBL3919788
CCN1CC(C)(C)Oc2nc(N3C4CCC3COC4)nc(-c3ccc(NC(=O)Nc4cc(OC)ccn4)cc3)c2C1=O,1,IC50,7.28,1,CHEMBL3890517
CCN1CC(C)(C)Oc2nc(N3CC4CCC(C3)O4)nc(-c3ccc(NC(=O)Nc4ccnc(N5CCN(S(C)(=O)=O)CC5)c4)c(F)c3)c2C1=O,1,IC50,7.14,1,CHEMBL3914977
CCN1CC(C)(C)Oc2nc(N3CC4CCC(C3)O4)nc(-c3ccc(NC(=O)Nc4ccc(N5CCN(C(=O)OC)CC5)nc4)c(F)c3)c2C1=O,1,IC50,6.91,1,CHEMBL3906150
CN1CC(C)(C)Oc2nc(N3C4CCC3COC4)nc(-c3ccc(NC(=O)Nc4ccncc4)c(F)c3)c2C1=O,1,IC50,7.68,1,CHEMBL3934130
CN1CC(C)(C)Oc2nc(N3CC4CCC(C3)O4)nc(-c3ccc(NC(=O)Nc4ccncc4)c(F)c3)c2C1=O,1,IC50,7.7,1,CHEMBL3904948
CCN1CC(C)(C)Oc2nc(N3CC4CCC(C3)O4)nc(-c3ccc(NC(=O)Nc4ccccn4)cc3F)c2C1=O,1,IC50,7.64,1,CHEMBL3936477
CN1CC(C)(C)Oc2nc(N3CC4CCC(C3)O4)nc(-c3ccc(NC(=O)Nc4ccncc4F)cc3)c2C1=O,1,IC50,7.62,1,CHEMBL3900200
CCN1CC(C)(C)Oc2nc(N3CC4CCC(C3)O4)nc(-c3ccc(NC(=O)Nc4ccnc5[nH]ccc45)c(F)c3)c2C1=O,1,IC50,6.42,1,CHEMBL3928171
C[C@@H]1COCCN1c1ccc(NC(=O)Nc2ccc(-c3nc(N4CC5CCC(C4)O5)nc4c3C(=O)N(C)CC(C)(C)O4)cc2F)cn1,1,IC50,7.24,1,CHEMBL4108332
CCN1CC(C)(C)Oc2nc(N3CC4CCC(C3)O4)nc(-c3ccc(NC(=O)OC[C@H](C)O)cc3)c2C1=O,1,IC50,6.7,1,CHEMBL3937154
CCN1CC(C)(C)Oc2nc(N3C4CCC3COC4)nc(-c3ccc(NC(=O)Nc4cc(OC)ccn4)cc3F)c2C1=O,1,IC50,7.08,1,CHEMBL3914585
CCN1CC(C)(C)Oc2nc(N3CC4CCC(C3)O4)nc(-c3ccc(NC(=O)Nc4cc(C)nc(C)n4)c(F)c3)c2C1=O,1,IC50,6.35,1,CHEMBL3942601
CCN1CC(C)(C)Oc2nc(N3CCOC[C@@H]3C)nc(-c3ccc(NC(=O)Nc4cc(C)nc(C)n4)cc3)c2C1=O,1,IC50,7.28,1,CHEMBL3927107
CCN1CC(C)(C)Oc2nc(N3C4CCC3COC4)nc(-c3ccc(NC(=O)Nc4ccncn4)cc3)c2C1=O,1,IC50,7.4,1,CHEMBL3951327
CCN1CC(C)(C)Oc2nc(N3C4CCC3COC4)nc(-c3ccc(NC(=O)Nc4cc(C)nc(C)n4)cc3)c2C1=O,1,IC50,7.14,1,CHEMBL3936062
CCNC(=O)Nc1ccc(-c2nc(N3CCOCC3)nc3c2C(=O)NCC(C)(C)O3)cc1,1,IC50,6.95,1,CHEMBL3965936
CC1(C)CNC(=O)c2c(nc(N3CCOCC3)nc2-c2ccc(N)nc2)O1,1,IC50,6.21,1,CHEMBL3978467
CCNC(=O)Nc1ccc(-c2nc(N3CCOCC3)nc3c2C(=O)N(CC)CC(C)(C)O3)cc1,1,IC50,7.14,1,CHEMBL3912230
CCNC(=O)Nc1ccc(-c2nc(N3CCOCC3)nc3c2C(=O)N(CC)CCO3)cc1,1,IC50,6.1,1,CHEMBL3927688
CCNC(=O)Nc1ccc(-c2nc(N3CCOC[C@@H]3C)nc3c2C(=O)N(CC)CC(C)(C)O3)cc1,1,IC50,7.58,1,CHEMBL3899666
CCN1CC(C)(C)Oc2nc(N3CCOCC3)nc(-c3ccc(N)cc3)c2C1=O,1,IC50,6.03,1,CHEMBL3983105
CCN1CC(C)(C)Oc2nc(N3CCOCC3)nc(-c3ccc(NC(=O)OC)cc3)c2C1=O,1,IC50,6.71,1,CHEMBL3944386
CCN1CC(C)(C)Oc2nc(N3CC4CCC(C3)O4)nc(-c3ccc(NC(=O)OC)cc3)c2C1=O,1,IC50,6.75,1,CHEMBL3897742
CCOC(=O)Nc1ccc(-c2nc(N3CC4CCC(C3)O4)nc3c2C(=O)N(CC)CC(C)(C)O3)cc1,1,IC50,6.36,1,CHEMBL3922289
CCC(=O)Nc1ccc(-c2nc(N3CC4CCC(C3)O4)nc3c2C(=O)N(CC)CC(C)(C)O3)cc1,1,IC50,6.33,1,CHEMBL3906651
CCNC(=O)Nc1ccc(-c2nc(N3CC4CCC(C3)O4)nc3c2C(=O)N(CC)CC(C)(C)O3)cc1F,1,IC50,7.35,1,CHEMBL3902096
CCN1CC(C)(C)Oc2nc(N3CC4CCC(C3)O4)nc(-c3ccc(NC(=O)Nc4cccnc4)cc3)c2C1=O,1,IC50,7.7,1,CHEMBL3963623
CCN1CC(C)(C)Oc2nc(N3CC4CCC(C3)O4)nc(-c3ccc(NC(=O)Nc4ccnn4C)cc3)c2C1=O,1,IC50,6.83,1,CHEMBL3920568
CCN1CC(C)(C)Oc2nc(N3CC4CCC(C3)O4)nc(-c3ccc(NC(=O)Nc4cc(C)on4)cc3)c2C1=O,1,IC50,7.38,1,CHEMBL3892574
CCN1CC(C)(C)Oc2nc(N3CC4CCC(C3)O4)nc(-c3ccc(NC(=O)NCCO)cc3)c2C1=O,1,IC50,7.6,1,CHEMBL3929469
CCN1CC(C)(C)Oc2nc(N3CC4CCC(C3)O4)nc(-c3ccc(NC(=O)Nc4nc5ccccc5[nH]4)cc3)c2C1=O,1,IC50,7.24,1,CHEMBL3905018
CCN1CC(C)(C)Oc2nc(N3CC4CCC(C3)O4)nc(-c3ccc(NC(=O)NCCCO)cc3)c2C1=O,1,IC50,6.98,1,CHEMBL3906075
CCNC(=O)Nc1ccc(-c2nc(N3CC4CCC(C3)O4)nc3c2C(=O)N(CCC(=O)OC(C)(C)C)CC(C)(C)O3)cc1,1,IC50,6.46,1,CHEMBL3919008
CCN1CC(C)(C)Oc2nc(N3CC4CCC(C3)O4)nc(-c3ccc(Nc4nnc(C)s4)cc3)c2C1=O,1,IC50,7.18,1,CHEMBL3915060
CCN1CC(C)(C)Oc2nc(N3CC4CCC(C3)O4)nc(-c3ccc(NC(=O)Nc4ccn(C)n4)cc3)c2C1=O,1,IC50,7.72,1,CHEMBL3981628
CCN1CC(C)(C)Oc2nc(N3CC4CCC(C3)O4)nc(-c3ccc(NC(=O)NCCF)cc3)c2C1=O,1,IC50,7.66,1,CHEMBL3912820
CCN1CC(C)(C)Oc2nc(N3CC4CCC(C3)O4)nc(-c3ccc(NC(=O)Nc4ccc(OC)nc4)c(F)c3)c2C1=O,1,IC50,7.7,2,CHEMBL3916088
CCN1CC(C)(C)Oc2nc(N3CC4CCC(C3)O4)nc(-c3ccc(NC(=O)Nc4cnccn4)cc3)c2C1=O,1,IC50,7.8,1,CHEMBL3957873
CCN1CC(C)(C)Oc2nc(N3CC4CCC(C3)O4)nc(-c3ccc(NC(=O)Nc4cnn(C)c4)cc3)c2C1=O,1,IC50,7.89,1,CHEMBL3986566
CCN1CC(C)(C)Oc2nc(N3CC4CCC(C3)O4)nc(-c3ccc(NC(=O)Nc4cccc(OC)c4)cc3)c2C1=O,1,IC50,7.8,1,CHEMBL3942682
CCN1CC(C)(C)Oc2nc(N3CC4CCC(C3)O4)nc(-c3ccc(NC(=O)NCCOC)c(F)c3)c2C1=O,1,IC50,6.42,1,CHEMBL3949231
CCNC(=O)Nc1ccc(-c2nc(N3CC4CCC(C3)O4)nc3c2C(=O)N(C2CCN(C)CC2)CC(C)(C)O3)cc1,1,IC50,6.61,1,CHEMBL3981392
CCN1CC(C)(C)Oc2nc(N3CC4CCC(C3)O4)nc(-c3ccc(NC(=O)NC4CC4)c(F)c3)c2C1=O,1,IC50,7.48,1,CHEMBL3967736
CCN1CC(C)(C)Oc2nc(N3CC4CCC(C3)O4)nc(-c3ccc(NC(=O)Nc4ccon4)c(F)c3)c2C1=O,1,IC50,7.96,1,CHEMBL3898334
CCN1CC(C)(C)Oc2nc(N3CC4CCC(C3)O4)nc(-c3ccc(NC(=O)Nc4cnc(OC)nc4)c(F)c3)c2C1=O,1,IC50,7.47,1,CHEMBL3966219
CCN1CC(C)(C)Oc2nc(N3CC4CCC(C3)O4)nc(-c3ccc(NC(=O)NC4COC4)c(F)c3)c2C1=O,1,IC50,7.54,1,CHEMBL3911954
CCN1CC(C)(C)Oc2nc(N3CC4CCC(C3)O4)nc(-c3ccc(NC(=O)Nc4ccc(F)c(OC)c4)c(F)c3)c2C1=O,1,IC50,6.52,1,CHEMBL3958472
CCN1CC(C)(C)Oc2nc(N3CC4CCC(C3)O4)nc(-c3ccc(NC(=O)Nc4cncc(OC)n4)c(F)c3)c2C1=O,1,IC50,6.6,1,CHEMBL3912834
CCN1CC(C)(C)Oc2nc(N3CC4CCC(C3)O4)nc(-c3ccc(NC(=O)Nc4ccc(OC)nn4)c(F)c3)c2C1=O,1,IC50,7.35,1,CHEMBL3986092
CCN1CC(C)(C)Oc2nc(N3CCOC[C@@H]3C)nc(-c3ccc(NC(=O)Nc4ccc(OC)nc4)c(F)c3)c2C1=O,1,IC50,7.47,1,CHEMBL3903818
CCN1CC(C)(C)Oc2nc(N3CC4CCC(C3)O4)nc(-c3ccc(NC(=O)Nc4cccc(OC)n4)c(F)c3)c2C1=O,1,IC50,6.3,1,CHEMBL3974718
CCN1CC(C)(C)Oc2nc(N3CC4CCC(C3)O4)nc(-c3ccc(NC(=O)Nc4cnn(C)c4)c(F)c3)c2C1=O,1,IC50,7.72,1,CHEMBL3890590
CCN1CC(C)(C)Oc2nc(N3CC4CCC(C3)O4)nc(-c3ccc(NC(=O)Nc4ccnc(OC)n4)c(F)c3)c2C1=O,1,IC50,6.98,1,CHEMBL3956206
CCN1CC(C)(C)Oc2nc(N3CC4CCC(C3)O4)nc(-c3ccc(NC(=O)Nc4ccc(OC)nn4)cc3)c2C1=O,1,IC50,7.46,1,CHEMBL3932628
CCN1CC(C)(C)Oc2nc(N3CC4CCC(C3)O4)nc(-c3ccc(NC(=O)Nc4cccc(C(F)(F)F)c4)cc3)c2C1=O,1,IC50,6.74,1,CHEMBL3916167
COc1ccc(NC(=O)Nc2ccc(-c3nc(N4CC5CCC(C4)O5)nc4c3C(=O)N(C3CCOCC3)CC(C)(C)O4)cc2)cn1,1,IC50,7.17,1,CHEMBL3944119
CCN1CC(C)(C)Oc2nc(N3CCOC[C@@H]3C)nc(-c3ccc(NC(=O)NCC(F)(F)F)c(F)c3)c2C1=O,1,IC50,6.95,1,CHEMBL3914913
CCN1CC(C)(C)Oc2nc(N3CCOC[C@@H]3C)nc(-c3ccc(NC(=O)NC4CC4)c(F)c3)c2C1=O,1,IC50,7.4,1,CHEMBL3939461
CCNC(=O)Nc1ccc(-c2nc(N3CCOC[C@@H]3CC)nc3c2C(=O)N(CC)CC(C)(C)O3)cc1F,1,IC50,6.94,1,CHEMBL3930603
CCN1CC(C)(C)Oc2nc(N3CC4CCC(C3)O4)nc(-c3ccc(Nc4nnc(C)[nH]4)c(F)c3)c2C1=O,1,IC50,6.46,1,CHEMBL3958091
CC1(C)CN(C2CCOCC2)C(=O)c2c(nc(N3CC4CCC(C3)O4)nc2-c2ccc(NC(=O)Nc3ccon3)c(F)c2)O1,1,IC50,7.51,1,CHEMBL3929323
CCN1CC(C)(C)Oc2nc(N3CC4CCC(C3)O4)nc(-c3ccc(NC(=O)Nc4ccc(C(F)(F)F)cc4F)cc3)c2C1=O,1,IC50,6.74,1,CHEMBL3960354
CCN1CC(C)(C)Oc2nc(N3CC4CCC(C3)O4)nc(-c3ccc(NC(=O)Nc4cc(OC)c(F)cc4F)cc3)c2C1=O,1,IC50,7.1,1,CHEMBL3976928
C[C@H]1COCCN1c1nc2c(c(-c3ccc(NC(=O)Nc4ccon4)c(F)c3)n1)C(=O)N(C1CCOCC1)CC(C)(C)O2,1,IC50,7.57,1,CHEMBL3947641
CC1(C)CN(C2CCOCC2)C(=O)c2c(nc(N3CC4CCC(C3)O4)nc2-c2ccc(NC(=O)Nc3ccon3)cc2)O1,1,IC50,7.57,1,CHEMBL3984997
CCN1CC(C)(C)Oc2nc(N3CC4CCC(C3)O4)nc(-c3ccc(NC(=O)Nc4ccccn4)c(F)c3)c2C1=O,1,IC50,7.19,1,CHEMBL3953002
CCN1CC(C)(C)Oc2nc(N3CCOC[C@@H]3C)nc(-c3ccc(NC(=O)Nc4ccon4)c(F)c3)c2C1=O,1,IC50,7.75,1,CHEMBL3892705
CCN1CC(C)(C)Oc2nc(N3CCOC[C@@H]3C)nc(-c3ccc(NC(=O)Nc4cnccn4)c(F)c3)c2C1=O,1,IC50,7.39,1,CHEMBL3961707
CCN1CC(C)(C)Oc2nc(N3CCOC[C@@H]3C)nc(-c3ccc(NC(=O)Nc4ccc(C)nc4)c(F)c3)c2C1=O,1,IC50,7.42,1,CHEMBL3972628
COCCN1CC(C)(C)Oc2nc(N3CC4CCC(C3)O4)nc(-c3ccc(NC(=O)Nc4ccc(F)cc4F)cc3)c2C1=O,1,IC50,6.83,1,CHEMBL3946500
CCN1CC(C)(C)Oc2nc(N3CCOC[C@@H]3C)nc(-c3ccc(NC(=O)Nc4ccc(OC)cn4)c(F)c3)c2C1=O,1,IC50,7.26,1,CHEMBL3983827
CCN1CC(C)(C)Oc2nc(N3CCOC[C@@H]3C)nc(-c3ccc(NC(=O)Nc4ccc(C)cn4)c(F)c3)c2C1=O,1,IC50,7.07,1,CHEMBL3955193
CCN1CC(C)(C)Oc2nc(N3CC4CCC(C3)O4)nc(-c3ccc(NC(=O)Nc4ccon4)c(C)c3)c2C1=O,1,IC50,6.75,1,CHEMBL3970027
CCN1CC(C)(C)Oc2nc(N3CCOC[C@@H]3C)nc(-c3ccc(NC(=O)Nc4ccn(C)n4)c(F)c3)c2C1=O,1,IC50,7.07,1,CHEMBL3898823
CCN1CC(C)(C)Oc2nc(N3CCOC[C@@H]3C)nc(-c3ccc(NC(=O)Nc4cnc(C)cn4)c(F)c3)c2C1=O,1,IC50,7.21,1,CHEMBL3908213
CCN1CC(C)(C)Oc2nc(N3CCOC[C@@H]3C)nc(-c3ccc(NC(=O)Nc4ccc(C)cn4)cc3)c2C1=O,1,IC50,7.75,2,CHEMBL3907841
CCN1CC(C)(C)Oc2nc(N3CCOC[C@@H]3C)nc(-c3ccc(NC(=O)Nc4nnc(C)o4)c(F)c3)c2C1=O,1,IC50,6.97,1,CHEMBL3913302
CCN1CC(C)(C)Oc2nc(N3CCOC[C@@H]3C)nc(-c3ccc(NC(=O)Nc4ccc(N5CCN(C)CC5)nc4)c(F)c3)c2C1=O,1,IC50,7.43,1,CHEMBL3897756
COCCN1CC(C)(C)Oc2nc(N3CC4CCC(C3)O4)nc(-c3ccc(NC(=O)Nc4ccon4)cc3)c2C1=O,1,IC50,7.7,1,CHEMBL3922301
CCN1CC(C)(C)Oc2nc(N3CCOC[C@@H]3C)nc(-c3ccc(NC(=O)Nc4ccc(OC)cn4)cc3)c2C1=O,1,IC50,7.92,1,CHEMBL3904381
CCN1CC(C)(C)Oc2nc(N3CCOC[C@@H]3C)nc(-c3ccc(NC(=O)Nc4ccc(N5CCN(C)CC5)nc4)cc3)c2C1=O,1,IC50,7.66,1,CHEMBL3932385
CCN1CC(C)(C)Oc2nc(N3CC4CCC(C3)O4)nc(-c3ccc(NC(=O)Nc4ccc(OC)nc4)c(C)c3)c2C1=O,1,IC50,6.23,1,CHEMBL3907351
CCN1CC(C)(C)Oc2nc(N3CC4CCC(C3)O4)nc(-c3ccc(NC(=O)Nc4ccc(C(=O)N(C)CCN(C)C)cc4)cc3)c2C1=O,1,IC50,7.16,1,CHEMBL3980955
CCN1CC(C)(C)Oc2nc(N3CC4CCC(C3)O4)nc(-c3ccc(NC(=O)Nc4ccc(C(=O)N5CCC(N(C)C)CC5)cc4)cc3)c2C1=O,1,IC50,7.08,1,CHEMBL3898326
COCCN1CC(C)(C)Oc2nc(N3CC4CCC(C3)O4)nc(-c3ccc(NC(=O)Nc4ccc(OC)nc4)c(F)c3)c2C1=O,1,IC50,7.35,1,CHEMBL3969513
COCCN1CC(C)(C)Oc2nc(N3CC4CCC(C3)O4)nc(-c3ccc(NC(=O)Nc4ccon4)c(F)c3)c2C1=O,1,IC50,7.24,1,CHEMBL3892916
COCCN1CC(C)(C)Oc2nc(N3CCOC[C@@H]3C)nc(-c3ccc(NC(=O)Nc4ccon4)cc3)c2C1=O,1,IC50,7.96,1,CHEMBL3958463
CCN1CC(C)(C)Oc2nc(N3CCOC[C@@H]3C)nc(-c3ccc(NC(=O)Nc4cc(OC)ccn4)c(F)c3)c2C1=O,1,IC50,7.13,1,CHEMBL3981934
CCN1CC(C)(C)Oc2nc(N3CCOC[C@@H]3C)nc(-c3ccc(NC(=O)Nc4cn(C)cn4)c(F)c3)c2C1=O,1,IC50,7.58,1,CHEMBL3953184
CCN1CC(C)(C)Oc2nc(N3CC4CCC(C3)O4)nc(-c3ccc(Nc4nnc(-c5ccc(OC)nc5)[nH]4)c(F)c3)c2C1=O,1,IC50,6.89,1,CHEMBL3977525
CCN1CC(C)(C)Oc2nc(N3CCOC[C@@H]3C)nc(-c3ccc(NC(=O)Nc4cc(OC)ccn4)cc3)c2C1=O,1,IC50,7.92,1,CHEMBL3944480
CCN1CC(C)(C)Oc2nc(N3CC4CCC(C3)O4)nc(-c3ccc(NC(=O)Nc4ccc(C)nc4)c(F)c3)c2C1=O,1,IC50,7.62,1,CHEMBL3899512
CCN1CC(C)(C)Oc2nc(N3CCOC[C@@H]3C)nc(-c3ccc(NC(=O)OCCO)cc3)c2C1=O,1,IC50,7.6,1,CHEMBL3974020
CCN1CC(C)(C)Oc2nc(N3CCOC[C@@H]3C)nc(-c3ccc(NC(=O)Nc4ccc(N5CCOCC5)nc4)c(F)c3)c2C1=O,1,IC50,7.43,1,CHEMBL3890547
COCCN1CC(C)(C)Oc2nc(N3CCOC[C@@H]3C)nc(-c3ccc(NC(=O)Nc4ccc(F)cc4F)cc3)c2C1=O,1,IC50,7.2,1,CHEMBL3959624
COc1ccc(NC(=O)Nc2ccc(-c3nc(N4CCOC[C@@H]4C)nc4c3C(=O)N(C3CCOCC3)CC(C)(C)O4)cc2F)cn1,1,IC50,7.21,1,CHEMBL3982990
CCN1CC(C)(C)Oc2nc(N3CC4CCC(C3)O4)nc(-c3ccc(NC(=O)Nc4ccc(C(=O)NCC(C)(C)O)cc4)cc3)c2C1=O,1,IC50,7.4,1,CHEMBL3950899
CCN1CC(C)(C)Oc2nc(N3CCOC[C@@H]3C)nc(-c3ccc(NC(=O)Nc4ccc(F)cc4F)cc3)c2C1=O,1,IC50,7.62,1,CHEMBL3975008
CCN1CC(C)(C)Oc2nc(N3CCOC[C@@H]3C)nc(-c3ccc(NC(=O)Nc4ccccn4)c(F)c3)c2C1=O,1,IC50,7.54,1,CHEMBL3945623
CCN1CC(C)(C)Oc2nc(N3CCOC[C@@H]3C)nc(-c3ccc(NC(=O)Oc4cccc(OC)c4)cc3)c2C1=O,1,IC50,6.01,1,CHEMBL3960655
CCN1CC(C)(C)Oc2nc(N3CC4CCC(C3)O4)nc(-c3ccc(NC(=O)Nc4cn(C)cn4)c(F)c3)c2C1=O,1,IC50,7.57,1,CHEMBL3936728
CCN1CC(C)(C)Oc2nc(N3CC4CCC(C3)O4)nc(-c3ccc(NC(=O)Nc4ccc(N5CCN(C)CC5)nc4)c(F)c3)c2C1=O,1,IC50,7.21,1,CHEMBL3930831
CCN1CC(C)(C)Oc2nc(N3CCOC[C@@H]3C)nc(-c3ccc(NC(=O)Nc4ccc(OC)nc4)c(C)c3)c2C1=O,1,IC50,6.56,1,CHEMBL3958314
COCCN1CC(C)(C)Oc2nc(N3CC4CCC(C3)O4)nc(-c3ccc(NC(=O)Nc4ccc(OC)nc4)cc3)c2C1=O,1,IC50,6.93,1,CHEMBL3936252
CCN1CC(C)(C)Oc2nc(N3CC4CCC(C3)O4)nc(-c3ccc(NC(=O)Nc4cnc(OC)cn4)cc3)c2C1=O,1,IC50,7.24,1,CHEMBL3970745
CCN1CC(C)(C)Oc2nc(N3CCOC[C@@H]3C)nc(-c3ccc(NC(=O)Nc4ccnc(C)c4)c(F)c3)c2C1=O,1,IC50,7.41,1,CHEMBL3945169
CCN1CC(C)(C)Oc2nc(N3CC4CCC(C3)O4)nc(-c3ccc(NC(=O)Nc4ccc(N5CCOCC5)nc4)c(F)c3)c2C1=O,1,IC50,7.28,1,CHEMBL3974594
COCCN1CC(C)(C)Oc2nc(N3CCOC[C@@H]3C)nc(-c3ccc(NC(=O)Nc4cnn(C)c4)cc3)c2C1=O,1,IC50,7.32,1,CHEMBL3957262
CCN1CC(C)(C)Oc2nc(N3CCOC[C@@H]3C)nc(-c3ccc(NC(=O)Nc4ccccc4F)cc3)c2C1=O,1,IC50,7.72,1,CHEMBL3982586
CCN1CC(C)(C)Oc2nc(N3CC4CCC(C3)O4)nc(-c3ccc(NC(=O)Nc4ccc(CN5CCCCC5)cc4)cc3)c2C1=O,1,IC50,7.02,1,CHEMBL3966167
CCN1CC(C)(C)Oc2nc(N3CCOC[C@@H]3C)nc(-c3ccc(NC(=O)Nc4cccc(OC(F)F)c4)cc3)c2C1=O,1,IC50,7.21,1,CHEMBL3894827
CCN1CC(C)(C)Oc2nc(N3CC4CCC(C3)O4)nc(-c3ccc(NC(=O)Nc4ccc(N5CCN(C)CC5)cc4)cc3)c2C1=O,1,IC50,7.2,1,CHEMBL3899745
CCN1CC(C)(C)Oc2nc(N3C[C@@H]4C[C@H]3CO4)nc(-c3ccc(NC(=O)NC)c(F)c3)c2C1=O,1,IC50,6.84,1,CHEMBL3970894
CCN1CC(C)(C)Oc2nc(N3C4CCC3COC4)nc(-c3ccc(NC(=O)NC)c(F)c3)c2C1=O,1,IC50,7.75,1,CHEMBL3979520
CCN1CC(C)(C)Oc2nc(N3CCOC[C@@H]3C)nc(-c3ccc(NC(=O)Nc4cc(OC)c(F)cc4F)cc3)c2C1=O,1,IC50,7.09,1,CHEMBL3912425
CCN1CC(C)(C)Oc2nc(N3CCOC[C@@H]3C)nc(-c3ccc(NC(=O)OCCO)c(F)c3)c2C1=O,1,IC50,6.81,1,CHEMBL3961744
CNC(=O)Nc1ccc(-c2nc(N3CC4CCC(C3)O4)nc3c2C(=O)N(CCOC)CC(C)(C)O3)cc1F,1,IC50,7.39,1,CHEMBL3954545
CCNC(=O)Nc1ccc(-c2nc(N3CC4CCC(C3)O4)nc3c2C(=O)N(CCOC)CC(C)(C)O3)cc1F,1,IC50,7.06,1,CHEMBL3918592
CCN1CC(C)(C)Oc2nc(N3CCOC[C@@H]3C)nc(-c3ccc(NC(=O)Nc4cccc(OC(C)F)c4)c(F)c3)c2C1=O,1,IC50,6.85,1,CHEMBL3959841
CCN1CC(C)(C)Oc2nc(N3CCOC[C@@H]3C)nc(-c3ccc(NC(=O)Nc4cc(OC)ccc4F)cc3)c2C1=O,1,IC50,7.32,1,CHEMBL3965674
CCN1CC(C)(C)Oc2nc(N3CCOC[C@@H]3C)nc(-c3ccc(NC(=O)Nc4ccc(C(=O)N(C)CCN(C)C)cc4)cc3)c2C1=O,1,IC50,7.32,1,CHEMBL3933002
COCCN1CC(C)(C)Oc2nc(N3CCOC[C@@H]3C)nc(-c3ccc(NC(=O)Nc4cccc(OC(F)F)c4)cc3)c2C1=O,1,IC50,6.9,1,CHEMBL3929564
CCNC(=O)Nc1ccc(-c2nc(N3CC4CCC(C3)O4)nc3c2C(=O)N(CCOC)CC(C)(C)O3)cc1,1,IC50,7.23,1,CHEMBL3961518
CCN1CC(C)(C)Oc2nc(N3CCOC[C@@H]3C)nc(-c3ccc(NC(=O)Nc4ccc(N5CCN(C)CC5)cn4)cc3)c2C1=O,1,IC50,7.24,1,CHEMBL3892525
CCN1CC(C)(C)Oc2nc(N3CCOC[C@@H]3C)nc(-c3ccc(NC(=O)Nc4ccc(C(=O)NCC(C)(C)O)cc4)cc3)c2C1=O,1,IC50,7.42,1,CHEMBL3952837
COCCN1CC(C)(C)Oc2nc(N3CC4CCC(C3)O4)nc(-c3ccc(NC(=O)Nc4cccc(OC(C)F)c4)c(F)c3)c2C1=O,1,IC50,6.46,1,CHEMBL3984825
CCN1CC(C)(C)Oc2nc(N3CCOC[C@@H]3C)nc(-c3ccc(NC(=O)Nc4ccccn4)cc3)c2C1=O,1,IC50,7.89,1,CHEMBL3947476
CCN1CC(C)(C)Oc2nc(N3CC4CCC(C3)O4)nc(-c3ccc(NC(=O)OCCO)c(F)c3)c2C1=O,1,IC50,6.91,1,CHEMBL3976753
CCN1CC(C)(C)Oc2nc(N3CC4CCC(C3)O4)nc(-c3ccc(NC(=O)Nc4cccnc4)c(F)c3)c2C1=O,1,IC50,7.7,1,CHEMBL3941033
CNC(=O)Nc1ccc(-c2nc(N3CCOC[C@@H]3C)nc3c2C(=O)N(CCOC)CC(C)(C)O3)cc1F,1,IC50,7.44,1,CHEMBL3976288
CCN1CC(C)(C)Oc2nc(N3CCOC[C@@H]3C)nc(-c3ccc(NC(=O)Nc4ccc(N5CCOCC5)cc4)c(F)c3)c2C1=O,1,IC50,7.12,1,CHEMBL3967784
CC[C@H]1COCCN1c1nc2c(c(-c3ccc(NC(=O)NC)c(F)c3)n1)C(=O)N(CC)CC(C)(C)O2,1,IC50,7.16,1,CHEMBL3938220
CCN1CC(C)(C)Oc2nc(N3C4CCC3COC4)nc(-c3ccc(NC(=O)Nc4ccc(C)nc4)c(F)c3)c2C1=O,1,IC50,7.37,1,CHEMBL3920179
CCN1CC(C)(C)Oc2nc(N3CC4CCC(C3)O4)nc(-c3ccc(NC(=O)Nc4ccc(C(F)(F)F)nc4)c(F)c3)c2C1=O,1,IC50,7.11,1,CHEMBL3895683
CCN1CC(C)(C)Oc2nc(N3CCOC[C@@H]3C)nc(-c3ccc(NC(=O)Nc4ccncc4)c(F)c3)c2C1=O,1,IC50,7.8,1,CHEMBL3981126
CCN1CC(C)(C)Oc2nc(N3CCOC[C@@H]3C)nc(-c3ccc(NC(=O)Nc4cnc(N5CCOCC5)cn4)cc3)c2C1=O,1,IC50,7.5,1,CHEMBL3952325
CCN1CC(C)(C)Oc2nc(N3CC4CCC(C3)O4)nc(-c3ccc(NC(=O)Nc4cnc(N5CCOCC5)cn4)c(F)c3)c2C1=O,1,IC50,7.17,1,CHEMBL3941599
CCN1CC(C)(C)Oc2nc(N3CC4CCC(C3)O4)nc(-c3ccc(NC(=O)Nc4cnc(N(C)C)cn4)c(F)c3)c2C1=O,1,IC50,7.17,1,CHEMBL3910206
CCN1CC(C)(C)Oc2nc(N3CC4CCC(C3)O4)nc(-c3ccc(NC(=O)Nc4ccc(N5CCN(S(C)(=O)=O)CC5)cc4)c(F)c3)c2C1=O,1,IC50,7.05,1,CHEMBL3973425
CCN1CC(C)(C)Oc2nc(N3CC4CCC(C3)O4)nc(-c3ccc(NC(=O)Nc4ccc(N5CCN(C(=O)OC)CC5)cc4)c(F)c3)c2C1=O,1,IC50,6.95,1,CHEMBL3902420
CCN1CC(C)(C)Oc2nc(N3CC4CCC(C3)O4)nc(-c3ccc(NC(=O)Nc4ccc(N5CCS(=O)(=O)CC5)cc4)c(F)c3)c2C1=O,1,IC50,7.41,1,CHEMBL3984640
C[C@@H](CO)OC(=O)Nc1ccc(-c2nc(N3CC4CCC(C3)O4)nc3c2C(=O)N(C)CC(C)(C)O3)cc1,1,IC50,6.17,1,CHEMBL3911420
CCN1CC(C)(C)Oc2nc(N3C4CCC3COC4)nc(-c3ccc(NC(=O)Nc4cc(C)nc(C)c4)c(F)c3)c2C1=O,1,IC50,6.78,1,CHEMBL3893570
CCN1CC(C)(C)Oc2nc(N3CCOC[C@@H]3C)nc(-c3ccc(NC(=O)Nc4cc(OC)ccn4)cc3F)c2C1=O,1,IC50,7.05,1,CHEMBL3896907
CCN1CC(C)(C)Oc2nc(N3C4CCC3COC4)nc(-c3ccc(NC(=O)OCCO)cc3F)c2C1=O,1,IC50,7.2,1,CHEMBL3966011
CN1CC(C)(C)Oc2nc(N3CC4CCC(C3)O4)nc(-c3ccc(NC(=O)Oc4ccc(N5CC6CCC(C5)O6)cc4)c(F)c3)c2C1=O,1,IC50,7.22,1,CHEMBL3894647
CN1CC(C)(C)Oc2nc(N3CC4CCC(C3)O4)nc(-c3ccc(NC(=O)Nc4ccc(N5C6CCC5COC6)nc4)c(F)c3)c2C1=O,1,IC50,7.2,1,CHEMBL3906633
CCN1CC(C)(C)Oc2nc(N3CC4CCC(C3)O4)nc(-c3ccc(NC(=O)OCCO)cc3F)c2C1=O,1,IC50,7.09,1,CHEMBL3977285
CCN1CC(C)(C)Oc2nc(N3CC4CCC(C3)O4)nc(-c3ccc(NC(=O)Nc4ccc(C#N)nc4)c(F)c3)c2C1=O,1,IC50,7.58,1,CHEMBL3985232
CC[C@H]1COCCN1c1ccc(NC(=O)Nc2ccc(-c3nc(N4CCOC[C@@H]4C)nc4c3C(=O)N(CC)CC(C)(C)O4)cc2F)cn1,1,IC50,7.17,1,CHEMBL3982081
CC[C@H]1COCCN1c1ccc(NC(=O)Nc2ccc(-c3nc(N4C5CCC4COC5)nc4c3C(=O)N(CC)CC(C)(C)O4)cc2F)cn1,1,IC50,6.44,1,CHEMBL3892946
CCN1CC(C)(C)Oc2nc(N3CC4CCC(C3)O4)nc(-c3ccc(NC(=O)Nc4ccc(N5CCOCC5)cn4)cc3)c2C1=O,1,IC50,7.44,1,CHEMBL3961960
CCN1CC(C)(C)Oc2nc(N3CC4CCC(C3)O4)nc(-c3ccc(NC(=O)Nc4ccc(N5CC6CCC(C5)O6)cn4)cc3)c2C1=O,1,IC50,7.19,1,CHEMBL3963825
CCN1CC(C)(C)Oc2nc(N3CCOC[C@@H]3C)nc(-c3ccc(NC(=O)Nc4ccc(N5C[C@@H]6C[C@H]5CO6)nc4)c(F)c3)c2C1=O,1,IC50,7.17,1,CHEMBL3976146
CCN1CC(C)(C)Oc2nc(N3C4CCC3COC4)nc(-c3ccc(NC(=O)Nc4ccc(N5C[C@@H]6C[C@H]5CO6)nc4)c(F)c3)c2C1=O,1,IC50,7.14,1,CHEMBL3969907
CCN1CC(C)(C)Oc2nc(N3C4CCC3COC4)nc(-c3ccc(NC(=O)NC4CC4)c(F)c3)c2C1=O,1,IC50,7.17,1,CHEMBL3940347
CCNC(=O)Nc1ccc(-c2nc(N3C4CCC3COC4)nc3c2C(=O)N(CC)CC(C)(C)O3)cc1F,1,IC50,7.14,1,CHEMBL3975621
CCN1CC(C)(C)Oc2nc(N3CCOC[C@@H]3C)nc(-c3ccc(NC(=O)Nc4ccc(N5CCOCC5(C)C)nc4)c(F)c3)c2C1=O,1,IC50,6.71,1,CHEMBL3978660
CCN1CC(C)(C)Oc2nc(N3C4CCC3COC4)nc(-c3ccc(NC(=O)Nc4ccc(N5CCOCC5(C)C)nc4)c(F)c3)c2C1=O,1,IC50,6.85,1,CHEMBL3970512
CCN1CC(C)(C)Oc2nc(N3CCOC[C@@H]3C)nc(-c3ccc(NC(=O)Nc4ccc(N5CC6CCC(C5)O6)nc4)c(F)c3)c2C1=O,1,IC50,7.28,1,CHEMBL3899327
CCN1CC(C)(C)Oc2nc(N3C4CCC3COC4)nc(-c3ccc(NC(=O)Nc4ccc(N5CC6CCC(C5)O6)nc4)c(F)c3)c2C1=O,1,IC50,7.06,1,CHEMBL3969319
CCN1CC(C)(C)Oc2nc(N3CC4CCC(C3)O4)nc(-c3ccc(NC(=O)Nc4ccnc(N5CC6CCC(C5)O6)c4)c(F)c3)c2C1=O,1,IC50,6.76,1,CHEMBL3894665
CCN1CC(C)(C)Oc2nc(N3CC4CCC(C3)O4)nc(-c3ccc(NC(=O)Nc4ccnc(N5CCC(F)(F)CC5)c4)c(F)c3)c2C1=O,1,IC50,6.41,1,CHEMBL3954867
COc1ccc(-c2ccc3ncc4c(c3c2)n(-c2ccc(N3CCNCC3)c(C(F)(F)F)c2)c(=O)n4C)cn1,1,IC50,8.7,1,CHEMBL3218578
CC(=O)Nc1ccc(-c2ccc3ncc4c(c3n2)N(c2cccc(C(F)(F)F)c2)C(=O)N(C)C4)cn1,1,IC50,7.41,1,CHEMBL3906903
CN1Cc2cnc3ccc(-c4cnc(N)nc4)nc3c2N(c2cccc(C(F)(F)F)c2)C1=O,1,IC50,8.07,1,CHEMBL3916654
CN1Cc2cnc3ccc(-c4cnc5[nH]ccc5c4)nc3c2N(c2cccc(C(F)(F)F)c2)C1=O,1,IC50,7.76,1,CHEMBL3915555
COc1ccc(-c2ccc3ncc4c(c3n2)N(c2cccc(C(F)(F)F)c2)C(=O)N(C)C4)cn1,1,IC50,7.26,1,CHEMBL3951024
CN1Cc2cnc3ccc(-c4ccc(N)nc4)nc3c2N(c2cccc(C(F)(F)F)c2)C1=O,1,IC50,8.05,1,CHEMBL3982245
[C-]#[N+]c1ccc(-c2ccc3ncc4c(c3n2)N(c2cccc(C(F)(F)F)c2)C(=O)N(C)C4)cn1,1,IC50,7.62,1,CHEMBL3911465
CSc1ccc(-c2ccc3ncc4c(c3n2)N(c2cccc(C(F)(F)F)c2)C(=O)N(C)C4)cn1,1,IC50,7.12,1,CHEMBL3932908
CN1Cc2cnc3ccc(-c4ccc(-n5cccn5)nc4)nc3c2N(c2cccc(C(F)(F)F)c2)C1=O,1,IC50,7.36,1,CHEMBL3894117
CN1CCN(c2ccc(-c3ccc4ncc5c(c4n3)N(c3cccc(C(F)(F)F)c3)C(=O)N(C)C5)cn2)CC1,1,IC50,7.51,1,CHEMBL3925661
COc1ncc(-c2ccc3ncc4c(c3n2)N(c2cccc(C(F)(F)F)c2)C(=O)N(C)C4)cn1,1,IC50,7.52,1,CHEMBL3986418
CN1Cc2cnc3ccc(-c4cnc5ccccc5c4)nc3c2N(c2ccc(C(C)(C)C#N)cc2)C1=O,1,IC50,7.18,1,CHEMBL3940070
COc1ccc(-c2ccc3ncc4c(c3n2)N(c2ccc(N3CCNCC3)c(C(F)(F)F)c2)C(=O)N(C)C4)cn1,1,IC50,7.04,1,CHEMBL3903068
COc1ccc(-c2ccc3ncc4c(c3n2)N(C2CCN(C(=O)[C@@H](C)O)CC2)C(=O)N(C)C4)cn1,1,IC50,6.59,1,CHEMBL4112318
COc1ccc(-c2ccc3ncc4c(c3n2)N(C2CCNCC2)C(=O)N(C)C4)cn1,1,IC50,6.13,1,CHEMBL3929946
CCOC(=O)c1nc(-c2ccc(NC(=O)Nc3ccccc3)cc2)nc(N2CCOCC2)c1OCC,1,IC50,6.85,2,CHEMBL3915415
CCNC(=O)Nc1ccc(-c2nc(C(=O)OCC)c(OCC)c(N3CCOCC3)n2)cc1,1,IC50,6.54,2,CHEMBL3970915
CSc1c(Cl)nc(-c2ccc(NC(N)=O)cc2)nc1N1CCOCC1,1,IC50,6.97,2,CHEMBL3896258
CCOc1c(C(=O)N2CCOCC2)nc(-c2ccc(NC(=O)Nc3ccccc3)cc2)nc1N1CCOCC1,1,IC50,6.99,2,CHEMBL3979134
COc1cnc(-c2ccc(NC(=O)Nc3ccccc3)cc2)nc1N1CCOCC1,1,IC50,6.6,2,CHEMBL3908805
CCNC(=O)Nc1ccc(-c2nc(Cl)c(SC)c(N3CCOCC3)n2)cc1,1,IC50,6.94,2,CHEMBL3927903
CCOc1c(C(=O)N2CCCCC2)nc(-c2ccc(NC(=O)Nc3ccccc3)cc2)nc1N1CCOCC1,1,IC50,6.59,2,CHEMBL3903444
COc1cnc(-c2ccc(NC(=O)Nc3ccc(F)cc3)cc2)nc1N1CCOCC1,1,IC50,6.68,2,CHEMBL3946937
COc1cnc(-c2ccc(NC(=O)Nc3ccc(F)c(F)c3)cc2)nc1N1CCOCC1,1,IC50,6.63,2,CHEMBL3919132
CSc1c(N2CCOCC2)nc(-c2ccc(NC(=O)Nc3ccccc3)cc2)nc1N1CCN(S(C)(=O)=O)CC1,1,IC50,6.7,2,CHEMBL3941619
CCOc1c(CN2CCOCC2)nc(-c2ccc(NC(=O)Nc3ccccc3)cc2)nc1N1CCOCC1,1,IC50,6.68,2,CHEMBL3910225
CCOC(=O)c1nc(-c2ccc(NC(=O)Nc3ccccc3)cc2)nc(N2CCOCC2)c1OC,1,IC50,6.56,2,CHEMBL3932641
COc1c(C(=O)N2CCOCC2)nc(-c2ccc(NC(=O)Nc3ccccc3)cc2)nc1N1CCOCC1,1,IC50,6.99,2,CHEMBL3904646
COc1c(C(=O)N2CCN(S(C)(=O)=O)CC2)nc(-c2ccc(NC(=O)Nc3ccccc3)cc2)nc1N1CCOCC1,1,IC50,6.65,2,CHEMBL3965706
CNC(=O)Nc1ccc(-c2nc(Cl)c(SC)c(N3CCOCC3)n2)cc1,1,IC50,6.94,2,CHEMBL3939369
CSc1c(Cl)nc(-c2ccc(NC(=O)Nc3cccnc3)cc2)nc1N1CCOCC1,1,IC50,6.96,2,CHEMBL3944816
CSc1c(Cl)nc(-c2ccc(NC(=O)Nc3ccc(OCCN(C)C)cc3)cc2)nc1N1CCOCC1,1,IC50,6.79,2,CHEMBL3967159
CCOC(=O)c1nc(-c2ccc(NC(=O)NC)cc2)nc(N2CCOCC2)c1OCC,1,IC50,6.6,2,CHEMBL3932354
CCOC(=O)c1nc(-c2ccc(NC(=O)Nc3cccnc3)cc2)nc(N2CCOCC2)c1OCC,1,IC50,6.94,2,CHEMBL3959860
CSc1c(Cl)nc(-c2ccc(NC(=O)Nc3ccc(N4CCOCC4)c(F)c3)cc2)nc1N1CCOCC1,1,IC50,6.64,2,CHEMBL3895307
CSc1c(Cl)nc(-c2ccc(NC(=O)Nc3ccc(N4CCN(C)CC4)cc3)cc2)nc1N1CCOCC1,1,IC50,7.28,2,CHEMBL3954563
CSc1c(Cl)nc(-c2ccc(NC(=O)Nc3ccc(N4CCSCC4)cc3)cc2)nc1N1CCOCC1,1,IC50,6.87,2,CHEMBL3889828
CCOC(=O)c1nc(-c2ccc(NC(=O)Nc3nccs3)cc2)nc(N2CCOCC2)c1OCC,1,IC50,7.14,2,CHEMBL3917840
CCOC(=O)c1nc(-c2ccc(NC(=O)Nc3ccc(N4CCOCC4)c(F)c3)cc2)nc(N2CCOCC2)c1OCC,1,IC50,6.87,2,CHEMBL3979215
CCOC(=O)c1nc(-c2ccc(NC(=O)Nc3ccc(N4CCOCC4=O)cc3)cc2)nc(N2CCOCC2)c1OCC,1,IC50,7.94,2,CHEMBL3905285
CSc1cnc(-c2ccc(NC(=O)Nc3cccnc3)cc2)nc1N1CCOCC1,1,IC50,7.0,2,CHEMBL3894495
CSc1cnc(-c2ccc(NC(=O)Nc3ccc(N4CCOCC4)c(F)c3)cc2)nc1N1CCOCC1,1,IC50,6.67,2,CHEMBL3965896
CSc1cnc(-c2ccc(NC(=O)Nc3ccc(N4CCOCC4=O)cc3)cc2)nc1N1CCOCC1,1,IC50,7.73,2,CHEMBL3903443
COc1cnc(-c2ccc(NC(=O)Nc3cccnc3)cc2)nc1N1CCOCC1,1,IC50,7.08,2,CHEMBL3930890
CNC(=O)Nc1ccc(-c2ncc(OC)c(N3CCOCC3)n2)cc1,1,IC50,6.62,2,CHEMBL3949307
CCOC(=O)c1nc(-c2ccc(NC(=O)Nc3ccc(N4CCN(C)CC4)cc3)cc2)nc(N2CCOCC2)c1OCC,1,IC50,6.98,2,CHEMBL3921512
CCOC(=O)c1nc(-c2ccc(NC(=O)Nc3ccc(N4CCSCC4)cc3)cc2)nc(N2CCOCC2)c1OCC,1,IC50,6.73,2,CHEMBL3984561
CCOC(=O)c1nc(-c2ccc(NC(=O)Nc3ccc(N4CCOCC4)cc3)cc2)nc(N2CCOCC2)c1OCC,1,IC50,7.1,2,CHEMBL3926940
CSc1c(Cl)nc(-c2ccc(NC(=O)Nc3ccc(N4CCN(C)CC4)nc3)cc2)nc1N1CCOCC1,1,IC50,7.09,2,CHEMBL3927986
CSc1c(N2CCOCC2)nc(-c2ccc(NC(=O)Nc3cccnc3)cc2)nc1N1CCN(C)CC1,1,IC50,6.65,2,CHEMBL3900001
COc1cnc(-c2ccc(NC(=O)Nc3ccc(N4CCOCC4=O)cc3)cc2)nc1N1CCOCC1,1,IC50,8.09,2,CHEMBL3948281
COc1cnc(-c2ccc(NC(=O)Nc3ccc(N4CCOCC4)c(F)c3)cc2)nc1N1CCOCC1,1,IC50,6.97,2,CHEMBL3977516
CCOC(=O)c1nc(-c2ccc(NC(=O)Nc3ccc(C(N)=O)cc3)cc2)nc(N2CCOCC2)c1OCC,1,IC50,7.75,2,CHEMBL3960400
CSc1cnc(-c2ccc(NC(=O)Nc3ccc(N4CCN(C)CC4)cc3)cc2)nc1N1CCOCC1,1,IC50,6.64,2,CHEMBL3985605
CSc1cnc(-c2ccc(NC(=O)Nc3ccc(N4CCOCC4)cc3)cc2)nc1N1CCOCC1,1,IC50,7.02,2,CHEMBL3933978
CSc1cnc(-c2ccc(NC(=O)Nc3nccs3)cc2)nc1N1CCOCC1,1,IC50,6.93,2,CHEMBL3961469
CCOC(=O)c1nc(-c2ccc(NC(=O)Nc3cccc(NC(C)=O)c3)cc2)nc(N2CCOCC2)c1OCC,1,IC50,6.82,2,CHEMBL3939504
CCOC(=O)c1nc(-c2ccc(NC(=O)Nc3cccc(C(N)=O)c3)cc2)nc(N2CCOCC2)c1OCC,1,IC50,6.84,2,CHEMBL3972538
CCOc1c(C(=O)N2CCOCC2)nc(-c2ccc(NC(=O)Nc3cccnc3)cc2)nc1N1CCOCC1,1,IC50,7.2,2,CHEMBL3940715
CSc1c(Cl)nc(-c2ccc(NC(=O)Nc3ccc(C(N)=O)cc3)cc2)nc1N1CCOCC1,1,IC50,7.13,2,CHEMBL3970265
COc1cnc(-c2ccc(NC(=O)Nc3ccc(N4CCOCC4)cc3)cc2)nc1N1CCOCC1,1,IC50,7.06,2,CHEMBL3921978
COc1cnc(-c2ccc(NC(=O)Nc3ccc(N4CCSCC4)cc3)cc2)nc1N1CCOCC1,1,IC50,8.1,2,CHEMBL3928366
CSc1cnc(-c2ccc(NC(=O)Nc3ccc(N4CCOCC4)nc3)cc2)nc1N1CCOCC1,1,IC50,6.76,2,CHEMBL3963896
CSc1cnc(-c2ccc(NC(=O)Nc3ccc(N4CCN(C)CC4)nc3)cc2)nc1N1CCOCC1,1,IC50,6.59,2,CHEMBL3922962
CSc1cnc(-c2ccc(NC(=O)Nc3ccc(C(N)=O)cc3)cc2)nc1N1CCOCC1,1,IC50,6.96,2,CHEMBL3911008
CSc1c(Cl)nc(-c2ccc(NC(=O)Nc3ccc(N4CCN(C)CC4)cn3)cc2)nc1N1CCOCC1,1,IC50,6.62,2,CHEMBL3890850
CSc1c(Cl)nc(-c2ccc(NC(=O)Nc3ccc(C(=O)N4CCN(C)CC4)cc3)cc2)nc1N1CCOCC1,1,IC50,7.05,2,CHEMBL3934648
CCOC(=O)c1nc(-c2ccc(NC(=O)Nc3ccc(S(N)(=O)=O)cc3)cc2)nc(N2CCOCC2)c1OCC,1,IC50,7.09,2,CHEMBL3937371
CCOC(=O)c1nc(-c2ccc(NC(=O)Nc3ccc(C(=O)N4CCN(C)CC4)cc3)cc2)nc(N2CCOCC2)c1OCC,1,IC50,6.98,2,CHEMBL3970095
CCOC(=O)c1nc(-c2ccc(NC(=O)Nc3ccc(C(=O)NCCN(C)C)cc3)cc2)nc(N2CCOCC2)c1OCC,1,IC50,7.11,2,CHEMBL3966107
CCOC(=O)c1nc(-c2ccc(NC(=O)Nc3ccc(C(=O)N4CCOCC4)cc3)cc2)nc(N2CCOCC2)c1OCC,1,IC50,7.17,2,CHEMBL3917024
COc1cnc(-c2ccc(NC(=O)Nc3ccc(C(N)=O)cc3)cc2)nc1N1CCOCC1,1,IC50,7.32,2,CHEMBL3892534
COc1cnc(-c2ccc(NC(=O)Nc3ccc(S(N)(=O)=O)cc3)cc2)nc1N1CCOCC1,1,IC50,7.52,2,CHEMBL3922384
CSc1cnc(-c2ccc(NC(=O)Nc3ccc(S(N)(=O)=O)cc3)cc2)nc1N1CCOCC1,1,IC50,7.1,2,CHEMBL3978502
CCOC(=O)c1nc(-c2ccc(NC(=O)Nc3ccc4oc(=O)[nH]c4c3)cc2)nc(N2CCOCC2)c1OCC,1,IC50,6.75,2,CHEMBL3902582
CSc1c(Cl)nc(-c2ccc(NC(=S)Nc3cccnc3)cc2)nc1N1CCOCC1,1,IC50,6.62,2,CHEMBL3970194
CSc1c(Cl)nc(-c2ccc(NC(=O)Nc3ccc(C(=O)N4CCOCC4)cc3)cc2)nc1N1CCOCC1,1,IC50,7.31,2,CHEMBL3893611
COc1cnc(-c2ccc(NC(=O)Nc3cccc(C(N)=O)c3)cc2)nc1N1CCOCC1,1,IC50,6.67,2,CHEMBL3962603
COc1cnc(-c2ccc(NC(=O)Nc3nccs3)cc2)nc1N1CCOCC1,1,IC50,6.77,2,CHEMBL3979425
CSc1cnc(-c2ccc(NC(=O)Nc3ccc(C(=O)O)cc3)cc2)nc1N1CCOCC1,1,IC50,7.03,2,CHEMBL3953862
CCOC(=O)c1nc(-c2ccc(NC(=O)Nc3ccc(N4CCOCC4=O)cc3)cc2F)nc(N2CCOCC2)c1OCC,1,IC50,7.03,2,CHEMBL3931472
CCOc1cnc(-c2ccc(NC(=O)Nc3ccc(C(N)=O)cc3)cc2)nc1N1CCOCC1,1,IC50,7.3,2,CHEMBL3958976
CCOc1cnc(-c2ccc(NC(=O)Nc3ccc(N4CCOCC4=O)cc3)cc2)nc1N1CCOCC1,1,IC50,7.61,2,CHEMBL3936961
CCOc1cnc(-c2ccc(NC(=O)Nc3ccc(S(N)(=O)=O)cc3)cc2)nc1N1CCOCC1,1,IC50,7.39,2,CHEMBL3970067
COc1cnc(-c2ccc(NC(=O)Nc3ccc(N4CCN(C)CC4)cc3)cc2)nc1N1CCOCC1,1,IC50,6.57,2,CHEMBL3945842
CSc1c(Cl)nc(-c2ccc(NC(=O)Nc3ccc(NS(C)(=O)=O)cc3)cc2)nc1N1CCOCC1,1,IC50,6.76,2,CHEMBL3975208
COc1cnc(-c2ccc(NC(=O)Nc3ccc(C(=O)O)cc3)cc2)nc1N1CCOCC1,1,IC50,7.18,2,CHEMBL3957931
COc1cnc(-c2ccc(NC(=O)Nc3ccc(N4CCOCC4)nc3)cc2)nc1N1CCOCC1,1,IC50,6.71,2,CHEMBL3983186
CSc1c(Cl)nc(-c2ccc(NC(=O)Nc3ccc(S(N)(=O)=O)cc3)cc2)nc1N1CCOCC1,1,IC50,7.57,2,CHEMBL3923749
CCOc1c(C(=O)N2CCOCC2)nc(-c2ccc(NC(=O)Nc3ccc(C(N)=O)cc3)cc2)nc1N1CCOCC1,1,IC50,7.15,2,CHEMBL3951467
CCOC(=O)c1nc(-c2ccc(NC(=O)Nc3ccc(S(C)(=O)=O)cc3)cc2)nc(N2CCOCC2)c1OCC,1,IC50,6.75,2,CHEMBL3892328
CCOc1cnc(-c2ccc(NC(=O)Nc3ccc(NC(C)=O)cc3)cc2)nc1N1CCOCC1,1,IC50,7.08,2,CHEMBL3961305
CCOC(=O)c1nc(-c2ccc(NC(=O)Nc3ccc(NS(C)(=O)=O)cc3)cc2)nc(N2CCOCC2)c1OCC,1,IC50,6.67,2,CHEMBL3972288
CCOC(=O)c1nc(-c2ccc(NC(=O)Nc3ccc(NC(C)=O)cc3)cc2)nc(N2CCOCC2)c1OCC,1,IC50,7.07,2,CHEMBL3946141
CSc1c(Cl)nc(-c2ccc(NC(=O)Nc3ccc4oc(=O)[nH]c4c3)cc2)nc1N1CCOCC1,1,IC50,6.7,2,CHEMBL3976536
CSc1cnc(-c2ccc(NC(=O)Nc3ccc(NS(C)(=O)=O)cc3)cc2)nc1N1CCOCC1,1,IC50,6.89,2,CHEMBL3947264
CSc1cnc(-c2ccc(NC(=O)Nc3ccc(N4CCOCC4=O)cc3)cc2F)nc1N1CCOCC1,1,IC50,6.88,2,CHEMBL3984611
CSc1cnc(-c2ccc(NC(=O)Nc3ccc(NC(C)=O)cc3)cc2)nc1N1CCOCC1,1,IC50,6.66,2,CHEMBL3952626
COc1cnc(-c2ccc(NC(=O)Nc3ccc(C(=O)N4CCOCC4)cc3)cc2)nc1N1CCOCC1,1,IC50,7.17,2,CHEMBL3900052
COc1cnc(-c2ccc(NC(=O)Nc3ccc(C(N)=O)cc3)c(F)c2)nc1N1CCOCC1,1,IC50,6.67,2,CHEMBL3921955
CSc1c(Cl)nc(-c2ccc(NC(=O)Nc3ccc(S(C)(=O)=O)cc3)cc2)nc1N1CCOCC1,1,IC50,6.85,2,CHEMBL3978070
CSc1c(-c2ccncc2)nc(-c2ccc(NC(N)=O)cc2)nc1N1CCOCC1,1,IC50,7.1,2,CHEMBL3903978
CSc1c(-c2ccncc2)nc(-c2ccc(NC(=O)Nc3ccc(N4CCOCC4=O)cc3)cc2)nc1N1CCOCC1,1,IC50,8.27,2,CHEMBL3923593
CSc1c(-c2ccncc2)nc(-c2ccc(NC(=O)Nc3ccc(C(N)=O)cc3)cc2)nc1N1CCOCC1,1,IC50,7.71,2,CHEMBL3896445
CCOc1cnc(-c2ccc(NC(=O)Nc3ccc(NS(C)(=O)=O)cc3)cc2)nc1N1CCOCC1,1,IC50,7.15,2,CHEMBL3912756
C[S+]([O-])c1cnc(-c2ccc(NC(=O)Nc3ccc(N4CCOCC4=O)cc3)cc2)nc1N1CCOCC1,1,IC50,7.19,2,CHEMBL3917708
CSc1cnc(-c2ccc(NC(=O)Nc3ccc(S(C)(=O)=O)cc3)cc2)nc1N1CCOCC1,1,IC50,6.83,2,CHEMBL3979099
COc1cnc(-c2ccc(NC(=O)Nc3ccc(N4CCOCC4=O)cc3)c(F)c2)nc1N1CCOCC1,1,IC50,7.3,2,CHEMBL3908758
COc1cnc(-c2ccc(NC(=O)Nc3ccc(N4CCOCC4=O)cc3)cc2F)nc1N1CCOCC1,1,IC50,6.75,2,CHEMBL3915379
COc1cnc(-c2ccc(NC(=O)Nc3ccc(C(N)=O)cc3)cc2F)nc1N1CCOCC1,1,IC50,6.66,2,CHEMBL3939926
CSc1c(Cl)nc(-c2ccc(NC(=O)Nc3ccc(S(N)(=O)=O)cc3)cc2F)nc1N1CCOCC1,1,IC50,6.86,2,CHEMBL3932615
CCOc1cnc(-c2ccc(NC(=O)Nc3ccc(N4CCN(S(C)(=O)=O)CC4)cc3)cc2)nc1N1CCOCC1,1,IC50,7.18,2,CHEMBL3901120
CCOc1cnc(-c2ccc(NC(=O)Nc3ccc(C(=O)N4CCOCC4)cc3)cc2)nc1N1CCOCC1,1,IC50,7.23,2,CHEMBL3923670
CCOc1cnc(-c2ccc(NC(=O)Nc3ccc(S(C)(=O)=O)cc3)cc2)nc1N1CCOCC1,1,IC50,7.52,2,CHEMBL3895669
COc1cnc(-c2ccc(NC(=O)Nc3cccc(NC(C)=O)c3)cc2)nc1N1CCOCC1,1,IC50,6.76,2,CHEMBL3918959
COc1cnc(-c2ccc(NC(=O)Nc3ccc(C(=O)NCCCN(C)C)cc3)cc2)nc1N1CCOCC1,1,IC50,7.01,2,CHEMBL3894463
CSc1c(Cl)nc(-c2ccc(NC(=O)Nc3ccc(C(=O)N4CCC(N(C)C)CC4)cc3)cc2)nc1N1CCOCC1,1,IC50,7.16,2,CHEMBL3938111
CSc1c(-c2cccnc2)nc(-c2ccc(NC(=O)Nc3ccccc3)cc2)nc1N1CCOCC1,1,IC50,7.29,2,CHEMBL3915639
CCOc1cnc(-c2ccc(NC(=O)Nc3ccc(NC(C)=O)nc3)cc2)nc1N1CCOCC1,1,IC50,7.41,2,CHEMBL3940430
CCOC(=O)c1nc(-c2ccc(NC(=O)Nc3ccc(NC(C)=O)nc3)cc2)nc(N2CCOCC2)c1OCC,1,IC50,7.12,2,CHEMBL3908403
CCOc1cnc(-c2ccc(NC(=O)Nc3ccncc3)cc2)nc1N1CCOCC1,1,IC50,7.25,2,CHEMBL3940140
COc1cnc(-c2ccc(NC(=O)Nc3ccc(NS(C)(=O)=O)cc3)cc2)nc1N1CCOCC1,1,IC50,7.1,2,CHEMBL3969697
CCOc1cnc(-c2ccc(NC(=O)Nc3ccc(S(=O)(=O)N4CCOCC4)cc3)cc2)nc1N1CCOCC1,1,IC50,6.81,2,CHEMBL3952301
CSc1c(-c2ccncc2)nc(-c2ccc(NC(=O)Nc3ccncc3)cc2)nc1N1CCOCC1,1,IC50,7.52,2,CHEMBL3978068
O=C(Nc1ccc(C(=O)N2CCOCC2)cc1)Nc1ccc(-c2ncc(OCCN3CCOCC3)c(N3CCOCC3)n2)cc1,1,IC50,6.96,2,CHEMBL3897508
O=C(Nc1ccc(-c2ncc(OCCN3CCOCC3)c(N3CCOCC3)n2)cc1)Nc1ccc(N2CCOCC2=O)cc1,1,IC50,7.37,2,CHEMBL3925592
NC(=O)c1ccc(NC(=O)Nc2ccc(-c3ncc(OCCN4CCOCC4)c(N4CCOCC4)n3)cc2)cc1,1,IC50,6.92,2,CHEMBL3903006
CSc1c(-c2cccnc2)nc(-c2ccc(NC(=O)Nc3ccc(N4CCOCC4=O)cc3)cc2)nc1N1CCOCC1,1,IC50,8.24,2,CHEMBL3962107
CSc1cnc(-c2ccc(NC(=O)Nc3ccc(C(=O)N4CCOCC4)cc3)cc2)nc1N1CCOCC1,1,IC50,6.86,2,CHEMBL3914269
CSc1cnc(-c2ccc(NC(=O)Nc3ccncc3)cc2)nc1N1CCOCC1,1,IC50,7.0,2,CHEMBL3904061
CSc1c(-c2cccnc2)nc(-c2ccc(NC(=O)Nc3ccc(NS(C)(=O)=O)cc3)cc2)nc1N1CCOCC1,1,IC50,7.32,2,CHEMBL3940509
CSc1c(-c2cccnc2)nc(-c2ccc(NC(=O)Nc3cccnc3)cc2)nc1N1CCOCC1,1,IC50,7.12,2,CHEMBL3912522
CSc1c(-c2ccncc2)nc(-c2ccc(NC(=O)Nc3ccccc3)cc2)nc1N1CCOCC1,1,IC50,6.91,2,CHEMBL3978493
CSc1c(Cl)nc(-c2ccc(NC(=O)Nc3ccncc3)cc2)nc1N1CCOCC1,1,IC50,6.71,2,CHEMBL3917956
COc1cnc(-c2ccc(NC(=O)Nc3ccc(S(=O)(=O)N4CCOCC4)cc3)cc2)nc1N1CCOCC1,1,IC50,6.6,2,CHEMBL3983292
COc1cnc(-c2ccc(NC(=O)Nc3ccncc3)cc2)nc1N1CCOCC1,1,IC50,6.93,2,CHEMBL3954673
COc1c(Cl)nc(-c2ccc(NC(=O)Nc3ccncc3)cc2)nc1N1CCOCC1,1,IC50,6.75,2,CHEMBL3894462
CCNC(=O)Nc1ccc(-c2nc(-c3ccncc3)c(SC)c(N3CCOCC3)n2)cc1,1,IC50,7.62,2,CHEMBL3969114
CNC(=O)Nc1ccc(-c2nc(-c3ccncc3)c(SC)c(N3CCOCC3)n2)cc1,1,IC50,7.6,2,CHEMBL3904568
O=C(Nc1ccncc1)Nc1ccc(-c2ncc(OCCN3CCOCC3)c(N3CCOCC3)n2)cc1,1,IC50,6.77,2,CHEMBL3975395
CSc1c(Cl)nc(-c2ccc(NC(=O)Nc3ccon3)cc2)nc1N1CCOCC1,1,IC50,7.24,2,CHEMBL3921359
COc1cnc(-c2ccc(NC(=O)Nc3ccc(N4CCN(S(C)(=O)=O)CC4)cc3)cc2)nc1N1CCOCC1,1,IC50,7.06,2,CHEMBL3981458
CCOc1c(Cl)nc(-c2ccc(NC(=O)Nc3ccncc3)cc2)nc1N1CCOCC1,1,IC50,6.59,2,CHEMBL3915883
CCOc1c(Cl)nc(-c2ccc(NC(=O)Nc3cccnc3)cc2)nc1N1CCOCC1,1,IC50,6.57,2,CHEMBL3943837
C[C@@H]1COCCN1c1nc(N2CCOC[C@H]2C)c2nc(-c3ccccn3)[nH]c2n1,1,IC50,6.86,1,CHEMBL4113535
C[C@@H]1COCCN1c1nc(N2CCOC[C@@H]2C)nc2[nH]c(-c3cc[nH]n3)nc12,1,IC50,6.98,1,CHEMBL4110496
C[C@@H]1COCCN1c1nc(N2CCCOCC2)nc2[nH]c(-c3cccc4[nH]ccc34)nc12,1,IC50,6.79,1,CHEMBL4115263
C[C@@H]1COCCN1c1nc(N2CCOC[C@@H]2C)nc2[nH]c(-c3cc(F)cc4[nH]ccc34)nc12,1,IC50,7.68,1,CHEMBL4115205
C[C@@H]1COCCN1c1nc(N2CCOC[C@H]2C)c2nc(-c3cc(CO)cc4[nH]ccc34)[nH]c2n1,1,IC50,7.18,1,CHEMBL4107741
C[C@@H]1COCCN1c1nc(N2CCOC[C@@H]2C)nc2[nH]c(-c3ccccn3)nc12,1,IC50,6.74,1,CHEMBL4112797
c1ccc(-c2nc3c(N4CCOCC4)nc(N4CCOCC4)nc3[nH]2)nc1,1,IC50,6.07,1,CHEMBL3934178
C[C@H]1COCCN1c1nc(N2CCOC[C@@H]2C)c2nc(-c3cc[nH]n3)[nH]c2n1,1,IC50,6.46,1,CHEMBL3901534
C[C@@H]1COCCN1c1nc(N2CCOC[C@H]2C)c2nc(-c3cc[nH]n3)[nH]c2n1,1,IC50,6.42,1,CHEMBL4107880
CCC[C@@H]1COCCN1c1nc(N2CCOC[C@H]2C)c2nc(-c3cccc4[nH]ccc34)[nH]c2n1,1,IC50,6.71,1,CHEMBL4114027
C[C@@H]1COCCN1c1nc(N2C3CCC2CC(O)C3)nc2[nH]c(-c3cccc4[nH]ccc34)nc12,1,IC50,7.12,2,CHEMBL4109093
CC[C@@H]1COCCN1c1nc(N2CCOC[C@H]2C)c2nc(-c3cccc4[nH]ccc34)[nH]c2n1,1,IC50,7.22,1,CHEMBL4108459
C[C@@H]1COCCN1c1nc(N2CCN(C)CC2)nc2[nH]c(-c3cccc4[nH]ccc34)nc12,1,IC50,6.51,1,CHEMBL4109286
C[C@@H]1COCCN1c1nc(N2CC3(CCCOC3)C2)nc2[nH]c(-c3cccc4[nH]ccc34)nc12,1,IC50,6.95,1,CHEMBL4112338
C[C@@H]1COCCN1c1nc(N2CCN(C3COC3)CC2)nc2[nH]c(-c3cccc4[nH]ccc34)nc12,1,IC50,7.04,1,CHEMBL4113218
C[C@@H]1COCCN1c1nc(N2CC3COCC3C2)nc2[nH]c(-c3cccc4[nH]ccc34)nc12,1,IC50,6.53,1,CHEMBL4114022
C[C@@H]1COCCN1c1nc(N2CCC3COCC3C2)nc2[nH]c(-c3cccc4[nH]ccc34)nc12,1,IC50,6.32,1,CHEMBL4106480
CC(C)[C@@H]1COCCN1c1nc(N2CCOC[C@H]2C)c2nc(-c3cccc4[nH]ccc34)[nH]c2n1,1,IC50,6.91,1,CHEMBL4109896
C[C@@H]1CN(c2nc(N3CCOC[C@H]3C)c3nc(-c4cccc5[nH]ccc45)[nH]c3n2)C[C@H](C)O1,1,IC50,7.11,1,CHEMBL4115012
C[C@@H]1COCCN1c1nc(N2CCC23CCOCC3)nc2[nH]c(-c3cccc4[nH]ccc34)nc12,1,IC50,6.43,1,CHEMBL4109998
C[C@@H]1COCCN1c1nc(N2CCO[C@H](CO)C2)nc2[nH]c(-c3cccc4[nH]ccc34)nc12,1,IC50,6.42,1,CHEMBL4114967
C[C@@H]1COCCN1c1nc(N2CCO[C@@H](CO)C2)nc2[nH]c(-c3cccc4[nH]ccc34)nc12,1,IC50,7.17,1,CHEMBL4114224
C[C@@H]1COCCN1c1nc(N2CCOC[C@H]2C)c2nc(-c3ccc(N)nc3)[nH]c2n1,1,IC50,6.12,1,CHEMBL4111608
C[C@H]1COCCN1c1nc(N2CCOC[C@@H]2C)c2nc(-c3ccc(-c4ncc[nH]4)cc3)[nH]c2n1,1,IC50,6.44,1,CHEMBL3918705
COc1cc(-c2nc3c(N4CCOC[C@H]4C)nc(N4CCOC[C@@H]4C)nc3[nH]2)c2cc[nH]c2c1,1,IC50,7.55,1,CHEMBL4113765
COC(=O)c1cc(-c2nc3c(N4CCOC[C@H]4C)nc(N4CCOC[C@H]4C)nc3[nH]2)c2cc[nH]c2c1,1,IC50,6.27,1,CHEMBL4110445
CC(=O)c1ccc(-c2ccc3ncc4c(=O)[nH]c(=O)n(-c5cccc(C(F)(F)F)c5)c4c3n2)cn1,1,IC50,7.24,1,CHEMBL3904660
Nc1ccc(-c2ccc3ncc4c(=O)[nH]c(=O)n(-c5cccc(C(F)(F)F)c5)c4c3n2)cn1,1,IC50,8.6,1,CHEMBL3903725
Cn1c(=O)c2cnc3ccc(-c4ccc(N)nc4)nc3c2n(-c2cccc(C(F)(F)F)c2)c1=O,1,IC50,8.27,1,CHEMBL3973532
COc1ncc(-c2ccc3ncc4c(=O)[nH]c(=O)n(-c5cccc(C(F)(F)F)c5)c4c3n2)cn1,1,IC50,7.41,1,CHEMBL3891331
Nc1ncc(-c2ccc3ncc4c(=O)[nH]c(=O)n(-c5cccc(C(F)(F)F)c5)c4c3n2)cn1,1,IC50,8.57,1,CHEMBL3958025
O=c1[nH]c(=O)n(-c2cccc(C(F)(F)F)c2)c2c1cnc1ccc(-c3cnc4[nH]ccc4c3)nc12,1,IC50,8.95,1,CHEMBL3927003
CN(C)CCCOc1ccc(-c2ccc3ncc4c(c3c2)n(C2CCOCC2)c(=O)n4C)cn1,1,IC50,6.7,3,CHEMBL3960662
CO[C@H]1C[C@@H](n2c(=O)n(C)c3cnc4cc(F)c(-c5ccc(OCCCN(C)C)nc5)cc4c32)C1,0,IC50 (>),4.77,1,CHEMBL3950905
CN(C)CCCOc1ccc(-c2ccc3ncc4c(c3c2)n(C2(C)CCOCC2)c(=O)n4C)cn1,1,IC50,6.58,1,CHEMBL3961688
CN(C)CCCOc1ccc(-c2cc3c(cc2F)ncc2c3n(C3CCOCC3)c(=O)n2C)cn1,0,IC50,4.85,1,CHEMBL3986918
CN(C)CCCOc1ccc(-c2cc3c(cc2F)ncc2c3n(C3COC3)c(=O)n2C)cn1,0,IC50 (>),4.67,1,CHEMBL3957991
CO[C@H]1C[C@@H](n2c(=O)[nH]c3cnc4ccc(-c5ccc(OCCCN(C)C)nc5)cc4c32)C1,1,IC50,6.27,1,CHEMBL3898563
CN(C)CCCOc1ccc(-c2ccc3ncc4[nH]c(=O)n(C5CCOCC5)c4c3c2)cn1,1,IC50,6.61,1,CHEMBL3907190
CN(C)CCCOc1ccc(-c2ccc3ncc4c(c3c2)n([C@@H]2CCCOC2)c(=O)n4C)cn1,1,IC50,6.15,1,CHEMBL4111966
CO[C@H]1C[C@@H](n2c(=O)n(C)c3cnc4cc(F)c(-c5ccc(OCCCN(C)C)nc5F)cc4c32)C1,0,IC50,4.86,1,CHEMBL3898577
CN(C)CCCOc1ccc(-c2ccc3ncc4c(c3c2)n([C@H]2CCCOC2)c(=O)n4C)c(F)n1,1,IC50,6.28,1,CHEMBL3935033
CN(C)CCCOc1ccc(-c2ccc3ncc4c(c3c2)n(C2CCOCC2)c(=O)n4C)c(F)n1,1,IC50,6.1,1,CHEMBL3927821
Cn1c(=O)n([C@H]2CCCOC2)c2c3cc(-c4ccc(OCCCN5CCCC5)nc4)c(F)cc3ncc21,0,IC50,4.74,1,CHEMBL3890119
CO[C@H]1CC[C@H](n2c(=O)n(C)c3cnc4ccc(-c5ccc(OCCCN(C)C)nc5)cc4c32)C1,1,IC50,6.44,1,CHEMBL3923182
CO[C@H]1C[C@@H](n2c(=O)n(C)c3cnc4cc(F)c(-c5ccc(OCCCN6CCCC6)nc5)cc4c32)C1,0,IC50 (>),4.76,1,CHEMBL3895211
Cn1c(=O)n([C@H]2CCCOC2)c2c3cc(-c4ccc(OCCCN5CCCC5)nc4)ccc3ncc21,1,IC50,6.22,1,CHEMBL3947316
Cn1c(=O)n([C@H]2CCCOC2)c2c3cc(-c4ccc(OCCCN5CCCCC5)nc4)ccc3ncc21,0,IC50,4.71,1,CHEMBL3932205
Cn1c(=O)n([C@@H]2CCCOC2)c2c3cc(-c4ccc(OCCCN5CCC5)nc4)ccc3ncc21,1,IC50,6.3,1,CHEMBL4109786
CO[C@H]1C[C@@H](n2c(=O)[nH]c3cnc4ccc(-c5ccc(OCCCN6CCCC6)nc5)cc4c32)C1,1,IC50,6.24,1,CHEMBL3955034
O=c1[nH]c2cnc3ccc(-c4ccc(OCCCN5CCCCC5)nc4)cc3c2n1C1CCOCC1,0,IC50,4.97,1,CHEMBL3972478
Cn1c(=O)n(C2CCOCC2)c2c3cc(-c4ccc(OCCCN5CCCCC5)nc4)ccc3ncc21,0,IC50,4.91,1,CHEMBL3946340
CNCCCOc1ccc(-c2ccc3ncc4c(c3c2)n(C2CCOCC2)c(=O)n4C)cn1,1,IC50,6.72,1,CHEMBL3984782
CNCCCOc1ccc(-c2ccc3ncc4c(c3c2)n([C@H]2CCCOC2)c(=O)n4C)cn1,1,IC50,6.4,1,CHEMBL3890358
CNCCCOc1ccc(-c2ccc3ncc4c(c3c2)n([C@H]2C[C@@H](OC)C2)c(=O)n4C)cn1,1,IC50,6.67,1,CHEMBL3954517
CNCCCOc1ccc(-c2ccc3ncc4c(c3c2)n([C@@H]2CCCOC2)c(=O)n4C)cn1,1,IC50,6.58,1,CHEMBL4114155
Cn1c(=O)n([C@H]2CCCOC2)c2c3cc(-c4ccc(OCCCN5CCCCC5)nc4)c(F)cc3ncc21,0,IC50 (>),4.52,1,CHEMBL3972724
CN(C)CCCOc1ccc(-c2cc3c(cc2F)ncc2c3n([C@H]3CCCOC3)c(=O)n2C)c(F)n1,0,IC50,4.64,1,CHEMBL3891448
CN(C)CCCOc1ccc(-c2ccc3ncc4c(c3c2)n(C2COC2)c(=O)n4C)c(F)n1,0,IC50,4.92,1,CHEMBL3932835
Cn1c(=O)n(C2CCOCC2)c2c3cc(-c4ccc(OCCCN5CCCCC5)nc4)c(F)cc3ncc21,0,IC50 (>),4.53,1,CHEMBL3946515
Cn1c(=O)n(C2COC2)c2c3cc(-c4ccc(OCCCN5CCCCC5)nc4)ccc3ncc21,0,IC50,4.91,1,CHEMBL3899194
Cn1c(=O)n([C@@H]2CCCOC2)c2c3cc(-c4ccc(OCCCN5CCCC5)nc4)ccc3ncc21,1,IC50,6.21,1,CHEMBL4110135
CO[C@@H]1CC[C@@H](n2c(=O)n(C)c3cnc4cc(F)c(-c5ccc(OCCCN(C)C)nc5)cc4c32)C1,0,IC50 (>),4.52,1,CHEMBL4114446
CO[C@H]1CC[C@H](n2c(=O)n(C)c3cnc4cc(F)c(-c5ccc(OCCCN(C)C)nc5)cc4c32)C1,0,IC50,4.97,1,CHEMBL3929864
CO[C@@H]1CC[C@@H](n2c(=O)n(C)c3cnc4ccc(-c5ccc(NCCCN6CCCCC6)nc5)cc4c32)C1,0,IC50,4.92,1,CHEMBL4115552
CO[C@@H]1CC[C@@H](n2c(=O)n(C)c3cnc4ccc(-c5ccc(OCCCN6CCCC6)nc5)cc4c32)C1,1,IC50,6.0,1,CHEMBL4108514
CO[C@H]1CC[C@@H](n2c(=O)n(C)c3cnc4cc(F)c(-c5ccc(OCCCN(C)C)nc5)cc4c32)C1,0,IC50 (>),4.52,1,CHEMBL4110808
CO[C@@H]1CC[C@H](n2c(=O)n(C)c3cnc4cc(F)c(-c5ccc(OCCCN(C)C)nc5)cc4c32)C1,0,IC50,4.82,1,CHEMBL3923162
COc1ccc(-c2ccc3ncc4c(c3c2)n(C2CCNCC2)c(=O)n4C)cn1,1,IC50,6.62,1,CHEMBL3938266
COC(=O)N1CCC(n2c(=O)n(C)c3cnc4ccc(-c5ccc(OC)nc5)cc4c32)CC1,1,IC50,7.14,1,CHEMBL3967825
COc1ccc(-c2ccc3ncc4c(c3c2)n(C2CCN(C(C)=O)CC2)c(=O)n4C)cn1,1,IC50,6.95,1,CHEMBL3946658
Cn1c(=O)n(C2CNC2)c2c3cc(-c4cnc5[nH]ccc5c4)ccc3ncc21,1,IC50,6.75,1,CHEMBL3937842
Cn1c(=O)n(C2CC2)c2c3cc(-c4cnc5[nH]ccc5c4)ccc3ncc21,1,IC50,7.81,1,CHEMBL3914044
Cn1c(=O)n(C2CC2)c2c3cc(-c4cnc(N)nc4)ccc3ncc21,1,IC50,6.54,1,CHEMBL3968419
Cn1c(=O)n(C2CCOCC2)c2c3cc(-c4cnc(N)nc4)ccc3ncc21,1,IC50,7.38,1,CHEMBL3935310
COc1ncc(-c2ccc3ncc4c(c3c2)n(C2CC2)c(=O)n4C)cc1NS(=O)(=O)C1CC1,1,IC50,7.33,1,CHEMBL3970131
CC(C)(c1nc(-c2cccc3[nH]ccc23)nc2c1OCC1COCCN21)S(C)(=O)=O,1,IC50,6.84,1,CHEMBL3944878
CC(C)(c1nc(-c2cccc3[nH]ccc23)nc2c1OCC1COCCN21)S(=O)(=O)C1CC1,1,IC50,6.56,1,CHEMBL3946028
O=S(=O)(Cc1nc(-c2cccc3[nH]ccc23)nc2c1OCC1COCCN21)C(F)(F)F,1,IC50,6.71,1,CHEMBL3909202
CS(=O)(=O)C1(c2nc(-c3cccc4[nH]ccc34)nc3c2OC[C@@H]2COCCN32)CC1,1,IC50,6.25,1,CHEMBL3937117
CNc1nc2ccccc2n1-c1nc2c(c(C(C)(C)S(C)(=O)=O)n1)OCC1COCCN21,1,IC50,6.23,1,CHEMBL3931669
CNc1nc2ccccc2n1-c1nc2c(c(C(C)(C)S(C)(=O)=O)n1)OC[C@@H]1COCCN21,1,IC50,6.22,1,CHEMBL3985847
CC(C)(c1nc(-c2cccc3[nH]ccc23)nc2c1OC[C@H]1COCCN21)S(C)(=O)=O,1,IC50,6.07,1,CHEMBL4114931
CC(C)(c1nc(-c2ccnc3[nH]ccc23)nc2c1OCC1COCCN21)S(C)(=O)=O,1,IC50,6.07,1,CHEMBL3928856
CC(C)(c1nc(-c2cccc3[nH]ccc23)nc2c1OCC[C@@H]1COCCN21)S(C)(=O)=O,1,IC50,6.24,1,CHEMBL4107036
CS(=O)(=O)C1(c2nc(-c3cccc4[nH]ccc34)nc3c2OCC2COCCN32)CC1,1,IC50,6.26,1,CHEMBL3927430
CS(=O)(=O)C1(c2nc(-c3cc(F)cc4[nH]ccc34)nc3c2OC[C@@H]2COCCN32)CCOCC1,1,IC50,6.11,1,CHEMBL3899388
COc1cc(-c2nc3c(c(C4(S(C)(=O)=O)CCOCC4)n2)OC[C@@H]2COCCN32)c2cc[nH]c2c1,1,IC50,6.36,1,CHEMBL3936379
CNc1nc2ccccc2n1-c1nc2c(c(C(C)(C)S(C)(=O)=O)n1)OCCC1COCCN21,1,IC50,6.23,1,CHEMBL3908347
COc1cc(-c2nc3c(c(C4(S(C)(=O)=O)CCOCC4)n2)OCCC2COCCN32)c2cc[nH]c2c1,1,IC50,6.09,1,CHEMBL3936804
CC(C)(O)c1nc(-c2cccc3[nH]ccc23)nc2c1OCC1COCCN21,1,IC50,6.56,1,CHEMBL3951056
CC(C)(C#N)c1nc(-c2cccc3[nH]ccc23)nc2c1OCC1COCCN21,1,IC50,6.55,1,CHEMBL3942322
CC1(c2nc(-c3cccc4[nH]ccc34)nc3c2OCC2COCCN32)CCCS1(=O)=O,1,IC50,6.42,1,CHEMBL3907738
c1cc(-c2nc(-c3cccc4[nH]ccc34)c3c(n2)N2CCOCC2CO3)c2cc[nH]c2c1,1,IC50,6.38,1,CHEMBL3932194
CS(=O)(=O)c1cccc(-c2nc(-c3cccc4[nH]ccc34)nc3c2OCC2COCCN32)c1,0,IC50 (>),5.0,1,CHEMBL3933962
CC(C)(O)c1nc(-c2cccc3[nH]ccc23)nc2c1OC[C@@H]1COCCN21,1,IC50,7.36,1,CHEMBL3909601
CC(C)(O)c1nc(-c2cc(F)cc3[nH]ccc23)nc2c1OC[C@@H]1COCCN21,1,IC50,7.28,1,CHEMBL3925064
COc1cc(-c2nc3c(c(C(C)(C)O)n2)OC[C@@H]2COCCN32)c2cc[nH]c2c1,1,IC50,7.42,1,CHEMBL3897015
CC(C)(c1nc(-c2cccc3[nH]ccc23)nc2c1OC[C@@H]1COCCN21)S(=O)(=O)C1CC1,1,IC50,6.64,1,CHEMBL3919612
CC(C)Nc1nc2ccccc2n1-c1nc2c(c(C(C)(C)S(C)(=O)=O)n1)OC[C@@H]1COCCN21,1,IC50,6.6,1,CHEMBL3944712
CCNc1nc2ccccc2n1-c1nc2c(c(C(C)(C)S(C)(=O)=O)n1)OC[C@@H]1COCCN21,1,IC50,6.3,1,CHEMBL3951757
CCCNc1nc2ccccc2n1-c1nc2c(c(C(C)(C)S(C)(=O)=O)n1)OC[C@@H]1COCCN21,1,IC50,6.04,1,CHEMBL3969134
CNc1nc2ccccc2n1-c1nc2c(c(C3(S(C)(=O)=O)CC3)n1)OC[C@@H]1COCCN21,1,IC50,6.07,1,CHEMBL3943001
CS(=O)(=O)C1(c2nc(-c3cccc4[nH]ccc34)nc3c2OC[C@@H]2COCCN32)CCC1,1,IC50,6.82,1,CHEMBL3968531
CS(=O)(=O)C1(c2nc(-c3cccc4[nH]ccc34)nc3c2OC[C@@H]2COCCN32)CCNCC1,1,IC50,6.47,1,CHEMBL3973834
CC(C)(c1nc(-[n+]2c(N)[nH]c3ccccc32)nc2c1OC[C@@H]1COCCN21)S(C)(=O)=O,1,IC50,6.65,1,CHEMBL4110558
CC(C)(c1nc(-c2cc(F)cc3[nH]ccc23)nc2c1OC[C@@H]1COCCN21)S(C)(=O)=O,1,IC50,7.0,1,CHEMBL3912026
COc1cc(-c2nc3c(c(C(C)(C)S(C)(=O)=O)n2)OC[C@@H]2COCCN32)c2cc[nH]c2c1,1,IC50,7.34,1,CHEMBL3940004
CS(=O)(=O)C1(c2nc(-c3cc(F)cc4[nH]ccc34)nc3c2OC[C@@H]2COCCN32)CC1,1,IC50,6.82,1,CHEMBL3948778
COc1cc(-c2nc3c(c(C4(S(C)(=O)=O)CC4)n2)OC[C@@H]2COCCN32)c2cc[nH]c2c1,1,IC50,7.03,1,CHEMBL3931062
CS(=O)(=O)C1(c2nc(-c3cc(F)cc4[nH]ccc34)nc3c2OC[C@@H]2COCCN32)CCC1,0,IC50 (>),5.0,1,CHEMBL3907358
COc1cc(-c2nc3c(c(C4(S(C)(=O)=O)CCC4)n2)OC[C@@H]2COCCN32)c2cc[nH]c2c1,1,IC50,7.33,1,CHEMBL3934434
CNc1nc2cc(Cl)ccc2n1-c1nc2c(c(C(C)(C)S(C)(=O)=O)n1)OC[C@@H]1COCCN21,1,IC50,6.3,1,CHEMBL3983971
Cc1cc2c(-c3nc4c(c(C5(S(C)(=O)=O)CCC5)n3)OC[C@@H]3COCCN43)cccc2[nH]1,1,IC50,6.93,1,CHEMBL3955986
CC(C)(c1nc(-c2cc(C(F)(F)F)cc3[nH]ccc23)nc2c1OC[C@@H]1COCCN21)S(C)(=O)=O,1,IC50,6.64,1,CHEMBL3985140
Cc1cc2c(-c3nc4c(c(C(C)(C)S(C)(=O)=O)n3)OC[C@@H]3COCCN43)cccc2[nH]1,1,IC50,7.24,1,CHEMBL3980140
CS(=O)(=O)C1(c2nc(-c3cc(C(F)(F)F)cc4[nH]ccc34)nc3c2OC[C@@H]2COCCN32)CC1,1,IC50,6.24,1,CHEMBL3933294
Cc1cc2c(-c3nc4c(c(C5(S(C)(=O)=O)CC5)n3)OC[C@@H]3COCCN43)cccc2[nH]1,1,IC50,6.65,1,CHEMBL3930790
CS(=O)(=O)C1(c2nc(-c3cc(C(F)(F)F)cc4[nH]ccc34)nc3c2OC[C@@H]2COCCN32)CCC1,1,IC50,6.63,1,CHEMBL3971270
COc1ncc(-c2ccc3ncc(NC(=O)CN4CCOCC4)c(OC)c3c2)cc1NS(=O)(=O)c1ccc(F)cc1F,1,IC50,8.0,1,CHEMBL4083504
COc1ncc(-c2ccc3ncn([C@H]4CCN(C(=O)C5CC5)C4)c(=O)c3c2)cc1NS(=O)(=O)c1ccc(F)cc1,1,IC50,6.68,1,CHEMBL4097625
COc1ncc(-c2ccc3ncn([C@H]4CCN(CC5CC5)C4)c(=O)c3c2)cc1NS(=O)(=O)c1ccc(F)cc1,1,IC50,6.94,1,CHEMBL4088969
C[C@H]1COCCN1c1cc(-c2ccc(NC(=O)Nc3cccnc3)cc2)nn2ccnc12,1,IC50,7.17,1,CHEMBL4062346
C[C@H]1COCCN1c1cc(-c2ccc(NC(=O)Nc3ccncc3)cc2)nn2ccnc12,1,IC50,7.21,1,CHEMBL4091820
O=C(c1cc([C@H]2CCCN2c2cc(F)cc(F)c2)c2oc(N3CCOCC3)cc(=O)c2c1)N1CCOCC1,0,IC50,4.38,1,CHEMBL4060768
Cc1nc(N)ncc1-c1nc(N2CCOCC2)nc(N2CCOCC2)n1,1,IC50,6.08,2,CHEMBL4092165
Cc1cc(N)ncc1-c1nc(N2CCOCC2)nc(N2CCOCC2)n1,1,IC50,6.03,2,CHEMBL4071150
Nc1cnc(-c2nc(N3CCOCC3)nc(N3CCOCC3)n2)cn1,1,IC50,6.09,2,CHEMBL4079258
Nc1ncc(-c2nc(N3CCOCC3)nc(N3CCOCC3)n2)cn1,1,IC50,6.38,2,CHEMBL4097282
Nc1ccc(-c2nc(N3CCOCC3)nc(N3CCOCC3)n2)cn1,1,IC50,6.38,2,CHEMBL4068426
Nc1ncc(-c2nc(N3CCOCC3)nc(N3CCOCC3)n2)c(C(F)(F)F)n1,1,IC50,6.51,3,CHEMBL4102855
Nc1cc(C(F)(F)F)c(-c2nc(N3CCOCC3)nc(N3CCOCC3)n2)cn1,1,IC50,7.05,9,CHEMBL4084907
CC(=O)Nc1cc(C(F)(F)F)c(-c2nc(N3CCOCC3)nc(N3CCOCC3)n2)cn1,1,IC50,6.14,1,CHEMBL4081904
Nc1cc(C(F)(F)F)c(-c2cc(N3CCOCC3)nc(N3CCOCC3)n2)cn1,1,IC50,7.03,4,CHEMBL2017974
CNC1CCN(C(=O)c2ccc(NC(=O)Nc3ccc(-c4nc(N5CCOCC5)nc(N5CCOCC5)n4)cc3)cc2)CC1,1,IC50,8.8,1,CHEMBL4065928
O=C(Nc1ccccc1)Nc1ccc(-c2nc(N3CCOCC3)c3ncccc3n2)cc1,1,IC50,6.7,1,CHEMBL4092587
O=C(Nc1ccc(CCO)cc1)Nc1ccc(-c2nc(N3CCOCC3)c3ncccc3n2)cc1,1,IC50,7.39,1,CHEMBL4102783
CC(=O)c1ccc(NC(=O)Nc2ccc(-c3nc(N4CCOCC4)c4ncccc4n3)cc2)cc1,1,IC50,6.78,1,CHEMBL4088235
CCC(=O)c1ccc(NC(=O)Nc2ccc(-c3nc(N4CCOCC4)c4ncccc4n3)cc2)cc1,1,IC50,6.52,1,CHEMBL4059989
CC(=O)Nc1ccc(NC(=O)Nc2ccc(-c3nc(N4CCOCC4)c4ncccc4n3)cc2)cc1,1,IC50,6.98,1,CHEMBL4060651
CNC(=O)c1ccc(NC(=O)Nc2ccc(-c3nc(N4CCOCC4)c4ncccc4n3)cc2)cc1,1,IC50,7.39,1,CHEMBL4089494
NS(=O)(=O)c1ccc(NC(=O)Nc2ccc(-c3nc(N4CCOCC4)c4ncccc4n3)cc2)cc1,1,IC50,7.63,1,CHEMBL4097194
CS(=O)(=O)Nc1ccc(NC(=O)Nc2ccc(-c3nc(N4CCOCC4)c4ncccc4n3)cc2)cc1,1,IC50,7.14,1,CHEMBL4079178
N=C(N)NS(=O)(=O)c1ccc(NC(=O)Nc2ccc(-c3nc(N4CCOCC4)c4ncccc4n3)cc2)cc1,1,IC50,8.45,1,CHEMBL4104902
O=C(Nc1ccc(-c2nc(N3CCOCC3)c3ncccc3n2)cc1)Nc1ccc(S(=O)(=O)Nc2nccs2)cc1,1,IC50,7.26,1,CHEMBL4087043
O=C(Nc1ccc(-c2nc(N3CCOCC3)c3ncccc3n2)cc1)Nc1ccc(S(=O)(=O)Nc2ccccn2)cc1,1,IC50,6.56,1,CHEMBL4092840
O=C(Nc1ccc(-c2nc(N3CCOCC3)c3ncccc3n2)cc1)Nc1ccc(S(=O)(=O)Nc2ncccn2)cc1,1,IC50,7.58,1,CHEMBL4072084
O=C(Nc1ccccc1)Nc1ccc(-c2nc(N3CCOCC3)c3cccnc3n2)cc1,1,IC50,7.12,1,CHEMBL4065878
O=C(Nc1ccc(CO)cc1)Nc1ccc(-c2nc(N3CCOCC3)c3cccnc3n2)cc1,1,IC50,7.26,1,CHEMBL4064842
O=C(Nc1ccc(-c2nc(N3CCOCC3)c3cccnc3n2)cc1)Nc1cccc(CO)c1,1,IC50,7.08,1,CHEMBL4092544
O=C(Nc1ccc(CCO)cc1)Nc1ccc(-c2nc(N3CCOCC3)c3cccnc3n2)cc1,1,IC50,7.44,1,CHEMBL4102715
CC(=O)Nc1ccc(NC(=O)Nc2ccc(-c3nc(N4CCOCC4)c4cccnc4n3)cc2)cc1,1,IC50,7.51,1,CHEMBL4103534
CNC(=O)c1ccc(NC(=O)Nc2ccc(-c3nc(N4CCOCC4)c4cccnc4n3)cc2)cc1,1,IC50,7.48,1,CHEMBL4079272
NS(=O)(=O)c1ccc(NC(=O)Nc2ccc(-c3nc(N4CCOCC4)c4cccnc4n3)cc2)cc1,1,IC50,6.75,1,CHEMBL4087157
CS(=O)(=O)Nc1ccc(NC(=O)Nc2ccc(-c3nc(N4CCOCC4)c4cccnc4n3)cc2)cc1,1,IC50,7.73,1,CHEMBL4088056
N=C(N)NS(=O)(=O)c1ccc(NC(=O)Nc2ccc(-c3nc(N4CCOCC4)c4cccnc4n3)cc2)cc1,1,IC50,7.8,1,CHEMBL4059778
O=C(Nc1ccc(-c2nc(N3CCOCC3)c3cccnc3n2)cc1)Nc1ccc(S(=O)(=O)Nc2nccs2)cc1,1,IC50,8.06,1,CHEMBL4095781
O=C(Nc1ccc(-c2nc(N3CCOCC3)c3cccnc3n2)cc1)Nc1ccc(S(=O)(=O)Nc2ccccn2)cc1,1,IC50,7.4,1,CHEMBL4068435
O=C(Nc1ccc(-c2nc(N3CCOCC3)c3cccnc3n2)cc1)Nc1ccc(S(=O)(=O)Nc2ncccn2)cc1,1,IC50,8.0,1,CHEMBL4069475
N#CCN1CCC(n2c(=O)cnc3cnc4cc(F)c(-c5ccc(N)nc5)cc4c32)CC1,1,IC50,7.51,1,CHEMBL4066534
Nc1ccc(-c2ccc3ncc4ncc(=O)n(C5CCN(C=O)CC5)c4c3c2)cn1,1,IC50,7.64,1,CHEMBL4084640
NC(=O)N1CCC(n2c(=O)cnc3cnc4ccc(-c5ccc(N)nc5)cc4c32)CC1,1,IC50,8.4,1,CHEMBL4083691
Nc1ccc(-c2ccc3ncc4ncc(=O)n(C5CCN(CCO)CC5)c4c3c2)cn1,1,IC50,7.28,1,CHEMBL4076574
NC(=O)CN1CCC(n2c(=O)cnc3cnc4ccc(-c5ccc(N)nc5)cc4c32)CC1,1,IC50,8.52,1,CHEMBL4075931
COC(=O)CN1CCC(n2c(=O)cnc3cnc4ccc(-c5ccc(N)nc5)cc4c32)CC1,1,IC50,8.4,1,CHEMBL4064699
N#CCN1CCC[C@H](n2c(=O)cnc3cnc4ccc(-c5ccc(N)nc5)cc4c32)C1,1,IC50,7.38,1,CHEMBL4060744
N#CCN1CCC[C@H](n2c(=O)cnc3cnc4ccc(-c5cnc6ccccc6c5)cc4c32)C1,1,IC50,7.26,1,CHEMBL4088957
N#CCN1CCC(n2c(=O)cnc3cnc4ccc(-c5ccc(N)nc5)cc4c32)C1,1,IC50,7.92,1,CHEMBL4069422
N#CCN1CCC(n2c(=O)cnc3cnc4ccc(-c5cnc6ccccc6c5)cc4c32)C1,1,IC50,7.85,1,CHEMBL4096651
N#CCN1CCC(n2c(=O)cnc3cnc4cc(F)c(-c5cnc6ccccc6c5)cc4c32)CC1,1,IC50,7.46,1,CHEMBL4104010
N#CCN1CCC(n2c(=O)cnc3cnc4ccc(-c5ccc(N)nc5)cc4c32)CC1,1,IC50,8.15,1,CHEMBL4079746
N#CCN1CCC(n2c(=O)cnc3cnc4ccc(-c5cnc6ccccc6c5)cc4c32)CC1,1,IC50,8.52,1,CHEMBL4096248
N#CCN1CCC(n2c(=O)cnc3cnc4cc(F)c(-c5cccnc5)cc4c32)CC1,1,IC50,7.1,1,CHEMBL4088526
N#CCN1CCC(n2c(=O)cnc3cnc4cc(F)c(-c5cn[nH]c5)cc4c32)CC1,1,IC50,8.52,1,CHEMBL4101340
Cn1cc(-c2cc3c(cc2F)ncc2ncc(=O)n(C4CCN(CC#N)CC4)c23)cn1,1,IC50,7.62,1,CHEMBL4083349
N#CCN1CCC(n2c(=O)cnc3cnc4cc(F)c(-c5cnn(C(F)F)c5)cc4c32)CC1,1,IC50,7.25,1,CHEMBL4093606
COc1ccc(-c2cc3c(cc2F)ncc2ncc(=O)n(C4CCN(CC#N)CC4)c23)cn1,1,IC50,7.5,1,CHEMBL4085859
N#CCN1CCC(n2c(=O)cnc3cnc4cc(F)c(-c5ccc(N)cc5)cc4c32)CC1,1,IC50,7.54,1,CHEMBL4064318
COc1ccc(-c2cc3c(cc2F)ncc2ncc(=O)n(C4CCN(CC#N)CC4)c23)cc1,1,IC50,7.22,1,CHEMBL4077990
Cc1ccc(-c2cc3c(cc2F)ncc2ncc(=O)n(C4CCN(CC#N)CC4)c23)cn1,1,IC50,7.17,1,CHEMBL4102252
CNC(=O)c1nc(-c2nc(-c3cnc4ccccn34)c(C)nc2N)n(C)n1,0,IC50,4.54,1,CHEMBL4072637
CC(O)c1cc2nc(N3C[C@@H](C)O[C@@H](C)C3)nc(N3CCOCC3)c2s1,1,IC50,6.2,1,CHEMBL4064087
OCc1cc2nc(N3CCSCC3)nc(N3CCOCC3)c2s1,1,IC50,6.22,1,CHEMBL4063088
OCc1cc2nc(N3CCOc4ccccc43)nc(N3CCOCC3)c2s1,1,IC50,6.47,1,CHEMBL4063923
C[C@@H]1CN(c2nc(N3CCOCC3)c3sc(CO)cc3n2)C[C@H](C)O1,1,IC50,6.33,1,CHEMBL4078390
C[C@@H]1COCCN1c1nc(N2CCOCC2)c2sc(CO)cc2n1,1,IC50,6.47,1,CHEMBL4100237
C[C@@H]1CN(c2nc(N3CCOCC3)c3sc(C(N)=O)cc3n2)C[C@H](C)O1,1,IC50,6.06,1,CHEMBL4082222
C[C@@H]1CN(c2nc(N3CCOCC3)c3sc(-c4ccccc4O)cc3n2)C[C@H](C)O1,1,IC50,6.65,1,CHEMBL4100335
C[C@@H]1CN(c2nc(N3CCOCC3)c3sc(-c4ccccn4)cc3n2)C[C@H](C)O1,1,IC50,6.57,1,CHEMBL4098035
C[C@@H]1CN(c2nc(N3CCOCC3)c3sc(-c4cccnc4)cc3n2)C[C@H](C)O1,1,IC50,6.21,1,CHEMBL4080009
C[C@@H]1CN(c2nc(N3CCOCC3)c3sc(-c4ccc(N)nc4)cc3n2)C[C@H](C)O1,1,IC50,7.16,1,CHEMBL4068220
C[C@@H]1CN(c2nc(N3CCOCC3)c3sc(-c4cnc(N)nc4)cc3n2)C[C@H](C)O1,1,IC50,6.37,1,CHEMBL4060108
C[C@@H]1CN(c2nc(N3CCOCC3)c3sc(-c4ccco4)cc3n2)C[C@H](C)O1,1,IC50,6.96,1,CHEMBL4086949
C[C@@H]1CN(c2nc(N3CCOCC3)c3sc(-c4ccoc4)cc3n2)C[C@H](C)O1,1,IC50,6.65,1,CHEMBL4065513
C[C@@H]1CN(c2nc(N3CCOCC3)c3sc(-c4ccc[nH]4)cc3n2)C[C@H](C)O1,1,IC50,6.76,1,CHEMBL4077217
C[C@@H]1CN(c2nc(N3CCOCC3)c3sc(-c4ccn[nH]4)cc3n2)C[C@H](C)O1,1,IC50,7.8,2,CHEMBL4071083
Cc1c(-c2ccn[nH]2)sc2c(N3CCOCC3)nc(N3C[C@@H](C)O[C@@H](C)C3)nc12,1,IC50,7.14,1,CHEMBL4076699
C[C@@H]1CN(c2nc(N3CCOCC3)c3sc(-c4cn[nH]c4)cc3n2)C[C@H](C)O1,1,IC50,6.37,1,CHEMBL4101802
CCNC(=O)Nc1ccc(-c2cc(N3CCOCC3)c3ncn(CC)c3n2)cc1,1,IC50,6.38,1,CHEMBL4063987
CCCn1cnc2c(N3CCOCC3)cc(-c3ccc(NC(=O)NCC)cc3)nc21,1,IC50,6.4,1,CHEMBL4102513
CCCn1cnc2c(N3CCOC[C@@H]3C)cc(-c3ccc(NC(=O)NCC)cc3)nc21,1,IC50,6.54,1,CHEMBL4084564
CCCCn1cnc2c(N3CCOC[C@@H]3C)cc(-c3ccc(NC(=O)NCC)cc3)nc21,1,IC50,6.37,1,CHEMBL4069454
CCNC(=O)Nc1ccc(-c2cc(N3CCOC[C@@H]3C)c3ncn(COCC)c3n2)cc1,1,IC50,6.39,1,CHEMBL4096679
CCNC(=O)Nc1ccc(-c2cc(N3CCOC[C@@H]3C)c3ncn(COCCOC)c3n2)cc1,1,IC50,6.39,1,CHEMBL4063840
CCNC(=O)Nc1ccc(-c2cc(N3CCOC[C@@H]3C)c3nc(C)n(CC)c3n2)cc1,1,IC50,6.48,1,CHEMBL4090667
CCCn1c(C)nc2c(N3CCOC[C@@H]3C)cc(-c3ccc(NC(=O)NCC)cc3)nc21,1,IC50,6.37,1,CHEMBL4095949
CCNC(=O)Nc1ccc(-c2cc(N3CCOC[C@@H]3C)c3nc(C)n(CC(C)C)c3n2)cc1,1,IC50,6.37,1,CHEMBL4068631
CN(C)C(=O)c1cc([C@H]2CCCN2c2cc(F)cc(F)c2)c2nc(N3CCOCC3)cnc2c1,0,Kd,4.55,1,CHEMBL4130282
CN(C)C(=O)c1cc([C@@H]2CCCN2c2cc(F)cc(F)c2)c2nc(N3CCOCC3)cnc2c1,0,Kd (>),4.52,1,CHEMBL4127012
CN(C)C(=O)c1cc(C2CCCN2c2cc(F)cc(F)c2)c2nc(N3CCOCC3)cnc2c1,0,Kd (>),4.52,1,CHEMBL4129062
C[C@@H]1CN(C(=O)c2cc(C3CCCN3c3cc(F)cc(F)c3)c3nc(N4CCOCC4)cnc3c2)C[C@H](C)N1,0,Kd (>),4.52,1,CHEMBL4125781
C[C@@H](Nc1cccc(F)c1)c1cc(C(=O)NCCO)cc2ncc(N3CCOCC3)nc12,0,Kd,4.77,1,CHEMBL4127822
C[C@H](Nc1cccc(F)c1)c1cc(C(=O)NCCO)cc2ncc(N3CCOCC3)nc12,0,Kd (>),4.52,1,CHEMBL4129223
CC(Nc1cc(F)cc(F)c1)c1cc(C(=O)NCCN(C)C)cc2ncc(N3CCOCC3)nc12,0,Kd (>),4.52,1,CHEMBL4127116
C[C@@H](Nc1cc(F)cc(F)c1)c1cc(C(=O)NCCN(C)C)cc2ncc(N3CCOCC3)nc12,0,Kd,4.72,1,CHEMBL4128507
C[C@H](Nc1cc(F)cc(F)c1)c1cc(C(=O)NCCN(C)C)cc2ncc(N3CCOCC3)nc12,0,Kd (>),4.52,1,CHEMBL4128821
CNCCNC(=O)c1cc(C(C)Nc2cccc(F)c2)c2nc(N3CCOCC3)cnc2c1,0,Kd,4.63,1,CHEMBL4127425
Cc1c(F)cccc1NCc1cc(C(=O)NCCN(C)C)cc2ncc(N3CCOCC3)nc12,0,Kd,4.75,1,CHEMBL4127570
O=C(Nc1ccc(-c2ccnc(N3CCOCC3)n2)cc1)Nc1ccc(Cl)c(-c2cccnc2)c1,0,IC50 (>),5.0,1,CHEMBL4166823
O=C(Nc1ccc(-c2nc(N3CCOCC3)nc(N3CCOCC3)n2)cc1)Nc1ccc(Cl)c(-c2ccncc2)c1,1,IC50,6.75,1,CHEMBL4173271
O=C(Nc1ccc(-c2nc(N3CCOCC3)nc(N3CCOCC3)n2)cc1)Nc1ccc(Cl)c(-c2cccnc2)c1,1,IC50,6.7,1,CHEMBL4165357
O=C(Nc1ccc(-c2nc(N3CCOCC3)nc(N3CCOCC3)n2)cc1)Nc1ccc(Cl)c(-c2ccccn2)c1,1,IC50,7.05,1,CHEMBL4169844
O=C(Nc1ccc(-c2cc(N3CCOCC3)nc(N3CCOCC3)n2)cc1)Nc1ccc(Cl)c(-c2ccncc2)c1,1,IC50,6.58,1,CHEMBL4162272
O=C(Nc1ccc(-c2cc(N3CCOCC3)nc(N3CCOCC3)n2)cc1)Nc1ccc(Cl)c(-c2cccnc2)c1,1,IC50,6.48,1,CHEMBL4170185
COc1ncc(-c2cc(OC3CCOCC3)c3nc(N)nc(C)c3c2)cc1NS(=O)(=O)c1ccc(F)cc1F,1,IC50,8.1,1,CHEMBL4166144
COc1ncc(-c2cc(O[C@@H]3CCOC3)c3nc(N)nc(C)c3c2)cc1NS(=O)(=O)c1ccc(F)cc1F,1,IC50,8.0,1,CHEMBL4176771
CNc1nc(C)c2cc(-c3cnc(OC)c(NS(=O)(=O)c4ccc(F)cc4F)c3)cc(OC3CCOCC3)c2n1,1,IC50,7.37,1,CHEMBL4166594
CNc1nc(C)c2cc(-c3cnc(OC)c(NS(=O)(=O)c4ccc(F)cc4F)c3)cc(O[C@@H]3CCOC3)c2n1,1,IC50,7.25,1,CHEMBL4174909
CNc1ncc2c(-c3ccc(N4CCN(C(=O)C(C)(C)C)CC4)nc3)nn(CC3CCCC3)c2n1,0,IC50 (>),5.0,1,CHEMBL4204515
CCN1CCN(c2ccc(-c3nn(CC4CCCC4)c4nc(NC)ncc34)cn2)CC1,0,IC50 (>),5.0,1,CHEMBL4213775
CNc1ncc2c(-c3ccc(N4CCN(C)CC4)nc3)nn(CC3CCCC3)c2n1,0,IC50 (>),5.0,1,CHEMBL4208852
CNc1ncc2c(-c3ccc(N4CCN(C)CC4)cc3)nn(CC3CCCC3)c2n1,0,IC50 (>),5.0,1,CHEMBL4218175
Nc1nc(Nc2ccc3c(c2)CC[C@@H](N2CCCC2)CC3)nn1-c1cc2c(nn1)-c1ccccc1CCC2,0,IC50 (>),5.0,1,CHEMBL3809489
CNc1ncc2c(-c3ccc(N4CCN(C(=O)C(C)(C)C)CC4)nc3)nn(Cc3cn(Cc4ccccc4)nn3)c2n1,0,IC50 (>),5.0,1,CHEMBL4207004
CCN1CCN(c2ccc(-c3nn(Cc4cn(Cc5ccccc5)nn4)c4nc(NC)ncc34)cn2)CC1,0,IC50 (>),5.0,1,CHEMBL4217649
CNc1ncc2c(-c3ccc(N4CCN(C)CC4)nc3)nn(Cc3cn(Cc4ccccc4)nn3)c2n1,0,IC50 (>),5.0,1,CHEMBL4218369
CNc1ncc2c(-c3ccc(N4CCNCC4)cc3)nn(Cc3cn(Cc4ccccc4)nn3)c2n1,0,IC50 (>),5.0,1,CHEMBL4211308
CNc1ncc2c(-c3ccc(N4CCNCC4)nc3)nn(Cc3cn(-c4ccsc4C(=O)OC)nn3)c2n1,0,IC50 (>),5.0,1,CHEMBL4205191
CNc1ncc2c(-c3ccc(N4CCNCC4)nc3)nn(Cc3cn(Cc4ccccc4)nn3)c2n1,0,IC50 (>),5.0,1,CHEMBL4210084
CNc1ncc2c(-c3ccc(OC)cc3)nn(CC3OCCO3)c2n1,0,IC50 (>),5.0,1,CHEMBL4209569
CNc1ncc2c(-c3ccc(N4CCNCC4)nc3)nn(CC3OCCO3)c2n1,0,IC50 (>),5.0,1,CHEMBL4214476
CNc1ncc2c(-c3ccc(N4CCNCC4)nc3)nn(CC3CCCC3)c2n1,0,IC50 (>),5.0,1,CHEMBL4213003
CS(=O)(=O)Cc1cc(-c2cnc(N)cc2C(F)(F)F)nc(N2CCOCC2)n1,0,IC50,4.85,1,CHEMBL4210320
C[C@H]1COCCN1c1nc(-c2cnc(N)cc2F)cc(C2(S(C)(=O)=O)CC2)n1,1,IC50,6.73,1,CHEMBL4211915
CNC(=O)c1nnc2ccc(-c3ccc(OCCCN(C)C)nc3)cc2c1N[C@@H](C)C1CCOCC1,0,IC50 (>),4.72,2,CHEMBL4218854
C[C@H](Nc1c(C(N)=O)nnc2ccc(-c3ccc(OCCCN(C)C)nc3)cc12)C1CCOCC1,0,IC50 (>),4.82,1,CHEMBL4217549
COc1ncc(-c2cc3c(C)nc(N)nc3s2)cc1NS(=O)(=O)c1ccc(F)cc1F,1,IC50,8.0,1,CHEMBL4226082
COc1ncc(-c2cc3c(C)nc(NC(C)=O)nc3s2)cc1NS(=O)(=O)c1ccc(F)cc1F,1,IC50,8.0,1,CHEMBL4228946
COc1ccc(-c2ccc3c(N4CCOCC4)nc(C#N)nc3n2)cc1CO,1,IC50,7.5,1,CHEMBL4239569
COc1ccc(-c2ccc3c(N4CCOCC4)nc(C(N)=O)nc3n2)cc1CO,1,IC50,7.32,1,CHEMBL4239931
COc1ccc(-c2ccc3c(N4CCOCC4)nc(CN)nc3n2)cc1CO,1,IC50,6.84,1,CHEMBL4244147
COc1ccc(-c2ccc3c(N4CCOCC4)nc(CC#N)nc3n2)cc1CO,1,IC50,7.06,1,CHEMBL4248529
COc1ccc(-c2ccc3c(N4CCOC[C@@H]4C)nc(CC(OC)OC)nc3n2)cc1CO,1,IC50,7.54,1,CHEMBL4246481
COc1ccc(-c2ccc3c(N4CCOC[C@@H]4C)nc(C)nc3n2)cc1CO,1,IC50,7.02,1,CHEMBL4240170
COc1ccc(-c2ccc3c(N4CCOC[C@@H]4C)nc(C(C)C)nc3n2)cc1CO,1,IC50,8.0,1,CHEMBL4250280
COc1ccc(-c2ccc3c(N4CCOC[C@@H]4C)nc(C(C)(C)C)nc3n2)cc1CO,1,IC50,8.7,1,CHEMBL4238656
CNC(=O)c1cccc(-c2ccc3c(N4CCOC[C@@H]4C)nc(C(C)(C)C)nc3n2)c1,1,IC50,7.14,1,CHEMBL4239712
COc1ccc(-c2ccc3c(N4CCOC[C@@H]4C)nc(C4=CCOCC4)nc3n2)cc1CO,1,IC50,7.52,1,CHEMBL4246121
COc1ccc(-c2ccc3c(N4CCOC[C@@H]4C)nc(C4CCOCC4)nc3n2)cc1CO,1,IC50,7.28,1,CHEMBL4251185
Nc1ccc(-c2ccc3ncc4ccc(=O)n(-c5cccc(C(F)(F)F)c5)c4c3c2)cn1,1,IC50,9.6,1,CHEMBL1765602
C=CC(=O)Nc1ccc(-n2c(=O)ccc3oc4ccc(-c5cccnc5)cc4c32)cc1,1,IC50,6.64,2,CHEMBL4246563
COc1ncc(-c2ccc3ncc(Cl)c(=O)n3c2)cc1NS(=O)(=O)c1ccc(F)cc1F,1,IC50,8.33,2,CHEMBL4288258
COc1ncc(-c2ccc3nccc(=O)n3c2)cc1NS(=O)(=O)c1ccc(F)cc1F,1,IC50,7.72,2,CHEMBL4284400
COc1ncc(-c2ccc3ncc(C)c(=O)n3c2)cc1NS(=O)(=O)c1ccc(F)cc1F,1,IC50,6.92,1,CHEMBL4276933
COc1ncc(-c2ccc3nccc(=O)n3c2)cc1NS(=O)(=O)c1cc(F)ccc1F,1,IC50,6.96,1,CHEMBL4294612
COc1ncc(-c2ccc3nccc(=O)n3c2)cc1NS(=O)(=O)c1cc(F)cc(F)c1,1,IC50,7.11,1,CHEMBL4295052
COc1ncc(-c2ccc3nccc(=O)n3c2)cc1NS(=O)(=O)c1ccccc1,1,IC50,6.7,1,CHEMBL4281223
COc1ncc(-c2ccc3nccc(=O)n3c2)cc1NS(=O)(=O)c1ccc(F)cc1,1,IC50,6.98,1,CHEMBL4288517
COc1ncc(-c2ccc3nccc(=O)n3c2)cc1NS(=O)(=O)c1ccc(Cl)cc1,1,IC50,6.65,1,CHEMBL4280614
COc1ncc(-c2ccc3nccc(=O)n3c2)cc1NS(=O)(=O)c1ccc(C#N)cc1,1,IC50,6.61,1,CHEMBL4280989
COc1ncc(-c2ccc3nccc(=O)n3c2)cc1NS(=O)(=O)c1ccc(C(F)(F)F)cc1,1,IC50,6.79,1,CHEMBL4291635
COc1ccc(S(=O)(=O)Nc2cc(-c3ccc4nccc(=O)n4c3)cnc2OC)cc1,1,IC50,6.86,1,CHEMBL4277571
COc1ncc(-c2ccc3nccc(=O)n3c2)cc1NS(=O)(=O)c1cccc(F)c1,1,IC50,7.19,1,CHEMBL4288222
COc1ncc(-c2ccc3nccc(=O)n3c2)cc1NS(=O)(=O)c1ccccc1C,1,IC50,6.81,1,CHEMBL4279898
CC(=O)n1nc(C)c(-c2ccc(Cl)c(Cl)c2)c1N,0,IC50 (>),4.0,1,CHEMBL4276946
C[C@@H]1COCCN1c1cc(C2(S(C)(=O)=O)CC2)nc(-c2cncc3[nH]ccc23)n1,1,IC50,7.47,2,CHEMBL4281240
CNc1nc2ccccc2n1-c1nc(N2CCOC[C@H]2C)cc(C2(S(C)(=O)=O)CC2)n1,1,IC50,7.28,1,CHEMBL4291436
CNc1nc2ccccc2n1-c1nc(N2CCOC[C@H]2C)cc(C2([S@](C)(=N)=O)CC2)n1,1,IC50,6.82,1,CHEMBL3648329
CCOC(=O)C1=C(CSc2nc3cc([N+](=O)[O-])ccc3[nH]2)N(C)C(=O)NC1c1ccccc1,1,IC50,6.14,1,CHEMBL4286023
CCOC(=O)C1=C(CSC(=S)N(C2CCCCC2)C2CCCCC2)N(C)C(=O)NC1c1ccccc1,1,IC50,6.19,1,CHEMBL4291192
CC(C)n1nc(-c2ccc3oc(N)nc3c2)c2c(N)ncnc21,1,IC50,9.19,8,CHEMBL3545097
CO[C@H]1C[C@@H]2CC[C@@H](C)[C@@](O)(O2)C(=O)C(=O)N2CCCC[C@H]2C(=O)O[C@H]([C@H](C)C[C@@H]2CC[C@@H](OCCO)[C@H](OC)C2)CC(=O)[C@H](C)/C=C(\C)[C@@H](O)[C@@H](OC)C(=O)[C@H](C)C[C@H](C)/C=C/C=C/C=C/1C,1,IC50,8.8,8,CHEMBL1908360
CC(C)C(=O)CN1c2nc(N3CCOC[C@H]3C)cc(=O)n2CC[C@H]1C(F)(F)F,0,IC50 (>),5.0,1,CHEMBL4586628
COc1ccc(-c2nc(N3CCOCC3)c3sc(CN(C)c4ncc(C(=O)NO)cn4)cc3n2)cn1,1,IC50,6.73,2,CHEMBL3622533
Cc1ccc(-c2ccc3ncc4oc(=O)n(-c5cccc(C(F)(F)F)c5)c4c3c2)cn1,1,IC50,6.59,1,CHEMBL4453652
CCC(=O)Nc1ccc(-c2ccc3ncc4ccc(=O)n(-c5cccc(C(F)(F)F)c5)c4c3c2)cn1,1,IC50,7.53,1,CHEMBL4525212
COc1ncc(-c2ccc3ncc(-c4nnc(CCN5CCN(C)CC5)o4)n3c2)cc1NS(=O)(=O)c1ccc(F)cc1F,1,IC50,7.68,2,CHEMBL4440406
COc1c(OCCCN2CCOCC2)ccc2c1N=C(NC(=O)c1cnc(N)nc1)N1CCN=C21,1,IC50,7.35,3,CHEMBL3218576
CC(C)(C)c1ccc(S(=O)(=O)N2CCN(Cn3cc4c(=O)oc5ccccc5c4n3)CC2)cc1,0,IC50 (>),5.0,1,CHEMBL4519664
O=c1oc2ccccc2c2nn(CN3CCN(S(=O)(=O)c4ccc(Cl)cc4)CC3)cc12,0,IC50 (>),5.0,1,CHEMBL4441408
O=c1oc2ccccc2c2nn(CN3CCN(S(=O)(=O)c4ccc(Br)cc4)CC3)cc12,0,IC50 (>),5.0,1,CHEMBL4540508
O=c1oc2ccccc2c2nn(CN3CCN(S(=O)(=O)c4ccc([N+](=O)[O-])cc4)CC3)cc12,0,IC50 (>),5.0,1,CHEMBL4568307
O=c1oc2ccccc2c2nn(CN3CCN(S(=O)(=O)c4cccc([N+](=O)[O-])c4)CC3)cc12,0,IC50 (>),5.0,1,CHEMBL4469318
Cc1ccc(C)c(S(=O)(=O)N2CCN(Cn3cc4c(=O)oc5ccccc5c4n3)CC2)c1,0,IC50 (>),5.0,1,CHEMBL4445433
CC(C)c1cc(C(C)C)c(S(=O)(=O)N2CCN(Cn3cc4c(=O)oc5ccccc5c4n3)CC2)c(C(C)C)c1,0,IC50 (>),5.0,1,CHEMBL4448759
O=c1cc(N2CCOCC2)oc2c(-c3ccccc3)cccc12,0,IC50 (>),5.0,1,CHEMBL98350
CNC(=O)Nc1ccc(-c2ncc3c(n2)N2CCOCC2C(=O)N3)cc1,1,IC50,6.5,1,CHEMBL4548212
CNC(=O)Nc1ccc(-c2ncc3c(n2)N2CCOCC2CO3)cc1,1,IC50,6.3,1,CHEMBL4444625
CNC(=O)Nc1ccc(-c2ncc3c(n2)N2CCOCC2C(=O)N3CC2CC2)cc1,1,IC50,7.5,1,CHEMBL4572537
CNC(=O)Nc1ccc(-c2ncc3c(n2)N2CCOC[C@@]2(C)C(=O)N3CC2CC2)cc1,1,IC50,8.1,1,CHEMBL4466519
C[C@@]12COCCN1c1nc(-c3ccc(NC(=O)NC4CC4)cc3)ncc1N(CC1CC1)C2=O,1,IC50,8.2,1,CHEMBL4540705
CC(F)(F)CN1C(=O)[C@]2(C)COCCN2c2nc(-c3ccc(NC(=O)NC4CC4)cc3)ncc21,1,IC50,7.9,1,CHEMBL4475248
COc1ncc(-c2ccc3c(c2)NC(=O)CO3)cc1NS(=O)(=O)c1ccc(F)cc1,1,IC50,6.2,1,CHEMBL4460772
O=C1COc2ccc(-c3cnc(Cl)c(NS(=O)(=O)c4ccc(F)cc4)c3)cc2N1,1,IC50,6.48,1,CHEMBL4571692
COc1ncc(-c2ccc3c(c2)N(c2ccccc2)C(=O)CO3)cc1NS(=O)(=O)c1ccc(F)cc1,1,IC50,7.31,1,CHEMBL4529790
O=C1COc2ccc(-c3cnc(Cl)c(NS(=O)(=O)c4ccc(F)cc4)c3)cc2N1c1ccccc1,1,IC50,7.82,1,CHEMBL4473266
COc1ncc(-c2ccc3c(c2)N(c2ccc(Cl)cc2)C(=O)CO3)cc1NS(=O)(=O)c1ccc(F)cc1,1,IC50,7.9,1,CHEMBL4444508
O=C1COc2ccc(-c3cnc(Cl)c(NS(=O)(=O)c4ccc(F)cc4)c3)cc2N1c1ccc(Cl)cc1,1,IC50,7.85,1,CHEMBL4519698
COc1ncc(-c2ccc3c(c2)N(c2ccc(C)cc2)C(=O)CO3)cc1NS(=O)(=O)c1ccc(F)cc1,1,IC50,7.86,1,CHEMBL4513405
Cc1ccc(N2C(=O)COc3ccc(-c4cnc(Cl)c(NS(=O)(=O)c5ccc(F)cc5)c4)cc32)cc1,1,IC50,7.71,1,CHEMBL4475948
COc1ccc(N2C(=O)COc3ccc(-c4cnc(OC)c(NS(=O)(=O)c5ccc(F)cc5)c4)cc32)cc1,1,IC50,7.86,1,CHEMBL4528675
COc1ccc(N2C(=O)COc3ccc(-c4cnc(Cl)c(NS(=O)(=O)c5ccc(F)cc5)c4)cc32)cc1,1,IC50,7.7,1,CHEMBL4584781
COc1ncc(-c2ccc3c(c2)N(c2ccc(F)cc2)C(=O)CO3)cc1NS(=O)(=O)c1ccc(F)cc1,1,IC50,7.46,1,CHEMBL4451044
O=C1COc2ccc(-c3cnc(Cl)c(NS(=O)(=O)c4ccc(F)cc4)c3)cc2N1c1ccc(F)cc1,1,IC50,7.75,1,CHEMBL4544815
COc1ncc(-c2ccc3c(c2)N(C(C)C)C(=O)CO3)cc1NS(=O)(=O)c1ccc(F)cc1,1,IC50,8.44,1,CHEMBL4529195
CC(C)N1C(=O)COc2ccc(-c3cnc(Cl)c(NS(=O)(=O)c4ccc(F)cc4)c3)cc21,1,IC50,8.37,1,CHEMBL4452675
COc1ncc(-c2ccc3c(c2)N(C2CCCCC2)C(=O)CO3)cc1NS(=O)(=O)c1ccc(F)cc1,1,IC50,6.06,1,CHEMBL4558087
O=C1COc2ccc(-c3cnc(Cl)c(NS(=O)(=O)c4ccc(F)cc4)c3)cc2N1C1CCCCC1,1,IC50,6.54,1,CHEMBL4455115
COc1ncc(-c2ccc3c(c2)N(C2CC2)C(=O)CO3)cc1NS(=O)(=O)c1ccc(F)cc1,1,IC50,6.6,1,CHEMBL4450906
O=C1COc2ccc(-c3cnc(Cl)c(NS(=O)(=O)c4ccc(F)cc4)c3)cc2N1C1CC1,1,IC50,6.57,1,CHEMBL4461794
CCn1c(=O)c(-c2cc[nH]n2)cc2c(C)nc(N)nc21,1,IC50,6.82,4,CHEMBL3545366
CN(C)c1ccc(C(=O)Nc2cccc(NC(=O)COc3ccc4c(=O)ccoc4c3)c2)cc1,0,IC50 (>),5.0,1,CHEMBL4438748
COc1ccc(Cn2c(=O)n(C)c3c4cc(-c5cnc6ccccc6c5)ccc4ncc32)cc1,1,IC50,6.17,1,CHEMBL4454741
COc1ccc(Cn2c(=O)n(C)c3cnc4ccc(-c5cnc(OC)c(NS(C)(=O)=O)c5)cc4c32)cc1,1,IC50,6.24,1,CHEMBL4550603
Nc1ccc(-c2nc(N3CCOCC3)c3cnn(CCCCCCC(=O)NO)c3n2)cc1,1,IC50,7.4,1,CHEMBL4552057
C[C@@H]1CN(C(=O)Nc2ccc(-c3nc(N4CCOCC4)c4cnn(CCCCCCC(=O)NO)c4n3)cc2)CCO1,1,IC50,8.92,1,CHEMBL4532398
CN1CCN(C(=O)Nc2ccc(-c3nc(N4CCOCC4)c4cnn(CCCCCCC(=O)NO)c4n3)cc2)CC1,1,IC50,8.47,1,CHEMBL4582850
CCN1CCN(C(=O)Nc2ccc(-c3nc(N4CCOCC4)c4cnn(CCCCCCC(=O)NO)c4n3)cc2)CC1,1,IC50,8.51,1,CHEMBL4437811
C=CC(=O)Nc1cccc(-n2c(=O)ccc3oc4ccc(-c5cccnc5)cc4c32)c1,0,IC50 (>),5.0,1,CHEMBL4559706
c1ccc2ncc(-c3ccc4ncncc4c3)cc2c1,0,IC50 (>),5.0,1,CHEMBL4450615
c1ccc(-c2ncnc3ccc(-c4cnc5ccccc5c4)cc23)cc1,1,IC50,6.18,1,CHEMBL4521863
CCNC(=O)Nc1ccc(-c2nc(N3CCOC[C@@H]3C)c3c(n2)C(C)(C)S(=O)(=O)C3)cc1,1,IC50,7.84,5,CHEMBL4577549
C[C@@H](Nc1c(C(N)=O)cnc2ccc(C#N)cc12)c1ccc(Cl)cc1,1,IC50,6.07,1,CHEMBL4527822
C[C@@H](Nc1c(C(N)=O)cnc2ccc(-c3cccnc3)cc12)c1ccc(Cl)cc1,1,IC50,6.74,1,CHEMBL4565988
COc1ncc(-c2cc3c(c(NC(=O)CN4CCOCC4)c2)COC3)cc1NS(C)(=O)=O,0,IC50 (>),5.0,1,CHEMBL4561692
C[C@@H]1C[C@H]1C(=O)N1CCN(c2cnc(C#N)c(-c3cnn(C)c3)n2)C[C@H]1C,0,IC50 (>),4.0,1,CHEMBL4634634
O=S(=O)(c1ccccc1)N1CCN(c2nc(NCCN3CCOCC3)nc(N3CCOCC3)n2)CC1,1,IC50,7.15,1,CHEMBL4744164
Cc1ccc(S(=O)(=O)N2CCN(c3nc(NCCN4CCOCC4)nc(N4CCOCC4)n3)CC2)cc1,1,IC50,7.89,1,CHEMBL4792033
Cc1cccc(S(=O)(=O)N2CCN(c3nc(NCCN4CCOCC4)nc(N4CCOCC4)n3)CC2)c1,1,IC50,7.52,1,CHEMBL4759873
Cc1ccccc1S(=O)(=O)N1CCN(c2nc(NCCN3CCOCC3)nc(N3CCOCC3)n2)CC1,1,IC50,7.49,1,CHEMBL4761484
COc1ccc(S(=O)(=O)N2CCN(c3nc(NCCN4CCOCC4)nc(N4CCOCC4)n3)CC2)cc1,1,IC50,7.68,1,CHEMBL4799656
COc1cccc(S(=O)(=O)N2CCN(c3nc(NCCN4CCOCC4)nc(N4CCOCC4)n3)CC2)c1,1,IC50,7.65,1,CHEMBL4746999
COc1ccccc1S(=O)(=O)N1CCN(c2nc(NCCN3CCOCC3)nc(N3CCOCC3)n2)CC1,1,IC50,7.59,1,CHEMBL4762360
O=S(=O)(c1ccc(O)cc1)N1CCN(c2nc(NCCN3CCOCC3)nc(N3CCOCC3)n2)CC1,1,IC50,8.07,1,CHEMBL4789747
O=S(=O)(c1cccc(O)c1)N1CCN(c2nc(NCCN3CCOCC3)nc(N3CCOCC3)n2)CC1,1,IC50,7.66,1,CHEMBL4756561
O=S(=O)(c1ccccc1O)N1CCN(c2nc(NCCN3CCOCC3)nc(N3CCOCC3)n2)CC1,1,IC50,7.49,1,CHEMBL4753286
O=[N+]([O-])c1ccc(S(=O)(=O)N2CCN(c3nc(NCCN4CCOCC4)nc(N4CCOCC4)n3)CC2)cc1,1,IC50,7.38,1,CHEMBL4794719
O=[N+]([O-])c1cccc(S(=O)(=O)N2CCN(c3nc(NCCN4CCOCC4)nc(N4CCOCC4)n3)CC2)c1,1,IC50,7.12,1,CHEMBL4789851
O=[N+]([O-])c1ccccc1S(=O)(=O)N1CCN(c2nc(NCCN3CCOCC3)nc(N3CCOCC3)n2)CC1,1,IC50,7.18,1,CHEMBL4794731
O=S(=O)(c1ccc(Cl)cc1)N1CCN(c2nc(NCCN3CCOCC3)nc(N3CCOCC3)n2)CC1,1,IC50,7.55,1,CHEMBL4781109
O=S(=O)(c1cccc(Cl)c1)N1CCN(c2nc(NCCN3CCOCC3)nc(N3CCOCC3)n2)CC1,1,IC50,7.51,1,CHEMBL4765213
O=S(=O)(c1ccccc1Cl)N1CCN(c2nc(NCCN3CCOCC3)nc(N3CCOCC3)n2)CC1,1,IC50,7.45,1,CHEMBL4762993
O=S(=O)(c1ccc(F)cc1)N1CCN(c2nc(NCCN3CCOCC3)nc(N3CCOCC3)n2)CC1,1,IC50,7.45,1,CHEMBL4742084
O=S(=O)(c1cccc(F)c1)N1CCN(c2nc(NCCN3CCOCC3)nc(N3CCOCC3)n2)CC1,1,IC50,7.03,1,CHEMBL4751660
O=S(=O)(c1ccccc1F)N1CCN(c2nc(NCCN3CCOCC3)nc(N3CCOCC3)n2)CC1,1,IC50,7.01,1,CHEMBL4789698
CN(C)C(=O)c1ccc(Oc2nc(-c3cnc(N)nc3)nc(N3CCOCC3)n2)cc1,1,IC50,6.02,1,CHEMBL4789524
CN(C)C(=O)c1ccc(Oc2nc(-c3ccc(N)nc3)nc(N3CCOCC3)n2)cc1,1,IC50,6.7,1,CHEMBL4793302
CN(C)C(=O)c1ccc(Oc2nc(-c3ccnc4[nH]ccc34)nc(N3CCOCC3)n2)cc1,1,IC50,6.66,1,CHEMBL4764922
CN(C)C(=O)c1ccc(Oc2nc(-c3cnc(N)s3)nc(N3CCOCC3)n2)cc1,1,IC50,8.0,1,CHEMBL4782133
Nc1ccc(-c2nc(N3CCOCC3)c3ncn(CCCCCCC(=O)NO)c3n2)cn1,1,IC50,6.43,1,CHEMBL4785064
Nc1ncc(-c2nc(N3CCOCC3)c3ncn(CCCCCCC(=O)NO)c3n2)cn1,1,IC50,6.54,1,CHEMBL4787267
Nc1ncc(-c2nc(N3CCOCC3)c3ccn(CCCCCCC(=O)NO)c3n2)cn1,1,IC50,7.0,1,CHEMBL4744689
CC(C)n1cnc2c(-c3cnc(N)nc3)nc(N3CCOCC3)nc21,1,IC50,6.82,1,CHEMBL4756541
CC(C)n1cnc2c(N3CCOCC3)nc(-c3cnc(N)nc3)nc21,1,IC50,6.47,1,CHEMBL4760118
C=CC(=O)N1CCC(Cn2cc(-c3ccc4c(c3)OCO4)c3c(N)ncnc32)CC1,0,IC50 (>),5.0,1,CHEMBL4755698
O=S(=O)(Nc1nccs1)c1ccc(Nc2nc(N3CCOCC3)c3ccccc3n2)cc1,0,IC50,4.94,1,CHEMBL4793551
CNC(=O)Nc1nc(N2CCOCC2)c2ccccc2n1,1,IC50,7.21,1,CHEMBL4760858
O=C(NCCO)Nc1nc(N2CCOCC2)c2ccccc2n1,1,IC50,7.06,1,CHEMBL4753544
O=C(Nc1ccccc1)Nc1nc(N2CCOCC2)c2ccccc2n1,1,IC50,6.3,1,CHEMBL4740323
O=C(Nc1cncnc1)Nc1nc(N2CCOCC2)c2ccccc2n1,1,IC50,6.94,1,CHEMBL4751402
O=C(Nc1ccc(CO)cc1)Nc1nc(N2CCOCC2)c2ccccc2n1,1,IC50,7.23,1,CHEMBL4764755
O=C(Nc1cccc(CO)c1)Nc1nc(N2CCOCC2)c2ccccc2n1,1,IC50,6.8,1,CHEMBL4748452
O=C(Nc1ccc(CCO)cc1)Nc1nc(N2CCOCC2)c2ccccc2n1,1,IC50,7.28,1,CHEMBL4751330
CC(=O)c1ccc(NC(=O)Nc2nc(N3CCOCC3)c3ccccc3n2)cc1,1,IC50,6.61,1,CHEMBL4740384
CC(=O)Nc1ccc(NC(=O)Nc2nc(N3CCOCC3)c3ccccc3n2)cc1,1,IC50,6.94,1,CHEMBL4792696
CNC(=O)c1ccc(NC(=O)Nc2nc(N3CCOCC3)c3ccccc3n2)cc1,1,IC50,7.23,1,CHEMBL4759291
NS(=O)(=O)c1ccc(NC(=O)Nc2nc(N3CCOCC3)c3ccccc3n2)cc1,1,IC50,7.02,1,CHEMBL4758082
CS(=O)(=O)Nc1ccc(NC(=O)Nc2nc(N3CCOCC3)c3ccccc3n2)cc1,1,IC50,6.69,1,CHEMBL4793846
N=C(N)NS(=O)(=O)c1ccc(NC(=O)Nc2nc(N3CCOCC3)c3ccccc3n2)cc1,1,IC50,7.38,1,CHEMBL4754159
O=C(Nc1ccc(S(=O)(=O)Nc2nccs2)cc1)Nc1nc(N2CCOCC2)c2ccccc2n1,1,IC50,7.08,1,CHEMBL4749535
O=C(Nc1ccc(S(=O)(=O)Nc2ccccn2)cc1)Nc1nc(N2CCOCC2)c2ccccc2n1,1,IC50,7.03,1,CHEMBL4742886
O=C(Nc1ccc(S(=O)(=O)Nc2ncccn2)cc1)Nc1nc(N2CCOCC2)c2ccccc2n1,1,IC50,7.43,1,CHEMBL4794335
COC(=O)Nc1cc(C(F)(F)F)c(-c2nc(N3CCOCC3)c3cc(CN4CCN(S(C)(=O)=O)CC4)cn3n2)cn1,0,IC50 (>),5.0,1,CHEMBL4800252
COc1ncc(-c2ccc3nccc(/C=C/C(=O)N4CCN(C)CC4)c3c2)cc1NS(=O)(=O)c1ccc(F)cc1F,1,IC50,8.49,1,CHEMBL4789813
COc1ncc(-c2ccc3nccc(/C(C)=C/C(=O)N(C)CCO)c3c2)cc1NS(=O)(=O)c1ccc(F)cc1F,1,IC50,8.77,1,CHEMBL4741551
COc1ncc(-c2ccc3nccc(/C(C)=C/C(=O)N4CCCC4)c3c2)cc1NS(=O)(=O)c1ccc(F)cc1F,1,IC50,8.68,1,CHEMBL4787768
COc1ncc(-c2ccc3nccc(/C(C)=C/C(=O)N4CCOCC4)c3c2)cc1NS(=O)(=O)c1ccc(F)cc1F,1,IC50,8.48,1,CHEMBL4758904
COc1ncc(-c2ccc3nccc(/C(C)=C/C(=O)N4CCN(C)CC4)c3c2)cc1NS(=O)(=O)c1ccc(F)cc1F,1,IC50,8.3,1,CHEMBL4739883
COc1ncc(-c2ccc3nccc(/C(C)=C/C(=O)N4CCC(O)CC4)c3c2)cc1NS(=O)(=O)c1ccc(F)cc1F,1,IC50,8.21,1,CHEMBL4750601
COc1ncc(-c2ccc3nccc(/C(C)=C\C(=O)N4CCOCC4)c3c2)cc1NS(=O)(=O)c1ccc(F)cc1F,1,IC50,6.85,1,CHEMBL4757766
N#Cc1c(N2CCOCC2)sc(-c2nc[nH]n2)c1-c1ccc(NC(=O)N/N=C/c2cccc(O)c2)cc1,1,IC50,6.31,1,CHEMBL4788336
N#Cc1c(N2CCOCC2)sc(-c2nc[nH]n2)c1-c1ccc(NC(=O)N/N=C/c2ccco2)cc1,1,IC50,6.22,1,CHEMBL4792320
N#Cc1c(N2CCOCC2)sc(-c2nc[nH]n2)c1-c1ccc(NC(=O)N/N=C/c2ccccn2)cc1,1,IC50,6.38,1,CHEMBL4798707
CN(C)C1CCN(C(=O)c2ccc3nc(Nc4ccc(-c5nc(N6CCOCC6)nc(N6CCOCC6)n5)cc4)[nH]c3c2)CC1,0,IC50,4.84,1,CHEMBL4793503
NC(=O)[C@@H]1CCCN1C(=O)c1ccc2nc(Nc3ccc(-c4nc(N5CCOCC5)nc(N5CCOCC5)n4)cc3)[nH]c2c1,0,IC50,4.93,1,CHEMBL4786662
NC(=O)C1CCCN(C(=O)c2ccc3nc(Nc4ccc(-c5nc(N6CCOCC6)nc(N6CCOCC6)n5)cc4)[nH]c3c2)C1,0,IC50,4.99,1,CHEMBL4777939
NC(=O)C1CCN(C(=O)c2ccc3nc(Nc4ccc(-c5nc(N6CCOCC6)nc(N6CCOCC6)n5)cc4)[nH]c3c2)CC1,0,IC50,4.81,1,CHEMBL4787035
O=C(c1ccc2nc(Nc3ccc(-c4nc(N5CCOCC5)nc(N5CCOCC5)n4)cc3)[nH]c2c1)N1CCOCC1,0,IC50,4.89,1,CHEMBL4778112
CN1CCN(C(=O)c2ccc3nc(Nc4ccc(-c5nc(N6CCOCC6)nc(N6CCOCC6)n5)cc4)[nH]c3c2)CC1,0,IC50,4.88,1,CHEMBL4788677
CS(=O)(=O)N1CCN(C(=O)c2ccc3nc(Nc4ccc(-c5nc(N6CCOCC6)nc(N6CCOCC6)n5)cc4)[nH]c3c2)CC1,0,IC50,4.92,1,CHEMBL4782217
Nc1nc2cc(-c3nn(CCCCC(=O)NO)c4ncnc(N)c34)ccc2o1,1,IC50,8.43,1,CHEMBL4863909
Nc1ncnc2c1c(-c1cnc3ccccc3c1)nn2CCCCC(=O)NO,1,IC50,6.17,1,CHEMBL4871779
Nc1nc2cc(-c3nn(CCCCCCC(=O)NO)c4ncnc(N)c34)ccc2o1,1,IC50,8.77,2,CHEMBL4846560
Nc1ccc(-c2nn(CCCCCCC(=O)NO)c3ncnc(N)c23)cn1,1,IC50,6.82,1,CHEMBL4872747
Nc1ncnc2c1c(-c1cnc3ccccc3c1)nn2CCCCCCC(=O)NO,1,IC50,6.21,1,CHEMBL4860868
Nc1nc2cc(-c3nn(Cc4ccc(C(=O)NO)cc4)c4ncnc(N)c34)ccc2o1,1,IC50,7.75,1,CHEMBL4858368
Nc1nc2cc(-c3nn(Cc4ccc(C(=O)NO)cn4)c4ncnc(N)c34)ccc2o1,1,IC50,7.6,1,CHEMBL4854903
Nc1nc2cc(-c3nn(Cc4ccc(C(=O)NO)o4)c4ncnc(N)c34)ccc2o1,1,IC50,7.75,1,CHEMBL4849899
Nc1nc2cc(-c3nn(Cc4ccc(C(=O)NO)s4)c4ncnc(N)c34)ccc2o1,1,IC50,7.57,1,CHEMBL4877954
Nc1nc2cc(-c3nn(CC4CCN(C(=O)CCCCC(=O)NO)CC4)c4ncnc(N)c34)ccc2o1,1,IC50,8.72,1,CHEMBL4847270
Nc1nc2cc(-c3nn(CC4CCN(C(=O)c5ccc(C(=O)NO)cc5)CC4)c4ncnc(N)c34)ccc2o1,1,IC50,9.08,1,CHEMBL4861461
Nc1nc2cc(-c3nn(CC4CCN(C(=O)c5ccc(C(=O)NO)s5)CC4)c4ncnc(N)c34)ccc2o1,1,IC50,9.4,1,CHEMBL4879288
Nc1nc2cc(-c3nn(CC4CCN(c5ncc(C(=O)NO)cn5)CC4)c4ncnc(N)c34)ccc2o1,1,IC50,9.31,1,CHEMBL4862549
CN1CCN(c2nc(-c3ccc(C(=O)NO)cc3)nc3cc(Cl)ccc23)CC1,1,IC50,6.87,1,CHEMBL4873811
O=S1(=O)CC2(OCCO2)c2cc3nccc(Nc4ccc5scnc5c4)c3cc21,0,IC50 (>),5.0,1,CHEMBL4861646
Cc1c(CN2CCN(C(=O)c3cc4cccc(C(N)=O)c4o3)CC2)sc2c(N3CCOCC3)nc(-c3cnc(N)nc3)nc12,1,IC50,7.92,1,CHEMBL4865059
NC(=O)c1cccc2cc(C(=O)N3CCN(Cc4cc5nc(-c6cnc(N)nc6)nc(N6CCOCC6)c5s4)CC3)oc12,1,IC50,7.64,1,CHEMBL4871210
NC(=O)c1cccc2cc(C(=O)N3CCN(Cc4cc5nc(-c6cnc(N)nc6)nc(N6CCOCC6)c5o4)CC3)oc12,1,IC50,6.67,1,CHEMBL4868231
Cc1c(CN2CCN(C(=O)c3cc(Cc4n[nH]c(=O)c5ccccc45)ccc3F)CC2)sc2c(N3CCOCC3)nc(-c3cnc(N)nc3)nc12,1,IC50,7.3,1,CHEMBL4858564
COc1ncc2cc1NS(=O)(=O)c1cc(c(F)cc1F)C(=O)NCc1cncc(c1)-c1ccnc3ccc-2cc13,1,IC50,7.65,1,CHEMBL4868571
COc1ncc2cc1NS(=O)(=O)c1cc(c(F)cc1F)C(=O)NCc1cccc(c1)-c1ccnc3ccc-2cc13,1,IC50,7.2,1,CHEMBL4872284
COc1ncc2cc1NS(=O)(=O)c1cccc(c1)C(=O)NCc1cncc(c1)-c1ccnc3ccc-2cc13,1,IC50,9.52,1,CHEMBL4850101
COc1ncc2cc1NS(=O)(=O)c1cccc(c1)C(=O)NCC1CCN(CC1)c1ccnc3ccc-2cc13,1,IC50,8.39,1,CHEMBL4866790
COc1ncc2cc1NS(=O)(=O)c1cccc(c1)C(=O)N1CCc3ccc(cc3C1)-c1ccnc3ccc-2cc13,1,IC50,6.6,1,CHEMBL4874434
COc1ncc2cc1NS(=O)(=O)c1cccc(c1)C(=O)NCc1cccc(c1)-c1ccnc3ccc-2cc13,1,IC50,7.68,1,CHEMBL4868111
COc1ncc2cc1NS(=O)(=O)c1cccc(c1)C(=O)NCc1cc(ccn1)-c1ccnc3ccc-2cc13,1,IC50,7.14,2,CHEMBL4852466
COc1ncc2cc1NS(=O)(=O)c1cccc(c1)C(=O)NCc1ccc(F)c(c1)-c1ccnc3ccc-2cc13,1,IC50,6.18,1,CHEMBL4859781
COc1ncc2cc1NS(=O)(=O)c1cccc(c1)C(=O)NCc1cccc(c1F)-c1ccnc3ccc-2cc13,1,IC50,6.65,1,CHEMBL4861201
COc1ncc2cc1NS(=O)(=O)c1cccc(c1)C(=O)NCCn1cc(cn1)-c1ccnc3ccc-2cc13,1,IC50,6.6,1,CHEMBL4870336
COc1ncc2cc1NS(=O)(=O)c1cccc(c1)C(=O)NCc1cccc(c1)-c1ncnc3ccc-2cc13,1,IC50,7.52,1,CHEMBL4854600
COc1ncc2cc1NS(=O)(=O)c1cccc(c1)C(=O)NCc1cncc(c1)-c1cnc3ccc-2nn13,1,IC50,7.78,1,CHEMBL4876703
COc1ncc2cc1NS(=O)(=O)c1cccc(c1)C(=O)NCc1cncc(c1)-c1ncnc3ccc-2cc13,1,IC50,8.31,1,CHEMBL4872630
COc1ncc2cc1NS(=O)(=O)c1cccc(c1)C(=O)NCCn1cc(cn1)-c1cnc3ccc-2nn13,1,IC50,8.25,1,CHEMBL4873529
COc1ncc2cc1NS(=O)(=O)c1cccc(c1)C(=O)NCCn1cc(cn1)-c1ncnc3ccc-2cc13,1,IC50,7.78,1,CHEMBL4863609
COc1ncc2cc1NS(=O)(=O)c1cccc(c1)C(=O)NCc1cncc(c1)-c1cnc3ccc-2cn13,1,IC50,8.48,1,CHEMBL4864407
COc1ncc2cc1NS(=O)(=O)c1cccc(c1)C(=O)NCC1CCN(CC1)c1ncnc3ccc-2cc13,1,IC50,7.63,1,CHEMBL4850446
COc1ncc2cc1NS(=O)(=O)c1cccc(c1)C(=O)NCc1cccc(c1)-c1ccnc3ccc-2nc13,0,IC50 (>),5.0,1,CHEMBL4865782
COc1ncc2cc1NS(=O)(=O)c1cccc(c1)C(=O)NCc1cccc(c1)-c1cnn3ccc-2nc13,0,IC50 (>),5.0,1,CHEMBL4870550
COc1ncc2cc1NS(=O)(=O)c1cc(c(F)cc1F)C(=O)NCc1cncc(c1)-c1ccnc3ccc-2nc13,1,IC50,8.27,1,CHEMBL4875906
COc1ncc2cc1NS(=O)(=O)c1cccc(c1)C(=O)NCc1cncc(c1)-c1cnn3ccc-2nc13,1,IC50,7.17,1,CHEMBL4845761
COc1ncc2cc1NS(=O)(=O)c1cccc(c1)C(=O)NCc1cncc(c1)-c1ccnc3ccc-2nc13,1,IC50,7.31,1,CHEMBL4865902
COc1ncc2cc1NS(=O)(=O)c1cccc(c1)C(=O)NCCn1cc(cn1)-c1cnn3ccc-2nc13,1,IC50,7.18,1,CHEMBL4875243
COc1ncc2cc1NS(=O)(=O)c1cccc(c1)C(=O)NCc1cccc(c1)-c1ncnc3sc-2cc13,1,IC50,8.33,1,CHEMBL4875080
COc1ncc2cc1NS(=O)(=O)c1cccc(c1)C(=O)NCc1cccc(c1)Cc1cnc3sc-2nn13,1,IC50,8.36,1,CHEMBL4853785
COc1ncc2cc1NS(=O)(=O)c1cccc(c1)C(=O)NCc1cncc(c1)-c1ncnc3sc-2cc13,1,IC50,7.4,1,CHEMBL4852833
COc1ncc2cc1NS(=O)(=O)c1cccc(c1)C(=O)NCc1cncc(c1)Cc1cnc3sc-2nn13,1,IC50,6.44,1,CHEMBL4846573
O=C(NCc1cccc(Br)c1)Nc1ccc(C(F)(F)F)cc1,0,IC50,4.8,1,CHEMBL4851886
CN(Cc1ccccc1)C(=O)Nc1ccc(C(F)(F)F)cc1,0,IC50,4.99,1,CHEMBL4859305
O=C(NCc1ccc(O)cc1)Nc1ccc(C(F)(F)F)cc1,0,IC50,4.99,1,CHEMBL4856810
O=C(NCc1ccc(O)cc1)Nc1cccc(Cl)c1,0,IC50,4.57,1,CHEMBL4866093
O=C(NCc1ccc(O)cc1)Nc1cccc(F)c1,0,IC50 (>),4.52,1,CHEMBL4855326
CC(NC(=O)Nc1cccc(Cl)c1)c1ccccc1,0,IC50 (>),4.52,1,CHEMBL4873255
CC(NC(=O)Nc1cccc(F)c1)c1ccccc1,0,IC50,4.77,1,CHEMBL4846136
CC(c1ccccc1)N(C)C(=O)Nc1ccccc1,0,IC50,4.8,1,CHEMBL4860447
CN(Cc1ccc(O)cc1)C(=O)Nc1ccccc1,0,IC50,4.93,1,CHEMBL4862741
O=C(Nc1ccc(C(F)(F)F)cc1)Nc1nc2ccccc2[nH]1,0,IC50,4.63,1,CHEMBL4862153
O=C(Nc1ccc(C(F)(F)F)cc1)Nc1cccc(F)c1,0,IC50,4.9,1,CHEMBL4877253
O=C(NCc1cc(C(F)(F)F)cc(C(F)(F)F)c1)Nc1cccc(F)c1,0,IC50,4.75,1,CHEMBL4875346
O=C(NCc1cc(C(F)(F)F)cc(C(F)(F)F)c1)Nc1ccc(C(F)(F)F)cc1,0,IC50,4.69,1,CHEMBL4875718
Cc1ccc(C(=O)NCCc2ccc(O)cc2)cc1Br,0,IC50 (>),4.52,1,CHEMBL4857125
Cc1ccc(C(=O)NCc2ccc(O)cc2)cc1Br,0,IC50 (>),4.52,1,CHEMBL4865051
Cc1ccc(C(=O)Nc2ccc3ccccc3n2)cc1Br,0,IC50,4.75,1,CHEMBL4871189
Cc1ccc(C(=O)Nc2cc3ccccc3cn2)cc1Br,0,IC50,4.82,1,CHEMBL4860931
C/C(=N\NC(=O)c1cccc(Br)c1)c1ccc(C(=O)O)cc1,1,IC50,6.16,1,CHEMBL4858823
C/C(=N\NC(=O)c1cccc(I)c1)c1ccc(C(=O)O)cc1,1,IC50,6.09,1,CHEMBL4859497
C/C(=N\NC(=O)c1cccc(Br)c1)N1CCOCC1,1,IC50,6.02,1,CHEMBL4850385
C/C(=N\NC(=O)c1cccc(F)c1)N1CCOCC1,0,IC50,4.36,1,CHEMBL4861455
C/C(=N\NC(=O)c1cccc(F)c1)c1ccc(C(=O)Nc2nc3ccccc3[nH]2)cc1,1,IC50,6.08,1,CHEMBL4872257
C/C(=N\NC(=O)c1cccc(Br)c1)c1ccc(C(=O)Nc2nc3ccccc3[nH]2)cc1,1,IC50,6.52,1,CHEMBL4872114
CN(C)CCCOc1ccc(-c2ccc3ncc4nnc(C5CCOCC5)n4c3c2)cn1,0,IC50 (>),4.7,1,CHEMBL4876439
CS(=O)(=O)c1ccc(F)c(-c2ccc3ncc4nnc(C5CCOCC5)n4c3c2)c1,0,IC50 (>),4.7,1,CHEMBL4865490
CS(=O)(=O)c1cccc(-c2ccc3ncc4nnc(C5CCOCC5)n4c3c2)c1,0,IC50,4.82,1,CHEMBL4873491
FC(F)c1cncc(-c2ccc3ncc4nnc(C5CCOCC5)n4c3c2)c1,0,IC50,4.94,1,CHEMBL4867528
NS(=O)(=O)c1cncc(-c2ccc3ncc4nnc(C5CCOCC5)n4c3c2)c1,0,IC50,4.95,1,CHEMBL4863567
CS(=O)(=O)c1cncc(-c2ccc3ncc4nnc(C5CCOCC5)n4c3c2)c1,0,IC50 (>),4.7,1,CHEMBL4851045
FC(F)(F)c1cncc(-c2ccc3ncc4nnc(C5CCOCC5)n4c3c2)c1,0,IC50 (>),4.7,1,CHEMBL4868065
Cc1cc(-c2ccc3ncc4nnc(C5CCOCC5)n4c3c2)cnc1F,0,IC50 (>),4.7,1,CHEMBL4865476
Cc1nc2ccc(-c3cncc(C(F)F)c3)cc2n2c(C3CCOCC3)nnc12,0,IC50 (>),4.7,1,CHEMBL4847559
Fc1c(-c2cncc(C(F)F)c2)ccc2ncc3nnc(C4CCOCC4)n3c12,0,IC50 (>),4.7,1,CHEMBL4850455
Fc1cc(-c2cncc(C(F)F)c2)cc2c1ncc1nnc(C3CCOCC3)n12,0,IC50 (>),4.7,1,CHEMBL4879247
FC(F)c1cncc(-c2ccc3ncc4[nH]nc(C5CCOCC5)c4c3c2)c1,1,IC50,6.28,1,CHEMBL4869632
Cn1nc(C2CCOCC2)c2c3cc(-c4cncc(C(F)F)c4)ccc3ncc21,1,IC50,6.25,1,CHEMBL4870563
Cn1nc2cnc3ccc(-c4cncc(C(F)F)c4)cc3c2c1C1CCOCC1,1,IC50,6.24,1,CHEMBL4868400
FC(F)c1cncc(-c2ccc3ncc4nnc([C@H]5[C@@H]6COC[C@@H]65)n4c3c2)c1,0,IC50,4.86,1,CHEMBL4873263
FC(F)c1cncc(-c2ccc3ncc4nnc(C5=CCCCC5)n4c3c2)c1,1,IC50,6.0,1,CHEMBL4875626
FC(F)c1cncc(-c2ccc3ncc4nnc(C5=CCCCCC5)n4c3c2)c1,1,IC50,6.38,1,CHEMBL4860779
CNC(=O)CCCCCCCn1nc(-c2ccc3oc(N)nc3c2)c2c(N)ncnc21,1,IC50,8.39,1,CHEMBL4870348
Nc1ncnc2c1c(-c1cnc3[nH]ccc3c1)nn2CCCCCCCCC(=O)NO,1,IC50,7.04,1,CHEMBL4846776
COc1ncc2cc1NS(=O)(=O)c1cccc(c1)C(=O)NCc1cccc(c1)-c1ncnc3cc-2sc13,0,IC50 (>),5.0,2,CHEMBL4869696
COc1ncc2cc1NS(=O)(=O)c1cccc(c1)C(=O)NCc1cncc(c1)-c1ncnc3cc-2sc13,0,IC50 (>),5.0,1,CHEMBL4851433
COc1ncc2cc1NS(=O)(=O)c1cccc(c1)C(=O)NCCn1cc(cn1)-c1ncnc3cc-2sc13,0,IC50 (>),5.0,1,CHEMBL4871634
COc1ncc2cc1NS(=O)(=O)c1cccc(c1)C(=O)NCc1cc(ccn1)-c1ncnc3cc-2sc13,0,IC50 (>),5.0,1,CHEMBL4859036
COc1ncc2cc1NS(=O)(=O)c1cccc(c1)C(=O)NCc1ccc(o1)-c1ncnc3cc-2sc13,0,IC50 (>),5.0,1,CHEMBL4857792
COc1ncc2cc1NS(=O)(=O)c1cccc(c1)C(=O)NCc1csc(c1)-c1ncnc3cc-2sc13,0,IC50 (>),5.0,1,CHEMBL4870601
COc1ncc2cc1NS(=O)(=O)c1cccc(c1)C(=O)NCc1cc(cs1)-c1ncnc3cc-2sc13,0,IC50 (>),5.0,1,CHEMBL4854392
COc1ncc2cc1NS(=O)(=O)c1cccc(c1)C(=O)NCc1nc(cs1)-c1ncnc3cc-2sc13,0,IC50 (>),5.0,1,CHEMBL4857726
COc1ncc2cc1NS(=O)(=O)c1cccc(c1)C(=O)NCc1sc(cc1C)-c1ncnc3cc-2sc13,0,IC50 (>),5.0,1,CHEMBL4868086
COc1ncc2cc1NS(=O)(=O)c1ccc(Cl)c(c1)C(=O)NCc1ccc(s1)-c1ncnc3cc-2sc13,0,IC50 (>),5.0,1,CHEMBL4854225
COc1ncc2cc1NS(=O)(=O)c1cccc(c1)C(=O)NCc1ccc(s1)-c1ncnc3c(C)c-2sc13,1,IC50,6.86,1,CHEMBL4860369
COc1ncc2cc1NS(=O)(=O)c1cccc(c1)C(=O)NCc1cncc(c1)-c1ncnc3c(C)c-2sc13,1,IC50,6.76,1,CHEMBL4868512
COc1ncc2cc1NS(=O)(=O)c1cccc(c1)C(=O)NCCn1cc(cn1)-c1ncnc3c(C)c-2sc13,1,IC50,6.71,1,CHEMBL4876895
COc1ncc2cc1NS(=O)(=O)c1ccc(F)c(c1)C(=O)NCc1ccc(s1)-c1ncnc3c(C)c-2sc13,1,IC50,7.13,2,CHEMBL4878958
COc1ncc2cc1NS(=O)(=O)c1cccc(c1)C(=O)NC[C@@H]1CCN(C1)c1ncnc3c(C)c-2sc13,0,IC50 (>),5.0,1,CHEMBL4866710
COc1ncc2cc1NS(=O)(=O)c1cccc(c1)C(=O)NC[C@H]1CCN(C1)c1ncnc3c(C)c-2sc13,0,IC50 (>),5.0,1,CHEMBL4860117
CNC(=O)c1cccc(S(=O)(=O)Nc2cc(-c3sc4c(-c5cccs5)ncnc4c3C)cnc2OC)c1,1,IC50,6.22,2,CHEMBL4874628
COc1ncc(-c2sc3c(-c4ccc(CNC=O)s4)ncnc3c2C)cc1NS(=O)(=O)c1ccccc1,1,IC50,7.09,1,CHEMBL4851911
NC(=O)[C@@H]1CCCN1C(=O)c1ccc(NC(=O)Nc2ccc(-c3nc(N4CCOCC4)nc(N4CCOCC4)n3)cc2)cc1,1,IC50,8.48,1,CHEMBL5071942
NC(=O)[C@H]1CCCN1C(=O)c1ccc(NC(=O)Nc2ccc(-c3nc(N4CCOCC4)nc(N4CCOCC4)n3)cc2)cc1,1,IC50,8.64,1,CHEMBL5091789
NC(=O)C1CCCN1C(=O)c1ccc(NC(=O)Nc2ccc(-c3nc(N4CCOCC4)nc(N4CCOCC4)n3)cc2)cc1,1,IC50,8.85,1,CHEMBL5074018
NC(=O)[C@@H]1C[C@@H]2C[C@@H]2N1C(=O)c1ccc(NC(=O)Nc2ccc(-c3nc(N4CCOCC4)nc(N4CCOCC4)n3)cc2)cc1,1,IC50,8.7,1,CHEMBL5083002
COC(=O)[C@@H]1CCCN1C(=O)c1ccc(NC(=O)Nc2ccc(-c3nc(N4CCOCC4)nc(N4CCOCC4)n3)cc2)cc1,1,IC50,8.38,1,CHEMBL5086369
O=C(Nc1ccc(C(=O)N2CCCC2C(=O)O)cc1)Nc1ccc(-c2nc(N3CCOCC3)nc(N3CCOCC3)n2)cc1,1,IC50,8.43,1,CHEMBL5094579
COC(=O)[C@@H]1C[C@@H](O)CN1C(=O)c1ccc(NC(=O)Nc2ccc(-c3nc(N4CCOCC4)nc(N4CCOCC4)n3)cc2)cc1,1,IC50,8.48,1,CHEMBL5089561
CN(C)[C@@H]1C[C@@H](C(N)=O)N(C(=O)c2ccc(NC(=O)Nc3ccc(-c4nc(N5CCOCC5)nc(N5CCOCC5)n4)cc3)cc2)C1,1,IC50,8.66,1,CHEMBL5079231
CN(C)[C@H]1C[C@@H](C(N)=O)N(C(=O)c2ccc(NC(=O)Nc3ccc(-c4nc(N5CCOCC5)nc(N5CCOCC5)n4)cc3)cc2)C1,1,IC50,8.51,1,CHEMBL5071429
NC(=O)[C@@H]1CC(O)CN1C(=O)c1ccc(NC(=O)Nc2ccc(-c3nc(N4CCOCC4)nc(N4CCOCC4)n3)cc2)cc1,1,IC50,8.66,1,CHEMBL5084675
NC(=O)C1CCCCN1C(=O)c1ccc(NC(=O)Nc2ccc(-c3nc(N4CCOCC4)nc(N4CCOCC4)n3)cc2)cc1,1,IC50,8.52,1,CHEMBL5079887
NC(=O)C1CCCN(C(=O)c2ccc(NC(=O)Nc3ccc(-c4nc(N5CCOCC5)nc(N5CCOCC5)n4)cc3)cc2)C1,1,IC50,8.68,1,CHEMBL5091543
NC(=O)C1CCN(C(=O)c2ccc(NC(=O)Nc3ccc(-c4nc(N5CCOCC5)nc(N5CCOCC5)n4)cc3)cc2)CC1,1,IC50,8.72,1,CHEMBL5076528
C[C@@H](NC(=O)c1ccc(NC(=O)Nc2ccc(-c3nc(N4CCOCC4)nc(N4CCOCC4)n3)cc2)cc1)C(N)=O,1,IC50,8.68,1,CHEMBL5093540
CN(C)C1CCN(C(=O)c2ccc(NC(=O)Nc3ccc(-c4cc(N5CCOCC5)nc(N5CCOCC5)n4)cc3)cc2)CC1,1,IC50,8.21,1,CHEMBL5070586
NC(=O)[C@@H]1CCCN1C(=O)c1ccc(NC(=O)Nc2ccc(-c3cc(N4CCOCC4)nc(N4CCOCC4)n3)cc2)cc1,1,IC50,8.13,1,CHEMBL5085515
NC(=O)[C@H]1CCCN1C(=O)c1ccc(NC(=O)Nc2ccc(-c3cc(N4CCOCC4)nc(N4CCOCC4)n3)cc2)cc1,1,IC50,8.14,1,CHEMBL5083425
NC(=O)C1CCCCN1C(=O)c1ccc(NC(=O)Nc2ccc(-c3cc(N4CCOCC4)nc(N4CCOCC4)n3)cc2)cc1,1,IC50,8.12,1,CHEMBL5086413
C[C@@H]1COCCN1c1nc(-c2ccc(NC(=O)Nc3ccc(C(=O)N4CCC[C@H]4C(N)=O)cc3)cc2)nc(N2CCOCC2)n1,1,IC50,9.0,1,CHEMBL5080996
C[C@H]1COCCN1c1nc(-c2ccc(NC(=O)Nc3ccc(C(=O)N4CCC(C(N)=O)CC4)cc3)cc2)nc(N2CCOCC2)n1,1,IC50,8.92,1,CHEMBL5085872
C[C@H](NC(=O)c1ccc(NC(=O)Nc2ccc(-c3nc(N4CCOCC4)nc(N4CCOC[C@@H]4C)n3)cc2)cc1)C(N)=O,1,IC50,9.05,1,CHEMBL5071085
CN(C)C1CCN(C(=O)c2ccc(NC(=O)Nc3ccc(-c4nc(N5CCOCC5)nc(N5C[C@@H]6OCCO[C@H]6C5)n4)cc3)cc2)CC1,1,IC50,8.32,1,CHEMBL5079397
NC(=O)[C@@H]1CCCN1C(=O)c1ccc(NC(=O)Nc2ccc(-c3nc(N4CCOCC4)nc(N4C[C@@H]5OCCO[C@H]5C4)n3)cc2)cc1,1,IC50,8.24,1,CHEMBL5078347
C[C@H]1COCCN1c1ccnc(-c2ccc(NC(=O)Nc3ccc(C(=O)N4CCC[C@H]4C(N)=O)cc3)cc2)n1,1,IC50,8.04,1,CHEMBL5073129
NC(=O)[C@@H]1CCCN1C(=O)Nc1ccc(-c2nccc(N3CCOCC3)n2)cc1,1,IC50,7.99,1,CHEMBL5087372
CC(C)n1nc(-c2ccc3nc(N)oc3c2)c2c(N)ncnc21,1,IC50,8.7,1,CHEMBL3962632
Cc1nc2cnc3ccc(-c4ccc(F)cc4)cc3c2n1-c1ccc(F)cc1,1,IC50,6.11,1,CHEMBL5185887
CC(=O)c1ccc(-c2ccc3ncc4nc(C)n(-c5ccc(F)cc5)c4c3c2)cc1,1,IC50,6.31,1,CHEMBL5169438
CNC(=O)c1ccc(-c2ccc3ncc4nc(C)n(-c5ccc(F)cc5)c4c3c2)cc1,1,IC50,6.8,1,CHEMBL5209219
COC(=O)c1ccc(-c2ccc3ncc4nc(C)n(-c5ccc(F)cc5)c4c3c2)cc1,1,IC50,6.69,1,CHEMBL5170663
Cc1nc2cnc3ccc(-c4ccc(O)cc4)cc3c2n1-c1ccc(F)cc1,1,IC50,6.61,1,CHEMBL5198698
Cc1nc2cnc3ccc(-c4ccc(N)cc4)cc3c2n1-c1ccc(F)cc1,1,IC50,6.92,1,CHEMBL5209300
Cc1nc2cnc3ccc(-c4ccc(N)nc4)cc3c2n1-c1ccc(F)cc1,1,IC50,7.03,1,CHEMBL5182993
Cc1nc2cnc3ccc(-c4cnc(N)nc4)cc3c2n1-c1ccc(F)cc1,1,IC50,7.21,1,CHEMBL5197262
Cc1nc2cnc3ccc(-c4cnc(N5CCOCC5)nc4)cc3c2n1-c1ccc(F)cc1,1,IC50,6.22,1,CHEMBL5189749
Cc1nc2cnc3ccc(-c4ccc5[nH]ccc5c4)cc3c2n1-c1ccc(F)cc1,1,IC50,7.31,1,CHEMBL5185532
Cc1nc2cnc3ccc(-c4cnc5[nH]ccc5c4)cc3c2n1-c1ccc(F)cc1,1,IC50,7.41,1,CHEMBL5180562
Cc1nc2cnc3ccc(-c4cnc5ccccc5c4)cc3c2n1-c1ccc(F)cc1,1,IC50,7.49,1,CHEMBL5182864
Cc1nc2cnc3ccc(-c4ccc5ccccc5c4)cc3c2n1-c1ccc(F)cc1,1,IC50,6.72,1,CHEMBL5191753
Cc1nc2cnc3ccc(-c4cnc5[nH]ccc5c4)cc3c2n1C,1,IC50,6.17,1,CHEMBL5197717
Cc1nc2cnc3ccc(-c4cnc5[nH]ccc5c4)cc3c2n1CC1CCOCC1,1,IC50,6.38,1,CHEMBL5193968
Cc1nc2cnc3ccc(-c4cnc5[nH]ccc5c4)cc3c2n1CC1CCOC1,1,IC50,6.41,1,CHEMBL5187157
Cc1nc2cnc3ccc(-c4cnc5[nH]ccc5c4)cc3c2n1Cc1ccccc1,1,IC50,6.58,1,CHEMBL5207019
Cc1nc2cnc3ccc(-c4cnc5[nH]ccc5c4)cc3c2n1-c1ccccc1,1,IC50,7.13,1,CHEMBL5170604
COc1ccc(-n2c(C)nc3cnc4ccc(-c5cnc6[nH]ccc6c5)cc4c32)cc1,1,IC50,7.17,1,CHEMBL5185179
Cc1nc2cnc3ccc(-c4cnc5[nH]ccc5c4)cc3c2n1-c1ccc(F)nc1,1,IC50,7.12,1,CHEMBL5171070
Cc1nc2cnc3ccc(-c4cnc5[nH]ccc5c4)cc3c2n1-c1ccc(C(F)(F)F)cc1,1,IC50,6.96,1,CHEMBL5198011
Cc1nc2cnc3ccc(-c4cnc5[nH]ccc5c4)cc3c2n1-c1ccc(C(F)(F)F)nc1,1,IC50,6.8,1,CHEMBL5181030
Cc1nc2cnc3ccc(-c4cnc5[nH]ccc5c4)cc3c2n1-c1ccc(C#N)cc1,1,IC50,6.91,1,CHEMBL5173946
Cc1nc2cnc3ccc(-c4cnc5[nH]ccc5c4)cc3c2n1-c1ccc(CC#N)cc1,1,IC50,7.07,1,CHEMBL5185137
Cc1nc2cnc3ccc(-c4cnc5[nH]ccc5c4)cc3c2n1-c1ccc(C(C)(C)C#N)cc1,1,IC50,7.54,1,CHEMBL5202085
Cc1nc2cnc3cc(F)c(-c4cnc5[nH]ccc5c4)cc3c2n1-c1ccc(C(C)(C)C#N)cc1,1,IC50,7.34,1,CHEMBL5169596
Cc1nc2cnc3ccc(-c4cnc5[nH]ccc5c4)cc3c2n1-c1ccc(C(C)(C)C#N)nc1,1,IC50,7.67,1,CHEMBL5204586
Cc1nc2cnc3ccc(-c4cnc5[nH]ccc5c4)cc3c2n1-c1ccc(N2CCOCC2)cc1,1,IC50,6.94,1,CHEMBL5199045
Cc1nc2cnc3ccc(-c4cnc5[nH]ccc5c4)cc3c2n1[C@@H](C)c1ccccc1,1,IC50,7.11,1,CHEMBL5207038
Cc1nc2cnc3ccc(-c4cnc5[nH]ccc5c4)cc3c2n1[C@H](C)c1ccccc1,1,IC50,6.99,1,CHEMBL5185810
Cc1nc2cnc3ccc(-c4cnc5[nH]ccc5c4)cc3c2n1[C@@H](C)c1ccc(F)cc1,1,IC50,7.06,1,CHEMBL5189493
Cc1nc2cnc3ccc(-c4cnc5[nH]ccc5c4)cc3c2n1[C@H](C)c1ccc(F)cc1,1,IC50,7.04,1,CHEMBL5201986
CC(C)n1c(=O)n(C)c2cnc3ccc(-c4ccc(OCCCN5CCCC5)nc4)cc3c21,0,IC50 (>),5.0,1,CHEMBL5171429
CC(C)n1c(=O)n(C)c2cnc3ccc(-c4ccc(OCCCN(C)C)nc4)cc3c21,0,IC50 (>),5.0,1,CHEMBL5182423
Nc1ncc(-c2cc(N3CCOCC3)nc(N3CCOCC3)n2)c(=O)[nH]1,1,IC50,6.36,1,CHEMBL2017976
CC1COCCN1c1nc(-c2c[nH]c3ccccc23)nc2c1CN(S(=O)(=O)C(C)C)C2,1,IC50,6.87,1,CHEMBL5194372
CCN(CC)CCCC(C)Nc1ccnc2cc(Cl)ccc12,1,IC50,6.57,2,CHEMBL76
CCC(=O)N1CC[C@H](Nc2ncnc3sc(-c4cnc(OC)c(OC)c4)cc23)C1,0,IC50 (>),5.0,1,CHEMBL5204818
CCC(=O)N1CC[C@H](Nc2ncnc3c2CN(c2cnc(OC)c(C(F)(F)F)c2)CC3)C1,0,IC50 (>),5.0,1,CHEMBL3643413
COc1cc(-c2cc3c(N[C@H]4CCN(C(=O)C5CCC5)C4)ncnc3s2)cnc1OC,0,IC50 (>),5.0,1,CHEMBL5192588
COc1cc(-c2cc3c(O[C@H]4CCN(C(=O)C5CCC5)C4)ncnc3s2)cnc1OC,0,IC50 (>),5.0,1,CHEMBL5203775
O=C(NOCCOCCOCCOCCC(=O)N1CCN(c2cnc3ccc(-c4cnc(Cl)c(NS(=O)(=O)c5ccc(F)cc5)c4)cc3n2)CC1)c1ccc(F)c(F)c1Nc1ccc(I)cc1F,1,IC50,7.28,1,CHEMBL5219124
O=S(=O)(Nc1cc(-c2ccc3ncc(N4CCNCC4)nc3c2)cnc1Cl)c1ccc(F)cc1,1,IC50,8.22,1,CHEMBL5220248
CC(=O)N1CCN(c2cnc3ccc(-c4cnc(Cl)c(NS(=O)(=O)c5ccc(F)cc5)c4)cc3n2)CC1,1,IC50,8.5,1,CHEMBL5220911
NOCCOCCOCCOCCC(=O)N1CCN(c2cnc3ccc(-c4cnc(Cl)c(NS(=O)(=O)c5ccc(F)cc5)c4)cc3n2)CC1,1,IC50,8.17,1,CHEMBL5219247
CC(C)(C)OC(=O)Nc1ccc(-c2nc(N3CCOCC3)c3ncn(CCC4OCCO4)c3n2)cc1,1,IC50,7.75,1,CHEMBL5280789
COc1ccc(C(=O)NNC(=O)c2cc3nc(-c4cnc(N)nc4)nc(N4CCOCC4)c3s2)cc1,1,IC50,9.34,2,CHEMBL5278435
CN1CCN(c2ccc(Nc3nccc(-c4ccccc4)n3)cc2C(F)(F)F)CC1,0,Kd (>),5.0,1,CHEMBL5283475
CN1CCN(c2ccc(Nc3nccc(-c4cccc(Cl)c4)n3)cc2C(F)(F)F)CC1,0,Kd (>),5.0,1,CHEMBL5283041
CO[C@@H](C)Cn1c(=O)n(C)c2cnc3ccc(-c4cncc(C(C)(C)O)c4)cc3c21,1,IC50,6.78,2,CHEMBL4297181
Cc1nc2c(-c3cnc(N)nc3)nc(N3CCOCC3)nc2n1C(C)C,1,IC50,7.43,4,CHEMBL3393066
COc1cccc2cc(-c3nc(C4CCC(C(=O)O)CC4)n4ncnc(N)c34)[nH]c12,1,IC50,8.4,1,CHEMBL2132692
Cc1c(Cc2cccc(N(C)S(=O)(=O)CCCNCCCC(=O)N3CCN(c4ccc(Nc5c(C(N)=O)cnc6ccc(-c7cnc8ccccc8c7)cc56)cc4C(F)(F)F)CC3)c2)c(=O)oc2cc(OC(=O)N(C)C)ccc12,1,IC50,6.72,1,CHEMBL5286229
CS(=O)(=O)N1CCN(Cc2ccc(-c3nc(-c4ccc(NC(=O)Nc5ccccn5)cc4)nc(N4CCOCC4)n3)s2)CC1,1,IC50,7.19,1,CHEMBL5277266
CS(=O)(=O)N1CCN(Cc2ccc(-c3nc(-c4ccc(NC(=O)Nc5ccncc5)cc4)nc(N4CCOCC4)n3)s2)CC1,1,IC50,7.91,1,CHEMBL5277445
CS(=O)(=O)N1CCN(Cc2ccc(-c3nc(-c4ccc(NC(=O)Nc5cnccn5)cc4)nc(N4CCOCC4)n3)s2)CC1,1,IC50,6.79,1,CHEMBL5289575
Cn1ccc(NC(=O)Nc2ccc(-c3nc(-c4ccc(CN5CCN(S(C)(=O)=O)CC5)s4)nc(N4CCOCC4)n3)cc2)n1,1,IC50,7.93,1,CHEMBL5273431
Cn1nccc1NC(=O)Nc1ccc(-c2nc(-c3ccc(CN4CCN(S(C)(=O)=O)CC4)s3)nc(N3CCOCC3)n2)cc1,1,IC50,6.24,1,CHEMBL5290709
CS(=O)(=O)N1CCN(Cc2ccc(-c3nc(-c4ccc(NC(=O)Nc5ncc[nH]5)cc4)nc(N4CCOCC4)n3)s2)CC1,1,IC50,6.16,1,CHEMBL5275823
CS(=O)(=O)N1CCN(Cc2ccc(-c3nc(-c4ccc(NC(=O)Nn5cnnc5)cc4)nc(N4CCOCC4)n3)s2)CC1,1,IC50,6.11,1,CHEMBL5279986
CCCc1nn(C)c2c(=O)[nH]c(-c3cc(OC)cc(OC)c3)nc12,1,IC50,6.69,1,CHEMBL5278667
CCC(=O)N1CCC(n2ncc3c(N4CCOCC4)nc(-c4ccc(NC(=O)OC)cc4)nc32)CC1,1,IC50,8.3,1,CHEMBL5291092
COc1ccc(-c2ccc3c(N4CCOCC4)nc(N4C[C@@H](C)O[C@@H](C)C4)nc3n2)cc1CN,1,IC50,8.0,1,CHEMBL5281970
COc1ccc(-c2ccc3c(C4CCOC[C@@H]4C)nc(N4CCOC[C@@H]4C)nc3n2)cc1CO,1,IC50,9.1,1,CHEMBL5265783
O=C(c1ccc(C(=O)C(F)(F)F)cc1)N1CCOc2ccc(-c3cnc4ccccc4c3)cc2C1,1,IC50,7.02,1,CHEMBL2333366
COc1ccc(C2Cc3c(C)nc(N)nc3N([C@H]3CC[C@H](OCCO)CC3)C2=O)cn1,1,IC50,7.8,1,CHEMBL5274669
CC(C)n1nc2ncnc(N)c2c1C1C=c2cc(O)ccc2=N1,1,IC50,8.1,1,CHEMBL5285509
C[C@H](c1ccccc1)n1nnc2cnc3ccc(-c4ccc(OCCCN(C)C)nc4)cc3c21,1,IC50,6.67,1,CHEMBL5435260
CNc1nc2ccccc2n1-c1nc(N2CCOC[C@H]2C)c2scc(S(C)(=O)=O)c2n1,1,IC50,7.23,1,CHEMBL5434673
C[C@@H]1COCCN1c1nc(-c2cccc3[nH]ccc23)nc2c1CCN(S(C)(=O)=O)C2(C)C,1,IC50,6.8,1,CHEMBL5402160
CC(=O)N1CCc2c(N3CCOC[C@H]3C)nc(-c3cccc4[nH]ccc34)nc2C1(C)C,1,IC50,7.89,1,CHEMBL5440718
C[C@@H]1COCCN1c1nc(-c2cccc3[nH]ccc23)nc2c1CN(C(=O)c1ccc3c(c1)OCO3)C2(C)C,1,IC50,7.48,1,CHEMBL5425498
C[C@@H]1COCCN1c1nc(-c2cccc3[nH]ccc23)nc2c1CN(C(=O)c1cccc(S(C)(=O)=O)c1)C2(C)C,1,IC50,7.75,1,CHEMBL5423608
COC1CCC(N2C(=O)CNc3ncc(-c4ccc(C(C)(C)O)nc4)nc32)CC1,1,IC50,7.8,1,CHEMBL5439799
O=C1NC(=O)/C(=C/c2ccc3nccc(-c4ccncc4)c3c2)S1,1,IC50,7.92,1,CHEMBL3544966
COc1ncc(-c2ccc3ncc(C#N)c(N4CCOCC4)c3c2)cc1NS(C)(=O)=O,1,IC50,8.92,1,CHEMBL5426067
CC(C)c1cc(C(=O)N2CCc3c(sc4nc(N5CCOC[C@@H]5C)nc(N5CCOC[C@@H]5C)c34)C2)c(O)cc1O,1,IC50,7.14,1,CHEMBL5407152
CC(C)c1cc(C(=O)N2CCc3c(sc4nc(-c5ccc(NC(=O)Nc6cccc(Cl)c6)cc5)nc(N5CCOCC5)c34)C2)c(O)cc1O,1,IC50,7.09,1,CHEMBL5396795
CC(C)c1cc(C(=O)N2CCc3c(sc4nc(-c5ccc(NC(=O)Nc6cccc(C(F)(F)F)c6)cc5)nc(N5CCOCC5)c34)C2)c(O)cc1O,1,IC50,6.66,1,CHEMBL5439362
CC(C)c1cc(C(=O)N2CCc3c(sc4nc(-c5ccc(NC(=O)Nc6cc(Cl)cc(Cl)c6)cc5)nc(N5CCOCC5)c34)C2)c(O)cc1O,1,IC50,6.97,1,CHEMBL5406770
CC(C)c1cc(C(=O)N2CCc3c(sc4nc(-c5ccc(NC(=O)Nc6ccc(F)c(Cl)c6)cc5)nc(N5CCOCC5)c34)C2)c(O)cc1O,1,IC50,7.54,2,CHEMBL5396806
COc1ncc(-c2ccc3ncc(-c4cn(CCCN5CCOCC5)nn4)n3n2)cc1NS(=O)(=O)c1ccc(F)cc1F,1,IC50,8.51,1,CHEMBL5395998
CNC(=O)Nc1ccc(-c2nc(N3CCOCC3)nc3c2C=NC3C2CCOCC2)cc1,1,IC50,7.63,1,CHEMBL5417722
Nc1nc2cc(-c3nn(CCCC(=O)OCCO[N+](=O)[O-])c4ncnc(N)c34)ccc2o1,1,IC50,8.02,1,CHEMBL5424956
Nc1nc2cc(-c3nn(CCCC(=O)OCCCO[N+](=O)[O-])c4ncnc(N)c34)ccc2o1,1,IC50,8.01,1,CHEMBL5420541
Nc1nc2cc(-c3nn(CCCC(=O)OCCCCO[N+](=O)[O-])c4ncnc(N)c34)ccc2o1,1,IC50,7.89,1,CHEMBL5427732
Nc1nc2cc(-c3nn(CCCC(=O)OCCCCCO[N+](=O)[O-])c4ncnc(N)c34)ccc2o1,1,IC50,7.9,1,CHEMBL5406842
Nc1nc2cc(-c3nn(CCCC(=O)OCCCCCCO[N+](=O)[O-])c4ncnc(N)c34)ccc2o1,1,IC50,7.7,1,CHEMBL5432272
Nc1nc2cc(-c3nn(CCCC(=O)OCc4c(-c5ccccc5)no[n+]4[O-])c4ncnc(N)c34)ccc2o1,1,IC50,7.88,1,CHEMBL5437216
Nc1nc2cc(-c3nn(CCCC(=O)OCc4ccccc4OCc4c(-c5ccccc5)no[n+]4[O-])c4ncnc(N)c34)ccc2o1,1,IC50,7.35,1,CHEMBL5424193
Nc1nc2cc(-c3nn(CCCC(=O)OCc4cccc(OCc5c(-c6ccccc6)no[n+]5[O-])c4)c4ncnc(N)c34)ccc2o1,1,IC50,6.47,1,CHEMBL5408143
Nc1nc2cc(-c3nn(CCCC(=O)OCCOc4no[n+]([O-])c4S(=O)(=O)c4ccccc4)c4ncnc(N)c34)ccc2o1,1,IC50,8.48,1,CHEMBL5440263
Nc1nc2cc(-c3nn(CCCC(=O)OCCCOc4no[n+]([O-])c4S(=O)(=O)c4ccccc4)c4ncnc(N)c34)ccc2o1,1,IC50,8.19,1,CHEMBL5404075
Nc1nc2cc(-c3nn(CCCC(=O)OCCCCOc4no[n+]([O-])c4S(=O)(=O)c4ccccc4)c4ncnc(N)c34)ccc2o1,1,IC50,8.17,1,CHEMBL5423546
Nc1nc2cc(-c3nn(CCCC(=O)OCCCCCOc4no[n+]([O-])c4S(=O)(=O)c4ccccc4)c4ncnc(N)c34)ccc2o1,1,IC50,8.02,1,CHEMBL5415471
Nc1nc2cc(-c3nn(CCCC(=O)OCCCCCCOc4no[n+]([O-])c4S(=O)(=O)c4ccccc4)c4ncnc(N)c34)ccc2o1,1,IC50,7.96,1,CHEMBL5429925
Nc1nc2cc(-c3nn(CCCC(=O)OCC#CCOc4no[n+]([O-])c4S(=O)(=O)c4ccccc4)c4ncnc(N)c34)ccc2o1,1,IC50,8.44,1,CHEMBL5415288
Nc1nc2cc(-c3nn(CCCC(=O)OCCOCCOc4no[n+]([O-])c4S(=O)(=O)c4ccccc4)c4ncnc(N)c34)ccc2o1,1,IC50,8.15,1,CHEMBL5418348
Nc1nc2cc(-c3nn(CCCC(=O)NCCOc4no[n+]([O-])c4S(=O)(=O)c4ccccc4)c4ncnc(N)c34)ccc2o1,1,IC50,8.1,1,CHEMBL5427223
Nc1nc2cc(-c3nn(CCCC(=O)NCCCOc4no[n+]([O-])c4S(=O)(=O)c4ccccc4)c4ncnc(N)c34)ccc2o1,1,IC50,8.38,1,CHEMBL5436508
CC(COc1no[n+]([O-])c1S(=O)(=O)c1ccccc1)NC(=O)CCCn1nc(-c2ccc3oc(N)nc3c2)c2c(N)ncnc21,1,IC50,8.22,1,CHEMBL5429700
Cc1ccc(-c2ncc3c(n2)N2CCOC[C@@]2(C)C(=O)N3[C@H]2CC[C@H](O)CC2)c2cc[nH]c12,1,IC50,8.0,1,CHEMBL5410824
Cc1cccc2c(-c3ncc4c(n3)N3CCOC[C@@]3(C)C(=O)N4[C@H]3CC[C@H](O)CC3)c[nH]c12,1,IC50,8.0,1,CHEMBL5427469
Cc1ccc(-c2ncc3c(n2)N2CCOC[C@@]2(C)C(=O)N3[C@H]2CC[C@@H](O)CC2)c2cc[nH]c12,1,IC50,7.92,1,CHEMBL5399022
Cc1cccc2c(-c3ncc4c(n3)N3CCOC[C@@]3(C)C(=O)N4[C@H]3CC[C@@H](O)CC3)c[nH]c12,1,IC50,7.89,1,CHEMBL5416106
Cc1cccc2c(-c3ncc4c(n3)N3CCOC[C@@]3(C)C(=O)N4C3(CCCO)CC3)c[nH]c12,1,IC50,8.15,1,CHEMBL5433283
N#Cc1c(-c2ccc(Cl)cc2)nc(N/N=C/c2cccc(Cl)c2)nc1N1CCOCC1,1,IC50,6.99,2,CHEMBL5437417
Cn1c(=O)n(C2CCCC2)c2cc(Nc3ccccc3)ncc21,0,IC50 (>),4.0,1,CHEMBL5542798
Cc1ccc(Nc2cc3c(cn2)n(C)c(=O)n3C2CCCC2)cc1,0,IC50,4.11,1,CHEMBL5527877
Cc1cccc(Nc2cc3c(cn2)n(C)c(=O)n3C2CCCC2)c1,0,IC50 (>),4.0,1,CHEMBL5557983
Cc1ccccc1Nc1cc2c(cn1)n(C)c(=O)n2C1CCCC1,0,IC50,4.41,1,CHEMBL5559035
COc1ccc(Nc2cc3c(cn2)n(C)c(=O)n3C2CCCC2)cc1,0,IC50,4.16,1,CHEMBL5542754
COc1cccc(Nc2cc3c(cn2)n(C)c(=O)n3C2CCCC2)c1,0,IC50 (>),4.0,1,CHEMBL5555015
COc1ccccc1Nc1cc2c(cn1)n(C)c(=O)n2C1CCCC1,0,IC50 (>),4.0,1,CHEMBL5537083
Cn1c(=O)n(C2CCCC2)c2cc(Nc3ccc(Cl)cc3)ncc21,0,IC50 (>),4.0,1,CHEMBL5518133
Cn1c(=O)n(C2CCCC2)c2cc(Nc3cccc(Cl)c3)ncc21,0,IC50 (>),4.0,1,CHEMBL5558518
Cn1c(=O)n(C2CCCC2)c2cc(Nc3ccccc3Cl)ncc21,0,IC50 (>),4.0,1,CHEMBL5523384
Cn1c(=O)n(C2CCCC2)c2cc(Nc3ccc([N+](=O)[O-])cc3)ncc21,0,IC50 (>),4.0,1,CHEMBL5537087
Cn1c(=O)n(C2CCCC2)c2cc(Nc3cccc([N+](=O)[O-])c3)ncc21,0,IC50,4.28,1,CHEMBL5505845
Cn1c(=O)n(C2CCCC2)c2cc(Nc3ccccc3[N+](=O)[O-])ncc21,0,IC50 (>),4.0,1,CHEMBL5532276
Cn1c(=O)n(C2CCCC2)c2cc(Nc3ccc(N)cc3)ncc21,0,IC50,4.01,1,CHEMBL5558917
Cn1c(=O)n(C2CCCC2)c2cc(Nc3cccc(N)c3)ncc21,0,IC50 (>),4.0,1,CHEMBL5505751
Cn1c(=O)n(C2CCCC2)c2cc(Nc3ccccc3N)ncc21,0,IC50 (>),4.0,1,CHEMBL5505804
CC(=O)Nc1cccc(Nc2cc3c(cn2)n(C)c(=O)n3C2CCCC2)c1,0,IC50 (>),4.0,1,CHEMBL5505939
CC(=O)Nc1ccccc1Nc1cc2c(cn1)n(C)c(=O)n2C1CCCC1,0,IC50 (>),4.0,1,CHEMBL5542257
Cn1c(=O)n(C2CCCC2)c2cc(Nc3ccc(C#N)cc3)ncc21,0,IC50 (>),4.0,1,CHEMBL5517667
Cn1c(=O)n(C2CCCC2)c2cc(Nc3cccc(C#N)c3)ncc21,0,IC50 (>),4.0,1,CHEMBL5523364
Cn1c(=O)n(C2CCCC2)c2cc(Nc3ccccc3C#N)ncc21,0,IC50 (>),4.0,1,CHEMBL5558399
Cn1c(=O)n(C2CCCC2)c2cc(Nc3ccc(C(F)(F)F)cc3)ncc21,0,IC50 (>),4.0,1,CHEMBL5505757
Cn1c(=O)n(C2CCCC2)c2cc(Nc3cccc(C(F)(F)F)c3)ncc21,0,IC50 (>),4.0,1,CHEMBL5558315
Cn1c(=O)n(C2CCCC2)c2cc(Nc3ccccc3C(F)(F)F)ncc21,0,IC50 (>),4.0,1,CHEMBL5532028
CC(=O)c1ccc(Nc2cc3c(cn2)n(C)c(=O)n3C2CCCC2)cc1,0,IC50 (>),4.0,1,CHEMBL5555746
CC(=O)c1cccc(Nc2cc3c(cn2)n(C)c(=O)n3C2CCCC2)c1,0,IC50,4.16,1,CHEMBL5558154
Cn1c(=O)n(C2CCCC2)c2cc(Nc3ccc(S(C)(=O)=O)cc3)ncc21,0,IC50 (>),4.0,1,CHEMBL5549865
Cn1c(=O)n(C2CCCC2)c2cc(Nc3cccc(S(C)(=O)=O)c3)ncc21,0,IC50,4.22,1,CHEMBL5532064
Cn1c(=O)n(C2CCCC2)c2cc(Nc3ccccc3S(C)(=O)=O)ncc21,0,IC50 (>),4.0,1,CHEMBL5558240
Cn1c(=O)n(C2CCCC2)c2cc(Nc3ccc(OCc4ccccc4)cc3)ncc21,0,IC50 (>),4.0,1,CHEMBL5505891
Cn1c(=O)n(C2CCCC2)c2cc(Nc3cccc(OCc4ccccc4)c3)ncc21,0,IC50 (>),4.0,1,CHEMBL5557343
Cn1c(=O)n(C2CCCC2)c2cc(Nc3ccccc3OCc3ccccc3)ncc21,0,IC50 (>),4.0,1,CHEMBL5517748
Cn1c(=O)n(C2CCCC2)c2cc(Nc3ccc(O)cc3)ncc21,0,IC50,4.67,1,CHEMBL5527864
Cn1c(=O)n(C2CCCC2)c2cc(Nc3cccc(O)c3)ncc21,0,IC50,4.03,1,CHEMBL5505796
Cn1c(=O)n(C2CCCC2)c2cc(Nc3ccccc3O)ncc21,0,IC50 (>),4.0,1,CHEMBL5557755
Cn1c(=O)n(C2CCCC2)c2cc(Nc3ccc(C(C)(C)C#N)cc3)ncc21,0,IC50 (>),4.0,1,CHEMBL5505897
Cc1ccc(Nc2cc3c(cn2)n(C)c(=O)n3C2CCCC2)c(C)c1,0,IC50,4.45,1,CHEMBL5532291
Cc1cccc(Nc2cc3c(cn2)n(C)c(=O)n3C2CCCC2)c1C,0,IC50 (>),4.0,1,CHEMBL5542180
Cc1ccc(Nc2cc3c(cn2)n(C)c(=O)n3C2CCCC2)cc1C,0,IC50 (>),4.0,1,CHEMBL5558000
Cc1c(Cl)cccc1Nc1cc2c(cn1)n(C)c(=O)n2C1CCCC1,0,IC50 (>),4.0,1,CHEMBL5512574
Cc1cc(Cl)ccc1Nc1cc2c(cn1)n(C)c(=O)n2C1CCCC1,0,IC50,4.55,1,CHEMBL5512590
Cc1ccc(Cl)cc1Nc1cc2c(cn1)n(C)c(=O)n2C1CCCC1,0,IC50,4.17,1,CHEMBL5527866
Cc1cc(S(C)(=O)=O)ccc1Nc1cc2c(cn1)n(C)c(=O)n2C1CCCC1,0,IC50,4.21,1,CHEMBL5523582
Cc1ccc(S(C)(=O)=O)cc1Nc1cc2c(cn1)n(C)c(=O)n2C1CCCC1,0,IC50,4.59,1,CHEMBL5555573
Cc1cc(C#N)ccc1Nc1cc2c(cn1)n(C)c(=O)n2C1CCCC1,0,IC50,4.29,1,CHEMBL5559046
COc1ccc(C)c(Nc2cc3c(cn2)n(C)c(=O)n3C2CCCC2)c1,0,IC50 (>),4.0,1,CHEMBL5549794
Cc1cc(OCc2ccccc2)ccc1Nc1cc2c(cn1)n(C)c(=O)n2C1CCCC1,0,IC50,4.17,1,CHEMBL5555900
COCCn1c(=O)n(C)c2cnc(Nc3ccc(OC)cc3C)cc21,0,IC50 (>),4.0,1,CHEMBL5542179
COc1ccc(Nc2cc3c(cn2)n(C)c(=O)n3C2CCOCC2)c(C)c1,0,IC50,4.5,1,CHEMBL5542350
COc1ccc(Nc2cc3c(cn2)n(C)c(=O)n3CCC2CCOCC2)c(C)c1,0,IC50,4.76,1,CHEMBL5542587
COc1ccc(Nc2cc3c(cn2)n(C)c(=O)n3C2CCC(OC)CC2)c(C)c1,0,IC50,4.59,1,CHEMBL5559345
COc1ccc(Nc2cc3c(cn2)n(C)c(=O)n3C2CCC(OCc3ccccc3)CC2)c(C)c1,0,IC50,4.35,1,CHEMBL5558337
COc1ccc(Nc2cc3c(cn2)n(C)c(=O)n3C2CCC(O)CC2)c(C)c1,0,IC50,4.79,1,CHEMBL5532026
COc1ccc(-n2c(=O)n(C)c3cnc(Nc4ccc(OC)cc4C)cc32)cc1,0,IC50,4.07,1,CHEMBL5558866
COc1ccc(Nc2cc3c(cn2)n(C)c(=O)n3-c2ccc(O)cc2)c(C)c1,0,IC50,4.41,1,CHEMBL5527881
COc1ccc(Nc2cc3c(cn2)n(C)c(=O)n3C2CCN(C(=O)OC(C)(C)C)CC2)c(C)c1,0,IC50,4.04,1,CHEMBL5517925
COc1ccc(Nc2cc3c(cn2)n(C)c(=O)n3C2CCNCC2)c(C)c1,0,IC50 (>),4.0,1,CHEMBL5543038
COc1ccc(Nc2cc3c(cn2)n(C)c(=O)n3C2CCC(NC(=O)OC(C)(C)C)CC2)c(C)c1,0,IC50,4.82,1,CHEMBL5542141
COc1ccc(Nc2cc3c(cn2)n(C)c(=O)n3C2CCC(N)CC2)c(C)c1,0,IC50 (>),4.0,1,CHEMBL5531947
COc1ccc([C@@H](O)c2cc(-c3ncnc4cc(N5CCOCC5)ccc34)c(F)cc2Cl)nn1,0,IC50,4.65,1,CHEMBL4297629
C[C@@H]1COCCN1c1nc(N2CCOC[C@@H]2C)nc2sc(-c3cccc4[nH]ccc34)nc12,1,IC50,7.42,1,CHEMBL4574882
C[C@@H]1COCCN1c1nc(N2CCOC[C@@H]2C)nc2sc(-c3cccc(O)c3)nc12,1,IC50,6.56,1,CHEMBL4435029
C[C@@H]1COCCN1c1nc(N2CCOC[C@@H]2C)nc2sc(-c3cn[nH]n3)nc12,1,IC50,8.16,1,CHEMBL4515125
COc1cccc2cc(-c3nc([C@H]4CC[C@H](C(=O)O)CC4)n4ncnc(N)c34)[nH]c12,1,IC50,8.4,3,CHEMBL3120215
C[C@@H]1COCCN1c1nc(-c2ccnc3[nH]ccc23)nc2c1ccn2S(C)(=O)=O,1,IC50,7.34,1,CHEMBL5549943
C[C@@H]1COCCN1c1nc(-c2cncc3[nH]ccc23)nc2c1ccn2S(C)(=O)=O,1,IC50,7.65,1,CHEMBL5561233
COCc1ccc(-c2ccc3ncc4c(c3c2)n([C@@H]2CCOCC2(C)C)c(=O)n4C)cn1,1,IC50,6.3,1,CHEMBL5575600
CC(C)n1c(=O)n(C)c2cnc3cc(F)c(-c4ccc(OCCCN(C)C)nc4)cc3c21,0,IC50 (>),4.5,1,CHEMBL5566946
CC(C)n1c(=O)n(C)c2cnc3cc(F)c(-c4ccc(OCCCN5CCCCC5)nc4)cc3c21,0,IC50 (>),4.8,1,CHEMBL4594429
Cc1c(CN2CCN(C(=O)[C@H](C)O)CC2)sc2c(N3CCOCC3)nc(N)nc12,1,IC50,8.32,1,CHEMBL5570690
COc1ncc(-c2cc(OCCCCCCC(=O)Nc3ccccc3N)c3ncnc(C)c3c2)cc1NS(=O)(=O)c1ccc(F)cc1F,1,IC50,8.47,1,CHEMBL5569425
COc1ncc(-c2cc(OCCCc3ccc(C(=O)Nc4ccccc4N)cc3)c3ncnc(C)c3c2)cc1NS(=O)(=O)c1ccc(F)cc1F,1,IC50,8.02,1,CHEMBL5592140
CC(C)(C)OC(=O)N1Cc2cc(NC(=O)Nc3ccc(-c4nc(N5CCOCC5)nc(N5CCOCC5)n4)cc3)ccc2C1=O,1,IC50,7.28,1,CHEMBL5572006
CC(C)(C)OC(=O)N1Cc2ccc(NC(=O)Nc3ccc(-c4nc(N5CCOCC5)nc(N5CCOCC5)n4)cc3)cc2C1=O,1,IC50,7.32,1,CHEMBL5574430
CC(C)(C)OC(=O)N1Cc2ccc(NC(=O)Nc3ccc(-c4nc(N5CCOCC5)nc(N5CCOCC5)n4)cc3)cc2C1,1,IC50,7.51,1,CHEMBL5567165
CN1Cc2cc(NC(=O)Nc3ccc(-c4nc(N5CCOCC5)nc(N5CCOCC5)n4)cc3)ccc2C1=O,1,IC50,7.95,1,CHEMBL5573982
O=C(Nc1ccc(-c2nc(N3CCOCC3)nc(N3CCOCC3)n2)cc1)Nc1ccc2c(c1)COC2=O,1,IC50,8.48,1,CHEMBL5568982
O=C(Nc1ccc(-c2nc(N3CCOCC3)nc(N3CCOCC3)n2)cc1)Nc1ccc2c(c1)C(=O)OC2,1,IC50,8.34,1,CHEMBL5575213
CC1OC(=O)c2cc(NC(=O)Nc3ccc(-c4nc(N5CCOCC5)nc(N5CCOCC5)n4)cc3)ccc21,1,IC50,8.14,1,CHEMBL5570389
O=C(Nc1ccc(-c2nc(N3CCOCC3)nc(N3CCOCC3)n2)cc1)Nc1ccc2c(c1)CNC2=O,1,IC50,8.3,1,CHEMBL5573179
O=C(Nc1ccc(-c2nc(N3CCOCC3)nc(N3CCOCC3)n2)cc1)Nc1ccc2c(c1)C(=O)NC2,1,IC50,8.21,1,CHEMBL5572519
O=C(Nc1ccc(-c2nc(N3CCOCC3)nc(N3CCOCC3)n2)cc1)Nc1ccc2c(c1)C(=O)NC2=O,1,IC50,7.46,1,CHEMBL5566351
O=C(Nc1ccc(-c2nc(N3CCOCC3)nc(N3CCOCC3)n2)cc1)Nc1ccc2c(c1)CNC2,1,IC50,8.6,1,CHEMBL5566586
C[C@H]1COCCN1c1nc(-c2ccc(NC(=O)Nc3ccc4c(c3)COC4=O)cc2)nc(N2CCOCC2)n1,1,IC50,8.68,1,CHEMBL5573450
O=C(Nc1ccc(-c2nc(N3CCOCC3)nc(N3CCO[C@@H](CO)C3)n2)cc1)Nc1ccc2c(c1)COC2=O,1,IC50,8.51,1,CHEMBL5594441
O=C(Nc1ccc(-c2nc(N3CCOCC3)nc(N3CCO[C@H](CO)C3)n2)cc1)Nc1ccc2c(c1)COC2=O,1,IC50,8.47,1,CHEMBL5568655
O=C(Nc1ccc(-c2nc(N3CCOCC3)nc(N3CCOC[C@H]3CO)n2)cc1)Nc1ccc2c(c1)COC2=O,1,IC50,8.66,1,CHEMBL5590872
CN1CCN(c2nc(-c3ccc(NC(=O)Nc4ccc5c(c4)COC5=O)cc3)nc(N3CCOCC3)n2)CC1,1,IC50,7.54,1,CHEMBL5564938
CC(C)(C)OC(=O)N1CCN(c2nc(-c3ccc(NC(=O)Nc4ccc5c(c4)COC5=O)cc3)nc(N3CCOCC3)n2)CC1,1,IC50,6.78,1,CHEMBL5569305
CN(C)C1CCN(c2nc(-c3ccc(NC(=O)Nc4ccc5c(c4)COC5=O)cc3)nc(N3CCOCC3)n2)CC1,1,IC50,6.94,1,CHEMBL5573360
O=C(Nc1ccc(-c2nc(N3CCOCC3)nc(N3C[C@H]4C[C@@H]3CO4)n2)cc1)Nc1ccc2c(c1)COC2=O,1,IC50,8.38,1,CHEMBL5570798
O=C(Nc1ccc(-c2nc(N3CCOCC3)nc(N3C4CCC3COC4)n2)cc1)Nc1ccc2c(c1)COC2=O,1,IC50,8.77,1,CHEMBL5568986
O=C(Nc1ccc(-c2nc(N3CCCOCC3)nc(N3CCOCC3)n2)cc1)Nc1ccc2c(c1)COC2=O,1,IC50,8.32,1,CHEMBL5567159
O=C(Nc1ccc(-c2nc(N3CCOCC3)nc(N3CC4CCC(C3)O4)n2)cc1)Nc1ccc2c(c1)COC2=O,1,IC50,8.34,1,CHEMBL5570177
CC(C)(C)OC(=O)N1CC2CCC(C1)N2c1nc(-c2ccc(NC(=O)Nc3ccc4c(c3)COC4=O)cc2)nc(N2CCOCC2)n1,1,IC50,6.83,1,CHEMBL5575205
O=C(Nc1ccc(-c2nc(N3CCOCC3)nc(N3C[C@H]4OCCO[C@@H]4C3)n2)cc1)Nc1ccc2c(c1)COC2=O,1,IC50,8.07,1,CHEMBL5575407
O=C(Nc1ccc(-c2nc(N3CCNCC3)nc(N3CCOCC3)n2)cc1)Nc1ccc2c(c1)COC2=O,1,IC50,7.5,1,CHEMBL5569846
O=C(Nc1ccc(-c2nc(N3CCOCC3)nc(N3C4CCC3CNC4)n2)cc1)Nc1ccc2c(c1)COC2=O,1,IC50,7.7,1,CHEMBL5590918
O=C(Nc1ccc(-c2nc(N3C4CCC3COC4)nc(N3C4CCC3COC4)n2)cc1)Nc1ccc2c(c1)COC2=O,1,IC50,8.92,1,CHEMBL5564044
C[C@H]1COCCN1c1nc(-c2ccc(NC(=O)Nc3ccc4c(c3)COC4=O)cc2)nc(N2C3CCC2COC3)n1,1,IC50,8.4,1,CHEMBL5575534
Cn1c(=O)n(C(C)(C)C#N)c2c3cc(-c4cnc5ccccc5c4)ccc3ncc21,1,IC50,7.7,1,CHEMBL5596626
Nc1ncc(-c2nc(-c3ccc(CN4CCOCC4)s3)nc(N3CCOCC3)n2)cn1,1,IC50,7.16,1,CHEMBL5614042
CS(=O)(=O)N1CCN(Cc2ccc(-c3nc(-c4cnc(N)nc4)nc(N4CCOCC4)n3)s2)CC1,1,IC50,7.32,1,CHEMBL5612939
CNC(=O)Nc1ncc(-c2nc(-c3ccc(CN4CCN(S(C)(=O)=O)CC4)s3)nc(N3CCOCC3)n2)cn1,1,IC50,7.96,1,CHEMBL5613597
O=S(=O)(Nc1cc(-c2cnc3[nH]nc(-c4ccccc4)c3c2)cnc1Cl)c1ccccc1,1,IC50,8.58,1,CHEMBL4216255
O=[N+]([O-])c1cccc(-c2n[nH]c3ncc(-c4cnc(Cl)c(NS(=O)(=O)c5ccccc5)c4)cc23)c1,1,IC50,8.17,1,CHEMBL5629969
Nc1cccc(-c2n[nH]c3ncc(-c4cnc(Cl)c(NS(=O)(=O)c5ccccc5)c4)cc23)c1,1,IC50,8.59,1,CHEMBL5630655
CN(C)c1cccc(-c2n[nH]c3ncc(-c4cnc(Cl)c(NS(=O)(=O)c5ccccc5)c4)cc23)c1,1,IC50,7.6,1,CHEMBL5630759
CN1CCN(Cc2cccc(-c3n[nH]c4ncc(-c5cnc(Cl)c(NS(=O)(=O)c6ccccc6)c5)cc34)c2)CC1,1,IC50,7.5,1,CHEMBL5630911
O=S(=O)(Nc1cc(-c2cnc3[nH]nc(-c4cccc(CN5CCOCC5)c4)c3c2)cnc1Cl)c1ccccc1,1,IC50,8.09,1,CHEMBL5630307
O=S(=O)(Nc1cc(-c2cnc3[nH]nc(-c4ccc(CN5CCOCC5)cc4)c3c2)cnc1Cl)c1ccccc1,1,IC50,8.59,1,CHEMBL5624980
O=S(=O)(Nc1cc(-c2cnc3[nH]nc(-c4ccncc4)c3c2)cnc1Cl)c1ccccc1,1,IC50,8.37,1,CHEMBL4212775
O=S(=O)(Nc1cc(-c2cnc3[nH]nc(-c4ccc(N5CCCC5)nc4)c3c2)cnc1Cl)c1ccccc1,1,IC50,8.08,1,CHEMBL5630141
O=S(=O)(Nc1cc(-c2cnc3[nH]nc(-c4ccc(N5CCCCC5)nc4)c3c2)cnc1Cl)c1ccccc1,1,IC50,8.37,1,CHEMBL5630048
O=S(=O)(Nc1cc(-c2cnc3[nH]nc(-c4ccc(N5CCOCC5)nc4)c3c2)cnc1Cl)c1ccccc1,1,IC50,8.85,1,CHEMBL5625038
O=S(=O)(Nc1cc(-c2cnc3[nH]nc(-c4ccncc4)c3c2)cnc1Cl)c1ccc(F)cc1,1,IC50,8.69,1,CHEMBL5624603
O=S(=O)(Nc1cc(-c2cnc3[nH]ncc3c2)cnc1Cl)c1ccccc1,1,IC50,7.49,1,CHEMBL4204119
Nc1nc2cc(-c3ccc4ncc(N5C[C@@H]6OCCO[C@@H]6C5)nc4c3)ccc2o1,1,IC50,6.22,1,CHEMBL5647100
Cc1ccc(C(=O)Nc2cccc(C(F)(F)F)c2)cc1Nc1nc(-c2cccnc2)nc2c1cnn2C,0,Kd,4.94,1,CHEMBL3752910
Nc1nccn2c1c(-c1cc3cccc(Cl)c3[nH]1)nc2[C@H]1CC[C@H](C(=O)O)CC1,1,IC50,7.96,1,CHEMBL5661831
CCOc1cc(N2CCC(O)CC2)ccc1Nc1ncc2c(n1)N(C)c1ccccc1C(=O)N2C,0,IC50 (>),4.3,1,CHEMBL1673046
Cc1cn(CCN2CCN(c3ccccc3-c3cc(C#N)cc(C(=O)NCCCN4CCCC4)c3)CC2)c2ccccc12,0,IC50 (>),4.7,1,CHEMBL3414623
COc1cc(S(C)(=O)=O)ccc1Nc1nc2ccc(-c3ccc(NC(=O)[C@H](C)c4ccc(F)cc4)cc3)cn2n1,0,Kd,4.4,1,CHEMBL4303241
CC(=O)Nc1nc2ccc(-c3ccc4nccc(-c5ccncc5)c4c3)cc2s1,0,IC50 (>),5.0,2,CHEMBL5921776
Nc1ncnc2ccc(-c3ccc4nccc(-c5ccncc5)c4c3)cc12,0,IC50 (>),5.0,2,CHEMBL5799784
Nc1ncc2cc(-c3ccc4nccc(-c5ccncc5)c4c3)ccc2n1,0,IC50 (>),5.0,2,CHEMBL6044576
Nc1nc2cc(-c3ccc4ncn(-c5ccccc5)c4c3)ccc2o1,0,IC50 (>),5.0,1,CHEMBL5785872
CN1CCN(c2ccc(-c3cnc4ccc(-c5ccc6oc(N)nc6c5)cn34)cn2)CC1,0,IC50 (>),5.0,2,CHEMBL5807014
Nc1nc2cc(-c3ccc4ncc(-c5ccc6nc(N)oc6c5)n4c3)ccc2o1,0,IC50 (>),5.0,2,CHEMBL5776311
Nc1nc2cc(-c3ccc4ncn(C5CCOCC5)c(=O)c4c3)ccc2o1,0,IC50 (>),5.0,2,CHEMBL6008846
CN1CCN(c2cnc3ccc(-c4ccc5oc(N)nc5c4)cc3n2)CC1,0,IC50 (>),5.0,2,CHEMBL5936961
Nc1nc2cc(-c3ccc4ncc(NCCN5CCOCC5)nc4c3)ccc2o1,0,IC50 (>),5.0,2,CHEMBL5898454
Nc1nc2cc(-c3ccc4ncc(N5CCNC(=O)C5)nc4c3)ccc2o1,0,IC50 (>),5.0,2,CHEMBL5786083
CC(=O)N1CCC(N(C)c2ncnc3ccc(-c4ccc5oc(N)nc5c4)cc23)CC1,0,IC50 (>),5.0,2,CHEMBL5841238
CN(C)CC(=O)N1CCN(c2cnc3ccc(-c4ccc5oc(N)nc5c4)cc3n2)CC1,0,IC50 (>),5.0,2,CHEMBL6064950
Nc1nc2cc(-c3ccc4ncc(C(=O)NC5CCC(O)CC5)n4c3)ccc2o1,0,IC50 (>),5.0,2,CHEMBL5790579
CN1CC(C(=O)N2CCN(c3cnc4ccc(-c5ccc6oc(N)nc6c5)cc4n3)CC2)C1,0,IC50 (>),5.0,2,CHEMBL6043063
Nc1nc2cc(-c3ccc4ncc(N5CCC(N6CCOCC6)CC5)nc4c3)ccc2o1,0,IC50 (>),5.0,2,CHEMBL5773418
Nc1ncc(-c2ccc3oc(N)nc3c2)cn1,0,IC50 (>),5.0,2,CHEMBL5969943
Nc1nc2cc(-c3cccc4[nH]nc(N)c34)ccc2o1,0,IC50 (>),5.0,2,CHEMBL6005364
Cc1ccn(C2CN(c3cnc4ccc(-c5ccc6oc(N)nc6c5)cc4n3)C2)n1,0,IC50 (>),5.0,2,CHEMBL5949532
Nc1nc2cc(-c3ccc4ncc(N5CC(N6CC[C@H](O)C6)C5)nc4c3)ccc2o1,0,IC50 (>),5.0,2,CHEMBL5747666
CN1CCN(C2CN(c3cnc4ccc(-c5ccc6oc(N)nc6c5)cc4n3)C2)CC1=O,0,IC50 (>),5.0,2,CHEMBL6008071
CCN(CC)C1CN(c2cnc3ccc(-c4ccc5oc(N)nc5c4)cc3n2)C1,0,IC50 (>),5.0,2,CHEMBL5921662
Nc1nc2cc(-c3ccc4ncc(N5CC(N6CCNCC6)C5)nc4c3)ccc2o1,0,IC50 (>),5.0,2,CHEMBL6001951
CC(=O)N1CCN(C2CN(c3cnc4ccc(-c5ccc6oc(N)nc6c5)cc4n3)C2)CC1,0,IC50 (>),5.0,2,CHEMBL5842484
CS(=O)(=O)N1CCN(C2CN(c3cnc4ccc(-c5ccc6oc(N)nc6c5)cc4n3)C2)CC1,0,IC50 (>),5.0,2,CHEMBL5997500
CCN1CCN(C2CN(c3cnc4ccc(-c5ccc6oc(N)nc6c5)cc4n3)C2)CC1,0,IC50 (>),5.0,2,CHEMBL6058418
CC(C)N1CCN(C2CN(c3cnc4ccc(-c5ccc6oc(N)nc6c5)cc4n3)C2)CC1,0,IC50 (>),5.0,2,CHEMBL6065313
Nc1nc2cc(-c3ccc4ncc(N5CC(N6CCN(CCO)CC6)C5)nc4c3)ccc2o1,0,IC50 (>),5.0,2,CHEMBL5997546
Nc1nc2cc(-c3ccc4ncc(N5CC(N6CCN(CC7CC7)CC6)C5)nc4c3)ccc2o1,0,IC50 (>),5.0,2,CHEMBL5951153
C[C@H]1CN(C2CN(c3cnc4ccc(-c5ccc6oc(N)nc6c5)cc4n3)C2)CCN1,0,IC50 (>),5.0,2,CHEMBL6031413
Cc1cc2oc(N)nc2cc1-c1ccc2ncc(N3CC(N4CCOCC4)C3)nc2c1,0,IC50 (>),5.0,2,CHEMBL5965096
Nc1nc2cc(-c3ccc4ncc(N5CC(N6CCOCC6)C5)nc4c3)c(F)cc2o1,0,IC50 (>),5.0,2,CHEMBL5900034
C[C@@H]1CN(C2CN(c3cnc4ccc(-c5ccc6oc(N)nc6c5)nc4n3)C2)CCN1,0,IC50 (>),5.0,1,CHEMBL6038554
Nc1nc2cc(-c3ccc4ncc(N5C6CCC5COC6)nc4n3)ccc2o1,0,IC50 (>),5.0,1,CHEMBL5966358
Nc1nc2cc(-c3ccc4ncc(N5CC(N6CCN(CC7CC7)CC6)C5)nc4n3)ccc2o1,0,IC50 (>),5.0,1,CHEMBL5994620
NCC(=O)N1CCN(c2cnc3ccc(-c4ccc5oc(N)nc5c4)nc3n2)CC1,0,IC50 (>),5.0,1,CHEMBL5757581
CC(C)(N)C(=O)N1CCN(c2cnc3ccc(-c4ccc5oc(N)nc5c4)nc3n2)CC1,0,IC50 (>),5.0,2,CHEMBL5804968
CC(C)N1CCN(c2cnc3ccc(-c4ccc5oc(N)nc5c4)nc3c2)CC1,0,IC50 (>),5.0,1,CHEMBL5827833
Nc1nc2cc(-c3ccc4ncc(N5CC(N6CCN(CCO)CC6)C5)nc4n3)ccc2o1,0,IC50 (>),5.0,1,CHEMBL5962369
C[C@H]1CN(c2cnc3ccc(-c4ccc5oc(N)nc5c4)nc3c2)CCN1,0,IC50 (>),5.0,1,CHEMBL5930241
C[C@@H]1CN(c2cnc3ccc(-c4ccc5oc(N)nc5c4)nc3c2)CCN1,0,IC50 (>),5.0,1,CHEMBL5955615
Cc1nccn1C1CN(c2cnc3ccc(-c4ccc5oc(N)nc5c4)nc3n2)C1,0,IC50 (>),5.0,1,CHEMBL6037026
CC1(C)CN(C2CN(c3cnc4ccc(-c5ccc6oc(N)nc6c5)nc4n3)C2)CCN1,0,IC50 (>),5.0,1,CHEMBL5812107
Nc1nc2cc(-c3ccc4ncc(N5CC(N6CCOCC6)C5)cc4n3)ccc2o1,0,IC50 (>),5.0,1,CHEMBL5765421
C[C@H]1CN(C2CN(c3cnc4ccc(-c5ccc6oc(N)nc6c5)nc4c3)C2)CCN1,0,IC50 (>),5.0,1,CHEMBL5930694
C[C@H]1CN(C2CN(c3cnc4ccc(-c5ccc6oc(N)nc6c5)nc4c3)C2)CCN1C,0,IC50 (>),5.0,1,CHEMBL5789745
C[C@@H]1CN(C2CN(c3cnc4ccc(-c5ccc6oc(N)nc6c5)nc4c3)C2)CCN1,0,IC50 (>),5.0,1,CHEMBL6023438
C[C@@H]1CN(C2CN(c3cnc4ccc(-c5ccc6oc(N)nc6c5)nc4c3)C2)CCN1C,0,IC50 (>),5.0,1,CHEMBL6003763
CC1(C)CN(C2CN(c3cnc4ccc(-c5ccc6oc(N)nc6c5)nc4c3)C2)CCN1,0,IC50 (>),5.0,1,CHEMBL6017099
Nc1nc2cc(-c3ccc4ncc(N5CC(N6CCN(CC7CC7)CC6)C5)cc4n3)ccc2o1,0,IC50 (>),5.0,1,CHEMBL5988670
C[C@H]1COCCN1C1CN(c2cnc3ccc(-c4ccc5oc(N)nc5c4)nc3n2)C1,0,IC50 (>),5.0,1,CHEMBL6002299
Cc1nccn1C1CN(c2cnc3ccc(-c4ccc5oc(N)nc5c4)nc3c2)C1,0,IC50 (>),5.0,1,CHEMBL5740970
Nc1nc2cc(-c3ccc4ncc(N5CC(N6CCN(CCO)CC6)C5)cc4n3)ccc2o1,0,IC50 (>),5.0,1,CHEMBL6039227
CN1CCN(C2CN(c3cnc4ccc(-c5ccc6oc(N)nc6c5)nc4n3)C2)CC1,0,IC50 (>),5.0,2,CHEMBL5747618
CC(C)N1CCN(C2CN(c3cnc4ccc(-c5ccc6oc(N)nc6c5)nc4n3)C2)CC1,0,IC50 (>),5.0,1,CHEMBL5890627
CCN1CCN(C2CN(c3cnc4ccc(-c5ccc6oc(N)nc6c5)nc4n3)C2)CC1,0,IC50 (>),5.0,1,CHEMBL5794482
CN1CC2CN(c3cnc4ccc(-c5ccc6oc(N)nc6c5)nc4n3)CC2C1,0,IC50 (>),5.0,2,CHEMBL5833916
Cn1cc(-c2ccc(-c3ccc4ncc5c(c4c3)n(C3CCCN(C(=O)CO)C3)c(=O)n5C)cn2)cn1,1,IC50,7.26,1,CHEMBL6055065
Cn1cc(-c2ccc(-c3ccc4ncc5c(c4c3)n(C3CCCN(C(=O)c4nc[nH]n4)C3)c(=O)n5C)cn2)cn1,1,IC50,6.26,1,CHEMBL5828123
C[C@H](O)C(=O)N1CCCC(n2c(=O)n(C)c3cnc4ccc(-c5ccc(-c6cnn(C)c6)nc5)cc4c32)C1,1,IC50,7.26,1,CHEMBL5963117
Cn1cc(-c2ccc(-c3ccc4ncc5c(c4c3)n(C3CCN(C(=O)CO)C3)c(=O)n5C)cn2)cn1,1,IC50,6.26,1,CHEMBL5930071
CN1CCC(n2c(=O)n(C)c3cnc4ccc(-c5ccc(-c6cnn(C)c6)nc5)cc4c32)C1,1,IC50,6.26,1,CHEMBL5810339
CCN1CCC(n2c(=O)n(C)c3cnc4ccc(-c5ccc(-c6cnn(C)c6)nc5)cc4c32)C1,1,IC50,6.26,1,CHEMBL5816378
CC(=O)N1CCC(n2c(=O)n(C)c3cnc4ccc(-c5ccc(-c6cnn(C)c6)nc5)cc4c32)C1,1,IC50,6.26,1,CHEMBL5968131
Cn1cc(-c2ccc(-c3ccc4ncc5c(c4c3)n(C3CCN(Cc4ccccc4)C3)c(=O)n5C)cn2)cn1,1,IC50,6.26,1,CHEMBL5776057
Cn1cc(-c2ccc(-c3ccc4ncc5c(c4c3)n(C3CCN(S(=O)(=O)c4ccc(Cl)cc4)C3)c(=O)n5C)cn2)cn1,1,IC50,6.26,1,CHEMBL5983587
Cc1ccc(S(=O)(=O)N2CCC(n3c(=O)n(C)c4cnc5ccc(-c6ccc(-c7cnn(C)c7)nc6)cc5c43)C2)cc1,1,IC50,6.26,1,CHEMBL5751479
Cn1cc(-c2ccc(-c3ccc4ncc5c(c4c3)n(C3CCN(S(N)(=O)=O)C3)c(=O)n5C)cn2)cn1,1,IC50,6.26,1,CHEMBL5893608
Cn1cc(-c2ccc(-c3ccc4ncc5c(c4c3)n(C3CCN(C(=O)C(F)(F)F)C3)c(=O)n5C)cn2)cn1,1,IC50,6.26,1,CHEMBL5789184
COc1ncc(-c2ccc3ncc4c(c3c2)n([C@H]2CC[C@@H](O)CC2)c(=O)n4C)cc1C,1,IC50,7.26,1,CHEMBL5871970
Cn1c(=O)n([C@H]2CC[C@@H](O)CC2)c2c3cc(-c4cnn(-c5ccccc5)c4)ccc3ncc21,1,IC50,7.26,1,CHEMBL5775877
Cc1ccc(-c2ccc3ncc4c(c3c2)n([C@H]2CC[C@@H](O)CC2)c(=O)n4C)cn1,1,IC50,7.26,1,CHEMBL6032782
Cn1c(=O)n([C@H]2CC[C@H](O)CC2)c2c3cc(-c4cnn(-c5ccccc5)c4)ccc3ncc21,1,IC50,7.26,1,CHEMBL6031976
COc1ncc(-c2ccc3ncc4c(c3c2)n([C@H]2CC[C@H](O)CC2)c(=O)n4C)cc1C,1,IC50,7.26,1,CHEMBL6059935
Cn1c(=O)n([C@H]2CC[C@H](O)CC2)c2c3cc(-c4ccc(-c5ccccc5)nc4)ccc3ncc21,1,IC50,7.6,1,CHEMBL5980124
Cn1cc(-c2ccc(-c3ccc4ncc5c(c4c3)n([C@@H]3CCN(S(C)(=O)=O)C3)c(=O)n5C)cn2)cn1,1,IC50,6.26,1,CHEMBL5763596
Cc1nc2c(-c3ncc[nH]3)cc(N3CCOCC3)nn2c1Cc1cccc(C(F)(F)F)c1C,0,Kd (>),5.0,1,CHEMBL5927306
Cc1nc2c(C(N)=O)cc(N3CCOCC3)nn2c1Cc1cccc(Cl)c1C,0,Kd,4.65,1,CHEMBL6024936
Cc1c(Cc2c(CO)nc3c(N)cc(N4CCOCC4)nn23)cccc1C(F)(F)F,0,Kd (>),4.52,1,CHEMBL3991283
Cc1c(Cc2c(CO)nc3c(C(N)=O)cc(N4CCOCC4)nn23)cccc1C(F)(F)F,0,Kd (>),4.52,1,CHEMBL5910560
Cc1c(Cc2c(CF)nc3c(C(N)=O)cc(N4CCOCC4)nn23)cccc1C(F)(F)F,0,Kd (>),4.52,1,CHEMBL6039319
Cc1c(Cc2c(CF)nc3c(N)cc(N4CCOCC4)nn23)cccc1C(F)(F)F,0,Kd,4.85,1,CHEMBL5812370
CC(=O)NCc1nc2c(-c3ncc[nH]3)cc(N3CCOCC3)nn2c1Cc1cccc(C(F)(F)F)c1C,0,Kd (>),4.52,1,CHEMBL6064382
Cc1c(Cc2c(CO)nc3c(-c4ncc[nH]4)cc(N4CCOCC4)nn23)cccc1C(F)(F)F,0,Kd (>),5.0,1,CHEMBL5749126
Cc1c(Cc2c(CCO)nc3c(N)cc(N4CCOCC4)nn23)cccc1C(F)(F)F,0,Kd,4.69,1,CHEMBL5743613
Cc1nc2c(C(=O)O)cc(N3CCOC(C)C3)nn2c1Cc1cccc(C(F)(F)F)c1C,0,Kd,4.67,1,CHEMBL6049412
Cc1nc2c(C(=O)O)cc(C3=CCOCC3)nn2c1Cc1cccc(C(F)(F)F)c1C,0,Kd (>),4.52,1,CHEMBL5910040
Cc1c(Cc2c(C(C)O)nc3c(-c4ncc[nH]4)cc(N4CCOCC4)nn23)cccc1C(F)(F)F,0,Kd (>),5.0,1,CHEMBL5781910
Cc1c(Cc2c(C(C)O)nc3c(N)cc(N4CCOCC4)nn23)cccc1C(F)(F)F,0,Kd,4.65,1,CHEMBL5944493
Cc1nc2c(N)cc(N3CCOCC3)nn2c1Nc1cccc(C(F)(F)F)c1C,0,Kd,4.69,1,CHEMBL5805012
Cc1nc2c(-c3ncc[nH]3)cc(N3CCOCC3)nn2c1Nc1cccc(C(F)(F)F)c1C,0,Kd (>),5.0,1,CHEMBL5880092
Cc1nc2c(C(=O)O)cc(N3CCOCC3)nn2c1Nc1cccc(C(F)(F)F)c1C,0,Kd,4.66,1,CHEMBL5842791
Cc1nc2c(C(N)=O)cc(N3CCOCC3)nn2c1Nc1cccc(C(F)(F)F)c1C,0,Kd,4.7,1,CHEMBL5866412
Cc1nc2c(N)cc(N3CCOCC3)nn2c1Nc1cccc(C(F)(F)F)c1CN1CCS(=O)(=O)CC1,0,Kd (>),4.52,1,CHEMBL5925644
Cc1nc2c(N)cc(N3CCOCC3)nn2c1Nc1cccc(C(F)(F)F)c1CN1CCC(S(C)(=O)=O)C1,0,Kd (>),4.52,1,CHEMBL5850080
Cc1nc2c(N)cc(N3CCOCC3)nn2c1Nc1cccc(C(F)(F)F)c1CN1CC(S(C)(=O)=O)C1,0,Kd (>),4.52,1,CHEMBL5803568
Cc1nc2c(N)cc(N3CCOCC3)nn2c1Nc1cccc(C(F)(F)F)c1CN1CCC2(C1)CS(=O)(=O)C2,0,Kd (>),4.52,1,CHEMBL5990812
Cc1nc2c(N)cc(N3CCOCC3)nn2c1Nc1cccc(C(F)(F)F)c1CO,0,Kd,4.94,1,CHEMBL5996458
Cc1nc2c(N)cc(N3CCOCC3)nn2c1Nc1cccc(C(F)(F)F)c1CN1CC2(CCS2(=O)=O)C1,0,Kd (>),4.52,1,CHEMBL5810941
Cc1nc2c(N)cc(N3CCOCC3)nn2c1Nc1cccc(C(F)(F)F)c1CN1CCC(S(C)(=O)=O)CC1,0,Kd (>),4.52,1,CHEMBL6002778
Cc1nc2c(N)cc(N3CCOCC3)nn2c1Nc1cccc(C(F)(F)F)c1CNC(C)CO,0,Kd (>),4.52,2,CHEMBL5799166
Cc1nc2c(N)cc(N3CCOCC3)nn2c1Nc1cccc(C(F)(F)F)c1C1CCNCC1,0,Kd (>),4.52,1,CHEMBL5803247
Cc1cccc(Nc2c(C)nc3c(N)cc(N4CCOCC4)nn23)c1C1CCNCC1,0,Kd (>),4.52,1,CHEMBL5894050
CC(=O)OCc1nc2c(N)cc(N3CCOCC3)nn2c1Nc1cccc(C(F)(F)F)c1C,0,Kd (>),4.52,1,CHEMBL5925230
Cc1nc2c(N)cc(N3CCOCC3)nn2c1Nc1cccc(C(F)(F)F)c1CN1CCCC1,0,Kd (>),4.52,1,CHEMBL5929842
Cc1nc2c(N)cc(N3CCOCC3)nn2c1Nc1cccc2c1CCNC2,0,Kd,4.77,1,CHEMBL5924926
Cc1nc2c(N)cc(N3CCOCC3)nn2c1Nc1cccc(F)c1CNC(C)CO,0,Kd (>),4.52,1,CHEMBL5860050
Cc1nc2c(N)cc(N3CCOCC3)nn2c1Nc1cccc(C(F)(F)F)c1C1CCN(CCO)CC1,0,Kd (>),4.52,1,CHEMBL5831673
Cc1nc2c(N)cc(N3CCOCC3)nn2c1Nc1cccc(C(F)(F)F)c1CN1CCC(O)C1,0,Kd,4.9,3,CHEMBL5930691
Cc1c(Nc2c(COC(=O)C(N)Cc3ccccc3)nc3c(N)cc(N4CCOCC4)nn23)cccc1C(F)(F)F,0,Kd (>),4.52,1,CHEMBL5849678
CCC(C)C(N)C(=O)OCc1nc2c(N)cc(N3CCOCC3)nn2c1Nc1cccc(C(F)(F)F)c1C,0,Kd (>),4.52,1,CHEMBL5944312
Cc1c(Nc2c(COC(=O)C(N)C(C)C)nc3c(N)cc(N4CCOCC4)nn23)cccc1C(F)(F)F,0,Kd,4.6,1,CHEMBL5860371
Cc1c(Nc2c(COC(=O)C3(NC(=O)OC(C)(C)C)CC3)nc3c(N)cc(N4CCOCC4)nn23)cccc1C(F)(F)F,0,Kd (>),4.55,1,CHEMBL5838181
Cc1nc2c(C(=O)O)cc(N3CCOCC3)nn2c1Nc1ccccc1N1CCOCC1,0,Kd,4.71,1,CHEMBL6050387
CC(CO)NCc1c(F)cccc1Cc1c(CO)nc2c(N)cc(N3CCOCC3)nn12,0,Kd (>),4.52,2,CHEMBL5745027
Cc1nc2c(N)cc(N3CCOCC3)nn2c1Cc1cccc(F)c1CNC(C)CO,0,Kd,4.61,1,CHEMBL5991539
Nc1cc(N2CCOCC2)nn2c(Cc3cccc(C(F)(F)F)c3C3CCNCC3)c(CO)nc12,0,Kd (>),4.52,1,CHEMBL5817241
Nc1cc(N2CCOCC2)nn2c(Cc3cccc(C(F)(F)F)c3C3CCN(CCO)CC3)c(CO)nc12,0,Kd (>),4.52,1,CHEMBL5841991
Cc1nc2c(N)cc(N3CCOCC3)nn2c1Cc1cccc(F)c1C1CCNCC1,0,Kd (>),4.52,1,CHEMBL5268567
Cc1nc2c(N)cc(N3CCOCC3)nn2c1Cc1cccc(F)c1C1CCN(CCO)CC1,0,Kd,4.94,1,CHEMBL5951194
Nc1cc(N2CCOCC2)nn2c(Cc3cccc(F)c3C3CCN(CCO)CC3)c(CO)nc12,0,Kd,4.73,1,CHEMBL5869071
Cc1nc2c(N)cc(N3CCOCC3)nn2c1Cc1cccc2c1CNCC2,0,Kd,4.65,1,CHEMBL5963673
Cc1ccc(S(=O)(=O)NCC(C)(C)O)cc1-c1cnc(N)c(-c2cnn(C)n2)c1,0,IC50 (>),5.0,1,CHEMBL4859466
Cc1ccc(S(=O)(=O)N[C@H]2CC[C@H](O)CC2)cc1-c1cnc(N)c(-c2cnn(C)n2)c1,0,IC50 (>),5.0,1,CHEMBL5903684
Cc1cc(-c2cc(-c3cc(S(=O)(=O)NCC(C)(C)O)ccc3C)cnc2N)sn1,0,IC50 (>),5.0,1,CHEMBL5853591
Cc1noc(-c2cc(-c3cc(S(=O)(=O)NCC4(C)COC4)ccc3C)cnc2N)n1,0,IC50 (>),5.0,1,CHEMBL5829052
Cc1cnc(-c2cc(-c3cc(S(=O)(=O)N[C@H]4CC[C@H](O)CC4)ccc3C)cnc2N)o1,0,IC50 (>),5.0,1,CHEMBL5883319
CCc1noc(-c2cc(-c3cc(S(=O)(=O)NCC(C)(C)O)ccc3C)cnc2N)n1,0,IC50 (>),5.0,1,CHEMBL5813872
Cc1noc(-c2cc(-c3cc(S(=O)(=O)NC4CC(O)C4)ccc3C)cnc2N)n1,0,IC50 (>),5.0,1,CHEMBL5851781
Cc1noc(-c2cc(-c3cc(S(=O)(=O)N[C@H]4C[C@@H](O)C4)ccc3C)cnc2N)n1,0,IC50 (>),5.0,1,CHEMBL5925346
Cc1nnc(-c2cc(-c3cc(S(=O)(=O)NCCC(C)(C)O)ccc3C)cnc2N)o1,0,IC50 (>),5.0,1,CHEMBL5755423
Cc1noc(-c2cc(-c3cc(S(=O)(=O)NC4CC5(CC(O)C5)C4)ccc3C)cnc2N)n1,0,IC50 (>),5.0,1,CHEMBL6050059
Cc1noc(-c2cc(-c3cc(S(=O)(=O)N[C@H]4CC5(C[C@@H](O)C5)C4)ccc3C)cnc2N)n1,1,IC50,6.01,1,CHEMBL5861002
Cc1noc(-c2cc(-c3cc(S(=O)(=O)NOCC(C)(C)O)ccc3C)cnc2N)n1,0,IC50 (>),5.0,1,CHEMBL6024966
Cc1noc(-c2cc(-c3cc(S(=O)(=O)N[C@H]4CC[C@H](O)CC4)ccc3C)cnc2N)n1,0,IC50 (>),5.0,1,CHEMBL5754843
Cc1cc(-c2cc(-c3cc(S(=O)(=O)NCCC(C)(C)O)ccc3C)cnc2N)on1,0,IC50 (>),5.0,1,CHEMBL6034956
Cc1noc(-c2cc(-c3cc(S(=O)(=O)N[C@H]4CC[C@H](CO)CC4)ccc3C)cnc2N)n1,0,IC50 (>),5.0,1,CHEMBL5840799
Cc1ccc(S(=O)(=O)NC2CC3(CC(O)C3)C2)cc1-c1cnc(N)c(-c2cn(C)nc2C)c1,1,IC50,6.5,1,CHEMBL5914559
Cc1ncc(-c2cc(-c3cc(S(=O)(=O)NC4CC5(CC(O)C5)C4)ccc3C)cnc2N)s1,1,IC50,6.89,1,CHEMBL5764386
Cc1noc(-c2cc(-c3cc(S(=O)(=O)NCC4CCOC4)ccc3C)cnc2N)n1,0,IC50 (>),5.0,1,CHEMBL5745666
Cc1cc(-c2cc(-c3cc(S(N)(=O)=O)ccc3C)cnc2N)on1,0,IC50 (>),5.0,1,CHEMBL5769535
Cc1ccc(S(=O)(=O)NCCC(C)(C)O)cc1-c1cnc(N)c(-c2cc(C(C)C)no2)c1,0,IC50 (>),5.0,1,CHEMBL5896047
COC1(C)CN(S(=O)(=O)c2ccc(C)c(-c3cnc(N)c(-c4nc(C)no4)c3)c2)C1,0,IC50 (>),5.0,1,CHEMBL5849203
Cc1noc(-c2cc(-c3cc(S(=O)(=O)NCCC4(O)CCCC4)ccc3C)cnc2N)n1,0,IC50 (>),5.0,1,CHEMBL5761033
Cc1noc(-c2cc(-c3cc(S(=O)(=O)NCC4(CO)CCCC4)ccc3C)cnc2N)n1,0,IC50 (>),5.0,1,CHEMBL5912818
Cc1noc(-c2cc(-c3cc(S(=O)(=O)NCC4(O)CCC4)ccc3C)cnc2N)n1,0,IC50 (>),5.0,1,CHEMBL5905740
Cc1noc(-c2cc(-c3cc(S(=O)(=O)NCC(C)(C)CO)ccc3C)cnc2N)n1,0,IC50 (>),5.0,1,CHEMBL6004168
Cc1noc(-c2cc(-c3cc(S(=O)(=O)N[C@@H]4CCNC(=O)C4)ccc3C)cnc2N)n1,0,IC50 (>),5.0,1,CHEMBL6033277
Cc1noc(-c2cc(-c3cc(S(=O)(=O)NCC4(CO)CCC4)ccc3C)cnc2N)n1,0,IC50 (>),5.0,1,CHEMBL5991255
Cc1noc(-c2cc(-c3cc(S(=O)(=O)NCCN)ccc3C)cnc2N)n1,0,IC50 (>),5.0,1,CHEMBL6022044
Cc1cc(-c2cc(-c3cc(S(=O)(=O)NCC4(O)CCC4)ccc3C)cnc2N)on1,0,IC50 (>),5.0,1,CHEMBL5786278
Cc1noc(-c2cc(-c3cc(S(=O)(=O)N4CC(CO)C4)ccc3C)cnc2N)n1,0,IC50 (>),5.0,1,CHEMBL5990298
CCCONS(=O)(=O)c1ccc(C)c(-c2cnc(N)c(-c3nc(C)no3)c2)c1,0,IC50 (>),5.0,1,CHEMBL6021611
Cc1noc(-c2cc(-c3cc(S(=O)(=O)NCCC(F)(F)F)ccc3C)cnc2N)n1,0,IC50 (>),5.0,1,CHEMBL5928789
Cc1cnn(-c2cc(-c3cc(S(=O)(=O)NCC(C)(C)O)ccc3C)cnc2N)c1,0,IC50 (>),5.0,1,CHEMBL4855444
Cc1ccc(S(=O)(=O)NCC(C)(C)O)cc1-c1cnc(N)c(-c2cnoc2C)c1,0,IC50 (>),5.0,1,CHEMBL5968221
Cc1ccc(S(=O)(=O)NCC(C)(C)O)cc1-c1cnc(N)c(-c2cc(C(F)(F)F)no2)c1,0,IC50 (>),5.0,1,CHEMBL6012328
Cc1ccc(S(=O)(=O)N[C@H]2CC[C@H](O)CC2)cc1-c1cnc(N)c(-c2nc(C(F)F)no2)c1,0,IC50 (>),5.0,1,CHEMBL6024786
Cc1ccc(S(=O)(=O)NCC(C)(C)O)cc1-c1cnc(N)c(-c2nc(C(F)F)no2)c1,0,IC50 (>),5.0,1,CHEMBL5934677
Cc1cccc(NS(=O)(=O)c2ccc(C)c(-c3cnc(N)c(-c4nc(C)no4)c3)c2)n1,1,IC50,6.43,1,CHEMBL5786467
Cc1cc(-c2cc(-c3cc(S(=O)(=O)NCCO)ccc3C)cnc2N)on1,0,IC50 (>),5.0,1,CHEMBL6010210
Cc1cc(-c2cc(-c3cc(S(=O)(=O)N[C@H]4CC[C@H](CO)CC4)ccc3C)cnc2N)ccn1,0,IC50 (>),5.0,1,CHEMBL5955190
Cc1ccc(S(=O)(=O)NCC(C)(C)O)cc1-c1cnc(N)c(-c2nc(C3CC3)no2)c1,0,IC50 (>),5.0,1,CHEMBL6023877
Cc1cc(-c2cc(-c3cc(S(=O)(=O)NO[C@H]4C[C@H](O)C4)ccc3C)cnc2N)on1,0,IC50 (>),5.0,1,CHEMBL5993501
Cc1cc(-c2cc(-c3cc(S(=O)(=O)NC4COC[C@H]4O)ccc3C)cnc2N)on1,0,IC50 (>),5.0,1,CHEMBL5930363
Cc1cc(-c2cc(-c3cc(S(=O)(=O)NC4CCC[C@H]4O)ccc3C)cnc2N)on1,0,IC50 (>),5.0,1,CHEMBL5752432
Cc1noc(-c2cc(-c3cc(S(=O)(=O)NCC(C)O)ccc3C)cnc2N)n1,0,IC50 (>),5.0,1,CHEMBL5952204
C[C@H]1[C@H](c2nccs2)OC(=O)N1c1cc(-c2cnc(N)nc2C(F)(F)F)nc(N2CCOCC2)n1,1,IC50,6.6,1,CHEMBL5921250
COc1ccc([C@@H]2OC(=O)N(c3cc(-c4cnc(N)nc4C(F)(F)F)nc(N4CCOCC4)n3)[C@H]2CO)cc1,1,IC50,6.07,1,CHEMBL6018217
CCC1C(c2cccnc2)OC(=O)N1c1cc(-c2cnc(N)nc2C(F)(F)F)nc(N2CCOCC2)n1,1,IC50,6.02,1,CHEMBL5878705
Nc1ncc(-c2cc(N3C(=O)O[C@@H](c4ccccc4)[C@@H]3CO)nc(N3CCOCC3)n2)c(C(F)(F)F)n1,1,IC50,6.0,1,CHEMBL5825301
C[C@H]1[C@@H](c2nccs2)OC(=O)N1c1cc(-c2cnc(N)nc2C(F)(F)F)nc(N2CCOCC2)n1,1,IC50,6.06,1,CHEMBL5859013
COCCOc1ccc([C@@H]2OC(=O)N(c3cc(-c4cnc(N)nc4C(F)(F)F)nc(N4CCOCC4)n3)[C@H]2CO)cc1,1,IC50,6.12,1,CHEMBL5904394
Nc1ncc(-c2cc(N3C(=O)O[C@@H](c4ccc(OCCO)cc4)[C@@H]3CO)nc(N3CCOCC3)n2)c(C(F)(F)F)n1,1,IC50,6.64,1,CHEMBL5990575
Nc1ncc(-c2cc(N3C(=O)O[C@@H](c4ccc(OCCCO)cc4)[C@@H]3CO)nc(N3CCOCC3)n2)c(C(F)(F)F)n1,1,IC50,6.31,1,CHEMBL5832370
Nc1ncc(-c2cc(N3CCOC(c4ccccc4)C3)nc(N3CCOCC3)n2)c(C(F)(F)F)n1,0,IC50 (>),5.0,1,CHEMBL5843963
COc1ccc(-c2ccc3c(N4C5CCC4COC5)nc(N4C5CCC4COC5)nc3n2)cc1CO,1,IC50,9.0,1,CHEMBL5793237
COc1ccc(-c2ccc3c(N4CC5CCC(C4)O5)nc(N4CC5CCC(C4)O5)nc3n2)cc1CO,1,IC50,8.52,1,CHEMBL6055867
COc1ccc(-c2ccc3c(N4C5CCC4COC5)nc(N4CCOC[C@@H]4C)nc3n2)cc1CO,1,IC50,8.52,1,CHEMBL5791503
COc1ccc(-c2ccc3c(N4C5CCC4COC5)nc(N4CCOCC4)nc3n2)cc1CO,1,IC50,8.3,1,CHEMBL5806640
COc1ccc(-c2ccc3c(N4C5CCC4COC5)nc(N4C[C@@H](C)O[C@@H](C)C4)nc3n2)cc1CO,1,IC50,8.3,1,CHEMBL5816817
COCCN(C)c1nc(N2C3CCC2COC3)c2ccc(-c3ccc(OC)c(CO)c3)nc2n1,1,IC50,7.66,1,CHEMBL5739958
COc1ccc(-c2ccc3c(N4C5CCC4COC5)nc(N4CC5CCC(C4)O5)nc3n2)cc1CO,1,IC50,8.4,1,CHEMBL5765551
COc1ccc(-c2ccc3c(N4CCOC[C@@H]4C)nc(N4C5CCC4COC5)nc3n2)cc1CO,1,IC50,8.7,1,CHEMBL6049701
COc1ccc(-c2ccc3c(N4CCOCC4)nc(N4C5CCC4COC5)nc3n2)cc1CO,1,IC50,7.96,1,CHEMBL5755410
COc1ccc(-c2ccc3c(N4CC5CCC(C4)O5)nc(N4C5CCC4COC5)nc3n2)cc1CO,1,IC50,8.05,1,CHEMBL5837145
COCCN(C)c1nc(N2C3CCC2COC3)nc2nc(-c3ccc(OC)c(CO)c3)ccc12,1,IC50,7.24,1,CHEMBL5930773
COc1ccc(-c2cc3nc(N4CCOCC4)nc(N4CCOCC4)c3cn2)cc1CO,1,IC50,6.35,1,CHEMBL5803182
COc1ccc(-c2cc3nc(N4CCOC[C@@H]4C)nc(N4CCOCC4)c3cn2)cc1CO,1,IC50,7.21,1,CHEMBL5844318
COc1ccc(-c2cc3nc(N4C[C@@H](C)O[C@@H](C)C4)nc(N4CCOCC4)c3cn2)cc1CO,1,IC50,6.53,1,CHEMBL5781537
COc1ccc(-c2cc3nc(N4C[C@@H](C)O[C@@H](C)C4)nc(N4C[C@@H](C)O[C@@H](C)C4)c3cn2)cc1CO,0,IC50 (>),4.7,1,CHEMBL5761535
COc1ccc(-c2cc3nc(N4CCOC[C@@H]4C)nc(N4CCOC[C@@H]4C)c3cn2)cc1CO,1,IC50,7.92,1,CHEMBL5803378
COc1ccc(-c2cc3nc(N4CCOCC4)nc(N4CCOC[C@@H]4C)c3cn2)cc1CO,1,IC50,7.15,1,CHEMBL5755942
COc1ccc(-c2cc3nc(N4CC5CCC(C4)O5)nc(N4CC5CCC(C4)O5)c3cn2)cc1CO,1,IC50,7.1,1,CHEMBL5823331
COc1ccc(-c2cc3nc(N4CCOCC4)nc(N4CC5CCC(C4)O5)c3cn2)cc1CO,1,IC50,6.69,1,CHEMBL5816073
COc1ccc(-c2cc3nc(N4CCOC[C@@H]4C)nc(N4CC5CCC(C4)O5)c3cn2)cc1CO,1,IC50,7.14,1,CHEMBL5755229
COc1ccc(-c2cc3nc(N4C5CCC4COC5)nc(N4C5CCC4COC5)c3cn2)cc1CO,1,IC50,7.46,1,CHEMBL5944860
COc1ccc(-c2cc3nc(N4CCOCC4)nc(N4C5CCC4COC5)c3cn2)cc1CO,1,IC50,7.46,1,CHEMBL5830344
COc1ccc(-c2cc3nc(N4CCOC[C@@H]4C)nc(N4C5CCC4COC5)c3cn2)cc1CO,1,IC50,7.75,1,CHEMBL5999297
c1ccc(-c2cc3nc(N4CCOCC4)nc(N4CCOCC4)c3cn2)cc1,1,IC50,6.33,1,CHEMBL5765911
C[C@H]1COCCN1c1nc(N2CCOCC2)c2cnc(-c3ccccc3)cc2n1,1,IC50,6.87,1,CHEMBL5982863
c1ccc(-c2cc3nc(N4CC5CCC(C4)O5)nc(N4CCOCC4)c3cn2)cc1,1,IC50,6.36,1,CHEMBL6052398
C[C@H]1COCCN1c1nc(N2CCOCC2)nc2cc(-c3ccccc3)ncc12,1,IC50,6.82,1,CHEMBL5843373
C[C@H]1COCCN1c1nc(N2CCOC[C@@H]2C)c2cnc(-c3ccccc3)cc2n1,1,IC50,7.24,1,CHEMBL5972845
C[C@H]1COCCN1c1nc(N2CC3CCC(C2)O3)nc2cc(-c3ccccc3)ncc12,1,IC50,7.13,1,CHEMBL5988494
C[C@H]1COCCN1c1nc(N2CCOC[C@@H]2C)c2cnc(-c3ccccc3)nc2n1,1,IC50,6.38,1,CHEMBL5900167
c1ccc(-c2ncc3c(N4CC5CCC(C4)O5)nc(N4CC5CCC(C4)O5)nc3n2)cc1,1,IC50,6.71,1,CHEMBL5900578
CNC(=O)c1cccc(-c2ccc3c(N4C5CCC4COC5)nc(N4C5CCC4COC5)nc3n2)c1,1,IC50,7.22,1,CHEMBL5907952
CNC(=O)c1cccc(-c2ccc3c(N4CCOC[C@@H]4C)nc(N4C5CCC4COC5)nc3n2)c1,1,IC50,7.68,1,CHEMBL5969883
CNC(=O)c1cccc(-c2ccc3c(N4CCOC[C@@H]4C)nc(N4CC5CCC(C4)O5)nc3n2)c1,1,IC50,7.5,1,CHEMBL6023458
CNC(=O)c1cccc(-c2ccc3c(N4C5CCC4COC5)nc(N4CCOCC4)nc3n2)c1,1,IC50,6.78,1,CHEMBL5878640
CNC(=O)c1cccc(-c2ccc3c(N4C5CCC4COC5)nc(N4CCOC[C@@H]4C)nc3n2)c1,1,IC50,7.41,1,CHEMBL4594431
CNC(=O)c1cccc(-c2ccc3c(N4C5CCC4COC5)nc(N4C[C@@H](C)O[C@@H](C)C4)nc3n2)c1,1,IC50,7.03,1,CHEMBL5993737
CNC(=O)c1cccc(-c2ccc3c(N4CC5CCC(C4)O5)nc(N4CCOC[C@@H]4C)nc3n2)c1,1,IC50,7.19,1,CHEMBL5998739
CNC(=O)c1cccc(-c2ccc3c(N4CC5CCC(C4)O5)nc(N4C5CCC4COC5)nc3n2)c1,1,IC50,7.15,1,CHEMBL5800862
Cc1ccc(S(=O)(=O)NCC2(C)COC2)cc1-c1cncc(-c2cn(C)nc2C)n1,1,IC50,6.05,1,CHEMBL6019378
Cc1ccc(S(=O)(=O)NC2CC3(CC(O)C3)C2)cc1-c1cncc(-c2cn(C)nc2C)n1,1,IC50,6.11,1,CHEMBL5944237
C=CC(=O)Nc1cc(-n2c(=O)ccc3cnc4ccc(-c5ccccc5)cc4c32)ccc1C,1,IC50,6.68,1,CHEMBL4162994
C=CC(=O)N1CCc2ccc(-n3c(=O)ccc4cnc5ccc(-c6ccc(S(=O)(=O)NC(C)(C)C)cc6)cc5c43)cc21,1,IC50,6.27,1,CHEMBL4068097
C=CC(=O)Nc1cc(-n2c(=O)ccc3cnc4ccc(-c5ccc(NS(C)(=O)=O)cc5)cc4c32)ccc1C,1,IC50,6.49,1,CHEMBL4091991
C=CC(=O)N1CCc2ccc(-n3c(=O)ccc4cnc5ccc(-c6ccc(N7CCN(C)CC7)cc6)cc5c43)cc21,1,IC50,6.29,1,CHEMBL4175202
C=CC(=O)Nc1cc(-n2c(=O)ccc3cnc4ccc(-c5ccc6c(c5)OCCO6)cc4c32)ccc1C,1,IC50,6.19,1,CHEMBL4163217
C=CC(=O)Nc1cc(-n2c(=O)ccc3cnc4ccc(-c5cnn(C)c5)cc4c32)ccc1C,1,IC50,6.76,1,CHEMBL4098453
C=CC(=O)Nc1cc(-n2c(=O)ccc3cnc4ccc(-c5ccc(N)nc5)cc4c32)ccc1C,1,IC50,7.77,1,CHEMBL4077107
C=CC(=O)Nc1cc(-n2c(=O)ccc3cnc4ccc(-c5cn[nH]c5)cc4c32)ccc1C,1,IC50,7.66,1,CHEMBL4075449
C=CC(=O)Nc1cccc(-n2c(=O)ccc3cnc4ccc(-c5ccc(N)nc5)cc4c32)c1,1,IC50,7.72,1,CHEMBL4166849
C=CC(=O)Nc1cccc(-n2c(=O)ccc3cnc4ccc(-c5cn[nH]c5)cc4c32)c1,1,IC50,7.39,1,CHEMBL4161110
C=CC(=O)Nc1cc(-n2c(=O)ccc3cnc4ccc(-c5ccsc5)cc4c32)ccc1C,1,IC50,6.43,1,CHEMBL4173695
C=CC(=O)Nc1cc(-n2c(=O)ccc3cnc4ccc(-c5cccnc5)cc4c32)ccc1C,1,IC50,9.0,1,CHEMBL4163399
C=CC(=O)N1CCc2ccc(-n3c(=O)ccc4cnc5ccc(-c6cnc7ccccc7c6)cc5c43)cc21,1,IC50,7.23,1,CHEMBL4171756
C=CC(=O)N1CCc2ccc(-n3c(=O)ccc4cnc5ccc(-c6ccc(N)nc6)cc5c43)cc21,1,IC50,7.01,1,CHEMBL4161149
C=CC(=O)N1CCc2ccc(-n3c(=O)ccc4cnc5ccc(-c6cn[nH]c6)cc5c43)cc21,1,IC50,6.68,1,CHEMBL4160923
C=CC(=O)Nc1cc(-n2c(=O)ccc3cnc4ccc(-c5cnc6ccccc6c5)cc4c32)ccc1C,1,IC50,7.5,1,CHEMBL4071759
COc1cc2ncc3c(c2cc1-c1cnn(C)c1)n(-c1ncc(F)cc1F)c(=O)n3C,0,IC50 (>),4.52,3,CHEMBL5876579
COc1cc2ncc3c(c2cc1-c1cn(C)nc1C)n(-c1c(F)cncc1OC)c(=O)n3C,0,IC50 (>),4.52,3,CHEMBL5314413
COc1cc2ncc3c(c2cc1-c1cnn(C)c1)n(-c1cn(C)nc1C)c(=O)n3C,0,IC50 (>),4.52,3,CHEMBL5878732
COc1cc2ncc3c(c2cc1-c1cn[nH]c1)n(-c1ncc(F)cc1F)c(=O)n3C,0,IC50 (>),4.52,3,CHEMBL6064766
COc1cc2ncc3c(c2cc1-c1cn[nH]c1)n(-c1ncccc1F)c(=O)n3C,0,IC50 (>),4.52,3,CHEMBL6050465
COc1cc2ncc3c(c2cc1-c1cn[nH]c1)n(-c1ccncc1F)c(=O)n3C,0,IC50 (>),5.0,3,CHEMBL5972550
COc1cc2ncc3c(c2cc1-c1cn(C)nc1C)n(-c1cn(C)nc1C)c(=O)n3C,0,IC50 (>),4.52,3,CHEMBL6023107
COc1cc2ncc3c(c2cc1-c1cn(C)nc1C)n(-c1ncc(F)cc1F)c(=O)n3C,0,IC50 (>),4.52,3,CHEMBL5839869
CCc1cncc(F)c1-n1c(=O)n(C)c2cnc3cc(OC)c(-c4cnn(C)c4)cc3c21,0,IC50 (>),4.52,3,CHEMBL5754665
CCn1cc(-c2cc3c(cc2OC)ncc2c3n(-c3c(F)cncc3OC)c(=O)n2C)cn1,0,IC50 (>),5.0,3,CHEMBL5929497
COc1cc2ncc3c(c2cc1-c1cnn(C)c1)n(-c1ncccc1F)c(=O)n3C,0,IC50 (>),4.52,3,CHEMBL6045408
COc1cc2ncc3c(c2cc1-c1cnn(C)c1)n(-c1c(F)cncc1OC)c(=O)n3C,0,IC50 (>),4.52,3,CHEMBL5741616
COc1cc2ncc3c(c2cc1-c1cn(C)nc1C)n(-c1ncccc1F)c(=O)n3C,0,IC50 (>),4.52,3,CHEMBL6064594
COc1cc2ncc3c(c2cc1-c1cn[nH]c1)n(-c1cnn(C)c1)c(=O)n3C,0,IC50 (>),5.0,3,CHEMBL5882576
COc1cc2ncc3c(c2cc1-c1cn[nH]c1)n(-c1ncc(C)cc1F)c(=O)n3C,0,IC50 (>),4.52,3,CHEMBL5983965
COc1cc2ncc3c(c2cc1-c1cnn(C)c1)n(-c1c(F)cncc1F)c(=O)n3C,0,IC50 (>),4.52,3,CHEMBL5828309
COc1cc2ncc3c(c2cc1-c1cnn(C)c1)n(-c1cnn(C)c1)c(=O)n3C,0,IC50 (>),4.7,2,CHEMBL5761581
CCn1cc(-c2cc3c(cc2OC)ncc2c3n(-c3ncccc3F)c(=O)n2C)cn1,0,IC50 (>),4.52,3,CHEMBL5957736
CCc1cncc(F)c1-n1c(=O)n(C)c2cnc3cc(OC)c(-c4cnn(CC)c4)cc3c21,0,IC50 (>),4.52,3,CHEMBL5824992
CCn1cc(-c2cc3c(cc2OC)ncc2c3n(-c3c(F)cncc3F)c(=O)n2C)cn1,0,IC50 (>),4.52,3,CHEMBL5823094
COc1cc2ncc3c(c2cc1-c1cnn(C)c1)n(-c1ncc(C)cc1F)c(=O)n3C,0,IC50 (>),4.52,3,CHEMBL5961467
COc1cc2ncc3c(c2cc1-c1cnn(C)c1)n(-c1ccncc1OC)c(=O)n3C,0,IC50 (>),4.52,3,CHEMBL5818056
COc1cc2ncc3c(c2cc1-c1cc(C)[nH]n1)n(-c1ncccc1F)c(=O)n3C,0,IC50 (>),4.52,3,CHEMBL5999541
COc1cc2ncc3c(c2cc1-c1cn[nH]c1)n(-c1csc(C)n1)c(=O)n3C,0,IC50 (>),4.52,3,CHEMBL5996782
COc1cc2ncc3c(c2cc1-c1cnn(C)c1)n(-c1ncncc1F)c(=O)n3C,0,IC50 (>),4.52,3,CHEMBL5960109
COc1cc2ncc3c(c2cc1-c1cn[nH]c1)n(-c1ccncc1OC)c(=O)n3C,0,IC50 (>),5.0,3,CHEMBL5895323
CCn1cc(-c2cc3c(cc2OC)ncc2c3n(-c3ccncc3F)c(=O)n2C)cn1,0,IC50 (>),4.52,3,CHEMBL5891416
CCn1cc(-c2cc3c(cc2OC)ncc2c3n(-c3ccncc3C)c(=O)n2C)cn1,0,IC50 (>),4.52,3,CHEMBL5851622
COc1cc2ncc3c(c2cc1-c1cnn(C)c1)n(-c1ccncc1F)c(=O)n3C,0,IC50 (>),4.52,3,CHEMBL5819504
COc1cc2ncc3c(c2cc1-c1cnn(C)c1)n(-c1ncc(F)cn1)c(=O)n3C,0,IC50 (>),4.52,3,CHEMBL6052987
COc1cc2ncc3c(c2cc1-c1cn[nH]c1)n(-c1cnn(C2CCOCC2)c1)c(=O)n3C,0,IC50 (>),5.0,3,CHEMBL5822560
CCn1cc(-c2cc3c(cc2OC)ncc2c3n(-c3c(C)cncc3F)c(=O)n2C)cn1,0,IC50 (>),4.52,3,CHEMBL6052830
COc1cc2ncc3c(c2cc1-c1cn(C)nc1C)n(-c1c(C)cncc1F)c(=O)n3C,0,IC50 (>),4.52,3,CHEMBL5985150
COc1cc2ncc3c(c2cc1-c1cnn(C)c1)n(-c1ccncc1C)c(=O)n3C,0,IC50 (>),4.52,3,CHEMBL6064112
COc1cc2ncc3c(c2cc1-c1cn[nH]c1)n(-c1ccnn1C)c(=O)n3C,0,IC50 (>),5.0,3,CHEMBL5843736
COc1cc2ncc3c(c2cc1-c1cnn(C)c1)n(-c1c[nH]nc1C)c(=O)n3C,0,IC50 (>),4.52,3,CHEMBL6061417
COc1cc2ncc3c(c2cc1-c1cnn(C)c1)n(-c1c(F)cncc1C#N)c(=O)n3C,0,IC50 (>),4.52,3,CHEMBL5950489
COc1cc2ncc3c(c2cc1-c1cnn(C)c1)n(-c1ccnc(C#N)c1)c(=O)n3C,0,IC50 (>),4.52,3,CHEMBL5746778
COc1cc2ncc3c(c2cc1-c1cnn(C)c1)n(-c1ccncc1C#N)c(=O)n3C,0,IC50 (>),4.52,3,CHEMBL5970656
COc1cc2ncc3c(c2cc1-c1cnn(C)c1)n(-c1nccs1)c(=O)n3C,0,IC50 (>),4.52,3,CHEMBL6064790
COc1cc2ncc3c(c2cc1-c1cnn(C)c1)n(-c1ccnn1C)c(=O)n3C,0,IC50 (>),4.52,3,CHEMBL5794099
COc1cc2ncc3c(c2cc1-c1cn(C)nn1)n(-c1ncccc1F)c(=O)n3C,0,IC50 (>),4.52,3,CHEMBL5759533
COc1cc2ncc3c(c2cc1-c1cnn(C)c1)n(-c1cn[nH]c1)c(=O)n3C,0,IC50 (>),4.52,3,CHEMBL5796990
CCc1cncc(C)c1-n1c(=O)n(C)c2cnc3cc(OC)c(-c4cnn(C)c4)cc3c21,0,IC50 (>),4.52,3,CHEMBL6034556
COc1cc2ncc3c(c2cc1-c1cnn(C)c1)n(-c1cnn(C2CCOCC2)c1)c(=O)n3C,0,IC50 (>),4.52,3,CHEMBL5992710
COc1cc2ncc3c(c2cc1-c1cnn(C)c1)n(-c1cncnc1)c(=O)n3C,0,IC50 (>),4.52,3,CHEMBL5886920
COc1cc2ncc3c(c2cc1-c1cnn(C)c1)n(-c1ccncc1)c(=O)n3C,0,IC50 (>),4.52,3,CHEMBL5905899
COc1cc2ncc3c(c2cc1-c1cnn(C)c1)n(-c1cn(C)cn1)c(=O)n3C,0,IC50 (>),4.52,3,CHEMBL6033781
COc1cc2ncc3c(c2cc1-c1cnn(C)c1)n(-c1ccncc1Cl)c(=O)n3C,0,IC50 (>),4.52,3,CHEMBL5784358
CCc1cncc(C)c1-n1c(=O)n(C)c2cnc3cc(OC)c(-c4cnn(CC)c4)cc3c21,0,IC50 (>),4.52,3,CHEMBL5773833
CCn1cc(-c2cc3c(cc2OC)ncc2c3n(-c3ccncc3)c(=O)n2C)cn1,0,IC50 (>),4.52,3,CHEMBL5777513
Nc1nc2cc(-c3nn(CC4SSCC4OC(=O)c4ccccc4)c4ncnc(N)c34)ccc2o1,1,IC50,7.28,1,CHEMBL5865711
Nc1ncc(-c2cc(N3CCOCC3)cc(S(=O)(=O)c3ccc(F)cc3)c2)cn1,1,IC50,6.08,1,CHEMBL5961664
N#Cc1ccc(S(=O)(=O)c2cc(-c3cnc(N)nc3)cc(N3CCOCC3)c2)cc1,1,IC50,6.19,1,CHEMBL5947627
Nc1ncc(-c2cc(N3CCOCC3)cc(S(=O)(=O)c3ccc(F)c(Cl)c3)c2)cn1,0,IC50,4.66,1,CHEMBL5990361
Cc1cnccc1-c1cc(N2CCOCC2)cc(S(=O)(=O)c2ccccc2)c1,0,IC50,4.0,1,CHEMBL5954830
Nc1ncc(-c2cc(N3CCOCC3)cc(S(=O)(=O)c3ccc(OC(F)(F)F)cc3)c2)cn1,0,IC50,4.66,1,CHEMBL5831870
N#Cc1ccc(S(=O)(=O)c2cc(-c3cnc(N)nc3C(F)(F)F)cc(N3CCOCC3)c2)cc1,0,IC50,4.0,1,CHEMBL5926148
N#Cc1ccc(S(=O)(=O)c2cc(-c3cnc(N)cc3C(F)(F)F)cc(N3CCOCC3)c2)cc1,0,IC50,4.0,1,CHEMBL5802550
O=S(=O)(c1ccccc1)c1cc(-c2cnc(NCCO)nc2)cc(N2CCOCC2)c1,0,IC50,4.8,1,CHEMBL5810992
N#Cc1cccc(CS(=O)(=O)c2cc(-c3cnc(N)nc3)cc(N3CCOCC3)c2)c1,0,IC50,4.96,1,CHEMBL5752575
Nc1ncc(-c2cc(N3CCOCC3)cc(S(=O)(=O)Cc3ccc(F)cc3)c2)cn1,0,IC50,4.96,1,CHEMBL6023462
CC(=O)Nc1ncc(-c2cc(N3CCOCC3)cc(S(=O)(=O)c3ccccc3)c2)cn1,0,IC50,4.96,1,CHEMBL5754702
Nc1cc(C(F)(F)F)c(-c2cc(N3CCOCC3)cc(S(=O)(=O)Cc3ccccc3)c2)cn1,0,IC50 (>),4.48,1,CHEMBL5860114
O=S(=O)(Cc1ccccc1)c1cc(-c2cnc(NCCO)nc2)cc(N2CCOCC2)c1,0,IC50,4.91,1,CHEMBL5846485
Nc1ncc(-c2cc(N3CCOCC3)cc(S(=O)(=O)C3CCOC3)c2)cn1,1,IC50,6.34,1,CHEMBL5751880
Nc1ncc(-c2cc(N3CCOCC3)cc(S(=O)(=O)[C@@H]3CCOC3)c2)cn1,1,IC50,6.14,1,CHEMBL5762998
Nc1ncc(-c2cc(N3CCOCC3)cc(S(=O)(=O)[C@H]3CCOC3)c2)cn1,1,IC50,6.27,1,CHEMBL5885350
CC(C)(C)OC(=O)N1CC(S(=O)(=O)c2cc(-c3cnc(N)nc3)cc(N3CCOCC3)c2)C1,1,IC50,6.23,1,CHEMBL5970737
CCNC(=O)N1CC(S(=O)(=O)c2cc(-c3cnc(N)nc3)cc(N3CCOCC3)c2)C1,1,IC50,6.06,1,CHEMBL5912232
Nc1ncc(-c2cc(S(=O)(=O)c3ccccc3)cc(N3CCOCC3)n2)cn1,1,IC50,7.2,1,CHEMBL5853550
Nc1ncc(-c2cc(Oc3ccccc3)cc(N3CCOCC3)n2)cn1,1,IC50,6.32,1,CHEMBL5905770
Nc1ncc(-c2cc(C(=O)c3ccccc3)cc(N3CCOCC3)n2)cn1,1,IC50,6.29,1,CHEMBL5793746
Nc1ncc(-c2cc(C(F)(F)c3ccccc3)cc(N3CCOCC3)n2)cn1,1,IC50,6.25,1,CHEMBL5821158
CC(c1ccccc1)c1cc(-c2cnc(N)nc2)nc(N2CCOCC2)c1,1,IC50,6.57,1,CHEMBL6022979
Nc1ncc(-c2cc(C3(c4ccccc4)CC3)cc(N3CCOCC3)n2)cn1,1,IC50,6.89,1,CHEMBL5857695
Nc1ncc(-c2cc(C(=O)C3CCOCC3)cc(N3CCOCC3)n2)cn1,1,IC50,6.23,1,CHEMBL6005316
Nc1ncc(-c2cc(C(F)(F)C3CCOCC3)cc(N3CCOCC3)n2)cn1,1,IC50,6.36,1,CHEMBL6010446
Nc1ncc(-c2cc(Oc3ccccc3Cl)cc(N3CCOCC3)n2)cn1,1,IC50,6.35,1,CHEMBL5848864
COc1ccccc1Oc1cc(-c2cnc(N)nc2)nc(N2CCOCC2)c1,1,IC50,6.16,1,CHEMBL5767540
Cc1ccccc1Oc1cc(-c2cnc(N)nc2)nc(N2CCOCC2)c1,1,IC50,6.43,1,CHEMBL5914799
Nc1nc2cc(-c3ccc4ncc(N5CCN(C(=O)[C@@H]6CCCN6)CC5)nc4c3)ccc2o1,0,IC50 (>),5.0,1,CHEMBL5876711
COc1cc2ncc3c(c2cc1-c1cn(C)nc1C)n(-c1cnn(C)c1)c(=O)n3C,0,IC50 (>),4.7,1,CHEMBL6025598
Cc1cc(C(C)Nc2ccccc2C(=O)O)c2oc(N3CCC(C)(C)CC3)cc(=O)c2c1,0,IC50 (>),5.0,1,CHEMBL5779239
O=C1NC(=S)S/C1=C\c1cnn(-c2ccccc2)c1,1,IC50,7.62,2,CHEMBL5220430
O=C1NC(=S)S/C1=C\c1cnn(-c2ccccc2F)c1,1,IC50,6.91,1,CHEMBL5901503
O=C1NC(=S)S/C1=C\c1cnn(-c2cccc(F)c2)c1,1,IC50,7.04,1,CHEMBL5802272
O=C1NC(=S)S/C1=C\c1cnn(-c2ccc(F)cc2)c1,1,IC50,7.07,1,CHEMBL5219303
O=C1NC(=S)S/C1=C\c1cnn(-c2ccccc2Cl)c1,1,IC50,6.79,1,CHEMBL5910522
O=C1NC(=S)S/C1=C\c1cnn(-c2ccc(Cl)cc2)c1,1,IC50,7.16,1,CHEMBL5220839
CC(C)c1ccc(-n2cc(/C=C3\SC(=S)NC3=O)cn2)cc1,1,IC50,7.05,1,CHEMBL5808850
COc1ccccc1-n1cc(/C=C2\SC(=S)NC2=O)cn1,1,IC50,7.03,1,CHEMBL5934179
O=C1NC(=S)S/C1=C\c1cnn(-c2ccccn2)c1,1,IC50,7.05,1,CHEMBL5941763
O=C1NC(=S)S/C1=C\c1cnn(-c2cccnc2)c1,1,IC50,7.06,1,CHEMBL5219526
Cc1c(/C=C2\SC(=S)NC2=O)cnn1-c1ccccc1,1,IC50,7.1,1,CHEMBL5219111
O=C1NC(=O)/C(=C/c2cnn(-c3ccccc3)c2)S1,1,IC50,6.97,1,CHEMBL5804023
O=C1NC(=O)/C(=C/c2cnn(-c3cccnc3)c2)S1,1,IC50,7.03,1,CHEMBL5927945
O=C1NC(=S)S/C1=C\c1ccn(-c2ccccn2)n1,1,IC50,7.08,1,CHEMBL5220851
O=C1NC(=S)S/C1=C\c1ccn(-c2cccnc2)n1,1,IC50,6.99,1,CHEMBL5945572
O=C1NC(=O)/C(=C/c2ccn(-c3ccccn3)n2)S1,1,IC50,6.67,1,CHEMBL5755156
O=C1NC(=O)/C(=C/c2ccn(-c3ccncc3)n2)S1,1,IC50,7.03,1,CHEMBL6022650
C[C@@H]1COCCN1c1cc(N2CCCN(C)S2(=O)=O)nc(-c2ccnc3[nH]ccc23)n1,1,IC50,7.09,2,CHEMBL5764347
C[C@@H]1COCCN1c1cc(C2CCCS2(=O)=O)nc(-c2ccnc3[nH]ccc23)n1,1,IC50,6.56,1,CHEMBL5841983
C[C@@H]1COCCN1c1cc(C2CCN(S(C)(=O)=O)CC2)nc(-c2ccnc3[nH]ccc23)n1,1,IC50,6.66,2,CHEMBL5914495
C[C@@H]1COCCN1c1cc(C2CCCN(S(C)(=O)=O)C2)nc(-c2ccnc3[nH]ccc23)n1,1,IC50,6.95,1,CHEMBL5852202
C[C@@H]1COCCN1c1cc(N=S(C)(C)=O)nc(-c2ccnc3[nH]ccc23)n1,1,IC50,6.38,1,CHEMBL5790125
CC[S@](C)(=O)=Nc1cc(N2CCOC[C@H]2C)nc(-c2ccnc3[nH]ccc23)n1,1,IC50,6.05,1,CHEMBL5739728
C[C@@H]1COCCN1c1cc(N=[S@@](C)(=O)C2CC2)nc(-c2ccnc3[nH]ccc23)n1,1,IC50,6.78,1,CHEMBL5829979
C[C@@H]1COCCN1c1cc(N=[S@](C)(=O)C2CC2)nc(-c2ccnc3[nH]ccc23)n1,1,IC50,6.49,1,CHEMBL5957036
C[C@@H]1COCCN1c1cc(N=S(C)(=O)C2COC2)nc(-c2ccnc3[nH]ccc23)n1,1,IC50,6.51,1,CHEMBL5988732
Cc1cc2c(-c3nc(N=S(C)(C)=O)cc(N4CCOC[C@H]4C)n3)ccnc2[nH]1,1,IC50,6.3,1,CHEMBL5843392
C[C@@H]1COCCN1c1cc(N=S(C)(C)=O)nc(-c2cncc3[nH]ccc23)n1,1,IC50,7.04,2,CHEMBL6057514
COc1cc(-c2nc(N=[S@@](C)(=O)C3CC3)cc(N3CCOC[C@H]3C)n2)cc(N)n1,1,IC50,6.06,1,CHEMBL6022293
COc1cc(-c2nc(N=[S@@](C)(=O)C3COC3)cc(N3CCOC[C@H]3C)n2)cc(N)n1,1,IC50,6.38,1,CHEMBL5973477
C[C@@H]1COCCN1c1cc(N=[S@@](C)(=O)C2CC2)nc(-c2ccnc(N)c2)n1,1,IC50,6.01,1,CHEMBL5505926
C[C@@H]1COCCN1c1cc(-c2ccnc3[nH]ccc23)nc(N=S(C)(C)=O)n1,0,IC50 (>),5.0,1,CHEMBL6146444
C[C@@H]1COCCN1c1cc(N=S(C)(C)=O)nc(-c2ccnc(N)c2)n1,0,IC50,4.81,1,CHEMBL5871283
Cc1cc(-c2nc(N=S(C)(C)=O)cc(N3CCOC[C@H]3C)n2)cc(N)n1,0,IC50 (>),5.0,1,CHEMBL5907213
C[C@@H]1COCCN1c1cc(N=S(C)(C)=O)nc(-c2ccnc(N)c2)c1,0,IC50 (>),5.0,1,CHEMBL5815293
CS(=O)(=O)N1CCN(Cc2ccc(-c3nc(-c4ccc(NC(=O)Nc5cccnc5)cc4)nc(N4CCOCC4)n3)s2)CC1,1,IC50,7.22,1,CHEMBL6161031
CN1CCN(C(=O)c2ccc(NC(=S)Nc3ccc(-c4nc(N5CCOCC5)nc(N5CCOCC5)n4)cc3)cc2)CC1,1,IC50,6.89,1,CHEMBL6164049
O=C(c1ccc(NC(=S)Nc2ccc(-c3nc(N4CCOCC4)nc(N4CCOCC4)n3)cc2)cc1)N1CCC[C@H]1CO,1,IC50,7.61,1,CHEMBL6173397
O=C(Nc1ccc(C(=O)N2CCC[C@H]2CO)cc1)Nc1ccc(-c2nc(N3CCOCC3)nc(N3CCOCC3)n2)cc1,1,IC50,8.54,1,CHEMBL6159961
O=C(Nc1ccc(C(=O)N2CCC[C@@H]2CO)cc1)Nc1ccc(-c2nc(N3CCOCC3)nc(N3CCOCC3)n2)cc1,1,IC50,8.31,1,CHEMBL6174887
CN1CCN(CCC(=O)Nc2ccc3c(c2)Sc2cccc(-c4cc(=O)cc(N5CCOCC5)o4)c2S3)CC1,0,IC50 (>),5.0,1,CHEMBL4159350
C[C@@H]1COCCN1c1cc([C@]2(O)C[C@H]3CC[C@@H](C2)O3)c2cnn(-c3cc[nH]n3)c2n1,1,IC50,6.92,1,CHEMBL5095260
O=C(Nc1ccc(-c2cc(N3CCOCC3)c3nc(N4CCOCC4)sc3c2)cc1)Nc1cccnc1,0,IC50,4.4,1,CHEMBL6175619
Nc1nc2cc(-c3nn(Cc4ccc(C(F)(F)F)nc4)c4ncnc(N)c34)ccc2o1,1,IC50,7.85,1,CHEMBL6159621
Nc1nc2cc(-c3nn(Cc4ccc(Cl)nc4)c4ncnc(N)c34)ccc2o1,1,IC50,8.3,1,CHEMBL6176228
Nc1nc2cc(-c3nn(Cc4ccc(F)nc4)c4ncnc(N)c34)ccc2o1,1,IC50,9.0,1,CHEMBL6162604
Cn1cc(-c2nc(N3CCOCC3)c3sc(CN4CCC(C(C)(C)O)CC4)cc3n2)c2cc[nH]c2c1=O,0,IC50 (>),5.0,1,CHEMBL6169467
CCOc1cc(/C=N/Nc2nc(-c3cccc([N+](=O)[O-])c3)cs2)ccc1O,1,IC50,6.66,1,CHEMBL6190734
O=[N+]([O-])c1cc(/C=N/Nc2nc(-c3ccc(Cl)cc3)cs2)ccc1Cl,1,IC50,6.05,1,CHEMBL6190906
