smiles,label,type,pChEMBL,n_records,chembl_ids
CC[C@H](C)[C@H](NC(=O)OCc1ccccc1)C(=O)N[C@@H](CCC(=O)NC(C)(C)CC)C(=O)N[C@@H](C)C(=O)N[C@H](/C=C/S(C)(=O)=O)CC(C)C,1,IC50,8.62,1,CHEMBL381735
CC(=O)N[C@@H](CCC(=O)OC(C)(C)C)C(=O)N[C@@H](C)C(=O)N[C@H](/C=C/S(C)(=O)=O)CC(C)C,1,IC50,6.58,1,CHEMBL383529
COC[C@H](NC(=O)[C@H](CC(=O)NCC(C)(C)C)NS(=O)(=O)c1ccc(C)cc1)C(=O)N[C@@H](CC(C)C)C(=O)c1nnc(-c2ccccc2)o1,1,Ki,9.14,1,CHEMBL377532
CC(C)C[C@@H](/C=C/S(C)(=O)=O)NC(=O)[C@H](C)NC(=O)[C@H](CCC(=O)OC(C)(C)C)NC(=O)c1ccccc1,1,IC50,7.77,1,CHEMBL207336
CC(C)C[C@@H](/C=C/S(C)(=O)=O)NC(=O)[C@H](C)NC(=O)[C@H](CCC(=O)OC(C)(C)C)NC(=O)OCc1ccccc1,1,IC50,8.21,1,CHEMBL208015
CC(C)C[C@@H](/C=C/S(C)(=O)=O)NC(=O)CNC(=O)[C@H](CCC(=O)OC(C)(C)C)NC(=O)OCc1ccccc1,1,IC50,6.77,1,CHEMBL208019
Cc1ccc(S(=O)(=O)N[C@@H](CC(=O)NCC(C)(C)C)C(=O)N[C@@H](C)C(=O)NC(C)(C)C(=O)c2nnc(-c3ccccc3)o2)cc1,1,Ki,6.89,1,CHEMBL205687
CC[C@H](C)[C@H](NC(=O)OCc1ccccc1)C(=O)N[C@@H](CCC(=O)OC(C)(C)C)C(=O)N[C@@H](C)C(=O)N[C@H](/C=C/S(C)(=O)=O)CC(C)C,1,IC50,8.6,1,CHEMBL207162
CC(C)C[C@@H](/C=C/S(C)(=O)=O)NC(=O)[C@H](CO)NC(=O)[C@H](CCC(=O)OC(C)(C)C)NC(=O)OCc1ccccc1,1,IC50,8.54,1,CHEMBL206206
CC(C)C[C@@H](/C=C/S(C)(=O)=O)NC(=O)[C@H](CO)NC(=O)[C@H](CCC(=O)OC(C)(C)C)NS(=O)(=O)c1ccccc1,1,IC50,8.96,1,CHEMBL204992
Cc1ccc(S(=O)(=O)N[C@@H](CCC(=O)OC(C)(C)C)C(=O)N[C@@H](C)C(=O)N[C@H](/C=C/S(C)(=O)=O)CC(C)C)cc1,1,IC50,8.68,1,CHEMBL207016
CC(C)C[C@@H](/C=C/S(C)(=O)=O)NC(=O)[C@H](C)NC(=O)[C@H](CCC(=O)OC(C)(C)C)NC(=O)C(c1ccccc1)c1ccccc1,1,IC50,8.17,1,CHEMBL376815
CC(C)C[C@@H](/C=C/S(C)(=O)=O)NC(=O)[C@H](CO)NC(=O)[C@H](CC(N)C(=O)OC(C)(C)C)NC(=O)OCc1ccccc1,1,IC50,6.37,1,CHEMBL381884
COC[C@H](NC(=O)[C@H](CC(=O)NCC(C)(C)C)NS(=O)(=O)c1ccc(C)cc1)C(=O)N[C@@H](CC(C)C)C(=O)c1nnc(-c2ccc(N(C)C)cc2)o1,1,Ki,9.3,1,CHEMBL207598
CC(=O)N[C@@H](CCC(=O)OCc1ccccc1)C(=O)N[C@@H](C)C(=O)N[C@H](/C=C/S(C)(=O)=O)CC(C)C,0,IC50,4.68,1,CHEMBL207394
CC(C)C[C@H](NC(=O)[C@H](C)NC(=O)[C@H](CC(=O)NCC(C)(C)C)NS(=O)(=O)N(C)C)C(=O)c1nnc(C(C)C)o1,1,Ki,7.42,1,CHEMBL383122
Cc1ccc(S(=O)(=O)N[C@@H](CC(=O)NCC(C)(C)C)C(=O)N[C@@H](C)C(=O)N[C@@H](CC(C)C)C(=O)c2nnc(-c3ccc(N(C)C)cc3)o2)cc1,1,Ki,9.29,1,CHEMBL205757
COC[C@H](NC(=O)[C@H](COCc1ccccc1)NS(=O)(=O)c1ccc(C)cc1)C(=O)N[C@@H](CC(C)C)C(=O)c1nnc(-c2ccccc2)o1,1,Ki,7.5,1,CHEMBL207425
CC[C@H](C)[C@H](NC(=O)OCc1ccccc1)C(=O)N[C@@H](CCCC(=O)OC(C)(C)C)C(=O)N[C@@H](C)C(=O)N[C@H](/C=C/S(C)(=O)=O)CC(C)C,1,IC50,7.62,1,CHEMBL207196
CC[C@H](C)[C@H](NC(=O)OCc1ccccc1)C(=O)N[C@@H](CCC(=O)OC1CCCCC1)C(=O)N[C@@H](C)C(=O)N[C@H](/C=C/S(C)(=O)=O)CC(C)C,1,IC50,8.0,1,CHEMBL207669
CC(C)C[C@@H](/C=C/S(C)(=O)=O)NC(=O)[C@H](C)NC(=O)[C@H](CC(=O)N[C@H](C(=O)OC(C)(C)C)C(C)(C)C)NC(=O)OCc1ccccc1,1,IC50,6.27,1,CHEMBL383673
Cc1ccc(S(=O)(=O)N[C@@H](COCc2ccccc2C)C(=O)N[C@@H](C)C(=O)N[C@@H](CC(C)C)C(=O)c2nnc(-c3ccccc3)o2)cc1,1,Ki,7.35,1,CHEMBL437311
Cc1ccc(S(=O)(=O)N[C@@H](COCc2cccc(Cl)c2)C(=O)N[C@@H](C)C(=O)N[C@@H](CC(C)C)C(=O)c2nnc(-c3ccccc3)o2)cc1,1,Ki,6.85,1,CHEMBL381931
Cc1ccc(COC[C@H](NS(=O)(=O)c2ccc(C)cc2)C(=O)N[C@@H](C)C(=O)N[C@@H](CC(C)C)C(=O)c2nnc(-c3ccccc3)o2)cc1,1,Ki,6.3,1,CHEMBL379476
CC[C@H](C)[C@H](NC(=O)[C@H]([C@@H](C)CC)N(C)C(C)=O)C(=O)N[C@H](C(=O)N[C@@H](CC(C)C)C(=O)[C@@]1(C)CO1)[C@@H](C)O,1,IC50,8.43,3,CHEMBL207990
CC(=O)N[C@@H](CCc1ccccc1)C(=O)N[C@@H](CC(C)C)C(=O)N[C@@H](C)C(=O)N[C@H](/C=C/S(C)(=O)=O)CC(C)C,1,IC50,6.92,1,CHEMBL207579
CC(=O)N[C@@H](CCc1ccccc1)C(=O)N[C@@H](CC(C)C)C(=O)N[C@H](C)C(=O)N[C@H](/C=C/S(C)(=O)=O)CC(C)C,0,IC50,4.25,1,CHEMBL438442
CC(=O)N[C@@H](CCc1ccccc1)C(=O)N[C@@H](CC(C)C)C(=O)N[C@@H](Cc1ccccc1)C(=O)N[C@H](/C=C/S(C)(=O)=O)CC(C)C,1,IC50,7.46,1,CHEMBL379669
CC[C@H](C)[C@H](NC(=O)OCc1ccccc1)C(=O)N[C@@H](CC(C)C)C(=O)N[C@@H](C)C(=O)N[C@H](/C=C/S(C)(=O)=O)CC(C)C,1,IC50,7.16,1,CHEMBL207403
CC[C@H](C)[C@H](NC(=O)OCc1ccccc1)C(=O)N[C@@H](Cc1ccccc1)C(=O)N[C@@H](C)C(=O)N[C@H](/C=C/S(C)(=O)=O)CC(C)C,1,IC50,6.34,1,CHEMBL207284
CC[C@H](C)[C@H](NC(=O)OCc1ccccc1)C(=O)N[C@@H](CCC(=O)NCC(C)(C)C)C(=O)N[C@@H](C)C(=O)N[C@H](/C=C/S(C)(=O)=O)CC(C)C,1,IC50,7.31,1,CHEMBL378901
CC[C@H](C)[C@H](NC(=O)OCc1ccccc1)C(=O)N[C@@H](CCc1ccccc1)C(=O)N[C@@H](C)C(=O)N[C@H](/C=C/S(C)(=O)=O)CC(C)C,1,IC50,7.57,1,CHEMBL446443
CC[C@H](C)[C@H](NC(=O)OCc1ccccc1)C(=O)N[C@@H](C/C=C/c1ccccc1)C(=O)N[C@@H](C)C(=O)N[C@H](/C=C/S(C)(=O)=O)CC(C)C,1,IC50,7.36,1,CHEMBL208159
CC[C@H](C)[C@H](NC(=O)OCc1ccccc1)C(=O)N[C@@H](COCc1ccccc1)C(=O)N[C@@H](C)C(=O)N[C@H](/C=C/S(C)(=O)=O)CC(C)C,1,IC50,7.31,1,CHEMBL379772
Cc1ccc(S(=O)(=O)N[C@@H](CC(=O)NCC(C)(C)C)C(=O)N[C@@H](C)C(=O)N[C@H](/C=C/S(C)(=O)=O)CC(C)C)cc1,1,IC50,8.37,1,CHEMBL206001
Cc1ccc(S(=O)(=O)N[C@@H](CC(=O)NCC(C)(C)C)C(=O)N[C@@H](CO)C(=O)N[C@H](/C=C/S(C)(=O)=O)CC(C)C)cc1,1,IC50,8.23,1,CHEMBL204946
Cc1ccc(S(=O)(=O)N[C@@H](CC(=O)NCC(C)(C)C)C(=O)NC(C)(C)C(=O)N[C@H](/C=C/S(C)(=O)=O)CC(C)C)cc1,0,IC50,4.55,1,CHEMBL208372
CC(C)C[C@H](NC(=O)[C@H](C)NC(=O)[C@H](CC(=O)NCC(C)(C)C)NS(C)(=O)=O)C(=O)c1nnc(-c2ccccc2)o1,1,Ki,8.24,1,CHEMBL207160
Cc1cccc(S(=O)(=O)N[C@@H](CC(=O)NCC(C)(C)C)C(=O)N[C@@H](C)C(=O)N[C@@H](CC(C)C)C(=O)c2nnc(-c3ccccc3)o2)c1,1,Ki,9.19,1,CHEMBL206413
Cc1ccc(S(=O)(=O)N[C@@H](CC(=O)NCC(C)(C)C)C(=O)N[C@@H](C)C(=O)N[C@@H](CC(C)C)C(=O)c2nnc(-c3ccccc3)o2)cc1,1,Ki,9.14,1,CHEMBL383674
CC[C@H](C)[C@H](NC(=O)OCc1ccccc1)C(=O)N[C@@H](CCC(N)=O)C(=O)N[C@@H](C)C(=O)N[C@H](/C=C/S(C)(=O)=O)CC(C)C,1,IC50,6.24,1,CHEMBL382180
CC[C@H](C)[C@H](NC(=O)OCc1ccccc1)C(=O)N[C@@H](CCCC(N)=O)C(=O)N[C@@H](C)C(=O)N[C@H](/C=C/S(C)(=O)=O)CC(C)C,1,IC50,6.92,1,CHEMBL437882
CC[C@H](C)[C@H](NC(=O)OCc1ccccc1)C(=O)N[C@@H](CCC(=O)NC(C)C)C(=O)N[C@@H](C)C(=O)N[C@H](/C=C/S(C)(=O)=O)CC(C)C,1,IC50,7.28,1,CHEMBL437115
CC[C@H](C)[C@H](NC(=O)OCc1ccccc1)C(=O)N[C@@H](CCC(=O)NC(C)(C)C)C(=O)N[C@@H](C)C(=O)N[C@H](/C=C/S(C)(=O)=O)CC(C)C,1,IC50,8.49,1,CHEMBL438612
CC[C@H](C)[C@H](NC(=O)OCc1ccccc1)C(=O)N[C@@H](CC(=O)NCC(C)(C)C)C(=O)N[C@@H](C)C(=O)N[C@H](/C=C/S(C)(=O)=O)CC(C)C,1,IC50,8.82,1,CHEMBL382203
CC[C@H](C)[C@H](NC(=O)OCc1ccccc1)C(=O)N[C@@H](CC(=O)OC(C)(C)C)C(=O)N[C@@H](C)C(=O)N[C@H](/C=C/S(C)(=O)=O)CC(C)C,1,IC50,7.11,1,CHEMBL379771
CC(C)C[C@@H](C#N)NC(=O)[C@H](CC(C)C)NC(=O)[C@H](CC(C)C)NC(=O)OCc1ccccc1,0,Ki (>),3.35,1,CHEMBL206525
CC(C)C[C@@H](C=O)NC(=O)[C@H](CC(C)C)NC(=O)[C@H](CC(C)C)NC(=O)OCc1ccccc1,1,IC50,8.92,13,CHEMBL64925
CC(C)C[C@H](NC(=O)[C@H](CC(C)C)NC(=O)[C@H](CC(C)C)NC(=O)OCc1ccccc1)B(O)O,1,Ki,8.64,1,CHEMBL114388
CC(C)C[C@@H](/C=C/S(C)(=O)=O)NC(=O)[C@H](CC(C)C)NC(=O)[C@H](CC(C)C)NC(=O)OCc1ccccc1,1,IC50,7.21,1,CHEMBL210901
NC(=S)N/N=C/c1ccc2ccccc2n1,0,IC50 (>),5.0,1,CHEMBL215065
CC(C)C[C@H](NC(=O)[C@H](Cc1c(F)c(F)c(F)c(F)c1F)NC(=O)c1cnccn1)B1OC2C[C@@H]3C[C@@H](C3(C)C)[C@]2(C)O1,1,IC50,7.51,1,CHEMBL592161
CC(C)C[C@H](NC(=O)[C@H](Cc1cc(C(F)(F)F)cc(C(F)(F)F)c1)NC(=O)c1cnccn1)B1OC2C[C@@H]3C[C@@H](C3(C)C)[C@]2(C)O1,1,IC50,8.52,1,CHEMBL579296
CC(C)C[C@H](NC(=O)[C@H](Cc1ccccc1)NC(=O)[C@H](Cc1ccccc1)NC(=O)[C@H](Cc1ccccc1)N=[N+]=[N-])C(=O)[C@@]1(C)CO1,1,IC50,9.0,3,CHEMBL578478
CC(C)C[C@H](NC(=O)[C@H](Cc1c(F)c(F)c(F)c(F)c1F)NC(=O)[C@H](Cc1ccccc1)NC(=O)[C@H](Cc1ccccc1)N=[N+]=[N-])C(=O)[C@@]1(C)CO1,1,IC50,8.7,1,CHEMBL578885
CC(C)C[C@H](NC(=O)[C@H](Cc1cc(C(F)(F)F)cc(C(F)(F)F)c1)NC(=O)[C@H](Cc1ccccc1)NC(=O)[C@H](Cc1ccccc1)N=[N+]=[N-])C(=O)[C@@]1(C)CO1,1,IC50,7.0,1,CHEMBL591777
CC(C)C[C@H](NC(=O)[C@H](Cc1ccccc1)NC(=O)[C@H](Cc1c(F)c(F)c(F)c(F)c1F)NC(=O)[C@H](Cc1ccccc1)N=[N+]=[N-])C(=O)[C@@]1(C)CO1,1,IC50,6.7,1,CHEMBL577867
CC(C)C[C@H](NC(=O)[C@H](Cc1ccccc1)NC(=O)[C@H](Cc1cc(C(F)(F)F)cc(C(F)(F)F)c1)NC(=O)[C@H](Cc1ccccc1)N=[N+]=[N-])C(=O)[C@@]1(C)CO1,1,IC50,6.89,1,CHEMBL578486
CC1=CC(C)=[N+]2C1=C(CCCCc1cn([C@@H](Cc3ccccc3)C(=O)N[C@@H](Cc3ccccc3)C(=O)N[C@@H](Cc3c(F)c(F)c(F)c(F)c3F)C(=O)N[C@@H](CC(C)C)C(=O)[C@@]3(C)CO3)nn1)c1c(C)cc(C)n1[B-]2(F)F,1,IC50,6.52,1,CHEMBL578518
COC[C@H](NC(=O)c1cnc(C)s1)C(=O)N[C@@H](COC)C(=O)N[C@@H](Cc1ccccc1)C(=O)[C@@]1(C)CO1,1,IC50,8.52,5,CHEMBL2103884
C[C@@]12OC(=O)[C@]1([C@@H](O)[C@@H]1C=CCCC1)NC(=O)[C@@H]2CCCl,1,IC50,8.46,3,CHEMBL371405
CC(C)C[C@H](NC(=O)[C@@H](NC(=O)c1cccc(-c2ccccc2)n1)[C@@H](C)O)B(O)O,1,IC50,8.82,3,CHEMBL270515
CC(C)C[C@H](NC(=O)CNC(=O)c1cc(Cl)ccc1Cl)B(O)O,1,IC50,8.54,8,CHEMBL2141296;CHEMBL5171825
CC(C)C[C@H](NC(=O)[C@H](Cc1ccccc1)NC(=O)c1cnccn1)B(O)O,1,IC50,9.3,33,CHEMBL325041
CC(C)C[C@H](NC(=O)[C@H](Cc1ccc(CN)cc1)NC(=O)[C@H](Cc1ccccc1)N=[N+]=[N-])C(=O)N[C@H](/C=C/S(C)(=O)=O)Cc1ccc(CN)cc1,0,IC50,4.98,4,CHEMBL2326261
CC(C)C[C@H](NC(=O)[C@H](Cc1ccc(N)cc1)NC(=O)[C@H](Cc1ccccc1)N=[N+]=[N-])C(=O)N[C@H](/C=C/S(C)(=O)=O)Cc1ccc(CN)cc1,0,IC50 (>),4.3,1,CHEMBL2326260
CC(C)C[C@H](NC(=O)[C@H](Cc1ccncc1)NC(=O)[C@H](Cc1ccccc1)N=[N+]=[N-])C(=O)N[C@H](/C=C/S(C)(=O)=O)Cc1ccc(CN)cc1,0,IC50,4.98,2,CHEMBL2326541
CC(C)C[C@H](NC(=O)[C@H](Cc1ccccc1)N=[N+]=[N-])C(=O)N[C@@H](CC(C)C)C(=O)N[C@H](/C=C/S(C)(=O)=O)Cc1ccc(CN)cc1,0,IC50 (>),5.0,2,CHEMBL2326533
Cc1c(O)cccc1C(=O)N[C@H](C(=O)N[C@@H](CO)C(=O)N[C@H](/C=C/S(C)(=O)=O)Cc1ccc(CN)cc1)C(C)C,0,IC50,4.89,2,CHEMBL2326539
Cc1c(O)cccc1C(=O)N[C@H](C(=O)N[C@@H](CO)C(=O)N[C@@H](CCCNC(=N)N)C(=O)[C@@]1(C)CO1)C(C)C,0,IC50 (>),4.52,2,CHEMBL2326272
CC(C)C[C@H](NC(=O)[C@H](Cc1ccccc1)NC(=O)[C@H](Cc1ccccc1)N=[N+]=[N-])C(=O)N[C@H](/C=C/S(C)(=O)=O)Cc1ccccc1,1,IC50,6.96,1,CHEMBL2326267
CC(C)C[C@@H](/C=C/S(C)(=O)=O)NC(=O)[C@H](CC(C)C)NC(=O)[C@H](Cc1ccncc1)NC(=O)[C@H](Cc1ccccc1)N=[N+]=[N-],1,IC50,6.8,1,CHEMBL2326266
CC(C)C[C@@H](/C=C/S(C)(=O)=O)NC(=O)[C@H](CC(C)C)NC(=O)[C@H](Cc1ccc(N)cc1)NC(=O)[C@H](Cc1ccccc1)N=[N+]=[N-],1,IC50,7.03,1,CHEMBL2326265
CC(C)C[C@@H](/C=C/S(C)(=O)=O)NC(=O)[C@H](CC(C)C)NC(=O)[C@H](Cc1ccc(CN)cc1)NC(=O)[C@H](Cc1ccccc1)N=[N+]=[N-],1,IC50,6.32,1,CHEMBL2326264
CC(C)C[C@H](NC(=O)[C@H](Cc1ccc(CN)cc1)NC(=O)[C@H](Cc1ccccc1)N=[N+]=[N-])C(=O)N[C@H](/C=C/S(C)(=O)=O)Cc1ccc(N)cc1,1,IC50,6.2,1,CHEMBL2326262
C[C@H](NC(=O)[C@H](Cc1ccc(OCc2ccccc2)cc1)NC(=O)CCCCCNC(=O)CCCCCNC(=O)CCCCCNC(=O)CCCCC(=O)NCCCCCC(=O)NCCCCCC(=O)NCCCCCC(=O)N[C@@H](Cc1ccc(OCc2ccccc2)cc1)C(=O)N[C@@H](C)C(=O)N[C@@H](C[C@]1(O)C(=O)Nc2ccccc21)C(=O)NCc1ccccc1)C(=O)N[C@@H](C[C@]1(O)C(=O)Nc2ccccc21)C(=O)NCc1ccccc1,1,Ki,7.97,3,CHEMBL2337846
C[C@H](NC(=O)[C@H](Cc1ccc(OCc2ccccc2)cc1)NC(=O)CCCCCNC(=O)CCCCCNC(=O)CCCCCNC(=O)CCCCCNC(=O)CCCCCNC(=O)CCCCC(=O)N[C@@H](Cc1ccc(OCc2ccccc2)cc1)C(=O)N[C@@H](C)C(=O)N[C@@H](C[C@]1(O)C(=O)Nc2ccccc21)C(=O)NCc1ccccc1)C(=O)N[C@@H](C[C@]1(O)C(=O)Nc2ccccc21)C(=O)NCc1ccccc1,1,Ki,7.94,3,CHEMBL2337845
C[C@H](NC(=O)[C@H](Cc1ccc(OCc2ccccc2)cc1)NC(=O)CCCCCNC(=O)CCCCCNC(=O)CCCCCNC(=O)CCCCCNC(=O)CCCCC(=O)N[C@@H](Cc1ccc(OCc2ccccc2)cc1)C(=O)N[C@@H](C)C(=O)N[C@@H](C[C@]1(O)C(=O)Nc2ccccc21)C(=O)NCc1ccccc1)C(=O)N[C@@H](C[C@]1(O)C(=O)Nc2ccccc21)C(=O)NCc1ccccc1,1,Ki,7.97,3,CHEMBL2337844
C[C@H](NC(=O)[C@H](Cc1ccc(OCc2ccccc2)cc1)NC(=O)CCCCCNC(=O)CCCCCNC(=O)CCCCCNC(=O)CCCCC(=O)N[C@@H](Cc1ccc(OCc2ccccc2)cc1)C(=O)N[C@@H](C)C(=O)N[C@@H](C[C@]1(O)C(=O)Nc2ccccc21)C(=O)NCc1ccccc1)C(=O)N[C@@H](C[C@]1(O)C(=O)Nc2ccccc21)C(=O)NCc1ccccc1,1,Ki,7.99,3,CHEMBL2337843
C[C@H](NC(=O)[C@H](Cc1ccc(OCc2ccccc2)cc1)NC(=O)CCCCCNC(=O)CCCCCNC(=O)CCCCCNC(=O)OC(C)(C)C)C(=O)N[C@@H](C[C@]1(O)C(=O)Nc2ccccc21)C(=O)NCc1ccccc1,1,Ki,7.0,4,CHEMBL2337841
C[C@H](NC(=O)[C@@H](N)Cc1ccc(OCc2ccccc2)cc1)C(=O)N[C@@H](C[C@]1(O)C(=O)Nc2ccccc21)C(=O)NCc1ccccc1,0,IC50,4.94,3,CHEMBL2337850
C[C@H](NC(=O)[C@H](Cc1ccc(OCc2ccccc2)cc1)NC(=O)CCCCCNC(=O)CCCCCNC(=O)CCCCCNC(=O)CCCCCNC(=O)OC(C)(C)C)C(=O)N[C@@H](C[C@]1(O)C(=O)Nc2ccccc21)C(=O)NCc1ccccc1,1,Ki,7.17,3,CHEMBL2337842
C/C=C\NC(=O)[C@H]1NC(=O)[C@H](CC(N)=O)CC(=O)[C@@H](NC(=O)C(=O)[C@@H](C)CC)Cc2ccc(O)c(c2)-c2cccc3c2NC(=O)[C@@]3(O)[C@@H]1O,1,Ki,8.64,2,CHEMBL2337848
C[C@H](NC(=O)[C@H](Cc1ccc(OCc2ccccc2)cc1)NC(=O)CCCCCNC(=O)CCCCCNC(=O)CCCCCNC(=O)CCCCCNC(=O)CCCCC(=O)NCCCCCC(=O)NCCCCCC(=O)NCCCCCC(=O)NCCCCCC(=O)N[C@@H](Cc1ccc(OCc2ccccc2)cc1)C(=O)N[C@@H](C)C(=O)N[C@@H](C[C@]1(O)C(=O)Nc2ccccc21)C(=O)NCc1ccccc1)C(=O)N[C@@H](C[C@]1(O)C(=O)Nc2ccccc21)C(=O)NCc1ccccc1,1,Ki,8.22,2,CHEMBL2337847
C=C[C@H](C[C@@H]1C[C@@H]1NC(=O)[C@@H]1OC(=O)[C@H]1[C@@H](C)CC)NC(=O)[C@H](C)N,1,IC50,6.52,1,CHEMBL2337882
C=C[C@H](C[C@@H]1C[C@@H]1NC(=O)[C@@H]1OC(=O)[C@H]1[C@@H](C)CC)NC(=O)[C@H](C)NC(C)=O,1,IC50,6.64,1,CHEMBL2338306
C=C[C@H](C[C@@H]1C[C@@H]1NC(=O)[C@@H]1OC(=O)[C@H]1[C@@H](C)CC)NC(=O)C(C)C,1,IC50,6.64,1,CHEMBL2337878
C=C[C@H](C[C@@H]1C[C@@H]1NC(=O)[C@@H]1OC(=O)[C@H]1[C@@H](C)CC)NC(=O)C(C)(C)C,1,IC50,6.68,1,CHEMBL2337879
CC[C@H](C)[C@@H]1C(=O)O[C@H]1C(=O)N[C@H]1C[C@H]1C[C@@H](Cc1ccc2ccccc2c1)NC(=O)[C@H](C)NC(=O)OCc1ccccc1,1,IC50,6.7,1,CHEMBL2338315
CC[C@H](C)[C@@H]1C(=O)O[C@H]1C(=O)N[C@H]1C[C@H]1C[C@@H](Cc1cccc2ccccc12)NC(=O)[C@H](C)NC(=O)OCc1ccccc1,1,IC50,6.89,1,CHEMBL2338314
C=C[C@H](C[C@@H]1C[C@@H]1NC(=O)[C@@H]1OC(=O)[C@H]1[C@@H](C)CC)NC(=O)c1ccccc1,1,IC50,6.89,1,CHEMBL2337880
CC[C@H](C)[C@@H]1C(=O)O[C@H]1C(=O)N[C@H]1C[C@H]1C[C@H](NC(=O)[C@H](C)NC(=O)OCc1ccccc1)c1ccccc1,1,IC50,7.05,1,CHEMBL2338311
C=C[C@H](C[C@@H]1C[C@@H]1NC(=O)[C@@H]1OC(=O)[C@H]1[C@@H](C)CC)NC(=O)[C@H](C)NC(=O)c1ccccc1,1,IC50,7.1,1,CHEMBL2338307
C=C[C@H](C[C@@H]1C[C@@H]1NC(=O)[C@@H]1OC(=O)[C@H]1[C@@H](C)CC)NC(=O)[C@H](C)NC(=O)OC(C)(C)C,1,IC50,7.11,1,CHEMBL2338309
CC[C@H](C)[C@@H]1C(=O)O[C@H]1C(=O)N[C@H]1C[C@H]1C[C@@H](CCc1cccc2ccccc12)NC(=O)[C@H](C)NC(=O)OCc1ccccc1,1,IC50,7.2,1,CHEMBL2338316
C=C[C@H](C[C@@H]1C[C@@H]1NC(=O)[C@@H]1OC(=O)[C@H]1[C@@H](C)CC)NC(=O)c1ccc2ccccc2c1,1,IC50,7.22,1,CHEMBL2337881
C=C[C@H](C[C@@H]1C[C@@H]1NC(=O)[C@@H]1OC(=O)[C@H]1[C@@H](C)CC)NC(=O)[C@@H](C)NC(=O)OCc1ccccc1,1,IC50,7.24,1,CHEMBL2337883
C=C[C@H](C[C@@H]1C[C@@H]1NC(=O)[C@@H]1OC(=O)[C@H]1[C@@H](C)CC)NC(=O)[C@H](C)NC(=O)OCc1ccccc1,1,IC50,7.31,1,CHEMBL2337877
C=C[C@H](C[C@@H]1C[C@@H]1NC(=O)[C@@H]1OC(=O)[C@H]1[C@@H](C)CC)NC(=O)[C@H](CC(C)C)NC(=O)OCc1ccccc1,1,IC50,7.33,1,CHEMBL2337885
C=C[C@H](C[C@@H]1C[C@@H]1NC(=O)[C@@H]1OC(=O)[C@H]1[C@@H](C)CC)NC(=O)CNC(=O)OCc1ccccc1,1,IC50,7.39,1,CHEMBL2337884
CC[C@H](C[C@@H]1C[C@@H]1NC(=O)[C@@H]1OC(=O)[C@H]1[C@@H](C)CC)NC(=O)[C@H](C)NC(=O)OCc1ccccc1,1,IC50,7.42,1,CHEMBL2338310
CC[C@H](C)[C@@H]1C(=O)O[C@H]1C(=O)N[C@H]1C[C@H]1C[C@@H](CCCc1ccccc1)NC(=O)[C@H](C)NC(=O)OCc1ccccc1,1,IC50,7.46,1,CHEMBL2338313
CC[C@H](C)[C@@H]1C(=O)O[C@H]1C(=O)N[C@H]1C[C@H]1C[C@@H](CCc1ccccc1)NC(=O)c1ccc2ccccc2c1,1,IC50,7.48,1,CHEMBL2338318
C=C[C@H](C[C@@H]1C[C@@H]1NC(=O)[C@@H]1OC(=O)[C@H]1[C@@H](C)CC)NC(=O)[C@H](Cc1ccccc1)NC(=O)OCc1ccccc1,1,IC50,7.52,1,CHEMBL2337886
CC[C@H](C)[C@@H]1C(=O)O[C@H]1C(=O)N[C@H]1C[C@H]1C[C@@H](CCc1ccc2ccccc2c1)NC(=O)[C@H](C)NC(=O)OCc1ccccc1,1,IC50,7.54,1,CHEMBL2338317
C=C[C@H](C[C@@H]1C[C@@H]1NC(=O)[C@@H]1OC(=O)[C@H]1[C@@H](C)CC)NC(=O)[C@H](Cc1c[nH]c2ccccc12)NC(=O)OCc1ccccc1,1,IC50,7.55,1,CHEMBL2337887
C=C[C@H](C[C@@H]1C[C@@H]1NC(=O)[C@@H]1OC(=O)[C@H]1[C@@H](C)CC)NC(=O)[C@H](C)NC(=O)c1ccc2ccccc2c1,1,IC50,7.6,1,CHEMBL2338308
CC[C@H](C)[C@@H]1C(=O)O[C@H]1C(=O)N[C@H]1C[C@H]1C[C@@H](Cc1ccccc1)NC(=O)[C@H](C)NC(=O)OCc1ccccc1,1,IC50,7.85,1,CHEMBL2331625
CC[C@H](C)[C@@H]1C(=O)O[C@H]1C(=O)N[C@H]1C[C@H]1C[C@@H](CCc1ccccc1)NC(=O)[C@H](C)NC(=O)c1ccc2ccccc2c1,1,IC50,8.0,1,CHEMBL2338319
CC[C@H](C)[C@@H]1C(=O)O[C@H]1C(=O)N[C@H]1C[C@H]1C[C@@H](CCc1ccccc1)NC(=O)[C@H](C)NC(=O)OCc1ccccc1,1,IC50,8.24,1,CHEMBL2338312
CC(C)C[C@H](NC(=O)[C@H](Cc1ccccc1)NC(=O)c1ccccc1)B(O)O,1,IC50,8.05,1,CHEMBL483062
CC(=O)N[C@@H](CSC(=O)[C@]1([C@@H](O)C(C)C)NC(=O)[C@H](C)[C@@H]1O)C(=O)O,1,IC50,6.8,3,CHEMBL374308
CC(C)C[C@H](NC(=O)Cn1cc(Br)c2ncccc2c1=O)B(O)O,1,Ki,6.77,3,CHEMBL2385819
CC(C)C[C@H](NC(=O)Cn1ccc2ncccc2c1=O)B(O)O,1,Ki,6.36,3,CHEMBL2385817
CC(C)C[C@H](NC(=O)Cn1ccc(Nc2ccccc2)cc1=O)B(O)O,1,Ki,7.01,2,CHEMBL2385814
CC(C)C[C@H](NC(=O)Cn1ccc(N2CCCCC2)cc1=O)B(O)O,1,Ki,6.52,1,CHEMBL2385813
CCN(CC)c1ccn(CC(=O)N[C@@H](CC(C)C)B(O)O)c(=O)c1,1,Ki,6.1,2,CHEMBL2385811
CC(C)C[C@H](NC(=O)Cn1ccccc1=O)B(O)O,1,Ki,6.58,1,CHEMBL2385810
COC(=O)C[C@H]1C(=O)N[C@@]2([C@@H](O)C3CCCCC3)C(=O)O[C@@]12C,1,IC50,6.3,1,CHEMBL3092612
C[C@@]12OC(=O)[C@]1([C@@H](O)C1CCCCC1)NC(=O)[C@@H]2CC=O,1,IC50,6.48,1,CHEMBL3092611
C[C@@]12OC(=O)[C@]1([C@@H](O)Cc1ccccc1)NC(=O)[C@@H]2CCCl,1,IC50,6.3,1,CHEMBL3092610
C[C@@]12OC(=O)[C@]1([C@@H](O)C1CC1)NC(=O)[C@@H]2CCCl,1,IC50,7.55,1,CHEMBL3092609
C[C@@]12OC(=O)[C@]1([C@@H](O)C1CCCCC1)NC(=O)[C@@H]2CCCCl,1,IC50,7.3,1,CHEMBL3092608
C[C@@]12OC(=O)[C@]1([C@@H](O)C1CCCCC1)NC(=O)[C@@H]2CCCl,1,IC50,7.64,1,CHEMBL192046
c1ccc(Cc2ccc(OCCN3CCCCCC3)cc2)cc1,0,IC50 (>),5.0,1,CHEMBL159263
CCCCC(CCCC)=C(c1ccc(OCCN2CCCCCC2)cc1)c1ccc(OCCN2CCCCCC2)cc1,0,IC50 (>),5.0,1,CHEMBL3099629
CCCCCC(CCCCC)=C(c1ccc(OCCN2CCCCCC2)cc1)c1ccc(OCCN2CCCCCC2)cc1,0,IC50 (>),5.0,1,CHEMBL3099628
CCCCCCC(CCCCCC)=C(c1ccc(OCCN2CCCCCC2)cc1)c1ccc(OCCN2CCCCCC2)cc1,0,IC50 (>),5.0,1,CHEMBL3099627
c1ccc(C(=C(c2ccc(OCCN3CCCCCC3)cc2)c2ccc(OCCN3CCCCCC3)cc2)C2CCCCC2)cc1,0,IC50 (>),5.0,1,CHEMBL3099620
CCC(=C(c1ccc(OCCCN2CCCC2)cc1)c1ccc(OCCCN2CCCC2)cc1)c1ccccc1,0,IC50 (>),5.0,1,CHEMBL3098145
CCC(=C(c1ccc(OCCCN(C)C)cc1)c1ccc(OCCCN(C)C)cc1)c1ccccc1,0,IC50 (>),5.0,1,CHEMBL3099619
CCC(=C(c1ccc(OCCN(CC)CC)cc1)c1ccc(OCCN(CC)CC)cc1)c1ccccc1,0,IC50 (>),5.0,1,CHEMBL3099617
CCC(=C(c1ccc(OCCN2CCCCC2)cc1)c1ccc(OCCN2CCCCC2)cc1)c1ccccc1,0,IC50 (>),5.0,1,CHEMBL393196
CC(=C(c1ccc(OCCN2CCCCCC2)cc1)c1ccc(OCCN2CCCCCC2)cc1)c1ccccc1,1,IC50,6.05,1,CHEMBL3099623
C(=C(c1ccc(OCCN2CCCCCC2)cc1)c1ccc(OCCN2CCCCCC2)cc1)c1ccccc1,1,IC50,6.24,2,CHEMBL3099624
CC(c1ccc(OCCN2CCCCCC2)cc1)c1ccc(OCCN2CCCCCC2)cc1,1,IC50,6.1,1,CHEMBL3099637
CC(C)(c1ccc(OCCN2CCCCCC2)cc1)c1ccc(OCCN2CCCCCC2)cc1,1,IC50,6.12,1,CHEMBL3099638
c1cc(OCCN2CCCCCC2)ccc1Cc1ccc(OCCN2CCCCCC2)cc1,1,IC50,6.17,1,CHEMBL3099636
Cc1ccc(CNC(=O)[C@H](CCc2ccccc2)NC(=O)[C@H](CCc2ccccc2)NC(=O)[C@H](CCc2ccccc2)NC(=O)c2cnc(C)cn2)cc1,1,IC50,7.8,2,CHEMBL1269181
Cc1ccc(CNC(=O)[C@H](CCc2ccccc2)NC(=O)[C@H](CNC(=O)CC(C)(C)C)NC(=O)C(=O)c2c[nH]c3ccccc23)cc1,1,IC50,6.04,1,CHEMBL3218819
CC(=O)N[C@@H](CC(=O)NCC(C)(C)C)C(=O)N[C@@H](CCc1ccccc1)C(=O)NCc1ccccc1,1,IC50,7.3,2,CHEMBL3218820
CC(C)(C)CNC(=O)C[C@H](NC(=O)C(C)(C)C)C(=O)N[C@@H](CCc1ccccc1)C(=O)NCc1ccccc1,1,IC50,7.6,2,CHEMBL3218821
CC(C)(C)CNC(=O)C[C@H](NC(=O)CN1CCCCC1)C(=O)N[C@@H](CCc1ccccc1)C(=O)NCc1ccccc1,1,IC50,7.92,2,CHEMBL3218822
CC(C)(C)CNC(=O)C[C@H](NC(=O)Cc1ccc(F)cc1)C(=O)N[C@@H](CCc1ccccc1)C(=O)NCc1ccccc1,1,IC50,8.08,2,CHEMBL3218823
CC(C)(C)CNC(=O)C[C@H](NC(=O)CCc1ccccc1)C(=O)N[C@@H](CCc1ccccc1)C(=O)NCc1ccccc1,1,IC50,8.27,2,CHEMBL3218824
CC(C)(C)CNC(=O)C[C@H](NC(=O)c1ccc(C(C)(C)C)cc1)C(=O)N[C@@H](CCc1ccccc1)C(=O)NCc1ccccc1,1,IC50,7.66,2,CHEMBL3218825
CC(C)(C)CNC(=O)C[C@H](NC(=O)c1ccc(OCc2ccccc2)cc1)C(=O)N[C@@H](CCc1ccccc1)C(=O)NCc1ccccc1,1,IC50,8.17,2,CHEMBL3218826
CC(C)(C)CNC(=O)C[C@H](NC(=O)C(=O)c1c[nH]c2ccccc12)C(=O)N[C@@H](CCc1ccccc1)C(=O)NCc1ccccc1,1,IC50,8.32,2,CHEMBL3218827
Cc1cc(C(=O)N[C@@H](CC(=O)NCC(C)(C)C)C(=O)N[C@@H](CCc2ccccc2)C(=O)NCc2ccccc2)no1,1,IC50,8.33,2,CHEMBL3218828
CC(C)(C)CNC(=O)C[C@H](NC(=O)CCc1ccccc1)C(=O)N[C@@H](CCc1ccccc1)C(=O)NCC1CC1,1,IC50,7.92,2,CHEMBL3218829
CC(C)(C)CNC(=O)C[C@H](NC(=O)Cc1ccc(F)cc1)C(=O)N[C@@H](CCc1ccccc1)C(=O)NCc1ccccc1Cl,1,IC50,8.4,2,CHEMBL3218830
CC(C)(C)CNC(=O)C[C@H](NC(=O)CCc1ccccc1)C(=O)N[C@@H](CCc1ccccc1)C(=O)NCc1ccccc1Cl,1,IC50,8.52,2,CHEMBL3218831
CC(C)(C)CNC(=O)C[C@H](NC(=O)c1ccc(OCc2ccccc2)cc1)C(=O)N[C@@H](CCc1ccccc1)C(=O)NCc1ccccc1Cl,1,IC50,7.96,2,CHEMBL3218832
CC(C)(C)CNC(=O)C[C@H](NC(=O)C(=O)c1c[nH]c2ccccc12)C(=O)N[C@@H](CCc1ccccc1)C(=O)NCc1ccccc1Cl,1,IC50,8.43,2,CHEMBL3218833
Cc1cc(C(=O)N[C@@H](CC(=O)NCC(C)(C)C)C(=O)N[C@@H](CCc2ccccc2)C(=O)NCc2ccccc2Cl)no1,1,IC50,8.68,2,CHEMBL3218834
C[C@H](NC(=O)[C@H](CC(=O)NCC(C)(C)C)NC(=O)CCc1ccccc1)C(=O)NCc1ccccc1Cl,1,IC50,8.4,2,CHEMBL3218835
CC(C)(C)CNC(=O)C[C@H](NC(=O)CCc1ccccc1)C(=O)N[C@@H](Cc1cccnc1)C(=O)NCc1ccccc1Cl,1,IC50,8.41,2,CHEMBL3218836
CC(C)(C)CNC(=O)C[C@H](NC(=O)C(=O)c1c[nH]c2ccccc12)C(=O)N[C@@H](Cc1ccncc1)C(=O)NCc1ccccc1Cl,1,IC50,8.96,5,CHEMBL3218837
Cc1cc(C(=O)N[C@@H](CC(=O)NCC(C)(C)C)C(=O)N[C@@H](Cc2ccncc2)C(=O)NCc2ccccc2Cl)no1,1,IC50,7.48,2,CHEMBL3218838
Cc1cc(C(=O)N[C@@H](CC(=O)NCC(C)(C)C)C(=O)N[C@@H](Cc2cccnc2)C(=O)NCc2ccccc2Cl)no1,1,IC50,7.65,2,CHEMBL3218839
Cc1cc(C(=O)N[C@@H](CC(=O)NCC(C)(C)C)C(=O)N[C@@H](Cc2ccc(Cl)cc2)C(=O)NCc2ccccc2Cl)no1,1,IC50,7.8,1,CHEMBL3218840
Cc1cc(C(=O)N[C@@H](CC(=O)NCC(C)(C)C)C(=O)N[C@@H](C)C(=O)NCc2ccccc2Cl)no1,1,IC50,7.64,1,CHEMBL3218841
CCCNC(=O)C[C@H](NC(=O)c1cc(C)on1)C(=O)N[C@@H](CCc1ccccc1)C(=O)NCc1ccc(C)cc1,1,IC50,6.8,1,CHEMBL3218842
Cc1ccc(CNC(=O)[C@H](CCc2ccccc2)NC(=O)[C@H](CC(=O)NCC(C)C)NC(=O)c2cc(C)on2)cc1,1,IC50,8.14,1,CHEMBL3218843
Cc1ccc(CNC(=O)[C@H](CCc2ccccc2)NC(=O)[C@H](Cc2nc(C(C)(C)C)no2)NC(=O)C(=O)c2c[nH]c3ccccc23)cc1,1,IC50,7.94,2,CHEMBL3218844
Cc1ccc(CNC(=O)[C@H](CCc2ccccc2)NC(=O)[C@H](Cc2nc(C(C)(C)C)no2)NC(=O)c2cc(C)on2)cc1,1,IC50,7.03,1,CHEMBL3218845
CC(=O)N[C@@H](CC(=O)NCCC(COCc1ccccc1)COCc1ccccc1)C(=O)N[C@@H](CC(C)C)B1O[C@@H]2C[C@@H]3C[C@@H](C3(C)C)[C@]2(C)O1,1,IC50,6.85,1,CHEMBL3237863
CC(=O)N[C@@H](CC(=O)NCCCCOCc1ccccc1)C(=O)N[C@@H](CC(C)C)B1O[C@@H]2C[C@@H]3C[C@@H](C3(C)C)[C@]2(C)O1,1,IC50,6.55,1,CHEMBL3237873
CC(C)CCNC(=O)Cn1cc(Br)c2ncccc2c1=O,1,Ki,6.25,1,CHEMBL3233441
CC(C)CCNC(=O)Cn1ccc(Nc2ccccc2)cc1=O,1,Ki,6.48,1,CHEMBL3233445
CC(C)C[C@H](NC(=O)CN1C=CC(N2CCCCC2)CC1=O)B(O)O,1,Ki,6.52,1,CHEMBL3233450
CC(C)C[C@H](NC(=O)CCn1ccc2ncccc2c1=O)B(O)O,1,Ki,7.24,1,CHEMBL3287937
CC(C)C[C@H](NC(=O)Cn1ccc2ccccc2c1=O)B(O)O,1,Ki,6.31,1,CHEMBL3287939
CC(C)C[C@H](NC(=O)CCn1ccc2ccccc2c1=O)B(O)O,1,Ki,7.29,1,CHEMBL3287940
COc1cc2ccn(CCC(=O)N[C@@H](CC(C)C)B(O)O)c(=O)c2cc1OC,1,Ki,7.07,1,CHEMBL3287942
CC(C)C[C@H](NC(=O)Cn1ccc2ccc(Br)cc2c1=O)B(O)O,1,Ki,7.28,1,CHEMBL3287943
CC(C)C[C@H](NC(=O)CCn1ccc2ccc(Br)cc2c1=O)B(O)O,1,Ki,7.22,1,CHEMBL3287944
CC(C)CCNC(=O)CCn1cc(Br)c2ncccc2c1=O,1,Ki,7.1,1,CHEMBL3287946
CC(C)C[C@H](NC(=O)[C@H](Cc1ccc2ccccc2c1)NC(=O)[C@H](CC(C)C)NC(=O)c1cnccn1)B(O)O,1,IC50,10.1,1,CHEMBL3347481
CC(C)C[C@H](NC(=O)[C@H](Cc1ccc2ccccc2c1)NC(=O)[C@H](CC(C)C)NC(=O)c1cnccn1)B1O[C@@H]2[C@H]3CC[C@H](C3(C)C)[C@]2(C)O1,1,IC50,9.42,1,CHEMBL3347480
CC(C)C[C@H](NC(=O)[C@H](Cc1ccc(O)cc1)NC(=O)[C@H](Cc1ccccc1)NC(=O)c1cnccn1)B(O)O,1,IC50,9.41,1,CHEMBL3347642
CC(C)C[C@H](NC(=O)[C@H](Cc1ccc(O)cc1)NC(=O)[C@H](Cc1ccccc1)NC(=O)c1cnccn1)B1O[C@@H]2[C@H]3CC[C@H](C3(C)C)[C@]2(C)O1,1,IC50,9.47,1,CHEMBL3347641
CC(C)C[C@H](NC(=O)[C@H](Cc1ccccc1)NC(=O)[C@H](Cc1ccc2ccccc2c1)NC(=O)c1cnccn1)B(O)O,1,IC50,9.38,1,CHEMBL3347640
CC(C)C[C@H](NC(=O)[C@H](Cc1ccccc1)NC(=O)[C@H](Cc1ccc2ccccc2c1)NC(=O)c1cnccn1)B1O[C@@H]2[C@H]3CC[C@H](C3(C)C)[C@]2(C)O1,1,IC50,9.66,1,CHEMBL3347627
CC(C)C[C@H](NC(=O)[C@H](Cc1ccccc1)NC(=O)[C@H](Cc1ccccc1)NC(=O)c1cnccn1)B(O)O,1,IC50,9.26,1,CHEMBL3347626
CC(C)C[C@H](NC(=O)[C@H](Cc1ccccc1)NC(=O)[C@H](Cc1ccccc1)NC(=O)c1cnccn1)B1O[C@@H]2[C@H]3CC[C@H](C3(C)C)[C@]2(C)O1,1,IC50,9.4,1,CHEMBL3347625
COc1ccc(CNC(=O)[C@@H](NC(=O)[C@H](CCCCNC(=O)OCc2ccccc2)NC(=O)Cc2cccc(Oc3ccccc3)c2)C(C)C)c(O)c1,0,IC50,4.93,1,CHEMBL3423355
COc1ccc(CNC(=O)[C@@H](NC(=O)[C@H](CC(N)=O)NC(=O)Cc2cccc(Oc3ccccc3)c2)C(C)C)c(O)c1,1,IC50,6.18,1,CHEMBL3423352
CC(C)[C@H](NC(=O)[C@H](CC(N)=O)NC(=O)Cc1cccc(Oc2ccccc2)c1)C(=O)OCc1ccccc1,0,IC50,4.76,1,CHEMBL3423348
CC(C)[C@H](NC(=O)[C@H](CC(N)=O)NC(=O)Cc1cccc(Oc2ccccc2)c1)C(=O)N[C@H](C(=O)O)[C@H](C)O,0,IC50,4.86,1,CHEMBL3421650
COC(=O)[C@@H](NC(=O)[C@@H](NC(=O)[C@H](CC(N)=O)NC(=O)Cc1cccc(Oc2ccccc2)c1)C(C)C)[C@H](C)O,1,IC50,6.54,1,CHEMBL3423204
CC(C)[C@H](NC(=O)[C@H](CC(N)=O)NC(=O)Cc1cccc(Oc2ccccc2)c1)C(=O)N[C@H](C(=O)OCc1ccccc1)[C@H](C)O,1,IC50,6.04,1,CHEMBL3423205
CC(C)[C@H](NC(=O)[C@H](CC(N)=O)NC(=O)Cc1cccc(Oc2ccccc2)c1)C(=O)NCCO,0,IC50,4.76,1,CHEMBL3423346
CCCNC(=O)[C@@H](NC(=O)[C@H](CC(N)=O)NC(=O)Cc1cccc(Oc2ccccc2)c1)C(C)C,0,IC50,4.89,1,CHEMBL3423347
CC[C@H](C)[C@H](NC(=O)[C@@H](NC(=O)C1OC(=O)C1C(C)C)C(C)C)C(=O)O,1,IC50,6.44,1,CHEMBL3577367
CC(C)C1C(=O)OC1C(=O)N[C@H](C(=O)N[C@H](C(=O)O)C(C)C)C(C)C,1,IC50,6.03,1,CHEMBL3577368
COC(=O)[C@@H](NC(=O)N[C@H](C(=O)N[C@H]1CCCCNC(=O)/C=C/[C@H](Cc2ccccc2)NC1=O)C(C)C)C(C)C,1,Ki,6.13,1,CHEMBL3613814
COC(=O)[C@@H](NC(=O)N[C@H](C(=O)N[C@H]1CCCCNC(=O)/C=C/[C@H](Cc2ccccc2F)NC1=O)C(C)C)C(C)C,1,Ki,6.04,1,CHEMBL3613816
COC(=O)[C@@H](NC(=O)N[C@H](C(=O)N[C@H]1CCCCNC(=O)/C=C/[C@H](Cc2cccc(F)c2)NC1=O)C(C)C)C(C)C,1,Ki,6.23,1,CHEMBL3613817
COC(=O)[C@@H](NC(=O)N[C@H](C(=O)N[C@H]1CCCCNC(=O)/C=C/[C@H](Cc2cc(F)cc(F)c2)NC1=O)C(C)C)C(C)C,1,Ki,6.02,1,CHEMBL3613818
COC(=O)[C@@H](NC(=O)N[C@H](C(=O)N[C@H]1CCCCNC(=O)/C=C/[C@H](Cc2cccc(Cl)c2)NC1=O)C(C)C)C(C)C,1,Ki,6.02,1,CHEMBL3613820
COC(=O)[C@@H](NC(=O)N[C@@H](Cc1ccccc1)C(=O)N[C@H]1CCCCNC(=O)/C=C/[C@H](C(C)C)NC1=O)C(C)C,1,Ki,6.02,1,CHEMBL3613825
COC(=O)[C@@H](NC(=O)N[C@@H](Cc1ccccc1)C(=O)N[C@H]1CCCCNC(=O)/C=C/[C@H](Cc2ccccc2)NC1=O)C(C)C,1,Ki,6.35,1,CHEMBL3613826
COC(=O)[C@@H](NC(=O)N[C@@H](Cc1ccccc1)C(=O)N[C@H]1CCCCNC(=O)/C=C/[C@H](Cc2c[nH]c3ccccc23)NC1=O)C(C)C,1,Ki,6.41,1,CHEMBL3613827
CCCCCCCCCC(=O)N[C@@H](Cc1ccccc1)C(=O)N[C@H]1/C=C/CCNC(=O)/C=C/[C@H](C(C)C)NC1=O,1,Ki,9.85,2,CHEMBL3629678
CC(C)[C@H](NC(=O)N[C@H](C(=O)N[C@H]1/C=C/CCNC(=O)/C=C/[C@H](C(C)C)NC1=O)C(C)C)C(=O)O,1,Ki,6.07,2,CHEMBL1236043
COCC(=O)N[C@@H](Cc1ccccc1)C(=O)N[C@@H](CC(C)C)B(O)O,1,IC50,8.2,1,CHEMBL3785613
COCCC(=O)N[C@@H](Cc1ccccc1)C(=O)N[C@@H](CC(C)C)B(O)O,1,IC50,8.07,1,CHEMBL3785317
CCCC(=O)N[C@@H](Cc1ccccc1)C(=O)N[C@@H](CC(C)C)B(O)O,1,IC50,8.16,1,CHEMBL3787673
CC(C)C[C@H](NC(=O)[C@H](Cc1ccccc1)NC(=O)CC(C)(C)C)B(O)O,1,IC50,8.33,1,CHEMBL3785681
CC(C)C[C@H](NC(=O)[C@H](Cc1ccccc1)NC(=O)C1CCCC1)B(O)O,1,IC50,8.32,1,CHEMBL3786484
CC(C)C[C@H](NC(=O)[C@H](Cc1ccccc1)NC(=O)[C@H]1CCCc2ccccc21)B(O)O,1,IC50,8.92,2,CHEMBL499361
CC(C)C[C@H](NC(=O)[C@H](Cc1ccccc1)NC(=O)c1cccc2c1CCCC2)B(O)O,1,IC50,8.8,2,CHEMBL499504
CC(C)C[C@@H](NC(=O)CC(NC(=O)[C@H]1CCCc2ccccc21)c1cccc(F)c1)B(O)O,1,IC50,8.99,1,CHEMBL3786398
CC(C)C[C@H](NC(=O)[C@H](Cc1ccccc1)NC(=O)c1cnccn1)B1OC2C[C@@H]3C[C@@H](C3(C)C)[C@]2(C)O1,1,IC50,8.72,1,CHEMBL606394
Cc1ccc(C[C@H](NC(=O)[C@H](Cc2ccccc2)NC(=O)c2cnccn2)B2OC3C[C@@H]4C[C@@H](C4(C)C)[C@]3(C)O2)cc1,1,IC50,8.31,1,CHEMBL3794440
CC1(C)[C@@H]2CC3OB([C@H](Cc4ccc(F)cc4)NC(=O)[C@H](Cc4ccccc4)NC(=O)c4cnccn4)O[C@@]3(C)[C@H]1C2,1,IC50,8.49,1,CHEMBL3792854
CC(C)C[C@H](NC(=O)[C@H](Cc1ccccc1)NC(=O)C1CCCc2ccccc21)B1OC2C[C@@H]3C[C@@H](C3(C)C)[C@]2(C)O1,1,IC50,8.38,1,CHEMBL3793344
CC(C)C[C@H](NC(=O)[C@H](Cc1ccccc1)NC(=O)[C@H]1CCCc2ccccc21)B1OC2C[C@@H]3C[C@@H](C3(C)C)[C@]2(C)O1,1,IC50,8.95,1,CHEMBL3794168
CC(C)C[C@H](NC(=O)[C@H](Cc1ccccc1)NC(=O)[C@@H]1CCCc2ccccc21)B1OC2C[C@@H]3C[C@@H](C3(C)C)[C@]2(C)O1,1,IC50,8.29,1,CHEMBL3792730
CCCC[C@H](NC(=O)[C@H](Cc1ccccc1)NC(=O)[C@H]1CCCc2ccccc21)B1OC2C[C@@H]3C[C@@H](C3(C)C)[C@]2(C)O1,1,IC50,8.72,1,CHEMBL3792511
CC1(C)[C@@H]2CC3OB([C@H](Cc4ccccc4)NC(=O)[C@H](Cc4ccccc4)NC(=O)[C@H]4CCCc5ccccc54)O[C@@]3(C)[C@H]1C2,1,IC50,8.28,1,CHEMBL3793876
Cc1ccc(C[C@H](NC(=O)[C@H](Cc2ccccc2)NC(=O)[C@H]2CCCc3ccccc32)B2OC3C[C@@H]4C[C@@H](C4(C)C)[C@]3(C)O2)cc1,1,IC50,8.17,1,CHEMBL3792587
CC1(C)[C@@H]2CC3OB([C@H](Cc4ccc(F)cc4)NC(=O)[C@H](Cc4ccccc4)NC(=O)[C@H]4CCCc5ccccc54)O[C@@]3(C)[C@H]1C2,1,IC50,8.9,1,CHEMBL3794136
CC(C)C[C@H](NC(=O)[C@@H](NC(=O)C1CCCc2ccccc21)C(C)C)B1OC2C[C@@H]3C[C@@H](C3(C)C)[C@]2(C)O1,1,IC50,7.41,1,CHEMBL3792403
CC(C)C[C@H](NC(=O)[C@H](CC(C)C)NC(=O)C1CCCc2ccccc21)B1OC2C[C@@H]3C[C@@H](C3(C)C)[C@]2(C)O1,1,IC50,7.85,1,CHEMBL3792405
CCC(C)[C@H](NC(=O)C1CCCc2ccccc21)C(=O)N[C@@H](CC(C)C)B1OC2C[C@@H]3C[C@@H](C3(C)C)[C@]2(C)O1,1,IC50,7.76,1,CHEMBL3794131
CC(C)C[C@H](NC(=O)[C@H](Cc1cccc2ccccc12)NC(=O)C1CCCc2ccccc21)B1OC2C[C@@H]3C[C@@H](C3(C)C)[C@]2(C)O1,1,IC50,8.37,1,CHEMBL1169560
CC(C)C[C@H](NC(=O)[C@H](Cc1ccc2ccccc2c1)NC(=O)C1CCCc2ccccc21)B1OC2C[C@@H]3C[C@@H](C3(C)C)[C@]2(C)O1,1,IC50,8.12,1,CHEMBL1169561
CC(C)C[C@H](NC(=O)[C@H](Cc1ccc2ccccc2c1)NC(=O)[C@H]1CCCc2ccccc21)B1OC2C[C@@H]3C[C@@H](C3(C)C)[C@]2(C)O1,1,IC50,8.21,1,CHEMBL3792602
CC(C)C[C@H](NC(=O)[C@H](Cc1c[nH]c2ccccc12)NC(=O)C1CCCc2ccccc21)B1OC2C[C@@H]3C[C@@H](C3(C)C)[C@]2(C)O1,1,IC50,8.44,1,CHEMBL3794171
CC(C)C[C@H](NC(=O)[C@H](Cc1ccccc1)NC(=O)C1CCc2ccccc2C1)B1OC2C[C@@H]3C[C@@H](C3(C)C)[C@]2(C)O1,1,IC50,8.84,1,CHEMBL3793242
CC1(C)[C@@H]2CC3OB([C@H](Cc4ccccc4)NC(=O)[C@H](Cc4ccccc4)NC(=O)C4CCc5ccccc5C4)O[C@@]3(C)[C@H]1C2,1,IC50,8.47,1,CHEMBL3793066
Cc1ccc(C[C@H](NC(=O)[C@H](Cc2ccccc2)NC(=O)C2CCc3ccccc3C2)B2OC3C[C@@H]4C[C@@H](C4(C)C)[C@]3(C)O2)cc1,1,IC50,8.94,1,CHEMBL3793238
CC(C)C[C@H](NC(=O)[C@H](CC(C)C)NC(=O)c1cccc2c1CCCC2)B1OC2C[C@@H]3C[C@@H](C3(C)C)[C@]2(C)O1,1,IC50,8.94,1,CHEMBL3793581
CC(C)C[C@H](NC(=O)[C@@H](NC(=O)c1cccc2c1CCCC2)C(C)C)B1OC2C[C@@H]3C[C@@H](C3(C)C)[C@]2(C)O1,1,IC50,8.16,1,CHEMBL3793192
CC(C)C[C@H](NC(=O)[C@H](Cc1ccccc1)NC(=O)c1cccc2c1CCCC2)B1OC2C[C@@H]3C[C@@H](C3(C)C)[C@]2(C)O1,1,IC50,9.12,1,CHEMBL3793848
CC(C)C[C@H](NC(=O)[C@H](Cc1cccc2ccccc12)NC(=O)c1cccc2c1CCCC2)B1OC2C[C@@H]3C[C@@H](C3(C)C)[C@]2(C)O1,1,IC50,8.87,1,CHEMBL3794207
CC(C)C[C@H](NC(=O)[C@H](Cc1cccc2ccccc12)NC(=O)c1ccc2ccccc2c1)B1OC2C[C@@H]3C[C@@H](C3(C)C)[C@]2(C)O1,1,IC50,8.61,1,CHEMBL3793093
CC(C)C[C@H](NC(=O)[C@H](Cc1ccc2ccccc2c1)NC(=O)c1cccc2c1CCCC2)B1OC2C[C@@H]3C[C@@H](C3(C)C)[C@]2(C)O1,1,IC50,8.94,1,CHEMBL3794310
CCCC[C@H](NC(=O)[C@H](Cc1ccccc1)NC(C)=O)B1OC2C[C@@H]3C[C@@H](C3(C)C)[C@]2(C)O1,1,IC50,8.07,1,CHEMBL3794303
CC(=O)N[C@@H](Cc1ccccc1)C(=O)N[C@@H](CC(C)C)B1OC2C[C@@H]3C[C@@H](C3(C)C)[C@]2(C)O1,1,IC50,8.63,1,CHEMBL3792573
CC(=O)N[C@@H](Cc1ccccc1)C(=O)N[C@@H](Cc1ccc(C)cc1)B1OC2C[C@@H]3C[C@@H](C3(C)C)[C@]2(C)O1,1,IC50,8.56,1,CHEMBL3793863
CC(C)C[C@H](NC(=O)[C@H](Cc1ccc(O)cc1)NC(=O)OC(C)(C)C)B1OC2C[C@@H]3C[C@@H](C3(C)C)[C@]2(C)O1,1,IC50,7.79,1,CHEMBL3793068
CC(C)(C)OC(=O)N[C@@H](Cc1ccc(O)cc1)C(=O)N[C@@H](Cc1ccccc1)B1OC2C[C@@H]3C[C@@H](C3(C)C)[C@]2(C)O1,1,IC50,6.94,1,CHEMBL3793665
CCCC[C@H](NC(=O)[C@H](CC(C)C)NC(=O)OC(C)(C)C)B1OC2C[C@@H]3C[C@@H](C3(C)C)[C@]2(C)O1,1,IC50,7.3,1,CHEMBL3793633
CC(C)C[C@H](NC(=O)OC(C)(C)C)C(=O)N[C@@H](Cc1ccccc1)B1OC2C[C@@H]3C[C@@H](C3(C)C)[C@]2(C)O1,1,IC50,6.92,1,CHEMBL3793010
Cc1ccc(C[C@H](NC(=O)[C@H](CC(C)C)NC(=O)OC(C)(C)C)B2OC3C[C@@H]4C[C@@H](C4(C)C)[C@]3(C)O2)cc1,1,IC50,6.33,1,CHEMBL3792846
CC(C)C[C@H](NC(=O)[C@H](Cc1c[nH]c2ccccc12)NC(=O)OCc1ccccc1)B1OC2C[C@@H]3C[C@@H](C3(C)C)[C@]2(C)O1,1,IC50,7.38,1,CHEMBL3794482
Cc1ccc(C[C@H](NC(=O)[C@H](Cc2c[nH]c3ccccc23)NC(=O)OCc2ccccc2)B2OC3C[C@@H]4C[C@@H](C4(C)C)[C@]3(C)O2)cc1,1,IC50,8.48,1,CHEMBL3793683
O=C(N[C@@H](Cc1ccccc1)C(=O)N[C@@H](Cc1ccc(F)cc1)B(O)O)c1cnccn1,1,IC50,8.36,1,CHEMBL499083
Cc1cnc(C(=O)N[C@@H](Cc2ccccc2)C(=O)N[C@@H](CC(C)C)B(O)O)cn1,1,IC50,7.58,1,CHEMBL3794075
CC(C)C[C@H](NC(=O)[C@H](Cc1ccc(C(F)(F)F)cc1)NC(=O)c1cnccn1)B(O)O,1,IC50,7.37,1,CHEMBL3792495
CC(C)C[C@H](NC(=O)[C@H](Cc1ccc(C(F)(F)F)cc1)NC(=O)c1cc(Cl)ccc1Cl)B(O)O,1,IC50,8.08,1,CHEMBL3794347
CC(C)C[C@H](NC(=O)[C@H](Cc1cc(C(F)(F)F)cc(C(F)(F)F)c1)NC(=O)c1cc(Cl)ccc1Cl)B(O)O,1,IC50,7.6,1,CHEMBL3793540
COc1cc(C[C@H](NC(=O)c2cc(Cl)ccc2Cl)C(=O)N[C@@H](CC(C)C)B(O)O)cc(OC)c1,1,IC50,8.34,1,CHEMBL3793107
O=c1c2ccccc2c(-c2ccc(OCCCC[P+](c3ccccc3)(c3ccccc3)c3ccccc3)cc2)nn1-c1cccs1,0,IC50,4.75,1,CHEMBL3799308
CCN(CC)c1ccc(-n2nc(-c3ccc(OCCCC[P+](c4ccccc4)(c4ccccc4)c4ccccc4)cc3)c3ccccc3c2=O)cc1,0,IC50,4.99,1,CHEMBL3798569
CNc1ccc(-n2nc(-c3ccc(OCCCC[P+](c4ccccc4)(c4ccccc4)c4ccccc4)cc3)c3ccccc3c2=O)cc1,0,IC50,4.85,1,CHEMBL3799001
O=c1c2ccccc2c(-c2ccc(OCCCC[P+](c3ccccc3)(c3ccccc3)c3ccccc3)cc2)nn1-c1ccc2ccccc2c1,0,IC50,4.86,1,CHEMBL3800382
CCN(CC)c1ccc(-n2nc(-c3ccc(OCCCC[P+](C4CCCCC4)(C4CCCCC4)C4CCCCC4)cc3)c3ccccc3c2=O)cc1,0,IC50,4.88,1,CHEMBL3798873
CC(C)Cn1nc(-c2ccc(OCCCC[P+](c3ccccc3)(c3ccccc3)c3ccccc3)cc2)c2ccccc2c1=O,0,IC50,4.58,1,CHEMBL3799436
O=c1c2ccccc2c(-c2ccc(OCCCC[P+](c3ccccc3)(c3ccccc3)c3ccccc3)cc2)nn1CC1CC1,0,IC50,4.64,1,CHEMBL3800475
O=c1c2ccccc2c(-c2ccc(OCCCC[P+](c3ccccc3)(c3ccccc3)c3ccccc3)cc2)nn1CC1CCC1,0,IC50,4.67,1,CHEMBL3800196
O=c1c2ccccc2c(-c2ccc(OCCCC[P+](c3ccccc3)(c3ccccc3)c3ccccc3)cc2)nn1CC1CCCCC1,0,IC50,4.79,1,CHEMBL3798107
O=c1c2ccccc2c(-c2ccc(OCCCC[P+](c3ccccc3)(c3ccccc3)c3ccccc3)cc2)nn1Cc1ccccc1,0,IC50,4.93,1,CHEMBL3797781
Cc1nc2ccc(F)cc2cc1C1=CCCCC1,0,IC50 (>),4.6,1,CHEMBL3805918
Cc1nc2ccc(Cl)cc2cc1C1=CCCCC1,0,IC50 (>),4.6,1,CHEMBL3804889
Cc1nc2cc(Br)cc(Br)c2cc1C1=CCCCC1,0,IC50 (>),4.6,1,CHEMBL3805485
Cc1nc2cc(Cl)cc(Cl)c2cc1C1=CCCCC1,0,IC50 (>),4.6,1,CHEMBL3804977
Cc1nc2ccccc2cc1C1=CCCCC1,0,IC50 (>),4.6,1,CHEMBL3805787
Cc1cc(C)c2cc(-c3ccccc3)c(-c3ccccc3)nc2c1,0,IC50 (>),4.6,1,CHEMBL3806104
C=C(C)c1cc2c(C)cc(C)cc2nc1CC,0,IC50 (>),4.6,1,CHEMBL3805830
Cc1cc(C)c2cc(C3=CCCCC3)cnc2c1,0,IC50,4.86,1,CHEMBL3805729
CCc1nc2cc(C)cc(C)c2cc1C1=CCCCC1,0,IC50,4.7,1,CHEMBL3806156
Cc1cc(C)c2cc(C3=CCCCC3)c(C)nc2c1,0,IC50,4.84,1,CHEMBL3805213
Cc1cc(C)c2cc(-c3ccccc3)c(C)nc2c1,0,IC50,4.82,1,CHEMBL3806263
Cc1ccc2nc(C)c(-c3ccccc3)cc2c1,0,IC50,4.72,1,CHEMBL3805282
Cc1cc(C)c2cc(-c3ccccc3)cnc2c1,0,IC50,4.63,1,CHEMBL3805307
c1ccc(-c2cnc3ccccc3c2)cc1,0,IC50 (>),4.6,1,CHEMBL3805672
Cc1cnc2ccccc2c1,0,IC50 (>),4.6,1,CHEMBL195661
Cc1ccc2ccccc2n1,0,IC50 (>),4.6,1,CHEMBL194931
COc1ccc2nc(C)c(C3=CCCCC3)cc2c1,0,IC50 (>),4.6,1,CHEMBL3805312
COc1cc2nc(C)c(C3=CCCCC3)cc2c(OC)c1OC,0,IC50,4.81,1,CHEMBL3805167
CN(C)c1ccc2ncc(C(C)(C)C)cc2c1,0,IC50 (>),4.6,1,CHEMBL3805957
CCCCc1ccc2cc(N(C)C)ccc2n1,0,IC50 (>),4.6,1,CHEMBL3804847
CCc1cc2cc(N(C)C)ccc2nc1CC,0,IC50,4.73,1,CHEMBL3805403
CN(C)c1ccc2nc(-c3ccccc3)c(-c3ccccc3)cc2c1,0,IC50 (>),4.6,1,CHEMBL3805036
CCCCc1ccc2nc(C)c(-c3ccccc3)cc2c1,0,IC50,4.67,1,CHEMBL3805379
Cc1nc2ccc(C(C)C)cc2cc1-c1ccccc1,0,IC50 (>),4.6,1,CHEMBL3805152
Cc1nc2ccc(Br)cc2cc1-c1ccccc1,0,IC50 (>),4.6,1,CHEMBL3805961
Nc1ccc(O)c2ncccc12,1,IC50,6.22,8,CHEMBL449298
CC(C)C[C@H](NC(=O)[C@H](CO)NC(=O)OCc1ccccc1)C(=O)N[C@@H](Cc1ccc(O)cc1)C(=O)NN,0,Ki,4.96,1,CHEMBL3961750
COC(=O)[C@H](CC(C)C)NC(=O)[C@H](Cc1ccccc1)NC(=O)[C@H](CO)NC(=O)OCc1ccccc1,0,Ki,4.99,1,CHEMBL3612421
COC(=O)[C@H](CO)NC(=O)[C@H](CC(C)C)NC(=O)[C@H](CC(C)C)NC(=O)OCc1ccccc1,1,Ki,6.38,1,CHEMBL3919583
CC(C)C[C@H](NC(=O)[C@H](CCc1ccccc1)NC(=O)CN1CCOCC1)C(=O)N[C@@H](Cc1ccccc1)C(=O)N[C@@H](CC(C)C)C(=O)[C@@]1(C)CO1,1,IC50,8.68,13,CHEMBL451887
O=C(Nc1nccs1)C1CCN(C(=O)N[C@@H](CCc2ccccc2)C(=O)N[C@@H](CCc2ccccc2)C(=O)NCc2ccccc2Cl)CC1,1,IC50,8.37,1,CHEMBL3945664
O=C(Nc1cccnc1)C1CCN(C(=O)N[C@@H](CCc2ccccc2)C(=O)N[C@@H](CCc2ccccc2)C(=O)NCc2ccccc2Cl)CC1,1,IC50,8.85,1,CHEMBL3890793
O=C(Nc1ccccn1)C1CCN(C(=O)N[C@@H](CCc2ccccc2)C(=O)N[C@@H](CCc2ccccc2)C(=O)NCc2ccccc2Cl)CC1,1,IC50,8.62,1,CHEMBL3918862
COc1ccc(NC(=O)C2CCN(C(=O)N[C@@H](CCc3ccccc3)C(=O)N[C@@H](CCc3ccccc3)C(=O)NCc3ccccc3Cl)CC2)cc1,1,IC50,7.8,1,CHEMBL3899778
O=C(Nc1ccc(F)cc1)C1CCN(C(=O)N[C@@H](CCc2ccccc2)C(=O)N[C@@H](CCc2ccccc2)C(=O)NCc2ccccc2Cl)CC1,1,IC50,7.77,1,CHEMBL3924372
O=C(Nc1ccccc1)C1CCN(C(=O)N[C@@H](CCc2ccccc2)C(=O)N[C@@H](CCc2ccccc2)C(=O)NCc2ccccc2Cl)CC1,1,IC50,8.52,1,CHEMBL3890040
O=C(NC1CCN(C(=O)N[C@@H](CCc2ccccc2)C(=O)N[C@@H](CCc2ccccc2)C(=O)NCc2ccccc2Cl)CC1)c1cnccn1,1,IC50,7.62,1,CHEMBL3959072
O=C(Nc1cnccn1)C1CCN(C(=O)N[C@@H](CCc2ccccc2)C(=O)N[C@@H](CCc2ccccc2)C(=O)NCc2ccccc2Cl)CC1,1,IC50,7.83,1,CHEMBL3942696
O=C(NC1CCN(C(=O)N[C@@H](Cc2ccccc2)C(=O)N[C@@H](CCc2ccccc2)C(=O)NCc2ccccc2Cl)CC1)c1cnccn1,1,IC50,6.46,1,CHEMBL3914696
O=C(Nc1cnccn1)C1CCN(C(=O)N[C@@H](Cc2ccccc2)C(=O)N[C@@H](CCc2ccccc2)C(=O)NCc2ccccc2Cl)CC1,1,IC50,6.82,1,CHEMBL3959621
CC(C)C[C@H](NC(=O)N1CCC(NC(=O)c2cnccn2)CC1)C(=O)N[C@@H](CCc1ccccc1)C(=O)NCc1ccccc1Cl,1,IC50,7.34,1,CHEMBL3905708
CC(C)C[C@H](NC(=O)N1CCC(C(=O)Nc2cnccn2)CC1)C(=O)N[C@@H](CCc1ccccc1)C(=O)NCc1ccccc1Cl,1,IC50,7.78,1,CHEMBL3960165
C[C@H](NC(=O)N1CCC(NC(=O)c2cnccn2)CC1)C(=O)N[C@@H](CCc1ccccc1)C(=O)NCc1ccccc1Cl,1,IC50,6.17,1,CHEMBL3932672
C[C@H](NC(=O)N1CCC(C(=O)Nc2cnccn2)CC1)C(=O)N[C@@H](CCc1ccccc1)C(=O)NCc1ccccc1Cl,1,IC50,6.22,1,CHEMBL3951433
COc1ccc2c(c1)C(CC(=O)N[C@@H](CC(C)C)C(=O)N[C@H](CC(C)C)C(=O)NCc1c(F)cccc1F)CC2=O,1,IC50,6.85,1,CHEMBL67885
C[C@H](NC(=O)c1cccc(=O)[nH]1)C(=O)N[C@@H](Cc1ccccc1)C(=O)[C@@]1(C)CO1,0,IC50,4.37,1,CHEMBL4101256
COc1ccc(C[C@H](NC(=O)c2cccc(=O)[nH]2)C(=O)N[C@@H](Cc2ccccc2)C(=O)[C@@]2(C)CO2)cc1,0,IC50,4.74,1,CHEMBL4074528
COc1ccc(C[C@H](NC(=O)[C@H](C)NC(=O)CN2CCOCC2)C(=O)N[C@@H](Cc2ccccc2)C(=O)[C@@]2(C)CO2)cc1,1,IC50,6.82,5,CHEMBL3237875
CC[C@H](C)[C@H](NC(=S)Nc1cccc([N+](=O)[O-])c1)C(=O)N[C@H](Cc1ccccc1)C(=O)Nc1cccc(OC)c1,0,IC50,4.65,1,CHEMBL4064046
CC[C@H](C)[C@H](NC(=S)Nc1cccc([N+](=O)[O-])c1)C(=O)N[C@H](Cc1ccccc1)C(=O)Nc1ccc(C)c(C)c1,0,IC50 (>),4.3,1,CHEMBL4085613
CC[C@H](C)[C@H](NC(=S)Nc1cccc([N+](=O)[O-])c1)C(=O)N[C@H](Cc1ccccc1)C(=O)Nc1ccc(OC)cc1,0,IC50,4.54,1,CHEMBL4094297
CC[C@H](C)[C@H](NC(=S)Nc1cccc([N+](=O)[O-])c1)C(=O)N[C@H](Cc1ccccc1)C(=O)Nc1cccc(C(F)(F)F)c1,1,IC50,8.07,1,CHEMBL4078686
CC[C@H](C)[C@H](NC(=S)Nc1cccc([N+](=O)[O-])c1)C(=O)N[C@H](Cc1ccccc1)C(=O)Nc1ccc(C)c(Cl)c1,0,IC50 (>),4.3,1,CHEMBL4096708
CC[C@H](C)[C@H](NC(=S)Nc1ccc(C(F)(F)F)cc1)C(=O)N[C@H](Cc1ccccc1)C(=O)Nc1cccc(Br)c1,1,IC50,7.66,1,CHEMBL4092511
CC[C@H](C)[C@H](NC(=S)Nc1ccc(Br)cc1)C(=O)N[C@H](Cc1ccccc1)C(=O)Nc1ccc(C)c(Cl)c1,0,IC50 (>),4.3,1,CHEMBL4064812
CC[C@H](C)[C@H](NC(=S)Nc1cccc(C(F)(F)F)c1)C(=O)N[C@H](Cc1ccccc1)C(=O)Nc1ccc(Cl)c(Cl)c1,1,IC50,7.77,1,CHEMBL4100259
CC[C@H](C)[C@H](NC(=S)Nc1cccc(C(F)(F)F)c1)C(=O)N[C@H](Cc1ccccc1)C(=O)Nc1cccc(C(F)(F)F)c1,0,IC50,4.71,1,CHEMBL4073408
CC[C@H](C)[C@H](/N=C(/Nc1cccc(C(F)(F)F)c1)SC)C(=O)N[C@H](Cc1ccccc1)C(=O)Nc1ccc(Cl)c(Cl)c1,0,IC50,4.65,1,CHEMBL4062055
CC[C@H](C)[C@H](/N=C(/Nc1cccc([N+](=O)[O-])c1)SC)C(=O)N[C@H](Cc1ccccc1)C(=O)Nc1ccc(C)c(C)c1,0,IC50 (>),4.3,1,CHEMBL4070680
CC(C)(C)CNC(=O)C[C@H](NC(=O)N1CCC(NC(=O)c2cnccn2)CC1)C(=O)N[C@@H](CCc1ccccc1)C(=O)NCc1ccc2c(c1)OCO2,1,IC50,8.0,1,CHEMBL4090916
CC(C)(C)CNC(=O)C[C@H](NC(=O)N1CCC(C(=O)Nc2cnccn2)CC1)C(=O)N[C@@H](CCc1ccccc1)C(=O)NCc1ccc2c(c1)OCO2,1,IC50,8.54,1,CHEMBL4102973
CC(C)(C)CNC(=O)C[C@H](NC(=O)N1CCC(NC(=O)c2ccc(F)cc2)CC1)C(=O)N[C@@H](CCc1ccccc1)C(=O)NCc1ccccc1Cl,1,IC50,8.92,1,CHEMBL4078693
CC(C)(C)CNC(=O)C[C@H](NC(=O)N1CCC(C(=O)Nc2ccc(F)cc2)CC1)C(=O)N[C@@H](CCc1ccccc1)C(=O)NCc1ccccc1Cl,1,IC50,8.82,1,CHEMBL4094582
COc1ccc(NC(=O)C2CCN(C(=O)N[C@@H](CC(=O)NCC(C)(C)C)C(=O)N[C@@H](CCc3ccccc3)C(=O)NCc3ccccc3Cl)CC2)cc1,1,IC50,7.59,1,CHEMBL4067120
CC(C)(C)CNC(=O)C[C@H](NC(=O)N1CCC(C(=O)Nc2ccc(C(F)(F)F)cc2)CC1)C(=O)N[C@@H](CCc1ccccc1)C(=O)NCc1ccccc1Cl,1,IC50,6.72,1,CHEMBL4086868
CC(C)(C)CNC(=O)C[C@H](NC(=O)N1CCC(C(=O)Nc2cccnc2)CC1)C(=O)N[C@@H](CCc1ccccc1)C(=O)NCc1ccccc1Cl,1,IC50,9.15,1,CHEMBL4104744
CC(C)(C)CNC(=O)C[C@H](NC(=O)N1CCC(C(=O)Nc2ccccn2)CC1)C(=O)N[C@@H](CCc1ccccc1)C(=O)NCc1ccccc1Cl,1,IC50,9.0,1,CHEMBL4064404
CC(C)(C)CNC(=O)C[C@H](NC(=O)N1CCC(C(=O)Nc2ccon2)CC1)C(=O)N[C@@H](CCc1ccccc1)C(=O)NCc1ccccc1Cl,1,IC50,8.15,1,CHEMBL4085936
CC(C)(C)CNC(=O)C[C@H](NC(=O)N1CCC(C(=O)Nc2nccs2)CC1)C(=O)N[C@@H](CCc1ccccc1)C(=O)NCc1ccccc1Cl,1,IC50,9.05,1,CHEMBL4102324
CC(C)(C)CNC(=O)C[C@H](NC(=O)N1CCC(C(=O)NCc2nccs2)CC1)C(=O)N[C@@H](CCc1ccccc1)C(=O)NCc1ccccc1Cl,1,IC50,9.0,1,CHEMBL4078056
CC(C)(C)CNC(=O)C[C@H](NC(=O)N1CCC(C(=O)Nc2cnccn2)CC1)C(=O)N[C@@H](CCc1ccccc1)C(=O)NCc1ccc(F)cc1F,1,IC50,8.18,1,CHEMBL4069929
CC(C)(C)CNC(=O)C[C@H](NC(=O)N1CCC(NC(=O)c2cnccn2)CC1)C(=O)N[C@@H](CCc1ccccc1)C(=O)NCc1ccc(F)cc1F,1,IC50,7.97,1,CHEMBL4083128
CC(C)(C)CNC(=O)C[C@H](NC(=O)N1CCC(C(=O)Nc2cnccn2)CC1)C(=O)N[C@@H](CCc1ccccc1)C(=O)NCc1ccccc1Cl,1,IC50,9.22,1,CHEMBL4061262
CC(C)(C)CNC(=O)C[C@H](NC(=O)N1CCC(NC(=O)c2cnccn2)CC1)C(=O)N[C@@H](CCc1ccccc1)C(=O)NCc1ccccc1Cl,1,IC50,8.96,1,CHEMBL4072652
CC(C)(C)CNC(=O)C[C@H](NC(=O)N1CCC(C(=O)Nc2cnccn2)CC1)C(=O)N[C@@H](Cc1ccccc1)C(=O)NCc1ccccc1Cl,1,IC50,7.75,1,CHEMBL4099557
CC(C)(C)CNC(=O)C[C@H](NC(=O)N1CCC(NC(=O)c2cnccn2)CC1)C(=O)N[C@@H](Cc1ccccc1)C(=O)NCc1ccccc1Cl,1,IC50,7.39,1,CHEMBL4064053
CC(C)C[C@H](NC(=O)[C@H](CC(=O)NCC(C)(C)C)NC(=O)N1CCC(C(=O)Nc2cnccn2)CC1)C(=O)NCc1ccccc1Cl,1,IC50,7.94,1,CHEMBL4091814
CC(C)C[C@H](NC(=O)[C@H](CC(=O)NCC(C)(C)C)NC(=O)N1CCC(NC(=O)c2cnccn2)CC1)C(=O)NCc1ccccc1Cl,1,IC50,7.66,1,CHEMBL4086778
C[C@H](NC(=O)[C@H](CC(=O)NCC(C)(C)C)NC(=O)N1CCC(C(=O)Nc2cnccn2)CC1)C(=O)NCc1ccccc1Cl,1,IC50,7.71,1,CHEMBL4078258
C[C@H](NC(=O)[C@H](CC(=O)NCC(C)(C)C)NC(=O)N1CCC(NC(=O)c2cnccn2)CC1)C(=O)NCc1ccccc1Cl,1,IC50,7.88,1,CHEMBL4099146
CC(C)(C)CNC(=O)C[C@H](NC(=O)N1CCN(C(=O)c2ccc(F)cc2)CC1)C(=O)N[C@@H](CCc1ccccc1)C(=O)NCc1ccccc1Cl,1,IC50,8.42,1,CHEMBL4072186
CC(C)(C)CNC(=O)C[C@H](NC(=O)N1CCN(C(=O)c2ccccn2)CC1)C(=O)N[C@@H](CCc1ccccc1)C(=O)NCc1ccccc1Cl,1,IC50,8.26,1,CHEMBL4060792
CC(C)(C)CNC(=O)C[C@H](NC(=O)C1CCN(C(=O)c2ccc(F)cc2)CC1)C(=O)N[C@@H](CCc1ccccc1)C(=O)NCc1ccccc1Cl,1,IC50,8.59,1,CHEMBL4082676
CC(C)(C)CNC(=O)C[C@H](NC(=O)C1CCN(C(=O)c2cnccn2)CC1)C(=O)N[C@@H](CCc1ccccc1)C(=O)NCc1ccccc1Cl,1,IC50,8.62,1,CHEMBL4099839
C[C@@H](CO)NC(=O)c1ccccc1O,0,IC50,4.61,1,CHEMBL4074568
O=CN(O)CCC[C@@H](NC(=O)[C@H](CO)NC(=O)[C@@H]1COC(c2ccccc2O)=N1)C(=O)NCCC(=O)N[C@@H]1CCCN(O)C1=O,0,IC50,4.41,1,CHEMBL4072145
CC(C)C[C@H](NC(=O)[C@H](Cc1ccccc1)NC1=CC(=O)c2ccccc2C1=O)B(O)O,1,IC50,7.94,1,CHEMBL4089215
CC(C)C[C@H](NC(=O)[C@H](CC(C)C)NC1=CC(=O)c2ccccc2C1=O)B(O)O,1,IC50,7.35,1,CHEMBL4088947
CC(C)C[C@H](NC(=O)CNC1=CC(=O)c2ccccc2C1=O)B(O)O,1,IC50,7.63,1,CHEMBL4092267
CC1=C(N[C@@H](Cc2ccccc2)C(=O)N[C@@H](CC(C)C)B(O)O)C(=O)c2ccccc2C1=O,1,IC50,7.59,1,CHEMBL4102483
CC(C)C[C@H](NC(=O)[C@H](Cc1ccccc1)NC1=C(Cl)C(=O)c2ccccc2C1=O)B(O)O,1,IC50,7.61,1,CHEMBL4100015
C#Cc1ccc(COC(=O)[C@H](C)NC(=O)[C@H](CCCCNC(=O)[C@@H]2OC(=O)[C@H]2CCCCCC)NC(=O)OCc2ccccc2)cc1,1,IC50,6.58,1,CHEMBL4071106
CCCCCC[C@@H]1C(=O)O[C@H]1C(=O)NCCCC[C@@H]1NC(=O)N([C@@H](C)C(=O)OCc2ccccc2)C1=O,1,IC50,6.29,1,CHEMBL4070939
CCCCCC[C@@H]1C(=O)O[C@H]1C(=O)NCCCC[C@H](NC(=O)OCc1ccccc1)C(=O)N[C@@H](C)C(=O)OCc1ccccc1,1,IC50,6.43,1,CHEMBL4091800
CCCCCC[C@@H]1C(=O)O[C@H]1C(=O)NCCCC[C@H](NC(=O)[C@H](C)NC(=O)c1ccc(Br)cc1)C(=O)OCc1ccccc1,1,IC50,6.29,1,CHEMBL4062314
CCCCCC[C@@H]1C(=O)O[C@H]1C(=O)NCCC[C@H](NC(=O)[C@H](C)NC(=O)OCc1ccccc1)C(=O)OCc1ccccc1,1,IC50,6.16,1,CHEMBL4084033
CCCCCC[C@@H]1C(=O)O[C@H]1C(=O)NCCCC[C@H](NC(=O)CNC(=O)OCc1ccccc1)C(=O)OCc1ccccc1,1,IC50,6.24,1,CHEMBL4100488
CCCCCC[C@@H]1C(=O)O[C@H]1C(=O)NCCCC[C@H](NC(=O)[C@H](C)NC(=O)OCc1ccccc1)C(=O)OCc1ccccc1,1,IC50,6.3,1,CHEMBL4073670
CCCCCCCCCCC[C@@H](C[C@@H]1OC(=O)[C@H]1CCCCCC)OC(=O)[C@H](CC(C)C)NC=O,0,IC50 (>),4.0,1,CHEMBL175247
CCCCCC(=O)N[C@H](C(=O)N[C@@H](CCS(C)(=O)=O)C(=O)N[C@@H](CC(C)C)C(=O)[C@@]1(C)CO1)C(C)C,1,Ki,6.43,1,CHEMBL4090056
CCCCCC(=O)N[C@@H](C(=O)N[C@@H](CCCC)C(=O)N[C@@H](CC(C)C)C(=O)[C@@]1(C)CO1)C(C)C,0,Ki,4.41,1,CHEMBL4086345
CC(C)C[C@H](NC(=O)[C@H](Cc1ccccc1)NC(=O)NCc1ccccc1)B(O)O,1,IC50,8.0,1,CHEMBL484701
CC(C)C[C@H](NC(=O)[C@H](Cc1ccccc1)NC(=O)NCCc1ccccc1)B(O)O,1,IC50,7.7,1,CHEMBL4077282
CC(C)C[C@H](NC(=O)[C@H](Cc1ccccc1)NC(=O)N[C@H](C)c1ccccc1)B(O)O,1,IC50,8.0,1,CHEMBL4080306
CC(C)C[C@H](NC(=O)[C@H](Cc1ccccc1)NC(=O)N[C@@H](C)c1ccccc1)B(O)O,1,IC50,6.7,1,CHEMBL4075298
CC(C)C[C@H](NC(=O)[C@H](Cc1ccccc1)NC(=O)N(C)Cc1ccccc1)B(O)O,1,IC50,8.7,1,CHEMBL4068221
Cc1cccc(CNC(=O)N[C@@H](Cc2ccccc2)C(=O)N[C@@H](CC(C)C)B(O)O)c1C,1,IC50,8.4,1,CHEMBL4077037
CC(C)C[C@H](NC(=O)[C@H](Cc1ccccc1)NC(=O)NCc1cnccn1)B(O)O,1,IC50,7.3,1,CHEMBL4065491
CC(C)C[C@H](NC(=O)[C@H](Cc1ccccc1)NC(=O)NCc1cc(Cl)ccc1Cl)B(O)O,1,IC50,7.4,1,CHEMBL4091983
CC(C)C[C@H](NC(=O)[C@H](Cc1ccccc1)NC(=O)NCc1cccc(-c2ccccc2)c1)B(O)O,1,IC50,9.52,1,CHEMBL4070336
CC(C)C[C@H](NC(=O)[C@H](Cc1ccccc1)NC(=O)NCc1ccco1)B(O)O,1,IC50,7.7,1,CHEMBL4096371
CC(C)C[C@H](NC(=O)[C@H](Cc1ccccc1)NC(=O)NCc1ccc2ccccc2c1)B(O)O,1,IC50,7.92,1,CHEMBL4075225
CC(C)C[C@H](NC(=O)[C@H](Cc1ccccc1)NC(=O)NCc1ccc(F)c(F)c1)B(O)O,1,IC50,8.7,1,CHEMBL4100727
CC(C)C[C@H](NC(=O)[C@H](Cc1ccccc1)NC(=O)NCc1cccc([N+](=O)[O-])c1)B(O)O,1,IC50,8.52,1,CHEMBL4076838
CC(C)C[C@H](NC(=O)[C@H](Cc1ccccc1)NC(=O)N1CCc2ccccc2C1=O)B(O)O,1,IC50,6.18,1,CHEMBL4105585
CC(C)CC(C=O)NC(=O)[C@H](CC(C)C)NC(=O)[C@H](CC(C)C)NC(=O)c1cc(Cl)ccc1OCc1ccccc1,1,IC50,7.0,1,CHEMBL4087490
CC(C)C[C@@H](C=O)NC(=O)[C@H](CC(C)C)NC(=O)[C@H](CC(C)C)NC(=O)c1cc(Cl)ccc1OCc1ccccc1,1,IC50,7.24,1,CHEMBL4076340
CC(C)C[C@H](NC(=O)c1cc(Cl)ccc1OCc1ccccc1)C(=O)N[C@@H](CC(C)C)C(=O)N[C@@H](C=O)CC(C)C,1,IC50,6.74,1,CHEMBL4076043
CC(C)C[C@H](NC(=O)c1cc(Cl)ccc1OCc1ccccc1)C(=O)N[C@@H](CC(C)C)C(=O)NC(C=O)Cc1ccccc1,1,IC50,6.71,1,CHEMBL4061779
CC(C)C[C@@H](C=O)NC(=O)[C@H](Cc1ccccc1)NC(=O)[C@H](CC(C)C)NC(=O)c1cc(Cl)ccc1OCc1ccccc1,1,IC50,7.17,1,CHEMBL4102943
CC(C)C[C@H](NC(=O)c1cc(Cl)ccc1OCc1ccccc1)C(=O)N[C@@H](Cc1ccccc1)C(=O)N[C@@H](C=O)CC(C)C,1,IC50,7.12,1,CHEMBL4062305
CC(C)CC(C=O)NC(=O)[C@H](Cc1ccccc1)NC(=O)[C@H](CC(C)C)NC(=O)c1cc(Cl)ccc1OCc1ccccc1,1,IC50,7.05,1,CHEMBL4084020
CC(C)C[C@H](NC(=O)c1cc(Cl)ccc1OCc1ccccc1)C(=O)N[C@@H](Cc1ccccc1)C(=O)N[C@H](C=O)Cc1ccccc1,1,IC50,6.96,1,CHEMBL4105439
CC(C)C[C@H](NC(=O)c1cc(Cl)ccc1OCc1ccccc1)C(=O)N[C@@H](Cc1ccccc1)C(=O)NC(C=O)Cc1ccccc1,1,IC50,6.78,1,CHEMBL4087567
CC(C)C[C@@H](C=O)NC(=O)[C@H](Cc1ccccc1)NC(=O)[C@H](CC(C)C)NC(=O)c1cc(Cl)ccc1O,1,IC50,6.62,1,CHEMBL4083955
CC(C)C[C@H](NC(=O)c1cc(Cl)ccc1O)C(=O)N[C@@H](Cc1ccccc1)C(=O)N[C@H](C=O)Cc1ccccc1,1,IC50,6.13,1,CHEMBL4070848
CC(C)C[C@H](NC(=O)OCc1ccccc1)C(=O)N[C@@H](Cc1ccc2ccccc2c1)C(=O)N1CCC[C@H]1B(O)O,1,IC50,7.75,1,CHEMBL4101493
C=C1CC[C@H]2C(C)(C)[C@H](O)CC[C@]2(C)[C@H]1CC1=C(O)C(=O)C2=C(C1=O)[C@@]13C=C[C@@H](O)[C@H](O)[C@]1(C2)C(=O)c1c(O)cc(C)cc1C3=O,0,IC50,4.73,1,CHEMBL4126890
CC(C)C[C@H](NC(=O)[C@H](Cc1ccccc1)Oc1ccccc1)B(O)O,1,IC50,6.9,1,CHEMBL4128448
CC(C)C[C@H](NC(=O)[C@H](Cc1ccccc1)Oc1cccc2ccccc12)B(O)O,1,IC50,6.56,1,CHEMBL4127512
CC(C)C[C@H](NC(=O)[C@H](Cc1ccccc1)Oc1cnccn1)B(O)O,1,IC50,6.81,1,CHEMBL4128910
CC(C)C[C@H](NC(=O)[C@H](Cc1ccccc1)Nc1ccccc1)B(O)O,1,IC50,6.47,1,CHEMBL4128759
CC(C)C[C@H](NC(=O)[C@H](Cc1ccccc1)Nc1cccc2ccccc12)B(O)O,1,IC50,6.78,1,CHEMBL4130122
CC(C)C[C@H](NC(=O)[C@H](Cc1ccccc1)Nc1cnccn1)B(O)O,1,IC50,6.72,1,CHEMBL4129976
CC(C)C[C@H](NC(=O)[C@H](Cc1ccccc1)OCc1ccccc1)B(O)O,1,IC50,7.44,1,CHEMBL4126712
CC(C)C[C@H](NC(=O)[C@H](Cc1ccccc1)OCc1cccc2ccccc12)B(O)O,1,IC50,6.96,1,CHEMBL4126552
CC(C)C[C@H](NC(=O)[C@H](Cc1ccccc1)OCc1cnccn1)B(O)O,1,IC50,7.28,1,CHEMBL4127942
CC(C)C[C@H](NC(=O)[C@H](Cc1ccccc1)NCc1ccccc1)B(O)O,1,IC50,8.01,1,CHEMBL4127259
CC(C)C[C@H](NC(=O)[C@H](Cc1ccccc1)NCc1cccc2ccccc12)B(O)O,1,IC50,7.04,1,CHEMBL4128643
CC(C)C[C@H](NC(=O)[C@H](Cc1ccccc1)NCc1cnccn1)B(O)O,1,IC50,7.19,1,CHEMBL4126967
CC(C)C[C@H](NC(=O)[C@H](CC(C)C)NC(=O)[C@H](Cc1ccccc1)NC(=O)OC(C)(C)C)C(=O)N[C@@H](CCCNC(=N)N)CS(=O)(=O)F,0,IC50,4.56,1,CHEMBL4129319
CC(=O)N[C@@H](Cc1ccccc1)C(=O)N[C@@H](CC(C)C)C(=O)N[C@@H](CC(C)C)C(=O)N[C@@H](CCCNC(=N)N)CS(=O)(=O)F,0,IC50,4.16,1,CHEMBL4127928
CC(C)C[C@H](NC(=O)[C@H](Cc1ccccc1)N=[N+]=[N-])C(=O)N[C@@H](CC(C)C)C(=O)N[C@@H](CCCNC(=N)N)CS(=O)(=O)F,0,IC50,4.41,1,CHEMBL4126693
CC(C)C[C@H](NC(=O)[C@H](CC(C)C)NC(=O)[C@@H](N)Cc1ccccc1)C(=O)N[C@@H](CCCCN)CS(=O)(=O)F,0,IC50 (>),4.0,1,CHEMBL4127967
CC(=O)N[C@@H](Cc1ccccc1)C(=O)N[C@@H](CC(C)C)C(=O)N[C@@H](CC(C)C)C(=O)N[C@@H](CCCCN)CS(=O)(=O)F,0,IC50 (>),4.0,1,CHEMBL4130108
CC(C)C[C@H](NC(=O)[C@H](Cc1ccccc1)N=[N+]=[N-])C(=O)N[C@@H](CC(C)C)C(=O)N[C@@H](CCCCN)CS(=O)(=O)F,0,IC50,4.17,1,CHEMBL4130258
CC(C)C[C@H](NC(=O)[C@H](CC(C)C)NC(=O)[C@@H](N)Cc1ccccc1)C(=O)N[C@@H](Cc1ccc(N)cc1)CS(=O)(=O)F,1,IC50,6.02,1,CHEMBL4128898
CC(=O)N[C@@H](Cc1ccccc1)C(=O)N[C@@H](CC(C)C)C(=O)N[C@@H](CC(C)C)C(=O)N[C@@H](Cc1ccc(N)cc1)CS(=O)(=O)F,1,IC50,6.68,1,CHEMBL4129042
CC(=O)N[C@@H](Cc1ccccc1)C(=O)N[C@@H](CC(C)C)C(=O)N[C@@H](CC(C)C)C(=O)N[C@@H](Cc1ccc(CN)cc1)CS(=O)(=O)F,0,IC50,4.75,1,CHEMBL4126411
C[C@H](NC(=O)[C@H](CC(=O)NCC(C)(C)C)NC(=O)c1ccc(C(=O)NO)cc1)C(=O)NCc1ccccc1,1,IC50,6.58,3,CHEMBL4167623
O=C(CCCCCCC(=O)Nc1ccccc1)NO,0,IC50 (>),4.6,3,CHEMBL98
O=C(CCCCCCNC(=O)c1cnc(N(c2ccccc2)c2ccccc2)nc1)NO,0,IC50 (>),4.6,3,CHEMBL2364628
COc1cccc(/C=C2\NC(=S)N(c3ccccc3)C2=O)c1,0,Ki,4.76,2,CHEMBL4215753
COc1cc(/C=C2\NC(=S)N(c3ccccc3)C2=O)ccc1O,0,Ki,4.94,2,CHEMBL4208777
COc1ccc(/C=C2\NC(=S)N(c3ccccc3)C2=O)cc1OC,0,Ki,4.87,1,CHEMBL4204445
COc1ccc(/C=C2\NC(=S)N(c3ccccc3)C2=O)cc1,0,Ki,4.96,1,CHEMBL4213715
CCC(=C(c1ccc(OCCN2CCCCCC2)cc1)c1ccc(OCCN2CCCCCC2)cc1)c1cccc(C(=O)NCC(=O)N[C@@H](CCCNC(=N)N)C(=O)N[C@@H](CCCNC(=N)N)C(=O)N[C@@H](CCCNC(=N)N)C(=O)N[C@@H](CCCNC(=N)N)C(=O)N[C@@H](CCCNC(=N)N)C(=O)N[C@@H](CCCNC(=N)N)C(=O)N[C@@H](CCCNC(=N)N)C(=O)N[C@@H](CCCNC(=N)N)C(N)=O)c1,0,IC50 (>),4.3,1,CHEMBL4212401
CCC(=C(c1ccc(OCCN2CCCCCC2)cc1)c1ccc(OCCN2CCCCCC2)cc1)c1cccc(C(=O)NCC(=O)N[C@@H](CCCNC(=N)N)C(=O)N[C@@H](CCCNC(=N)N)C(=O)N[C@@H](CCCNC(=N)N)C(=O)N[C@@H](CCCNC(=N)N)C(=O)N[C@@H](CCCNC(=N)N)C(=O)N[C@@H](CCCNC(=N)N)C(=O)N[C@@H](CCCNC(=N)N)C(=O)N[C@@H](CCCNC(=N)N)C(=O)NC(C)=O)c1,0,IC50 (>),4.4,1,CHEMBL4217338
CCC(=C(c1ccc(OCCN2CCCCCC2)cc1)c1ccc(OCCN2CCCCCC2)cc1)c1cccc(C(=O)NCC(=O)N[C@@H](CC(C)C)C(=O)N[C@@H](CC(C)C)C(=O)N[C@H](C(=O)N[C@@H](Cc2ccc(O)cc2)C(=O)NCC(=O)NCC(N)=O)C(C)C)c1,1,IC50,6.05,1,CHEMBL4210397
N=C(N)NCCC[C@H](NC(=O)[C@H](CCCNC(=N)N)NC(=O)[C@H](CCCNC(=N)N)NC(=O)[C@H](CCCNC(=N)N)NC(=O)[C@H](CCCNC(=N)N)NC(=O)[C@H](CCCNC(=N)N)NC(=O)[C@H](CCCNC(=N)N)NC(=O)[C@H](CCCNC(=N)N)NC(=O)CN)C(N)=O,0,IC50 (>),4.4,1,CHEMBL4212383
CC(=O)N[C@@H](CCCNC(=N)N)C(=O)N[C@@H](CCCNC(=N)N)C(=O)N[C@@H](CCCNC(=N)N)C(=O)N[C@@H](CCCNC(=N)N)C(=O)N[C@@H](CCCNC(=N)N)C(=O)N[C@@H](CCCNC(=N)N)C(=O)N[C@@H](CCCNC(=N)N)C(=O)N[C@@H](CCCNC(=N)N)C(=O)NCC(=O)O,0,IC50 (>),4.4,1,CHEMBL4212914
CC[C@]1(O)C[C@@H]2CN(CCc3c([nH]c4ccccc34)[C@@](C(=O)OC)(c3cc4c(cc3OC)N(C)[C@H]3[C@@](O)(C(=O)OC)[C@H](OC(C)=O)[C@]5(CC)C=CCN6CC[C@]43[C@@H]65)C2)C1,0,IC50 (>),4.4,1,CHEMBL159
CCC(=C(c1ccc(OCCN2CCCCCC2)cc1)c1ccc(OCCN2CCCCCC2)cc1)c1cccc(C(=O)NCC(=O)N[C@@H](CCCNC(=N)N)C(=O)N[C@@H](CCCNC(=N)N)C(=O)N[C@@H](CCCNC(=N)N)C(=O)N[C@@H](CCCNC(=N)N)C(N)=O)c1,0,IC50 (>),4.4,1,CHEMBL4204198
CCC(=C(c1ccc(OCCN2CCCCCC2)cc1)c1ccc(OCCN2CCCCCC2)cc1)c1cccc(C(=O)NCC(=O)N[C@@H](CCCNC(=N)N)C(=O)N[C@@H](CCCNC(=N)N)C(=O)N[C@@H](CCCNC(=N)N)C(=O)N[C@@H](CCCNC(=N)N)C(=O)N[C@@H](CCCNC(=N)N)C(=O)N[C@@H](CCCNC(=N)N)C(N)=O)c1,0,IC50 (>),4.4,1,CHEMBL4215864
CCC(=C(c1ccc(OCCN2CCCCCC2)cc1)c1ccc(OCCN2CCCCCC2)cc1)c1cccc(CNC(=O)CN[C@@H](CCCNC(=N)N)C(=O)N[C@@H](CCCNC(=N)N)C(=O)N[C@@H](CCCNC(=N)N)C(=O)N[C@@H](CCCNC(=N)N)C(=O)NC(C)=O)c1,0,IC50 (>),4.4,1,CHEMBL4218282
CCC(=C(c1ccc(OCCN2CCCCCC2)cc1)c1ccc(OCCN2CCCCCC2)cc1)c1cccc(CNC(=O)CN[C@@H](CCCNC(=N)N)C(=O)N[C@@H](CCCNC(=N)N)C(=O)N[C@@H](CCCNC(=N)N)C(=O)N[C@@H](CCCNC(=N)N)C(=O)N[C@@H](CCCNC(=N)N)C(=O)N[C@@H](CCCNC(=N)N)C(=O)NC(C)=O)c1,0,IC50 (>),4.4,1,CHEMBL4213348
CCC(=C(c1ccc(OCCN2CCCCCC2)cc1)c1ccc(OCCN2CCCCCC2)cc1)c1cccc(C(=O)NCC(=O)N[C@@H](CC(C)C)C(=O)N[C@@H](CC(C)C)C(=O)N[C@@H](CCC(=O)O)C(N)=O)c1,0,IC50,4.62,1,CHEMBL4217753
CC(C)C[C@H](NC(=O)[C@H](Cc1ccccc1)NC(=O)N1C/C(=C\c2ccc(F)cc2)C(=O)/C(=C/c2ccc(F)cc2)C1)B(O)O,1,IC50,6.08,1,CHEMBL4228991
COC[C@H](NC(=O)c1cc(Cl)ccc1Cl)C(=O)N[C@@H](CC(C)C)B1OCCNCCO1,1,IC50,8.17,1,CHEMBL4248209
CC(C)C[C@H](NC(=O)[C@H](Cc1ccccc1)NC(=O)C1CCCCC1)B(O)O,1,IC50,8.49,1,CHEMBL4238198
CC(C)C[C@H](NC(=O)[C@H](Cc1ccccc1)NC(=O)C1CCC1)B(O)O,1,IC50,8.28,1,CHEMBL4245244
CC(C)C[C@H](NC(=O)[C@H](Cc1ccccc1)NC(=O)C1CC1)B(O)O,1,IC50,8.05,1,CHEMBL4249503
CC(C)CC(=O)N[C@@H](Cc1ccccc1)C(=O)N[C@@H](CC(C)C)B(O)O,1,IC50,8.38,1,CHEMBL4241473
CCCCCCC(=O)N[C@@H](Cc1ccccc1)C(=O)N[C@@H](CC(C)C)B(O)O,1,IC50,8.7,1,CHEMBL4249022
CCCCCC(=O)N[C@@H](Cc1ccccc1)C(=O)N[C@@H](CC(C)C)B(O)O,1,IC50,8.64,1,CHEMBL4246480
CCCCC(=O)N[C@@H](Cc1ccccc1)C(=O)N[C@@H](CC(C)C)B(O)O,1,IC50,8.45,1,CHEMBL4246864
CCC(=O)N[C@@H](Cc1ccccc1)C(=O)N[C@@H](CC(C)C)B(O)O,1,IC50,8.09,1,CHEMBL4242666
CC(C)C[C@H](NC(=O)CNC(=O)CC(C)(C)C)B(O)O,1,IC50,7.57,1,CHEMBL4246922
CC(C)CC(=O)NCC(=O)N[C@@H](CC(C)C)B(O)O,1,IC50,7.69,1,CHEMBL4238931
CCCCCC(=O)NCC(=O)N[C@@H](CC(C)C)B(O)O,1,IC50,7.56,1,CHEMBL4243132
CCCCC(=O)NCC(=O)N[C@@H](CC(C)C)B(O)O,1,IC50,7.51,1,CHEMBL4249453
CCCC(=O)NCC(=O)N[C@@H](CC(C)C)B(O)O,1,IC50,7.37,1,CHEMBL4239365
CCC(=O)NCC(=O)N[C@@H](CC(C)C)B(O)O,1,IC50,6.23,1,CHEMBL4245648
CC(C)C[C@H](NC(=O)CNC(=O)C1CCCCC1)B(O)O,1,IC50,7.89,1,CHEMBL4249917
CC(C)C[C@H](NC(=O)CNC(=O)C1CCCC1)B(O)O,1,IC50,7.67,1,CHEMBL4248689
CC(C)C[C@H](NC(=O)CNC(=O)C1CC1)B(O)O,1,IC50,6.41,1,CHEMBL4244424
CC(C)C[C@H](NC(=O)CNC(=O)c1cccc2c1CCCC2)B(O)O,1,IC50,8.23,1,CHEMBL4238378
CC(C)C[C@H](NC(=O)CNC(=O)c1cnccn1)B(O)O,1,IC50,6.52,1,CHEMBL1813227
COC[C@H](NC(=O)c1cc(Cl)ccc1Cl)C(=O)N[C@@H](CC(C)C)B(O)O,1,IC50,8.09,1,CHEMBL4243375
COC[C@H](NC(=O)c1cccc2c1CCCC2)C(=O)N[C@@H](CC(C)C)B(O)O,1,IC50,8.32,1,CHEMBL4251272
COC[C@H](NC(=O)c1cnccn1)C(=O)N[C@@H](CC(C)C)B(O)O,1,IC50,7.13,1,CHEMBL4250217
CC(C)C[C@H](NC(=O)CNC(=O)c1cc(Cl)ccc1Cl)B1OC(=O)CC(CC(=O)O)(C(=O)O)O1,1,IC50,8.07,1,CHEMBL1813256
C[C@H](NC(=O)[C@H](Cc1ccc(OCc2ccccc2)cc1)NC(=O)OC(C)(C)C)C(=O)N[C@@H](C[C@]1(O)C(=O)Nc2ccccc21)C(=O)NCc1ccc(-c2ccccc2)cc1,0,IC50,4.54,1,CHEMBL4277652
COC(=O)CCNC(=O)[C@H](C[C@]1(O)C(=O)Nc2ccccc21)NC(=O)[C@H](C)NC(=O)[C@H](Cc1ccc(OCc2ccccc2)cc1)NC(=O)OC(C)(C)C,0,IC50,4.19,1,CHEMBL4281070
C[C@H](NC(=O)[C@H](Cc1ccc(OCc2ccccc2)cc1)NC(=O)OC(C)(C)C)C(=O)N[C@@H](C[C@]1(O)C(=O)Nc2ccccc21)C(=O)NCC(C)(C)C,0,IC50,4.95,1,CHEMBL4286888
CC(O)[C@@H](NC(=O)[C@H](Cc1ccc(OCc2ccccc2)cc1)NC(=O)OC(C)(C)C)C(=O)N[C@@H](C[C@]1(O)C(=O)Nc2ccccc21)C(=O)NCc1ccccc1,1,IC50,6.9,1,CHEMBL4294116
CC(C)(C)OC(=O)NCCCC[C@H](NC(=O)[C@H](Cc1ccc(OCc2ccccc2)cc1)NC(=O)OC(C)(C)C)C(=O)N[C@@H](C[C@]1(O)C(=O)Nc2ccccc21)C(=O)NCc1ccccc1,0,IC50,4.66,1,CHEMBL4283534
NC(=O)C[C@H](NC(=O)OCc1ccccc1)C(=O)N[C@@H](C[C@]1(O)C(=O)Nc2ccccc21)C(=O)NCc1ccccc1,1,IC50,6.44,1,CHEMBL4283793
CC(O)[C@@H](NC(=O)OCc1ccccc1)C(=O)N[C@@H](C[C@]1(O)C(=O)Nc2ccccc21)C(=O)NCc1ccccc1,1,IC50,6.06,1,CHEMBL4294367
C[C@H](NC(=O)Cc1cccc(Oc2ccccc2)c1)C(=O)N[C@@H](C[C@]1(O)C(=O)Nc2ccccc21)C(=O)NCc1ccccc1,1,IC50,6.46,1,CHEMBL4280336
C[C@H](NC(=O)c1ccc(OCc2ccccc2)cc1)C(=O)N[C@@H](C[C@]1(O)C(=O)Nc2ccccc21)C(=O)NCc1ccccc1,1,IC50,6.95,1,CHEMBL4290977
CC(O)[C@@H](NC(=O)c1ccc(OCc2ccccc2)cc1)C(=O)N[C@@H](C[C@]1(O)C(=O)Nc2ccccc21)C(=O)NCc1ccccc1,1,IC50,8.15,1,CHEMBL4290574
CC[C@H](C)[C@@H]1C(=O)O[C@H]1C(=O)N[C@H](C(=O)N[C@H](C(=O)OCc1ccccc1)C(C)C)C(C)C,1,IC50,8.15,1,CHEMBL4293877
C=CCOC(=O)[C@@H](NC(=O)[C@@H](NC(=O)[C@@H]1OC(=O)[C@H]1[C@@H](C)CC)C(C)C)C(C)C,1,IC50,8.03,1,CHEMBL4285979
CC[C@H](C)[C@@H]1C(=O)O[C@H]1C(=O)N[C@H](C(=O)N[C@H](C(=O)OCc1ccc(Cl)cc1)C(C)C)C(C)C,1,IC50,8.09,1,CHEMBL4278729
CC[C@H](C)[C@@H]1C(=O)O[C@H]1C(=O)N[C@H](C(=O)N[C@H](C(=O)OCC1CCCCC1)C(C)C)C(C)C,1,IC50,7.73,1,CHEMBL4289394
CC[C@H](C)[C@@H]1C(=O)O[C@H]1C(=O)N[C@H](C(=O)N[C@H](C(=O)OCC(C)C)C(C)C)C(C)C,1,IC50,8.06,1,CHEMBL4282198
CC[C@H](C)[C@@H]1C(=O)O[C@H]1C(=O)N[C@H](C(=O)N[C@H](C(=O)NCc1ccccc1)C(C)C)C(C)C,1,IC50,8.44,1,CHEMBL4292798
CC[C@H](C)[C@@H]1C(=O)O[C@H]1C(=O)N[C@H](C(=O)N[C@H](C(=O)OCc1ccc(OC)cc1)C(C)C)C(C)C,1,IC50,7.99,1,CHEMBL4276815
C=CCCOC(=O)[C@@H](NC(=O)[C@@H](NC(=O)[C@@H]1OC(=O)[C@H]1[C@@H](C)CC)C(C)C)C(C)C,1,IC50,8.18,1,CHEMBL4287467
CC[C@H](C)[C@@H]1C(=O)O[C@H]1C(=O)N[C@H](C(=O)N[C@H](C(=O)OC)C(C)C)C(C)C,1,IC50,7.8,1,CHEMBL4292745
CC(C)[C@H](NC(=O)[C@@H](NC(=O)[C@@H]1OC(=O)[C@H]1C(C)C)C(C)C)C(=O)O,1,IC50,6.05,1,CHEMBL4282765
CC(C)[C@H](NC(=O)[C@@H]1OC(=O)[C@H]1C1CC1)C(=O)N[C@H](C(=O)OCc1ccccc1)C(C)C,1,IC50,8.12,1,CHEMBL4286462
CC(C)[C@H](NC(=O)[C@@H]1OC(=O)[C@H]1C1CCC1)C(=O)N[C@H](C(=O)OCc1ccccc1)C(C)C,1,IC50,7.88,1,CHEMBL4288920
CC(C)[C@H](NC(=O)[C@@H]1OC(=O)[C@H]1C1CCCC1)C(=O)N[C@H](C(=O)OCc1ccccc1)C(C)C,1,IC50,7.89,1,CHEMBL4280675
CC(C)C[C@@H]1C(=O)O[C@H]1C(=O)N[C@H](C(=O)N[C@H](C(=O)OCc1ccccc1)C(C)C)C(C)C,1,IC50,7.71,1,CHEMBL4294463
CC[C@H](C)[C@@H]1C(=O)O[C@H]1C(=O)NCC(=O)N[C@H](C(=O)OCc1ccccc1)C(C)C,1,IC50,8.57,1,CHEMBL4282642
CC[C@H](C)[C@@H]1C(=O)O[C@H]1C(=O)N[C@@H](Cc1ccccc1)C(=O)N[C@H](C(=O)OCc1ccccc1)C(C)C,1,IC50,8.11,1,CHEMBL4281941
CC[C@H](C)[C@@H]1C(=O)O[C@H]1C(=O)N[C@H](C(=O)N[C@@H](Cc1ccccc1)C(=O)OCc1ccccc1)C(C)C,1,IC50,8.24,1,CHEMBL4282369
CC[C@H](C)[C@@H]1C(=O)O[C@H]1C(=O)N[C@@H](Cc1ccccc1)C(=O)N[C@@H](Cc1ccccc1)C(=O)OCc1ccccc1,1,IC50,7.94,1,CHEMBL4280626
CC[C@H](C)[C@@H]1C(=O)O[C@H]1C(=O)N[C@H](C(=O)N[C@H](C(=O)OCc1ccccc1)C(C)C)C(C)(C)C,1,IC50,7.64,1,CHEMBL4278670
CC[C@H](C)[C@@H]1C(=O)O[C@H]1C(=O)N[C@H](C(=O)N[C@H](C(=O)OCc1ccccc1)C(C)(C)C)C(C)C,1,IC50,8.01,1,CHEMBL4283227
CC[C@H](C)[C@@H]1C(=O)O[C@H]1C(=O)N[C@H](C(=O)N[C@H](C(=O)OCc1ccccc1)C(C)(C)C)C(C)(C)C,1,IC50,7.45,1,CHEMBL4293806
CC[C@H](C)[C@@H]1C(=O)O[C@H]1C(=O)N[C@@H](CC(C)C)C(=O)N[C@H](C(=O)OCc1ccccc1)C(C)C,1,IC50,8.3,1,CHEMBL4293394
CC[C@H](C)[C@@H]1C(=O)O[C@H]1C(=O)N[C@H](C(=O)N[C@@H](CC(C)C)C(=O)OCc1ccccc1)C(C)C,1,IC50,8.11,1,CHEMBL4292698
CC[C@H](C)[C@@H]1C(=O)O[C@H]1C(=O)N[C@@H](COCc1ccccc1)C(=O)N[C@H](C(=O)OCc1ccccc1)C(C)C,1,IC50,8.11,1,CHEMBL4282576
CC[C@H](C)[C@@H]1C(=O)O[C@H]1C(=O)N[C@H](C(=O)N[C@@H](COCc1ccccc1)C(=O)OCc1ccccc1)C(C)C,1,IC50,8.51,1,CHEMBL4290778
C1=C2CN3CCCC/C=C\CC[C@@H]4CN(CCCC/C=C\CC[C@H]1C3)CC[C@@H]24,1,IC50,6.38,1,CHEMBL4092241
CC(C)C[C@H](NC(=O)[C@H](Cc1ccccc1)NC(=O)OCc1ccccc1)C(=O)N[C@H](C=O)Cc1ccccc1,1,IC50,6.29,1,CHEMBL4540394
CC(C)C[C@@H](C=O)NC(=O)[C@H](CC(C)C)NC(=O)[C@H](Cc1ccccc1)NC(=O)OCc1ccccc1,1,IC50,6.86,1,CHEMBL4590466
C#CCOc1ccc(C[C@@H](C=O)NC(=O)[C@H](CC(C)C)NC(=O)[C@H](Cc2ccccc2)NC(=O)OCc2ccccc2)cc1,1,IC50,6.72,1,CHEMBL4574306
CC(C)C[C@@H](C=O)NC(=O)[C@H](CO)NC(=O)[C@H](CC(C)C)NC(=O)OCc1ccccc1,1,IC50,6.57,1,CHEMBL4531762
CC(C)C[C@H](NC(=O)OCc1ccccc1)C(=O)N[C@@H](CC(C)C)C(=O)N[C@@H](CC(C)C)C(=O)[C@@]1(C)CO1,1,IC50,6.66,1,CHEMBL4475662
CCCc1ccc(OCC(=O)N(Cc2nc(-c3cccnc3)no2)C(C)C)cc1,1,IC50,8.3,3,CHEMBL2346855
CC(C)N(CC(=O)Nc1ccnnc1)C(=O)COc1ccc(CCO)cc1,1,IC50,6.01,1,CHEMBL4470392
CC(C)N(CC(=O)Nc1ccnnc1)C(=O)COc1ccc(Br)cc1,1,IC50,6.39,1,CHEMBL4453883
CC(C)N(CC(=O)Nc1ccccc1)C(=O)COc1ccc(C(F)(F)F)cc1,1,IC50,6.02,1,CHEMBL4450828
CCOc1ccc(OCC(=O)N(CC(=O)Nc2ccnnc2)C(C)C)cc1,1,IC50,6.59,1,CHEMBL4520975
COc1ccc(OCC(=O)N(CC(=O)Nc2ccnnc2)C(C)C)cc1,1,IC50,6.24,1,CHEMBL4459620
CCCCCc1ccc(OCC(=O)N(CC(=O)Nc2ccnnc2)C(C)C)cc1,1,IC50,7.19,1,CHEMBL4522804
CC(C)Cc1ccc(OCC(=O)N(CC(=O)Nc2ccnnc2)C(C)C)cc1,1,IC50,6.93,1,CHEMBL4575392
CCCCc1ccc(OCC(=O)N(CC(=O)Nc2ccnnc2)C(C)C)cc1,1,IC50,7.31,1,CHEMBL4587043
CCc1ccc(OCC(=O)N(CC(=O)Nc2ccnnc2)C(C)C)cc1,1,IC50,6.61,1,CHEMBL4451594
Cc1ccc(OCC(=O)N(CC(=O)Nc2ccnnc2)C(C)C)cc1,1,IC50,6.32,1,CHEMBL4444566
CCCc1ccc(OCC(=O)N(CC(=O)Nc2ccc(C#N)cc2)C(C)C)cc1,1,IC50,6.44,1,CHEMBL4553043
CCCc1ccc(OCC(=O)N(CC(=O)Nc2ccc(S(C)(=O)=O)cc2)C(C)C)cc1,1,IC50,6.64,1,CHEMBL4441072
CCCc1ccc(OCC(=O)N(CC(=O)Nc2ccc(C(F)(F)F)cc2)C(C)C)cc1,1,IC50,6.04,1,CHEMBL4455507
CCCc1ccc(OCC(=O)N(CC(=O)Nc2ccc(OC)cc2)C(C)C)cc1,1,IC50,6.02,1,CHEMBL4440462
CCCc1ccc(OCC(=O)N(CC(=O)Nc2ccccc2OC)C(C)C)cc1,0,IC50 (>),5.0,1,CHEMBL4522343
CCCc1ccc(OCC(=O)N(CC(=O)Nc2ccnnc2)C(C)C)cc1,1,IC50,7.05,1,CHEMBL4471047
CCCc1ccc(OCC(=O)N(CC(=O)Nc2cnccn2)C(C)C)cc1,1,IC50,6.4,1,CHEMBL4447781
CCCc1ccc(OCC(=O)N(CC(=O)Nc2cncnc2)C(C)C)cc1,1,IC50,6.55,1,CHEMBL4482928
CCCc1ccc(OCC(=O)N(CC(=O)Nc2ccncc2)C(C)C)cc1,1,IC50,7.0,1,CHEMBL4524703
CCCc1ccc(OCC(=O)N(CC(=O)Nc2ccccn2)C(C)C)cc1,1,IC50,6.08,1,CHEMBL4460049
C#Cc1cccc(C(=O)NCCNC(=O)[C@H](CC(=O)NC(C)(C)C)NS(=O)(=O)c2ccc(C)cc2)c1,1,IC50,6.37,1,CHEMBL4444494
Cc1ccc(S(=O)(=O)N[C@@H](CC(=O)NC(C)(C)C)C(=O)NCCNC(=O)c2cccc(C(F)(F)F)c2)cc1,0,IC50,4.43,1,CHEMBL4532885
Cc1ccc(S(=O)(=O)N[C@@H](CC(=O)NC(C)(C)C)C(=O)NCCNC(=O)c2cccc(C#N)c2)cc1,0,IC50,4.4,1,CHEMBL4466632
Cc1ccc(S(=O)(=O)N[C@@H](CC(=O)NC(C)(C)C)C(=O)NCCNC(=O)c2ccccn2)cc1,0,IC50,4.53,1,CHEMBL4475733
Cc1ccc(S(=O)(=O)N[C@@H](CC(=O)NC(C)(C)C)C(=O)NCCNC(=O)c2cc(Cl)ccn2)cc1,0,IC50 (>),4.0,1,CHEMBL4536963
Cc1ccc(S(=O)(=O)N[C@@H](CC(=O)NC(C)(C)C)C(=O)NCCNC(=O)c2cc(C)ccn2)cc1,0,IC50 (>),4.0,1,CHEMBL4447046
Cc1ccc(S(=O)(=O)N[C@@H](CC(=O)NC(C)(C)C)C(=O)NCCNC(=O)c2c(O)cccc2F)cc1,1,IC50,6.27,1,CHEMBL4567620
Cc1ccc(S(=O)(=O)N[C@@H](CC(=O)NC(C)(C)C)C(=O)NCCNC(=O)Nc2ccccc2)cc1,0,IC50 (>),4.0,1,CHEMBL4563110
Cc1cc(S(=O)(=O)N[C@@H](CC(=O)NC(C)(C)C)C(=O)NCCNC(=O)c2ccccc2F)no1,0,IC50,4.41,1,CHEMBL4548705
Cc1ccc(S(=O)(=O)N[C@@H](CC(=O)NC(C)(C)C)C(=O)NCCNC(=O)c2cc(-c3ccccc3F)ccc2F)cc1,1,IC50,6.96,3,CHEMBL4521524
Cc1ccc(S(=O)(=O)N[C@@H](CC(=O)NC(C)(C)C)C(=O)NCCNC(=O)c2cc(C)ccc2F)cc1,0,IC50,4.92,1,CHEMBL4577554
COc1cccc(C(=O)NCCNC(=O)[C@H](CC(=O)NC(C)(C)C)NS(=O)(=O)c2ccc(C)cc2)c1,1,IC50,6.3,1,CHEMBL4461840
Cc1ccc(S(=O)(=O)N[C@@H](CC(=O)NC(C)(C)C)C(=O)NCCNC(=O)NCc2ccccc2)cc1,0,IC50,4.33,1,CHEMBL4471926
Cc1ccc(S(=O)(=O)N[C@@H](CC(=O)NC(C)(C)C)C(=O)NCCNS(=O)(=O)c2ccccc2)cc1,0,IC50 (>),4.0,1,CHEMBL4589303
Cc1ccc(S(=O)(=O)N[C@@H](CC(=O)NC(C)(C)C)C(=O)NCCNC(=O)c2ccccc2Cl)cc1,0,IC50,4.58,1,CHEMBL4555610
Cc1ccc(S(=O)(=O)N[C@@H](CC(=O)NC(C)(C)C)C(=O)NCCNC(=O)c2ccccc2O)cc1,1,IC50,6.39,1,CHEMBL4538027
COc1cc(OC)cc(C(=O)NCCNC(=O)[C@H](CC(=O)NC(C)(C)C)NS(=O)(=O)c2ccc(C)cc2)c1,0,IC50 (>),4.0,1,CHEMBL4470048
Cc1ccc(S(=O)(=O)N[C@@H](CC(=O)NC(C)(C)C)C(=O)NCCNC(=O)c2cc(Cl)ccc2Cl)cc1,0,IC50 (>),4.0,1,CHEMBL4573901
CCc1cccc(Nc2ccn(CCC(=O)N[C@@H](CC(C)C)B(O)O)c(=O)c2)c1,1,Ki,7.77,1,CHEMBL4458610
CSC[C@H](NC(=O)c1cc(Cl)ccc1Cl)C(=O)N[C@@H](CC(C)C)B1OCCNCCO1,1,IC50,8.34,1,CHEMBL4444471
CC(C)C[C@H](NC(=O)c1cnccn1)C(=O)N[C@@H](CC(C)C)C(=O)N[C@H](/C=C/S(C)(=O)=O)Cc1ccc(CN)cc1,0,IC50 (>),5.0,2,CHEMBL4592602
COC[C@H](NC(=O)[C@H](CC(C)C)NC(=O)c1cnc(C)s1)C(=O)N[C@H](/C=C/S(C)(=O)=O)Cc1ccc(CN)cc1,0,IC50 (>),5.0,2,CHEMBL4545073
Cc1ncc(C(=O)N[C@@H](CC2CCCCC2)C(=O)N[C@@H](CC(C)C)C(=O)N[C@H](/C=C/S(C)(=O)=O)Cc2ccc(CN)cc2)s1,0,IC50 (>),5.0,2,CHEMBL4450505
COC1CCC(C[C@H](NC(=O)c2cnc(C)s2)C(=O)N[C@@H](CC(C)C)C(=O)N[C@H](/C=C/S(C)(=O)=O)Cc2ccc(CN)cc2)CC1,0,IC50 (>),5.0,2,CHEMBL4442929
COc1ccc(C[C@H](NC(=O)[C@H](C)NC(=O)CN2CCOCC2)C(=O)N[C@@H](CC2CCCC3CCCCC32)C(=O)[C@@]2(C)CO2)cc1,0,IC50 (>),4.0,1,CHEMBL4446214
COc1ccc(C[C@H](NC(=O)[C@H](C)NC(=O)CN2CCOCC2)C(=O)N[C@@H](C[C@@H]2CCC[C@H]3CCCC[C@H]32)C(=O)[C@@]2(C)CO2)cc1,0,IC50 (>),4.0,1,CHEMBL4513509
COc1ccc(C[C@H](NC(=O)[C@H](C)NC(=O)CN2CCOCC2)C(=O)N[C@@H](C[C@H]2CCCc3ccccc32)C(=O)[C@@]2(C)CO2)cc1,0,IC50 (>),4.0,1,CHEMBL4452605
COc1ccc(C[C@H](NC(=O)[C@H](C)NC(=O)CN2CCOCC2)C(=O)N[C@@H](C[C@@H]2CCCc3ccccc32)C(=O)[C@@]2(C)CO2)cc1,0,IC50 (>),4.0,1,CHEMBL4518685
COc1ccc(C[C@H](NC(=O)[C@H](C)NC(=O)CN2CCOCC2)C(=O)N[C@@H](C[C@H]2CCCC3CCCCC32)C(=O)[C@@]2(C)CO2)cc1,0,IC50 (>),4.0,1,CHEMBL4550552
COc1ccc(C[C@H](NC(=O)[C@H](C)NC(=O)CN2CCOCC2)C(=O)N[C@@H](C[C@@H]2CCCC3CCCCC32)C(=O)[C@@]2(C)CO2)cc1,0,IC50 (>),4.0,1,CHEMBL4544868
COc1ccc(C[C@H](NC(=O)[C@H](C)NC(=O)CN2CCOCC2)C(=O)N[C@@H](C[C@H]2CCC[C@@H]3CCCC[C@@H]32)C(=O)[C@@]2(C)CO2)cc1,0,IC50 (>),4.0,1,CHEMBL4443899
CC(C)C[C@H](NC(=O)[C@H](Cc1ccccc1)N=[N+]=[N-])C(=O)N[C@@H](CO)C(=O)N[C@H](/C=C/S(C)(=O)=O)Cc1ccc(CN)cc1,0,IC50 (>),5.0,1,CHEMBL4440581
CC(C)C[C@H](NC(=O)[C@H](Cc1ccccc1)N=[N+]=[N-])C(=O)NCC(=O)N[C@H](/C=C/S(C)(=O)=O)Cc1ccc(CN)cc1,0,IC50 (>),5.0,1,CHEMBL4546121
CC(C)C[C@H](NC(=O)[C@H](Cc1ccccc1)N=[N+]=[N-])C(=O)N[C@@H](C)C(=O)N[C@H](/C=C/S(C)(=O)=O)Cc1ccc(CN)cc1,0,IC50 (>),5.0,1,CHEMBL4451682
COC[C@@H]1NC(=O)c2ccccc2OCCCCOC[C@@H](C(=O)N[C@@H](Cc2ccccc2)C(=O)[C@@]2(C)CO2)NC1=O,1,IC50,7.44,1,CHEMBL4565982
COC[C@@H]1NC(=O)c2ccccc2OCCCCCOC[C@@H](C(=O)N[C@@H](Cc2ccccc2)C(=O)[C@@]2(C)CO2)NC1=O,1,IC50,7.68,1,CHEMBL4585963
COC[C@@H]1NC(=O)c2ccccc2OCCCCCCOC[C@@H](C(=O)N[C@@H](Cc2ccccc2)C(=O)[C@@]2(C)CO2)NC1=O,1,IC50,7.27,1,CHEMBL4449200
COC[C@@H]1NC(=O)c2ccccc2OCCCCCCCOC[C@@H](C(=O)N[C@@H](Cc2ccccc2)C(=O)[C@@]2(C)CO2)NC1=O,1,IC50,7.2,1,CHEMBL4560321
COC[C@@H]1NC(=O)c2ccccc2OCCCCCCCCOC[C@@H](C(=O)N[C@@H](Cc2ccccc2)C(=O)[C@@]2(C)CO2)NC1=O,1,IC50,6.46,1,CHEMBL4592762
COC[C@@H]1NC(=O)c2ccccc2OCCCCCCCCCOC[C@@H](C(=O)N[C@@H](Cc2ccccc2)C(=O)[C@@]2(C)CO2)NC1=O,1,IC50,6.34,1,CHEMBL4458777
COC[C@@H]1NC(=O)c2cccc(F)c2OCCCCCCOC[C@@H](C(=O)N[C@@H](Cc2ccccc2)C(=O)[C@@]2(C)CO2)NC1=O,1,IC50,7.6,1,CHEMBL4546156
COC[C@@H]1NC(=O)c2cccc(OC)c2OCCCCCCOC[C@@H](C(=O)N[C@@H](Cc2ccccc2)C(=O)[C@@]2(C)CO2)NC1=O,1,IC50,8.4,1,CHEMBL4580102
COC[C@@H]1NC(=O)c2ccc(F)cc2OCCCCCCOC[C@@H](C(=O)N[C@@H](Cc2ccccc2)C(=O)[C@@]2(C)CO2)NC1=O,1,IC50,6.69,1,CHEMBL4591075
COC[C@@H]1NC(=O)c2ccc(OC)cc2OCCCCCCOC[C@@H](C(=O)N[C@@H](Cc2ccccc2)C(=O)[C@@]2(C)CO2)NC1=O,1,IC50,6.6,1,CHEMBL4440926
COC[C@@H]1NC(=O)c2ccc(C)cc2OCCCCCCOC[C@@H](C(=O)N[C@@H](Cc2ccccc2)C(=O)[C@@]2(C)CO2)NC1=O,1,IC50,6.79,1,CHEMBL4530484
COC[C@@H]1NC(=O)c2ccc(Cl)cc2OCCCCCCOC[C@@H](C(=O)N[C@@H](Cc2ccccc2)C(=O)[C@@]2(C)CO2)NC1=O,1,IC50,7.0,1,CHEMBL4464002
COC[C@@H]1NC(=O)c2cc(Cl)ccc2OCCCCCCOC[C@@H](C(=O)N[C@@H](Cc2ccccc2)C(=O)[C@@]2(C)CO2)NC1=O,1,IC50,6.36,1,CHEMBL4461405
COC[C@@H]1NC(=O)c2ncccc2OCCCCCCOC[C@@H](C(=O)N[C@@H](Cc2ccccc2)C(=O)[C@@]2(C)CO2)NC1=O,1,IC50,6.61,1,CHEMBL4444275
COC[C@@H]1NC(=O)c2cccc(c2)OCCCCCCCCOC[C@@H](C(=O)N[C@@H](Cc2ccccc2)C(=O)[C@@]2(C)CO2)NC1=O,1,IC50,7.29,1,CHEMBL4465844
COC[C@@H]1NC(=O)c2cnn(C)c2OCCCCCCOC[C@@H](C(=O)N[C@@H](Cc2ccccc2)C(=O)[C@@]2(C)CO2)NC1=O,1,IC50,7.5,1,CHEMBL4559176
COC[C@@H]1NC(=O)c2cccnc2OCCCCCCOC[C@@H](C(=O)N[C@@H](Cc2ccccc2)C(=O)[C@@]2(C)CO2)NC1=O,1,IC50,6.63,1,CHEMBL4447069
COC[C@@H]1NC(=O)c2sccc2OCCCCCCOC[C@@H](C(=O)N[C@@H](Cc2ccccc2)C(=O)[C@@]2(C)CO2)NC1=O,1,IC50,6.59,1,CHEMBL4536377
COC[C@@H]1NC(=O)c2sc(C)nc2OCCCCCCOC[C@@H](C(=O)N[C@@H](Cc2ccccc2)C(=O)[C@@]2(C)CO2)NC1=O,1,IC50,6.41,1,CHEMBL4449881
COC[C@@H]1NC(=O)[C@@H]2CCCN2C(=O)CCCCCOC[C@@H](C(=O)N[C@@H](Cc2ccccc2)C(=O)[C@@]2(C)CO2)NC1=O,1,IC50,6.45,1,CHEMBL4466983
COC[C@@H]1NC(=O)c2cccn2CCCCCCOC[C@@H](C(=O)N[C@@H](Cc2ccccc2)C(=O)[C@@]2(C)CO2)NC1=O,1,IC50,7.85,1,CHEMBL4448256
COC[C@@H]1NC(=O)c2nccn2CCCCCCOC[C@@H](C(=O)N[C@@H](Cc2ccccc2)C(=O)[C@@]2(C)CO2)NC1=O,1,IC50,7.85,1,CHEMBL4434719
COC[C@@H]1NC(=O)c2nccn2CCCCCCCOC[C@@H](C(=O)N[C@@H](Cc2ccccc2)C(=O)[C@@]2(C)CO2)NC1=O,1,IC50,7.43,1,CHEMBL4434736
COC[C@@H]1NC(=O)c2ccnn2CCCCCCOC[C@@H](C(=O)N[C@@H](Cc2ccccc2)C(=O)[C@@]2(C)CO2)NC1=O,1,IC50,7.8,1,CHEMBL4471209
COC[C@@H]1NC(=O)c2ccnn2CCCCCCCOC[C@@H](C(=O)N[C@@H](Cc2ccccc2)C(=O)[C@@]2(C)CO2)NC1=O,1,IC50,7.6,1,CHEMBL4541096
COC[C@@H]1NC(=O)c2cnn(C)c2CCCCCCOC[C@@H](C(=O)N[C@@H](Cc2ccccc2)C(=O)[C@@]2(C)CO2)NC1=O,1,IC50,7.7,1,CHEMBL4469081
COC[C@@H]1NC(=O)c2ccccc2OCCCCCCC[C@@H](C(=O)N[C@@H](Cc2ccccc2)C(=O)[C@@]2(C)CO2)NC1=O,1,IC50,7.85,1,CHEMBL4472844
COC[C@@H]1NC(=O)c2ccccc2OCCCCCCCC[C@@H](C(=O)N[C@@H](Cc2ccccc2)C(=O)[C@@]2(C)CO2)NC1=O,1,IC50,7.46,1,CHEMBL4536022
COC[C@@H]1NC(=O)c2ccccc2OCCOCCOC[C@@H](C(=O)N[C@@H](Cc2ccccc2)C(=O)[C@@]2(C)CO2)NC1=O,1,IC50,6.94,1,CHEMBL4453760
COC[C@@H]1NC(=O)c2ccccc2OCCOCCOCCOC[C@@H](C(=O)N[C@@H](Cc2ccccc2)C(=O)[C@@]2(C)CO2)NC1=O,1,IC50,6.43,1,CHEMBL4536411
CC(C)C[C@H](NC(=O)[C@H](Cc1ccc(O)cc1)NC(=O)[C@@H]1CCCN1C(=O)[C@@H]1CCCN1C(=O)[C@H](CCCNC(=N)N)NC(=O)[C@@H]1CCCN1C(=O)[C@H](CCCNC(=N)N)NC(=O)[C@H](CCCNC(=N)N)NC(=O)[C@@H](N)CCCNC(=N)N)C(=O)N1CCC[C@H]1C(=O)N[C@@H](CCCNC(=N)N)C(=O)N[C@@H](Cc1c[nH]c2ccccc12)C(=O)NCC(=O)O,1,Ki,8.32,4,CHEMBL4522493
CC(C)C[C@H](NC(=O)[C@H](Cc1ccc(O)cc1)NC(=O)[C@H](CCCNC(=N)N)NC(=O)[C@H](CCCNC(=N)N)NC(=O)[C@@H](N)CCCNC(=N)N)C(=O)N1CCC[C@H]1C(=O)N[C@@H](CCCNC(=N)N)C(=O)N[C@@H](Cc1c[nH]c2ccccc12)C(=O)NCC(N)=O,1,Ki,8.0,2,CHEMBL4473076
CC(C)C[C@H](NC(=O)[C@H](Cc1ccc(O)cc1)NC(=O)[C@H](CCCNC(=N)N)NC(=O)[C@H](CCCNC(=N)N)NC(=O)[C@@H](N)CCCNC(=N)N)C(=O)N1CCC[C@H]1C(=O)N[C@@H](CCCNC(=N)N)C(=O)N[C@@H](Cc1ccc(O)cc1)C(=O)N[C@@H](C)C(N)=O,1,IC50,6.81,1,CHEMBL4445118
N=C(N)NCCC[C@H](NC(=O)[C@H](CCCNC(=N)N)NC(=O)[C@@H](N)CCCNC(=N)N)C(=O)N[C@@H](Cc1ccc(O)cc1)C(=O)N1CCC[C@H]1C(=O)N[C@@H](CCCNC(=N)N)C(=O)N[C@@H](Cc1c[nH]c2ccccc12)C(=O)NCC(=O)O,1,IC50,6.78,1,CHEMBL4573624
CC(C)C[C@H](NC(=O)[C@H](Cc1ccc(O)cc1)NC(=O)[C@@H]1CCCN1C(=O)[C@@H]1CCCN1C(=O)[C@H](CCCNC(=N)N)NC(=O)[C@@H]1CCCN1C(=O)[C@H](CCCNC(=N)N)NC(=O)[C@H](CCCNC(=N)N)NC(=O)[C@@H](N)CCCNC(=N)N)C(=O)N1CCC[C@H]1C(=O)N[C@@H](CCCNC(=N)N)C(=O)N[C@@H](Cc1c[nH]c2ccccc12)C(=O)NCC(N)=O,1,IC50,6.95,1,CHEMBL4471574
CC(C)C[C@H](NC(=O)[C@H](Cc1ccc(O)cc1)NC(=O)[C@@H]1CCCN1C(=O)[C@@H]1CCCN1C(=O)[C@H](CCCNC(=N)N)NC(=O)[C@@H]1CCCN1C(=O)[C@H](CCCNC(=N)N)NC(=O)[C@H](CCCNC(=N)N)NC(=O)[C@@H](N)CCCNC(=N)N)C(=O)N1CCC[C@H]1C(=O)N[C@@H](CCCNC(=N)N)C(=O)N[C@@H](Cc1ccccc1)C(=O)NCC(=O)O,1,IC50,7.0,1,CHEMBL4452589
CC(C)C[C@H](NC(=O)[C@H](Cc1ccc(O)cc1)NC(=O)[C@H](CCCNC(=N)N)NC(=O)[C@H](CCCNC(=N)N)NC(=O)[C@@H](N)CCCNC(=N)N)C(=O)N1CCC[C@H]1C(=O)N[C@@H](CCCNC(=N)N)C(=O)N[C@@H](Cc1c[nH]c2ccccc12)C(=O)NCC(=O)O,1,IC50,6.96,1,CHEMBL4443693
CC(C)C[C@H](NC(=O)[C@H](Cc1ccc(O)cc1)NC(=O)[C@@H]1CCCN1C(=O)[C@@H]1CCCN1C(=O)[C@H](CCCNC(=N)N)NC(=O)[C@@H]1CCCN1C(=O)[C@H](CCCNC(=N)N)NC(=O)[C@H](CCCNC(=N)N)NC(=O)[C@@H](N)CCCNC(=N)N)C(=O)N1CCC[C@H]1C(=O)N[C@@H](CCCNC(=N)N)C(=O)O,1,IC50,7.02,1,CHEMBL4455740
CCCCCCC(=O)N[C@@H](C)C(=O)N[C@@H](CC(C)C)C(=O)[C@@]1(CO[Si](C)(C)C(C)(C)C)CO1,0,IC50 (>),5.0,1,CHEMBL3319605
CC(C)C[C@H](NC(=O)[C@H](CCc1ccccc1)NC(=O)CN1CCOCC1)C(=O)N[C@@H](Cc1ccccc1)C(=O)N[C@@H](CC(C)C)C(=O)[C@@]1(CO[Si](c2ccccc2)(c2ccccc2)C(C)(C)C)CO1,1,IC50,6.95,1,CHEMBL4532449
CC(C)C[C@H](NC(=O)[C@H](CCc1ccccc1)NC(=O)CN1CCOCC1)C(=O)N[C@@H](Cc1ccccc1)C(=O)N[C@@H](CC(C)C)C(=O)[C@@]1(CO)CO1,1,IC50,8.68,1,CHEMBL4451741
CC(C)C[C@H](NC(=O)[C@H](CCc1ccccc1)NC(=O)CN1CCOCC1)C(=O)N[C@@H](Cc1ccccc1)C(=O)N[C@@H](CC(C)C)C(=O)[C@@]1(COS(C)(=O)=O)CO1,1,IC50,8.1,1,CHEMBL4449204
CC[C@H](NC(=O)[C@H](Cc1ccccc1)NC(=O)[C@H](CC(C)C)NC(=O)[C@H](CCc1ccccc1)NC(=O)CN1CCOCC1)C(=O)[C@@]1(C)CO1,1,IC50,7.11,1,CHEMBL4468592
CCCC[C@H](NC(=O)[C@H](Cc1ccccc1)NC(=O)[C@H](CC(C)C)NC(=O)[C@H](CCc1ccccc1)NC(=O)CN1CCOCC1)C(=O)[C@@]1(C)CO1,1,IC50,7.28,1,CHEMBL4566822
CC(C)C[C@H](NC(=O)[C@H](CCc1ccccc1)NC(=O)CN1CCOCC1)C(=O)N[C@@H](Cc1ccccc1)C(=O)N[C@@H](Cc1ccccc1)C(=O)[C@@]1(C)CO1,1,IC50,6.86,1,CHEMBL4517879
CC(C)C[C@H](NC(=O)[C@H](CCc1ccccc1)NC(=O)CN1CCOCC1)C(=O)N[C@@H](Cc1ccccc1)C(=O)N[C@@H](CCc1ccccc1)C(=O)[C@@]1(C)CO1,1,IC50,6.14,1,CHEMBL4460843
CC[C@H](NC(=O)[C@H](CC(C)C)NC(=O)[C@H](CCc1ccccc1)NC(=O)CN1CCOCC1)C(=O)N[C@@H](CC(C)C)C(=O)[C@@]1(C)CO1,1,IC50,7.01,1,CHEMBL4533623
CCCC[C@H](NC(=O)[C@H](CC(C)C)NC(=O)[C@H](CCc1ccccc1)NC(=O)CN1CCOCC1)C(=O)N[C@@H](CC(C)C)C(=O)[C@@]1(C)CO1,1,IC50,6.79,1,CHEMBL4527204
CC(C)C[C@H](NC(=O)[C@H](CCc1ccccc1)NC(=O)CN1CCOCC1)C(=O)N[C@@H](Cc1cscn1)C(=O)N[C@@H](CC(C)C)C(=O)[C@@]1(C)CO1,1,IC50,7.57,1,CHEMBL4475249
CC(C)C[C@H](NC(=O)[C@H](CCc1ccccc1)NC(=O)CN1CCOCC1)C(=O)N[C@@H](Cc1cc2ccccc2s1)C(=O)N[C@@H](CC(C)C)C(=O)[C@@]1(C)CO1,1,IC50,7.43,1,CHEMBL4582067
COC[C@H](NC(=O)[C@H](CCc1ccccc1)NC(=O)c1cc(C)on1)C(=O)N[C@@H](Cc1ccccc1)C(=O)N[C@@H](CC(C)C)C(=O)[C@@]1(C)CO1,1,IC50,7.29,1,CHEMBL4591459
Cc1cc(C(=O)N[C@@H](CCc2ccccc2)C(=O)N[C@H](C(=O)N[C@@H](Cc2ccccc2)C(=O)N[C@@H](CC(C)C)C(=O)[C@@]2(C)CO2)[C@@H](C)O)no1,1,IC50,7.32,1,CHEMBL4437781
CC[C@H](NC(=O)[C@H](CCc1ccccc1)NC(=O)c1cc(C)on1)C(=O)N[C@@H](Cc1ccccc1)C(=O)N[C@@H](CC(C)C)C(=O)[C@@]1(C)CO1,1,IC50,7.43,1,CHEMBL4589171
Cc1cc(C(=O)N[C@@H](CCc2ccccc2)C(=O)N[C@H](C(=O)N[C@@H](Cc2ccccc2)C(=O)N[C@@H](CC(C)C)C(=O)[C@@]2(C)CO2)C2CC2)no1,1,IC50,7.5,1,CHEMBL4438000
Cc1cc(C(=O)N[C@@H](CCc2ccccc2)C(=O)N[C@@H](CC2CCCC2)C(=O)N[C@@H](Cc2ccccc2)C(=O)N[C@@H](CC(C)C)C(=O)[C@@]2(C)CO2)no1,1,IC50,7.44,1,CHEMBL4517455
Cc1cc(C(=O)N[C@@H](CCc2ccccc2)C(=O)N[C@H](C(=O)N[C@@H](Cc2ccccc2)C(=O)N[C@@H](CC(C)C)C(=O)[C@@]2(C)CO2)C2CCCCC2)no1,1,IC50,7.51,1,CHEMBL4439181
CC(C)C[C@H](NC(=O)[C@H](Cc1ccsc1)NC(=O)CN1CCOCC1)C(=O)N[C@@H](Cc1ccccc1)C(=O)N[C@@H](CC(C)C)C(=O)[C@@]1(C)CO1,1,IC50,7.35,1,CHEMBL4579185
CC(C)C[C@H](NC(=O)[C@H](Cc1cc2ccccc2s1)NC(=O)CN1CCOCC1)C(=O)N[C@@H](Cc1ccccc1)C(=O)N[C@@H](CC(C)C)C(=O)[C@@]1(C)CO1,1,IC50,7.47,1,CHEMBL4577122
CC(C)C[C@H](NC(=O)[C@H](Cc1cscn1)NC(=O)CN1CCOCC1)C(=O)N[C@@H](Cc1ccccc1)C(=O)N[C@@H](CC(C)C)C(=O)[C@@]1(C)CO1,1,IC50,7.43,1,CHEMBL4541035
Cc1cc(C(=O)N[C@@H](Cc2cscn2)C(=O)N[C@@H](CC(C)C)C(=O)N[C@@H](Cc2ccccc2)C(=O)N[C@@H](CC(C)C)C(=O)[C@@]2(C)CO2)no1,1,IC50,7.69,1,CHEMBL4468186
Cc1cc(C(=O)N[C@@H](Cc2ccccn2)C(=O)N[C@@H](CC(C)C)C(=O)N[C@@H](Cc2ccccc2)C(=O)N[C@@H](CC(C)C)C(=O)[C@@]2(C)CO2)no1,1,IC50,7.22,1,CHEMBL4546157
Cc1cc(C(=O)N[C@@H](Cc2cc3ccccc3[nH]2)C(=O)N[C@@H](CC(C)C)C(=O)N[C@@H](Cc2ccccc2)C(=O)N[C@@H](CC(C)C)C(=O)[C@@]2(C)CO2)no1,1,IC50,7.59,1,CHEMBL4454410
Cc1cc(C(=O)NCC(=O)N[C@@H](CC(C)C)C(=O)N[C@@H](Cc2ccccc2)C(=O)N[C@@H](CC(C)C)C(=O)[C@@]2(C)CO2)no1,1,IC50,7.25,1,CHEMBL4470410
COC[C@H](NC(=O)c1cc(C)on1)C(=O)N[C@@H](CC(C)C)C(=O)N[C@@H](Cc1ccccc1)C(=O)N[C@@H](CC(C)C)C(=O)[C@@]1(C)CO1,1,IC50,7.51,1,CHEMBL4451933
Cc1cc(C(=O)N[C@@H](CC(C)C)C(=O)N[C@@H](CC(C)C)C(=O)N[C@@H](Cc2ccccc2)C(=O)N[C@@H](CC(C)C)C(=O)[C@@]2(C)CO2)no1,1,IC50,7.38,1,CHEMBL4437784
Cc1cc(C(=O)N[C@H](C(=O)N[C@@H](CC(C)C)C(=O)N[C@@H](Cc2ccccc2)C(=O)N[C@@H](CC(C)C)C(=O)[C@@]2(C)CO2)C2CC2)no1,1,IC50,7.37,1,CHEMBL4543154
CC(C)C[C@H](NC(=O)[C@H](Cc1cscn1)NC(=O)c1cnccn1)C(=O)N[C@@H](Cc1ccccc1)C(=O)N[C@@H](CC(C)C)C(=O)[C@@]1(C)CO1,1,IC50,7.41,1,CHEMBL4474079
CC(C)C[C@H](NC(=O)[C@H](Cc1cscn1)NC(=O)c1cc(Cl)ccc1Cl)C(=O)N[C@@H](Cc1ccccc1)C(=O)N[C@@H](CC(C)C)C(=O)[C@@]1(C)CO1,1,IC50,7.19,1,CHEMBL4513562
CC(C)C[C@H](NC(=O)[C@H](Cc1cscn1)NC(=O)CO)C(=O)N[C@@H](Cc1ccccc1)C(=O)N[C@@H](CC(C)C)C(=O)[C@@]1(C)CO1,1,IC50,7.28,1,CHEMBL4476793
CC(C)C[C@H](NC(=O)OCc1ccccc1)C(=O)N[C@@H](CC(C)C)C(=O)N[C@@H](CC(C)C)C(=O)C(=O)NCc1ccccc1,1,IC50,7.85,1,CHEMBL4556452
CC(C)C[C@H](NC(=O)OCc1ccccc1)C(=O)N[C@@H](CC(C)C)C(=O)N[C@@H](CC(C)C)C(O)C(=O)NCc1ccccc1,1,IC50,6.28,1,CHEMBL4570264
CC(C)C[C@H](NC(=O)OCc1ccccc1)C(=O)N[C@@H](Cc1ccccc1)C(O)C(=O)NCc1ccccc1,0,IC50 (>),4.0,1,CHEMBL4534838
CC(C)C[C@H](NC(=O)OCc1ccccc1)C(=O)N[C@@H](Cc1ccccc1)C(=O)C(=O)NCc1ccccc1,0,IC50,4.29,1,CHEMBL4447782
CC(C)C[C@H](NC(=O)OCc1ccccc1)C(=O)N[C@@H](Cc1ccc(O)cc1)C(O)C(=O)NCc1ccccc1,0,IC50,4.15,1,CHEMBL4585003
CC(C)C[C@H](NC(=O)OCc1ccccc1)C(=O)N[C@@H](Cc1ccc(O)cc1)C(=O)C(=O)NCc1ccccc1,0,IC50,4.91,1,CHEMBL4551724
CC(C)C[C@H](NC(=O)OCc1ccccc1)C(=O)N[C@@H](c1cccc2ccccc12)C(O)C(=O)NCc1ccccc1,0,IC50 (>),4.0,1,CHEMBL4442725
CC(C)C[C@H](NC(=O)OCc1ccccc1)C(=O)N[C@H](C(=O)C(=O)NCc1ccccc1)c1cccc2ccccc12,0,IC50 (>),4.0,1,CHEMBL4548647
CC(C)C[C@H](NC(=O)OCc1ccccc1)C(=O)N[C@@H](CC(N)=O)C(O)C(=O)NCc1ccccc1,0,IC50 (>),4.0,1,CHEMBL4567259
CC(C)C[C@H](NC(=O)OCc1ccccc1)C(=O)N[C@@H](CC(N)=O)C(=O)C(=O)NCc1ccccc1,0,IC50 (>),4.0,1,CHEMBL4464326
CC(C)C[C@H](NC(=O)OCc1ccccc1)C(=O)N[C@@H](C(C)C)C(O)C(=O)NCc1ccccc1,0,IC50,4.09,1,CHEMBL4558015
CC(C)C[C@H](NC(=O)OCc1ccccc1)C(=O)N[C@H](C(=O)C(=O)NCc1ccccc1)C(C)C,0,IC50,4.2,1,CHEMBL4588752
CC(C)C[C@H](NC(=O)OCc1ccccc1)C(=O)N[C@@H](CC(C)C)C(O)C(=O)NCc1ccccc1,0,IC50,4.3,1,CHEMBL4469724
CC(C)C[C@H](NC(=O)OCc1ccccc1)C(=O)N[C@@H](CC(C)C)C(=O)C(=O)NCc1ccccc1,1,IC50,6.04,1,CHEMBL4462651
CC(C)C[C@H](NC(=O)OCc1ccccc1)C(=O)N[C@@H](CC(C)C)C(=O)N[C@@H](CC(C)C)C(O)C(=O)NCc1ccc(F)cc1,0,IC50 (>),4.0,1,CHEMBL4465042
CC(C)C[C@H](NC(=O)OCc1ccccc1)C(=O)N[C@@H](CC(C)C)C(=O)N[C@@H](CC(C)C)C(=O)C(=O)NCc1ccc(F)cc1,1,IC50,7.25,1,CHEMBL4449972
CC(C)C[C@H](NC(=O)OCc1ccccc1)C(=O)N[C@@H](CC(C)C)C(=O)N[C@@H](CC(C)C)C(O)C(=O)N1CCOCC1,0,IC50 (>),4.0,1,CHEMBL4447520
CC(C)C[C@H](NC(=O)OCc1ccccc1)C(=O)N[C@@H](CC(C)C)C(=O)N[C@@H](CC(C)C)C(=O)C(=O)N1CCOCC1,1,IC50,6.32,1,CHEMBL4451593
CC(C)C[C@H](NC(=O)OCc1ccccc1)C(=O)N[C@@H](CC(C)C)C(=O)N[C@@H](CC(C)C)C(=O)C(=O)Nc1cccc2ccccc12,1,IC50,8.15,1,CHEMBL4541448
CC(C)CNC(=O)C(O)[C@H](CC(C)C)NC(=O)[C@H](CC(C)C)NC(=O)[C@H](CC(C)C)NC(=O)OCc1ccccc1,0,IC50 (>),4.0,1,CHEMBL4551392
CC(C)CNC(=O)C(=O)[C@H](CC(C)C)NC(=O)[C@H](CC(C)C)NC(=O)[C@H](CC(C)C)NC(=O)OCc1ccccc1,1,IC50,7.92,1,CHEMBL4584892
CC(C)C[C@H](NC(=O)OCc1ccccc1)C(=O)N[C@@H](CC(C)C)C(=O)N[C@@H](CC(C)C)C(O)C(=O)N1CCc2ccccc2C1,0,IC50 (>),4.0,1,CHEMBL4552637
CC(C)C[C@H](NC(=O)OCc1ccccc1)C(=O)N[C@@H](CC(C)C)C(=O)N[C@@H](CC(C)C)C(=O)C(=O)N1CCc2ccccc2C1,1,IC50,6.11,1,CHEMBL4587250
CC(C)C[C@H](NC(=O)CN1CCCCCC1)C(=O)N[C@@H](Cc1ccccc1)C(=O)N[C@@H](Cc1ccccc1)C(=O)[C@@]1(C)CO1,1,IC50,7.41,2,CHEMBL4465456
COc1ccc(C[C@H](NC(=O)[C@H](C)NC(=O)CN2CCOCC2)C(=O)N[C@@H](CC2=CCCC2)C(=O)[C@@]2(C)CO2)cc1,1,IC50,6.03,2,CHEMBL4443505
C[C@@H](CC(=O)NCc1cccc2ccccc12)NC(=O)[C@H](CC(=O)NC(C)(C)C)NC(=O)CCc1ccccc1,0,IC50,4.12,1,CHEMBL4473920
Cc1ccc(S(=O)(=O)N[C@H](CC(=O)N[C@@H](C)C(=O)NCc2cccc3ccccc23)CC(=O)NC(C)(C)C)cc1,0,IC50,4.11,1,CHEMBL4563115
Cc1ccc(S(=O)(=O)N[C@@H](CC(=O)NC(C)(C)C)C(=O)N[C@@H](C)CC(=O)NCc2cccc3ccccc23)cc1,0,IC50,4.13,1,CHEMBL4469397
CC(C)(C)NC(=O)C[C@H](NS(=O)(=O)C1CC1)C(=O)NCCNC(=O)c1cc(-c2ccccc2F)ccc1F,1,IC50,6.02,1,CHEMBL4592435
Cc1c(CCC(=O)ON2C(=O)CCC2=O)c(=O)oc2cc3occ(-c4ccccc4)c3cc12,1,IC50,6.66,1,CHEMBL4465266
C=C1CC[C@H]2C(C)(C)[C@H](O)CC[C@]2(C)[C@H]1C[C@]12O[C@H]1[C@H](O)C(COC(=O)[C@H](O)[C@H](C)O)=CC2=O,0,IC50,4.03,1,CHEMBL4458315
C=C1CC[C@H]2C(C)(C)[C@H](O)CC[C@]2(C)[C@H]1C[C@]12O[C@H]1[C@H](O)C(COC(=O)C[C@H](C)O)=CC2=O,0,IC50,4.5,1,CHEMBL4528868
C=C1CC[C@H]2C(C)(C)[C@H](O)CC[C@]2(C)[C@H]1C[C@]12O[C@H]1[C@H](O)C(CO)=CC2=O,0,IC50 (>),4.0,1,CHEMBL4521474
C=C1CC[C@H]2C(C)(C)[C@H](O)CC[C@]2(C)[C@H]1C[C@]12O[C@H]1C(=O)C(CO)=CC2=O,0,IC50,4.58,1,CHEMBL4586314
CC1=C(C(=O)N[C@@H](C)C(=O)N[C@@H](Cc2c[nH]c3ccccc23)C(=O)N[C@@H](Cc2ccccc2)C(=O)[C@@]2(C)CO2)Cc2ccccc21,1,IC50,7.27,1,CHEMBL4566534
COc1ccc(C[C@H](NC(=O)[C@@H](C)NC(=O)C2CCCCC2)C(=O)N[C@@H](Cc2ccccc2)C(=O)[C@@]2(C)CO2)cc1,1,IC50,6.73,1,CHEMBL4464640
COc1ccc(C[C@H](NC(=O)[C@@H](C)NC(=O)[C@H]2CC[C@H](O)CC2)C(=O)N[C@@H](Cc2ccccc2)C(=O)[C@@]2(C)CO2)cc1,1,IC50,6.11,1,CHEMBL4454809
Cc1ccc(CC[C@H](NC(=O)[C@H](Cc2ccccc2)NC(=O)[C@H](CC(C)C)NC(=O)CN2CCCCCC2)C(=O)[C@@]2(C)CO2)cc1,1,IC50,6.31,1,CHEMBL4452892
COc1ccc([C@@H](O)[C@H](NC(=O)[C@H](C)NC(=O)CN2CCOCC2)C(=O)N[C@@H](CC2=CCCC2)C(=O)[C@@]2(C)CO2)cc1,1,IC50,6.16,2,CHEMBL4297468
CC(C)(C)CNC(=O)C[C@@H]1NC(=O)c2ccccc2OCCCCCCOC[C@@H](C(=O)NCc2ccccc2)NC1=O,1,IC50,6.18,1,CHEMBL4468129
CC(C)(C)CNC(=O)C[C@@H]1NC(=O)c2ccccc2OCCCCCCOC[C@@H](C(=O)NCc2ccccc2Cl)NC1=O,1,IC50,6.9,1,CHEMBL4588117
Cc1ccc(CNC(=O)[C@@H]2COCCCCCCOc3ccccc3C(=O)N[C@@H](CC(=O)NCC(C)(C)C)C(=O)N2)cc1,1,IC50,7.17,1,CHEMBL4461175
Cc1ccc(CNC(=O)[C@@H]2COCCCCCCOc3c(cnn3C)C(=O)N[C@@H](CC(=O)NCC(C)(C)C)C(=O)N2)cc1,1,IC50,7.52,1,CHEMBL4456389
Cc1ccc(CNC(=O)[C@@H]2COCCCCCCCc3c(cnn3C)C(=O)N[C@@H](CC(=O)NCC(C)(C)C)C(=O)N2)cc1,1,IC50,7.54,1,CHEMBL4542139
Cc1ccc(CNC(=O)[C@@H]2COCCCCCCCn3ccnc3C(=O)N[C@@H](CC(=O)NCC(C)(C)C)C(=O)N2)cc1,1,IC50,7.47,1,CHEMBL4442152
Cc1ccc(CNC(=O)[C@H]2NC(=O)[C@H](CC(=O)NCC(C)(C)C)NC(=O)c3nccn3CCCCCCCO[C@H]2C)cc1,1,IC50,7.3,1,CHEMBL4538960
Cc1ccc(CNC(=O)[C@@H]2Cc3cn(c4ccccc34)CCCCCn3ccnc3C(=O)N[C@@H](CC(=O)NCC(C)(C)C)C(=O)N2)cc1,1,IC50,7.58,1,CHEMBL4549674
CCCCCCOC[C@H](NC(=O)[C@H](CC(=O)NCC(C)(C)C)NC(=O)c1cnn(C)c1CCC)C(=O)NCc1ccc(C)cc1,1,IC50,8.05,1,CHEMBL4438865
Cc1cc(C(=O)N[C@@H](CC(=O)N2CCC[C@@H]2c2ccccc2)C(=O)N[C@@H](C)C(=O)NCc2ccc(F)cc2F)no1,0,IC50 (>),4.0,1,CHEMBL4518171
Cc1cc(C(=O)N[C@@H](CC(=O)N2CCC[C@@H]2c2ccccc2)C(=O)N[C@@H](C)C(=O)NCc2c(F)cccc2F)no1,0,IC50 (>),4.0,1,CHEMBL4517855
COc1ccccc1CNC(=O)[C@H](C)NC(=O)[C@H](CC(=O)N1CCC[C@@H]1c1ccccc1)NC(=O)c1cc(C)on1,0,IC50 (>),4.0,1,CHEMBL4514175
Cc1cc(C(=O)N[C@@H](CC(=O)N2CCC[C@@H]2c2ccccc2)C(=O)N[C@@H](C)c2ncc(-c3ccccc3F)[nH]2)no1,0,IC50 (>),4.0,1,CHEMBL4533710
Cc1cc(C(=O)N[C@@H](CC(=O)N2CCC[C@@H]2c2ccccc2)C(=O)N[C@@H](C)c2ncc(-c3ccccc3)[nH]2)no1,0,IC50 (>),4.0,1,CHEMBL4577628
Cc1cc(C(=O)N[C@@H](CC(=O)N2CCC[C@@H]2c2ccccc2)C(=O)N[C@@H](C)c2ncc(-c3ccc(F)cc3F)[nH]2)no1,0,IC50 (>),4.0,1,CHEMBL4591623
CC(C)C[C@H](NC(=O)N1CCC(C(=O)Nc2nccs2)CC1)C(=O)N[C@@H](Cc1ccccc1)C(=O)N[C@@H](CC(C)C)C(=O)[C@@]1(C)CO1,1,IC50,8.82,1,CHEMBL4460323
O=c1c(O)c(-c2ccc(O)cc2)oc2cc(O)cc(O)c12,0,IC50,4.98,2,CHEMBL150
O=c1cc(-c2ccc(O)cc2)oc2cc(O)cc(O)c12,1,IC50,6.0,1,CHEMBL28
O=C1C[C@@H](c2ccc(O)cc2)Oc2cc(O)cc(O)c21,0,IC50,4.38,2,CHEMBL9352
O=C1C[C@@H](c2ccc(O)c(O)c2)Oc2cc(O)cc(O)c21,0,IC50,4.84,2,CHEMBL8996
O=c1c(O)c(-c2cc(O)c(O)c(O)c2)oc2cc(O)cc(O)c12,0,IC50,4.92,1,CHEMBL164
O=C(O[C@@H]1Cc2c(O)cc(O)cc2O[C@@H]1c1ccc(O)c(O)c1)c1cc(O)c(O)c(O)c1,1,IC50,6.71,1,CHEMBL36327
O=C(O[C@@H]1Cc2c(O)cc(O)cc2O[C@H]1c1cc(O)c(O)c(O)c1)c1cc(O)c(O)c(O)c1,1,IC50,6.73,1,CHEMBL264938
O=C(O[C@@H]1Cc2c(O)cc(O)cc2O[C@H]1c1ccc(O)c(O)c1)c1cc(O)c(O)c(O)c1,1,IC50,6.91,1,CHEMBL129451
O=C1C[C@@H](c2ccc(O)cc2)Oc2cc(O)ccc21,0,IC50 (>),4.0,1,CHEMBL252642
COc1ccc2c(c1)O[C@H]1c3ccc(O)cc3OC[C@@H]21,0,IC50 (>),4.0,1,CHEMBL238845
O=c1c(-c2ccc(O)cc2)coc2cc(O)ccc12,0,IC50 (>),4.0,1,CHEMBL8145
COc1ccc(-c2coc3cc(O)ccc3c2=O)cc1,0,IC50 (>),4.0,1,CHEMBL242341
O=c1c(-c2ccc(O)cc2)coc2cc(O)cc(O)c12,0,IC50,4.19,1,CHEMBL44
C[C@H](NC(=O)[C@H](Cc1ccccc1)NC(=O)[C@H](C[C@H]1CC[C@H](c2ccccc2)CC1)NC(=O)[C@H](Cc1ccccc1)N=[N+]=[N-])C(=O)[C@@]1(C)CO1,1,IC50,8.42,1,CHEMBL4570216
CC(OC(C)(C)C)[C@H](NC(=O)[C@H](Cc1ccccc1)N=[N+]=[N-])C(=O)N[C@@H](Cc1ccccc1)C(=O)N[C@@H](C)C(=O)[C@@]1(C)CO1,0,IC50 (>),5.0,2,CHEMBL4586866
COc1ccc(C[C@H](NC(=O)[C@H](CC23CC4CC(CC(C4)C2)C3)NC(=O)CN2CCOCC2)C(=O)N[C@@H](CC(C)C)C(=O)[C@@]2(C)CO2)cc1,1,IC50,6.2,2,CHEMBL4563143
COc1ccc(C[C@H](NC(=O)[C@H](CC2CCCCC2)NC(=O)CN2CCOCC2)C(=O)N[C@@H](CC(C)C)C(=O)[C@@]2(C)CO2)cc1,1,IC50,6.92,2,CHEMBL4531320
CC(C)C[C@H](NC(=O)[C@H](Cc1ccccc1)NC(=O)[C@H](CC(C)(C)C)NC(=O)[C@H](Cc1ccccc1)N=[N+]=[N-])C(=O)[C@@]1(C)CO1,1,IC50,7.75,2,CHEMBL4572766
CC(C)C[C@H](NC(=O)[C@H](Cc1ccccc1)NC(=O)[C@H](CC1CCC(C2CCCCC2)CC1)NC(=O)[C@H](Cc1ccccc1)N=[N+]=[N-])C(=O)[C@@]1(C)CO1,1,IC50,7.77,2,CHEMBL4531811
COC1CCC(C[C@H](NC(=O)[C@H](Cc2ccccc2)N=[N+]=[N-])C(=O)N[C@@H](Cc2ccccc2)C(=O)N[C@@H](CC(C)C)C(=O)[C@@]2(C)CO2)CC1,1,IC50,8.68,2,CHEMBL4581491
CC(C)C[C@H](NC(=O)[C@H](Cc1ccccc1)NC(=O)[C@H](CC1CCC(C)CC1)NC(=O)[C@H](Cc1ccccc1)N=[N+]=[N-])C(=O)[C@@]1(C)CO1,1,IC50,8.7,2,CHEMBL4534488
CC(C)C[C@H](NC(=O)[C@H](Cc1ccccc1)NC(=O)[C@H](CCC1CCCCC1)NC(=O)[C@H](Cc1ccccc1)N=[N+]=[N-])C(=O)[C@@]1(C)CO1,1,IC50,7.46,2,CHEMBL4526232
CC(C)C[C@H](NC(=O)[C@H](Cc1ccccc1)NC(=O)[C@@H](NC(=O)[C@H](Cc1ccccc1)N=[N+]=[N-])C1CCCCC1)C(=O)[C@@]1(C)CO1,1,IC50,7.48,2,CHEMBL4568033
COc1ccc(C[C@H](NC(=O)[C@H](Cc2ccccc2)N=[N+]=[N-])C(=O)N[C@@H](Cc2ccccc2)C(=O)N[C@@H](CC(C)C)C(=O)[C@@]2(C)CO2)cc1,1,IC50,8.68,2,CHEMBL4563298
CC(C)C[C@H](NC(=O)[C@H](Cc1ccccc1)NC(=O)[C@H](CCc1ccccc1)NC(=O)[C@H](Cc1ccccc1)N=[N+]=[N-])C(=O)[C@@]1(C)CO1,1,IC50,8.52,2,CHEMBL4519899
CC1=C(C(=O)N[C@H](C)C(=O)N[C@@H](Cc2c[nH]c3ccccc23)C(=O)N[C@@H](CC2CCCCC2)C(=O)[C@@]2(C)CO2)Cc2ccccc21,1,IC50,7.8,1,CHEMBL3319483
C[C@H](NC(=O)[C@H](Cc1ccccc1)NC(=O)[C@H](CC1CCC(C2CCCCC2)CC1)NC(=O)CN1CCOCC1)C(=O)[C@@]1(C)CO1,0,IC50 (>),5.0,1,CHEMBL4526408
C[C@H](NC(=O)[C@H](Cc1ccccc1)NC(=O)[C@H](Cc1ccc(-c2ccccc2)cc1)NC(=O)[C@H](Cc1ccccc1)N=[N+]=[N-])C(=O)[C@@]1(C)CO1,1,IC50,6.87,1,CHEMBL4562003
CC(C)C[C@H](NC(=O)[C@H](Cc1ccccc1)NC(=O)[C@H](CC1CC2CCC1C2)NC(=O)[C@H](Cc1ccccc1)N=[N+]=[N-])C(=O)[C@@]1(C)CO1,1,IC50,7.48,1,CHEMBL4543267
CC(C)C[C@H](NC(=O)[C@H](Cc1ccccc1)NC(=O)[C@H](CC1CCC2CCCCC2C1)NC(=O)[C@H](Cc1ccccc1)N=[N+]=[N-])C(=O)[C@@]1(C)CO1,1,IC50,7.6,1,CHEMBL4532975
CC(C)C[C@H](NC(=O)[C@H](Cc1ccccc1)NC(=O)[C@H](CC1CCCC2CCCCC21)NC(=O)[C@H](Cc1ccccc1)N=[N+]=[N-])C(=O)[C@@]1(C)CO1,1,IC50,7.82,1,CHEMBL4560006
CC(C)C[C@H](NC(=O)[C@H](Cc1ccccc1)NC(=O)[C@H](CC1CCCCC1)NC(=O)[C@H](Cc1ccccc1)N=[N+]=[N-])C(=O)[C@@]1(C)CO1,1,IC50,7.3,1,CHEMBL4563141
C[C@]1(C(=O)[C@H](Cc2ccccc2)NC(=O)[C@H](CO)NC(=O)c2cccc(=O)[nH]2)CO1,0,IC50 (>),5.0,1,CHEMBL4100295
CC(=O)NCC(=O)N1CCC[C@H]1C(=O)N[C@@H](Cc1ccccc1)C(=O)N[C@@H](CC(C)C)C(=O)[C@@]1(C)CO1,0,IC50 (>),5.0,1,CHEMBL4646371
CC(C)C[C@H](NC(=O)[C@H](Cc1ccccc1)NC(=O)[C@@H]1CCCN1C(=O)CNC(=O)c1cnccn1)C(=O)[C@@]1(C)CO1,0,IC50 (>),5.0,1,CHEMBL4649310
CC(=O)NCC(=O)N1CCC[C@H]1C(=O)N[C@@H](Cc1ccccc1)C(=O)N[C@@H](CC(C)C)C(=O)[C@]1(C)CO1,0,IC50 (>),5.0,1,CHEMBL4635132
CCCc1ccc(OCC(=O)N(Cc2nc(-c3ccc4ccccc4n3)no2)C(C)C)cc1,1,IC50,6.06,1,CHEMBL4782024
CCCc1ccc(OCC(=O)N(Cc2nc(-c3ccco3)no2)C(C)C)cc1,1,IC50,6.92,1,CHEMBL4748190
CCCc1ccc(OCC(=O)N(Cc2nc(-c3cccs3)no2)C(C)C)cc1,1,IC50,6.75,1,CHEMBL4799811
CC(C)N(Cc1nc(-c2ccco2)no1)C(=O)COc1ccc(Oc2ccccc2)cc1,0,IC50,4.83,1,CHEMBL4762571
CC(C)N(Cc1nc(-c2ccco2)no1)C(=O)c1cc2ccccc2o1,1,IC50,6.21,1,CHEMBL4764652
CC(C)N(Cc1nc(-c2cccs2)no1)C(=O)c1cc2ccccc2o1,1,IC50,6.41,1,CHEMBL4782617
CCCc1ccc(OCC(=O)N(Cc2cccc(-c3ccco3)c2)C(C)C)cc1,0,IC50,4.97,1,CHEMBL4763141
CCCc1ccc(OCC(=O)N(Cc2ccc(-c3cccs3)cc2)C(C)C)cc1,0,IC50,4.47,1,CHEMBL4747231
CC(C)N(Cc1cccc(-c2cccnc2)c1)C(=O)c1cc2ccccc2o1,0,IC50,4.7,1,CHEMBL4793320
CC(C)N(Cc1cccc(-c2ccco2)c1)C(=O)c1cc2ccccc2o1,0,IC50,4.33,1,CHEMBL4745629
CC(C)N(Cc1cccc(-c2ccco2)c1)C(=O)c1ccc2ccccc2n1,0,IC50,4.21,1,CHEMBL4748859
CC(C)(C)CNC(=O)C[C@H](NC(=O)[C@H](CCc1ccccc1)NC(=O)N1CCC(C(=O)Nc2cccnc2)CC1)C(=O)NCc1ccccc1Cl,1,IC50,7.86,1,CHEMBL4740193
CC(C)(C)CNC(=O)C[C@H](NC(=O)[C@H](CCc1ccccc1)NC(=O)N1CCC(C(=O)Nc2cnccn2)CC1)C(=O)NCc1ccccc1Cl,1,IC50,7.38,1,CHEMBL4757494
CC(C)(C)Oc1ccc(C[C@H](NC(=O)N2CCC(C(=O)Nc3cccnc3)CC2)C(=O)N[C@@H](CCc2ccccc2)C(=O)NCc2ccccc2Cl)cc1,1,IC50,7.11,1,CHEMBL4744870
CC(C)(C)Oc1ccc(C[C@H](NC(=O)N2CCC(C(=O)Nc3cnccn3)CC2)C(=O)N[C@@H](CCc2ccccc2)C(=O)NCc2ccccc2Cl)cc1,1,IC50,6.79,1,CHEMBL4777670
CC(C)(C)NC(=O)CC[C@H](NC(=O)N1CCC(C(=O)Nc2cccnc2)CC1)C(=O)N[C@@H](CCc1ccccc1)C(=O)NCc1ccccc1Cl,1,IC50,9.1,1,CHEMBL4747480
CC(C)(C)NC(=O)CC[C@H](NC(=O)N1CCC(C(=O)Nc2cnccn2)CC1)C(=O)N[C@@H](CCc1ccccc1)C(=O)NCc1ccccc1Cl,1,IC50,9.05,1,CHEMBL4794118
CC(C)(C)CNC(=O)C[C@H](NC(=O)N1CCC(C(=O)Nc2cccnc2)CC1)C(=O)N[C@@H](CSCc1ccccc1)C(=O)NCc1ccccc1Cl,1,IC50,8.39,1,CHEMBL4764304
CC(C)(C)CNC(=O)C[C@H](NC(=O)N1CCC(C(=O)Nc2cnccn2)CC1)C(=O)N[C@@H](CSCc1ccccc1)C(=O)NCc1ccccc1Cl,1,IC50,7.97,1,CHEMBL4751080
CC(C)(C)CNC(=O)C[C@H](NC(=O)[C@H](CC(=O)NCC(C)(C)C)NC(=O)N1CCC(C(=O)Nc2cccnc2)CC1)C(=O)NCc1ccccc1Cl,1,IC50,8.28,1,CHEMBL4794280
CC(C)(C)CNC(=O)C[C@H](NC(=O)[C@H](CC(=O)NCC(C)(C)C)NC(=O)N1CCC(C(=O)Nc2cnccn2)CC1)C(=O)NCc1ccccc1Cl,1,IC50,7.7,1,CHEMBL4749801
CC(C)(C)CNC(=O)C[C@H](NC(=O)N1CCC(C(=O)Nc2cccnc2)CC1)C(=O)N[C@@H](CCC(=O)NC(C)(C)C)C(=O)NCc1ccccc1Cl,1,IC50,8.25,1,CHEMBL4749295
CC(C)(C)CNC(=O)C[C@H](NC(=O)N1CCC(C(=O)Nc2cnccn2)CC1)C(=O)N[C@@H](CCC(=O)NC(C)(C)C)C(=O)NCc1ccccc1Cl,1,IC50,8.21,1,CHEMBL4747103
CC(C)(C)CNC(=O)CC[C@H](NC(=O)N1CCC(C(=O)Nc2cccnc2)CC1)C(=O)N[C@@H](CCc1ccccc1)C(=O)NCc1ccccc1Cl,1,IC50,8.85,1,CHEMBL4749316
CC(C)(C)CNC(=O)CC[C@H](NC(=O)N1CCC(C(=O)Nc2cnccn2)CC1)C(=O)N[C@@H](CCc1ccccc1)C(=O)NCc1ccccc1Cl,1,IC50,8.57,1,CHEMBL4748075
CC(C)(C)NC(=O)CC[C@H](NC(=O)N1CCC(C(=O)Nc2ccccc2F)CC1)C(=O)N[C@@H](CCc1ccccc1)C(=O)NCc1ccccc1Cl,1,IC50,7.96,1,CHEMBL4743784
CC(C)(C)NC(=O)CC[C@H](NC(=O)N1CCC(C(=O)Nc2cccc(F)c2)CC1)C(=O)N[C@@H](CCc1ccccc1)C(=O)NCc1ccccc1Cl,1,IC50,7.78,1,CHEMBL4739895
CC(C)(C)NC(=O)CC[C@H](NC(=O)N1CCC(C(=O)Nc2ccc(F)cc2)CC1)C(=O)N[C@@H](CCc1ccccc1)C(=O)NCc1ccccc1Cl,1,IC50,8.05,1,CHEMBL4763866
CC(C)(C)NC(=O)CC[C@H](NC(=O)N1CCC(C(=O)Nc2ccc(C#N)cc2)CC1)C(=O)N[C@@H](CCc1ccccc1)C(=O)NCc1ccccc1Cl,1,IC50,7.62,1,CHEMBL4759432
CC(C)(C)NC(=O)CC[C@H](NC(=O)N1CCC(C(=O)Nc2ccccc2)CC1)C(=O)N[C@@H](CCc1ccccc1)C(=O)NCc1ccccc1Cl,1,IC50,6.47,1,CHEMBL4757162
CC(=O)N1CCC[C@@H]1C(=O)N[C@@H](C)C(=O)N[C@@H](Cc1ccccc1)B(O)O,1,IC50,6.66,1,CHEMBL4749043
CC(=O)N1CCC[C@H]1C(=O)N[C@@H](C)C(=O)N[C@@H](CC(C)C)B(O)O,1,IC50,7.01,1,CHEMBL4781914
Cc1ccc(S(=O)(=O)N[C@@H](CC(=O)NCC(C)(C)C)C(=O)N[C@@H](Cc2ccccc2)C(=O)N[C@@H](CC(C)C)B(O)O)cc1,1,IC50,8.05,1,CHEMBL4787081
CC(C)C[C@H](NC(=O)[C@H](Cc1ccccc1)NC(=O)Cc1ccc(O)cc1)B(O)O,1,IC50,8.85,2,CHEMBL4749207
COc1ccc(C[C@H](NC(=O)OC(C)(C)C)C(=O)N[C@@H](Cc2ccc(Cl)cc2)C(=O)N[C@@H](CC(C)C)C(=O)c2ccco2)cc1,0,IC50,4.3,1,CHEMBL4794342
CC(C)C[C@H](NC(=O)[C@H](Cc1ccc(Cl)cc1)NC(=O)[C@H](Cc1ccccc1)NC(=O)OCc1ccccc1)C(=O)c1ccco1,0,IC50 (>),4.3,1,CHEMBL4760491
COc1ccc(C[C@H](NC(=O)[C@H](Cc2ccccc2)NC(=O)c2cnccn2)C(=O)N[C@@H](CC(C)C)C(=O)c2ccco2)cc1,0,IC50 (>),4.3,1,CHEMBL4757556
COc1ccc(C[C@H](NC(=O)[C@H](Cc2ccccc2)NC(=O)c2ccccc2OC)C(=O)N[C@@H](CC(C)C)C(=O)c2ccco2)cc1,0,IC50 (>),4.3,1,CHEMBL4750732
COc1ccc(C[C@H](NC(=O)[C@H](Cc2ccccc2)NC(=O)c2ccccc2Br)C(=O)N[C@@H](CC(C)C)C(=O)c2ccco2)cc1,0,IC50 (>),4.3,1,CHEMBL4782736
CC(=O)N[C@@H](Cc1ccccc1)C(=O)N[C@@H](Cc1ccc(O)cc1)C(=O)N[C@@H](CC(C)C)C(=O)c1ccco1,0,IC50,4.86,1,CHEMBL4797661
COc1ccc(C[C@H](NS(=O)(=O)c2ccc(C)cc2)C(=O)N[C@@H](Cc2ccc(O)cc2)C(=O)N[C@@H](CC(C)C)C(=O)c2ccco2)cc1,1,IC50,6.27,1,CHEMBL4799302
CC(C)C[C@H](NC(=O)[C@H](C)NC(=O)[C@H](Cc1ccccc1)NC(=O)OC(C)(C)C)C(=O)c1ccco1,0,IC50,4.34,1,CHEMBL4784694
CC(C)C[C@H](NC(=O)[C@H](C)NC(=O)[C@H](Cc1ccccc1)NC(=O)OCc1ccccc1)C(=O)c1ccco1,0,IC50 (>),4.3,1,CHEMBL4747824
COc1ccc(C[C@H](NC(=O)OC(C)(C)C)C(=O)N[C@@H](C)C(=O)N[C@@H](CC(C)C)C(=O)c2ccco2)cc1,0,IC50,4.92,1,CHEMBL4753458
COC[C@H](NC(=O)[C@H](Cc1ccccc1)NC(=O)OC(C)(C)C)C(=O)N[C@@H](CC(C)C)C(=O)c1ccco1,0,IC50,4.85,1,CHEMBL4757796
COC[C@H](NC(=O)[C@H](CC(=O)NCC(C)(C)C)NS(=O)(=O)c1ccc(C)cc1)C(=O)N[C@@H](CC(C)C)C(=O)c1ccco1,1,IC50,6.75,1,CHEMBL4785863
COC[C@H](NC(=O)[C@H](CC(=O)NCCC(C)C)NS(=O)(=O)c1ccc(C)cc1)C(=O)N[C@@H](CC(C)C)C(=O)c1ccco1,0,IC50 (>),4.3,1,CHEMBL4764337
COC[C@H](NC(=O)[C@H](CC(=O)NCC(C)C)NS(=O)(=O)c1ccc(C)cc1)C(=O)N[C@@H](CC(C)C)C(=O)c1ccco1,1,IC50,6.17,1,CHEMBL4759640
CC(C)(C)ONC(=O)C[C@H](NC(=O)CCc1ccccc1)C(=O)N[C@@H](Cc1ccc(F)cc1)C(=O)NCc1cccc2ccccc12,0,IC50,4.49,1,CHEMBL4516988
COC[C@H](NC(=O)[C@H](CC(=O)NOC(C)(C)C)NC(=O)CCc1ccccc1)C(=O)NCc1cccc2ccccc12,1,IC50,6.52,1,CHEMBL4754892
C[C@H](NC(=O)[C@H](CC(=O)NOC(C)(C)C)NC(=O)CCc1ccccc1)C(=O)NCc1ccnc2ccccc12,0,IC50,4.23,1,CHEMBL4741411
C[C@H](NC(=O)[C@H](CC(=O)NOC(C)(C)C)NC(=O)CCc1ccccc1)C(=O)NCc1cccc2ncccc12,0,IC50,4.89,1,CHEMBL4762794
C[C@H](NC(=O)[C@H](CC(=O)NOC(C)(C)C)NC(=O)CCc1ccccc1)C(=O)NCc1cccc2[nH]ccc12,1,IC50,6.77,1,CHEMBL4747215
COC[C@H](NC(=O)[C@H](CC(=O)NOC(C)(C)C)NC(=O)CCc1ccccc1)C(=O)NCc1cccc2c1NCCC2,0,IC50,4.57,1,CHEMBL4754559
COC[C@H](NC(=O)[C@H](CC(=O)NOC(C)(C)C)NC(=O)CCc1ccccc1)C(=O)NCc1cccc(OC)c1,1,IC50,7.0,1,CHEMBL4764833
COC[C@H](NC(=O)[C@H](CC(=O)NOC(C)(C)C)NC(=O)CCc1ccccc1)C(=O)NCc1cccc(OC)c1OC,1,IC50,6.01,1,CHEMBL4798821
C[C@H](NC(=O)[C@H](CC(=O)NOC(C)(C)C)NC(=O)CCCc1ccccc1)C(=O)NCc1cccc2ccccc12,0,IC50 (>),4.0,1,CHEMBL4762452
C[C@H](NC(=O)[C@H](CC(=O)NOC(C)(C)C)NC(=O)Cc1ccccc1)C(=O)NCc1cccc2ccccc12,0,IC50,4.32,1,CHEMBL4795707
C[C@H](NC(=O)[C@H](CC(=O)NOC(C)(C)C)NC(=O)C(F)(F)F)C(=O)NCc1cccc2ccccc12,0,IC50,4.64,1,CHEMBL4745016
C[C@H](NC(=O)[C@H](CC(=O)NOC(C)(C)C)NC(=O)c1cnccn1)C(=O)NCc1cccc2ccccc12,0,IC50 (>),4.0,1,CHEMBL4740404
C[C@H](NC(=O)[C@H](CC(=O)NOC(C)(C)C)NC(=O)CN1CCOCC1)C(=O)NCc1cccc2ccccc12,0,IC50,4.39,1,CHEMBL4745162
Cc1nc(C(=O)N[C@@H](CC(=O)NOC(C)(C)C)C(=O)N[C@@H](C)C(=O)NCc2cccc3ccccc23)cs1,0,IC50,4.04,1,CHEMBL4752685
COC[C@H](NC(=O)CCc1ccccc1)C(=O)N[C@@H](C)C(=O)NCc1cccc2ccccc12,0,IC50 (>),4.0,1,CHEMBL4762145
NC(=O)C[C@H](NC(=O)CCc1ccccc1)C(=O)N[C@@H](Cc1ccc(F)cc1)C(=O)NCc1cccc2ccccc12,0,IC50 (>),4.0,1,CHEMBL4761864
CC(C)(C)CNC(=O)C[C@H](NC(=O)CCc1ccccc1)C(=O)N[C@@H](Cc1ccc(F)cc1)C(=O)NCc1cccc2ccccc12,1,IC50,6.51,1,CHEMBL4746069
C[C@H](NC(=O)[C@H](CC(=O)NC1COC1)NC(=O)CCc1ccccc1)C(=O)NCc1cccc2ccccc12,0,IC50 (>),4.0,1,CHEMBL4753220
COC[C@H](NC(=O)[C@H](CC(=O)N1CCC1)NC(=O)CCc1ccccc1)C(=O)NCc1cccc2ccccc12,0,IC50 (>),4.0,1,CHEMBL4779108
COC[C@H](NC(=O)[C@H](CC(=O)N(C)C)NC(=O)CCc1ccccc1)C(=O)NCc1cccc2ccccc12,0,IC50 (>),4.0,1,CHEMBL4754415
CCN(CC)C(=O)C[C@H](NC(=O)CCc1ccccc1)C(=O)N[C@@H](COC)C(=O)NCc1cccc2ccccc12,0,IC50,4.68,1,CHEMBL4776510
COC[C@H](NC(=O)[C@H](CC(=O)N1CCCC1)NC(=O)CCc1ccccc1)C(=O)NCc1cccc2ccccc12,0,IC50,4.84,1,CHEMBL4744524
COC[C@H](NC(=O)[C@H](CC(=O)NC(C)(C)C)NC(=O)CCc1ccccc1)C(=O)NCc1cccc2ccccc12,1,IC50,6.29,1,CHEMBL4782251
COC[C@H](NC(=O)[C@H](CCC(=O)NC(C)(C)C)NC(=O)CCc1ccccc1)C(=O)NCc1cccc2ccccc12,1,IC50,7.26,1,CHEMBL4784015
C[C@H](NC(=O)[C@H](CCC(=O)NC(C)(C)C)NC(=O)CCc1ccccc1)C(=O)NCc1cccc2ccccc12,1,IC50,6.92,1,CHEMBL4764897
C[C@H](NC(=O)[C@H](CCC(=O)NC(C)(C)C)NC(=O)CCc1ccccc1)C(=O)NCc1ccc(F)c2ccccc12,1,IC50,6.61,1,CHEMBL4758484
C[C@H](NC(=O)[C@H](CC(=O)NC(C)(C)C)NC(=O)CCc1ccccc1)C(=O)NCc1ccc(F)c2ccccc12,0,IC50,4.97,1,CHEMBL4782050
C[C@H](NC(=O)[C@H](CC(=O)NC(C)(C)C)NC(=O)C(=O)c1c[nH]c2ccccc12)C(=O)NCc1cccc2ccccc12,1,IC50,7.23,2,CHEMBL4759896
Cc1cc(C(=O)N[C@@H](CCC(=O)NC(C)(C)C)C(=O)N[C@@H](C)C(=O)NCc2ccc(F)c3ccccc23)no1,1,IC50,6.21,1,CHEMBL4796570
Cc1cc(C(=O)N[C@@H](CC(=O)NC(C)(C)C)C(=O)N[C@@H](C)C(=O)NCc2ccc(F)c3ccccc23)no1,0,IC50,4.73,1,CHEMBL4784421
COC[C@H](NC(=O)[C@H](CCC(=O)NC(C)(C)C)NC(=O)c1cc(C)on1)C(=O)NCc1ccc(F)c2ccccc12,1,IC50,6.53,1,CHEMBL4751044
COC[C@H](NC(=O)[C@H](CC(=O)NC(C)(C)C)NC(=O)c1cc(C)on1)C(=O)NCc1ccc(F)c2ccccc12,0,IC50,4.88,1,CHEMBL4764263
Cc1ccc(S(=O)(=O)N[C@@H](CCC(=O)NC(C)(C)C)C(=O)N[C@@H](C)C(=O)NCc2cccc3ccccc23)cc1,1,IC50,6.37,1,CHEMBL4784875
Cc1ccc(S(=O)(=O)N[C@@H](CC(=O)NC(C)(C)C)C(=O)N[C@@H](C)C(=O)NCc2ccc(F)c3ccccc23)cc1,0,IC50,4.27,1,CHEMBL4764229
COC[C@H](NC(=O)[C@H](CC(=O)NC(C)(C)C)NS(=O)(=O)c1ccc(C)cc1)C(=O)NCc1ccc(F)c2ccccc12,0,IC50,4.86,2,CHEMBL4799140
O=C1C(Cl)=C(Nc2ccc(S(=O)(=O)Nc3ccccn3)cc2)C(=O)c2ccccc21,0,IC50,4.9,1,CHEMBL1214274
O=C(Nc1ccc([N+](=O)[O-])cc1)c1ccc(NC2=C(Cl)C(=O)c3ccccc3C2=O)cc1,0,IC50,4.48,1,CHEMBL4796470
O=S(=O)(F)c1nc2ccccc2s1,0,IC50,4.09,1,CHEMBL4848759
N#Cc1nc2ccc(Cl)cc2o1,0,IC50,4.35,1,CHEMBL4858322
N#Cc1nc2cccc(Cl)c2o1,0,IC50,4.03,1,CHEMBL4865958
C[C@H](NC(=O)N1CCC(NC(=O)c2nccs2)CC1)C(=O)N[C@@H](Cc1c[nH]c2ccccc12)C(=O)N[C@@H](Cc1ccccc1)C(=O)[C@@]1(C)CO1,1,IC50,7.59,1,CHEMBL4872258
C[C@@H](NC(=O)N1CCC(NC(=O)c2nccs2)CC1)C(=O)N[C@@H](Cc1c[nH]c2ccccc12)C(=O)N[C@@H](Cc1ccccc1)C(=O)[C@@]1(C)CO1,1,IC50,6.33,1,CHEMBL4862242
C[C@H](NC(=O)N1CCC(NC(=O)c2nccs2)CC1)C(=O)N[C@@H](Cc1c[nH]c2ccccc12)C(=O)N[C@@H](CC1CCCCC1)C(=O)[C@@]1(C)CO1,1,IC50,6.67,1,CHEMBL4863207
COc1ccc(C[C@H](NC(=O)[C@H](C)NC(=O)N2CCC(NC(=O)c3nccs3)CC2)C(=O)N[C@@H](CC2CCCCC2)C(=O)[C@@]2(C)CO2)cc1,1,IC50,6.61,1,CHEMBL4868750
COc1ccc(C[C@H](NC(=O)[C@H](C)NC(=O)N2CCCC2)C(=O)N[C@@H](Cc2ccccc2)C(=O)[C@@]2(C)CO2)cc1,1,IC50,6.3,1,CHEMBL4875834
COc1ccc(C[C@H](NC(=O)[C@H](C)NC(=O)N2CCc3ccccc3C2)C(=O)N[C@@H](Cc2ccccc2)C(=O)[C@@]2(C)CO2)cc1,1,IC50,7.16,1,CHEMBL4865015
COc1ccc(C[C@H](NC(=O)[C@@H](C)NC(=O)N2CCc3ccccc3C2)C(=O)N[C@@H](Cc2ccccc2)C(=O)[C@@]2(C)CO2)cc1,1,IC50,6.02,1,CHEMBL4857958
COc1ccc(C[C@H](NC(=O)[C@H](C)NC(=O)n2c3ccccc3c3ccccc32)C(=O)N[C@@H](Cc2ccccc2)C(=O)[C@@]2(C)CO2)cc1,1,IC50,7.45,1,CHEMBL4877753
COc1ccc(C[C@H](NC(=O)[C@@H](C)NC(=O)n2c3ccccc3c3ccccc32)C(=O)N[C@@H](Cc2ccccc2)C(=O)[C@@]2(C)CO2)cc1,1,IC50,7.14,1,CHEMBL4857895
COc1ccc(C[C@H](NC(=O)[C@H](C)NC(=O)N2CCC(OC)C2)C(=O)N[C@@H](Cc2ccccc2)C(=O)[C@@]2(C)CO2)cc1,1,IC50,6.53,1,CHEMBL4871470
COc1ccc(C[C@H](NC(=O)[C@H](C)NC(=O)N2CCC(OC)CC2)C(=O)N[C@@H](Cc2ccccc2)C(=O)[C@@]2(C)CO2)cc1,1,IC50,7.13,1,CHEMBL4846410
COc1ccc(C[C@H](NC(=O)[C@@H](C)NC(=O)N2CCC(OC)CC2)C(=O)N[C@@H](Cc2ccccc2)C(=O)[C@@]2(C)CO2)cc1,1,IC50,6.19,1,CHEMBL4855915
COc1ccc(C[C@H](NC(=O)[C@@H](C)NC(=O)N2CC[C@H](OC)C2)C(=O)N[C@@H](Cc2ccccc2)C(=O)[C@@]2(C)CO2)cc1,1,IC50,6.22,1,CHEMBL4870115
COc1ccc(C[C@H](NC(=O)[C@@H](C)NC(=O)N2CCC[C@@H](OC)C2)C(=O)N[C@@H](Cc2ccccc2)C(=O)[C@@]2(C)CO2)cc1,1,IC50,6.61,1,CHEMBL4877708
COc1ccc(C[C@H](NC(=O)[C@@H](C)NC(=O)N2CCC[C@H](OC)C2)C(=O)N[C@@H](Cc2ccccc2)C(=O)[C@@]2(C)CO2)cc1,1,IC50,6.79,1,CHEMBL4859284
CCN(CC)C(=O)C[C@H](NC(=O)CCc1ccccc1)C(=O)N[C@@H](Cc1ccc(F)cc1)C(=O)NCc1cccc2ccccc12,0,IC50,4.16,1,CHEMBL5081667
O=C1N[C@@H](CC(=O)N2CCCC2)C(=O)N[C@H](C(=O)NCc2cccc3ccccc23)CCCCCCCCCC1Cc1ccccc1,0,IC50 (>),4.0,1,CHEMBL5089067
O=C1CCCCCCCCCC[C@@H](C(=O)NCc2cccc3ccccc23)NC(=O)[C@H](CC(=O)N2CCCC2)N1,0,IC50 (>),4.0,1,CHEMBL5083062
O=C1CCCCCCCCC[C@@H](C(=O)NCc2cccc3ccccc23)NC(=O)[C@H](CC(=O)N2CCCC2)N1,0,IC50 (>),4.0,1,CHEMBL5087253
O=C1CCCCCCCCOC[C@@H](C(=O)NCc2cccc3ccccc23)NC(=O)[C@H](CC(=O)N2CCCC2)N1,0,IC50 (>),4.0,1,CHEMBL5092011
Cc1ccc(CNC(=O)[C@@H]2Cc3cccc(c3)Oc3cccc(c3)C[C@H](N)C(=O)N[C@@H](CCc3ccccc3)C(=O)N2)cc1,0,IC50 (>),4.0,2,CHEMBL5081872
O=C1CCc2cccc(c2)Oc2ccc(cc2)C[C@@H](C(=O)NCc2ccccc2F)NC(=O)[C@H](CC(=O)N2CCCC2)N1,0,IC50 (>),4.0,1,CHEMBL5086113
O=C1CCc2cccc(c2)Oc2ccc(cc2)C[C@@H](C(=O)NCc2ccccc2F)NC(=O)[C@H](CC(=O)N2CCC[C@@H]2c2ccccc2)N1,0,IC50 (>),4.0,1,CHEMBL5069975
CC(=O)N[C@H]1Cc2cccc(c2)Oc2ccc(cc2)C[C@@H](C(=O)NCc2ccccc2F)NC(=O)[C@H](CC(=O)N2CCC[C@@H]2c2ccccc2)NC1=O,0,IC50 (>),4.0,1,CHEMBL5082751
O=C(N[C@H]1Cc2cccc(c2)Oc2ccc(cc2)C[C@@H](C(=O)NCc2ccccc2F)NC(=O)[C@H](CC(=O)N2CCC[C@@H]2c2ccccc2)NC1=O)c1ccccc1,0,IC50 (>),4.0,1,CHEMBL5074964
O=C1CCCCCCCCOC[C@@H](C(=O)NCc2ccccc2F)NC(=O)[C@H](CC(=O)N2CCC[C@@H]2c2ccccc2)N1,0,IC50 (>),4.0,1,CHEMBL5074843
O=C1CCc2cccc(c2)OCCCC[C@@H](C(=O)NCc2ccccc2F)NC(=O)[C@H](CC(=O)N2CCC[C@@H]2c2ccccc2)N1,0,IC50 (>),4.0,1,CHEMBL5078262
O=C1CCc2cccc(c2)OCCCC[C@@H](C(=O)NCc2ccccc2F)NC(=O)[C@H](CC(=O)N2CCC[C@@H]2C2CC2)N1,1,IC50,7.14,1,CHEMBL5079787
O=C1CCc2cccc(c2)OCCCC[C@@H](C(=O)NCc2ccccc2F)NC(=O)[C@H](CCN2CCC[C@@H]2c2ccccc2)N1,0,IC50,4.06,1,CHEMBL5081570
CC(C)C[C@H](NC(=O)[C@H](Cc1ccccc1)NC(=O)c1cnccn1)C(=O)O,1,IC50,7.3,1,CHEMBL5183945
CC(C)C[C@H](NC(=O)[C@H](Cc1ccccc1)NC(=O)c1cc(Cl)ccc1Cl)C(=O)O,1,IC50,7.3,1,CHEMBL5208745
CC(C)C[C@H](NC(=O)[C@H](Cc1ccccc1)NC(=O)c1cc(Cl)ccc1Cl)B(O)O,1,IC50,8.2,1,CHEMBL5188468
CC(C)C[C@H](NC(=O)[C@H](Cc1ccccc1)NS(=O)(=O)c1cc(Cl)ccc1Cl)B(O)O,1,IC50,7.71,1,CHEMBL5182548
CC(C)C[C@H](NC(=O)[C@@H](NC(=O)c1cc(Cl)ccc1Cl)C(C)C)B(O)O,1,IC50,9.15,1,CHEMBL5206237
CC[C@@H](C)[C@H](NC(=O)c1cc(Cl)ccc1Cl)C(=O)N[C@@H](CC(C)C)B(O)O,1,IC50,8.49,1,CHEMBL5176191
CC(C)C[C@H](NC(=O)[C@@H](NC(=O)c1cc(Cl)ccc1Cl)c1ccccc1)B(O)O,1,IC50,8.15,1,CHEMBL5207483
CC(C)C[C@H](NC(=O)[C@H](CC(C)C)NC(=O)c1cc(Cl)ccc1Cl)B(O)O,1,IC50,8.39,1,CHEMBL5206815
CC(C)C[C@H](NC(=O)[C@H](CO)NC(=O)c1cc(Cl)ccc1Cl)B(O)O,1,IC50,8.29,1,CHEMBL5198758
CC(C)C[C@H](NC(=O)[C@H](Cc1ccc(O)cc1)NC(=O)c1cc(Cl)ccc1Cl)B(O)O,1,IC50,9.0,1,CHEMBL5208208
CC(C)C[C@H](NC(=O)[C@H](Cc1ccc2ccccc2c1)NC(=O)c1cc(Cl)ccc1Cl)B(O)O,1,IC50,7.92,1,CHEMBL5182924
CC(C)C[C@H](NC(=O)[C@H](Cc1ccccc1)NC(=O)c1ccccn1)B(O)O,1,IC50,8.17,1,CHEMBL483266
Cc1cncc(C(=O)N[C@@H](Cc2ccccc2)C(=O)N[C@@H](CC(C)C)B(O)O)n1,1,IC50,7.49,1,CHEMBL5180570
CC(C)C[C@H](NC(=O)[C@H](Cc1ccccc1)NC(=O)c1cnc2ccccc2n1)B(O)O,1,IC50,7.88,1,CHEMBL5182795
CC(C)C[C@H](NC(=O)[C@H](Cc1ccccc1)NC(=O)c1nc(Cl)ccc1Cl)B(O)O,1,IC50,8.37,1,CHEMBL5195292
CC(C)C[C@H](NC(=O)[C@H](Cc1ccccc1)NC(=O)c1cccc(Cl)c1Cl)B(O)O,1,IC50,8.92,1,CHEMBL5196305
CC(C)C[C@H](NC(=O)[C@H](Cc1ccccc1)NC(=O)c1c(Cl)cccc1Cl)B(O)O,1,IC50,8.52,1,CHEMBL5171338
CC(C)C[C@H](NC(=O)[C@H](Cc1ccccc1)NC(=O)c1ccc(Cl)cc1Cl)B(O)O,1,IC50,8.46,1,CHEMBL5169581
COc1ccc(Cl)cc1C(=O)N[C@@H](Cc1ccccc1)C(=O)N[C@@H](CC(C)C)B(O)O,1,IC50,8.08,1,CHEMBL5177370
COc1ccc(F)cc1C(=O)N[C@@H](Cc1ccccc1)C(=O)N[C@@H](CC(C)C)B(O)O,1,IC50,8.35,1,CHEMBL5181924
CC(C)C[C@H](NC(=O)[C@H](Cc1ccccc1)NC(=O)c1c(F)cccc1F)B(O)O,1,IC50,8.43,2,CHEMBL5198837
CC(C)C[C@H](NC(=O)[C@H](Cc1ccccc1)NC(=O)c1ccc(F)cc1F)B(O)O,1,IC50,8.32,1,CHEMBL5186813
CC(C)C[C@H](NC(=O)[C@H](Cc1ccccc1)NC(=O)c1cccc(F)c1F)B(O)O,1,IC50,8.95,1,CHEMBL5183504
CC(C)C[C@H](NC(=O)[C@H](Cc1ccccc1)NC(=O)c1cc(F)ccc1F)B(O)O,1,IC50,8.22,1,CHEMBL5174430
CC(C)C[C@H](NC(=O)[C@H](Cc1ccccc1)NC(=O)c1cc(Cl)ccc1F)B(O)O,1,IC50,8.52,1,CHEMBL5187619
CCC(C)/C=C(\C)c1cc2c(cn1)C(=O)C1=C(N)C(=O)C(OC)=CC1=C2,0,IC50,4.66,1,CHEMBL5180193
CCC(C)/C=C(\C)c1cc2c(cn1)C(=O)c1c(cc(OC)c(O)c1O)C2=O,0,IC50,4.8,1,CHEMBL5205926
CCC(C)/C=C(\C)C1=Cc2cc3c(c(O)c2CO1)C(=O)C(O)(CC(C)=O)C(OC)=C3,0,IC50,4.34,1,CHEMBL5177192
COc1cc2ccn(C/C=C/C(=O)Nc3ccccc3)c(=O)c2cc1OC,0,Ki,4.31,1,CHEMBL5207762
COc1cc2ccn(C/C=C/C(=O)NCCc3ccccc3)c(=O)c2cc1OC,0,Ki,4.22,1,CHEMBL5198329
COc1cc2ccn(C/C=C/C(=O)NCCCc3ccccc3)c(=O)c2cc1OC,0,Ki,4.97,1,CHEMBL5172870
COc1cc2ccn(C/C=C/C(=O)NC3CCCCC3)c(=O)c2cc1OC,0,Ki,4.64,1,CHEMBL5196430
CCCCNC(=O)/C=C/Cn1ccc2cc(OC)c(OC)cc2c1=O,0,Ki,4.72,1,CHEMBL5192242
CC(=O)N[C@H]1Cc2cccc(c2)Oc2cccc(c2)C[C@@H](C(=O)NCc2ccc(C)cc2)NC(=O)[C@H](CCc2ccccc2)NC1=O,0,IC50 (>),4.0,1,CHEMBL5197086
O=C1N[C@H](CNCC(F)(F)F)CCCCOc2cccc(c2)C[C@H](N2CCCC2=O)C(=O)N[C@H]1CCc1ccccc1,0,IC50 (>),4.0,1,CHEMBL5182823
O=C1N[C@H](c2nnc(C(F)(F)F)o2)CCCCOc2cccc(c2)C[C@H](N2CCCC2=O)C(=O)N[C@H]1CCc1ccccc1,0,IC50 (>),4.0,1,CHEMBL5182824
O=C1N[C@H](c2nnc(C(F)(F)F)[nH]2)CCCCOc2cccc(c2)C[C@H](N2CCCC2=O)C(=O)N[C@H]1CCc1ccccc1,0,IC50 (>),4.0,1,CHEMBL5205067
O=C(NC1(C(F)(F)F)CC1)[C@@H]1CCCCOc2cccc(c2)C[C@H](N2CCCC2=O)C(=O)N[C@@H](CCc2ccccc2)C(=O)N1,0,IC50 (>),4.0,1,CHEMBL5179439
O=C(NC1CCCC1)[C@@H]1CCCCOc2cccc(c2)C[C@H](N2CCCC2=O)C(=O)N[C@@H](COc2ccccc2)C(=O)N1,0,IC50,4.88,1,CHEMBL5200145
O=C(NC1CCCC1)[C@@H]1CCCCOc2cccc(c2)C[C@H](N2CCCC2=O)C(=O)N[C@@H](CCN2CCOCC2)C(=O)N1,0,IC50 (>),4.0,1,CHEMBL5173314
CC1(C)Cc2cccc(c2)OCCCC[C@@H](C(=O)NC2CCCC2)NC(=O)[C@H](CCN2CCOCC2)NC1=O,0,IC50,4.34,1,CHEMBL5198102
O=C(NC1CCCC1)[C@@H]1CCCCOc2cccc(c2)CC2(COC2)C(=O)N[C@@H](CCN2CCOCC2)C(=O)N1,0,IC50,4.51,1,CHEMBL5198924
CN[C@H]1Cc2cccc(c2)OCCCC[C@@H](C(=O)NC2CCCC2)NC(=O)[C@H](CCN2CCOCC2)NC1=O,0,IC50 (>),4.0,1,CHEMBL5174268
CN(C)[C@H]1Cc2cccc(c2)OCCCC[C@@H](C(=O)NC2CCCC2)NC(=O)[C@H](CCN2CCOCC2)NC1=O,0,IC50 (>),4.0,1,CHEMBL5187232
O=C(NC1CCCC1)[C@@H]1CCCCOc2cccc(c2)C[C@H](N2CCC2)C(=O)N[C@@H](CCN2CCOCC2)C(=O)N1,0,IC50,4.88,1,CHEMBL5198080
CCc1cccc(C[C@H](NC(=O)[C@H](Cc2ccccc2)NC(=O)c2cnccn2)B(O)O)c1,1,IC50,7.39,1,CHEMBL5188533
CC(C)C[C@H](NC(=O)Cc1ccccc1)B(O)O,0,IC50,4.82,1,CHEMBL5187088
O=C(Cc1ccccc1)N[C@@H](Cc1ccccc1)B(O)O,0,IC50,4.8,1,CHEMBL5207266
Cc1ccc(C[C@H](NC(=O)Cc2ccccc2)B(O)O)c(C)c1,0,IC50,4.58,2,CHEMBL5184325
Cc1ccc(C[C@H](NC(=O)Cc2ccccc2)B(O)O)cc1C,0,IC50,4.82,2,CHEMBL5204947
Cc1ccc(C[C@@H](NC(=O)Cc2ccccc2)B(O)O)cc1C,0,IC50 (>),4.52,1,CHEMBL5179290
O=C(Cc1ccccc1)N[C@@H](Cc1coc2ccccc12)B(O)O,1,IC50,6.56,3,CHEMBL5175217
O=C(Cc1ccccc1)N[C@@H](Cc1c(Cl)oc2ccccc12)B(O)O,0,IC50,4.78,2,CHEMBL5207873
O=C(Cc1ccccc1)N[C@@H](Cc1coc2c(Cl)cccc12)B(O)O,1,IC50,6.07,1,CHEMBL5191807
O=C(Cc1ccccc1)N[C@@H](Cc1coc2c(F)cccc12)B(O)O,1,IC50,6.56,3,CHEMBL5196780
COc1cccc2c(C[C@H](NC(=O)Cc3ccccc3)B(O)O)coc12,1,IC50,6.85,3,CHEMBL5185591
O=C(Cc1ccccc1)N[C@@H](C[C@H]1COc2c(Cl)cccc21)B(O)O,0,IC50 (>),4.52,2,CHEMBL5205717
O=C(Cc1cnccn1)N[C@@H](Cc1coc2ccccc12)B(O)O,1,IC50,6.56,3,CHEMBL5174892
O=C(Cc1ncccn1)N[C@@H](Cc1coc2ccccc12)B(O)O,1,IC50,6.69,3,CHEMBL5190088
O=C(Cc1cccnc1)N[C@@H](Cc1coc2ccccc12)B(O)O,1,IC50,6.56,3,CHEMBL5170541
O=C(Cn1cccn1)N[C@@H](Cc1coc2ccccc12)B(O)O,1,IC50,6.11,2,CHEMBL5173345
Cc1cccc2c1OC[C@H]2C[C@H](NC(=O)Cc1ccccc1C#N)B(O)O,0,IC50,4.85,2,CHEMBL5172971
COCC(=O)N[C@@H](Cc1coc2ccccc12)B(O)O,1,IC50,6.28,2,CHEMBL5175203
COCCC(=O)N[C@@H](Cc1coc2ccccc12)B(O)O,1,IC50,6.62,2,CHEMBL5191857
O=C(N[C@@H](Cc1coc2ccccc12)B(O)O)[C@H]1CCCO1,1,IC50,6.09,2,CHEMBL5200546
O=C(N[C@@H](Cc1coc2ccccc12)B(O)O)[C@@H]1CCCO1,0,IC50,4.82,2,CHEMBL5181539
O=C(N[C@@H](Cc1coc2ccccc12)B(O)O)[C@@H]1C[C@@H]2CC[C@H]1O2,0,IC50,4.82,1,CHEMBL5176179
O=C(N[C@@H](Cc1coc2ccccc12)B(O)O)[C@H]1C[C@H]2CC[C@@H]1O2,0,IC50 (>),4.52,1,CHEMBL5188029
O=C(Cc1ccccc1)N[C@@H](Cc1cc2ccccc2o1)B(O)O,0,IC50,4.99,1,CHEMBL5197479
Cc1cccc2c1OC[C@H]2C[C@H](NC(=O)Cc1ccccc1)B(O)O,0,IC50,4.85,1,CHEMBL5194416
N#Cc1ccccc1CC(=O)N[C@@H](C[C@@H]1COc2c(Cl)cccc21)B(O)O,0,IC50,4.68,1,CHEMBL5203216
CC(=O)N[C@@H](Cc1coc2ccccc12)B(O)O,1,IC50,6.38,1,CHEMBL5179619
Cc1ccc(CNC(=O)[C@H](Cc2ccccc2)NC(=O)[C@H](CC(N)=O)NC(=O)[C@H](CNC(=O)CCl)NC(=O)CN2CCOCC2)cc1,0,IC50 (>),5.0,1,CHEMBL5187159
Cc1ccc(CNC(=O)[C@H](Cc2ccccc2)NC(=O)[C@H](CCC(=O)NC(C)(C)C)NC(=O)[C@H](CNC(=O)CCl)NC(=O)CN2CCOCC2)cc1,1,IC50,7.29,1,CHEMBL5172323
Cc1ccc(CNC(=O)[C@H](Cc2ccccc2)NC(=O)[C@H](CC(=O)NCC2CCCO2)NC(=O)[C@H](CNC(=O)CCl)NC(=O)CN2CCOCC2)cc1,1,IC50,6.37,1,CHEMBL5206069
Cc1ccc(CNC(=O)[C@H](Cc2ccccc2)NC(=O)[C@H](CCC(=O)NC(C)(C)C)NC(=O)[C@H](CNC(=O)CCl)NC(=O)CCCc2ccccc2)cc1,1,IC50,8.02,1,CHEMBL5201806
Cc1ccc(CNC(=O)[C@H](Cc2ccccc2)NC(=O)[C@H](CCC(=O)NC(C)(C)C)NC(=O)[C@H](CNC(=O)CCl)NC(=O)C(=O)c2c[nH]c3ccccc23)cc1,1,IC50,8.2,1,CHEMBL5205273
Cc1ccc(CNC(=O)[C@H](Cc2ccccc2)NC(=O)[C@H](CCC(=O)NC(C)(C)C)NC(=O)[C@H](CNC(=O)CCl)NC(=O)c2cc(C)on2)cc1,1,IC50,8.14,1,CHEMBL5181060
Cc1ccc(CNC(=O)[C@H](Cc2ccccc2)NC(=O)[C@H](CCC(=O)NC(C)(C)C)NC(=O)[C@H](CNC(=O)CCl)NS(=O)(=O)c2ccc(C)cc2)cc1,1,IC50,8.31,1,CHEMBL5175132
CC(=O)N[C@@H](CNC(=O)CCl)C(=O)N[C@@H](CCC(=O)NC(C)(C)C)C(=O)N[C@@H](Cc1ccccc1)C(=O)NCc1ccc(C)cc1,1,IC50,7.43,1,CHEMBL5184732
Cc1ccc(CNC(=O)[C@H](Cc2ccccc2)NC(=O)[C@H](CCC(=O)NC(C)(C)C)NC(=O)[C@H](CNC(=O)CCl)NC(=O)OC(C)(C)C)cc1,1,IC50,7.61,1,CHEMBL5183978
Cc1ccc(CNC(=O)[C@H](Cc2ccccc2)NC(=O)[C@H](CCC(=O)NC(C)(C)C)NC(=O)CCNC(=O)CCl)cc1,1,IC50,7.32,1,CHEMBL5170402
CC(C)c1ccc(CNC(=O)[C@H](Cc2ccccc2)NC(=O)[C@H](CCC(=O)NC(C)(C)C)NC(=O)CCNC(=O)CCl)cc1,1,IC50,6.45,1,CHEMBL5194987
COc1cccc(CNC(=O)[C@H](Cc2ccccc2)NC(=O)[C@H](CCC(=O)NC(C)(C)C)NC(=O)CCNC(=O)CCl)c1,1,IC50,6.71,1,CHEMBL5176026
Cn1ncc2cc(CNC(=O)[C@H](Cc3ccccc3)NC(=O)[C@H](CCC(=O)NC(C)(C)C)NC(=O)CCNC(=O)CCl)ccc21,1,IC50,7.02,1,CHEMBL5175532
Cc1[nH]c2ccc(CNC(=O)[C@H](Cc3ccccc3)NC(=O)[C@H](CCC(=O)NC(C)(C)C)NC(=O)CCNC(=O)CCl)cc2c1C,1,IC50,6.01,1,CHEMBL5201989
CC(C)(C)NC(=O)CC[C@H](NC(=O)CCNC(=O)CCl)C(=O)N[C@@H](Cc1ccccc1)C(=O)NCc1ccc(N2CCOCC2)cc1,1,IC50,6.54,1,CHEMBL5207393
CC(C)(C)NC(=O)CC[C@H](NC(=O)CCNC(=O)CCl)C(=O)N[C@@H](Cc1ccccc1)C(=O)NCc1ccc2ccccc2c1,1,IC50,6.91,1,CHEMBL5177959
COC(=O)c1ccc(CNC(=O)[C@H](Cc2ccccc2)NC(=O)[C@H](CCC(=O)NC(C)(C)C)NC(=O)CCNC(=O)CCl)cc1,1,IC50,6.0,1,CHEMBL5169417
CC(C)(C)NC(=O)CC[C@H](NC(=O)CCNC(=O)CCl)C(=O)N[C@@H](Cc1ccccc1)C(=O)NCc1cccc2ccccc12,1,IC50,6.37,1,CHEMBL5209480
Cc1ccc(CNC(=O)[C@H](Cc2ccc([N+](=O)[O-])cc2)NC(=O)[C@H](CCC(=O)NC(C)(C)C)NC(=O)CCNC(=O)CCl)cc1,1,IC50,7.08,1,CHEMBL5209239
Cc1ccc(CNC(=O)[C@H](Cc2ccccc2F)NC(=O)[C@H](CCC(=O)NC(C)(C)C)NC(=O)CCNC(=O)CCl)cc1,1,IC50,7.09,1,CHEMBL5171687
Cc1ccc(CNC(=O)[C@H](Cc2cccc(F)c2)NC(=O)[C@H](CCC(=O)NC(C)(C)C)NC(=O)CCNC(=O)CCl)cc1,1,IC50,6.89,1,CHEMBL5202231
Cc1ccc(CNC(=O)[C@H](Cc2ccc3ccccc3c2)NC(=O)[C@H](CCC(=O)NC(C)(C)C)NC(=O)CCNC(=O)CCl)cc1,1,IC50,6.64,1,CHEMBL5188784
COC[C@H](NC(=O)[C@H](CCC(=O)NC(C)(C)C)NC(=O)CCNC(=O)CCl)C(=O)NCc1ccc(C)cc1,1,IC50,7.1,1,CHEMBL5205130
CC[C@H](NC(=O)[C@H](CCC(=O)NC(C)(C)C)NC(=O)CCNC(=O)CCl)C(=O)NCc1ccc(C)cc1,1,IC50,6.69,1,CHEMBL5175494
COc1ccc(C[C@H](NC(=O)[C@H](CCC(=O)NC(C)(C)C)NC(=O)CCNC(=O)CCl)C(=O)NCc2ccc(C)cc2)cc1,1,IC50,6.46,1,CHEMBL5191093
Cc1ccc(CNC(=O)[C@H](Cc2c[nH]c3ccccc23)NC(=O)[C@H](CCC(=O)NC(C)(C)C)NC(=O)CCNC(=O)CCl)cc1,1,IC50,7.86,1,CHEMBL5192427
COc1ccc(/C=C(\C#N)C(=O)NCCC(=O)N[C@@H](CCC(=O)NC(C)(C)C)C(=O)N[C@@H](Cc2ccccc2)C(=O)NCc2ccc(C)cc2)cc1,1,IC50,7.98,1,CHEMBL5207962
Cc1ccc(/C=C(\C#N)C(=O)NCCC(=O)N[C@@H](CCC(=O)NC(C)(C)C)C(=O)N[C@@H](Cc2ccccc2)C(=O)NCc2ccc(C)cc2)cc1,1,IC50,7.34,1,CHEMBL5204032
Cc1ccc(CNC(=O)[C@H](Cc2ccccc2)NC(=O)[C@H](CCC(=O)NC(C)(C)C)NC(=O)CCNC(=O)/C(C#N)=C/C(C)C)cc1,1,IC50,7.74,1,CHEMBL5169505
Cc1ccc(CNC(=O)[C@H](Cc2ccccc2)NC(=O)[C@H](CCC(=O)NC(C)(C)C)NC(=O)CCNC(=O)/C(C#N)=C/c2ccc(Cl)cc2)cc1,1,IC50,7.09,1,CHEMBL5198483
Cc1ccc(CNC(=O)[C@H](Cc2ccccc2)NC(=O)[C@H](CCC(=O)NC(C)(C)C)NC(=O)CCNC(=O)/C(C#N)=C/C2CC2)cc1,1,IC50,7.18,1,CHEMBL5200879
Cc1ccc(CNC(=O)[C@H](Cc2ccccc2)NC(=O)[C@H](CCC(=O)NC(C)(C)C)NC(=O)CCNC(=O)/C(C#N)=C/c2ccco2)cc1,1,IC50,8.33,1,CHEMBL5183361
Cc1ccc(CNC(=O)[C@H](Cc2ccccc2)NC(=O)[C@H](CCC(=O)NC(C)(C)C)NC(=O)CCNC(=O)/C(C#N)=C/c2nccs2)cc1,1,IC50,7.58,1,CHEMBL5206252
CC(C)(C)NC(=O)CC[C@H](NC(=O)CCNC(=O)/C(C#N)=C/c1ccc(Cl)cc1)C(=O)N[C@@H](Cc1ccc2ccccc2c1)C(=O)NCc1cccc2ccccc12,1,IC50,6.41,1,CHEMBL5202276
CC(C)(C)NC(=O)CC[C@H](NC(=O)CCNC(=O)CCl)C(=O)N[C@@H](Cc1ccc2ccccc2c1)C(=O)NCc1cccc2ccccc12,1,IC50,6.24,1,CHEMBL5180795
CC(C)(C)NC(=O)CC[C@H](NC(=O)CCNC(=O)CC#N)C(=O)N[C@@H](Cc1ccc2ccccc2c1)C(=O)NCc1cccc2ccccc12,1,IC50,6.06,1,CHEMBL5199529
CCC(=O)NCCC(=O)N[C@@H](CCC(=O)NC(C)(C)C)C(=O)N[C@@H](Cc1ccccc1)C(=O)NCc1cccc2ccccc12,1,IC50,6.15,1,CHEMBL5207139
CC(C)[C@H](O)C12NC(=O)[C@H](C)[C@@H]1OC2=O,1,IC50,7.33,1,CHEMBL5269437
O=C1NC2([C@@H](O)[C@@H]3C=CCCC3)C(=O)O[C@H]2[C@H]1CCCl,1,IC50,8.59,1,CHEMBL5283576
O=C(Nc1ccccc1)Nc1ccc2n(c1=O)C[C@@H]1C[C@H]2CN(C(=O)c2ccccn2)C1,0,IC50 (>),3.3,1,CHEMBL5287265
O=C(Nc1ccccc1)Nc1ccc2n(c1=O)C[C@@H]1C[C@H]2CN(C(=O)c2ccc3ccccc3c2)C1,0,IC50,4.96,2,CHEMBL5286864
N#Cc1cccc(NC(=O)Nc2ccc3n(c2=O)C[C@@H]2C[C@H]3CN(C(=O)c3ccc4ccccc4c3)C2)c1,0,IC50,4.99,2,CHEMBL5273859
COC[C@H](NC(=O)c1cc(C)on1)C(=O)N[C@@H](COC)C(=O)N[C@@H](CC(C)C)C(=O)[C@@]1(C)CO1,1,IC50,7.7,1,CHEMBL484156
COc1ccc(Cc2noc(CN(C(=O)COc3ccc(Br)cc3)C(C)C)n2)cc1OC,1,IC50,7.43,1,CHEMBL5429745
CC(C)(C)NC(=O)C[C@H](NC(=O)C(=O)c1c[nH]c2ccccc12)C(=O)NCc1cccc(B(O)O)c1,1,IC50,8.0,1,CHEMBL5431856
CC(C)(C)NC(=O)CC[C@H](NC(=O)C(=O)c1c[nH]c2ccccc12)C(=O)NCc1cccc(B(O)O)c1,1,IC50,7.07,1,CHEMBL5441116
Cc1ccc(S(=O)(=O)N[C@@H](CC(=O)NC(C)(C)C)C(=O)NCc2cccc(B(O)O)c2)cc1,1,IC50,6.68,1,CHEMBL5397982
CC(C)(C)NC(=O)C[C@H](NC(=O)C(=O)c1ccccc1)C(=O)NCc1cccc(B(O)O)c1,1,IC50,6.62,1,CHEMBL5419213
CC(C)(C)NC(=O)C[C@H](NC(=O)Cc1c[nH]c2ccccc12)C(=O)NCc1cccc(B(O)O)c1,1,IC50,6.16,1,CHEMBL5407697
CC(C)(C)NC(=O)C[C@H](NC(=O)CCc1ccc(F)cc1)C(=O)NCc1cccc(B(O)O)c1,1,IC50,6.12,1,CHEMBL5401674
CC(C)(C)NC(=O)C[C@H](NC(=O)C(=O)C1CC1)C(=O)NCc1cccc(B(O)O)c1,0,IC50,4.62,1,CHEMBL5412140
Cc1ccc(S(=O)(=O)N[C@@H](CC(=O)NC(C)(C)C)C(=O)NCc2ccccc2)cc1,0,IC50 (>),4.0,1,CHEMBL5419550
Cc1ccc(S(=O)(=O)N[C@@H](CC(=O)NC(C)(C)C)C(=O)NCc2cccc(O)c2)cc1,0,IC50 (>),4.0,1,CHEMBL5423200
Cc1ccc(S(=O)(=O)N[C@@H](CC(=O)NC(C)(C)C)C(=O)NCc2cccc(C(=O)O)c2)cc1,0,IC50 (>),4.0,1,CHEMBL5427715
Cc1ccc(S(=O)(=O)N[C@@H](CC(=O)NC(C)(C)C)C(=O)NCc2cccc(F)c2)cc1,0,IC50 (>),4.0,1,CHEMBL5405336
Cc1ccc(S(=O)(=O)N[C@@H](CC(=O)NC(C)(C)C)C(=O)NCc2cccc(C(F)(F)F)c2)cc1,0,IC50 (>),4.0,1,CHEMBL5427165
Cc1ccc(S(=O)(=O)N[C@@H](CC(=O)NC(C)(C)C)C(=O)NCc2ccc(B(O)O)cc2)cc1,0,IC50 (>),4.0,1,CHEMBL5430746
Cc1ccc(S(=O)(=O)N[C@@H](CC(=O)NC(C)(C)C)C(=O)Nc2ccc(B(O)O)cc2)cc1,0,IC50 (>),4.0,1,CHEMBL5420366
Cc1ccc(S(=O)(=O)N[C@@H](CC(=O)NC(C)(C)C)C(=O)Nc2cccc(B(O)O)c2)cc1,0,IC50 (>),4.0,1,CHEMBL5416997
Cc1ccc(S(=O)(=O)N[C@@H](CC(=O)NC(C)(C)C)C(=O)NCc2ccco2)cc1,0,IC50 (>),4.0,1,CHEMBL5407632
Cc1ccc(S(=O)(=O)N[C@@H](CC(=O)NC(C)(C)C)C(=O)NCc2ccc(B(O)O)s2)cc1,0,IC50 (>),4.0,1,CHEMBL5434337
Cc1ccc(S(=O)(=O)N[C@@H](CC(=O)NC(C)(C)C)C(=O)NCc2cccs2)cc1,0,IC50 (>),4.0,1,CHEMBL5439053
CC(C)(C)NC(=O)C[C@H](NC(=O)c1cnccn1)C(=O)NCc1cccc(B(O)O)c1,0,IC50 (>),4.0,1,CHEMBL5432039
Cc1ncc(C(=O)N[C@@H](CC(=O)NC(C)(C)C)C(=O)NCc2cccc(B(O)O)c2)s1,0,IC50 (>),4.0,1,CHEMBL5413985
CC(C)(C)NC(=O)C[C@H](NC(=O)CN1CCOCC1)C(=O)NCc1cccc(B(O)O)c1,0,IC50 (>),4.0,1,CHEMBL5429929
COC[C@@H]1NC(=O)[C@@H](NC(C)=O)Cc2cccc(c2)Oc2cccc(c2)C[C@@H](C(=O)NCC(F)(F)F)NC1=O,0,IC50 (>),4.0,1,CHEMBL5405090
CC(=O)N[C@H]1Cc2cccc(c2)Oc2cccc(c2)C[C@@H](C(=O)NCC(F)(F)F)NC(=O)[C@H](CCC(F)(F)F)NC1=O,0,IC50 (>),4.0,1,CHEMBL5398200
CCC[C@@H]1NC(=O)[C@@H](NC(C)=O)Cc2cccc(c2)Oc2cccc(c2)C[C@@H](C(=O)NCC(F)(F)F)NC1=O,0,IC50 (>),4.0,1,CHEMBL5421227
CC(=O)N[C@H]1Cc2cccc(c2)Oc2cccc(c2)C[C@@H](C(=O)NCC(F)(F)F)NC(=O)[C@H](CC(C)C)NC1=O,0,IC50 (>),4.0,1,CHEMBL5415666
O=C(NCC(F)(F)F)[C@@H]1Cc2cccc(c2)Oc2cccc(c2)C[C@H](N2CCCC2=O)C(=O)N[C@@H](CCN2CCC(F)(F)CC2)C(=O)N1,1,IC50,6.85,1,CHEMBL5394817
O=C(NCC(F)(F)F)[C@@H]1Cc2cccc(c2)Oc2cccc(c2)C[C@H](N2CCCC2=O)C(=O)N[C@@H](CCN2CCC[C@@H](F)C2)C(=O)N1,0,IC50,4.77,1,CHEMBL5400463
O=C(NCC(F)(F)F)[C@@H]1Cc2cccc(c2)Oc2cccc(c2)C[C@H](N2CCOC2=O)C(=O)N[C@@H](CCN2CCCCC2)C(=O)N1,0,IC50,4.64,1,CHEMBL5416522
Cn1cc(CNC(=O)[C@@H]2Cc3cccc(c3)Oc3cccc(c3)C[C@H](N3CCCC3=O)C(=O)N[C@@H](CCN3CCCCC3)C(=O)N2)cn1,0,IC50,4.47,1,CHEMBL5417630
Cn1cc(CNC(=O)[C@@H]2Cc3cccc(c3)Oc3cccc(c3)C[C@H](NS(C)(=O)=O)C(=O)N[C@@H](CCN3CCCCC3)C(=O)N2)cn1,0,IC50 (>),4.0,1,CHEMBL5432372
Cn1cc(CNC(=O)[C@@H]2Cc3cccc(c3)Oc3cccc(c3)C[C@H](N3CCCS3(=O)=O)C(=O)N[C@@H](CCN3CCCCC3)C(=O)N2)cn1,0,IC50 (>),4.0,1,CHEMBL5393849
O=C(NCC1CC1)[C@@H]1Cc2cccc(c2)Oc2cccc(c2)C[C@H](N2CCCC2=O)C(=O)N[C@@H](CCN2CCCCC2)C(=O)N1,0,IC50,4.52,1,CHEMBL5417837
CC1(CNC(=O)[C@@H]2Cc3cccc(c3)Oc3cccc(c3)C[C@H](N3CCCC3=O)C(=O)N[C@@H](CCN3CCCCC3)C(=O)N2)CC1,0,IC50,4.93,1,CHEMBL5423142
C[C@@H](NC(=O)[C@@H]1Cc2cccc(c2)Oc2cccc(c2)C[C@H](N2CCCC2=O)C(=O)N[C@@H](CCN2CCCCC2)C(=O)N1)C1CC1,0,IC50 (>),4.0,1,CHEMBL5435921
C[C@H](NC(=O)[C@@H]1Cc2cccc(c2)Oc2cccc(c2)C[C@H](N2CCCC2=O)C(=O)N[C@@H](CCN2CCCCC2)C(=O)N1)C1CC1,0,IC50,4.94,1,CHEMBL5410950
O=C(NC1CCCC1)[C@@H]1Cc2cccc(c2)Oc2cccc(c2)C[C@H](N2CCCC2=O)C(=O)N[C@@H](CCN2CCCCC2)C(=O)N1,0,IC50,4.54,1,CHEMBL5417704
O=C(NC12CC(C1)C2)[C@@H]1Cc2cccc(c2)Oc2cccc(c2)C[C@H](N2CCCC2=O)C(=O)N[C@@H](CCN2CCCCC2)C(=O)N1,0,IC50,4.5,1,CHEMBL5430619
O=C(NCC1CC1)[C@@H]1Cc2cccc(c2)Oc2cccc(c2)C[C@H](N2CCCC2=O)C(=O)N[C@@H](CCN2CCOCC2)C(=O)N1,0,IC50,4.66,1,CHEMBL5417901
O=C(NC1CCCC1)[C@@H]1Cc2cccc(c2)Oc2cccc(c2)C[C@H](N2CCCS2(=O)=O)C(=O)N[C@@H](CCN2CCOCC2)C(=O)N1,0,IC50,4.88,1,CHEMBL5416271
CN1C(=O)[C@H](CCc2ccccc2)NC(=O)[C@@H](N2CCCC2=O)Cc2cccc(c2)Oc2cccc(c2)C[C@H]1C(=O)NCC(F)(F)F,0,IC50 (>),4.0,1,CHEMBL5413961
CN1C(=O)[C@H](CCc2ccccc2)N(C)C(=O)[C@@H](N2CCCC2=O)Cc2cccc(c2)Oc2cccc(c2)C[C@H]1C(=O)NCC(F)(F)F,0,IC50 (>),4.0,1,CHEMBL5421710
CN1C(=O)CCCCCCCCCC[C@@H](C(=O)NCc2ccccc2F)NC(=O)C1CC(=O)N1CCC[C@@H]1c1ccccc1,0,IC50 (>),4.0,1,CHEMBL5424302
CC(=O)N[C@H](C(=O)N[C@H](C(=O)NCC(=O)N[C@H]1CCC(=O)OB1O)[C@@H](C)O)C1CCCC1,0,IC50,4.45,1,CHEMBL5564621
CC(=O)N[C@H](C(=O)N[C@H](C(=O)NCC(=O)N[C@@H](C)B(O)O)C(C)C)C1CCCC1,1,IC50,7.48,1,CHEMBL5184663
CC(=O)N[C@H](C(=O)N[C@H](C(=O)NCC(=O)N[C@@H](C)B(O)O)[C@@H](C)O)C1CCCC1,1,IC50,7.45,1,CHEMBL5180525
CC[C@H](C)[C@H](NC(=O)[C@@H](NC(=O)c1ccc2ccccc2n1)C1CCCC1)C(=O)NCC(=O)N[C@@H](C)B(O)O,1,IC50,8.22,1,CHEMBL5567696
CC[C@H](C)[C@H](NC(=O)[C@@H](NC(=O)c1ccc2ccccc2n1)C1CCCC1)C(=O)NCC(=O)N[C@H]1CCC(=O)OB1O,1,IC50,6.39,1,CHEMBL5561760
CC[C@H](C)[C@H](NC(=O)[C@@H](NC(=O)c1cccc(-c2ccccc2)n1)C1CCCC1)C(=O)NCC(=O)N[C@@H](C)B(O)O,1,IC50,8.15,1,CHEMBL5556185
CC[C@H](C)[C@H](NC(=O)[C@@H](NC(=O)c1cccc(-c2ccccc2)n1)C1CCCC1)C(=O)NCC(=O)N[C@H]1CCC(=O)OB1O,1,IC50,6.8,1,CHEMBL5562284
CC[C@H](C)[C@H](NC(=O)[C@@H](NC(=O)c1cc(C)cc(C)c1)C1CCCC1)C(=O)NCC(=O)N[C@H]1CCC(=O)OB1O,1,IC50,6.0,1,CHEMBL5567647
C[C@H](NC(=O)[C@H](CC(=O)NCC(C)(C)C)NC(=O)c1c[nH]c2ccccc12)C(=O)NCc1ccc(F)cc1F,1,IC50,8.62,1,CHEMBL5572771
CCCCCCCCCC(=O)N[C@@H](Cc1ccccc1)C(=O)N[C@H]1CCCCNC(=O)/C=C/[C@H](C(C)C)NC1=O,1,Ki,7.94,2,CHEMBL5571946
CCCCCCCCCC(=O)N[C@@H](Cc1ccccc1)C(=O)N[C@H]1CCCCNC(=O)/C=C/[C@H](Cc2ccccc2)NC1=O,1,Ki,9.0,1,CHEMBL5569360
CCCCCCCCCC(=O)N[C@@H](Cc1ccccc1)C(=O)N[C@H]1CCCCNC(=O)/C=C/[C@H](Cc2ccc([N+](=O)[O-])cc2)NC1=O,1,Ki,7.21,1,CHEMBL5571582
CCCCCCCCCC(=O)N[C@@H](Cc1ccccc1)C(=O)N[C@H]1CCCCNC(=O)/C=C/[C@H](Cc2ccc(C#N)cc2)NC1=O,1,Ki,7.36,1,CHEMBL5569145
CCCCCCCCCC(=O)N[C@@H](Cc1ccccc1)C(=O)N[C@H]1CCCCNC(=O)/C=C/[C@H](Cc2ccc(OC)cc2)NC1=O,1,Ki,8.26,1,CHEMBL5575929
CCCCCCCCCC(=O)N[C@@H](Cc1ccccc1)C(=O)N[C@H]1CCCCNC(=O)/C=C/[C@H](Cc2ccc(C(N)=O)cc2)NC1=O,1,Ki,7.93,1,CHEMBL5572583
CCCCCCCCCC(=O)N[C@@H](Cc1ccccc1)C(=O)N[C@H]1CCCCNC(=O)/C=C/[C@H](Cc2ccc(N)cc2)NC1=O,1,Ki,8.64,1,CHEMBL5563704
CCCCCCCCCC(=O)N[C@@H](Cc1ccccc1)C(=O)N[C@H]1CCCCNC(=O)/C=C/[C@H](Cc2ccc(NC)cc2)NC1=O,1,Ki,8.3,1,CHEMBL5590795
CCCCCCCCCC(=O)N[C@@H](Cc1ccccc1)C(=O)N[C@H]1CCCCNC(=O)/C=C/[C@H](Cc2ccc(N(C)C)cc2)NC1=O,1,Ki,7.21,1,CHEMBL5564813
CCCCCCCCCC(=O)N[C@@H](Cc1ccccc1)C(=O)N[C@H]1CCCCNC(=O)/C=C/[C@H](Cc2ccc(O)cc2)NC1=O,1,Ki,8.3,1,CHEMBL5591317
CCCCCCCCCC(=O)N[C@@H](Cc1ccccc1)C(=O)N[C@H]1CCCCNC(=O)/C=C/[C@H](Cc2ccc(B(O)O)cc2)NC1=O,1,Ki,7.99,1,CHEMBL5571783
CCCCCCCCCC(=O)N[C@@H](Cc1ccccc1)C(=O)N[C@H]1CCCCNC(=O)/C=C/[C@H](Cc2ccc(CN)cc2)NC1=O,1,Ki,6.51,1,CHEMBL5571110
CCCCCCCCCC(=O)N[C@@H](Cc1ccccc1)C(=O)N[C@H]1CCCCNC(=O)/C=C/[C@H](CCC(=O)O)NC1=O,0,Ki (>),5.0,1,CHEMBL5567035
CCCCCCCCCC(=O)N[C@@H](Cc1ccccc1)C(=O)N[C@H]1CCCCNC(=O)/C=C/[C@H](Cc2ccc(C(=O)O)cc2)NC1=O,1,Ki,6.66,1,CHEMBL5574191
Cc1c(C(=O)N[C@@H](CC(C)C)B(O)O)nnn1C1CCCCC1,0,IC50,4.33,1,CHEMBL5573623
CC(C)C[C@H](NC(=O)c1cnn(C2CCCCC2)c1)B(O)O,0,IC50 (>),4.1,1,CHEMBL5568778
CC(C)C[C@H](NC(=O)c1cc(C2CCCCC2)n(C)n1)B(O)O,0,IC50 (>),4.1,1,CHEMBL5575455
CC(C)C[C@H](NC(=O)c1cc(C2CCCCC2)nn1C)B(O)O,0,IC50,4.71,1,CHEMBL5563419
O=C(N[C@@H](CC1CCC1)B(O)O)c1cn(C2CCCCC2)nn1,0,IC50,4.88,1,CHEMBL5573399
O=C(N[C@@H](CC1CCCC1)B(O)O)c1cn(C2CCCCC2)nn1,0,IC50,4.81,1,CHEMBL5569848
O=C(N[C@@H](CC1CCCCC1)B(O)O)c1cn(C2CCCCC2)nn1,0,IC50,4.71,1,CHEMBL5571311
O=C(N[C@@H](Cc1ccccc1)B(O)O)c1cn(C2CCCCC2)nn1,1,IC50,6.52,1,CHEMBL5566972
O=C(N[C@H](B(O)O)C1CCCCC1)c1cn(C2CCCCC2)nn1,0,IC50,4.35,1,CHEMBL5573016
CC(C)C[C@H](NC(=O)CNC(=O)c1cc(Cl)ccc1Cl)B1OC(=O)C(CC(=O)O)(CC(=O)O)O1,1,IC50,8.47,2,CHEMBL3545432
COc1ccc(C[C@H](NC(=O)[C@H](C)NC(=O)CN2CCOCC2)C(=O)N[C@@H](Cc2ccccc2)C(=O)[C@]2(C)CO2)cc1,0,IC50,4.88,1,CHEMBL2337876
COCCN1C(=O)/C(=C/c2ccc(-c3ccc(C(=O)O)cc3C)o2)S/C1=N\c1ccccc1,0,IC50 (>),4.4,1,CHEMBL5646790
COCCN1C(=O)/C(=C/c2ccc(-c3ccc(C(=O)O)cc3)o2)S/C1=N\c1ccccc1,0,IC50 (>),4.4,1,CHEMBL5646412
CSCCN1C(=O)/C(=C/c2ccc(-c3ccc(C(=O)O)cc3)o2)S/C1=N\c1ccccc1,0,IC50 (>),4.4,1,CHEMBL5647627
CCCN1C(=O)/C(=C/c2ccc(-c3ccc(C(=O)O)cc3)o2)S/C1=N\c1ccccc1,0,IC50 (>),4.4,1,CHEMBL5641708
CN1C(=O)/C(=C/c2ccc(-c3ccc(C(=O)O)cc3)o2)S/C1=N\c1ccccc1,0,IC50 (>),4.4,1,CHEMBL5646379
COC(=O)CN1C(=O)/C(=C/c2ccc(-c3ccc(C(=O)O)cc3)o2)S/C1=N\c1ccccc1,0,IC50 (>),4.4,1,CHEMBL5647514
CCOC(=O)CN1C(=O)/C(=C/c2ccc(-c3ccc(C(=O)O)cc3)o2)S/C1=N\c1ccccc1,0,IC50 (>),4.4,1,CHEMBL5639320
CCCN1C(=O)/C(=C/c2ccc(-c3ccc(B(O)O)cc3)o2)S/C1=N\c1cccnc1,0,IC50 (>),4.4,1,CHEMBL5639798
COCCN1C(=O)/C(=C/c2ccc(-c3ccc(B(O)O)cc3)o2)S/C1=N\c1cccnc1,1,IC50,6.19,1,CHEMBL5641604
CSCCN1C(=O)/C(=C/c2ccc(-c3ccc(B(O)O)cc3)o2)S/C1=N\c1cccnc1,1,IC50,6.37,1,CHEMBL5641728
O=C(COc1ncc(Cl)cc1Cl)N[C@@H](Cc1ccccc1)B(O)O,1,IC50,6.56,1,CHEMBL5805387
O=C(COc1ccccc1)N[C@@H](Cc1ccccc1)B(O)O,1,IC50,6.56,1,CHEMBL5990732
Cc1ccc(C[C@H](NC(=O)CCOc2ccccc2)B(O)O)cc1,1,IC50,6.56,1,CHEMBL6049906
COc1ccc(OCCC(=O)N[C@@H](Cc2ccc(C)cc2)B(O)O)cc1,1,IC50,6.56,1,CHEMBL6058604
N#Cc1ccc(CC(=O)N[C@@H](Cc2coc3ccccc23)B(O)O)cc1,1,IC50,6.56,1,CHEMBL5892751
COc1ccc(CC(=O)N[C@@H](Cc2coc3ccccc23)B(O)O)cc1,1,IC50,6.56,1,CHEMBL5966663
O=C(COc1cccnc1)N[C@@H](Cc1coc2ccccc12)B(O)O,1,IC50,6.56,1,CHEMBL6004747
COc1cccc(CC(=O)N[C@@H](Cc2coc3ccccc23)B(O)O)n1,1,IC50,6.56,1,CHEMBL5767445
CCOc1ccc(CC(=O)N[C@@H](Cc2coc3ccccc23)B(O)O)nc1,1,IC50,6.56,1,CHEMBL5927929
COc1cccc(CC(=O)N[C@@H](Cc2coc3ccccc23)B(O)O)c1,1,IC50,6.56,1,CHEMBL5894027
O=C(Cc1cc(F)c(F)c(F)c1)N[C@@H](Cc1coc2ccccc12)B(O)O,1,IC50,6.56,1,CHEMBL5813052
CC(=O)Nc1ccc(CC(=O)N[C@@H](Cc2coc3ccccc23)B(O)O)cc1,1,IC50,6.56,1,CHEMBL5790819
COc1ccccc1CC(=O)N[C@@H](Cc1coc2ccccc12)B(O)O,1,IC50,6.56,1,CHEMBL5790523
CCOc1ccc(CC(=O)N[C@@H](Cc2coc3ccccc23)B(O)O)cc1,1,IC50,6.56,1,CHEMBL5784483
O=C(Cc1cccc(OCCCO)c1)N[C@@H](Cc1coc2ccccc12)B(O)O,1,IC50,6.56,1,CHEMBL5781322
CC(=O)Nc1cccc(CC(=O)N[C@@H](Cc2coc3ccccc23)B(O)O)c1,1,IC50,6.56,1,CHEMBL5850280
O=C(Cc1ccc(OCCO)cc1)N[C@@H](Cc1coc2ccccc12)B(O)O,1,IC50,6.56,1,CHEMBL5823614
O=C(Cc1ccc(OCCCO)cc1)N[C@@H](Cc1coc2ccccc12)B(O)O,1,IC50,6.56,1,CHEMBL5880539
O=C(Cc1cccc(OCCO)c1)N[C@@H](Cc1coc2ccccc12)B(O)O,1,IC50,6.56,1,CHEMBL6014336
COCc1cccc(CC(=O)N[C@@H](Cc2coc3ccccc23)B(O)O)c1,1,IC50,6.56,1,CHEMBL5825213
COc1cc(CC(=O)N[C@@H](Cc2coc3ccccc23)B(O)O)cc(OC)c1OC,1,IC50,6.56,1,CHEMBL5792961
O=C(Cc1ccccc1OC1CCOCC1)N[C@@H](Cc1coc2ccccc12)B(O)O,1,IC50,6.56,1,CHEMBL5808438
COc1ccc(OC)c(CC(=O)N[C@@H](Cc2coc3ccccc23)B(O)O)c1,1,IC50,6.56,1,CHEMBL5913340
O=C(N[C@@H](Cc1coc2ccccc12)B(O)O)[C@@H](CO)c1ccccc1,1,IC50,6.56,1,CHEMBL6037298
COc1ccc(CC(=O)N[C@@H](Cc2coc3ccccc23)B(O)O)c(OC)c1OC,1,IC50,6.56,1,CHEMBL5749544
O=C(Cc1ccc(N2CCCC2=O)cc1)N[C@@H](Cc1coc2ccccc12)B(O)O,1,IC50,6.56,1,CHEMBL5952321
CC(C)(O)c1ccc(CC(=O)N[C@@H](Cc2coc3ccccc23)B(O)O)cc1,1,IC50,6.56,1,CHEMBL5930810
O=C(CCOc1ccccc1)N[C@@H](C[C@@H]1COc2ccccc21)B(O)O,1,IC50,6.56,1,CHEMBL5910598
C=CC(=O)N(CC)CC(=O)N[C@@H](Cc1coc2ccccc12)B(O)O,1,IC50,6.56,1,CHEMBL5967854
C=CC(=O)N(CC(=O)N[C@@H](Cc1coc2ccccc12)B(O)O)c1ccccc1F,1,IC50,6.56,1,CHEMBL6028964
Cc1cc(C)cc(/N=N/c2cccc(C(=O)N[C@@H](CC(C)C)C(=O)N[C@@H](CC(C)C)C(=O)N[C@H](/C=C/S(C)(=O)=O)CC(C)C)c2)c1,1,IC50,6.27,1,CHEMBL6133260
Cc1cc(C)cc(/N=N/c2cccc(C(=O)N[C@@H](Cc3ccccc3)C(=O)N[C@@H](CC(C)C)C(=O)N[C@H](/C=C/S(C)(=O)=O)CC(C)C)c2)c1,1,IC50,6.01,1,CHEMBL6120374
Cc1cc(C)cc(/N=N/c2cccc(C(=O)N[C@@H](Cc3c[nH]c4ccccc34)C(=O)N[C@@H](CC(C)C)C(=O)N[C@H](/C=C/S(C)(=O)=O)CC(C)C)c2)c1,1,IC50,6.76,1,CHEMBL6148209
Cc1cc(C)cc(/N=N\c2cccc(C(=O)N[C@@H](CC(C)C)C(=O)N[C@@H](CC(C)C)C(=O)N[C@H](/C=C/S(C)(=O)=O)CC(C)C)c2)c1,1,IC50,6.96,1,CHEMBL6142819
Cc1cc(C)cc(/N=N\c2cccc(C(=O)N[C@@H](Cc3ccccc3)C(=O)N[C@@H](CC(C)C)C(=O)N[C@H](/C=C/S(C)(=O)=O)CC(C)C)c2)c1,1,IC50,6.3,1,CHEMBL6144336
Cc1cc(C)cc(/N=N\c2cccc(C(=O)N[C@@H](Cc3c[nH]c4ccccc34)C(=O)N[C@@H](CC(C)C)C(=O)N[C@H](/C=C/S(C)(=O)=O)CC(C)C)c2)c1,1,IC50,7.35,1,CHEMBL6149643
