smiles,label,type,pChEMBL,n_records,chembl_ids
Cc1cc(C)c(/C=C2\C(=O)Nc3ncnc(Nc4ccc(F)c(Cl)c4)c32)[nH]1,0,IC50,4.78,1,CHEMBL68920
Cc1cc(C(=O)N2CCOCC2)[nH]c1/C=C1\C(=O)Nc2ncnc(Nc3ccc(F)c(Cl)c3)c21,0,IC50 (>),4.7,1,CHEMBL69960
Cc1ccc(Nc2ncc(-c3ccccc3)s2)nc1,1,IC50,7.72,1,CHEMBL330621
CCN(CC)CC(O)CNC(=O)c1cc(C)c(/C=C2\C(=O)Nc3ncnc(Nc4ccc(F)c(Cl)c4)c32)[nH]1,1,IC50,6.44,1,CHEMBL304271
c1ccc(-c2cnc(Nc3cnccn3)s2)cc1,1,IC50,7.64,1,CHEMBL98896
c1ccc(-c2cnc(Nc3cccnc3)s2)cc1,1,IC50,6.62,1,CHEMBL98653
Cc1ccnc(Nc2ncc(-c3ccccc3)s2)c1,1,IC50,8.22,1,CHEMBL319065
c1ccc(Nc2ncc(-c3ccccc3)s2)cc1,1,IC50,6.91,1,CHEMBL328644
Cc1cccc(Nc2ncc(-c3ccccc3)s2)n1,1,IC50,8.0,1,CHEMBL98385
Nc1ncnc2c1c(-c1ccc(Oc3ccccc3)cc1)cn2C1CCCC1O,1,IC50,6.0,1,CHEMBL419082
c1ccc(Nc2ncc(-c3ccccc3)o2)cc1,1,IC50,6.87,1,CHEMBL318728
CC(C)n1cc(-c2ccc(Oc3ccccc3)cc2)c2c(N)ncnc21,1,IC50,6.37,2,CHEMBL307982
O=C(Nc1ncc(-c2ccccc2)s1)c1ccccc1,1,IC50,7.09,1,CHEMBL98633
c1ccc(-c2cnc(Nc3ccncn3)s2)cc1,1,IC50,7.44,1,CHEMBL431073
Nc1ncnc2c1c(-c1ccccc1Oc1ccccc1)cn2C1CCCC1,0,IC50 (>),4.3,1,CHEMBL68774
COc1cccnc1Nc1ncc(-c2ccccc2)s1,1,IC50,7.34,1,CHEMBL98995
COc1ccnc(Nc2ncc(-c3ccccc3)s2)c1,1,IC50,7.96,1,CHEMBL98996
Cc1cccnc1Nc1ncc(-c2ccccc2)s1,1,IC50,7.89,1,CHEMBL329713
O=C1Nc2ncnc(Nc3ccc(F)c(Cl)c3)c2/C1=C/c1ccc(C(=O)NCCN2CCOCC2)[nH]1,0,IC50 (>),4.7,1,CHEMBL302552
CCCCN(C)c1ccc(/N=N/c2ncc([N+](=O)[O-])s2)c(C)c1,1,IC50,6.82,1,CHEMBL100174
Cc1cc(/C=C2\C(=O)Nc3ncnc(Nc4ccc(F)c(Cl)c4)c32)[nH]c1C(=O)N1CCN(C)CC1,0,IC50 (>),4.7,1,CHEMBL69964
Nc1ncnc2c1c(-c1ccc(Oc3ccccc3)cc1)cn2C1CCC(O)C1,1,IC50,7.07,1,CHEMBL69129
c1ccc(-c2cnc(Nc3ccccn3)s2)cc1,1,IC50,8.15,2,CHEMBL98538
Cc1cc(C(=O)NCCN2CCOCC2)[nH]c1/C=C1\C(=O)Nc2ncnc(Nc3ccc(F)c(Cl)c3)c21,0,IC50 (>),4.7,1,CHEMBL69629
c1ccc(-c2cnc(Nc3ccncc3)s2)cc1,1,IC50,6.59,1,CHEMBL97888
COc1cccc(Nc2ncc(-c3ccccc3)s2)n1,1,IC50,8.52,1,CHEMBL99832
Cc1cc(C(=O)N2CCOCC2)[nH]c1/C=C1\C(=O)Nc2ncnc(N3CCCCC3)c21,0,IC50 (>),4.7,1,CHEMBL68258
Nc1ncnc2c1c(-c1ccc(Oc3ccccc3)cc1)cn2C1CC(O)C(O)C1,1,IC50,6.57,1,CHEMBL69827
CCN1CCN(C(=O)c2cc(C)c(/C=C3\C(=O)Nc4ncnc(Nc5ccc(F)c(Cl)c5)c43)[nH]2)CC1,0,IC50 (>),4.7,1,CHEMBL66570
Brc1cccc(Nc2ncc(-c3ccccc3)s2)n1,1,IC50,7.85,1,CHEMBL101464
Clc1ccc(Nc2ncc(-c3ccccc3)s2)nc1,1,IC50,7.46,1,CHEMBL319789
Brc1cnc(Nc2ccccn2)s1,1,IC50,7.15,1,CHEMBL97889
c1ccc(-c2cnc(Nc3ccc(CN4CCCC4)cn3)s2)cc1,1,IC50,8.22,4,CHEMBL98475
Clc1cnc(Nc2ccccn2)s1,1,IC50,6.71,1,CHEMBL420087
Cc1cc(CCC(=O)O)[nH]c1/C=C1\C(=O)Nc2ncnc(Nc3ccc(F)c(Cl)c3)c21,0,IC50 (>),4.7,1,CHEMBL308645
Cc1cc(C(=O)N2CCN(C)CC2)[nH]c1/C=C1\C(=O)Nc2ncnc(Nc3ccc(F)c(Cl)c3)c21,0,IC50 (>),4.7,1,CHEMBL305246
C#Cc1cccc(Nc2ncnc3c2/C(=C/c2[nH]c(C(=O)NCCN4CCOCC4)cc2C)C(=O)N3)c1,0,IC50 (>),4.7,1,CHEMBL69966
CCN(CC)CCNC(=O)c1cc(C)c(/C=C2\C(=O)Nc3ncnc(Nc4ccc(F)c(Cl)c4)c32)[nH]1,1,IC50,6.52,1,CHEMBL69358
Cc1c(C(=O)N2CCN(C)CC2)c[nH]c1/C=C1\C(=O)Nc2ncnc(Nc3ccc(F)c(Cl)c3)c21,0,IC50 (>),4.7,1,CHEMBL304971
N#Cc1cnc(Nc2ccccn2)s1,1,IC50,7.44,1,CHEMBL101544
O=C1Nc2ncnc(Nc3ccc(F)c(Cl)c3)c2/C1=C/c1ccc[nH]1,0,IC50 (>),4.7,1,CHEMBL69106
Cc1[nH]c(/C=C2\C(=O)Nc3ncnc(Nc4ccc(F)c(Cl)c4)c32)c(C)c1CCC(=O)O,0,IC50 (>),4.7,1,CHEMBL305782
CCN(CC)CCNC(=O)c1cc(C)c(/C=C2\C(=O)Nc3ncnc(Nc4ccc(Cl)cc4F)c32)[nH]1,1,IC50,7.4,1,CHEMBL308672
c1ccc(-c2cnc(Nc3ncccn3)s2)cc1,1,IC50,6.86,1,CHEMBL101924
COc1cccc(-c2ccc3c(c2)NC(=O)/C3=C\c2[nH]c3c(c2CCC(=O)O)CCCC3)c1,1,IC50,7.16,1,CHEMBL432941
COc1ccc2c(c1)NC(=O)/C2=C\c1[nH]c2c(c1CCC(=O)O)CCCC2,1,IC50,6.42,1,CHEMBL420609
COc1cccc(-c2ccc3c(c2)NC(=O)/C3=C\c2cc3c([nH]2)CCCC3)c1,0,IC50 (>),4.7,1,CHEMBL419682
COc1ccccc1-c1ccc2c(c1)NC(=O)/C2=C\c1cc2c([nH]1)CCCC2,0,IC50,4.7,1,CHEMBL88462
O=C(O)CCc1c(/C=C2\C(=O)Nc3ccc(C(=O)O)cc32)[nH]c2c1CCCC2,1,IC50,8.4,1,CHEMBL431996
COc1ccc2c(c1)NC(=O)/C2=C\c1cc2c([nH]1)CCCC2,0,IC50,4.92,1,CHEMBL91250
O=C(O)CCc1c(/C=C2\C(=O)Nc3cc(-c4ccccc4)ccc32)[nH]c2c1CCCC2,1,IC50,7.3,1,CHEMBL88771
COc1ccc(-c2ccc3c(c2)NC(=O)/C3=C\c2[nH]c3c(c2CCC(=O)O)CCCC3)cc1,1,IC50,7.52,1,CHEMBL91815
O=C1Nc2ccccc2/C1=C/c1cc2c([nH]1)CCCC2,1,IC50,6.32,1,CHEMBL328029
O=C(O)CCc1c(/C=C2\C(=O)Nc3ccc(Br)cc32)[nH]c2c1CCCC2,1,IC50,7.52,1,CHEMBL314995
NS(=O)(=O)c1ccc2c(c1)/C(=C/c1cc3c([nH]1)CCCC3)C(=O)N2,1,IC50,7.52,1,CHEMBL88483
O=C1Nc2cc(-c3ccccc3)ccc2/C1=C/c1cc2c([nH]1)CCCC2,0,IC50 (>),4.7,1,CHEMBL313746
Cc1c[nH]c(/C=C2\C(=O)Nc3ccccc32)c1CCC(=O)O,1,IC50,7.7,5,CHEMBL89363
COc1ccc(-c2ccc3c(c2)NC(=O)/C3=C\c2cc3c([nH]2)CCCC3)cc1,0,IC50 (>),4.7,1,CHEMBL313500
O=C1Nc2ccc(C(=O)O)cc2/C1=C/c1cc2c([nH]1)CCCC2,1,IC50,7.7,1,CHEMBL89010
NS(=O)(=O)c1ccc2c(c1)/C(=C/c1[nH]c3c(c1CCC(=O)O)CCCC3)C(=O)N2,1,IC50,6.22,1,CHEMBL86531
O=C(O)CCc1c(/C=C2\C(=O)Nc3ccccc32)[nH]c2c1CCCC2,1,IC50,7.05,1,CHEMBL315753
O=C1Nc2ccc(Br)cc2/C1=C/c1cc2c([nH]1)CCCC2,1,IC50,7.16,1,CHEMBL88606
COc1ccccc1-c1ccc2c(c1)NC(=O)/C2=C\c1[nH]c2c(c1CCC(=O)O)CCCC2,1,IC50,7.22,1,CHEMBL313821
Fc1ccc(-c2cnn3cc(-c4ccncc4)cnc23)cc1,1,IC50,7.2,1,CHEMBL329201
O=c1[nH]c2ccccc2cc1-c1cc2ccccc2[nH]1,1,IC50,8.1,2,CHEMBL221736
Cc1ccc(-c2cnc3c(-c4ccncc4)cnn3c2)cc1,1,IC50,7.21,1,CHEMBL92973
c1cc(-c2cnc3c(-c4ccsc4)cnn3c2)ccn1,1,IC50,7.62,1,CHEMBL92516
CN1CCN(C(=O)c2ccc3[nH]c(-c4cc5ccccc5nc4O)cc3c2)CC1,1,IC50,8.3,1,CHEMBL324489
Fc1ccc(-c2cnn3cc(-c4ccncc4)cnc23)cc1Cl,1,IC50,6.58,1,CHEMBL96150
c1ccc(-c2cnn3cc(-c4ccncc4)cnc23)cc1,1,IC50,7.15,1,CHEMBL92623
COc1ccc(-c2cnc3c(-c4ccncc4)cnn3c2)cc1,1,IC50,7.54,3,CHEMBL329350
Clc1cccc(-c2cnn3cc(-c4ccncc4)cnc23)c1,1,IC50,6.46,1,CHEMBL329142
c1cc(-c2cnn3cc(C4CCCCC4)cnc23)cs1,1,IC50,6.55,1,CHEMBL330042
O=S(=O)(NC1CCNC1)c1ccc2[nH]c(-c3cc4ccccc4nc3O)cc2c1,1,IC50,7.85,1,CHEMBL420528
C1=C(c2cnn3cc(-c4ccncc4)cnc23)CCCC1,1,IC50,7.39,1,CHEMBL96569
O=C(O)C1CCN(CCCOc2ccc3[nH]c(-c4cc5ccccc5nc4O)cc3c2)CC1,1,IC50,8.1,1,CHEMBL118748
NC1CCN(C(=O)c2ccc3[nH]c(-c4cc5ccccc5nc4O)cc3c2)C1,1,IC50,8.3,1,CHEMBL117052
O=c1ccc2ccccc2cc1-c1nc2ccccc2[nH]1,1,IC50,6.45,1,CHEMBL327029
O=C(c1ccc2[nH]c(-c3cc4ccccc4nc3O)cc2c1)N1CCNCC1,1,IC50,8.3,1,CHEMBL119552
O=S(=O)(c1ccc2[nH]c(-c3cc4ccccc4nc3O)cc2c1)N1CCNCC1,1,IC50,7.96,1,CHEMBL118832
COc1cccc(-c2cnn3cc(-c4ccncc4)cnc23)c1,1,IC50,6.29,1,CHEMBL317566
COc1ccc(-c2cnc3c(-c4cccnc4)cnn3c2)cc1,1,IC50,7.39,1,CHEMBL329457
NC1CCN(S(=O)(=O)c2ccc3[nH]c(-c4cc5ccccc5nc4O)cc3c2)C1,1,IC50,7.8,1,CHEMBL323838
Oc1nc2ccccc2cc1-c1cc2cc(OCCN3CCCCC3)ccc2[nH]1,1,IC50,8.4,1,CHEMBL333297
COCCN(C)CCOc1ccc2[nH]c(-c3cc4ccccc4nc3O)cc2c1,1,IC50,8.15,1,CHEMBL118569
c1ccc(-c2cnn3cc(-c4ccccn4)cnc23)cc1,1,IC50,7.06,1,CHEMBL92238
C1=C(c2cnn3cc(-c4ccncc4)cnc23)CCC1,1,IC50,7.55,1,CHEMBL94542
O=c1[nH]c2ccccc2cc1-c1nc2ccccc2[nH]1,1,IC50,7.35,1,CHEMBL118440
COc1ccc(-c2cnc3c(-c4ccccc4)cnn3c2)cc1,1,IC50,7.15,2,CHEMBL83656
O=C(NC1CCNC1)c1ccc2[nH]c(-c3cc4ccccc4nc3O)cc2c1,1,IC50,8.22,1,CHEMBL325003
Clc1ccc(-c2cnc3c(-c4ccncc4)cnn3c2)cc1,1,IC50,6.95,1,CHEMBL328790
CC(=O)N1CCN(CCOc2ccc3[nH]c(-c4cc5ccccc5nc4O)cc3c2)CC1,1,IC50,8.4,1,CHEMBL119276
c1cc(-c2cnc3c(-c4ccncc4)cnn3c2)ccn1,1,IC50,6.65,3,CHEMBL92279
COc1ccc(-c2cnc3c(-c4ccccn4)cnn3c2)cc1,1,IC50,6.0,1,CHEMBL92564
CN1CCN(S(=O)(=O)c2ccc3[nH]c(-c4cc5ccccc5nc4O)cc3c2)CC1,1,IC50,8.0,1,CHEMBL117983
COc1ccc(-c2cnc3c(-c4ccsc4)cnn3c2)cc1,1,IC50,7.72,4,CHEMBL92461
O=c1cc(-c2ccc3c(c2)ncn3-c2ccccc2)ccn1CCN1CCCCC1,1,IC50,7.06,1,CHEMBL432548
O=c1ccc(-c2ccc3c(c2)ncn3-c2ccccc2)cn1CCCN1CCCCC1,1,IC50,7.43,1,CHEMBL84332
c1ccc(-n2cnc3cc(-c4ccc(NCCN5CCOCC5)nc4)ccc32)cc1,1,IC50,7.28,1,CHEMBL83171
c1ccc(-n2cnc3cc(-c4ccc(OCCN5CCCCC5)cc4)cnc32)cc1,1,IC50,7.43,1,CHEMBL316384
COc1ccc(-c2ccc3c(c2)ncn3-c2ccccc2)cc1,1,IC50,6.95,1,CHEMBL81026
O=c1cc(-c2ccc3c(c2)ncn3-c2ccccc2)ccn1CCCN1CCCCC1,1,IC50,7.6,1,CHEMBL82433
c1ccc(-n2cnc3cc(-c4ccc(OCCN5CCCCC5)cc4)ccc32)cc1,1,IC50,7.85,1,CHEMBL83279
O=c1ccc(-c2ccc3c(c2)ncn3-c2ccccc2)cn1CCN1CCCCC1,1,IC50,6.57,1,CHEMBL79475
O=c1nc(-c2ccc3c(c2)ncn3-c2ccccc2)ccn1CCCN1CCCCC1,1,IC50,7.02,1,CHEMBL430812
c1ccc(-n2cnc3cc(-c4ccc(OCCN5CCCCC5)nc4)ccc32)cc1,1,IC50,7.64,1,CHEMBL82069
COc1cc(Cc2nn([C@H]3CC[C@H](N4CCN(C)CC4)CC3)c3ncnc(N)c23)ccc1NC(=O)[C@@H]1C[C@H]1c1ccccc1,0,IC50 (>),4.3,1,CHEMBL416091
COc1cc(-c2nn([C@H]3CC[C@H](N4CCN(C)CC4)CC3)c3ncnc(N)c23)ccc1NC(=O)c1ccccc1,0,IC50 (>),4.3,2,CHEMBL297363
COc1cc(-c2nn([C@H]3CC[C@H](N4CCN(C)CC4)CC3)c3ncnc(N)c23)ccc1NC(=O)C(C)(C)Cc1ccccc1,0,IC50 (>),4.3,1,CHEMBL417006
COc1cc(-c2nn([C@H]3CC[C@H](N4CCN(C)CC4)CC3)c3ncnc(N)c23)ccc1NC(=O)OCc1ccccc1,0,IC50,4.47,2,CHEMBL47787
CN1CCN([C@H]2CC[C@H](n3nc(-c4ccc(NCc5cc6ccccc6[nH]5)cc4)c4c(N)ncnc43)CC2)CC1,1,IC50,6.36,1,CHEMBL45683
CN1CCN([C@H]2CC[C@H](n3nc(-c4ccc(C(=O)c5ccccc5)cc4)c4c(N)ncnc43)CC2)CC1,0,IC50 (>),4.3,1,CHEMBL45693
COc1cc(-c2nn([C@H]3CC[C@H](N4CCN(C)CC4)CC3)c3ncnc(N)c23)ccc1NCc1ccccc1,0,IC50 (>),4.3,1,CHEMBL45582
COc1cc(-c2nn([C@H]3CC[C@H](N4CCN(C)CC4)CC3)c3ncnc(N)c23)ccc1NC(=O)c1cc2ccccc2o1,0,IC50 (>),4.3,2,CHEMBL43773
COc1cc(-c2nn([C@H]3CC[C@H](N4CCN(C)CC4)CC3)c3ncnc(N)c23)ccc1NC(=O)CCc1ccccc1,0,IC50 (>),4.3,2,CHEMBL295601
COc1cc(-c2nn([C@H]3CC[C@H](N4CCN(C)CC4)CC3)c3ncnc(N)c23)ccc1NC(=O)CC(C)(C)c1ccccc1,0,IC50,4.46,1,CHEMBL295528
COc1cc(-c2nn([C@H]3CC[C@H](N4CCN(C)CC4)CC3)c3ncnc(N)c23)ccc1NC(=O)Nc1ccccc1,1,IC50,6.58,2,CHEMBL45651
COc1cc(-c2nn([C@H]3CC[C@H](N4CCN(C)CC4)CC3)c3ncnc(N)c23)ccc1NS(=O)(=O)c1ccccc1,0,IC50 (>),4.3,1,CHEMBL402673
COc1cc2c(Nc3ccc(Cl)cc3F)ncnc2cc1OCC1CCNCC1,1,IC50,7.3,1,CHEMBL2448064
COc1cc2c(Nc3ccc(Cl)cc3F)ncnc2cc1OCCN(C)c1ccncc1,1,IC50,8.22,2,CHEMBL25579
COc1cc2c(Nc3ccc(C#N)cc3F)ncnc2cc1OC/C=C/CN1CCCC1,1,IC50,6.64,1,CHEMBL24026
COc1cc2c(Nc3ccc(C)cc3F)ncnc2cc1OCC1CCNCC1,1,IC50,7.52,1,CHEMBL428534
COc1cc2c(Nc3ccc(Br)cc3F)ncnc2cc1OCCn1ccnn1,1,IC50,7.52,4,CHEMBL281872
COc1cc2c(Nc3ccc(C)cc3F)ncnc2cc1OCC1CCN(C)CC1,1,IC50,7.6,1,CHEMBL281990
COc1cc2c(Nc3c(F)cc(Cl)cc3F)ncnc2cc1OCC1CCN(C)CC1,1,IC50,7.6,1,CHEMBL422758
COc1cc2c(Nc3c(F)cc(Cl)cc3F)ncnc2cc1OCC1CCNCC1,1,IC50,7.4,1,CHEMBL25450
COc1cc2c(Nc3ccc(Cl)cc3F)ncnc2cc1OC[C@@H]1CCCN(C)C1,1,IC50,8.3,1,CHEMBL1907763
COc1cc2c(Nc3ccc(Cl)cc3F)ncnc2cc1OCCCN1CCOCC1,1,IC50,8.05,2,CHEMBL24137
COc1cc2/c(=N/c3ccc(Br)cc3F)nc[nH]c2cc1OCC1CCN(C)CC1,1,IC50,8.4,47,CHEMBL24828
COc1cc2c(Nc3ccc(Cl)cc3F)ncnc2cc1OC/C=C/CN1CCCC1,1,IC50,7.4,1,CHEMBL1744349
COc1cc2c(Nc3ccc(Br)cc3F)ncnc2cc1OCCC1CCN(C)CC1,1,IC50,8.22,1,CHEMBL24979
COc1cc2c(Nc3ccc(Cl)cc3F)ncnc2cc1OCC1CCN(C)CC1,1,IC50,7.82,1,CHEMBL2448065
COc1cc2c(Nc3ccc(Br)cc3F)ncnc2cc1OC[C@@H]1CCCN(C)C1,1,IC50,9.0,1,CHEMBL1907764
COc1cc2c(Nc3ccc(Cl)cc3F)ncnc2cc1OCCN1CCN(C)CC1,1,IC50,7.52,1,CHEMBL283088
COc1cc2c(Nc3ccc(Cl)cc3F)ncnc2cc1OCCCN1CCCC1,1,IC50,7.52,1,CHEMBL2448067
COc1cc2c(Nc3ccc(Br)cc3F)ncnc2cc1OCCCN1CCN(C)CC1,1,IC50,8.05,1,CHEMBL1202477
COc1cc2c(Nc3c(F)cc(Br)cc3F)ncnc2cc1OCC1CCN(C)CC1,1,IC50,8.0,1,CHEMBL416191
COc1cc2c(Nc3ccc(Br)cc3F)ncnc2cc1OCC1CCN(C)CC1,1,IC50,7.4,1,CHEMBL533849
COc1cc2c(Nc3ccc(Br)cc3F)ncnc2cc1OC[C@H]1CCCN(C)C1,1,IC50,8.0,1,CHEMBL1907944
COc1cc2c(Nc3ccc(Cl)cc3F)ncnc2cc1OCCCN1CCN(C)CC1,1,IC50,7.7,1,CHEMBL1744347
COc1cc2c(Nc3ccc(Cl)cc3F)ncnc2cc1OCCN1CCOCC1,1,IC50,7.4,2,CHEMBL25610
COc1cc2c(Nc3ccc(Br)cc3F)ncnc2cc1OCCC1CCNCC1,1,IC50,7.4,1,CHEMBL26641
COc1cc2c(Nc3c(F)cc(Br)cc3F)ncnc2cc1OCC1CCNCC1,1,IC50,7.82,1,CHEMBL279459
COc1cc2c(Nc3cc(O)c(C)cc3F)ncnc2cc1OCC1CCN(C)CC1,1,IC50,8.15,1,CHEMBL1202473
COc1cc2c(Nc3ccc(Cl)cc3F)ncnc2cc1OCCC1CCN(C)CC1,1,IC50,7.26,1,CHEMBL25425
COCCOc1cc2ncnc(Nc3ccc(Cl)cc3F)c2cc1OC,1,IC50,8.15,3,CHEMBL286160
COc1cc2c(Nc3cc(O)c(Cl)cc3F)ncnc2cc1OCC1CCN(C)CC1,1,IC50,8.1,1,CHEMBL2448066
COc1cc2c(Nc3ccc(Br)cc3F)ncnc2cc1OC/C=C/CN1CCCC1,1,IC50,8.1,1,CHEMBL1202478
Nc1ncnc2c1c(-c1ccc(Oc3ccccc3O)cc1)cn2C1CCCC1,1,IC50,7.05,1,CHEMBL67268
CC(C)n1cc(-c2ccc(Oc3ccc(CO)cc3)cc2)c2c(N)ncnc21,1,IC50,7.54,1,CHEMBL70034
CC(C)(C)n1cc(-c2ccc(Oc3ccc(N)cc3)cc2)c2c(N)ncnc21,1,IC50,6.05,1,CHEMBL69068
CC(C)n1cc(-c2ccc(Oc3ccccc3[N+](=O)[O-])cc2)c2c(N)ncnc21,1,IC50,6.05,1,CHEMBL304113
CC(C)n1cc(-c2ccc(Oc3ccccc3CO)cc2)c2c(N)ncnc21,1,IC50,6.84,1,CHEMBL71541
CC(C)(C)n1cc(-c2ccc(Oc3cccc(N)c3)cc2)c2c(N)ncnc21,1,IC50,6.4,1,CHEMBL433097
CC(C)n1cc(-c2ccc(Oc3ccccc3C#N)cc2)c2c(N)ncnc21,1,IC50,6.79,1,CHEMBL71722
COc1ccccc1Oc1ccc(-c2cn(C3CCCC3)c3ncnc(N)c23)cc1,1,IC50,6.3,1,CHEMBL66102
Nc1ncnc2c1c(-c1ccc(Oc3ccccc3)cc1)c(Cl)n2C1CCCC1,0,IC50,4.77,1,CHEMBL68430
NCc1c(-c2ccc(Oc3ccccc3)cc2)c2c(N)ncnc2n1C1CCCC1,1,IC50,6.17,1,CHEMBL68082
CC(C)n1cc(-c2ccc(Oc3ccc(C#N)cc3)cc2)c2c(N)ncnc21,1,IC50,6.89,1,CHEMBL71985
COc1ccc2c(c1)/C(=C/c1[nH]cc3c1CCOC3=O)C(=O)N2,0,IC50 (>),4.7,1,CHEMBL300767
COC(=O)[C@]1(O)C[C@H]2O[C@]1(C)n1c3ccccc3c3c4c(c5c6ccccc6n2c5c31)C(=O)NC4,1,IC50,7.72,2,CHEMBL94678
COC(=O)[C@@]1(O)C[C@H]2O[C@]1(C)n1c3ccccc3c3c4c(c5c6ccccc6n2c5c31)C(=O)NC4,1,IC50,7.37,2,CHEMBL281948
O=C1Nc2ccc(Cl)cc2/C1=C/c1[nH]cc2c1CCOC2=O,0,IC50 (>),4.7,1,CHEMBL301639
O=C1Nc2cccc(C3CCNCC3)c2/C1=C/c1[nH]cc2c1CCOC2=O,1,IC50,6.31,1,CHEMBL58224
COc1ccc2c(c1)/C(=C/c1cnc[nH]1)C(=O)N2,1,IC50,6.89,1,CHEMBL258805
Cc1cccc2c1/C(=C/c1[nH]cc3c1CCOC3=O)C(=O)N2,0,IC50 (>),4.7,1,CHEMBL57446
COc1ccc2c(c1)NC(=O)/C2=C\c1[nH]cc2c1CCOC2=O,0,IC50 (>),4.7,1,CHEMBL59073
O=C1Nc2ccc(Br)cc2/C1=C/c1[nH]cc2c1CCOC2=O,0,IC50,4.96,1,CHEMBL292864
CN(C)S(=O)(=O)c1ccc2c(c1)/C(=C/c1[nH]cc3c1CCOC3=O)C(=O)N2,0,IC50 (>),4.7,1,CHEMBL57256
Cc1cccc(Cl)c1NC(=O)c1cnc(NC(=O)C2CC2)s1,0,IC50 (>),4.6,1,CHEMBL131577
Cc1c[nH]c(/C=C2\C(=O)Nc3cccc(C)c32)c1CCC(=O)O,1,IC50,7.0,2,CHEMBL147761
Cc1[nH]c(/C=C2\C(=O)Nc3ccccc32)c(C)c1CCC(=O)O,1,IC50,6.87,3,CHEMBL274654
CN1CCC(c2c(O)cc(O)c3c(=O)cc(-c4ccccc4Cl)oc23)[C@@H](O)C1,0,IC50 (>),5.0,1,CHEMBL418203
Cc1[nH]c(/C=C2\C(=O)Nc3ccc(Br)cc32)c(C)c1CCC(=O)O,1,IC50,7.16,1,CHEMBL357803
COc1cccc(-c2ccc3c(c2)NC(=O)/C3=C\c2[nH]cc(CCC(=O)O)c2C)c1,1,IC50,7.05,2,CHEMBL148514
CCOc1cccc(-c2ccc3c(c2)NC(=O)/C3=C\c2[nH]cc(C)c2CCC(=O)O)c1,1,IC50,6.34,2,CHEMBL443296
COc1ccc(-c2ccc3c(c2)NC(=O)/C3=C\c2[nH]cc(CCC(=O)O)c2C)cc1,1,IC50,6.35,1,CHEMBL148984
Cc1c(CCC(=O)O)c[nH]c1/C=C1\C(=O)Nc2cc(-c3ccccc3)ccc21,1,IC50,6.52,2,CHEMBL347074
Cc1c(CCC(=O)O)c[nH]c1/C=C1\C(=O)Nc2ccccc21,1,IC50,6.4,1,CHEMBL344319
COc1ccc2c(c1)NC(=O)/C2=C\c1[nH]c(C)c(CCC(=O)O)c1C,1,IC50,6.17,1,CHEMBL356245
COc1ccc(-c2ccc3c(c2)NC(=O)/C3=C\c2[nH]c(C)c(CCC(=O)O)c2C)cc1,1,IC50,6.28,1,CHEMBL150151
COc1cccc(-c2ccc3c(c2)NC(=O)/C3=C\c2[nH]c(C)c(CCC(=O)O)c2C)c1,1,IC50,6.52,2,CHEMBL358728
Cc1[nH]c(/C=C2\C(=O)Nc3cc(-c4ccccc4)ccc32)c(C)c1CCC(=O)O,1,IC50,6.85,1,CHEMBL149201
Cc1c[nH]c(/C=C2\C(=O)Nc3ccc(Br)cc32)c1CCC(=O)O,1,IC50,7.4,2,CHEMBL148744
Cc1[nH]c(/C=C2\C(=O)Nc3ccc(S(N)(=O)=O)cc32)c(C)c1CCC(=O)O,0,IC50,4.37,1,CHEMBL150177
COc1ccccc1-c1ccc2c(c1)NC(=O)/C2=C\c1[nH]cc(CCC(=O)O)c1C,1,IC50,7.4,1,CHEMBL147112
C[C@H](O)CNc1cc(-c2[nH]c3cccnc3c2-c2ccc(F)cc2)ccn1,0,IC50 (>),5.0,1,CHEMBL142425
CC(=O)N1CCN(Cc2cc(C)cc(Nc3nccc(-n4ccnc4-c4ccccc4)n3)c2)CC1,1,IC50,7.5,1,CHEMBL46694
Cc1cc(C)cc(Nc2nccc(-n3ccnc3-c3ccccc3)n2)c1,1,IC50,8.22,2,CHEMBL45752
Cc1cc(CO)cc(Nc2nccc(-n3ccnc3-c3ccccc3)n2)c1,1,IC50,8.05,1,CHEMBL297769
COc1ccc(Nc2nccc(-n3ccnc3-c3ccccc3)n2)cc1,1,IC50,6.41,1,CHEMBL297012
Clc1cc(Cl)cc(Nc2nccc(-n3ccnc3-c3ccccc3)n2)c1,1,IC50,7.58,1,CHEMBL45388
Cc1cc(C)cc(Nc2nccc(-n3ccnc3Cl)n2)c1,1,IC50,7.22,1,CHEMBL45015
c1ccc(-c2nccn2-c2ccnc(Nc3cccnc3)n2)cc1,1,IC50,6.47,1,CHEMBL295679
Cc1ccc(Nc2nccc(-n3ccnc3-c3ccccc3)n2)cc1,1,IC50,6.55,1,CHEMBL295973
Cc1cc(C)cc(Nc2nccc(-n3cc(C)nc3-c3ccccc3)n2)c1,1,IC50,6.35,1,CHEMBL295247
Cc1cccc(Nc2nccc(-n3ccnc3-c3ccccc3)n2)c1,1,IC50,7.75,1,CHEMBL47832
Cc1cc(Nc2nccc(-n3ccnc3-c3ccccc3)n2)cc(C(F)(F)F)c1,1,IC50,8.3,1,CHEMBL44915
COc1cccc(Nc2nccc(-n3ccnc3-c3ccccc3)n2)c1,1,IC50,7.7,1,CHEMBL297675
Clc1cccc(Nc2nccc(-n3ccnc3-c3ccccc3)n2)c1,1,IC50,7.6,1,CHEMBL45389
Cc1cc(C)cc(Nc2nccc(-n3ccnc3C#N)n2)c1,1,IC50,6.63,1,CHEMBL296475
COc1cc(Nc2nccc(-n3ccnc3-c3ccccc3)n2)cc(OC)c1,1,IC50,8.3,1,CHEMBL47852
Cc1cc(Nc2nccc(-n3ccnc3-c3ccccc3)n2)ccn1,1,IC50,6.56,1,CHEMBL445327
COc1ccccc1Nc1nccc(-n2ccnc2-c2ccccc2)n1,1,IC50,6.54,1,CHEMBL45750
c1ccc(-c2nccn2-c2ccnc(Nc3ccncc3)n2)cc1,1,IC50,6.56,1,CHEMBL45214
Cc1cc(C)cc(Nc2nccc(-n3ccnc3C)n2)c1,1,IC50,6.12,1,CHEMBL47965
FC(F)(F)c1cc(Nc2nccc(-n3ccnc3-c3ccccc3)n2)cc(C(F)(F)F)c1,1,IC50,7.11,1,CHEMBL296430
FC(F)(F)c1cccc(Nc2nccc(-n3ccnc3-c3ccccc3)n2)c1,1,IC50,8.0,1,CHEMBL44608
Cc1cc(C)cc(Nc2nccc(-n3ccnc3-c3cccc(F)c3)n2)c1,1,IC50,7.35,1,CHEMBL431930
COc1cc(Nc2nccc(-n3ccnc3-c3ccccc3)n2)cc(C(F)(F)F)c1,0,IC50,4.72,1,CHEMBL46696
Cc1cc(C)cc(Nc2cc(-n3ccnc3-c3ccccc3)ccn2)c1,1,IC50,6.05,1,CHEMBL295816
c1ccc(Nc2nccc(-n3ccnc3-c3ccccc3)n2)cc1,1,IC50,6.98,1,CHEMBL43949
Cc1cc(Nc2nccc(-n3ccnc3-c3ccccc3)n2)cc(C)n1,1,IC50,6.87,1,CHEMBL47166
Cc1cc(C)cc(Nc2nccc(-n3ccnc3-c3cncnc3)n2)c1,1,IC50,6.83,1,CHEMBL47962
COc1cc2c(Oc3ccc(Nc4ccc(C(C)(C)C)cc4)cc3)ccnc2cc1OCCNCCO,1,IC50,7.16,2,CHEMBL352308
CC1=CCC[C@H]2[C@](C)(CC3=C(O)C(O)=C/C(=N\[C@@H](CO)C(=O)O)C3=O)[C@H](C)CC[C@]12C,0,IC50,4.7,1,CHEMBL330608
CC(O)C(/N=C1\C(O)=CC(=O)C(O)=C1CC1CCCC2CCCCC21)C(=O)O,0,IC50 (>),4.3,1,CHEMBL442388
CNS(=O)(=O)c1ccc2c(c1)/C(=C/c1[nH]c3c(c1CCCN1CCN(C)CC1)CCCC3)C(=O)N2,1,IC50,6.52,1,CHEMBL293712
CCOC(=O)CN1CCN(CCCc2c(/C=C3\C(=O)Nc4ccc(S(=O)(=O)NC)cc43)[nH]c3c2CCCC3)CC1,1,IC50,6.3,1,CHEMBL291759
CNS(=O)(=O)c1ccc2c(c1)/C(=C/c1[nH]c3c(c1CCCN1CCN(CCO)CC1)CCCC3)C(=O)N2,1,IC50,6.4,1,CHEMBL56109
CNS(=O)(=O)c1ccc2c(c1)/C(=C/c1[nH]c3c(c1CCC(N)=O)CCCC3)C(=O)N2,1,IC50,6.3,1,CHEMBL56569
Nc1ncnc2c1c(-c1ccccc1)cn2-c1ccc(CO)cc1,1,IC50,6.22,1,CHEMBL367442
Cc1[nH]c(/C=C2\C(=O)Nc3ccccc32)c(C)c1CCCN1CCN(C)CC1,1,IC50,6.52,1,CHEMBL430155
Cc1[nH]c(/C=C2\C(=O)Nc3ccc(F)cc32)c(C)c1C(=O)NCCN1CCOCC1,1,IC50,7.05,1,CHEMBL13354
COc1ccc(-c2cn(-c3ccccc3)c3ncnc(N)c23)cc1,1,IC50,6.7,1,CHEMBL176705
CCN(CC)CCNC(=O)c1c(C)[nH]c(/C=C2\C(=O)Nc3ccc(Cl)cc32)c1C,1,IC50,7.57,2,CHEMBL13485
Nc1ncnc2c1c(-c1cccc(Cl)c1)cn2-c1ccccc1,1,IC50,6.0,1,CHEMBL176309
Cc1[nH]c(/C=C2\C(=O)Nc3ccc(F)cc32)c(C)c1C(=O)NCCn1cncn1,1,IC50,7.07,1,CHEMBL267293
CNS(=O)(=O)c1ccc2c(c1)/C(=C/c1[nH]c3c(c1CCCN1CCN(CC(=O)O)CC1)CCCC3)C(=O)N2,1,IC50,6.4,1,CHEMBL292930
CCN(CC)CCNC(=O)c1c(C)[nH]c(/C=C2\C(=O)Nc3ccc(Br)cc32)c1C,1,IC50,7.5,1,CHEMBL13629
Cc1[nH]c(/C=C2\C(=O)Nc3ccc(F)cc32)c(C)c1C(=O)NCCN1CCCC1,1,IC50,7.22,1,CHEMBL13608
CCS(=O)(=O)c1ccc2c(c1)/C(=C/c1[nH]c3c(c1CCCN1CCN(CC(=O)O)CC1)CCCC3)C(=O)N2,1,IC50,6.1,1,CHEMBL300853
CCS(=O)(=O)c1ccc2c(c1)/C(=C/c1[nH]c3c(c1CCCN1CCN(CCO)CC1)CCCC3)C(=O)N2,1,IC50,6.4,1,CHEMBL57143
Cc1[nH]c(/C=C2\C(=O)Nc3ccc(F)cc32)c(C)c1C(=O)NCC1CCN(C)CC1,1,IC50,7.6,1,CHEMBL13983
Cc1[nH]c(/C=C2\C(=O)Nc3ccc(F)cc32)c(C)c1C(=O)NCCN(C)C,1,IC50,7.1,2,CHEMBL13976
CNS(=O)(=O)c1ccc2c(c1)/C(=C/c1[nH]c3c(c1CN1CCOCC1)CCCC3)C(=O)N2,1,IC50,7.22,1,CHEMBL301143
CCN(CC)CCNC(=O)c1c(C)[nH]c(/C=C2\C(=O)Nc3ccccc32)c1C,1,IC50,7.3,3,CHEMBL275117
CCS(=O)(=O)c1ccc2c(c1)/C(=C/c1[nH]c3c(c1CCCN1CCC(O)CC1)CCCC3)C(=O)N2,1,IC50,6.3,1,CHEMBL298566
Nc1ncnc2c1c(-c1ccccc1)cn2-c1ccccc1,1,IC50,6.3,1,CHEMBL169757
CCS(=O)(=O)c1ccc2c(c1)/C(=C/c1[nH]c3c(c1CN1CCOCC1)CCCC3)C(=O)N2,1,IC50,7.0,1,CHEMBL55594
O=C(Cc1ccc2ccccc2c1)Nc1cc(C2CC2)n[nH]1,0,IC50 (>),5.0,1,CHEMBL115220
CCS(=O)(=O)c1ccc2c(c1)/C(=C/c1[nH]c3c(c1CCC(N)=O)CCCC3)C(=O)N2,1,IC50,6.52,1,CHEMBL301271
c1cc(-c2cnn3cc(-c4ccc(OCCN5CCOCC5)cc4)cnc23)cs1,1,IC50,8.4,3,CHEMBL324335
c1ccc(-c2cnn3cc(-c4ccc(OCCN5CCOCC5)cc4)cnc23)cc1,1,IC50,8.05,4,CHEMBL331465
c1cc(OCCN2CCOCC2)cc(-c2cnc3c(-c4ccsc4)cnn3c2)c1,1,IC50,7.85,1,CHEMBL118386
CN(C)CCCOc1ccc(-c2cnc3c(-c4ccsc4)cnn3c2)cc1,1,IC50,8.0,1,CHEMBL445062
c1cncc(-c2cnn3cc(-c4ccc(OCCN5CCCCC5)cc4)cnc23)c1,1,IC50,7.7,1,CHEMBL117166
CN1CCN(CCCn2ccc(-c3cnc4c(-c5ccccc5)cnn4c3)cc2=O)CC1,1,IC50,7.89,1,CHEMBL116324
c1cc(-c2cnn3cc(-c4ccc(OCCN5CCCCC5)cc4)cnc23)cs1,1,IC50,8.52,4,CHEMBL333021
O=c1cc(-c2cnc3c(-c4ccccc4)cnn3c2)ccn1CCCN1CCCCC1,1,IC50,7.85,1,CHEMBL115480
COCCN(CCOc1ccc(-c2cnc3c(-c4ccsc4)cnn3c2)cc1)Cc1ccccc1,1,IC50,7.72,1,CHEMBL333640
c1cc(-c2cnn3cc(-c4ccc(OCCN5CCOCC5)cc4)cnc23)ccn1,1,IC50,7.96,2,CHEMBL324153
CN1CCN(CCCn2ccc(-c3cnc4c(-c5ccsc5)cnn4c3)cc2=O)CC1,1,IC50,8.15,1,CHEMBL118400
COc1cc2c(N3CCN(C(=O)Nc4ccc(OC(C)C)cc4)CC3)ncnc2cc1OCCCN1CCCCC1,0,IC50 (>),4.52,4,CHEMBL124660
COc1cc2c(N3CCN(C(=O)Nc4ccc(OC(C)C)cc4)CC3)ncnc2cc1OCCCN1CCOCC1,0,IC50 (>),4.52,1,CHEMBL125898
COc1cc(-c2nn([C@H]3CC[C@H](N4CCN(C)CC4)CC3)c3ncnc(N)c23)ccc1NC(=O)c1cc2ccccc2n1C,0,IC50 (>),4.3,1,CHEMBL314627
Cc1ccc2c(c1)c1c3c(c4c(c1n2CCCO)Cc1ccccc1-4)C(=O)NC3,1,IC50,6.79,1,CHEMBL348218
O=C1NCc2c1c1c(c3c2c2ccccc2n3CCCO)Cc2ccccc2-1,1,IC50,7.32,1,CHEMBL347999
CC[C@H](C)OCc1ccc2c(c1)c1c3c(c4c(c1n2CCCO)Cc1ccccc1-4)C(=O)NC3,1,IC50,7.72,1,CHEMBL2112040
CC(C)SCc1ccc2c(c1)c1c3c(c4c(c1n2CCCO)Cc1ccccc1-4)C(=O)NC3,1,IC50,7.24,1,CHEMBL150405
CC(C)OCc1ccc2[nH]c3c4c(c5c(c3c2c1)CNC5=O)-c1ccccc1C4,1,IC50,7.26,1,CHEMBL151358
CC(C)OCc1ccc2c(c1)c1c3c(c4c(c1n2CCCOC(=O)CN(C)C)Cc1ccccc1-4)C(=O)NC3,1,IC50,7.8,2,CHEMBL346631
O=C1NCc2c3c(c4[nH]c5ccccc5c4c21)Cc1ccccc1-3,1,IC50,6.38,2,CHEMBL148471
CC(=O)c1ccc2c(c1)c1c3c(c4c(c1n2CCCO)Cc1ccccc1-4)C(=O)NC3,1,IC50,6.73,1,CHEMBL359084
CC(C)[S+]([O-])Cc1ccc2c(c1)c1c3c(c4c(c1n2CCCO)Cc1ccccc1-4)C(=O)NC3,1,IC50,6.51,1,CHEMBL358843
O=C1NCc2c1c1c(c3c2c2ccccc2n3CCO)Cc2ccccc2-1,1,IC50,6.97,1,CHEMBL151219
CC(C)OCc1ccc2c(c1)c1c3c(c4c(c1n2CCCO)Cc1ccccc1-4)C(=O)NC3,1,IC50,8.1,1,CHEMBL150894
CCSCc1ccc2c(c1)c1c3c(c4c(c1n2CCCO)Cc1ccccc1-4)C(=O)NC3,1,IC50,7.68,1,CHEMBL149636
CCOC(C)c1ccc2c(c1)c1c3c(c4c(c1n2CCCO)Cc1ccccc1-4)C(=O)NC3,1,IC50,7.19,3,CHEMBL359316
CCCCOC(C)c1ccc2c(c1)c1c3c(c4c(c1n2CCCO)Cc1ccccc1-4)C(=O)NC3,1,IC50,6.89,1,CHEMBL151863
CC(C)CCOCc1ccc2c(c1)c1c3c(c4c(c1n2CCCO)Cc1ccccc1-4)C(=O)NC3,1,IC50,6.56,1,CHEMBL357813
O=C1NCc2c1c1c(c3c2c2cc(CO)ccc2n3CCCO)Cc2ccccc2-1,1,IC50,6.68,1,CHEMBL148880
COC(C)c1ccc2c(c1)c1c3c(c4c(c1n2CCCO)Cc1ccccc1-4)C(=O)NC3,1,IC50,7.14,1,CHEMBL150085
CCOCc1ccc2c(c1)c1c3c(c4c(c1n2CCCO)Cc1ccccc1-4)C(=O)NC3,1,IC50,8.4,1,CHEMBL424323
CCC(CC)OCc1ccc2c(c1)c1c3c(c4c(c1n2CCCO)Cc1ccccc1-4)C(=O)NC3,1,IC50,7.46,1,CHEMBL149742
CCC(C)OCc1ccc2c(c1)c1c3c(c4c(c1n2CCCO)Cc1ccccc1-4)C(=O)NC3,1,IC50,7.92,1,CHEMBL151959
O=C1NCc2c1c1c(c3[nH]c4ccccc4c23)Cc2ccccc2-1,1,IC50,6.96,2,CHEMBL357490
CC(O)c1ccc2c(c1)c1c3c(c4c(c1n2CCCO)Cc1ccccc1-4)C(=O)NC3,1,IC50,6.96,1,CHEMBL151656
O=C1NCc2c1c1c(c3c2c2cc(Br)ccc2n3CCCO)Cc2ccccc2-1,1,IC50,6.98,1,CHEMBL151835
COCc1ccc2c(c1)c1c3c(c4c(c1n2CCCO)Cc1ccccc1-4)C(=O)NC3,1,IC50,7.77,1,CHEMBL358038
CC(C)OC(C)c1ccc2c(c1)c1c3c(c4c(c1n2CCCO)Cc1ccccc1-4)C(=O)NC3,1,IC50,6.39,1,CHEMBL150291
CCCOCc1ccc2c(c1)c1c3c(c4c(c1n2CCCO)Cc1ccccc1-4)C(=O)NC3,1,IC50,7.89,1,CHEMBL356626
CC[C@@H](C)OCc1ccc2c(c1)c1c3c(c4c(c1n2CCCO)Cc1ccccc1-4)C(=O)NC3,1,IC50,7.92,1,CHEMBL2448133
CCCCOCc1ccc2c(c1)c1c3c(c4c(c1n2CCCO)Cc1ccccc1-4)C(=O)NC3,1,IC50,7.75,1,CHEMBL424321
O=Cc1ccc2c(c1)c1c3c(c4c(c1n2CCCO)Cc1ccccc1-4)C(=O)NC3,1,IC50,6.98,1,CHEMBL423221
CC(C)(C)OCc1ccc2c(c1)c1c3c(c4c(c1n2CCCO)Cc1ccccc1-4)C(=O)NC3,1,IC50,7.96,1,CHEMBL151713
O=C(Nc1ccc(Cl)cc1)c1ccccc1NCc1ccncc1,1,IC50,7.7,3,CHEMBL101683
Clc1ccc(Nc2nnc(Cc3ccncc3)c3ccccc23)cc1,1,IC50,8.0,41,CHEMBL101253;CHEMBL75232
COCCOc1cc2nccc(Nc3ccc(Cl)cc3F)c2cc1OC,1,IC50,8.0,1,CHEMBL150817
COc1cc2ncnc(N3CCN(C(=O)Nc4ccc([N+](=O)[O-])cc4)CC3)c2cc1OC,0,IC50 (>),4.0,1,CHEMBL99743
COc1cc2ncnc(Nc3cccc(O)c3)c2cc1OC,1,IC50,7.3,6,CHEMBL127907
COc1cc2c(Nc3ccc(Cl)cc3F)ncnc2cc1OCc1ccncc1,1,IC50,7.22,1,CHEMBL345943
COc1cc2ncnc(Nc3ccc(Cl)cc3F)c2cc1OC,1,IC50,7.0,1,CHEMBL150315
COc1cc2ncnc(N3CCN(C(=O)Nc4ccc(Br)cc4)CC3)c2cc1OC,0,IC50 (>),4.0,1,CHEMBL323336
COCCOc1cc2ncnc(Nc3ccc(Cl)cc3F)c2cc1OCCOC,1,IC50,7.22,1,CHEMBL148869
COCC(=O)Nc1cc2ncnc(Nc3cc(O)c(C)cc3F)c2cc1OC,1,IC50,6.52,1,CHEMBL151015
COCC(=O)Nc1cc2ncnc(Nc3ccc(Cl)cc3F)c2cc1OC,0,IC50 (>),4.0,1,CHEMBL151948
COCCOc1ccc2c(Nc3ccc(Cl)cc3F)ncnc2c1,1,IC50,6.82,1,CHEMBL150657
COc1cc2c(Nc3c(F)cc(Br)cc3F)ncnc2cc1OCCn1ccnn1,1,IC50,7.4,1,CHEMBL150187
COc1cc2c(Nc3ccc(Cl)cc3F)ncnc2cc1OCCOCCN1CCOCC1,1,IC50,7.22,1,CHEMBL356658
COCCOc1cc2nncc(Nc3cc(O)c(Cl)cc3F)c2cc1OC,1,IC50,8.4,2,CHEMBL150826
COc1cc2c(Nc3ccc(Cl)cc3F)ncnc2cc1OCCn1ccnc1,1,IC50,7.4,1,CHEMBL147192
COc1cc2ncnc(N3CCN(C(=O)Nc4ccc(C#N)cc4)CC3)c2cc1OC,0,IC50 (>),4.0,1,CHEMBL106966
COc1cc2ncnc(Nc3ccc(Cl)cc3)c2cc1OC,1,IC50,6.1,3,CHEMBL147138
COc1cc2c(Nc3ccc(Cl)cc3F)ncnc2cc1OCCn1ccnn1,1,IC50,8.0,1,CHEMBL357815
COc1cc2c(Nc3ccc(C#N)cc3F)ncnc2cc1OCCn1ccnn1,1,IC50,6.52,1,CHEMBL358672
COc1cc2ncnc(Nc3ccc(F)c(Cl)c3)c2cc1OC,1,IC50,6.29,2,CHEMBL301018
COc1cc2c(Nc3ccc(Cl)cc3F)ncnc2cc1OCCn1cncn1,1,IC50,7.0,1,CHEMBL150606
COc1cc2ncnc(Nc3cc(O)c(C)cc3F)c2cc1OC,1,IC50,8.64,3,CHEMBL440727
COc1cc2c(Nc3ccc(Cl)cc3F)ncnc2cc1OCCN1CCCC1,1,IC50,7.4,1,CHEMBL147180
COc1cc2c(Nc3ccc(Cl)cc3F)ncnc2cc1OCc1ccsc1,1,IC50,8.1,1,CHEMBL151067
COc1cc2c(Nc3ccc(Cl)cc3F)ncnc2cc1OCCCCN1CCOCC1,1,IC50,7.4,1,CHEMBL434311
Clc1ccc(Nc2nnc(Cc3ccncc3)c3c2CCCC3)cc1,0,IC50 (>),5.0,1,CHEMBL75076
COc1cc2c(Nc3c(Cl)ccc4c3OCO4)ncnc2cc1OCCCN1CCOCC1,0,IC50,4.77,1,CHEMBL369360
COc1cc2c(Nc3cccc4occc34)ncnc2cc1OCCCN1CCOCC1,1,IC50,6.6,1,CHEMBL171558
COc1cc2c(Nc3c(Cl)ccc4c3OCO4)ncnc2cc1OCc1ccnc(C#N)c1,0,IC50,4.11,1,CHEMBL354145
COc1cc2c(Nc3c(Br)ccc4c3OCO4)ncnc2cc1OCCCN1CCOCC1,0,IC50,4.37,1,CHEMBL173799
Clc1ccc2c(c1Nc1ncnc3cc(OCCCN4CCOCC4)ccc13)OCO2,0,IC50,4.04,1,CHEMBL422564
Cc1cccc(Nc2nnc(Cc3ccncc3)c3ccccc23)c1,1,IC50,7.1,1,CHEMBL78303
COc1cc2c(Nc3cccc4c(Cl)coc34)ncnc2cc1OCCCN1CCOCC1,1,IC50,7.0,1,CHEMBL172518
COc1cc2ncnc(Nc3c(Cl)ccc4c3OCO4)c2cc1OCCCN1CCOCC1,0,IC50,4.13,1,CHEMBL352877
O=C(Nc1cccc(C(F)(F)F)c1)c1ccccc1NCc1ccncc1,1,IC50,8.92,28,CHEMBL153843
COc1cc2c(Nc3cccc4ccoc34)ncnc2cc1OCCCN1CCOCC1,1,IC50,6.39,1,CHEMBL171745
FC(F)(F)c1cc(Nc2nnc(Cc3ccncc3)c3ccccc23)ccc1Cl,1,IC50,6.52,2,CHEMBL77555
c1ccc(-c2ccc(Nc3nnc(Cc4ccncc4)c4ccccc34)cc2)cc1,1,IC50,6.7,1,CHEMBL309331
Cc1c(Cc2ccncc2)nnc(Nc2ccc(Cl)cc2)c1C,1,IC50,6.06,2,CHEMBL306707
COc1cc(Nc2nnc(Cc3ccncc3)c3ccccc23)ccc1Cl,1,IC50,6.85,2,CHEMBL75034
Clc1ccc(Nc2nnc(Cc3ccccn3)c3ccccc23)cc1,0,IC50 (>),5.0,1,CHEMBL312789
CC(c1ccncc1)c1nnc(Nc2ccc(Cl)cc2)c2ccccc12,1,IC50,6.68,1,CHEMBL78160
Oc1cccc(Nc2nnc(Cc3ccncc3)c3ccccc23)c1,1,IC50,6.17,1,CHEMBL306295
Cc1cc(Cc2nnc(Nc3ccc(Cl)cc3)c3ccccc23)cc(C)n1,0,IC50 (>),5.0,1,CHEMBL75130
c1ccc(Nc2nnc(Cc3ccncc3)c3ccccc23)cc1,1,IC50,6.02,1,CHEMBL74587
Clc1ccc(Nc2nnc(Cc3ccncn3)c3ccccc23)cc1,1,IC50,6.39,1,CHEMBL419458
FC(F)(F)c1cc(Br)cc(Nc2nnc(Cc3ccncc3)c3ccccc23)c1,1,IC50,6.42,1,CHEMBL77933
Fc1cc(Nc2nnc(Cc3ccncc3)c3ccccc23)cc(C(F)(F)F)c1,1,IC50,6.7,1,CHEMBL74646
Clc1ccc(Nc2nnc(Cc3ccncc3)c3ccccc23)cc1Cl,1,IC50,7.52,1,CHEMBL75196
COc1ccc(Cl)c(Nc2ncnc3cc(OCN4CCN(C)CC4)c(OC)cc23)c1,1,IC50,6.17,1,CHEMBL352992
COc1cc2c(Nc3cccc4c3ccn4C)ncnc2cc1OCCCN1CCOCC1,1,IC50,6.38,1,CHEMBL355282
Clc1ccc(Nc2nnc(Cc3ccncc3)c3cnccc23)cc1,1,IC50,6.21,1,CHEMBL74550
Clc1ccc(Nc2nnc(Cc3ccncc3)c3cccnc23)cc1,0,IC50 (>),5.0,1,CHEMBL306284
CC(C)(C)c1ccc(Nc2nnc(Cc3ccncc3)c3ccccc23)cc1,1,IC50,6.68,1,CHEMBL431006
COc1cc2c(Nc3c(Cl)ccc4c3OCO4)ncnc2cc1OCC1CCN(C)CC1,0,IC50,4.81,1,CHEMBL170984
Clc1ccc(Nc2nnc(Cc3ccncc3)c3ncccc23)cc1,1,IC50,6.89,2,CHEMBL75077
Cc1cc(C)cc(Nc2nnc(Cc3ccncc3)c3ccccc23)c1,1,IC50,7.4,1,CHEMBL74197
Clc1ccc(Nc2nnc(Cc3cccnc3)c3ccccc23)cc1,0,IC50 (>),5.0,1,CHEMBL74848
Cc1cc(Cc2nnc(Nc3ccc(Cl)cc3)c3ccccc23)ccn1,1,IC50,6.62,1,CHEMBL312526
COc1cccc(Nc2nnc(Cc3ccncc3)c3ccccc23)c1,1,IC50,6.62,1,CHEMBL75462
O=C(Nc1cccc(-c2cncc3ccccc23)c1)c1ccccc1NCc1ccncc1,1,IC50,8.94,2,CHEMBL347537
c1ccc2c(c1)c(-c1cncc(-c3ccsc3)c1)cn2CCN1CCCCC1,1,IC50,6.96,2,CHEMBL317438
CN1CCN([C@H]2CC[C@H](n3cc(-c4ccc(Oc5ccccc5)cc4)c4c(N)ncnc43)CC2)CC1,0,IC50,4.97,1,CHEMBL45177
CN(C)CCn1cc(-c2cncc(-c3ccsc3)c2)c2ccccc21,1,IC50,6.94,2,CHEMBL318263
CC(CN(C)C)Cn1cc(-c2cncc(-c3ccsc3)c2)c2ccccc21,1,IC50,7.34,1,CHEMBL327720
CC(=O)Nc1oc(-c2cncc(-c3ccsc3)c2)nc1-c1ccccc1,1,IC50,6.73,1,CHEMBL432196
CC(=O)Nc1oc(-c2cc3ccccc3cc2O)nc1-c1ccccc1,1,IC50,7.8,1,CHEMBL101221
CN1CCN(c2ccc3c(n2)nc(-c2ccc(F)cc2)n3-c2ccnc(NC3CCCC3)n2)CC1,0,IC50 (>),5.0,1,CHEMBL120185
c1ccc2c(c1)c(-c1cncc(-c3ccsc3)c1)cn2CCN1CCOCC1,1,IC50,7.22,1,CHEMBL103595
c1ccc2c(c1)c(-c1cncc(-c3ccsc3)c1)cn2CCCN1CCCCC1,1,IC50,7.42,2,CHEMBL316671
CN(C)CCCn1cc(-c2cncc(-c3ccsc3)c2)c2ccccc21,1,IC50,7.19,2,CHEMBL318835
CN1CCC(O)(c2cn(-c3ccnc(NC4CCCC4)n3)c(-c3cccc(C(F)(F)F)c3)n2)CC1,0,IC50 (>),5.0,1,CHEMBL118258
CC(=O)Nc1oc(-c2cncc(-c3ccccc3)c2)nc1-c1ccccc1,1,IC50,6.24,1,CHEMBL101461
CN1CCN(CCCn2cc(-c3cncc(-c4ccsc4)c3)c3ccccc32)CC1,1,IC50,7.8,2,CHEMBL327721
c1ccc2c(-c3cncc(-c4ccsc4)c3)c[nH]c2c1,1,IC50,6.9,2,CHEMBL327518
COc1cc2ncnc(N3CCN(/C(S)=N\Cc4ccc5c(c4)OCO5)CC3)c2cc1OC,0,IC50,4.76,1,CHEMBL102301
COc1cc2ncnc(N3CCN(/C(S)=N\Cc4ccccc4)CC3)c2cc1OC,0,IC50 (>),4.0,1,CHEMBL319894
OCCCNc1cncc(-c2cc(Nc3cccc(Cl)c3)ncn2)c1,0,IC50 (>),5.0,1,CHEMBL355578
OCCCNc1cncc(-c2cncc(Nc3cccc(Cl)c3)n2)c1,1,IC50,7.08,3,CHEMBL177688
OCCCNc1cncc(-c2cnc(Nc3cccc(Cl)c3)cn2)c1,0,IC50 (>),5.0,1,CHEMBL368997
OCCCNc1cncc(-c2ncc(Nc3cccc(Cl)c3)cn2)c1,0,IC50 (>),5.0,1,CHEMBL177548
OCCCNc1ccc(-c2ncncc2Nc2cccc(Cl)c2)cn1,0,IC50 (>),5.0,1,CHEMBL369217
OCCCNc1cncc(-c2cncc(Nc3cccc(Cl)c3)n2)n1,1,IC50,6.3,1,CHEMBL178743
OCCCNc1cccc(-c2cncc(Nc3cccc(Cl)c3)n2)n1,0,IC50 (>),5.0,1,CHEMBL177384
OCCCNc1cc(-c2cncc(Nc3cccc(Cl)c3)n2)ccn1,1,IC50,6.3,1,CHEMBL177434
OCCCNc1cnccc1-c1cncc(Nc2cccc(Cl)c2)n1,1,IC50,6.12,1,CHEMBL178484
OCCCNc1ccc(-c2cncc(Nc3cccc(Cl)c3)n2)nc1,0,IC50 (>),5.0,1,CHEMBL177806
OCCCNc1ncc(-c2cncc(Nc3cccc(Cl)c3)n2)s1,1,IC50,6.15,1,CHEMBL368786
CN(Cc1ccccc1)c1nc(O)nc(Nc2ccc3scnc3c2)n1,1,IC50,6.5,1,CHEMBL366359
CC(C)(Nc1nc(NO)nc(Nc2ccc3ncsc3c2)n1)c1ccccc1,1,IC50,7.4,2,CHEMBL177298
COc1nc(Nc2ccc3ncsc3c2)nc(NC(C)(C)c2ccccc2)n1,0,IC50 (>),4.52,1,CHEMBL175506
CC(C)(Nc1nc(O)nc(Nc2ccc3ncsc3c2)n1)c1ccccc1,1,IC50,7.46,2,CHEMBL175862
Oc1nc(NCc2ccccc2)nc(Nc2ccc3ncsc3c2)n1,0,IC50 (>),4.52,1,CHEMBL539425
CCN(Cc1ccccc1)c1nc(O)nc(Nc2ccc3ncsc3c2)n1,1,IC50,7.31,2,CHEMBL176078
CC(C)N(Cc1ccccc1)c1nc(O)nc(Nc2ccc3ncsc3c2)n1,1,IC50,7.75,2,CHEMBL176019
COc1ccc(Nc2ncc(-c3ccccc3)o2)cc1OC,1,IC50,6.85,1,CHEMBL1794060
COc1cc(Nc2ncc(-c3ccccc3)o2)cc(OC)c1,1,IC50,6.77,1,CHEMBL176553
COc1cc(Nc2ncc(-c3ccccc3)o2)cc(OC)c1OC,1,IC50,7.0,1,CHEMBL443563
CCN(CC)S(=O)(=O)c1ccc(OC)c(Nc2ncc(-c3ccccc3)o2)c1,1,IC50,7.64,1,CHEMBL275473
CCS(=O)(=O)c1ccc(OC)c(Nc2ncc(-c3ccccc3)o2)c1,1,IC50,7.3,1,CHEMBL369751
CCS(=O)(=O)c1ccc(OC)c(Nc2ncc(-c3ccccc3Cl)o2)c1,1,IC50,6.44,1,CHEMBL179453
CCS(=O)(=O)c1ccc(OC)c(Nc2ncc(-c3cccc(Cl)c3)o2)c1,1,IC50,7.66,1,CHEMBL178507
CCS(=O)(=O)c1ccc(OC)c(Nc2ncc(-c3cccc(C#N)c3)o2)c1,1,IC50,6.85,1,CHEMBL361642
CCS(=O)(=O)c1ccc(OC)c(Nc2ncc(-c3cccc(OC)c3)o2)c1,1,IC50,6.44,1,CHEMBL179311
CCS(=O)(=O)c1ccc(OC)c(Nc2ncc(-c3cccc(F)c3)o2)c1,1,IC50,7.03,1,CHEMBL179465
COc1ccc(NC(=O)Nc2ccc(Oc3ccnc4cc(OC)c(OC)cc34)cc2)cc1,1,IC50,8.96,1,CHEMBL179593
COc1ccc(NC(=O)Nc2ccc(Oc3ncnc4cc(OC)c(OC)cc34)cc2)cc1,1,IC50,8.66,4,CHEMBL179603
COc1ccc(NC(=O)Nc2ccc(Sc3ccnc4cc(OC)c(OC)cc34)cc2)cc1,1,IC50,8.23,1,CHEMBL362486
COc1cc2nccc(Oc3ccc(NC(=O)Nc4ccc(F)cc4)cc3)c2cc1OC,1,IC50,9.4,1,CHEMBL180331
COc1cc2nccc(Oc3ccc(NC(NC#N)Nc4ccc(F)cc4)cc3)c2cc1OC,1,IC50,7.26,1,CHEMBL179450
COc1cc2nccc(Oc3ccc(NC(=O)Nc4ccccc4)cc3)c2cc1OC,1,IC50,9.7,1,CHEMBL368252
COc1ccccc1NC(=O)Nc1ccc(Oc2ccnc3cc(OC)c(OC)cc23)cc1,1,IC50,9.7,1,CHEMBL426047
COc1cc2nccc(Oc3ccc(NC(=O)Nc4ccccc4C)cc3)c2cc1OC,1,IC50,8.64,1,CHEMBL179061
COc1cc2nccc(Oc3ccc(NC(=O)Nc4cccc(C)c4)cc3)c2cc1OC,1,IC50,9.7,1,CHEMBL369760
COc1cc2nccc(Oc3ccc(NC(=O)Nc4ccc(C)cc4)cc3)c2cc1OC,1,IC50,9.3,1,CHEMBL362634
COc1cc2nccc(Oc3ccc(NC(=O)Nc4ccccc4[N+](=O)[O-])cc3)c2cc1OC,1,IC50,7.72,1,CHEMBL360781
COc1cc2nccc(Oc3ccc(NC(=O)Nc4cccc([N+](=O)[O-])c4)cc3)c2cc1OC,1,IC50,8.96,1,CHEMBL179360
COc1cc2nccc(Oc3ccc(NC(=O)Nc4ccc([N+](=O)[O-])cc4)cc3)c2cc1OC,1,IC50,8.25,1,CHEMBL178568
COc1cc2nccc(Oc3ccc(NC(=O)Nc4ccccc4F)cc3)c2cc1OC,1,IC50,9.3,1,CHEMBL179227
COc1cc2nccc(Oc3ccc(NC(=O)Nc4cccc(F)c4)cc3)c2cc1OC,1,IC50,8.92,1,CHEMBL426602
COc1cc2nccc(Oc3ccc(NC(=O)Nc4cccc(Cl)c4)cc3)c2cc1OC,1,IC50,8.8,1,CHEMBL362188
COc1cc2nccc(Oc3ccc(NC(=O)Nc4ccc(Cl)cc4)cc3)c2cc1OC,1,IC50,9.7,1,CHEMBL179165
COc1cc2nccc(Oc3ccc(NC(=O)Nc4cccc(F)c4F)cc3)c2cc1OC,1,IC50,9.15,1,CHEMBL179698
COc1cc2nccc(Oc3ccc(NC(=O)Nc4ccc(F)cc4F)cc3)c2cc1OC,1,IC50,9.15,1,CHEMBL360526
COc1cc2nccc(Oc3ccc(NC(=O)Nc4cc(F)ccc4F)cc3)c2cc1OC,1,IC50,9.4,1,CHEMBL179522
COc1cc2nccc(Oc3ccc(NC(=O)Nc4c(F)cccc4F)cc3)c2cc1OC,1,IC50,8.74,1,CHEMBL179307
COc1cc2nccc(Oc3ccc(NC(=O)Nc4ccc(F)c(F)c4)cc3)c2cc1OC,1,IC50,8.96,1,CHEMBL179719
COc1cc2nccc(Oc3ccc(NC(=O)Nc4cc(F)cc(F)c4)cc3)c2cc1OC,1,IC50,8.74,1,CHEMBL179816
COc1cc2nccc(Oc3ccc(NC(=O)Nc4cccc(Cl)c4Cl)cc3)c2cc1OC,1,IC50,7.57,1,CHEMBL178981
COc1cc2nccc(Oc3ccc(NC(=O)Nc4ccc(Cl)cc4Cl)cc3)c2cc1OC,1,IC50,8.25,1,CHEMBL179422
COc1cc2nccc(Oc3ccc(NC(=O)Nc4cc(Cl)ccc4Cl)cc3)c2cc1OC,1,IC50,8.22,1,CHEMBL369747
COc1cc2nccc(Oc3ccc(NC(=O)Nc4c(Cl)cccc4Cl)cc3)c2cc1OC,1,IC50,7.43,1,CHEMBL179082
COc1cc2nccc(Oc3ccc(NC(=O)Nc4ccc(Cl)c(Cl)c4)cc3)c2cc1OC,1,IC50,8.43,1,CHEMBL359617
COc1cc2nccc(Oc3ccc(NC(=O)Nc4cc(Cl)cc(Cl)c4)cc3)c2cc1OC,1,IC50,8.05,1,CHEMBL440202
COc1cc2nccc(Oc3ccc(NC(=O)Nc4ccc(F)cc4F)c(F)c3)c2cc1OC,1,IC50,9.05,2,CHEMBL178455
COc1cc2nccc(Oc3ccc(NC(=O)Nc4ccc(F)cc4F)c(Cl)c3)c2cc1OC,1,IC50,9.4,1,CHEMBL279351
COc1cc2nccc(Oc3ccc(NC(=O)Nc4ccc(F)cc4F)cc3Cl)c2cc1OC,1,IC50,8.59,1,CHEMBL360349
COC(=O)c1cn2ncnc(Nc3cccc(O)c3)c2c1C,1,IC50,7.21,1,CHEMBL181567
COC(=O)c1cn2ncnc(Nc3ccc(C)c(O)c3)c2c1C,1,IC50,8.0,1,CHEMBL178789
CCc1ccc(Nc2ncnn3cc(C(=O)OC)c(C)c23)cc1O,1,IC50,7.26,1,CHEMBL178248
CCCc1ccc(Nc2ncnn3cc(C(=O)OC)c(C)c23)cc1O,1,IC50,6.72,1,CHEMBL181122
COC(=O)c1cn2ncnc(Nc3ccc(C(C)C)c(O)c3)c2c1C,1,IC50,6.42,1,CHEMBL359507
COC(=O)c1cn2ncnc(Nc3ccc(C(F)(F)F)c(O)c3)c2c1C,1,IC50,6.43,1,CHEMBL178899
COC(=O)c1cn2ncnc(Nc3ccc(Br)c(O)c3)c2c1C,1,IC50,7.48,1,CHEMBL360503
CCCc1c(C(=O)OCC)cn2ncnc(Nc3ccc(C)c(O)c3)c12,1,IC50,8.52,1,CHEMBL359652
CCOC(=O)c1cn2ncnc(Nc3ccc(C)c(O)c3)c2c1OCC,1,IC50,7.19,1,CHEMBL178596
CCOC(=O)c1cn2ncnc(Nc3ccc(C)c(O)c3)c2c1C(C)C,1,IC50,7.85,1,CHEMBL360769
COC(=O)c1cn2ncnc(Nc3ccc(C)c(O)c3)c2c1C(C)(C)C,1,IC50,6.51,1,CHEMBL181636
Cc1ccc(Nc2ncnn3cc(C(=O)NCCCN4CCCC4)c(C)c23)cc1O,1,IC50,7.4,1,CHEMBL178583
CCCc1c(C(=O)NCCCN2CCCC2)cn2ncnc(Nc3ccc(C)c(O)c3)c12,1,IC50,7.05,1,CHEMBL360450
Cc1ccc(Nc2ncnn3cc(C(=O)NCCCN4CCCC4)c(C(C)C)c23)cc1O,1,IC50,7.75,1,CHEMBL179517
COCCCNC(=O)c1cn2ncnc(Nc3ccc(C)c(O)c3)c2c1C,1,IC50,6.82,1,CHEMBL180807
Cc1ccc(Nc2ncnn3cc(C(=O)NCCCn4nccn4)c(C)c23)cc1O,1,IC50,7.52,1,CHEMBL180603
Cc1ccc(Nc2ncnn3cc(NC(=O)OCCCn4nccn4)c(C(C)C)c23)cc1O,1,IC50,8.15,1,CHEMBL178174
Cc1ccc(Nc2ncnn3cc(NC(=O)OCCCN4CCCCC4)c(C(C)C)c23)cc1O,1,IC50,8.3,1,CHEMBL178607
Cc1ccc(Nc2ncnn3cc(OCCCN4CCCCC4)c(C(C)C)c23)cc1O,1,IC50,8.4,1,CHEMBL369322
Cc1ccc(Nc2ncnn3cc(C(=O)NCCCN4CCOCC4)c(C)c23)cc1O,1,IC50,7.28,1,CHEMBL180978
Cc1ccc(Nc2ncnn3cc(NC(=O)NCCCN4CCCCC4)c(C(C)C)c23)cc1O,1,IC50,8.3,1,CHEMBL360118
CCCCCC(=O)Nc1ncnc2oc(-c3ccc(OC)cc3)cc12,0,IC50 (>),4.32,1,CHEMBL360878
COc1ccc(-c2cc3c(NC(=O)CCSC)ncnc3o2)cc1,0,IC50 (>),4.33,1,CHEMBL182560
COc1ccc(-c2cc3c(NC(=O)C(C)C)ncnc3o2)cc1,0,IC50 (>),4.32,1,CHEMBL183077
COc1ccc(-c2cc3c(NC(=O)CC4CCCC4)ncnc3o2)cc1,0,IC50 (>),4.32,1,CHEMBL182891
COc1ccc(-c2cc3c(NC(=O)C4CCCCC4)ncnc3o2)cc1,0,IC50 (>),4.32,1,CHEMBL360340
COc1ccc(-c2cc3c(NC(=O)N4CCOCC4)ncnc3o2)cc1,0,IC50 (>),4.32,1,CHEMBL181147
COc1ccc(-c2cc3c(NC(=O)N4CCCC4)ncnc3o2)cc1,0,IC50,4.91,1,CHEMBL181856
COc1ccc(-c2cc3c(NC(=O)c4cccc(F)c4)ncnc3o2)cc1,0,IC50,4.66,1,CHEMBL427325
COc1ccc(-c2cc3c(NC(=O)c4ccco4)ncnc3o2)cc1,0,IC50 (>),4.32,1,CHEMBL183742
O=C(Nc1ncnc2oc(-c3ccccc3)cc12)C1CC1,1,IC50,6.08,1,CHEMBL360534
Cc1ccc(-c2cc3c(NC(=O)C4CC4)ncnc3o2)cc1,1,IC50,6.2,1,CHEMBL182283
O=C(Nc1ncnc2oc(-c3ccccc3)cc12)C1CCCC1,0,IC50 (>),4.64,1,CHEMBL183038
O=C(Nc1ncnc2oc(-c3ccc(Cl)cc3)cc12)C1CCCC1,0,IC50 (>),4.7,1,CHEMBL183171
Cc1ccc(-c2cc3c(NC(=O)C4CCCC4)ncnc3o2)cc1,0,IC50 (>),4.7,1,CHEMBL182007
O=C(Nc1ncnc2oc(-c3ccc(F)cc3)cc12)C1CCCC1,0,IC50 (>),4.72,1,CHEMBL185922
O=C(Nc1ncnc2oc(-c3cccnc3)cc12)C1CCCC1,0,IC50 (>),4.62,1,CHEMBL182419
O=C(Nc1ccc(-c2cccc3c2CNC3=O)cc1)c1ccccc1,0,IC50 (>),4.3,1,CHEMBL361285
O=C1NCc2c1cccc2-c1ccc(NS(=O)(=O)c2ccccc2)cc1,0,IC50 (>),4.3,1,CHEMBL185387
Cc1cccc(NC(=O)Nc2ccc(-c3cccc4c3CNC4=O)cc2)c1,1,IC50,7.01,3,CHEMBL185569
Cc1cccc(N(C)C(=O)Nc2ccc(-c3cccc4c3CNC4=O)cc2)c1,0,IC50,4.72,1,CHEMBL184918
Cc1ccc(NC(=O)Nc2ccc(-c3cccc4c3CNC4=O)cc2)cc1,1,IC50,6.37,1,CHEMBL181654
O=C(Nc1ccc(-c2cccc3c2CNC3=O)cc1)Nc1cccc(C(F)(F)F)c1,1,IC50,8.15,2,CHEMBL410711
O=C(Nc1ccc(-c2cccc3c2CNC3=O)cc1)Nc1ccc(C(F)(F)F)cc1,1,IC50,6.79,1,CHEMBL364626
O=C(Nc1ccc(-c2cccc3c2CNC3=O)cc1)Nc1cccc(Cl)c1,1,IC50,7.34,1,CHEMBL182468
CCc1cccc(NC(=O)Nc2ccc(-c3cccc4c3CNC4=O)cc2)c1,1,IC50,7.54,1,CHEMBL427321
O=C(Nc1ccc(-c2cccc3c2CNC3=O)cc1)Nc1cccc(F)c1,1,IC50,6.28,1,CHEMBL182648
COc1cccc(NC(=O)Nc2ccc(-c3cccc4c3CNC4=O)cc2)c1,1,IC50,6.24,1,CHEMBL360032
N#Cc1cccc(NC(=O)Nc2ccc(-c3cccc4c3CNC4=O)cc2)c1,1,IC50,6.43,1,CHEMBL184143
Cc1ccc(NC(=O)Nc2ccc(-c3cccc4c3CNC4=O)cc2)cc1C,1,IC50,7.3,1,CHEMBL184847
Cc1cc(C)cc(NC(=O)Nc2ccc(-c3cccc4c3CNC4=O)cc2)c1,1,IC50,7.08,1,CHEMBL184226
O=C(Nc1ccc(-c2cccc3c2CNC3=O)cc1)Nc1ccc2c(c1)CCC2,1,IC50,7.41,1,CHEMBL427139
O=C(Nc1ccc(-c2cccc3c2CNC3=O)cc1)Nc1cc(C(F)(F)F)ccc1F,1,IC50,7.64,1,CHEMBL184170
Cc1cccc(NC(=O)Nc2ccc(-c3cccc4c3CNC4=O)c(F)c2)c1,1,IC50,7.28,1,CHEMBL185197
Cc1cccc(NC(=O)Nc2ccc(-c3cccc4c3CNC4=O)cc2F)c1,1,IC50,7.36,1,CHEMBL184706
Cc1cccc(NC(=O)Nc2ccc(-c3cccc4c3CNC4=O)c(C)c2)c1,1,IC50,6.11,1,CHEMBL185331
Cc1cccc(NC(=O)Nc2ccc(-c3cccc4c3CNC4=O)cc2C)c1,1,IC50,7.72,2,CHEMBL183844
Cc1cccc(NC(=O)Nc2ccc(-c3cccc4c3CNC4=O)cc2C(F)(F)F)c1,1,IC50,7.47,1,CHEMBL183174
Cc1cccc(NC(=O)Nc2ccc(-c3cccc4c3CNC4=O)c(Cl)c2)c1,1,IC50,7.15,1,CHEMBL185614
Cc1cccc(NC(=O)Nc2ccc(-c3cccc4c3CNC4=O)cc2Cl)c1,1,IC50,7.52,1,CHEMBL185522
Cc1cccc(NC(=O)Nc2c(C)cc(-c3cccc4c3CNC4=O)cc2C)c1,0,IC50 (>),4.3,1,CHEMBL185207
Cc1cccc(NC(=O)Nc2ccc(-c3ccc(N)c4c3CNC4=O)cc2)c1,1,IC50,7.85,1,CHEMBL183803
Cc1cccc(CC(=O)Nc2ccc(-c3cccc4c3CNC4=O)cc2)c1,0,IC50 (>),4.3,1,CHEMBL183580
CC(=O)Nc1ccc(-c2ccc(NC(=O)Nc3cccc(C)c3)cc2)c2c1C(=O)NC2,1,IC50,7.19,1,CHEMBL184021
Cc1cccc(NC(=O)Nc2ccc(-c3ccc(NC(=O)c4ccccc4)c4c3CNC4=O)cc2)c1,1,IC50,6.33,1,CHEMBL183025
Cc1cccc(NC(=O)Nc2ccc(-c3ccc(NC(=O)c4cccnc4)c4c3CNC4=O)cc2)c1,1,IC50,8.0,1,CHEMBL184274
Cc1cccc(NC(=O)Nc2ccc(-c3ccc(NC(=O)CN(C)C)c4c3CNC4=O)cc2)c1,1,IC50,6.46,1,CHEMBL359947
COc1ccc(-c2ccc(NC(=O)Nc3cccc(C)c3)cc2)c2c1C(=O)NC2,1,IC50,7.68,2,CHEMBL184223
COCCOc1ccc(-c2ccc(NC(=O)Nc3cccc(C)c3)cc2)c2c1C(=O)NC2,1,IC50,6.9,1,CHEMBL365448
CN[C@@H]1CC2O[C@@](C)([C@@H]1OC)n1c3ccccc3c3c4c(c5c6ccccc6n2c5c31)C(=O)NC4,1,IC50,6.94,1,CHEMBL162
CC(C)OCc1ccc2c(c1)c1c3c(c4c(c1n2CCCCC(=O)N(C)C)Cc1ccccc1-4)C(=O)NC3,1,IC50,7.75,1,CHEMBL184971
Cn1cc(/C=C2\C(=O)NN=C2c2cnccn2)c2ccccc21,1,IC50,7.43,3,CHEMBL364411
Cc1c(/C=C2\C(=O)NN=C2c2cnccn2)[nH]c2ccccc12,1,IC50,7.22,2,CHEMBL366079
O=C1NN=C(c2cnccn2)/C1=C/c1[nH]c2ccccc2c1-c1ccccc1,1,IC50,7.7,2,CHEMBL365064
CCN(CC)CCc1c(C)[nH]c(/C=C2\C(=O)NN=C2c2cnccn2)c1C,1,IC50,7.1,2,CHEMBL425356
CCN(CC)CCc1c(C)[nH]c(/C=C2\C(=O)NN=C2C2CC2)c1C,1,IC50,6.08,1,CHEMBL187279
O=C1Nc2ccccc2S/C1=C\c1c[nH]c2cc(OCCN3CCOCC3)ccc12,1,IC50,6.8,2,CHEMBL187130
O=C1Nc2ccccc2S/C1=C\c1c[nH]c2c(C(=O)N3CCC(N4CCCCC4)CC3)cccc12,1,IC50,6.77,2,CHEMBL185592
Cc1cc(Nc2ncc(C(=O)Nc3c(C)cccc3Cl)s2)nc(C)n1,0,IC50 (>),5.0,1,CHEMBL364623
CC(C)OC(=O)N1CCn2cc(C3=C(c4cnc5ccccn45)C(=O)NC3=O)c3cccc(c32)C1,0,IC50 (>),4.7,1,CHEMBL363058
O=C1NC(=O)C(c2cnc3ccccn23)=C1c1cn2c3c(cccc13)CN(C(=O)N1CCCCC1)CC2,0,IC50 (>),4.7,1,CHEMBL362588
Cc1cc2c3c(c1)c(C1=C(c4cnc5ccccn45)C(=O)NC1=O)cn3CCN(C(=O)N1CCCCC1)C2,0,IC50 (>),4.7,1,CHEMBL186290
O=C1NC(=O)C(c2cnc3ccccn23)=C1c1cn2c3c(cccc13)CN(C(=O)N1CCOCC1)CC2,0,IC50 (>),4.7,1,CHEMBL178737
CN(C)C(=O)N1CCn2cc(C3=C(c4cnc5ccccn45)C(=O)NC3=O)c3cccc(c32)C1,0,IC50 (>),4.7,1,CHEMBL362814
O=C1NC(=O)C(c2cnc3ccccn23)=C1c1cn2c3c(cc(F)cc13)CN(C(=O)N1CCCCC1)CC2,0,IC50 (>),4.7,1,CHEMBL362558
Cc1ccc(Nc2ncnn3ccc(C)c23)cc1O,1,IC50,7.22,2,CHEMBL188522
Cc1cc2c(Nc3ccc(C)c(O)c3)ncnn2c1,1,IC50,6.4,2,CHEMBL184750
Cc1ccc(Nc2ncnn3c(C)ccc23)cc1O,0,IC50 (>),5.0,2,CHEMBL187431
Cc1ccc(Nc2ncnn3cc(C)c(C)c23)cc1O,1,IC50,7.7,2,CHEMBL186001
CN(c1ccc(NC(=O)Nc2ccccc2)cc1)c1ccnc(Nc2cccc(CS(C)(=O)=O)c2)n1,1,IC50,7.75,1,CHEMBL185695
CN(c1ccc(NC(=O)Cc2ccccc2)cc1)c1ccnc(Nc2cccc(CS(C)(=O)=O)c2)n1,1,IC50,6.75,1,CHEMBL189305
CN(c1ccc(NC(=O)Oc2ccccc2)cc1)c1ccnc(Nc2cccc(CS(C)(=O)=O)c2)n1,1,IC50,7.02,1,CHEMBL187033
CN1CCN(Cc2ccc(NC(=O)Nc3ccc(N(C)c4ccnc(Nc5ccc(CS(C)(=O)=O)cc5)n4)cc3)cc2)CC1,1,IC50,8.4,1,CHEMBL187627
CN1CCN(C(=O)c2ccc(NC(=O)Nc3ccc(N(C)c4ccnc(Nc5ccc(CS(C)(=O)=O)cc5)n4)cc3)cc2)CC1,1,IC50,6.82,1,CHEMBL187494
CN(c1ccc(NC(=O)NCCN2CCOCC2)cc1)c1ccnc(Nc2ccc(CS(C)(=O)=O)cc2)n1,1,IC50,6.0,1,CHEMBL363316
CN(c1ccc(N/C(S)=N/c2ccccc2)cc1)c1ccnc(Nc2cccc(CS(C)(=O)=O)c2)n1,1,IC50,6.93,1,CHEMBL189199
CN(c1ccc(NS(=O)(=O)Cc2ccccc2)cc1)c1ccnc(Nc2cccc(CS(C)(=O)=O)c2)n1,1,IC50,6.57,1,CHEMBL187361
CN(c1ccc(NC(=N)Nc2ccccc2)cc1)c1ccnc(Nc2cccc(CS(C)(=O)=O)c2)n1,1,IC50,6.49,1,CHEMBL188421
CN(c1ccc(NC(=O)Nc2ccccc2)cc1)c1ccnc(Nc2cccc(S(N)(=O)=O)c2)n1,1,IC50,8.3,1,CHEMBL2096808
CN(c1ccc(NC(=O)Nc2cc(C(F)(F)F)ccc2F)cc1)c1ccnc(Nc2cccc(CS(C)(=O)=O)c2)n1,1,IC50,7.46,1,CHEMBL189291
CN(c1ccc(NC(=O)Nc2cc(C(F)(F)F)ccc2F)cc1)c1ccnc(Nc2ccc(CS(C)(=O)=O)cc2)n1,1,IC50,8.7,1,CHEMBL188997
CN(c1ccc(NC(=O)Nc2cc(C(F)(F)F)ccc2F)cc1)c1ccnc(Nc2cccc(S(N)(=O)=O)c2)n1,1,IC50,9.0,1,CHEMBL189354
CN(c1ccc(NC(=O)Nc2cc(C(F)(F)F)ccc2F)cc1)c1ccnc(Nc2ccc(S(N)(=O)=O)cc2)n1,1,IC50,9.0,1,CHEMBL185716
CC(=O)c1ccc(NC(=O)Nc2ccc(N(C)c3ccnc(Nc4cccc(CS(C)(=O)=O)c4)n3)cc2)cc1,1,IC50,8.52,1,CHEMBL189862
CN(c1ccc(NC(=O)Nc2ccc(OC(F)(F)F)cc2)cc1)c1ccnc(Nc2cccc(CS(C)(=O)=O)c2)n1,1,IC50,8.22,1,CHEMBL187609
CN(c1ccc(NC(=O)Nc2ccc(OC(F)(F)F)cc2)cc1)c1ccnc(Nc2cccc(S(N)(=O)=O)c2)n1,1,IC50,8.7,1,CHEMBL188381
CN(c1ccc(NC(=O)Nc2ccc(OC(F)(F)F)cc2)cc1)c1ccnc(Nc2ccc(S(N)(=O)=O)cc2)n1,1,IC50,8.7,1,CHEMBL188025
CCCCNC(=O)Nc1ccc(N(C)c2ccnc(Nc3cccc(CS(C)(=O)=O)c3)n2)cc1,1,IC50,7.54,1,CHEMBL188149
CN(c1ccc(NC(=O)NC2CCCC2)cc1)c1ccnc(Nc2cccc(CS(C)(=O)=O)c2)n1,1,IC50,7.51,1,CHEMBL365866
CN(C)CCNC(=O)Nc1ccc(N(C)c2ccnc(Nc3cccc(CS(C)(=O)=O)c3)n2)cc1,1,IC50,6.17,1,CHEMBL188042
CN(c1ccc(NC(=O)Nc2c(Cl)cccc2Cl)cc1)c1ccnc(Nc2cccc(CS(C)(=O)=O)c2)n1,1,IC50,7.19,1,CHEMBL189353
CN(c1ccc(NC(=O)NCCc2ccccc2)cc1)c1ccnc(Nc2cccc(CS(C)(=O)=O)c2)n1,1,IC50,7.96,1,CHEMBL189408
CCNC(=O)Nc1ccc(N(C)c2ccnc(Nc3cccc(CS(C)(=O)=O)c3)n2)cc1,1,IC50,7.77,1,CHEMBL425718
CCNC(=O)Nc1ccc(N(C)c2ccnc(Nc3ccc(CS(C)(=O)=O)cc3)n2)cc1,1,IC50,7.58,1,CHEMBL186369
Clc1cccc(Nc2cncc(-c3cncc(NCCCn4cccn4)c3)n2)c1,1,IC50,7.03,2,CHEMBL371169
Clc1cccc(Nc2cncc(-c3cncc(NCCCn4cncn4)c3)n2)c1,1,IC50,7.17,2,CHEMBL372657
Clc1cccc(Nc2cncc(-c3cncc(NCCOc4ccccc4)c3)n2)c1,0,IC50 (>),5.0,1,CHEMBL190371
O=C(O)CCCNc1cncc(-c2cncc(Nc3cccc(Cl)c3)n2)c1,1,IC50,6.25,2,CHEMBL364161
O=C(CCCNc1cncc(-c2cncc(Nc3cccc(Cl)c3)n2)c1)N1CCCCC1,1,IC50,6.21,2,CHEMBL361898
OCCCNc1cnc(F)c(-c2cncc(Nc3cccc(Cl)c3)n2)c1,1,IC50,6.6,2,CHEMBL188901
OCCCNc1cnc(Cl)c(-c2cncc(Nc3cccc(Cl)c3)n2)c1,0,IC50 (>),5.0,1,CHEMBL188904
OCCCNc1cncc(-c2cncc(Nc3cccc(F)c3)n2)c1,1,IC50,6.78,2,CHEMBL189825
COc1cccc(Nc2cncc(-c3cncc(NCCCO)c3)n2)c1,1,IC50,6.13,2,CHEMBL360401
OCCCNc1cncc(-c2cncc(Nc3ccccc3Cl)n2)c1,1,IC50,6.0,2,CHEMBL187571
Clc1cccc(Nc2cncc(-c3cncc(NCCCc4ccncc4)c3)n2)c1,1,IC50,7.12,2,CHEMBL365631
Clc1ccc(Nc2cncc(-c3cncc(NCCCc4ccncc4)c3)n2)cc1,1,IC50,6.0,2,CHEMBL189947
Clc1ccc(Nc2cncc(-c3cncc(NCCCc4ccncc4)c3)n2)cc1Cl,1,IC50,6.72,2,CHEMBL189017
OCCCNc1cncc(-c2cncc(Oc3cccc(Cl)c3)n2)c1,0,IC50 (>),5.0,1,CHEMBL364052
OCCNc1cncc(-c2cncc(Nc3cccc(Cl)c3)n2)c1,1,IC50,6.56,2,CHEMBL188284
OCCCCNc1cncc(-c2cncc(Nc3cccc(Cl)c3)n2)c1,1,IC50,7.2,2,CHEMBL188386
CN(C)CCCNc1cncc(-c2cncc(Nc3cccc(Cl)c3)n2)c1,1,IC50,6.87,2,CHEMBL364000
CN(C)CCNc1cncc(-c2cncc(Nc3cccc(Cl)c3)n2)c1,1,IC50,6.98,2,CHEMBL190984
O=C(CO)Nc1cncc(-c2cncc(Nc3cccc(Cl)c3)n2)c1,1,IC50,6.52,2,CHEMBL370951
COCC(=O)Nc1cncc(-c2cncc(Nc3cccc(Cl)c3)n2)c1,1,IC50,6.52,2,CHEMBL190960
COCCC(=O)Nc1cncc(-c2cncc(Nc3cccc(Cl)c3)n2)c1,1,IC50,6.23,2,CHEMBL363764
O=C(COCc1ccccc1)Nc1cncc(-c2cncc(Nc3cccc(Cl)c3)n2)c1,0,IC50 (>),5.0,1,CHEMBL264769
O=C(COc1ccccc1)Nc1cncc(-c2cncc(Nc3cccc(Cl)c3)n2)c1,0,IC50 (>),5.0,1,CHEMBL187407
CN(C)c1ccc(C(=O)Nc2cncc(-c3cncc(Nc4cccc(Cl)c4)n3)c2)cc1,0,IC50 (>),5.0,1,CHEMBL188903
Clc1cccc(Nc2cncc(-c3cncc(NCCCN4CCNCC4)c3)n2)c1,1,IC50,6.63,2,CHEMBL189998
CN1CCN(CCCNc2cncc(-c3cncc(Nc4cccc(Cl)c4)n3)c2)CC1,1,IC50,6.91,2,CHEMBL189226
Clc1cccc(Nc2cncc(-c3cncc(NCCCN4CCOCC4)c3)n2)c1,1,IC50,6.75,2,CHEMBL191107
Clc1cccc(Nc2cncc(-c3cncc(NCCCN4CCCCC4)c3)n2)c1,1,IC50,6.4,2,CHEMBL191160
Clc1cccc(Nc2cncc(-c3cncc(NCC4CCOCC4)c3)n2)c1,1,IC50,6.41,2,CHEMBL188387
Clc1cccc(Nc2cncc(-c3cncc(NCCCCc4ccncc4)c3)n2)c1,1,IC50,6.58,2,CHEMBL187684
Clc1cccc(Nc2cncc(-c3cncc(NCCCc4cccnc4)c3)n2)c1,1,IC50,7.12,2,CHEMBL188502
Cc1ccc(F)c(C(=O)n2nc(Nc3ccc(S(N)(=O)=O)cc3)nc2C)c1F,1,IC50,6.29,1,CHEMBL363607
Cc1ccsc1C(=O)n1nc(Nc2ccc(S(N)(=O)=O)cc2)nc1N,1,IC50,7.29,1,CHEMBL363130
Nc1nc(Nc2ccc(S(N)(=O)=O)cc2)nn1C(=S)Nc1c(F)cccc1F,1,IC50,7.5,2,CHEMBL261720
Nc1nc(Nc2ccc(S(N)(=O)=O)cc2)nn1C(=O)c1c(F)cccc1F,1,IC50,6.89,2,CHEMBL191003
COc1cc(OC)cc(-c2cc3cnc(NCCCCO)cc3nc2NC(=O)NC(C)(C)C)c1,1,IC50,8.1,1,CHEMBL425363
COc1cc(OC)cc(-c2cc3cnc(NCCCCCO)cc3nc2NC(=O)NC(C)(C)C)c1,1,IC50,8.22,1,CHEMBL365727
COc1cc(OC)cc(C2Cc3cnc(N(CCCOCc4ccccc4)C(C)=O)cc3N=C2NC(=O)NC(C)(C)C)c1,0,IC50,4.82,1,CHEMBL188431
COc1cc(OC)cc(C2Cc3cnc(N(CCCCCOCc4ccccc4)C(C)=O)cc3N=C2NC(=O)NC(C)(C)C)c1,0,IC50,4.26,1,CHEMBL190443
COc1cc(OC)cc(C2Cc3cnc(N(CCCCCO)C(C)=O)cc3N=C2NC(=O)NC(C)(C)C)c1,0,IC50,4.7,1,CHEMBL192668
CCNC(=O)Nc1nc2nc(NCCCN3CCN(C)CC3)ncc2cc1-c1cc(OC)cc(OC)c1,1,IC50,7.21,1,CHEMBL189851
COc1cc(OC)cc(-c2cc3cnc(NCCCN4CCN(C)CC4)nc3nc2NC(=O)NC(C)(C)C)c1,1,IC50,7.68,1,CHEMBL189059
CCNC(=O)Nc1nc2nc(NCCCCN(CC)CC)ncc2cc1-c1cc(OC)cc(OC)c1,1,IC50,6.72,1,CHEMBL190783
CCN(CC)CCCCNc1ncc2cc(-c3cc(OC)cc(OC)c3)c(NC(=O)NC(C)(C)C)nc2n1,1,IC50,6.92,1,CHEMBL189584
COc1cc(OC)cc(-c2cc3cnc(NCCCO)nc3nc2NC(=O)NC(C)(C)C)c1,1,IC50,7.15,1,CHEMBL365140
COc1cc(OC)cc(-c2cc3cnc(NCCCN4CCOCC4)cc3nc2NC(=O)NC(C)(C)C)c1,1,IC50,8.05,1,CHEMBL339856
COc1cc(OC)cc(-c2cc3cnc(NCCCN4CCN(C)CC4)cc3nc2N)c1,1,IC50,6.75,1,CHEMBL191265
CCNC(=O)Nc1nc2cc(NCCCN3CCN(C)CC3)ncc2cc1-c1cc(OC)cc(OC)c1,1,IC50,7.29,1,CHEMBL188087
COc1cc(OC)cc(-c2cc3cnc(NCCCN4CCN(C)CC4)cc3nc2NC(=O)NC(C)(C)C)c1,1,IC50,8.3,1,CHEMBL189995
CCN(CC)CCCNc1cc2nc(NC(=O)NC(C)(C)C)c(-c3cc(OC)cc(OC)c3)cc2cn1,1,IC50,7.82,1,CHEMBL363551
COc1cc(OC)cc(-c2cc3cnc(NCCCCN4CCOCC4)cc3nc2NC(=O)NC(C)(C)C)c1,1,IC50,8.22,1,CHEMBL187396
COc1cc(OC)cc(-c2cc3cnc(NCCCCN4CCN(C)CC4)cc3nc2NC(=O)NC(C)(C)C)c1,1,IC50,8.52,1,CHEMBL190161
CCN(CC)CCCCNc1cc2nc(N)c(-c3cc(OC)cc(OC)c3)cc2cn1,1,IC50,6.66,1,CHEMBL188978
CCNC(=O)Nc1nc2cc(NCCCCN(CC)CC)ncc2cc1-c1cc(OC)cc(OC)c1,1,IC50,7.34,1,CHEMBL190389
OCCCNc1cncc(-c2ncnc(Nc3cccc(Cl)c3)n2)n1,0,IC50 (>),5.0,1,CHEMBL193029
CCN(CC)CCCCNc1cc2nc(NC(=O)NC(C)(C)C)c(-c3cc(OC)cc(OC)c3)cc2cn1,1,IC50,8.22,1,CHEMBL191023
COc1cc(OC)cc(-c2cc3cnc(NCCCCCN4CCOCC4)cc3nc2NC(=O)NC(C)(C)C)c1,1,IC50,8.15,1,CHEMBL191070
COc1cc(OC)cc(-c2cc3cnc(NCCCCCN4CCN(C)CC4)cc3nc2NC(=O)NC(C)(C)C)c1,1,IC50,8.1,1,CHEMBL189691
CCN(CC)CCCCCNc1cc2nc(NC(=O)NC(C)(C)C)c(-c3cc(OC)cc(OC)c3)cc2cn1,1,IC50,8.4,1,CHEMBL192856
CN1CCN(CCCNc2cc3nc(NC(=O)NC(C)(C)C)c(-c4ccccc4)cc3cn2)CC1,1,IC50,7.27,1,CHEMBL425552
CCN(CC)CCCCNc1cc2nc(NC(=O)NC(C)(C)C)c(-c3ccccc3)cc2cn1,1,IC50,6.75,1,CHEMBL189542
CCNC(=O)Nc1nc2cc(NCCCN3CCN(C)CC3)ncc2cc1-c1c(Cl)cccc1Cl,1,IC50,6.96,1,CHEMBL190188
CN1CCN(CCCNc2cc3nc(NC(=O)NC(C)(C)C)c(-c4c(Cl)cccc4Cl)cc3cn2)CC1,1,IC50,7.85,1,CHEMBL191389
CCNC(=O)Nc1nc2cc(NCCCCN(CC)CC)ncc2cc1-c1c(Cl)cccc1Cl,1,IC50,6.89,1,CHEMBL190162
CCN(CC)CCCCNc1cc2nc(NC(=O)NC(C)(C)C)c(-c3c(Cl)cccc3Cl)cc2cn1,1,IC50,7.6,1,CHEMBL365377
COc1cc(OC)cc(-c2cc3cnc(N(CCCOCc4ccccc4)C(C)=O)cc3nc2NC(=O)NC(C)(C)C)c1,1,IC50,7.08,1,CHEMBL190866
COc1cc(OC)cc(-c2cc3cnc(N(CCCCOCc4ccccc4)C(C)=O)cc3nc2NC(=O)NC(C)(C)C)c1,1,IC50,6.17,1,CHEMBL189325
COc1cc(OC)cc(-c2cc3cnc(N(CCCCO)C(C)=O)cc3nc2NC(=O)NC(C)(C)C)c1,0,IC50,4.89,1,CHEMBL189628
COc1cc(OC)cc(-c2cc3cnc(NCCCOc4ccccc4)cc3nc2NC(=O)NC(C)(C)C)c1,1,IC50,6.75,1,CHEMBL190991
COc1cc(OC)cc(-c2cc3cnc(NCCCCOc4ccccc4)cc3nc2NC(=O)NC(C)(C)C)c1,1,IC50,6.75,1,CHEMBL189322
COc1cc(OC)cc(-c2cc3cnc(NCCCCCOc4ccccc4)cc3nc2NC(=O)NC(C)(C)C)c1,1,IC50,7.02,1,CHEMBL190405
COc1cc(OC)cc(-c2cc3cnc(NCCCO)cc3nc2NC(=O)NC(C)(C)C)c1,1,IC50,8.3,1,CHEMBL278472
Cc1[nH]c(/C=C2\C(=O)Nc3ccccc32)c(C)c1Br,1,IC50,6.5,1,CHEMBL191437
Cc1[nH]c(/C=C2\C(=O)Nc3ccccc32)c(C)c1Cl,1,IC50,6.0,1,CHEMBL363153
Cc1cc(C)c(/C=C2\C(=O)N(O)c3ccccc32)[nH]1,1,IC50,6.3,1,CHEMBL191523
CC(=O)ON1C(=O)/C(=C\c2[nH]c(C)cc2C)c2ccccc21,1,IC50,6.4,1,CHEMBL192893
Cc1cc(CO)[nH]c1/C=C1\C(=O)Nc2ccccc21,1,IC50,6.5,1,CHEMBL193094
Cc1cc(C(=O)O)[nH]c1/C=C1\C(=O)Nc2ccccc21,0,IC50 (>),5.0,1,CHEMBL371418
Cc1cc(C)c(/C=C2\C(=O)Nc3ccc(O)cc32)[nH]1,1,IC50,7.0,1,CHEMBL426078
Cc1cc(C(=O)NCCO)[nH]c1/C=C1\C(=O)Nc2ccccc21,0,IC50 (>),5.0,1,CHEMBL193290
O=C1Nc2ccccc2/C1=C/c1ccc[nH]1,1,IC50,6.85,1,CHEMBL86755
CC1(C)O[C@@H](n2c3ccccc3c3c4c(c5c6ccccc6[nH]c5c32)CNC4=O)C[C@]1(O)CO,1,IC50,7.19,1,CHEMBL365585
CC1(C)O[C@@H](n2c3ccccc3c3c4c(c5c6ccccc6[nH]c5c32)CNC4=O)C[C@@]1(O)CO,1,IC50,8.4,1,CHEMBL370493
C[C@@]1(O)C[C@H]2O[C@]1(C)n1c3ccccc3c3c4c(c5c6ccccc6n2c5c31)C(=O)NC4,1,IC50,7.12,1,CHEMBL2113062
C[C@]1(O)C[C@H]2O[C@]1(C)n1c3ccccc3c3c4c(c5c6ccccc6n2c5c31)C(=O)NC4,1,IC50,7.96,1,CHEMBL2113063
C[C@]12O[C@H](C[C@@]1(O)C(N)=O)n1c3ccccc3c3c4c(c5c6ccccc6n2c5c31)CNC4=O,1,IC50,7.05,1,CHEMBL2113065
CCOC(=O)c1cn2ncnc(Oc3cccc(C(=O)NOC)c3)c2c1C(C)C,1,IC50,6.57,2,CHEMBL364962
CCOC(=O)c1cn2ncnc(Nc3cccc(C(=O)NOC)c3)c2c1C(C)C,1,IC50,6.89,2,CHEMBL365178
CCOC(=O)c1cn2ncnc(Nc3ccc(C)c(C(=O)NOC)c3)c2c1C(C)C,1,IC50,6.92,1,CHEMBL365336
CCOC(=O)c1cn2ncnc(Nc3ccc(Br)c(C(=O)NOC)c3)c2c1C(C)C,1,IC50,6.57,2,CHEMBL193256
CCOC(=O)c1cn2ncnc(Nc3ccc(F)c(C(=O)NOC)c3)c2c1C(C)C,1,IC50,7.1,1,CHEMBL365109
CCOC(=O)c1cn2ncnc(Nc3cc(C(=O)NOC)ccc3F)c2c1C(C)C,1,IC50,7.47,1,CHEMBL363639
CCOC(=O)c1cn2ncnc(Nc3cc(C(=O)NOC)c(F)cc3F)c2c1C(C)C,1,IC50,7.89,1,CHEMBL195700
CCONC(=O)c1cc(Nc2ncnn3cc(C(=O)OCC)c(C(C)C)c23)c(F)cc1F,1,IC50,7.4,1,CHEMBL195853
CCOC(=O)c1cn2ncnc(Nc3cc(C(=O)NOC(C)C)c(F)cc3F)c2c1C(C)C,1,IC50,6.46,1,CHEMBL195845
CCOC(=O)c1cn2ncnc(Nc3cc(C(=O)NOCC4CC4)c(F)cc3F)c2c1C(C)C,1,IC50,6.72,1,CHEMBL195254
CCOC(=O)Nc1cn2ncnc(Nc3cc(C(=O)NOC)c(F)cc3F)c2c1C(C)C,1,IC50,7.18,1,CHEMBL366019
CONC(=O)c1cc(Nc2ncnn3cc(NC(=O)OCc4ccccc4)c(C(C)C)c23)c(F)cc1F,1,IC50,6.75,1,CHEMBL436117
CONC(=O)c1cc(Nc2ncnn3cc(NC(=O)OCCCN4CCCCC4)c(C(C)C)c23)c(F)cc1F,1,IC50,7.1,1,CHEMBL192318
CONC(=O)c1cc(Nc2ncnn3cc(NC(=O)OCCCS(C)(=O)=O)c(C(C)C)c23)c(F)cc1F,1,IC50,10.21,2,CHEMBL195218
CONC(=O)c1cc(Nc2ncnn3cc(NC(=O)OCC4CCCO4)c(C(C)C)c23)c(F)cc1F,1,IC50,7.24,2,CHEMBL370266
CONC(=O)c1cc(Nc2ncnn3cc(NC(=O)OC4CCN(C)CC4)c(C(C)C)c23)c(F)cc1F,1,IC50,7.44,1,CHEMBL191594
CONC(=O)c1cc(Nc2ncnn3cc(-c4ncc(C)o4)c(C(C)C)c23)c(F)cc1F,1,IC50,8.1,2,CHEMBL193306
CONC(=O)c1cc(Nc2ncnn3cc(-c4nc(C)no4)c(C(C)C)c23)c(F)cc1F,1,IC50,7.31,1,CHEMBL370515
CONC(=O)c1cc(Nc2ncnn3cc(-c4noc(C)n4)c(C(C)C)c23)c(F)cc1F,1,IC50,6.96,1,CHEMBL194929
CONC(=O)c1cc(Nc2ncnn3cc(-c4nnc(C)o4)c(C(C)C)c23)c(F)cc1F,1,IC50,7.75,4,CHEMBL365318
CONC(=O)c1cc(Nc2ncnn3cc(-c4nnco4)c(C(C)C)c23)c(F)cc1F,1,IC50,7.11,1,CHEMBL195771
CCc1nnc(-c2cn3ncnc(Nc4cc(C(=O)NOC)c(F)cc4F)c3c2C(C)C)o1,1,IC50,7.77,1,CHEMBL371373
CONC(=O)c1cc(Nc2ncnn3cc(-c4nnc(C(C)C)o4)c(C(C)C)c23)c(F)cc1F,1,IC50,7.66,1,CHEMBL373365
CONC(=O)c1cc(Nc2ncnn3cc(-c4nnc(CC(C)C)o4)c(C(C)C)c23)c(F)cc1F,1,IC50,7.64,1,CHEMBL192101
CONC(=O)c1cc(Nc2ncnn3cc(-c4nnc(C5CC5)o4)c(C(C)C)c23)c(F)cc1F,1,IC50,7.96,1,CHEMBL190980
CONC(=O)c1cc(Nc2ncnn3cc(-c4nnc(CC5CC5)o4)c(C(C)C)c23)c(F)cc1F,1,IC50,7.77,1,CHEMBL191913
CONC(=O)c1cc(Nc2ncnn3cc(-c4nnc(C(F)F)o4)c(C(C)C)c23)c(F)cc1F,1,IC50,7.24,2,CHEMBL194498
CONC(=O)c1cc(Nc2ncnn3cc(-c4nnc(C(F)(F)F)o4)c(C(C)C)c23)c(F)cc1F,1,IC50,7.12,1,CHEMBL370023
CONC(=O)c1cc(Nc2ncnn3cc(-c4nnc(CC(F)(F)F)o4)c(C(C)C)c23)c(F)cc1F,1,IC50,7.54,1,CHEMBL194872
CONC(=O)c1cc(Nc2ncnn3cc(-c4nnc(N(C)C)o4)c(C(C)C)c23)c(F)cc1F,1,IC50,7.96,1,CHEMBL195847
CONC(=O)c1cc(Nc2ncnn3cc(-c4nnc(CN(C)C)o4)c(C(C)C)c23)c(F)cc1F,1,IC50,7.18,1,CHEMBL372662
CONC(=O)c1cc(Nc2ncnn3cc(-c4nnc(CS(C)(=O)=O)o4)c(C(C)C)c23)c(F)cc1F,1,IC50,7.8,1,CHEMBL195398
CONC(=O)c1cc(Nc2ncnn3cc(-c4nnc(C(F)(F)S(C)(=O)=O)o4)c(C(C)C)c23)c(F)cc1F,1,IC50,7.28,2,CHEMBL195903
CONC(=O)c1cc(Nc2ncnn3cc(-c4n[nH]c(C)n4)c(C(C)C)c23)c(F)cc1F,1,IC50,7.15,1,CHEMBL193136
COc1cc(OC)cc(-c2cc3cnc(N(CCCCCOCc4ccccc4)C(C)=O)cc3nc2NC(=O)NC(C)(C)C)c1,1,IC50,6.19,1,CHEMBL370328
N#Cc1ccccc1Nc1ncc(-c2ccccc2)o1,1,IC50,6.06,1,CHEMBL193912
COc1ccccc1Nc1ncc(-c2ccccc2)o1,1,IC50,6.42,1,CHEMBL1794062
N#Cc1cccc(Nc2ncc(-c3ccccc3)o2)c1,1,IC50,6.03,1,CHEMBL1794061
OCc1cccc(Nc2ncc(-c3ccccc3)o2)c1,1,IC50,6.3,1,CHEMBL194113
CCS(=O)(=O)c1cccc(Nc2ncc(-c3ccccc3)o2)c1,1,IC50,6.14,1,CHEMBL371374
Cc1cccc(Nc2ncc(-c3ccccc3)o2)c1,1,IC50,6.06,1,CHEMBL192417
NS(=O)(=O)c1ccc(Nc2ncc(-c3ccccc3)o2)cc1,1,IC50,6.3,1,CHEMBL194062
c1ccc(Oc2ccc(Nc3ncc(-c4ccccc4)o3)cc2)cc1,0,IC50 (>),5.0,1,CHEMBL194117
CCS(=O)(=O)c1ccc(OC)c(Nc2ncc(-c3ccc(OC)cc3)o2)c1,1,IC50,7.06,1,CHEMBL191779
CCS(=O)(=O)c1ccc(OC)c(Nc2ncc(-c3ccc(Cl)cc3)o2)c1,1,IC50,7.09,1,CHEMBL364259
CCS(=O)(=O)c1ccc(OC)c(Nc2ncc(-c3ccc(F)cc3)o2)c1,1,IC50,7.1,1,CHEMBL194883
CCS(=O)(=O)c1ccc(OC)c(Nc2ncc(-c3ccc(C#N)cc3)o2)c1,1,IC50,7.29,1,CHEMBL370744
CCS(=O)(=O)c1ccc(OC)c(Nc2ncc(-c3ccc(C(N)=O)cc3)o2)c1,1,IC50,7.75,1,CHEMBL190872
CCc1cccc(-c2cnc(Nc3cc(S(=O)(=O)CC)ccc3OC)o2)c1,1,IC50,7.54,1,CHEMBL193955
CCS(=O)(=O)c1ccc(OC)c(Nc2ncc(-c3cccc(C(C)=O)c3)o2)c1,1,IC50,7.04,1,CHEMBL191705
CCS(=O)(=O)c1ccc(OC)c(Nc2ncc(-c3cccc(-c4cccs4)c3)o2)c1,1,IC50,7.8,1,CHEMBL193609
CCS(=O)(=O)c1ccc(OC)c(Nc2ncc(-c3cccc(-c4ccsc4)c3)o2)c1,1,IC50,7.82,1,CHEMBL194939
CCS(=O)(=O)c1ccc(OC)c(Nc2ncc(-c3cccc(-c4ccccn4)c3)o2)c1,1,IC50,7.77,5,CHEMBL194176
CCS(=O)(=O)c1ccc(OC)c(Nc2ncc(-c3cccc(-c4cccnc4)c3)o2)c1,1,IC50,7.12,1,CHEMBL193386
CCS(=O)(=O)c1ccc(OC)c(Nc2ncc(-c3cccc(-c4ccncc4)c3)o2)c1,1,IC50,7.11,1,CHEMBL195237
CCS(=O)(=O)c1ccc(OC)c(Nc2ncc(-c3cccc(-c4cncn4C)c3)o2)c1,1,IC50,7.6,1,CHEMBL365815
CCS(=O)(=O)c1ccc(OC)c(Nc2ncc(-c3cccc(-c4ccccc4)c3)o2)c1,1,IC50,7.1,1,CHEMBL364082
CCS(=O)(=O)c1ccc(OC)c(Nc2ncc(-c3cccc(-c4ccccc4F)c3)o2)c1,1,IC50,7.05,1,CHEMBL372474
CCS(=O)(=O)c1ccc(OC)c(Nc2ncc(-c3cccc(-c4ccccc4Cl)c3)o2)c1,1,IC50,7.41,1,CHEMBL191993
COc1ccc(-c2cc3c(N)ncnc3o2)cc1,0,IC50 (>),4.77,1,CHEMBL373073
COc1ccc(-c2c(-c3ccc(Cl)c(Cl)c3)oc3ncnc(N)c23)cc1,0,IC50 (>),4.7,1,CHEMBL362915
COc1ccc(-c2c(-c3cccc(C(N)=O)c3)oc3ncnc(N)c23)cc1,1,IC50,6.75,2,CHEMBL363389
COc1ccc(-c2c(-c3cccc(NS(C)(=O)=O)c3)oc3ncnc(N)c23)cc1,1,IC50,7.19,2,CHEMBL194150
COc1ccc(-c2oc3ncnc(N)c3c2-c2ccc(N(C)C)cc2)cc1,1,IC50,6.46,2,CHEMBL194057
CS(=O)(=O)Nc1cccc(-c2oc3ncnc(N)c3c2-c2ccc(-c3ccccc3)cc2)c1,1,IC50,7.44,2,CHEMBL196841
COc1ccc(-c2oc3ncnc(N)c3c2-c2ccc(NC(=O)Nc3ccccc3)cc2)cc1,1,IC50,7.21,2,CHEMBL194149
COc1ccc(-c2oc3ncnc(N)c3c2-c2ccc(NC(=O)Nc3cc(C(F)(F)F)ccc3F)cc2)cc1,1,IC50,8.52,2,CHEMBL194911
COc1ccc(-c2oc3ncnc(N)c3c2-c2ccc(NC(=O)NC3CCCCC3)cc2)cc1,1,IC50,6.73,2,CHEMBL195567
COc1ccc(-c2oc3ncnc(N)c3c2-c2ccc(NC(N)=O)cc2)cc1,1,IC50,7.24,2,CHEMBL193752
CN(C)S(=O)(=O)c1ccc(Nc2ccc(C(=O)c3c(F)cccc3F)c(N)n2)cc1,0,IC50 (>),4.0,1,CHEMBL193456
Nc1nc(Nc2ccc(S(N)(=O)=O)cc2)ccc1C(=O)c1c(F)cccc1F,0,IC50 (>),4.0,1,CHEMBL193643
CCCCOc1cc(Nc2ccc(S(N)(=O)=O)cc2)nc(N)c1C(=O)c1c(F)cccc1F,0,IC50 (>),4.0,1,CHEMBL2113092
NC(=O)c1ccc(-c2nnc(Nc3ccc(OC(F)(F)Cl)cc3)c3ccccc23)cc1,1,IC50,6.72,2,CHEMBL193342
CC(C)(C)c1cccc(Nc2nnc(-c3ccc(C(N)=O)cc3)c3ccccc23)c1,1,IC50,6.33,2,CHEMBL196668
CC(C)(C)c1ccc(Nc2nnc(-c3ccc(C(N)=O)cc3)c3ccccc23)cc1,1,IC50,7.11,2,CHEMBL370586
NC(=O)c1ccc(-c2nnc(Nc3ccc(Br)cc3)c3ccccc23)cc1,1,IC50,7.0,2,CHEMBL197158
NC(=O)c1ccc(-c2nnc(Nc3ccc(Cl)c(Cl)c3)c3ccccc23)cc1,1,IC50,6.08,2,CHEMBL371639
NC(=O)c1ccc(-c2nnc(Nc3ccccc3)c3ccccc23)cc1,0,IC50 (>),5.0,2,CHEMBL196511
NC(=O)c1ccc(Nc2nnc(-c3ccc(C(N)=O)cc3)c3ccccc23)cc1,0,IC50 (>),5.0,2,CHEMBL369983
NC(=O)c1ccc(-c2nnc(Nc3ccc(S(N)(=O)=O)cc3)c3ccccc23)cc1,0,IC50 (>),5.0,1,CHEMBL197507
NC(=O)c1ccc(-c2nnc(Nc3ccc(OCc4ccccc4)cc3)c3ccccc23)cc1,0,IC50 (>),5.0,2,CHEMBL197357
NC(=O)c1ccc(-c2nnc(N3CCOCC3)c3ccccc23)cc1,0,IC50 (>),5.0,1,CHEMBL196486
NC(=O)c1ccc(-c2nnc(N3CCCCC3)c3ccccc23)cc1,0,IC50 (>),5.0,1,CHEMBL196490
NC(=O)c1ccc(-c2nnc(Oc3ccc(OC(F)(F)F)cc3)c3ccccc23)cc1,0,IC50 (>),5.0,2,CHEMBL196491
NC(=O)c1ccc(-c2nnc(Sc3ccc(OC(F)(F)F)cc3)c3ccccc23)cc1,0,IC50 (>),5.0,2,CHEMBL196838
CC(C)(C)c1ccc(Nc2nnc(-c3cccc(C(N)=O)c3)c3ccccc23)cc1,1,IC50,6.4,2,CHEMBL196994
CNC(=O)c1ccc(-c2nnc(Nc3ccc(C(C)(C)C)cc3)c3ccccc23)cc1,1,IC50,6.89,2,CHEMBL196609
Cc1ccc(Nc2nnc(-c3ccc(C(=O)N(C)C)cc3)c3ccccc23)cc1,0,IC50 (>),5.0,1,CHEMBL196940
CC(C)(C)NC(=O)c1ccc(-c2nnc(Nc3ccc(OC(F)(F)Cl)cc3)c3ccccc23)cc1,0,IC50 (>),5.0,2,CHEMBL196422
CC(C)NC(=O)c1ccc(-c2nnc(Nc3ccc(OC(F)(F)Cl)cc3)c3ccccc23)cc1,0,IC50 (>),5.0,2,CHEMBL194737
COC(=O)c1ccc(-c2nnc(Nc3ccc(OC(F)(F)Cl)cc3)c3ccccc23)cc1,1,IC50,6.2,2,CHEMBL194042
COC(=O)c1ccc(-c2nnc(Nc3ccc(Cl)cc3)c3ccccc23)cc1,1,IC50,6.44,1,CHEMBL193346
Cc1ccc(-c2nnc(Nc3ccc(OC(F)(F)Cl)cc3)c3ccccc23)cc1S(N)(=O)=O,0,IC50 (>),5.0,1,CHEMBL193395
Cc1ccc(-c2nnc(Nc3ccc(OC(F)(F)Cl)cc3)c3ccccc23)cc1S(=O)(=O)NC(C)C,0,IC50 (>),5.0,1,CHEMBL193360
Cc1ccc(-c2nnc(Nc3ccc(OC(F)(F)Cl)cc3)c3ccccc23)cc1,0,IC50 (>),5.0,2,CHEMBL364974
Cc1ccc(-c2nnc(Nc3ccc(Cl)c(Cl)c3)c3ccccc23)cc1,0,IC50 (>),5.0,1,CHEMBL193705
Cc1ccc(-c2nnc(Nc3ccc(Cl)cc3)c3ccccc23)cc1,0,IC50 (>),5.0,1,CHEMBL372910
COc1ccc(-c2nnc(Nc3ccc(OC(F)(F)Cl)cc3)c3ccccc23)cc1,0,IC50 (>),5.0,2,CHEMBL195829
COc1ccc(-c2nnc(Nc3ccc(Cl)c(Cl)c3)c3ccccc23)cc1,0,IC50 (>),5.0,1,CHEMBL382062
COc1ccc(-c2nnc(Nc3ccc(Cl)cc3)c3ccccc23)cc1,0,IC50 (>),5.0,1,CHEMBL193533
CCOc1ccc(-c2nnc(Nc3ccc(OC)cc3)c3ccccc23)cc1,0,IC50 (>),5.0,1,CHEMBL196657
CCOc1ccc(-c2nnc(Nc3ccc(Cl)cc3)c3ccccc23)cc1,0,IC50 (>),5.0,1,CHEMBL196399
CCOc1ccc(-c2nnc(Nc3ccc(C)cc3)c3ccccc23)cc1,0,IC50 (>),5.0,1,CHEMBL370206
FC(F)(Cl)Oc1ccc(Nc2nnc(-c3ccc(Cl)cc3)c3ccccc23)cc1,0,IC50 (>),5.0,1,CHEMBL194138
FC(F)(Cl)Oc1ccc(Nc2nnc(-c3ccccc3)c3ccccc23)cc1,0,IC50 (>),5.0,2,CHEMBL195727
COc1ccc(Nc2nnc(-c3ccccc3)c3ccccc23)cc1,0,IC50 (>),5.0,1,CHEMBL194597
Cc1ccc(C(=O)Nc2ccon2)cc1Nc1ncnc(NC2CCCC2)c1C#N,0,IC50 (>),4.52,1,CHEMBL383172
Cc1sc2ncnc(N)c2c1-c1ccc(NS(=O)(=O)c2ccccc2)cc1,0,IC50 (>),4.3,1,CHEMBL196044
Cc1sc2ncnc(N)c2c1-c1ccc(NC(=O)Nc2ccccc2)cc1,1,IC50,8.0,3,CHEMBL197592
Cc1cccc(NC(=O)Nc2ccc(-c3c(C)sc4ncnc(N)c34)cc2)c1,1,IC50,8.52,5,CHEMBL371329;CHEMBL537435
Cc1cccc(NC(=O)c2ccc(-c3c(C)sc4ncnc(N)c34)cc2)c1,0,IC50 (>),4.3,1,CHEMBL195054
Cc1sc2ncnc(N)c2c1-c1ccc(NC(=O)c2cc3ccccc3[nH]2)cc1,0,IC50 (>),4.3,1,CHEMBL196934
Cc1sc2ncnc(N)c2c1-c1ccc(Nc2nc3ccccc3o2)cc1,1,IC50,6.77,2,CHEMBL195964
Cc1cccc(CC(=O)Nc2ccc(-c3c(C)sc4ncnc(N)c34)cc2)c1,1,IC50,6.12,2,CHEMBL373272
Cc1cccc(NC(=O)N(C)c2ccc(-c3c(C)sc4ncnc(N)c34)cc2)c1,1,IC50,7.26,3,CHEMBL196020
Cc1sc2ncnc(N)c2c1-c1ccc(NC(=O)NCc2ccccc2)cc1,1,IC50,6.48,2,CHEMBL372765
Cc1sc2ncnc(N)c2c1-c1ccc(NC(=O)NCC2CCCCC2)cc1,1,IC50,6.1,2,CHEMBL197847
CCc1sc2ncnc(N)c2c1-c1ccc(NC(=O)Nc2cccc(C)c2)cc1,1,IC50,7.58,3,CHEMBL366241
CCc1sc2ncnc(N)c2c1-c1ccc(NC(=O)NC2CCCCC2)cc1,1,IC50,6.77,2,CHEMBL372960
Cc1cccc(NC(=O)Nc2ccc(-c3csc4ncnc(N)c34)cc2)c1,1,IC50,9.0,5,CHEMBL196363
CCCCNC(=O)Nc1ccc(-c2csc3ncnc(N)c23)cc1,1,IC50,6.75,2,CHEMBL363393
Cc1ccccc1NC(=O)Nc1ccc(-c2c(C)sc3ncnc(N)c23)cc1,1,IC50,6.59,2,CHEMBL438797
Cc1ccc(NC(=O)Nc2ccc(-c3c(C)sc4ncnc(N)c34)cc2)cc1,1,IC50,7.28,3,CHEMBL198267
COc1ccccc1NC(=O)Nc1ccc(-c2c(C)sc3ncnc(N)c23)cc1,1,IC50,6.96,2,CHEMBL445394
COc1cccc(NC(=O)Nc2ccc(-c3c(C)sc4ncnc(N)c34)cc2)c1,1,IC50,7.47,2,CHEMBL371889
COc1ccc(NC(=O)Nc2ccc(-c3c(C)sc4ncnc(N)c34)cc2)cc1,1,IC50,7.16,2,CHEMBL365784
Cc1sc2ncnc(N)c2c1-c1ccc(NC(=O)Nc2ccccc2F)cc1,1,IC50,6.96,2,CHEMBL194270
Cc1sc2ncnc(N)c2c1-c1ccc(NC(=O)Nc2cccc(F)c2)cc1,1,IC50,7.27,3,CHEMBL196747
Cc1sc2ncnc(N)c2c1-c1ccc(NC(=O)Nc2ccc(F)cc2)cc1,1,IC50,7.28,2,CHEMBL196499
Cc1sc2ncnc(N)c2c1-c1ccc(NC(=O)Nc2ccccc2Cl)cc1,1,IC50,6.47,2,CHEMBL194321
Cc1sc2ncnc(N)c2c1-c1ccc(NC(=O)Nc2cccc(Cl)c2)cc1,1,IC50,7.55,4,CHEMBL382517
Cc1sc2ncnc(N)c2c1-c1ccc(NC(=O)Nc2ccc(Cl)cc2)cc1,1,IC50,7.02,2,CHEMBL372174
Cc1sc2ncnc(N)c2c1-c1ccc(NC(=O)Nc2cccc(Br)c2)cc1,1,IC50,7.34,2,CHEMBL195955
Cc1sc2ncnc(N)c2c1-c1ccc(NC(=O)Nc2ccc(Br)cc2)cc1,1,IC50,6.92,2,CHEMBL194236
Cc1sc2ncnc(N)c2c1-c1ccc(NC(=O)Nc2cccc(C(F)(F)F)c2)cc1,1,IC50,8.0,4,CHEMBL370325
CCOC(=O)c1cccc(NC(=O)Nc2ccc(-c3c(C)sc4ncnc(N)c34)cc2)c1,1,IC50,6.54,1,CHEMBL195828
Cc1cc(C)cc(NC(=O)Nc2ccc(-c3c(C)sc4ncnc(N)c34)cc2)c1,1,IC50,7.92,3,CHEMBL371206
Cc1sc2ncnc(N)c2c1-c1ccc(NC(=O)Nc2cc(Cl)cc(Cl)c2)cc1,1,IC50,6.8,2,CHEMBL381034
Cc1sc2ncnc(N)c2c1-c1ccc(NC(=O)Nc2cc(C(F)(F)F)ccc2F)cc1,1,IC50,7.35,3,CHEMBL381207
Cc1cccc(NC(=O)Nc2ccc(-c3c(CCC(N)=O)sc4ncnc(N)c34)cc2)c1,1,IC50,7.77,2,CHEMBL197635
CNC(=O)CCc1sc2ncnc(N)c2c1-c1ccc(NC(=O)Nc2cccc(C)c2)cc1,1,IC50,6.48,2,CHEMBL198601
Cc1cccc(NC(=O)Nc2ccc(-c3c(CCC(=O)N(C)C)sc4ncnc(N)c34)cc2)c1,1,IC50,6.68,2,CHEMBL382112
Cc1cccc(NC(=O)Nc2ccc(-c3c(CN4CCOCC4)sc4ncnc(N)c34)cc2)c1,1,IC50,6.68,2,CHEMBL194842
Cc1cccc(NC(=O)Nc2ccc(-c3c(CN4CCN(C)CC4)sc4ncnc(N)c34)cc2)c1,1,IC50,6.23,2,CHEMBL372388
Cc1cccc(NC(=O)Nc2ccc(-c3c(CN(C)C)sc4ncnc(N)c34)cc2)c1,1,IC50,6.75,2,CHEMBL425387
CCCc1sc2ncnc(N)c2c1-c1ccc(NC(=O)Nc2cccc(C)c2)cc1,1,IC50,7.58,2,CHEMBL371225
Cc1cccc(NC(=O)Nc2ccc(-c3c(C(C)C)sc4ncnc(N)c34)cc2)c1,1,IC50,6.89,2,CHEMBL371890
Cc1cccc(NC(=O)Nc2ccc(-c3c(Cc4ccccc4)sc4ncnc(N)c34)cc2)c1,1,IC50,6.55,2,CHEMBL372755
Cc1cccc(NC(=O)Nc2ccc(-c3c(Cc4cccnc4)sc4ncnc(N)c34)cc2)c1,1,IC50,7.47,2,CHEMBL371379
Cc1cccc(NC(=O)Nc2ccc(-c3c(Cc4ccncc4)sc4ncnc(N)c34)cc2)c1,1,IC50,7.28,2,CHEMBL369908
Cc1cccc(NC(=O)Nc2ccc(-c3c(CCO)sc4ncnc(N)c34)cc2)c1,1,IC50,7.72,3,CHEMBL197353
COCCc1sc2ncnc(N)c2c1-c1ccc(NC(=O)Nc2cccc(C)c2)cc1,1,IC50,7.19,2,CHEMBL198155
Cc1cccc(NC(=O)Nc2ccc(-c3c(CCCO)sc4ncnc(N)c34)cc2)c1,1,IC50,7.82,3,CHEMBL198297
Cc1cccc(NC(=O)Nc2ccc(-c3c(CCN(C)C)sc4ncnc(N)c34)cc2)c1,1,IC50,6.64,2,CHEMBL196636
Cc1cccc(NC(=O)Nc2ccc(-c3csc4ncnc(N)c34)c(F)c2)c1,1,IC50,7.96,3,CHEMBL425749
Cc1cccc(NC(=O)Nc2ccc(-c3csc4ncnc(N)c34)c(Cl)c2)c1,1,IC50,7.0,2,CHEMBL371332
COc1cc(NC(=O)Nc2cccc(C)c2)ccc1-c1csc2ncnc(N)c12,1,IC50,7.0,2,CHEMBL194366
Cc1cccc(NC(=O)Nc2ccc(-c3csc4ncnc(N)c34)cc2F)c1,1,IC50,8.7,4,CHEMBL371510
Cc1cccc(NC(=O)Nc2ccc(-c3csc4ncnc(N)c34)cc2Cl)c1,1,IC50,7.08,2,CHEMBL196615
Nc1n[nH]c2nnc(-c3ccccc3)c(-c3ccccc3)c12,0,IC50 (>),4.3,1,CHEMBL260135
COc1cc(-c2csc3ncnc(N)c23)ccc1NC(=O)Nc1cccc(C)c1,1,IC50,7.89,3,CHEMBL370545
Cc1cccc(NC(=O)Nc2ccc3c(c2)CCC2Sc4ncnc(N)c4C32)c1,1,IC50,6.82,1,CHEMBL262468
Cc1sc2ncnc(N)c2c1-c1ccc(NC(=O)Nc2ccc(C(F)(F)F)cc2)cc1,1,IC50,7.21,3,CHEMBL199031
Cc1ccc(F)c(NC(=O)Nc2ccc(-c3c(C)sc4ncnc(N)c34)cc2)c1,1,IC50,7.47,2,CHEMBL372744
CCc1sc2ncnc(N)c2c1-c1ccc(NC(=O)Nc2cccc(C(F)(F)F)c2)cc1,1,IC50,7.64,3,CHEMBL197828
Nc1ncnc2scc(-c3ccc(NC(=O)Nc4cccc(Cl)c4)cc3)c12,1,IC50,8.52,4,CHEMBL382979
COCCOc1cc2ncnc(NC3=CC(=O)C(Cl)=CC3=O)c2cc1OC,1,IC50,8.36,2,CHEMBL2113166
COCCOc1cc2ncnc(NC3=CC(=O)C(Cl)=C(Cl)C3=O)c2cc1OC,1,IC50,7.87,1,CHEMBL3706821
COCCOc1cc2ncnc(NC3=CC(=O)C(OC)=C(Cl)C3=O)c2cc1OC,1,IC50,9.0,3,CHEMBL2113172
COCCOc1cc2ncnc(NC3=C(SC)C(=O)C(OC)=C(Cl)C3=O)c2cc1OC,1,IC50,7.17,1,CHEMBL2113173
COCCOc1cc2ncnc(NC3=CC(=O)C(Cl)=C(OC)C3=O)c2cc1OC,1,IC50,8.77,2,CHEMBL3706822
COCCOc1cc2ncnc(NC3=CC(=O)C(C)=CC3=O)c2cc1OC,1,IC50,6.96,2,CHEMBL3706833
COCCOc1cc2ncnc(NC3=CC(=O)C=CC3=O)c2cc1OC,1,IC50,8.22,1,CHEMBL2113178
COCCOc1cc2ncnc(NC3=CC(=O)C=C(OC)C3=O)c2cc1OC,1,IC50,8.42,1,CHEMBL2113183
COCCOc1cc2ncnc(NC3=C(Cl)C(=O)C=C(OC)C3=O)c2cc1OC,1,IC50,6.95,1,CHEMBL3706827
COCCOc1cc2ncnc(NC3=CC(=O)C=C(Br)C3=O)c2cc1OC,1,IC50,7.8,3,CHEMBL3706829
COCCOc1cc2ncnc(NC3=CC(=O)C(SC)=CC3=O)c2cc1OC,1,IC50,7.52,3,CHEMBL3706830
COCCOc1cc2ncnc(NC3=CC(=O)C(Br)=CC3=O)c2cc1OC,1,IC50,8.05,1,CHEMBL3706818
COCCOc1cc2ncnc(NC3=CC(=O)C(N(C)C)=CC3=O)c2cc1OC,0,IC50 (>),4.7,1,CHEMBL2113167
COCCOc1cc2ncnc(NC3=CC(=O)C(N4CCOCC4)=CC3=O)c2cc1OC,1,IC50,7.0,1,CHEMBL2113168
COCCOc1cc2ncnc(NC3=CC(=O)C(N(C)c4ccccc4)=CC3=O)c2cc1OC,1,IC50,7.8,1,CHEMBL3706824
COCCOc1cc2ncnc(NC3=CC(=O)C(Oc4ccccc4)=CC3=O)c2cc1OC,1,IC50,8.57,2,CHEMBL2113174
COCCOC1=CC(=O)C(Nc2ncnc3cc(OCCOC)c(OC)cc23)=CC1=O,1,IC50,6.63,2,CHEMBL371551
COCCOc1cc2ncnc(NC3=CC(=O)C(OCc4ccccc4)=CC3=O)c2cc1OC,1,IC50,7.37,5,CHEMBL242555
COCCOc1cc2ncnc(NC3=CC(=O)C(OC)=CC3=O)c2cc1OC,1,IC50,6.62,3,CHEMBL3706825
COCCOc1cc2ncnc(NC3=CC(=O)C(N4CCCCC4)=CC3=O)c2cc1OC,1,IC50,6.44,1,CHEMBL2113180
COCCOc1cc2ncnc(NC3=CC(=O)C(Oc4ccc(-n5ccnc5)cc4)=CC3=O)c2cc1OC,1,IC50,8.24,2,CHEMBL2113186
COCCOc1cc2ncnc(NC3=CC(=O)C(Oc4cccc(F)c4)=CC3=O)c2cc1OC,1,IC50,9.05,1,CHEMBL2113187
CCNc1cccc(OC2=CC(=O)C(Nc3ncnc4cc(OCCOC)c(OC)cc34)=CC2=O)c1,1,IC50,8.59,1,CHEMBL202389
COCCOc1cc2ncnc(NC3=CC(=O)C(N4CC4C)=CC3=O)c2cc1OC,1,IC50,6.27,1,CHEMBL3706831
COCCOc1cc2ncnc(NC3=CC(=O)C(N4CCC(Cc5ccccc5)CC4)=CC3=O)c2cc1OC,1,IC50,6.63,2,CHEMBL2113165
COCCOc1cc2ncnc(NC3=CC(=O)C(N4CCN(Cc5ccccc5)CC4)=CC3=O)c2cc1OC,1,IC50,7.12,3,CHEMBL2113170
CCN1CCN(C2=CC(=O)C(Nc3ncnc4cc(OCCOC)c(OC)cc34)=CC2=O)CC1,1,IC50,6.88,2,CHEMBL200818
COCCOc1cc2ncnc(NC3=CC(=O)C(N4CCCC4)=CC3=O)c2cc1OC,1,IC50,6.43,1,CHEMBL3706820
COCCOc1cc2ncnc(NC3=CC(=O)C(OC(CF)CF)=CC3=O)c2cc1OC,1,IC50,8.04,4,CHEMBL2113175
COCCOc1cc2ncnc(NC3=CC(=O)C(OCc4cccnc4)=CC3=O)c2cc1OC,1,IC50,7.05,3,CHEMBL2113176
COCCOc1cc2ncnc(NC3=CC(=O)C(OCCOc4ccccc4)=CC3=O)c2cc1OC,1,IC50,8.77,3,CHEMBL3706819
COCCOc1cc2ncnc(NC3=CC(=O)C(OC(C)C)=CC3=O)c2cc1OC,1,IC50,6.31,2,CHEMBL2113169
COCCOc1cc2ncnc(NC3=CC(=O)C(OC(CF)CF)=C(Cl)C3=O)c2cc1OC,1,IC50,9.4,3,CHEMBL2113171
COCCOc1cc2ncnc(NC3=CC(=O)C(OCc4cccc(F)c4)=C(Cl)C3=O)c2cc1OC,1,IC50,8.17,1,CHEMBL3706823
CCOC1=C(Cl)C(=O)C(Nc2ncnc3cc(OCCOC)c(OC)cc23)=CC1=O,1,IC50,7.67,1,CHEMBL200765
COCCOc1cc2ncnc(NC3=CC(=O)C(OCc4ccccc4F)=CC3=O)c2cc1OC,1,IC50,7.28,2,CHEMBL2113190
COCCOc1cc2ncnc(NC3=CC(=O)C(OCc4cccc(F)c4)=CC3=O)c2cc1OC,1,IC50,7.51,5,CHEMBL396472
COCCOc1cc2ncnc(NC3=CC(=O)C(OCc4ccc(F)cc4)=CC3=O)c2cc1OC,1,IC50,7.63,3,CHEMBL2113182
COCCOc1cc2ncnc(NC3=CC(=O)C(OC(c4ccccc4)C(F)(F)F)=CC3=O)c2cc1OC,1,IC50,8.34,3,CHEMBL2113188
COCCOc1cc2ncnc(NC3=CC(=O)C(OCc4c(F)c(F)c(F)c(F)c4F)=CC3=O)c2cc1OC,1,IC50,8.24,3,CHEMBL3706840
COCCOc1cc2ncnc(NC3=CC(=O)C(OCC(F)F)=CC3=O)c2cc1OC,1,IC50,8.35,3,CHEMBL3706835
COCCOc1cc2ncnc(NC3=CC(=O)C(OCC#Cc4ccccc4)=CC3=O)c2cc1OC,1,IC50,8.47,3,CHEMBL3706837
COCCOc1cc2ncnc(NC3=CC(=O)C(N4CC(C)OC4=O)=CC3=O)c2cc1OC,1,IC50,8.14,3,CHEMBL3706839
COCCOc1cc2ncnc(NC3=CC(=O)C(OC)=C(OC)C3=O)c2cc1OC,1,IC50,7.79,2,CHEMBL3706834
COCCOc1cc2ncnc(NC3=CC(=O)C(OC(CF)CF)=C(OC)C3=O)c2cc1OC,1,IC50,8.24,2,CHEMBL2113192
COCCOc1cc2ncnc(NC3=CC(=O)C(Cl)=C(OCC4CC4)C3=O)c2cc1OC,1,IC50,8.64,2,CHEMBL2113191
COCCOc1cc2ncnc(NC3=CC(=O)C(Cl)=C(OC(C)C)C3=O)c2cc1OC,1,IC50,8.72,2,CHEMBL3706832
COC1=CC(=O)C(Nc2ncnc3cc(OCC4CCN(C)CC4)c(OC)cc23)=CC1=O,1,IC50,6.89,3,CHEMBL200723
COc1cc2c(NC3=CC(=O)C(OC(CF)CF)=CC3=O)ncnc2cc1OCC1CCN(C)CC1,1,IC50,8.43,4,CHEMBL3706826
COc1cc2c(NC3=CC(=O)C(OCCN(C)c4ccccc4)=CC3=O)ncnc2cc1OCC1CCN(C)CC1,1,IC50,8.41,3,CHEMBL2113184
COc1cc2c(NC3=CC(=O)C(OCc4ccccc4)=CC3=O)ncnc2cc1OCC1CCN(C)CC1,1,IC50,7.87,3,CHEMBL3706843
COC1=CC(=O)C(Nc2ncnc3cc(OCCCN4CCCC4)c(OC)cc23)=CC1=O,1,IC50,6.8,3,CHEMBL199455
COc1cc2c(NC3=CC(=O)C(OC(CF)CF)=CC3=O)ncnc2cc1OCCCN1CCCC1,1,IC50,8.19,3,CHEMBL2113193
COc1cc2c(NC3=CC(=O)C(OCC#Cc4ccccc4)=CC3=O)ncnc2cc1OCCCN1CCCC1,1,IC50,8.82,4,CHEMBL3706842
COc1cc2c(NC3=CC(=O)C(OCc4ccccn4)=CC3=O)ncnc2cc1OCCCN1CCCC1,1,IC50,8.66,3,CHEMBL2113199
COc1cc2c(NC3=CC(=O)C(OCc4ccccc4)=CC3=O)ncnc2cc1OCCCN1CCCC1,1,IC50,7.86,3,CHEMBL3706836
COc1cc2c(NC3=CC(=O)C(OCc4c(F)c(F)c(F)c(F)c4F)=CC3=O)ncnc2cc1OCCCN1CCCC1,1,IC50,8.35,3,CHEMBL3706841
C#CC(OC1=CC(=O)C(Nc2ncnc3cc(OCCCN4CCCC4)c(OC)cc23)=CC1=O)c1ccccc1,1,IC50,8.44,4,CHEMBL3706816
C#CCOC1=CC(=O)C(Nc2ncnc3cc(OCCCN4CCCC4)c(OC)cc23)=CC1=O,1,IC50,8.32,3,CHEMBL3706817
C=CCOC1=CC(=O)C(Nc2ncnc3cc(OCCCN4CCCC4)c(OC)cc23)=CC1=O,1,IC50,7.27,3,CHEMBL3706814
C#CC(C)OC1=CC(=O)C(Nc2ncnc3cc(OCCCN4CCCC4)c(OC)cc23)=CC1=O,1,IC50,7.53,3,CHEMBL3706815
COc1cc2c(NC3=CC(=O)C(OCc4ccco4)=CC3=O)ncnc2cc1OCCCN1CCCC1,1,IC50,8.38,3,CHEMBL2113163
COc1cc2c(NC3=CC(=O)C(OCC(F)F)=CC3=O)ncnc2cc1OCCCN1CCCC1,1,IC50,8.62,3,CHEMBL2113164
COc1ccc(Cl)c(Nc2ncnc3cc(OCCCN4CCOCC4)cc(OC4CCOCC4)c23)c1,1,IC50,6.4,2,CHEMBL200217
COc1ncc(Cl)c(Nc2ncnc3cc(OCCN4CCN(C(C)=O)CC4)cc(OC(C)C)c23)n1,0,IC50,4.82,1,CHEMBL199016
COc1ccc(Cl)c(Nc2ncnc3cc(OCCN4CCN(C)CC4)cc(OC(C)C)c23)n1,1,IC50,6.24,1,CHEMBL371688
COc1ccc(Cl)c(Nc2ncnc3cc(OCCCN4CCN(C)CC4)cc(OC(C)C)c23)n1,1,IC50,6.17,1,CHEMBL198752
COc1ccc(Cl)c(Nc2ncnc3cc(OCCCN4CCCC4)cc(OC(C)C)c23)n1,1,IC50,6.05,1,CHEMBL424839
COc1cc(Nc2ncnc3cc(OCCCN4CCOCC4)cc(OC4CCOCC4)c23)c(Cl)cn1,1,IC50,7.1,1,CHEMBL197186
COc1cnc(Cl)c(Nc2ncnc3cc(OCCCN4CCOCC4)cc(OC(C)C)c23)c1,1,IC50,7.52,1,CHEMBL197287
COc1cnc(Cl)c(Nc2ncnc3cc(OCCCN4CCOCC4)cc(OC4CCOCC4)c23)c1,1,IC50,7.52,1,CHEMBL369899
COc1ccc(Cl)c(Nc2ncnc3cc(OCCCN4CCOCC4)cc(OC(C)C)c23)c1,1,IC50,7.52,2,CHEMBL381206
COC(=O)c1cc2c(C)n[nH]c2s1,0,IC50,4.64,1,CHEMBL200586
Cc1n[nH]c2sc(C(N)=O)c(NC(=O)Nc3ccccc3)c12,0,IC50,4.7,1,CHEMBL199996
Cc1n[nH]c2sc(C(N)=O)c(NC(=O)c3ccc(Cl)cc3)c12,0,IC50 (>),4.0,1,CHEMBL199658
Cc1n[nH]c2sc(C(N)=O)c(NC(=O)c3cccc(Cl)c3)c12,0,IC50 (>),4.0,1,CHEMBL199657
Cc1n[nH]c2sc(C(N)=O)c(NC(=O)COc3ccccc3)c12,0,IC50,4.96,1,CHEMBL199759
COC(=O)C(=O)Nc1c(C(N)=O)sc2[nH]nc(C)c12,0,IC50,4.77,1,CHEMBL370199
CC(=O)Nc1c(C(N)=O)sc2[nH]nc(C)c12,0,IC50,4.72,1,CHEMBL199737
COc1ccc(CNC(=O)c2cc3c(-c4ccccc4)[nH]nc3s2)cc1,1,IC50,6.29,1,CHEMBL199383
O=C(NCc1ccccc1)c1cc2c(-c3ccccc3)[nH]nc2s1,1,IC50,6.3,1,CHEMBL200499
O=C(NC1CCCCC1)c1cc2c(-c3ccccc3)[nH]nc2s1,1,IC50,6.31,1,CHEMBL199755
CCCCN(C)C(=O)c1cc2c(-c3ccccc3)[nH]nc2s1,1,IC50,6.46,1,CHEMBL199528
Cc1n[nH]c2sc(C(=O)NCc3ccccc3)cc12,0,IC50,4.92,1,CHEMBL373001
Cc1n[nH]c2sc(C(=O)NC3CCCCC3)cc12,0,IC50 (>),4.7,1,CHEMBL199951
CCCCN(C)C(=O)c1cc2c(C)n[nH]c2s1,0,IC50 (>),4.7,1,CHEMBL200657
CCCCNC(=O)c1cc2c(C)n[nH]c2s1,0,IC50,4.8,1,CHEMBL371242
Cc1n[nH]c2sc(C(N)=O)cc12,0,IC50,4.77,1,CHEMBL198022
COC(=O)c1cc2c(CN3CCCCC3)n[nH]c2s1,0,IC50 (>),4.0,1,CHEMBL200348
COC(=O)c1cc2c(Nc3ccccc3)[nH]nc2s1,0,IC50 (>),4.0,1,CHEMBL200796
COc1cc(-c2nn([C@H]3CC[C@H](N4CCN(C(C)=O)CC4)CC3)c3ncnc(N)c23)ccc1NC(=O)c1cc2ccccc2n1C,0,IC50 (>),4.3,1,CHEMBL197603
O=C(Nc1ccc(Cc2ccccc2)cc1)c1scnc1CCc1ccncc1,0,IC50 (>),5.0,1,CHEMBL383575
O=C(Nc1ccc(Br)cc1)c1scnc1CCc1ccncc1,1,IC50,6.07,1,CHEMBL201713
O=C(Nc1ccc2c(c1)OCO2)c1scnc1CCc1ccncc1,1,IC50,6.48,2,CHEMBL370600
Cc1ccc(NC(=O)c2scnc2CCc2ccncc2)c(F)c1,1,IC50,6.64,2,CHEMBL202153
O=C(Nc1ccc(Cl)c(C(F)(F)F)c1)c1scnc1CCc1ccncc1,1,IC50,6.72,2,CHEMBL202466
O=C(Nc1ccc(Cl)c(Cl)c1)c1scnc1CCc1ccncc1,1,IC50,7.03,2,CHEMBL383215
O=C(Nc1ccc(N2CCOCC2)cc1)c1scnc1CCc1ccncc1,1,IC50,6.24,2,CHEMBL202408
Cc1ccccc1NC(=O)c1scnc1CCc1ccncc1,0,IC50 (>),5.0,1,CHEMBL203698
Cc1ccccc1NC(=O)c1scnc1CCc1cnoc1,0,IC50 (>),5.0,1,CHEMBL382184
Cc1cccc(NC(=O)c2scnc2CCc2ccncc2)c1,1,IC50,6.25,1,CHEMBL380700
Cc1cccc(NC(=O)c2scnc2CCc2cnoc2)c1,0,IC50 (>),5.0,2,CHEMBL377921
O=C(Nc1ccc(OC(F)(F)Cl)cc1)c1scnc1CCc1ccncc1,1,IC50,7.07,2,CHEMBL379674
CC(C)c1ccc(NC(=O)c2scnc2CCc2ccncc2)cc1,1,IC50,6.92,2,CHEMBL201906
CC(C)(C)c1ccc(NC(=O)c2scnc2CCc2ccc3ccccc3n2)cc1,0,IC50 (>),5.0,2,CHEMBL201712
CC(C)(C)c1ccc(NC(=O)c2scnc2CCc2ccncc2)cc1,1,IC50,7.14,2,CHEMBL202384
CC(C)(C)c1ccc(NC(=O)c2scnc2CCc2noc3ccccc23)cc1,0,IC50 (>),5.0,2,CHEMBL202383
O=C(Nc1ccc(Cl)cc1)c1scnc1CCc1ccc2ccccc2n1,0,IC50 (>),5.0,2,CHEMBL381300
O=C(Nc1ccc(Cl)cc1)c1scnc1CCc1ccncc1,1,IC50,7.02,2,CHEMBL205114
O=C(Nc1ccc(Cl)cc1)c1scnc1CCc1noc2ccccc12,0,IC50 (>),5.0,2,CHEMBL205113
CC(C)(C)c1ccc(NC(=O)c2scnc2CCc2ccnc3ccccc23)cc1,0,IC50 (>),5.0,1,CHEMBL201014
O=C(Nc1ccc(Cl)cc1)c1scnc1CCc1ccnc2ccccc12,0,IC50 (>),5.0,1,CHEMBL203149
O=C(Nc1cnc2ccccc2c1)c1ccccc1NCc1ccncc1,1,IC50,7.82,9,CHEMBL202011
COC(=O)c1c(OCCN(C)C)c2ccccc2c2oc3c(c12)C(=O)c1ccccc1C3=O,0,IC50,4.89,1,CHEMBL201865
COC(=O)c1c(OCCCN(C)C)c2ccccc2c2oc3c(c12)C(=O)c1ccccc1C3=O,0,IC50,4.81,1,CHEMBL383030
CCN(CC)CCOc1c(C(=O)OC)c2c3c(oc2c2ccccc12)C(=O)c1ccccc1C3=O,0,IC50,4.9,1,CHEMBL202162
COc1cc2c(Nc3ncc(CC(=O)Nc4cccc(F)c4)s3)ncnc2cc1OCCCN1CCC(CO)CC1,1,IC50,6.0,1,CHEMBL201307
COc1cc(C2=C(c3c[nH]c4ccccc34)C(=O)NC2=O)cc(OC)c1OC,1,IC50,8.6,8,CHEMBL201511
COc1cc2c3c(c4c5ccccc5n(C)c4c2c(OC)c1OC)C(=O)NC3=O,1,IC50,6.19,1,CHEMBL202378
COc1cc2c3c(c4c5ccccc5[nH]c4c2c(OC)c1OC)C(=O)NC3=O,1,IC50,7.21,1,CHEMBL380898
COc1cc(C2=C(c3cn(C)c4ccccc34)C(=O)NC2=O)cc(OC)c1OC,1,IC50,6.22,1,CHEMBL201708
COc1ccc2[nH]cc(C3=C(c4cc(OC)c(OC)c(OC)c4)C(=O)NC3=O)c2c1,1,IC50,6.03,1,CHEMBL446182
COc1ccc(C2=C(c3c[nH]c4ccccc34)C(=O)NC2=O)cc1OC,1,IC50,6.37,1,CHEMBL201264
N#Cc1cnc(Nc2ccncn2)s1,1,IC50,6.0,1,CHEMBL202748
N#Cc1cnc(Nc2cc(N3CCN(CCN4CCCC4)CC3)ncn2)s1,1,IC50,8.05,2,CHEMBL380735
N#Cc1cnc(Nc2cc(N3CCN(CCCN4CCOCC4)CC3)ncn2)s1,1,IC50,8.0,2,CHEMBL204700
N#Cc1cnc(Nc2cc(N3CCN(CCN4CCOCC4)CC3)ncn2)s1,1,IC50,7.92,2,CHEMBL204446
COCCN1CCN(c2cc(Nc3ncc(C#N)s3)ncn2)CC1,1,IC50,8.05,2,CHEMBL379896
N#Cc1cnc(Nc2cc(N3CCCNCC3)ncn2)s1,1,IC50,7.57,2,CHEMBL203907
N#Cc1cnc(Nc2cc(N3CCCC(N)CC3)ncn2)s1,1,IC50,8.05,2,CHEMBL204163
N#Cc1cnc(Nc2cc(N3CCC(N)C3)ncn2)s1,1,IC50,7.8,2,CHEMBL381817
N#Cc1cnc(Nc2cc(N3CCC(N)CC3)ncn2)s1,1,IC50,8.0,2,CHEMBL427025
CN1CCN(c2cc(Nc3ncc(C#N)s3)ncn2)CC1,1,IC50,8.0,3,CHEMBL204867
N#Cc1cnc(Nc2cc(N3CCNCC3)ncn2)s1,1,IC50,7.8,2,CHEMBL380944
CC(=O)N1CCN(c2cc(Nc3ncc(C#N)s3)ncn2)CC1,1,IC50,7.89,2,CHEMBL203585
CC(=O)N1CCN(c2nccc(Nc3ncc(C#N)s3)n2)CC1,1,IC50,6.82,1,CHEMBL203404
N#Cc1cnc(Nc2cc(N)ncn2)s1,1,IC50,7.39,1,CHEMBL437322
N#Cc1cnc(Nc2ccnc(N)n2)s1,1,IC50,6.25,1,CHEMBL203000
Cc1ccccc1Nc1nnc(-c2c(NCc3ccncc3)ncn2C)o1,0,IC50 (>),5.0,1,CHEMBL379239
Cn1cnc(NCc2ccncc2)c1-c1nnc(Nc2ccc(Oc3ccccc3)cc2)o1,0,IC50 (>),5.0,1,CHEMBL206267
Cn1cnc(NCc2ccncc2)c1-c1nnc(Nc2ccc(Cc3ccccc3)cc2)o1,0,IC50 (>),5.0,1,CHEMBL383126
Cn1cnc(NCc2cccc3ncccc23)c1-c1nnc(Nc2ccc(Cl)cc2)o1,0,IC50 (>),5.0,1,CHEMBL378165
Cn1cnc(NCc2ccc3ccccc3n2)c1-c1nnc(Nc2ccc(Cl)cc2)o1,0,IC50 (>),5.0,2,CHEMBL204718
Cn1cnc(NCc2ccncc2)c1-c1nnc(Nc2ccc(Cl)cc2)o1,1,IC50,6.6,2,CHEMBL203056
Cn1cnc(NCc2cccnc2)c1-c1nnc(Nc2ccc(Cl)cc2)o1,0,IC50 (>),5.0,2,CHEMBL206742
COc1ccccc1Nc1nnc(-c2c(NCc3ccncc3)ncn2C)o1,0,IC50 (>),5.0,1,CHEMBL204312
Cn1cnc(NCc2ccccn2)c1-c1nnc(Nc2ccc(Cl)cc2)o1,0,IC50 (>),5.0,2,CHEMBL202904
Cn1cnc(NCc2ccc3[nH]ncc3c2)c1-c1nnc(Nc2ccc(Cl)cc2)o1,0,IC50 (>),5.0,1,CHEMBL206118
Cn1cnc(NCc2ccncc2)c1-c1nnc(Nc2ccc(Cl)c(Cl)c2)o1,1,IC50,6.75,2,CHEMBL204874
COc1cccc(Nc2nnc(-c3c(NCc4ccncc4)ncn3C)o2)c1,1,IC50,7.19,2,CHEMBL203796
Cc1cccc(Nc2nnc(-c3c(NCc4ccncc4)ncn3C)o2)c1,1,IC50,6.15,1,CHEMBL203789
Cn1cnc(NCc2ccncc2)c1-c1nnc(Nc2cccc(OC(F)(F)F)c2)o1,1,IC50,7.34,2,CHEMBL206538
Cn1cnc(NCc2ccncc2)c1-c1nnc(Nc2ccc(C(F)(F)F)cc2)o1,1,IC50,7.14,2,CHEMBL380131
Cn1cnc(NCc2ccncc2)c1-c1nnc(Nc2ccc(OC(F)(F)F)cc2)o1,1,IC50,7.18,2,CHEMBL383255
Cn1cnc(NCc2ccncc2)c1-c1nnc(Nc2ccc(OC(F)(F)Cl)cc2)o1,1,IC50,7.02,2,CHEMBL205884
CC(C)c1ccc(Nc2nnc(-c3c(NCc4ccncc4)ncn3C)o2)cc1,1,IC50,6.36,1,CHEMBL203119
Cn1cnc(NCc2ccncc2)c1-c1nnc(Nc2ccc(C(C)(C)C)cc2)o1,1,IC50,6.42,1,CHEMBL203731
Cn1cnc(NCc2ccncc2)c1-c1nnc(Nc2ccc(Br)cc2)o1,1,IC50,6.14,1,CHEMBL205463
Cn1cnc(NCc2ccncc2)c1-c1nnc(NCc2ccc3c(c2)OCO3)o1,1,IC50,6.85,2,CHEMBL202892
Cc1ccc(Nc2nnc(-c3c(NCc4ccncc4)ncn3C)o2)c(F)c1,1,IC50,6.58,2,CHEMBL379908
Cn1cnc(NCc2ccncc2)c1-c1nnc(Nc2ccc(Cl)c(C(F)(F)F)c2)o1,1,IC50,7.37,2,CHEMBL205127
COc1ccc(Nc2nnc(-c3c(NCc4ccncc4)ncn3C)o2)cc1OC,1,IC50,7.28,2,CHEMBL378592
N[C@H](COc1cncc(/C=C/c2ccncc2)c1)Cc1c[nH]c2ccccc12,0,IC50 (>),4.3,2,CHEMBL383541
Clc1ccc(Nc2nnc(-c3cccc4cnccc34)c3ccccc23)cc1,1,IC50,7.32,2,CHEMBL380316
Cn1cc(-c2nnc(Nc3ccc(Cl)cc3)c3ccccc23)cn1,0,IC50 (>),5.0,1,CHEMBL208513
Clc1ccc(Nc2nnc(-c3cn[nH]c3)c3ccccc23)cc1,0,IC50 (>),5.0,1,CHEMBL204053
Clc1ccc(Nc2nnc(-c3cccc4ncccc34)c3ccccc23)cc1,0,IC50 (>),5.0,2,CHEMBL206846
Cc1cc2cc(Nc3nnc(-c4cccc5cnccc45)c4ccccc34)ccc2[nH]1,1,IC50,6.64,2,CHEMBL206658
Cc1ccc(Nc2nnc(-c3cccc4cnccc34)c3ccccc23)c(F)c1,1,IC50,6.37,2,CHEMBL380508
FC(F)(F)c1cc(Nc2nnc(-c3cccc4cnccc34)c3ccccc23)ccc1Cl,1,IC50,6.92,2,CHEMBL383616
Clc1ccc(Nc2nnc(-c3cccc4cnccc34)c3ccccc23)cc1Cl,1,IC50,6.96,2,CHEMBL205823
c1cc(-c2nnc(Nc3ccc(N4CCOCC4)cc3)c3ccccc23)c2ccncc2c1,1,IC50,6.41,2,CHEMBL203438
Cc1ccccc1Nc1nnc(-c2cccc3cnccc23)c2ccccc12,0,IC50 (>),5.0,1,CHEMBL204220
Cc1cccc(Nc2nnc(-c3cccc4cnccc34)c3ccccc23)c1,1,IC50,6.57,2,CHEMBL202998
FC(F)(Cl)Oc1ccc(Nc2nnc(-c3cccc4cnccc34)c3ccccc23)cc1,1,IC50,7.1,2,CHEMBL382818
CC(C)c1ccc(Nc2nnc(-c3cccc4cnccc34)c3ccccc23)cc1,1,IC50,7.77,2,CHEMBL203346
CC(C)(C)c1ccc(Nc2nnc(-c3cccc4cnccc34)c3ccccc23)cc1,1,IC50,7.12,2,CHEMBL206536
O=C(Nc1ccc(-c2ccccc2)cc1)c1ccccc1Cn1ccc2ncnc-2c1,1,IC50,6.16,1,CHEMBL382478
O=C(Nc1ccc(Br)cc1)c1ccccc1Cn1ccc2ncnc-2c1,1,IC50,6.42,1,CHEMBL382584
O=C(Nc1ccc(Br)cc1)c1ccccc1Cn1ccc2cnccc21,1,IC50,6.36,1,CHEMBL203063
O=C(Nc1ccc2c(c1)OCO2)c1ccccc1Cn1ccc2ncnc-2c1,1,IC50,6.64,1,CHEMBL203167
O=C(Nc1ccc2c(c1)OCO2)c1ccccc1Cn1ccc2cnccc21,1,IC50,6.89,1,CHEMBL425587
Cc1ccc(NC(=O)c2ccccc2Cn2ccc3ncnc-3c2)c(F)c1,1,IC50,6.68,1,CHEMBL206403
Cc1ccc(NC(=O)c2ccccc2Cn2ccc3cnccc32)c(F)c1,1,IC50,6.54,1,CHEMBL206348
O=C(Nc1ccc(Cl)c(C(F)(F)F)c1)c1ccccc1Cn1ccc2ncnc-2c1,1,IC50,6.36,1,CHEMBL206185
O=C(Nc1ccc(Cl)c(C(F)(F)F)c1)c1ccccc1Cn1ccc2cnccc21,1,IC50,6.51,1,CHEMBL437889
O=C(Nc1ccc(Cl)c(Cl)c1)c1ccccc1Cn1ccc2ncnc-2c1,1,IC50,7.25,1,CHEMBL205984
O=C(Nc1ccc(Cl)c(Cl)c1)c1ccccc1Cn1ccc2cnccc21,1,IC50,7.18,1,CHEMBL204548
O=C(Nc1ccc(N2CCOCC2)cc1)c1ccccc1Cn1ccc2ncnc-2c1,1,IC50,6.68,1,CHEMBL206279
O=C(Nc1ccc(N2CCOCC2)cc1)c1ccccc1Cn1ccc2cnccc21,1,IC50,6.55,1,CHEMBL377081
Cc1ccccc1NC(=O)c1ccccc1Cn1ccc2ncnc-2c1,0,IC50 (>),5.0,1,CHEMBL377952
Cc1ccccc1NC(=O)c1ccccc1Cn1ccc2cnccc21,0,IC50 (>),5.0,1,CHEMBL205401
Cc1cccc(NC(=O)c2ccccc2Cn2ccc3ncnc-3c2)c1,1,IC50,6.46,1,CHEMBL202643
Cc1cccc(NC(=O)c2ccccc2Cn2ccc3cnccc32)c1,1,IC50,6.33,1,CHEMBL202805
O=C(Nc1ccc(OC(F)(F)Cl)cc1)c1ccccc1Cn1ccc2ncnc-2c1,1,IC50,7.02,1,CHEMBL205413
O=C(Nc1ccc(OC(F)(F)Cl)cc1)c1ccccc1Cn1ccc2cnccc21,1,IC50,7.14,1,CHEMBL205610
CC(C)c1ccc(NC(=O)c2ccccc2Cn2ccc3ncnc-3c2)cc1,1,IC50,6.96,1,CHEMBL204099
CC(C)c1ccc(NC(=O)c2ccccc2Cn2ccc3cnccc32)cc1,1,IC50,7.06,1,CHEMBL203243
CC(C)(C)c1ccc(NC(=O)c2ccccc2Cn2ccc3ncnc-3c2)cc1,1,IC50,7.21,1,CHEMBL380932
CC(C)(C)c1ccc(NC(=O)c2ccccc2Cn2ccc3cnccc32)cc1,1,IC50,7.28,1,CHEMBL203965
O=C(Nc1ccc(Cl)cc1)c1ccccc1Cn1cc(-c2cccnc2)cn1,0,IC50 (>),5.0,1,CHEMBL206215
O=C(Nc1ccc(Cl)cc1)c1ccccc1Cn1ccc2ncnc-2c1,1,IC50,7.33,1,CHEMBL382855
O=C(Nc1ccc(Cl)cc1)c1ccccc1Cn1ccc2cnccc21,1,IC50,7.04,1,CHEMBL203003
O=C(Nc1ccc(Cl)cc1)c1ccccc1Cn1ccc2cccnc21,0,IC50 (>),5.0,1,CHEMBL205876
O=C(Nc1ccc(Cl)cc1)c1ccccc1Cn1cnc2ccccc21,0,IC50 (>),5.0,1,CHEMBL381786
O=C(Nc1ccc(Cl)cc1)c1ccccc1Cn1ccc2cc(Cl)ccc21,0,IC50 (>),5.0,1,CHEMBL206388
COc1ccc2c(ccn2Cc2ccccc2C(=O)Nc2ccc(Cl)cc2)c1,0,IC50 (>),5.0,1,CHEMBL379888
O=C(Nc1ccc(Cl)cc1)c1ccccc1Cn1ccc2ccccc21,0,IC50 (>),5.0,1,CHEMBL382256
CCOC(=O)c1cn2ncnc(Oc3ccc4[nH]ccc4c3)c2c1C,1,IC50,7.06,1,CHEMBL207842
COC(=O)c1cn2ncnc(Oc3ccc4[nH]c(C)cc4c3F)c2c1C,1,IC50,7.77,1,CHEMBL383671
COC(=O)c1cn2ncnc(Oc3ccc4[nH]c(C)cc4c3)c2c1C,1,IC50,7.11,1,CHEMBL205283
CCOC(=O)c1cn2ncnc(Oc3ccc4[nH]ccc4c3)c2c1C(C)C,1,IC50,6.33,1,CHEMBL381973
CCOC(=O)c1cn2ncnc(Oc3ccc4[nH]ccc4c3)c2c1CC,1,IC50,6.51,1,CHEMBL377302
COC(=O)c1cc2c(Oc3ccc4[nH]ccc4c3)ncnn2c1,1,IC50,6.68,1,CHEMBL381104
Cc1cc2c(F)c(Oc3ncnn4cc(O)c(C)c34)ccc2[nH]1,1,IC50,7.62,1,CHEMBL380905
Cc1cc2c(F)c(Oc3ncnn4cc(OCCCNS(C)(=O)=O)c(C)c34)ccc2[nH]1,1,IC50,7.18,1,CHEMBL206545
Cc1cc2c(F)c(Oc3ncnn4cc(OCCCS(C)(=O)=O)c(C)c34)ccc2[nH]1,1,IC50,7.16,1,CHEMBL383077
COC[C@@H](O)COc1cn2ncnc(Oc3ccc4[nH]c(C)cc4c3F)c2c1C,1,IC50,7.38,1,CHEMBL205710
Cc1cc2c(F)c(Oc3ncnn4cc(OC[C@H](C)O)c(C)c34)ccc2[nH]1,1,IC50,7.7,2,CHEMBL427202
Cc1cc2c(F)c(Oc3ncnn4cc(OC[C@@H](C)O)c(C)c34)ccc2[nH]1,1,IC50,7.6,6,CHEMBL377300
Cc1cc2c(F)c(Oc3ncnn4cc(OCCN5CC[C@H](O)C5)c(C)c34)ccc2[nH]1,1,IC50,7.62,1,CHEMBL380957
Cc1cc2c(F)c(Oc3ncnn4cc(OCCCN5CCCC5)c(C)c34)ccc2[nH]1,1,IC50,7.7,1,CHEMBL206146
Cc1cc2c(F)c(Oc3ncnn4cc(OCCC5CCN(C)CC5)c(C)c34)ccc2[nH]1,1,IC50,7.7,1,CHEMBL206145
Cc1cc2c(F)c(Oc3ncnn4cc(OCCCN5CCCCC5)c(C)c34)ccc2[nH]1,1,IC50,7.77,1,CHEMBL205142
COc1ccc(N2Cc3cnc(Nc4ccc(F)cc4)nc3N([C@@H]3CC[C@@H](O)C3)C2=O)cc1,1,IC50,7.3,1,CHEMBL606964
N[C@H](COc1cncc(-c2ccc3cnccc3c2)c1)Cc1c[nH]c2ccccc12,0,IC50 (>),4.3,1,CHEMBL383264
Cn1cc(/C=C2\C(=O)NN=C2c2nccs2)c2cc3c(cc21)OCO3,1,IC50,7.5,1,CHEMBL206627
Cn1cc(/C=C2\C(=O)NN=C2c2nccs2)c2c(Br)cccc21,1,IC50,7.35,1,CHEMBL380465
Cn1cc(/C=C2\C(=O)NN=C2c2nccs2)c2cc(Cl)ccc21,1,IC50,7.23,1,CHEMBL206463
Cn1cc(/C=C2\C(=O)NN=C2c2nccs2)c2cc(F)ccc21,1,IC50,7.31,1,CHEMBL381562
Cn1cc(/C=C2\C(=O)NN=C2c2nccs2)c2ccccc21,1,IC50,7.34,1,CHEMBL204334
Cn1cc(/C=C2\C(=O)NN=C2c2cnccn2)c2cc3c(cc21)OCO3,1,IC50,7.77,1,CHEMBL207600
COc1cccc2c1c(/C=C1\C(=O)NN=C1c1cnccn1)cn2C,1,IC50,7.58,1,CHEMBL383435
Cn1cc(/C=C2\C(=O)NN=C2c2cnccn2)c2c(Br)cccc21,1,IC50,8.22,1,CHEMBL380915
Cn1cc(/C=C2\C(=O)NN=C2c2cnccn2)c2c(Cl)cccc21,1,IC50,8.05,1,CHEMBL378403
Cn1cc(/C=C2\C(=O)NN=C2c2cnccn2)c2c(F)cccc21,1,IC50,7.77,1,CHEMBL208500
COc1ccc2c(c1)c(/C=C1\C(=O)NN=C1c1cnccn1)cn2C,1,IC50,7.52,1,CHEMBL438970
Cn1cc(/C=C2\C(=O)NN=C2c2cnccn2)c2cc(Cl)ccc21,1,IC50,8.0,1,CHEMBL204726
Cn1cc(/C=C2\C(=O)NN=C2c2cnccn2)c2cc(F)ccc21,1,IC50,7.64,1,CHEMBL205097
Cc1cc(C)c(/C=C2\C(=O)NN=C2c2nccs2)[nH]1,1,IC50,7.2,1,CHEMBL204678
FC(F)(F)c1cccc(Nc2nnc(-c3cnccc3CCc3ccncc3)o2)c1,1,IC50,6.14,1,CHEMBL205421
FC(F)(F)c1cccc(Nc2nnc(-c3ccncc3CCc3ccncc3)o2)c1,1,IC50,6.25,1,CHEMBL381577
FC(F)(F)c1cccc(Nc2nnc(-c3cccnc3CCc3ccncc3)o2)c1,1,IC50,7.19,2,CHEMBL383334
FC(F)(F)c1cccc(Nc2nnc(-c3cc4ccccc4nc3CCc3ccncc3)o2)c1,0,IC50 (>),5.0,2,CHEMBL205901
Cc1ccccc1Nc1nnc(-c2cccnc2CCc2ccncc2)o1,0,IC50 (>),5.0,1,CHEMBL205869
COc1ccccc1Nc1nnc(-c2cccnc2CCc2ccncc2)o1,0,IC50 (>),5.0,1,CHEMBL381704
CC(C)(C)c1ccc(Nc2nnc(-c3cc4ccccc4nc3CCc3ccncc3)o2)cc1,0,IC50 (>),5.0,1,CHEMBL204846
c1ccc2ncc(Nc3nnc(-c4cc5ccccc5nc4CCc4ccncc4)o3)cc2c1,0,IC50 (>),5.0,1,CHEMBL206670
FC(F)(F)c1cccc(Nc2nnc(-c3cccnc3CCc3ccc4ccccc4n3)o2)c1,0,IC50 (>),5.0,2,CHEMBL206089
FC(F)(F)c1cccc(Nc2nnc(-c3ccncc3CCCc3ccc4c(c3)OCO4)o2)c1,0,IC50 (>),5.0,2,CHEMBL205684
Fc1ccc(CCc2ncccc2-c2nnc(Nc3cccc(C(F)(F)F)c3)o2)cc1F,0,IC50 (>),5.0,2,CHEMBL207099
FC(F)(F)c1cccc(Nc2nnc(-c3cccnc3CCCc3ccc4c(c3)OCO4)o2)c1,0,IC50 (>),5.0,2,CHEMBL207049
FC(F)(F)c1cccc(Nc2nnc(-c3cccnc3CCc3ccccn3)o2)c1,0,IC50 (>),5.0,2,CHEMBL207821
FC(F)(F)c1cccc(Nc2nnc(-c3cccnc3CCc3cccnc3)o2)c1,0,IC50 (>),5.0,2,CHEMBL380421
c1cnc(CCc2ccncc2)c(-c2nnc(NCc3ccc4c(c3)OCO4)o2)c1,1,IC50,7.07,2,CHEMBL383123
Cc1ccc(Nc2nnc(-c3cccnc3CCc3ccncc3)o2)cc1C(F)(F)F,1,IC50,7.06,2,CHEMBL382218
COc1ccc(Nc2nnc(-c3cccnc3CCc3ccncc3)o2)cc1OC,1,IC50,7.17,2,CHEMBL382610
Clc1ccc(Nc2nnc(-c3cccnc3CCc3ccncc3)o2)cc1Cl,1,IC50,7.03,2,CHEMBL204621
COc1cccc(Nc2nnc(-c3cccnc3CCc3ccncc3)o2)c1,1,IC50,6.77,2,CHEMBL205050
Cc1cccc(Nc2nnc(-c3cccnc3CCc3ccncc3)o2)c1,1,IC50,6.11,1,CHEMBL204425
FC(F)(F)Oc1cccc(Nc2nnc(-c3cnccc3CCc3ccncc3)o2)c1,1,IC50,6.26,2,CHEMBL381293
FC(F)(F)Oc1cccc(Nc2nnc(-c3ccncc3CCc3ccncc3)o2)c1,1,IC50,6.33,2,CHEMBL205639
FC(F)(F)Oc1cccc(Nc2nnc(-c3cccnc3CCc3ccncc3)o2)c1,1,IC50,7.16,2,CHEMBL206123
FC(F)(F)c1ccc(Nc2nnc(-c3cnccc3CCc3ccncc3)o2)cc1,1,IC50,6.36,2,CHEMBL205244
FC(F)(F)Oc1ccc(Nc2nnc(-c3cnccc3CCc3ccncc3)o2)cc1,1,IC50,6.44,2,CHEMBL207772
FC(F)(Cl)Oc1ccc(Nc2nnc(-c3cnccc3CCc3ccncc3)o2)cc1,1,IC50,6.36,2,CHEMBL382142
FC(F)(F)c1ccc(Nc2nnc(-c3ccncc3CCc3ccncc3)o2)cc1,1,IC50,6.54,2,CHEMBL208363
FC(F)(F)Oc1ccc(Nc2nnc(-c3ccncc3CCc3ccncc3)o2)cc1,1,IC50,6.46,2,CHEMBL383434
FC(F)(Cl)Oc1ccc(Nc2nnc(-c3ccncc3CCc3ccncc3)o2)cc1,1,IC50,6.66,2,CHEMBL205544
FC(F)(F)c1ccc(Nc2nnc(-c3cccnc3CCc3ccncc3)o2)cc1,1,IC50,7.24,3,CHEMBL381182
FC(F)(F)Oc1ccc(Nc2nnc(-c3cccnc3CCc3ccncc3)o2)cc1,1,IC50,7.36,2,CHEMBL380536
FC(F)(Cl)Oc1ccc(Nc2nnc(-c3cccnc3CCc3ccncc3)o2)cc1,1,IC50,7.51,3,CHEMBL205502
CC(C)(C)c1ccc(Nc2nnc(-c3cnccc3CCc3ccncc3)o2)cc1,1,IC50,6.51,2,CHEMBL383333
CC(C)c1ccc(Nc2nnc(-c3ccncc3CCc3ccncc3)o2)cc1,1,IC50,6.6,2,CHEMBL207975
CC(C)(C)c1ccc(Nc2nnc(-c3ccncc3CCc3ccncc3)o2)cc1,1,IC50,6.72,2,CHEMBL204984
CC(C)c1ccc(Nc2nnc(-c3cccnc3CCc3ccncc3)o2)cc1,1,IC50,7.29,2,CHEMBL377995
CC(C)(C)c1ccc(Nc2nnc(-c3cccnc3CCc3ccncc3)o2)cc1,1,IC50,7.37,3,CHEMBL205325
c1cnc(CCc2ccncc2)c(-c2nnc(Nc3cnc4ccccc4c3)o2)c1,1,IC50,6.42,1,CHEMBL206136
FC(F)(F)c1cccc(Nc2nnc(-c3cccnc3CCc3cccc4ncccc34)o2)c1,0,IC50 (>),5.0,1,CHEMBL205647
FC(F)(F)c1cccc(Nc2nnc(-c3cccnc3CCc3ccc4[nH]ncc4c3)o2)c1,0,IC50 (>),5.0,1,CHEMBL382797
Cc1cc(C)c(/C=C2\C(=O)NN=C2c2ccoc2)[nH]1,1,IC50,6.8,1,CHEMBL205658
Cc1cc(C)c(/C=C2\C(=O)NN=C2c2cnccn2)[nH]1,1,IC50,7.37,1,CHEMBL380334
COc1cc2ncnc(Nc3cccc(Cl)c3F)c2cc1CN1CCCC1,0,IC50 (>),5.0,1,CHEMBL437885
COCCN1CC(C(N)=O)(N(C)Cc2cc3c(Nc4cccc(Cl)c4F)ncnc3cc2OC)C1,0,IC50 (>),5.0,1,CHEMBL207815
COc1cc2ncnc(Nc3cccc(Cl)c3F)c2cc1CN(C)C1(C(N)=O)CN(C(C)C)C1,0,IC50 (>),5.0,1,CHEMBL425601
COc1cc2ncnc(Nc3cccc(Cl)c3F)c2cc1CN(C)C1(C(N)=O)CN(C)C1,0,IC50 (>),5.0,1,CHEMBL207718
COc1cc2ncnc(Nc3cccc(Cl)c3F)c2cc1CN(C)C1(C(N)=O)CCN(C(C)C)CC1,0,IC50 (>),5.0,1,CHEMBL383246
COc1cc2ncnc(Nc3cccc(Cl)c3F)c2cc1CN(C)C1(C(N)=O)CCN(C)CC1,0,IC50 (>),5.0,1,CHEMBL207130
COc1cc2ncnc(Nc3cccc(Cl)c3F)c2cc1CN(C)[C@@H](CN(C)C)C(N)=O,0,IC50 (>),5.0,1,CHEMBL380889
COCC[C@@H](C(N)=O)N(C)Cc1cc2c(Nc3cccc(Cl)c3F)ncnc2cc1OC,0,IC50 (>),5.0,1,CHEMBL207445
COC[C@@H](C(N)=O)N(C)Cc1cc2c(Nc3cccc(Cl)c3F)ncnc2cc1OC,0,IC50 (>),5.0,1,CHEMBL379905
COc1cc2ncnc(Nc3cccc(Cl)c3F)c2cc1CN(C)[C@@H](CO)C(N)=O,0,IC50 (>),5.0,1,CHEMBL208286
COc1cc2ncnc(Nc3cccc(Cl)c3F)c2cc1CN(CCN(C)C)[C@@H](C)C(N)=O,0,IC50 (>),5.0,1,CHEMBL376967
COCCN(Cc1cc2c(Nc3cccc(Cl)c3F)ncnc2cc1OC)[C@@H](C)C(N)=O,0,IC50 (>),5.0,1,CHEMBL382823
COc1cc2ncnc(Nc3cccc(Cl)c3F)c2cc1CN(C(C)C)[C@@H](C)C(N)=O,0,IC50 (>),5.0,1,CHEMBL208048
COc1cc2ncnc(Nc3cccc(Cl)c3F)c2cc1CN(C)C1CCNC1=O,0,IC50 (>),5.0,1,CHEMBL378370
COc1cc2ncnc(Nc3cccc(Cl)c3F)c2cc1CN(C)[C@H](C)C(=O)N(C)C,0,IC50 (>),5.0,1,CHEMBL380006
CNC(=O)[C@@H](C)N(C)Cc1cc2c(Nc3cccc(Cl)c3F)ncnc2cc1OC,0,IC50 (>),5.0,1,CHEMBL211003
COc1cc2ncnc(Nc3cccc(Cl)c3F)c2cc1CN(C)[C@@H](C)C(N)=O,0,IC50 (>),5.0,1,CHEMBL207687
COc1cc2ncnc(Nc3cccc(Cl)c3F)c2cc1CN(C)[C@H](C)C(N)=O,0,IC50 (>),5.0,1,CHEMBL208118
COc1cc2ncnc(Nc3cccc(Cl)c3F)c2cc1CN(C)CC(N)=O,0,IC50 (>),5.0,1,CHEMBL379601
COc1cc2ncnc(Nc3cccc(Cl)c3F)c2cc1CN[C@H](C)C(N)=O,0,IC50 (>),5.0,1,CHEMBL380386
COc1cc2ncnc(Nc3cccc(Cl)c3F)c2cc1CN1CC(C(N)=O)C1,0,IC50 (>),5.0,1,CHEMBL207037
COc1cc2ncnc(Nc3cccc(Cl)c3F)c2cc1CN1CCC1C(N)=O,0,IC50 (>),5.0,1,CHEMBL207246
COc1cc2ncnc(Nc3cccc(Cl)c3F)c2cc1CN1CCOCC1C(N)=O,0,IC50 (>),5.0,1,CHEMBL207674
COc1cc2ncnc(Nc3cccc(Cl)c3F)c2cc1CN1CCCC[C@@H]1C(N)=O,0,IC50 (>),5.0,1,CHEMBL206783
COc1cc2ncnc(Nc3cccc(Cl)c3F)c2cc1CN1CCN(C)CC1C(N)=O,0,IC50 (>),5.0,1,CHEMBL204420
COc1cc2ncnc(Nc3cccc(Cl)c3F)c2cc1CN1CCC[C@H]1CC(N)=O,0,IC50 (>),5.0,1,CHEMBL377772
COc1cc2ncnc(Nc3cccc(Cl)c3F)c2cc1CN1CC[C@H](C(N)=O)C1,0,IC50 (>),5.0,1,CHEMBL380454
COc1cc2ncnc(Nc3cccc(Cl)c3F)c2cc1CN1CCC[C@@H]1C(=O)N(C)C,0,IC50 (>),5.0,1,CHEMBL382822
CNC(=O)[C@H]1CCCN1Cc1cc2c(Nc3cccc(Cl)c3F)ncnc2cc1OC,0,IC50 (>),5.0,1,CHEMBL383760
COc1cc2ncnc(Nc3cccc(Cl)c3F)c2cc1CN1C[C@H](OC)C[C@@H]1C(N)=O,0,IC50 (>),5.0,1,CHEMBL207235
COc1cc2ncnc(Nc3cccc(Cl)c3F)c2cc1CN1CCC[C@@H]1C(N)=O,0,IC50 (>),5.0,1,CHEMBL208292
COc1cc2ncnc(Nc3cccc(Cl)c3F)c2cc1CN1CCC[C@H]1C(N)=O,0,IC50 (>),5.0,1,CHEMBL207584
COc1cc2ncnc(Nc3ccc(F)c(Cl)c3)c2cc1CN1CCC[C@H]1C(N)=O,0,IC50 (>),5.0,1,CHEMBL382638
COc1cc2ncnc(Nc3ccc(F)c(Cl)c3)c2cc1CN1CCC[C@@H]1C(N)=O,0,IC50 (>),5.0,1,CHEMBL206955
O=C(NC1CC1)c1cc(NCc2cnc(Nc3ccccn3)s2)c(F)cc1F,1,IC50,7.64,2,CHEMBL377734
CNC(=O)c1cc(NCc2cnc(Nc3ccccn3)s2)c(F)cc1F,1,IC50,7.15,1,CHEMBL212267
O=C(NCCN1CCOCC1)c1ccc(F)c(NCc2cnc(Nc3ccccn3)s2)c1,1,IC50,7.07,1,CHEMBL211060
O=C(NCc1ccccn1)c1ccc(F)c(NCc2cnc(Nc3ccccn3)s2)c1,1,IC50,7.19,1,CHEMBL208788
O=C(NCc1ccccc1)c1ccc(F)c(NCc2cnc(Nc3ccccn3)s2)c1,1,IC50,7.77,1,CHEMBL384909
O=C(NC1CCCC1)c1ccc(F)c(NCc2cnc(Nc3ccccn3)s2)c1,1,IC50,6.96,1,CHEMBL208911
O=C(NC1CC1)c1ccc(F)c(CCc2cnc(Nc3ccccn3)s2)c1,1,IC50,7.85,1,CHEMBL209555
O=C(NC1CC1)c1ccc(F)c(NCc2cnc(Nc3ccccn3)s2)c1,1,IC50,7.54,1,CHEMBL379370
CNC(=O)c1ccc(F)c(NCc2cnc(Nc3ccccn3)s2)c1,1,IC50,7.52,1,CHEMBL212304
CNC(=O)c1cccc(NCc2cnc(Nc3ccccn3)s2)c1,1,IC50,6.55,1,CHEMBL207520
CNC(=O)c1cccc(CSc2cnc(Nc3ccccn3)s2)c1,1,IC50,7.06,1,CHEMBL379320
CONC(=O)c1cccc(CSc2cnc(Nc3ccccn3)s2)c1,1,IC50,7.13,1,CHEMBL379661
COc1ccccc1N(C(=O)Oc1c(C)cccc1C)c1ccnc(Nc2ccc(N3CCN(C)CC3)cc2)n1,1,IC50,6.72,1,CHEMBL211460
COc1ccc(N(C(=O)Oc2c(C)cccc2C)c2ccnc(Nc3ccc(N4CCN(C)CC4)cc3)n2)cc1,1,IC50,6.38,1,CHEMBL215847
COc1ccc(N(C(=O)Oc2c(C)cccc2C)c2ccnc(Nc3ccc(N4CCN(C)CC4)cc3)n2)c(OC)c1,1,IC50,6.19,1,CHEMBL213100
COc1ccc(OC)c(N(C(=O)Oc2c(C)cccc2C)c2ccnc(Nc3ccc(N4CCN(C)CC4)cc3)n2)c1,1,IC50,6.7,1,CHEMBL442485
Cc1cccc(C)c1OC(=O)N(c1ccc2ccccc2c1)c1ccnc(Nc2ccc(N3CCN(C)CC3)cc2)n1,1,IC50,6.89,1,CHEMBL377481
Cc1cccc(C)c1OC(=O)N(c1ccc(-c2ccccc2)cc1)c1ccnc(Nc2ccc(N3CCN(C)CC3)cc2)n1,1,IC50,6.23,1,CHEMBL209908
COc1ccc(N(C(=O)Oc2c(C)cccc2C)c2ccnc(Nc3ccc(N4CCN(C)CC4)c(OC)c3)n2)c(OC)c1,1,IC50,6.85,1,CHEMBL215730
COc1ccc(N(C(=O)Oc2c(C)cccc2C)c2ccnc(Nc3cc(OC)c(N4CCN(C)CC4)c(OC)c3)n2)c(OC)c1,1,IC50,6.77,1,CHEMBL385898
COc1ccc(N(C(=O)Oc2c(C)cccc2C)c2ccnc(Nc3ccc(N4CCN(C)CC4)c(F)c3)n2)c(OC)c1,1,IC50,6.58,1,CHEMBL211845
COc1ccc(N(C(=O)Oc2c(C)cccc2C)c2ccnc(Nc3ccc(OCCN(C)C)cc3)n2)c(OC)c1,1,IC50,6.66,1,CHEMBL212721
COc1ccc(N(C(=O)Oc2c(C)cccc2C)c2ccnc(Nc3ccc(OCCCN(C)C)cc3)n2)c(OC)c1,1,IC50,6.64,1,CHEMBL214775
COc1ccc(N(C(=O)Oc2c(C)cccc2C)c2ccnc(Nc3ccc(OCCN4CCN(C)CC4)cc3)n2)c(OC)c1,1,IC50,6.24,1,CHEMBL212668
COc1ccc(N(C(=O)Oc2c(C)cccc2C)c2ccnc(Nc3cc(OC)c(OCCN4CCN(C)CC4)c(OC)c3)n2)c(OC)c1,1,IC50,6.64,1,CHEMBL212143
COc1ccc(N(C(=O)Oc2c(C)cccc2C)c2ccnc(Nc3cc(OC)c(OCCN4CCOCC4)c(OC)c3)n2)c(OC)c1,1,IC50,6.77,1,CHEMBL264803
COc1ccc(N(C(=O)Oc2c(C)cccc2C)c2ccnc(Nc3ccc(OCCN4CCCCC4)cc3)n2)c(OC)c1,1,IC50,6.46,1,CHEMBL379733
COc1ccc(N(C(=O)Oc2c(C)cccc2C)c2ccnc(Nc3ccc(OCCCN4CCN(C)CC4)c(OC)c3)n2)c(OC)c1,1,IC50,6.68,1,CHEMBL379080
COc1ccc(N(C(=O)Oc2c(C)cccc2C)c2ccnc(Nc3cc(OC)c(OCCCN4CCN(C)CC4)c(OC)c3)n2)c(OC)c1,1,IC50,6.85,1,CHEMBL386760
COc1ccc(N(C(=O)Oc2c(C)cccc2C)c2ccnc(Nc3ccc(OCCCN4CCN(C)CC4)c(F)c3)n2)c(OC)c1,1,IC50,6.23,1,CHEMBL215289
COc1ccc(N(C(=O)Oc2c(C)cccc2C)c2ccnc(Nc3ccc(OCCCN4CCCCC4)c(F)c3)n2)c(OC)c1,1,IC50,6.21,1,CHEMBL215411
Cc1cccc(C)c1OC(=O)N(c1ccccc1)c1ccnc(Nc2ccc(N3CCN(C)CC3)cc2)n1,1,IC50,6.72,1,CHEMBL427047
c1csc(-c2n[nH]c3c2Cc2ccccc2-3)c1,1,IC50,6.03,1,CHEMBL212899
c1cn(Cc2ccc3c(c2)-c2[nH]nc(-c4ccsc4)c2C3)cn1,1,IC50,6.83,2,CHEMBL212084
CN1CCN(Cc2cccc3c2Cc2c(-c4ccccc4)n[nH]c2-3)CC1,0,IC50,4.85,1,CHEMBL216020
CN1CCN(Cc2ccc3c(c2)Cc2c(-c4ccccc4)n[nH]c2-3)CC1,1,IC50,6.16,2,CHEMBL441369
CN1CCN(Cc2ccc3c(c2)-c2[nH]nc(-c4ccccc4)c2C3)CC1,1,IC50,6.22,1,CHEMBL427050
CN1CCN(Cc2ccc3c(c2)Cc2c(-c4ccc(O)cc4)n[nH]c2-3)CC1,1,IC50,6.3,1,CHEMBL413581
CN1CCN(Cc2ccc3c(c2)Cc2c(-c4ccsc4)n[nH]c2-3)CC1,1,IC50,6.4,1,CHEMBL377959
CN1CCN(Cc2ccc3c(c2)-c2[nH]nc(-c4ccsc4)c2C3)CC1,1,IC50,6.75,2,CHEMBL213743
CN1CCN(Cc2ccc3c(c2)Cc2c(-c4nccs4)n[nH]c2-3)CC1,0,IC50,4.78,1,CHEMBL209861
Cc1csc(-c2n[nH]c3c2Cc2cc(CN4CCN(C)CC4)ccc2-3)c1,0,IC50,4.9,1,CHEMBL378058
CN1CCN(Cc2ccc3c(c2)Cc2c(-c4cc5ccccc5s4)n[nH]c2-3)CC1,0,IC50 (>),4.3,1,CHEMBL212083
Cc1ccsc1-c1n[nH]c2c1Cc1cc(CN3CCN(C)CC3)ccc1-2,0,IC50 (>),4.3,1,CHEMBL212030
Cc1cccc(NC(=O)Nc2ccc(-c3noc4ncnc(N)c34)cc2)c1,1,IC50,7.01,3,CHEMBL211378
Nc1ncnc2onc(-c3ccc(NC(=O)Nc4cccc(C(F)(F)F)c4)cc3)c12,1,IC50,7.16,3,CHEMBL213505
Nc1ncnc2snc(-c3ccc(NC(=O)Nc4cccc(C(F)(F)F)c4)cc3)c12,1,IC50,8.4,2,CHEMBL213504
CCc1cccc(NC(=O)Nc2ccc(-c3nsc4ncnc(N)c34)cc2)c1,1,IC50,8.3,2,CHEMBL445570
Nc1ncnc2snc(-c3ccc(NC(=O)Nc4cccc(Cl)c4)cc3)c12,1,IC50,7.72,2,CHEMBL379372
Cc1ccc(F)c(NC(=O)Nc2ccc(-c3nsc4ncnc(N)c34)cc2)c1,1,IC50,8.1,3,CHEMBL262433
CCc1cccc(NC(=O)Nc2ccc(-c3noc4ncnc(N)c34)cc2)c1,1,IC50,7.62,2,CHEMBL210003
Nc1ncnc2onc(-c3ccc(NC(=O)Nc4cc(C(F)(F)F)ccc4F)cc3)c12,1,IC50,6.65,2,CHEMBL378687
Cc1cccc(NC(=O)Nc2ccc(-c3nsc4ncnc(N)c34)cc2)c1,1,IC50,9.0,2,CHEMBL376951
Cc1cc(C)c2oc(Nc3ccc(-c4nsc5ncnc(N)c45)cc3)nc2c1,0,IC50,4.37,1,CHEMBL211327
Cc1cccc(NC(=O)Nc2ccc(-c3noc4ncnc(N)c34)o2)c1,0,IC50,4.66,1,CHEMBL387300
Nc1ncnc2onc(-c3ccc(NC(=O)Nc4cccc(C(F)(F)F)c4)o3)c12,0,IC50,4.8,1,CHEMBL540203
Nc1ncnc2snc(-c3ccc(NC(=O)Nc4cc(C(F)(F)F)ccc4F)cc3)c12,1,IC50,7.8,1,CHEMBL214258
Nc1ccc(-c2nsc3ncnc(N)c23)cc1,0,IC50,4.34,1,CHEMBL374206
Nc1ncnc2onc(-c3ccc(NC(=O)c4ccccc4)cc3)c12,0,IC50 (>),4.3,1,CHEMBL211379
Cc1cc(C)c2oc(Nc3ccc(-c4noc5ncnc(N)c45)cc3)nc2c1,0,IC50 (>),4.3,1,CHEMBL213862
Nc1ncnc2snc(-c3ccc([N+](=O)[O-])cc3)c12,0,IC50 (>),4.3,1,CHEMBL374631
CN1CCN(Cc2ccc3c(c2)-c2n[nH]c(-c4ccc(CN(C)C(=O)Nc5cccc(C(F)(F)F)c5)s4)c2C3)CC1,1,IC50,7.96,3,CHEMBL213910
Cc1cccc(NC(=O)N(Cc2ccc(-c3n[nH]c4c3Cc3cc(CN5CCN(C)CC5)ccc3-4)s2)C2CC2)c1,1,IC50,7.68,2,CHEMBL214063
CCCN(Cc1ccc(-c2[nH]nc3c2Cc2cc(CN4CCN(C)CC4)ccc2-3)s1)C(=O)Nc1cccc(C)c1,1,IC50,7.46,2,CHEMBL380068
CN1CCN(Cc2ccc3c(c2)Cc2c-3n[nH]c2-c2ccc(CN(C)C(=O)Nc3cccc(OC(F)(F)F)c3)s2)CC1,1,IC50,7.57,2,CHEMBL379088
CN1CCN(Cc2ccc3c(c2)Cc2c-3n[nH]c2-c2ccc(CN(C)C(=O)Nc3cc(F)cc(C(F)(F)F)c3)s2)CC1,1,IC50,7.7,2,CHEMBL378895
Cc1cccc(NC(=O)NCc2ccc(-c3n[nH]c4c3Cc3cc(CN5CCN(C)CC5)ccc3-4)s2)c1,1,IC50,7.21,4,CHEMBL213507
Cc1cccc(NC(=O)N(C)Cc2ccc(-c3n[nH]c4c3Cc3cc(CN5CCN(C)CC5)ccc3-4)s2)c1,1,IC50,6.84,4,CHEMBL225248
Cc1cccc(NC(=O)NCc2ccc(-c3n[nH]c4c3Cc3ccc(CN5CCN(C)CC5)cc3-4)s2)c1,1,IC50,7.32,3,CHEMBL214161
Cc1cccc(NC(=O)NCc2cc(-c3n[nH]c4c3Cc3cc(CN5CCN(C)CC5)ccc3-4)cs2)c1,1,IC50,6.75,1,CHEMBL215563
Cc1cccc(NC(=O)NCc2cc(-c3n[nH]c4c3Cc3ccc(CN5CCN(C)CC5)cc3-4)cs2)c1,1,IC50,6.99,1,CHEMBL211307
Cc1cccc(C(=O)NCc2ccc(-c3n[nH]c4c3Cc3cc(CN5CCN(C)CC5)ccc3-4)s2)c1,0,IC50,4.91,1,CHEMBL211515
Cc1cccc(NC(=O)CCc2ccc(-c3n[nH]c4c3Cc3cc(CN5CCN(C)CC5)ccc3-4)s2)c1,1,IC50,6.67,1,CHEMBL212499
CN1CCN(Cc2ccc3c(c2)Cc2c(-c4csc(CNS(=O)(=O)c5ccccc5)c4)n[nH]c2-3)CC1,0,IC50,4.64,1,CHEMBL213230
CN1CCN(Cc2ccc3c(c2)Cc2c(-c4csc(CNS(=O)(=O)Cc5ccccc5)c4)n[nH]c2-3)CC1,0,IC50 (>),4.3,1,CHEMBL211567
CN1CCN(Cc2ccc3c(c2)Cc2c(-c4ccc(CNC(=O)Oc5ccccc5)s4)n[nH]c2-3)CC1,0,IC50,4.62,1,CHEMBL384939
Cc1cccc(NC(=O)OCc2ccc(-c3n[nH]c4c3Cc3cc(CN5CCN(C)CC5)ccc3-4)s2)c1,1,IC50,7.38,1,CHEMBL378440
Cc1ccc2[nH]c(NCc3ccc(-c4n[nH]c5c4Cc4cc(CN6CCN(C)CC6)ccc4-5)s3)nc2c1,0,IC50 (>),4.3,1,CHEMBL443835
Cc1cccc(N/C(=N/Cc2ccc(-c3n[nH]c4c3Cc3cc(CN5CCN(C)CC5)ccc3-4)s2)NC#N)c1,0,IC50 (>),4.3,1,CHEMBL214214
Cc1cccc(NC(=O)N2CCc3cc(-c4n[nH]c5c4Cc4cc(CN6CCN(C)CC6)ccc4-5)sc3C2)c1,1,IC50,6.34,1,CHEMBL213796
Cc1ccccc1NC(=O)NCc1ccc(-c2n[nH]c3c2Cc2cc(CN4CCN(C)CC4)ccc2-3)s1,1,IC50,6.35,1,CHEMBL425615
Cc1ccc(NC(=O)NCc2ccc(-c3n[nH]c4c3Cc3cc(CN5CCN(C)CC5)ccc3-4)s2)cc1,1,IC50,6.51,1,CHEMBL415047
CN1CCN(Cc2ccc3c(c2)Cc2c(-c4ccc(CNC(=O)Nc5cccc(C(F)(F)F)c5)s4)n[nH]c2-3)CC1,1,IC50,7.47,1,CHEMBL212986
CN1CCN(Cc2ccc3c(c2)Cc2c(-c4ccc(CNC(=O)Nc5ccc(C(F)(F)F)cc5)s4)n[nH]c2-3)CC1,1,IC50,6.55,1,CHEMBL212762
CN1CCN(Cc2ccc3c(c2)Cc2c(-c4ccc(CNC(=O)Nc5ccccc5Cl)s4)n[nH]c2-3)CC1,1,IC50,6.7,1,CHEMBL209922
Cc1cc(C)cc(NC(=O)NCc2ccc(-c3n[nH]c4c3Cc3cc(CN5CCN(C)CC5)ccc3-4)s2)c1,1,IC50,7.2,1,CHEMBL209919
CN1CCN(Cc2ccc3c(c2)Cc2c(-c4ccc(CNC(=O)Nc5cc(Cl)cc(Cl)c5)s4)n[nH]c2-3)CC1,1,IC50,7.1,1,CHEMBL380397
Cc1ccccc1NC(=O)N(C)Cc1ccc(-c2[nH]nc3c2Cc2cc(CN4CCN(C)CC4)ccc2-3)s1,1,IC50,6.91,1,CHEMBL209421
CN1CCN(Cc2ccc3c(c2)Cc2c-3n[nH]c2-c2ccc(CN(C)C(=O)Nc3ccccc3Cl)s2)CC1,1,IC50,6.75,1,CHEMBL209971
CCN(Cc1ccc(-c2[nH]nc3c2Cc2cc(CN4CCN(C)CC4)ccc2-3)s1)C(=O)Nc1cccc(C)c1,1,IC50,7.35,1,CHEMBL213430
Cc1cccc(NC(=O)N(Cc2ccc(-c3[nH]nc4c3Cc3cc(CN5CCN(C)CC5)ccc3-4)s2)C(C)C)c1,1,IC50,6.91,1,CHEMBL377400
Cc1cccc(NC(=O)N(Cc2ccc(-c3[nH]nc4c3Cc3cc(CN5CCN(C)CC5)ccc3-4)s2)CC(C)C)c1,1,IC50,6.79,1,CHEMBL210070
Cc1cccc(NC(=O)N(CCC(C)C)Cc2ccc(-c3[nH]nc4c3Cc3cc(CN5CCN(C)CC5)ccc3-4)s2)c1,1,IC50,6.58,1,CHEMBL213909
CON(Cc1ccc(-c2[nH]nc3c2Cc2cc(CN4CCN(C)CC4)ccc2-3)s1)C(=O)Nc1cccc(C)c1,1,IC50,6.59,1,CHEMBL214109
COCCN(Cc1ccc(-c2[nH]nc3c2Cc2cc(CN4CCN(C)CC4)ccc2-3)s1)C(=O)Nc1cccc(C)c1,1,IC50,6.77,1,CHEMBL213270
CN1CCN(Cc2ccc3c(c2)-c2[nH]nc(-c4ccc(CNC(=O)Nc5ccccc5)s4)c2C3)CC1,1,IC50,6.74,1,CHEMBL210113
Cc1ccccc1NC(=O)NCc1ccc(-c2n[nH]c3c2Cc2ccc(CN4CCN(C)CC4)cc2-3)s1,1,IC50,6.8,1,CHEMBL212985
Cc1ccc(NC(=O)NCc2ccc(-c3n[nH]c4c3Cc3ccc(CN5CCN(C)CC5)cc3-4)s2)cc1,1,IC50,6.98,1,CHEMBL2096839
Cc1cccc(NC(=O)N(C)Cc2ccc(-c3n[nH]c4c3Cc3ccc(CN5CCN(C)CC5)cc3-4)s2)c1,1,IC50,7.29,3,CHEMBL223220
CN1CCN(Cc2ccc3c(c2)-c2n[nH]c(-c4ccc(CN(C)C(=O)Nc5cccc(Cl)c5)s4)c2C3)CC1,1,IC50,7.92,1,CHEMBL378831
CN1CCN(Cc2ccc3c(c2)-c2n[nH]c(-c4ccc(CN(C)C(=O)Nc5ccc(F)cc5)s4)c2C3)CC1,1,IC50,7.8,1,CHEMBL384294
CN1CCN(Cc2ccc3c(c2)-c2n[nH]c(-c4ccc(CN(C)C(=O)Nc5ccc(OC(F)(F)F)cc5)s4)c2C3)CC1,1,IC50,7.77,1,CHEMBL212932
CN1CCN(Cc2ccc3c(c2)-c2n[nH]c(-c4ccc(CN(C)C(=O)Nc5ccc(Cl)c(Cl)c5)s4)c2C3)CC1,1,IC50,7.75,1,CHEMBL215948
CN1CCN(Cc2ccc3c(c2)-c2n[nH]c(-c4ccc(CN(C)C(=O)Nc5ccc(Br)cc5)s4)c2C3)CC1,1,IC50,7.72,1,CHEMBL211464
CN1CCN(Cc2ccc3c(c2)-c2n[nH]c(-c4ccc(CN(C)C(=O)Nc5ccc(Cl)cc5)s4)c2C3)CC1,1,IC50,7.68,1,CHEMBL380243
CNc1ncc2cc(-c3cc(C(=O)Nc4cccc(C(F)(F)F)c4)ccc3C)ccc2n1,1,IC50,9.0,2,CHEMBL212964
Cc1ccc(C(=O)Nc2cccc(C(F)(F)F)c2C)cc1-c1ccc2nc(NC3CC3)ncc2c1,1,IC50,8.22,1,CHEMBL212181
Cc1ccc(C(=O)Nc2cccc(C(F)(F)F)c2C)cc1-c1ccc2nc(Nc3ccccc3)ncc2c1,1,IC50,8.4,1,CHEMBL215863
Cc1ccc(C(=O)Nc2cccc(C(F)(F)F)c2C)cc1-c1ccc2nc(NC3CCN(C)CC3)ncc2c1,1,IC50,6.99,1,CHEMBL215691
Cc1ccc(C(=O)Nc2cccc(C(F)(F)F)c2C)cc1-c1ccc2nc(NCCN3CCCC3)ncc2c1,1,IC50,6.61,1,CHEMBL214556
Cc1ccc(C(=O)Nc2cccc(C(F)(F)F)c2C)cc1-c1ccc2nc(NCCN3CCCCC3)ncc2c1,1,IC50,6.76,1,CHEMBL384942
Cc1ccc(C(=O)Nc2cccc(C(F)(F)F)c2C)cc1-c1ccc2nc(N(C)CCCN3CCOCC3)ncc2c1,1,IC50,6.54,1,CHEMBL212195
Cc1ccc(C(=O)Nc2cccc(C(F)(F)F)c2C)cc1-c1ccc2nc(NCCCN3CCOCC3)ncc2c1,1,IC50,8.15,1,CHEMBL214530
Cc1ccc(C(=O)Nc2cccc(C(F)(F)F)c2C)cc1-c1ccc2nc(NCCN3CCOCC3)ncc2c1,1,IC50,7.82,1,CHEMBL213290
Cc1ccc(C(=O)Nc2cccc(C(F)(F)F)c2)cc1-c1ccc2nc(NCCN3CCOCC3)ncc2c1,1,IC50,9.0,1,CHEMBL215943
Cc1ccc(C(=O)Nc2cccc(C(F)(F)F)c2C)cc1-c1ccc2nc(N)ncc2c1,1,IC50,7.82,1,CHEMBL215813
Cc1ccc(C(=O)Nc2cccc(C(F)(F)F)c2)cc1-c1ccc2nc(N)ncc2c1,1,IC50,8.7,4,CHEMBL385937
CNc1ncc2cc(-c3cc(NC(=O)Nc4cccc(C(F)(F)F)c4)ccc3C)ccc2n1,1,IC50,7.28,1,CHEMBL424719
CNc1ncc2cc(-c3cc(NC(=O)c4cccc(C(F)(F)F)c4)ccc3C)ccc2n1,1,IC50,8.3,1,CHEMBL212128
CNc1ncc2cc(-c3cc(C(=O)Nc4cc(C(F)(F)F)ccc4N4CC(C)(C)C4=O)ccc3C)ccc2n1,1,IC50,6.44,1,CHEMBL385055
CCN(CC)CC(=O)Nc1ccc(C(F)(F)F)cc1NC(=O)c1ccc(C)c(-c2ccc3nc(NC)ncc3c2)c1,1,IC50,6.51,1,CHEMBL212953
CNc1ncc2cc(-c3cc(C(=O)Nc4cc(C(F)(F)F)ccc4NC(=O)NCCN4CCOCC4)ccc3C)ccc2n1,1,IC50,7.33,1,CHEMBL213831
CNc1ncc2cc(-c3cc(C(=O)Nc4cc(C(F)(F)F)ccc4N4CCN(C)C4=O)ccc3C)ccc2n1,1,IC50,6.34,1,CHEMBL385598
CNc1ncc2cc(-c3cc(C(=O)Nc4cc(C(F)(F)F)ccc4OC4CCN(C)CC4)ccc3C)ccc2n1,1,IC50,7.77,1,CHEMBL386661
CNc1ncc2cc(-c3cc(C(=O)Nc4ccc(Cl)c(C(F)(F)F)c4C)ccc3C)ccc2n1,1,IC50,7.68,1,CHEMBL212183
CNc1ncc2cc(-c3cc(C(=O)Nc4ccc(Cl)c(C(F)(F)F)c4)ccc3C)ccc2n1,1,IC50,8.52,1,CHEMBL215019
CNc1ncc2cc(-c3cc(C(=O)Nc4ccc(OC5CCN(C)CC5)cc4)ccc3C)ccc2n1,1,IC50,8.1,1,CHEMBL427226
CNc1ncc2cc(-c3cc(C(=O)Nc4cccc5c4CCC5)ccc3C)ccc2n1,1,IC50,7.32,1,CHEMBL427233
CNc1ncc2cc(-c3cc(C(=O)Nc4cccc(C(F)(F)F)c4C)ccc3C)ccc2n1,1,IC50,8.1,1,CHEMBL215969
COc1cc2c(cc1OC)Oc1ncnc(Nc3cccc(Br)c3)c1NC2,0,IC50 (>),5.0,1,CHEMBL380972
COc1cc2c(cc1OC)Oc1ncnc(Sc3cccc(Cl)c3)c1NC2,0,IC50 (>),5.0,1,CHEMBL215210
COc1cc2c(cc1OC)Oc1ncnc(Sc3cccc(Br)c3)c1NC2,0,IC50 (>),5.0,1,CHEMBL214853
COc1cc2c(cc1OC)Oc1ncnc(Oc3ccc(F)c(Cl)c3)c1N(C)C2,0,IC50 (>),5.0,1,CHEMBL425620
COc1cc2c(cc1OC)Oc1ncnc(Oc3cccc(Cl)c3F)c1NC2,0,IC50 (>),5.0,1,CHEMBL213173
COc1cc2c(cc1OC)Oc1ncnc(Oc3cccc(Br)c3)c1N(C)C2,0,IC50 (>),5.0,1,CHEMBL384067
COc1cc2c(cc1OC)Oc1ncnc(Oc3cccc(Br)c3)c1NC2,0,IC50 (>),5.0,1,CHEMBL216048
COc1cc2c(cc1OC)Oc1nc(C)nc(Nc3cccc(Cl)c3F)c1NC2,0,IC50 (>),5.0,1,CHEMBL386052
COc1cc2c(cc1OC)Oc1nc(C)nc(Nc3cccc(Br)c3)c1NC2,0,IC50 (>),5.0,1,CHEMBL380168
COc1cc2c(cc1OC)Oc1ncnc(Nc3ccc4ncsc4c3)c1NC2,0,IC50 (>),5.0,1,CHEMBL377730
COc1cc2c(cc1OC)Oc1ncnc(Nc3ccc4ccccc4c3)c1NC2,0,IC50 (>),5.0,1,CHEMBL215973
COc1cc2c(cc1OC)Oc1ncnc(Nc3ccc4c[nH]nc4c3)c1NC2,0,IC50 (>),5.0,1,CHEMBL215488
COc1cc2c(cc1OC)Oc1ncnc(Nc3ccc(F)cc3Cl)c1NC2,0,IC50 (>),5.0,1,CHEMBL384558
COc1cc2c(cc1OC)Oc1ncnc(Nc3cc(Cl)ccc3F)c1NC2,0,IC50 (>),5.0,1,CHEMBL214753
COc1cc2c(cc1OC)Oc1ncnc(Nc3cccc(Cl)c3F)c1NC2,0,IC50 (>),5.0,1,CHEMBL214868
COc1cc2c(cc1OC)Oc1ncnc(Nc3ccc(F)c(Cl)c3)c1NC2,0,IC50 (>),5.0,1,CHEMBL202970
COc1cc2c(cc1OC)Oc1ncnc(Nc3ccc(F)cc3)c1NC2,0,IC50 (>),5.0,1,CHEMBL386998
COc1cc2c(cc1OC)Oc1ncnc(Nc3ccc(Br)cc3)c1NC2,0,IC50 (>),5.0,1,CHEMBL385015
C#Cc1cccc(Nc2ncnc3c2NCc2cc(OC)c(OC)cc2O3)c1,0,IC50 (>),5.0,1,CHEMBL215071
COc1cc2c(cc1OC)Oc1ncnc(Nc3cccc(C)c3)c1NC2,0,IC50 (>),5.0,1,CHEMBL386365
CC(C)COc1cc(OC2CCN(C)CC2)c2c(Nc3c(Cl)ccc4c3OCO4)ncnc2c1,0,IC50 (>),5.0,1,CHEMBL213762
CN1CCC(Oc2cc(OCCF)cc3ncnc(Nc4c(Cl)ccc5c4OCO5)c23)CC1,0,IC50 (>),4.7,1,CHEMBL217464
Clc1ccc2c(c1Nc1ncnc3cccc(Oc4ccncc4)c13)OCO2,0,IC50 (>),4.48,1,CHEMBL215682
Clc1ccc2c(c1Nc1ncnc3cc(OCCN4CCCC4)cc(OC4CCOCC4)c13)OCO2,0,IC50 (>),5.0,1,CHEMBL385563
COc1cc(OC2CCN(C)CC2)c2c(Nc3c(Cl)ccc4c3OCO4)ncnc2c1,0,IC50,4.67,1,CHEMBL214665
COc1ccc(Cl)c(Nc2ncnc3cc(OCC4CCN(C)CC4)c(OC)cc23)c1,1,IC50,6.17,1,CHEMBL426161
CN1CCN(CCOc2cc(OC3CCOCC3)c3c(Nc4c(Cl)ccc5c4OCO5)ncnc3c2)CC1,0,IC50,4.68,2,CHEMBL217092
CN1CCN(CCCOc2cc(OC3CCOCC3)c3c(Nc4c(Cl)ccc5c4OCO5)ncnc3c2)CC1,1,IC50,6.0,1,CHEMBL216693
COc1cc(Oc2ccncc2)c2c(Nc3c(Cl)ccc4c3OCO4)ncnc2c1,0,IC50,4.67,1,CHEMBL217091
COc1ccc(Cl)c(Nc2ncnc3cc(OCCCN4CCN(C)CC4)cc(OC4CCOCC4)c23)c1,1,IC50,7.4,1,CHEMBL262371
c1cc(Nc2ncnc3cc(OCCN4CCCC4)cc(OC4CCOCC4)c23)c2c(c1)OCCO2,1,IC50,7.3,1,CHEMBL266188
c1cc(Nc2ncnc3cc(OCCN4CCCC4)cc(OC4CCOCC4)c23)c2c(c1)OCO2,1,IC50,6.19,1,CHEMBL385958
COc1cc(OC2CCN(C)CC2)c2c(Nc3cccc4c3OCCO4)ncnc2c1,1,IC50,6.3,1,CHEMBL262721
c1cc(Nc2ncnc3cc(OCCCN4CCCC4)cc(OC4CCOCC4)c23)c2c(c1)OCO2,1,IC50,7.0,1,CHEMBL214893
COc1ccc(Cl)c(Nc2ncnc3cc(OCCCN4CCOCC4)cc(OC4CCOC4)c23)c1,1,IC50,7.3,1,CHEMBL216703
CO[C@@H](C(=O)N1Cc2[nH]nc(NC(=O)c3ccc(N4CCN(C)CC4)cc3)c2C1)c1ccccc1,1,IC50,6.37,1,CHEMBL402548
CCCn1c2ccc(NC(=O)N(C)c3ccccc3)cc2c2c3c(c4c(c21)CCc1nn(C)cc1-4)C(=O)NC3,1,IC50,8.15,1,CHEMBL219293
COc1cccc(NC(=O)Nc2ccc3c(c2)c2c4c(c5c(c2n3CC(C)C)CCc2nn(C)cc2-5)C(=O)NC4)c1,1,IC50,7.6,1,CHEMBL218817
CCCn1c2ccc(N)cc2c2c3c(c4c(c21)CCc1nn(C)cc1-4)C(=O)NC3,1,IC50,8.05,1,CHEMBL373397
CCCn1c2ccc(NC(=O)Nc3ccccc3)cc2c2c3c(c4c(c21)CCc1nn(C)cc1-4)C(=O)NC3,1,IC50,7.8,1,CHEMBL216891
CCCn1c2ccc(NC(=O)Nc3cc(C(F)(F)F)ccc3F)cc2c2c3c(c4c(c21)CCc1nn(C)cc1-4)C(=O)NC3,1,IC50,6.8,1,CHEMBL437876
CCCn1c2ccc(NC(=O)Nc3cc(C)ccc3F)cc2c2c3c(c4c(c21)CCc1nn(C)cc1-4)C(=O)NC3,1,IC50,7.54,1,CHEMBL218252
CCCn1c2ccc(NC(=O)Nc3cccs3)cc2c2c3c(c4c(c21)CCc1nn(C)cc1-4)C(=O)NC3,1,IC50,7.68,1,CHEMBL219555
CCCn1c2ccc(NC(=O)Nc3ccc(C)cc3)cc2c2c3c(c4c(c21)CC(C=N)=CC4)C(=O)NC3,1,IC50,8.1,1,CHEMBL387174
CCCn1c2ccc(NC(=O)Nc3ccc(N(C)C)cc3)cc2c2c3c(c4c(c21)CCc1nn(C)cc1-4)C(=O)NC3,1,IC50,7.62,1,CHEMBL375311
CCCn1c2ccc(NC(=O)Nc3ccc(SC)cc3)cc2c2c3c(c4c(c21)CCc1nn(C)cc1-4)C(=O)NC3,1,IC50,7.85,1,CHEMBL219332
CCCCn1c2ccc(NC(=O)Nc3ccc(OC)cc3)cc2c2c3c(c4c(c21)CCc1nn(C)cc1-4)C(=O)NC3,1,IC50,7.0,1,CHEMBL374736
COc1ccc(NC(=O)Nc2ccc3c(c2)c2c4c(c5c(c2n3CC(C)C)CCc2nn(C)cc2-5)C(=O)NC4)cc1,1,IC50,7.75,1,CHEMBL218816
CCCn1c2ccc(NC(=O)Nc3ccc(OC)cc3)cc2c2c3c(c4c(c21)CCc1nn(C)cc1-4)C(=O)NC3,1,IC50,7.8,1,CHEMBL218201
CCn1c2ccc(NC(=O)Nc3ccc(OC)cc3)cc2c2c3c(c4c(c21)CCc1nn(C)cc1-4)C(=O)NC3,1,IC50,7.96,1,CHEMBL424757
CC(C)Cn1c2ccc(N)cc2c2c3c(c4c(c21)CCc1nn(C)cc1-4)C(=O)NC3,1,IC50,7.96,1,CHEMBL218799
CCCn1c2ccc(NC(=O)Nc3ccccc3Br)cc2c2c3c(c4c(c21)CCc1nn(C)cc1-4)C(=O)NC3,1,IC50,8.0,1,CHEMBL375570
CCCn1c2ccc(NC(=O)Nc3ccccc3Cl)cc2c2c3c(c4c(c21)CCc1nn(C)cc1-4)C(=O)NC3,1,IC50,8.05,1,CHEMBL219253
CCCn1c2ccc(NC(=O)Nc3ccc(Cl)cc3)cc2c2c3c(c4c(c21)CCc1nn(C)cc1-4)C(=O)NC3,1,IC50,7.32,1,CHEMBL219581
CCCn1c2ccc(NC(=O)Nc3ccccc3F)cc2c2c3c(c4c(c21)CCc1nn(C)cc1-4)C(=O)NC3,1,IC50,8.05,1,CHEMBL424910
CCCn1c2ccc(NC(=O)Nc3cccc(F)c3)cc2c2c3c(c4c(c21)CCc1nn(C)cc1-4)C(=O)NC3,1,IC50,7.92,1,CHEMBL426528
CCCn1c2ccc(NC(=O)Nc3ccc(F)cc3)cc2c2c3c(c4c(c21)CCc1nn(C)cc1-4)C(=O)NC3,1,IC50,7.92,1,CHEMBL374745
COc1ccccc1NC(=O)Nc1ccc2c(c1)c1c3c(c4c(c1n2CC(C)C)CCc1nn(C)cc1-4)C(=O)NC3,1,IC50,7.39,1,CHEMBL265600
CCCOC(=O)Nc1ccc2c(c1)c1c3c(c4c(c1n2CCC)CCc1nn(C)cc1-4)C(=O)NC3,1,IC50,8.52,1,CHEMBL373575
CCCn1c2ccc(NC(=O)OCC)cc2c2c3c(c4c(c21)CCc1nn(C)cc1-4)C(=O)NC3,1,IC50,8.7,1,CHEMBL219493
CCCn1c2ccc(NC(=O)OC(C)C)cc2c2c3c(c4c(c21)CCc1nn(C)cc1-4)C(=O)NC3,1,IC50,8.3,1,CHEMBL219492
CCCn1c2ccc(NC(=O)Oc3ccc(F)cc3)cc2c2c3c(c4c(c21)CCc1nn(C)cc1-4)C(=O)NC3,1,IC50,7.34,1,CHEMBL265284
CCCn1c2ccc(NC(=O)Oc3ccc(OC)cc3)cc2c2c3c(c4c(c21)CCc1nn(C)cc1-4)C(=O)NC3,1,IC50,7.92,1,CHEMBL218557
CC(C)Cn1c2ccc(NC(=O)c3ccco3)cc2c2c3c(c4c(c21)CCc1nn(C)cc1-4)C(=O)NC3,1,IC50,8.3,1,CHEMBL219080
CCCn1c2ccc(NC(=O)c3ccco3)cc2c2c3c(c4c(c21)CCc1nn(C)cc1-4)C(=O)NC3,1,IC50,8.52,1,CHEMBL425109
CC(C)Cn1c2ccc(NC(=O)c3cccs3)cc2c2c3c(c4c(c21)CCc1nn(C)cc1-4)C(=O)NC3,1,IC50,8.15,1,CHEMBL426703
CCCn1c2ccc(NC(=O)c3cccs3)cc2c2c3c(c4c(c21)CCc1nn(C)cc1-4)C(=O)NC3,1,IC50,8.4,1,CHEMBL220406
CCCCn1c2ccc(N)cc2c2c3c(c4c(c21)CCc1nn(C)cc1-4)C(=O)NC3,1,IC50,7.06,1,CHEMBL219543
Cc1cccc(C)c1-c1cc(C)c2nc(Nc3ccc(OCCN4CCCC4)cc3)nnc2c1,1,IC50,6.26,2,CHEMBL436137
CO/N=C/c1c(N)ncnc1Oc1ccc2ncccc2c1,1,IC50,6.16,1,CHEMBL220523
CO/N=C/c1c(N)ncnc1Oc1cc2cc[nH]c2cc1F,1,IC50,6.92,1,CHEMBL223622
CO/N=C/c1c(N)ncnc1Oc1ccc2[nH]ccc2c1F,1,IC50,6.93,1,CHEMBL374240
CO/N=C/c1c(N)ncnc1Oc1ccc2[nH]c(C)cc2c1,1,IC50,6.84,1,CHEMBL223486
CO/N=C/c1c(N)ncnc1Oc1ccc2[nH]ccc2c1,1,IC50,6.84,2,CHEMBL387313
Cc1cc2c(F)c(Oc3ncnc(N)c3/C=N/OCCCO)ccc2[nH]1,1,IC50,7.96,1,CHEMBL222076
Cc1cc2c(F)c(Oc3ncnc(N)c3/C=N/OCCO)ccc2[nH]1,1,IC50,7.36,1,CHEMBL220890
Cc1cc2c(F)c(Oc3ncnc(N)c3/C=N/O)ccc2[nH]1,1,IC50,7.48,1,CHEMBL220988
COCCCO/N=C/c1c(N)ncnc1Oc1ccc2[nH]c(C)cc2c1F,1,IC50,7.21,1,CHEMBL220951
COCCO/N=C/c1c(N)ncnc1Oc1ccc2[nH]c(C)cc2c1F,1,IC50,7.62,1,CHEMBL219983
Cc1cc2c(F)c(Oc3ncnc(N)c3/C=N/OCCCN(C)C)ccc2[nH]1,1,IC50,7.0,1,CHEMBL220444
Cc1cc2c(F)c(Oc3ncnc(N)c3/C=N/OCCN3CCOCC3)ccc2[nH]1,1,IC50,7.41,1,CHEMBL220391
Cc1cc2c(F)c(Oc3ncnc(N)c3/C=N/OCCN3CCCC3)ccc2[nH]1,1,IC50,6.67,1,CHEMBL223086
Cc1cc2c(F)c(Oc3ncnc(N)c3/C=N/OCCN(C)C)ccc2[nH]1,1,IC50,6.73,1,CHEMBL222828
CNCCO/N=C/c1c(N)ncnc1Oc1ccc2[nH]c(C)cc2c1F,1,IC50,7.03,1,CHEMBL223535
Cc1cc2c(F)c(Oc3ncnc(N)c3/C=N/OCc3ccccc3)ccc2[nH]1,1,IC50,6.7,1,CHEMBL435748
Cc1cc2c(F)c(Oc3ncnc(N)c3/C=N/OCC3CCCCC3)ccc2[nH]1,1,IC50,6.38,1,CHEMBL219677
C#CCO/N=C/c1c(N)ncnc1Oc1ccc2[nH]c(C)cc2c1F,1,IC50,7.28,1,CHEMBL219676
C=CCO/N=C/c1c(N)ncnc1Oc1ccc2[nH]c(C)cc2c1F,1,IC50,7.28,1,CHEMBL221224
CCCCO/N=C/c1c(N)ncnc1Oc1ccc2[nH]c(C)cc2c1F,1,IC50,6.94,1,CHEMBL373826
CCCO/N=C/c1c(N)ncnc1Oc1ccc2[nH]c(C)cc2c1F,1,IC50,7.37,1,CHEMBL426929
CCO/N=C/c1c(N)ncnc1Oc1ccc2[nH]c(C)cc2c1F,1,IC50,7.38,1,CHEMBL223892
CNc1ncnc(-c2cccnc2Oc2ccc(F)c(C(=O)Nc3cc(C(F)(F)F)ccc3N3CCCCC3)c2)n1,0,IC50 (>),4.6,1,CHEMBL221087
Cc1ccc(C(=O)Nc2cccc(C(F)(F)F)c2)cc1Nc1ncccc1-c1ccncn1,1,IC50,8.4,2,CHEMBL385956
CNc1ncnc(-c2cccnc2Oc2ccc(F)c(C(=O)Nc3cc(C4CC4)ccc3N(C)CCCN(C)C)c2)n1,0,IC50 (>),4.6,1,CHEMBL375793
CNc1ncnc(-c2cc(C)cnc2Oc2cc(C(=O)Nc3cc(C(F)(F)F)ccc3N3CCCCC3)ccc2C)n1,0,IC50 (>),4.6,1,CHEMBL219218
CNc1ncnc(-c2cccnc2Oc2cc(C(=O)Nc3cccc(C(F)(F)F)c3)ccc2C)n1,1,IC50,7.01,1,CHEMBL426211
CNc1nccc(-c2cccnc2Oc2ccc(F)c(C(=O)Nc3cc(C(F)(F)F)ccc3N(C)CCCN(C)C)c2)n1,1,IC50,7.34,1,CHEMBL218646
CNc1nccc(-c2cccnc2Oc2ccc(F)c(C(=O)Nc3cc(C(F)(F)F)ccc3N3CCCCC3)c2)n1,0,IC50 (>),4.6,1,CHEMBL219583
CNc1nccc(-c2cccnc2Oc2cc(C(=O)Nc3cc(C(F)(F)F)ccc3N3CCCCC3)ccc2C)n1,1,IC50,6.34,1,CHEMBL218576
CNc1nccc(-c2cccnc2Oc2cc(C(=O)Nc3cc(C(F)(F)F)ccc3N3CCCCC3)ccc2Cl)n1,1,IC50,6.17,1,CHEMBL374997
COc1ccc(C2CCCCC2)cc1NC(=O)c1ccc(C)c(Oc2ncccc2-c2ncnc3cc(OC)c(OC)cc23)c1,0,IC50 (>),4.6,1,CHEMBL375792
COc1ccc(C2CCCCC2)cc1NC(=O)c1ccc(C)c(Oc2ncccc2-c2ccnc3ccccc23)c1,0,IC50 (>),4.6,1,CHEMBL375577
CNc1cc(-c2cccnc2Oc2cc(C(=O)Nc3cc(C4CCCCC4)ccc3OC)ccc2C)ccn1,0,IC50 (>),4.6,1,CHEMBL218040
CNc1ncnc(-c2cccnc2Oc2cc(C(=O)Nc3cc(C4CCCCC4)ccc3OC)ccc2C)n1,0,IC50 (>),4.6,1,CHEMBL220640
CNc1nccc(-c2cccnc2Oc2cc(C(=O)Nc3cc(C4CCCCC4)ccc3OC)ccc2C)n1,1,IC50,7.16,1,CHEMBL220550
CNc1nccc(-c2cccnc2Oc2cc(C(=O)Nc3cc(C(F)(F)F)ccc3N3CCOCC3)ccc2C)n1,1,IC50,6.51,2,CHEMBL219158
Cc1ccc(C(=O)Nc2cc(C(F)(F)F)ccc2N2CCOCC2)cc1Oc1ncccc1-c1ccncn1,0,IC50 (>),4.6,1,CHEMBL220052
CNc1nccc(-c2cccnc2Oc2cc(C(=O)Nc3cccc(C(F)(F)F)c3)ccc2C)n1,1,IC50,8.52,2,CHEMBL218632
COc1ccc(C(F)(F)F)cc1NC(=O)c1ccc(C)c(Oc2ncccc2-c2ccncn2)c1,1,IC50,7.0,1,CHEMBL220549
Cc1ccc(C(=O)Nc2ccc(C(F)(F)F)cc2)cc1Oc1ncccc1-c1ccncn1,1,IC50,6.15,1,CHEMBL375447
Cc1ccc(C(=O)Nc2cccc(C(F)(F)F)c2)cc1Oc1ncccc1-c1ccncn1,1,IC50,7.23,1,CHEMBL218425
Cc1ccc(C(=O)Nc2cc(C(F)(F)F)ccc2N2CCCCC2)cc1Nc1ncccc1-c1ccncn1,0,IC50 (>),4.6,1,CHEMBL373682
COc1ccc(C(F)(F)F)cc1NC(=O)c1ccc(C)c(Nc2ncccc2-c2ccncn2)c1,1,IC50,7.24,1,CHEMBL219996
Cc1ccc(C(=O)Nc2cc(CCCN(C)C)cc(C(F)(F)F)c2)cc1Nc1ncccc1-c1ccncn1,1,IC50,8.7,3,CHEMBL221484
Cc1ccc(C(=O)Nc2ccc(C(F)(F)F)cc2)cc1Nc1ncccc1-c1ccncn1,1,IC50,6.75,1,CHEMBL222067
COc1cc(Nc2ncnc(-c3cccnc3Nc3cccc(C(=O)Nc4ccc(Oc5ccccc5)cc4)c3)n2)cc(OC)c1OC,1,IC50,7.42,1,CHEMBL220540
O=C(Nc1ccc(Oc2ccccc2)cc1)c1cccnc1NCc1ccncc1,1,IC50,7.42,2,CHEMBL385178
Cc1ccc(C(=O)Nc2ccccc2)cc1Nc1ncccc1-c1ccncn1,1,IC50,6.36,1,CHEMBL221121
Cc1ccc(C(=O)Nc2cccc(C(F)(F)F)c2)cc1C#Cc1cnc(N)nc1,1,IC50,8.7,1,CHEMBL427998
CN(C)[C@@H]1CCN(c2ccc(C(F)(F)F)cc2NC(=O)c2cc(C#Cc3cnc(N)nc3)ccc2F)C1,1,IC50,6.05,1,CHEMBL221544
Nc1ncc(C#Cc2ccc(F)c(C(=O)Nc3cc(C(F)(F)F)ccc3N3CCC[C@H](N)C3)c2)cn1,1,IC50,6.1,1,CHEMBL374079
CN[C@H]1CCCN(c2ccc(C(F)(F)F)cc2NC(=O)c2cc(C#Cc3cnc(N)nc3)ccc2F)C1,1,IC50,6.0,1,CHEMBL220532
CN(C)[C@@H]1CCCN(c2ccc(C(F)(F)F)cc2NC(=O)c2cc(C#Cc3cnc(N)nc3)ccc2F)C1,1,IC50,6.09,1,CHEMBL218110
CN(C)C1CCN(c2ccc(C(F)(F)F)cc2NC(=O)c2cc(C#Cc3cnc(N)nc3)ccc2F)CC1,1,IC50,6.77,1,CHEMBL221193
CN(C)CCCN(C)c1ccc(C(F)(F)F)cc1NC(=O)c1cc(C#Cc2cnc(N)nc2)ccc1F,1,IC50,7.96,1,CHEMBL373621
COc1ccc(C#Cc2cnc(N)nc2)cc1C(=O)Nc1cc(C(F)(F)F)ccc1N1CCCCC1,1,IC50,6.41,1,CHEMBL375617
Nc1ncc(C#Cc2ccc(F)c(C(=O)Nc3cc(C(F)(F)F)ccc3N3CCCCC3)c2)cn1,1,IC50,6.32,1,CHEMBL374985
Nc1ncc(C#Cc2ccc(F)c(C(=O)Nc3cccc(C(F)(F)F)c3)c2)cn1,1,IC50,8.22,1,CHEMBL218631
Cc1ccc(C(=O)Nc2cccc(C(F)(F)F)c2)cc1C#Cc1cnc2ccccc2n1,1,IC50,8.4,1,CHEMBL221019
Cc1ccc(C(=O)Nc2cccc(C(F)(F)F)c2)cc1C#Cc1cnc2ccccc2c1,1,IC50,9.0,1,CHEMBL219584
CNC(=O)c1ccc(C#Cc2cc(C(=O)Nc3cccc(C(F)(F)F)c3)ccc2C)cn1,1,IC50,6.77,1,CHEMBL450024
Cc1ccc(C(=O)Nc2cccc(C(F)(F)F)c2)cc1C#Cc1ccc(N)nc1,1,IC50,9.0,1,CHEMBL220874
COC(=O)[C@]1(O)C[C@@H]2O[C@@]1(C)n1c3ccccc3c3c4c(c5c6ccccc6n2c5c31)C(=O)NC4,1,IC50,7.37,1,CHEMBL416056
Nc1n[nH]c2cccc(-c3ccc(NC(=O)C4CCCCC4)cc3)c12,1,IC50,7.07,1,CHEMBL222315
Nc1n[nH]c2cccc(-c3ccc(NC(=O)NC4CCCC4)cc3)c12,1,IC50,6.82,1,CHEMBL426887
Nc1n[nH]c2cccc(-c3ccc(NC(=O)Nc4ccsc4)cc3)c12,1,IC50,7.82,1,CHEMBL376307
Cc1cccc(NC(=O)Nc2ccc(-c3cccc4[nH]nc(N)c34)cc2)c1,1,IC50,8.52,3,CHEMBL220057
Nc1n[nH]c2cccc(-c3ccc(NC(=O)Nc4ccccc4)cc3)c12,1,IC50,7.19,3,CHEMBL219722
Nc1n[nH]c2cccc(-c3ccc(NC(=O)c4ccccc4)cc3)c12,0,IC50 (>),4.9,1,CHEMBL223185
Nc1n[nH]c2cccc(-c3ccc(NC(=O)Nc4cc(C(F)(F)F)ccc4F)cc3)c12,1,IC50,7.05,2,CHEMBL223361
Cc1ccc(NC(=O)Nc2ccc(-c3cccc4[nH]nc(N)c34)cc2)cc1F,1,IC50,7.44,2,CHEMBL426004
Cc1cc(NC(=O)Nc2ccc(-c3cccc4[nH]nc(N)c34)cc2)ccc1F,1,IC50,8.4,3,CHEMBL374044
Cc1ccc(F)c(NC(=O)Nc2ccc(-c3cccc4[nH]nc(N)c34)cc2)c1,1,IC50,8.64,17,CHEMBL223360
Nc1n[nH]c2cccc(-c3ccc(NC(=O)Nc4cccc(O)c4)cc3)c12,1,IC50,7.26,1,CHEMBL223304
Nc1n[nH]c2cccc(-c3ccc(NC(=O)Nc4cccc(C(F)(F)F)c4)cc3)c12,1,IC50,8.05,3,CHEMBL424943
Nc1n[nH]c2cccc(-c3ccc(NC(=O)Nc4cccc(Br)c4)cc3)c12,1,IC50,7.44,1,CHEMBL222728
Nc1n[nH]c2cccc(-c3ccc(NC(=O)Nc4cccc(Cl)c4)cc3)c12,1,IC50,8.1,2,CHEMBL375670
CCc1cccc(NC(=O)Nc2ccc(-c3cccc4[nH]nc(N)c34)cc2)c1,1,IC50,8.22,1,CHEMBL221053
Cc1ccc(NC(=O)Nc2ccc(-c3cccc4[nH]nc(N)c34)cc2)cc1,1,IC50,7.92,2,CHEMBL374330
Cc1ccccc1NC(=O)Nc1ccc(-c2cccc3[nH]nc(N)c23)cc1,1,IC50,7.1,2,CHEMBL376077
Nc1n[nH]c2cccc(-c3ccc(NC(=O)Nc4ccc(F)cc4)cc3)c12,1,IC50,7.17,1,CHEMBL220049
Nc1n[nH]c2cccc(-c3ccc(NC(=O)Nc4cccc(F)c4)cc3)c12,1,IC50,7.64,2,CHEMBL373798
Nc1n[nH]c2cccc(-c3ccc(NC(=O)Nc4ccccc4F)cc3)c12,1,IC50,7.09,1,CHEMBL223583
Cc1cccc(NC(=O)Nc2ccc(-c3cccc4c3c(N)nn4CCO)cc2)c1,1,IC50,6.22,1,CHEMBL219999
Cc1cccc(NC(=O)Nc2ccc(-c3cccc4c3c(N)nn4C)cc2)c1,1,IC50,7.96,2,CHEMBL387312
Cc1cccc(NC(=O)Nc2ccc(-c3ccc(CN4CCOCC4)c4[nH]nc(N)c34)cc2)c1,1,IC50,6.41,1,CHEMBL223572
COCCOc1ccc(-c2ccc(NC(=O)Nc3cccc(C)c3)cc2)c2c(N)n[nH]c12,1,IC50,7.82,2,CHEMBL223528
Cc1cccc(NC(=O)Nc2ccc(-c3ccc(OCCN4CCCC4=O)c4[nH]nc(N)c34)cc2)c1,1,IC50,7.6,1,CHEMBL376245
Cc1cccc(NC(=O)Nc2ccc(-c3ccc(OCCN4CCOCC4)c4[nH]nc(N)c34)cc2)c1,1,IC50,7.68,2,CHEMBL223478
Cc1cccc(NC(=O)Nc2ccc(-c3ccc(OCCN4CCCC4)c4[nH]nc(N)c34)cc2)c1,1,IC50,7.51,1,CHEMBL223790
CCN(CC)CCOc1ccc(-c2ccc(NC(=O)Nc3cccc(C)c3)cc2)c2c(N)n[nH]c12,1,IC50,7.46,1,CHEMBL219774
Cc1cccc(NC(=O)Nc2ccc(-c3ccc(OCCN(C)C)c4[nH]nc(N)c34)cc2)c1,1,IC50,7.92,2,CHEMBL438653
Cc1cccc(NC(=O)Nc2ccc(-c3ccc(Br)c4[nH]nc(N)c34)cc2)c1,1,IC50,8.0,1,CHEMBL219727
Cc1cccc(NC(=O)Nc2ccc(-c3ccc(F)c4[nH]nc(N)c34)cc2)c1,1,IC50,8.3,1,CHEMBL374752
COc1ccc(-c2ccc(NC(=O)Nc3cccc(C)c3)cc2)c2c(N)n[nH]c12,1,IC50,7.58,1,CHEMBL219998
Cc1cccc(NC(=O)Nc2ccc(-c3ccc(C)c4[nH]nc(N)c34)cc2)c1,1,IC50,8.52,1,CHEMBL219887
CCN(CC)CCOn1nc(N)c2c(-c3ccc(NC(=O)Nc4cc(C)ccc4F)cc3)cccc21,1,IC50,7.82,2,CHEMBL221574
COCCOn1nc(N)c2c(-c3ccc(NC(=O)Nc4cc(C)ccc4F)cc3)cccc21,1,IC50,7.68,2,CHEMBL222817
COCCOn1nc(N)c2c(-c3ccc(NC(=O)Nc4cccc(Cl)c4)cc3)cccc21,1,IC50,7.89,2,CHEMBL223129
Cc1cccc(NC(=O)Nc2ccc(-c3cccc4[nH]ncc34)cc2)c1,1,IC50,7.75,2,CHEMBL375284
Cc1cccc(NC(=O)Nc2ccc(-c3cccc4c3cnn4C)cc2)c1,1,IC50,6.33,1,CHEMBL222974
CC(=O)Nc1nn(C)c2cccc(-c3ccc(NC(=O)Nc4cccc(C)c4)cc3)c12,0,IC50,4.92,1,CHEMBL373435
CONC(=O)c1ccc(C)c(Nc2nc(N(C)CC(C)(C)C)nc(N3CCCN(C)CC3)n2)c1,0,IC50 (>),5.0,1,CHEMBL225088
CNC(=O)N1CCN(Cc2ccnc(Nc3ncc(C#N)s3)c2C)CC1,1,IC50,7.92,3,CHEMBL376722
CS(=O)(=O)C1CCN(Cc2ccnc(Nc3ncc(C#N)s3)c2)CC1,1,IC50,8.15,3,CHEMBL224842
N#Cc1cnc(Nc2cc(CN3CCN(C(=O)CO)CC3)ccn2)s1,1,IC50,8.05,3,CHEMBL222852
CNC(=O)N1CCN(Cc2ccnc(Nc3ncc(C#N)s3)c2)CC1,1,IC50,7.92,3,CHEMBL375248
CN(C)C(=O)N1CCN(Cc2ccnc(Nc3ncc(C#N)s3)c2)CC1,1,IC50,8.0,3,CHEMBL221468
N#Cc1cnc(Nc2cc(CN3CCN(C(N)=O)CC3)ccn2)s1,1,IC50,8.1,3,CHEMBL375306
N#Cc1cnc(Nc2cc(CN3CCOCC3)ccn2)s1,1,IC50,8.1,3,CHEMBL373693
N#Cc1cnc(Nc2cc(CN3CCNCC3)ccn2)s1,1,IC50,7.89,3,CHEMBL222225
CC(=O)N1CCN(Cc2ccnc(Nc3ncc(C#N)s3)c2)CC1,1,IC50,7.89,3,CHEMBL224036
CS(=O)(=O)N1CCN(Cc2ccnc(Nc3ncc(-c4ccccc4)s3)c2)CC1,1,IC50,8.7,3,CHEMBL224035
CC(=O)N1CCN(Cc2ccnc(Nc3ncc(-c4ccccc4)s3)c2)CC1,1,IC50,8.1,3,CHEMBL221926
c1ccc(-c2cnc(Nc3cc(CN4CCCC4)ccn3)s2)cc1,1,IC50,8.52,3,CHEMBL221875
CCCC#Cc1cc(-c2n[nH]c3c2Cc2cc(CN4CCN(C)CC4)ccc2-3)cs1,1,IC50,7.12,2,CHEMBL223997
CN1CCN(Cc2ccc3c(c2)-c2[nH]nc(-c4csc(C#CCOc5ccccc5)c4)c2C3)CC1,1,IC50,7.38,2,CHEMBL224496
CN1CCN(Cc2ccc3c(c2)Cc2c(-c4cc(C#CCOc5ccccc5)cs4)n[nH]c2-3)CC1,1,IC50,7.3,2,CHEMBL375491
CN1CCN(Cc2ccc3c(c2)Cc2c(-c4ccc(C#CCOc5ccccc5)s4)n[nH]c2-3)CC1,1,IC50,7.66,2,CHEMBL375890
CN1CCN(Cc2ccc3c(c2)Cc2c(-c4csc(C#CCNC(=O)c5ccccc5)c4)n[nH]c2-3)CC1,1,IC50,8.52,2,CHEMBL225311
CN1CCN(Cc2ccc3c(c2)Cc2c(-c4csc(C#CCNc5ccccc5)c4)n[nH]c2-3)CC1,1,IC50,7.55,2,CHEMBL426009
CN1CCN(Cc2ccc3c(c2)Cc2c(-c4csc(C#CCCc5ccccc5)c4)n[nH]c2-3)CC1,1,IC50,7.32,2,CHEMBL223998
CN1CCN(Cc2ccc3c(c2)Cc2c(-c4csc(C#CCOc5cccnc5)c4)n[nH]c2-3)CC1,1,IC50,7.36,2,CHEMBL223219
Cc1ccc(OCC#Cc2cc(-c3n[nH]c4c3Cc3cc(CN5CCN(C)CC5)ccc3-4)cs2)cc1C,1,IC50,7.48,2,CHEMBL224497
CN1CCN(Cc2ccc3c(c2)Cc2c(-c4csc(C#CCOc5ccc(Cl)cc5)c4)n[nH]c2-3)CC1,1,IC50,7.11,2,CHEMBL387929
CN1CCN(Cc2ccc3c(c2)Cc2c(-c4csc(C#CCOc5cccc(Cl)c5)c4)n[nH]c2-3)CC1,1,IC50,7.44,2,CHEMBL225319
CN1CCN(Cc2ccc3c(c2)Cc2c(-c4csc(C#CCOc5ccccc5Cl)c4)n[nH]c2-3)CC1,1,IC50,7.0,2,CHEMBL225318
CN1CCN(Cc2ccc3c(c2)Cc2c(-c4csc(C#CCCOc5ccccc5)c4)n[nH]c2-3)CC1,1,IC50,7.07,2,CHEMBL225090
COCC#Cc1cc(-c2n[nH]c3c2Cc2cc(CN4CCN(C)CC4)ccc2-3)cs1,1,IC50,8.1,2,CHEMBL225036
CN1CCN(Cc2ccc3c(c2)Cc2c(-c4csc(C#CCCO)c4)n[nH]c2-3)CC1,1,IC50,8.1,2,CHEMBL225639
CC#Cc1cc(-c2n[nH]c3c2Cc2cc(CN4CCN(C)CC4)ccc2-3)cs1,1,IC50,6.0,1,CHEMBL223943
CN1CCN(Cc2ccc3c(c2)Cc2c(-c4ccc(C#CCOc5ccccc5)cc4)n[nH]c2-3)CC1,1,IC50,6.02,1,CHEMBL434180
CN1CCN(Cc2ccc3c(c2)Cc2c(-c4cccc(C#CCOc5ccccc5)c4)n[nH]c2-3)CC1,1,IC50,6.97,1,CHEMBL375692
CN1CCN(Cc2ccc3c(c2)Cc2c(-c4csc(C#CCOc5ccccc5)c4)n[nH]c2-3)CC1,1,IC50,8.22,2,CHEMBL390156
CN1CCN(Cc2ccc3c(c2)Cc2c(Nc4ccccc4)n[nH]c2-3)CC1,0,IC50 (>),4.3,1,CHEMBL223551
COCCOCC#Cc1cc(-c2n[nH]c3c2C(=O)c2cc(CN4CCN(C)CC4)ccc2-3)cs1,1,IC50,8.0,3,CHEMBL387971
COCCOCC#Cc1cc(-c2n[nH]c3c2Cc2ccc(Cn4cncn4)cc2-3)cs1,1,IC50,8.3,2,CHEMBL223971
COCCOCC#Cc1cc(-c2n[nH]c3c2Cc2cc(Cn4cncn4)ccc2-3)cs1,1,IC50,7.85,2,CHEMBL445404
COCCOCC#Cc1cc(-c2n[nH]c3c2Cc2ccc(CN4CCN(C)CC4)cc2-3)cs1,1,IC50,7.52,2,CHEMBL225335
COCCOCC#Cc1cc(-c2n[nH]c3c2Cc2cc(CN4CCN(C)CC4)ccc2-3)cs1,1,IC50,7.6,2,CHEMBL225193
CN1CCN(Cc2ccc3c(c2)Cc2c(-c4csc(C#CCOc5ccc(CN6CCOCC6)cc5)c4)n[nH]c2-3)CC1,1,IC50,7.08,1,CHEMBL225240
C(#Cc1cc(-c2n[nH]c3c2Cc2cc(Cn4cncn4)ccc2-3)cs1)COc1ccccc1,1,IC50,7.82,2,CHEMBL224918
C(#Cc1cc(-c2n[nH]c3c2Cc2cc(Cn4ccnn4)ccc2-3)cs1)COc1ccccc1,1,IC50,6.91,2,CHEMBL224917
C(#Cc1cc(-c2n[nH]c3c2Cc2cc(Cn4cccn4)ccc2-3)cs1)COc1ccccc1,1,IC50,7.7,2,CHEMBL224889
C(#Cc1cc(-c2n[nH]c3c2Cc2cc(Cn4ccnc4)ccc2-3)cs1)COc1ccccc1,1,IC50,6.71,1,CHEMBL224834
CN(C)C(=O)COc1ccc2c(c1)Cc1c(-c3csc(C#CCOc4ccccc4)c3)n[nH]c1-2,1,IC50,8.0,2,CHEMBL374690
COCCOc1ccc2c(c1)Cc1c(-c3csc(C#CCOc4ccccc4)c3)n[nH]c1-2,1,IC50,7.4,2,CHEMBL223604
C(#Cc1cc(-c2n[nH]c3c2Cc2cc(CN4CCSC4)ccc2-3)cs1)COc1ccccc1,1,IC50,8.0,2,CHEMBL224027
CN1CCN(C(=O)c2ccc3c(c2)Cc2c(-c4csc(C#CCOc5ccccc5)c4)n[nH]c2-3)CC1,1,IC50,7.54,2,CHEMBL390735
CN1CCN(Cc2ccc3c(c2)Cc2c(-c4csc(C#CCOc5ccccc5)c4)n[nH]c2-3)C(=O)C1,1,IC50,8.7,2,CHEMBL225334
CN1CCN(Cc2ccc3c(c2)Cc2c(-c4csc(C#CCOc5ccccc5)c4)n[nH]c2-3)CC1=O,1,IC50,7.96,2,CHEMBL225278
NC(=O)N1CCN(Cc2ccc3c(c2)Cc2c(-c4csc(C#CCOc5ccccc5)c4)n[nH]c2-3)CC1,1,IC50,8.05,2,CHEMBL225261
CN1CCC(Cc2ccc3c(c2)Cc2c(-c4csc(C#CCOc5ccccc5)c4)n[nH]c2-3)CC1,1,IC50,7.96,2,CHEMBL223999
CC1CCN(Cc2ccc3c(c2)Cc2c(-c4csc(C#CCOc5ccccc5)c4)n[nH]c2-3)CC1,1,IC50,7.16,2,CHEMBL387972
CN1CCN(CCc2ccc3c(c2)Cc2c(-c4csc(C#CCOc5ccccc5)c4)n[nH]c2-3)CC1,1,IC50,8.3,2,CHEMBL390353
CN1CCN(c2ccc3c(c2)Cc2c(-c4csc(C#CCOc5ccccc5)c4)n[nH]c2-3)CC1,1,IC50,8.0,2,CHEMBL224547
CN1CCN(Cc2ccc3c(c2)Cc2c(-c4csc(C#CCNC(=O)Nc5ccccc5)c4)n[nH]c2-3)CC1,1,IC50,7.96,2,CHEMBL225336
CN1CCN(Cc2ccc3c(c2)Cc2c(-c4csc(C#CCNC(=O)Oc5ccccc5)c4)n[nH]c2-3)CC1,1,IC50,7.42,2,CHEMBL224968
CN1CCN(Cc2ccc3c(c2)Cc2c(-c4csc(C#CCNS(=O)(=O)c5ccccc5)c4)n[nH]c2-3)CC1,1,IC50,7.35,2,CHEMBL376779
Cc1cccc(C)c1Nc1ncc(-c2ccc(OCC3CCCN(C)C3)cc2)n2cncc12,0,IC50 (>),5.0,1,CHEMBL534948
Cc1cc(-c2c(Cl)cccc2Cl)cc2nnc(Nc3ccc(OCCN4CCCC4)cc3)nc12,1,IC50,6.89,2,CHEMBL230686
Cc1cccc(NC(=O)Nc2ccc(-c3csc4c(-c5cccnc5)cnc(N)c34)cc2)c1,1,IC50,8.4,2,CHEMBL427267
Cc1cccc(NC(=O)Nc2ccc(-c3csc4c(-c5cncc6ccccc56)cnc(N)c34)cc2)c1,1,IC50,6.41,1,CHEMBL231128
Cc1cccc(NC(=O)Nc2ccc(-c3csc4c(-c5cncnc5)cnc(N)c34)cc2)c1,1,IC50,9.0,2,CHEMBL231127
Cc1cccc(NC(=O)Nc2ccc(-c3csc4c(-c5ccncc5)cnc(N)c34)cc2)c1,1,IC50,8.4,2,CHEMBL268826
CNC(=O)c1cccc(-c2cnc(N)c3c(-c4ccc(NC(=O)Nc5cccc(C)c5)cc4)csc23)c1,1,IC50,7.96,2,CHEMBL231612
Cc1cccc(NC(=O)Nc2ccc(-c3csc4c(-c5ccc(O)cc5)cnc(N)c34)cc2)c1,1,IC50,7.96,2,CHEMBL398196
Cc1cccc(NC(=O)Nc2ccc(-c3csc4c(-c5ccccc5)cnc(N)c34)cc2)c1,1,IC50,7.89,4,CHEMBL231511
Nc1nccc2scc(-c3ccc(NC(=O)Nc4ccsc4)cc3)c12,1,IC50,7.42,2,CHEMBL231412
Nc1nccc2scc(-c3ccc(NC(=O)Nc4cccs4)cc3)c12,1,IC50,7.52,2,CHEMBL396737
Nc1nccc2scc(-c3ccc(NC(=O)Nc4ccc5ccccc5c4)cc3)c12,1,IC50,7.82,2,CHEMBL231411
Nc1nccc2scc(-c3ccc(NC(=O)Nc4cccc5ccccc45)cc3)c12,1,IC50,7.12,2,CHEMBL231410
Nc1nccc2scc(-c3ccc(NC(=O)NC4CCCCC4)cc3)c12,1,IC50,6.31,1,CHEMBL231415
Nc1nccc2scc(-c3ccc(NC(=O)NC4CCCC4)cc3)c12,1,IC50,6.38,1,CHEMBL231310
Cc1cc(C)cc(NC(=O)Nc2ccc(-c3csc4ccnc(N)c34)cc2)c1,1,IC50,7.8,2,CHEMBL231309
Cc1ccc(NC(=O)Nc2ccc(-c3csc4ccnc(N)c34)cc2)cc1C,1,IC50,8.0,2,CHEMBL231308
N#Cc1cccc(NC(=O)Nc2ccc(-c3csc4ccnc(N)c34)cc2)c1,1,IC50,7.35,2,CHEMBL396494
Nc1nccc2scc(-c3ccc(NC(=O)Nc4cccc(Cl)c4)cc3)c12,1,IC50,7.66,3,CHEMBL394790
Nc1nccc2scc(-c3ccc(NC(=O)Nc4cccc(F)c4)cc3)c12,1,IC50,7.82,3,CHEMBL231209
CCc1cccc(NC(=O)Nc2ccc(-c3csc4ccnc(N)c34)cc2)c1,1,IC50,7.6,2,CHEMBL231109
Cc1ccccc1NC(=O)Nc1ccc(-c2csc3ccnc(N)c23)cc1,1,IC50,6.82,1,CHEMBL394789
Cc1ccc(NC(=O)Nc2ccc(-c3csc4ccnc(N)c34)cc2)cc1,1,IC50,7.58,2,CHEMBL231456
Cc1cccc(NC(=O)Nc2ccc(-c3c(C)sc4ccnc(N)c34)cc2)c1,1,IC50,7.57,1,CHEMBL389524
Cc1cccc(NC(=O)Nc2cccc(-c3csc4ccnc(N)c34)c2)c1,1,IC50,6.6,1,CHEMBL231454
Cc1cccc(NC(=S)Nc2ccc(-c3csc4ccnc(N)c34)cc2)c1,1,IC50,6.39,1,CHEMBL389299
Cc1cccc(NC(=O)Cc2ccc(-c3csc4ccnc(N)c34)cc2)c1,1,IC50,7.03,1,CHEMBL231357
Cc1cccc(CC(=O)Nc2ccc(-c3csc4ccnc(N)c34)cc2)c1,1,IC50,6.28,1,CHEMBL394620
Cc1cccc(NC(=O)N(C)c2ccc(-c3csc4ccnc(N)c34)cc2)c1,1,IC50,7.64,1,CHEMBL231356
Cc1cccc(NC(=O)Nc2ccc(-c3csc4ccnc(N)c34)cc2)c1,1,IC50,8.05,5,CHEMBL394619
Nc1nccc2scc(-c3ccc(NC(=O)Nc4ccccc4)cc3)c12,1,IC50,7.25,2,CHEMBL231255
Nc1nccc2scc(-c3ccc(NC(=O)c4ccccc4)cc3)c12,0,IC50,4.92,1,CHEMBL231254
Nc1nccc2scc(-c3ccccc3)c12,0,IC50 (>),4.9,1,CHEMBL437375
O=C1Nc2ccccc2/C1=C\c1sccc1Br,0,IC50,4.81,1,CHEMBL230414
Cc1cc2c(cc3c4c(cccc42)NC3=O)[nH]1,1,IC50,6.0,1,CHEMBL388936
Nc1ccc2c(Cc3ccncc3)nnc(Nc3ccc(Cl)cc3)c2c1,1,IC50,6.19,1,CHEMBL74143
COc1ccc2c(c1)NC(=O)/C2=C\c1cc2c([nH]1)CCCC2CCC(=O)O,1,IC50,6.42,1,CHEMBL410186
COCCOc1cc2ncnc(Nc3cc(O)c(Cl)cc3F)c2cc1OCCOC,1,IC50,7.22,1,CHEMBL396219
CCOC(=O)c1cn2ncnc(Nc3cc(C(=O)NOC)c(C)cc3C)c2c1C(C)C,1,IC50,7.89,1,CHEMBL230413
COCCOc1cc2nncc(Nc3ccc(Cl)cc3F)c2cc1OC,1,IC50,8.0,1,CHEMBL150825
Cc1cccc2c1/C(=C\c1ccc[nH]1)C(=O)N2,0,IC50,4.51,1,CHEMBL396788
Cn1cccc1/C=C1/C(=O)Nc2ccccc21,0,IC50,4.7,1,CHEMBL321359
COCCOc1ccc2c(Nc3cc(O)c(Cl)cc3F)ncnc2c1,1,IC50,6.82,1,CHEMBL231650
O=C(O)CCC1CCCc2[nH]c(/C=C3\C(=O)Nc4ccccc43)cc21,1,IC50,7.05,1,CHEMBL230081
O=C(O)CCC1CCCc2[nH]c(/C=C3\C(=O)Nc4ccc(Br)cc43)cc21,1,IC50,7.52,1,CHEMBL231649
O=C(O)CCC1CCCc2[nH]c(/C=C3\C(=O)Nc4ccc(C(=O)O)cc43)cc21,1,IC50,8.4,1,CHEMBL231139
Oc1cccc(-c2nc(N3CCOCC3)c3oc4ncccc4c3n2)c1,0,IC50 (>),4.0,3,CHEMBL538346;CHEMBL573339
Oc1cccc(-c2nc(N3CCOCC3)c3sccc3n2)c1,0,IC50,4.04,1,CHEMBL541643
COc1cc(-c2ccc3c(c2)Nc2ccc(CC(=O)Nc4ccc(N5CCOCC5)cc4)cc2NC3=O)ccc1N,0,IC50 (>),4.3,1,CHEMBL395080
COc1cc(-c2ccc3c(c2)Nc2ccc(C(C)(C)C(=O)Nc4ccc(N5CCOCC5)cc4)cc2NC3=O)ccc1N,0,IC50 (>),5.0,1,CHEMBL389745
COc1cc2nccc(Oc3ccc4oc(Nc5ccc(Cl)c(CN6CCN(C)CC6)c5)nc4c3)c2cc1OC,1,IC50,7.0,2,CHEMBL230107
COc1cc2ncnc(Oc3ccc4oc(Nc5ccc(Cl)c(OC[C@@H]6CCCN6C)c5)nc4c3)c2cc1OC,1,IC50,7.26,2,CHEMBL230003
CNC(=O)c1cc(Oc2ccc3oc(Nc4ccc(Cl)c(OC[C@@H]5CCCN5C)c4)nc3c2)ccn1,1,IC50,8.34,3,CHEMBL231568
COC(=O)Nc1nc2cc(Oc3ccc(NC(=O)Nc4ccccc4)cc3)ccc2[nH]1,1,IC50,7.5,1,CHEMBL243891
CN1CCN(CCNc2nc3ccc(Oc4ccc(NC(=O)Nc5cc(C(F)(F)F)ccc5F)cc4)cc3[nH]2)CC1,1,IC50,7.48,1,CHEMBL390696
CN1CCN(CC(=O)Nc2nc3ccc(Oc4ccc(NC(=O)Nc5cc(C(F)(F)F)ccc5F)cc4)cc3[nH]2)CC1,1,IC50,8.82,1,CHEMBL389333
COCCOCC(=O)Nc1nc2ccc(Oc3ccc(NC(=O)Nc4cc(C(F)(F)F)ccc4F)cc3)cc2[nH]1,1,IC50,8.27,1,CHEMBL244106
O=C(Nc1ccc(Oc2ccc3nc(NC(=O)c4cccnc4)[nH]c3c2)cc1)Nc1cc(C(F)(F)F)ccc1F,1,IC50,7.78,1,CHEMBL244486
O=C(Nc1ccc(Oc2ccc3[nH]c(NC(=O)c4ccco4)nc3c2)cc1)Nc1cc(C(F)(F)F)ccc1F,1,IC50,8.29,1,CHEMBL244297
O=C(Nc1ccc(Oc2ccc3nc(NC(=O)c4ccccc4-c4ccc[nH]4)[nH]c3c2)cc1)Nc1cc(C(F)(F)F)ccc1F,1,IC50,6.29,1,CHEMBL243919
O=C(Nc1ccc(Oc2ccc3[nH]c(NC(=O)c4ccccc4)nc3c2)cc1)Nc1cc(C(F)(F)F)ccc1F,1,IC50,7.38,1,CHEMBL243917
CC(=O)Nc1nc2ccc(Oc3ccc(NC(=O)Nc4cc(C(F)(F)F)ccc4F)cc3)cc2[nH]1,1,IC50,8.59,1,CHEMBL243916
Nc1nc2ccc(Oc3ccc(NC(=O)Nc4cc(C(F)(F)F)ccc4F)cc3)cc2[nH]1,1,IC50,7.82,1,CHEMBL387817
COC(=O)Nc1nc2ncc(Oc3ccc(NC(=O)Nc4cc(C(F)(F)F)ccc4F)cc3)cc2[nH]1,1,IC50,8.27,1,CHEMBL387604
COC(=O)Nc1nc2ccc(Oc3ccc(NC(=O)Nc4cc(C(F)(F)F)ccc4F)cc3)nc2[nH]1,1,IC50,8.64,1,CHEMBL244101
COC(=O)Nc1cn2cc(Oc3ccc(NC(=O)Nc4cc(C(F)(F)F)ccc4F)cc3)ccc2n1,1,IC50,8.47,1,CHEMBL243915
COC(=O)Nc1nc2ccc(Oc3ccc(NC(=O)Nc4cc(C(F)(F)F)ccc4F)cc3)cc2o1,1,IC50,8.32,1,CHEMBL243914
COC(=O)Nc1nc2ccc(Oc3ccc(NC(=O)Nc4cc(C(F)(F)F)ccc4F)cc3)cc2s1,1,IC50,8.68,1,CHEMBL244482
COC(=O)Nc1nc2cc(Oc3ccc(NC(=O)Nc4cc(C(F)(F)F)ccc4F)cc3)ccc2n1C,1,IC50,6.38,1,CHEMBL244481
COC(=O)Nc1nc2ccc(Oc3ccc(NC(=O)Nc4cc(C(F)(F)F)ccc4F)cc3)cc2n1C,1,IC50,7.57,1,CHEMBL244291
COC(=O)Nc1nc2ccc(C(=O)c3ccc(NC(=O)Nc4cc(C(F)(F)F)ccc4F)cc3)cc2[nH]1,1,IC50,7.58,1,CHEMBL244100
COC(=O)Nc1nc2ccc(S(=O)(=O)c3ccc(NC(=O)Nc4cc(C(F)(F)F)ccc4F)cc3)cc2[nH]1,0,IC50 (>),4.7,1,CHEMBL244099
COC(=O)Nc1nc2ccc(Sc3ccc(NC(=O)Nc4cc(C(F)(F)F)ccc4F)cc3)cc2[nH]1,1,IC50,8.0,1,CHEMBL243912
COC(=O)Nc1nc2ccc(Oc3ccc(NC(=O)Nc4cc(C(F)(F)F)ccc4F)c[n+]3[O-])cc2[nH]1,1,IC50,6.64,1,CHEMBL397757
COC(=O)Nc1nc2ccc(Oc3ccc(NC(=O)Nc4cc(C(F)(F)F)ccc4F)cn3)cc2[nH]1,1,IC50,7.8,1,CHEMBL243910
COC(=O)Nc1nc2cc(Oc3cccc(NC(=O)Nc4cc(C(F)(F)F)ccc4F)c3)ccc2[nH]1,1,IC50,7.77,1,CHEMBL244289
COC(=O)Nc1nc2ccc(Oc3ccc(CC(=O)Nc4cc(C(F)(F)F)ccc4F)cc3)cc2[nH]1,1,IC50,7.8,1,CHEMBL244288
COC(=O)Nc1nc2ccc(Oc3ccc(NC(=S)Nc4cccc(C(F)(F)F)c4)cc3)cc2[nH]1,1,IC50,6.98,1,CHEMBL244287
COC(=O)Nc1nc2cc(Oc3ccc(NC(=O)Nc4cccc(C(=O)O)c4)cc3)ccc2[nH]1,1,IC50,6.22,1,CHEMBL244097
COC(=O)Nc1nc2ccc(Oc3ccc(NC(=O)Nc4cc(N)ccc4F)cc3)cc2[nH]1,1,IC50,6.72,1,CHEMBL396284
COC(=O)Nc1nc2ccc(Oc3ccc(NC(=O)Nc4cccc(SC)c4)cc3)cc2[nH]1,1,IC50,8.27,1,CHEMBL244096
COC(=O)Nc1nc2ccc(Oc3ccc(NC(=O)Nc4cccc(SC(F)(F)F)c4)cc3)cc2[nH]1,1,IC50,8.89,1,CHEMBL244095
COC(=O)Nc1nc2ccc(Oc3ccc(NC(=O)Nc4cc(F)ccc4F)cc3)cc2[nH]1,1,IC50,8.12,1,CHEMBL243909
COC(=O)Nc1nc2ccc(Oc3ccc(NC(=O)Nc4cccc(Cl)c4)cc3)cc2[nH]1,1,IC50,8.2,1,CHEMBL396283
COC(=O)Nc1nc2cc(Oc3ccc(NC(=O)Nc4cccc(Br)c4)cc3)ccc2[nH]1,1,IC50,8.96,1,CHEMBL243908
CCc1cccc(NC(=O)Nc2ccc(Oc3ccc4nc(NC(=O)OC)[nH]c4c3)cc2)c1,1,IC50,8.54,1,CHEMBL243907
COC(=O)Nc1nc2ccc(Oc3ccc(NC(=O)Nc4cc(C(F)(F)F)ccc4Cl)cc3)cc2[nH]1,1,IC50,8.48,1,CHEMBL244286
COC(=O)Nc1nc2cc(Oc3ccc(NC(=O)Nc4cc(C(F)(F)F)ccc4F)cc3)ccc2[nH]1,1,IC50,8.46,1,CHEMBL396056
COC(=O)Nc1nc2ccc(Oc3ccc(NC(=O)Nc4cccc(C(F)(F)F)c4)cc3)cc2[nH]1,1,IC50,8.3,1,CHEMBL244079
CCOc1cc2ncc(C#N)c(Nc3ccc(F)c(Cl)c3)c2cc1NC(=O)/C=C/CN(C)C,0,IC50 (>),5.0,2,CHEMBL607707
COCCOc1cc2ncnc(NC3=CC(=O)C(OCc4cccc(OC)c4)=CC3=O)c2cc1OC,1,IC50,7.3,2,CHEMBL242349
CCOc1cc2ncnc(NC3=CC(=O)C(OCc4cccc(C)c4)=CC3=O)c2cc1NC(=O)/C=C/CN(C)C,1,IC50,6.72,2,CHEMBL241919
CCOc1cc2ncnc(NC3=CC(=O)C(OCc4cccc(OC)c4)=CC3=O)c2cc1NC(=O)/C=C/CN(C)C,1,IC50,6.43,1,CHEMBL241918
CCOc1cc2ncnc(NC3=CC(=O)C(OCc4cccs4)=CC3=O)c2cc1NC(=O)/C=C/CN(C)C,1,IC50,7.12,2,CHEMBL243839
CCOc1cc2ncnc(NC3=CC(=O)C(OCc4cccc(Cl)c4)=CC3=O)c2cc1NC(=O)/C=C/CN(C)C,1,IC50,7.1,2,CHEMBL243837
CCOc1cc2ncnc(NC3=CC(=O)C(OCc4ccccn4)=CC3=O)c2cc1NC(=O)/C=C/CN(C)C,1,IC50,6.87,2,CHEMBL398154
CCOc1cc2ncnc(NC3=CC(=O)C(OCc4ccccc4)=CC3=O)c2cc1NC(=O)/C=C/CN(C)C,1,IC50,6.99,2,CHEMBL243629
CCOc1cc2ncnc(NC3=CC(=O)C(OCc4ccc(F)c(F)c4)=CC3=O)c2cc1NC(=O)/C=C/CN(C)C,1,IC50,6.95,2,CHEMBL243628
CCOc1cc2ncnc(NC3=CC(=O)C(OCc4cccc(F)c4)=CC3=O)c2cc1NC(=O)/C=C/CN(C)C,1,IC50,6.95,2,CHEMBL428741
CCOc1cc2ncnc(NC3=CC(=O)C(OC(CF)CF)=CC3=O)c2cc1NC(=O)/C=C/CN(C)C,1,IC50,6.96,2,CHEMBL243410
CCOc1cc2ncnc(NC3=CC(=O)C(OC)=CC3=O)c2cc1NC(=O)/C=C/CN(C)C,1,IC50,6.42,1,CHEMBL428039
COc1cc2ncnc(Nc3cccc(Br)c3)c2cc1OC,0,IC50 (>),5.0,1,CHEMBL29197
CN(C)C/C=C/C(=O)Nc1ccc2ncnc(Nc3ccc(Br)cc3F)c2c1,0,IC50 (>),5.0,1,CHEMBL242131
CCN1CCN(CCc2ccc(Nc3ncc(Cl)c(-c4ccc5cc[nH]c5c4)n3)cc2)CC1,1,IC50,7.43,1,CHEMBL398989
N#Cc1cnc(Nc2ccccc2)nc1-c1ccccc1,1,IC50,6.0,1,CHEMBL411829
CN1CCN(CCc2ccc(Nc3ncc(C#N)c(-c4ccc(C(C)(C)N)cc4)n3)cc2)CC1,1,IC50,7.68,1,CHEMBL394577
CCc1nccn1CCc1ccc(Nc2ncc(C#N)c(-c3ccc(C(C)(C)N)cc3)n2)cc1,1,IC50,7.03,1,CHEMBL231824
CC(C)(N)c1ccc(-c2nc(Nc3cccc(CCN4CCOCC4)c3)ncc2C#N)cc1,1,IC50,7.26,1,CHEMBL231801
CC(C)(N)c1ccc(-c2nc(Nc3ccc(CCN4CCOCC4)cc3)ncc2C#N)cc1,1,IC50,7.57,1,CHEMBL231800
CC(C)(O)c1ccc(-c2nc(Nc3ccc(CCO)cc3)ncc2C#N)cc1,1,IC50,6.39,1,CHEMBL234697
N#Cc1cnc(Nc2ccc(CCO)cc2)nc1-c1nc2ccccc2s1,1,IC50,6.47,1,CHEMBL234489
N#Cc1cnc(Nc2ccc(CCO)cc2)nc1-c1ccc(S(N)(=O)=O)cc1,1,IC50,6.7,1,CHEMBL234275
N#Cc1cnc(Nc2ccc(CCO)cc2)nc1-c1ccc(Br)cc1,1,IC50,6.75,1,CHEMBL234067
COc1ccc(-c2nc(Nc3ccc(CCO)cc3)ncc2C#N)cc1,1,IC50,6.82,1,CHEMBL234065
N#Cc1cnc(Nc2ccc(CCO)cc2)nc1-c1ccc2[nH]ccc2c1,1,IC50,7.05,1,CHEMBL389102
N#Cc1cnc(Nc2ccc(CCO)cc2)nc1-c1cccs1,1,IC50,7.09,1,CHEMBL245174
CC(C)(N)c1ccc(-c2nc(Nc3ccc(CCO)cc3)ncc2C#N)cc1,1,IC50,7.28,1,CHEMBL243017
COc1ccccc1Nc1ncc(C#N)c(-c2ccccc2)n1,0,IC50 (>),5.0,1,CHEMBL234084
N#Cc1cnc(Nc2ccc(Cl)cc2)nc1-c1ccccc1,0,IC50 (>),5.0,1,CHEMBL233877
N#Cc1cnc(Nc2ccccc2Cl)nc1-c1ccccc1,0,IC50 (>),5.0,1,CHEMBL390468
N#Cc1cnc(Nc2ncccn2)nc1-c1ccccc1,0,IC50 (>),5.0,1,CHEMBL233876
Cc1ccc(Nc2ncc(C#N)c(-c3ccccc3)n2)cc1,1,IC50,6.0,1,CHEMBL233874
COc1ccc(Nc2ncc(C#N)c(-c3ccccc3)n2)cc1,1,IC50,6.31,1,CHEMBL279574
Cc1cc2cc(Nc3ncc(C#N)c(-c4ccccc4)n3)ccc2[nH]1,1,IC50,6.39,1,CHEMBL233669
COc1cccc(Nc2ncc(C#N)c(-c3ccccc3)n2)c1,1,IC50,6.42,1,CHEMBL233668
N#Cc1cnc(Nc2ccc(CCO)cc2)nc1-c1ccccc1,1,IC50,6.7,1,CHEMBL389343
N#Cc1cnc(Nc2cccc(CN3CCOCC3)c2)nc1-c1ccccc1,1,IC50,6.44,1,CHEMBL233667
N#Cc1cnc(Nc2ccc(CCC(=O)N3CCOCC3)cc2)nc1-c1ccccc1,1,IC50,6.75,1,CHEMBL233456
N#Cc1cnc(Nc2ccc(CCN3CCCC3)cc2)nc1-c1ccccc1,1,IC50,6.96,1,CHEMBL233455
COc1cc(Nc2ncc(C#N)c(-c3ccccc3)n2)ccc1CN1CCCC1,1,IC50,7.04,1,CHEMBL387829
N#Cc1cnc(Nc2ccc(CN3CCCC3)cc2)nc1-c1ccccc1,1,IC50,7.21,1,CHEMBL233454
CC(C)(N)c1ccc(-c2nc(Nc3ccc(OCCN4CCOCC4)cc3)ncc2C#N)cc1,1,IC50,6.35,1,CHEMBL234944
CC(C)(N)c1ccc(-c2nc(Nc3cccc(Br)c3)ncc2Cl)cc1,1,IC50,6.46,1,CHEMBL234443
CN(C)CCc1ccc(Nc2ncc(Cl)c(-c3n[nH]c4ccccc34)n2)cc1,1,IC50,6.5,1,CHEMBL233213
CN(C)CCc1ccc(Nc2ncc(Cl)c(-c3cccc4cc[nH]c34)n2)cc1,1,IC50,6.34,1,CHEMBL234626
CN(C)CCc1ccc(Nc2ncc(Cl)c(-c3ccc4cc[nH]c4c3)n2)cc1,1,IC50,7.82,1,CHEMBL234625
CN(C)CCc1ccc(Nc2ncc(Cl)c(-c3ccc4[nH]ccc4c3)n2)cc1,1,IC50,6.99,1,CHEMBL234624
CN(C)CCc1ccc(Nc2ncc(Cl)c(-c3cccc4[nH]ccc34)n2)cc1,1,IC50,6.67,1,CHEMBL392743
CN(C)CCc1ccc(Nc2ncc(Cl)c(-c3c[nH]c4ccccc34)n2)cc1,1,IC50,8.15,1,CHEMBL234452
Cc1nc(C)c(-c2nc(Nc3ccc(CCN(C)C)cc3)ncc2Cl)s1,1,IC50,6.1,1,CHEMBL234451
CN(C)CCc1ccc(Nc2ncc(Cl)c(-c3cccs3)n2)cc1,1,IC50,6.8,1,CHEMBL233380
CN1CCN(CCc2ccc(Nc3ncc(Cl)c(-c4ccc(C(C)(C)N)cc4)n3)cc2)CC1,1,IC50,7.12,1,CHEMBL392306
CC(C)(N)c1ccc(-c2nc(Nc3ccc(CCN4CCOCC4)cc3)ncc2Cl)cc1,1,IC50,6.83,1,CHEMBL233209
CC(C)(N)c1ccc(-c2nc(Nc3ccc(CCN4CCCC4)cc3)ncc2Cl)cc1,1,IC50,7.58,1,CHEMBL233208
CN(C)CCc1ccc(Nc2ncc(Cl)c(-c3ccc(C(C)(C)N)cc3)n2)cc1,1,IC50,7.72,1,CHEMBL393462
CNCCc1ccc(Nc2ncc(Cl)c(-c3ccc(C(C)(C)N)cc3)n2)cc1,1,IC50,7.48,1,CHEMBL393460
CC(C)(N)c1ccc(-c2nc(Nc3ccc(CCO)cc3)ncc2Cl)cc1,1,IC50,7.16,1,CHEMBL233205
Clc1cnc(Nc2ccc(CCN3CCCC3)cc2)nc1-c1ccc2cc[nH]c2c1,1,IC50,7.8,1,CHEMBL233225
CN1CCN(CCc2ccc(Nc3ncc(Cl)c(-c4c[nH]c5ccccc45)n3)cc2)CC1,1,IC50,8.15,1,CHEMBL233224
N#Cc1c(NC(=O)c2cccc3ccccc23)sc2c1CCCC2,0,IC50 (>),5.0,1,CHEMBL233001
N#Cc1c(NC(=O)c2cccc3ccccc23)sc2c1CCCN2C(=O)C1CC1,0,IC50 (>),5.0,1,CHEMBL232601
CCN(CC)C/C=C/c1cnc(N)c2c(-c3ccc(NC(=O)c4cc5ccccc5n4C)c(OC)c3)csc12,0,IC50 (>),4.3,1,CHEMBL232542
COc1cc(-c2csc3c(/C=C/CNC4CCNCC4)cnc(N)c23)ccc1NC(=O)c1cc2ccccc2n1C,0,IC50 (>),4.3,1,CHEMBL395664
COc1cc(-c2csc3c(/C=C/CN[C@H]4CC[C@H](N)CC4)cnc(N)c23)ccc1NC(=O)c1cc2ccccc2n1C,0,IC50,4.73,1,CHEMBL395665
COc1cc(-c2csc3c(/C=C/CN[C@H]4CC[C@@H](N)CC4)cnc(N)c23)ccc1NC(=O)c1cc2ccccc2n1C,0,IC50 (>),4.3,1,CHEMBL395666
COc1cc(-c2csc3c(/C=C/CN4CCC(O)CC4)cnc(N)c23)ccc1NC(=O)c1cc2ccccc2n1C,0,IC50 (>),4.3,1,CHEMBL233958
O=C(NCCCN1CCCC1=O)c1cnccc1Nc1nc(-c2cc(Br)ccc2F)nc2nccnc12,1,IC50,6.85,1,CHEMBL234655
O=C(Nc1ccc(C(F)(F)F)cc1)c1nnnn1CCc1ccncc1,1,IC50,6.07,1,CHEMBL234205
O=C(Nc1ccc(C(F)(F)F)c(Cl)c1)c1nnnn1CCc1ccncc1,0,IC50 (>),5.0,2,CHEMBL233829
O=C(Nc1ccc(Cl)cc1)c1ccnn1CCc1ccccn1,0,IC50 (>),5.0,2,CHEMBL232800
CC(C)(C)c1ccc(NC(=O)c2nnnn2CCc2ccncc2)cc1,0,IC50 (>),5.0,2,CHEMBL233828
O=C(Nc1ccc(C(F)(F)F)c(Cl)c1)c1nc2ccccc2n1CCc1ccncc1,0,IC50 (>),5.0,2,CHEMBL234013
O=C(Nc1ccc(OC(F)(F)F)cc1)c1nc2ccccc2n1CCc1ccncc1,0,IC50 (>),5.0,2,CHEMBL234012
O=C(Nc1ccc(Cl)cc1)c1nc2ccccc2n1CCc1ccncc1,0,IC50 (>),5.0,2,CHEMBL233826
O=C(Nc1ccc(OC(F)(F)F)cc1)c1cc2ccccc2n1CCc1ccncc1,0,IC50 (>),5.0,2,CHEMBL391103
O=C(Nc1ccc(Cl)cc1)c1cc2ccccc2n1CCc1ccncc1,0,IC50 (>),5.0,2,CHEMBL234201
Cc1nn(CCc2ccncc2)c(C(=O)Nc2ccc(OC(F)(F)F)cc2)c1C,0,IC50 (>),5.0,2,CHEMBL234011
Cc1nn(CCc2ccncc2)c(C(=O)Nc2ccc(Cl)cc2)c1C,0,IC50 (>),5.0,2,CHEMBL391102
O=C(Nc1ccc(OCc2ccccc2)cc1)c1ccnn1CCc1ccncc1,0,IC50 (>),5.0,2,CHEMBL233631
O=C(Nc1ccc(Cl)cc1)c1ccnn1CCc1c[nH]cn1,0,IC50 (>),5.0,2,CHEMBL237680
O=C(Nc1ccc(Cl)cc1)c1ccnn1CCc1noc2ccccc12,0,IC50 (>),5.0,2,CHEMBL237679
O=C(Nc1ccc(Cl)cc1)c1ccnn1CCc1cnoc1,0,IC50 (>),5.0,2,CHEMBL232802
COc1ccc(CCn2nccc2C(=O)Nc2ccc(Cl)cc2)cc1OC,0,IC50 (>),5.0,2,CHEMBL234864
O=C(Nc1ccc(Cl)cc1)c1ccnn1CCc1ccc(F)c(F)c1,0,IC50 (>),5.0,2,CHEMBL393006
CC1C=C2OCOC2=C(CCn2nccc2C(=O)Nc2ccc(Cl)cc2)C1,0,IC50 (>),5.0,2,CHEMBL234863
O=C(Nc1ccc(Cl)cc1)c1ccnn1CCc1cccnc1,0,IC50 (>),5.0,2,CHEMBL397322
O=C(Nc1ccc(Cl)cc1)c1ccnn1CCc1ccncc1,1,IC50,7.11,4,CHEMBL397323
O=C(Nc1ccc2cn[nH]c2c1)c1ccnn1CCc1ccncc1,0,IC50 (>),5.0,2,CHEMBL392329
O=C(Nc1ccc2[nH]ncc2c1)c1ccnn1CCc1ccncc1,0,IC50 (>),5.0,1,CHEMBL233821
O=C(Nc1ccc(Oc2ccccc2)cc1)c1ccnn1CCc1ccncc1,0,IC50 (>),5.0,1,CHEMBL392313
O=C(Nc1ccc(Cl)cc1)c1nnnn1CCc1ccncc1,1,IC50,6.19,1,CHEMBL393001
CC(C)(C)c1ccc(NC(=O)c2nccn2CCc2ccncc2)cc1,1,IC50,6.03,1,CHEMBL233824
O=C(Nc1ccc(OC(F)(F)F)cc1)c1nccn1CCc1ccncc1,1,IC50,6.1,1,CHEMBL391104
O=C(Nc1ccc(C(F)(F)F)cc1)c1nccn1CCc1ccncc1,1,IC50,6.33,1,CHEMBL234203
O=C(Nc1ccc(Cl)cc1)c1nccn1CCc1ccncc1,1,IC50,6.42,1,CHEMBL234202
Cc1cc(C(=O)Nc2ccc(Cl)cc2)n(CCc2ccncc2)n1,1,IC50,6.11,1,CHEMBL234010
COc1ccc(NC(=O)c2ccnn2CCc2ccncc2)cc1OC,1,IC50,7.05,2,CHEMBL234009
O=C(Nc1ccc(Cl)c(Cl)c1)c1ccnn1CCc1ccncc1,1,IC50,6.92,2,CHEMBL392330
O=C(Nc1ccc(C(F)(F)F)c(Cl)c1)c1ccnn1CCc1ccncc1,1,IC50,7.02,4,CHEMBL233823
O=C(Nc1ccc(Cl)c(C(F)(F)F)c1)c1ccnn1CCc1ccncc1,1,IC50,6.35,2,CHEMBL233822
O=C(Nc1cnc2ccccc2c1)c1ccnn1CCc1ccncc1,1,IC50,6.75,1,CHEMBL391069
O=C(Nc1ccc(-c2ccccc2)cc1)c1ccnn1CCc1ccncc1,1,IC50,6.02,1,CHEMBL399606
CC(C)c1ccc(NC(=O)c2ccnn2CCc2ccncc2)cc1,1,IC50,7.28,2,CHEMBL236420
CC(C)(C)c1ccc(NC(=O)c2ccnn2CCc2ccncc2)cc1,1,IC50,7.48,4,CHEMBL399605
O=C(Nc1cccc(OC(F)(F)Cl)c1)c1ccnn1CCc1ccncc1,1,IC50,7.68,3,CHEMBL236419
O=C(Nc1cccc(OC(F)(F)F)c1)c1ccnn1CCc1ccncc1,1,IC50,6.55,2,CHEMBL236206
O=C(Nc1ccc(OC(F)(F)F)cc1)c1ccnn1CCc1ccncc1,1,IC50,7.75,4,CHEMBL236205
CCc1ccc(NC(=O)c2ccnn2CCc2ccncc2)cc1,1,IC50,7.07,2,CHEMBL392935
O=C(Nc1ccc(C(F)(F)F)cc1)c1ccnn1CCc1ccncc1,1,IC50,7.32,2,CHEMBL392934
CN(C(=O)c1ccnn1CCc1ccncc1)c1ccc(Cl)cc1,0,IC50 (>),5.0,1,CHEMBL395824
Nc1ncc(-c2ccccc2)c2occ(-c3ccc(NC(=O)Nc4cc(C(F)(F)F)ccc4F)cc3)c12,1,IC50,7.52,1,CHEMBL241681
Nc1ncc(-c2cccc(S(N)(=O)=O)c2)c2occ(-c3ccc(NC(=O)Nc4cc(C(F)(F)F)ccc4F)cc3)c12,1,IC50,8.38,1,CHEMBL241682
Nc1ncc(-c2cccc(Cl)c2)c2occ(-c3ccc(NC(=O)Nc4cc(C(F)(F)F)ccc4F)cc3)c12,1,IC50,6.03,1,CHEMBL391692
Cc1noc(NCc2ccncc2)c1C(=O)Nc1ccc(C(C)C)cc1,1,IC50,6.46,2,CHEMBL238720
Cc1noc(NCc2ccncc2)c1C(=O)Nc1ccc(C(C)(C)C)cc1,1,IC50,6.68,2,CHEMBL238719
Cc1noc(NCc2ccncc2)c1C(=O)Nc1ccc(C(F)(F)F)cc1,1,IC50,6.75,2,CHEMBL392513
Cc1cc(NC(=O)c2c(NCc3ccncc3)cnn2C)ccc1C(F)(F)F,1,IC50,7.16,2,CHEMBL241314
Cc1ccc(NC(=O)c2c(NCc3ccncc3)cnn2C)cc1C(F)(F)F,1,IC50,6.99,2,CHEMBL400216
Cn1ncc(NCc2ccncc2)c1C(=O)Nc1ccc(C(F)(F)F)c(C(F)(F)F)c1,1,IC50,6.89,2,CHEMBL240209
COc1ccc(NC(=O)c2c(NCc3ccncc3)cnn2C)cc1OC,1,IC50,7.04,2,CHEMBL241084
Cn1ncc(NCc2ccncc2)c1C(=O)Nc1ccc(Cl)c(Cl)c1,1,IC50,7.09,2,CHEMBL391127
Cn1ncc(NCc2ccncc2)c1C(=O)Nc1ccc(C(F)(F)F)c(Cl)c1,1,IC50,7.1,2,CHEMBL241265
Cn1ncc(NCc2ccncc2)c1C(=O)Nc1cnc2ccccc2c1,1,IC50,6.28,1,CHEMBL393924
CC(C)c1ccc(NC(=O)c2c(NCc3ccncc3)cnn2C)cc1,1,IC50,7.06,2,CHEMBL240643
Cn1ncc(NCc2ccncc2)c1C(=O)Nc1ccc(C(C)(C)C)cc1,1,IC50,7.35,2,CHEMBL401041
Cn1ncc(NCc2ccncc2)c1C(=O)Nc1ccc(C(F)(F)F)cc1,1,IC50,6.89,2,CHEMBL240455
Cc1cc(NC(=O)c2c(NCc3ccncc3)ncn2C)ccc1C(F)(F)F,1,IC50,7.19,3,CHEMBL238737
Cc1ccc(NC(=O)c2c(NCc3ccncc3)ncn2C)cc1C(F)(F)F,1,IC50,7.05,2,CHEMBL394204
Cn1cnc(NCc2ccncc2)c1C(=O)Nc1ccc(C(F)(F)F)c(C(F)(F)F)c1,1,IC50,6.96,2,CHEMBL238530
COc1ccc(NC(=O)c2c(NCc3ccncc3)ncn2C)cc1OC,1,IC50,7.24,2,CHEMBL238529
Cn1cnc(NCc2ccncc2)c1C(=O)Nc1ccc(Cl)c(Cl)c1,1,IC50,7.02,2,CHEMBL238528
Cn1cnc(NCc2ccncc2)c1C(=O)Nc1ccc(C(F)(F)F)c(Cl)c1,1,IC50,7.06,2,CHEMBL394020
Cn1cnc(NCc2ccncc2)c1C(=O)Nc1cnc2ccccc2c1,1,IC50,6.46,2,CHEMBL238526
CC(C)c1ccc(NC(=O)c2c(NCc3ccncc3)ncn2C)cc1,1,IC50,7.12,2,CHEMBL238522
Cn1cnc(NCc2ccncc2)c1C(=O)Nc1ccc(C(C)(C)C)cc1,1,IC50,7.19,3,CHEMBL393779
Cn1cnc(NCc2ccncc2)c1C(=O)Nc1cccc(C(F)(F)F)c1,1,IC50,6.26,2,CHEMBL241667
Cn1cnc(NCc2cccnc2)c1C(=O)Nc1cccc(C(F)(F)F)c1,0,IC50 (>),5.0,2,CHEMBL392985
Cc1cc(NC(=O)c2c(C)noc2NCc2ccncc2)ccc1C(F)(F)F,1,IC50,6.23,1,CHEMBL240818
Cc1noc(NCc2ccncc2)c1C(=O)Nc1ccc(Cl)c(Cl)c1,1,IC50,6.03,1,CHEMBL240607
Cc1noc(NCc2ccncc2)c1C(=O)Nc1ccc(C(F)(F)F)c(Cl)c1,1,IC50,6.5,1,CHEMBL393963
Cc1noc(NCc2ccncc2)c1C(=O)Nc1ccc(OC(F)(F)F)cc1,1,IC50,6.04,1,CHEMBL429455
Cn1ncc(NCc2ccncc2)c1C(=O)Nc1cc(C(F)(F)F)cc(C(F)(F)F)c1,1,IC50,6.68,1,CHEMBL241313
Cn1ncc(NCc2ccncc2)c1C(=O)Nc1ccc(Cl)c(C(F)(F)F)c1,1,IC50,6.96,1,CHEMBL429643
Cn1ncc(NCc2ccncc2)c1C(=O)Nc1cccc(OC(F)(F)F)c1,1,IC50,6.33,1,CHEMBL240456
Cn1ncc(NCc2ccncc2)c1C(=O)Nc1ccc(OC(F)(F)F)cc1,1,IC50,7.19,2,CHEMBL401040
Cn1cnc(NCc2ccncc2)c1C(=O)NCc1ccc2c(c1)OCO2,1,IC50,6.13,1,CHEMBL393418
Cn1cnc(NCc2ccncc2)c1C(=O)Nc1cc(C(F)(F)F)cc(C(F)(F)F)c1,1,IC50,6.82,1,CHEMBL394203
Cn1cnc(NCc2ccncc2)c1C(=O)Nc1ccc(Cl)c(C(F)(F)F)c1,1,IC50,6.77,1,CHEMBL238735
Cn1cnc(NCc2ccncc2)c1C(=O)Nc1cccc(OC(F)(F)F)c1,1,IC50,6.46,1,CHEMBL241669
Cn1cnc(NCc2ccncc2)c1C(=O)Nc1ccc(OC(F)(F)F)cc1,1,IC50,6.96,1,CHEMBL392987
Cc1noc(NCc2ccncc2)c1C(=O)Nc1ccc(Oc2ccccc2)cc1,0,IC50 (>),5.0,2,CHEMBL392944
Cc1noc(NCc2ccncc2)c1C(=O)Nc1ccc(-c2ccccc2)cc1,0,IC50 (>),5.0,2,CHEMBL428028
Cc1noc(NCc2ccncc2)c1C(=O)Nc1cccc(Cl)c1,0,IC50 (>),5.0,2,CHEMBL238508
Cc1noc(NCc2ccncc2)c1C(=O)Nc1ccc(Cl)cc1,0,IC50 (>),5.0,2,CHEMBL438142
Cc1noc(NCc2ccncc2)c1C(=O)Nc1cccc(OC(F)(F)F)c1,0,IC50 (>),5.0,2,CHEMBL391671
Cn1ncc(NCc2ccncc2)c1C(=O)Nc1ccc(Cc2ccccc2)cc1,0,IC50 (>),5.0,2,CHEMBL241075
Cn1ncc(NCc2ccncc2)c1C(=O)Nc1ccc(Oc2ccccc2)cc1,0,IC50 (>),5.0,2,CHEMBL241073
Cn1ncc(NCc2ccncc2)c1C(=O)Nc1ccc(-c2ccccc2)cc1,0,IC50 (>),5.0,2,CHEMBL240644
Cn1ncc(NCc2cccnc2)c1C(=O)Nc1ccc(C(F)(F)F)cc1,0,IC50 (>),5.0,2,CHEMBL238940
Cn1ncc(NCCc2ccc3c(c2)OCO3)c1C(=O)Nc1ccc(C(F)(F)F)cc1,0,IC50 (>),5.0,2,CHEMBL392964
Cn1ncc(NCCc2ccc3c(c2)OCO3)c1C(=O)Nc1cccc(C(F)(F)F)c1,0,IC50 (>),5.0,2,CHEMBL238939
Cn1ncc(NCc2cccnc2)c1C(=O)Nc1cccc(C(F)(F)F)c1,0,IC50 (>),5.0,2,CHEMBL238938
Cn1cnc(NCc2ccncc2)c1C(=O)Nc1ccc2cn[nH]c2c1,0,IC50 (>),5.0,2,CHEMBL238734
Cn1cnc(NCc2ccncc2)c1C(=O)Nc1ccc2c(c1)CN=N2,0,IC50 (>),5.0,2,CHEMBL392767
Cn1cnc(NCc2ccncc2)c1C(=O)Nc1ccc(Cc2ccccc2)cc1,0,IC50 (>),5.0,2,CHEMBL393409
Cn1cnc(NCc2ccncc2)c1C(=O)Nc1ccc(Oc2ccccc2)cc1,0,IC50 (>),5.0,2,CHEMBL238525
Cn1cnc(NCc2ccncc2)c1C(=O)Nc1ccc(-c2ccccc2)cc1,0,IC50 (>),5.0,2,CHEMBL238523
Cn1cnc(NCc2ccncc2)c1C(=O)Nc1ccc(Cl)cc1,0,IC50 (>),5.0,1,CHEMBL238521
Cn1cnc(NCc2cccnc2)c1C(=O)Nc1ccc(C(F)(F)F)cc1,0,IC50 (>),5.0,2,CHEMBL392986
Cc1noc(NCc2ccncc2)c1C(=O)Nc1ccc(C(F)(F)F)c(C(F)(F)F)c1,0,IC50 (>),5.0,2,CHEMBL393964
COc1ccc(NC(=O)c2c(C)noc2NCc2ccncc2)cc1OC,0,IC50 (>),5.0,1,CHEMBL240608
Cc1noc(NCc2ccncc2)c1C(=O)Nc1ccc(Cl)c(C(F)(F)F)c1,0,IC50 (>),5.0,2,CHEMBL240606
Cc1noc(NCc2ccncc2)c1C(=O)Nc1ccc(Cc2ccccc2)cc1,0,IC50 (>),5.0,2,CHEMBL240405
Cn1ncc(NCc2ccncc2)c1C(=O)Nc1cccc(Cl)c1,0,IC50 (>),5.0,1,CHEMBL394436
Cn1cnc(NCc2ccncc2)c1C(=O)Nc1cccc(Cl)c1,0,IC50 (>),5.0,1,CHEMBL396144
Cn1cnc(NCCc2ccc3c(c2)OCO3)c1C(=O)Nc1ccc(C(F)(F)F)cc1,0,IC50 (>),5.0,1,CHEMBL241466
Cn1cnc(NCCc2ccc3c(c2)OCO3)c1C(=O)Nc1cccc(C(F)(F)F)c1,0,IC50 (>),5.0,1,CHEMBL241465
Cc1nnsc1C1=NNC(=O)/C1=C\c1cn(C)c2ccccc12,1,IC50,7.02,1,CHEMBL249622
COc1ccc(OC)c2c1c(/C=C1\C(=O)NN=C1c1cnns1)cn2C,1,IC50,8.0,1,CHEMBL250610
Cc1cc(Br)c2c(/C=C3\C(=O)NN=C3c3cnns3)cn(C)c2c1,1,IC50,7.92,1,CHEMBL429481
Cn1cc(/C=C2\C(=O)NN=C2c2cnns2)c2ccc(Cl)cc21,1,IC50,7.14,1,CHEMBL399692
COc1ccc2c(c(/C=C3\C(=O)NN=C3c3cnns3)cn2C)c1Br,1,IC50,8.22,1,CHEMBL398460
COC(=O)c1cccc2c1c(/C=C1\C(=O)NN=C1c1cnns1)cn2C,1,IC50,7.66,1,CHEMBL398459
CCOc1cccc2c1c(/C=C1\C(=O)NN=C1c1cnns1)cn2C,1,IC50,7.6,1,CHEMBL398458
COc1cccc2c1c(/C=C1\C(=O)NN=C1c1cnns1)cn2C,1,IC50,7.89,1,CHEMBL250198
Cn1cc(/C=C2\C(=O)NN=C2c2cnns2)c2c(Br)cccc21,1,IC50,8.1,1,CHEMBL250197
Cn1cc(/C=C2\C(=O)NN=C2c2cnns2)c2c(Cl)cccc21,1,IC50,7.8,1,CHEMBL250196
Cn1cc(/C=C2\C(=O)NN=C2c2cnns2)c2c(F)cccc21,1,IC50,7.8,1,CHEMBL249994
Cc1ccc2c(c1)c(/C=C1\C(=O)NN=C1c1cnns1)cn2C,1,IC50,7.46,1,CHEMBL427709
Cn1cc(/C=C2\C(=O)NN=C2c2cnns2)c2cc(Br)ccc21,1,IC50,6.96,1,CHEMBL398436
COc1ccc2c(c1)c(/C=C1\C(=O)NN=C1c1cnns1)cn2C,1,IC50,7.55,1,CHEMBL399119
COC(=O)c1ccc2c(c1)c(/C=C1\C(=O)NN=C1c1cnns1)cn2C,1,IC50,7.14,1,CHEMBL249381
Cn1cc(/C=C2\C(=O)NN=C2c2cnns2)c2cc(C#N)ccc21,1,IC50,6.76,1,CHEMBL249176
Cn1cc(/C=C2\C(=O)NN=C2c2cnns2)c2cc(Cl)ccc21,1,IC50,7.47,1,CHEMBL398296
Cn1cc(/C=C2\C(=O)NN=C2c2cnns2)c2cc(F)ccc21,1,IC50,7.32,1,CHEMBL249175
COc1ccc(OC)c2c1c(/C=C1\C(=O)NN=C1c1snnc1C)cn2C,1,IC50,7.7,1,CHEMBL400253
COc1cccc2c(/C=C3\C(=O)NN=C3c3snnc3C)cn(C)c12,1,IC50,6.96,1,CHEMBL250395
COc1ccc2c(c(/C=C3\C(=O)NN=C3c3snnc3C)cn2C)c1Br,1,IC50,7.64,1,CHEMBL400061
Cc1nnsc1C1=NNC(=O)/C1=C\c1cn(C)c2cccc(C)c12,1,IC50,7.24,1,CHEMBL250394
CCOc1cccc2c1c(/C=C1\C(=O)NN=C1c1snnc1C)cn2C,1,IC50,7.44,2,CHEMBL398610
COc1cccc2c1c(/C=C1\C(=O)NN=C1c1snnc1C)cn2C,1,IC50,7.72,1,CHEMBL404005
Cc1nnsc1C1=NNC(=O)/C1=C\c1cn(C)c2cccc(Br)c12,1,IC50,7.47,1,CHEMBL250853
Cc1nnsc1C1=NNC(=O)/C1=C\c1cn(C)c2cccc(Cl)c12,1,IC50,7.35,1,CHEMBL402049
Cc1nnsc1C1=NNC(=O)/C1=C\c1cn(C)c2cccc(F)c12,1,IC50,6.86,1,CHEMBL402048
COc1ccc2c(c1)c(/C=C1\C(=O)NN=C1c1snnc1C)cn2C,1,IC50,7.05,1,CHEMBL250837
Cc1nnsc1C1=NNC(=O)/C1=C\c1cn(C)c2ccc(Cl)cc12,1,IC50,6.82,1,CHEMBL250836
Cc1nnsc1C1=NNC(=O)/C1=C\c1cn(C)c2ccc(F)cc12,1,IC50,7.0,1,CHEMBL398301
Cn1cc(/C=C2\C(=O)NN=C2c2snnc2-c2ccccc2)c2c(Br)cccc21,1,IC50,7.05,1,CHEMBL400398
O=C1NN=C(c2cnns2)/C1=C/c1cc2c([nH]1)CCCC2,1,IC50,7.25,1,CHEMBL399787
Cc1cc(C)c(/C=C2\C(=O)NN=C2c2snnc2C)[nH]1,1,IC50,6.71,1,CHEMBL400400
Fc1cccc(Cn2ncc3cc(Nc4ncnn5ccc(COC[C@@H]6CNCCO6)c45)ccc32)c1,0,IC50 (>),5.0,2,CHEMBL246284
c1ccc(-c2c(-c3ccc(OCCN4CCCCC4)cc3)oc3nccc(NCCc4cccnc4)c23)cc1,1,IC50,6.43,1,CHEMBL437754
c1ccc(-c2c(-c3ccc(OCCN4CCCCC4)cc3)oc3nccc(NCCN4CCNCC4)c23)cc1,1,IC50,7.0,1,CHEMBL393596
CC(C)N(CCOc1ccc(-c2oc3nccc(NCCN4CCNCC4)c3c2-c2ccccc2)cc1)C(C)C,1,IC50,7.17,1,CHEMBL239590
c1ccc(-c2c(-c3ccc(OCCn4ccnc4)cc3)oc3nccc(NCCN4CCNCC4)c23)cc1,1,IC50,6.8,1,CHEMBL240432
c1ccc(-c2c(-c3ccc(OCCN4CCCC4)cc3)oc3nccc(NCCN4CCNCC4)c23)cc1,1,IC50,6.68,1,CHEMBL240431
c1ccc(-c2c(-c3ccc(OCCN4CCOCC4)cc3)oc3nccc(NCCN4CCNCC4)c23)cc1,1,IC50,7.24,1,CHEMBL240430
c1ccc(-c2oc3nccc(NCCN4CCNCC4)c3c2-c2ccccc2)cc1,1,IC50,6.44,1,CHEMBL392990
CC(C)Nc1ncnc2oc(-c3ccc(OCCN4CCCC4)cc3)c(-c3ccccc3)c12,1,IC50,6.27,1,CHEMBL247866
CNc1ncnc(-c2cccnc2Oc2cc(NC(=O)c3cccc(OC(F)(F)F)c3)ccc2C)n1,1,IC50,6.36,2,CHEMBL246152
CNc1cc(-c2cccnc2Oc2cc(NC(=O)c3cccc(OC(F)(F)C(F)F)c3)ccc2C)ccn1,1,IC50,6.63,2,CHEMBL397090
CNc1ncnc(-c2cccnc2Oc2cc(NC(=O)c3cccc(OC(F)(F)C(F)F)c3)ccc2C)n1,1,IC50,6.0,1,CHEMBL246356
CNc1ncnc(-c2cccnc2Oc2cc(NC(=O)c3cccc(C(F)(F)F)c3)ccc2C)n1,1,IC50,6.51,1,CHEMBL397089
CNc1cc(-c2cccnc2Oc2ccc(Cl)c(NC(=O)c3cccc(C(C)C)c3)c2)ccn1,1,IC50,8.05,1,CHEMBL246151
CNc1cc(-c2cccnc2Oc2cccc(NC(=O)c3cccc(C(C)C)c3)c2)ccn1,1,IC50,7.75,1,CHEMBL246150
CNc1ncnc(-c2cccnc2Oc2cc(NC(=O)c3cccc(C(C)C)c3)cc(C(F)(F)F)c2)n1,0,IC50,4.6,1,CHEMBL245949
CNc1ncnc(-c2cccnc2Oc2cc(NC(=O)c3cccc(C(C)C)c3)ccc2F)n1,1,IC50,6.89,1,CHEMBL394694
CNc1ncnc(-c2cccnc2Oc2cccc(NC(=O)c3cccc(C(C)C)c3)c2)n1,1,IC50,6.34,1,CHEMBL245948
CNc1cc(-c2cccnc2Oc2cc(NC(=O)c3cccc(C(C)C)c3)ccc2C)ccn1,1,IC50,7.75,1,CHEMBL245947
CNc1ncnc(-c2cccnc2Oc2cc(NC(=O)c3cccc(C(C)C)c3)ccc2C)n1,1,IC50,6.93,1,CHEMBL245746
CNc1nccc(-c2cccnc2Oc2cc(NC(=O)c3cccc(C(C)C)c3)ccc2C)n1,1,IC50,8.7,1,CHEMBL394693
CNc1cc(-c2cccnc2Oc2cc(C(=O)Nc3cccc(C(C)C)c3)ccc2C)ccn1,1,IC50,8.3,1,CHEMBL245745
CNc1ncnc(-c2cccnc2Oc2cc(C(=O)Nc3cccc(C(C)C)c3)ccc2C)n1,1,IC50,7.7,1,CHEMBL245744
CNc1nccc(-c2cccnc2Oc2cc(C(=O)Nc3cccc(C(C)C)c3)ccc2C)n1,1,IC50,7.42,1,CHEMBL394692
Cc1ccc(NC(=O)c2cccc(C(F)(F)F)c2)cc1Nc1ncccc1-c1ccncn1,1,IC50,7.21,1,CHEMBL245549
CNc1ncnc(-c2cccnc2Oc2cc(NC(=O)c3cccc(-n4cccc4)c3)ccc2C)n1,0,IC50,4.6,1,CHEMBL246355
CN1CCN(CC(=O)Nc2cccc3c2Cc2c-3n[nH]c2-c2ccsc2)CC1,1,IC50,6.04,1,CHEMBL245768
O=C(Nc1cccc2c1Cc1c-2n[nH]c1-c1ccsc1)c1ccccc1,1,IC50,7.0,1,CHEMBL247585
Cc1cc(C(=O)Nc2cccc3c2Cc2c-3n[nH]c2-c2ccsc2)no1,1,IC50,7.22,1,CHEMBL395695
O=C(Nc1cccc2c1Cc1c-2n[nH]c1-c1ccsc1)c1ccco1,1,IC50,6.96,1,CHEMBL247389
COC(=O)C(=O)Nc1cccc2c1Cc1c-2n[nH]c1-c1ccsc1,1,IC50,7.3,1,CHEMBL247388
CCS(=O)(=O)Nc1cccc2c1Cc1c-2n[nH]c1-c1ccsc1,1,IC50,6.51,1,CHEMBL395694
CCOC(=O)Nc1cccc2c1Cc1c-2n[nH]c1-c1ccsc1,1,IC50,6.19,1,CHEMBL396586
COCC(=O)Nc1cccc2c1Cc1c-2n[nH]c1-c1ccsc1,1,IC50,7.16,1,CHEMBL442273
CCCC(=O)Nc1cccc2c1Cc1c-2n[nH]c1-c1ccsc1,1,IC50,6.25,1,CHEMBL245362
OCCNCc1cccc2c1Cc1c-2n[nH]c1-c1ccsc1,1,IC50,6.36,1,CHEMBL246546
O=C(O)CNC(=O)c1cccc2c1Cc1c-2n[nH]c1-c1ccsc1,1,IC50,6.39,1,CHEMBL246343
O=C(O)CCNC(=O)c1cccc2c1Cc1c-2n[nH]c1-c1ccsc1,1,IC50,6.24,1,CHEMBL246342
OCC1CCN(Cc2cccc3c2Cc2c-3n[nH]c2-c2ccsc2)CC1,0,IC50,4.55,1,CHEMBL245934
CN1CCN(CC(=O)Nc2cccc3c2Cc2c-3n[nH]c2-c2csc(C#CCOc3ccccc3)c2)CC1,1,IC50,8.0,1,CHEMBL245377
CCOC(=O)CC(=O)Nc1cccc2c1Cc1c-2n[nH]c1-c1csc(C#CCOc2ccccc2)c1,1,IC50,6.58,1,CHEMBL395427
COC(=O)C(=O)Nc1cccc2c1Cc1c-2n[nH]c1-c1csc(C#CCOc2ccccc2)c1,1,IC50,7.44,1,CHEMBL246166
COCCOCC(=O)Nc1cccc2c1Cc1c-2n[nH]c1-c1csc(C#CCOc2ccccc2)c1,1,IC50,6.57,1,CHEMBL245968
COCC(=O)Nc1cccc2c1Cc1c-2n[nH]c1-c1csc(C#CCOc2ccccc2)c1,1,IC50,7.28,1,CHEMBL245769
CCNCc1cncc(-c2cnc3[nH]nc(-c4nc5cc(F)ccc5[nH]4)c3c2)c1,1,IC50,6.82,1,CHEMBL248713
CCNCc1cncc(-c2cnc3[nH]nc(-c4nc5cc(F)c(F)cc5[nH]4)c3c2)c1,1,IC50,7.0,1,CHEMBL248712
CCNCc1cncc(-c2cnc3[nH]nc(-c4nc5cc(N6CCN(C)CC6)ccc5[nH]4)c3c2)c1,1,IC50,7.6,1,CHEMBL400569
CNCc1cncc(-c2cnc3[nH]nc(-c4nc5c(COC)cccc5[nH]4)c3c2)c1,1,IC50,6.19,1,CHEMBL400749
COCc1cccc2[nH]c(-c3nn(C)c4ncc(-c5cncc6ccccc56)cc34)nc12,0,IC50 (>),4.0,1,CHEMBL251740
CC(C)NC(=O)c1cccc2[nH]c(-c3n[nH]c4ncc(-c5cncc6ccccc56)cc34)nc12,1,IC50,6.42,1,CHEMBL249502
O=C(O)c1cccc2[nH]c(-c3n[nH]c4ncc(-c5cncc6ccccc56)cc34)nc12,0,IC50 (>),5.0,1,CHEMBL249501
COC(=O)c1cccc2[nH]c(-c3n[nH]c4ncc(-c5cncc6ccccc56)cc34)nc12,0,IC50,4.0,1,CHEMBL399042
CN1CCN(c2ccc3[nH]c(-c4n[nH]c5ncc(-c6cncc7ccccc67)cc45)nc3c2)CC1,1,IC50,6.0,1,CHEMBL249304
CC(C)NCc1cccc2[nH]c(-c3n[nH]c4ncc(-c5cncc6ccccc56)cc34)nc12,1,IC50,6.0,1,CHEMBL401064
COCc1cccc2[nH]c(-c3n[nH]c4ncc(-c5cncnc5)cc34)nc12,1,IC50,6.96,1,CHEMBL249302
COCc1cccc2[nH]c(-c3n[nH]c4ncc(-c5ccncc5)cc34)nc12,1,IC50,6.96,1,CHEMBL249096
COCc1cccc2[nH]c(-c3n[nH]c4ncc(-c5cccnc5)cc34)nc12,1,IC50,6.8,1,CHEMBL400859
COCc1cccc2[nH]c(-c3n[nH]c4ncc(-c5cnc6ccccc6c5)cc34)nc12,0,IC50 (>),4.0,1,CHEMBL249095
CC(C)OCc1cccc2[nH]c(-c3n[nH]c4ncc(-c5cncc6ccccc56)cc34)nc12,1,IC50,7.0,1,CHEMBL249094
COCc1cccc2[nH]c(-c3n[nH]c4ncc(-c5cncc6ccccc56)cc34)nc12,1,IC50,6.34,1,CHEMBL248891
OCc1cccc2[nH]c(-c3n[nH]c4ncc(-c5cncc6ccccc56)cc34)nc12,0,IC50 (>),4.0,1,CHEMBL248890
COc1ccc2nc(-c3n[nH]cc3/C=C/c3cccnc3)[nH]c2c1,1,IC50,6.01,1,CHEMBL428225
N#Cc1c[nH]c(-c2n[nH]cc2/C=C/c2cccnc2)n1,0,IC50 (>),5.0,1,CHEMBL394466
FC(F)(F)c1c[nH]c(-c2n[nH]cc2/C=C/c2cccnc2)n1,0,IC50,4.54,1,CHEMBL246165
CN1CCN(c2ccc3nc(-c4n[nH]cc4/C=C/c4cccnc4)[nH]c3c2)CC1,1,IC50,6.54,1,CHEMBL394465
CCNCc1cncc(/C=C/c2c[nH]nc2-c2nc3ccc(OC)cc3[nH]2)c1,1,IC50,6.09,1,CHEMBL245967
COc1cncc(/C=C/c2c[nH]nc2-c2nc3ccc(OC)cc3[nH]2)c1,1,IC50,6.19,1,CHEMBL245770
COc1ccc2nc(-c3n[nH]cc3/C=C/c3cncc4ccccc34)[nH]c2c1,1,IC50,6.21,1,CHEMBL395392
COc1ccc2nc(-c3n[nH]cc3/C=C/c3cnccc3C)[nH]c2c1,1,IC50,6.12,1,CHEMBL245574
CNC(=O)Nc1ccc(CNc2c(C(=O)Nc3ccc4c(c3)OC(F)(F)C(F)(F)O4)cnn2C)cn1,1,IC50,7.37,1,CHEMBL247619
CNC(=O)Nc1ccc(CNc2c(C(=O)Nc3ccc(SC(F)(F)F)cc3)cnn2C)cn1,1,IC50,7.21,1,CHEMBL247797
CNC(=O)Nc1ccc(CNc2ncsc2C(=O)Nc2ccc3c(c2)OC(F)(F)O3)cn1,1,IC50,8.52,1,CHEMBL247250
CCNC(=O)Nc1ccc(CNc2ncsc2C(=O)Nc2ccc3c(c2)OC(F)(F)O3)cn1,1,IC50,8.15,1,CHEMBL247798
NC1CCN(Cc2ccn3ncnc(Nc4ccc5c(cnn5Cc5cccc(F)c5)c4)c23)CC1,1,IC50,6.32,1,CHEMBL248108
N#Cc1cnc2ccc(-c3ccc(CN4CCOCC4)cc3)cc2c1N[C@@H]1C[C@H]1c1ccccc1,0,Ki (>),5.0,1,CHEMBL247024
N#Cc1cnc2ccc(-c3cccc(CN4CCOCC4)c3)cc2c1N[C@@H]1C[C@H]1c1ccccc1,0,Ki (>),5.0,1,CHEMBL245799
COc1cc2c(N[C@@H]3C[C@H]3c3ccccc3)c(C#N)cnc2cc1OC1CCN(C)CC1,0,Ki (>),5.0,1,CHEMBL245798
COc1ccc2ncc(C#N)c(N[C@@H]3C[C@H]3c3ccccc3)c2c1,0,Ki (>),5.0,1,CHEMBL401644
COc1ccc2c(N[C@@H]3C[C@H]3c3ccccc3)c(C#N)cnc2c1,0,Ki (>),5.0,1,CHEMBL248045
Cc1ccc(C(=O)Nc2ccc(Cl)cc2)c(NCc2ccncc2)n1,0,Ki (>),5.0,1,CHEMBL250470
O=C(Nc1ccc(Oc2ccccc2)cc1)c1cccnc1Nc1csc2ccccc12,0,Ki (>),4.7,1,CHEMBL403349
O=C(Nc1ccccc1Oc1ccccc1)c1cccnc1NCc1ccncc1,0,Ki (>),4.7,1,CHEMBL249606
O=C(Nc1ccc(Cl)cc1)C1CCCCC1NCc1ccncc1,0,Ki (>),5.0,1,CHEMBL400584
O=C(Nc1ccc(Cl)cc1)c1ncccc1NCc1ccncc1,0,Ki (>),5.0,1,CHEMBL250472
Nc1ccc(NC(=O)Nc2cccc3c2C(=O)c2c-3n[nH]c2-c2ccc3c(c2)OCO3)cc1,1,IC50,6.42,1,CHEMBL253429
O=C(Nc1ccc(O)cc1)Nc1cccc2c1C(=O)c1c-2n[nH]c1-c1ccc2c(c1)OCO2,1,IC50,6.16,1,CHEMBL254494
Nc1ccc(NC(=O)Nc2cccc3c2C(=O)c2c-3n[nH]c2-c2ccc(O)cc2)cc1,1,IC50,6.19,1,CHEMBL254704
CCN(CC)CCOc1ccc(Nc2cc(NC(=O)Nc3c(Cl)cccc3Cl)ncn2)cc1,1,IC50,6.02,1,CHEMBL253292
NC(=O)c1c(OCc2c(F)cc(Br)cc2F)nsc1NC(=O)NCCCCN1CCCC1,1,IC50,8.9,6,CHEMBL253969
COc1ccc(-c2oc3ncnc(N)c3c2-c2ccc(NC(=O)Nc3c(F)cccc3C(F)(F)F)cc2)cc1,1,IC50,8.52,1,CHEMBL401860
CO/N=C/c1ccc2[nH]c3c4c(c5c(c3c2c1)CNC5=O)-c1cn(C)nc1CC4,1,IC50,7.75,1,CHEMBL257787
CCn1c2ccc(/C(C)=N/OCC(C)C)cc2c2c3c(c4c(c21)CCc1nn(C)cc1-4)C(=O)NC3,1,IC50,7.62,1,CHEMBL401897
C/C(=N\OCC(C)C)c1ccc2c(c1)c1c3c(c4c(c1n2C(C)C)CCc1nn(C)cc1-4)C(=O)NC3,1,IC50,7.29,1,CHEMBL258436
C/C(=N\OC(C)C)c1ccc2c(c1)c1c3c(c4c(c1n2C(C)C)CCc1nn(C)cc1-4)C(=O)NC3,1,IC50,7.96,1,CHEMBL429138
CCO/N=C(\C)c1ccc2c(c1)c1c3c(c4c(c1n2C(C)C)CCc1nn(C)cc1-4)C(=O)NC3,1,IC50,8.4,1,CHEMBL401896
C/C(=N\OCC(C)C)c1ccc2c(c1)c1c3c(c4c(c1n2CC(C)C)CCc1nn(C)cc1-4)C(=O)NC3,1,IC50,7.03,1,CHEMBL258222
C/C(=N\OC(C)C)c1ccc2c(c1)c1c3c(c4c(c1n2CC(C)C)CCc1nn(C)cc1-4)C(=O)NC3,1,IC50,7.51,1,CHEMBL403823
CCO/N=C(\C)c1ccc2c(c1)c1c3c(c4c(c1n2CC(C)C)CCc1nn(C)cc1-4)C(=O)NC3,1,IC50,8.4,1,CHEMBL428433
CCCCn1c2ccc(/C(C)=N/OC)cc2c2c3c(c4c(c21)CCc1nn(C)cc1-4)C(=O)NC3,1,IC50,7.92,1,CHEMBL403606
CO/N=C(\C)c1ccc2c(c1)c1c3c(c4c(c1n2CC(C)C)CCc1nn(C)cc1-4)C(=O)NC3,1,IC50,8.15,1,CHEMBL258015
CO/N=C(\C)c1ccc2c(c1)c1c3c(c4c(c1n2C(C)C)CCc1nn(C)cc1-4)C(=O)NC3,1,IC50,8.4,1,CHEMBL401876
CCCn1c2ccc(/C(C)=N/OC)cc2c2c3c(c4c(c21)CCc1nn(C)cc1-4)C(=O)NC3,1,IC50,9.0,1,CHEMBL258014
CCn1c2ccc(/C(C)=N/OC)cc2c2c3c(c4c(c21)CCc1nn(C)cc1-4)C(=O)NC3,1,IC50,8.4,1,CHEMBL255283
CO/N=C(\C)c1ccc2c(c1)c1c3c(c4c(c1n2C)CCc1nn(C)cc1-4)C(=O)NC3,1,IC50,8.3,1,CHEMBL255282
C/C(=N\OC(C)(C)C)c1ccc2[nH]c3c4c(c5c(c3c2c1)CNC5=O)-c1cn(C)nc1CC4,1,IC50,7.51,1,CHEMBL255281
C/C(=N\OCC(C)C)c1ccc2[nH]c3c4c(c5c(c3c2c1)CNC5=O)-c1cn(C)nc1CC4,1,IC50,8.0,1,CHEMBL258433
C/C(=N\OC(C)C)c1ccc2[nH]c3c4c(c5c(c3c2c1)CNC5=O)-c1cn(C)nc1CC4,1,IC50,8.52,1,CHEMBL258000
C/C(=N\O)c1ccc2[nH]c3c4c(c5c(c3c2c1)CNC5=O)-c1cn(C)nc1CC4,1,IC50,9.0,1,CHEMBL404322
CCO/N=C(/c1ccc2[nH]c3c4c(c5c(c3c2c1)CNC5=O)-c1cn(C)nc1CC4)C(C)C,1,IC50,7.64,1,CHEMBL257794
CO/N=C(/c1ccc2[nH]c3c4c(c5c(c3c2c1)CNC5=O)-c1cn(C)nc1CC4)C(C)C,1,IC50,8.4,1,CHEMBL257793
CCO/N=C(\C)c1ccc2[nH]c3c4c(c5c(c3c2c1)CNC5=O)-c1cn(C)nc1CC4,1,IC50,8.7,1,CHEMBL404718
CO/N=C(\C)c1ccc2[nH]c3c4c(c5c(c3c2c1)CNC5=O)-c1cn(C)nc1CC4,1,IC50,9.0,1,CHEMBL257789
CCO/N=C/c1ccc2[nH]c3c4c(c5c(c3c2c1)CNC5=O)-c1cn(C)nc1CC4,1,IC50,8.4,1,CHEMBL257788
Nc1n[nH]c2nccc(-c3ccc(NC(=O)Nc4ccccc4)cc3)c12,1,IC50,8.4,6,CHEMBL404223
CCCNC(=O)Nc1ccc(-c2ccnc3[nH]nc(N)c23)cc1,1,IC50,6.62,3,CHEMBL256682
Nc1n[nH]c2nccc(-c3ccc(NC(=O)NCC4CCCCC4)cc3)c12,1,IC50,7.19,3,CHEMBL255526
Nc1n[nH]c2nccc(-c3ccc(NC(=O)NC4CCCCC4)cc3)c12,1,IC50,6.94,3,CHEMBL403070
Nc1n[nH]c2nccc(-c3ccc(NC(=O)Nc4ccsc4)cc3)c12,1,IC50,7.9,6,CHEMBL257533
Cc1cc(NC(=O)Nc2ccc(-c3nccc4[nH]nc(N)c34)cc2)ccc1F,1,IC50,7.7,6,CHEMBL439068
Cc1cc(C)cc(NC(=O)Nc2ccc(-c3nccc4[nH]nc(N)c34)cc2)c1,1,IC50,7.92,6,CHEMBL272767
Cc1ccc(F)c(NC(=O)Nc2ccc(-c3nccc4[nH]nc(N)c34)cc2)c1,1,IC50,7.75,6,CHEMBL404257
Nc1n[nH]c2ccnc(-c3ccc(NC(=O)Nc4cccc(C(F)(F)F)c4)cc3)c12,1,IC50,8.15,6,CHEMBL404571
Nc1n[nH]c2ccnc(-c3ccc(NC(=O)Nc4cccc(Cl)c4)cc3)c12,1,IC50,7.92,6,CHEMBL256825
Cn1nc(N)c2c(-c3ccc(NC(=O)Nc4ccc(F)c(C(F)(F)F)c4)cc3)cncc21,1,IC50,8.43,6,CHEMBL256824
Cc1ccc(F)c(NC(=O)Nc2ccc(-c3cncc4c3c(N)nn4C)cc2)c1,1,IC50,8.52,6,CHEMBL402846
Cn1nc(N)c2c(-c3ccc(NC(=O)Nc4cccc(Cl)c4)cc3)cncc21,1,IC50,8.82,7,CHEMBL404366
Cc1cccc(NC(=O)Nc2ccc(-c3cncc4c3c(N)nn4C)cc2)c1,1,IC50,8.74,7,CHEMBL404367
Cc1cc(NC(=O)Nc2ccc(-c3cncc4[nH]nc(N)c34)cc2)ccc1F,1,IC50,9.15,6,CHEMBL404669
Nc1n[nH]c2cncc(-c3ccc(NC(=O)Nc4cc(C(F)(F)F)ccc4F)cc3)c12,1,IC50,9.0,6,CHEMBL256246
Cc1ccc(F)c(NC(=O)Nc2ccc(-c3cncc4[nH]nc(N)c34)cc2)c1,1,IC50,9.0,7,CHEMBL271441
Nc1n[nH]c2cncc(-c3ccc(NC(=O)Nc4cccc(Cl)c4)cc3)c12,1,IC50,8.92,6,CHEMBL404342
Cc1cccc(NC(=O)Nc2ccc(-c3cncc4[nH]nc(N)c34)cc2)c1,1,IC50,9.22,7,CHEMBL272938
Nc1n[nH]c2nccc(-c3ccc(NC(=O)Nc4ccc(F)c(Cl)c4)cc3)c12,1,IC50,8.74,6,CHEMBL256205
Nc1n[nH]c2nccc(-c3ccc(NC(=O)Nc4ccc(F)c(C(F)(F)F)c4)cc3)c12,1,IC50,8.7,6,CHEMBL403439
Cc1cc(NC(=O)Nc2ccc(-c3ccnc4[nH]nc(N)c34)cc2)ccc1F,1,IC50,8.96,8,CHEMBL273187
Nc1n[nH]c2nccc(-c3ccc(NC(=O)Nc4cc(C(F)(F)F)ccc4F)cc3)c12,1,IC50,8.62,7,CHEMBL403402
Cc1ccc(F)c(NC(=O)Nc2ccc(-c3ccnc4[nH]nc(N)c34)cc2)c1,1,IC50,9.0,6,CHEMBL255743
Cc1cc(C)cc(NC(=O)Nc2ccc(-c3ccnc4[nH]nc(N)c34)cc2)c1,1,IC50,9.0,6,CHEMBL255744
Nc1n[nH]c2nccc(-c3ccc(NC(=O)Nc4cc(F)cc(F)c4)cc3)c12,1,IC50,8.2,6,CHEMBL258141
COc1cccc(NC(=O)Nc2ccc(-c3ccnc4[nH]nc(N)c34)cc2)c1,1,IC50,8.42,6,CHEMBL256043
Nc1n[nH]c2nccc(-c3ccc(NC(=O)Nc4cccc(C(F)(F)F)c4)cc3)c12,1,IC50,8.77,6,CHEMBL255955
Nc1n[nH]c2nccc(-c3ccc(NC(=O)Nc4cccc(Cl)c4)cc3)c12,1,IC50,9.0,6,CHEMBL255746
Cc1ccc(NC(=O)Nc2ccc(-c3ccnc4[nH]nc(N)c34)cc2)cc1,1,IC50,8.54,6,CHEMBL255956
Cc1cccc(NC(=O)Nc2ccc(-c3ccnc4[nH]nc(N)c34)cc2)c1,1,IC50,9.0,6,CHEMBL257479
Cc1ccccc1NC(=O)Nc1ccc(-c2ccnc3[nH]nc(N)c23)cc1,1,IC50,8.66,6,CHEMBL257292
COc1nc(Nc2ccc(N3CCN(C)CC3)cc2)ncc1C(=O)Nc1cc(C(=O)Nc2cccc(C(F)(F)F)c2F)ccc1C,1,IC50,6.59,1,CHEMBL257858
CNc1ncc(C(=O)Nc2cc(C(=O)Nc3cccc(C(F)(F)F)c3F)ccc2C)c(OC)n1,0,IC50 (>),4.6,1,CHEMBL255533
COc1nc(NCCCCN(C)C)ncc1C(=O)Nc1cc(C(=O)Nc2cccc(C(F)(F)F)c2C)ccc1C,0,IC50 (>),4.6,1,CHEMBL255132
COc1nc(NCCCN2CCN(C)CC2)ncc1C(=O)Nc1cc(C(=O)Nc2cccc(C(F)(F)F)c2C)ccc1C,0,IC50 (>),4.6,1,CHEMBL255989
COc1nc(NC2CCN(C)CC2)ncc1C(=O)Nc1cc(C(=O)Nc2cccc(C(F)(F)F)c2)ccc1C,0,IC50 (>),4.6,1,CHEMBL271650
Cc1ccc(C(=O)Nc2cccc(C(F)(F)F)c2)cc1NC(=O)c1cnc(NCCN2CCOCC2)nc1Oc1ccccc1,0,IC50 (>),4.6,1,CHEMBL408292
CNc1ncc(C(=O)Nc2cc(C(=O)Nc3cccc(C(F)(F)F)c3)ccc2C)c(Oc2ccccc2)n1,0,IC50 (>),4.6,1,CHEMBL271099
CNc1ncc(C(=O)Nc2cc(C(=O)Nc3cccc(C(F)(F)F)c3C)ccc2C)c(OC)n1,0,IC50 (>),4.6,1,CHEMBL271101
CC(C)c1c(-c2nnco2)cn2ncnc(Nc3cc(C(=O)NC4CC4)c(F)cc3F)c12,1,IC50,6.7,1,CHEMBL439428
Cc1nnc(-c2cn3ncnc(Nc4cc(C(=O)NC5CC5)c(F)cc4F)c3c2C(C)C)o1,1,IC50,7.24,1,CHEMBL257836
CC(C)c1c(-c2nnc(CN3CCC(O)C3)o2)cn2ncnc(Nc3cc(C(=O)NC4CC4)c(F)cc3F)c12,1,IC50,6.7,1,CHEMBL404402
CC(C)c1c(-c2nnc(CN3CCOCC3)o2)cn2ncnc(Nc3cc(C(=O)NC4CC4)c(F)cc3F)c12,1,IC50,6.64,1,CHEMBL255547
CC(C)c1c(-c2nnc(CN(C)C)o2)cn2ncnc(Nc3cc(C(=O)NC4CC4)c(F)cc3F)c12,1,IC50,6.8,1,CHEMBL255764
CNCc1nnc(-c2cn3ncnc(Nc4cc(C(=O)NC5CC5)c(F)cc4F)c3c2C(C)C)o1,1,IC50,6.82,1,CHEMBL255974
CC(C)c1c(-c2nnc(CN)o2)cn2ncnc(Nc3cc(C(=O)NC4CC4)c(F)cc3F)c12,1,IC50,6.96,1,CHEMBL401857
CNc1nnc(-c2cn3ncnc(Nc4cc(C(=O)NC5CC5)c(F)cc4F)c3c2C(C)C)o1,1,IC50,7.7,1,CHEMBL404401
CC(C)c1c(-c2nnc(OC3CCNCC3)o2)cn2ncnc(Nc3cc(C(=O)NC4CC4)c(F)cc3F)c12,1,IC50,7.96,1,CHEMBL258046
CC(C)c1c(-c2nnc(OCC3CCNCC3)o2)cn2ncnc(Nc3cc(C(=O)NC4CC4)c(F)cc3F)c12,1,IC50,7.58,1,CHEMBL270368
CC(C)c1c(-c2nnc(O[C@H]3CCNC3)o2)cn2ncnc(Nc3cc(C(=O)NC4CC4)c(F)cc3F)c12,1,IC50,7.44,1,CHEMBL402279
CC(N)COc1nnc(-c2cn3ncnc(Nc4cc(C(=O)NC5CC5)c(F)cc4F)c3c2C(C)C)o1,1,IC50,6.52,1,CHEMBL256195
CC(C)c1c(-c2nnc(N3CCN(C)CC3)o2)cn2ncnc(Nc3cc(C(=O)NC4CC4)c(F)cc3F)c12,1,IC50,7.68,1,CHEMBL429845
CC(C)c1c(-c2nnc(N3CCC(N)CC3)o2)cn2ncnc(Nc3cc(C(=O)NC4CC4)c(F)cc3F)c12,1,IC50,8.0,1,CHEMBL271864
CC(C)c1c(-c2nnc(NCCCCN)o2)cn2ncnc(Nc3cc(C(=O)NC4CC4)c(F)cc3F)c12,1,IC50,7.85,1,CHEMBL270193
CC(C)c1c(-c2nnc(NCCCN(C)C)o2)cn2ncnc(Nc3cc(C(=O)NC4CC4)c(F)cc3F)c12,1,IC50,7.92,1,CHEMBL271310
CNCCCNc1nnc(-c2cn3ncnc(Nc4cc(C(=O)NC5CC5)c(F)cc4F)c3c2C(C)C)o1,1,IC50,7.8,1,CHEMBL271512
CC(C)c1c(-c2nnc(NCCCN)o2)cn2ncnc(Nc3cc(C(=O)NC4CC4)c(F)cc3F)c12,1,IC50,7.77,1,CHEMBL402319
CC(C)c1c(-c2nnc(NCC(C)(C)CN)o2)cn2ncnc(Nc3cc(C(=O)NC4CC4)c(F)cc3F)c12,1,IC50,7.7,1,CHEMBL270869
CC(C)c1c(-c2nnc(NCC(C)(C)N)o2)cn2ncnc(Nc3cc(C(=O)NC4CC4)c(F)cc3F)c12,1,IC50,6.66,1,CHEMBL271087
CC(C)c1c(-c2nnc(NCCO)o2)cn2ncnc(Nc3cc(C(=O)NC4CC4)c(F)cc3F)c12,1,IC50,7.5,1,CHEMBL271941
CC(C)Nc1nnc(-c2cn3ncnc(Nc4cc(C(=O)NC5CC5)c(F)cc4F)c3c2C(C)C)o1,1,IC50,7.68,1,CHEMBL407708
CCCNc1nnc(-c2cn3ncnc(Nc4cc(C(=O)NC5CC5)c(F)cc4F)c3c2C(C)C)o1,1,IC50,7.77,1,CHEMBL407944
CC(C)c1c(-c2nnc(N(C)C)o2)cn2ncnc(Nc3cc(C(=O)NC4CC4)c(F)cc3F)c12,1,IC50,7.42,1,CHEMBL255394
Nc1ccc(-c2cccc3onc(N)c23)cc1,0,IC50,4.72,1,CHEMBL407485
Cc1ccc(F)c(NC(=O)Nc2ccc(-c3ccc(OCCN4CCOCC4)c4onc(N)c34)cc2)c1,1,IC50,7.66,2,CHEMBL406404
Cc1ccc(F)c(NC(=O)Nc2ccc(-c3ccc(CN4CCOCC4)c4onc(N)c34)cc2)c1,1,IC50,6.44,1,CHEMBL270489
Cc1ccc(F)c(NC(=O)Nc2ccc(-c3ccc(OC(F)(F)F)c4onc(N)c34)cc2)c1,1,IC50,6.8,2,CHEMBL273048
Cc1ccc(F)c(NC(=O)Nc2ccc(-c3ccc(F)c4onc(N)c34)cc2)c1,1,IC50,6.68,1,CHEMBL260305
Cc1ccc(F)c(NC(=O)Nc2ccc(-c3ccc(C)c4onc(N)c34)cc2)c1,1,IC50,7.41,2,CHEMBL260307
COc1ccc(-c2ccc(NC(=O)Nc3cccc(Cl)c3)cc2)c2c(N)noc12,1,IC50,7.75,2,CHEMBL269884
COc1ccc(-c2ccc(NC(=O)Nc3cccc(C(F)(F)F)c3)cc2)c2c(N)noc12,1,IC50,7.96,2,CHEMBL430090
COc1ccc(-c2ccc(NC(=O)Nc3cc(C)ccc3F)cc2)c2c(N)noc12,1,IC50,7.7,2,CHEMBL270084
Cc1ccc(NC(=O)Nc2ccc(-c3cccc4onc(N)c34)cc2)cc1Cl,1,IC50,8.1,2,CHEMBL270506
COc1ccc(NC(=O)Nc2ccc(-c3cccc4onc(N)c34)cc2)cc1Cl,1,IC50,8.1,2,CHEMBL272453
Nc1noc2cccc(-c3ccc(NC(=O)Nc4cc(F)cc(F)c4)cc3)c12,1,IC50,7.17,2,CHEMBL269862
Nc1noc2cccc(-c3ccc(NC(=O)Nc4ccc(F)c(Cl)c4)cc3)c12,1,IC50,7.72,2,CHEMBL273077
Nc1noc2cccc(-c3ccc(NC(=O)Nc4ccc(F)c(C(F)(F)F)c4)cc3)c12,1,IC50,7.64,2,CHEMBL410663
Cc1ccc(NC(=O)Nc2ccc(-c3cccc4onc(N)c34)cc2)cc1F,1,IC50,7.82,2,CHEMBL410664
Nc1noc2cccc(-c3ccc(NC(=O)Nc4cc(C(F)(F)F)ccc4F)cc3)c12,1,IC50,7.1,2,CHEMBL271386
Cc1cc(C)cc(NC(=O)Nc2ccc(-c3cccc4onc(N)c34)cc2)c1,1,IC50,8.52,3,CHEMBL409349
Nc1noc2cccc(-c3ccc(NC(=O)Nc4ccc(OC(F)(F)F)cc4)cc3)c12,1,IC50,7.38,2,CHEMBL271955
Nc1noc2cccc(-c3ccc(NC(=O)Nc4ccc(F)cc4)cc3)c12,1,IC50,7.64,2,CHEMBL406660
COc1ccc(NC(=O)Nc2ccc(-c3cccc4onc(N)c34)cc2)cc1,1,IC50,7.66,2,CHEMBL269885
Nc1noc2cccc(-c3ccc(NC(=O)Nc4ccc(C(F)(F)F)cc4)cc3)c12,1,IC50,7.5,2,CHEMBL269886
Cc1ccc(NC(=O)Nc2ccc(-c3cccc4onc(N)c34)cc2)cc1,1,IC50,7.8,2,CHEMBL272645
Nc1noc2cccc(-c3ccc(NC(=O)Nc4cccc(Cl)c4)cc3)c12,1,IC50,8.1,2,CHEMBL271600
Nc1noc2cccc(-c3ccc(NC(=O)Nc4cccc(Br)c4)cc3)c12,1,IC50,8.3,2,CHEMBL272802
Nc1noc2cccc(-c3ccc(NC(=O)Nc4cccc(F)c4)cc3)c12,1,IC50,7.68,2,CHEMBL270086
Nc1noc2cccc(-c3ccc(NC(=O)Nc4cccc([N+](=O)[O-])c4)cc3)c12,1,IC50,7.77,2,CHEMBL272183
COc1cccc(NC(=O)Nc2ccc(-c3cccc4onc(N)c34)cc2)c1,1,IC50,7.96,2,CHEMBL269894
Cc1cccc(NC(=O)Nc2ccc(-c3cccc4onc(N)c34)cc2)c1,1,IC50,8.3,2,CHEMBL410130
Nc1noc2cccc(-c3ccc(NC(=O)Nc4ccccc4OC(F)(F)F)cc3)c12,1,IC50,6.09,2,CHEMBL409912
Nc1noc2cccc(-c3ccc(NC(=O)Nc4ccccc4F)cc3)c12,1,IC50,6.5,2,CHEMBL410504
Nc1noc2cccc(-c3ccc(NC(=O)Nc4ccccc4)cc3)c12,1,IC50,7.64,2,CHEMBL411725
Nc1nsc2cccc(-c3ccc(NC(=O)Nc4cccc(C(F)(F)F)c4)cc3)c12,1,IC50,6.61,1,CHEMBL272425
Cc1ccc(F)c(NC(=O)Nc2ccc(-c3cccc4snc(N)c34)cc2)c1,1,IC50,6.2,1,CHEMBL271795
Nc1noc2cccc(-c3ccc(NC(=O)Nc4cccc(C(F)(F)F)c4)cc3)c12,1,IC50,7.43,2,CHEMBL271796
Cc1ccc(F)c(NC(=O)Nc2ccc(-c3cccc4onc(N)c34)cc2)c1,1,IC50,7.89,2,CHEMBL271170
Nc1noc2cccc(-c3ccc(NC(=O)/C=C/c4cccc(C(F)(F)F)c4)cc3)c12,0,IC50 (>),4.9,1,CHEMBL270069
Nc1noc2cccc(-c3ccc(NC(=O)c4ccccc4)cc3)c12,0,IC50 (>),4.9,1,CHEMBL405370
NC(=O)Nc1ccc(-c2cccc3onc(N)c23)cc1,0,IC50,4.9,1,CHEMBL270070
COc1ccc(-c2ccc(NC(=O)Nc3cccc(Br)c3)cc2)c2c(N)noc12,1,IC50,8.1,3,CHEMBL271381
COC[C@H]1OC(=O)/C(=C/N(C)CCCN(C)C)C2=C(O)C(=O)C3=C([C@H](OC(C)=O)C[C@]4(C)[C@@H](O)CC[C@@H]34)[C@]21C,0,IC50 (>),5.0,1,CHEMBL410643
COC[C@H]1OC(=O)/C(=C/N(CCO)C(C)(C)C)C2=C(O)C(=O)C3=C([C@H](OC(C)=O)C[C@]4(C)[C@@H](O)CC[C@@H]34)[C@]21C,0,IC50 (>),5.0,1,CHEMBL271190
CCCCOc1ccc(-n2c(=O)c3cnc(Nc4ccc(N5CCN(C)CC5)cc4)nc3n3c4ccccc4nc23)cc1,0,IC50 (>),4.6,1,CHEMBL406685
COc1ccc(Cl)cc1-n1c(=O)c2cnc(Nc3ccc(N4CCN(C)CC4)cc3)nc2n2c3ccccc3nc12,0,IC50 (>),4.6,1,CHEMBL406684
Cc1cccc(-n2c(=O)c3cnc(Nc4ccc(N5CCN(C)CC5)cc4)nc3n3c4ccccc4nc23)c1,0,IC50 (>),4.6,1,CHEMBL409447
Cc1ccc(-n2c(=O)c3cnc(Nc4ccc(N5CCN(C)CC5)cc4)nc3n3c4ccccc4nc23)cc1,0,IC50 (>),4.6,1,CHEMBL270085
CN1CCN(c2ccc(Nc3ncc4c(=O)n(-c5c(Cl)cc(Cl)cc5Cl)c5nc6ccccc6n5c4n3)cc2)CC1,1,IC50,6.32,1,CHEMBL254674
CN1CCN(c2ccc(Nc3ncc4c(=O)n(-c5c(Cl)cccc5Cl)c5nc6ccccc6n5c4n3)cc2)CC1,1,IC50,6.28,1,CHEMBL406661
COc1cc(Nc2ncnc(-n3c(Nc4c(C)cccc4C)nc4ccccc43)n2)cc(OC)c1OC,1,IC50,8.4,1,CHEMBL270692
COc1cc(Nc2ncnc(-n3c(Nc4ccccc4)nc4ccccc43)n2)cc(OC)c1OC,1,IC50,8.15,1,CHEMBL271131
Cc1cc(-c2ccccc2)cc2nnc(Nc3ccc(OCCN4CCCC4)cc3)nc12,1,IC50,6.28,1,CHEMBL230685
Cc1cc(-c2cc(O)ccc2Cl)cc2nnc(Nc3ccc(CCCN4CCCC4)cc3)nc12,1,IC50,8.57,1,CHEMBL250213
Cc1cc(-c2cc(O)ccc2Cl)cc2nnc(Nc3ccc(S(=O)(=O)C4CCNCC4)cc3)nc12,1,IC50,8.77,1,CHEMBL250625
Cc1cc(-c2cc(O)ccc2Cl)cc2nnc(Nc3ccc(C(=O)N4CCNCC4)cc3)nc12,1,IC50,6.28,1,CHEMBL250214
Cc1cc(-c2cc(O)ccc2Cl)cc2nnc(Nc3ccc(S(=O)(=O)NCCN4CCCC4)cc3)nc12,1,IC50,8.33,1,CHEMBL249821
Cc1cc(-c2cc(O)ccc2Cl)cc2nnc(Nc3ccc(OCCN4CCCC4)cc3)nc12,1,IC50,8.66,1,CHEMBL400402
COc1cc2nccc(Oc3ccc4c(c3)OCCN4C(=O)Nc3ccccc3)c2cc1OC,1,IC50,9.0,2,CHEMBL429430
COc1cc2nccc(Oc3ccc4c(c3)OCCN4C(=O)N[C@H](C)c3ccccc3)c2cc1OC,1,IC50,7.4,2,CHEMBL409933
COc1cc2nccc(Oc3ccc4c(c3)OCCN4C(=O)N[C@@H](C)c3ccccc3)c2cc1OC,1,IC50,9.0,2,CHEMBL270306
COc1cc2nccc(Oc3ccc4c(c3)OCCN4C(=O)NCc3ccc(C)cc3)c2cc1OC,1,IC50,7.59,2,CHEMBL270093
COc1cc2nccc(Oc3ccc4c(c3)OCCN4C(=O)NCc3ccccc3)c2cc1OC,1,IC50,7.28,2,CHEMBL272874
COc1cc2nccc(Oc3ccc4c(c3)OCCN4C(=O)NC(C)C)c2cc1OC,1,IC50,7.4,2,CHEMBL270545
CCNC(=O)N1CCOc2cc(Oc3ccnc4cc(OC)c(OC)cc34)ccc21,1,IC50,9.0,2,CHEMBL272875
CNC(=O)N1CCOc2cc(Oc3ccnc4cc(OC)c(OC)cc34)ccc21,1,IC50,7.4,2,CHEMBL272609
COc1cc2nccc(Oc3ccc4c(c3)OCCN4C(N)=O)c2cc1OC,1,IC50,7.24,2,CHEMBL405040
COc1cc2nccc(Oc3ccc4c(c3)OCCN4C(=O)Nc3ccc(F)cc3)c2cc1OC,1,IC50,8.52,2,CHEMBL272822
COc1cc2nccc(Oc3ccc4c(c3)OCCN4C(=O)Nc3ccc(Cl)cc3)c2cc1OC,1,IC50,9.3,2,CHEMBL270548
COc1cc2nccc(Oc3ccc4c(c3)OCCN4C(=O)Nc3cccc(Cl)c3)c2cc1OC,1,IC50,9.0,2,CHEMBL272878
COc1cc2nccc(Oc3ccc4c(c3)OCCN4C(=O)Nc3ccccc3Cl)c2cc1OC,1,IC50,7.72,2,CHEMBL270550
COc1cc2nccc(Oc3ccc4c(c3)OCCN4C(=O)Nc3ccc(C)cc3)c2cc1OC,1,IC50,9.7,2,CHEMBL411630
COc1cc2nccc(Oc3ccc4c(c3)OCCN4C(=O)Nc3cccc(C)c3)c2cc1OC,1,IC50,9.0,2,CHEMBL270057
COc1cc2nccc(Oc3ccc4c(c3)OCCN4C(=O)Nc3ccccc3C)c2cc1OC,1,IC50,9.0,2,CHEMBL270058
CNC(=O)c1cc(Oc2ccc3c(c2)OCCN3C(=O)Nc2ccc(C)cc2)ccn1,1,IC50,7.21,2,CHEMBL272688
CNC(=O)c1cc(Oc2ccc3c(c2)OCCN3C(=O)Nc2ccc(Cl)cc2)ccn1,1,IC50,7.02,2,CHEMBL271960
Cc1ccc(NC(=O)N2CCOc3cc(Oc4ncnc5[nH]ccc45)ccc32)cc1,1,IC50,7.59,2,CHEMBL272170
O=C(Nc1ccc(Cl)cc1)N1CCOc2cc(Oc3ncnc4[nH]ccc34)ccc21,1,IC50,7.11,2,CHEMBL270953
COc1cc2nccc(Oc3ccc4c(c3)OCCN4C(=O)Nc3ccc(C)cc3)c2cc1C(N)=O,1,IC50,9.3,1,CHEMBL270954
COc1cc2nccc(Oc3ccc4c(c3)OCCN4C(=O)Nc3ccc(Cl)cc3)c2cc1C(N)=O,1,IC50,9.22,1,CHEMBL409867
COc1cc2nccc(Oc3ccc4c(C(=O)Nc5ccc(Cl)cc5)cccc4c3)c2cc1OC,1,IC50,10.52,6,CHEMBL429743
CN1CCN(c2ccc(Nc3ncc(NC(=O)c4c(Cl)cccc4Cl)cn3)cc2)CC1,0,IC50 (>),4.6,1,CHEMBL541726
Cc1ccc(NC(=O)c2cccc(C(F)(F)F)c2)cc1C(=O)Nc1cnc(NC2CCN(C)CC2)nc1,0,IC50 (>),4.6,1,CHEMBL271372
CN1CCN(c2ccc(Nc3ncc(NC(=O)c4cc(NC(=O)c5ccc6c(c5)OC(F)(F)O6)ccc4Cl)cn3)cc2)CC1,1,IC50,7.89,1,CHEMBL271154
COc1cc(OC)cc(C(=O)Nc2ccc(C)c(C(=O)Nc3cnc(Nc4ccc(N5CCN(C)CC5)cc4)nc3)c2)c1,1,IC50,6.92,1,CHEMBL272850
Cc1ccc(NC(=O)c2ccc(C(C)(C)C)cc2)cc1C(=O)Nc1cnc(Nc2ccc(N3CCN(C)CC3)cc2)nc1,1,IC50,7.5,1,CHEMBL405401
Cc1ccc(NC(=O)c2ccc3c(c2)OC(F)(F)O3)cc1C(=O)Nc1cnc(Nc2ccc(N3CCN(C)CC3)cc2)nc1,1,IC50,6.57,1,CHEMBL271141
Cc1ccc(NC(=O)c2cccc(C(F)(F)F)c2C)cc1C(=O)Nc1cnc(Nc2ccc(N3CCN(C)CC3)cc2)nc1,1,IC50,7.27,1,CHEMBL271140
Cc1ccc(NC(=O)c2cc(F)cc(C(F)(F)F)c2)cc1C(=O)Nc1cnc(Nc2ccc(N3CCN(C)CC3)cc2)nc1,1,IC50,7.77,1,CHEMBL407063
Cc1ccc(NC(=O)c2ccccc2)cc1C(=O)Nc1cnc(Nc2ccc(N3CCN(C)CC3)cc2)nc1,1,IC50,6.02,1,CHEMBL271760
Cc1ccc(NC(=O)Nc2cccc(C(F)(F)F)c2)cc1C(=O)Nc1cnc(Nc2ccc(N3CCN(C)CC3)cc2)nc1,1,IC50,7.39,1,CHEMBL405666
Cc1ccc(NC(=O)Nc2cccc(C(F)(F)F)c2)cc1C(=O)Nc1cnc(N)nc1,1,IC50,6.23,1,CHEMBL271375
Cc1ccc(NC(=O)Nc2cccc(C(F)(F)F)c2)cc1-c1ccc2nc(N)ncc2c1,1,IC50,6.77,1,CHEMBL409914
Cc1ccc(NC(=O)c2cccc(C(F)(F)F)c2)cc1C(=O)Nc1cnc(Nc2ccc(N3CCN(C)CC3)cc2)nc1,1,IC50,7.62,1,CHEMBL272888
Cc1ccc(NC(=O)c2cccc(C(F)(F)F)c2)cc1C(=O)Nc1cnc(N)nc1,1,IC50,6.9,1,CHEMBL411632
Cc1ccc(NC(=O)c2cccc(C(F)(F)F)c2)cc1-c1ccc2nc(N)ncc2c1,1,IC50,8.22,1,CHEMBL429582
Cc1ccc(C(=O)Nc2cccc(C(F)(F)F)c2)cc1C(=O)Nc1cnc(Nc2ccc(N3CCN(C)CC3)cc2)nc1,1,IC50,8.3,1,CHEMBL408070
Cc1ccc(C(=O)Nc2cccc(C(F)(F)F)c2)cc1C(=O)Nc1cnc(N)nc1,1,IC50,6.69,2,CHEMBL272902
COc1cc2nccc(Oc3ccc4c(C(N)=O)cccc4c3)c2cc1C(N)=O,1,IC50,8.89,1,CHEMBL260532
COCCNC(=O)c1cccc2cc(Oc3ccnc4cc(OC)c(C(N)=O)cc34)ccc12,1,IC50,7.66,1,CHEMBL260531
COc1cc2nccc(Oc3ccc4c(C(=O)NC5CC5)cccc4c3)c2cc1C(N)=O,1,IC50,9.43,1,CHEMBL272250
COc1ccc2c(Oc3ccc4c(C(N)=O)cccc4c3)ccnc2c1,1,IC50,8.92,2,CHEMBL272252
COCCNC(=O)c1cccc2cc(Oc3ccnc4cc(OC)ccc34)ccc12,1,IC50,7.55,2,CHEMBL272251
COc1ccc2c(Oc3ccc4c(C(=O)NC5CC5)cccc4c3)ccnc2c1,1,IC50,9.35,2,CHEMBL270342
COc1cc2ncnc(Oc3ccc4c(C(N)=O)cccc4c3)c2cc1OC,1,IC50,8.89,1,CHEMBL270556
COCCNC(=O)c1cccc2cc(Oc3ncnc4cc(OC)c(OC)cc34)ccc12,1,IC50,6.5,2,CHEMBL412278
COc1cc2ncnc(Oc3ccc4c(C(=O)NC5CC5)cccc4c3)c2cc1OC,1,IC50,8.54,2,CHEMBL411284
COc1cc2nccc(Oc3ccc4c(C(N)=O)cccc4c3)c2cc1OC,1,IC50,9.05,2,CHEMBL271984
COCCCNC(=O)c1cccc2cc(Oc3ccnc4cc(OC)c(OC)cc34)ccc12,1,IC50,8.38,2,CHEMBL271189
COCCNC(=O)c1cccc2cc(Oc3ccnc4cc(OC)c(OC)cc34)ccc12,1,IC50,7.92,2,CHEMBL271188
COc1cc2nccc(Oc3ccc4c(C(=O)NCC(F)(F)F)cccc4c3)c2cc1OC,1,IC50,8.42,1,CHEMBL410840
COc1cc2nccc(Oc3ccc4c(C(=O)NC(C)C)cccc4c3)c2cc1OC,1,IC50,8.3,3,CHEMBL408211
CCCNC(=O)c1cccc2cc(Oc3ccnc4cc(OC)c(OC)cc34)ccc12,1,IC50,8.89,3,CHEMBL409103
CCNC(=O)c1cccc2cc(Oc3ccnc4cc(OC)c(OC)cc34)ccc12,1,IC50,8.89,2,CHEMBL269871
CNC(=O)c1cccc2cc(Oc3ccnc4cc(OC)c(OC)cc34)ccc12,1,IC50,8.42,2,CHEMBL270754
COc1cc2nccc(Oc3ccc4c(C(=O)NCC5CC5)cccc4c3)c2cc1OC,1,IC50,7.96,2,CHEMBL270755
COc1cc2nccc(Oc3ccc4c(C(=O)NC5(C)CC5)cccc4c3)c2cc1OC,1,IC50,7.82,3,CHEMBL428961
COc1cc2nccc(Oc3ccc4c(C(=O)NC5CCCC5)cccc4c3)c2cc1OC,1,IC50,8.05,3,CHEMBL410903
COc1cc2nccc(Oc3ccc4c(C(=O)NC5CCC5)cccc4c3)c2cc1OC,1,IC50,8.89,3,CHEMBL259252
COc1cc2nccc(Oc3ccc4c(C(=O)NC5CC5)cccc4c3)c2cc1OC,1,IC50,9.22,4,CHEMBL272198
CNC(=O)c1cc(Oc2ccc3oc(Nc4ccc(Cl)c(OC[C@H]5CCCN5C)c4)nc3c2)ccn1,1,IC50,8.52,1,CHEMBL429410
CNC(=O)c1cc(Oc2ccc3c(C(=O)Nc4ccc(Cl)cc4)cccc3c2)ccn1,1,IC50,8.52,2,CHEMBL271181
COc1cc2nccc(Oc3ccc4c(C(=O)Nc5cc(C(C)(C)C)on5)cccc4c3)c2cc1OC,1,IC50,9.1,2,CHEMBL408478
COc1cc2nccc(Oc3ccc4c(C(=O)Nc5cc(C)no5)cccc4c3)c2cc1OC,1,IC50,9.0,2,CHEMBL270978
COc1cc2nccc(Oc3ccc4c(C(=O)Nc5cc(C)on5)cccc4c3)c2cc1OC,1,IC50,9.22,2,CHEMBL259461
COc1cc2nccc(Oc3ccc4c(C(=O)Nc5ccon5)cccc4c3)c2cc1OC,1,IC50,9.7,2,CHEMBL409538
COc1cc2nccc(Oc3ccc4c(C(=O)Nc5nccs5)cccc4c3)c2cc1OC,1,IC50,9.52,2,CHEMBL272691
COc1cc2nccc(Oc3ccc4c(C(=O)Nc5ccncc5)cccc4c3)c2cc1OC,1,IC50,8.7,2,CHEMBL272693
COc1cc2nccc(Oc3ccc4c(C(=O)Nc5cccnc5)cccc4c3)c2cc1OC,1,IC50,9.1,2,CHEMBL406388
COc1cc2nccc(Oc3ccc4c(C(=O)Nc5ccccn5)cccc4c3)c2cc1OC,1,IC50,9.1,2,CHEMBL269915
COc1cc2nccc(Oc3ccc4c(C(=O)Nc5ccc(Cl)c(C(F)(F)F)c5)cccc4c3)c2cc1OC,1,IC50,9.0,2,CHEMBL269914
COc1cc2nccc(Oc3ccc4c(C(=O)Nc5cc(Cl)cc(Cl)c5)cccc4c3)c2cc1OC,1,IC50,9.52,2,CHEMBL269916
COc1cc2nccc(Oc3ccc4c(C(=O)Nc5ccc(Cl)cc5Cl)cccc4c3)c2cc1OC,1,IC50,8.7,2,CHEMBL270983
COc1cc2nccc(Oc3ccc4c(C(=O)Nc5ccc(C(C)(C)C)cc5)cccc4c3)c2cc1OC,1,IC50,9.15,2,CHEMBL407715
COc1cc2nccc(Oc3ccc4c(C(=O)Nc5ccc(C(F)(F)F)cc5)cccc4c3)c2cc1OC,1,IC50,9.3,2,CHEMBL270985
COc1cc2nccc(Oc3ccc4c(C(=O)Nc5cccc(C(F)(F)F)c5)cccc4c3)c2cc1OC,1,IC50,9.3,2,CHEMBL271563
COc1cc2nccc(Oc3ccc4c(C(=O)Nc5ccc(C)cc5)cccc4c3)c2cc1OC,1,IC50,9.3,2,CHEMBL411091
COc1cc2nccc(Oc3ccc4c(C(=O)Nc5cccc(Cl)c5)cccc4c3)c2cc1OC,1,IC50,9.52,2,CHEMBL270092
COc1cc2nccc(Oc3ccc4c(C(=O)Nc5ccc(F)cc5)cccc4c3)c2cc1OC,1,IC50,9.0,2,CHEMBL410841
COc1cc2nccc(Oc3ccc4c(C(=O)Nc5cccc(F)c5)cccc4c3)c2cc1OC,1,IC50,9.22,2,CHEMBL412291
COc1cc2nccc(Oc3ccc4c(C(=O)Nc5ccccc5F)cccc4c3)c2cc1OC,1,IC50,8.7,2,CHEMBL270547
COc1cc2nccc(Oc3ccc4c(C(=O)Nc5ccccc5)cccc4c3)c2cc1OC,1,IC50,9.7,2,CHEMBL272824
COc1cc2ncnc(Oc3ccc4c(C(=O)Nc5ccc(Cl)cc5)cccc4c3)c2cc1OC,1,IC50,8.7,2,CHEMBL272823
COc1cc2nccc(Oc3ccc4c(C(=O)Nc5ccc(Cl)cc5)cccc4c3)c2cc1C(N)=O,1,IC50,9.7,1,CHEMBL409512
COc1cc2ncc(F)c(Oc3ccc4c(C(=O)Nc5ccc(Cl)cc5)cccc4c3)c2cc1OC,1,IC50,7.7,2,CHEMBL272449
COc1ccc2c(Oc3ccc4c(C(=O)Nc5ccc(Cl)cc5)cccc4c3)ccnc2c1,1,IC50,9.0,2,CHEMBL273062
O=C(Nc1ccc(Cl)cc1)c1cccc2cc(Oc3ccnc4ccccc34)ccc12,1,IC50,8.4,2,CHEMBL273064
O=C(Nc1ccc(Cl)cc1)c1cccc2cc(Oc3ncnc4[nH]ccc34)ccc12,1,IC50,7.55,2,CHEMBL410093
CNc1cc(Oc2ccc3c(C(=O)Nc4ccc(Cl)cc4)cccc3c2)ncn1,1,IC50,7.7,2,CHEMBL272670
CNc1nccc(Oc2ccc3c(C(=O)Nc4ccc(Cl)cc4)cccc3c2)n1,1,IC50,7.34,2,CHEMBL413933
O=C(Nc1ccc(Cl)cc1)c1cccc2cc(Oc3ccncn3)ccc12,1,IC50,6.51,2,CHEMBL270258
CNc1cc(Oc2ccc3c(C(=O)Nc4ccc(Cl)cc4)cccc3c2)ccn1,1,IC50,8.15,2,CHEMBL272827
O=C(Nc1ccc(Cl)cc1)c1cccc2cc(Oc3ccncc3)ccc12,1,IC50,7.75,2,CHEMBL269891
COc1cc2nccc(Nc3ccc4c(C(=O)Nc5ccc(Cl)cc5)cccc4c3)c2cc1OC,1,IC50,8.1,2,CHEMBL270277
COc1cc2nccc(Oc3cc4cccc(C(=O)Nc5ccc(Cl)cc5)c4cn3)c2cc1OC,1,IC50,7.64,2,CHEMBL446367
COc1cc2nccc(Oc3ccc4c(C(=O)Nc5ccc(Cl)cc5)ccnc4c3)c2cc1OC,1,IC50,7.66,2,CHEMBL270745
COc1cc2nccc(Oc3ccc4c(C(=O)Nc5ccc(Cl)cc5)cccc4c3F)c2cc1OC,1,IC50,9.52,2,CHEMBL429585
Cn1cc2c(n1)CCc1c-2c2c(c3c1[nH]c1ccccc13)CNC2=O,1,IC50,7.8,1,CHEMBL258437
CC(C)Cn1c2ccc(C(=O)c3ccoc3)cc2c2c3c(c4c(c21)CCc1nn(C)cc1-4)C(=O)NC3,1,IC50,8.1,1,CHEMBL411520
CC(C)Cn1c2ccc(C(=O)c3ccco3)cc2c2c3c(c4c(c21)CCc1nn(C)cc1-4)C(=O)NC3,1,IC50,8.4,1,CHEMBL410100
CC(C)Cn1c2ccc(C(=O)c3ccsc3)cc2c2c3c(c4c(c21)CCc1nn(C)cc1-4)C(=O)NC3,1,IC50,7.89,1,CHEMBL271849
Cc1csc(C(=O)c2ccc3c(c2)c2c4c(c5c(c2n3CC(C)C)CCc2nn(C)cc2-5)C(=O)NC4)c1,1,IC50,7.96,1,CHEMBL271861
Cc1ccsc1C(=O)c1ccc2c(c1)c1c3c(c4c(c1n2CC(C)C)CCc1nn(C)cc1-4)C(=O)NC3,1,IC50,8.0,1,CHEMBL401881
CC(C)Cn1c2ccc(C(=O)c3sccc3Br)cc2c2c3c(c4c(c21)CCc1nn(C)cc1-4)C(=O)NC3,1,IC50,7.6,1,CHEMBL403158
CC(C)Cn1c2ccc(C(=O)c3sccc3Cl)cc2c2c3c(c4c(c21)CCc1nn(C)cc1-4)C(=O)NC3,1,IC50,8.15,1,CHEMBL269924
CC(C)Cn1c2ccc(C(=O)c3cccs3)cc2c2c3c(c4c(c21)CCc1nn(C)cc1-4)C(=O)NC3,1,IC50,8.22,1,CHEMBL444105
CC(C)n1c2ccc(C(=O)c3cccs3)cc2c2c3c(c4c(c21)CCc1nn(C)cc1-4)C(=O)NC3,1,IC50,7.82,1,CHEMBL402182
CCCn1c2ccc(C(=O)c3cccs3)cc2c2c3c(c4c(c21)CCc1nn(C)cc1-4)C(=O)NC3,1,IC50,8.3,1,CHEMBL255959
CCn1c2ccc(C(=O)c3cccs3)cc2c2c3c(c4c(c21)CCc1nn(C)cc1-4)C(=O)NC3,1,IC50,9.0,1,CHEMBL402531
Cn1cc2c(n1)CCc1c-2c2c(c3c1[nH]c1ccc(C(=O)c4cccs4)cc13)CNC2=O,1,IC50,8.7,1,CHEMBL428876
CC(=O)c1ccc2c(c1)c1c3c(c4c(c1n2CC(C)C)CCc1nn(C)cc1-4)C(=O)NC3,1,IC50,7.68,1,CHEMBL401900
CC(=O)c1ccc2c(c1)c1c3c(c4c(c1n2C(C)C)CCc1nn(C)cc1-4)C(=O)NC3,1,IC50,7.12,1,CHEMBL255404
CCCCn1c2ccc(C(C)=O)cc2c2c3c(c4c(c21)CCc1nn(C)cc1-4)C(=O)NC3,1,IC50,7.58,1,CHEMBL255406
CCCn1c2ccc(C(C)=O)cc2c2c3c(c4c(c21)CCc1nn(C)cc1-4)C(=O)NC3,1,IC50,8.52,1,CHEMBL255405
CCn1c2ccc(C(C)=O)cc2c2c3c(c4c(c21)CCc1nn(C)cc1-4)C(=O)NC3,1,IC50,7.89,1,CHEMBL406909
CC(=O)c1ccc2c(c1)c1c3c(c4c(c1n2C)CCc1nn(C)cc1-4)C(=O)NC3,1,IC50,8.0,1,CHEMBL271301
CC(=O)c1ccc2[nH]c3c4c(c5c(c3c2c1)CNC5=O)-c1cn(C)nc1CC4,1,IC50,7.46,1,CHEMBL404497
CC(C)Cn1c2ccccc2c2c3c(c4c(c21)CCc1nn(C)cc1-4)C(=O)NC3,1,IC50,7.77,1,CHEMBL270827
CCCn1c2ccccc2c2c3c(c4c(c21)CCc1nn(C)cc1-4)C(=O)NC3,1,IC50,7.8,1,CHEMBL271042
CCn1c2ccccc2c2c3c(c4c(c21)CCc1nn(C)cc1-4)C(=O)NC3,1,IC50,7.82,1,CHEMBL270828
COc1cc(Nc2nn3c(N[C@H](CO)Cc4ccccc4)cc(C4CC4)nc3c2C(N)=O)cc(OC)c1,0,IC50 (>),5.0,1,CHEMBL260861
N#CCCc1ccc2c(c1)-c1[nH]c3ccc([N+](=O)[O-])cc3c1CC(=O)N2,1,IC50,6.0,1,CHEMBL260138
O=C1Nc2ccccc2/C1=C/c1cc2c([nH]1)CCC(Br)C2,1,IC50,7.16,1,CHEMBL408565
CCCNC(=O)Nc1ccc(Oc2ncnc3cc(OC)c(OC)cc23)cc1Cl,1,IC50,9.0,2,CHEMBL406381
O=C1Nc2ccccc2/C1=C\c1ccc[nH]1,1,IC50,6.41,1,CHEMBL101797
CC(C)c1cc(/C=C(\C#N)C(=O)NCCCc2ccccc2)cc(C(C)C)c1O,1,IC50,6.16,2,CHEMBL261508
Cc1ccc(C(=O)Nc2ccon2)cc1Nc1ncnc2c1cnn2-c1ccccc1,0,IC50 (>),5.0,1,CHEMBL259922
Nc1nc(N)c2c(n1)NCCC(c1cccc(Cl)c1)=N2,0,IC50,4.68,1,CHEMBL259381
Nc1nc(N)c2c(n1)NCCC(c1ccccc1)=N2,0,IC50,4.46,1,CHEMBL259380
Nc1ncnc2c1N=C(c1cccc(Cl)c1)CCN2,1,IC50,6.22,1,CHEMBL407532
Nc1ncnc2c1N=C(c1ccc(NC(=O)Nc3ccccc3)cc1)CCN2,1,IC50,6.02,1,CHEMBL260093
Cc1ccc(C2=Nc3c(N)ncnc3NCC2)cc1NC(=O)Nc1cccc(C(F)(F)F)c1,1,IC50,8.22,1,CHEMBL403706
Nc1ncnc2c1N=C(c1cccc(NC(=O)Nc3cccc(C(F)(F)F)c3)c1)CCN2,1,IC50,6.9,1,CHEMBL260848
Nc1ncnc2c1N=C(c1cccc(NC(=O)Nc3ccccc3)c1)CCN2,1,IC50,6.05,1,CHEMBL263374
Nc1ncnc2c1N=C(c1ccc(NC(=O)Nc3cc(C(F)(F)F)ccc3F)cc1)CCN2,1,IC50,8.4,1,CHEMBL411903
Cc1ccc(F)c(NC(=O)Nc2ccc(C3=Nc4c(N)ncnc4NCC3)cc2)c1,1,IC50,7.19,1,CHEMBL262607
Nc1ncnc2c1N=C(c1ccc(NC(=O)Nc3ccc(Cl)c(C(F)(F)F)c3)cc1)CCN2,1,IC50,8.22,1,CHEMBL412102
Nc1ncnc2c1N=C(c1ccc(NC(=O)Nc3ccc(F)c(C(F)(F)F)c3)cc1)CCN2,1,IC50,8.3,1,CHEMBL429516
Nc1ncnc2c1N=C(c1ccc(NC(=O)Nc3cccc(C(F)(F)F)c3F)cc1)CCN2,1,IC50,7.31,1,CHEMBL410731
Nc1ncnc2c1N=C(c1ccc(NC(=O)Nc3cccc(Cl)c3)cc1)CCN2,1,IC50,7.72,1,CHEMBL409872
Nc1ncnc2c1N=C(c1ccc(NC(=O)Nc3ccc(C(F)(F)F)cc3)cc1)CCN2,1,IC50,6.96,1,CHEMBL259013
Nc1ncnc2c1N=C(c1ccc(NC(=O)Nc3cccc(C(F)(F)F)c3)cc1)CCN2,1,IC50,8.52,1,CHEMBL260092
Nc1nc(N)c2c(n1)NCCC(c1ccc(NC(=O)Nc3ccccc3)cc1)=N2,0,IC50 (>),4.89,1,CHEMBL409839
CNc1nnc(-c2cn3ncnc(Nc4cnc5[nH]c(C)cc5c4)c3c2C(C)C)o1,1,IC50,7.6,1,CHEMBL409442
CSc1nnc(-c2cn3ncnc(Nc4cnc5[nH]c(C)cc5c4)c3c2C(C)C)o1,1,IC50,6.82,1,CHEMBL265431
CCc1nnc(-c2cn3ncnc(Nc4cnc5[nH]c(C)cc5c4)c3c2C(C)C)o1,1,IC50,7.44,1,CHEMBL259951
Cc1cc2c(F)c(Nc3ncnn4cc(-c5nnc(C)o5)c(C(C)C)c34)cnc2[nH]1,1,IC50,7.89,1,CHEMBL410686
Cc1cc2cc(Nc3ncnn4cc(-c5nnc(C)o5)c(C(C)C)c34)cnc2[nH]1,1,IC50,7.6,1,CHEMBL261592
Cc1nnc(-c2cn3ncnc(Nc4cnc5[nH]ccc5c4)c3c2C(C)C)o1,1,IC50,7.51,1,CHEMBL258694
Cc1noc(-c2cn3ncnc(Nc4cnc5[nH]c(C)cc5c4)c3c2C(C)C)n1,1,IC50,6.95,1,CHEMBL258695
Cc1noc(-c2cn3ncnc(Nc4cnc5[nH]ccc5c4)c3c2C(C)C)n1,1,IC50,7.02,1,CHEMBL264943
Cc1noc(-c2cn3ncnc(Nc4cnc5[nH]ccc5c4F)c3c2C(C)C)n1,1,IC50,7.52,1,CHEMBL412081
COC(=O)c1cn2ncnc(Nc3cnc4[nH]ccc4c3)c2c1C(C)C,1,IC50,7.77,1,CHEMBL409673
COC(=O)c1cn2ncnc(Nc3cnc4[nH]ccc4c3)c2c1C,1,IC50,6.92,1,CHEMBL412082
CC(C)c1c(OC[C@@H](C)O)cn2ncnc(Nc3cnc4[nH]ccc4c3)c12,1,IC50,6.78,1,CHEMBL265191
Cc1cc2cc(Nc3ncnn4cc(OC[C@@H](C)O)c(C)c34)cnc2[nH]1,1,IC50,6.65,1,CHEMBL259996
Cc1cc2cc(Oc3ncnn4cc(OC[C@@H](C)O)c(C)c34)cnc2[nH]1,1,IC50,6.91,1,CHEMBL260199
Cc1c(OC[C@@H](C)O)cn2ncnc(Oc3cnc4[nH]ccc4c3F)c12,1,IC50,7.57,1,CHEMBL255902
Cc1cc2c(F)c(Oc3ncnn4cc(OC[C@@H](C)O)c(C)c34)cnc2[nH]1,1,IC50,7.72,1,CHEMBL256116
O=C(Nc1ccc(Cl)cc1)c1cccnc1SCc1ccncc1,1,IC50,7.58,1,CHEMBL256556
O=C(Nc1ccc(Cl)cc1)c1ccccc1SCc1ccncc1,1,IC50,7.34,1,CHEMBL402002
CCCc1ccc(NC(=O)c2ccccc2CCc2ccncc2)cc1,1,IC50,6.7,1,CHEMBL427725
CS(=O)(=O)c1cccc(Nc2nccc(Nc3c(Cl)ccc4c3OCO4)n2)c1,0,IC50 (>),4.52,1,CHEMBL445162
CSc1cc2nccc(Oc3ccc(NC(=S)NC(=O)Cc4ccccc4)cc3F)c2s1,1,IC50,6.46,1,CHEMBL256920
CC(O)c1cc2nccc(Oc3ccc(NC(=S)NC(=O)Cc4ccccc4)cc3F)c2s1,1,IC50,6.25,1,CHEMBL256715
O=C(Cc1ccccc1)NC(=S)Nc1ccc(Oc2ccnc3cc(C(=O)c4ccco4)sc23)c(F)c1,1,IC50,6.9,1,CHEMBL257546
COC(=O)c1cc2nccc(Oc3ccc(NC(=S)NC(=O)Cc4ccccc4)cc3F)c2s1,1,IC50,7.05,1,CHEMBL256972
COc1cc2nccc(Oc3ccc(NC(=S)NC(=O)Cc4ccccc4)cc3F)c2cc1OC,1,IC50,7.5,4,CHEMBL404881
CN1CCN(C(=O)c2cc3nccc(Oc4ccc(NC(=S)NC(=O)Cc5ccccc5)cc4F)c3s2)CC1,1,IC50,6.46,1,CHEMBL254761
O=C(Cc1ccccc1)NC(=S)Nc1ccc(Oc2ccnc3cc(C(=O)N4CCCC4)sc23)c(F)c1,1,IC50,8.05,1,CHEMBL254964
O=C(Cc1ccccc1)NC(=S)Nc1ccc(Oc2ccnc3cc(C(=O)N4CCOCC4)sc23)c(F)c1,1,IC50,6.54,1,CHEMBL401838
CCN(CC)C(=O)c1cc2nccc(Oc3ccc(NC(=S)NC(=O)Cc4ccccc4)cc3F)c2s1,1,IC50,6.41,1,CHEMBL402504
CN(C)C(=O)c1cc2nccc(Oc3ccc(NC(=S)NC(=O)Cc4ccccc4)cc3F)c2s1,1,IC50,7.72,1,CHEMBL402036
CNC(=O)c1cc2nccc(Oc3ccc(NC(=S)NC(=O)Cc4ccccc4)cc3F)c2s1,1,IC50,6.88,1,CHEMBL438877
NC(=O)c1cc2nccc(Oc3ccc(NC(=S)NC(=O)Cc4ccccc4)cc3F)c2s1,1,IC50,6.89,1,CHEMBL256974
O=C(Cc1ccccc1)NC(=S)Nc1ccc(Oc2ccnc3cc(-c4cncnc4)sc23)c(F)c1,1,IC50,6.76,1,CHEMBL256786
O=C(Cc1ccccc1)NC(=S)Nc1ccc(Oc2ccnc3cc(-c4ccoc4)sc23)c(F)c1,1,IC50,6.23,1,CHEMBL403747
Cn1cccc1-c1cc2nccc(Oc3ccc(NC(=S)NC(=O)Cc4ccccc4)cc3F)c2s1,1,IC50,7.51,1,CHEMBL258185
O=C(Cc1ccccc1)NC(=S)Nc1ccc(Oc2ccnc3cc(-c4cccs4)sc23)c(F)c1,1,IC50,7.5,1,CHEMBL402004
O=C(Cc1ccccc1)NC(=S)Nc1ccc(Oc2ccnc3cc(-c4nncs4)sc23)c(F)c1,1,IC50,6.84,1,CHEMBL257987
O=C(Cc1ccccc1)NC(=S)Nc1ccc(Oc2ccnc3cc(-c4ncccn4)sc23)c(F)c1,1,IC50,7.03,1,CHEMBL256767
O=C(Cc1ccccc1)NC(=S)Nc1ccc(Oc2ccnc3cc(-c4cccnc4)sc23)c(F)c1,1,IC50,6.95,1,CHEMBL402042
O=C(Cc1ccccc1)NC(=S)Nc1ccc(Oc2ccnc3cc(-c4ccccn4)sc23)c(F)c1,1,IC50,7.77,1,CHEMBL404639
O=C(Cc1ccccc1)NC(=S)Nc1ccc(Oc2ccnc3cc(-c4nccs4)sc23)c(F)c1,1,IC50,7.77,1,CHEMBL402550
Cn1ncnc1-c1cc2nccc(Oc3ccc(NC(=S)NC(=O)Cc4ccccc4)cc3F)c2s1,1,IC50,7.55,1,CHEMBL258396
Cn1cc(-c2cc3nccc(Oc4ccc(NC(=S)NC(=O)Cc5ccccc5)cc4F)c3s2)cn1,1,IC50,7.6,1,CHEMBL402792
CCn1ccnc1-c1cc2nccc(Oc3ccc(NC(=S)NC(=O)Cc4ccccc4)cc3F)c2s1,1,IC50,7.6,1,CHEMBL404495
Cn1ccnc1-c1cc2nccc(Oc3ccc(NC(=S)NC(=O)Cc4ccccc4)cc3F)c2s1,1,IC50,8.0,1,CHEMBL258240
CCn1cnc(-c2cc3nccc(Oc4ccc(NC(=S)NC(=O)Cc5ccccc5)cc4F)c3s2)c1,1,IC50,7.96,1,CHEMBL258453
Cn1cnc(-c2cc3nccc(Oc4ccc(NC(=S)NC(=O)Cc5ccccc5)cc4F)c3s2)c1,1,IC50,8.22,5,CHEMBL254760
C[C@@H](Oc1cc(-c2cnn(C3CCNCC3)c2)cnc1N)c1c(Cl)ccc(F)c1Cl,0,IC50 (>),5.0,4,CHEMBL601719
Nc1cc(/C=C/c2c(-c3ccccc3)nc3sccn23)ncn1,0,IC50,4.46,1,CHEMBL502543
Nc1ccnc(/C=C/c2c(-c3ccccc3)nc3sccn23)n1,0,IC50 (>),4.0,1,CHEMBL527110
C(=C/c1c(-c2ccccc2)nc2sccn12)\c1ccncn1,0,IC50,4.11,1,CHEMBL505610
Clc1nccc(/C=C/c2c(-c3ccccc3)nc3sccn23)n1,0,IC50 (>),4.0,1,CHEMBL501444
CC(C)(C)C(=O)Nc1nccc(/C=C/c2c(-c3ccccc3)nc3sccn23)n1,0,IC50,4.89,1,CHEMBL524708
C(=C/c1c(-c2ccccc2)nc2sccn12)\c1ccnc(Nc2ccccc2)n1,0,IC50 (>),4.0,1,CHEMBL526932
CC(Nc1nccc(/C=C/c2c(-c3ccccc3)nc3sccn23)n1)c1ccccc1,0,IC50 (>),4.0,1,CHEMBL502803
CNc1nccc(/C=C/c2c(-c3ccccc3)nc3sccn23)n1,0,IC50,4.77,1,CHEMBL497290
Nc1nccc(/C=C/c2c(Cl)nc3sccn23)n1,0,IC50,4.51,1,CHEMBL507202
Cc1nc2sccn2c1/C=C/c1ccnc(N)n1,0,IC50,4.16,1,CHEMBL444654
Nc1nccc(/C=C/c2c(-c3ccccc3)ncn2CCN2CCCC2)n1,0,IC50,4.5,1,CHEMBL500153
Nc1nccc(/C=C/c2ccsc2-c2ccccc2)n1,0,IC50 (>),4.0,1,CHEMBL499883
Nc1nccc(/C=C/c2c(-c3ccccc3)nc3ccccn23)n1,0,IC50,4.89,1,CHEMBL525065
Nc1nccc(/C=C/c2sccc2-c2ccccc2)n1,0,IC50 (>),4.0,1,CHEMBL500930
Nc1nccc(/C=C/c2[nH]ncc2-c2ccccc2)n1,0,IC50 (>),4.0,1,CHEMBL500929
Cn1cnc(-c2ccccc2)c1Nc1ccnc(N)n1,0,IC50 (>),4.0,1,CHEMBL525047
Cn1cnc(-c2ccccc2)c1C1CC1c1ccnc(N)n1,0,IC50 (>),4.0,1,CHEMBL526880
Cn1cnc(-c2ccccc2)c1NCCc1ccnc(N)n1,0,IC50 (>),4.0,1,CHEMBL499863
Cn1cnc(-c2ccccc2)c1CNc1ccnc(N)n1,0,IC50 (>),4.0,1,CHEMBL450886
Cn1cnc(-c2ccccc2)c1NC(=O)c1ccnc(N)n1,0,IC50 (>),4.0,1,CHEMBL525048
Cn1cnc(-c2ccccc2)c1C(=O)Nc1ccnc(N)n1,0,IC50,4.01,1,CHEMBL500152
COc1cc2nccc(Oc3ccc4c(NC(=O)Nc5ccccc5)nn(C)c4c3)c2cc1OC,1,IC50,8.7,1,CHEMBL508643
COc1ccc(NC(=O)Nc2nn(C)c3cc(Oc4ccnc5cc(OC)c(OC)cc45)ccc23)cc1,1,IC50,9.0,1,CHEMBL452569
COc1cc2nccc(Oc3ccc4c(NC(=O)Nc5ccc(C)cc5)nn(C)c4c3)c2cc1OC,1,IC50,8.7,1,CHEMBL509707
COc1cc2nccc(Oc3ccc4c(NC(=O)Nc5ccc(C(F)(F)F)cc5Cl)nn(C)c4c3)c2cc1OC,1,IC50,8.1,1,CHEMBL452088
COc1ccccc1Nc1cccc2cc(Oc3ccnc4cc(OC)c(OC)cc34)ccc12,1,IC50,9.0,1,CHEMBL459896
COc1cc2nccc(Oc3ccc4c(Nc5ccccc5)cccc4c3)c2cc1OC,1,IC50,8.7,1,CHEMBL462169
COc1cc2nccc(Oc3ccc4c(NC(=O)c5cccc(C(F)(F)F)c5)nn(C)c4c3)c2cc1OC,1,IC50,9.0,1,CHEMBL462168
COc1cc2nccc(Oc3ccc4c(NC(=O)c5cc(C(F)(F)F)cc(C(F)(F)F)c5)nn(C)c4c3)c2cc1OC,1,IC50,8.7,1,CHEMBL450163
COc1cc2nccc(Oc3ccc4c(NC(=O)c5cccc(C)c5)nn(C)c4c3)c2cc1OC,1,IC50,8.7,1,CHEMBL518203
COc1cc2nccc(Oc3ccc4c(NC(=O)c5cc(Cl)ccn5)nn(C)c4c3)c2cc1OC,1,IC50,8.7,1,CHEMBL462175
COc1cc2nccc(Oc3ccc4c(NC(=O)c5ccc(F)c(Cl)c5)nn(C)c4c3)c2cc1OC,1,IC50,8.52,1,CHEMBL462003
COc1cc2nccc(Oc3ccc4c(NC(=O)c5ccc(C(F)(F)F)cc5)nn(C)c4c3)c2cc1OC,1,IC50,8.52,1,CHEMBL462349
COc1ccc(C(=O)Nc2nn(C)c3cc(Oc4ccnc5cc(OC)c(OC)cc45)ccc23)cc1,1,IC50,8.52,1,CHEMBL462348
COc1cc2nccc(Oc3ccc4c(NC(=O)c5ccc(Cl)cc5)nn(C)c4c3)c2cc1OC,1,IC50,8.3,1,CHEMBL462563
COc1cc2nccc(Oc3ccc4c(NC(=O)c5ccccc5Cl)nn(C)c4c3)c2cc1OC,1,IC50,8.1,1,CHEMBL462562
COc1cc2nccc(Oc3ccc4c(NC(=O)C5CC5)nn(C)c4c3)c2cc1OC,1,IC50,6.46,1,CHEMBL462382
COc1cc2nccc(Oc3ccc4c(NCc5ccccc5)nn(C)c4c3)c2cc1OC,1,IC50,7.22,1,CHEMBL462381
COc1cc2nccc(Oc3ccc4c(Nc5ccc(C(F)(F)F)cc5)nn(C)c4c3)c2cc1OC,1,IC50,7.16,1,CHEMBL516639
COc1ccc(Nc2nn(C)c3cc(Oc4ccnc5cc(OC)c(OC)cc45)ccc23)cc1,1,IC50,6.8,1,CHEMBL460077
COc1cccc(Nc2nn(C)c3cc(Oc4ccnc5cc(OC)c(OC)cc45)ccc23)c1,1,IC50,6.64,1,CHEMBL462359
COc1cc2nccc(Oc3ccc4c(Nc5ccccc5)nn(C)c4c3)c2cc1OC,1,IC50,6.57,1,CHEMBL458330
CCCCNc1nn(C)c2cc(Oc3ccnc4cc(OC)c(OC)cc34)ccc12,1,IC50,6.1,1,CHEMBL453354
CCNc1nn(C)c2cc(Oc3ccnc4cc(OC)c(OC)cc34)ccc12,1,IC50,6.43,1,CHEMBL452827
O=C(Nc1ccc(Oc2ccnc3[nH]ccc23)c(F)c1)c1cccn(-c2ccc(F)cc2)c1=O,1,IC50,8.37,1,CHEMBL509101
Nc1ncnc(Nc2ccc(OCc3ccccc3)c(Cl)c2)c1C(=O)Nc1ccccc1,0,IC50 (>),4.0,1,CHEMBL461114
Nc1ncnc(Nc2ccc(OCc3ccccc3)c(Cl)c2)c1-c1nnc(CCN2CCOCC2)o1,0,IC50 (>),4.0,1,CHEMBL472545
Nc1ncnc(Nc2ccc(OCc3ccccc3)c(Cl)c2)c1C(=O)NNC(=O)CCN1CCOCC1,0,IC50 (>),4.0,1,CHEMBL472544
NNC(=O)c1c(N)ncnc1Nc1ccc(OCc2ccccc2)c(Cl)c1,0,IC50 (>),5.0,1,CHEMBL511478
COc1ccc(NC(=O)c2c(N)ncnc2Nc2ccc(OCc3ccccc3)c(Cl)c2)cc1,0,IC50 (>),4.0,1,CHEMBL472383
Nc1ncnc(Nc2ccc(OCc3ccccc3)c(Cl)c2)c1C(=O)OCc1cccc(F)c1,0,IC50 (>),4.0,1,CHEMBL472382
CCN(CC)C(=O)c1c(N)ncnc1Nc1ccc(OCc2ccccc2)c(Cl)c1,0,IC50 (>),4.0,1,CHEMBL452727
COCCNC(=O)c1c(N)ncnc1Nc1ccc(OCc2ccccc2)c(Cl)c1,0,IC50 (>),4.0,1,CHEMBL517745
COc1ccc(CCNC(=O)c2c(N)ncnc2Nc2ccc(OCc3ccccc3)c(Cl)c2)cc1,0,IC50 (>),4.0,1,CHEMBL461115
Nc1ncnc(Nc2ccc(OCc3ccccc3)c(Cl)c2)c1C(=O)NCCN1CCOCC1,0,IC50 (>),4.0,1,CHEMBL518646
Nc1ncnc(Nc2ccc(OCc3ccccc3)c(Cl)c2)c1C(=O)NCCN1CCCCC1,0,IC50 (>),4.0,1,CHEMBL462343
CN1CCCC(Oc2cccc3[nH]c(=O)c(-c4nc5ccccc5[nH]4)c(N)c23)C1,1,IC50,8.3,1,CHEMBL495749
Cc1cccc2[nH]c(=O)c(-c3nc4cc(N5CCN(C)CC5)ccc4[nH]3)c(N)c12,1,IC50,7.92,1,CHEMBL495763
CN1CCN(c2ccc3[nH]c(-c4c(N)c5c(Cl)cccc5[nH]c4=O)nc3c2)CC1,1,IC50,7.85,1,CHEMBL495762
CN1CCN(c2ccc3[nH]c(-c4c(N)c5ccc(F)cc5[nH]c4=O)nc3c2)CC1,1,IC50,7.85,1,CHEMBL498013
CN1CCN(c2cccc3[nH]c(=O)c(-c4nc5ccccc5[nH]4)c(N)c23)CC1,1,IC50,7.77,1,CHEMBL498551
CN1CCN(c2ccc3[nH]c(-c4c(N)c5cc(N)ccc5[nH]c4=O)nc3c2)CC1,1,IC50,7.72,1,CHEMBL496764
CN1CCN(c2ccc3[nH]c(-c4c(N)c5cc(NCc6ccccc6)ccc5[nH]c4=O)nc3c2)CC1,1,IC50,7.68,1,CHEMBL495735
CN1CCN(C(=O)c2ccc3[nH]c(-c4c(N)c5ccccc5[nH]c4=O)nc3c2)CC1,1,IC50,7.58,1,CHEMBL498214
CN1CCN(Cc2ccc3[nH]c(-c4c(N)c5ccccc5[nH]c4=O)nc3c2)CC1,1,IC50,7.57,1,CHEMBL495961
CN(C)CC(=O)N(C)c1ccc2[nH]c(-c3c(N)c4ccccc4[nH]c3=O)nc2c1,1,IC50,7.54,1,CHEMBL495962
CN1CCN(c2ccc3[nH]c(-c4c(N)c5ccccc5[nH]c4=O)nc3c2)CC1,1,IC50,7.38,1,CHEMBL204427
CN1CCN(c2ccc3[nH]c(-c4c(N)c5cc(Cl)ccc5[nH]c4=O)nc3c2)CC1,1,IC50,7.37,1,CHEMBL523745
CN1CCN(c2ccc3[nH]c(-c4c(N)c5cc(C(=O)NCc6ccccc6)ccc5[nH]c4=O)nc3c2)CC1,1,IC50,7.3,1,CHEMBL526507
CNc1cccc2[nH]c(=O)c(-c3nc4cc(N5CCN(C)CC5)ccc4[nH]3)c(N)c12,1,IC50,7.28,1,CHEMBL496762
Nc1c(-c2nc3cc(N4CCOCC4)ccc3[nH]2)c(=O)[nH]c2ccccc12,1,IC50,7.24,1,CHEMBL204426
Nc1c(-c2nc3ccccc3[nH]2)c(=O)[nH]c2ccccc12,1,IC50,7.24,1,CHEMBL383417
CN(C)[C@H]1CCN(c2ccc3[nH]c(-c4c(N)c5ccccc5[nH]c4=O)nc3c2)C1,1,IC50,7.22,1,CHEMBL496150
CN1CCN(c2ccc3nc(-c4c(N)c5c(F)cccc5[nH]c4=O)[nH]c3c2)CC1,1,IC50,8.1,7,CHEMBL522892
CN1CCCN(c2ccc3[nH]c(-c4c(N)c5ccccc5[nH]c4=O)nc3c2)CC1,1,IC50,7.18,1,CHEMBL523071
Nc1c(-c2nc3cc(OCCN4CCOCC4)ccc3[nH]2)c(=O)[nH]c2ccccc12,1,IC50,7.18,1,CHEMBL526658
CN1CCN(c2ccc3[nH]c(-c4c(N)c5cc(F)ccc5[nH]c4=O)nc3c2)CC1,1,IC50,7.11,1,CHEMBL496763
CN1CCN(c2ccc3[nH]c(-c4c(N)c5c(F)cc(F)cc5[nH]c4=O)nc3c2)CC1,1,IC50,6.89,1,CHEMBL498347
CN1CCN(c2ccc3[nH]c(-c4c(N)c5cc(N(C)C)ccc5[nH]c4=O)nc3c2)CC1,1,IC50,6.8,1,CHEMBL495529
CCC1CCN(C)C(Nc2c(-c3nc4ccccc4[nH]3)c(=O)[nH]c3ccccc23)C1,1,IC50,6.77,1,CHEMBL495984
CN1CCN(c2ccc3[nH]c(-c4c(N)c5cc(F)c(F)cc5[nH]c4=O)nc3c2)CC1,1,IC50,6.72,1,CHEMBL522732
Cc1cc2nc(-c3c(N)c4ccccc4[nH]c3=O)[nH]c2cc1C,1,IC50,6.68,1,CHEMBL498206
CNc1c(-c2nc3ccccc3[nH]2)c(=O)[nH]c2ccccc12,1,IC50,6.66,1,CHEMBL521552
Cc1ccc2[nH]c(-c3c(N)c4ccccc4[nH]c3=O)nc2c1,1,IC50,6.66,1,CHEMBL498205
O=c1[nH]c2ccccc2c(O)c1-c1nc2ccccc2[nH]1,1,IC50,6.62,1,CHEMBL377345
CN1CCN(c2ccc3[nH]c(-c4c(N)c5cccc(F)c5[nH]c4=O)nc3c2)CC1,1,IC50,6.25,1,CHEMBL526836
CN(C)c1c(-c2nc3ccccc3[nH]2)c(=O)[nH]c2ccccc12,1,IC50,6.07,1,CHEMBL495983
O=c1[nH]c2ccccc2c(NCC2CCNCC2)c1-c1nc2ccccc2[nH]1,1,IC50,6.03,1,CHEMBL526285
CN1CCN(c2ccc3[nH]c(-c4c(N)c5cc(NC(=O)c6ccccc6)ccc5[nH]c4=O)nc3c2)CC1,1,IC50,6.01,1,CHEMBL495530
CNc1ccc2c(N)c(-c3nc4cc(N5CCN(C)CC5)ccc4[nH]3)c(=O)[nH]c2c1,1,IC50,6.0,1,CHEMBL449593
Cn1c(-c2c(O)c3ccccc3n(C)c2=O)nc2ccccc21,0,IC50 (>),4.6,1,CHEMBL496173
Cn1c(-c2c(O)c3ccccc3[nH]c2=O)nc2ccccc21,0,IC50 (>),4.6,1,CHEMBL496172
O=C(Nc1c[nH]nc1-c1nc2ccc(CN3CCOCC3)cc2[nH]1)NC1CC1,1,IC50,8.0,2,CHEMBL495727
Cc1ccc(C(=O)NC2CC2)cc1-c1ccc(C(=O)NCC2CC2)cc1,0,IC50 (>),4.7,1,CHEMBL478649
Cc1nnc(-c2ccc(-c3cc(NC(=O)c4ccc(CN5CCN(C)CC5)cc4)ccc3C)c(C)c2)o1,0,IC50 (>),4.7,1,CHEMBL497350
Cc1ccc(NC(=O)c2ccc(CN3CCN(C)CC3)cc2)cc1-c1ccc2ccncc2c1,1,IC50,6.1,1,CHEMBL521887
Cc1ccc(NC(=O)c2ccc(CN3CCN(C)CC3)cc2)cc1-c1ccc2c(N)noc2c1,0,IC50 (>),4.7,1,CHEMBL497353
Cc1ccc(NC(=O)c2ccc(CN3CCN(C)CC3)cc2)cc1-c1ccc(-c2csc(N)n2)cc1,0,IC50 (>),4.7,1,CHEMBL496129
c1cnn2ncc(-c3ccnc(NC4CC4)n3)c2c1,0,IC50 (>),4.7,1,CHEMBL525194
Cc1nn2ncccc2c1-c1ccnc(NC2CC2)n1,0,IC50 (>),4.7,1,CHEMBL498625
CN1CCN(c2ccc(Nc3nccc(-c4cnn5ncccc45)n3)cc2)CC1,1,IC50,6.4,1,CHEMBL495545
Cc1nn2ncccc2c1-c1ccnc(Nc2ccc(N3CCN(C)CC3)cc2)n1,1,IC50,7.2,1,CHEMBL524086
CCc1nn2ncccc2c1-c1ccnc(Nc2ccc(N3CCN(C)CC3)cc2)n1,1,IC50,7.2,1,CHEMBL496360
CCCCc1nn2ncccc2c1-c1ccnc(Nc2ccc(N3CCN(C)CC3)cc2)n1,1,IC50,7.6,1,CHEMBL496575
Fc1ccc(-c2nn3ccccc3c2-c2ccncc2)cc1,0,IC50 (>),5.0,1,CHEMBL485745
Cc1ccc(C(=O)Nc2cccc(N3CCOCC3)c2)cc1-c1ccc2c(C3CCNCC3)noc2c1,0,IC50 (>),4.7,1,CHEMBL485285
Cc1ccc(NC(=O)c2ccnc(N3CCCC3)c2)cc1-c1ccc2c(C3CCNCC3)noc2c1,0,IC50 (>),4.7,1,CHEMBL485286
Cc1nnc(-c2ccc(-c3cc(NC(=O)c4ccnc(N5CCCC5)c4)ccc3C)c(C)c2)o1,0,IC50 (>),4.7,1,CHEMBL495729
Cc1ccc(C(=O)NC2CC2)cc1-c1ccc2c(C3CCNCC3)noc2c1,0,IC50 (>),4.7,1,CHEMBL497563
Cc1nnc(-c2ccc(-c3cc(C(=O)NC4CC4)ccc3C)c(C)c2)o1,0,IC50 (>),4.7,1,CHEMBL522579
Cc1ccc(C(=O)NC2CC2)cc1-c1ccc2c(=O)n(CC3CC3)nnc2c1,0,IC50 (>),4.7,1,CHEMBL521734
Cc1ccc(C(=O)NC2CC2)cc1-c1ccc2ccncc2c1,1,IC50,6.3,1,CHEMBL526639
CS(=O)(=O)c1ccc(CNCc2cc(C(=O)O)c(Nc3ccc(I)cc3F)c(F)c2F)cc1,0,IC50,4.75,1,CHEMBL465465
NC(=O)C[C@H](N)C(=O)NCc1cc(C(=O)O)c(Nc2ccc(I)cc2F)c(F)c1F,0,IC50 (>),4.52,1,CHEMBL517647
O=C(CS(=O)(=O)c1ccc(Cl)cc1)N/N=C/c1cc(C(=O)O)c(Nc2ccc(I)cc2F)c(F)c1F,0,IC50 (>),4.52,1,CHEMBL481969
O=C(Nc1ccc(Cl)cc1)c1nn[nH]c1NCc1ccncc1,0,IC50 (>),5.0,1,CHEMBL463032
O=C(Nc1ccc(C(F)(F)F)cc1)c1nn[nH]c1NCc1ccncc1,0,IC50 (>),5.0,1,CHEMBL461981
Clc1cccc(-n2cc(-c3ccccc3NCc3ccncc3)nn2)c1,1,IC50,7.06,4,CHEMBL522629
CC(C)c1cccc(-n2cc(-c3ccccc3NCc3ccncc3)nn2)c1,1,IC50,6.96,4,CHEMBL518652
FC(F)(F)c1cccc(-n2cc(-c3ccccc3NCc3ccncc3)nn2)c1,1,IC50,7.29,4,CHEMBL490968
c1cc(Nc2ncnc3[nH]ccc23)cc(-c2nc3ccccc3s2)c1,0,IC50 (>),5.0,1,CHEMBL490555
COc1cc2nc(Nc3cc(C)[nH]n3)nc(Nc3ccc(-c4nc5ccccc5s4)cc3)c2cc1OC,0,IC50 (>),5.0,1,CHEMBL473761
CNc1nc(Nc2ccc(-c3nc4ccccc4s3)cc2)c2cc(OC)c(OC)cc2n1,0,IC50 (>),5.0,1,CHEMBL514941
COc1cc2ncnc(Nc3ccc(-c4nc5ccccc5s4)c(OC)c3)c2cc1OC,0,IC50 (>),5.0,1,CHEMBL473553
COc1cc(Nc2ccnc3cc(Cl)ccc23)ccc1-c1nc2ccccc2s1,0,IC50 (>),5.0,1,CHEMBL474544
Fc1cc(-c2nc3ccccc3s2)ccc1Nc1ncnc2ccsc12,0,IC50 (>),5.0,1,CHEMBL474347
Clc1cc(Nc2ncnc3ccsc23)ccc1-c1nc2ccccc2s1,0,IC50 (>),5.0,1,CHEMBL474346
COc1cc(Nc2ncnc3ccsc23)ccc1-c1nc2ccccc2s1,0,IC50 (>),5.0,1,CHEMBL514929
c1ccc2sc(-c3ccc(Nc4ncnc5ccsc45)cc3)nc2c1,0,IC50 (>),5.0,1,CHEMBL472946
c1ccc2sc(-c3ccc(Nc4ncnc5[nH]cnc45)cc3)nc2c1,0,IC50 (>),5.0,1,CHEMBL515598
COc1cc(Nc2ncnc3[nH]ccc23)ccc1-c1nc2ccccc2s1,0,IC50 (>),5.0,1,CHEMBL462162
COc1cc(Nc2nccc(Nc3cc(C)[nH]n3)n2)ccc1-c1nc2ccccc2s1,0,IC50 (>),5.0,1,CHEMBL461110
Cc1cc(Nc2ccnc(Nc3ccc(-c4nc5ccccc5s4)cc3)n2)n[nH]1,0,IC50 (>),5.0,1,CHEMBL461109
CN1CCN(c2ccnc(Nc3ccc(-c4nc5ccccc5s4)cc3)n2)CC1,0,IC50 (>),5.0,1,CHEMBL459886
CN(C)c1ccnc(Nc2ccc(-c3nc4ccccc4s3)cc2)n1,0,IC50 (>),5.0,1,CHEMBL462161
CNc1ccnc(Nc2ccc(-c3nc4ccccc4s3)cc2)n1,0,IC50 (>),5.0,1,CHEMBL462160
CNc1cc(Nc2ccc(-c3nc4ccccc4s3)cc2)ccn1,0,IC50 (>),5.0,1,CHEMBL464014
Cc1cc2c(Nc3ccc(-c4nc5ccccc5s4)cc3)ncnc2cc1Cl,1,IC50,6.0,1,CHEMBL473354
COc1nc(Nc2ccc(-c3nc4ccccc4s3)c(OC)c2)c2cc[nH]c2n1,1,IC50,6.02,1,CHEMBL475351
c1cc(Nc2ncnc3[nH]cnc23)cc(-c2nc3ccccc3s2)c1,1,IC50,6.06,1,CHEMBL443906
Fc1cc(-c2nc3ccccc3s2)ccc1Nc1ncnc2cc(Cl)ccc12,1,IC50,6.1,1,CHEMBL473557
Clc1ccc2c(Nc3ccc(-c4nc5ccccc5s4)cc3)ccnc2c1,1,IC50,6.19,1,CHEMBL474543
Clc1ccc2c(Nc3ccc(-c4nc5ccccc5s4)c(Cl)c3)ncnc2c1,1,IC50,6.22,1,CHEMBL514016
Cn1cnc(-c2cc3nccc(Oc4ccc(NC(=O)NC(=O)Cc5ccccc5)cc4F)c3s2)c1,1,IC50,7.43,1,CHEMBL490965
Cn1cnc(-c2cc3nccc(Oc4ccc(NC(=O)CC(=O)Nc5ccccc5)cc4F)c3s2)c1,1,IC50,7.82,2,CHEMBL464510
CN(C(=O)CC(=O)Nc1ccc(Oc2ccnc3cc(-c4cn(C)cn4)sc23)c(F)c1)c1ccccc1,1,IC50,8.0,2,CHEMBL465130
Cn1cnc(-c2cc3nccc(Oc4ccc(NC(=O)C5(C(=O)Nc6ccccc6)CC5)cc4F)c3s2)c1,1,IC50,8.05,1,CHEMBL465131
CN(C(=O)C1(C(=O)Nc2ccc(Oc3ccnc4cc(-c5cn(C)cn5)sc34)c(F)c2)CC1)c1ccccc1,1,IC50,7.24,1,CHEMBL462667
Cn1cnc(-c2cc3nccc(Oc4ccc(NC(=O)C5CCN(c6ccccc6)C5=O)cc4F)c3s2)c1,1,IC50,7.41,1,CHEMBL518209
CC(C)n1cnc(-c2cc3nccc(Oc4ccc(NC(=O)C5CCN(c6ccccc6)C5=O)cc4F)c3s2)c1,1,IC50,7.8,1,CHEMBL459478
CC(C)n1cnc(-c2cc3nccc(Oc4ccc(NC(=O)C5CC(=O)N(c6ccccc6)C5)cc4F)c3s2)c1,1,IC50,6.1,1,CHEMBL462023
Cn1cnc(-c2cc3nccc(Oc4ccc(NC(=O)C5(C)CCN(c6ccccc6)C5=O)cc4F)c3s2)c1,1,IC50,6.64,1,CHEMBL462231
Cn1cnc(-c2cc3nccc(Oc4ccc(NC(=O)N5CCN(c6ccccc6)C5=O)cc4F)c3s2)c1,1,IC50,8.1,2,CHEMBL462232
CCn1cnc(-c2cc3nccc(Oc4ccc(NC(=O)N5CCN(c6ccccc6)C5=O)cc4F)c3s2)c1,1,IC50,7.92,1,CHEMBL453613
CN(C)CCn1cnc(-c2cc3nccc(Oc4ccc(NC(=O)N5CCN(c6ccccc6)C5=O)cc4F)c3s2)c1,1,IC50,7.85,1,CHEMBL445871
O=C(Nc1ccc(Oc2ccnc3cc(-c4cn(CCN5CCCC5)cn4)sc23)c(F)c1)N1CCN(c2ccccc2)C1=O,1,IC50,7.7,1,CHEMBL503524
O=C(Nc1ccc(Oc2ccnc3cc(-c4cn(CCCN5CCCC5)cn4)sc23)c(F)c1)N1CCN(c2ccccc2)C1=O,1,IC50,8.1,1,CHEMBL449757
Cn1ccnc1-c1cc2nccc(Oc3ccc(NC(=O)N4CCN(c5ccccc5)C4=O)cc3F)c2s1,1,IC50,7.51,1,CHEMBL510676
CCn1ccnc1-c1cc2nccc(Oc3ccc(NC(=O)N4CCN(c5ccccc5)C4=O)cc3F)c2s1,1,IC50,7.58,1,CHEMBL455655
O=C(Nc1ccc(Oc2ccnc3cc(-c4ccc(CN5CCNCC5)cc4)sc23)c(F)c1)N1CCN(c2ccccc2)C1=O,1,IC50,7.96,1,CHEMBL448276
CN1CCN(Cc2ccc(-c3cc4nccc(Oc5ccc(NC(=O)N6CCN(c7ccccc7)C6=O)cc5F)c4s3)cc2)CC1,1,IC50,7.92,1,CHEMBL447616
CNC(=O)N1CCN(Cc2ccc(-c3cc4nccc(Oc5ccc(NC(=O)N6CCN(c7ccccc7)C6=O)cc5F)c4s3)cc2)CC1,1,IC50,8.1,1,CHEMBL503016
CN1CCN(CCN(C)Cc2ccc(-c3cc4nccc(Oc5ccc(NC(=O)N6CCN(c7ccccc7)C6=O)cc5F)c4s3)cc2)CC1,1,IC50,8.52,1,CHEMBL508395
CC(=O)c1cccc(-c2cc3nccc(Oc4ccc(NC(=O)N5CCN(c6ccccc6)C5=O)cc4F)c3s2)c1,1,IC50,6.06,1,CHEMBL448993
CN(C)[C@H]1CCN(C(=O)c2cc3nccc(Oc4ccc(NC(=O)N5CCN(c6ccccc6)C5=O)cc4F)c3s2)C1,1,IC50,7.64,1,CHEMBL502621
CN1CC=C(c2cc3nccc(Oc4ccc(NC(=O)N5CCN(c6ccccc6)C5=O)cc4F)c3s2)CC1,1,IC50,6.77,1,CHEMBL508776
CCn1cnc(-c2cc3nccc(Oc4ccc(NC(=O)N5CCN(c6ccc(F)cc6)C5=O)cc4F)c3s2)c1,1,IC50,8.15,1,CHEMBL464211
CCn1cnc(-c2cc3nccc(Oc4ccc(NC(=O)N5CCN(c6ccccc6F)C5=O)cc4F)c3s2)c1,1,IC50,8.52,1,CHEMBL517469
CCn1cnc(-c2cc3nccc(Oc4ccc(NC(=O)N5CCN(c6ccccc6OC)C5=O)cc4F)c3s2)c1,1,IC50,7.85,1,CHEMBL462835
Cn1cnc(-c2cc3nccc(Oc4ccc(NC(=S)N5CCN(c6ccccc6)C5=O)cc4F)c3s2)c1,1,IC50,7.92,1,CHEMBL518676
COc1cc2nccc(Oc3ccc(NC(=O)C4(C(=O)Nc5ccc(F)cc5)CC4)cc3F)c2cc1OC,1,IC50,10.46,4,CHEMBL489326
C[C@@H](Oc1cc(-n2cnc3ccc(OC4CCN(C)CC4)cc32)sc1C(N)=O)c1ccccc1C(F)(F)F,1,IC50,6.1,1,CHEMBL1615278
Cc1ccc(NC(=O)c2ccc(C(=O)Nc3ccccc3N)s2)cc1Nc1ncc(-c2cccnc2)cn1,0,IC50,4.96,1,CHEMBL473825
Cc1ccc(NC(=O)c2ccc(/C=C/C(=O)NO)cc2)cc1Nc1nc(-c2cccnc2)cs1,0,IC50,4.96,1,CHEMBL1080580
Nc1ccccc1NC(=O)c1ccc(C(=O)Nc2cccc(Nc3ncc(-c4cccnc4)s3)c2)s1,0,IC50,4.92,1,CHEMBL474208
Cc1ccc(NC(=O)c2ccc(C(=O)NO)cc2)cc1Nc1ncc(-c2cccnc2)s1,0,IC50,4.85,1,CHEMBL521652
Nc1ccccc1NC(=O)c1ccc(C(=O)Nc2cccc(Nc3ncc(-c4cccnc4)s3)c2)cc1,0,IC50,4.62,1,CHEMBL474015
Cc1ccc(NC(=O)c2ccc(CN3CCN(C)CC3)cc2)cc1Nc1nccc(-c2cccnc2)n1,0,IC50 (>),4.6,6,CHEMBL941
O=C(NO)c1ccc(C(=O)Nc2cccc(Nc3ncc(-c4cccnc4)s3)c2)cc1,0,IC50,4.37,1,CHEMBL475051
Cc1ccc(NC(=O)c2ccc(C(=O)Nc3ccccc3N)cc2)cc1Nc1ncc(-c2cccnc2)s1,0,IC50,4.34,1,CHEMBL515432
Clc1cccc(-n2cc(-c3ccccc3NCc3cccnc3)nn2)c1,0,IC50 (>),5.0,1,CHEMBL489329
Clc1cccc(-n2cc(-c3ccccc3NCc3ccccn3)nn2)c1,0,IC50 (>),5.0,2,CHEMBL523301
FC(F)(F)c1cccc(-n2cc(-c3ccccc3NCc3cccnc3)nn2)c1,0,IC50 (>),5.0,2,CHEMBL490969
FC(F)(F)c1cccc(-n2cc(-c3ccccc3NCc3ccccn3)nn2)c1,0,IC50 (>),5.0,2,CHEMBL523133
FC(F)(F)Oc1cccc(-n2cc(-c3ccccc3NCc3ccncc3)nn2)c1,1,IC50,7.18,2,CHEMBL491502
Clc1ccc(-n2cc(-c3ccccc3NCc3ccncc3)nn2)cc1,1,IC50,6.57,2,CHEMBL491680
FC(F)(F)c1ccc(-n2cc(-c3ccccc3NCc3ccncc3)nn2)cc1,1,IC50,6.23,1,CHEMBL522304
CC(C)(C)c1cccc(-n2cc(-c3ccccc3NCc3ccncc3)nn2)c1,1,IC50,6.57,2,CHEMBL461391
CC(C)(C)c1ccc(-n2cc(-c3ccccc3NCc3ccncc3)nn2)cc1,1,IC50,6.21,1,CHEMBL461392
c1ccc(-c2cn(-c3ccc4ccccc4n3)nn2)c(NCc2ccncc2)c1,1,IC50,6.11,1,CHEMBL461605
c1ccc(-c2cn(-c3ccc4[nH]ncc4c3)nn2)c(NCc2ccncc2)c1,1,IC50,6.17,1,CHEMBL516645
FC(F)(F)c1cc(-n2cc(-c3ccccc3NCc3ccncc3)nn2)ccc1Cl,1,IC50,6.36,2,CHEMBL522133
FC(F)(F)c1ccc(-n2cc(-c3ccccc3NCc3ccncc3)nn2)cc1Cl,1,IC50,6.03,1,CHEMBL491871
Clc1ccc(-n2cc(-c3ccccc3NCc3ccncc3)nn2)cc1Cl,1,IC50,6.2,1,CHEMBL491872
Cc1ccc(-n2cc(-c3ccccc3NCc3ccncc3)nn2)cc1C(F)(F)F,1,IC50,6.85,2,CHEMBL523320
Cc1cc(-n2cc(-c3ccccc3NCc3ccncc3)nn2)ccc1C(F)(F)F,1,IC50,6.01,1,CHEMBL454403
Fc1ccc(CNc2ccccc2-c2cn(-c3cccc(Cl)c3)nn2)cc1F,0,IC50 (>),5.0,2,CHEMBL460751
Clc1cccc(-n2cc(-c3ccccc3NCc3ccc4c(c3)OCO4)nn2)c1,0,IC50 (>),5.0,2,CHEMBL460958
FC(F)(F)c1cccc(-n2cc(-c3ccccc3NCc3ccc4c(c3)OCO4)nn2)c1,0,IC50 (>),5.0,2,CHEMBL460959
Clc1cccc(-n2cc(-c3ccccc3NCc3ccnc4ccccc34)nn2)c1,1,IC50,6.72,2,CHEMBL516635
FC(F)(F)c1cccc(-n2cc(-c3ccccc3NCc3ccnc4ccccc34)nn2)c1,1,IC50,6.8,2,CHEMBL517021
Clc1cccc(-n2cc(-c3ccccc3NCc3c[nH]cn3)nn2)c1,0,IC50 (>),5.0,2,CHEMBL464619
COC(=O)c1ccc2c(c1)NC(=O)/C2=C(\Nc1ccc(CN(C)C(=O)N(C)C)cc1)c1ccccc1,1,IC50,7.21,1,CHEMBL525203
COC(=O)c1ccc2c(c1)NC(=O)/C2=C(\Nc1ccc(N(C)C(=O)CN2CCN(C)CC2)cc1)c1ccccc1,1,IC50,8.98,16,CHEMBL3039504;CHEMBL502835
COC(=O)c1ccc2c(c1)NC(=O)/C2=C(\Nc1ccc(CN2CCCCC2)cc1)c1ccccc1,1,IC50,7.44,1,CHEMBL497049
COC(=O)c1ccc2c(c1)NC(=O)/C2=C(\Nc1ccc(N(C)C(=O)Cn2ccnc2)cc1)c1ccccc1,1,IC50,8.22,1,CHEMBL524453
COC(=O)c1ccc2c(c1)NC(=O)/C2=C(\Nc1ccc(N(CC(=O)N(C)C)C(C)=O)cc1)c1ccccc1,1,IC50,8.1,1,CHEMBL498088
COC(=O)c1ccc2c(c1)NC(=O)/C2=C(\Nc1ccc(N(CCCN(C)C)C(C)=O)cc1)c1ccccc1,1,IC50,8.05,1,CHEMBL525909
COC(=O)c1ccc2c(c1)NC(=O)/C2=C(\Nc1ccc(N(CCN(C)C)C(C)=O)cc1)c1ccccc1,1,IC50,7.92,1,CHEMBL498265
COC(=O)c1ccc2c(c1)NC(=O)/C2=C(\Nc1ccc(N(CCN(C)C)S(C)(=O)=O)cc1)c1ccccc1,1,IC50,7.64,1,CHEMBL498266
COC(=O)c1ccc2c(c1)NC(=O)/C2=C(\Nc1ccc(C(=O)N(C)CCN(C)C)cc1)c1ccccc1,1,IC50,7.62,1,CHEMBL525550
COC(=O)c1ccc2c(c1)NC(=O)/C2=C(\Nc1ccc(CN(C)C)cc1)c1ccccc1,1,IC50,7.19,1,CHEMBL498105
COC(=O)c1ccc2c(c1)NC(=O)/C2=C(\Nc1ccc(NC(=O)CN2CCN(C)CC2)cc1)c1ccccc1,1,IC50,7.08,1,CHEMBL465015
COC(=O)c1ccc2c(c1)NC(=O)/C2=C(\Nc1ccc(NC(=O)CN(C)C)cc1)c1ccccc1,1,IC50,6.92,1,CHEMBL465016
COC(=O)c1ccc2c(c1)NC(=O)/C2=C(\Nc1ccc(N(C)S(C)(=O)=O)cc1)c1ccccc1,1,IC50,6.82,1,CHEMBL518867
COC(=O)c1ccc2c(c1)NC(=O)/C2=C(\Nc1ccc(CN2CCCC2=O)cc1)c1ccccc1,1,IC50,6.61,1,CHEMBL465217
COC(=O)c1ccc2c(c1)NC(=O)/C2=C(\Nc1cccc(C(=O)N(C)CCN(C)C)c1)c1ccccc1,1,IC50,6.61,1,CHEMBL485642
COC(=O)c1ccc2c(c1)NC(=O)/C2=C(\NC1CCN(C)CC1)c1ccccc1,0,IC50 (>),5.0,1,CHEMBL485643
COC(=O)c1ccc2c(c1)NC(=O)/C2=C(\NC1CCC(NC(=O)CN(C)C)CC1)c1ccccc1,0,IC50 (>),5.0,1,CHEMBL483781
NC(=O)c1ccc2c(c1)NC(=O)/C2=C(\Nc1ccc(CN2CCCCC2)cc1)c1ccccc1,1,IC50,6.12,1,CHEMBL497949
CCOC(=O)c1ccc2c(c1)NC(=O)/C2=C(\Nc1ccc(CN2CCCCC2)cc1)c1ccccc1,1,IC50,6.96,1,CHEMBL525443
O=C1Nc2cc([N+](=O)[O-])ccc2/C1=C(/Nc1ccc(CN2CCCCC2)cc1)c1ccccc1,1,IC50,8.15,1,CHEMBL501751
O=C1Nc2cc(Cl)ccc2/C1=C(/Nc1ccc(CN2CCCCC2)cc1)c1ccccc1,1,IC50,6.89,1,CHEMBL501752
N#Cc1ccc2c(c1)NC(=O)/C2=C(\Nc1ccc(CN2CCCCC2)cc1)c1ccccc1,1,IC50,6.61,1,CHEMBL500952
Nc1ccc2c(c1)NC(=O)/C2=C(\Nc1ccc(CN2CCCCC2)cc1)c1ccccc1,1,IC50,6.88,1,CHEMBL497739
O=C1Nc2cc(-n3cccc3)ccc2/C1=C(/Nc1ccc(CN2CCCCC2)cc1)c1ccccc1,1,IC50,6.1,1,CHEMBL497055
COc1ncnc2c1ncn2CC(=O)c1ccccc1,0,IC50,4.6,1,CHEMBL519976
Nc1ncnc2c1ncn2CC(=O)c1cccnc1,0,IC50,4.24,1,CHEMBL501256
Nc1ncnc2ncn(CC(=O)c3c[nH]c4ccccc34)c12,0,IC50,4.52,1,CHEMBL485246
Nc1ncnc2c1ncn2CC(=O)c1c[nH]c2ccccc12,0,IC50,4.09,1,CHEMBL521155
Nc1nc(Nc2cccc(Br)c2)c2cc(CCc3ccccc3)[nH]c2n1,0,IC50 (>),4.3,2,CHEMBL485320
Nc1nc(Nc2ccc3[nH]ccc3c2)c2cc(CCc3ccccc3)[nH]c2n1,0,IC50,4.6,2,CHEMBL499067
Nc1nc(Nc2ccc(Cl)cc2)c2cc(CCc3ccccc3)[nH]c2n1,0,IC50 (>),3.7,1,CHEMBL519147
Nc1nc(Nc2ccc(Cl)cc2F)c2cc(CCc3ccccc3)[nH]c2n1,0,IC50 (>),3.7,2,CHEMBL483313
C#Cc1cccc(Nc2nc(N)nc3[nH]c(CCc4ccccc4)cc23)c1,0,IC50 (>),3.7,2,CHEMBL520803
Nc1nc(Nc2cccc(C(F)(F)F)c2)c2cc(CCc3ccccc3)[nH]c2n1,0,IC50 (>),3.7,2,CHEMBL483312
Nc1nc(Nc2cccc(Br)c2)c2cc(CCc3ccc4ccccc4c3)[nH]c2n1,0,IC50,4.78,1,CHEMBL484109
Nc1nc(Nc2cccc(Br)c2)c2cc(CCc3ccccc3Cl)[nH]c2n1,0,IC50,4.37,1,CHEMBL482489
COc1ccc(CCc2cc3c(Nc4cccc(Br)c4)nc(N)nc3[nH]2)cc1,0,IC50 (>),4.3,1,CHEMBL485321
Nc1nc(Nc2ccc(F)c(C(F)(F)F)c2)c2cc(CCc3ccccc3)[nH]c2n1,0,IC50 (>),3.7,2,CHEMBL482715
Nc1nc(Nc2cccc(Br)c2)c2cc(Cc3ccc4ccccc4c3)[nH]c2n1,0,IC50 (>),4.3,2,CHEMBL502015
Nc1nc(Nc2cccc(Br)c2)c2cc(Cc3ccccc3)[nH]c2n1,0,IC50 (>),4.3,3,CHEMBL499344
Cc1ccn(-c2ccc3c(c2)NCC3(C)C)c(=O)c1-c1ccc2nc(N)ncc2c1,1,IC50,7.32,1,CHEMBL493986
Cc1ccc(C(=O)NCCC2CCCC2)cc1C(=O)Nc1ccc(N)nc1,0,IC50 (>),4.6,2,CHEMBL487431
Cc1ccn(-c2ccc(C(C)(C)C)cc2)c(=O)c1-c1ccc2nc(N)ncc2c1,1,IC50,7.96,1,CHEMBL496494
Cc1cc(C2CCN(CCCF)CC2)cc2[nH]c(-c3c(NCCn4cc(Cl)cn4)cc[nH]c3=O)nc12,1,IC50,6.43,1,CHEMBL459729
COc1ccc(-c2cncc(C#N)c2Nc2ccc3[nH]ccc3c2)cc1OC,0,IC50 (>),5.0,1,CHEMBL492251
Cc1ccc(C(=O)NC2CC2)cc1-c1ccc2nc(NCCN3CCOCC3)ncc2c1,1,IC50,7.98,1,CHEMBL494072
Cc1ccc(C(=O)NC2CC2)cc1-c1ccc2c(-c3ccccc3C)nncc2c1,0,IC50 (>),5.0,1,CHEMBL492265
Cc1ccc(C(=O)NC2CC2)cc1-c1ccc2c(O[C@H](C)C(F)(F)F)nncc2c1,1,IC50,6.3,1,CHEMBL493708
O=C(NC1CC1)c1cccc(-c2ccc3c(N4CCOCC4)nncc3c2)c1,0,IC50 (>),5.0,1,CHEMBL494470
O=C(O)c1cccc2c1C(=O)NC2,0,IC50 (>),4.0,1,CHEMBL505379
COC(=O)c1cccc2c1C(=O)NC2,0,IC50 (>),4.0,1,CHEMBL473040
NC(=O)c1cccc2c1C(=O)NC2,0,IC50 (>),4.0,1,CHEMBL505167
COc1ccc2[nH]c(-c3cccc4c3C(=O)NC4)nc2c1,1,IC50,6.85,1,CHEMBL507927
O=C(Nc1cncnc1)c1c(Cl)ccc2c(Nc3cccc(C(F)(F)F)c3)noc12,1,IC50,6.45,1,CHEMBL491429
O=C1NCc2cccc(-c3cc4cc(OCc5ccccc5)ccc4[nH]3)c21,0,IC50,4.95,1,CHEMBL484678
O=C1NCc2cccc(-c3cc4ccccc4[nH]3)c21,1,IC50,6.84,1,CHEMBL482621
O=C1NCc2cccc(-c3cc4cc(O)ccc4[nH]3)c21,1,IC50,6.92,1,CHEMBL443338
O=C1NCc2cccc(-c3cc4cc(OCCN5CCOCC5)ccc4[nH]3)c21,1,IC50,7.13,1,CHEMBL483451
O=C1NCc2cccc(-c3cc4cc(OCCCN5CCCCC5)ccc4[nH]3)c21,1,IC50,7.19,1,CHEMBL485081
O=C1NCc2cccc(-c3cc4cc(OCCN5CCCCC5)ccc4[nH]3)c21,1,IC50,7.25,1,CHEMBL484876
O=C1NCc2cccc(-c3cc4cc(OCCCO)ccc4[nH]3)c21,1,IC50,7.52,1,CHEMBL449663
O=C1NCc2cccc(-c3cc4cc(OCCCN5CCC(O)CC5)ccc4[nH]3)c21,1,IC50,7.75,1,CHEMBL522601
CCN1CCN(CCCOc2ccc3[nH]c(-c4cccc5c4C(=O)NC5)cc3c2)CC1,1,IC50,7.85,1,CHEMBL489820
CN1Cc2cccc(-c3cccn3C(=O)OC(C)(C)C)c2C1=O,0,IC50 (>),4.0,1,CHEMBL491243
CCSCc1ccc2c(c1)c1c3c(c4c5cc(CSCC)ccc5n5c4c1n2[C@H]1C[C@](O)(C(=O)OC)[C@]5(C)O1)CNC3=O,1,IC50,7.37,1,CHEMBL290352
CCOc1ccn(-c2ccc(F)cc2)c(=O)c1C(=O)Nc1ccc(Oc2ccnc(N)c2Cl)c(F)c1,1,IC50,6.86,7,CHEMBL460702
NC(=O)c1ccc(-c2nnc(Nc3ccc(Oc4ccccc4)cc3)c3ccccc23)cc1,0,IC50 (>),5.0,1,CHEMBL455410
CNS(=O)(=O)c1ccc(Nc2nnc(-c3ccc(C(N)=O)cc3)c3ccccc23)cc1,0,IC50 (>),5.0,1,CHEMBL509951
FC(F)(Cl)Oc1ccc(Nc2nnc(-c3cccc(Cl)c3)c3ccccc23)cc1,0,IC50 (>),5.0,1,CHEMBL460724
CC(=O)Nc1ccc(NC(=O)c2cc(C(=O)Nc3cccc(C(F)(F)F)c3)ccc2C)cn1,1,IC50,6.94,1,CHEMBL487864
Cc1ccc(C(=O)NCCC2CCCCC2)cc1C(=O)Nc1ccc(N)nc1,0,IC50 (>),4.6,1,CHEMBL488834
CC(=O)Nc1ncc(NC(=O)c2cc(C(=O)Nc3cccc(C(F)(F)F)c3)ccc2C)cn1,1,IC50,6.13,1,CHEMBL487863
Cc1ccc(C(=O)Nc2cccc(C(F)(F)F)c2)cc1C(=O)Nc1ccc(N)nc1,1,IC50,6.33,1,CHEMBL470483
Cc1ccc(C(=O)Nc2cccc(C(F)(F)F)c2)cc1C(=O)Nc1cccnc1,1,IC50,6.53,1,CHEMBL469883
Cc1cccc(NC(=O)Nc2ccc(-c3ccc4nccnc4c3N)cc2)c1,1,IC50,6.78,2,CHEMBL507936
Cc1cccc(NC(=O)Nc2ccc(-c3cnc4ccnn4c3N)cc2)c1,1,IC50,7.33,2,CHEMBL472302
Cc1cccc(NC(=O)Nc2ccc(-c3cnc4c(Br)cnn4c3)cc2)c1,0,IC50 (>),4.9,1,CHEMBL472301
Nc1c(-c2ccc(NC(=O)c3ccccc3)cc2)cnc2c(Br)cnn12,0,IC50 (>),4.9,1,CHEMBL510071
Cc1cccc(NC(=O)Nc2ccc(-c3cnc4c(Br)cnn4c3N)cc2)c1,1,IC50,7.14,2,CHEMBL452287
Nc1ccc(-c2cnc3c(Br)cnn3c2N)cc1,0,IC50 (>),4.9,1,CHEMBL505018
COc1ccc(-c2cnc3c(Br)cnn3c2N)cc1,0,IC50 (>),4.9,1,CHEMBL449625
Nc1c(-c2ccccc2)cnc2c(Br)cnn12,0,IC50 (>),4.9,1,CHEMBL451774
CCN(CC)CCNC(=O)c1cnn2c(N)c(-c3ccc(NC(=O)Nc4cccc(C)c4)cc3)cnc12,1,IC50,6.3,1,CHEMBL469469
Cc1cccc(NC(=O)Nc2ccc(-c3cnc4c(C(=O)N5CCN(C)CC5)cnn4c3N)cc2)c1,1,IC50,6.1,1,CHEMBL472504
CNC(=O)c1cnn2c(N)c(-c3ccc(NC(=O)Nc4cccc(C)c4)cc3)cnc12,1,IC50,7.0,1,CHEMBL511843
CCOC(=O)c1cnn2c(N)c(-c3ccc(NC(=O)Nc4cccc(C)c4)cc3)cnc12,1,IC50,7.6,2,CHEMBL507533
Cc1cccc(NC(=O)Nc2ccc(-c3cnc4c(C#N)cnn4c3N)cc2)c1,1,IC50,6.03,1,CHEMBL453577
Cc1cccc(NC(=O)Nc2ccc(-c3cnc4c(-c5cnn(C)c5)cnn4c3N)cc2)c1,1,IC50,9.0,2,CHEMBL508928
Cc1cccc(NC(=O)Nc2ccc(-c3cnc4c(-c5cccnc5)cnn4c3N)cc2)c1,1,IC50,8.15,2,CHEMBL453578
Cc1cccc(NC(=O)Nc2ccc(-c3cnc4c(-c5ccc6c(c5)OCO6)cnn4c3N)cc2)c1,1,IC50,7.77,2,CHEMBL510814
Cc1cccc(NC(=O)Nc2ccc(-c3cnc4c(C5CC5)cnn4c3N)cc2)c1,1,IC50,7.8,2,CHEMBL452783
Cc1cccc(NC(=O)Nc2ccc(-c3cnc4c(-c5ccsc5)cnn4c3N)cc2)c1,1,IC50,7.96,2,CHEMBL452522
Cc1cccc(NC(=O)Nc2ccc(-c3cnc4c(-c5cccs5)cnn4c3N)cc2)c1,1,IC50,7.82,2,CHEMBL452288
Cc1cccc(NC(=O)Nc2ccc(-c3c(C)nc4ccnn4c3N)cc2)c1,1,IC50,7.41,2,CHEMBL469468
Cc1cccc(NC(=O)Nc2ccc(-c3cnc4cc(-c5ccccc5)nn4c3N)cc2)c1,0,IC50 (>),4.9,1,CHEMBL470074
Cc1cccc(NC(=O)Nc2ccc(-c3cnc4c(-c5ccccc5)cnn4c3N)cc2)c1,1,IC50,7.77,2,CHEMBL469467
Nc1c(-c2ccc(NC(=O)Nc3cc(C(F)(F)F)ccc3F)cc2)cnc2ccnn12,1,IC50,7.85,2,CHEMBL452284
Cc1ccc(F)c(NC(=O)Nc2ccc(-c3cnc4ccnn4c3N)cc2)c1,1,IC50,7.13,1,CHEMBL452283
Nc1c(-c2ccc(NC(=O)Nc3cccc(Cl)c3)cc2)cnc2ccnn12,1,IC50,7.36,1,CHEMBL452035
Nc1c(-c2ccc(NC(=O)Nc3cccc(C(F)(F)F)c3)cc2)cnc2ccnn12,1,IC50,8.05,2,CHEMBL510788
Cc1ccc(NC(=O)Nc2ccc(-c3cnc4c(Br)cnn4c3N)cc2)cc1,1,IC50,6.09,1,CHEMBL470076
Cc1ccccc1NC(=O)Nc1ccc(-c2cnc3c(Br)cnn3c2N)cc1,0,IC50 (>),4.9,1,CHEMBL470075
COc1ccc(-c2cnc3c(Br)cnn3c2)cc1,0,IC50 (>),4.9,1,CHEMBL443962
Cc1cccc(NC(=O)Nc2ccc(-c3cnc4c(-c5cnn(C)c5)ccn4c3N)cc2)c1,1,IC50,9.15,2,CHEMBL453057
Cn1cc(-c2ccn3c(N)c(-c4ccc(NC(=O)Nc5cccc(F)c5)cc4)cnc23)cn1,1,IC50,8.0,2,CHEMBL469456
Cn1cc(-c2ccn3c(N)c(-c4ccc(NC(=O)Nc5ccc(F)c(C(F)(F)F)c5)cc4)cnc23)cn1,1,IC50,8.22,2,CHEMBL469455
Cn1cc(-c2ccn3c(N)c(-c4ccc(NC(=O)Nc5cc(C(F)(F)F)ccc5F)cc4)cnc23)cn1,1,IC50,8.3,2,CHEMBL512839
Cn1cc(-c2ccn3c(N)c(-c4ccc(NC(=O)Nc5cccc(Cl)c5)cc4)cnc23)cn1,1,IC50,8.4,2,CHEMBL453058
COc1cc2nccc(CN3CCc4c(C(=O)Nc5ccc(C(C)(C)C)cc5)cccc4C3=O)c2cc1OC,1,IC50,8.1,1,CHEMBL494873
COc1cc2nccc(CN3CCc4c(C(=O)Nc5ccc(F)c(C(F)(F)F)c5)cccc4C3=O)c2cc1OC,1,IC50,8.7,1,CHEMBL494872
COc1cc2nccc(CN3CCc4c(C(=O)Nc5ccc(Cl)c(C(F)(F)F)c5)cccc4C3=O)c2cc1OC,1,IC50,8.52,1,CHEMBL494903
COc1cc2nccc(CN3CCc4c(C(=O)Nc5cccc(C(F)(F)F)c5)cccc4C3=O)c2cc1OC,1,IC50,8.52,1,CHEMBL492857
O=C(Nc1cccc(C(F)(F)F)c1)c1cccc2c1CCN(Cc1ccnc3ccccc13)C2=O,1,IC50,7.75,1,CHEMBL492856
COc1cc2nccc(CN3CCc4c(cccc4C(=O)NC4CC4)C3)c2cc1OC,1,IC50,7.04,1,CHEMBL522855
COc1cc2nccc(CN3CCc4c(cccc4C(=O)Nc4ccccn4)C3)c2cc1OC,1,IC50,6.65,1,CHEMBL495300
COc1cc2nccc(CN3CCc4c(cccc4C(=O)Nc4nc5ccccc5s4)C3)c2cc1OC,1,IC50,7.89,1,CHEMBL495299
COc1cc2nccc(CN3CCc4c(cccc4C(=O)Nc4ccc(C(C)(C)C)cc4)C3)c2cc1OC,1,IC50,9.0,1,CHEMBL493877
COc1cc2nccc(CN3CCc4c(cccc4C(=O)Nc4ccc(F)c(C(F)(F)F)c4)C3)c2cc1OC,1,IC50,9.0,1,CHEMBL493876
COc1cc2nccc(CN3CCc4c(cccc4C(=O)Nc4ccc(Cl)c(C(F)(F)F)c4)C3)c2cc1OC,1,IC50,9.0,1,CHEMBL493253
COc1cc2nccc(CN3CCc4c(cccc4C(=O)Nc4cccc(C(F)(F)F)c4)C3)c2cc1OC,1,IC50,9.0,1,CHEMBL493047
COc1cc2nccc(CN3CCc4c(cccc4C(=O)Nc4ccc(Cl)cc4)C3)c2cc1OC,1,IC50,6.78,1,CHEMBL493046
CC(C)(C)c1ccc(NC(=O)c2cccc3c2CCN(Cc2ccnc4ccccc24)C3)cc1,1,IC50,8.1,1,CHEMBL494267
O=C(Nc1cccc(C(F)(F)F)c1)c1cccc2c1CCN(Cc1ccnc3ccccc13)C2,1,IC50,8.4,1,CHEMBL495089
COc1ccc(C2=C(c3cn(C)c4ccccc34)C(=O)NC2)cc1,0,IC50,4.51,1,CHEMBL507056
COc1ccc(C2=C(c3c[nH]c4ccccc34)C(=O)NC2)cc1,0,IC50,4.89,1,CHEMBL452812
COc1cc(C2=C(c3cn(C)c4ccccc34)C(=O)NC2)cc(OC)c1OC,0,IC50,4.82,1,CHEMBL509435
COc1cc(C2=C(c3c[nH]c4ccccc34)C(=O)NC2)cc(OC)c1OC,0,IC50,4.96,1,CHEMBL521201
COc1cc(C2=C(c3c[nH]c4ccccc34)CNC2=O)cc(OC)c1OC,1,IC50,7.51,1,CHEMBL529663
CCN1CCN(CC/C=C/c2ccc3c(Nc4ccc(Sc5nccn5C)c(Cl)c4)c(C#N)cnc3c2)CC1,1,IC50,6.0,1,CHEMBL489058
Cc1[nH]c(/C=C2\C(=O)Nc3ccc(C(=O)NNc4ccccc4)cc32)c(C)c1CCC(=O)O,1,IC50,7.16,1,CHEMBL480356
COc1cc(OC)cc(-c2ccc3c(c2)NC(=O)/C3=C\c2[nH]c(C)c(CCC(=O)O)c2C)c1,1,IC50,6.03,1,CHEMBL231526
COc1cc2ncn(-c3cc(OCc4ccccc4C(F)(F)F)c(C(N)=O)s3)c2cc1OC,1,IC50,6.44,4,CHEMBL514499
Nc1ncc(NC(=O)c2cc(NC(=O)c3cccc(C(F)(F)F)c3)ccc2Cl)cc1Cl,0,IC50 (>),4.52,1,CHEMBL475817
Cc1nc(N)sc1-c1ccnc(Nc2ccc(N3CCOCC3)cc2)n1,1,IC50,7.16,3,CHEMBL482967
Cc1cc(Nc2cc(N3CCN(C)CC3)nc(/C=C/c3ccccc3)n2)n[nH]1,1,IC50,8.0,2,CHEMBL482968
Cc1c(Nc2c(C#N)cnc3sc(/C=C/C(=O)N4CCCC4)cc23)ccc2[nH]ccc12,0,IC50 (>),4.3,1,CHEMBL477817
Fc1cnc(Nc2cccc(Br)c2)nc1Nc1cccc(Br)c1,1,IC50,6.4,1,CHEMBL475924
COc1cc2ncnc(Nc3ccc(C)c(O)c3)c2cc1OC,1,IC50,9.22,2,CHEMBL478442
Cc1ccc(Nc2ccnc(Nc3cccc(Br)c3)n2)cc1O,1,IC50,8.2,1,CHEMBL444138
COc1cc2ncnc(Nc3ccc4c(C)n[nH]c4c3)c2cc1OC,1,IC50,8.77,1,CHEMBL515625
COc1cc(Nc2nccc(Nc3ccc4c(C)n[nH]c4c3)n2)cc(OC)c1OC,1,IC50,8.2,2,CHEMBL479079
Cc1ccc(Nc2nccc(N(C)c3ccc4c(C)n(C)nc4c3)n2)cc1S(N)(=O)=O,1,IC50,8.3,15,CHEMBL477772
O=C(c1ccccc1NCc1ccc2ncccc2c1)c1c[nH]c2ncccc12,0,IC50 (>),5.0,1,CHEMBL469023
O=C(c1ccccc1NCc1ccncc1)c1n[nH]c2ccccc12,1,IC50,6.06,1,CHEMBL467549
O=C(c1ccccc1NCc1ccc2ncccc2c1)c1c[nH]c2ccncc12,0,IC50 (>),5.0,1,CHEMBL469022
O=C(c1ccccc1NCc1ccc2cnccc2c1)c1c[nH]c2ccccc12,0,IC50 (>),5.0,1,CHEMBL511600
Cc1[nH]c2ccccc2c1C(=O)c1ccccc1NCc1ccc2cn[nH]c2c1,0,IC50 (>),5.0,1,CHEMBL468592
Cc1cccc2c(C(=O)c3ccccc3NCc3ccc4cn[nH]c4c3)c[nH]c12,1,IC50,6.45,2,CHEMBL513169
Cc1ccc2c(C(=O)c3ccccc3NCc3ccc4cn[nH]c4c3)c[nH]c2c1,1,IC50,7.12,2,CHEMBL468420
Cc1ccc2[nH]cc(C(=O)c3ccccc3NCc3ccc4cn[nH]c4c3)c2c1,1,IC50,7.28,2,CHEMBL469272
COc1cccc2[nH]cc(C(=O)c3ccccc3NCc3ccc4ncccc4c3)c12,0,IC50 (>),5.0,1,CHEMBL503169
Cc1[nH]c2ccccc2c1C(=O)c1ccccc1NCc1ccc2ncccc2c1,0,IC50 (>),5.0,1,CHEMBL513359
Cc1ccc2c(C(=O)c3ccccc3NCc3ccc4ncccc4c3)c[nH]c2c1,1,IC50,6.14,2,CHEMBL468184
Cc1ccc2c(c1)c(C(=O)c1ccccc1NCc1ccc3ncccc3c1)cn2C,1,IC50,6.75,2,CHEMBL511414
O=C(c1ccccc1NCc1ccc2cn[nH]c2c1)c1c[nH]c2ccccc12,1,IC50,6.85,2,CHEMBL469038
O=C(c1ccccc1NCc1ccc2[nH]ncc2c1)c1c[nH]c2ccccc12,1,IC50,6.62,2,CHEMBL469037
Cn1nc(C(=O)c2ccccc2NCc2ccc3cn[nH]c3c2)c2ccccc21,1,IC50,6.6,2,CHEMBL513680
COCCn1nc(C(=O)c2ccccc2NCc2ccc3cn[nH]c3c2)c2ccccc21,1,IC50,6.25,1,CHEMBL469025
O=C(c1ccccc1NCc1ccc2c(c1)OCO2)c1n[nH]c2ccccc12,0,IC50 (>),5.0,1,CHEMBL512605
CC(=O)Nc1ccc(CNc2ccccc2C(=O)c2n[nH]c3ccccc23)cc1,0,IC50 (>),5.0,1,CHEMBL467980
O=C(c1ccccc1NCc1ccc2ncccc2c1)c1n[nH]c2ccccc12,1,IC50,6.89,2,CHEMBL469172
O=C(c1ccccc1NCc1ccc2cn[nH]c2c1)c1n[nH]c2ccccc12,1,IC50,7.13,2,CHEMBL512124
O=C(c1ccccc1NCc1ccc2[nH]ncc2c1)c1n[nH]c2ccccc12,1,IC50,6.92,2,CHEMBL469171
O=C(c1ccccc1NCc1cn[nH]c1)c1n[nH]c2ccccc12,0,IC50 (>),5.0,1,CHEMBL513838
O=C(c1ccccc1NCc1ccc2cn[nH]c2c1)c1c[nH]c2ccc(Cl)cc12,1,IC50,6.08,1,CHEMBL467983
O=C(c1ccccc1NCc1ccc2cn[nH]c2c1)c1c[nH]c2cc(F)ccc12,1,IC50,6.6,1,CHEMBL468829
O=C(c1ccccc1NCc1ccc2cn[nH]c2c1)c1c[nH]c2ccc(F)cc12,1,IC50,6.6,1,CHEMBL511251
O=C(c1ccccc1NCc1ccc2ncccc2c1)c1c[nH]c2ccc(Cl)cc12,1,IC50,6.25,1,CHEMBL513495
O=C(c1ccccc1NCc1ccc2ncccc2c1)c1c[nH]c2cc(F)ccc12,1,IC50,6.09,1,CHEMBL467365
O=C(c1ccccc1NCc1ccc2ncccc2c1)c1c[nH]c2ccc(F)cc12,1,IC50,6.0,1,CHEMBL469261
COc1ccc2c(C(=O)c3ccccc3NCc3ccc4ncccc4c3)c[nH]c2c1,1,IC50,6.18,1,CHEMBL511910
COc1ccc2[nH]cc(C(=O)c3ccccc3NCc3ccc4ncccc4c3)c2c1,1,IC50,6.35,1,CHEMBL467164
Cc1cccc2c(C(=O)c3ccccc3NCc3ccc4ncccc4c3)c[nH]c12,1,IC50,6.16,1,CHEMBL468185
Cc1ccc2[nH]cc(C(=O)c3ccccc3NCc3ccc4ncccc4c3)c2c1,1,IC50,6.8,1,CHEMBL468183
O=C(c1ccccc1NCc1ccc2ncccc2c1)c1c[nH]c2ccccc12,1,IC50,6.0,1,CHEMBL469043
Cn1nc(C(=O)c2ccccc2NCc2ccc3ncccc3c2)c2ccccc21,0,IC50 (>),5.0,1,CHEMBL466943
O=C(c1ccccc1NCc1ccc2[nH]cnc2c1)c1n[nH]c2ccccc12,1,IC50,6.51,1,CHEMBL466942
CCN1C(=O)C(C)(C)c2cc3[nH]c4c(c3cc21)CCCc1c(C)n[nH]c1-4,1,IC50,7.92,1,CHEMBL223147
O=c1[nH]cnc2[nH]c(-c3ccnc(/C=C/c4ccc(CN5CCOCC5)cc4)c3)cc12,1,IC50,7.0,1,CHEMBL461139
CN(C)CCOc1ccc(/C=C/c2cc(-c3cc4c(=O)[nH]cnc4[nH]3)ccn2)cc1,1,IC50,6.72,1,CHEMBL461140
CCOc1ccccc1Oc1nc(Nc2ccc(N3CCNCC3)cc2)ncc1C(=O)Nc1c(C)cccc1C,0,Ki (>),4.6,1,CHEMBL459044
COC(C)(C)CCn1nc(Nc2c(C)cccc2C)c2cnc(Nc3ccc(OCCN4CCCC4)c(F)c3)nc21,0,Ki (>),4.9,1,CHEMBL502156
O=C(Nc1cccc(C(F)(F)F)c1)c1nscc1NCc1ccncc1,1,IC50,7.39,4,CHEMBL515880
O=C(Nc1cccc(C(F)(F)F)c1)c1nscc1NCc1ccccn1,0,IC50 (>),5.0,2,CHEMBL475703
O=C(Nc1ccc(C(F)(F)F)cc1)c1nscc1NCc1ccncc1,1,IC50,6.68,1,CHEMBL475704
O=C(Nc1ccc(C(F)(F)F)cc1)c1nscc1NCc1cccnc1,0,IC50 (>),5.0,2,CHEMBL474293
O=C(Nc1ccc(C(F)(F)F)cc1)c1nscc1NCc1ccccn1,0,IC50 (>),5.0,2,CHEMBL474494
O=C(Nc1cccc(OC(F)(F)F)c1)c1nscc1NCc1ccncc1,1,IC50,7.48,2,CHEMBL475509
O=C(Nc1ccc(OC(F)(F)F)cc1)c1nscc1NCc1ccncc1,1,IC50,6.34,2,CHEMBL516243
CC(C)(C)c1cccc(NC(=O)c2nscc2NCc2ccncc2)c1,1,IC50,7.46,4,CHEMBL475510
CC(C)(C)c1ccc(NC(=O)c2nscc2NCc2ccncc2)cc1,1,IC50,6.44,1,CHEMBL475708
O=C(Nc1ccc(Cl)cc1)c1nscc1NCc1ccncc1,1,IC50,6.85,2,CHEMBL475709
O=C(Nc1cccc(Br)c1)c1nscc1NCc1ccncc1,1,IC50,7.57,2,CHEMBL473287
O=C(Nc1ccc(Br)cc1)c1nscc1NCc1ccncc1,1,IC50,6.64,3,CHEMBL473288
O=C(Nc1ccccc1Br)c1nscc1NCc1ccncc1,0,IC50 (>),5.0,2,CHEMBL509737
O=C(Nc1ccc2ccccc2n1)c1nscc1NCc1ccncc1,1,IC50,6.36,2,CHEMBL474709
O=C(Nc1ccc(Cl)c(C(F)(F)F)c1)c1nscc1NCc1ccncc1,1,IC50,6.64,2,CHEMBL473268
O=C(Nc1ccc(C(F)(F)F)c(Cl)c1)c1nscc1NCc1ccncc1,1,IC50,6.05,1,CHEMBL512862
O=C(Nc1ccc(Cl)c(Cl)c1)c1nscc1NCc1ccncc1,1,IC50,6.17,1,CHEMBL470440
Cc1ccc(NC(=O)c2nscc2NCc2ccncc2)cc1C(F)(F)F,1,IC50,7.37,2,CHEMBL470441
Cc1cc(NC(=O)c2nscc2NCc2ccncc2)ccc1C(F)(F)F,1,IC50,6.31,2,CHEMBL512863
O=C(NCc1ccc2c(c1)OCO2)c1nscc1NCc1ccncc1,1,IC50,6.19,2,CHEMBL462315
O=C(Nc1cccc(C(F)(F)F)c1)c1nscc1NCc1ccc(F)c(F)c1,0,IC50 (>),5.0,2,CHEMBL518204
O=C(Nc1cccc(C(F)(F)F)c1)c1nscc1NCCc1ccc2c(c1)OCO2,0,IC50 (>),5.0,2,CHEMBL462527
O=C(Nc1cccc(Br)c1)c1nscc1NCCc1ccc2c(c1)OCO2,0,IC50 (>),5.0,2,CHEMBL462528
O=C(Nc1cccc(Br)c1)c1nscc1NCc1ccnc2ccccc12,1,IC50,6.82,2,CHEMBL517399
O=C(Nc1cccc(C(F)(F)F)c1)c1nscc1NCc1ccnc2ccccc12,1,IC50,6.96,2,CHEMBL458531
O=C(Nc1cccc(Br)c1)c1nscc1NCc1cnoc1,0,IC50 (>),5.0,2,CHEMBL512380
O=C(Nc1cccc(Br)c1)c1nscc1NCc1ccc2ccccc2n1,0,IC50 (>),5.0,2,CHEMBL458532
O=C(Nc1cccc(C(F)(F)F)c1)c1nscc1NCc1cccnc1,0,IC50 (>),5.0,1,CHEMBL514986
CNc1nccc(-c2cccnc2Oc2ccc(NC(=O)Nc3cccc(C(F)(F)F)c3)cc2C)n1,1,IC50,7.47,1,CHEMBL468612
CNc1nccc(-c2cccnc2Oc2ccc(Nc3nc4ccccc4[nH]3)cc2C)n1,0,IC50 (>),4.6,1,CHEMBL516817
CNc1nccc(-c2cccnc2Oc2ccc(Nc3nc4ccccc4s3)c3ccccc23)n1,1,IC50,7.06,2,CHEMBL456683
CNc1nccc(-c2cccnc2Oc2ccc(Nc3nc4ccccc4o3)c3ccccc23)n1,1,IC50,7.52,2,CHEMBL456463
CNc1nccc(-c2cccnc2Oc2ccc(Nc3nc4ccccc4n3C)c3ccccc23)n1,1,IC50,6.6,1,CHEMBL457984
CNc1nccc(-c2cccnc2Oc2ccc(Nc3nc4ccc(C(F)(F)F)cc4[nH]3)c3ccccc23)n1,1,IC50,7.16,2,CHEMBL463323
CNc1nccc(-c2cccnc2Oc2ccc(NC(=O)Nc3ccccc3)c3ccccc23)n1,1,IC50,7.4,2,CHEMBL457099
CNc1nccc(-c2cccnc2Oc2ccc(Nc3nc4ccccc4[nH]3)c(C)c2C)n1,0,IC50 (>),4.6,1,CHEMBL465792
CNc1nccc(-c2cccnc2Oc2ccc(Nc3nc4ccccc4[nH]3)c(C)c2)n1,0,IC50 (>),4.6,1,CHEMBL462083
CNc1nccc(-c2cccnc2Oc2ccc(Nc3nc4ccccc4[nH]3)cc2)n1,0,IC50 (>),4.6,1,CHEMBL462082
N[C@@H](CCCCN/C=C1\C(=O)Nc2ccccc21)C(=O)O,0,IC50 (>),5.0,1,CHEMBL458440
N[C@@H](CCCCN/C=C1\C(=O)Nc2ccc(Br)cc21)C(=O)O,0,IC50 (>),5.0,1,CHEMBL458441
N[C@@H](CCCN/C=C1\C(=O)Nc2ccc(Br)cc21)C(=O)O,0,IC50 (>),5.0,1,CHEMBL503236
N[C@@H](CCCN/C=C1\C(=O)Nc2ccccc21)C(=O)O,0,IC50 (>),5.0,1,CHEMBL458352
CNC(=O)c1nn(C)c2c1C(C)(C)Cc1cnc(Nc3ccc(N4CCN(C)CC4)cc3)nc1-2,0,IC50 (>),5.0,1,CHEMBL564829
COC(=O)Nc1ccc(-c2nc(N3CCOCC3)c3cnn(C4CCN(C(=O)OC)CC4)c3n2)cc1,0,IC50 (>),4.3,1,CHEMBL561708
CCOC(=O)c1cnn2c(-c3cccc(NC(=O)c4cccc(C(F)(F)F)c4)c3)ccnc12,0,IC50 (>),5.0,1,CHEMBL565061
Nc1ncnc2c1c(-c1cccc(OCc3ccccc3)c1)cn2[C@H]1C[C@H](N2CCCC2)C1,0,IC50 (>),5.0,1,CHEMBL558708
CC1(C)CNc2cc(NC(=O)c3cccnc3NCc3ccncc3)ccc21,1,IC50,8.52,8,CHEMBL572881
CCN1CCN(Cc2ccc(NC(=O)Nc3ccc(Oc4cc(NC)ncn4)cc3)cc2C(F)(F)F)CC1,1,IC50,8.52,5,CHEMBL574738
CC(C)(C)c1cnc(CSc2cnc(NC(=O)C3CCNCC3)s2)o1,0,Kd (>),5.0,2,CHEMBL296468
C=CC(=O)Nc1cc2c(Nc3ccc(F)c(Cl)c3)ncnc2cc1OCCCN1CCOCC1,0,IC50,4.6,3,CHEMBL31965
C[C@@H]1CCN(C(=O)CC#N)C[C@@H]1N(C)c1ncnc2[nH]ccc12,0,Kd (>),5.0,2,CHEMBL221959
COCC(=O)NC/C=C/c1ccc2ncnc(Nc3ccc(Oc4ccc(C)nc4)c(C)c3)c2c1,0,IC50 (>),5.0,2,CHEMBL483321
Cc1nc(Nc2ncc(C(=O)Nc3c(C)cccc3Cl)s2)cc(N2CCN(CCO)CC2)n1,0,IC50 (>),4.3,2,CHEMBL5416410
CN1CC[C@H](c2c(O)cc(O)c3c(=O)cc(-c4ccccc4Cl)oc23)[C@H](O)C1,0,Kd (>),5.0,2,CHEMBL428690
COc1ccc(COc2ccc(Cc3cnc(N)nc3N)cc2OC)cc1,0,IC50 (>),4.7,3,CHEMBL261849
CS(=O)(=O)CCNCc1ccc(-c2ccc3ncnc(Nc4ccc(OCc5cccc(F)c5)c(Cl)c4)c3c2)o1,0,IC50 (>),5.0,6,CHEMBL554
CN(C)C[C@@H]1CCn2cc(c3ccccc32)C2=C(C(=O)NC2=O)c2cn(c3ccccc23)CCO1,0,Kd (>),5.0,2,CHEMBL91829
O=C(O)c1ccc(Nc2ncc3c(n2)-c2ccc(Cl)cc2C(c2c(F)cccc2F)=NC3)cc1,0,Ki,6.1,3,CHEMBL259084
CC[C@H](CO)Nc1nc(NCc2ccccc2)c2ncn(C(C)C)c2n1,0,Kd (>),5.0,1,CHEMBL14762
Oc1ccc(-c2nc(-c3ccc(F)cc3)c(-c3ccncc3)[nH]2)cc1,0,Kd (>),5.0,1,CHEMBL278041
C[S+]([O-])c1ccc(-c2nc(-c3ccc(F)cc3)c(-c3ccncc3)[nH]2)cc1,0,Kd (>),5.0,2,CHEMBL10
NC(=O)c1ccc(-c2nc(-c3ccccn3)c(-c3ccc4c(c3)OCO4)[nH]2)cc1,0,Kd (>),5.0,1,CHEMBL440084
O=c1ncn2nc(Sc3ccc(F)cc3F)ccc2c1-c1c(Cl)cccc1Cl,0,Kd (>),5.0,2,CHEMBL119385
Cc1ccc2c(Nc3ccc(Cl)cc3)nccc2c1Nc1ncccc1-c1ncnc2[nH]cnc12,1,IC50,6.0,1,CHEMBL3215582
CNc1ncc2cc(-c3c(C)ccc4c(Nc5ccc6c(c5)NC(=O)C6(C)C)nccc34)ccc2n1,1,IC50,6.62,1,CHEMBL576985
CNc1ncc2cc(-c3c(C)ccc4c(Nc5cc(C(C)(C)C)nn5C)nccc34)ccc2n1,1,IC50,6.64,1,CHEMBL569882
CNc1ncc2cc(-c3c(C)ccc4c(Nc5ccc(Cl)cc5)nccc34)ccc2n1,0,IC50 (>),4.6,1,CHEMBL576787
CNc1cc(-c2cccnc2Nc2c(C)ccc3c(Nc4ccc5sc(C)nc5c4)nccc23)ncn1,1,IC50,6.77,1,CHEMBL570573
C#Cc1cccc(Nc2nccc3c(Nc4ncccc4-c4cc(NC)ncn4)c(C)ccc23)c1,1,IC50,6.38,1,CHEMBL571278
CNc1cc(-c2cccnc2Nc2c(C)ccc3c(Nc4ccc(Cl)cc4)nccc23)ncn1,1,IC50,6.52,1,CHEMBL565885
Cc1ccc2c(Nc3ccc(Cl)cc3)nccc2c1Nc1ncccc1-c1ccncn1,0,IC50 (>),4.6,1,CHEMBL565884
Cc1ccc2c(Nc3cccc(C(F)(F)F)c3)nccc2c1Nc1ncccc1-c1ccncn1,1,IC50,6.12,1,CHEMBL571703
Cc1ccc(-c2ccc3occ(-c4ccc([S@+](C)[O-])cc4)c3c2)o1,0,IC50 (>),5.0,1,CHEMBL574588
CC[S@+]([O-])c1ccc(-c2coc3ccc(-c4ccc(C)o4)cc23)cc1,0,IC50 (>),5.0,1,CHEMBL574613
O=C1OC(/C=C/c2ccccc2)=N/C1=C\c1cccnc1,0,IC50 (>),5.0,1,CHEMBL565286
C=CC(=O)N1CCC[C@H]1C(=O)Nc1cc2c(Nc3ccc(F)c(Cl)c3F)ncnc2cc1OCCOC,1,IC50,6.22,1,CHEMBL569880
CC1(C)CC(NC(=O)c2cccc(-c3cc4nccc(Nc5cccc(O)c5)n4n3)c2)CC(C)(C)N1[O],1,IC50,8.48,1,CHEMBL1163016
O=C(CC(=O)Nc1ccc(Oc2ccnc3ccsc23)c(F)c1)Nc1ccccc1,1,IC50,6.7,1,CHEMBL566621
O=C(CC(=O)Nc1ccc(Oc2ccnc3cc(C(=O)N4CCCC4)sc23)c(F)c1)Nc1ccccc1,1,IC50,8.4,1,CHEMBL566010
CN(C)[C@@H]1CCN(C(=O)c2cc3nccc(Oc4ccc(NC(=O)CC(=O)Nc5ccccc5)cc4F)c3s2)C1,1,IC50,7.05,1,CHEMBL565785
Cn1ccnc1C(=O)c1cc2nccc(Oc3ccc(NC(=O)CC(=O)Nc4ccccc4)cc3F)c2s1,1,IC50,7.3,1,CHEMBL566623
Cn1cnc(C(=O)c2cc3nccc(Oc4ccc(NC(=O)CC(=O)Nc5ccccc5)cc4F)c3s2)c1,1,IC50,7.52,1,CHEMBL566003
CCn1cnc(C(=O)c2cc3nccc(Oc4ccc(NC(=O)CC(=O)Nc5ccccc5)cc4F)c3s2)c1,1,IC50,8.3,1,CHEMBL565990
CN(C)CCn1cnc(C(=O)c2cc3nccc(Oc4ccc(NC(=O)CC(=O)Nc5ccccc5)cc4F)c3s2)c1,1,IC50,8.22,1,CHEMBL576504
O=C(O)Cn1cnc(C(=O)c2cc3nccc(Oc4ccc(NC(=O)CC(=O)Nc5ccccc5)cc4F)c3s2)c1,1,IC50,7.72,1,CHEMBL570869
CCn1cnc(-c2cc3nccc(Oc4ccc(NC(=O)CC(=O)NC5CCCCC5)cc4F)c3s2)c1,1,IC50,8.0,1,CHEMBL585205
CCn1cnc(-c2cc3nccc(Oc4ccc(NC(=O)CC(=O)Nc5ccccc5F)cc4F)c3s2)c1,1,IC50,7.75,1,CHEMBL566215
CCn1cnc(-c2cc3nccc(Oc4ccc(NC(=O)CC(=O)Nc5cccc(F)c5)cc4F)c3s2)c1,1,IC50,8.0,1,CHEMBL565603
CCn1cnc(-c2cc3nccc(Oc4ccc(NC(=O)CC(=O)Nc5ccc(F)cc5)cc4F)c3s2)c1,1,IC50,8.3,1,CHEMBL567475
CCn1cnc(-c2cc3nccc(Oc4ccc(NC(=O)CC(=O)Nc5ccccc5OC)cc4F)c3s2)c1,1,IC50,8.22,1,CHEMBL566844
CCn1cnc(-c2cc3nccc(Oc4ccc(NC(=O)CC(=O)Nc5ccccc5C(F)(F)F)cc4F)c3s2)c1,1,IC50,7.89,1,CHEMBL577742
CCn1cnc(-c2cc3nccc(Oc4ccc(NC(=O)CC(=O)Nc5ccccc5O)cc4F)c3s2)c1,1,IC50,8.15,1,CHEMBL584701
CCn1cnc(-c2cc3nccc(Oc4ccc(NC(=O)C5(C(=O)Nc6ccccc6)CC5)cc4F)c3s2)c1,1,IC50,9.0,2,CHEMBL565807
CCn1cnc(-c2cc3nccc(Oc4ccc(NC(=O)CC(=O)N(C)c5ccccc5)cc4F)c3s2)c1,1,IC50,8.22,1,CHEMBL565782
CCn1cnc(-c2cc3nccc(Oc4ccc(NC(=O)C5(C(=O)Nc6ccccc6F)CC5)cc4F)c3s2)c1,1,IC50,7.82,1,CHEMBL566836
COc1ccccc1/C(C)=C/c1coc2nc(N)nc(N)c12,0,IC50,4.99,1,CHEMBL610181
CCCC(=Cc1coc2nc(=N)[nH]c(N)c12)c1ccccc1OC,0,IC50,4.75,1,CHEMBL595497
COc1ccccc1C(Cc1coc2nc(N)nc(N)c12)C1CC1,0,IC50,4.86,1,CHEMBL603198
COc1ccccc1/C(C)=C\c1coc2nc(N)nc(N)c12,0,IC50,4.52,1,CHEMBL606039
COc1ccccc1C(=Cc1coc2nc(=N)[nH]c(N)c12)C(C)C,0,IC50 (>),3.3,1,CHEMBL594810
COc1ccccc1C(=Cc1coc2nc(=N)[nH]c(N)c12)C1CC1,0,IC50 (>),3.3,1,CHEMBL594320
CCCCC(=Cc1coc2nc(=N)[nH]c(N)c12)c1ccccc1OC,0,IC50 (>),3.3,1,CHEMBL604879
COc1ccccc1C(=Cc1coc2nc(=N)[nH]c(N)c12)CC(C)C,0,IC50 (>),3.3,1,CHEMBL593154
CCC(C)C(=Cc1coc2nc(=N)[nH]c(N)c12)c1ccccc1OC,0,IC50 (>),3.3,1,CHEMBL603849
CCCC(Cc1coc2nc(N)nc(N)c12)c1ccccc1OC,0,IC50 (>),3.3,1,CHEMBL605413
CCCCC(Cc1coc2nc(N)nc(N)c12)c1ccccc1OC,0,IC50 (>),3.3,1,CHEMBL594790
COc1ccccc1C(Cc1coc2nc(N)nc(N)c12)CC(C)C,0,IC50 (>),3.3,1,CHEMBL606362
CCC(C)C(Cc1coc2nc(N)nc(N)c12)c1ccccc1OC,0,IC50 (>),3.3,1,CHEMBL594339
COc1cc(-c2nc3ccccc3s2)ccc1Nc1ncnc2cc(OC)c(OC)cc12,0,IC50 (>),5.0,1,CHEMBL596059
COc1cc2c(Nc3ccc(-c4nc5ccccc5s4)cc3)ncnc2cc1OCCCN1CCN(C)CC1,1,IC50,7.92,1,CHEMBL595615
COc1cc2c(Nc3ccc(-c4nc5ccccc5s4)cc3C)ncnc2cc1OCCCN1CCN(C)CC1,1,IC50,6.6,1,CHEMBL595406
COc1cc2c(Nc3ccc(-c4nc5ccccc5s4)cc3O)ncnc2cc1OCCCN1CCN(C)CC1,1,IC50,6.55,1,CHEMBL595142
COc1cc2c(Nc3ccc(-c4nc5ccccc5s4)cc3OC(F)(F)F)ncnc2cc1OCCCN1CCN(C)CC1,0,IC50 (>),5.0,1,CHEMBL593245
COc1cc2c(Nc3ccc(-c4nc5ccccc5s4)cc3F)ncnc2cc1OCCCN1CCN(C)CC1,1,IC50,7.21,1,CHEMBL594228
COc1cc2c(Nc3ccc(-c4nc5ccccc5s4)c(C)c3)ncnc2cc1OCCCN1CCN(C)CC1,1,IC50,6.46,1,CHEMBL596087
COc1cc2c(Nc3ccc(-c4nc5ccccc5s4)c(O)c3)ncnc2cc1OCCCN1CCN(C)CC1,1,IC50,6.42,1,CHEMBL606466
COc1cc2c(Nc3ccc(-c4nc5ccccc5s4)c(F)c3)ncnc2cc1OCCCN1CCN(C)CC1,1,IC50,7.36,1,CHEMBL593987
COc1cc2c(Nc3ccc(-c4nc5ccccc5s4)c(Cl)c3)ncnc2cc1OCCCN1CCN(C)CC1,1,IC50,6.92,1,CHEMBL593274
COc1ccc2nc(-c3ccc(Nc4ncnc5cc(OCCCN6CCN(C)CC6)c(OC)cc45)cc3)sc2c1,1,IC50,6.16,1,CHEMBL593306
COc1cc2c(Nc3ccc(-c4nc5ccc(F)cc5s4)cc3)ncnc2cc1OCCCN1CCN(C)CC1,1,IC50,6.47,1,CHEMBL604992
COc1cc2c(Nc3ccc(-c4nc5cc(Cl)ccc5s4)cc3)ncnc2cc1OCCCN1CCN(C)CC1,1,IC50,6.21,1,CHEMBL596292
COc1cc2c(Nc3ccc(-c4nc5cc(C(F)(F)F)ccc5s4)cc3)ncnc2cc1OCCCN1CCN(C)CC1,0,IC50 (>),5.0,1,CHEMBL593908
COc1cc2c(N(C)c3ccc(-c4nc5ccccc5s4)c(OC)c3)ncnc2cc1OCCCN1CCN(C)CC1,0,IC50 (>),5.0,1,CHEMBL593770
COc1cc2c(Oc3ccc(-c4nc5ccccc5s4)cc3F)ncnc2cc1OCCCN1CCN(C)CC1,1,IC50,6.38,1,CHEMBL604483
COc1cc2c(Oc3ccc(-c4nc5ccccc5s4)cc3)ncnc2cc1OCCCN1CCN(C)CC1,1,IC50,6.83,1,CHEMBL595143
COc1cc2c(Oc3ccc(-c4nc5ccccc5s4)cc3)ncnc2cc1OCCCN1CCCC1,1,IC50,6.46,1,CHEMBL595373
NCCn1cc(-c2cc(-c3cc4ccccc4s3)c3[nH]ncc3c2)c2nc(N)ncc21,0,IC50 (>),5.0,1,CHEMBL590109
Cn1cnc(-c2cc3nccc(Oc4ccc(NC(=O)CC(Nc5ccccc5)C(F)(F)F)cc4F)c3s2)c1,1,IC50,6.68,2,CHEMBL600632
Cn1cnc(-c2cc3nccc(Oc4ccc(NC(CC(=O)Nc5ccccc5)C(F)(F)F)cc4F)c3s2)c1,1,IC50,8.0,2,CHEMBL602703
COc1ccccc1NC(=O)CC(Nc1ccc(Oc2ccnc3cc(-c4cn(C)cn4)sc23)c(F)c1)C(F)(F)F,1,IC50,7.7,1,CHEMBL591924
Cn1cnc(-c2cc3nccc(Oc4ccc(NC(CC(=O)Nc5ccc(F)cc5)C(F)(F)F)cc4F)c3s2)c1,1,IC50,7.7,1,CHEMBL602704
Cn1cnc(-c2cc3nccc(Oc4ccc(NC(CC(=O)Nc5ccc(F)cc5)C(F)(F)F)cc4)c3s2)c1,1,IC50,7.7,1,CHEMBL602905
COc1cc2ncnc(Oc3ccc(NC(=O)CC(Nc4ccccc4)C(F)(F)F)cc3F)c2cc1OC,1,IC50,6.07,1,CHEMBL600398
COc1cc2nccc(Oc3ccc(NC(=O)CC(Nc4ccccc4)C(F)(F)F)cc3F)c2cc1OC,1,IC50,6.44,1,CHEMBL600603
COc1cc2nccc(Oc3ccc(NC(CC(=O)Nc4ccccc4)C(F)(F)F)cc3F)c2cc1OC,1,IC50,7.52,1,CHEMBL600604
O=C(CC(Nc1ccc(Oc2cc(NC(=O)N3CCCC3)ncn2)c(F)c1)C(F)(F)F)Nc1ccccc1,1,IC50,7.4,1,CHEMBL612137
COc1cc(C2=C(c3c[nH]c4ccc(I)cc34)C(=O)NC2=O)cc(OC)c1OC,1,IC50,7.6,1,CHEMBL597492
COc1cc(C2=C(c3c[nH]c4ccc(Br)cc34)C(=O)NC2=O)cc(OC)c1OC,1,IC50,7.65,1,CHEMBL605957
COc1cc(C2=C(c3c[nH]c4ccc(F)cc34)C(=O)NC2=O)cc(OC)c1OC,1,IC50,7.09,2,CHEMBL606168
C[C@@H](Oc1ccc2ncccc2c1)c1c(Cl)ccc(F)c1Cl,0,IC50,4.64,1,CHEMBL600795
CC(Oc1ccc2ncc(/C=C/C(=O)O)cc2c1)c1c(Cl)ccc(F)c1Cl,0,IC50 (>),4.3,1,CHEMBL602470
CC(Oc1ccc2ncc(/C=C/CN)cc2c1)c1c(Cl)ccc(F)c1Cl,0,IC50,4.48,1,CHEMBL599993
CC(Oc1ccc2ncc(CCC(N)=O)cc2c1)c1c(Cl)ccc(F)c1Cl,0,IC50,4.3,1,CHEMBL591457
CC(Oc1ccc2ncc(/C=C/C(=O)N(C)C)cc2c1)c1c(Cl)ccc(F)c1Cl,0,IC50 (>),4.3,1,CHEMBL608738
CNC(=O)/C=C/c1cnc2ccc(OC(C)c3c(Cl)ccc(F)c3Cl)cc2c1,0,IC50 (>),4.3,1,CHEMBL598912
CC(Oc1ccc2ncc(/C=C/C(N)=O)cc2c1)c1c(Cl)ccc(F)c1Cl,0,IC50,4.58,1,CHEMBL598911
C[C@H](Oc1ccc2ncccc2c1)c1c(Cl)ccc(F)c1Cl,0,IC50 (>),4.3,1,CHEMBL598523
CC(Oc1ccc2ncccc2c1)c1c(Cl)ccc(F)c1Cl,0,IC50,4.5,1,CHEMBL598727
C[C@@H](Oc1ccc2ncc(/C=C/C(N)=O)cc2c1)c1c(Cl)ccc(F)c1Cl,0,IC50,4.96,1,CHEMBL602471
CC(=O)N1CCC(Nc2ncc3c(n2)-c2c(c(C(N)=O)nn2C)CC3)CC1,0,IC50 (>),5.0,1,CHEMBL599224
Cn1nc(C(N)=O)c2c1-c1nc(NC3CCN(C(=O)c4ccccc4)CC3)ncc1CC2,0,IC50 (>),5.0,1,CHEMBL599428
CNC(=O)c1nn(C)c2c1CCc1cnc(NC3CCN(C(=O)C4CCN(S(C)(=O)=O)CC4)CC3)nc1-2,0,IC50 (>),5.0,1,CHEMBL597754
C#Cc1cccc(Nc2ncnc3cc(OC)c(OCCCCCCC(=O)NO)cc23)c1,1,IC50,6.07,1,CHEMBL598797
O=C1Cc2c([nH]c3ccc(Br)cc23)-c2ccccc2N1,0,IC50 (>),4.0,1,CHEMBL296586
O=C1Cc2cnc3ccnn3c2-c2ccccc2N1,0,IC50,4.92,1,CHEMBL590769
O=C1Cc2cnc3cc(-c4ccccc4)nn3c2-c2ccccc2N1,1,IC50,6.2,1,CHEMBL599247
O=C1Cc2cnc3ccnn3c2-c2ncccc2N1,0,IC50,4.06,1,CHEMBL591896
O=C1Cc2cnc3cc(-c4ccccc4)nn3c2-c2ncccc2N1,0,IC50,4.8,1,CHEMBL598435
COc1ccc2c(c1)NC(=O)Cc1cnc3ncnn3c1-2,0,IC50 (>),4.0,1,CHEMBL597005
O=C1Cc2cnc3ncnn3c2-c2ncccc2N1,0,IC50 (>),4.0,1,CHEMBL608427
O=C1Cc2cc3c(=O)[nH]c(=O)[nH]c3nc2-c2ccccc2N1,0,IC50 (>),4.0,1,CHEMBL597207
Cn1c(=O)c2cc3c(nc2n(C)c1=O)-c1ccccc1NC(=O)C3,0,IC50 (>),4.0,1,CHEMBL603481
COc1ccc2c(c1)NC(=O)Cc1cc3c(=O)[nH]c(=O)[nH]c3nc1-2,0,IC50 (>),4.0,1,CHEMBL599666
COc1ccc2c(c1)NC(=O)Cc1cc3c(=O)n(C)c(=O)n(C)c3nc1-2,0,IC50 (>),4.0,1,CHEMBL596598
O=C1Cc2cc3c(=O)[nH]c(=O)[nH]c3nc2-c2cnccc2N1,0,IC50 (>),4.0,1,CHEMBL606119
Cn1c(=O)c2cc3c(nc2n(C)c1=O)-c1cnccc1NC(=O)C3,0,IC50 (>),4.0,1,CHEMBL599055
O=C1Cc2cc3c(=O)[nH]c(=O)[nH]c3nc2-c2ncccc2N1,0,IC50,4.18,1,CHEMBL610512
Cn1c(=O)c2cc3c(nc2n(C)c1=O)-c1ncccc1NC(=O)C3,0,IC50 (>),4.0,1,CHEMBL599056
O=C1Cc2cnc(Nc3ccccc3)nc2-c2ccccc2N1,1,IC50,6.85,1,CHEMBL603255
O=C1Cc2cnc(Nc3ccc(I)cc3)nc2-c2ccccc2N1,1,IC50,6.4,1,CHEMBL598024
COc1ccc(Nc2ncc3c(n2)-c2ccccc2NC(=O)C3)cc1,1,IC50,7.02,1,CHEMBL598025
O=C1Cc2cnc(Nc3ccc(Cl)cc3)nc2-c2ccccc2N1,1,IC50,6.72,1,CHEMBL596807
O=C1Cc2cnc(Nc3ccc([N+](=O)[O-])cc3)nc2-c2ccccc2N1,1,IC50,6.48,1,CHEMBL596808
Cc1ccc(Nc2ncc3c(n2)-c2ccccc2NC(=O)C3)cc1,1,IC50,6.72,1,CHEMBL605324
O=C1Cc2cnc(Nc3ccc(O)cc3)nc2-c2ccccc2N1,1,IC50,7.1,1,CHEMBL605841
O=C1Cc2cnc(Nc3ccc(Br)cc3)nc2-c2ccccc2N1,1,IC50,6.54,1,CHEMBL597586
CCOc1ccc(Nc2ncc3c(n2)-c2ccccc2NC(=O)C3)cc1,1,IC50,6.89,1,CHEMBL606410
O=C1Cc2cnc(Nc3cccc(O)c3)nc2-c2ccccc2N1,1,IC50,7.29,1,CHEMBL604545
O=C1Cc2cnc(Nc3ccccc3Br)nc2-c2ccccc2N1,0,IC50,4.24,1,CHEMBL599027
O=C1Cc2cnc(Nc3ccccc3O)nc2-c2ccccc2N1,1,IC50,6.28,1,CHEMBL603545
COc1ccc(Nc2ncc3c(n2)-c2ccccc2NC(=O)C3)cc1O,1,IC50,7.14,2,CHEMBL603463
O=C1Cc2cnc(Nc3ccc(O)c(Cl)c3)nc2-c2ccccc2N1,1,IC50,7.46,1,CHEMBL598000
COc1ccc2c(c1)NC(=O)Cc1cnc(Nc3ccc(O)cc3)nc1-2,1,IC50,7.55,1,CHEMBL598418
COc1ccc(Nc2ncc3c(n2)-c2ccc(OC)cc2NC(=O)C3)cc1,1,IC50,7.3,1,CHEMBL606395
CCOc1ccc(Nc2ncc3c(n2)-c2ccc(OC)cc2NC(=O)C3)cc1,1,IC50,7.28,2,CHEMBL597191
COc1ccc2c(c1)NC(=O)Cc1cnc(Nc3cccc(O)c3)nc1-2,1,IC50,7.82,1,CHEMBL604912
COc1ccc2c(c1)NC(=O)Cc1cnc(Nc3ccc(OC)c(O)c3)nc1-2,1,IC50,7.75,1,CHEMBL597393
COc1ccc2c(c1)NC(=O)Cc1cnc(Nc3ccc(O)c(Cl)c3)nc1-2,1,IC50,7.96,2,CHEMBL597596
O=C1Cc2cnc(Nc3ccc(O)cc3)nc2-c2cnccc2N1,1,IC50,6.89,1,CHEMBL597597
COc1ccc(Nc2ncc3c(n2)-c2cnccc2NC(=O)C3)cc1,1,IC50,6.72,1,CHEMBL596988
O=C1Cc2cnc(Nc3cccc(O)c3)nc2-c2cnccc2N1,1,IC50,6.85,1,CHEMBL602043
O=C1Cc2cnc(Nc3ccc(O)c(Cl)c3)nc2-c2cnccc2N1,1,IC50,7.06,1,CHEMBL599446
O=C1Cc2cnc(Nc3ccc(O)c(Cl)c3)nc2-c2ncccc2N1,1,IC50,6.17,1,CHEMBL598431
CC(C)(C)c1cc(NC(=O)Nc2cccc(Oc3cccc4[nH]c(=O)[nH]c34)c2)n(-c2ccccc2)n1,1,IC50,6.71,1,CHEMBL597592
O=C(Nc1cc(Oc2cccc3[nH]c(=O)[nH]c23)c(F)c(F)c1F)c1cccc(OC(F)(F)F)c1,1,IC50,6.7,1,CHEMBL602123
CC(C)CC(=O)Nc1n[nH]c2c1CN(C(=O)C1CCN(C)CC1)C2(C)C,0,IC50 (>),5.0,1,CHEMBL1230607
CC(C)(C)C(=O)N1Cc2c(NC(=O)c3cc(F)cc(F)c3)n[nH]c2C1(C)C,0,IC50 (>),5.0,1,CHEMBL604712
Nc1ncnc2c1c(-c1cnc3[nH]ccc3c1)nn2C1CCCC1,1,IC50,7.92,3,CHEMBL1081312
N[C@H](CNc1ncc(-c2ccc3c(c2)CC(=O)N3)s1)Cc1ccc(C(F)(F)F)cc1,1,IC50,6.52,1,CHEMBL1081831
COc1ccc(Br)cc1NC(=O)Nc1cccc(-c2cn3ccnc3c(NCc3ccncc3)n2)c1,1,IC50,8.0,2,CHEMBL1080639
O=C(Nc1cccc(-c2cn3ccnc3c(NCc3ccncc3)n2)c1)Nc1cc(C(F)(F)F)ccc1F,1,IC50,7.89,2,CHEMBL1079850
COc1ccc(C(F)(F)F)cc1NC(=O)Nc1cccc(-c2cn3ccnc3c(NCc3ccncc3)n2)c1,1,IC50,8.15,2,CHEMBL1079846
O=C(Nc1cccc(-c2cn3ccnc3c(NCc3ccncc3)n2)c1)Nc1cccc(C(F)(F)F)c1,1,IC50,7.48,1,CHEMBL1081198
Cn1cnc(-c2ccccc2)c1-c1nc2c(N)ncnc2s1,0,IC50,4.08,1,CHEMBL1076330
Cc1ccc(NC(=O)c2cccc(Cl)c2)cc1Nc1nc2ccccc2n1-c1cc(N)ncn1,1,IC50,6.24,1,CHEMBL1079422
Cc1ccc(NC(=O)c2cccc(C(F)(F)F)c2)cc1Nc1nc2ccccc2n1-c1cc(N)ncn1,1,IC50,7.44,1,CHEMBL1079945
Cc1cccc(C(=O)Nc2ccc(C)c(Nc3nc4ccccc4n3-c3cc(N)ncn3)c2)c1,1,IC50,6.55,1,CHEMBL1080299
Cc1ccc(NC(=O)c2cc(OC3CCN(C)CC3)cc(C(F)(F)F)c2)cc1Nc1nc2ccccc2n1-c1cc(N)ncn1,1,IC50,7.18,1,CHEMBL1076432
Cc1ccc(NC(=O)c2ccc(C(C)(C)C)s2)cc1Nc1nc2ccccc2n1-c1cc(N)ncn1,1,IC50,8.4,1,CHEMBL1086731
Cc1ccc(NC(=O)c2cc(C3CC3)n[nH]2)cc1Nc1nc2ccccc2n1-c1cc(N)ncn1,1,IC50,7.32,1,CHEMBL1086860
Cc1ccc(NC(=O)c2cc(C(C)(C)C)nn2C)cc1Nc1nc2ccccc2n1-c1cc(N)ncn1,1,IC50,6.35,1,CHEMBL1088153
CCN1CCN(Cc2ccc(C(=O)Nc3ccc(C)c(Nc4nc5ccccc5n4-c4cc(N)ncn4)c3)cc2Cl)CC1,1,IC50,7.52,1,CHEMBL1076433
Cc1ccc(NC(=O)c2cc(CN3CCN(C)CC3)n(C(C)(C)C)n2)cc1Nc1nc2ccccc2n1-c1cc(N)ncn1,1,IC50,7.2,1,CHEMBL1075628
Cc1ccc(NC(=O)c2cc(N3CCN(C)CC3)cc(C(F)(F)F)c2)cc1Nc1nc2ccccc2n1-c1cc(N)ncn1,1,IC50,7.37,1,CHEMBL1076436
CCN1CCN(c2cc(C(=O)Nc3ccc(C)c(Nc4nc5ccccc5n4-c4cc(N)ncn4)c3)cc(C(F)(F)F)c2)CC1,1,IC50,8.3,1,CHEMBL1076437
COc1cc(-n2c(Nc3cc(NC(=O)c4cccc(C(F)(F)F)c4)ccc3C)nc3ccccc32)ncn1,0,IC50 (>),5.0,1,CHEMBL1087513
Cc1ccc(NC(=O)c2cccc(C(F)(F)F)c2)cc1Nc1nc2ccccc2n1-c1cc(NCCCCN)ncn1,1,IC50,6.22,1,CHEMBL1076466
CCN(CC)CCCCNc1cc(-n2c(Nc3cc(NC(=O)c4cccc(C(F)(F)F)c4)ccc3C)nc3ccccc32)ncn1,1,IC50,6.05,1,CHEMBL1076470
Cc1ccc(NC(=O)c2cccc(C(F)(F)F)c2)cc1Nc1nc2ccccc2n1-c1cc(NCCCC2COCCN2)ncn1,1,IC50,6.5,1,CHEMBL1076471
Cc1ccc(NC(=O)c2cccc(C(F)(F)F)c2)cc1Nc1nc2ccccc2n1-c1cc(NCCC2CCCN2)ncn1,1,IC50,6.03,1,CHEMBL1076472
Cc1ccc(NC(=O)c2cccc(C(F)(F)F)c2)cc1Nc1nc2ccccc2n1-c1cc(N[C@H]2CC[C@H](N)CC2)ncn1,1,IC50,6.21,1,CHEMBL1076473
Cc1ccc(NC(=O)c2cccc(C(F)(F)F)c2)cc1Nc1nc2ccccc2n1-c1cc(NCCc2ccccn2)ncn1,1,IC50,6.26,1,CHEMBL1076475
Cc1ccc(NC(=O)c2cccc(C(F)(F)F)c2)cc1Nc1nc2ccccc2n1-c1cc(N2CCOCC2)ncn1,0,IC50 (>),5.0,1,CHEMBL1076476
Cc1ccc(NC(=O)c2cccc(C(F)(F)F)c2)cc1Nc1nc2ccccc2n1-c1cc(NCCN2CCN(C)CC2)ncn1,1,IC50,6.22,1,CHEMBL1076477
Cc1ccc(NC(=O)c2cccc(C(F)(F)F)c2)cc1Nc1nc2ccccc2n1-c1cc(NCCCN2CCN(C)CC2)ncn1,1,IC50,6.24,1,CHEMBL1076478
Cc1ccc(NC(=O)c2cccc(C(F)(F)F)c2)cc1Nc1nc2ccccc2n1-c1cc(NCCO)ncn1,1,IC50,6.23,1,CHEMBL1087638
COCCNc1cc(-n2c(Nc3cc(NC(=O)c4cccc(C(F)(F)F)c4)ccc3C)nc3ccccc32)ncn1,1,IC50,6.53,1,CHEMBL1076480
Cc1ccc(C(=O)Nc2cccc(C(C)C)c2)cc1Nc1nc2ccccc2n1-c1cc(N)ncn1,1,IC50,7.77,1,CHEMBL1087127
Cc1ccc(C(=O)Nc2cccc(C(C)(C)C)c2)cc1Nc1nc2ccccc2n1-c1cc(N)ncn1,1,IC50,7.28,1,CHEMBL1087128
Cc1ccc(C(=O)Nc2cccc(OC(F)F)c2)cc1Nc1nc2ccccc2n1-c1cc(N)ncn1,1,IC50,7.04,1,CHEMBL1088027
Cc1ccc(C(=O)Nc2cccc(Br)c2)cc1Nc1nc2ccccc2n1-c1cc(N)ncn1,1,IC50,6.33,1,CHEMBL1088028
Cc1ccc(C(=O)Nc2cccc(C(F)(F)F)c2)cc1Nc1nc2ccccc2n1-c1cc(N)ncn1,1,IC50,7.26,1,CHEMBL1087524
Cc1ccc(C(=O)Nc2cccc(Cl)c2)cc1Nc1nc2ccccc2n1-c1cc(N)ncn1,1,IC50,6.58,1,CHEMBL1087649
COc1cccc(NC(=O)c2ccc(C)c(Nc3nc4ccccc4n3-c3cc(N)ncn3)c2)c1,1,IC50,6.29,1,CHEMBL1081090
Cc1ccc(C(=O)Nc2cccc3cnccc23)cc1Nc1nc2ccccc2n1-c1cc(N)ncn1,0,IC50,4.98,1,CHEMBL1081436
Cc1ccc(C(=O)Nc2cccc(C(N)=O)c2)cc1Nc1nc2ccccc2n1-c1cc(N)ncn1,0,IC50 (>),5.0,1,CHEMBL1080930
Cc1cc(NC(=O)c2ccc(C)c(Nc3nc4ccccc4n3-c3cc(N)ncn3)c2)ccn1,1,IC50,6.87,1,CHEMBL1079424
Cc1cn(-c2cc(NC(=O)c3ccc(C)c(Nc4nc5ccccc5n4-c4cc(N)ncn4)c3)cc(C(F)(F)F)c2)cn1,1,IC50,7.7,1,CHEMBL1076193
Cc1ccc(C(=O)Nc2cccc(C(F)(F)F)c2)cc1Nc1nc2ccccc2n1-c1cc(NCCCCN(C)C)ncn1,1,IC50,6.6,1,CHEMBL1076198
CCN(CC)CCCCNc1cc(-n2c(Nc3cc(C(=O)Nc4cccc(C(F)(F)F)c4)ccc3C)nc3ccccc32)ncn1,1,IC50,6.61,1,CHEMBL1076199
Cc1ccc(C(=O)Nc2cccc(C(F)(F)F)c2)cc1Nc1nc2ccccc2n1-c1cc(NCCN2CCN(C)CC2)ncn1,1,IC50,6.73,1,CHEMBL1076200
Cc1ccc(C(=O)Nc2cccc(C(F)(F)F)c2)cc1Nc1nc2ccccc2n1-c1cc(NCCCN2CCN(C)CC2)ncn1,1,IC50,6.93,1,CHEMBL1076201
Cc1ccc(C(=O)Nc2cccc(C(F)(F)F)c2)cc1Nc1nc2ccccc2n1-c1cc(NCCC#N)ncn1,1,IC50,6.61,1,CHEMBL1076202
Cc1ccc(C(=O)Nc2cccc(C(F)(F)F)c2)cc1Nc1nc2ccccc2n1-c1ncnc(NCCCN2CCN(C)CC2)n1,1,IC50,6.88,1,CHEMBL1076203
O=C(Cc1ccccc1)Nc1cccc(-c2nc3sccn3c2-c2ccnc(Nc3cccc(N4CCOCC4)c3)n2)c1,1,IC50,7.54,2,CHEMBL1090360
Nc1nc(N)c2c(n1)[nH]c1cccc(Sc3ccccc3)c12,0,IC50,4.65,2,CHEMBL1093099
Cc1ccc(Sc2cccc3[nH]c4nc(N)nc(N)c4c23)cc1,0,IC50,4.25,1,CHEMBL1093100
Cn1cc(/C=C2\Oc3cccc(O)c3C2=O)c2c(-c3ccc(C(=O)NCCO)cc3)ccnc21,1,IC50,7.3,1,CHEMBL1092754
Cc1ccc(C(=O)NC2CC2)cc1-c1cc2cnn(-c3ccc(F)cc3F)c2n(C)c1=O,0,Kd,4.4,1,CHEMBL1091199
Cc1ccc(C(=O)NC2CC2)cc1-c1cc2cnn(-c3ccccc3F)c2n(C)c1=O,0,Kd,4.4,1,CHEMBL1092013
CC(C)(C)OC(=O)N1CCC(n2ncc3c(N4CCOCC4)nc(-c4ccc(N)cc4)nc32)CC1,0,IC50 (>),4.3,1,CHEMBL1095627
COC(=O)N1CCC(n2ncc3c(N4CCOCC4)nc(-c4ccc(N)cc4)nc32)CC1,0,IC50 (>),4.3,1,CHEMBL1095626
CC(=O)Oc1c(-c2ccc(O)c(O)c2)c(O)c(O)c2c1oc1cc(O)c(O)cc12,0,IC50,4.15,1,CHEMBL1098561
NCCc1c[nH]c2ccc(O)cc12,0,IC50 (>),4.3,1,CHEMBL535832
COc1ccc(-c2ccc(Cn3cc(CCN)c4cc(OCCc5ccc(O)cc5)ccc43)cc2)cc1,1,IC50,6.0,1,CHEMBL1094196
CSc1ccc(CCCCCn2cc(CCNC(=O)OC(C)(C)C)c3cc(OCCc4ccc(O)cc4)ccc32)cc1,0,IC50 (>),4.3,1,CHEMBL1099339
COc1ccc(CCCCCn2c3c(c4cc(OCCc5ccc(O)cc5)ccc42)CC(N)CC3)cc1,1,IC50,6.03,1,CHEMBL1094492
NC1CCc2[nH]c3ccc(OCCc4ccc(O)cc4)cc3c2C1,0,IC50,4.57,1,CHEMBL1097190
COCCc1ccc(O)cc1,0,IC50 (>),4.3,1,CHEMBL1094369
COc1ccc(N2CCN(C)CC2)cc1Nc1ncc2c(n1)-c1c(c(C(N)=O)nn1C)CC2,0,IC50 (>),5.0,1,CHEMBL1094408
Cn1cnc(-c2cc3nccc(Oc4ccc(NC(=O)c5cnn(-c6ccccc6)c5C(F)(F)F)cc4F)c3s2)c1,0,IC50 (>),5.0,1,CHEMBL1094718
CNC(=O)c1cc(Oc2ccc(NC(=O)c3cnn(-c4ccccc4)c3C(F)(F)F)cc2F)ccn1,0,IC50 (>),4.7,1,CHEMBL1088539
Cn1cnc(-c2cc3nccc(Oc4ccc(NC(=O)c5cnn(-c6ccccc6)c5N)cc4F)c3s2)c1,1,IC50,6.1,1,CHEMBL1097824
Cn1cnc(-c2cc3nccc(Oc4ccc(NC(=O)c5cnn(C)c5C(F)(F)F)cc4F)c3s2)c1,1,IC50,6.16,1,CHEMBL1098157
CN(C)CCN(C)C(=O)c1ccc(-c2cc3nccc(Oc4ccc(NC(=O)c5cnn(-c6ccccc6)c5C(F)(F)F)cc4F)c3s2)cc1,1,IC50,6.16,1,CHEMBL1095357
CN(C)[C@H]1CCN(C(=O)c2ccc(-c3cc4nccc(Oc5ccc(NC(=O)c6cnn(-c7ccccc7)c6C(F)(F)F)cc5F)c4s3)cc2)C1,1,IC50,6.0,1,CHEMBL1095358
C#Cc1cccc(Nc2ncnc3[nH]c(CCc4ccccc4)cc23)c1,0,IC50,4.31,1,CHEMBL1096972
FC(F)(F)c1cccc(Nc2ncnc3[nH]c(CCc4ccccc4)cc23)c1,0,IC50,4.66,1,CHEMBL1097743
Fc1ccc(Nc2ncnc3[nH]c(CCc4ccccc4)cc23)cc1Br,0,IC50,4.6,1,CHEMBL1096737
Fc1ccc(Nc2ncnc3[nH]c(CCc4ccccc4)cc23)cc1C(F)(F)F,0,IC50,4.24,1,CHEMBL1096415
Fc1cc(Cl)ccc1Nc1ncnc2[nH]c(CCc3ccccc3)cc12,0,IC50,4.39,1,CHEMBL1096416
c1ccc(CCc2cc3c(Nc4ccc5[nH]ccc5c4)ncnc3[nH]2)cc1,0,IC50,4.5,1,CHEMBL1097368
Nc1nc(Nc2ccc(Br)cc2Cl)c2cc(Cc3ccc(Cl)cc3Cl)[nH]c2n1,1,IC50,7.0,1,CHEMBL1095762
Nc1nc(Nc2cccc(Br)c2)c2cc(Cc3ccc(Cl)cc3Cl)[nH]c2n1,0,IC50,4.55,2,CHEMBL1095761
Nc1nc(Nc2ccc(Cl)cc2F)c2cc(Cc3ccc(Cl)cc3Cl)[nH]c2n1,0,IC50,4.34,1,CHEMBL1095130
Nc1nc(Nc2cccc(F)c2)c2cc(Cc3ccc(Cl)cc3Cl)[nH]c2n1,1,IC50,6.52,1,CHEMBL1095131
Nc1nc(Nc2cccc(C(F)(F)F)c2)c2cc(Cc3ccc(Cl)cc3Cl)[nH]c2n1,0,IC50 (>),3.52,1,CHEMBL1095445
C#Cc1cccc(Nc2nc(N)nc3[nH]c(Cc4ccc(Cl)cc4Cl)cc23)c1,0,IC50,4.07,1,CHEMBL1094475
CC(C)c1ccccc1Nc1nc(N)nc2[nH]c(Cc3ccc(Cl)cc3Cl)cc12,0,IC50 (>),3.52,1,CHEMBL1095776
Cc1ccccc1Cc1cc2c(Nc3cccc(Br)c3)nc(N)nc2[nH]1,1,IC50,6.7,3,CHEMBL1095464
COc1ccc(OC)c(Cc2cc3c(Nc4cccc(Br)c4)nc(N)nc3[nH]2)c1,1,IC50,6.22,3,CHEMBL1095465
Cc1ccccc1Cc1cc2c(Nc3cccc(Br)c3)ncnc2[nH]1,0,IC50,4.57,1,CHEMBL1095466
COc1ccc(OC)c(Cc2cc3c(Nc4cccc(Br)c4)ncnc3[nH]2)c1,0,IC50 (>),3.52,1,CHEMBL1094782
Clc1ccc(Cc2cc3c(Nc4cccc(Br)c4)ncnc3[nH]2)c(Cl)c1,0,IC50 (>),3.52,1,CHEMBL1094783
FC(F)(F)c1cccc(Nc2ncnc3[nH]c(Cc4ccc(Cl)cc4Cl)cc23)c1,0,IC50 (>),3.52,1,CHEMBL1094784
C#Cc1cccc(Nc2ncnc3[nH]c(Cc4ccc(Cl)cc4Cl)cc23)c1,0,IC50 (>),3.52,1,CHEMBL1098440
CCNC(=O)Nc1ccc(Oc2ncccc2-c2ccnc(NC)n2)c2ccccc12,1,IC50,7.32,1,CHEMBL1084634
Cn1cc2c(n1)CCc1c-2c2c(c3c1[nH]c1ccc(C4CCCCO4)cc13)CNC2=O,1,IC50,8.3,1,CHEMBL1082503
Cn1cc2c(n1)CCc1c-2c2c(c3c4cc(C5CCCCO5)ccc4n(C)c13)CNC2=O,1,IC50,7.82,1,CHEMBL1082826
CCn1c2ccc(C3CCCCO3)cc2c2c3c(c4c(c21)CCc1nn(C)cc1-4)C(=O)NC3,1,IC50,8.22,1,CHEMBL1083757
CCCn1c2ccc(C3CCCCO3)cc2c2c3c(c4c(c21)CCc1nn(C)cc1-4)C(=O)NC3,1,IC50,8.1,1,CHEMBL1084061
CC(C)n1c2ccc(C3CCCCO3)cc2c2c3c(c4c(c21)CCc1nn(C)cc1-4)C(=O)NC3,1,IC50,7.68,1,CHEMBL1084062
CCCCn1c2ccc(C3CCCCO3)cc2c2c3c(c4c(c21)CCc1nn(C)cc1-4)C(=O)NC3,1,IC50,7.62,1,CHEMBL1082829
CC(C)Cn1c2ccc(C3CCCCO3)cc2c2c3c(c4c(c21)CCc1nn(C)cc1-4)C(=O)NC3,1,IC50,7.96,1,CHEMBL1084337
CC(C)CCn1c2ccc(C3CCCCO3)cc2c2c3c(c4c(c21)CCc1nn(C)cc1-4)C(=O)NC3,1,IC50,7.11,1,CHEMBL1084338
CCCCCn1c2ccc(C3CCCCO3)cc2c2c3c(c4c(c21)CCc1nn(C)cc1-4)C(=O)NC3,1,IC50,7.28,1,CHEMBL1083144
Cn1cc2c(n1)CCc1c-2c2c(c3c4cc(C5CCCCO5)ccc4n(C4CCCC4)c13)CNC2=O,1,IC50,7.26,1,CHEMBL1083454
Cn1cc2c(n1)CCc1c-2c2c(c3c4cc(C5CCCCO5)ccc4n(C4CCCCC4)c13)CNC2=O,1,IC50,7.36,1,CHEMBL1085291
Cn1cc2c(n1)CCc1c-2c2c(c3c4cc(C5CCCCO5)ccc4n(CC4CCCCC4)c13)CNC2=O,1,IC50,6.83,1,CHEMBL1085292
C=CCn1c2ccc(C3CCCCO3)cc2c2c3c(c4c(c21)CCc1nn(C)cc1-4)C(=O)NC3,1,IC50,7.75,1,CHEMBL1082755
CCOCCn1c2ccc(C3CCCCO3)cc2c2c3c(c4c(c21)CCc1nn(C)cc1-4)C(=O)NC3,1,IC50,7.66,1,CHEMBL1082756
Cn1cc2c(n1)CCc1c-2c2c(c3c4cc(C5CCCCO5)ccc4n(CCO)c13)CNC2=O,1,IC50,8.52,1,CHEMBL1085293
Cn1cc2c(n1)CCc1c-2c2c(c3c4cc(C5CCCCO5)ccc4n(CCCO)c13)CNC2=O,1,IC50,7.8,1,CHEMBL1085540
CCN(CC)CCn1c2ccc(C3CCCCO3)cc2c2c3c(c4c(c21)CCc1nn(C)cc1-4)C(=O)NC3,1,IC50,7.8,1,CHEMBL1085541
Cn1ncc2c1CCc1c-2c2c(c3c1[nH]c1ccc(C4CCCCO4)cc13)CNC2=O,1,IC50,8.1,1,CHEMBL1083071
Cn1ncc2c1CCc1c-2c2c(c3c4cc(C5CCCCO5)ccc4n(C)c13)CNC2=O,1,IC50,7.66,1,CHEMBL1082437
CCn1c2ccc(C3CCCCO3)cc2c2c3c(c4c(c21)CCc1c-4cnn1C)C(=O)NC3,1,IC50,8.05,1,CHEMBL1082438
CCCn1c2ccc(C3CCCCO3)cc2c2c3c(c4c(c21)CCc1c-4cnn1C)C(=O)NC3,1,IC50,7.7,1,CHEMBL1083042
CC(C)n1c2ccc(C3CCCCO3)cc2c2c3c(c4c(c21)CCc1c-4cnn1C)C(=O)NC3,1,IC50,7.36,1,CHEMBL1083350
CCCCn1c2ccc(C3CCCCO3)cc2c2c3c(c4c(c21)CCc1c-4cnn1C)C(=O)NC3,1,IC50,7.43,1,CHEMBL1083386
CC(C)Cn1c2ccc(C3CCCCO3)cc2c2c3c(c4c(c21)CCc1c-4cnn1C)C(=O)NC3,1,IC50,7.44,1,CHEMBL1085294
Cn1ncc2c1CCc1c-2c2c(c3c4cc(C5CCCCO5)ccc4n(C4CCCC4)c13)CNC2=O,1,IC50,7.19,1,CHEMBL1085295
Cn1ncc2c1CCc1c-2c2c(c3c4cc(C5CCCCO5)ccc4n(CCO)c13)CNC2=O,1,IC50,8.15,1,CHEMBL1085296
CN1CCN(c2cccc(-c3cnn4c(N)c(-c5ccc(O)cc5)cnc34)c2)CC1,1,IC50,6.33,1,CHEMBL1083091
CN1CCN(c2cccc(-c3cnn4c(N)c(-c5ccc(NC(=O)CCC6CCCC6)cc5)cnc34)c2)CC1,1,IC50,6.16,1,CHEMBL1085316
CN1CCN(c2cccc(-c3cnn4c(N)c(-c5ccc(NC(=O)NCC6CCCCC6)cc5)cnc34)c2)CC1,1,IC50,6.89,1,CHEMBL1084028
CN1CCN(c2ccc(-c3cnn4c(N)c(-c5ccc(NC(=O)Oc6ccccc6)cc5)cnc34)cc2)CC1,1,IC50,6.0,1,CHEMBL1085512
CN1CCN(c2ccc(-c3cnn4c(N)c(-c5ccc(NC(=O)N(C)C6CCCCC6)cc5)cnc34)cc2)CC1,1,IC50,6.36,1,CHEMBL1082693
Cc1nc2c(-c3cccc(N4CCN(C)CC4)c3)cnn2c(N)c1-c1ccc(NC(=O)OCC(C)C)cc1,0,IC50 (>),5.0,1,CHEMBL1085995
CN1CCN(c2ccc(-c3cnn4c(N)c(-c5cccc(O)c5)cnc34)cc2)CC1,1,IC50,7.02,1,CHEMBL1083023
Cc1nn2c(N)c(-c3cccc(O)c3)cnc2c1-c1ccc(N2CCN(C)CC2)cc1,1,IC50,6.3,1,CHEMBL1083344
CC(C)COC(=O)Nc1ccc(-c2cnc3c(-c4cccc(N5CCN(S(C)(=O)=O)CC5)c4)cnn3c2N)cc1,0,IC50 (>),5.0,1,CHEMBL1082403
COc1ccc(NC(=O)Nc2ccc3c(c2)NC(=O)/C3=C\c2[nH]cc(C(=O)O)c2C)cc1,1,IC50,9.3,1,CHEMBL1173411
COc1ccc(NC(=O)Nc2ccc3c(c2)NC(=O)/C3=C\c2ccc[nH]2)cc1,1,IC50,7.51,1,CHEMBL1173149
COc1ccc(NC(=O)Nc2ccc3c(c2)NC(=O)/C3=C\c2ccc[nH]2)cc1OC,1,IC50,7.57,1,CHEMBL1172814
Cc1ccc(NC(=O)Nc2ccc3c(c2)NC(=O)/C3=C\c2ccc[nH]2)cc1,1,IC50,6.57,1,CHEMBL1172815
O=C(Nc1ccc(Cl)cc1)Nc1ccc2c(c1)NC(=O)/C2=C\c1ccc[nH]1,1,IC50,7.86,1,CHEMBL1172886
O=C(Nc1ccc(Oc2ccccc2)cc1)Nc1ccc2c(c1)NC(=O)/C2=C\c1ccc[nH]1,1,IC50,7.5,1,CHEMBL1172887
O=C(Nc1ccc(-c2ccccc2)cc1)Nc1ccc2c(c1)NC(=O)/C2=C\c1ccc[nH]1,1,IC50,7.69,1,CHEMBL1172837
O=C(Nc1ccc(-c2ccc3ccccc3c2)cc1)Nc1ccc2c(c1)NC(=O)/C2=C\c1ccc[nH]1,1,IC50,7.66,1,CHEMBL1172838
Cc1[nH]c(/C=C2\C(=O)Nc3cc(NC(=O)Nc4ccccc4)ccc32)c(C)c1C(=O)O,1,IC50,8.12,1,CHEMBL1173107
COc1ccc(NC(=O)Nc2ccc3c(c2)NC(=O)/C3=C\c2[nH]c(C)c(C(=O)O)c2C)cc1,1,IC50,8.47,1,CHEMBL1173174
Cc1ccc(NC(=O)Nc2ccc3c(c2)NC(=O)/C3=C\c2[nH]c(C)c(C(=O)O)c2C)cc1,1,IC50,7.99,1,CHEMBL1172420
Cc1[nH]c(/C=C2\C(=O)Nc3cc(NC(=O)Nc4ccc(Cl)cc4)ccc32)c(C)c1C(=O)O,1,IC50,8.1,1,CHEMBL1172421
Cc1[nH]c(/C=C2\C(=O)Nc3cc(NC(=O)Nc4ccccc4)ccc32)c(C)c1CC(=O)O,1,IC50,9.05,1,CHEMBL1172422
COc1ccc(NC(=O)Nc2ccc3c(c2)NC(=O)/C3=C\c2[nH]c(C)c(CC(=O)O)c2C)cc1,1,IC50,8.33,1,CHEMBL1173150
COc1ccc(NC(=O)Nc2ccc3c(c2)NC(=O)/C3=C\c2[nH]c(C)c(CCC(=O)O)c2C)cc1,1,IC50,8.0,1,CHEMBL1173541
O=C1NCCc2[nH]c(-c3ccncc3)cc21,0,IC50 (>),5.0,1,CHEMBL225519
O=C(CCc1cn(Cc2ccc(Cl)cc2)c2ccccc12)Nc1ccc([N+](=O)[O-])cc1,0,IC50,4.48,1,CHEMBL1221633
O=C(CCc1cn(Cc2ccc(Cl)cc2)c2ccccc12)Nc1ccncc1,0,IC50,4.58,1,CHEMBL185140
COC(=O)c1cccc(NC(=O)Nc2ccc(-c3c(C)sc4ncnc(N)c34)cc2)c1,1,IC50,6.53,1,CHEMBL1242107
Cc1cccc(NC(=O)Nc2ccc3c(c2)CCc2sc4ncnc(N)c4c2-3)c1,1,IC50,6.82,2,CHEMBL1242373
CC(C)n1nc(-c2cc(O)cc(Br)c2)c2c(N)ncnc21,1,IC50,7.36,1,CHEMBL1242285
Nc1ncnc2c1c(-c1ccc(Br)c(O)c1)nn2C1CCC1,1,IC50,7.4,1,CHEMBL1242287
Nc1ncnc2c1c(-c1ccc(Br)c(O)c1)nn2C1CCCC1,1,IC50,7.26,1,CHEMBL1242376
CC(C)n1nc(-c2ccc(F)c(O)c2)c2c(N)ncnc21,1,IC50,7.17,1,CHEMBL1242377
Nc1ncnc2c1c(-c1ccc(F)c(O)c1)nn2C1CCC1,1,IC50,6.29,1,CHEMBL1242566
Nc1ncnc2c1c(-c1ccc(F)c(O)c1)nn2C1CCCC1,1,IC50,6.97,1,CHEMBL1242568
CC1CCC(n2nc(-c3ccc(F)c(O)c3)c3c(N)ncnc32)C1,1,IC50,7.11,1,CHEMBL1242656
Nc1ncnc2c1c(-c1ccc(F)c(O)c1)nn2[C@H]1CCNC1,1,IC50,6.43,1,CHEMBL1242657
Nc1ncnc2c1c(-c1ccc(F)c(O)c1)nn2[C@H]1CCOC1,1,IC50,6.4,1,CHEMBL1242748
Nc1ncnc2c1c(-c1ccc(F)c(O)c1)nn2[C@@H]1CCOC1,1,IC50,6.26,1,CHEMBL1242749
Nc1ncnc2c1c(-c1ccc(F)c(O)c1)nn2C1CCCCCC1,1,IC50,6.75,1,CHEMBL1242750
Nc1ncnc2c1c(-c1ccc(F)c(O)c1)nn2CC1CCNCC1,0,IC50,4.93,1,CHEMBL1242844
Cc1nn(-c2ccccc2)nc1Cn1nc(-c2ccc(F)c(O)c2)c2c(N)ncnc21,0,IC50,4.0,1,CHEMBL1242845
Nc1ncnc2c1c(-c1ccc(F)c(O)c1)nn2Cc1ocnc1-c1ccccc1,0,IC50,4.0,1,CHEMBL1241482
COc1cc(-c2nn(C(C)C)c3ncnc(N)c23)ccc1F,0,IC50,4.0,1,CHEMBL1241483
CC(C)n1nc(-c2ccc(Cl)c(O)c2)c2c(N)ncnc21,1,IC50,7.7,1,CHEMBL1241484
C[C@H](CN)n1nc(-c2ccc(Cl)c(O)c2)c2c(N)ncnc21,1,IC50,6.26,1,CHEMBL1241579
CC(C)n1nc(-c2ccc(Br)c(O)c2)c2c(N)ncnc21,1,IC50,7.26,1,CHEMBL1241578
CC(C)n1nc(-c2ccc3ncccc3c2)c2c(N)ncnc21,1,IC50,6.51,1,CHEMBL1233882
Nc1ncnc2c1c(-c1ccn3ccnc3c1)nn2C1CCCC1,0,IC50 (>),4.3,1,CHEMBL1241675
Cc1ccccc1-n1c(Cn2nc(-c3cccc(O)c3)c3c(N)ncnc32)nc2cccc(C)c2c1=O,0,IC50 (>),4.3,1,CHEMBL1241767
CC(C)n1nc(-c2cccc(O)c2)c2c(N)ncnc21,1,IC50,6.67,1,CHEMBL1230790
Cc1cc(O)ccc1-c1nn(C(C)C)c2ncnc(N)c12,1,IC50,6.67,1,CHEMBL1242024
Cc1ccc(-c2n[nH]c3ncnc(N)c23)cc1OCc1ccccc1,0,IC50,4.0,1,CHEMBL1242025
Cc1ccc(-c2n[nH]c3ncnc(N)c23)cc1O,1,IC50,6.62,1,CHEMBL1241270
Cc1ccc(-c2nn(C)c3ncnc(N)c23)cc1O,1,IC50,6.82,1,CHEMBL1241271
Cc1ccc(-c2nn(C(C)C)c3ncnc(N)c23)cc1O,1,IC50,8.0,1,CHEMBL1242026
CCC(C)n1nc(-c2ccc(C)c(O)c2)c2c(N)ncnc21,1,IC50,7.37,1,CHEMBL1242109
Nc1ncnc2c1c(-c1cccc(O)c1F)nn2C1CCCC1,1,IC50,6.04,1,CHEMBL1242111
CC(C)n1nc(-c2cc(O)cc(F)c2)c2c(N)ncnc21,1,IC50,7.03,1,CHEMBL1242198
Nc1ncnc2c1c(-c1cc(O)cc(F)c1)nn2C1CCCC1,1,IC50,7.32,1,CHEMBL1242199
COc1ccc(-c2nn(C[C@H](C)CO)c3ncnc(N)c23)cc1OC,0,IC50,4.0,1,CHEMBL1242380
CCOc1ccc(-c2n[nH]c3ncnc(N)c23)cc1OC,0,IC50,4.0,1,CHEMBL1242471
CCOc1ccc(-c2nn(C(C)C)c3ncnc(N)c23)cc1OC,0,IC50,4.87,1,CHEMBL1242472
C=CCn1nc(-c2ccc(OCC)c(OC)c2)c2c(N)ncnc21,0,IC50,4.0,1,CHEMBL1242569
CCOc1ccc(-c2nn(C3CCCCC3)c3ncnc(N)c23)cc1OC,0,IC50,4.0,1,CHEMBL1242659
COc1cc(-c2nn(C(C)C)c3ncnc(N)c23)cc(OC)c1OC,0,IC50,4.0,1,CHEMBL1242660
CCOc1cc(-c2nn(C(C)C)c3ncnc(N)c23)ccc1OC,0,IC50,4.0,1,CHEMBL1242752
CCOc1cc(-c2nn(CCO)c3ncnc(N)c23)ccc1OC,0,IC50,4.9,1,CHEMBL1242753
COc1cc(-c2nn(C(C)C)c3ncnc(N)c23)ccc1NC(C)CO,1,IC50,6.71,1,CHEMBL1241486
Nc1ccc(-c2nn(C3CCCC3)c3ncnc(N)c23)cc1O,1,IC50,6.25,1,CHEMBL1241487
COc1cc(-c2nn(C3CCCC3)c3ncnc(N)c23)ccc1N,1,IC50,6.12,1,CHEMBL1241581
CC(C)n1nc(-c2cccc(CO)c2)c2c(N)ncnc21,0,IC50,4.0,1,CHEMBL1241582
CC(C)n1nc(-c2ccc(CC#N)cc2)c2c(N)ncnc21,0,IC50,4.96,1,CHEMBL1240545
CC(C)n1nc(-c2cccc(C#N)c2)c2c(N)ncnc21,0,IC50,4.37,1,CHEMBL1241679
CC(C)n1nc(-c2ccc(C#N)c(F)c2)c2c(N)ncnc21,0,IC50,4.0,1,CHEMBL1241771
CC(C)n1nc(-c2ccc(C#N)nc2)c2c(N)ncnc21,0,IC50,4.0,1,CHEMBL1241772
CC(C)n1nc(-c2cccnc2)c2c(N)ncnc21,0,IC50,4.0,1,CHEMBL1241390
CC(C)n1nc(-c2cncnc2)c2c(N)ncnc21,0,IC50,4.0,1,CHEMBL1241391
CC(=O)c1ccc(-c2nn(C(C)C)c3ncnc(N)c23)cc1,0,IC50,4.0,1,CHEMBL1241773
CC(C)n1nc(-c2ccc(C(N)=O)c(Cl)c2)c2c(N)ncnc21,0,IC50,4.0,1,CHEMBL1241862
CC(=O)c1cccc(-c2nn(C(C)C)c3ncnc(N)c23)c1,0,IC50,4.0,1,CHEMBL1241946
CC(C)n1nc(-c2cccc(NS(C)(=O)=O)c2)c2c(N)ncnc21,0,IC50,4.0,1,CHEMBL1241948
CC(C)n1nc(-c2ccc(S(N)(=O)=O)cc2)c2c(N)ncnc21,0,IC50,4.0,1,CHEMBL1242032
Nc1ncnc2c1c(-c1ccc(Cl)c(O)c1)nn2C1CCC1,1,IC50,7.21,1,CHEMBL1241580
Nc1ncnc2c1c(-c1ccc(Cl)c(O)c1)nn2C1CCCC1,1,IC50,8.37,1,CHEMBL1241676
Nc1ncnc2c1c(-c1ccc(Cl)c(O)c1)nn2[C@@H]1CCNC1,1,IC50,6.76,1,CHEMBL1241677
Nc1ncnc2c1c(-c1ccc(Cl)c(O)c1)nn2[C@H]1CCOC1,1,IC50,7.18,1,CHEMBL1241678
Nc1ncnc2c1c(-c1ccc(Cl)c(O)c1)nn2[C@@H]1CCOC1,1,IC50,6.99,1,CHEMBL1241768
Nc1ncnc2c1c(-c1ccc(Cl)c(O)c1)nn2CC1CCNC1,1,IC50,6.36,1,CHEMBL1241770
COc1cccc(-c2nn(C(C)C)c3ncnc(N)c23)c1,0,IC50,4.0,1,CHEMBL1242029
COc1cc(-c2nn(C(C)C)c3ncnc(N)c23)ccc1O,0,IC50,4.0,1,CHEMBL1242112
CCn1nc(-c2ccc(OC)c(O)c2)c2c(N)ncnc21,1,IC50,6.55,1,CHEMBL1242113
COc1ccc(-c2nn(C(C)C)c3ncnc(N)c23)cc1O,1,IC50,6.92,1,CHEMBL1242114
COc1ccc(-c2nn(C3CCCC3)c3ncnc(N)c23)cc1O,1,IC50,6.59,1,CHEMBL1242201
COc1ccc(-c2nn(C3CCC(C)C3)c3ncnc(N)c23)cc1O,1,IC50,7.26,1,CHEMBL1242202
COc1ccc(-c2nn([C@@H]3CCNC3)c3ncnc(N)c23)cc1O,1,IC50,6.06,1,CHEMBL1242288
CCOc1ccc(-c2nn(C3CCCC3)c3ncnc(N)c23)cc1O,1,IC50,6.96,1,CHEMBL1242289
COc1ccc(-c2nn(C(C)C)c3ncnc(N)c23)cc1OC,0,IC50,4.0,1,CHEMBL1242290
COc1ccc(-c2nn(C(C)(C)C)c3ncnc(N)c23)cc1OC,0,IC50,4.0,1,CHEMBL1242379
CCOc1ccc2cc(-c3nn(C)c4ncnc(N)c34)ccc2c1,1,IC50,6.26,1,CHEMBL1242661
CC(C)n1nc(-c2ccc3cc(O)ccc3c2)c2c(N)ncnc21,1,IC50,8.0,1,CHEMBL1242662
CC(C)n1nc(-c2cc3ccccc3nc2Cl)c2c(N)ncnc21,0,IC50,4.0,1,CHEMBL1242663
Cn1nc(-c2ccc3ncccc3c2)c2c(N)ncnc21,0,IC50,4.92,1,CHEMBL1242756
CC(C)n1nc(-c2ccc3nc(Cl)ccc3c2)c2c(N)ncnc21,1,IC50,6.02,1,CHEMBL1241683
CC(C)n1nc(-c2ccc3nccnc3c2)c2c(N)ncnc21,0,IC50,4.89,1,CHEMBL1241774
CC(C)n1nc(-c2cnc3nccnc3c2)c2c(N)ncnc21,0,IC50,4.92,1,CHEMBL1241775
CC(C)n1nc(-c2ccc3[nH]c(=O)ccc3c2)c2c(N)ncnc21,0,IC50,4.0,1,CHEMBL1241863
Nc1ncnc2c1c(-c1ccc3[nH]c(=O)ccc3c1)nn2C1CCCC1,0,IC50,4.0,1,CHEMBL1241864
CC(C)n1nc(-c2ccc3nc(NN)ccc3c2)c2c(N)ncnc21,0,IC50,4.3,1,CHEMBL1241950
CC(C)n1nc(-c2ccc3nccc(NC(=O)OC(C)(C)C)c3c2)c2c(N)ncnc21,0,IC50,4.0,1,CHEMBL1242033
Cn1nc(-c2ccc3occc(=O)c3c2)c2c(N)ncnc21,0,IC50,4.0,1,CHEMBL1242117
CC(C)n1nc(-c2ccc3occc(=O)c3c2)c2c(N)ncnc21,0,IC50,4.0,1,CHEMBL1242118
Nc1ncnc2c1c(-c1ccc3occc(=O)c3c1)nn2C1CCCC1,0,IC50,4.85,1,CHEMBL1242119
CC(C)n1nc(-c2ccc3cnccc3c2)c2c(N)ncnc21,0,IC50,4.31,1,CHEMBL1242207
CC(C)n1nc(-c2ccc3ccncc3c2)c2c(N)ncnc21,0,IC50,4.72,1,CHEMBL1242208
Cc1ccc2ccc(-c3nn(C(C)C)c4ncnc(N)c34)cc2n1,0,IC50,4.0,1,CHEMBL1242209
Cn1nc(-c2cnc3[nH]ccc3c2)c2c(N)ncnc21,1,IC50,6.03,1,CHEMBL1240565
CC(C)n1nc(-c2cnc3[nH]ccc3c2)c2c(N)ncnc21,1,IC50,7.72,1,CHEMBL1242293
CC(C)n1nc(-c2ccc3[nH]ccc3c2)c2c(N)ncnc21,1,IC50,7.12,1,CHEMBL1242294
Nc1ncnc2c1c(-c1ccc3[nH]ccc3c1)nn2C1CCCC1,1,IC50,8.05,1,CHEMBL1242295
CC(C)n1nc(-c2ccc3c(ccn3C)c2)c2c(N)ncnc21,1,IC50,6.15,1,CHEMBL1242384
Cn1ccc2cc(-c3nn(C4CCCC4)c4ncnc(N)c34)ccc21,1,IC50,6.76,1,CHEMBL1242385
CC(C)n1nc(-c2ccc3[nH]ncc3c2)c2c(N)ncnc21,1,IC50,6.53,1,CHEMBL1242386
Nc1ncnc2c1c(-c1ccc3[nH]ncc3c1)nn2C1CCCC1,1,IC50,6.39,1,CHEMBL1242475
CC(C)n1nc(-c2ccc3cn[nH]c3c2)c2c(N)ncnc21,1,IC50,6.38,1,CHEMBL1242477
Nc1ncnc2c1c(-c1ccc3cn[nH]c3c1)nn2C1CCCC1,1,IC50,6.48,1,CHEMBL1242572
CC(C)n1nc(-c2cc(F)c3cn[nH]c3c2)c2c(N)ncnc21,1,IC50,6.67,1,CHEMBL1242573
Cn1nc(-c2ccc3cc[nH]c3c2)c2c(N)ncnc21,0,IC50,4.96,1,CHEMBL1240566
CC(C)n1nc(-c2ccc3cc[nH]c3c2)c2c(N)ncnc21,1,IC50,6.33,1,CHEMBL1242574
Nc1ncnc2c1c(-c1ccc3cc[nH]c3c1)nn2C1CCCC1,1,IC50,6.87,1,CHEMBL1242664
CC(C)n1nc(-c2ccn3ccnc3c2)c2c(N)ncnc21,0,IC50,4.0,1,CHEMBL1242665
CC(C)n1nc(-c2ccc3c(ccn3C(=O)OC(C)(C)C)c2)c2c(N)ncnc21,1,IC50,6.82,1,CHEMBL1242852
CC(C)(C)OC(=O)n1ccc2cc(-c3nn(C4CCCC4)c4ncnc(N)c34)ccc21,1,IC50,6.08,1,CHEMBL1242853
CC(C)n1nc(-c2ccc3nonc3c2)c2c(N)ncnc21,0,IC50,4.0,1,CHEMBL1241492
CC(C)n1nc(-c2ccc3[nH]c(=O)[nH]c3c2)c2c(N)ncnc21,0,IC50,4.89,1,CHEMBL1241586
CC(C)n1nc(-c2ccc3c(c2)CCO3)c2c(N)ncnc21,0,IC50,4.0,1,CHEMBL1241587
CC(C)n1nc(-c2ccc3c(c2)OCCO3)c2c(N)ncnc21,0,IC50,4.68,1,CHEMBL1241588
COc1cc2nccc(Oc3ccc4c(C(=O)Nc5ccc(Cl)cc5)cccc4c3)c2cc1C(C)=O,1,IC50,9.7,1,CHEMBL1242387
COc1cc2nccc(Oc3ccc4c(C(=O)NCC(F)F)cccc4c3)c2cc1OC,1,IC50,8.42,1,CHEMBL1242667
COc1cc2nccc(Oc3ccc4c(C(N)=O)cccc4c3)c2cc1C(C)=O,1,IC50,8.92,1,CHEMBL1241685
COc1cc2nccc(Oc3ccc4c(C(=O)NC5CC5)cccc4c3)c2cc1C(C)=O,1,IC50,9.43,1,CHEMBL1241686
COCCNC(=O)c1cccc2cc(Oc3ccnc4cc(OC)c(C(C)=O)cc34)ccc12,1,IC50,7.66,1,CHEMBL1241777
COc1cc2nccc(Oc3ccc4c(c3)OCCN4C(=O)Nc3ccc(Cl)cc3)c2cc1C(C)=O,1,IC50,9.22,1,CHEMBL1242478
COc1cc2nccc(Oc3ccc4c(c3)OCCN4C(=O)Nc3ccc(C)cc3)c2cc1C(C)=O,1,IC50,9.3,1,CHEMBL1242575
COc1cc2nccc(Oc3ccc(NC(=O)Nc4ccc(F)cc4F)c(C)c3)c2cc1OC,1,IC50,9.05,1,CHEMBL1242557
CO[C@@H]1[C@H](N(C)C(=O)c2ccccc2)C[C@H]2O[C@]1(C)n1c3ccccc3c3c4c(c5c6ccccc6n2c5c31)C(=O)N[C@H]4O,0,Kd (>),5.0,1,CHEMBL1240703
Cn1ccc2ncnc(Oc3ccc(NC(=O)Nc4ccccn4)c(Cl)c3)c21,1,IC50,6.68,1,CHEMBL1254097
Cn1ccc2ncnc(Oc3ccc(NC(=O)Nc4cccnc4)c(Cl)c3)c21,1,IC50,6.64,1,CHEMBL1254098
Cn1ccc2ncnc(Oc3ccc(NC(=O)Nc4ccncc4)c(Cl)c3)c21,1,IC50,6.19,1,CHEMBL1254192
Cn1ccc2ncnc(Oc3ccc(NC(=O)Nc4cc(C(F)(F)F)ccn4)c(Cl)c3)c21,1,IC50,8.57,1,CHEMBL1254193
Cn1ccc2ncnc(Oc3ccc(NC(=O)Nc4cncc(C(F)(F)F)c4)c(Cl)c3)c21,1,IC50,8.54,1,CHEMBL1254277
Cn1ccc2ncnc(Oc3ccc(NC(=O)Nc4ccnc(C(F)(F)F)c4)c(Cl)c3)c21,1,IC50,8.42,1,CHEMBL1254278
Cn1ccc2ncnc(Oc3ccc(NC(=O)Nc4cnn(CC(F)(F)F)c4)c(Cl)c3)c21,1,IC50,8.4,1,CHEMBL1254355
Cn1ccc2ncnc(Oc3ccc(NC(=O)Nc4cnn(C(C)(C)C)c4)c(Cl)c3)c21,1,IC50,8.12,1,CHEMBL1254356
Cn1ccc2ncnc(Oc3ccc(NC(=O)Nc4cc(C(C)(C)C)on4)c(Cl)c3)c21,1,IC50,8.05,1,CHEMBL1253194
Cn1nc(C(C)(C)C)cc1NC(=O)Nc1ccc(Oc2ncnc3ccn(C)c23)cc1Cl,1,IC50,7.72,1,CHEMBL1254437
Cn1ccc2ncnc(Oc3ccc(NC(=O)Nc4cccc(C(F)(F)F)c4)c(Cl)c3)c21,1,IC50,8.43,2,CHEMBL1254190
COc1ccc(NC(=O)Nc2ccc(Oc3ncnc4ccn(C)c34)cc2Cl)cc1C(F)(F)F,1,IC50,8.03,1,CHEMBL1254515
Cn1ccc2ncnc(Oc3ccc(NC(=O)Nc4ccc(N5CCOCC5)c(C(F)(F)F)c4)c(Cl)c3)c21,1,IC50,7.21,1,CHEMBL1254595
Cn1ccc2ncnc(Oc3ccc(NC(=O)Nc4ccc(CN5CCOCC5)c(C(F)(F)F)c4)c(Cl)c3)c21,1,IC50,7.72,1,CHEMBL1254671
CN1CCN(Cc2ccc(NC(=O)Nc3ccc(Oc4ncnc5ccn(C)c45)cc3Cl)cc2C(F)(F)F)CC1,1,IC50,8.03,1,CHEMBL1254755
CN1CCC(Oc2ccc(NC(=O)Nc3ccc(Oc4ncnc5ccn(C)c45)cc3Cl)cc2C(F)(F)F)CC1,1,IC50,7.92,1,CHEMBL1254839
COc1cc(NC(=O)Nc2ccc(Oc3ncnc4ccn(C)c34)cc2Cl)cc(C(F)(F)F)c1,1,IC50,7.7,1,CHEMBL1254840
Cn1ccc2ncnc(Oc3ccc(NC(=O)Nc4cc(N5CCOCC5)cc(C(F)(F)F)c4)c(Cl)c3)c21,1,IC50,7.22,1,CHEMBL1254927
Cn1ccc2ncnc(Oc3ccc(NC(=O)Nc4cc(CN5CCOCC5)cc(C(F)(F)F)c4)c(Cl)c3)c21,1,IC50,7.64,1,CHEMBL1255013
CN1CCN(Cc2cc(NC(=O)Nc3ccc(Oc4ncnc5ccn(C)c45)cc3Cl)cc(C(F)(F)F)c2)CC1,1,IC50,7.96,1,CHEMBL1255097
Cn1c(C(C)(C)O)cc2ncnc(Oc3ccc(NC(=O)Nc4cccc(C(F)(F)F)c4)c(Cl)c3)c21,1,IC50,7.75,1,CHEMBL1254006
COCc1cc2ncnc(Oc3ccc(NC(=O)Nc4cccc(C(F)(F)F)c4)c(Cl)c3)c2n1C,1,IC50,7.85,1,CHEMBL1253917
Cn1c(CO)cc2ncnc(Oc3ccc(NC(=O)Nc4cccc(C(F)(F)F)c4)c(Cl)c3)c21,1,IC50,8.01,1,CHEMBL1255098
O=C(Nc1cccc(C(F)(F)F)c1)Nc1ccc(Oc2ncnc3ccn(CCOCCO)c23)cc1Cl,1,IC50,8.57,1,CHEMBL1253837
COCCn1ccc2ncnc(Oc3ccc(NC(=O)Nc4cccc(C(F)(F)F)c4)c(Cl)c3)c21,1,IC50,8.05,1,CHEMBL1253838
O=C(Nc1cccc(C(F)(F)F)c1)Nc1ccc(Oc2ncnc3ccn(CCO)c23)cc1Cl,1,IC50,8.4,1,CHEMBL1253916
CN(c1cccc(Br)c1)c1nc(N)nc2[nH]c(Cc3ccccc3)cc12,0,IC50,4.05,1,CHEMBL1254199
Cn1c(Cc2ccccc2)cc2c(Nc3cccc(Br)c3)nc(N)nc21,0,IC50 (>),3.7,1,CHEMBL1254285
CN(c1cccc(Br)c1)c1nc(N)nc2c1cc(Cc1ccccc1)n2C,0,IC50 (>),3.7,1,CHEMBL1254286
Cc1ccccc1Cc1cc2c(N(C)c3cccc(Br)c3)nc(N)nc2[nH]1,0,IC50 (>),3.7,1,CHEMBL1254363
Cc1ccccc1Cc1cc2c(N(C)c3cccc(Br)c3)nc(N)nc2n1C,0,IC50 (>),3.7,1,CHEMBL1254443
COc1ccc(OC)c(Cc2cc3c(N(C)c4cccc(Br)c4)nc(N)nc3[nH]2)c1,0,IC50 (>),3.7,1,CHEMBL1254444
COc1ccc(OC)c(Cc2cc3c(Nc4cccc(Br)c4)nc(N)nc3n2C)c1,0,IC50 (>),3.7,1,CHEMBL1254522
COc1ccc(OC)c(Cc2cc3c(N(C)c4cccc(Br)c4)nc(N)nc3n2C)c1,0,IC50 (>),3.7,1,CHEMBL1254523
Cn1ccc2ncnc(Oc3ccc(NC(=O)Nc4ccccc4)cc3)c21,1,IC50,7.48,1,CHEMBL1254511
Cn1ccc2ncnc(Oc3cccc(NC(=O)c4ccccc4)c3)c21,1,IC50,6.03,1,CHEMBL1255010
Cn1ccc2ncnc(Oc3cccc(C(=O)Nc4ccccc4)c3)c21,1,IC50,6.06,1,CHEMBL1255011
Cn1ccc2ncnc(Oc3ccc(C(=O)Nc4ccccc4)cc3)c21,0,IC50 (>),5.0,1,CHEMBL1255094
Cn1ccc2ncnc(Oc3ccc(NC(=O)Cc4ccccc4)cc3)c21,0,IC50 (>),5.0,1,CHEMBL1253833
Cn1ccc2ncnc(Oc3ccc(NC(=O)Nc4ccccc4Cl)cc3)c21,1,IC50,6.47,1,CHEMBL1254669
Cn1ccc2ncnc(Oc3ccc(NC(=O)Nc4cccc(Cl)c4)cc3)c21,1,IC50,8.39,1,CHEMBL1254670
Cn1ccc2ncnc(Oc3ccc(NC(=O)Nc4ccc(Cl)cc4)cc3)c21,1,IC50,7.5,1,CHEMBL1254752
Cn1ccc2ncnc(Oc3ccc(NC(=O)Nc4cccc(C(F)(F)F)c4)cc3)c21,1,IC50,8.28,1,CHEMBL1254753
Cn1ccc2ncnc(Oc3ccc(NC(=O)Nc4cccc(Br)c4)cc3)c21,1,IC50,8.36,1,CHEMBL1254835
Cn1ccc2ncnc(Oc3ccc(NC(=O)Nc4cccc(F)c4)cc3)c21,1,IC50,7.72,1,CHEMBL1254836
Cc1cccc(NC(=O)Nc2ccc(Oc3ncnc4ccn(C)c34)cc2)c1,1,IC50,8.57,1,CHEMBL1254923
Cn1ccc2ncnc(Sc3ccc(NC(=O)Nc4ccccc4)cc3)c21,1,IC50,6.96,1,CHEMBL1254002
CN(c1ccc(NC(=O)Nc2cccc(C(F)(F)F)c2)cc1)c1ncnc2ccn(C)c12,0,IC50 (>),5.0,1,CHEMBL1254095
O=C(Nc1ccc(N2CCn3ccc4ncnc2c43)cc1)Nc1cccc(C(F)(F)F)c1,1,IC50,8.15,1,CHEMBL1254096
Cn1ccc2ncnc(Oc3ccc(NC(=O)Nc4cccc(C(F)(F)F)c4)cc3Cl)c21,1,IC50,7.52,1,CHEMBL1254191
COc1cc(Oc2ncnc3ccn(C)c23)ccc1NC(=O)Nc1cccc(C(F)(F)F)c1,1,IC50,7.85,1,CHEMBL1254276
Cn1ccc2ncnc(Oc3ccc(NC(=O)Nc4cccc(C(F)(F)F)c4)c(F)c3)c21,1,IC50,10.48,10,CHEMBL1254007
Cc1[nH]nc2c1N=C(c1ccccc1Cl)c1cc([N+](=O)[O-])ccc1N2,1,IC50,7.14,1,CHEMBL1258821
N#Cc1ccc2c(c1)C(c1ccccc1F)=Nc1c[nH]nc1N2,1,IC50,7.41,1,CHEMBL1257795
Nc1ccc2c(c1)C(c1ccccc1Cl)=Nc1c[nH]nc1N2,1,IC50,7.47,1,CHEMBL1257911
CC(=O)Nc1ccc2c(c1)C(c1ccccc1Cl)=Nc1c[nH]nc1N2,1,IC50,7.48,1,CHEMBL1257912
O=C(Nc1n[nH]c2cc(C(=O)N[C@H](CN3CCCC3)c3ccccc3)sc12)c1ccc(N2CCOCC2)cc1,1,IC50,6.79,1,CHEMBL1258913
Cc1cc(C=C2C(=O)Nc3ccc(F)cc32)c2ccccc(OCCN3CCC[C@H]3CO)c1-2,1,IC50,6.73,1,CHEMBL1258603
CN(c1ccnc(Nc2cc(N3CCOCC3)cc(N3CCOCC3)c2)n1)c1cccc2[nH]ncc12,1,IC50,6.62,1,CHEMBL1269858
Cc1cn2c(-c3cn[nH]c3)cnc2c(Nc2cc([C@@H](C)N3C[C@@H](C)O[C@@H](C)C3)ns2)n1,1,IC50,6.15,1,CHEMBL1270399
O=C(Nc1cccc2cccnc12)c1ccccc1,1,IC50,6.87,1,CHEMBL1169656
O=C(Nc1cccc2cccnc12)c1ccc([N+](=O)[O-])cc1,1,IC50,6.95,1,CHEMBL1271559
O=C(Nc1cccc2cccnc12)c1ccc(Cl)cc1,1,IC50,6.9,1,CHEMBL1269633
O=C(Nc1cccc2cccnc12)c1ccccc1Cl,1,IC50,7.63,1,CHEMBL1269634
O=C(Nc1cccc2cccnc12)c1cccc([N+](=O)[O-])c1,1,IC50,7.78,1,CHEMBL1271560
O=C(Nc1cccc2cccnc12)c1cc(Cl)ccc1O,1,IC50,8.42,1,CHEMBL1271615
Cc1ccc(C(=O)Nc2cccc3cccnc23)c(O)c1,1,IC50,8.02,1,CHEMBL1271616
Cc1cccc(C(=O)Nc2cccc3cccnc23)c1O,1,IC50,7.58,1,CHEMBL1271617
O=C(Nc1cccc2cccnc12)c1cc(Br)cnc1O,1,IC50,8.26,1,CHEMBL1271667
Cc1cnc(O)c(C(=O)Nc2cccc3cccnc23)c1,1,IC50,7.87,1,CHEMBL1271668
O=C(Nc1cccc2cccnc12)c1ccc(Cl)nc1,1,IC50,7.07,1,CHEMBL1269661
O=C(Nc1cccc2cccnc12)c1cncc(Br)c1,1,IC50,6.68,1,CHEMBL1269662
O=C(Nc1cnc2ccccc2c1)c1ccccc1,1,IC50,6.97,1,CHEMBL1269663
Cc1cccc(C(=O)Nc2cnc3ccccc3c2)c1Br,1,IC50,7.55,1,CHEMBL1271669
Cc1cc(Cl)cc(C(=O)Nc2cnc3ccccc3c2)c1,1,IC50,6.49,1,CHEMBL1271719
O=C(Nc1cnc2ccccc2c1)c1cc(Br)cc(Br)c1O,1,IC50,7.49,1,CHEMBL1271720
O=C(Nc1cnc2ccccc2c1)c1cccc(Cl)c1O,1,IC50,7.14,1,CHEMBL1271721
Cc1cc(Br)cc(C(=O)Nc2cnc3ccccc3c2)c1O,1,IC50,7.91,1,CHEMBL1271780
O=C(Nc1cnc2ccccc2c1)c1cc(Cl)cnc1Br,1,IC50,7.63,1,CHEMBL1271781
Cc1cnc(Cl)c(C(=O)Nc2cnc3ccccc3c2)c1,1,IC50,6.99,1,CHEMBL1271782
O=C(Nc1cnc2ccccc2c1)c1cncc(Br)c1,1,IC50,7.05,1,CHEMBL1269716
Cc1cc(Br)cc(C(=O)Nc2cnc3ccccc3c2)c1,1,IC50,6.95,1,CHEMBL1271836
O=C(Nc1cnc2ccccc2c1)c1cc(Cl)c(O)nc1O,1,IC50,7.49,1,CHEMBL1271837
Cc1cccc(C(=O)Nc2cnc3ccccc3c2)c1O,1,IC50,7.59,1,CHEMBL1271838
c1cc(-c2cnn3cc(-c4ccc(OCCN5CCCCC5)cc4)cnc23)ccn1,1,IC50,8.4,4,CHEMBL478629
O=c1ccc(-c2cnn3cc(-c4ccc(OCCN5CCOCC5)cc4)cnc23)c[nH]1,1,IC50,7.0,1,CHEMBL1271480
c1cc(-c2cnc3c(-c4cn[nH]c4)cnn3c2)ccc1OCCN1CCOCC1,1,IC50,8.0,1,CHEMBL1271532
Nc1cc(-c2cnn3cc(-c4ccc(OCCN5CCOCC5)cc4)cnc23)ccn1,1,IC50,7.24,1,CHEMBL1271533
Oc1ccc(-c2cnn3cc(-c4ccc(OCCN5CCOCC5)cc4)cnc23)cc1O,1,IC50,9.0,1,CHEMBL1271641
NS(=O)(=O)c1ccc(Nc2ncc(-c3ccc(O)c(O)c3)o2)cc1,1,IC50,7.0,1,CHEMBL1271642
NS(=O)(=O)c1ccc(Nc2ncc(-c3ccc(=O)[nH]c3)o2)cc1,0,IC50 (>),5.0,1,CHEMBL1271692
CCN(CC)CCN1CCc2[nH]c(/C=C3\C(=O)Nc4ccc(F)cc43)c(C)c2C1=O,1,IC50,8.7,2,CHEMBL1278146
CCN(CC)CCN1CCc2[nH]c(/C=C3\C(=O)Nc4ccc(Cl)cc43)c(C)c2C1=O,1,IC50,8.0,2,CHEMBL1278147
CCN(CC)CCN1CCc2[nH]c(/C=C3\C(=O)Nc4ccc(Br)cc43)c(C)c2C1=O,1,IC50,7.8,2,CHEMBL1278233
Cc1c(/C=C2\C(=O)Nc3ccc(F)cc32)[nH]c2c1C(=O)N(CCN(C)C)CC2,1,IC50,8.7,2,CHEMBL1278234
Cc1c(/C=C2\C(=O)Nc3ccc(F)cc32)[nH]c2c1C(=O)N(CCN1CCCC1)CC2,1,IC50,8.1,1,CHEMBL1276890
Cc1c(/C=C2\C(=O)Nc3ccc(F)cc32)[nH]c2c1C(=O)N(CCN1CCOCC1)CC2,1,IC50,7.6,1,CHEMBL1276891
Cc1c(/C=C2\C(=O)Nc3ccc(F)cc32)[nH]c2c1C(=O)N(C[C@H](O)CN1CCOCC1)CC2,1,IC50,9.0,2,CHEMBL1276980
CCN(CC)CCN1CCCc2[nH]c(/C=C3\C(=O)Nc4ccc(F)cc43)c(C)c2C1=O,1,IC50,7.85,2,CHEMBL1276981
Cc1c(/C=C2\C(=O)Nc3ccc(F)cc32)[nH]c2c1C(=O)N(CCN1CCOCC1)CCC2,1,IC50,9.0,2,CHEMBL1277071
Cc1c(/C=C2\C(=O)Nc3ccc(F)cc32)[nH]c2c1C(=O)N(C[C@H](O)CN1CCOCC1)CCC2,1,IC50,7.58,2,CHEMBL1277072
CCN(CC)CCN1CCCCc2[nH]c(/C=C3\C(=O)Nc4ccc(F)cc43)c(C)c2C1=O,1,IC50,6.95,2,CHEMBL1277161
c1cncc(CNc2ccnc3oc4ccccc4c23)c1,0,Ki (>),3.0,1,CHEMBL1290178
Clc1cccc(CNc2ccnc3oc4ccccc4c23)c1,0,Ki (>),3.0,1,CHEMBL1290073
COc1ccc(CNc2ccnc3oc4ccccc4c23)cc1,0,Ki (>),3.0,1,CHEMBL1290072
Cc1ccc(C(=O)Nc2ccon2)cc1NC(=O)c1cnn(-c2ccccc2F)c1N,0,IC50 (>),4.3,1,CHEMBL1290746
Cc1ccc2nc(NC(=O)Cc3csc(NC(=O)Nc4cccc(Cl)c4)n3)sc2c1,1,IC50,8.38,1,CHEMBL1290471
Cc1nc2ccccc2n1C1CCN(CC(=O)Nc2ccccc2Br)CC1,1,IC50,8.0,1,CHEMBL1290361
CCOC(=O)CSc1nc2c(c(=O)[nH]c(=O)n2C)n1Cc1cccc(C)c1,1,IC50,8.54,1,CHEMBL1290362
NC(=O)c1cc(-c2ccccc2)sc1NC(=O)c1ccc(OC(F)F)cc1,1,IC50,8.25,1,CHEMBL1290470
O=C(COc1cccc(NC(=O)c2cccnc2)c1)Nc1ccc(Br)cc1,1,IC50,8.3,1,CHEMBL1290247
COc1ccc(OC)c(NC(=O)c2ccc(CSc3ncnc4[nH]cnc34)cc2)c1,1,IC50,8.23,1,CHEMBL1290246
CCOc1ccc(Nc2cnnc(Nc3ccc(OCC)cc3)n2)cc1,1,IC50,8.39,1,CHEMBL1290137
O=C(Nc1ccc(Oc2ncnc3sc4c(c23)CCCC4)cc1)c1ccccc1,1,IC50,8.39,1,CHEMBL1290031
C[C@@H]1Oc2ccc(-c3csc(NC(=O)c4cccc(Cl)c4)n3)cc2NC1=O,1,IC50,8.47,1,CHEMBL1290136
COc1ccccc1NC(=O)c1ccc(CSc2nnc3c(n2)[nH]c2ccccc23)cc1,1,IC50,8.8,1,CHEMBL1290030
CNC(=O)c1ccccc1Sc1ccc2c(/C=C/c3ccccn3)n[nH]c2c1,1,IC50,10.0,9,CHEMBL1289926
CNC(=O)c1csc2cc(Oc3ccnc4cc(C5=NCCN5C)sc34)ccc12,1,IC50,9.47,1,CHEMBL1289925
CCN1CCN(Cc2ccc(-c3cc4c([C@](C)(N)c5ccccc5)ncnc4[nH]3)cc2)CC1,1,IC50,7.11,1,CHEMBL1289705
CNC(=O)c1cc(COc2nnc(Nc3ccc(Cl)cc3)c3ccoc23)ccn1,1,IC50,8.22,3,CHEMBL2079588
COc1cc2nccc(Oc3ccc(NC(=O)NC4CC4)c(Cl)c3)c2cc1C(N)=O,1,IC50,9.15,11,CHEMBL1289601
COc1cc2nccc(Oc3ccc(NC(=O)Nc4cc(C)on4)c(Cl)c3)c2cc1OC,1,IC50,9.8,8,CHEMBL1289494
COc1cc2c(Oc3ccc4[nH]c(C)cc4c3F)ncnc2cc1OCCCN1CCCC1,1,IC50,9.3,8,CHEMBL491473
COc1ccc2cc(-c3n[nH]c4cccnc34)[nH]c2c1,1,IC50,6.51,1,CHEMBL1288582
NC1CCN(Cc2ccn3ncnc(Nc4ccc(F)c(Cl)c4)c23)CC1,1,IC50,6.96,1,CHEMBL1645476
Cc1cn2c(-c3cn[nH]c3)cnc2c(Nc2cc(CN3CCC(F)(F)C3)ns2)n1,1,IC50,6.26,1,CHEMBL1650545
[2H]C([2H])(c1cc(Nc2nc(C)cn3c(-c4cn[nH]c4)cnc23)sn1)N1CCC(F)(F)C1,1,IC50,6.47,1,CHEMBL1650551
COc1cc(O)c2c(c1)CCC[C@H](O)[C@H](O)C(=O)/C=C\C[C@H](C)OC2=O,1,IC50,8.7,4,CHEMBL2012519
COc1cc(O)c2c(c1)CCC[C@H](O)CC(=O)/C=C\C[C@H](C)OC2=O,1,IC50,8.24,1,CHEMBL1651521
COc1cc(O)c2c(c1)CCC[C@H](O)CC(=O)/C=C/C[C@H](C)OC2=O,1,IC50,6.72,1,CHEMBL1651522
COc1cc(O)c2c(c1)CCCCCC(=O)/C=C\C[C@H](C)OC2=O,1,IC50,6.77,2,CHEMBL1651523
COc1cc(O)c2c(c1)/C=C/C[C@@H](O)[C@H](O)C(=O)/C=C\C[C@H](C)OC2=O,1,IC50,9.31,1,CHEMBL1668411
COc1cc(O)c2c(c1)CCCCCC(=O)C[C@H](Cl)C[C@H](C)OC2=O,0,IC50,4.03,1,CHEMBL1668413
COc1cc(O)c2c(c1)/C=C/CCCC(=O)C[C@H](Br)C[C@H](C)OC2=O,0,IC50 (>),4.0,1,CHEMBL1668414
COc1cc(O)c2c(c1)/C=C\CCCC(=O)C[C@H](Cl)C[C@H](C)OC2=O,0,IC50,4.09,1,CHEMBL1668416
COc1cc(O)c2c(c1)/C=C\CCCC(=O)C[C@H](Br)C[C@H](C)OC2=O,0,IC50,4.62,1,CHEMBL1668417
COc1cc(O)c2c(c1)/C=C/CCCC(=O)/C=C/C[C@H](C)OC2=O,1,IC50,6.0,1,CHEMBL1668418
COc1cc(O)c2c(c1)CCCCCC(=O)/C=C/C[C@H](C)OC2=O,1,IC50,6.51,1,CHEMBL1668419
Cc1cc(F)c(Nc2ncnc3cc(OCc4ccccc4)ccc23)cc1O,1,IC50,8.7,1,CHEMBL1558704
O=C(Nc1cccc(C(F)(F)F)c1)c1c[nH]c2cccc(SCc3ccncc3)c12,1,IC50,6.51,1,CHEMBL1683339
Clc1cccc(Cn2cc(-c3ccc4[nH]ncc4c3)nn2)c1,0,Ki,4.88,1,CHEMBL1682348
CNC(=O)Nc1ccc(Oc2ncnc(N)c2/C=N/OC)cc1Cl,1,IC50,7.6,1,CHEMBL1681931
CCNC(=O)Nc1ccc(Oc2ncnc(N)c2/C=N/OC)cc1Cl,1,IC50,7.96,1,CHEMBL1681932
CCCNC(=O)Nc1ccc(Oc2ncnc(N)c2/C=N/OC)cc1Cl,1,IC50,7.55,1,CHEMBL1681933
CO/N=C/c1c(N)ncnc1Oc1ccc(NC(=O)NC(C)C)c(Cl)c1,1,IC50,7.14,1,CHEMBL1681934
CO/N=C/c1c(N)ncnc1Oc1ccc(NC(=O)NC2CC2)c(Cl)c1,1,IC50,7.54,1,CHEMBL1681935
CO/N=C/c1c(N)ncnc1Oc1ccc(NC(=O)NCCO)c(Cl)c1,1,IC50,6.78,1,CHEMBL1681936
CO/N=C/c1c(N)ncnc1Oc1ccc(NC(=O)NCCCO)c(Cl)c1,1,IC50,6.4,1,CHEMBL1681937
CO/N=C/c1c(N)ncnc1Oc1ccc(NC(=O)NCCN(C)C)c(Cl)c1,1,IC50,6.54,1,CHEMBL1681938
CO/N=C/c1c(N)ncnc1Oc1ccc(NC(=O)NCCCCN2CCCC2)c(Cl)c1,1,IC50,6.12,1,CHEMBL1681939
CO/N=C/c1c(N)ncnc1Oc1ccc(NC(=O)Nc2ccccn2)c(Cl)c1,1,IC50,7.47,1,CHEMBL1681940
CO/N=C/c1c(N)ncnc1Oc1ccc(NC(=O)Nc2cccnc2)c(Cl)c1,1,IC50,8.0,1,CHEMBL1681941
CO/N=C/c1c(N)ncnc1Oc1ccc(NC(=O)Nc2ccncc2)c(Cl)c1,1,IC50,7.96,1,CHEMBL1681942
CO/N=C/c1c(N)ncnc1Oc1ccc(NC(=O)Nc2nccs2)c(Cl)c1,1,IC50,8.47,1,CHEMBL1681943
CO/N=C/c1c(N)ncnc1Oc1ccc(NC(=O)Nc2nc(C)c(C)s2)c(Cl)c1,1,IC50,8.7,1,CHEMBL1681944
CO/N=C/c1c(N)ncnc1Oc1ccc(NC(=O)Nc2cc(C)on2)c(Cl)c1,1,IC50,8.7,1,CHEMBL1681945
CO/N=C/c1c(N)ncnc1Oc1ccc(NC(=O)Nc2ccccc2)c(Cl)c1,1,IC50,8.52,1,CHEMBL1681946
CO/N=C/c1c(N)ncnc1Oc1ccc(NC(=O)Nc2ccccc2Cl)c(Cl)c1,1,IC50,8.59,1,CHEMBL1681947
CO/N=C/c1c(N)ncnc1Oc1ccc(NC(=O)Nc2ccccc2C)c(Cl)c1,1,IC50,8.1,1,CHEMBL1681948
CO/N=C/c1c(N)ncnc1Oc1ccc(NC(=O)Nc2ccccc2OC)c(Cl)c1,1,IC50,8.6,1,CHEMBL1681949
CO/N=C/c1c(N)ncnc1Oc1ccc(NC(=O)Nc2ccccc2F)c(Cl)c1,1,IC50,8.48,1,CHEMBL1681950
CO/N=C/c1c(N)ncnc1Oc1ccc(NC(=O)Nc2cccc(F)c2)c(Cl)c1,1,IC50,8.77,1,CHEMBL1681951
CO/N=C/c1c(N)ncnc1Oc1ccc(NC(=O)Nc2ccc(F)cc2)c(Cl)c1,1,IC50,8.55,1,CHEMBL1681952
CO/N=C/c1c(N)ncnc1Oc1ccc(NC(=O)Nc2ccc(F)cc2F)c(Cl)c1,1,IC50,8.52,1,CHEMBL1681953
CO/N=C/c1c(N)ncnc1Oc1ccc(NC(=O)NCc2ccc(F)cc2F)c(Cl)c1,1,IC50,7.99,1,CHEMBL1681954
CO/N=C/c1c(N)ncnc1Oc1ccc(NC(=O)NC2CCCCC2)c(Cl)c1,1,IC50,8.19,1,CHEMBL1681955
CNC(=O)c1ccc(Oc2ncnc(N)c2/C=N/OC)cc1,0,IC50 (>),4.0,1,CHEMBL1681957
CO/N=C/c1c(N)ncnc1Oc1ccc(NC(=O)OC)cc1Cl,1,IC50,6.82,1,CHEMBL1681958
CCNC(=O)Oc1ccc(Oc2ncnc(N)c2/C=N/OC)cc1,0,IC50 (>),4.0,1,CHEMBL1681959
CNC(=O)Cc1ccc(Oc2ncnc(N)c2/C=N/OC)cc1,0,IC50,4.71,1,CHEMBL1681960
CNC(=O)Nc1ccc(Oc2ncnc(N)c2/C=N/OC)c(F)c1,1,IC50,6.85,1,CHEMBL1681961
CCNC(=O)Nc1ccc(Oc2ncnc(N)c2/C=N/OC)c(C)c1,1,IC50,6.75,1,CHEMBL1681962
CNC(=O)Nc1ccc(Oc2ncnc(N)c2/C=N/OC)c(Br)c1,0,IC50 (>),4.0,1,CHEMBL1681963
CCNC(=O)Nc1ccc(Oc2ncnc(N)c2/C=N/OC)cc1,1,IC50,6.85,1,CHEMBL1681964
COc1ccc(Cn2ncc(NC(=O)c3cc(NC(=O)Nc4ccc(Cl)c(C(F)(F)F)c4)ccc3C)c2N)cc1,1,IC50,8.03,1,CHEMBL1684800
Nc1nccc(-c2ccc3c(N)n[nH]c3c2)n1,1,IC50,6.08,1,CHEMBL1688215
O=C(Nc1ccc([N+](=O)[O-])cc1Cl)c1cc(Cl)ccc1O,0,IC50,4.64,1,CHEMBL1448
FC(F)(F)c1cccc(-c2nnc(-c3cccnc3NCc3cn[nH]c3)[nH]2)c1,0,IC50 (>),5.0,2,CHEMBL1688247
c1cncc(CNc2ncccc2-c2nnc(Nc3ccc4c(c3)OCO4)o2)c1,0,IC50 (>),5.0,2,CHEMBL382359
c1ccc(CNc2ncccc2-c2nnc(Nc3ccc4c(c3)OCO4)o2)nc1,0,IC50 (>),5.0,2,CHEMBL381122
c1cnc(NCc2ccc3c(c2)OCO3)c(-c2nnc(Nc3ccc4c(c3)OCO4)o2)c1,0,IC50 (>),5.0,2,CHEMBL1688345
c1cnc(NCCc2ccncc2)c(-c2nnc(Nc3ccc4c(c3)OCO4)o2)c1,0,IC50 (>),5.0,2,CHEMBL1688347
c1cnc(NCc2ccncc2)c(-c2nnc(Nc3ccc4c(c3)OCCO4)o2)c1,1,IC50,6.77,2,CHEMBL204754
c1cncc(CNc2ncccc2-c2nnc(Nc3ccc4c(c3)OCCO4)o2)c1,0,IC50 (>),5.0,2,CHEMBL203062
c1ccc(CNc2ncccc2-c2nnc(Nc3ccc4c(c3)OCCO4)o2)nc1,0,IC50 (>),5.0,2,CHEMBL205166
c1ccc(-c2nnc(Nc3ccc4c(c3)OCCO4)o2)c(NCc2ccncc2)c1,1,IC50,6.96,2,CHEMBL1087218
c1cncc(CCNc2ncccc2-c2nnc(Nc3ccc4c(c3)OCCO4)o2)c1,0,IC50 (>),5.0,2,CHEMBL1688348
c1cnc(NCCc2ccncc2)c(-c2nnc(Nc3ccc4c(c3)OCCO4)o2)c1,0,IC50 (>),5.0,2,CHEMBL1688349
c1cnc(NCc2cnc[nH]2)c(-c2nnc(Nc3ccc4c(c3)OCCO4)o2)c1,1,IC50,6.8,2,CHEMBL1688350
c1cnc(NCc2ccc3ncccc3c2)c(-c2nnc(Nc3ccc4c(c3)OCCO4)o2)c1,1,IC50,6.66,2,CHEMBL1688352
FC(F)(F)c1cccc(-c2nnc(-c3cccnc3NCc3ccncc3)[nH]2)c1,1,IC50,6.0,1,CHEMBL1688246
FC(F)(F)c1cccc(-c2nnc(-c3cccnc3NCc3ccncc3)o2)c1,0,IC50 (>),5.0,1,CHEMBL1688248
c1cnc(NCc2ccncc2)c(-c2nnc(-c3ccc4c(c3)OCO4)[nH]2)c1,0,IC50 (>),5.0,1,CHEMBL1688249
CS(=O)(=O)c1ccc(-c2nnc(-c3cccnc3NCC3COCCO3)[nH]2)cc1,0,IC50 (>),5.0,1,CHEMBL1688250
c1cnc(NCc2ccncc2)c(-c2nnc(Nc3ccc4c(c3)OCO4)o2)c1,0,IC50 (>),5.0,1,CHEMBL204710
FC1(F)Oc2ccc(Nc3nnc(-c4cccnc4NCc4ccncc4)o3)cc2O1,0,IC50 (>),5.0,1,CHEMBL1688344
c1cncc(CCNc2ncccc2-c2nnc(Nc3ccc4c(c3)OCO4)o2)c1,0,IC50 (>),5.0,1,CHEMBL1688346
c1cnc(NCc2ccc3c(c2)OCO3)c(-c2nnc(Nc3ccc4c(c3)OCCO4)o2)c1,0,IC50 (>),5.0,1,CHEMBL203642
c1cnc(NCc2ccc3[nH]ncc3c2)c(-c2nnc(Nc3ccc4c(c3)OCCO4)o2)c1,0,IC50 (>),5.0,1,CHEMBL1688351
c1ccc(-c2nnc(Nc3ccc4c(c3)OCCO4)[nH]2)c(NCc2ccncc2)c1,0,IC50 (>),5.0,1,CHEMBL1688353
c1ccc(-c2nnc(Nc3ccc4c(c3)OCCO4)[nH]2)c(NCc2cnc[nH]2)c1,0,IC50 (>),5.0,1,CHEMBL1688355
CN(C)Cc1cc(C(=O)N[C@@H]2CCc3ccc(Oc4ccnc5c4CCC(=O)N5)cc3C2)cc(C(F)(F)F)c1,1,IC50,7.23,1,CHEMBL1688860
CC(C)(N)c1cc(C(=O)N[C@@H]2CCc3ccc(Oc4ccnc5c4CCC(=O)N5)cc3C2)cc(C(F)(F)F)c1,1,IC50,8.21,1,CHEMBL1688861
COCCN(c1ccnc(Nc2cc(N3CCOCC3)cc(N3CCOCC3)c2)n1)c1cc(CO)ccc1C,1,IC50,6.41,1,CHEMBL1762549
COc1cncc(N(C)c2ccnc(Nc3cc(N4CCOCC4)cc(N4CCOCC4)c3)n2)c1,1,IC50,6.37,1,CHEMBL1762535
COc1cccc(N(C)c2ccnc(Nc3cc(N4CCOCC4)cc(N4CCOCC4)c3)n2)n1,1,IC50,6.0,1,CHEMBL1762534
Cc1ccc(C(C)O)cc1N(C)c1ccnc(Nc2cc(N3CCOCC3)cc(N3CCOCC3)c2)n1,1,IC50,6.23,1,CHEMBL1762532
CN(c1ccc(Cl)c(CO)c1)c1ccnc(Nc2cc(N3CCOCC3)cc(N3CCOCC3)c2)n1,1,IC50,7.66,1,CHEMBL1762531
Cc1ccc(CO)cc1N(C)c1ccnc(Nc2cc(N3CCOCC3)cc(N3CCOCC3)c2)n1,1,IC50,6.09,1,CHEMBL1762530
COc1cc(CO)cc(N(C)c2ccnc(Nc3cc(N4CCOCC4)cc(N4CCOCC4)c3)n2)c1,1,IC50,6.72,1,CHEMBL1762529
CN(c1cccc(CO)c1)c1ccnc(Nc2cc(N3CCOCC3)cc(N3CCOCC3)c2)n1,1,IC50,6.85,1,CHEMBL1762528
COc1ccc(C)c(N(C)c2ccnc(Nc3cc(N4CCOCC4)cc(N4CCOCC4)c3)n2)c1,1,IC50,6.64,1,CHEMBL1762527
Cc1ccc(C)c(N(C)c2ccnc(Nc3cc(N4CCOCC4)cc(N4CCOCC4)c3)n2)c1,1,IC50,6.01,1,CHEMBL1762526
COc1cccc(N(C)c2ccnc(Nc3cc(N4CCOCC4)cc(N4CCOCC4)c3)n2)c1,1,IC50,7.0,1,CHEMBL1762525
CN(c1cccc(Cl)c1)c1ccnc(Nc2cc(N3CCOCC3)cc(N3CCOCC3)c2)n1,1,IC50,7.57,1,CHEMBL1762524
Cc1cccc(N(C)c2ccnc(Nc3cc(N4CCOCC4)cc(N4CCOCC4)c3)n2)c1,1,IC50,6.94,1,CHEMBL1762523
Cc1ccccc1N(C)c1ccnc(Nc2cc(N3CCOCC3)cc(N3CCOCC3)c2)n1,1,IC50,7.04,1,CHEMBL1762522
CN(c1ccccc1)c1ccnc(Nc2cc(N3CCOCC3)cc(N3CCOCC3)c2)n1,1,IC50,7.03,1,CHEMBL1762521
COc1cc2ncnc(N(C)c3cccc(Br)c3)c2cc1OC,0,IC50 (>),5.0,1,CHEMBL447230
COc1cc2ncnc(N(C)c3ccc(F)c(Cl)c3)c2cc1OC,0,IC50 (>),5.0,1,CHEMBL1278056
COc1cc2ncnc(N(C)c3ccc(Br)cc3F)c2cc1OC,0,IC50 (>),5.0,1,CHEMBL1278057
COc1cc2ncnc(Oc3ccc(Br)c(F)c3)c2cc1OC,1,IC50,6.22,2,CHEMBL1278149
COc1cc2ncnc(Nc3ccc(NC(C)=O)cc3)c2cc1OC,0,IC50 (>),5.0,1,CHEMBL1761927
COc1cc2ncnc(Oc3ccc(NC(C)=O)cc3)c2cc1OC,0,IC50 (>),5.0,1,CHEMBL1761928
COC(=O)Nc1ccc(Oc2ncnc3cc(OC)c(OC)cc23)cc1,1,IC50,6.16,2,CHEMBL1761930
CCOC(=O)Nc1ccc(Oc2ncnc3cc(OC)c(OC)cc23)cc1,1,IC50,6.22,2,CHEMBL1761932
COc1cc2ncnc(N(C)c3ccc(NC(=O)Nc4ccccc4)cc3)c2cc1OC,0,IC50 (>),5.0,1,CHEMBL1278235
COc1cc2ncnc(Oc3ccc(NC(=O)Nc4ccccc4)cc3)c2cc1OC,1,IC50,7.22,2,CHEMBL1277162
COc1ccc(NC(=O)Nc2ccc(N(C)c3ncnc4cc(OC)c(OC)cc34)cc2)cc1,0,IC50 (>),5.0,1,CHEMBL1761935
COc1cc2ncnc(N(C)c3cccc(NC(=O)Nc4ccccc4)c3)c2cc1OC,0,IC50 (>),5.0,1,CHEMBL1276892
COc1cc2ncnc(Oc3cccc(NC(=O)Nc4ccccc4)c3)c2cc1OC,1,IC50,6.22,2,CHEMBL1277253
COc1ccc(NC(=O)Nc2cccc(N(C)c3ncnc4cc(OC)c(OC)cc34)c2)cc1,0,IC50 (>),5.0,1,CHEMBL1276893
COc1ccc(NC(=O)Nc2cccc(Oc3ncnc4cc(OC)c(OC)cc34)c2)cc1,1,IC50,6.22,2,CHEMBL1277254
CCCCNC(=O)Nc1ccc(Oc2ncnc3cc(OC)c(OC)cc23)cc1,1,IC50,6.4,2,CHEMBL1761936
COc1cc2ncnc(Oc3ccc(NC(=O)Nc4ccc(Br)cc4)cc3)c2cc1OC,1,IC50,7.3,2,CHEMBL1761937
COc1cc2ncnc(Oc3ccc(NC(=O)Nc4ccc(F)cc4F)cc3)c2cc1OC,1,IC50,7.05,2,CHEMBL1761938
COc1cc2ncnc(Oc3ccc(NC(=O)Nc4ccc(F)c(Cl)c4)cc3)c2cc1OC,1,IC50,7.4,2,CHEMBL1761939
COc1cc2ncnc(Oc3ccc(NC(=O)Nc4ccc(C(F)(F)F)cc4)cc3)c2cc1OC,1,IC50,7.22,1,CHEMBL1761940
COc1cc2ncnc(Oc3ccc(NC(=O)Nc4ccc(C)cc4)cc3)c2cc1OC,1,IC50,7.3,1,CHEMBL1761941
COc1cc2ncnc(Oc3ccc(NC(=O)Nc4ccc5ccccc5c4)cc3)c2cc1OC,1,IC50,7.52,2,CHEMBL1761942
COc1cc2ncnc(Oc3ccc(NC(=O)NC4CCCCC4)cc3)c2cc1OC,1,IC50,6.0,2,CHEMBL205089
COc1cc2ncnc(N(C)c3ccc(NC(=O)Nc4ccc(F)c(Cl)c4)cc3)c2cc1OC,0,IC50 (>),5.0,1,CHEMBL1761945
CN(C)C(=O)N1CCC(c2nc(-c3cc4ccccc4[nH]3)c3c(N)nccn23)CC1,0,IC50 (>),5.0,1,CHEMBL1762114
N#CCNc1ncnc(-n2c(Nc3cccc(O)c3)nc3ccccc32)n1,0,IC50,4.4,1,CHEMBL1615182
COc1cc(Nc2nccc(Nc3cnc4ccccc4c3)n2)cc(OC)c1OC,1,IC50,7.03,1,CHEMBL1760035
CNc1nc(-c2ccc3c(N)n[nH]c3c2)cc(N2C[C@@H](C(=O)NC3CCCCC3)CC[C@H]2C)n1,0,IC50 (>),5.0,2,CHEMBL1765740
CC(=O)N1CCN(c2cnc3cc(C(F)(F)F)cc(NCc4cccc([N+](=O)[O-])c4)c3c2)CC1,0,IC50 (>),5.0,1,CHEMBL1766529
CN1CCN(c2ccc(OC(F)(F)F)c(Nc3ncc4c(n3)-c3c(c(C(N)=O)nn3CCO)CC4)c2)CC1,0,IC50 (>),5.0,2,CHEMBL1738758
CC1(C)c2cc(C3CCN(C4COC4)CC3)ccc2C(=O)c2c1[nH]c1cc(C#N)ccc21,1,IC50,7.0,3,CHEMBL1779202
CCOC(=O)C1=C2C(=NC1=O)c1cccc3cccc2c13,0,IC50 (>),5.0,1,CHEMBL1784725
CNC(=O)c1ncc(C#Cc2cc(C(=O)Nc3ccc(CN4CCN(CCO)CC4)c(C(F)(F)F)c3)ccc2C)n1C,1,IC50,8.64,1,CHEMBL1784637
O=C(c1cccs1)N1N=C(c2cccnc2)CC1c1ccccc1O,0,IC50 (>),5.0,1,CHEMBL1782188
O=C(c1ccc[nH]1)N1N=C(c2cccnc2)CC1c1ccccc1O,0,IC50 (>),5.0,1,CHEMBL1782187
CCOc1cccc2cc(C(=O)N3N=C(c4cccnc4)CC3c3ccccc3O)oc12,0,IC50 (>),5.0,1,CHEMBL1782186
O=C(c1ccc(Br)o1)N1N=C(c2cccnc2)CC1c1ccccc1O,0,IC50 (>),5.0,1,CHEMBL1782185
O=C(c1cccc(-n2cccn2)c1)N1N=C(c2cccnc2)CC1c1ccccc1O,0,IC50 (>),5.0,1,CHEMBL1782182
O=C(c1ccco1)N1N=C(c2cccnc2)CC1c1ccccc1O,0,IC50 (>),5.0,1,CHEMBL1779593
CSc1cn2c(-c3cn[nH]c3)cnc2c(Nc2cc(C)ns2)n1,1,IC50,7.44,1,CHEMBL1270795
CN(C[C@@H]1COCCO1)S(=O)(=O)Nc1ccc2ccc3ncc(-c4cnn(C)c4)cc3c(=O)c2c1,1,IC50,7.36,1,CHEMBL1822792
Cc1cccc(S(=O)(=O)Nc2cccc(-c3cc(NC(=O)c4ccc(N5CCN(C)CC5)cc4)[nH]n3)c2)c1,1,IC50,7.16,1,CHEMBL1807469
COc1ccc(S(=O)(=O)Nc2cccc(-c3cc(NC(=O)c4ccc(N5CCN(C)CC5)cc4)[nH]n3)c2)cc1,1,IC50,6.8,1,CHEMBL1807471
CN1CCN(c2cccc(C(=O)Nc3cc(-c4cccc(NS(=O)(=O)c5ccccc5)c4)n[nH]3)c2)CC1,1,IC50,6.39,1,CHEMBL1807475
O=C(Nc1cc(-c2cccc(NS(=O)(=O)c3ccccc3)c2)n[nH]1)c1ccc(N2CCOCC2)cc1,1,IC50,6.35,1,CHEMBL1807477
O=C(Nc1cc(-c2cccc(NS(=O)(=O)c3ccccc3)c2)n[nH]1)c1ccc(OCCN2CCCC2)cc1,1,IC50,6.7,1,CHEMBL1807478
O=C(Nc1cc(-c2cccc(NS(=O)(=O)c3ccccc3)c2)n[nH]1)c1ccc(CN2CCOCC2)cc1,1,IC50,6.25,1,CHEMBL1807480
Cc1nc(Nc2cc(-c3cccc(NS(=O)(=O)c4ccccc4)c3)n[nH]2)cc(N2CCN(C)CC2)n1,1,IC50,6.54,1,CHEMBL1807483
Cc1cccc(S(=O)(=O)Nc2cccc(-c3cc(Nc4cc(N5CCN(C)CC5)nc(C)n4)[nH]n3)c2)c1,0,IC50 (>),3.0,1,CHEMBL1807484
CCCCS(=O)(=O)Nc1cccc(-c2cc(Nc3cc(N4CCN(C)CC4)nc(C)n3)[nH]n2)c1,0,IC50 (>),3.0,1,CHEMBL1807485
Cc1nc(Nc2cc(-c3cccc(NS(=O)(=O)c4ccccc4)c3)n[nH]2)cc(N2CCC(O)CC2)n1,0,IC50 (>),3.0,1,CHEMBL1807785
Cc1nc(Nc2cc(-c3cccc(NS(=O)(=O)c4ccccc4)c3)n[nH]2)cc(N2CCN(CCO)CC2)n1,1,IC50,6.85,1,CHEMBL1807786
Cc1nc(NCCN2CCOCC2)cc(Nc2cc(-c3cccc(NS(=O)(=O)c4ccccc4)c3)n[nH]2)n1,0,IC50 (>),3.0,1,CHEMBL1807788
Cc1ccc(C(=O)NC2CC2)cc1Nc1ncnn2cc(C(=O)c3ccccc3)c(C)c12,0,IC50 (>),4.6,1,CHEMBL1807446
CN1CCN(c2ccc(C(=O)Nc3cc(-c4cccc(NS(=O)(=O)c5ccccc5)c4)n[nH]3)cc2)CC1,1,IC50,6.89,2,CHEMBL1807392
CN1CCN(c2ccc(C(=O)Nc3cc(-c4cccc(NS(=O)(=O)c5cccc(Cl)c5)c4)n[nH]3)cc2)CC1,1,IC50,6.6,1,CHEMBL1807467
Cc1cc(O)cc2oc3cc(O)cc(O)c3c(=O)c12,0,IC50,4.93,1,CHEMBL466154
Cc1c(O)c(O)cc2oc3cc(O)cc(O)c3c(=O)c12,1,IC50,6.1,1,CHEMBL454440
C#Cc1cc2c(cc1N1CCN(C3COC3)CC1)C(C)(C)c1[nH]c3cc(C#N)ccc3c1C2=O,1,IC50,6.34,1,CHEMBL1823220
Cc1cc2c(cc1N1CCN(C3COC3)CC1)C(C)(C)c1[nH]c3cc(C#N)ccc3c1C2=O,1,IC50,7.22,1,CHEMBL1823219
CC1(C)c2cc(N3CCN(C4COC4)CC3)ccc2C(=O)c2c1[nH]c1cc(C#N)ccc21,1,IC50,6.86,1,CHEMBL1779201
CCN1CCN(c2ccc(Nc3cc(N(C)C(=O)Nc4c(Cl)c(OC)cc(OC)c4Cl)ncn3)cc2)CC1,1,IC50,6.75,3,CHEMBL1834657;CHEMBL1852688
Cn1cnc2c(F)c(Nc3ccc(Br)cc3Cl)c(C(=O)NOCCO)cc21,0,Kd (>),5.0,1,CHEMBL1614701
CC[C@@H]1C(=O)N(C)c2cnc(Nc3ccc(C(=O)NC4CCN(C)CC4)cc3OC)nc2N1C1CCCC1,0,Kd (>),5.0,1,CHEMBL513909
N#CC[C@H](C1CCCC1)n1cc(-c2ncnc3[nH]ccc23)cn1,0,Kd (>),5.0,1,CHEMBL1789941
Nc1nc(N)c2nc(-c3cccc(O)c3)c(-c3cccc(O)c3)nc2n1,0,Kd (>),5.0,1,CHEMBL230011
CN(C)C/C=C/C(=O)Nc1cc2c(Nc3ccc(F)c(Cl)c3)ncnc2cc1O[C@H]1CCOC1,0,IC50 (>),5.0,4,CHEMBL1173655;CHEMBL2105712
COc1cc2c(Oc3ccc(NC(=O)C4(C(=O)Nc5ccc(F)cc5)CC4)cc3F)ccnc2cc1OCCCN1CCOCC1,1,IC50,9.1,21,CHEMBL1230609
Cc1n[nH]c2ccc(-c3cncc(OC[C@@H](N)Cc4ccccc4)c3)cc12,0,Kd (>),5.0,1,CHEMBL379218
Cc1ccc(NC(=O)c2ccc(CN3CCN(C)CC3)cc2)cc1Nc1nc(-c2cccnc2)cs1,0,Kd (>),5.0,1,CHEMBL1908391
Cc1ccc2nc(NCCN)c3ncc(C)n3c2c1,0,Kd (>),5.0,1,CHEMBL249697
OCCn1cc(-c2ccc3c(c2)CC/C3=N\O)c(-c2ccncc2)n1,0,Kd (>),5.0,1,CHEMBL525191
Cn1cc(C2=C(c3cn(C4CCN(Cc5ccccn5)CC4)c4ccccc34)C(=O)NC2=O)c2ccccc21,0,Kd (>),5.0,1,CHEMBL300138
CS(=O)(=O)N1CCN(Cc2cc3nc(-c4cccc5[nH]ncc45)nc(N4CCOCC4)c3s2)CC1,0,Kd (>),5.0,1,CHEMBL521851
COc1cc(Nc2ncc(F)c(Nc3ccc4c(n3)NC(=O)C(C)(C)O4)n2)cc(OC)c1OC,1,IC50,8.0,4,CHEMBL475251
COc1ccc(F)c(F)c1C(=O)c1cnc(NC2CCN(S(C)(=O)=O)CC2)nc1N,0,Kd (>),5.0,1,CHEMBL384304
COc1c(Cl)cc2c([nH]c3cnccc32)c1NC(=O)c1cccnc1C,0,Kd (>),5.0,1,CHEMBL608154
CNC(=O)c1c(F)cccc1Nc1nc(Nc2cc3c(cc2OC)CCN3C(=O)CN(C)C)nc2[nH]ccc12,0,Kd (>),5.0,1,CHEMBL464552
Cn1cc(-c2ccc3nnc(Sc4ccc5ncccc5c4)n3n2)cn1,0,Kd (>),5.0,1,CHEMBL1236107
C[C@@H](Oc1cc(-n2cnc3ccc(CN4CCN(C)CC4)cc32)sc1C(N)=O)c1ccccc1C(F)(F)F,0,Kd (>),5.0,1,CHEMBL1908394
COc1cc(Nc2c(C#N)cnc3cc(OCCCN4CCN(C)CC4)c(OC)cc23)c(Cl)cc1Cl,0,Kd (>),5.0,1,CHEMBL288441
CCn1c(-c2nonc2N)nc2c(C#CC(C)(C)O)ncc(OC[C@H]3CCCNC3)c21,0,Kd (>),5.0,1,CHEMBL494089
Cc1cn(-c2cc(NC(=O)c3ccc(C)c(Nc4nccc(-c5cccnc5)n4)c3)cc(C(F)(F)F)c2)cn1,0,Kd (>),5.0,1,CHEMBL255863
O=C(NC1CCNCC1)c1n[nH]cc1NC(=O)c1c(Cl)cccc1Cl,0,Kd (>),5.0,1,CHEMBL445813
O=C(NOCC1CC1)c1ccc(F)c(F)c1Nc1ccc(I)cc1Cl,0,Kd (>),5.0,1,CHEMBL105442
Oc1ccc(-c2ccc3c(-c4ccc(N5CCNCC5)cc4)n[nH]c3n2)cc1,1,IC50,7.75,1,CHEMBL1910893
Oc1ccc(-c2ccc3c(-c4ccc(N5CCNCC5)cc4)c[nH]c3c2)cc1,0,IC50 (>),4.6,1,CHEMBL1910894
O=C(Nc1ccc(OC(F)(F)F)cc1)c1sccc1NCc1ccnc2ccccc12,1,IC50,8.3,4,CHEMBL1614710
Cc1[nH]c(/C=C2\C(=O)Nc3ccncc32)c(C)c1C(=O)NCCN(C)C,1,IC50,7.22,1,CHEMBL1914676
CCN(CC)CCNC(=O)c1ccc(/C=C2\C(=O)Nc3ccc(F)cc32)[nH]c1=O,1,IC50,7.82,1,CHEMBL1914686
Cc1ccc(O)cc1CC[C@@H]1C(=O)CC[C@]2(C)[C@@H]([C@H](C)CCCC(C)C)[C@@H](O)C[C@@H]12,0,IC50 (>),4.0,1,CHEMBL456294
C=C(CC[C@@H](C)[C@H]1CC[C@H]2[C@H](CCc3cc(O)ccc3C)[C@H](O)CC[C@]12C)C(C)C,0,IC50 (>),4.0,1,CHEMBL515982
Cc1ccc(O)cc1CC[C@@H]1[C@H](O)CC[C@]2(C)[C@@H]([C@H](C)CCCC(C)C)[C@@H](O)C[C@@H]12,0,IC50 (>),4.0,1,CHEMBL464351
CC(C)(O)CC(=O)NCCn1ccc2ncnc(Nc3ccc(Oc4cccc(C(F)(F)F)c4)c(Cl)c3)c21,0,IC50 (>),5.0,1,CHEMBL1614725
CN(C)CCN1CCN(C(=O)c2cc(C(C)(C)C)sc2NC(=O)Nc2cccc(Cl)c2Cl)CCC1=O,0,IC50 (>),4.52,1,CHEMBL1929238
Cc1ccc(-n2nc(C(C)(C)C)cc2NC(=O)Nc2ccc(OCCN3CCOCC3)c3ccccc23)cc1,1,IC50,6.47,2,CHEMBL103667
CN1CCN(c2ccc(OC(F)(F)F)c(Nc3nccc(-c4cc(C(N)=O)cn4C)n3)c2)CC1,0,IC50 (>),5.0,1,CHEMBL1933576
CN1CCN(c2ccc(OC(F)(F)F)c(Nc3nccc(-c4cc5c(n4C)CCNC5=O)n3)c2)CC1,0,IC50 (>),5.0,1,CHEMBL1933582
C[C@@H]1CCC(N2CC[C@]3(CN(C(=O)c4cc5ccc(F)cc5[nH]4)c4ccccc43)C2)CN1,0,IC50,4.66,1,CHEMBL1933552
CN1CCC(COc2ccc3c(Nc4ccc(CC(=O)Nc5ccc(Cl)c(C(F)(F)F)c5)cc4)ncnc3c2)CC1,1,IC50,7.06,1,CHEMBL1934320
CN1CCC(COc2ccc3c(Nc4ccc(CC(=O)Nc5cccc(F)c5)cc4)ncnc3c2)CC1,1,IC50,7.19,1,CHEMBL1934321
CN1CCC(COc2ccc3c(Nc4ccc(CC(=O)Nc5ccc(F)c(F)c5)cc4)ncnc3c2)CC1,1,IC50,7.14,1,CHEMBL1934322
CCNC(=O)Nc1ccc(Nc2ncnc3cc(OCC4CCN(C)CC4)ccc23)cc1,1,IC50,6.98,1,CHEMBL1934323
CN1CCC(COc2ccc3c(Nc4ccc(NC(=O)NC5CC5)cc4)ncnc3c2)CC1,1,IC50,7.01,1,CHEMBL1934324
CN1CCC(COc2ccc3c(Nc4ccc(NC(=O)NC5CCCCC5)cc4)ncnc3c2)CC1,1,IC50,6.62,1,CHEMBL1934325
CN1CCC(COc2ccc3c(Nc4ccc(NC(=O)Nc5ccc(Cl)c(C(F)(F)F)c5)cc4)ncnc3c2)CC1,1,IC50,7.64,1,CHEMBL1934326
CN1CCC(COc2ccc3c(Nc4ccc(NC(=O)Nc5cccc(F)c5)cc4)ncnc3c2)CC1,1,IC50,8.26,1,CHEMBL1934327
CN1CCC(COc2ccc3c(Nc4ccc(NC(=O)Nc5ccc(F)c(F)c5)cc4)ncnc3c2)CC1,1,IC50,7.6,1,CHEMBL1934328
Cc1ccc(NC(=O)Nc2ccc(Nc3ncnc4cc(OCC5CCN(C)CC5)ccc34)cc2)cc1Br,1,IC50,7.35,1,CHEMBL1934329
CN1CCC(COc2ccc3c(Nc4ccc(NC(=O)Nc5ccc(Br)cc5F)cc4)ncnc3c2)CC1,1,IC50,7.3,1,CHEMBL1934330
CN1CCC(COc2ccc3c(Nc4ccc(NC(=O)Nc5cccc(F)c5)c(F)c4)ncnc3c2)CC1,1,IC50,7.82,1,CHEMBL1934331
CN1CCC(COc2ccc3c(Nc4ccc(NC(=O)Nc5cccc(F)c5)c(Cl)c4)ncnc3c2)CC1,1,IC50,7.77,1,CHEMBL1934332
COc1cc2c(Nc3ccc(NC(=O)Nc4cccc(F)c4)cc3)ncnc2cc1OCC1CCN(C)CC1,1,IC50,7.8,1,CHEMBL1933080
COc1cc2c(Nc3ccc(NC(=O)Nc4cccc(F)c4)c(F)c3)ncnc2cc1OCC1CCN(C)CC1,1,IC50,7.77,1,CHEMBL1934333
Cc1ncnc(Nc2ccc(OCc3cccc(F)c3)c(Cl)c2)c1C#Cc1ccc(CN2CCCC2)c(F)c1,0,IC50 (>),4.0,1,CHEMBL1934626
Cc1cc2c(cc1N1CCC(N3CCOCC3)CC1)C(C)(C)c1[nH]c3cc(C#N)ccc3c1C2=O,1,IC50,6.73,1,CHEMBL1940181
CC1(C)c2cc(N3CCC(N4CCOCC4)CC3)ccc2C(=O)c2c1[nH]c1cc(C#N)ccc21,1,IC50,6.12,1,CHEMBL1940180
CC1(C)c2ccc(C3CCN(C4CC4)CC3)cc2C(=O)c2c1[nH]c1cc(C#N)ccc21,1,IC50,6.05,1,CHEMBL1940174
Cc1ccc2nc(Cl)c(/C=C/C(=O)c3ccsc3)cc2c1,1,IC50,6.54,1,CHEMBL1940718
Cc1ccc2nc(Cl)c(/C=C/C(=O)c3sccc3C)cc2c1,1,IC50,6.73,1,CHEMBL1940841
Cc1csc(C(=O)/C=C/c2cc3cc(C)ccc3nc2Cl)c1,1,IC50,6.77,1,CHEMBL1938421
Cc1ccc2nc(Cl)c(/C=C/C(=O)c3ccc(C)s3)cc2c1,1,IC50,6.75,1,CHEMBL1940842
Cc1ccc2nc(Cl)c(/C=C/C(=O)c3cc(C)sc3C)cc2c1,1,IC50,6.34,1,CHEMBL1940843
Cc1ccc2nc(Cl)c(/C=C/C(=O)c3sccc3Cl)cc2c1,1,IC50,7.06,1,CHEMBL1940844
Cc1ccc2nc(Cl)c(/C=C/C(=O)c3ccc(Cl)s3)cc2c1,1,IC50,6.97,1,CHEMBL1940845
Cc1ccc2nc(Cl)c(/C=C/C(=O)c3cc(Cl)sc3Cl)cc2c1,1,IC50,7.09,1,CHEMBL1940846
Cc1ccc2nc(Cl)c(/C=C/C(=O)c3sccc3Br)cc2c1,1,IC50,6.89,1,CHEMBL1940847
Cc1ccc2nc(Cl)c(/C=C/C(=O)c3ccc(Br)s3)cc2c1,1,IC50,6.95,1,CHEMBL1940848
Cc1ccc2nc(Cl)c(/C=C/C(=O)c3ccc(I)s3)cc2c1,1,IC50,6.81,1,CHEMBL1940849
Cc1ccc2cc(/C=C/C(=O)c3ccsc3)c(Cl)nc2c1,1,IC50,6.68,1,CHEMBL1940850
Cc1ccc2cc(/C=C/C(=O)c3sccc3C)c(Cl)nc2c1,1,IC50,6.8,1,CHEMBL1940851
Cc1csc(C(=O)/C=C/c2cc3ccc(C)cc3nc2Cl)c1,1,IC50,6.86,1,CHEMBL1940852
Cc1ccc2cc(/C=C/C(=O)c3ccc(C)s3)c(Cl)nc2c1,1,IC50,6.89,1,CHEMBL1940853
Cc1ccc2cc(/C=C/C(=O)c3cc(C)sc3C)c(Cl)nc2c1,1,IC50,6.25,1,CHEMBL1940854
Cc1ccc2cc(/C=C/C(=O)c3sccc3Cl)c(Cl)nc2c1,1,IC50,7.08,1,CHEMBL1940855
Cc1ccc2cc(/C=C/C(=O)c3ccc(Cl)s3)c(Cl)nc2c1,1,IC50,7.04,1,CHEMBL1940856
Cc1ccc2cc(/C=C/C(=O)c3cc(Cl)sc3Cl)c(Cl)nc2c1,1,IC50,7.13,1,CHEMBL1940857
Cc1ccc2cc(/C=C/C(=O)c3sccc3Br)c(Cl)nc2c1,1,IC50,6.95,1,CHEMBL1940858
Cc1ccc2cc(/C=C/C(=O)c3ccc(Br)s3)c(Cl)nc2c1,1,IC50,6.98,1,CHEMBL1940859
Cc1ccc2cc(/C=C/C(=O)c3ccc(I)s3)c(Cl)nc2c1,1,IC50,6.83,1,CHEMBL1940860
Cc1cccc2cc(/C=C/C(=O)c3ccsc3)c(Cl)nc12,1,IC50,6.41,1,CHEMBL1940861
Cc1ccsc1C(=O)/C=C/c1cc2cccc(C)c2nc1Cl,1,IC50,6.57,1,CHEMBL1940862
Cc1csc(C(=O)/C=C/c2cc3cccc(C)c3nc2Cl)c1,1,IC50,6.63,1,CHEMBL1940863
Cc1ccc(C(=O)/C=C/c2cc3cccc(C)c3nc2Cl)s1,1,IC50,6.58,1,CHEMBL1940864
Cc1cccc2cc(/C=C/C(=O)c3sccc3Cl)c(Cl)nc12,1,IC50,6.89,1,CHEMBL1940866
Cc1cccc2cc(/C=C/C(=O)c3ccc(Cl)s3)c(Cl)nc12,1,IC50,6.72,1,CHEMBL1940867
Cc1cccc2cc(/C=C/C(=O)c3cc(Cl)sc3Cl)c(Cl)nc12,1,IC50,6.45,1,CHEMBL1940868
Cc1cccc2cc(/C=C/C(=O)c3sccc3Br)c(Cl)nc12,1,IC50,6.5,1,CHEMBL1940869
Cc1cccc2cc(/C=C/C(=O)c3ccc(Br)s3)c(Cl)nc12,1,IC50,6.43,1,CHEMBL1940870
Cc1cccc2cc(/C=C/C(=O)c3ccc(I)s3)c(Cl)nc12,1,IC50,6.32,1,CHEMBL1940871
Cc1ncc(CCCN(C)C)cc1Nc1ncc2c(n1)-c1ccc(Cl)cc1NC(=S)C2,1,IC50,6.89,1,CHEMBL1945804
CN(C)CCCc1cncc(Nc2ncc3c(n2)-c2ccc(Cl)cc2NC(=S)C3)c1,1,IC50,7.96,1,CHEMBL1945803
CN(C)CCCc1cc(Nc2ncc3c(n2)-c2ccc(Cl)cc2NC(=S)C3)ccc1C(F)(F)F,1,IC50,7.29,1,CHEMBL1945801
COc1ccc(Nc2ncc3c(n2)-c2ccc(Cl)cc2NC(=S)C3)cc1CCCN(C)C,1,IC50,9.0,1,CHEMBL1945502
CN(C)CCCc1cc(Nc2ncc3c(n2)-c2ccc(Cl)cc2NC(=S)C3)ccc1F,1,IC50,7.68,1,CHEMBL1945501
CN(C)CCCc1ccc(C(F)(F)F)c(Nc2ncc3c(n2)-c2ccc(Cl)cc2NC(=S)C3)c1,1,IC50,6.51,1,CHEMBL1945498
CN(C)CCCc1ccc(OC(F)(F)F)c(Nc2ncc3c(n2)-c2ccc(Cl)cc2NC(=S)C3)c1,1,IC50,6.72,1,CHEMBL1945497
COc1ccc(CCCN(C)C)cc1Nc1ncc2c(n1)-c1ccc(Cl)cc1NC(=S)C2,1,IC50,7.27,1,CHEMBL1945173
CN(C)CCCc1ccc(Cl)c(Nc2ncc3c(n2)-c2ccc(Cl)cc2NC(=S)C3)c1,1,IC50,7.25,1,CHEMBL1945172
Cc1ccc(CCCN(C)C)cc1Nc1ncc2c(n1)-c1ccc(Cl)cc1NC(=S)C2,1,IC50,8.0,1,CHEMBL1945171
CN(C)CCCc1cccc(Nc2ncc3c(n2)-c2ccc(Cl)cc2NC(=S)C3)c1,1,IC50,8.0,1,CHEMBL1945170
Cn1c(Nc2ccc(C(F)(F)F)cc2)nc2ccc(Oc3ccnc(-c4cnc(C(F)(F)F)[nH]4)c3)cc21,1,IC50,7.52,1,CHEMBL1946171
COc1ccc(C(C)=O)cc1COc1ccc(Cl)c(C)c1,0,IC50 (>),4.3,1,CHEMBL1340723
COc1ccc(C(N)=O)cc1COc1ccc(Cl)c(C)c1,0,IC50 (>),4.3,1,CHEMBL1952357
COc1ccc(C(N)=O)cc1COc1ccc(Cl)cc1,0,IC50 (>),4.3,1,CHEMBL1952358
COc1ccc(C(=O)NC[C@@H](O)CO)cc1/C=C/c1ccc(Cl)cc1,0,IC50 (>),4.3,1,CHEMBL1949788
COc1ccc(C(=O)NC[C@H](O)CO)cc1/C=C/c1ccc(Cl)cc1,0,IC50 (>),4.3,1,CHEMBL1949789
COc1ccc(N2Cc3cnc(Nc4ccccc4)nc3N([C@@H]3CC[C@@H](O)C3)C2=O)cc1,1,IC50,7.92,2,CHEMBL1952210
COc1ccc(N2Cc3cnc(Nc4ccccc4)nc3N([C@H]3CC[C@H](O)C3)C2=O)cc1,1,IC50,7.82,1,CHEMBL1952211
COc1ccc(C(N)=O)cc1/C=C/c1ccc(Cl)cc1,0,IC50 (>),4.3,1,CHEMBL1952362
COc1ccc(-c2ocnc2C(=O)NCc2ccncc2)cc1,0,IC50 (>),5.0,1,CHEMBL1957085
Nc1nc(Nc2cccc(Br)c2)c2cc(Cc3ccc(Cl)c(Cl)c3)[nH]c2n1,0,IC50 (>),4.3,1,CHEMBL1956886
Nc1nc(Nc2cccc(Br)c2)c2ccn(Cc3ccc(Cl)cc3Cl)c2n1,0,IC50 (>),3.7,1,CHEMBL1956893
COc1ccc(OC)c(Cn2ccc3c(Nc4cccc(Br)c4)nc(N)nc32)c1,0,IC50 (>),3.7,1,CHEMBL1956892
Nc1nc(Nc2cccc(Br)c2)c2ccn(Cc3ccc(Cl)cc3)c2n1,0,IC50,4.18,1,CHEMBL1956891
Nc1nc(Nc2cccc(Br)c2)c2ccn(Cc3ccc(Cl)c(Cl)c3)c2n1,0,IC50,4.19,1,CHEMBL1956894
COc1cc(Cn2ccc3c(Nc4cccc(Br)c4)nc(N)nc32)cc(OC)c1OC,0,IC50,4.59,1,CHEMBL1956898
Nc1nc(Nc2cccc(Br)c2)c2ccn(Cc3ccccc3)c2n1,0,IC50,4.62,1,CHEMBL1956888
Nc1nc(Nc2cccc(Br)c2)c2ccn(Cc3ccc(-c4ccccc4)cc3)c2n1,0,IC50,4.64,1,CHEMBL1956897
Nc1nc(Nc2cccc(Br)c2)c2ccn(Cc3ccc4ccccc4c3)c2n1,0,IC50,4.64,1,CHEMBL1956896
Nc1nc(Nc2cccc(Br)c2)c2ccn(Cc3ccccc3Cl)c2n1,0,IC50,4.75,1,CHEMBL1956890
Nc1nc(Nc2cccc(Br)c2)c2ccn(Cc3cccc4ccccc34)c2n1,0,IC50,4.83,1,CHEMBL1956895
CC(C)n1c2c(c3c1-c1ccccc1C3=O)C(=O)CCC2,0,IC50 (>),4.46,1,CHEMBL1957190
O=c1oc2c(O)c(O)cc3c(=O)oc4c(O)c(O)cc1c4c23,1,IC50,6.1,1,CHEMBL6246
O=C1Nc2ccccc2Nc2ccccc21,0,Ki (>),4.2,1,CHEMBL1727312
Nc1n[nH]c2c(-c3ccccc3)cccc12,0,Ki,4.3,1,CHEMBL1991008
COc1cccc(Nc2ncnc3ccccc23)c1,0,Ki,4.9,1,CHEMBL117697
O=c1[nH][nH]c2ccc(Br)cc12,0,Ki,4.2,1,CHEMBL2001613
COC(=O)c1c(N)nc2ccccn12,0,Ki,4.6,1,CHEMBL1981492
Cc1nn(C)c2sc(C(N)=O)c(N)c12,0,Ki,4.3,1,CHEMBL1996837
Nc1n[nH]c2c(Cl)cccc12,0,Ki (>),4.1,1,CHEMBL1980161
Nc1nc(=O)[nH]c2sccc12,0,Ki,4.2,1,CHEMBL2007097
O=C(Nc1ccccc1)Nc1ccccn1,0,Ki (>),4.0,1,CHEMBL143703
Nc1ncc2cccc(-c3ccccc3)n12,0,Ki,4.5,1,CHEMBL1997119
c1ccc(C2CCc3[nH]ncc3C2)cc1,0,Ki,4.4,1,CHEMBL2000879
Cc1cccc(NC(=O)Nc2ccc(-c3csc4c(-c5cn[nH]c5)cnc(N)c34)cc2)c1,1,IC50,8.7,4,CHEMBL1969102
N#Cc1cnn2c(-c3ccccc3)ccnc12,0,Ki (>),4.0,1,CHEMBL1393571
Cc1cc(C)c(C=C2C(=O)Nc3ccccc32)[nH]1,0,IC50,4.89,2,CHEMBL2002702
NC(=O)c1cnn2c(-c3ccccc3)ccnc12,0,Ki (>),4.0,1,CHEMBL1972583
Fc1cccc(CNc2ncnc3[nH]cnc23)c1,0,Ki,4.6,1,CHEMBL2003785
O=C1CN2C(=NN1)COc1ccccc12,0,Ki (>),4.0,1,CHEMBL1968515
C=Cc1ccc(-c2cccc3nnc(N)n23)cc1,0,Ki (>),4.6,1,CHEMBL1983573
CC(=O)c1c(-c2ccccc2)nn(C)c(=O)c1N,0,Ki,4.7,1,CHEMBL1984402
c1cc2c(s1)CCc1cn[nH]c1-2,0,Ki,4.3,1,CHEMBL2001539
Nc1ncnc2c1C(=O)NCCN2,0,Ki,4.9,1,CHEMBL1992607
C(=Cc1ccc2nccn2n1)c1ccccc1,0,Ki (>),4.0,1,CHEMBL1988622
O=C1Cc2cc(-c3ccccc3)cnc2N1,0,Ki,4.5,1,CHEMBL1983630
Cc1cc(-c2ccc3c(c2)CNC3=O)ccc1F,0,Ki (>),4.0,1,CHEMBL1976290
NC(=O)c1csc2c1NCCC2=O,0,Ki (>),4.0,1,CHEMBL1973399
Fc1ccc(-c2ccc3nccn3n2)cn1,0,Ki,4.1,1,CHEMBL1967211
Nc1n[nH]c2ncc(Br)cc12,0,Ki,4.7,1,CHEMBL2002105
O=C(O)c1csc2c1NCCNC2=O,0,Ki (>),4.0,1,CHEMBL1974875
Nc1n[nH]c2cccc(-c3ccc(F)cc3)c12,0,Ki,4.9,1,CHEMBL1971519
Cc1nnc(-c2ccccc2)c(C#N)n1,0,Ki,4.4,1,CHEMBL1994808
Nc1nnc2cncc(Cl)n12,0,Ki,4.5,1,CHEMBL1968130
Cc1nn(C)c2sc(C(N)=O)cc12,0,Ki (>),4.1,1,CHEMBL1986588
CC(=O)c1cccc(-c2ccc3nccn3n2)c1,0,Ki,4.2,1,CHEMBL1994159
Cc1ccc2c(c1)C(=O)Nc1ccccc1N2,0,Ki (>),4.3,1,CHEMBL1970873
Cc1cccc(-c2cccc3onc(N)c23)c1,0,Ki,4.0,1,CHEMBL1980376
O=c1[nH]cnc2ccc(Br)cc12,0,Ki (>),4.1,1,CHEMBL562488
O=C(Nc1ccccc1)Nc1ccccc1,0,Ki (>),4.0,1,CHEMBL354676
NC(=O)c1cc(-c2cccs2)n2nccc2n1,0,Ki,4.2,1,CHEMBL1987815
O=c1[nH]c2ccc(Cl)cc2c2ncnn12,0,Ki,4.7,1,CHEMBL1992673
Cn1cc(-c2cnc(N)c3c(-c4ccc(NC(=O)Nc5cccc(F)c5)cc4)csc23)cn1,1,IC50,8.52,2,CHEMBL1970317
Nc1ccc(-c2cccn3c(=O)[nH]nc23)cc1,0,Ki,4.4,1,CHEMBL1975503
Cc1cccc(NC(=O)Nc2ccc(-c3csc4c(C#CCN(C)C)cnc(N)c34)cc2)c1,1,IC50,8.15,3,CHEMBL1979883
CC1=CN2CC(=O)NN=C2C=C1,0,Ki (>),4.0,1,CHEMBL1964718
Cc1cc(C(N)=O)n2nc(C(C)(C)C)cc2n1,0,Ki (>),4.0,1,CHEMBL1986684
O=C1NCc2ccc(-c3ccc(Cl)cc3)cc21,0,Ki,4.1,1,CHEMBL2002202
c1ccc(-c2cccc3nccn23)cc1,0,Ki,4.6,1,CHEMBL1992723
Nc1n[nH]c2nc(Cl)sc12,0,Ki (>),4.0,1,CHEMBL1991867
CC(C)(O)c1cn(-c2ccc3[nH]ncc3c2)nn1,0,Ki,4.4,1,CHEMBL2001641
CC(=O)c1ccccc1-c1ncnc2[nH]ccc12,0,Ki,4.8,1,CHEMBL1977931
Cc1nn(C)c2sc3c(=O)[nH]cnc3c12,0,Ki (>),4.1,1,CHEMBL1967538
Nc1nnc2ccc(-c3ccccc3)cn12,0,Ki,4.8,1,CHEMBL1987143
Nc1ncnc2sccc12,0,Ki,4.3,1,CHEMBL1972934
Cc1ccc(NC(=O)Nc2ccc(-c3csc4c(-c5cnn(C)c5)cnc(N)c34)cc2)cc1,1,IC50,8.22,2,CHEMBL1982466
O=C1NCc2ccc(-c3ccccc3)cc21,0,Ki (>),4.0,1,CHEMBL1973795
Nc1cc(=O)[nH]n1-c1ccccn1,0,Ki,4.4,1,CHEMBL1995765
CNC(=O)c1cc(-c2ccccc2)[nH]n1,0,Ki (>),4.0,1,CHEMBL1995916
NC(=O)c1cccc2cn[nH]c12,0,Ki,4.3,1,CHEMBL451401
COc1ccc(-c2ccc(N)cc2)c2cnoc12,0,Ki (>),4.1,1,CHEMBL2002450
CCCNC(=O)c1ccc(Nc2nc(NCC(F)(F)F)c3cc[nH]c3n2)cc1,1,IC50,6.05,2,CHEMBL2006765
Nc1ncc(-c2cnn(CCO)c2)c2scc(-c3ccc(NC(=O)Nc4cccc(F)c4)cc3)c12,1,IC50,8.8,7,CHEMBL1980297
c1ccc(C2CCc3[nH]ncc32)cc1,0,Ki,4.3,1,CHEMBL1965683
COc1cc2c(cc1F)C(c1ccccc1Cl)=Nc1c(n[nH]c1C)N2,1,IC50,8.0,3,CHEMBL1980391
CCCn1cc(-c2cnc(N)c3c(-c4ccc(NC(=O)Nc5cccc(F)c5)cc4)csc23)cn1,1,IC50,7.82,2,CHEMBL1993941
O=c1[nH][nH]c2cccc(-c3ccccc3)c12,0,Ki (>),4.9,1,CHEMBL1989834
c1ccc(Nc2ncnc3ccccc23)cc1,0,Ki (>),4.2,1,CHEMBL289959
O=C1NCc2c1cccc2-c1cccs1,0,Ki (>),4.3,1,CHEMBL1991782
Cc1cccc(-c2ccc3c(c2)C(=O)NC3)c1,0,Ki (>),4.0,1,CHEMBL1968394
c1ccc2c(c1)Cc1c[nH]nc1-2,0,Ki (>),4.3,1,CHEMBL1989423
N#Cc1cnc2c(Br)cnn2c1N,0,Ki,4.0,1,CHEMBL1991095
O=C(O)c1cc(-c2cccs2)n2nccc2n1,0,Ki (>),4.1,1,CHEMBL1977619
CC(=O)Nc1cc2ccccn2n1,0,Ki (>),4.2,1,CHEMBL1976872
Nc1nccc2cnc(-c3ccccc3)n12,0,Ki,4.3,1,CHEMBL1969156
CC(C)c1cc(=O)[nH]c2[nH][nH]c(=O)c12,0,Ki (>),4.0,1,CHEMBL1999120
O=c1[nH]c2cc(Br)cnc2[nH]1,0,Ki,4.7,1,CHEMBL1975921
Cc1cccc(NC(=O)Nc2ccc(-c3csc4c(-c5cnn(C)c5)cnc(N)c34)cc2)c1,1,IC50,8.52,3,CHEMBL1967116
CC(=O)n1ncc2cc(N)ccc21,0,Ki (>),4.0,1,CHEMBL1972454
O=c1[nH]cnc2c(Cl)cccc12,0,Ki (>),4.1,1,CHEMBL1949855
O=c1[nH]nc2cc(CO)c3ccc(-c4ccc[nH]4)cc3n12,1,IC50,6.5,1,CHEMBL2012881
CC(C)Cn1c2ccc(Nc3nccc(C(F)(F)F)n3)cc2c2c3c(c4c(c21)CCc1nn(C)cc1-4)C(=O)NC3,1,IC50,6.57,1,CHEMBL2010876
CC(C)n1c2ccc(Nc3ccncc3)cc2c2c3c(c4c(c21)CCc1nn(C)cc1-4)C(=O)NC3,1,IC50,6.59,1,CHEMBL2010878
CC(C)Cn1c2ccc(Nc3ncccn3)cc2c2c3c(c4c(c21)CCc1c-4cnn1C)C(=O)NC3,1,IC50,7.2,1,CHEMBL2011061
COc1ccnc(Nc2ccc3c(c2)c2c4c(c5c(c2n3CC(C)C)CCc2nn(C)cc2-5)C(=O)NC4)n1,1,IC50,7.5,1,CHEMBL2010875
CCc1cnc(Nc2ccc3c(c2)c2c4c(c5c(c2n3CC(C)C)CCc2nn(C)cc2-5)C(=O)NC4)nc1,1,IC50,7.85,1,CHEMBL2010873
CC(C)n1c2ccc(Nc3cccnn3)cc2c2c3c(c4c(c21)CCc1nn(C)cc1-4)C(=O)NC3,1,IC50,8.0,1,CHEMBL2010877
CCCn1c2ccc(Nc3ncc(CC)cn3)cc2c2c3c(c4c(c21)CCc1nn(C)cc1-4)C(=O)NC3,1,IC50,8.05,1,CHEMBL2010869
CCCn1c2ccc(Nc3ncccn3)cc2c2c3c(c4c(c21)CCc1nn(C)cc1-4)C(=O)NC3,1,IC50,8.22,1,CHEMBL2010871
CC(C)Cn1c2ccc(Nc3ncccn3)cc2c2c3c(c4c(c21)CCc1nn(C)cc1-4)C(=O)NC3,1,IC50,8.4,1,CHEMBL2010872
CC(C)n1c2ccc(Nc3ncccn3)cc2c2c3c(c4c(c21)CCc1nn(C)cc1-4)C(=O)NC3,1,IC50,8.52,1,CHEMBL2010870
Fc1ccc(-c2cn(-c3ccc(C(F)(F)F)cc3)nc2-c2ccncc2)cc1,0,IC50,4.57,2,CHEMBL2011305
Fc1ccc(-c2cn(-c3c(Cl)cc(Cl)cc3Cl)nc2-c2ccncc2)cc1,1,IC50,6.68,1,CHEMBL2011304
Nc1cc(-c2ccncc2)nn1-c1c(Cl)cc(Cl)cc1Cl,0,IC50,4.06,2,CHEMBL2011303
Nc1c(C(=O)O)c(-c2ccncc2)nn1-c1c(Cl)cc(Cl)cc1Cl,0,IC50,4.37,2,CHEMBL2011302
NC(=O)c1c(-c2ccncc2)nn(-c2ccccc2)c1N,0,IC50,4.32,2,CHEMBL2011301
CCOC(=O)c1c(-c2ccncc2)nn(-c2c(Cl)cc(Cl)cc2Cl)c1N,0,IC50 (>),4.0,2,CHEMBL2011300
NC(=O)c1c(-c2ccncc2)nn(-c2c(Cl)cc(Cl)cc2Cl)c1N,0,IC50,4.51,2,CHEMBL2011299
Nc1c(-c2ccc(F)cc2)c(-c2ccncc2)nn1-c1c(Cl)cc(Cl)cc1Cl,1,IC50,7.54,3,CHEMBL2011291
COc1cc2ncnc(Nc3ccc(Br)cc3)c2cc1OC,1,IC50,6.1,1,CHEMBL328106
CCOC(=O)Nc1ccc(Nc2ncnc3cc(OC)c(OC)cc23)cc1Cl,1,IC50,6.3,2,CHEMBL2018752;CHEMBL3221560
COC(=O)Nc1ccc(Nc2ncnc3cc(OC)c(OC)cc23)cc1C,1,IC50,6.07,2,CHEMBL2018755;CHEMBL3221552
CCOC(=O)Nc1ccc(Nc2ncnc3cc(OC)c(OC)cc23)cc1C,1,IC50,6.3,3,CHEMBL2018756;CHEMBL3221554
CCCOC(=O)Nc1ccc(Nc2ncnc3cc(OC)c(OC)cc23)cc1C,1,IC50,6.07,2,CHEMBL2018757;CHEMBL3221556
CCN(CC)CCOc1cc2ncnc(Nc3ccc(Br)cc3F)c2cc1OC,1,IC50,6.0,1,CHEMBL2018766
COc1cccc(NC(=O)Nc2ccc(Oc3ncnc4cc(OC)c(OC)cc34)cc2)c1,1,IC50,7.4,1,CHEMBL2018881
COc1cc2ncnc(Oc3ccc(NC(=O)Nc4cccc(Br)c4)cc3)c2cc1OC,1,IC50,8.22,2,CHEMBL2018882
COc1cc2ncnc(Oc3ccc(NC(=O)Nc4ccc(Br)cc4)c(C)c3)c2cc1OC,1,IC50,7.4,1,CHEMBL2018883
COc1cc2ncnc(Oc3ccc(NC(=O)Nc4cccc(Br)c4)c(C)c3)c2cc1OC,1,IC50,8.4,2,CHEMBL2018884
COc1cc2ncnc(Oc3ccc(NC(=O)Nc4ccc(F)c(Cl)c4)c(C)c3)c2cc1OC,1,IC50,8.22,1,CHEMBL2018885
COc1cc2ncnc(Oc3ccc(NC(=O)Nc4ccc5ccccc5c4)c(C)c3)c2cc1OC,1,IC50,8.7,1,CHEMBL2018886
CN1CCc2nc(-c3cc4ccccc4[nH]c3=O)[nH]c2C1,1,IC50,6.0,2,CHEMBL2016894
O=C(OCc1ccccc1)N1CCc2nc(-c3cc4ccccc4[nH]c3=O)[nH]c2C1,1,IC50,6.22,1,CHEMBL2016896
O=C(c1cccnc1)N1CCc2nc(-c3cc4ccccc4[nH]c3=O)[nH]c2C1,1,IC50,6.7,1,CHEMBL2016898
O=C(c1cccnc1)N1CCc2nc(-c3cc4c(F)cccc4[nH]c3=O)[nH]c2C1,1,IC50,6.22,1,CHEMBL2016899
O=C(c1cccnc1)N1CCc2nc(-c3cc4cc(F)ccc4[nH]c3=O)[nH]c2C1,1,IC50,9.0,1,CHEMBL2016900
O=C(c1ccncc1)N1CCc2nc(-c3cc4ccccc4[nH]c3=O)[nH]c2C1,1,IC50,6.7,1,CHEMBL2016901
O=C(c1ccncc1)N1CCc2nc(-c3cc4c(F)cccc4[nH]c3=O)[nH]c2C1,1,IC50,6.1,1,CHEMBL2016902
O=C(c1ccncc1)N1CCc2nc(-c3cc4cc(F)ccc4[nH]c3=O)[nH]c2C1,1,IC50,9.52,1,CHEMBL2016903
O=C(c1ccc(CN2CCCCC2)cc1)N1CCc2nc(-c3cc4ccccc4[nH]c3=O)[nH]c2C1,1,IC50,8.89,1,CHEMBL2016904
O=C(c1ccc(CN2CCCCC2)cc1)N1CCc2nc(-c3cc4cc(F)ccc4[nH]c3=O)[nH]c2C1,1,IC50,8.31,1,CHEMBL2016905
CCN(CC)CC(=O)N1CCc2nc(-c3cc4ccccc4[nH]c3=O)[nH]c2C1,1,IC50,6.52,1,CHEMBL2016906
O=C(CN1CCOCC1)N1CCc2nc(-c3cc4ccccc4[nH]c3=O)[nH]c2C1,1,IC50,6.52,1,CHEMBL2016907
O=C(CN1CCOCC1)N1CCc2nc(-c3cc4cc(F)ccc4[nH]c3=O)[nH]c2C1,1,IC50,8.37,1,CHEMBL2016909
O=C(CN1CCOCC1)N1CCc2nc(-c3cc4cc(Cl)ccc4[nH]c3=O)[nH]c2C1,1,IC50,7.46,1,CHEMBL2016910
COc1ccc2[nH]c(=O)c(-c3nc4c([nH]3)CN(C(=O)CN3CCOCC3)CC4)cc2c1,1,IC50,6.12,1,CHEMBL2016911
CN1CCN(CC(=O)N2CCc3nc(-c4cc5ccccc5[nH]c4=O)[nH]c3C2)CC1,1,IC50,6.52,1,CHEMBL2016912
CN1CCN(CC(=O)N2CCc3nc(-c4cc5cc(F)ccc5[nH]c4=O)[nH]c3C2)CC1,1,IC50,7.89,1,CHEMBL2016914
CN1CCN(CC(=O)N2CCc3nc(-c4cc5cc(Cl)ccc5[nH]c4=O)[nH]c3C2)CC1,1,IC50,7.72,1,CHEMBL2016915
O=C(CN1CCCCC1)N1CCc2nc(-c3cc4ccccc4[nH]c3=O)[nH]c2C1,1,IC50,7.8,1,CHEMBL2016917
O=C(CN1CCCCC1)N1CCc2nc(-c3cc4c(F)cccc4[nH]c3=O)[nH]c2C1,1,IC50,6.13,1,CHEMBL2016918
O=C(CN1CCCCC1)N1CCc2nc(-c3cc4cc(F)ccc4[nH]c3=O)[nH]c2C1,1,IC50,8.1,1,CHEMBL2016919
O=C(CN1CCCCC1)N1CCc2nc(-c3cc4cc(Cl)ccc4[nH]c3=O)[nH]c2C1,1,IC50,7.66,1,CHEMBL2016920
COc1ccc2[nH]c(=O)c(-c3nc4c([nH]3)CN(C(=O)CN3CCCCC3)CC4)cc2c1,1,IC50,6.55,1,CHEMBL2016921
O=C(CN1CCCC1)N1CCc2nc(-c3cc4ccccc4[nH]c3=O)[nH]c2C1,1,IC50,6.4,1,CHEMBL2016922
O=C(Cc1ccccn1)N1CCc2nc(-c3cc4ccccc4[nH]c3=O)[nH]c2C1,1,IC50,8.89,1,CHEMBL2016923
O=C(Cc1ccccn1)N1CCc2nc(-c3cc4cc(F)ccc4[nH]c3=O)[nH]c2C1,1,IC50,9.15,1,CHEMBL2016924
O=C(Cc1ccncc1)N1CCc2nc(-c3cc4ccccc4[nH]c3=O)[nH]c2C1,1,IC50,8.17,1,CHEMBL2016925
O=C(Cc1ccncc1)N1CCc2nc(-c3cc4cc(F)ccc4[nH]c3=O)[nH]c2C1,1,IC50,8.07,1,CHEMBL2016926
O=C(Cc1ccncc1)N1CCc2nc(-c3cc4cc(Cl)ccc4[nH]c3=O)[nH]c2C1,1,IC50,9.3,1,CHEMBL2016927
Cc1cccc(NC(=O)N2CCc3nc(-c4cc5ccccc5[nH]c4=O)[nH]c3C2)c1,1,IC50,8.68,1,CHEMBL2016928
COc1ccc(NC(=O)N2CCc3nc(-c4cc5ccccc5[nH]c4=O)[nH]c3C2)cc1,1,IC50,7.34,1,CHEMBL2016929
CNC(=O)/C=C/c1cnc(N)c2c(-c3ccc(NC(=O)Nc4cccc(C)c4)cc3)csc12,1,IC50,8.22,2,CHEMBL2023220
CNC(=O)c1cnc(N)c2c(-c3ccc(NC(=O)Nc4cccc(C)c4)cc3)csc12,1,IC50,9.0,2,CHEMBL2023221
Cc1cccc(NC(=O)Nc2ccc(-c3csc4c(-c5ccoc5)cnc(N)c34)cc2)c1,1,IC50,8.1,2,CHEMBL2023222
Cc1cccc(NC(=O)Nc2ccc(-c3csc4c(-c5ccsc5)cnc(N)c34)cc2)c1,1,IC50,8.05,2,CHEMBL2023223
Cc1cccc(NC(=O)Nc2ccc(-c3csc4c(-c5cc[nH]c5)cnc(N)c34)cc2)c1,1,IC50,9.0,2,CHEMBL2021941
Cc1cccc(NC(=O)Nc2ccc(-c3csc4c(-c5cc[nH]n5)cnc(N)c34)cc2)c1,1,IC50,8.52,2,CHEMBL2023224
Cc1ccccc1NC(=O)Nc1ccc(-c2csc3c(-c4cnn(C)c4)cnc(N)c23)cc1,1,IC50,8.7,1,CHEMBL2023225
Cn1cc(-c2cnc(N)c3c(-c4ccc(NC(=O)Nc5ccccc5)cc4)csc23)cn1,1,IC50,8.52,1,CHEMBL2023226
Cn1cc(-c2cnc(N)c3c(-c4ccc(NC(=O)Nc5ccccc5F)cc4)csc23)cn1,1,IC50,8.52,1,CHEMBL2023227
Cn1cc(-c2cnc(N)c3c(-c4ccc(NC(=O)Nc5cccc(Cl)c5)cc4)csc23)cn1,1,IC50,8.15,1,CHEMBL2023228
Cn1cc(-c2cnc(N)c3c(-c4ccc(NC(=O)Nc5ccc(Cl)cc5)cc4)csc23)cn1,1,IC50,8.1,1,CHEMBL2023229
COc1ccccc1NC(=O)Nc1ccc(-c2csc3c(-c4cnn(C)c4)cnc(N)c23)cc1,1,IC50,8.22,1,CHEMBL2023230
COc1ccc(NC(=O)Nc2ccc(-c3csc4c(-c5cnn(C)c5)cnc(N)c34)cc2)cc1,1,IC50,8.22,1,CHEMBL2023231
Cn1cc(-c2cnc(N)c3c(-c4ccc(NC(=O)Nc5ccc(OC(F)(F)F)cc5)cc4)csc23)cn1,1,IC50,8.52,1,CHEMBL2023232
Cn1cc(-c2cnc(N)c3c(-c4ccc(NC(=O)Nc5cccc(C(N)=O)c5)cc4)csc23)cn1,1,IC50,8.7,1,CHEMBL2022850
CC(C)Cn1cc(-c2cnc(N)c3c(-c4ccc(NC(=O)Nc5cccc(F)c5)cc4)csc23)cn1,1,IC50,7.6,1,CHEMBL2022851
CC(C)CCn1cc(-c2cnc(N)c3c(-c4ccc(NC(=O)Nc5cccc(F)c5)cc4)csc23)cn1,1,IC50,7.6,1,CHEMBL2022852
CS(=O)(=O)CCn1cc(-c2cnc(N)c3c(-c4ccc(NC(=O)Nc5cccc(F)c5)cc4)csc23)cn1,1,IC50,9.0,1,CHEMBL2022853
Nc1ncc(-c2cnn(CCN3CCCCC3)c2)c2scc(-c3ccc(NC(=O)Nc4cccc(F)c4)cc3)c12,1,IC50,8.4,1,CHEMBL2022854
CN1CCC(n2cc(-c3cnc(N)c4c(-c5ccc(NC(=O)Nc6cccc(F)c6)cc5)csc34)cn2)C1=O,1,IC50,8.22,1,CHEMBL2022855
C[C@@H](O)Cn1cc(-c2cnc(N)c3c(-c4ccc(NC(=O)Nc5cccc(F)c5)cc4)csc23)cn1,1,IC50,8.52,1,CHEMBL2022856
Nc1ncc(-c2cnn(CCCN3CC[C@@H](O)C3)c2)c2scc(-c3ccc(NC(=O)Nc4cccc(F)c4)cc3)c12,1,IC50,8.7,1,CHEMBL2022857
CCc1cc(NC(=O)Cc2ccc(Oc3ccnc4cc(OC)c(OC)cc34)cc2OC)n[nH]1,1,IC50,8.52,1,CHEMBL2023485
CCc1cc(NC(=O)Cc2ccc(Oc3ccnc4cc(OC)ccc34)cc2OC)n[nH]1,1,IC50,8.4,1,CHEMBL2023486
COc1cc2ncnc(Oc3ccc(CC(=O)Nc4cnn(C(C)C)c4)cc3)c2cc1OC,1,IC50,8.1,1,CHEMBL1940274
COc1ccc2c(Oc3ccc(CC(=O)Nc4ncc(C)s4)c(OC)c3)ccnc2c1,1,IC50,7.7,1,CHEMBL2023476
CCc1cc(NC(=O)Cc2ccc(Oc3ccnc4cc(OC)ccc34)cc2OC)no1,1,IC50,7.7,1,CHEMBL2023482
COc1ccc2c(Oc3ccc(CC(=O)Nc4cc(C)cc(CN(C)C)c4)c(OC)c3)ccnc2c1,1,IC50,7.64,1,CHEMBL2023494
CCn1cc(NC(=O)Cc2ccc(Oc3ccnc4cc(OC)ccc34)cc2OC)cn1,1,IC50,7.17,1,CHEMBL2023118
CCn1cc(NC(=O)Cc2ccc(Oc3ccnc4cc(OC)c(OC)cc34)cc2OC)cn1,1,IC50,7.09,1,CHEMBL2023117
COc1cc2nccc(Oc3ccc(CC(=O)Nc4cn(C)nc4C)cc3)c2cc1OC,1,IC50,6.74,1,CHEMBL2023490
CCn1cc(NC(=O)Cc2ccc(Oc3ccnc4cc(OC)c(OC)cc34)cn2)cn1,1,IC50,6.61,1,CHEMBL2023800
COc1cc2ncnc(Nc3ccc(CC(=O)Nc4cnn(C(C)C)c4)cc3)c2cc1OC,1,IC50,6.31,1,CHEMBL1940275
COc1ccc2c(Oc3ccc(CC(=O)Nc4n[nH]c(C)c4C)c(OC)c3)ccnc2c1,1,IC50,6.29,1,CHEMBL2023483
COc1ccc2c(Oc3ccc(CC(=O)Nc4cn(C)nc4C)c(OC)c3)ccnc2c1,0,IC50,4.96,1,CHEMBL2023489
COc1ccc2nccc(Oc3ccc(CC(=O)Nc4noc(C)c4C)c(OC)c3)c2c1,0,IC50 (>),5.0,1,CHEMBL2023479
COc1cc(Oc2ccnc3cc(F)ccc23)ccc1CC(=O)Nc1noc(C)c1C,0,IC50 (>),5.0,1,CHEMBL2023480
COc1cc(Oc2ccnc3ccc(F)cc23)ccc1CC(=O)Nc1noc(C)c1C,0,IC50 (>),5.0,1,CHEMBL2023481
COc1cc(Oc2ncnc3cc(OC)c(OC)cc23)ccc1CC(=O)Nc1cn(C)nc1C,0,IC50 (>),5.0,1,CHEMBL2023487
COc1ccc2c(Oc3ccc(CC(=O)Nc4cnn(C)c4C)c(OC)c3)ccnc2c1,0,IC50 (>),5.0,1,CHEMBL2023491
COc1ccc2c(Oc3cnc(CC(=O)Nc4cn(C)nc4C)c(OC)c3)ccnc2c1,0,IC50 (>),5.0,1,CHEMBL2023496
Cc1cn2c(-c3cn[nH]c3)cnc2c(Nc2cc(CN3CCCCC3)ns2)n1,1,IC50,8.4,1,CHEMBL1739550
Cc1cn2c(-c3cnn(CC(=O)NCc4cccs4)c3)cnc2c(Nc2cc(CN3CCCC(C)C3)ns2)n1,1,IC50,6.63,1,CHEMBL2022369
Cc1cn2c(-c3cnn(CC(=O)Nc4cccc(F)c4F)c3)cnc2c(Nc2cc(CN3CCCCC3)ns2)n1,1,IC50,6.32,1,CHEMBL2022373
Cc1cn2c(-c3cnn(CC(=O)Nc4ccncc4)c3)cnc2c(Nc2cc(CN3CCCC(C)C3)ns2)n1,1,IC50,6.97,1,CHEMBL2022379
Cc1cn2c(-c3cnn(CC(=O)Nc4ccncc4F)c3)cnc2c(Nc2cc(CN3CCCC(C)C3)ns2)n1,1,IC50,6.6,1,CHEMBL2022711
COc1cc2nccc(Oc3ccc(NC(=O)c4c(C)n(C)n(-c5ccccc5)c4=O)cc3F)c2cc1OC,1,IC50,8.11,5,CHEMBL2031893
COc1cc2ncnc(Oc3cccc(NC(=O)Nc4cc(C(C)(C)C(F)(F)F)on4)c3)c2cc1OC,1,IC50,7.77,4,CHEMBL2029988
COc1ccc2c(Oc3ccc(NC(=O)c4c(C)n(CC(C)(C)O)n(-c5ccccc5)c4=O)nc3)ccnc2c1,1,IC50,6.0,1,CHEMBL460472
Cn1c(=O)c2ccc(-c3nc4ccccc4n3C)nc2n(C)c1=O,0,IC50,4.07,1,CHEMBL2036871
Cn1c(-c2ccnc(Nc3ccccc3)n2)nc2ccccc21,0,IC50,4.87,1,CHEMBL2036725
Cc1ccc(Nc2nccc(-c3nc4ccccc4n3C)n2)cc1,0,IC50,4.6,1,CHEMBL2036726
Cn1c(-c2ccnc(Nc3ccc(Cl)cc3)n2)nc2ccccc21,0,IC50,4.42,1,CHEMBL2036727
Cn1c(-c2ccnc(Nc3ccc(N4CCOCC4)cc3)n2)nc2ccccc21,0,IC50,4.16,1,CHEMBL2036728
CCOc1ccc(Nc2nccc(-c3nc4ccccc4n3C)n2)cc1,0,IC50 (>),4.0,1,CHEMBL2036867
COc1ccc(Nc2nccc(-c3nc4ccccc4n3C)n2)cc1,0,IC50,4.36,1,CHEMBL2036868
Cc1ccc(NC(=O)Nc2nnc(Sc3ncnc4cc(OCCCN5CCOCC5)ccc34)s2)cc1,0,IC50 (>),5.0,1,CHEMBL2046883
Cc1cccc(NC(=O)Nc2ccc(-c3cccc4c3C(=O)NC4)cc2)c1,0,IC50 (>),3.0,1,CHEMBL2046837
Cc1cccc(NC(=O)Nc2ccc(-c3cccc4c(N)n[nH]c34)cc2)c1,0,IC50 (>),3.0,1,CHEMBL2046838
O=C(Nc1ccc(-c2cccc3c(=O)[nH][nH]c23)cc1)Nc1cccc(C(F)(F)F)c1,1,IC50,7.4,1,CHEMBL2046839
O=C(Nc1ccc(-c2cccc3[nH][nH]c(=O)c23)cc1)Nc1cccc(C(F)(F)F)c1,1,IC50,8.0,1,CHEMBL2046840
Nc1nc2c(c(Nc3ccc(F)c(Cl)c3)n1)-c1ccccc1C2,0,IC50,4.14,2,CHEMBL2047252
COc1cccc(Nc2nc(N)nc3c2-c2ccccc2C3)c1,0,IC50,4.37,2,CHEMBL2047251
Nc1nc2c(c(Nc3ccc(C(F)(F)F)cc3)n1)-c1ccccc1C2,0,IC50 (>),3.7,1,CHEMBL2047250
Nc1nc2c(c(Nc3ccc(Br)cc3)n1)-c1ccccc1C2,0,IC50,4.52,1,CHEMBL2047249
Nc1nc2c(c(Nc3cccc(Br)c3)n1)-c1ccccc1C2,0,IC50 (>),3.7,2,CHEMBL2047248
Nc1nc2c(c(Nc3ccc(Cl)cc3)n1)-c1ccccc1C2,0,IC50 (>),3.7,2,CHEMBL2047247
Nc1nc2c(c(Nc3ccc(F)cc3)n1)-c1ccccc1C2,0,IC50,4.05,1,CHEMBL2047241
Nc1nc2c(c(Nc3cccc(F)c3)n1)-c1ccccc1C2,0,IC50,4.25,2,CHEMBL2047246
CC(C)c1ccc(Nc2nc(N)nc3c2-c2ccccc2C3)cc1,0,IC50,4.96,2,CHEMBL2047245
CC(C)c1ccccc1Nc1nc(N)nc2c1-c1ccccc1C2,0,IC50 (>),3.7,2,CHEMBL2047244
CC(C)(N)C(=O)NCCn1ccc2ncnc(Nc3ccc(Oc4cccc5sncc45)c(Cl)c3)c21,0,IC50 (>),5.0,1,CHEMBL2048912
COc1cc2c(Nc3ccc(Br)cc3F)ncnc2cc1OC[C@@H]1CCCN(CCF)C1,1,IC50,7.4,1,CHEMBL2058042
CN1CCN(c2ccc(C(=O)Nc3cc(-c4ccc(NC(=O)OCc5ccccc5)cc4)n[nH]3)cc2)CC1,1,IC50,7.32,1,CHEMBL2063319
CN1CCN(c2ccc(C(=O)Nc3cc(-c4ccc(NC(=O)Oc5ccccc5)cc4)n[nH]3)cc2)CC1,1,IC50,6.75,1,CHEMBL2063318
O=C(Nc1ccc(-c2cc(NC(=O)c3ccc(OCCN4CCCC4)cc3)[nH]n2)cc1)Oc1ccccc1,1,IC50,6.52,1,CHEMBL2063320
CN1CCN(c2ccc(C(=O)Nc3cc(-c4ccc(CNC(=O)Oc5ccccc5)cc4)n[nH]3)cc2)CC1,1,IC50,7.04,1,CHEMBL2063321
CCOC(=O)NCc1ccc(-c2cc(NC(=O)c3ccc(N4CCN(C)CC4)cc3)[nH]n2)cc1,1,IC50,6.25,1,CHEMBL2063322
CN1CCN(c2ccc(C(=O)Nc3cc(-c4ccc(CNC(=O)OCc5ccccc5)cc4)n[nH]3)cc2)CC1,1,IC50,7.0,1,CHEMBL2063323
O=C(NCc1ccc(-c2cc(NC(=O)c3ccc(OCCN4CCCC4)cc3)[nH]n2)cc1)OCc1ccccc1,1,IC50,6.92,2,CHEMBL2063324
CN1CCN(Cc2ccc(C(=O)Nc3cc(-c4ccc(CNC(=O)OCc5ccccc5)cc4)n[nH]3)cc2)CC1,1,IC50,6.77,1,CHEMBL2063325
O=C(NCc1ccc(-c2cc(NC(=O)c3ccc(OCCN4CCOCC4)cc3)[nH]n2)cc1)OCc1ccccc1,1,IC50,6.43,1,CHEMBL2063326
O=C(NCc1ccc(-c2cc(NC(=O)c3ccc(OCCCN4CCCC4)cc3)[nH]n2)cc1)OCc1ccccc1,1,IC50,6.62,1,CHEMBL2063327
CN1CCN(c2ccc(C(=O)Nc3cc(-c4ccc(CNC(=O)OCc5cccnc5)cc4)n[nH]3)cc2)CC1,1,IC50,6.66,1,CHEMBL2063328
Cc1cc(COC(=O)NCc2ccc(-c3cc(NC(=O)c4ccc(N5CCN(C)CC5)cc4)[nH]n3)cc2)no1,1,IC50,6.43,1,CHEMBL2063331
Cc1cc(COC(=O)NCc2ccc(-c3cc(NC(=O)c4ccc(OCCN5CCCC5)cc4)[nH]n3)cc2)no1,1,IC50,6.32,1,CHEMBL2063332
Cc1nc(Nc2cc(-c3ccc(CNC(=O)OCc4ccccc4)cc3)n[nH]2)cc(N2CCN(C)CC2)n1,1,IC50,6.51,1,CHEMBL2063335
Cc1nc(Nc2cc(-c3ccc(CNC(=O)OCc4ccccc4)cc3)n[nH]2)cc(N2CCN(CCO)CC2)n1,1,IC50,6.62,1,CHEMBL2063338
Cc1nc(Nc2cc(-c3ccc(CNC(=O)OCc4ccccc4)cc3)n[nH]2)cc(N2CCNCC2)n1,1,IC50,6.72,1,CHEMBL2063436
C[C@H](NC(=O)c1cc(-c2cnn(C3CCOCC3)c2)cnc1N)c1c(Cl)ccc(F)c1Cl,0,IC50 (>),5.0,1,CHEMBL2071457
Cc1cc(Nc2ncc(F)c(N[C@H]3[C@@H](C(N)=O)[C@@H]4C=C[C@H]3C4)n2)ccc1N1CCN(C)CC1,1,IC50,7.72,2,CHEMBL1614709
Cn1cc(Nc2ncc(F)c(N[C@H]3[C@@H](C(N)=O)[C@@H]4C=C[C@H]3C4)n2)cn1,1,IC50,6.48,1,CHEMBL2071194
Cn1cc(Nc2nccc(N[C@H]3[C@@H](C(N)=O)[C@@H]4C=C[C@H]3C4)n2)cn1,0,IC50 (>),4.92,1,CHEMBL2071195
Cc1cnc(Nc2cnn(C)c2)nc1N[C@H]1[C@@H](C(N)=O)[C@@H]2C=C[C@H]1C2,1,IC50,6.33,1,CHEMBL2071196
COc1cnc(Nc2cnn(C)c2)nc1N[C@H]1[C@@H](C(N)=O)[C@@H]2C=C[C@H]1C2,1,IC50,6.04,1,CHEMBL2071197
Cn1cc(Nc2ncc([N+](=O)[O-])c(N[C@H]3[C@@H](C(N)=O)[C@@H]4C=C[C@H]3C4)n2)cn1,1,IC50,7.3,1,CHEMBL2071199
Cn1cc(Nc2ncc(C(F)(F)F)c(N[C@H]3[C@@H](C(N)=O)[C@@H]4C=C[C@H]3C4)n2)cn1,1,IC50,7.92,2,CHEMBL2071200
Cn1cc(Nc2ncc(Br)c(N[C@H]3[C@@H](C(N)=O)[C@@H]4C=C[C@H]3C4)n2)cn1,1,IC50,8.22,3,CHEMBL2071201
Cn1cc(Nc2ncc(Cl)c(N[C@H]3[C@@H](C(N)=O)[C@@H]4C=C[C@H]3C4)n2)cn1,1,IC50,7.85,2,CHEMBL2071202
Cn1cc(Nc2ncc(C(F)(F)F)c(N[C@@H]3[C@H]4CC[C@H](C4)[C@@H]3C(N)=O)n2)cn1,1,IC50,7.21,2,CHEMBL2071203
Cn1cc(Nc2ncc(C(F)(F)F)c(N[C@H]3C[C@@H]4CC[C@H]3C4)n2)cn1,1,IC50,6.08,1,CHEMBL2071204
Cn1cc(Nc2ncc(C(F)(F)F)c(N[C@H]3[C@@H](C(N)=O)C[C@H]4C[C@@H]3C4(C)C)n2)cn1,1,IC50,6.58,1,CHEMBL2071205
CNC(=O)[C@@H]1[C@H](Nc2nc(Nc3cnn(C)c3)ncc2C(F)(F)F)[C@H]2C=C[C@@H]1C2,1,IC50,7.17,1,CHEMBL2071206
Cn1cc(Nc2ncc(C(F)(F)F)c(N[C@H]3[C@@H](C(=O)NC4CC4)[C@@H]4C=C[C@H]3C4)n2)cn1,1,IC50,6.54,1,CHEMBL2071207
Cn1cc(Nc2ncc(C(F)(F)F)c(N[C@H]3[C@@H](C(=O)NCCO)[C@@H]4C=C[C@H]3C4)n2)cn1,1,IC50,6.58,1,CHEMBL2071208
Cn1cc(Nc2ncc(C(F)(F)F)c(Nc3ccccc3C(N)=O)n2)cn1,1,IC50,6.37,1,CHEMBL2071209
Cn1cc(Nc2ncc(Cl)c(N[C@@H]3[C@H]4CC[C@H](C4)[C@@H]3C(N)=O)n2)cn1,1,IC50,7.72,2,CHEMBL2071210
Cn1cc(Nc2ncc(Cl)c(N[C@H]3[C@H]4CC[C@H](C4)[C@H]3C(N)=O)n2)cn1,1,IC50,7.72,1,CHEMBL2071211
Cn1cc(Nc2ncc(Cl)c(N[C@H]3[C@@H](C(N)=O)[C@@H]4CC[C@H]3O4)n2)cn1,1,IC50,6.16,1,CHEMBL2071212
Cn1cc(Nc2ncc(Cl)c(N[C@@H]3CCCC[C@@H]3C(N)=O)n2)cn1,1,IC50,6.77,1,CHEMBL2071213
Cn1cc(Nc2ncc(Cl)c(N[C@@H]3CCC[C@@H]3C(N)=O)n2)cn1,1,IC50,6.61,1,CHEMBL2071214
Cn1cc(Nc2ncc(Cl)c(N[C@@H]3CC[C@@H]3C(N)=O)n2)cn1,1,IC50,6.82,1,CHEMBL2071215
CCn1cc(Nc2ncc(Cl)c(N[C@H]3[C@@H](C(N)=O)[C@@H]4C=C[C@H]3C4)n2)cn1,1,IC50,8.52,2,CHEMBL2071216
NC(=O)[C@@H]1[C@H](Nc2nc(Nc3cnn(Cc4ccccc4)c3)ncc2Cl)[C@H]2C=C[C@@H]1C2,1,IC50,8.15,2,CHEMBL2071217
NC(=O)[C@@H]1[C@H](Nc2nc(Nc3cnn(CCO)c3)ncc2Cl)[C@H]2C=C[C@@H]1C2,1,IC50,8.22,2,CHEMBL2071270
NC(=O)[C@@H]1[C@H](Nc2nc(Nc3cnn(CC(=O)O)c3)ncc2Cl)[C@H]2C=C[C@@H]1C2,1,IC50,9.0,1,CHEMBL2071271
NC(=O)Cn1cc(Nc2ncc(Cl)c(N[C@H]3[C@@H](C(N)=O)[C@@H]4C=C[C@H]3C4)n2)cn1,1,IC50,7.75,2,CHEMBL2071272
CNC(=O)Cn1cc(Nc2ncc(Cl)c(N[C@H]3[C@@H](C(N)=O)[C@@H]4C=C[C@H]3C4)n2)cn1,1,IC50,8.22,2,CHEMBL2071273
NC(=O)[C@@H]1[C@H](Nc2nc(Nc3cnn(CCN4CCOCC4)c3)ncc2Cl)[C@H]2C=C[C@@H]1C2,1,IC50,8.05,2,CHEMBL2071274
NC(=O)[C@@H]1[C@H](Nc2nc(Nc3cnn(C4CCNCC4)c3)ncc2Cl)[C@H]2C=C[C@@H]1C2,1,IC50,8.7,2,CHEMBL2071275
NC(=O)[C@@H]1[C@H](Nc2nc(Nc3cnn([C@@H]4CCCNC4)c3)ncc2Cl)[C@H]2C=C[C@@H]1C2,1,IC50,8.7,2,CHEMBL2071276
NC(=O)[C@@H]1[C@H](Nc2nc(Nc3cnn(C[C@H]4CCCN4)c3)ncc2Cl)[C@H]2C=C[C@@H]1C2,1,IC50,7.82,2,CHEMBL2071277
Clc1cccc(Nc2ncnc3ccc(NCc4ccc5c(c4)OCO5)cc23)c1,0,IC50 (>),5.0,1,CHEMBL2070191
Brc1cccc(Nc2ncnc3ccc(NCc4ccc5c(c4)OCCCO5)cc23)c1,0,IC50 (>),5.0,1,CHEMBL2070198
Clc1cccc(Nc2ncnc3ccc(NCc4ccc5c(c4)OCCCCO5)cc23)c1,0,IC50 (>),5.0,1,CHEMBL2070201
c1ccc2c3c([nH]c2c1)-c1n[nH]cc1CCC3,1,IC50,6.21,2,CHEMBL1929485
Cc1oc(-c2ccccc2)nc1COc1cccc(CO)c1,0,IC50,4.3,3,CHEMBL2069625
O=C(Nc1cccc(C(F)(F)F)c1)Nc1ccccc1Cl,0,IC50,4.0,1,CHEMBL2069624
ClC(Cn1ncc2c(NCc3ccccc3)ncnc21)c1ccccc1,1,IC50,6.0,2,CHEMBL411043
Cc1cc(Nc2nc(NCCc3cccnc3)ncc2Br)n[nH]1,1,IC50,6.2,1,CHEMBL2088089
C=CCNc1ncc(Br)c(Nc2cc(C)[nH]n2)n1,1,IC50,6.0,1,CHEMBL2088090
Cc1cc(CNc2ncc(Br)c(Nc3cc(C)[nH]n3)n2)on1,1,IC50,6.2,1,CHEMBL2088091
CCCc1cc(Nc2nc(NCc3cc(C)no3)ncc2Br)n[nH]1,1,IC50,6.8,1,CHEMBL2088094
Cc1cc(CNc2ncc(Br)c(Nc3cc(CCc4ccccc4)[nH]n3)n2)on1,1,IC50,7.6,1,CHEMBL2088095
COc1cc(CCc2cc(Nc3ccnc(NCc4cc(C)no4)n3)n[nH]2)cc(OC)c1,1,IC50,7.1,1,CHEMBL2088096
Cc1cc(CNc2ncc(Cl)c(Nc3cc(C)[nH]n3)n2)on1,1,IC50,6.3,1,CHEMBL2088097
Cc1cc(CNc2nccc(Nc3cc(C)[nH]n3)n2)on1,1,IC50,6.0,1,CHEMBL2088098
Cc1cc(CNc2nccc(Nc3cc(CCc4ccccc4)[nH]n3)n2)on1,1,IC50,6.9,1,CHEMBL2088100
Cc1cc(Nc2nc(NCCCc3c[nH]nc3C)ncc2Br)n[nH]1,1,IC50,6.3,1,CHEMBL2088102
Cc1cc(Nc2nc(NCCc3ccco3)ncc2Br)n[nH]1,1,IC50,6.7,1,CHEMBL2088103
Cc1cnc(CNc2ncc(Br)c(Nc3cc(C)[nH]n3)n2)cn1,1,IC50,6.0,1,CHEMBL2088104
Cc1cc(CCNc2ncc(Br)c(Nc3cc(C)[nH]n3)n2)on1,1,IC50,6.3,1,CHEMBL2088105
Cc1cc(Nc2nc(NCc3ncccc3C)ncc2Br)n[nH]1,1,IC50,6.3,1,CHEMBL2088106
Cc1cc(Nc2nc(NCc3cc(C(=O)N4CCCC4)no3)ncc2Br)n[nH]1,0,IC50,4.8,1,CHEMBL2088107
Cc1cc(Nc2ccnc(NCc3cc(C4CC4)no3)n2)n[nH]1,1,IC50,6.1,1,CHEMBL2088108
Cc1cc(CNc2nccc(Nc3cc(CO)[nH]n3)n2)on1,0,IC50,4.7,1,CHEMBL2088110
CCc1cc(Nc2nc(NCc3ccccn3)ncc2Br)n[nH]1,1,IC50,6.3,1,CHEMBL2088111
CCCc1cc(Nc2nc(NCc3cccnc3)ncc2Br)n[nH]1,1,IC50,6.9,1,CHEMBL2088113
CC(C)c1cc(Nc2nc(NCc3cccnc3)ncc2Br)n[nH]1,1,IC50,6.4,1,CHEMBL2088256
COc1cc(CCc2cc(Nc3ccnc(NCc4ccccn4)n3)n[nH]2)cc(OC)c1,1,IC50,6.4,1,CHEMBL2088259
COc1cc(CCc2cc(Nc3ccnc(NCc4cc(C)on4)n3)n[nH]2)cc(OC)c1,1,IC50,6.9,1,CHEMBL2088260
Cc1ccccc1C(=C1C(=O)Nc2ccccc21)c1nc2ccccc2[nH]1,1,IC50,7.01,1,CHEMBL2086721
Cc1cccc(C(=C2C(=O)Nc3ccccc32)c2nc3ccccc3[nH]2)c1,1,IC50,6.92,1,CHEMBL2086722
Cc1ccc(C(=C2C(=O)Nc3ccccc32)c2nc3ccccc3[nH]2)cc1,1,IC50,7.06,1,CHEMBL2086723
O=C1Nc2ccccc2C1=C(c1ccc(F)cc1)c1nc2ccccc2[nH]1,1,IC50,6.2,1,CHEMBL2086724
O=C1Nc2ccccc2C1=C(c1cccc(F)c1)c1nc2ccccc2[nH]1,1,IC50,6.9,1,CHEMBL2086725
O=C1Nc2ccccc2C1=C(c1cc(F)cc(F)c1)c1nc2ccccc2[nH]1,1,IC50,6.97,1,CHEMBL2086726
O=C1Nc2ccccc2C1=C(c1nc2ccccc2[nH]1)c1ccc(F)cc1F,1,IC50,6.54,1,CHEMBL2086727
O=C1Nc2ccccc2C1=C(c1ccc(C(F)(F)F)cc1)c1nc2ccccc2[nH]1,0,IC50,4.7,1,CHEMBL2086728
COc1ccc(C(=C2C(=O)Nc3ccccc32)c2nc3ccccc3[nH]2)cc1,1,IC50,6.49,1,CHEMBL2086730
Nc1ccc(C(=C2C(=O)Nc3ccccc32)c2nc3ccccc3[nH]2)cc1,1,IC50,7.17,1,CHEMBL2086732
O=C1Nc2ccc(Br)cc2C1=C(c1ccccc1)c1nc2ccccc2[nH]1,1,IC50,7.29,1,CHEMBL2086733
O=C1Nc2ccc(C(=O)O)cc2C1=C(c1ccccc1)c1nc2ccccc2[nH]1,1,IC50,8.4,1,CHEMBL2086736
O=C1Nc2cc(C(=O)O)ccc2C1=C(c1ccccc1)c1nc2ccccc2[nH]1,1,IC50,6.67,1,CHEMBL2086737
O=C1Nc2c(C(=O)O)cccc2C1=C(c1ccccc1)c1nc2ccccc2[nH]1,0,IC50,4.63,1,CHEMBL2086738
Nc1ccc2c(c1)C(=C(c1ccccc1)c1nc3ccccc3[nH]1)C(=O)N2,1,IC50,7.5,1,CHEMBL2086739
Cc1ccc(C(=C2C(=O)Nc3ccc(C(=O)O)cc32)c2nc3ccccc3[nH]2)cc1,1,IC50,8.3,1,CHEMBL2086740
Cc1ccc(C(=C2C(=O)Nc3ccc(N)cc32)c2nc3ccccc3[nH]2)cc1,1,IC50,7.09,1,CHEMBL2086741
COc1ccc2[nH]c(C(=C3C(=O)Nc4ccc(C(=O)O)cc43)c3ccccc3)nc2c1,1,IC50,8.52,1,CHEMBL2086742
COc1ccc2[nH]c(C(=C3C(=O)Nc4ccc(N)cc43)c3ccccc3)nc2c1,1,IC50,7.22,1,CHEMBL2086743
CCCCNC(=O)c1ccc2c(c1)C(=C(c1ccccc1)c1nc3ccccc3[nH]1)C(=O)N2,1,IC50,7.82,1,CHEMBL2086744
COCCNC(=O)c1ccc2c(c1)C(=C(c1ccccc1)c1nc3ccccc3[nH]1)C(=O)N2,1,IC50,7.16,1,CHEMBL2086397
CN1CCN(C(=O)c2ccc3c(c2)C(=C(c2ccccc2)c2nc4ccccc4[nH]2)C(=O)N3)CC1,1,IC50,6.8,1,CHEMBL2086745
COCCNS(=O)(=O)c1ccc2c(c1)C(=C(c1ccccc1)c1nc3ccccc3[nH]1)C(=O)N2,1,IC50,6.18,1,CHEMBL2086747
CCN1CCC(Oc2ccc3c(c2)C(=C(c2ccccc2)c2nc4cc(OC)ccc4[nH]2)C(=O)N3)CC1,1,IC50,7.66,1,CHEMBL2086749
CCN1CCCC(Nc2ccc3c(c2)C(=C(c2ccccc2)c2nc4cc(OC)ccc4[nH]2)C(=O)N3)C1,1,IC50,6.55,1,CHEMBL2086750
CCN1CCC(Nc2ccc3c(c2)C(=C(c2ccccc2)c2nc4cc(OC)ccc4[nH]2)C(=O)N3)CC1,1,IC50,8.0,1,CHEMBL2086751
COCCN1CCC(Nc2ccc3c(c2)C(=C(c2ccccc2)c2nc4ccccc4[nH]2)C(=O)N3)CC1,1,IC50,8.05,1,CHEMBL2086752
CCN1CCC(Nc2ccc3c(c2)C(=C(c2ccccc2)c2nc4ccccc4[nH]2)C(=O)N3)CC1,1,IC50,8.22,1,CHEMBL2086753
CCN1CCC(Nc2ccc3c(c2)C(=C(c2ccc(C)cc2)c2nc4ccccc4[nH]2)C(=O)N3)CC1,1,IC50,8.1,1,CHEMBL2086754
CCN1CCC(Nc2ccc3c(c2)C(=C(c2ccc(OC)cc2)c2nc4ccccc4[nH]2)C(=O)N3)CC1,1,IC50,7.89,1,CHEMBL2086755
CCN1CCC(Nc2ccc3c(c2)C(=C(c2cccc(F)c2)c2nc4ccccc4[nH]2)C(=O)N3)CC1,1,IC50,8.52,1,CHEMBL2086756
CCN1CCC(Nc2ccc3c(c2)C(=C(c2cc(F)cc(F)c2)c2nc4ccccc4[nH]2)C(=O)N3)CC1,1,IC50,8.4,1,CHEMBL2086757
CCN1CCC(Nc2ccc3c(c2)C(=C(c2ccccc2)c2ncc[nH]2)C(=O)N3)CC1,1,IC50,7.8,1,CHEMBL2086758
CCN1CCC(Nc2ccc3c(c2)C(=C(c2cccc(F)c2)c2ncc[nH]2)C(=O)N3)CC1,1,IC50,8.15,1,CHEMBL2086759
CCN1CCC(Nc2ccc3c(c2)C(=C(c2ccc(Cl)cc2)c2ncc[nH]2)C(=O)N3)CC1,1,IC50,8.4,1,CHEMBL2086760
CCN1CCC(Nc2ccc3c(c2)C(=C(c2cccc(F)c2)c2nc(C)c[nH]2)C(=O)N3)CC1,1,IC50,8.4,1,CHEMBL2087167
CCN1CCC(Nc2ccc3c(c2)C(=C(c2cc(F)cc(F)c2)c2nc(C)c[nH]2)C(=O)N3)CC1,1,IC50,8.52,1,CHEMBL2087168
CCN1CCC(Nc2ccc3c(c2)C(=C(c2nc(C)c[nH]2)c2ccccc2F)C(=O)N3)CC1,1,IC50,8.52,1,CHEMBL2087169
CC(C)(C(=O)NCCn1ccc2ncnc(Nc3ccc(Oc4cccc(Cl)c4)c(Cl)c3)c21)S(C)(=O)=O,0,IC50 (>),5.0,1,CHEMBL2148053
COc1ccc(C2=NN(C(=O)c3ccc(Cl)cc3O)C(c3ccc(Cl)cc3)C2)cc1,0,IC50 (>),4.6,1,CHEMBL2159053
Oc1ccc2oc3ncc(O)c(-c4ccccc4)c3c2c1,0,Ki (>),3.0,1,CHEMBL2163772
CCN(CC)CCNC(=O)c1c(C)[nH]c2c1CCC/C2=C1/C(=O)Nc2ccc(F)cc21,1,IC50,8.64,2,CHEMBL2180602
Cc1cc(C(=O)Nc2cc(Oc3ccc4nc(NC(=O)C5CC5)cn4n3)ccc2C)n(C)n1,1,IC50,10.03,4,CHEMBL2180604
CCN1CCN(Cc2ccc(-c3cc4c(N[C@H](C)c5ccccc5)ncnc4[nH]3)cc2)CC1,1,IC50,7.11,1,CHEMBL587723
CNC(=O)c1cccc2cc(Oc3ccnc4cc(OCC5(N)CC5)c(OC)cc34)ccc12,1,IC50,7.6,5,CHEMBL2180605;CHEMBL2220486
CN1CCN(c2ccc(Nc3ncc4nc(Nc5ccccc5)n(C5CCCC5)c4n3)cc2)CC1,1,IC50,8.15,2,CHEMBL2178352
COc1cc(C2=C(c3c[nH]c4cnccc34)C(=O)NC2=O)cc(OC)c1OC,1,IC50,7.32,2,CHEMBL2180882
COc1cc(C2=C(c3c[nH]c4cccnc34)C(=O)NC2=O)cc(OC)c1OC,1,IC50,6.43,2,CHEMBL2180881
COc1cc(C2=C(c3c[nH]c4ccncc34)C(=O)NC2=O)cc(OC)c1OC,1,IC50,7.64,2,CHEMBL2177142
COc1cc(C2=C(c3c[nH]c4ncccc34)C(=O)NC2=O)cc(OC)c1OC,1,IC50,7.43,2,CHEMBL2180878
CC(C)(C#N)Oc1cccc(C(=O)Nc2cc(Nc3ccc4nc(NC(=O)C5CC5)sc4n3)ccc2F)c1Cl,1,IC50,7.19,1,CHEMBL2204533
CN(c1ccc(F)c(NC(=O)c2cccc(OC(C)(C)C#N)c2Cl)c1)c1ccc2nc(NC(=O)C3CC3)sc2n1,1,IC50,8.12,1,CHEMBL2204532
CC(=O)Nc1nc2ccc(N(C)c3ccc(F)c(NC(=O)c4cccc(OC(C)(C)C#N)c4Cl)c3)nc2s1,1,IC50,7.85,1,CHEMBL2204531
CC(=O)Nc1nc2ccc(N(C)c3ccc(F)c(NC(=O)c4cccc(OC(C)(C)C#N)c4)c3)nc2s1,1,IC50,8.0,1,CHEMBL2204530
CC(=O)Nc1nc2cnc(Nc3cc(NC(=O)c4cccc(C5(C#N)CC5)c4Cl)ccc3C)nc2s1,1,IC50,6.47,1,CHEMBL2204529
CC(=O)Nc1nc2cnc(Nc3cc(NC(=O)c4cccc(OC(C)(C)C#N)c4)ccc3C)nc2s1,1,IC50,6.29,1,CHEMBL2204528
CC(=O)Nc1nc2cnc(Nc3cc(NC(=O)c4cccc(CC(C)(C)C#N)c4)ccc3C)nc2s1,1,IC50,6.52,1,CHEMBL2204527
CC(=O)Nc1nc2cnc(Nc3cc(NC(=O)c4cccc(CCC#N)c4)ccc3C)nc2s1,1,IC50,6.39,1,CHEMBL2204526
O=S1(=O)NCCCNc2nc(ncc2Br)Nc2cccc1c2,1,IC50,7.4,2,CHEMBL1235529
O=C(Nc1cccc(C(F)(F)F)c1)c1cccc(Oc2ccc3nccn3n2)c1,1,IC50,7.75,1,CHEMBL2206668
O=C(Nc1ccccc1)c1cccc(Oc2ccc3nccn3n2)c1,1,IC50,6.19,1,CHEMBL2206667
O=C(Nc1cccc(Oc2ccc3nccn3n2)c1)c1cccc(C(F)(F)F)c1,1,IC50,8.15,3,CHEMBL2206666
O=C(Nc1cccc(Oc2ccc3nccn3n2)c1)c1ccccc1,1,IC50,7.1,1,CHEMBL2206665
O=C(Nc1ccccc1)Nc1ccccc1Oc1ccc2nccn2n1,0,IC50 (>),5.0,1,CHEMBL2206664
O=C(Nc1ccc(C(F)(F)F)cc1)Nc1cccc(Oc2ccc3nccn3n2)c1,1,IC50,7.54,1,CHEMBL2203321
O=C(Nc1cccc(Oc2ccc3nccn3n2)c1)Nc1cccc(C(F)(F)F)c1,1,IC50,7.92,1,CHEMBL2206663
O=C(Nc1ccccc1)Nc1cccc(Oc2ccc3nccn3n2)c1,1,IC50,7.28,1,CHEMBL2206662
O=C(Nc1ccc(-c2ccnc(Nc3ccc(N4CCOCC4)cc3)n2)cc1)[C@H]1CCCN1,1,IC50,6.32,1,CHEMBL2208034
CCOC(=O)C(=O)N(Cc1cccc(F)c1)c1ccc2c(c1)N(C)CC(C)(COc1ccc(C(=N)N)cc1)O2,0,IC50,4.1,1,CHEMBL2216905
CN1CC(C)(COc2ccc(C(=N)N)cc2)Oc2ccc(N(CC(=O)O)Cc3cc(F)cc(F)c3)cc21,0,IC50,4.65,1,CHEMBL2216906
O=C(NCCCN1CCOC1=O)c1cnc(NCc2cc(Cl)ccc2Cl)nc1NC1CCCC1,0,IC50,4.8,1,CHEMBL2312304
O=C(NCCCN1CCCC1=O)c1cnc(NCc2cc(Cl)ccc2Cl)nc1NC1CCCC1,0,IC50,4.88,1,CHEMBL2312303
Cc1[nH]nc2c1N=C(c1ccccc1Cl)c1cc(N)ccc1N2,1,IC50,7.47,1,CHEMBL2322701
FC(F)(F)c1nc2cnc3[nH]ccc3c2n1C1CCCCC1,1,IC50,6.14,1,CHEMBL2322139
c1cc2c(ncc3cnc(C4CCCCC4)n32)[nH]1,1,IC50,6.04,1,CHEMBL2322134
c1cc2c(ncc3ccc(C4CCCCC4)n32)[nH]1,1,IC50,6.22,1,CHEMBL2322143
c1cc2c(ncc3ncc(C4CCCCC4)n32)[nH]1,1,IC50,6.0,1,CHEMBL2322142
c1cc2c(ncc3onc(C4CCCCC4)c32)[nH]1,1,IC50,6.7,1,CHEMBL2322137
Cn1nc(C2CCCCC2)c2c3cc[nH]c3ncc21,1,IC50,6.8,1,CHEMBL2322136
c1cc2c(ncc3[nH]nc(C4CCCCC4)c32)[nH]1,1,IC50,7.05,1,CHEMBL2322135
O=C(NCCc1ccc(O)c(Br)c1)/C(Cc1cc(Br)c(O)c(Oc2ccc(CCNC(=O)/C(Cc3cc(Br)c(O)c(-c4cc(C/C(=N\O)C(=O)NCCc5ccc(O)c(Br)c5)cc(Br)c4O)c3)=N/O)cc2Br)c1)=N/O,1,IC50,6.22,1,CHEMBL2333163
O=C(Nc1ccc(Oc2ncnc3[nH]ncc23)cc1)Nc1ccc(Cl)c(C(F)(F)F)c1,1,IC50,7.92,1,CHEMBL2332840
O=C(Nc1ccc(Oc2ncnc3[nH]ncc23)cc1)Nc1cccc(C(F)(F)F)c1,1,IC50,7.96,1,CHEMBL2331570
O=C(Nc1ccc(Oc2ncnc3[nH]ncc23)cc1)Nc1ccc(C(F)(F)F)cc1,1,IC50,7.42,1,CHEMBL2332849
COc1cccc(Nc2nc(NC(=O)C(C)(C)C)nc3[nH]c4cccc(Cl)c4c23)c1,0,IC50,4.39,1,CHEMBL2337372
CC(C)(C)C(=O)Nc1nc(Nc2cccc(F)c2)c2c(n1)[nH]c1cccc(Cl)c12,0,IC50,4.51,1,CHEMBL2337371
CC(C)(C)C(=O)Nc1nc(Nc2ccc(Cl)cc2F)c2c(n1)[nH]c1cccc(Cl)c12,0,IC50,4.05,1,CHEMBL2337370
CC(C)(C)C(=O)Nc1nc(Nc2ccc(Cl)cc2)c2c(n1)[nH]c1cccc(Cl)c12,0,IC50,4.67,1,CHEMBL2337369
CC(C)c1ccc(Nc2nc(NC(=O)C(C)(C)C)nc3[nH]c4cccc(Cl)c4c23)cc1,0,IC50,4.32,1,CHEMBL2337368
COc1cccc(Nc2nc(N)nc3[nH]c4cccc(Cl)c4c23)c1,0,IC50,4.15,1,CHEMBL2337366
Nc1nc(Nc2cccc(F)c2)c2c(n1)[nH]c1cccc(Cl)c12,0,IC50,4.07,1,CHEMBL2337365
Nc1nc(Nc2ccc(Cl)cc2F)c2c(n1)[nH]c1cccc(Cl)c12,0,IC50,4.41,1,CHEMBL2337364
Nc1nc(Nc2ccc(Cl)cc2)c2c(n1)[nH]c1cccc(Cl)c12,0,IC50,4.88,1,CHEMBL2337363
CC(C)c1ccc(Nc2nc(N)nc3[nH]c4cccc(Cl)c4c23)cc1,0,IC50,4.52,1,CHEMBL2337362
CC(C)(C)C(=O)Nc1nc(Nc2ccc(F)c(Br)c2)c2cc(CCc3ccccn3)[nH]c2n1,0,IC50 (>),3.7,1,CHEMBL2335015
Nc1nc(Nc2ccc(F)c(Cl)c2)c2cc(CCc3ccccn3)[nH]c2n1,0,IC50 (>),3.7,1,CHEMBL2335378
CC(C)(C)C(=O)Nc1nc(Nc2ccc(F)c(Cl)c2)c2cc(CCc3ccccn3)[nH]c2n1,0,IC50,4.05,1,CHEMBL2335016
Nc1nc(Nc2cccc(Br)c2)c2cc(CCc3ccccn3)[nH]c2n1,0,IC50,4.3,1,CHEMBL2335376
C#Cc1cccc(Nc2nc(N)nc3[nH]c(CCc4ccccn4)cc23)c1,0,IC50,4.36,1,CHEMBL2335379
Nc1nc(Nc2ccc(F)c(Br)c2)c2cc(CCc3ccccn3)[nH]c2n1,0,IC50,4.62,1,CHEMBL2335377
CC(C)(C)C(=O)Nc1nc(Nc2cccc(C(F)(F)F)c2)c2cc(CCc3ccccn3)[nH]c2n1,0,IC50,4.78,1,CHEMBL2335018
Nc1nc(Nc2cccc(C(F)(F)F)c2)c2cc(CCc3ccccn3)[nH]c2n1,0,IC50,4.78,1,CHEMBL2335013
NC(=O)C1=C(N)C(=O)C=C(Nc2ccccc2O)C1=O,1,IC50,7.96,1,CHEMBL2332119
CN1C/C(=C\c2ccccn2)C(=O)[C@@H](Cc2ccccn2)C1,0,IC50 (>),4.0,1,CHEMBL2338335
CN1C/C(=C\c2ccccn2)C(=O)[C@H](Cc2ccccn2)C1,0,IC50 (>),4.0,1,CHEMBL2338334
O=C1/C(=C/c2ccccn2)CNC/C1=C\c1ccccn1,1,IC50,6.18,1,CHEMBL574646
O=C1/C(=C/c2ccccc2F)CNC/C1=C\c1ccccc1F,1,IC50,6.11,1,CHEMBL379849
O=C1Nc2ccccc2/C1=C/c1c[nH]nc1-c1ccccc1[N+](=O)[O-],1,IC50,8.11,1,CHEMBL2347053
O=C(NCCO)C1=Cc2c(ncnc2Nc2ccc(Oc3cccc4sccc34)c(Cl)c2)NCC1,0,IC50 (>),5.0,1,CHEMBL2348417
O=C(Nc1cccc(Oc2ccc3nc(NC(=O)C4CCOCC4)cn3n2)c1)c1cccc(C(F)(F)F)c1,1,IC50,8.96,4,CHEMBL2348989
Cc1cc(C(=O)Nc2cccc(Oc3ccc4nc(NC(=O)C5CC5)cn4n3)c2)n(C)n1,1,IC50,9.72,4,CHEMBL2348996
Cc1cc(C(=O)Nc2cc(Oc3ccc4nc(NC(=O)C5CC5)cn4n3)ccc2Cl)n(C)n1,1,IC50,8.89,1,CHEMBL2348990
Cc1cc(C(=O)Nc2cc(Oc3ccc4nc(NC(=O)C5CC5)cn4n3)ccc2F)n(C)n1,1,IC50,8.96,1,CHEMBL2348991
CCc1ccc(Oc2ccc3nc(NC(=O)C4CC4)cn3n2)cc1NC(=O)c1cc(C)nn1C,1,IC50,8.29,1,CHEMBL2348992
Cc1cc(C(=O)Nc2cccc(Oc3ccc4nc(NC(=O)C5CC5)cn4n3)c2C)n(C)n1,1,IC50,8.33,1,CHEMBL2348993
Cc1cc(C(=O)Nc2ccc(C)c(Oc3ccc4nc(NC(=O)C5CC5)cn4n3)c2)n(C)n1,1,IC50,8.74,1,CHEMBL2348994
Cn1nc(C(F)(F)F)cc1C(=O)Nc1cccc(Oc2ccc3nc(NC(=O)C4CC4)cn3n2)c1,1,IC50,8.43,1,CHEMBL2349012
Cc1cc(C(=O)Nc2cccc(Oc3ccc4nc(NC(=O)C5CC5)cn4n3)c2)n(-c2ccccc2)n1,1,IC50,8.92,1,CHEMBL2348995
Cc1noc(C)c1C(=O)Nc1cccc(Oc2ccc3nc(NC(=O)C4CC4)cn3n2)c1,1,IC50,7.6,1,CHEMBL2348997
Cc1cc(C(=O)Nc2cccc(Oc3ccc4nc(NC(=O)C5CC5)cn4n3)c2)nn1C,1,IC50,9.02,1,CHEMBL2348998
Cn1nncc1C(=O)Nc1cccc(Oc2ccc3nc(NC(=O)C4CC4)cn3n2)c1,1,IC50,8.89,1,CHEMBL2348999
Cc1cc(C(=O)Nc2cccc(Oc3ccc4nc(NC(=O)C5CC5)cn4n3)c2)on1,1,IC50,8.85,1,CHEMBL2349000
O=C(Nc1cccc(Oc2ccc3nc(NC(=O)C4CC4)cn3n2)c1)c1ccno1,1,IC50,8.89,1,CHEMBL2349001
O=C(Nc1cccc(Oc2ccc3nc(NC(=O)C4CC4)cn3n2)c1)c1ccncc1,1,IC50,8.89,1,CHEMBL2349002
CC(C)(C)C(=O)Nc1cccc(Oc2ccc3nc(NC(=O)C4CC4)cn3n2)c1,1,IC50,6.19,1,CHEMBL2349003
O=C(Nc1cccc(Oc2ccc3nc(NC(=O)C4CC4)cn3n2)c1)C1CC1,1,IC50,7.92,1,CHEMBL2349004
CC(=O)Nc1cn2nc(Oc3cccc(NC(=O)c4cccc(F)c4)c3)ccc2n1,1,IC50,8.96,1,CHEMBL2349005
O=C(Nc1cccc(Oc2ccc3nc(NC(=O)C4CC4)cn3n2)c1)c1cccc(F)c1,1,IC50,9.0,1,CHEMBL2349006
O=C(Nc1cccc(Oc2ccc3nc(NC(=O)c4ccc(C(F)(F)F)cc4)cn3n2)c1)c1cccc(F)c1,1,IC50,6.92,1,CHEMBL2349007
O=C(Nc1cccc(Oc2ccc3nc(NC(=O)c4cccc(C(F)(F)F)c4)cn3n2)c1)c1cccc(F)c1,1,IC50,6.8,1,CHEMBL2349008
Cc1ccsc1C(=O)Nc1cn2nc(Oc3cccc(NC(=O)c4cccc(F)c4)c3)ccc2n1,1,IC50,7.72,1,CHEMBL2349010
O=C(Nc1cccc(Oc2ccc3nc(NC(=O)C4CCCCC4)cn3n2)c1)c1cccc(F)c1,1,IC50,7.96,1,CHEMBL2349009
O=C(Nc1cccc(Oc2ccc3nc(NC(=O)C4CCOCC4)cn3n2)c1)c1cccc(F)c1,1,IC50,8.57,1,CHEMBL2349011
Cc1ccc(-c2cc3nnnc(Cl)c3[se]2)cc1,0,IC50,4.8,2,CHEMBL2377476
Cc1ccc(-c2cc3nnnc(N4CCOCC4)c3[se]2)cc1,0,IC50,4.6,2,CHEMBL2377475
CSc1nc2nnnc(Cl)c2s1,0,IC50,4.34,2,CHEMBL2377495
O=c1[nH]c(-c2ccc(Cl)cc2)nc2cc(-c3cn(Cc4ccccc4)c4ccccc34)sc12,0,IC50,4.82,1,CHEMBL2377456
O=C(NCc1cn(-c2ccc3cn[nH]c3c2)nn1)Nc1cccc(CCl)c1,1,IC50,6.25,1,CHEMBL2381858
COc1cc2c(Oc3ccc(NC(=O)N4CCN(c5ccccc5)C4=O)cc3F)ccnc2cc1OCCCN1CCOCC1,1,IC50,7.52,1,CHEMBL574125
COc1cc2c(Oc3ccc(NC(=O)c4nn(-c5ccccc5C(F)(F)F)c5ccccc5c4=O)cc3F)ccnc2cc1OCCCN1CCCC1,1,IC50,7.81,1,CHEMBL2385195
COc1ccc(-c2cnc3c(-c4cccc5ncccc45)cnn3c2)cc1,0,IC50,4.71,1,CHEMBL502351
c1ccc2c(-c3cnn4cc(-c5ccc(N6CCNCC6)cc5)cnc34)ccnc2c1,1,IC50,6.67,1,CHEMBL513147
c1cc(N2CCNCC2)ccc1-c1cnc2c(-c3cn[nH]c3)cnn2c1,1,IC50,7.85,1,CHEMBL2385586
COc1ccc(-c2cnc3c(-c4cn[nH]c4)cnn3c2)cc1,1,IC50,7.89,1,CHEMBL2385600
c1cc(N2CCOCC2)ccc1-c1cnc2c(-c3cn[nH]c3)cnn2c1,1,IC50,8.78,1,CHEMBL2385579
Cc1nc(Nc2cc(-c3ccc(CNC(=O)Nc4cccc(Cl)c4)cc3)n[nH]2)cc(N2CCNCC2)n1,1,IC50,7.42,1,CHEMBL2386810
Cc1nc(Nc2cc(-c3ccc(CNC(=O)Nc4cc(C(C)(C)C)on4)cc3)n[nH]2)cc(N2CCNCC2)n1,1,IC50,7.07,1,CHEMBL2386809
Cc1nc(Nc2cc(-c3ccc(CNC(=O)Nc4cc(C(C)(C)C)on4)cc3)n[nH]2)cc(N2CCN(CCO)CC2)n1,1,IC50,7.3,1,CHEMBL2386808
Cc1nc(Nc2cc(-c3ccc(CNC(=O)Nc4cc(C)on4)cc3)n[nH]2)cc(N2CCN(CCO)CC2)n1,1,IC50,6.92,1,CHEMBL2386807
Cc1nc(Nc2cc(-c3ccc(CNC(=O)Nc4cc(C(C)(C)C)on4)cc3)n[nH]2)cc(N2CCN(C)CC2)n1,1,IC50,7.92,1,CHEMBL2386806
Cc1nc(Nc2cc(-c3ccc(CNC(=O)Nc4cc(C)on4)cc3)n[nH]2)cc(N2CCN(C)CC2)n1,1,IC50,7.0,1,CHEMBL2386805
Cc1nc(Nc2cc(-c3ccc(NC(=O)Nc4ccccc4)cc3)n[nH]2)cc(N2CCN(C)CC2)n1,1,IC50,6.21,1,CHEMBL2386804
CN1CCN(Cc2ccc(C(=O)Nc3cc(-c4ccc(CNC(=O)Nc5cc(C(C)(C)C)on5)cc4)n[nH]3)cc2)CC1,1,IC50,7.75,1,CHEMBL2386803
CC(C)(C)c1cc(NC(=O)NCc2ccc(-c3cc(NC(=O)c4ccc(OCCN5CCOCC5)cc4)[nH]n3)cc2)no1,1,IC50,7.55,1,CHEMBL2386802
Cc1cc(NC(=O)NCc2ccc(-c3cc(NC(=O)c4ccc(N5CCN(C)CC5)cc4)[nH]n3)cc2)no1,1,IC50,7.3,1,CHEMBL2386801
O=C(NCc1ccc(-c2cc(NC(=O)c3ccc(OCCN4CCOCC4)cc3)[nH]n2)cc1)Nc1ccc(Cl)cc1,1,IC50,7.15,1,CHEMBL2386800
O=C(NCc1ccc(-c2cc(NC(=O)c3ccc(OCCN4CCOCC4)cc3)[nH]n2)cc1)Nc1ccc(F)cc1,1,IC50,6.89,1,CHEMBL2386799
CN1CCN(Cc2ccc(C(=O)Nc3cc(-c4ccc(CNC(=O)Nc5ccccc5)cc4)n[nH]3)cc2)CC1,1,IC50,7.09,1,CHEMBL2386798
O=C(NCc1ccc(-c2cc(NC(=O)c3ccc(OCCN4CCOCC4)cc3)[nH]n2)cc1)Nc1ccccc1,1,IC50,7.27,1,CHEMBL2386797
Cc1cc(-c2cc(NC(=O)c3ccc(CN4CCN(C)CC4)cc3)[nH]n2)ccc1NC(=O)Nc1cc(C(C)(C)C)on1,1,IC50,8.15,1,CHEMBL2386796
Cc1cc(-c2cc(NC(=O)c3ccc(OCCN4CCOCC4)cc3)[nH]n2)ccc1NC(=O)Nc1cc(C(C)(C)C)on1,1,IC50,7.57,1,CHEMBL2386795
CN1CCN(Cc2ccc(C(=O)Nc3cc(-c4ccc(NC(=O)Nc5cc(C(C)(C)C)on5)cc4)n[nH]3)cc2)CC1,1,IC50,7.92,1,CHEMBL2386794
CC(C)(C)c1cc(NC(=O)Nc2ccc(-c3cc(NC(=O)c4ccc(OCCN5CCOCC5)cc4)[nH]n3)cc2)no1,1,IC50,7.66,1,CHEMBL2386793
CC(C)(C)c1cc(NC(=O)Nc2ccc(-c3cc(NC(=O)c4ccc(OCCN5CCCC5)cc4)[nH]n3)cc2)no1,1,IC50,7.92,1,CHEMBL2386792
Cc1cc(NC(=O)Nc2ccc(-c3cc(NC(=O)c4ccc(N5CCN(C)CC5)cc4)[nH]n3)cc2C)no1,1,IC50,7.42,1,CHEMBL2386790
CN1CCN(c2ccc(C(=O)Nc3cc(-c4ccc(NC(=O)Nc5cc(C(C)(C)C)on5)cc4)n[nH]3)cc2)CC1,1,IC50,7.92,1,CHEMBL2386789
Cc1cc(NC(=O)Nc2ccc(-c3cc(NC(=O)c4ccc(N5CCN(C)CC5)cc4)[nH]n3)cc2)no1,1,IC50,7.51,1,CHEMBL2386788
Cc1cnc(NC(=O)Nc2ccc(-c3cc(NC(=O)c4ccc(N5CCN(C)CC5)cc4)[nH]n3)cc2)s1,1,IC50,7.46,1,CHEMBL2386818
CN1CCN(c2ccc(C(=O)Nc3cc(-c4ccc(NC(=O)Nc5cccnc5)cc4)n[nH]3)cc2)CC1,1,IC50,6.72,1,CHEMBL2386817
CN1CCN(c2ccc(C(=O)Nc3cc(-c4ccc(NC(=O)Nc5ccccn5)cc4)n[nH]3)cc2)CC1,1,IC50,7.14,1,CHEMBL2386816
CN1CCN(c2ccc(C(=O)Nc3cc(-c4ccc(NC(=O)NC5CC5)cc4)n[nH]3)cc2)CC1,1,IC50,6.52,1,CHEMBL2386814
CCNC(=O)Nc1ccc(-c2cc(NC(=O)c3ccc(N4CCN(C)CC4)cc3)[nH]n2)cc1,1,IC50,7.0,1,CHEMBL2386813
CN1CCN(c2ccc(C(=O)Nc3cc(-c4ccc(NC(=O)Nc5ccccc5)cc4)n[nH]3)cc2)CC1,1,IC50,7.58,1,CHEMBL2386812
CC(C)n1cc(C(=O)c2cccc(NC(=O)Nc3ccc(Cl)cc3)c2)c2c(N)ncnc21,0,IC50 (>),5.0,1,CHEMBL2387002
CC(=O)N1CCc2[nH]c(/C=C3\C(=O)Nc4ccc([N+](=O)[O-])cc43)cc2C1,1,IC50,7.22,1,CHEMBL2403378
CC(=O)N1CCc2[nH]c(/C=C3\C(=O)Nc4ccc(C#N)cc43)cc2C1,1,IC50,7.7,1,CHEMBL2403377
CC(=O)N1CCc2[nH]c(/C=C3\C(=O)Nc4ccc(C(F)(F)F)cc43)cc2C1,1,IC50,6.5,1,CHEMBL2403376
CC(=O)N1CCc2[nH]c(/C=C3\C(=O)Nc4ccc(OC(C)C)cc43)cc2C1,1,IC50,6.05,1,CHEMBL2403375
CC(=O)Nc1ccc2c(c1)/C(=C/c1cc3c([nH]1)CCN(C(=O)N1CCOCC1)C3)C(=O)N2,1,IC50,8.15,1,CHEMBL2403374
CN1CCC(Nc2ccc3c(c2)/C(=C/c2cc4c([nH]2)CCN(C(=O)N2CCOCC2)C4)C(=O)N3)CC1,1,IC50,8.52,1,CHEMBL2403373
O=C1Nc2ccc(C(F)(F)F)cc2/C1=C/c1cc2c([nH]1)CCN(C(=O)N1CCOCC1)C2,1,IC50,7.08,1,CHEMBL2403372
COc1ccc2c(c1)/C(=C/c1[nH]c3c(c1Cl)CN(C(C)=O)CC3)C(=O)N2,1,IC50,7.06,1,CHEMBL2403371
COc1ccc2c(c1)/C(=C/c1cc3c([nH]1)CCN(C(=O)N1CCOCC1)C3)C(=O)N2,1,IC50,8.3,1,CHEMBL2403370
COc1ccc2c(c1)/C(=C/c1cc3c([nH]1)CCN(C(=O)N1CCN(C)CC1)C3)C(=O)N2,1,IC50,8.22,1,CHEMBL2403369
COc1ccc2c(c1)/C(=C/c1cc3c([nH]1)CCN(C(=O)c1cnoc1C)C3)C(=O)N2,1,IC50,7.8,1,CHEMBL2403368
COc1ccc2c(c1)/C(=C/c1cc3c([nH]1)CCN(C(C)=O)C3)C(=O)N2,1,IC50,6.68,1,CHEMBL2403367
COc1ccc2c(c1)/C(=C/c1cc3c([nH]1)CCN(C(=O)CCN)C3)C(=O)N2,1,IC50,8.1,1,CHEMBL2403366
Cc1cc(C(=O)Nc2cc(Oc3ccc4nc(NC(=O)C5CC5)nn4c3)ccc2F)n(C)n1,1,IC50,9.59,3,CHEMBL2409778
Cc1cc(C(=O)Nc2cccc(Oc3ccc4nc(NC(=O)C5CC5)sc4c3)c2)n(C)n1,1,IC50,8.44,1,CHEMBL2409790
Cc1ccc(Oc2ccc3nc(NC(=O)C4CC4)nn3c2)cc1NC(=O)C1CCC1,1,IC50,8.52,3,CHEMBL2409789
Cc1ccc(Oc2ccc3nc(NC(=O)C4CC4)nn3c2)cc1NC(=O)CC(C)C,1,IC50,8.7,1,CHEMBL2409788
Cc1ccc(Oc2ccc3nc(NC(=O)C4CC4)nn3c2)cc1NC(=O)c1ccnn1C,1,IC50,8.8,1,CHEMBL2409787
Cc1ccc(Oc2ccc3nc(NC(=O)C4CC4)nn3c2)cc1NC(=O)c1cn(C)nc1C,1,IC50,8.72,1,CHEMBL2409786
Cc1ccc(Oc2ccc3nc(NC(=O)C4CC4)nn3c2)cc1NC(=O)c1scc(C)c1Cl,1,IC50,9.32,1,CHEMBL2409785
Cc1nc(C(=O)Nc2cc(Oc3ccc4nc(NC(=O)C5CC5)nn4c3)ccc2C)c(C)s1,1,IC50,8.82,1,CHEMBL2409784
Cc1cc(C(=O)Nc2ccc(C)c(Oc3ccc4nc(NC(=O)C5CC5)nn4c3)c2)n(C)n1,1,IC50,8.43,1,CHEMBL2409783
Cc1cc(C(=O)Nc2cc(Oc3ccc4nc(NC(=O)C5CC5)sc4n3)ccc2C)n(C)n1,1,IC50,8.92,1,CHEMBL2409782
Cc1cc(C(=O)Nc2cccc(Oc3ccc4nc(NC(=O)C5CC5)sc4n3)c2)n(C)n1,1,IC50,8.89,1,CHEMBL2409781
Cc1cc(C(=O)Nc2cc(Oc3ccc4nc(NC(=O)C5CC5)cn4c3)ccc2C)n(C)n1,1,IC50,8.92,1,CHEMBL2409780
Cc1cc(C(=O)Nc2cccc(Oc3ccc4nc(NC(=O)C5CC5)cn4c3)c2)n(C)n1,1,IC50,8.96,1,CHEMBL2409779
Cc1cc(NC(=O)c2cc(C)nn2C)cc(Oc2ccc3nc(NC(=O)C4CC4)nn3c2)c1,1,IC50,8.68,1,CHEMBL2409777
Cc1cc(C(=O)Nc2cc(Oc3ccc4nc(NC(=O)C5CC5)nn4c3)ccc2C)n(C)n1,1,IC50,8.72,1,CHEMBL2409776
Cc1cc(C(=O)Nc2cccc(Oc3ccc4nc(NC(=O)C5CC5)nn4c3)c2)n(C)n1,1,IC50,8.96,1,CHEMBL2409775
CCCCCCCCCCCCCCCCN1C(=O)c2cccc3c(NCCNCCN(C)C)ccc(c23)C1=O,0,IC50 (>),4.0,1,CHEMBL2407635
CCCCCCCCCCCCN1C(=O)c2cccc3c(NCCNCCN(C)C)ccc(c23)C1=O,0,IC50,4.56,1,CHEMBL598022
CCCCCCCCN1C(=O)c2cccc3c(NCCNCCN(C)C)ccc(c23)C1=O,0,IC50,4.31,1,CHEMBL598852
CCCCCCN1C(=O)c2cccc3c(NCCNCCN(C)C)ccc(c23)C1=O,0,IC50 (>),4.0,1,CHEMBL2407519
CCCCN1C(=O)c2cccc3c(NCCNCCN(C)C)ccc(c23)C1=O,0,IC50 (>),4.0,1,CHEMBL2407518
CCN1C(=O)c2cccc3c(NCCNCCN(C)C)ccc(c23)C1=O,0,IC50 (>),4.0,1,CHEMBL2407517
CN(C)CCNCCNc1ccc2c3c(cccc13)C(=O)N(C)C2=O,0,IC50 (>),4.0,1,CHEMBL2407516
COc1ccc2c(c1)/C(=C\c1ccc3c(/C=C/c4ccc(N5CCN(C)CC5)nc4)n[nH]c3c1)C(=O)N2,1,IC50,6.32,2,CHEMBL2407900
c1ccc(-c2cccc(Nc3ncnc4cc5c(cc34)OCO5)c2)cc1,1,IC50,6.07,1,CHEMBL2419760
COc1cc2c(Oc3ccc(NC(=O)N/N=C/c4ccc(F)cc4F)cc3F)ccnc2cc1OCCCN1CCC(C)CC1,1,IC50,6.16,1,CHEMBL2419669
Cc1[nH]c2c(c1C(=O)N1CCC[C@H]1CN1CCCC1)CCC/C2=C1/C(=O)Nc2ccc(F)cc21,1,IC50,7.93,1,CHEMBL2430253
Cc1[nH]c2c(c1C(=O)N1CCC(N3CCCCC3)CC1)CCC/C2=C1/C(=O)Nc2ccc(F)cc21,1,IC50,8.1,1,CHEMBL2430252
Cc1[nH]c2c(c1C(=O)N1CCOCC1)CCC/C2=C1/C(=O)Nc2ccc(F)cc21,1,IC50,8.96,1,CHEMBL2430251
CCN(CC)CC(O)CNC(=O)c1c(C)[nH]c2c1CCC/C2=C1/C(=O)Nc2ccc(F)cc21,1,IC50,8.6,1,CHEMBL2430250
Cc1[nH]c2c(c1C(=O)NCCCN1CCCC1)CCC/C2=C1/C(=O)Nc2ccc(F)cc21,1,IC50,8.42,1,CHEMBL2430249
Cc1[nH]c2c(c1C(=O)NCCCN1CCOCC1)CCC/C2=C1/C(=O)Nc2ccc(F)cc21,1,IC50,9.0,1,CHEMBL2430248
CCN(CC)CCCNC(=O)c1c(C)[nH]c2c1CCC/C2=C1/C(=O)Nc2ccc(F)cc21,1,IC50,8.57,1,CHEMBL2430247
Cc1[nH]c2c(c1C(=O)NCCc1ccccn1)CCC/C2=C1/C(=O)Nc2ccc(F)cc21,1,IC50,7.94,1,CHEMBL2430198
Cc1[nH]c2c(c1C(=O)NCCO)CCC/C2=C1/C(=O)Nc2ccc(F)cc21,1,IC50,8.96,1,CHEMBL2430262
Cc1[nH]c2c(c1C(=O)NCCN(C)C)CCC/C2=C1/C(=O)Nc2ccc(F)cc21,1,IC50,8.52,1,CHEMBL2430261
Cc1[nH]c2c(c1C(=O)NCCN1CCCC1)CCC/C2=C1/C(=O)Nc2ccc(F)cc21,1,IC50,8.01,1,CHEMBL2430260
Cc1[nH]c2c(c1C(=O)NCCN1CCCCC1)CCC/C2=C1/C(=O)Nc2ccc(F)cc21,1,IC50,8.37,1,CHEMBL2430259
Cc1[nH]c2c(c1C(=O)NCCN1CCOCC1)CCC/C2=C1/C(=O)Nc2ccc(F)cc21,1,IC50,8.8,1,CHEMBL2430258
CCN(CC)CCNC(=O)c1c(C)[nH]c2c1CCC/C2=C1/C(=O)Nc2c(F)cccc21,1,IC50,6.95,1,CHEMBL2430257
CCN(CC)CCNC(=O)c1c(C)[nH]c2c1CCC/C2=C1/C(=O)Nc2cccc(F)c21,1,IC50,7.82,1,CHEMBL2430256
CCN(CC)CCNC(=O)c1c(C)[nH]c2c1CCC/C2=C1/C(=O)Nc2ccc(S(=O)(=O)N(CC)CC)cc21,1,IC50,6.48,1,CHEMBL2429872
CCN(CC)CCNC(=O)c1c(C)[nH]c2c1CCC/C2=C1/C(=O)Nc2ccc(C(=O)OC)cc21,1,IC50,6.78,1,CHEMBL2430255
CCN(CC)CCNC(=O)c1c(C)[nH]c2c1CCC/C2=C1/C(=O)Nc2ccc([N+](=O)[O-])cc21,1,IC50,7.59,1,CHEMBL2430254
CCN(CC)CCNC(=O)c1c(C)[nH]c2c1CCC/C2=C1/C(=O)Nc2ccc(OC)cc21,1,IC50,7.61,1,CHEMBL2430267
CCN(CC)CCNC(=O)c1c(C)[nH]c2c1CCC/C2=C1/C(=O)Nc2ccc(C)cc21,1,IC50,8.64,1,CHEMBL2430266
CCN(CC)CCNC(=O)c1c(C)[nH]c2c1CCC/C2=C1/C(=O)Nc2ccc(Br)cc21,1,IC50,8.41,1,CHEMBL2430265
CCN(CC)CCNC(=O)c1c(C)[nH]c2c1CCC/C2=C1/C(=O)Nc2ccc(Cl)cc21,1,IC50,8.59,1,CHEMBL2430264
CCN(CC)CCNC(=O)c1c(C)[nH]c2c1CCC/C2=C1/C(=O)Nc2ccccc21,1,IC50,8.03,1,CHEMBL2430263
COc1cc2c(Oc3ccc(NC(=O)c4cc(-c5ccc(C)cc5)ccn4)cc3F)ccnc2cc1OCCCN1CCN(C)CC1,1,IC50,6.27,1,CHEMBL2435999
CNS(=O)(=O)Nc1cccc(Cc2c(C)c3cc(Cl)c(OC(=O)N(C)C)cc3oc2=O)c1,0,IC50 (>),4.3,1,CHEMBL3086065
Cc1ccc(C(=O)Nc2ccc(Oc3ccc4nc(NC(=O)C5CC5)cn4c3)c(F)c2)c(=O)n1-c1ccccc1,1,IC50,9.27,3,CHEMBL3093579
O=C(Nc1ccc(Oc2ccc3nc(NC(=O)C4CC4)cn3c2)c(F)c1)c1cccn(-c2ccccc2)c1=O,1,IC50,9.85,3,CHEMBL3093581
Cc1ccc(C(=O)Nc2ccc(Oc3ccc4nc(NC(=O)C5CC5)cn4n3)c(F)c2)c(=O)n1-c1ccccc1,1,IC50,8.85,3,CHEMBL3093582
Cc1ccn(-c2ccccc2)c(=O)c1C(=O)Nc1ccc(Oc2ccc3nc(NC(=O)C4CC4)cn3n2)c(F)c1,1,IC50,8.55,3,CHEMBL3093584
O=C(Nc1ccc(Oc2ccc3nc(NC(=O)C4CC4)cn3n2)c(F)c1)c1cccn(-c2ccccc2)c1=O,1,IC50,9.38,3,CHEMBL3093583
Cn1cc(C(=O)Nc2ccc(Oc3ccc4nc(NC(=O)C5CC5)cn4n3)c(F)c2)c(=O)n1-c1ccccc1,1,IC50,8.25,3,CHEMBL3093585
Cn1cc(C(=O)Nc2ccc(Oc3ccc4nc(NC(=O)C5CC5)cn4n3)cc2)c(=O)n1-c1ccccc1,1,IC50,8.15,3,CHEMBL3093587
Cc1cc(C(=O)Nc2ccc(Oc3ccc4nc(NC(=O)C5CC5)cn4n3)cc2)nn1-c1ccccc1,1,IC50,7.05,1,CHEMBL3093586
Cc1cc(C(=O)Nc2ccc(Oc3ccc4nc(NC(=O)C5CC5)cn4n3)cc2)n(C)n1,1,IC50,7.92,1,CHEMBL3093588
CCN(CC)CCCNC(=O)Nc1cc2c(Nc3ccc(F)c(Cl)c3)ncnc2cc1O[C@H]1CCOC1,0,IC50 (>),5.0,1,CHEMBL3092314
O=C(NCCN1CCCC1)Nc1cc2c(Nc3ccc(F)c(Cl)c3)ncnc2cc1O[C@H]1CCOC1,0,IC50 (>),5.0,1,CHEMBL3092308
COc1cc(-c2cc(NC(=O)Nc3ccc(OCCCN4CCOCC4)cc3C)cc(OC)c2OC)ccc1/C(C)=N/O,1,IC50,8.51,2,CHEMBL3099455
COc1cc(-c2cc(NC(=O)Nc3ccc(OCCN4CCOCC4)cc3C)cc(OC)c2OC)ccc1/C(C)=N/O,1,IC50,6.89,1,CHEMBL3099482
COc1cc(-c2cc(NC(=O)Nc3ccc(OCCN4CCCC4)cc3C)cc(OC)c2OC)ccc1/C(C)=N/O,1,IC50,7.39,1,CHEMBL3099481
COc1cc(-c2cc(NC(=O)Nc3ccc(OCCCN(C)C)cc3C)cc(OC)c2OC)ccc1/C(C)=N/O,1,IC50,7.84,1,CHEMBL3099479
COc1cc2nc(Cl)nc(Nc3ccc(C(=O)O)cc3)c2cc1OC,0,IC50 (>),4.0,1,CHEMBL3098324
COc1cc2nc(Cl)nc(Nc3ccc(S(=O)(=O)O)cc3)c2cc1OC,0,IC50 (>),4.0,1,CHEMBL3098323
CN(C)c1ccc(Nc2nc(Cl)nc3cc4c(cc23)OCO4)cc1,0,IC50 (>),4.0,1,CHEMBL3098320
CS(=O)(=O)c1ccc(Nc2nc(Cl)nc3cc4c(cc23)OCO4)cc1,0,IC50 (>),4.0,1,CHEMBL3098316
COc1cc2nc(Cl)nc(Nc3ccc(S(C)(=O)=O)cc3)c2cc1OC,0,IC50 (>),4.0,1,CHEMBL3098315
CN(C)S(=O)(=O)c1ccc(Nc2nc(Cl)nc3ccccc23)cc1,0,IC50 (>),4.0,1,CHEMBL3098314
O=S(=O)(Nc1nccs1)c1ccc(Nc2nc(Cl)nc3cc4c(cc23)OCO4)cc1,0,IC50 (>),4.0,1,CHEMBL3098311
COc1cc2nc(Cl)nc(Nc3ccc(S(=O)(=O)N(C)C)cc3)c2cc1OC,0,IC50,4.36,1,CHEMBL3098312
COc1cc2nc(Cl)nc(Nc3ccc(N(C)C)cc3)c2cc1OC,0,IC50,4.41,1,CHEMBL3098319
NS(=O)(=O)c1ccc(Nc2nc(Cl)nc3cc4c(cc23)OCO4)cc1,0,IC50,4.57,1,CHEMBL3098318
CN(C)S(=O)(=O)c1ccc(Nc2nc(Cl)nc3cc4c(cc23)OCO4)cc1,0,IC50,4.63,1,CHEMBL3098313
CNS(=O)(=O)c1ccc(Nc2nc(Cl)nc3cc(OC)c(OC)cc23)cc1,1,IC50,6.07,1,CHEMBL3098321
COc1cc(-c2cc(NC(=O)Nc3cc(OCCCN4CCOCC4)ccc3C)cc(OC)c2OC)ccc1C(C)=O,1,IC50,7.48,1,CHEMBL3099476
COc1cc(-c2cc(NC(=O)Nc3cc(OCCN4CCOCC4)ccc3C)cc(OC)c2OC)ccc1C(C)=O,1,IC50,7.62,1,CHEMBL3099475
COc1cc(-c2cc(NC(=O)Nc3cc(OCCN4CCCC4)ccc3C)cc(OC)c2OC)ccc1C(C)=O,1,IC50,7.16,1,CHEMBL3099474
COc1cc(-c2cc(NC(=O)Nc3cc(OCCCN(C)C)ccc3C)cc(OC)c2OC)ccc1C(C)=O,1,IC50,7.75,1,CHEMBL3099472
CCN(CC)CCOc1ccc(C)c(NC(=O)Nc2cc(OC)c(OC)c(-c3ccc(C(C)=O)c(OC)c3)c2)c1,1,IC50,7.78,1,CHEMBL3099471
COc1cc(-c2cc(NC(=O)Nc3cc(OCCN(C)C)ccc3C)cc(OC)c2OC)ccc1C(C)=O,1,IC50,7.15,1,CHEMBL3099470
COc1cc(-c2cc(NC(=O)Nc3ccc(OCCCN4CCOCC4)cc3C)cc(OC)c2OC)ccc1C(C)=O,1,IC50,7.62,1,CHEMBL3099469
COc1cc(-c2cc(NC(=O)Nc3ccc(OCCN4CCCC4)cc3C)cc(OC)c2OC)ccc1C(C)=O,1,IC50,7.89,1,CHEMBL3099467
COc1cc(-c2cc(NC(=O)Nc3ccc(OCCN4CCCCC4)cc3C)cc(OC)c2OC)ccc1C(C)=O,1,IC50,8.28,1,CHEMBL3099466
COc1cc(-c2cc(NC(=O)Nc3ccc(OCCCN(C)C)cc3C)cc(OC)c2OC)ccc1C(C)=O,1,IC50,8.34,1,CHEMBL3099465
CCN(CC)CCOc1ccc(NC(=O)Nc2cc(OC)c(OC)c(-c3ccc(C(C)=O)c(OC)c3)c2)c(C)c1,1,IC50,6.89,1,CHEMBL3099464
COc1cc(-c2cc(NC(=O)Nc3ccc(OCCCN4CCOCC4)cc3)cc(OC)c2OC)ccc1C(C)=O,1,IC50,8.39,1,CHEMBL3099462
COc1cc(-c2cc(NC(=O)Nc3ccc(OCCN4CCCC4)cc3)cc(OC)c2OC)ccc1C(C)=O,1,IC50,6.75,1,CHEMBL3099460
COc1cc(-c2cc(NC(=O)Nc3ccc(OCCN4CCCCC4)cc3)cc(OC)c2OC)ccc1C(C)=O,1,IC50,7.89,1,CHEMBL3099459
COc1cc(-c2cc(NC(=O)Nc3ccc(OCCCN(C)C)cc3)cc(OC)c2OC)ccc1C(C)=O,1,IC50,7.76,1,CHEMBL3099458
O=c1c(O)c(-c2ccc(O)c(O)c2)oc2cc(O)cc(O)c12,1,IC50,6.55,1,CHEMBL50
Cc1c(O)c(O)c(O)c(C=O)c1-c1cc2c(C=O)c(C)c(O)c(O)c2o1,1,IC50,6.41,1,CHEMBL3104855
COCc1c(C)c(O)c(O)c(O)c1C=O,0,IC50 (>),4.52,1,CHEMBL3104853
COC1OC(=O)c2c(O)c(O)c(O)c(C)c21,0,IC50,4.58,1,CHEMBL3104852
Cc1c(O)c(O)c2c(c1C=O)[C@@H]1O[C@H](O2)c2c(C)c(O)c(O)c(O)c2C1=O,1,IC50,6.5,1,CHEMBL3104851
COCCOc1ccn2c(-c3ccc4cccc(O[C@@H]5CCNC[C@H]5F)c4n3)cnc2c1,1,IC50,7.7,2,CHEMBL3109337
COCCOc1ccn2c(-c3ccc4cccc(O[C@@H]5CCNC[C@@H]5F)c4n3)cnc2c1,1,IC50,7.55,1,CHEMBL3109356
COCCOc1ccn2c(-c3ccc4cccc(O[C@H]5CCNC[C@@H]5F)c4n3)cnc2c1,1,IC50,7.8,1,CHEMBL3109338
COCCOc1ccn2c(-c3ccc4cccc(OCCN)c4n3)cnc2c1,1,IC50,6.69,1,CHEMBL3109355
COCCOc1ccn2c(-c3ccc4cccc(OCc5cnc[nH]5)c4n3)cnc2c1,1,IC50,6.67,1,CHEMBL3109354
COCCOc1ccn2c(-c3ccc4cccc(O[C@@H]5CN[C@H](C(=O)OC)C5)c4n3)cnc2c1,1,IC50,6.76,1,CHEMBL3109353
COCCOc1ccn2c(-c3ccc4cccc(O[C@H]5CN[C@H](C(=O)OC)C5)c4n3)cnc2c1,1,IC50,7.11,1,CHEMBL3109352
COCCOc1ccn2c(-c3ccc4cccc(O[C@@H]5CNC[C@H]5OC)c4n3)cnc2c1,1,IC50,6.32,1,CHEMBL3109351
COCCOc1ccn2c(-c3ccc4cccc(OCC5CCNC5)c4n3)cnc2c1,1,IC50,7.16,1,CHEMBL3109350
COCCOc1ccn2c(-c3ccc4cccc(OCC5CNCCO5)c4n3)cnc2c1,1,IC50,6.14,1,CHEMBL3109349
COCCOc1ccn2c(-c3ccc4cccc(O[C@H]5CC[C@H](N)CC5)c4n3)cnc2c1,1,IC50,6.69,1,CHEMBL3109348
COCCOc1ccn2c(-c3ccc4cccc(O[C@@H]5CCNC[C@@H]5O)c4n3)cnc2c1,1,IC50,7.17,1,CHEMBL3109347
COCCOc1ccn2c(-c3ccc4cccc(O[C@@H]5CCCNC5)c4n3)cnc2c1,1,IC50,6.78,1,CHEMBL3109345
COCCOc1ccn2c(-c3ccc4cccc(O[C@H]5CCCNC5)c4n3)cnc2c1,1,IC50,6.99,1,CHEMBL3109344
COCCOc1ccn2c(-c3ccc4cccc(OCC5(F)CCNCC5)c4n3)cnc2c1,1,IC50,7.29,1,CHEMBL3109343
COCCOc1ccn2c(-c3ccc4cccc(OCC5CCNCC5)c4n3)cnc2c1,1,IC50,6.41,1,CHEMBL3109342
COCCOc1ccn2c(-c3ccc4cccc(OC5CCN(C)CC5)c4n3)cnc2c1,1,IC50,7.38,1,CHEMBL3109341
COCCOc1ccn2c(-c3ccc4cccc(OC5CCNCC5)c4n3)cnc2c1,1,IC50,7.41,1,CHEMBL3109340
COCCOc1ccn2c(-c3ccc4cccc(OCC(C)(C)CN)c4n3)cnc2c1,1,IC50,6.89,1,CHEMBL3109339
CCS(=O)(=O)c1ccc(OC)c(Nc2ncc(-c3cc(-c4cccnc4)cc(-c4ccccn4)c3)o2)c1,1,IC50,7.29,1,CHEMBL3109275
CCS(=O)(=O)c1ccc(OC)c(Nc2ncc(-c3cc(-c4cccnc4)cc(-c4cccnc4)c3)o2)c1,1,IC50,6.77,1,CHEMBL3109276
CCS(=O)(=O)c1ccc(OC)c(Nc2ncc(-c3cc(Br)cc(-c4ccccn4)c3)o2)c1,1,IC50,6.7,1,CHEMBL3109277
CCS(=O)(=O)c1ccc(OC)c(Nc2ncc(-c3cc(-c4ccccn4)cc(-c4ccccn4)c3)o2)c1,1,IC50,7.82,2,CHEMBL3109274
COc1cc2c(Oc3ccc(N/C=C4\C(=O)NC(=O)N(c5ccc(C)cc5)C4=O)cc3F)ccnc2cc1OCCCN1CCCC1,1,IC50,6.42,1,CHEMBL3116440
Cc1cc(C)cc(Nc2nccc(N(C)c3ccc4cn(C)nc4c3)n2)c1,1,IC50,7.55,1,CHEMBL3114030
CN(c1ccc2cn(C)nc2c1)c1ccnc(Nc2ccc(OC(F)(F)F)cc2)n1,1,IC50,7.92,1,CHEMBL3114029
COc1cccc(Nc2nccc(N(C)c3ccc4cn(C)nc4c3)n2)c1,1,IC50,6.97,1,CHEMBL3114028
CN(c1ccc2cn(C)nc2c1)c1ccnc(Nc2cccc(Cl)c2)n1,1,IC50,7.14,1,CHEMBL3114027
CN(c1ccc2cn(C)nc2c1)c1ccnc(Nc2cccc(F)c2)n1,1,IC50,7.03,1,CHEMBL3114026
Cc1c2ccc(N(C)c3ccnc(Nc4ccc(OC(F)(F)F)cc4)n3)cc2nn1C,1,IC50,7.14,1,CHEMBL3114025
CSc1ccc(Nc2nccc(N(C)c3ccc4c(C)n(C)nc4c3)n2)cc1,1,IC50,7.29,1,CHEMBL3114024
Cc1cc(C)cc(Nc2nccc(N(C)c3ccc4c(C)n(C)nc4c3)n2)c1,1,IC50,7.68,1,CHEMBL3114023
Cc1cccc(Nc2nccc(N(C)c3ccc4c(C)n(C)nc4c3)n2)c1,1,IC50,7.38,1,CHEMBL3114022
COc1cccc(Nc2nccc(N(C)c3ccc4c(C)n(C)nc4c3)n2)c1,1,IC50,7.42,1,CHEMBL3114021
Cc1c2ccc(N(C)c3ccnc(Nc4cccc(Br)c4)n3)cc2nn1C,1,IC50,7.19,1,CHEMBL3114019
Cc1c2ccc(N(C)c3ccnc(Nc4cccc(F)c4)n3)cc2nn1C,1,IC50,7.11,1,CHEMBL3114018
Cc1c2ccc(N(C)c3ccnc(Nc4cccc(Cl)c4)n3)cc2nn1C,1,IC50,7.6,1,CHEMBL3114020
C[C@H](Nc1nc(Nc2cn(C)cn2)c2cc[nH]c2n1)c1ncc(F)cn1,1,IC50,7.66,1,CHEMBL3116050
C[C@@H](Nc1ncnc2c1cnn2CCc1ccccc1)c1ccccc1,0,IC50,4.28,1,CHEMBL3128227
N#Cc1c(Oc2ccc(F)c(NC(=O)Cc3cccc(C(F)(F)F)c3)c2)ccc2nc(NC(=O)C3CC3)sc12,1,IC50,6.8,1,CHEMBL3125890
N#Cc1c(Oc2cccc(NC(=O)Cc3ccc(C(F)(F)F)cc3)c2)ccc2nc(NC(=O)C3CC3)sc12,1,IC50,6.72,1,CHEMBL3125889
N#Cc1c(Oc2cccc(NC(=O)Cc3cccc(C(F)(F)F)c3)c2)ccc2nc(NC(=O)C3CC3)sc12,1,IC50,6.82,1,CHEMBL3125888
N#Cc1c(Oc2cccc(NC(=O)Cc3ccccc3C(F)(F)F)c2)ccc2nc(NC(=O)C3CC3)sc12,1,IC50,7.0,1,CHEMBL3125887
N#Cc1c(Oc2ccc(F)c(NC(=O)Nc3ccc(C(F)(F)F)cc3)c2)ccc2nc(NC(=O)C3CC3)sc12,1,IC50,6.18,1,CHEMBL3125886
N#Cc1c(Oc2ccc(F)c(NC(=O)Nc3cccc(C(F)(F)F)c3)c2)ccc2nc(NC(=O)C3CC3)sc12,1,IC50,6.14,1,CHEMBL3125885
N#Cc1c(Oc2cccc(NC(=O)Nc3ccc(C(F)(F)F)cc3)c2)ccc2nc(NC(=O)C3CC3)sc12,1,IC50,6.48,1,CHEMBL3125884
N#Cc1c(Oc2cccc(NC(=O)Nc3cccc(C(F)(F)F)c3)c2)ccc2nc(NC(=O)C3CC3)sc12,1,IC50,6.46,1,CHEMBL3125883
N#Cc1c(Oc2cccc(NC(=O)Nc3ccccc3C(F)(F)F)c2)ccc2nc(NC(=O)C3CC3)sc12,1,IC50,6.92,1,CHEMBL3125882
CC(C)(C#N)c1cccc(C(=O)Nc2cccc(Oc3ccc4nc(NC(=O)C5CC5)sc4c3CO)c2)c1,1,IC50,8.13,1,CHEMBL3125881
CC(C)(C#N)c1cccc(C(=O)Nc2cccc(Oc3ccc4nc(NC(=O)C5CC5)sc4c3C(=O)O)c2)c1,1,IC50,7.82,1,CHEMBL3124950
COC(=O)c1c(Oc2cccc(NC(=O)c3cccc(C(C)(C)C#N)c3)c2)ccc2nc(NC(=O)C3CC3)sc12,1,IC50,7.48,1,CHEMBL3125893
CC(C)(C#N)c1cccc(C(=O)Nc2cccc(Oc3ccc4nc(NC(=O)C5CC5)sc4c3C#N)c2)c1,1,IC50,7.12,1,CHEMBL3125891
CC(C)(C#N)c1cccc(C(=O)Nc2cccc(Oc3ccc4nc(NC(=O)C5CC5)sc4c3[N+](=O)[O-])c2)c1,1,IC50,7.16,1,CHEMBL3125892
N#CC1(c2cccc(C(=O)Nc3cc(Oc4ccc5nc(NC(=O)C6CC6)sc5n4)ccc3F)c2Cl)CC1,1,IC50,8.55,1,CHEMBL2063743
CCN(CCO)CCCOc1ccc2c(Nc3cccc(NC(=O)Nc4ccc(F)c(Cl)c4)c3)ncnc2c1,1,IC50,7.02,2,CHEMBL3133758
CCN(CCO)CCCOc1ccc2c(Nc3cccc(NC(=O)Nc4ccc(Cl)c(C(F)(F)F)c4)c3)ncnc2c1,1,IC50,7.04,1,CHEMBL3133757
O=C(Nc1cccc(Nc2ncnc3cc(OCCCN4CCN(CCO)CC4)ccc23)c1)Nc1ccc(Cl)c(C(F)(F)F)c1,1,IC50,7.12,1,CHEMBL3133756
COc1cc2ncnc(Nc3cccc(NC(=O)Nc4ccc(F)c(Cl)c4)c3)c2cc1OCCCN1CCOCC1,0,IC50 (>),5.0,1,CHEMBL3133753
COc1cc2ncnc(Nc3cccc(NC(=O)Nc4ccc(Cl)c(C(F)(F)F)c4)c3)c2cc1OCCCN1CCOCC1,1,IC50,6.67,1,CHEMBL3133752
COc1cc2ncnc(Nc3ccc(NC(=O)Nc4ccc(Cl)c(C(F)(F)F)c4)cc3)c2cc1OCCCN1CCOCC1,1,IC50,7.77,1,CHEMBL3133751
COc1cc2ncnc(Nc3cccc(B(O)O)c3)c2cc1OC,1,IC50,6.41,1,CHEMBL3219509
COCCOc1cc2ncnc(Nc3cccc(B(O)O)c3)c2cc1OCCOC,1,IC50,6.72,1,CHEMBL3217774
COCCOc1cc2ncnc(Nc3cccc(B(O)O)c3)c2cc1OC,1,IC50,6.75,1,CHEMBL3219510
COc1cc2ncnc(Nc3ccc(B(O)O)cc3)c2cc1OC,1,IC50,7.44,1,CHEMBL3219511
COCCOc1cc2ncnc(Nc3ccc(B(O)O)cc3)c2cc1OCCOC,1,IC50,7.43,1,CHEMBL3219512
COCCOc1cc2ncnc(Nc3ccc(B(O)O)cc3)c2cc1OC,1,IC50,6.07,1,CHEMBL3219513
COc1cc(-c2cc(NC(=O)Nc3cc(OCCN4CCCC4)ccc3C)cc(OC)c2OC)ccc1/C(C)=N/O,1,IC50,8.05,1,CHEMBL3220328
COc1cc(-c2cc(NC(=O)Nc3cc(OCCN4CCCCC4)ccc3C)cc(OC)c2OC)ccc1/C(C)=N/O,1,IC50,8.42,1,CHEMBL3220327
COc1cc(-c2cc(NC(=O)Nc3cc(OCCCN(C)C)ccc3C)cc(OC)c2OC)ccc1/C(C)=N/O,1,IC50,8.01,1,CHEMBL3220326
CCN(CC)CCOc1ccc(C)c(NC(=O)Nc2cc(OC)c(OC)c(-c3ccc(/C(C)=N/O)c(OC)c3)c2)c1,1,IC50,8.41,1,CHEMBL3220325
COc1cc(-c2cc(NC(=O)Nc3ccc(OCCCN4CCOCC4)cc3)cc(OC)c2OC)ccc1/C(C)=N/O,1,IC50,8.97,1,CHEMBL3220323
COc1cc(-c2cc(NC(=O)Nc3ccc(OCCN4CCCC4)cc3)cc(OC)c2OC)ccc1/C(C)=N/O,1,IC50,8.39,1,CHEMBL3220321
COc1cc(-c2cc(NC(=O)Nc3ccc(OCCN4CCCCC4)cc3)cc(OC)c2OC)ccc1/C(C)=N/O,1,IC50,8.15,1,CHEMBL3220320
COc1cc(-c2cc(NC(=O)Nc3ccc(OCCCN(C)C)cc3)cc(OC)c2OC)ccc1/C(C)=N/O,1,IC50,6.69,1,CHEMBL3220319
CCN(CC)CCOc1ccc(NC(=O)Nc2cc(OC)c(OC)c(-c3ccc(/C(C)=N/O)c(OC)c3)c2)cc1,1,IC50,8.89,1,CHEMBL3220318
COc1cc(-c2cc(NC(=O)Nc3ccc(OCCN(C)C)cc3)cc(OC)c2OC)ccc1/C(C)=N/O,1,IC50,8.24,1,CHEMBL3220317
CCOC(=O)Nc1ccc(Nc2ncnc3cc(OCCN4CCOCC4)c(OC)cc23)cc1Cl,1,IC50,6.52,1,CHEMBL3221546
CCOC(=O)Nc1ccc(Nc2ncnc3cc(OCCN4CCOCC4)c(OC)cc23)cc1C,1,IC50,6.4,1,CHEMBL3221541
CCCOc1cc2ncnc(Nc3ccc(NC(=O)OCC)c(C)c3)c2cc1OC,1,IC50,6.3,1,CHEMBL3221542
CCCOc1cc2ncnc(Nc3ccc(NC(=O)OCC)c(Cl)c3)c2cc1OC,1,IC50,6.3,1,CHEMBL3221547
CCOC(=O)Nc1ccc(Nc2ncnc3cc(OCCN4CCCCC4)c(OC)cc23)cc1Cl,1,IC50,6.1,1,CHEMBL3221545
CCOC(=O)Nc1ccc(Nc2ncnc3cc(OCCN4CCCCC4)c(OC)cc23)cc1C,1,IC50,6.05,1,CHEMBL3221269
COC(=O)Nc1cc(Nc2ncnc3cc(OC)c(OC)cc23)ccc1Cl,0,IC50 (>),5.0,1,CHEMBL3221559
COc1cc2ncnc(Nc3ccc(NC(C)=O)c(C)c3)c2cc1OC,0,IC50 (>),5.0,1,CHEMBL3221263
CCC(=O)Nc1ccc(Nc2ncnc3cc(OC)c(OC)cc23)cc1C,0,IC50 (>),5.0,1,CHEMBL3221264
C=CC(=O)Nc1cc2c(Nc3ccc(F)c(Cl)c3)ncnc2s1,0,IC50 (>),5.0,1,CHEMBL3233767
O=C(/C=C/CN1CC2CCC1C(=O)C2)Nc1cc2c(Nc3ccc(F)c(Cl)c3)ncnc2s1,0,IC50 (>),5.0,1,CHEMBL3233785
O=C1C(=O)c2c(oc3cc(O)c(O)cc23)-c2oc3cc(O)c(O)cc3c21,0,IC50,4.5,1,CHEMBL3236669
O=C1c2oc3cc(O)c(O)cc3c2C(=O)c2oc3cc(O)c(O)cc3c21,0,IC50,4.16,1,CHEMBL3236668
CC(=O)CC1(O)C(=O)c2c(oc3cc(O)c(O)cc23)-c2oc3cc(O)c(O)cc3c21,0,IC50,4.28,1,CHEMBL3236670
CC(=O)Oc1c2oc3cc(O)c(O)cc3c2c(OC(C)=O)c2oc3cc(O)c(O)cc3c12,0,IC50,4.18,1,CHEMBL458248
Cc1cccc(-c2[nH]c(CNc3ccccc3F)nc2-c2ccc3ncnn3c2)n1,1,IC50,7.01,2,CHEMBL3260567
Cc1cccc(-c2[nH]c(C(C)(C)C)nc2-c2ccc3c(c2)OCO3)n1,0,IC50 (>),5.0,1,CHEMBL226838
Cc1cccc(-c2nn3c(c2-c2ccnc4ccc(C(N)=O)cc24)CCC3)n1,1,IC50,6.36,1,CHEMBL2364611
COc1ccc(Oc2cc(C)c(-c3csc(NC(=O)c4ccnc(F)c4)n3)c(C)c2)cc1,0,IC50 (>),5.0,1,CHEMBL3263869
COc1cc2c(Oc3ccc(NC(=O)c4nn(-c5ccccc5C(F)(F)F)c(=O)cc4C)cc3F)ccnc2cc1OCCCN1CCOCC1,1,IC50,6.37,1,CHEMBL3290931
COc1cc2nccc(Oc3ccc(NC(=O)C4(C(=O)Nc5ccc(F)cc5)CC4)cc3)c2cc1OC,1,IC50,10.52,31,CHEMBL2103868;CHEMBL2105717
COc1ccc(N(C)c2nc(C)nc3cc[nH]c23)cc1,1,IC50,6.74,1,CHEMBL3287223
COc1ccc(N(C)c2nc(C)nc3c(Cc4ccccc4)c[nH]c23)cc1,1,IC50,7.67,1,CHEMBL3287222
Cc1nc(N(C)c2ccccc2)c2[nH]cc(Cc3ccccc3)c2n1,1,IC50,7.3,1,CHEMBL3287221
COc1ccc(Nc2nc(C)nc3c(Cc4ccccc4)c[nH]c23)cc1,1,IC50,7.39,1,CHEMBL3287220
COc1ccc(Nc2nc(C)nc3c(Cc4ccccc4)c[nH]c23)c(OC)c1,1,IC50,7.52,1,CHEMBL3287219
CS(=O)(=O)Cc1cccc(Nc2nccc(Oc3ccc(NC(=O)C4(C(=O)Nc5ccccc5)CC4)cc3)n2)c1,1,IC50,7.8,1,CHEMBL3287303
CS(=O)(=O)Cc1cccc(Nc2nccc(Oc3ccc(NC(=O)C4(C(=O)Nc5ccc(F)cc5)CC4)cc3)n2)c1,1,IC50,7.85,1,CHEMBL3287304
CS(=O)(=O)Cc1cccc(Nc2nccc(Oc3ccc(NC(=O)C4(C(=O)Nc5ccc(Cl)cc5)CC4)cc3)n2)c1,1,IC50,7.52,1,CHEMBL3287305
CS(=O)(=O)Cc1cccc(Nc2nccc(Oc3ccc(NC(=O)C4(C(=O)Nc5ccc(Br)cc5)CC4)cc3)n2)c1,1,IC50,7.21,1,CHEMBL3287306
Cc1ccc(NC(=O)C2(C(=O)Nc3ccc(Oc4ccnc(Nc5cccc(CS(C)(=O)=O)c5)n4)cc3)CC2)cc1,1,IC50,7.27,1,CHEMBL3287307
CS(=O)(=O)Cc1cccc(Nc2nccc(Oc3ccc(NC(=O)C4(C(=O)Nc5ccc(C(F)(F)F)cc5)CC4)cc3)n2)c1,1,IC50,6.66,1,CHEMBL3287308
CS(=O)(=O)Cc1cccc(Nc2nccc(Oc3ccc(NC(=O)C4(C(=O)Nc5ccc(F)cc5)CC4)c(F)c3)n2)c1,1,IC50,8.4,1,CHEMBL3287309
CS(=O)(=O)Cc1cccc(Nc2nccc(Oc3ccc(NC(=O)C4(C(=O)Nc5ccc(F)cc5)CC4)cc3F)n2)c1,1,IC50,8.22,1,CHEMBL3287310
CS(=O)(=O)Cc1cccc(Nc2nccc(Oc3ccc(NC(=O)C4(C(=O)Nc5ccc(Br)cc5)CC4)cc3F)n2)c1,1,IC50,7.33,1,CHEMBL3287311
COc1ccc(NC(=O)C2(C(=O)Nc3ccc(Oc4ccnc(Nc5cccc(CS(C)(=O)=O)c5)n4)c(F)c3)CC2)cc1,1,IC50,8.21,1,CHEMBL3287312
COc1cccc(NC(=O)C2(C(=O)Nc3ccc(Oc4ccnc(Nc5cccc(CS(C)(=O)=O)c5)n4)c(F)c3)CC2)c1,1,IC50,8.25,1,CHEMBL3287313
CS(=O)(=O)Cc1cccc(Nc2nccc(Oc3ccc(NC(=O)C4(C(=O)Nc5ccccc5)CC4)cc3F)n2)c1,1,IC50,7.9,1,CHEMBL3287315
CS(=O)(=O)Cc1cccc(Nc2nccc(Oc3ccc(NC(=O)C4(C(=O)Nc5cccc(F)c5)CC4)cc3F)n2)c1,1,IC50,7.37,1,CHEMBL3287316
CS(=O)(=O)Cc1cccc(Nc2nccc(Oc3ccc(NC(=O)C4(C(=O)Nc5cccc(Cl)c5)CC4)cc3F)n2)c1,1,IC50,8.01,1,CHEMBL3287317
CS(=O)(=O)Cc1cccc(Nc2nccc(Oc3ccc(NC(=O)C4(C(=O)Nc5cccc(C(F)(F)F)c5)CC4)cc3F)n2)c1,1,IC50,7.32,1,CHEMBL3287318
CS(=O)(=O)Cc1cccc(Nc2nccc(Oc3ccc(NC(=O)C4(C(=O)Nc5ccc(Cl)c(C(F)(F)F)c5)CC4)cc3F)n2)c1,1,IC50,7.08,1,CHEMBL3287319
CS(=O)(=O)Cc1cccc(Nc2nccc(Oc3ccc(NC(=O)C4(C(=O)Nc5ccc(C#N)c(C(F)(F)F)c5)CC4)cc3F)n2)c1,1,IC50,7.35,1,CHEMBL3287320
CS(=O)(=O)Cc1ccc(Nc2nccc(Oc3ccc(NC(=O)C4(C(=O)Nc5ccc(F)cc5)CC4)cc3F)n2)cc1,1,IC50,7.28,1,CHEMBL3287321
Cc1ccc(CS(C)(=O)=O)cc1Nc1nccc(Oc2ccc(NC(=O)C3(C(=O)Nc4ccc(F)cc4)CC3)cc2F)n1,1,IC50,7.61,1,CHEMBL3287588
O=C(Nc1ccc(F)cc1)C1(C(=O)Nc2ccc(Oc3ccnc(Nc4ccccc4)n3)c(F)c2)CC1,1,IC50,6.59,1,CHEMBL3287591
CC(=O)c1cccc(Nc2nccc(Oc3ccc(NC(=O)C4(C(=O)Nc5ccc(F)cc5)CC4)cc3F)n2)c1,1,IC50,6.74,1,CHEMBL3287592
COc1cccc(Nc2nccc(Oc3ccc(NC(=O)C4(C(=O)Nc5ccc(F)cc5)CC4)cc3F)n2)c1,1,IC50,6.64,1,CHEMBL3287595
O=C(Nc1ccc(F)cc1)C1(C(=O)Nc2ccc(Oc3ccnc(Nc4cccc(C(F)(F)F)c4)n3)c(F)c2)CC1,1,IC50,6.71,1,CHEMBL3287597
CS(=O)(=O)Cc1cccc(Nc2cc(Oc3ccc(NC(=O)C4(C(=O)Nc5ccc(F)cc5)CC4)cc3F)ncn2)c1,1,IC50,7.26,1,CHEMBL3287601
CS(=O)(=O)Cc1cccc(Nc2cc(Oc3ccc(NC(=O)C4(C(=O)Nc5ccc(F)cc5)CC4)cc3F)ccn2)c1,1,IC50,7.8,1,CHEMBL3287603
Cc1ccc(C(=O)Nc2ccc(CN3CCN(C)CC3)c(C(F)(F)F)c2)cc1C#Cc1cnc2cccnn12,1,IC50,8.82,9,CHEMBL1171837
Nc1ncnc2scc(-c3ccc4c(C(=O)Nc5ccccc5)cccc4c3)c12,1,IC50,9.05,3,CHEMBL3288526
Cc1ccc(NC(=O)c2cccc3cc(-c4cccc5[nH]nc(N)c45)ccc23)cc1,1,IC50,8.89,3,CHEMBL3288505
Nc1n[nH]c2cccc(-c3ccc4c(C(=O)Nc5cc(Cl)cc(Cl)c5)cccc4c3)c12,1,IC50,8.85,2,CHEMBL3288518
CCc1cccc(NC(=O)c2cccc3cc(-c4cccc5[nH]nc(N)c45)ccc23)c1,1,IC50,8.85,3,CHEMBL3288506
Nc1n[nH]c2cccc(-c3ccc4c(C(=O)Nc5ccccc5)cccc4c3)c12,1,IC50,8.8,3,CHEMBL3288502
Nc1n[nH]c2cccc(-c3ccc4c(C(=O)Nc5cc(F)cc(F)c5)cccc4c3)c12,1,IC50,8.8,3,CHEMBL3288515
Cc1cccc(NC(=O)c2cccc3cc(-c4cccc5[nH]nc(N)c45)ccc23)c1,1,IC50,8.68,3,CHEMBL3288504
Nc1n[nH]c2cccc(-c3ccc4c(C(=O)Nc5cccc(F)c5)cccc4c3)c12,1,IC50,8.64,3,CHEMBL3288512
Nc1n[nH]c2cccc(-c3ccc4c(C(=O)Nc5cc(Br)cc(Br)c5)cccc4c3)c12,1,IC50,8.6,2,CHEMBL3288519
Nc1n[nH]c2cccc(-c3ccc4c(C(=O)Nc5ccc(F)cc5F)cccc4c3)c12,1,IC50,8.59,3,CHEMBL3288514
Nc1n[nH]c2cccc(-c3ccc4c(C(=O)NC5CC5)cccc4c3)c12,1,IC50,8.55,3,CHEMBL3288523
Nc1n[nH]c2cccc(-c3ccc4c(C(=O)Nc5cccc(Cl)c5)cccc4c3)c12,1,IC50,8.51,3,CHEMBL3288516
Cc1ccc(NC(=O)c2cccc3cc(-c4cccc5[nH]nc(N)c45)ccc23)c(F)c1,1,IC50,8.48,3,CHEMBL3288509
Cc1ccc(F)c(NC(=O)c2cccc3cc(-c4cccc5[nH]nc(N)c45)ccc23)c1,1,IC50,8.42,3,CHEMBL3288508
Nc1n[nH]c2cccc(-c3ccc4c(C(=O)Nc5cccc(Br)c5)cccc4c3)c12,1,IC50,8.41,3,CHEMBL3288517
Cc1ccc(NC(=O)c2cccc3cc(-c4cccc5[nH]nc(N)c45)ccc23)cc1F,1,IC50,8.35,3,CHEMBL3288510
Cc1cc(NC(=O)c2cccc3cc(-c4cccc5[nH]nc(N)c45)ccc23)no1,1,IC50,8.24,3,CHEMBL3288520
Nc1n[nH]c2cccc(-c3ccc4c(C(=O)Nc5ccccc5F)cccc4c3)c12,1,IC50,8.21,3,CHEMBL3288511
Nc1nccc2occ(-c3ccc4c(C(=O)Nc5ccccc5)cccc4c3)c12,1,IC50,8.15,3,CHEMBL3288524
CCNC(=O)c1cccc2cc(-c3cccc4[nH]nc(N)c34)ccc12,1,IC50,8.15,3,CHEMBL3288522
Nc1nccc2scc(-c3ccc4c(C(=O)Nc5ccccc5)cccc4c3)c12,1,IC50,8.15,3,CHEMBL3288525
Nc1n[nH]c2cccc(-c3ccc4c(C(=O)Nc5cccc(C(F)(F)F)c5)cccc4c3)c12,1,IC50,8.14,2,CHEMBL3288507
Nc1n[nH]c2cccc(-c3ccc4c(C(=O)Nc5ccc(F)cc5)cccc4c3)c12,1,IC50,8.04,3,CHEMBL3288513
Nc1n[nH]c2cccc(-c3ccc4c(C(=O)Nc5cccnc5)cccc4c3)c12,1,IC50,7.7,2,CHEMBL3288521
Cc1ccccc1NC(=O)c1cccc2cc(-c3cccc4[nH]nc(N)c34)ccc12,1,IC50,7.57,3,CHEMBL3288503
Nc1n[nH]c2cccc(-c3ccc4c(c3)OCCN4C(=O)Nc3ccccc3)c12,1,IC50,7.89,2,CHEMBL3288527
CC(C)(C)CNC(=O)CC1CNC(=O)c2cc(-c3ccsc3)cn21,0,IC50 (>),5.0,1,CHEMBL3298400
CN1CCN(C[C@@H](NC(=O)C[C@H]2CNC(=O)c3cc(-c4cccc(Cl)c4)cn32)C2CCCCC2)CC1,0,IC50 (>),5.0,1,CHEMBL3297762
CCCN(c1ccc(OC)cc1)c1nc(C)nc2oc(C)cc12,1,IC50,8.07,1,CHEMBL3297900
CCN(c1ccc(OC)cc1)c1nc(C)nc2oc(C)cc12,1,IC50,7.97,1,CHEMBL3297899
COc1ccc(N(c2nc(C)nc3oc(C)cc23)C(C)C)cc1,1,IC50,7.81,1,CHEMBL3297999
COc1ccc(N(C)c2nc(C)nc3oc(C)cc23)cc1,1,IC50,7.72,3,CHEMBL3297898;CHEMBL3298000
COc1ccc(Nc2nc(C)nc3oc(C)cc23)cc1,1,IC50,7.37,1,CHEMBL3297897
Cc1nc(Nc2cccc3ccccc23)c2cc(C)oc2n1,1,IC50,7.49,1,CHEMBL3297891
CCCCN(c1ccc(OC)cc1)c1nc(C)nc2oc(C)cc12,1,IC50,7.46,1,CHEMBL3297998
Cc1nc(Nc2ccc(F)c(Cl)c2)c2cc(C)oc2n1,1,IC50,7.24,1,CHEMBL3297894
Cc1nc(Nc2ccc(Cl)cc2)c2cc(C)oc2n1,1,IC50,7.15,1,CHEMBL3297895
Cc1nc(Nc2ccc(C(F)(F)F)cc2)c2cc(C)oc2n1,1,IC50,7.18,1,CHEMBL3297893
C#Cc1cccc(Nc2nc(C)nc3oc(C)cc23)c1,1,IC50,7.12,1,CHEMBL3297892
Cc1nc(Nc2ccccc2)c2cc(C)oc2n1,1,IC50,7.3,1,CHEMBL3297816
Cc1nc(Nc2cccc3[nH]ccc23)c2cc(C)oc2n1,1,IC50,6.99,1,CHEMBL3297896
Nc1nccc(Oc2ccc(-n3cc(C(=O)NCc4ccc(F)cc4)ccc3=O)cc2F)c1Cl,0,IC50 (>),4.6,1,CHEMBL3309474
COc1cc(=O)n(-c2ccc(Oc3ccnc(N)c3Cl)c(F)c2)cc1C(=O)NCc1ccc(F)cc1,0,IC50 (>),4.6,1,CHEMBL3309965
COc1cc(=O)n(-c2ccc(Oc3ccnc(N)c3I)c(F)c2)cc1C(=O)NCc1ccc(F)cc1,0,IC50 (>),4.6,1,CHEMBL3309969
COc1ccc(NC(=O)CC(=O)Nc2ccc3c(c2)NC(=O)/C3=C\c2[nH]c(C)c(C(=O)NCCN3CCCC3)c2C)cc1,1,IC50,7.68,1,CHEMBL3322566
Nc1nc2c3c(F)cccc3nc(Cc3ccc4c(c3)OCO4)n2n1,0,IC50 (>),5.0,1,CHEMBL3309990
Nc1ccc2c(c1)nc(Cc1ccc3c(c1)OCO3)n1nc(N)nc21,0,IC50 (>),5.0,1,CHEMBL3309995
OCCCNc1ccc2c(c1)nc(-c1ccc3c(c1)OCO3)n1ncnc21,0,IC50 (>),5.0,1,CHEMBL3309997
Nc1nc2c3ccc(NCCO)cc3nc(Cc3ccc4c(c3)OCO4)n2n1,0,IC50 (>),5.0,1,CHEMBL3309998
CN1CCN(c2cc(F)c3c(c2)nc(Cc2ccc4c(c2)OCO4)n2nc(N)nc32)CC1,0,IC50 (>),5.0,1,CHEMBL3310151
Cc1ccccc1-c1nc2ccc(Nc3ccnc4ccccc34)cc2[nH]1,0,IC50 (>),5.0,1,CHEMBL3323593
COc1ccccc1-c1nc2ccc(Nc3ccnc4ccccc34)cc2[nH]1,0,IC50 (>),5.0,1,CHEMBL3323596
Fc1ccccc1-c1nc2ccc(Nc3ccnc4ccccc34)cc2[nH]1,0,IC50 (>),5.0,1,CHEMBL3323599
Clc1ccccc1-c1nc2ccc(Nc3ccnc4ccccc34)cc2[nH]1,0,IC50 (>),5.0,1,CHEMBL3323602
Clc1ccc(-c2nc3ccc(Nc4ccnc5ccccc45)cc3[nH]2)cc1,1,IC50,6.62,1,CHEMBL3323604
Brc1ccc(-c2nc3ccc(Nc4ccnc5ccccc45)cc3[nH]2)cc1,1,IC50,6.75,1,CHEMBL3323605
FC(F)(F)c1ccccc1-c1nc2ccc(Nc3ccnc4ccccc34)cc2[nH]1,0,IC50 (>),5.0,1,CHEMBL3323606
FC(F)(F)c1cccc(-c2nc3ccc(Nc4ccnc5ccccc45)cc3[nH]2)c1,0,IC50 (>),5.0,1,CHEMBL3323609
FC(F)(F)c1ccc(-c2nc3ccc(Nc4ccnc5ccccc45)cc3[nH]2)cc1,0,IC50 (>),5.0,1,CHEMBL3323610
Clc1ccc(-c2nc3ccc(Nc4ccnc5ccccc45)cc3[nH]2)cc1Cl,1,IC50,7.52,1,CHEMBL3323612
Clc1cc(Cl)cc(-c2nc3ccc(Nc4ccnc5ccccc45)cc3[nH]2)c1,1,IC50,7.1,1,CHEMBL3323613
O=C(Nc1ccc(Nc2ccc([N+](=O)[O-])c3ncnc(O)c23)cc1)Nc1ccc(C(F)(F)F)cc1Cl,1,IC50,7.92,1,CHEMBL3310052
Cc1ncc([N+](=O)[O-])n1CCOc1ncnc2ccccc12,1,IC50,8.56,1,CHEMBL3310053
COc1cc2c(Oc3ccc(NC(=O)c4nn(-c5ccc(F)cc5)c(=O)c5ccccc45)cc3F)ccnc2cc1OCCCN1CCCC1,1,IC50,7.15,1,CHEMBL3309402
c1ccc(-c2nc3ccc(Nc4ncnc5ccccc45)cc3[nH]2)cc1,1,IC50,6.08,1,CHEMBL3321892
COc1ccccc1-c1nc2ccc(Nc3ncnc4ccccc34)cc2[nH]1,0,IC50 (>),5.0,1,CHEMBL3321896
Oc1ccccc1-c1nc2ccc(Nc3ncnc4ccccc34)cc2[nH]1,0,IC50 (>),5.0,1,CHEMBL3321897
Fc1cccc(-c2nc3ccc(Nc4ncnc5ccccc45)cc3[nH]2)c1,1,IC50,6.09,1,CHEMBL3321900
Fc1ccc(-c2nc3ccc(Nc4ncnc5ccccc45)cc3[nH]2)cc1,1,IC50,7.7,1,CHEMBL3321901
Clc1ccc(-c2nc3ccc(Nc4ncnc5ccccc45)cc3[nH]2)cc1,1,IC50,7.05,1,CHEMBL3321904
Brc1ccc(-c2nc3ccc(Nc4ncnc5ccccc45)cc3[nH]2)cc1,1,IC50,6.42,1,CHEMBL3321905
FC(F)(F)c1ccccc1-c1nc2ccc(Nc3ncnc4ccccc34)cc2[nH]1,0,IC50 (>),5.0,1,CHEMBL3321906
FC(F)(F)c1cccc(-c2nc3ccc(Nc4ncnc5ccccc45)cc3[nH]2)c1,0,IC50 (>),5.0,1,CHEMBL3321907
Clc1cccc(Cl)c1-c1nc2ccc(Nc3ncnc4ccccc34)cc2[nH]1,0,IC50 (>),5.0,1,CHEMBL3321909
Clc1ccc(-c2nc3ccc(Nc4ncnc5ccccc45)cc3[nH]2)cc1Cl,1,IC50,6.12,1,CHEMBL3321910
CN1CCN(C2CCN(C(=O)Nc3cc(Oc4ccc(NC(=O)C5(C(=O)Nc6ccc(F)cc6)CC5)c(F)c4)ccn3)CC2)CC1,1,IC50,7.8,2,CHEMBL3039525
Clc1ccc(-c2ccc(-c3nccn3-c3ccc(N4CCNCC4)cc3)o2)cc1,0,IC50 (>),4.52,1,CHEMBL3314140
COc1cc(-c2c[nH]c(=O)c(-c3cc(OC)c(OC)c(OC)c3)n2)ccc1O,1,IC50,6.7,1,CHEMBL3358999
COc1cc(-c2nc(-c3cccc(Cl)c3)c[nH]c2=O)cc(OC)c1OC,0,IC50,4.25,1,CHEMBL3358994
COc1cccc(-c2c[nH]c(=O)c(-c3cc(OC)c(OC)c(OC)c3)n2)c1,0,IC50,4.64,1,CHEMBL3358992
COc1cc(-c2nc(-c3c[nH]c4ccc(O)cc34)c[nH]c2=O)cc(OC)c1OC,1,IC50,6.0,1,CHEMBL3358977
CCNC(=O)Nc1ccc2ncc(-c3ccc(OC)cc3)cc2n1,0,IC50 (>),4.0,1,CHEMBL3318023
CCNC(=O)Nc1ccc2ncc(-c3ccc(OC)c(OC)c3)cc2n1,0,IC50 (>),4.0,1,CHEMBL3318024
COc1ccc(-c2cnc3ccc(NC(=O)NC(C)(C)C)nc3c2)cc1OC,0,IC50 (>),4.0,1,CHEMBL3318025
COc1cc(-c2cnc3ccc(NC(=O)NC(C)(C)C)nc3c2)ccc1O,0,IC50 (>),4.0,1,CHEMBL3318026
Cn1cc(-c2cnc3ccc(NC(=O)NC(C)(C)C)nc3c2)cn1,0,IC50 (>),4.0,1,CHEMBL3318027
Cn1cc(-c2cnc3ccc(NC(=O)Nc4ccccc4)nc3c2)cn1,0,IC50 (>),4.0,1,CHEMBL3318028
Cn1cc(-c2cnc3ccc(NC(=O)NCc4ccccc4)nc3c2)cn1,0,IC50 (>),4.0,1,CHEMBL3318029
Cn1cc(-c2cnc3ccc(NC(=O)NCCc4ccccc4)nc3c2)cn1,0,IC50 (>),4.0,1,CHEMBL3318030
CCN(CC)CCCNc1nc(-c2ccc(NC(=O)Nc3ccc(Cl)cc3)cc2)nc2ccsc12,0,IC50 (>),5.0,1,CHEMBL3326099
CN(C)Cc1ccc(/C=C/c2n[nH]c3cc([C@@H]4C[C@@]45C(=O)Nc4ccccc45)ccc23)cc1,1,IC50,6.96,1,CHEMBL3353347
O=C1Nc2ccccc2[C@]12C[C@H]2c1ccc2cn[nH]c2c1,0,IC50 (>),5.0,1,CHEMBL3353338
CN(C)Cc1ccc(/C=C/c2n[nH]c3cc(/C=C4/C(=O)Nc5ccccc54)ccc23)cc1,1,IC50,7.66,1,CHEMBL2407897
O=C1Nc2ccccc2/C1=C\c1ccc2c(/C=C/c3ccncc3)n[nH]c2c1,1,IC50,7.47,1,CHEMBL2407749
COc1ccc2c(c1)[C@]1(C[C@H]1c1ccc3c(/C=C/c4ccc(CN(C)C)cc4)n[nH]c3c1)C(=O)N2,1,IC50,6.04,1,CHEMBL3353348
COc1ccc2c(c1)[C@]1(C[C@H]1c1ccc3c(/C=C/c4ccc(CN5CCOCC5)cc4)n[nH]c3c1)C(=O)N2,0,IC50,4.62,1,CHEMBL3353355
CN1CCN(Cc2ccc(/C=C/c3n[nH]c4cc([C@@H]5C[C@@]56C(=O)Nc5ccccc56)ccc34)cc2)CC1,1,IC50,6.92,1,CHEMBL3353359
O=C1Nc2ccccc2[C@]12C[C@H]2c1ccc2c(/C=C/c3ccc(CN4CCCCC4)cc3)n[nH]c2c1,1,IC50,7.92,1,CHEMBL3353362
COc1cc2c(Oc3ccc(NC(=O)c4nnn(-c5ccc(F)cc5)c4C(F)(F)F)cc3F)ccnc2cc1OCCCN1CCCC1,1,IC50,7.18,1,CHEMBL3343366
CN(C)[C@@H](CS(C)(=O)=O)c1ccc(-c2ccc3ncnc(Nc4ccc(OCc5cccc(F)c5)c(Cl)c4)c3c2)o1,0,IC50 (>),3.7,1,CHEMBL3344221
CS(=O)(=O)C[C@H](N)c1ccc(-c2ccc3ncnc(Nc4ccc(OCc5cccc(F)c5)c(Cl)c4)c3c2)o1,0,IC50 (>),3.7,1,CHEMBL3344220
CCCCCCC(=O)ON[C@H](CS(C)(=O)=O)c1ccc(-c2ccc3ncnc(Nc4ccc(OCc5cccc(F)c5)c(Cl)c4)c3c2)o1,0,IC50 (>),3.7,1,CHEMBL3344219
CCCCC(=O)ON[C@H](CS(C)(=O)=O)c1ccc(-c2ccc3ncnc(Nc4ccc(OCc5cccc(F)c5)c(Cl)c4)c3c2)o1,0,IC50 (>),3.7,1,CHEMBL3344218
CCC(=O)ON[C@H](CS(C)(=O)=O)c1ccc(-c2ccc3ncnc(Nc4ccc(OCc5cccc(F)c5)c(Cl)c4)c3c2)o1,0,IC50 (>),3.7,1,CHEMBL3344217
CN(C)[C@H](CS(C)(=O)=O)c1ccc(-c2ccc3ncnc(Nc4ccc(OCc5cccc(F)c5)c(Cl)c4)c3c2)o1,0,IC50 (>),3.7,1,CHEMBL3344216
CS(=O)(=O)C[C@@H](N)c1ccc(-c2ccc3ncnc(Nc4ccc(OCc5cccc(F)c5)c(Cl)c4)c3c2)o1,0,IC50 (>),3.7,1,CHEMBL3344215
CS(=O)(=O)CCNC(CS(C)(=O)=O)c1ccc(-c2ccc3ncnc(Nc4ccc(OCc5cccc(F)c5)c(Cl)c4)c3c2)o1,0,IC50 (>),3.7,1,CHEMBL3344214
CC(C)NC(CS(C)(=O)=O)c1ccc(-c2ccc3ncnc(Nc4ccc(OCc5cccc(F)c5)c(Cl)c4)c3c2)o1,0,IC50 (>),3.7,1,CHEMBL3344213
CS(=O)(=O)CC(NC1CCCCC1)c1ccc(-c2ccc3ncnc(Nc4ccc(OCc5cccc(F)c5)c(Cl)c4)c3c2)o1,0,IC50 (>),3.7,1,CHEMBL3344212
CCNC(CS(C)(=O)=O)c1ccc(-c2ccc3ncnc(Nc4ccc(OCc5cccc(F)c5)c(Cl)c4)c3c2)o1,0,IC50 (>),3.7,1,CHEMBL3344211
CN(C)C(CS(C)(=O)=O)c1ccc(-c2ccc3ncnc(Nc4ccc(OCc5cccc(F)c5)c(Cl)c4)c3c2)o1,0,IC50 (>),3.7,1,CHEMBL3344208
CNC(CS(C)(=O)=O)c1ccc(-c2ccc3ncnc(Nc4ccc(OCc5cccc(F)c5)c(Cl)c4)c3c2)o1,0,IC50 (>),3.7,1,CHEMBL3344210
CS(=O)(=O)CC(N)c1ccc(-c2ccc3ncnc(Nc4ccc(OCc5cccc(F)c5)c(Cl)c4)c3c2)o1,0,IC50 (>),3.7,1,CHEMBL3344209
COC1CCN(c2nccc(Nc3cc4[nH]c(-c5cn[nH]c5)cc4cn3)n2)CC1,1,IC50,6.66,1,CHEMBL3354186
COC1CCN(c2nccc(Nc3cc4c(cn3)cc(-c3cn[nH]c3)n4C(C)C)n2)CC1,1,IC50,7.92,1,CHEMBL3354187
COC1CCN(c2nccc(Nc3cc4c(cn3)ncn4C(C)C)n2)CC1,0,IC50 (>),5.0,1,CHEMBL3354190
Cc1cc(/C=N/NC(=O)Nc2ccc(-c3nc(N4CCOCC4)c4sccc4n3)cc2)cc(C)c1O,0,IC50 (>),5.0,1,CHEMBL3343621
COc1cc2c(Oc3ccc(CC(=O)N/N=C/c4ccc(C(F)(F)F)cc4)cc3F)ccnc2cc1OCCCN1CCCC1,1,IC50,6.25,1,CHEMBL3339360
O=C(Nc1ccc(Cl)c(C(=O)Nc2ccc(-c3ncc[nH]3)nc2)c1)c1ccc(Cl)c(C(F)(F)F)c1,0,IC50,4.73,1,CHEMBL3393803
O=C(Nc1ccc(Cl)c(C(F)(F)F)c1)c1ccc(Cl)c(C(=O)Nc2ccc(-c3ncc[nH]3)nc2)c1,0,IC50,4.63,1,CHEMBL3393897
CN(C)CCCOc1ccc(NC(=O)c2cccc(-c3cccc(O)c3)c2)cc1,1,IC50,6.2,1,CHEMBL3397925
CCN(CC)CCOc1ccc(NC(=O)c2cccc(-c3cccc(O)c3)c2)cc1,1,IC50,6.44,1,CHEMBL3397927
O=C(Nc1ccc(OCCN2CCCC2)cc1)c1cccc(-c2cccc(O)c2)c1,1,IC50,7.5,1,CHEMBL3397928
O=C(Nc1ccc(OCCN2CCCCC2)cc1)c1cccc(-c2cccc(O)c2)c1,1,IC50,6.67,1,CHEMBL3397929
O=C(Nc1ccc(OCCN2CCOCC2)cc1)c1cccc(-c2cccc(O)c2)c1,1,IC50,7.2,1,CHEMBL3397930
O=C(Nc1ccc(OCCCN2CCOCC2)cc1)c1cccc(-c2cccc(O)c2)c1,1,IC50,7.27,1,CHEMBL3397931
CN(C)CCCOc1ccc(NC(=O)c2cccc(-c3cccc(O)c3)c2)cc1F,1,IC50,7.84,1,CHEMBL3397932
CN(C)CCOc1ccc(NC(=O)c2cccc(-c3cccc(O)c3)c2)cc1F,1,IC50,8.7,1,CHEMBL3397933
CCN(CC)CCOc1ccc(NC(=O)c2cccc(-c3cccc(O)c3)c2)cc1F,1,IC50,8.06,1,CHEMBL3397934
O=C(Nc1ccc(OCCN2CCCC2)c(F)c1)c1cccc(-c2cccc(O)c2)c1,1,IC50,8.31,1,CHEMBL3397935
O=C(Nc1ccc(OCCN2CCCCC2)c(F)c1)c1cccc(-c2cccc(O)c2)c1,1,IC50,7.35,1,CHEMBL3397936
O=C(Nc1ccc(OCCN2CCOCC2)c(F)c1)c1cccc(-c2cccc(O)c2)c1,1,IC50,6.89,1,CHEMBL3397937
CN(C)CCCOc1ccc(NC(=O)c2cccc(-c3cccc(O)c3)c2)cc1Cl,1,IC50,7.07,1,CHEMBL3397939
CN(C)CCOc1ccc(NC(=O)c2cccc(-c3cccc(O)c3)c2)cc1Cl,1,IC50,7.56,1,CHEMBL3397940
CCN(CC)CCOc1ccc(NC(=O)c2cccc(-c3cccc(O)c3)c2)cc1Cl,1,IC50,6.8,1,CHEMBL3397941
O=C(Nc1ccc(OCCN2CCCC2)c(Cl)c1)c1cccc(-c2cccc(O)c2)c1,1,IC50,7.75,1,CHEMBL3397942
O=C(Nc1ccc(OCCN2CCOCC2)c(Cl)c1)c1cccc(-c2cccc(O)c2)c1,1,IC50,7.11,1,CHEMBL3397944
O=C(Nc1ccc(OCCCN2CCOCC2)c(Cl)c1)c1cccc(-c2cccc(O)c2)c1,1,IC50,6.9,1,CHEMBL3397945
COc1ccc(C(=O)Nc2ccc(OCCCN(C)C)cc2)c(-c2cccc(O)c2)c1O,1,IC50,7.14,1,CHEMBL3397946
COc1ccc(C(=O)Nc2ccc(OCCN(C)C)cc2)c(-c2cccc(O)c2)c1O,1,IC50,6.46,1,CHEMBL3397947
CCN(CC)CCOc1ccc(NC(=O)c2ccc(OC)c(O)c2-c2cccc(O)c2)cc1,1,IC50,7.16,1,CHEMBL3397915
COc1ccc(C(=O)Nc2ccc(OCCN3CCCC3)cc2)c(-c2cccc(O)c2)c1O,1,IC50,6.74,1,CHEMBL3397916
COc1ccc(C(=O)Nc2ccc(OCCN3CCCCC3)cc2)c(-c2cccc(O)c2)c1O,1,IC50,8.36,1,CHEMBL3397917
COc1ccc(C(=O)Nc2ccc(OCCCN3CCOCC3)cc2)c(-c2cccc(O)c2)c1O,1,IC50,7.82,1,CHEMBL3397918
COc1ccc(C(=O)Nc2ccc(OCCN3CCCC3)c(F)c2)c(-c2cccc(O)c2)c1O,1,IC50,8.03,1,CHEMBL3397920
COc1ccc(C(=O)Nc2ccc(OCCN(C)C)c(Cl)c2)c(-c2cccc(O)c2)c1O,1,IC50,6.88,1,CHEMBL3397922
COc1ccc(C(=O)Nc2ccc(OCCN3CCCC3)c(Cl)c2)c(-c2cccc(O)c2)c1O,1,IC50,7.64,1,CHEMBL3397923
COc1ccc(C(=O)Nc2ccc(OCCN3CCCCC3)c(Cl)c2)c(-c2cccc(O)c2)c1O,1,IC50,7.02,1,CHEMBL3397924
Nc1nccc(Oc2ccc(NC(=O)Nc3ccc(Cl)c(C(F)(F)F)c3)cc2)n1,1,IC50,7.64,1,CHEMBL3409414
Nc1nccc(Oc2ccc(NC(=O)Nc3nc4ccccc4s3)cc2)n1,1,IC50,6.92,1,CHEMBL3409415
CNC(=O)c1nccc(Oc2ccc(NC(=O)Nc3nc4ccccc4s3)cc2)n1,1,IC50,7.44,1,CHEMBL3409416
CNC(=O)c1cc(Oc2ccc(NC(=O)Nc3cc(C(C)(C)C)on3)cc2)ccn1,1,IC50,7.77,1,CHEMBL353584
N#Cc1cc(Oc2ccc(NC(=O)Nc3ccc(Cl)c(C(F)(F)F)c3)cc2)ccn1,1,IC50,6.67,1,CHEMBL3409417
O=C(Nc1ccc(Oc2ccnc3ccccc23)cc1)Nc1ccc(Cl)c(C(F)(F)F)c1,1,IC50,6.92,1,CHEMBL3409418
[2H]C([2H])([2H])Oc1cc2nccc(Oc3ccc(NC(=O)Nc4cc(C)on4)c(Cl)c3)c2cc1OC([2H])([2H])[2H],1,IC50,8.62,1,CHEMBL3426917
Cc1cc2c(F)c(Oc3ncnn4cc(OC[C@@H](C)OS(=O)(=O)O)c(C)c34)ccc2[nH]1,1,IC50,7.55,1,CHEMBL3527569
Cc1c(OC[C@@H](C)O)cn2ncnc(Oc3ccc4[nH]c(CO)cc4c3F)c12,1,IC50,7.11,1,CHEMBL3526621
Cc1c(OC[C@@H](C)O)cn2ncnc(Oc3ccc4[nH]c(C(=O)O)cc4c3F)c12,0,IC50 (>),4.52,1,CHEMBL3526543
Cc1cc(F)c(NC(=O)NCCC(C)(C)C)cc1-c1cc2cnc(N)nc2nc1C,1,IC50,6.27,1,CHEMBL3577122
CNc1cc2nc(C)c(-c3cc(NC(=O)NCCC(C)(C)C)c(F)cc3C)cc2cn1,1,IC50,6.77,1,CHEMBL3577121
CNc1cc2nc(C)c(-c3ccc(F)c(NC(=O)NCCC(C)(C)C)c3)cc2cn1,1,IC50,7.48,1,CHEMBL3577120
CNc1ncc2cc(-c3ccc(F)c(NC(=O)NCCC(C)(C)C)c3)c(C)nc2n1,1,IC50,6.12,1,CHEMBL3577119
CNc1cc2nc(C)c(-c3cc(NC(=O)NC[C@@H](O)C(C)(C)C)c(F)cc3C)cc2cn1,1,IC50,6.12,1,CHEMBL3577117
CCn1c(=O)c(-c2cc(NC(=O)NCCC(C)(C)C)c(F)cc2C)cc2cnc(NC)cc21,1,IC50,7.6,1,CHEMBL3577116
CCn1c(=O)c(-c2ccc(F)c(NC(=O)Nc3cc(C(C)(C)C)no3)c2)cc2cnc(NC)cc21,1,IC50,8.72,1,CHEMBL3577115
CNc1cc2c(cn1)cc(-c1ccc(F)c(NC(=O)Nc3cc(C(C)(C)C)no3)c1)c(=O)n2[C@H]1CCOC1,1,IC50,9.34,1,CHEMBL3577114
CCCS(=O)(=O)Nc1ccc(F)c(C(=O)c2c[nH]c3ncc(-c4ccc(Cl)cc4)cc23)c1F,1,IC50,6.44,1,CHEMBL1229517
O=C(O)CN1CCN(c2cc(-c3cnc4ccc(N5CCC[C@@H]5c5cccc(F)c5)nn34)ccn2)CC1,1,IC50,6.0,1,CHEMBL3582441
O=C(Nc1ccc(-c2cccnc2)cc1)Nc1cc(Br)cc(C(F)(F)F)c1,1,IC50,9.44,1,CHEMBL3586049
O=C(Nc1ccc(-c2cccnc2)cc1)Nc1ccc(OC(F)(F)F)cc1Br,1,IC50,8.34,1,CHEMBL3586051
O=C(Nc1ccc(-c2cccnc2)cc1)Nc1cc(Br)ccc1OC(F)(F)F,1,IC50,7.2,1,CHEMBL3586052
O=C(Nc1ccc(-c2cccnc2)cc1)Nc1ccc(Cl)c(Cl)c1,1,IC50,8.66,1,CHEMBL3586056
O=C(Nc1ccc(-c2cccnc2)cc1)Nc1cc(C(F)(F)F)cc(C(F)(F)F)c1,1,IC50,9.66,1,CHEMBL3586057
CC(C)(C)C(=O)Nc1ccc(-c2ccc(NC(=O)Nc3cc(Br)cc(C(F)(F)F)c3)cc2)cn1,1,IC50,6.14,1,CHEMBL3586058
CC(C)(C)C(=O)Nc1ccc(-c2ccc(NC(=O)Nc3ccc(Cl)c(Cl)c3)cc2)cn1,1,IC50,7.88,1,CHEMBL3586065
CNC(=O)c1ccc(-c2ccc(NC(=O)Nc3ccc(Cl)c(C(F)(F)F)c3)cc2)cn1,1,IC50,7.0,1,CHEMBL3586070
CNC(=O)c1cc(-c2ccc(NC(=O)Nc3ccc(Cl)c(C(F)(F)F)c3)cc2)ccn1,1,IC50,9.82,1,CHEMBL3586071
CNC(=O)c1ccc(-c2ccc(NC(=O)Nc3cc(Br)cc(C(F)(F)F)c3)cc2)cn1,1,IC50,9.85,1,CHEMBL3586072
O=C(Nc1ccc(/N=C2\C(=O)Nc3ccc(Cl)cc32)cc1)Nc1cccc(Cl)c1,1,IC50,6.12,1,CHEMBL3589813
O=C(Nc1ccc(Cl)cc1)Nc1ccc(/N=C2\C(=O)Nc3ccc(Cl)cc32)cc1,1,IC50,6.15,1,CHEMBL3589814
NS(=O)(=O)c1ccc(NC(=O)Nc2ccc(/N=C3\C(=O)Nc4ccc(Cl)cc43)cc2)cc1,1,IC50,6.51,1,CHEMBL3589200
CN(C)CC(=O)N1CCC(c2cc(-c3cnc(N)c(-n4nnc5ccccc54)n3)n(C)n2)CC1,1,IC50,7.05,1,CHEMBL3590225
CN(C)CC(=O)N1CCC(n2ncc(-c3cnc(N)c(-n4nnc5ccccc54)n3)n2)CC1,1,IC50,6.68,1,CHEMBL3590221
CN(C)CC(=O)N1CCC(n2ccc(-c3cnc(N)c(-n4nnc5ccccc54)n3)n2)CC1,1,IC50,6.77,1,CHEMBL3590220
CN(C)CC(=O)N1CCC(n2cc(-c3cnc(N)c(-n4nnc5ccccc54)n3)cn2)CC1,1,IC50,7.54,1,CHEMBL3590219
COc1cc2c(Oc3ccc(NC(=O)c4[nH]c(=O)n(-c5ccccc5Cl)c4C)cc3F)ccnc2cc1OCCCN1CCN(C)CC1,1,IC50,7.03,1,CHEMBL3594105
CO[C@@H]1[C@H](N(C)C(=O)c2ccccc2)C[C@H]2O[C@]1(C)n1c3ccccc3c3c4c(c5c6ccccc6n2c5c31)C(=O)NC4,1,IC50,6.6,1,CHEMBL608533
Cc1cc(NC(=O)Nc2ccc(-c3cnc(NC(=O)c4ccc(OCCN5CCOCC5)cc4)s3)cc2)no1,1,IC50,6.43,1,CHEMBL3593296
CCN1CCN(c2cc(Nc3ncc(-c4ccc(NC(=O)OCc5ccccc5)cc4)s3)nc(C)n2)CC1,1,IC50,6.92,1,CHEMBL3593294
CCN1CCN(c2cc(Nc3ncc(-c4ccc(NS(=O)(=O)c5ccccc5)cc4)s3)nc(C)n2)CC1,1,IC50,6.77,1,CHEMBL3593293
CCN1CCN(c2cc(Nc3ncc(-c4ccc(NC(=O)Nc5cc(C6CC6)on5)cc4)s3)nc(C)n2)CC1,1,IC50,7.82,1,CHEMBL3593292
CCc1cc(NC(=O)Nc2ccc(-c3cnc(Nc4cc(N5CCC(N)C5)nc(C)n4)s3)cc2)no1,1,IC50,8.15,1,CHEMBL3593291
CCc1cc(NC(=O)Nc2ccc(-c3cnc(Nc4cc(N5CCN(CC)CC5)nc(C)n4)s3)cc2)no1,1,IC50,7.6,1,CHEMBL3593290
CCCCc1cc(NC(=O)Nc2ccc(-c3cnc(Nc4cc(N5CCN(C)CC5)nc(C)n4)s3)cc2)no1,1,IC50,7.26,1,CHEMBL3593289
CCc1cc(NC(=O)Nc2ccc(-c3cnc(Nc4cc(N5CCN(C)CC5)nc(C)n4)s3)cc2)no1,1,IC50,8.0,1,CHEMBL3593288
Cc1nc(Nc2ncc(-c3ccc(NC(=O)Nc4cc(C)on4)cc3)s2)cc(N2CCN(C)CC2)n1,1,IC50,7.82,1,CHEMBL3593287
Cc1nc(Nc2ncc(-c3ccc(NC(=O)Nc4cccc(Cl)c4)cc3)s2)cc(N2CCNCC2)n1,1,IC50,7.51,1,CHEMBL3593286
CCN1CCN(c2cc(Nc3ncc(-c4ccc(NC(=O)Nc5ccc(Cl)cc5)cc4)s3)nc(C)n2)CC1,1,IC50,7.37,1,CHEMBL3593285
Cc1nc(Nc2ncc(-c3ccc(NC(=O)Nc4ccccc4)cc3)s2)cc(N2CCC(N)CC2)n1,1,IC50,7.28,1,CHEMBL3593284
Cc1nc(Nc2ncc(-c3ccc(NC(=O)Nc4ccccc4)cc3)s2)cc(N2CCN(C)CC2)n1,1,IC50,6.8,1,CHEMBL3593283
Cn1cc(-c2cncc(-c3ccc(NC(=O)Nc4cc(C(C)(C)C)nn4C)cc3)n2)cn1,1,IC50,6.02,1,CHEMBL3596893
Cn1cc(-c2cncc(-c3ccc(NC(=O)Nc4cc(C(C)(C)C)no4)cc3)n2)cn1,1,IC50,6.0,1,CHEMBL3596892
C[C@H](CO)Nc1nc(Nc2ccc([S+](N)[O-])cc2)ncc1Br,1,IC50,7.47,1,CHEMBL3604466
C[C@@H](O)[C@@H](C)Nc1nc(Nc2ccc([S+](N)[O-])cc2)ncc1Br,1,IC50,7.23,1,CHEMBL3604467
C[C@@H](O)[C@@H](C)Oc1nc(Nc2ccc([S+](N)[O-])cc2)ncc1Br,1,IC50,6.91,1,CHEMBL3604468
CC[S@@](=N)(=O)c1ccc(Nc2ncc(Br)c(N[C@H](C)[C@@H](C)O)n2)cc1,1,IC50,7.5,1,CHEMBL3604469
C[C@@H](O)[C@@H](C)Oc1nc(Nc2ccc(S(=N)(=O)C3CC3)cc2)ncc1C(F)(F)F,1,IC50,6.79,2,CHEMBL4442620
NC(=O)c1cc(F)cc2c1C(=O)N(C1CCN(C3CCC(F)(F)CC3)CC1)C2,0,IC50 (>),5.0,1,CHEMBL3606021
CNC(=O)Cn1cc(-c2cnc(N)c3c(-c4ccc(Oc5ccccc5)cc4)csc23)cn1,1,IC50,6.55,1,CHEMBL3605107
Cn1cc(-c2cnc(N)c3c(-c4ccc(Oc5ccccc5)cc4)csc23)cn1,1,IC50,6.46,1,CHEMBL3605102
O=C(Nc1ccccc1)Nc1ccccc1Sc1ccnc2ccsc12,0,IC50 (>),4.0,1,CHEMBL3612224
COc1ccc(NC(=O)Nc2ccccc2Sc2ccnc3ccsc23)cc1,0,IC50 (>),4.0,1,CHEMBL3612225
N#Cc1ccc(NC(=O)Nc2ccccc2Sc2ccnc3ccsc23)cc1,0,IC50 (>),4.0,1,CHEMBL3612226
O=C(Nc1ccccc1)Nc1cccc(Sc2ccnc3ccsc23)c1,1,IC50,7.03,1,CHEMBL3612227
COc1ccc(NC(=O)Nc2cccc(Sc3ccnc4ccsc34)c2)cc1,1,IC50,6.97,1,CHEMBL3612228
N#Cc1ccc(NC(=O)Nc2cccc(Sc3ccnc4ccsc34)c2)cc1,1,IC50,6.69,1,CHEMBL3612229
O=C(Nc1ccc(F)cc1)Nc1cccc(Sc2ccnc3ccsc23)c1,1,IC50,8.0,1,CHEMBL3612230
O=C(Nc1cccc(F)c1)Nc1cccc(Sc2ccnc3ccsc23)c1,1,IC50,7.55,1,CHEMBL3612231
Cc1cccc(NC(=O)Nc2cccc(Sc3ccnc4ccsc34)c2)c1,1,IC50,7.96,1,CHEMBL3612232
O=C(Nc1cccc(Sc2ccnc3ccsc23)c1)Nc1cccc(C(F)(F)F)c1,1,IC50,7.82,1,CHEMBL3612233
O=C(Nc1cccc(Sc2ccnc3ccsc23)c1)Nc1ccc(Cl)c(C(F)(F)F)c1,1,IC50,7.8,1,CHEMBL3612234
O=C(Nc1ccc(Sc2ccnc3ccsc23)cc1)Nc1cccc(C(F)(F)F)c1,1,IC50,6.0,1,CHEMBL3612325
Nc1ncc(-c2cnn(CC(=O)N3CCOCC3)c2)c2scc(-c3ccc(Oc4ccccc4)cc3)c12,1,IC50,6.72,1,CHEMBL3612840
O=C1Nc2ccc(O)cc2/C1=C/c1ccc[nH]1,1,IC50,6.39,1,CHEMBL393636
CSCCCNC(=O)c1ccc2c(c1)/C(=C/c1[nH]c(C)cc1C)C(=O)N2,1,IC50,7.42,1,CHEMBL3621299
O=C(CCCCC(=O)Nc1ccc2c(c1)/C(=C/c1ccc[nH]1)C(=O)N2)NO,1,IC50,6.54,1,CHEMBL3621296
O=C(CCCCCCC(=O)Nc1ccc2c(c1)/C(=C/c1ccc[nH]1)C(=O)N2)NO,1,IC50,6.62,1,CHEMBL3621294
Cc1nn(-c2ccnc(Nc3ccc4c(c3)c(Cl)c(C)n4C)n2)cc1CN1CC(O)C1,1,IC50,6.72,2,CHEMBL3622956
Cc1nn(-c2ccnc(Nc3ccc4c(c3)c(C)c(C)n4C)n2)cc1CN1CC(O)C1,1,IC50,6.18,1,CHEMBL3622958
COc1cc2ncnc(Nc3cccc(Cl)c3F)c2cc1OC(=O)N1CCN(C)C[C@H]1C,1,IC50,6.81,1,CHEMBL3623290
COc1ccc2c(c1)SCc1cnc(Nc3ccc(Cl)cc3)nc1-2,0,IC50 (>),4.3,1,CHEMBL3628815
Clc1ccc(Nc2ncc3c(n2)-c2ccccc2SC3)cc1,0,IC50 (>),4.3,1,CHEMBL3628812
COc1ccc(Nc2ncc3c(n2)-c2ccc(Cl)cc2SC3)cc1,0,IC50 (>),4.3,1,CHEMBL3628817
COc1ccc(Nc2ncc3c(n2)-c2ccc(OC)cc2SC3)cc1,0,IC50,4.76,1,CHEMBL3628814
Clc1ccc2c(c1)SCc1cnc(Nc3ccccc3)nc1-2,0,IC50 (>),4.3,1,CHEMBL3628816
COc1ccc2c(c1)SCc1cnc(Nc3ccccc3)nc1-2,0,IC50 (>),4.3,1,CHEMBL3628813
O=C(Nc1cccc(Br)c1)Nc1ccc(Oc2ncnc3sc4c(c23)CCCC4)cc1Cl,1,IC50,7.82,1,CHEMBL3628907
Cc1cc(Oc2ncnc3sc4c(c23)CCCC4)ccc1NC(=O)Nc1cccc(Br)c1,1,IC50,7.47,1,CHEMBL3628906
O=C(Nc1ccc(Oc2ncnc3sc4c(c23)CCCC4)cc1)Nc1cccc(Br)c1,1,IC50,7.96,1,CHEMBL3628811
O=C(Nc1cccc(Br)c1)Nc1ccc(Oc2ncnc3sccc23)cc1Cl,1,IC50,8.05,1,CHEMBL3628810
Cc1cc(Oc2ncnc3sccc23)ccc1NC(=O)Nc1cccc(Br)c1,1,IC50,7.8,1,CHEMBL3628809
O=C(Nc1ccc(Oc2ncnc3sccc23)cc1)Nc1cccc(Br)c1,1,IC50,7.75,1,CHEMBL3628808
O=C(Nc1ccc(Oc2ncnc3ccccc23)cc1)Nc1cccc(Br)c1,1,IC50,8.1,1,CHEMBL3628807
COc1cc2ncnc(Oc3ccc(NC(=O)Nc4cccc(Br)c4)c(Cl)c3)c2cc1OC,1,IC50,8.1,1,CHEMBL3628806
CCOC(=O)Nc1ccc(Oc2ncnc3ccccc23)cc1C,1,IC50,6.15,1,CHEMBL3628804
CCOC(=O)Nc1ccc(Oc2ncnc3cc(OC)c(OC)cc23)cc1C,1,IC50,6.22,1,CHEMBL3628803
Fc1ccc(Oc2ncnc3sccc23)cc1Cl,0,IC50 (>),5.0,1,CHEMBL3628801
Fc1ccc(Oc2ncnc3ccccc23)cc1Cl,0,IC50 (>),5.0,1,CHEMBL3628800
O=C(Nc1ccc(Nc2ncnc3sc4c(c23)CCCC4)cc1)Nc1cccc(Br)c1,1,IC50,6.51,1,CHEMBL3628799
O=C(Nc1ccc(Nc2ncnc3ccccc23)cc1)Nc1cccc(Br)c1,1,IC50,7.04,1,CHEMBL3628797
COc1cc2ncnc(Nc3ccc(NC(=O)Nc4cccc(Br)c4)cc3)c2cc1OC,1,IC50,7.92,1,CHEMBL3628796
CCOC(=O)Nc1ccc(Nc2ncnc3sccc23)cc1C,0,IC50 (>),5.0,1,CHEMBL3628794
Fc1ccc(Nc2ncnc3sc4c(c23)CCCC4)cc1Cl,0,IC50 (>),5.0,1,CHEMBL3628792
Fc1ccc(Nc2ncnc3sccc23)cc1Cl,0,IC50 (>),5.0,1,CHEMBL3628791
Fc1ccc(Nc2ncnc3ccccc23)cc1Cl,0,IC50 (>),5.0,1,CHEMBL1688539
CN(C)CCOc1ccc(NC(=O)Nc2ccc(-c3cccc4[nH]nc(N)c34)cc2)cc1F,1,IC50,8.46,1,CHEMBL3633686
Nc1n[nH]c2cccc(-c3ccc(NC(=O)Nc4ccc5c(c4)OCO5)cc3)c12,1,IC50,8.86,1,CHEMBL3633684
Nc1n[nH]c2cccc(-c3cccc(NC(=O)Nc4ccc(Cl)c(C(F)(F)F)c4)c3)c12,1,IC50,9.1,1,CHEMBL3633304
Cc1ccc(NC(=O)Nc2cccc(-c3cccc4[nH]nc(N)c34)c2)cc1Cl,1,IC50,7.38,1,CHEMBL3633303
Nc1n[nH]c2cccc(-c3cccc(NC(=O)Nc4cc(C(F)(F)F)cc(C(F)(F)F)c4)c3)c12,1,IC50,6.93,1,CHEMBL3633302
Nc1n[nH]c2cccc(-c3cccc(NC(=O)Nc4ccc(Cl)cc4Cl)c3)c12,1,IC50,6.69,1,CHEMBL3633301
COc1cccc(NC(=O)Nc2cccc(-c3cccc4[nH]nc(N)c34)c2)c1,1,IC50,7.68,1,CHEMBL3633298
Nc1n[nH]c2cccc(-c3cccc(NC(=O)Nc4cccc(C(F)(F)F)c4)c3)c12,1,IC50,6.48,1,CHEMBL3633297
CC(C)c1cccc(NC(=O)Nc2cccc(-c3cccc4[nH]nc(N)c34)c2)c1,1,IC50,8.64,2,CHEMBL3633296
Cc1ccc(NC(=O)Nc2cccc(-c3cccc4[nH]nc(N)c34)c2)cc1,1,IC50,8.63,1,CHEMBL3633295
Nc1n[nH]c2cccc(-c3cccc(NC(=O)Nc4cccc(Cl)c4)c3)c12,1,IC50,9.3,1,CHEMBL3633294
Nc1n[nH]c2cccc(-c3cccc(NC(=O)Nc4ccccc4Cl)c3)c12,1,IC50,6.94,1,CHEMBL3633293
Nc1n[nH]c2cccc(-c3cccc(NC(=O)Nc4ccc(F)cc4)c3)c12,1,IC50,8.67,1,CHEMBL3633292
Nc1n[nH]c2cccc(-c3cccc(NC(=O)Nc4cccc(F)c4)c3)c12,1,IC50,7.23,1,CHEMBL3633291
Nc1n[nH]c2cccc(-c3cccc(NC(=O)Nc4ccccc4F)c3)c12,1,IC50,7.27,1,CHEMBL3633290
COc1ccc(C(=O)OCCN2CCOCC2)cc1NC(=O)Nc1cc(-c2cn[nH]c2)ccc1OC(F)(F)F,0,IC50,4.83,1,CHEMBL3633289
COc1ccc(C(=O)OCCN2CCOCC2)cc1NC(=O)Nc1cc(-c2ccc3[nH]ccc3c2)cc(C(F)(F)F)c1,0,IC50 (>),3.3,1,CHEMBL3633287
COc1ccc(C(=O)OCCN2CCOCC2)cc1NC(=O)Nc1cc(-c2cccnc2)cc(C(F)(F)F)c1,0,IC50 (>),3.3,1,CHEMBL3633286
COc1ccc(C(=O)OCCN(C(C)C)C(C)C)cc1NC(=O)Nc1cc(-c2cnn(C)c2)ccc1OC(F)(F)F,0,IC50 (>),3.3,1,CHEMBL3633285
COc1ccc(C(=O)OCCN(C(C)C)C(C)C)cc1NC(=O)Nc1cc(-c2cn[nH]c2)ccc1OC(F)(F)F,0,IC50 (>),3.3,1,CHEMBL3633284
COc1ccc(C(=O)OCCN(C(C)C)C(C)C)cc1NC(=O)Nc1cc(-c2cncnc2)ccc1OC(F)(F)F,0,IC50 (>),3.3,1,CHEMBL3633283
COc1ccc(C(=O)OCCN(C(C)C)C(C)C)cc1NC(=O)Nc1cc(-c2ccc3[nH]ccc3c2)ccc1OC(F)(F)F,0,IC50 (>),3.3,1,CHEMBL3633282
COc1ccc(C(=O)OCCN(C(C)C)C(C)C)cc1NC(=O)Nc1cc(-c2ccc3[nH]ccc3c2)cc(C(F)(F)F)c1,0,IC50 (>),3.3,1,CHEMBL3633281
CCN(CC)CCOC(=O)c1ccc(OC)c(NC(=O)Nc2cc(-c3cncnc3)ccc2OC(F)(F)F)c1,0,IC50 (>),3.3,1,CHEMBL3633279
CCN(CC)CCOC(=O)c1ccc(OC)c(NC(=O)Nc2cc(-c3ccc(OC)nc3)ccc2OC(F)(F)F)c1,0,IC50,4.42,1,CHEMBL3633278
COc1ccc(C(=O)OCCN(C)C)cc1NC(=O)Nc1cc(-c2cccnc2)cc(C(F)(F)F)c1,1,IC50,7.55,1,CHEMBL3633271
COc1ccc(C(=O)OCCN(C)C)cc1NC(=O)Nc1cc(-c2cncnc2)cc(C(F)(F)F)c1,0,IC50 (>),3.3,1,CHEMBL3633272
COc1ccc(C(=O)OCCN(C)C)cc1NC(=O)Nc1cc(-c2cccnc2)ccc1OC(F)(F)F,1,IC50,7.21,1,CHEMBL3633273
COc1ccc(C(=O)OCCN(C)C)cc1NC(=O)Nc1cc(-c2ccc3[nH]ccc3c2)ccc1OC(F)(F)F,0,IC50,4.28,1,CHEMBL3633274
COc1ccc(C(=O)OCCN(C)C)cc1NC(=O)Nc1cc(-c2cncnc2)ccc1OC(F)(F)F,0,IC50,4.29,1,CHEMBL3633276
CCN(CC)CCOC(=O)c1ccc(OC)c(NC(=O)Nc2cc(-c3ccc4[nH]ccc4c3)ccc2OC(F)(F)F)c1,1,IC50,6.8,1,CHEMBL3633277
CNC(=O)c1cc(Oc2ccc(NC(=O)Nc3cc(C(F)(F)F)ccc3-n3ccnn3)cc2)cc[n+]1[O-],1,IC50,7.31,1,CHEMBL3633689
CCn1cc(CN(Cc2ccc(-c3cc4nccc(Oc5ccc6oc(Nc7ccc(Cl)cc7)nc6c5)c4s3)nc2)C(C)C)nn1,1,IC50,8.1,1,CHEMBL3633687
Cc1cccc(NC(=O)Nc2ccc(-c3ccc4c(-c5cnn[nH]5)n[nH]c4c3)cc2)c1,1,IC50,7.35,1,CHEMBL3633688
CCS(=O)(=O)c1ccc(OC)c(Nc2cn(-c3cccc(-c4ccccn4)c3)nn2)c1,0,IC50,4.38,1,CHEMBL3633696
CCS(=O)(=O)c1ccc(OC)c(Nc2cn(-c3cccc(-c4cccnc4)c3)nn2)c1,0,IC50 (>),4.0,1,CHEMBL3633695
CCS(=O)(=O)c1ccc(OC)c(Nc2cn(-c3ccc(NC(N)=O)c(-c4cccc5ccccc45)c3)nn2)c1,0,IC50 (>),4.0,1,CHEMBL3633691
CCS(=O)(=O)c1ccc(OC)c(Nc2cn(-c3ccc(O)c(-c4cc[nH]c4)c3)nn2)c1,0,IC50,4.4,1,CHEMBL3633690
COc1cc2ncnc(Nc3cccc(Cl)c3)c2cc1OCCC(=O)NO,1,IC50,6.32,1,CHEMBL3633758
COc1cc2ncnc(Nc3cccc(Cl)c3)c2cc1OCCCC(=O)NO,1,IC50,6.45,1,CHEMBL3633759
COc1cc2ncnc(Nc3cccc(Cl)c3)c2cc1OCCCCC(=O)NO,1,IC50,6.21,1,CHEMBL3633760
COc1cc2ncnc(Nc3cccc(Cl)c3)c2cc1OCCCCCC(=O)NO,1,IC50,6.3,1,CHEMBL3633761
COc1cc2ncnc(Nc3cccc(Br)c3)c2cc1OCCC(=O)NO,1,IC50,6.2,1,CHEMBL3633762
COc1cc2ncnc(Nc3cccc(Br)c3)c2cc1OCCCC(=O)NO,1,IC50,6.36,1,CHEMBL3633763
COc1cc2ncnc(Nc3cccc(Br)c3)c2cc1OCCCCC(=O)NO,1,IC50,6.38,1,CHEMBL3633764
COc1cc2ncnc(Nc3cccc(Br)c3)c2cc1OCCCCCC(=O)NO,1,IC50,6.33,1,CHEMBL3633765
COc1cc2ncnc(Nc3ccc(Cl)cc3Cl)c2cc1OCCC(=O)NO,1,IC50,6.43,1,CHEMBL3633766
COc1cc2ncnc(Nc3ccc(Cl)cc3Cl)c2cc1OCCCC(=O)NO,1,IC50,6.86,1,CHEMBL3633767
COc1cc2ncnc(Nc3ccc(Cl)cc3Cl)c2cc1OCCCCC(=O)NO,1,IC50,6.94,1,CHEMBL3633768
COc1cc2ncnc(Nc3ccc(Cl)cc3Cl)c2cc1OCCCCCC(=O)NO,1,IC50,7.08,1,CHEMBL3633769
O=C(CCCCCCC(=O)Nc1ccccc1)NO,0,IC50 (>),5.0,3,CHEMBL98
CN[C@@H]1CC2OC([C@@H]1OC)n1c3ccccc3c3c4c(c5c6ccccc6n2c5c31)C(=O)NC4,1,IC50,7.4,1,CHEMBL3683258
COc1cc(Nc2ncc(Br)c(N[C@H](C)[C@H](C)O)n2)ccc1S(C)(=N)=O,1,IC50,7.16,2,CHEMBL3648112
Cc1ccc(F)c(NC(=O)Nc2ccc(Oc3ccnc(-c4c[nH]c(C(=O)O)c4)c3)cc2)c1,1,IC50,7.55,1,CHEMBL3639591
CCNC(=O)c1c[nH]c(-c2cc(Oc3ccc(NC(=O)Nc4cccc(C)c4)cc3)ccn2)c1,1,IC50,8.3,1,CHEMBL3656114
Cc1ccc(F)c(NC(=O)Nc2ccc(Oc3ccnc(-c4cc(C(=O)OCCO)c[nH]4)c3)cc2)c1,1,IC50,7.51,1,CHEMBL3660291
Cc1ccc(F)c(NC(=O)Nc2ccc(Oc3ccnc(-c4cc(C(=O)NCCCN5CCOCC5)c[nH]4)c3)cc2)c1,1,IC50,8.0,1,CHEMBL3656059
COC(=O)CNC(=O)c1c[nH]c(-c2cc(Oc3cccc(NC(=O)c4occc4C)c3)ccn2)c1,1,IC50,7.54,1,CHEMBL3656028
COC(=O)c1c[nH]c(-c2cc(Oc3cccc(NC(=O)c4sccc4C)c3)ccn2)c1,1,IC50,7.18,1,CHEMBL3656049
Cc1ccc(F)c(NC(=O)c2cccc(Oc3ccnc(-c4cc(C(=O)NO)c[nH]4)c3)c2)c1,1,IC50,7.64,1,CHEMBL3656035
C[C@H](CO)Nc1nc(Nc2ccc(S(C)(=O)=NS(=O)(=O)CC[Si](C)(C)C)cc2)ncc1Br,1,IC50,7.13,1,CHEMBL3648098
C[C@@H](Nc1nc(Nc2ccc(S(=N)(=O)C3CC3)cc2)ncc1Br)C(C)(C)O,1,IC50,7.54,1,CHEMBL3648074
Cc1cccc(NC(=O)Nc2ccc(Oc3ccnc(-c4cc(C(N)=O)c[nH]4)c3)cc2)c1,1,IC50,8.22,1,CHEMBL3656115
O=C(Nc1ccc(Oc2ccnc(-c3cc(C(=O)OCCO)c[nH]3)c2)cc1)Nc1ccc(Cl)c(C(F)(F)F)c1,1,IC50,7.29,1,CHEMBL3656119
CCS(=N)(=O)c1ccc(Nc2ncc(Br)c(N[C@H](C)C(C)(C)O)n2)cc1,1,IC50,7.16,2,CHEMBL3648123
CCOC(=O)N=S(C)(=O)c1ccc(Nc2ncc(Br)c(N[C@H](C)C(C)(C)O)n2)cc1,1,IC50,6.85,1,CHEMBL3648084
Cc1nn(-c2ccnc(Nc3ccc4c(c3)c(Cl)cn4C)n2)cc1CN1CC(O)C1,1,IC50,6.45,1,CHEMBL3622955
Cc1cccc(NC(=O)Nc2ccc(Oc3ccnc(-c4cc(C(=O)NO)c[nH]4)c3)cc2)c1,1,IC50,7.5,1,CHEMBL3656116
Oc1cccc(Nc2ccnc3cc(-c4cccc(CN5CCOCC5)c4)sc23)c1,1,IC50,8.34,1,CHEMBL2336005
Cc1cccc(NC(=O)Nc2ccc(Oc3ccnc(-c4cc(C(=O)NCCC(=O)O)c[nH]4)c3)cc2F)c1,1,IC50,7.92,1,CHEMBL3656069
CCS(=N)(=O)c1ccc(Nc2ncc(Br)c(N[C@@H](C)C(C)(C)O)n2)cc1,1,IC50,7.5,1,CHEMBL3648124
Cc1ccoc1C(=O)Nc1cccc(Oc2ccnc(-c3cc(C(N)=O)c[nH]3)c2)c1,1,IC50,7.68,1,CHEMBL3656039
Cc1ccc(NC(=O)Nc2ccc(-c3nsc(NC(=O)NCCCC(=O)O)c3C(N)=O)cc2)cc1,1,IC50,8.22,1,CHEMBL3696083
CCOC(=O)N=S(C)(=O)c1ccc(Nc2ncc(Br)c(N[C@H](C)C(C)(C)O)n2)cc1C,1,IC50,7.24,1,CHEMBL3648090
Cc1ccc(NC(=O)Nc2ccc(-c3nsc(NC(=O)NCCCN4CCOCC4)c3C(N)=O)cc2)cc1,1,IC50,8.1,1,CHEMBL3696076
CCOC(=O)N=S(=O)(CC)c1ccc(Nc2ncc(Br)c(O[C@H](C)[C@H](C)O)n2)cc1,1,IC50,6.82,1,CHEMBL3648092
Cc1ccc(F)c(NC(=O)Nc2ccc(-c3nsc(NC(=O)NCCCN4CCOCC4)c3C(N)=O)cc2)c1,1,IC50,7.85,1,CHEMBL3696073
COC(=O)c1c[nH]c(-c2cc(Nc3cccc(NC(=O)c4occc4C)c3)ccn2)c1,1,IC50,6.3,1,CHEMBL3656030
CCC(Sc1nc(Nc2ccc(S(C)(=N)=O)cc2)ncc1Br)C(C)O,1,IC50,6.7,1,CHEMBL3648103
COC(=O)CC=S(C)(=O)NC(=O)c1c[nH]c(-c2cc(Oc3ccc(NC(=O)Nc4cccc(C)c4)cc3)ccn2)c1,1,IC50,7.6,1,CHEMBL3656108
COCCNC(=O)c1c[nH]c(-c2cc(Oc3ccc(NC(=O)Nc4cc(C)ccc4F)cc3)ccn2)c1,1,IC50,7.66,1,CHEMBL3660274
COC(=O)c1c[nH]c(-c2cc(Sc3ccc(NC(=O)Nc4cc(C)ccc4F)cc3)ccn2)c1,1,IC50,6.32,1,CHEMBL3656109
Cc1ccc(F)c(NC(=O)Nc2ccc(Oc3ccnc(-c4cc(C(=O)NCCCC(=O)O)c[nH]4)c3)cc2)c1,1,IC50,7.82,1,CHEMBL3656099
COC(=O)CC[C@H](NC(=O)c1c[nH]c(-c2cc(Oc3ccc(NC(=O)Nc4cc(C)ccc4F)cc3)ccn2)c1)C(=O)OC,1,IC50,7.41,1,CHEMBL3656085
CC(=O)c1c[nH]c2ccc(Nc3nccc(-n4cc(CN5CC(O)C5)c(C)n4)n3)cc12,1,IC50,6.24,1,CHEMBL3657552
COc1ccc(NC(=O)Nc2ccc(-c3csc4c(-c5cnn(C[C@H](O)CO)c5)cnc(N)c34)cc2)cc1,1,IC50,8.74,1,CHEMBL3646211
NC(=O)c1c(-c2ccc(NC(=O)Nc3ccccc3)cc2)nsc1NC(=O)NCCCN1CCOCC1,1,IC50,8.1,1,CHEMBL3696072
COC(=O)[C@H](CCC(=O)O)NC(=O)c1c[nH]c(-c2cc(Oc3ccc(NC(=O)Nc4cc(C)ccc4F)cc3)ccn2)c1,1,IC50,7.54,1,CHEMBL3656080
COC(=O)c1c[nH]c(-c2cc(Oc3ccc(NC(=O)Nc4cccc(C)c4)c(F)c3)ccn2)c1,1,IC50,7.85,1,CHEMBL3656097
COc1cc(C2=C(c3cn(CCCO)c4ccccc34)C(=O)NC2=O)cc(OC)c1OC,1,IC50,6.82,3,CHEMBL3699446
COC(=O)CNC(=O)c1c[nH]c(-c2cc(Oc3cc(C(=O)Nc4cc(C)ccc4F)ccc3F)ccn2)c1,1,IC50,7.55,1,CHEMBL3656026
O=C(Nc1ccc(Oc2ccnc(-c3cc(C(=O)O)c[nH]3)c2)cc1)Nc1ccc(F)c(C(F)(F)F)c1,1,IC50,7.27,1,CHEMBL3660279
COCCCNC(=O)Nc1snc(-c2ccc(NC(=O)Nc3cc(C)ccc3F)cc2)c1C(N)=O,1,IC50,7.41,1,CHEMBL3696078
Cc1ccc(NC(=O)Nc2ccc(-c3nsc(NC(=O)NCCCO)c3C(N)=O)cc2)cc1,1,IC50,8.15,1,CHEMBL3696084
Cc1ccc(F)c(NC(=O)Nc2ccc(Oc3ccnc(-c4cc(C(=O)N5CCC5)c[nH]4)c3)cc2)c1,1,IC50,7.64,1,CHEMBL3660269
COC(=O)CCC=S(C)(=O)NC(=O)c1c[nH]c(-c2cc(Oc3ccc(NC(=O)Nc4cc(C)ccc4F)cc3)ccn2)c1,1,IC50,7.89,1,CHEMBL3656121
CN=S(C)(=O)c1ccc(Nc2ncc(Br)c(N[C@H](C)[C@H](C)O)n2)cc1OC,1,IC50,7.54,1,CHEMBL3648114
CCOc1nc(Nc2ccc(S(=N)(=O)CC)cc2)ncc1Br,1,IC50,7.05,1,CHEMBL3648097
C#Cc1cccc(Nc2nc3cnc(Nc4ccc(N5CCN(C)CC5)cc4)nc3n2C(C)C)c1,1,IC50,7.3,1,CHEMBL3678948
Cc1cccc(NC(=O)c2cccc(Oc3ccnc(-c4cc(C(=O)O)c[nH]4)c3)c2)c1,1,IC50,7.54,1,CHEMBL3639549
Cc1ccoc1C(=O)Nc1cccc(Oc2ccnc(-c3cc(C(=O)N4CC[C@H](O)C4)c[nH]3)c2)c1,1,IC50,7.54,1,CHEMBL3656053
Cc1ccc(F)c(NC(=O)Nc2ccc(Oc3ccnc(-c4cc(C(=O)N[C@@H](CCC(=O)O)C(=O)O)c[nH]4)c3)cc2)c1,1,IC50,7.52,1,CHEMBL3656084
Cc1ccc(F)c(NC(=O)Nc2ccc(Oc3ccnc(-c4cc(C(=O)NCCC(=O)O)c[nH]4)c3)cc2F)c1,1,IC50,7.62,1,CHEMBL3656090
Cc1ccc(F)c(NC(=O)Nc2ccc(Oc3ccnc(-c4cc(C(=O)NCCCC(=O)NCC(O)CO)c[nH]4)c3)cc2)c1,1,IC50,7.54,1,CHEMBL3656075
Cc1ccc(NC(=O)Nc2ccc(-c3nsc(N)c3C(N)=O)cc2)cc1,1,IC50,6.75,1,CHEMBL3696087
Cc1ccc(F)c(NC(=O)Nc2ccc(Oc3ccnc(-c4cc(C(=O)N[C@@H](CCC(=O)OCC(O)CO)C(=O)OCC(O)CO)c[nH]4)c3)cc2)c1,1,IC50,7.44,1,CHEMBL3656079
NC(=O)c1c(-c2cccc([N+](=O)[O-])c2)nsc1N,0,IC50 (>),5.0,1,CHEMBL3696089
C[C@@H](Nc1nc(Nc2ccc(S(=N)(=O)C3CCCC3)cc2)ncc1Br)C(C)(C)O,1,IC50,7.08,1,CHEMBL3648078
Cc1cccc(NC(=O)Nc2ccc(-c3nsc(NC(=O)NCCCN4CCOCC4)c3C(N)=O)cc2)c1,1,IC50,8.52,1,CHEMBL3696074
Cc1ccc(F)c(NC(=O)Nc2ccc(Oc3ccnc(-c4cc(C(=O)N5CCC(C(=O)O)C5)c[nH]4)c3)cc2F)c1,1,IC50,7.82,1,CHEMBL3656086
Cc1cccc(NC(=O)Nc2ccc(Oc3ccnc(-c4cc(C(=O)N[C@@H](CCC(=O)OC(C)(C)C)C(=O)O)c[nH]4)c3)cc2F)c1,1,IC50,7.77,1,CHEMBL3656066
Cc1ccc(F)c(NC(=O)Nc2ccc(Oc3ccnc(-c4cc(C(=O)NCC(O)CO)c[nH]4)c3)cc2)c1,1,IC50,7.68,1,CHEMBL3660287
COC(=O)c1cc(-c2cc(Oc3cccc(NC(=O)Nc4cc(C)ccc4F)c3)ccn2)c[nH]1,1,IC50,7.66,1,CHEMBL3660296
CC(O)C(C)Sc1nc(Nc2ccc(S(C)(=N)=O)cc2)ncc1Br,1,IC50,6.82,1,CHEMBL3648102
CO[C@@H]1CN(Cc2cn(-c3ccnc(Nc4ccc5c(c4)c(Cl)c(C)n5C)n3)nc2C)C[C@@H]1O,1,IC50,6.14,1,CHEMBL3657556
COc1ccc(CNc2nsc(-c3ccc(NC(=O)Nc4cc(C)ccc4F)cc3)c2C(N)=O)c(OC)c1,1,IC50,7.01,1,CHEMBL3696098
Cc1ccc(F)c(NC(=O)Nc2ccc(Oc3ccnc(-c4cc(C(=O)NCCO)c[nH]4)c3)cc2)c1,1,IC50,7.28,1,CHEMBL3660288
Cc1ccc(F)c(NC(=O)Nc2ccc(Oc3ccnc(-c4cc(C(=O)NO)c[nH]4)c3)cc2)c1,1,IC50,7.85,1,CHEMBL3660268
Cc1ccc(F)c(NC(=O)Nc2ccc(Oc3ccnc(-c4cc(C(=O)O)c[nH]4)c3)cc2)c1,1,IC50,7.51,1,CHEMBL3660294
CCNC(=O)c1c[nH]c(-c2cc(Oc3cccc(C(=O)Nc4occc4C)c3)ccn2)c1,1,IC50,7.48,1,CHEMBL3656037
CCC(CO)Sc1nc(Nc2ccc(S(C)(=N)=O)cc2)ncc1Br,1,IC50,6.77,1,CHEMBL3648127
COC(=O)[C@H](CCC(=O)OCC(O)CO)NC(=O)c1c[nH]c(-c2cc(Oc3ccc(NC(=O)Nc4cc(C)ccc4F)cc3)ccn2)c1,1,IC50,7.35,1,CHEMBL3656078
Cc1ccoc1C(=O)Nc1cccc(Oc2ccnc(-c3cc(C(=O)O)c[nH]3)c2)c1,1,IC50,7.34,1,CHEMBL3656054
Cc1cccc(NC(=O)Nc2ccc(Oc3ccnc(-c4cc(C(=O)N5CC[C@@H](O)C5)c[nH]4)c3)cc2)c1,1,IC50,7.85,1,CHEMBL3656112
Cc1ccoc1C(=O)Nc1cccc(Oc2ccnc(-c3cc(C(=O)OCCO)c[nH]3)c2)c1,1,IC50,7.6,1,CHEMBL3656047
Cc1ccc(F)c(NC(=O)Nc2ccc(Oc3ccnc(-c4cc(C(=O)NCCCC(=O)N5CCCC(O)C5)c[nH]4)c3)cc2)c1,1,IC50,7.55,1,CHEMBL3656074
Cc1ccc(F)c(NC(=O)c2ccc(F)c(Oc3ccnc(-c4cc(C(=O)NO)c[nH]4)c3)c2)c1,1,IC50,7.47,1,CHEMBL3656031
Cc1nn(-c2ccnc(Nc3ccc4c(c3)c(S(C)(=O)=O)nn4C)n2)cc1CN1C[C@@H](O)[C@@H](O)C1,1,IC50,6.19,1,CHEMBL3657558
Cc1nn(-c2ccnc(Nc3ccc4c(c3)c(C(=O)C3CC3)cn4C)n2)cc1CN1CC[C@@H](O)C1,1,IC50,6.32,1,CHEMBL3657550
Cc1ccoc1C(=O)Nc1cccc(Oc2ccnc(-c3cc(C(=O)NCC(O)CO)c[nH]3)c2)c1,1,IC50,7.58,1,CHEMBL3656038
CCOC(=O)CCCNC(=O)c1c[nH]c(-c2cc(Oc3ccc(NC(=O)Nc4cc(C)ccc4F)cc3)ccn2)c1,1,IC50,7.42,1,CHEMBL3656100
Cc1ccc(F)c(NC(=O)Nc2ccc(Oc3ccnc(-c4cc(C(=O)N5CC5)c[nH]4)c3)cc2)c1,1,IC50,7.68,1,CHEMBL3656127
CC(C)n1c(Nc2cccc(Br)c2)nc2cnc(Nc3ccc(N4CCN(C)CC4)cc3)nc21,1,IC50,6.85,1,CHEMBL3678947
Cc1cc(Nc2ncc(Br)c(N[C@H](C)[C@H](C)O)n2)ccc1S(C)(=N)=O,1,IC50,7.41,1,CHEMBL3648096
C[C@H](O)[C@@H](C)Oc1nc(Nc2ccc(S(=O)(CCO)=NS(=O)(=O)CC[Si](C)(C)C)cc2)ncc1Br,1,IC50,6.09,1,CHEMBL3648081
COC(=O)c1c[nH]c(-c2cc(Oc3cccc(NC(=O)c4occc4C)c3)ccn2)c1,1,IC50,7.54,2,CHEMBL3656055
Cc1ccoc1C(=O)Nc1cccc(Oc2ccnc(-c3cc(C(=O)OCC(O)CO)c[nH]3)c2)c1,1,IC50,7.62,1,CHEMBL3656044
Cc1ccc(F)c(NC(=O)c2ccc(F)c(Oc3ccnc(-c4cc(C(=O)O)c[nH]4)c3)c2)c1,1,IC50,7.57,1,CHEMBL3656036
c1ccc(-c2cnn3cc(-c4ccc(N5CCNCC5)cc4)cnc23)cc1,1,IC50,6.67,1,CHEMBL2385590
COC(=O)c1c[nH]c(-c2cc(Oc3ccc(NC(=O)Nc4cccc(C)c4)cc3)ccn2)c1,1,IC50,7.77,1,CHEMBL3660276
CCN(CC)C(=O)c1c[nH]c(-c2cc(Oc3ccc(NC(=O)Nc4cc(C)ccc4F)cc3)ccn2)c1,1,IC50,7.7,1,CHEMBL3656124
C[C@@H](O)[C@@H](C)Nc1nc(Nc2ccc(S(C)(=N)=O)cc2)ncc1Br,1,IC50,7.32,1,CHEMBL3648071
Cc1ccc(F)c(NC(=O)Nc2ccc(Oc3ccnc(-c4cc(C(=O)NCC(=O)O)c[nH]4)c3)cc2)c1,1,IC50,7.89,1,CHEMBL3656105
Cc1ccc(F)c(NC(=O)Nc2ccc(-c3nsc(NC(=O)NCCCN4CCOCC4)c3C(N)=O)c(C)c2)c1,1,IC50,7.57,1,CHEMBL3696080
CCOC(=O)Nc1snc(-c2ccc(NC(=O)Nc3cc(C)ccc3F)cc2)c1C(N)=O,1,IC50,7.3,1,CHEMBL3696081
Cc1cccc(NC(=O)Nc2ccc(Oc3ccnc(-c4cc(C(=O)NCC(O)CO)c[nH]4)c3)cc2)c1,1,IC50,8.05,1,CHEMBL3656113
NC(=O)c1c(-c2ccc(NC(=O)Nc3cc(C(F)(F)F)ccc3F)cc2)nsc1NC(=O)NCCCN1CCOCC1,1,IC50,8.22,1,CHEMBL3696075
Cc1ccc(F)c(NC(=O)c2ccc(F)c(Oc3ccnc(-c4cc(C(=O)NCC(=O)O)c[nH]4)c3)c2)c1,1,IC50,7.55,1,CHEMBL3656025
Cc1ccc(F)c(NC(=O)c2cccc(Oc3ccnc(-c4cc(C(=O)N5CC[C@H](O)C5)c[nH]4)c3)c2)c1,1,IC50,7.39,1,CHEMBL3656034
COc1cc(Nc2ncc(Br)c(N[C@H](C)C(C)(C)O)n2)ccc1S(C)(=N)=O,1,IC50,7.12,2,CHEMBL3648115
COC[C@H](Nc1nc(Nc2ccc(S(C)(=N)=O)cc2)ncc1Br)[C@H](C)O,1,IC50,6.52,1,CHEMBL3648119
C[C@H](Nc1nc(Nc2ccc(S(C)(=N)=O)cc2)ncc1Br)C(C)(C)O,1,IC50,7.19,1,CHEMBL3648116
COc1ccc(Nc2nc3cnc(Nc4ccc(N5CCN(C)CC5)cc4)nc3n2C(C)C)cc1,1,IC50,7.68,1,CHEMBL3678953
Cc1ccc(F)c(NC(=O)Nc2ccc(-c3snc(N)c3C(N)=O)cc2)c1,1,IC50,7.92,1,CHEMBL3696096
COC(=O)c1cc(-c2cc(Oc3ccc(NC(=O)Nc4cc(C)ccc4F)cc3)ccn2)c[nH]1,1,IC50,7.92,1,CHEMBL3660302
Cc1ccc(F)c(NC(=O)Nc2ccc(Oc3ccnc(-c4cc(C(=O)NCCN5CCCC5)c[nH]4)c3)cc2)c1,1,IC50,7.82,1,CHEMBL3656126
Cc1ccc(F)c(NC(=O)c2cccc(Oc3ccnc(-c4cc(C(=O)O)c[nH]4)c3)c2)c1,1,IC50,7.43,1,CHEMBL3656042
CCS(=N)(=O)c1ccc(Nc2ncc(Br)c(N[C@H](COC)[C@H](C)O)n2)cc1,1,IC50,6.57,1,CHEMBL3648094
Cc1ccoc1C(=O)Nc1cccc(Oc2ccnc(-c3cc(C(=O)N4CC[C@@H](O)C4)c[nH]3)c2)c1,1,IC50,7.51,1,CHEMBL3656041
Cc1cccc(NC(=O)Nc2ccc(Oc3ccnc(-c4cc(C(=O)NCC(=O)O)c[nH]4)c3)cc2F)c1,1,IC50,7.7,1,CHEMBL3656092
CCCn1c(C)c(Cl)c2cc(Nc3nccc(-n4cc(CN5CC(O)C5)c(C)n4)n3)ccc21,1,IC50,6.31,1,CHEMBL3657559
Cc1ccc(F)c(NC(=O)Nc2ccc(Oc3ccnc(-c4cc(C(=O)N5CCN(C)CC5)c[nH]4)c3)cc2)c1,1,IC50,7.57,1,CHEMBL3656125
Cc1ccc(F)c(NC(=O)Nc2ccc(Oc3ccnc(-c4cc(C(=O)NCCC(=O)O)c[nH]4)c3)cc2)c1,1,IC50,7.72,1,CHEMBL3656102
C=S(C)(=O)NC(=O)c1c[nH]c(-c2cc(Oc3ccc(NC(=O)Nc4cc(C)ccc4F)cc3)ccn2)c1,1,IC50,8.1,1,CHEMBL3656122
COc1cc(Nc2ncc(Br)c(O[C@H](C)[C@H](C)O)n2)ccc1S(C)(=N)=O,1,IC50,6.82,1,CHEMBL3648082
Cc1ccc(F)c(NC(=O)Nc2ccc(Oc3ccnc(-c4cc(C(=O)O)c[nH]4)c3)c(F)c2)c1,1,IC50,7.75,1,CHEMBL3660277
C=S(C)(=O)NC(=O)c1cc(-c2cc(Oc3ccc(NC(=O)Nc4cc(C)ccc4F)cc3)ccn2)c[nH]1,1,IC50,7.48,1,CHEMBL3660297
CC(O)CSc1nc(Nc2ccc(S(C)(=N)=O)cc2)ncc1Br,1,IC50,6.6,1,CHEMBL3648101
Cc1ccc(F)c(NC(=O)Nc2ccc(Oc3ccnc(-c4cc(C(=O)OCC(O)CO)c[nH]4)c3)cc2)c1,1,IC50,7.37,1,CHEMBL3660290
Cc1ccc(F)c(NC(=O)Nc2ccc(Oc3ccnc(-c4cc(C(=O)NCCCO)c[nH]4)c3)cc2)c1,1,IC50,7.42,1,CHEMBL3660270
Cc1cccc(NC(=O)Nc2ccc(Oc3ccnc(-c4cc(C(=O)O)c[nH]4)c3)cc2)c1,1,IC50,7.82,1,CHEMBL3660275
Cc1ccc(F)c(NC(=O)Nc2ccc(Oc3ccnc(-c4cc(C(=O)NCCCC(=O)NO)c[nH]4)c3)cc2)c1,1,IC50,7.37,1,CHEMBL3656083
COC(=O)c1c[nH]c(-c2cc(Oc3ccc(F)c(NC(=O)c4occc4C)c3)ccn2)c1,1,IC50,7.26,1,CHEMBL3656051
CC(C)n1c(Nc2ccc(Br)cc2)nc2cnc(Nc3ccc(N4CCN(C)CC4)cc3)nc21,1,IC50,8.4,1,CHEMBL3678950
Cc1ccc(F)c(NC(=O)Nc2ccc(Oc3ccnc(-c4csc(C(=O)NCC(=O)O)c4)c3)cc2)c1,1,IC50,7.96,1,CHEMBL3656061
CCOC(=O)N=S(C)(=O)c1ccc(Nc2ncc(Br)c(O[C@H](C)[C@H](C)O)n2)cc1,1,IC50,6.96,1,CHEMBL3648093
Cc1nn(-c2nc(Nc3ccc4c(c3)c(Cl)c(C)n4C)ncc2F)cc1CN1CC(O)C1,1,IC50,6.0,1,CHEMBL3657547
Cc1ccc(F)c(NC(=O)Nc2ccc(Sc3ccnc(-c4cc(C(=O)O)c[nH]4)c3)cc2)c1,1,IC50,7.16,1,CHEMBL3656101
COCCOC(=O)c1c[nH]c(-c2cc(Oc3ccc(NC(=O)Nc4cc(C)ccc4F)cc3)ccn2)c1,1,IC50,7.6,1,CHEMBL3660273
CCOC(=O)N=S(C)(=O)c1ccc(Nc2ncc(Br)c(N[C@H](C)[C@H](C)O)n2)cc1,1,IC50,7.25,1,CHEMBL3648085
CCS(=N)(=O)c1ccc(Nc2ncc(Br)c(N[C@H](C)[C@H](C)O)n2)cc1,1,IC50,7.58,1,CHEMBL3648095
C[C@@H](Nc1nc(Nc2ccc(S(=O)(=NS(=O)(=O)CC[Si](C)(C)C)C3CCCC3)cc2)ncc1Br)C(C)(C)O,1,IC50,6.04,1,CHEMBL3648077
C[C@@H](Nc1nc(Nc2ccc(S(=O)(CC=O)=NS(=O)(=O)CC[Si](C)(C)C)cc2)ncc1Br)C(C)(C)O,1,IC50,6.8,1,CHEMBL3648079
Cc1ccoc1C(=O)Nc1cccc(Oc2ccnc(-c3ccc[nH]3)c2)c1,1,IC50,7.16,1,CHEMBL3656056
Cc1ccc(F)c(NC(=O)Nc2ccc(Oc3ccnc(-c4ccc[nH]4)c3)cc2)c1,1,IC50,7.58,1,CHEMBL3660303
Cc1cccc(NC(=O)Nc2ccc(Oc3ccnc(-c4cc(C(=O)N5CCCC(O)C5)c[nH]4)c3)cc2F)c1,1,IC50,7.92,1,CHEMBL3656095
COc1cc(C2=C(c3cn(CCOC(=O)C(N)CC(C)C)c4ccccc34)C(=O)NC2=O)cc(OC)c1OC,1,IC50,6.6,1,CHEMBL3699444
Cn1c(=O)c(Sc2ccc(F)cc2)cc2cnc(Nc3ccc4[nH]ccc4c3)nc21,0,IC50 (>),5.0,1,CHEMBL3702566
Cc1ccc(NC(=O)Nc2ccc(-c3nsc(NC(=O)NCCCN4CCCC4)c3C(N)=O)cc2)cc1,1,IC50,8.0,1,CHEMBL3696095
Cc1cccc(NC(=O)Nc2ccc(-c3csc4c(-c5cnn(C[C@H](C)O)c5)cnc(N)c34)cc2)c1,1,IC50,8.8,1,CHEMBL3646210
COC(=O)CNC(=O)c1c[nH]c(-c2cc(Oc3ccc(NC(=O)Nc4cc(C)ccc4F)cc3)ccn2)c1,1,IC50,7.52,1,CHEMBL3656106
C[C@H](Nc1nc(Nc2ccc(S(=N)(=O)CCO)cc2)ncc1Br)C(C)(C)O,1,IC50,7.23,1,CHEMBL3648108
Cc1cc(Nc2ncc(Br)c(N[C@H](C)C(C)(C)O)n2)ccc1S(C)(=N)=O,1,IC50,7.35,2,CHEMBL3639469
COC[C@@H](Nc1nc(Nc2ccc(S(C)(=N)=O)cc2)ncc1Br)[C@@H](C)O,1,IC50,6.47,1,CHEMBL3648118
CCNC(=O)[C@H](CCC(=O)OC(C)(C)C)NC(=O)c1c[nH]c(-c2cc(Oc3ccc(NC(=O)Nc4cccc(C)c4)c(F)c3)ccn2)c1,1,IC50,7.62,1,CHEMBL3656065
COC(=O)CNC(=O)c1c[nH]c(-c2cc(Oc3ccc(NC(=O)Nc4cccc(C)c4)c(F)c3)ccn2)c1,1,IC50,7.82,1,CHEMBL3656093
C[C@H](CO)Nc1nc(Nc2ccc(S(=O)(CC3CC3)=NS(=O)(=O)CC[Si](C)(C)C)cc2)ncc1Br,1,IC50,6.62,1,CHEMBL3648075
Cc1ccsc1C(=O)Nc1cccc(Oc2ccnc(-c3cc(C(=O)OCCO)c[nH]3)c2)c1,1,IC50,7.62,1,CHEMBL3656046
Cc1ccc(F)c(NC(=O)Nc2ccc(Oc3ccnc(-c4cc(C(=O)NO)c[nH]4)c3)cc2F)c1,1,IC50,7.64,1,CHEMBL3656060
CCOC(=O)N=S(C)(=O)c1ccc(Nc2ncc(Br)c(N[C@H](C)[C@H](C)O)n2)cc1C,1,IC50,7.23,1,CHEMBL3648091
Cc1ccc(F)c(NC(=O)Nc2ccc(Oc3ccnc(-c4cc(C(=O)NCCOCCOCCOCCO)c[nH]4)c3)cc2)c1,1,IC50,8.0,1,CHEMBL3656098
C=S(C)(=O)NC(=O)c1c[nH]c(-c2cc(Oc3ccc(NC(=O)Nc4cccc(C)c4)cc3)ccn2)c1,1,IC50,7.75,1,CHEMBL3656118
O=C(Nc1ccc(Oc2ccnc(-c3cc(C(=O)O)c[nH]3)c2)cc1)Nc1ccc(Cl)c(C(F)(F)F)c1,1,IC50,7.85,1,CHEMBL3660281
NC(=O)c1c(-c2ccc([N+](=O)[O-])cc2)nsc1NC(=O)N1CCCC1=O,0,IC50 (>),5.0,1,CHEMBL3696082
COC(=O)C1CCCN1CCCNC(=O)c1c[nH]c(-c2cc(Oc3ccc(NC(=O)Nc4cc(C)ccc4F)cc3)ccn2)c1,1,IC50,7.5,1,CHEMBL3656071
C=S(C)(=O)NC(=O)c1c[nH]c(-c2cc(Oc3ccc(NC(=O)Nc4ccc(Cl)c(C(F)(F)F)c4)cc3)ccn2)c1,1,IC50,7.34,1,CHEMBL3656120
COC(=O)c1c[nH]c(-c2cc(Oc3cccc(C(=O)Nc4cccc(C)c4)c3)ccn2)c1,1,IC50,7.46,1,CHEMBL3656045
COC(=O)c1cc(-c2cc(Oc3ccc(NC(=O)Nc4cc(C)ccc4F)cc3)ccn2)cs1,1,IC50,7.22,1,CHEMBL3656063
Cc1ccc(F)c(NC(=O)Nc2ccc(Oc3ccnc(-c4cc(C(=O)N5CC[C@@H](O)C5)c[nH]4)c3)cc2)c1,1,IC50,7.82,1,CHEMBL3660292
Cc1ccc(F)c(NC(=O)Nc2ccc(Oc3ccnc(-c4cc(C(=O)N5CCC(S(=O)(=O)O)CC5)c[nH]4)c3)cc2)c1,1,IC50,7.57,1,CHEMBL3656107
CC(Sc1nc(Nc2ccc(S(C)(=N)=O)cc2)ncc1Br)C(C)(C)O,1,IC50,6.96,1,CHEMBL3648104
C=S(N)(=O)c1ccc(Nc2ncc(Br)c(N[C@H](C)CO)n2)cc1,1,IC50,7.4,1,CHEMBL3648099
CC(C)Nc1nc(Nc2ccc(S(C)(=N)=O)cc2)ncc1Br,1,IC50,7.16,1,CHEMBL3648126
Cc1cccc(NC(=O)Nc2ccc(Oc3ccnc(-c4cc(C(=O)O)c[nH]4)c3)cc2F)c1,1,IC50,7.85,1,CHEMBL3656096
Cc1ccc(F)c(NC(=O)Nc2ccc(Oc3ccnc(-c4cc(C(=O)NCC(=O)N5CC[C@H](O)C5)c[nH]4)c3)cc2)c1,1,IC50,7.8,1,CHEMBL3656072
CCNC(=O)c1c[nH]c(-c2cc(Oc3ccc(NC(=O)Nc4cccc(C)c4)c(F)c3)ccn2)c1,1,IC50,7.7,1,CHEMBL3656091
Cc1ccc(F)c(NC(=O)Nc2ccc(Oc3ccnc(-c4cc(C(=O)NCC(=O)NCC(O)CO)c[nH]4)c3)cc2)c1,1,IC50,7.7,1,CHEMBL3656077
Cc1ccc(F)c(NC(=O)Nc2ccc(Oc3ccnc(-c4c[nH]c(C(=O)N(C)C)c4)c3)cc2)c1,1,IC50,7.52,1,CHEMBL3660298
CCOC(=O)N=S(=O)(CC)c1ccc(Nc2ncc(Br)c(N[C@H](C)[C@H](C)O)n2)cc1,1,IC50,7.04,1,CHEMBL3648089
CCNC(=O)CCCNC(=O)c1c[nH]c(-c2cc(Oc3ccc(NC(=O)Nc4cc(C)ccc4F)cc3)ccn2)c1,1,IC50,7.64,1,CHEMBL3656081
COCCOCCOC(=O)c1c[nH]c(-c2cc(Oc3ccc(NC(=O)Nc4cc(C)ccc4F)cc3)ccn2)c1,1,IC50,7.15,1,CHEMBL3660271
Cc1ccc(F)c(NC(=O)Nc2ccc(Oc3ccnc(-c4cc(C(=O)NCCCC(=O)N5CC[C@@H](O)C5)c[nH]4)c3)cc2)c1,1,IC50,7.41,1,CHEMBL3656082
C[C@@H](Nc1nc(Nc2ccc(S(=N)(=O)CCO)cc2)ncc1Br)C(C)(C)O,1,IC50,7.16,1,CHEMBL3648107
Cc1ccc(F)c(NC(=O)Nc2ccc(Oc3ccnc(-c4cc(C(N)=O)c[nH]4)c3)cc2)c1,1,IC50,7.68,1,CHEMBL3660267
COC(=O)c1c[nH]c(-c2cc(Oc3ccc(NC(=O)Nc4ccc(Cl)c(C(F)(F)F)c4)cc3)ccn2)c1,1,IC50,6.89,1,CHEMBL3660282
Cc1ccc(F)c(NC(=O)Nc2ccc(Oc3ccnc(-c4cc(C(=O)NCCCC(N)=O)c[nH]4)c3)cc2)c1,1,IC50,7.64,1,CHEMBL3656076
CCNC(=O)c1c[nH]c(-c2cc(Oc3ccc(NC(=O)Nc4cc(C)ccc4F)cc3)ccn2)c1,1,IC50,7.75,1,CHEMBL3660272
Cc1ccc(F)c(NC(=O)Nc2ccc(Oc3ccnc(-c4cc(C(=O)N5CCC(C(=O)O)C5)c[nH]4)c3)cc2)c1,1,IC50,7.66,1,CHEMBL3656104
CCOC(=O)N=S(=O)(CC)c1ccc(Nc2ncc(Br)c(N[C@@H](COC)[C@H](C)O)n2)cc1,1,IC50,6.35,1,CHEMBL3648086
Cc1ccc(F)c(NC(=O)Nc2ccc(Oc3ccnc(-c4cc(C(=O)NCCCC(=O)O)c[nH]4)c3)cc2F)c1,1,IC50,7.77,1,CHEMBL3656087
COc1cc(Nc2ncc(Br)c(N[C@H](C)[C@@H](C)O)n2)ccc1S(C)(=N)=O,1,IC50,7.51,1,CHEMBL3648111
C[C@@H](Nc1nc(Nc2ccc(S(C)(=N)=O)cc2)ncc1Br)C(C)(C)O,1,IC50,6.85,1,CHEMBL3648072
CCOC(=O)N=S(C)(=O)c1ccc(Nc2ncc(Br)c(N[C@@H](COC)[C@H](C)O)n2)cc1,1,IC50,6.28,1,CHEMBL3648087
Cc1ccc(F)c(NC(=O)Nc2ccc(-c3snc(NCCCN4CCOCC4)c3C(N)=O)cc2)c1,1,IC50,7.57,1,CHEMBL3696097
Cc1cccc(NC(=O)Nc2ccc(Oc3ccnc(-c4cc(C(=O)N5CCC[C@@H](O)C5)c[nH]4)c3)cc2)c1,1,IC50,7.77,1,CHEMBL3656111
Cc1nn(-c2ccnc(Nc3ccc4c(c3)c(-c3nccs3)cn4C)n2)cc1CN1CC(O)C1,1,IC50,6.54,1,CHEMBL3657548
Cc1ccc(F)c(NC(=O)Nc2ccc(Oc3ccnc(-c4cc(C(=O)N5CCC(CC(=O)O)CC5)c[nH]4)c3)cc2)c1,1,IC50,7.51,1,CHEMBL3660285
NC(=O)c1c(-c2ccc(N)cc2)nsc1N,0,IC50 (>),5.0,1,CHEMBL3696086
Cc1ccc(F)c(NC(=O)Nc2ccc(Oc3ccnc(-c4csc(C(=O)O)c4)c3)cc2)c1,1,IC50,7.62,1,CHEMBL3660283
COC(=O)[C@@H]1CCCN1CCNC(=O)c1c[nH]c(-c2cc(Oc3ccc(NC(=O)Nc4cc(C)ccc4F)cc3)ccn2)c1,1,IC50,7.46,1,CHEMBL3656123
COC(=O)c1c[nH]c(-c2cc(Oc3ccc(NC(=O)Nc4ccc(F)c(C(F)(F)F)c4)cc3)ccn2)c1,1,IC50,7.01,1,CHEMBL3660280
CCC(C)Sc1nc(Nc2ccc(S(C)(=N)=O)cc2)ncc1Br,1,IC50,6.92,1,CHEMBL3648100
Cc1ccoc1C(=O)Nc1cc(Oc2ccnc(-c3cc(C(=O)O)c[nH]3)c2)ccc1F,1,IC50,7.28,1,CHEMBL3656050
Cc1ccc(F)c(NC(=O)c2cccc(Oc3ccnc(-c4cc(C(=O)NCC(O)CO)c[nH]4)c3)c2)c1,1,IC50,7.33,1,CHEMBL3656033
Cc1ccc(F)c(NC(=O)Nc2ccc(Oc3ccnc(-c4cc(C(=O)NCCCC(=O)N(C)CC(O)CO)c[nH]4)c3)cc2)c1,1,IC50,7.6,1,CHEMBL3656073
CNC(=O)c1c[nH]c(-c2cc(Oc3ccc(NC(=O)Nc4cccc(C)c4)cc3)ccn2)c1,1,IC50,7.64,1,CHEMBL3656110
NC(=O)c1c(-c2cccc(N)c2)nsc1N,0,IC50 (>),5.0,1,CHEMBL3696090
CCS(=N)(=O)c1ccc(Nc2ncc(Br)c(N[C@@H](COC)[C@H](C)O)n2)cc1,1,IC50,6.64,1,CHEMBL3648121
COc1ccc(NC(=O)Nc2ccc(-c3csc4c(-c5cnn(CC(C)(C)O)c5)cnc(N)c34)cc2)cc1,1,IC50,8.3,1,CHEMBL2004290
CNC(=O)c1cc(-c2cc(Oc3ccc(NC(=O)Nc4cc(C)ccc4F)cc3)ccn2)c[nH]1,1,IC50,7.52,1,CHEMBL3660299
Cc1ccc(F)c(NC(=O)Nc2ccc(Oc3ccnc(-c4cc(C(=O)N5CCC(O)CC5)c[nH]4)c3)cc2)c1,1,IC50,6.99,1,CHEMBL3660289
CCOC(=O)CCCNC(=O)c1c[nH]c(-c2cc(Oc3ccc(NC(=O)Nc4cc(C)ccc4F)c(F)c3)ccn2)c1,1,IC50,7.51,1,CHEMBL3656088
Cc1cn(-c2nc(Nc3ccc4c(c3)c(Cl)nn4C)ncc2F)cc1CN1CC(O)C1,1,IC50,6.82,1,CHEMBL3657549
CCOC(=O)N=S(=O)(CC)c1ccc(Nc2ncc(Br)c(N[C@H](C)C(C)(C)O)n2)cc1,1,IC50,7.03,1,CHEMBL3648088
C[C@H](O)[C@@H](C)Nc1nc(Nc2ccc(S(=O)(CC=O)=NS(=O)(=O)CC[Si](C)(C)C)cc2)ncc1Br,1,IC50,6.89,1,CHEMBL3648080
NC(=O)c1c(-c2ccc([NH2+][O-])cc2)nsc1NC(=O)NCCCN1CCOCC1,0,IC50 (>),5.0,1,CHEMBL3696070
COC(=O)c1c[nH]c(-c2cc(Oc3ccc(NC(=O)Nc4cc(C)ccc4F)cc3F)ccn2)c1,1,IC50,7.07,1,CHEMBL3660278
COC(=O)CNC(=O)c1cc(-c2cc(Oc3ccc(NC(=O)Nc4cc(C)ccc4F)cc3)ccn2)cs1,1,IC50,7.96,1,CHEMBL3656062
Cc1ccc(F)c(NC(=O)Nc2ccc(Oc3ccnc(-c4c[nH]c(C(=O)OCCO)c4)c3)cc2)c1,1,IC50,7.44,1,CHEMBL3660284
Cc1nn(-c2cccc(Nc3ccc4c(c3)c(C(=O)C(F)(F)F)cn4C)n2)cc1CN1CC[C@@H](O)C1,1,IC50,6.3,1,CHEMBL3657551
COC(=O)[C@H](CCC(=O)OC(C)(C)C)NC(=O)c1c[nH]c(-c2cc(Oc3ccc(NC(=O)Nc4cccc(C)c4)c(F)c3)ccn2)c1,1,IC50,7.55,1,CHEMBL3656067
CN=S(C)(=O)c1ccc(Nc2ncc(Br)c(N[C@H](C)[C@H](C)O)n2)cc1,1,IC50,7.43,1,CHEMBL3648083
C[C@@H](Nc1nc(Nc2ccc(S(=N)(=O)CC3CC3)cc2)ncc1Br)C(C)(C)O,1,IC50,7.31,1,CHEMBL3648076
COC(=O)c1c[nH]c(-c2cc(Oc3cccc(C(=O)Nc4cc(C)ccc4F)c3)ccn2)c1,1,IC50,7.55,1,CHEMBL3656043
Cc1cccc(NC(=O)Nc2ccc(Oc3ccnc(-c4cc(C(=O)NS(C)(=O)=CCC(=O)O)c[nH]4)c3)cc2)c1,1,IC50,7.72,1,CHEMBL3656103
Cc1cccc(NC(=O)Nc2ccc(Oc3ccnc(-c4cc(C(=O)N[C@@H](CCC(=O)OCCO)C(=O)OCCO)c[nH]4)c3)cc2F)c1,1,IC50,7.77,1,CHEMBL3656068
Cc1cccc(NC(=O)Nc2ccc(Oc3ccnc(-c4cc(C(=O)N5CC[C@@H](O)C5)c[nH]4)c3)cc2F)c1,1,IC50,7.96,1,CHEMBL3656094
Cc1ccsc1C(=O)Nc1cccc(Oc2ccnc(-c3cc(C(=O)O)c[nH]3)c2)c1,1,IC50,6.92,1,CHEMBL3656048
CC(=O)c1cn(C)c2ccc(Nc3nccc(-n4cc(CN5CC(O)C5)c(C)n4)n3)cc12,1,IC50,6.46,1,CHEMBL3657544
Cc1ccoc1C(=O)Nc1cccc(Oc2ccnc(-c3cc(C(=O)NO)c[nH]3)c2)c1,1,IC50,7.7,1,CHEMBL3656040
Cc1ccc(F)c(NC(=O)Nc2ccc(-c3nsc(N)c3C(N)=O)cc2)c1,1,IC50,7.62,1,CHEMBL3696088
Cc1cccc(NC(=O)Nc2ccc(Oc3ccnc(-c4cc(C(=O)N[C@@H](CCC(=O)O)C(=O)O)c[nH]4)c3)cc2F)c1,1,IC50,7.57,1,CHEMBL3656070
CN=S(C)(=O)c1ccc(Nc2ncc(Br)c(N[C@H](C)[C@@H](C)O)n2)cc1OC,1,IC50,7.8,1,CHEMBL3648113
Cc1ccc(F)c(NC(=O)Nc2ccc(Oc3ccnc(-c4cc(C(=O)N5CC[C@H](O)C5)c[nH]4)c3)cc2)c1,1,IC50,7.82,1,CHEMBL3660293
Cc1cc(Nc2ncc(Br)c(N[C@@H](C)C(C)(C)O)n2)ccc1S(C)(=N)=O,1,IC50,7.32,1,CHEMBL3648125
Cc1cccc(NC(=O)Nc2ccc(Oc3ccnc(-c4cc(C(=O)NCCCC(=O)O)c[nH]4)c3)cc2F)c1,1,IC50,7.8,1,CHEMBL3656089
NC(=O)c1c(-c2cccc(NC(=O)Nc3ccccc3)c2)nsc1N,0,IC50 (>),5.0,1,CHEMBL3696093
CCNC(=O)[C@H](CCC(=O)O)NC(=O)c1c[nH]c(-c2cc(Oc3ccc(NC(=O)Nc4cccc(C)c4)c(F)c3)ccn2)c1,1,IC50,7.8,1,CHEMBL3656064
C=S(C)(=O)NC(=O)c1c[nH]c(-c2cc(Oc3cccc(NC(=O)c4occc4C)c3)ccn2)c1,1,IC50,7.43,1,CHEMBL3656052
C[C@H](O)[C@@H](C)Oc1nc(Nc2ccc(S(C)(=N)=O)cc2)ncc1Br,1,IC50,6.47,1,CHEMBL3648073
CC(C)n1c(Nc2ccc(C(F)(F)F)cc2)nc2cnc(Nc3ccc(N4CCN(C)CC4)cc3)nc21,1,IC50,8.05,1,CHEMBL3678957
Cc1ccoc1C(=O)Nc1cccc(Oc2ccnc(-c3cc(C(=O)NCC(=O)O)c[nH]3)c2)c1,1,IC50,7.55,1,CHEMBL3656027
Cc1nn(-c2ccnc(Nc3ccc4c(c3)c(Cl)c(C)n4C)n2)cc1CN1CC[C@@H](O)C1,1,IC50,6.0,1,CHEMBL3622957
Cc1ccc(F)c(NC(=O)c2ccc(F)c(Oc3ccnc(-c4cc(C(=O)N5CCCC(O)C5)c[nH]4)c3)c2)c1,1,IC50,7.55,1,CHEMBL3656032
CCS(=N)(=O)c1ccc(Nc2ncc(Br)c(N[C@H](COC)[C@@H](C)O)n2)cc1,1,IC50,6.33,1,CHEMBL3648120
COC(=O)c1c[nH]c(-c2cc(Oc3ccc(NC(=O)Nc4cc(C)ccc4F)cc3)ccn2)c1,1,IC50,7.33,1,CHEMBL3660295
Cc1ccc(F)c(NC(=O)Nc2ccc(Oc3ccnc(-c4cc(C(=O)O)c[nH]4)c3)cc2F)c1,1,IC50,7.77,1,CHEMBL3656117
COC(=O)CC1CCN(C(=O)c2c[nH]c(-c3cc(Oc4ccc(NC(=O)Nc5cc(C)ccc5F)cc4)ccn3)c2)CC1,1,IC50,6.94,1,CHEMBL3660286
CN(c1ccc2c(C(=O)Nc3ccccc3)cccc2c1)c1ccnc(Nc2cccc(CS(C)(=O)=O)c2)n1,1,IC50,8.66,1,CHEMBL3741876
CS(=O)(=O)Cc1cccc(Nc2nccc(Nc3ccc4c(C(=O)Nc5ccccc5)cccc4c3)n2)c1,1,IC50,8.74,1,CHEMBL3741316
CS(=O)(=O)Cc1cccc(Nc2cc(Oc3ccc4c(C(=O)Nc5ccccc5)cccc4c3)ncn2)c1,1,IC50,8.21,1,CHEMBL3740781
CS(=O)(=O)Cc1cccc(Nc2nccc(Oc3ccc4c(C(N)=O)cccc4c3)n2)c1,1,IC50,8.68,1,CHEMBL3741965
CS(=O)(=O)Cc1cccc(Nc2nccc(Oc3ccc4c(C(=O)NC5CCC5)cccc4c3)n2)c1,1,IC50,8.12,1,CHEMBL3741625
CS(=O)(=O)Cc1cccc(Nc2nccc(Oc3ccc4c(C(=O)NC5CC5)cccc4c3)n2)c1,1,IC50,9.22,1,CHEMBL3741966
CCNC(=O)c1cccc2cc(Oc3ccnc(Nc4cccc(CS(C)(=O)=O)c4)n3)ccc12,1,IC50,8.14,1,CHEMBL3742328
CS(=O)(=O)Cc1cccc(Nc2nccc(Oc3ccc4c(C(=O)Nc5ccncc5)cccc4c3)n2)c1,1,IC50,8.77,1,CHEMBL3741311
CS(=O)(=O)Cc1cccc(Nc2nccc(Oc3ccc4c(C(=O)Nc5cccnc5)cccc4c3)n2)c1,1,IC50,9.3,1,CHEMBL3739732
Cc1cc(NC(=O)c2cccc3cc(Oc4ccnc(Nc5cccc(CS(C)(=O)=O)c5)n4)ccc23)no1,1,IC50,8.7,1,CHEMBL3739633
CS(=O)(=O)Cc1cccc(Nc2nccc(Oc3ccc4c(C(=O)Nc5cc(Cl)cc(Cl)c5)cccc4c3)n2)c1,1,IC50,8.52,1,CHEMBL3739656
CS(=O)(=O)Cc1cccc(Nc2nccc(Oc3ccc4c(C(=O)Nc5cc(F)cc(F)c5)cccc4c3)n2)c1,1,IC50,8.22,1,CHEMBL3739569
CS(=O)(=O)Cc1cccc(Nc2nccc(Oc3ccc4c(C(=O)Nc5ccc(F)cc5F)cccc4c3)n2)c1,1,IC50,8.54,1,CHEMBL3741411
CS(=O)(=O)Cc1cccc(Nc2nccc(Oc3ccc4c(C(=O)Nc5cccc(Br)c5)cccc4c3)n2)c1,1,IC50,8.68,1,CHEMBL3740087
CS(=O)(=O)Cc1cccc(Nc2nccc(Oc3ccc4c(C(=O)Nc5ccc(Cl)cc5)cccc4c3)n2)c1,1,IC50,7.58,1,CHEMBL3741413
CS(=O)(=O)Cc1cccc(Nc2nccc(Oc3ccc4c(C(=O)Nc5cccc(Cl)c5)cccc4c3)n2)c1,1,IC50,7.7,1,CHEMBL3740073
CS(=O)(=O)Cc1cccc(Nc2nccc(Oc3ccc4c(C(=O)Nc5ccc(F)cc5)cccc4c3)n2)c1,1,IC50,8.85,1,CHEMBL3742168
CS(=O)(=O)Cc1cccc(Nc2nccc(Oc3ccc4c(C(=O)Nc5cccc(F)c5)cccc4c3)n2)c1,1,IC50,8.92,1,CHEMBL3740487
CS(=O)(=O)Cc1cccc(Nc2nccc(Oc3ccc4c(C(=O)Nc5ccccc5F)cccc4c3)n2)c1,1,IC50,8.7,1,CHEMBL3739936
CS(=O)(=O)Cc1cccc(Nc2nccc(Oc3ccc4c(C(=O)Nc5cccc(C(F)(F)F)c5)cccc4c3)n2)c1,1,IC50,8.43,1,CHEMBL3741916
Cc1ccc(NC(=O)c2cccc3cc(Oc4ccnc(Nc5cccc(CS(C)(=O)=O)c5)n4)ccc23)cc1,1,IC50,8.52,1,CHEMBL3741484
Cc1cccc(NC(=O)c2cccc3cc(Oc4ccnc(Nc5cccc(CS(C)(=O)=O)c5)n4)ccc23)c1,1,IC50,8.06,1,CHEMBL3739572
CS(=O)(=O)Cc1ccc(Nc2nccc(Oc3ccc4c(C(=O)Nc5ccccc5)cccc4c3)n2)cc1,1,IC50,8.89,1,CHEMBL3740673
CS(=O)(=O)c1ccc(Nc2nccc(Oc3ccc4c(C(=O)Nc5ccccc5)cccc4c3)n2)cc1,1,IC50,8.49,1,CHEMBL3740554
Cc1ccc(S(C)(=O)=O)cc1Nc1nccc(Oc2ccc3c(C(=O)Nc4ccccc4)cccc3c2)n1,1,IC50,8.64,1,CHEMBL3741187
Cc1ccc(Nc2nccc(Oc3ccc4c(C(=O)Nc5ccccc5)cccc4c3)n2)cc1S(C)(=O)=O,1,IC50,8.66,1,CHEMBL3740788
CS(=O)(=O)Cc1cccc(Nc2nccc(Oc3ccc4c(C(=O)Nc5ccccc5)cccc4c3)n2)c1,1,IC50,9.3,1,CHEMBL3740721
CNC(=O)c1cccc(Nc2nccc(Oc3ccc4c(C(=O)Nc5ccccc5)cccc4c3)n2)c1,1,IC50,8.74,1,CHEMBL3740574
CNS(=O)(=O)c1cccc(Nc2nccc(Oc3ccc4c(C(=O)Nc5ccccc5)cccc4c3)n2)c1,1,IC50,8.39,1,CHEMBL3741621
CS(=O)(=O)Nc1cccc(Nc2nccc(Oc3ccc4c(C(=O)Nc5ccccc5)cccc4c3)n2)c1,1,IC50,8.89,1,CHEMBL3740276
CS(=O)(=O)c1cccc(Nc2nccc(Oc3ccc4c(C(=O)Nc5ccccc5)cccc4c3)n2)c1,1,IC50,8.8,1,CHEMBL3741592
COc1cc(Nc2nccc(Oc3ccc4c(C(=O)Nc5ccccc5)cccc4c3)n2)cc(OC)c1,1,IC50,8.31,1,CHEMBL3739726
COc1ccc(Nc2nccc(Oc3ccc4c(C(=O)Nc5ccccc5)cccc4c3)n2)cc1OC,1,IC50,9.05,1,CHEMBL3740856
COc1cc(Nc2nccc(Oc3ccc4c(C(=O)Nc5ccccc5)cccc4c3)n2)cc(OC)c1OC,1,IC50,9.05,1,CHEMBL3741641
COc1cccc(Nc2nccc(Oc3ccc4c(C(=O)Nc5ccccc5)cccc4c3)n2)c1,1,IC50,8.28,1,CHEMBL3740530
O=C(Nc1ccccc1)c1cccc2cc(Oc3ccnc(Nc4ccccc4)n3)ccc12,1,IC50,7.72,1,CHEMBL3739627
CCS(=O)(=O)c1cccc(Nc2nccc(Oc3ccc4c(C(=O)Nc5ccccc5)cccc4c3)n2)c1,1,IC50,8.7,1,CHEMBL3739835
CS(=O)(=O)Cc1cccc(Nc2nccc(Oc3ccc4c(c3)OCCN4C(=O)Nc3ccccc3)n2)c1,1,IC50,8.42,1,CHEMBL3740163
O=C(Nc1ccc(CN2CCCC2)cc1)Nc1ccc2ncnc(Nc3cccc(C(F)(F)F)c3)c2c1,1,IC50,6.25,1,CHEMBL3740910
O=C(O)C1CN(Cc2ccc(OCc3ccc(Cl)c(Cl)c3)cc2)C1,0,IC50 (>),5.0,1,CHEMBL3741589
C[C@@H]1C[C@H](N)C[C@H](c2ccncc2NC(=O)c2ccc(F)c(-c3c(F)cccc3F)n2)C1,0,IC50 (>),5.0,1,CHEMBL3651966
C[C@@H]1NCc2ncnc(Oc3ccc4c(ccn4C(=O)Nc4cccc(C(F)(F)F)c4)c3)c21,1,IC50,7.8,2,CHEMBL3747182
O=C(Nc1cccc(C(F)(F)F)c1)n1ccc2cc(Oc3ncnc4c3CNC4)ccc21,1,IC50,9.4,2,CHEMBL3747481
CCN1CCc2c(ncnc2Oc2ccc3c(ccn3C(=O)Nc3cccc(C(F)(F)F)c3)c2)C1,1,IC50,8.0,2,CHEMBL3745924
C[C@@H]1Cc2c(ncnc2Oc2ccc3c(ccn3C(=O)Nc3cccc(C(F)(F)F)c3)c2)CN1,1,IC50,7.64,2,CHEMBL3746897
C[C@H]1Cc2c(ncnc2Oc2ccc3c(ccn3C(=O)Nc3cccc(C(F)(F)F)c3)c2)CN1,1,IC50,7.62,2,CHEMBL3747266
O=C(Nc1cccc(C(F)(F)F)c1)n1ccc2cc(Oc3ncnc4c3CNCC4)ccc21,1,IC50,7.75,2,CHEMBL3746357
O=C(Nc1cccc(C(F)(F)F)c1)n1ccc2cc(Oc3ncnc4c3CCNC4)ccc21,1,IC50,8.0,2,CHEMBL3747226
CNCc1cc(Oc2ccc3c(ccn3C(=O)Nc3ccc(F)c(C(F)(F)F)c3)c2)ncn1,1,IC50,8.3,2,CHEMBL3746204
CNCc1cc(Oc2ccc3c(ccn3C(=O)Nc3cccc(C(F)(F)F)c3)c2)ncn1,1,IC50,8.1,3,CHEMBL3747063
O=C(Nc1cccc(C(F)(F)F)c1)n1ccc2cc(Oc3cc(CO)ncn3)ccc21,1,IC50,8.4,2,CHEMBL3746595
CC1(c2cc(NC(=O)n3ccc4cc(Oc5ncnc6c5CNC6)ccc43)no2)CC1,1,IC50,8.22,3,CHEMBL3746370
CC(C)c1cc(NC(=O)n2ccc3cc(Oc4ncnc5c4CNC5)ccc32)no1,1,IC50,8.7,3,CHEMBL3747273
O=C(Nc1cc(C2CC2)on1)n1ccc2cc(Oc3ncnc4c3CNC4)ccc21,1,IC50,7.58,3,CHEMBL3746122
C[C@@H]1NCc2ncnc(Oc3ccc4c(ccn4C(=O)Nc4cc(C(C)(C)C)on4)c3)c21,1,IC50,8.1,2,CHEMBL3746141
CC(C)(C)c1cc(NC(=O)n2ccc3cc(Oc4ncnc5c4CNC5)ccc32)on1,1,IC50,6.94,2,CHEMBL3747565
CC(C)(C)c1cc(NC(=O)n2ccc3cc(Oc4ncnc5c4CNC5)ccc32)no1,1,IC50,8.52,4,CHEMBL3745816
C[C@H]1Cc2c(ncnc2Oc2ccc3c(ccn3C(=O)Nc3cc(C(C)(C)C)on3)c2)CN1,1,IC50,8.4,2,CHEMBL3747669
CC(C)(C)c1cc(NC(=O)n2ccc3cc(Oc4ncnc5c4CCNC5)ccc32)no1,1,IC50,7.52,2,CHEMBL3746226
C[C@@H]1Cc2c(ncnc2Oc2ccc3c(ccn3C(=O)Nc3cc(C4(C)CC4)[nH]n3)c2)CN1,1,IC50,9.05,2,CHEMBL3746273
C[C@H]1Cc2c(ncnc2Oc2ccc3c(ccn3C(=O)Nc3cc(C4(C)CC4)[nH]n3)c2)CN1,1,IC50,9.05,3,CHEMBL3746776
CC1(c2cc(NC(=O)n3ccc4cc(Oc5ncnc6c5CCNC6)ccc43)n[nH]2)CC1,1,IC50,8.64,3,CHEMBL3746562
CC(C)(C)c1cc(NC(=O)n2ccc3cc(Oc4ncnc5c4CCNC5)ccc32)n[nH]1,1,IC50,9.0,2,CHEMBL3747084
CC(C)c1cc(NC(=O)n2ccc3cc(Oc4ncnc5c4CCNC5)ccc32)n[nH]1,1,IC50,8.52,2,CHEMBL3745943
Cc1cncc(NC(=O)n2ccc3cc(Oc4ncnc5c4CCNC5)ccc32)c1,1,IC50,6.55,1,CHEMBL3746953
C[C@H]1NCc2ncnc(Oc3ccc4c(ccn4C(=O)Nc4cccc(C(F)(F)F)c4)c3)c21,1,IC50,7.77,1,CHEMBL3746735
CC(=O)N1CCc2c(ncnc2Oc2ccc3c(ccn3C(=O)Nc3cccc(C(F)(F)F)c3)c2)C1,1,IC50,8.15,1,CHEMBL3746052
Nc1cc(Oc2ccc3c(ccn3C(=O)Nc3cccc(C(F)(F)F)c3)c2)ncn1,1,IC50,7.77,1,CHEMBL3746359
CC1(c2cc(NC(=O)n3ccc4cc(Oc5ncnc6c5CNC6)ccc43)n[nH]2)CC1,1,IC50,9.3,1,CHEMBL3746941
Cn1c(=O)c(S(=O)(=O)c2ccc(F)cc2F)cc2cnc(Nc3ccc4[nH]ccc4c3)nc21,0,IC50 (>),5.0,1,CHEMBL3745885
Cc1nc(NC(=O)CN2CCN(c3nnc(-c4ccccc4)c4ccccc34)CC2)sc1C(=O)Nc1ccccc1,1,IC50,6.4,1,CHEMBL3753051
COc1cc(NC(=O)Nc2nccs2)cc(-c2cccnc2)c1OC,1,IC50,6.54,1,CHEMBL3754709
O=C(Nc1cc(-c2cccnc2)cc(C(F)(F)F)c1)Nc1nccs1,1,IC50,7.24,1,CHEMBL3753142
O=C(Nc1cc(-c2cncnc2)cc(C(F)(F)F)c1)Nc1nccs1,1,IC50,7.06,1,CHEMBL3754556
O=C(Nc1nccs1)Nc1cc(-c2cccnc2)ccc1OC(F)(F)F,1,IC50,6.97,1,CHEMBL3753811
COc1ccc(-c2ccc(OC(F)(F)F)c(NC(=O)Nc3nccs3)c2)cn1,1,IC50,6.41,1,CHEMBL3753157
O=C(Nc1nccs1)Nc1cc(-c2cncnc2)ccc1OC(F)(F)F,1,IC50,7.16,1,CHEMBL3752248
COc1cc(NC(=O)Nc2ccccn2)cc(-c2c[nH]cn2)c1OC,1,IC50,7.48,1,CHEMBL3753532
Cn1cnc(-c2cc(NC(=O)Nc3ccncc3)cc(C(F)(F)F)c2)c1,1,IC50,6.65,1,CHEMBL3754301
Cn1cnc(-c2ccc(OC(F)(F)F)c(NC(=O)Nc3ccncc3)c2)c1,1,IC50,6.45,1,CHEMBL3752825
COc1cc(NC(=O)Nc2nccs2)cc(-c2cn(C)cn2)c1OC,1,IC50,6.38,1,CHEMBL3752129
Cn1cnc(-c2cc(NC(=O)Nc3nccs3)cc(C(F)(F)F)c2)c1,1,IC50,6.54,1,CHEMBL3752916
COc1ccc(-c2cc(NC(=O)Nc3ccccn3)cc(OC)c2OC)cn1,1,IC50,7.1,1,CHEMBL3754785
O=C(Nc1ccccn1)Nc1cc(-c2cccnc2)ccc1OC(F)(F)F,1,IC50,7.06,1,CHEMBL3753208
O=C(Nc1ccncc1)Nc1cc(-c2cncnc2)ccc1OC(F)(F)F,1,IC50,7.65,1,CHEMBL3752370
O=C(Nc1ccncc1)Nc1cc(-c2cccnc2)ccc1OC(F)(F)F,1,IC50,6.89,1,CHEMBL3753886
O=C(Nc1ccncc1)Nc1cc(-c2cncnc2)cc(C(F)(F)F)c1,1,IC50,7.67,1,CHEMBL3752008
COc1ccc(-c2cc(NC(=O)Nc3ccncc3)cc(C(F)(F)F)c2)cn1,1,IC50,6.44,1,CHEMBL3753904
O=C(Nc1ccncc1)Nc1cc(-c2cccnc2)cc(C(F)(F)F)c1,1,IC50,7.03,1,CHEMBL3752404
COc1cc(NC(=O)Nc2ccncc2)cc(-c2cncnc2)c1OC,1,IC50,6.31,1,CHEMBL3754722
COc1cc(NC(=O)Nc2ccncc2)cc(-c2cccnc2)c1OC,1,IC50,6.67,1,CHEMBL3753836
O=C(Nc1ccccn1)Nc1cc(-c2cncnc2)ccc1OC(F)(F)F,1,IC50,7.28,1,CHEMBL3754057
CC(C)n1nc(-c2cc(C3CC3)on2)c2c(N)ncnc21,1,IC50,7.02,1,CHEMBL3753341
CCOC(=O)c1ccc(NC(=O)CN2CCN(c3nnc(-c4ccccc4)c4ccccc34)CC2)cc1,1,IC50,6.46,1,CHEMBL3754257
COc1cc2ncnc(Nc3ccc(Br)cc3)c2cc1OCCCCCCC(=O)NO,1,IC50,7.13,2,CHEMBL3759186
COc1cc2ncnc(Nc3ccc(Br)cc3)c2cc1OCCCCCC(=O)NO,1,IC50,7.13,2,CHEMBL3758697
COc1cc2ncnc(Nc3ccc(Br)cc3)c2cc1OCCCCC(=O)NO,1,IC50,7.23,1,CHEMBL3758940
COc1cc2ncnc(Nc3ccc(Br)cc3)c2cc1OCCCC(=O)NO,1,IC50,7.01,1,CHEMBL3759232
COc1cc2ncnc(Nc3ccccc3Br)c2cc1OCCCCCCC(=O)NO,0,IC50 (>),5.0,1,CHEMBL3759591
COc1cc2ncnc(Nc3ccccc3Br)c2cc1OCCCCCC(=O)NO,0,IC50 (>),5.0,1,CHEMBL3758725
COc1cc2ncnc(Nc3ccccc3Br)c2cc1OCCCCC(=O)NO,0,IC50 (>),5.0,1,CHEMBL3759868
COc1cc2ncnc(Nc3ccccc3Br)c2cc1OCCCC(=O)NO,0,IC50 (>),5.0,1,CHEMBL3759327
COc1cc2ncnc(Nc3ccc(Cl)cc3)c2cc1OCCCCCCC(=O)NO,1,IC50,6.67,1,CHEMBL3758839
COc1cc2ncnc(Nc3ccc(Cl)cc3)c2cc1OCCCCCC(=O)NO,1,IC50,6.5,1,CHEMBL3759261
COc1cc2ncnc(Nc3ccc(Cl)cc3)c2cc1OCCCCC(=O)NO,1,IC50,6.66,1,CHEMBL3758489
COc1cc2ncnc(Nc3ccc(Cl)cc3)c2cc1OCCCC(=O)NO,1,IC50,6.74,1,CHEMBL3758229
COc1cc2ncnc(Nc3ccccc3Cl)c2cc1OCCCCCCC(=O)NO,1,IC50,6.44,1,CHEMBL3759279
COc1cc2ncnc(Nc3ccccc3Cl)c2cc1OCCCCCC(=O)NO,1,IC50,6.16,1,CHEMBL3759149
COc1cc2ncnc(Nc3ccccc3Cl)c2cc1OCCCCC(=O)NO,1,IC50,6.08,1,CHEMBL3759853
COc1cc2ncnc(Nc3ccccc3Cl)c2cc1OCCCC(=O)NO,1,IC50,6.07,1,CHEMBL3759278
COc1cc2ncnc(Nc3ccc(F)cc3)c2cc1OCCCCCCC(=O)NO,1,IC50,6.57,1,CHEMBL3758380
COc1cc2ncnc(Nc3ccc(F)cc3)c2cc1OCCCCCC(=O)NO,1,IC50,6.28,1,CHEMBL3759565
COc1cc2ncnc(Nc3ccc(F)cc3)c2cc1OCCCCC(=O)NO,1,IC50,6.34,1,CHEMBL3759041
COc1cc2ncnc(Nc3ccc(F)cc3)c2cc1OCCCC(=O)NO,1,IC50,6.42,1,CHEMBL3759798
COc1cc2ncnc(Nc3ccccc3F)c2cc1OCCCCCCC(=O)NO,1,IC50,6.12,1,CHEMBL3759313
COc1cc2ncnc(Nc3ccccc3F)c2cc1OCCCCCC(=O)NO,1,IC50,6.04,1,CHEMBL3759111
COc1cc2ncnc(Nc3ccccc3F)c2cc1OCCCCC(=O)NO,1,IC50,6.08,1,CHEMBL3758922
COc1cc2ncnc(Nc3ccccc3F)c2cc1OCCCC(=O)NO,1,IC50,6.06,1,CHEMBL3760069
COc1cc2c(Nc3ccc(NC(=O)c4ccc(C)cc4)cc3)ncnc2cc1OCCCN1CCN(C)CC1,1,IC50,6.06,1,CHEMBL3758585
COc1cc2c(Nc3ccc(NC(=O)c4ccccc4)cc3)ncnc2cc1OCCCN1CCN(C)CC1,1,IC50,6.25,1,CHEMBL3759127
COc1ccc(C(=O)Nc2ccc(Nc3ncnc4cc(OCc5ccccc5)c(OC)cc34)cc2)cc1,0,IC50 (>),5.0,1,CHEMBL3759884
COc1cc2c(Nc3ccc(NC(=O)c4ccc(C)cc4)cc3)ncnc2cc1OCc1ccccc1,0,IC50 (>),5.0,1,CHEMBL3758900
COc1cc2c(Nc3ccc(NC(=O)c4ccc(Cl)cc4)cc3)ncnc2cc1OCc1ccccc1,0,IC50 (>),5.0,1,CHEMBL3758355
COc1cc2c(Nc3ccc(NC(=O)c4ccccc4Cl)cc3)ncnc2cc1OCc1ccccc1,0,IC50 (>),5.0,1,CHEMBL3759203
COc1cc2c(Nc3ccc(NC(=O)c4cccc(Cl)c4)cc3)ncnc2cc1OCc1ccccc1,0,IC50 (>),5.0,1,CHEMBL3759483
COc1cc2c(Nc3ccc(NC(=O)c4ccccc4)cc3)ncnc2cc1OCc1ccccc1,0,IC50 (>),5.0,1,CHEMBL3759724
CNC(=O)c1cc2c(Oc3ccc(NC(=S)NC(=O)Cc4ccccc4)cc3F)ccnc2cc1OC,1,IC50,7.52,3,CHEMBL3764045
Nc1nccc(Oc2ccc(NC(=O)c3c[nH]cc(-c4ccc(F)cc4)c3=O)cc2F)c1Cl,1,IC50,7.82,1,CHEMBL2143592
CC1=[N+](c2ccccc2)C(=O)C(C(=O)Nc2ccc(Oc3ccc4nc(NC(=O)C5CC5)cn4c3)c(F)c2)C=C1,1,IC50,9.07,2,CHEMBL3765306
C=CCc1cccc(/C=N/NC(=O)Nc2ccc(Oc3ccnc4cc(OCCCN5CCCCC5)c(OC)cc34)c(F)c2)c1O,1,IC50,6.68,1,CHEMBL3764279
COc1ccc(/C=C/C(=O)Nc2cc3c(Nc4ccc(F)c(Cl)c4)ncnc3cc2O[C@H]2CCOC2)cc1,1,IC50,6.05,1,CHEMBL3763360
COc1ccc(/C=C/C(=O)Nc2cc3c(Nc4ccc(F)c(Cl)c4)ncnc3cc2O[C@H]2CCOC2)c(OC)c1OC,1,IC50,6.32,1,CHEMBL3763790
O=C(Nc1ccc(Oc2ccnc3[nH]ccc23)c(F)c1)c1nnn(-c2ccc(F)cc2)c1C(F)(F)F,1,IC50,7.06,1,CHEMBL3774451
CCc1c(O)cccc1Nc1ncnc2cc(OC)c(OC)cc12,0,IC50 (>),5.0,1,CHEMBL3775240
COc1cc2ncnc(Nc3cccc(O)c3OC)c2cc1OC,0,IC50 (>),5.0,1,CHEMBL3775660
COc1cc2ncnc(Nc3cccc(O)c3F)c2cc1OC,1,IC50,6.55,1,CHEMBL3775903
COc1cc2ncnc(Nc3cccc(O)c3C)c2cc1OC,0,IC50 (>),5.0,1,CHEMBL3775569
COc1cc2ncnc(Nc3ccccc3O)c2cc1OC,0,IC50 (>),5.0,1,CHEMBL3774450
COc1cc2ncnc(Nc3ccc(Br)cc3F)c2cc1OC,1,IC50,6.34,1,CHEMBL1277620
COc1cc2ncnc(Nc3cccc(O)c3C(F)(F)F)c2cc1OC,0,IC50 (>),5.0,1,CHEMBL3774720
COc1cc2ncnc(Nc3cccc(O)c3C#N)c2cc1OC,0,IC50 (>),5.0,1,CHEMBL3774643
COc1cc2ncnc(Nc3ccc(F)c(O)c3)c2cc1OC,1,IC50,7.14,1,CHEMBL3775879
COc1cc2ncnc(Nc3ccc(Cl)c(O)c3)c2cc1OC,1,IC50,7.24,1,CHEMBL235851
COc1ccc(Nc2ncnc3cc(OC)c(OC)cc23)cc1O,1,IC50,7.14,1,CHEMBL3774563
COc1cc2ncnc(Nc3cc(O)cc(F)c3)c2cc1OC,1,IC50,7.18,1,CHEMBL3775934
COc1cc2ncnc(Nc3cc(C)cc(O)c3)c2cc1OC,1,IC50,6.46,1,CHEMBL3775086
COc1cc2ncnc(Nc3cc(O)ccc3F)c2cc1OC,1,IC50,7.7,1,CHEMBL3774904
COc1cc2ncnc(Nc3cc(O)ccc3Cl)c2cc1OC,1,IC50,7.15,1,CHEMBL3774489
COc1cc2ncnc(Nc3cc(O)ccc3C)c2cc1OC,1,IC50,6.8,1,CHEMBL3774951
COc1cc2ncnc(Nc3cc(O)c(F)cc3F)c2cc1OC,1,IC50,8.02,2,CHEMBL3775169
COc1cc2ncnc(Nc3cc(O)c(Cl)cc3Cl)c2cc1OC,1,IC50,7.82,1,CHEMBL3775190
COc1cc2ncnc(Nc3cc(O)c(C)cc3Cl)c2cc1OC,1,IC50,7.77,1,CHEMBL3775415
COc1cc2ncnc(Nc3ccc(F)c(O)c3F)c2cc1OC,1,IC50,6.64,1,CHEMBL3775336
COc1cc2ncnc(Nc3c(F)ccc(O)c3F)c2cc1OC,1,IC50,7.16,1,CHEMBL3775557
COc1cc2ncnc(Nc3c(Cl)ccc(O)c3F)c2cc1OC,1,IC50,6.64,1,CHEMBL3775511
COc1cc2ncnc(Nc3c(Cl)ccc(O)c3C)c2cc1OC,0,IC50 (>),5.0,1,CHEMBL3774697
COc1cc2ncnc(Nc3ccc(C)c(O)c3Cl)c2cc1OC,1,IC50,6.44,1,CHEMBL3775560
COc1cc2ncnc(Oc3cccc(O)c3)c2cc1OC,1,IC50,6.82,1,CHEMBL3775672
COc1cc2ncnc(Sc3cccc(O)c3)c2cc1OC,1,IC50,6.68,1,CHEMBL3775376
COc1cc2ncnc(N3CCCc4c(O)cccc43)c2cc1OC,0,IC50 (>),5.0,1,CHEMBL3774623
N#CC1(c2ccc(NC(=O)c3cccnc3NCc3ccncc3)cc2)CCCC1,1,IC50,9.0,1,CHEMBL3545414
COc1cccc(NC(=O)Nc2cncc3nc(-c4ccccc4)cnc23)c1,0,IC50 (>),4.0,1,CHEMBL3780358
COc1ccc(NC(=O)Nc2cncc3nc(-c4ccccc4)cnc23)cc1,0,IC50 (>),4.0,1,CHEMBL3781939
C=CCNC(=O)Nc1cncc2nc(-c3ccccc3)cnc12,0,IC50 (>),4.5,1,CHEMBL3781906
Fc1ccc(Nc2cncc3nc(-c4ccccc4)cnc23)cc1Cl,0,IC50 (>),4.0,1,CHEMBL3780151
c1ccc(Nc2cncc3nc(-c4ccc(N5CCCCC5)cc4)cnc23)cc1,0,IC50 (>),4.0,1,CHEMBL3781538
COc1cccc(Nc2cncc3nc(-c4ccc(N5CCCCC5)cc4)cnc23)c1,0,IC50 (>),4.0,1,CHEMBL3782023
COc1cccc(NC(=O)Nc2nccc3nc(-c4ccccc4)cnc23)c1,0,IC50 (>),4.0,1,CHEMBL3780768
CCNC(=O)Nc1nccc2nc(-c3ccccc3)cnc12,0,IC50 (>),4.0,1,CHEMBL3780985
C#Cc1cccc(Nc2nccc3nc(-c4ccccc4)cnc23)c1,0,IC50 (>),4.0,1,CHEMBL3780350
COc1ccccc1Nc1nccc2nc(-c3ccccc3)cnc12,0,IC50 (>),4.5,1,CHEMBL3781543
COc1cccc(Nc2nccc3nc(-c4ccccc4)cnc23)c1,0,IC50 (>),4.0,1,CHEMBL3781584
COc1ccc(Nc2nccc3nc(-c4ccccc4)cnc23)cc1,0,IC50 (>),4.0,1,CHEMBL3781566
c1ccc(-c2cnc3c(Nc4ccc(N5CCOCC5)cc4)nccc3n2)cc1,0,IC50,4.8,1,CHEMBL3780515
COc1ccc(-c2cnc3c(Nc4ccc(N5CCOCC5)cc4)nccc3n2)cc1,0,IC50,4.92,1,CHEMBL3780637
COc1cccc(Nc2cc3nc(-c4ccccc4)cnc3cn2)c1,0,IC50 (>),4.0,1,CHEMBL3781159
c1ccc(-c2cnc3cnc(Nc4ccc(N5CCCCC5)cc4)cc3n2)cc1,0,IC50,4.77,1,CHEMBL3781795
c1ccc(-c2cnc3cnc(Nc4ccc(N5CCOCC5)cc4)cc3n2)cc1,0,IC50 (>),4.0,1,CHEMBL3780543
c1ccc(-c2cnc3cc(Nc4ccc(N5CCCCC5)cc4)ncc3n2)cc1,0,IC50 (>),4.0,1,CHEMBL3780571
c1ccc(Nc2cncc3ncc(-c4ccc(N5CCCCC5)cc4)nc23)cc1,0,IC50,4.96,1,CHEMBL3781028
COc1cc2c(Oc3ccc(NC(=O)c4c(Cl)c5ccccc5n(-c5ccc(F)cc5)c4=O)cc3F)ccnc2cc1OCCCN1CCN(C)CC1,1,IC50,6.27,1,CHEMBL3780676
COc1ccc(Cc2nnc(Nc3ccc(NC(=O)Nc4ccc(OC)cc4)cc3)c3ccccc23)cc1,1,IC50,7.07,1,CHEMBL3780276
COc1ccc(Cc2nnc(Nc3ccc(NC(=O)Nc4cccc(OC)c4)cc3)c3ccccc23)cc1,1,IC50,7.08,1,CHEMBL3780547
COc1ccc(Cc2nnc(Nc3ccc(NC(=O)Nc4ccc(Cl)c(C(F)(F)F)c4)cc3)c3ccccc23)cc1,1,IC50,7.07,1,CHEMBL3780741
COc1ccc(Cc2nnc(Nc3ccc(NC(=O)Nc4ccc(Cl)cc4)cc3)c3ccccc23)cc1,1,IC50,6.94,1,CHEMBL3781261
COc1ccc(Cc2nnc(Nc3ccc(NC(=O)Nc4cccc(Cl)c4)cc3)c3ccccc23)cc1,1,IC50,6.93,1,CHEMBL3780136
COc1ccc(Cc2nnc(Nc3ccc(NC(=O)Nc4ccccc4Cl)cc3)c3ccccc23)cc1,1,IC50,6.85,1,CHEMBL3782044
COc1ccc(Cc2nnc(Nc3ccc(NC(=O)Nc4ccc(C#N)cc4)cc3)c3ccccc23)cc1,1,IC50,6.42,1,CHEMBL3780780
COc1ccc(Cc2nnc(Nc3ccc(NC(=O)Nc4cccc(C(F)(F)F)c4)cc3)c3ccccc23)cc1,1,IC50,6.34,1,CHEMBL3780236
COc1ccc(Cc2nnc(Nc3ccc(NC(=O)Nc4ccccc4)cc3)c3ccccc23)cc1,1,IC50,6.33,1,CHEMBL3780231
COc1ccc(Cc2nnc(Nc3ccc(S(N)(=O)=O)cc3)c3ccccc23)cc1,1,IC50,6.2,1,CHEMBL3781034
COc1ccc(Cc2nnc(Nc3cccc(OC)c3)c3ccccc23)cc1,1,IC50,6.12,1,CHEMBL3780052
Nc1ncnc2c1c(-c1cccc(O)c1)cn2[C@H]1C[C@@H](CN2CCC2)C1,1,IC50,6.36,2,CHEMBL3787112
CC1(C)CC[C@@H](COc2cccc(-c3cn([C@H]4C[C@@H](CN5CCC5)C4)c4ncnc(N)c34)c2)O1,0,IC50 (>),5.0,1,CHEMBL3786567
Nc1ncnc2c1c(-c1cccc(OCC34CCC(CC3)O4)c1)cn2[C@H]1C[C@@H](CN2CCC2)C1,0,IC50 (>),5.0,1,CHEMBL3785500
CC(=O)N1CCN([C@H]2C[C@@H](n3cc(-c4cccc(OC[C@@H]5CCCO5)c4F)c4c(N)ncnc43)C2)CC1,0,IC50 (>),5.0,1,CHEMBL3786167
CC(=O)N1CCN([C@H]2C[C@@H](n3cc(-c4cc(OC[C@@H]5CCCO5)ccc4F)c4c(N)ncnc43)C2)CC1,0,IC50 (>),5.0,1,CHEMBL3785951
CCN1CCN(c2ccc3c(Nc4cc(CCc5c(Cl)c(OC)cc(OC)c5Cl)[nH]n4)ncnc3c2)CC1,1,IC50,7.76,1,CHEMBL3797507
CCc1nc(Nc2cc(CCc3cc(OC)cc(OC)c3)[nH]n2)c2ccc(N3CCN(CC)CC3)cc2n1,1,IC50,7.45,1,CHEMBL3797416
COc1cc(CCc2cc(Nc3ncnc4cc(N5CCN6CCCCC6C5)ccc34)n[nH]2)cc(OC)c1,1,IC50,7.67,1,CHEMBL3800526
COc1cc(CCc2cc(NC(=O)c3ccc(N4C[C@@H](C)N[C@@H](C)C4)cc3)n[nH]2)cc(OC)c1,1,IC50,7.62,6,CHEMBL3348846
CCN1CCN(Cc2ccc(NC(=O)CNc3ccc(-c4ccc(NC(=O)C5CC5)nc4)cc3)cc2C(F)(F)F)CC1,1,IC50,7.62,1,CHEMBL3805771
CN1CCN(Cc2ccc(NC(=O)CNc3ccc(-c4ccc(NC(=O)C5CC5)nc4)cc3F)cc2C(F)(F)F)CC1,1,IC50,7.68,1,CHEMBL3806189
COCCNCc1ccc(-c2cc3nccc(Oc4ccc(NC(=S)NC(=O)Cc5ccc(F)cc5)cc4F)c3s2)nc1,1,IC50,9.3,3,CHEMBL3989914
C[C@H]1Cc2c(ncnc2Oc2ccc3c(ccn3C(=O)Nc3cc(C4(C(F)(F)F)CC4)on3)c2)CN1,1,IC50,9.0,3,CHEMBL3808921
C[C@H]1Cc2c(ncnc2Oc2ccc3ccn(C(=O)Nc4cc(C5(C(F)(F)F)CC5)on4)c3c2)CN1,1,IC50,6.87,2,CHEMBL3809643
CC(C)(C)c1cc(NC(=O)n2ccc3ccc(Oc4ncnc5c4CNC5)cc32)no1,1,IC50,8.52,2,CHEMBL3808957
CC(C)(C)c1cc(NC(=O)n2ccc3ncc(Oc4ncnc5c4CNC5)cc32)no1,1,IC50,7.26,2,CHEMBL3809754
CC(C)(C)c1cc(NC(=O)n2ccc3nc(Oc4ncnc5c4CNC5)ccc32)no1,1,IC50,7.48,2,CHEMBL3808653
CC1(c2cc(NC(=O)c3ccn4cc(Oc5ncnc6c5CNC6)ccc34)n[nH]2)CC1,1,IC50,7.29,2,CHEMBL3809144
CC(C)(C)c1cc(NC(=O)c2cnc3cc(Oc4ncnc5c4CNC5)ccn23)no1,1,IC50,7.11,2,CHEMBL3808450
CC(C)(C)c1cc(NC(=O)n2ccc3cc(Oc4ncnc5c4CNC5)cnc32)no1,1,IC50,7.44,2,CHEMBL3810154
Nc1cc(-c2ccc(NC(=O)Nc3cccc(C(F)(F)F)c3)cc2)on1,0,IC50 (>),5.0,1,CHEMBL3808720
CC(C)(C)c1cc(NC(=O)Nc2ccc(-c3cc(N)no3)cc2)no1,0,IC50 (>),5.0,1,CHEMBL3809715
CC(C)(C)c1cc(NC(=O)Nc2ccc(-c3cc(N)n[nH]3)cc2)no1,1,IC50,6.21,1,CHEMBL3808854
CC(C)(C)c1cc(NC(=O)Nc2ccc(-c3cc(NC(=O)C4CC4)n[nH]3)cc2)no1,1,IC50,7.96,2,CHEMBL3809588
CC(C)(C)C(=O)Nc1cc(-c2ccc(NC(=O)Nc3cc(C(C)(C)C)on3)cc2)[nH]n1,1,IC50,6.51,2,CHEMBL3809608
CC(=O)Nc1cc(-c2ccc(NC(=O)Nc3cc(C(C)(C)C)on3)cc2)[nH]n1,1,IC50,7.68,2,CHEMBL3808619
CC(C)(C)c1cc(NC(=O)n2ccc3cc(Oc4ncnc5c4CNC5)ccc32)n[nH]1,1,IC50,9.0,1,CHEMBL3808622
CNc1ncnc(Oc2ccc(NC(=O)C3(C(=O)Nc4ccc(F)cc4)CC3)cc2F)c1/C=N/OC,0,IC50 (>),5.0,1,CHEMBL3813717
Nc1ncnc(Oc2ccc(NC(=O)C3(C(=O)Nc4ccc(F)cc4)CC3)cc2F)c1/C=N/O,1,IC50,6.85,1,CHEMBL3814311
CO/N=C/c1c(N)ncnc1Oc1ccc(NC(=O)C2(C(=O)Nc3ccc(F)cc3)CC2)cc1F,1,IC50,6.92,1,CHEMBL3814321
Nc1ncnc(Oc2ccc(NC(=O)C3(C(=O)Nc4ccc(F)cc4)CC3)cc2F)c1/C=N/OCCCO,1,IC50,6.25,1,CHEMBL3813791
Nc1ncnc(Oc2ccc(NC(=O)C3(C(=O)Nc4ccc(F)cc4)CC3)cc2F)c1/C=N/OCCN1CCCC1,1,IC50,6.6,1,CHEMBL3815081
Nc1ncnc(Oc2ccc(NC(=O)C3(C(=O)Nc4ccc(F)cc4)CC3)cc2F)c1/C=N/OCC(O)CN1CCOCC1,1,IC50,6.05,1,CHEMBL3814773
CN(C)CCCO/N=C/c1c(N)ncnc1Oc1ccc(NC(=O)C2(C(=O)Nc3ccc(F)cc3)CC2)cc1F,1,IC50,6.77,1,CHEMBL3815128
Nc1ncnc(Oc2ccc(NC(=O)C3(C(=O)Nc4ccc(F)cc4)CC3)cc2F)c1/C=N/OCCCN1CCCC1,1,IC50,6.47,1,CHEMBL3814828
Nc1ncnc(Oc2ccc(NC(=O)C3(C(=O)Nc4ccc(F)cc4)CC3)cc2F)c1/C=N/OCCCN1CCOCC1,1,IC50,6.66,1,CHEMBL3814710
CN1C(=O)COc2c1cnc1ccc(Sc3nnc4c(F)cc(-c5cnn(C)c5)cn34)cc21,0,IC50 (>),4.52,1,CHEMBL3818247
CONc1ccc(Nc2nccc(Nc3ccc4[nH]ncc4c3)n2)cc1,1,IC50,6.94,1,CHEMBL3817989
CC(=O)Nc1cc(Nc2nccc(Nc3ccc4[nH]ncc4c3)n2)ccc1C,1,IC50,7.24,1,CHEMBL3818768
NS(=O)(=O)c1ccc(Nc2nccc(Nc3ccc4[nH]ncc4c3)n2)cc1,1,IC50,7.61,1,CHEMBL3818193
COc1cc(Nc2nccc(-n3ncc4cc([N+](=O)[O-])ccc43)n2)cc(OC)c1OC,1,IC50,6.16,1,CHEMBL3819410
COc1ccc(Nc2nccc(Nc3ccc4[nH]ncc4c3)n2)cc1,1,IC50,6.93,1,CHEMBL3819461
COc1cccc(Nc2nccc(Nc3ccc4[nH]ncc4c3)n2)c1,1,IC50,7.09,1,CHEMBL3818017
Clc1ccc(Nc2nccc(Nc3ccc4[nH]ncc4c3)n2)cc1Cl,1,IC50,6.62,1,CHEMBL3818404
Clc1ccc(Nc2nccc(Nc3ccc4[nH]ncc4c3)n2)cc1,1,IC50,6.78,1,CHEMBL3819253
Fc1ccc(Nc2nccc(Nc3ccc4[nH]ncc4c3)n2)cc1,1,IC50,6.7,1,CHEMBL3818283
COc1cc(OC)c(NC(=O)Nc2ccc3c(cnn3-c3ccnc(Nc4cc(OC)c(OC)c(OC)c4)n3)c2)cc1Cl,1,IC50,6.84,1,CHEMBL3819389
Cc1ccc(O)cc1Nc1ccnc2ccc(S(C)(=O)=O)cc12,1,IC50,6.73,1,CHEMBL237347
Cc1ccc(O)cc1Nc1ccnc2ccc(-c3cccnc3)cc12,1,IC50,6.34,1,CHEMBL237345
Cc1ccc(O)cc1Nc1ccnc2ccc(C(F)(F)F)cc12,1,IC50,7.0,1,CHEMBL3822938
COc1cc2c(Oc3ccc(NC(=O)c4cn(-c5ccccc5Cl)nn4)cc3F)ccnc2cc1OCCCN1CCCCC1,1,IC50,7.01,1,CHEMBL3823520
CN(C)CCOc1ccc(-n2c3c(c4ccc(O)cc4c2=O)C(=O)c2cc(O)ccc2-3)cc1,1,IC50,6.48,1,CHEMBL3827098
CCN(CC)CCOc1ccc(-n2c3c(c4ccc(O)cc4c2=O)C(=O)c2cc(O)ccc2-3)cc1,1,IC50,6.92,1,CHEMBL3828416
O=C1c2cc(O)ccc2-c2c1c1ccc(O)cc1c(=O)n2-c1ccc(OCCN2CCCC2)cc1,1,IC50,7.0,1,CHEMBL3827045
O=C1c2cc(O)ccc2-c2c1c1ccc(O)cc1c(=O)n2-c1ccc(OCCN2CCCCC2)cc1,1,IC50,6.6,1,CHEMBL3827784
Fc1ccc2c(-c3nc4cc(N5CCC(N6CCCCC6)CC5)ccc4[nH]3)[nH]nc2c1,1,IC50,7.79,1,CHEMBL212054
C[C@@H](Oc1ccc2[nH]nc(/C=C/c3cnn(CCO)c3)c2c1)c1c(Cl)cncc1Cl,1,IC50,8.24,2,CHEMBL3828009
CC(Oc1ccc2[nH]nc(-c3nc4cc(C5CCN(C)CC5)ccc4[nH]3)c2c1)c1c(Cl)cncc1Cl,1,IC50,8.11,1,CHEMBL3827268
CC(Oc1ccc2[nH]nc(-c3nc4cc(N5C[C@@H](C)N[C@@H](C)C5)ccc4[nH]3)c2c1)c1c(Cl)cncc1Cl,1,IC50,8.05,1,CHEMBL3828122
CC(Oc1ccc2[nH]nc(-c3nc4cc(N5CCN(C)CC5)ccc4[nH]3)c2c1)c1c(Cl)cncc1Cl,1,IC50,8.1,1,CHEMBL3828740
CC(Oc1ccc2[nH]nc(-c3nc4cc(N(C)C(=O)CN(C)C)ccc4[nH]3)c2c1)c1c(Cl)cncc1Cl,1,IC50,8.6,1,CHEMBL3828439
CC(Oc1ccc2[nH]nc(-c3nc4cc(CCO)ccc4[nH]3)c2c1)c1c(Cl)cncc1Cl,1,IC50,7.9,1,CHEMBL3827180
C[C@@H](Oc1ccc2[nH]nc(-c3nc4cc(N5CCN(C)CC5)ccc4[nH]3)c2c1)c1c(Cl)cncc1Cl,1,IC50,8.12,1,CHEMBL3827178
CC1(C)c2cc(C3CCN(CC4CCOCC4)CC3)ccc2C(=O)c2c1[nH]c1cc(C#N)ccc21,1,IC50,6.98,1,CHEMBL3735648
Cc1ccc2cc(C(=O)c3cnn(-c4ccc5nc(C)[nH]c5c4)c3N)[nH]c2c1,1,IC50,6.43,1,CHEMBL3895337
Cc1nc2cc(-n3ncc(C(=O)c4cc5ccc(Br)cc5[nH]4)c3N)ccc2[nH]1,1,IC50,6.54,1,CHEMBL3676329
Cc1nc2cc(-n3ncc(C(=O)c4cc5ccc(S(C)(=O)=O)cc5[nH]4)c3N)ccc2[nH]1,1,IC50,6.0,1,CHEMBL3681317
Cc1nc2cc(-n3ncc(C(=O)c4cc5ccc(CN6CCC(F)(F)CC6)cc5[nH]4)c3N)ccc2[nH]1,1,IC50,6.55,1,CHEMBL3681314
Cc1nc2cc(-n3ncc(C(=O)c4cc5ccc(CN6CCOCC6)cc5[nH]4)c3N)ccc2[nH]1,1,IC50,6.92,1,CHEMBL3681278
Cc1nc2ccc(-n3ncc(C(=O)c4cc5cc(CN6CCOCC6)ccc5[nH]4)c3N)cc2[nH]1,1,IC50,6.68,1,CHEMBL3891894
Cc1cc2cc(-n3ncc(C(=O)c4cc5ccccc5[nH]4)c3N)ccc2[nH]1,1,IC50,8.19,1,CHEMBL3959997
Nc1c(C(=O)c2cc3ccccc3[nH]2)cnn1-c1ccc2[nH]ccc2c1,1,IC50,7.28,1,CHEMBL3941474
Nc1c(C(=O)c2cc3ccccc3[nH]2)cnn1-c1ccc2nc[nH]c2c1,1,IC50,6.47,1,CHEMBL3934547
Nc1c(C(=O)c2cc3cc(CN4CCOCC4)ccc3[nH]2)cnn1-c1cc(O)ccc1Cl,1,IC50,8.62,1,CHEMBL3984621
Nc1c(C(=O)c2cc3ccccc3[nH]2)cnn1-c1ccccc1Cl,1,IC50,6.39,1,CHEMBL3956001
Nc1c(C(=O)c2cc3ccccc3[nH]2)cnn1-c1cc(O)ccc1Cl,1,IC50,7.55,1,CHEMBL3976548
Nc1c(C(=O)c2cc3ccccc3o2)cnn1-c1cc(O)ccc1Cl,1,IC50,6.77,1,CHEMBL3981956
CNC(=O)c1cc(Oc2ccc(C(=O)/C=C/c3cccc(Br)c3)cc2)ccn1,1,IC50,6.14,1,CHEMBL3975807
CNC(=O)c1cc(Oc2ccc(/C=C/C(=O)c3ccc(F)cc3)cc2)ccn1,0,IC50 (>),4.3,1,CHEMBL3945365
Cn1cc(-c2nc(N[C@@H]3CCCC[C@@H]3N)c(F)c3c2C(=O)NC3)cn1,1,IC50,7.06,2,CHEMBL3979920
Oc1cc(O)c2cc(O)c(-c3cc(O)c(O)c(O)c3)[o+]c2c1,1,IC50,8.29,1,CHEMBL590878
COc1ccc(/C=C/C(=N/Nc2nncc3ccccc23)c2ccc(Cl)cc2)cc1,1,IC50,9.39,1,CHEMBL3897723
Cc1ccc(C(/C=C/c2ccc(F)cc2)=N\Nc2nncc3ccccc23)cc1,1,IC50,9.15,1,CHEMBL3983586
Clc1ccc(/C=C/C(=N/Nc2nncc3ccccc23)c2ccccc2)cc1,1,IC50,9.26,1,CHEMBL3900264
Fc1ccc(/C=C/C(=N/Nc2nncc3ccccc23)c2ccccc2)cc1,1,IC50,9.06,1,CHEMBL3963403
Clc1ccc(C(/C=C/c2ccccc2)=N\Nc2nncc3ccccc23)cc1,1,IC50,9.16,1,CHEMBL3966129
C(=C/c1ccccc1)\C(=N\Nc1nncc2ccccc12)c1ccccc1,1,IC50,9.38,1,CHEMBL3903713
COc1ccc(N2C(=O)CS/C2=N/Nc2nncc3ccccc23)cc1,1,IC50,8.62,1,CHEMBL3974626
O=C1CS/C(=N/Nc2nncc3ccccc23)N1c1ccc(Cl)cc1,1,IC50,8.57,1,CHEMBL3912723
O=C1CS/C(=N/Nc2nncc3ccccc23)N1c1ccccc1,1,IC50,8.46,1,CHEMBL3982619
CCCCN1C(=O)CS/C1=N/Nc1nncc2ccccc12,1,IC50,8.92,1,CHEMBL3921710
CCN1C(=O)CS/C1=N/Nc1nncc2ccccc12,1,IC50,8.44,1,CHEMBL3893698
O=C1CS/C(=N/Nc2nncc3ccccc23)N1,1,IC50,8.36,1,CHEMBL3938794
COc1ccc(NC(=S)NNc2nncc3ccccc23)cc1,1,IC50,8.24,1,CHEMBL3927914
S=C(NNc1nncc2ccccc12)Nc1ccc(Cl)cc1,1,IC50,8.21,1,CHEMBL3896476
S=C(NNc1nncc2ccccc12)Nc1ccccc1,1,IC50,8.21,1,CHEMBL3924500
CCCCNC(=S)NNc1nncc2ccccc12,1,IC50,8.35,1,CHEMBL3905411
CCN=C(S)NNc1nncc2ccccc12,1,IC50,8.14,1,CHEMBL1380839
NC(=S)NNc1nncc2ccccc12,1,IC50,8.12,1,CHEMBL3977192
CCOC(=O)c1ccc(Nc2nncc3ccccc23)cc1,1,IC50,9.27,1,CHEMBL3906533
O=C(O)c1ccc(Nc2nncc3ccccc23)cc1,1,IC50,9.17,1,CHEMBL3937949
N#Cc1ccc(Nc2nncc3ccccc23)cc1,1,IC50,9.37,1,CHEMBL3915508
Fc1ccc(Nc2nncc3ccccc23)cc1,1,IC50,9.17,1,CHEMBL3979610
Cc1cc(C)nc(NS(=O)(=O)c2ccc(Nc3nncc4ccccc34)cc2)n1,1,IC50,9.11,1,CHEMBL3950630
O=S(=O)(Nc1ncccn1)c1ccc(Nc2nncc3ccccc23)cc1,1,IC50,8.07,1,CHEMBL3908272
O=S(=O)(Nc1ccccn1)c1ccc(Nc2nncc3ccccc23)cc1,1,IC50,8.11,1,CHEMBL3978686
Cc1cc(NS(=O)(=O)c2ccc(Nc3nncc4ccccc34)cc2)no1,1,IC50,8.01,1,CHEMBL3899216
O=S(=O)(Nc1nccs1)c1ccc(Nc2nncc3ccccc23)cc1,1,IC50,8.07,1,CHEMBL3970399
NS(=O)(=O)c1ccc(Nc2nncc3ccccc23)cc1,1,IC50,8.01,1,CHEMBL3926223
COc1cc2c(Oc3ccc(NC(=O)c4nn(-c5ccccc5F)c(=O)n4C)cc3F)ccnc2cc1OCCCN1CCN(C)CC1,1,IC50,6.32,1,CHEMBL3946811
CNC(=O)c1ccccc1Sc1ccc2c(CCc3ccccn3)n[nH]c2c1,1,IC50,9.7,1,CHEMBL3939307
COc1cc2c(Oc3ccc(NC(=O)c4cn(-c5ccccc5OC)cn4)cc3F)ccnc2cc1OCCCN1CCN(C)CC1,1,IC50,6.23,1,CHEMBL3931223
COc1cc2c(Nc3ccc(NC(=O)Nc4ccc(C)cc4)cc3)ncnc2cc1OCc1ccccc1,0,IC50 (>),5.0,1,CHEMBL3942536
COc1cc2c(Nc3ccc(NC(=O)Nc4cccc(Cl)c4)cc3)ncnc2cc1OCc1ccccc1,0,IC50 (>),5.0,1,CHEMBL3894623
COc1cc2c(Nc3ccc(NC(=O)Nc4ccc(Cl)cc4)cc3)ncnc2cc1OCc1ccccc1,0,IC50 (>),5.0,1,CHEMBL3965994
COc1cc2c(Nc3ccc(NC(=O)Nc4ccccc4)cc3)ncnc2cc1OCc1ccccc1,0,IC50 (>),5.0,1,CHEMBL3983460
COc1cc2c(Nc3ccc(NC(=O)Nc4ccccc4C)cc3)ncnc2cc1OCc1ccccc1,0,IC50 (>),5.0,1,CHEMBL3914525
COc1cc2c(Nc3ccc(NC(=O)Nc4ccc(C)c(C)c4)cc3)ncnc2cc1OCc1ccccc1,0,IC50 (>),5.0,1,CHEMBL3951268
COc1cc2c(Nc3ccc(NC(=O)Nc4ccccc4)cc3)ncnc2cc1OCCCN1CCN(C)CC1,1,IC50,6.24,1,CHEMBL3923551
COc1cc2c(Nc3ccc(NC(=O)Nc4ccc(Cl)cc4)cc3)ncnc2cc1OCCCN1CCN(C)CC1,1,IC50,6.09,1,CHEMBL3905242
COc1cc2c(Nc3ccc(NC(=O)Nc4cccc(Cl)c4)cc3)ncnc2cc1OCCCN1CCN(C)CC1,1,IC50,6.23,1,CHEMBL3896615
COc1cc2c(Nc3ccc(NC(=O)Nc4ccc(C)c(C)c4)cc3)ncnc2cc1OCCCN1CCN(C)CC1,1,IC50,6.67,1,CHEMBL3905552
COc1cc2c(Nc3ccc(NC(=O)Nc4ccccc4)c(Cl)c3)ncnc2cc1OCCCN1CCN(C)CC1,1,IC50,6.58,1,CHEMBL3979264
COc1cc2c(Nc3ccc(NC(=O)Nc4ccc(Cl)cc4)c(Cl)c3)ncnc2cc1OCCCN1CCN(C)CC1,1,IC50,6.55,1,CHEMBL3962233
COc1cc2c(Nc3ccc(NC(=O)Nc4ccccc4C)c(Cl)c3)ncnc2cc1OCCCN1CCN(C)CC1,1,IC50,6.75,1,CHEMBL3938494
COc1cc2c(Nc3ccc(NC(=O)Nc4ccc(C)c(C)c4)c(Cl)c3)ncnc2cc1OCCCN1CCN(C)CC1,1,IC50,7.1,1,CHEMBL3968039
COc1cc2c(Nc3ccc(NC(=O)Nc4ccc(F)c(Cl)c4)c(Cl)c3)ncnc2cc1OCCCN1CCN(C)CC1,1,IC50,7.85,1,CHEMBL3929448
COc1cc2c(Nc3ccc(NC(=O)Nc4ccc(Cl)cc4)c(Cl)c3)ncnc2cc1OCCCN1CCOCC1,1,IC50,6.28,1,CHEMBL3957025
COc1cc2c(Nc3ccc(NC(=O)Nc4ccc(C)c(C)c4)c(Cl)c3)ncnc2cc1OCCCN1CCOCC1,1,IC50,7.85,1,CHEMBL3920551
COc1cc2c(Nc3ccc(NC(=O)Nc4ccc(Cl)cc4)c(Cl)c3)ncnc2cc1OCCN1CCCCC1,0,IC50 (>),5.0,1,CHEMBL3911612
COc1cc2c(Nc3ccc(NC(=O)Nc4ccc(C)c(C)c4)c(Cl)c3)ncnc2cc1OCCN1CCCCC1,1,IC50,7.75,1,CHEMBL3939588
COC(=O)CNC(=O)c1ccc(Nc2ncnc3cc(OCCCN4CCN(C)CC4)c(OC)cc23)cc1,1,IC50,6.56,1,CHEMBL3975598
COC(=O)CNC(=O)c1ccc(Nc2ncnc3cc(OCCCN4CCOCC4)c(OC)cc23)cc1,1,IC50,6.39,1,CHEMBL3904787
COC(=O)CNC(=O)c1ccc(Nc2ncnc3cc(OCCN4CCCCC4)c(OC)cc23)cc1,1,IC50,6.01,1,CHEMBL3917723
COc1cc(OC)cc(N(CC2CCCC2)c2ccc3ncc(-c4cnn(C)c4)nc3c2)c1,0,IC50 (>),5.0,2,CHEMBL3957914
COc1cc(OC)cc(N(CC2CC2)c2ccc3ncc(-c4cnn(S(C)(=O)=O)c4)nc3c2)c1,0,IC50 (>),5.0,2,CHEMBL3954368
CC(C)Oc1cccc(N(CC2CC2)c2ccc3ncc(-c4cnn(C)c4)nc3c2)c1,0,IC50 (>),5.0,2,CHEMBL3965364
COc1cc(OC)cc(N(CC2CC2)c2ccc3ncc(-c4cnn(S(=O)(=O)N(C)C)c4)nc3c2)c1,0,IC50 (>),5.0,2,CHEMBL3933015
COc1cc(OC)cc(N(CCN2C(=O)c3ccccc3C2=O)c2ccc3ncc(-c4cnn(C)c4)nc3c2)c1,0,IC50 (>),5.0,2,CHEMBL3944665
Cn1cc(-c2cnc3ccc(N(CC4CC4)c4cccc(C#N)c4)cc3n2)cn1,0,IC50 (>),5.0,2,CHEMBL3965673
COc1cc(OC)cc(N(CC(=O)O)c2ccc3ncc(-c4cnn(C)c4)nc3c2)c1,0,IC50 (>),5.0,2,CHEMBL3968094
COc1cc(C#N)cc(N(CC2CC2)c2ccc3ncc(-c4cnn(C)c4)nc3c2)c1,0,IC50 (>),5.0,2,CHEMBL3930634
COc1cc(CN)cc(N(CC2CC2)c2ccc3ncc(-c4cnn(C)c4)nc3c2)c1,0,IC50 (>),5.0,2,CHEMBL3969408
CNC(=O)CN(c1cc(OC)cc(OC)c1)c1ccc2ncc(-c3cnn(C)c3)nc2c1,0,IC50 (>),5.0,2,CHEMBL3926311
COc1cc(OC)cc(N(CC2CO2)c2ccc3ncc(-c4cnn(C)c4)nc3c2)c1,1,IC50,7.05,2,CHEMBL3974664
COc1cc(OC(C)C)cc(N(CC2CC2)c2ccc3ncc(-c4cnn(C)c4)nc3c2)c1,0,IC50 (>),5.0,2,CHEMBL3956737
CNCCOc1cc(OC)cc(N(CC2CC2)c2ccc3ncc(-c4cnn(C)c4)nc3c2)c1,0,IC50 (>),5.0,2,CHEMBL3945369
COCCNC(=O)CN(c1cc(OC)cc(OC)c1)c1ccc2ncc(-c3cnn(C)c3)nc2c1,0,IC50 (>),5.0,2,CHEMBL3938610
COc1cc(OC)cc(N(CC(=O)N2CCCC2)c2ccc3ncc(-c4cnn(C)c4)nc3c2)c1,0,IC50 (>),5.0,2,CHEMBL3923808
COc1cc(OC)cc(N(Cc2ccc(Cl)s2)c2ccc3ncc(-c4cn[nH]c4)nc3c2)c1,0,IC50 (>),5.0,2,CHEMBL3973645
COc1ccc(Cl)c(N(CCCN2CCCC2)c2ccc3ncc(-c4cnn(C)c4)nc3c2)c1,0,IC50 (>),5.0,2,CHEMBL3915233
COc1cc(OCCN)cc(N(CC2CC2)c2ccc3ncc(-c4cnn(C)c4)nc3c2)c1,0,IC50 (>),5.0,2,CHEMBL3926964
COc1cc(OC)cc(N(Cc2ccc(Cl)s2)c2ccc3ncc(-c4cnn(Cc5ccc(Cl)s5)c4)nc3c2)c1,0,IC50 (>),5.0,2,CHEMBL3900268
COc1cc(OC)cc(N(Cc2ccc(Cl)cc2)c2ccc3ncc(-c4cnn(C)c4)nc3c2)c1,0,IC50 (>),5.0,2,CHEMBL3928956
COc1cc(OC)cc(N(CC2CC2)c2ccc3ncc(-c4cnn(C[Si](C)(C)C)c4)nc3c2)c1,0,IC50 (>),5.0,2,CHEMBL3898601
COc1cc(OCCO)cc(N(CCO)c2ccc3ncc(-c4cnn(CCO)c4)nc3c2)c1,0,IC50 (>),5.0,2,CHEMBL3979314
COc1ccc(OC)c(N(CCO)c2ccc3ncc(-c4cnn(C)c4)nc3c2)c1,0,IC50 (>),5.0,2,CHEMBL3966626
COc1ccc(OC)c(N(CCNC(C)C)c2ccc3ncc(-c4cnn(C)c4)nc3c2)c1,0,IC50 (>),5.0,2,CHEMBL3901682
COc1ccc(OC)c(N(CCNC(C)C)c2ccc3ncc(-c4cn[nH]c4)nc3c2)c1,0,IC50 (>),5.0,1,CHEMBL3891115
COc1ccc(OC)c(N(CCN)c2ccc3ncc(-c4cn[nH]c4)nc3c2)c1,0,IC50 (>),5.0,2,CHEMBL3979662
COc1cc(OC)cc(N(C/C(=N/O)C(C)C)c2ccc3ncc(-c4cnn(C)c4)nc3c2)c1,0,IC50 (>),5.0,2,CHEMBL3941174
COc1cc(OC)cc(N(CCNC[Si](C)(C)C)c2ccc3ncc(-c4cnn(C)c4)nc3c2)c1,1,IC50,7.2,2,CHEMBL3893950
COc1cc(OC)cc(N(CCn2cc(C)nc2C)c2ccc3ncc(-c4cnn(C)c4)nc3c2)c1,0,IC50 (>),5.0,2,CHEMBL3904814
CCN(CC)Cc1cc(OC)cc(N(CCCN2CCCC2)c2ccc3ncc(-c4cnn(C)c4)nc3c2)c1,0,IC50 (>),5.0,2,CHEMBL3914473
COc1cc(OC)cc(N(CC#Cc2ncccc2OC)c2ccc3ncc(-c4cnn(C)c4)nc3c2)c1,0,IC50 (>),5.0,2,CHEMBL3893556
COc1cc(OC)cc(N(CCNC(C)C)c2ccc3ncc(-c4cnn(C5CCN(C(=O)OC(C)(C)C)CC5)c4)nc3c2)c1,1,IC50,7.95,2,CHEMBL3896249
COc1cc(OC)cc(N(CC#Cc2ccnc(OC)c2)c2ccc3ncc(-c4cnn(C)c4)nc3c2)c1,0,IC50 (>),5.0,2,CHEMBL3983585
COc1cc(OC)cc(N(CCNC(C)C)c2ccc3ncc(-c4cnn(C5CCN(C)CC5)c4)nc3c2)c1,1,IC50,7.19,2,CHEMBL3917908
COc1cc(OC)cc(N(CC#Cc2ccccc2)c2ccc3ncc(-c4cnn(C)c4)nc3c2)c1,0,IC50 (>),5.0,2,CHEMBL3980712
COc1cc(OC)cc(N(CC#Cc2ccc(C)cn2)c2ccc3ncc(-c4cnn(C)c4)nc3c2)c1,0,IC50 (>),5.0,2,CHEMBL3948306
COc1cc(OC)cc(N(CC#Cc2cccc(OC)n2)c2ccc3ncc(-c4cnn(C)c4)nc3c2)c1,0,IC50 (>),5.0,2,CHEMBL3972445
COc1cc(OC)cc(N(CCO)c2ccc3ncc(-c4cnn(C)c4CN(C)C)nc3c2)c1,0,IC50 (>),5.0,2,CHEMBL3969747
COc1ccc(C#CCN(c2cc(OC)cc(OC)c2)c2ccc3ncc(-c4cnn(C)c4)nc3c2)nc1,0,IC50 (>),5.0,2,CHEMBL3956028
COc1cc(OC)cc(N(CC#Cc2cc(C)ccn2)c2ccc3ncc(-c4cnn(C)c4)nc3c2)c1,0,IC50 (>),5.0,2,CHEMBL3983694
COc1cc(OC)cc(N(CC#CC2CCN(C(=O)OC(C)(C)C)CC2)c2ccc3ncc(-c4cnn(C)c4)nc3c2)c1,0,IC50 (>),5.0,2,CHEMBL3920274
COc1cc(OC)cc(N(C/C=C/c2cc(C)ccn2)c2ccc3ncc(-c4cnn(C)c4)nc3c2)c1,0,IC50 (>),5.0,2,CHEMBL3904470
COC(=O)c1cccnc1C#CCN(c1cc(OC)cc(OC)c1)c1ccc2ncc(-c3cnn(C)c3)nc2c1,0,IC50 (>),5.0,2,CHEMBL3963296
COc1cc(OC)cc(N(c2ccc3ncc(-c4cnn(C)c4)nc3c2)C(C)(C)C#Cc2nccc(OC)n2)c1,0,IC50 (>),5.0,2,CHEMBL3890187
COc1cc(OC)cc(N(C/C=C/c2ncccc2OC)c2ccc3ncc(-c4cnn(C)c4)nc3c2)c1,0,IC50 (>),5.0,2,CHEMBL3924891
COc1cc(OC)cc(N(CC#Cc2ncccc2C(F)(F)F)c2ccc3ncc(-c4cnn(C)c4)nc3c2)c1,0,IC50 (>),5.0,2,CHEMBL3944937
COc1cc(OC)cc(N(CC(=O)Nc2ncccc2OC)c2ccc3ncc(-c4cnn(C)c4)nc3c2)c1,0,IC50 (>),5.0,2,CHEMBL3932893
COc1cc(OC)cc(N(CC(=O)Nc2cc(C)ccn2)c2ccc3ncc(-c4cnn(C)c4)nc3c2)c1,0,IC50 (>),5.0,2,CHEMBL3952706
COc1ccnc(C#CCN(c2ccc3ncc(-c4cnn(C)c4)nc3c2)c2c(F)c(OC)cc(OC)c2F)n1,1,IC50,7.58,2,CHEMBL3978754
COc1cc(OC)cc(N(CC#CC2CCCCC2)c2ccc3ncc(-c4cnn(C)c4)nc3c2)c1,0,IC50 (>),5.0,2,CHEMBL3946877
COc1cc(OC)cc(N(CC2CCN(c3nccc(OC)n3)CC2)c2ccc3ncc(-c4cnn(C)c4)nc3c2)c1,0,IC50 (>),5.0,2,CHEMBL3948629
Cn1cc(-c2cnc3ccc(N(CC4CC4)c4cccc(OC(F)(F)F)c4)cc3n2)cn1,0,IC50 (>),5.0,2,CHEMBL3933492
COc1cc(N(CC2CC2)c2ccc3ncc(-c4cnn(C)c4)nc3c2)cc(C(F)(F)F)c1,0,IC50 (>),5.0,2,CHEMBL3982416
COc1cc(OC)cc(N(CC2CN(Cc3ccccc3)CCN2Cc2ccccc2)c2ccc3ncc(-c4cnn(C)c4)nc3c2)c1,0,IC50 (>),5.0,2,CHEMBL3946591
COc1cc(OC)cc(N(CCN2CC(C)(C)N=C2C)c2ccc3ncc(-c4cnn(C)c4)nc3c2)c1,0,IC50 (>),5.0,2,CHEMBL3930685
COc1cc(OC)cc(N(CC(NC(C)C)C(C)C)c2ccc3ncc(-c4cnn(C)c4)nc3c2)c1,0,IC50 (>),5.0,4,CHEMBL3920759;CHEMBL3984841
COc1cc(OC)cc(N(CC(OCC(O)C(C)C)C(C)C)c2ccc3ncc(-c4cnn(C)c4)nc3c2)c1,0,IC50 (>),5.0,4,CHEMBL3965805;CHEMBL3982303
COc1cc(OC)cc(N(CCn2nccc2C)c2ccc3ncc(-c4cnn(C)c4)nc3c2)c1,0,IC50 (>),5.0,2,CHEMBL3972657
COc1cc(OC)cc(N(CC#Cc2cnn(C)c2)c2ccc3ncc(-c4cnn(C)c4)nc3c2)c1,0,IC50 (>),5.0,2,CHEMBL3966660
COc1cc(OC)cc(N(c2ccc3ncc(-c4cnn(C)c4)nc3c2)C(C)C(=O)NC(C)C)c1,0,IC50 (>),5.0,2,CHEMBL3899891
COc1cc(OC)cc(N(c2ccc3ncc(-c4cnn(C)c4)nc3c2)C(C)C(N)=O)c1,0,IC50 (>),5.0,2,CHEMBL3890118
COc1cc(OC)cc(N(CCn2ncnc2C)c2ccc3ncc(-c4cnn(CC(C)C)c4)nc3c2)c1,0,IC50 (>),5.0,2,CHEMBL3952885
COc1cc(OC)cc(N(CC#Cc2ccc(N)cc2)c2ccc3ncc(-c4cnn(C)c4)nc3c2)c1,0,IC50 (>),5.0,2,CHEMBL3938712
COc1cc(OC)cc(N(CC#Cc2cccc(C#N)c2)c2ccc3ncc(-c4cnn(C)c4)nc3c2)c1,0,IC50 (>),5.0,2,CHEMBL3975295
COc1cc(OC)cc(N(CC#Cc2cccc(N)c2)c2ccc3ncc(-c4cnn(C)c4)nc3c2)c1,0,IC50 (>),5.0,2,CHEMBL3977791
COc1cc(OC)cc(N(CC#Cc2ccc(C#N)cc2)c2ccc3ncc(-c4cnn(C)c4)nc3c2)c1,0,IC50 (>),5.0,2,CHEMBL3916904
COc1cc(OC)cc(N(CC#Cc2ccccc2C#N)c2ccc3ncc(-c4cnn(C)c4)nc3c2)c1,0,IC50 (>),5.0,2,CHEMBL3974131
COc1cc(OC)cc(N(CC#Cc2cc(OC)nc(OC)n2)c2ccc3ncc(-c4cnn(C)c4)nc3c2)c1,0,IC50 (>),5.0,2,CHEMBL3922592
COc1cc(OC)cc(N(CC#CC2(O)CCN(C(=O)OC(C)(C)C)CC2)c2ccc3ncc(-c4cnn(C)c4)nc3c2)c1,0,IC50 (>),5.0,2,CHEMBL3985007
COC1=CC(N(CCO)c2ccc3ncc(-c4c(C(F)(F)F)nn(C)c4C(F)(F)F)nc3c2)CC(OC)=C1,0,IC50 (>),5.0,2,CHEMBL3982466
COc1cc(OC)cc(N(CC#Cc2cnc3[nH]ccc3n2)c2ccc3ncc(-c4cnn(C)c4)nc3c2)c1,0,IC50 (>),5.0,2,CHEMBL3908141
COc1cc(OC)cc(N(CCC#Cc2ccccc2)c2ccc3ncc(-c4cnn(C)c4)nc3c2)c1,0,IC50 (>),5.0,2,CHEMBL3960102
COc1cc(OC)cc(N(CCCN2CCC(C3C[C@@H](C)O[C@H](C)C3)C2)c2ccc3ncc(-c4cnn(C)c4)nc3c2)c1,0,IC50 (>),5.0,1,CHEMBL3976183
COc1cc(OC)cc(N(CCN2CCN(C3CCN(C(C)=O)CC3)CC2)c2ccc3ncc(-c4cnn(C)c4)nc3c2)c1,0,IC50 (>),5.0,1,CHEMBL3943610
COc1cccc(C#CCN(c2cc(OC)cc(OC)c2)c2ccc3ncc(-c4cnn(C)c4)nc3c2)c1,0,IC50 (>),5.0,1,CHEMBL3941337
COc1cc(OC)cc(N(CCNC(C)C)c2ccc3ncc(-c4cn(C)nc4C(F)(F)F)nc3c2)c1,0,IC50 (>),5.0,1,CHEMBL3948234
COc1cc(OC)cc(N(CCNC(C)C)c2ccc3ncc(-c4cnn(CCCN5CCN(CCO)CC5)c4)nc3c2)c1,0,IC50 (>),5.0,1,CHEMBL3957473
COC[C@@H](O)CN(c1cc(OC)cc(OC)c1)c1ccc2ncc(-c3cnn(C(C)C)c3)nc2c1,0,IC50 (>),5.0,1,CHEMBL3965482
COc1cc(OC)cc(N(CC#Cc2ncccc2F)c2ccc3ncc(-c4cnn(C)c4)nc3c2)c1,0,IC50 (>),5.0,1,CHEMBL3957928
COc1cc(OC)cc(N(CCNCC(N)=O)c2ccc3ncc(-c4cnn(C)c4)nc3c2)c1,0,IC50 (>),5.0,1,CHEMBL3951253
CNCCn1cc(-c2cnc3ccc(N(CC4CC4)c4cc(OC)cc(OC)c4)cc3n2)cn1,1,IC50,6.8,1,CHEMBL3931381
COc1cc(OC)cc(N(CCCN2CCC(N3CCCCC3)C2)c2ccc3ncc(-c4cnn(C)c4)nc3c2)c1,1,IC50,7.44,3,CHEMBL3927947;CHEMBL3971277
CCN(c1ccc2ncc(-c3cnn(C)c3)nc2c1)c1cc(OC)cc(OC)c1Cl,1,IC50,7.31,1,CHEMBL3922418
CCCN(c1cc(OC)cc(OC)c1)c1ccc2ncc(-c3cnn(C)c3)nc2c1,1,IC50,6.66,1,CHEMBL3890126
COc1cc(OC)cc(N(CC2CC2)c2ccc3ncc(-c4cnn(CC(=O)NCCN5CCCC5)c4)nc3c2)c1,1,IC50,6.79,1,CHEMBL3951714
COc1cc(OC)cc(N(CC2CC2)c2ccc3ncc(-c4cnn(C5CCNCC5)c4)nc3c2)c1,1,IC50,7.37,1,CHEMBL3969446
COc1cc(OC)cc(N(CC2CC2)c2ccc3ncc(-c4cnn(CCC5CCNCC5)c4)nc3c2)c1,1,IC50,7.55,1,CHEMBL3925306
COc1cc(OC)cc(N(CC2CC2)c2ccc3ncc(-c4cnn(CC5CCNCC5)c4)nc3c2)c1,1,IC50,7.31,1,CHEMBL3976280
COc1cc(OC)cc(N(CC2CC2)c2ccc3ncc(-c4cnn(CCCN5CCN(CCCO)CC5)c4)nc3c2)c1,1,IC50,7.69,1,CHEMBL3908829
COc1cc(OC)cc(N(CC2CC2)c2ccc3ncc(-c4cnn(CCN5CCNCC5)c4)nc3c2)c1,1,IC50,7.14,1,CHEMBL3985853
COc1cc(OC)cc(N(CC2CC2)c2ccc3ncc(-c4cnn(CC5(OC)CCNCC5)c4)nc3c2)c1,1,IC50,7.01,1,CHEMBL3908326
COc1cc(OC)cc(N(CC2CC2)c2ccc3ncc(-c4cnn(CC(O)CN5CCCCC5)c4)nc3c2)c1,1,IC50,7.12,1,CHEMBL3964675
COc1cc(OC)cc(N(CC2CC2)c2ccc3ncc(-c4cnn(CCN5CCN(CCO)CC5)c4)nc3c2)c1,1,IC50,7.04,1,CHEMBL3937533
COc1cc(OC)cc(N(CC2CC2)c2ccc3ncc(-c4cnn(CCN5CCCC5)c4)nc3c2)c1,1,IC50,6.76,1,CHEMBL3962814
COc1cc(OC)cc(N(CC2CC2)c2ccc3ncc(-c4cnn(C(C)(C)C(=O)N5CCNCC5)c4)nc3c2)c1,1,IC50,6.34,1,CHEMBL3960128
COc1cc(OC)cc(N(CC2CC2)c2ccc3ncc(-c4cnn(CC5CCN(C)CC5)c4)nc3c2)c1,1,IC50,7.22,1,CHEMBL3948321
CNC1CCN(CCCN(c2cc(OC)cc(OC)c2)c2ccc3ncc(-c4cnn(C)c4)nc3c2)C1,1,IC50,7.47,1,CHEMBL3922453
COc1cc(OC)cc(N(Cc2cccs2)c2ccc3ncc(-c4cnn(C)c4)nc3c2)c1,1,IC50,6.57,1,CHEMBL3911516
COc1cc(OC)cc(N(CC#Cc2nccn2C)c2ccc3ncc(-c4cnn(C)c4)nc3c2)c1,1,IC50,7.01,1,CHEMBL3945845
COc1cc(OC)cc(N(CCN2CCC(N)CC2)c2ccc3ncc(-c4cnn(C)c4)nc3c2)c1,1,IC50,7.22,1,CHEMBL3893718
CCN(CC)CCN(c1cc(OC)cc(OC)c1)c1ccc2ncc(-c3cnn(C)c3)nc2c1,1,IC50,7.06,1,CHEMBL3916975
COc1cc(OC)cc(N(Cc2ccc(Cl)s2)c2ccc3ncc(-c4cnn(CCN5CCNCC5)c4)nc3c2)c1,1,IC50,7.9,1,CHEMBL3904441
COc1cc(OC)cc(N(CCC2CCN(C(C)C)CC2)c2ccc3ncc(-c4cnn(C)c4)nc3c2)c1,1,IC50,7.57,1,CHEMBL3970423
CNC(=O)c1cc(F)cc(N(CC2CC2)c2ccc3ncc(-c4cnn(C)c4)nc3c2)c1,1,IC50,7.16,1,CHEMBL3918704
COc1cc(OC)cc(N(CCCN2C[C@@H](C)N[C@@H](C)C2)c2ccc3ncc(-c4cnn(C)c4)nc3c2)c1,1,IC50,6.63,1,CHEMBL3943933
COc1cc(OC)cc(N(CCCn2ccnc2C)c2ccc3ncc(-c4cnn(C)c4)nc3c2)c1,1,IC50,7.69,1,CHEMBL3969665
COc1cc(OC)cc(N(c2ccc3ncc(-c4cnn(C)c4)nc3c2)[C@H]2CC[C@H](NC(C)C)CC2)c1,1,IC50,7.16,1,CHEMBL3918800
COc1cc(OC)cc(N(CCCN2[C@@H](C)CC[C@@H]2C)c2ccc3ncc(-c4cnn(C)c4)nc3c2)c1,1,IC50,7.18,1,CHEMBL3968139
COc1cc(F)cc(N(CCCNC(C)C)c2ccc3ncc(-c4cnn(C)c4)nc3c2)c1,1,IC50,6.78,1,CHEMBL3951360
CNC(=O)c1cc(F)cc(N(CC(C)(C)O)c2ccc3ncc(-c4cnn(C)c4)nc3c2)c1,1,IC50,7.02,1,CHEMBL3951090
CNC(=O)c1cc(OC)cc(N(CC(C)(C)O)c2ccc3ncc(-c4cnn(C)c4)nc3c2)c1,1,IC50,6.72,1,CHEMBL3949508
CNC(=O)c1cc(F)cc(N(CCNC(C)C)c2ccc3ncc(-c4cnn(C)c4)nc3c2)c1,1,IC50,7.96,1,CHEMBL3901612
COc1cc(OC)cc(N(CCN(CCCN)C(C)C)c2ccc3ncc(-c4cnn(C)c4)nc3c2)c1,1,IC50,7.03,1,CHEMBL3902434
CC(C)NCCN(c1cc(Cl)cc(Cl)c1)c1ccc2ncc(-c3cnn(C)c3)nc2c1,1,IC50,6.72,1,CHEMBL3898926
COc1cc(OC)cc(N(CC#Cc2ncccn2)c2ccc3ncc(-c4cnn(C)c4)nc3c2)c1,1,IC50,6.85,1,CHEMBL3975193
COc1cc(OC)cc(N(CCO)c2ccc3ncc(-c4cnn(C5CCNCC5)c4)nc3c2)c1,1,IC50,7.4,1,CHEMBL3897783
COc1cc(OC)cc(N(CCO)c2ccc3ncc(-c4cnn(C5CCN(C)CC5)c4)nc3c2)c1,1,IC50,7.42,1,CHEMBL3967761
COc1cc(OC)cc(N(CC#Cc2nccs2)c2ccc3ncc(-c4cnn(C)c4)nc3c2)c1,1,IC50,6.43,1,CHEMBL3977708
COc1cc(OC)cc(N(CCNC(C)C)c2ccc3ncc(-c4cnn(C5CCNCC5)c4)nc3c2)c1,1,IC50,7.7,1,CHEMBL3980069
COc1cc(OC)cc(N(CCCc2ccncc2)c2ccc3ncc(-c4cnn(C)c4)nc3c2)c1,1,IC50,7.57,1,CHEMBL3920637
COc1cc(OC)cc(N(CC#Cc2nccc(OC)n2)c2ccc3ncc(-c4cnn(C)c4)nc3c2)c1,1,IC50,6.22,1,CHEMBL3953833
COc1cc(OC)cc(N(CC#Cc2ccnc(N)n2)c2ccc3ncc(-c4cnn(C)c4)nc3c2)c1,1,IC50,6.51,1,CHEMBL3964043
COc1cc(OC)cc(N(CC#Cc2ccnc(C#N)c2)c2ccc3ncc(-c4cnn(C)c4)nc3c2)c1,1,IC50,6.08,1,CHEMBL3945658
[2H]C([2H])([2H])Oc1cc(OC([2H])([2H])[2H])cc(N(CC#Cc2ccncc2)c2ccc3ncc(-c4cnn(C(C)C)c4)nc3c2)c1,1,IC50,6.46,1,CHEMBL3943917
COc1cc(OC)cc(N(CC#Cc2ccncc2C#N)c2ccc3ncc(-c4cnn(C)c4)nc3c2)c1,1,IC50,7.52,1,CHEMBL3979972
COc1cc(OC)cc(N(CC#Cc2cc(N)nc(C)n2)c2ccc3ncc(-c4cnn(C)c4)nc3c2)c1,1,IC50,6.55,1,CHEMBL3982399
COc1cc(OC)cc(N(CCNC(C)C)c2ccc3ncc(-c4cnn(C)c4CO)nc3c2)c1,1,IC50,7.78,1,CHEMBL3932022
COc1cc(OC)cc(N(CC#Cc2cc(N)ccn2)c2ccc3ncc(-c4cnn(C)c4)nc3c2)c1,1,IC50,6.63,1,CHEMBL3902961
COc1cc(OC)cc(N(CC#Cc2nccc(C)n2)c2ccc3ncc(-c4cnn(C)c4)nc3c2)c1,1,IC50,6.32,1,CHEMBL3933908
CCc1ccnc(C#CCN(c2cc(OC)cc(OC)c2)c2ccc3ncc(-c4cnn(C)c4)nc3c2)n1,1,IC50,6.26,1,CHEMBL3936673
COc1ccnc(C#CCN(c2ccc3ncc(-c4cnn(C)c4)nc3c2)c2c(Cl)c(OC)cc(OC)c2Cl)n1,1,IC50,6.86,1,CHEMBL3953771
COc1cc(OC)cc(N(CC#Cc2cnccn2)c2ccc3ncc(-c4cnn(C)c4)nc3c2)c1,1,IC50,6.45,1,CHEMBL3950292
COc1cc(OC)cc(N(CC#CC2CCNCC2)c2ccc3ncc(-c4cnn(C)c4)nc3c2)c1,1,IC50,6.47,1,CHEMBL3986861
COc1cc(OC)cc(N(CC#Cc2nccnc2Cl)c2ccc3ncc(-c4cnn(C)c4)nc3c2)c1,1,IC50,6.44,1,CHEMBL3964931
CNc1cccnc1C#CCN(c1cc(OC)cc(OC)c1)c1ccc2ncc(-c3cnn(C)c3)nc2c1,1,IC50,6.02,1,CHEMBL3978313
COc1cccnc1C#CCN(c1ccc2ncc(-c3cnn(C)c3)nc2c1)c1c(F)c(OC)cc(OC)c1F,1,IC50,7.64,1,CHEMBL3976275
COc1cc(OC)cc(N(CC(=O)Nc2nccc(OC)n2)c2ccc3ncc(-c4cnn(C)c4)nc3c2)c1,1,IC50,6.15,1,CHEMBL3892005
COC(=O)c1ccnc(C#CCN(c2cc(OC)cc(OC)c2)c2ccc3ncc(-c4cnn(C)c4)nc3c2)n1,1,IC50,6.42,1,CHEMBL3906253
COc1cc(OC)cc(N(CCCNCCC#N)c2ccc3ncc(-c4cnn(C)c4)nc3c2)c1,1,IC50,7.68,1,CHEMBL3899151
CNc1cc(O)c2c(c1)/C=C/C[C@H](O)[C@H](O)C(=O)/C=C\[C@@H](C)[C@H](C)OC2=O,1,IC50,6.3,1,CHEMBL1097700
COc1cc2ncnc(Nc3ccc(F)c(Cl)c3)c2cc1OCCCCCCC(=O)NO,1,IC50,7.0,1,CHEMBL598377
COc1cc2ncnc(NCc3ccccc3)c2cc1OCCCCCCC(=O)NO,1,IC50,6.0,1,CHEMBL596761
C[C@@H](Nc1ncnc2[nH]c(-c3ccc(CNCCC(=O)NO)cc3)cc12)c1ccccc1,1,IC50,7.0,1,CHEMBL3907491
C[C@@H](Nc1ncnc2[nH]c(-c3ccc(CN4CCN(CCC(=O)NO)CC4)cc3)cc12)c1ccccc1,1,IC50,7.0,1,CHEMBL3945421
C[C@@H](Nc1ncnc2[nH]c(-c3ccc(CN4CCN(CCCC(=O)NO)CC4)cc3)cc12)c1ccccc1,1,IC50,7.0,1,CHEMBL3903506
C[C@@H](Nc1ncnc2[nH]c(-c3ccc(CN4CCN(CCCCC(=O)NO)CC4)cc3)cc12)c1ccccc1,1,IC50,7.0,1,CHEMBL3972249
C[C@@H](Nc1ncnc2[nH]c(-c3ccc(CN4CCN(CCCCCC(=O)NO)CC4)cc3)cc12)c1ccccc1,1,IC50,7.0,1,CHEMBL3938265
C[C@@H](Nc1ncnc2[nH]c(-c3ccc(CN4CCN(CCCCCCC(=O)NO)CC4)cc3)cc12)c1ccccc1,1,IC50,7.0,1,CHEMBL3916600
C[C@@H](Nc1ncnc2[nH]c(-c3ccc(OCC(=O)NO)cc3)cc12)c1ccccc1,1,IC50,6.0,1,CHEMBL3900967
C[C@@H](Nc1ncnc2[nH]c(-c3ccc(OCCCC(=O)NO)cc3)cc12)c1ccccc1,1,IC50,7.0,1,CHEMBL3977186
C[C@@H](Nc1ncnc2[nH]c(-c3ccc(OCCCCC(=O)NO)cc3)cc12)c1ccccc1,1,IC50,7.0,1,CHEMBL3899385
C[C@@H](Nc1ncnc2[nH]c(-c3ccc(OCCCCCC(=O)NO)cc3)cc12)c1ccccc1,1,IC50,6.0,1,CHEMBL3902161
C[C@@H](Nc1ncnc2[nH]c(-c3ccc(NC(=O)CCC(=O)NO)cc3)cc12)c1ccccc1,1,IC50,7.0,1,CHEMBL3961102
C[C@@H](Nc1ncnc2[nH]c(-c3ccc(NC(=O)CCCC(=O)NO)cc3)cc12)c1ccccc1,1,IC50,7.0,1,CHEMBL3921652
C[C@@H](Nc1ncnc2[nH]c(-c3ccc(NC(=O)CCCCC(=O)NO)cc3)cc12)c1ccccc1,1,IC50,7.0,1,CHEMBL3924346
C[C@@H](Nc1ncnc2[nH]c(-c3ccc(NC(=O)CCCCCCC(=O)NO)cc3)cc12)c1ccccc1,1,IC50,7.0,1,CHEMBL3952709
C[C@@H](Nc1ncnc2[nH]c(-c3ccc(NC(=O)CCNCC(=O)NO)cc3)cc12)c1ccccc1,1,IC50,7.0,1,CHEMBL3950023
C[C@@H](Nc1ncnc2[nH]c(-c3ccc(C(=O)NCCNCCC(=O)NO)cc3)cc12)c1ccccc1,1,IC50,7.0,1,CHEMBL3984573
C[C@@H](Nc1ncnc2[nH]c(-c3ccc(C(=O)NCCNCCCCCC(=O)NO)cc3)cc12)c1ccccc1,1,IC50,7.0,1,CHEMBL3905131
C[C@@H](Nc1ncnc2[nH]c(-c3ccc(C(=O)NCCNCCCCCCC(=O)NO)cc3)cc12)c1ccccc1,1,IC50,7.0,1,CHEMBL3939306
C[C@@H](Nc1ncnc2[nH]c(-c3ccc(CNCCCCCC(=O)NO)cc3)cc12)c1ccccc1,1,IC50,7.0,1,CHEMBL3936547
C[C@@H](Nc1ncnc2[nH]c(-c3ccc(CNCCCCCCC(=O)NO)cc3)cc12)c1ccccc1,1,IC50,7.0,1,CHEMBL3901236
C[C@@H](Nc1ncnc2[nH]c(-c3ccc(CNCCCCCCCC(=O)NO)cc3)cc12)c1ccccc1,1,IC50,7.0,1,CHEMBL3898480
O=C(CCCCCN1CCN(Cc2ccc(-c3cc4c(NCc5ccccc5)ncnc4[nH]3)cc2)CC1)NO,1,IC50,7.0,1,CHEMBL3917105
C[C@@H](Nc1ncnc2[nH]c(-c3ccc(OCCCCCCC(=O)NO)cc3)cc12)c1ccc(F)cc1,1,IC50,6.0,1,CHEMBL3914322
O=C(CCCCCCOc1ccc(-c2cc3c(NCc4ccccc4)ncnc3[nH]2)cc1)NO,1,IC50,6.0,1,CHEMBL3985004
C[C@@H](Nc1ncnc2[nH]c(-c3ccc(C(=O)NO)cc3)cc12)c1ccccc1,1,IC50,7.0,1,CHEMBL3917670
O=C(NO)c1ccc(-c2cc3c(NCc4ccccc4)ncnc3[nH]2)cc1,1,IC50,6.0,1,CHEMBL3981584
C[C@@H](Nc1ncnc2[nH]c(-c3ccc(C(=O)NO)cc3)cc12)c1ccc(F)cc1,1,IC50,7.0,1,CHEMBL3984055
C[C@@H](Nc1ncnc2[nH]c(-c3ccc(NCc4ccc(/C=C/C(=O)NO)cc4)cc3)cc12)c1ccccc1,1,IC50,6.0,1,CHEMBL3929290
C[C@@H](Nc1ncnc2[nH]c(-c3ccc(NCc4ccc(C(=O)NO)cc4)cc3)cc12)c1ccccc1,1,IC50,6.0,1,CHEMBL3932057
C[C@@H](Nc1ncnc2[nH]c(-c3ccc(CNCc4ccc(C(=O)NO)cc4)cc3)cc12)c1ccccc1,1,IC50,7.0,1,CHEMBL3968968
C[C@@H](Nc1ncnc2c1cc(-c1ccc(C(=O)NCCNCCCCCCC(=O)NO)cc1)n2C)c1ccccc1,1,IC50,6.0,1,CHEMBL3917093
C[C@@H](Nc1ncnc2[nH]c(-c3ccc(NCCCCCCC(=O)NO)cc3)cc12)c1ccccc1,1,IC50,7.0,1,CHEMBL3986286
O=C(CCCCCCCNC(=O)c1cc(Oc2ccc(NC(=O)Nc3ccc(Cl)c(C(F)(F)F)c3)cc2)ccn1)NO,1,IC50,7.0,1,CHEMBL3973966
O=C(CCCCCCNCc1cc(Oc2ccc(NC(=O)Nc3ccc(Cl)c(C(F)(F)F)c3)cc2)ccn1)NO,1,IC50,7.0,1,CHEMBL3984477
O=C(CCCCCCCNCc1cc(Oc2ccc(NC(=O)Nc3ccc(Cl)c(C(F)(F)F)c3)cc2)ccn1)NO,1,IC50,7.0,1,CHEMBL3963327
O=C(Nc1ccc(Oc2ccnc(C(=O)NO)c2)cc1)Nc1ccc(Cl)c(C(F)(F)F)c1,1,IC50,6.0,1,CHEMBL3891395
COc1cc2ncnc(Nc3ccc4occc4c3)c2cc1OCCCCCCC(=O)NO,1,IC50,6.0,1,CHEMBL3937516
COc1cc2c(Nc3ccc4occc4c3)ncnc2cc1OCCCCCCC(=O)NO,1,IC50,6.0,1,CHEMBL3920254
COc1cc2c(Nc3ccc(Cl)c(Cl)c3)ncnc2cc1OCC1CN(C)CCO1,1,IC50,6.28,2,CHEMBL3951527
COc1cc2c(Nc3ccc(Br)c(Cl)c3Cl)ncnc2cc1OC[C@H]1CN2CCCC[C@H]2CO1,1,IC50,7.3,1,CHEMBL3968192
COc1cc2c(Nc3cc(Cl)c(Cl)cc3F)ncnc2cc1OC[C@H]1CN2CCOC[C@H]2CO1,1,IC50,7.3,1,CHEMBL3977450
COc1cc2c(Nc3cc(Cl)c(Br)cc3F)ncnc2cc1OC[C@H]1CN2CCOC[C@H]2CO1,1,IC50,7.3,1,CHEMBL3959516
COc1cc2c(Nc3ccc(F)c(Cl)c3F)ncnc2cc1OC[C@H]1CN2CCOC[C@H]2CO1,1,IC50,7.3,1,CHEMBL3956820
COc1cc2c(Nc3ccc(F)c(Cl)c3F)ncnc2cc1OC[C@@H]1CN2CCOC[C@H]2CO1,1,IC50,7.3,1,CHEMBL3946242
COc1cc2c(Nc3cc(Cl)c(Cl)cc3F)ncnc2cc1OC[C@@H]1CN2CCOC[C@H]2CO1,1,IC50,7.3,1,CHEMBL3908311
COc1cc2c(Nc3ccc(Br)c(Cl)c3Cl)ncnc2cc1OC[C@@H]1CN2CCOC[C@H]2CO1,1,IC50,7.3,1,CHEMBL3905501
COc1cc2c(Nc3cc(Cl)c(Br)cc3F)ncnc2cc1OC[C@@H]1CN2CCOC[C@H]2CO1,1,IC50,7.3,1,CHEMBL3924147
COc1cc2c(Nc3ccc(F)c(Cl)c3F)ncnc2cc1OC[C@@H]1CN2CCC[C@H]2CO1,1,IC50,7.3,2,CHEMBL3922278
COc1cc2c(Nc3ccc(Cl)c(Cl)c3F)ncnc2cc1OC[C@@H]1CN2CCC[C@H]2C(=O)N1C,1,IC50,7.3,1,CHEMBL3983466
COc1cc2c(Nc3cc(Cl)c(Br)cc3F)ncnc2cc1O[C@@H]1C[C@H]2OC[C@H](OC)[C@H]2O1,1,IC50,6.0,1,CHEMBL3946590
COc1cc2c(Nc3ccc(Cl)c(Cl)c3F)ncnc2cc1O[C@@H]1C[C@H]2OC[C@H](OC)[C@H]2O1,1,IC50,6.0,1,CHEMBL3986404
COc1cc2c(Nc3ccc(Br)c(Cl)c3F)ncnc2cc1O[C@@H]1C[C@H]2OC[C@H](OC)[C@H]2O1,1,IC50,7.3,1,CHEMBL3961005
COc1cc2c(Nc3ccc(Cl)c(Cl)c3Cl)ncnc2cc1O[C@@H]1C[C@H]2OC[C@H](OC)[C@H]2O1,1,IC50,6.0,1,CHEMBL3958481
COc1cc2c(Nc3ccc(Cl)c(Cl)c3)ncnc2cc1O[C@@H]1C[C@H]2OC[C@H](OC)[C@H]2O1,1,IC50,7.3,1,CHEMBL3919145
COc1cc2c(Nc3ccc(Br)c(Cl)c3Cl)ncnc2cc1O[C@@H]1C[C@H]2OC[C@H](OC)[C@H]2O1,1,IC50,6.0,1,CHEMBL3895424
COc1cc2c(Nc3ccc(Br)c(Cl)c3)ncnc2cc1O[C@@H]1C[C@H]2OCC3(OCCO3)[C@H]2O1,1,IC50,6.0,1,CHEMBL3964605
COc1cc2c(Nc3ccc(F)c(Cl)c3F)ncnc2cc1O[C@@H]1C[C@H]2OC[C@H](OC)[C@H]2O1,1,IC50,6.0,1,CHEMBL3955486
COc1cc2c(Nc3cc(Cl)c(Cl)cc3F)ncnc2cc1O[C@@H]1C[C@H]2OC[C@H](OC)[C@H]2O1,1,IC50,6.0,1,CHEMBL3924380
COc1cc2c(Nc3ccc(Br)c(Cl)c3)ncnc2cc1O[C@H]1CO[C@H]2[C@@H]1OC[C@@H]2OC(F)F,1,IC50,6.0,1,CHEMBL3921689
COc1cc2c(Nc3cccc(Cl)c3F)ncnc2cc1O[C@H]1CO[C@H]2[C@@H]1OC[C@@H]2OC,1,IC50,6.28,2,CHEMBL3955359
COc1cc2c(Nc3ccc(Br)c(Cl)c3)ncnc2cc1O[C@H]1CO[C@H]2[C@@H]1OC[C@@H]2OC,1,IC50,6.0,1,CHEMBL3910031
CCO[C@H]1CO[C@H]2[C@@H]1OC[C@@H]2Oc1cc2ncnc(Nc3ccc(Br)c(Cl)c3)c2cc1OC,1,IC50,6.28,2,CHEMBL3907230
COc1cc2c(Nc3ccc(Br)c(Cl)c3)ncnc2cc1O[C@H]1CO[C@@H]2CCO[C@H]12,1,IC50,6.28,2,CHEMBL3932115
COc1cc2c(Nc3ccc(Br)c(Cl)c3)ncnc2cc1O[C@H]1CO[C@H]2[C@@H]1OC[C@H]2OC,1,IC50,6.0,1,CHEMBL3929354
COc1cc2c(Nc3ccc(Cl)c(Cl)c3)ncnc2cc1OCc1cscn1,1,IC50,7.3,2,CHEMBL3968322
COc1cc2c(Nc3ccc(Cl)c(Cl)c3)ncnc2cc1OCc1cccnc1,1,IC50,7.3,2,CHEMBL3965901
COc1cc2c(Nc3ccc(Cl)c(Cl)c3)ncnc2cc1OCC1CC1,1,IC50,7.3,2,CHEMBL3928696
COc1cc2c(Nc3ccc(Cl)c(Cl)c3)ncnc2cc1OCC1CCCO1,1,IC50,7.3,2,CHEMBL3926038
COc1cc2c(Nc3ccc(Cl)c(Cl)c3)ncnc2cc1OC1CCCC1,1,IC50,6.28,2,CHEMBL3952048
COc1cc2c(Nc3ccc(Cl)c(Cl)c3)ncnc2cc1OC[C@@H]1O[C@@H](OC)[C@@H](O)[C@H](O)[C@H]1O,1,IC50,7.3,2,CHEMBL3949434
COc1cc2c(Nc3ccc(Cl)c(Cl)c3)ncnc2cc1OCC(=O)N1CCOCC1,1,IC50,6.28,2,CHEMBL3914264
COc1cc2c(Nc3ccc(Cl)c(Cl)c3)ncnc2cc1OCc1noc(C2CCCCN2C(=O)OC(C)(C)C)n1,1,IC50,6.0,1,CHEMBL3904510
COc1cc2c(Nc3ccc(Cl)c(Cl)c3)ncnc2cc1OCc1noc(C2CCN(C(=O)OC(C)(C)C)CC2)n1,1,IC50,7.3,1,CHEMBL3958507
COc1cc2c(Nc3ccc(Cl)c(Cl)c3)ncnc2cc1OCc1nc(-c2ccc(N3CCCC3)cc2)cs1,1,IC50,6.0,1,CHEMBL3955873
CCN(CC)c1ccc(-c2csc(COc3cc4ncnc(Nc5ccc(Cl)c(Cl)c5)c4cc3OC)n2)cc1,1,IC50,6.0,1,CHEMBL3922630
COc1cc2c(Nc3ccc(Cl)c(Cl)c3)ncnc2cc1OCc1nc(-c2ccc(O)c(C(N)=O)c2)cs1,1,IC50,6.28,2,CHEMBL3943632
COc1cc2c(Nc3ccc(Cl)c(Cl)c3)ncnc2cc1OCCC1CCCCC1,1,IC50,6.28,2,CHEMBL3979687
COc1cc2c(Nc3ccc(Cl)c(Cl)c3)ncnc2cc1OCC1CCCCC1,1,IC50,6.28,2,CHEMBL3954731
COc1cc2c(Nc3ccc(Cl)c(Cl)c3)ncnc2cc1OCC1CCC1,1,IC50,6.28,2,CHEMBL3919501
COc1cc2c(Nc3ccc(Cl)c(Cl)c3)ncnc2cc1OCCC1OCCO1,1,IC50,7.3,2,CHEMBL3929188
COc1cc2c(Nc3ccc(Cl)c(Cl)c3)ncnc2cc1OCCC1OCCCO1,1,IC50,7.3,2,CHEMBL3949535
COc1cc2c(Nc3ccc(Cl)c(Cl)c3)ncnc2cc1OCCN1CCOCC1,1,IC50,7.3,2,CHEMBL3968843
COc1cc2c(Nc3ccc(Cl)c(Cl)c3)ncnc2cc1OCCN1CCCC1,1,IC50,7.3,2,CHEMBL3905012
COc1cc2c(Nc3ccc(Cl)c(Cl)c3)ncnc2cc1OCCN1CCCCC1,1,IC50,7.3,2,CHEMBL3907764
COc1cc2c(Nc3ccc(Cl)c(Cl)c3)ncnc2cc1OCCN1C(=O)c2ccccc2C1=O,1,IC50,7.3,1,CHEMBL3909626
COc1cc2c(Nc3ccc(Cl)c(Cl)c3)ncnc2cc1OCc1nc(-c2cccnc2)cs1,1,IC50,6.28,2,CHEMBL3896044
COc1cc2c(Nc3ccc(Cl)c(Cl)c3)ncnc2cc1OCc1nc(-c2ccccn2)cs1,1,IC50,6.28,2,CHEMBL3976826
COc1cc2c(Nc3ccc(Cl)c(Cl)c3)ncnc2cc1OCc1nc(-c2ccncc2)cs1,1,IC50,6.0,1,CHEMBL3916485
COc1cc2c(Nc3ccc(Cl)c(Cl)c3)ncnc2cc1OCc1nc(N2CCOCC2)no1,1,IC50,6.28,2,CHEMBL3936025
COc1cc2c(Nc3ccc(Cl)c(Cl)c3)ncnc2cc1OCc1nc(N(C)C)no1,1,IC50,6.28,2,CHEMBL3960730
COc1cc2c(Nc3ccc(Cl)c(Cl)c3)ncnc2cc1OCc1nc(CN2CCN(C)CC2)cs1,1,IC50,7.3,2,CHEMBL3913860
COc1cc2c(Nc3ccc(Cl)c(Cl)c3)ncnc2cc1OCc1nc2c(s1)CNCC2,1,IC50,7.3,2,CHEMBL3945353
COc1cc2c(Nc3ccc(Cl)c(Cl)c3)ncnc2cc1OCc1nc(CN2CCOCC2)cs1,1,IC50,7.3,2,CHEMBL3942671
COc1cc2c(Nc3ccc(Cl)c(Cl)c3)ncnc2cc1OCc1nc(COCc2ccccc2)no1,1,IC50,7.3,1,CHEMBL3984213
COc1cc2c(Nc3ccc(Cl)c(Cl)c3)ncnc2cc1OCc1csc(C2CCNCC2)n1,1,IC50,7.3,2,CHEMBL3945860
COc1cc2c(Nc3ccc(Cl)c(Cl)c3)ncnc2cc1OCc1nc(N2CCN(C(=O)OC(C)(C)C)CC2)no1,1,IC50,6.28,2,CHEMBL3900858
COc1ccc(-c2nc(COc3cc4ncnc(Nc5ccc(Cl)c(Cl)c5)c4cc3OC)no2)cc1,1,IC50,6.0,1,CHEMBL3985840
COc1cc2c(Nc3ccc(Cl)c(Cl)c3)ncnc2cc1OCc1csc(-c2ccc(C(F)(F)F)cc2)n1,1,IC50,6.28,2,CHEMBL3983201
COc1cc2c(Nc3ccc(Cl)c(Cl)c3)ncnc2cc1OCc1csc(-c2ccc(Cl)cc2)n1,1,IC50,6.28,2,CHEMBL3963620
COc1cc2c(Nc3ccc(Cl)c(Cl)c3)ncnc2cc1OCc1noc(-c2c(C)noc2C)n1,1,IC50,6.28,2,CHEMBL3937857
COc1cc2c(Nc3ccc(Cl)c(Cl)c3)ncnc2cc1OCc1nc(-c2ccc(C(C)(C)C)cc2)no1,1,IC50,6.0,1,CHEMBL3951099
COc1cc2c(Nc3ccc(Cl)c(Cl)c3)ncnc2cc1OCc1noc(-c2ccccc2OC)n1,1,IC50,6.28,2,CHEMBL3933848
COc1cc2c(Nc3ccc(Cl)c(Cl)c3)ncnc2cc1OCc1nnc(-c2ccc(C)cc2)o1,1,IC50,6.28,2,CHEMBL3944502
COc1cc2c(Nc3ccc(Cl)c(Cl)c3)ncnc2cc1OCc1nccn1Cc1ccccc1,1,IC50,6.28,2,CHEMBL3895848
COc1cc2c(Nc3ccc(Cl)c(Cl)c3)ncnc2cc1OCc1c(-c2c(Cl)cccc2Cl)noc1C,1,IC50,6.0,1,CHEMBL3893128
COc1cc2c(Nc3ccc(Cl)c(Cl)c3)ncnc2cc1OCc1cc(F)cc2c1OCOC2,1,IC50,6.0,1,CHEMBL3952493
COc1cc2c(Nc3ccc(Cl)c(Cl)c3)ncnc2cc1OCc1cc(Br)cc(Br)c1,1,IC50,6.0,1,CHEMBL3961982
COc1cc2c(Nc3ccc(Cl)c(Cl)c3)ncnc2cc1OCc1cc(F)cc(F)c1,1,IC50,6.0,1,CHEMBL3900296
COc1cc2c(Nc3ccc(Cl)c(Cl)c3)ncnc2cc1OCc1nc(CS(=O)(=O)c2ccccn2)no1,1,IC50,7.3,1,CHEMBL3903022
COc1cc2c(Nc3ccc(Cl)c(Cl)c3)ncnc2cc1OCc1noc(-c2ccccc2)n1,1,IC50,6.0,1,CHEMBL3946018
COc1cc2c(Nc3ccc(Cl)c(Cl)c3)ncnc2cc1OCc1ccc2nc(C(F)(F)F)cc(Cl)c2c1,1,IC50,6.0,1,CHEMBL3948661
COc1cc2c(Nc3ccc(Cl)c(Cl)c3)ncnc2cc1OCCC1CCCN1C,1,IC50,7.3,1,CHEMBL3914671
COc1cc2c(Nc3ccc(Cl)c(Cl)c3)ncnc2cc1OCc1csc(N(C)C)n1,1,IC50,6.28,2,CHEMBL3971864
COc1cc2c(Nc3ccc(Cl)c(Cl)c3)ncnc2cc1OCc1nc([C@@H]2CCCN2)no1,1,IC50,7.3,1,CHEMBL3952023
COc1cc2c(Nc3ccc(Cl)c(Cl)c3)ncnc2cc1OCc1csc([C@@H]2CCCN2)n1,1,IC50,7.3,1,CHEMBL3949400
COc1cc2c(Nc3ccc(Cl)c(Cl)c3)ncnc2cc1OCc1csc(COC(=O)c2ccccc2)n1,1,IC50,6.0,1,CHEMBL3900567
COc1cc2c(Nc3ccc(Cl)c(Cl)c3)ncnc2cc1OCc1csc(CO)n1,1,IC50,7.3,2,CHEMBL3939717
COc1cc2c(Nc3ccc(Cl)c(Cl)c3)ncnc2cc1OCc1nc2c(s1)CN(C)CC2,1,IC50,7.3,1,CHEMBL3938621
COc1cc2c(Nc3ccc(Cl)c(Cl)c3)ncnc2cc1OCc1csc([C@@H]2CSCN2)n1,1,IC50,7.3,2,CHEMBL3927549
COc1cc2c(Nc3ccc(Cl)c(Cl)c3)ncnc2cc1OCc1csc(C2CCCN(C)C2)n1,1,IC50,7.3,1,CHEMBL3930406
CCN1CCC[C@H]1c1noc(COc2cc3ncnc(Nc4ccc(Cl)c(Cl)c4)c3cc2OC)n1,1,IC50,7.3,1,CHEMBL3898627
CCN1CCC[C@H]1c1nc(COc2cc3ncnc(Nc4ccc(Cl)c(Cl)c4)c3cc2OC)cs1,1,IC50,7.3,1,CHEMBL3910064
CCN1CCC2N=C(COc3cc4ncnc(Nc5ccc(Cl)c(Cl)c5)c4cc3OC)SC2C1,1,IC50,7.3,1,CHEMBL3959195
CCN1CCCC1c1nc(COc2cc3ncnc(Nc4ccc(Cl)c(Cl)c4)c3cc2OC)no1,1,IC50,7.3,2,CHEMBL3906789
COc1cc2c(Nc3ccc(Cl)c(Cl)c3)ncnc2cc1OCC1CN(Cc2ccc(F)cc2)CCO1,1,IC50,7.3,1,CHEMBL3910102
COC(=O)CCCCN1CCOC(COc2cc3ncnc(Nc4ccc(Cl)c(Cl)c4)c3cc2OC)C1,1,IC50,7.3,1,CHEMBL3979195
C=CCCCCCCN1CCOC(COc2cc3ncnc(Nc4ccc(Cl)c(Cl)c4)c3cc2OC)C1,1,IC50,7.3,1,CHEMBL3981613
CCCN1CCOC(COc2cc3ncnc(Nc4ccc(Cl)c(Cl)c4)c3cc2OC)C1,1,IC50,7.3,1,CHEMBL3942082
COc1cc2c(Nc3ccc(Cl)c(Cl)c3)ncnc2cc1OCC1CN(C(C)=O)CCO1,1,IC50,7.3,1,CHEMBL3985254
CCC#CCN1CCOC(COc2cc3ncnc(Nc4ccc(Cl)c(Cl)c4)c3cc2OC)C1,1,IC50,7.3,1,CHEMBL3919493
COc1cc2c(Nc3ccc(Cl)c(Cl)c3)ncnc2cc1OCc1csc(N2CCN(C)CC2)n1,1,IC50,7.3,1,CHEMBL3958678
COc1cc2c(Nc3ccc(Cl)c(Cl)c3)ncnc2cc1OCc1noc(C2CCCN2C)n1,1,IC50,7.3,1,CHEMBL3956056
COc1cc2c(Nc3ccc(F)c(Cl)c3)ncnc2cc1OCC1CN(C)CCO1,1,IC50,7.3,1,CHEMBL3893032
CCN1CCN(C(C)=O)CC1COc1cc2ncnc(Nc3ccc(Cl)c(Cl)c3)c2cc1OC,1,IC50,6.0,1,CHEMBL3890263
COc1cc(Nc2ncnc3cc(OCC4CN(C)CCO4)c(OC)cc23)c(OC)cc1Cl,1,IC50,6.0,1,CHEMBL3944702
COc1cc2c(Nc3cccc(Br)c3C)ncnc2cc1OCC1CN(C)CCO1,1,IC50,7.3,1,CHEMBL3912287
COc1cc2c(Nc3cc(Cl)c(Cl)c(Cl)c3)ncnc2cc1OCC1CN(C)CCO1,1,IC50,7.3,1,CHEMBL3906715
COc1cc2c(Nc3cccc(Cl)c3C)ncnc2cc1OCC1CN(C)CCO1,1,IC50,7.3,1,CHEMBL3896927
COc1cc2c(Nc3cc(Cl)ccc3F)ncnc2cc1OCC1CN(C)CCO1,1,IC50,7.3,1,CHEMBL3949155
COc1cc2c(Nc3ccc(Cl)cc3Cl)ncnc2cc1OCC1CN(C)CCO1,1,IC50,7.3,1,CHEMBL3904192
COc1cc2c(Nc3ccc(Br)cc3Br)ncnc2cc1OCC1CN(C)CCO1,1,IC50,7.3,1,CHEMBL3913993
CCN1CCN(C)CC1COc1cc2ncnc(Nc3ccc(Cl)c(Cl)c3)c2cc1OC,1,IC50,6.0,1,CHEMBL3968030
COc1cc2c(Nc3ccc(Cl)c(Cl)c3)ncnc2cc1OCc1csc(CN2CCCC2)n1,1,IC50,7.3,1,CHEMBL3900295
COc1cc2c(Nc3ccc(Cl)c(Cl)c3)ncnc2cc1OCC1CN(C2CCOCC2)CCO1,1,IC50,7.3,1,CHEMBL3928180
CCC(CC)CN1CCOC(COc2cc3ncnc(Nc4ccc(Cl)c(Cl)c4)c3cc2OC)C1,1,IC50,7.3,1,CHEMBL3921228
COc1cc2c(Nc3ccc(Cl)c(Cl)c3)ncnc2cc1OCC1CN(CC2CCCCC2)CCO1,1,IC50,7.3,1,CHEMBL3895890
COc1cc2c(Nc3ccc(Cl)c(Cl)c3)ncnc2cc1OCC1CN(CCO)CCO1,1,IC50,7.3,1,CHEMBL3893176
CC#CCN1CCOC(COc2cc3ncnc(Nc4ccc(Cl)c(Cl)c4)c3cc2OC)C1,1,IC50,7.3,1,CHEMBL3933897
COc1cc2c(Nc3ccc(Cl)c(Cl)c3)ncnc2cc1OCC1CN(CCC2OCCO2)CCO1,1,IC50,7.3,1,CHEMBL3979728
COc1cc2c(Nc3ccc(Cl)c(Cl)c3)ncnc2cc1OCC1CN(CCC2CCCCC2)CCO1,1,IC50,7.3,1,CHEMBL3951403
CC[C@@H](C)CN1CCOC(COc2cc3ncnc(Nc4ccc(Cl)c(Cl)c4)c3cc2OC)C1,1,IC50,7.3,1,CHEMBL3985896
COc1cc2c(Nc3ccc(Cl)c(Cl)c3)ncnc2cc1OCC1CN(C(C)C(C)=O)CCO1,1,IC50,7.3,1,CHEMBL3895645
CCC(=O)CN1CCOC(COc2cc3ncnc(Nc4ccc(Cl)c(Cl)c4)c3cc2OC)C1,1,IC50,7.3,1,CHEMBL3965938
CCCCCN1CCOC(COc2cc3ncnc(Nc4ccc(Cl)c(Cl)c4)c3cc2OC)C1,1,IC50,7.3,1,CHEMBL3929942
CCCCCCN1CCOC(COc2cc3ncnc(Nc4ccc(Cl)c(Cl)c4)c3cc2OC)C1,1,IC50,7.3,1,CHEMBL3932698
CCCCCCCN1CCOC(COc2cc3ncnc(Nc4ccc(Cl)c(Cl)c4)c3cc2OC)C1,1,IC50,7.3,1,CHEMBL3976896
CCCCCCCCN1CCOC(COc2cc3ncnc(Nc4ccc(Cl)c(Cl)c4)c3cc2OC)C1,1,IC50,6.0,1,CHEMBL3979317
COc1cc2c(Nc3ccc(Cl)c(Cl)c3)ncnc2cc1OCC1CN(CCc2ccccc2)CCO1,1,IC50,7.3,1,CHEMBL3916297
C=CCN1CCOC(COc2cc3ncnc(Nc4ccc(Cl)c(Cl)c4)c3cc2OC)C1,1,IC50,7.3,1,CHEMBL3946469
COc1cc2c(Nc3ccc(Cl)c(Cl)c3)ncnc2cc1OCC1OCCN(CC(=O)c2ccccc2)C1=O,1,IC50,7.3,1,CHEMBL3965160
COc1cc2c(Nc3ccc(Cl)c(Cl)c3)ncnc2cc1OCC1CN(CCF)CCO1,1,IC50,7.3,1,CHEMBL3955447
COc1cc2c(Nc3ccc(Cl)c(Cl)c3)ncnc2cc1OCC1CN(CC=C(C)C)CCO1,1,IC50,7.3,1,CHEMBL3932218
COc1cc2c(Nc3ccc(Cl)c(Cl)c3)ncnc2cc1OCC1CN(C/C=C/Br)CCO1,1,IC50,7.3,1,CHEMBL3898138
COc1cc2c(Nc3ccc(Cl)c(Cl)c3)ncnc2cc1OCC1CN(CC(N)=O)CCO1,1,IC50,7.3,1,CHEMBL3916567
COc1cc2c(Nc3ccc(Cl)c(Cl)c3)ncnc2cc1OCC1CN(CCC(C)C)CCCO1,1,IC50,7.3,1,CHEMBL3947769
COc1cc2c(Nc3ccc(Cl)c(Cl)c3)ncnc2cc1OCC1CN(CCC2CCCCC2)CCCO1,1,IC50,7.3,1,CHEMBL3914394
CCC(CC)CN1CCCOC(COc2cc3ncnc(Nc4ccc(Cl)c(Cl)c4)c3cc2OC)C1,1,IC50,7.3,1,CHEMBL3928439
COc1cc2c(Nc3ccc(Cl)c(Cl)c3)ncnc2cc1OCC1CN(S(C)(=O)=O)CCCO1,1,IC50,7.3,1,CHEMBL3925803
COc1cc2c(Nc3cccc(Cl)c3F)ncnc2cc1OCC1CN(C)CCO1,1,IC50,7.3,1,CHEMBL3953937
COc1cc2c(Nc3cccc(Cl)c3F)ncnc2cc1OCC1CN(/C(N)=N/C#N)CCCO1,1,IC50,7.3,1,CHEMBL3913496
CCN1CCN(CC)C(COc2cc3ncnc(Nc4ccc(Cl)c(Cl)c4)c3cc2OC)C1,1,IC50,6.0,1,CHEMBL3937092
COc1cc2c(Nc3ccc(Cl)c(Cl)c3)ncnc2cc1OCC1CN(S(C)(=O)=O)CCO1,1,IC50,7.3,1,CHEMBL3892030
COc1cc2c(Nc3ccc(Cl)c(Cl)c3)ncnc2cc1OCC1CN(S(=O)(=O)Cc2ccccc2)CCO1,1,IC50,7.3,1,CHEMBL3901787
COc1cc2c(Nc3ccc(Cl)c(Cl)c3)ncnc2cc1OCC1CN(S(=O)(=O)c2ccc(F)cc2)CCO1,1,IC50,7.3,1,CHEMBL3958778
CCS(=O)(=O)N1CCOC(COc2cc3ncnc(Nc4ccc(Cl)c(Cl)c4)c3cc2OC)C1,1,IC50,7.3,1,CHEMBL3961472
COc1cc2c(Nc3ccc(Cl)c(Cl)c3)ncnc2cc1OCC1CN(S(=O)(=O)c2ccccc2)CCO1,1,IC50,7.3,1,CHEMBL3933398
COc1cc2c(Nc3ccc(Cl)c(Cl)c3)ncnc2cc1OCC1CN(S(=O)(=O)CCCCl)CCO1,1,IC50,7.3,1,CHEMBL3923692
CCCCS(=O)(=O)N1CCOC(COc2cc3ncnc(Nc4ccc(Cl)c(Cl)c4)c3cc2OC)C1,1,IC50,7.3,1,CHEMBL3893845
COc1cc2c(Nc3ccc(Cl)c(Cl)c3)ncnc2cc1OCC1CN(S(=O)(=O)c2ccc(C)cc2)CCO1,1,IC50,7.3,1,CHEMBL3970332
COc1cc2c(Nc3ccc(Cl)c(Cl)c3)ncnc2cc1OCC1CN(C(=O)c2c(C)noc2C)CCO1,1,IC50,7.3,1,CHEMBL3947700
COc1cccc(CC(=O)N2CCOC(COc3cc4ncnc(Nc5ccc(Cl)c(Cl)c5)c4cc3OC)C2)c1,1,IC50,7.3,1,CHEMBL3945062
CCCC(C)C(=O)N1CCOC(COc2cc3ncnc(Nc4ccc(Cl)c(Cl)c4)c3cc2OC)C1,1,IC50,7.3,1,CHEMBL3986123
CCCCc1ccc(C(=O)N2CCOC(COc3cc4ncnc(Nc5ccc(Cl)c(Cl)c5)c4cc3OC)C2)cc1,1,IC50,6.0,1,CHEMBL3983450
COc1cc2c(Nc3ccc(Cl)c(Cl)c3)ncnc2cc1OCC1CN(C(=O)Cc2ccc(Cl)cc2)CCO1,1,IC50,7.3,1,CHEMBL3941200
CCCC(CCC)C(=O)N1CCOC(COc2cc3ncnc(Nc4ccc(Cl)c(Cl)c4)c3cc2OC)C1,1,IC50,7.3,1,CHEMBL3959038
COc1cc2c(Nc3ccc(Cl)c(Cl)c3)ncnc2cc1OCC1CN(C(=O)CCC(C)C)CCO1,1,IC50,7.3,1,CHEMBL3942387
COc1cc2c(Nc3ccc(Cl)c(Cl)c3)ncnc2cc1OCC1CN(C(=O)c2cc(F)ccc2F)CCO1,1,IC50,7.3,1,CHEMBL3982666
COc1cc2c(Nc3ccc(Cl)c(Cl)c3)ncnc2cc1OCC1CN(C(=O)C2CCCC2)CCO1,1,IC50,7.3,1,CHEMBL3920114
CCC(C(=O)N1CCOC(COc2cc3ncnc(Nc4ccc(Cl)c(Cl)c4)c3cc2OC)C1)c1ccccc1,1,IC50,7.3,1,CHEMBL3894418
COc1cc2c(Nc3ccc(Cl)c(Cl)c3)ncnc2cc1OCC1CN(C(=O)c2c(F)ccc(F)c2F)CCO1,1,IC50,7.3,1,CHEMBL3929966
COc1cc2c(Nc3ccc(Cl)c(Cl)c3)ncnc2cc1OCC1CN(C(=O)c2ccoc2)CCO1,1,IC50,7.3,1,CHEMBL3969472
CCC(=O)N1CCOC(COc2cc3ncnc(Nc4ccc(Cl)c(Cl)c4)c3cc2OC)C1,1,IC50,7.3,1,CHEMBL3976226
CCCCCC(=O)N1CCOC(COc2cc3ncnc(Nc4ccc(Cl)c(Cl)c4)c3cc2OC)C1,1,IC50,7.3,1,CHEMBL3931724
CCCCC(CC)C(=O)N1CCOC(COc2cc3ncnc(Nc4ccc(Cl)c(Cl)c4)c3cc2OC)C1,1,IC50,7.3,1,CHEMBL3953606
COc1cc2c(Nc3ccc(Cl)c(Cl)c3)ncnc2cc1OCC1CN(C(=O)CCc2ccccc2)CCO1,1,IC50,7.3,1,CHEMBL3918306
COc1cc2c(Nc3ccc(Cl)c(Cl)c3)ncnc2cc1OCC1CN(C(=O)C(C)(C)C)CCO1,1,IC50,7.3,1,CHEMBL3907879
COc1cc2c(Nc3ccc(Cl)c(Cl)c3)ncnc2cc1OCC1CN(C(=O)c2cccc3ccccc23)CCO1,1,IC50,7.3,1,CHEMBL3905114
COc1cc2c(Nc3ccc(Cl)c(Cl)c3)ncnc2cc1OCC1CN(C(=O)c2ccc(Cl)nc2)CCO1,1,IC50,7.3,1,CHEMBL3966429
COc1cc2c(Nc3ccc(Cl)c(Cl)c3)ncnc2cc1OCC1CN(C(=O)c2ccc3c(c2)OCO3)CCO1,1,IC50,7.3,1,CHEMBL3962355
COc1cc2c(Nc3ccc(Br)cc3C)ncnc2cc1OCC1CN(C)CCO1,1,IC50,7.3,1,CHEMBL3892117
COc1cc2c(Nc3ccc(Cl)c(C)c3)ncnc2cc1OCC1CN(C)CCO1,1,IC50,7.3,1,CHEMBL3907215
CN/C(=N\C#N)N1CCOC(COc2cc3ncnc(Nc4ccc(Cl)c(C)c4)c3cc2OC)C1,1,IC50,7.3,1,CHEMBL3904460
COCCOc1cc2c(Nc3ccc(Cl)c(Cl)c3)ncnc2cc1OCC1CN(C)CCO1,1,IC50,7.3,1,CHEMBL3913719
COc1cc2c(Nc3ccc(Br)cc3Cl)ncnc2cc1OCC1CN(C)CCO1,1,IC50,7.3,1,CHEMBL3911207
COc1cc2c(Nc3ccc(Cl)c(Cl)c3)ncnc2cc1OCC1CN(C(C)=O)CCCO1,1,IC50,7.3,1,CHEMBL3958466
CN1CCOC(COc2cc3ncnc(Nc4ccc(Cl)c(Cl)c4)c3cc2O)C1,1,IC50,7.3,1,CHEMBL3955824
COc1cc2c(Nc3ccc(Cl)c(Br)c3)ncnc2cc1OCC1CN(C)CCO1,1,IC50,7.3,1,CHEMBL3899410
COC(=O)CCC(=O)N1CCOC(COc2cc3ncnc(Nc4ccc(Cl)c(Cl)c4)c3cc2OC)C1,1,IC50,7.3,1,CHEMBL3899440
COc1cc2c(Nc3cccc(Br)c3Cl)ncnc2cc1OCC1CN(C)CCO1,1,IC50,7.3,1,CHEMBL3977221
COCCN/C(=N\C#N)N1CCOC(COc2cc3ncnc(Nc4ccc(Cl)c(Cl)c4)c3cc2OC)C1,1,IC50,7.3,1,CHEMBL3986102
CCN/C(=N\C#N)N1CCOC(COc2cc3ncnc(Nc4ccc(Cl)c(Cl)c4)c3cc2OC)C1,1,IC50,7.3,1,CHEMBL3942161
COc1cc2c(Nc3ccc(Cl)c(Cl)c3)ncnc2cc1OCC1CN(/C(=N/C#N)N2CCCCC2)CCO1,1,IC50,7.3,1,CHEMBL3940839
COc1cc2c(Nc3ccc(Cl)c(Cl)c3)ncnc2cc1OCC1CN(/C(=N/C#N)N2CCCC2)CCO1,1,IC50,7.3,1,CHEMBL3971050
CCC1(C)CN(C)CC(COc2cc3ncnc(Nc4ccc(Cl)c(Cl)c4)c3cc2OC)O1,1,IC50,7.3,1,CHEMBL3931393
COc1cc2c(Nc3ccc(Br)c(C)c3)ncnc2cc1OCC1CN(C)CCO1,1,IC50,7.3,1,CHEMBL3934095
COc1cc2c(Nc3ccc(Cl)c(Cl)c3)ncnc2cc1OCC1CN(C)CC(C)(C)O1,1,IC50,7.3,1,CHEMBL3928601
COc1cc2c(Nc3ccc(Cl)c(Cl)c3)ncnc2cc1OCCC1CNC(C)(C)CO1,1,IC50,7.3,1,CHEMBL3962203
COc1cc2c(Nc3ccc(Cl)c(Cl)c3)ncnc2cc1OCCC1CN(C)C(C)(C)CO1,1,IC50,7.3,1,CHEMBL3959495
COc1cc2c(Nc3ccc(Cl)c(Cl)c3)ncnc2cc1OCCC1CN(C(=O)OC(C)(C)C)C(C)(C)CO1,1,IC50,6.0,1,CHEMBL3916953
COc1cc2c(Nc3ccc(Br)c(Cl)c3Cl)ncnc2cc1OCC1CN(C)CCO1,1,IC50,7.3,1,CHEMBL3977503
COc1cc2c(Nc3cc(Cl)c(Cl)cc3F)ncnc2cc1OCC1CN(C)CCO1,1,IC50,7.3,1,CHEMBL3968233
COc1cc2c(Nc3ccc(Cl)c(Cl)c3)ncnc2cc1OCCC1CN(C)CC(C)(C)O1,1,IC50,7.3,1,CHEMBL3939133
COc1cc2c(Nc3ccc(Cl)c(Cl)c3C)ncnc2cc1OCC1CN(C)CCO1,1,IC50,7.3,1,CHEMBL3921390
COc1cc2c(Nc3ccc(Br)c(Cl)c3C)ncnc2cc1OCC1CN(C)CCO1,1,IC50,7.3,1,CHEMBL3924098
COc1cc2c(Nc3ccc(Cl)c(Cl)c3)ncnc2cc1OCC1CN(C)C(C)(C)C(=O)O1,1,IC50,7.3,1,CHEMBL3893846
COc1cc2c(Nc3ccc(Br)c(Cl)c3Cl)ncnc2cc1OCC1CN(C)C(C)(C)CO1,1,IC50,7.3,1,CHEMBL3981432
COc1cc2c(Nc3ccc(F)c(Cl)c3F)ncnc2cc1OCC1CN(C)C(C)(C)CO1,1,IC50,7.3,1,CHEMBL3895129
COc1cc2c(Nc3ccc(Br)c(Cl)c3F)ncnc2cc1OC[C@@H]1CN(C)CC(=O)N1,1,IC50,7.3,1,CHEMBL3935851
COc1cc2c(Nc3ccc(Cl)c(Cl)c3F)ncnc2cc1OC[C@@H]1CN(C)CC(=O)N1,1,IC50,7.3,1,CHEMBL3933130
COc1cc2c(Nc3ccc(Br)c(Cl)c3F)ncnc2cc1OC[C@@H]1CN(C)CC(=O)N1C,1,IC50,7.3,1,CHEMBL3891130
COc1cc2c(Nc3ccc(Cl)c(Cl)c3F)ncnc2cc1OC[C@@H]1CN(C)CC(=O)N1C,1,IC50,7.3,1,CHEMBL3909603
COc1cc2c(Nc3ccc(Br)c(Cl)c3)ncnc2cc1OC1=CO[C@H]2[C@H]1OC[C@@]21COC(C)(C)O1,1,IC50,6.0,1,CHEMBL3965625
COc1cc2c(Nc3ccc(Br)c(Cl)c3)ncnc2cc1O[C@@H]1CO[C@H]2[C@@H]1OC[C@@H]2OS(C)(=O)=O,1,IC50,6.0,1,CHEMBL3986082
COc1cc2c(Nc3ccc(Br)c(Cl)c3)ncnc2cc1O[C@@H]1CO[C@H]2[C@@H]1OC[C@@H]2O,1,IC50,6.0,1,CHEMBL3945028
COc1cc2c(Nc3ccc(Br)c(Cl)c3)ncnc2cc1O[C@H]1CO[C@H]2[C@@H]1OC[C@@H]2SC,1,IC50,6.0,1,CHEMBL3947643
COc1cc2c(Nc3ccc(Br)c(Cl)c3)ncnc2cc1O[C@H]1CO[C@H]2[C@@H]1OC[C@@H]2N1CCOCC1,1,IC50,6.0,1,CHEMBL3921861
COc1cc2c(Nc3ccc(Br)c(Cl)c3)ncnc2cc1O[C@H]1CO[C@H]2[C@@H]1OC[C@@H]2N1CCN(C)CC1,1,IC50,6.0,1,CHEMBL3972940
COc1cc2c(Nc3ccc(Br)c(Cl)c3)ncnc2cc1O[C@H]1CO[C@H]2[C@@H]1OC[C@@H]2N1CCCC1,1,IC50,6.0,1,CHEMBL3923645
COc1cc2c(Nc3ccc(Br)c(Cl)c3)ncnc2cc1O[C@H]1CO[C@H]2[C@@H]1OC[C@@H]2OC(C)=O,1,IC50,6.0,1,CHEMBL3933359
COc1cc2c(Nc3ccc(Br)c(Cl)c3)ncnc2cc1O[C@H]1CO[C@H]2[C@@H]1OC[C@@H]2O,1,IC50,6.0,1,CHEMBL3893363
COc1cc2c(Nc3ccc(Br)c(Cl)c3)ncnc2cc1O[C@H]1CO[C@H]2[C@@H]1OC[C@@H]2S(C)(=O)=O,1,IC50,6.0,1,CHEMBL3896067
COc1cc2c(Nc3ccc(Br)c(Cl)c3)ncnc2cc1O[C@H]1CO[C@H]2[C@@H]1OC[C@@H]2N,1,IC50,6.0,1,CHEMBL3976788
CN[C@H]1CO[C@H]2[C@@H]1OC[C@@H]2Oc1cc2ncnc(Nc3ccc(Br)c(Cl)c3)c2cc1OC,1,IC50,6.0,1,CHEMBL3974328
CCN(CC)[C@H]1CO[C@H]2[C@@H]1OC[C@@H]2Oc1cc2ncnc(Nc3ccc(Br)c(Cl)c3)c2cc1OC,1,IC50,7.3,1,CHEMBL3909572
COc1cc2c(Nc3ccc(Br)c(Cl)c3)ncnc2cc1O[C@H]1CO[C@H]2[C@@H]1OC[C@@H]2N1CCCCC1,1,IC50,6.0,1,CHEMBL3927849
COc1cc2c(Nc3ccc(Br)c(Cl)c3)ncnc2cc1O[C@H]1CO[C@H]2[C@@H]1OC[C@@H]2NC(C)=O,1,IC50,6.0,1,CHEMBL3961417
COc1cc2c(Nc3ccc(Br)c(Cl)c3)ncnc2cc1O[C@@H]1CO[C@H]2[C@@H]1OC[C@@H]2NC(F)(F)F,1,IC50,6.0,1,CHEMBL3958721
COc1cc2c(Nc3ccc(Br)c(Cl)c3)ncnc2cc1O[C@@H]1CO[C@H]2[C@@H]1OC[C@@H]2NS(C)(=O)=O,1,IC50,6.0,1,CHEMBL3943734
COc1cc2c(Nc3ccc(Br)c(Cl)c3)ncnc2cc1OC1CCN(C)C1,1,IC50,7.3,1,CHEMBL3971560
COc1cc2c(Nc3ccc(Br)c(Cl)c3)ncnc2cc1O[C@@H]1CCOC1,1,IC50,7.3,1,CHEMBL3939828
COc1cc2c(Nc3cccc(Cl)c3F)ncnc2cc1O[C@H]1CO[C@H]2[C@@H]1OC[C@@H]2F,1,IC50,6.0,1,CHEMBL3937048
COc1cc2c(N[C@H]3COC[C@@H]3OC)ncnc2cc1O[C@H]1CO[C@H]2[C@@H]1OC[C@@H]2O,1,IC50,6.0,1,CHEMBL3916828
COc1cc2c(Nc3ccc(N4CCN(C)CC4)cc3)ncnc2cc1O[C@H]1CO[C@H]2[C@@H]1OC[C@@H]2F,1,IC50,6.0,1,CHEMBL3924442
COc1cc2c(Nc3ccc(N4CCN(C)C(F)C4)cc3)ncnc2cc1O[C@H]1CO[C@H]2[C@@H]1OC[C@@H]2F,1,IC50,6.0,1,CHEMBL3890300
COc1cc2c(Nc3ccc(N4CCN(C)CC4)c(Cl)c3Cl)ncnc2cc1O[C@H]1CO[C@H]2[C@@H]1OC[C@@H]2F,1,IC50,6.0,1,CHEMBL3893058
COc1cc2c(Nc3ccc(Cl)c(Cl)c3N3CCN(C)CC3)ncnc2cc1O[C@H]1CO[C@H]2[C@@H]1OC[C@@H]2F,1,IC50,6.0,1,CHEMBL3985116
COc1cc2c(Nc3ccc(Br)c(Cl)c3)ncnc2cc1O[C@@H]1CO[C@H]2[C@@H]1OC[C@@H]2C(F)(F)F,1,IC50,6.0,1,CHEMBL3938869
CS(=N)(=O)c1ccc(Nc2ncc(Br)c(Nc3ccccc3)n2)cc1,1,IC50,7.21,1,CHEMBL3940661
C[C@@H](O)[C@@H](C)Oc1nc(Nc2ccc(S(=O)(=O)C3CC3)cc2)ncc1C(F)(F)F,1,IC50,7.29,2,CHEMBL3644032
C[C@@H](O)[C@@H](C)Oc1nc(Nc2ccc(S(C)(=O)=O)cc2)ncc1C(F)(F)F,1,IC50,7.04,3,CHEMBL3644033
C[C@@H](Oc1nc(Nc2ccc(S(C)(=O)=O)cc2)ncc1C(F)(F)F)C(C)(C)O,1,IC50,6.72,2,CHEMBL3644034
C=CC(=O)Nc1cc2c(Nc3ccc(Br)cc3F)ncnc2cc1OCCOCCOC(=O)CC(=O)OCC,1,IC50,6.01,1,CHEMBL3676391
C=CC(=O)Nc1cc2c(Nc3ccc(Br)cc3F)ncnc2cc1OCCOCCOC(=O)CC(=O)O,1,IC50,6.55,1,CHEMBL3676392
C=CC(=O)Nc1cc2c(Nc3ccc(Br)cc3F)ncnc2cc1OCC(C)NC(=O)CN(C)C,1,IC50,6.36,1,CHEMBL3676393
O=C(NCC(F)(F)F)Nc1cccc(-c2cnc3cc(-c4ncccn4)ccn23)c1,1,IC50,6.37,1,CHEMBL3690476
O=C(NCC(F)(F)F)Nc1cccc(-c2cnc3cc(-c4nnc(C5CCCO5)s4)ccn23)c1,1,IC50,7.35,1,CHEMBL3686060
CCOC(=O)C(C)(C)n1cc(-c2ccn3c(-c4cccc(NC(=O)NCC(F)(F)F)c4)cnc3c2)cn1,1,IC50,7.39,1,CHEMBL3686061
O=C(NCC(F)(F)F)Nc1cccc(-c2cnc3cc(-c4ccccn4)ccn23)c1,1,IC50,7.43,1,CHEMBL3686062
O=C(NCC(F)(F)F)Nc1cccc(-c2cnc3cc(-c4cnn(C5CCNCC5)c4)ccn23)c1,1,IC50,7.97,1,CHEMBL3686063
CC(C)(C(=O)O)n1cc(-c2ccn3c(-c4cccc(NC(=O)NCC(F)(F)F)c4)cnc3c2)cn1,1,IC50,7.17,1,CHEMBL3686064
CN1CCC(n2cc(-c3ccn4c(-c5cccc(NC(=O)NCC(F)(F)F)c5)cnc4c3)cn2)CC1,1,IC50,7.87,1,CHEMBL3686065
O=C(NCC(F)(F)F)Nc1cccc(-c2cnc3cc(-c4ccc(N5CCCCC5)nn4)ccn23)c1,1,IC50,7.7,1,CHEMBL3686066
O=C(NCC(F)(F)F)Nc1cccc(-c2cnc3cc(-c4nc5c(s4)CCC5)ccn23)c1,1,IC50,7.6,1,CHEMBL3690373
N=C(/C=C/CN)c1ccn2c(-c3cccc(NC(=O)NCC(F)(F)F)c3)cnc2c1,1,IC50,7.09,1,CHEMBL3690374
CC(C)(CO)n1cc(-c2ccn3c(-c4cccc(NC(=O)NCC(F)(F)F)c4)cnc3c2)cn1,1,IC50,7.41,1,CHEMBL3690375
O=C(NCC(F)(F)F)Nc1cccc(-c2cnc3cc(C#Cc4cccnc4)ccn23)c1,1,IC50,6.66,1,CHEMBL3690376
CN1CCN(c2ccc(-c3ccn4c(-c5cccc(NC(=O)NCC(F)(F)F)c5)cnc4c3)nn2)CC1,1,IC50,7.88,1,CHEMBL3690377
Cn1cncc1C#Cc1ccn2c(-c3cccc(NC(=O)NCC(F)(F)F)c3)cnc2c1,1,IC50,6.95,1,CHEMBL3690378
CN(C)CC#Cc1ccn2c(-c3cccc(NC(=O)NCC(F)(F)F)c3)cnc2c1,1,IC50,6.71,1,CHEMBL3690379
N=C(C/C=C(\N)c1ccn2c(-c3cccc(NC(=O)NCC(F)(F)F)c3)cnc2c1)N1CCOCC1,1,IC50,7.94,1,CHEMBL3690380
O=C(NCC(F)(F)F)Nc1cccc(-c2cnc3cc(C#Cc4ccsc4)ccn23)c1,1,IC50,6.02,1,CHEMBL3690381
O=C(NCC(F)(F)F)Nc1cccc(-c2cnc3cc(-c4nnc(C(F)(F)F)s4)ccn23)c1,1,IC50,7.19,1,CHEMBL3690382
CC(O)C#Cc1ccn2c(-c3cccc(NC(=O)NCC(F)(F)F)c3)cnc2c1,1,IC50,6.7,1,CHEMBL3690383
O=C(NCC(F)(F)F)Nc1cccc(-c2cnc3cc(C#CCCO)ccn23)c1,1,IC50,6.46,1,CHEMBL3690384
O=C(NCC(F)(F)F)Nc1cncc(-c2cnc3cc(-c4cccnn4)ccn23)c1,1,IC50,6.96,1,CHEMBL3690385
Cc1ccc(-c2ccn3c(-c4cncc(NC(=O)NCC(F)(F)F)c4)cnc3c2)nn1,1,IC50,7.09,1,CHEMBL3690386
O=C(NCC(F)(F)F)Nc1cccc(-c2cnc3cc(-c4nnc(CCN5CCCCC5)s4)ccn23)c1,1,IC50,8.11,1,CHEMBL3690387
N=C(C/C=C(\N)c1ccn2c(-c3cccc(NC(=O)NCC(F)(F)F)c3)cnc2c1)N1CCNCC1,1,IC50,8.03,1,CHEMBL3690388
O=C(NCC(F)(F)F)Nc1cncc(-c2cnc3cc(-c4nncs4)ccn23)c1,1,IC50,7.05,1,CHEMBL3690389
O=C(NCC(F)(F)F)Nc1cccc(-c2cnc3cc(C#CCO)ccn23)c1,1,IC50,6.32,1,CHEMBL3690391
Cc1cc(=O)n2nc(-c3ccn4c(-c5cccc(NC(=O)NCC(F)(F)F)c5)cnc4c3)sc2n1,1,IC50,6.57,1,CHEMBL3690392
O=C(Nc1cccc(-c2cnc3cc(-c4ccc(F)cc4)ccn23)c1)NC1CC1,1,IC50,6.86,1,CHEMBL3690393
O=C(NCC(F)(F)F)Nc1cncc(-c2cnc3cc(C#CC4CC4)ccn23)c1,1,IC50,6.57,1,CHEMBL3690394
O=C(NCC(F)(F)F)Nc1cccc(-c2cnc3cc(-c4cnccn4)ccn23)c1,1,IC50,6.84,1,CHEMBL3690395
CC(C)N1CC(/N=C/C(C=N)c2ccn3c(-c4cccc(NC(=O)NCC(F)(F)F)c4)cnc3c2)C1,1,IC50,7.95,1,CHEMBL3690397
O=C(NCC(F)(F)F)Nc1cccc(-c2cnc3cc(-c4ccc(Cl)nn4)ccn23)c1,1,IC50,7.29,1,CHEMBL3639892
O=C(NCC(F)(F)F)Nc1cccc(-c2cnc3cc(-c4ccncn4)ccn23)c1,1,IC50,7.22,1,CHEMBL3690398
O=C(NCC(F)(F)F)Nc1cncc(-c2cnc3cc(-c4ncccn4)ccn23)c1,1,IC50,6.12,1,CHEMBL3690399
CN(C)C1CCN(c2ccc(-c3ccn4c(-c5cccc(NC(=O)NCC(F)(F)F)c5)cnc4c3)nn2)CC1,1,IC50,8.04,1,CHEMBL3690400
O=C(NCC(F)(F)F)Nc1cccc(-c2cnc3cc(-c4cnn(C5CNC5)c4)ccn23)c1,1,IC50,7.9,1,CHEMBL3690401
CN1CCCC(/N=C/C(C=N)c2ccn3c(-c4cccc(NC(=O)NCC(F)(F)F)c4)cnc3c2)C1,1,IC50,7.89,1,CHEMBL3690402
CC(C)(C)OC(=O)N1CCCC(n2cc(-c3ccn4c(-c5cccc(NC(=O)NCC(F)(F)F)c5)cnc4c3)cn2)C1,1,IC50,7.32,1,CHEMBL3690403
O=C(NCC(F)(F)F)Nc1cccc(-c2cnc3cc(-c4cnn(C5CCCNC5)c4)ccn23)c1,1,IC50,7.97,1,CHEMBL3690404
CN1CC(n2cc(-c3ccn4c(-c5cccc(NC(=O)NCC(F)(F)F)c5)cnc4c3)cn2)C1,1,IC50,7.8,1,CHEMBL3690405
O=C(NCC(F)(F)F)Nc1cccc(-c2cnc3cc(-c4cncnc4)ccn23)c1,1,IC50,6.23,1,CHEMBL3690406
NC(=O)c1sccc1-c1ccn2c(-c3cccc(NC(=O)NCC(F)(F)F)c3)cnc2c1,1,IC50,6.54,1,CHEMBL3690407
CCN1CCC(/N=C/C(C=N)c2ccn3c(-c4cccc(NC(=O)NCC(F)(F)F)c4)cnc3c2)C1,1,IC50,7.96,1,CHEMBL3690408
O=C(NCC(F)(F)F)Nc1cccc(-c2cnc3cc(-c4cnn(C5CCNC5)c4)ccn23)c1,1,IC50,7.99,1,CHEMBL3690409
O=C(NCC(F)(F)F)Nc1cccc(-c2cnc3cc(-c4cnn(C5CCOC5)c4)ccn23)c1,1,IC50,7.81,1,CHEMBL3690411
COc1cc(OC)nc(-c2ccn3c(-c4cccc(NC(=O)NCC(F)(F)F)c4)cnc3c2)n1,0,IC50 (>),4.52,1,CHEMBL3690412
O=C(NCC(F)(F)F)Nc1cccc(-c2cnc3cc(-c4ccc(N5CCCCC5)nc4)ccn23)c1,1,IC50,7.03,1,CHEMBL3690413
COc1ccc(-c2ccn3c(-c4cccc(NC(=O)NCC(F)(F)F)c4)cnc3c2)nn1,1,IC50,7.5,1,CHEMBL3690414
O=C(NCC(F)(F)F)Nc1cccc(-c2cnc3cc(-c4ccc(=O)[nH]n4)ccn23)c1,1,IC50,7.43,1,CHEMBL3690415
O=C(NCC(F)(F)F)Nc1cccc(-c2cnc3cc(-c4nc5c(s4)CNCC5)ccn23)c1,1,IC50,8.11,1,CHEMBL3690416
CC(C)(C)OC(=O)N1CCc2nc(-c3ccn4c(-c5cccc(NC(=O)NCC(F)(F)F)c5)cnc4c3)sc2C1,1,IC50,7.74,1,CHEMBL3690417
CC(C)(C)OC(=O)N1CCC(/N=C/C(C=N)c2ccn3c(-c4cncc(NC(=O)NCC(F)(F)F)c4)cnc3c2)CC1,1,IC50,7.75,1,CHEMBL3690418
Cn1cc(C#Cc2ccn3c(-c4cccc(NC(=O)NCC(F)(F)F)c4)cnc3c2)cn1,1,IC50,6.64,1,CHEMBL3690419
C/N=C/C(C(=N)CN)c1ccn2c(-c3cccc(NC(=O)NCC(F)(F)F)c3)cnc2c1,1,IC50,6.46,1,CHEMBL3690420
Cc1cnc(-c2ccn3c(-c4cccc(NC(=O)NCC(F)(F)F)c4)cnc3c2)nc1,1,IC50,6.38,1,CHEMBL3690421
Cc1ccnc(-c2ccn3c(-c4cccc(NC(=O)NCC(F)(F)F)c4)cnc3c2)n1,1,IC50,6.2,1,CHEMBL3690422
O=C(NCC(F)(F)F)Nc1cccc(-c2cnc3cc(-c4ncc(F)cn4)ccn23)c1,1,IC50,6.46,1,CHEMBL3690423
Cc1nccc(-c2ccn3c(-c4cccc(NC(=O)NCC(F)(F)F)c4)cnc3c2)n1,1,IC50,7.11,1,CHEMBL3690424
Cn1nc(-c2ccn3c(-c4cccc(NC(=O)NCC(F)(F)F)c4)cnc3c2)ccc1=O,1,IC50,7.47,1,CHEMBL3690425
CC(=O)N1CCC(n2cc(-c3ccn4c(-c5cccc(NC(=O)NCC(F)(F)F)c5)cnc4c3)cn2)CC1,1,IC50,8.1,1,CHEMBL3690426
Cc1ncc(C#Cc2ccn3c(-c4cccc(NC(=O)NCC(F)(F)F)c4)cnc3c2)n1C,1,IC50,6.9,1,CHEMBL3690427
CN1CCC(O)(C#Cc2ccn3c(-c4cccc(NC(=O)NCC(F)(F)F)c4)cnc3c2)CC1,1,IC50,6.96,1,CHEMBL3690428
O=C(NCC(F)(F)F)Nc1cccc(-c2cnc3cc(-c4ccc(NC5CCOCC5)nn4)ccn23)c1,1,IC50,7.89,1,CHEMBL3690429
O=C(NCC(F)(F)F)Nc1cccc(-c2cnc3cc(-c4ccc(NCCO)nn4)ccn23)c1,1,IC50,7.84,1,CHEMBL3690430
CCN(CC)CCNC(=O)C(C)(C)/N=C/C(C=N)c1ccn2c(-c3cccc(NC(=O)NCC(F)(F)F)c3)cnc2c1,1,IC50,7.41,1,CHEMBL3690431
CNC(=O)C(C)(C)/N=C/C(C=N)c1ccn2c(-c3cccc(NC(=O)NCC(F)(F)F)c3)cnc2c1,1,IC50,7.29,1,CHEMBL3690432
CN(C)C(=O)C(C)(C)/N=C/C(C=N)c1ccn2c(-c3cccc(NC(=O)NCC(F)(F)F)c3)cnc2c1,1,IC50,7.68,1,CHEMBL3690433
CC(C)(C(=O)NC1CC1)n1cc(-c2ccn3c(-c4cccc(NC(=O)NCC(F)(F)F)c4)cnc3c2)cn1,1,IC50,7.26,1,CHEMBL3690434
CC(C)(/N=C/C(C=N)c1ccn2c(-c3cccc(NC(=O)NCC(F)(F)F)c3)cnc2c1)C(N)=O,1,IC50,7.32,1,CHEMBL3690435
CC(C)(C(=O)N1CCC1)n1cc(-c2ccn3c(-c4cccc(NC(=O)NCC(F)(F)F)c4)cnc3c2)cn1,1,IC50,7.57,1,CHEMBL3690436
CS(=O)(=O)N1CCC(/N=C/C(C=N)c2ccn3c(-c4cccc(NC(=O)NCC(F)(F)F)c4)cnc3c2)CC1,1,IC50,7.89,1,CHEMBL3690437
NC1CCN(c2ccc(-c3ccn4c(-c5cccc(NC(=O)NCC(F)(F)F)c5)cnc4c3)nn2)CC1,1,IC50,8.05,1,CHEMBL3690438
CN1CCC(Nc2ccc(-c3ccn4c(-c5cccc(NC(=O)NCC(F)(F)F)c5)cnc4c3)nn2)CC1,1,IC50,7.89,1,CHEMBL3690439
O=C(NCC(F)(F)F)Nc1cccc(-c2cnc3cc(-c4cccnc4)ccn23)c1,1,IC50,7.23,1,CHEMBL3690441
CN1CCN(c2ncc(-c3ccn4c(-c5cccc(NC(=O)NCC(F)(F)F)c5)cnc4c3)cn2)CC1,1,IC50,7.13,1,CHEMBL3690442
COCCNc1ccc(-c2ccn3c(-c4cccc(NC(=O)NCC(F)(F)F)c4)cnc3c2)nn1,1,IC50,7.75,1,CHEMBL3690443
CC(C)(CO)Nc1ccc(-c2ccn3c(-c4cccc(NC(=O)NCC(F)(F)F)c4)cnc3c2)nn1,1,IC50,7.83,1,CHEMBL3690444
O=C(NCC(F)(F)F)Nc1cccc(-c2cnc3cc(-c4ccc(N5CCC5)nn4)ccn23)c1,1,IC50,7.9,1,CHEMBL3690445
O=C(NCC(F)(F)F)Nc1cccc(-c2cnc3cc(-c4ccncc4)ccn23)c1,1,IC50,7.49,1,CHEMBL3690446
Nc1cnc(-c2ccn3c(-c4cccc(NC(=O)NCC(F)(F)F)c4)cnc3c2)cn1,1,IC50,6.93,1,CHEMBL3690448
Cn1ccc(C#Cc2ccn3c(-c4cccc(NC(=O)NCC(F)(F)F)c4)cnc3c2)n1,1,IC50,6.82,1,CHEMBL3690449
O=C(NCC(F)(F)F)Nc1cccc(-c2cnc3cc(-c4cnc(N5CC(F)(F)C5)nc4)ccn23)c1,1,IC50,6.64,1,CHEMBL3690450
O=C(NCC(F)(F)F)Nc1cccc(-c2cnc3cc(-c4ccnnc4)ccn23)c1,1,IC50,6.89,1,CHEMBL3690451
COc1cnc(-c2ccn3c(-c4cccc(NC(=O)NCC(F)(F)F)c4)cnc3c2)cn1,1,IC50,6.72,1,CHEMBL3690452
COc1cncc(-c2ccn3c(-c4cccc(NC(=O)NCC(F)(F)F)c4)cnc3c2)n1,1,IC50,6.63,1,CHEMBL3690453
Cc1ccc(-c2ccn3c(-c4cccc(NC(=O)NCC(F)(F)F)c4)cnc3c2)nc1,1,IC50,7.57,1,CHEMBL3690454
O=C(NCC(F)(F)F)Nc1cccc(-c2cnc3cc(-c4ccc(CO)cn4)ccn23)c1,1,IC50,7.54,1,CHEMBL3690455
Cc1cnc(-c2ccn3c(-c4cccc(NC(=O)NCC(F)(F)F)c4)cnc3c2)cn1,1,IC50,6.62,1,CHEMBL3690456
O=C1CN(c2ncc(-c3ccn4c(-c5cccc(NC(=O)NCC(F)(F)F)c5)cnc4c3)cn2)CCN1,1,IC50,7.08,1,CHEMBL3690457
O=C1CN(c2ccc(-c3ccn4c(-c5cccc(NC(=O)NCC(F)(F)F)c5)cnc4c3)nn2)CCN1,1,IC50,7.92,1,CHEMBL3690458
O=C(NCC(F)(F)F)Nc1cccc(-c2cnc3cc(-c4ccc(F)cn4)ccn23)c1,1,IC50,7.3,1,CHEMBL3690459
Cc1ccnc(-c2ccn3c(-c4cccc(NC(=O)NCC(F)(F)F)c4)cnc3c2)c1,1,IC50,7.06,1,CHEMBL3690460
Cc1cccc(-c2ccn3c(-c4cccc(NC(=O)NCC(F)(F)F)c4)cnc3c2)n1,1,IC50,7.23,1,CHEMBL3690461
CCOc1cccc(-c2ccn3c(-c4cccc(NC(=O)NCC(F)(F)F)c4)cnc3c2)n1,1,IC50,6.75,1,CHEMBL3690462
Cc1cncc(-c2ccn3c(-c4cccc(NC(=O)NCC(F)(F)F)c4)cnc3c2)n1,1,IC50,6.48,1,CHEMBL3690463
COc1cccc(-c2ccn3c(-c4cccc(NC(=O)NCC(F)(F)F)c4)cnc3c2)n1,1,IC50,7.1,1,CHEMBL3690464
Nc1nc(-c2ccn3c(-c4cccc(NC(=O)NCC(F)(F)F)c4)cnc3c2)ncc1F,1,IC50,6.57,1,CHEMBL3690465
O=C(NCC(F)(F)F)Nc1cccc(-c2cnc3cc(-c4cc(F)ccn4)ccn23)c1,1,IC50,6.89,1,CHEMBL3690466
Cc1cccnc1-c1ccn2c(-c3cccc(NC(=O)NCC(F)(F)F)c3)cnc2c1,1,IC50,6.57,1,CHEMBL3690467
Cc1nnc(-c2ccn3c(-c4cccc(NC(=O)NCC(F)(F)F)c4)cnc3c2)nc1C,1,IC50,6.48,1,CHEMBL3690480
O=C(NCC(F)(F)F)Nc1cccc(-c2cnc3cc(-c4c[nH]c(=O)cn4)ccn23)c1,1,IC50,6.75,1,CHEMBL3690468
Nc1cccc(-c2ccn3c(-c4cccc(NC(=O)NCC(F)(F)F)c4)cnc3c2)n1,1,IC50,7.67,1,CHEMBL3690469
O=C(NCC(F)(F)F)Nc1cccc(-c2cnc3cc(-c4cccc(CCO)c4)ccn23)c1,1,IC50,7.49,1,CHEMBL3690470
Nc1ccnc(-c2ccn3c(-c4cccc(NC(=O)NCC(F)(F)F)c4)cnc3c2)c1,1,IC50,7.31,1,CHEMBL3690471
O=C(NCC(F)(F)F)Nc1cccc(-c2cnc3cc(-c4nccc(N5CCC(O)CC5)n4)ccn23)c1,1,IC50,6.4,1,CHEMBL3690472
Nc1ccnc(-c2ccn3c(-c4cccc(NC(=O)NCC(F)(F)F)c4)cnc3c2)n1,1,IC50,6.5,1,CHEMBL3690473
O=C(NCC(F)(F)F)Nc1cccc(-c2cnc3cc(-c4ccc(CCO)cc4)ccn23)c1,1,IC50,7.5,1,CHEMBL3690474
CN(C)c1ccc(-c2ccn3c(-c4cccc(NC(=O)NCC(F)(F)F)c4)cnc3c2)nn1,1,IC50,8.11,1,CHEMBL3690475
CN(C)c1ccnc(-c2ccn3c(-c4cccc(NC(=O)NCC(F)(F)F)c4)cnc3c2)n1,1,IC50,6.42,1,CHEMBL3690482
Cn1cncc1CCc1ccn2c(-c3cccc(NC(=O)NCC(F)(F)F)c3)cnc2c1,1,IC50,6.07,1,CHEMBL3690483
O=C(NCC(F)(F)F)Nc1cccc(-c2cnc3cc(-c4ccc(CCO)cn4)ccn23)c1,1,IC50,7.73,1,CHEMBL3690484
O=C(NCC(F)(F)F)Nc1cncc(-c2cnc3cc(-c4cnn(C5CNC5)c4)ccn23)c1,1,IC50,7.87,1,CHEMBL3690485
Nc1ccc(-c2ccn3c(-c4cccc(NC(=O)NCC(F)(F)F)c4)cnc3c2)nc1,1,IC50,7.72,1,CHEMBL3690486
Nc1cccnc1-c1ccn2c(-c3cccc(NC(=O)NCC(F)(F)F)c3)cnc2c1,1,IC50,6.0,1,CHEMBL3690487
Cc1cnnc(-c2ccn3c(-c4cccc(NC(=O)NCC(F)(F)F)c4)cnc3c2)n1,1,IC50,6.34,1,CHEMBL3690499
O=C(NCC(F)(F)F)Nc1cccc(-c2cnc3cc(-c4ccc(=O)n(CCO)n4)ccn23)c1,1,IC50,7.42,1,CHEMBL3690488
O=C(NCC(F)(F)F)Nc1cncc(-c2cnc3cc(-c4cnn(C5CCNCC5)c4)ccn23)c1,1,IC50,7.82,1,CHEMBL3690506
O=C(NCC(F)(F)F)Nc1cccc(-c2cnc3cc(-c4ccc(OC5CCNCC5)nn4)ccn23)c1,1,IC50,7.41,1,CHEMBL3690489
COc1ncccc1-c1ccn2c(-c3cccc(NC(=O)NCC(F)(F)F)c3)cnc2c1,1,IC50,6.24,1,CHEMBL3690505
Cc1cc(Cl)nnc1-c1ccn2c(-c3cccc(NC(=O)NCC(F)(F)F)c3)cnc2c1,1,IC50,6.33,1,CHEMBL3690494
Cc1cc(-c2ccn3c(-c4cccc(NC(=O)NCC(F)(F)F)c4)cnc3c2)nnc1Cl,1,IC50,6.72,1,CHEMBL3690493
COc1cnc(Cl)nc1-c1ccn2c(-c3cccc(NC(=O)NCC(F)(F)F)c3)cnc2c1,1,IC50,6.01,1,CHEMBL3639893
CC(=O)N1CCN(c2ccc(-c3ccn4c(-c5cccc(NC(=O)NCC(F)(F)F)c5)cnc4c3)cn2)CC1,1,IC50,7.87,1,CHEMBL3690501
CN(C)CCCOc1ccc(-c2ccn3c(-c4cccc(NC(=O)NCC(F)(F)F)c4)cnc3c2)cn1,1,IC50,7.45,1,CHEMBL3690500
O=C(NCC(F)(F)F)Nc1cccc(-c2cnc3cc(-c4ccc(OC5CCCNC5)nn4)ccn23)c1,1,IC50,7.61,1,CHEMBL3690490
CNc1ccc(-c2ccn3c(-c4cccc(NC(=O)NCC(F)(F)F)c4)cnc3c2)nn1,1,IC50,7.8,1,CHEMBL3690491
COc1cncnc1-c1ccn2c(-c3cccc(NC(=O)NCC(F)(F)F)c3)cnc2c1,1,IC50,6.34,1,CHEMBL3690497
O=C(NCC(F)(F)F)Nc1cccc(-c2cnc3cc(-c4ccc(N5CCCC(O)C5)nn4)ccn23)c1,1,IC50,8.01,1,CHEMBL3690492
Cc1cc(-c2ccn3c(-c4cccc(NC(=O)NCC(F)(F)F)c4)cnc3c2)cnc1N(C)C(=O)OC(C)(C)C,1,IC50,6.8,1,CHEMBL3690504
O=C(NCC(F)(F)F)Nc1cccc(-c2cnc3cc(-c4nccnn4)ccn23)c1,1,IC50,6.35,1,CHEMBL3690498
CNc1ncc(-c2ccn3c(-c4cccc(NC(=O)NCC(F)(F)F)c4)cnc3c2)cc1C,1,IC50,7.01,1,CHEMBL3690513
CCNC(=O)Nc1cccc(-c2cnc3cc(C#Cc4cncn4C)ccn23)c1,1,IC50,6.5,1,CHEMBL3694657
COc1ccnc(-c2ccn3c(-c4cccc(NC(=O)NCC(F)(F)F)c4)cnc3c2)n1,1,IC50,6.34,1,CHEMBL3694723
CCNC(=O)Nc1cccc(-c2cnc3cc(-c4ncc(F)c(N)n4)ccn23)c1,1,IC50,6.17,1,CHEMBL3690515
O=C(NCC(F)(F)F)Nc1cccc(-c2cnc3cc(-c4ncc(F)c(NCCO)n4)ccn23)c1,1,IC50,6.23,1,CHEMBL3690516
Cn1cncc1C#Cc1ccn2c(-c3cccc(NC(=O)NC4CC4)c3)cnc2c1,1,IC50,6.53,1,CHEMBL3694718
Nc1nc(-c2ccn3c(-c4cccc(NC(=O)NC5CC5)c4)cnc3c2)ncc1F,1,IC50,6.24,1,CHEMBL3690518
NC(=O)Nc1cccc(-c2cnc3cc(-c4ncc(F)c(N)n4)ccn23)c1,1,IC50,6.63,1,CHEMBL3690519
Cc1cnnc(-c2ccn3c(-c4cccc(NC(=O)NCC(F)(F)F)c4)cnc3c2)c1,1,IC50,6.94,1,CHEMBL3690495
Nc1nc(-c2ccn3c(-c4cncc(NC(=O)NCC(F)(F)F)c4)cnc3c2)ncc1F,1,IC50,6.48,1,CHEMBL3690520
Cc1nnc(-c2ccn3c(-c4cccc(NC(N)=O)c4)cnc3c2)o1,1,IC50,6.16,1,CHEMBL3694717
NC(=O)Nc1cccc(-c2cnc3cc(-c4ncccn4)ccn23)c1,1,IC50,6.15,1,CHEMBL3694724
NC(=O)Nc1cccc(-c2cnc3cc(-c4nncs4)ccn23)c1,1,IC50,7.13,1,CHEMBL3694661
COCCc1nnc(-c2ccn3c(-c4cccc(NC(=O)NCC(F)(F)F)c4)cnc3c2)s1,1,IC50,7.62,1,CHEMBL3694708
Cn1cncc1C#Cc1ccn2c(-c3cncc(NC(=O)NCC(F)(F)F)c3)cnc2c1,0,IC50 (>),4.52,1,CHEMBL3694658
Cn1cncc1C#Cc1ccn2c(-c3cc(NC(=O)NCC(F)(F)F)ccc3F)cnc2c1,1,IC50,6.7,1,CHEMBL3694716
CN(C)c1nc(-c2ccn3c(-c4cccc(NC(=O)NCC(F)(F)F)c4)cnc3c2)ncc1F,1,IC50,6.28,1,CHEMBL3690521
Cc1cc(C)nc(-c2ccn3c(-c4cccc(NC(=O)NCC(F)(F)F)c4)cnc3c2)c1,1,IC50,6.88,1,CHEMBL3690503
Cc1cc(N)nc(-c2ccn3c(-c4cccc(NC(=O)NCC(F)(F)F)c4)cnc3c2)n1,1,IC50,6.47,1,CHEMBL3690523
Cc1nc(-c2ccn3c(-c4cccc(NC(=O)NCC(F)(F)F)c4)cnc3c2)ccc1F,1,IC50,7.2,1,CHEMBL3690524
COc1cnc(-c2ccn3c(-c4cccc(NC(=O)NCC(F)(F)F)c4)cnc3c2)nc1N,1,IC50,6.45,1,CHEMBL3690525
Nc1cnc(-c2ccn3c(-c4cccc(NC(=O)NCC(F)(F)F)c4)cnc3c2)nc1,1,IC50,6.35,1,CHEMBL3690526
COc1cnc(-c2ccn3c(-c4cccc(NC(=O)NCC(F)(F)F)c4)cnc3c2)nc1,1,IC50,6.58,1,CHEMBL3690496
Cc1cnc(-c2ccn3c(-c4cccc(NC(=O)NCC(F)(F)F)c4)cnc3c2)nc1N,1,IC50,6.38,1,CHEMBL3690527
Cc1cnc(N)nc1-c1ccn2c(-c3cccc(NC(=O)NCC(F)(F)F)c3)cnc2c1,1,IC50,6.41,1,CHEMBL3690528
NC(=O)Nc1cccc(-c2cnc3cc(-c4ccc(F)cc4)ccn23)c1,1,IC50,7.37,1,CHEMBL3690507
Cn1cncc1C#Cc1ccn2c(-c3cccc(NC(N)=O)c3)cnc2c1,1,IC50,7.02,1,CHEMBL3694660
O=C(Nc1cccc(-c2cnc3cc(-c4nncs4)ccn23)c1)NC1CC1,1,IC50,6.76,1,CHEMBL3690510
Nc1nc(-c2ccn3c(-c4cccc(NC(=O)NCC(F)(F)F)c4)cnc3c2)ncc1C(F)(F)F,1,IC50,6.32,1,CHEMBL3690530
Nc1ncc(C(F)(F)F)c(-c2ccn3c(-c4cccc(NC(=O)NCC(F)(F)F)c4)cnc3c2)n1,0,IC50 (>),5.0,1,CHEMBL3690531
COc1nccc(-c2ccn3c(-c4cccc(NC(=O)NCC(F)(F)F)c4)cnc3c2)n1,1,IC50,6.46,1,CHEMBL3690533
NCCNc1nc(-c2ccn3c(-c4cccc(NC(=O)NCC(F)(F)F)c4)cnc3c2)ncc1F,1,IC50,6.19,1,CHEMBL3690534
COc1cc(-c2ccn3c(-c4cccc(NC(=O)NCC(F)(F)F)c4)cnc3c2)ncn1,1,IC50,6.82,1,CHEMBL3690535
O=C(NCC(F)(F)F)Nc1cccc(-c2cnc3cc(-c4cc(=O)[nH]cn4)ccn23)c1,1,IC50,6.62,1,CHEMBL3690536
O=C(NCC(F)(F)F)Nc1cccc(-c2cnc3cc(-c4nnc(CCO)s4)ccn23)c1,1,IC50,7.72,1,CHEMBL3694656
Cc1nnc(-c2ccn3c(-c4cccc(NC(=O)NC5CC5)c4)cnc3c2)o1,1,IC50,6.16,1,CHEMBL3690509
NC(=O)c1ccnc(-c2ccn3c(-c4cccc(NC(=O)NCC(F)(F)F)c4)cnc3c2)n1,1,IC50,6.77,1,CHEMBL3690537
O=C(NCC(F)(F)F)Nc1cccc(-c2cnc3cc(-c4nccc(N5CCNCC5)n4)ccn23)c1,1,IC50,6.58,1,CHEMBL3694662
Nc1nc(-c2ccn3c(-c4cc(NC(=O)NCC(F)(F)F)cc(OC5CCCC5)c4)cnc3c2)ncc1F,0,IC50 (>),4.0,1,CHEMBL3694673
O=C(NCC(F)(F)F)Nc1cccc(-c2cnc3cc(/C=C/c4ccccn4)ccn23)c1,1,IC50,7.02,2,CHEMBL3690538
COc1ncc(-c2ccn3c(-c4cccc(NC(=O)NCC(F)(F)F)c4)cnc3c2)cc1C,1,IC50,6.75,1,CHEMBL3690539
Cn1ccnc1/C=C/c1ccn2c(-c3cccc(NC(=O)NCC(F)(F)F)c3)cnc2c1,1,IC50,6.58,1,CHEMBL3690540
Cn1ccnc1C#Cc1ccn2c(-c3cccc(NC(=O)NCC(F)(F)F)c3)cnc2c1,1,IC50,6.92,2,CHEMBL3694674
CC(C)n1ccnc1C#Cc1ccn2c(-c3cccc(NC(=O)NCC(F)(F)F)c3)cnc2c1,1,IC50,6.39,1,CHEMBL3694659
O=C(NCC(F)(F)F)Nc1cccc(-c2cnc3cc(-c4nc(NC5CCC5)ncc4C(F)(F)F)ccn23)c1,0,IC50 (>),4.52,1,CHEMBL3690542
CC(C)(O)c1cccc(-c2ccn3c(-c4cccc(NC(=O)NCC(F)(F)F)c4)cnc3c2)c1,1,IC50,7.35,1,CHEMBL3694709
Cc1nc(-c2ccn3c(-c4cccc(NC(=O)NCC(F)(F)F)c4)cnc3c2)cc(N2CCN(CCO)CC2)n1,1,IC50,6.19,1,CHEMBL3690545
CNc1cc(-c2ccn3c(-c4cccc(NC(=O)NCC(F)(F)F)c4)cnc3c2)ncn1,1,IC50,7.43,1,CHEMBL3690546
Cc1ccc(NC(=O)NCC(F)(F)F)cc1-c1cnc2cc(-c3ncc(F)c(N)n3)ccn12,0,IC50 (>),5.0,1,CHEMBL3694675
Cn1cncc1/C=C/c1ccn2c(-c3cccc(NC(=O)NCC(F)(F)F)c3)cnc2c1,1,IC50,7.26,1,CHEMBL3690508
NC1CN(c2ccnc(-c3ccn4c(-c5cccc(NC(=O)NCC(F)(F)F)c5)cnc4c3)n2)C1,1,IC50,6.62,1,CHEMBL3690547
Cc1nc(-c2ccn3c(-c4cccc(NC(=O)NCC(F)(F)F)c4)cnc3c2)cc(N(C)C)n1,1,IC50,6.57,1,CHEMBL3690548
O=C(NCC(F)(F)F)Nc1cccc(-c2cnc3cc(-c4ccnc(C(F)(F)F)n4)ccn23)c1,1,IC50,6.77,1,CHEMBL3690549
Cc1cnc(-c2ccn3c(-c4cccc(NC(=O)NCC(F)(F)F)c4)cnc3c2)nc1N(C)C,1,IC50,6.24,1,CHEMBL3690550
O=C(NCC(F)(F)F)Nc1cccc(-c2cnc3cc(-c4nccc(N5CCC5)n4)ccn23)c1,1,IC50,6.09,1,CHEMBL3690551
Cn1c(CO)cnc1C#Cc1ccn2c(-c3cccc(NC(=O)NCC(F)(F)F)c3)cnc2c1,1,IC50,6.89,1,CHEMBL3694714
O=C(NCC(F)(F)F)Nc1cccc(-c2cnc3cc(C#Cc4nccn4CCO)ccn23)c1,1,IC50,6.82,1,CHEMBL3694655
CC(C)(C)OC(=O)NCC1CCN(c2ccc(-c3ccn4c(-c5cccc(NC(=O)NCC(F)(F)F)c5)cnc4c3)cn2)CC1,1,IC50,6.77,1,CHEMBL3694707
O=C(NCC(F)(F)F)Nc1cccc(-c2cnc3cc(-c4ccc(O)cn4)ccn23)c1,1,IC50,7.6,1,CHEMBL3690552
O=C(NCC(F)(F)F)Nc1cccc(-c2cnc3cc(-c4nccc(N5CC(O)C5)n4)ccn23)c1,1,IC50,6.28,1,CHEMBL3690553
N#Cc1ccnc(-c2ccn3c(-c4cccc(NC(=O)NCC(F)(F)F)c4)cnc3c2)n1,1,IC50,6.08,1,CHEMBL3694649
COc1ccc(-c2ccn3c(-c4cccc(NC(=O)NCC(F)(F)F)c4)cnc3c2)nc1,1,IC50,7.57,1,CHEMBL3690554
CSc1nc(N)cc(-c2ccn3c(-c4cccc(NC(=O)NCC(F)(F)F)c4)cnc3c2)n1,1,IC50,7.23,1,CHEMBL3690555
O=C(NCC(F)(F)F)Nc1cccc(-c2cnc3cc(/C=C/CO)ccn23)c1,1,IC50,6.77,1,CHEMBL3690556
CNc1nc(-c2ccn3c(-c4cccc(NC(=O)NCC(F)(F)F)c4)cnc3c2)ncc1N,1,IC50,6.09,1,CHEMBL3694703
Nc1cnc(-c2ccn3c(-c4cccc(NC(=O)NCC(F)(F)F)c4)cnc3c2)nc1N,1,IC50,6.47,1,CHEMBL3694702
N#Cc1ccc(-c2ccn3c(-c4cccc(NC(=O)NCC(F)(F)F)c4)cnc3c2)nn1,1,IC50,7.3,1,CHEMBL3694650
NC(=O)c1ccc(-c2ccn3c(-c4cccc(NC(=O)NCC(F)(F)F)c4)cnc3c2)nc1,1,IC50,7.5,1,CHEMBL3690557
Cc1nc(N)cc(-c2ccn3c(-c4cccc(NC(=O)NCC(F)(F)F)c4)cnc3c2)n1,1,IC50,7.38,1,CHEMBL3690558
NC(=O)c1ccnc(-c2ccn3c(-c4cccc(NC(=O)NCC(F)(F)F)c4)cnc3c2)c1,1,IC50,6.52,1,CHEMBL3690559
O=C(NCC(F)(F)F)Nc1cccc(-c2cnc3cc(-c4nccc(-n5ccnc5)n4)ccn23)c1,1,IC50,7.92,1,CHEMBL3690562
CN(C)c1cc(-c2ccn3c(-c4cccc(NC(=O)NCC(F)(F)F)c4)cnc3c2)nc(C(F)(F)F)n1,1,IC50,6.55,1,CHEMBL3690563
O=C(NCC(F)(F)F)Nc1cccc(-c2cnc3cc(-c4ccnc(-n5ccnc5)n4)ccn23)c1,0,IC50 (>),5.0,1,CHEMBL3690564
CCOC(=O)Nc1nc(-c2ccn3c(-c4cccc(NC(=O)NCC(F)(F)F)c4)cnc3c2)ncc1F,1,IC50,6.19,1,CHEMBL3694705
CN(C)S(=O)(=O)n1ccnc1-c1ccnc(-c2ccn3c(-c4cccc(NC(=O)NCC(F)(F)F)c4)cnc3c2)n1,1,IC50,7.55,1,CHEMBL3690565
O=C(NCC(F)(F)F)Nc1cccc(-c2cnc3cc(-c4cnn(C5CN(CCO)C5)c4)ccn23)c1,1,IC50,6.0,1,CHEMBL3690566
CNc1cc(-c2ccn3c(-c4cccc(NC(=O)NCC(F)(F)F)c4)cnc3c2)nc(SC)n1,1,IC50,7.66,1,CHEMBL3690567
Cc1nc2cc(-c3ccn4c(-c5cccc(NC(=O)NCC(F)(F)F)c5)cnc4c3)ccc2s1,1,IC50,6.96,1,CHEMBL3690568
NCC1CCN(c2ccc(-c3ccn4c(-c5cccc(NC(=O)NCC(F)(F)F)c5)cnc4c3)cn2)CC1,1,IC50,8.0,1,CHEMBL3694664
CNC(=O)c1ccnc(-c2ccn3c(-c4cccc(NC(=O)NCC(F)(F)F)c4)cnc3c2)n1,1,IC50,6.82,1,CHEMBL3690569
O=C(NCC(F)(F)F)Nc1cccc(-c2cnc3cc(-c4nccc(N5CCN(CCO)CC5)n4)ccn23)c1,1,IC50,6.17,1,CHEMBL3694663
Nc1nnc(-c2ccn3c(-c4cccc(NC(=O)NCC(F)(F)F)c4)cnc3c2)s1,1,IC50,7.85,1,CHEMBL3639935
O=C(NCC(F)(F)F)Nc1cccc(-c2cnc3cc(-c4nccc(C(=O)N5CCOCC5)n4)ccn23)c1,1,IC50,6.51,1,CHEMBL3690570
CNC(=O)c1cc(C)nc(-c2ccn3c(-c4cccc(NC(=O)NCC(F)(F)F)c4)cnc3c2)n1,1,IC50,6.25,1,CHEMBL3690571
CNC(=O)c1ccc(-c2ccn3c(-c4cccc(NC(=O)NCC(F)(F)F)c4)cnc3c2)nc1,1,IC50,7.82,1,CHEMBL3690573
Cc1cn2nc(-c3ccn4c(-c5cccc(NC(=O)NCC(F)(F)F)c5)cnc4c3)sc2n1,1,IC50,7.85,1,CHEMBL3690574
Cc1cc(-c2ccn3c(-c4cccc(NC(=O)NCC(F)(F)F)c4)cnc3c2)nc(C(C)C)n1,1,IC50,7.08,1,CHEMBL3690575
Nc1nc(-c2ccn3c(-c4cccc(NC(=O)NCC(F)(F)F)c4)cnc3c2)ncc1OCCO,1,IC50,6.48,1,CHEMBL3694706
CCNc1nnc(-c2ccn3c(-c4cccc(NC(=O)NCC(F)(F)F)c4)cnc3c2)s1,1,IC50,8.07,1,CHEMBL3694678
CC(C)(O)c1ccc(-c2ccn3c(-c4cccc(NC(=O)NCC(F)(F)F)c4)cnc3c2)cc1,1,IC50,7.77,1,CHEMBL3694710
CCOC(=O)c1cnc(-c2ccn3c(-c4cccc(NC(=O)NCC(F)(F)F)c4)cnc3c2)nc1N,1,IC50,6.21,1,CHEMBL3694679
O=C(NCC(F)(F)F)Nc1cccc(-c2cnc3cc(-c4cc(C(F)(F)F)ncn4)ccn23)c1,1,IC50,6.62,1,CHEMBL3690576
CCNC(=O)Nc1cccc(-c2cnc3cc(-c4ccc(F)c(C)n4)ccn23)c1,1,IC50,6.96,1,CHEMBL3690577
CCNC(=O)Nc1cccc(-c2cnc3cc(-c4ncc(OC)cn4)ccn23)c1,1,IC50,6.85,1,CHEMBL3690578
COCCNc1nnc(-c2ccn3c(-c4cccc(NC(=O)NCC(F)(F)F)c4)cnc3c2)s1,1,IC50,8.03,1,CHEMBL3694680
Nc1cc(C(F)(F)F)nc(-c2ccn3c(-c4cccc(NC(=O)NCC(F)(F)F)c4)cnc3c2)n1,1,IC50,6.03,1,CHEMBL3694711
Nc1nc(-c2ccn3c(-c4cccc(NC(=O)NCC(F)(F)F)c4)cnc3c2)ncc1C(=O)O,1,IC50,6.47,1,CHEMBL3694669
Nc1nc(-c2ccn3c(-c4cccc(NC(=O)NCC(F)(F)F)c4)cnc3c2)ccc1C(F)(F)F,1,IC50,6.1,1,CHEMBL3690579
O=C(NCC(F)(F)F)Nc1cccc(-c2cnc3cc(-c4cnc(C(F)(F)F)nc4)ccn23)c1,1,IC50,7.2,1,CHEMBL3690580
CN(C)S(=O)(=O)NCC1CCN(c2ccc(-c3ccn4c(-c5cccc(NC(=O)NCC(F)(F)F)c5)cnc4c3)cn2)CC1,1,IC50,7.46,1,CHEMBL3694665
NC1CCN(c2ccc(-c3ccn4c(-c5cccc(NC(=O)NCC(F)(F)F)c5)cnc4c3)cn2)CC1,1,IC50,8.3,1,CHEMBL3694719
Nc1nc(-c2ccn3c(-c4cccc(NC(=O)NCC(F)(F)F)c4)cnc3c2)ncc1CO,1,IC50,6.4,1,CHEMBL3694720
Nc1cc(-c2ccn3c(-c4cccc(NC(=O)NCC(F)(F)F)c4)cnc3c2)ncc1C(F)(F)F,1,IC50,7.03,1,CHEMBL3690582
CCNC(=O)Nc1cccc(-c2cnc3cc(-c4ncc(C(F)(F)F)c(N)n4)ccn23)c1,1,IC50,6.85,1,CHEMBL3690583
Cc1cc(-c2ccn3c(-c4cccc(NC(=O)NCC(F)(F)F)c4)cnc3c2)nc(C(F)(F)F)n1,1,IC50,6.8,1,CHEMBL3690585
O=C(NCC(F)(F)F)Nc1cccc(-c2cnc3cc(-c4nnc(NC5CC5)s4)ccn23)c1,1,IC50,7.85,1,CHEMBL3694646
COC(=O)c1cnc(-c2ccn3c(-c4cccc(NC(=O)NCC(F)(F)F)c4)cnc3c2)nc1,1,IC50,6.58,1,CHEMBL3694682
CCOc1cnc(-c2ccn3c(-c4cccc(NC(=O)NCC(F)(F)F)c4)cnc3c2)nc1,1,IC50,6.47,1,CHEMBL3690588
O=C(NCC(F)(F)F)Nc1cccc(-c2cnc3cc(-c4nnc(CCN5CCCC5)s4)ccn23)c1,1,IC50,6.66,1,CHEMBL3690589
CC(C)c1cnc(N)nc1-c1ccn2c(-c3cccc(NC(=O)NCC(F)(F)F)c3)cnc2c1,1,IC50,7.85,1,CHEMBL3690590
O=C(NCC(F)(F)F)Nc1cccc(-c2cnc3cc(-c4ncc(C(F)(F)F)cn4)ccn23)c1,1,IC50,6.17,1,CHEMBL3690592
CC(C)c1cc(N)nc(-c2ccn3c(-c4cccc(NC(=O)NCC(F)(F)F)c4)cnc3c2)n1,1,IC50,6.23,1,CHEMBL3694712
CN(C)Cc1cnc(-c2ccn3c(-c4cccc(NC(=O)NCC(F)(F)F)c4)cnc3c2)nc1N,1,IC50,6.85,1,CHEMBL3694654
O=C(NCC(F)(F)F)Nc1cccc(-c2cnc3cc(-c4ncc(C(=O)O)cn4)ccn23)c1,1,IC50,6.44,1,CHEMBL3694721
Cc1cn2nc(-c3ccn4c(-c5cc(NC(=O)NCC(F)(F)F)cc(OC(C)C)c5)cnc4c3)sc2n1,1,IC50,7.92,1,CHEMBL3694645
O=C(NCC(F)(F)F)Nc1cccc(-c2cnc3cc(-c4ncc(CO)cn4)ccn23)c1,1,IC50,6.62,1,CHEMBL3694668
CC(O)c1cnc(-c2ccn3c(-c4cccc(NC(=O)NCC(F)(F)F)c4)cnc3c2)nc1,1,IC50,6.89,1,CHEMBL3694670
COCc1cc(-c2ccn3c(-c4cccc(NC(=O)NCC(F)(F)F)c4)cnc3c2)nc(N)n1,1,IC50,7.21,1,CHEMBL3694722
CC(C)(O)c1cnc(-c2ccn3c(-c4cccc(NC(=O)NCC(F)(F)F)c4)cnc3c2)nc1,1,IC50,7.0,1,CHEMBL3694651
CC(=O)c1cnc(-c2ccn3c(-c4cccc(NC(=O)NCC(F)(F)F)c4)cnc3c2)nc1,1,IC50,6.82,1,CHEMBL3694684
CC(F)(F)c1cnc(-c2ccn3c(-c4cccc(NC(=O)NCC(F)(F)F)c4)cnc3c2)nc1,1,IC50,6.75,1,CHEMBL3694685
Nc1nc(-c2ccn3c(-c4cccc(NC(=O)NCC(F)(F)F)c4)cnc3c2)ncc1CN1CCC1,1,IC50,6.85,1,CHEMBL3694653
O=C(NCC(F)(F)F)Nc1cc(CO)cc(-c2cnc3cc(-c4ccnc(C(F)(F)F)n4)ccn23)c1,1,IC50,6.36,1,CHEMBL3694687
COc1cc(NC(=O)NCC(F)(F)F)cc(-c2cnc3cc(-c4ccnc(C(F)(F)F)n4)ccn23)c1,1,IC50,6.02,1,CHEMBL3694690
O=C(NCC(F)(F)F)Nc1cc(Cl)cc(-c2cnc3cc(-c4ccnc(C(F)(F)F)n4)ccn23)c1,1,IC50,6.57,1,CHEMBL3694689
N#Cc1cc(NC(=O)NCC(F)(F)F)cc(-c2cnc3cc(-c4ccnc(C(F)(F)F)n4)ccn23)c1,1,IC50,7.04,1,CHEMBL3694691
COCc1cc(N)nc(-c2ccn3c(-c4cccc(NC(=O)NCC(F)(F)F)c4)cnc3c2)n1,1,IC50,6.47,1,CHEMBL3694713
Nc1nc(-c2ccn3c(-c4cc(Cl)cc(NC(=O)NCC(F)(F)F)c4)cnc3c2)ncc1F,1,IC50,6.55,1,CHEMBL3694692
O=C(NCC(F)(F)F)Nc1cc(F)cc(-c2cnc3cc(-c4ccnc(C(F)(F)F)n4)ccn23)c1,1,IC50,6.85,1,CHEMBL3694647
O=C(NCC(F)(F)F)Nc1cc(F)cc(-c2cnc3cc(-c4ncccn4)ccn23)c1,1,IC50,6.82,1,CHEMBL3694694
O=C(NCC(F)(F)F)Nc1cc(O)cc(-c2cnc3cc(-c4ccnc(C(F)(F)F)n4)ccn23)c1,1,IC50,6.22,1,CHEMBL3694695
O=C(NCC(F)(F)F)Nc1cc(Br)cc(-c2cnc3cc(-c4ccnc(C(F)(F)F)n4)ccn23)c1,1,IC50,6.3,1,CHEMBL3694686
Nc1nc(-c2ccn3c(-c4cc(F)cc(NC(=O)NCC(F)(F)F)c4)cnc3c2)ncc1F,1,IC50,6.77,1,CHEMBL3694696
CC(=O)c1cnc(-c2ccn3c(-c4cccc(NC(=O)NCC(F)(F)F)c4)cnc3c2)nc1N,1,IC50,6.92,1,CHEMBL3694698
O=C(NCC(F)(F)F)Nc1cc(Cl)cc(-c2cnc3cc(-c4ncccn4)ccn23)c1,1,IC50,6.68,1,CHEMBL3694699
C[C@@H](Oc1nc(Nc2ccc(S(=O)(=O)C3CC3)cc2)ncc1C(F)(F)F)C(C)(C)O,1,IC50,6.75,1,CHEMBL3644019
C[C@@H](O)[C@@H](C)Oc1nc(Nc2ccc(S(=O)(=O)c3ccccc3)cc2)ncc1C(F)(F)F,1,IC50,6.46,1,CHEMBL3644020
C[C@@H](O)[C@@H](C)Oc1nc(Nc2ccc(S(=O)(=O)C(F)F)cc2)ncc1C(F)(F)F,1,IC50,6.37,1,CHEMBL3644021
C[C@@H](O)[C@@H](C)Oc1nc(Nc2ccc(S(=O)(=O)C3CCCC3)cc2)ncc1C(F)(F)F,1,IC50,6.64,1,CHEMBL3644022
C=CCS(=O)(=O)c1ccc(Nc2ncc(C(F)(F)F)c(O[C@H](C)C(C)(C)O)n2)cc1,1,IC50,6.34,1,CHEMBL3644023
CC(C)S(=O)(=O)c1ccc(Nc2ncc(C(F)(F)F)c(O[C@H](C)[C@@H](C)O)n2)cc1,1,IC50,6.77,1,CHEMBL3644024
C#CCS(=O)(=O)c1ccc(Nc2ncc(C(F)(F)F)c(O[C@H](C)C(C)(C)O)n2)cc1,1,IC50,6.7,1,CHEMBL3644025
C[C@@H](O)[C@@H](C)Oc1nc(Nc2ccc(S(=O)(=O)CCO)cc2)ncc1C(F)(F)F,1,IC50,6.77,1,CHEMBL3644026
COC[C@@H](C)Oc1nc(Nc2ccc(S(C)(=O)=O)cc2)ncc1C(F)(F)F,1,IC50,6.4,1,CHEMBL3644027
C#CCOc1nc(Nc2ccc(S(C)(=O)=O)cc2)ncc1C(F)(F)F,1,IC50,6.21,1,CHEMBL3644028
C=CCOc1nc(Nc2ccc(S(C)(=O)=O)cc2)ncc1C(F)(F)F,1,IC50,6.07,1,CHEMBL3644030
CS(=O)(=O)c1ccc(Nc2ncc(C(F)(F)F)c(OC3CCCCC3)n2)cc1,1,IC50,6.05,1,CHEMBL3644031
C=CC(=O)Nc1cc2c(Nc3ccc(Br)cc3F)ncnc2cc1OCC1CCN(C(C)=O)CC1,1,IC50,6.88,1,CHEMBL3671475
C=CC(=O)Nc1cc2c(Nc3ccc(Br)cc3F)ncnc2cc1OCC1CCN(C(=O)C(F)(F)F)CC1,1,IC50,6.6,1,CHEMBL3671476
C=CC(=O)Nc1cc2c(Nc3ccc(Br)cc3F)ncnc2cc1OCC1CCN(C(=O)CS(C)(=O)=O)CC1,1,IC50,6.97,1,CHEMBL3671477
C=CC(=O)Nc1cc2c(Nc3ccc(Br)cc3F)ncnc2cc1OCC1CCN(C(N)=O)CC1,1,IC50,6.87,1,CHEMBL3671478
C=CC(=O)Nc1cc2c(Nc3ccc(Br)cc3F)ncnc2cc1OCC1CCN(C(=O)C=C)CC1,1,IC50,6.69,1,CHEMBL3671479
C=CC(=O)Nc1cc2c(Nc3ccc(Br)cc3F)ncnc2cc1OCc1ccncc1,1,IC50,6.3,1,CHEMBL3671480
C=CC(=O)Nc1cc2c(Nc3ccc(F)c(F)c3F)ncnc2cc1OCC1CCN(C(C)=O)CC1,1,IC50,6.6,1,CHEMBL3671481
C=CC(=O)Nc1cc2c(Nc3c(F)cc(Br)cc3F)ncnc2cc1OCC1CCN(C(C)=O)CC1,1,IC50,6.83,1,CHEMBL3671482
C=CC(=O)Nc1cc2c(Nc3ccc(Br)cc3F)ncnc2cc1OCC1CCN(C(=O)NCCC)CC1,1,IC50,7.35,1,CHEMBL3671483
C=CC(=O)Nc1cc2c(Nc3ccc(Br)cc3F)ncnc2cc1OCC1CCN(C(=O)CN(C)C)CC1,1,IC50,7.26,1,CHEMBL3671484
C=CC(=O)Nc1cc2c(Nc3ccc(Br)cc3F)ncnc2cc1OCC1CCN(C(=O)NC(C)(C)C)CC1,1,IC50,7.3,1,CHEMBL3671485
C=CC(=O)Nc1cc2c(Nc3ccc(Br)cc3F)ncnc2cc1OCCCNC(=O)CN(C)C,1,IC50,6.46,1,CHEMBL3671486
C=CC(=O)Nc1cc2c(Nc3ccc(Br)cc3F)ncnc2cc1OCCCNC(C)=O,1,IC50,6.8,1,CHEMBL3671487
C=CC(=O)Nc1cc2c(Nc3ccc(Br)cc3F)ncnc2cc1OCCCNC(=O)C(F)(F)F,1,IC50,6.23,1,CHEMBL3671488
C=CC(=O)Nc1cc2c(Nc3ccc(Br)cc3F)ncnc2cc1OCCCNC(=O)CS(C)(=O)=O,1,IC50,6.48,1,CHEMBL3639703
C=CC(=O)Nc1cc2c(Nc3ccc(Br)cc3F)ncnc2cc1OCCCNC(=O)NCC,1,IC50,6.68,1,CHEMBL3671489
C=CC(=O)Nc1cc2c(Nc3ccc(Br)cc3F)ncnc2cc1OCCCNC,1,IC50,6.81,1,CHEMBL3671490
C=CC(=O)Nc1cc2c(Nc3ccc(Br)cc3F)ncnc2cc1OCCNC(C)=O,1,IC50,7.02,1,CHEMBL3671491
C=CC(=O)Nc1cc2c(Nc3ccc(Br)cc3F)ncnc2cc1OCCN(C)C,1,IC50,6.35,1,CHEMBL3671492
C=CC(=O)Nc1cc2c(Nc3ccc(Br)cc3F)ncnc2cc1OCCCCNC(C)=O,1,IC50,6.26,1,CHEMBL3671493
C=CC(=O)Nc1cc2c(Nc3ccc(Br)cc3F)ncnc2cc1OCCNC(=O)C1CC1,1,IC50,6.29,1,CHEMBL3671494
C=CC(=O)Nc1cc2c(Nc3ccc(Br)cc3F)ncnc2cc1OCCNC(=O)C(F)F,1,IC50,6.28,1,CHEMBL3671495
C=CC(=O)Nc1cc2c(Nc3ccc(Br)cc3F)ncnc2cc1OCCNC(=O)NCC,1,IC50,6.6,1,CHEMBL3671496
C=CC(=O)Nc1cc2c(Nc3ccc(Br)cc3F)ncnc2cc1OCCNC(N)=O,1,IC50,6.6,1,CHEMBL3671497
C=CC(=O)Nc1cc2c(Nc3ccc(Br)cc3F)ncnc2cc1OCCNC(=O)CN(C)C,1,IC50,6.23,1,CHEMBL3671498
C=CC(=O)NCCOc1cc2ncnc(Nc3ccc(Br)cc3F)c2cc1NC(=O)C=C,1,IC50,6.6,1,CHEMBL3671499
C=CC(=O)Nc1cc2c(Nc3ccc(Br)cc3F)ncnc2cc1OCCNCC(C)=O,1,IC50,6.6,1,CHEMBL3671500
C=CC(=O)Nc1cc2c(Nc3ccc(Br)cc3F)ncnc2cc1OCCNC(=O)C(F)(F)F,1,IC50,6.3,1,CHEMBL3671501
C=CC(=O)Nc1cc2c(Nc3ccc(Br)cc3F)ncnc2cc1OCCN,1,IC50,6.26,1,CHEMBL3671502
C=CC(=O)Nc1cc2c(Nc3ccc(Br)cc3F)ncnc2cc1OCCNC,1,IC50,6.29,1,CHEMBL3671503
C=CCCOc1cc2ncnc(Nc3ccc(Br)cc3F)c2cc1NC(=O)C=C,1,IC50,6.28,1,CHEMBL3671504
C=CC(=O)Nc1cc2c(Nc3ccc(Br)cc3F)ncnc2cc1OCCOC,1,IC50,6.59,1,CHEMBL3671505
C=CC(=O)Nc1cc2c(Nc3ccc(Br)cc3F)ncnc2cc1OCCNS(C)(=O)=O,1,IC50,6.43,1,CHEMBL3671506
C=CC(=O)Nc1cc2c(Nc3ccc(Br)cc3F)ncnc2cc1OCCNC(=O)NCCC,1,IC50,6.34,1,CHEMBL3671507
C=CC(=O)Nc1cc2c(Nc3ccc(Br)cc3F)ncnc2cc1OCCNC(=S)NC,1,IC50,6.34,1,CHEMBL3671508
C=CC(=O)Nc1cc2c(Nc3ccc(Br)cc3F)ncnc2cc1OCCNC(=S)NCC,1,IC50,6.45,1,CHEMBL3671509
C=CC(=O)Nc1cc2c(Nc3ccc(Br)cc3F)ncnc2cc1OCCNC(=O)NC(C)C,1,IC50,6.05,1,CHEMBL3671510
C=CC(=O)Nc1cc2c(Nc3ccc(Br)cc3F)ncnc2cc1OCCNC(=O)NC(C)CC,1,IC50,6.49,1,CHEMBL3671511
C=CNC(=O)NCCOc1cc2ncnc(Nc3ccc(Br)cc3F)c2cc1NC(=O)C=C,1,IC50,6.58,1,CHEMBL3671512
C=CCNC(=O)NCCOc1cc2ncnc(Nc3ccc(Br)cc3F)c2cc1NC(=O)C=C,1,IC50,6.81,1,CHEMBL3671513
C=CC(=O)Nc1cc2c(Nc3ccc(Br)c(Cl)c3F)ncnc2cc1OCCNC(=O)N1CCOCC1,1,IC50,6.87,1,CHEMBL3671514
C=CC(=O)Nc1cc2c(Nc3ccc(Br)cc3F)ncnc2cc1OCCN(C)C(C)=O,1,IC50,6.16,1,CHEMBL3671515
C=CC(=O)Nc1cc2c(Nc3ccc(Br)cc3F)ncnc2cc1SCCNC(C)=O,1,IC50,6.11,1,CHEMBL3671516
C=CC(=O)Nc1cc2c(Nc3ccc(Br)cc3F)ncnc2cc1OCCNC(=O)COC,1,IC50,6.79,1,CHEMBL3671517
C=CC(=O)Nc1cc2c(Nc3ccc(Br)cc3F)ncnc2cc1OCCNC(=O)CO,1,IC50,6.49,1,CHEMBL3671518
C=CC(=O)Nc1cc2c(Nc3ccc(Br)cc3F)ncnc2cc1OCCNC(=O)CSC,1,IC50,6.2,1,CHEMBL3671519
C=CC(=O)Nc1cc2c(Nc3ccc(Br)cc3F)ncnc2cc1OCCNC(=O)CS(C)(=O)=O,1,IC50,6.68,1,CHEMBL3671520
C=CC(=O)Nc1cc2c(Nc3ccc(Br)cc3F)ncnc2cc1OCCNC(=O)C(C)C,1,IC50,6.16,1,CHEMBL3671521
C=CC(=O)Nc1cc2c(Nc3ccc(Br)cc3F)ncnc2cc1OCCNC(=O)C(=C)C,1,IC50,6.07,1,CHEMBL3671522
C=CC(=O)Nc1cc2c(Nc3ccc(Br)cc3F)ncnc2cc1OCCNC(=O)C=CC,1,IC50,7.18,1,CHEMBL5753909
C=CC(=O)Nc1cc2c(Nc3ccc(Br)cc3F)ncnc2cc1OCCNC(=O)CCC,1,IC50,6.02,1,CHEMBL3671524
C=CC(=O)Nc1cc2c(Nc3ccc(Br)cc3F)ncnc2cc1OCCNC(=O)C=CCC,1,IC50,6.45,1,CHEMBL5985870
C=CC(=O)Nc1cc2c(Nc3ccc(Br)cc3F)ncnc2cc1OCCNC(=O)C=CCN(C)C,1,IC50,6.06,1,CHEMBL6028594
C=CC(=O)Nc1cc2c(Nc3ccc(Br)c(Cl)c3F)ncnc2cc1OCCNC(=O)NC(C)(C)C,1,IC50,6.37,1,CHEMBL3671527
C=CC(=O)Nc1cc2c(Nc3ccc(Br)cc3F)ncnc2cc1OCCNC(=O)CC,1,IC50,6.33,1,CHEMBL3676390
C=CC(=O)Nc1cc2c(Nc3ccc(Br)cc3F)ncnc2cc1OCCNC(=O)CN(C)CC,1,IC50,6.18,1,CHEMBL3671528
C=CC(=O)Nc1cc2c(Nc3ccc(Br)cc3F)ncnc2cc1OCCNC(=O)CN,1,IC50,6.63,1,CHEMBL3671529
C=CC(=O)Nc1cc2c(Nc3ccc(Br)cc3F)ncnc2cc1OCCNC(=O)C(C)N(C)C,1,IC50,6.02,1,CHEMBL3671530
C=CC(=O)Nc1cc2c(Nc3ccc(Br)cc3F)ncnc2cc1OCCNC(=O)CCN(CC)CC,1,IC50,6.7,1,CHEMBL3671531
C=CC(=O)Nc1cc2c(Nc3ccc(Br)cc3F)ncnc2cc1OCCNC(=O)CNC,1,IC50,6.16,1,CHEMBL3671532
C=CC(=O)Nc1cc2c(Nc3ccc(Br)cc3F)ncnc2cc1OCCNC(=O)CCN(C)C,1,IC50,6.45,1,CHEMBL3671533
C=CC(=O)Nc1cc2c(Nc3ccc(Br)cc3F)ncnc2cc1OCCNC(=O)CCN,1,IC50,6.13,1,CHEMBL3671534
C=CC(=O)Nc1cc2c(Nc3ccc(Br)cc3F)ncnc2cc1OCCNC(=O)OC,1,IC50,7.08,1,CHEMBL3671535
C=CC(=O)Nc1cc2c(Nc3ccc(Br)cc3F)ncnc2cc1OCCNC(=O)CCOC,1,IC50,6.64,1,CHEMBL3671536
C=CC(=O)Nc1cc2c(Nc3ccc(Br)cc3F)ncnc2cc1OCC(=O)NCCN(CC)CC,1,IC50,6.02,1,CHEMBL3671537
C=CC(=O)Nc1cc2c(Nc3ccc(Br)cc3F)ncnc2cc1OCCNC(=O)CCCN(C)C,1,IC50,6.9,1,CHEMBL3671538
C=CC(=O)Nc1cc2c(Nc3ccc(Br)cc3F)ncnc2cc1OCCNC(=O)CCO,1,IC50,6.67,1,CHEMBL3671539
C=CC(=O)Nc1cc2c(Nc3ccc(F)cc3F)ncnc2cc1OCCNC(=O)CN(C)C,1,IC50,6.16,1,CHEMBL3671540
C=CC(=O)Nc1cc2c(Nc3ccc(Br)cc3F)ncnc2cc1OCCNC(=O)C(=O)OCC,1,IC50,6.6,1,CHEMBL3671541
C=CC(=O)Nc1cc2c(Nc3ccc(Br)cc3F)ncnc2cc1OCCNC(=O)C(=O)O,1,IC50,7.08,1,CHEMBL3671542
C=CC(=O)Nc1cc2c(Nc3ccc(Br)cc3F)ncnc2cc1OCCNC(=O)C=NOC,1,IC50,6.17,1,CHEMBL5750518
C=CC(=O)Nc1cc2c(Nc3ccc(Br)cc3F)ncnc2cc1OCCNC(=O)C(C)CN(C)C,1,IC50,6.43,1,CHEMBL3671544
C=CC(=O)Nc1cc2c(Nc3ccc(Br)cc3F)ncnc2cc1OCCNC(=O)CC(C)N(C)C,1,IC50,6.18,1,CHEMBL3671545
CCC(=O)Nc1cc2c(Nc3ccc(Br)cc3F)ncnc2cc1OCCNC(C)=O,1,IC50,6.44,1,CHEMBL3671547
C=CC(=O)Nc1cc2c(Nc3ccc(Br)cc3F)ncnc2cc1OC(C)CNC(C)=O,1,IC50,7.11,1,CHEMBL3671550
C=CC(=O)Nc1cc2c(Nc3ccc(Br)cc3F)ncnc2cc1OCC(C)NC(C)=O,1,IC50,7.39,1,CHEMBL3671551
C=CC(=O)Nc1cc2c(Nc3ccc(Br)cc3F)ncnc2cc1OC[C@@H](C)NC(C)=O,1,IC50,6.8,1,CHEMBL3671552
C=CC(=O)Nc1cc2c(Nc3ccc(Br)cc3F)ncnc2cc1OC[C@H](C)NC(C)=O,1,IC50,7.15,1,CHEMBL3671553
C=CC(=O)Nc1cc2c(Nc3ccc(Br)cc3F)ncnc2cc1OCCCNCC(C)=O,1,IC50,7.03,1,CHEMBL3671554
C=CC(=O)Nc1cc2c(Nc3ccc(Br)cc3F)ncnc2cc1OCC(C)NC(=O)NCCC,1,IC50,6.11,1,CHEMBL3671555
C=CC(=O)Nc1cc2c(Nc3ccc(Br)cc3F)ncnc2cc1OCC(CC)NC(C)=O,1,IC50,7.01,1,CHEMBL3671556
C=CC(=O)Nc1cc2c(Nc3ccc(Br)cc3F)ncnc2cc1OCCCNCCC=O,1,IC50,6.16,1,CHEMBL3671557
C=CC(=O)Nc1cc2c(Nc3ccc(Br)cc3F)ncnc2cc1OCCNc1nccs1,1,IC50,6.32,1,CHEMBL3671560
C=CC(=O)Nc1cc2c(Nc3ccc(Br)cc3F)ncnc2cc1OCC1CNC(=O)O1,1,IC50,6.23,1,CHEMBL3671561
C=CC(=O)Nc1cc2c(Nc3ccc(Br)cc3F)ncnc2cc1OCCNC(=O)c1cccs1,1,IC50,6.89,1,CHEMBL3671562
C=CC(=O)Nc1cc2c(Nc3ccc(Br)cc3F)ncnc2cc1OCCNC(=O)N1CCOCC1,1,IC50,6.71,1,CHEMBL3671563
C=CC(=O)Nc1cc2c(Nc3ccc(Br)cc3F)ncnc2cc1OCCNC(=O)N1CCNCC1,1,IC50,6.16,1,CHEMBL3671564
C=CC(=O)Nc1cc2c(Nc3ccc(Br)cc3F)ncnc2cc1OCCNC(=O)N1CCN(C(C)=O)CC1,1,IC50,6.11,1,CHEMBL3671565
C=CC(=O)Nc1cc2c(Nc3ccc(Br)cc3F)ncnc2cc1OCCNC(=O)N1CCN(C)CC1,1,IC50,6.45,1,CHEMBL3671566
C=CC(=O)Nc1cc2c(Nc3ccc(Br)cc3F)ncnc2cc1OCCNC(=O)C1CCCN1,1,IC50,6.18,1,CHEMBL3671567
C=CC(=O)Nc1cc2c(Nc3ccc(Br)cc3F)ncnc2cc1OCCNC(=O)C1CCCN1C,1,IC50,6.01,2,CHEMBL3671568
C=CC(=O)Nc1cc2c(Nc3ccc(Br)cc3F)ncnc2cc1OCCNC(=O)c1ccc[nH]1,1,IC50,6.0,1,CHEMBL3671569
C=CC(=O)Nc1cc2c(Nc3ccc(Br)cc3F)ncnc2cc1OCCNC(=O)CN1CCCCC1,1,IC50,6.07,1,CHEMBL3671570
C=CC(=O)Nc1cc2c(Nc3ccc(Br)cc3F)ncnc2cc1OCCNC(=O)CN1CCN(C)CC1,1,IC50,6.18,1,CHEMBL3671571
C=CC(=O)Nc1cc2c(Nc3ccc(Br)cc3F)ncnc2cc1OCCNC(=O)CN1CCOCC1,1,IC50,6.11,1,CHEMBL3671572
C=CC(=O)Nc1cc2c(Nc3ccc(Br)cc3F)ncnc2cc1OCCNC(=O)CCN1CCCCC1,1,IC50,6.03,1,CHEMBL3671573
C=CC(=O)Nc1cc2c(Nc3ccc(Br)cc3F)ncnc2cc1OCCNC(=O)C1CCCN1C(C)=O,1,IC50,6.18,1,CHEMBL3671574
C=CC(=O)Nc1cc2c(Nc3ccc(Br)cc3F)ncnc2cc1OCCNC(=O)C1CCCN1C(=O)CC,1,IC50,6.07,1,CHEMBL3671575
C=CC(=O)Nc1cc2c(Nc3ccc(Br)cc3F)ncnc2cc1OCCNC(=O)CN1CCCC1,1,IC50,6.7,1,CHEMBL3671576
C=CC(=O)Nc1cc2c(Nc3ccc(Br)cc3F)ncnc2cc1OCCNC(=O)CN1CC=CC1,1,IC50,6.31,1,CHEMBL3671577
C=CC(=O)Nc1cc2c(Nc3ccc(Br)cc3F)ncnc2cc1OCC1=NCCO1,1,IC50,6.32,1,CHEMBL3671578
C=CC(=O)Nc1cc2c(Nc3ccc(Br)cc3F)ncnc2cc1OCCNC(=O)CN1CCC1,1,IC50,6.02,1,CHEMBL3671579
C=CC(=O)Nc1cc2c(Nc3ccc(Cl)cc3F)ncnc2cc1OCCNC(C)=O,1,IC50,6.94,1,CHEMBL3671581
C=CC(=O)Nc1cc2c(Nc3ccc(Cl)cc3Cl)ncnc2cc1OCCNC(C)=O,1,IC50,6.57,1,CHEMBL3671582
C=CC(=O)Nc1cc2c(Nc3ccc(Br)cc3Cl)ncnc2cc1OCCNC(C)=O,1,IC50,6.07,1,CHEMBL3671584
C=CC(=O)Nc1cc2c(Nc3ccc(Cl)cc3F)ncnc2cc1OCCNC(=O)CN(C)C,1,IC50,6.12,1,CHEMBL3671585
C=CC(=O)Nc1cc2c(Nc3cccc(Cl)c3F)ncnc2cc1OCCNC(=O)CN(C)C,1,IC50,6.03,1,CHEMBL3676338
C=CC(=O)Nc1cc2c(Nc3ccc(F)c(F)c3F)ncnc2cc1OCCNC(C)=O,1,IC50,6.31,1,CHEMBL3676339
C=CC(=O)Nc1cc2c(Nc3cc(F)c(Br)cc3F)ncnc2cc1OCCNC(C)=O,1,IC50,6.11,1,CHEMBL3639752
C=CC(=O)Nc1cc2c(Nc3c(F)cc(Br)cc3F)ncnc2cc1OCCNC(C)=O,1,IC50,6.9,1,CHEMBL3676340
C=CC(=O)Nc1cc2c(Nc3cc(Cl)c(Cl)cc3F)ncnc2cc1OCCNC(C)=O,1,IC50,6.82,1,CHEMBL3676341
C=CC(=O)Nc1cc2c(Nc3cc(Cl)c(Cl)cc3Cl)ncnc2cc1OCCNC(C)=O,1,IC50,6.1,1,CHEMBL3676342
C=CC(=O)Nc1cc2c(Nc3c(F)cc(Br)cc3F)ncnc2cc1OCCNC(=O)CN(C)C,1,IC50,6.57,1,CHEMBL3676343
C=CC(=O)Nc1cc2c(Nc3ccc(Br)c(F)c3F)ncnc2cc1OCCNC(=O)CN(C)C,1,IC50,6.87,1,CHEMBL3676344
C=CC(=O)Nc1cc2c(Nc3ccc(Br)c(F)c3F)ncnc2cc1OCCNC(=O)CCN(CC)CC,1,IC50,6.66,1,CHEMBL3676345
C=CC(=O)Nc1cc2c(Nc3ccc(Br)c(F)c3F)ncnc2cc1OCCNC(=O)CCN1CCCCC1,1,IC50,6.85,1,CHEMBL3676346
C=CC(=O)Nc1cc2c(Nc3ccc(Br)c(F)c3F)ncnc2cc1OCCNC(=O)CCCN(C)C,1,IC50,6.02,1,CHEMBL3676347
C=CC(=O)Nc1cc2c(Nc3ccc(Cl)nc3)ncnc2cc1OCCNC(C)=O,1,IC50,6.08,1,CHEMBL3676348
C=CC(=O)Nc1cc2c(Nc3cc(OC)c(Cl)cc3F)ncnc2cc1OCCNC(C)=O,1,IC50,6.45,1,CHEMBL3676349
C=CC(=O)Nc1cc2c(Nc3ccc(OCc4cccnc4)c(Cl)c3)ncnc2cc1OCCNC(C)=O,1,IC50,6.07,1,CHEMBL3676350
C=CC(=O)Nc1cc2c(Nc3cc(C(=O)NOC)c(Br)cc3F)ncnc2cc1OCCNC(C)=O,1,IC50,6.12,1,CHEMBL3676351
C=CC(=O)Nc1cc2c(Nc3cc(Cl)c(Br)cc3F)ncnc2cc1OCCNC(C)=O,1,IC50,6.38,1,CHEMBL3676353
C=CC(=O)Nc1cc2c(Nc3cc(Cl)c(Br)cc3F)ncnc2cc1OCCNCC(C)=O,1,IC50,6.76,1,CHEMBL3676354
C=CC(=O)Nc1cc2c(Nc3cc(Cl)c(Br)cc3F)ncnc2cc1OCCNC(=O)CN(C)C,1,IC50,6.11,1,CHEMBL3676355
C=CC(=O)Nc1cc2c(Nc3cc(Cl)c(Cl)cc3F)ncnc2cc1OCCN(C)C,1,IC50,6.07,1,CHEMBL3676356
C=CC(=O)Nc1cc2c(Nc3cc(Cl)c(Cl)cc3F)ncnc2cc1OCCNCC(C)=O,1,IC50,6.02,1,CHEMBL3676357
C=CC(=O)Nc1cc2c(Nc3cc(Cl)c(Cl)cc3F)ncnc2cc1OCCNC(=O)COC,1,IC50,6.08,1,CHEMBL3676358
C=CC(=O)Nc1cc2c(Nc3cc(Cl)c(Cl)cc3F)ncnc2cc1OCCNC(=O)CS(C)(=O)=O,1,IC50,6.18,1,CHEMBL3676359
C=CC(=O)Nc1cc2c(Nc3cc(Cl)c(Cl)cc3F)ncnc2cc1OCCNC(=O)CN(C)C,1,IC50,6.12,1,CHEMBL3676360
C=CC(=O)Nc1cc2c(Nc3ccc(Br)c(Cl)c3F)ncnc2cc1OCCNC(C)=O,1,IC50,7.25,1,CHEMBL3676361
C=CC(=O)Nc1cc2c(Nc3ccc(Br)c(Cl)c3F)ncnc2cc1OCCNCC(C)=O,1,IC50,6.97,1,CHEMBL3676362
C=CC(=O)Nc1cc2c(Nc3ccc(Br)c(Cl)c3F)ncnc2cc1OCCNC(=O)CN(C)C,1,IC50,7.06,1,CHEMBL3676363
C=CC(=O)Nc1cc2c(Nc3ccc(Br)c(Cl)c3F)ncnc2cc1OCCNC(=O)CCN(CC)CC,1,IC50,7.27,1,CHEMBL3676364
C=CC(=O)Nc1cc2c(Nc3ccc(Br)c(Cl)c3F)ncnc2cc1OCCNC(=O)CCO,1,IC50,7.06,1,CHEMBL3676365
C=CC(=O)Nc1cc2c(Nc3ccc(Br)c(Cl)c3F)ncnc2cc1OCCNC(=O)COC,1,IC50,6.59,1,CHEMBL3676366
C=CC(=O)Nc1cc2c(Nc3ccc(Br)c(Cl)c3F)ncnc2cc1OCCNC(=O)CCN1CCCCC1,1,IC50,7.1,1,CHEMBL3676367
C=CC(=O)Nc1cc2c(Nc3ccc(Br)c(Cl)c3F)ncnc2cc1OCCNC(=O)CCCN(C)C,1,IC50,6.69,1,CHEMBL3676368
C=CC(=O)Nc1cc2c(Nc3ccc(Br)c(Cl)c3F)ncnc2cc1OCCNC(=O)CO,1,IC50,6.83,1,CHEMBL3676369
C=CC(=O)Nc1cc2c(Nc3ccc(Br)c(Cl)c3F)ncnc2cc1OCCNC(=O)CCOC,1,IC50,6.56,1,CHEMBL3676370
C=CC(=O)Nc1cc2c(Nc3ccc(Br)c(Cl)c3F)ncnc2cc1OCCNC(=O)CN(CC)CC,1,IC50,6.51,1,CHEMBL3676371
C=CC(=O)Nc1cc2c(Nc3ccc(Br)cc3F)ncnc2cc1OCC(C)NC(=O)CCN(CC)CC,1,IC50,6.6,1,CHEMBL3676374
C=CC(=O)Nc1cc2c(Nc3ccc(Br)c(Cl)c3F)ncnc2cc1OCC(C)NC(=O)CN(C)C,1,IC50,6.16,1,CHEMBL3676375
C=CC(=O)Nc1cc2c(Nc3ccc(Br)c(Cl)c3F)ncnc2cc1OC[C@@H](C)NC(=O)CN(C)C,1,IC50,6.38,2,CHEMBL3676377
C=CC(=O)Nc1cc2c(Nc3ccc(Br)cc3F)ncnc2cc1OCC(CC)NC(=O)CN(C)C,1,IC50,6.01,1,CHEMBL3676378
C=CC(=O)Nc1cc2c(Nc3ccc(Br)cc3F)ncnc2cc1OCCNC(=O)C(CO)N(C)C,1,IC50,6.1,1,CHEMBL3676380
C=CC(=O)Nc1cc2c(Nc3ccc(Br)c(Cl)c3F)ncnc2cc1OC[C@H](C)NC(=O)CN(C)C,1,IC50,6.14,1,CHEMBL3676376
C=CC(=O)Nc1cc2c(Nc3ccc(Br)c(Cl)c3F)ncnc2cc1OCCNC(=O)OC,1,IC50,7.1,1,CHEMBL3676381
C=CC(=O)Nc1cc2c(Nc3ccc(Br)cc3F)ncnc2cc1OCCNC(=O)CN(CC)CC,1,IC50,6.33,1,CHEMBL3676383
C=CC(=O)Nc1cc2c(Nc3ccc(Br)c(Cl)c3F)ncnc2cc1OCCNC(=O)NCC,1,IC50,7.42,1,CHEMBL3676384
C=CC(=O)Nc1cc2c(Nc3ccc(Br)c(Cl)c3F)ncnc2cc1OCCNC(=O)NCCC,1,IC50,6.89,1,CHEMBL3676385
C=CC(=O)Nc1cc2c(Nc3ccc(Br)c(Cl)c3F)ncnc2cc1OCCNC(=S)NCC,1,IC50,6.72,1,CHEMBL3676386
C=CC(=O)Nc1cc2c(Nc3ccc(Br)cc3F)ncnc2cc1OCC1CCN(C(=O)NCC)CC1,1,IC50,6.87,1,CHEMBL3676387
C=CC(=O)Nc1cc2c(Nc3cc(OC)c(Cl)cc3OC)ncnc2cc1OCCNC(C)=O,1,IC50,7.05,1,CHEMBL3676388
C=CC(=O)Nc1cc2c(Nc3ccc(Br)cc3F)ncnc2cc1OCCNC(=O)C(C)N,1,IC50,6.78,1,CHEMBL3676389
CC(C)c1cccc(NC(=O)c2cccc(N3CCc4nc(N)ncc4C3)c2)c1,1,IC50,7.92,3,CHEMBL3702602
Cc1cccc(NC(=O)c2cccc(N3CCc4nc(N)ncc4C3)c2)c1,1,IC50,6.94,3,CHEMBL3702603
CC(C)(C)c1ccc(NC(=O)c2cccc(N3CCc4nc(N)ncc4C3)c2)cc1,1,IC50,7.39,3,CHEMBL3702604
Nc1ncc2c(n1)CCN(c1cccc(C(=O)Nc3cccc(C(F)(F)F)c3)c1)C2,1,IC50,7.92,3,CHEMBL3702605
Cc1ccc(NC(=O)c2cccc(N3CCc4nc(N)ncc4C3)c2)cc1,1,IC50,6.11,3,CHEMBL3702606
COc1cccc(NC(=O)c2cccc(N3CCc4nc(N)ncc4C3)c2)c1,1,IC50,6.99,3,CHEMBL3702607
CCc1ccc(NC(=O)c2cccc(N3CCc4nc(N)ncc4C3)c2)cc1,1,IC50,6.84,3,CHEMBL3702608
CCc1cccc(NC(=O)c2cccc(N3CCc4nc(N)ncc4C3)c2)c1,1,IC50,7.66,3,CHEMBL3702609
CCCc1ccc(NC(=O)c2cccc(N3CCc4nc(N)ncc4C3)c2)cc1,1,IC50,7.17,3,CHEMBL3702610
CC(C)c1ccc(NC(=O)c2cccc(N3CCc4nc(N)ncc4C3)c2)cc1,1,IC50,7.57,3,CHEMBL3702612
Nc1ncc2c(n1)CCN(c1ccc(C(=O)Nc3ccccc3)cc1)C2,0,IC50 (>),5.0,3,CHEMBL3702613
Cc1cccc(NC(=O)c2ccc(N3CCc4nc(N)ncc4C3)cc2)c1,0,IC50 (>),5.0,3,CHEMBL3702614
Nc1ncc2c(n1)CCN(c1ccc(C(=O)Nc3cccc(C(F)(F)F)c3)cc1)C2,0,IC50 (>),5.0,3,CHEMBL3702615
CC(C)(C)C1CCC(NC(=O)c2cccc(N3CCc4nc(N)ncc4C3)c2)CC1,1,IC50,6.51,3,CHEMBL3702617
CC(C)(C)CCNC(=O)c1cccc(N2CCc3nc(N)ncc3C2)c1,1,IC50,6.25,3,CHEMBL3702620
Nc1ncc2c(n1)CCN(c1ccnc(C(=O)Nc3ccccc3)c1)C2,0,IC50 (>),5.0,3,CHEMBL3702622
Cc1cccc(NC(=O)c2cc(N3CCc4nc(N)ncc4C3)ccn2)c1,0,IC50 (>),5.0,3,CHEMBL3702623
Nc1ncc2c(n1)CCN(c1ccnc(C(=O)Nc3cccc(C(F)(F)F)c3)c1)C2,0,IC50 (>),5.0,3,CHEMBL3702624
CC(C)c1cccc(NC(=O)c2cc(N3CCc4nc(N)ncc4C3)ccn2)c1,0,IC50 (>),5.0,3,CHEMBL3702625
CC(C)c1ccc(NC(=O)c2cc(N3CCc4nc(N)ncc4C3)ccn2)cc1,0,IC50 (>),5.0,3,CHEMBL3702626
Nc1ncc2c(n1)CCN(c1cccc(C(=O)Nc3ccccc3)n1)C2,0,IC50 (>),5.0,3,CHEMBL3702627
Cc1cccc(NC(=O)c2cccc(N3CCc4nc(N)ncc4C3)n2)c1,0,IC50 (>),5.0,3,CHEMBL3702628
Nc1ncc2c(n1)CCN(c1cccc(C(=O)Nc3cccc(C(F)(F)F)c3)n1)C2,0,IC50 (>),5.0,3,CHEMBL3702629
CC(C)c1cccc(NC(=O)c2cccc(N3CCc4nc(N)ncc4C3)n2)c1,0,IC50 (>),5.0,3,CHEMBL3702630
CC(C)c1ccc(NC(=O)c2cccc(N3CCc4nc(N)ncc4C3)n2)cc1,0,IC50 (>),5.0,3,CHEMBL3702631
Nc1ncc2c(n1)CCN(c1cc(C(=O)Nc3ccccc3)ccn1)C2,0,IC50 (>),5.0,3,CHEMBL3702632
Cc1cccc(NC(=O)c2ccnc(N3CCc4nc(N)ncc4C3)c2)c1,0,IC50 (>),5.0,3,CHEMBL3702633
CC(C)c1cccc(NC(=O)c2ccnc(N3CCc4nc(N)ncc4C3)c2)c1,0,IC50 (>),5.0,3,CHEMBL3702634
CC(C)c1ccc(NC(=O)c2ccnc(N3CCc4nc(N)ncc4C3)c2)cc1,0,IC50 (>),5.0,3,CHEMBL3702635
Nc1ncc2c(n1)CCN(c1cc(C(=O)Nc3cccc(C(F)(F)F)c3)ccn1)C2,0,IC50 (>),5.0,3,CHEMBL3702636
Nc1ncc2c(n1)CN(c1ccnc(C(=O)Nc3ccccc3)c1)C2,0,IC50 (>),5.0,3,CHEMBL3702637
CC(C)c1cccc(NC(=O)c2cc(N3Cc4cnc(N)nc4C3)ccn2)c1,0,IC50 (>),5.0,3,CHEMBL3702638
Nc1ncc2c(n1)CN(c1ccnc(C(=O)Nc3cccc(C(F)(F)F)c3)c1)C2,0,IC50 (>),5.0,3,CHEMBL3702639
CC(C)c1ccc(NC(=O)c2cc(N3Cc4cnc(N)nc4C3)ccn2)cc1,0,IC50 (>),5.0,2,CHEMBL3702640
Nc1ncc2c(n1)CN(c1ccnc(C(=O)Nc3ccc(C(F)(F)F)cc3)c1)C2,0,IC50 (>),5.0,3,CHEMBL3702641
CC(C)c1ccc(NC(=O)c2cccc(N3CCc4nc(CS)ncc4C3)n2)cc1,0,IC50 (>),5.0,2,CHEMBL3702644
CC(C)c1cccc(NC(=O)c2cccc(N3CCc4nc(CS)ncc4C3)n2)c1,0,IC50 (>),5.0,2,CHEMBL3702645
O=C(Nc1cccc(C(F)(F)F)c1)c1cccc(N2CCc3nc(CS)ncc3C2)n1,0,IC50 (>),5.0,2,CHEMBL3702646
O=C(Nc1ccccc1)c1cccc(N2CCc3nc(CS)ncc3C2)n1,0,IC50 (>),5.0,2,CHEMBL3702647
Cc1cccc(NC(=O)c2cccc(N3CCc4nc(CS)ncc4C3)n2)c1,0,IC50 (>),5.0,2,CHEMBL3702648
O=C(Nc1ccccc1)c1ccnc(N2CCc3nc(CS)ncc3C2)c1,0,IC50 (>),5.0,2,CHEMBL3702649
O=C(Nc1cccc(C(F)(F)F)c1)c1ccnc(N2CCc3nc(CS)ncc3C2)c1,0,IC50 (>),5.0,2,CHEMBL3702650
CC(C)c1cccc(NC(=O)c2ccnc(N3CCc4nc(CS)ncc4C3)c2)c1,0,IC50 (>),5.0,2,CHEMBL3702651
CC(C)c1ccc(NC(=O)c2ccnc(N3CCc4nc(CS)ncc4C3)c2)cc1,0,IC50 (>),5.0,2,CHEMBL3702652
O=C(Nc1ccc(C(F)(F)F)cc1)c1cc(N2Cc3cnc(CS)nc3C2)ccn1,0,IC50 (>),5.0,1,CHEMBL3702653
CC(C)c1cccc(NC(=O)c2cc(N3Cc4cnc(CS)nc4C3)ccn2)c1,0,IC50 (>),5.0,2,CHEMBL3702654
CC(C)c1ccc(NC(=O)c2cc(N3Cc4cnc(CS)nc4C3)ccn2)cc1,0,IC50 (>),5.0,2,CHEMBL3702655
O=C(Nc1cccc(C(F)(F)F)c1)c1cccc(N2CCc3nc(CS)ncc3C2)c1,1,IC50,6.12,2,CHEMBL3702656
Cc1ccc(C(=O)Nc2cccc(C(F)(F)F)c2)cc1N1CCc2nc(CS)ncc2C1,1,IC50,7.15,2,CHEMBL3702657
Cc1ccc(C(=O)Nc2cccc(C(C)C)c2)cc1N1CCc2nc(CS)ncc2C1,1,IC50,7.51,2,CHEMBL3702659
Cc1ccc(C(=O)Nc2cccc(C(F)(F)F)c2)cc1N1CCc2nc(N)ncc2C1,1,IC50,8.1,2,CHEMBL3702661
Cc1cc(C(=O)Nc2cccc(C(F)(F)F)c2)cc(N2CCc3nc(N)ncc3C2)c1,1,IC50,7.57,3,CHEMBL3702662
Cc1ccc(C(=O)Nc2cccc(C(C)C)c2)cc1N1CCc2nc(N)ncc2C1,1,IC50,7.85,3,CHEMBL3702663
Cc1cc(C(=O)Nc2cccc(C(C)C)c2)cc(N2CCc3nc(N)ncc3C2)c1,1,IC50,7.77,3,CHEMBL3702664
O=C(Nc1cccc(C(F)(F)F)c1)c1cccc(N2CCc3ncncc3C2)c1,1,IC50,7.72,3,CHEMBL3702665
Cc1ccc(C(=O)Nc2cccc(C(F)(F)F)c2)cc1N1CCc2ncncc2C1,1,IC50,6.98,3,CHEMBL3702666
Cc1cc(C(=O)Nc2cccc(C(F)(F)F)c2)cc(N2CCc3ncncc3C2)c1,1,IC50,6.2,3,CHEMBL3702667
Cc1ccc(C(=O)Nc2cccc(C(C)C)c2)cc1N1CCc2ncncc2C1,1,IC50,7.96,3,CHEMBL3702668
Cc1cc(C(=O)Nc2cccc(C(C)C)c2)cc(N2CCc3ncncc3C2)c1,1,IC50,6.8,3,CHEMBL3702669
O=C(Nc1cccc(C(F)(F)F)c1)c1cncc(N2CCc3nc(CS)ncc3C2)c1,0,IC50 (>),5.0,2,CHEMBL3702670
CC(C)c1cccc(NC(=O)c2cncc(N3CCc4nc(CS)ncc4C3)c2)c1,0,IC50 (>),5.0,2,CHEMBL3702671
Nc1ncc2c(n1)CCN(c1cncc(C(=O)Nc3cccc(C(F)(F)F)c3)c1)C2,1,IC50,6.23,3,CHEMBL3644544
CC(C)c1cccc(NC(=O)c2cncc(N3CCc4nc(N)ncc4C3)c2)c1,1,IC50,6.83,3,CHEMBL3644545
O=C(Nc1ccc(N2CCc3ccncc3C2)cc1)c1cccc(C(F)(F)F)c1,0,IC50 (>),5.0,3,CHEMBL3644546
O=C(Nc1ccccc1)Nc1ccc(N2CCc3ccncc3C2)cc1,0,IC50 (>),5.0,3,CHEMBL3644548
Cc1cccc(NC(=O)Nc2ccc(N3CCc4ccncc4C3)c(C)c2)c1,1,IC50,6.51,3,CHEMBL3644550
Cc1cccc(NC(=O)Nc2ccc(N3CCc4ccncc4C3)cc2C)c1,1,IC50,6.34,3,CHEMBL3644551
CC(C)c1cccc(NC(=O)c2cccc(N3CCc4ccncc4C3)c2)c1,1,IC50,7.41,3,CHEMBL3644552
COC(=O)c1cncc2c1CCN(c1cccc(C(=O)Nc3cccc(C(C)C)c3)c1)C2,1,IC50,7.92,3,CHEMBL3644553
CC(C)c1cccc(NC(=O)c2cccc(N3CCc4c(cncc4C(=O)O)C3)c2)c1,1,IC50,7.27,3,CHEMBL3644554
COC(=O)c1cncc2c1CCN(c1cccc(C(=O)Nc3cccc(C(F)(F)F)c3)c1)C2,1,IC50,8.1,3,CHEMBL3644555
CC(C)c1cccc(NC(=O)c2cccc(N3CCc4c(cncc4C(=O)NCCCN4CCOCC4)C3)c2)c1,1,IC50,6.43,3,CHEMBL3644556
CC(C)c1cccc(NC(=O)c2cccc(N3CCc4c(cncc4C(=O)NCCCO)C3)c2)c1,1,IC50,6.66,3,CHEMBL3644557
COC(=O)CNC(=O)c1cncc2c1CCN(c1cccc(C(=O)Nc3cccc(C(C)C)c3)c1)C2,1,IC50,7.31,3,CHEMBL3644558
CC(C)c1cccc(NC(=O)c2cccc(N3CCc4c(cncc4C(=O)NCCCN4CCCC4)C3)c2)c1,1,IC50,6.64,3,CHEMBL3644559
Nc1ncc2c(n1)CCN(c1cccc(C(=O)Nc3ccc(F)c(C(F)(F)F)c3)c1)C2,1,IC50,7.57,3,CHEMBL3644560
Cc1c(C(=O)Nc2ccc(Oc3ccnc4cc(OCC(C)(C)O)ccc34)c(F)c2)c(=O)n(-c2ccccc2)n1C,1,IC50,7.43,1,CHEMBL3984441
Cc1c(C(=O)Nc2ccc(Oc3ccnc4cc(OC[C@@H](C)O)ccc34)c(F)c2)c(=O)n(-c2ccccc2)n1C,1,IC50,7.64,1,CHEMBL4107720
COc1cc2c(Oc3ccc(NC(=O)c4c(C)n(C)n(-c5ccccc5)c4=O)cc3F)ccnc2cc1OCC(C)(C)O,1,IC50,7.4,1,CHEMBL3919169
Cn1cc(-c2cc(Oc3ccc(NC(=O)N4CCN(c5ccc(F)cc5)C4=O)nc3)ccn2)cn1,1,IC50,6.0,1,CHEMBL3908700
Cn1cc(-c2cc(Oc3ccc(NC(=O)N4CCN(C5CCCCC5)C4=O)nc3)ccn2)cn1,1,IC50,6.17,1,CHEMBL3893595
CCN1CCN(C(=O)Nc2ccc(Oc3ccnc(-c4cnn(C)c4)c3)c(C)n2)C1=O,0,IC50 (>),5.0,1,CHEMBL3936132
NC(=O)c1nnc(N[C@@H]2CCCC[C@@H]2N)nc1Nc1ccc2cn(C(F)F)nc2c1,0,IC50 (>),5.0,1,CHEMBL3959686
Cc1[nH]c(/C=C2\C(=O)Nc3ccc(F)cc32)c(C)c1C(=O)N1CCOCCOCCOCC1,1,IC50,8.6,1,CHEMBL3950152
COc1cc2c(Oc3ccc(NC(=O)C4(C(=O)Nc5ccc(F)cc5)CC4)cc3F)ccnc2cc1OCCCC(=O)NO,1,IC50,7.92,1,CHEMBL3981567
Cc1cccc(NC(=O)Nc2ccc(C#Cc3ccc4nc(N)cn4n3)cc2)c1,1,IC50,7.7,1,CHEMBL3961214
O=C(Nc1ccc(C#Cc2ccc3nccn3n2)cc1)Nc1cccc(C(F)(F)F)c1,1,IC50,7.33,1,CHEMBL3939257
Cc1cccc(NC(=O)Nc2ccc(C#Cc3ccc4nccn4n3)cc2)c1,1,IC50,7.64,1,CHEMBL3972326
Nc1cn2nc(C#Cc3ccc(NC(=O)Nc4cc(C(F)(F)F)ccc4F)cc3)ccc2n1,1,IC50,7.14,1,CHEMBL3948032
O=C(Nc1ccc(C#Cc2ccc3nccn3n2)cc1)Nc1ccc(F)c(Cl)c1,1,IC50,7.02,1,CHEMBL3977286
Cc1ccc(F)c(NC(=O)Nc2ccc(C#Cc3ccc4nccn4n3)cc2)c1,1,IC50,7.0,1,CHEMBL3960179
O=C(Nc1ccc(C#Cc2ccc3nccn3n2)cc1)Nc1ccc(Cl)c(C(F)(F)F)c1,1,IC50,6.9,1,CHEMBL3985362
O=C(Nc1ccccc1)Nc1ccc(C#Cc2ccc3nccn3n2)cc1,1,IC50,6.57,1,CHEMBL3968883
O=C(Nc1ccc(C#Cc2ccc3nccn3n2)cc1)Nc1cc(C(F)(F)F)ccc1F,1,IC50,6.35,1,CHEMBL3897714
Cc1ccc(F)c(C(=O)Nc2ccc(C#Cc3ccc4nc(N)cn4n3)cc2)c1,0,IC50 (>),5.0,1,CHEMBL3967141
Cc1ccc(F)c(C(=O)Nc2cccc(C#Cc3ccc4nc(N)cn4n3)c2)c1,1,IC50,7.06,1,CHEMBL3981416
O=C(Nc1cccc(C#Cc2ccc3nccn3n2)c1)c1cccc(C(F)(F)F)c1,1,IC50,6.55,1,CHEMBL3956039
Cc1cccc(C(=O)Nc2cccc(C#Cc3ccc4nccn4n3)c2)c1,1,IC50,6.53,1,CHEMBL3903593
O=C(Nc1cccc(C#Cc2ccc3nccn3n2)c1)c1ccc(F)c(Cl)c1,1,IC50,6.33,1,CHEMBL3932553
Cc1ccc(F)c(NC(=O)Nc2cccc(C#Cc3cccc4[nH]nc(N)c34)c2)c1,1,IC50,7.68,1,CHEMBL3923842
Nc1n[nH]c2cccc(C#Cc3cccc(NC(=O)Nc4ccccc4)c3)c12,1,IC50,7.39,1,CHEMBL3928457
Cc1ccc(F)c(NC(=O)Nc2ccc(C#Cc3cccc4[nH]nc(N)c34)cc2)c1,1,IC50,7.05,1,CHEMBL3927104
CCC(C(N)=O)c1ccccc1CCc1nc(Nc2ccc(C3CCNCC3)cc2)ncc1C(F)(F)F,0,IC50 (>),5.0,1,CHEMBL3946227
NC(=O)C1(c2ccccc2CCc2nc(Nc3ccc(C4CCNCC4)cc3)ncc2C(F)(F)F)CC1,1,IC50,6.55,1,CHEMBL3909401
NC(=O)C1(c2ccccc2CCc2nc(Nc3ccc(C4CCNCC4)cc3)ncc2Cl)CC1,1,IC50,6.2,1,CHEMBL3917694
CN1CCC(c2ccc(Nc3ncc(Cl)c(CCc4ccccc4C4(C(N)=O)CC4)n3)cc2)CC1,1,IC50,6.05,1,CHEMBL3893200
NC(=O)C1(c2ccccc2CCc2nc(Nc3ccc(C(F)(F)F)nc3)ncc2Cl)CC1,0,IC50 (>),5.0,1,CHEMBL3908745
NC(=O)C1(c2ccccc2CCc2nc(Nc3cncnc3)ncc2Cl)CC1,0,IC50 (>),5.0,1,CHEMBL3970850
Cn1cc(Nc2ncc(Cl)c(CCc3ccccc3C3(C(N)=O)CC3)n2)cn1,1,IC50,6.59,1,CHEMBL3918309
NC(=O)C1(c2ccccc2CCc2nc(Nc3cnn(C4CNC4)c3)ncc2Cl)CC1,1,IC50,6.45,1,CHEMBL3963494
CN1CCC(c2ccc(Nc3ncc(Cl)c(CCc4ccccc4C4(C(N)=O)CC4)n3)cn2)CC1,1,IC50,7.34,1,CHEMBL3891581
NC(=O)C1(c2ccccc2CCc2nc(Nc3cnn(C4CCNCC4)c3)ncc2Cl)CC1,1,IC50,6.41,1,CHEMBL3954050
CN1CCC(n2cc(Nc3ncc(Cl)c(CCc4ccccc4C4(C(N)=O)CC4)n3)cn2)CC1,1,IC50,7.68,1,CHEMBL3982717
NC(=O)C1(c2ccccc2CCc2nc(Nc3cn[nH]c3)ncc2Cl)CC1,1,IC50,6.61,1,CHEMBL3959306
CN1CCC(n2cc(Nc3ncc(Cl)c(CCc4ccccc4C4(C(N)=O)CC4)n3)cn2)C1,1,IC50,7.14,1,CHEMBL3970373
CC(N)c1ccc(Nc2ncc(Cl)c(CCc3ccccc3C3(C(N)=O)CC3)n2)cc1,1,IC50,6.68,1,CHEMBL3890328
CC(C(N)=O)c1ccccc1CCc1nc(Nc2cnn(C3CCN(C)CC3)c2)ncc1Cl,1,IC50,6.86,1,CHEMBL3970712
Cn1cc(Nc2ncc(Cl)c(CCc3ccccc3C(C)(C)C(N)=O)n2)cn1,1,IC50,6.43,1,CHEMBL3981577
CC(C(N)=O)c1ccccc1CCc1nc(Nc2cnn(C3CCN(C)CC3)c2)ncc1C(F)(F)F,1,IC50,6.41,1,CHEMBL3900906
C[C@@H](C(N)=O)c1ccccc1CCc1nc(Nc2cnn(C3CCN(C)CC3)c2)ncc1C(F)(F)F,1,IC50,6.29,1,CHEMBL4110384
C[C@H](C(N)=O)c1ccccc1CCc1nc(Nc2cnn(C3CCN(C)CC3)c2)ncc1C(F)(F)F,1,IC50,6.42,1,CHEMBL3895625
CSc1nc(N)cc(Oc2ccc(-c3nnc(Nc4cccc(C(F)(F)F)c4)[nH]3)cc2)n1,0,Kd (>),5.0,1,CHEMBL3932957
Cc1cccc(NC(=O)c2cccc(N3CCc4c(cnc5ccccc45)C3)c2)c1,1,IC50,8.15,2,CHEMBL3895520
CCc1cccc(NC(=O)c2cccc(N3CCc4c(cnc5ccccc45)C3)c2)c1,1,IC50,8.22,2,CHEMBL3911073
CC(C)c1cccc(NC(=O)c2cccc(N3CCc4c(cnc5ccccc45)C3)c2)c1,1,IC50,8.15,2,CHEMBL3984316
CC(C)c1ccc(NC(=O)c2cccc(N3CCc4c(cnc5ccccc45)C3)c2)cc1,1,IC50,8.1,2,CHEMBL3950471
O=C(Nc1cccc(C(F)(F)F)c1)c1cccc(N2CCc3c(cnc4ccccc34)C2)c1,1,IC50,8.0,2,CHEMBL3937330
CC(C)c1cccc(NC(=O)c2cccc(N3CCc4c(cnc5cc(CO)c(CO)cc45)C3)c2)c1,1,IC50,8.15,1,CHEMBL3899614
CC(C)c1ccc(NC(=O)c2cccc(N3CCc4c(cnc5cc(CO)c(CO)cc45)C3)c2)cc1,1,IC50,8.05,2,CHEMBL3890120
CCc1cccc(NC(=O)c2cccc(N3CCc4c(cnc5ccsc45)C3)c2)c1,1,IC50,8.3,2,CHEMBL3966912
Cc1ccoc1C(=O)Nc1cccc(C#Cc2cc(C(=O)N=S(C)(C)=O)cnc2N)c1,1,IC50,8.22,1,CHEMBL3978649
Cc1ccoc1C(=O)Nc1cccc(C#Cc2cncc(C(=O)N=S(C)(C)=O)c2)c1,1,IC50,8.7,1,CHEMBL3917187
Cc1ccoc1C(=O)Nc1cccc(C#Cc2cncc(C(=O)N=S3(=O)CCCC3)c2)c1,1,IC50,8.7,1,CHEMBL3986945
Cc1ccoc1C(=O)Nc1cccc(C#Cc2cc(C(=O)N=S3(=O)CCCC3)cnc2N)c1,1,IC50,8.7,1,CHEMBL3914411
CS(C)(=O)=NC(=O)c1cnc(N)c(C#Cc2cccc(NC(=O)c3ccc(Cl)cc3)c2)c1,1,IC50,8.7,1,CHEMBL3901672
Cc1ccc(F)c(C(=O)Nc2cccc(C#Cc3cc(C(=O)N=S(C)(C)=O)cnc3N)c2)c1,1,IC50,8.15,1,CHEMBL3938643
Cn1ccnc1C(=O)Nc1cccc(C#Cc2cc(C(=O)N=S(C)(C)=O)cnc2N)c1,1,IC50,8.22,1,CHEMBL3910699
Cc1ccc(F)c(NC(=O)Nc2cccc(C#Cc3cncc(C(=O)N=S(C)(C)=O)c3)c2)c1,1,IC50,8.52,1,CHEMBL3985264
CS(C)(=O)=NC(=O)c1cncc(C#Cc2cccc(NC(=O)Nc3ccccc3F)c2)c1,1,IC50,8.1,1,CHEMBL3919069
Cc1cccc(NC(=O)Nc2cccc(C#Cc3cncc(C(=O)N=S(C)(C)=O)c3)c2)c1,1,IC50,8.1,1,CHEMBL3980266
Cc1ccc(NC(=O)Nc2cccc(C#Cc3cncc(C(=O)N=S(C)(C)=O)c3)c2)cc1,1,IC50,8.22,1,CHEMBL3910155
Cc1ccoc1C(=O)Nc1cccc(C#Cc2cc(C(=O)N=S(C)(=O)CC(=O)N3CC[C@H](O)C3)cnc2N)c1,1,IC50,8.52,1,CHEMBL3909047
Cc1ccoc1C(=O)Nc1cccc(C#Cc2cncc(C(=O)N=S(C)(=O)CCCN3CCN(CCOCCO)CC3)c2)c1,1,IC50,8.05,1,CHEMBL3933421
Cc1ccoc1C(=O)Nc1cccc(C#Cc2cncc(C(=O)N=S(=O)(CCCO)CCCO)c2)c1,1,IC50,8.3,1,CHEMBL3896486
Cc1ccoc1C(=O)Nc1cccc(C#Cc2cc(C(=O)N=S(=O)(CCCO)CCCO)cnc2N)c1,1,IC50,8.52,1,CHEMBL3924505
O=C(N=S(=O)(CCCO)CCCO)c1cncc(C#Cc2cccc(NC(=O)c3ccc(Cl)c(C(F)(F)F)c3)c2)c1,1,IC50,8.52,1,CHEMBL3923411
Cc1cccc(C(=O)Nc2cccc(C#Cc3cncc(C(=O)N=S(=O)(CCCO)CCCO)c3)c2)c1,1,IC50,8.52,1,CHEMBL3983308
O=C(N=S(=O)(CCCO)CCCO)c1cncc(C#Cc2cccc(NC(=O)c3cccc(C(F)(F)F)c3)c2)c1,1,IC50,8.4,1,CHEMBL3983941
O=C(N=S(=O)(CCCO)CCCO)c1cncc(C#Cc2cccc(NC(=O)c3ccc(F)c(Cl)c3)c2)c1,1,IC50,8.3,1,CHEMBL3924066
Cc1ccc(F)c(C(=O)Nc2cccc(C#Cc3cncc(C(=O)N=S(=O)(CCCO)CCCO)c3)c2)c1,1,IC50,8.05,1,CHEMBL3946490
COc1cccc(C(=O)Nc2cccc(C#Cc3cc(C(=O)N=S(=O)(CCCO)CCCO)cnc3N)c2)c1,1,IC50,8.3,1,CHEMBL3918628
Cc1cccc(NC(=O)c2cccc(C#Cc3cc(C(=O)N=S(=O)(CCCO)CCCO)cnc3N)c2)c1,1,IC50,8.52,1,CHEMBL3900571
COC(=O)CCCCS(C)(=O)=NC(=O)c1cnc(N)c(C#Cc2cccc(NC(=O)c3occc3C)c2)c1,1,IC50,8.15,1,CHEMBL3974963
Cc1ccoc1C(=O)Nc1cccc(C#Cc2cc(C(=O)N=S(C)(=O)CCCCC(=O)O)cnc2N)c1,1,IC50,8.3,1,CHEMBL3891572
COC(=O)CCCCS(C)(=O)=NC(=O)c1cnc(N)c(C#Cc2cccc(NC(=O)c3cc(C)ccc3F)c2)c1,1,IC50,8.1,1,CHEMBL3960598
COC(=O)CCCCS(C)(=O)=NC(=O)c1cnc(N)c(C#Cc2cccc(NC(=O)c3cccc(C)c3)c2)c1,1,IC50,8.4,1,CHEMBL3970053
COC(=O)CCCCS(C)(=O)=NC(=O)c1cnc(N)c(C#Cc2cccc(NC(=O)c3cc(C(F)(F)F)ccc3F)c2)c1,1,IC50,8.0,1,CHEMBL3918345
COC(=O)CCCCS(C)(=O)=NC(=O)c1cnc(N)c(C#Cc2cccc(NC(=O)c3cccc(C(F)(F)F)c3)c2)c1,1,IC50,8.4,1,CHEMBL3920861
COC(=O)CCCCS(C)(=O)=NC(=O)c1cnc(N)c(C#Cc2cccc(NC(=O)c3ccc(Cl)c(C(F)(F)F)c3)c2)c1,1,IC50,8.4,1,CHEMBL3963696
COC(=O)CCCCS(C)(=O)=NC(=O)c1cnc(N)c(C#Cc2cccc(NC(=O)c3cccc(OC)c3)c2)c1,1,IC50,8.3,1,CHEMBL3933295
COC(=O)CCCCS(C)(=O)=NC(=O)c1cnc(N)c(C#Cc2cccc(NC(=O)c3ccc(OC)c(OC)c3)c2)c1,1,IC50,7.82,1,CHEMBL3957336
COC(=O)CCCC[S@](C)(=O)=NC(=O)c1cnc(N)c(C#Cc2cccc(NC(=O)c3occc3C)c2)c1,1,IC50,8.52,1,CHEMBL3906392
COC(=O)CCCC[S@@](C)(=O)=NC(=O)c1cnc(N)c(C#Cc2cccc(NC(=O)c3occc3C)c2)c1,1,IC50,8.22,1,CHEMBL4112857
COC(=O)CCCCS(C)(=O)=NC(=O)c1cnc(N)c(C#Cc2cccc(C(=O)Nc3cccc(C)c3)c2)c1,1,IC50,8.15,1,CHEMBL3911919
COC(=O)CCCCS(C)(=O)=NC(=O)c1cnc(N)c(C#Cc2cccc(C(=O)Nc3cc(C)ccc3F)c2)c1,1,IC50,7.77,1,CHEMBL3943327
COC(=O)CCCCS(C)(=O)=NC(=O)c1cnc(N)c(C#Cc2cccc(C(=O)Nc3cc(C(C)(C)C)on3)c2)c1,1,IC50,8.0,1,CHEMBL3985051
COC(=O)CCCCS(C)(=O)=NC(=O)c1cnc(N)c(C#Cc2cccc(NC(=O)Nc3cc(C)ccc3F)c2)c1,1,IC50,8.3,1,CHEMBL3915272
COC(=O)CCCCS(C)(=O)=NC(=O)c1cnc(N)c(C#Cc2cccc(NC(=O)Nc3cccc(C)c3)c2)c1,1,IC50,8.4,1,CHEMBL3925180
Cc1ccoc1C(=O)Nc1cccc(C#Cc2cncc(C(=O)N=S(C)(=O)CCCO)c2)c1,1,IC50,7.85,1,CHEMBL3897137
Cc1ccoc1C(=O)Nc1cccc(C#Cc2cc(C(=O)N=S(C)(=O)CCCO)cnc2N)c1,1,IC50,8.52,1,CHEMBL3934064
Cc1ccoc1C(=O)Nc1cccc(C#Cc2cncc(C(=O)N=[S@@](C)(=O)CCCO)c2)c1,1,IC50,8.52,1,CHEMBL3909723
Cc1ccoc1C(=O)Nc1cccc(C#Cc2cncc(C(=O)N=[S@](C)(=O)CCCO)c2)c1,1,IC50,8.3,1,CHEMBL4107561
COc1cc(Nc2ncc3c(n2)CCN(C(=O)c2cccnc2)C3)cc(OC)c1OC,0,IC50 (>),4.0,1,CHEMBL3985924
O=C(Nc1cccnc1)N1CCc2nc(Nc3ccccc3)ncc2C1,0,IC50 (>),5.0,1,CHEMBL3944186
O=C(c1cccnc1)N1CCc2nc(Nc3ccccc3)ncc2C1,0,IC50 (>),4.0,1,CHEMBL3912751
COc1ccc(Nc2ncc3c(n2)CCN(C(=O)c2cccnc2)C3)cc1,1,IC50,8.3,1,CHEMBL3952249
COc1cccc(Nc2ncc3c(n2)CCN(C(=O)c2cccnc2)C3)c1,1,IC50,6.35,1,CHEMBL3981059
COc1ccccc1Nc1ncc2c(n1)CCN(C(=O)c1cccnc1)C2,1,IC50,8.0,1,CHEMBL3895612
Cn1nccc1Nc1ncc2c(n1)CCN(C(=O)c1cccnc1)C2,1,IC50,7.8,1,CHEMBL3920116
O=C(c1cccnc1)N1CCc2nc(Nc3ccsc3)ncc2C1,1,IC50,7.96,1,CHEMBL3938141
O=C(c1cccnc1)N1CCc2nc(Nc3cccc(F)c3)ncc2C1,1,IC50,6.56,1,CHEMBL3967722
COc1cc(Nc2ncc3c(n2)CCN(C(=O)c2occc2C)C3)cc(OC)c1OC,1,IC50,8.22,1,CHEMBL3943535
COc1cc(Nc2ncc3c(n2)CCN(C(=O)c2cc(C)nn2C)C3)cc(OC)c1OC,1,IC50,8.3,1,CHEMBL3976229
COc1cc(Nc2ncc3c(n2)CCN(C(=O)c2cccs2)C3)cc(OC)c1OC,1,IC50,8.1,1,CHEMBL3919045
NC(=O)/C=C(/c1ccccc1)c1ccc(NC(=O)Nc2cc(C(F)(F)F)ccc2F)cc1,1,IC50,6.2,1,CHEMBL3954009
COc1cccc(/C(=C/C(N)=O)c2ccc(NC(=O)Nc3cc(C(F)(F)F)ccc3F)cc2)c1,1,IC50,6.03,1,CHEMBL3955038
COc1ccc(/C(=C/C(N)=O)c2ccc(NC(=O)Nc3cc(C(F)(F)F)ccc3F)cc2)cc1,1,IC50,6.34,1,CHEMBL3927422
NC(=O)/C=C(/c1ccccc1)c1cccc(NC(=O)Nc2cc(C(F)(F)F)ccc2F)c1,0,IC50 (>),5.0,1,CHEMBL3966188
NC(=O)/C=C/c1cccc(NC(=O)Nc2cc(C(F)(F)F)ccc2F)c1,0,IC50 (>),5.0,2,CHEMBL3932854
NC(=O)/C=C/c1ccc(NC(=O)Nc2cc(C(F)(F)F)ccc2F)cc1,0,IC50 (>),5.0,1,CHEMBL3890042
CC(C)(C)c1ccc(-n2cccc(N3CCc4nc(N)ncc4C3)c2=O)cc1,1,IC50,6.54,1,CHEMBL3898974
Cc1cc[nH]c(=O)c1N1CCc2nc(N)ncc2C1,0,IC50 (>),5.0,1,CHEMBL3921600
Cc1ccn(-c2ccc(C(C)(C)C)cc2)c(=O)c1N1CCc2nc(N)ncc2C1,1,IC50,7.07,1,CHEMBL3893580
Cc1ccn(-c2cccc(N(C)C)c2)c(=O)c1N1CCc2nc(N)ncc2C1,1,IC50,6.49,1,CHEMBL3911476
Cc1ccoc1C(=O)Nc1ccc(-n2ccc(C)c(N3CCc4nc(N)ncc4C3)c2=O)cc1,1,IC50,7.54,1,CHEMBL3984713
COC(=O)c1cc2nccc(Oc3ccc(NC(=O)Nc4cc(C)ccc4F)cc3)c2s1,1,IC50,7.75,1,CHEMBL3911339
Cc1ccc(F)c(NC(=O)Nc2ccc(Oc3ccnc4cc(C(=O)O)sc34)cc2)c1,1,IC50,7.7,1,CHEMBL3986507
COC(=O)c1cc2nccc(Oc3cccc(NC(=O)Nc4cc(C)ccc4F)c3)c2s1,1,IC50,7.68,1,CHEMBL3970603
COC(=O)c1cc2nccc(-c3ccc(NC(=O)Nc4cc(C)ccc4F)cc3)c2s1,0,IC50,4.0,1,CHEMBL3897675
Cc1ccc(F)c(NC(=O)Nc2ccc(-c3ccnc4cc(C(=O)O)sc34)cc2)c1,0,IC50,4.0,1,CHEMBL3911858
Cc1ccc(F)c(NC(=O)Nc2ccc(Oc3ccnc4cc(C(=O)NCCC(=O)O)sc34)cc2)c1,1,IC50,7.96,1,CHEMBL3910302
Cc1ccc(F)c(NC(=O)Nc2ccc(Oc3ccnc4cc(C(=O)NCCC(=O)O)sc34)cc2F)c1,1,IC50,8.0,1,CHEMBL3933264
Cc1ccc(F)c(NC(=O)Nc2ccc(Oc3ccnc4cc(C(=O)O)sc34)cc2F)c1,1,IC50,7.96,1,CHEMBL3916843
Cc1ccc(F)c(NC(=O)Nc2ccc(Oc3ccnc4cc(C(=O)NCCCc5nn[nH]n5)sc34)cc2)c1,1,IC50,8.52,1,CHEMBL3944753
Cc1ccc(F)c(NC(=O)Nc2ccc(Oc3ccnc4cc(C(=O)NCCc5nn[nH]n5)sc34)cc2)c1,1,IC50,8.22,1,CHEMBL3911718
CCOC(=O)CN1CCN(CCCNC(=O)c2cc3nccc(Oc4ccc(NC(=O)Nc5cc(C)ccc5F)cc4)c3s2)CC1,1,IC50,8.4,1,CHEMBL3917483
Cc1ccc(F)c(NC(=O)Nc2ccc(Oc3ccnc4cc(C(=O)NCCCN5CCCC(CO)C5)sc34)cc2)c1,1,IC50,8.52,1,CHEMBL3932948
Cc1ccc(F)c(NC(=O)Nc2ccc(Oc3ccnc4cc(C(=O)NCCCN5CCOC(CO)C5)sc34)cc2)c1,1,IC50,8.15,1,CHEMBL3904954
COC(=O)[C@@H]1C[C@@H](O)CN1CCCNC(=O)c1cc2nccc(Oc3ccc(NC(=O)Nc4cc(C)ccc4F)cc3)c2s1,1,IC50,8.4,1,CHEMBL4107173
COC(=O)CNCCCNC(=O)c1cc2nccc(Oc3ccc(NC(=O)Nc4cc(C)ccc4F)cc3)c2s1,1,IC50,8.52,1,CHEMBL3896004
COC(=O)CN(CCCNC(=O)c1cc2nccc(Oc3ccc(NC(=O)Nc4cc(C)ccc4F)cc3)c2s1)CC(=O)OC,1,IC50,8.4,1,CHEMBL3918564
CCOC(=O)N1CCN(CCNC(=O)c2cc3nccc(Oc4ccc(NC(=O)Nc5cc(C)ccc5F)c(F)c4)c3s2)CC1,1,IC50,8.15,1,CHEMBL3890520
CCOC(=O)N1CCN(CCCNC(=O)c2cc3nccc(Oc4ccc(NC(=O)Nc5cc(C)ccc5F)c(F)c4)c3s2)CC1,1,IC50,8.0,1,CHEMBL3906005
COC(=O)CNCCCNC(=O)c1cc2nccc(Oc3ccc(NC(=O)Nc4cc(C)ccc4F)c(F)c3)c2s1,1,IC50,8.3,1,CHEMBL3979830
COC(=O)CN(CCCNC(=O)c1cc2nccc(Oc3ccc(NC(=O)Nc4cc(C)ccc4F)c(F)c3)c2s1)CC(=O)OC,1,IC50,8.3,1,CHEMBL3972255
COC(=O)CN(CCNC(=O)c1cc2nccc(Oc3ccc(NC(=O)Nc4cc(C)ccc4F)c(F)c3)c2s1)CC(=O)OC,1,IC50,7.8,1,CHEMBL3975323
COC(=O)C1CCN(C(=O)c2cc3nccc(Oc4ccc(NC(=O)Nc5cc(C)ccc5F)c(F)c4)c3s2)C1,1,IC50,8.3,1,CHEMBL3966952
CCOC(=O)CN1CCN(C(=O)CN2CCN(C(=O)c3cc4nccc(Oc5ccc(NC(=O)Nc6cc(C)ccc6F)c(F)c5)c4s3)CC2)CC1,1,IC50,8.3,1,CHEMBL3895671
CCOC(=O)CN1CCN(C(=O)c2cc3nccc(Oc4ccc(NC(=O)Nc5cc(C)ccc5F)c(F)c4)c3s2)CC1,1,IC50,8.15,1,CHEMBL3965868
COC(=O)CNCCNC(=O)c1cc2nccc(Oc3ccc(NC(=O)Nc4cc(C)ccc4F)c(F)c3)c2s1,1,IC50,8.05,1,CHEMBL3890891
Cc1ccc(F)c(NC(=O)Nc2ccc(Oc3ccnc4cc(C(=O)NCCN)sc34)cc2F)c1,1,IC50,8.4,1,CHEMBL3951242
Cc1ccc(F)c(NC(=O)Nc2ccc(Oc3ccnc4cc(C(=O)NCCNC(=O)OC(C)(C)C)sc34)cc2F)c1,1,IC50,7.62,1,CHEMBL3980166
Cc1ccc(F)c(NC(=O)Nc2ccc(Oc3ccnc4cc(C(=O)NCCCN5CCN(C)CC5)sc34)cc2F)c1,1,IC50,8.52,1,CHEMBL3934764
Cc1ccc(F)c(NC(=O)Nc2ccc(Oc3ccnc4cc(C(=O)NCCCN5CCCC(CO)C5)sc34)cc2F)c1,1,IC50,8.15,1,CHEMBL3967877
Cc1ccc(F)c(NC(=O)Nc2ccc(Oc3ccnc4cc(C(=O)NCCCN5CCOC(CO)C5)sc34)cc2F)c1,1,IC50,8.15,1,CHEMBL3964131
Cc1ccc(F)c(NC(=O)Nc2ccc(Oc3ccnc4cc(C(=O)NCCCN5CCC(O)CC5)sc34)cc2F)c1,1,IC50,8.15,1,CHEMBL3910242
COC(=O)[C@@H]1C[C@@H](O)CN1CCCNC(=O)c1cc2nccc(Oc3ccc(NC(=O)Nc4cc(C)ccc4F)c(F)c3)c2s1,1,IC50,8.3,1,CHEMBL4109002
COC(=O)C1CCCN1CCCNC(=O)c1cc2nccc(Oc3ccc(NC(=O)Nc4cc(C)ccc4F)c(F)c3)c2s1,1,IC50,8.22,1,CHEMBL3978824
Cc1ccc(F)c(NC(=O)Nc2ccc(Oc3ccnc4cc(C(=O)NCCCN5CCCC5)sc34)cc2F)c1,1,IC50,8.52,1,CHEMBL3986984
Cc1ccc(F)c(NC(=O)Nc2ccc(Oc3ccnc4cc(C(=O)NCCCNC(=O)OC(C)(C)C)sc34)cc2F)c1,1,IC50,7.96,1,CHEMBL3958277
Cc1ccc(F)c(NC(=O)Nc2ccc(Oc3ccnc4cc(C(=O)NCCCN)sc34)cc2F)c1,1,IC50,8.15,1,CHEMBL3898150
CCNC(=O)[C@H](CCC(=O)O)NC(=O)c1cc2nccc(Oc3ccc(NC(=O)Nc4cc(C)ccc4F)c(F)c3)c2s1,1,IC50,7.72,1,CHEMBL3972800
Cc1ccc(F)c(NC(=O)Nc2ccc(Oc3ccnc4cc(C(=O)N[C@@H](CCC(=O)OC(C)(C)C)C(=O)O)sc34)cc2F)c1,1,IC50,8.15,1,CHEMBL3966382
Cc1ccc(F)c(NC(=O)Nc2ccc(Oc3ccnc4cc(C(=O)NCCCN5CCC(C(=O)O)C5)sc34)cc2F)c1,1,IC50,7.8,1,CHEMBL3936588
Cc1ccc(F)c(NC(=O)Nc2ccc(Oc3ccnc4cc(C(=O)NCCCO)sc34)cc2F)c1,1,IC50,7.92,1,CHEMBL3905688
COC(=O)CC[C@H](NC(=O)c1cc2nccc(Oc3ccc(NC(=O)Nc4cc(C)ccc4F)c(F)c3)c2s1)C(=O)OC,1,IC50,7.47,1,CHEMBL3933714
Cc1ccc(F)c(NC(=O)Nc2ccc(Oc3ccnc4cc(C(=O)NCCCN5CCOCC5)sc34)cc2F)c1,1,IC50,7.96,1,CHEMBL3918251
CCOC(=O)CCCNC(=O)c1cc2nccc(Oc3ccc(NC(=O)Nc4cc(C)ccc4F)cc3)c2s1,1,IC50,7.7,1,CHEMBL3942670
CCOC(=O)CCCNC(=O)c1cc2nccc(Oc3ccc(NC(=O)Nc4cc(C)ccc4F)c(F)c3)c2s1,1,IC50,7.85,1,CHEMBL3919480
Cc1ccc(F)c(NC(=O)Nc2ccc(Oc3ccnc4cc(C(=O)N=S(C)(C)=O)sc34)cc2F)c1,1,IC50,8.52,1,CHEMBL3944578
Cc1ccc(F)c(NC(=O)Nc2ccc(Oc3ccnc4cc(C(=O)N=S(C)(C)=O)sc34)cc2)c1,1,IC50,8.7,1,CHEMBL3924912
Cc1ccc(F)c(NC(=O)Nc2ccc(Oc3ccnc4cc(C(=O)NCCCC(=O)O)sc34)cc2F)c1,1,IC50,7.89,1,CHEMBL3927233
Cc1ccc(F)c(NC(=O)Nc2ccc(Oc3ccnc4cc(C(=O)NCCCC(=O)O)sc34)cc2)c1,1,IC50,7.92,1,CHEMBL3897945
Cc1ccc(F)c(NC(=O)Nc2ccc(Oc3ccnc4cc(C(=O)NCCCN5CCCCC5)sc34)cc2)c1,1,IC50,8.4,1,CHEMBL3926026
Cc1ccc(F)c(NC(=O)Nc2ccc(Oc3ccnc4cc(C(=O)NCCCN5CCN(C)CC5)sc34)cc2)c1,1,IC50,8.7,1,CHEMBL3906088
Cc1ccc(F)c(NC(=O)Nc2ccc(Oc3ccnc4cc(C(=O)NCCCN5CCCC5)sc34)cc2)c1,1,IC50,8.22,1,CHEMBL3939959
CCN(CC)CCNC(=O)c1cc2nccc(Oc3ccc(NC(=O)Nc4cc(C)ccc4F)cc3)c2s1,1,IC50,8.4,1,CHEMBL3961927
CCN(CC)CCCNC(=O)c1cc2nccc(Oc3ccc(NC(=O)Nc4cc(C)ccc4F)cc3)c2s1,1,IC50,8.52,1,CHEMBL3934424
COC(=O)c1cc2nccc(Oc3cccc(NC(=O)c4occc4C)c3)c2s1,1,IC50,7.62,1,CHEMBL3916459
Cc1ccoc1C(=O)Nc1cccc(Oc2ccnc3cc(C(=O)O)sc23)c1,1,IC50,7.41,1,CHEMBL3891953
CCNC(=O)c1cc2nccc(Oc3cccc(NC(=O)c4occc4C)c3)c2s1,1,IC50,8.05,1,CHEMBL3977907
CCN(CC)C(=O)c1cc2nccc(Oc3cccc(NC(=O)c4occc4C)c3)c2s1,1,IC50,7.57,1,CHEMBL3948737
Cc1ccoc1C(=O)Nc1cccc(Oc2ccnc3cc(C(=O)NO)sc23)c1,1,IC50,7.96,1,CHEMBL3937925
Cc1ccoc1C(=O)Nc1cccc(Oc2ccnc3cc(C(=O)NCCCO)sc23)c1,1,IC50,7.96,1,CHEMBL3906367
Cc1ccoc1C(=O)Nc1cccc(Oc2ccnc3cc(C(=O)NCCO)sc23)c1,1,IC50,7.77,1,CHEMBL3919076
Cc1ccoc1C(=O)Nc1cccc(Oc2ccnc3cc(C(=O)NCCc4nn[nH]n4)sc23)c1,1,IC50,7.85,1,CHEMBL3949914
Cc1ccoc1C(=O)Nc1cccc(Oc2ccnc3cc(C(=O)OCCCO)sc23)c1,1,IC50,8.05,1,CHEMBL3943862
Cc1ccoc1C(=O)Nc1cccc(Oc2ccnc3cc(C(=O)OCCO)sc23)c1,1,IC50,7.77,1,CHEMBL3896274
COCCOC(=O)c1cc2nccc(Oc3cccc(NC(=O)c4occc4C)c3)c2s1,1,IC50,7.72,1,CHEMBL3983962
COC(=O)CNCCCNC(=O)c1cc2nccc(Oc3cccc(NC(=O)c4occc4C)c3)c2s1,1,IC50,7.96,1,CHEMBL3968013
Cc1ccc(F)c(NC(=O)c2cccc(Oc3ccnc4cc(C(=O)O)sc34)c2)c1,1,IC50,7.7,1,CHEMBL3929416
CCNC(=O)c1cc2nccc(Oc3cccc(C(=O)Nc4cc(C)ccc4F)c3)c2s1,1,IC50,8.0,1,CHEMBL3907284
CCN(CC)C(=O)c1cc2nccc(Oc3cccc(C(=O)Nc4cc(C)ccc4F)c3)c2s1,1,IC50,8.15,1,CHEMBL3920518
COC(=O)CNCCCNC(=O)c1cc2nccc(Oc3cccc(C(=O)Nc4cc(C)ccc4F)c3)c2s1,1,IC50,7.8,1,CHEMBL3944929
CCc1cccc(NC(=O)Nc2ccc(-c3cc4ccccc4n3C(N)=O)cc2)c1,1,IC50,8.52,1,CHEMBL3895384
COC(=O)c1ccc2cc(-c3ccc(NC(=O)Nc4cccc(C)c4)cc3)n(C(N)=O)c2c1,1,IC50,8.3,1,CHEMBL3893131
Cc1cccc(NC(=O)Nc2ccc(-c3cc4ccccc4n3C(N)=O)cc2)c1,1,IC50,8.22,1,CHEMBL3944202
CC(C)c1cccc(NC(=O)Nc2ccc(-c3cc4ccccc4n3C(N)=O)cc2)c1,1,IC50,8.22,1,CHEMBL3968343
NC(=O)n1c(-c2ccc(NC(=O)Nc3ccc(F)c(Cl)c3)cc2)cc2ccccc21,1,IC50,8.1,1,CHEMBL3938792
NC(=O)n1c(-c2ccc(NC(=O)Nc3cccc(C(F)(F)F)c3)cc2)cc2ccccc21,1,IC50,8.05,1,CHEMBL3920784
Cc1ccc(F)c(NC(=O)Nc2ccc(-c3cc4ccccc4n3C(N)=O)cc2)c1,1,IC50,8.05,1,CHEMBL3896265
COc1cccc(NC(=O)Nc2ccc(-c3cc4ccccc4n3C(N)=O)cc2)c1,1,IC50,7.96,1,CHEMBL3911854
NC(=O)n1c(-c2ccc(NC(=O)Nc3cc(C(F)(F)F)ccc3F)cc2)cc2ccccc21,1,IC50,7.96,1,CHEMBL3981808
NC(=O)n1c(-c2ccc(NC(=O)Nc3ccccc3)cc2)cc2ccccc21,1,IC50,7.66,1,CHEMBL3939918
Cc1ccc(NC(=O)Nc2ccc(-c3cc4ccccc4n3C(N)=O)cc2)cc1,1,IC50,7.64,1,CHEMBL3908397
Cc1ccccc1NC(=O)Nc1ccc(-c2cc3ccccc3n2C(N)=O)cc1,1,IC50,6.76,1,CHEMBL3979836
Cc1cccc(NC(=O)Nc2cccc(-c3cc4ccccc4n3C(N)=O)c2)c1,1,IC50,6.56,1,CHEMBL3909658
CCc1cccc(NC(=O)Nc2cccc(-c3cc4ccccc4n3C(N)=O)c2)c1,1,IC50,6.62,1,CHEMBL3894099
NC(=O)n1c(-c2cccc(NC(=O)Nc3cccc(C(F)(F)F)c3)c2)cc2ccccc21,1,IC50,6.59,1,CHEMBL3918574
NC(=O)n1c(-c2cccc(NC(=O)Nc3ccc(F)c(Cl)c3)c2)cc2ccccc21,1,IC50,6.6,1,CHEMBL3966485
Cc1ccc(F)c(NC(=O)Nc2cccc(-c3cc4ccccc4n3C(N)=O)c2)c1,1,IC50,6.48,1,CHEMBL3895175
Cc1cccc(NC(=O)Nc2csc(-c3cc4ccccc4n3C(N)=O)c2)c1,1,IC50,7.17,1,CHEMBL3904099
NC(=O)n1c(-c2cc(NC(=O)Nc3cccc(C(F)(F)F)c3)cs2)cc2ccccc21,1,IC50,7.03,1,CHEMBL3945521
CCc1cccc(NC(=O)Nc2csc(-c3cc4ccccc4n3C(N)=O)c2)c1,1,IC50,7.22,1,CHEMBL3974900
Cc1ccc(F)c(NC(=O)Nc2csc(-c3cc4ccccc4n3C(N)=O)c2)c1,1,IC50,7.03,1,CHEMBL3918687
NC(=O)n1c(-c2cc(NC(=O)Nc3ccc(F)c(Cl)c3)cs2)cc2ccccc21,1,IC50,7.08,1,CHEMBL3985195
NC(=O)n1c(-c2cc(NC(=O)Nc3ccc(Cl)c(C(F)(F)F)c3)cs2)cc2ccccc21,1,IC50,6.88,1,CHEMBL3965529
Cc1cc(Oc2cc(NC(=O)C3CC3)ncn2)ccc1NC(=O)Nc1ccc(Cl)c(C(F)(F)F)c1,1,IC50,7.96,1,CHEMBL3957965
O=C(Nc1ccc(Cl)c(C(F)(F)F)c1)Nc1cc(Oc2cc(NC(=O)C3CC3)ncn2)ccc1F,1,IC50,8.27,1,CHEMBL3908050
Cc1cc(Oc2cc(NC(=O)C3CC3)ncn2)c(F)cc1NC(=O)Nc1ccc(Cl)c(C(F)(F)F)c1,1,IC50,7.78,1,CHEMBL3961158
Cc1cc(NC(=O)Nc2ccc(Cl)c(C(F)(F)F)c2)cc(Oc2cc(NC(=O)C3CC3)ncn2)c1,1,IC50,6.54,1,CHEMBL3973469
O=C(Nc1cc(F)cc(Oc2cc(NC(=O)C3CC3)ncn2)c1)Nc1ccc(Cl)c(C(F)(F)F)c1,1,IC50,7.57,1,CHEMBL3943975
N#Cc1cc(NC(=O)Nc2ccc(Cl)c(C(F)(F)F)c2)ccc1Oc1cc(NC(=O)C2CC2)ncn1,1,IC50,7.6,1,CHEMBL3981466
O=C(Nc1ccc(Oc2cc(NC(=O)C3CC3)ncn2)cc1)Nc1ccc(Cl)c(C(F)(F)F)c1,1,IC50,8.24,1,CHEMBL3949308
O=C(Nc1ccc(Oc2cc(NC(=O)C3CC3)ncn2)c(F)c1)Nc1ccc(Cl)c(C(F)(F)F)c1,1,IC50,8.24,1,CHEMBL3952636
O=C(Nc1ccc(Cl)c(C(F)(F)F)c1)Nc1ccc(Oc2cc(NC(=O)C3CC3)ncn2)cc1F,1,IC50,8.05,1,CHEMBL3924928
Cc1cc(NC(=O)Nc2ccc(Cl)c(C(F)(F)F)c2)ccc1Oc1cc(NC(=O)C2CC2)ncn1,1,IC50,7.86,1,CHEMBL3960088
Cc1nc(NC(=O)Nc2ccc(Cl)c(C(F)(F)F)c2)ccc1Oc1cc(NC(=O)C2CC2)ncn1,1,IC50,7.87,1,CHEMBL3932595
O=C(Nc1cccc(Oc2cc(NC(=O)C3CC3)ncn2)c1)Nc1ccc(Cl)c(C(F)(F)F)c1,1,IC50,8.0,1,CHEMBL3971161
O=C(Nc1ccc(F)c(Oc2cc(NC(=O)C3CC3)ncn2)c1)Nc1ccc(Cl)c(C(F)(F)F)c1,1,IC50,7.85,1,CHEMBL3938078
Cc1ccc(Oc2cc(NC(=O)C3CC3)ncn2)cc1NC(=O)Nc1ccc(Cl)c(C(F)(F)F)c1,1,IC50,8.15,1,CHEMBL3976169
O=C(Nc1ccc(Oc2cc(NC(=O)C3CC3)ncn2)nc1)Nc1ccc(Cl)c(C(F)(F)F)c1,1,IC50,8.38,1,CHEMBL3946883
Cc1cc(Oc2cc(NC(=O)C3CC3)ncn2)ncc1NC(=O)Nc1ccc(Cl)c(C(F)(F)F)c1,1,IC50,8.03,1,CHEMBL3955460
Cc1cc(NC(=O)Nc2ccc(Cl)c(C(F)(F)F)c2)cnc1Oc1ccnc(NC(=O)C2CC2)c1,1,IC50,7.54,1,CHEMBL3931364
Cc1cc(Oc2ccnc(NC(=O)C3CC3)c2)ncc1NC(=O)Nc1ccc(Cl)c(C(F)(F)F)c1,1,IC50,8.03,1,CHEMBL3969955
O=C(Nc1cnc(Oc2ccnc(NC(=O)C3CC3)c2)c(Cl)c1)Nc1ccc(Cl)c(C(F)(F)F)c1,1,IC50,7.65,1,CHEMBL3940400
O=C(Nc1ccc(Oc2ccnc(NC(=O)C3CC3)c2)nc1)Nc1ccc(Cl)c(C(F)(F)F)c1,1,IC50,8.24,1,CHEMBL3952726
O=C(Nc1ccc(Cl)c(C(F)(F)F)c1)Nc1ccc(Oc2ccnc(NC(=O)C3CC3)c2)cn1,1,IC50,8.12,1,CHEMBL3984709
O=C(Nc1ccc(Oc2ccnc(NC(=O)C3CC3)c2)c(F)c1)Nc1ccc(Cl)c(C(F)(F)F)c1,1,IC50,8.37,2,CHEMBL3947363
Cc1cc(Oc2ccnc(NC(=O)C3CC3)c2)ccc1NC(=O)Nc1ccc(Cl)c(C(F)(F)F)c1,1,IC50,7.98,1,CHEMBL3976632
O=C(Nc1cc(F)cc(Oc2ccnc(NC(=O)C3CC3)c2)c1)Nc1ccc(Cl)c(C(F)(F)F)c1,1,IC50,7.47,1,CHEMBL3946238
O=C(Nc1cnc(Oc2ccnc(NC(=O)C3CC3)c2)c(F)c1)Nc1ccc(Cl)c(C(F)(F)F)c1,1,IC50,7.83,1,CHEMBL3972376
N#Cc1cc(NC(=O)Nc2ccc(Cl)c(C(F)(F)F)c2)ccc1Oc1ccnc(NC(=O)C2CC2)c1,1,IC50,7.74,1,CHEMBL3961406
CC1(C(=O)Nc2cc(Oc3ccc(NC(=O)Nc4ccc(Cl)c(C(F)(F)F)c4)cc3F)ccn2)CC1,1,IC50,7.9,1,CHEMBL3926946
O=C(Nc1ccc(Cl)c(C(F)(F)F)c1)Nc1ccc(Oc2ccnc(NC(=O)C3CC3)c2)cc1F,1,IC50,8.41,1,CHEMBL3894725
Cc1ccc(Oc2ccnc(NC(=O)C3CC3)c2)cc1NC(=O)Nc1ccc(Cl)c(C(F)(F)F)c1,1,IC50,7.91,1,CHEMBL3896485
Cc1cc(NC(=O)Nc2ccc(Cl)c(C(F)(F)F)c2)ccc1Oc1ccnc(NC(=O)C2CC2)c1,1,IC50,7.84,1,CHEMBL3961993
Cc1cc(Oc2cc(NC(=O)C3CC3)ncn2)ccc1NC(=O)Nc1cc(NC(C)C)cc(C(F)(F)F)c1,1,IC50,7.58,1,CHEMBL3985263
CC(F)(F)c1cncc(NC(=O)Nc2ccc(Oc3ccnc(NC(=O)C4CC4)c3)cc2F)c1,1,IC50,8.25,1,CHEMBL3956594
O=C(Nc1cccc(OC(F)(F)F)c1)Nc1ccc(Oc2ccnc(NC(=O)C3CC3)c2)cc1F,1,IC50,7.99,1,CHEMBL3910983
CC(F)(F)c1cc(F)cc(NC(=O)Nc2ccc(Oc3ccnc(NC(=O)C4CC4)c3)cc2F)c1,1,IC50,8.11,1,CHEMBL3984219
CN1CCC(c2ccc(NC(=O)Nc3ccc(Oc4ccnc(NC(=O)C5CC5)c4)c(F)c3)cc2C(F)(F)F)CC1,1,IC50,7.81,1,CHEMBL3901963
CS(=O)(=O)c1cc(NC(=O)Nc2ccc(Oc3ccnc(NC(=O)C4CC4)c3)c(F)c2)cc(C(F)(F)F)c1,1,IC50,7.87,1,CHEMBL3973002
CN1CCC(Oc2cc(NC(=O)Nc3ccc(Oc4ccnc(NC(=O)C5CC5)c4)c(F)c3)cc(C(F)(F)F)c2)C1,1,IC50,8.09,1,CHEMBL3986500
O=C(Nc1cc(OC2CCOC2)cc(C(F)(F)F)c1)Nc1ccc(Oc2ccnc(NC(=O)C3CC3)c2)c(F)c1,1,IC50,7.85,1,CHEMBL3954419
CN1CCC(C(=O)c2cc(NC(=O)Nc3ccc(Oc4ccnc(NC(=O)C5CC5)c4)c(F)c3)cc(C(F)(F)F)c2)CC1,1,IC50,7.82,1,CHEMBL3979437
CC1CN(c2cc(NC(=O)Nc3ccc(Oc4ccnc(NC(=O)C5CC5)c4)c(F)c3)cc(C(F)(F)F)c2)C(=O)O1,1,IC50,8.38,1,CHEMBL3909183
Nc1nnc(-c2cc(NC(=O)Nc3ccc(Oc4ccnc(NC(=O)C5CC5)c4)c(F)c3)cc(C(F)(F)F)c2)o1,1,IC50,7.94,1,CHEMBL3962502
COCC(=O)Nc1cc(NC(=O)Nc2ccc(Oc3ccnc(NC(=O)C4CC4)c3)c(F)c2)cc(C(F)(F)F)c1,1,IC50,7.74,1,CHEMBL3889965
CC(=O)Nc1cc(NC(=O)Nc2ccc(Oc3ccnc(NC(=O)C4CC4)c3)c(F)c2)cc(C(F)(F)F)c1,1,IC50,7.85,1,CHEMBL3966058
CC(c1cc(NC(=O)Nc2ccc(Oc3ccnc(NC(=O)C4CC4)c3)c(F)c2)cc(C(F)(F)F)c1)N1CCN(C)CC1,1,IC50,7.81,1,CHEMBL3894710
O=C(Nc1cc(N2CCC(F)CC2)cc(C(F)(F)F)c1)Nc1ccc(Oc2ccnc(NC(=O)C3CC3)c2)c(F)c1,1,IC50,7.78,1,CHEMBL3971285
CC1CN(c2cc(NC(=O)Nc3ccc(Oc4ccnc(NC(=O)C5CC5)c4)c(F)c3)cc(C(F)(F)F)c2)CC(C)O1,1,IC50,8.21,1,CHEMBL3903645
CN(C)C1CCN(c2cc(NC(=O)Nc3ccc(Oc4ccnc(NC(=O)C5CC5)c4)c(F)c3)cc(C(F)(F)F)c2)C1,1,IC50,8.14,1,CHEMBL3986639
O=C(Nc1cc(NC2CC2)cc(C(F)(F)F)c1)Nc1ccc(Oc2ccnc(NC(=O)C3CC3)c2)c(F)c1,1,IC50,8.0,1,CHEMBL3916910
CCOC(=O)C(C)(C)CNc1cc(NC(=O)Nc2ccc(Oc3ccnc(NC(=O)C4CC4)c3)c(F)c2)cc(C(F)(F)F)c1,1,IC50,7.89,1,CHEMBL3944909
O=C(Nc1cc(N2CCC(O)CC2)cc(C(F)(F)F)c1)Nc1ccc(Oc2ccnc(NC(=O)C3CC3)c2)c(F)c1,1,IC50,8.28,1,CHEMBL3916992
O=C(Nc1cc(N2CCCC2=O)cc(C(F)(F)F)c1)Nc1ccc(Oc2ccnc(NC(=O)C3CC3)c2)c(F)c1,1,IC50,7.81,1,CHEMBL3953630
O=C(Nc1cc(N2CCN(CCF)CC2)cc(C(F)(F)F)c1)Nc1ccc(Oc2ccnc(NC(=O)C3CC3)c2)c(F)c1,1,IC50,7.89,1,CHEMBL3929401
CC(C)N1CCN(c2cc(NC(=O)Nc3ccc(Oc4ccnc(NC(=O)C5CC5)c4)c(F)c3)cc(C(F)(F)F)c2)CC1,1,IC50,7.82,1,CHEMBL3930543
CCN1CCN(c2cc(NC(=O)Nc3ccc(Oc4ccnc(NC(=O)C5CC5)c4)c(F)c3)cc(C(F)(F)F)c2)CC1,1,IC50,7.84,1,CHEMBL3902552
CC(F)(F)c1cncc(NC(=O)Nc2ccc(Oc3ccnc(NC(=O)C4CC4)c3)c(F)c2)c1,1,IC50,7.76,1,CHEMBL3939532
O=C(Nc1cccc(C2CC2)c1)Nc1ccc(Oc2ccnc(NC(=O)C3CC3)c2)c(F)c1,1,IC50,7.92,1,CHEMBL3908005
O=C(Nc1ccc(Oc2ccnc(NC(=O)C3CC3)c2)c(F)c1)Nc1cc(C2CC2)ccc1F,1,IC50,7.86,1,CHEMBL3937184
O=C(Nc1ccc(Oc2ccnc(NC(=O)C3CC3)c2)c(F)c1)Nc1ccc2[nH]cc(F)c2c1,1,IC50,8.09,1,CHEMBL3909258
O=C(Nc1cc(C2CCN(C3CC3)CC2)cc(C(F)(F)F)c1)Nc1ccc(Oc2ccnc(NC(=O)C3CC3)c2)c(F)c1,1,IC50,7.46,1,CHEMBL3952894
O=C(Nc1cccc(C(F)(F)F)c1)Nc1ccc(Oc2ccnc(NC(=O)C3CC3)c2)c(F)c1,1,IC50,8.43,1,CHEMBL3978551
N#Cc1ccc(NC(=O)Nc2ccc(Oc3ccnc(NC(=O)C4CC4)c3)c(F)c2)cc1C(F)(F)F,1,IC50,8.14,1,CHEMBL3940692
O=C(Nc1ccc(Oc2ccnc(NC(=O)C3CC3)c2)c(F)c1)Nc1ccc(Cl)c(OC(F)(F)F)c1,1,IC50,8.26,1,CHEMBL3970244
CN1CCN(Cc2cc(NC(=O)Nc3ccc(Oc4ccnc(NC(=O)C5CC5)c4)cc3)cc(C(F)(F)F)c2)CC1,1,IC50,7.92,1,CHEMBL3931682
CC(F)(F)c1cncc(NC(=O)Nc2ccc(Oc3ccnc(NC(=O)C4CC4)c3)cc2)c1,1,IC50,8.19,1,CHEMBL3941664
CN1C(=O)C2(CC2)c2cc(NC(=O)Nc3ccc(Oc4ccnc(NC(=O)C5CC5)c4)cc3)ccc21,1,IC50,8.1,1,CHEMBL3926270
CC(c1cc(NC(=O)Nc2ccc(Oc3ccnc(NC(=O)C4CC4)c3)c(F)c2)cc(C(F)(F)F)c1)N1CCNCC1,1,IC50,7.58,1,CHEMBL3953910
CC(N)c1cc(NC(=O)Nc2ccc(Oc3ccnc(NC(=O)C4CC4)c3)c(F)c2)cc(C(F)(F)F)c1,1,IC50,7.8,1,CHEMBL3917278
O=C(Nc1cc(NC2CCNCC2)cc(C(F)(F)F)c1)Nc1ccc(Oc2ccnc(NC(=O)C3CC3)c2)c(F)c1,1,IC50,7.77,1,CHEMBL3941740
Cc1cc(Oc2cc(NC(=O)C3CC3)ncn2)ccc1NC(=O)Nc1ccc(F)c(C(F)(F)F)c1,1,IC50,7.96,1,CHEMBL3913166
Cc1cc(Oc2cc(NC(=O)C3CC3)ncn2)ccc1NC(=O)Nc1ccc(F)c(C(C)(F)F)c1,1,IC50,7.88,1,CHEMBL3986456
Cc1cc(Oc2cc(NC(=O)C3CC3)ncn2)ccc1NC(=O)Nc1ccc(C)c(C(F)(F)F)c1,1,IC50,8.05,1,CHEMBL3904153
Cc1cc(Oc2cc(NC(=O)C3CC3)ncn2)ccc1NC(=O)Nc1cc(C2CCN(C)CC2)cc(C(F)(F)F)c1,1,IC50,7.85,1,CHEMBL3975035
Cc1cc(Oc2cc(NC(=O)C3CC3)ncn2)ccc1NC(=O)Nc1cccc(C(F)(F)F)c1,1,IC50,7.98,1,CHEMBL3898689
Cc1cc(Oc2cc(NC(=O)C3CC3)ncn2)ccc1NC(=O)Nc1cc(Cl)cc(C(F)(F)F)c1,1,IC50,7.88,1,CHEMBL3966540
Cc1cc(Oc2cc(NC(=O)C3CC3)ncn2)ccc1NC(=O)Nc1cc(NC2CCN(C)CC2)cc(C(F)(F)F)c1,1,IC50,7.9,1,CHEMBL3889762
Cc1cc(Oc2cc(NC(=O)C3CC3)ncn2)ccc1NC(=O)Nc1cc(N2CCCC2)cc(C(F)(F)F)c1,1,IC50,7.84,1,CHEMBL3958800
Cc1cc(Oc2cc(NC(=O)C3CC3)ncn2)ccc1NC(=O)Nc1ccc(NC2CCN(C)CC2)c(C(F)(F)F)c1,1,IC50,7.88,1,CHEMBL3920945
Cc1cc(Oc2cc(NC(=O)C3CC3)ncn2)ccc1NC(=O)Nc1cccc(OC(F)(F)F)c1,1,IC50,7.85,1,CHEMBL3896430
Cc1cc(Oc2cc(NC(=O)C3CC3)ncn2)ccc1NC(=O)Nc1cc(OC(F)(F)F)ccc1F,1,IC50,8.09,1,CHEMBL3889544
Cc1cc(Oc2cc(NC(=O)C3CC3)ncn2)ccc1NC(=O)Nc1ccc(F)c(OC(F)(F)F)c1,1,IC50,7.88,1,CHEMBL3917570
Cc1cc(Oc2cc(NC(=O)C3CC3)ncn2)ccc1NC(=O)Nc1ccc(Cl)c(OC(F)(F)F)c1,1,IC50,8.17,1,CHEMBL3895044
Cc1cc(Oc2cc(NC(=O)C3CC3)ncn2)ccc1NC(=O)Nc1cc(F)cc(C(C)(F)F)c1,1,IC50,7.84,1,CHEMBL3926547
Cc1cc(Oc2cc(NC(=O)C3CC3)ncn2)ccc1NC(=O)Nc1cccc(C(C)(F)F)c1,1,IC50,7.91,1,CHEMBL3903969
Cc1cc(Oc2cc(NC(=O)C3CC3)ncn2)ccc1NC(=O)Nc1ccc(Cl)c(C(C)(F)F)c1,1,IC50,7.97,1,CHEMBL3931966
Cc1cc(Oc2cc(NC(=O)C3CC3)ncn2)ccc1NC(=O)Nc1ccc(C#N)c(Cl)c1,1,IC50,8.08,1,CHEMBL3916488
Cc1cc(Oc2cc(NC(=O)C3CC3)ncn2)ccc1NC(=O)Nc1cc(N2CCOCC2)cc(C(F)(F)F)c1,1,IC50,7.89,1,CHEMBL3940976
O=C(Nc1ccc(Oc2cc(NC(=O)C3CC3)ncn2)c(Cl)c1)Nc1ccc(F)c(C(F)(F)F)c1,1,IC50,7.94,1,CHEMBL3925474
O=C(Nc1ccc(F)c(C(F)(F)F)c1)Nc1ccc(Oc2cc(NC(=O)C3CC3)ncn2)cc1Cl,1,IC50,7.82,1,CHEMBL3953141
O=C(Nc1cc(F)cc(C(F)(F)F)c1)Nc1ccc(Oc2cc(NC(=O)C3CC3)ncn2)cc1Cl,1,IC50,7.91,1,CHEMBL3942331
Cc1cc(Oc2cc(NC(=O)C3CC3)ncn2)c(F)cc1NC(=O)Nc1ccc(Cl)c(C(C)(F)F)c1,1,IC50,7.89,1,CHEMBL3914330
Cc1cc(NC(=O)Nc2ccc(F)c(C(F)(F)F)c2)cc(Oc2cc(NC(=O)C3CC3)ncn2)c1,1,IC50,6.72,1,CHEMBL3923206
Cc1cc(NC(=O)Nc2cc(F)cc(C(F)(F)F)c2)cc(Oc2cc(NC(=O)C3CC3)ncn2)c1,1,IC50,6.7,1,CHEMBL3919864
Cc1cc(NC(=O)Nc2cccc(C(F)(F)F)c2)cc(Oc2cc(NC(=O)C3CC3)ncn2)c1,1,IC50,6.7,1,CHEMBL3928634
Cc1cc(NC(=O)Nc2cccc(OC(F)(F)F)c2)cc(Oc2cc(NC(=O)C3CC3)ncn2)c1,1,IC50,6.36,1,CHEMBL3900665
Cc1cc(NC(=O)Nc2ccc(Cl)c(C(C)(F)F)c2)cc(Oc2cc(NC(=O)C3CC3)ncn2)c1,1,IC50,6.21,1,CHEMBL3937667
O=C(Nc1cc(F)cc(Oc2cc(NC(=O)C3CC3)ncn2)c1)Nc1ccc(F)c(C(F)(F)F)c1,1,IC50,7.2,1,CHEMBL3913168
O=C(Nc1cc(F)cc(Oc2cc(NC(=O)C3CC3)ncn2)c1)Nc1cc(F)cc(C(F)(F)F)c1,1,IC50,6.98,1,CHEMBL3906467
CC(F)(F)c1cc(NC(=O)Nc2cc(F)cc(Oc3cc(NC(=O)C4CC4)ncn3)c2)ccc1Cl,1,IC50,7.39,1,CHEMBL3977137
O=C(Nc1ccc(Oc2cc(NC(=O)C3CC3)ncn2)cc1)Nc1ccc(F)c(C(F)(F)F)c1,1,IC50,8.05,1,CHEMBL3912594
O=C(Nc1ccc(Oc2cc(NC(=O)C3CC3)ncn2)cc1)Nc1cc(F)cc(C(F)(F)F)c1,1,IC50,7.9,1,CHEMBL3950516
O=C(Nc1cccc(C(F)(F)F)c1)Nc1ccc(Oc2cc(NC(=O)C3CC3)ncn2)c(F)c1,1,IC50,7.82,1,CHEMBL3907102
CC(F)(F)c1cccc(NC(=O)Nc2ccc(Oc3cc(NC(=O)C4CC4)ncn3)c(F)c2)c1,1,IC50,7.91,1,CHEMBL3935064
CC(F)(F)c1ccc(F)c(NC(=O)Nc2ccc(Oc3cc(NC(=O)C4CC4)ncn3)c(F)c2)c1,1,IC50,7.99,1,CHEMBL3905825
CC(F)(F)c1cc(NC(=O)Nc2ccc(Oc3cc(NC(=O)C4CC4)ncn3)c(F)c2)ccc1Cl,1,IC50,7.95,1,CHEMBL3930387
CC(F)(F)c1cc(NC(=O)Nc2ccc(Oc3cc(NC(=O)C4CC4)ncn3)c(F)c2)ccc1F,1,IC50,7.98,1,CHEMBL3893417
O=C(Nc1ccc(Oc2cc(NC(=O)C3CC3)ncn2)cc1F)Nc1cc(C(F)(F)F)ccc1F,1,IC50,7.87,1,CHEMBL3921434
O=C(Nc1cccc(C(F)(F)F)c1)Nc1ccc(Oc2cc(NC(=O)C3CC3)ncn2)cc1F,1,IC50,8.07,1,CHEMBL3975481
CC(F)(F)c1ccc(F)c(NC(=O)Nc2ccc(Oc3cc(NC(=O)C4CC4)ncn3)cc2F)c1,1,IC50,7.96,1,CHEMBL3908195
CC(F)(F)c1cc(NC(=O)Nc2ccc(Oc3cc(NC(=O)C4CC4)ncn3)cc2F)ccc1Cl,1,IC50,8.14,1,CHEMBL3977258
Cc1cc(NC(=O)Nc2ccc(F)c(C(F)(F)F)c2)ccc1Oc1cc(NC(=O)C2CC2)ncn1,1,IC50,8.15,1,CHEMBL3906608
Cc1cc(NC(=O)Nc2cccc(C(F)(F)F)c2)ccc1Oc1cc(NC(=O)C2CC2)ncn1,1,IC50,7.84,1,CHEMBL3982058
Cc1cc(NC(=O)Nc2cccc(OC(F)(F)F)c2)ccc1Oc1cc(NC(=O)C2CC2)ncn1,1,IC50,8.09,1,CHEMBL3976140
Cc1cc(NC(=O)Nc2ccc(Cl)c(OC(F)(F)F)c2)ccc1Oc1cc(NC(=O)C2CC2)ncn1,1,IC50,8.01,1,CHEMBL3961936
Cc1cc(NC(=O)Nc2cc(F)cc(C(C)(F)F)c2)ccc1Oc1cc(NC(=O)C2CC2)ncn1,1,IC50,8.02,1,CHEMBL3892923
Cc1cc(NC(=O)Nc2cc(C(C)(F)F)ccc2F)ccc1Oc1cc(NC(=O)C2CC2)ncn1,1,IC50,8.1,1,CHEMBL3914631
Cc1cc(NC(=O)Nc2ccc(Cl)c(C(C)(F)F)c2)ccc1Oc1cc(NC(=O)C2CC2)ncn1,1,IC50,7.92,1,CHEMBL3963823
Cc1cc(NC(=O)Nc2ccc(F)c(C(C)(F)F)c2)ccc1Oc1cc(NC(=O)C2CC2)ncn1,1,IC50,8.13,1,CHEMBL3940325
O=C(Nc1cccc(Oc2cc(NC(=O)C3CC3)ncn2)c1)Nc1ccc(F)c(C(F)(F)F)c1,1,IC50,7.83,1,CHEMBL3969861
O=C(Nc1cccc(Oc2cc(NC(=O)C3CC3)ncn2)c1)Nc1cccc(C(F)(F)F)c1,1,IC50,7.92,1,CHEMBL3973125
O=C(Nc1cccc(Oc2cc(NC(=O)C3CC3)ncn2)c1)Nc1cccc(OC(F)(F)F)c1,1,IC50,7.94,1,CHEMBL3947019
CC(F)(F)c1cc(NC(=O)Nc2cccc(Oc3cc(NC(=O)C4CC4)ncn3)c2)ccc1Cl,1,IC50,8.06,1,CHEMBL3962147
CN(c1ccc(NC(=O)Nc2cccc(C(F)(F)F)c2)c(F)c1)c1cc(NC(=O)C2CC2)ncn1,1,IC50,8.13,1,CHEMBL3934657
Cc1cc(NC(=O)Nc2cc(C(F)(F)F)ccc2F)cnc1Oc1ccnc(NC(=O)C2CC2)c1,1,IC50,7.86,1,CHEMBL3905711
COc1ccc(NC(=O)Nc2cnc(Oc3ccnc(NC(=O)C4CC4)c3)c(C)c2)cc1C(F)(F)F,1,IC50,8.06,1,CHEMBL3964796
Cc1cc(NC(=O)Nc2cc(OC(C)C)cc(C(F)(F)F)c2)cnc1Oc1ccnc(NC(=O)C2CC2)c1,1,IC50,7.52,1,CHEMBL3977445
Cc1cc(Oc2ccnc(NC(=O)C3CC3)c2)ncc1NC(=O)Nc1cc(C(F)(F)F)ccc1F,1,IC50,7.93,1,CHEMBL3948208
Cc1cc(Oc2ccnc(NC(=O)C3CC3)c2)ncc1NC(=O)Nc1cc(C(C)(F)F)ccc1F,1,IC50,8.01,1,CHEMBL3965770
O=C(Nc1ccc(Oc2ccnc(NC(=O)C3CC3)c2)nc1)Nc1cc(N2CCC(F)CC2)cc(C(F)(F)F)c1,1,IC50,7.85,1,CHEMBL3939438
CS(=O)(=O)c1cc(NC(=O)Nc2ccc(Oc3ccnc(NC(=O)C4CC4)c3)nc2)cc(C(F)(F)F)c1,1,IC50,8.34,1,CHEMBL3958722
CN1CCC(Nc2cc(NC(=O)Nc3ccc(Oc4ccnc(NC(=O)C5CC5)c4)nc3)cc(C(F)(F)F)c2)CC1,1,IC50,8.21,1,CHEMBL3983977
O=C(Nc1ccc(Oc2ccnc(NC(=O)C3CC3)c2)nc1)Nc1cc(N2CCS(=O)(=O)CC2)cc(C(F)(F)F)c1,1,IC50,8.0,1,CHEMBL3939419
N#Cc1ccc(NC(=O)Nc2ccc(Oc3ccnc(NC(=O)C4CC4)c3)cn2)cc1C(F)(F)F,1,IC50,8.04,1,CHEMBL3975944
CN1CCC(c2cc(NC(=O)Nc3ccc(Oc4ccnc(NC(=O)C5CC5)c4)cn3)cc(C(F)(F)F)c2)CC1,1,IC50,8.11,1,CHEMBL3986769
O=C(Nc1cccc(C(F)(F)F)c1)Nc1ccc(Oc2ccnc(NC(=O)C3CC3)c2)cn1,1,IC50,8.24,1,CHEMBL3970862
CS(=O)(=O)c1cc(NC(=O)Nc2ccc(Oc3ccnc(NC(=O)C4CC4)c3)cn2)cc(C(F)(F)F)c1,1,IC50,8.18,1,CHEMBL3932302
O=C(Nc1ccc(Oc2ccnc(NC(=O)C3CC3)c2)cc1)Nc1ccc(Cl)c(C(F)(F)F)c1,1,IC50,7.99,1,CHEMBL3959805
O=C(Nc1ccc(Oc2ccnc(NC(=O)C3CC3)c2)cc1)Nc1ccc(F)c(C(F)(F)F)c1,1,IC50,7.98,1,CHEMBL3968567
N#Cc1ccc(NC(=O)Nc2ccc(Oc3ccnc(NC(=O)C4CC4)c3)cc2)cc1C(F)(F)F,1,IC50,8.0,1,CHEMBL3929084
Cc1ccc(NC(=O)Nc2ccc(Oc3ccnc(NC(=O)C4CC4)c3)cc2)cc1C(F)(F)F,1,IC50,8.0,1,CHEMBL3982410
O=C(Nc1ccc(Oc2ccnc(NC(=O)C3CC3)c2)cc1)Nc1cc(F)cc(C(F)(F)F)c1,1,IC50,8.15,1,CHEMBL3964861
O=C(Nc1ccc(Oc2ccnc(NC(=O)C3CC3)c2)cc1)Nc1cc(C(F)(F)F)ccc1Cl,1,IC50,7.98,1,CHEMBL3913290
CN1CCC(c2cc(NC(=O)Nc3ccc(Oc4ccnc(NC(=O)C5CC5)c4)cc3)cc(C(F)(F)F)c2)CC1,1,IC50,8.02,1,CHEMBL3968087
O=C(Nc1ccc(Oc2ccnc(NC(=O)C3CC3)c2)cc1)Nc1cccc(C(F)(F)F)c1,1,IC50,7.94,1,CHEMBL3969593
CS(=O)(=O)c1cc(NC(=O)Nc2ccc(Oc3ccnc(NC(=O)C4CC4)c3)cc2)cc(C(F)(F)F)c1,1,IC50,8.12,1,CHEMBL3928460
O=C(Nc1ccc(Oc2ccnc(NC(=O)C3CC3)c2)cc1)Nc1cccc(OC(F)(F)F)c1,1,IC50,8.11,1,CHEMBL3977612
CC(F)(F)c1ccnc(NC(=O)Nc2ccc(Oc3ccnc(NC(=O)C4CC4)c3)cc2)c1,1,IC50,7.96,1,CHEMBL3944994
CC(F)(F)c1ccc(F)c(NC(=O)Nc2ccc(Oc3ccnc(NC(=O)C4CC4)c3)cc2)c1,1,IC50,8.21,1,CHEMBL3892248
CC(F)(F)c1cc(NC(=O)Nc2ccc(Oc3ccnc(NC(=O)C4CC4)c3)cc2)ccc1Cl,1,IC50,7.59,1,CHEMBL3961228
CC(F)(F)c1cc(NC(=O)Nc2ccc(Oc3ccnc(NC(=O)C4CC4)c3)cc2)ccc1F,1,IC50,7.94,1,CHEMBL3939655
O=C(Nc1ccc(Oc2ccnc(NC(=O)C3CC3)c2)cc1)Nc1ccc2c(c1)C(F)(F)CCO2,1,IC50,8.35,1,CHEMBL3969197
N#Cc1cc(NC(=O)Nc2ccc(Oc3ccnc(NC(=O)C4CC4)c3)cc2)cc(C(F)(F)F)c1,1,IC50,8.15,1,CHEMBL3951823
O=C(Nc1ccc(Oc2ccnc(NC(=O)C3CC3)c2)c(F)c1)Nc1ccc(F)c(C(F)(F)F)c1,1,IC50,7.82,1,CHEMBL3977627
Cc1ccc(NC(=O)Nc2ccc(Oc3ccnc(NC(=O)C4CC4)c3)c(F)c2)cc1C(F)(F)F,1,IC50,7.95,1,CHEMBL3925225
O=C(Nc1cc(F)cc(C(F)(F)F)c1)Nc1ccc(Oc2ccnc(NC(=O)C3CC3)c2)c(F)c1,1,IC50,7.92,1,CHEMBL3952920
O=C(Nc1ccc(Oc2ccnc(NC(=O)C3CC3)c2)c(F)c1)Nc1cc(C(F)(F)F)ccc1F,1,IC50,8.08,1,CHEMBL3930655
O=C(Nc1ccc(Oc2ccnc(NC(=O)C3CC3)c2)c(F)c1)Nc1cc(C(F)(F)F)ccc1Cl,1,IC50,8.23,1,CHEMBL3961613
O=C(Nc1ccnc(C(F)(F)F)c1)Nc1ccc(Oc2ccnc(NC(=O)C3CC3)c2)c(F)c1,1,IC50,8.08,1,CHEMBL3931839
O=C(Nc1cc(-c2ccncc2)cc(C(F)(F)F)c1)Nc1ccc(Oc2ccnc(NC(=O)C3CC3)c2)c(F)c1,1,IC50,8.1,1,CHEMBL3959327
O=C(Nc1ccc(Oc2ccnc(NC(=O)C3CC3)c2)c(F)c1)Nc1ccc(C(F)(F)F)cc1Cl,1,IC50,8.11,1,CHEMBL3924816
CN1CCC(Nc2cc(NC(=O)Nc3ccc(Oc4ccnc(NC(=O)C5CC5)c4)c(F)c3)cc(C(F)(F)F)c2)CC1,1,IC50,7.91,1,CHEMBL3893285
CC1CN(c2cc(NC(=O)Nc3ccc(Oc4ccnc(NC(=O)C5CC5)c4)c(F)c3)cc(C(F)(F)F)c2)CCO1,1,IC50,8.17,1,CHEMBL3949794
C=CC(=O)Nc1cc(NC(=O)Nc2ccc(Oc3ccnc(NC(=O)C4CC4)c3)c(F)c2)cc(C(F)(F)F)c1,1,IC50,7.94,1,CHEMBL3985563
CN1CCC(Oc2cc(NC(=O)Nc3ccc(Oc4ccnc(NC(=O)C5CC5)c4)c(F)c3)cc(C(F)(F)F)c2)CC1,1,IC50,7.51,1,CHEMBL3939238
CS(=O)(=O)Nc1cc(NC(=O)Nc2ccc(Oc3ccnc(NC(=O)C4CC4)c3)c(F)c2)cc(C(F)(F)F)c1,1,IC50,8.26,1,CHEMBL3943475
O=C(Nc1cc(N2CCS(=O)(=O)CC2)cc(C(F)(F)F)c1)Nc1ccc(Oc2ccnc(NC(=O)C3CC3)c2)c(F)c1,1,IC50,7.94,1,CHEMBL3939020
CN1CCN(Cc2cc(NC(=O)Nc3ccc(Oc4ccnc(NC(=O)C5CC5)c4)c(F)c3)cc(C(F)(F)F)c2)CC1,1,IC50,7.79,1,CHEMBL3902261
CN1CCC(Nc2ccc(NC(=O)Nc3ccc(Oc4ccnc(NC(=O)C5CC5)c4)c(F)c3)cc2C(F)(F)F)CC1,1,IC50,7.92,1,CHEMBL3964493
O=C(Nc1cncc(C(F)(F)F)c1)Nc1ccc(Oc2ccnc(NC(=O)C3CC3)c2)c(F)c1,1,IC50,7.84,1,CHEMBL3929131
O=C(Nc1ccc(Oc2ccnc(NC(=O)C3CC3)c2)c(F)c1)Nc1cc(C(F)(F)F)ncn1,1,IC50,8.25,1,CHEMBL3913927
O=C(Nc1cc(N2CCOCC2=O)cc(C(F)(F)F)c1)Nc1ccc(Oc2ccnc(NC(=O)C3CC3)c2)c(F)c1,1,IC50,7.91,1,CHEMBL3945350
CN1CCN(c2cc(C(F)(F)F)cc(NC(=O)Nc3ccc(Oc4ccnc(NC(=O)C5CC5)c4)c(F)c3)n2)CC1,1,IC50,7.83,1,CHEMBL3908510
CN1CCC(Nc2cc(C(F)(F)F)cc(NC(=O)Nc3ccc(Oc4ccnc(NC(=O)C5CC5)c4)c(F)c3)n2)CC1,1,IC50,7.65,1,CHEMBL3936457
O=C(Nc1ccc(Oc2ccnc(NC(=O)C3CC3)c2)c(F)c1)Nc1cc(C(F)(F)F)cc(N2CCOCC2)n1,1,IC50,8.27,1,CHEMBL3935348
O=C(Nc1cccc(OC(F)(F)F)c1)Nc1ccc(Oc2ccnc(NC(=O)C3CC3)c2)c(F)c1,1,IC50,8.31,1,CHEMBL3959341
O=C(Nc1ccc(Oc2ccnc(NC(=O)C3CC3)c2)c(F)c1)Nc1cc(OC(F)(F)F)ccc1F,1,IC50,8.24,1,CHEMBL3922912
O=C(Nc1ccc(Oc2ccnc(NC(=O)C3CC3)c2)c(F)c1)Nc1ccc(F)c(OC(F)(F)F)c1,1,IC50,8.02,1,CHEMBL3963883
O=C(Nc1ccc(OC(F)(F)F)cc1)Nc1ccc(Oc2ccnc(NC(=O)C3CC3)c2)c(F)c1,1,IC50,8.28,1,CHEMBL3906129
CC(F)(F)c1cc(F)cc(NC(=O)Nc2ccc(Oc3ccnc(NC(=O)C4CC4)c3)c(F)c2)c1,1,IC50,7.98,1,CHEMBL3937703
CC(F)(F)c1cccc(NC(=O)Nc2ccc(Oc3ccnc(NC(=O)C4CC4)c3)c(F)c2)c1,1,IC50,8.01,1,CHEMBL3921563
CC(F)(F)c1ccc(F)c(NC(=O)Nc2ccc(Oc3ccnc(NC(=O)C4CC4)c3)c(F)c2)c1,1,IC50,8.15,1,CHEMBL3893548
CC(F)(F)c1cc(NC(=O)Nc2ccc(Oc3ccnc(NC(=O)C4CC4)c3)c(F)c2)ccc1Cl,1,IC50,7.83,1,CHEMBL3930516
CC(F)(F)c1cc(NC(=O)Nc2ccc(Oc3ccnc(NC(=O)C4CC4)c3)c(F)c2)ccc1F,1,IC50,7.87,1,CHEMBL3898941
O=C(Nc1ccc(Oc2ccnc(NC(=O)C3CC3)c2)c(F)c1)Nc1cc(Cl)ccc1F,1,IC50,8.12,1,CHEMBL3935930
O=C(Nc1ccc(Oc2ccnc(NC(=O)C3CC3)c2)c(F)c1)Nc1ccc(C(F)(F)F)c(Cl)c1,1,IC50,7.91,1,CHEMBL3907975
O=C(Nc1cc(-c2cccnc2)cc(C(F)(F)F)c1)Nc1ccc(Oc2ccnc(NC(=O)C3CC3)c2)c(F)c1,1,IC50,8.3,1,CHEMBL3944876
CC(C)Nc1cc(NC(=O)Nc2ccc(Oc3ccnc(NC(=O)C4CC4)c3)c(F)c2)cc(C(F)(F)F)c1,1,IC50,8.17,1,CHEMBL3920464
CN1CCC(Oc2ccc(NC(=O)Nc3ccc(Oc4ccnc(NC(=O)C5CC5)c4)c(F)c3)cc2C(F)(F)F)CC1,1,IC50,7.76,1,CHEMBL3913774
O=C(Nc1cc(N2CCOCC2)cc(C(F)(F)F)c1)Nc1ccc(Oc2ccnc(NC(=O)C3CC3)c2)c(F)c1,1,IC50,7.97,1,CHEMBL3983575
N#Cc1cc(NC(=O)Nc2ccc(Oc3ccnc(NC(=O)C4CC4)c3)c(F)c2)cc(C(F)(F)F)c1,1,IC50,7.92,1,CHEMBL3972070
Cc1cc(Oc2ccnc(NC(=O)C3CC3)c2)ccc1NC(=O)Nc1ccc(F)c(C(F)(F)F)c1,1,IC50,7.93,1,CHEMBL3900935
Cc1cc(Oc2ccnc(NC(=O)C3CC3)c2)ccc1NC(=O)Nc1cc(F)cc(C(F)(F)F)c1,1,IC50,7.76,1,CHEMBL3977041
Cc1cc(Oc2ccnc(NC(=O)C3CC3)c2)ccc1NC(=O)Nc1cccc(C(F)(F)F)c1,1,IC50,7.96,1,CHEMBL3909992
Cc1cc(Oc2ccnc(NC(=O)C3CC3)c2)ccc1NC(=O)Nc1cccc(OC(F)(F)F)c1,1,IC50,7.98,1,CHEMBL3985123
Cc1cc(Oc2ccnc(NC(=O)C3CC3)c2)ccc1NC(=O)Nc1cc(OC(F)(F)F)ccc1F,1,IC50,8.21,1,CHEMBL3915341
Cc1cc(Oc2ccnc(NC(=O)C3CC3)c2)ccc1NC(=O)Nc1ccc(F)c(OC(F)(F)F)c1,1,IC50,7.93,1,CHEMBL3970841
Cc1cc(Oc2ccnc(NC(=O)C3CC3)c2)ccc1NC(=O)Nc1cc(F)cc(C(C)(F)F)c1,1,IC50,8.24,1,CHEMBL3896185
Cc1cc(Oc2ccnc(NC(=O)C3CC3)c2)ccc1NC(=O)Nc1cc(C(C)(F)F)ccc1F,1,IC50,8.08,1,CHEMBL3979083
Cc1cc(Oc2ccnc(NC(=O)C3CC3)c2)ccc1NC(=O)Nc1ccc(Cl)c(C(C)(F)F)c1,1,IC50,7.85,1,CHEMBL3908737
Cc1cc(Oc2ccnc(NC(=O)C3CC3)c2)ccc1NC(=O)Nc1ccc(F)c(C(C)(F)F)c1,1,IC50,8.0,1,CHEMBL3896869
O=C(Nc1cccc(C(F)(F)F)c1)Nc1cnc(Oc2ccnc(NC(=O)C3CC3)c2)c(F)c1,1,IC50,7.94,1,CHEMBL3971555
CC(F)(F)c1ccc(F)c(NC(=O)Nc2cnc(Oc3ccnc(NC(=O)C4CC4)c3)c(F)c2)c1,1,IC50,7.9,1,CHEMBL3916041
CN(c1ccnc(NC(=O)C2CC2)c1)c1ccc(NC(=O)Nc2cccc(C(F)(F)F)c2)c(F)c1,1,IC50,7.79,1,CHEMBL3979341
O=C(Nc1cccc(C(F)(F)F)c1)Nc1ccc(Nc2ccnc(NC(=O)C3CC3)c2)cc1F,1,IC50,8.03,1,CHEMBL3910653
O=C(Nc1ccc(F)c(C(F)(F)F)c1)Nc1ccc(Oc2ccnc(NC(=O)C3CC3)c2)cc1F,1,IC50,7.6,1,CHEMBL3977680
N#Cc1ccc(NC(=O)Nc2ccc(Oc3ccnc(NC(=O)C4CC4)c3)cc2F)cc1C(F)(F)F,1,IC50,7.84,1,CHEMBL3961868
Cc1ccc(NC(=O)Nc2ccc(Oc3ccnc(NC(=O)C4CC4)c3)cc2F)cc1C(F)(F)F,1,IC50,7.99,1,CHEMBL3972701
O=C(Nc1cc(F)cc(C(F)(F)F)c1)Nc1ccc(Oc2ccnc(NC(=O)C3CC3)c2)cc1F,1,IC50,7.83,1,CHEMBL3953943
O=C(Nc1ccc(Oc2ccnc(NC(=O)C3CC3)c2)cc1F)Nc1cc(C(F)(F)F)ccc1F,1,IC50,8.08,1,CHEMBL3908336
O=C(Nc1ccc(Oc2ccnc(NC(=O)C3CC3)c2)cc1F)Nc1cc(C(F)(F)F)ccc1Cl,1,IC50,7.93,1,CHEMBL3905323
O=C(Nc1cccc(C(F)(F)F)c1)Nc1ccc(Oc2ccnc(NC(=O)C3CC3)c2)cc1F,1,IC50,8.11,1,CHEMBL3972921
O=C(Nc1cc(N2CC(F)(F)C2)cc(C(F)(F)F)c1)Nc1ccc(Oc2ccnc(NC(=O)C3CC3)c2)cc1F,1,IC50,8.26,1,CHEMBL3896385
O=C(Nc1cncc(C(F)(F)F)c1)Nc1ccc(Oc2ccnc(NC(=O)C3CC3)c2)cc1F,1,IC50,7.97,1,CHEMBL3967596
O=C(Nc1ccc(Oc2ccnc(NC(=O)C3CC3)c2)cc1F)Nc1cc(OC(F)(F)F)ccc1F,1,IC50,8.03,1,CHEMBL3919838
O=C(Nc1ccc(F)c(OC(F)(F)F)c1)Nc1ccc(Oc2ccnc(NC(=O)C3CC3)c2)cc1F,1,IC50,7.88,1,CHEMBL3895343
CC(F)(F)c1ccnc(NC(=O)Nc2ccc(Oc3ccnc(NC(=O)C4CC4)c3)cc2F)c1,1,IC50,7.97,1,CHEMBL3910894
CC(F)(F)c1cccc(NC(=O)Nc2ccc(Oc3ccnc(NC(=O)C4CC4)c3)cc2F)c1,1,IC50,8.0,1,CHEMBL3980939
CC(F)(F)c1ccc(F)c(NC(=O)Nc2ccc(Oc3ccnc(NC(=O)C4CC4)c3)cc2F)c1,1,IC50,8.04,1,CHEMBL3913137
CC(F)(F)c1cc(NC(=O)Nc2ccc(Oc3ccnc(NC(=O)C4CC4)c3)cc2F)ccc1Cl,1,IC50,7.96,1,CHEMBL3909831
CC(F)(F)c1cc(NC(=O)Nc2ccc(Oc3ccnc(NC(=O)C4CC4)c3)cc2F)ccc1F,1,IC50,7.83,1,CHEMBL3954891
N#Cc1ccc(NC(=O)Nc2ccc(Oc3ccnc(NC(=O)C4CC4)c3)cc2F)cc1Cl,1,IC50,8.17,1,CHEMBL3910713
O=C(Nc1ccc(F)c(C2CC2)c1)Nc1ccc(Oc2ccnc(NC(=O)C3CC3)c2)cc1F,1,IC50,8.06,1,CHEMBL3969348
Cc1ccc(Oc2ccnc(NC(=O)C3CC3)c2)cc1NC(=O)Nc1ccc(F)c(C(F)(F)F)c1,1,IC50,8.16,1,CHEMBL3894696
Cc1ccc(Oc2ccnc(NC(=O)C3CC3)c2)cc1NC(=O)Nc1cc(F)cc(C(F)(F)F)c1,1,IC50,8.02,1,CHEMBL3904994
Cc1ccc(Oc2ccnc(NC(=O)C3CC3)c2)cc1NC(=O)Nc1cc(C(F)(F)F)ccc1F,1,IC50,7.97,1,CHEMBL3976542
Cc1ccc(Oc2ccnc(NC(=O)C3CC3)c2)cc1NC(=O)Nc1cccc(C(F)(F)F)c1,1,IC50,8.04,1,CHEMBL3946208
Cc1ccc(Oc2ccnc(NC(=O)C3CC3)c2)cc1NC(=O)Nc1cc(C(C)(F)F)ccc1F,1,IC50,7.76,1,CHEMBL3978687
Cc1ccc(Oc2ccnc(NC(=O)C3CC3)c2)cc1NC(=O)Nc1ccc(Cl)c(C(C)(F)F)c1,1,IC50,7.83,1,CHEMBL3947334
Cc1ccc(Oc2ccnc(NC(=O)C3CC3)c2)cc1NC(=O)Nc1ccc(F)c(C(C)(F)F)c1,1,IC50,7.87,1,CHEMBL3976600
Cc1cc(NC(=O)Nc2ccc(F)c(C(F)(F)F)c2)ccc1Oc1ccnc(NC(=O)C2CC2)c1,1,IC50,7.93,1,CHEMBL3969741
Cc1cc(NC(=O)Nc2cccc(C(F)(F)F)c2)ccc1Oc1ccnc(NC(=O)C2CC2)c1,1,IC50,7.94,1,CHEMBL3940199
Cc1cc(NC(=O)Nc2cccc(OC(F)(F)F)c2)ccc1Oc1ccnc(NC(=O)C2CC2)c1,1,IC50,7.96,1,CHEMBL3978101
Cc1cc(NC(=O)Nc2cc(F)cc(C(C)(F)F)c2)ccc1Oc1ccnc(NC(=O)C2CC2)c1,1,IC50,8.09,1,CHEMBL3945523
Cc1cc(NC(=O)Nc2cc(C(C)(F)F)ccc2F)ccc1Oc1ccnc(NC(=O)C2CC2)c1,1,IC50,8.0,1,CHEMBL3982896
Cc1cc(NC(=O)Nc2ccc(Cl)c(C(C)(F)F)c2)ccc1Oc1ccnc(NC(=O)C2CC2)c1,1,IC50,8.02,2,CHEMBL3954230
O=C(Nc1ccc(Oc2ccnc(NC(=O)C3CC3)c2)cc1)Nc1cc(OCC2CNC2)cc(C(F)(F)F)c1,1,IC50,7.86,1,CHEMBL3968631
O=C(Nc1cc(-c2cn[nH]c2)cc(C(F)(F)F)c1)Nc1ccc(Oc2ccnc(NC(=O)C3CC3)c2)c(F)c1,1,IC50,7.81,1,CHEMBL3959862
Nc1cc(NC(=O)Nc2ccc(Oc3ccnc(NC(=O)C4CC4)c3)c(F)c2)cc(C(F)(F)F)c1,1,IC50,8.01,1,CHEMBL3932357
O=C(Nc1cc(NC(=O)[C@@H]2CCCN2)cc(C(F)(F)F)c1)Nc1ccc(Oc2ccnc(NC(=O)C3CC3)c2)c(F)c1,1,IC50,7.72,1,CHEMBL3938359
CN1CC(Oc2cc(NC(=O)Nc3ccc(Oc4ccnc(NC(=O)C5CC5)c4)cc3)cc(C(F)(F)F)c2)C1,1,IC50,7.75,1,CHEMBL3971428
CN1CCC(C(=O)Nc2cc(NC(=O)Nc3ccc(Oc4ccnc(NC(=O)C5CC5)c4)c(F)c3)cc(C(F)(F)F)c2)CC1,1,IC50,7.78,1,CHEMBL3932860
COc1cc(C2=C(c3cn(CCO)c4ccccc34)C(=O)NC2=O)cc(OC)c1OC,1,IC50,6.82,1,CHEMBL3969156
COc1cc(C2=C(c3cn(CCCN(C)C)c4ccccc34)C(=O)NC2=O)cc(OC)c1OC,0,IC50 (>),5.0,1,CHEMBL3934384
O=C1Nc2ccccc2C2=NCC(c3ccc(Cl)cc3)CN12,0,IC50 (>),5.0,1,CHEMBL3928570
Nc1cccc(C2CN=C3c4ccccc4NC(=O)N3C2)c1,0,IC50 (>),5.0,1,CHEMBL3925947
O=C(Nc1cccc(C2CN=C3c4ccccc4NC(=O)N3C2)c1)Nc1cc(C(F)(F)F)ccc1F,1,IC50,6.12,1,CHEMBL3964812
Nc1ccc(C2CN=C3c4ccccc4NC(=O)N3C2)cc1,0,IC50 (>),5.0,1,CHEMBL3931320
O=C(Nc1ccc(C2CN=C3c4ccccc4NC(=O)N3C2)cc1)Nc1cc(C(F)(F)F)ccc1F,1,IC50,6.44,1,CHEMBL3962340
O=C(Nc1ccc(C2CN=C3c4ccccc4NC(=O)N3C2)cc1)Nc1ccc(Cl)c(C(F)(F)F)c1,1,IC50,6.47,1,CHEMBL3967803
O=C(Nc1ccc(C2CN=C3c4ccccc4NC(=O)N3C2)cc1)Nc1cccc(Br)c1,1,IC50,6.6,1,CHEMBL3964305
Cc1cccc(NC(=O)Nc2ccc(C3CN=C4c5ccccc5NC(=O)N4C3)cc2)c1,1,IC50,6.48,1,CHEMBL3976026
COc1ccc(NC(=O)Nc2ccc(C3CN=C4c5ccccc5NC(=O)N4C3)cc2)cc1,0,IC50 (>),5.0,1,CHEMBL3928779
CC(C)NC(=O)Nc1ccc(C2CN=C3c4ccccc4NC(=O)N3C2)cc1,0,IC50 (>),5.0,1,CHEMBL3941939
Cc1ccoc1C(=O)Nc1ccc(C2CN=C3c4ccccc4NC(=O)N3C2)cc1,0,IC50 (>),5.0,1,CHEMBL3947369
O=C(Nc1ccc(C2CN=C3c4ccccc4NC(=O)N3C2)cc1)c1cccc(C(F)(F)F)c1,0,IC50 (>),5.0,1,CHEMBL3916428
CNc1ccc(C2CN=C3c4ccc(C(=O)OC)cc4NC(=O)N3C2)cc1,0,IC50 (>),5.0,1,CHEMBL3935954
COC(=O)c1ccc2c(c1)NC(=O)N1CC(c3ccc(N(C)C(=O)CN4CCN(C)CC4)cc3)CN=C21,0,IC50 (>),5.0,1,CHEMBL3959951
CN1CCN(CC(=O)Nc2ccc(C3CN=C4c5ccccc5NC(=O)N4C3)cc2)CC1,0,IC50 (>),5.0,1,CHEMBL3898518
COC(=O)c1ccc2c(c1)NC(=O)N1CC(c3ccc(N(C)C(=O)Nc4cc(C(F)(F)F)ccc4F)cc3)CN=C21,0,IC50 (>),5.0,1,CHEMBL3951225
Cc1cc(C2CN=C3c4ccccc4NC(=O)N3C2)ccc1N,0,IC50 (>),5.0,1,CHEMBL3984171
Cc1cc(N)ccc1C1CN=C2c3ccccc3NC(=O)N2C1,0,IC50 (>),5.0,1,CHEMBL3945952
Cc1ccc(F)c(NC(=O)Nc2ccc(C3CN=C4c5ccccc5NC(=O)N4C3)c(C)c2)c1,1,IC50,6.41,1,CHEMBL3909001
Nc1ccc(-c2ccc3ncc4c(=O)[nH]c(=O)n(-c5cccc(C(F)(F)F)c5)c4c3n2)cn1,0,IC50 (>),5.0,1,CHEMBL3903725
Nc1ncc2c(n1)CCN(c1cccc(C(=O)NC3CCCC3)c1)C2,0,IC50 (>),5.0,2,CHEMBL3702619
CSc1ncc2c(n1)CCN(c1cccc(C(=O)Nc3ccc(C(C)C)cc3)n1)C2,0,IC50 (>),5.0,1,CHEMBL3976695
CSc1ncc2c(n1)CCN(c1cccc(C(=O)Nc3cccc(C(C)C)c3)n1)C2,0,IC50 (>),5.0,1,CHEMBL3932797
CSc1ncc2c(n1)CCN(c1cccc(C(=O)Nc3cccc(C(F)(F)F)c3)n1)C2,0,IC50 (>),5.0,1,CHEMBL3942265
CSc1ncc2c(n1)CCN(c1cccc(C(=O)Nc3ccccc3)n1)C2,0,IC50 (>),5.0,1,CHEMBL3979459
CSc1ncc2c(n1)CCN(c1cccc(C(=O)Nc3cccc(C)c3)n1)C2,0,IC50 (>),5.0,1,CHEMBL3964894
CSc1ncc2c(n1)CCN(c1cc(C(=O)Nc3ccccc3)ccn1)C2,0,IC50 (>),5.0,1,CHEMBL3977705
CSc1ncc2c(n1)CCN(c1cc(C(=O)Nc3cccc(C(F)(F)F)c3)ccn1)C2,0,IC50 (>),5.0,1,CHEMBL3932718
CSc1ncc2c(n1)CCN(c1cc(C(=O)Nc3cccc(C(C)C)c3)ccn1)C2,0,IC50 (>),5.0,1,CHEMBL3931989
CSc1ncc2c(n1)CCN(c1cc(C(=O)Nc3ccc(C(C)C)cc3)ccn1)C2,0,IC50 (>),5.0,1,CHEMBL3983603
CSc1ncc2c(n1)CN(c1ccnc(C(=O)Nc3ccc(C(F)(F)F)cc3)c1)C2,0,IC50 (>),5.0,1,CHEMBL3978609
CSc1ncc2c(n1)CN(c1ccnc(C(=O)Nc3cccc(C(C)C)c3)c1)C2,0,IC50 (>),5.0,1,CHEMBL3949537
CSc1ncc2c(n1)CN(c1ccnc(C(=O)Nc3ccc(C(C)C)cc3)c1)C2,0,IC50 (>),5.0,1,CHEMBL3986876
CSc1ncc2c(n1)CCN(c1cccc(C(=O)Nc3cccc(C(F)(F)F)c3)c1)C2,1,IC50,6.12,1,CHEMBL3893498
CSc1ncc2c(n1)CCN(c1cc(C(=O)Nc3cccc(C(F)(F)F)c3)ccc1C)C2,1,IC50,8.1,2,CHEMBL3920210
CSc1ncc2c(n1)CCN(c1cc(C(=O)Nc3cccc(C(C)C)c3)ccc1C)C2,1,IC50,7.51,1,CHEMBL3964320
CSc1ncc2c(n1)CCN(c1cncc(C(=O)Nc3cccc(C(F)(F)F)c3)c1)C2,0,IC50 (>),5.0,1,CHEMBL3985794
CSc1ncc2c(n1)CCN(c1cncc(C(=O)Nc3cccc(C(C)C)c3)c1)C2,0,IC50 (>),5.0,1,CHEMBL3945632
CC(C)c1cccc(NC(=O)c2cccc(N3CCc4c(cnc5ccnn45)C3)c2)c1,1,IC50,8.1,1,CHEMBL3978214
O=C(Nc1cccc(C(F)(F)F)c1)c1cccc(N2CCc3c(cnc4ccnn34)C2)c1,1,IC50,8.22,1,CHEMBL3940300
CC(C)c1cccc(NC(=O)c2cccc(N3Cc4cnc5ccnn5c4C3)c2)c1,0,IC50 (>),5.0,1,CHEMBL3969842
CC(C)(C)OC(=O)Nc1cccc(N2CCc3c(cnc4ccnn34)C2)c1,0,IC50 (>),5.0,1,CHEMBL3968745
O=C(Nc1cccc(N2CCc3c(cnc4ccnn34)C2)c1)c1ccccc1,1,IC50,7.0,1,CHEMBL3894122
O=C(Nc1cccc(N2CCc3c(cnc4ccnn34)C2)c1)c1cccc(C(F)(F)F)c1,1,IC50,8.22,1,CHEMBL3954328
Cc1cccc(NC(=O)Nc2cccc(N3CCc4c(cnc5ccnn45)C3)c2)c1,1,IC50,7.57,1,CHEMBL3982995
Cc1ccc(NC(=O)c2cccc(C(F)(F)F)c2)cc1NC(=O)c1cccc2c(N)nccc12,1,IC50,6.58,1,CHEMBL3967980
Cc1cccc(NC(=O)Nc2ccc(-c3[nH]c4ccccc4c3C(N)=O)cc2)c1,1,IC50,7.89,1,CHEMBL3950267
NC(=O)c1c(-c2ccc(NC(=O)Nc3cccc(C(F)(F)F)c3)cc2)[nH]c2ccccc12,1,IC50,8.15,1,CHEMBL3913556
Cc1ccc(F)c(NC(=O)Nc2ccc(-c3[nH]c4ccccc4c3C(N)=O)cc2)c1,1,IC50,7.77,1,CHEMBL3941533
CCc1cccc(NC(=O)Nc2ccc(-c3[nH]c4ccccc4c3C(N)=O)cc2)c1,1,IC50,8.15,1,CHEMBL3975267
Cc1ccoc1C(=O)Nc1ccc(-c2[nH]c3ccccc3c2C(N)=O)cc1,0,IC50 (>),5.0,1,CHEMBL3936052
Cc1ccc(F)c(C(=O)Nc2ccc(-c3[nH]c4ccccc4c3C(N)=O)cc2)c1,0,IC50 (>),5.0,1,CHEMBL3970134
Cc1cccc(NC(=O)Nc2cccc(-c3[nH]c4ccccc4c3C(N)=O)c2)c1,0,IC50 (>),5.0,1,CHEMBL3898937
NC(=O)c1c(-c2cccc(NC(=O)Nc3cccc(C(F)(F)F)c3)c2)[nH]c2ccccc12,0,IC50 (>),5.0,1,CHEMBL3959041
Cc1ccoc1C(=O)Nc1cccc(-c2[nH]c3ccccc3c2C(N)=O)c1,0,IC50 (>),5.0,1,CHEMBL3984270
Cc1ccc(F)c(C(=O)Nc2cccc(-c3[nH]c4ccccc4c3C(N)=O)c2)c1,0,IC50 (>),5.0,1,CHEMBL3950738
Clc1cc(Cl)c(N/N=C/c2ccncc2)c(Cl)c1,1,IC50,6.68,1,CHEMBL3958081
Nc1nc(Nc2cccc(F)c2)c2c(n1)-c1ccccc1C2,0,IC50,4.14,1,CHEMBL3953855
Nc1nc(Nc2ccc(F)cc2)c2c(n1)-c1ccccc1C2,0,IC50,4.66,1,CHEMBL3983639
Cc1ccc(F)c(NC(=O)Nc2ccc(-c3cncc4[nH]nc(N)c34)c3ccccc23)c1,1,IC50,8.29,1,CHEMBL3951451
Cc1cccc(NC(=O)Nc2ccc(-c3cncc4[nH]nc(N)c34)c3ccccc23)c1,1,IC50,8.37,1,CHEMBL3920239
Cc1ccc(F)c(NC(=O)Nc2ccc(-c3ccc(OCCCN4CCCC4)c4[nH]nc(N)c34)c3ccccc23)c1,1,IC50,7.52,1,CHEMBL3892076
Cc1cccc(NC(=O)Nc2ccc(-c3ccc(OCCCN4CCCC4)c4[nH]nc(N)c34)c3ccccc23)c1,1,IC50,7.32,1,CHEMBL3914717
Cc1ccc(F)c(NC(=O)Nc2ccc(-c3ccc(OCCC(C)(C)N)c4[nH]nc(N)c34)c3ccccc23)c1,1,IC50,7.32,1,CHEMBL3916527
Cc1cccc(NC(=O)Nc2ccc(-c3ccc(OCCC(C)(C)N)c4[nH]nc(N)c34)c3ccccc23)c1,1,IC50,7.68,1,CHEMBL3963292
Nc1n[nH]c2cccc(-c3ccc(NC(=O)C4(C(=O)Nc5cc(Br)cc(C(F)(F)F)c5)CC4)cc3)c12,1,IC50,7.46,1,CHEMBL4086694
Nc1n[nH]c2cccc(-c3ccc(NC(=O)C4(C(=O)Nc5ccc(Br)cc5OC(F)(F)F)CC4)cc3)c12,1,IC50,8.25,1,CHEMBL4104599
Nc1n[nH]c2cccc(-c3ccc(NC(=O)C4(C(=O)Nc5cc(Br)ccc5OC(F)(F)F)CC4)cc3)c12,1,IC50,7.45,1,CHEMBL4092519
Nc1n[nH]c2cccc(-c3ccc(NC(=O)C4(C(=O)Nc5ccc(Cl)cc5Cl)CC4)cc3)c12,1,IC50,8.11,1,CHEMBL4072514
Nc1n[nH]c2cccc(-c3ccc(NC(=O)C4(C(=O)Nc5ccc(F)c(F)c5)CC4)cc3)c12,1,IC50,8.85,1,CHEMBL4100979
Nc1n[nH]c2cccc(-c3ccc(NC(=O)C4(C(=O)Nc5ccc(Cl)c(Cl)c5)CC4)cc3)c12,1,IC50,6.16,1,CHEMBL4083001
Nc1n[nH]c2cccc(-c3ccc(NC(=O)C4(C(=O)Nc5cc(C(F)(F)F)cc(C(F)(F)F)c5)CC4)cc3)c12,1,IC50,8.87,1,CHEMBL4075266
Nc1n[nH]c2cccc(-c3cccc(NC(=O)C4(C(=O)Nc5cc(Br)ccc5OC(F)(F)F)CC4)c3)c12,1,IC50,7.49,1,CHEMBL4063920
Nc1ncc2ccc(-c3ccc(NC(=S)Nc4cc(Br)cc(C(F)(F)F)c4)cc3)cc2n1,1,IC50,8.98,1,CHEMBL4069517
Nc1ncc2ccc(-c3ccc(NC(=S)Nc4ccc(Br)cc4OC(F)(F)F)cc3)cc2n1,1,IC50,8.85,1,CHEMBL4089043
Nc1ncc2ccc(-c3ccc(NC(=S)Nc4ccc(OC(F)(F)F)cc4Br)cc3)cc2n1,1,IC50,9.51,1,CHEMBL4060841
Nc1ncc2ccc(-c3ccc(NC(=S)Nc4cc(Br)ccc4OC(F)(F)F)cc3)cc2n1,1,IC50,7.94,1,CHEMBL4066813
Nc1ncc2ccc(-c3ccc(NC(=S)Nc4cc(OC(F)(F)F)ccc4Br)cc3)cc2n1,1,IC50,7.48,1,CHEMBL4088100
COC(=O)c1ccc2c(c1)NC(=O)/C2=C(\Nc1ccc(-n2cccc2CN(C)C)cc1)c1ccccc1,1,IC50,7.29,2,CHEMBL4069394
CCN(CC)Cc1cccn1-c1ccc(N/C(=C2\C(=O)Nc3cc(C(=O)OC)ccc32)c2ccccc2)cc1,1,IC50,6.78,1,CHEMBL4070403
COC(=O)c1ccc2c(c1)NC(=O)/C2=C(\Nc1ccc(-n2cccc2CN2CCCC2)cc1)c1ccccc1,1,IC50,6.82,1,CHEMBL4091341
COC(=O)c1ccc2c(c1)NC(=O)/C2=C(\Nc1ccc(-n2cccc2CN2CCCCC2)cc1)c1ccccc1,1,IC50,6.86,1,CHEMBL4059568
COC(=O)c1ccc2c(c1)NC(=O)/C2=C(\Nc1ccc(-n2cccc2CN2CCN(C)CC2)cc1)c1ccccc1,1,IC50,7.42,2,CHEMBL4079087
COC(=O)c1ccc2c(c1)NC(=O)/C2=C(\Nc1ccc(Cn2cccc2CN(C)C)cc1)c1ccccc1,1,IC50,6.78,1,CHEMBL4086939
COC(=O)c1ccc2c(c1)NC(=O)/C2=C(\Nc1ccc(Cn2cccc2CN2CCN(C)CC2)cc1)c1ccccc1,1,IC50,6.78,1,CHEMBL4098962
COC(=O)c1ccc2c(c1)NC(=O)/C2=C(\Nc1ccc(-n2cccc2CN2CCNCC2)cc1)c1ccccc1,1,IC50,7.02,1,CHEMBL4061361
COc1ccc(-c2cnn3cc(-c4ccncc4)cnc23)cc1,1,IC50,7.43,1,CHEMBL96149
c1cc(-c2cnn3cc(-c4ccsc4)cnc23)ccn1,1,IC50,7.62,1,CHEMBL4081227
COc1ccc(-c2cnn3cc(-c4ccsc4)cnc23)cc1,1,IC50,7.72,1,CHEMBL4082186
COc1ccc2c(c1)CCCN2c1nc(C)nc2c(Cc3ccccc3)c[nH]c12,1,IC50,7.41,1,CHEMBL4069672
COc1ccc(Nc2nc(C)nc3c(Cc4ccccc4)cn(C)c23)cc1,1,IC50,7.57,1,CHEMBL4099682
COc1ccc(N(C)c2nc(C)nc3c(Cc4ccccc4)cn(C)c23)cc1,1,IC50,7.48,1,CHEMBL4060996
COc1ccc2c(c1)CCCN2c1nc(C)nc2c(Cc3ccccc3)cn(C)c12,1,IC50,7.48,1,CHEMBL4104515
COc1ccc(N(C)c2nc(N)nc3c(Cc4ccccc4)c[nH]c23)cc1,1,IC50,7.56,1,CHEMBL4099329
COc1ccc2c(c1)CCCN2c1nc(N)nc2c(Cc3ccccc3)c[nH]c12,1,IC50,7.07,1,CHEMBL4072383
COc1cc(O)c2c(c1)CCC[C@H](O)[C@H](O)C(=O)CCC[C@H](C)OC2=O,1,IC50,6.79,1,CHEMBL4099337
CCN(CCNC(=O)c1c(C)[nH]c(/C=C2\C(=O)Nc3ccc(F)cc32)c1C)CCOCCOCCNC(=O)c1cc(OCc2cn(CCCCN3C[C@@H]4C[C@H]3C(=O)N[C@@H](CCCNC(=N)N)C(=O)NCC(=O)N[C@@H](CC(=O)O)C(=O)N4)nn2)cc(OCc2cn(CCCCN3C[C@@H]4C[C@H]3C(=O)N[C@@H](CCCNC(=N)N)C(=O)NCC(=O)N[C@@H](CC(=O)O)C(=O)N4)nn2)c1,1,IC50,6.38,1,CHEMBL4066412
CCN(CC)c1cncc(C#Cc2cc(C(=O)Nc3ccc(CN4CCN(C)CC4)c(C(F)(F)F)c3)ccc2C)c1,1,IC50,6.98,1,CHEMBL4086340
Cc1ccc(C(=O)Nc2ccc(CN3CCN(C)CC3)c(C(F)(F)F)c2)cc1C#Cc1cncc(NC(C)C)c1,1,IC50,7.22,1,CHEMBL4064874
Cc1ccc(C(=O)Nc2ccc(CN3CCN(C)CC3)c(C(F)(F)F)c2)cc1C#Cc1cncc2c1ccn2C,1,IC50,7.2,1,CHEMBL4067760
CN1CCN(Cc2ccc(NC(=O)c3cncc(C#Cc4cncc5ccccc45)c3)cc2C(F)(F)F)CC1,1,IC50,8.59,1,CHEMBL4062884
CN1CCN(Cc2ccc(NC(=O)c3ccc(Cl)c(C#Cc4cncc(N5CCOCC5)c4)c3)cc2C(F)(F)F)CC1,1,IC50,7.31,1,CHEMBL4091628
COc1cncc(C#Cc2cc(C(=O)Nc3ccc(CN4CCN(C)CC4)c(C(F)(F)F)c3)ccc2C)c1,1,IC50,6.96,1,CHEMBL4101852
Cc1ccc(C(=O)Nc2ccc(CN3CCN(C)CC3)c(C(F)(F)F)c2)cc1C#Cc1cncc(N2CCN(C)CC2)c1,1,IC50,7.66,1,CHEMBL4083853
Cc1ccc(C(=O)Nc2ccc(CN3CCN(C)CC3)c(C(F)(F)F)c2)cc1C#Cc1cncc(N2CCOCC2)c1,1,IC50,7.05,1,CHEMBL4094115
Cc1ccc(C(=O)Nc2ccc(CN3CCN(C)CC3)c(C(F)(F)F)c2)cc1C#Cc1cncc(N2CCCC2)c1,1,IC50,6.97,1,CHEMBL4073474
CN1CCN(Cc2ccc(NC(=O)c3ccnc(C#Cc4cncc5ccccc45)c3)cc2C(F)(F)F)CC1,1,IC50,8.19,1,CHEMBL4092294
CN1CCN(Cc2ccc(NC(=O)c3ccc(Cl)c(C#Cc4cncc5ccccc45)c3)cc2C(F)(F)F)CC1,1,IC50,7.04,1,CHEMBL4104537
CN1CCN(Cc2ccc(NC(=O)c3ccc(F)c(C#Cc4cncc5ccccc45)c3)cc2C(F)(F)F)CC1,1,IC50,8.26,1,CHEMBL4086643
CN1CCN(Cc2ccc(NC(=O)c3cccc(C#Cc4cncc5ccccc45)c3)cc2C(F)(F)F)CC1,1,IC50,8.6,1,CHEMBL4081243
Cc1ccc(C(=O)Nc2ccc(CN3CCN(C)CC3)c(C(F)(F)F)c2)cc1C#Cc1cncc2ccccc12,1,IC50,7.1,1,CHEMBL4105491
CCS(=O)(=O)c1ccc(OC)c(Nc2ncc(-c3ccc(CC#N)c(-c4ccccn4)c3)o2)c1,1,IC50,7.64,1,CHEMBL4086603
COc1cc2ncccc2cc1NC(=O)c1csc2cncnc12,0,IC50 (>),4.3,1,CHEMBL3822972
COc1ccc(OC)c(Sc2cccc3[nH]c4nc(N)nc(N)c4c23)c1,0,IC50,4.99,1,CHEMBL4069070
Nc1nc(N)c2c(n1)[nH]c1cccc(Sc3ccc(Cl)cc3)c12,0,IC50 (>),3.3,1,CHEMBL4079829
FC(F)(F)CNc1nc(Nc2ccc(N3CCOCC3)c(Cl)c2)nc2ccoc12,0,IC50 (>),5.0,1,CHEMBL4078893
FC(F)(F)CNc1nc(Nc2ccc3cn[nH]c3c2)nc2ccoc12,0,IC50 (>),5.0,1,CHEMBL4066664
CC(C)[C@@H](NC(=O)OC(C)(C)C)C(=O)Nc1ccc2ncnc(Nc3cccc(C(F)(F)F)c3)c2c1,0,IC50 (>),4.0,1,CHEMBL4092491
CC(C)(C)OC(=O)NCC(=O)Nc1ccc2ncnc(Nc3cccc(Br)c3)c2c1,0,IC50,4.73,1,CHEMBL4071058
Cc1n[nH]c2nccc(-c3ccc(NC(=O)Nc4ccc5ccccc5c4)cc3)c12,0,IC50 (>),4.3,1,CHEMBL4071160
Cc1n[nH]c2nccc(-c3ccc(NC(=O)Nc4ccccn4)cc3)c12,0,IC50 (>),4.3,1,CHEMBL4085962
Cc1n[nH]c2nccc(-c3ccc(NC(=O)NC4CCCCC4)cc3)c12,0,IC50 (>),4.3,1,CHEMBL4096138
CCCNC(=O)Nc1ccc(-c2ccnc3[nH]nc(C)c23)cc1,0,IC50 (>),4.3,1,CHEMBL4069773
CCCCNC(=O)Nc1ccc(-c2ccnc3[nH]nc(C)c23)cc1,0,IC50 (>),4.3,1,CHEMBL4085020
CCCCCNC(=O)Nc1ccc(-c2ccnc3[nH]nc(C)c23)cc1,0,IC50 (>),4.3,1,CHEMBL4063380
CCN(CC)c1cccc(NC(=O)Nc2ccc(-c3ccnc4[nH]nc(C)c34)cc2)c1,0,IC50,4.38,1,CHEMBL4073536
Cc1n[nH]c2nccc(-c3ccc(NC(=O)Nc4cccc(CN(C)C)c4)cc3)c12,0,IC50,4.8,1,CHEMBL4102831
CCNC(=O)Nc1ccc(-c2ccnc3[nH]nc(C)c23)cc1,0,IC50 (>),4.3,1,CHEMBL4096971
Cc1n[nH]c2nccc(-c3ccc(NC(=O)Nc4cccc5ccccc45)cc3)c12,0,IC50 (>),4.3,1,CHEMBL4099718
Cc1n[nH]c2nccc(-c3ccc(NC(=O)NCCCCc4ccccc4)cc3)c12,0,IC50,4.96,1,CHEMBL4074745
Cc1n[nH]c2nccc(-c3ccc(NC(=O)NC4Cc5ccccc5C4)cc3)c12,0,IC50 (>),4.3,1,CHEMBL4063368
Cc1n[nH]c2nccc(-c3ccc(NC(=O)NCc4ccccc4)cc3)c12,0,IC50 (>),4.3,1,CHEMBL4093186
Cc1n[nH]c2nccc(-c3ccc(NC(=O)NC(C)(C)C)cc3)c12,0,IC50,4.94,1,CHEMBL4066145
CCCCCCNC(=O)Nc1ccc(-c2ccnc3[nH]nc(C)c23)cc1,0,IC50,4.98,1,CHEMBL4074755
Cc1ccc(N2CCOCC2)c(NC(=O)Nc2ccc(-c3ccnc4[nH]nc(C)c34)cc2)c1,0,IC50,4.58,1,CHEMBL4083910
Cc1n[nH]c2nccc(-c3ccc(NC(=O)Nc4ccccc4N4CCOCC4)cc3)c12,0,IC50,4.43,1,CHEMBL4100372
Cc1n[nH]c2nccc(-c3ccc(NC(=O)Nc4cccc(C#N)c4)cc3)c12,0,IC50 (>),4.3,1,CHEMBL4079775
Cc1cccc(NC(=O)Nc2ccc(-c3ccnc4[nH]nc(C(F)(F)F)c34)cc2)c1,0,IC50 (>),4.3,1,CHEMBL4102648
CCc1cccc(NC(=O)Nc2ccc(-c3ccnc4[nH]nc(C(F)(F)F)c34)cc2)c1,0,IC50 (>),4.3,1,CHEMBL4081793
Cc1ccc(F)c(NC(=O)Nc2ccc(C3CC(O)=Nc4[nH]nc(C)c43)cc2)c1,0,IC50 (>),4.3,1,CHEMBL4076032
Cc1cccc(NC(=O)Nc2ccc(C3CC(O)=Nc4[nH]nc(C)c43)cc2)c1,0,IC50 (>),4.3,1,CHEMBL4063976
C=CC(=O)Nc1cccc(CCn2c(=O)c(-c3ccccc3Cl)cc3cnc(NCCCCN(CC)CC)nc32)c1,1,IC50,6.0,1,CHEMBL4093349
C=CC(=O)N1CCN(CCCn2c(=O)c(-c3c(Cl)c(OC)cc(OC)c3Cl)cc3cnc(NC)nc32)CC1,1,IC50,6.15,1,CHEMBL4068509
C=CC(=O)Nc1cccc(C)c1Nc1ncc(OCc2c(F)c(OC)cc(OC)c2F)cn1,0,IC50 (>),5.0,1,CHEMBL4089245
C=CC(=O)Nc1cccc(C)c1Nc1ncc2cc(-c3c(Cl)c(OC)cc(OC)c3Cl)ccc2n1,0,IC50 (>),5.0,1,CHEMBL4068896
C=CC(=O)N[C@H]1COC[C@H]1Nc1ncc(OCc2c(F)c(OC)cc(OC)c2F)cn1,0,IC50 (>),5.0,1,CHEMBL4077859
Cc1n[nH]c2ccc(-c3cc(N[C@@H](CO)c4ccccc4)cnc3-c3cc(Cl)ccc3O)cc12,1,IC50,8.43,1,CHEMBL4105329
OC[C@H](Nc1cnc(-c2cc(Cl)ccc2O)c(-c2ccc3cnccc3c2)c1)c1ccccc1,1,IC50,9.1,1,CHEMBL4067871
Cc1n[nH]c2ccc(-c3cc(N[C@@H](CO)c4ccccc4)cnc3-c3cc(F)ccc3O)cc12,1,IC50,8.77,2,CHEMBL4062877
Cc1n[nH]c2ccc(-c3cc(N[C@@H](CO)c4ccccc4)cnc3-c3ccc(F)cc3O)cc12,1,IC50,8.59,1,CHEMBL4075917
CC(c1cc2cc(-c3cnn(C)c3)cnc2cc1F)n1nnc2ncc(-c3cnn(CCO)c3)nc21,0,IC50,4.74,1,CHEMBL4074262
Nc1nccc(Oc2ccc(NC(=O)C3(C(=O)Nc4ccc(F)cc4)CC3)cc2F)c1Cl,1,IC50,7.26,1,CHEMBL4104302
COc1cc2[nH]c3nc(N)nc(NCc4ccccc4)c3c2cc1O,0,Ki,4.87,1,CHEMBL4073523
COc1ccc(CNc2nc(N)nc3[nH]c4ccc(O)cc4c23)cc1OC,0,Ki,4.96,1,CHEMBL4061797
COc1cc2ncnc(Oc3ccc(NC(=O)Nc4ccc(CN5CCOCC5)c(C(F)(F)F)c4)c4ccccc34)c2cc1OC,1,IC50,7.48,1,CHEMBL4075561
COc1cc2ncnc(Oc3ccc(NC(=O)NC4(C#N)CCCC4)c4ccccc34)c2cc1OC,1,IC50,8.06,1,CHEMBL4092026
COc1cc2ncnc(Oc3ccc(NC(=O)NC4CC4)c4ccccc34)c2cc1OC,1,IC50,8.73,1,CHEMBL4071203
COc1cc2ncnc(Oc3ccc(NC(=O)Nc4cc(C)on4)c4ccccc34)c2cc1OC,1,IC50,9.04,1,CHEMBL4073263
COc1cc2ncnc(Oc3ccc(NC(=O)Nc4cnn(C(C)C)c4)c4ccccc34)c2cc1OC,1,IC50,9.12,1,CHEMBL4099365
COc1cc2ncnc(Oc3ccc(NS(=O)(=O)c4ccccc4)c4ccccc34)c2cc1OC,0,IC50 (>),5.0,1,CHEMBL4067065
COc1cc2ncnc(Oc3ccc(NC(=O)Nc4ccc(Cl)c(C(F)(F)F)c4)c4cccnc34)c2cc1OC,1,IC50,7.75,1,CHEMBL4102191
COc1cc2ncnc(Oc3ccc(NC(=O)Nc4cccc(C(F)(F)F)c4)c4ccccc34)c2cc1OC,1,IC50,7.54,1,CHEMBL4077930
COc1cc2ncnc(Oc3ccc(NC(=O)Nc4ccc(Cl)c(C(F)(F)F)c4)c4ccccc34)c2cc1OC,1,IC50,7.82,1,CHEMBL4083278
Cc1cc(=O)n(-c2ccc(F)cc2)nc1C(=O)Nc1ccc(Oc2ccnc3[nH]ccc23)c(F)c1,1,IC50,6.17,1,CHEMBL4066684
CN(C)C(=O)c1cc2cnc(Nc3ccc(NC(=O)C4(C(=O)Nc5ccc(F)cc5)CC4)cc3)nc2n1C1CCCC1,0,IC50 (>),5.0,1,CHEMBL4078060
COc1cc2c(Oc3ccc(NC(=O)c4nc5ccccc5n(-c5ccc(F)cc5)c4=O)cc3F)ccnc2cc1OCCCN1CCN(C)CC1,1,IC50,6.82,1,CHEMBL4082724
CN1CCN(Cc2ccc(NC(=O)c3n[nH]cc3Nc3ncnc4sccc34)cc2)CC1,1,IC50,7.46,2,CHEMBL4075720
CC(=O)N1Cc2ncnc(Oc3ccc4c(ccn4C(=O)Nc4cc(C5CC5)on4)c3)c2C[C@@H]1C,1,IC50,8.89,2,CHEMBL4077373
CC(=O)N1Cc2ncnc(Oc3ccc4c(ccn4C(=O)Nc4cc(C5(C(F)(F)F)CC5)on4)c3)c2C[C@@H]1C,1,IC50,9.15,1,CHEMBL4076909
CC(=O)N1CCc2c(ncnc2Oc2ccc3c(ccn3C(=O)Nc3cc(C4CC4)on3)c2)C1,1,IC50,8.68,1,CHEMBL4092692
CC(=O)N1Cc2ncnc(Oc3ccc4c(ccn4C(=O)Nc4cc(C5CC5)on4)c3)c2C1,1,IC50,8.0,1,CHEMBL4065008
O=C(Nc1cc(C2CC2)on1)n1ccc2cc(Oc3ncnc4c3CSC4)ccc21,1,IC50,8.39,1,CHEMBL4084937
O=C(Nc1cc(C2CC2)on1)n1ccc2cc(Oc3cc(Cn4ncnn4)ncn3)ccc21,1,IC50,7.89,1,CHEMBL4102888
O=C(Nc1cc(C2CC2)on1)n1ccc2cc(Oc3cc(CO)ncn3)ccc21,1,IC50,8.06,1,CHEMBL4074672
CNCc1cc(Oc2ccc3c(ccn3C(=O)Nc3cc(C(F)(F)F)n(C)n3)c2)ncn1,1,IC50,7.76,1,CHEMBL4076112
CNCc1cc(Oc2ccc3c(ccn3C(=O)Nc3cc(C(F)(F)F)[nH]n3)c2)ncn1,1,IC50,6.56,1,CHEMBL4079003
CNCc1cc(Oc2ccc3c(ccn3C(=O)Nc3cc(C(C)C)[nH]n3)c2)ncn1,1,IC50,8.55,1,CHEMBL4103267
CNCc1cc(Oc2ccc3c(ccn3C(=O)Nc3cc(C4(C(F)(F)F)CC4)[nH]n3)c2)ncn1,1,IC50,8.6,1,CHEMBL4064471
CNCc1cc(Oc2ccc3c(ccn3C(=O)Nc3cc(C4(C)CC4)[nH]n3)c2)ncn1,1,IC50,8.7,1,CHEMBL4086718
CNCc1cc(Oc2ccc3c(ccn3C(=O)Nc3cc(C4(C(F)(F)F)CC4)on3)c2)ncn1,1,IC50,8.24,1,CHEMBL4087814
CNCc1cc(Oc2ccc3c(ccn3C(=O)Nc3cc(C4(C)CC4)on3)c2)ncn1,1,IC50,8.03,1,CHEMBL4097955
CNCc1cc(Oc2ccc3c(ccn3C(=O)Nc3cc(C(C)C)on3)c2)ncn1,1,IC50,7.6,1,CHEMBL4079937
C[C@@H]1Cc2c(ncnc2Oc2ccc3c(ccn3C(=O)Nc3cc(C4CC4)on3)c2)CN1,1,IC50,7.18,1,CHEMBL4079318
C[C@H]1Cc2c(ncnc2Oc2ccc3c(ccn3C(=O)Nc3cc(C4CC4)on3)c2)CN1,1,IC50,7.05,1,CHEMBL4079917
CCN1CCc2c(ncnc2Oc2ccc3c(ccn3C(=O)Nc3cc(C4CC4)on3)c2)C1,1,IC50,8.1,1,CHEMBL4077291
CNCc1cc(Oc2ccc3c(ccn3C(=O)Nc3cc(C4CC4)on3)c2)ncn1,1,IC50,6.61,1,CHEMBL4068360
O=C(Nc1cc(C2CC2)on1)n1ccc2cc(Oc3ncnc4c3CCNC4)ccc21,1,IC50,6.64,1,CHEMBL4065713
O=C(Nc1cc(C2(CO)CC2)on1)n1ccc2cc(Oc3ncnc4c3CNC4)ccc21,1,IC50,7.75,1,CHEMBL4100555
O=C(Nc1cc(C2(C(F)(F)F)CC2)on1)n1ccc2cc(Oc3ncnc4c3CNC4)ccc21,1,IC50,8.3,1,CHEMBL4102438
CC(C)(CO)c1cc(NC(=O)n2ccc3cc(Oc4ncnc5c4CNC5)ccc32)no1,1,IC50,8.6,1,CHEMBL4079136
O=C(Nc1cc(C2CCOCC2)on1)n1ccc2cc(Oc3ncnc4c3CNC4)ccc21,1,IC50,7.89,1,CHEMBL4103383
Nc1nccc(Oc2ccc3c(C(=O)Nc4cccc(C(F)(F)F)c4)cccc3c2)n1,1,IC50,8.77,4,CHEMBL4104297
O=C(Nc1cccc(C(F)(F)F)c1)c1cccc2cc(Oc3cc(CO)ncn3)ccc12,1,IC50,8.89,4,CHEMBL4080062
COC(=O)c1ccc2c(c1)NC(=O)/C2=C(\Nc1ccc2c(c1)nc(CN(C)C)n2C)c1ccccc1,1,IC50,6.42,1,CHEMBL4169257
COC(=O)c1ccc2c(c1)NC(=O)/C2=C(\Nc1ccc2c(c1)nc(CN1CCN(C)CC1)n2C)c1ccccc1,1,IC50,6.59,1,CHEMBL4177112
COC(=O)c1ccc2c(c1)NC(=O)/C2=C(\Nc1ccc2[nH]c(CN(C)C)cc2c1)c1ccccc1,1,IC50,6.86,1,CHEMBL4165827
COC(=O)c1ccc2c(c1)NC(=O)/C2=C(\Nc1ccc2[nH]c(CN3CCN(C)CC3)cc2c1)c1ccccc1,1,IC50,6.97,1,CHEMBL4173756
COC(=O)c1ccc2c(c1)NC(=O)/C2=C(\Nc1ccc2[nH]c(C(=O)N3CCN(C)CC3)cc2c1)c1ccccc1,1,IC50,7.16,1,CHEMBL4165429
COC(=O)c1ccc2c(c1)NC(=O)/C2=C(\Nc1ccc2c(c1)cc(C(=O)N1CCN(C)CC1)n2C)c1ccccc1,1,IC50,7.09,1,CHEMBL4166696
CCn1c(C(=O)N2CCN(C)CC2)cc2cc(N/C(=C3\C(=O)Nc4cc(C(=O)OC)ccc43)c3ccccc3)ccc21,1,IC50,6.98,1,CHEMBL4161991
COC(=O)c1ccc2c(c1)NC(=O)/C2=C(\Nc1ccc2c(c1)c(CN(C)C)cn2C)c1ccccc1,1,IC50,6.09,1,CHEMBL4172205
CCn1cc(CN(C)C)c2cc(N/C(=C3\C(=O)Nc4cc(C(=O)OC)ccc43)c3ccccc3)ccc21,1,IC50,6.37,1,CHEMBL4173078
COC(=O)c1ccc2c(c1)NC(=O)/C2=C(\Nc1ccc2c(c1)c(CN(C)C)cn2C(C)C)c1ccccc1,1,IC50,6.19,1,CHEMBL4162400
Nc1ncc2ccc(-c3ccc(NC(=O)C4(C(=O)Nc5cc(Br)cc(C(F)(F)F)c5)CC4)cc3)cc2n1,1,IC50,7.39,1,CHEMBL4165234
Nc1ncc2ccc(-c3ccc(NC(=O)C4(C(=O)Nc5cc(OC(F)(F)F)ccc5Br)CC4)cc3)cc2n1,1,IC50,6.9,1,CHEMBL4162947
Nc1ncc2ccc(-c3ccc(NC(=O)C4(C(=O)Nc5ccc(Cl)cc5Cl)CC4)cc3)cc2n1,1,IC50,6.97,1,CHEMBL4170879
Nc1ncc2ccc(-c3ccc(NC(=O)C4(C(=O)Nc5ccc(F)c(F)c5)CC4)cc3)cc2n1,1,IC50,7.67,1,CHEMBL4166401
C=CC(=O)Nc1ccc(-c2ccc(NC(=O)Nc3cccc(C(C)C)c3)cc2)cn1,1,IC50,8.68,1,CHEMBL4175773
C=CC(=O)Nc1ccc(-c2ccc(NC(=O)Nc3ccc(F)cc3)cc2)cn1,1,IC50,8.1,1,CHEMBL4171943
C=CC(=O)Nc1ccc(-c2ccc(NC(=O)Nc3cccc(C(F)(F)F)c3)cc2)cn1,1,IC50,6.49,1,CHEMBL4169668
C=CC(=O)Nc1ccc(-c2ccc(NC(=O)Nc3cccc(Cl)c3)cc2)cn1,1,IC50,8.63,1,CHEMBL4171543
O=C(Nc1cccc(-c2ccc3c(=O)[nH]cnc3c2)c1)Nc1ccc(F)c(F)c1,1,IC50,7.54,1,CHEMBL4174261
O=C(Nc1cccc(Cl)c1)Nc1cccc(-c2ccc3c(=O)[nH]cnc3c2)c1,1,IC50,7.46,1,CHEMBL4163581
CN1CCN(CC(=O)N(C)c2ccc(N/C(=C3\C(=O)Nc4cc(-n5nccn5)ccc43)c3ccccc3)cc2)CC1,1,IC50,8.72,1,CHEMBL4177014
CN1CCN(CC(=O)N(C)c2ccc(N/C(=C3\C(=O)Nc4cc(-c5ccco5)ccc43)c3ccccc3)cc2)CC1,1,IC50,8.03,1,CHEMBL4172546
CN1CCN(CC(=O)N(C)c2ccc(N/C(=C3\C(=O)Nc4cc(-c5cnco5)ccc43)c3ccccc3)cc2)CC1,1,IC50,8.1,1,CHEMBL4161897
CN1CCN(CC(=O)N(C)c2ccc(N/C(=C3\C(=O)Nc4cc(-c5nnn(C)n5)ccc43)c3ccccc3)cc2)CC1,1,IC50,8.31,1,CHEMBL4175951
CN1CCN(CC(=O)N(C)c2ccc(N/C(=C3\C(=O)Nc4cc(-c5ncon5)ccc43)c3ccccc3)cc2)CC1,1,IC50,8.34,1,CHEMBL4165331
CN1CCN(CC(=O)N(C)c2ccc(N/C(=C3\C(=O)Nc4cc(-c5nnco5)ccc43)c3ccccc3)cc2)CC1,1,IC50,8.4,1,CHEMBL4160821
CN1CCN(CC(=O)N(C)c2ccc(N/C(=C3\C(=O)Nc4cc(OC(F)(F)F)ccc43)c3ccccc3)cc2)CC1,1,IC50,7.47,1,CHEMBL4169611
COC(=O)c1ccc2c(c1)NC(=O)/C2=C(\Nc1ccc(N2CCC(CN3CCN(C)CC3)C2=O)cc1)c1ccccc1,1,IC50,7.92,1,CHEMBL4166187
COC(=O)c1ccc2c(c1)NC(=O)/C2=C(\Nc1ccc(N2C(=O)CC[C@@H]2CN(C)C)cc1)c1ccccc1,1,IC50,7.29,1,CHEMBL4162743
COC(=O)c1ccc2c(c1)NC(=O)/C2=C(\Nc1ccc(N2C(=O)CC[C@@H]2CN2CCN(C)CC2)cc1)c1ccccc1,1,IC50,8.08,1,CHEMBL4170680
COC(=O)c1ccc2c(c1)NC(=O)/C2=C(\Nc1ccc(N2C(=O)CC[C@H]2CN2CCN(C)CC2)cc1)c1ccccc1,1,IC50,8.8,1,CHEMBL4171244
COC(=O)c1ccc2c(c1)NC(=O)/C2=C(\Nc1ccc2c(c1)N(C(=O)CN1CCOCC1)CC2)c1ccccc1,1,IC50,6.96,1,CHEMBL4168811
COC(=O)c1ccc2c(c1)NC(=O)/C2=C(\Nc1ccc2c(c1)N(C(=O)Cn1cccn1)CC2)c1ccccc1,1,IC50,6.52,1,CHEMBL4161551
COC(=O)c1ccc2c(c1)NC(=O)/C2=C(\Nc1ccc2c(c1)N(C(=O)Cn1cncn1)CC2)c1ccccc1,1,IC50,7.0,1,CHEMBL4172155
COC(=O)c1ccc2c(c1)NC(=O)/C2=C(\Nc1ccc2c(c1)N(C(=O)CN1CCCC1=O)CC2)c1ccccc1,1,IC50,6.64,1,CHEMBL4165455
COC(=O)c1ccc2c(c1)NC(=O)/C2=C(\Nc1ccc2c(c1)N(C(=O)CN1CC(C)OC(C)C1)CC2)c1ccccc1,1,IC50,6.52,1,CHEMBL4173370
COC(=O)c1ccc2c(c1)NC(=O)/C2=C(\Nc1ccc2c(c1)N(C(=O)CN(C)C)CC2)c1ccccc1,1,IC50,7.19,1,CHEMBL4166319
CCS(=O)(=O)c1ccc(OC)c(Nc2ncc(-c3cccc(-c4cc[nH]c4)c3)o2)c1,1,IC50,7.75,1,CHEMBL4165836
O=C(Cn1c(-c2ccco2)nc2ccccc21)N/N=C/c1ccccc1Cl,1,IC50,6.19,1,CHEMBL4164946
Nc1n[nH]c2cccc(-c3ccc(NC(=S)Nc4cc(Br)ccc4OC(F)(F)F)cc3)c12,1,IC50,8.46,1,CHEMBL4160854
Nc1n[nH]c2cccc(-c3ccc(NC(=S)Nc4cc(OC(F)(F)F)ccc4Br)cc3)c12,1,IC50,8.1,1,CHEMBL4168788
Nc1n[nH]c2cccc(-c3ccc(NC(=S)Nc4ccc(Cl)cc4Cl)cc3)c12,1,IC50,7.61,1,CHEMBL4175949
Nc1n[nH]c2cccc(-c3ccc(NC(=S)Nc4ccc(F)c(F)c4)cc3)c12,1,IC50,7.7,1,CHEMBL4167759
Nc1n[nH]c2cccc(-c3ccc(NC(=S)Nc4ccc(Cl)c(Cl)c4)cc3)c12,1,IC50,8.12,1,CHEMBL4175943
C=CC(=O)Nc1cccc(-c2ccc(NC(=O)Nc3ccc(Cl)c(C(F)(F)F)c3)cc2)n1,1,IC50,8.21,1,CHEMBL4165320
C=CC(=O)Nc1cccc(-c2ccc(NC(=O)Nc3ccc(C)c(Cl)c3)cc2)n1,1,IC50,8.15,1,CHEMBL4160813
C=CC(=O)Nc1cccc(-c2ccc(NC(=O)Nc3ccc(C(C)(C)C)cc3)cc2)n1,1,IC50,7.92,1,CHEMBL4164213
C=CC(=O)Nc1cccc(-c2ccc(NC(=O)Nc3cccc(Cl)c3)cc2)n1,1,IC50,6.91,1,CHEMBL4175530
C=CC(=O)Nc1cccc(-c2ccc(NC(=O)Nc3cccc(C(F)(F)F)c3)cc2)n1,1,IC50,7.72,1,CHEMBL4159244
C=CC(=O)Nc1cccc(-c2ccc(NC(=O)Nc3ccccc3F)cc2)n1,1,IC50,7.95,1,CHEMBL4174374
C=CC(=O)Nc1cccc(-c2ccc(NC(=O)Nc3c(C)cccc3C)cc2)n1,1,IC50,6.38,1,CHEMBL4170942
O=C(Nc1ccc(-c2ccc3c(=O)nc[nH]c3c2)cc1)C1(C(=O)Nc2ccc(Cl)c(C(F)(F)F)c2)CCC1,1,IC50,6.53,1,CHEMBL4159645
O=C(Nc1ccc(-c2ccc3c(=O)nc[nH]c3c2)cc1)C1(C(=O)Nc2cccc(C(F)(F)F)c2)CCC1,1,IC50,6.51,1,CHEMBL4164127
Cc1ccc(NC(=O)C2(C(=O)Nc3ccc(-c4ccc5c(=O)nc[nH]c5c4)cc3)CCC2)cc1Cl,1,IC50,7.5,1,CHEMBL4161287
COc1cc2c(Oc3ccc(NC(=O)NN4C(=O)CSC4c4c(F)cccc4F)c(F)c3)ccnc2cc1OCCCN1CCCC1,1,IC50,7.68,1,CHEMBL4171115
Cn1ccc2c(Oc3ccc(NC(=O)Nc4ccc(Cl)c(C(F)(F)F)c4)cc3)ncnc21,1,IC50,6.0,1,CHEMBL4173438
Cc1cccc(Nc2nc3cc(Oc4ncnc5c4cnn5C)ccc3n2C)c1,1,IC50,7.04,1,CHEMBL4160549
Cn1ncc2c(Oc3ccc4c(c3)nc(Nc3ccc(Cl)cc3)n4C)ncnc21,1,IC50,7.3,1,CHEMBL4163939
Cn1ncc2c(Oc3ccc4c(c3)nc(Nc3ccc(Cl)c(C(F)(F)F)c3)n4C)ncnc21,1,IC50,6.87,1,CHEMBL4177247
Cc1ccc(Nc2nc3cc(Oc4ncnc5c4cnn5C)ccc3n2C)cc1,1,IC50,7.77,1,CHEMBL4169073
Cn1ncc2c(Oc3ccc4c(c3)nc(Nc3ccc(C(C)(C)C)cc3)n4C)ncnc21,1,IC50,6.85,1,CHEMBL4173458
Cn1ncc2c(Oc3ccc4c(c3)nc(Nc3ccc(Br)cc3)n4C)ncnc21,1,IC50,7.52,1,CHEMBL4165904
Cn1ncc2c(Oc3ccc4c(c3)nc(Nc3ccc(F)cc3)n4C)ncnc21,1,IC50,7.38,1,CHEMBL4173144
Cn1ncc2c(Oc3ccc4c(c3)nc(Nc3ccc(Cl)c(Cl)c3)n4C)ncnc21,1,IC50,6.92,1,CHEMBL4162460
CN(C)c1ccc(Nc2nc3cc(Oc4ncnc5c4cnn5C)ccc3n2C)cc1,1,IC50,6.95,1,CHEMBL4173415
Cn1ncc2c(Oc3ccc4c(c3)nc(Nc3cccc(C(F)(F)F)c3)n4C)ncnc21,1,IC50,6.82,1,CHEMBL4169626
Cn1ncc2c(Oc3ccc4c(c3)nc(Nc3ccc(C(F)(F)F)cc3)n4C)ncnc21,1,IC50,7.2,1,CHEMBL4175295
COc1ccc(Nc2nc3cc(Oc4ncnc5c4cnn5C)ccc3n2C)cc1,1,IC50,7.13,1,CHEMBL4159393
Cn1ncc2c(Oc3ccc4c(c3)nc(Nc3ccc(OC(F)(F)F)cc3)n4C)ncnc21,1,IC50,7.11,1,CHEMBL4170025
COc1ccc(CNc2nc3cc(Oc4ncnc5c4cnn5C)ccc3n2C)cc1,1,IC50,6.37,1,CHEMBL4173465
Cc1nc2c(c(Nc3c[nH]nc3C(=O)Nc3ccc(N4CCNCC4)cc3)n1)CCC2,1,IC50,7.02,1,CHEMBL4163870
CNC(=O)c1cc(Oc2ccc(C3=NNC(c4cccc(Br)c4)C3)cc2)ccn1,1,IC50,6.25,1,CHEMBL4217207
CNC(=O)c1cc(Oc2ccc(C3=NNC(c4ccc(OC)cc4)C3)cc2)ccn1,0,IC50 (>),4.3,1,CHEMBL4208998
CNC(=O)c1cc(Oc2ccc(C3CC(c4ccc([N+](=O)[O-])cc4)=NN3)cc2)ccn1,0,IC50 (>),4.3,1,CHEMBL4202658
CC(=O)Nc1cn2cc(-c3cc(NC(=O)c4ccccc4)ccc3C)ccc2n1,0,IC50,4.96,1,CHEMBL4211935
CC(=O)Nc1cn2cc(-c3cc(NC(=O)c4cccc(C(F)(F)F)c4)ccc3C)ccc2n1,1,IC50,6.5,1,CHEMBL4216073
CC(=O)Nc1cn2cc(-c3cc(NC(=O)c4cccc(C(C)(C)C)c4)ccc3C)ccc2n1,1,IC50,7.36,1,CHEMBL4217462
CC(=O)Nc1cn2cc(-c3cc(NC(=O)c4ccc(CN5CCN(C)CC5)c(C(F)(F)F)c4)ccc3C)ccc2n1,1,IC50,6.96,1,CHEMBL4205266
Cc1c(C(=O)NCCS(C)(=O)=O)sc2ncnc(Oc3ccc(NC(=O)C4(C(=O)Nc5ccc(F)cc5)CC4)cc3F)c12,1,IC50,7.32,1,CHEMBL4205605
COCCNC(=O)c1sc2ncnc(Oc3ccc(NC(=O)C4(C(=O)Nc5ccc(F)cc5)CC4)cc3F)c2c1C,1,IC50,7.08,1,CHEMBL4208845
Cc1c(C(=O)NCCN2CCOCC2)sc2ncnc(Oc3ccc(NC(=O)C4(C(=O)Nc5ccc(F)cc5)CC4)cc3F)c12,1,IC50,7.27,1,CHEMBL4208454
Cc1c(C(=O)NCCCN2CCOCC2)sc2ncnc(Oc3ccc(NC(=O)C4(C(=O)Nc5ccc(F)cc5)CC4)cc3F)c12,1,IC50,7.09,1,CHEMBL4211614
Cc1c(C(=O)NCC#N)sc2ncnc(Oc3ccc(NC(=O)C4(C(=O)Nc5ccc(F)cc5)CC4)cc3F)c12,1,IC50,7.13,1,CHEMBL4208557
CCCNC(=O)c1cc(Oc2ccc(NC(=O)c3cc4cccnc4n(-c4ccc(F)cc4)c3=O)cc2)ccn1,1,IC50,6.54,1,CHEMBL4204920
Cc1cc(=O)n(-c2ccc(F)cc2)nc1C(=O)Nc1ccc(Oc2ncnc3ccsc23)c(F)c1,1,IC50,6.35,1,CHEMBL4215703
CNc1ncc2c(-c3ccc(N4CCN(C(=O)C(C)(C)C)CC4)nc3)nn(CC3CCCC3)c2n1,0,IC50 (>),5.0,1,CHEMBL4204515
CNc1ncc2c(-c3ccc(N4CCN(C)CC4)nc3)nn(CC3CCCC3)c2n1,1,IC50,6.4,1,CHEMBL4208852
CNc1ncc2c(-c3ccc(N4CCN(C)CC4)cc3)nn(CC3CCCC3)c2n1,1,IC50,7.18,1,CHEMBL4218175
Nc1nc(Nc2ccc3c(c2)CC[C@@H](N2CCCC2)CC3)nn1-c1cc2c(nn1)-c1ccccc1CCC2,1,IC50,8.1,1,CHEMBL3809489
CNc1ncc2c(-c3ccc(N4CCN(C(=O)C(C)(C)C)CC4)nc3)nn(Cc3cn(Cc4ccccc4)nn3)c2n1,0,IC50 (>),5.0,1,CHEMBL4207004
CNc1ncc2c(-c3ccc(N4CCNCC4)cc3)nn(Cc3cn(Cc4ccccc4)nn3)c2n1,0,IC50 (>),5.0,1,CHEMBL4211308
CNc1ncc2c(-c3ccc(N4CCNCC4)nc3)nn(Cc3cn(-c4ccsc4C(=O)OC)nn3)c2n1,0,IC50 (>),5.0,1,CHEMBL4205191
CNc1ncc2c(-c3ccc(N4CCNCC4)nc3)nn(Cc3cn(Cc4ccccc4)nn3)c2n1,0,IC50 (>),5.0,1,CHEMBL4210084
CNc1ncc2c(-c3ccc(N4CCNCC4)nc3)nn(CC3CCCC3)c2n1,1,IC50,6.16,1,CHEMBL4213003
COc1cc2c(cc1OC)Nc1ncnc(Oc3ccc(NC(=O)C4(C(=O)Nc5ccc(F)cc5)CC4)cc3F)c1NC2,1,IC50,7.2,1,CHEMBL4210100
Cc1c2ccc(N(C)c3ccnc(Nc4ccc(C(=O)NCCCCCCC(=O)NO)cc4)n3)cc2nn1C,1,IC50,7.34,1,CHEMBL4212117
Cc1c2ccc(N(C)c3ccnc(Nc4ccc(C(=O)Nc5ccccc5N)cc4)n3)cc2nn1C,1,IC50,7.43,1,CHEMBL4213341
CCN1CCN(Cc2ccc(NC(=O)Nc3ccc(-c4ccc(NC)nc4)cc3)cc2C(F)(F)F)CC1,1,IC50,8.23,1,CHEMBL4205803
CCN1CCN(Cc2ccc(NC(=O)Nc3ccc(-c4ccc(=O)[nH]c4)cc3)cc2C(F)(F)F)CC1,1,IC50,7.02,1,CHEMBL4210670
CCOc1cc(-c2ccc(NC(=O)Nc3ccc(CN4CCN(CC)CC4)c(C(F)(F)F)c3)c(F)c2)c[nH]c1=O,1,IC50,7.68,1,CHEMBL4218013
CCOc1cc(=O)[nH]cc1-c1ccc(CC(=O)Nc2cccc(C(F)(F)F)c2)c(F)c1,1,IC50,7.16,1,CHEMBL4206308
CCOc1cc(=O)[nH]cc1-c1ccc(CC(=O)Nc2ccc(CN(C)C)c(C(F)(F)F)c2)c(F)c1,1,IC50,6.87,1,CHEMBL4213626
CCOc1cc(=O)[nH]cc1-c1ccc(CC(=O)Nc2ccc(CC(C)(C)N)c(C(F)(F)F)c2)c(F)c1,1,IC50,8.1,1,CHEMBL4218563
CCOc1cc(=O)[nH]cc1-c1ccc(CC(=O)Nc2ccc(C(C)C#N)c(C(F)(F)F)c2)c(F)c1,1,IC50,7.04,1,CHEMBL4214146
CCOc1cc(=O)[nH]cc1-c1ccc(CC(=O)Nc2ccc(CC(C)(C)O)c(C(F)(F)F)c2)c(F)c1,1,IC50,7.99,1,CHEMBL4218127
CCOc1cc(=O)[nH]cc1-c1ccc(CC(=O)Nc2ccc(CC(C)(C)CO)c(C(F)(F)F)c2)c(F)c1,1,IC50,7.93,1,CHEMBL4205243
CCOc1cc(=O)[nH]cc1-c1ccc(CC(=O)Nc2ccc(CC(C)(C)CS(C)(=O)=O)c(C(F)(F)F)c2)c(F)c1,1,IC50,7.69,1,CHEMBL4203429
CCOc1cc(=O)[nH]cc1-c1ccc(CC(=O)Nc2cc(-c3nnc(C)o3)cc(C(F)(F)F)c2)c(F)c1,1,IC50,6.67,1,CHEMBL4212513
CCOc1cc(=O)[nH]cc1-c1ccc(CC(=O)Nc2cc(C(C)(C)C(F)(F)F)no2)c(F)c1,1,IC50,7.4,1,CHEMBL3355010
CCOc1cc(=O)[nH]cc1-c1ccc(CC(=O)Nc2cc(C(C)(C)C(F)(F)F)on2)c(F)c1,1,IC50,6.96,1,CHEMBL3355009
O=C(N/N=C/c1cc(F)c(F)cc1Cl)N1CCc2ncnc(Nc3ccc(F)c(Cl)c3)c2C1,1,IC50,6.77,1,CHEMBL4228120
O=C(N/N=C/c1cccs1)N1CCc2ncnc(Nc3ccc(F)c(Cl)c3)c2C1,1,IC50,6.62,1,CHEMBL4229213
O=C(N/N=C/c1ccc(F)cc1Cl)N1CCc2ncnc(Nc3cccc(Br)c3)c2C1,1,IC50,6.88,1,CHEMBL4226907
Cc1ccc(/C=N/NC(=O)N2CCc3ncnc(Nc4cccc(C(F)(F)F)c4)c3C2)cc1,1,IC50,6.82,1,CHEMBL4227281
CCOC(=O)N/C=C/C(=O)c1ccc(NC(=S)Nc2ccc(S(=O)(=O)Nc3ccccn3)cc2)cc1,1,IC50,7.48,1,CHEMBL4225623
COC(=O)/C=C(/C)N/C=C/C(=O)c1ccc(NC(=S)Nc2ccc(S(=O)(=O)Nc3ccccn3)cc2)cc1,1,IC50,7.24,1,CHEMBL4227378
Cc1ccc(C(=O)O)c(N/C=C/C(=O)c2ccc(NC(=S)Nc3ccc(S(=O)(=O)Nc4ccccn4)cc3)cc2)c1,1,IC50,6.68,1,CHEMBL4225895
O=C(/C=C/Nc1ccccc1Cl)c1ccc(NC(=S)Nc2ccc(S(=O)(=O)Nc3ccccn3)cc2)cc1,1,IC50,7.43,1,CHEMBL4225317
O=C(/C=C/Nc1ccc(F)cc1)c1ccc(NC(=S)Nc2ccc(S(=O)(=O)Nc3ccccn3)cc2)cc1,1,IC50,7.43,1,CHEMBL4226159
CCOC(=O)c1ccc(N/C=C/C(=O)c2ccc(NC(=S)Nc3ccc(S(=O)(=O)Nc4ccccn4)cc3)cc2)cc1,1,IC50,6.66,1,CHEMBL4225576
CNC(=O)c1ccc(Sc2ccc(NC(=O)Nc3ccc(Cl)c(C(F)(F)F)c3)cc2)nc1,1,IC50,7.08,1,CHEMBL4224704
CNC(=O)c1ccc(Sc2ccc(NC(=O)Nc3cc(C(F)(F)F)cc(C(F)(F)F)c3)cc2)nc1,1,IC50,6.29,1,CHEMBL4227572
CNC(=O)c1ccc(Sc2ccc(NC(=O)Nc3ccc(F)c(C(F)(F)F)c3)cc2)nc1,1,IC50,6.99,1,CHEMBL4229181
CNC(=O)c1ccc(Sc2ccc(NC(=S)Nc3ccc(Cl)c(C(F)(F)F)c3)cc2)nc1,1,IC50,7.34,1,CHEMBL4225772
CNC(=O)c1ccc(Sc2ccc(NC(=S)Nc3cccc(C(F)(F)F)c3)cc2)nc1,0,IC50 (>),5.0,1,CHEMBL4228090
CNC(=O)c1ccc(Sc2ccc(NC(=S)Nc3ccc(OC(F)(F)F)cc3)cc2)nc1,0,IC50 (>),5.0,1,CHEMBL4225042
CNC(=O)c1ccc(Sc2ccc(NC(=S)Nc3cccc(C)c3)cc2)nc1,0,IC50 (>),5.0,1,CHEMBL4227291
CNC(=O)c1ccc(Sc2ccc(NC(=S)Nc3ccc(F)c(C(F)(F)F)c3)cc2)nc1,1,IC50,7.13,1,CHEMBL4226090
CNC(=O)c1ccc(Sc2ccc(NC(=S)Nc3ccc(F)c(F)c3)cc2)nc1,0,IC50 (>),5.0,1,CHEMBL4225502
CNC(=O)c1ccc(Sc2ccc(NC(=S)Nc3cc(C(F)(F)F)cc(C(F)(F)F)c3)cc2)nc1,1,IC50,6.56,1,CHEMBL4226340
CNC(=O)c1ccc(Sc2cccc(NC(=S)Nc3ccc(F)c(C(F)(F)F)c3)c2)nc1,1,IC50,7.21,1,CHEMBL4224973
CNC(=O)c1ccc(Sc2cccc(NC(=S)Nc3ccc(Cl)c(C(F)(F)F)c3)c2)nc1,1,IC50,7.2,1,CHEMBL4225828
CNC(=O)c1ccc(Sc2cccc(NC(=S)Nc3ccc(Br)c(C(F)(F)F)c3)c2)nc1,1,IC50,6.88,1,CHEMBL4226283
CNC(=O)c1ccc(Sc2cccc(NC(=S)Nc3ccc(OC(F)(F)F)cc3)c2)nc1,0,IC50 (>),5.0,1,CHEMBL4227005
CNC(=O)c1ccc(Sc2cccc(NC(=S)Nc3cc(C(F)(F)F)cc(C(F)(F)F)c3)c2)nc1,1,IC50,6.05,1,CHEMBL4227092
COc1ccc(Nc2ncc3c(n2)-c2ccc(Cl)cc2SC3)cc1OC,1,IC50,6.14,1,CHEMBL4248513
COc1cc(Nc2ncc3c(n2)-c2ccccc2SC3)cc(OC)c1OC,1,IC50,7.57,2,CHEMBL4238320
COc1ccc(Nc2ncc3c(n2)-c2ccccc2SC3)cc1OC,1,IC50,6.96,1,CHEMBL4240970
COc1ccc2c(c1)SCc1cnc(Nc3cccc(Br)c3)nc1-2,1,IC50,6.21,1,CHEMBL4248398
COc1cccc(Nc2ncc3c(n2)-c2ccccc2SC3)c1,1,IC50,6.01,1,CHEMBL4240958
Cc1ccc(Cc2cc(-c3ccc(F)cc3)nnc2O)cc1,0,IC50,4.29,1,CHEMBL1488812
O=C1c2ccccc2O[C@@H](c2ccc(Cl)cc2)[C@@H]1O,0,IC50,4.75,1,CHEMBL4241633
Cc1ccc(-c2oc3ccccc3c(=O)c2O)cc1,0,IC50,4.67,1,CHEMBL273103
O=C1NCCN1CCN(CC(O)c1ccccc1)CC(O)c1ccccc1,0,IC50,4.03,1,CHEMBL4237913
Nc1ccccc1SCc1nc2ccccc2c(=O)[nH]1,0,IC50,4.17,1,CHEMBL4239930
CC(C)(CC(=O)O)CC(=O)Nc1cc(-c2ccccc2)[nH]n1,0,IC50,4.33,1,CHEMBL1704021
CCN(CC)CCOc1ccc(Nc2cc(Cl)nc(-c3ccc(OC)cc3)n2)cc1,1,IC50,6.76,1,CHEMBL4246128
COc1ccc(-c2nc(Cl)c(-c3ccccc3)c(Nc3ccc(NC(=O)CN4CCCC4)cc3)n2)cc1,1,IC50,6.69,1,CHEMBL4248249
CCN(CC)CCOc1ccc(Nc2nc(-c3ccc(OC)cc3)nc(Cl)c2-c2ccccc2)cc1,1,IC50,7.17,1,CHEMBL4245780
COc1ccc(-c2nc(Cl)c(-c3ccccc3)c(Oc3ccc(OCCN(C)C)cc3)n2)cc1,1,IC50,7.0,1,CHEMBL4242446
Oc1ccc(-c2nc(Cl)c(-c3ccccc3)c(Oc3ccc(OCCN4CCCC4)cc3)n2)cc1,1,IC50,7.07,1,CHEMBL4248225
O=C(Cc1cccc(OCCCN2CCNCC2)c1)Nc1nc(-c2ccncc2)cs1,0,IC50 (>),5.0,1,CHEMBL4245507
O=C(Cc1cccc(OCCCC2CCNCC2)c1)Nc1nc(-c2ccncc2)cs1,0,IC50 (>),5.0,1,CHEMBL4251324
Cc1coc2ncnc(N(C)c3ccc(N(C)C)cc3)c12,1,IC50,7.81,1,CHEMBL4245415
CNc1ccc(N(C)c2ncnc3occ(C)c23)cc1,1,IC50,7.9,1,CHEMBL4250210
CSc1ccc(N(C)c2ncnc3occ(C)c23)cc1,1,IC50,7.87,1,CHEMBL4239716
CCc1ccc(N(C)c2ncnc3occ(C)c23)cc1,1,IC50,8.11,1,CHEMBL4242522
CCCN(c1ccc(OC)cc1)c1ncnc2occ(C)c12,1,IC50,7.92,1,CHEMBL4237916
COc1ccc(N(c2ncnc3occ(C)c23)C(C)C)cc1,1,IC50,7.63,1,CHEMBL4250273
CCN(c1ccc(OC)cc1)c1ncnc2occ(C)c12,1,IC50,7.17,1,CHEMBL4241638
COc1ccc(Nc2ncnc3occ(C)c23)cc1,1,IC50,7.42,1,CHEMBL4245874
COc1ccc(N(C)c2ncnc3occ(C)c23)cc1,1,IC50,8.03,1,CHEMBL4250191
Cc1cccc(NC(=O)Nc2ccc(-c3cc(-c4ccccc4)nc4noc(N)c34)cc2)c1,1,IC50,6.89,1,CHEMBL4238195
Nc1onc2nc(-c3ccccc3)cc(-c3ccc(NC(=O)Nc4ccc(F)cc4)cc3)c12,1,IC50,6.16,1,CHEMBL4245241
Nc1onc2nc(-c3ccccc3)cc(-c3ccc(NC(=O)Nc4cccc(Cl)c4)cc3)c12,1,IC50,6.59,1,CHEMBL4241470
Nc1onc2nc(-c3ccccc3)cc(-c3ccc(NC(=O)Nc4ccc(Cl)c(C(F)(F)F)c4)cc3)c12,1,IC50,6.16,1,CHEMBL4242710
Nc1onc2nc(-c3ccccc3)cc(-c3ccc(NC(=O)Nc4cccc(F)c4)cc3)c12,1,IC50,6.98,1,CHEMBL4243899
C=C(CN1CCOCC1)C(=O)Nc1ccc(NC(=O)Nc2ccc(-c3cc(C)nc4noc(N)c34)cc2)cc1C,1,IC50,6.78,1,CHEMBL4238294
Cc1cc(-c2ccc(NC(=O)Nc3ccccc3Cl)cc2)c2c(N)onc2n1,1,IC50,6.22,1,CHEMBL4251080
Cc1cc(-c2ccc(NC(=O)Nc3cccc(C(F)(F)F)c3)cc2)c2c(N)onc2n1,1,IC50,7.96,1,CHEMBL4240969
Cc1cc(-c2ccc(NC(=O)Nc3ccc(Cl)c(C(F)(F)F)c3)cc2)c2c(N)onc2n1,1,IC50,6.75,1,CHEMBL4247248
Cc1cc(-c2ccc(NC(=O)Nc3cccc(Cl)c3)cc2)c2c(N)onc2n1,1,IC50,7.6,1,CHEMBL4237289
Cc1cccc(NC(=O)Nc2ccc(-c3cc(C)nc4noc(N)c34)cc2)c1,1,IC50,8.52,1,CHEMBL4243470
O=C(Nc1ccc(Nc2ncnc3sc4c(c23)CCCC4)cc1)Nc1ccc(Cl)c(C(F)(F)F)c1,1,IC50,6.7,1,CHEMBL4278922
O=C(Nc1ccc(Oc2ccnc3[nH]ccc23)c(F)c1)c1cc2cccnc2n(-c2ccc(F)cc2)c1=O,1,IC50,6.82,1,CHEMBL4289577
O=C(N/N=C/c1cccn1CCCN1CCCC1)Nc1ccc(Oc2ccnc3[nH]ccc23)cc1,0,IC50,4.84,1,CHEMBL4279863
CNC(=O)c1cc(Oc2ccc(/C=C/c3ccccn3)cc2)ccn1,1,IC50,6.06,1,CHEMBL4293385
O=C(NC1CCCCC1)c1cc(Oc2ccc(/C=C/c3ccccn3)cc2)ccn1,1,IC50,6.28,1,CHEMBL4294041
CNC(=O)c1cc(Oc2ccc(/C=C/c3ccncc3)cc2)ccn1,1,IC50,6.54,1,CHEMBL4283873
Cc1ccc(C2=Nc3c(n[nH]c3C)Nc3nc(NC(C)C)ncc32)cc1,1,IC50,7.52,1,CHEMBL4293912
Cc1ccc(C2=Nc3c(n[nH]c3C)Nc3nc(N4CCCCC4)ncc32)cc1,1,IC50,7.52,1,CHEMBL4280932
CNc1ncc2c(n1)Nc1n[nH]c(C)c1N=C2c1ccc(C)cc1,1,IC50,6.7,1,CHEMBL4291572
CSc1ncc2c(n1)Nc1n[nH]c(C)c1N=C2c1ccc(C(F)(F)F)cc1,1,IC50,6.68,1,CHEMBL4282864
CSc1ncc2c(n1)Nc1n[nH]c(C)c1N=C2c1ccccc1C(F)(F)F,1,IC50,6.69,1,CHEMBL4293467
COc1ccc(C2=Nc3c(n[nH]c3C)Nc3nc(SC)ncc32)cc1,1,IC50,6.37,1,CHEMBL4291146
COc1ccccc1C1=Nc2c(n[nH]c2C)Nc2nc(SC)ncc21,1,IC50,6.99,1,CHEMBL4283293
CSc1ncc2c(n1)Nc1n[nH]c(C)c1N=C2c1ccc(C)cc1,1,IC50,6.8,1,CHEMBL4294551
CSc1ncc2c(n1)Nc1n[nH]c(C)c1N=C2c1ccccc1C,1,IC50,6.96,1,CHEMBL4286642
CSc1ncc2c(n1)Nc1n[nH]c(C)c1N=C2c1cccc(F)c1,1,IC50,6.48,1,CHEMBL4282473
CSc1ncc2c(n1)Nc1n[nH]c(C)c1N=C2c1ccc(Cl)cc1,1,IC50,6.5,1,CHEMBL4290345
CSc1ncc2c(n1)Nc1n[nH]c(C)c1N=C2c1cccc(Cl)c1,1,IC50,6.85,1,CHEMBL4290758
CSc1ncc2c(n1)Nc1n[nH]c(C)c1N=C2c1ccccc1Cl,1,IC50,7.08,1,CHEMBL4280119
CSc1ncc2c(n1)Nc1n[nH]c(C)c1N=C2c1ccccc1,1,IC50,6.16,1,CHEMBL4294161
Cc1ccc(C2=Nc3c(n[nH]c3C)Nc3nc(NC(C)(C)C)ncc32)cc1,1,IC50,7.07,1,CHEMBL4286011
CCN(CC)c1ncc2c(n1)Nc1n[nH]c(C)c1N=C2c1ccc(C)cc1,1,IC50,8.08,1,CHEMBL4278759
Cc1ccc(C2=Nc3c(n[nH]c3C)Nc3nc(N4CCN(C)CC4)ncc32)cc1,1,IC50,7.61,1,CHEMBL4289433
Cc1ccc(C2=Nc3c(n[nH]c3C)Nc3nc(N4CCOCC4)ncc32)cc1,1,IC50,7.67,1,CHEMBL4282231
Cc1c(C(=O)NCCCN(C)C)cn2ncnc(Oc3ccc(NC(=O)C4(C(=O)Nc5ccc(F)cc5)CC4)cc3F)c12,1,IC50,8.39,1,CHEMBL4292884
Cc1c(C(=O)NCCCN2CCOCC2)cn2ncnc(Oc3ccc(NC(=O)C4(C(=O)Nc5ccc(F)cc5)CC4)cc3F)c12,1,IC50,7.91,1,CHEMBL4285034
Cc1c(OCCCS(C)(=O)=O)cn2ncnc(Oc3ccc(NC(=O)C4(C(=O)Nc5ccc(F)cc5)CC4)cc3F)c12,1,IC50,7.91,1,CHEMBL4287439
Cc1c(OCCCN2CCOCC2)cn2ncnc(Oc3ccc(NC(=O)C4(C(=O)Nc5ccc(F)cc5)CC4)cc3F)c12,1,IC50,7.92,1,CHEMBL4276790
Cc1c(OCC(O)CO)cn2ncnc(Oc3ccc(NC(=O)C4(C(=O)Nc5ccc(F)cc5)CC4)cc3F)c12,1,IC50,8.14,1,CHEMBL4292983
Cc1c(OCC(O)CN2CCN(C)CC2)cn2ncnc(Oc3ccc(NC(=O)C4(C(=O)Nc5ccc(F)cc5)CC4)cc3F)c12,1,IC50,8.3,1,CHEMBL4282387
Cc1c(OCC(O)CN2CCC(O)CC2)cn2ncnc(Oc3ccc(NC(=O)C4(C(=O)Nc5ccc(F)cc5)CC4)cc3F)c12,1,IC50,8.18,1,CHEMBL4277848
Cc1c(OCC(O)CN2CCOCC2)cn2ncnc(Oc3ccc(NC(=O)C4(C(=O)Nc5ccc(F)cc5)CC4)cc3F)c12,1,IC50,8.21,1,CHEMBL4285792
Cc1cc(Oc2ccnc(NC(=O)N3CCC(N4CCN(C)CC4)CC3)c2)ccc1NC(=O)C1(C(=O)Nc2ccc(F)cc2)CC1,1,IC50,7.8,1,CHEMBL4286385
COCCNCc1ccc(-c2cc3nccc(Oc4ccc(NC(=O)C5(C(=O)Nc6ccc(F)cc6)CC5)cc4F)c3s2)nc1,1,IC50,8.3,2,CHEMBL3989926
O=C(Nc1cc(Oc2cc(F)c(NC(=O)C3(C(=O)Nc4ccc(F)cc4)CC3)cc2F)ccn1)C1CC1,1,IC50,8.04,2,CHEMBL3545365
COc1cccc(OCc2cc(C)ccn2)c1-c1ccc2c(c1)CCNCC2,0,IC50,4.5,1,CHEMBL4291402
CNC(=O)c1cccc2cc(Oc3ccnc(NC(=O)c4ccc(N5CCN(C)CC5)cc4)c3)ccc12,1,IC50,8.54,1,CHEMBL4290371
CNC(=O)n1ccc2cc(Oc3ccnc(NC(=O)c4ccc(C5CCN(CCO)CC5)cc4)c3)c(OCCO)cc21,1,IC50,7.8,1,CHEMBL4294625
CNC(=O)c1cc(Oc2ccc(NC(=O)Nc3ccc(Cl)c(C(F)(F)F)c3)c(F)c2)ccn1,1,IC50,8.4,10,CHEMBL1946170
FC(F)(F)c1ccc(COc2ccc(Nc3ncnc4cc5c(cc34)OCCOCCOCCOCCO5)cc2)cc1,1,IC50,7.33,1,CHEMBL4520064
CC(C)(C)n1nc(-c2ccc3scnc3c2)c(C(N)=O)c1N,1,IC50,6.6,1,CHEMBL4437124
CCn1nc(-c2ccc3scnc3c2)c(C(N)=O)c1N,0,IC50,4.4,1,CHEMBL4561931
NC(=O)c1c(-c2ccc3scnc3c2)nn2c1N[C@@H]1C[C@@H](C[C@H]1O)C2,0,IC50 (>),5.0,1,CHEMBL4453606
NC(=O)c1c(-c2ccc3scnc3c2)nn2c1N[C@@H]1C[C@H](C2)[C@@H](O)C1,0,IC50 (>),5.0,1,CHEMBL4583311
NC(=O)c1c(-c2ccc3scnc3c2)nn2c1N[C@H]1C[C@@H](C2)[C@H](O)C1,0,IC50 (>),5.0,1,CHEMBL4562422
C/C=C(\C)C(=O)O[C@@H]1C2=C(C)C(=O)N[C@]2(O)C[C@@]2(C)O[C@@H]2CC[C@@]2(C)O[C@H]12,0,IC50,4.39,1,CHEMBL4537518
COc1ccc(-c2cc3ccc(OC)cc3nc2Nc2ccc(NC(=O)CN(C)C)cc2)cc1,1,IC50,6.94,1,CHEMBL4436272
CCN(CC)CC(=O)Nc1ccc(Nc2nc3cc(OC)ccc3cc2-c2ccc(OC)cc2)cc1,1,IC50,7.0,1,CHEMBL4468005
COc1ccc(-c2cc3ccc(OC)cc3nc2Nc2ccc(NC(=O)CN3CCCC3)cc2)cc1,1,IC50,6.9,1,CHEMBL4543095
COc1ccc(-c2cc3ccc(OC)cc3nc2Nc2ccc(NC(=O)CN3CCCCC3)cc2)cc1,1,IC50,7.1,1,CHEMBL4551158
COc1ccc(-c2cc3ccc(OC)cc3nc2Nc2ccc(NC(=O)CN3CCOCC3)cc2)cc1,1,IC50,6.96,1,CHEMBL4562341
COc1ccc(-c2cc3ccc(OC)cc3nc2Nc2ccc(NC(=O)CN3CCN(C)CC3)cc2)cc1,1,IC50,6.98,1,CHEMBL4542816
COc1ccc(-c2cc3cc(OC)ccc3nc2Nc2ccc(NC(=O)CN(C)C)cc2)cc1,1,IC50,6.96,1,CHEMBL4591664
CCN(CC)CC(=O)Nc1ccc(Nc2nc3ccc(OC)cc3cc2-c2ccc(OC)cc2)cc1,1,IC50,7.09,1,CHEMBL4552156
COc1ccc(-c2cc3cc(OC)ccc3nc2Nc2ccc(NC(=O)CN3CCCC3)cc2)cc1,1,IC50,6.88,1,CHEMBL4585345
COc1ccc(-c2cc3cc(OC)ccc3nc2Nc2ccc(NC(=O)CN3CCCCC3)cc2)cc1,1,IC50,7.1,1,CHEMBL4592212
COc1ccc(-c2cc3cc(OC)ccc3nc2Nc2ccc(NC(=O)CN3CCOCC3)cc2)cc1,1,IC50,6.93,1,CHEMBL4554056
COc1ccc(-c2cc3cc(OC)ccc3nc2Nc2ccc(NC(=O)CN3CCN(C)CC3)cc2)cc1,1,IC50,7.07,1,CHEMBL4449964
COc1ccc(-c2ccc(Cn3cc(-c4cccc(Cl)c4)nn3)cc2)cn1,1,IC50,8.79,1,CHEMBL4452256
COc1ccc(-c2ccc(Cn3cc(-c4ccccc4)nn3)cc2)cn1,1,IC50,7.98,1,CHEMBL4470400
COc1ccc(-c2ccc(Cn3cc(-c4ccc(C)cc4)nn3)cc2)cn1,1,IC50,7.02,1,CHEMBL4449700
COc1ccc(-c2ccc(Cn3cc(-c4cccc(C)c4)nn3)cc2)cn1,1,IC50,7.96,1,CHEMBL4556899
COc1ccc(-c2ccc(Cn3cc(-c4ccc(C(F)(F)F)cc4)nn3)cc2)cn1,1,IC50,7.12,1,CHEMBL4528844
COc1ccc(-c2ccc(Cn3cc(-c4cccc(N)c4)nn3)cc2)cn1,1,IC50,8.73,1,CHEMBL4441465
COc1ccc(-c2ccc(Cn3cc(-c4ccc(NC(=O)C5CC5)cc4)nn3)cc2)cn1,1,IC50,9.28,1,CHEMBL4473253
Clc1cccc(-c2cn(Cc3ccc(-c4cccnc4)cc3)nn2)c1,1,IC50,6.17,1,CHEMBL4447552
Fc1ccccc1-c1cn(Cc2ccc(-c3cccnc3)cc2)nn1,1,IC50,6.52,1,CHEMBL4454065
c1ccc(-c2cn(Cc3ccc(-c4cccnc4)cc3)nn2)cc1,1,IC50,7.44,1,CHEMBL4556134
Cc1ccc(-c2cn(Cc3ccc(-c4cccnc4)cc3)nn2)cc1,1,IC50,7.8,1,CHEMBL4519953
Cc1cccc(-c2cn(Cc3ccc(-c4cccnc4)cc3)nn2)c1,1,IC50,8.88,1,CHEMBL4570075
CCN1CCN(CCCOc2cc3nccc(Oc4c(F)cc(NC(=O)NN5C(=O)CSC5c5c(F)cccc5F)cc4F)c3cc2OC)CC1,1,IC50,6.07,1,CHEMBL4587222
COc1ccc(Nc2nc3ccc(NC(=O)Nc4ccccc4)cc3[nH]c2=O)cc1,0,IC50,4.99,2,CHEMBL4556620
COc1ccc(NC(=O)Nc2ccc(C(=O)N/N=C3\C(=O)Nc4ccc(OC)cc43)cc2)cc1,1,IC50,6.29,1,CHEMBL4553770
COc1cccc(NC(=O)Nc2ccc(C(=O)N/N=C3\C(=O)Nc4ccc(Cl)cc43)cc2)c1,1,IC50,6.34,1,CHEMBL4580040
COc1cccc(NC(=O)Nc2ccc(C(=O)N/N=C3\C(=O)Nc4ccc(Br)cc43)cc2)c1,1,IC50,6.35,1,CHEMBL4471270
COc1cccc(NC(=O)Nc2ccc(C(=O)N/N=C3\C(=O)Nc4ccc(OC)cc43)cc2)c1,1,IC50,6.57,1,CHEMBL4457815
O=C(Nc1ccc(C(=O)N/N=C2\C(=O)Nc3ccc(Br)cc32)cc1)Nc1ccc(Cl)c(C(F)(F)F)c1,1,IC50,6.62,1,CHEMBL4461094
COc1ccc2c(c1)/C(=N/NC(=O)c1ccc(NC(=O)Nc3ccc(Cl)c(C(F)(F)F)c3)cc1)C(=O)N2,1,IC50,6.75,1,CHEMBL4454772
COc1ccc2c(c1)/C(=N/NC(=O)c1ccc(NC(=O)c3ccc(Cl)cc3)cc1)C(=O)N2,1,IC50,6.34,1,CHEMBL4469902
COc1ccc2c(c1)/C(=N/NC(=O)c1ccc(NC(=O)Nc3ccccc3)cc1)C(=O)N2,1,IC50,6.31,1,CHEMBL4590038
COc1ccc2c(c1)/C(=N/NC(=O)c1ccc(NC(=O)Nc3ccc(Cl)cc3)cc1)C(=O)N2,1,IC50,6.25,1,CHEMBL4540917
COc1ccc(C(=O)Nc2ccc(C(=O)N/N=C3\C(=O)Nc4ccc(OC)cc43)cc2)cc1,1,IC50,6.55,1,CHEMBL4469330
COc1ccc(C(=O)Nc2ccc(C(=O)N/N=C3\C(=O)Nc4ccc(Br)cc43)cc2)cc1,1,IC50,6.15,1,CHEMBL4463359
COc1cccc(NC(=O)N2CCCc3cc(Nc4ncnc5cc(OC)c(OC)cc45)ccc32)c1,1,IC50,7.29,1,CHEMBL4539051
COc1cc2ncnc(Nc3ccc4c(c3)CCCN4C(=O)Nc3cccc(Cl)c3)c2cc1OC,1,IC50,7.52,1,CHEMBL4589270
COc1cc2ncnc(Nc3ccc4c(c3)CCCN4C(=O)Nc3ccc(C(C)=O)cc3)c2cc1OC,1,IC50,7.52,1,CHEMBL4548316
Cc1cccc(NC(=O)Nc2ccc(Nc3ccc([N+](=O)[O-])c4ncnc(O)c34)cc2)c1,1,IC50,7.11,1,CHEMBL4531086
O=C(Nc1ccc(Nc2ccc([N+](=O)[O-])c3ncnc(O)c23)cc1)Nc1cccc(C(F)(F)F)c1,1,IC50,7.35,1,CHEMBL4590229
O=C(Nc1ccc(Nc2ccc([N+](=O)[O-])c3ncnc(O)c23)cc1)Nc1cc(Cl)ccc1Cl,1,IC50,7.38,1,CHEMBL4453846
O=C(Nc1ccc(Nc2ccc([N+](=O)[O-])c3ncnc(O)c23)cc1)Nc1cc(C(F)(F)F)ccc1Cl,1,IC50,7.92,2,CHEMBL4464237
COc1cc(O)c2c(c1)-c1cccc(c1)[C@@H](O)[C@H](O)[C@@H](N)/C=C\C[C@H](C)OC2=O,0,IC50 (>),5.0,1,CHEMBL4471009
COc1cc(O)c2c(c1)-c1cccc(c1)[C@@H](O)[C@H](O)[C@H](O)/C=C\C[C@H](C)OC2=O,0,IC50 (>),5.0,1,CHEMBL4520759
COc1cc(O)c2c(c1)-c1cccc(c1)CCC(=O)/C=C\C[C@H](C)OC2=O,1,IC50,7.17,1,CHEMBL4515000
COc1cc(O)c2c(c1)-c1cccc(c1)[C@H](O)[C@@H](O)C(=O)CCC[C@H](C)OC2=O,1,IC50,6.03,1,CHEMBL4515912
COc1cc(O)c2c(c1)-c1cccc(c1)[C@H](O)[C@@H](O)C(=O)/C=C\C[C@H](C)OC2=O,1,IC50,7.07,1,CHEMBL4452766
COc1cc(O)c2c(c1)-c1cccc(c1)[C@@H](O)[C@H](O)C(=O)CCC[C@H](C)OC2=O,0,IC50 (>),5.0,1,CHEMBL4517550
C=C1/C=C\C[C@H](C)OC(=O)c2c(O)cc(OC)cc2-c2cccc(c2)[C@@H](O)[C@@H]1O,0,IC50 (>),5.0,1,CHEMBL4438318
COc1cc(O)c2c(c1)-c1cccc(c1)[C@@H](O)[C@H](O)C(=O)C/C=C/[C@H](C)OC2=O,1,IC50,7.85,1,CHEMBL4530473
COc1cc(O)c2c(c1)-c1cccc(c1)[C@@H](O)[C@H](O)C(=O)/C=C\C[C@H](C)OC2=O,1,IC50,8.45,1,CHEMBL4453304
COc1cc(O)c2c(c1)-c1cccc(c1)[C@H](O)[C@H](O)C(=O)CCC[C@H](C)OC2=O,0,IC50 (>),5.0,1,CHEMBL4572320
COc1cc(O)c2c(c1)-c1cccc(c1)[C@H](O)[C@H](O)C(=O)/C=C\C[C@H](C)OC2=O,1,IC50,7.27,1,CHEMBL4533447
CCn1c(N)c(C(=O)NC)c(=O)c2ccc(C#C[C@@](C)(O)COC)nc21,1,IC50,7.17,1,CHEMBL4303275
COC[C@@H](C)Nc1cc(NC(=O)N2CCCc3cc(CN4CCCCOC4=O)c(C=O)nc32)ncc1C#N,0,IC50 (>),5.0,1,CHEMBL4475216
Fc1cccc(Nc2ncc3c(n2)-c2cccnc2SC3)c1,1,IC50,7.04,1,CHEMBL4453147
COc1cccc(Nc2ncc3c(n2)-c2cccnc2SC3)c1,1,IC50,6.75,1,CHEMBL4448243
COc1ccc(Nc2ncc3c(n2)-c2cccnc2SC3)cc1,1,IC50,6.28,1,CHEMBL4582099
c1ccc(Nc2ncc3c(n2)-c2cccnc2SC3)cc1,1,IC50,6.25,1,CHEMBL4441332
COc1ccc(Nc2ncc3c(n2)-c2cccnc2SC3)cc1OC,1,IC50,6.72,1,CHEMBL4463108
COc1cc(Nc2ncc3c(n2)-c2cccnc2SC3)cc(OC)c1OC,1,IC50,7.8,2,CHEMBL4584918
CN(CCc1ccc(-c2ccccc2)cc1)Cc1cn(C)c2ccc(C(=O)Nc3ccc(F)cc3)cc12,0,IC50,4.51,1,CHEMBL4446681
COc1cc2c(Oc3ccc(NC(=O)NS(=O)(=O)Cc4ccc(F)cc4)cc3F)ccnc2cc1OCCCN1CCCC1,1,IC50,7.02,1,CHEMBL4533153
COc1cc2ncnc(-n3ncc4cc(NC(=O)Nc5ccc(C)c(Cl)c5)ccc43)c2cc1OC,1,IC50,8.3,2,CHEMBL4544826
C=CC(=O)Nc1cc2c(Nc3ccc(Br)cc3F)ncnc2cc1OCCCC(=O)CN(C)C,1,IC50,6.99,1,CHEMBL4547332
CC(C)(C)c1cc(NC(=O)Cc2ccc(-n3cnc4cc(-c5ccc(S(C)(=O)=O)cc5)ccc43)cc2)no1,1,IC50,8.52,1,CHEMBL4473213
COc1cc(/C=C/C(=O)Nc2cc3c(Nc4ccc(F)c(Cl)c4)ncnc3cc2O[C@@H]2CCOC2)cc(OC)c1OC,1,IC50,8.44,1,CHEMBL4466350
COc1ccc(/C=C/C(=O)Nc2cc3c(Nc4ccc(F)c(Cl)c4)ncnc3cc2O[C@@H]2CCOC2)cc1,1,IC50,8.44,1,CHEMBL4439680
COc1cc2c(Nc3ccc(Br)cc3F)ncnc2cc1OCCNC(=O)Cn1cnc([N+](=O)[O-])n1,1,IC50,7.06,1,CHEMBL4453429
COc1cc2c(Nc3ccc(F)cc3Cl)ncnc2cc1OCCNC(=O)Cn1cnc([N+](=O)[O-])n1,1,IC50,6.29,1,CHEMBL4535949
COc1cc2c(Nc3ccc(C)c(Br)c3)ncnc2cc1OCCNC(=O)Cn1cnc([N+](=O)[O-])n1,1,IC50,6.74,1,CHEMBL4463765
COc1cc2c(Nc3ccc(Br)cc3F)ncnc2cc1OCCOCCNC(=O)Cn1cnc([N+](=O)[O-])n1,1,IC50,7.43,1,CHEMBL4521028
COc1cc2c(Nc3ccc(C)c(Br)c3)ncnc2cc1OCCOCCNC(=O)Cn1cnc([N+](=O)[O-])n1,1,IC50,6.39,1,CHEMBL4540303
COc1cc2c(Nc3ccc(Br)cc3F)ncnc2cc1OCC1CCN(C(=O)Cn2cncc2[N+](=O)[O-])CC1,1,IC50,7.57,1,CHEMBL4463898
COc1cc2c(Nc3ccc(C)c(Br)c3)ncnc2cc1OCCOCCOCCNC(=O)Cn1cnc([N+](=O)[O-])n1,1,IC50,6.61,1,CHEMBL4532084
COc1cc2c(Nc3ccc(Br)cc3F)ncnc2cc1OCCOCCOCCNC(=O)Cn1cnc([N+](=O)[O-])n1,1,IC50,6.66,1,CHEMBL4435233
COc1cc2c(Nc3ccc(Cl)c(Cl)c3F)ncnc2cc1OCCOCCNC(=O)Cn1cnc([N+](=O)[O-])n1,1,IC50,7.17,1,CHEMBL4471491
COc1cc2c(Nc3ccc(F)cc3)ncnc2cc1OCCOCCNC(=O)Cn1cnc([N+](=O)[O-])n1,1,IC50,6.06,1,CHEMBL4460151
O=C(Nc1nc2ccc(F)cc2s1)c1cn(-c2ccccc2)nc1-c1ccccc1,1,IC50,6.01,1,CHEMBL4446068
O=C(Nc1nc2ccc(Cl)cc2s1)c1cn(-c2ccccc2)nc1-c1ccccc1,1,IC50,6.19,1,CHEMBL4445854
O=C(Nc1nc2ccc(F)cc2s1)c1cn(-c2ccccc2)nc1-c1ccc(F)cc1,1,IC50,6.88,1,CHEMBL4534317
O=C(Nc1nc2ccc(Cl)cc2s1)c1cn(-c2ccccc2)nc1-c1ccc(F)cc1,1,IC50,7.01,1,CHEMBL4465698
O=C(Nc1nc2ccc(F)cc2s1)c1cn(-c2ccccc2)nc1-c1ccc(Cl)cc1,1,IC50,6.96,1,CHEMBL4573769
O=C(Nc1nc2ccc(Cl)cc2s1)c1cn(-c2ccccc2)nc1-c1ccc(Cl)cc1,1,IC50,6.59,1,CHEMBL4446129
COc1ccc(-c2nn(-c3ccccc3)cc2C(=O)Nc2nc3ccc(F)cc3s2)cc1,1,IC50,6.73,1,CHEMBL4562600
COc1ccc(-c2nn(-c3ccccc3)cc2C(=O)Nc2nc3ccc(Cl)cc3s2)cc1,1,IC50,6.67,1,CHEMBL4536596
Nc1nccc(Oc2ccc(Nc3nccc4ccn(-c5ccc(F)cc5)c(=O)c34)cc2F)c1Cl,1,IC50,6.55,1,CHEMBL4474232
Nc1nccc(Oc2ccc(Nc3nccc4ccn(-c5ccc(F)cc5)c(=O)c34)cc2F)c1I,1,IC50,7.2,1,CHEMBL4553056
Cc1cc2ccnc(Nc3ccc(Oc4ccnc(N)c4Cl)c(F)c3)c2c(=O)n1-c1ccc(F)cc1,1,IC50,6.58,1,CHEMBL4442365
Cc1cc2ccnc(Nc3ccc(Oc4ccnc(N)c4I)c(F)c3)c2c(=O)n1-c1ccc(F)cc1,1,IC50,6.99,1,CHEMBL4449612
Cc1cc2ccnc(Nc3ccc(Oc4ccnc(N)c4Cl)c(F)c3)c2c(=O)n1-c1ccccc1,1,IC50,7.64,1,CHEMBL4438194
Cc1cc2ccnc(Nc3ccc(Oc4ccnc(N)c4Cl)c(F)c3)c2c(=O)n1-c1ccc(F)cc1F,1,IC50,6.83,1,CHEMBL4591255
Cc1cc2ccnc(Nc3ccc(Oc4ccnc(N)c4Cl)c(F)c3)c2c(=O)n1-c1ccc(Cl)cc1,1,IC50,7.35,1,CHEMBL4592597
Cc1cc2ccnc(Nc3ccc(Oc4ccnc(N)c4I)c(F)c3)c2c(=O)n1-c1ccccc1,1,IC50,6.35,1,CHEMBL4454810
Cc1cc2ccnc(Nc3ccc(Oc4ccnc(N)c4I)c(F)c3)c2c(=O)n1-c1ccc(F)cc1F,1,IC50,7.76,1,CHEMBL4443305
Cc1cc2cc(Nc3ncnc4cc(-c5ccccc5)sc34)ccc2[nH]1,1,IC50,6.85,1,CHEMBL80302
c1ccc(-c2cc3ncnc(Nc4ccc5[nH]ccc5c4)c3s2)cc1,1,IC50,7.1,1,CHEMBL76432
Cc1cccc(Cn2nc(C)c3c(NC(=O)c4csc5c(N)ncnc45)cccc32)n1,1,IC50,6.28,1,CHEMBL4483816
O=C(CCCC(=O)N1C[C@@H](CCl)c2c1cc(O)c1ccccc21)N1C[C@@H](CCl)c2c1cc(O)c1ccccc21,1,IC50,6.28,1,CHEMBL4465918
C[C@@H]1CN(C(=O)CCCC(=O)N2C[C@@H](C)c3c2cc(O)c2ccccc32)c2cc(O)c3ccccc3c21,1,IC50,6.48,1,CHEMBL4473548
Cn1cc(-c2cnc3ccc(Cl)cc3n2)cn1,1,IC50,6.34,1,CHEMBL4551715
COc1cc(Nc2ccc3ncc(-c4cnn(C)c4)nc3c2)cc(OC)c1,1,IC50,6.25,1,CHEMBL4449692
Cc1ccc(/N=N/c2sc(N3N=C(c4c(O)c5ccccc5oc4=O)CC3c3ccc(N(C)C)cc3)nc2-c2ccccc2)cc1,1,IC50,7.47,2,CHEMBL4453974
CN(C)c1ccc(C2CC(c3cc4ccccc4oc3=O)=NN2c2nc(-c3ccccc3)c(/N=N/c3ccc(Cl)cc3)s2)cc1,1,IC50,7.47,2,CHEMBL4520209
O=C(Nc1cc(Oc2ccc(Nc3nccc4c3c(=O)c(-c3ccc(F)cc3)cn4CCO)cc2F)ccn1)C1CC1,0,IC50,4.98,1,CHEMBL4580861
Cn1cc(-c2ccc(F)cc2)c(=O)c2c(Nc3ccc(Oc4ccnc(NC(=O)C5CC5)c4)c(F)c3)nccc21,0,IC50,4.64,1,CHEMBL4584949
CC(O)C(=O)Nc1cc(Oc2ccc(Nc3nccc4[nH]cc(-c5ccc(F)cc5)c(=O)c34)cc2F)ccn1,1,IC50,6.54,1,CHEMBL4513894
O=C(CO)Nc1cc(Oc2ccc(Nc3nccc4[nH]cc(-c5ccc(F)cc5)c(=O)c34)cc2F)ccn1,1,IC50,7.23,1,CHEMBL4575352
O=C(Nc1cc(Oc2ccc(Nc3nccc4[nH]cc(-c5ccc(F)cc5)c(=O)c34)cc2F)ccn1)C1CCC1,1,IC50,7.21,1,CHEMBL4567013
O=C(Nc1cc(Oc2ccc(Nc3nccc4[nH]cc(-c5ccc(F)cc5)c(=O)c34)cc2F)ccn1)C1CC1,1,IC50,8.06,1,CHEMBL4434974
CC(C)C(=O)Nc1cc(Oc2ccc(Nc3nccc4[nH]cc(-c5ccc(F)cc5)c(=O)c34)cc2F)ccn1,1,IC50,6.64,1,CHEMBL4468880
CCCCC(=O)Nc1cc(Oc2ccc(Nc3nccc4[nH]cc(-c5ccc(F)cc5)c(=O)c34)cc2F)ccn1,1,IC50,7.57,1,CHEMBL4443752
CCCC(=O)Nc1cc(Oc2ccc(Nc3nccc4[nH]cc(-c5ccc(F)cc5)c(=O)c34)cc2F)ccn1,1,IC50,7.71,1,CHEMBL4530342
CCC(=O)Nc1cc(Oc2ccc(Nc3nccc4[nH]cc(-c5ccc(F)cc5)c(=O)c34)cc2F)ccn1,1,IC50,7.7,1,CHEMBL4529670
CC(=O)Nc1cc(Oc2ccc(Nc3nccc4[nH]cc(-c5ccc(F)cc5)c(=O)c34)cc2F)ccn1,1,IC50,7.42,1,CHEMBL4459121
Nc1nccc(Oc2ccc(Nc3nccc4[nH]cc(-c5ccc(F)cc5)c(=O)c34)cc2F)c1Cl,1,IC50,7.17,1,CHEMBL4580644
CN(C)c1ccc(C(=O)Nc2cccc(NC(=O)COc3ccc4c(=O)ccoc4c3)c2)cc1,0,IC50 (>),5.0,1,CHEMBL4438748
C=CC(=O)N1CC[C@H](n2cc(-c3cc4cc(C)cc(OC)c4s3)c3c(N)ncnc32)C1,1,IC50,6.95,1,CHEMBL4475243
CN1C(=O)/C(=N\c2ccc(NC(=O)Nc3ccc(S(N)(=O)=O)cc3)cc2)c2cc(Cl)ccc21,1,IC50,6.58,1,CHEMBL4458485
CCCN1C(=O)/C(=N\c2ccc(NC(=O)Nc3ccc(S(N)(=O)=O)cc3)cc2)c2cc(Cl)ccc21,1,IC50,6.42,1,CHEMBL4536441
Cc1ccc(CN2C(=O)/C(=N\c3ccc(NC(=O)Nc4ccc(S(N)(=O)=O)cc4)cc3)c3ccccc32)cc1,1,IC50,6.33,1,CHEMBL4533369
N#Cc1ccc(CN2C(=O)/C(=N\c3ccc(NC(=O)Nc4ccc(S(N)(=O)=O)cc4)cc3)c3ccccc32)cc1,1,IC50,6.68,1,CHEMBL4569077
COc1cccc(-n2cc(NC(=O)c3ccc(NS(=O)(=O)c4ccccc4)cc3)cn2)c1,0,IC50,4.79,1,CHEMBL4442932
COc1ccc(-n2cc(NC(=O)c3ccc(NS(=O)(=O)c4ccccc4)cc3)cn2)cc1,0,IC50,4.84,1,CHEMBL4448424
O=C(Nc1cnn(-c2ccccc2)c1)c1ccc(NS(=O)(=O)c2ccccc2)cc1,0,IC50,4.99,1,CHEMBL4445843
Cn1cc(NC(=O)c2ccc(NS(=O)(=O)c3ccccc3)cc2)cn1,0,IC50,4.6,1,CHEMBL4522594
Cc1ccc(-n2cc(NC(=O)c3cccc(NS(=O)(=O)c4ccc(Cl)cc4)c3)cn2)cc1,1,IC50,6.47,1,CHEMBL4460897
Cn1cc(NC(=O)c2cccc(NS(=O)(=O)c3ccc(Cl)cc3)c2)cn1,0,IC50,4.76,1,CHEMBL4455321
COc1ccc(-n2cc(NC(=O)c3cccc(NS(=O)(=O)c4ccccc4)c3)cn2)cc1,0,IC50,4.98,1,CHEMBL4530048
Cc1ccc(-n2cc(NC(=O)c3cccc(NS(=O)(=O)c4ccccc4)c3)cn2)cc1,1,IC50,6.24,1,CHEMBL4549604
Cn1cc(NC(=O)c2cccc(NS(=O)(=O)c3ccccc3)c2)cn1,0,IC50,4.69,1,CHEMBL4552065
COc1cc2c(Oc3ccc(C4SCC(=O)N4NC(=O)Nc4ccc(F)cc4F)cc3F)ccnc2cc1OCCCN1CCN(C)CC1,1,IC50,7.73,1,CHEMBL4446992
COc1cccc(NC(=O)Nc2ccc(Oc3ncnc4cc(OC)c5c(c34)OCCO5)cc2)c1,1,IC50,8.4,1,CHEMBL4531859
COc1cc(NC(=O)Nc2ccc(Oc3ncnc4cc(OC)c5c(c34)OCCO5)cc2)ccn1,1,IC50,7.51,1,CHEMBL4470543
COc1cc2ncnc(Oc3ccc(NC(=O)Nc4cc(C(F)(F)F)ccc4F)cc3)c2c2c1OCCO2,1,IC50,8.82,1,CHEMBL4466426
COc1cc2ncnc(Oc3ccc(NC(=O)Nc4ccc(Cl)c(C(F)(F)F)c4)cc3)c2c2c1OCCO2,1,IC50,8.62,1,CHEMBL4514617
CC(C)Oc1cc2ncnc(Oc3ccc(NC(=O)Nc4cc(C(F)(F)F)ccc4F)cc3)c2c2c1OCCO2,1,IC50,8.38,1,CHEMBL4435366
COCCOc1cc2ncnc(Oc3ccc(NC(=O)Nc4cc(C(F)(F)F)ccc4F)cc3)c2c2c1OCCO2,1,IC50,8.77,1,CHEMBL4528373
O=C(Nc1ccc(Oc2ncnc3cc(OC4CCOCC4)c4c(c23)OCCO4)cc1)Nc1cc(C(F)(F)F)ccc1F,1,IC50,7.95,1,CHEMBL4472616
O=C(Nc1ccc(Oc2ncnc3cc(OCCCN4CCOCC4)c4c(c23)OCCO4)cc1)Nc1cc(C(F)(F)F)ccc1F,1,IC50,8.82,1,CHEMBL4449250
O=C(Nc1ccc(Oc2ncnc3cc(OCCCN4CCOCC4)c4c(c23)OCCO4)cc1F)Nc1cc(C(F)(F)F)ccc1F,1,IC50,9.0,1,CHEMBL4455006
O=C(Nc1cc(C(F)(F)F)ccc1F)Nc1ccc(Oc2ncnc3cc(OCCCN4CCOCC4)c4c(c23)OCCO4)cc1Cl,1,IC50,8.62,1,CHEMBL4581503
O=C(Nc1ccc(Oc2ncnc3cc(OCCCN4CCOCC4)c4c(c23)OCCO4)c(F)c1)Nc1cc(C(F)(F)F)ccc1F,1,IC50,8.47,1,CHEMBL4516513
COc1ccc(CC(=O)Nc2ccc3oc(-c4ccccc4)nc3c2)cc1OC,1,IC50,6.24,1,CHEMBL4541917
COc1cc(CC(=O)Nc2ccc3oc(-c4ccccc4)nc3c2)cc(OC)c1OC,1,IC50,6.45,1,CHEMBL4516406
O=C(Nc1ccc2oc(-c3ccc(Cl)cc3)nc2c1)c1ccc(Cl)c(Br)c1,1,IC50,6.47,1,CHEMBL4441017
COc1ccc(CC(=O)Nc2ccc3oc(-c4ccc(Cl)cc4)nc3c2)cc1OC,1,IC50,6.41,1,CHEMBL4584893
COc1cc(CC(=O)Nc2ccc3oc(-c4ccc(Cl)cc4)nc3c2)cc(OC)c1OC,1,IC50,6.59,1,CHEMBL4454848
COc1ccc(CC(=O)Nc2ccc3oc(-c4ccc(Cl)cc4)nc3c2)cc1,1,IC50,7.01,1,CHEMBL4462301
COc1ccc(CC(=O)Nc2ccc3oc(-c4ccccc4F)nc3c2)cc1,1,IC50,6.78,1,CHEMBL4441199
Cc1ccc(CC(=O)Nc2ccc3oc(-c4ccccc4F)nc3c2)cc1,1,IC50,6.63,1,CHEMBL4555386
COc1ccc(CC(=O)Nc2ccc3oc(-c4ccccc4Cl)nc3c2)cc1,1,IC50,6.35,1,CHEMBL4459889
Cc1ccc(CC(=O)Nc2ccc3oc(-c4ccccc4Cl)nc3c2)cc1,1,IC50,6.31,1,CHEMBL4516973
Cc1ccc(CC(=O)Nc2ccc3oc(-c4ccccc4Br)nc3c2)cc1,1,IC50,6.07,1,CHEMBL4584219
O=C(Nc1ccc2[nH]c(-c3ccc(Cl)cc3)nc2c1)c1ccc(Cl)c(F)c1,1,IC50,6.0,1,CHEMBL4570785
O=C(Nc1ccc2[nH]c(-c3ccc(Cl)cc3)nc2c1)c1ccc(Cl)c(Br)c1,1,IC50,6.27,1,CHEMBL4464066
COc1cc(CC(=O)Nc2ccc3[nH]c(-c4ccc(Cl)cc4)nc3c2)cc(OC)c1OC,1,IC50,6.38,1,CHEMBL4590471
COc1ccc(CC(=O)Nc2ccc3[nH]c(-c4ccc(Cl)cc4)nc3c2)cc1,1,IC50,7.29,1,CHEMBL4557230
Cc1ccc(CC(=O)Nc2ccc3[nH]c(-c4ccc(Cl)cc4)nc3c2)cc1,1,IC50,7.13,1,CHEMBL4471675
CC(=O)c1ccc(Nc2ccnc(SCC(=O)c3ccc(Br)cc3)n2)cc1,1,IC50,6.02,1,CHEMBL4561629
CC(=O)c1ccc(Nc2ccnc(SCC(=O)c3ccc(Cl)cc3)n2)cc1,1,IC50,6.66,1,CHEMBL4465126
CC(=O)c1cccc(Nc2ccnc(SCC(=O)c3ccc(-c4ccccc4)cc3)n2)c1,1,IC50,6.13,1,CHEMBL4474922
COc1ccc(C(=O)CSc2nccc(Nc3cccc(C(C)=O)c3)n2)cc1,1,IC50,6.38,1,CHEMBL4474945
CC(=O)c1cccc(Nc2ccnc(SCC(=O)c3ccc(C(F)(F)F)cc3)n2)c1,0,IC50 (>),5.0,1,CHEMBL4557976
CC(=O)c1cccc(Nc2ccnc(SCC(=O)c3ccc(Cl)cc3)n2)c1,1,IC50,6.32,1,CHEMBL4539297
O=C(O)c1ccc(Nc2ccnc(SCC(=O)c3ccc(Cl)cc3)n2)cc1,1,IC50,6.77,1,CHEMBL4574832
CC(=O)c1ccc(Nc2ccnc(SCC(=O)c3ccc(-c4ccccc4)cc3)n2)cc1,1,IC50,6.55,1,CHEMBL4590013
COc1ccc(C(=O)CSc2nccc(Nc3ccc(C(C)=O)cc3)n2)cc1,1,IC50,6.31,1,CHEMBL4467107
O=C(O)c1ccc(Nc2ccnc(SCC(=O)c3ccc(Br)cc3)n2)cc1,0,IC50 (>),5.0,1,CHEMBL4441990
O=C(O)c1ccc(Nc2ccnc(SCC(=O)c3ccc(C(F)(F)F)cc3)n2)cc1,0,IC50 (>),5.0,1,CHEMBL4547466
N#Cc1ccc(C(=O)CSc2nccc(Nc3ccc(C(=O)O)cc3)n2)cc1,1,IC50,6.92,1,CHEMBL4558790
O=C(O)c1ccc(Nc2ccnc(SCC(=O)c3ccc([N+](=O)[O-])cc3)n2)cc1,0,IC50 (>),5.0,1,CHEMBL4450118
O=C(O)c1ccc(Nc2ccnc(SCC(=O)c3ccc(-c4ccccc4)cc3)n2)cc1,1,IC50,6.24,1,CHEMBL4438418
CCOC(=O)c1ccc(Nc2ccnc(SCC(=O)c3ccc(Cl)cc3)n2)cc1,0,IC50 (>),5.0,1,CHEMBL4453308
CCOC(=O)c1ccc(Nc2ccnc(SCC(=O)c3ccc(C#N)cc3)n2)cc1,1,IC50,6.77,1,CHEMBL4573547
CCOC(=O)c1ccc(Nc2ccnc(SCC(=O)c3ccc([N+](=O)[O-])cc3)n2)cc1,1,IC50,6.39,1,CHEMBL4448435
CCOC(=O)c1ccc(Nc2ccnc(SCC(=O)c3ccc(OC)cc3)n2)cc1,1,IC50,6.72,1,CHEMBL4566054
CCOC(=O)c1ccc(Nc2ccnc(SCC(=O)c3ccc(-c4ccccc4)cc3)n2)cc1,1,IC50,6.47,1,CHEMBL4469216
O=C(CSc1nccc(Nc2ccc(N3CCOCC3)cc2)n1)c1ccc(F)cc1,1,IC50,6.58,1,CHEMBL4449189
COc1ccc(C(=O)CSc2nccc(Nc3ccc(N4CCOCC4)cc3)n2)cc1,1,IC50,6.54,1,CHEMBL4549103
Cc1ccc(NC(=O)C2(C(=O)Nc3ccc(Nc4ncc(F)c(-c5cc(F)c6nc(C)n(C(C)C)c6c5)n4)cc3)CC2)cc1,1,IC50,7.34,1,CHEMBL4445335
Fc1ccc(-c2csc(N3N=C(c4ccc(N5CCOCC5)cc4)CC3c3ccc(Cl)cc3)n2)cc1,0,IC50,4.98,1,CHEMBL4516916
N#Cc1ccc(-c2csc(N3N=C(c4ccc(N5CCOCC5)cc4)CC3c3ccc(Cl)cc3)n2)cc1,0,IC50,4.97,1,CHEMBL4516736
N#Cc1ccc(-c2csc(N3N=C(c4ccc(N5CCCCC5)cc4)CC3c3ccc(Cl)cc3)n2)cc1,0,IC50,4.59,1,CHEMBL4557318
O=C(Nc1ccc(Nc2ccc([N+](=O)[O-])c3ncnc(O)c23)cc1)c1ccccc1,1,IC50,6.13,1,CHEMBL4570139
O=C(Nc1ccc(Nc2ccc([N+](=O)[O-])c3ncnc(O)c23)cc1)c1ccc(Cl)cc1,1,IC50,6.44,1,CHEMBL4437475
O=C(Nc1ccc(Nc2ccc([N+](=O)[O-])c3ncnc(O)c23)cc1)c1ccc(F)cc1,1,IC50,7.19,1,CHEMBL4460817
Cn1cc(Nc2nccc(N3C[C@H]4CC[C@H](C3)N4C(=O)[C@@H]3CC3(F)F)n2)cn1,0,IC50 (>),4.52,1,CHEMBL4458435
COc1cc(F)c(CC(=O)Nc2ccc(-n3c4c(c5ncnc(N)c53)CCC4)cc2)c(F)c1,1,IC50,8.0,1,CHEMBL4522385
Cc1ccc(CC(=O)Nc2ccc(-n3c4c(c5ncnc(N)c53)CCC4)cc2)c(F)c1,1,IC50,8.0,1,CHEMBL4459013
Nc1ncnc2c3c(n(-c4ccc(CC(=O)Nc5cc(C(F)(F)F)ccc5F)cc4)c12)CCC3,1,IC50,8.0,1,CHEMBL4536156
Cc1ccc(F)c(NC(=O)Cc2ccc(-n3c4c(c5ncnc(N)c53)CCC4)cc2)c1,1,IC50,8.0,1,CHEMBL4572765
COc1ccc(NC(=O)Cc2ccc(-n3c4c(c5ncnc(N)c53)CCC4)cc2)cc1C(F)(F)F,1,IC50,8.0,1,CHEMBL4585626
Nc1ncnc2c3c(n(-c4ccc(CC(=O)Nc5ccnc(C(F)(F)F)c5)cc4)c12)CCC3,1,IC50,8.0,1,CHEMBL4581670
Nc1ncnc2c3c(n(-c4ccc(CC(=O)Nc5ccc6c(c5)CCC6)cc4)c12)CCC3,1,IC50,8.0,1,CHEMBL4447901
COc1ccc(NC(=O)Cc2ccc(-n3c4c(c5ncnc(N)c53)COC4)cc2)cc1C(F)(F)F,1,IC50,8.0,1,CHEMBL4476415
Fc1ccccc1-c1cn(Cc2ccc(-c3cncnc3)cc2)nn1,1,IC50,8.12,1,CHEMBL4459732
Cc1ccc(-c2cn(Cc3ccc(-c4cncnc4)cc3)nn2)cc1,1,IC50,7.96,1,CHEMBL4452405
Cc1cccc(-c2cn(Cc3ccc(-c4cncnc4)cc3)nn2)c1,1,IC50,8.59,1,CHEMBL4553163
Nc1cccc(-c2cn(Cc3ccc(-c4cncnc4)cc3)nn2)c1,1,IC50,7.25,1,CHEMBL4448354
O=C(Nc1cccc(-c2cn(Cc3ccc(-c4cncnc4)cc3)nn2)c1)C1CC1,1,IC50,6.9,1,CHEMBL4447942
Cc1cccc(-c2cn(Cc3ccc(-c4cn[nH]c4)cc3)nn2)c1,1,IC50,9.28,1,CHEMBL4472113
Cn1cc(-c2ccc(Cn3cc(-c4ccccc4F)nn3)cc2)cn1,1,IC50,8.5,1,CHEMBL4469077
Cn1cc(-c2ccc(Cn3cc(-c4ccccc4)nn3)cc2)cn1,1,IC50,6.3,1,CHEMBL4453627
Cc1ccc(-c2cn(Cc3ccc(-c4cnn(C)c4)cc3)nn2)cc1,1,IC50,9.24,1,CHEMBL4543212
Cn1cc(-c2ccc(Cn3cc(-c4cccc(C(F)(F)F)c4)nn3)cc2)cn1,1,IC50,7.24,1,CHEMBL4476000
Cn1cc(-c2ccc(Cn3cc(-c4cccc(NC(=O)C5CC5)c4)nn3)cc2)cn1,1,IC50,8.38,1,CHEMBL4539395
COc1cc(OC)cc(-c2ccc3c(NC(=O)c4ccc(N5CCN(C)CC5)cc4)n[nH]c3n2)c1,1,IC50,6.26,1,CHEMBL4437058
COc1cc(OC)c(Cl)c(-c2ccc3c(NC(=O)c4ccc(N5CCN(C)CC5)cc4)n[nH]c3n2)c1Cl,1,IC50,6.44,1,CHEMBL4469836
COc1ccc2c(c1)C(=Cc1ccc3c(-c4ccc(N5CCN(C)CC5)nc4)n[nH]c3c1)C(=O)N2,1,IC50,6.2,1,CHEMBL4434704
COc1ccc2c(c1)[C@]1(C[C@H]1c1ccc3c(-c4ccc(N5CCN(C)CC5)nc4)n[nH]c3c1)C(=O)N2,0,IC50,4.85,1,CHEMBL4516793
COc1ccc2c(c1)[C@@]1(C[C@@H]1c1ccc3c(-c4ccc(N5CCN(C)CC5)nc4)n[nH]c3c1)C(=O)N2,0,IC50 (>),4.3,1,CHEMBL4467348
CC1(C)O[C@@H]2[C@H](O1)[C@H](CNS(=O)(=O)c1ccccc1)O[C@@H]2CC(=O)N[C@@H](CCCNC(=N)N)C(=O)O,0,IC50 (>),3.3,1,CHEMBL4538662
CC1(C)O[C@@H]2[C@H](O1)[C@@H](CNS(=O)(=O)c1ccccc1)O[C@@H]2CC(=O)N[C@@H](CCCNC(=N)N)C(=O)O,0,IC50 (>),3.3,1,CHEMBL4540695
CC1(C)O[C@@H]2[C@H](O1)[C@@H](CNS(=O)(=O)c1ccc(CN)cc1)O[C@@H]2CC(=O)N[C@@H](CCCNC(=N)N)C(=O)O,0,IC50 (>),3.3,1,CHEMBL4569311
O=C(Nc1ccccc1)Nc1cccc(NC(=O)c2ccccn2)c1,1,IC50,6.12,1,CHEMBL4516917
O=C(Nc1cccc(Cl)c1)Nc1cccc(NC(=O)c2ccccn2)c1,1,IC50,6.5,1,CHEMBL4436488
O=C(Nc1ccc(Cl)cc1)Nc1cccc(NC(=O)c2ccccn2)c1,1,IC50,6.94,1,CHEMBL4521454
O=C(Nc1ccc([N+](=O)[O-])cc1)Nc1cccc(NC(=O)c2ccccn2)c1,1,IC50,6.92,1,CHEMBL4536372
Cc1ccc(NC(=O)Nc2cccc(NC(=O)c3ccccn3)c2)cc1,1,IC50,6.8,1,CHEMBL4558158
O=C(Nc1cccc(NC(=O)c2ccccn2)c1)Nc1ccc2ccccc2c1,1,IC50,6.19,1,CHEMBL4517008
O=C(Nc1cccc(NC(=O)c2ccccn2)c1)NC1CCCCC1,1,IC50,7.06,1,CHEMBL4437803
O=C(Nc1cccc(NC(=S)Nc2ccccc2)c1)c1ccccn1,1,IC50,7.0,1,CHEMBL4584717
O=C(Nc1cccc(NC(=S)Nc2ccc([N+](=O)[O-])cc2)c1)c1ccccn1,1,IC50,6.7,1,CHEMBL4449758
O=C(CSC(=S)N1CCCCC1)Nc1cccc(NC(=O)c2ccccn2)c1,1,IC50,7.57,1,CHEMBL4582195
O=C(CSC(=S)N1CCOCC1)Nc1cccc(NC(=O)c2ccccn2)c1,1,IC50,6.66,1,CHEMBL4467322
CN1CCN(C(=S)SCC(=O)Nc2cccc(NC(=O)c3ccccn3)c2)CC1,1,IC50,6.11,1,CHEMBL4438721
O=C(CSC(=S)N1CCN(C2CCCCC2)CC1)Nc1cccc(NC(=O)c2ccccn2)c1,1,IC50,6.8,1,CHEMBL4513911
C=CCN1CCN(C(=S)SCC(=O)Nc2cccc(NC(=O)c3ccccn3)c2)CC1,1,IC50,6.54,1,CHEMBL4570460
CC(C)(C)OC(=O)N1CCN(C(=S)SCC(=O)Nc2cccc(NC(=O)c3ccccn3)c2)CC1,1,IC50,7.02,1,CHEMBL4543044
O=C(CSC(=S)N1CCN(c2ccccc2)CC1)Nc1cccc(NC(=O)c2ccccn2)c1,1,IC50,7.02,1,CHEMBL4466088
O=C(CSC(=S)N1CCN(c2ncccn2)CC1)Nc1cccc(NC(=O)c2ccccn2)c1,1,IC50,6.52,1,CHEMBL4465496
O=C(CCSC(=S)N1CCCCC1)Nc1cccc(NC(=O)c2ccccn2)c1,1,IC50,6.95,1,CHEMBL4443510
O=C(CCSC(=S)N1CCOCC1)Nc1cccc(NC(=O)c2ccccn2)c1,1,IC50,6.7,1,CHEMBL4529255
O=C(CCSC(=S)N1CCN(c2ccccc2)CC1)Nc1cccc(NC(=O)c2ccccn2)c1,1,IC50,7.03,1,CHEMBL4437943
O=C(CCSC(=S)N1CCN(c2ncccn2)CC1)Nc1cccc(NC(=O)c2ccccn2)c1,1,IC50,6.4,1,CHEMBL4469407
CCC(CC)CNc1c(C(N)=O)cnc2ccc(-c3ccc(COC)nc3)cc12,0,IC50,4.09,1,CHEMBL4560522
COCc1ccc(-c2ccc3ncc(C(N)=O)c(N[C@@H](C)C4CCOCC4)c3c2)cn1,0,IC50 (>),4.0,1,CHEMBL4218734
COCc1ccc(-c2cc3c(N[C@@H](C)c4ccn(C)n4)c(C(N)=O)cnc3cc2F)cn1,0,IC50,4.1,1,CHEMBL4166405
C[C@@H](c1cc2cccnc2cc1F)n1cnc2ncc(-c3cnn(C)c3)nc21,0,IC50,4.69,1,CHEMBL4068255
Cn1cc(-c2cnc3c(-c4csc(C(=O)NCC(F)(F)F)c4)cnn3c2)cn1,1,IC50,7.82,1,CHEMBL4550702
Cn1cc(-c2cnc3c(-c4csc(C(=O)N[C@@H]5CCCC[C@@H]5N)c4)cnn3c2)cn1,1,IC50,8.46,1,CHEMBL4568087
Cc1sc(C(=O)N[C@@H]2[C@H](N)CCCC2(F)F)cc1-c1cnn2cc(Cl)cnc12,0,IC50,4.96,1,CHEMBL4552628
Cc1ccc(-c2nn(-c3ccccc3)cc2C(=O)NOCc2ccccc2F)cc1,0,IC50 (>),4.6,1,CHEMBL4575118
C[C@@H]1C[C@H]1C(=O)N1CCN(c2cnc(C#N)c(-c3cnn(C)c3)n2)C[C@H]1C,0,IC50,4.42,1,CHEMBL4634634
O=C(Nc1ccc(Oc2ccnc3[nH]ccc23)c(F)c1)c1cn(-c2ccc(F)cc2)c2ccccc2c1=O,0,IC50 (>),5.0,1,CHEMBL4645353
Cc1ccc(C(=O)Nc2ccc(CN3CCN(C(=O)CCCc4cn(CCOCCOCCOCCNc5cccc6c5C(=O)N(C5CCC(=O)NC5=O)C6=O)nn4)CC3)c(C(F)(F)F)c2)cc1C#Cc1cnc2cccnn12,1,IC50,6.36,1,CHEMBL4640401
C[C@@H]1[C@@H]2CN(c3nc(Nc4cnn(C)c4)ncc3F)C[C@]12NC(=O)[C@@H]1CC1(F)F,1,IC50,6.55,1,CHEMBL4635625
COC(=O)c1ccc2c(c1)NC(=O)/C2=C(\Nc1ccc(-n2cccc2CN(C)C)c(C)c1)c1ccccc1,1,IC50,6.31,1,CHEMBL4642920
COC(=O)c1ccc2c(c1)NC(=O)/C2=C(\Nc1ccc(-n2cccc2CN2CCN(C)CC2)c(C)c1)c1ccccc1,1,IC50,6.61,1,CHEMBL4641639
COC(=O)c1ccc2c(c1)NC(=O)/C2=C(\Nc1ccc(-n2cccc2CN(C)C)nc1)c1ccccc1,1,IC50,6.33,1,CHEMBL4647154
COC(=O)c1ccc2c(c1)NC(=O)/C2=C(\Nc1ccc(-n2cccc2CN2CCN(C)CC2)nc1)c1ccccc1,1,IC50,6.23,1,CHEMBL4639539
COC(=O)c1ccc2c(c1)NC(=O)/C2=C(\Nc1ccc(-n2c(C)ccc2CN(C)C)cc1)c1ccccc1,1,IC50,6.83,1,CHEMBL4640617
COC(=O)c1ccc2c(c1)NC(=O)/C2=C(\Nc1ccc(-n2c(C)ccc2CN2CCN(C)CC2)cc1)c1ccccc1,1,IC50,8.19,1,CHEMBL4644718
CCN(CC)Cc1ccc(C)n1-c1ccc(N/C(=C2\C(=O)Nc3cc(C(=O)OC)ccc32)c2ccccc2)cc1,1,IC50,7.0,1,CHEMBL4634687
COC(=O)c1ccc2c(c1)NC(=O)/C2=C(\Nc1ccc(-n2c(C)ccc2CN2CCOCC2)cc1)c1ccccc1,1,IC50,6.64,1,CHEMBL4649259
COC(=O)c1ccc2c(c1)NC(=O)/C2=C(\Nc1ccc(-n2c(C)ccc2CN(C)C)nc1)c1ccccc1,1,IC50,6.16,1,CHEMBL4638817
COC(=O)c1ccc2c(c1)NC(=O)/C2=C(\Nc1ccc(-n2c(C)ccc2CN2CCN(C)CC2)nc1)c1ccccc1,1,IC50,6.54,1,CHEMBL4640302
Cc1ccc(CN2CCN(C)CC2)n1-c1ccc(N/C(=C2\C(=O)Nc3cc(C(=O)O)ccc32)c2ccccc2)cc1,1,IC50,7.85,1,CHEMBL4639712
CNC(=O)c1ccc2c(c1)NC(=O)/C2=C(\Nc1ccc(-n2c(C)ccc2CN2CCN(C)CC2)cc1)c1ccccc1,1,IC50,6.31,1,CHEMBL4648781
Cc1ccc(CN2CCN(C)CC2)n1-c1ccc(N/C(=C2\C(=O)Nc3cc(C(=O)N(C)C)ccc32)c2ccccc2)cc1,1,IC50,7.19,1,CHEMBL4643300
Cc1cc(=O)oc2cc(OCC(=O)Nn3c(=O)[nH]c4ccccc4c3=O)ccc12,1,IC50,6.18,1,CHEMBL4649124
Cc1cc(=O)oc2cc(OCC(=O)NNCc3ccccc3)ccc12,1,IC50,6.44,1,CHEMBL4642069
CCNS(=O)(=O)c1ccccc1Nc1ncnc(Nc2ccc(N3CCC(N4CCN(C)CC4)CC3)c(OC)c2)n1,1,IC50,6.58,1,CHEMBL4641667
CCNS(=O)(=O)c1ccccc1Nc1ncnc(Nc2ccc(N3CCN(C)CC3)c(OC)c2)n1,1,IC50,6.47,1,CHEMBL4636935
CCNS(=O)(=O)c1ccccc1Nc1ncnc(Nc2ccc(N3CCN(C)CC3)c(OCC(=O)OCC)c2)n1,1,IC50,6.5,1,CHEMBL4644658
CCNS(=O)(=O)c1ccccc1Nc1ncnc(Nc2ccc(N3CCN(C)CC3)c(OCC(=O)O)c2)n1,1,IC50,6.92,1,CHEMBL4643652
CCNS(=O)(=O)c1ccccc1Nc1ncnc(Nc2ccc(N3CCN(C)CC3)c(OCCOC)c2)n1,1,IC50,6.51,1,CHEMBL4644695
CCNS(=O)(=O)c1ccccc1Nc1ncnc(Nc2ccc(N3CCN(C)CC3)c(OCCOCCOC)c2)n1,1,IC50,6.26,1,CHEMBL4638978
CCNS(=O)(=O)c1ccccc1Nc1ncnc(Nc2ccc(N3CCN(C)CC3)c(OCCN3CCOCC3)c2)n1,1,IC50,6.24,1,CHEMBL4645817
CCNS(=O)(=O)c1ccccc1Nc1ncnc(Nc2ccc(N3CCN(C)CC3)c(OCCN3CCN(C)CC3)c2)n1,1,IC50,6.47,1,CHEMBL4637057
CCNS(=O)(=O)c1ccccc1Nc1ncnc(Nc2ccc(N3CCN(C)CC3)c(OCCCN3CCOCC3)c2)n1,1,IC50,6.13,1,CHEMBL4637872
CCNS(=O)(=O)c1ccccc1Nc1nc(Nc2ccc(N3CCC(N4CCN(C)CC4)CC3)c(OC)c2)ncc1-c1cc(OC)cc(OC)c1,1,IC50,7.42,1,CHEMBL4635284
CCNS(=O)(=O)c1ccccc1Nc1nc(Nc2ccc(N3CCC(N4CCN(C)CC4)CC3)c(OC)c2)ncc1CCc1cc(OC)cc(OC)c1,1,IC50,6.54,1,CHEMBL4634918
CCNS(=O)(=O)c1ccccc1Nc1nc(Nc2ccc(N3CCC(N4CCN(C)CC4)CC3)c(OC)c2)ncc1NC(=O)c1cc(OC)ccc1OC,1,IC50,6.36,1,CHEMBL4647945
CCNS(=O)(=O)c1ccccc1Nc1nc(Nc2ccc(N3CCC(N4CCN(C)CC4)CC3)c(OC)c2)ncc1NC(=O)c1cccc(OC)c1OC,1,IC50,6.34,1,CHEMBL4635626
CCNS(=O)(=O)c1ccccc1Nc1nc(Nc2ccc(N3CCC(N4CCN(C)CC4)CC3)c(OC)c2)ncc1NC(=O)c1cc(O)cc(O)c1,1,IC50,6.15,1,CHEMBL4648279
CCNS(=O)(=O)c1ccccc1Nc1nc(Nc2ccc(N3CCC(N4CCN(C)CC4)CC3)c(OC)c2)ncc1NC(=O)c1cc(C)cc(C)c1,1,IC50,6.26,1,CHEMBL4638231
CCNS(=O)(=O)c1ccccc1Nc1nc(Nc2ccc(N3CCC(N4CCN(C)CC4)CC3)c(OC)c2)ncc1NC(=O)c1nc(OC)cc(OC)n1,1,IC50,6.88,1,CHEMBL4635544
CCNS(=O)(=O)c1ccccc1Nc1nc(Nc2ccc(N3CCC(N4CCN(C)CC4)CC3)c(OC)c2)ncc1NC(=O)c1cc(OC)nc(OC)n1,1,IC50,6.64,1,CHEMBL4643533
Cc1cc(NC2=NC(=O)/C(=C\c3c4ccccc4cc4ccccc34)S2)no1,1,IC50,7.06,1,CHEMBL4751362
COc1ccc(-n2nc(C)c3c(Nc4ccc(NC(=O)Nc5ccc(Cl)c(C(F)(F)F)c5)cc4)ncnc32)cc1,1,IC50,6.66,1,CHEMBL4752986
COc1cc2c(Oc3ccc(NC(=O)C(C)c4nnc(-c5ccc(F)cc5)o4)cc3F)ccnc2cc1OCCCN1CCC(C)CC1,1,IC50,7.4,1,CHEMBL4776125
COc1cc2c(Oc3ccc(NC(=O)C4(c5nnc(-c6ccc(F)cc6)o5)CC4)cc3F)ccnc2cc1OCCCN1CCCCC1,1,IC50,7.09,1,CHEMBL4764463
COc1ccc(/C=C/C(=O)c2nnn(-c3ccc(Cl)cc3)c2C)cc1OC,1,IC50,6.41,1,CHEMBL4778826
CC(C)(O)COc1ccc2c(Oc3ccc(Nc4nccc5[nH]cc(-c6ccccc6)c(=O)c45)cc3F)ccnc2c1,1,IC50,7.99,2,CHEMBL4747900
COc1cc2nccc(Oc3ccc(NC(=O)C(OC(=O)c4ccc(F)cc4)C(C)(C)C)cc3F)c2cc1OC,1,IC50,6.53,1,CHEMBL4779315
C[C@H](CO)Nc1nc(Nc2ccc(S(N)(=O)=O)cc2)ncc1Br,1,IC50,7.47,2,CHEMBL4741442;CHEMBL4764656
CCS(=N)(=O)c1ccc(Nc2ncc(Br)c(O[C@H](C)[C@@H](C)O)n2)cc1,1,IC50,7.5,1,CHEMBL4748292
C[C@@H](O)[C@@H](C)Oc1nc(Nc2ccc([S@](=N)(=O)C3CC3)cc2)ncc1C(F)(F)F,1,IC50,6.79,1,CHEMBL4282338
NC(=S)N/N=C1\C(=O)N(Cc2ccccc2)c2ccc(Cl)cc21,1,IC50,6.76,1,CHEMBL4778145
NC1=NNC(=O)/C1=C1/C(=O)N(Cc2ccccc2)c2ccc(Cl)cc21,1,IC50,7.08,1,CHEMBL4785888
Cc1nc(N/N=C2\C(=O)N(Cc3ccccc3)c3ccc(Cl)cc32)sc1/N=N/c1ccccc1,1,IC50,6.58,1,CHEMBL4751105
COc1ccc(/N=N/c2sc(N/N=C3\C(=O)N(Cc4ccccc4)c4ccc(Cl)cc43)nc2C)cc1,1,IC50,6.76,1,CHEMBL4795322
Cc1ccc(/N=N/c2sc(N/N=C3\C(=O)N(Cc4ccccc4)c4ccc(Cl)cc43)nc2C)cc1,1,IC50,6.82,2,CHEMBL4762730
CCOC(=O)/C(=N/Nc1ccc([N+](=O)[O-])cc1)S/C(N)=N\N=C1/C(=O)N(Cc2ccccc2)c2ccc(Cl)cc21,1,IC50,6.99,1,CHEMBL4757787
CCOC(=O)/C(=N/Nc1ccc(C)cc1)S/C(N)=N\N=C1/C(=O)N(Cc2ccccc2)c2ccc(Cl)cc21,1,IC50,7.17,1,CHEMBL4754205
CCOC(=O)/C(=N/Nc1ccc(Br)cc1)S/C(N)=N\N=C1/C(=O)N(Cc2ccccc2)c2ccc(Cl)cc21,1,IC50,6.88,1,CHEMBL4793580
CC(=O)c1s/c(=N\N=C2/C(=O)N(Cc3ccccc3)c3ccc(Cl)cc32)[nH]c1C,1,IC50,7.08,1,CHEMBL4752530
CCOC(=O)c1s/c(=N\N=C2/C(=O)N(Cc3ccccc3)c3ccc(Cl)cc32)[nH]c1C,1,IC50,7.04,2,CHEMBL4759423
O=C1CS/C(=N\N=C2/C(=O)N(Cc3ccccc3)c3ccc(Cl)cc32)N1,1,IC50,7.11,1,CHEMBL4762111
O=C1/C(=N\N=c2\[nH]c(-c3ccc([N+](=O)[O-])cc3)cs2)c2cc(Cl)ccc2N1Cc1ccccc1,1,IC50,7.06,2,CHEMBL4750035
O=C1/C(=N\N=c2\[nH]c(-c3ccccc3)cs2)c2cc(Cl)ccc2N1Cc1ccccc1,1,IC50,6.38,1,CHEMBL4741847
O=C1/C(=N\N=c2\[nH]c(-c3ccc(Cl)cc3)cs2)c2cc(Cl)ccc2N1Cc1ccccc1,1,IC50,6.8,1,CHEMBL4743088
COc1cc(Nc2ncc(CCc3c(F)c(OC)cc(OC)c3F)cn2)ccc1N1CCC(N2CCN(C)CC2)CC1,1,IC50,7.47,1,CHEMBL4763773
Cc1cc(-c2cnc3cc(-c4ccc(N5CCNCC5)cc4)ccn23)c2cc(F)ccc2n1,0,IC50,4.87,1,CHEMBL4788859
Cc1cc(-c2cnc3cc(-c4ccc(N5CCNCC5)cc4)ccn23)c2cc(F)cc(F)c2n1,0,IC50,4.69,1,CHEMBL4786529
Cc1cc(-c2cnc3cc(-c4ccc(C5CNCCN5)cc4)ccn23)c2cc(F)cc(F)c2n1,0,IC50,4.43,1,CHEMBL4778971
CNC(=O)c1cc(-n2ccc3cc(NC(=O)Nc4ccc(N5CCN(C)CC5)c(C(F)(F)F)c4)ccc32)ccn1,1,IC50,6.76,1,CHEMBL4797840
COc1cc2ncnc(Nc3ccc(NC(=O)c4ccccc4C)cc3)c2cc1OC,1,IC50,6.94,1,CHEMBL4776567
COc1cc2ncnc(Nc3ccc(NC(=O)c4cccc(C)c4)cc3)c2cc1OC,1,IC50,7.8,1,CHEMBL4765039
CCc1ccc(C(=O)Nc2ccc(Nc3ncnc4cc(OC)c(OC)cc34)cc2)cc1,1,IC50,6.42,1,CHEMBL4790511
COc1cc2ncnc(Nc3ccc(NC(=O)c4ccc(C(C)(C)C)cc4)cc3)c2cc1OC,1,IC50,6.58,1,CHEMBL4776193
COc1cc2ncnc(Nc3ccc(NC(=O)c4ccccc4F)cc3)c2cc1OC,1,IC50,7.1,1,CHEMBL4753664
COc1cc2ncnc(Nc3ccc(NC(=O)c4cccc(F)c4)cc3)c2cc1OC,1,IC50,7.33,1,CHEMBL4800071
COc1cc2ncnc(Nc3ccc(NC(=O)c4ccc(F)cc4)cc3)c2cc1OC,0,IC50 (>),5.0,1,CHEMBL4798371
COc1cc2ncnc(Nc3ccc(NC(=O)c4ccccc4Cl)cc3)c2cc1OC,1,IC50,6.5,1,CHEMBL4795436
COc1cc2ncnc(Nc3ccc(NC(=O)c4cccc(Cl)c4)cc3)c2cc1OC,1,IC50,7.12,1,CHEMBL4793877
COc1cc2ncnc(Nc3ccc(NC(=O)c4ccc(Cl)cc4)cc3)c2cc1OC,0,IC50 (>),5.0,1,CHEMBL4779631
COc1cc2ncnc(Nc3ccc(NC(=O)c4ccccc4I)cc3)c2cc1OC,1,IC50,6.38,1,CHEMBL4750711
COc1cc2ncnc(Nc3ccc(NC(=O)c4cccc(I)c4)cc3)c2cc1OC,1,IC50,6.6,1,CHEMBL4787977
COc1cc2ncnc(Nc3ccc(NC(=O)c4c(F)cccc4F)cc3)c2cc1OC,1,IC50,6.24,1,CHEMBL4758393
COc1cc2ncnc(Nc3ccc(NC(=O)c4ccc(Cl)c(Cl)c4)cc3)c2cc1OC,1,IC50,6.46,1,CHEMBL4742893
COc1cc2ncnc(Nc3ccc(NC(=O)c4cc(F)ccc4Br)cc3)c2cc1OC,1,IC50,6.44,1,CHEMBL4756717
CNC(=O)c1cc(Oc2ccc(NC(=O)c3cccc(C(F)(F)F)c3)cc2)ccn1,1,IC50,6.34,1,CHEMBL4790424
Cc1ccc(NC(=O)c2ccc(C)c(C(F)(F)F)c2)cc1C#Cc1nn([C@H]2CC[C@H](O)CC2)c2ncnc(N)c12,1,IC50,7.5,2,CHEMBL4798527
CC(C)(C)c1cc(NC(=O)Nc2ccc(Nc3ncnc4c3OCCCN4)cc2)no1,1,IC50,6.05,1,CHEMBL4793380
CCNCCNC(=O)c1c(C)[nH]c(/C=C2\C(=O)Nc3ccc(F)cc32)c1C,1,IC50,6.3,1,CHEMBL3542344
CCN(CC)CCCNC(=O)c1c(C)[nH]c(/C=C2\C(=O)Nc3ccc(F)cc32)c1C,1,IC50,6.32,1,CHEMBL4788980
CCN(CC)CCNC(=O)c1c(C)[nH]c(/C=C2\C(=O)Nc3cc(F)ccc32)c1C,1,IC50,6.72,1,CHEMBL4779166
CCN(CC)CCNC(=O)c1c(C)[nH]c(/C=C2\C(=O)Nc3cc(Cl)ccc32)c1C,1,IC50,6.69,1,CHEMBL4786972
CCN(CC)CCNC(=O)c1c(C)[nH]c(/C=C2\C(=O)Nc3ccc(C#N)cc32)c1C,1,IC50,6.41,1,CHEMBL4794096
CCN(CC)CCNC(=O)c1c(C)[nH]c(/C=C2\C(=O)Nc3ccc(CCO)cc32)c1C,1,IC50,6.07,1,CHEMBL4800500
Cc1cc(Cl)ccc1NC(=O)Nc1nc(Sc2c[nH]c3ccccc23)cc(N2CCOCC2)n1,1,IC50,6.46,1,CHEMBL4782392
Cc1ccc(C)c(NC(=O)Nc2nc(Sc3c[nH]c4ccccc34)cc(N3CCCCC3)n2)c1,1,IC50,6.51,1,CHEMBL4797072
O=C(Nc1ccc(Cl)cc1)Nc1nc(Sc2c[nH]c3ccccc23)cc(N2CCCC2)n1,1,IC50,6.48,1,CHEMBL4792614
Cc1cc(Cl)ccc1NC(=O)Nc1nc(Sc2c[nH]c3ccccc23)cc(N2CCCC2)n1,1,IC50,6.37,1,CHEMBL4791531
Cc1cc(Cl)ccc1NC(=O)Nc1nc(Sc2c[nH]c3ccccc23)cc(N2CCN(c3ccccn3)CC2)n1,1,IC50,6.04,1,CHEMBL4784961
O=C(Nc1ccccc1)Nc1nc(Sc2c[nH]c3ccccc23)cc(N2CCN(Cc3ccccc3)CC2)n1,1,IC50,6.17,1,CHEMBL4780971
COc1ccc(NC(=O)Nc2nc(Sc3c[nH]c4ccccc34)cc(N3CCN(Cc4ccccc4)CC3)n2)cc1,1,IC50,6.08,1,CHEMBL4796056
Cc1cc(Cl)ccc1NC(=O)Nc1nc(NC2CC2)cc(Sc2c[nH]c3ccccc23)n1,1,IC50,6.36,1,CHEMBL4780565
COCC/C(=N\S(=O)(=O)Cc1ccc(Cl)cc1)Nc1ccc(Oc2ccnc3cc(OCCCN4CCOCC4)c(OC)cc23)c(F)c1,1,IC50,6.17,1,CHEMBL4799113
Cc1ccc(F)c(NC(=O)Nc2ccc(-c3cccc4c3c(N)nn4C(=O)CCCCCCCCCCC(=O)N[C@H](C(=O)N3C[C@H](O)C[C@H]3C(=O)NCc3ccc(-c4scnc4C)cc3)C(C)(C)C)cc2)c1,1,IC50,6.68,1,CHEMBL4794619
Cc1ncsc1-c1ccc(CNC(=O)[C@@H]2C[C@@H](O)CN2C(=O)[C@@H](NC(=O)CCCCCCCCCCC(=O)n2nc(N)c3c(-c4cccc(NC(=O)Nc5cccc(C(C)C)c5)c4)cccc32)C(C)(C)C)cc1,1,IC50,6.68,1,CHEMBL4780189
Cc1ccc(F)c(NC(=O)Nc2ccc(-c3cccc4c3c(N)nn4C(=O)CCCCCCCCCCCCCCC(=O)N[C@H](C(=O)N3C[C@H](O)C[C@H]3C(=O)NCc3ccc(-c4scnc4C)cc3)C(C)(C)C)cc2)c1,1,IC50,7.09,1,CHEMBL4789418
COc1cc2ncnc(Oc3ccc(Nc4nccc5[nH]cc(-c6ccc(F)cc6)c(=O)c45)cc3F)c2cc1OCCCN1CCOCC1,1,IC50,6.92,1,CHEMBL4790899
COCCOc1cc2ncnc(Oc3ccc(Nc4nccc5[nH]cc(-c6ccc(F)cc6)c(=O)c45)cc3F)c2cc1OCCOC,1,IC50,7.1,1,CHEMBL4795648
COc1cc2c(Oc3ccc(Nc4nccc5[nH]cc(-c6ccc(F)cc6)c(=O)c45)cc3F)ncnc2cc1OCC1CCN(C)CC1,1,IC50,7.48,1,CHEMBL4786463
O=c1c(-c2ccc(F)cc2)c[nH]c2ccnc(Nc3ccc(Oc4ncnc5cc6c(cc45)OCCOCCOCCO6)c(F)c3)c12,1,IC50,7.32,1,CHEMBL4786987
COCCOc1cc2ncnc(Oc3ccc(Nc4nccc5[nH]cc(-c6ccc(F)cc6)c(=O)c45)cc3F)c2cc1OC,1,IC50,6.85,1,CHEMBL4790527
COc1cc2c(Oc3ccc(Nc4nccc5[nH]cc(-c6ccc(F)cc6)c(=O)c45)cc3F)ncnc2cc1OCCO,1,IC50,7.66,1,CHEMBL4793436
COc1cc2c(Oc3ccc(Nc4nccc5[nH]cc(-c6ccc(F)cc6)c(=O)c45)cc3F)ncnc2cc1OCCCO,1,IC50,7.17,1,CHEMBL4792804
COc1cc2c(Oc3ccc(Nc4nccc5[nH]cc(-c6ccc(F)cc6)c(=O)c45)cc3F)ncnc2cc1OCC(C)(C)O,1,IC50,7.03,1,CHEMBL4776554
COc1cc2c(Oc3ccc(Nc4nccc5[nH]cc(-c6ccc(F)cc6)c(=O)c45)cc3F)ncnc2cc1OCCCN1CCOCC1,1,IC50,6.64,1,CHEMBL4789492
COc1cc2c(Oc3ccc(Nc4nccc5[nH]cc(-c6ccc(F)cc6)c(=O)c45)cc3F)ncnc2cc1OCCCN1CCCC1,1,IC50,6.89,1,CHEMBL4784644
COc1cc2ncnc(Oc3ccc(Nc4nccc5[nH]cc(-c6ccc(F)cc6)c(=O)c45)cc3F)c2cc1OC,1,IC50,6.57,1,CHEMBL4794496
COCCOc1cc2c(Oc3ccc(Nc4nccc5[nH]cc(-c6ccc(F)cc6)c(=O)c45)cc3F)ncnc2cc1OC,1,IC50,7.01,1,CHEMBL4798752
COc1cc2ncnc(Oc3ccc(Nc4nccc5[nH]cc(-c6ccc(F)cc6)c(=O)c45)cc3F)c2cc1OCCO,1,IC50,7.91,1,CHEMBL4780196
COc1cc2ncnc(Oc3ccc(Nc4nccc5[nH]cc(-c6ccc(F)cc6)c(=O)c45)cc3F)c2cc1OCC(C)(C)O,1,IC50,7.28,1,CHEMBL4792576
CCN(CC)CCCOc1cc2c(Oc3ccc(Nc4nccc5[nH]cc(-c6ccc(F)cc6)c(=O)c45)cc3F)ncnc2cc1OC,1,IC50,6.79,1,CHEMBL4787904
COc1cc2ncnc(Oc3ccc(Nc4nccc5[nH]cc(-c6ccc(F)cc6)c(=O)c45)cc3F)c2cc1OCCCN1CCCC1,1,IC50,6.84,1,CHEMBL4790015
COc1cc2ncnc(Oc3ccc(Nc4nccc5[nH]cc(-c6ccc(F)cc6)c(=O)c45)cc3F)c2cc1OCCCN1CCCCC1,1,IC50,6.68,1,CHEMBL4779200
COc1cc2ncnc(Oc3ccc(Nc4nccc5[nH]cc(-c6ccc(F)cc6)c(=O)c45)cc3)c2cc1OC,1,IC50,6.95,1,CHEMBL4784431
COc1cc2ncnc(Oc3ccc(Nc4nccc5[nH]c(C)c(-c6ccc(F)cc6)c(=O)c45)cc3F)c2cc1OC,1,IC50,6.34,1,CHEMBL4788196
COc1cccc(-c2cc(-c3c(O)c4ccccc4oc3=O)nc(N)c2C#N)c1,1,IC50,7.38,1,CHEMBL4868909
COc1cc(OC)cc(N2Cc3cnc4[nH]ccc4c3N(C)C2=O)c1,1,IC50,6.34,1,CHEMBL4856613
COc1cc(OC)c(Cl)c(N2Cc3cnc4[nH]ccc4c3N(C)C2=O)c1,1,IC50,6.88,1,CHEMBL4847441
COc1cc(OC)c(Cl)c(N2Cc3cnc4[nH]ccc4c3N(C)C2=O)c1Cl,1,IC50,6.79,1,CHEMBL4863146
COc1cc(OC)c(F)c(N2Cc3cnc4[nH]ccc4c3N(C)C2=O)c1,1,IC50,7.04,1,CHEMBL4863224
COc1cc(OC)c(F)c(N2Cc3cnc4[nH]ccc4c3N(C)C2=O)c1F,1,IC50,7.62,1,CHEMBL4870179
COc1cc(OC)c(Cl)c(N2Cc3cnc4[nH]ccc4c3N(C)C2=O)c1F,1,IC50,7.4,1,CHEMBL4862823
CCN1C(=O)N(c2c(F)c(OC)cc(OC)c2F)Cc2cnc3c(c21)CC(=O)N3,1,IC50,6.54,1,CHEMBL4853979
COc1cc(OC)c(F)c(N2Cc3cnc4[nH]c(-c5cnn(C)c5)cc4c3N(C)C2=O)c1F,1,IC50,8.89,1,CHEMBL4871581
O=C(CSc1nc2ccccc2n2cnnc12)Nc1ccc(C(=O)Nc2ccccc2)cc1,1,IC50,8.47,1,CHEMBL4877180
Cc1ccccc1NC(=O)c1ccc(NC(=O)CSc2nc3ccccc3n3cnnc23)cc1,1,IC50,7.74,1,CHEMBL4860634
Cc1cccc(NC(=O)c2ccc(NC(=O)CSc3nc4ccccc4n4cnnc34)cc2)c1,1,IC50,7.97,1,CHEMBL4871761
Cc1cccc(C)c1NC(=O)c1ccc(NC(=O)CSc2nc3ccccc3n3cnnc23)cc1,1,IC50,7.57,1,CHEMBL4846532
O=C(CSc1nc2ccccc2n2cnnc12)Nc1ccc(C(=O)Nc2ccc([N+](=O)[O-])cc2)cc1,1,IC50,7.55,1,CHEMBL4847003
O=C(CSc1nc2ccccc2n2cnnc12)Nc1ccc(C(=O)Nc2ccccn2)cc1,1,IC50,8.34,1,CHEMBL4856747
O=C(CSc1nc2ccccc2n2cnnc12)Nc1ccc(C(=O)Nc2ccc(Cl)cn2)cc1,1,IC50,8.41,1,CHEMBL4849165
O=C(CSc1nc2ccccc2n2cnnc12)Nc1ccc(C(=O)NC2CCCCC2)cc1,1,IC50,7.3,1,CHEMBL4878575
O=C(CSc1nc2ccccc2n2cnnc12)Nc1ccc(C(=O)NCc2ccccc2)cc1,1,IC50,7.66,1,CHEMBL4868604
O=C(CSc1nc2ccccc2n2cnnc12)Nc1ccc(C(=O)NNc2ccccc2)cc1,1,IC50,7.86,1,CHEMBL4868897
O=C(CSc1nc2ccccc2n2cnnc12)Nc1ccc(C(=O)NNC(=O)c2ccccc2)cc1,1,IC50,7.53,1,CHEMBL4850662
O=C(CSc1nc2ccccc2n2cnnc12)Nc1ccc(C(=O)NNC(=O)c2ccc([N+](=O)[O-])cc2)cc1,1,IC50,7.46,1,CHEMBL4857634
O=C(Cn1c(=O)c2nncn2c2ccccc21)Nc1ccc(C(=O)Nc2ccccc2)cc1,1,IC50,7.2,1,CHEMBL4866887
Cc1cccc(NC(=O)c2ccc(NC(=O)Cn3c(=O)c4nncn4c4ccccc43)cc2)c1,1,IC50,8.41,1,CHEMBL4861773
Cc1cccc(C)c1NC(=O)c1ccc(NC(=O)Cn2c(=O)c3nncn3c3ccccc32)cc1,1,IC50,8.17,1,CHEMBL4860596
O=C(Cn1c(=O)c2nncn2c2ccccc21)Nc1ccc(C(=O)Nc2ccc([N+](=O)[O-])cc2)cc1,1,IC50,7.64,1,CHEMBL4851244
O=C(Cn1c(=O)c2nncn2c2ccccc21)Nc1ccc(C(=O)Nc2ccc(Cl)cn2)cc1,1,IC50,7.3,1,CHEMBL4852800
O=C(Cn1c(=O)c2nncn2c2ccccc21)Nc1ccc(C(=O)NC2CCCCC2)cc1,1,IC50,7.93,1,CHEMBL4846648
O=C(Cn1c(=O)c2nncn2c2ccccc21)Nc1ccc(C(=O)NCc2ccccc2)cc1,1,IC50,8.33,1,CHEMBL4863157
O=C(Cn1c(=O)c2nncn2c2ccccc21)Nc1ccc(C(=O)NNC(=O)c2ccccc2)cc1,1,IC50,8.06,1,CHEMBL4864736
O=C(Cn1c(=O)c2nncn2c2ccccc21)Nc1ccc(C(=O)NNC(=O)c2ccc([N+](=O)[O-])cc2)cc1,1,IC50,8.01,1,CHEMBL4871200
O=C1Nc2ccccc2/C1=C/c1ccc(-c2cn(-c3ccccc3)nn2)cc1,0,IC50,4.03,1,CHEMBL4856891
Cc1ccc(-n2cc(-c3ccc(/C=C4\C(=O)Nc5ccccc54)cc3)nn2)cc1,0,IC50,4.58,1,CHEMBL4874971
O=C1Nc2ccccc2/C1=C/c1ccc(-c2cn(-c3cccc(F)c3)nn2)cc1,0,IC50 (>),3.7,1,CHEMBL4850246
O=C1Nc2ccccc2/C1=C/c1ccc(-c2cn(-c3ccccc3Cl)nn2)cc1,0,IC50 (>),3.7,1,CHEMBL4869269
O=C1Nc2ccccc2/C1=C/c1ccc(-c2cn(-c3cccc(Cl)c3)nn2)cc1,0,IC50 (>),3.7,1,CHEMBL4848005
N#Cc1cccc(-n2cc(-c3ccc(/C=C4\C(=O)Nc5ccccc54)cc3)nn2)c1,0,IC50 (>),3.7,1,CHEMBL4878024
O=C1Nc2ccc(F)cc2C1=Cc1ccc(-c2cn(-c3ccccc3)nn2)cc1,0,IC50,4.0,1,CHEMBL4847439
Cc1ccccc1-n1cc(-c2ccc(C=C3C(=O)Nc4ccc(F)cc43)cc2)nn1,0,IC50,4.14,1,CHEMBL4863263
Cc1cccc(-n2cc(-c3ccc(/C=C4\C(=O)Nc5ccc(F)cc54)cc3)nn2)c1,0,IC50,4.05,1,CHEMBL4857454
Cc1ccc(-n2cc(-c3ccc(/C=C4\C(=O)Nc5ccc(F)cc54)cc3)nn2)cc1,0,IC50,4.43,1,CHEMBL4866291
O=C(Cn1cc(-c2ccc3c(Nc4cccnc4)n[nH]c3c2)cn1)Nc1ccc(Cl)c(C(F)(F)F)c1,1,IC50,6.05,1,CHEMBL4863009
CS(=O)(=O)Cc1cccc(Nc2n[nH]c3cc(-c4cnn(CC(=O)Nc5ccc(Cl)c(C(F)(F)F)c5)c4)ccc23)c1,1,IC50,6.84,1,CHEMBL4876592
Cn1cc2ccc(Nc3n[nH]c4cc(-c5cnn(CC(=O)Nc6ccc(Cl)c(C(F)(F)F)c6)c5)ccc34)cc2n1,1,IC50,6.6,1,CHEMBL4849476
Cn1cc(Nc2n[nH]c3cc(-c4cnn(CC(=O)Nc5ccc(Cl)c(C(F)(F)F)c5)c4)ccc23)cn1,1,IC50,6.66,1,CHEMBL4852434
CNS(=O)(=O)c1cc(Nc2n[nH]c3cc(-c4cnn(CC(=O)Nc5ccc(Cl)c(C(F)(F)F)c5)c4)ccc23)ccc1C,1,IC50,6.39,1,CHEMBL4856065
Nc1n[nH]c2cc(-c3cnn(CC(=O)Nc4ccc(Cl)c(C(F)(F)F)c4)c3)ccc12,1,IC50,7.92,1,CHEMBL4879197
Nc1n[nH]c2cc(-c3cnn(CC(=O)Nc4cccc(C(F)(F)F)c4)c3)ccc12,1,IC50,8.13,1,CHEMBL4861302
Cc1ccc(NC(=O)Cn2cc(-c3ccc4c(N)n[nH]c4c3)cn2)cc1C(F)(F)F,1,IC50,8.57,1,CHEMBL4853592
Nc1n[nH]c2cc(-c3cnn(CC(=O)Nc4cccc(C(F)(F)F)c4F)c3)ccc12,1,IC50,7.66,1,CHEMBL4873983
O=C(Cn1cc(-c2ccc3c(NC(=O)C4CC4)n[nH]c3c2)cn1)Nc1ccc(Cl)c(C(F)(F)F)c1,1,IC50,7.85,1,CHEMBL4846198
Cc1ccc(NC(=O)Cn2cc(-c3ccc4c(NC(=O)C5CC5)n[nH]c4c3)cn2)cc1C(F)(F)F,1,IC50,8.85,1,CHEMBL4858003
O=C(Cn1cc(-c2ccc3c(NC(=O)C4CC4)n[nH]c3c2)cn1)Nc1cccc(C(F)(F)F)c1F,1,IC50,7.92,1,CHEMBL4860732
CC(=O)Nc1n[nH]c2cc(-c3cnn(CC(=O)Nc4ccc(C)c(C(F)(F)F)c4)c3)ccc12,1,IC50,8.8,1,CHEMBL4870465
Cc1ccc(NC(=O)Cn2cc(-c3ccc4c(NC(=O)C(C)C)n[nH]c4c3)cn2)cc1C(F)(F)F,1,IC50,7.55,1,CHEMBL4869697
Cc1ccc(NC(=O)Cn2cc(-c3ccc4c(NC(=O)C5CCCC5)n[nH]c4c3)cn2)cc1C(F)(F)F,1,IC50,7.82,1,CHEMBL4861155
Cc1ccc(NC(=O)Cn2cc(-c3ccc4c(NC(=O)C5CCN(C)CC5)n[nH]c4c3)cn2)cc1C(F)(F)F,1,IC50,7.96,1,CHEMBL4874982
Cc1ccc(NC(=O)Cn2cc(-c3ccc4c(NC(=O)c5cccnc5)n[nH]c4c3)cn2)cc1C(F)(F)F,1,IC50,8.64,1,CHEMBL4872941
Cc1ccc(NC(=O)Cn2cc(-c3ccc4c(NC(=O)c5cnn(C)c5)n[nH]c4c3)cn2)cc1C(F)(F)F,1,IC50,9.14,1,CHEMBL4878552
CCNc1n[nH]c2cc(-c3cnn(CC(=O)Nc4ccc(C)c(C(F)(F)F)c4)c3)ccc12,1,IC50,7.42,1,CHEMBL4858980
Cc1ccc(NC(=O)Cn2cc(-c3ccc4c(NCC5CC5)n[nH]c4c3)cn2)cc1C(F)(F)F,1,IC50,7.22,1,CHEMBL4857358
Cc1ccc(NC(=O)Cn2cc(-c3ccc4c(NC(=O)C5CC5)n[nH]c4c3)c(C)n2)cc1C(F)(F)F,1,IC50,7.57,1,CHEMBL4866941
Cc1ccc(NC(=O)Cn2nc(C)c(-c3ccc4c(NC(=O)C5CC5)n[nH]c4c3)c2C)cc1C(F)(F)F,1,IC50,6.51,1,CHEMBL4857488
Cc1ccc(NC(=O)Cc2ccc(-c3ccc4c(NC(=O)C5CC5)n[nH]c4c3)s2)cc1C(F)(F)F,1,IC50,7.92,1,CHEMBL4871126
O=c1cc(N2CCNCC2)c2cc(F)ccc2[nH]1,1,IC50,6.55,1,CHEMBL4864800
O=c1cc(N2CCNCC2)c2ccccc2n1-c1ccccc1,1,IC50,6.95,1,CHEMBL4855595
O=C(CN1CCN(c2cc(=O)[nH]c3ccc(F)cc23)CC1)Nc1nc(-c2ccccc2)cs1,1,IC50,7.33,1,CHEMBL4871367
O=C(CN1CCN(c2cc(=O)[nH]c3ccc(F)cc23)CC1)Nc1nc(-c2ccc(Cl)cc2)cs1,1,IC50,6.77,1,CHEMBL4860285
Cc1ccc(-c2csc(NC(=O)CN3CCN(c4cc(=O)[nH]c5ccc(F)cc45)CC3)n2)cc1,1,IC50,6.53,1,CHEMBL4866817
COc1ccc(-c2csc(NC(=O)CN3CCN(c4cc(=O)[nH]c5ccc(F)cc45)CC3)n2)cc1,1,IC50,7.29,1,CHEMBL4853870
O=C(CN1CCN(c2cc(=O)n(-c3ccccc3)c3ccccc23)CC1)Nc1nc(-c2ccccc2)cs1,1,IC50,6.65,1,CHEMBL4859066
O=C(CN1CCN(c2cc(=O)n(-c3ccccc3)c3ccccc23)CC1)Nc1nc(-c2ccc(Cl)cc2)cs1,1,IC50,7.2,1,CHEMBL4851319
Cc1ccc(-c2csc(NC(=O)CN3CCN(c4cc(=O)n(-c5ccccc5)c5ccccc45)CC3)n2)cc1,1,IC50,6.78,1,CHEMBL4873088
COc1ccc(-c2csc(NC(=O)CN3CCN(c4cc(=O)n(-c5ccccc5)c5ccccc45)CC3)n2)cc1,1,IC50,6.76,1,CHEMBL4876616
Cc1c(NC(=O)CCN2CCCC2)c[nH]c1/C=C1\C(=O)Nc2ccc(F)cc21,1,IC50,6.86,1,CHEMBL4869059
CNC(=O)c1ccc(Nc2ncc(C(F)(F)F)c(NCc3ccccc3Cl)n2)cc1,1,IC50,6.83,1,CHEMBL4850588
CNC(=O)c1ccc(Nc2ncc(C(F)(F)F)c(Nc3ccccc3OC)n2)cc1,1,IC50,6.54,1,CHEMBL4874046
CNC(=O)c1ccc(Nc2ncc(C(F)(F)F)c(NCc3nccnc3N(C)S(C)(=O)=O)n2)cc1,1,IC50,6.56,1,CHEMBL3137331
c1ccc(-c2ccc3c(Nc4ccc5scnc5c4)ccnc3c2)cc1,1,IC50,7.8,1,CHEMBL4876135
c1ccc(COc2cccc(-c3nc4sccn4c3-c3ccncn3)c2)cc1,1,IC50,6.15,1,CHEMBL4866102
Nc1ncnc2c1c(-c1cccc(O)c1)cn2[C@H]1C[C@@H](CO)C1,1,IC50,6.82,1,CHEMBL4858720
Nc1ncnc2c1c(-c1cccc(O)c1)cn2C1CCCC1,1,IC50,7.24,1,CHEMBL169390
CC(=O)N1CCN([C@H]2C[C@@H](n3cc(-c4cccc(O)c4)c4c(N)ncnc43)C2)CC1,0,IC50 (>),5.0,1,CHEMBL4848347
CC(=O)N1CCN([C@H]2C[C@@H](n3cc(-c4ccccc4O)c4c(N)ncnc43)C2)CC1,0,IC50 (>),5.0,1,CHEMBL4864386
CC(=O)N1CCN([C@H]2C[C@@H](n3cc(-c4ccc(Cl)c(O)c4)c4c(N)ncnc43)C2)CC1,1,IC50,6.12,1,CHEMBL4853155
COc1cc(-c2cn([C@H]3C[C@@H](N4CCN(C(C)=O)CC4)C3)c3ncnc(N)c23)ccc1Cl,0,IC50 (>),5.0,1,CHEMBL4860822
CC(=O)N1CCN([C@H]2C[C@@H](n3cc(-c4ccc(Cl)c(N)c4)c4c(N)ncnc43)C2)CC1,1,IC50,6.08,1,CHEMBL4877264
COC(=O)N[C@H]1CC[C@@H](n2cc(-c3ccc(Cl)c(N)c3)c3c(N)ncnc32)CC1,1,IC50,6.18,1,CHEMBL4874648
COC(=O)NC12CCC(n3cc(-c4ccc(Cl)c(N)c4)c4c(N)ncnc43)(CC1)CC2,1,IC50,6.36,1,CHEMBL4857808
COC(=O)NC12CCC(n3cc(-c4cc(N)c(Cl)cc4F)c4c(N)ncnc43)(CC1)CC2,1,IC50,6.1,1,CHEMBL4859681
COc1cc(OC)cc(N(CCNC(C)C)c2ccc3ncc(-c4cnn(C)c4)c(=O)n3c2)c1,1,IC50,7.84,1,CHEMBL4862576
CN1CCN(c2ccc(-c3cc4c(N5CCN(C(=O)Nc6ccc(Cl)c(C(F)(F)F)c6)CC5)ncnc4s3)cc2)CC1,0,IC50 (>),5.0,1,CHEMBL4874448
CNC(=O)c1cc(Oc2ccc(NC(=O)Nc3cccc(C(F)(F)F)c3)cc2)ccn1,1,IC50,8.4,1,CHEMBL1992306
O=C(Nc1ccc(Oc2ccncc2)cc1)Nc1cccc(C(F)(F)F)c1,1,IC50,7.7,1,CHEMBL1233853
O=C(Nc1ccc(Oc2ccncn2)cc1)Nc1cccc(C(F)(F)F)c1,1,IC50,7.3,1,CHEMBL4856623
O=C(Nc1ccc(Oc2ccnc3ccccc23)cc1)Nc1cccc(C(F)(F)F)c1,1,IC50,8.3,1,CHEMBL4870490
O=C(Nc1ccc(Oc2ncnc3ccccc23)cc1)Nc1cccc(C(F)(F)F)c1,1,IC50,6.5,1,CHEMBL4857725
COc1ccc2ncnc(Oc3ccc(NC(=O)Nc4cccc(C(F)(F)F)c4)cc3)c2c1,1,IC50,8.0,1,CHEMBL4868251
COc1cc2ncnc(Oc3ccc(NC(=O)Nc4cccc(C(F)(F)F)c4)cc3)c2cc1OC,1,IC50,8.7,1,CHEMBL4856992
Cc1cc(Oc2ccc(NC(=O)Nc3cccc(C(F)(F)F)c3)cc2)c2ccccc2n1,0,IC50 (>),5.0,1,CHEMBL4864978
O=C(Nc1ccc(Oc2ccnc3[nH]ccc23)cc1)Nc1cccc(C(F)(F)F)c1,1,IC50,8.49,1,CHEMBL4852364
O=C(Nc1ccc(Oc2ncnc3[nH]ccc23)cc1)Nc1cccc(C(F)(F)F)c1,1,IC50,8.6,1,CHEMBL4869054
CNc1nccc(Oc2ccc(NC(=O)Nc3cccc(C(F)(F)F)c3)cc2)n1,1,IC50,7.5,1,CHEMBL4861519
CNc1cc(Oc2ccc(NC(=O)Nc3cccc(C(F)(F)F)c3)cc2)ncn1,1,IC50,7.6,1,CHEMBL4863580
Nc1cc(Oc2ccc(NC(=O)Nc3cccc(C(F)(F)F)c3)cc2)ncn1,1,IC50,8.1,1,CHEMBL4849349
COc1cc(Oc2ccc(NC(=O)Nc3cccc(C(F)(F)F)c3)cc2)ncn1,1,IC50,6.4,1,CHEMBL4876578
Cc1cc(Oc2ccc(NC(=O)Nc3cccc(C(F)(F)F)c3)cc2)ncn1,1,IC50,7.2,1,CHEMBL4872243
CCNc1cc(Oc2ccc(NC(=O)Nc3cccc(C(F)(F)F)c3)cc2)ncn1,1,IC50,7.8,1,CHEMBL4864463
CC(C)Nc1cc(Oc2ccc(NC(=O)Nc3cccc(C(F)(F)F)c3)cc2)ncn1,1,IC50,7.3,1,CHEMBL4873406
CCCNc1cc(Oc2ccc(NC(=O)Nc3cccc(C(F)(F)F)c3)cc2)ncn1,1,IC50,7.72,1,CHEMBL4877505
CC(C)CNc1cc(Oc2ccc(NC(=O)Nc3cccc(C(F)(F)F)c3)cc2)ncn1,1,IC50,6.5,1,CHEMBL4865829
O=C(Nc1ccc(Oc2cc(NCCO)ncn2)cc1)Nc1cccc(C(F)(F)F)c1,1,IC50,7.1,1,CHEMBL4871527
C[C@@H](O)CNc1cc(Oc2ccc(NC(=O)Nc3cccc(C(F)(F)F)c3)cc2)ncn1,1,IC50,6.7,1,CHEMBL4847826
C[C@H](O)CNc1cc(Oc2ccc(NC(=O)Nc3cccc(C(F)(F)F)c3)cc2)ncn1,1,IC50,6.5,1,CHEMBL4859309
CC(C)(O)CNc1cc(Oc2ccc(NC(=O)Nc3cccc(C(F)(F)F)c3)cc2)ncn1,1,IC50,6.5,1,CHEMBL4854957
CC(=O)Nc1cc(Oc2ccc(NC(=O)Nc3cccc(C(F)(F)F)c3)cc2)ncn1,1,IC50,8.89,1,CHEMBL4845883
O=C(O)Cc1cccc(Nc2cc(Oc3ccc(NC(=O)Nc4cccc(C(F)(F)F)c4)cc3)ncn2)c1,1,IC50,9.4,1,CHEMBL4875220
O=C(Nc1ccc(Oc2cc(Nc3cccc(CN4CCCC4)c3)ncn2)cc1)Nc1cccc(C(F)(F)F)c1,1,IC50,8.49,1,CHEMBL4867760
CNc1cc(Oc2ccc(NC(=O)Nc3cccc(C)c3)cc2)ncn1,1,IC50,6.1,1,CHEMBL4855081
CNc1cc(Oc2ccc(NC(=O)Nc3cccc(CF)c3)cc2)ncn1,1,IC50,6.4,1,CHEMBL4859818
CNc1cc(Oc2ccc(NC(=O)Nc3cccc(C(F)F)c3)cc2)ncn1,1,IC50,6.89,1,CHEMBL4867053
CCc1cccc(NC(=O)Nc2ccc(Oc3cc(NC)ncn3)cc2)c1,1,IC50,6.89,1,CHEMBL4870079
CNc1cc(Oc2ccc(NC(=O)Nc3cccc(C(C)F)c3)cc2)ncn1,1,IC50,7.1,1,CHEMBL4850964
CNc1cc(Oc2ccc(NC(=O)Nc3cccc(C(C)(F)F)c3)cc2)ncn1,1,IC50,7.4,1,CHEMBL4868391
CNc1cc(Oc2ccc(NC(=O)Nc3cccc(C(C)(C)C)c3)cc2)ncn1,1,IC50,7.6,1,CHEMBL4850780
CNc1cc(Oc2ccc(NC(=O)Nc3cccc(C(F)(F)F)c3)cc2F)ncn1,1,IC50,7.8,1,CHEMBL4066096
CNc1cc(Oc2ccc(NC(=O)Nc3cccc(C(F)(F)F)c3)c(F)c2)ncn1,1,IC50,8.2,1,CHEMBL4863203
CNc1cc(Oc2ccc(NC(=O)Nc3cccc(C(F)(F)F)c3)c(F)c2F)ncn1,1,IC50,8.6,1,CHEMBL4857556
CNc1cc(Oc2ccc(NC(=O)Nc3cccc(C(F)(F)F)c3)cc2Cl)ncn1,1,IC50,7.3,1,CHEMBL4874491
CNc1cc(Oc2ccc(NC(=O)Nc3cccc(C(F)(F)F)c3)c3ccccc23)ncn1,1,IC50,7.89,1,CHEMBL4870768
CNc1cc(Oc2c(C)cc(NC(=O)Nc3cccc(C(F)(F)F)c3)c3ccccc23)ncn1,1,IC50,6.8,1,CHEMBL4875166
CNc1cc(Oc2ccc(NC(=O)Nc3cccc(C(F)(F)F)c3)cc2C)ncn1,1,IC50,7.2,1,CHEMBL4859380
CNc1cc(Oc2c(C)cc(NC(=O)Nc3cccc(C(F)(F)F)c3)cc2C)ncn1,1,IC50,6.0,1,CHEMBL4868757
CNc1cc(Oc2c(Cl)cc(NC(=O)Nc3cccc(C(F)(F)F)c3)cc2Cl)ncn1,1,IC50,6.4,1,CHEMBL4869303
CNc1cc(Oc2c(F)cc(NC(=O)Nc3cccc(C(F)(F)F)c3)cc2F)ncn1,1,IC50,7.3,1,CHEMBL4865373
CNc1cc(Oc2c(C)cc(NC(=O)Nc3cccc(C(F)(F)F)c3)cc2Cl)ncn1,1,IC50,6.4,1,CHEMBL4856606
CN1C(=O)[C@@H](N2CCc3cn(Cc4ccccc4)nc3C2=O)COc2ccccc21,1,IC50,6.0,1,CHEMBL4088216
CN1C(=O)[C@@H](N2CCc3c(nn(Cc4ccccc4)c3Br)C2=O)COc2ccccc21,1,IC50,6.0,1,CHEMBL4549667
CN1C(=O)[C@@H](N2CCc3cn(CC4CCS(=O)(=O)CC4)nc3C2=O)COc2ccccc21,1,IC50,6.0,1,CHEMBL4097778
COc1cc(-c2ccc(O)cc2)cc2cnc(N)nc12,1,IC50,6.4,1,CHEMBL5088804
CCc1cc(O)c(F)cc1-c1cc(NC2CCN(C(C)=O)CC2)c2nc(N)ncc2c1,1,IC50,6.2,1,CHEMBL5084542
CCc1cc(O)c(F)cc1-c1cc(NCCCO)c2nc(N)ncc2c1,1,IC50,6.0,1,CHEMBL5084340
CCc1cc(O)c(F)cc1-c1cc(N[C@@H](C)CO)c2nc(N)ncc2c1,1,IC50,6.2,1,CHEMBL5078647
CCc1cc(O)c(F)cc1-c1cc(NC[C@H](C)O)c2nc(N)ncc2c1,1,IC50,6.2,1,CHEMBL5078141
CCc1cc(O)c(F)cc1-c1cc(NC[C@@H](C)O)c2nc(N)ncc2c1,1,IC50,7.1,1,CHEMBL5079248
CCc1cc(O)c(F)cc1-c1cc(NC2CCN(C)CC2)c2nc(N)ncc2c1,1,IC50,6.2,1,CHEMBL5077126
CCc1cc(O)c(F)cc1-c1cc(NCC2CCN(C)CC2)c2nc(N)ncc2c1,1,IC50,6.2,1,CHEMBL5075223
CCc1cc(O)c(F)cc1-c1cc(N[C@@H]2CCCN(C)C2)c2nc(N)ncc2c1,1,IC50,6.3,1,CHEMBL5087255
CCc1cc(O)c(F)cc1-c1cc(N[C@H]2CCCN(C)C2)c2nc(N)ncc2c1,1,IC50,6.7,1,CHEMBL5086526
CCc1cc(O)c(F)cc1-c1cc(N[C@H]2C[C@H]3CC[C@@H](C2)N3)c2nc(N)ncc2c1,1,IC50,6.9,1,CHEMBL5076189
CCc1cc(O)c(F)cc1-c1cc(N[C@@H]2C[C@H]3CC[C@@H](C2)N3)c2nc(N)ncc2c1,1,IC50,6.0,1,CHEMBL5075673
CCc1cc(O)c(F)cc1-c1cc(N[C@@H](C)CO)c2nc(NCCCN(C)C)ncc2c1,1,IC50,6.1,1,CHEMBL5076101
CCc1cc(O)c(F)cc1-c1cc(N[C@@H](C)CO)c2nc(NCCOCCN(C)C)ncc2c1,1,IC50,6.0,1,CHEMBL5094089
CCc1cc(O)c(F)cc1-c1cc(N[C@@H](C)CO)c2nc(NCCCCCN(C)C)ncc2c1,1,IC50,7.0,1,CHEMBL5075556
O=C(/C=C/c1ccc(NC(=O)Nc2ccc(Cl)c(C(F)(F)F)c2)cc1)NO,0,IC50,4.88,1,CHEMBL5087583
O=C(Nc1ccc2c(c1)CCCN2c1ccc(C(=O)NO)cc1)Nc1ccc(Cl)c(C(F)(F)F)c1,0,IC50,4.88,1,CHEMBL5087770
COc1ccc2[nH]c3c(c2c1)CNCCC3,0,IC50 (>),4.7,1,CHEMBL5075435
COc1ccc2[nH]c3c(c2c1)CN(C(=O)Cc1ccccc1)CCC3,0,IC50 (>),4.7,1,CHEMBL5090376
COc1ccc2[nH]c3c(c2c1)CN(C(=O)CC(C)C)CCC3,0,IC50 (>),4.7,1,CHEMBL5081524
COc1ccc2[nH]c3c(c2c1)CN(C(=O)CN1CCOCC1)CCC3,0,IC50 (>),4.7,1,CHEMBL5084044
COc1ccc2[nH]c3c(c2c1)CN(C(=O)Cc1ccncc1)CCC3,0,IC50 (>),4.7,1,CHEMBL5077433
COc1ccc2[nH]c3c(c2c1)CN(C(=O)Cc1ccccn1)CCC3,1,IC50,6.16,1,CHEMBL5081487
O=C1Nc2cc(Br)ccc2/C1=C\c1cc2c([nH]1)CCCC2,1,IC50,7.4,1,CHEMBL5081055
Cc1cn([C@H](C)CC#N)c(=O)c2cc(Cn3nc(C(F)F)cc3Cl)nn12,0,IC50 (>),5.0,1,CHEMBL5092058
COc1cc(CCc2cc(-c3nc4ccc(-c5ccc(N6CCOCC6)cc5)cc4[nH]3)n[nH]2)cc(OC)c1,0,IC50,4.82,1,CHEMBL5196797
COc1cc(CCc2cc(-c3nc4ccc(-c5cccc(CN6CCOCC6)c5)cc4[nH]3)n[nH]2)cc(OC)c1,1,IC50,6.11,1,CHEMBL5195888
COc1cc(CCc2cc(-c3nc4ccc(-c5ccc(C(=O)N6CCOCC6)cc5)cc4[nH]3)n[nH]2)cc(OC)c1,1,IC50,6.64,1,CHEMBL5192921
COc1cc(CCc2cc(-c3nc4ccc(C(=O)N5CCOCC5)cc4[nH]3)n[nH]2)cc(OC)c1,1,IC50,7.94,2,CHEMBL5183691
COc1cc(CCc2cc(-c3nc4ccc(C(=O)N5CCN(C)CC5)cc4[nH]3)n[nH]2)cc(OC)c1,1,IC50,7.1,2,CHEMBL5183603
CCN1CCN(C(=O)c2ccc3nc(-c4cc(CCc5cc(OC)cc(OC)c5)[nH]n4)[nH]c3c2)CC1,1,IC50,7.05,1,CHEMBL5191301
COc1cc(CCc2cc(-c3nc4ccc(C(=O)NCCN5CCOCC5)cc4[nH]3)n[nH]2)cc(OC)c1,1,IC50,7.08,2,CHEMBL5181778
COc1cc(CCc2cc(-c3nc4ccc(C(=O)NC5CCOCC5)cc4[nH]3)n[nH]2)cc(OC)c1,1,IC50,7.15,2,CHEMBL5183701
COc1cc(CCc2cc(-c3nc4ccc(CN5CCOCC5)cc4[nH]3)n[nH]2)cc(OC)c1,1,IC50,7.19,1,CHEMBL5191338
COc1cc(CCc2cc(-c3nc4ccc(CN5CCN(C)CC5)cc4[nH]3)n[nH]2)cc(OC)c1,1,IC50,7.2,1,CHEMBL5174735
COc1cc(CCc2cc(-c3nc4ccc(CN5C[C@@H](C)N[C@@H](C)C5)cc4[nH]3)n[nH]2)cc(OC)c1,1,IC50,6.8,1,CHEMBL5180534
COc1cc(CCc2cc(-c3nc4ccc(CN5CCC(N6CCN(C)CC6)CC5)cc4[nH]3)n[nH]2)cc(OC)c1,1,IC50,7.25,1,CHEMBL5186357
COc1cc(CCc2cc(-c3nc4ccc(CN5CCC(N6CCNCC6)CC5)cc4[nH]3)n[nH]2)cc(OC)c1,1,IC50,7.22,1,CHEMBL5201819
COc1cc(CCc2cc(-c3nc4ccc(N5CCOCC5)cc4[nH]3)n[nH]2)cc(OC)c1,1,IC50,7.28,1,CHEMBL5207255
COc1cc(CCc2cc(-c3nc4ccc(N5CCN(C)CC5)cc4[nH]3)n[nH]2)cc(OC)c1,1,IC50,7.18,1,CHEMBL5199374
COc1cc(CCc2cc(-c3nc4ccc(N5C[C@@H](C)N[C@@H](C)C5)cc4[nH]3)n[nH]2)cc(OC)c1,1,IC50,6.8,1,CHEMBL5182544
COc1cc(CCc2cc(-c3nc4ccc(N5C[C@@H](C)O[C@@H](C)C5)cc4[nH]3)n[nH]2)cc(OC)c1,1,IC50,6.84,1,CHEMBL5173892
COc1cc(CCc2cc(-c3nc4cc(F)c(N5CCOCC5)cc4[nH]3)n[nH]2)cc(OC)c1,1,IC50,6.92,1,CHEMBL5171314
COc1cc(CCc2cc(-c3nc4cc(F)c(N5C[C@@H](C)O[C@@H](C)C5)cc4[nH]3)n[nH]2)cc(OC)c1,1,IC50,6.52,1,CHEMBL5179660
COc1cc(CCc2cc(-c3nc4cc(F)c(N5CCN(C)CC5)cc4[nH]3)n[nH]2)cc(OC)c1,1,IC50,6.39,1,CHEMBL5189958
COc1cc(OC)c(Cl)c(CCc2cc(-c3nc4ccc(N5CCN(C)CC5)cc4[nH]3)n[nH]2)c1Cl,1,IC50,7.42,1,CHEMBL5205436
COc1cc(OC)c(Cl)c(CCc2cc(-c3nc4ccc(CN5CCN(C)CC5)cc4[nH]3)n[nH]2)c1Cl,1,IC50,7.37,1,CHEMBL5177815
O=C(Nc1ccc(-c2ccc(=O)[nH]n2)cc1)Nc1ccc(Cl)c(C(F)(F)F)c1,1,IC50,8.89,1,CHEMBL5208686
COc1ccc(Nc2ccc(NC(=O)Nc3ccc(Cl)c(C(F)(F)F)c3)cc2)nn1,1,IC50,8.85,1,CHEMBL5177149
O=C(Nc1ccc(Oc2ccc(=O)[nH]n2)cc1)Nc1ccc(Cl)c(C(F)(F)F)c1,1,IC50,7.22,2,CHEMBL5202124
CNC(=O)c1cc(Oc2ccc(NC(=O)c3nn(-c4ccc(Cl)cc4)cc(C)c3=O)cc2)ccn1,1,IC50,9.92,1,CHEMBL5186748
CN(C)c1ccc(/C=N/NC(=O)Cn2nc(Cc3ccc(Cl)cc3)c3ccccc3c2=O)cc1,1,IC50,10.64,1,CHEMBL5189340
S=C(NNc1nn2cnnc2c2ccccc12)Nc1ccccc1,1,IC50,6.04,1,CHEMBL5208660
O=C(NNc1nn2cnnc2c2ccccc12)NC1CCCCC1,1,IC50,6.96,1,CHEMBL5181360
O=C(NNc1nn2cnnc2c2ccccc12)Nc1ccccc1,1,IC50,6.51,1,CHEMBL5204637
Fc1c(F)c(F)c(Cn2c3ccccc3c3ccn4c[n+](-c5ccc(C(F)(F)F)cc5)cc4c32)c(F)c1F,1,IC50,6.05,1,CHEMBL5201057
FC(F)(F)c1ccc(-[n+]2cc3c4c(ccn3c2)c2ccccc2n4CCCc2ccccc2)cc1,1,IC50,6.1,1,CHEMBL5194115
COc1ccc(-[n+]2cc3c4c(ccn3c2)c2ccccc2n4CCCc2ccccc2)cc1,1,IC50,6.0,1,CHEMBL5173289
COc1ccc(Nc2nc3ccc(NC(=O)c4ccccc4C(=O)O)cc3[nH]c2=O)cc1,0,IC50,4.21,1,CHEMBL5182307
O=C(Cn1c(=O)c2nncn2c2ccccc21)Nc1ccc(C(=O)Nc2ccc(Cl)cc2)cc1,1,IC50,8.47,3,CHEMBL5170911
O=C(Cn1c(=O)c2nncn2c2ccccc21)Nc1ccc(C(=O)Nc2cc(Cl)ccc2Cl)cc1,1,IC50,8.32,2,CHEMBL5202279
Cc1ccc(O)c(NC(=O)c2ccc(NC(=O)Cn3c(=O)c4nncn4c4ccccc43)cc2)c1,1,IC50,8.41,2,CHEMBL5175388
NC(=O)c1ccc(COc2ccc(-n3cc4cccc(C(N)=O)c4n3)cc2)cc1,1,IC50,8.23,1,CHEMBL5177616
NC(=O)/C=C/c1ccc(COc2ccc(-n3cc4cccc(C(N)=O)c4n3)cc2)cc1,1,IC50,8.47,1,CHEMBL5208297
CC1(C)c2cc(OCCN3CCOCC3)ccc2C(=O)c2c1oc1cc(C#Cc3cc(OCC4CC4)ccn3)ccc21,1,IC50,6.12,1,CHEMBL5186340
CC1(COc2ccnc(C#Cc3ccc4c5c(oc4c3)C(C)(C)c3cc(OCCN4CCOCC4)ccc3C5=O)c2)CC1,1,IC50,6.38,1,CHEMBL5195158
CC1(C)c2cc(OCCN3CCOCC3)ccc2C(=O)c2c1oc1cc(C#Cc3cc(OCC4CCC4)ccn3)ccc21,1,IC50,6.77,1,CHEMBL5193231
CC1(C)c2cc(OCCN3CCOCC3)ccc2C(=O)c2c1oc1cc(C#Cc3cc(OCCC4CC4)ccn3)ccc21,1,IC50,6.31,1,CHEMBL5191460
CC1(C)c2cc(OCCN3CCOCC3)ccc2C(=O)c2c1oc1cc(C#Cc3cc(OCC4(CO)CC4)ccn3)ccc21,1,IC50,6.02,1,CHEMBL5173016
CC1(C)c2cc(OCCN3CCCOCC3)ccc2C(=O)c2c1oc1cc(C#Cc3cc(OCC4CC4)ccn3)ccc21,1,IC50,6.02,1,CHEMBL5171199
CC1(C)c2cc(OCCN3CC4(COC4)C3)ccc2C(=O)c2c1oc1cc(C#Cc3cc(OCC4CC4)ccn3)ccc21,1,IC50,6.3,1,CHEMBL5197535
CC1(C)c2cc(OCCN3CCNC(=O)C3)ccc2C(=O)c2c1oc1cc(C#Cc3cc(OCC4CC4)ccn3)ccc21,1,IC50,6.38,1,CHEMBL5199099
CC1(C)c2cc(N3CCOCC3)ccc2C(=O)c2c1oc1cc(C#Cc3cc(OCC4CC4)ccn3)ccc21,1,IC50,6.16,1,CHEMBL5198427
CC1(C)c2cc(N3CC4(COC4)C3)ccc2C(=O)c2c1oc1cc(C#Cc3cc(OCC4CC4)ccn3)ccc21,1,IC50,6.37,1,CHEMBL5169941
CC1(C)c2cc(N3CCNC(=O)C3)ccc2C(=O)c2c1oc1cc(C#Cc3cc(OCC4CC4)ccn3)ccc21,1,IC50,6.54,1,CHEMBL5189763
CC1(C)c2cc(NS(C)(=O)=O)ccc2C(=O)c2c1oc1cc(C#Cc3cc(OCC(F)(F)F)ccn3)ccc21,1,IC50,6.0,1,CHEMBL5205778
CC(C)(C)NC(=O)c1ccnc(C#Cc2ccc3c4c(oc3c2)C(C)(C)c2cc(NS(C)(=O)=O)ccc2C4=O)c1,1,IC50,6.22,1,CHEMBL5172448
C=CC(=O)Nc1cc2c(cc1OCCNC(=O)CN(C)C)NCN=C2Nc1ccc(Br)cc1F,1,IC50,6.99,1,CHEMBL5193247
COc1cc2c(cc1OC)C(Oc1cccc(NC(=S)Nc3ccc(Cl)c(C(F)(F)F)c3)c1)=NCN2,1,IC50,7.3,1,CHEMBL5207327
COc1cc2c(cc1OC)C(Sc1cccc(NC(=S)Nc3ccc(Br)c(C(F)(F)F)c3)c1)=NCN2,1,IC50,7.1,1,CHEMBL5192572
COc1cc(-c2nc3ccccc3s2)ccc1OCC(=O)NNC(O)CN(C)CC(=O)O,1,IC50,6.26,1,CHEMBL5176146
CC[C@H](C)[C@H](NCC(=O)NNC(=O)COc1ccc(-c2nc3ccccc3s2)cc1OC)C(=O)O,1,IC50,6.39,1,CHEMBL5195498
CC[C@H](C)[C@@H](NCC(=O)NNC(=O)COc1ccc(-c2nc3ccccc3s2)cc1OC)C(=O)O,1,IC50,6.31,1,CHEMBL5206046
COc1cc(-c2nc3ccccc3s2)ccc1OCC(=O)NNC(=O)CN[C@@H](CS)C(=O)O,1,IC50,6.15,1,CHEMBL5196624
COc1cc(-c2nc3ccccc3s2)ccc1OCC(=O)NNC(=O)CN(C(C)=O)[C@@H](CS)C(=O)O,1,IC50,6.42,1,CHEMBL5208251
COc1cc(-c2nc3ccccc3s2)ccc1OCC(=O)NNC(=O)CN[C@@H](CS(=O)(=O)O)C(=O)O,1,IC50,6.3,1,CHEMBL5206533
COc1cc(-c2nc3ccccc3s2)ccc1OCC(=O)NNC(=O)CN[C@@H](CCSC)C(=O)O,1,IC50,6.51,1,CHEMBL5171479
COc1cc(-c2nc3ccccc3s2)ccc1OCC(=O)NNC(=O)CNC(=N)NCCC[C@H](N[N+](=O)[O-])C(=O)O,1,IC50,6.38,1,CHEMBL5174013
COc1cc(-c2nc3ccccc3s2)ccc1OCC(=O)NNC(=O)CN1CCC[C@H]1C(=O)O,1,IC50,6.73,1,CHEMBL5192184
COc1cc(-c2nc3ccccc3s2)ccc1OCC(=O)NNC(=O)CN[C@@H](Cc1c[nH]cn1)C(=O)O,1,IC50,6.77,1,CHEMBL5203784
COc1cc(-c2nc3ccccc3s2)ccc1OCC(=O)NNC(=O)CN[C@@H](Cc1c[nH]c2ccccc12)C(=O)O,1,IC50,6.79,1,CHEMBL5171983
CCOC(=O)CN(C)CC(=O)NNC(=O)COc1ccc(-c2nc3ccccc3s2)cc1OC,1,IC50,6.26,1,CHEMBL5193370
CCOC(=O)[C@@H](NCC(=O)NNC(=O)COc1ccc(-c2nc3ccccc3s2)cc1OC)[C@@H](C)CC,1,IC50,6.62,1,CHEMBL5208645
CCOC(=O)[C@H](NCC(=O)NNC(=O)COc1ccc(-c2nc3ccccc3s2)cc1OC)[C@@H](C)CC,1,IC50,6.38,1,CHEMBL5208151
CCOC(=O)[C@H](CS)NCC(=O)NNC(=O)COc1ccc(-c2nc3ccccc3s2)cc1OC,1,IC50,6.13,1,CHEMBL5209402
CCOC(=O)[C@H](CS)N(CC(=O)NNC(=O)COc1ccc(-c2nc3ccccc3s2)cc1OC)C(C)=O,1,IC50,6.26,1,CHEMBL5193750
CCOC(=O)[C@H](CS(=O)(=O)O)NCC(=O)NNC(=O)COc1ccc(-c2nc3ccccc3s2)cc1OC,1,IC50,6.24,1,CHEMBL5182805
CCOC(=O)[C@H](CCSC)NCC(=O)NNC(=O)COc1ccc(-c2nc3ccccc3s2)cc1OC,1,IC50,6.43,1,CHEMBL5209858
CCOC(=O)[C@H](CCCNC(=N)NCC(=O)NNC(=O)COc1ccc(-c2nc3ccccc3s2)cc1OC)N[N+](=O)[O-],1,IC50,6.53,1,CHEMBL5205265
CCOC(=O)[C@@H]1CCCN1CC(=O)NNC(=O)COc1ccc(-c2nc3ccccc3s2)cc1OC,1,IC50,6.79,1,CHEMBL5201110
CCOC(=O)[C@H](Cc1c[nH]cn1)NCC(=O)NNC(=O)COc1ccc(-c2nc3ccccc3s2)cc1OC,1,IC50,6.82,1,CHEMBL5181045
CCOC(=O)[C@H](Cc1c[nH]c2ccccc12)NCC(=O)NNC(=O)COc1ccc(-c2nc3ccccc3s2)cc1OC,1,IC50,6.75,1,CHEMBL5208397
Cc1cc2c(F)c(Oc3ccnc(Nc4cccc(S(N)(=O)=O)c4)n3)ccc2[nH]1,1,IC50,8.05,1,CHEMBL5175208
Cc1cc2c(F)c(Oc3ccnc(Nc4ccc(S(N)(=O)=O)cc4)n3)ccc2[nH]1,1,IC50,7.51,1,CHEMBL5172665
Cc1cc2c(F)c(Oc3cc(Nc4ccc(S(N)(=O)=O)cc4)ncn3)ccc2[nH]1,1,IC50,7.39,1,CHEMBL5202879
Cc1cc2c(F)c(Oc3cc(Nc4cc(CS(C)(=O)=O)ccc4C)ncn3)ccc2[nH]1,1,IC50,7.08,1,CHEMBL5199108
COc1ccc(S(N)(=O)=O)cc1Nc1cc(Oc2ccc3[nH]c(C)cc3c2F)ncn1,1,IC50,7.99,1,CHEMBL5169624
Cc1cc2c(F)c(Oc3cc(Nc4cccc(CS(C)(=O)=O)c4)ncn3)ccc2[nH]1,1,IC50,8.42,1,CHEMBL5184038
Cc1cc2c(F)c(Oc3cc(Nc4ccc(CS(C)(=O)=O)cc4)ncn3)ccc2[nH]1,1,IC50,8.15,1,CHEMBL5187154
Cc1cc2c(F)c(Oc3cc(Nc4cccc([N+](=O)[O-])c4)ncn3)ccc2[nH]1,1,IC50,7.67,1,CHEMBL5171763
COc1ccc(Nc2cc(Oc3ccc4[nH]c(C)cc4c3F)ncn2)cc1OC,1,IC50,8.31,1,CHEMBL5183413
COc1ccc(/C=N/n2c(SCC(=O)c3ccc(Cl)cc3)nnc2-c2cc3ccccc3[nH]2)cc1,1,IC50,7.15,3,CHEMBL5178919
COc1cc2ncc(-c3cccc(NC4CCNC4)n3)n2cc1-c1cnn(C)c1,1,IC50,8.3,1,CHEMBL5176837
CCN(CC)CCN1Cc2[nH]c(/C=C3\C(=O)Nc4ccc(I)cc43)c(C)c2C1=O,1,IC50,7.46,1,CHEMBL5176427
CCN(CC)CCN1Cc2[nH]c(/C=C3\C(=O)Nc4ccc(Br)cc43)c(C)c2C1=O,1,IC50,7.61,2,CHEMBL5173625
COc1ccc2c(c1)/C(=N\Nc1nnc3n1N=C(c1ccccc1)CS3)C(=O)N2,1,IC50,6.36,1,CHEMBL5206146
O=C1Nc2ccccc2/C1=C1Nc2ccccc2C/1=N\OCC(O)CO,1,IC50,6.02,1,CHEMBL1276317
COc1cc2nccc(Oc3ccc(NC(=O)C4(C(=O)NC5CC5)CC4)c(Cl)c3)c2cc1C(N)=O,1,IC50,8.4,1,CHEMBL5201128
COC(=O)c1ccc2c(C(Nc3ccc(N(C)C(=O)CN4CCN(C)CC4)cc3)c3ccccc3)c(O)[nH]c2c1,1,IC50,8.52,1,CHEMBL5201102
COc1ccc(CN2C3CC2CN(c2ccc(-c4cc(OCC(C)(C)O)cn5ncc(C#N)c45)cn2)C3)cn1,1,IC50,7.0,1,CHEMBL4559134
COC1(C(=O)N[C@@H](C)c2ccc(-n3cc(F)cn3)nc2)CCC(c2nc(C)cc(Nc3cc(C)[nH]n3)n2)CC1,1,IC50,7.46,1,CHEMBL5171764
C=CC(=O)Nc1ccc2ncnc(Nc3ccc4[nH]cc(Br)c4c3)c2c1,0,IC50 (>),5.0,1,CHEMBL5182567
O=C(CCCl)Nc1ccc2ncnc(Nc3ccc4[nH]cc(Br)c4c3)c2c1,0,IC50 (>),5.0,1,CHEMBL5208454
Cc1cc(CS(=O)(=O)c2ccccc2)cc(OCc2ccc(CN3CCC[C@@H]3CO)cc2)c1,0,IC50 (>),5.0,1,CHEMBL3134157
Cc1cc(OCc2ccc(CN3CCC[C@@H]3CO)cc2)cc(CS(=O)(=O)c2ccccc2)c1Br,0,IC50 (>),5.0,1,CHEMBL5175977
Cn1cc(-c2[nH]c3cc(NC(=O)[C@H](N)C4CCCCC4)cc4c3c2C=NNC4=O)cn1,1,IC50,8.1,2,CHEMBL3990456
COc1cc2ncnc(Nc3ccc(Cl)cc3Cl)c2cc1OCCCCCCC(=O)NO,1,IC50,7.08,1,CHEMBL5220848
COc1cc2ncnc(Oc3cccc(NC(=S)Nc4ccc(Cl)c(C(F)(F)F)c4)c3)c2cc1OC,1,IC50,7.3,1,CHEMBL5218459
COc1cc2ncnc(Sc3cccc(NC(=S)Nc4ccc(Br)c(C(F)(F)F)c4)c3)c2cc1OC,1,IC50,7.1,1,CHEMBL5218990
Cc1ccc(NC(=O)c2cccc(C(F)(F)F)c2)cc1C#Cc1nn(C2CCN(C)CC2)c2ncnc(N)c12,1,IC50,7.92,2,CHEMBL4787515
COc1ccc(NC(=O)c2c(Nc3ccccc3)sc(C#N)c2NC(=O)CNc2ccc(Cl)cc2)cc1,1,IC50,6.23,1,CHEMBL5290309
Cc1ccc2c(=O)n(Cc3ccccc3)c(SCc3cn(-c4ccc(C(=O)O)cc4)nn3)nc2c1,1,IC50,6.9,1,CHEMBL5266387
NS(=O)(=O)c1ccc(CCn2c(SCC(=O)Nc3ccc(Cl)cc3)nc3ccccc3c2=O)cc1,1,IC50,6.41,1,CHEMBL5199520
Cc1cccc(Cl)c1NC(=O)Nc1ccc(-c2nc(NCCN(C)C)c3ccccc3n2)cc1,1,IC50,7.03,1,CHEMBL5278037
Cc1cccc(NC(=O)Nc2ccc(Nc3ncnc4[nH]c(C)c(C)c34)cc2)c1,1,IC50,7.92,1,CHEMBL5289303
Cc1c(C(=O)Nc2ccc(Oc3ccnc(-c4nncn4CCCN4CCN(C)CC4)c3)c(F)c2)c(=O)n(-c2ccccc2)n1C,1,IC50,6.72,2,CHEMBL5267844
CNC(=O)c1cccc2cc(Oc3ccnc(NC(=O)c4ccc(N5CCN(CCO)CC5)cc4)c3)ccc12,1,IC50,8.92,1,CHEMBL4278642
Cn1cc(-c2ccc3c(c2)ncn3-c2cc(NS(=O)(=O)C3CC3)cc(-c3ccc(F)cc3F)c2)cn1,1,IC50,8.05,1,CHEMBL3964954
O=C(O)CCc1c(/C=C2\C(=O)Nc3ccc(F)cc32)[nH]c2c1C(=O)CCC2,1,IC50,7.6,1,CHEMBL1214783
C#CCO[C@@H]1[C@H](C)[C@@H](COS(=O)(=O)C=C)O[C@H]1n1nc(-c2ccc(C)cc2)c2c(N)ncnc21,1,IC50,7.06,1,CHEMBL5280361
C#CCO[C@@H]1[C@H](C)[C@@H](COC(=O)c2ccc(S(=O)(=O)F)cc2)O[C@H]1n1nc(-c2ccc(C)cc2)c2c(N)ncnc21,1,IC50,6.32,1,CHEMBL5268244
Cc1c(C(=O)Nc2ccc(Oc3ccnc(-c4nncn4CN4CCN(C)CC4)c3)c(F)c2)c(=O)n(-c2ccccc2)n1C,1,IC50,6.72,1,CHEMBL5276696
Cc1ccc(NC(=O)Cn2cc(-c3ccc4c(NC(=O)c5ccc(N)cc5)n[nH]c4c3)cn2)cc1C(F)(F)F,1,IC50,8.57,1,CHEMBL5272444
Cc1ccc(NC(=O)Cn2cc(-c3ccc4c(NC(=O)c5ccc(N6CCNCC6)cc5)n[nH]c4c3)cn2)cc1C(F)(F)F,1,IC50,9.38,1,CHEMBL5275552
COC(=O)Nc1nccc(Oc2ccc3c(C(=O)Nc4ccc(F)c(C(F)(F)F)c4)cccc3c2)n1,1,IC50,8.4,2,CHEMBL5268513
CN1CCN(c2ccc(NC(=O)c3cccc4cc(Oc5ccnc(N)n5)ccc34)cc2C(F)(F)F)CC1,1,IC50,8.22,2,CHEMBL5269027
CCc1cccc(NC(=O)c2cccc3cc(Oc4cc(N)ncn4)ccc23)c1,1,IC50,9.0,2,CHEMBL5283863
Nc1cc(Oc2ccc3c(C(=O)Nc4ccc(F)c(C(F)(F)F)c4)cccc3c2)ncn1,1,IC50,8.64,3,CHEMBL5280119
Nc1nccc(Oc2ccc3c(C(=O)Nc4ccc(F)c(C(F)(F)F)c4)cccc3c2)n1,1,IC50,8.4,3,CHEMBL5276611
N#Cc1cc(Oc2ccc3c(C(=O)Nc4cccc(C(F)(F)F)c4)cccc3c2)ncn1,1,IC50,7.68,2,CHEMBL5272957
Nc1cc(Oc2ccc3c(C(=O)Nc4cccc(C(F)(F)F)c4)cccc3c2)ncn1,1,IC50,8.7,3,CHEMBL5288744
Nc1nc(Cl)cc(Oc2ccc3c(C(=O)Nc4cccc(C(F)(F)F)c4)cccc3c2)n1,1,IC50,6.4,1,CHEMBL5266162
CCOC(=O)c1cc(Oc2ccc3c(C(=O)Nc4cccc(C(F)(F)F)c4)cccc3c2)ncn1,1,IC50,6.47,1,CHEMBL5278387
CN1C[C@@H]2CC[C@H](C1=O)N2c1ncc2[nH]nc(-c3cnn(C4CCC4)c3)c2n1,1,IC50,6.74,1,CHEMBL5286909
Cc1cc2c(Nc3ccc(F)c(Cl)c3)ncnn2c1,1,IC50,6.82,1,CHEMBL186080
Cc1ccc(Nc2ncnn3cccc23)cc1O,1,IC50,6.29,1,CHEMBL185853
CCn1c(=O)c(-c2cc(OC)cc(OC)c2)cc2nnc(Nc3ccncc3)nc21,1,IC50,6.46,1,CHEMBL5273702
CC(C)(O)c1ccc(N2Cc3c(ccnc3-c3ccc(F)cc3OCC(F)(F)F)C2=O)cc1,0,IC50 (>),5.0,1,CHEMBL5078078
Cc1c2ccc(N(C)c3ccnc(Nc4ccc(C(=O)Nc5nc6c(C(N)=O)cccc6[nH]5)cc4)n3)cc2nn1C,1,IC50,6.58,1,CHEMBL5424475
CN(c1ccc(Cl)cc1)c1ccnc(Nc2ccc(C(=O)Nc3nc4c(C(N)=O)cccc4[nH]3)cc2)n1,1,IC50,6.45,1,CHEMBL5421652
NC(=O)c1cccc2[nH]c(NC(=O)c3ccc(Nc4nccc(N5CCN(C(=O)c6ccccc6)CC5)n4)cc3)nc12,0,IC50 (>),5.0,1,CHEMBL5428981
Cc1c2ccc(N(C)c3ccnc(Nc4ccc(-c5nc6c(C(N)=O)cccc6[nH]5)cc4)n3)cc2nn1C,1,IC50,6.68,1,CHEMBL5417871
CN(c1ccc(Cl)cc1)c1ccnc(Nc2ccc(-c3nc4c(C(N)=O)cccc4[nH]3)cc2)n1,1,IC50,6.39,1,CHEMBL5437680
NC(=O)c1cccc2[nH]c(-c3ccc(Nc4nccc(N5CCN(C(=O)c6ccccc6)CC5)n4)cc3)nc12,0,IC50 (>),5.0,1,CHEMBL5403532
NC(=O)c1cccc2[nH]c(-c3ccc(Nc4nccc(N5CCN(c6ccc(C(F)(F)F)cn6)CC5)n4)cc3)nc12,0,IC50 (>),5.0,1,CHEMBL5427693
CS(=O)(=O)N1CCN(c2ccnc(Nc3ccc(-c4nc5c(C(N)=O)cccc5[nH]4)cc3)n2)CC1,0,IC50 (>),5.0,1,CHEMBL5432591
CN1CCN(C2CCN(c3ccnc(Nc4ccc(-c5nc6c(C(N)=O)cccc6[nH]5)cc4)n3)CC2)CC1,0,IC50 (>),5.0,1,CHEMBL5426926
CN(c1ccc(F)cc1)c1ccnc(Nc2ccc(-c3nc4c(C(N)=O)cccc4[nH]3)cc2)n1,0,IC50 (>),5.0,1,CHEMBL5409104
CC(C)c1ccc(N(C)c2ccnc(Nc3ccc(-c4nc5c(C(N)=O)cccc5[nH]4)cc3)n2)cc1,0,IC50 (>),5.0,1,CHEMBL5435200
CN(c1ccc(S(C)(=O)=O)cc1)c1ccnc(Nc2ccc(-c3nc4c(C(N)=O)cccc4[nH]3)cc2)n1,0,IC50 (>),5.0,1,CHEMBL5425005
CN(c1ccc(N2CCOCC2)cc1)c1ccnc(Nc2ccc(-c3nc4c(C(N)=O)cccc4[nH]3)cc2)n1,0,IC50 (>),5.0,1,CHEMBL5427401
CN(c1ccc(NC(=O)OC(C)(C)C)cc1)c1ccnc(Nc2ccc(-c3nc4c(C(N)=O)cccc4[nH]3)cc2)n1,0,IC50 (>),5.0,1,CHEMBL5396940
CN(c1ccc2ncccc2c1)c1ccnc(Nc2ccc(-c3nc4c(C(N)=O)cccc4[nH]3)cc2)n1,1,IC50,6.18,1,CHEMBL5431841
CN(c1ccnc(Nc2ccc(-c3nc4c(C(N)=O)cccc4[nH]3)cc2)n1)c1cc(C(C)(C)C)n(C)n1,0,IC50 (>),5.0,1,CHEMBL5397084
Cc1c2ccc(N(C)c3cc(C(F)(F)F)nc(Nc4ccc(C(=O)Nc5nc6c(C(N)=O)cccc6[nH]5)cc4)n3)cc2nn1C,0,IC50 (>),5.0,1,CHEMBL5433095
Cc1cnc(Nc2ccc(-c3nc4c(C(N)=O)cccc4[nH]3)cc2)nc1N(C)c1ccc2c(C)n(C)nc2c1,0,IC50 (>),5.0,1,CHEMBL5424406
Cc1cc(N(C)c2ccc3c(C)n(C)nc3c2)nc(Nc2ccc(-c3nc4c(C(N)=O)cccc4[nH]3)cc2)n1,0,IC50 (>),5.0,1,CHEMBL5398128
COc1cc(N(C)c2ccc3c(C)n(C)nc3c2)nc(Nc2ccc(-c3nc4c(C(N)=O)cccc4[nH]3)cc2)n1,0,IC50 (>),5.0,1,CHEMBL5416514
Cc1c2ccc(N(C)c3nc(Nc4ccc(-c5nc6c(C(N)=O)cccc6[nH]5)cc4)nc4ccsc34)cc2nn1C,0,IC50 (>),5.0,1,CHEMBL5403416
Cc1c2ccc(N(C)c3ccnc(Nc4ccc(-c5nc6c(C(N)=O)cccc6[nH]5)cc4F)n3)cc2nn1C,1,IC50,6.59,1,CHEMBL5413064
Cc1c2ccc(N(C)c3ccnc(Nc4ccc(-c5nc6c(C(N)=O)cccc6[nH]5)c(Cl)c4)n3)cc2nn1C,1,IC50,6.66,1,CHEMBL5404678
Cc1c2ccc(N(C)c3ccnc(Nc4ccc(-c5nc6c(C(N)=O)cccc6[nH]5)c(C(F)(F)F)c4)n3)cc2nn1C,1,IC50,6.57,1,CHEMBL5431329
Cc1c2ccc(N(C)c3ccnc(Nc4cc(F)c(-c5nc6c(C(N)=O)cccc6[nH]5)c(F)c4)n3)cc2nn1C,1,IC50,6.47,1,CHEMBL5437110
COc1cc(Nc2nccc(N(C)c3ccc4c(C)n(C)nc4c3)n2)ccc1-c1nc2c(C(N)=O)cccc2[nH]1,1,IC50,6.77,1,CHEMBL5393855
Cc1cc(Nc2nccc(N(C)c3ccc4c(C)n(C)nc4c3)n2)cnc1-c1nc2c(C(N)=O)cccc2[nH]1,1,IC50,6.63,1,CHEMBL5429533
Cc1c2ccc(N(C)c3ccnc(Nc4ccc(-c5ccc(-c6nc7c(C(N)=O)cccc7[nH]6)cc5)cc4)n3)cc2nn1C,1,IC50,6.51,1,CHEMBL5409257
Cc1c2ccc(N(C)c3ccnc(Nc4cc5cc(-c6nc7c(C(N)=O)cccc7[nH]6)ccc5s4)n3)cc2nn1C,1,IC50,6.44,1,CHEMBL5394860
Cc1c2ccc(N(C)c3ccnc(Nc4ccc(C(=O)Nc5nc6c(C(N)=O)cccc6[nH]5)cc4F)n3)cc2nn1C,1,IC50,6.37,1,CHEMBL5438488
Cc1c2ccc(N(C)c3ccnc(Nc4ccc(C(=O)Nc5nc6c(C(N)=O)cccc6[nH]5)c(Cl)c4)n3)cc2nn1C,1,IC50,6.49,1,CHEMBL5421786
Cc1c2ccc(N(C)c3ccnc(Nc4ccc(C(=O)Nc5nc6c(C(N)=O)cccc6[nH]5)c(C(F)(F)F)c4)n3)cc2nn1C,1,IC50,6.52,1,CHEMBL5397810
Cc1c2ccc(N(C)c3ccnc(Nc4cc(F)c(C(=O)Nc5nc6c(C(N)=O)cccc6[nH]5)c(F)c4)n3)cc2nn1C,1,IC50,6.44,1,CHEMBL5431101
Cc1c2ccc(N(C)c3ccnc(Nc4cccc(-c5nc6c(C(N)=O)cccc6[nH]5)c4)n3)cc2nn1C,1,IC50,6.73,1,CHEMBL5415928
Cc1ccc(Nc2nccc(N(C)c3ccc4c(C)n(C)nc4c3)n2)cc1-c1nc2c(C(N)=O)cccc2[nH]1,1,IC50,6.72,1,CHEMBL5437375
COc1ccc(-c2nc3c(C(N)=O)cccc3[nH]2)cc1Nc1nccc(N(C)c2ccc3c(C)n(C)nc3c2)n1,1,IC50,6.58,1,CHEMBL5407371
CN(c1ccnc(Nc2ccc(-c3nc4cc(F)c(F)cc4[nH]3)cc2)n1)c1cc(C(C)(C)C)n(C)n1,0,IC50 (>),5.0,1,CHEMBL5396037
CN(c1ccc(Cl)cc1)c1ccnc(Nc2ccc(-c3nc4cc(F)c(F)cc4[nH]3)cc2)n1,1,IC50,6.37,1,CHEMBL5422955
CC(C)c1ccc(N(C)c2ccnc(Nc3ccc(-c4nc5cc(F)c(F)cc5[nH]4)cc3)n2)cc1,1,IC50,6.3,1,CHEMBL5421873
Cc1c2ccc(N(C)c3ccnc(Nc4ccc(-c5nc6cc(F)c(F)cc6[nH]5)c(Cl)c4)n3)cc2nn1C,1,IC50,6.66,1,CHEMBL5410421
Cc1c2ccc(N(C)c3ccnc(Nc4ccc(-c5nc6cc(F)c(F)cc6[nH]5)c(C(F)(F)F)c4)n3)cc2nn1C,1,IC50,6.7,1,CHEMBL5420171
COc1cc(Nc2nccc(N(C)c3ccc4c(C)n(C)nc4c3)n2)ccc1-c1nc2cc(F)c(F)cc2[nH]1,1,IC50,6.78,1,CHEMBL5411021
Cc1c2ccc(N(C)c3ccnc(Nc4cccc(-c5nc6cc(F)c(F)cc6[nH]5)c4)n3)cc2nn1C,1,IC50,6.72,1,CHEMBL5398663
Cc1ccc(Nc2nccc(N(C)c3ccc4c(C)n(C)nc4c3)n2)cc1-c1nc2cc(F)c(F)cc2[nH]1,1,IC50,6.86,1,CHEMBL5393840
COc1ccc(-c2nc3cc(F)c(F)cc3[nH]2)cc1Nc1nccc(N(C)c2ccc3c(C)n(C)nc3c2)n1,1,IC50,6.7,1,CHEMBL5420282
CN(c1ccc(N2CCOCC2)c(F)c1)c1ccnc(Nc2ccc(C(=O)Nc3nc4ccccc4[nH]3)cc2)n1,1,IC50,6.14,1,CHEMBL5435323
CN(c1ccnc(Nc2ccc(-c3nc4ccccc4[nH]3)cc2)n1)c1cc(C(C)(C)C)n(C)n1,1,IC50,6.03,1,CHEMBL5418454
Cc1c2ccc(N(C)c3ccnc(Nc4ccc(-c5nc6ccccc6[nH]5)c(Cl)c4)n3)cc2nn1C,1,IC50,6.73,1,CHEMBL5433516
Cc1c2ccc(N(C)c3ccnc(Nc4ccc(-c5nc6ccccc6[nH]5)c(C(F)(F)F)c4)n3)cc2nn1C,1,IC50,6.67,1,CHEMBL5397011
Cc1c2ccc(N(C)c3ccnc(Nc4cccc(-c5nc6ccccc6[nH]5)c4)n3)cc2nn1C,1,IC50,6.95,1,CHEMBL5418803
Cc1ccc(Nc2nccc(N(C)c3ccc4c(C)n(C)nc4c3)n2)cc1-c1nc2ccccc2[nH]1,1,IC50,6.77,1,CHEMBL5433132
COc1ccc(-c2nc3ccccc3[nH]2)cc1Nc1nccc(N(C)c2ccc3c(C)n(C)nc3c2)n1,1,IC50,6.61,1,CHEMBL5429943
COc1cc2c(Oc3ccc(NC(=O)NC4CC4)c(Cl)c3)ncnc2cc1OCCCN1CCCC1,1,IC50,8.54,1,CHEMBL5406253
COc1cc2c(Oc3ccc(NC(=O)NC4CCC4)c(Cl)c3)ncnc2cc1OCCCN1CCCC1,1,IC50,8.56,1,CHEMBL5414550
COc1cc2c(Oc3ccc(NC(=O)NC4CCCC4)c(Cl)c3)ncnc2cc1OCCCN1CCCC1,1,IC50,8.09,1,CHEMBL5438648
COc1cc2c(Oc3ccc(NC(=O)NC4CCCCC4)c(Cl)c3)ncnc2cc1OCCCN1CCCC1,1,IC50,7.85,1,CHEMBL5424340
CCCCNC(=O)Nc1ccc(Oc2ncnc3cc(OCCCN4CCCC4)c(OC)cc23)cc1Cl,1,IC50,8.58,1,CHEMBL5436823
COc1cc2c(Oc3ccc(NC(=O)NC(C)(C)C)c(Cl)c3)ncnc2cc1OCCCN1CCCC1,1,IC50,6.79,1,CHEMBL5438351
COc1cc2c(Oc3ccc(NC(=O)NCc4ccncc4)c(Cl)c3)ncnc2cc1OCCCN1CCCC1,1,IC50,7.38,1,CHEMBL5394767
COc1cc2c(Oc3ccc(NC(=O)Nc4ccncc4)c(Cl)c3)ncnc2cc1OCCCN1CCCC1,1,IC50,8.21,1,CHEMBL5405595
COc1cc2c(Oc3ccc(NC(=O)NCc4ccccc4)c(Cl)c3)ncnc2cc1OCCCN1CCCC1,1,IC50,8.94,1,CHEMBL5408069
COc1cc2c(Oc3ccc(NC(=O)Nc4ccc(C(F)(F)F)cc4)c(Cl)c3)ncnc2cc1OCCCN1CCCC1,1,IC50,9.96,1,CHEMBL5411585
COc1cc2c(Oc3ccc(NC(=O)Nc4ccc(C)cc4)c(Cl)c3)ncnc2cc1OCCCN1CCCC1,1,IC50,9.59,1,CHEMBL5410264
COc1cc2c(Oc3ccc(NC(=O)Nc4ccc(-c5ccccc5)cc4)c(Cl)c3)ncnc2cc1OCCCN1CCCC1,1,IC50,9.44,1,CHEMBL5400860
COc1ccc(NC(=O)Nc2ccc(Oc3ncnc4cc(OCCCN5CCCC5)c(OC)cc34)cc2Cl)c(OC)c1,1,IC50,9.23,1,CHEMBL5411025
COc1cc2c(Oc3ccc(NC(=O)NCc4ccc(F)cc4)c(Cl)c3)ncnc2cc1OCCCN1CCCC1,1,IC50,8.82,1,CHEMBL5433332
COc1cc2c(Oc3ccc(NC(=O)Nc4cccc(F)c4)c(Cl)c3)ncnc2cc1OCCCN1CCCC1,1,IC50,9.26,1,CHEMBL5412761
COc1cc2c(Oc3ccc(NC(=O)Nc4cc(C)ccc4F)c(Cl)c3)ncnc2cc1OCCCN1CCCC1,1,IC50,9.18,1,CHEMBL5393865
COc1cc2c(Oc3ccc(NC(=O)Nc4ccc(C)c(F)c4)c(Cl)c3)ncnc2cc1OCCCN1CCCC1,1,IC50,9.72,1,CHEMBL5403470
COc1cc2c(Oc3ccc(NC(=O)Nc4ccccc4F)c(Cl)c3)ncnc2cc1OCCCN1CCCC1,1,IC50,9.15,1,CHEMBL5396911
COc1cc2c(Oc3ccc(NC(=O)Nc4ccc(Br)cc4F)c(Cl)c3)ncnc2cc1OCCCN1CCCC1,1,IC50,9.13,1,CHEMBL5405000
COc1cc2c(Oc3ccc(NC(=O)Nc4ccc(Cl)c(C(F)(F)F)c4)c(Cl)c3)ncnc2cc1OCCCN1CCCC1,1,IC50,8.32,1,CHEMBL5401089
COc1cc2c(Oc3ccc(NC(=O)NCc4ccc(C#N)cc4)c(Cl)c3)ncnc2cc1OCCCN1CCCC1,1,IC50,7.38,1,CHEMBL5395547
COc1cc2c(Oc3ccc(NC(=O)Nc4cccc(C(F)(F)F)c4)c(Cl)c3)ncnc2cc1OCCCN1CCCC1,1,IC50,9.15,1,CHEMBL5394759
COc1cc2c(Oc3ccc(NC(=O)Nc4ccc(OC(F)(F)F)cc4)c(Cl)c3)ncnc2cc1OCCCN1CCCC1,1,IC50,9.29,1,CHEMBL5407330
COc1cc2c(Oc3ccc(NC(=O)Nc4cccc(OC(F)(F)F)c4)c(Cl)c3)ncnc2cc1OCCCN1CCCC1,1,IC50,8.73,1,CHEMBL5432573
COc1cc2c(Oc3ccc(NC(=O)Nc4cnn(C(C)C)c4)c(Cl)c3)ncnc2cc1OCCCN1CCCC1,1,IC50,9.12,1,CHEMBL5412144
COc1cc2c(Oc3ccc(NC(=O)Nc4ccc5c(ccn5C)c4)c(Cl)c3)ncnc2cc1OCCCN1CCCC1,1,IC50,9.17,1,CHEMBL5410108
COc1cc2c(Oc3ccc(NC(=O)Nc4ccc5occc5c4)c(Cl)c3)ncnc2cc1OCCCN1CCCC1,1,IC50,9.47,1,CHEMBL5403747
COc1cc2c(Oc3ccc(NC(=O)Nc4cc(C)on4)c(Cl)c3)ncnc2cc1OCCCN1CCCC1,1,IC50,9.29,1,CHEMBL5438830
COc1cc2c(Oc3ccc(NC(=O)Nc4cccc5c4oc4ccccc45)c(Cl)c3)ncnc2cc1OCCCN1CCCC1,1,IC50,8.95,1,CHEMBL5426431
COc1cc2c(Oc3ccc(NC(=O)Nc4ccnn4C)c(Cl)c3)ncnc2cc1OCCCN1CCCC1,1,IC50,7.55,1,CHEMBL5397253
COc1cc2c(Oc3ccc(NC(=O)Nc4cnn(C)c4)c(Cl)c3)ncnc2cc1OCCCN1CCCC1,1,IC50,8.53,1,CHEMBL5406841
COc1cc2c(Oc3ccc(NC(=O)Nc4ccnn4C4CCCC4)c(Cl)c3)ncnc2cc1OCCCN1CCCC1,1,IC50,9.49,1,CHEMBL5425976
COc1cc2c(Oc3ccc(NC(=O)Nc4cnn(C5CCCC5)c4)c(Cl)c3)ncnc2cc1OCCCN1CCCC1,1,IC50,9.59,1,CHEMBL5421802
COc1cc2c(Oc3ccc(NC(=O)Nc4cnn(C(C)C)c4)c(Cl)c3)ncnc2cc1OCCN1CCCC1,1,IC50,9.03,1,CHEMBL5414216
COc1cc2c(Oc3ccc(NC(=O)Nc4ccc(F)cc4)c(F)c3)ncnc2cc1OCCCN1CCCC1,1,IC50,8.41,1,CHEMBL5419881
COc1cc2c(Oc3ccc(NC(=O)Nc4ccccc4)c(F)c3)ncnc2cc1OCCCN1CCCC1,1,IC50,8.71,1,CHEMBL5424131
COc1cc2c(Oc3ccc(NC(=O)Nc4cnn(C(C)C)c4)c(F)c3)ncnc2cc1OCCCN1CCCC1,1,IC50,9.29,1,CHEMBL5421149
COc1cc2c(Oc3ccc(NC(=O)Nc4ccc(C(F)(F)F)cc4)c(F)c3)ncnc2cc1OCCCN1CCCC1,1,IC50,8.61,1,CHEMBL5409075
COc1cc2c(Oc3ccc(NC(=O)Nc4cnn(C(C)C)c4)c(F)c3)ncnc2cc1OCc1ccccc1,1,IC50,8.48,1,CHEMBL5401823
Cc1cc(Nc2ncc(C)c(-c3cnn(CCC#N)c3)n2)sn1,1,IC50,7.39,1,CHEMBL5423027
Cc1cc(Nc2ncc(C)c(N3CCC(CC#N)CC3)n2)sn1,1,IC50,7.37,1,CHEMBL5434965
Cc1cc(Nc2ncc(C)c(N3CCN(CC#N)CC3)n2)sn1,1,IC50,7.39,1,CHEMBL5402554
Cc1cc(Nc2ncc(C)c(N3CCN(CC#N)C(C)C3)n2)sn1,1,IC50,7.26,1,CHEMBL5429675
Cc1cc(Nc2ncc(C)c(N3CCN(CC#N)[C@@H](C)C3)n2)sn1,1,IC50,7.52,1,CHEMBL5415481
Cc1cc(Nc2ncc(C)c(N3CC4CCC(C3)N4CC#N)n2)sn1,1,IC50,6.66,1,CHEMBL5402797
Cc1cc(Nc2ncc(C)c(N3CC4CCC(C3)N4CCC#N)n2)sn1,1,IC50,7.02,1,CHEMBL5405344
Cc1cc(Nc2ncc(C)c(N3CC4CCCC(C3)N4CCC#N)n2)sn1,1,IC50,6.96,1,CHEMBL5404765
Cc1cnc(Nc2cnn(C)c2)nc1N1CC2CCCC(C1)N2CCC#N,1,IC50,6.03,1,CHEMBL5412619
Cc1cc(Nc2ncc(C)c(N3CC(CCC#N)C3)n2)sn1,1,IC50,6.92,1,CHEMBL5432284
Cc1cc(Nc2ncc(C)c(N3CC(CC#N)C3)n2)sn1,1,IC50,6.57,1,CHEMBL5417435
Cc1cc(Nc2ncc(C)c(N3CC(C4CC4)C3)n2)sn1,1,IC50,7.23,1,CHEMBL5403288
Cc1cc(Nc2ncc(C)c(N3CC(O)(C4CC4)C3)n2)sn1,1,IC50,7.51,1,CHEMBL5434489
Cc1cnc(Nc2cnn(C)c2)nc1-c1cnn([C@H](CC#N)C2CCCC2)c1,1,IC50,6.5,1,CHEMBL5395308
CC1=NNC2OC(NS(=O)(=O)c3ccc(C)cc3)=C(C#N)C(c3ccccc3Br)C12,1,IC50,6.66,1,CHEMBL5416040
CC(C)(C)c1cc(NC(=O)Nc2ccc(-c3cc(-c4ccc(OCCN5CCOCC5)cc4)[nH]n3)cc2)no1,1,IC50,6.48,1,CHEMBL5407834
CC(C)(c1cc(NC(=O)Nc2ccc(-c3cc(-c4ccc(OCCN5CCOCC5)cc4)[nH]n3)cc2)no1)C(F)(F)F,1,IC50,6.42,1,CHEMBL5407194
COc1cc(-c2nc(C(=O)Nc3ccccc3)nn2-c2ccc(F)c(Cl)c2)cc(OC)c1OC,1,IC50,7.7,1,CHEMBL4469552
NS(=O)(=O)c1ccccc1NC(=O)Nc1nc(-c2ccccc2)n(-c2ccc(Cl)cc2)n1,1,IC50,6.57,1,CHEMBL5433629
COc1ccc(-n2nc(NC(=O)Nc3cccc(S(N)(=O)=O)c3)nc2-c2ccccc2)cc1,1,IC50,6.74,1,CHEMBL5408930
Cc1ccc(NC(=O)Nc2nc(-c3ccccc3)n(-c3cccc(Cl)c3)n2)cc1S(N)(=O)=O,1,IC50,7.02,1,CHEMBL5435567
Cc1ccc(NC(=O)Nc2nc(-c3ccccc3)n(-c3ccc(Cl)cc3)n2)cc1S(N)(=O)=O,1,IC50,6.27,1,CHEMBL5416544
COc1ccc(-n2nc(NC(=O)Nc3ccc(C)c(S(N)(=O)=O)c3)nc2-c2ccccc2)cc1,1,IC50,6.14,1,CHEMBL5418551
NS(=O)(=O)c1ccc(NC(=O)Nc2nc(-c3ccccc3)n(-c3ccc(F)cc3)n2)cc1,1,IC50,7.58,1,CHEMBL5432289
NS(=O)(=O)c1ccc(NC(=O)Nc2nc(-c3ccccc3)n(-c3ccc(Cl)cc3)n2)cc1,1,IC50,6.5,1,CHEMBL5405733
Cc1nc(Nc2ccc(NC(=O)Nc3cccc(F)c3)cc2)c2nc(-c3ccccc3)sc2n1,0,IC50,4.14,1,CHEMBL5422319
Cc1nc2c(cnn2-c2ccccc2)c(=O)n1-c1ccc(NC(=O)c2ccccc2)cc1,1,IC50,6.75,1,CHEMBL5437776
Cc1nc2c(cnn2-c2ccccc2)c(=O)n1-c1ccc(NC(=O)c2ccc(F)cc2)cc1,1,IC50,7.2,1,CHEMBL5417518
Cc1nc2c(cnn2-c2ccccc2)c(=O)n1-c1ccc(NC(=O)c2ccc(Cl)cc2)cc1,1,IC50,6.7,1,CHEMBL5399134
Cc1ccc(C(=O)Nc2ccc(-n3c(C)nc4c(cnn4-c4ccccc4)c3=O)cc2)cc1,1,IC50,6.58,1,CHEMBL5411622
CCN(CC)CCNC(=O)c1c(C)[nH]c(/C=C2\CNc3ccc(F)cc32)c1C,1,IC50,7.0,1,CHEMBL5405436
Cc1nc2c(c(C)c1O)/C(=C/c1ccc3ccccc3n1)C(=O)N2,0,IC50 (>),5.0,1,CHEMBL5409736
Cc1c2cc(cc1C(=O)Nc1cc(CN3CCN(C)CC3)cc(C3CC3)c1)OCCCCCCCNC(=O)c1ccc3ncc(n3n1)C#C2,1,IC50,7.13,1,CHEMBL5423601
COc1ccc(/C=C\c2cc(OC)c(OC)c(OC)c2)cc1NC(=O)CCC(=O)N[C@@H](CCCNC(=N)N)C(=O)O,0,IC50 (>),5.0,1,CHEMBL5440517
NC(=O)CCn1cc(-c2ccc3ncnc(Nc4cc(O)c(F)cc4F)c3c2)nn1,1,IC50,8.15,3,CHEMBL5418423
NC(=O)CCn1cc(-c2ccc3ncnc(Nc4cc(O)ccc4F)c3c2)nn1,1,IC50,7.92,1,CHEMBL5399297
NC(=O)CCn1cc(-c2ccc3ncnc(Nc4ccc(F)c(O)c4)c3c2)nn1,1,IC50,7.19,1,CHEMBL5422526
Cc1ccc(C)c(NC(=O)CSc2nc3ccccc3c(=O)n2-c2ccc(S(N)(=O)=O)cc2)c1,1,IC50,6.32,1,CHEMBL5403714
COc1cccc(CNC(=O)CSc2nc3ccccc3c(=O)n2-c2ccc(S(N)(=O)=O)cc2)c1OC,1,IC50,6.62,2,CHEMBL5430859
Cc1nc2ccccc2n(CC(=O)Nc2ccc(C(=O)NC(C)(C)C)cc2)c1=O,1,IC50,8.49,1,CHEMBL5409221
N#Cc1c(-c2ccc([N+](=O)[O-])cc2)cc(-c2ccc3ccccc3c2)nc1NN,1,IC50,9.47,1,CHEMBL5402284
N#Cc1c(-c2ccc(Cl)cc2)cc(-c2ccc3ccccc3c2)nc1NN,1,IC50,9.6,1,CHEMBL5427972
COc1cc(-c2cc(-c3ccc4ccccc4c3)nc(NN)c2C#N)ccc1O,1,IC50,9.72,2,CHEMBL5399711
CC(=O)c1ccc(NC(=O)CSC2=NC(=O)C(C#N)C(c3ccccc3)N2)cc1,1,IC50,6.41,1,CHEMBL5396774
COc1cc(C2NC(SCC(=O)Nc3ccc(C(C)=O)cc3)=NC(=O)C2C#N)cc(OC)c1OC,1,IC50,6.7,1,CHEMBL5400653
O=C(/C=C/c1cccc(F)c1)c1ccc(N2CCNCC2)cc1,1,IC50,6.1,1,CHEMBL5435452
COc1cc(/C=C/C(=O)c2ccc(N3CCNCC3)cc2)ccc1F,1,IC50,6.24,1,CHEMBL5420884
N#CCc1nnc(NC(=O)c2ccco2)s1,1,IC50,8.13,1,CHEMBL5434432
N#C/C(=C\c1cccs1)c1nnc(NC(=O)c2ccco2)s1,1,IC50,8.12,1,CHEMBL5434411
O=C(CN1C(=O)S/C(=C/c2ccccc2)C1=O)Nc1ccc(C(=O)NCc2ccccc2)cc1,1,IC50,6.55,1,CHEMBL5421530
Cc1ccc(NC(=O)c2ccc(NC(=O)CN3C(=O)S/C(=C/c4ccccc4)C3=O)cc2)cc1,1,IC50,6.6,1,CHEMBL5395478
CCc1ccc(NC(=O)c2ccc(NC(=O)CN3C(=O)S/C(=C/c4ccccc4)C3=O)cc2)cc1,1,IC50,6.66,1,CHEMBL5421769
O=C(CN1C(=O)S/C(=C/c2ccco2)C1=O)Nc1ccc(C(=O)O)cc1,1,IC50,7.1,1,CHEMBL5407236
O=C(CN1C(=O)S/C(=C/c2cccs2)C1=O)Nc1ccc(C(=O)O)cc1,1,IC50,7.08,1,CHEMBL5419219
COc1ccc(NC(=O)CN2C(=O)S/C(=C/c3cccs3)C2=O)cc1,1,IC50,7.02,1,CHEMBL5438926
CN(C)c1ccc(/C=N/NC(=O)c2cc3cc(Br)ccc3[nH]2)cc1,1,IC50,6.99,1,CHEMBL5427270
O=C(CN1C(=O)S/C(=C2\Nc3ccccc3C2=O)C1=O)Nc1ccccc1,1,IC50,7.16,1,CHEMBL5410978
COc1ccc(NC(=O)CN2C(=O)S/C(=C3\Nc4ccccc4C3=O)C2=O)cc1,1,IC50,7.07,1,CHEMBL5419779
O=C1Nc2ccccc2/C1=N\c1ccc(C(=O)NNC(=S)Nc2ccccc2)cc1,1,IC50,7.11,1,CHEMBL5438045
COc1cc(/C=C2\CCCn3c2nc2c(cnn2C)c3=O)cc(OC)c1OC,1,IC50,7.88,1,CHEMBL5396154
COc1cc2ncnc(Oc3ccc(NC(=O)C4(C(=O)Nc5ccc(F)cc5)CC4)cc3F)c2c2c1OCCO2,1,IC50,8.46,1,CHEMBL5434391
COC(C)Oc1cc2ncnc(Oc3ccc(NC(=O)C4(C(=O)Nc5ccc(F)cc5)CC4)cc3)c2c2c1OCCO2,1,IC50,8.06,1,CHEMBL5426655
COC(C)Oc1cc2ncnc(Oc3ccc(NC(=O)C4(C(=O)Nc5ccc(F)cc5)CC4)cc3F)c2c2c1OCCO2,1,IC50,8.44,1,CHEMBL5434570
CCOc1ccc(Nc2nnc3c4c(cccc24)NC(=S)N3Cc2ccccc2)cc1,1,IC50,7.52,2,CHEMBL5397322
Fc1ccc(Nc2nnc3c4c(cccc24)NC(=S)N3Cc2ccccc2)cc1,1,IC50,6.68,1,CHEMBL5433642
O=[N+]([O-])c1cccc(-c2nn(-c3ccccc3)cc2C2CC(C3CCCO3)=NN2c2ccccc2)c1,1,IC50,6.04,1,CHEMBL5423804
CC(=O)N1N=C(C2CCCO2)CC1c1cn(-c2ccccc2)nc1-c1cccc([N+](=O)[O-])c1,1,IC50,6.66,1,CHEMBL5395396
CC1=NN(c2ccc([N+](=O)[O-])cc2[N+](=O)[O-])C(=O)/C1=C\c1cn(-c2ccccc2)nc1-c1cccc([N+](=O)[O-])c1,1,IC50,6.09,2,CHEMBL5428581
Cc1ccc2[nH]c(=S)n(-c3ccc(S(=O)(=O)Nc4ccc(Cl)nn4)cc3)c(=O)c2c1,1,IC50,6.62,1,CHEMBL5415189
O=c1c2cc(Cl)cc(Cl)c2[nH]c(=S)n1-c1ccc(S(=O)(=O)Nc2ccc(Cl)nn2)cc1,1,IC50,6.27,1,CHEMBL5399404
O=C(CSc1nc2ccccc2c(=O)n1-c1ccc(S(=O)(=O)Nc2ccc(Cl)nn2)cc1)NCCc1ccccc1,1,IC50,6.84,1,CHEMBL5404512
O=C(CSc1nc2ccccc2c(=O)n1-c1ccc(S(=O)(=O)Nc2ccc(Cl)nn2)cc1)Nc1ccccc1,1,IC50,6.36,1,CHEMBL5402749
CCCCn1c(SCC(=O)Nc2ccc(S(=O)(=O)Nc3ccc(Cl)nn3)cc2)nc2ccccc2c1=O,1,IC50,6.97,1,CHEMBL5395205
O=C(CSc1nc2ccccc2c(=O)n1CCc1ccccc1)Nc1ccc(S(=O)(=O)Nc2ccc(Cl)nn2)cc1,1,IC50,7.18,1,CHEMBL5398753
O=C(CSc1nc2ccccc2c(=O)n1-c1ccccc1)Nc1ccc(S(=O)(=O)Nc2ccc(Cl)nn2)cc1,1,IC50,6.34,1,CHEMBL5396585
CN1CCN(Cc2ccc(NC(=O)[C@@H]3CCN(c4ccc5ncc(-c6ccccn6)n5n4)C3)cc2C(F)(F)F)CC1,1,IC50,7.15,1,CHEMBL5421783
O=C(Nc1cc(C(F)(F)F)ccc1N1CCCCC1)c1ccncc1,1,IC50,6.02,1,CHEMBL4064277
CCc1cccc(CC)c1NC(=O)c1nn(C)c2c1CCc1cnc(Nc3ccc(C(=O)NC4CCN(C)CC4)cc3OC(F)(F)F)nc1-2,0,IC50 (>),5.0,2,CHEMBL1236095
Cc1cc([C@@H](C)Nc2ccccc2C(=O)O)c2nc(N3CCOCC3)cc(=O)n2c1,0,IC50 (>),3.93,2,CHEMBL2165191
CCC(=O)N1CC[C@H](Nc2ncnc3c2CN(c2cnc(OC)c(C(F)(F)F)c2)CC3)C1,0,IC50 (>),5.0,1,CHEMBL3643413
Cn1cc(Nc2nccc(N3CC4CCC(C3)N4C(=O)[C@@H]3CC3(F)F)n2)cn1,0,IC50 (>),4.52,1,CHEMBL5303356
C/C(=N\NC(=S)Nc1ccccc1)c1nnn(-c2ccc(F)cc2)c1C,1,IC50,7.17,1,CHEMBL5505791
Cc1ccc2oc(CCCC(=O)Nc3ccc(S(=O)(=O)NC(=O)NC4CCCCC4)cc3)nc2c1,1,IC50,7.16,1,CHEMBL5559400
COc1ccc(-c2cc(-c3ccc(C)cc3)nc(NN)n2)cc1,1,IC50,7.01,1,CHEMBL5512476
Cc1c2ccc(Nc3ccnc(Nc4ccc(NC(=O)CCCCCCC(=O)NO)cc4)n3)cc2nn1C,1,IC50,7.8,1,CHEMBL5517643
Cc1c2ccc(Nc3ccnc(Nc4ccc(OCCCCCCC(=O)NO)cc4)n3)cc2nn1C,1,IC50,7.5,1,CHEMBL5542272
CCCNNC(=O)c1ccc(Nc2nccc(N(C)c3ccc4c(C)n(C)nc4c3)n2)cc1,1,IC50,7.6,2,CHEMBL5556008
O=C(CSc1nc2sc3c(c2c(=O)n1-c1ccc(Cl)cc1)CCCC3)NNC(=O)Nc1cccc(C(F)(F)F)c1,1,IC50,6.96,1,CHEMBL5557132
O=C(CSc1nc2sc3c(c2c(=O)n1-c1ccc(Cl)cc1)CCCC3)NNC(=O)Nc1ccc(Cl)c(C(F)(F)F)c1,1,IC50,7.31,1,CHEMBL5518141
COCCOc1cc2ncnc(Nc3ccc(NC(=O)CC(=O)Nc4ccc(F)cc4)cc3F)c2c2c1OCCO2,1,IC50,8.32,1,CHEMBL5549937
O=C(Nc1ccc(Oc2ccnc(C(=O)NCCCCNC(=O)C3CC4C=CC3C4)c2)cc1)Nc1ccc(Cl)c(C(F)(F)F)c1,1,IC50,6.64,1,CHEMBL5558244
C/C(=N\NC(=O)c1ccccc1O)c1ccc(NC(=O)CSc2nc3ccccc3c(=O)n2-c2ccccc2)cc1,1,IC50,6.47,1,CHEMBL5559205
O=C(c1ccccc1)n1cc(-c2nc3cc(Cl)ccc3[nH]c2=O)c(=O)[nH]1,1,IC50,6.84,1,CHEMBL5558108
O=C(N/N=C/c1ccc(Cl)cc1)c1ccc(Nc2ncnc3sc4c(c23)CCCC4)cc1,1,IC50,6.64,1,CHEMBL5408391
COc1ccc(-c2cc3c(ccn4nc(-c5cccnc5)nc34)o2)cc1,0,IC50,4.41,2,CHEMBL5523619
COc1ccc(-c2nc3c4cc(-c5ccc(OC)cc5)oc4ccn3n2)cc1,0,IC50,4.24,2,CHEMBL5555496
O=C1C(=O)N(CN2CCN(c3cc(=O)[nH]c4ccc(F)cc34)CC2)c2ccccc21,1,IC50,7.2,1,CHEMBL5517628
O=C(CN1CCN(c2cc(=O)[nH]c3c(-c4ccccc4)cccc23)CC1)Nc1ccc(F)cc1,1,IC50,7.41,1,CHEMBL5542537
Cc1[nH]c2ncnc(Nc3ccc(NC(=O)Nc4cccc(C(F)(F)F)c4)c(F)c3)c2c1C,1,IC50,7.28,1,CHEMBL5555546
CN(C)c1ccc(C2CC(c3c(O)c4ccccc4oc3=O)=NN2c2nc(-c3ccccc3)c(/N=N/c3ccc(Cl)cc3)s2)cc1,1,IC50,7.47,2,CHEMBL4532350
Cc1ccc(/C=N/n2c(-c3cc4ccccc4[nH]3)n[nH]c2=S)cc1,1,IC50,7.47,2,CHEMBL5523631
COc1ccc(/C=N/n2c(-c3cc4ccccc4[nH]3)n[nH]c2=S)cc1,1,IC50,7.19,2,CHEMBL5557065
CNC(=O)c1nc(Nc2ccc(NC(=O)Nc3cccc(C)c3)cc2)c2ccccc2n1,1,IC50,7.92,1,CHEMBL5523510
CNC(=O)c1nc(Nc2ccc(NC(=O)Nc3cccc(OC)c3)cc2)c2ccccc2n1,0,IC50,4.39,1,CHEMBL5517714
CCOC(=O)c1ccc(NC(=O)c2ccc(NC(=O)CN3C(=O)S/C(=C\c4ccccc4)C3=O)cc2)cc1,1,IC50,6.66,1,CHEMBL5532070
Cc1cc(C)nc(NS(=O)(=O)c2ccc(/N=N/c3ccc(C4=NCC(=O)N(C)c5ccc(Cl)cc54)cc3)cc2)n1,1,IC50,10.0,1,CHEMBL5557999
Cc1cc(NS(=O)(=O)c2ccc(NN=C3C(=O)NNC3=O)cc2)no1,1,IC50,6.82,1,CHEMBL5542951
Cc1cc(C)nc(NS(=O)(=O)c2ccc(NN=C3C(=O)NNC3=O)cc2)n1,1,IC50,6.85,1,CHEMBL5512446
CCOC(=O)/C(=N\Nc1ccc(S(=O)(=O)Nc2nc(C)cc(C)n2)cc1)C(=O)NNc1ccccc1,1,IC50,6.82,1,CHEMBL5523643
CCOC(=O)c1sc(N2N=C(c3ccc(Cl)cc3Cl)CC2c2ccc(OC)cc2)nc1C,1,IC50,7.11,1,CHEMBL5523623
COc1ccc(C2CC(c3ccc(Cl)cc3Cl)=NN2c2nc(C)c(C(=O)Nc3ccccc3)s2)cc1OC,1,IC50,7.37,1,CHEMBL5517879
CN1CCC2=C1C1C(=O)NC(c3ccccc3)=NC1S2,1,IC50,6.9,1,CHEMBL5558384
CCOC(=O)c1c(NC(=S)Nc2cc(C)ccc2Cl)sc2c1N(C)CC2,1,IC50,7.12,1,CHEMBL5559432
CCOc1cccc2cc(/C(C)=N/Nc3nc(-c4ccccc4)cs3)c(=O)oc12,1,IC50,7.16,1,CHEMBL5542165
CCOc1cccc2cc(/C(C)=N/Nc3nc(-c4ccc(OC)cc4)cs3)c(=O)oc12,1,IC50,7.46,1,CHEMBL5523449
CCOc1cccc2cc(/C(C)=N/Nc3nc(-c4ccc(F)cc4)cs3)c(=O)oc12,1,IC50,7.49,1,CHEMBL5567975
C/C(=N\NC(=S)Nc1ccc(Br)cc1)c1cc2ccccc2oc1=O,1,IC50,7.09,1,CHEMBL5558406
CNC(=O)c1c(C)oc2cc(Oc3ncnc4cc(OC)c(OC)cc34)ccc12,1,IC50,9.46,3,CHEMBL4303214
CC(=O)/C(=N\Nc1ccccc1)Sc1nnc(-c2cc3ccccc3[nH]2)n1/N=C/c1ccc(C)cc1,1,IC50,7.12,1,CHEMBL5559701
CCOC(=O)/C(=N\Nc1ccccc1)Sc1nnc(-c2cc3ccccc3[nH]2)n1/N=C/c1ccc(OC)cc1,1,IC50,7.11,1,CHEMBL5560573
COC(=O)C(CCSC)NC(=O)CCNC(=O)c1cc2ccccc2oc1=O,0,IC50,4.63,1,CHEMBL5560935
COC(=O)C(Cc1ccc(O)cc1)NC(=O)c1cc2ccccc2oc1=O,0,IC50,4.47,1,CHEMBL5560830
CC1SC(N2N=C(c3cc4ccccc4oc3=O)CC2c2ccc(N(C)C)cc2)=NC1=O,1,IC50,7.47,1,CHEMBL5395551
Cc1nc(N2N=C(c3cc4ccccc4oc3=O)CC2c2ccc(N(C)C)cc2)sc1/N=N/c1ccc(Cl)cc1,1,IC50,7.47,1,CHEMBL5419378
C=c1[nH]c2ccc(Br)cc2/c1=C/c1cc2c([nH]1)CN(CCN(CC)CC)C2=O,0,IC50,4.6,1,CHEMBL5560502
Cc1cc(NS(=O)(=O)c2ccc(N3C(=O)/C(=C/c4c[nH]c5ccccc45)N=C3c3ccccc3)cc2)no1,1,IC50,7.16,1,CHEMBL5565160
CCOC(=O)c1c(C)oc2ncnc(Oc3ccc(NC(=O)Nc4ccc(C)c(Cl)c4)cc3)c12,1,IC50,6.91,2,CHEMBL5571237
N=c1c2cc(-c3ccccc3)oc2ncn1/N=C/c1ccc(Br)cc1,1,IC50,7.38,2,CHEMBL5574586
CN(C)c1ccc(/C=C2\N=C(c3ccccc3)N(c3ccc(S(N)(=O)=O)cc3)C2=O)cc1,1,IC50,6.7,1,CHEMBL5565371
Cc1cc(NS(=O)(=O)c2ccc(N3C(=O)/C(=C/c4ccc(N(C)C)cc4)N=C3c3ccccc3)cc2)no1,1,IC50,6.85,1,CHEMBL5575859
CN(C)c1ccc(/C=C2\N=C(c3ccc(Cl)cc3)N(c3ccc(S(N)(=O)=O)cc3)C2=O)cc1,1,IC50,7.0,1,CHEMBL5591687
CN(C)c1ccc(/C=C2\N=C(c3ccc(Cl)cc3)N(c3ccc(S(=O)(=O)NC(=N)N)cc3)C2=O)cc1,1,IC50,6.8,1,CHEMBL5572888
Cc1cc(NS(=O)(=O)c2ccc(N3C(=O)/C(=C/c4ccc(N(C)C)cc4)N=C3c3ccc(Cl)cc3)cc2)no1,1,IC50,6.96,1,CHEMBL5570858
CN(C)c1ccc(/C=C2\N=C(c3ccc(Cl)cc3)N(c3ccc(S(=O)(=O)Nc4nccs4)cc3)C2=O)cc1,1,IC50,7.0,1,CHEMBL5573432
CN(C)c1ccc(/C=C2\N=C(c3ccc(Cl)cc3)N(c3ccc(S(=O)(=O)Nc4ncccn4)cc3)C2=O)cc1,1,IC50,7.16,1,CHEMBL5564083
CN(C)c1ccc(/C=C2\N=C(c3ccccc3)N(c3ccc(C(=O)OCC(=O)Nc4ccc(S(N)(=O)=O)cc4)cc3)C2=O)cc1,1,IC50,7.7,1,CHEMBL5572334
CN(C)c1ccc(/C=C2\N=C(c3ccc(Cl)cc3)N(c3ccc(C(=O)OCC(=O)Nc4ccc(S(N)(=O)=O)cc4)cc3)C2=O)cc1,1,IC50,6.44,1,CHEMBL5573640
CN(C)c1ccc(/C=C2\N=C(c3ccc(Cl)cc3)N(c3ccc(C(=O)OCC(=O)Nc4ccc(S(=O)(=O)Nc5nccs5)cc4)cc3)C2=O)cc1,1,IC50,6.96,1,CHEMBL5595618
C/C(=N\N1C(=O)CNC1=S)c1ccc(O)cc1O,1,IC50,7.6,1,CHEMBL5558572
CCOC(=O)/C(C#N)=C(\c1ccc(O)cc1)N1CC(=O)N(/N=C(\C)c2ccc(O)cc2O)C1=S,1,IC50,7.7,1,CHEMBL5557998
COC(=O)c1ccc2c(c1)NC(=O)/C2=C(\Nc1ccc2c(c1)CCN2C(=O)CN1CCOCC1)c1ccccc1,1,IC50,6.96,1,CHEMBL5592453
CN1CCN([C@H]2CC(F)(F)c3cc(NC(=O)c4ccc(F)c(C#Cc5cncc(N6CCOCC6)c5)c4)ccc32)CC1,1,IC50,8.33,1,CHEMBL5571836
CN1CCN([C@H]2CC(F)(F)c3cc(NC(=O)c4ccc(F)c(C#Cc5cncc(N6CCC6)c5)c4)ccc32)CC1,1,IC50,8.12,1,CHEMBL5570514
Cc1c2ccc(N(C)c3ccnc(Nc4ccc(NC(=O)CCCCCCC(=O)NO)cc4)n3)cc2nn1C,1,IC50,7.8,1,CHEMBL5572950
Cc1ccccc1-c1c[nH]c2ccnc(Nc3ccc(Oc4ccnc5cc(OCC(C)(C)O)ccc45)c(F)c3)c2c1=O,1,IC50,7.31,1,CHEMBL5573302
Cc1cccc(-c2c[nH]c3ccnc(Nc4ccc(Oc5ccnc6cc(OCC(C)(C)O)ccc56)c(F)c4)c3c2=O)c1,1,IC50,7.47,1,CHEMBL5574768
Cc1ccc(-c2c[nH]c3ccnc(Nc4ccc(Oc5ccnc6cc(OCC(C)(C)O)ccc56)c(F)c4)c3c2=O)cc1,1,IC50,7.21,1,CHEMBL5563765
Cc1ccc(-c2c[nH]c3ccnc(Nc4ccc(Oc5ccnc6cc(OCC(C)(C)O)ccc56)c(F)c4)c3c2=O)cc1C,1,IC50,7.06,1,CHEMBL5575269
CCc1ccc(-c2c[nH]c3ccnc(Nc4ccc(Oc5ccnc6cc(OCC(C)(C)O)ccc56)c(F)c4)c3c2=O)cc1,1,IC50,6.79,1,CHEMBL5572537
COc1ccc(-c2c[nH]c3ccnc(Nc4ccc(Oc5ccnc6cc(OCC(C)(C)O)ccc56)c(F)c4)c3c2=O)cc1,1,IC50,7.22,1,CHEMBL5575968
CC(C)(O)COc1ccc2c(Oc3ccc(Nc4nccc5[nH]cc(-c6ccc(Cl)cc6)c(=O)c45)cc3F)ccnc2c1,1,IC50,7.2,1,CHEMBL5570992
CC(C)(O)COc1ccc2c(Oc3ccc(Nc4nccc5[nH]cc(-c6ccc(Br)cc6)c(=O)c45)cc3F)ccnc2c1,1,IC50,7.12,1,CHEMBL5569411
COc1cc2nccc(Oc3ccc(Nc4nccc5[nH]cc(-c6cccc(C)c6)c(=O)c45)cc3F)c2cc1OC,1,IC50,7.75,1,CHEMBL5574080
COc1cc2nccc(Oc3ccc(Nc4nccc5[nH]cc(-c6ccc(F)cc6)c(=O)c45)cc3F)c2cc1OC,1,IC50,7.03,2,CHEMBL4781305
COc1cc2ncnc(Oc3ccc(Nc4nccc5[nH]cc(-c6cccc(C)c6)c(=O)c45)cc3F)c2cc1OC,1,IC50,6.44,1,CHEMBL5572673
COc1cc2ncnc(Oc3ccc(Nc4nccc5[nH]cc(-c6ccc(C)cc6)c(=O)c45)cc3F)c2cc1OC,1,IC50,6.35,1,CHEMBL5570274
N#Cc1c(-c2ccccc2)cc(-c2ccc(NC(=O)Nc3ccccc3)cc2)nc1O,1,IC50,6.12,1,CHEMBL5595346
Cc1ccc(-c2cc(-c3ccc(NC(=O)Nc4ccccc4)cc3)nc(O)c2C#N)cc1,1,IC50,6.51,1,CHEMBL5574745
N#Cc1c(-c2ccc([N+](=O)[O-])cc2)cc(-c2ccc(NC(=O)Nc3ccccc3)cc2)nc1O,1,IC50,7.46,1,CHEMBL5593609
N#Cc1c(-c2cccc(Cl)c2Cl)cc(-c2ccc(NC(=O)Nc3ccccc3)cc2)nc1O,1,IC50,6.04,1,CHEMBL5583996
N#Cc1c(-c2ccc(Cl)cc2Cl)cc(-c2ccc(NC(=O)Nc3ccccc3)cc2)nc1O,1,IC50,6.07,1,CHEMBL5565651
N#Cc1c(-c2cc(Br)c(O)c(Br)c2)cc(-c2ccc(NC(=O)Nc3ccccc3)cc2)nc1O,1,IC50,6.54,1,CHEMBL5571331
COc1cc(-c2cc(-c3ccc(NC(=O)Nc4ccccc4)cc3)nc(O)c2C#N)cc(OC)c1OC,1,IC50,6.5,1,CHEMBL5568824
N#Cc1c(-c2cccnc2)cc(-c2ccc(NC(=O)Nc3ccccc3)cc2)nc1O,1,IC50,6.07,1,CHEMBL5575208
N#Cc1c(-c2c[nH]c3ccccc23)cc(-c2ccc(NC(=O)Nc3ccccc3)cc2)nc1O,1,IC50,7.62,1,CHEMBL5594061
Cc1nc2ccccc2n(CC(=O)Nc2ccc(C(=O)Nc3cccc(Cl)c3)cc2)c1=O,1,IC50,8.57,1,CHEMBL5591579
C[C@@H](Oc1ccc2[nH]nc(-c3ccc(N4CC5(C4)CN(S(C)(=O)=O)C5)nc3)c2c1)c1c(Cl)cncc1Cl,1,IC50,6.49,1,CHEMBL5595500
O=C(N/N=C/c1ccccc1Cl)c1ccc(Nc2nc3ccccc3c3nncn23)cc1,1,IC50,7.27,2,CHEMBL5619487
O=C(Cc1ccccc1F)Nc1cccc(Sc2ccc3c(/C=C/c4ccccn4)n[nH]c3c2)c1,1,IC50,8.91,1,CHEMBL5619692
Cc1cc2cc(Oc3ccnc(Nc4cccc(CS(=O)(=O)NCCN(C)C)c4)n3)ccc2[nH]1,1,IC50,9.0,2,CHEMBL4297190
Cc1ccc2oc(-c3c4c(N)n[nH]c(=O)c4nn3-c3ccc(NC(=O)/C=C/CN(C)C)cc3)c(C)c2c1,1,IC50,8.72,1,CHEMBL4463714
COc1cccc(C(=O)Nc2cccc(Sc3ccc4c(NC(C)=O)n[nH]c4c3)c2)c1,1,IC50,7.99,1,CHEMBL5624828
O=C(NCCCN1CCOCC1)c1cc(Oc2ccc(NC(=O)c3cn(-c4ccc(F)c(Cl)c4)c4ncccc4c3=O)cc2F)ccn1,0,IC50 (>),4.0,1,CHEMBL5631162
Cc1cc(C)c(/C=C2/C(=O)Nc3ccccc32)[nH]1,1,IC50,7.4,1,CHEMBL105739
C=C1C(=O)O[C@H]2C[C@H](C)C(/C=C/C(C)=O)=CC[C@H]12,1,IC50,6.42,1,CHEMBL404466
COc1cc2c(Oc3ccc4[nH]c(C)cc4c3F)ccnc2cc1OCC1(N)CC1,1,IC50,9.7,1,CHEMBL4303201
NS(=O)(=O)c1ccc(-n2c(SCC(=O)N/N=C/c3ccc(Cl)cc3Cl)nc3cc4ccccc4cc3c2=O)cc1,1,IC50,6.19,1,CHEMBL5632016
COc1cccc(N2CCN(CC(O)COc3ncnc4ccccc34)CC2)c1,1,IC50,8.54,1,CHEMBL5633931
COc1cc2ncnc(Nc3ccsc3C(=O)Nc3ccc(F)c(Cl)c3)c2cc1OC,1,IC50,7.06,1,CHEMBL5633554
CCCNC(=O)Nc1ccc(Nc2ncnc3cc(OC)c(OC)cc23)cc1Cl,1,IC50,6.8,1,CHEMBL5631845
O=C(Cn1c(=O)c2ccccc2n(Cc2ccccc2)c1=O)Nc1ccc(C(=O)N/N=C/c2ccc(Cl)cc2)cc1,1,IC50,6.92,1,CHEMBL5633828
O=C(Nc1ccc(-c2ccc3c(=O)[nH]cnc3c2)cc1)Nc1ccc(F)c(F)c1,1,IC50,9.11,1,CHEMBL5632719
CCn1c(SCCCN2C(=O)c3ccccc3C2=O)nc2cc3ccccc3cc2c1=O,0,IC50,4.35,1,CHEMBL5633901
COc1cc2nc(-c3ccccc3)n(-c3nnc(-c4ccc(Cl)cc4)s3)c(=O)c2cc1OC,1,IC50,8.42,1,CHEMBL5632302
O=[N+]([O-])c1ccc(COc2ncnc3ccc([N+](=O)[O-])cc23)cc1,1,IC50,8.33,1,CHEMBL5634036
COc1cc2ncnc(Nc3ccncc3C(=O)NCc3cccs3)c2cc1OC,1,IC50,7.77,1,CHEMBL5632614
O=C(Nc1ccc(Oc2nc(Cl)nc3ccccc23)cc1)c1cccnc1,1,IC50,7.22,1,CHEMBL5632998
CC(C(=O)Nc1ccc(S(N)(=O)=O)cc1)N1CCCC(C(=O)N/N=C2\C(=O)Nc3ccccc32)C1,1,IC50,6.69,1,CHEMBL5631770
COc1ccc2c(c1)NC(=O)/C2=N\NC(=O)C1CCCN(C(C)C(=O)Nc2ccc(S(N)(=O)=O)cc2)C1,1,IC50,6.45,1,CHEMBL5631364
NS(=O)(=O)c1ccc(NC(=O)CN2CCC(C(=O)N/N=C3\C(=O)Nc4ccc(F)cc43)CC2)cc1,1,IC50,6.09,1,CHEMBL5633079
O=C(CN1C(=O)S/C(=C2/C(=O)Nc3ccccc32)C1=O)Nc1ccccc1,1,IC50,7.16,1,CHEMBL5633241
FC(F)(F)c1ccc(CNc2ccc(Cc3c[nH]c4ncc(Cl)cc34)cn2)cn1,1,IC50,6.46,1,CHEMBL3813873
c1cnc2c(NC[C@H]3CCCNC3)nc(-c3ccc(N4CCOCC4)cc3)cc2n1,1,IC50,7.01,1,CHEMBL5639321
FC1(F)CCNC[C@H]1CNc1nc(-c2ccc(N3CCOCC3)cc2)cc2nccnc12,1,IC50,7.21,1,CHEMBL5639978
c1cnc2c(NC[C@@H]3CNCCO3)nc(-c3ccc(N4CCOCC4)cc3)cc2n1,1,IC50,6.58,1,CHEMBL5639618
Fc1cc(-c2cc3nccnc3c(NC[C@@H]3CNCCO3)n2)ccc1N1CCOCC1,1,IC50,6.52,1,CHEMBL5639775
Clc1cc(-c2cc3nccnc3c(NC[C@@H]3CNCCO3)n2)ccc1N1CCOCC1,1,IC50,6.47,1,CHEMBL5647317
c1cnc2c(NCC3CNCCS3)nc(-c3ccc(N4CCOCC4)cc3)cc2n1,1,IC50,6.86,1,CHEMBL5647091
CC(=O)N1CCN(c2ccc(-c3cc4nccnc4c(NC[C@@H]4CNCCO4)n3)cc2)CC1,1,IC50,6.78,1,CHEMBL5639880
CC(=O)N1CCN(c2ccc(-c3cc4nccnc4c(NC[C@@H]4CNCCO4)n3)cc2F)CC1,1,IC50,6.71,1,CHEMBL5639139
CS(=O)(=O)N1CCN(c2ccc(-c3cc4nccnc4c(NC[C@@H]4CNCCO4)n3)cc2)CC1,1,IC50,6.9,1,CHEMBL5639989
c1cnc2c(NC[C@@H]3CNCCO3)nc(-c3ccc(C4CCOCC4)cc3)cc2n1,1,IC50,6.44,1,CHEMBL5639679
CC(=O)N1CCC(c2ccc(-c3cc4nccnc4c(NC[C@@H]4CNCCO4)n3)cc2F)CC1,1,IC50,6.58,1,CHEMBL5647595
CS(=O)(=O)N1CCC(c2ccc(-c3cc4nccnc4c(NC[C@@H]4CNCCO4)n3)cc2)CC1,1,IC50,6.41,1,CHEMBL5641911
CS(=O)(=O)N1CCC(c2ccc(-c3cc4nccnc4c(NC[C@@H]4CNCCO4)n3)cc2F)CC1,1,IC50,6.18,1,CHEMBL5639470
CNC(=O)Nc1ccc2c(c1)CC[C@@]21OC(=O)N(CC(=O)N(Cc2ccc(F)cc2)[C@@H](C)C(F)(F)F)C1=O,0,IC50 (>),5.0,1,CHEMBL4282264
COc1cccc2cc(-c3nc([C@H]4CC[C@H](C(=O)O)CC4)n4ncnc(N)c34)[nH]c12,0,IC50 (>),4.4,1,CHEMBL3120215
Nc1nccn2c1c(-c1cc3cccc(Cl)c3[nH]1)nc2[C@H]1CC[C@H](C(=O)O)CC1,0,IC50 (>),4.4,1,CHEMBL5661831
C=CC(=O)Nc1ccc2ncn(-c3cncc(Nc4ccccc4)n3)c2c1,1,IC50,6.26,1,CHEMBL5661858
COc1cc2ncc(C#N)c(Nc3ccc(OCc4ccccn4)c(Cl)c3)c2cc1NC(=O)/C=C/CN(C)C,1,IC50,6.1,1,CHEMBL5665391
C[C@]1(O)C[C@@H](c2nc(-c3ccc4ccc(-c5ccccc5)nc4c3)c3c(N)nccn32)C1,0,IC50 (>),5.0,1,CHEMBL1091644
C=CC(=O)Nc1ccc2ncnc(Nc3ccc(OCc4cccc(F)c4)c(Cl)c3)c2c1,0,IC50 (>),5.0,1,CHEMBL1947204
Cc1cn(CCN2CCN(c3ccccc3-c3cc(C#N)cc(C(=O)NCCCN4CCCC4)c3)CC2)c2ccccc12,0,IC50 (>),4.7,1,CHEMBL3414623
CNC(=O)c1cc(Oc2ccc(NC(=O)Nc3cc(C(C)(C)C)nn3-c3ccc4ncccc4c3)c(F)c2)ccn1,1,IC50,8.4,1,CHEMBL1738757
O=C(c1ccc(F)c(F)c1Nc1ccc(I)cc1F)N1CC(O)([C@@H]2CCCCN2)C1,0,IC50 (>),5.0,1,CHEMBL2146883
COc1cc(N2CCC(N3CCN(C)CC3)CC2)ccc1Nc1ncc(Cl)c(Nc2ccccc2P(C)(C)=O)n1,1,IC50,6.09,1,CHEMBL3545311
Cc1cccc(NC(=O)Nc2ccc(-c3nn(CCCCCCCC(=O)NO)c4ncnc(N)c34)cc2)c1,1,IC50,8.52,1,CHEMBL5923399
Cc1ccc(F)c(NC(=O)Nc2ccc(-c3nn(CCCCCCCC(=O)NO)c4ncnc(N)c34)cc2)c1,1,IC50,8.66,1,CHEMBL6028045
Cc1ccc(F)c(NC(=O)Nc2ccc(-c3nn(CCCN(C)CCCC(=O)NO)c4ncnc(N)c34)cc2)c1,1,IC50,6.24,1,CHEMBL5773308
CCN(CC)CCNC(=O)c1c(C)[nH]c(/C=C2\C(=O)Nc3cccc(F)c32)c1C,1,IC50,8.19,2,CHEMBL597365
Cc1ccc(O)cc1Nc1ccnc2c1C(=O)Nc1cc(C#N)ccc1N2,1,IC50,8.41,1,CHEMBL5928812
CCCc1ccc(Nc2ccnc3c2C(=O)Nc2cc(C#N)ccc2N3)cc1O,1,IC50,7.04,1,CHEMBL5908219
Cc1ccc(Nc2ccnc3c2C(=O)Nc2cc(C#N)ccc2N3)cc1O,1,IC50,8.91,1,CHEMBL6047944
CCOC(=O)Nc1ccc(Nc2ccnc3c2C(=O)Nc2cc(C#N)ccc2N3)cc1O,1,IC50,7.06,1,CHEMBL5916695
N#Cc1ccc2c(c1)NC(=O)c1c(Nc3ccc(Br)c(O)c3)ccnc1N2,1,IC50,8.57,1,CHEMBL5793745
N#Cc1ccc2c(c1)NC(=O)c1c(Nc3ccc(NS(=O)(=O)c4ccccc4)c(O)c3)ccnc1N2,1,IC50,6.79,1,CHEMBL5995285
N#Cc1ccc2c(c1)NC(=O)c1c(Nc3cc(O)c(Br)cc3F)ccnc1N2,1,IC50,8.63,1,CHEMBL5929284
N#Cc1ccc2c(c1)NC(=O)c1c(Nc3cc(O)c(F)c(F)c3)ccnc1N2,1,IC50,8.56,1,CHEMBL5995829
COc1cc(O)cc(Nc2ccnc3c2C(=O)Nc2cc(C#N)ccc2N3)c1,1,IC50,7.42,1,CHEMBL6040388
N#Cc1ccc2c(c1)NC(=O)c1c(Nc3cc(O)c(Cl)cc3Cl)ccnc1N2,1,IC50,8.01,1,CHEMBL5829198
N#Cc1ccc2c(c1)NC(=O)c1c(Nc3ccc(Cl)c(O)c3)ccnc1N2,1,IC50,8.58,1,CHEMBL5764598
N#Cc1ccc2c(c1)NC(=O)c1c(Nc3ccc(O)c(O)c3)ccnc1N2,1,IC50,7.3,1,CHEMBL5759623
N#Cc1ccc2c(c1)NC(=O)c1c(Nc3cc(O)ccc3F)ccnc1N2,1,IC50,8.23,1,CHEMBL5923362
Cc1ccc(O)cc1Nc1ccnc2c1C(=O)Nc1cc(CNCC(F)(F)F)ccc1N2,1,IC50,8.06,1,CHEMBL5864089
Cc1ccc(O)cc1Nc1ccnc2c1C(=O)Nc1cc(CNCc3cccc(Cl)c3)ccc1N2,1,IC50,8.02,1,CHEMBL5842976
Cc1ccc(O)cc1Nc1ccnc2c1C(=O)Nc1cc(CNCC(N)=O)ccc1N2,1,IC50,7.97,1,CHEMBL5987013
Cc1ccc(O)cc1Nc1ccnc2c1C(=O)Nc1cc(CNCCCCO)ccc1N2,1,IC50,7.92,1,CHEMBL5881113
Cc1ccc(O)cc1Nc1ccnc2c1C(=O)Nc1cc(CNCCN3CCOCC3)ccc1N2,1,IC50,7.8,1,CHEMBL5802104
Cc1ccc(O)cc1Nc1ccnc2c1C(=O)Nc1cc(CNC(C)C)ccc1N2,1,IC50,8.08,1,CHEMBL5946538
Cc1ccc(O)cc1Nc1ccnc2c1C(=O)Nc1cc(CNC3CCC3)ccc1N2,1,IC50,8.14,1,CHEMBL6018228
Cc1ccc(O)cc1Nc1ccnc2c1C(=O)Nc1cc(CNCCCO)ccc1N2,1,IC50,7.95,1,CHEMBL5902106
CNCc1ccc2c(c1)NC(=O)c1c(Nc3cc(O)ccc3C)ccnc1N2,1,IC50,7.85,1,CHEMBL5743342
CCCCNCc1ccc2c(c1)NC(=O)c1c(Nc3cc(O)ccc3C)ccnc1N2,1,IC50,8.01,1,CHEMBL5969243
Cc1ccc(O)cc1Nc1ccnc2c1C(=O)Nc1cc(CNCCO)ccc1N2,1,IC50,7.61,1,CHEMBL6040123
CCNCc1ccc2c(c1)NC(=O)c1c(Nc3cc(O)ccc3C)ccnc1N2,1,IC50,7.91,1,CHEMBL5786748
Cc1ccc(O)cc1Nc1ccnc2c1C(=O)Nc1cc(CNc3ccccc3)ccc1N2,1,IC50,7.06,1,CHEMBL5893666
Cc1cc(F)c(Nc2ccnc3c2C(=O)Nc2cc(C#N)ccc2N3)cc1O,1,IC50,8.71,1,CHEMBL5866060
CCN(CC)Cc1ccc2c(c1)NC(=O)c1c(Nc3cc(O)c(C)cc3F)ccnc1N2,1,IC50,9.4,2,CHEMBL5940674
Cc1cc(F)c(Nc2ccnc3c2C(=O)Nc2cc(CN4CCOCC4)ccc2N3)cc1O,1,IC50,9.08,1,CHEMBL6024367
Cc1cc(F)c(Nc2ccnc3c2C(=O)Nc2cc(CNC4CC4)ccc2N3)cc1O,1,IC50,8.99,1,CHEMBL6014529
CCNCc1ccc2c(c1)NC(=O)c1c(Nc3cc(O)c(C)cc3F)ccnc1N2,1,IC50,9.35,1,CHEMBL6054709
Cc1cc(F)c(Nc2ccnc3c2C(=O)Nc2cc(CN4CCCC4)ccc2N3)cc1O,1,IC50,8.74,1,CHEMBL5898057
Cc1cc(F)c(Nc2ccnc3c2C(=O)Nc2cc(CN(C)C)ccc2N3)cc1O,1,IC50,8.89,1,CHEMBL5977315
Cc1cc(F)c(Nc2ccnc3c2C(=O)Nc2cc(CNC4CCCC4)ccc2N3)cc1O,1,IC50,9.33,2,CHEMBL5855950
N#Cc1ccc2c(c1)NC(=O)c1c(Nc3cccc(O)c3)ccnc1N2,1,IC50,8.17,1,CHEMBL6011542
N#Cc1ccc2c(c1)NC(=O)c1c(Nc3cc(O)ccc3Cl)ccnc1N2,1,IC50,8.21,1,CHEMBL6002049
N#Cc1ccc2c(c1)NC(=O)c1c(Nc3cc(O)c(Cl)cc3F)ccnc1N2,1,IC50,8.9,1,CHEMBL6006057
N#Cc1ccc2c(c1)NC(=O)c1c(Nc3cc(O)c(F)cc3F)ccnc1N2,1,IC50,8.59,1,CHEMBL5782730
CCN(CC)Cc1ccc2c(c1)NC(=O)c1c(Nc3cc(O)ccc3C)ccnc1N2,1,IC50,7.9,1,CHEMBL5952145
Cc1ccc(O)cc1Nc1ccnc2c1C(=O)Nc1cc(CN3CCCC3)ccc1N2,1,IC50,8.14,1,CHEMBL6015812
Cc1ccc(O)cc1Nc1ccnc2c1C(=O)Nc1cc(CN3CCOCC3)ccc1N2,1,IC50,8.18,1,CHEMBL5924109
Cc1ccc(O)cc1Nc1ccnc2c1C(=O)Nc1cc(CN3CCC(O)CC3)ccc1N2,1,IC50,8.12,1,CHEMBL5953499
Cc1ccc(O)cc1Nc1ccnc2c1C(=O)Nc1cc(CN3CCN(C)CC3)ccc1N2,1,IC50,8.11,1,CHEMBL5937605
Cc1ccc(O)cc1Nc1ccnc2c1C(=O)Nc1cc(CN3CCN(CCO)CC3)ccc1N2,1,IC50,8.0,1,CHEMBL6036526
Cc1cc(F)c(Nc2ccnc3c2C(=O)Nc2cc(CN4CCC(O)CC4)ccc2N3)cc1O,1,IC50,9.3,1,CHEMBL5783293
Cc1cc(F)c(Nc2ccnc3c2C(=O)Nc2cc(CN4CCN(C)CC4)ccc2N3)cc1O,1,IC50,9.24,1,CHEMBL6065121
Cc1cc(F)c(Nc2ccnc3c2C(=O)Nc2cc(CN4CCN(CCO)CC4)ccc2N3)cc1O,1,IC50,9.01,1,CHEMBL5879862
Cc1cc(F)c(Nc2ccnc3c2C(=O)Nc2cc(CNC(C)C)ccc2N3)cc1O,1,IC50,9.44,1,CHEMBL5758597
CCN(C)Cc1ccc2c(c1)NC(=O)c1c(Nc3cc(O)c(C)cc3F)ccnc1N2,1,IC50,9.41,1,CHEMBL6052352
CCOCCN(CC)Cc1ccc2c(c1)NC(=O)c1c(Nc3cc(O)c(C)cc3F)ccnc1N2,1,IC50,9.07,1,CHEMBL5810674
CCN(Cc1ccc2c(c1)NC(=O)c1c(Nc3cc(O)c(C)cc3F)ccnc1N2)C(C)C,1,IC50,9.08,1,CHEMBL5811920
CCN(CCO)Cc1ccc2c(c1)NC(=O)c1c(Nc3cc(O)c(C)cc3F)ccnc1N2,1,IC50,9.23,1,CHEMBL5863444
CCCCN(CC)Cc1ccc2c(c1)NC(=O)c1c(Nc3cc(O)c(C)cc3F)ccnc1N2,1,IC50,9.28,1,CHEMBL5943789
CCCC1CCN(Cc2ccc3c(c2)NC(=O)c2c(Nc4cc(O)c(C)cc4F)ccnc2N3)CC1,1,IC50,8.53,1,CHEMBL5895106
CCN(CCOC)Cc1ccc2c(c1)NC(=O)c1c(Nc3cc(O)c(C)cc3F)ccnc1N2,1,IC50,9.32,1,CHEMBL5948826
Cc1cc(F)c(Nc2ccnc3c2C(=O)Nc2cc(CN4CCC(C)(C)CC4)ccc2N3)cc1O,1,IC50,9.22,1,CHEMBL5744483
Cc1cc(F)c(Nc2ccnc3c2C(=O)Nc2cc(CN4CCCC(C(N)=O)C4)ccc2N3)cc1O,1,IC50,9.48,1,CHEMBL6009138
Cc1cc(F)c(Nc2ccnc3c2C(=O)Nc2cc(CN4CCCC(CCO)C4)ccc2N3)cc1O,1,IC50,9.26,3,CHEMBL5975134
Cc1cc(F)c(Nc2ccnc3c2C(=O)Nc2cc(CN4CCC(C)C(O)C4)ccc2N3)cc1O,1,IC50,9.37,1,CHEMBL5856702
Cc1cc(F)c(Nc2ccnc3c2C(=O)Nc2cc(CN4CCCC(OCC5CCC5)C4)ccc2N3)cc1O,1,IC50,8.47,1,CHEMBL5860972
CCN(CC)C(=O)COC1CCCN(Cc2ccc3c(c2)NC(=O)c2c(Nc4cc(O)c(C)cc4F)ccnc2N3)C1,1,IC50,8.64,1,CHEMBL5897349
Cc1cc(F)c(Nc2ccnc3c2C(=O)Nc2cc(CN4CCCC(O)CC4)ccc2N3)cc1O,1,IC50,9.4,1,CHEMBL5832247
Cc1cc(F)c(Nc2ccnc3c2C(=O)Nc2cc(CN4CCCCCC4)ccc2N3)cc1O,1,IC50,9.17,1,CHEMBL6021114
Cc1cc(F)c(Nc2ccnc3c2C(=O)Nc2cc(CN4C[C@H](O)C[C@H]4CO)ccc2N3)cc1O,1,IC50,9.54,1,CHEMBL5936239
Cc1cc(F)c(Nc2ccnc3c2C(=O)Nc2cc(CN4CCC(O)C4)ccc2N3)cc1O,1,IC50,9.61,1,CHEMBL5745206
COC1CCCN(Cc2ccc3c(c2)NC(=O)c2c(Nc4cc(O)c(C)cc4F)ccnc2N3)C1,1,IC50,8.71,1,CHEMBL5927917
CCOC1CCCN(Cc2ccc3c(c2)NC(=O)c2c(Nc4cc(O)c(C)cc4F)ccnc2N3)C1,1,IC50,8.99,1,CHEMBL5825897
CCCOC1CCCN(Cc2ccc3c(c2)NC(=O)c2c(Nc4cc(O)c(C)cc4F)ccnc2N3)C1,1,IC50,9.0,1,CHEMBL5760465
Cc1cc(F)c(Nc2ccnc3c2C(=O)Nc2cc(CN4CCCC(O)C4)ccc2N3)cc1O,1,IC50,9.3,3,CHEMBL5879930
Cc1cc(F)c(Nc2ccnc3c2C(=O)Nc2cc(CN4CCCC(Oc5ccccc5)C4)ccc2N3)cc1O,1,IC50,8.57,1,CHEMBL5890738
Cc1cc(F)c(Nc2ccnc3c2C(=O)Nc2cc(CN4CCCC(O)(c5ccccc5)C4)ccc2N3)cc1O,1,IC50,8.66,1,CHEMBL5840832
Cc1cc(F)c(Nc2ccnc3c2C(=O)Nc2cc(CNCCc4ccncc4)ccc2N3)cc1O,1,IC50,9.34,1,CHEMBL5758096
Cc1cc(F)c(Nc2ccnc3c2C(=O)Nc2cc(CNC(CO)C(C)C)ccc2N3)cc1O,1,IC50,9.15,1,CHEMBL6054222
Cc1cc(F)c(Nc2ccnc3c2C(=O)Nc2cc(CN[C@H]4CC[C@H](O)CC4)ccc2N3)cc1O,1,IC50,9.43,1,CHEMBL5984404
Cc1cc(F)c(Nc2ccnc3c2C(=O)Nc2cc(CNC(C)C4CCCCC4)ccc2N3)cc1O,1,IC50,8.97,1,CHEMBL6025133
Cc1cc(F)c(Nc2ccnc3c2C(=O)Nc2cc(CNC(CO)CO)ccc2N3)cc1O,1,IC50,9.37,1,CHEMBL5934871
Cc1cc(F)c(Nc2ccnc3c2C(=O)Nc2cc(C(=O)O)ccc2N3)cc1O,1,IC50,7.59,1,CHEMBL5759396
Cc1cc(F)c(Nc2ccnc3c2C(=O)Nc2cc(C(N)=O)ccc2N3)cc1O,1,IC50,9.08,1,CHEMBL5762581
Cc1cc(F)c(Nc2ccnc3c2C(=O)Nc2cc(C(=O)NC4CCCC(O)C4)ccc2N3)cc1O,1,IC50,9.11,1,CHEMBL5745861
Cc1cc(F)c(Nc2ccnc3c2C(=O)Nc2cc(C(=O)N4CCCC(O)C4)ccc2N3)cc1O,1,IC50,8.52,1,CHEMBL5871337
CCNC(=O)c1ccc2c(c1)NC(=O)c1c(Nc3cc(O)c(C)cc3F)ccnc1N2,1,IC50,9.03,1,CHEMBL5743213
CCN(CC)C(=O)c1ccc2c(c1)NC(=O)c1c(Nc3cc(O)c(C)cc3F)ccnc1N2,1,IC50,8.49,1,CHEMBL5960171
Cc1cc(F)c(Nc2ccnc3c2C(=O)Nc2cc(C(=O)N4CCOCC4)ccc2N3)cc1O,1,IC50,8.75,1,CHEMBL5810286
Cc1cc(F)c(Nc2ccnc3c2C(=O)Nc2cc(C(=O)N4CCC(O)C4)ccc2N3)cc1O,1,IC50,8.93,1,CHEMBL5775020
Cc1cc(F)c(Nc2ccnc3c2C(=O)Nc2cc(CN)ccc2N3)cc1O,1,IC50,9.21,1,CHEMBL6060311
Cc1cc(F)c(Nc2ccnc3c2C(=O)Nc2cc(CN4CCCC(C)(O)C4)ccc2N3)cc1O,1,IC50,9.06,1,CHEMBL5983627
Cc1cc(F)c(Nc2ccnc3c2C(=O)Nc2cc(CN4CCCC(OCC(F)(F)F)C4)ccc2N3)cc1O,1,IC50,8.92,1,CHEMBL6027155
CCN(CCO)Cc1ccc2c(c1)NC(=O)c1c(Nc3cc(O)c(Cl)cc3F)ccnc1N2,1,IC50,8.88,1,CHEMBL6007247
Cc1cc(F)c(Nc2ccnc3c2C(=O)Nc2cc(CN4CC(O)C(NCCO)C4)ccc2N3)cc1O,1,IC50,9.28,1,CHEMBL5892792
CCN1CCCC1CNCc1ccc2c(c1)NC(=O)c1c(Nc3cc(O)ccc3C)ccnc1N2,1,IC50,7.98,1,CHEMBL5798405
CCC(CC)CNCc1ccc2c(c1)NC(=O)c1c(Nc3cc(O)ccc3C)ccnc1N2,1,IC50,8.0,1,CHEMBL5840681
Cc1ccc(O)cc1Nc1ccnc2c1C(=O)Nc1cc(CNCc3cccc(F)c3F)ccc1N2,1,IC50,8.16,1,CHEMBL5811396
Cc1ccc(O)cc1Nc1ccnc2c1C(=O)Nc1cc(CNCc3ccc(Cl)nc3)ccc1N2,1,IC50,8.54,1,CHEMBL5844677
COc1cccc(CNCc2ccc3c(c2)NC(=O)c2c(Nc4cc(O)ccc4C)ccnc2N3)c1,1,IC50,8.3,1,CHEMBL5911183
Cc1ccc(O)cc1Nc1ccnc2c1C(=O)Nc1cc(CNCCn3ccnn3)ccc1N2,1,IC50,8.26,1,CHEMBL6010612
Cc1ccc(O)cc1Nc1ccnc2c1C(=O)Nc1cc(CNC3(C)CCS(=O)(=O)C3)ccc1N2,1,IC50,8.16,1,CHEMBL5960455
Cc1ccc(O)cc1Nc1ccnc2c1C(=O)Nc1cc(CNC3CCOC3)ccc1N2,1,IC50,8.25,1,CHEMBL5876717
Cc1ccc(O)cc1Nc1ccnc2c1C(=O)Nc1cc(CNC(C)C3CC=CCC3)ccc1N2,1,IC50,8.21,1,CHEMBL6011082
Cc1ccn(CCCNCc2ccc3c(c2)NC(=O)c2c(Nc4cc(O)ccc4C)ccnc2N3)n1,1,IC50,8.33,1,CHEMBL5955684
Cc1ccc(O)cc1Nc1ccnc2c1C(=O)Nc1cc(CN[C@H](C)C3CCCCC3)ccc1N2,1,IC50,8.74,1,CHEMBL6016400
CCn1ccc(CNCc2ccc3c(c2)NC(=O)c2c(Nc4cc(O)ccc4C)ccnc2N3)n1,1,IC50,8.3,1,CHEMBL5967664
Cc1ccc(O)cc1Nc1ccnc2c1C(=O)Nc1cc(CNc3ccc4[nH]cnc4c3)ccc1N2,1,IC50,7.81,1,CHEMBL5784797
Cc1ccc(O)cc1Nc1ccnc2c1C(=O)Nc1cc(CNc3ccn(C)n3)ccc1N2,1,IC50,8.06,1,CHEMBL6036891
Cc1ccc(O)cc1Nc1ccnc2c1C(=O)Nc1cc(CNC(CO)c3ccccc3)ccc1N2,1,IC50,8.09,1,CHEMBL5805854
COc1ccc(NCc2ccc3c(c2)NC(=O)c2c(Nc4cc(O)ccc4C)ccnc2N3)cc1F,1,IC50,7.56,1,CHEMBL6064744
COc1ccccc1CNCc1ccc2c(c1)NC(=O)c1c(Nc3cc(O)ccc3C)ccnc1N2,1,IC50,8.09,1,CHEMBL6042751
Cc1ccc(O)cc1Nc1ccnc2c1C(=O)Nc1cc(CNCCN3CCN(C)CC3)ccc1N2,1,IC50,7.92,1,CHEMBL5970521
Cc1ccc(O)cc1Nc1ccnc2c1C(=O)Nc1cc(CNCCN3CCC(C)CC3)ccc1N2,1,IC50,8.36,1,CHEMBL5833348
Cc1ccc(O)cc1Nc1ccnc2c1C(=O)Nc1cc(CNCCN3CCCCCC3)ccc1N2,1,IC50,8.39,1,CHEMBL5820783
CCN(CC)CC(C)NCc1ccc2c(c1)NC(=O)c1c(Nc3cc(O)ccc3C)ccnc1N2,1,IC50,8.18,1,CHEMBL5817991
Cc1ccc(O)cc1Nc1ccnc2c1C(=O)Nc1cc(CNC3CCS(=O)(=O)C3)ccc1N2,1,IC50,8.45,1,CHEMBL5857729
Cc1ccc(O)cc1Nc1ccnc2c1C(=O)Nc1cc(CNCC(C)Cn3cccn3)ccc1N2,1,IC50,8.17,1,CHEMBL5848178
Cc1ccc(O)cc1Nc1ccnc2c1C(=O)Nc1cc(CNCCC(F)(F)F)ccc1N2,1,IC50,8.02,1,CHEMBL5837855
COCCOCCCNCc1ccc2c(c1)NC(=O)c1c(Nc3cc(O)ccc3C)ccnc1N2,1,IC50,7.96,1,CHEMBL5862373
Cc1ccc(O)cc1Nc1ccnc2c1C(=O)Nc1cc(CNC[C@H](C)c3ccccc3)ccc1N2,1,IC50,7.94,1,CHEMBL5850230
CCOCCC(C)NCc1ccc2c(c1)NC(=O)c1c(Nc3cc(O)ccc3C)ccnc1N2,1,IC50,8.2,1,CHEMBL5876447
Cc1ccc(O)cc1Nc1ccnc2c1C(=O)Nc1cc(CNCc3ccc(F)cc3)ccc1N2,1,IC50,8.57,1,CHEMBL5918368
Cc1ccc(O)cc1Nc1ccnc2c1C(=O)Nc1cc(CNCc3cccc(F)c3)ccc1N2,1,IC50,8.45,1,CHEMBL5808220
Cc1ccc(O)cc1Nc1ccnc2c1C(=O)Nc1cc(CNCc3ccccc3F)ccc1N2,1,IC50,8.25,1,CHEMBL6043372
Cc1ccc(O)cc1Nc1ccnc2c1C(=O)Nc1cc(CNC(C)CN(C)C)ccc1N2,1,IC50,8.07,1,CHEMBL5839052
Cc1ccc(O)cc1Nc1ccnc2c1C(=O)Nc1cc(CNCCc3ccncc3)ccc1N2,1,IC50,8.46,1,CHEMBL5831852
Cc1ccc(O)cc1Nc1ccnc2c1C(=O)Nc1cc(CNC3CCCCC3C)ccc1N2,1,IC50,8.18,1,CHEMBL5892852
CCCNCc1ccc2c(c1)NC(=O)c1c(Nc3cc(O)ccc3C)ccnc1N2,1,IC50,8.32,1,CHEMBL5759319
Cc1ccc(O)cc1Nc1ccnc2c1C(=O)Nc1cc(CNCCF)ccc1N2,1,IC50,8.29,1,CHEMBL5886043
Cc1ccc(O)cc1Nc1ccnc2c1C(=O)Nc1cc(CNCC3CC3)ccc1N2,1,IC50,8.13,1,CHEMBL6047384
Cc1ccc(O)cc1Nc1ccnc2c1C(=O)Nc1cc(CN[C@H](CO)c3ccccc3)ccc1N2,1,IC50,7.85,1,CHEMBL5800928
COCCCNCc1ccc2c(c1)NC(=O)c1c(Nc3cc(O)ccc3C)ccnc1N2,1,IC50,8.04,1,CHEMBL6049077
Cc1ccc(O)cc1Nc1ccnc2c1C(=O)Nc1cc(CNCC3CNC(=O)C3)ccc1N2,1,IC50,8.24,1,CHEMBL6008677
Cc1ccc(O)cc1Nc1ccnc2c1C(=O)Nc1cc(CNC(C)(C)CN3CCCC3)ccc1N2,1,IC50,8.45,1,CHEMBL6015988
Cc1ccc(O)cc1Nc1ccnc2c1C(=O)Nc1cc(CNC(C)c3ccco3)ccc1N2,1,IC50,8.13,1,CHEMBL5993480
Cc1ccc(O)cc1Nc1ccnc2c1C(=O)Nc1cc(CNCCOCC3CCCO3)ccc1N2,1,IC50,8.08,1,CHEMBL6022725
Cc1ccc(O)cc1Nc1ccnc2c1C(=O)Nc1cc(CNC3(C)CCC3)ccc1N2,1,IC50,8.11,1,CHEMBL6024228
Cc1ccc(O)cc1Nc1ccnc2c1C(=O)Nc1cc(CNCC(C)N3CCOCC3)ccc1N2,1,IC50,8.06,1,CHEMBL6015041
Cc1ccc(O)cc1Nc1ccnc2c1C(=O)Nc1cc(CNC3CCOCC3)ccc1N2,1,IC50,8.09,1,CHEMBL5892231
Cc1ccc(O)cc1Nc1ccnc2c1C(=O)Nc1cc(CNCC3CCC(=O)N3C)ccc1N2,1,IC50,8.24,1,CHEMBL5787103
Cc1ccc(O)cc1Nc1ccnc2c1C(=O)Nc1cc(CNC3CCN(C)CC3)ccc1N2,1,IC50,8.14,1,CHEMBL5918379
Cc1ccc(O)cc1Nc1ccnc2c1C(=O)Nc1cc(CNC3CCCNC3=O)ccc1N2,1,IC50,8.0,1,CHEMBL5874376
Cc1ccc(O)cc1Nc1ccnc2c1C(=O)Nc1cc(CNCC3CCN(C(C)C)C3)ccc1N2,1,IC50,8.27,1,CHEMBL5774556
Cc1ccc(O)cc1Nc1ccnc2c1C(=O)Nc1cc(CNCCN3CCCC3=O)ccc1N2,1,IC50,7.99,1,CHEMBL5912372
Cc1ccc(O)cc1Nc1ccnc2c1C(=O)Nc1cc(CNCC(C)(C)C)ccc1N2,1,IC50,8.38,1,CHEMBL5750458
Cc1ccc(O)cc1Nc1ccnc2c1C(=O)Nc1cc(CNCCC(=O)N(C)C)ccc1N2,1,IC50,8.24,1,CHEMBL5941259
Cc1ccc(O)cc1Nc1ccnc2c1C(=O)Nc1cc(CNCC(C)(C)N(C)C)ccc1N2,1,IC50,8.01,1,CHEMBL5918004
Cc1ccc(O)cc1Nc1ccnc2c1C(=O)Nc1cc(CNCc3ccccc3)ccc1N2,1,IC50,8.23,1,CHEMBL6064687
Cc1ccc(O)cc1Nc1ccnc2c1C(=O)Nc1cc(CNCc3cccnc3)ccc1N2,1,IC50,7.78,1,CHEMBL5991547
Cc1ccc(O)cc1Nc1ccnc2c1C(=O)Nc1cc(CNc3ccccc3F)ccc1N2,1,IC50,7.16,1,CHEMBL6033794
Cc1ccc(O)cc1Nc1ccnc2c1C(=O)Nc1cc(CNCC(O)CO)ccc1N2,1,IC50,8.14,1,CHEMBL5819420
Cc1ccc(O)cc1Nc1ccnc2c1C(=O)Nc1cc(CNCCCOC(C)C)ccc1N2,1,IC50,8.45,1,CHEMBL5781479
Cc1ccc(O)cc1Nc1ccnc2c1C(=O)Nc1cc(CN[C@@H](CO)C(C)C)ccc1N2,1,IC50,8.19,1,CHEMBL5759280
Cc1ccc(O)cc1Nc1ccnc2c1C(=O)Nc1cc(CNC3CC3)ccc1N2,1,IC50,8.13,1,CHEMBL5760027
Cc1ccc(O)cc1Nc1ccnc2c1C(=O)Nc1cc(CNCC(C)C)ccc1N2,1,IC50,8.03,1,CHEMBL5931361
CCC(C)CNCc1ccc2c(c1)NC(=O)c1c(Nc3cc(O)ccc3C)ccnc1N2,1,IC50,8.23,1,CHEMBL5834202
Cc1ccc(O)cc1Nc1ccnc2c1C(=O)Nc1cc(CNC3CCCC3)ccc1N2,1,IC50,8.2,1,CHEMBL5873280
CCC(CC)NCc1ccc2c(c1)NC(=O)c1c(Nc3cc(O)ccc3C)ccnc1N2,1,IC50,8.21,1,CHEMBL5842404
Cc1ccc(O)cc1Nc1ccnc2c1C(=O)Nc1cc(CNCCN(C)C)ccc1N2,1,IC50,8.19,1,CHEMBL5887244
Cc1ccc(O)cc1Nc1ccnc2c1C(=O)Nc1cc(CNC(C)C(C)C)ccc1N2,1,IC50,8.05,1,CHEMBL5742274
Cc1cc(F)c(Nc2ccnc3c2C(=O)Nc2cc(C(=O)N4C[C@H](O)C[C@H]4CO)ccc2N3)cc1O,1,IC50,8.85,1,CHEMBL5795369
Cc1cc(F)c(Nc2ccnc3c2C(=O)Nc2cc(C(=O)N4CCC(CCO)CC4)ccc2N3)cc1O,1,IC50,8.74,1,CHEMBL5827470
CCN(CCO)C(=O)c1ccc2c(c1)NC(=O)c1c(Nc3cc(O)c(C)cc3F)ccnc1N2,1,IC50,8.75,1,CHEMBL6038302
Cc1cc(F)c(Nc2ccnc3c2C(=O)Nc2cc(CN4CCC(CCO)CC4)ccc2N3)cc1O,1,IC50,9.41,1,CHEMBL5839704
Cc1cc(F)c(Nc2ccnc3c2C(=O)Nc2cc(CN4CC5CC5C4CO)ccc2N3)cc1O,1,IC50,9.02,1,CHEMBL5842075
Cc1cc(F)c(Nc2ccnc3c2C(=O)Nc2cc(CN4CCC(C)(O)C(C)C4)ccc2N3)cc1O,1,IC50,8.76,1,CHEMBL5986834
Cc1cc(F)c(Nc2ccnc3c2C(=O)Nc2cc(CN4CCC(O)C(C)(C)C4)ccc2N3)cc1O,1,IC50,8.83,1,CHEMBL6062612
Cc1cc(F)c(Nc2ccnc3c2C(=O)Nc2cc(CNCCO)ccc2N3)cc1O,1,IC50,9.39,1,CHEMBL5743465
Cc1cc(F)c(Nc2ccnc3c2C(=O)Nc2cc(CNC(C)CO)ccc2N3)cc1O,1,IC50,8.96,1,CHEMBL6049309
CSCC(CO)NCc1ccc2c(c1)NC(=O)c1c(Nc3cc(O)c(C)cc3F)ccnc1N2,1,IC50,8.77,1,CHEMBL6022427
Cc1cc(F)c(Nc2ccnc3c2C(=O)Nc2cc(CN4CCC(O)C(O)C4)ccc2N3)cc1O,1,IC50,9.21,4,CHEMBL5939227
CC[C@@H](C)[C@@H](CO)NCc1ccc2c(c1)NC(=O)c1c(Nc3cc(O)c(C)cc3F)ccnc1N2,1,IC50,8.55,1,CHEMBL5854877
Cc1cc(F)c(Nc2ccnc3c2C(=O)Nc2cc(CN[C@@H](CO)C(N)=O)ccc2N3)cc1O,1,IC50,9.01,1,CHEMBL5907847
CCN(CC)Cc1ccc2c(c1)NC(=O)c1c(Nc3cc(O)c(Cl)cc3F)ccnc1N2,1,IC50,8.77,1,CHEMBL5758097
O=C1Nc2cc(CN3CCC(O)CC3)ccc2Nc2nccc(Nc3cc(O)c(Cl)cc3F)c21,1,IC50,8.74,1,CHEMBL5745452
Cc1cc(F)c(Nc2ccnc3c2C(=O)Nc2cc(CNC[C@@H]4CCN(C(=O)OC(C)(C)C)C[C@H]4O)ccc2N3)cc1O,1,IC50,8.93,1,CHEMBL6031371
Cc1cc(F)c(Nc2ccnc3c2C(=O)Nc2cc(CN4CCC(CO)C4)ccc2N3)cc1O,1,IC50,9.01,1,CHEMBL5873829
Cc1cc(F)c(Nc2ccnc3c2C(=O)Nc2cc(C(=O)N4CCC(O)CC4)ccc2N3)cc1O,1,IC50,8.54,1,CHEMBL5755390
Cc1cc(F)c(Nc2ccnc3c2C(=O)Nc2cc(C(=O)N4CCCC(CCO)C4)ccc2N3)cc1O,1,IC50,8.63,1,CHEMBL5909188
Cc1cc(F)c(Nc2ccnc3c2C(=O)Nc2cc(C(=O)N[C@H]4CC[C@H](O)CC4)ccc2N3)cc1O,1,IC50,9.05,1,CHEMBL5992463
Cc1cc(F)c(Nc2ccnc3c2C(=O)Nc2cc(C(=O)N4CCC(CCO)C4)ccc2N3)cc1O,1,IC50,8.85,1,CHEMBL5927001
Cc1cc(F)c(Nc2ccnc3c2C(=O)Nc2cc(CN4CCC(CCO)C4)ccc2N3)cc1O,1,IC50,9.05,1,CHEMBL5868169
Cc1cc(F)c(Nc2ccnc3c2C(=O)Nc2cc(CN4CCC5(O)CCCCC5C4)ccc2N3)cc1O,1,IC50,9.1,1,CHEMBL5859088
Cc1cc(F)c(Nc2ccnc3c2C(=O)Nc2cc(CNC(CO)Cc4cnc[nH]4)ccc2N3)cc1O,1,IC50,9.11,1,CHEMBL5784998
COCCOCCOCCOCCOCCOCCOCCOCCNCc1ccc2c(c1)NC(=O)c1c(Nc3cc(O)c(C)cc3F)ccnc1N2,1,IC50,8.29,1,CHEMBL5844874
Cc1cc(F)c(Nc2ccnc3c2C(=O)Nc2cc(CNCCOCCOCCOCCOCO)ccc2N3)cc1O,1,IC50,9.3,1,CHEMBL5816323
Cc1cc(F)c(Nc2ccnc3c2C(=O)Nc2cc(CNC4CC(O)C4)ccc2N3)cc1O,1,IC50,9.49,1,CHEMBL5944458
Cc1cc(F)c(Nc2ccnc3c2C(=O)Nc2cc(CNC4CCC4)ccc2N3)cc1O,1,IC50,9.0,1,CHEMBL6040277
Cc1cc(F)c(Nc2ccnc3c2C(=O)Nc2cc(CNC4CC(F)(F)C4)ccc2N3)cc1O,1,IC50,9.17,1,CHEMBL5793440
Cc1cc(F)c(Nc2ccnc3c2C(=O)Nc2cc(CNC4CC(OC(C)C)C4)ccc2N3)cc1O,1,IC50,9.3,1,CHEMBL5863185
CCOC(=O)[C@H]1C[C@@H](NCc2ccc3c(c2)NC(=O)c2c(Nc4cc(O)c(C)cc4F)ccnc2N3)C1,1,IC50,9.38,1,CHEMBL5857889
CCOC(=O)[C@H]1C[C@H](NCc2ccc3c(c2)NC(=O)c2c(Nc4cc(O)c(C)cc4F)ccnc2N3)C1,1,IC50,9.56,1,CHEMBL5987003
Cc1cc(F)c(Nc2ccnc3c2C(=O)Nc2cc(CN4CCN5C(=O)C(C)NC(=O)C5C4)ccc2N3)cc1O,1,IC50,9.16,1,CHEMBL6001628
Cc1cc(F)c(Nc2ccnc3c2C(=O)Nc2cc(CN[C@H]4C[C@H](C(=O)O)C4)ccc2N3)cc1O,1,IC50,9.24,1,CHEMBL5897900
Cc1cc(F)c(Nc2ccnc3c2C(=O)Nc2cc(CN4CC(=O)N(C(C)C)C(C)(C)C4)ccc2N3)cc1O,1,IC50,8.61,1,CHEMBL5834109
Cc1cc(F)c(Nc2ccnc3c2C(=O)Nc2cc(CN4CCNCC4)ccc2N3)cc1O,1,IC50,9.03,1,CHEMBL6053743
Cc1cc(F)c(Nc2ccnc3c2C(=O)Nc2cc(CN(C)CCO)ccc2N3)cc1O,1,IC50,9.07,1,CHEMBL5780343
CCN(CCN(C)C)Cc1ccc2c(c1)NC(=O)c1c(Nc3cc(O)c(C)cc3F)ccnc1N2,1,IC50,9.16,1,CHEMBL5865936
CCN(CCN)Cc1ccc2c(c1)NC(=O)c1c(Nc3cc(O)c(C)cc3F)ccnc1N2,1,IC50,9.15,1,CHEMBL5888997
Cc1cc(F)c(Nc2ccnc3c2C(=O)Nc2cc(CN(C)C[C@@H](C)O)ccc2N3)cc1O,1,IC50,9.14,1,CHEMBL5941787
Cc1cc(F)c(Nc2ccnc3c2C(=O)Nc2cc(CN(C)C[C@H](C)O)ccc2N3)cc1O,1,IC50,9.06,1,CHEMBL6012223
Cc1cc(F)c(Nc2ccnc3c2C(=O)Nc2cc(CN(C)CCN(C)C)ccc2N3)cc1O,1,IC50,9.06,1,CHEMBL5841168
CCN(Cc1ccc2c(c1)NC(=O)c1c(Nc3cc(O)c(C)cc3F)ccnc1N2)CC(C)O,1,IC50,9.07,3,CHEMBL5763315
Cc1cc(F)c(Nc2ccnc3c2C(=O)Nc2cc(CN4CC[C@H](O)C4)ccc2N3)cc1O,1,IC50,9.12,1,CHEMBL5811378
Cc1cc(F)c(Nc2ccnc3c2C(=O)Nc2cc(CN4CC[C@@H](O)C4)ccc2N3)cc1O,1,IC50,9.22,1,CHEMBL6059731
Cc1cc(F)c(Nc2ccnc3c2C(=O)Nc2cc(CN(C)CCN)ccc2N3)cc1O,1,IC50,9.1,1,CHEMBL5990952
Cc1cc(F)c(Nc2ccnc3c2C(=O)Nc2cc(CN4C[C@@H](O)[C@@H](O)C4)ccc2N3)cc1O,1,IC50,9.24,1,CHEMBL5795811
Cc1cc(F)c(Nc2ccnc3c2C(=O)Nc2cc(CN4CCC(N(C)C)CC4)ccc2N3)cc1O,1,IC50,8.92,1,CHEMBL5774715
Cc1cc(F)c(Nc2ccnc3c2C(=O)Nc2cc(CN4CCC[C@@H](N)C4)ccc2N3)cc1O,1,IC50,8.73,1,CHEMBL5931333
Cc1cc(F)c(Nc2ccnc3c2C(=O)Nc2cc(CN4CC[C@H](N)C4)ccc2N3)cc1O,1,IC50,8.66,1,CHEMBL5885572
Cc1cc(F)c(Nc2ccnc3c2C(=O)Nc2cc(CN4CC[C@@H](N)C4)ccc2N3)cc1O,1,IC50,9.02,1,CHEMBL5787361
Cc1cc(F)c(Nc2ccnc3c2C(=O)Nc2cc(CN4CC[C@@H](N(C)C)C4)ccc2N3)cc1O,1,IC50,8.51,1,CHEMBL5910618
Cc1cc(F)c(Nc2ccnc3c2C(=O)Nc2cc(CN4CCC(N)CC4)ccc2N3)cc1O,1,IC50,8.58,1,CHEMBL5911951
Cc1cc(F)c(Nc2ccnc3c2C(=O)Nc2cc(CN4CCC[C@H](N)C4)ccc2N3)cc1O,1,IC50,8.67,1,CHEMBL5880384
Cc1cc(F)c(Nc2ccnc3c2C(=O)Nc2cc(CN4CC[C@H](N(C)C)C4)ccc2N3)cc1O,1,IC50,8.9,1,CHEMBL5981796
Cc1cc(F)c(Nc2ccnc3c2C(=O)Nc2cc(CN(C)CCCO)ccc2N3)cc1O,1,IC50,9.03,1,CHEMBL5759508
CCN(CCCO)Cc1ccc2c(c1)NC(=O)c1c(Nc3cc(O)c(C)cc3F)ccnc1N2,1,IC50,9.15,1,CHEMBL5846246
Cc1cc(F)c(Nc2ccnc3c2C(=O)Nc2cc(CN4CCC[C@H](O)C4)ccc2N3)cc1O,1,IC50,9.12,1,CHEMBL5978454
Cc1cc(F)c(Nc2ccnc3c2C(=O)Nc2cc(CN4CCC[C@@H](O)C4)ccc2N3)cc1O,1,IC50,9.04,1,CHEMBL5872829
Cc1ccc(O)cc1Nc1ccnc2c1C(=O)Nc1cc(C(=O)NCc3cccc(Cl)c3)ccc1N2,1,IC50,7.86,1,CHEMBL5745480
Cc1cc(F)c(Nc2ccnc3c2C(=O)Nc2cc(CN4CCN(CC(F)F)CC4)ccc2N3)cc1O,1,IC50,9.02,1,CHEMBL6048773
Cc1ccoc1C(=O)Nc1cccc(C#Cc2cncc(C(=O)N=S3(=O)CCN(C(=O)OC(C)(C)C)CC3)c2)c1,1,IC50,8.52,1,CHEMBL5756104
Cc1ccoc1C(=O)Nc1cccc(C#Cc2cncc(C(=O)N=S3(=O)CCNCC3)c2)c1,1,IC50,8.52,1,CHEMBL5798002
CC(=O)N1CCS(=O)(=NC(=O)c2cncc(C#Cc3cccc(NC(=O)c4occc4C)c3)c2)CC1,1,IC50,8.52,1,CHEMBL5809209
CCOC(=O)CCNC(=O)N1CCS(=O)(=NC(=O)c2cncc(C#Cc3cccc(NC(=O)c4occc4C)c3)c2)CC1,1,IC50,8.52,1,CHEMBL5915863
CCOC(=O)CCCNC(=O)N1CCS(=O)(=NC(=O)c2cncc(C#Cc3cccc(NC(=O)c4occc4C)c3)c2)CC1,1,IC50,8.7,1,CHEMBL5962454
Cc1ccoc1C(=O)Nc1cccc(C#Cc2cncc(C(=O)N=S3(=O)CCN(C(=O)NCCC(=O)O)CC3)c2)c1,1,IC50,8.7,1,CHEMBL5965973
Cc1ccoc1C(=O)Nc1cccc(C#Cc2cncc(C(=O)N=S3(=O)CCN(C(=O)NCCCC(=O)O)CC3)c2)c1,1,IC50,8.7,1,CHEMBL5875866
Cc1ccoc1C(=O)Nc1cccc(C#Cc2cncc(C(=O)N=S3(=O)CCN(C(=O)NCCC(=O)N4CCC(O)C4)CC3)c2)c1,1,IC50,8.4,1,CHEMBL5802850
Cc1ccoc1C(=O)Nc1cccc(C#Cc2cncc(C(=O)N=S3(=O)CCN(C(=O)NCCCC(=O)N4CCC(O)C4)CC3)c2)c1,1,IC50,8.4,1,CHEMBL5779482
Cc1ccoc1C(=O)Nc1cccc(C#Cc2cncc(C(=O)N=S3(=O)CCN(C(=O)NCCCC(=O)NCC(O)CO)CC3)c2)c1,1,IC50,8.4,1,CHEMBL6037492
CCOC(=O)CNC(=O)N1CCS(=O)(=NC(=O)c2cncc(C#Cc3cccc(NC(=O)c4occc4C)c3)c2)CC1,1,IC50,8.3,1,CHEMBL5988483
Cc1ccoc1C(=O)Nc1cccc(C#Cc2cncc(C(=O)N=S3(=O)CCN(C(=O)NCC(=O)O)CC3)c2)c1,1,IC50,8.4,1,CHEMBL5762911
Cc1ccoc1C(=O)Nc1cccc(C#Cc2cc(C(=O)N=S3(=O)CCN(C(=O)OC(C)(C)C)CC3)cnc2N)c1,1,IC50,8.52,1,CHEMBL5871198
Cc1ccoc1C(=O)Nc1cccc(C#Cc2cc(C(=O)N=S3(=O)CCNCC3)cnc2N)c1,1,IC50,8.52,1,CHEMBL5830126
Cc1ccoc1C(=O)Nc1cccc(C#Cc2cc(C(=O)N=S3(=O)CCN(C(N)=O)CC3)cnc2N)c1,1,IC50,8.7,1,CHEMBL5741846
Cc1ccc(F)c(C(=O)Nc2cccc(C#Cc3cc(C(=O)N=S4(=O)CCN(C(=O)OC(C)(C)C)CC4)cnc3N)c2)c1,1,IC50,7.82,1,CHEMBL5811682
Cc1ccc(F)c(C(=O)Nc2cccc(C#Cc3cc(C(=O)N=S4(=O)CCNCC4)cnc3N)c2)c1,1,IC50,7.8,1,CHEMBL5840986
Cc1ccc(F)c(C(=O)Nc2cccc(C#Cc3cc(C(=O)N=S4(=O)CCN(C(N)=O)CC4)cnc3N)c2)c1,1,IC50,7.82,1,CHEMBL5816186
Cc1ccoc1C(=O)Nc1cccc(C#Cc2cncc(C(=O)N=S3(=O)CCOCC3)c2)c1,1,IC50,7.92,1,CHEMBL5981617
Cc1ccoc1C(=O)Nc1cccc(C#Cc2cc(C(=O)N=S3(=O)CCOCC3)cnc2N)c1,1,IC50,8.15,1,CHEMBL5881973
Cc1ccc(F)c(C(=O)Nc2cccc(C#Cc3cc(C(=O)N=S4(=O)CCOCC4)cnc3N)c2)c1,1,IC50,7.8,1,CHEMBL5872882
Cc1ccc(F)c(NC(=O)c2cccc(C#Cc3cc(C(=O)N=S4(=O)CCOCC4)cnc3N)c2)c1,1,IC50,7.85,1,CHEMBL5914018
Nc1ncc(C(=O)N=S2(=O)CCOCC2)cc1C#Cc1cccc(C(=O)Nc2ccc(Cl)c(C(F)(F)F)c2)c1,1,IC50,7.41,1,CHEMBL5870272
CC(C)(C)c1cc(NC(=O)c2cccc(C#Cc3cc(C(=O)N=S4(=O)CCOCC4)cnc3N)c2)no1,1,IC50,7.7,1,CHEMBL6053013
COc1cccc(NC(=O)c2cccc(C#Cc3cc(C(=O)N=S4(=O)CCOCC4)cnc3N)c2)c1,1,IC50,7.48,1,CHEMBL6046380
Cc1ccoc1C(=O)Nc1cccc(C#Cc2cncc(-c3nnn(CCCO)n3)c2)c1,1,IC50,8.3,2,CHEMBL5786084
Cc1cccc(C(=O)Nc2cccc(C#Cc3cncc(-c4nnn(CCCO)n4)c3)c2)c1,1,IC50,8.15,2,CHEMBL5984271
O=C(Nc1ccc(C#Cc2cncc(-c3nnn(CCCO)n3)c2)cc1)Nc1cc(C(F)(F)F)ccc1F,1,IC50,8.1,2,CHEMBL5779157
CNC(=O)c1ccccc1Sc1ccc2c(C#Cc3cccc(NC(=O)NCCOC)c3)n[nH]c2c1,1,IC50,8.4,1,CHEMBL5801395
CNC(=O)c1ccccc1Sc1ccc2c(C#Cc3cccc(NC(=O)NCCOCCOC)c3)n[nH]c2c1,1,IC50,8.33,1,CHEMBL5950687
CNC(=O)c1ccccc1Sc1ccc2c(C#Cc3cccc(NC(=O)NCCOCCOCCOC)c3)n[nH]c2c1,1,IC50,8.23,1,CHEMBL5917376
CNC(=O)c1ccccc1Sc1ccc2c(C#Cc3cccc(NC(=O)NCCOCCOCCOCCOC)c3)n[nH]c2c1,1,IC50,8.17,1,CHEMBL5954122
CNC(=O)c1ccccc1Sc1ccc2c(C#Cc3cccc(NC(=O)NCCOCCOCCOCCOCCOC)c3)n[nH]c2c1,1,IC50,8.11,1,CHEMBL5957859
CNC(=O)c1ccccc1Sc1ccc2c(C#Cc3ccc(NC(=O)NCCOC)cc3)n[nH]c2c1,1,IC50,8.35,1,CHEMBL6063694
CNC(=O)c1ccccc1Sc1ccc2c(C#Cc3ccc(NC(=O)NCCOCCOC)cc3)n[nH]c2c1,1,IC50,8.47,1,CHEMBL6045768
CNC(=O)c1ccccc1Sc1ccc2c(C#Cc3ccc(NC(=O)NCCOCCOCCOC)cc3)n[nH]c2c1,1,IC50,8.51,1,CHEMBL5747825
CNC(=O)c1ccccc1Sc1ccc2c(C#Cc3ccc(NC(=O)NCCOCCOCCOCCOC)cc3)n[nH]c2c1,1,IC50,8.41,1,CHEMBL5758936
CNC(=O)c1ccccc1Sc1ccc2c(C#Cc3ccc(NC(=O)NCCOCCOCCOCCOCCOC)cc3)n[nH]c2c1,1,IC50,8.41,1,CHEMBL5774740
CNC(=O)c1ccccc1Sc1ccc2c(C#Cc3cccc(NC(=O)OCCOC)c3)n[nH]c2c1,1,IC50,8.06,1,CHEMBL5956476
CNC(=O)c1ccccc1Sc1ccc2c(C#Cc3cccc(NC(=O)OCCOCCOC)c3)n[nH]c2c1,1,IC50,8.14,1,CHEMBL5808657
CNC(=O)c1ccccc1Sc1ccc2c(C#Cc3cccc(NC(=O)OCCOCCOCCOC)c3)n[nH]c2c1,1,IC50,8.05,1,CHEMBL5980919
CNC(=O)c1ccccc1Sc1ccc2c(C#Cc3ccc(NC(=O)OCCOC)cc3)n[nH]c2c1,1,IC50,8.12,1,CHEMBL5862715
CNC(=O)c1ccccc1Sc1ccc2c(C#Cc3ccc(NC(=O)OCCOCCOC)cc3)n[nH]c2c1,1,IC50,8.24,1,CHEMBL5939621
CNC(=O)c1ccccc1Sc1ccc2c(C#Cc3ccc(NC(=O)OCCOCCOCCOC)cc3)n[nH]c2c1,1,IC50,8.28,1,CHEMBL6000994
CNC(=O)c1ccccc1Sc1ccc2c(C#Cc3ccc(NC(=O)OCCOCCOCCOCCOC)cc3)n[nH]c2c1,1,IC50,8.19,1,CHEMBL6033887
CNC(=O)c1ccccc1Sc1ccc2c(C#Cc3ccc(NC(=O)OCCOCCOCCOCCOCCOC)cc3)n[nH]c2c1,1,IC50,8.1,1,CHEMBL6036230
CNC(=O)c1ccccc1Sc1ccc2c(C#Cc3cccc(NC(=O)COCCOCCOCCOCCOCCOC)c3)n[nH]c2c1,1,IC50,8.34,1,CHEMBL6036354
CNC(=O)c1ccccc1Sc1ccc2c(C#Cc3ccc(NC(=O)COCCOCCOCCOC)cc3)n[nH]c2c1,1,IC50,8.38,1,CHEMBL5764170
CNC(=O)c1ccccc1Sc1ccc2c(C#Cc3ccc(NC(=O)COCCOCCOCCOCCOC)cc3)n[nH]c2c1,1,IC50,8.31,1,CHEMBL5843185
CNC(=O)c1ccccc1Sc1ccc2c(C#Cc3ccc(NC(=O)COCCOCCOCCOCCOCCOC)cc3)n[nH]c2c1,1,IC50,8.32,1,CHEMBL5786647
CNC(=O)c1ccccc1Sc1ccc2c(C#Cc3cccc(NCCOC)c3)n[nH]c2c1,1,IC50,7.89,1,CHEMBL5977772
CNC(=O)c1ccccc1Sc1ccc2c(C#Cc3cccc(NCCOCCOC)c3)n[nH]c2c1,1,IC50,8.0,1,CHEMBL5865064
CNC(=O)c1ccccc1Sc1ccc2c(C#Cc3cccc(NCCOCCOCCOC)c3)n[nH]c2c1,1,IC50,8.0,1,CHEMBL5909240
CNC(=O)c1ccccc1Sc1ccc2c(C#Cc3ccc(NCCOCCOC)cc3)n[nH]c2c1,1,IC50,8.43,1,CHEMBL5886819
CNC(=O)c1ccccc1Sc1ccc2c(C#Cc3ccc(NCCOCCOCCOC)cc3)n[nH]c2c1,1,IC50,8.4,1,CHEMBL5975909
CNC(=O)c1ccccc1Sc1ccc2c(C#Cc3ccc(NCCOCCOCCOCCOC)cc3)n[nH]c2c1,1,IC50,8.43,1,CHEMBL5962372
CNC(=O)c1ccccc1Sc1ccc2c(C#Cc3ccc(NCCOCCOCCOCCOCCOC)cc3)n[nH]c2c1,1,IC50,8.38,1,CHEMBL5955635
CNC(=O)c1ccccc1Sc1ccc2c(C#Cc3cncc(NC(=O)NCCOCCOCCOC)c3)n[nH]c2c1,1,IC50,8.05,1,CHEMBL5865447
CNC(=O)c1ccccc1Sc1ccc2c(C#Cc3cncc(NC(=O)NCCOCCOCCOCCOCCOC)c3)n[nH]c2c1,1,IC50,7.82,1,CHEMBL5894064
CNC(=O)c1ccccc1Sc1ccc2c(C#Cc3ccc(NC(=O)NCCOCCOCCOC)nc3)n[nH]c2c1,1,IC50,8.26,1,CHEMBL5818269
CNC(=O)c1ccccc1Sc1ccc2c(C#Cc3ccc(NC(=O)NCCOCCOCCOCCOC)nc3)n[nH]c2c1,1,IC50,8.04,1,CHEMBL5928191
CNC(=O)c1ccccc1Sc1ccc2c(C#Cc3ccc(NC(=O)NCCOCCOCCOCCOCCOC)nc3)n[nH]c2c1,1,IC50,7.96,1,CHEMBL5804567
CNC(=O)c1ccccc1Sc1ccc2c(C#Cc3ccc(NC(=O)NCCOCCOCCOC)cn3)n[nH]c2c1,1,IC50,8.38,1,CHEMBL5972476
CNC(=O)c1ccccc1Sc1ccc2c(C#Cc3ccc(NC(=O)NCCOCCOCCOCCOC)cn3)n[nH]c2c1,1,IC50,8.24,1,CHEMBL5881624
CNC(=O)c1ccccc1Sc1ccc2c(C#Cc3ccc(NC(=O)NCCOCCOCCOCCOCCOC)cn3)n[nH]c2c1,1,IC50,8.23,1,CHEMBL5973692
CNC(=O)c1ccccc1Sc1ccc2c(C#Cc3ccc(NC(=O)COCCOCCOCCOC)nc3)n[nH]c2c1,1,IC50,8.1,1,CHEMBL5921174
CNC(=O)c1ccccc1Sc1ccc2c(C#Cc3ccc(NC(=O)COCCOCCOCCOCCOC)nc3)n[nH]c2c1,1,IC50,8.01,1,CHEMBL5973505
CNC(=O)c1ccccc1Sc1ccc2c(C#Cc3ccc(NC(=O)COCCOCCOCCOCCOCCOC)nc3)n[nH]c2c1,1,IC50,7.92,1,CHEMBL6053810
CNC(=O)c1ccccc1Sc1ccc2c(C#Cc3ccc(NC(=O)COCCOCCOCCOC)cn3)n[nH]c2c1,1,IC50,8.37,1,CHEMBL5889358
CNC(=O)c1ccccc1Sc1ccc2c(C#Cc3ccc(NC(=O)NCCOCCOCCO)cc3)n[nH]c2c1,1,IC50,8.54,1,CHEMBL5977177
CNC(=O)c1ccccc1Sc1ccc2c(C#Cc3ccc(NC(=O)NCCOCCOCCN)cc3)n[nH]c2c1,1,IC50,8.55,1,CHEMBL6026983
CNC(=O)c1ccccc1Sc1ccc2c(C#Cc3ccc(NC(=O)NCCOCCOCCN(C)C)cc3)n[nH]c2c1,1,IC50,8.46,1,CHEMBL5997277
CNC(=O)c1ccccc1Sc1ccc2c(C#Cc3ccc(NC(=O)NCCOCCOCCNC(C)=O)cc3)n[nH]c2c1,1,IC50,8.29,1,CHEMBL5803292
CNC(=O)c1ccccc1Sc1ccc2c(C#Cc3ccc(NC(=O)NCCOCCOCCN4CCOCC4)cc3)n[nH]c2c1,1,IC50,8.21,1,CHEMBL5996041
CNC(=O)c1ccccc1Sc1ccc2c(C#Cc3ccccn3)n[nH]c2c1,1,IC50,8.26,1,CHEMBL5766792
C=CC(=O)Nc1cccc(-c2cccc3cnc(Nc4ccc(N5CCN(C)CC5)cc4F)nc23)c1,1,IC50,6.52,3,CHEMBL5941785
C=CC(=O)Nc1cccc(-c2cccc3cnc(Nc4ccc(N5CCN(CCO)CC5)cc4F)nc23)c1,1,IC50,6.52,3,CHEMBL5856278
C=CC(=O)Nc1cccc(-c2cccc3cnc(Nc4ccc(N5CCN(CCO)CC5)c(F)c4F)nc23)c1,1,IC50,6.52,3,CHEMBL4297486
COc1ccc(N(C)c2nc(C)nc3oc(C)cc23)c(OC)c1,1,IC50,7.49,1,CHEMBL3403509
COc1ccc(N(C)c2nc(C)nc3oc(C)cc23)cc1OC,1,IC50,7.73,1,CHEMBL3403510
Cc1nc(N(C)c2ccc3c(c2)OCO3)c2cc(C)oc2n1,1,IC50,7.7,1,CHEMBL3403512
Cc1nc(N(C)c2ccc3c(c2)OCC3)c2cc(C)oc2n1,1,IC50,8.17,1,CHEMBL5902883
Cc1nc(N(C)c2ccc3ccoc3c2)c2cc(C)oc2n1,1,IC50,8.24,1,CHEMBL5905340
COc1ccc2c(c1)CC(N(C)c1nc(C)nc3oc(C)cc13)N2,1,IC50,7.68,1,CHEMBL5839813
COc1ccc2c(c1)CCCN2c1nc(C)nc2oc(C)cc12,1,IC50,7.48,1,CHEMBL3403517
Cc1nc(N(C)c2ccc(OC(C)C)cc2)c2cc(C)oc2n1,1,IC50,7.42,1,CHEMBL3403518
CCOc1ccc(N(C)c2nc(C)nc3oc(C)cc23)cc1,1,IC50,6.92,1,CHEMBL3403519
CNC(=O)/C=C(\c1cc(OC)cc(OC)c1)c1ccc2ncc(-c3cnn(C)c3)nc2n1,1,IC50,6.6,1,CHEMBL5916589
CCOC(=O)CC(c1cc(OC)cc(OC)c1)c1ccc2ncc(-c3cnn(C)c3)cc2n1,1,IC50,6.3,1,CHEMBL5948259
Cn1cc(-c2cnc3ccc(C(=O)c4cccc(O)c4)nc3c2)cn1,1,IC50,7.0,1,CHEMBL5901951
COc1cc(OC)cc(C(CCO)c2ccc3ncc(-c4cnn(C)c4)cc3n2)c1,1,IC50,6.2,1,CHEMBL6004875
COc1cc(OC)cc(N(CCO)c2ccc3ncc(-c4cnn(C)c4)cc3n2)c1,1,IC50,7.5,1,CHEMBL5811112
COCCN(c1cc(OC)cc(OC)c1)c1ccc2ncc(-c3cnn(C)c3)cc2n1,1,IC50,7.3,1,CHEMBL6026036
COc1cc(OC)cc(N(CCN(CCNC(C)C)C(C)C)c2ccc3ncc(-c4cnn(C)c4)cc3n2)c1,1,IC50,7.3,1,CHEMBL6039513
COc1cc(OC)cc(N(CCNC(C)C)c2ccc3ncc(-c4cnn(C)c4)cc3n2)c1,1,IC50,7.5,1,CHEMBL5961234
COc1cc(/N=c2\ccc3ncc(-c4cnn(C)c4)cc3n2CCNC(C)C)cc(OC)c1,1,IC50,7.2,1,CHEMBL5840645
COc1cc(OC)cc(N(Cc2ncc[nH]2)c2ccc3ncc(-c4cnn(C)c4)cc3n2)c1,1,IC50,7.7,1,CHEMBL5861595
COc1cc(OC)cc(N(CCCO)c2ccc3ncc(-c4cnn(C)c4)cc3n2)c1,1,IC50,7.7,1,CHEMBL5784290
COc1cc(OC)cc(N(Cc2nccn2S(=O)(=O)N(C)C)c2ccc3ncc(-c4cnn(C)c4)cc3n2)c1,1,IC50,7.3,1,CHEMBL5816135
C#CCN(c1cc(OC)cc(OC)c1)c1ccc2ncc(-c3cnn(C)c3)cc2n1,1,IC50,7.1,1,CHEMBL6059926
COc1cc(OC)cc(N(CCCO)c2ccc3ncc(-c4cnn(C)c4)c(Cl)c3n2)c1,1,IC50,7.8,1,CHEMBL6043032
COc1cc(OC)c(F)c(N(Cc2nccn2S(=O)(=O)N(C)C)c2ccc3ncc(-c4cnn(C)c4)cc3n2)c1F,1,IC50,7.46,1,CHEMBL5790147
COc1cc(OC)c(F)c(N(Cc2ncccn2)c2ccc3ncc(-c4cnn(C)c4)cc3n2)c1F,1,IC50,6.96,1,CHEMBL5820230
COc1cc(OC)c(F)c(N(CCCO)c2ccc3ncc(-c4cnn(C)c4)cc3n2)c1F,1,IC50,7.49,1,CHEMBL5909655
COc1cc(OC)c(F)c(N(Cc2ncc[nH]2)c2ccc3ncc(-c4cnn(C)c4)cc3n2)c1F,1,IC50,7.76,1,CHEMBL5986038
COc1cc(OC)c(F)c(N(CCNC(C)C)c2ccc3ncc(-c4cnn(C)c4)cc3n2)c1F,1,IC50,7.76,1,CHEMBL5945065
CN(C)S(=O)(=O)n1ccnc1CN(c1ccc2ncc(-c3cnn(C)c3)cc2n1)c1c(F)cccc1F,1,IC50,6.81,1,CHEMBL5879987
Cn1cc(-c2cnc3ccc(N(Cc4ncc[nH]4)c4cc(F)cc(F)c4)nc3c2)cn1,1,IC50,6.73,1,CHEMBL5835883
Cn1cc(-c2cnc3ccc(N(Cc4ncc[nH]4)c4c(F)cccc4F)nc3c2)cn1,1,IC50,6.83,1,CHEMBL5873306
CC(C)NCCn1/c(=N/c2c(F)cccc2F)ccc2ncc(-c3cnn(C)c3)cc21,1,IC50,6.48,1,CHEMBL5972908
CC(C)NCCN(c1ccc2ncc(-c3cnn(C)c3)cc2n1)c1c(F)cccc1F,1,IC50,6.91,1,CHEMBL5847581
COc1cc(OC)cc(N(CCNC(C)C)c2ccc3ncc(-c4cnn(C(C)C)c4)cc3n2)c1,1,IC50,7.78,1,CHEMBL6020273
CCn1cc(-c2cnc3ccc(N(CCNC(C)C)c4cc(OC)cc(OC)c4)nc3c2)cn1,1,IC50,7.74,1,CHEMBL6017616
CC(C)NCCN(c1cc(F)cc(F)c1)c1ccc2ncc(-c3cnn(C)c3)cc2n1,1,IC50,6.21,1,CHEMBL5938556
COc1cc(OC)cc(N(CCO)c2ccc3ncc(-c4cnn(C)c4)c(Cl)c3n2)c1,1,IC50,8.05,1,CHEMBL6055587
COc1cc(OC)cc(N(Cc2ncc[nH]2)c2ccc3ncc(-c4cnn(C)c4)c(Cl)c3n2)c1,1,IC50,8.23,1,CHEMBL5744783
COc1cc(OC)c(F)c(N(Cc2ncccn2)c2ccc3ncc(-c4cnn(C)c4)cc3n2)c1,1,IC50,7.5,1,CHEMBL5852698
COc1cc(OC)cc(N(c2ccc3ncc(-c4cnn(C)c4)cc3n2)C2CCNCC2)c1,1,IC50,7.92,1,CHEMBL5988164
CNCCN(c1ccc2ncc(-c3cnn(C)c3)cc2n1)c1cc(OC)cc(OC)c1F,1,IC50,7.64,1,CHEMBL5891738
COc1cc(OC)c(F)c(N(CCNC(C)C)c2ccc3ncc(-c4cnn(C)c4)cc3n2)c1,1,IC50,7.72,1,CHEMBL5991575
COc1cc(/N=c2\ccc3ncc(-c4cnn(C)c4)cc3n2CCNC(C)C)c(F)c(OC)c1,1,IC50,7.34,1,CHEMBL5759397
COc1cc(OC)c(Cl)c(N(Cc2nccn2S(=O)(=O)N(C)C)c2ccc3ncc(-c4cnn(C)c4)cc3n2)c1Cl,1,IC50,7.31,1,CHEMBL5929514
COc1cc(OC)c(F)c(N(CCOC(C)C)c2ccc3ncc(-c4cnn(C)c4)cc3n2)c1F,1,IC50,7.91,1,CHEMBL6059454
COc1cc(OC)cc(N(Cc2cncn2Cc2ccccc2)c2ccc3ncc(-c4cnn(C)c4)cc3n2)c1,1,IC50,7.45,1,CHEMBL5846994
COc1cc(OC)c(Cl)c(N(Cc2ncc[nH]2)c2ccc3ncc(-c4cnn(C)c4)cc3n2)c1Cl,1,IC50,7.84,1,CHEMBL5962076
COc1cc(OC)c(F)c(N(CC2CCC(=O)N2)c2ccc3ncc(-c4cnn(C)c4)cc3n2)c1,1,IC50,8.1,2,CHEMBL6017407
COc1cc(OC)cc(N(Cc2c[nH]cn2)c2ccc3ncc(-c4cnn(C)c4)cc3n2)c1,1,IC50,8.27,1,CHEMBL5799893
COc1cc(OC)cc(N(Cc2cn(S(=O)(=O)N(C)C)cn2)c2ccc3ncc(-c4cnn(C)c4)cc3n2)c1,1,IC50,7.35,1,CHEMBL5813182
COc1cc(OC)cc(N(CC2CCC(=O)N2)c2ccc3ncc(-c4cnn(C)c4)cc3n2)c1,1,IC50,7.82,2,CHEMBL5960301
COc1cc(OC)c(F)c(N(CCOC(C)C)c2ccc3ncc(-c4cnn(C)c4)cc3n2)c1,1,IC50,7.74,1,CHEMBL5798050
COc1cc(OC)c(F)c(N(CC2CCC(=O)N2)c2ccc3ncc(-c4cnn(C)c4)cc3n2)c1F,1,IC50,8.23,2,CHEMBL5741829
CNCCN(c1ccc2ncc(-c3cnn(C)c3)cc2n1)c1c(F)c(OC)cc(OC)c1F,1,IC50,7.97,1,CHEMBL6050201
COc1cc(OC)c(F)c(N(CC2CCCO2)c2ccc3ncc(-c4cnn(C)c4)cc3n2)c1F,1,IC50,7.99,1,CHEMBL5820336
COc1cc(OC)cc(N(Cc2nnc[nH]2)c2ccc3ncc(-c4cnn(C)c4)cc3n2)c1,1,IC50,7.7,1,CHEMBL5850462
COc1cc(OC)c(F)c(N(Cc2nnc[nH]2)c2ccc3ncc(-c4cnn(C)c4)cc3n2)c1,1,IC50,7.87,1,CHEMBL5764388
COc1cc(OC)c(F)c(N(Cc2nnc[nH]2)c2ccc3ncc(-c4cnn(C)c4)cc3n2)c1F,1,IC50,7.99,1,CHEMBL5850059
COc1cc(OC)cc(N(CC2CCCO2)c2ccc3ncc(-c4cnn(C)c4)cc3n2)c1,1,IC50,7.4,1,CHEMBL5826872
COc1cc(OC)c(F)c(N(CC2CCCO2)c2ccc3ncc(-c4cnn(C)c4)cc3n2)c1,1,IC50,7.41,1,CHEMBL5900706
CNCCN(c1cc2cc(-c3cnn(C)c3)cnc2cn1)c1c(F)c(OC)cc(OC)c1F,1,IC50,6.74,1,CHEMBL5903273
COc1cc(OC)c(F)c(N(CC2CCC(=O)N2C)c2ccc3ncc(-c4cnn(C)c4)cc3n2)c1,1,IC50,7.72,1,CHEMBL5802197
COc1cc(OC)c(F)c(N(Cc2nccn2S(=O)(=O)N(C)C)c2cc3cc(-c4cnn(C)c4)cnc3cn2)c1F,1,IC50,6.77,1,CHEMBL5943926
COc1cc(OC)c(F)c(N(Cc2ncc[nH]2)c2cc3cc(-c4cnn(C)c4)cnc3cn2)c1F,1,IC50,6.71,1,CHEMBL5754555
CNCCN(c1ccc2ncc(-c3cnn(C)c3)cc2n1)c1c(Cl)c(OC)cc(OC)c1Cl,1,IC50,6.98,1,CHEMBL5989915
COc1cc(OC)c(F)c(N(CCO)c2cc3cc(-c4cnn(C)c4)cnc3cn2)c1,1,IC50,6.04,1,CHEMBL5783288
COc1cc(OC)c(F)c(N(CC(N)=O)c2ccc3ncc(-c4cnn(C)c4)cc3n2)c1,1,IC50,7.27,1,CHEMBL5869013
COc1cc(OC)c(F)c(N(Cc2ccn(S(=O)(=O)N(C)C)n2)c2ccc3ncc(-c4cnn(C)c4)cc3n2)c1,1,IC50,7.31,1,CHEMBL5950870
COc1cc(OC)c(F)c(N(Cc2ncco2)c2ccc3ncc(-c4cnn(C)c4)cc3n2)c1,1,IC50,7.66,1,CHEMBL5992595
COc1cc(OC)cc(N(Cc2nccn2S(=O)(=O)N(C)C)c2ccc3ncc(-c4ccncc4)cc3n2)c1,1,IC50,6.85,1,CHEMBL5998768
COc1cc(OC)cc(N(Cc2ncc[nH]2)c2ccc3ncc(-c4ccncc4)cc3n2)c1,1,IC50,7.3,1,CHEMBL5762076
COc1cc(OC)c(F)c(N(CCCC#N)c2ccc3ncc(-c4cnn(C)c4)cc3n2)c1,1,IC50,8.14,1,CHEMBL5756659
COc1cc(OC)cc(N(CCO)c2ccc3ncc(-c4ccncc4)cc3n2)c1,1,IC50,7.11,1,CHEMBL6034136
COc1cc(OC)c(F)c(N(Cc2cc[nH]n2)c2ccc3ncc(-c4cnn(C)c4)cc3n2)c1,1,IC50,8.24,1,CHEMBL5928919
COc1cc(OC)cc(N(Cc2nccn2S(=O)(=O)N(C)C)c2ccc3ncc(-c4cccnc4)cc3n2)c1,1,IC50,6.8,1,CHEMBL5846213
COc1cc(OC)cc(N(Cc2ncc[nH]2)c2ccc3ncc(-c4cccnc4)cc3n2)c1,1,IC50,7.09,1,CHEMBL5754334
CCN1CCN(c2ccc3[nH]c(-c4cc(CCc5cc(OC)cc(OC)c5)[nH]n4)nc3c2)CC1,1,IC50,7.09,1,CHEMBL5858251
COc1cc(CCc2cc(-c3nc4cc(CN5CCN(CCN6CCOCC6)CC5)ccc4[nH]3)n[nH]2)cc(OC)c1,1,IC50,6.9,1,CHEMBL5757111
COc1cc(CCc2cc(-c3nc4ccc(N5CCN(C(=O)N6CCOCC6)CC5)cc4[nH]3)n[nH]2)cc(OC)c1,1,IC50,7.36,1,CHEMBL5875959
COc1cc(CCc2cc(-c3nc4ccc(-c5ccn(CCN6CCOCC6)n5)cc4[nH]3)n[nH]2)cc(OC)c1,1,IC50,7.05,1,CHEMBL5866093
COc1cc2c(Nc3ccc(Cl)c(Cl)c3F)ncnc2cc1OC[C@H]1C[C@@H]2CN(C)C[C@@H]2C1,1,IC50,6.28,2,CHEMBL6020102
CCN1C[C@H]2C[C@@H](COc3cc4ncnc(Nc5ccc(Br)c(Cl)c5F)c4cc3OC)C[C@H]2C1,1,IC50,6.28,2,CHEMBL6019041
COc1cc2c(Nc3ccc(Br)c(Cl)c3F)ncnc2cc1OC[C@@H]1C[C@@H]2CN(CC(C)C)C[C@@H]2C1,1,IC50,6.28,2,CHEMBL5906475
COc1cc2c(Nc3ccc(Br)c(Cl)c3Cl)ncnc2cc1OC[C@H]1CN2CCOCC2CO1,1,IC50,6.28,2,CHEMBL5895942
COc1cc2c(Nc3cc(Cl)c(Br)cc3F)ncnc2cc1OC[C@@H]1CN2CCOCC2CO1,1,IC50,6.28,2,CHEMBL5815325
COc1cc2c(Nc3cc(Cl)c(Br)cc3F)ncnc2cc1OC[C@H]1CN2CCC[C@@H]2CO1,1,IC50,6.28,2,CHEMBL5786441
COc1cc2c(Nc3cc(Cl)c(Cl)cc3F)ncnc2cc1OC[C@@H]1CN2CCC[C@H]2CO1,1,IC50,6.28,1,CHEMBL3896122
COc1cc2c(Nc3ccc(Cl)c(Cl)c3F)ncnc2cc1OC[C@@H]1CN2CCC[C@H]2C(=O)N1,0,IC50,4.98,2,CHEMBL3947712
COc1cc2c(Nc3ccc(Cl)c(Cl)c3F)ncnc2cc1OC[C@@H]1CN2CCC[C@@H]2C(=O)N1,0,IC50,4.98,2,CHEMBL3945072
COc1cc2c(Nc3ccc(Cl)c(Cl)c3)ncnc2cc1OCC1CC2CCC(C1)N2C,0,IC50,4.98,1,CHEMBL5807479
COc1cc2c(Nc3ccc(Cl)c(Cl)c3)ncnc2cc1OC1CC2CCC(C1)N2C,0,IC50,4.98,2,CHEMBL6040861
COc1cc2c(Nc3cc(Cl)c(Br)cc3F)ncnc2cc1O[C@H]1CO[C@H]2[C@@H]1OC[C@@H]2OC,0,IC50,4.98,1,CHEMBL6045335
COc1cc2c(Nc3ccc(Cl)c(Cl)c3F)ncnc2cc1O[C@H]1CO[C@H]2[C@@H]1OC[C@@H]2OC,0,IC50,4.98,1,CHEMBL6043809
COc1cc2c(Nc3ccc(Cl)c(Cl)c3F)ncnc2cc1OC[C@@H]1C[C@@H]2CN(C(C)C)C[C@@H]2C1,1,IC50,6.28,1,CHEMBL6044692
COc1cc2c(Nc3ccc(Br)c(Cl)c3F)ncnc2cc1OC[C@@H]1C[C@@H]2CN(C(C)C)C[C@@H]2C1,1,IC50,6.28,1,CHEMBL6024677
COc1cc2c(Nc3ccc(Br)c(Cl)c3F)ncnc2cc1OC[C@@H]1C[C@@H]2CN(C(C)=O)C[C@@H]2C1,1,IC50,6.28,1,CHEMBL6011463
COc1cc2c(Nc3ccc(Br)c(Cl)c3F)ncnc2cc1OC[C@H]1C[C@H]2CNC[C@H]2C1,1,IC50,6.28,1,CHEMBL5899773
CCOC(=O)N1C[C@H]2CC(COc3cc4ncnc(Nc5ccc(Br)c(Cl)c5F)c4cc3OC)C[C@H]2C1,0,IC50,4.98,1,CHEMBL5777050
COc1cc2c(Nc3ccc(Br)c(Cl)c3F)ncnc2cc1OC[C@@H]1C[C@@H]2CN(S(C)(=O)=O)C[C@@H]2C1,1,IC50,6.28,1,CHEMBL5821356
CCN1C[C@H]2C[C@@H](COc3cc4ncnc(Nc5ccc(Cl)c(Cl)c5F)c4cc3OC)C[C@H]2C1,0,IC50,4.98,1,CHEMBL5936488
COc1cc2c(Nc3cc(Cl)c(Cl)cc3F)ncnc2cc1OC[C@H]1C[C@@H]2CN(C)C[C@@H]2C1,0,IC50,4.98,1,CHEMBL6060962
COc1cc2c(Nc3cc(Cl)c(Br)cc3F)ncnc2cc1OC[C@H]1C[C@@H]2CN(C)C[C@@H]2C1,0,IC50,4.98,1,CHEMBL6041855
COc1cc2c(Nc3ccc(Cl)c(Cl)c3)ncnc2cc1OC[C@H]1C[C@@H]2CN(C)C[C@@H]2C1,0,IC50,4.98,1,CHEMBL5914438
COc1cc2c(Nc3cc(Cl)c(Cl)cc3F)ncnc2cc1OC[C@H]1CN2CCOCC2CO1,1,IC50,6.28,1,CHEMBL5966790
COc1cc2c(Nc3cc(Cl)c(Br)cc3F)ncnc2cc1OC[C@H]1CN2CCOCC2CO1,1,IC50,6.28,1,CHEMBL5757195
COc1cc2c(Nc3ccc(F)c(Cl)c3F)ncnc2cc1OC[C@H]1CN2CCOCC2CO1,1,IC50,6.28,1,CHEMBL5881183
COc1cc2c(Nc3ccc(Cl)c(Cl)c3F)ncnc2cc1OC[C@@H]1CN2CCOCC2CO1,0,IC50,4.98,1,CHEMBL5884073
COc1cc2c(Nc3ccc(Br)c(Cl)c3F)ncnc2cc1OC[C@@H]1CN2CCOCC2CO1,0,IC50,4.98,1,CHEMBL5946038
COc1cc2c(Nc3ccc(F)c(Cl)c3F)ncnc2cc1OC[C@@H]1CN2CCOCC2CO1,0,IC50,4.98,1,CHEMBL6038766
COc1cc2c(Nc3cc(Cl)c(Cl)cc3F)ncnc2cc1OC[C@@H]1CN2CCOCC2CO1,0,IC50,4.98,1,CHEMBL5926485
COc1cc2c(Nc3ccc(Br)c(Cl)c3Cl)ncnc2cc1OC[C@@H]1CN2CCOCC2CO1,0,IC50,4.98,1,CHEMBL5970210
COc1cc2c(Nc3ccc(Cl)c(Cl)c3F)ncnc2cc1OC[C@H]1CN2CCOCC2CO1,1,IC50,6.28,1,CHEMBL5997364
COc1cc2c(Nc3ccc(Br)c(Cl)c3F)ncnc2cc1OC[C@H]1CN2CCOCC2CO1,1,IC50,6.28,1,CHEMBL5933807
COc1cc2c(Nc3ccc(Cl)c(Cl)c3)ncnc2cc1OC[C@@H]1CN2CCC[C@H]2CO1,1,IC50,6.28,1,CHEMBL3928883
COc1cc2c(Nc3cc(Cl)c(Br)cc3F)ncnc2cc1OCC1CO[C@@H]2[C@@H](OC)CO[C@H]12,0,IC50,4.98,1,CHEMBL5980576
COc1cc2c(Nc3ccc(Cl)c(Cl)c3F)ncnc2cc1OCC1CO[C@@H]2[C@@H](OC)CO[C@H]12,0,IC50,4.98,1,CHEMBL5969564
COc1cc2c(Nc3ccc(F)c(Cl)c3F)ncnc2cc1OCC1CO[C@@H]2[C@@H](OC)CO[C@H]12,0,IC50,4.98,1,CHEMBL5910492
COc1cc2c(Nc3ccc(Cl)c(Cl)c3)ncnc2cc1OCC1CO[C@@H]2C(OC)CO[C@H]12,0,IC50,4.98,1,CHEMBL5922810
COc1cc2c(Nc3ccc(Br)c(Cl)c3)ncnc2cc1O[C@H]1CO[C@@H]2C3OC(C)(C)O[C@H]3O[C@H]12,1,IC50,6.28,1,CHEMBL5923072
C=C1CO[C@@H]2[C@@H](Oc3cc4ncnc(Nc5ccc(Br)c(Cl)c5)c4cc3OC)CO[C@H]12,1,IC50,6.28,1,CHEMBL5782623
COc1cc2c(Nc3ccc(Br)c(Cl)c3)ncnc2cc1O[C@H]1CO[C@@H]2[C@@H](OC)[C@@H](OC)O[C@@H]21,1,IC50,6.28,1,CHEMBL5844542
COc1cc2c(Nc3ccc(Cl)c(Cl)c3F)ncnc2cc1OCC1CCC2CCCCN2C1,1,IC50,6.28,1,CHEMBL5924115
COc1cc2c(Nc3ccc(F)c(F)c3F)ncnc2cc1O[C@@H]1CO[C@@H]2[C@H]1OC[C@H]2F,1,IC50,6.28,1,CHEMBL5762296
COc1cc2c(Nc3ccc(F)cc3Cl)ncnc2cc1O[C@@H]1CO[C@@H]2[C@H]1OC[C@H]2F,1,IC50,6.28,1,CHEMBL5769099
COc1cc2c(Nc3ccc(F)cc3Br)ncnc2cc1O[C@@H]1CO[C@@H]2[C@H]1OC[C@H]2F,1,IC50,6.28,1,CHEMBL5947290
COc1cc2c(Nc3cccc(Cl)c3F)ncnc2cc1O[C@@H]1CO[C@@H]2[C@H]1OC[C@H]2F,0,IC50,4.98,1,CHEMBL5772503
COc1cc2c(Nc3cc(F)ccc3F)ncnc2cc1O[C@@H]1CO[C@@H]2[C@H]1OC[C@H]2F,1,IC50,6.28,1,CHEMBL5943207
COc1cc2c(Nc3cccc(F)c3F)ncnc2cc1O[C@@H]1CO[C@@H]2[C@H]1OC[C@H]2F,1,IC50,6.28,1,CHEMBL5932122
COc1cc2c(Nc3cc(Cl)ccc3F)ncnc2cc1O[C@@H]1CO[C@@H]2[C@H]1OC[C@H]2F,1,IC50,6.28,1,CHEMBL5807404
COc1cc2c(Nc3ccc(F)c(Cl)c3)ncnc2cc1O[C@@H]1CO[C@@H]2[C@H]1OC[C@H]2F,1,IC50,6.28,1,CHEMBL6017984
COc1cc2c(Nc3c(F)cc(F)cc3F)ncnc2cc1O[C@@H]1CO[C@@H]2[C@H]1OC[C@H]2F,1,IC50,6.28,1,CHEMBL5823762
COc1cc2c(Nc3cc(F)c(Oc4ccc(Cl)cc4)c(F)c3)ncnc2cc1O[C@@H]1CO[C@@H]2[C@H]1OC[C@H]2F,1,IC50,6.28,1,CHEMBL5834359
COc1cc2c(Nc3ccc(Br)c(Cl)c3F)ncnc2cc1O[C@@H]1CO[C@@H]2[C@H]1OC[C@H]2F,1,IC50,6.28,1,CHEMBL5991121
COc1cc2c(Nc3ccc(Br)c(Cl)c3Cl)ncnc2cc1O[C@@H]1CO[C@@H]2[C@H]1OC[C@H]2F,1,IC50,6.28,1,CHEMBL5961726
COc1cc2c(Nc3cc(Cl)c(Cl)cc3F)ncnc2cc1O[C@@H]1CO[C@@H]2[C@H]1OC[C@H]2F,1,IC50,6.28,1,CHEMBL5914613
COc1cc2c(Nc3cccc(Cl)c3C)ncnc2cc1O[C@@H]1CO[C@@H]2[C@H]1OC[C@H]2F,1,IC50,6.28,1,CHEMBL6047809
COc1cc2c(Nc3ccc(F)c(F)c3)ncnc2cc1O[C@@H]1CO[C@@H]2[C@H]1OC[C@H]2F,1,IC50,6.28,1,CHEMBL5949859
COc1cc2c(Nc3ccccc3Cl)ncnc2cc1O[C@@H]1CO[C@@H]2[C@H]1OC[C@H]2F,1,IC50,6.28,1,CHEMBL5904858
COc1cc2c(Nc3ccccc3F)ncnc2cc1O[C@@H]1CO[C@@H]2[C@H]1OC[C@H]2F,1,IC50,6.28,1,CHEMBL5824152
COc1cc2c(Nc3cccc(Cl)c3)ncnc2cc1O[C@@H]1CO[C@@H]2[C@H]1OC[C@H]2F,0,IC50,4.98,1,CHEMBL6009389
COc1cc2c(Nc3ccc(F)cc3)ncnc2cc1O[C@@H]1CO[C@@H]2[C@H]1OC[C@H]2F,0,IC50,4.98,1,CHEMBL5824767
COc1cc2c(Nc3ccc(Cl)cc3)ncnc2cc1O[C@@H]1CO[C@@H]2[C@H]1OC[C@H]2F,1,IC50,6.28,1,CHEMBL5922683
COc1cc2c(Nc3ccc(Cl)cc3Cl)ncnc2cc1O[C@@H]1CO[C@@H]2[C@H]1OC[C@H]2F,1,IC50,6.28,1,CHEMBL5982254
COc1cc2c(Nc3cc(Cl)ccc3Cl)ncnc2cc1O[C@@H]1CO[C@@H]2[C@H]1OC[C@H]2F,1,IC50,6.28,1,CHEMBL5996590
COc1cc2c(Nc3ccc(Cl)c(C(F)(F)F)c3)ncnc2cc1O[C@@H]1CO[C@@H]2[C@H]1OC[C@H]2F,1,IC50,6.28,1,CHEMBL5962818
COc1cc2c(Nc3cccc(C(F)(F)F)c3F)ncnc2cc1O[C@@H]1CO[C@@H]2[C@H]1OC[C@H]2F,1,IC50,6.28,1,CHEMBL5819067
COc1cc2c(Nc3cc(C(F)(F)F)ccc3Br)ncnc2cc1O[C@@H]1CO[C@@H]2[C@H]1OC[C@H]2F,1,IC50,6.28,1,CHEMBL5836725
COc1cc2c(Nc3ccc(F)cc3C(F)(F)F)ncnc2cc1O[C@@H]1CO[C@@H]2[C@H]1OC[C@H]2F,0,IC50,4.98,1,CHEMBL5838216
COc1cc2c(Nc3ccccc3Br)ncnc2cc1O[C@@H]1CO[C@@H]2[C@H]1OC[C@H]2F,1,IC50,6.28,1,CHEMBL6029089
COc1cc2c(Nc3cccc(Br)c3)ncnc2cc1O[C@@H]1CO[C@@H]2[C@H]1OC[C@H]2F,1,IC50,6.28,1,CHEMBL5925076
COc1cc2c(Nc3ccc(Br)cc3)ncnc2cc1O[C@@H]1CO[C@@H]2[C@H]1OC[C@H]2F,1,IC50,6.28,1,CHEMBL5740332
COc1cc2c(Nc3ccc(C)c(Br)c3)ncnc2cc1O[C@@H]1CO[C@@H]2[C@H]1OC[C@H]2F,1,IC50,6.28,1,CHEMBL5829100
COc1cc2c(Nc3ccc(Cl)cc3C)ncnc2cc1O[C@@H]1CO[C@@H]2[C@H]1OC[C@H]2F,1,IC50,6.28,1,CHEMBL5985492
COc1cc2c(Nc3cc(C)cc(C)c3)ncnc2cc1O[C@@H]1CO[C@@H]2[C@H]1OC[C@H]2F,1,IC50,6.28,1,CHEMBL5873965
COc1cc(OC)c(Nc2ncnc3cc(O[C@@H]4CO[C@@H]5[C@H]4OC[C@H]5F)c(OC)cc23)cc1Cl,1,IC50,6.28,1,CHEMBL5773707
COc1cc(Nc2ncnc3cc(O[C@@H]4CO[C@@H]5[C@H]4OC[C@H]5F)c(OC)cc23)c(OC)cc1Cl,1,IC50,6.28,1,CHEMBL5939850
COc1cc2c(Nc3ccc(F)c(Cl)c3F)ncnc2cc1O[C@@H]1CO[C@@H]2[C@H]1OC[C@H]2F,1,IC50,6.28,1,CHEMBL5954252
COc1cc2c(Nc3ccc(Cl)c(Cl)c3)ncnc2cc1OCc1nc(CN(C)C)no1,1,IC50,6.28,1,CHEMBL3936440
COc1cc2c(Nc3ccc(Cl)c(Cl)c3)ncnc2cc1OCc1noc(C2CCNCC2)n1,1,IC50,6.28,1,CHEMBL3959559
COc1cc2c(Nc3ccc(Cl)c(Cl)c3)ncnc2cc1OCc1noc(C2CCN(C)CC2)n1,1,IC50,6.28,1,CHEMBL3960132
COc1cc2c(Nc3ccc(Cl)c(Cl)c3)ncnc2cc1OCc1nc(CN2CCOCC2)no1,1,IC50,6.28,1,CHEMBL3944984
COc1cc2c(Nc3ccc(Cl)c(Cl)c3)ncnc2cc1OCC1CNCCO1,1,IC50,6.28,1,CHEMBL3924779
COc1cc2c(Nc3ccc(Cl)c(Cl)c3)ncnc2cc1OCc1noc(C2CCCCN2)n1,1,IC50,6.28,1,CHEMBL3962335
COc1cc2c(Nc3ccc(Cl)c(Cl)c3)ncnc2cc1OCc1nsc(CN(C)C)n1,0,IC50,4.98,1,CHEMBL5919261
COc1cc2c(Nc3ccc(Cl)c(Cl)c3)ncnc2cc1OCC1CN(Cc2ccccc2)CCO1,1,IC50,6.28,1,CHEMBL3934158
COc1cc2c(Nc3ccc(Cl)c(Cl)c3)ncnc2cc1OCc1nsc(CN2CCOCC2)n1,1,IC50,6.28,1,CHEMBL5852090
COc1cc2c(Nc3ccc(Cl)c(Cl)c3)ncnc2cc1OCc1nsc(CN2CCN(C)CC2)n1,1,IC50,6.28,1,CHEMBL5814404
COc1cc2c(Nc3ccc(Cl)c(Cl)c3)ncnc2cc1OCC1CNCCCO1,1,IC50,6.28,1,CHEMBL3935392
COc1cc2c(Nc3ccc(Cl)c(Cl)c3)ncnc2cc1OCc1noc(C2CCCNC2)n1,1,IC50,6.28,1,CHEMBL3985163
COc1cc2c(Nc3ccc(Cl)c(Cl)c3)ncnc2cc1OCc1noc(C2CCCCN2C)n1,1,IC50,6.28,1,CHEMBL3984168
COc1cc2c(Nc3ccc(Cl)c(Cl)c3)ncnc2cc1OCc1noc(C2CCCN(C)C2)n1,1,IC50,6.28,1,CHEMBL3916706
COc1cc2c(Nc3ccc(Cl)c(Cl)c3)ncnc2cc1OCc1nsc(-c2ccccc2)n1,1,IC50,6.28,1,CHEMBL5934250
COc1cc2c(Nc3ccc(Cl)c(Cl)c3)ncnc2cc1OCc1cccc2nsnc12,1,IC50,6.28,1,CHEMBL6055060
COc1cc2c(Nc3ccc(Cl)c(Cl)c3)ncnc2cc1OCc1cc(C)on1,1,IC50,6.28,1,CHEMBL5917288
COc1cc2c(Nc3ccc(Cl)c(Cl)c3)ncnc2cc1OCc1nc2ccccc2s1,1,IC50,6.28,1,CHEMBL6056178
COc1cc2c(Nc3ccc(Cl)c(Cl)c3)ncnc2cc1OCc1ccc2nonc2c1,1,IC50,6.28,1,CHEMBL5816764
COc1cc2c(Nc3ccc(Cl)c(Cl)c3)ncnc2cc1OCc1cnn(-c2ccccc2)c1,0,IC50,4.98,1,CHEMBL5879923
COc1cc2c(Nc3ccc(Cl)c(Cl)c3)ncnc2cc1OCc1noc(-c2ccc(C(F)(F)F)cc2)n1,1,IC50,6.28,1,CHEMBL6020408
COc1cc2c(Nc3ccc(Cl)c(Cl)c3)ncnc2cc1OCc1nc(-c2ccc(Cl)cc2)no1,1,IC50,6.28,1,CHEMBL5846619
COc1cc2c(Nc3ccc(Cl)c(Cl)c3)ncnc2cc1OCc1c(OC)ccc2cc(Br)ccc12,1,IC50,6.28,1,CHEMBL5924526
COc1cc2c(Nc3ccc(Cl)c(Cl)c3)ncnc2cc1OCc1ccc(Cl)nc1,1,IC50,6.28,1,CHEMBL5932642
COc1cc2c(Nc3ccc(Cl)c(Cl)c3)ncnc2cc1OCc1ccncc1,1,IC50,6.28,1,CHEMBL5938642
COc1cc2c(Nc3ccc(Cl)c(Cl)c3)ncnc2cc1OCc1csc(C)n1,1,IC50,6.28,1,CHEMBL5956726
COc1cc2c(Nc3ccc(Cl)c(Cl)c3)ncnc2cc1OCc1cc(Cl)cc2c1OCOC2,1,IC50,6.28,1,CHEMBL6008102
COc1cc2c(Nc3ccc(Cl)c(Cl)c3)ncnc2cc1OCc1c(-c2ccccc2)nn(C)c1Cl,1,IC50,6.28,1,CHEMBL5920992
COc1cc2c(Nc3ccc(Cl)c(Cl)c3)ncnc2cc1OCC1=CC2C(C(F)(F)F)=NN(C)C2S1,1,IC50,6.28,1,CHEMBL5770026
COc1cc2c(Nc3ccc(Cl)c(Cl)c3)ncnc2cc1OCc1cc(-c2ccccc2)no1,1,IC50,6.28,1,CHEMBL5823015
COc1cc2c(Nc3ccc(Cl)c(Cl)c3)ncnc2cc1OCc1c(C)cc(C)cc1C,0,IC50,4.98,1,CHEMBL6020498
COc1ccc(-c2cc(COc3cc4ncnc(Nc5ccc(Cl)c(Cl)c5)c4cc3OC)on2)cc1,1,IC50,6.28,1,CHEMBL5895889
COc1cc2c(Nc3ccc(Cl)c(Cl)c3)ncnc2cc1OCc1c(C(F)(F)F)nn(C)c1Oc1ccc(Cl)cc1Cl,1,IC50,6.28,1,CHEMBL5743303
COc1cc2c(Nc3ccc(Cl)c(Cl)c3)ncnc2cc1OCc1noc(COCc2ccccc2)n1,1,IC50,6.28,1,CHEMBL5921970
CCN1CCOC(COc2cc3ncnc(Nc4ccc(Cl)c(Cl)c4)c3cc2OC)C1,0,IC50,4.98,1,CHEMBL3936151
COc1cc2c(Nc3ccc(Cl)c(Cl)c3)ncnc2cc1OCc1csc(C2CCN(C)CC2)n1,1,IC50,6.28,1,CHEMBL3898088
COc1cc2c(Nc3ccc(Cl)c(Cl)c3)ncnc2cc1OCc1nc(N2CCNCC2)no1,1,IC50,6.28,1,CHEMBL3957171
COc1cc2c(Nc3ccc(Cl)c(Cl)c3)ncnc2cc1OCc1nc(N2CCCC2)no1,1,IC50,6.28,1,CHEMBL5885859
CCN1CCCCC1c1nc(COc2cc3ncnc(Nc4ccc(Cl)c(Cl)c4)c3cc2OC)no1,1,IC50,6.28,1,CHEMBL3952693
CCN1CCN(c2noc(COc3cc4ncnc(Nc5ccc(Cl)c(Cl)c5)c4cc3OC)n2)CC1,1,IC50,6.28,1,CHEMBL3977320
COc1cc2c(Nc3ccc(Cl)c(Cl)c3)ncnc2cc1OCc1c(F)cccc1F,1,IC50,6.28,1,CHEMBL5914107
CCN1CCCOC(COc2cc3ncnc(Nc4ccc(Cl)c(Cl)c4)c3cc2OC)C1,1,IC50,6.28,1,CHEMBL3983938
COc1cc2c(Nc3ccc(Cl)c(Cl)c3)ncnc2cc1OCc1nc2c(s1)CNC(C)C2,1,IC50,6.28,1,CHEMBL5838555
COc1cc2c(Nc3ccc(Cl)c(Cl)c3)ncnc2cc1OCc1csc(C2CCCCN2)n1,1,IC50,6.28,1,CHEMBL3977030
COc1cc2c(Nc3ccc(Cl)c(Cl)c3)ncnc2cc1OCc1csc(C2CCCCN2C)n1,1,IC50,6.28,1,CHEMBL3967776
CCN1CCCCC1c1nc(COc2cc3ncnc(Nc4ccc(Cl)c(Cl)c4)c3cc2OC)cs1,0,IC50,4.98,1,CHEMBL3952805
CCN1CCCC1c1noc(COc2cc3ncnc(Nc4ccc(Cl)c(Cl)c4)c3cc2OC)n1,0,IC50,4.98,1,CHEMBL5867615
CCN1CCCC1c1nc(COc2cc3ncnc(Nc4ccc(Cl)c(Cl)c4)c3cc2OC)cs1,0,IC50,4.98,1,CHEMBL5754318
CCC1Cc2nc(COc3cc4ncnc(Nc5ccc(Cl)c(Cl)c5)c4cc3OC)sc2CN1,0,IC50,4.98,1,CHEMBL5762024
CCCN1CCCOC(COc2cc3ncnc(Nc4ccc(Cl)c(Cl)c4)c3cc2OC)C1,0,IC50,4.98,1,CHEMBL3914599
COc1cc2c(Nc3ccc(Cl)c(Cl)c3)ncnc2cc1OCC1CN(CC2CC2)CCCO1,0,IC50,4.98,1,CHEMBL3966752
CCN1CCN(c2nc(COc3cc4ncnc(Nc5ccc(Cl)c(Cl)c5)c4cc3OC)cs2)CC1,0,IC50,4.98,1,CHEMBL3895123
COc1cc2c(Nc3ccc(Cl)c(Cl)c3)ncnc2cc1OCC1CN(C2CCCC2)CCO1,1,IC50,6.28,1,CHEMBL3965096
COc1cc2c(Nc3ccc(Cl)c(Cl)c3)ncnc2cc1OCC1CN(C(C)C)CCO1,1,IC50,6.28,1,CHEMBL3952315
C=CCCCCN1CCOC(COc2cc3ncnc(Nc4ccc(Cl)c(Cl)c4)c3cc2OC)C1,0,IC50,4.98,1,CHEMBL3955495
COC(=O)CCN1CCOC(COc2cc3ncnc(Nc4ccc(Cl)c(Cl)c4)c3cc2OC)C1,0,IC50,4.98,1,CHEMBL3978177
COc1cc2c(Nc3ccc(Cl)c(Cl)c3)ncnc2cc1OCC1CN(CCCCCC#N)CCO1,0,IC50,4.98,1,CHEMBL3923153
O=C(Nc1cccc(C(F)(F)F)c1)c1cc(N2Cc3cnc(CS)nc3C2)ccn1,0,Ki (>),5.0,1,CHEMBL5759931
Cc1cccc(NC(=O)Nc2ccc3sc(-c4cc(C(=O)N=S(C)(C)=O)cnc4N)cc3c2)c1,1,IC50,8.1,3,CHEMBL6011736
CS(C)(=O)=NC(=O)c1cnc(N)c(-c2cc3cc(NC(=O)Nc4ccc(F)c(Cl)c4)ccc3s2)c1,1,IC50,8.52,3,CHEMBL6053134
Cc1ccc(F)c(NC(=O)Nc2ccc3sc(-c4cc(C(=O)N=S(C)(C)=O)cnc4N)cc3c2)c1,1,IC50,8.1,3,CHEMBL6035754
CS(C)(=O)=NC(=O)c1cnc(N)c(-c2cc3cc(NC(=O)Nc4ccccc4)ccc3s2)c1,1,IC50,7.38,3,CHEMBL6014699
CS(C)(=O)=NC(=O)c1cnc(N)c(-c2cc3cc(NC(=O)Nc4ccc(Cl)c(C(F)(F)F)c4)ccc3s2)c1,1,IC50,8.22,3,CHEMBL5783751
CS(C)(=O)=NC(=O)c1cnc(N)c(-c2cc3cc(NC(=O)Nc4cc(C(F)(F)F)ccc4F)ccc3s2)c1,1,IC50,8.22,3,CHEMBL6029379
COC(=O)c1cnc(N)c(-c2cc3cc(NC(=O)Nc4cccc(C(F)(F)F)c4)ccc3s2)c1,1,IC50,8.15,3,CHEMBL5951980
COC(=O)c1cnc(N)c(-c2cc3cc(NC(=O)Nc4cc(C(F)(F)F)ccc4F)ccc3s2)c1,1,IC50,8.0,3,CHEMBL5833031
COC(=O)c1cnc(N)c(-c2cc3cc(NC(=O)Nc4ccc(Cl)c(C(F)(F)F)c4)ccc3s2)c1,1,IC50,7.82,3,CHEMBL6034712
COC(=O)c1cnc(N)c(-c2cc3cc(NC(=O)Nc4cc(C)ccc4F)ccc3s2)c1,1,IC50,7.82,3,CHEMBL5854123
COC(=O)c1cnc(N)c(-c2cc3cc(NC(=O)Nc4cccc(C)c4)ccc3s2)c1,1,IC50,7.75,3,CHEMBL5970017
COC(=O)c1cnc(N)c(-c2cc3cc(NC(=O)Nc4ccc(F)c(Cl)c4)ccc3s2)c1,1,IC50,7.68,3,CHEMBL5939994
COC(=O)c1cnc(N)c(-c2cc3cc(NC(=O)Nc4ccc(C)cc4)ccc3s2)c1,1,IC50,7.92,3,CHEMBL5826764
COC(=O)c1cnc(N)c(-c2cc3cc(NC(=O)Nc4ccccc4F)ccc3s2)c1,1,IC50,8.0,3,CHEMBL6046062
COC(=O)c1cnc(N)c(-c2cc3cc(NC(=O)Nc4ccccc4)ccc3s2)c1,1,IC50,7.55,3,CHEMBL5845699
COC(=O)c1cnc(N)c(-c2cc3cc(NC(=O)Nc4ccc(F)cc4F)ccc3s2)c1,1,IC50,8.05,1,CHEMBL5912736
Cc1cccc(NC(=O)Nc2ccc3sc(-c4cc(C(=O)O)cnc4N)cc3c2)c1,1,IC50,6.92,3,CHEMBL5943435
CC1(C)OB(c2cnc(N)c(-c3cc4cc(NC(=O)Nc5cc(C(F)(F)F)ccc5F)ccc4s3)c2)OC1(C)C,1,IC50,8.0,3,CHEMBL5751825
CC1(C)OB(c2cnc(N)c(-c3cc4cc(NC(=O)Nc5ccc(Cl)c(C(F)(F)F)c5)ccc4s3)c2)OC1(C)C,1,IC50,7.8,3,CHEMBL5950192
Cc1ccc(F)c(NC(=O)Nc2ccc3sc(-c4cc(B5OC(C)(C)C(C)(C)O5)cnc4N)cc3c2)c1,1,IC50,8.0,3,CHEMBL6037276
CCc1cccc(NC(=O)Nc2ccc3sc(-c4cc(B5OC(C)(C)C(C)(C)O5)cnc4N)cc3c2)c1,1,IC50,7.75,3,CHEMBL5882706
Cc1cccc(NC(=O)Nc2ccc3sc(-c4cc(B5OC(C)(C)C(C)(C)O5)cnc4N)cc3c2)c1,1,IC50,7.7,3,CHEMBL5788396
CC1(C)OB(c2cnc(N)c(-c3cc4cc(NC(=O)Nc5ccccc5)ccc4s3)c2)OC1(C)C,1,IC50,6.89,3,CHEMBL6006564
Cc1cccc(NC(=O)Nc2ccc3sc(-c4cc(B(O)O)cnc4N)cc3c2)c1,1,IC50,7.38,3,CHEMBL5777521
Nc1ncc(B(O)O)cc1-c1cc2cc(NC(=O)Nc3ccccc3)ccc2s1,1,IC50,6.86,3,CHEMBL6039280
Cc1ccoc1C(=O)Nc1ccc2sc(-c3cc(C(=O)N=S(C)(C)=O)cnc3N)cc2c1,1,IC50,7.77,2,CHEMBL5830381
CS(C)(=O)=NC(=O)c1cnc(N)c(-c2cc3cc(NC(=O)c4ccc(Cl)c(C(F)(F)F)c4)ccc3s2)c1,1,IC50,7.5,3,CHEMBL5937233
Cc1ccc(F)c(C(=O)Nc2ccc3sc(-c4cc(C(=O)N=S(C)(C)=O)cnc4N)cc3c2)c1,1,IC50,7.3,3,CHEMBL5965637
Cc1cccc(C(=O)Nc2ccc3sc(-c4cc(C(=O)N=S(C)(C)=O)cnc4N)cc3c2)c1,1,IC50,7.28,3,CHEMBL5862828
CS(C)(=O)=NC(=O)c1cnc(N)c(-c2cc3cc(NC(=O)c4cc(C(F)(F)F)ccc4F)ccc3s2)c1,1,IC50,6.89,3,CHEMBL5773012
COC(=O)c1cnc(N)c(-c2cc3cc(NC(=O)c4occc4C)ccc3s2)c1,1,IC50,7.51,3,CHEMBL5898069
COC(=O)c1cnc(N)c(-c2cc3cc(NC(=O)c4cccc(C)c4)ccc3s2)c1,1,IC50,7.6,3,CHEMBL5805264
COC(=O)c1cnc(N)c(-c2cc3cc(NC(=O)c4cc(C)ccc4F)ccc3s2)c1,1,IC50,7.42,3,CHEMBL6019859
COC(=O)c1cnc(N)c(-c2cc3cc(NC(=O)c4ccccc4)ccc3s2)c1,1,IC50,6.65,3,CHEMBL5788567
COC(=O)c1cnc(N)c(-c2cc3cc(NC(=O)c4ccc(F)c(Cl)c4)ccc3s2)c1,1,IC50,7.6,3,CHEMBL5880715
COC(=O)c1cnc(N)c(-c2cc3cc(NC(=O)c4cc(C(F)(F)F)ccc4F)ccc3s2)c1,1,IC50,7.54,3,CHEMBL6029995
COC(=O)c1cnc(N)c(-c2cc3cc(NC(=O)c4cc5ccccc5o4)ccc3s2)c1,1,IC50,6.03,1,CHEMBL6005367
Cc1cccc(NC(=O)c2ccc3sc(-c4cccnc4N)cc3c2)c1,0,IC50 (>),5.0,1,CHEMBL5797798
COC(=O)CCCC[S@](C)(=O)=NC(=O)c1cnc(N)c(-c2cc3cc(NC(=O)Nc4cccc(C)c4)ccc3s2)c1,1,IC50,8.3,3,CHEMBL5859302
Cc1cccc(NC(=O)Nc2ccc3sc(-c4cc(C(=O)N=S(=O)(CCCO)CCCO)cnc4N)cc3c2)c1,1,IC50,8.1,3,CHEMBL5922208
Cc1ccc(F)c(NC(=O)Nc2ccc(-c3cc(C(=O)N=S(=O)(CCCO)CCCO)cnc3N)cc2)c1,1,IC50,7.58,3,CHEMBL5956457
Cc1ccc(F)c(NC(=O)Nc2ccc(-c3cc(B(O)O)cnc3N)cc2)c1,1,IC50,7.6,3,CHEMBL6001638
Cc1ccc(F)c(NC(=O)Nc2ccc(-c3cc(B4OC(C)(C)C(C)(C)O4)cnc3N)cc2)c1,1,IC50,7.62,3,CHEMBL5981479
CCOP(=O)(OCC)c1cnc(N)c(-c2ccc(NC(=O)Nc3cc(C)ccc3F)cc2)c1,1,IC50,7.09,3,CHEMBL5938381
Cc1cccc(NC(=O)Nc2ccc(-c3cc(C(=O)N=S(=O)(CCCO)CCCO)cnc3N)cc2)c1,1,IC50,7.89,3,CHEMBL5785184
COC(=O)CCCCS(=O)(CCCCC(=O)OC)=NC(=O)c1cnc(N)c(-c2ccc(NC(=O)Nc3cccc(C)c3)cc2)c1,1,IC50,7.85,3,CHEMBL5786804
COC(=O)CCCCS(=O)(CCCCC(=O)OC)=NC(=O)c1cnc(N)c(-c2ccc(NC(=O)Nc3cc(C)ccc3F)cc2)c1,1,IC50,7.48,3,CHEMBL5750053
COC(=O)CCCCS(=O)(CCCCC(=O)OC)=NC(=O)c1cnc(N)c(-c2ccc(NC(=O)Nc3cccc(C(F)(F)F)c3)cc2)c1,1,IC50,7.89,3,CHEMBL5946847
Cn1cc(-c2nccc(Oc3ccc(NC(=O)Nc4ccc(Cl)c(C(F)(F)F)c4)cc3)c2F)cn1,1,IC50,7.54,1,CHEMBL5849217
Cn1cc(-c2nccc(Oc3ccc(NC(=O)Nc4ccc(Cl)c(C(F)(F)F)c4)cc3)c2Cl)cn1,1,IC50,7.26,1,CHEMBL6014260
Cn1cc(-c2nccc(Oc3ccc(NC(=O)Nc4ccc(Cl)c(C(F)(F)F)c4)c(F)c3)c2Cl)cn1,1,IC50,6.65,1,CHEMBL5979673
Cn1cc(-c2nccc(Oc3ccc(NC(=O)Nc4ccc(Cl)c(C(F)(F)F)c4)cc3)c2C#N)cn1,1,IC50,7.16,1,CHEMBL5917581
Cc1c(Oc2ccc(NC(=O)Nc3ccc(Cl)c(C(F)(F)F)c3)cc2)ccnc1-c1cnn(C)c1,1,IC50,6.5,1,CHEMBL5751305
Cn1cc(-c2nccc(Oc3ccc(NC(=O)Nc4ccc(Cl)c(C(F)(F)F)c4)cc3)c2N)cn1,1,IC50,6.67,1,CHEMBL6034743
CNc1c(Oc2ccc(NC(=O)Nc3ccc(Cl)c(C(F)(F)F)c3)cc2)ccnc1-c1cnn(C)c1,1,IC50,6.18,1,CHEMBL5883449
COc1c(Oc2ccc(NC(=O)Nc3ccc(Cl)c(C(F)(F)F)c3)cc2)ccnc1-c1cnn(C)c1,1,IC50,6.38,1,CHEMBL5842588
Cn1cc(-c2cc(Oc3ccc(NC(=O)Nc4ccc(Cl)c(C(F)(F)F)c4)cc3)ccn2)cn1,1,IC50,6.73,1,CHEMBL5884056
Cn1cc(-c2cc(Oc3ccc(NC(=O)Nc4ccc(Cl)c(C(F)(F)F)c4)cc3)c(F)cn2)cn1,1,IC50,6.36,1,CHEMBL5998759
Cn1cc(-c2cc(Oc3ccc(NC(=O)Nc4ccc(Cl)c(C(F)(F)F)c4)cc3)c(Cl)cn2)cn1,0,IC50,4.69,1,CHEMBL5920150
Cc1ccc(F)c(N(C(N)=O)c2ccc(-c3cccc4[nH]nc(N)c34)cc2)c1,1,IC50,8.21,1,CHEMBL5932741
Nc1ncc(-c2cnn(CCO)c2)c2scc(-c3ccc4c(C(=O)Nc5ccccc5)cccc4c3)c12,1,IC50,8.89,1,CHEMBL6050080
Cc1cc(NC(=O)c2cccc3cc(-c4cccc5[nH]nc(N)c45)ccc23)ccc1F,1,IC50,8.09,1,CHEMBL5630853
Nc1n[nH]c2cccc(-c3ccc4c(C(=O)Nc5ccccc5)cccc4c3F)c12,1,IC50,8.07,1,CHEMBL5908364
CCn1nc(C#Cc2cc(C(=O)Nc3ccc(CN4CCN(C)CC4)c(C(F)(F)F)c3)ccc2C)c2c(N)ncnc21,1,IC50,7.77,1,CHEMBL3426225
COc1cc2c(Oc3ccc(NC(=O)C4(C(=O)Nc5ccc(F)cc5)CC4)cc3)cc[n+]([O-])c2cc1OC,1,IC50,6.56,1,CHEMBL5800039
COc1cc2nccc(Oc3ccc(NC(=O)C4(C(=O)O)CC4)cc3)c2cc1OC,0,IC50 (>),5.0,1,CHEMBL6037796
COc1cc2c(Oc3ccc(Nc4nccc5[nH]cc(-c6ccc(F)cc6)c(=O)c45)cc3F)ccnc2cc1OCC(C)(C)O,1,IC50,7.33,1,CHEMBL4761877
COc1cc2c(Oc3ccc(Nc4nccc5[nH]cc(-c6ccc(F)cc6)c(=O)c45)cc3F)ccnc2cc1OCC(C)O,1,IC50,7.55,1,CHEMBL4749778
COc1cc2c(Oc3ccc(Nc4nccc5[nH]cc(-c6ccccc6)c(=O)c45)cc3F)ccnc2cc1OCC(C)(C)O,1,IC50,7.31,1,CHEMBL4790793
CC(C)(O)COc1ccc2c(Oc3ccc(Nc4nccc5[nH]cc(-c6ccc(F)cc6)c(=O)c45)cc3F)ccnc2c1,1,IC50,9.41,1,CHEMBL4786853
CC(C)(O)COc1ccc2c(Oc3ccc(Nc4nccc5[nH]cc(-c6ccccc6F)c(=O)c45)cc3F)ccnc2c1,1,IC50,7.53,1,CHEMBL6004640
CC(C)(O)COc1ccc2c(Oc3ccc(Nc4nccc5[nH]cc(-c6cccc(F)c6)c(=O)c45)cc3F)ccnc2c1,1,IC50,7.51,1,CHEMBL5788278
COc1cc2nccc(Oc3ccc(Nc4nccc5[nH]cc(-c6ccc(F)cc6)c(=O)c45)cc3F)c2cc1OCC(C)(C)O,1,IC50,7.44,1,CHEMBL5886929
COc1cc2nccc(Oc3ccc(Nc4nccc5[nH]cc(-c6ccccc6)c(=O)c45)cc3F)c2cc1OCC(C)(C)O,1,IC50,7.55,1,CHEMBL6058982
COc1ccc2c(Oc3ccc(Nc4nccc5[nH]cc(-c6ccc(F)cc6)c(=O)c45)cc3F)ccnc2c1,1,IC50,6.9,1,CHEMBL4756289
COc1cc2c(Oc3ccc(NC(=O)c4cc(C)nn4C)c(Cl)c3)ncnc2cc1OCCCN1CCC2(CC1)COC2,0,Kd,4.43,2,CHEMBL6063089
COc1cc2c(Oc3ccc(NC(=O)Nc4ccc(Cl)c(C(F)(F)F)c4)c(Cl)c3)ncnc2cc1OCCCN1CCC2(CC1)COC2,0,Kd,4.7,2,CHEMBL5801104
COc1cc2c(Oc3ccc(NC(=O)c4cc(C)nn4C)c(C)c3)ncnc2cc1OCCCN1CCC2(CC1)COC2,0,Kd,4.24,2,CHEMBL5763542
COc1cc2c(Oc3ccc(NC(=O)Nc4cc(C)ccc4F)c(Cl)c3)ccnc2cc1OCCCC(=O)N1CCC2(CC1)COC2,0,Kd,4.51,2,CHEMBL5883046
COc1cc2c(Oc3ccc(NC(=O)Nc4cc(C)ccc4F)c(Cl)c3)ncnc2cc1OCCCOC1COC1,0,Kd,4.85,2,CHEMBL6049587
COc1cc2c(Oc3ccc(NC(=O)Nc4cc(C)ccc4F)c(Cl)c3)ccnc2cc1OCCCOC1COC1,0,Kd,4.6,2,CHEMBL5944659
COc1cc2ncnc(Oc3ccc(NC(=O)Nc4ccccc4CN4CCN(C)CC4)c(Cl)c3)c2cc1OC,0,Kd,4.57,2,CHEMBL5825940
COc1cc(OC)c(Cl)c(-c2ccc3c(NC(=O)c4ccc(CN5CCN(C)CC5)cc4)n[nH]c3c2)c1Cl,1,IC50,6.22,1,CHEMBL6017163
COc1cc(OC)c(Cl)c(-c2ccc3c(NC(=O)c4ccc(N5CCOCC5)cc4)n[nH]c3c2)c1Cl,1,IC50,6.22,1,CHEMBL6022915
COc1cc(OC)c(Cl)c(-c2ccc3c(NC(=O)c4ccc(N5CCN(C(C)=O)CC5)cc4)n[nH]c3c2)c1Cl,1,IC50,6.22,1,CHEMBL5749807
Nc1ncc(C(=O)O)cc1-c1cc2cc(NC(=O)Nc3ccc(F)c(Cl)c3)ccc2s1,1,IC50,7.39,2,CHEMBL5917009
Cc1ccc(F)c(NC(=O)Nc2ccc3sc(-c4cc(C(=O)O)cnc4N)cc3c2)c1,1,IC50,7.42,2,CHEMBL5917710
Cc1cccc(NC(=O)Nc2ccc3sc(-c4cc(C(N)=O)cnc4N)cc3c2)c1,1,IC50,7.46,2,CHEMBL5868066
COC(=O)CCCNC(=O)c1cnc(N)c(-c2cc3cc(NC(=O)Nc4cccc(C)c4)ccc3s2)c1,1,IC50,6.93,2,CHEMBL5792250
COC(=O)CCCCCNC(=O)c1cnc(N)c(-c2cc3cc(NC(=O)Nc4cccc(C)c4)ccc3s2)c1,1,IC50,6.88,2,CHEMBL5761942
CC1(C)OB(c2cnc(N)c(-c3cc4cc(NC(=O)Nc5cccc(C(F)(F)F)c5)ccc4s3)c2)OC1(C)C,1,IC50,7.89,2,CHEMBL5990502
CC1(C)OB(c2cnc(N)c(-c3cc4cc(NC(=O)Nc5ccc(F)c(Cl)c5)ccc4s3)c2)OC1(C)C,1,IC50,7.43,2,CHEMBL5940074
Cc1ccoc1C(=O)NC(=O)Nc1ccc2sc(-c3cc(C(=O)N=S(C)(C)=O)cnc3N)cc2c1,1,IC50,7.77,1,CHEMBL5939920
CS(C)(=O)=NC(=O)c1cnc(N)c(-c2cc3cc(NC(=O)c4ccccc4)ccc3s2)c1,1,IC50,7.29,2,CHEMBL5892500
COC(=O)CCCC[S@](C)(=O)=NC(=O)c1cnc(N)c(-c2cc3cc(NC(=O)Nc4cc(C)ccc4F)ccc3s2)c1,1,IC50,8.52,2,CHEMBL5964037
COC(=O)CCCC[S@](C)(=O)=NC(=O)c1cnc(N)c(-c2cc3cc(NC(=O)Nc4ccc(F)c(Cl)c4)ccc3s2)c1,1,IC50,8.4,2,CHEMBL5943919
CS(C)(=O)=NC(=O)c1cncc(-c2cc3cc(NC(=O)Nc4cc(C(F)(F)F)ccc4F)ccc3s2)c1,1,IC50,8.15,2,CHEMBL5878808
CS(C)(=O)=NC(=O)c1cncc(-c2cc3cc(NC(=O)Nc4ccc(Cl)c(C(F)(F)F)c4)ccc3s2)c1,1,IC50,7.85,2,CHEMBL5854149
Cc1ccc(F)c(NC(=O)Nc2ccc(-c3cc(C(=O)N=S(C)(C)=O)cnc3N)cc2)c1,1,IC50,8.22,2,CHEMBL5900160
CC1(C)OB(c2cnc(N)c(-c3ccc(NC(=O)Nc4ccccc4)cc3)c2)OC1(C)C,1,IC50,6.69,2,CHEMBL6001469
COP(=O)(OC)c1cnc(N)c(-c2ccc(NC(=O)Nc3cccc(C(F)(F)F)c3)cc2)c1,1,IC50,7.24,2,CHEMBL6027090
COP(=O)(OC)c1cnc(N)c(-c2ccc(NC(=O)Nc3cc(C(F)(F)F)ccc3F)cc2)c1,1,IC50,6.94,2,CHEMBL6008242
COP(=O)(OC)c1cnc(N)c(-c2ccc(NC(=O)Nc3cc(C)ccc3F)cc2)c1,1,IC50,6.88,2,CHEMBL5750665
COP(=O)(OC)c1cnc(N)c(-c2ccc(NC(=O)Nc3ccccc3)cc2)c1,1,IC50,6.05,2,CHEMBL5874278
COC(=O)c1cnc(N)c(-c2ccc(NC(=O)Nc3cc(C)ccc3F)cc2)c1,1,IC50,8.05,2,CHEMBL5952435
COC(=O)c1cnc(N)c(-c2ccc(NC(=O)Nc3cc(C(F)(F)F)ccc3F)cc2)c1,1,IC50,8.15,2,CHEMBL5837138
COC(=O)c1cnc(N)c(-c2ccc(NC(=O)Nc3ccc(Cl)c(C(F)(F)F)c3)cc2)c1,1,IC50,8.15,2,CHEMBL5800560
COC(=O)c1cnc(N)c(-c2ccc(NC(=O)Nc3ccccc3)cc2)c1,1,IC50,7.54,2,CHEMBL5916727
COc1ccc(NC(=O)n2c(C)cc3c(F)c(Oc4ncnc5cc(OC)c(OC)cc45)ccc32)cc1,0,Kd (>),3.0,1,CHEMBL5822822
COc1cc2ncnc(Oc3ccc4c(cc(C)n4C(=O)Nc4ccccc4C(F)(F)F)c3F)c2cc1OC,0,Kd,4.25,2,CHEMBL6054587
COc1cc2ncnc(Oc3ccc4c(cc(C)n4C(=O)Nc4cccc(C(F)(F)F)c4)c3F)c2cc1OC,0,Kd (>),3.0,2,CHEMBL5798330
COc1cc2ncnc(Oc3ccc4c(cc(C)n4C(=O)Nc4ccc(C(F)(F)F)cc4)c3F)c2cc1OC,0,Kd (>),3.0,2,CHEMBL5769142
O=C(Nc1ccc(F)c(Nc2ncccc2-c2ncnc3[nH]cnc23)c1F)c1cccc(C(F)(F)F)c1,1,IC50,7.96,1,CHEMBL5790965
CC(C)(C#N)c1cccc(C(=O)Nc2ccc(F)c(Nc3ncccc3-c3ncnc4[nH]cnc34)c2F)c1,1,IC50,7.92,1,CHEMBL5868819
N#CC1(c2cccc(C(=O)Nc3ccc(F)c(Nc4ncccc4-c4ncnc5[nH]cnc45)c3F)c2)CC1,1,IC50,6.47,1,CHEMBL5942256
CC(C)(C#N)c1cccc(C(=O)Nc2cc(Nc3ncccc3-c3ncnc4[nH]cnc34)ccc2F)c1,1,IC50,8.39,1,CHEMBL5919161
CC(C)(C(N)=O)c1cccc(C(=O)Nc2ccc(F)c(Nc3ncccc3-c3ncnc4[nH]cnc34)c2F)c1,1,IC50,6.03,1,CHEMBL5762225
CC(C)(C#N)c1cccc(C(=O)Nc2cccc(Nc3ncccc3-c3ncnc4[nH]cnc34)c2)c1,1,IC50,7.85,1,CHEMBL5980402
CC(C)(C#N)c1cccc(C(=O)Nc2cc(Nc3ncccc3-c3ncnc4[nH]cnc34)ccc2Cl)c1,1,IC50,6.72,1,CHEMBL5841951
O=C(Nc1ccc(F)c(Nc2ncccc2-c2ncnc3[nH]cnc23)c1F)c1ccc(C(F)(F)F)cc1,1,IC50,6.64,1,CHEMBL5805836
O=C(Nc1ccc(F)c(Nc2ncccc2-c2ncnc3[nH]cnc23)c1F)c1cc(F)cc(C(F)(F)F)c1,1,IC50,7.13,1,CHEMBL5825106
CC(C)(C#N)c1cccc(C(=O)Nc2cccc(Nc3ncccc3-c3ncnc4[nH]cnc34)c2F)c1,1,IC50,7.92,1,CHEMBL5901041
O=C(Nc1cc(Nc2ncccc2-c2ncnc3[nH]cnc23)ccc1F)c1cccc(C(F)(F)F)c1,1,IC50,7.96,1,CHEMBL5985298
CC(C)(C#N)c1cccc(C(=O)Nc2cc(Nc3ncccc3-c3ncnc4[nH]cnc34)c(F)cc2F)c1,1,IC50,7.54,1,CHEMBL5897264
CC(C)(C#N)c1cc(F)cc(C(=O)Nc2cc(Nc3ncccc3-c3ncnc4[nH]cnc34)ccc2F)c1,1,IC50,6.9,1,CHEMBL5759643
O=C(Nc1ccc(F)c(Nc2ncccc2-c2ncnc3[nH]cnc23)c1F)c1cccc([N+](=O)[O-])c1,1,IC50,6.19,1,CHEMBL5921618
COc1cccc(C(=O)Nc2ccc(F)c(Nc3ncccc3-c3ncnc4[nH]cnc34)c2F)c1,1,IC50,6.07,1,CHEMBL5854034
O=C(Nc1cc(Nc2ncccc2-c2ncnc3[nH]cnc23)ccc1F)c1cc(F)cc(C(F)(F)F)c1,1,IC50,7.92,1,CHEMBL5961414
N#Cc1cccc(C(=O)Nc2ccc(F)c(Nc3ncccc3-c3ncnc4[nH]cnc34)c2F)c1,1,IC50,6.28,1,CHEMBL5934788
COc1ccc(C(=O)Nc2ccc(F)c(Nc3ncccc3-c3ncnc4[nH]cnc34)c2F)cc1C(F)(F)F,1,IC50,6.12,1,CHEMBL6006632
O=C(Nc1ccc(F)c(Nc2ncccc2-c2ncnc3[nH]cnc23)c1F)c1cc([N+](=O)[O-])cc(C(F)(F)F)c1,1,IC50,7.02,1,CHEMBL5904938
CC(C)(C#N)c1cc(C(=O)Nc2ccc(F)c(Nc3ncccc3-c3ncnc4[nH]cnc34)c2F)ccc1Cl,1,IC50,7.09,1,CHEMBL5809415
CC(C)(C#N)c1cc(F)cc(C(=O)Nc2ccc(F)c(Nc3ncccc3-c3ncnc4[nH]cnc34)c2F)c1,1,IC50,6.9,1,CHEMBL5850074
CC(C)(C#N)c1cc(C(=O)Nc2ccc(F)c(Nc3ncccc3-c3ncnc4[nH]cnc34)c2F)cc(F)c1F,1,IC50,6.47,1,CHEMBL5944762
O=C(Nc1ccc(F)c(Nc2ncccc2-c2ncnc3[nH]cnc23)c1F)c1cccc(Cl)c1,1,IC50,6.83,1,CHEMBL5775335
CN(C)c1cccc(C(=O)Nc2ccc(F)c(Nc3ncccc3-c3ncnc4[nH]cnc34)c2F)c1,1,IC50,6.46,1,CHEMBL5867713
Cc1cccc(C(=O)Nc2ccc(F)c(Nc3ncccc3-c3ncnc4[nH]cnc34)c2F)c1,1,IC50,6.93,1,CHEMBL6004501
O=C(Nc1cccc(Nc2ncccc2-c2ncnc3[nH]cnc23)c1)c1cccc(Cl)c1,1,IC50,6.23,1,CHEMBL6001818
CC(C)(C#N)c1cccc(C(=O)Nc2ccc(F)c(Nc3ncccc3-c3ncnc4[nH]cnc34)c2)c1,1,IC50,8.0,1,CHEMBL5878921
O=C(Nc1ccc(F)c(Nc2ncccc2-c2ncnc3[nH]cnc23)c1)c1cccc(C(F)(F)F)c1,1,IC50,7.05,1,CHEMBL5996130
O=C(Nc1cccc(Nc2ncccc2-c2ncnc3[nH]cnc23)c1)c1cccc(C(F)(F)F)c1,1,IC50,6.74,1,CHEMBL5781893
O=C(Nc1ccc(F)c(Nc2ncccc2-c2ncnc3[nH]cnc23)c1F)c1ccc([N+](=O)[O-])cc1,1,IC50,6.05,1,CHEMBL5770157
Nc1cccc(C(=O)Nc2ccc(F)c(Nc3ncccc3-c3ncnc4[nH]cnc34)c2F)c1,1,IC50,6.05,1,CHEMBL5993619
COC(=O)Nc1cccc(C(=O)Nc2ccc(F)c(Nc3ncccc3-c3ncnc4[nH]cnc34)c2F)c1,0,IC50,4.83,1,CHEMBL5772278
O=C(Nc1ccc(F)c(Nc2ncccc2-c2ncnc3[nH]cnc23)c1F)c1ccccc1,1,IC50,6.01,1,CHEMBL5939420
O=C(Nc1ccc(F)c(Nc2ncccc2-c2ncnc3[nH]cnc23)c1F)c1cc(C(F)(F)F)cc(C(F)(F)F)c1,0,IC50,4.96,1,CHEMBL5976765
O=C(Nc1cc(Nc2ncccc2-c2ncnc3[nH]cnc23)ccc1F)c1ccc(Cl)c(C(F)(F)F)c1,0,IC50,4.35,1,CHEMBL6065043
O=C(Nc1cc(Nc2ncccc2-c2ncnc3[nH]cnc23)ccc1F)c1cc([N+](=O)[O-])cc(C(F)(F)F)c1,1,IC50,6.0,1,CHEMBL5860449
Cc1cccc(C(=O)Nc2cc(Nc3ncccc3-c3ncnc4[nH]cnc34)ccc2F)n1,1,IC50,6.41,1,CHEMBL5820090
O=C(Nc1cc(Nc2ncccc2-c2ncnc3[nH]cnc23)ccc1F)c1cc(C(F)(F)F)cc(C(F)(F)F)c1,1,IC50,7.68,1,CHEMBL5813738
O=C(Nc1cc(Nc2ncccc2-c2ncnc3[nH]cnc23)ccc1Cl)c1cccc(C(F)(F)F)c1,1,IC50,7.05,1,CHEMBL5877431
O=C(Nc1cc(Nc2ncccc2-c2ncnc3[nH]cnc23)ccc1Cl)c1cc(F)cc(C(F)(F)F)c1,1,IC50,7.4,1,CHEMBL5908558
Cc1ccc(Nc2ncccc2-c2ncnc3[nH]cnc23)cc1NC(=O)c1cccc(C(F)(F)F)c1,1,IC50,6.1,1,CHEMBL6031757
COc1ccc(Nc2ncccc2-c2ncnc3[nH]cnc23)cc1NC(=O)c1cccc(C(F)(F)F)c1,1,IC50,6.02,1,CHEMBL5908763
O=C(Nc1c(F)ccc(Nc2ncccc2-c2ncnc3[nH]cnc23)c1F)c1cccc(C(F)(F)F)c1,1,IC50,6.52,1,CHEMBL5868618
O=C(Nc1cccc(C(F)(F)F)c1)c1cc(Nc2ncccc2-c2ncnc3[nH]cnc23)ccc1F,1,IC50,7.28,1,CHEMBL5787916
O=C(Nc1ccc(Cl)c(C(F)(F)F)c1)Nc1cc(Nc2ncccc2-c2ncnc3[nH]cnc23)ccc1F,1,IC50,7.37,1,CHEMBL5951946
O=C(Nc1cccc(C(F)(F)F)c1)Nc1ccc(Nc2ncccc2-c2ncnc3[nH]cnc23)c(F)c1,1,IC50,6.01,1,CHEMBL5913465
O=C(Cc1cccc(C(F)(F)F)c1)Nc1cc(Nc2ncccc2-c2ncnc3[nH]cnc23)ccc1F,1,IC50,7.96,1,CHEMBL5967657
N#CCc1cccc(NC(=O)c2ccc(F)c(Nc3ncccc3-c3ncnc4[nH]cnc34)c2)c1,1,IC50,7.46,1,CHEMBL5989911
N#CCc1ccc(C(=O)Nc2ccc(Nc3ncccc3-c3ncnc4[nH]cnc34)c(F)c2)cc1,1,IC50,7.55,1,CHEMBL5760376
O=C(Nc1ccc(Nc2ncccc2-c2ncnc3[nH]cnc23)cc1)c1cccc(C(F)(F)F)c1,1,IC50,6.01,1,CHEMBL5820147
O=C(Nc1ccc(F)c(Nc2ncccc2-c2ncnc3[nH]cnc23)c1F)N1CCN(c2ccc(F)cc2)C1=O,1,IC50,6.92,1,CHEMBL5909587
CC(C)(C(N)=O)c1cccc(C(=O)Nc2ccc(F)c(Nc3ncccc3-c3ncnc4[nH]ccc34)c2F)c1,1,IC50,6.41,1,CHEMBL6000518
CC(C)(C#N)c1cccc(C(=O)Nc2cc(Nc3ncccc3-c3ncnc4[nH]ccc34)c(F)cc2F)c1,1,IC50,7.68,1,CHEMBL5817745
CC(C)(C#N)c1cccc(C(=O)Nc2ccc(F)c(Nc3ncccc3-c3ncnc4[nH]ccc34)c2F)c1,1,IC50,7.05,1,CHEMBL5768791
O=C(Nc1cc(Nc2ncccc2-c2ncnc3[nH]ccc23)ccc1F)c1cccc(C(F)(F)F)c1,1,IC50,6.68,1,CHEMBL5774786
O=C(Nc1cc(Nc2ncccc2-c2ncnc3[nH]ccc23)ccc1F)c1cc(F)cc(C(F)(F)F)c1,1,IC50,6.96,1,CHEMBL5941087
CC(C)(C#N)c1cccc(C(=O)Nc2cc(Nc3ncccc3-c3ncnc4[nH]ccc34)ccc2F)c1,1,IC50,7.12,1,CHEMBL6004423
CC(C)(C#N)c1cc(F)cc(C(=O)Nc2cc(Nc3ncccc3-c3ncnc4[nH]ccc34)ccc2F)c1,1,IC50,7.06,1,CHEMBL5881440
O=C(Nc1cc(Nc2ncccc2-c2ncnc3[nH]cnc23)ccc1F)c1cc(Cl)cc(C(F)(F)F)c1,1,IC50,6.74,1,CHEMBL5786120
Cc1cc(C(=O)Nc2cc(Nc3ncccc3-c3ncnc4[nH]cnc34)ccc2F)cc(C(F)(F)F)c1,1,IC50,6.9,1,CHEMBL5857249
CC(C)(C#N)c1cc(C(=O)Nc2cc(Nc3ncccc3-c3ncnc4[nH]cnc34)ccc2F)cc(C(F)(F)F)c1,1,IC50,6.6,1,CHEMBL5792649
CC(C)(C)n1nc(-c2cc3ccccc3[nH]2)c2c(N)ncnc21,0,IC50,4.58,2,CHEMBL5855991
CS(=O)(=O)N1CCC(n2nc(-c3cc4ccccc4[nH]3)c3c(N)ncnc32)CC1,0,IC50 (>),4.52,2,CHEMBL5949361
CC(C)(C)n1nc(-c2[nH]c3ccccc3c2Cl)c2c(N)ncnc21,0,IC50 (>),4.52,2,CHEMBL6055310
CS(=O)(=O)N1CCC(n2nc(-c3[nH]c4ccccc4c3Cl)c3c(N)ncnc32)CC1,0,IC50 (>),4.52,2,CHEMBL6028479
Nc1ncnc2c1c(-c1cc3ccccc3[nH]1)nn2C1CCC(NC(=O)C2CC2)CC1,0,IC50,4.88,2,CHEMBL5900683
Nc1ncnc2c1c(-c1[nH]c3ccccc3c1Cl)nn2C1CCC(N2CCOCC2)CC1,0,IC50,4.58,2,CHEMBL5888405
Nc1ncnc2c1c(-c1[nH]c3ccccc3c1Cl)nn2C1CCC(NC(=O)C2CC2)CC1,0,IC50,4.76,2,CHEMBL5821525
CC(C)(C)n1nc(-c2cc3cccnc3[nH]2)c2c(N)ncnc21,1,IC50,6.85,2,CHEMBL5946446
CC(C)(C)n1nc(-c2[nH]c3ncccc3c2Cl)c2c(N)ncnc21,1,IC50,6.84,2,CHEMBL5763341
CC(C)n1nc(-c2[nH]c3ccccc3c2Cl)c2c(N)nccc21,0,IC50 (>),4.52,2,CHEMBL5852380
CC(C)c1cc(-c2[nH]c3ccccc3c2Cl)c2c(N)ncnn12,0,IC50 (>),4.52,2,CHEMBL5793317
CC(C)n1nc(-c2cc3ccc(Br)cc3[nH]2)c2c(N)ncnc21,0,IC50 (>),4.52,2,CHEMBL6003546
CC(C)n1nc(-c2[nH]c3cc(Br)ccc3c2Cl)c2c(N)ncnc21,0,IC50 (>),4.52,2,CHEMBL5815843
CC(C)(C)n1nc(-c2cc3ccc(C#N)cc3[nH]2)c2c(N)ncnc21,0,IC50 (>),4.52,2,CHEMBL5923141
CC(C)(C)n1nc(-c2cc3ccc(Cl)cc3[nH]2)c2c(N)ncnc21,0,IC50 (>),4.52,2,CHEMBL5777226
CC(C)n1cc(-c2cc3cccnc3[nH]2)c2c(N)ncnc21,1,IC50,7.6,2,CHEMBL6001049
CC(C)(C)n1nc(-c2[nH]c3cc(Cl)ccc3c2Cl)c2c(N)ncnc21,0,IC50 (>),4.52,2,CHEMBL6048100
COCc1ccc2c(Cl)c(-c3nn(C(C)(C)C)c4ncnc(N)c34)[nH]c2c1,0,IC50 (>),4.52,2,CHEMBL6059110
CC(C)(C)OC(=O)NC1CCC(n2nc(-c3cc4cccnc4[nH]3)c3c(N)ncnc32)CC1,0,IC50 (>),4.52,4,CHEMBL6052260
CC(C)(C)OC(=O)NC1CCC(n2nc(-c3[nH]c4ncccc4c3Cl)c3c(N)ncnc32)CC1,0,IC50 (>),4.52,2,CHEMBL5855741
Cn1nc(-c2cc3cccnc3[nH]2)c2c(N)ncnc21,0,IC50 (>),4.52,2,CHEMBL6018757
CC(C)n1nc(-c2cc3cccnc3[nH]2)c2c(N)nccc21,1,IC50,6.68,2,CHEMBL6023299
CC(C)n1nc(-c2[nH]c3ncccc3c2Cl)c2c(N)nccc21,1,IC50,6.23,2,CHEMBL6000832
Nc1ncnc2c1c(-c1cc3cccnc3[nH]1)nn2C1CCC(NC(=O)C2CC2)CC1,0,IC50 (>),4.52,2,CHEMBL6006297
Nc1ncnc2c1c(-c1[nH]c3ncccc3c1Cl)nn2C1CCC(N)CC1,1,IC50,6.93,2,CHEMBL5921574
Nc1ncnc2c1c(-c1cc3ccccc3[nH]1)nn2C1CCCCC1,0,IC50,4.68,2,CHEMBL5806562
Nc1ncnc2c1c(-c1cc3cccnc3[nH]1)nn2C1CCC(O)C1,1,IC50,6.13,2,CHEMBL5996184
Nc1ncnc2c1c(-c1cc3cccnc3[nH]1)nn2C1CCCCC1,0,IC50 (>),4.52,2,CHEMBL5898151
CC(C)n1cc(-c2[nH]c3ccccc3c2Cl)c2c(N)ncnc21,0,IC50,4.57,2,CHEMBL5779075
CC(C)(C)n1nc(-c2[nH]c3ccccc3c2Br)c2c(N)ncnc21,0,IC50 (>),4.52,2,CHEMBL5799731
CC(C)(O)c1ccc2c(Cl)c(-c3nn(C(C)(C)C)c4ncnc(N)c34)[nH]c2c1,0,IC50 (>),4.52,2,CHEMBL6037104
CC(C)(C)n1nc(-c2[nH]c3cccc(Cl)c3c2Cl)c2c(N)ncnc21,0,IC50 (>),4.52,2,CHEMBL6039455
CC(C)(C)n1nc(-c2cc3cc(C#N)ccc3[nH]2)c2c(N)ncnc21,0,IC50 (>),4.52,2,CHEMBL5818134
Nc1ncnc2c1c(-c1[nH]c3ncccc3c1Cl)nn2C1CCOCC1,0,IC50 (>),4.52,2,CHEMBL5802545
N#Cc1ccc(Cn2nc(-c3[nH]c4ncccc4c3Cl)c3c(N)ncnc32)cc1,0,IC50 (>),4.52,2,CHEMBL5790201
Nc1ncnc2c1c(-c1[nH]c3ncccc3c1Cl)nn2C1CNC1,0,IC50 (>),4.52,2,CHEMBL5834446
Nc1ncnc2c1c(-c1[nH]c3ncccc3c1Cl)nn2CC1CCOCC1,0,IC50 (>),4.52,2,CHEMBL5828169
Nc1ncnc2c1c(-c1[nH]c3ncccc3c1Cl)nn2CC1CCCCO1,0,IC50 (>),4.52,2,CHEMBL5930509
Nc1ncnc2c1c(-c1[nH]c3ncccc3c1Cl)nn2CC(F)(F)F,0,IC50,4.53,2,CHEMBL5807497
CCC(C)n1nc(-c2[nH]c3ncccc3c2Cl)c2c(N)ncnc21,0,IC50 (>),4.52,2,CHEMBL5886028
Nc1ncnc2c1c(-c1[nH]c3ccccc3c1Cl)nn2C1CCCCC1,0,IC50 (>),4.52,2,CHEMBL6065950
CC(C)n1nc(-c2[nH]c3ccccc3c2Cl)c2c(N)ncnc21,0,IC50,4.82,2,CHEMBL6054498
Cn1nc(-c2[nH]c3ncccc3c2Cl)c2c(N)ncnc21,0,IC50 (>),4.52,2,CHEMBL5753117
Nc1ncnc2c1c(-c1[nH]c3ncccc3c1Cl)nn2C1CCCCC1,0,IC50 (>),4.52,2,CHEMBL5929104
Nc1ncnc2c1c(-c1[nH]c3ncccc3c1Cl)nn2C1CCC(NC(=O)C2CC2)CC1,0,IC50,4.94,2,CHEMBL6056240
Nc1ncnc2c1c(-c1[nH]c3ncccc3c1Cl)nn2C1CCC(O)C1,1,IC50,6.18,2,CHEMBL5806245
Cc1ccc2cc(-c3nn(C(C)(C)C)c4ncnc(N)c34)[nH]c2c1,0,IC50 (>),4.52,2,CHEMBL5855911
Cc1ccc2c(Cl)c(-c3nn(C(C)(C)C)c4ncnc(N)c34)[nH]c2c1,0,IC50 (>),4.52,2,CHEMBL5773944
CN(C)Cc1ccc2c(Cl)c(-c3nn(C(C)(C)C)c4ncnc(N)c34)[nH]c2c1,0,IC50 (>),4.52,2,CHEMBL5810942
CC(C)n1nc(-c2cc3cccnc3[nH]2)c2c(N)ncc(Cl)c21,1,IC50,6.33,2,CHEMBL5899341
CC(C)(C)n1nc(-c2cc3cc(F)ccc3[nH]2)c2c(N)ncnc21,0,IC50 (>),4.52,2,CHEMBL5876628
CC(C)(C)n1nc(-c2cc3c(Cl)cccc3[nH]2)c2c(N)ncnc21,0,IC50 (>),4.52,2,CHEMBL5889085
CN(C)C1CCN(CCn2nc(-c3[nH]c4ncccc4c3Cl)c3c(N)ncnc32)CC1,0,IC50 (>),4.52,2,CHEMBL5987382
CC(C)CCn1nc(-c2[nH]c3ncccc3c2Cl)c2c(N)ncnc21,0,IC50 (>),4.52,2,CHEMBL5776907
CC(C)(C)Cn1nc(-c2[nH]c3ncccc3c2Cl)c2c(N)ncnc21,0,IC50 (>),4.52,2,CHEMBL5947497
CCCn1nc(-c2[nH]c3ncccc3c2Cl)c2c(N)ncnc21,0,IC50 (>),4.52,2,CHEMBL5771493
CC(C)(C)n1nc(-c2[nH]c3ccc(F)cc3c2Cl)c2c(N)ncnc21,0,IC50 (>),4.52,2,CHEMBL6057095
Nc1ncnc2c1c(-c1[nH]c3ccccc3c1Cl)nn2CC1CCOCC1,0,IC50 (>),4.52,2,CHEMBL5813131
Nc1ncnc2c1c(-c1[nH]c3ccccc3c1Cl)nn2C1CCOC1,0,IC50,4.77,2,CHEMBL5823203
Nc1ncnc2c1c(-c1[nH]c3ncccc3c1Cl)nn2CCN1CCCCC1,0,IC50 (>),4.52,2,CHEMBL5842748
COc1cc2c(Oc3ccc(NC(=O)C4(C(=O)Nc5ccc(F)cc5)CC4)cc3)ccnc2cc1OCCCN1CCOCC1,1,IC50,7.83,1,CHEMBL5936118
COc1cc2c(Oc3ccc(NC(=O)C4(C(=O)Nc5ccc(F)cc5)CC4)cc3F)ccnc2cc1OC1CC(N2CCOCC2)C1,1,IC50,7.19,1,CHEMBL5959109
COc1cc2c(Oc3ccc(NC(=O)C4(C(=O)Nc5ccc(F)cc5)CC4)cc3F)ccnc2cc1OCC1CC(N2CCOCC2)C1,1,IC50,7.4,1,CHEMBL5803280
Cc1cccc(-c2nc3n(c2-c2ccnc(Nc4ccc(S(N)(=O)=O)cc4)c2)C2CCC3C2)n1,1,IC50,6.0,1,CHEMBL5883812
Cc1cccc(-c2nc3n(c2-c2ccnc(NCCN4CCOCC4)c2)[C@H]2CC[C@@H]3C2)n1,0,IC50 (>),5.0,1,CHEMBL5756822
Cc1cccc(-c2nc3n(c2-c2ccnc(-c4ccc(C(=O)NC5CCOCC5)cc4)c2)C2CCC3C2)n1,1,IC50,6.04,1,CHEMBL5968960
Cc1cccc(-c2nc3n(c2-c2ccnc(-c4ccc(C(=O)NC5CCOCC5)cc4)c2)[C@H]2CC[C@@H]3C2)n1,1,IC50,6.06,1,CHEMBL5919761
Cc1cccc(-c2nc3n(c2-c2ccnc(-c4ccc(C(=O)NC5CCOCC5)cc4)c2)[C@@H]2CC[C@H]3C2)n1,1,IC50,6.02,1,CHEMBL5797278
NC(=O)c1nnc2ccc(-c3c(-c4ccc(F)cn4)nc4n3[C@H]3CC[C@@H]4C3)cn12,0,IC50 (>),5.0,1,CHEMBL5905863
Cc1cccc(-c2nc3n(c2-c2ccnc(-c4ccc(S(C)(=O)=O)cc4)c2)[C@@H]2CC[C@H]3C2)n1,1,IC50,6.03,1,CHEMBL5878028
Cc1cccc(-c2nn3c(c2-c2ccc4nccc(C(N)=O)c4c2)C2CCC3CC2)n1,1,IC50,6.0,1,CHEMBL5926924
Cc1cccc(-c2nc3n(c2-c2ccnc(-c4cnn(S(C)(=O)=O)c4)c2)C2CCC3C2)n1,1,IC50,6.26,1,CHEMBL5908417
CNC(=O)c1ccc2cc(-c3nn(C(C)C)c4ncnc(N)c34)[nH]c2c1,0,IC50,4.96,2,CHEMBL5821889
CNC(=O)c1ccc2cc(-c3cn(C(C)C)c4ncnc(N)c34)[nH]c2c1,1,IC50,6.0,2,CHEMBL5915982
CNC(=O)c1ccc2nc(-c3nn(C(C)(C)C)c4ncnc(N)c34)[nH]c2c1,0,IC50 (>),4.52,2,CHEMBL5799948
CC(C)(C)n1nc(-c2cc3ccc(C(N)=O)cc3[nH]2)c2c(N)ncnc21,0,IC50,4.58,2,CHEMBL5883105
COCCNC(=O)c1ccc2c(Cl)c(-c3nn(C(C)(C)C)c4ncnc(N)c34)[nH]c2c1,0,IC50,4.57,2,CHEMBL5851422
CN(C)CCNC(=O)c1ccc2c(Cl)c(-c3nn(C(C)(C)C)c4ncnc(N)c34)[nH]c2c1,0,IC50 (>),4.52,2,CHEMBL5888635
CC(C)(C)n1nc(-c2[nH]c3cc(C(=O)NCCN4CCOCC4)ccc3c2Cl)c2c(N)ncnc21,0,IC50 (>),4.52,2,CHEMBL5891509
CC(C)(C)n1nc(-c2[nH]c3cc(C(=O)NCCCN4CCOCC4)ccc3c2Cl)c2c(N)ncnc21,0,IC50 (>),4.52,2,CHEMBL6033097
CONC(=O)c1ccc2c(Cl)c(-c3nn(C(C)(C)C)c4ncnc(N)c34)[nH]c2c1,1,IC50,6.46,2,CHEMBL5938144
CC(C)(C)n1nc(-c2[nH]c3cc(C(=O)N4CCCC4)ccc3c2Cl)c2c(N)ncnc21,0,IC50 (>),4.52,2,CHEMBL5964305
CN(C)C(=O)c1ccc2c(Cl)c(-c3nn(C(C)(C)C)c4ncnc(N)c34)[nH]c2c1,0,IC50 (>),4.52,2,CHEMBL5742729
COCCOCCNC(=O)c1ccc2c(Cl)c(-c3nn(C(C)(C)C)c4ncnc(N)c34)[nH]c2c1,0,IC50 (>),4.52,2,CHEMBL5800447
COCCCNC(=O)c1ccc2c(Cl)c(-c3nn(C(C)(C)C)c4ncnc(N)c34)[nH]c2c1,0,IC50 (>),4.52,2,CHEMBL5976438
CN(C)CCOCCNC(=O)c1ccc2c(Cl)c(-c3nn(C(C)(C)C)c4ncnc(N)c34)[nH]c2c1,0,IC50,4.98,2,CHEMBL5805792
CN(C)CCCNC(=O)c1ccc2c(Cl)c(-c3nn(C(C)(C)C)c4ncnc(N)c34)[nH]c2c1,0,IC50 (>),4.52,2,CHEMBL5978185
CC(C)(C)n1nc(-c2[nH]c3cc(C(=O)NCCCN4CCCCC4)ccc3c2Cl)c2c(N)ncnc21,0,IC50,4.57,2,CHEMBL5941245
CC(C)OCCCNC(=O)c1ccc2c(Cl)c(-c3nn(C(C)(C)C)c4ncnc(N)c34)[nH]c2c1,0,IC50 (>),4.52,2,CHEMBL5750470
CNC(=O)c1ccc2c(Cl)c(-c3nn(CCO)c4ncnc(N)c34)[nH]c2c1,0,IC50 (>),4.52,2,CHEMBL5896404
CNC(=O)c1ccc2c(Cl)c(-c3nn(CCCOC)c4ncnc(N)c34)[nH]c2c1,0,IC50 (>),4.52,2,CHEMBL5986208
CC(C)(C)n1nc(-c2[nH]c3cc(C(=O)NC4CCOCC4)ccc3c2Cl)c2c(N)ncnc21,0,IC50 (>),4.52,2,CHEMBL6035994
CNC(=O)c1ccc2c(Cl)c(-c3nn(C)c4ncnc(N)c34)[nH]c2c1,0,IC50 (>),4.52,2,CHEMBL6006283
COCCn1ccc(NC(=O)c2ccc3c(Cl)c(-c4nn(C(C)(C)C)c5ncnc(N)c45)[nH]c3c2)n1,1,IC50,6.0,2,CHEMBL5832652
CC(C)(C)n1nc(-c2[nH]c3cc(C(=O)Nc4ccn(CCN5CCOCC5)n4)ccc3c2Cl)c2c(N)ncnc21,1,IC50,6.63,2,CHEMBL5907577
CNC(=O)c1ccc2c(Br)c(-c3nn(C(C)C)c4ccnc(N)c34)[nH]c2c1,0,IC50,4.95,2,CHEMBL5934308
CN(C)CCn1ccc(NC(=O)c2ccc3c(Cl)c(-c4nn(C(C)(C)C)c5ncnc(N)c45)[nH]c3c2)n1,1,IC50,7.18,2,CHEMBL5931190
CN1CCN(CCn2ccc(NC(=O)c3ccc4c(Cl)c(-c5nn(C(C)(C)C)c6ncnc(N)c56)[nH]c4c3)n2)CC1,1,IC50,6.85,2,CHEMBL5930051
CNC(=O)c1ccc2c(Cl)c(-c3nn(CCN)c4ncnc(N)c34)[nH]c2c1,0,IC50 (>),4.52,2,CHEMBL5873592
CC(C)(C)n1nc(-c2[nH]c3cc(C(=O)Nc4ccn(CCO)n4)ccc3c2Cl)c2c(N)ncnc21,1,IC50,6.25,2,CHEMBL5789543
CNC(=O)c1ccc2c(Cl)c(-c3csc4ncnc(N)c34)[nH]c2c1,0,IC50 (>),4.52,2,CHEMBL6016767
CNC(=O)c1ccc2cc(-c3csc4ncnc(N)c34)[nH]c2c1,0,IC50 (>),4.52,2,CHEMBL6000262
CC(C)(C)n1nc(-c2[nH]c3cc(C(=O)O)ccc3c2Cl)c2c(N)ncnc21,0,IC50 (>),4.52,2,CHEMBL5910575
CNC(=O)c1ccc2c(Cl)c(-c3nn(C(C)(C)C)c4ncnc(N)c34)[nH]c2n1,0,IC50 (>),4.52,2,CHEMBL5827889
CNC(=O)c1ccc2cc(-c3nn(C(C)(C)C)c4ncnc(N)c34)[nH]c2n1,0,IC50 (>),4.52,2,CHEMBL5829147
COC(=O)c1ccc2c(Cl)c(-c3nn(C(C)(C)C)c4ncnc(N)c34)[nH]c2c1,0,IC50 (>),4.52,2,CHEMBL6059810
CCC(=O)c1ccc2c(Cl)c(-c3nn(C(C)(C)C)c4ncnc(N)c34)[nH]c2c1,0,IC50 (>),4.52,1,CHEMBL5946119
CC(C)NC(=O)c1ccc2c(Cl)c(-c3nn(C(C)(C)C)c4ncnc(N)c34)[nH]c2c1,0,IC50 (>),4.52,2,CHEMBL6027878
CC(C)(C)n1nc(-c2[nH]c3cc(C(=O)NC4CC4)ccc3c2Cl)c2c(N)ncnc21,1,IC50,6.03,2,CHEMBL5999157
CC(C)(C)n1nc(-c2[nH]c3cc(C(=O)Nc4ccccc4)ccc3c2Cl)c2c(N)ncnc21,0,IC50 (>),4.52,2,CHEMBL5769585
CNC(=O)c1ccc2cc(-c3nn(C4CCCCC4)c4ncnc(N)c34)[nH]c2c1,0,IC50 (>),4.52,2,CHEMBL5830567
CCn1nc(-c2cc3ccc(C(=O)NC)cc3[nH]2)c2c(N)ncnc21,0,IC50 (>),4.52,2,CHEMBL5937637
CNC(=O)c1ccc2cc(-c3nn(C4CC4)c4ncnc(N)c34)[nH]c2c1,0,IC50 (>),4.52,2,CHEMBL6030116
CNC(=O)Nc1ccc2cc(-c3nn(C(C)(C)C)c4ncnc(N)c34)[nH]c2c1,1,IC50,6.22,2,CHEMBL5988252
CC(C)(C)n1nc(-c2[nH]c3cc(C(=O)NCCS(C)(=O)=O)ccc3c2Cl)c2c(N)ncnc21,0,IC50,4.75,2,CHEMBL5995275
CNC(=O)c1cc(Cl)c2cc(-c3nn(C(C)(C)C)c4ncnc(N)c34)[nH]c2c1,0,IC50,4.74,2,CHEMBL5954546
CC(C)(C)n1nc(-c2[nH]c3cc(C(=O)NCc4ccccc4)ccc3c2Cl)c2c(N)ncnc21,0,IC50 (>),4.52,2,CHEMBL5947913
CC(C)(C)n1nc(-c2[nH]c3cc(C(=O)NCCc4ccccc4)ccc3c2Cl)c2c(N)ncnc21,0,IC50 (>),4.52,2,CHEMBL5917725
CC(C)(C)n1nc(-c2[nH]c3cc(C(=O)NCCC(F)(F)F)ccc3c2Cl)c2c(N)ncnc21,0,IC50,4.58,2,CHEMBL5740622
CC(C)(C)n1nc(-c2[nH]c3cc(C(=O)NCCOC(F)(F)F)ccc3c2Cl)c2c(N)ncnc21,0,IC50,4.97,2,CHEMBL6028993
CC(C)(C)n1nc(-c2[nH]c3cc(C(=O)NCc4nccs4)ccc3c2Cl)c2c(N)ncnc21,0,IC50 (>),4.52,2,CHEMBL5825422
CC(C)(C)n1nc(-c2[nH]c3cc(C(=O)NCC4CCOCC4)ccc3c2Cl)c2c(N)ncnc21,0,IC50 (>),4.52,2,CHEMBL5740493
CNC(=O)c1ccc2c(Cl)c(-c3nn(C(C)(C)C)c4ncnc(N)c34)n(C)c2c1,0,IC50,4.94,2,CHEMBL5977877
CCn1nc(-c2[nH]c3cc(C(=O)NC)ccc3c2Cl)c2c(N)ncnc21,0,IC50 (>),4.52,2,CHEMBL5856514
CNC(=O)c1ccc2c(Cl)c(-c3nn(C4CC4)c4ncnc(N)c34)[nH]c2c1,0,IC50,4.95,2,CHEMBL5797912
CS(=O)(=O)N1CCC(n2nc(-c3[nH]c4cc(C(=O)NC5CC5)ccc4c3Cl)c3c(N)ncnc32)CC1,1,IC50,6.19,2,CHEMBL5903862
CC(C)(C)OC(=O)N1CCC(n2nc(-c3[nH]c4cc(C(=O)NC5CC5)ccc4c3Cl)c3c(N)ncnc32)CC1,0,IC50,4.7,2,CHEMBL5761229
CCCNC(=O)c1ccc2c(Cl)c(-c3nn(C(C)(C)C)c4ncnc(N)c34)[nH]c2c1,0,IC50,4.9,2,CHEMBL5739900
CNC(=O)c1ccc2c(Cl)c(-c3nn(C(C)(C)C)c4ncnc(N)c34)n(C(F)F)c2c1,0,IC50 (>),4.52,1,CHEMBL5962853
CCNC(=O)c1ccc2c(Cl)c(-c3nn(CC(F)(F)F)c4ncnc(N)c34)[nH]c2c1,0,IC50,4.85,2,CHEMBL6059871
CNC(=O)c1ccc2c(Cl)c(-c3nn(CC(F)(F)F)c4ncnc(N)c34)[nH]c2c1,0,IC50,4.85,2,CHEMBL5894575
Nc1ncnc2c1c(-c1[nH]c3cc(C(=O)NC4CC4)ccc3c1Cl)nn2C1CCOC1,1,IC50,6.19,2,CHEMBL5858155
Nc1ncnc2c1c(-c1[nH]c3cc(C(=O)NC4CC4)ccc3c1Cl)nn2C1CCOCC1,1,IC50,6.03,2,CHEMBL5776316
Nc1ncnc2c1c(-c1[nH]c3cc(C(=O)NC4CC4)ccc3c1Cl)nn2C1CCC(O)C1,1,IC50,6.61,2,CHEMBL5886076
CC(C)n1nc(-c2[nH]c3cc(-c4nncs4)ccc3c2Cl)c2c(N)ncnc21,1,IC50,6.15,2,CHEMBL6016133
CC(C)n1nc(-c2[nH]c3cc(-c4ncco4)ccc3c2Cl)c2c(N)ncnc21,1,IC50,6.05,2,CHEMBL5814821
COc1cc2ncnc(Nc3ccc(NC(=O)NC4CC4)cc3)c2c2c1OCCO2,1,IC50,6.56,1,CHEMBL5799814
COc1cccc(NC(=O)Nc2ccc(Nc3ncnc4cc(OC)c5c(c34)OCCO5)cc2)c1,1,IC50,6.56,1,CHEMBL5856485
COc1cc2ncnc(Nc3ccc(NC(=O)Nc4ccccc4)c(Cl)c3)c2c2c1OCCO2,1,IC50,6.56,1,CHEMBL5942361
COc1cc2ncnc(Nc3ccc(NC(=O)Nc4cc(C)no4)c(Cl)c3)c2c2c1OCCO2,1,IC50,6.56,1,CHEMBL6000551
COc1cc2ncnc(Nc3ccc(NC(=O)NC(C)C)c(Cl)c3)c2c2c1OCCO2,1,IC50,6.56,1,CHEMBL5971093
COc1cc2ncnc(Nc3ccc(NC(=O)NC4CCCC4)c(Cl)c3)c2c2c1OCCO2,1,IC50,6.56,1,CHEMBL5874162
COCCOc1cc2ncnc(Nc3ccc(NC(=O)NC(C)C)c(Cl)c3)c2c2c1OCCO2,1,IC50,6.56,1,CHEMBL5945085
COCCOc1cc2ncnc(Oc3ccc(NC(=O)Nc4ccc(Cl)c(C(F)(F)F)c4)cn3)c2c2c1OCCO2,1,IC50,6.56,1,CHEMBL5770681
CN1CCN(CCOc2cc3ncnc(Nc4ccc(NC(=O)NC5CC5)c(Cl)c4)c3c3c2OCCO3)CC1,1,IC50,6.56,1,CHEMBL6008339
CN(C)CCOc1cc2ncnc(Oc3ccc(NC(=O)NC4CC4)c(Cl)c3)c2c2c1OCCO2,1,IC50,6.56,1,CHEMBL5844336
COc1cc2nccc(Oc3ccc(NC(=O)Nc4ccc(Cl)c(C(F)(F)F)c4)cc3F)c2c2c1OCCO2,1,IC50,6.56,1,CHEMBL6040662
COc1cc2nccc(Oc3ccc(NC(=O)Nc4ccc(Cl)c(C(F)(F)F)c4)c(F)c3)c2c2c1OCCO2,1,IC50,6.56,2,CHEMBL6055627
COCCOc1cc2nccc(Oc3ccc(NC(=O)Nc4ccc(Cl)c(C(F)(F)F)c4)cc3)c2c2c1OCCO2,1,IC50,6.56,2,CHEMBL5904893
COCCOc1cc2nccc(Oc3ccc(NC(=O)Nc4ccc(Cl)c(C(F)(F)F)c4)cc3F)c2c2c1OCCO2,1,IC50,6.56,2,CHEMBL6012463
COc1ccc(Sc2sc3nc(N)nc(N)c3c2C)cc1OC,0,IC50,4.65,1,CHEMBL5774604
COc1ccccc1Sc1sc2nc(N)nc(N)c2c1C,0,IC50,4.25,1,CHEMBL5812290
CN(C)CCOc1cccc2c(=O)c3ccc(Oc4ccccc4)cc3oc12,0,IC50 (>),5.0,1,CHEMBL5816335
CN(C)CCOc1cccc2c(=O)c3ccc(Oc4ccc(CCc5ccc(CO)cc5)nc4)cc3oc12,0,IC50 (>),5.0,1,CHEMBL5981410
COc1cc(Oc2ccc3c(=O)c4cc(C)cc(OCCN(C)C)c4oc3c2)ccc1OCc1ccc(CO)cc1,0,IC50 (>),5.0,1,CHEMBL5844044
Cc1cc(OCCN(C)C)c2oc3cc(Oc4ccc(CO)nc4)ccc3c(=O)c2c1,0,IC50 (>),5.0,1,CHEMBL5797841
Cc1cc(OCCN(C)C)c2oc3cc(Oc4cnc(CO)c(CO)c4)ccc3c(=O)c2c1,0,IC50 (>),5.0,1,CHEMBL6065793
Cc1cc(OCCN(C)C)c2oc3cc(Oc4ccc(OCc5ccc(CO)cc5)nc4)ccc3c(=O)c2c1,0,IC50 (>),5.0,1,CHEMBL5743139
Cc1cc(OCCN(C)C)c2oc3cc(Oc4ccc(OCc5ccc(CO)nc5)nc4)ccc3c(=O)c2c1,0,IC50 (>),5.0,1,CHEMBL5911754
Cc1cc(OCCN(C)C)c2oc3cc(Oc4cnc(OCc5ccc(CO)cc5)c(CO)c4)ccc3c(=O)c2c1,0,IC50 (>),5.0,1,CHEMBL5990993
Cc1cc(OCCN(C)C)c2oc3cc(Oc4ccc(OCc5ccc(C(F)(F)F)nc5)nc4)ccc3c(=O)c2c1,0,IC50 (>),5.0,1,CHEMBL5769975
Cc1cc(OCCN(C)C)c2oc3cc(Oc4ccc(NCc5ccc(CO)cc5)nc4)ccc3c(=O)c2c1,0,IC50 (>),5.0,1,CHEMBL5937089
Cc1cc(OCCN(C)C)c2oc3cc(Oc4ccc(NCc5ccc(CO)nc5)nc4)ccc3c(=O)c2c1,0,IC50 (>),5.0,1,CHEMBL5832510
Cc1cc(OCCN(C)C)c2oc3cc(Oc4ccc(N)nc4)ccc3c(=O)c2c1,0,IC50 (>),5.0,1,CHEMBL5769022
Cc1cc(OCCN(C)C)c2oc3cc(Oc4ccc(CCc5ccc(CO)cc5)nc4)ccc3c(=O)c2c1,0,IC50 (>),5.0,1,CHEMBL5976996
COc1cc(C)cc2c(=O)c3ccc(B4OC(C)(C)C(C)(C)O4)cc3oc12,0,IC50 (>),5.0,1,CHEMBL6037332
Cc1cc(OCCN(C)C)c2oc3cc(C(=O)c4ccc(CCc5ccc(CO)cc5)nc4)ccc3c(=O)c2c1,0,IC50 (>),5.0,1,CHEMBL5783904
Cc1cc(OCCN(C)C)c2oc3cc(C(=O)c4ccc(CCC(=O)Nc5cccnc5)nc4)ccc3c(=O)c2c1,0,IC50 (>),5.0,1,CHEMBL5746846
Cc1cc(OCCN(C)C)c2oc3cc(Oc4ccc(CCC(=O)NC5CCCC5)nc4)ccc3c(=O)c2c1,0,IC50 (>),5.0,1,CHEMBL5780798
Cc1cc(OCCN(C)C)c2oc3cc(Oc4ccc(CCC(=O)N5CCCC5)nc4)ccc3c(=O)c2c1,0,IC50 (>),5.0,1,CHEMBL5883909
Cc1cc(OCCN(C)C)c2oc3cc(Oc4ccc(CCC(=O)N5CCOCC5)nc4)ccc3c(=O)c2c1,0,IC50 (>),5.0,1,CHEMBL5875814
Cc1cc(OCCN(C)C)c2oc3cc(Oc4ccc(N(CC(=O)NC5CCCC5)C(=O)OC(C)(C)C)nc4)ccc3c(=O)c2c1,0,IC50 (>),5.0,1,CHEMBL5988416
Cc1cc(OCCN(C)C)c2oc3cc(Oc4ccc(CCNC(=O)C5CCCC5)nc4)ccc3c(=O)c2c1,0,IC50 (>),5.0,1,CHEMBL5990634
Cc1cc(OCCN(C)C)c2oc3cc(Oc4ccc(CCNC(=O)N5CCCC5)nc4)ccc3c(=O)c2c1,0,IC50 (>),5.0,1,CHEMBL5744116
Cc1cc(OCCNC(=O)OC(C)(C)C)c2oc3cc(Oc4ccc(CCC(=O)NC5CCCC5)nc4)ccc3c(=O)c2c1,0,IC50 (>),5.0,1,CHEMBL5983874
Cc1cc(OCCN(C)C(=O)OC(C)(C)C)c2oc3cc(Oc4ccc(CCC(=O)NC5CCCC5)nc4)ccc3c(=O)c2c1,0,IC50 (>),5.0,1,CHEMBL5927196
Cc1cc(OCCCN(C)C)c2oc3cc(Oc4cccc(C(=O)Nc5ccccc5)c4)ccc3c(=O)c2c1,1,IC50,6.26,1,CHEMBL5803388
Cc1cc(OCCCN2CCOCC2)c2oc3cc(Oc4ccccc4)ccc3c(=O)c2c1,0,IC50 (>),5.0,1,CHEMBL5942433
Cc1cc(OCCN2CCCC2)c2oc3cc(Oc4ccc(CCC(=O)NC5CCCC5)nc4)ccc3c(=O)c2c1,0,IC50 (>),5.0,1,CHEMBL5857089
Cc1cc(OCCN2CCCCC2)c2oc3cc(Oc4ccc(CCC(=O)NC5CCCC5)nc4)ccc3c(=O)c2c1,0,IC50 (>),5.0,1,CHEMBL5837625
CN(C)CCOc1cc(Cl)cc2c(=O)c3ccc(Oc4cccc(C(=O)Nc5ccccc5)c4)cc3oc12,0,IC50 (>),5.0,1,CHEMBL5906483
CN(C)CCOc1cc(Br)cc2c(=O)c3ccc(Oc4ccc(CCC(=O)NC5CCCC5)nc4)cc3oc12,0,IC50 (>),5.0,1,CHEMBL5814397
CN(C)CCOc1ccc2oc3cc(Oc4ccc(CCC(=O)NC5CCCC5)nc4)ccc3c(=O)c2c1,0,IC50 (>),5.0,1,CHEMBL6009206
COc1cc(OCCN(C)C)cc2c(=O)c3ccc(Oc4ccc(CCC(=O)NC5CCCC5)nc4)cc3oc12,0,IC50 (>),5.0,1,CHEMBL5890537
Cc1cc(OCCN(C)C)c2sc3cc(Oc4ccccc4)ccc3c(=O)c2c1,0,IC50 (>),5.0,1,CHEMBL5913277
Cc1cc(OCCN(C)C)c2sc3cc(Oc4cccc(C(=O)Nc5ccccc5)c4)ccc3c(=O)c2c1,0,IC50 (>),5.0,1,CHEMBL5961522
Cc1cc(OCCN(C)C)c2sc3cc(Oc4ccc(CCc5ccc(CO)cc5)nc4)ccc3c(=O)c2c1,0,IC50 (>),5.0,1,CHEMBL5977583
Cc1cc(OCCN(C)C)c2sc3cc(Oc4ccc(CCC(=O)NC5CCCC5)nc4)ccc3c(=O)c2c1,0,IC50 (>),5.0,1,CHEMBL5890082
Cc1cc(OCCN(C)C)c2oc3cc(Oc4cccnc4)ccc3c(=O)c2c1,0,IC50 (>),5.0,1,CHEMBL5955164
Cc1cc(OCCN(C)C)c2oc3cc(Oc4ccc(CCC(=O)N5CCC(N)CC5)nc4)ccc3c(=O)c2c1,0,IC50 (>),5.0,1,CHEMBL5954560
CCN(CC)CCOc1cc(C)cc2c(=O)c3ccc(Oc4ccc(CCC(=O)NC5CCCC5)nc4)cc3oc12,0,IC50 (>),5.0,1,CHEMBL5838745
Cc1cc(OCCN2CCOCC2)c2oc3cc(Oc4ccc(CCC(=O)NC5CCCC5)nc4)ccc3c(=O)c2c1,0,IC50 (>),5.0,1,CHEMBL5985110
Cc1cc(OCCN(C(C)C)C(C)C)c2oc3cc(Oc4ccc(CCC(=O)NC5CCCC5)nc4)ccc3c(=O)c2c1,0,IC50 (>),5.0,1,CHEMBL6009549
Cc1cc(OCCN2CCN(C)CC2)c2oc3cc(Oc4ccc(CCC(=O)NC5CCCC5)nc4)ccc3c(=O)c2c1,0,IC50 (>),5.0,1,CHEMBL6017524
Cc1cc(OCCN2CCN(CC(F)(F)F)CC2)c2oc3cc(Oc4ccc(CCC(=O)NC5CCCC5)nc4)ccc3c(=O)c2c1,0,IC50 (>),5.0,1,CHEMBL5995400
Cc1cc(OC2CCCN(C)C2)c2oc3cc(Oc4ccc(CCC(=O)NC5CCCC5)nc4)ccc3c(=O)c2c1,0,IC50 (>),5.0,1,CHEMBL5863562
Cc1cc(OCCN2C[C@@H](C)N[C@@H](C)C2)c2oc3cc(Oc4ccc(CCC(=O)NC5CCCC5)nc4)ccc3c(=O)c2c1,0,IC50 (>),5.0,1,CHEMBL5796344
Cc1cc(OCCN2C[C@@H](C)N(C)[C@@H](C)C2)c2oc3cc(Oc4ccc(CCC(=O)NC5CCCC5)nc4)ccc3c(=O)c2c1,0,IC50 (>),5.0,1,CHEMBL5867213
Cc1cc(OCCCN(C)C)c2oc3cc(Oc4ccc(CCC(=O)NC5CCCC5)nc4)ccc3c(=O)c2c1,0,IC50 (>),5.0,1,CHEMBL5935695
Cc1cc(OCCCN2[C@H](C)CCC[C@@H]2C)c2oc3cc(Oc4ccc(CCC(=O)NC5CCCC5)nc4)ccc3c(=O)c2c1,0,IC50 (>),5.0,1,CHEMBL5909271
CCN1CCN(CCCOc2cc(C)cc3c(=O)c4ccc(Oc5ccc(CCC(=O)NC6CCCC6)nc5)cc4oc23)CC1,0,IC50 (>),5.0,1,CHEMBL5900676
Cc1cc(OCCCN2C[C@@H](C)N[C@@H](C)C2)c2oc3cc(Oc4ccc(CCC(=O)NC5CCCC5)nc4)ccc3c(=O)c2c1,0,IC50 (>),5.0,1,CHEMBL5767992
Cc1cc(OCCCN2C[C@@H](C)N(C)[C@@H](C)C2)c2oc3cc(Oc4ccc(CCC(=O)NC5CCCC5)nc4)ccc3c(=O)c2c1,0,IC50 (>),5.0,1,CHEMBL5751343
Cc1cc(OCCCN2CCOCC2)c2oc3cc(Oc4ccc(CCC(=O)NC5CCCC5)nc4)ccc3c(=O)c2c1,0,IC50 (>),5.0,1,CHEMBL6059543
Cc1cc(OC2CCN(C)C2)c2oc3cc(Oc4ccc(CCC(=O)NC5CCCC5)nc4)ccc3c(=O)c2c1,0,IC50 (>),5.0,1,CHEMBL5858704
Cc1cc(OC[C@H]2CCCN2C)c2oc3cc(Oc4ccc(CCC(=O)NC5CCCC5)nc4)ccc3c(=O)c2c1,0,IC50 (>),5.0,1,CHEMBL5899136
Cc1cc(OC[C@@H]2CCCN2C)c2oc3cc(Oc4ccc(CCC(=O)NC5CCCC5)nc4)ccc3c(=O)c2c1,0,IC50 (>),5.0,1,CHEMBL6064009
Cc1cc(OCC2CCCCN2C)c2oc3cc(Oc4ccc(CCC(=O)NC5CCCC5)nc4)ccc3c(=O)c2c1,0,IC50 (>),5.0,1,CHEMBL5781504
Cc1cc(OCCC2CCCN2C)c2oc3cc(Oc4ccc(CCC(=O)NC5CCCC5)nc4)ccc3c(=O)c2c1,0,IC50 (>),5.0,1,CHEMBL5962515
Cc1cc(OCC2CCCN(C)C2)c2oc3cc(Oc4ccc(CCC(=O)NC5CCCC5)nc4)ccc3c(=O)c2c1,0,IC50 (>),5.0,1,CHEMBL5923148
CC(C)(C)n1nc(-c2ccc3cc(C(=O)Nc4nccs4)[nH]c3c2)c2c(N)ncnc21,0,IC50,4.62,1,CHEMBL6037624
CCCCNC(=O)c1cc2ccc(-c3nn(C(C)(C)C)c4ncnc(N)c34)cc2[nH]1,0,IC50,4.26,2,CHEMBL5810591
COCCNC(=O)c1cc2ccc(-c3nn(C(C)(C)C)c4ncnc(N)c34)cc2[nH]1,0,IC50,4.38,2,CHEMBL5873932
CC(C)(C)n1nc(-c2ccc3cc(C(=O)NCCF)[nH]c3c2)c2c(N)ncnc21,0,IC50,4.88,2,CHEMBL6035180
CC(C)CNC(=O)c1cc2ccc(-c3nn(C(C)(C)C)c4ncnc(N)c34)cc2[nH]1,0,IC50,4.52,2,CHEMBL6036190
CC(C)(C)n1nc(-c2ccc3cc(C(=O)NCc4ccccc4)[nH]c3c2)c2c(N)ncnc21,0,IC50,4.52,2,CHEMBL5893313
CC(C)(C)n1nc(-c2ccc3cc(C(=O)NCCc4ccccc4)[nH]c3c2)c2c(N)ncnc21,0,IC50,4.52,2,CHEMBL6019512
CC(C)(C)n1nc(-c2ccc3cc(C(=O)NCC4CC4)[nH]c3c2)c2c(N)ncnc21,0,IC50,4.5,2,CHEMBL5807793
CC(C)(C)n1nc(-c2ccc3cc(C(=O)NCC(F)F)[nH]c3c2)c2c(N)ncnc21,0,IC50,4.64,2,CHEMBL5806668
CC(C)(C)n1nc(-c2ccc3cc(C(=O)NOCC4CC4)[nH]c3c2)c2c(N)ncnc21,0,IC50,4.52,2,CHEMBL5866030
Cn1ccc(NC(=O)c2cc3ccc(-c4nn(C(C)(C)C)c5ncnc(N)c45)cc3[nH]2)n1,0,IC50,4.52,2,CHEMBL5814993
COCCONC(=O)c1cc2ccc(-c3nn(C(C)(C)C)c4ncnc(N)c34)cc2[nH]1,0,IC50,4.52,2,CHEMBL6009366
Cn1nccc1NC(=O)c1cc2ccc(-c3nn(C(C)(C)C)c4ncnc(N)c34)cc2[nH]1,0,IC50,4.52,2,CHEMBL5952340
CC(C)(C)n1nc(-c2ccc3cc(C(=O)Nc4ccccc4)[nH]c3c2)c2c(N)ncnc21,0,IC50,4.52,2,CHEMBL5820199
Cc1nnc(NC(=O)c2cc3ccc(-c4nn(C(C)(C)C)c5ncnc(N)c45)cc3[nH]2)s1,0,IC50,4.52,2,CHEMBL5851947
CC(C)(C)n1nc(-c2ccc3cc(C(=O)Nc4ccsc4)[nH]c3c2)c2c(N)ncnc21,0,IC50,4.52,2,CHEMBL5844036
CC(C)(C)n1nc(-c2ccc3cc(C(=O)Nc4cncs4)[nH]c3c2)c2c(N)ncnc21,0,IC50,4.68,2,CHEMBL5805535
CC(C)(C)n1nc(-c2ccc3cc(C(=O)Nc4cnoc4)[nH]c3c2)c2c(N)ncnc21,0,IC50,4.58,2,CHEMBL5814418
Cc1csc(NC(=O)c2cc3ccc(-c4nn(C(C)(C)C)c5ncnc(N)c45)cc3[nH]2)n1,0,IC50,4.52,2,CHEMBL5863113
CCn1ccc(NC(=O)c2cc3ccc(-c4nn(C(C)(C)C)c5ncnc(N)c45)cc3[nH]2)n1,0,IC50,4.52,2,CHEMBL6026648
COCCn1ccc(NC(=O)c2cc3ccc(-c4nn(C(C)(C)C)c5ncnc(N)c45)cc3[nH]2)n1,0,IC50,4.52,2,CHEMBL5929701
CC(C)(C)n1nc(-c2ccc3cc(C(=O)Nc4ccn(CCF)n4)[nH]c3c2)c2c(N)ncnc21,0,IC50,4.52,2,CHEMBL5877853
CC(C)(C)n1nc(-c2ccc3cc(C(=O)Nc4cccnc4)[nH]c3c2)c2c(N)ncnc21,0,IC50,4.52,2,CHEMBL5939517
CC(C)(C)n1nc(-c2ccc3cc(C(=O)Nc4ccncc4)[nH]c3c2)c2c(N)ncnc21,0,IC50,4.52,2,CHEMBL5815924
CC(C)(C)n1nc(-c2ccc3cc(C(=O)Nc4ccn(CCO)n4)[nH]c3c2)c2c(N)ncnc21,0,IC50,4.52,2,CHEMBL6048161
CC(C)n1nc(-c2ccc3cc(C(=O)NC4CC4)[nH]c3c2)c2c(N)ncnc21,0,IC50,4.95,2,CHEMBL6006061
CC(C)n1nc(-c2ccc3cc(C(=O)NCCF)[nH]c3c2)c2c(N)ncnc21,0,IC50,4.94,2,CHEMBL5949946
CC(C)n1nc(-c2ccc3cc(C(=O)Nc4ccn(C)n4)[nH]c3c2)c2c(N)ncnc21,0,IC50,4.94,2,CHEMBL5871407
CC(C)n1nc(-c2ccc3cc(C(=O)Nc4nncs4)[nH]c3c2)c2c(N)ncnc21,1,IC50,6.16,2,CHEMBL6019496
CC(C)(C)n1nc(-c2ccc3cc(C(=O)NC4CC4)[nH]c3c2)c2c(N)ncnc21,0,IC50,4.82,2,CHEMBL5915653
CCNC(=O)c1cc2ccc(-c3nn(C(C)(C)C)c4ncnc(N)c34)cc2[nH]1,0,IC50,4.79,2,CHEMBL5997462
CNC(=O)c1[nH]c2cc(-c3nn(C(C)(C)C)c4ncnc(N)c34)ccc2c1F,0,IC50,4.79,2,CHEMBL5844533
CNC(=O)c1[nH]c2cc(-c3nn(C(C)(C)C)c4ncnc(N)c34)ccc2c1C,1,IC50,6.13,2,CHEMBL5897905
Cc1cc(NC(=O)c2cc3ccc(-c4nn(C(C)(C)C)c5ncnc(N)c45)cc3[nH]2)n(C)n1,0,IC50,4.52,2,CHEMBL5951002
CNC(=O)c1cc2ccc(-c3nn(C4CC4)c4ncnc(N)c34)cc2[nH]1,0,IC50,4.62,2,CHEMBL5757353
CC(C)NC(=O)c1cc2ccc(-c3nn(C(C)(C)C)c4ncnc(N)c34)cc2[nH]1,0,IC50,4.52,2,CHEMBL6032046
CNC(=O)c1cc2ccc(-c3nn(C4CCC(C)(O)C4)c4ncnc(N)c34)cc2[nH]1,0,IC50,4.89,2,CHEMBL5753617
CNC(=O)c1[nH]c2cc(-c3nn(C(C)C)c4ncnc(N)c34)ccc2c1C,1,IC50,6.34,2,CHEMBL6019583
CNC(=O)c1cc2ccc(-c3nn(CCCOC)c4ncnc(N)c34)cc2[nH]1,0,IC50,4.53,2,CHEMBL5948681
CNC(=O)c1cc2ccc(-c3nn(C(=O)OC(C)(C)C)c4ncnc(N)c34)cc2[nH]1,0,IC50,4.6,1,CHEMBL6050036
CCN1CCN(c2ccc(Nc3ncc4cc(-c5cc(OC)cc(OC)c5Cl)c5nncn5c4n3)cc2)CC1,1,IC50,8.28,1,CHEMBL5964512
COc1cc(OC)c(Cl)c(-c2cc3cnc(Nc4ccc(N5CCN6CCC[C@@H]6C5)cc4)nc3n3cnnc23)c1,1,IC50,8.66,1,CHEMBL6004682
COc1cc(OC)c(Cl)c(-c2cc3cnc(Nc4ccc(OCCN5CCCC5)cc4)nc3n3cnnc23)c1,1,IC50,8.15,1,CHEMBL6039026
COc1cc(OC)c(Cl)c(-c2cc3cnc(Nc4ccc(N5CCC(N6CCOCC6)CC5)cc4)nc3n3cnnc23)c1,1,IC50,8.54,1,CHEMBL5923096
COc1cc(OC)c(Cl)c(-c2cc3cnc(Nc4ccc(N5CCN6CCOC[C@@H]6C5)cc4)nc3n3cnnc23)c1,1,IC50,8.59,1,CHEMBL5902836
COc1cc(OC)c(Cl)c(-c2cc3cnc(Nc4ccc(CN5CCOCC5)cc4)nc3n3cnnc23)c1,1,IC50,8.55,1,CHEMBL5836642
COc1cc(OC)c(Cl)c(-c2cc3cnc(Nc4ccc(CN5CCN(C)CC5)cc4)nc3n3cnnc23)c1,1,IC50,8.35,1,CHEMBL5924936
COc1cc(OC)c(Cl)c(-c2cc3cnc(Nc4ccc(N5C[C@@H](C)N[C@@H](C)C5)cc4)nc3n3cnnc23)c1,1,IC50,8.62,1,CHEMBL5908619
COc1cc(OC)c(Cl)c(-c2cc3cnc(Nc4ccc(N5CC6CCC(C5)N6)cc4)nc3n3cnnc23)c1,1,IC50,8.62,1,CHEMBL5882387
COc1cc(OC)c(Cl)c(-c2cc3cnc(Nc4ccc5c(c4)CCNC5)nc3n3cnnc23)c1,1,IC50,8.82,1,CHEMBL5965940
COc1cc(OC)c(Cl)c(-c2cc3cnc(Nc4ccc(N5C[C@@H](C)N[C@@H](C)C5)c(F)c4)nc3n3cnnc23)c1,1,IC50,8.59,1,CHEMBL5888240
COc1cc(OC)c(Cl)c(-c2cc3cnc(Nc4ccc(C(=O)N5C[C@@H](C)N[C@@H](C)C5)cc4)nc3n3cnnc23)c1,1,IC50,8.21,1,CHEMBL5820171
COc1cc(OC)c(Cl)c(-c2cc3cnc(Nc4ccc(N5CCN6CCC[C@@H]6C5)cc4)nc3n3cnnc23)c1Cl,1,IC50,8.21,1,CHEMBL5834373
COc1cc(OC)c(Cl)c(-c2cc3cnc(Nc4ccc(N5CCC(N6CCOCC6)CC5)cc4)nc3n3cnnc23)c1Cl,1,IC50,8.37,1,CHEMBL5933140
CCN1CCN(c2ccc(Nc3ncc4cc(-c5cc6[nH]c(C)nc6cc5Cl)c5nncn5c4n3)cc2)CC1,1,IC50,8.05,1,CHEMBL5883677
Cc1nc2cc(Cl)c(-c3cc4cnc(Nc5ccc(N6CCC(N(C)C)CC6)cc5)nc4n4cnnc34)cc2[nH]1,1,IC50,7.54,1,CHEMBL5861469
CCN1CCC(c2ccc(Nc3ncc4cc(-c5cc6[nH]c(C)nc6cc5Cl)c5nncn5c4n3)cc2)CC1,1,IC50,7.89,1,CHEMBL5848610
Cc1nc2cc(Cl)c(-c3cc4cnc(Nc5ccc(N6CCOCC6)cc5)nc4n4cnnc34)cc2[nH]1,1,IC50,7.82,1,CHEMBL5936087
CCN1CCC(c2ccc(Nc3ncc4cc(-c5cc(OC)cc(OC)c5Cl)c5nncn5c4n3)cc2)CC1,1,IC50,8.39,1,CHEMBL5769394
COc1cc(OC)c(Cl)c(-c2cc3cnc(Nc4ccc(C5CCNCC5)cc4)nc3n3cnnc23)c1,1,IC50,8.6,1,CHEMBL5828198
CCN1CCN(Cc2ccc(Nc3ncc4cc(-c5cc(OC)cc(OC)c5Cl)c5nncn5c4n3)cn2)CC1,1,IC50,7.75,1,CHEMBL6050174
C=CC(=O)N1CCN(CCCN2CN3C(=N2)C(c2cc(OC)cc(OC)c2Cl)=Cc2cnc(NC)nc23)CC1,1,IC50,6.11,1,CHEMBL5771258
COc1cc2ncnc(Oc3ccc4c(cc(C)n4C(=O)Nc4ccc(Cl)c(C(F)(F)F)c4)c3F)c2cc1OC,0,Kd (>),3.0,1,CHEMBL5784464
O=C(Nc1ccc(F)cc1)C1(C(=O)Nc2ccc(Oc3ccnc4cc(OC5CCOCC5)c5c(c34)OCCO5)c(F)c2)CC1,1,IC50,6.56,1,CHEMBL5786941
N#CCOc1cc2nccc(Oc3ccc(NC(=O)C4(C(=O)Nc5ccc(F)cc5)CC4)cc3F)c2c2c1OCCO2,1,IC50,6.56,1,CHEMBL5954543
O=C(Nc1ccc(F)cc1)C1(C(=O)Nc2ccc(Oc3ccnc4cc(OCCCN5CCOCC5)c5c(c34)OCCO5)cc2Cl)CC1,1,IC50,6.56,1,CHEMBL5852284
COc1cc2nccc(Oc3ccc(NC(=O)Nc4ccc(F)c(C(F)(F)F)c4)cc3F)c2c2c1OCCO2,1,IC50,6.56,1,CHEMBL5834432
CCOc1cc2nccc(Oc3ccc(NC(=O)Nc4ccc(Cl)c(C(F)(F)F)c4)cc3)c2c2c1OCCO2,1,IC50,6.56,1,CHEMBL5852182
COCCN(C)CCCOc1cc2nccc(Oc3ccc(NC(=O)Nc4ccc(Cl)c(C(F)(F)F)c4)cc3)c2c2c1OCCO2,1,IC50,6.56,1,CHEMBL5815459
CN(C)CCCCCCOc1cc2nccc(Oc3ccc(NC(=O)Nc4ccc(Cl)c(C(F)(F)F)c4)cc3)c2c2c1OCCO2,1,IC50,6.56,1,CHEMBL5882113
N#CCCCOc1cc2nccc(Oc3ccc(NC(=O)Nc4ccc(Cl)c(C(F)(F)F)c4)cc3)c2c2c1OCCO2,1,IC50,6.56,1,CHEMBL5894374
Cc1ccc(C(F)(F)F)cc1NC(=O)Nc1ccc(Oc2ccnc3cc(OCCCN4CCOCC4)c4c(c23)OCCO4)cc1,1,IC50,6.56,1,CHEMBL5964705
CCC(=O)c1cc2[nH]c(-c3nn(C(C)(C)C)c4ncnc(N)c34)c(Cl)c2cc1Cl,0,IC50 (>),4.52,1,CHEMBL5799489
CNC(=O)c1ccc2c(c1)C(C(F)F)C(c1nn(C(C)(C)C)c3ncnc(N)c13)=C2Cl,0,IC50 (>),4.52,1,CHEMBL5914792
CC(C)(C)n1nc(-c2ccc3cc(CNc4nccs4)[nH]c3c2)c2c(N)ncnc21,0,IC50,4.62,1,CHEMBL6040286
CNC(=O)c1cc2ccc(-c3nn(C4CN(C(=O)OC(C)(C)C)C4)c4ncnc(N)c34)cc2[nH]1,0,IC50,4.6,1,CHEMBL6063652
COc1ccc(-c2nc3c4cc(-c5ccc(OC)cc5)oc4ncn3n2)cc1,1,IC50,7.24,1,CHEMBL6114885
O=C(Nc1ncnc2oc(-c3ccccc3)c(-c3ccccc3)c12)c1ccc(Cl)cc1,1,IC50,7.05,1,CHEMBL6078158
O=C(c1ccccc1Br)N(C(=O)c1ccccc1Br)c1ncnc2oc(-c3ccccc3)c(-c3ccccc3)c12,1,IC50,7.0,1,CHEMBL6150700
O=C(Nc1ncnc2oc(-c3ccccc3)c(-c3ccccc3)c12)c1ccc([N+](=O)[O-])cc1,1,IC50,7.24,1,CHEMBL6092055
Cc1ccc(C(=O)Nc2ncnc3oc(-c4ccccc4)c(-c4ccccc4)c23)cc1,1,IC50,6.71,1,CHEMBL6141605
N=c1c2c(-c3ccccc3)c(-c3ccccc3)oc2ncn1Nc1ccccc1,1,IC50,7.07,1,CHEMBL6087332
CC(C)(C)c1ccc(NC=Nc2oc(-c3ccccc3)c(-c3ccccc3)c2C#N)cc1,1,IC50,6.89,1,CHEMBL6141804
N#Cc1c(N=CNc2ccc(Cl)cc2)oc(-c2ccccc2)c1-c1ccccc1,1,IC50,7.37,1,CHEMBL6078202
N#Cc1c(N=CNc2ccc(Br)cc2)oc(-c2ccccc2)c1-c1ccccc1,1,IC50,7.28,1,CHEMBL6143227
COc1ccc(NC=Nc2oc(-c3ccccc3)c(-c3ccccc3)c2C#N)cc1,1,IC50,6.73,1,CHEMBL6120879
CC(C)n1cnc2oc(-c3ccccc3)c(-c3ccccc3)c2c1=N,1,IC50,7.0,1,CHEMBL6078010
N=c1c2c(-c3ccccc3)c(-c3ccccc3)oc2ncn1C1CCCCC1,1,IC50,6.77,1,CHEMBL6133759
CCc1ccccc1-n1cnc2oc(-c3ccccc3)c(-c3ccccc3)c2c1=N,1,IC50,6.89,1,CHEMBL6141603
N=c1c2c(-c3ccccc3)c(-c3ccccc3)oc2ncn1NC(N)=O,1,IC50,7.17,1,CHEMBL6092033
Clc1ccc2nc3nc4c5c(-c6ccccc6)c(-c6ccccc6)oc5ncn4nc-3c2c1,1,IC50,6.84,1,CHEMBL6144152
Brc1ccc2nc3nc4c5c(-c6ccccc6)c(-c6ccccc6)oc5ncn4nc-3c2c1,1,IC50,7.07,1,CHEMBL6078556
CCNc1nc2c3c(-c4ccccc4)c(-c4ccccc4)oc3ncn2n1,1,IC50,6.91,1,CHEMBL6102686
C=CCNc1nc2c3c(-c4ccccc4)c(-c4ccccc4)oc3ncn2n1,1,IC50,7.0,1,CHEMBL6078251
CCCCNc1nc2c3c(-c4ccccc4)c(-c4ccccc4)oc3ncn2n1,1,IC50,6.98,1,CHEMBL6102946
c1ccc(-c2oc3ncn4nc(NC5CCCCC5)nc4c3c2-c2ccccc2)cc1,1,IC50,7.02,1,CHEMBL6101866
c1ccc(Nc2nc3c4c(-c5ccccc5)c(-c5ccccc5)oc4ncn3n2)cc1,1,IC50,6.82,1,CHEMBL6103048
COc1ccc(Nc2nc3c4c(-c5ccccc5)c(-c5ccccc5)oc4ncn3n2)cc1,1,IC50,6.82,1,CHEMBL6101971
Cc1ccc(-c2nc3c4c(-c5ccccc5)c(-c5ccccc5)oc4ncn3n2)cc1,1,IC50,6.9,1,CHEMBL1593862
Cc1cccc(-c2nc3c4c(-c5ccccc5)c(-c5ccccc5)oc4ncn3n2)c1,1,IC50,6.92,1,CHEMBL1404812
Clc1cccc(-c2nc3c4c(-c5ccccc5)c(-c5ccccc5)oc4ncn3n2)c1,1,IC50,7.08,1,CHEMBL6132746
N#CCc1nc2c3c(-c4ccccc4)c(-c4ccccc4)oc3ncn2n1,1,IC50,7.12,1,CHEMBL6142651
O=C(Nc1ccc(Oc2ccnc(NC(=O)N3CC(O)C3)c2)c(F)c1)c1cn(-c2cccnc2)nn1,1,IC50,6.95,1,CHEMBL6133471
N#Cc1ccc(Oc2ccc3cccc(NC(=O)Nc4ccc(Cl)c(C(F)(F)F)c4)c3c2)cc1,1,IC50,8.56,1,CHEMBL6144188
O=C(Nc1ccc(Cl)c(C(F)(F)F)c1)Nc1ccc(Cl)c(C(F)(F)F)c1,1,IC50,8.95,1,CHEMBL530543
N#Cc1ccc(Oc2cccc(NC(=O)Nc3ccc(Cl)c(C(F)(F)F)c3)c2)cc1Cl,1,IC50,8.75,1,CHEMBL6141841
N#Cc1ccc(Oc2cccc(NC(=O)Nc3ccc(Cl)c(C(F)(F)F)c3)c2)c(F)c1,1,IC50,8.67,1,CHEMBL6144584
O=C(Nc1ccc(Cl)c(C(F)(F)F)c1)C(CCl)C(=O)Nc1ccc(Cl)c(C(F)(F)F)c1,1,IC50,7.84,1,CHEMBL6150100
O=C(Nc1ccc(Oc2ccc(=O)[nH]n2)cc1)Nc1ccc(Cl)c(Cl)c1,1,IC50,6.97,1,CHEMBL6134599
CCCc1cc(NC(=O)Cc2ccc(-n3cnc4cc(-c5cnn(C)c5)ccc43)cc2)on1,1,IC50,9.0,1,CHEMBL6146128
CC(C)c1cc(NC(=O)Cc2ccc(-n3cnc4cc(-c5cnn(C)c5)ccc43)cc2)on1,1,IC50,9.22,1,CHEMBL6146585
Cn1cc(-c2ccc3c(c2)ncn3-c2ccc(CC(=O)Nc3cc(C(C)(C)C)no3)cc2)cn1,1,IC50,8.91,1,CHEMBL6162898
Cn1cc(-c2ccc3c(c2)ncn3-c2ccc(CC(=O)Nc3cc(-c4ccccc4)no3)cc2)cn1,1,IC50,7.85,1,CHEMBL6148321
CC(C)(C)c1cc(NC(=O)Cc2ccc(-n3cnc4cc(-c5cn[nH]c5)ccc43)cc2)on1,1,IC50,8.98,1,CHEMBL6150730
CC(C)(C)c1cc(NC(=O)Cc2ccc(-n3cnc4cc(-c5cccnc5)ccc43)cc2)on1,1,IC50,8.49,1,CHEMBL6114929
CCOC(=O)Cn1cc(-c2ccc3c(c2)ncn3-c2ccc(CC(=O)Nc3cc(C(C)(C)C)no3)cc2)cn1,1,IC50,8.77,1,CHEMBL6142589
CC(C)(C)OC(=O)Cn1cc(-c2ccc3c(c2)ncn3-c2ccc(CC(=O)Nc3cc(C(C)(C)C)no3)cc2)cn1,1,IC50,8.19,1,CHEMBL6152632
CC(C)(C)c1cc(NC(=O)Cc2ccc(-n3cnc4cc(-c5cnn(CC(=O)O)c5)ccc43)cc2)on1,1,IC50,8.92,1,CHEMBL6103505
CC(C)(C)c1cc(NC(=O)Cc2ccc(-n3cnc4cc(C5CCNCC5)ccc43)cc2)on1,1,IC50,7.1,1,CHEMBL6148983
Cc1cc(NC(=O)Cc2ccc(-n3cnc4cc(-c5cn[nH]c5)ccc43)cc2)sn1,1,IC50,6.52,1,CHEMBL6150573
Cn1cc(-c2ccc3c(c2)ncn3-c2ccc(CC(=O)Nc3cc(C(C)(C)C)n[nH]3)cc2)cn1,1,IC50,6.16,1,CHEMBL6144766
CCN1CCN(C(C)C(=O)N(C)c2ccc(N/C(=C3\C(=O)Nc4cc(Cl)ccc43)c3ccccc3)cc2)CC1,1,IC50,8.82,1,CHEMBL6120634
Cc1nn(-c2ccc(F)cc2)c(-n2ccnc2)c1C(=O)NCc1cccnc1,1,IC50,6.85,1,CHEMBL6145305
O=[N+]([O-])c1ccc(CNc2cccc(-c3nc4ccccc4[nH]3)c2)cc1,1,IC50,8.17,2,CHEMBL6160267
Clc1cccc(Cl)c1CNc1cccc(-c2nc3ccccc3[nH]2)c1,1,IC50,8.17,2,CHEMBL6149552
O=C(Nc1ccc([N+](=O)[O-])cc1)Nc1cccc(-c2nc3ccccc3[nH]2)c1,1,IC50,8.17,2,CHEMBL6162119
O=[N+]([O-])c1ccc(NC(=S)Nc2cccc(-c3nc4ccccc4[nH]3)c2)cc1,1,IC50,8.17,2,CHEMBL6160357
Cc1c(C(=O)NNC(=S)Nc2ccc(Cl)cc2)nnn1Cc1nc2ccccc2[nH]1,1,IC50,6.97,1,CHEMBL6160081
COc1cc(/C=N/NC(=O)c2nnn(Cc3nc4ccccc4[nH]3)c2C)ccc1O,1,IC50,6.64,1,CHEMBL6145266
O=C(CN1C(=O)S/C(=C\c2ccc(F)cc2)C1=O)Nc1nc2ccc([N+](=O)[O-])cc2s1,1,IC50,7.04,1,CHEMBL6134637
O=C(CSc1nc2ccccc2o1)Nc1ccc(C(=O)Nc2ccc([N+](=O)[O-])cc2)cc1,1,IC50,7.26,1,CHEMBL6164811
O=C(CSc1nc2ccccc2o1)Nc1ccc(C(=O)NC2CCCCC2)cc1,1,IC50,6.57,1,CHEMBL6160590
Cc1ccc2oc(SCC(=O)Nc3ccc(C(=O)Nc4cccc(Cl)c4)cc3)nc2c1,1,IC50,7.01,1,CHEMBL6165909
COc1cc(-c2nc3ccccc3s2)ccc1OCC(=O)N/N=C/c1ccc(O)cc1,1,IC50,6.72,1,CHEMBL6141845
COc1cc(-c2nc3ccccc3s2)ccc1OCC(=O)N/N=C/c1ccc([N+](=O)[O-])cc1,1,IC50,6.75,1,CHEMBL6133088
COc1cc(/C=N/NC(=O)COc2ccc(-c3nc4ccccc4s3)cc2OC)ccc1O,1,IC50,6.77,1,CHEMBL6150791
COC(=O)COc1ccc(/C=N/NC(=O)COc2ccc(-c3nc4ccccc4s3)cc2OC)cc1OC,1,IC50,6.89,1,CHEMBL6151136
O=C(CCSc1nc2ccccc2o1)Nc1ccc(S(=O)(=O)NC(=O)NC2CCCCC2)cc1,1,IC50,7.1,1,CHEMBL5427744
O=C(CCSc1nc2ccccc2o1)Nc1ccc(S(=O)(=O)NC(=O)Nc2ccccc2)cc1,1,IC50,6.72,1,CHEMBL6146972
Cc1ccc2oc(SCCC(=O)Nc3ccc(S(=O)(=O)NC(=O)NC4CCCCC4)cc3)nc2c1,1,IC50,7.16,1,CHEMBL5404166
Cc1ccc2oc(SCCC(=O)Nc3ccc(S(=O)(=O)NC(=O)Nc4ccccc4)cc3)nc2c1,1,IC50,7.0,1,CHEMBL6167312
CCNC(=S)NS(=O)(=O)c1ccc(NC(=O)CCSc2nc3ccccc3o2)cc1,1,IC50,6.57,1,CHEMBL6134424
CCNC(=S)NS(=O)(=O)c1ccc(NC(=O)CCSc2nc3cc(C)ccc3o2)cc1,1,IC50,6.44,1,CHEMBL6143687
O=C(CCSc1nc2ccccc2o1)Nc1nnc(-c2ccccc2)s1,1,IC50,6.89,1,CHEMBL6147433
Cc1ccc2oc(SCCC(=O)Nc3nnc(-c4ccccc4)s3)nc2c1,1,IC50,6.92,1,CHEMBL6143029
Nc1c(C(=O)Nc2ccccc2)c(-c2c[nH]c3ccccc23)nn1-c1ccccc1,0,IC50,4.37,1,CHEMBL6170951
Nc1c(C(=O)Nc2ccc(Cl)cc2)c(-c2c[nH]c3ccccc23)nn1-c1ccccc1,0,IC50,4.83,1,CHEMBL6151994
Nc1c(C(=O)Nc2ccc(C(F)(F)F)cc2)c(-c2c[nH]c3ccccc23)nn1-c1ccccc1,0,IC50,4.78,1,CHEMBL6148367
Cc1ccc(-n2nc(-c3c[nH]c4ccccc34)c(C(=O)Nc3ccc(Br)cc3)c2N)cc1,0,IC50,4.89,1,CHEMBL6120575
Nc1c(C(=O)Nc2ccc(C(F)(F)F)cc2)c(-c2c[nH]c3ccc(Br)cc23)nn1-c1ccccc1,0,IC50,4.83,1,CHEMBL6149925
COc1ccc2[nH]cc(-c3nn(-c4ccccc4)c(N)c3C(=O)Nc3ccc(C(C)C)cc3)c2c1,0,IC50,4.87,1,CHEMBL6162149
COc1ccc2[nH]cc(-c3nn(-c4ccccc4)c(N)c3C(=O)Nc3ccc([N+](=O)[O-])cc3)c2c1,0,IC50,4.89,1,CHEMBL6169368
Cc1ccc(-n2nc(-c3c[nH]c4ccc(Br)cc34)c(C(=O)Nc3ccc([N+](=O)[O-])cc3)c2N)cc1,0,IC50,4.87,1,CHEMBL6164616
Cc1ccc(-n2nc(-c3cn(-c4ccccc4)c4ccccc34)c(C(=O)Nc3ccc([N+](=O)[O-])cc3)c2N)cc1,0,IC50,4.42,1,CHEMBL6146137
O=C(CCCCCCn1cc(-c2cc(Oc3ccc(NC(=O)Nc4ccc(C(F)(F)F)c(Cl)c4)cc3)ccn2)cn1)NO,1,IC50,8.12,1,CHEMBL6160604
O=C(CCCCCCn1cc(-c2cc(Oc3ccc(NC(=O)Nc4ccc(C(F)(F)F)cc4)cc3)ccn2)cn1)NO,1,IC50,6.62,1,CHEMBL6146873
CC(C)(C)c1ccc(NC(=O)Nc2ccc(Oc3ccnc(-c4cnn(CCCCCCC(=O)NO)c4)c3)cc2)cc1,1,IC50,7.5,1,CHEMBL6164706
O=C(CCCCCCn1cc(-c2cc(Oc3ccc(NC(=O)Nc4ccc(F)cc4)cc3)ccn2)cn1)NO,1,IC50,6.21,1,CHEMBL6151056
O=C(CCCCCCn1cc(-c2cc(Oc3ccc(NC(=O)Nc4cccc(F)c4)cc3)ccn2)cn1)NO,1,IC50,6.53,1,CHEMBL6144870
O=C(CCCCCCn1cc(-c2cc(Oc3ccc(NC(=O)Nc4ccccc4Cl)cc3)ccn2)cn1)NO,1,IC50,6.03,1,CHEMBL6167349
Cc1ccc(NC(=O)Nc2ccc(Oc3ccnc(-c4cnn(CCCCCCC(=O)NO)c4)c3)cc2)cc1,1,IC50,6.99,1,CHEMBL6160869
COc1ccc(NC(=O)Nc2ccc(Oc3ccnc(-c4cnn(CCCCCCC(=O)NO)c4)c3)cc2)cc1,1,IC50,6.54,1,CHEMBL6146363
NC(=O)Nc1ccc(Oc2ccnc(-c3cnn(CCCCCCC(=O)NO)c3)c2)cc1,0,IC50 (>),5.0,1,CHEMBL6145741
CC(C)(C)NC(=O)Nc1ccc(Oc2ccnc(-c3cnn(CCCCCCC(=O)NO)c3)c2)cc1,0,IC50 (>),5.0,1,CHEMBL6152712
CC(C)(C)c1cc(NC(=O)Nc2ccc(Oc3ccnc(-c4cnn(CCCCCCC(=O)NO)c4)c3)cc2)no1,1,IC50,8.41,1,CHEMBL6149363
O=C(CCCCCCn1cc(-c2cc(Oc3ccc(NC(=O)Nc4cc(C(F)(F)F)on4)cc3)ccn2)cn1)NO,1,IC50,6.96,1,CHEMBL6147372
Cc1cc(NC(=O)Nc2ccc(Oc3ccnc(-c4cnn(CCCCCCC(=O)NO)c4)c3)cc2)no1,1,IC50,6.31,1,CHEMBL6133279
CCc1cc(NC(=O)Nc2ccc(Oc3ccnc(-c4cnn(CCCCCCC(=O)NO)c4)c3)cc2)no1,1,IC50,7.32,1,CHEMBL6143083
O=C(CCCCCCn1cc(-c2cc(Oc3ccc(NC(=O)Nc4cc(-c5ccc(F)cc5)on4)cc3)ccn2)cn1)NO,1,IC50,6.73,1,CHEMBL6133904
CC(C)(C)c1cc(NC(=O)Nc2ccc(Oc3ccnc(-c4cnn(CCCCCCC(=O)NO)c4)c3)cc2)on1,1,IC50,7.84,1,CHEMBL6170914
Cc1cc(NC(=O)Nc2ccc(Oc3ccnc(-c4cnn(CCCCCCC(=O)NO)c4)c3)cc2)on1,1,IC50,6.46,1,CHEMBL6142658
CCc1cc(NC(=O)Nc2ccc(Oc3ccnc(-c4cnn(CCCCCCC(=O)NO)c4)c3)cc2)on1,1,IC50,7.53,1,CHEMBL6162546
CCCc1cc(NC(=O)Nc2ccc(Oc3ccnc(-c4cnn(CCCCCCC(=O)NO)c4)c3)cc2)on1,1,IC50,7.44,1,CHEMBL6170158
CC(C)c1cc(NC(=O)Nc2ccc(Oc3ccnc(-c4cnn(CCCCCCC(=O)NO)c4)c3)cc2)on1,1,IC50,8.33,1,CHEMBL6161033
CC(C)(C)c1csc(NC(=O)Nc2ccc(Oc3ccnc(-c4cnn(CCCCCCC(=O)NO)c4)c3)cc2)n1,1,IC50,6.21,1,CHEMBL6148909
CC(C)(C)c1cc(NC(=O)Nc2ccc(Oc3ccnc(-c4cnn(CC(=O)NO)c4)c3)cc2)no1,1,IC50,8.6,1,CHEMBL6141717
CC(C)(C)c1cc(NC(=O)Nc2ccc(Oc3ccnc(-c4cnn(CCC(=O)NO)c4)c3)cc2)no1,1,IC50,8.49,1,CHEMBL6143373
CC(C)(C)c1cc(NC(=O)Nc2ccc(Oc3ccnc(-c4cnn(CCCC(=O)NO)c4)c3)cc2)no1,1,IC50,8.8,1,CHEMBL6132764
CC(C)(C)c1cc(NC(=O)Nc2ccc(Oc3ccnc(-c4cnn(CCCCC(=O)NO)c4)c3)cc2)no1,1,IC50,8.64,1,CHEMBL6147630
CC(C)(C)c1cc(NC(=O)Nc2ccc(Oc3ccnc(-c4cnn(CCCCCC(=O)NO)c4)c3)cc2)no1,1,IC50,8.48,1,CHEMBL6160457
CC(C)(C)c1cc(NC(=O)Nc2ccc(Oc3ccnc(-c4cnn(CCCCCCCC(=O)NO)c4)c3)cc2)no1,1,IC50,8.21,1,CHEMBL6171060
CC(C)(C)c1cc(NC(=O)Nc2ccc(Oc3ccnc(-c4cnn(CCCCCCCCC(=O)NO)c4)c3)cc2)no1,1,IC50,8.08,1,CHEMBL6147918
CC(C)(C)c1cc(NC(=O)Nc2ccc(Oc3ccnc(-c4cnn(CCCCCCCCCC(=O)NO)c4)c3)cc2)no1,1,IC50,7.96,1,CHEMBL6146641
CC(C)(C)c1cc(NC(=O)Nc2ccc(Oc3ccnc(-c4cnn(CCCCCCCCCCC(=O)NO)c4)c3)cc2)no1,1,IC50,7.87,1,CHEMBL6165663
Cc1cc(=O)n(-c2cc(F)ccc2F)nc1C(=O)Nc1ccc(Oc2ccnc(NC(=O)N3CC(O)C3)c2)c(F)c1,1,IC50,6.88,1,CHEMBL6163157
O=C(Nc1ccccc1)Nc1ccc(Oc2ncnc3sc4c(c23)CCCC4)cc1,1,IC50,6.34,1,CHEMBL6120509
Cc1cccc(NC(=O)Nc2ccc(Oc3ncnc4sc5c(c34)CCCC5)cc2)c1,1,IC50,7.48,1,CHEMBL6172985
COc1cccc(NC(=O)Nc2ccc(Oc3ncnc4sc5c(c34)CCCC5)cc2)c1,1,IC50,7.33,1,CHEMBL6144806
Cc1ccc(NC(=O)Nc2ccc(Oc3ncnc4sc5c(c34)CCCC5)cc2)cc1Cl,1,IC50,7.68,1,CHEMBL6150902
COc1cccc(NC(=O)NNC(=O)c2oc3ccccc3c2CN2CCOCC2)c1,1,IC50,7.34,1,CHEMBL6150284
COc1ccc(CN2C3CC2CN(c2ccc(-c4nc(-c5cnn(C)c5)cc5ncccc45)cn2)C3)cc1C#N,1,IC50,7.56,1,CHEMBL6162402
COc1cc(OC)c(Cl)c(-c2ccc3c(/C=C/c4ccc(C(=O)N5CCNCC5)cc4)n[nH]c3c2)c1Cl,1,IC50,6.75,1,CHEMBL6173446
N#Cc1cnc(Nc2cc(N3CCOCC3)ccn2)s1,1,IC50,8.1,1,CHEMBL6192377
N#Cc1sc(Nc2ccccc2)nc1Nc1cnc(N)s1,1,IC50,6.84,1,CHEMBL6190087
N#Cc1sc(Nc2ccccc2)nc1NC(=O)CN1CCCCC1,1,IC50,6.8,1,CHEMBL6189099
N#Cc1sc(Nc2ccccc2)nc1NC(=O)CNNCc1ccccc1,1,IC50,6.2,1,CHEMBL6189304
N#Cc1sc(Nc2ccccc2)nc1NC(=O)CNNCC(=O)c1ccc(Cl)cc1,1,IC50,6.98,1,CHEMBL6191389
N#Cc1c(N)sc(C(=O)NC2=NN=C(O)/C2=C(\C=C\c2ccccc2)c2ccccc2)c1N,1,IC50,6.5,1,CHEMBL6188992
Cc1c(NC(=O)Nc2ccc(OC(F)(F)F)cc2)sc2ccccc12,1,IC50,7.95,1,CHEMBL6188294
COc1cc2nccc(Oc3ccc(NC(=O)c4ccccc4OC)cc3F)c2cc1OC,1,IC50,6.6,1,CHEMBL6190373
Cc1ccc(C(=O)Nc2ccc(Oc3cc4cnn(C)c4cc3-c3cn[nH]c3)c(F)c2)c(=O)n1-c1ccc(F)cc1,1,IC50,6.47,1,CHEMBL3545307
