smiles,label,type,pChEMBL,n_records,chembl_ids
CN1CCN(C2=Nc3cc(Cl)ccc3Nc3ccccc32)CC1,1,IC50,6.85,83,CHEMBL42
O=C(CCCN1CCC(O)(c2ccc(Cl)cc2)CC1)c1ccc(F)cc1,1,IC50,9.8,110,CHEMBL54
Clc1ccc(N2CCN(Cc3cccn4nccc34)CC2)cc1,0,Ki,4.8,2,CHEMBL90374
Clc1ccc(N2CCN(Cc3cccc4ccnn34)CC2)cc1,0,Ki,4.51,3,CHEMBL88937
Clc1ccc(N2CCN(Cc3ccc4ccnn4c3)CC2)cc1,0,Ki,4.89,2,CHEMBL432059
C1=C(CN2CCOCC2)COc2c1cccc2OC[C@@H]1CNCCO1,0,Ki (>),5.0,1,CHEMBL1202783
CN[C@@H]1Cc2cccc3[nH]c(=O)n(c23)C1,0,Ki,8.05,13,CHEMBL419792
CCOC(=O)c1cnn2cccc(CN3CCN(c4ccc(Cl)cc4)CC3)c12,0,Ki,4.43,2,CHEMBL91362
C1=C(CN2CCOCC2)COc2c1cccc2OC[C@H]1CNCCO1,0,Ki (>),5.0,1,CHEMBL1744087
OCc1cnn2cccc(CN3CCN(c4ccc(Cl)cc4)CC3)c12,0,Ki,4.41,2,CHEMBL328925
CN1CCCN(C2=Nc3cccnc3Nc3ccc(Cl)cc32)CC1,0,Ki,4.72,1,CHEMBL148042
CCOc1c(C(=O)NCCN2CCN(c3ccccc3)CC2)cc(Br)c2ccccc12,0,Ki (>),5.0,1,CHEMBL29649
O=C(NCCN1CCN(c2ccccc2)CC1)c1cc(Br)c2ccccc2c1,0,Ki (>),5.0,1,CHEMBL30256
O=C(NCCN1CCN(c2ccccc2)CC1)c1cc(Br)c2ccccc2c1O,0,Ki (>),5.0,1,CHEMBL29529
Ic1ccc(OCC2CCN(CC3CC3)CC2)cc1,0,Ki (>),5.0,1,CHEMBL44739
O=[N+]([O-])c1ccc(OCC2CCN(Cc3ccc(F)cc3)CC2)cc1,0,Ki (>),5.0,1,CHEMBL46596
COC(=O)c1ccc(Cc2nc3ccccc3n2Cc2ccc(Cl)cc2)cc1,0,Ki (>),4.92,1,CHEMBL320734
FCCN1CCC(COc2ccc(I)cc2)CC1,0,Ki (>),5.0,1,CHEMBL45168
N#Cc1ccc(OCC2CCN(C/C=C/I)CC2)cc1,0,Ki (>),5.0,1,CHEMBL274585
CCOC(=O)c1cc(CSc2nc3ccccc3n2Cc2ccc(Cl)cc2)cc(C(=O)OCC)c1,0,Ki (>),4.37,1,CHEMBL107973
N#Cc1ccc(OCC2CCN(CCCF)CC2)cc1,0,Ki (>),5.0,1,CHEMBL417001
OCCN1CCC(COc2ccc(I)cc2)CC1,0,Ki (>),5.0,1,CHEMBL46374
FCCCN1CCC(COc2ccc(Br)cc2)CC1,0,Ki (>),5.0,1,CHEMBL45156
N#Cc1ccc(OCC2CCN(CCF)CC2)cc1,0,Ki (>),5.0,1,CHEMBL46519
Brc1ccc(OCC2CCN(CC3CC3)CC2)cc1,0,Ki (>),5.0,1,CHEMBL46880
Fc1ccc(CSc2nc3ccccc3n2Cc2ccc(Cl)cc2)cc1,0,Ki (>),4.38,1,CHEMBL108678
N#Cc1ccc(OCC2CCN(Cc3ccc(F)cc3)CC2)cc1,0,Ki (>),5.0,1,CHEMBL46559
O=C(CCCN1CCC2(CC1)C(=O)NCN2c1ccccc1)c1ccc(F)cc1,1,IC50,9.23,15,CHEMBL267930
Brc1cccc(OCC2CCN(CC3CC3)CC2)c1,0,Ki (>),5.0,1,CHEMBL289196
CCCN1CCC[C@@H]2Cc3n[nH]cc3C[C@H]21,0,Ki,8.26,64,CHEMBL240773
C(#Cc1ccccc1)COCC1CCN(Cc2ccccc2)CC1,0,Ki (>),5.0,1,CHEMBL308185
N#Cc1ccc2[nH]cc(CN3CCN(c4ccccc4)CC3)c2c1,0,Ki,4.47,1,CHEMBL142217
CN1CCc2cc(Cl)c(O)cc2[C@H]1c1ccccc1,0,Ki,4.72,1,CHEMBL293158
C(=C/c1ccccc1)\COCC1CCN(CC2CC2)CC1,0,Ki (>),5.0,1,CHEMBL77204
C(#Cc1ccccc1)COCCC1CCN(CC2CC2)CC1,0,Ki (>),5.0,1,CHEMBL75678
N#Cc1ccc2[nH]c(CN3CCN(c4ccc(F)cc4)CC3)cc2c1,0,Ki,4.72,5,CHEMBL143761
C(=C\c1ccccc1)\COCC1CCN(Cc2ccccc2)CC1,0,Ki (>),5.0,1,CHEMBL307444
C(/C=C/c1ccccc1)=C\OCC1CCN(Cc2ccccc2)CC1,0,Ki (>),5.0,1,CHEMBL80784
C/C=C/CN1CCC(COC/C=C/c2ccccc2)CC1,0,Ki (>),5.0,1,CHEMBL76475
N#Cc1ccc2[nH]c(CN3CCN(c4ccc(Cl)c(Cl)c4)CC3)cc2c1,0,Ki,4.44,2,CHEMBL140006
CN1CCc2cc(Cl)c(O)cc2[C@@H](c2ccccc2)C1,1,IC50,7.59,4,CHEMBL1814790;CHEMBL62
C(=C/c1ccccc1)\COCC1CCN(Cc2ccccc2)CC1,0,Ki (>),5.0,1,CHEMBL76849
C(=C/c1ccccc1)\COCC1CCN(Cc2cccc3ccccc23)CC1,0,Ki (>),5.0,1,CHEMBL309015
Clc1ccc(N2CCN(Cc3c[nH]c4ncccc34)CC2)cc1,0,Ki,6.35,18,CHEMBL267014;CHEMBL555670
NCCc1ccc(O)c(O)c1,0,Ki,8.72,73,CHEMBL1557;CHEMBL59
Clc1ccccc1N1CCN(Cc2nc3ccccc3[nH]2)CC1,0,Ki (>),5.0,2,CHEMBL77563
Clc1ccc(N2CCN(Cc3nc4ccccc4[nH]3)CC2)cc1,0,Ki (>),5.0,1,CHEMBL76982
Clc1cccc(N2CCN(Cc3nc4ccccc4[nH]3)CC2)c1,0,Ki (>),5.0,1,CHEMBL77151
Clc1ccccc1N1CCN(Cc2nc3ccc[nH]c-3n2)CC1,0,Ki (>),5.0,1,CHEMBL80469
c1ccc(CN2CCN(Cc3csc(-c4ccccc4)n3)CC2)cc1,0,Ki,4.71,2,CHEMBL64043
c1ccc(CN2CCC(NCc3csc(-c4ccccc4)n3)CC2)cc1,0,Ki,4.87,2,CHEMBL302186
O=Cc1ccn(C2CCN(Cc3ccccc3)CC2)c1,0,Ki,4.31,2,CHEMBL422959
N#CC(C#N)=Cc1cccn1C1CCN(Cc2ccccc2)CC1,0,Ki,4.96,1,CHEMBL326864
COc1c(-c2nc(CNC[C@@H]3CCN(Cc4ccccc4)C3)co2)cc(Br)c2ccccc12,0,Ki,4.76,2,CHEMBL62601
c1ccc(CN2CCC(NCc3coc(-c4ccccc4)n3)CC2)cc1,0,Ki,4.85,1,CHEMBL59702
N#CC(C#N)=Cc1ccn(C2CCN(Cc3ccccc3)CC2)c1,0,Ki,4.89,2,CHEMBL104201
c1ccc(CN2CCN(Cc3coc(-c4ccccc4)n3)CC2)cc1,0,Ki,4.67,2,CHEMBL62703
Cc1sc(C)c2c1CC(C)(C)Cc1c[nH]nc1-2,0,Ki (>),5.0,1,CHEMBL99654
NCCc1ccc(O)cc1,0,Ki (>),4.77,1,CHEMBL11608
Cc1sc(C)c2c1CCCc1nncn1-2,0,Ki (>),5.0,1,CHEMBL98331
Cc1ccc(C)c2c1CCCc1c[nH]nc1-2,0,Ki (>),5.0,1,CHEMBL317988
Cc1sc(C)c2c1CCCc1cnn(-c3ccccc3)c1-2,0,Ki (>),5.0,1,CHEMBL316942
CCCn1ncc2c1-c1c(Cl)sc(Cl)c1CCC2,0,Ki (>),5.0,1,CHEMBL99085
Cc1nc2n(c(=O)c1CCN1CCC(c3noc4cc(F)ccc34)CC1)CCCC2,1,IC50,8.15,22,CHEMBL85
c1ccc2c(c1)CCCc1c[nH]nc1-2,0,Ki (>),5.0,1,CHEMBL18174
Cn1ncc2c1-c1ccccc1CCC2,0,Ki (>),5.0,1,CHEMBL317597
Cc1sc(C)c2c1CCCc1ncn(C)c1-2,0,Ki (>),5.0,1,CHEMBL102162
NCCc1cccc(O)c1,0,Ki,4.7,1,CHEMBL145584
Cc1sc(C)c2c1CCCc1nccn1-2,0,Ki (>),5.0,1,CHEMBL99054
Cn1cc2c(n1)-c1ccccc1CCC2,0,Ki (>),5.0,1,CHEMBL98330
Clc1sc(Cl)c2c1CCCc1cnn(Cc3ccccc3)c1-2,0,Ki (>),5.0,1,CHEMBL433012
CC(C)(C)[C@@]1(O)CCN2C[C@@H]3c4ccccc4CCc4cccc(c43)[C@H]2C1,1,IC50,7.92,8,CHEMBL1255588
CC(C)n1ncc2c1-c1c(Cl)sc(Cl)c1CCC2,0,Ki (>),5.0,1,CHEMBL317825
Cc1sc(C)c2c1CCCc1nnc(C)n1-2,0,Ki (>),5.0,1,CHEMBL317051
OC[C@H]1O[C@H](Oc2ccc(CC3NCCc4cc(O)c(O)cc43)cc2)[C@H](O)[C@H](O)[C@H]1O,0,Ki,4.94,1,CHEMBL2303762
CCCN(CCC)C1CCC(=C(C#C[Si](C)(C)C)C#C[Si](C)(C)C)CC1,0,Ki,4.96,2,CHEMBL164736
CCCN(CCC)C1CCC(=CC#N)CC1,0,Ki (>),4.7,2,CHEMBL350161
CCCN(CCC)C1CC=C(C#N)CC1,0,Ki (>),4.7,2,CHEMBL164631
CCCN(CCC)C1CC=C(C#C[Si](C)(C)C)CC1,0,Ki,7.8,10,CHEMBL163087
C#CC1=CCC(N(CCC)CCC)CC1,0,Ki,7.47,8,CHEMBL162762
CCCN(CCC)C1CCC(=C(C#N)C#N)CC1,0,Ki,4.82,2,CHEMBL164950
CCCN(CCC)C1CC=C(C#Cc2ccccc2)CC1,0,Ki,4.82,2,CHEMBL166325
C#CC(C#C)=C1CCC(N(CCC)CCC)CC1,0,Ki,4.92,2,CHEMBL165022
CCCN(C(C)C)[C@@H]1COc2cccc(C(C)=O)c2C1,0,Ki,4.52,1,CHEMBL3085215
CCCN(C(C)C)[C@H]1COc2cccc(C(=O)NC(C)C)c2C1,0,Ki (>),4.3,1,CHEMBL1742470
CCCN(C(C)C)[C@@H]1COc2cccc(C(=O)NC(C)C)c2C1,0,Ki (>),4.3,1,CHEMBL2111582
CCCN(C(C)C)[C@H]1COc2cccc(C(N)=O)c2C1,0,Ki (>),4.3,1,CHEMBL3085216
Oc1ccc(OCCNCc2ccccc2)cc1,0,Ki (>),5.0,1,CHEMBL100461
O=C1c2ccc(Cl)cc2CCC12CCN(CCc1ccccc1)CC2,0,Ki (>),5.0,1,CHEMBL122761
C[C@@H]1CN(CCCn2c3ccccc3c3ccccc32)C[C@H](C)N1,0,Ki (>),5.0,1,CHEMBL275707
OC1c2ccccc2CCC12CCN(CCc1ccccc1)CC2,0,Ki (>),5.0,1,CHEMBL542942
COc1cc(NC(C)=O)c(Cl)cc1C(=O)NC[C@@H]1CCN(Cc2ccccc2)C1,0,Ki,4.72,2,CHEMBL353087
CN(C)CCCN1c2ccccc2Sc2ccc(Cl)cc21,1,IC50,9.0,14,CHEMBL1713;CHEMBL71
O=C1CCc2ccccc2C12CCN(CCc1ccccc1)CC2,0,Ki (>),5.0,1,CHEMBL331172
CN1CCC2(CCc3ccccc3C2=O)CC1,0,Ki (>),5.0,1,CHEMBL542946
O=C1c2ccccc2CCC12CCN(Cc1ccc3ccccc3c1)CC2,0,Ki (>),5.0,1,CHEMBL123937
COc1cc(NC(C)=O)c(Cl)cc1C(=O)NC[C@H]1CCN(Cc2ccccc2)C1,0,Ki,4.6,2,CHEMBL167032
CS(=O)(=O)Nc1cc(OCCNCc2ccccc2)ccc1F,0,Ki (>),5.0,1,CHEMBL323118
COc1cc(N(C)C(C)=O)c(Cl)cc1C(=O)NC[C@H]1CCN(Cc2ccccc2)C1,0,Ki,4.55,2,CHEMBL169631
COc1cc(N(C)C(C)=O)c(Cl)cc1C(=O)NC[C@@H]1CCN(Cc2ccccc2)C1,0,Ki,4.72,2,CHEMBL168372
OC1CCc2ccccc2C12CCN(CCc1ccccc1)CC2,0,Ki (>),5.0,1,CHEMBL122758
COc1cc(N)c(Cl)cc1C(=O)NC[C@@H]1CCN2CCC[C@@H]12,0,Ki (>),5.0,1,CHEMBL34291
OC1(c2ccc(Cl)cc2)CCN(Cc2c[nH]c3ccccc23)CC1,1,IC50,8.35,8,CHEMBL445102
CCN(C)C1CCCc2ccncc21,0,Ki (>),5.0,1,CHEMBL1794855
CCCN[C@H]1CCc2nc(N)sc2C1,0,IC50 (>),5.0,23,CHEMBL301265;CHEMBL3182733
C=CCN1CCc2c(cc(O)c(O)c2Br)C(c2ccccc2)C1,0,Ki,7.72,2,CHEMBL544114
CN1CCc2cccc3c2[C@H]1Cc1cccc(C(N)=O)c1-3,0,Ki (>),5.0,1,CHEMBL324073
CCCN1CCO[C@H]2c3cc(O)ccc3OC[C@@H]21,0,Ki (>),5.0,1,CHEMBL97424
CCCN1CCO[C@@H]2c3cc(O)ccc3OC[C@H]21,0,Ki,7.69,5,CHEMBL70565
CCCN1CCO[C@@H]2c3cc(O)ccc3OC[C@@H]21,0,Ki (>),5.0,2,CHEMBL317493
c1ccc(N2CCN(Cc3nc4ccccc4[nH]3)CC2)nc1,0,Ki,6.8,4,CHEMBL440687
CCCN1CCc2cccc3c2[C@H]1Cc1cccc(O)c1-3,0,Ki,7.9,4,CHEMBL27559
c1ccc(C2=NC[C@H](CN3CCN(c4ccccc4)CC3)N2)cc1,0,Ki,4.96,2,CHEMBL540039
COc1ccc(Br)cc1C1=N[C@@H](CN2CCN(c3ccccc3)CC2)[C@@H](C)O1,0,Ki,4.75,2,CHEMBL315564
CCCN[C@@H]1CCc2ccc(OC)cc2C1,0,Ki,4.23,1,CHEMBL335971
O=c1[nH]c2cccc(N3CCN(Cc4cccc(-c5ccccc5)c4)CC3)c2o1,1,IC50,8.54,8,CHEMBL218166
Cc1nn2c(C#N)cccc2c1CN1CCN(c2ccc(Cl)cc2)CC1,0,Ki,4.24,2,CHEMBL160932
Cc1nn2c(-c3ccc(F)cc3)cccc2c1CN1CCN(c2ccc(Cl)cc2)CC1,0,Ki,4.85,2,CHEMBL160749
N#Cc1cccc2c(CN3CCN(c4ccc(Cl)cc4)CC3)cnn12,0,Ki,4.36,3,CHEMBL160626
OCc1cccn2ncc(CN3CCN(c4ccc(Cl)cc4)CC3)c12,0,Ki,4.25,2,CHEMBL160396
OCc1ccc2c(CN3CCN(c4ccc(Cl)cc4)CC3)cnn2c1,0,Ki,4.66,3,CHEMBL345357
C#Cc1cccc2c(CN3CCN(c4ccc(Cl)cc4)CC3)c(C)nn12,0,Ki,4.68,2,CHEMBL156851
Cc1nn2c(-c3ccccc3)cccc2c1CN1CCN(c2ccc(Cl)cc2)CC1,0,Ki,4.62,2,CHEMBL351550
Cc1cccn2ncc(CN3CCN(c4ccc(Cl)cc4)CC3)c12,0,Ki,4.92,2,CHEMBL156369
Fc1ccc(-c2cccc3c(CN4CCN(c5ccc(Cl)cc5)CC4)cnn23)cc1,0,Ki,4.82,2,CHEMBL156198
CCCN(CCC)C1CCc2cc(OC)ccc2C1,0,Ki (>),5.0,1,CHEMBL106047
N#CC(C#N)=Cc1cc(CN2CCN(c3ccc(Cl)cc3)CC2)c[nH]1,0,Ki,4.99,1,CHEMBL294458
N#Cc1ccc(CCOC(=O)NC2CCN(CCCC(c3ccc(F)cc3)c3ccc(F)cc3)CC2)cc1,1,IC50,6.26,1,CHEMBL116463
COc1ccc(Br)cc1C1=NCC[C@@H](CN2CCN(c3ccccc3)CC2)N1,0,Ki,4.85,2,CHEMBL353220
N#CC(C#N)=Cc1ccc(CN2CCN(c3ccc(Cl)cc3)CC2)[nH]1,0,Ki,4.31,2,CHEMBL303538
c1ccc(C2=NCC[C@@H](CN3CCN(c4ccccc4)CC3)N2)cc1,0,Ki,4.54,2,CHEMBL169459
O=C1NCN(c2ccccc2)C12CCN(Cc1cccc(Oc3ccccc3)c1)CC2,1,IC50,6.27,1,CHEMBL115280
N#CC(C#N)=Cc1[nH]ccc1CN1CCN(c2ccccc2)CC1,0,Ki,4.89,1,CHEMBL440120
O=C1NCN(c2ccccc2)C12CCN(Cc1ccc3nsnc3c1)CC2,1,IC50,6.91,1,CHEMBL325750
N#CC(C#N)=Cc1[nH]ccc1CN1CCN(c2ccc(Cl)cc2)CC1,0,Ki,4.82,1,CHEMBL300553
O=C1C[C@@H](CN2CCN(c3ccccc3)CC2)N=C(c2ccccc2)N1,0,Ki,4.75,1,CHEMBL168541
Cc1cnc2c(c1)[C@@H]1c3cc(O)c(O)cc3CC[C@H]1NC2,0,Ki,4.92,1,CHEMBL275379
Cc1ccc(CN2CCC(n3c(O)nc4ccccc43)CC2)c(Cl)c1,1,IC50,6.32,1,CHEMBL114484
c1ccc(C2=NC[C@@H](N3CCN(c4ccccc4)CC3)CCN2)cc1,0,Ki,4.85,2,CHEMBL354748
COc1ccc(Br)cc1C1=NCC[C@H](CN2CCN(c3ccccc3)CC2)N1,0,Ki,4.37,2,CHEMBL169889
O=C1NCN(c2ccccc2)C12CCN(Cc1ccc3c(c1)OCO3)CC2,1,IC50,6.25,1,CHEMBL326962
N#CC(C#N)=Cc1ccc(CN2CCN(c3ccccc3)CC2)[nH]1,0,Ki (>),4.0,2,CHEMBL293956
c1ccc(C2=NCC[C@H](CN3CCN(c4ccccc4)CC3)N2)cc1,0,Ki,4.6,2,CHEMBL352925
Cc1ccc2c(c1O)-c1cccc3c1[C@@H](C2)NCC3,0,Ki (>),5.0,1,CHEMBL116367
O=C1C[C@]2(CC[C@H](OCc3ccccc3)CC2)OC=C1c1ccccc1,0,Ki (>),5.0,1,CHEMBL2115560
O=C1CC2(CN3CCC2CC3)OC=C1c1ccccc1,0,Ki (>),5.0,1,CHEMBL544532
O=C1C[C@]2(CC[C@@H](OCc3ccccc3)CC2)OC=C1c1ccccc1,0,Ki (>),5.0,1,CHEMBL2115519
CN1CCC2(CC1)CC(=O)C(c1ccc(F)cc1)=CO2,0,Ki (>),4.0,1,CHEMBL544055
CN1CCC2(CC1)CC(=O)C(c1ccccc1)=CO2,0,Ki (>),4.0,1,CHEMBL539518
CCN(CC)CCCC1(C)CC(=O)C(c2ccccc2)=CO1,0,Ki (>),5.0,1,CHEMBL542399
CN1C2CCC1CC1(CC(=O)C(c3ccccc3)=CO1)C2,0,Ki (>),5.0,1,CHEMBL542646
COc1ccc(S(=O)(=O)Nc2cc(Cl)cc(Cl)c2Cl)cc1N1CCNCC1,0,Ki (>),5.0,1,CHEMBL157910
COc1ccc(S(=O)(=O)Nc2cc(Br)ccc2Br)cc1N1CCNCC1,0,Ki (>),5.0,1,CHEMBL154274
CCCN1CCO[C@@H]2c3cc4c(cc3OC[C@H]21)CCO4,0,Ki,4.9,1,CHEMBL170923
O=C1C=C(c2ccccc2)OC12CCCNC2,0,Ki (>),5.0,1,CHEMBL545457
O=C1C(c2ccccc2)=COC12CCN(Cc1ccccc1)C2,0,Ki,4.7,1,CHEMBL542877
CCN(CC)CCC1(C)OC(c2ccccc2)=CC1=O,0,Ki (>),5.0,1,CHEMBL540285
O=C1C=C(c2ccccc2)OC12CCCN(Cc1ccccc1)C2,0,Ki (>),5.0,1,CHEMBL544761
CCN(CC)CCCC1(C)OC=C(c2ccccc2)C1=O,0,Ki (>),5.0,1,CHEMBL543587
CN1CCC2(CC1)OC=C(c1ccccc1)C2=O,0,Ki (>),5.0,1,CHEMBL552631
C#CCN1CCC2(CC1)OC=C(c1ccccc1)C2=O,0,Ki,4.62,1,CHEMBL553666
CN(C)CC1(C)OC=C(c2ccccc2)C1=O,0,Ki (>),5.0,1,CHEMBL542148
O=C1C=C(c2ccccc2)OC12CCNCC2,0,Ki (>),5.0,1,CHEMBL543111
O=C1C=C(c2ccccc2)OC12CCN(Cc1ccccc1)CC2,0,Ki (>),5.0,1,CHEMBL553500
O=C1C(c2ccccc2)=COC12CCCNC2,0,Ki (>),5.0,1,CHEMBL553288
O=C1C=C(c2ccccc2)OC12CN1CCC2CC1,0,Ki (>),5.0,1,CHEMBL543109
Cc1cc(CN2CCC3(CC2)OC=C(c2ccccc2)C3=O)on1,0,Ki,4.5,1,CHEMBL553082
O=C1C(c2ccccc2)=COC12CCCN(Cc1ccccc1)C2,0,Ki (>),5.0,1,CHEMBL540028
O=C(CN1CCc2ccccc21)N1CCN(Cc2ccc(Cl)cc2)CC1,0,Ki (>),5.0,1,CHEMBL104514
O=C(CN1CCN(Cc2ccc(Cl)cc2)CC1)N1CCSc2ccccc21,0,Ki (>),5.0,1,CHEMBL104238
CC1Cc2ccccc2N1C(=O)CC1CCN(Cc2ccc([N+](=O)[O-])cc2)CC1,0,Ki (>),5.0,1,CHEMBL104497
O=S1(=O)Cc2ccccc2N1CCN1CCN(Cc2ccc(Cl)cc2)CC1,0,Ki (>),5.0,1,CHEMBL104800
CCN1CCCC1CNC(=O)c1cc(S(N)(=O)=O)ccc1OC,1,IC50,7.99,7,CHEMBL26
O=C(NC/C=C/CN1CCN(c2cccc(Cl)c2Cl)CC1)c1ccc(-c2ccccn2)cc1,1,IC50,7.09,7,CHEMBL180010
O=C(NC/C=C/CN1CCN(c2cccc(Cl)c2Cl)CC1)c1ccc2c(c1)Cc1ccccc1-2,0,Ki,6.78,5,CHEMBL304605
c1ccc(Cc2ccccc2OCCN2CCCC2)cc1,0,Ki (>),5.0,1,CHEMBL435505
c1ccc(Cc2ccccc2OCCN2CCOCC2)cc1,0,Ki (>),5.0,1,CHEMBL365697
CC1CN(CCOc2ccccc2Cc2ccccc2)CCO1,0,Ki (>),5.0,1,CHEMBL184724
c1ccc(Cc2ccccc2NCCN2CCCC2)cc1,0,Ki (>),5.0,1,CHEMBL187420
O=C(NC/C=C/CN1CCN(c2cccc(Cl)c2Cl)CC1)c1cccc2c1-c1ccccc1C2,0,Ki,7.2,2,CHEMBL69571
COc1ccc(NC(=O)N2CCN(c3ccc(Cl)cc3)CC2)cc1N1CCN(C)CC1,0,Ki (>),5.0,1,CHEMBL372453
COc1ccc(NC(=O)N2CCN(c3ccc(F)cc3)CC2)cc1N1CCN(C)CC1,0,Ki (>),5.0,1,CHEMBL194206
COc1ccc(NC(=O)N2CCN(c3ccc(-c4ccccc4)cc3)CC2)cc1N1CCN(C)CC1,0,Ki (>),5.0,1,CHEMBL197408
COc1ccc(NC(=O)N2CCN(c3ccc(C(F)(F)F)cc3)CC2)cc1N1CCN(C)CC1,0,Ki (>),5.0,1,CHEMBL196598
COc1ccc(NC(=O)N2CCN(c3ccc(SC)cc3)CC2)cc1N1CCN(C)CC1,0,Ki (>),5.0,1,CHEMBL197796
COc1ccccc1N1CCC(C(=O)Nc2ccc(OC)c(N3CCN(C)CC3)c2)CC1,0,Ki (>),5.0,1,CHEMBL195927
COc1ccc(NC(=O)c2ccc(-c3ccc(-c4noc(C)n4)cc3C)cc2)cc1N1CCN(C)CC1,0,Ki (>),5.0,1,CHEMBL15928
CCCN(CCC)C1CCn2nccc2C1,0,Ki,6.8,3,CHEMBL196928
CCCN(CCC)[C@@H]1CCn2nccc2C1,0,Ki (>),4.7,5,CHEMBL197159
CCCN(CCC)[C@H]1CCn2nccc2C1,0,Ki,8.34,6,CHEMBL193337
CCCN(CCC)C1CCn2ncc(Cl)c2C1,0,Ki,6.92,4,CHEMBL194099
CCCNC1CCn2ncc(C(=O)OC)c2C1,0,Ki (>),4.0,2,CHEMBL383805
CCCN(CCC)C1CCn2ncc(C(=O)OC)c2C1,0,Ki (>),4.7,2,CHEMBL198303
CCCN(CCC)C1CCn2ncc(CO)c2C1,0,Ki (>),4.7,2,CHEMBL198125
COc1ccc(NC(=O)N2CCN(c3ccccc3OC)CC2)cc1N1CCN(C)CC1,0,Ki (>),5.0,1,CHEMBL196370
COc1ccc(NC(=O)N2CCN(c3ccccc3Cl)CC2)cc1N1CCN(C)CC1,0,Ki (>),5.0,1,CHEMBL370128
COc1ccc(NC(=O)N2CCN(c3ccccc3F)CC2)cc1N1CCN(C)CC1,0,Ki (>),5.0,1,CHEMBL196169
O=C(N[C@H]1CCN(Cc2ccccc2F)C1)c1ccc(-c2cccs2)cc1,0,Ki,4.42,1,CHEMBL196866
O=C(N[C@H]1CCN(Cc2ccc(F)c(F)c2)C1)c1ccc(-c2cccs2)cc1,0,Ki,4.75,1,CHEMBL198580
O=C(N[C@H]1CCN(Cc2ccc(Cl)c(Cl)c2)C1)c1ccc(-c2cccs2)cc1,0,Ki,4.54,1,CHEMBL199186
Cc1ccc(-c2cc3[nH]c(=O)n(CCN4CCN(c5ccccc5Cl)CC4)c(=O)c3[nH]2)cc1,0,Ki (>),5.0,1,CHEMBL372222
c1ccc(-n2cc(CN3CCN(c4ncccn4)CC3)cn2)cc1,0,Ki,4.85,1,CHEMBL209832
c1ccc2c3c([nH]c2c1)C1CCCCN1CC3,0,Ki (>),5.0,1,CHEMBL345349
C=CCN1CCc2ccccc2Cc2cc(OC)c(OC)cc2CC1,0,Ki (>),5.0,1,CHEMBL201287
CCN1CCc2c([nH]c3ccccc23)Cc2ccccc2C1,0,Ki (>),5.0,1,CHEMBL201288
C[N+]12CCCC(c3ccccc3)C1c1[nH]c3ccccc3c1CC2,0,Ki (>),5.0,1,CHEMBL201010
c1ccc(C2CCC3c4[nH]c5ccccc5c4CCN23)cc1,0,Ki (>),5.0,1,CHEMBL383102
O=C1CCCC(c2ccccc2)N1CCC1=CCc2ccccc21,0,Ki (>),5.0,1,CHEMBL201598
CN1CCc2c([nH]c3ccccc23)CCC(c2ccccc2)C1,0,Ki (>),5.0,1,CHEMBL201375
COc1cc2c(cc1OC)Cc1ccccc1CCN(CCc1ccccc1)CC2,0,Ki (>),5.0,1,CHEMBL201788
CN1CCCC(c2ccccc2)c2[nH]c3ccccc3c2CC1,0,Ki (>),5.0,1,CHEMBL201177
O=C(CCCC(O)c1ccccc1)NCCC1=CCc2ccccc21,0,Ki (>),5.0,1,CHEMBL381325
CN1CCCCCc2[nH]c3ccccc3c2CC1,0,Ki (>),5.0,1,CHEMBL201561
O=C(CCC(=O)c1ccccc1)NCCc1c[nH]c2ccccc12,0,Ki (>),5.0,1,CHEMBL381472
c1ccc(C23CCCCN2CCc2c3[nH]c3ccccc23)cc1,0,Ki (>),5.0,1,CHEMBL382642
O=C1OCCC1c1ccccc1,0,Ki (>),5.0,1,CHEMBL1398
c1ccc2c(c1)CN1CCc3c([nH]c4ccccc34)C21,0,Ki (>),5.0,1,CHEMBL201739
c1ccc(C2CCN3CCc4c([nH]c5ccccc45)C23)cc1,0,Ki (>),5.0,1,CHEMBL201393
O=C1CC(c2ccccc2)CO1,0,Ki (>),5.0,1,CHEMBL380124
c1ccc2c3c([nH]c2c1)CCCCCN(CC1CC1)CC3,0,Ki (>),5.0,1,CHEMBL437888
c1ccc(C2CCCN3CCc4c([nH]c5ccccc45)C23)cc1,0,Ki (>),5.0,1,CHEMBL201241
CN1CCc2c([nH]c3ccccc23)Cc2ccn(C)c2CC1,0,Ki (>),5.0,1,CHEMBL378358
CCOC(=O)C(CBr)c1ccccc1,0,Ki (>),5.0,1,CHEMBL201444
c1ccc(C2CC3c4[nH]c5ccccc5c4CCN3C2)cc1,0,Ki (>),5.0,1,CHEMBL201748
c1ccc(C2CCCC3c4[nH]c5ccccc5c4CCN23)cc1,0,Ki (>),5.0,1,CHEMBL381912
O=C1OCCCC1c1ccccc1,0,Ki (>),5.0,1,CHEMBL201086
CCOC(=O)C(CCCBr)c1ccccc1,0,Ki (>),5.0,1,CHEMBL201575
O=C1C(c2ccccc2)CCCN1CCc1c[nH]c2ccccc12,0,Ki (>),5.0,1,CHEMBL382780
O=C(CCCC(=O)c1ccccc1)NCCc1c[nH]c2ccccc12,0,Ki (>),5.0,1,CHEMBL201577
c1ccc(CCN2CCc3ccccc3Cc3[nH]c4ccccc4c3CC2)cc1,0,Ki (>),5.0,1,CHEMBL379450
CN1CCCC(c2ccccc2)Cc2[nH]c3ccccc3c2CC1,0,Ki (>),5.0,1,CHEMBL381573
CCOC(=O)CCCC(Br)c1ccccc1,0,Ki (>),5.0,1,CHEMBL440390
CN1CCCCC(c2ccccc2)c2[nH]c3ccccc3c2CC1,0,Ki (>),5.0,1,CHEMBL426662
O=C1CCCC(c2ccccc2)O1,0,Ki (>),5.0,1,CHEMBL381102
CN1CCCCc2[nH]c3ccccc3c2CC1,0,Ki (>),5.0,1,CHEMBL379673
C=CCN1CCc2ccccc2Cc2ccsc2CC1,0,Ki (>),5.0,1,CHEMBL201142
Fc1ccc(N2CCN(Cc3cn4cccnc4n3)CC2)cc1,0,Ki,4.31,2,CHEMBL425064
Fc1ccc(N2CCN(Cc3cn4ccncc4n3)CC2)cc1,0,Ki,4.19,2,CHEMBL377542
Clc1ccc(N2CCN(Cc3cn4nc(Cl)ccc4n3)CC2)cc1,0,Ki,4.92,1,CHEMBL211135
Clc1ccc(N2CCN(Cc3cn4ccccc4n3)CC2)cc1,0,Ki,4.82,2,CHEMBL212370
Fc1ccc(N2CCN(Cc3cn4ccccc4n3)CC2)cc1,0,Ki,4.72,2,CHEMBL380054
Fc1ccc(N2CCN(Cc3cn4nc(Cl)ccc4n3)CC2)cc1,0,Ki,4.92,1,CHEMBL207488
CO/N=C(\CCN1CCN(c2ccccn2)CC1)c1ccccc1,0,IC50 (>),5.0,3,CHEMBL377050
Cc1ccc(O)c(/C(CCN2CCN(c3ccccn3)CC2)=N/O)c1,0,IC50 (>),5.0,2,CHEMBL213106
Cc1ccc(OCc2ccccc2)c(/C(CCN2CCN(c3ccccn3)CC2)=N/O)c1,0,IC50 (>),5.0,2,CHEMBL212075
O/N=C(\CCN1CCN(c2ccccn2)CC1)c1ccc(F)cc1F,0,IC50 (>),5.0,2,CHEMBL214190
O/N=C(/CCN1CCN(c2ccccn2)CC1)c1ccccc1,0,IC50 (>),5.0,2,CHEMBL385350
O/N=C(\CCN1CCN(c2ccccn2)CC1)c1ccccc1Cl,0,IC50 (>),5.0,2,CHEMBL214954
O/N=C(/CCN1CCN(c2ccccn2)CC1)c1ccccc1Cl,0,IC50 (>),5.0,2,CHEMBL385230
Cc1ccccc1/C(CCN1CCN(c2ccccn2)CC1)=N/O,0,IC50 (>),5.0,2,CHEMBL215849
Cc1ccccc1/C(CCN1CCN(c2ccccn2)CC1)=N\O,0,IC50 (>),5.0,2,CHEMBL214440
O/N=C(\CCN1CCN(c2ccccn2)CC1)c1cccc(F)c1,0,IC50 (>),5.0,2,CHEMBL212188
O/N=C(\CCN1CCN(c2ccccn2)CC1)c1cccc(Cl)c1,0,IC50 (>),5.0,2,CHEMBL212189
Cc1cccc(/C(CCN2CCN(c3ccccn3)CC2)=N/O)c1,0,IC50 (>),5.0,2,CHEMBL212298
N#Cc1cccc(/C(CCN2CCN(c3ccccn3)CC2)=N/O)c1,0,IC50 (>),5.0,2,CHEMBL212847
O/N=C(\CCN1CCN(c2ccccn2)CC1)c1ccc(F)cc1,0,IC50 (>),5.0,2,CHEMBL212902
O/N=C(\CCN1CCN(c2ccccn2)CC1)c1ccc(Cl)cc1,0,IC50 (>),5.0,2,CHEMBL384529
O/N=C(\CCN1CCN(c2ccccn2)CC1)c1cc(F)cc(F)c1,0,IC50 (>),5.0,2,CHEMBL214343
Cc1cc(C)cc(/C(CCN2CCN(c3ccccn3)CC2)=N/O)c1,0,IC50 (>),5.0,2,CHEMBL211985
CO/N=C(/CCN1CCN(c2ccccn2)CC1)c1ccccc1,0,IC50 (>),5.0,2,CHEMBL385826
CCO/N=C(\CCN1CCN(c2ccccn2)CC1)c1ccccc1,0,IC50 (>),5.0,3,CHEMBL212782
CCO/N=C(/CCN1CCN(c2ccccn2)CC1)c1ccccc1,0,IC50 (>),5.0,2,CHEMBL213572
CCCO/N=C(\CCN1CCN(c2ccccn2)CC1)c1ccccc1,0,IC50 (>),5.0,2,CHEMBL212831
CCCCO/N=C(\CCN1CCN(c2ccccn2)CC1)c1ccccc1,0,IC50 (>),5.0,2,CHEMBL261957
CC(C)O/N=C(\CCN1CCN(c2ccccn2)CC1)c1ccccc1,0,IC50 (>),5.0,2,CHEMBL376639
C=CCO/N=C(\CCN1CCN(c2ccccn2)CC1)c1ccccc1,0,IC50 (>),5.0,2,CHEMBL213700
N#CCO/N=C(\CCN1CCN(c2ccccn2)CC1)c1ccccc1,0,IC50 (>),5.0,3,CHEMBL376955
CCO/N=C(\CCN1CCN(c2cccc(OC)c2)CC1)c1ccccc1,0,IC50 (>),5.0,2,CHEMBL411545
CCO/N=C(\CCN1CCN(c2ccccc2OC)CC1)c1ccccc1,0,IC50 (>),5.0,2,CHEMBL212607
CCO/N=C(\CCN1CCN(c2ccccc2C#N)CC1)c1ccccc1,0,IC50 (>),5.0,2,CHEMBL386867
CCO/N=C(\CCN1CCN(c2ccccc2)CC1)c1ccccc1,0,IC50 (>),5.0,2,CHEMBL213246
N#Cc1cccnc1N1CCN(CC/C(=N\O)c2ccccc2)CC1,0,IC50 (>),5.0,2,CHEMBL215670
N#Cc1cccnc1N1CCN(CC/C(=N/O)c2ccccc2)CC1,0,IC50 (>),5.0,2,CHEMBL438961
O/N=C(\CCN1CCN(c2ncccn2)CC1)c1ccccc1,0,IC50 (>),5.0,2,CHEMBL211972
O/N=C(/CCN1CCN(c2ncccn2)CC1)c1ccccc1,0,IC50 (>),5.0,2,CHEMBL212804
O/N=C(\CCN1CCN(c2nccs2)CC1)c1ccccc1,0,IC50 (>),5.0,2,CHEMBL212545
CO/N=C(\CCN1CCN(c2ccccn2)CC1)c1ccc(Cl)c(C)c1,0,IC50 (>),5.0,2,CHEMBL215569
CO/N=C(/CCN1CCN(c2ccccn2)CC1)c1ccc(Cl)c(Cl)c1,0,IC50 (>),5.0,2,CHEMBL213558
CO/N=C(\CCN1CCN(c2ccccn2)CC1)c1ccc(Cl)c(Cl)c1,0,IC50 (>),5.0,3,CHEMBL378324
CCO/N=C(\CCN1CCN(c2ccc(OC)cc2)CC1)c1ccccc1,0,IC50 (>),5.0,2,CHEMBL214203
CCO/N=C(\CCN1CCN(c2cccc(OCC)c2)CC1)c1ccccc1,0,IC50 (>),5.0,2,CHEMBL215704
CO/N=C(\CCN1CCN(c2ccccc2OC(C)C)CC1)c1ccc(F)cc1,0,IC50 (>),5.0,2,CHEMBL2113243
CO/N=C(/CCN1CCN(c2ccccc2OC(C)C)CC1)c1ccc(F)cc1,0,IC50 (>),5.0,2,CHEMBL2113244
CCO/N=C(\CCN1CCN(c2ncccc2C#N)CC1)c1ccccc1,0,IC50 (>),5.0,2,CHEMBL213398
CCO/N=C(\CCN1CCN(c2ncccc2C)CC1)c1ccccc1,0,IC50 (>),5.0,2,CHEMBL379597
CCO/N=C(\CCN1CCN(c2ncccn2)CC1)c1ccccc1,0,IC50 (>),5.0,2,CHEMBL377023
CCO/N=C(\CCN1CCN(c2nccs2)CC1)c1ccccc1,0,IC50 (>),5.0,3,CHEMBL377388
CO/N=C(\CCN1CCN(c2ccccn2)CC1)c1ccccc1Cl,0,IC50 (>),5.0,2,CHEMBL212073
CO/N=C(/CCN1CCN(c2ccccn2)CC1)c1ccccc1Cl,0,IC50 (>),5.0,2,CHEMBL212290
CO/N=C(\CCN1CCN(c2ccccn2)CC1)c1ccccc1C,0,IC50 (>),5.0,3,CHEMBL437687
CO/N=C(/CCN1CCN(c2ccccn2)CC1)c1ccccc1C,0,IC50 (>),5.0,2,CHEMBL213486
CO/N=C(/CCN1CCN(c2ccccn2)CC1)c1ccc(Br)cc1,0,IC50 (>),5.0,2,CHEMBL212872
CO/N=C(\CCN1CCN(c2ccccn2)CC1)c1ccc(Br)cc1,0,IC50 (>),5.0,2,CHEMBL377585
CO/N=C(/CCN1CCN(c2ccccn2)CC1)c1ccc(Cl)cc1,0,IC50 (>),5.0,2,CHEMBL212236
CO/N=C(\CCN1CCN(c2ccccn2)CC1)c1ccc(Cl)cc1,0,IC50 (>),5.0,3,CHEMBL212235
CO/N=C(/CCN1CCN(c2ccccn2)CC1)c1ccc(F)cc1,0,IC50 (>),5.0,3,CHEMBL427048
CO/N=C(\CCN1CCN(c2ccccn2)CC1)c1cccc(F)c1,0,IC50 (>),5.0,3,CHEMBL426510
CO/N=C(/CCN1CCN(c2ccccn2)CC1)c1cccc(F)c1,0,IC50 (>),5.0,3,CHEMBL213164
CO/N=C(\CCN1CCN(c2ccccn2)CC1)c1cccc(Cl)c1,0,IC50 (>),5.0,3,CHEMBL212784
CO/N=C(/CCN1CCN(c2ccccn2)CC1)c1cccc(Cl)c1,0,IC50 (>),5.0,2,CHEMBL211930
CO/N=C(\CCN1CCN(c2ccccn2)CC1)c1cccc(C)c1,0,IC50 (>),5.0,3,CHEMBL212861
CO/N=C(/CCN1CCN(c2ccccn2)CC1)c1cccc(C)c1,0,IC50 (>),5.0,3,CHEMBL212903
CO/N=C(\CCN1CCN(c2ccccn2)CC1)c1cccc(C#N)c1,0,IC50 (>),5.0,2,CHEMBL437493
CO/N=C(/CCN1CCN(c2ccccn2)CC1)c1cccc(C#N)c1,0,IC50 (>),5.0,3,CHEMBL211836
CO/N=C(\CCN1CCN(c2ccccn2)CC1)c1ccc(F)cc1,0,IC50 (>),5.0,3,CHEMBL212969
O/N=C(/CCN1CCN(c2ccccn2)CC1)c1cc(F)cc(F)c1,0,IC50 (>),5.0,2,CHEMBL213518
Cc1cccc(C(=O)NCN2CCN(c3ccccc3C#N)CC2)c1,0,IC50 (>),5.0,2,CHEMBL45244
CO/N=C(/CCCN1CCN(c2ccccn2)CC1)c1ccc(F)cc1,0,IC50 (>),5.0,2,CHEMBL209645
CCO/N=C1/c2ccccc2CCC1CN1CCN(c2ccccn2)CC1,0,IC50 (>),5.0,2,CHEMBL212901
CO/N=C(/c1cccnc1)C(O)CN1CCN(c2ccccn2)CC1,0,IC50 (>),5.0,2,CHEMBL378302
CO/N=C(/c1ccc(Cl)cc1)C(COC(C)C)CN1CCN(c2ccccn2)CC1,0,IC50 (>),5.0,2,CHEMBL211360
CO/N=C(/c1ccc(Cl)cc1)C(CNOC)CN1CCN(c2ccccn2)CC1,0,IC50 (>),5.0,3,CHEMBL212288
CO/N=C(/c1ccc(Cl)cc1)C(C)CN1CCN(c2ccccn2)CC1,0,IC50 (>),5.0,3,CHEMBL213004
COC(CN1CCN(c2ccccn2)CC1)/C(=N\O)c1cccc(C)c1,0,IC50 (>),5.0,2,CHEMBL212028
COC(CN1CCN(c2ccccn2)CC1)/C(=N/O)c1cccc(C)c1,0,IC50 (>),5.0,2,CHEMBL211623
Cc1cccc(/C(=N/O)C(O)CN2CCN(c3ccccn3)CC2)c1,0,IC50 (>),5.0,2,CHEMBL215723
Cc1cccc(/C(=N\O)C(O)CN2CCN(c3ccccn3)CC2)c1,0,IC50 (>),5.0,2,CHEMBL211463
CO/N=C(/c1ccc(Cl)cc1)C(CN1CCN(c2ccccn2)CC1)OC,0,IC50 (>),5.0,2,CHEMBL212490
CO/N=C(\c1ccc(Cl)cc1)C(CN1CCN(c2ccccn2)CC1)OC,0,IC50 (>),5.0,2,CHEMBL213208
CO/N=C(/c1ccc(Cl)cc1)C(O)CN1CCN(c2ccccn2)CC1,0,IC50 (>),5.0,3,CHEMBL441529
CO/N=C(\c1ccc(Cl)cc1)C(O)CN1CCN(c2ccccn2)CC1,0,IC50 (>),5.0,3,CHEMBL214247
CO/N=C(\CCCN1CCN(c2ccccn2)CC1)c1ccc(F)cc1,0,IC50 (>),5.0,2,CHEMBL213828
O/N=C(/CCCN1CCN(c2ccccn2)CC1)c1ccc(F)cc1,0,IC50 (>),5.0,2,CHEMBL211415
O/N=C(\CCCN1CCN(c2ccccn2)CC1)c1ccc(F)cc1,0,IC50 (>),5.0,2,CHEMBL209447
CO/N=C(\CN1CCN(c2ccccn2)CC1)c1ccc(F)cc1,0,IC50 (>),5.0,2,CHEMBL212891
O/N=C(\CN1CCN(c2ccccn2)CC1)c1ccc(F)cc1,0,IC50 (>),5.0,2,CHEMBL378427
CO/N=C(/CN1CCN(c2ccccn2)CC1)c1ccc(F)cc1,0,IC50 (>),5.0,2,CHEMBL212595
CO/N=C(\CCN1CCN(c2ccccn2)CC1)c1cc(F)cc(F)c1,0,IC50 (>),5.0,3,CHEMBL211732
CO/N=C(/CCN1CCN(c2ccccn2)CC1)c1cc(F)cc(F)c1,0,IC50 (>),5.0,3,CHEMBL215705
CO/N=C(\CCN1CCN(c2ccccn2)CC1)c1cc(C)cc(C)c1,0,IC50 (>),5.0,2,CHEMBL377794
CO/N=C(/CCN1CCN(c2ccccn2)CC1)c1cc(C)cc(C)c1,0,IC50 (>),5.0,2,CHEMBL212393
CO/N=C(\CCN1CCN(c2ccccn2)CC1)c1ccc(Cl)cc1Cl,0,IC50 (>),5.0,2,CHEMBL209759
CO/N=C(/CCN1CCN(c2ccccn2)CC1)c1ccc(Cl)cc1Cl,0,IC50 (>),5.0,2,CHEMBL211829
CO/N=C(\CCN1CCN(c2ccccn2)CC1)c1ccc(F)c(Cl)c1,0,IC50 (>),5.0,3,CHEMBL378576
CO/N=C(/CCN1CCN(c2ccccn2)CC1)c1ccc(F)c(Cl)c1,0,IC50 (>),5.0,2,CHEMBL211902
CO/N=C(/CCN1CCN(c2ccccn2)CC1)c1ccc(Cl)c(C)c1,0,IC50 (>),5.0,3,CHEMBL215450
CO/N=C(\CCN1CCN(c2ccccn2)CC1)c1ccc(C)c(C)c1,0,IC50 (>),5.0,3,CHEMBL212444
CO/N=C(/CCN1CCN(c2ccccn2)CC1)c1ccc(C)c(C)c1,0,IC50 (>),5.0,2,CHEMBL215678
CO/N=C(/CCN1CCN(c2ccccn2)CC1)c1cccnc1,0,IC50 (>),5.0,2,CHEMBL212291
CO/N=C(\CCN1CCN(c2ccccn2)CC1C)c1ccc(Cl)cc1,0,IC50 (>),5.0,3,CHEMBL212292
CO/N=C(/CCN1CCN(c2ccccn2)CC1C)c1ccc(Cl)cc1,0,IC50 (>),5.0,2,CHEMBL214197
CO/N=C(\CCN1CCC(c2ccccn2)CC1)c1ccc(Cl)cc1,0,IC50 (>),5.0,3,CHEMBL210101
CO/N=C(/CCN1CCC(c2ccccn2)CC1)c1ccc(Cl)cc1,0,IC50 (>),5.0,3,CHEMBL437532
CO/N=C(\CCN1CCC(c2cccc[n+]2[O-])CC1)c1ccc(Cl)cc1,0,IC50 (>),5.0,2,CHEMBL213097
CO/N=C(/CCN1CCC(c2cccc[n+]2[O-])CC1)c1ccc(Cl)cc1,0,IC50 (>),5.0,2,CHEMBL379546
CO/N=C(\CCN1CCCC(c2ccccn2)C1)c1ccc(Cl)cc1,0,IC50 (>),5.0,2,CHEMBL211831
O/N=C(/CN1CCN(c2ccccn2)CC1)c1ccc(F)cc1,0,IC50 (>),5.0,2,CHEMBL209472
O/N=C(\CCN1CCN(c2ccccn2)CC1)c1ccccc1,0,IC50 (>),5.0,3,CHEMBL214314
CN1CCN(C2=Nc3cc(Cl)ccc3N(NC(=O)c3ccncc3)c3ccccc32)CC1,0,Ki,4.55,1,CHEMBL384248
CN1CCN(C2=Nc3cc(Cl)ccc3N(NC(=O)c3cccnc3)c3ccccc32)CC1,0,Ki,4.9,1,CHEMBL215997
Cc1nc(N2CCCC2)nc2ccc(NC(=O)COc3ccc(Cl)cc3)cc12,0,IC50 (>),4.0,1,CHEMBL216228
Cc1cccc(NC(=O)CN2CCC(c3cccc[n+]3[O-])CC2)c1,0,Ki (>),5.0,2,CHEMBL219185
Oc1ccc(N2CCN(Cc3nc4ccccc4[nH]3)CC2)nc1,0,Ki (>),5.0,2,CHEMBL219179
Cc1cc(F)ccc1NC(=O)CN1CCC(c2cccc[n+]2[O-])CC1,0,Ki (>),5.0,2,CHEMBL219261
Cc1cccc(C(=O)NCN2CCC(c3cccc[n+]3[O-])CC2)c1,0,Ki (>),5.0,2,CHEMBL219182
O=C1CCc2ccc(OCCCCN3CCN(c4cccc(Cl)c4Cl)CC3)cc2N1,1,IC50,8.12,65,CHEMBL1112
CC(C)[C@H](NC(=O)[C@@H]1C=C2c3cccc4[nH]cc(c34)C[C@H]2N(C)C1)C(=O)N[C@@H](Cc1ccc(F)cc1)C(=O)N1CCC[C@H]1C(N)=O,0,Kd,4.8,1,CHEMBL388509
N#Cc1cc(F)cc(C#Cc2csc(CF)n2)c1,0,Ki (>),5.0,1,CHEMBL229429
O=C(NC[C@H]1C[C@@H]1CN1CCN(c2cccc(Cl)c2Cl)CC1)c1ccc(-c2ccccn2)cc1,1,IC50,6.17,3,CHEMBL231156
O=C(NCC(O)CCN1CCN(c2cccc(Cl)c2Cl)CC1)c1ccc(-c2ccccn2)cc1,1,IC50,7.05,3,CHEMBL390253
O=C(NCCC(O)CN1CCN(c2cccc(Cl)c2Cl)CC1)c1ccc(-c2ccccn2)cc1,1,IC50,7.8,3,CHEMBL244990
COc1ccccc1N1CCN(C/C=C/CNC(=O)c2ccc3c(c2)Cc2ccccc2-3)CC1,1,IC50,6.75,3,CHEMBL244989
COc1ccccc1N1CCN(C/C=C/CNC(=O)c2ccc(-c3ccccn3)cc2)CC1,1,IC50,6.76,3,CHEMBL394541
O=C(NC/C=C/CN1CCN(c2cccc(Cl)c2Cl)CC1)c1ccc(-c2cccc[n+]2[O-])cc1,1,IC50,7.64,4,CHEMBL244774
Cc1cccnc1-c1ccc(C(=O)NC/C=C/CN2CCN(c3cccc(Cl)c3Cl)CC2)cc1,1,IC50,6.43,3,CHEMBL244773
O=C(NC/C=C/CN1CCN(c2cccc(Cl)c2Cl)CC1)c1ccc(-c2cccc(=O)[nH]2)cc1,1,IC50,7.39,3,CHEMBL244562
COc1ccccc1N1CCN(CCCCNC(=O)c2ccc(-c3ccccn3)cc2)CC1,1,IC50,6.97,3,CHEMBL241973
COc1ccccc1N1CCN(CCCCNC(=O)c2ccc3c(c2)Cc2ccccc2-3)CC1,1,IC50,6.65,2,CHEMBL110365
COc1cc2c(cc1Cl)CCN1CCCc3ccccc3C21,0,Ki (>),5.0,1,CHEMBL394777
COc1ccc(CCN2CCCc3ccccc3C2)cc1Cl,0,Ki (>),5.0,1,CHEMBL397180
COc1ccc2c(c1)CCCN1CCCc3ccccc3C21,0,Ki (>),5.0,1,CHEMBL443843
CCN1CCCC1CNC(=O)c1cc(S(=O)(=O)CC)c(N)cc1OC,1,IC50,8.52,4,CHEMBL243712
O=C1c2ccccc2CN1CCCCN1CCN(c2ccc(Cl)cc2)CC1,0,Ki,6.12,2,CHEMBL240995
O=c1c2ccccc2ncn1CCCCN1CCN(c2cccc(C(F)(F)F)c2)CC1,0,Ki,7.14,2,CHEMBL398813
O=c1c2ccccc2ncn1CCCCN1CCN(c2ccc(Cl)cc2)CC1,0,Ki,6.85,2,CHEMBL238718
O=c1c2ccccc2ncn1CCCCN1CCN(c2ccccc2)CC1,0,Ki,7.34,2,CHEMBL238717
O=C1c2ccccc2S(=O)(=O)N1CCCCN1CCN(c2cccc(C(F)(F)F)c2)CC1,0,Ki,6.95,3,CHEMBL238916
O=C1c2ccccc2S(=O)(=O)N1CCCCN1CCN(c2ccc(Cl)cc2)CC1,0,Ki,6.75,3,CHEMBL238915
COc1ccccc1N(C(C)=O)C1CCN(CCCCNC(=O)c2ccc3ccccc3c2)CC1,0,Ki,4.88,1,CHEMBL238875
OC1(c2ccc(Cl)cc2)CCN(Cc2cc3ccccc3[nH]2)CC1,0,Ki (>),5.0,1,CHEMBL246856
NCC1(c2ccc(Cl)cc2)CCN(Cc2c[nH]c3ccccc23)CC1,0,Ki (>),5.0,1,CHEMBL246232
COc1cccc(C2=NCCc3c2[nH]c2ccccc32)c1,0,Ki,4.51,1,CHEMBL240888
CN(/C=N/c1ccc2c(c1)C(O)CC2)Cc1ccccc1,0,Ki,4.23,1,CHEMBL392888
COc1cc2c(cc1OC)CN(/C=N/c1ccc3c(c1)C1SCCSC1C3)CC2,0,Ki (>),4.0,1,CHEMBL240024
COc1cc2c(cc1OC)CN(/C=N/c1ccc3c(c1)C1SCCSC1CC3)CC2,0,Ki (>),4.0,1,CHEMBL241282
COc1cc2c(cc1OC)CN(/C=N/c1ccc3c(c1)C(OC(C)=O)CC3)CC2,0,Ki,4.92,1,CHEMBL241102
OC1CCc2ccc(/N=C/N3CCc4ccccc4C3)cc21,0,Ki (>),3.52,1,CHEMBL442093
COc1cc2c(cc1OC)CN(/C=N/c1ccc3c(c1)C(O)CC3)CC2,0,Ki (>),3.52,1,CHEMBL391192
COC(=O)N1CCc2ccc(/N=C/N3CCc4cc(OC)c(OC)cc4C3)cc21,0,Ki,4.85,1,CHEMBL241101
CCCOC1CCCc2ccc(/N=C/N3CCc4cc(OC)c(OC)cc4C3)cc21,0,Ki,4.38,1,CHEMBL240023
COc1cc2c(cc1OC)CN(/C=N/c1ccc3c(c1)C(OC(C)=O)CCCC3)CC2,0,Ki,4.85,1,CHEMBL392970
COc1cc2c(cc1OC)CN(/C=N/c1ccc3c(c1)C(OC(C)=O)CCC3)CC2,0,Ki,4.96,1,CHEMBL240022
COc1cc2c(cc1OC)CN(/C=N/c1ccc3c(c1)N(C(=O)OC(C)(C)C)CC3)CC2,0,Ki,4.27,1,CHEMBL240021
c1ccc(C2NCCc3c2[nH]c2ccccc32)cc1,0,Ki (>),3.52,1,CHEMBL241083
COc1cccc(C2=NCCc3c2[nH]c2ccc(OC)cc32)c1,0,Ki,4.6,1,CHEMBL241082
Oc1cccc(C2NCCc3c2[nH]c2ccccc32)c1,0,Ki,4.06,1,CHEMBL392401
C=CCN1CCC[C@H]1CNC(=O)c1cc(CCCF)cc(OC)c1OC,1,IC50,8.3,5,CHEMBL392158
CCN1CCC[C@H]1CNC(=O)c1c(O)c(Cl)cc(Cl)c1OC,1,IC50,8.74,9,CHEMBL8809
CC(=O)c1cccc(NC(=O)N[C@@H]2CCCC[C@H]2CN2CCC[C@@H](Cc3ccc(F)cc3)C2)c1,1,IC50,6.0,1,CHEMBL250689
CC(=O)c1sc(NC(=O)N[C@@H]2CN(C(C)=O)CC[C@H]2CN2CCC[C@@H](Cc3ccc(F)cc3)C2)nc1C,1,IC50,6.19,1,CHEMBL249854
CC1(c2cccc(OCc3ccccc3)c2)C(=O)Nc2cc(Cl)cc(Cl)c2C1=O,0,Ki (>),5.0,1,CHEMBL253096
CC1(c2ccc(O)cc2)C(=O)Nc2cc(Cl)cc(Cl)c2C1=O,0,Ki (>),5.0,1,CHEMBL253708
CC1(c2cccc(O)c2)C(=O)Nc2cc(Cl)cc(Cl)c2C1=O,0,Ki (>),5.0,1,CHEMBL404352
CC1(c2ccccc2)C(=O)Nc2cc(Cl)cc(Cl)c2C1=O,0,Ki (>),5.0,1,CHEMBL254298
COc1cc(CN2CCN(c3ccc(Cl)cc3)CC2)ccc1OCCF,0,Ki,4.68,1,CHEMBL404888
Cc1ncoc1-c1nnc(SCCCN2CCc3cc4c(cc3CC2)OCC(=O)N4)n1C,0,Ki (>),5.0,1,CHEMBL257536
FCCOc1ccc(N2CCN(Cc3cc4ccccn4n3)CC2)cc1,0,Ki,4.52,2,CHEMBL272853
FCCOc1ccc(N2CCN(Cc3cnn4ccccc34)CC2)cc1,0,Ki,4.18,2,CHEMBL272873
Oc1ccc(N2CCN(Cc3cnn4ccccc34)CC2)cc1,0,Ki,4.06,1,CHEMBL407818
C=CCN1CCC[C@H]1CNC(=O)c1cc(CCCCl)cc(OC)c1OC,1,IC50,7.77,1,CHEMBL502017
Cc1cccc(N2CCN(CCCCNC(=O)c3cc4ccccc4o3)CC2)c1,1,IC50,6.23,2,CHEMBL496739
CCN(CCc1ccc(OC(F)(F)F)cc1)CCN1CCCCC1,0,Ki (>),5.0,1,CHEMBL526849
CN(CCc1ccc(OC(F)(F)F)cc1)CCN1CCCCC1,0,Ki (>),5.0,1,CHEMBL498564
CCN(CCc1ccc(OC(F)(F)F)cc1)CCN1CCCC1,0,Ki (>),5.0,1,CHEMBL498566
CN(CCc1ccc(OC(F)(F)F)cc1)CCN1CCCC1,0,Ki (>),5.0,1,CHEMBL493369
COc1ccc(CCN(C)CCN2CCCCC2)cc1,0,Ki (>),5.0,1,CHEMBL493384
CCN(CCc1cccc(OC(F)(F)F)c1)CCN1CCCCC1,0,Ki (>),5.0,1,CHEMBL497550
CN(CCc1cccc(OC(F)(F)F)c1)CCN1CCCCC1,0,Ki (>),5.0,1,CHEMBL497549
CCN(CCc1cccc(OC(F)(F)F)c1)CCN1CCCC1,0,Ki (>),5.0,1,CHEMBL497340
CN(CCc1cccc(OC(F)(F)F)c1)CCN1CCCC1,0,Ki (>),5.0,1,CHEMBL498775
O[C@]1(c2ccc(Cl)cc2)C[C@H]2CC[C@@H](C1)N2Cc1c[nH]c2ccccc12,1,IC50,7.32,3,CHEMBL3084502
O[C@@]1(c2ccc(Cl)cc2)C[C@H]2CC[C@@H](C1)N2Cc1coc2ccccc12,1,IC50,8.72,2,CHEMBL3084515
O[C@@]1(c2ccc(Cl)cc2)C[C@H]2CC[C@@H](C1)N2Cc1csc2ccccc12,1,IC50,7.58,2,CHEMBL3084512
O[C@@]1(c2ccc(Cl)c(Cl)c2)C[C@H]2CC[C@@H](C1)N2Cc1c[nH]c2ccccc12,1,IC50,6.68,2,CHEMBL3084503
O=C1CC(CN2CCN(C(=O)c3ccc(F)cc3)CC2)Cc2occc21,0,Ki (>),5.0,1,CHEMBL516944
COC(=O)c1coc2c1C(=O)CC(CN1CCC(C(=O)c3ccc(F)cc3)CC1)C2,0,Ki (>),5.0,1,CHEMBL493069
CCOC(=O)c1oc2c(c1C)C(=O)CC(CN1CCC(C(=O)c3ccc(F)cc3)CC1)C2,0,Ki (>),5.0,1,CHEMBL494702
O=C1CC(CN2CCC(C(=O)c3ccc(F)cc3)CC2)Cc2oc(-c3ccccc3)cc21,0,Ki (>),5.0,1,CHEMBL494701
COc1cccc(CCc2ccccc2OCCN2CCN(c3cccc(Cl)c3)CC2)c1,0,Ki (>),3.0,1,CHEMBL515853
COc1cccc(CCc2ccccc2OCCCCN2CCN(c3cccc(Cl)c3)CC2)c1,0,Ki (>),3.0,1,CHEMBL457889
COc1cccc(CCc2ccccc2OCCCCCN2CCN(c3cccc(Cl)c3)CC2)c1,0,Ki (>),3.0,1,CHEMBL457890
COc1cccc(CCc2ccccc2OCCN2CCN(c3cccc(C(F)(F)F)c3)CC2)c1,0,Ki (>),3.0,1,CHEMBL457891
COc1cccc(CCc2ccccc2OCCCCN2CCN(c3cccc(C(F)(F)F)c3)CC2)c1,0,Ki (>),3.0,1,CHEMBL459158
COc1cccc(CCc2ccccc2OCCCCN2CCN(c3ccccc3OC)CC2)c1,0,Ki,4.17,1,CHEMBL516334
COc1cccc(CCc2ccccc2OCCCCCN2CCN(c3ccccc3OC)CC2)c1,0,Ki (>),3.0,1,CHEMBL458991
COc1cccc(CCc2ccccc2OCCN2CCN(c3ccc(F)cc3)CC2)c1,0,Ki (>),3.0,1,CHEMBL458992
COc1cccc(CCc2ccccc2OCCCN2CCN(c3ncccn3)CC2)c1,0,Ki,4.7,1,CHEMBL456675
COc1cccc(CCc2ccccc2OCCCCCN2CCN(c3ncccn3)CC2)c1,0,Ki (>),3.0,1,CHEMBL487761
COc1cccc(CCc2ccccc2OCCCCN2CCN(C)CC2)c1,0,Ki (>),3.0,1,CHEMBL486534
COc1cccc(CCc2ccccc2OCCCCCN2CCN(C)CC2)c1,0,Ki (>),3.0,1,CHEMBL485719
COc1cccc(CCc2ccccc2OCCN2CCc3ccccc3C2)c1,0,Ki (>),3.0,1,CHEMBL521025
COc1cccc(CCc2ccccc2OCCCCN2CCc3ccccc3C2)c1,0,Ki (>),3.0,1,CHEMBL485918
COc1cccc(CCc2ccccc2OCCCCCN2CCc3ccccc3C2)c1,0,Ki (>),3.0,1,CHEMBL519228
COc1cccc(CCc2ccccc2OCCN2CCc3cc(OC)c(OC)cc3C2)c1,0,Ki (>),3.0,1,CHEMBL486336
COc1cccc(CCc2ccccc2OCCCN2CCc3cc(OC)c(OC)cc3C2)c1,0,Ki (>),3.0,1,CHEMBL486337
COc1cccc(CCc2ccccc2OCCCCN2CCc3cc(OC)c(OC)cc3C2)c1,0,Ki (>),3.0,1,CHEMBL485727
COc1cccc(CCc2ccccc2OCCCCCN2CCc3cc(OC)c(OC)cc3C2)c1,0,Ki (>),3.0,1,CHEMBL519547
O=c1[nH]c2c(F)cccc2n1C1CCN(C2CCN(S(=O)(=O)c3ccccc3)CC2)CC1,0,IC50 (>),5.0,1,CHEMBL486758
O=c1[nH]c2ccc(F)cc2n1C1CCN(C2CCN(S(=O)(=O)c3ccccc3)CC2)CC1,0,IC50 (>),5.0,1,CHEMBL485953
O=C(Nc1cccc(SC(F)(F)F)c1)N1CCC(N2CCC(n3c(=O)[nH]c4cc(Cl)ccc43)CC2)CC1,0,IC50 (>),5.0,1,CHEMBL487986
COc1ccc(N2CCN(CCCN3CCCc4ccccc4C3=O)CC2)cc1,0,Ki (>),4.0,1,CHEMBL476642
COc1c(OCCF)cccc1C(O)C1CCN(CCc2ccc(F)cc2)CC1,0,Ki (>),5.0,1,CHEMBL402143
COc1c(OCCF)cccc1C(O)C1CCN(CCc2ccc(C)cc2)CC1,0,Ki (>),5.0,1,CHEMBL476839
COc1c(OCCF)cccc1C(=O)C1CCN(CCc2ccc(C)cc2)CC1,0,Ki (>),5.0,1,CHEMBL490632
Cc1ccc(N2CCN([C@@H](C)[C@H]3C[C@]3(C)c3ccccc3)CC2)c(C)c1,0,Ki (>),5.0,1,CHEMBL477820
Cc1ccc(N2CCN([C@H](C)[C@H]3C[C@]3(C)c3ccccc3)CC2)c(C)c1,0,Ki (>),5.0,1,CHEMBL523994
Cc1ccc(N2CCN(C[C@H]3C[C@]3(C)c3ccccc3)CC2)c(C)c1,0,Ki (>),5.0,1,CHEMBL492034
CCCNCCCCNC(=O)c1ccc(-c2ccccc2)cc1,0,Ki,4.68,2,CHEMBL444128
Oc1cc2c(cc1O)[C@@H](c1ccccc1)CNCC2,0,Ki (>),5.0,1,CHEMBL503958
NCC1c2ccccc2Cc2ccccc21,0,Ki (>),5.0,1,CHEMBL47482
NCC1c2ccccc2Cc2cc(Br)ccc21,0,Ki (>),5.0,1,CHEMBL85882
CCCN1CCc2cccc3c2[C@H]1Cc1ccc(OC(=O)CCCC(=O)Oc2cccc4c2-c2cccc5c2[C@@H](C4)N(CCC)CC5)cc1-3,0,Ki (>),5.0,1,CHEMBL509451
CCCN1CCc2cccc3c2[C@H]1Cc1ccc(OC(=O)CCC(=O)Oc2cccc4c2-c2cccc5c2[C@@H](C4)N(CCC)CC5)cc1-3,0,Ki (>),5.0,1,CHEMBL455318
CCCN1CCc2cccc3c2[C@H]1Cc1cccc(OC(=O)CNC(=O)OCc2ccccc2)c1-3,0,Ki (>),5.0,1,CHEMBL478043
CCCCCCC(=O)Oc1cccc2c1-c1cccc3c1[C@@H](C2)N(CCC)CC3,0,Ki (>),5.0,1,CHEMBL516580
CCCCCC(=O)Oc1cccc2c1-c1cccc3c1[C@@H](C2)N(CCC)CC3,0,Ki (>),5.0,1,CHEMBL515342
CCCC(=O)Oc1cccc2c1-c1cccc3c1[C@@H](C2)N(CCC)CC3,0,Ki,7.26,2,CHEMBL478671
CCCN1CCc2cccc3c2[C@H]1Cc1cccc(OC(=O)CC)c1-3,0,Ki (>),5.0,1,CHEMBL515187
CCCCC(=O)Oc1cccc2c1-c1cccc3c1[C@@H](C2)N(CCC)CC3,0,Ki,6.47,2,CHEMBL403550
CCOC(=O)N1CCC(N2CCC(n3c(=O)[nH]c4ccccc43)CC2)CC1,0,IC50 (>),5.0,1,CHEMBL491209
O=c1[nH]c2ccc(F)cc2n1C1CCN(C2CCN(Cc3ccccc3C(F)(F)F)CC2)CC1,0,IC50 (>),5.0,1,CHEMBL491818
O=c1[nH]c2c(F)cccc2n1C1CCN(C2CCN(Cc3ccccc3C(F)(F)F)CC2)CC1,0,IC50 (>),5.0,1,CHEMBL521914
Cc1ccccc1CN1CCC(N2CCC(n3c(=O)[nH]c4ccc(F)cc43)CC2)CC1,0,IC50 (>),5.0,1,CHEMBL490797
Cc1ccccc1CN1CCC(N2CCC(n3c(=O)[nH]c4c(F)cccc43)CC2)CC1,0,IC50 (>),5.0,1,CHEMBL490598
CCCN1CCO[C@H]2c3cc(C(N)=O)ccc3CC[C@@H]21,0,Ki (>),5.0,1,CHEMBL500627
CCCN1CCO[C@@H]2c3cc(C(=O)O)ccc3CC[C@H]21,0,Ki (>),5.0,1,CHEMBL482977
CCCN1CCO[C@@H]2c3cc(-c4nnn[nH]4)ccc3CC[C@H]21,0,Ki (>),5.0,1,CHEMBL485017
CCCN1CCO[C@@H]2c3cc(C(=O)Nc4ccc(OC)cc4)ccc3CC[C@H]21,0,Ki (>),5.0,1,CHEMBL485028
CCCN1CCO[C@@H]2c3cc4c(cc3CC[C@H]21)CN(C)C4=O,0,Ki (>),5.0,1,CHEMBL519201
Fc1ccc(-c2noc(C3CCN(c4cnc5ccc(Cl)cc5c4)CC3)n2)c(Cl)c1,0,IC50 (>),4.3,2,CHEMBL468176
Clc1ccc(N2CCC3CCC(C2)N3Cc2c[nH]c3ncccc23)cc1,0,Ki (>),5.0,1,CHEMBL458342
Clc1ccc(N2CCN(Cc3cc4ccccn4n3)CC2)cc1,0,Ki,4.33,1,CHEMBL310843
Cc1nc2cc(N3CCN(CCN4Cc5ccccc5C4)C3=O)ccc2s1,0,Ki (>),5.0,1,CHEMBL559780
CC(=O)n1ccc2cc(N3CCN(CCN4Cc5ccccc5C4)C3=O)ccc21,0,Ki (>),5.0,1,CHEMBL549759
Cc1ccc(N2CCN(CCN3Cc4ccccc4C3)C2=O)cn1,0,Ki (>),5.0,1,CHEMBL564477
O=C1N(CCN2Cc3ccccc3C2)CCN1c1cscc1-c1ccccn1,0,Ki (>),5.0,1,CHEMBL556895
O=C1N(CCN2Cc3ccccc3C2)CCN1Cc1ccccc1,0,Ki (>),5.0,1,CHEMBL554914
O=C1N(CCN2Cc3ccccc3C2)CCN1Cc1ccc(Cl)c(Cl)c1,0,Ki (>),5.0,1,CHEMBL560650
O=C1N(CCN2Cc3ccccc3C2)CCN1Cc1ccc(Cl)cc1,0,Ki (>),5.0,1,CHEMBL553238
CC(c1cccc(C(F)(F)F)c1)N1CCN(CCN2Cc3ccccc3C2)C1=O,0,Ki (>),5.0,1,CHEMBL564741
O=C1N(CCN2CCC(C(F)(F)F)CC2)CCN1c1cccc(Cl)c1F,0,Ki (>),5.0,1,CHEMBL550849
CC(C)N1CCN(CCN2CCN(c3ccc(F)c(C#N)c3)C2=O)CC1,0,Ki (>),5.0,1,CHEMBL564108
CC(C)N1CCN(CCN2CCN(c3cccc(Cl)c3F)C2=O)CC1,0,Ki (>),5.0,1,CHEMBL570998
COc1ccccc1N1CCN(Cc2c(C)nc3cc(C)ncn23)CC1,0,Ki,4.4,2,CHEMBL561262
Cc1cc2nc(C)c(CN3CCN(c4ccc(Cl)cc4)CC3)n2c(C)n1,0,Ki,4.58,2,CHEMBL554692
Cc1cc2nc(C)c(CN3CCN(c4ccccn4)CC3)n2c(C)n1,0,Ki,4.77,1,CHEMBL562384
COc1ccc(N2CCN(Cc3c(C)nc4cc(C)ncn34)CC2)cc1,0,Ki,4.89,1,CHEMBL550920
Cc1cc2nc(C)c(CN3CCN(c4ccccc4)CC3)n2c(C)n1,0,Ki,4.96,1,CHEMBL550392
COc1ccccc1N1CCN(CCCc2cn(CCCN3CCc4cc(O)c(O)cc4C(c4ccccc4C)C3)nn2)CC1,1,IC50,6.32,2,CHEMBL574700
CCN(CC)C(=O)[C@@H]1C=C2c3cccc4[nH]cc(c34)C[C@H]2NC1,0,IC50 (>),5.0,1,CHEMBL21343
COc1ccccc1N1CCN(CCCCNC(=O)c2cccc(-c3cn(Cc4ccc(-c5ccc(Cn6cc(-c7cccc(C(=O)NCCCCN8CCN(c9ccccc9OC)CC8)c7)nn6)cc5)cc4)nn3)c2)CC1,0,Ki,4.82,1,CHEMBL574569
COc1ccc2c(c1)CCN1CCc3ccccc3C21,0,Ki (>),5.0,1,CHEMBL593395
Oc1ccc2c(c1)CCN1CCc3ccccc3C21,0,Ki (>),5.0,1,CHEMBL593626
COc1ccc2c(c1)CCN(C)Cc1ccccc1CC2,0,Ki (>),5.0,1,CHEMBL593394
CN1CCc2cc(O)ccc2CCc2ccccc2C1,0,Ki (>),5.0,1,CHEMBL595720
COc1ccc2c(c1)CCCN1Cc3ccccc3C21,0,Ki (>),5.0,1,CHEMBL594557
COc1ccc2c(c1)CCCN(C)Cc1ccccc1C2,0,Ki (>),5.0,1,CHEMBL594789
CN1CCCc2cc(O)ccc2Cc2ccccc2C1,0,Ki (>),5.0,1,CHEMBL596179
CN1CCCc2cc3c(cc2-c2ccccc2CC1)OCO3,0,Ki (>),5.0,2,CHEMBL610449
CCc1cc(OC)ccc1C1Cc2ccccc2CN1C,0,Ki (>),5.0,1,CHEMBL594799
CN(C)Cc1nc(-c2ccc(C(C)(C)C)cc2)n(-c2cccc(O)c2)n1,0,IC50 (>),5.0,1,CHEMBL595449
Cn1c(CN2CCN(c3ccc(Cl)cc3)CC2)nc2ccccc21,0,Ki (>),5.0,1,CHEMBL596271
Cn1c(CN2CCN(c3ncc(Cl)cn3)CC2)nc2ccccc21,0,Ki (>),5.0,1,CHEMBL595759
Cn1c(CN2CCN(c3ccc(C(F)(F)F)cc3)CC2)nc2ccccc21,0,Ki (>),5.0,1,CHEMBL595608
Cn1c(CN2CCN(c3nc4ccccc4s3)CC2)nc2ccccc21,0,Ki (>),5.0,1,CHEMBL595609
Cn1c(CN2CCN(c3ccc(C(F)(F)F)cn3)CC2)nc2ccccc21,0,Ki (>),5.0,1,CHEMBL595151
C[C@@H]1Cc2ccc3c(c2O1)-c1cccc2c1[C@@H](C3)N(C)CC2,0,Ki (>),5.0,1,CHEMBL597094
C[C@H]1Cc2ccc3c(c2O1)-c1cccc2c1[C@@H](C3)N(C)CC2,0,Ki (>),5.0,1,CHEMBL609611
CC1Cc2ccc3c(c2O1)-c1cccc2c1[C@@H](C3)N(C)CC2,0,Ki (>),5.0,1,CHEMBL609317
C=CCc1ccc2c(c1O)-c1cc(OC)cc3c1[C@@H](C2)N(C)CC3,0,Ki (>),5.0,1,CHEMBL603752
C=CCOc1cccc2c1-c1cc(OC)cc3c1[C@@H](C2)N(C)CC3,0,Ki (>),5.0,1,CHEMBL596886
Cc1cc2ccc3c(c2o1)-c1cccc2c1[C@@H](C3)N(C)CC2,0,Ki (>),5.0,1,CHEMBL607559
C#CCOc1cccc2c1-c1cccc3c1[C@@H](C2)N(C)CC3,0,Ki (>),5.0,1,CHEMBL596885
C=CCc1ccc2c(c1O)-c1cccc3c1[C@@H](C2)N(C)CC3,0,Ki (>),5.0,1,CHEMBL596884
C=CCOc1cccc2c1-c1cccc3c1[C@@H](C2)N(C)CC3,0,Ki (>),5.0,1,CHEMBL608728
CCCN1CCc2cccc3c2[C@H]1Cc1ccc2c(C)c(C)oc2c1-3,0,Ki (>),5.0,1,CHEMBL597882
CCCN1CCc2cccc3c2[C@H]1Cc1ccc2cc(C)oc2c1-3,0,Ki (>),5.0,1,CHEMBL597881
CC#CCOc1cccc2c1-c1cccc3c1[C@@H](C2)N(CCC)CC3,0,Ki (>),5.0,1,CHEMBL596678
C#CCOc1cccc2c1-c1cccc3c1[C@@H](C2)N(CCC)CC3,0,Ki (>),5.0,1,CHEMBL591448
CCCN1CCc2cccc3c2[C@H]1Cc1c(CC=C(C)C)ccc(O)c1-3,0,Ki (>),5.0,1,CHEMBL603542
CCCN1CCc2cccc3c2[C@H]1Cc1ccc2c(c1-3)OC(C)(C)C2,0,Ki (>),5.0,1,CHEMBL611973
C=C(C)Cc1ccc2c(c1O)-c1cccc3c1[C@@H](C2)N(CCC)CC3,0,Ki (>),5.0,1,CHEMBL596866
C=CCc1ccc2c(c1O)-c1cccc3c1[C@@H](C2)N(CCC)CC3,0,Ki (>),5.0,1,CHEMBL596865
CCCN1CCc2cccc3c2[C@H]1Cc1cccc(OCC=C(C)C)c1-3,0,Ki (>),5.0,1,CHEMBL599080
C=C(C)COc1cccc2c1-c1cccc3c1[C@@H](C2)N(CCC)CC3,0,Ki (>),5.0,1,CHEMBL598760
C=CCOc1cccc2c1-c1cccc3c1[C@@H](C2)N(CCC)CC3,0,Ki (>),5.0,1,CHEMBL598759
CN1CCc2cc(Cl)c(O)cc2[C@H]2c3ccc(NC(=O)C4CC4)cc3CC[C@@H]21,0,Ki (>),5.0,1,CHEMBL598516
CCCN1CCC(c2cccc(S(C)(=O)=O)c2)CC1,0,Ki,4.76,2,CHEMBL596802
c1ccc2c(c1)CCN1Cc3cccc4[nH]cc(c34)C21,0,Ki (>),5.0,1,CHEMBL1077189
CN1CCc2ccccc2Cc2c[nH]c3cccc(c23)C1,0,Ki (>),5.0,1,CHEMBL1088073
O=C(c1ccc(-c2ccccc2)cc1)N1CCN(C(=O)c2ccc3cc[nH]c3c2)CC1,0,Ki (>),5.0,1,CHEMBL1076586
COc1cccc(-c2ccc(C(=O)N3CCN(C(=O)c4ccc5cc[nH]c5c4)[C@@H](C)C3)cc2)c1,0,Ki (>),5.0,1,CHEMBL1081648
COc1cccc(-c2ccc(C(=O)N3CCN(C(=O)c4ccc5cc[nH]c5c4)[C@H](C)C3)cc2)c1,0,Ki (>),5.0,1,CHEMBL1081649
C[C@H]1CN(C(=O)c2ccc(-c3cccc(OC(F)(F)F)c3)cc2)CCN1C(=O)c1ccc2cc[nH]c2c1,0,Ki (>),5.0,1,CHEMBL1080155
C[C@H]1CN(C(=O)c2ccc(-c3cccc(C(F)(F)F)c3)cc2)CCN1C(=O)c1ccc2cc[nH]c2c1,0,Ki (>),5.0,1,CHEMBL1082209
C[C@H]1CN(C(=O)c2ccc(-c3cccc(F)c3)cc2)CCN1C(=O)c1ccc2cc[nH]c2c1,0,Ki (>),5.0,1,CHEMBL1082210
C[C@H]1CN(C(=O)c2ccc(-c3ccccc3)cc2)CCN1C(=O)c1ccc2cc[nH]c2c1,0,Ki (>),5.0,1,CHEMBL1082211
COc1ccccc1-c1ccc(C(=O)N2CCN(C(=O)c3ccc4cc[nH]c4c3)[C@@H](C)C2)cc1,0,Ki (>),5.0,1,CHEMBL1081212
C[C@H]1CN(C(=O)c2ccc(-c3ccccc3F)cc2)CCN1C(=O)c1ccc2cc[nH]c2c1,0,Ki (>),5.0,1,CHEMBL1080389
C[C@H]1CN(C(=O)c2ccc(-c3ccccc3Cl)cc2)CCN1C(=O)c1ccc2cc[nH]c2c1,0,Ki (>),5.0,1,CHEMBL1080556
C[C@H]1CN(C(=O)c2ccc(-c3ccccc3C(F)(F)F)cc2)CCN1C(=O)c1ccc2cc[nH]c2c1,0,Ki (>),5.0,1,CHEMBL1080735
Cc1ccccc1-c1ccc(C(=O)N2CCN(C(=O)c3ccc4cc[nH]c4c3)[C@@H](C)C2)cc1,0,Ki (>),5.0,1,CHEMBL1080907
COc1ccc(-c2ccc(C(=O)N3CCN(C(=O)c4ccc5cc[nH]c5c4)[C@@H](C)C3)cc2)cc1,0,Ki (>),5.0,1,CHEMBL1081254
C[C@H]1CN(C(=O)c2ccc(-c3ccc(OC(F)(F)F)cc3)cc2)CCN1C(=O)c1ccc2cc[nH]c2c1,0,Ki (>),5.0,1,CHEMBL1080755
C[C@H]1CN(C(=O)c2ccc(-c3ccc(F)cc3)cc2)CCN1C(=O)c1ccc2cc[nH]c2c1,0,Ki (>),5.0,1,CHEMBL1080926
O=C(CNC(=O)c1cccc(C(F)(F)F)c1)N[C@@H]1CCN(CCC2CCN(C(=O)c3ccccc3)CC2)C1,0,IC50 (>),5.0,1,CHEMBL1092929
O=C(CNC(=O)c1cccc(C(F)(F)F)c1)N[C@@H]1CCN(CCC2CCN(C(=O)c3ccccc3F)CC2)C1,0,IC50 (>),5.0,1,CHEMBL1089881
O=C(CNC(=O)c1cccc(C(F)(F)F)c1)N[C@@H]1CCN(CCC2CCN(C(=O)c3cc(F)ccc3F)CC2)C1,0,IC50 (>),5.0,1,CHEMBL1092921
O=C(CNC(=O)c1cccc(C(F)(F)F)c1)N[C@@H]1CCN(CCC2CCN(C(=O)c3ccccc3Cl)CC2)C1,0,IC50 (>),5.0,1,CHEMBL1088874
O=C(CNC(=O)c1cccc(C(F)(F)F)c1)N[C@@H]1CCN(CCN2CCN(C(=O)c3ccccc3)CC2)C1,0,IC50 (>),5.0,1,CHEMBL1093469
O=C(CNC(=O)c1cccc(C(F)(F)F)c1)N[C@@H]1CCN(CCN2CCN(C(=O)c3ccccc3Cl)CC2)C1,0,IC50 (>),5.0,1,CHEMBL1092238
O=C(CNC(=O)c1cccc(C(F)(F)F)c1)N[C@@H]1CCN(CCN2CCN(C(=O)c3ccccc3F)CC2)C1,0,IC50 (>),5.0,1,CHEMBL1093802
O=C(CNC(=O)c1cccc(C(F)(F)F)c1)N[C@@H]1CCN(CCN2CCN(C(=O)c3cc(F)ccc3F)CC2)C1,0,IC50 (>),5.0,1,CHEMBL1089793
c1ccc(CN2CCN(Cc3cc4ccccc4o3)CC2)cc1,0,Ki (>),5.0,1,CHEMBL1214829
FC(F)CCOc1ccc(CN2CCN(Cc3cc4ccccc4o3)CC2)cc1,0,Ki (>),5.0,1,CHEMBL1214891
CCCOc1ccc(CN2CCN(Cc3cc4ccccc4o3)CC2)cc1,0,Ki (>),5.0,1,CHEMBL1214892
FCCCOc1ccc(CN2CCN(Cc3cc4ccccc4o3)CC2)cc1,0,Ki (>),5.0,1,CHEMBL1214893
FCCOc1ccccc1CN1CCN(Cc2cc3ccccc3o2)CC1,0,Ki (>),5.0,1,CHEMBL1215036
CCCOc1ccccc1CN1CCN(Cc2cc3ccccc3o2)CC1,0,Ki (>),5.0,1,CHEMBL1215037
FCCCOc1ccccc1CN1CCN(Cc2cc3ccccc3o2)CC1,0,Ki (>),5.0,1,CHEMBL1215038
Cc1ccc(CNCC2(F)CCN(C(=O)c3cc(Br)cs3)CC2)nc1,0,Ki,4.14,2,CHEMBL1259071
Cc1ccc(CNCC2(F)CCN(C(=O)c3csc4ccccc34)CC2)nc1,0,Ki,4.7,2,CHEMBL1259241
Cc1ccc(CNCC2(F)CCN(C(=O)c3coc4ccccc34)CC2)nc1,0,Ki,4.57,2,CHEMBL1258999
Cc1ccc(CNCC2(F)CCN(C(=O)c3ccc(F)c(Cl)c3)CC2)nc1,0,Ki,4.82,2,CHEMBL45305
CCN1CCC[C@H]1CNC(=O)c1c(Cl)c(Cl)cc(O)c1OC,1,IC50,7.49,1,CHEMBL1276708
CCN1CCC[C@H]1CNC(=O)c1c(Cl)c(OC)cc(O)c1OC,1,IC50,7.15,1,CHEMBL1276709
CCN1CCC[C@H]1CNC(=O)c1c(OC)ccc(Br)c1Br,1,IC50,8.1,1,CHEMBL1276738
CCc1ccc(OC)c(C(=O)NC[C@@H]2CCCN2CC)c1Br,1,IC50,7.96,1,CHEMBL1276739
CCN1CCC[C@H]1CNC(=O)c1c(OC)ccc(I)c1OC,1,IC50,9.17,1,CHEMBL23464
CCCc1cc(O)c(OC)c(C(=O)NC[C@@H]2CCCN2CC)c1C,1,IC50,8.3,1,CHEMBL1276763
CCCc1c(Cl)cc(O)c(OC)c1C(=O)NC[C@@H]1CCCN1CC,1,IC50,6.96,1,CHEMBL1276764
CCc1ccc(O)c(OC)c1C(=O)NC[C@@H]1CCCN1CC,1,IC50,6.91,1,CHEMBL1276765
CCN1CCC[C@H]1CNC(=O)c1c(OC)c(O)cc(I)c1OC,1,IC50,9.54,1,CHEMBL1276325
CCN1CCC[C@H]1CNC(=O)c1c(OC)ccc(SC)c1OC,1,IC50,8.96,1,CHEMBL1276326
CCc1cc(O)c(OC)c(C(=O)NC[C@@H]2CCCN2CC)c1OC,1,IC50,8.89,1,CHEMBL1276327
CCCCc1ccc(OC)c(C(=O)NC[C@@H]2CCCN2CC)c1OC,1,IC50,8.57,1,CHEMBL1276350
CCCc1ccc(OC)c(C(=O)NC[C@@H]2CCCN2CC)c1,1,IC50,7.17,1,CHEMBL1276351
CCN1CCC[C@H]1CNC(=O)c1cc(Cl)ccc1OC,1,IC50,6.59,1,CHEMBL1276238
CCN1CCC[C@H]1CNC(=O)c1c(OC)ccc(Cl)c1Cl,1,IC50,7.7,1,CHEMBL1276352
CCN1CCC[C@H]1CNC(=O)c1c(OC)ccc(Cl)c1Br,1,IC50,8.25,1,CHEMBL1276374
CCN1CCC[C@H]1CNC(=O)c1cc(Br)ccc1OC,1,IC50,7.34,1,CHEMBL1276268
CCN1CCC[C@H]1CNC(=O)c1c(OC)ccc(Br)c1OC,1,IC50,8.92,1,CHEMBL22242
CCc1ccc(OC)c(C(=O)NC[C@@H]2CCCN2CC)c1Cl,1,IC50,8.38,1,CHEMBL1276375
CCN1CCC[C@H]1CNC(=O)c1c(Cl)ccc(O)c1OC,1,IC50,7.19,1,CHEMBL1276399
CCN1CCC[C@H]1CNC(=O)c1c(OC)ccc(O)c1OC,1,IC50,8.06,1,CHEMBL1276400
CCN1CCC[C@H]1CNC(=O)c1cc(F)cc(O)c1OC,1,IC50,6.44,1,CHEMBL1276401
CCN1CCC[C@H]1CNC(=O)c1cc(Cl)cc(O)c1OC,1,IC50,7.41,1,CHEMBL1276426
CCN1CCC[C@H]1CNC(=O)c1c(Br)c(Cl)cc(O)c1OC,1,IC50,7.24,1,CHEMBL1276427
CCc1c(Cl)cc(O)c(OC)c1C(=O)NC[C@@H]1CCCN1CC,1,IC50,7.92,1,CHEMBL1276428
CCN1CCC[C@H]1CNC(=O)c1cc(Br)cc(O)c1OC,1,IC50,8.08,1,CHEMBL1276459
CCN1CCC[C@H]1CNC(=O)c1c(Cl)c(Br)cc(O)c1OC,1,IC50,7.77,1,CHEMBL1276460
CCN1CCC[C@H]1CNC(=O)c1c(Br)c(Br)cc(O)c1OC,1,IC50,7.59,1,CHEMBL1276461
CCN1CCC[C@H]1CNC(=O)c1c(OC)c(O)cc(Br)c1OC,1,IC50,8.85,1,CHEMBL1276494
CCN1CCC[C@H]1CNC(=O)c1c(OC)c(O)cc(Br)c1[N+](=O)[O-],1,IC50,6.73,1,CHEMBL1276495
CCN1CCC[C@H]1CNC(=O)c1cc(I)cc(O)c1OC,1,IC50,8.52,1,CHEMBL1276496
CCN1CCC[C@H]1CNC(=O)c1c(Cl)c(C)cc(O)c1OC,1,IC50,7.59,1,CHEMBL1276527
CCN1CCC[C@H]1CNC(=O)c1c(C)c(C)cc(O)c1OC,1,IC50,8.11,1,CHEMBL1276528
CCc1cc(O)c(OC)c(C(=O)NC[C@@H]2CCCN2CC)c1,1,IC50,8.54,1,CHEMBL1276529
CCc1cc(O)c(OC)c(C(=O)NC[C@@H]2CCCN2CC)c1F,1,IC50,8.82,1,CHEMBL1276559
CCc1cc(O)c(OC)c(C(=O)NC[C@@H]2CCCN2CC)c1Cl,1,IC50,9.04,1,CHEMBL1276560
CCc1cc(O)c(OC)c(C(=O)NC[C@@H]2CCCN2CC)c1Br,1,IC50,8.64,1,CHEMBL1276561
CCCc1cc(O)c(OC)c(C(=O)NC[C@@H]2CCCN2CC)c1,1,IC50,9.3,1,CHEMBL1276585
CCN1CCC[C@H]1CNC(=O)c1cc(OC)cc(O)c1OC,1,IC50,6.69,1,CHEMBL1276586
CCN1CCC[C@H]1CNC(=O)c1c(Br)c(OC)cc(O)c1OC,1,IC50,7.17,1,CHEMBL1276587
CCN1CCC[C@H]1CNC(=O)c1c(OC)ccc(Br)c1O,1,IC50,8.0,1,CHEMBL283099
CCCc1cc(O)c(OC)c(C(=O)NC[C@@H]2CCCN2CC)c1Cl,1,IC50,8.49,1,CHEMBL1276615
CCN1CCC[C@H]1CNC(=O)c1c(Br)c(C)cc(O)c1OC,1,IC50,8.26,1,CHEMBL1276616
CCN1CCC[C@H]1CNC(=O)c1c(OC)ccc(C)c1OC,1,IC50,8.28,1,CHEMBL1276645
CCc1c(Br)cc(O)c(OC)c1C(=O)NC[C@@H]1CCCN1CC,1,IC50,7.77,1,CHEMBL1276646
CCc1cc(O)c(OC)c(C(=O)NC[C@@H]2CCCN2CC)c1CC,1,IC50,8.75,1,CHEMBL1276647
CCc1ccc(OC)c(C(=O)NC[C@@H]2CCCN2CC)c1OC,1,IC50,8.89,1,CHEMBL282925
CCN1CCC[C@H]1CNC(=O)c1c(OC)cccc1OC,1,IC50,7.28,1,CHEMBL282024
CCc1ccc(OC)c(C(=O)NC[C@@H]2CCCN2CC)c1,1,IC50,7.4,1,CHEMBL1276677
CCN1CCC[C@H]1CNC(=O)c1cccc(O)c1OC,1,IC50,6.5,1,CHEMBL1276269
CCN1CCC[C@H]1CNC(=O)c1c(Br)ccc(O)c1OC,1,IC50,7.25,1,CHEMBL1276710
CCN1CCC[C@H]1CNC(=O)c1c(C)c(Cl)cc(O)c1OC,1,IC50,7.96,1,CHEMBL1276711
CCN1CCC[C@H]1CNC(=O)c1c(OC)c(O)cc(Cl)c1OC,1,IC50,8.77,1,CHEMBL1276712
CCN1CCC[C@H]1CNC(=O)c1c(F)c(Br)cc(O)c1OC,1,IC50,8.15,1,CHEMBL1276740
CCN1CCC[C@H]1CNC(=O)c1c(C)c(Br)cc(O)c1OC,1,IC50,7.96,1,CHEMBL1276741
CCN1CCC[C@H]1CNC(=O)c1cc(C)cc(O)c1OC,1,IC50,7.72,1,CHEMBL1276742
CCCc1c(C)cc(O)c(OC)c1C(=O)NC[C@@H]1CCCN1CC,1,IC50,6.85,1,CHEMBL1276766
COC(=O)CCCCCN1CCC(CNC(=O)c2c3n(c4ccccc24)CCCO3)CC1,0,Ki (>),5.0,1,CHEMBL1632158
O=C(O)CCCCCN1CCC(CNC(=O)c2c3n(c4ccccc24)CCCO3)CC1,0,Ki (>),5.0,1,CHEMBL1632174
N#Cc1cc(F)cc(C#Cc2csc(F)n2)c1,0,Ki (>),5.0,1,CHEMBL1672288
O=C(NCCC(F)CN1CCN(c2cccc(Cl)c2Cl)CC1)c1cc2ccccc2o1,0,Kd,10.52,3,CHEMBL1774386
COc1ccccc1N1CCN(CC(F)CCNC(=O)c2cc3ccccc3s2)CC1,1,IC50,6.38,2,CHEMBL1774538
COc1ccc(CCN2C3C4C5CC6C7C5C3C7C2(O)C64)cc1OCCc1ccccc1,0,Ki (>),5.0,1,CHEMBL1779059
COc1ccc(C)cc1C(=O)NCCN1C2C3C4CC5C6C4C2C6C1(O)C53,0,Ki (>),5.0,1,CHEMBL1779060
Cc1nc(C(=O)NCCN2CCN(c3cccc(Cl)c3Cl)CC2)c(C)n1-c1ccccc1,1,IC50,6.04,1,CHEMBL3216758
COc1ccc(CCCN2CCN(Cc3cc4ccccc4o3)CC2)cc1,0,Ki (>),5.0,1,CHEMBL1833977
CCOC(=O)N1CCC(N2CCC[C@@H](NC(=O)c3ccccc3C)C2)CC1,0,IC50 (>),4.52,1,CHEMBL1916224
COc1cc(CN2CCN(c3ccc4c(c3)OCCO4)CC2)ccc1F,0,Ki,4.8,2,CHEMBL1923293
Fc1ccc(CN2CCN(c3ccc4c(c3)OCCO4)CC2)cn1,0,Ki,4.54,2,CHEMBL1923416
CCOCCOCc1ccc(N2CCN(CCCCNC(=O)c3ccccc3)CC2)c(OC)c1,0,Ki,4.72,1,CHEMBL1928247
CC(=O)N[C@@H]1CC2(CCN(Cc3ccc4[nH]c5ccc(Cl)cc5c4c3)CC2)c2ccccc21,1,IC50,6.3,1,CHEMBL1934127
C[C@@H]1Cc2c([nH]c3ccccc23)Cc2ccccc2CCN1C,0,Ki (>),5.0,1,CHEMBL1949726
CN1CCc2ccccc2Cc2[nH]c3ccccc3c2CC1C(=O)O,0,Ki (>),5.0,1,CHEMBL1949727
CN1CCN(C2=Nc3cc(Cl)ccc3N(NC(=O)CCCCCCCCCCCCCCCCCCC(=O)NN3c4ccc(Cl)cc4N=C(N4CCN(C)CC4)c4ccccc43)c3ccccc32)CC1,0,IC50 (>),5.0,2,CHEMBL2016621
CN1CCN(C2=Nc3cc(Cl)ccc3N(NC(=O)CCCCCCCCCCCCCCCCC(=O)NN3c4ccc(Cl)cc4N=C(N4CCN(C)CC4)c4ccccc43)c3ccccc32)CC1,0,IC50 (>),5.0,2,CHEMBL2016620
CN1CCN(C2=Nc3cc(Cl)ccc3N(NC(=O)CCCCCCCCCCCCC(=O)NN3c4ccc(Cl)cc4N=C(N4CCN(C)CC4)c4ccccc43)c3ccccc32)CC1,0,IC50 (>),5.0,2,CHEMBL2016619
CN1CCN(C2=Nc3cc(Cl)ccc3N(NC(=O)CCCCCCCCCCC(=O)NN3c4ccc(Cl)cc4N=C(N4CCN(C)CC4)c4ccccc43)c3ccccc32)CC1,0,IC50 (>),5.0,2,CHEMBL2016618
CN1CCN(C2=Nc3cc(Cl)ccc3N(NC(=O)CCCCCCCCC(=O)NN3c4ccc(Cl)cc4N=C(N4CCN(C)CC4)c4ccccc43)c3ccccc32)CC1,0,IC50 (>),5.0,2,CHEMBL2016617
CN1CCN(C2=Nc3cc(Cl)ccc3N(C(=O)CCCCCCCCCCCCCCCCCCC(=O)N3c4ccc(Cl)cc4N=C(N4CCN(C)CC4)c4ccccc43)c3ccccc32)CC1,0,IC50 (>),5.0,2,CHEMBL2016613
CN1CCN(C2=Nc3cc(Cl)ccc3N(C(=O)CCCCCCCCCCCCCCCCC(=O)N3c4ccc(Cl)cc4N=C(N4CCN(C)CC4)c4ccccc43)c3ccccc32)CC1,0,IC50 (>),5.0,2,CHEMBL2016612
CN1CCN(C2=Nc3cc(Cl)ccc3N(C(=O)CCCCCCCCCCCCC(=O)N3c4ccc(Cl)cc4N=C(N4CCN(C)CC4)c4ccccc43)c3ccccc32)CC1,0,IC50 (>),5.0,2,CHEMBL2016611
CN1CCN(C2=Nc3cc(Cl)ccc3N(C(=O)CCCCCCCCCCC(=O)N3c4ccc(Cl)cc4N=C(N4CCN(C)CC4)c4ccccc43)c3ccccc32)CC1,0,IC50 (>),5.0,2,CHEMBL2016610
CN1CCN(C2=Nc3cc(Cl)ccc3N(C(=O)CCCCCCCCC(=O)N3c4ccc(Cl)cc4N=C(N4CCN(C)CC4)c4ccccc43)c3ccccc32)CC1,0,IC50 (>),5.0,2,CHEMBL2016609
CCCCCCCCCC(=O)N1c2ccc(Cl)cc2N=C(N2CCN(C)CC2)c2ccccc21,1,IC50,6.11,2,CHEMBL2016607
O=C(CCCCCCCCC(=O)NCCCN1CCN(C2=Nc3cc(Cl)ccc3Nc3ccccc32)CC1)NCCCN1CCN(C2=Nc3cc(Cl)ccc3Nc3ccccc32)CC1,1,IC50,7.36,4,CHEMBL2016628
O=C(CCCCCCC(=O)NCCCN1CCN(C2=Nc3cc(Cl)ccc3Nc3ccccc32)CC1)NCCCN1CCN(C2=Nc3cc(Cl)ccc3Nc3ccccc32)CC1,1,IC50,7.64,4,CHEMBL2016627
O=C(CCCCC(=O)NCCCN1CCN(C2=Nc3cc(Cl)ccc3Nc3ccccc32)CC1)NCCCN1CCN(C2=Nc3cc(Cl)ccc3Nc3ccccc32)CC1,1,IC50,7.06,4,CHEMBL2016626
O=C(CCCCCCCCCCCCCCCCCCC(=O)NCCCN1CCN(C2=Nc3cc(Cl)ccc3Nc3ccccc32)CC1)NCCCN1CCN(C2=Nc3cc(Cl)ccc3Nc3ccccc32)CC1,0,IC50 (>),5.0,2,CHEMBL2016632
O=C(CCCCCCCCCCCCC(=O)NCCCN1CCN(C2=Nc3cc(Cl)ccc3Nc3ccccc32)CC1)NCCCN1CCN(C2=Nc3cc(Cl)ccc3Nc3ccccc32)CC1,0,IC50,4.97,2,CHEMBL2016630
CN(C)C(=O)N[C@H]1CC[C@H](CCN2CCN(c3cccc(Cl)c3Cl)CC2)CC1,1,IC50,8.78,32,CHEMBL2024517;CHEMBL2028019
C[C@@H]1CCCN1CCc1cc2cc(C(=O)c3ccc(F)cc3)ccc2o1,0,Ki (>),5.0,1,CHEMBL555146
C[C@@H]1CCCN1CCc1cc2cc(C(=O)c3ccc([N+](=O)[O-])cc3)ccc2o1,0,Ki (>),5.0,1,CHEMBL2031737
O=C(NC1CCCC1)c1ccc(-c2ccc3c(c2)CCN(CCN2CCCC2)C3=O)cc1,0,Ki (>),5.0,1,CHEMBL2031873
CN(C)C(=O)c1ccc(-c2ccc3c(c2)CCN(CCN2CCCC2)C3=O)cc1,0,Ki (>),5.0,1,CHEMBL2031874
C[C@@H]1CCCN1C(=O)c1ccc(-c2ccc3c(c2)CCN(CCN2CCCC2)C3=O)cc1,0,Ki (>),5.0,1,CHEMBL2031876
C[C@H]1CCCN1C(=O)c1ccc(-c2ccc3c(c2)CCN(CCN2CCCC2)C3=O)cc1,0,Ki (>),5.0,1,CHEMBL2031877
CCNC(=O)c1ccc(-c2ccc3c(c2)CCN(CCN2CCC[C@H]2C)C3=O)cc1,0,Ki (>),5.0,1,CHEMBL2031884
C[C@@H]1CCCN1CCN1CCc2cc(-c3ccc(C(=O)N4CCCC4)cc3)ccc2C1=O,0,Ki (>),5.0,1,CHEMBL2031885
c1ccc(CN2C3CCC2CC3)cc1,0,Ki (>),5.0,1,CHEMBL2030622
Fc1cccc(CN2C3CCC2CC3)c1,0,Ki (>),5.0,1,CHEMBL2030623
COc1ccc(CN2C3CCC2CC3)cc1OC,0,Ki (>),5.0,1,CHEMBL2030624
c1cncc(CN2C3CCC2CC3)c1,0,Ki (>),5.0,1,CHEMBL104700
Fc1cccc(CCN2C3CCC2CC3)c1,0,Ki (>),5.0,1,CHEMBL2030628
c1ccc(CCN2C3CCC2CC3)nc1,0,Ki (>),5.0,1,CHEMBL2030629
Fc1cccc(CCCN2C3CCC2CC3)c1,0,Ki (>),5.0,1,CHEMBL2030630
Fc1cccc(CCN2CCCC2)c1,0,Ki (>),5.0,1,CHEMBL2030636
c1ccc(CCN2CCCC2)nc1,0,Ki (>),5.0,1,CHEMBL270595
c1cnc(N2CCN(CCCCc3nc4ccccc4s3)CC2)nc1,1,IC50,6.62,5,CHEMBL2037521
O=C(CCCN1CCN(c2ccccc2)CC1)c1nc2ccccc2s1,0,Ki (>),5.0,1,CHEMBL2037525
CCN(CC)[C@@H]1[C@@H](CO)[C@H]2CN(Cc3ccccc3)[C@H](c3ccccc3)[C@H]21,0,Ki,4.92,1,CHEMBL2062848
CCN(CC)[C@@H]1[C@@H](CO)[C@H]2CN(Cc3ccccc3)[C@H](C)[C@H]21,0,Ki,4.42,1,CHEMBL2062852
C[C@@H]1[C@@H]2[C@H](CN1Cc1ccccc1)[C@H](CO)[C@H]2N1CCCC1,0,Ki,4.18,1,CHEMBL2062854
C[C@H]1[C@H]2[C@@H](CN1Cc1ccccc1)[C@@H](CO)[C@@H]2N1CCCC1,0,Ki,4.8,1,CHEMBL2062855
CCN(CC)[C@@H]1[C@@H](CO)[C@H]2CN(Cc3ccccc3)[C@H](c3ccccn3)[C@H]21,0,Ki,4.38,1,CHEMBL2062858
CCN(CC)[C@H]1[C@H](CO)[C@@H]2CN(Cc3ccccc3)[C@@H](c3ccccn3)[C@@H]21,0,Ki,4.92,1,CHEMBL2062859
CCCCNC(=O)c1cc2ccccc2[nH]1,0,Ki,4.87,1,CHEMBL2164434
CCCN1CCC(N2C(=O)C(=O)c3ccccc32)CC1,0,Ki,4.92,2,CHEMBL2207495
CCCN1CCC(n2cnc3ccccc32)CC1,0,Ki,4.97,1,CHEMBL2207492
Cn1cc(CN2CCc3cc4nc(N)sc4cc3CC2)cn1,1,IC50,6.06,2,CHEMBL2326472
CN(C)C(=O)c1cccc(CN2CCc3cc4nc(N)sc4cc3CC2)c1,1,IC50,6.0,2,CHEMBL2326482
CN(C)C(=O)c1ccc(CN2CCc3cc4nc(N)sc4cc3CC2)cc1,1,IC50,6.52,2,CHEMBL2326481
COc1cccc(CN2CCc3cc4nc(N)sc4cc3CC2)c1,1,IC50,6.05,2,CHEMBL2326480
COc1ccc(CN2CCc3cc4nc(N)sc4cc3CC2)cc1,1,IC50,6.4,2,CHEMBL2326479
Nc1nc2cc3c(cc2s1)CCN(Cc1cccc(F)c1)CC3,1,IC50,6.4,2,CHEMBL2326478
Nc1nc2cc3c(cc2s1)CCN(Cc1ccc(F)cc1)CC3,1,IC50,6.22,2,CHEMBL2326477
Nc1nc2cc3c(cc2s1)CCN(CC(F)(F)F)CC3,0,IC50,4.52,1,CHEMBL2326491
CCN1CCc2cc3nc(N)sc3cc2CC1,0,IC50,4.72,1,CHEMBL2326489
CCN[C@@H]1Cc2cc3nc(N)sc3cc2C1,1,IC50,6.17,2,CHEMBL2326486
O=C(NCCN1CCC(n2c(=O)[nH]c3cc(Cl)ccc32)CC1)c1ccc(F)cc1,1,IC50,8.15,1,CHEMBL245621
COc1c(O)ccc2c1CN1CCc3cc4c(cc3[C@@H]1C2)OCO4,1,IC50,6.0,3,CHEMBL1457510
COc1cc2c(cc1OC)[C@@H]1Cc3ccc(O)c(OC)c3CN1CC2,0,IC50,4.73,3,CHEMBL448891
CCCN1CCC(c2ccc(OC)cc2)CC1,0,Ki,4.64,2,CHEMBL2048230
COc1ccc2c(c1)CCN1CC[C@@](O)(c3ccc(Cl)cc3)C[C@H]21,0,Ki (>),5.0,1,CHEMBL2335739
COc1ccc2c(c1)CCN1CC[C@](O)(c3ccc(Cl)cc3)C[C@H]21,1,IC50,6.0,2,CHEMBL2335738
COc1cc2c(cc1O)[C@H]1C[C@](O)(c3ccc(Cl)cc3)CCN1CC2,1,IC50,6.42,2,CHEMBL2335741
Cc1cc2c(cc1O)[C@H]1C[C@@](O)(c3ccc(Cl)cc3)CCN1CC2,1,IC50,6.66,2,CHEMBL2335737
Cc1cc2c(cc1O)[C@H]1C[C@](O)(c3ccc(Cl)cc3)CCN1CC2,1,IC50,6.82,2,CHEMBL2331599
COc1cc2c(cc1O)[C@H]1C[C@@](O)(c3ccc(OC(F)(F)F)cc3)CCN1CC2,1,IC50,8.22,2,CHEMBL2335736
OCCN1CCN(CCCN2c3ccccc3Sc3ccc(Cl)cc32)CC1,1,IC50,9.52,1,CHEMBL567
Cc1cc(=O)oc2c(Cl)c(OCCCCN3CCC(c4noc5cc(F)ccc45)CC3)ccc12,1,IC50,7.58,2,CHEMBL2387229
COc1c(C(=O)NCCN2CCN(c3cccc(Cl)c3Cl)CC2)cc(Br)c2ccccc12,0,Ki (>),5.0,1,CHEMBL287198
C=CCN(CC=C)CCc1c[nH]c2ccc(OC)cc12,0,Ki (>),5.0,1,CHEMBL2391541
CC(N)Cc1c[nH]c2ccccc12,0,Ki (>),5.0,1,CHEMBL30713
COc1ccccc1N1CCN(CCCCCN2Cc3ccc4ccccc4c3C2=O)CC1,1,IC50,8.46,1,CHEMBL2392349
COc1ccccc1N1CCN(CCCCn2ncc(=O)n(C)c2=O)CC1,0,Ki (>),5.0,1,CHEMBL2413154
Clc1ccc(N2CCN(Cc3cccs3)CC2)cc1,0,Ki (>),5.0,1,CHEMBL2420776
Fc1ccc(N2CCN(Cc3cccs3)CC2)cc1,0,Ki (>),5.0,1,CHEMBL2420775
Oc1ccccc1N1CCN(Cc2cccs2)CC1,0,Ki (>),5.0,1,CHEMBL2420774
Fc1ccccc1N1CCN(Cc2cccs2)CC1,0,Ki (>),5.0,1,CHEMBL2420770
c1ccc(N2CCN(Cc3cccs3)CC2)cc1,0,Ki (>),5.0,1,CHEMBL2420769
Fc1cccc(CCCN[C@H]2C3C4CC5C6C4CC3C6C52)c1,0,Ki (>),5.0,1,CHEMBL2432050
c1ccc(CCN[C@H]2C3C4CC5C6C4CC3C6C52)cc1,0,Ki (>),5.0,1,CHEMBL2432048
c1cncc(CN[C@H]2C3C4CC5C6C4CC3C6C52)c1,0,Ki (>),5.0,1,CHEMBL2432047
NC1=Nc2ccc(Cl)cc2CN1,0,Ki (>),5.0,1,CHEMBL2436555
COc1ccccc1N1CCN(Cc2cn(-c3ccc(OCCF)cc3)nn2)CC1,0,Ki,4.75,1,CHEMBL2443004
COc1ccccc1N1CCN(Cc2cn([C@@H]3O[C@H](CF)[C@@H](O)[C@H](O)[C@H]3O)nn2)CC1,0,Ki,4.62,2,CHEMBL2443003
COc1ccccc1N1CCN(Cc2cn([C@@H]3O[C@H](CO)[C@@H](O)[C@H](O)[C@H]3F)nn2)CC1,0,Ki,4.64,2,CHEMBL2443002
CN(C)C(=O)N[C@H]1CC[C@@H](CCN2CCc3ccccc3C2)CC1,0,Ki,4.87,1,CHEMBL3085816
CNc1cc(-c2csc(N(C)C(=O)c3ccc(F)cc3)n2)ncn1,0,Ki (>),5.0,1,CHEMBL569270
O=C1CC(CN2CCC(C(=O)c3ccc(F)cc3)CC2)Cc2cc(-c3ccccc3)ccc21,0,Ki (>),5.0,1,CHEMBL3104518
CN1CCc2c(c3cccc4c3n2CCc2ccccc2-4)C1,0,Ki (>),5.0,1,CHEMBL3104093
CN1CCc2c(c3cccc4c3n2Cc2ccccc2C4)C1,0,Ki (>),5.0,1,CHEMBL3104092
COc1ccc2oc(=O)c(CN3CCCC3)cc2c1,0,IC50 (>),4.52,1,CHEMBL3113646
Nc1ccc2oc(=O)c(CN3CCCC3)cc2c1,0,IC50,4.79,1,CHEMBL3113644
O=c1oc2ccc(OC(F)(F)F)cc2cc1CN1CCCC1,0,IC50 (>),4.59,1,CHEMBL3113643
O=c1oc2ccc(C(F)(F)F)cc2cc1CN1CCCC1,0,IC50 (>),4.52,1,CHEMBL3113642
O=c1oc2ccc([N+](=O)[O-])cc2cc1CN1CCCC1,0,IC50 (>),4.52,1,CHEMBL3113641
CCCNCc1cc2ccccc2oc1=O,0,IC50 (>),4.52,1,CHEMBL3113639
Cc1noc2c1C(=O)CC(CN1CCC(C(=O)c3ccc(F)cc3)CC1)C2,0,Ki (>),5.0,1,CHEMBL391984
CN1C(=O)c2ccccc2[S@@+]([O-])c2ccc(C(=O)NCCc3cccs3)cc21,0,Ki (>),4.3,1,CHEMBL3234545
CCc1cc(Cl)c(OC)c(C(=O)NC[C@@H]2CCCN2CC)c1O,0,IC50 (>),5.0,4,CHEMBL8946
O=C1c2ccccc2CC1CCN1CCN(c2ccc(Cl)cc2)CC1,0,Ki (>),5.0,1,CHEMBL3289643
O=Cc1cnn2ccc(OCCCCN3CCN(c4cccc(Cl)c4Cl)CC3)cc12,1,IC50,6.44,6,CHEMBL3287397
O=Cc1cc2cc(OCCCCN3CCN(c4cccc(Cl)c4Cl)CC3)ccn2n1,1,IC50,7.66,4,CHEMBL3287402
O/N=C/c1cnn2ccc(OCCCCN3CCN(c4cccc(Cl)c4Cl)CC3)cc12,1,IC50,8.42,10,CHEMBL3287403
CC(C)(C)[C@]1(O)CCN2C[C@H]3c4ccccc4CCc4cccc(c43)[C@@H]2C1,1,IC50,8.57,5,CHEMBL8514
O=S(=O)(NCCCN1CCN(c2noc3ccccc23)CC1)c1ccc(Cl)c(Cl)c1,0,Ki (>),5.0,1,CHEMBL3289969
O=S(=O)(NCCCN1CCN(c2noc3ccccc23)CC1)c1ccc(F)c(Cl)c1,0,Ki (>),5.0,1,CHEMBL3289971
O=S(=O)(NCCCN1CCN(c2noc3ccccc23)CC1)c1ccc2cc(Cl)ccc2c1,0,Ki (>),5.0,1,CHEMBL3289979
Cc1c(S(=O)(=O)NCCCN2CCN(c3noc4ccccc34)CC2)sc2ccc(F)cc12,0,Ki (>),5.0,1,CHEMBL3289985
O=S(=O)(NCCCN1CCN(c2noc3ccccc23)CC1)c1cccc2scnc12,0,Ki (>),5.0,1,CHEMBL3289988
CCc1ccccc1NC(=O)N1C[C@@H](C)Oc2cc(-c3ccc([C@H]4CC[C@H](CC(=O)O)CC4)cc3)ccc21,0,IC50 (>),5.0,1,CHEMBL3287898
COc1ccccc1N1CCN(CCNC(=O)OC(C)(C)C)CC1,1,IC50,7.03,4,CHEMBL3299093
COc1ccccc1N1CCN(CCCCCCNC(=O)OC(C)(C)C)CC1,1,IC50,8.4,4,CHEMBL3299097
O=C(NCCN1CCC(n2c(=O)[nH]c3ccccc32)C(F)C1)c1ccc(F)c(F)c1,0,IC50 (>),5.0,1,CHEMBL3357315
Cc1nc(N2CCN(CCCCNC(=O)c3cn4ccccc4n3)CC2)cc(C(F)(F)F)n1,0,Ki,4.6,1,CHEMBL3323005
O=C(NCCCCN1CCN(c2cc(C(F)(F)F)nc3ccccc23)CC1)c1cn2ccccc2n1,0,Ki,4.87,3,CHEMBL3322999
O=C(NCCCCN1CCN(c2ccnc3ccccc23)CC1)c1cn2ccccc2n1,1,IC50,6.79,4,CHEMBL3322998
O=C(NCCCCN1CCN(c2cccc(C(F)(F)F)c2)CC1)c1cn2ccccc2n1,1,IC50,7.22,2,CHEMBL3322995
O=C(NCCCCN1CCN(c2cccc(Cl)c2Cl)CC1)c1cn2ccccc2n1,1,IC50,8.96,4,CHEMBL3322994
COc1ccccc1N1CCN(CCCCNC(=O)c2cn3ccccc3n2)CC1,1,IC50,8.18,3,CHEMBL3322993
CC(C)(C)c1nc(N2CCN(CCCCNC(=O)c3cn4ccccc4n3)CC2)cc(C(F)(F)F)n1,1,IC50,6.96,7,CHEMBL3323011
CN(C)Cc1c(C(=O)NCCCCN2CCN(c3cc(C(F)(F)F)nc(C(C)(C)C)n3)CC2)nc2ccccn12,1,IC50,6.66,6,CHEMBL3323112
CN(C)Cc1cccc2nc(C(=O)NCCCCN3CCN(c4cc(C(F)(F)F)nc(C(C)(C)C)n4)CC3)cn12,1,IC50,6.55,6,CHEMBL3323114
CC(C)(C)c1nc(N2CCN(CCCCNC(=O)c3nc4ccccc4[nH]3)CC2)cc(C(F)(F)F)n1,1,IC50,6.52,3,CHEMBL3323013
CC(C)(C)c1nc(N2CCN(CCCCNC(=O)c3cn4cccnc4n3)CC2)cc(C(F)(F)F)n1,1,IC50,7.43,5,CHEMBL3323015
CC(C)(C)c1nc(N2CCN(CCCCNC(=O)c3cn4ccncc4n3)CC2)cc(C(F)(F)F)n1,1,IC50,7.6,6,CHEMBL3323016
O=C(NCCCCN1CCN(c2ncnc3ccccc23)CC1)c1cn2ccccc2n1,1,IC50,6.61,1,CHEMBL3323003
CC(C)(C)c1nc(N2CCN(CCCCNC(=O)c3cc4ccccc4[nH]3)CC2)cc(C(F)(F)F)n1,1,IC50,6.38,2,CHEMBL3323012
CC(C)(C)c1nc(N2CCN(CCCCNC(=O)c3cn4nc(Cl)ccc4n3)CC2)cc(C(F)(F)F)n1,1,IC50,7.66,4,CHEMBL3323017
CN(C)Cc1c(C(=O)NCCCCN2CCN(c3cc(C(F)(F)F)nc(C(C)(C)C)n3)CC2)[nH]c2ccccc12,1,IC50,6.51,2,CHEMBL3323019
COc1ccc(S(=O)(=O)Nc2c(C)cc(C)cc2C)cc1,0,IC50 (>),4.52,2,CHEMBL3311308
CCCCc1cc2c(s1)C[C@H]1c3cc(O)c(OC)cc3CCN1C2,1,IC50,6.04,2,CHEMBL3344458
COc1cc2c(cc1O)[C@@H]1Cc3sc(CC(C)C)cc3CN1CC2,1,IC50,6.8,2,CHEMBL3344459
c1ccc(CCC2CN(Cc3nc4ccccc4[nH]3)CCO2)cc1,0,IC50 (>),4.0,2,CHEMBL3335535
c1ccc(CC[C@H]2CN(Cc3nc4ccccc4[nH]3)CCO2)cc1,0,IC50 (>),4.0,2,CHEMBL3335536
c1ccc(CC[C@@H]2CN(Cc3nc4ccccc4[nH]3)CCO2)cc1,0,IC50 (>),4.0,3,CHEMBL3335537
COc1ccc(CN2CCOC(CCc3ccccc3)C2)cc1,0,IC50,4.78,1,CHEMBL3335539
Oc1ccc(CN2CCO[C@H](CCc3ccccc3)C2)cc1,0,IC50,4.78,1,CHEMBL3335555
NCCCC[C@H](NC(=O)[C@H](Cc1ccc(F)c(F)c1)NC(=O)[C@H]1CCCN1C(=O)CCCCCNC(=O)[C@@H]1CC[C@H]2c3[nH]c4ccccc4c3CCN2C1)C(N)=O,0,Kd,6.4,2,CHEMBL3423411
CCCC[C@H](NC(=O)CCCCCNC(=O)[C@H]1CC[C@@H]2c3[nH]c4ccccc4c3CCN2C1)C(=O)N[C@@H](Cc1ccc(F)cc1)C(=O)N1C[C@@H](N)C[C@H]1C(N)=O,0,Kd,6.3,2,CHEMBL3423408
CCCC[C@H](NC(=O)[C@H]1CC[C@@H]2c3[nH]c4ccccc4c3CCN2C1)C(=O)N[C@@H](Cc1c[nH]c2ccccc12)C(=O)N[C@@H](CCCCN)C(N)=O,0,Kd,6.05,2,CHEMBL3423406
CCCC[C@H](NC(=O)CCCCCNC(=O)[C@H]1CC[C@@H]2c3[nH]c4ccccc4c3CCN2C1)C(=O)N[C@@H](Cc1c[nH]c2ccccc12)C(=O)N1C[C@@H](N)C[C@H]1C(N)=O,0,Kd,6.22,2,CHEMBL3423405
OC(CCn1cc(-c2ccc3ccccc3c2)nn1)CN1CCN(c2cccc(Cl)c2Cl)CC1,0,Ki,4.73,1,CHEMBL3588995
OC(CCn1cc(-c2ccc(-c3ccccc3)cc2)nn1)CN1CCN(c2cccc(Cl)c2Cl)CC1,0,Ki,4.82,1,CHEMBL3588996
O=C(NCCCCN1CCN(c2cccc3ccccc23)CC1)c1cc2ccccc2[nH]1,1,IC50,7.06,3,CHEMBL3597643
O=C(NCCCCN1CCN(c2cccc(Cl)c2Cl)CC1)c1cc2cc(F)ccc2[nH]1,1,IC50,6.25,3,CHEMBL68740
O=C(NCCCCN1CCN(c2cccc3ccccc23)CC1)c1cnc2ccccc2c1,1,IC50,7.54,3,CHEMBL3597635
O=C(NCCC(O)CN1CCN(c2cccc3ccccc23)CC1)c1cnc2ccccc2c1,1,IC50,6.14,3,CHEMBL3597636
COc1c(Cl)cccc1N1CCN(CCCCNC(=O)c2cnc3ccccc3c2)CC1,1,IC50,7.2,2,CHEMBL3597637
COc1cc2ncnc(Nc3cccc(Cl)c3F)c2cc1OC(=O)N1CCN(C)C[C@H]1C,1,IC50,6.1,1,CHEMBL3623290
CC(C)(C)Oc1ccc(C(=O)N[C@H]2CC[C@H](CCN3CCC(c4cccc5c4CCO5)CC3)CC2)cc1,0,Ki (>),2.0,1,CHEMBL3695441
CC(C)(C)c1ccc(C(=O)N[C@H]2CC[C@H](CCN3CCC(c4cccc5c4CCO5)CC3)CC2)cc1,0,Ki (>),2.0,1,CHEMBL3695424
Clc1ccc(N2CCN(CCCCNc3noc(-c4ccccc4)n3)CC2)cc1,0,Ki,4.1,1,CHEMBL3739820
O=C(NCCCCN1CCN(c2ccc(Cl)cc2Cl)CC1)c1cc2ccccc2[nH]1,0,Ki (>),4.62,2,CHEMBL339960;CHEMBL4287055
O=C(NCCCCN1CCN(c2ccc(Cl)cc2)CC1)c1ccc2ccccc2c1,0,Ki,4.92,1,CHEMBL3758920
Cc1ncoc1-c1nnc(SCCCN2CCOC(c3ccc(F)cc3)C2)n1C,0,Ki (>),5.0,3,CHEMBL3765754
Cc1ncoc1-c1nnc(SCCCN2CCOC(c3ccc(C(F)(F)F)cc3)C2)n1C,0,Ki,4.9,1,CHEMBL3764557
Cc1ncoc1-c1nnc(SCCCCN2CCOC(c3ccc(C(F)(F)F)cc3)C2)n1C,0,Ki (>),5.0,3,CHEMBL3763418
Cc1ncoc1-c1nnc(SCCCN2CCOC(c3ccc(Br)cc3)C2)n1C,0,Ki,4.82,2,CHEMBL3764833
Cn1cncc1-c1nnc(SCCCN2CCOC(c3ccc(C(F)(F)F)cc3)C2)n1C,0,Ki (>),5.0,1,CHEMBL3764251
Cn1c(SCCCN2CCOC(c3ccc(C(F)(F)F)cc3)C2)nnc1-c1ccncc1,0,Ki,4.93,2,CHEMBL3763200
Cn1c(SCCCN2CCOC(c3ccc(C(F)(F)F)cc3)C2)nnc1-c1cccnc1,0,Ki,4.83,2,CHEMBL3764612
Cn1c(SCCCN2CCOC(c3ccc(C(F)(F)F)cc3)C2)nnc1-c1ccc(C(N)=O)nc1,0,Ki,4.61,2,CHEMBL3764306
Cn1c(SCCCN2CCOC(c3ccc(C(F)(F)F)cc3)C2)nnc1-c1cncc(C(N)=O)c1,0,Ki,4.8,1,CHEMBL3765422
Cn1c(SCCCN2CCOC(c3ccc(C(F)(F)F)cc3)C2)nnc1-c1ccc(C(N)=O)cc1,0,Ki,4.96,2,CHEMBL3765426
Cn1c(SCCCN2CCOC(c3ccc(C(F)(F)F)cc3)C2)nnc1-c1cccc(C(N)=O)c1,0,Ki,4.82,2,CHEMBL3764212
CC(=O)c1ccc(-c2nnc(SCCCN3CCOC(c4ccc(C(F)(F)F)cc4)C3)n2C)cc1,0,Ki,4.7,2,CHEMBL3765267
Cn1c(SCCCN2CCOC(c3ccc(C(F)(F)F)cc3)C2)nnc1-c1ccc(S(N)(=O)=O)cc1,0,Ki (>),4.5,2,CHEMBL3764830
Cn1c(SCCCN2CCOC(c3ccc(C(F)(F)F)cc3F)C2)nnc1-c1ccc(C(N)=O)cc1,0,Ki,4.84,2,CHEMBL3764597
Cn1c(SCCCN2CCOC(c3ccc(C(F)(F)F)cc3)C2)nnc1-c1ccc(-c2ncco2)cc1,0,Ki,4.8,1,CHEMBL3764143
Cn1c(SCCCN2CCOC(c3ccc(C(F)(F)F)cc3)C2)nnc1-c1ccc(-c2nnco2)cc1,0,Ki,4.91,2,CHEMBL3765285
Cc1nc(-c2ccc(-c3nnc(SCCCN4CCOC(c5ccc(C(F)(F)F)cc5)C4)n3C)cc2)no1,0,Ki (>),5.0,2,CHEMBL3765266
Cc1ccc(C2CN(CCCSc3nnc(-c4ccc(-c5noc(C)n5)cc4)n3C)CCO2)cc1,0,Ki,4.6,3,CHEMBL3764246
CCN(CCc1ccc(O)c(OC)c1)Cc1cccc(O)c1OC,0,Ki (>),5.0,1,CHEMBL3780812
COc1cc(CCN(C)Cc2cccc(O)c2OC)ccc1O,0,Ki (>),5.0,1,CHEMBL3780438
Fc1ccc2c(CN3CCO[C@H](COc4cccc(Cl)n4)C3)c[nH]c2c1,0,Ki (>),5.0,2,CHEMBL3792751
Clc1ccc(CN2CCO[C@H](CSc3ccccc3)C2)cc1,0,Ki (>),5.0,2,CHEMBL3792731
Cc1ccc(CN2CCO[C@H](CSc3ccccc3)C2)cc1C,0,Ki (>),5.0,2,CHEMBL3794079
CN(CCCCNC(=O)c1cc2ccccc2o1)[C@@H]1Cc2cccc3[nH]c(=O)n(c23)C1,0,Ki,7.81,8,CHEMBL3800633
CCCN(CCC)[C@@H]1Cc2cccc3c2n(c(=O)n3CCC)C1,1,IC50,7.0,11,CHEMBL3797209
N[C@@H]1Cc2cccc3[nH]c(=O)n(c23)C1,0,Ki,6.94,4,CHEMBL3799271
CC(C)NCC(O)c1ccc(O)c(O)c1,0,Ki,4.92,2,CHEMBL434
COc1ccc(CC(C)NCC(O)c2ccc(O)c(NC=O)c2)cc1,0,Ki,4.89,1,CHEMBL1256786
CCC(NC(C)C)C(O)c1ccc(O)c2[nH]c(=O)ccc12,0,Ki,4.07,1,CHEMBL160519
OCc1cc(C(O)CNCCCCCCOCCCCc2ccccc2)ccc1O,0,Ki,4.5,1,CHEMBL1263
CNC(=O)c1cc(OCCCCN2CCC(c3noc4cc(F)ccc34)CC2)ccc1F,1,IC50,7.64,1,CHEMBL3805518
CNC(=O)c1cccc(OCCCCN2CCC(c3noc4cc(F)ccc34)CC2)c1,1,IC50,8.07,1,CHEMBL3805559
CNC(=O)c1ccc(OCCCCN2CCN(c3cccc(Cl)c3Cl)CC2)cc1,1,IC50,7.16,1,CHEMBL3805376
CNC(=O)c1ccccc1OCCCCN1CCN(c2cccc(Cl)c2Cl)CC1,1,IC50,6.78,1,CHEMBL3804954
CC(=O)Nc1cccc(OCCCCN2CCN(c3cccc(Cl)c3Cl)CC2)c1,1,IC50,7.01,1,CHEMBL3805600
CNC(=O)c1cccc(OCCCCN2CCN(c3nsc4ccccc34)CC2)c1,1,IC50,8.0,1,CHEMBL3805860
CNC(=O)c1cc(OCCCCN2CCN(c3nsc4ccccc34)CC2)ccc1F,1,IC50,7.92,1,CHEMBL3805099
CNC(=O)c1cccc(OCCCCN2CCN(c3cccc4sccc34)CC2)c1,1,IC50,7.04,1,CHEMBL3805704
CNC(=O)c1cc(OCCCCN2CCN(c3cccc4sccc34)CC2)ccc1F,1,IC50,7.37,1,CHEMBL3805649
CNC(=O)c1cccc(OCCCCN2CCN(c3cccc4c3OC(F)(F)O4)CC2)c1,1,IC50,8.39,1,CHEMBL3805165
CNC(=O)c1cc(OCCCCN2CCN(c3cccc4c3OC(F)(F)O4)CC2)ccc1F,1,IC50,7.52,1,CHEMBL3804965
CNC(=O)c1cccc(OCCCCN2CCN(c3cccc(Cl)c3Cl)CC2)c1,1,IC50,7.5,1,CHEMBL3805077
NC(=O)c1cccc(OCCCCN2CCN(c3cccc(Cl)c3Cl)CC2)c1,1,IC50,7.26,1,CHEMBL3806169
CCNC(=O)c1cccc(OCCCCN2CCN(c3cccc(Cl)c3Cl)CC2)c1,1,IC50,6.94,1,CHEMBL3805772
CCCCCNC(=O)c1cccc(OCCCCN2CCN(c3cccc(Cl)c3Cl)CC2)c1,1,IC50,7.78,1,CHEMBL3805826
CNC(=O)c1cc(OCCCCN2CCN(c3cccc(Cl)c3Cl)CC2)ccc1C,1,IC50,8.01,1,CHEMBL3805120
CNC(=O)c1cc(OCCCCN2CCN(c3cccc(Cl)c3Cl)CC2)ccc1F,1,IC50,7.41,1,CHEMBL3805884
CNC(=O)c1ccc(OC)c(OCCCCN2CCN(c3cccc(Cl)c3Cl)CC2)c1,1,IC50,7.92,1,CHEMBL3804943
CNC(=O)c1cc(OCCCCN2CCN(c3cccc(Cl)c3Cl)CC2)ccc1Cl,1,IC50,7.46,1,CHEMBL3806224
CNC(=O)c1cc(C)cc(OCCCCN2CCN(c3cccc(Cl)c3Cl)CC2)c1,1,IC50,7.05,1,CHEMBL3806047
CNC(=O)c1cc(OCCCCN2CCN(c3cccc(Cl)c3Cl)CC2)cc(C(C)=O)c1,1,IC50,7.42,1,CHEMBL3805434
CNC(=O)c1ccc(Cl)c(OCCCCN2CCN(c3cccc(Cl)c3Cl)CC2)c1,1,IC50,7.23,1,CHEMBL3805327
CNC(=O)c1cccc(OCCCCN2CCN(c3cccc(Cl)c3Cl)CC2)c1OC,1,IC50,6.7,1,CHEMBL3805515
CNC(=O)c1cccc(OCCCCN2CCN(c3cccc(Cl)c3Cl)CC2)c1F,1,IC50,6.77,1,CHEMBL3805046
O=C1c2ccccc2C(=O)N1CCCCN1CCC2CCCCC2C1,0,Ki (>),5.0,1,CHEMBL3817911
Cc1ncoc1-c1nnc(SCCCN2CC[C@]3(C[C@@H]3c3ccccc3)C2)n1C,0,Ki,6.14,3,CHEMBL3913062
CCCCN1C2CCC1CC(OC(c1ccc(F)cc1)c1ccc(F)cc1)C2,0,IC50 (>),5.0,2,CHEMBL11493
CC(O)CN1CCN(CCSC(c2ccc(F)cc2)c2ccc(F)cc2)CC1,0,IC50 (>),5.0,3,CHEMBL3916231
CC(O)CN1CCN(CC[S+]([O-])C(c2ccc(F)cc2)c2ccc(F)cc2)CC1,0,IC50 (>),5.0,3,CHEMBL3931765
[O-][S+](CCN1CCN(CC(O)Cc2ccccc2)CC1)C(c1ccc(F)cc1)c1ccc(F)cc1,0,IC50 (>),5.0,3,CHEMBL3918282
CN1CC[C@H]2CC(=O)[C@H](Cc3ccccc3)[C@H]3CCC[C@@H]1[C@H]23,0,Ki (>),5.0,1,CHEMBL3936289
CCCN1CC[C@H]2c3cc4ccc(C(F)(F)F)cc4nc3[C@H](CC)[C@H]3CCC[C@@H]1[C@@H]32,0,Ki (>),5.0,1,CHEMBL3897499
CN[C@@H]1c2ccc3c(ccn3S(=O)(=O)c3ccccc3)c2[C@@H]1CCO,0,Ki (>),5.0,1,CHEMBL3908917
CN[C@H]1c2ccc3c(ccn3S(=O)(=O)c3ccccc3)c2[C@@H]1CCO,0,Ki (>),5.0,1,CHEMBL3979230
CN[C@H]1c2c(ccc3c2ccn3S(=O)(=O)c2ccccc2)[C@H]1CCO,0,Ki (>),5.0,1,CHEMBL3895173
CN[C@H]1c2c(ccc3c2ccn3S(=O)(=O)c2ccccc2)[C@@H]1CCO,0,Ki,4.8,1,CHEMBL3966484
CN[C@@H]1c2cc3ccn(S(=O)(=O)c4ccccc4)c3cc2[C@H]1CCO,0,Ki,4.8,1,CHEMBL3890882
CN[C@@H]1c2cc3c(ccn3S(=O)(=O)c3ccccc3)cc2[C@@H]1CCO,0,Ki (>),5.0,1,CHEMBL3971039
CN(C)[C@H]1c2cc3ccn(S(=O)(=O)c4ccccc4)c3cc2[C@H]1CCO,0,Ki (>),5.0,1,CHEMBL3916787
O=S(=O)(c1ccccc1)n1ccc2cc3c(cc21)[C@H]1CCNCC[C@@H]31,0,Ki (>),5.0,1,CHEMBL3938498
O=C(N[C@H]1CC[C@H](CCN2CCN(c3nsc4ccccc34)CC2)CC1)c1ccco1,1,IC50,7.21,5,CHEMBL3946995
CC1=C(CO)Oc2cccc3c2c1cn3S(=O)(=O)c1cccc2ccccc12,0,Ki (>),5.0,1,CHEMBL4090862
CC1=C(CO)Oc2cccc3c2c1cn3S(=O)(=O)c1ccccc1,0,Ki (>),5.0,1,CHEMBL4096141
O=S(=O)(c1ccccc1)n1cc2c3c(cccc31)OC(CO)=C2,0,Ki (>),5.0,1,CHEMBL4088416
N#CC1=Cc2cn(S(=O)(=O)c3cccc4ccccc34)c3cccc(c23)O1,0,Ki (>),5.0,1,CHEMBL4103891
CCCN(CCC)[C@@H]1Cc2cccc3c2n(c(=O)n3CCCCNC(=O)c2cc3ccccc3[nH]2)C1,1,IC50,6.15,6,CHEMBL4068455
CN[C@@H]1Cc2cccc3c2n(c(=O)n3CCCCCCCCCCOCCCCc2ccccc2)C1,1,IC50,6.1,3,CHEMBL4076129
COc1ccccc1N1CCC2(CCN(CCCSc3nnc(-c4ccccc4)n3C)CC2)CC1,0,Ki,4.96,2,CHEMBL4084262
COc1ccccc1N1CCC12CCN(CCCSc1nnc(-c3ccccc3)n1C)CC2,0,Ki,4.53,1,CHEMBL4092015
COc1ccccc1N1CC2(CCN(CCCSc3nnc(-c4ccccc4)n3C)CC2)C1,0,Ki,4.42,1,CHEMBL4071189
COc1ccccc1N1CCC2(CN(CCCSc3nnc(-c4ccccc4)n3C)C2)C1,0,Ki,4.22,1,CHEMBL4089290
Cn1c(SCCCN2CC3(CCN3c3ccc(F)cc3)C2)nnc1-c1ccccc1,0,Ki (>),3.96,1,CHEMBL4098399
COc1ccccc1N1CC2(CN(CCCSc3nnc(-c4ccccc4)n3C)C2)C1,0,Ki,4.67,1,CHEMBL4077251
Cn1c(SCCCN2CCC3(CC2)CCN(c2ccccn2)CC3)nnc1-c1ccccc1,0,Ki,4.08,1,CHEMBL4076527
Cn1c(SCCCN2CCC3(CC2)CCN(c2cccc(C#N)c2)CC3)nnc1-c1ccccc1,0,Ki,4.24,1,CHEMBL4076086
COc1ccccc1N1CCN(CCCSc2nnc(-c3ccccc3)n2C)CC1,1,IC50,6.48,5,CHEMBL4083252
COc1ccccc1OCCNCC1COCC(c2ccccc2)(c2ccccc2)O1,0,Ki,7.91,2,CHEMBL2312227
Cc1nc2c(O)cccn2c(=O)c1CCN1CCN(c2cccc3sccc23)CC1,1,IC50,7.57,2,CHEMBL4102561
Cc1nc2n(c(=O)c1CCN1CCN(c3cccc4sccc34)CC1)CCC=C2,1,IC50,8.03,2,CHEMBL4074326;CHEMBL4116465
Cc1nc2ccccn2c(=O)c1CCN1CCN(c2cccc3sccc23)CC1,1,IC50,8.48,1,CHEMBL4094825
Cc1nc2n(c(=O)c1CCN1CCN(c3cccc4sccc34)CC1)CCCC2(C)O,1,IC50,7.5,1,CHEMBL4065710
Cc1nc2n(c(=O)c1CCN1CCN(c3cccc4sccc34)CC1)CCCC2(F)F,1,IC50,8.46,2,CHEMBL4087132;CHEMBL4116744
Cc1nc2n(c(=O)c1CCN1CCN(c3cccc4sccc34)CC1)CCCC2=O,1,IC50,7.39,2,CHEMBL4103509
Cc1nc2n(c(=O)c1CCN1CCN(c3cccc4sccc34)CC1)CCCC2Cl,1,IC50,8.26,2,CHEMBL4079251
Cc1nc2n(c(=O)c1CCN1CCN(c3cccc4sccc34)CC1)CCCC2F,1,IC50,8.48,2,CHEMBL4104261
Cc1nc2n(c(=O)c1CCN1CCN(c3nsc4ccccc34)CC1)CCCC2(C)O,1,IC50,8.62,1,CHEMBL4061068
Cc1nc2n(c(=O)c1CCN1CCN(c3nsc4ccccc34)CC1)CCCC2(F)F,1,IC50,8.28,1,CHEMBL4062992
Cc1nc2n(c(=O)c1CCN1CCN(c3nsc4ccccc34)CC1)CCCC2=O,1,IC50,8.12,1,CHEMBL4084663
Cc1nc2n(c(=O)c1CCN1CCN(c3nsc4ccccc34)CC1)CCCC2Cl,1,IC50,8.08,1,CHEMBL4101115
Cc1nc2n(c(=O)c1CCN1CCN(c3nsc4ccccc34)CC1)CCCC2F,1,IC50,8.11,1,CHEMBL4074373
Cc1ccc(Sc2ccccc2N2CCN(CCc3c(C)nc4n(c3=O)CCCC4O)CC2)c(C)c1,1,IC50,6.06,1,CHEMBL4082150
Cc1nc2n(c(=O)c1CCN1CCN(c3cccc4c3OC(F)(F)O4)CC1)CCCC2O,1,IC50,7.57,1,CHEMBL4100152
Cc1nc2n(c(=O)c1CCN1CCN(c3cccc4c3OC(F)(F)O4)CC1)CCCC2,1,IC50,7.44,1,CHEMBL4077006
Cc1nc2n(c(=O)c1CCN1CCN(c3cncc4sccc34)CC1)CCCC2O,1,IC50,6.02,2,CHEMBL4091554
Cc1nc2n(c(=O)c1CCN1CCN(c3nccc4sccc34)CC1)CCCC2O,1,IC50,7.7,1,CHEMBL4097395
Cc1nc2n(c(=O)c1CCN1CCN(c3nccc4sccc34)CC1)CCCC2,1,IC50,7.42,1,CHEMBL4079365
Cc1nc2n(c(=O)c1CCN1CCN(c3cccc4scnc34)CC1)CCCC2O,0,IC50 (>),5.0,1,CHEMBL4105102
Cc1nc2n(c(=O)c1CCN1CCN(c3cccc4c3CCS4)CC1)CCCC2O,1,IC50,7.93,2,CHEMBL4087246
Cc1nc2n(c(=O)c1CCN1CCN(c3csc4ccsc34)CC1)CCCC2O,1,IC50,6.8,1,CHEMBL4067506
Cc1nc2n(c(=O)c1CCN1CCC(c3cccc4sccc34)CC1)CCCC2O,1,IC50,7.12,2,CHEMBL4094926
Cc1nc2n(c(=O)c1CCN1CCC(c3cccc4sccc34)CC1)CCCC2,1,IC50,7.98,2,CHEMBL4078409;CHEMBL4117823
Cc1nc2n(c(=O)c1CCN1CCN(c3cccc4sccc34)CC1)CCCC2O,1,IC50,8.48,4,CHEMBL4102670
Cc1nc2n(c(=O)c1CCN1CCN(c3cccc4sccc34)CC1)CCCC2,1,IC50,8.58,2,CHEMBL4083333
Cc1nc2n(c(=O)c1CCN1CCN(c3nsc4ccccc34)CC1)CCCC2O,1,IC50,8.29,1,CHEMBL4060678
Cc1nc2n(c(=O)c1CCN1CCN(c3noc4cc(F)ccc34)CC1)CCCC2O,1,IC50,8.02,1,CHEMBL4098594
Cc1nc2n(c(=O)c1CCN1CCC(c3noc4cc(F)ccc34)CC1)CCCC2O,1,IC50,8.08,2,CHEMBL1621
Cc1nc2n(c(=O)c1CCN1CCC(c3noc4cc(F)ccc34)CC1)CCCC2(C)O,1,IC50,7.1,1,CHEMBL4082084
Cc1nc2n(c(=O)c1CCN1CCC(c3noc4cc(F)ccc34)CC1)CCCC2(F)F,1,IC50,8.3,1,CHEMBL4096467
Cc1nc2n(c(=O)c1CCN1CCC(c3noc4cc(F)ccc34)CC1)CCCC2=O,1,IC50,8.04,1,CHEMBL4077702
Cc1nc2n(c(=O)c1CCN1CCC(c3noc4cc(F)ccc34)CC1)CCCC2Cl,1,IC50,8.54,1,CHEMBL4090872
Cc1nc2n(c(=O)c1CCN1CCC(c3noc4cc(F)ccc34)CC1)CCCC2F,1,IC50,8.21,1,CHEMBL4062936
O=C1COc2c(N3CCCNCC3)ccc(O)c2N1,0,Ki,4.85,1,CHEMBL4072785
CCCN1CCN(c2ccc(O)c3c2OCCO3)CC1,0,Ki (>),4.82,1,CHEMBL4094900
N#Cc1ccc2c(c1)CCNC2,0,Ki,4.27,1,CHEMBL4076796
N#Cc1ccc2c(c1)CNCC2,0,Ki,4.94,1,CHEMBL27162
CCCC(C)NC(=O)c1cc2ccccc2[nH]1,0,Ki (>),4.52,1,CHEMBL4100358
CC(C)NC(=O)c1cc2ccccc2[nH]1,0,Ki (>),4.0,1,CHEMBL4073520
O=C(NCC1CC1)c1cc2ccccc2[nH]1,0,Ki (>),4.0,1,CHEMBL4092619
CCCC(CCC)NC(=O)c1cc2ccccc2[nH]1,0,Ki,4.87,1,CHEMBL4064919
Clc1ccccc1OCCCCN1CCNCC1,0,Ki (>),5.0,1,CHEMBL1625084
CCN1CCN(CCCNC(=O)c2ccc(F)cc2Cl)CC1,0,Ki (>),5.0,1,CHEMBL4166021
CN1CCN(CCCCNC(=O)c2cn3ccccc3n2)CC1,0,Ki (>),5.0,1,CHEMBL4173260
CC(=O)N1CCc2cc(C(=O)NCCCN3CCN(C)CC3)ccc21,0,Ki (>),5.0,1,CHEMBL4162575
CN1CCN(c2ccccc2CNC(=O)c2ccccc2Cl)CC1,0,Ki (>),5.0,1,CHEMBL4169834
Cc1ccc(-c2cc(C(=O)NCCCCN3CCOCC3)n[nH]2)s1,0,Ki (>),5.0,1,CHEMBL4159188
Cc1cccc(N2CCN(CCNc3cncc(Cl)n3)CC2)c1,0,Ki (>),5.0,1,CHEMBL4165881
O=C(CCN1CCN(Cc2ccccc2)CC1)Nc1nccs1,0,Ki (>),5.0,1,CHEMBL1712377
COC(=O)c1ccc(-c2nc(CN(C)C[C@@H]3Cc4ccccc4O3)c(C)o2)cc1,0,Ki (>),5.0,1,CHEMBL4159365
CO[C@@H]1CCCN(Cc2nc(-c3cccc(Oc4ccccc4)c3)oc2C)C1,0,Ki (>),5.0,1,CHEMBL4170001
Cc1oc(-c2cccc(F)c2F)nc1CN(C)C[C@@H]1Cc2ccccc2O1,0,Ki (>),5.0,1,CHEMBL4175327
Cc1ccc(-c2nc(CN(C)C[C@@H]3Cc4ccccc4O3)c(C)o2)s1,0,Ki (>),5.0,1,CHEMBL4171581
CC(C)(C)c1nc(CN2CCN(Cc3ccccn3)CC2)cs1,0,Ki (>),5.0,1,CHEMBL4164366
CNC(=O)c1cc(OCCCCN2CCC(c3noc4cc(F)ccc34)CC2)ccn1,1,IC50,7.22,1,CHEMBL4210030
CCNC(=O)c1cc(OCCCCN2CCC(c3noc4cc(F)ccc34)CC2)ccn1,1,IC50,7.42,1,CHEMBL4210637
O=C(NC1CC1)c1cc(OCCCCN2CCC(c3noc4cc(F)ccc34)CC2)ccn1,1,IC50,7.27,1,CHEMBL4212622
CNC(=O)c1cc(OCCCCN2CCN(c3nsc4ccccc34)CC2)ccn1,1,IC50,7.94,1,CHEMBL4213342
NC(=O)c1cc(OCCCCN2CCN(c3nsc4ccccc34)CC2)ccn1,1,IC50,7.37,1,CHEMBL4217986
O=C(NC1CC1)c1cc(OCCCCN2CCN(c3nsc4ccccc34)CC2)ccn1,1,IC50,7.19,1,CHEMBL4202871
CNC(=O)c1cc(OCCCCN2CCN(c3cccc(Cl)c3Cl)CC2)ccn1,1,IC50,7.58,1,CHEMBL4214528
CNC(=O)c1cc(OCCCCN2CCN(c3cccc4sccc34)CC2)ccn1,1,IC50,7.62,1,CHEMBL4209188
CNC(=O)c1cc(OCCCCN2CCN(c3cccc4sc(F)cc34)CC2)ccn1,1,IC50,8.1,1,CHEMBL4217182
CNC(=O)c1cncc(OCCCCN2CCC(c3noc4cc(F)ccc34)CC2)c1,1,IC50,6.91,1,CHEMBL4213586
CCNC(=O)c1cncc(OCCCCN2CCC(c3noc4cc(F)ccc34)CC2)c1,1,IC50,7.23,1,CHEMBL4218526
O=C(NC1CC1)c1cncc(OCCCCN2CCC(c3noc4cc(F)ccc34)CC2)c1,1,IC50,7.37,1,CHEMBL4217039
CNC(=O)c1cncc(OCCCCN2CCN(c3nsc4cc(F)ccc34)CC2)c1,1,IC50,7.07,1,CHEMBL4205326
CNC(=O)c1ccnc(OCCCCN2CCC(c3noc4cc(F)ccc34)CC2)c1,1,IC50,6.52,1,CHEMBL4204832
CCNC(=O)c1ccnc(OCCCCN2CCC(c3noc4cc(F)ccc34)CC2)c1,1,IC50,7.18,1,CHEMBL4209705
O=C(NC1CC1)c1ccnc(OCCCCN2CCC(c3noc4cc(F)ccc34)CC2)c1,1,IC50,7.29,1,CHEMBL4210128
CNC(=O)c1ccnc(OCCCCN2CCN(c3nsc4cc(F)ccc34)CC2)c1,1,IC50,7.05,1,CHEMBL4215048
CNC(=O)c1cccc(OCCCCN2CCC(c3noc4cc(F)ccc34)CC2)n1,1,IC50,8.03,1,CHEMBL4205772
CNC(=O)c1cccc(OCCCCN2CCN(c3nsc4cc(F)ccc34)CC2)n1,1,IC50,7.94,1,CHEMBL4214642
CNC(=O)c1cccc(OCCCCN2CCN(c3cccc(Cl)c3Cl)CC2)n1,1,IC50,7.29,1,CHEMBL4207328
CNC(=O)c1cccc(OCCCCN2CCN(c3cccc4sccc34)CC2)n1,1,IC50,7.07,1,CHEMBL4202443
CNC(=O)c1cccc(OCCCCN2CCN(c3ccc4ccsc4c3)CC2)n1,1,IC50,6.38,1,CHEMBL4211473
COc1ccccc1N1CCN(CCOCCOc2c(C)cc(C)cc2C)CC1,1,IC50,7.09,2,CHEMBL4207653
COc1ccccc1N1CCN(CCOCCOc2cc(C)cc(C)c2C)CC1,1,IC50,7.11,2,CHEMBL4213352
COc1ccccc1N1CCN(CCCOc2ccc(C)cc2C)CC1,1,IC50,7.75,2,CHEMBL4209888
CCCCCN1CCC(c2cccc(O)c2)C1,0,Ki (>),5.0,1,CHEMBL4228054
O=C1[C@@H]2[C@H]3CC[C@H](C3)[C@@H]2C(=O)N1CCCCN1CCC(c2noc3cc(F)ccc23)CC1,1,IC50,8.32,1,CHEMBL4280940
O=C1[C@@H]2[C@H]3CC[C@H](C3)[C@@H]2C(=O)N1CCCCN1CCN(c2ccc3ccsc3c2)CC1,1,IC50,7.1,1,CHEMBL4292250
O=C1[C@@H]2[C@H]3CC[C@H](C3)[C@@H]2C(=O)N1CCCCN1CCN(c2cccc3sccc23)CC1,1,IC50,8.21,1,CHEMBL4284346
O=C1[C@@H]2[C@H](C(=O)N1CCCCN1CCN(c3cccc4sccc34)CC1)[C@H]1C=C[C@@H]2C1,1,IC50,8.19,1,CHEMBL4277101
O=C1[C@@H]2[C@H](C(=O)N1CCCCN1CCN(c3cccc4scnc34)CC1)[C@H]1C=C[C@@H]2C1,1,IC50,8.02,1,CHEMBL4287752
O=C1[C@@H]2[C@H](C(=O)N1CCCCN1CCN(c3cccc4sc(F)cc34)CC1)[C@H]1C=C[C@@H]2C1,1,IC50,8.6,1,CHEMBL4289238
O=C1[C@@H]2[C@H](C(=O)N1CCCCN1CCN(c3cccc4ccsc34)CC1)[C@H]1C=C[C@@H]2C1,1,IC50,8.28,1,CHEMBL4278581
O=C1[C@@H]2[C@H](C(=O)N1CCCCN1CCN(c3cccc4c3OCCO4)CC1)[C@H]1C=C[C@@H]2C1,1,IC50,8.01,1,CHEMBL4285839
O=C1[C@@H]2[C@H](C(=O)N1CCCCN1CCN(c3cccc4c3OC(F)(F)O4)CC1)[C@H]1C=C[C@@H]2C1,1,IC50,8.7,1,CHEMBL4293718
O=C1[C@@H]2[C@H](C(=O)N1CCCCN1CCN(c3nsc4ccccc34)CC1)[C@H]1C=C[C@@H]2C1,1,IC50,8.38,1,CHEMBL4277532
O=C1[C@@H]2[C@H](C(=O)N1CCN1CCN(c3cccc4sccc34)CC1)[C@H]1C=C[C@@H]2C1,1,IC50,6.92,1,CHEMBL4285479
O=C1[C@@H]2[C@H](C(=O)N1CCCN1CCN(c3cccc4sccc34)CC1)[C@H]1C=C[C@@H]2C1,1,IC50,7.49,1,CHEMBL4292655
O=C1[C@@H]2[C@H](C(=O)N1CCCCCN1CCN(c3cccc4sccc34)CC1)[C@H]1C=C[C@@H]2C1,1,IC50,7.55,1,CHEMBL4282051
CC1(C)C2C(=O)N(CCCCN3CCN(c4cccc5sccc45)CC3)C(=O)C21,1,IC50,8.08,1,CHEMBL4284353
Cc1ccc(C23CC2C(=O)N(CCCCN2CCN(c4cccc5sccc45)CC2)C3=O)cc1,1,IC50,7.09,1,CHEMBL4292254
O=C1C2CCCC2C(=O)N1CCCCN1CCN(c2cccc3sccc23)CC1,1,IC50,7.89,1,CHEMBL4291387
O=C1C2CCCCC2C(=O)N1CCCCN1CCN(c2cccc3sccc23)CC1,1,IC50,8.37,1,CHEMBL4283546
O=C1C2CC=CCC2C(=O)N1CCCCN1CCN(c2cccc3sccc23)CC1,1,IC50,8.07,1,CHEMBL4287980
O=C1C2CC(O)C(O)CC2C(=O)N1CCCCN1CCN(c2cccc3sccc23)CC1,1,IC50,8.03,1,CHEMBL4280084
O=C1[C@@H]2[C@@H]3C[C@@H]([C@@H](O)[C@H]3O)[C@@H]2C(=O)N1CCCCN1CCN(c2cccc3sccc23)CC1,1,IC50,7.85,1,CHEMBL4279645
CC(=O)O[C@@H]1[C@@H]2C[C@H]([C@@H]1OC(C)=O)[C@H]1C(=O)N(CCCCN3CCN(c4cccc5sccc45)CC3)C(=O)[C@@H]21,1,IC50,7.35,1,CHEMBL4290309
O=C1c2ccccc2C(=O)N1CCCCN1CCN(c2cccc3sccc23)CC1,1,IC50,6.88,1,CHEMBL4294797
O=C1c2cccc(F)c2C(=O)N1CCCCN1CCN(c2cccc3sccc23)CC1,1,IC50,7.42,1,CHEMBL4286905
O=C1c2ccc(F)cc2C(=O)N1CCCCN1CCN(c2cccc3sccc23)CC1,1,IC50,6.67,1,CHEMBL4277751
O=C1c2cccc(Cl)c2C(=O)N1CCCCN1CCN(c2cccc3sccc23)CC1,1,IC50,7.52,1,CHEMBL4288388
O=C1c2ccc(Cl)cc2C(=O)N1CCCCN1CCN(c2cccc3sccc23)CC1,1,IC50,6.26,1,CHEMBL4283369
CC1(C)CC(=O)N(CCCCN2CCN(c3cccc4sccc34)CC2)C(=O)C1,1,IC50,8.14,1,CHEMBL4291215
CCC1(C)CC(=O)N(CCCCN2CCN(c3cccc4sccc34)CC2)C(=O)C1,1,IC50,7.96,1,CHEMBL4286717
O=C1CC2(CCCC2)CC(=O)N1CCCCN1CCN(c2cccc3sccc23)CC1,1,IC50,7.61,1,CHEMBL4294617
O=C1CC2(CCCCC2)CC(=O)N1CCCCN1CCN(c2cccc3sccc23)CC1,1,IC50,7.96,1,CHEMBL4295055
CC1(c2ccc(F)cc2)NC(=O)N(CC(O)CN2CCN(Cc3ccccc3)CC2)C1=O,0,Ki,4.7,1,CHEMBL4288077
Cc1cc(Oc2nccc3occc23)ccc1-c1c(C)ncc2nccn12,0,Ki (>),5.0,1,CHEMBL4277264
COc1cc2c(cc1O)CN(CCCCNC(=O)c1ccc(Br)cc1)CC2,0,Ki (>),5.0,1,CHEMBL4291172
O=C(CCCCN1CCC(c2noc3cc(F)ccc23)CC1)c1cc2c3c(c1)CCN3C(=O)CC2,1,IC50,8.04,2,CHEMBL4293999
C[C@@]12CN(c3ccccc3)c3ccccc3[C@@H]1CCN2,0,Ki (>),5.0,1,CHEMBL4457754
CC[C@H]1c2cc(OC)ccc2CC[C@@]1(C)N,0,Ki (>),5.0,1,CHEMBL4472703
CC[C@H]1c2cc(C)ccc2OC[C@@]1(C)N,0,Ki (>),5.0,1,CHEMBL4528651
CC[C@H]1c2ccccc2N(c2ccccc2)C[C@@]1(C)N,0,Ki (>),5.0,1,CHEMBL4572167
COc1cc(OC)c2c(c1)OC[C@@]1(C)NCC[C@@H]21,0,Ki (>),5.0,1,CHEMBL4447975
COC(=O)CN(CC(=O)NCCOCCOCCNC(=O)CCC(=O)Nc1ccc(CCN2CN(c3ccccc3)C3(CCN(CCCC(=O)c4ccc(F)cc4)CC3)C2=O)cc1)CC(=O)NCCOCCOCCNC(=O)CCC(=O)Nc1ccc(CCN2CN(c3ccccc3)C3(CCN(CCCC(=O)c4ccc(F)cc4)CC3)C2=O)cc1,1,IC50,7.82,1,CHEMBL4515776
COC(=O)CN(CC(=O)NCCOCCOCCNC(C)=O)CC(=O)NCCOCCOCCNC(=O)CCC(=O)Nc1ccc(CCN2CN(c3ccccc3)C3(CCN(CCCC(=O)c4ccc(F)cc4)CC3)C2=O)cc1,1,IC50,6.55,1,CHEMBL4542935
O=C(c1ccccc1)N1CCN(CCN2CCc3ncsc3CC2)CC1,0,Ki,4.38,1,CHEMBL4437202
COc1cc2c(cc1OC)[C@@H]1Cc3ccc(OC)c(OC)c3CN1CC2,1,IC50,6.35,2,CHEMBL487182
COc1ccc2c(c1OC(C)=O)CN1CCc3cc4c(cc3C1C2)OCO4,1,IC50,6.38,1,CHEMBL2314734
COc1ccc2c(c1OC)CN1CCc3cc(O)c(O)cc3C1C2,1,IC50,7.4,1,CHEMBL2314747
COc1ccc2c(c1O)CN1CCc3cc(O)c(O)cc3C1C2,1,IC50,7.12,1,CHEMBL4438471
Oc1cccc2c1CC1c3cc4c(cc3CCN1C2)OCO4,1,IC50,6.72,1,CHEMBL4582377
Oc1ccc2c(c1)CN1CCc3cc4c(cc3C1C2)OCO4,1,IC50,6.3,1,CHEMBL4476383
c1ccc(COc2cccc3c2CC2c4cc5c(cc4CCN2C3)OCO5)cc1,0,IC50 (>),5.0,1,CHEMBL4435291
COc1ccc2c(c1O[C@@H]1O[C@H](CO)[C@@H](O)[C@H](O)[C@H]1O)CN1CCc3cc4c(cc3[C@@H]1C2)OCO4,0,IC50 (>),5.0,1,CHEMBL2314741
COc1ccc2c(c1O[C@@H]1O[C@H](CO)[C@@H](O)[C@H](O)[C@H]1O)CN1CCc3cc4c(cc3[C@H]1C2)OCO4,0,IC50 (>),5.0,1,CHEMBL2314742
c1nc(N2CCNCC2)c2c3c(sc2n1)CCCC3,0,Kd,4.67,1,CHEMBL3696168
COc1ccc2c(c1OC)-c1c(Br)ccc3c1[C@@H](C2)N(C)CC3,1,IC50,9.91,8,CHEMBL4467483
COc1ccc2c(c1OC)-c1c(Br)ccc3c1[C@H](C2)N(C)CC3,1,IC50,6.5,8,CHEMBL4564103
COc1ccc2c(c1OC)-c1ccc(Br)c3c1[C@@H](C2)N(C)CC3,1,IC50,7.35,6,CHEMBL4579687
CCc1ccc2c3c1CCN(C)[C@@H]3Cc1ccc(OC)c(OC)c1-2,1,IC50,7.55,6,CHEMBL4439029
O=C(NCCCCN1CCN(c2cccc(Cl)c2)CC1)c1ccc(-c2ccsc2)cc1,0,Ki,4.92,1,CHEMBL4446350
O=C(NCCCCN1CCN(c2ccc(Cl)cc2)CC1)c1ccc(-c2ccsc2)cc1,0,Ki,4.56,1,CHEMBL4442321
Cc1cccc(N2CCN(CCCCNC(=O)c3ccc(-c4ccsc4)cc3)CC2)c1,0,Ki,4.79,1,CHEMBL4438630
Cc1ccc(N2CCN(CCCCNC(=O)c3ccc(-c4ccsc4)cc3)CC2)cc1,0,Ki,4.6,1,CHEMBL4545775
N#Cc1ccc(N2CCN(CCCCNC(=O)c3ccc(-c4ccsc4)cc3)CC2)cc1,0,Ki (>),4.7,1,CHEMBL4438602
O=C(NCCCCN1CCN(c2ccc(C(F)(F)F)cc2)CC1)c1ccc(-c2ccsc2)cc1,0,Ki (>),4.52,1,CHEMBL4521525
CC(=O)Nc1ncc(-c2cn(S(=O)(=O)c3ccccc3)c3ccccc23)[nH]1,0,Ki (>),5.0,1,CHEMBL4467359
CCc1nc(NC(C)=O)[nH]c1-c1cn(S(=O)(=O)c2ccccc2)c2ccccc12,0,Ki (>),5.0,1,CHEMBL4528162
COc1ccc2c(c1)c(-c1cnc(NC(C)=O)[nH]1)cn2S(=O)(=O)c1ccccc1,0,Ki (>),5.0,1,CHEMBL4592085
COc1ccc2c(c1)c(-c1[nH]c(NC(C)=O)nc1C)cn2S(=O)(=O)c1ccccc1,0,Ki (>),5.0,1,CHEMBL4461327
CCc1nc(NC(C)=O)[nH]c1-c1cn(S(=O)(=O)c2ccccc2)c2ccc(OC)cc12,0,Ki (>),5.0,1,CHEMBL4571469
CCC(=O)Nc1nc(C)c(-c2cn(S(=O)(=O)c3ccccc3)c3ccc(OC)cc23)[nH]1,0,Ki (>),5.0,1,CHEMBL4440402
CCC(=O)Nc1nc(CC)c(-c2cn(S(=O)(=O)c3ccccc3)c3ccc(OC)cc23)[nH]1,0,Ki (>),5.0,1,CHEMBL4466071
CC(=O)Nc1nc(C)c(-c2c(C)n(S(=O)(=O)c3ccccc3)c3ccccc23)[nH]1,0,Ki (>),5.0,1,CHEMBL4573880
COc1ccc2c(c1)c(-c1[nH]c(NC(=O)Cc3ccccc3)nc1C)cn2S(=O)(=O)c1ccccc1,0,Ki (>),5.0,1,CHEMBL4586990
CC(=O)Nc1nc(C)c(-c2cn(S(=O)(=O)c3ccccc3)c3ccc(F)cc23)[nH]1,0,Ki (>),5.0,1,CHEMBL4584746
COc1ccc2c(c1)c(-c1cnc(NC(C)=O)[nH]1)cn2S(=O)(=O)c1cccc(F)c1,0,Ki (>),5.0,1,CHEMBL4451666
COc1ccc2c(c1)c(-c1[nH]c(NC(C)=O)nc1C)cn2S(=O)(=O)c1cccc(F)c1,0,Ki (>),5.0,1,CHEMBL4521199
CCC(=O)Nc1nc(C)c(-c2cn(S(=O)(=O)c3cccc(F)c3)c3ccc(OC)cc23)[nH]1,0,Ki (>),5.0,1,CHEMBL4465638
CCC(=O)Nc1nc(C)c(-c2cn(S(=O)(=O)c3cccc4ccccc34)c3ccccc23)[nH]1,0,Ki (>),5.0,1,CHEMBL4474829
COc1ccc2c(c1)c(-c1[nH]c(NC(C)=O)nc1C)cn2S(=O)(=O)c1cccc2ccccc12,0,Ki (>),5.0,1,CHEMBL4469792
COc1ccc2c(c1)c(-c1[nH]c(NC(C)=O)nc1C)cn2S(=O)(=O)c1ccc2ccccc2c1,0,Ki (>),5.0,1,CHEMBL4453250
CCC(=O)Nc1nc(C)c(-c2cn(S(=O)(=O)c3ccc4ccccc4c3)c3ccc(OC)cc23)[nH]1,0,Ki (>),5.0,1,CHEMBL4558215
CC(=O)N1CCn2c1nc(C)c2-c1cn(S(=O)(=O)c2ccccc2)c2ccccc12,0,Ki (>),5.0,1,CHEMBL4548837
CC(=O)N1CCCn2c1nc(C)c2-c1cn(S(=O)(=O)c2ccccc2)c2ccccc12,0,Ki (>),5.0,1,CHEMBL4524906
COc1ccc2c(c1)c(-c1[nH]c3nccc[n+]3c1C)cn2S(=O)(=O)c1ccccc1,0,Ki (>),5.0,1,CHEMBL4442148
CC(=O)Nc1nc(C)c(-c2cn(S(=O)(=O)c3ccccc3)c3ccccc23)[nH]1,0,Ki (>),5.0,1,CHEMBL4446215
CCCN1CCO[C@@H]2c3cc(OCCCCNC(=O)c4cc5cccnc5[nH]4)ccc3OC[C@H]21,0,Ki,4.57,1,CHEMBL4528479
C[C@H]1CO[C@@H](c2ccc(N)nc2)CN1CCCCNC(=O)c1cc2ccccc2[nH]1,0,Ki,6.87,2,CHEMBL4452064
C[C@H]1CO[C@H](c2ccc(N)nc2)CN1C/C=C/COc1ccc2c(c1)NC(=O)CC2,0,Ki,4.68,1,CHEMBL4436589
C[C@H]1CO[C@H](c2ccc(N)nc2)CN1CC1CC1CNC(=O)c1cc2ccccc2[nH]1,0,Ki,4.95,2,CHEMBL4451063
C[C@H]1CO[C@@H](c2ccc(N)nc2)CN1C[C@@H]1C[C@H]1CCNC(=O)c1cc2ccccc2[nH]1,0,Ki,6.08,4,CHEMBL4437740
CN1CCN(c2nc(N)nc(CS(=O)(=O)c3ccccc3Cl)n2)CC1,0,Ki,4.3,1,CHEMBL4441655
O=c1c(-c2ccccc2F)c2n(c(=O)n1CCCCN1CCCC(c3c[nH]c4ccccc34)C1)CCCC2,0,Ki (>),5.0,1,CHEMBL4470437
CCn1cncc1-c1c[nH]c2ccc(C(=O)OC)cc12,0,Ki (>),5.0,1,CHEMBL4544802
CCn1cncc1-c1c[nH]c2ccc(S(N)(=O)=O)cc12,0,Ki (>),5.0,1,CHEMBL4517552
CCn1cncc1-c1c[nH]c2ccc(C(N)=O)cc12,0,Ki (>),5.0,2,CHEMBL4469847
COc1ccc(N2CCN(CCCCCCN3C(=O)c4cccc5cccc(c45)C3=O)CC2)cc1,0,Ki,4.4,1,CHEMBL4447330
Cc1cccc(NC(=O)CN2CCC(c3ccccc3)CC2)c1,0,IC50,4.78,3,CHEMBL216393
Cc1cccc(NC(=O)CN2CCC(c3ccc(Cl)cc3)CC2)c1,0,IC50,4.15,3,CHEMBL4436479
Cc1ccc(C2CCN(CC(=O)Nc3cccc(C)c3)CC2)nc1,0,IC50,4.15,4,CHEMBL4587925
Cc1cccc(NC(=O)CN2CCN(c3ccccn3)CC2)c1,0,IC50,4.8,4,CHEMBL4448320
Cc1cccc(NC(=O)CN2CCN(c3ccc(Cl)cn3)CC2)c1,0,IC50,4.18,4,CHEMBL4572245
Cc1cccc(NC(=O)CCN2CCN(c3ccccn3)CC2)c1,0,IC50 (>),4.0,3,CHEMBL4454068
CCc1cccc(NC(=O)CN2CCN(c3ccccn3)CC2)c1,0,IC50,4.39,4,CHEMBL4442548
CCc1cccc(NC(=O)CN2CCN(c3ccc(Cl)cn3)CC2)c1,0,IC50,4.33,3,CHEMBL4443848
O=C(CN1CCN(c2ccccn2)CC1)Nc1cccnc1,0,IC50 (>),4.0,3,CHEMBL4592753
O=C(CN1CCN(c2ccc(Cl)cn2)CC1)Nc1cccnc1,0,IC50,4.06,2,CHEMBL4591118
O=C(CN1CCN(c2ccccn2)CC1)Nc1cncnc1,0,IC50,4.03,2,CHEMBL4453069
O=C(CN1CCN(c2ccc(Cl)cn2)CC1)Nc1cncnc1,0,IC50,4.14,2,CHEMBL4456754
Cc1cccc(NC(=O)CN2CCC(c3ccccn3)CC2)c1,0,IC50 (>),4.3,2,CHEMBL375596
Cc1cccc(NC(=O)CN2CCN(c3cccc4ccccc34)CC2)c1,0,IC50,4.17,3,CHEMBL4473652
Cc1cccc(NC(=O)CCN2CCC(c3ccccn3)CC2)c1,0,IC50 (>),4.0,2,CHEMBL4464861
Cc1ccc(C2CCN(CC(=O)Nc3cccc(C)c3)CC2)cc1,0,IC50,4.35,2,CHEMBL4473792
Cc1cccc(NC(=O)CN2CCN(c3ncccn3)CC2)c1,0,IC50,4.6,2,CHEMBL4443054
Cc1cccc(NC(=O)CCN2CCN(c3ncccn3)CC2)c1,0,IC50,4.93,2,CHEMBL4588808
CCc1cccc(NC(=O)CN2CCC(c3ccccn3)CC2)c1,0,IC50,4.79,2,CHEMBL4437912
CCn1cncc1-c1c[nH]c2ccc(OC)cc12,0,Ki (>),5.0,1,CHEMBL4204595
CCn1cncc1-c1c[nH]c2ccccc12,0,Ki (>),5.0,1,CHEMBL4464377
CCn1cncc1-c1c[nH]c2ccc(F)cc12,0,Ki (>),5.0,1,CHEMBL4565881
CCn1cncc1-c1c[nH]c2ccc(C)cc12,0,Ki (>),5.0,1,CHEMBL4455588
CCn1cncc1-c1c[nH]c2ccc(Cl)cc12,0,Ki (>),5.0,1,CHEMBL4452121
CCn1cncc1-c1c[nH]c2ccc(Br)cc12,0,Ki (>),5.0,1,CHEMBL4559312
CCn1cncc1-c1c[nH]c2ccc(OC(F)(F)F)cc12,0,Ki (>),5.0,1,CHEMBL4476520
CCOc1ccc2[nH]cc(-c3cncn3CC)c2c1,0,Ki (>),5.0,1,CHEMBL4529615
CCn1cncc1-c1c[nH]c2cc(F)ccc12,0,Ki (>),5.0,1,CHEMBL4573883
CCn1cncc1-c1c[nH]c2cc(F)c(Cl)cc12,0,Ki (>),5.0,1,CHEMBL4531898
CCn1cncc1-c1c[nH]c2cccc(F)c12,0,Ki (>),5.0,1,CHEMBL4442337
Cn1cncc1-c1c[nH]c2ccc(F)c(F)c12,0,Ki (>),5.0,1,CHEMBL4516621
CCn1cncc1-c1c[nH]c2ccc(F)c(F)c12,0,Ki (>),5.0,1,CHEMBL4555115
Cn1cncc1-c1c[nH]c2ccc(Cl)c(F)c12,0,Ki (>),5.0,1,CHEMBL4438349
Cn1cncc1-c1c[nH]c2ccc(Br)c(F)c12,0,Ki (>),5.0,1,CHEMBL4585956
CCn1cncc1-c1c[nH]c2ccc(Br)c(F)c12,0,Ki (>),5.0,1,CHEMBL4462820
Cn1cncc1-c1c[nH]c2ccc(I)cc12,0,Ki (>),5.0,1,CHEMBL4541526
COc1ccc2[nH]cc(-c3cncn3C)c2c1F,0,Ki (>),5.0,1,CHEMBL4558202
CCn1cncc1-c1c[nH]c2ccc(OC)c(F)c12,0,Ki (>),5.0,1,CHEMBL4583507
Cn1cncc1-c1c[nH]c2ccc(C(N)=O)c(F)c12,0,Ki (>),5.0,1,CHEMBL4444268
CCn1cncc1-c1c[nH]c2ccc(C(N)=O)c(F)c12,0,Ki (>),5.0,1,CHEMBL4435235
CN(C)C(=O)N[C@H]1CC[C@H](CCN2CCc3cccc(Cl)c3C2)CC1,1,IC50,7.15,4,CHEMBL4451797
COc1ccccc1N1CCC2(CCN(CCCSc3nnc(-c4ccc(N(C)C)cc4)n3C)CC2)CC1,0,Ki,4.92,1,CHEMBL4541869
COc1ccccc1N1CCC2(CCN(CCCSc3nnc(-c4cccnc4)n3C)CC2)CC1,0,Ki,4.31,1,CHEMBL4516927
COc1ccccc1N1CCC2(CCN(CCCSc3nnc(-c4ccccc4F)n3C)CC2)CC1,0,Ki,4.71,1,CHEMBL4534961
COc1ccccc1N1CCC2(CCN(CCCSc3nnc(-c4ccc(F)cc4)n3C)CC2)CC1,0,Ki,4.8,1,CHEMBL4535104
COc1ccccc1N1CCC2(CCN(CCCSc3nnc(C4CCCCC4)n3C)CC2)CC1,0,Ki,4.9,1,CHEMBL4451865
COc1ccccc1N1CCC2(CCN(CCCSc3nnc(-c4ccccc4)n3N)CC2)CC1,0,Ki,4.86,1,CHEMBL4552459
COc1ccccc1N1CCC2(CCN(CCCSc3ncc(-c4ccccc4)n3C)CC2)CC1,0,Ki,4.45,1,CHEMBL4515093
Cn1c(SCCCN2CCC3(CC2)CCN(c2ccccc2O)CC3)nnc1-c1ccccc1,0,Ki,4.75,1,CHEMBL4591835
COc1ccc(N2CCC3(CCN(CCCSc4nnc(-c5ccccc5)n4C)CC3)CC2)c(OC)c1,0,Ki,4.19,1,CHEMBL4483044
Cn1c(SCCCN2CCC3(CC2)CCN(c2ccccc2F)CC3)nnc1-c1ccccc1,0,Ki,4.58,1,CHEMBL4555876
Cn1c(SCCCN2CCC3(CC2)CCN(c2ccc(C(F)(F)F)cc2F)CC3)nnc1-c1ccccc1,0,Ki,4.67,1,CHEMBL4435765
COc1cc(F)ccc1N1CCC2(CCN(CCCSc3nnc(-c4ccccc4)n3C)CC2)CC1,0,Ki,4.71,1,CHEMBL4459784
COc1ccccc1N1CCC2(CCN(CCCSc3nnc(-c4ccccc4)n3C)C2)CC1,0,Ki,4.68,1,CHEMBL4476163
COc1ccccc1N1CCC2(CCNCC2)CC1,0,Ki,4.0,1,CHEMBL4470847
CCCCN1CCC2(CC1)CCN(c1ccccc1OC)CC2,0,Ki,4.57,1,CHEMBL4435834
CCCCN1CCC2(CC1)CCN(c1ccccc1OC)C2,0,Ki,4.59,1,CHEMBL4453955
CCCCN1CCC2(CCN(c3ccccc3OC)C2)C1,0,Ki,4.58,1,CHEMBL4483472
CCCSc1nnc(-c2ccccc2)n1C,0,Ki,3.74,1,CHEMBL4588709
Cn1c(SCCCN2CCCCC2)nnc1-c1ccccc1,0,Ki,4.01,1,CHEMBL4473583
Cn1c(SCCCN2CCC(C)(C)CC2)nnc1-c1ccccc1,0,Ki,4.22,1,CHEMBL4555952
Cn1c(SCCCN2CCC3(CCNCC3)CC2)nnc1-c1ccccc1,0,Ki (>),3.65,1,CHEMBL4472434
Cn1c(SCCCN2CCNCC2)nnc1-c1ccccc1,0,Ki,4.13,1,CHEMBL4591203
C#CCNC1CCc2cc(OCCCN3CCCCC3)ccc21,0,Ki (>),5.0,1,CHEMBL4545912
COc1ccc(-c2c(=O)n(CCCCN3CCCC(c4c[nH]c5ccc(OC)cc45)C3)c(=O)n3ccccc23)cc1,0,Ki,4.95,1,CHEMBL4570209
O=c1c(-c2ccccc2)c2ccccn2c(=O)n1CCCCN1CCCC(c2c[nH]c3ccccc23)C1,0,Ki,4.75,1,CHEMBL4451231
COc1ccc(OCCN2CCN(C(=O)c3ccc(OC)cn3)CC2)cc1,0,IC50 (>),4.0,3,CHEMBL4526466
COc1ccc(OCCN2CCN(C(=O)c3cc4ccccc4[nH]3)CC2)cc1,0,IC50 (>),5.0,3,CHEMBL4476784
COc1ccc(OCCN2CCN(C(=O)c3cc4cc(C)ccc4[nH]3)CC2)cc1,0,IC50 (>),4.0,3,CHEMBL4514648
COc1ccc(OCCN2CCN(C(=O)c3cc4cccc(Cl)c4[nH]3)CC2)cc1,0,IC50 (>),4.0,3,CHEMBL4587372
O=C(c1cc2ccccc2[nH]1)N1CCN(CCOc2ccc(OC(F)(F)F)cc2)CC1,0,IC50 (>),4.0,3,CHEMBL4471346
Cc1ccc(OCCN2CCN(C(=O)c3cc4ccccc4[nH]3)CC2)cc1,0,IC50 (>),4.0,3,CHEMBL4461237
COc1ccc(OCCN2CCN(C(=O)c3ccc(OC)cc3)CC2)cc1,0,IC50,4.8,1,CHEMBL1700053
CCc1ccc(OCCN2CCN(C(=O)c3ccc(OC)cc3)CC2)cc1,0,IC50 (>),4.3,1,CHEMBL4436562
COc1ccc(C(=O)N2CCN(CCOc3ccc(Cl)cc3)CC2)cc1,0,IC50 (>),5.0,1,CHEMBL3262809
COc1ccc(C(=O)N2CCN(CCOc3ccc(OC(F)(F)F)cc3)CC2)cc1,0,IC50 (>),4.3,1,CHEMBL4519519
COc1ccc(C(=O)N2CCN(CCOc3cc(OC)cc(OC)c3)CC2)cc1,0,IC50 (>),4.3,1,CHEMBL4444245
COc1ccc(C(=O)N2CCN(CCOc3ccccc3)CC2)cc1,0,IC50 (>),4.0,1,CHEMBL3262808
COc1ccc(C(=O)N2CCN(CCOc3ccc4c(c3)OCO4)CC2)cc1,0,IC50 (>),5.0,1,CHEMBL4450129
COc1ccc(C(=O)N2CCN(CCOc3cccnc3)CC2)cc1,0,IC50 (>),4.0,1,CHEMBL4563661
COc1ccc(OCCN2CCN(C(=O)c3ccccc3)CC2)cc1,0,IC50 (>),4.3,1,CHEMBL4471690
COc1ccc(OCCN2CCN(C(=O)c3ccccc3OC)CC2)cc1,0,IC50 (>),4.0,1,CHEMBL4526308
COc1ccc(OCCN2CCN(C(=O)c3cc4cccc(OC)c4[nH]3)CC2)cc1,0,IC50 (>),5.0,1,CHEMBL4548345
COc1ccc(OCCN2CCN(C(=O)c3cc4cc(OC)ccc4[nH]3)CC2)cc1,0,IC50 (>),4.0,1,CHEMBL4589125
COc1ccc(OCCN2CCN(C(=O)c3cc4c(OC)cccc4[nH]3)CC2)cc1,0,IC50 (>),4.0,1,CHEMBL4440776
COc1ccc(OCCN2CCN(C(=O)c3cc4cccc(C)c4[nH]3)CC2)cc1,0,IC50 (>),4.0,1,CHEMBL4542423
COc1ccc(OCCN2CCN(C(=O)c3cc4c(C)cccc4[nH]3)CC2)cc1,1,IC50,6.13,1,CHEMBL4460818
COc1ccc(OCCN2CCN(C(=O)c3cc4ccc(Cl)cc4[nH]3)CC2)cc1,0,IC50 (>),4.0,1,CHEMBL4466748
COc1ccc(OCCN2CCN(C(=O)c3cc4c(Cl)cccc4[nH]3)CC2)cc1,0,IC50 (>),4.0,1,CHEMBL4474192
COc1ccc(OCCN2CCN(C(=O)c3[nH]c4ccccc4c3C)CC2)cc1,0,IC50 (>),4.0,1,CHEMBL4562300
COc1ccc(OCCN2CCN(C(=O)c3cc4ccncc4[nH]3)CC2)cc1,0,IC50 (>),4.0,1,CHEMBL4575347
COc1ccc(OCCN2CCN(C(=O)c3cc4cnccc4[nH]3)CC2)cc1,0,IC50 (>),4.0,1,CHEMBL4455487
COc1ccc(OCCN2CCN(C(=O)c3nc4ccccc4[nH]3)CC2)cc1,0,IC50 (>),4.3,1,CHEMBL4443579
COc1ccc(OCCN2CCN(C(=O)C3CCCCC3)CC2)cc1,0,IC50 (>),4.3,1,CHEMBL4581806
COc1ccc(OCCN2CCN(c3ccc(OC)cc3)CC2)cc1,0,IC50 (>),4.3,1,CHEMBL4559117
COc1ccc(OCC(C)N2CCN(C(=O)c3ccc(OC)cc3)CC2)cc1,0,IC50 (>),4.0,1,CHEMBL4564115
COc1ccc(OC(C)CN2CCN(C(=O)c3ccc(OC)cc3)CC2)cc1,0,IC50,4.75,1,CHEMBL4585248
COc1ccc(OCCN2CCN(C(=O)c3ccc(OC)cc3)CC2C)cc1,0,IC50 (>),4.0,1,CHEMBL4438465
COc1ccc(OCCN2CCN(C(=O)c3ccc(OC)cc3)C(C)C2)cc1,0,IC50 (>),4.0,1,CHEMBL4461742
COc1ccc(OCCN(C)CCN(C)C(=O)c2ccc(OC)cc2)cc1,0,IC50,4.75,1,CHEMBL4459353
COc1cccc(OCCN2CCN(C(=O)c3cc4ccccc4[nH]3)CC2)c1,0,IC50 (>),4.0,1,CHEMBL4472566
COc1ccc(C(=O)N2CCN(CCOc3cccnc3)CC2)c(C)c1,0,IC50 (>),4.0,1,CHEMBL4514438
O=C(c1ccc[nH]1)N1CCN(CCOc2cccnc2)CC1,0,IC50 (>),4.0,1,CHEMBL4525545
O=C(c1cc2ccccc2[nH]1)N1CCN(CCOc2ccccc2)CC1,1,IC50,6.27,1,CHEMBL4574338
O=C(c1cc2ccccc2[nH]1)N1CCN(CCOc2ccc3c(c2)OCO3)CC1,0,IC50 (>),4.3,1,CHEMBL4578060
COc1ccc(SCCN2CCN(C(=O)c3cc4ccccc4[nH]3)CC2)cc1,0,IC50 (>),4.0,1,CHEMBL4446051
CSc1ccc(OCCN2CCN(C(=O)c3cc4ccccc4[nH]3)CC2)cc1,0,IC50 (>),4.0,1,CHEMBL4446145
CCOc1ccc(OCCN2CCN(C(=O)c3cc4ccccc4[nH]3)CC2)cc1,0,IC50 (>),4.0,1,CHEMBL4442016
CCc1ccc(OCCN2CCN(C(=O)c3cc4ccccc4[nH]3)CC2)cc1,0,IC50 (>),4.3,1,CHEMBL4435184
CC(C)(C)c1ccc(OCCN2CCN(C(=O)c3cc4ccccc4[nH]3)CC2)cc1,0,IC50 (>),4.0,1,CHEMBL4439612
O=C(c1cc2ccccc2[nH]1)N1CCN(CCOc2ccc(Cl)cc2)CC1,0,IC50 (>),4.3,1,CHEMBL4574586
O=C(c1cc2ccccc2[nH]1)N1CCN(CCOc2ccc(Br)cc2)CC1,0,IC50 (>),4.0,1,CHEMBL4581907
COc1ccc(OCCN2CCN(C(=O)c3cc4ccccc4[nH]3)CC2)cc1OC,0,IC50 (>),4.3,1,CHEMBL4473158
Cc1ccc(OCCN2CCN(C(=O)c3cc4ccccc4[nH]3)CC2)cc1C,0,IC50,4.89,1,CHEMBL4519087
COc1ccc(OCCN2CCN(C(=O)c3cc4ccccc4[nH]3)CC2)c(Cl)c1,0,IC50 (>),5.0,2,CHEMBL4445988
O=C(c1cc2ccccc2[nH]1)N1CCN(CCOc2ccccn2)CC1,0,IC50 (>),4.0,1,CHEMBL4522768
O=C(c1cc2ccccc2[nH]1)N1CCN(CCOc2ccncc2)CC1,0,IC50 (>),4.0,1,CHEMBL4585651
COc1ccc(N(C)CCN2CCN(C(=O)c3cc4ccccc4[nH]3)CC2)cc1,0,IC50 (>),4.0,1,CHEMBL4471482
O=C(c1cc2ccccc2[nH]1)N1CCN(CCOc2ccc3[nH]ccc3c2)CC1,1,IC50,6.36,1,CHEMBL4550539
COc1ccc(OCCCN2CCN(C(=O)c3cc4ccccc4[nH]3)CC2)cc1,1,IC50,6.16,1,CHEMBL4442293
CCc1cc(Cl)c(OC)c(N2CCN(CC(F)CCNC(=O)c3cc4ccccc4[nH]3)CC2)c1,0,Ki,4.68,3,CHEMBL4534566
CCc1cc(Cl)c(OC)c(N2CCN(C[C@H](F)CCNC(=O)c3cc4ccccc4[nH]3)CC2)c1,0,Ki,4.67,2,CHEMBL4436317
CCc1cc(Cl)c(OC)c(N2CCN(C[C@@H](F)CCNC(=O)c3cc4ccccc4[nH]3)CC2)c1,0,Ki,4.72,2,CHEMBL4527078
CCc1cc(Cl)c(OC)c(N2CCN(CC(F)CCNC(=O)c3cc4ccccc4o3)CC2)c1,0,Ki,4.97,2,CHEMBL4546210
CCc1cc(Cl)c(OC)c(N2CCN(CC(O)CCNC(=O)c3cc4ccccc4[nH]3)CC2)c1,0,Ki,4.94,3,CHEMBL4476394
CCc1cc(Cl)c(OC)c(N2CCN(C[C@H](O)CCNC(=O)c3cc4ccccc4[nH]3)CC2)c1,0,Ki,4.99,3,CHEMBL4555827
CCc1cc(Cl)c(OC)c(N2CCN(C[C@@H](O)CCNC(=O)c3cc4ccccc4[nH]3)CC2)c1,0,Ki,4.94,3,CHEMBL4570554
Cc1nccc2c1C(C)(C)Nc1cc(Br)ccc1-2,0,Ki (>),5.0,1,CHEMBL4642292
O=c1n(CCCCN2CCN(c3cccc4sccc34)CC2)nc2ccccn12,1,IC50,7.91,2,CHEMBL4638599
O=c1n(CCCCN2CCN(c3cccc4sccc34)CC2)nc2ccc(F)cn12,1,IC50,7.58,1,CHEMBL4647011
O=c1n(CCCCN2CCN(c3cccc4sccc34)CC2)nc2c(F)cccn12,1,IC50,7.52,1,CHEMBL4644352
O=c1n(CCCCN2CCN(c3cccc4sccc34)CC2)nc2c(F)cc(F)cn12,1,IC50,7.2,1,CHEMBL4635414
O=c1n(CCCCN2CCN(c3cccc4sccc34)CC2)nc2ccc(Cl)cn12,1,IC50,6.87,1,CHEMBL4633978
O=c1n(CCCCN2CCN(c3cccc4sccc34)CC2)nc2c(Cl)cccn12,1,IC50,7.02,1,CHEMBL4636321
O=c1n(CCCCN2CCN(c3cccc4sccc34)CC2)nc2c(Cl)cc(Cl)cn12,1,IC50,6.39,1,CHEMBL4648027
O=c1n(CCCCN2CCN(c3cccc4sccc34)CC2)nc2c(Br)cccn12,1,IC50,6.98,1,CHEMBL4640409
COc1cccc2nn(CCCCN3CCN(c4cccc5sccc45)CC3)c(=O)n12,1,IC50,7.91,1,CHEMBL4634009
COc1cccn2c(=O)n(CCCCN3CCN(c4cccc5sccc45)CC3)nc12,1,IC50,6.99,1,CHEMBL4644500
N#Cc1cccc2nn(CCCCN3CCN(c4cccc5sccc45)CC3)c(=O)n12,1,IC50,7.37,1,CHEMBL4644742
N#Cc1ccc2nn(CCCCN3CCN(c4cccc5sccc45)CC3)c(=O)n2c1,1,IC50,8.99,2,CHEMBL4644391
N#Cc1ccn2c(=O)n(CCCCN3CCN(c4cccc5sccc45)CC3)nc2c1,1,IC50,6.84,1,CHEMBL4648979
N#Cc1cccn2c(=O)n(CCCCN3CCN(c4cccc5sccc45)CC3)nc12,1,IC50,8.82,1,CHEMBL4638430
O=c1n(CCCCN2CCN(c3cccc4scnc34)CC2)nc2ccccn12,1,IC50,6.93,1,CHEMBL4635890
O=c1n(CCCCN2CCC(c3cc(F)cc4oncc34)CC2)nc2ccccn12,1,IC50,7.39,1,CHEMBL4636764
O=c1n(CCCCN2CCN(c3cccc4scnc34)CC2)nc2c(F)cccn12,1,IC50,8.15,1,CHEMBL4633397
O=c1n(CCCCN2CCN(c3cccc4sc(F)cc34)CC2)nc2c(F)cccn12,1,IC50,7.96,1,CHEMBL4649106
CN(C)CCN1C(=O)c2ccccc2N(C)c2ccccc21,0,Ki,4.52,1,CHEMBL1442422
CN(C)CCN1C(=O)c2ccccc2/C=C\c2ccccc21,0,Ki,4.94,1,CHEMBL4746800
CN(C)CCN1C(=O)c2ccccc2N(C)C(=O)c2ccccc21,0,Ki,4.18,1,CHEMBL4742201
O=C1c2ccccc2/C=C\c2ccccc2N1CCCN1CCOCC1,0,Ki,4.72,1,CHEMBL4778076
N#Cc1ccc(S(=O)(=O)N(CCCN2CCC(c3noc4cc(F)ccc34)CC2)C2COC2)cc1,1,IC50,8.44,1,CHEMBL4747208
O=S(=O)(c1ccc(C(F)(F)F)cc1)N(CCCN1CCC(c2noc3cc(F)ccc23)CC1)C1COC1,1,IC50,8.64,1,CHEMBL4746981
O=S(=O)(c1ccc(Cl)cc1)N(CCCN1CCC(c2noc3cc(F)ccc23)CC1)C1COC1,1,IC50,8.7,1,CHEMBL4759817
O=S(=O)(c1ccc(F)cc1)N(CCCN1CCC(c2noc3cc(F)ccc23)CC1)C1COC1,1,IC50,8.52,1,CHEMBL4787495
O=S(=O)(c1ccccc1)N(CCCN1CCC(c2noc3cc(F)ccc23)CC1)C1COC1,1,IC50,8.72,1,CHEMBL4776840
O=C(c1ccccc1)N(CCCN1CCC(c2noc3cc(F)ccc23)CC1)C1COC1,1,IC50,6.81,1,CHEMBL4749144
O=C(c1ccccc1)N(CCCN1CCC(c2noc3cc(F)ccc23)CC1)CC1CC1,1,IC50,7.97,1,CHEMBL4751911
CC(C)N(CCCN1CCC(c2noc3cc(F)ccc23)CC1)C(=O)c1ccccc1,1,IC50,7.23,1,CHEMBL4794013
CCCN(CCCN1CCC(c2noc3cc(F)ccc23)CC1)C(=O)c1ccccc1,1,IC50,7.73,1,CHEMBL4761441
COc1ccccc1N1CCN(CCCN(CC2CC2)C(=O)c2ccccc2)CC1,1,IC50,6.54,1,CHEMBL4753512
COc1ccccc1N1CCN(CCCN(C(=O)c2ccccc2)C(C)C)CC1,1,IC50,6.08,1,CHEMBL4787658
CCCN(CCCN1CCN(c2ccccc2OC)CC1)C(=O)c1ccccc1,1,IC50,6.33,1,CHEMBL4746563
O=C(c1ccccc1)N(CCCN1CCN(c2cccc(Cl)c2Cl)CC1)CC1CC1,1,IC50,6.34,1,CHEMBL4777207
CC(C)N(CCCN1CCN(c2cccc(Cl)c2Cl)CC1)C(=O)c1ccccc1,1,IC50,6.28,1,CHEMBL4752859
CCCN(CCCN1CCN(c2cccc(Cl)c2Cl)CC1)C(=O)c1ccccc1,1,IC50,6.32,1,CHEMBL4745192
Fc1ccc(CCCCN2CCN(c3ccc(-c4ccccc4)cn3)CC2)cc1,0,Ki (>),5.0,2,CHEMBL4783987
O=C1COc2ccccc2N1CCCCN1CCN(c2cccc3sccc23)CC1,1,IC50,6.67,1,CHEMBL4741908
O=C1NCC(=O)N(CCCCN2CCN(c3cccc4sccc34)CC2)c2cc(F)ccc21,1,IC50,7.46,1,CHEMBL4763837
COc1ccc2ncc(=O)n(CCCCN3CCN(c4cccc5sccc45)CC3)c2c1,1,IC50,7.11,1,CHEMBL4749223
CN1CC(=O)N(CCCCN2CCN(c3cccc4sccc34)CC2)c2ccccc2C1=O,1,IC50,6.91,1,CHEMBL4777098
O=c1[nH]c(=O)n(CCCCN2CCN(c3cccc4sccc34)CC2)c2ccccc12,1,IC50,7.54,1,CHEMBL4777475
O=S1(=O)CCc2ccc(O)cc2N1CCCCN1CCN(c2cccc3sccc23)CC1,1,IC50,7.7,1,CHEMBL4759331
Nc1ccc2c(c1)N(CCCCN1CCN(c3cccc4sccc34)CC1)S(=O)(=O)CC2,1,IC50,7.17,1,CHEMBL4751542
CN1CCc2ccc(OCCCN3CCC(c4noc5cc(F)ccc45)CC3)cc2C1=O,1,IC50,8.2,2,CHEMBL4764679
CN1CCN2c3c(cccc31)[C@@H]1CN(CCCC(=O)c3ccc(F)cc3)CC[C@@H]12,1,IC50,8.49,1,CHEMBL3306803
NC(=O)C[S+]([O-])C(c1ccccc1)c1ccccc1,0,Ki (>),4.0,1,CHEMBL1373
CC(O)CN1[C@H](C)CN(CCSC(c2ccc(F)cc2)c2ccc(F)cc2)C[C@@H]1C,0,Ki,4.92,1,CHEMBL4636778
[O-][S+](CCNC1CCN(Cc2ccc(F)cc2)CC1)C(c1ccc(F)cc1)c1ccc(F)cc1,0,Ki,4.91,1,CHEMBL4750660
CC(=O)Nc1ccc(OCCCN2CCN(c3cccc(C(F)(F)F)c3)CC2)cc1,0,Ki (>),5.0,1,CHEMBL4752919
CC(=O)Nc1ccc(OCCCN2CCN(c3ccccn3)CC2)cc1,0,Ki (>),5.0,1,CHEMBL4745313
CCC(=O)Nc1ccc(OCCCN2CCC(c3noc4cc(F)ccc34)CC2)cc1,0,Ki (>),5.0,1,CHEMBL4755062
O=C(Nc1ccc(OCCCN2CCC(c3noc4cc(F)ccc34)CC2)cc1)c1ccccc1,0,Ki (>),5.0,1,CHEMBL4760590
CC(=O)Nc1ccc(OCCN2CCC(c3noc4cc(F)ccc34)CC2)cc1,0,Ki (>),5.0,1,CHEMBL4779051
CC(=O)Nc1cccc(OCCCN2CCC(c3noc4cc(F)ccc34)CC2)c1,0,Ki (>),5.0,1,CHEMBL4790288
O=C1CCc2cc(C(=O)CCCN3CCN(c4ccccn4)CC3)ccc2N1,0,Ki (>),5.0,2,CHEMBL4845947
Fc1ccc2c(C3CCN(CCCOc4ccc(CCN5CCOCC5)cc4)CC3)noc2c1,1,IC50,7.95,2,CHEMBL4867978
Cc1ccc2nc(CNCCCOc3ccccc3)cc(O)c2c1,0,Ki (>),5.0,4,CHEMBL3480577
Cc1ccc2[nH]c(CNCCCc3ccncc3)cc(=O)c2c1,0,Ki (>),5.0,3,CHEMBL4579981
CCC(=O)N(c1ccccc1)C1CCN(CCc2ccccc2)CC1,0,Ki,4.68,1,CHEMBL596
CCC(=O)C(CC(C)N(C)C)(c1ccccc1)c1ccccc1,0,Ki (>),4.0,1,CHEMBL651
N#CC(CCNCCc1ccccc1)(c1ccccc1)c1ccccc1,0,Ki,4.75,1,CHEMBL5090346
CN(C)CCC(C#N)(c1ccccc1)c1ccccc1,0,Ki,4.75,1,CHEMBL346898
CCC(=O)C(CCN(C)C)(c1ccccc1)c1ccccc1,0,Ki,4.46,1,CHEMBL346331
CN(C)CCC(C(=O)N(C)C)(c1ccccc1)c1ccccc1,0,Ki (>),4.0,1,CHEMBL5094044
CCc1cc(Cl)c(OC)c(C(=O)NC[C@@H]2CCCN2CCC(C#N)(c2ccccc2)c2ccccc2)c1O,0,Ki,4.91,1,CHEMBL5091656
CN1CCC(c2ccccc2)(c2ccccc2)C1,0,Ki (>),4.0,1,CHEMBL5091479
CCC(=O)N1CCC(c2ccccc2)(c2ccccc2)C1,0,Ki (>),4.0,1,CHEMBL5094927
CCOC(=O)/C=C1\[C@@H]2CCC[C@@]1(c1cccc(O)c1)CCN2,0,Ki (>),4.0,1,CHEMBL5087408
Oc1cccc([C@]23CCC[C@H](NCC2)[C@@H]3O)c1,0,Ki (>),4.0,2,CHEMBL5091775
Oc1cccc([C@]23CCC[C@H](NCC2)[C@H]3O)c1,0,Ki (>),4.0,2,CHEMBL5091335
CN(CCCCN(C[C@H]1Cc2ncccc2CN1)[C@H]1CCCc2cccnc21)C1CCC(F)(F)CC1,0,IC50 (>),4.52,1,CHEMBL5093818
c1cnc2c(c1)CN[C@@H](CN(CCCCNC1CCOCC1)[C@H]1CCCc3cccnc31)C2,0,IC50 (>),4.52,1,CHEMBL5085511
CN(CCCCN(C[C@H]1Cc2ncccc2CN1)[C@H]1CCCc2cccnc21)C1CCOCC1,0,IC50 (>),4.52,1,CHEMBL5077132
c1cnc2c(c1)CN[C@@H](CN(CCCCNC1COC1)[C@H]1CCCc3cccnc31)C2,0,IC50 (>),4.52,1,CHEMBL5083458
c1cnc2c(c1)CN[C@@H](CN(CCCCN1CCOCC1)[C@H]1CCCc3cccnc31)C2,0,IC50 (>),4.52,1,CHEMBL5082142
COc1ccc(CC[C@@H](OC(=O)[C@@H]2CCCCN2C(=O)[C@H](c2cc(OC)c(OC)c(OC)c2)C2CCCCC2)c2cccc(OCCN3CCOCC3)c2)cc1OC,0,Ki (>),5.0,1,CHEMBL3623630
c1ccc(N2CCN(CCCn3cnc4ccccc43)CC2)cc1,0,Ki,4.92,1,CHEMBL5207313
O=C1CCc2ccccc2N1CCN1CCN(c2ccccc2)CC1,0,Ki,4.89,1,CHEMBL5171721
COc1ccc(N2CCN(CCCN3C(=O)CCc4ccccc43)CC2)cc1,0,Ki,4.68,1,CHEMBL5178868
O=C1CCc2ccccc2N1CCCN1CCN(c2ccc([N+](=O)[O-])cc2)CC1,0,Ki,4.62,1,CHEMBL5175009
Cc1c(C#Cc2ccc(CN3CCC(CO)CC3)cc2)cc(C(F)F)c2cn(C(C(=O)Nc3nccs3)c3ncn4c3CCC43CC3)nc12,1,IC50,6.0,1,CHEMBL5177023
COc1ccccc1N1CCN(c2nc(N)nc(NCCc3c[nH]c4ccccc34)n2)CC1,0,Ki,4.87,1,CHEMBL5171456
COc1ccccc1CCNc1nc(N)nc(NCCc2c[nH]c3ccccc23)n1,0,Ki,4.88,1,CHEMBL5174637
CC(=O)N1CCN([C@H]2CCC[C@@H](NC(=O)c3cc4c(F)ccc(C)c4[nH]3)C2)CC1,0,IC50,4.89,1,CHEMBL5095235
Cc1nccn1CC1CCc2c(c3ccccc3n2C)C1=O,0,Ki (>),5.0,1,CHEMBL46
CCCCCCNC(=O)/N=C(\N)NCCCc1nnc(N)s1,0,Kd,10.83,4,CHEMBL5200771
C[C@@H](NC(=O)/N=C(\N)NCCCc1nnc(N)s1)c1ccccc1,0,Kd,10.83,4,CHEMBL5208845
C[C@@H](NC(=O)/N=C(\N)NCCCc1ncn[nH]1)c1ccccc1,0,Kd,10.83,4,CHEMBL5201074
CC(NC(=O)/N=C(\N)NCCCc1nnc(N)s1)c1cccc(F)c1,0,Kd,10.83,4,CHEMBL5184911
Clc1cccc(N2CCNCC2)c1,0,Ki (>),5.0,1,CHEMBL478
Cc1cc(NC(=O)c2cccc(S(F)(F)(F)(F)F)c2)cc(-n2ccn3nc(-c4cccnc4)cc23)c1,0,Ki (>),5.0,1,CHEMBL4526351
C[C@H]1CO[C@@H](c2ccc(N)nc2)CN1CCC1CCC(CNC(=O)c2cc3ccccc3[nH]2)C1,0,Ki,7.06,2,CHEMBL5291065
C[C@H]1CO[C@@H](c2ccc(N)nc2)CN1CC[C@@H]1CC[C@H](CNC(=O)c2cc3ccccc3[nH]2)C1,0,Ki,7.09,2,CHEMBL5267958
C[C@H]1CO[C@@H](c2ccc(N)nc2)CN1CC[C@@H]1CC[C@@H](CNC(=O)c2cc3ccccc3[nH]2)C1,0,Ki,6.94,2,CHEMBL5280481
C[C@H]1CO[C@@H](c2ccc(N)nc2)CN1CCn1cc(CNC(=O)c2cc3ccccc3[nH]2)nn1,0,Ki,4.87,2,CHEMBL5266180
COc1cc2c3c(c1OC)-c1ccccc1CC3N(C)CC2,0,IC50,4.83,3,CHEMBL2414990
CCOC(=O)c1[nH]c2ccc(F)cc2c1CN1CCN(c2ccccc2)CC1,0,Ki,4.66,1,CHEMBL5280364
CCOC(=O)N1CCN(Cc2cnn(-c3ccc(Cl)cc3)c2)CC1,0,Ki,4.99,1,CHEMBL5277859
Cc1c(C2CCN(CCc3ccccc3)CC2)noc1-c1ccc(Cl)cc1,0,Ki (>),4.77,3,CHEMBL444309
O=c1cc(CNC[C@@H](CO)Cc2ccsc2)[nH]c2ccc(F)cc12,0,Ki (>),5.0,2,CHEMBL5289845
CC(C)N1C[C@H](NC(=O)N2Cc3ccccc3[C@@H]2C)[C@@H](C)C1,0,Ki (>),5.0,1,CHEMBL5290993
CC(C)N1C[C@H](C)[C@H](NC(=O)c2cc3ccc(Br)cc3[nH]2)C1,0,Ki (>),5.0,1,CHEMBL5278957
Clc1ccc(-n2cc(CNC[C@@H]3CCCOC3)nn2)c(Cl)c1,0,Ki (>),5.0,1,CHEMBL5267339
CCS[C@H]1CC[C@@H](N(C)CC(=O)Nc2ccc(C)c(C)c2)C1,0,Ki (>),5.0,1,CHEMBL5272829
CCOC(=O)c1sc2[nH]cn/c(=N\[C@H]3CCN(CC)C3)c2c1C,0,Ki (>),5.0,1,CHEMBL5290570
CCOC(=O)c1nn(-c2ccccc2)cc1CN(C)[C@@H]1CCSC1,0,Ki (>),5.0,1,CHEMBL5283608
CN(C)[C@@H](CNC(=O)NC[C@H]1Cc2ccccc21)CC1CCCCC1,0,Ki (>),5.0,1,CHEMBL5277325
COc1cccc(CCC2=NCCN2CCc2ccccc2)c1,0,Ki (>),5.0,1,CHEMBL4079495
Oc1cccc(OCCNCC2COCC(c3ccccc3)(c3ccccc3)O2)c1,0,Ki (>),5.0,1,CHEMBL5277789
Fc1ccc(CN2CCCC23CCN(Cc2cc4ccc(Cl)cc4[nH]2)C3)cc1F,0,Ki (>),5.0,1,CHEMBL5274285
Fc1ccc(CN2CCCC3(CCN(Cc4cc5ccc(Cl)cc5[nH]4)C3)C2)cc1F,0,Ki (>),5.0,1,CHEMBL5289958
Cc1cc(C(F)(F)F)nc(Nc2ccccc2-c2nnn[nH]2)n1,0,Ki,4.8,1,CHEMBL5279691
CC(=O)Nc1c(F)cc(C(=O)N[C@H]2CC[C@H](O)CC2)cc1O[C@@H](C)c1ccccc1,0,Ki (>),4.0,1,CHEMBL4636881
Clc1ccc(N2CCN(CCCCc3nc4ccccc4s3)CC2)nc1,0,IC50,4.64,2,CHEMBL5426481
COc1cccnc1N1CCN(CCCc2nc3ccccc3s2)CC1,1,IC50,6.73,3,CHEMBL5403504
Cc1ccc2nc(CCCN3CCN(c4ccccn4)CC3)sc2c1,0,IC50,4.81,3,CHEMBL5403610
Clc1ccc2sc(CCCN3CCN(c4ccccn4)CC3)nc2c1,0,IC50,4.94,2,CHEMBL5400983
Cc1cccnc1C1CCN(CCCc2nc3ccccc3s2)CC1,0,Ki,4.88,1,CHEMBL5394387
COc1ccc(C2CCN(CCCc3nc4ccccc4s3)CC2)nc1,0,IC50,4.84,2,CHEMBL5434856
c1cnc(N2CCN(CCCc3nc4ccccc4s3)CC2)nc1,0,IC50,4.99,2,CHEMBL3289656
Cc1ccnc(N2CCN(CCCc3nc4ccccc4s3)CC2)c1,1,IC50,6.2,1,CHEMBL5437265
Cc1ccc2nc(CCCN3CCC(c4ccccn4)CC3)sc2c1,1,IC50,6.14,1,CHEMBL5399689
Clc1ccc2nc(CCCN3CCN(c4ccccn4)CC3)sc2c1,0,IC50,4.62,1,CHEMBL5403986
CCCN1CCN(c2ccc3c(c2)C(N(C)C(=O)OCc2ccccc2)CCC3)CC1,0,Ki (>),5.0,1,CHEMBL5403404
Fc1cncc(CNCC[C@@]2(c3ccccn3)CCOC3(CCCC3)C2)c1,0,Ki (>),4.0,1,CHEMBL5415557
COc1ccsc1CNCC[C@@]1(c2ccccn2)CCOC2(CCCC2)C1,0,Ki,4.08,1,CHEMBL2443262
CCC1(CC)CC(OCCCNCc2cccc(C(F)(F)F)n2)(c2ccccn2)CCO1,0,Ki (>),4.0,1,CHEMBL5413237
CCC1(CC)CC(OCCCNCc2cccc(Cl)c2Cl)(c2ccccn2)CCO1,0,Ki,4.87,1,CHEMBL5407845
COc1cccc2c1C[C@@H]1c3c(cc4c(c3-2)OCO4)CCN1C,1,IC50,6.07,1,CHEMBL601020
CN1CCc2cc3c(c4c2[C@H]1Cc1ccccc1-4)OCO3,0,IC50,4.73,1,CHEMBL483825
COc1ccc(OC)c2c1C[C@@H]1c3c(cc4c(c3-2)OCO4)CCN1C,0,IC50,4.74,1,CHEMBL5417155
COc1cccc2c3c(oc12)CN(CCCCOc1ccc2scnc2c1)CC3,0,Ki,4.59,6,CHEMBL5410217
NCCc1c[nH]c2ccc(C(N)=O)cc12,0,Ki (>),5.0,1,CHEMBL1256863
COc1cc2c(cc1-c1c(C)noc1C)ncc1[nH]c(=O)n([C@H](C)c3ccccn3)c12,0,IC50 (>),4.0,2,CHEMBL2017291
COc1ccc(C[C@H]2c3cc(O)c(OC)cc3CCN2C)cc1O,1,IC50,6.33,1,CHEMBL235212
COc1cc2c(cc1OC)Oc1c(O)ccc3c1[C@@H](C2)N(C)CC3,1,IC50,6.5,1,CHEMBL5558995
COc1cc2c(cc1O)C[C@@H]1c3c(ccc(O)c3O2)CCN1C,1,IC50,6.66,1,CHEMBL5567009
COc1cc2c(cc1O)Oc1c(O)ccc3c1[C@H](C2)N(C)CC3,1,IC50,7.52,1,CHEMBL452776
COc1cc2c(cc1O)C[C@H]1c3c(cc(O)c(OC)c3-2)CCN1C,1,IC50,6.28,1,CHEMBL388342
COc1ccc2cc3[n+](cc2c1OC)CCc1cc2c(cc1-3)OCO2,0,IC50,4.77,2,CHEMBL12089
COc1ccc2c(c1)N(CCCCCN1CCC3(CCN(C)CC3)CC1)c1ncccc1S2,0,IC50 (>),5.0,1,CHEMBL5592860
O=S(=O)(c1cccc(NC2CCNCC2)c1)n1cccc1-c1ccccc1,0,Ki,4.97,1,CHEMBL5597355
O=c1ccc2ccc(CCCCCN3CCN(c4cccc5sncc45)CC3)cc2[nH]1,1,IC50,8.07,1,CHEMBL5619208
C=CCN1C[C@H](OC(=O)Nc2ccc(-c3ccsc3)cc2)C[C@@H]1CNC(=O)c1cc(CCCF)cc(OC)c1OC,0,Ki (>),4.39,1,CHEMBL5647307
CCNC(=O)C[C@@H]1N=C(c2ccc(Cl)cc2)c2cc(OC)ccc2-n2c(C)nnc21,0,IC50 (>),4.0,1,CHEMBL1232461
Cn1nccc1CNCCNc1cccc(Br)c1,0,Ki (>),5.0,1,CHEMBL4998385
Cc1ccc2nc(CN[C@H](c3cccs3)C3CC3)cc(=O)n2c1,0,Ki (>),5.0,1,CHEMBL5722967
Cc1ccsc1CN(C)Cc1cc(=O)n2ccccc2n1,0,Ki (>),5.0,1,CHEMBL5722960
C[C@@H](Cc1cncs1)NCc1cc(=O)c2cc(F)ccc2[nH]1,0,Ki (>),5.0,1,CHEMBL5723018
CCCC[C@@H](NCc1cc(=O)c2cc(F)ccc2[nH]1)C(N)=O,0,Ki (>),5.0,1,CHEMBL5723012
O=c1cc(CNC[C@@H](O)c2ccccc2)[nH]c2ccc(F)cc12,0,Ki (>),5.0,1,CHEMBL5722994
Cc1csc(CCCNCc2cc(=O)c3cc(F)ccc3[nH]2)n1,0,Ki (>),5.0,1,CHEMBL5722948
O=c1cc(CN[C@@H]2CCSC2)[nH]c2ccc(F)cc12,0,Ki (>),5.0,1,CHEMBL5722949
O=c1cc(CN[C@@H]2COC3(CCCC3)C2)[nH]c2ccc(F)cc12,0,Ki (>),5.0,1,CHEMBL5723003
CCCn1cc(CNCc2cc(=O)c3cc(F)ccc3[nH]2)cn1,0,Ki (>),5.0,1,CHEMBL5722962
O=c1cc(CNC[C@@H](O)c2ccccn2)[nH]c2ccc(F)cc12,0,Ki (>),5.0,1,CHEMBL5722957
Cc1ccc2[nH]c(CNCCC[C@H]3CCOC3)cc(=O)c2c1,0,Ki (>),5.0,1,CHEMBL5722985
CC(C)C[C@H](CO)NCc1cc(=O)c2cc(F)ccc2[nH]1,0,Ki (>),5.0,1,CHEMBL5723006
O=c1cc(CNCC2(O)CCCCC2)[nH]c2ccc(F)cc12,0,Ki (>),5.0,1,CHEMBL5722979
CO[C@H](CNCc1cc(=O)c2cc(F)ccc2[nH]1)c1cccs1,0,Ki (>),5.0,1,CHEMBL5722998
NC(=O)[C@H](Cc1ccccc1)NCc1cc(=O)c2cc(F)ccc2[nH]1,0,Ki (>),5.0,1,CHEMBL5723023
Oc1cc(CNCCc2nccs2)nc2c(F)cccc12,0,Ki (>),5.0,1,CHEMBL4898361
CCc1nc(CCNCc2cc(=O)c3cc(F)ccc3[nH]2)cs1,0,Ki (>),5.0,1,CHEMBL5722937
Cc1n[nH]c(C)c1CCCNCc1cc(=O)c2cc(F)ccc2[nH]1,0,Ki (>),5.0,1,CHEMBL5722942
O=c1cc(CNCCc2nc3c(s2)CCC3)[nH]c2ccc(F)cc12,0,Ki (>),5.0,1,CHEMBL5723013
O=c1cc(CNCCc2csc(-c3ncccn3)n2)[nH]c2ccc(F)cc12,0,Ki (>),5.0,1,CHEMBL5722986
O=c1cc(CNCCCn2ccnn2)[nH]c2ccc(F)cc12,0,Ki (>),5.0,1,CHEMBL5723009
O=c1cc(CNCCCc2nnc3ccccn23)[nH]c2ccc(F)cc12,0,Ki (>),5.0,1,CHEMBL5723030
Cc1nc(CCNCc2cc(=O)c3cc(F)ccc3[nH]2)cc(=O)[nH]1,0,Ki (>),5.0,1,CHEMBL5722971
Cc1n[nH]c(SCCNCc2cc(=O)c3cc(F)ccc3[nH]2)n1,0,Ki (>),5.0,1,CHEMBL5723020
CC(C)c1csc(CCNCc2cc(=O)c3cc(C(N)=O)ccc3[nH]2)n1,0,Ki (>),5.0,1,CHEMBL5723033
O=c1cc(CNCCSc2cn[nH]n2)[nH]c2ccc(F)cc12,0,Ki (>),5.0,1,CHEMBL5722940
Cc1ccc2nc(CNCCCN3CCCC3=O)cc(O)c2c1,0,Ki (>),5.0,1,CHEMBL3485708
CN(CCCc1nccn1C)Cc1cc(O)c2cccc(Cl)c2n1,0,Ki (>),5.0,1,CHEMBL5722958
Cc1ccc2nc(CNCCCn3ccnc3)cc(O)c2c1,0,Ki (>),5.0,1,CHEMBL5723000
CCc1nccn1CCCNCc1cc(=O)c2cc(C)ccc2[nH]1,0,Ki (>),5.0,1,CHEMBL5723021
Cc1ccc2[nH]c(CNCc3csc(-c4ncccn4)n3)cc(=O)c2c1,0,Ki (>),5.0,1,CHEMBL5722961
Cc1ccc2[nH]c(CNCCc3nc(-c4cccnc4)n[nH]3)cc(=O)c2c1,0,Ki (>),5.0,1,CHEMBL5722983
Cc1ccc2[nH]c(CNCCSc3nc(C)n[nH]3)cc(=O)c2c1,0,Ki (>),5.0,1,CHEMBL5722980
O=c1cc(CNCCCN2CCCC[C@H]2CO)[nH]c2ccc(F)cc12,0,Ki (>),5.0,1,CHEMBL5723014
CCn1nc(C)c(CCNCc2cc(=O)c3cc(C)ccc3[nH]2)c1C,0,Ki (>),5.0,1,CHEMBL5722945
Cc1ccc2[nH]c(CNCCc3c(C)n[nH]c3C)cc(=O)c2c1,0,Ki (>),5.0,1,CHEMBL5722963
O=c1cc(CNCCCOc2cccnc2)[nH]c2ccc(F)cc12,0,Ki (>),5.0,1,CHEMBL5722982
Cc1ccc2nc(CNCCCN3CCOCC3)cc(O)c2c1,0,Ki (>),5.0,1,CHEMBL5722990
Cc1ccc2[nH]c(CNCC[C@@H]3CCCCO3)cc(=O)c2c1,0,Ki (>),5.0,1,CHEMBL5723004
O=c1cc(CNC[C@H]2CCOC2)[nH]c2c(F)cccc12,0,Ki (>),5.0,1,CHEMBL5722959
Cc1nc(N2CCN(CCCCNC(=O)N3CCN(c4ccccc4)CC3)CC2)cc(C(C)(C)C)n1,0,Ki,4.89,2,CHEMBL5757857
Cc1nc(N2CCN(CCCCNC(=O)N3CCn4c(C)nnc4C3)CC2)cc(C(C)(C)C)n1,0,Ki,4.98,2,CHEMBL5940523
O=C(NCCCCN1CCN(c2cc(C(F)(F)F)nc3ccccc23)CC1)N1CCC(c2ccccc2)CC1,0,Ki,4.0,2,CHEMBL6003107
CC(=O)c1ccc2c(c1)oc(=O)n2CCCCN1CCN(c2ccc(F)cc2)CC1,0,Ki (>),5.0,2,CHEMBL3235465
O=C1Cc2cc(CCN3CCN(c4cccc5c4CCS5)CC3)c(Cl)cc2N1,1,IC50,7.25,1,CHEMBL5949626
O=C1Cc2cc(CCN3CCN(c4cccc5sccc45)CC3)ccc2N1,1,IC50,8.05,1,CHEMBL5984307
O=c1ccc2ccc(CCN3CCN(c4cccc5sccc45)CC3)cc2[nH]1,1,IC50,8.15,1,CHEMBL6035657
O=c1ccc2ccc(CCCCCN3CCN(c4cccc5sccc45)CC3)cc2[nH]1,1,IC50,7.99,1,CHEMBL5765721
O=C1Cc2cc(CCN3CCN(c4cccc5sccc45)CC3)c(Cl)cc2N1,1,IC50,7.89,1,CHEMBL5995642
Cc1nc2c(OCc3ccccc3)cccn2c(=O)c1CCN1CCN(c2cccc3sccc23)CC1,1,IC50,7.68,1,CHEMBL5865978
O=C1CCc2ccc(CCN3CCN(c4cccc5sccc45)CC3)cc2N1,1,IC50,8.06,1,CHEMBL5771063
O=C1CCc2cc(Cl)c(CCN3CCN(c4cccc5sccc45)CC3)cc2N1,1,IC50,7.09,1,CHEMBL5985170
Cc1nc2ccc(CCCCCN3CCN(c4cccc5sccc45)CC3)cc2c(=O)[nH]1,1,IC50,7.29,1,CHEMBL5920687
O=c1ccc2ccc(CCN3CCN(c4cccc5c4CCS5)CC3)cc2[nH]1,1,IC50,7.07,1,CHEMBL5810422
Cc1ncsc1CCN1CCN(c2cccc3sccc23)CC1,1,IC50,6.32,1,CHEMBL5750687
O=c1[nH]c2ccc(CCN3CCN(c4cccc5sccc45)CC3)cc2[nH]1,1,IC50,7.71,1,CHEMBL5967130
O=c1[nH]c2ccc(CCN3CCN(c4cccc5sccc45)CC3)cc2s1,1,IC50,7.31,1,CHEMBL6058232
O=C1COc2ccc(CCN3CCN(c4cccc5sccc45)CC3)cc2N1,1,IC50,7.47,1,CHEMBL5839359
O=C1CSc2ccc(CCN3CCN(c4cccc5sccc45)CC3)cc2N1,1,IC50,7.03,1,CHEMBL5830827
O=c1ccc2ccc(CCCCN3CCN(c4cccc5sccc45)CC3)cc2[nH]1,1,IC50,7.45,1,CHEMBL5881637
O=c1[nH]cnc2ccc(CCCCCN3CCN(c4cccc5sccc45)CC3)cc12,1,IC50,6.49,1,CHEMBL5827903
O=c1[nH]c(CCN2CCN(c3cccc4sccc34)CC2)nc2ccccc12,1,IC50,6.67,1,CHEMBL5803897
O=C1Cc2cc(CCN3CCC(c4cccc5sccc45)CC3)c(Cl)cc2N1,1,IC50,7.29,1,CHEMBL5807174
O=C1Cc2c(CCN3CCN(c4cccc5sccc45)CC3)cccc2N1,1,IC50,7.16,1,CHEMBL5849312
O=C1Cc2cc(CCN3CCN(c4cncc5sccc45)CC3)c(Cl)cc2N1,1,IC50,6.57,1,CHEMBL5927943
O=c1ccc2ccc(CCN3CCN(c4cncc5sccc45)CC3)cc2[nH]1,1,IC50,6.62,1,CHEMBL5856131
O=c1ccc2ccc(CCN3CCN(c4cccc5sc(F)cc45)CC3)cc2[nH]1,1,IC50,8.08,1,CHEMBL5914239
c1ccc2[nH]c(CN3CCN(c4cccc5sccc45)CC3)nc2c1,1,IC50,7.0,1,CHEMBL5891578
c1cc(N2CCN(CCc3ccc4ncsc4c3)CC2)c2ccsc2c1,1,IC50,7.57,1,CHEMBL5901665
O=C1CCc2ccc(CCN3CCN(c4cccc5sc(F)cc45)CC3)cc2N1,1,IC50,8.53,1,CHEMBL5988023
O=C1CCc2cc(CCN3CCN(c4cccc5sc(F)cc45)CC3)ccc2N1,1,IC50,8.11,1,CHEMBL5900385
O=C1COc2cc(F)c(CCN3CCN(c4cccc5sccc45)CC3)cc2N1,1,IC50,7.21,1,CHEMBL5836244
O=c1[nH]c2ccc(CCN3CCN(c4cccc5sccc45)CC3)cc2o1,1,IC50,8.26,1,CHEMBL6028182
N#Cc1ccc2[nH]cc(CCCCN3CCN(c4cccc5sccc45)CC3)c2c1,1,IC50,7.1,1,CHEMBL6040679
O=C1COc2c(F)cc(CCCCN3CCN(c4cccc5sccc45)CC3)cc2N1,1,IC50,7.88,1,CHEMBL6018186
O=C1CCc2cc(CCCCN3CCN(c4cccc5sc(F)cc45)CC3)ccc2N1,1,IC50,8.97,1,CHEMBL5851827
O=c1[nH]c2ccc(CCN3CCN(c4cccc5sc(F)cc45)CC3)cc2[nH]1,1,IC50,8.16,1,CHEMBL5996307
O=C1COc2ccc(CCN3CCN(c4cc(F)cc5sccc45)CC3)cc2N1,1,IC50,7.34,1,CHEMBL5766708
O=C1Cc2cc(CCN3CCN(c4cccc5sc(F)cc45)CC3)ccc2N1,1,IC50,8.41,1,CHEMBL5945545
Cc1nc2ccc(CCN3CCN(c4cccc5sccc45)CC3)cc2c(=O)[nH]1,1,IC50,7.6,1,CHEMBL5763558
O=S1(=O)NCCc2ccc(CCN3CCN(c4cccc5sccc45)CC3)cc21,1,IC50,7.84,1,CHEMBL5916019
O=C1Cc2cc(CCN3CCC(c4cccc5sccc45)CC3)ccc2N1,1,IC50,7.96,1,CHEMBL6048629
O=C1CCc2ccc(CCN3CCC(c4cccc5sccc45)CC3)cc2N1,1,IC50,7.98,1,CHEMBL5885759
O=C1Cc2cc(CCN3CCN(c4cc(F)cc5sccc45)CC3)ccc2N1,1,IC50,7.96,1,CHEMBL5774536
O=C1CCc2ccc(CCN3CCN(c4cc(F)cc5sccc45)CC3)cc2N1,1,IC50,8.27,1,CHEMBL6007113
Cn1c(=O)[nH]c2ccc(CCN3CCN(c4cccc5sccc45)CC3)cc21,1,IC50,7.63,1,CHEMBL5785243
Cn1c(=O)n(C)c2cc(CCN3CCN(c4cccc5sccc45)CC3)ccc21,1,IC50,8.03,1,CHEMBL6014626
Cn1c(=O)[nH]c2cc(CCN3CCN(c4cccc5sccc45)CC3)ccc21,1,IC50,6.67,1,CHEMBL5979432
COc1cc2c(N3CCN(CCc4ccc5c(c4)CCC(=O)N5)CC3)cccc2s1,1,IC50,8.09,1,CHEMBL5770003
Cc1nc2n(c(=O)c1CCN1CCN(c3cc(F)cc4sccc34)CC1)CCCC2,1,IC50,7.98,1,CHEMBL5885838
O=C1COc2ccc(CCN3CCC(c4cccc5sccc45)CC3)cc2N1,1,IC50,8.17,1,CHEMBL5909924
O=C1CCc2cc(CCN3CCC(c4cccc5sccc45)CC3)ccc2N1,1,IC50,7.91,1,CHEMBL5832082
O=C1Cc2cc(CCCCN3CCN(c4cccc5sc(F)cc45)CC3)ccc2N1,1,IC50,8.73,1,CHEMBL5923077
O=c1ccc2ccc(CCN3CCN(c4cc(F)cc5sccc45)CC3)cc2[nH]1,1,IC50,6.97,1,CHEMBL5836576
O=C1CCc2cc(CCCCN3CCC(c4cccc5sccc45)CC3)ccc2N1,1,IC50,7.0,1,CHEMBL5753450
COc1ccc2[nH]cc(CCN3CCN(c4cccc5sccc45)CC3)c2c1,1,IC50,6.36,1,CHEMBL6054287
COc1ccc2[nH]cc(CCCN3CCN(c4cccc5sccc45)CC3)c2c1,1,IC50,6.26,1,CHEMBL5828214
COc1ccc2[nH]cc(CCCCN3CCN(c4cccc5sccc45)CC3)c2c1,1,IC50,8.07,1,CHEMBL5830707
N#Cc1ccc2[nH]cc(CCCN3CCN(c4cccc5sccc45)CC3)c2c1,1,IC50,7.66,1,CHEMBL5997477
N#Cc1ccc2[nH]cc(CCN3CCN(c4cccc5sccc45)CC3)c2c1,1,IC50,6.61,1,CHEMBL5960725
CC(=O)n1cc(CCCCN2CCN(c3cccc4sccc34)CC2)c2cc(C#N)ccc21,1,IC50,7.24,1,CHEMBL6020218
O=C1CCc2cc(CCCCN3CCN(c4cccc5sccc45)CC3)ccc2N1,1,IC50,7.62,1,CHEMBL5890339
O=C1Cc2cc(CCCCN3CCN(c4cccc5sccc45)CC3)ccc2N1,1,IC50,7.55,1,CHEMBL5787863
O=C1Cc2cc(CCN3CCN(c4cccc5sc(F)cc45)CC3)c(Cl)cc2N1,1,IC50,7.21,1,CHEMBL5858241
CN1C(=O)COc2ccc(CCN3CCN(c4cccc5sccc45)CC3)cc21,1,IC50,7.57,1,CHEMBL6001202
CN1C(=O)CCc2ccc(CCN3CCN(c4cccc5sccc45)CC3)cc21,1,IC50,7.53,1,CHEMBL5808279
Nc1nc2cc(CCN3CCN(c4cccc5sccc45)CC3)ccc2s1,1,IC50,8.22,1,CHEMBL5975067
Nc1nc2cccc(CCN3CCN(c4cccc5sccc45)CC3)c2s1,1,IC50,8.22,1,CHEMBL5792875
CC(=O)Nc1nc2cc(CCN3CCN(c4cccc5sccc45)CC3)ccc2s1,1,IC50,6.92,1,CHEMBL5874145
CC(=O)Nc1nc2cccc(CCN3CCN(c4cccc5sccc45)CC3)c2s1,1,IC50,8.33,1,CHEMBL5792929
Nc1nc2c(CCN3CCN(c4cccc5sccc45)CC3)cccc2s1,1,IC50,6.64,1,CHEMBL6060077
CC(=O)Nc1nc2c(CCN3CCN(c4cccc5sccc45)CC3)cccc2s1,1,IC50,6.67,1,CHEMBL5816572
CC(=O)N1CC(CCN2CCN(c3cccc4sccc34)CC2)c2ccccc21,1,IC50,6.92,1,CHEMBL5960228
Cc1nc2n(c(=O)c1CCN1CCN(c3cccc4sc(F)cc34)CC1)CCCC2O,1,IC50,6.72,1,CHEMBL5991179
O=C1Nc2ccccc2OC1CCN1CCN(c2cccc3sccc23)CC1,1,IC50,6.94,1,CHEMBL5758208
S=C1CCc2ccc(CCN3CCN(c4cccc5sccc45)CC3)cc2N1,1,IC50,7.96,1,CHEMBL6045417
O=C1N[C@@H]2[C@@H](CS[C@@H]2CCCCCN2CCN(c3cccc4sccc34)CC2)N1,1,IC50,7.42,1,CHEMBL5925470
O=C1COc2ccc(CCCCN3CCN(c4cccc5sccc45)CC3)cc2N1,1,IC50,7.52,1,CHEMBL5762563
c1cc(N2CCN(CCCCc3nnnn3C3CCCCC3)CC2)c2ccsc2c1,1,IC50,8.03,1,CHEMBL5804051
O=C1COc2c(F)cc(CCN3CCN(c4cccc5sccc45)CC3)cc2N1,1,IC50,7.1,1,CHEMBL5742054
COC(CN1CCN(c2cccc3sccc23)CC1)c1cccc2c1OCC(=O)N2,1,IC50,7.18,1,CHEMBL5866977
O=C1Cc2cc(C(O)CN3CCN(c4cccc5sccc45)CC3)ccc2N1,1,IC50,6.72,1,CHEMBL5757494
O=C1CCc2ccc(C(O)CCCCN3CCN(c4cccc5sccc45)CC3)cc2N1,1,IC50,8.34,1,CHEMBL5925148
CC(=O)Nc1nc2ccc(CCN3CCN(c4cccc5sccc45)CC3)cc2s1,1,IC50,8.42,1,CHEMBL5904347
Nc1nc2ccc(CCN3CCN(c4cccc5sccc45)CC3)cc2s1,1,IC50,8.7,1,CHEMBL6045510
COc1ccc(C2CC(=O)c3c(O)cc(OCCCCN4CCN(c5ccccc5OC)CC4)cc3O2)cc1,1,IC50,6.69,1,CHEMBL5830671
COc1ccccc1N1CCN(CCCCOc2cc(O)c3c(c2)OC(c2ccc(C)cc2)CC3=O)CC1,1,IC50,6.46,1,CHEMBL6023119
COc1ccccc1N1CCN(CCCCOc2cc(O)c3c(c2)OC(c2ccc(F)cc2)CC3=O)CC1,1,IC50,7.24,1,CHEMBL5931917
COc1ccc(C2CC(=O)c3c(O)cc(OCCCN4CCN(c5ccccc5OC)CC4)cc3O2)cc1,1,IC50,6.66,1,CHEMBL5787419
COc1ccc(C2CC(=O)c3c(O)cc(OCCCCN4CCC(c5noc6cc(F)ccc56)CC4)cc3O2)cc1,1,IC50,7.29,1,CHEMBL5903522
O=C1CC(c2ccc(F)cc2)Oc2cc(OCCCCN3CCC(c4noc5cc(F)ccc45)CC3)cc(O)c21,1,IC50,7.06,1,CHEMBL5901723
COc1ccc(C2CC(=O)c3c(O)cc(OCCCN4CCC(c5noc6cc(F)ccc56)CC4)cc3O2)cc1,1,IC50,6.94,1,CHEMBL5981173
Cc1ncoc1-c1nnc(SCCCN2CCO[C@@H](c3ccc(F)cc3)C2)n1C,0,Ki (>),5.0,1,CHEMBL5751323
Cc1ncoc1-c1nnc(SCCCCN2CCO[C@H](c3ccc(C(F)(F)F)cc3)C2)n1C,0,Ki (>),5.0,1,CHEMBL6023207
Cc1ncoc1-c1nnc(SCCCN2CCO[C@H](c3ccc(C(F)(F)F)cc3)C2)n1C,0,Ki (>),5.0,2,CHEMBL5852144
Cn1c(SCCCN2CCO[C@H](c3ccc(C(F)(F)F)cc3)C2)nnc1-c1ccc(C(N)=O)cc1,0,Ki,4.86,1,CHEMBL5855629
Cn1c(SCCCN2CCO[C@@H](c3ccc(C(F)(F)F)cc3)C2)nnc1-c1ccc(-c2ncco2)cc1,0,Ki,4.81,1,CHEMBL6044314
Cn1c(SCCCN2CCOC(c3ccc(C(F)(F)F)cc3)C2)nnc1-c1cnccn1,0,Ki,4.99,1,CHEMBL3765169
Cn1c(SCCCN2CCOC(c3ccc(C(F)(F)F)cc3)C2)nnc1-c1ccc(C(N)=O)cn1,0,Ki,4.79,1,CHEMBL5773648
Cn1nccc1-c1nnc(SCCCN2CCOC(c3ccc(C(F)(F)F)cc3)C2)n1C,0,Ki (>),5.0,1,CHEMBL5883189
Cn1c(SCCCN2CCOC(c3ccc(C(F)(F)F)cc3)C2)nnc1-c1ccc(C#N)cc1,0,Ki,4.95,1,CHEMBL3764639
Cc1ncoc1-c1nnc(SCCCN2CCOC(c3ccc(C(F)(F)F)cc3F)C2)n1C,0,Ki,4.96,1,CHEMBL3764586
O=C(NC(c1ccc(Cl)cc1)c1ccccn1)C1CCN(CCn2ccc(=O)cc2)CC1,0,Ki,4.7,1,CHEMBL5750360
O=C(NC(c1ccc(Cl)cc1)c1ccccn1)C1CCN(CCOc2ccc3cccnc3c2)CC1,0,Ki,4.7,1,CHEMBL5757240
Cn1cnc2c1CCN(CCN1CCC(c3noc4ccccc34)CC1)C2=O,0,Ki,4.47,2,CHEMBL5958689
Cc1noc2c1C(=O)N(CCN1CCN(c3noc4ccccc34)CC1)CC2,0,Ki,4.31,2,CHEMBL6053631
O=c1c2cccnc2ccn1CCN1CCN(c2noc3ccccc23)CC1,0,Ki (>),5.0,2,CHEMBL5844516
O=c1c2cnccc2ccn1CCN1CCN(c2noc3ccccc23)CC1,0,Ki (>),5.0,2,CHEMBL6008815
Cc1cccc2c(C3CCN(CCN4CCc5cccnc5C4=O)CC3)noc12,0,Ki (>),5.0,2,CHEMBL5987244
O=C1c2ncccc2CCN1CCN1CCN(c2noc3cc(Cl)ccc23)CC1,0,Ki (>),5.0,2,CHEMBL5776728
Cn1ncc2c1CCN(CCN1CCN(c3noc4ccccc34)CC1)C2=O,0,Ki (>),5.0,2,CHEMBL5764090
O=C1c2ncccc2CCN1CCN1CCC(c2noc3c(F)cccc23)CC1,0,Ki (>),5.0,2,CHEMBL5753002
O=C1c2ncccc2CCN1CCN1CCC(c2noc3cccc(F)c23)CC1,0,Ki (>),5.0,2,CHEMBL5992622
COc1ccc2onc(C3CCN(CCN4CCc5cccnc5C4=O)CC3)c2c1,0,Ki (>),5.0,2,CHEMBL5905068
O=C1c2nc(Cl)ccc2CCN1CCN1CCN(c2noc3ccccc23)CC1,0,Ki (>),5.0,2,CHEMBL5920206
O=C1c2ncccc2CCN1CCN1CCN(c2noc3ccc(F)cc23)CC1,0,Ki (>),5.0,2,CHEMBL5975498
O=C1c2ncccc2CCN1CCN1CCC(c2noc3cc(F)c(F)cc23)CC1,0,Ki (>),5.0,2,CHEMBL5796612
COc1ccc2c(C3CCN(CCN4CCc5cccnc5C4=O)CC3)noc2c1,0,Ki (>),5.0,2,CHEMBL5790487
O=C1c2cccnc2CCN1CCN1CCN(c2noc3ccccc23)CC1,0,Ki (>),5.0,2,CHEMBL5938222
O=c1c2cnc(C(F)(F)F)cc2ccn1CCN1CCN(c2noc3ccccc23)CC1,0,Ki (>),5.0,2,CHEMBL5857085
Cn1cc2c(n1)CCN(CCN1CCC(c3noc4ccccc34)C1)C2=O,0,Ki (>),5.0,2,CHEMBL5949172
Cc1nc2c(o1)C(=O)N(CCN1CCN(c3noc4ccccc34)CC1)CC2,0,Ki (>),5.0,2,CHEMBL5982641
Cc1ncc2c(n1)CCN(CCN1CCN(c3noc4ccccc34)CC1)C2=O,0,Ki (>),5.0,1,CHEMBL6060787
Cc1ccc2c(n1)C(=O)N(CCN1CCN(c3noc4ccccc34)CC1)CC2,0,Ki (>),5.0,2,CHEMBL6047884
Cc1ncc2c(=O)n(CCN3CCN(c4noc5ccccc45)CC3)ccc2n1,0,Ki (>),5.0,2,CHEMBL5970135
Cc1ccc2c(c1)Oc1cc(C)ccc1C(N1CCN(CC(C)(C)C(=O)O)CC1)=N2,0,Ki (>),4.3,1,CHEMBL5906963
CCN(CCN1CCN(c2noc3ccccc23)CC1)C(=O)C(C)O,0,Ki (>),5.0,1,CHEMBL5959945
CC(O)C(=O)N(CC#N)CCN1CCC(c2noc3cc(F)ccc23)CC1,0,Ki (>),5.0,1,CHEMBL5903085
CCN(CCN1CCC(c2noc3cc(F)ccc23)CC1)S(=O)(=O)C(C)CO,0,Ki (>),5.0,1,CHEMBL5856810
COc1ncc2c(n1)CCN(CCN1CCN(c3noc4ccccc34)CC1)C2=O,0,Ki (>),5.0,1,CHEMBL5804691
CC1(Oc2ccc(Cl)cc2)CCN(CCn2ccccc2=O)C1,0,Ki,4.7,1,CHEMBL5781514
CC1(Oc2ccncc2)CCN(CCOc2ccccc2)C1,0,Ki,4.7,1,CHEMBL5880427
CC1(O)CCN(CC2COc3ccccc3O2)CC1,0,Ki,4.7,1,CHEMBL5976926
CC1(Oc2ccccn2)CCN(CCOc2ccc(C(F)(F)F)cc2)CC1,0,Ki,4.7,1,CHEMBL6011755
CN(C)CCc1c[nH]c2cccc(O)c12,0,Ki (>),5.0,1,CHEMBL65547
COc1cc(C(F)(F)F)c(OC)cc1C1CCCNC1,0,Ki (>),5.0,1,CHEMBL5934096
Cc1ccccc1CN1C(=O)C2=C(CCN(Cc3ccccc3)C2)N2CCN=C12,0,Ki,4.83,1,CHEMBL4297310
N#Cc1cccc(CN2CCc3[nH]c(=O)n(Cc4ccc(C(F)(F)F)cc4)c(=O)c3C2)c1,0,Ki (>),4.0,1,CHEMBL6161894
Cc1ccc(Cn2c(=O)[nH]c3c(c2=O)CN(Cc2cccc(C#N)c2)CC3)cc1,0,Ki (>),4.0,1,CHEMBL6133978
N#Cc1cccc(CN2CCc3[nH]c(=O)n(Cc4ccc(Cl)c(Cl)c4)c(=O)c3C2)c1,0,Ki (>),4.0,1,CHEMBL6163737
O=c1[nH]c2c(c(=O)n1Cc1ccc(C(F)(F)F)cc1)CN(Cc1cccc([N+](=O)[O-])c1)CC2,0,Ki (>),4.0,1,CHEMBL6142486
O=C1CCc2ccccc2N1CCCN1CCN(C2CCCCC2)CC1,0,Ki,4.6,1,CHEMBL6169814
O=C1CCc2ccccc2N1CCCN1CCN(c2ccc(-c3ccccc3)cc2)CC1,0,Ki (>),4.0,1,CHEMBL6164304
O=C1CCc2ccccc2N1CCCN1CCN(c2ccc(C(F)(F)F)cc2)CC1,0,Ki,4.53,1,CHEMBL6166355
COC(=O)c1ccc(N2CCN(CCCN3C(=O)CCc4ccccc43)CC2)cc1,0,Ki,4.33,1,CHEMBL6144966
O=C(O)c1ccc(N2CCN(CCCN3C(=O)CCc4ccccc43)CC2)cc1,0,Ki (>),4.0,1,CHEMBL6163657
CNC[C@@H]1OCCc2ccsc21,0,IC50 (>),4.0,2,CHEMBL4650337
c1cc2c(s1)[C@@H]1CNCCN1CC2,0,IC50 (>),4.0,2,CHEMBL6173723
O=c1c(NCCc2cccc(Cl)c2)c(Nc2ccc(Cl)cc2)c1=O,0,IC50 (>),5.0,1,CHEMBL6162114
C=C(C)[C@@H]1CCC(C)=C[C@H]1c1c(O)cc(CCCCC)cc1OCCCCCCCCCCCCOc1cc(CCCCC)cc(O)c1[C@@H]1C=C(C)CC[C@H]1C(=C)C,0,Ki (>),5.0,1,CHEMBL6170631
