smiles,label,type,pChEMBL,n_records,chembl_ids
O=C(c1ccc(OCCN2CCCCC2)cc1)c1c(-c2ccc(O)cc2)sc2cc(O)ccc12,1,IC50,9.74,31,CHEMBL1116;CHEMBL81
CCC(=C(c1ccc(O)cc1)c1ccc(OCCN(C)C)cc1)c1ccccc1,1,IC50,8.52,12,CHEMBL2137046
C[C@]12CC[C@@H]3c4ccc(O)cc4CC[C@H]3[C@@H]1CC[C@@H]2O,1,IC50,9.05,84,CHEMBL135
CC/C(=C(/CC)c1ccc(O)cc1)c1ccc(O)cc1,1,IC50,8.52,9,CHEMBL411
O=c1c(-c2ccc(O)cc2)coc2cc(O)cc(O)c12,1,IC50,8.01,9,CHEMBL44
CCCCN(C)C(=O)CCCCCCCCCCS[C@H]1[C@@H]2[C@H](CC[C@]3(C)[C@@H](O)CC[C@@H]23)c2ccc(O)cc2[C@H]1O,1,IC50,6.5,2,CHEMBL1627351
COc1ccc2c(c1)CCC1=CC(=O)CC[C@@]12Cc1ccccc1,0,Ki (>),5.0,1,CHEMBL82307
CCCCN(C)C(=O)CCCCCCCCCCS[C@@H]1C(=O)c2cc(O)ccc2[C@H]2CC[C@]3(C)[C@@H](O)CC[C@H]3[C@H]12,1,IC50,6.29,2,CHEMBL1628199
C[C@]12CC[C@@H]3c4ccc(O)cc4C[C@@H](CCCCCCCCC[S+]([O-])CCCC(F)(F)C(F)(F)F)[C@H]3[C@@H]1CC[C@@H]2O,1,IC50,10.2,22,CHEMBL1358
CC#C[C@]1(O)CCC2C3CCC4=CC(=O)CC[C@]4(Cc4ccc(C)cc4)C3=CC[C@@]21C,0,Ki (>),5.0,1,CHEMBL78704
CCCCN(C)C(=O)CCCCCCCCCCS[C@@H]1Cc2cc(O)ccc2[C@H]2CC[C@]3(C)[C@@H](O)CC[C@H]3[C@@H]21,1,IC50,8.46,1,CHEMBL1627354
CN1CCN(c2nc(NCCCc3ccccc3)nc(N3CCCC(c4ccc(O)cc4)C3)n2)CC1,0,Ki (>),5.0,1,CHEMBL150554
CN1CCN(c2nc(NCCc3ccc(O)cc3)nc(NC3CCc4ccccc43)n2)CC1,0,Ki (>),5.0,1,CHEMBL153653
CN1CCN(c2nc(NCCCc3ccccc3)nc(N3CCc4cc(O)ccc4C3)n2)CC1,0,Ki (>),5.0,1,CHEMBL358009
CN(CCCc1ccc(Cl)cc1)c1nc(NCCc2ccc(O)cc2)nc(N2CCNCC2)n1,1,IC50,6.96,3,CHEMBL153405
CCN(CC)C(=O)N1CCN(c2nc(NCCc3ccc(O)cc3)nc(N(C)CCCc3ccc(Cl)cc3)n2)CC1,0,Ki (>),5.0,1,CHEMBL356635
CN1CCN(c2nc(NCCCc3ccccc3)nc(NC3CCc4ccc(O)cc4C3)n2)CC1,0,Ki (>),5.0,1,CHEMBL358468
CC(C)S(=O)(=O)N1CCN(c2nc(NCCc3ccc(O)cc3)nc(N(C)CCCc3ccc(Cl)cc3)n2)CC1,0,Ki (>),5.0,1,CHEMBL150593
CN(CCCc1ccc(F)cc1)c1nc(NCCc2ccc(O)cc2)nc(N2CCNCC2)n1,1,IC50,6.62,3,CHEMBL150279
CN(C[C@@H]1C[C@@H]1c1ccccc1)c1nc(NCCc2ccc(O)cc2)nc(N2CCNCC2)n1,1,IC50,6.25,2,CHEMBL153395
Cc1nc(CN2CCN(c3nc(NCCc4ccc(O)cc4)nc(N(C)CCCc4ccc(Cl)cc4)n3)CC2)cs1,1,IC50,6.82,3,CHEMBL434502
CN1CCN(c2nc(NCCCc3ccccc3)nc(NCCc3cccc(O)c3)n2)CC1,0,Ki (>),5.0,1,CHEMBL153100
CN(CCCc1ccc(Cl)cc1)c1nc(NCCc2ccc(O)cc2)nc(N2CCN(CCO)CC2)n1,1,IC50,7.52,3,CHEMBL347560
CN(C[C@@H]1C[C@H]1c1ccccc1)c1nc(NCCc2ccc(O)cc2)nc(N2CCNCC2)n1,0,Ki (>),5.0,1,CHEMBL155226
Oc1ccc(CCNc2nc(SCCCc3ccc(Cl)cc3)nc(N3CCNCC3)n2)cc1,1,IC50,7.1,3,CHEMBL346455
Cc1c(-c2ccc(O)cc2)n(Cc2ccc(OCCN3CCCCC3)cc2)c2ccc(O)cc12,1,IC50,8.82,3,CHEMBL44426
Cc1c(-c2ccc(O)cc2)n(Cc2ccc(OCCN3CCCCCC3)cc2)c2ccc(O)cc12,1,IC50,9.22,4,CHEMBL46740
Cc1c(-c2ccc(O)cc2)n(CCCCCCN2CCCC2)c2ccc(O)cc12,1,IC50,7.6,2,CHEMBL46903
Cc1cc(O)c2c(c1)C(=O)c1cc(O)cc(O[C@@H]3O[C@H](CO)[C@@H](O)[C@H](O)[C@H]3O)c1C2=O,0,IC50,4.7,1,CHEMBL464360
Cc1ccc(N2CCc3cc(O)ccc3C2(C)c2ccc(OCCN3CCCC3)cc2)cc1,1,IC50,8.46,3,CHEMBL327515
Clc1ccc(/C=C/c2cc(Cl)cc(Cl)c2)cc1,0,Ki (>),4.0,1,CHEMBL178733
COc1ccc(/C=C/c2cc(F)cc(F)c2)cc1,0,Ki (>),4.0,1,CHEMBL178806
Fc1ccc(/C=C/c2cc(F)cc(F)c2)cc1,0,Ki (>),4.0,1,CHEMBL179481
FC(F)(F)c1ccc(/C=C/c2cc(C(F)(F)F)cc(C(F)(F)F)c2)cc1,0,Ki (>),4.0,1,CHEMBL361212
COc1cc(/C=C/c2ccc(F)cc2)cc(OC)c1,0,Ki (>),4.0,1,CHEMBL179374
CCCCOc1ccc(/C=C/c2cc(OC)cc(OC)c2)cc1,0,Ki (>),4.0,1,CHEMBL175526
FC(F)(F)c1ccc(/C=C/c2cc(Cl)cc(Cl)c2)cc1,0,Ki (>),4.0,1,CHEMBL179510
COc1ccc(/C=C/c2cc(Cl)cc(Cl)c2)cc1,0,Ki (>),4.0,1,CHEMBL179619
FC(F)(F)c1cccc(/C=C/c2cc(Cl)cc(Cl)c2)c1,0,Ki (>),4.0,1,CHEMBL361541
COc1cccc(/C=C/c2cc(Cl)cc(Cl)c2)c1,0,Ki (>),4.0,1,CHEMBL427498
Clc1ccc(/C=C\c2cc(Cl)cc(Cl)c2)cc1,0,Ki (>),4.0,1,CHEMBL361413
COc1ccc(/C=C\c2cc(F)cc(F)c2)cc1,0,Ki (>),4.0,1,CHEMBL178866
Fc1ccc(/C=C\c2cc(F)cc(F)c2)cc1,0,Ki (>),4.0,1,CHEMBL178917
FC(F)(F)c1ccc(/C=C\c2cc(C(F)(F)F)cc(C(F)(F)F)c2)cc1,0,Ki (>),4.0,1,CHEMBL175493
COc1cc(/C=C\c2ccc(F)cc2)cc(OC)c1,0,Ki (>),4.0,1,CHEMBL369262
CCCCOc1ccc(/C=C\c2cc(OC)cc(OC)c2)cc1,0,Ki (>),4.0,1,CHEMBL426049
FC(F)(F)c1ccc(/C=C\c2cc(Cl)cc(Cl)c2)cc1,0,Ki (>),4.0,1,CHEMBL179770
COc1ccc(/C=C\c2cc(Cl)cc(Cl)c2)cc1,0,Ki (>),4.0,1,CHEMBL178967
FC(F)(F)c1cccc(/C=C\c2cc(Cl)cc(Cl)c2)c1,0,Ki (>),4.0,1,CHEMBL179821
COc1cccc(/C=C\c2cc(Cl)cc(Cl)c2)c1,0,Ki (>),4.0,1,CHEMBL362265
C[C@H]1CCN(CCOc2ccc([C@@H]3Oc4ccc(O)c(F)c4[C@@H](C)[C@@H]3c3ccc(O)cc3)cc2)C1,1,IC50,9.1,1,CHEMBL181404
C[C@@H]1CCN(CCOc2ccc([C@@H]3Oc4ccc(O)cc4[C@@H](C)[C@@H]3c3ccc(O)cc3)cc2)C1,1,IC50,8.62,1,CHEMBL369724
C[C@@H]1CCN(CCOc2ccc([C@@H]3Oc4ccc(O)c(F)c4[C@@H](C)[C@@H]3c3ccc(O)cc3)cc2)C1,1,IC50,9.1,1,CHEMBL361005
C[C@@H]1c2cc(O)ccc2O[C@@H](c2ccc(OC[C@H](C)N3CCCC3)cc2)[C@H]1c1ccc(O)cc1,1,IC50,8.85,1,CHEMBL360315
Cc1cc(C)nc(N2CCN(c3ccc(C(=O)c4c(-c5ccc(O)cc5)sc5cc(O)ccc45)cc3)CC2)n1,1,IC50,8.67,1,CHEMBL182237
CCCN1CCN(c2ccc(C(=O)c3c(-c4ccc(O)cc4)sc4cc(O)ccc34)cc2)CC1,1,IC50,8.85,1,CHEMBL179518
C[C@@H]1c2c(ccc(O)c2F)O[C@@H](c2ccc(OC[C@H](C)N3CCCC3)cc2)[C@H]1c1ccc(O)cc1,1,IC50,9.3,1,CHEMBL359633
C[C@H]1c2ccc(O)cc2O[C@@H](c2ccc(OCCN3CCCCC3)cc2)[C@H]1c1ccc(O)cc1,1,IC50,7.35,1,CHEMBL180538
C[C@H]1c2cc(O)ccc2O[C@@H](c2ccc(OCCN3CCCCC3)cc2)[C@H]1c1ccc(O)cc1,1,IC50,7.42,1,CHEMBL180253
C[C@@H]1c2ccc(O)cc2O[C@@H](c2ccc(OCCN3CCCCC3)cc2)[C@H]1c1ccc(O)cc1,1,IC50,9.18,1,CHEMBL362428
CC[C@@H]1c2cc(O)ccc2O[C@@H](c2ccc(OCCN3CCCCC3)cc2)[C@H]1c1ccc(O)cc1,1,IC50,7.85,1,CHEMBL178559
C[C@@H]1c2cc(O)ccc2O[C@@H](c2ccc(OCCN3CCCCC3)cc2)[C@H]1c1ccc(O)cc1,1,IC50,8.85,1,CHEMBL178470
O=C(c1ccc(N2CCN(Cc3ccccc3)CC2)cc1)c1c(-c2ccc(O)cc2)sc2cc(O)ccc12,1,IC50,9.01,1,CHEMBL2113001
O=C(c1ccc(N2CCN(C(=O)c3ccccc3)CC2)cc1)c1c(-c2ccc(O)cc2)sc2cc(O)ccc12,1,IC50,9.07,1,CHEMBL360498
O=C(c1ccc(N2CCN(C(=O)c3ccco3)CC2)cc1)c1c(-c2ccc(O)cc2)sc2cc(O)ccc12,1,IC50,8.58,1,CHEMBL178857
Cc1ccc(C(=O)N2CCN(c3ccc(C(=O)c4c(-c5ccc(O)cc5)sc5cc(O)ccc45)cc3)CC2)cc1,1,IC50,8.56,1,CHEMBL180702
O=C(c1ccc(N2CCN(C(=O)c3cccc(Cl)c3)CC2)cc1)c1c(-c2ccc(O)cc2)sc2cc(O)ccc12,1,IC50,9.34,1,CHEMBL178665
O=C(c1ccc(N2CCN(C(=O)c3ccc(Cl)cc3)CC2)cc1)c1c(-c2ccc(O)cc2)sc2cc(O)ccc12,1,IC50,9.11,1,CHEMBL180707
C[C@@H]1c2c(ccc(O)c2F)O[C@@H](c2ccc(OCCN3CCCCC3)cc2)[C@H]1c1ccc(O)cc1,1,IC50,9.1,1,CHEMBL180146
O=C(c1ccc(N2CCN(C(=O)c3cccc(O)c3)CC2)cc1)c1c(-c2ccc(O)cc2)sc2cc(O)ccc12,1,IC50,8.86,1,CHEMBL441499
O=C(c1ccc(N2CCN(C(=O)c3ccccc3O)CC2)cc1)c1c(-c2ccc(O)cc2)sc2cc(O)ccc12,1,IC50,8.52,1,CHEMBL427496
Cc1ccccc1C(=O)N1CCN(c2ccc(C(=O)c3c(-c4ccc(O)cc4)sc4cc(O)ccc34)cc2)CC1,1,IC50,8.4,1,CHEMBL182157
Cc1cccc(C(=O)N2CCN(c3ccc(C(=O)c4c(-c5ccc(O)cc5)sc5cc(O)ccc45)cc3)CC2)c1,1,IC50,9.57,1,CHEMBL180873
C[C@@H]1c2cc(O)ccc2O[C@@H](c2ccc(OCCN3CCCC3)cc2)[C@H]1c1ccc(O)cc1,1,IC50,8.82,1,CHEMBL181936
C[C@@H]1c2c(ccc(O)c2F)O[C@@H](c2ccc(OCCN3CCCC3)cc2)[C@H]1c1ccc(O)cc1,1,IC50,9.05,1,CHEMBL181369
C[C@H]1CCN(CCOc2ccc([C@@H]3Oc4ccc(O)cc4[C@@H](C)[C@@H]3c3ccc(O)cc3)cc2)C1,1,IC50,8.89,1,CHEMBL433581
O=C(c1ccc(N2CCN(C(=O)c3ccccc3Cl)CC2)cc1)c1c(-c2ccc(O)cc2)sc2cc(O)ccc12,1,IC50,8.76,1,CHEMBL180973
O=C(c1ccc(N2CCN(C(=O)c3ccncc3)CC2)cc1)c1c(-c2ccc(O)cc2)sc2cc(O)ccc12,1,IC50,7.84,1,CHEMBL362425
O=C(c1ccc(N2CCN(C(=O)c3ccc([N+](=O)[O-])cc3)CC2)cc1)c1c(-c2ccc(O)cc2)sc2cc(O)ccc12,1,IC50,8.67,1,CHEMBL362020
O=C(c1ccc(N2CCN(c3ccc(Cl)cc3)CC2)cc1)c1c(-c2ccc(O)cc2)sc2cc(O)ccc12,1,IC50,9.66,1,CHEMBL178679
O=C(c1ccc(N2CCN(C(=O)c3ccccc3[N+](=O)[O-])CC2)cc1)c1c(-c2ccc(O)cc2)sc2cc(O)ccc12,1,IC50,8.45,1,CHEMBL360978
O=C(c1ccc(N2CCN(c3ccc([N+](=O)[O-])cc3)CC2)cc1)c1c(-c2ccc(O)cc2)sc2cc(O)ccc12,1,IC50,9.37,1,CHEMBL180176
CC(C)N1CCN(c2ccc(C(=O)c3c(-c4ccc(O)cc4)sc4cc(O)ccc34)cc2)CC1,1,IC50,9.55,1,CHEMBL178334
O=C(c1ccc(N2CCN(C3CCCC3)CC2)cc1)c1c(-c2ccc(O)cc2)sc2cc(O)ccc12,1,IC50,8.97,1,CHEMBL366928
C[C@@H]1CCN([C@@H](C)COc2ccc([C@@H]3Oc4ccc(O)cc4[C@@H](C)[C@@H]3c3ccc(O)cc3)cc2)C1,1,IC50,8.89,1,CHEMBL368449
C[C@@H]1CCN([C@@H](C)COc2ccc([C@@H]3Oc4ccc(O)c(F)c4[C@@H](C)[C@@H]3c3ccc(O)cc3)cc2)C1,1,IC50,9.05,1,CHEMBL180995
C[C@H]1CCN([C@@H](C)COc2ccc([C@@H]3Oc4ccc(O)c(F)c4[C@@H](C)[C@@H]3c3ccc(O)cc3)cc2)C1,1,IC50,8.6,1,CHEMBL359671
C[C@H](CN1CCCC1)Oc1ccc([C@@H]2Oc3ccc(O)cc3[C@@H](C)[C@@H]2c2ccc(O)cc2)cc1,1,IC50,8.82,1,CHEMBL2113002
C[C@@H]1c2c(ccc(O)c2F)O[C@@H](c2ccc(OCCN3CCCCCC3)cc2)[C@H]1c1ccc(O)cc1,1,IC50,9.52,1,CHEMBL181368
C[C@@H]1c2c(ccc(O)c2F)O[C@@H](c2ccc(OC[C@H](C)N3CCC[C@H]3C)cc2)[C@H]1c1ccc(O)cc1,1,IC50,9.15,1,CHEMBL181248
Oc1ccc([C@H]2Sc3cc(O)ccc3O[C@H]2c2ccc(OCCN3CCCCC3)cc2)cc1,1,IC50,9.1,2,CHEMBL304552
C[C@H]1CN(CCOc2ccc([C@@H]3Oc4ccc(O)cc4S[C@@H]3c3ccc(O)cc3)cc2)C[C@@H]1C,1,IC50,9.3,2,CHEMBL182980
C[C@@H]1CN(CCOc2ccc([C@@H]3Oc4ccc(O)cc4S[C@@H]3c3ccc(O)cc3)cc2)C[C@H]1C,1,IC50,9.4,2,CHEMBL183467
Oc1ccc([C@H]2Sc3cc(O)ccc3O[C@H]2c2ccc(OCCCN3CCCC3)cc2)cc1,1,IC50,8.77,1,CHEMBL361751
C[C@H](COc1ccc([C@@H]2Oc3ccc(O)cc3S[C@@H]2c2ccc(O)cc2)cc1)N1CCCC1,1,IC50,8.89,3,CHEMBL180792
Oc1ccc([C@H]2Sc3cc(O)ccc3O[C@H]2c2ccc(OCCN3CC4CC4C3)cc2)cc1,1,IC50,9.15,1,CHEMBL184202
Oc1ccc([C@H]2Sc3cc(O)ccc3O[C@H]2c2ccc(OCCN3CCCC3)cc2)cc1,1,IC50,8.59,2,CHEMBL362623
C[C@@H]1CCN(CCOc2ccc([C@@H]3Oc4ccc(O)cc4S[C@@H]3c3ccc(O)cc3)cc2)C1,1,IC50,8.52,3,CHEMBL183584
C[C@H]1CCN(CCOc2ccc([C@@H]3Oc4ccc(O)cc4S[C@@H]3c3ccc(O)cc3)cc2)C1,1,IC50,9.0,1,CHEMBL183049
C[C@@H]1CCCN1CCOc1ccc([C@@H]2Oc3ccc(O)cc3S[C@@H]2c2ccc(O)cc2)cc1,1,IC50,9.15,1,CHEMBL183489
C[C@H]1CCCN1CCOc1ccc([C@@H]2Oc3ccc(O)cc3S[C@@H]2c2ccc(O)cc2)cc1,1,IC50,9.1,1,CHEMBL183344
CC[C@@H]1CCN(CCOc2ccc([C@@H]3Oc4ccc(O)cc4S[C@@H]3c3ccc(O)cc3)cc2)C1,1,IC50,9.05,1,CHEMBL183388
CC[C@H]1CCN(CCOc2ccc([C@@H]3Oc4ccc(O)cc4S[C@@H]3c3ccc(O)cc3)cc2)C1,1,IC50,8.96,1,CHEMBL2113027
CC(C)[C@@H]1CCN(CCOc2ccc([C@@H]3Oc4ccc(O)cc4S[C@@H]3c3ccc(O)cc3)cc2)C1,1,IC50,9.4,1,CHEMBL361601
CC(C)[C@H]1CCN(CCOc2ccc([C@@H]3Oc4ccc(O)cc4S[C@@H]3c3ccc(O)cc3)cc2)C1,1,IC50,9.52,1,CHEMBL427324
CC1(C)CCN(CCOc2ccc([C@@H]3Oc4ccc(O)cc4S[C@@H]3c3ccc(O)cc3)cc2)C1,1,IC50,9.0,1,CHEMBL182887
CC1(C)CCCN1CCOc1ccc([C@@H]2Oc3ccc(O)cc3S[C@@H]2c2ccc(O)cc2)cc1,1,IC50,9.05,1,CHEMBL183371
C[C@@H]1CN(CCOc2ccc([C@@H]3Oc4ccc(O)cc4S[C@@H]3c3ccc(O)cc3)cc2)C[C@@H]1C,1,IC50,9.15,2,CHEMBL367574
CC(C)c1cccc(N2CCc3cc(O)ccc3C2(C)c2ccc(OCCN3CCCCC3)cc2)c1,1,IC50,7.79,2,CHEMBL100595
CN(C)c1cccc(N2CCc3cc(O)ccc3C2(C)c2ccc(OCCN3CCCC3)cc2)c1,1,IC50,7.72,2,CHEMBL323119
Oc1ccc2c(c1)CCN(c1ccccc1)C2c1ccc(OCCN2CCCCC2)cc1,1,IC50,7.78,4,CHEMBL101382
CC1(c2ccc(OCCN3CCCC3)cc2)c2ccc(O)cc2CCN1c1ccccc1,1,IC50,8.74,2,CHEMBL98558
CC1(c2ccc(OCCN3CCCCC3)cc2)c2ccc(O)cc2CCN1c1ccccc1,1,IC50,8.59,2,CHEMBL101807
CC1(c2ccc(OCCN3CCCCCC3)cc2)c2ccc(O)cc2CCN1c1ccccc1,1,IC50,8.82,2,CHEMBL328810
CN(C)c1cccc(N2CCc3cc(O)ccc3C2c2ccc(OCCN3CCCCC3)cc2)c1,1,IC50,7.7,2,CHEMBL434346
CC[C@@H](COc1ccc([C@@H]2Oc3ccc(O)cc3S[C@@H]2c2ccc(O)cc2)cc1)N1CCCC1,1,IC50,9.3,2,CHEMBL367350
CC[C@H](COc1ccc([C@@H]2Oc3ccc(O)cc3S[C@@H]2c2ccc(O)cc2)cc1)N1CCCC1,1,IC50,9.15,2,CHEMBL369545
CC(C)[C@@H](COc1ccc([C@@H]2Oc3ccc(O)cc3S[C@@H]2c2ccc(O)cc2)cc1)N1CCCC1,1,IC50,9.15,2,CHEMBL183263
CC(C)[C@H](COc1ccc([C@@H]2Oc3ccc(O)cc3S[C@@H]2c2ccc(O)cc2)cc1)N1CCCC1,1,IC50,9.3,2,CHEMBL182794
CC(C)(COc1ccc([C@@H]2Oc3ccc(O)cc3S[C@@H]2c2ccc(O)cc2)cc1)N1CCCC1,1,IC50,9.15,1,CHEMBL179852
C[C@@H](CN1CCCC1)Oc1ccc([C@@H]2Oc3ccc(O)cc3S[C@@H]2c2ccc(O)cc2)cc1,1,IC50,8.6,1,CHEMBL181944
C[C@H](CN1CCCC1)Oc1ccc([C@@H]2Oc3ccc(O)cc3S[C@@H]2c2ccc(O)cc2)cc1,1,IC50,8.2,1,CHEMBL183044
CC[C@@H](CN1CCCC1)Oc1ccc([C@@H]2Oc3ccc(O)cc3S[C@@H]2c2ccc(O)cc2)cc1,1,IC50,9.1,1,CHEMBL183092
CC[C@H](CN1CCCC1)Oc1ccc([C@@H]2Oc3ccc(O)cc3S[C@@H]2c2ccc(O)cc2)cc1,1,IC50,8.92,1,CHEMBL183086
Oc1ccc2c(c1)CCN(c1ccccc1)C2c1ccc(OCCN2CCCC2)cc1,1,IC50,7.97,2,CHEMBL316080
CC1(c2ccc(OCCN3CCCCC3)cc2)c2ccc(O)cc2CCN1c1cccc(O)c1,1,IC50,9.15,2,CHEMBL100617
CC1(c2ccc(OCCN3CCCC3)cc2)c2ccc(O)cc2CCN1c1cccc(F)c1,1,IC50,8.52,2,CHEMBL319211
CC1(c2ccc(OCCN3CCCC3)cc2)c2ccc(O)cc2CCN1c1cccc(Cl)c1,1,IC50,8.54,2,CHEMBL319678
CC1(c2ccc(OCCN3CCCCC3)cc2)c2ccc(O)cc2CCN1c1cccc(Cl)c1,1,IC50,8.35,2,CHEMBL103305
Cc1ccc(N2CCc3cc(O)ccc3C2(C)c2ccc(OCCN3CCCCC3)cc2)cc1,1,IC50,8.54,2,CHEMBL174502
CC1(c2ccc(OCCN3CCCC3)cc2)c2ccc(O)cc2CCN1c1ccc(F)cc1,1,IC50,8.8,2,CHEMBL101997
CC1(c2ccc(OCCN3CCCCC3)cc2)c2ccc(O)cc2CCN1c1ccc(F)cc1,1,IC50,8.72,3,CHEMBL101083
CC1(c2ccc(OCCN3CCCC3)cc2)c2ccc(O)cc2CCN1c1ccc(Cl)cc1,1,IC50,8.48,2,CHEMBL100763
CC1(c2ccc(OCCN3CCCCC3)cc2)c2ccc(O)cc2CCN1c1ccc(Cl)cc1,1,IC50,8.51,2,CHEMBL103294
CC(C)c1ccc(N2CCc3cc(O)ccc3C2(C)c2ccc(OCCN3CCCC3)cc2)cc1,1,IC50,8.59,2,CHEMBL98470
CC(C)c1ccc(N2CCc3cc(O)ccc3C2(C)c2ccc(OCCN3CCCCC3)cc2)cc1,1,IC50,8.28,2,CHEMBL100231
CC1(c2ccc(OCCN3CCCC3)cc2)c2ccc(O)cc2CCN1c1cccc(O)c1,1,IC50,9.22,2,CHEMBL328388
O=C1C(c2ccc(O)cc2)=C(Br)c2ccc(O)cc21,1,IC50,6.54,1,CHEMBL190467
CC1=C(c2ccc(O)cc2)C(=O)c2cc(O)ccc21,1,IC50,7.26,1,CHEMBL371777
CSC1=C(c2ccc(O)cc2)C(=O)c2cc(O)ccc21,1,IC50,7.92,1,CHEMBL191841
CCSC1=C(c2ccc(O)cc2)C(=O)c2cc(O)ccc21,1,IC50,8.0,1,CHEMBL193108
O=C1C(c2ccc(O)cc2)=C(c2ccccc2)c2ccc(O)cc21,1,IC50,8.05,1,CHEMBL192586
COc1cc(O)cc2c1C(Br)=C(c1ccc(O)cc1)C2=O,1,IC50,6.7,1,CHEMBL192587
O=C1C(c2ccc(O)cc2)=C(Br)c2c(O)cc(O)cc21,1,IC50,6.15,1,CHEMBL190487
CSC1=C(c2ccc(O)cc2)C(=O)c2cc(O)cc(O)c21,1,IC50,8.7,1,CHEMBL190038
CCSC1=C(c2ccc(O)cc2)C(=O)c2cc(O)cc(O)c21,1,IC50,6.24,1,CHEMBL190025
O=C1C(c2ccc(O)cc2)=C(c2ccccc2)c2c(O)cc(O)cc21,1,IC50,7.33,1,CHEMBL190682
O=C1C(c2ccc(O)cc2)=C(Br)c2cc(O)ccc21,1,IC50,8.28,1,CHEMBL363872
CC1=C(c2ccc(O)cc2)C(=O)c2ccc(O)cc21,1,IC50,8.22,1,CHEMBL370037
CSC1=C(c2ccc(O)cc2)C(=O)c2ccc(O)cc21,1,IC50,8.51,1,CHEMBL192765
CCSC1=C(c2ccc(O)cc2)C(=O)c2ccc(O)cc21,1,IC50,6.32,1,CHEMBL190104
O=C1C(c2ccc(O)cc2)=C(c2ccccc2)c2cc(O)ccc21,1,IC50,8.0,1,CHEMBL373095
CC1=C(c2ccc(O)cc2)C(=O)c2c(O)cc(O)cc21,1,IC50,7.51,1,CHEMBL371788
O=C1C(c2ccc(O)cc2)=C(c2ccccc2)c2cc(O)cc(O)c21,1,IC50,8.52,1,CHEMBL191836
Oc1ccc(-c2ccc3c(Cl)c(O)ccc3c2)c(F)c1,1,IC50,7.24,1,CHEMBL447837
Oc1ccc2cc(-c3cc(F)c(O)cc3F)ccc2c1,1,IC50,7.57,1,CHEMBL195289
Oc1cc(F)c(-c2ccc3c(Cl)c(O)ccc3c2)cc1F,1,IC50,6.93,1,CHEMBL363177
Oc1cc(F)c(-c2ccc3cc(O)ccc3c2)c(F)c1,1,IC50,7.99,1,CHEMBL192621
Oc1cc(F)c(-c2ccc3c(Cl)c(O)ccc3c2)c(F)c1,1,IC50,7.46,1,CHEMBL192260
Oc1ccc(-c2ccc3cc(O)ccc3c2)c(Cl)c1,1,IC50,8.0,1,CHEMBL195311
Oc1ccc(-c2ccc3c(Cl)c(O)ccc3c2)c(Cl)c1,1,IC50,7.44,1,CHEMBL191710
COc1cc(O)ccc1-c1ccc2cc(O)ccc2c1,1,IC50,6.76,1,CHEMBL427180
Cc1cc(O)ccc1-c1ccc2cc(O)ccc2c1,1,IC50,7.4,1,CHEMBL195389
Cc1cc(O)ccc1-c1ccc2c(Cl)c(O)ccc2c1,1,IC50,7.4,1,CHEMBL191300
Oc1ccc2cc(-c3ccc(O)c(F)c3)ccc2c1,1,IC50,7.04,1,CHEMBL193727
Oc1ccc(-c2ccc3c(Cl)c(O)ccc3c2)cc1F,1,IC50,6.84,1,CHEMBL191808
Oc1ccc2cc(-c3ccc(O)c(Cl)c3)ccc2c1,1,IC50,6.97,1,CHEMBL365999
Oc1ccc(-c2ccc3c(Cl)c(O)ccc3c2)cc1Cl,1,IC50,6.45,1,CHEMBL426085
Oc1ccc2cc(-c3cc(F)c(O)c(F)c3)ccc2c1,1,IC50,7.04,1,CHEMBL191716
Oc1ccc2cc(-c3cc(F)c(O)c(F)c3)ccc2c1Cl,1,IC50,6.29,1,CHEMBL192068
Oc1ccc(-c2cc(F)c3cc(O)ccc3c2)cc1,1,IC50,7.66,1,CHEMBL192386
Oc1ccc2cc(-c3ccc(O)c(F)c3)cc(F)c2c1,1,IC50,7.68,1,CHEMBL363425
Oc1ccc(-c2cc(F)c3c(Cl)c(O)ccc3c2)cc1,1,IC50,7.4,1,CHEMBL193146
Oc1ccc(-c2cc(F)c3c(Cl)c(O)ccc3c2)cc1F,1,IC50,6.9,1,CHEMBL191901
Oc1ccc(-c2cc(Cl)c3cc(O)ccc3c2)cc1,1,IC50,7.52,1,CHEMBL363367
Oc1ccc(-c2cc(Cl)c3c(Cl)c(O)ccc3c2)cc1,1,IC50,7.37,1,CHEMBL192876
N#Cc1cc(-c2ccc(O)cc2)cc2ccc(O)cc12,1,IC50,6.98,1,CHEMBL371624
N#Cc1cc(-c2ccc(O)c(F)c2)cc2ccc(O)cc12,1,IC50,6.68,1,CHEMBL192154
N#Cc1cc(-c2ccc(O)cc2)cc2ccc(O)c(Br)c12,1,IC50,6.88,1,CHEMBL362966
N#Cc1cc(-c2ccc(O)cc2)cc2ccc(O)c(Cl)c12,1,IC50,6.96,1,CHEMBL195807
N#Cc1cc(-c2ccc(O)c(F)c2)cc2ccc(O)c(Cl)c12,1,IC50,6.52,1,CHEMBL191238
N#Cc1cc(-c2ccc(O)c(F)c2)cc2ccc(O)c(F)c12,1,IC50,6.51,1,CHEMBL195280
O=Cc1cc(-c2ccc(O)c(F)c2)cc2ccc(O)cc12,1,IC50,6.64,1,CHEMBL365941
C=Cc1cc(-c2ccc(O)c(F)c2)cc2ccc(O)cc12,1,IC50,6.59,1,CHEMBL195290
CCc1cc(-c2ccc(O)c(F)c2)cc2ccc(O)cc12,1,IC50,6.63,1,CHEMBL193064
C#Cc1cc(-c2ccc(O)c(F)c2)cc2ccc(O)cc12,1,IC50,6.61,1,CHEMBL192016
CC#Cc1cc(-c2ccc(O)c(F)c2)cc2ccc(O)cc12,1,IC50,6.46,1,CHEMBL363633
N#Cc1cc(-c2ccc(O)cc2F)cc2ccc(O)cc12,1,IC50,7.58,1,CHEMBL363634
N#Cc1cc(-c2cc(F)c(O)cc2F)cc2ccc(O)cc12,1,IC50,6.73,1,CHEMBL194326
N#Cc1cc(-c2c(F)cc(O)cc2F)cc2ccc(O)cc12,1,IC50,7.35,1,CHEMBL426641
N#Cc1cc(-c2cc(F)c(O)c(F)c2)cc2ccc(O)cc12,1,IC50,6.26,1,CHEMBL195154
N#Cc1cc(O)cc2ccc(-c3ccc(O)cc3)cc12,1,IC50,7.08,1,CHEMBL194762
N#Cc1cc(O)cc2ccc(-c3ccc(O)c(F)c3)cc12,1,IC50,7.02,1,CHEMBL192000
N#Cc1cc(O)c(Br)c2ccc(-c3ccc(O)c(F)c3)cc12,1,IC50,6.94,1,CHEMBL195039
N#Cc1cc(O)c(C#N)c2ccc(-c3ccc(O)c(F)c3)cc12,1,IC50,6.06,1,CHEMBL371564
Cc1c(O)cc(C#N)c2cc(-c3ccc(O)c(F)c3)ccc12,1,IC50,6.39,1,CHEMBL371126
N#Cc1cc(O)c(Cl)c2ccc(-c3ccc(O)cc3)cc12,1,IC50,7.01,1,CHEMBL192218
N#Cc1cc(O)c(Cl)c2ccc(-c3ccc(O)c(F)c3)cc12,1,IC50,7.26,1,CHEMBL192390
C#Cc1cc(O)cc2ccc(-c3ccc(O)c(F)c3)cc12,1,IC50,7.14,1,CHEMBL191759
CC#Cc1cc(O)cc2ccc(-c3ccc(O)c(F)c3)cc12,1,IC50,6.75,1,CHEMBL192849
O=Cc1cc(O)cc2ccc(-c3ccc(O)c(F)c3)cc12,1,IC50,7.14,1,CHEMBL192901
C=Cc1cc(O)cc2ccc(-c3ccc(O)c(F)c3)cc12,1,IC50,6.28,1,CHEMBL191648
CCc1cc(O)cc2ccc(-c3ccc(O)c(F)c3)cc12,1,IC50,6.95,1,CHEMBL195208
Oc1ccc(-c2ccc3cc(O)ccc3c2)cc1,1,IC50,6.68,1,CHEMBL191974
Oc1ccc(-c2ccc3c(O)cccc3c2)cc1,1,IC50,7.66,1,CHEMBL193726
Oc1cccc(-c2ccc3cc(O)ccc3c2)c1,1,IC50,6.64,1,CHEMBL195217
Oc1ccc(-c2ccc3ccc(O)cc3c2)cc1,1,IC50,6.36,1,CHEMBL191715
Oc1ccc(-c2ccc3ccccc3c2)cc1,1,IC50,6.2,1,CHEMBL194772
Oc1ccc(-c2ccc3c(Cl)c(O)ccc3c2)cc1,1,IC50,7.04,1,CHEMBL364092
Oc1ccc(-c2ccc3c(Br)c(O)ccc3c2)cc1,1,IC50,6.58,1,CHEMBL194936
Oc1ccc(-c2ccc3c(F)c(O)ccc3c2)cc1,1,IC50,7.11,1,CHEMBL192782
Cc1c(O)ccc2cc(-c3ccc(O)cc3)ccc12,1,IC50,6.55,1,CHEMBL372030
COc1c(O)ccc2cc(-c3ccc(O)cc3)ccc12,1,IC50,6.05,1,CHEMBL195786
O=[N+]([O-])c1c(O)ccc2cc(-c3ccc(O)cc3)ccc12,1,IC50,6.15,1,CHEMBL195788
Oc1ccc(-c2ccc3cc(O)ccc3c2)c(F)c1,1,IC50,7.62,1,CHEMBL195878
CCC1=N[C@H](c2ccc(OCCN3CCCCC3)cc2)[C@H](c2ccc(O)cc2)N1,1,IC50,7.42,1,CHEMBL192539
Oc1ccc2c(c1)CCN(c1ccccc1)C2c1ccc(N2CCN3CCCCC3C2)cc1,1,IC50,7.63,2,CHEMBL195212
CC1CN(c2ccc(C3c4ccc(O)cc4CCN3c3ccccc3)cc2)CCN1C,1,IC50,7.46,2,CHEMBL195465
CCN1CCN(c2ccc(C3c4ccc(O)cc4CCN3c3ccccc3)cc2)CC1C,1,IC50,7.42,2,CHEMBL195216
CCC1CN(c2ccc(C3c4ccc(O)cc4CCN3c3ccccc3)cc2)CCN1C,1,IC50,6.79,2,CHEMBL192055
CN1CCN(c2ccc(C3c4ccc(O)cc4CCN3c3ccccc3)cc2)CC1,1,IC50,7.26,2,CHEMBL427533
CN1CCC(c2ccc(C3c4ccc(O)cc4CCN3c3ccccc3)cc2)CC1,1,IC50,7.33,2,CHEMBL426461
CN1CCC(c2ccc(C3c4ccc(O)cc4CCN3c3ccc(F)cc3)cc2)CC1,1,IC50,7.34,2,CHEMBL192187
CN1CCC(c2ccc(C3c4ccc(O)cc4CCN3c3cccc(F)c3)cc2)CC1,1,IC50,6.82,2,CHEMBL372011
CN1CCC(c2ccc(C3c4ccc(O)cc4CCN3c3cccc(O)c3)cc2)CC1,1,IC50,7.51,2,CHEMBL372029
CN1CCN(c2ccc(C3c4ccc(O)cc4CCN3c3cccc(O)c3)cc2)CC1,1,IC50,7.74,2,CHEMBL194334
CC(C)N1CCN(c2ccc(C3c4ccc(O)cc4CCN3c3cccc(O)c3)cc2)CC1,1,IC50,7.75,2,CHEMBL364492
CC(C)CN1CCN(c2ccc(C3c4ccc(O)cc4CCN3c3cccc(O)c3)cc2)CC1,1,IC50,7.5,2,CHEMBL195118
Oc1cccc(N2CCc3cc(O)ccc3C2c2ccc(N3CCN(CC4CC4)CC3)cc2)c1,1,IC50,6.91,1,CHEMBL191711
Oc1cccc(N2CCc3cc(O)ccc3C2c2ccc(N3CCN(C4CCCC4)CC3)cc2)c1,1,IC50,7.71,2,CHEMBL195466
Oc1cccc(N2CCc3cc(O)ccc3C2c2ccc(N3CCN(C4CCCCC4)CC3)cc2)c1,1,IC50,7.66,2,CHEMBL191646
Oc1ccc2c(c1)CCN(c1ccccc1)C2c1ccc(F)cc1,1,IC50,6.54,1,CHEMBL103650
Oc1ccc2c(c1)CC[C@H](c1ccccc1)[C@@H]2c1ccc(OCCN2CCCC2)cc1,1,IC50,8.85,5,CHEMBL328190
CC/C(=C(\c1ccccc1)c1ccc(OCCN(C)C)cc1)c1ccccc1,1,IC50,8.82,9,CHEMBL83
CC/C(=C(\c1ccc(O)cc1)c1ccc(/C=C/C(=O)O)cc1)c1ccccc1,1,IC50,8.17,9,CHEMBL195515
Oc1ccc2c(c1)sc1c3ccccc3n(Cc3ccc(OCCN4CCCCCC4)cc3)c21,1,IC50,7.75,1,CHEMBL195371
Oc1ccc2c(c1)sc1c3cc(O)ccc3n(Cc3ccc(OCCN4CCCCCC4)cc3)c21,1,IC50,8.48,1,CHEMBL264216
CN(C)CCOc1ccc(Cn2c3ccccc3c3sc4cc(O)ccc4c32)cc1,1,IC50,7.29,1,CHEMBL196283
CN(C)CCOc1ccc(Cn2c3ccc(O)cc3c3sc4cc(O)ccc4c32)cc1,1,IC50,7.75,1,CHEMBL371072
CCN(CC)CCOc1ccc(Cn2c3ccccc3c3sc4cc(O)ccc4c32)cc1,1,IC50,7.24,1,CHEMBL195991
CCN(CC)CCOc1ccc(Cn2c3ccc(O)cc3c3sc4cc(O)ccc4c32)cc1,1,IC50,7.51,1,CHEMBL382734
Oc1ccc2c(c1)sc1c3ccccc3n(Cc3ccc(OCCN4CCOCC4)cc3)c21,1,IC50,6.9,1,CHEMBL196836
Oc1ccc2c(c1)sc1c3cc(O)ccc3n(Cc3ccc(OCCN4CCOCC4)cc3)c21,1,IC50,8.0,1,CHEMBL370282
Oc1ccc2c(c1)sc1c3ccccc3n(Cc3ccc(OCCN4CCCCC4)cc3)c21,1,IC50,7.41,1,CHEMBL363412
Oc1ccc2c(c1)sc1c3cc(O)ccc3n(Cc3ccc(OCCN4CCCCC4)cc3)c21,1,IC50,8.55,1,CHEMBL196131
Oc1ccc2c(c1)sc1c3ccccc3n(Cc3ccc(OCCN4CCCC4)cc3)c21,1,IC50,7.57,1,CHEMBL371308
Oc1ccc2c(c1)sc1c3cc(O)ccc3n(Cc3ccc(OCCN4CCCC4)cc3)c21,1,IC50,8.22,1,CHEMBL370849
C[C@@H](COc1ccc([C@@H]2Oc3ccc(O)cc3S[C@@H]2c2ccc(O)cc2)cc1)N1CCCC1,1,IC50,8.89,2,CHEMBL180300
C[C@@H]1CCN([C@@H](C)COc2ccc([C@@H]3Oc4ccc(O)cc4S[C@@H]3c3ccc(O)cc3)cc2)C1,1,IC50,8.89,1,CHEMBL182402
C[C@@H]1CCN(CCOc2ccc(C(=O)c3c(-c4ccc(O)cc4)sc4cc(O)ccc34)cc2)C1,1,IC50,9.22,1,CHEMBL372337
C[C@@H](COc1ccc(C(=O)c2c(-c3ccc(O)cc3)sc3cc(O)ccc23)cc1)N1CCCC1,1,IC50,9.7,1,CHEMBL198803
Cc1c(-c2ccc(O)cc2)n(Cc2ccc(OCCN3CC[C@@H](C)C3)cc2)c2ccc(O)cc12,1,IC50,9.3,1,CHEMBL198914
Cc1c(-c2ccc(O)cc2)n(Cc2ccc(OC[C@H](C)N3CCCC3)cc2)c2ccc(O)cc12,1,IC50,9.4,1,CHEMBL372808
C[C@@H]1CCN(CCOc2ccc([C@@H]3c4ccc(O)cc4CC[C@@H]3c3ccccc3)cc2)C1,1,IC50,9.3,1,CHEMBL437695
C[C@@H](COc1ccc([C@@H]2c3ccc(O)cc3CC[C@@H]2c2ccccc2)cc1)N1CCCC1,1,IC50,9.22,1,CHEMBL197495
CC(O)(CS(=O)(=O)c1ccc(F)cc1)C(=O)Nc1ccc(C#N)c(C(F)(F)F)c1,0,Ki (>),4.0,1,CHEMBL409
C[C@@H]1CN(c2ccc(C#N)c(C(F)(F)F)c2)[C@@H](C)CN1C(=O)Nc1ccc(C(F)(F)F)nc1,0,Ki (>),4.0,1,CHEMBL197595
CCN(c1ccccc1)S(=O)(=O)c1ccc(O)cc1,1,IC50,6.39,1,CHEMBL379234
CCN(c1ccccc1Br)S(=O)(=O)c1ccc(O)cc1,1,IC50,7.05,1,CHEMBL202248
CCCN(c1ccccc1)S(=O)(=O)c1ccc(O)cc1,1,IC50,6.52,1,CHEMBL205070
CCN(c1ccc(O)cc1)S(=O)(=O)c1ccc(O)cc1,1,IC50,6.57,1,CHEMBL203402
CCN(c1ccccc1)S(=O)(=O)c1ccc(O)c(C)c1,1,IC50,6.48,1,CHEMBL202691
CC(C)N(c1ccccc1)S(=O)(=O)c1ccc(O)cc1,1,IC50,6.06,1,CHEMBL204664
CCN(c1ccccc1OC)S(=O)(=O)c1ccc(O)cc1,1,IC50,6.08,1,CHEMBL425399
O=S(=O)(c1ccc(O)cc1)N(Cc1ccccc1)c1ccccc1,1,IC50,6.3,1,CHEMBL203860
O=S(=O)(c1ccc(O)cc1)N(c1ccccc1)C1CCCCC1,1,IC50,6.06,1,CHEMBL382873
O=S(=O)(c1ccc(O)cc1)N(c1ccccc1)c1ccccc1,1,IC50,6.39,1,CHEMBL203061
CCCCN(c1ccccc1)S(=O)(=O)c1ccc(O)cc1,1,IC50,6.5,1,CHEMBL203810
C=CCN(c1ccccc1)S(=O)(=O)c1ccc(O)cc1,1,IC50,6.63,1,CHEMBL426849
CCCN(c1ccccc1Br)S(=O)(=O)c1ccc(O)c(C)c1,1,IC50,7.4,1,CHEMBL202155
CCCN(c1ccccc1-c1ccccc1)S(=O)(=O)c1ccc(O)c(C)c1,1,IC50,6.6,1,CHEMBL204434
CCCN(c1ccccc1F)S(=O)(=O)c1ccc(O)cc1,1,IC50,7.13,1,CHEMBL203565
CCCN(c1ccccc1Br)S(=O)(=O)c1ccc(O)c(C(F)(F)F)c1,1,IC50,7.22,1,CHEMBL372997
CCCN(c1ccccc1Br)S(=O)(=O)c1ccc(O)cc1,1,IC50,7.58,1,CHEMBL202624
CCCN(c1c(C)cccc1CC)S(=O)(=O)c1ccc(O)c(C)c1,1,IC50,8.15,1,CHEMBL371637
CCCN(c1c(C)cccc1C)S(=O)(=O)c1ccc(O)c(C)c1,1,IC50,7.85,1,CHEMBL201834
CCCN(c1c(Cl)cccc1Cl)S(=O)(=O)c1ccc(O)c(C)c1,1,IC50,7.8,1,CHEMBL202607
CCCN(c1c(CC)cccc1CC)S(=O)(=O)c1ccc(O)c(C)c1,1,IC50,8.3,1,CHEMBL202472
CCCN(c1c(C)cccc1Cl)S(=O)(=O)c1ccc(O)c(C)c1,1,IC50,7.58,1,CHEMBL202500
CCCN(c1c(C)cccc1Cl)S(=O)(=O)c1ccc(O)cc1,1,IC50,7.62,1,CHEMBL383691
CCCN(c1ccccc1C(F)(F)F)S(=O)(=O)c1ccc(O)cc1,1,IC50,7.27,1,CHEMBL382598
CCCN(c1ccccc1Cl)S(=O)(=O)c1ccc(O)c(C)c1,1,IC50,7.29,1,CHEMBL204185
CCCN(c1ccccc1Cl)S(=O)(=O)c1ccc(O)cc1,1,IC50,7.38,1,CHEMBL264655
CCCN(c1ccccc1C)S(=O)(=O)c1ccc(O)c(C)c1,1,IC50,6.96,1,CHEMBL381976
CC1CCc2ccccc2N1S(=O)(=O)c1ccc(O)cc1,1,IC50,6.32,1,CHEMBL204315
O=S1(=O)c2ccc(O)cc2CCN1c1ccccc1Cl,1,IC50,6.05,1,CHEMBL378581
CN(C)CCOc1ccc(-c2c(-c3ccc(O)cc3)nn3c(C(F)(F)F)cc(C(F)(F)F)nc23)cc1,1,IC50,6.0,2,CHEMBL219467
Oc1ccc(-c2nn3c(C(F)(F)F)cc(C(F)(F)F)nc3c2-c2ccc(OCCN3CCCCC3)cc2)cc1,1,IC50,7.05,2,CHEMBL218220
Oc1ccc(-c2n[nH]c3cc(O)ccc23)c(O)c1,1,IC50,7.32,2,CHEMBL223026
Cc1cc(O)ccc1-c1nn(C(C)C)c2c(C(F)(F)F)cccc12,1,IC50,7.7,1,CHEMBL222580
C=CCn1nc(-c2ccc(O)cc2C)c2cccc(C(F)(F)F)c21,1,IC50,7.23,1,CHEMBL222522
C=CCn1nc(-c2ccc(O)cc2O)c2cccc(C(F)(F)F)c21,1,IC50,7.03,1,CHEMBL222501
Oc1ccc(-c2nn(C3CCCC3)c3c(F)cccc23)cc1,1,IC50,7.75,2,CHEMBL373743
Oc1ccc(-c2nn(C3CCCC3)c3c(Cl)cccc23)cc1,1,IC50,7.75,2,CHEMBL222434
Oc1ccc(-c2nn(C3CCCCC3)c3c(Cl)cccc23)cc1,1,IC50,7.43,1,CHEMBL222454
CCCn1nc(-c2ccc(O)cc2)c2cccc(Cl)c21,1,IC50,7.28,2,CHEMBL222453
CC(C)n1nc(-c2ccc(O)cc2)c2cccc(C(F)(F)F)c21,1,IC50,8.52,2,CHEMBL386502
CCCn1nc(-c2ccc(O)cc2)c2cccc(C)c21,1,IC50,7.4,2,CHEMBL222452
CCCCn1nc(-c2ccc(O)cc2)c2cccc(Cl)c21,1,IC50,7.6,2,CHEMBL385801
OCCn1nc(-c2ccc(O)cc2)c2cccc(Cl)c21,1,IC50,6.39,1,CHEMBL374799
OCCn1nc(-c2ccc(O)cc2)c2cccc(C(F)(F)F)c21,1,IC50,7.02,1,CHEMBL225081
Oc1ccc(-c2nn(Cc3ccccc3)c3c(C(F)(F)F)cccc23)cc1,1,IC50,6.71,1,CHEMBL221676
Oc1ccc(-c2nn(Cc3ccccc3)c3c(Cl)cccc23)cc1,1,IC50,6.98,2,CHEMBL221626
Oc1ccc(-c2nn(-c3cc(F)ccc3F)c3cc(O)ccc23)c(O)c1,1,IC50,7.51,1,CHEMBL374277
Oc1ccc(-c2nn(-c3cc(Cl)ccc3Cl)c3cc(O)ccc23)c(O)c1,1,IC50,7.82,1,CHEMBL389394
Oc1ccc(-c2nn(-c3cccc(Cl)c3)c3cc(O)ccc23)c(O)c1,1,IC50,7.3,1,CHEMBL434577
Oc1ccc(-c2nn(-c3cccc(F)c3)c3cc(O)ccc23)c(O)c1,1,IC50,7.41,2,CHEMBL221515
Cc1ccc(-n2nc(-c3ccc(O)cc3O)c3ccc(O)cc32)cc1,1,IC50,7.4,2,CHEMBL426897
Oc1ccc(-c2nn(C3CCCCC3)c3cc(O)ccc23)c(O)c1,1,IC50,6.35,1,CHEMBL389393
CCCCn1nc(-c2ccc(O)cc2O)c2ccc(O)cc21,1,IC50,6.95,2,CHEMBL225022
CCCn1nc(-c2ccc(O)cc2O)c2ccc(O)cc21,1,IC50,7.21,1,CHEMBL225514
Oc1ccc(-c2nn(CC(F)(F)F)c3cc(O)ccc23)c(O)c1,1,IC50,6.78,1,CHEMBL225404
CCn1nc(-c2ccc(O)cc2O)c2ccc(O)cc21,1,IC50,6.52,1,CHEMBL225349
Cn1nc(-c2ccc(O)cc2O)c2ccc(O)cc21,1,IC50,6.21,1,CHEMBL375334
C[C@@H]1CC[C@H]([C@@H](O)C(F)(F)F)N1c1ccc2[nH]c(=O)cc(C(F)(F)F)c2c1,0,Ki (>),5.0,1,CHEMBL467888
O=C1c2cc(O)cc(Br)c2C(=O)N1c1ccc(O)cc1,1,IC50,7.44,1,CHEMBL245133
O=C1c2ccc(O)cc2C(=O)N1c1ccc(O)cc1F,1,IC50,7.28,1,CHEMBL451496
Cc1cc(O)ccc1N1C(=O)c2ccc(O)cc2C1=O,1,IC50,6.1,1,CHEMBL242818
O=C1c2ccc(O)cc2C(=O)N1c1ccc(O)cc1[N+](=O)[O-],1,IC50,7.68,1,CHEMBL394788
O=C1c2ccc(O)cc2C(=O)N1c1cccc2c(O)cccc12,1,IC50,6.1,1,CHEMBL396947
O=C1c2ccccc2C(=O)N1c1ccc(O)cc1,0,IC50 (>),5.0,1,CHEMBL388474
O=C1c2ccc(O)cc2C(=O)N1c1ccc(O)cc1,1,IC50,7.08,1,CHEMBL234524
O/N=C/c1ccc(-c2ccc(O)cc2)c2ccccc12,1,IC50,7.02,1,CHEMBL395308
O/N=C/c1c(Cl)cc(-c2ccc(O)c(F)c2)cc1Cl,1,IC50,6.57,1,CHEMBL438516
Cc1c(/C=N/O)c2ccccc2n1-c1ccc(O)c(F)c1,1,IC50,6.53,1,CHEMBL232023
Cc1c(/C=N/O)c2ccccc2n1-c1ccc(O)cc1,1,IC50,6.57,1,CHEMBL388418
O/N=C/c1ccc(-c2ccc(O)cc2)c2ccoc12,1,IC50,6.81,1,CHEMBL231812
O/N=C/c1ccc(-c2ccc(O)cc2)c2sccc12,1,IC50,7.43,1,CHEMBL231811
O/N=C/c1ccc(-c2ccc(O)cc2)c2ccsc12,1,IC50,7.7,1,CHEMBL394357
O/N=C/c1ccc(-c2ccc(O)c(F)c2)c2ccccc12,1,IC50,6.83,1,CHEMBL231810
COC(=O)C(CC1(C)CC2CCC1CC2C(C)(C)CCNC(=O)CCC(C)C)NC(=O)OCc1ccccc1,0,Ki,4.42,1,CHEMBL236496
COC(=O)C(N)CC1(C)CC2CCC1CC2C(C)(C)CCNC(=O)CCC(C)C,0,Ki,4.5,1,CHEMBL236495
COC(=O)C(CC1(C)CC2CCC1CC2C(C)(C)CCNC(=O)CCC(C)C)C(=O)O,0,Ki,4.92,1,CHEMBL393340
Cc1ccc(S(=O)(=O)Oc2ccc3c(C#CCCCCC#C[C@]4(O)CC[C@H]5[C@@H]6CCc7cc(O)ccc7[C@H]6CC[C@@]54C)c(-c4ccc(OCc5ccccc5)cc4)oc3c2)cc1,0,Ki,4.75,1,CHEMBL399339
C[C@]12CC[C@@H]3c4ccc(O)cc4CC[C@H]3[C@@H]1CC[C@@]2(O)C#CCCCCC#Cc1c(-c2ccccc2)oc2ccccc2c1=O,0,Ki,4.2,1,CHEMBL250520
CN[C@@H](C(=O)N(C)[C@H]1CC[C@@]2(C)C(=CC[C@H]3[C@@H]4CC[C@@H]5[C@H](C)N(C)C[C@@]54CC[C@@H]32)C1)C(C)C,0,Ki (>),4.52,1,CHEMBL451821
Cc1c(-c2ccc(O)cc2)nn(-c2ccc(O)cc2)c1-c1ccc(CCCN2CCCCC2)cc1,1,IC50,7.7,1,CHEMBL481189
Cc1c(-c2ccc(O)cc2)nn(-c2ccc(O)cc2)c1-c1ccc(/C=C/C(=O)N2CCCCC2)cc1,1,IC50,6.0,1,CHEMBL519599
Cc1c(-c2ccc(O)cc2)nn(-c2ccc(O)cc2)c1-c1ccc(OCCN2CCCCC2)cc1,1,IC50,7.1,2,CHEMBL520107
CCCCc1cc(NCCC)nc(NCCC)n1,0,IC50,4.89,3,CHEMBL352024
CC(C)CNc1cc(/C=C/c2ccccc2)nc(NCc2ccccc2)n1,0,IC50,4.92,2,CHEMBL493096
C(=C/c1cc(NCc2ccccc2)nc(NCc2ccccc2)n1)\c1ccccc1,0,IC50 (>),3.0,2,CHEMBL522206
CC(C)CNc1nc(/C=C/c2ccccc2)cc(NCc2ccccc2)n1,0,Ki,4.8,1,CHEMBL493097
c1ccc(CCc2cc(NCc3cccc4ccccc34)nc(NCc3cccc4ccccc34)n2)cc1,0,IC50 (>),3.0,2,CHEMBL494319
CC(C)CCc1cc(NCC(C)C)nc(S(=O)(=O)CC(C)C)n1,0,Ki (>),3.0,1,CHEMBL507395
CC(C)CCc1cc(NCC(C)C)nc(SCC(C)C)n1,0,Ki (>),3.0,1,CHEMBL492263
CC(C)CCc1cc(NCC(C)C)nc(OCC(C)C)n1,0,Ki (>),3.0,1,CHEMBL492262
CC(C)CNc1nc(/C=C/c2ccccc2)cc(N(C)CC(C)C)n1,0,IC50 (>),3.0,2,CHEMBL495325
CC(C)CCc1cc(N(C)CC(C)C)nc(NCC(C)C)n1,0,Ki (>),3.0,1,CHEMBL445785
CC(C)CNc1cc(CCc2ccccc2)nc(N(C)CC(C)C)n1,0,Ki (>),3.0,1,CHEMBL492873
CC(C)CNc1cc(CCc2cccc3ccccc23)nc(N(C)CC(C)C)n1,0,IC50 (>),3.0,2,CHEMBL492874
CC(C)CNc1cc(/C=C/c2ccccc2)nc(N(C)CC(C)C)n1,0,Ki (>),3.0,1,CHEMBL400466
CC(C)CN(C)c1cc(CCc2ccccc2)nc(N(C)CC(C)C)n1,0,Ki (>),3.0,1,CHEMBL522663
CC(C)CN(C)c1cc(CCc2cccc3ccccc23)nc(N(C)CC(C)C)n1,0,Ki (>),3.0,1,CHEMBL493904
CC(C)CN(C)c1cc(/C=C/c2ccccc2)nc(N(C)CC(C)C)n1,0,Ki (>),3.0,1,CHEMBL492665
CC(C)CCc1cc(N(C)CC(C)C)nc(N(C)CC(C)C)n1,0,Ki (>),3.0,1,CHEMBL449931
CC(C)CNc1cc(S(=O)(=O)CC(C)C)nc(NCC(C)C)n1,0,Ki (>),3.0,1,CHEMBL493701
CC(C)CNc1cc(NCC(C)C)ncn1,0,Ki (>),3.0,1,CHEMBL470153
CC(C)CNc1cc(SCC(C)C)nc(NCC(C)C)n1,0,Ki (>),3.0,1,CHEMBL443774
CC(C)CNc1cc(OCC(C)C)nc(NCC(C)C)n1,0,Ki (>),3.0,1,CHEMBL493903
c1ccc(CSc2cc(SCc3ccccc3)nc(SCc3ccccc3)n2)cc1,0,IC50 (>),3.0,2,CHEMBL522341
CC(C)CSc1cc(SCC(C)C)nc(SCC(C)C)n1,0,IC50 (>),3.0,2,CHEMBL499809
c1ccc(COc2cc(OCc3ccccc3)nc(OCc3ccccc3)n2)cc1,0,IC50 (>),3.0,2,CHEMBL494912
CC(C)COc1cc(OCC(C)C)nc(OCC(C)C)n1,0,IC50 (>),3.0,2,CHEMBL493700
c1ccc(CNc2cc(NCc3ccccc3)nc(NCc3ccccc3)n2)cc1,0,Ki (>),3.0,1,CHEMBL523208
c1ccc(CCc2cc(CCc3ccccc3)nc(NCc3cccc4ccccc34)n2)cc1,0,IC50 (>),3.0,2,CHEMBL494705
c1ccc(CCc2cc(CCc3ccccc3)nc(NCc3ccccc3)n2)cc1,0,Ki (>),3.0,1,CHEMBL521859
CC(C)CNc1nc(CCc2ccccc2)cc(CCc2ccccc2)n1,0,IC50 (>),3.0,2,CHEMBL494911
C(=C/c1cc(/C=C/c2ccccc2)nc(NCc2cccc3ccccc23)n1)\c1ccccc1,0,Ki (>),3.0,1,CHEMBL492657
C(=C/c1cc(/C=C/c2ccccc2)nc(NCc2ccccc2)n1)\c1ccccc1,0,IC50 (>),3.0,2,CHEMBL523837
CC(C)CNc1nc(/C=C/c2ccccc2)cc(/C=C/c2ccccc2)n1,0,IC50 (>),3.0,2,CHEMBL523514
CC(C)CCc1cc(CCC(C)C)nc(NCc2cccc3ccccc23)n1,0,Ki (>),3.0,1,CHEMBL494704
CC(C)CCc1cc(CCC(C)C)nc(NCc2ccccc2)n1,0,IC50 (>),3.0,2,CHEMBL492454
CC(C)CCc1cc(CCC(C)C)nc(NCC(C)C)n1,0,Ki (>),3.0,1,CHEMBL492387
CC(C)CCc1nc(NCc2cccc3ccccc23)cc(NCC(C)C)n1,0,IC50 (>),3.0,2,CHEMBL492453
CC(C)CCc1nc(NCc2ccccc2)cc(NCC(C)C)n1,0,Ki (>),3.0,1,CHEMBL492456
CC(C)CNc1cc(NCC(C)C)nc(CCc2cccc3ccccc23)n1,0,Ki (>),3.0,1,CHEMBL492455
CC(C)CCc1nc(NCC(C)C)cc(NCC(C)C)n1,0,Ki (>),3.0,1,CHEMBL493897
c1ccc(CNc2nc(CCc3cccc4ccccc34)cc(NCc3cccc4ccccc34)n2)cc1,0,Ki (>),3.0,1,CHEMBL524027
CC(C)CNc1nc(CCc2cccc3ccccc23)cc(NCc2cccc3ccccc23)n1,0,Ki (>),3.0,1,CHEMBL493896
c1ccc(CNc2cc(CCc3cccc4ccccc34)nc(NCc3cccc4ccccc34)n2)cc1,0,Ki (>),3.0,1,CHEMBL493695
CC(C)CNc1nc(CCc2cccc3ccccc23)cc(NCc2ccccc2)n1,0,Ki (>),3.0,1,CHEMBL493694
CC(C)CNc1cc(CCc2cccc3ccccc23)nc(NCc2cccc3ccccc23)n1,0,Ki (>),3.0,1,CHEMBL522172
CC(C)CNc1cc(CCc2cccc3ccccc23)nc(NCc2ccccc2)n1,0,Ki (>),3.0,1,CHEMBL493696
CC(C)CCc1cc(NCc2cccc3ccccc23)nc(NCc2ccccc2)n1,0,IC50 (>),3.0,2,CHEMBL523041
CC(C)CCc1cc(NCc2ccccc2)nc(NCc2cccc3ccccc23)n1,0,IC50 (>),3.0,2,CHEMBL523707
CC(C)(C)OC(=O)N(Cc1cccc2ccccc12)c1cc(CCc2cccc3ccccc23)nc(NCc2ccccc2)n1,0,Ki (>),3.0,1,CHEMBL447755
CC(C)CNc1nc(CCc2cccc3ccccc23)cc(N(Cc2cccc3ccccc23)C(=O)OC(C)(C)C)n1,0,Ki (>),3.0,1,CHEMBL498951
CC(C)(C)OC(=O)N(Cc1ccccc1)c1cc(CCc2cccc3ccccc23)nc(NCc2cccc3ccccc23)n1,0,Ki (>),3.0,1,CHEMBL443932
CC(C)CNc1nc(CCc2cccc3ccccc23)cc(N(Cc2ccccc2)C(=O)OC(C)(C)C)n1,0,Ki (>),3.0,1,CHEMBL522354
CC(C)CN(C(=O)OC(C)(C)C)c1cc(CCc2cccc3ccccc23)nc(NCc2cccc3ccccc23)n1,0,Ki (>),3.0,1,CHEMBL452996
CC(C)CN(C(=O)OC(C)(C)C)c1cc(CCc2cccc3ccccc23)nc(NCc2ccccc2)n1,0,Ki (>),3.0,1,CHEMBL492693
CC(C)CNc1nc(CCc2cccc3ccccc23)cc(N(CC(C)C)C(=O)OC(C)(C)C)n1,0,IC50 (>),3.0,2,CHEMBL492494
CC(C)CCc1cc(N(Cc2cccc3ccccc23)C(=O)OC(C)(C)C)nc(NCc2ccccc2)n1,0,Ki (>),3.0,1,CHEMBL492493
CC(C)CCc1cc(N(Cc2cccc3ccccc23)C(=O)OC(C)(C)C)nc(NCC(C)C)n1,0,Ki (>),3.0,1,CHEMBL522995
CC(C)CCc1cc(N(Cc2ccccc2)C(=O)OC(C)(C)C)nc(NCc2cccc3ccccc23)n1,0,Ki (>),3.0,1,CHEMBL523698
CC(C)CCc1cc(N(Cc2ccccc2)C(=O)OC(C)(C)C)nc(NCC(C)C)n1,0,Ki (>),3.0,1,CHEMBL523997
CC(C)CCc1cc(N(CC(C)C)C(=O)OC(C)(C)C)nc(NCc2cccc3ccccc23)n1,0,Ki (>),3.0,1,CHEMBL492297
CC(C)CCc1cc(N(CC(C)C)C(=O)OC(C)(C)C)nc(NCc2ccccc2)n1,0,Ki (>),3.0,1,CHEMBL492485
CC(C)CCc1cc(S(=O)(=O)Cc2ccccc2)nc(S(=O)(=O)Cc2ccccc2)n1,0,Ki (>),3.0,1,CHEMBL492685
CC(C)CCc1cc(S(=O)(=O)CC(C)C)nc(S(=O)(=O)CC(C)C)n1,0,Ki (>),3.0,1,CHEMBL521813
c1ccc2c(CCc3cc(NCc4cccc5ccccc45)nc(NCc4cccc5ccccc45)n3)cccc2c1,0,IC50 (>),3.0,2,CHEMBL502155
c1ccc(CNc2cc(CCc3cccc4ccccc34)nc(NCc3ccccc3)n2)cc1,0,Ki (>),3.0,1,CHEMBL492684
CC(C)CCc1cc(SCc2ccccc2)nc(SCc2ccccc2)n1,0,Ki (>),3.0,1,CHEMBL492483
CC(C)CCc1cc(SCC(C)C)nc(SCC(C)C)n1,0,Ki (>),3.0,1,CHEMBL494122
CC(C)CCc1cc(OCc2ccccc2)nc(OCc2ccccc2)n1,0,IC50 (>),3.0,2,CHEMBL494321
CC(C)CCc1cc(OCC(C)C)nc(OCC(C)C)n1,0,Ki (>),3.0,1,CHEMBL493304
CC(C)CCc1cc(NCc2cccc3ccccc23)nc(NCc2cccc3ccccc23)n1,0,IC50 (>),3.0,2,CHEMBL494320
c1ccc(CCc2cc(NCc3cccc4ccccc34)nc(NCc3ccccc3)n2)cc1,0,IC50 (>),3.0,2,CHEMBL495136
CC(C)CNc1nc(CCc2ccccc2)cc(NCc2cccc3ccccc23)n1,0,Ki (>),3.0,1,CHEMBL495338
c1ccc(CCc2cc(NCc3ccccc3)nc(NCc3cccc4ccccc34)n2)cc1,0,Ki (>),3.0,1,CHEMBL522542
CC(C)CNc1cc(CCc2ccccc2)nc(NCc2cccc3ccccc23)n1,0,IC50 (>),3.0,2,CHEMBL495137
C(=C/c1cc(NCc2cccc3ccccc23)nc(NCc2cccc3ccccc23)n1)\c1ccccc1,0,Ki (>),3.0,1,CHEMBL492890
C(=C/c1cc(NCc2ccccc2)nc(NCc2cccc3ccccc23)n1)\c1ccccc1,0,Ki (>),3.0,1,CHEMBL492889
CC(C)CNc1cc(/C=C/c2ccccc2)nc(NCc2cccc3ccccc23)n1,0,IC50 (>),3.0,2,CHEMBL524173
CC(C)(C)OC(=O)N(Cc1cccc2ccccc12)c1cc(CCc2ccccc2)nc(NCc2cccc3ccccc23)n1,0,IC50 (>),3.0,2,CHEMBL448274
CC(C)CNc1nc(CCc2ccccc2)cc(N(Cc2ccccc2)C(=O)OC(C)(C)C)n1,0,Ki (>),3.0,1,CHEMBL493095
CC(C)CN(C(=O)OC(C)(C)C)c1cc(CCc2ccccc2)nc(NCc2ccccc2)n1,0,Ki (>),3.0,1,CHEMBL522833
CC(C)(C)OC(=O)N(Cc1cccc2ccccc12)c1cc(/C=C/c2ccccc2)nc(NCc2cccc3ccccc23)n1,0,Ki (>),3.0,1,CHEMBL503048
CC(C)CNc1nc(/C=C/c2ccccc2)cc(N(Cc2ccccc2)C(=O)OC(C)(C)C)n1,0,IC50 (>),3.0,2,CHEMBL493501
O=S(=O)(Cc1ccccc1)c1cc(CCc2ccccc2)nc(S(=O)(=O)Cc2ccccc2)n1,0,Ki (>),3.0,1,CHEMBL493500
CC(C)CS(=O)(=O)c1cc(CCc2ccccc2)nc(S(=O)(=O)CC(C)C)n1,0,Ki (>),3.0,1,CHEMBL493714
c1ccc(CCc2cc(SCc3ccccc3)nc(SCc3ccccc3)n2)cc1,0,Ki (>),3.0,1,CHEMBL493713
CC(C)CSc1cc(CCc2ccccc2)nc(SCC(C)C)n1,0,Ki (>),3.0,1,CHEMBL493502
c1ccc(CCc2cc(OCc3ccccc3)nc(OCc3ccccc3)n2)cc1,0,IC50 (>),3.0,2,CHEMBL523687
CC(C)COc1cc(CCc2ccccc2)nc(OCC(C)C)n1,0,IC50 (>),3.0,2,CHEMBL522032
c1ccc(CCc2cc(NCc3ccccc3)nc(NCc3ccccc3)n2)cc1,0,IC50 (>),3.0,3,CHEMBL158017
C(=C/c1cc(OCc2ccccc2)nc(OCc2ccccc2)n1)\c1ccccc1,0,IC50 (>),3.0,2,CHEMBL494716
CC(C)COc1cc(/C=C/c2ccccc2)nc(OCC(C)C)n1,0,IC50 (>),3.0,2,CHEMBL523380
CC(C)CCc1cc(NCC(C)C)nc(NCC(C)C)n1,0,Ki,4.54,2,CHEMBL347927
Cn1c(C#N)ccc1-c1ccc2c(c1)C(C)(c1ccsc1)OCC(=O)N2,0,IC50 (>),5.0,1,CHEMBL522432
Cn1c(C#N)ccc1-c1ccc2c(c1)C(C)(c1ccco1)OCC(=O)N2,0,IC50 (>),5.0,1,CHEMBL489788
Cn1c(C#N)ccc1-c1ccc2c(c1)C(c1cccs1)(c1cccs1)OCC(=O)N2,0,IC50 (>),5.0,1,CHEMBL520169
Cn1c(C#N)ccc1-c1ccc2c(c1)C(c1ccco1)(c1ccco1)OCC(=O)N2,0,IC50 (>),5.0,1,CHEMBL483246
N=C(N)N/N=C/C1=C(Cl)c2ccccc2CC1,0,IC50,4.96,1,CHEMBL448651
CC(/C=N/NC(=N)N)=C(/Cl)c1ccccc1,0,IC50,4.43,1,CHEMBL460174
N=C(N)N/N=C/C1=C(Cl)c2ccccc2CCC1,0,IC50,4.8,1,CHEMBL456594
C[C@@]1(C(=O)Nc2nccs2)CC2c3ccccc3C1c1ccccc12,0,Ki,4.82,1,CHEMBL514646
C[C@@]1(C(=O)Nc2nccs2)CC2(C#N)c3ccccc3C1c1ccccc12,0,Ki,4.58,1,CHEMBL473801
C=C(C)C(O)Cc1c(O)c(CC=C(C)C)c2occ(-c3ccc(O)c(O)c3)c(=O)c2c1O,0,IC50,4.54,1,CHEMBL522471
CC(C)=CCc1c2c(c3occ(-c4ccc(O)c(O)c4)c(=O)c3c1O)CC(C(C)(C)O)O2,0,IC50,4.89,1,CHEMBL491885
C=C(C)C(O)Cc1c(O)c(CC=C(C)C)c(O)c2c(=O)c(-c3ccc(O)c(O)c3)coc12,0,IC50,4.75,1,CHEMBL523654
CC(C)CNc1cc(CC(C)C)nc(NCC(C)C)n1,0,Ki,4.54,1,CHEMBL1087884
CC(C)CCN1Cc2cc(CC(C)C)c(N)cc2N[C@@H](CC(C)C)C1=O,0,IC50 (>),4.52,1,CHEMBL1087253
CC(C)=Cc1cc2c(cc1N)N[C@@H](CC(C)C)C(=O)N(CCC(C)C)C2,0,IC50 (>),4.52,1,CHEMBL1086744
CC1(C)[C@H](O)CC[C@]2(C)[C@@]3(C)c4[nH]c5ccccc5c4C[C@@H]3CC[C@@]12O,0,IC50 (>),5.0,2,CHEMBL1076438
Oc1ccc2c(c1)O[C@H](c1ccc(OCCN3CCCCC3)cc1)C1=C2CCOc2cc(O)ccc21,1,IC50,9.7,2,CHEMBL1088485
Oc1ccc2c(c1)O[C@H](c1ccc(OCCN3CCCC3)cc1)C1=C2CCOc2cc(O)ccc21,1,IC50,8.0,2,CHEMBL1086775
Oc1ccc2c(c1)O[C@@H](c1ccc(OCCN3CCCCC3)cc1)C1=C2CCOc2ccccc21,1,IC50,7.59,2,CHEMBL1086652
COc1ccc2c(c1)O[C@@H](c1ccc(OCCN3CCCCC3)cc1)C1=C2CCOc2cc(O)ccc21,1,IC50,7.59,2,CHEMBL1082864
Oc1ccc2c(c1)O[C@@H](c1ccc(OCCN3CCCCC3)cc1)C1=C2CCOc2cc(O)ccc21,1,IC50,7.5,2,CHEMBL1088631
CC(C)N(CCOc1ccc([C@@H]2Oc3cc(O)ccc3C3=C2c2ccc(O)cc2OCC3)cc1)C(C)C,1,IC50,7.46,2,CHEMBL1085899
Oc1ccc2c(c1)O[C@H](c1ccc(OCCN3CCCCCC3)cc1)C1=C2CCOc2cc(O)ccc21,1,IC50,7.39,2,CHEMBL1087545
Oc1ccc2c(c1)O[C@H](c1ccc(OCCN3CCOCC3)cc1)C1=C2CCOc2cc(O)ccc21,1,IC50,7.37,2,CHEMBL1087811
CN(C)CCOc1ccc([C@H]2Oc3cc(O)ccc3C3=C2c2ccc(O)cc2OCC3)cc1,1,IC50,7.21,2,CHEMBL1083186
Oc1ccc2c(c1)OCCC1=C2[C@H](c2ccc(OCCN3CCCCCC3)cc2)Oc2ccccc21,1,IC50,7.17,1,CHEMBL1087297
Oc1ccc2c(c1)OCCC1=C2[C@@H](c2ccc(OCCN3CCCCC3)cc2)Oc2ccccc21,1,IC50,7.12,1,CHEMBL1087298
COc1ccc2c(c1)OCCC1=C2[C@@H](c2ccc(OCCN3CCCCC3)cc2)Oc2cc(O)ccc21,1,IC50,7.12,1,CHEMBL1088343
Oc1ccc2c(c1)OCCC1=C2[C@@H](c2ccc(OCCN3CCCCCC3)cc2)Oc2cc(F)ccc21,1,IC50,7.09,1,CHEMBL1082224
Oc1ccc2c(c1)O[C@H](c1ccc(OCCN3CCSCC3)cc1)C1=C2CCOc2cc(O)ccc21,1,IC50,7.06,1,CHEMBL1083178
CN1CCN(CCOc2ccc([C@H]3Oc4cc(O)ccc4C4=C3c3ccc(O)cc3OCC4)cc2)CC1,1,IC50,7.05,1,CHEMBL1084922
CCN(CC)CCOc1ccc([C@H]2Oc3ccccc3C3=C2c2ccc(O)cc2OCC3)cc1,1,IC50,6.95,1,CHEMBL1084128
CCN(CC)CCOc1ccc([C@H]2Oc3cc(F)ccc3C3=C2c2ccc(O)cc2OCC3)cc1,1,IC50,6.95,1,CHEMBL1088629
CCN(CC)CCOc1ccc([C@@H]2Oc3cc(F)ccc3C3=C2c2ccc(O)cc2OCC3)cc1,1,IC50,6.91,1,CHEMBL1084120
Oc1ccc2c(c1)O[C@@H](c1ccc(OCCN3CCCCCC3)cc1)C1=C2CCOc2cc(O)ccc21,1,IC50,6.89,2,CHEMBL1086774
CCN(CC)CCOc1ccc([C@@H]2Oc3ccccc3C3=C2c2ccc(O)cc2OCC3)cc1,1,IC50,6.88,1,CHEMBL1084129
CN(C)CCOc1ccc([C@H]2Oc3ccccc3C3=C2c2ccc(O)cc2OCC3)cc1,1,IC50,6.87,1,CHEMBL1086389
Oc1ccc2c(c1)OCCC1=C2[C@H](c2ccc(OCCN3CCCCC3)cc2)Oc2ccccc21,1,IC50,6.82,1,CHEMBL1087426
COc1ccc2c(c1)OCCC1=C2[C@H](c2ccc(OCCN3CCCCC3)cc2)Oc2cc(O)ccc21,1,IC50,6.82,1,CHEMBL1088344
CN(C)CCOc1ccc([C@@H]2Oc3cc(O)ccc3C3=C2c2ccccc2OCC3)cc1,1,IC50,6.8,1,CHEMBL1087919
Oc1ccc2c(c1)OCCC1=C2[C@H](c2ccc(OCCN3CCCCCC3)cc2)Oc2cc(F)ccc21,1,IC50,6.79,1,CHEMBL1082528
Oc1ccc2c(c1)O[C@@H](c1ccc(OCCN3CCCC3)cc1)C1=C2CCOc2cc(O)ccc21,1,IC50,6.78,2,CHEMBL1086776
CN(C)CCOc1ccc([C@@H]2Oc3ccccc3C3=C2c2ccc(O)cc2OCC3)cc1,1,IC50,6.71,1,CHEMBL1084127
Oc1ccc2c(c1)O[C@H](c1ccc(OCCN3CCCCC3)cc1)C1=C2CCOc2ccccc21,1,IC50,8.0,2,CHEMBL1087289
COc1ccc2c(c1)O[C@H](c1ccc(OCCN3CCCCC3)cc1)C1=C2CCOc2cc(O)ccc21,1,IC50,8.0,2,CHEMBL1088483
CC(C)N(CCOc1ccc([C@H]2Oc3cc(O)ccc3C3=C2c2ccc(O)cc2OCC3)cc1)C(C)C,1,IC50,6.66,2,CHEMBL1085669
CN(C)CCOc1ccc([C@@H]2Oc3cc(O)ccc3C3=C2c2ccc(O)cc2OCC3)cc1,1,IC50,6.39,2,CHEMBL1085668
Oc1ccc2c(c1)O[C@H](c1ccc(OCCCN3CCCCC3)cc1)C1=C2CCOc2cc(O)ccc21,1,IC50,6.38,1,CHEMBL1087546
Oc1ccc2c(c1)O[C@@H](c1ccc(OCCCN3CCCCC3)cc1)C1=C2CCOc2cc(O)ccc21,1,IC50,6.23,1,CHEMBL1087547
COc1ccc2c(c1)O[C@@H](c1ccc(OCCN3CCCCC3)cc1)C1=C2CCOc2cc(OC)ccc21,0,IC50 (>),5.0,2,CHEMBL1085667
Oc1ccc2c(c1)O[C@@H](c1ccc(OCCN3CCOCC3)cc1)C1=C2CCOc2cc(O)ccc21,0,IC50 (>),5.0,2,CHEMBL1087812
Oc1ccc2c(c1)O[C@@H](c1ccc(OCCN3CCSCC3)cc1)C1=C2CCOc2cc(O)ccc21,0,IC50 (>),5.0,2,CHEMBL1083179
CN1CCN(CCOc2ccc([C@@H]3Oc4cc(O)ccc4C4=C3c3ccc(O)cc3OCC4)cc2)CC1,0,IC50 (>),5.0,2,CHEMBL1085172
O=C1CCC(=O)N1CCOc1ccc([C@H]2Oc3cc(O)ccc3C3=C2c2ccc(O)cc2OCC3)cc1,0,IC50 (>),5.0,2,CHEMBL1083194
O=C1CCC(=O)N1CCOc1ccc([C@@H]2Oc3cc(O)ccc3C3=C2c2ccc(O)cc2OCC3)cc1,0,IC50 (>),5.0,2,CHEMBL1088337
O=C1CCC(=O)N1CCCOc1ccc([C@H]2Oc3cc(O)ccc3C3=C2c2ccc(O)cc2OCC3)cc1,0,IC50 (>),5.0,1,CHEMBL1087557
O=C1CCC(=O)N1CCCOc1ccc([C@@H]2Oc3cc(O)ccc3C3=C2c2ccc(O)cc2OCC3)cc1,0,IC50 (>),5.0,2,CHEMBL1087682
OCCOc1ccc(C2Oc3cc(O)ccc3C3=C2c2ccc(O)cc2OCC3)cc1,0,IC50 (>),5.0,2,CHEMBL1087683
OCCCOc1ccc(C2Oc3cc(O)ccc3C3=C2c2ccc(O)cc2OCC3)cc1,0,IC50 (>),5.0,2,CHEMBL1084913
COC(=O)COc1ccc(C2Oc3cc(O)ccc3C3=C2c2ccc(O)cc2OCC3)cc1,0,IC50 (>),5.0,2,CHEMBL1085161
O=C(O)CCOc1ccc([C@H]2Oc3cc(O)ccc3C3=C2c2ccc(O)cc2OCC3)cc1,0,IC50 (>),5.0,2,CHEMBL1083187
O=C(O)CCOc1ccc([C@@H]2Oc3cc(O)ccc3C3=C2c2ccc(O)cc2OCC3)cc1,0,IC50 (>),5.0,2,CHEMBL1083188
Oc1ccc2c(c1)O[C@H](c1cccc(OCCN3CCCCC3)c1)C1=C2CCOc2cc(O)ccc21,0,IC50 (>),5.0,2,CHEMBL1087040
Oc1ccc2c(c1)O[C@@H](c1cccc(OCCN3CCCCC3)c1)C1=C2CCOc2cc(O)ccc21,0,IC50 (>),5.0,2,CHEMBL1087041
CN1CCN(CCOc2cccc([C@H]3Oc4cc(O)ccc4C4=C3c3ccc(O)cc3OCC4)c2)CC1,0,IC50 (>),5.0,2,CHEMBL1083497
CN1CCN(CCOc2cccc([C@@H]3Oc4cc(O)ccc4C4=C3c3ccc(O)cc3OCC4)c2)CC1,0,IC50 (>),5.0,2,CHEMBL1083805
Oc1ccc2c(c1)O[C@H](c1cccc(OCCN3CCSCC3)c1)C1=C2CCOc2cc(O)ccc21,0,IC50 (>),5.0,2,CHEMBL1086388
CN(C)CCOc1ccc([C@H]2Oc3cc(O)ccc3C3=C2c2ccccc2OCC3)cc1,0,IC50 (>),5.0,1,CHEMBL1082529
COc1ccc2c(c1)O[C@H](c1ccc(OCCN3CCCCC3)cc1)C1=C2CCOc2cc(OC)ccc21,0,IC50 (>),5.0,1,CHEMBL1085429
Oc1ccc2c(c1)O[C@@H](c1cccc(OCCN3CCSCC3)c1)C1=C2CCOc2cc(O)ccc21,0,IC50 (>),5.0,2,CHEMBL1087290
Oc1ccc2c(c1)O[C@@H](c1ccc(OCCN3CCCCCC3)cc1)C1=C2CCOc2ccccc21,1,IC50,6.84,1,CHEMBL1087418
Oc1ccc2c(c1)OC(c1ccc(OCCN3CCCCC3)cc1)C1=C2CCOc2cc(O)ccc21,1,IC50,8.1,2,CHEMBL1087419
Oc1ccc2c(c1)OC(c1ccc(OCCN3CCCCC3)cc1)C1=C2CCCOc2cc(O)ccc21,1,IC50,6.92,2,CHEMBL1086644
CC1=C(C#N)[C@@H](c2ccc(F)cc2Cl)C(C(=O)OC(C)(C)C)=C(C)N1,0,IC50 (>),5.0,1,CHEMBL1097751
CCCC1=C(C(=O)OCC)[C@H](c2ccnc3ccccc23)C(C#N)=C(C)N1,0,IC50 (>),5.0,1,CHEMBL1094797
COc1ccc(C(=O)Oc2cccc3c(O)cccc23)cc1,1,IC50,6.1,1,CHEMBL1082743
Cc1ccc(C(=O)Oc2cccc3c(O)cccc23)cc1,0,IC50,4.5,1,CHEMBL1084260
CNC(=O)Cn1cc(C2CC2)c(Oc2ccc(C#N)cc2)c1C1CC1,0,IC50 (>),5.0,1,CHEMBL1083754
CC#C[C@]1(O)CC[C@H]2[C@@H]3CCC4=CC(=O)CCC4=C3[C@@H](c3ccc(N(C)C)cc3)C[C@@]21C,0,Ki (>),5.0,2,CHEMBL1276308
Cc1ccc(C(=O)CC(Nc2ccc([N+](=O)[O-])cc2)c2cccc(F)c2)cc1,0,IC50 (>),5.0,3,CHEMBL1163598
CC(=O)c1ccc2c(c1)[C@@H]1C=CC[C@@H]1[C@H](c1cc3c(cc1Br)OCO3)N2,0,Ki (>),5.0,2,CHEMBL569766
COc1cc(C2=NN(c3ccc(C#N)c(Cl)c3)[C@@H](C3CCCC3)C2)ccc1C(=O)O,0,IC50 (>),5.0,1,CHEMBL1215130
N#Cc1ccc(N2N=C3c4ccc(C(=O)O)cc4CC[C@@H]3[C@@H]2C2CCCC2)cc1Cl,0,IC50 (>),5.0,1,CHEMBL1215331
COC(=O)[C@@H]1CC2=CC(=O)CC[C@]2(C)[C@@]23O[C@@H]2C[C@@]2(C)[C@@H](CC[C@@]24CCC(=O)O4)[C@H]13,0,IC50 (>),5.0,4,CHEMBL1095097
CC(=O)c1ccc2c(c1)[C@@H]1C=CC[C@@H]1[C@@H](c1cc3c(cc1Br)OCO3)N2,0,Ki (>),5.0,1,CHEMBL1222307
O=C(O)/C=C/c1ccc2c(C(=O)c3ccc(OCCN4CCCCC4)cc3)c(-c3ccc(O)cc3)sc2c1,1,IC50,7.09,2,CHEMBL1222036
Oc1ccc2nc(-c3ccccc3)n(Cc3ccc(OCCN4CCCCC4)cc3)c2c1,1,IC50,6.51,1,CHEMBL1254532
C#CCN(c1ccc(C(=O)N[C@@H](CCC(=O)N[C@H](CCC(=O)O)C(=O)O)C(=O)O)cc1)C1CCc2cc3nc(CO)[nH]c(=O)c3cc21,1,IC50,9.0,1,CHEMBL1253498
CC(=O)Oc1cc2c(c(OC(C)=O)c1)C(=O)OCCCCCCCCCC2,0,IC50 (>),5.0,1,CHEMBL1669776
COc1cc(/C=C2\SC(=O)NC2=O)ccc1Oc1ccc(C#N)cc1C(F)(F)F,0,IC50 (>),4.82,3,CHEMBL1671971
COc1cc(O)c(/C=C\C(C)(C)O)c(O)c1C(=O)/C=C/c1ccc(O)cc1,0,IC50,4.1,1,CHEMBL1784260
COc1ccc2c(c1)OC[C@]1(O)c3cc4c(cc3O[C@H]21)OCO4,0,IC50 (>),2.3,1,CHEMBL1784262
CC(C)(C(=O)Nc1nccs1)[C@@H](c1ccccc1)c1ccc(O)cc1,0,Ki (>),4.0,2,CHEMBL1801012
CC(C)(C(=O)Nc1nccs1)[C@@H](c1ccccc1)c1ccc(O)c(F)c1,0,Ki (>),4.3,1,CHEMBL1801008
CC(C)(C(=O)Nc1nccs1)[C@@H](c1ccccc1)c1ccc(O)c(Br)c1,0,Ki (>),4.3,1,CHEMBL1801006
CC(C)(C(=O)Nc1nncs1)[C@@H](c1ccccc1)c1ccc(O)c(F)c1,0,Ki (>),4.3,1,CHEMBL1800981
CC(C)(c1ccc(O)cc1)c1ccc(O)cc1,0,IC50 (>),5.0,5,CHEMBL418971
CN(C)C(=O)c1ccc(-c2ccc3c(n2)Oc2ccccc2[C@@H]3C(C)(C)C(=O)Nc2nncs2)cc1,0,Ki (>),4.12,1,CHEMBL1911270
CCN(C)C(=O)c1ccc(-c2ccc3c(n2)Oc2ccccc2[C@@H]3C(C)(C)C(=O)Nc2nncs2)cc1F,0,Ki (>),4.12,1,CHEMBL4296682
CN(C)C(=O)c1ccc(-c2ccc3c(n2)Oc2ccccc2[C@H]3C(C)(C)C(=O)Nc2nncs2)cc1F,0,Ki (>),4.12,1,CHEMBL1911272
Cc1cccc(C(=O)Oc2ccc3ccc(O)cc3c2)c1,0,IC50,4.55,1,CHEMBL1466543
O=C(OC(c1ccccc1)c1ccccc1)c1ccc(O)cc1,1,IC50,6.54,1,CHEMBL2071180
COc1cccc(C(=O)Oc2cccc(O)c2)c1,0,IC50,4.55,1,CHEMBL2071174
COc1ccccc1C(=O)Oc1cccc2c(O)cccc12,0,IC50,4.97,1,CHEMBL2071172
O=C(Oc1ccc2ccc(O)cc2c1)c1ccccc1Cl,1,IC50,6.0,1,CHEMBL1348802
Cc1ccccc1S(=O)(=O)Oc1cccc2c(O)cccc12,1,IC50,6.59,1,CHEMBL1441930
O=C(Oc1cccc2c(O)cccc12)c1ccccc1Cl,1,IC50,6.2,1,CHEMBL1702774
Cc1ccccc1C(=O)Oc1cccc2c(O)cccc12,1,IC50,6.37,1,CHEMBL1599080
CC/C(=C(\c1ccccc1)c1ccc(OCCN(C)Cc2ccc(-c3cn(CCCCCC(=O)NO)nn3)cc2)cc1)c1ccccc1,1,IC50,6.61,1,CHEMBL2401848
CC/C(=C(\c1ccccc1)c1ccc(OCCN(C)Cc2ccc(NC(=O)CCCCCCC(=O)NO)cc2)cc1)c1ccccc1,1,IC50,6.9,1,CHEMBL2401849
Oc1ccc(C2(c3ccc(O)cc3)CCCCC2)cc1,1,IC50,6.28,1,CHEMBL1231453
CCCC(CCC)(c1ccc(O)c(CC)c1)c1ccc(O)c(CC)c1,1,IC50,6.31,3,CHEMBL2403363
CCc1cc(C(CC)(CC)c2ccc(O)c(CC)c2)ccc1O,1,IC50,6.64,3,CHEMBL2403360
Cc1cc(C2(c3ccc(O)c(C)c3)CCCCC2)ccc1O,1,IC50,6.64,1,CHEMBL2403359
Oc1ccc(C2(c3ccc(O)cc3)CCCC2)cc1,1,IC50,6.77,1,CHEMBL1208076
CCC(CC)(c1ccc(O)cc1)c1ccc(O)c(C)c1,1,IC50,6.96,1,CHEMBL2403346
CCCC(CCC)(c1ccc(O)cc1)c1ccc(O)cc1,1,IC50,7.0,3,CHEMBL2403361
CCC(CC)(c1ccc(N)c(C)c1)c1ccc(O)c(C)c1,1,IC50,7.01,1,CHEMBL2403348
CCC(CC)(c1ccc(O)cc1)c1ccc(O)cc1,1,IC50,7.07,4,CHEMBL1782331
Cc1cc(C2(c3ccc(O)c(C)c3)CCCC2)ccc1O,1,IC50,7.08,1,CHEMBL2403358
CCCCC(CCCC)(c1ccc(O)cc1)c1ccc(O)cc1,1,IC50,7.1,3,CHEMBL2403362
CCC(CC)(c1cc(C)c(O)c(C)c1)c1cc(C)c(O)c(C)c1,1,IC50,7.13,1,CHEMBL2403347
CC[Si](CC)(c1ccc(O)c(C)c1)c1ccc(O)c(C)c1,1,IC50,7.53,2,CHEMBL2403349
CCC(CC)(c1ccc(O)c(C)c1)c1ccc(O)c(C)c1,1,IC50,8.45,4,CHEMBL2403355
CCCCC(CCCC)(c1ccc(O)c(C)c1)c1ccc(O)c(C)c1,1,IC50,7.85,4,CHEMBL2403357
CCCC(CCC)(c1ccc(O)c(C)c1)c1ccc(O)c(C)c1,1,IC50,8.65,6,CHEMBL2403356
Oc1ccc(Cc2ccc(O)cc2)cc1,0,IC50 (>),5.0,4,CHEMBL138061
CC(=O)S[C@@H]1CC2=CC(=O)CC[C@]2(C)[C@H]2CC[C@@]3(C)[C@@H](CC[C@@]34CCC(=O)O4)[C@H]12,0,IC50 (>),4.7,3,CHEMBL1393
COc1cc(CNC(=O)[C@@]2(Cc3ccccc3)OC(=O)N([C@@H]3CCc4ccccc43)C2=O)cc(OC)c1,0,IC50,4.77,2,CHEMBL2407647
Cc1ccc2c(C(Nc3ccc(Cl)cc3)c3ccccc3Cl)c(C)[nH]c2c1,0,IC50,4.58,1,CHEMBL3109601
CCOC(=O)COc1ccc(-c2ccc(OCCN(C)C)cc2)cc1CC1CCCCC1,0,IC50,4.9,1,CHEMBL3109156
CC[Si](CC)(c1ccc(O)cc1)c1ccc(O)cc1,1,IC50,6.94,1,CHEMBL3235685
CCC[Si](CCC)(c1ccc(O)c(C)c1)c1ccc(O)c(C)c1,1,IC50,7.58,1,CHEMBL3235686
CC(C)(C(=O)NC(N)=O)[C@@H]1c2ccc(-c3ccc(C(=O)N4CCOCC4)cc3)nc2Oc2c(F)cccc21,0,Ki (>),4.12,1,CHEMBL3315061
CC(C)(C(=O)Nc1nncs1)[C@@H]1c2ccc(-c3ccc(C(=O)N4CCOCC4)cc3)nc2Oc2c(F)cccc21,0,Ki (>),4.12,1,CHEMBL3315062
Cc1cc(F)ccc1-c1c(Oc2ccc(/C=C/C(=O)O)cc2)c2ccc(O)cc2oc1=O,1,IC50,7.57,1,CHEMBL3427401
Cc1cc(OC(F)(F)F)ccc1-c1c(Oc2ccc(/C=C/C(=O)O)cc2)c2ccc(O)cc2oc1=O,1,IC50,8.41,1,CHEMBL3427402
Cc1cc(F)ccc1-c1c(Oc2ccc(/C=C/C(=O)O)cc2)c2ccccc2oc1=O,1,IC50,6.48,1,CHEMBL3427414
Cc1cc(OC(F)(F)F)ccc1-c1c(Oc2ccc(/C=C/C(=O)O)cc2)c2ccccc2oc1=O,1,IC50,6.75,1,CHEMBL3427415
C[C@H](c1ccc(F)cc1)N1C(=O)O[C@](Cc2ccccc2)(c2nc3cc(NS(C)(=O)=O)ccc3[nH]2)C1=O,0,IC50,4.77,1,CHEMBL3578276
C[C@H](c1ccc(F)cc1)N1C(=O)O[C@](Cc2ccccc2)(c2nc3c(NS(C)(=O)=O)cccc3[nH]2)C1=O,0,IC50 (>),4.7,1,CHEMBL3578295
CC/C(=C(/c1ccc(/C=C/C(=O)O)cc1)c1ccc2[nH]ncc2c1)c1ccc(F)cc1Cl,1,IC50,8.28,6,CHEMBL3581693
CCCCCCNCCOc1ccc(/C(=C(/CC)c2ccccc2)c2ccc(O)cc2)cc1,1,IC50,6.82,1,CHEMBL3098273
CCCCCCCCNCCOc1ccc(/C(=C(/CC)c2ccccc2)c2ccc(O)cc2)cc1,1,IC50,7.28,1,CHEMBL3586190
CCCCCCCCCCNCCOc1ccc(/C(=C(/CC)c2ccccc2)c2ccc(O)cc2)cc1,1,IC50,8.44,1,CHEMBL3586191
CCCCCCCCCCCCNCCOc1ccc(/C(=C(/CC)c2ccccc2)c2ccc(O)cc2)cc1,1,IC50,7.85,1,CHEMBL3098274
CCCCCCCCCCCCCCNCCOc1ccc(/C(=C(/CC)c2ccccc2)c2ccc(O)cc2)cc1,1,IC50,7.96,1,CHEMBL3586192
CCCCCCCCCCCCCCCCNCCOc1ccc(/C(=C(/CC)c2ccccc2)c2ccc(O)cc2)cc1,1,IC50,8.32,1,CHEMBL3586193
CCCCCCCCCCCCCCCCCCNCCOc1ccc(/C(=C(/CC)c2ccccc2)c2ccc(O)cc2)cc1,0,IC50,4.0,1,CHEMBL3098275
CC/C(=C(\c1ccc(O)cc1)c1ccc(OCCNCCCCCCCCCCO)cc1)c1ccccc1,1,IC50,6.68,1,CHEMBL3586194
CC/C(=C(\c1ccc(O)cc1)c1ccc(OCCNCCCCCCCCCCF)cc1)c1ccccc1,1,IC50,8.47,1,CHEMBL3586195
O=S(=O)(Oc1ccccc1)[C@H]1C[C@H]2O[C@@H]1C(c1ccc(O)cc1)=C2c1ccc(O)cc1,1,IC50,7.85,3,CHEMBL3589346
COC(=O)CCCCCCC(=O)Nc1ccc(OS(=O)(=O)C2CC3OC2C(c2ccc(O)cc2)=C3c2ccc(O)cc2)cc1,0,IC50,4.97,2,CHEMBL3589347
O=C(O)CCCCCCC(=O)Nc1ccc(OS(=O)(=O)C2CC3OC2C(c2ccc(O)cc2)=C3c2ccc(O)cc2)cc1,1,IC50,7.3,2,CHEMBL3589349
Cc1ccccc1OS(=O)(=O)C1CC2OC1C(c1ccc(NC(=O)CCCCCCC(=O)O)cc1)=C2c1ccc(O)cc1,1,IC50,6.34,2,CHEMBL3589356
O=C(O)CCCCCCC(=O)Nc1ccc(C2=C(c3ccc(O)cc3)C3CC(S(=O)(=O)Oc4cccc5ccccc45)C2O3)cc1,1,IC50,6.89,3,CHEMBL3589367
O=C(O)CCCCCCC(=O)Nc1ccc(C2=C(c3ccc(O)cc3)C3CC(S(=O)(=O)Oc4ccc5ccccc5c4)C2O3)cc1,1,IC50,6.04,2,CHEMBL3589368
O=C(CCCCCCC(=O)Nc1ccc(C2=C(c3ccc(O)cc3)C3CC(S(=O)(=O)Oc4ccc5ccccc5c4)C2O3)cc1)NO,1,IC50,6.8,2,CHEMBL3589701
O=C(O)CCCCCCC(=O)Nc1ccc(C2=C(c3ccc(O)cc3)C3CC(S(=O)(=O)Oc4ccccc4O)C2O3)cc1,1,IC50,6.85,1,CHEMBL3589361
O=C(O)CCCCCCC(=O)Nc1ccc(C2=C(c3ccc(O)cc3)C3CC(S(=O)(=O)Oc4ccc(C(F)(F)F)cc4)C2O3)cc1,1,IC50,6.1,1,CHEMBL3589364
O=C(O)CCCCCCC(=O)Nc1ccc(C2=C(c3ccc(O)cc3)C3CC(S(=O)(=O)Oc4ccccc4C(F)(F)F)C2O3)cc1,1,IC50,6.19,1,CHEMBL3589365
CC[C@H](C)[C@@H]1NC(=O)[C@H](NC(=O)[C@@H](N)CCCNC(=N)N)CSSC[C@@H](C(=O)N[C@@H](CCCNC(=N)N)C(=O)NC(CC(C)(C)C)C(=O)N[C@@H](CC(C)C)C(=O)N[C@@H](CCC(N)=O)C(=O)NCC(=O)NCC(=O)NCC(=O)N[C@@H](CCCNC(=N)N)C(=O)N[C@@H](CCCNC(=N)N)C(=O)N[C@@H](CCCNC(=N)N)C(=O)N[C@@H](CCCNC(=N)N)C(=O)N[C@@H](CCCNC(=N)N)C(=O)N[C@@H](CCCNC(=N)N)C(=O)N[C@@H](CCCNC(=N)N)C(N)=O)NC(=O)[C@H](CC(C)C)NC1=O,1,IC50,7.03,1,CHEMBL3597509
CC[C@H](C)[C@@H]1NC(=O)[C@H](NC(=O)[C@@H](N)CCCCN)CSSC[C@@H](C(=O)N[C@@H](CCCNC(=N)N)C(=O)N[C@@H](CC(C)C)C(=O)N[C@@H](CC(C)C)C(=O)N[C@@H](CCC(N)=O)C(=O)NCC(=O)NCC(=O)NCC(=O)N[C@@H](CCCNC(=N)N)C(=O)N[C@@H](CCCNC(=N)N)C(=O)N[C@@H](CCCNC(=N)N)C(=O)N[C@@H](CCCNC(=N)N)C(=O)N[C@@H](CCCNC(=N)N)C(=O)N[C@@H](CCCNC(=N)N)C(=O)N[C@@H](CCCNC(=N)N)C(N)=O)NC(=O)[C@H](CC(C)C)NC1=O,1,IC50,6.13,1,CHEMBL3597508
CC[C@H](C)[C@@H]1NC(=O)[C@H](NC(=O)[C@@H](N)CCCNC(=N)N)C/C=C\C[C@@H](C(=O)N[C@@H](CCCNC(=N)N)C(=O)NC(CC(C)(C)C)C(=O)N[C@@H](CC(C)C)C(=O)N[C@@H](CCC(N)=O)C(N)=O)NC(=O)[C@H](CC(C)C)NC1=O,1,IC50,6.96,1,CHEMBL3597505
CC[C@H](C)[C@@H]1NC(=O)[C@H](NC(=O)[C@@H](N)CCCNC(=N)N)C/C=C/C[C@@H](C(=O)N[C@@H](CCCNC(=N)N)C(=O)NC(CC(C)(C)C)C(=O)N[C@@H](CC(C)C)C(=O)N[C@@H](CCC(N)=O)C(N)=O)NC(=O)[C@H](CC(C)C)NC1=O,1,IC50,6.41,1,CHEMBL3597504
CCC(NC(=O)[C@H](CC(C)C)NC(=O)[C@@H](NC(=O)C(CC)NC(=O)[C@@H](N)CCCNC(=N)N)[C@@H](C)CC)C(=O)N[C@@H](CCCNC(=N)N)C(=O)NC(CC(C)(C)C)C(=O)N[C@@H](CC(C)C)C(=O)NCC(N)=O,1,IC50,6.17,1,CHEMBL3597502
CCC(NC(=O)[C@H](CC(C)C)NC(=O)[C@@H](NC(=O)[C@H](Cc1cnc[nH]1)NC(=O)[C@@H](N)CCCNC(=N)N)[C@@H](C)CC)C(=O)N[C@@H](CCCNC(=N)N)C(=O)NC(CC(C)(C)C)C(=O)N[C@@H](CC(C)C)C(=O)N[C@@H](CCC(N)=O)C(N)=O,1,IC50,6.21,1,CHEMBL3597501
CC[C@H](C)[C@@H]1NC(=O)[C@H](NC(=O)[C@@H](N)CCCNC(=N)N)CSSC[C@@H](C(=O)N[C@@H](CCCNC(=N)N)C(=O)NC(CC(C)(C)C)C(=O)N[C@@H](CC(C)C)C(=O)N[C@@H](CCC(N)=O)C(N)=O)NC(=O)[C@H](CC(C)C)NC1=O,1,IC50,7.89,1,CHEMBL3597499
CC[C@H](C)[C@@H]1NC(=O)[C@H](NC(=O)[C@@H](N)CCCCN)CSSC[C@@H](C(=O)N[C@@H](CCCNC(=N)N)C(=O)N[C@@H](CC(C)C)C(=O)N[C@@H](CC(C)C)C(=O)N[C@@H](CCC(N)=O)C(N)=O)NC(=O)[C@H](CC(C)C)NC1=O,1,IC50,7.46,1,CHEMBL3597498
C[C@@H]1Cc2c([nH]c3ccccc23)[C@@H](c2c(F)cc(/C=C/C(=O)O)cc2F)N1CC(C)(C)F,1,IC50,9.86,2,CHEMBL3623004
C[C@@H]1Cc2c([nH]c3ccccc23)[C@@H](c2ccc(/C=C/C(=O)O)cc2)N1CC(C)(C)F,1,IC50,9.07,1,CHEMBL3623003
CC(C)CN1[C@H](c2c(F)cc(/C=C/C(=O)O)cc2F)c2[nH]c3ccccc3c2C[C@H]1C,1,IC50,9.38,1,CHEMBL3623002
CC(C)CN1[C@H](c2ccc(/C=C/C(=O)O)cc2)c2[nH]c3ccccc3c2C[C@H]1C,1,IC50,8.68,1,CHEMBL3623001
C[C@@H](CO)CN1[C@H](c2ccc(/C=C/C(=O)O)cc2)c2[nH]c3ccccc3c2C[C@H]1C,1,IC50,7.34,1,CHEMBL3623000
C[C@H](CO)CN1[C@H](c2ccc(/C=C/C(=O)O)cc2)c2[nH]c3ccccc3c2C[C@H]1C,1,IC50,7.33,1,CHEMBL3622999
C[C@@H]1Cc2c([nH]c3ccccc23)[C@@H](c2ccc(Cl)cc2)N1C[C@H](C)C(=O)O,1,IC50,7.52,1,CHEMBL3622997
C[C@@H]1Cc2c([nH]c3ccc(O)cc23)[C@@H](c2ccc(Cl)cc2)N1CCO,1,IC50,7.36,1,CHEMBL3622996
C[C@@H]1Cc2c([nH]c3ccccc23)[C@@H](c2ccc(Cl)cc2)N1CCC(=O)O,1,IC50,6.11,1,CHEMBL3622995
C[C@@H]1Cc2c([nH]c3ccccc23)[C@@H](c2ccc(Cl)cc2)N1CCO,1,IC50,7.07,1,CHEMBL3622994
CCCCN(C)C(=O)CCCCCCCCCC[C@@H]1Cc2cc(O)ccc2[C@H]2CC[C@]3(C)[C@@H](O)CC[C@H]3[C@H]12,1,IC50,7.3,2,CHEMBL1222035
CC/C(=C(\c1ccc(O)cc1)c1ccc(OCCN(C)C)cc1)c1ccccc1,1,IC50,9.1,9,CHEMBL489
C[C@]12CC[C@@H]3c4ccc(O)cc4C[C@@H](CCCCCCCCCCC(=O)NO)[C@H]3[C@@H]1CC[C@@H]2O,1,IC50,6.29,1,CHEMBL3735106
C[C@]12CC[C@@H]3c4ccc(O)cc4C[C@@H](CCCCCCCCCCC(=O)Nc4ccccc4N)[C@H]3[C@@H]1CC[C@@H]2O,1,IC50,6.68,2,CHEMBL3735995
CCCCN(O)C(=O)c1cccc(NC(=O)CCCCCS[C@@H]2Cc3cc(O)ccc3[C@H]3CC[C@]4(C)[C@@H](O)CC[C@H]4[C@@H]32)c1,1,IC50,7.3,2,CHEMBL3735770
O=C(c1ccc(OCCN2CCCCC2)cc1)c1c(-c2ccccc2)sc2ccccc12,0,Ki (>),5.0,1,CHEMBL1189544
C[N+]1([O-])CCC2(CC1)C(=O)Nc1cc(/C=C3\c4ccccc4COc4cc(F)ccc43)ccc12,0,IC50 (>),4.43,1,CHEMBL3774852
O=C(O)CCN1CCC2(CC1)C(=O)Nc1cc(/C=C3\c4ccccc4COc4cc(F)ccc43)ccc12,0,IC50 (>),4.92,1,CHEMBL3775464
CN(C)CC(=O)N1CCC2(CC1)C(=O)Nc1cc(/C=C3\c4ccccc4COc4cc(F)ccc43)ccc12,0,IC50 (>),4.4,1,CHEMBL3775389
O=c1[nH]c2cc(/C=C3\c4ccccc4COc4cc(F)ccc43)ccc2n1[C@@H]1C[C@@H]2COCCN2C1,0,IC50 (>),4.6,1,CHEMBL3775798
CCCCCCCCCCNCCOc1ccc(C(=O)c2c(-c3ccc(O)cc3)sc3cc(O)ccc23)cc1,1,IC50,9.17,1,CHEMBL3806167
CCCCCCCCCCCCNCCOc1ccc(C(=O)c2c(-c3ccc(O)cc3)sc3cc(O)ccc23)cc1,1,IC50,10.05,1,CHEMBL3805318
CNCCCCCCCCCCCCn1c(-c2ccc(O)cc2)c(C)c2cc(O)ccc21,1,IC50,6.42,1,CHEMBL3823498
Cc1c(-c2ccc(O)cc2)n(CCCCn2c(-c3ccc(O)cc3)c(C)c3cc(O)ccc32)c2ccc(O)cc12,1,IC50,6.36,1,CHEMBL3823426
COc1ccc(/C=C(/C(=O)N(C)CCCCCCCCCCCCn2c(-c3ccc(O)cc3)c(C)c3cc(O)ccc32)c2cc(OC)c(OC)c(OC)c2)cc1O,1,IC50,6.24,1,CHEMBL3823192
CN(C)CCOc1ccc(/C(=C(/CCCO)c2ccccc2)c2ccc(Br)cc2)cc1,0,IC50 (>),5.0,1,CHEMBL3978054
CCN(CC)CCOc1ccc(/C(=C(/CCCO)c2ccccc2)c2ccc(O)cc2)cc1,1,IC50,6.06,1,CHEMBL3957546
CN(C)CCCOc1ccc(/C(=C(/CCCO)c2ccccc2)c2ccc(O)cc2)cc1,1,IC50,6.0,1,CHEMBL3897416
Cc1ccc(/C(=C(\CCCO)c2ccccc2)c2ccc(OCCN(C)C)cc2)cc1,0,IC50 (>),5.0,1,CHEMBL3973526
CN(C)CCOc1ccc(/C(=C(/CCCF)c2ccccc2)c2ccc(O)cc2)cc1,1,IC50,7.7,1,CHEMBL3961676
O=S(=O)(Nc1ccc(Oc2ccccc2)cc1)c1cccc(C(F)(F)F)c1,0,IC50 (>),4.52,1,CHEMBL3927163
Cc1ccccc1C(=O)c1sc2cc(O)ccc2c1Oc1ccc(/C=C/C(=O)O)cc1,1,IC50,7.78,3,CHEMBL4092208
Cc1cc(F)ccc1C(=O)c1sc2cc(O)ccc2c1Oc1ccc(/C=C/C(=O)O)cc1,1,IC50,8.06,3,CHEMBL4098867
Cc1ccc(C(=O)c2sc3cc(O)ccc3c2Oc2ccc(/C=C/C(=O)O)cc2)c(C)c1,1,IC50,8.35,3,CHEMBL4070169
Cc1cccc(C)c1C(=O)c1sc2cc(O)ccc2c1Oc1ccc(/C=C/C(=O)O)cc1,1,IC50,8.38,3,CHEMBL4094499
Cc1cc(F)cc(C)c1C(=O)c1sc2cc(O)ccc2c1Oc1ccc(/C=C/C(=O)O)cc1,1,IC50,8.51,3,CHEMBL4059888
Cc1cc(Cl)cc(C)c1C(=O)c1sc2cc(O)ccc2c1Oc1ccc(/C=C/C(=O)O)cc1,1,IC50,8.62,3,CHEMBL4081807
CC(C)c1cccc(N2CCc3cc(O)ccc3C2(C)c2ccc(/C=C/C(=O)O)cc2)c1,1,IC50,6.33,1,CHEMBL4087134
CC1(c2ccc(/C=C/C(=O)O)cc2)c2ccc(O)cc2CCN1c1cccc(F)c1,1,IC50,6.3,1,CHEMBL4100053
CC1(c2ccc(/C=C/C(=O)O)cc2)c2ccc(O)cc2CCN1c1ccccc1,1,IC50,6.44,1,CHEMBL4063616
CC1(c2ccc(/C=C/c3nnc(CO)o3)cc2)c2ccc(O)cc2CCN1c1ccc(F)cc1,1,IC50,7.37,1,CHEMBL4104400
CCCc1nnc(/C=C/c2ccc(C3(C)c4ccc(O)cc4CCN3c3ccc(F)cc3)cc2)o1,1,IC50,7.25,1,CHEMBL4086181
Cc1nnc(/C=C/c2ccc(C3(C)c4ccc(O)cc4CCN3c3ccc(F)cc3)cc2)o1,1,IC50,6.95,1,CHEMBL4064677
Cn1nnc(/C=C/c2ccc(C3(C)c4ccc(O)cc4CCN3c3ccc(F)cc3)cc2)n1,1,IC50,6.95,1,CHEMBL4073264
Cn1cncc1/C=C/c1ccc(C2(C)c3ccc(O)cc3CCN2c2ccc(F)cc2)cc1,1,IC50,7.24,1,CHEMBL4070586
CC1(c2ccc(/C=C/C(=O)O)cc2)c2ccc(O)cc2CCN1c1ccc(C(F)(F)F)cc1,1,IC50,6.92,1,CHEMBL4090876
CC1(c2ccc(/C=C/c3cnc[nH]3)cc2)c2ccc(O)cc2CCN1c1ccc(F)cc1,1,IC50,7.26,1,CHEMBL4103564
CC1(c2ccc(/C=C/C(=O)NCCC(F)(F)F)cc2)c2ccc(O)cc2CCN1c1ccc(F)cc1,1,IC50,7.34,1,CHEMBL4093373
CNC(=O)/C=C/c1ccc(C2(C)c3ccc(O)cc3CCN2c2ccc(F)cc2)cc1,1,IC50,6.92,1,CHEMBL4101120
CC1(c2ccc(CCC(=O)O)cc2)c2ccc(O)cc2CCN1c1ccc(F)cc1,1,IC50,6.66,1,CHEMBL4074375
CC1(c2ccc(/C=C/C(=O)O)cc2)c2ccc(O)cc2CCN1c1ccc(F)cc1,1,IC50,6.7,1,CHEMBL4063001
CC(C)(C)c1ccc(N2CCc3cc(O)ccc3C2(C)c2ccc(/C=C/C(=O)O)cc2)cc1,1,IC50,6.52,1,CHEMBL4062941
Cc1ccc(N2CCc3cc(O)ccc3C2(C)c2ccc(/C=C/C(=O)O)cc2)cc1F,1,IC50,6.96,1,CHEMBL4083087
Cc1ccc(N2CCc3cc(O)ccc3C2(C)c2ccc(/C=C/C(=O)O)cc2)cc1,1,IC50,6.68,1,CHEMBL4076649
CC(C)c1ccc(N2CCc3cc(O)ccc3C2(C)c2ccc(/C=C/C(=O)O)cc2)cc1,1,IC50,7.52,1,CHEMBL4101697
CCCCc1ccc(N2CCc3cc(O)ccc3C2(C)c2ccc(/C=C/C(=O)O)cc2)cc1,1,IC50,7.64,1,CHEMBL4065632
CCCCCc1ccc(N2CCc3cc(O)ccc3C2(C)c2ccc(/C=C/C(=O)O)cc2)cc1,1,IC50,7.26,1,CHEMBL4087804
CC1(c2ccc(/C=C/C(=O)O)cc2)c2ccc(O)cc2CCN1c1ccc(C2CC2)cc1,1,IC50,7.41,1,CHEMBL4093325
CC1(c2ccc(/C=C/C(=O)O)cc2)c2ccc(O)cc2CCN1c1ccc(C2CCC2)cc1,1,IC50,7.28,1,CHEMBL4072611
CC(C)Cc1ccc(N2CCc3cc(O)ccc3C2(C)c2ccc(/C=C/C(=O)O)cc2)cc1,1,IC50,7.96,1,CHEMBL4076352
CC1(c2ccc(/C=C/C(=O)O)cc2)c2ccc(O)cc2CCN1c1ccc(CC2CC2)cc1,1,IC50,8.19,1,CHEMBL4078937
CC1(c2ccc(/C=C/C(=O)O)cc2)c2ccc(O)cc2CCN1c1ccc(CC(F)(F)F)cc1,1,IC50,7.57,1,CHEMBL4098286
CCC(C)c1ccc(N2CCc3cc(O)ccc3C2(C)c2ccc(/C=C/C(=O)O)cc2)cc1,1,IC50,6.95,1,CHEMBL4090556
CC(C)c1ccc(N2CCc3cc(O)ccc3C2(C)c2ccc(/C=C/C(=O)O)cc2)cc1F,1,IC50,6.97,1,CHEMBL4069539
CC(C)c1ccc(N2CCc3cc(O)ccc3C2(C)c2ccc(/C=C/C(=O)O)cc2)c(F)c1,1,IC50,6.58,1,CHEMBL4066683
CC(C)Cc1ccc(N2CCc3cc(O)ccc3C2(C)c2ccc(/C=C/C(=O)O)cc2)c(F)c1,1,IC50,8.15,1,CHEMBL4088736
CC(C)c1ccc(N2CCc3cc(O)ccc3C2(c2ccc(/C=C/C(=O)O)cc2)C(F)(F)F)cc1,1,IC50,6.86,1,CHEMBL4061770
CC(C)c1ccc(N2CCc3cc(O)ccc3[C@]2(c2ccc(/C=C/C(=O)O)cc2)C(F)(F)F)cc1,1,IC50,6.9,1,CHEMBL4088122
CC(C)c1ccc(N2CCc3cc(O)ccc3C2(c2ccc(/C=C/C(=O)O)cc2)C(F)F)cc1,1,IC50,6.96,1,CHEMBL4091477
CC(C)c1ccc(N2CCc3cc(O)ccc3[C@]2(c2ccc(/C=C/C(=O)O)cc2)C(F)F)cc1,1,IC50,7.11,1,CHEMBL4101848
CC(C)c1ccc(N2CCc3cc(O)ccc3[C@@]2(c2ccc(/C=C/C(=O)O)cc2)C(F)F)cc1,0,IC50,4.43,1,CHEMBL4075184
CC(C)c1ccc(N2CCc3cc(O)ccc3[C@@]2(C)c2ccc(/C=C/C(=O)O)cc2)cc1,1,IC50,7.47,1,CHEMBL4063838
CC(C)c1ccc(N2CCc3cc(O)ccc3[C@]2(C)c2ccc(/C=C/C(=O)O)cc2)cc1,1,IC50,7.57,1,CHEMBL4085416
CCC(=C(c1ccc(O)cc1)c1ccc(/C=C/C(=O)O)cc1)c1ccccc1,1,IC50,6.62,2,CHEMBL1091535
CCCC(CCC)(c1ccc(O)c(C)c1)c1cc(C)c(O)c(O)c1,1,IC50,6.57,1,CHEMBL4079256
CCCC(CCC)(c1ccc(O)c(C)c1)c1ccc(OCCN(C)C)c(C)c1,1,IC50,7.44,2,CHEMBL4103516
CCCC(CCC)(c1ccc(OCCN(C)C)c(C)c1)c1ccc(O)c(O)c1,1,IC50,6.65,1,CHEMBL4098201
CCCC(CCC)(c1ccc(O)c(C)c1)c1ccc(O)c(O)c1,1,IC50,6.8,1,CHEMBL4080172
CCCC(CCC)(c1ccc(O)cc1)c1ccc(O)c(O)c1,1,IC50,7.2,1,CHEMBL4059760
CCC(CC)(c1ccc(O)c(C)c1)c1ccc(O)c(O)c1,1,IC50,6.18,1,CHEMBL4088044
CCC(CC)(c1ccc(O)cc1)c1ccc(O)c(O)c1,1,IC50,6.81,1,CHEMBL4075785
Cc1cc(O)ccc1-c1c(C)c2ccc(O)cc2oc1=O,1,IC50,6.95,1,CHEMBL4082196
CCc1c(-c2ccc(O)cc2F)c(=O)oc2cc(O)ccc12,1,IC50,7.92,1,CHEMBL4077815
O=c1oc2cc(O)ccc2c(-c2ccc(O)c(F)c2)c1-c1ccc(O)c(F)c1,1,IC50,6.66,1,CHEMBL4074046
O=c1oc2cc(O)ccc2c(-c2ccc(O)cc2)c1-c1ccc(O)cc1,1,IC50,6.65,1,CHEMBL2413896
CN1CC[C@@H](N2C(=O)S/C(=C\c3ccc4c(cnn4Cc4ccc(Cl)cc4C(F)(F)F)c3)C2=O)[C@H](F)C1,0,IC50 (>),5.0,1,CHEMBL4174856
Oc1ccc2c(c1)C(c1ccc(OCCN3CCCCC3)cc1)c1c(sc3cc(O)ccc13)C2,1,IC50,9.05,4,CHEMBL4171598
Oc1ccc2c(c1)CCCC(C1CCC(O)CC1)=C2c1ccc(O[C@H]2CCN(CCCF)C2)cc1,1,IC50,8.7,3,CHEMBL4165845
Cc1nc2ccc(C3=C(c4ccc(O[C@H]5CCN(CCCF)C5)cc4)c4ccc(O)cc4CCC3)cc2o1,1,IC50,9.0,6,CHEMBL4170904
Oc1ccc2c(c1F)CCCC(c1ccc(OC(F)F)cc1F)=C2c1ccc(O[C@H]2CCN(CCCF)C2)cc1,1,IC50,8.7,6,CHEMBL4160292
COc1ccc(C2=C(c3ccc(O[C@H]4CCN(CCCF)C4)cc3)c3ccc(O)cc3CCC2)cc1F,1,IC50,8.4,6,CHEMBL4169457
COc1ccc(C2=C(c3ccc(O[C@H]4CCN(CCCF)C4)cc3)c3ccc(O)cc3CCC2)c(C)c1,1,IC50,9.0,6,CHEMBL4177307
CN1CC=C(C2=C(c3ccc(O[C@H]4CCN(CCCF)C4)cc3)c3ccc(O)cc3CCC2)CC1,1,IC50,6.55,6,CHEMBL4172852
Oc1cccc(C2=C(c3ccc(O[C@H]4CCN(CCCF)C4)cc3)c3ccc(O)cc3CCC2)c1,1,IC50,8.7,6,CHEMBL4162177
CCCCCCCCCCNCCOc1ccc(C(CCC)(CCC)c2ccc(O)c(C)c2)cc1C,1,IC50,7.35,1,CHEMBL4168979
COc1cc(C2Oc3c(OC)cc(/C=C/CO)cc3C2CO)ccc1O,1,IC50,7.21,1,CHEMBL4163889
COc1cc(/C=C/c2ccc(C3=C(c4ccc(O)cc4)C4CC(S(=O)(=O)Oc5ccccc5)C3O4)cc2)cc(OC)c1,0,Ki (>),5.0,1,CHEMBL4214230
COc1cc(/C=C/c2ccc(C3=C(c4ccc(O)cc4)C4CC(S(=O)(=O)Oc5ccc(Br)cc5)C3O4)cc2)cc(OC)c1,0,Ki (>),5.0,1,CHEMBL4206696
CCc1ccccc1OS(=O)(=O)C1CC2OC1C(c1ccc(/C=C/c3cc(OC)cc(OC)c3)cc1)=C2c1ccc(O)cc1,1,IC50,8.52,3,CHEMBL4208076
O=S(=O)(Oc1ccccc1)C1CC2OC1C(c1ccc(/C=C/c3cc(O)cc(O)c3)cc1)=C2c1ccc(O)cc1,1,IC50,6.37,2,CHEMBL4212982
O=S(=O)(Oc1ccc(Br)cc1)C1CC2OC1C(c1ccc(/C=C/c3cc(O)cc(O)c3)cc1)=C2c1ccc(O)cc1,1,IC50,7.21,2,CHEMBL4203715
COc1cccc(OS(=O)(=O)C2CC3OC2C(c2ccc(/C=C/c4cc(O)cc(O)c4)cc2)=C3c2ccc(O)cc2)c1,1,IC50,7.32,2,CHEMBL4208593
O=S(=O)(Oc1ccc(F)cc1)C1CC2OC1C(c1ccc(/C=C/c3cc(O)cc(O)c3)cc1)=C2c1ccc(O)cc1,1,IC50,8.3,2,CHEMBL4216877
O=S(=O)(Oc1ccc(Cl)cc1)C1CC2OC1C(c1ccc(/C=C/c3cc(O)cc(O)c3)cc1)=C2c1ccc(O)cc1,1,IC50,7.21,2,CHEMBL4205171
O=S(=O)(Oc1ccccc1Cl)C1CC2OC1C(c1ccc(/C=C/c3cc(O)cc(O)c3)cc1)=C2c1ccc(O)cc1,1,IC50,6.78,3,CHEMBL4212447
Cc1ccccc1OS(=O)(=O)C1CC2OC1C(c1ccc(/C=C/c3cc(O)cc(O)c3)cc1)=C2c1ccc(O)cc1,1,IC50,8.0,2,CHEMBL4217406
O=S(=O)(Oc1cccc(C(F)(F)F)c1)C1CC2OC1C(c1ccc(/C=C/c3cc(O)cc(O)c3)cc1)=C2c1ccc(O)cc1,1,IC50,7.14,2,CHEMBL4213948
O=S(=O)(Oc1cccc(Cl)c1)C1CC2OC1C(c1ccc(/C=C/c3cc(O)cc(O)c3)cc1)=C2c1ccc(O)cc1,1,IC50,6.03,2,CHEMBL4205342
Cc1cccc(OS(=O)(=O)C2CC3OC2C(c2ccc(/C=C/c4cc(O)cc(O)c4)cc2)=C3c2ccc(O)cc2)c1,1,IC50,6.02,2,CHEMBL4209719
O=S(=O)(Oc1ccc(O)cc1)C1CC2OC1C(c1ccc(/C=C/c3cc(O)cc(O)c3)cc1)=C2c1ccc(O)cc1,1,IC50,7.27,2,CHEMBL4202433
Cc1ccc(OS(=O)(=O)C2CC3OC2C(c2ccc(/C=C/c4cc(O)cc(O)c4)cc2)=C3c2ccc(O)cc2)cc1,1,IC50,8.7,3,CHEMBL4206798
O=S(=O)(Oc1cccc2ccccc12)C1CC2OC1C(c1ccc(/C=C/c3cc(O)cc(O)c3)cc1)=C2c1ccc(O)cc1,1,IC50,7.31,2,CHEMBL4218543
COc1cc(/C=C/c2ccc(OS(=O)(=O)C3CC4OC3C(c3ccc(O)cc3)=C4c3ccc(O)cc3)cc2)cc(OC)c1,1,IC50,8.15,3,CHEMBL4206281
O=S(=O)(Oc1ccc(/C=C/c2ccccc2)cc1)C1CC2OC1C(c1ccc(O)cc1)=C2c1ccc(O)cc1,1,IC50,6.83,2,CHEMBL4203290
COc1cc(/C=C/c2cccc(OS(=O)(=O)C3CC4OC3C(c3ccc(O)cc3)=C4c3ccc(O)cc3)c2)cc(OC)c1,1,IC50,6.13,2,CHEMBL4214942
O=S(=O)(Oc1ccc(/C=C/c2cc(O)cc(O)c2)cc1)C1CC2OC1C(c1ccc(O)cc1)=C2c1ccc(O)cc1,1,IC50,7.72,2,CHEMBL4210525
O=S(=O)(Oc1ccccc1)[C@H]1C[C@@H]2O[C@@H]1C(c1ccc(O)cc1)=C2c1ccc(O)cc1,1,IC50,7.89,3,CHEMBL4207109
COc1cc(/C=C/c2ccc(OS(=O)(=O)[C@H]3C[C@H]4O[C@@H]3C(c3ccc(O)cc3)=C4c3ccc(O)cc3)cc2)cc(OC)c1,1,IC50,7.57,2,CHEMBL4202758
COc1cc(/C=C/c2ccc(OS(=O)(=O)[C@@H]3C[C@@H]4O[C@H]3C(c3ccc(O)cc3)=C4c3ccc(O)cc3)cc2)cc(OC)c1,1,IC50,8.52,2,CHEMBL4204245
CCCC(CCC)(c1ccc(O)c(C)c1)c1ccc(C(=O)OCC)[nH]1,1,IC50,6.35,1,CHEMBL4225034
CO[C@H]1/C=C\C=C(/C)C(=O)NC2=CC(=O)C(NC/C=C/CCC[C@@H]3C[C@H]4[C@@H]5CCc6cc(O)ccc6[C@H]5CC[C@]4(C)[C@H]3O)=C(C[C@@H](C)C[C@H](OC)[C@H](O)[C@@H](C)/C=C(\C)[C@@H]1OC(N)=O)C2=O,1,IC50,7.1,1,CHEMBL4246725
CO[C@H]1/C=C\C=C(/C)C(=O)NC2=CC(=O)C(NCC#CCC[C@@H]3C[C@H]4[C@@H]5CCc6cc(O)ccc6[C@H]5CC[C@]4(C)[C@H]3O)=C(C[C@@H](C)C[C@H](OC)[C@H](O)[C@@H](C)/C=C(\C)[C@@H]1OC(N)=O)C2=O,1,IC50,6.66,1,CHEMBL4237833
C[C@]12CC[C@@H]3c4ccc(O)cc4CC[C@H]3[C@@H]1CC[C@@]2(O)C#CC(=O)OCC1CC#C/C=C\C#CCC1,0,IC50,4.51,3,CHEMBL4243739
CC[C@H](C)[C@H](NC(=O)[C@H](CCCCN)NC(=O)[C@H](Cc1cnc[nH]1)NC(C)=O)C(=O)N[C@@H](CC(C)C)C(=O)N[C@@H](Cc1cnc[nH]1)C(=O)N[C@@]1(C)CCC/C=C\CCC[C@@](C)(C(=O)N[C@@H](CO)C(N)=O)NC(=O)[C@H](CCC(N)=O)NC(=O)[C@H](CC(C)C)NC(=O)[C@H](CC(C)C)NC1=O,0,Kd (>),4.82,1,CHEMBL4240553
CC/C(=C(\c1ccc(O)cc1)c1ccc(OCCN(C)C)cc1)c1ccc(CCCCC(=O)NO)cc1,1,IC50,6.09,1,CHEMBL4237922
CC/C(=C(\c1ccc(O)cc1)c1ccc(OCCN(C)C)cc1)c1ccc(OCCCCC(=O)NO)cc1,1,IC50,6.1,1,CHEMBL4238322
CCN(CC)CCOc1ccc(C(=C(C#N)c2ccccc2)c2ccc(OCCN(CC)CC)cc2)cc1,0,IC50 (>),5.0,1,CHEMBL68236
CN1CCN(CCOc2ccc(C(=C(C#N)c3ccccc3)c3ccc(OCCN4CCN(C)CC4)cc3)cc2)CC1,0,IC50 (>),5.0,1,CHEMBL3929730
Cc1cc(O)ccc1-c1c[se]cc1-c1ccc(OCCN2CCCCC2)cc1C,1,IC50,6.62,2,CHEMBL4288951
Cc1cc(-c2c[se]cc2-c2ccc(OCCN3CCCC3)c(C)c2)ccc1O,1,IC50,6.08,2,CHEMBL4278269
Cc1cc(O)ccc1-c1ccc(-c2ccc(OCCN3CCCC3)cc2C)[se]1,1,IC50,6.06,1,CHEMBL4279069
Cc1cc(O)ccc1-c1ccc(-c2ccc(OCCN3CCCCC3)cc2C)[se]1,1,IC50,7.39,1,CHEMBL4293821
Oc1ccc(-c2ccc(-c3ccc(OCCN4CCCC4)cc3Cl)[se]2)c(Cl)c1,1,IC50,6.38,1,CHEMBL4279757
Cc1cc(O)ccc1-c1c[se]cc1-c1ccc(OCCN2CCCC2)cc1C,1,IC50,6.75,1,CHEMBL4286596
Oc1ccc(-c2c[se]cc2-c2ccc(OCCN3CCCCC3)c(F)c2)cc1F,1,IC50,7.16,1,CHEMBL4282219
Oc1ccc(-c2c[se]cc2-c2ccc(OCCN3CCCC3)cc2Cl)c(Cl)c1,1,IC50,6.11,1,CHEMBL4293480
Oc1ccc(-c2c[se]cc2-c2ccc(OCCN3CCCCC3)cc2Cl)c(Cl)c1,1,IC50,6.38,1,CHEMBL4285636
Oc1ccc(-c2cc(-c3ccc(OCCN4CCCC4)cc3)c(-c3ccc(O)cc3)[se]2)cc1,1,IC50,6.01,1,CHEMBL4278346
Oc1ccc(-c2cc(-c3ccc(OCCN4CCCCC4)cc3)c(-c3ccc(O)cc3)[se]2)cc1,1,IC50,6.11,1,CHEMBL4289024
Cc1cc(O)ccc1-c1cc(-c2ccc(OCCN3CCCC3)cc2)c(-c2ccc(O)cc2C)[se]1,1,IC50,7.89,1,CHEMBL4281803
O=C(O)c1ccc2c(c1)CCCC(c1ccc(SC(F)(F)F)cc1)=C2c1ccc(O[C@H]2CCN(CCCF)C2)cc1,1,IC50,8.7,4,CHEMBL4524318
O=C(O)c1ccc2c(c1)CCCC(c1ccc(OC(F)(F)F)cc1)=C2c1ccc(O[C@H]2CCN(CCCF)C2)cc1,1,IC50,6.62,2,CHEMBL4547379
O=C(O)c1ccc2c(c1)CCCC(c1ccc(Cl)cc1Cl)=C2c1ccc(O[C@H]2CCN(CCCF)C2)cc1,1,IC50,8.74,10,CHEMBL4475463
O=C(O)c1ccc2c(c1)CCCC(c1cccc(F)c1Cl)=C2c1ccc(O[C@H]2CCN(CCCF)C2)cc1,1,IC50,7.41,4,CHEMBL4574995
O=C(O)c1ccc2c(c1)CCCC(c1ccc(Cl)cc1)=C2c1ccc(O[C@H]2CCN(CCCF)C2)cc1,1,IC50,7.96,4,CHEMBL4513462
O=C(O)c1ccc2c(c1)CCCC(c1ccccc1Cl)=C2c1ccc(O[C@H]2CCN(CCCF)C2)cc1,1,IC50,7.52,4,CHEMBL4516726
Oc1ccc2c(c1)CCCC(c1cccnc1)=C2c1ccc(O[C@H]2CCN(CCCF)C2)cc1,1,IC50,8.0,4,CHEMBL4524901
Oc1ccc2c(c1)CCCC(c1ccncc1)=C2c1ccc(O[C@H]2CCN(CCCF)C2)cc1,1,IC50,8.4,4,CHEMBL4516970
Oc1ccc2c(c1)CCCC(c1ccc3[nH]ncc3c1)=C2c1ccc(O[C@H]2CCN(CCCF)C2)cc1,1,IC50,7.51,4,CHEMBL4476692
Oc1ccc2c(c1)CCCC(c1ccc3[nH]ccc3c1)=C2c1ccc(O[C@H]2CCN(CCCF)C2)cc1,1,IC50,8.52,4,CHEMBL4533909
Oc1ccc2c(c1)CCCC(c1ccc(SC(F)(F)F)cc1)=C2c1ccc(O[C@H]2CCN(CCCF)C2)cc1,1,IC50,7.6,4,CHEMBL4463394
Oc1ccc2c(c1)CCCC(c1ccc(OC(F)(F)F)cc1)=C2c1ccc(O[C@H]2CCN(CCCF)C2)cc1,1,IC50,7.25,3,CHEMBL4522878
Oc1ccc2c(c1)CCCC(c1ccc(Cl)cc1Cl)=C2c1ccc(O[C@H]2CCN(CCCF)C2)cc1,1,IC50,8.3,4,CHEMBL4471337
Oc1ccc2c(c1)CCCC(c1ccccc1Cl)=C2c1ccc(O[C@H]2CCN(CCCF)C2)cc1,1,IC50,8.7,4,CHEMBL4534892
Oc1ccc2c(c1)CCCC(c1ccc(Cl)cc1F)=C2c1ccc(O[C@H]2CCN(CCCF)C2)cc1,1,IC50,8.3,4,CHEMBL4564257
Oc1ccc2c(c1)CCCC(c1cccc(Cl)c1F)=C2c1ccc(O[C@H]2CCN(CCCF)C2)cc1,1,IC50,8.4,4,CHEMBL4452445
Oc1ccc2c(c1)CCCC(c1cccc(F)c1Cl)=C2c1ccc(O[C@H]2CCN(CCCF)C2)cc1,1,IC50,8.52,4,CHEMBL4438317
Oc1ccc2c(c1)CCCC(c1ccccc1)=C2c1ccc(O[C@H]2CCN(CCCF)C2)cc1,1,IC50,8.4,4,CHEMBL4524856
Oc1ccc2c(c1)CCCC(c1ccc(F)cc1Cl)=C2c1ccc(O[C@H]2CCN(CCCF)C2)cc1,1,IC50,8.15,4,CHEMBL4475039
Oc1ccc(C2=C(c3ccc(O[C@H]4CCN(CCCF)C4)cc3)c3ccc(O)cc3CCC2)cc1,1,IC50,8.7,4,CHEMBL4440422
Oc1ccc2c(c1)C(c1ccc(O[C@H]3CCN(CCCF)C3)cc1)=C(c1ccc(F)cc1Cl)CCC2,1,IC50,7.72,4,CHEMBL4527764
Oc1ccc(C2=C(c3ccc(O[C@H]4CCN(CCCF)C4)cc3)c3cc(O)ccc3CCC2)cc1,1,IC50,8.15,4,CHEMBL4540897
Cc1c(C2(C(F)(F)F)CC2)nc(C2CC2)n1-c1c(Cl)ccc(N2CC3(CC(C(=O)O)C3)C2)c1Cl,0,IC50 (>),5.0,1,CHEMBL4513808
Cc1ccc2c(c1)nc(CCN1C(=O)c3cccc4cccc(c34)C1=O)n2-c1ccncc1,0,IC50 (>),4.7,1,CHEMBL4558162
Cc1ccccc1C(=O)c1sc2cc(O)ccc2c1Oc1ccc(OCCN2CCC2)cc1,1,IC50,8.72,1,CHEMBL4516021
Cc1ccccc1C(=O)c1sc2cc(O)ccc2c1Oc1ccc(OCCN2CC(C)C2)cc1,1,IC50,9.59,2,CHEMBL4527655
O=C(c1ccccc1)c1sc2cc(O)ccc2c1Oc1ccc(OCCN2CC(CF)C2)cc1,1,IC50,8.99,2,CHEMBL4515212
Cc1ccccc1C(=O)c1sc2cc(O)ccc2c1Oc1ccc(OCCN2CC(CF)C2)cc1,1,IC50,9.02,2,CHEMBL4532671
Cc1cc(F)ccc1C(=O)c1sc2cc(O)ccc2c1Oc1ccc(OCCN2CC(CF)C2)cc1,1,IC50,8.57,2,CHEMBL4578883
Cc1cc(F)cc(C)c1C(=O)c1sc2cc(O)ccc2c1Oc1ccc(OCCN2CC(CF)C2)cc1,1,IC50,8.85,2,CHEMBL4543096
O=C(c1ccc(O)cc1)c1sc2cc(O)ccc2c1Oc1ccc(OCCN2CC(CF)C2)cc1,1,IC50,8.09,2,CHEMBL4464171
Cc1cc(O)ccc1C(=O)c1sc2cc(O)ccc2c1Oc1ccc(OCCN2CC(CF)C2)cc1,1,IC50,8.29,2,CHEMBL4564385
O=C(c1ccc(F)cc1)c1sc2cc(O)ccc2c1Oc1ccc(OCCN2CC(CF)C2)cc1,1,IC50,8.91,2,CHEMBL4524872
Cc1ccc(C(=O)c2sc3cc(O)ccc3c2Oc2ccc(OCCN3CC(CF)C3)cc2)c(C)c1,1,IC50,8.84,2,CHEMBL4483006
Cc1ccccc1C(=O)c1sc2cc(O)ccc2c1Oc1ccc(OCCN2CC[C@@H](CF)C2)cc1,1,IC50,7.98,1,CHEMBL4447374
Cc1cc(F)cc(C)c1C(=O)c1sc2cc(O)ccc2c1Oc1ccc(OCCN2CC[C@@H](CF)C2)cc1,1,IC50,8.23,2,CHEMBL4440649
Cc1cc(F)cc(C)c1C(=O)c1sc2cc(O)ccc2c1Oc1ccc(OCCN2CC[C@H](CF)C2)cc1,1,IC50,8.52,1,CHEMBL4436707
O=C(c1ccccc1)c1sc2cc(O)ccc2c1Oc1ccc(OC2CN(CCCF)C2)cc1,1,IC50,9.3,2,CHEMBL4586663
Cc1ccccc1C(=O)c1sc2cc(O)ccc2c1Oc1ccc(OC2CN(CCCF)C2)cc1,1,IC50,8.68,2,CHEMBL4448178
Cc1cc(F)ccc1C(=O)c1sc2cc(O)ccc2c1Oc1ccc(OC2CN(CCCF)C2)cc1,1,IC50,8.28,2,CHEMBL4538085
Cc1cc(F)cc(C)c1C(=O)c1sc2cc(O)ccc2c1Oc1ccc(OC2CN(CCCF)C2)cc1,1,IC50,8.99,2,CHEMBL4533964
Cc1cc(F)cc(C)c1C(=O)c1sc2cc(O)ccc2c1Oc1ccc(OC2CN(C3CC3)C2)cc1,1,IC50,8.23,2,CHEMBL4436415
C[C@@H]1Cc2c(ccc3[nH]ncc23)[C@@H](c2c(F)cc(/C=C/C(=O)O)cc2F)N1CC(C)(C)F,1,IC50,9.0,1,CHEMBL4448852
C/C=C1/C(=O)C[C@H]2[C@@H]3CCC4=CC(=O)CC[C@]4(C)[C@H]3CC[C@]12C,0,IC50,4.21,2,CHEMBL402063
COc1cc(N2CCN(CCCCCOc3ccc([C@@H]4c5ccc(O)cc5CC[C@@H]4c4ccccc4)cc3)CC2)cc2c1C(=O)N(C1CCC(=O)NC1=O)C2,1,IC50,9.1,1,CHEMBL4472956
COc1cc(N2CCN(CCCCCOc3ccc([C@@H]4c5ccc(O)cc5CC[C@@H]4c4ccccc4)cc3)CC2)cc2c1C(=O)N([C@@H]1CCC(=O)NC1=O)C2,1,IC50,9.43,1,CHEMBL4537710
COc1cc(N2CCN(CCCCCOc3ccc([C@@H]4c5ccc(O)cc5CC[C@@H]4c4ccccc4)cc3)CC2)cc2c1C(=O)N([C@H]1CCC(=O)NC1=O)C2,1,IC50,9.31,1,CHEMBL4458123
COc1cc(N2CCN(C3CC4CC(Oc5ccc([C@@H]6c7ccc(O)cc7CC[C@@H]6c6ccc(F)cc6)cc5)CC4C3)CC2)cc2c1C(=O)N(C1CCC(=O)NC1=O)C2,1,IC50,9.09,1,CHEMBL4466148
COc1cc(N2CCN(CCC3CCN(c4ccc([C@@H]5c6ccc(O)cc6CC[C@@H]5c5ccccc5)cc4F)CC3)CC2)cc2c1C(=O)N(C1CCC(=O)NC1=O)C2,1,IC50,9.15,1,CHEMBL4533684
COc1cc(N2CCN(CC(=O)C3CC(Oc4ccc([C@@H]5c6ccc(O)cc6CC[C@@H]5c5ccccc5)cc4)C3)CC2)cc2c1C(=O)N(C1CCC(=O)NC1=O)C2,1,IC50,9.15,1,CHEMBL4469271
O=C1CCC(N2Cc3cc(N4CCN(CCC5(O)CC(Oc6ccc([C@@H]7c8ccc(O)cc8CC[C@@H]7c7ccccc7)cc6)C5)CC4)cc(OC(F)F)c3C2=O)C(=O)N1,1,IC50,9.3,1,CHEMBL4462704
COc1cc(N2CCN(CCC3(O)CC(Oc4ccc([C@@H]5c6ccc(O)cc6CC[C@@H]5c5ccccc5)cc4)C3)CC2)cc2c1C(=O)N(C1CCC(=O)NC1=O)C2,1,IC50,9.52,1,CHEMBL4456119
CC(=O)Oc1ccc(C(=C2CCCCC2)c2ccc(OC(C)=O)cc2)cc1,1,IC50,7.57,2,CHEMBL141305
Cc1cc(Cc2ccc(O)c(C)c2)ccc1O,0,IC50 (>),5.0,3,CHEMBL2403354
CCCC(CCC)(c1ccc(N)c(C)c1)c1ccc(O)c(C)c1,1,IC50,8.09,3,CHEMBL4473971
CCCC(CCC)(c1ccc(O)c(C)c1)c1ccc(N(C)C)c(C)c1,1,IC50,6.67,3,CHEMBL4449497
CCCC(CCC)(c1ccc(O)c(C)c1)c1ccc(NC)c(C)c1,1,IC50,6.68,2,CHEMBL4459248
CCCC(CCC)(c1ccc(O)c(C)c1)c1ccc(NC(C)=O)c(C)c1,1,IC50,6.67,2,CHEMBL4571357
CCC(=C(c1ccc(O)cc1)c1ccc(O)cc1)c1ccccc1,1,IC50,8.48,2,CHEMBL149791
CCCC(CCC)(c1ccc(O)c(C)c1)c1ccc(OCC(=O)OCC)c(C)c1,1,IC50,7.36,2,CHEMBL4538877
CCCC(CCC)(c1ccc(O)c(C)c1)c1ccc(OCC(=O)OC(C)C)c(C)c1,1,IC50,7.0,2,CHEMBL4449028
CCCC(CCC)(c1ccc(O)c(C)c1)c1ccc(OCC(=O)NC)c(C)c1,1,IC50,7.51,2,CHEMBL4531047
CCCC(CCC)(c1ccc(O)c(C)c1)c1ccc(OCC(=O)N(C)C)c(C)c1,1,IC50,7.03,2,CHEMBL4469862
CCCC(CCC)(c1ccc(O)c(C)c1)c1ccc(/C=C/C(=O)OCC)c(C)c1,1,IC50,6.25,2,CHEMBL4585892
CCCC(CCC)(c1ccc(O)c(C)c1)c1ccc(/C=C/C(=O)O)c(C)c1,1,IC50,6.28,2,CHEMBL4585080
C[C@]12C[C@H](c3ccc(OCCCCCS(=O)(=O)CCCC(F)(F)C(F)(F)F)cc3)[C@@H]3c4ccc(O)cc4CC[C@H]3[C@@H]1CC[C@@H]2O,1,IC50,10.4,1,CHEMBL4518283
CO[C@H]1/C=C\C=C(/C)C(=O)NC2=CC(=O)C(NC/C=C/C[C@@H]3C[C@H]4[C@@H]5CCc6cc(O)ccc6[C@H]5CC[C@]4(C)[C@H]3O)=C(C[C@@H](C)C[C@H](OC)[C@H](O)[C@@H](C)/C=C(\C)[C@@H]1OC(N)=O)C2=O,1,IC50,7.1,1,CHEMBL4475271
CC/C(=C(\c1ccc(O)cc1)c1ccc(OCCNCCCCCCNC(=O)CCC2=[N+]3C(=CC4=CC=C(C)C4[B-]3(F)F)C=C2)cc1)c1ccccc1,1,IC50,7.52,1,CHEMBL4547986
CC(C)(C#N)c1cc(CSc2ccc(OS(N)(=O)=O)cc2)cc(Cn2cncn2)c1,1,IC50,8.46,1,CHEMBL4444074
O=S(=O)(Nc1ccc2cc[nH]c2c1)c1ccc(Br)cc1,1,IC50,7.64,1,CHEMBL4571261
Cc1ccc(S(=O)(=O)Nc2ccc3cc[nH]c3c2)cc1,1,IC50,6.69,1,CHEMBL4516755
O=S(=O)(Nc1ccc2cc[nH]c2c1)c1ccc(Cl)cc1,1,IC50,7.35,1,CHEMBL4553545
O=S(=O)(Nc1ccc2cc[nH]c2c1)c1ccc(F)cc1,1,IC50,8.48,1,CHEMBL4539135
O=C(Nc1ccc2cc[nH]c2c1)c1cccc(C(F)(F)F)c1,1,IC50,8.75,1,CHEMBL4590512
O=C(Nc1ccc2cc[nH]c2c1)c1ccc(Br)cc1,1,IC50,8.33,1,CHEMBL4468912
N#Cc1ccc(C(=O)Nc2ccc3cc[nH]c3c2)cc1,1,IC50,8.62,1,CHEMBL4435453
O=C(Nc1ccc2cc[nH]c2c1)c1ccc(C(F)(F)F)cc1,1,IC50,8.09,1,CHEMBL4555331
O=C(Nc1ccc2cc[nH]c2c1)c1ccc(F)cc1,1,IC50,7.16,1,CHEMBL4570601
COc1ccc(S(=O)(=O)Nc2ccc3cc[nH]c3c2)cc1,1,IC50,8.12,1,CHEMBL4444460
CC1=CC[C@@]2(C)CC[C@@](O)(C(C)C)[C@@H]2[C@@H](OC(=O)c2ccc(O)cc2)C1,1,IC50,7.48,1,CHEMBL465040
C[Si](C)(c1ccccc1)c1ccc(O)cc1,0,IC50,4.89,2,CHEMBL2313450
Oc1ccc(P(=S)(c2ccccc2)c2ccccc2)cc1,0,IC50,4.7,1,CHEMBL4649834
Oc1ccc(P(=[Se])(c2ccccc2)c2ccccc2)cc1,0,IC50,4.7,1,CHEMBL4633486
Oc1ccc(P(c2ccccc2)c2ccccc2)cc1,0,IC50,4.92,1,CHEMBL4638252
CC(C)(c1ccccc1)c1ccc(O)cc1,0,IC50,4.62,1,CHEMBL194805
CCC(=C(c1ccc(OCCN2CCCC2)cc1)c1ccc(OCCN2CCCC2)cc1)c1ccccc1,1,IC50,9.22,1,CHEMBL392916
CC/C(=C(/c1ccc(O)cc1)c1ccc(/C=C/C(=O)NCCNC(=O)/C=C/c2ccc(/C(=C(\CC)c3ccccc3)c3ccc(O)cc3)cc2)cc1)c1ccccc1,1,IC50,6.58,1,CHEMBL4794674
O=C(/C=C/c1ccc(C(=C2CCCCC2)c2ccc(O)cc2)cc1)NCCNC(=O)/C=C/c1ccc(C(=C2CCCCC2)c2ccc(O)cc2)cc1,1,IC50,6.88,1,CHEMBL4784145
CC/C(=C(/c1ccc(O)cc1)c1ccc(/C=C/C(=O)NCCCNC(=O)/C=C/c2ccc(/C(=C(\CC)c3ccccc3)c3ccc(O)cc3)cc2)cc1)c1ccccc1,1,IC50,6.87,1,CHEMBL4758245
O=C(/C=C/c1ccc(C(=C2CCCCC2)c2ccc(O)cc2)cc1)NCCCNC(=O)/C=C/c1ccc(C(=C2CCCCC2)c2ccc(O)cc2)cc1,1,IC50,6.25,1,CHEMBL4790840
CC/C(=C(/c1ccc(O)cc1)c1ccc(/C=C/C(=O)NCCCCNC(=O)/C=C/c2ccc(/C(=C(\CC)c3ccccc3)c3ccc(O)cc3)cc2)cc1)c1ccccc1,1,IC50,6.54,1,CHEMBL4791340
O=C(/C=C/c1ccc(C(=C2CCCCC2)c2ccc(O)cc2)cc1)NCCCCNC(=O)/C=C/c1ccc(C(=C2CCCCC2)c2ccc(O)cc2)cc1,1,IC50,7.05,1,CHEMBL4761289
CC/C(=C(/c1ccc(O)cc1)c1ccc(/C=C/C(=O)NCCCCCNC(=O)/C=C/c2ccc(/C(=C(\CC)c3ccccc3)c3ccc(O)cc3)cc2)cc1)c1ccccc1,1,IC50,6.8,1,CHEMBL4755319
O=C(/C=C/c1ccc(C(=C2CCCCC2)c2ccc(O)cc2)cc1)NCCCCCNC(=O)/C=C/c1ccc(C(=C2CCCCC2)c2ccc(O)cc2)cc1,1,IC50,7.14,1,CHEMBL4790191
CC/C(=C(/c1ccc(O)cc1)c1ccc(/C=C/C(=O)NCCN)cc1)c1ccccc1,1,IC50,8.27,1,CHEMBL4793264
CC/C(=C(/c1ccc(O)cc1)c1ccc(OCCN(C)C)cc1)c1ccccc1,1,IC50,8.64,1,CHEMBL279301
CC1=C(c2ccc(O)cc2)N(Cc2ccc(OCCN3CCCCCC3)cc2)C2C=CC(O)=CC12,0,Kd,4.48,1,CHEMBL4740172
NC(=O)N1N=C(c2ccc(C(F)(F)F)cc2)CC1c1cn(Cc2ccc(OCCN3CCCCCC3)cc2)c2ccc(Br)cc12,0,Kd,4.33,1,CHEMBL4777424
Cc1ccccc1C(OC(c1ccccc1C)c1ccccc1C)c1ccccc1C,1,IC50,8.1,1,CHEMBL4763747
CN1c2ccccc2C2(C)CCCC3Cc4cc(Br)cc(Br)c4OC312,1,IC50,7.7,1,CHEMBL4750790
Cc1ccc(N(CC(F)(F)F)S(=O)(=O)C2CC3OC2C(c2ccc(NC(=O)CCCCCCC(=O)O)cc2)=C3c2ccc(O)cc2)cc1,1,IC50,7.37,2,CHEMBL4875988
O=S(=O)(Oc1ccccc1)C1CC2OC1C(c1ccc(O)cc1)=C2c1ccc(O)cc1,1,IC50,7.38,3,CHEMBL4800654
COc1ccc2cc(-c3ccc4c(c3)OCO4)n([C@H](COc3ccc([N+](=O)[O-])cc3)OC)c(=O)c2c1OC,0,Ki,4.77,1,CHEMBL4878120
CC1=C(c2cccc(O)c2)[C@H](c2ccc(OCCN3CC(CF)C3)cc2)Oc2ccc(O)cc21,1,IC50,10.0,1,CHEMBL4447340
C[C@@H]1Cc2c([nH]c3ccccc23)[C@@H](c2c(F)cc(OCCN3CC(CF)C3)cc2F)N1CC(C)(C)F,1,IC50,9.28,1,CHEMBL4528514
C[C@@H]1Cc2c([nH]c3ccccc23)[C@@H](c2c(F)cc(OC3CN(CCCF)C3)cc2F)N1CC(C)(C)F,1,IC50,9.85,1,CHEMBL4649161
C[C@@H]1Cc2c([nH]c3cccnc23)[C@@H](c2c(F)cc(OCCN3CC(CF)C3)cc2F)N1CC(C)(C)F,1,IC50,8.44,1,CHEMBL4854999
C[C@@H]1Cc2c(ccc3[nH]ncc23)[C@@H](c2c(F)cc(OCCN3CC(CF)C3)cc2F)N1CC(C)(C)F,1,IC50,9.7,1,CHEMBL4756497
C[C@@H]1Cc2c([nH]c3ccccc23)[C@@H](c2ncc(OCCN3CC(CF)C3)cc2F)N1CC(C)(C)F,1,IC50,7.92,1,CHEMBL4869612
C[C@@H]1Cc2c([nH]c3ccccc23)[C@@H](c2ccc(OCCN3CC(CF)C3)nc2)N1CC(C)(C)F,1,IC50,9.15,1,CHEMBL4852984
C[C@@H]1Cc2c([nH]c3ccccc23)[C@@H](c2c(F)cc(OCCN3CC(CF)C3)cc2F)N1CC1(F)COC1,1,IC50,8.22,1,CHEMBL4862431
C[C@@H]1Cc2c([nH]c3ccccc23)[C@@H](c2c(F)cc(OCCN3CC(CF)C3)cc2F)N1CC1(C)COC1,1,IC50,9.3,1,CHEMBL4867106
C[C@@H]1Cc2c([nH]c3ccccc23)[C@@H](c2c(F)cc(OCCN3CC(CF)C3)cc2F)N1CC(F)F,1,IC50,9.52,1,CHEMBL4847707
C[C@@H]1Cc2c([nH]c3ccccc23)[C@@H](c2c(F)cc(OCCN3CC(CF)C3)cc2F)N1CC(F)(F)F,1,IC50,9.1,1,CHEMBL4858543
C[C@@H]1Cc2c([nH]c3ccccc23)[C@@H](c2c(F)cc(OCCN3CC(CF)C3)cc2F)N1C[C@@](C)(F)CO,1,IC50,9.4,1,CHEMBL4854930
C[C@@H]1Cc2c([nH]c3ccccc23)[C@@H](c2c(F)cc(OCCN3CC(CF)C3)cc2F)N1C[C@](C)(F)CO,1,IC50,9.1,1,CHEMBL4847664
C[C@@H]1Cc2c([nH]c3ccccc23)[C@@H](c2c(F)cc(OCCN3CC(CF)C3)cc2F)N1[C@H](C)C(=O)O,1,IC50,8.68,1,CHEMBL4864628
C[C@@H]1Cc2c([nH]c3ccccc23)[C@@H](c2c(F)cc(OCCN3CC(CF)C3)cc2F)N1C[C@](C)(F)C#N,1,IC50,9.4,1,CHEMBL4850919
C[C@@H]1Cc2c([nH]c3ccccc23)[C@@H](c2c(F)cc(OCCN3CC(CF)C3)cc2F)N1CC(F)(F)CO,1,IC50,10.0,1,CHEMBL4871161
C[C@@H]1Cc2c([nH]c3ccccc23)[C@@H](c2c(F)cc(NCCN3CC(CF)C3)cc2F)N1CC(F)(F)CO,1,IC50,9.64,1,CHEMBL4866232
C[C@@H]1Cc2c([nH]c3ccccc23)[C@@H](c2c(F)cc(NC(=O)CN3CC(CF)C3)cc2F)N1CC(F)(F)CO,1,IC50,9.8,1,CHEMBL4860671
C[C@@H]1Cc2c([nH]c3ccccc23)[C@@H](c2c(F)cc(OC3CN(CCCF)C3)cc2F)N1CC(F)(F)CO,1,IC50,9.89,1,CHEMBL4857736
C[C@@H]1Cc2c([nH]c3ccccc23)[C@@H](c2c(F)cc(OC3CN(CCCO)C3)cc2F)N1CC(F)(F)CO,1,IC50,10.1,1,CHEMBL4856892
C[C@@H]1Cc2c([nH]c3ccccc23)[C@@H](c2c(F)cc(NC3CN(CCCF)C3)cc2F)N1CC(F)(F)CO,1,IC50,10.3,2,CHEMBL4650316
C[C@@H]1Cc2c([nH]c3ccccc23)[C@@H](c2c(F)cc(NC3CN(CCC(F)F)C3)cc2F)N1CC(F)(F)CO,1,IC50,10.05,1,CHEMBL4869698
C[C@@H]1Cc2c([nH]c3ccccc23)[C@@H](c2c(F)cc(NC3CN(CC(CF)CF)C3)cc2F)N1CC(F)(F)CO,1,IC50,9.54,1,CHEMBL4871601
CCCN1CC(Nc2cc(F)c([C@@H]3c4[nH]c5ccccc5c4C[C@@H](C)N3CC(F)(F)CO)c(F)c2)C1,1,IC50,10.05,1,CHEMBL4864829
C[C@@H]1Cc2c([nH]c3ccccc23)[C@@H](c2c(F)cc(NC3CN(CCCO)C3)cc2F)N1CC(F)(F)CO,1,IC50,10.15,1,CHEMBL4856969
C[C@@H]1Cc2c([nH]c3ccccc23)[C@@H](c2c(F)cc(/C=C/C(=O)O)cc2F)N1CC(F)(F)CO,1,IC50,9.05,1,CHEMBL4864337
C[C@@H]1Cc2c([nH]c3cccc(F)c23)[C@@H](c2c(F)cc(NC3CN(CCCF)C3)cc2F)N1CC(F)(F)CO,1,IC50,9.82,1,CHEMBL4877338
C[C@@H]1Cc2c([nH]c3ccc(F)cc23)[C@@H](c2c(F)cc(NC3CN(CCCF)C3)cc2F)N1CC(F)(F)CO,1,IC50,10.22,1,CHEMBL4866043
C[C@@H]1Cc2c([nH]c3cc(F)ccc23)[C@@H](c2c(F)cc(NC3CN(CCCF)C3)cc2F)N1CC(F)(F)CO,1,IC50,10.05,1,CHEMBL4845726
C[C@@H]1Cc2c([nH]c3c(F)cccc23)[C@@H](c2c(F)cc(NC3CN(CCCF)C3)cc2F)N1CC(F)(F)CO,1,IC50,9.6,1,CHEMBL4873860
COCC(F)(F)CN1[C@H](c2c(F)cc(NC3CN(CCCF)C3)cc2F)c2[nH]c3ccccc3c2C[C@H]1C,1,IC50,9.8,1,CHEMBL4853118
C[C@@H]1Cc2c([nH]c3ccccc23)[C@@H](c2ccc(NC3CN(CCCF)C3)cc2F)N1CC(F)(F)CO,1,IC50,9.01,1,CHEMBL4865515
C[C@@H]1Cc2c([nH]c3ccccc23)[C@@H](c2ccc(NC3CN(CCCF)C3)cc2)N1CC(F)(F)CO,1,IC50,9.22,1,CHEMBL4877406
CCC(=C(c1ccc(O)cc1)c1ccc(/C=C/C(=O)NCCCCNC(=O)CCCCCCCn2c(=S)[nH]c3ccccc3c2=O)cc1)c1ccccc1,1,IC50,7.87,3,CHEMBL5086315
CCC(=C(c1ccc(O)cc1)c1ccc(/C=C/C(=O)NCCCCCNC(=O)CCc2nc3ccc(OC)cc3[nH]2)cc1)c1ccccc1,1,IC50,8.04,2,CHEMBL5092721
CCC(=C(c1ccc(O)cc1)c1ccc(/C=C/C(=O)NCCCCCNC(=O)CCc2nc3cc(O)ccc3[nH]2)cc1)c1ccccc1,1,IC50,7.51,3,CHEMBL5076984
CCC(=C(c1ccc(O)cc1)c1ccc(/C=C/C(=O)NCCCNC(=O)CCCn2c(=S)[nH]c3ccccc3c2=O)cc1)c1ccccc1,1,IC50,7.52,1,CHEMBL5094443
CCC(=C(c1ccc(O)cc1)c1ccc(/C=C/C(=O)NCCCNC(=O)c2ccc(N3CCN(C(=O)CCCn4c(=S)[nH]c5ccccc5c4=O)CC3)cc2)cc1)c1ccccc1,1,IC50,6.98,1,CHEMBL5094584
CCC(=C(c1ccc(O)cc1)c1ccc(/C=C/C(=O)NCCCNC(=O)c2ccc(N3CCN(C(=O)CCCCCCCn4c(=S)[nH]c5ccccc5c4=O)CC3)cc2)cc1)c1ccccc1,1,IC50,6.04,1,CHEMBL5083251
CCC(=C(c1ccc(O)cc1)c1ccc(/C=C/C(=O)NCCNC(=O)CCc2nc3cc(OC)ccc3[nH]2)cc1)c1ccccc1,1,IC50,8.01,1,CHEMBL5085956
CCC(=C(c1ccc(O)cc1)c1ccc(/C=C/C(=O)NCCCNC(=O)CCc2nc3ccc(OC)cc3[nH]2)cc1)c1ccccc1,1,IC50,7.67,1,CHEMBL5071793
CCC(=C(c1ccc(O)cc1)c1ccc(/C=C/C(=O)NCCCCNC(=O)CCc2nc3cc(OC)ccc3[nH]2)cc1)c1ccccc1,1,IC50,7.46,1,CHEMBL5075366
CCC(=C(c1ccc(O)cc1)c1ccc(/C=C/C(=O)NCCCCCCNC(=O)CCc2nc3cc(OC)ccc3[nH]2)cc1)c1ccccc1,1,IC50,8.03,1,CHEMBL5091421
CCC(=C(c1ccc(O)cc1)c1ccc(/C=C/C(=O)NCCNC(=O)CCc2nc3cc(O)ccc3[nH]2)cc1)c1ccccc1,1,IC50,7.58,1,CHEMBL5087008
CCC(=C(c1ccc(O)cc1)c1ccc(/C=C/C(=O)NCCCNC(=O)CCc2nc3cc(O)ccc3[nH]2)cc1)c1ccccc1,1,IC50,7.09,1,CHEMBL5088360
CCC(=C(c1ccc(O)cc1)c1ccc(/C=C/C(=O)NCCCCNC(=O)CCc2nc3cc(O)ccc3[nH]2)cc1)c1ccccc1,1,IC50,6.97,1,CHEMBL5092334
CCC(=C(c1ccc(O)cc1)c1ccc(/C=C/C(=O)NCCCCCCNC(=O)CCc2nc3cc(O)ccc3[nH]2)cc1)c1ccccc1,1,IC50,7.7,1,CHEMBL5094540
CCC(=C(c1ccc(O)cc1)c1ccc(/C=C/C(=O)NCCN)cc1)c1ccccc1,1,IC50,8.28,1,CHEMBL5094545
CNCCOc1ccc(N2Nc3cc(O)ccc3-c3c2c2ccc(O)cc2oc3=O)cc1,1,IC50,9.48,1,CHEMBL5178058
CNCCOc1ccc(N2Nc3c(c(=O)oc4cc(O)ccc34)-c3ccc(O)cc32)cc1,1,IC50,6.79,1,CHEMBL5209099
Cc1cc(N2Nc3cc(O)ccc3-c3c2c2ccc(O)cc2oc3=O)ccc1OCCN1CCC=C(C(=O)O)C1,1,IC50,9.59,1,CHEMBL5184399
Cc1cc(N2Nc3c(c(=O)oc4cc(O)ccc34)-c3ccc(O)cc32)ccc1OCCN1CCC=C(C(=O)O)C1,1,IC50,6.84,1,CHEMBL5198828
O=C(COCN1CCCCC1)CN1Nc2cc(O)ccc2-c2c1c1ccc(O)cc1oc2=O,1,IC50,9.12,1,CHEMBL5187253
O=C(COCN1CCCCC1)CN1Nc2c(c(=O)oc3cc(O)ccc23)-c2ccc(O)cc21,1,IC50,6.43,1,CHEMBL5196340
Cc1cc(C(=O)CNc2c(-c3ccc(O)cc3)c(=O)oc3cc(O)ccc23)ccc1OCCN1CCC=C(C(=O)O)C1,1,IC50,9.72,1,CHEMBL5199803
Nc1ccc(-c2c(C(=O)c3ccc(OCCN4CC(C(=O)O)=CCC4=O)cc3)c3ccc(O)cc3[nH]c2=O)cc1,1,IC50,7.43,1,CHEMBL5181808
Nc1ccc(-c2c(C(=O)c3ccc(OCCN4CC(C(=O)O)=CCC4=O)cc3)c3ccc(O)cc3oc2=O)cc1,1,IC50,7.41,1,CHEMBL5187730
Nc1ccc(-c2c(C(=O)c3ccc(OCCNS(=O)(=O)O)cc3)c3ccc(O)cc3oc2=O)cc1,1,IC50,9.41,1,CHEMBL5195371
O=C(c1ccc(OCCN2C=Cc3ccccc3C2)cc1)c1c(-c2ccc(O)cc2)oc(=O)c2cc(O)ccc12,1,IC50,9.15,1,CHEMBL5174813
O=C(c1ccc(OCCN2C(=O)CCC2=O)cc1)c1c(-c2ccc(O)cc2)oc(=O)c2cc(O)ccc12,1,IC50,9.12,1,CHEMBL5207726
Cc1cc(C(=O)C2=C(c3ccc(O)cc3)COc3cc(O)ccc32)ccc1OCCN1C=Cc2cccnc2C1,1,IC50,8.98,1,CHEMBL5203282
Cc1cc(C(=O)C2=C(c3ccc(O)cc3)COc3cc(O)ccc32)ccc1OCCN1Cc2cccnc2C1,1,IC50,8.95,1,CHEMBL5178110
CC(CN1CCCC2CCCNC21)OCC(=O)N1Nc2cc(O)ccc2C2COc3cc(O)ccc3C21,1,IC50,9.17,1,CHEMBL5191405
CC(CN1CCCC2CCCNC21)OCC(=O)N1NC2c3ccc(O)cc3OCC2c2ccc(O)cc21,1,IC50,6.77,1,CHEMBL5194045
CC(F)(F)c1cc(Cl)ccc1-c1sc2c(ccc3[nH]ncc32)c1Oc1ccc(OC2CN(CCCF)C2)cc1,1,IC50,7.99,3,CHEMBL5185539
CC(F)(F)c1cc(Cl)ccc1-c1sc2c(ccc3[nH]ncc32)c1Oc1ccc(NC2CN(CCCF)C2)cc1,1,IC50,7.88,3,CHEMBL5197035
FCCCN1CC(Nc2ccc(Oc3c(-c4ccc(F)cc4CC(F)(F)F)sc4c3ccc3[nH]ncc34)cc2)C1,1,IC50,8.89,2,CHEMBL5180046
CC(C)(F)c1cc(F)ccc1-c1sc2c(ccc3[nH]ncc32)c1Oc1ccc(NC2CN(CCCF)C2)cc1,1,IC50,9.0,2,CHEMBL5190953
CC(F)(F)c1cc(F)c(F)cc1-c1sc2c(ccc3[nH]ncc32)c1Oc1ccc(NC2CN(CCCF)C2)cc1,1,IC50,8.59,2,CHEMBL5207893
COc1cc(Oc2c(-c3ccc(F)cc3C(C)(F)F)sc3c2ccc2[nH]ncc23)ccc1NC1CN(CCCF)C1,1,IC50,9.22,2,CHEMBL5173113
CC(F)(F)c1cc(F)ccc1-c1sc2c(ccc3[nH]ncc32)c1Oc1ccc(NC2CN(CCCF)C2)c(F)c1,1,IC50,8.96,2,CHEMBL5184413
COc1cc(Oc2c(-c3cc(F)c(F)cc3C(C)(F)F)sc3c2ccc2[nH]ncc23)ccc1NC1CN(CCCF)C1,1,IC50,8.6,2,CHEMBL5198894
COc1cc(Oc2c(-c3ccc(F)cc3CC(F)(F)F)sc3c2ccc2[nH]ncc23)ccc1NC1CN(CCCF)C1,1,IC50,8.96,2,CHEMBL5191391
COc1cc(Oc2c(-c3ccc(F)cc3C(C)(C)F)sc3c2ccc2[nH]ncc23)ccc1NC1CN(CCCF)C1,1,IC50,9.15,2,CHEMBL5205039
CC(F)(F)c1cc(F)c(F)cc1-c1sc2c(ccc3[nH]ncc32)c1Oc1ccc(OC2CN(CCCF)C2)cc1,1,IC50,8.6,2,CHEMBL5181826
COc1cc(Oc2c(-c3ccc(F)cc3C(C)(F)F)sc3c2ccc2[nH]ncc23)ccc1OC1CN(CCCF)C1,1,IC50,9.22,2,CHEMBL5181850
COc1cc(Oc2c(-c3cc(F)c(F)cc3C(C)(F)F)sc3c2ccc2[nH]ncc23)ccc1OC1CN(CCCF)C1,1,IC50,8.85,2,CHEMBL5203346
COc1cc(Oc2c(-c3ccc(F)cc3CC(F)(F)F)sc3c2ccc2[nH]ncc23)ccc1OC1CN(CCCF)C1,1,IC50,9.05,2,CHEMBL5205357
COc1cc(Oc2c(-c3ccc(F)cc3C(C)(C)F)sc3c2ccc2[nH]ncc23)ccc1OC1CN(CCCF)C1,1,IC50,9.1,2,CHEMBL5171948
CC(F)(F)c1cc(F)ccc1-c1sc2c(ccc3[nH]ncc32)c1Oc1ccc(OC2CN(CCCF)C2)c(F)c1,1,IC50,9.0,2,CHEMBL5169445
CC(F)(F)c1cc(F)c(F)cc1-c1sc2c(ccc3[nH]ncc32)c1Oc1ccc(OC2CN(CCCF)C2)c(F)c1,1,IC50,8.28,2,CHEMBL5205546
FCCCN1CC(Oc2ccc(Oc3c(-c4ccc(F)cc4CC(F)(F)F)sc4c3ccc3[nH]ncc34)cc2F)C1,1,IC50,8.7,2,CHEMBL5191700
CC(C)(F)c1cc(F)ccc1-c1sc2c(ccc3[nH]ncc32)c1Oc1ccc(OC2CN(CCCF)C2)c(F)c1,1,IC50,8.92,2,CHEMBL5171955
CC(F)(F)c1cc(-c2sc3cc(O)ccc3c2Oc2ccc(/C=C/C(=O)O)cc2)ccc1F,1,IC50,8.19,2,CHEMBL5191161
O=S(=O)(Oc1cccc2ccccc12)C1CC2OC1C(c1ccc([Se]c3ccccc3)cc1)=C2c1ccc(O)cc1,1,IC50,6.51,1,CHEMBL5196589
COc1ccc(/C=C\c2cc(OC)c(OC)c(OC)c2)cc1OC(=O)N(C)CCOc1ccc(C(=C2CCC(C)CC2)c2ccc(O)cc2)cc1,1,IC50,7.82,1,CHEMBL5220701
C[C@]12CCC3c4ccc(O)cc4C[C@@H](CCCCCCCC[C@H](CCCC(F)(F)C(F)(F)C(F)(F)C(F)(F)F)C(=O)O)C3C1CCC2=O,1,IC50,7.3,1,CHEMBL214558
Cc1cn(C2=CCC3C4CC=C5C[C@@H](NC(=O)c6ccc(F)cc6)CC[C@]5(C)C4CC[C@]23C)cn1,1,IC50,6.99,1,CHEMBL5400213
CC(F)(F)c1cc(F)ccc1-c1sc2cc(O)ccc2c1Oc1ccc(/C=C/C(=O)O)cc1,1,IC50,9.7,2,CHEMBL4076124
O=C(O)/C=C/c1ccc(Oc2c(-c3ccc(O)cc3)sc3cc(O)ccc23)cc1,1,IC50,7.58,2,CHEMBL4102815
Cc1cc(F)ccc1-c1sc2cc(O)ccc2c1Oc1ccc(/C=C/C(=O)O)cc1,1,IC50,8.4,2,CHEMBL4101673
O=C1CC[C@H](N2Cc3cc(N4CCN(CC5CCN(c6ccc([C@@H]7c8ccc(O)cc8CC[C@@H]7c7ccccc7)cc6)CC5)CC4)ccc3C2=O)C(=O)N1,1,IC50,8.31,3,CHEMBL5095210
N#C[Se]CCCCCC(=O)Nc1ccc(C2=C(c3ccc(O)cc3)C3CC(S(=O)(=O)Oc4ccccc4F)C2O3)cc1,1,IC50,6.0,1,CHEMBL5425664
N#C[Se]CCCCCC(=O)Nc1ccc(C2=C(c3ccc(O)cc3)C3CC(S(=O)(=O)N(CC(F)(F)F)c4ccccc4F)C2O3)cc1,1,IC50,7.25,1,CHEMBL5418245
CCNCCc1ccc(CN(CC)c2cc(OC)ccc2[C@@H]2CCc3cc(O)ccc3C2)cc1,1,IC50,7.32,2,CHEMBL4297509
CCC(Cc1ccc(OC)cc1)=C(c1ccc(O)cc1)c1ccc(OCCCN(C)C)cc1,1,IC50,6.29,1,CHEMBL5435203
O=C(C1=C(O)C(=O)N(c2ccccc2O)C1c1ccc([N+](=O)[O-])cc1)c1ccccc1,0,IC50,4.12,1,CHEMBL5280823
C[C@@H]1Cc2c([nH]c3ccccc23)[C@@H](c2c(F)cc(NC3CN(CC[S+]([O-])CCCC(F)(F)C(F)(F)F)C3)cc2F)N1CC(F)(F)CO,1,IC50,8.19,2,CHEMBL5590452
C[C@@H]1Cc2c([nH]c3ccccc23)[C@@H](c2c(F)cc(NC3CN(CCCS(=O)(=O)CCCC(F)(F)C(F)(F)F)C3)cc2F)N1CC(F)(F)CO,1,IC50,8.17,2,CHEMBL5574743
C[C@@H]1Cc2c([nH]c3ccccc23)[C@@H](c2c(F)cc(NC3CN(CC[S+]([O-])CCCC(F)(F)C(F)(F)F)C3)cc2F)N1CC(F)(F)F,1,IC50,7.72,2,CHEMBL5542660
C[C@@H]1Cc2c([nH]c3ccccc23)[C@@H](c2c(F)cc(OC3CN(CC[S+]([O-])CCCC(F)(F)C(F)(F)F)C3)cc2F)N1CC(F)(F)F,1,IC50,7.73,2,CHEMBL5573082
C[C@](O)(CN1CC2CC(C1)N2c1ccc(C#N)cc1)C(=O)Nc1cnc(C#N)c(C(F)(F)F)c1,0,IC50 (>),5.0,1,CHEMBL5568622
CCC(=C(c1ccc(O)cc1)c1ccc(OCCNCCCCCCN)cc1)c1ccccc1,1,IC50,7.82,1,CHEMBL5562856
CCC(=C(c1ccc(O)cc1)c1ccc(OCCNCCCCCCNC(=O)CCC2=[N+]3C(C=C2)Cc2c(C)cc(C)n2[B-]3(F)F)cc1)c1ccccc1,1,IC50,7.52,1,CHEMBL5572240
CCC(=C(c1ccc(O)cc1)c1ccc(OCCNCCCCCCNC(=O)CCCCCNC(=O)CSc2c(Cl)c(Cl)c(C(=O)O)c(C3=c4cc5c(c(S(=O)(=O)O)c4Oc4c3cc3c(c4S(=O)(=O)O)NC(C)(C)CC3C)=NC(C)(C)CC5C)c2Cl)cc1)c1ccccc1,1,IC50,6.75,1,CHEMBL5589809
CCC(=C(c1ccc(O)cc1)c1ccc(OCCN(C)C(=O)/C(=C/c2ccc(OC)c(O)c2)c2cc(OC)c(OC)c(OC)c2)cc1)c1ccc(O)cc1,1,IC50,8.33,1,CHEMBL5572046
CC/C(=C(\c1ccc(O)cc1)c1ccc(OCCN(C)C(=O)CCC(=O)Oc2cc(/C=C\c3cc(OC)c(OC)c(OC)c3)ccc2OC)cc1)c1ccccc1,1,IC50,7.28,1,CHEMBL5575606
CCOC(=O)/C=C/C(=O)OCc1cn(CCC2CCN(CCOc3ccc(C(=O)c4c(-c5ccc(O)cc5)sc5cc(O)ccc45)cc3)CC2)nn1,1,IC50,6.3,1,CHEMBL5584043
O=C(CCCCc1ccc(-c2sc3cc(O)ccc3c2C(=O)c2ccc(OCCN3CCCCC3)cc2)cc1)NO,1,IC50,6.03,1,CHEMBL5574286
O=C(CCCCCc1ccc(-c2sc3cc(O)ccc3c2C(=O)c2ccc(OCCN3CCCCC3)cc2)cc1)NO,1,IC50,6.2,1,CHEMBL5565366
O=C(CCCCOc1ccc(-c2sc3cc(O)ccc3c2C(=O)c2ccc(OCCN3CCCCC3)cc2)cc1)NO,1,IC50,6.08,1,CHEMBL5563391
O=C(CCCCCOc1ccc(-c2sc3cc(O)ccc3c2C(=O)c2ccc(OCCN3CCCCC3)cc2)cc1)NO,1,IC50,6.43,1,CHEMBL5590745
Oc1cccc(C2=C(c3ccc(O[C@H]4CCN(CCCF)C4)cc3)c3cc(O)ccc3CCC2)c1,1,IC50,8.3,3,CHEMBL5797579
Oc1ccc2c(c1)C(c1ccc(O[C@H]3CCN(CCCF)C3)cc1)=C(c1ccc3[nH]ccc3c1)CCC2,1,IC50,7.43,3,CHEMBL5786347
Cc1c(Cl)cccc1C1=C(c2ccc(O[C@H]3CCN(CCCF)C3)cc2)c2ccc(O)cc2CCC1,1,IC50,8.3,3,CHEMBL5817458
Cc1ccc(C2=C(c3ccc(O[C@H]4CCN(CCCF)C4)cc3)c3ccc(O)cc3CCC2)c(F)c1,1,IC50,8.52,6,CHEMBL6036972
Oc1ccc(C2=C(c3ccc(O[C@H]4CCN(CCCF)C4)cc3)c3ccc(O)cc3CCC2)c(F)c1,1,IC50,8.7,3,CHEMBL5960392
Cc1cc(C2=C(c3ccc(O[C@H]4CCN(CCCF)C4)cc3)c3ccc(O)cc3CCC2)ccc1Cl,1,IC50,8.4,3,CHEMBL5972374
Oc1ccc2c(c1)CCCC(c1ccncc1F)=C2c1ccc(O[C@H]2CCN(CCCF)C2)cc1,1,IC50,8.52,3,CHEMBL5885646
Oc1ccc2c(c1)CCCC(c1ccc(Cl)c(F)c1)=C2c1ccc(O[C@H]2CCN(CCCF)C2)cc1,1,IC50,7.85,3,CHEMBL5780857
Cc1cc(F)ccc1C1=C(c2ccc(O[C@H]3CCN(CCCF)C3)cc2)c2ccc(O)cc2CCC1,1,IC50,8.52,3,CHEMBL6032331
Oc1ccc2c(c1)CCCC(c1ccc3cc[nH]c3c1)=C2c1ccc(O[C@H]2CCN(CCCF)C2)cc1,1,IC50,8.1,3,CHEMBL5743949
Oc1ccc2c(c1)CCCC(c1cccc3[nH]ccc13)=C2c1ccc(O[C@H]2CCN(CCCF)C2)cc1,1,IC50,8.7,3,CHEMBL5869834
Oc1ccc2c(c1)CCCC(c1ccc3c(c1)CCN3)=C2c1ccc(O[C@H]2CCN(CCCF)C2)cc1,1,IC50,8.15,3,CHEMBL6015768
Oc1ccc2c(c1)CCCC(c1cnc3[nH]ccc3c1)=C2c1ccc(O[C@H]2CCN(CCCF)C2)cc1,1,IC50,8.15,3,CHEMBL5756573
Cc1ccc(C2=C(c3ccc(O[C@H]4CCN(CCCF)C4)cc3)c3ccc(O)cc3CCC2)c(Cl)c1,1,IC50,8.52,3,CHEMBL6045132
CC(C)(C)OC(=O)N1CC=C(C2=C(c3ccc(O[C@H]4CCN(CCCF)C4)cc3)c3ccc(O)cc3CCC2)CC1,1,IC50,6.82,3,CHEMBL5896245
Oc1ccc2c(c1)CCCC(C1=CCNCC1)=C2c1ccc(O[C@H]2CCN(CCCF)C2)cc1,1,IC50,6.7,3,CHEMBL5751939
CCOc1ccc(C2=C(c3ccc(O[C@H]4CCN(CCCF)C4)cc3)c3ccc(O)cc3CCC2)c(C)c1,1,IC50,8.52,3,CHEMBL5841012
Oc1ccc2c(c1)CCCC(c1ccc3occc3c1)=C2c1ccc(O[C@H]2CCN(CCCF)C2)cc1,1,IC50,8.7,3,CHEMBL5760893
COc1ccc(C2=C(c3ccc(O[C@H]4CCN(CCCF)C4)cc3)c3ccc(O)cc3CCC2)c(F)c1,1,IC50,8.7,3,CHEMBL5864449
Cc1cc2cc(C3=C(c4ccc(O[C@H]5CCN(CCCF)C5)cc4)c4ccc(O)cc4CCC3)ccc2[nH]1,1,IC50,8.3,3,CHEMBL5745065
Cc1cccc(C2=C(c3ccc(O[C@H]4CCN(CCCF)C4)cc3)c3ccc(O)cc3CCC2)c1C,1,IC50,8.7,3,CHEMBL6019511
Cc1cc(Cl)ccc1C1=C(c2ccc(O[C@H]3CCN(CCCF)C3)cc2)c2ccc(O)cc2CCC1,1,IC50,8.52,3,CHEMBL5812024
Cc1c(F)cccc1C1=C(c2ccc(O[C@H]3CCN(CCCF)C3)cc2)c2ccc(O)cc2CCC1,1,IC50,8.52,3,CHEMBL5792606
CCOc1ccc(C2=C(c3ccc(O[C@H]4CCN(CCCF)C4)cc3)c3ccc(O)cc3CCC2)cn1,1,IC50,8.7,3,CHEMBL5876852
Cc1ccc(C2=C(c3ccc(O[C@H]4CCN(CCCF)C4)cc3)c3ccc(O)cc3CCC2)cc1F,1,IC50,7.92,3,CHEMBL6056343
Cc1ccc(C2=C(c3ccc(O[C@H]4CCN(CCCF)C4)cc3)c3ccc(O)cc3CCC2)cc1Cl,1,IC50,7.85,3,CHEMBL5819729
Oc1ccc2c(c1)CCCC(c1ccc(Cl)c(Cl)c1)=C2c1ccc(O[C@H]2CCN(CCCF)C2)cc1,1,IC50,7.41,3,CHEMBL5971958
COc1cc(F)ccc1C1=C(c2ccc(O[C@H]3CCN(CCCF)C3)cc2)c2ccc(O)cc2CCC1,1,IC50,7.8,3,CHEMBL5786255
COc1c(F)cccc1C1=C(c2ccc(O[C@H]3CCN(CCCF)C3)cc2)c2ccc(O)cc2CCC1,1,IC50,8.0,3,CHEMBL5817168
CCOc1ccc(C2=C(c3ccc(O[C@H]4CCN(CCCF)C4)cc3)c3ccc(O)cc3CCC2)c(F)c1,1,IC50,8.7,3,CHEMBL5754102
CCOc1ccc(C2=C(c3ccc(O[C@H]4CCN(CCCF)C4)cc3)c3ccc(O)cc3CCC2)c(Cl)c1,1,IC50,9.1,3,CHEMBL5810528
Cc1ccc(C2=C(c3ccc(O[C@H]4CCN(CCCF)C4)cc3)c3ccc(O)c(F)c3CCC2)c(F)c1,1,IC50,8.7,3,CHEMBL6019864
CCOc1ccc(C2=C(c3ccc(O[C@H]4CCN(CCCF)C4)cc3)c3ccc(O)c(F)c3CCC2)c(C)c1,1,IC50,9.0,3,CHEMBL5993990
Oc1ccc2c(c1F)CCCC(c1ccc(Cl)cc1Cl)=C2c1ccc(O[C@H]2CCN(CCCF)C2)cc1,1,IC50,8.7,3,CHEMBL6044912
Cc1ccc(C2=C(c3ccc(O[C@H]4CCN(CCCF)C4)cc3)c3ccc(C(=O)O)cc3CCC2)c(F)c1,1,IC50,7.36,2,CHEMBL6030239
Oc1ccc2c(c1)CCCC(c1ccc3c(c1)OCCO3)=C2c1ccc(O[C@H]2CCN(CCCF)C2)cc1,1,IC50,9.0,3,CHEMBL5754845
COc1cc(C2=C(c3ccc(O[C@H]4CCN(CCCF)C4)cc3)c3ccc(O)cc3CCC2)ccc1F,1,IC50,8.0,3,CHEMBL5797655
CCOc1ccc(C2=C(c3ccc(O[C@H]4CCN(CCCF)C4)cc3)c3ccc(O)cc3CCC2)c(F)c1F,1,IC50,8.7,3,CHEMBL5763060
O=C(O)c1ccc2c(c1)CCCC(c1ccc(Cl)c(F)c1)=C2c1ccc(O[C@H]2CCN(CCCF)C2)cc1,1,IC50,6.61,1,CHEMBL5819625
Oc1ccc2c(c1)CCCC(c1ccc3ocnc3c1)=C2c1ccc(O[C@H]2CCN(CCCF)C2)cc1,1,IC50,9.0,3,CHEMBL5986992
O=C(O)c1ccc2c(c1)CCCC(c1ccc(O)cc1)=C2c1ccc(O[C@H]2CCN(CCCF)C2)cc1,1,IC50,7.64,3,CHEMBL5927456
CC(C)c1ccccc1C1=C(c2ccc(O[C@H]3CCN(CCCF)C3)cc2)c2ccc(O)cc2CCC1,1,IC50,7.82,3,CHEMBL5821348
Cc1ccccc1C1=C(c2ccc(O[C@H]3CCN(CCCF)C3)cc2)c2ccc(O)cc2CCC1,1,IC50,8.52,3,CHEMBL6043444
COc1ccc(C2=C(c3ccc(O[C@H]4CCN(CCCF)C4)cc3)c3ccc(O)cc3CCC2)c(C#N)c1,1,IC50,8.7,3,CHEMBL5946900
Oc1ccc2c(c1)CCCC(c1ccccc1C(F)(F)F)=C2c1ccc(O[C@H]2CCN(CCCF)C2)cc1,1,IC50,8.52,3,CHEMBL5897612
Oc1ccc2c(c1)CCCC(c1ccc(F)cc1C(F)(F)F)=C2c1ccc(O[C@H]2CCN(CCCF)C2)cc1,1,IC50,8.0,3,CHEMBL6047117
CCOc1cc(F)c(C2=C(c3ccc(O[C@H]4CCN(CCCF)C4)cc3)c3ccc(O)cc3CCC2)cc1F,1,IC50,7.7,3,CHEMBL5819177
COc1ccc(C2=C(c3ccc(O[C@H]4CCN(CCCF)C4)cc3)c3ccc(C(=O)O)cc3CCC2)c(C)c1,1,IC50,8.22,3,CHEMBL6065942
COc1ccc(C2=C(c3ccc(O[C@H]4CCN(CCCF)C4)cc3)c3ccc(O)cc3CCC2)c(OC)c1,1,IC50,8.22,3,CHEMBL5750959
COc1ccc(C2=C(c3ccc(O[C@H]4CCN(CCCF)C4)cc3)c3ccc(O)cc3CCC2)c(C(F)(F)F)c1,1,IC50,8.7,3,CHEMBL5844741
Oc1ccc2c(c1)CCCC(c1ccc(OC(F)F)c(F)c1)=C2c1ccc(O[C@H]2CCN(CCCF)C2)cc1,1,IC50,7.92,3,CHEMBL5917479
Cc1cc(C(F)(F)F)ccc1C1=C(c2ccc(O[C@H]3CCN(CCCF)C3)cc2)c2ccc(O)cc2CCC1,1,IC50,8.3,3,CHEMBL5902183
Oc1ccc2c(c1)CCCC(c1ccc(C(F)(F)F)nc1)=C2c1ccc(O[C@H]2CCN(CCCF)C2)cc1,1,IC50,7.92,3,CHEMBL5947577
Oc1ccc2c(c1)CCCC(c1ccc(OC(F)F)cc1)=C2c1ccc(O[C@H]2CCN(CCCF)C2)cc1,1,IC50,8.3,3,CHEMBL5995573
CC(=O)N1c2ccc(C3=C(c4ccc(O[C@H]5CCN(CCCF)C5)cc4)c4ccc(O)cc4CCC3)cc2CC1(C)C,1,IC50,8.7,3,CHEMBL5970617
CCOc1ccc(C2=C(c3ccc(O[C@H]4CCN(CCCF)C4)cc3)c3ccc(O)cc3CCC2)c(F)n1,1,IC50,9.0,3,CHEMBL6037584
CC(C)(C)c1ccc(C2=C(c3ccc(O[C@H]4CCN(CCCF)C4)cc3)c3ccc(O)cc3CCC2)cc1,1,IC50,7.51,3,CHEMBL5800263
Oc1ccc2c(c1)CCCC(c1ccc3c(c1)CCCN3)=C2c1ccc(O[C@H]2CCN(CCCF)C2)cc1,1,IC50,8.4,3,CHEMBL5885573
CCOc1cccc(C2=C(c3ccc(O[C@H]4CCN(CCCF)C4)cc3)c3ccc(O)cc3CCC2)c1,1,IC50,8.7,3,CHEMBL5753988
COc1ccc(C2=C(c3ccc(O[C@H]4CCN(CCCF)C4)cc3)c3ccc(O)cc3CCC2)cc1,1,IC50,8.7,3,CHEMBL5968631
COc1cccc(C2=C(c3ccc(O[C@H]4CCN(CCCF)C4)cc3)c3ccc(O)cc3CCC2)c1,1,IC50,9.0,3,CHEMBL5955549
Oc1ccc2c(c1)CCCC(c1ccc(C(F)(F)F)cc1)=C2c1ccc(O[C@H]2CCN(CCCF)C2)cc1,1,IC50,7.77,3,CHEMBL6002991
Oc1ccc2c(c1F)CCCC(c1ccc(OC(F)F)c(F)c1)=C2c1ccc(O[C@H]2CCN(CCCF)C2)cc1,1,IC50,8.05,3,CHEMBL5813122
CCOc1ncc(C2=C(c3ccc(O[C@H]4CCN(CCCF)C4)cc3)c3ccc(O)cc3CCC2)cc1Cl,1,IC50,7.89,3,CHEMBL5823772
CCc1ccccc1C1=C(c2ccc(O[C@H]3CCN(CCCF)C3)cc2)c2ccc(O)cc2CCC1,1,IC50,8.15,3,CHEMBL5751190
CCOc1ccc(C2=C(c3ccc(O[C@H]4CCN(CCCF)C4)cc3)c3ccc(O)c(F)c3CCC2)c(F)n1,1,IC50,9.0,3,CHEMBL5835477
COc1ncc(C2=C(c3ccc(O[C@H]4CCN(CCCF)C4)cc3)c3ccc(O)cc3CCC2)cn1,1,IC50,7.29,3,CHEMBL6027063
Oc1ccc2c(c1)CCCC(c1cnc(C(F)(F)F)nc1)=C2c1ccc(O[C@H]2CCN(CCCF)C2)cc1,1,IC50,7.13,2,CHEMBL6007207
N#Cc1ccc(C2=C(c3ccc(O[C@H]4CCN(CCCF)C4)cc3)c3ccc(O)cc3CCC2)cc1F,1,IC50,7.24,2,CHEMBL6018929
Oc1ccc2c(c1)CCCC(c1cncc(Cl)c1)=C2c1ccc(O[C@H]2CCN(CCCF)C2)cc1,1,IC50,7.92,3,CHEMBL5808425
Oc1ccc2c(c1)CCCC(c1ccc(OC(F)F)nc1)=C2c1ccc(O[C@H]2CCN(CCCF)C2)cc1,1,IC50,8.05,3,CHEMBL5792084
COc1cc(F)c(C2=C(c3ccc(O[C@H]4CCN(CCCF)C4)cc3)c3ccc(O)cc3CCC2)cc1F,1,IC50,8.3,3,CHEMBL5876525
COc1ccc(C2=C(c3ccc(O[C@H]4CCN(CCCF)C4)cc3)c3ccc(O)cc3CCC2)c(Cl)c1,1,IC50,9.0,3,CHEMBL5945623
Oc1ccc2c(c1)CCCC(c1cncc(F)c1)=C2c1ccc(O[C@H]2CCN(CCCF)C2)cc1,1,IC50,7.89,3,CHEMBL6004703
COc1cc(C)c(C2=C(c3ccc(O[C@H]4CCN(CCCF)C4)cc3)c3ccc(O)cc3CCC2)cn1,1,IC50,8.7,3,CHEMBL5838957
COc1cc(C)c(C2=C(c3ccc(O[C@H]4CCN(CCCF)C4)cc3)c3ccc(O)cc3CCC2)cc1C,1,IC50,7.47,3,CHEMBL5832811
COc1ccc(C2=C(c3ccc(O[C@H]4CCN(CCCF)C4)cc3)c3ccc(O)cc3CCC2)c(F)c1F,1,IC50,8.7,3,CHEMBL5750993
CCOc1ccc(C2=C(c3ccc(O[C@H]4CCN(CCCF)C4)cc3)c3ccc(O)cc3CCC2)cc1Cl,1,IC50,7.92,3,CHEMBL5905610
Cc1cncc(C2=C(c3ccc(O[C@H]4CCN(CCCF)C4)cc3)c3ccc(O)cc3CCC2)c1,1,IC50,7.7,3,CHEMBL5979474
COc1ccc(C2=C(c3ccc(O[C@H]4CCN(CCCF)C4)cc3)c3ccc(O)cc3CCC2)c(C)n1,1,IC50,8.05,3,CHEMBL5807840
CC1(C)Cc2cc(C3=C(c4ccc(O[C@H]5CCN(CCCF)C5)cc4)c4ccc(O)cc4CCC3)ccc2O1,1,IC50,9.0,3,CHEMBL5936295
COc1ncc(C2=C(c3ccc(O[C@H]4CCN(CCCF)C4)cc3)c3ccc(O)cc3CCC2)cc1Cl,1,IC50,7.75,3,CHEMBL5767068
CCOc1cc(C)c(C2=C(c3ccc(O[C@H]4CCN(CCCF)C4)cc3)c3ccc(O)cc3CCC2)cc1C,1,IC50,7.08,1,CHEMBL5995272
COc1ncc(C2=C(c3ccc(O[C@H]4CCN(CCCF)C4)cc3)c3ccc(O)cc3CCC2)cc1C,1,IC50,7.85,3,CHEMBL5879928
COc1ncc(C2=C(c3ccc(O[C@H]4CCN(CCCF)C4)cc3)c3ccc(O)cc3CCC2)cc1F,1,IC50,8.3,3,CHEMBL5815786
CCOc1ccc(C2=C(c3ccc(O[C@H]4CCN(CCCF)C4)cc3)c3ccc(O)cc3CCC2)c(F)c1Cl,1,IC50,8.4,3,CHEMBL6063627
COc1ccc(C2=C(c3ccc(O[C@H]4CCN(CCCF)C4)cc3)c3ccc(O)cc3CCC2)c(F)n1,1,IC50,8.7,3,CHEMBL5844929
COc1c(F)cc(C2=C(c3ccc(O[C@H]4CCN(CCCF)C4)cc3)c3ccc(O)cc3CCC2)cc1F,1,IC50,8.1,3,CHEMBL5788112
CCN1CCc2cc(C3=C(c4ccc(O[C@H]5CCN(CCCF)C5)cc4)c4ccc(O)cc4CCC3)ccc21,1,IC50,7.82,3,CHEMBL5922259
CCOc1ncc(C2=C(c3ccc(O[C@H]4CCN(CCCF)C4)cc3)c3ccc(O)cc3CCC2)cn1,1,IC50,7.38,3,CHEMBL5924135
COc1ccc(C2=C(c3ccc(O[C@H]4CCN(CCCF)C4)cc3)c3ccc(O)cc3CCC2)cn1,1,IC50,9.0,3,CHEMBL5808321
COc1cc(C2=C(c3ccc(O[C@H]4CCN(CCCF)C4)cc3)c3ccc(O)cc3CCC2)ccn1,1,IC50,9.0,3,CHEMBL5975666
CCOc1ncc(C2=C(c3ccc(O[C@H]4CCN(CCCF)C4)cc3)c3ccc(O)cc3CCC2)cc1C,1,IC50,7.85,3,CHEMBL5906780
COc1c(F)ccc(C2=C(c3ccc(O[C@H]4CCN(CCCF)C4)cc3)c3ccc(O)cc3CCC2)c1F,1,IC50,8.4,3,CHEMBL5843784
Cc1cc(C2=C(c3ccc(O[C@H]4CCN(CCCF)C4)cc3)c3ccc(O)c(F)c3CCC2)ccc1Cl,1,IC50,7.47,3,CHEMBL5745714
Oc1ccc2c(c1F)CCCC(c1ccc(OC(F)(F)F)cc1)=C2c1ccc(O[C@H]2CCN(CCCF)C2)cc1,1,IC50,7.68,3,CHEMBL5916867
Oc1ccc2c(c1F)CCCC(c1ccc(F)cc1C(F)(F)F)=C2c1ccc(O[C@H]2CCN(CCCF)C2)cc1,1,IC50,8.22,3,CHEMBL5977727
Oc1ccc2c(c1)CCCC(c1ccc(OC(F)F)cc1F)=C2c1ccc(O[C@H]2CCN(CCCF)C2)cc1,1,IC50,8.7,3,CHEMBL5970639
Oc1ccc2c(c1)CCCC(c1ccc(OC(F)(F)F)cc1F)=C2c1ccc(O[C@H]2CCN(CCCF)C2)cc1,1,IC50,7.92,3,CHEMBL5887996
Oc1ccc2c(c1)CCCC(c1ccc(Cl)nc1Cl)=C2c1ccc(O[C@H]2CCN(CCCF)C2)cc1,1,IC50,7.77,3,CHEMBL5980854
Oc1ccc2c(c1)CCCC(c1ccc(OCC(F)(F)F)cc1)=C2c1ccc(O[C@H]2CCN(CCCF)C2)cc1,1,IC50,7.21,3,CHEMBL6040754
CCOc1c(F)cc(C2=C(c3ccc(O[C@H]4CCN(CCCF)C4)cc3)c3ccc(O)cc3CCC2)cc1F,1,IC50,7.42,3,CHEMBL5763917
Oc1ccc2c(c1F)CCCC(c1ccc(Cl)cc1F)=C2c1ccc(O[C@H]2CCN(CCCF)C2)cc1,1,IC50,8.4,3,CHEMBL5984182
Oc1ccc2c(c1F)CCCC(c1cccc(F)c1Cl)=C2c1ccc(O[C@H]2CCN(CCCF)C2)cc1,1,IC50,8.7,3,CHEMBL5972424
Cc1cc(C(F)(F)F)ccc1C1=C(c2ccc(O[C@H]3CCN(CCCF)C3)cc2)c2ccc(O)c(F)c2CCC1,1,IC50,8.4,3,CHEMBL5819794
Oc1ccc2c(c1F)CCCC(c1ccc(C(F)(F)F)cc1)=C2c1ccc(O[C@H]2CCN(CCCF)C2)cc1,1,IC50,7.89,3,CHEMBL5778360
CCOc1ccc(C2=C(c3ccc(O[C@H]4CCN(CCCF)C4)cc3)c3ccc(O)cc3CCC2)c(C)n1,1,IC50,8.1,3,CHEMBL5907463
Cn1ccc2cc(C3=C(c4ccc(O[C@H]5CCN(CCCF)C5)cc4)c4ccc(O)cc4CCC3)ccc21,1,IC50,7.48,3,CHEMBL5786023
Oc1ccc2c(c1)CCCC(c1ccc(Cl)nc1)=C2c1ccc(O[C@H]2CCN(CCCF)C2)cc1,1,IC50,7.52,3,CHEMBL5979413
CNC(=O)c1ccc(C2=C(c3ccc(O[C@H]4CCN(CCCF)C4)cc3)c3ccc(O)cc3CCC2)cc1F,1,IC50,7.05,1,CHEMBL5906793
Oc1ccc2c(c1)CCCC(c1ccc(C(F)(F)F)nc1F)=C2c1ccc(O[C@H]2CCN(CCCF)C2)cc1,1,IC50,7.64,3,CHEMBL5766554
Oc1ccc2c(c1)CCCC(c1ccc(OCCF)cc1)=C2c1ccc(O[C@H]2CCN(CCCF)C2)cc1,1,IC50,8.52,3,CHEMBL5915963
CCOc1ccc(C2=C(c3ccc(O[C@H]4CCN(CCCF)C4)cc3)c3ccc(O)cc3CCC2)c(C)c1C,1,IC50,7.82,3,CHEMBL5943301
CCOc1ncc(C2=C(c3ccc(O[C@H]4CCN(CCCF)C4)cc3)c3ccc(O)cc3CCC2)cc1C(F)(F)F,1,IC50,7.11,1,CHEMBL5932993
CN1CCOc2cc(C3=C(c4ccc(O[C@H]5CCN(CCCF)C5)cc4)c4ccc(O)cc4CCC3)ccc21,1,IC50,7.7,3,CHEMBL5954043
Oc1ccc2c(c1)CCCC(c1ccc3c(c1)OC(F)(F)O3)=C2c1ccc(O[C@H]2CCN(CCCF)C2)cc1,1,IC50,8.7,3,CHEMBL5745628
CCN1C(=O)COc2ccc(C3=C(c4ccc(O[C@H]5CCN(CCCF)C5)cc4)c4ccc(O)cc4CCC3)cc21,1,IC50,7.23,1,CHEMBL5965514
Oc1ccc2c(c1)CCCC(c1ccc(OC(F)(F)F)cc1Cl)=C2c1ccc(O[C@H]2CCN(CCCF)C2)cc1,1,IC50,7.96,3,CHEMBL5931367
Oc1ccc2c(c1)CCCC(c1cc(F)c(OC(F)F)c(F)c1)=C2c1ccc(O[C@H]2CCN(CCCF)C2)cc1,1,IC50,7.55,3,CHEMBL5877556
CC(C)(C)c1ccc(C2=C(c3ccc(O[C@H]4CCN(CCCF)C4)cc3)c3ccc(O)c(F)c3CCC2)cc1,1,IC50,7.3,3,CHEMBL5890359
CCOc1cc(C)c(C2=C(c3ccc(O[C@H]4CCN(CCCF)C4)cc3)c3ccc(O)cc3CCC2)cn1,1,IC50,8.7,3,CHEMBL5852340
CCOc1c(F)cc(C2=C(c3ccc(O[C@H]4CCN(CCCF)C4)cc3)c3ccc(O)cc3CCC2)cc1Cl,1,IC50,7.28,3,CHEMBL5774907
Nc1ncc(C2=C(c3ccc(O[C@H]4CCN(CCCF)C4)cc3)c3ccc(O)cc3CCC2)cn1,1,IC50,7.57,3,CHEMBL5988543
Oc1ccc2c(c1)CCCC(c1ccc(C(F)F)cc1)=C2c1ccc(O[C@H]2CCN(CCCF)C2)cc1,1,IC50,8.3,3,CHEMBL5876132
Oc1ccc2c(c1F)CCCC(c1ccc(OC(F)F)cc1)=C2c1ccc(O[C@H]2CCN(CCCF)C2)cc1,1,IC50,8.4,3,CHEMBL5957888
Oc1ccc2c(c1)CCCC(c1cc(F)c(OC(F)(F)F)c(F)c1)=C2c1ccc(O[C@H]2CCN(CCCF)C2)cc1,1,IC50,7.34,3,CHEMBL5960044
Cc1cc(OC(F)F)ccc1C1=C(c2ccc(O[C@H]3CCN(CCCF)C3)cc2)c2ccc(O)cc2CCC1,1,IC50,8.7,3,CHEMBL5972272
Cc1cc(OC(F)(F)F)ccc1C1=C(c2ccc(O[C@H]3CCN(CCCF)C3)cc2)c2ccc(O)cc2CCC1,1,IC50,8.05,3,CHEMBL5768006
CN1C(=O)COc2ccc(C3=C(c4ccc(O[C@H]5CCN(CCCF)C5)cc4)c4ccc(O)cc4CCC3)cc21,1,IC50,7.27,3,CHEMBL5809379
O=C1COc2ccc(C3=C(c4ccc(O[C@H]5CCN(CCCF)C5)cc4)c4ccc(O)cc4CCC3)cc2N1,1,IC50,7.21,2,CHEMBL5800374
CCOc1ccc(C2=C(c3ccc(O[C@H]4CCN(CCCF)C4)cc3)c3ccc(O)cc3CCC2)c(Cl)c1Cl,1,IC50,8.3,3,CHEMBL5808023
Cc1cc(C2=C(c3ccc(O[C@H]4CCN(CCCF)C4)cc3)c3ccc(O)cc3CCC2)ccc1OC(F)(F)F,1,IC50,7.04,1,CHEMBL5741643
Oc1ccc2c(c1)CCCC(c1ccc(OC(F)(F)F)c(Cl)c1)=C2c1ccc(O[C@H]2CCN(CCCF)C2)cc1,1,IC50,6.91,1,CHEMBL5748046
Oc1ccc2c(c1)CCCC(c1cccc3ncccc13)=C2c1ccc(O[C@H]2CCN(CCCF)C2)cc1,1,IC50,8.1,3,CHEMBL6028495
Oc1ccc2c(c1)CCCC(c1ccc(C(F)(F)F)nc1Cl)=C2c1ccc(O[C@H]2CCN(CCCF)C2)cc1,1,IC50,7.96,3,CHEMBL5774365
CC(C)(C)OC(=O)N1CCOc2ccc(C3=C(c4ccc(O[C@H]5CCN(CCCF)C5)cc4)c4ccc(O)cc4CCC3)cc21,1,IC50,7.05,3,CHEMBL5986083
Oc1ccc2c(c1)CCCC(c1ccc(SC(F)F)cc1)=C2c1ccc(O[C@H]2CCN(CCCF)C2)cc1,1,IC50,8.52,3,CHEMBL5774793
Oc1ccc2c(c1)CCCC(c1ccc3c(c1)NCCC3)=C2c1ccc(O[C@H]2CCN(CCCF)C2)cc1,1,IC50,8.3,3,CHEMBL6017777
Oc1ccc2c(c1F)CCCC(c1ccc(OC(F)(F)F)cc1F)=C2c1ccc(O[C@H]2CCN(CCCF)C2)cc1,1,IC50,7.82,3,CHEMBL6036637
Oc1ccc2c(c1F)CCCC(c1ccc(SC(F)(F)F)cc1)=C2c1ccc(O[C@H]2CCN(CCCF)C2)cc1,1,IC50,7.64,3,CHEMBL5988013
Oc1ccc2c(c1)CCCC(c1cc(F)c(Cl)cc1Cl)=C2c1ccc(O[C@H]2CCN(CCCF)C2)cc1,1,IC50,7.8,3,CHEMBL5862290
O=P(O)(O)Oc1ccc2c(c1)CCCC(c1ccc(OC(F)(F)F)cc1)=C2c1ccc(O[C@H]2CCN(CCCF)C2)cc1,1,IC50,8.1,3,CHEMBL6025599
Cc1oncc1C1=C(c2ccc(O[C@H]3CCN(CCCF)C3)cc2)c2ccc(O)cc2CCC1,1,IC50,8.7,3,CHEMBL5853394
O=S(=O)(c1ccc(C2=C(c3ccc(O[C@H]4CCN(CCCF)C4)cc3)c3ccc(O)cc3CCC2)cc1)C(F)(F)F,1,IC50,8.52,3,CHEMBL5765245
Oc1ccc2c(c1)CCCC(c1ccc3c(c1)NCCO3)=C2c1ccc(O[C@H]2CCN(CCCF)C2)cc1,1,IC50,6.64,1,CHEMBL6016246
O=C(O)c1ccc2c(c1)CCCC(c1ccc(OC(F)(F)F)cc1F)=C2c1ccc(O[C@H]2CCN(CCCF)C2)cc1,1,IC50,7.34,3,CHEMBL6054489
Oc1ccc2c(c1)CCCC(c1cnoc1)=C2c1ccc(O[C@H]2CCN(CCCF)C2)cc1,1,IC50,8.22,3,CHEMBL5953045
CCOc1ncc(C2=C(c3ccc(O[C@H]4CCN(CCCF)C4)cc3)c3ccc(O)cc3CCC2)cc1F,1,IC50,8.7,3,CHEMBL5771118
Oc1ccc2c(c1)CCCC(c1ccc(O)nc1F)=C2c1ccc(O[C@H]2CCN(CCCF)C2)cc1,1,IC50,7.02,1,CHEMBL5969495
CC(C)(C)c1cc(C2=C(c3ccc(O[C@H]4CCN(CCCF)C4)cc3)c3ccc(O)cc3CCC2)cc(F)n1,1,IC50,6.81,1,CHEMBL5945830
C[Si](C)(C)c1ccc(C2=C(c3ccc(O[C@H]4CCN(CCCF)C4)cc3)c3ccc(O)cc3CCC2)cc1,1,IC50,7.51,3,CHEMBL5819136
CC1(C)Cc2cc(C3=C(c4ccc(O[C@H]5CCN(CCCF)C5)cc4)c4ccc(C(=O)O)cc4CCC3)ccc2N1,1,IC50,9.0,3,CHEMBL5769417
Oc1ccc2c(c1)CCCC(c1ccc3scnc3c1)=C2c1ccc(O[C@H]2CCN(CCCF)C2)cc1,1,IC50,7.48,3,CHEMBL5992491
Cc1nc2cc(C3=C(c4ccc(O[C@H]5CCN(CCCF)C5)cc4)c4ccc(O)cc4CCC3)ccc2[nH]1,1,IC50,6.54,1,CHEMBL5894322
Oc1ccc2c(c1)CCCC(c1ccc3ncsc3c1)=C2c1ccc(O[C@H]2CCN(CCCF)C2)cc1,1,IC50,7.34,3,CHEMBL6002551
Cn1nnc2ccc(C3=C(c4ccc(O[C@H]5CCN(CCCF)C5)cc4)c4ccc(O)cc4CCC3)cc21,1,IC50,8.15,3,CHEMBL5947372
Oc1ccc2c(c1F)CCCC(c1ccc(OC(F)(F)F)cc1Cl)=C2c1ccc(O[C@H]2CCN(CCCF)C2)cc1,1,IC50,7.85,3,CHEMBL5883339
Cc1cc(C(C)(C)C)ccc1C1=C(c2ccc(O[C@H]3CCN(CCCF)C3)cc2)c2ccc(O)cc2CCC1,1,IC50,8.0,3,CHEMBL6017157
CS(=O)(=O)c1ccc(C2=C(c3ccc(O[C@H]4CCN(CCCF)C4)cc3)c3ccc(O)cc3CCC2)c(F)c1,1,IC50,8.05,3,CHEMBL5740840
Cc1nocc1C1=C(c2ccc(O[C@H]3CCN(CCCF)C3)cc2)c2ccc(O)cc2CCC1,1,IC50,7.31,3,CHEMBL5898913
Oc1ccc2c(c1)CCCC(c1ccc(S(F)(F)(F)(F)F)cc1)=C2c1ccc(O[C@H]2CCN(CCCF)C2)cc1,1,IC50,7.17,2,CHEMBL5764974
Oc1ccc2c(c1)CCCC(c1ccc(N3CCOCC3)cc1)=C2c1ccc(O[C@H]2CCN(CCCF)C2)cc1,1,IC50,8.22,3,CHEMBL5848093
Oc1ccc2c(c1)CCCC(c1ccc(OCC(F)F)cc1F)=C2c1ccc(O[C@H]2CCN(CCCF)C2)cc1,1,IC50,7.55,3,CHEMBL5889114
Cn1cnc2cc(C3=C(c4ccc(O[C@H]5CCN(CCCF)C5)cc4)c4ccc(O)cc4CCC3)ccc21,1,IC50,9.0,3,CHEMBL5859990
Oc1ccc2c(c1)CCCC(c1ccc3oncc3c1)=C2c1ccc(O[C@H]2CCN(CCCF)C2)cc1,1,IC50,6.74,1,CHEMBL5765542
[O-][n+]1ccc(C2=C(c3ccc(O[C@H]4CCN(CCCF)C4)cc3)c3ccc(O)cc3CCC2)cc1,1,IC50,7.43,3,CHEMBL5955738
Oc1ccc2c(c1)CCCC(c1ccc(N3CCCC3)cc1)=C2c1ccc(O[C@H]2CCN(CCCF)C2)cc1,1,IC50,8.4,2,CHEMBL5885508
Cc1nc2cc(C3=C(c4ccc(O[C@H]5CCN(CCCF)C5)cc4)c4ccc(O)cc4CCC3)ccc2o1,1,IC50,9.0,3,CHEMBL5907110
Oc1ccc2c(c1)CCCC(c1ccc3nonc3c1)=C2c1ccc(O[C@H]2CCN(CCCF)C2)cc1,1,IC50,8.4,3,CHEMBL5967885
Oc1ccc2c(c1)CCCC(c1ccc3nsnc3c1)=C2c1ccc(O[C@H]2CCN(CCCF)C2)cc1,1,IC50,8.7,3,CHEMBL5773598
Oc1ccc2c(c1)CCCC(c1ccc(C3COC3)cc1)=C2c1ccc(O[C@H]2CCN(CCCF)C2)cc1,1,IC50,7.82,3,CHEMBL6051066
Oc1ccc2c(c1)CCCC(c1ccc3c(c1)OC(F)(F)C(F)(F)O3)=C2c1ccc(O[C@H]2CCN(CCCF)C2)cc1,1,IC50,7.96,3,CHEMBL5933246
Oc1ccc2c(c1)CCCC(c1ccc3sncc3c1)=C2c1ccc(O[C@H]2CCN(CCCF)C2)cc1,1,IC50,7.21,2,CHEMBL5955908
Oc1ccc2c(c1)CCCC(c1ccc(N3CCCCC3)c(F)c1F)=C2c1ccc(O[C@H]2CCN(CCCF)C2)cc1,1,IC50,9.0,3,CHEMBL6023927
Oc1ccc2c(c1)CCCC(c1ccc3ncoc3c1)=C2c1ccc(O[C@H]2CCN(CCCF)C2)cc1,1,IC50,6.71,1,CHEMBL5760187
Oc1ccc2c(c1)CCCC(c1ccc3cnoc3c1)=C2c1ccc(O[C@H]2CCN(CCCF)C2)cc1,1,IC50,8.22,3,CHEMBL6028018
CC(F)(F)c1ccc(C2=C(c3ccc(O[C@H]4CCN(CCCF)C4)cc3)c3ccc(O)cc3CCC2)cc1,1,IC50,8.3,3,CHEMBL5761618
Oc1ccc2c(c1)CCCC(C1=CCOCC1)=C2c1ccc(O[C@H]2CCN(CCCF)C2)cc1,1,IC50,8.52,3,CHEMBL5740573
Oc1ccc2c(c1)CCCC(C1CCOCC1)=C2c1ccc(O[C@H]2CCN(CCCF)C2)cc1,1,IC50,8.7,3,CHEMBL5850266
Oc1ccc2c(c1)CCCC(C1CCC3(CC1)OCCO3)=C2c1ccc(O[C@H]2CCN(CCCF)C2)cc1,1,IC50,7.92,3,CHEMBL5845628
Cn1cnc2ccc(C3=C(c4ccc(O[C@H]5CCN(CCCF)C5)cc4)c4ccc(O)cc4CCC3)cc21,1,IC50,7.57,3,CHEMBL5985266
O=c1[nH]ncn1-c1ccc(C2=C(c3ccc(O[C@H]4CCN(CCCF)C4)cc3)c3ccc(O)cc3CCC2)cc1,1,IC50,8.52,3,CHEMBL5892098
Oc1ccc2c(c1)CCCC(C1=CCC(F)(F)CC1)=C2c1ccc(O[C@H]2CCN(CCCF)C2)cc1,1,IC50,9.0,3,CHEMBL6005954
Oc1ccc2c(c1)CCCC(C1CCC(F)(F)CC1)=C2c1ccc(O[C@H]2CCN(CCCF)C2)cc1,1,IC50,7.48,3,CHEMBL5897169
O=C(O)c1ccc2c(c1F)CCCC(c1ccc(Cl)cc1Cl)=C2c1ccc(O[C@H]2CCN(CCCF)C2)cc1,1,IC50,7.08,1,CHEMBL5895654
O=C(O)c1ccc2c(c1F)CCCC(c1ccc(Cl)cc1F)=C2c1ccc(O[C@H]2CCN(CCCF)C2)cc1,1,IC50,7.66,3,CHEMBL5962534
O=C(O)c1ccc2c(c1F)CCCC(c1ccc(F)cc1Cl)=C2c1ccc(O[C@H]2CCN(CCCF)C2)cc1,1,IC50,8.7,3,CHEMBL5909755
O=C(O)c1ccc2c(c1)CCCC(c1ccccc1)=C2c1ccc(O[C@H]2CCN(CCCF)C2)cc1,1,IC50,7.21,2,CHEMBL5899712
O=C(O)c1ccc2c(c1)CCCC(c1ccc3ocnc3c1)=C2c1ccc(O[C@H]2CCN(CCCF)C2)cc1,1,IC50,7.08,1,CHEMBL5821988
O=C(O)CCc1ccc(Oc2c(-c3ccc(O)cc3)sc3cc(O)ccc23)cc1,1,IC50,7.51,1,CHEMBL4092625
O=C(O)/C=C/c1ccc(Oc2c(-c3ccc(C(F)(F)F)cc3)sc3cc(O)ccc23)cc1,1,IC50,7.47,1,CHEMBL4064785
CC(C)c1ccccc1-c1sc2cc(O)ccc2c1Oc1ccc(/C=C/C(=O)O)cc1,1,IC50,9.4,1,CHEMBL4082510
Cc1ccccc1-c1sc2cc(O)ccc2c1Oc1ccc(/C=C/C(=O)O)cc1,1,IC50,8.4,1,CHEMBL4091541
O=C(O)/C=C/c1ccc(Oc2c(-c3ccc(Cl)cc3)sc3cc(O)ccc23)cc1,1,IC50,7.09,1,CHEMBL5819335
O=C(O)/C=C/c1ccc(Oc2c(-c3cccc(F)c3)sc3cc(O)ccc23)cc1,1,IC50,7.54,1,CHEMBL5782661
O=C(O)/C=C/c1ccc(Oc2c(-c3ccccc3C(F)(F)F)sc3cc(O)ccc23)cc1,1,IC50,9.0,1,CHEMBL4076693
O=C(O)/C=C/c1ccc(Oc2c(-c3ccccc3Cl)sc3cc(O)ccc23)cc1,1,IC50,8.22,1,CHEMBL5770228
Cc1cc(C(F)(F)F)ccc1-c1sc2cc(O)ccc2c1Oc1ccc(/C=C/C(=O)O)cc1,1,IC50,8.3,1,CHEMBL5802644
O=C(O)/C=C/c1ccc(Oc2c(-c3ccc(C(F)(F)F)cc3C(F)(F)F)sc3cc(O)ccc23)cc1,1,IC50,9.0,1,CHEMBL5948804
Cc1cccc(-c2sc3cc(O)ccc3c2Oc2ccc(/C=C/C(=O)O)cc2)c1C,1,IC50,8.7,1,CHEMBL5931100
Cc1ccc(C)c(-c2sc3cc(O)ccc3c2Oc2ccc(/C=C/C(=O)O)cc2)c1,1,IC50,8.22,1,CHEMBL5890579
Cc1noc(C)c1-c1sc2cc(O)ccc2c1Oc1ccc(/C=C/C(=O)O)cc1,1,IC50,7.92,1,CHEMBL5950906
Cc1c(O)cccc1-c1sc2cc(O)ccc2c1Oc1ccc(/C=C/C(=O)O)cc1,1,IC50,8.22,1,CHEMBL5761808
O=C(O)/C=C/c1ccc(Oc2c(-c3ccc(F)cc3C(F)(F)F)sc3cc(O)ccc23)cc1,1,IC50,9.0,1,CHEMBL4069567
CCc1ccccc1-c1sc2cc(O)ccc2c1Oc1ccc(/C=C/C(=O)O)cc1,1,IC50,9.0,1,CHEMBL4063737
CC(=O)c1ccccc1-c1sc2cc(O)ccc2c1Oc1ccc(/C=C/C(=O)O)cc1,1,IC50,8.15,1,CHEMBL5766820
CC(C)(C)c1ccccc1-c1sc2cc(O)ccc2c1Oc1ccc(/C=C/C(=O)O)cc1,1,IC50,9.0,1,CHEMBL4059818
O=C(O)/C=C/c1ccc(Oc2c(-c3ccccc3[N+](=O)[O-])sc3cc(O)ccc23)cc1,1,IC50,7.82,1,CHEMBL5896440
CC(C)(C)c1ccc(-c2sc3cc(O)ccc3c2Oc2ccc(/C=C/C(=O)O)cc2)cc1,1,IC50,7.5,1,CHEMBL5845314
Cc1cc(C)cc(-c2sc3cc(O)ccc3c2Oc2ccc(/C=C/C(=O)O)cc2)c1,1,IC50,7.52,1,CHEMBL5856354
[C-]#[N+]c1ccccc1-c1sc2cc(O)ccc2c1Oc1ccc(/C=C/C(=O)O)cc1,1,IC50,7.48,1,CHEMBL5762921
C[C@H](O)c1ccccc1-c1sc2cc(O)ccc2c1Oc1ccc(/C=C/C(=O)O)cc1,1,IC50,8.22,1,CHEMBL4086984
COc1ccc(-c2sc3cc(O)ccc3c2Oc2ccc(/C=C/C(=O)O)cc2)cc1,1,IC50,7.68,1,CHEMBL4073373
O=C(O)/C=C/c1ccc(Oc2c(-c3ccc(C(F)F)cc3)sc3cc(O)ccc23)cc1,1,IC50,7.07,1,CHEMBL5750017
O=C(/C=C/c1ccc(Oc2c(-c3ccc(O)cc3)sc3cc(O)ccc23)cc1)NCCC(F)(F)F,1,IC50,9.0,1,CHEMBL4098433
COC(=O)/C=C/c1ccc(Oc2c(-c3ccccc3C(C)C)sc3cc(OC)ccc23)cc1,1,IC50,7.77,1,CHEMBL5925332
O=C(/C=C/c1ccc(Oc2c(-c3ccc(F)cc3)sc3cc(O)ccc23)cc1)NCCC(F)(F)F,1,IC50,8.0,1,CHEMBL6064493
CCOC(=O)/C=C/c1ccc(Oc2c(-c3ccc(O)cc3)sc3cc(O)ccc23)cc1C,1,IC50,6.95,1,CHEMBL5826473
O=C(O)/C=C/c1ccc(Oc2c(-c3ccc(O)cc3)sc3c(F)c(O)c(F)cc23)cc1,1,IC50,7.66,1,CHEMBL5863765
O=C(O)/C=C/c1ccc(Oc2c(-c3ccc(O)cc3)sc3c(F)c(O)ccc23)cc1,1,IC50,7.16,1,CHEMBL6007635
O=C(O)/C=C/c1ccc(Oc2c(-c3ccc(O)c(F)c3)sc3cc(O)ccc23)cc1,1,IC50,7.66,1,CHEMBL5946219
Cc1nnc(/C=C/c2ccc(Oc3c(-c4ccc(F)cc4C)sc4cc(O)ccc34)cc2)o1,1,IC50,8.3,1,CHEMBL5866168
O=c1nc(/C=C/c2ccc(Oc3c(-c4ccc(O)cc4)sc4cc(O)ccc34)cc2)cc(C(F)(F)F)[nH]1,1,IC50,7.66,1,CHEMBL5813161
Cc1cc(F)ccc1-c1sc2cc(O)ccc2c1Oc1ccc(/C=C/c2nnnn2C)cc1,1,IC50,7.96,1,CHEMBL5808604
Cn1nnnc1/C=C/c1ccc(Oc2c(-c3ccc(F)cc3)sc3cc(O)ccc23)cc1,1,IC50,6.65,1,CHEMBL6028244
Cn1nnnc1/C=C/c1ccc(Oc2c(-c3ccc(O)cc3)sc3cc(O)ccc23)cc1,1,IC50,7.22,1,CHEMBL4059624
Cn1nnc(/C=C/c2ccc(Oc3c(-c4ccc(O)cc4)sc4cc(O)ccc34)cc2)n1,1,IC50,7.47,1,CHEMBL4087929
Cc1cc(/C=C/C(=O)O)ccc1Oc1c(-c2ccc(O)cc2)sc2cc(O)ccc12,1,IC50,6.92,1,CHEMBL4086994
O=C(O)/C=C/c1ccc(Oc2c(-c3ccc(OC(F)(F)F)cc3)sc3cc(O)ccc23)cc1,1,IC50,7.52,1,CHEMBL6003032
O=C(O)/C=C/c1ccc(Oc2c(-c3ccccc3)sc3cc(O)ccc23)cc1,1,IC50,7.58,1,CHEMBL4086258
Cc1cc(-c2sc3cc(O)ccc3c2Oc2ccc(/C=C/C(=O)O)cc2)ccc1O,1,IC50,7.75,1,CHEMBL4067493
CNC(=O)/C=C/c1ccc(Oc2c(-c3ccc(C(F)(F)F)cc3)sc3cc(O)ccc23)cc1,1,IC50,8.05,2,CHEMBL5836066
CNC(=O)/C=C/c1ccc(Oc2c(-c3ccc(O)cc3)sc3cc(O)ccc23)cc1,1,IC50,7.24,1,CHEMBL4080411
CNC(=O)/C=C/c1ccc(Oc2c(-c3ccc(F)cc3)sc3cc(O)ccc23)cc1,1,IC50,6.46,1,CHEMBL5933986
CNC(=O)/C=C/c1ccc(Oc2c(-c3ccc(O)c(C)c3)sc3cc(O)ccc23)cc1,1,IC50,6.79,1,CHEMBL5764324
CNC(=O)/C=C/c1ccc(Oc2c(-c3ccc(O)c(F)c3)sc3cc(O)ccc23)cc1,1,IC50,7.62,1,CHEMBL5881304
Oc1ccc(-c2sc3cc(O)ccc3c2Oc2ccc(/C=C/c3c[nH]cn3)cc2)cc1,1,IC50,7.96,1,CHEMBL4068267
Cn1cnc(/C=C/c2ccc(Oc3c(-c4ccc(O)cc4)sc4cc(O)ccc34)cc2)c1,1,IC50,7.77,1,CHEMBL4087507
CCCn1cnc(/C=C/c2ccc(Oc3c(-c4ccc(O)cc4)sc4cc(O)ccc34)cc2)c1,1,IC50,8.0,1,CHEMBL5856927
Cc1cc(F)ccc1-c1sc2cc(O)ccc2c1Oc1ccc(/C=C/c2nnc(C3CC3)o2)cc1,1,IC50,7.33,1,CHEMBL5932829
CN(C)Cc1ccccc1-c1sc2cc(O)ccc2c1Oc1ccc(/C=C/C(=O)O)cc1,1,IC50,8.85,1,CHEMBL6063284
O=C(O)/C=C/c1ccc(Oc2c(-c3ccccc3C(F)F)sc3cc(O)ccc23)cc1,1,IC50,8.38,1,CHEMBL4091898
COCc1ccccc1-c1sc2cc(O)ccc2c1Oc1ccc(/C=C/C(=O)O)cc1,1,IC50,8.52,1,CHEMBL4064146
CCC(C)c1ccccc1-c1sc2cc(O)ccc2c1Oc1ccc(/C=C/C(=O)O)cc1,1,IC50,9.7,1,CHEMBL6008975
O=C(O)/C=C/c1ccc(Oc2c(-c3ccccc3C3CCCC3)sc3cc(O)ccc23)cc1,1,IC50,9.4,1,CHEMBL5917095
O=C(O)/C=C/c1ccc(Oc2c(-c3ccc(F)cc3CC(F)(F)F)sc3cc(O)ccc23)cc1,1,IC50,9.7,1,CHEMBL5826803
O=C(O)/C=C/c1ccc(Oc2c(-c3ccccc3C3CCC3)sc3cc(O)ccc23)cc1,1,IC50,9.3,1,CHEMBL5897193
O=C(O)/C=C/c1ccc(Oc2c(-c3cccc(F)c3C(F)(F)F)sc3cc(O)ccc23)cc1,1,IC50,8.92,1,CHEMBL6061211
CC(C)c1ccccc1-c1sc2cc(O)ccc2c1Oc1ccc(CCC(=O)O)cc1,1,IC50,8.8,1,CHEMBL6018944
O=C(O)/C=C/c1ccc(Oc2c(-c3cc(F)ccc3C(F)(F)F)sc3cc(O)ccc23)cc1,1,IC50,8.74,1,CHEMBL5998015
Cn1nnc(Cc2ccccc2-c2sc3cc(O)ccc3c2Oc2ccc(/C=C/C(=O)O)cc2)n1,1,IC50,8.77,1,CHEMBL5907890
O=C(O)/C=C/c1ccc(Oc2c(-c3ccccc3CN3CCC3)sc3cc(O)ccc23)cc1,1,IC50,7.6,1,CHEMBL6056309
CC(C)c1cccc(-c2sc3cc(O)ccc3c2Oc2ccc(/C=C/C(=O)O)cc2)c1,1,IC50,8.18,1,CHEMBL5954795
Cc1ncccc1-c1sc2cc(O)ccc2c1Oc1ccc(/C=C/C(=O)O)cc1,1,IC50,8.27,1,CHEMBL4091321
CC(C)c1ccccc1-c1sc2c(F)c(O)ccc2c1Oc1ccc(/C=C/C(=O)O)cc1,1,IC50,9.7,1,CHEMBL5761069
Cc1nnc(/C=C/c2ccc(Oc3c(-c4ccccc4C(C)C)sc4cc(O)ccc34)cc2)o1,1,IC50,9.22,1,CHEMBL5879159
CCCc1nnc(/C=C/c2ccc(Oc3c(-c4ccccc4C(C)C)sc4cc(O)ccc34)cc2)o1,1,IC50,8.48,1,CHEMBL5798074
Cc1nnc(/C=C/c2ccc(Oc3c(-c4ccccc4C(C)C)sc4cc(O)ccc34)cc2)[nH]1,1,IC50,8.96,1,CHEMBL5900223
Cc1cc(F)ccc1-c1sc2cc(O)ccc2c1Oc1ccc(/C=C/c2nnc(C)n2C)cc1,1,IC50,8.39,1,CHEMBL5769641
CCCc1nnc(/C=C/c2ccc(Oc3c(-c4ccccc4C(C)C)sc4cc(O)ccc34)cc2)[nH]1,1,IC50,8.4,1,CHEMBL5928327
O=C(O)/C=C/c1ccc(Oc2c(-c3cc(F)ccc3CC(F)(F)F)sc3cc(O)ccc23)cc1,1,IC50,9.7,1,CHEMBL5850155
O=C(O)/C=C/c1ccc(Oc2c(-c3ccccc3CC(F)(F)F)sc3cc(O)ccc23)cc1,1,IC50,9.7,1,CHEMBL5823863
CC(C)c1cc(F)ccc1-c1sc2cc(O)ccc2c1Oc1ccc(/C=C/C(=O)O)cc1,1,IC50,9.3,1,CHEMBL5829098
CC(F)c1ccccc1-c1sc2cc(O)ccc2c1Oc1ccc(/C=C/C(=O)O)cc1,1,IC50,9.52,1,CHEMBL4091432
O=C(O)/C=C/c1ccc(Oc2c(-c3ccccc3OC(F)(F)F)sc3cc(O)ccc23)cc1,1,IC50,9.22,1,CHEMBL5968585
CC/C(=C\c1ccc(Oc2c(-c3ccccc3C(C)C)sc3cc(O)ccc23)cc1)C(=O)O,1,IC50,8.66,1,CHEMBL5834290
CC/C(=C\c1ccc(Oc2c(-c3ccc(O)cc3)sc3cc(O)ccc23)cc1)C(=O)O,1,IC50,8.19,1,CHEMBL4094916
CC(C)c1ncoc1-c1sc2cc(O)ccc2c1Oc1ccc(/C=C/C(=O)O)cc1,1,IC50,8.28,1,CHEMBL6014766
C[C@@H](O)c1ccccc1-c1sc2cc(O)ccc2c1Oc1ccc(/C=C/C(=O)O)cc1,1,IC50,7.92,1,CHEMBL5988661
CC(C)c1ccccc1-c1sc2cc(O)ccc2c1Nc1ccc(/C=C/C(=O)O)cc1,1,IC50,8.55,1,CHEMBL5861764
CC(C)c1ccccc1-c1sc2cc(O)ccc2c1N(C)c1ccc(/C=C/C(=O)O)cc1,1,IC50,8.21,1,CHEMBL5983919
CC(F)(F)c1ccccc1-c1sc2cc(O)ccc2c1Oc1ccc(/C=C/C(=O)O)cc1,1,IC50,9.7,1,CHEMBL4069711
O=C(O)/C=C/c1ccc(Oc2c(-c3ccccc3C3COC3)sc3cc(O)ccc23)cc1,1,IC50,8.96,1,CHEMBL5855646
Cc1cccc(C(C)C)c1-c1sc2cc(O)ccc2c1Oc1ccc(/C=C/C(=O)O)cc1,1,IC50,8.85,1,CHEMBL6020964
O=C(O)/C=C/c1ccc(Oc2c(-c3ccccc3C3CC3)sc3cc(O)ccc23)cc1,1,IC50,8.38,1,CHEMBL5954364
CCc1cccc(CC)c1-c1sc2cc(O)ccc2c1Oc1ccc(/C=C/C(=O)O)cc1,1,IC50,8.29,1,CHEMBL5895577
COc1ccc(-c2sc3cc(O)ccc3c2Oc2ccc(/C=C/C(=O)O)cc2)c(C(C)C)c1,1,IC50,6.39,1,CHEMBL5912009
Oc1ccc2c(c1)OC[C@H](c1ccc(F)cc1F)[C@@H]2c1ccc(OCCN2CC(CF)C2)cc1,1,IC50,8.89,1,CHEMBL6134580
Oc1ccc2c(c1)OC[C@H](c1ccc(F)cc1F)[C@@H]2c1ccc(OCCN2CC(CF)C2)c(F)c1,1,IC50,8.85,1,CHEMBL6145424
Oc1ccc2c(c1)OC[C@H](c1ccc(F)cc1F)[C@@H]2c1ccc(OCCN2CC(CF)C2)cc1F,1,IC50,8.8,1,CHEMBL6152584
Oc1ccc2c(c1)OC[C@H](c1ccc(F)cc1F)[C@@H]2c1cc(F)c(OCCN2CC(CF)C2)c(F)c1,1,IC50,8.64,1,CHEMBL6144266
Oc1ccc2c(c1)OC[C@H](c1ccc(F)cc1F)[C@@H]2c1ccc(OCCN2CC(CF)C2)nc1,1,IC50,8.4,1,CHEMBL6103285
Oc1ccc2c(c1)OC[C@H](c1cc(F)cc(F)c1)[C@@H]2c1ccc(OCCN2CC(CF)C2)cc1,1,IC50,8.92,1,CHEMBL6133144
Oc1ccc2c(c1)OC[C@H](c1ccc(F)c(F)c1)[C@@H]2c1ccc(OCCN2CC(CF)C2)cc1,1,IC50,8.77,1,CHEMBL6143793
Oc1ccc2c(c1)OC[C@H](c1cccc(F)c1F)[C@@H]2c1ccc(OCCN2CC(CF)C2)cc1,1,IC50,9.19,1,CHEMBL6132844
COc1cc(F)ccc1[C@H]1COc2cc(O)ccc2[C@H]1c1ccc(OCCN2CC(CF)C2)cc1,1,IC50,9.07,1,CHEMBL6103184
Cc1cc(F)ccc1[C@H]1COc2cc(O)ccc2[C@H]1c1ccc(OCCN2CC(CF)C2)cc1,1,IC50,9.05,1,CHEMBL6167245
N#Cc1cc(F)ccc1[C@H]1COc2cc(O)ccc2[C@H]1c1ccc(OCCN2CC(CF)C2)cc1,1,IC50,8.34,1,CHEMBL6163022
COc1ccc([C@H]2COc3cc(O)ccc3[C@H]2c2ccc(OCCN3CC(CF)C3)cc2)c(F)c1,1,IC50,9.39,1,CHEMBL6101998
Oc1ccc2c(c1)OC[C@H](c1ccc(OC(F)(F)F)cc1F)[C@@H]2c1ccc(OCCN2CC(CF)C2)cc1,1,IC50,8.59,1,CHEMBL6144327
Oc1ccc2c(c1)OC[C@H](c1ccc(C(F)(F)F)cc1F)[C@@H]2c1ccc(OCCN2CC(CF)C2)cc1,1,IC50,8.77,1,CHEMBL6120851
Oc1ccc2c(c1)OC[C@H](c1ccc(Cl)cc1F)[C@@H]2c1ccc(OCCN2CC(CF)C2)cc1,1,IC50,8.96,1,CHEMBL6143405
Oc1ccc2c(c1)OC[C@H](c1cc(F)c(F)cc1F)[C@@H]2c1ccc(OCCN2CC(CF)C2)cc1,1,IC50,8.74,1,CHEMBL6143590
COc1ccc([C@H]2COc3cc(O)ccc3[C@H]2c2ccc(OCCN3CC(CF)C3)cc2)cn1,1,IC50,8.89,1,CHEMBL6147594
Oc1ccc2c(c1)OC[C@H](C1CCOCC1)[C@@H]2c1ccc(OCCN2CC(CF)C2)cc1,1,IC50,8.89,1,CHEMBL6102729
COc1cc(F)ccc1[C@H]1CSc2cc(O)ccc2[C@H]1c1ccc(OCCN2CC(CF)C2)cc1,1,IC50,9.25,2,CHEMBL6103488
Oc1ccc2c(c1)SC[C@H](c1ccc(F)cc1F)[C@@H]2c1ccc(OCCN2CC(CF)C2)cc1,1,IC50,9.0,1,CHEMBL6102667
Cc1cc(F)ccc1[C@H]1CSc2cc(O)ccc2[C@H]1c1ccc(OCCN2CC(CF)C2)cc1,1,IC50,9.15,1,CHEMBL6150701
COc1ccc([C@H]2CSc3cc(O)ccc3[C@H]2c2ccc(OCCN3CC(CF)C3)cc2)c(F)c1,1,IC50,9.3,1,CHEMBL6134671
Oc1ccc2c(c1)SC[C@H](c1cc(F)c(F)cc1F)[C@@H]2c1ccc(OCCN2CC(CF)C2)cc1,1,IC50,9.29,2,CHEMBL6109020
COc1cc(F)ccc1[C@H]1CSc2cc(O)ccc2[C@H]1c1ccc(OCCN2CC(CF)C2)c(F)c1,1,IC50,9.05,1,CHEMBL6132983
COc1cc(F)ccc1[C@H]1CSc2cc(O)ccc2[C@H]1c1ccc(NC2CN(CCCF)C2)cc1,1,IC50,9.05,1,CHEMBL6147018
COc1cc(F)ccc1[C@H]1CS(=O)(=O)c2cc(O)ccc2[C@H]1c1ccc(OCCN2CC(CF)C2)cc1,1,IC50,8.31,1,CHEMBL6168698
C[C@@H]1Cc2c(ccc3[nH]ncc23)[C@@H](c2ccc(NC3CN(CCCF)C3)cn2)N1CC(F)(F)F,1,IC50,9.08,1,CHEMBL4650365
CC1=C(c2cc(F)cc(F)c2)[C@H](c2ccc(/C=C/CN3CC(CF)C3)cc2)Oc2cc(O)ccc21,1,IC50,9.52,1,CHEMBL5095057
CC1=C(c2cc(F)cc(F)c2)[C@@H](c2ccc(/C=C/CN3CC(CF)C3)cc2)Oc2cc(O)ccc21,1,IC50,7.99,1,CHEMBL6168127
CN(C)CCSSCCN(C)C(=O)C(C)(C)Oc1ccc(Cl)cc1,0,IC50,4.4,1,CHEMBL6102654
CN(C)CCSSCCNC(=O)C1CCN(C(=O)C(C)(C)Oc2ccc(Cl)cc2)CC1,0,IC50,4.72,1,CHEMBL6102791
COc1ccc2cc([C@H](C)C(=O)N3CCC(C(=O)NCCSSCCN(C)C)CC3)ccc2c1,0,IC50,4.62,1,CHEMBL6162320
CN(C)CCSSCCC(=O)N1CCC(O)(c2cccc(C(F)(F)F)c2)CC1,0,IC50,4.11,1,CHEMBL6078506
O=C(C1=C(O)C(=O)N(c2ccc(O)c(C(=O)O)c2)C1c1ccc([N+](=O)[O-])cc1)c1ccccc1,0,IC50,4.1,1,CHEMBL4243517
O=C1c2[nH]nc(-c3ccc(Br)cc3)c2C(c2ccc([N+](=O)[O-])cc2)N1c1cccc(-c2nnn[nH]2)c1,0,IC50,4.48,1,CHEMBL6166664
C=CCc1ccc(OC(=O)CCC)c(-c2ccc(O)c(CC=C)c2)c1,1,IC50,6.42,1,CHEMBL6162124
C=CCc1ccc(O)c(-c2ccc(OC(=O)CCC)c(CC=C)c2)c1,1,IC50,8.0,1,CHEMBL6171637
